season,date,away,home,away_score,home_score,neutral,periods_away,periods_home,ml_open_away,ml_open_home,ml_close_away,ml_close_home,spread_close_home,total_close,source,espn_id,away_abbr,home_abbr,season_type
2022-23,2022-10-07,San Jose Sharks,Nashville Predators,1.0,4.0,True,1|0|0,1|2|1,,,250.0,-115.0,-1.5,5.5,espn,401458590,SJ,NSH,regular
2022-23,2022-10-08,Nashville Predators,San Jose Sharks,3.0,2.0,True,0|3|0,1|1|0,,,-170.0,150.0,,5.5,espn,401458591,NSH,SJ,regular
2022-23,2022-10-11,Tampa Bay Lightning,New York Rangers,1.0,3.0,False,0|1|0,0|1|2,,,180.0,110.0,-1.5,5.5,espn,401458593,TB,NYR,regular
2022-23,2022-10-11,Vegas Golden Knights,Los Angeles Kings,4.0,3.0,False,0|1|3,1|0|2,,,140.0,138.0,-1.5,6.5,espn,401458592,VGK,LA,regular
2022-23,2022-10-12,Columbus Blue Jackets,Carolina Hurricanes,1.0,4.0,False,0|1|0,0|2|2,,,350.0,-175.0,-1.5,6.5,espn,401458595,CBJ,CAR,regular
2022-23,2022-10-12,Toronto Maple Leafs,Montreal Canadiens,3.0,4.0,False,1|1|1,0|2|2,,,-163.0,300.0,,6.5,espn,401458598,TOR,MTL,regular
2022-23,2022-10-12,Boston Bruins,Washington Capitals,5.0,2.0,False,2|1|2,0|2|0,,,175.0,110.0,-1.5,6.5,espn,401458599,BOS,WSH,regular
2022-23,2022-10-12,Chicago Blackhawks,Colorado Avalanche,2.0,5.0,False,1|0|1,2|2|1,,,450.0,-250.0,-1.5,6.5,espn,401458596,CHI,COL,regular
2022-23,2022-10-12,Seattle Kraken,Anaheim Ducks,4.0,5.0,False,1|2|1|0,1|1|2|1,,,150.0,130.0,-1.5,5.5,espn,401458594,SEA,ANA,regular
2022-23,2022-10-12,Vancouver Canucks,Edmonton Oilers,3.0,5.0,False,2|1|0,0|3|2,,,230.0,-120.0,-1.5,6.5,espn,401458597,VAN,EDM,regular
2022-23,2022-10-13,Ottawa Senators,Buffalo Sabres,1.0,4.0,False,1|0|0,0|2|2,,,130.0,150.0,,6.5,espn,401458600,OTT,BUF,regular
2022-23,2022-10-13,New Jersey Devils,Philadelphia Flyers,2.0,5.0,False,1|0|1,1|2|2,,,125.0,163.0,,5.5,espn,401458606,NJ,PHI,regular
2022-23,2022-10-13,Arizona Coyotes,Pittsburgh Penguins,2.0,6.0,False,0|1|1,3|1|2,,,450.0,-250.0,-1.5,6.5,espn,401458607,ARI,PIT,regular
2022-23,2022-10-13,Florida Panthers,New York Islanders,3.0,1.0,False,0|1|2,0|0|1,,,110.0,180.0,,6.5,espn,401458604,FLA,NYI,regular
2022-23,2022-10-13,Washington Capitals,Toronto Maple Leafs,2.0,3.0,False,2|0|0,1|1|1,,,260.0,-138.0,-1.5,6.5,espn,401458608,WSH,TOR,regular
2022-23,2022-10-13,New York Rangers,Minnesota Wild,7.0,3.0,False,3|1|3,0|1|2,,,160.0,130.0,-1.5,5.5,espn,401458603,NYR,MIN,regular
2022-23,2022-10-13,Dallas Stars,Nashville Predators,4.0,1.0,False,2|1|1,0|0|1,,,180.0,110.0,-1.5,5.5,espn,401458605,DAL,NSH,regular
2022-23,2022-10-13,Colorado Avalanche,Calgary Flames,3.0,5.0,False,1|0|2,1|2|2,,,170.0,110.0,-1.5,6.5,espn,401458601,COL,CGY,regular
2022-23,2022-10-13,Chicago Blackhawks,Vegas Golden Knights,0.0,1.0,False,0|0|0,0|1|0,,,400.0,-225.0,-1.5,6.5,espn,401458609,CHI,VGK,regular
2022-23,2022-10-13,Seattle Kraken,Los Angeles Kings,4.0,1.0,False,1|2|1,1|0|0,,,200.0,-110.0,-1.5,6.5,espn,401458602,SEA,LA,regular
2022-23,2022-10-14,Tampa Bay Lightning,Columbus Blue Jackets,5.0,2.0,False,3|1|1,2|0|0,,,-120.0,250.0,,6.5,espn,401458610,TB,CBJ,regular
2022-23,2022-10-14,Montreal Canadiens,Detroit Red Wings,0.0,3.0,False,0|0|0,0|0|3,,,220.0,-110.0,-1.5,6.5,espn,401458611,MTL,DET,regular
2022-23,2022-10-14,New York Rangers,Winnipeg Jets,1.0,4.0,False,0|0|1,1|0|3,,,163.0,120.0,-1.5,6.5,espn,401458613,NYR,WPG,regular
2022-23,2022-10-14,Carolina Hurricanes,San Jose Sharks,2.0,1.0,False,0|1|1,1|0|0,,,-138.0,275.0,,6.5,espn,401458612,CAR,SJ,regular
2022-23,2022-10-15,Florida Panthers,Buffalo Sabres,4.0,3.0,False,2|2|0,2|1|0,,,-120.0,230.0,,7.5,espn,401458615,FLA,BUF,regular
2022-23,2022-10-15,Vancouver Canucks,Philadelphia Flyers,2.0,3.0,False,2|0|0,0|2|1,,,100.0,200.0,,6.5,espn,401458621,VAN,PHI,regular
2022-23,2022-10-15,Arizona Coyotes,Boston Bruins,3.0,6.0,False,0|1|2,2|1|3,,,400.0,-225.0,-1.5,6.5,espn,401458614,ARI,BOS,regular
2022-23,2022-10-15,Detroit Red Wings,New Jersey Devils,5.0,2.0,False,0|4|1,1|1|0,,,210.0,-110.0,-1.5,6.5,espn,401458620,DET,NJ,regular
2022-23,2022-10-15,Tampa Bay Lightning,Pittsburgh Penguins,2.0,6.0,False,1|0|1,1|1|4,,,220.0,-110.0,-1.5,6.5,espn,401458622,TB,PIT,regular
2022-23,2022-10-15,Ottawa Senators,Toronto Maple Leafs,2.0,3.0,False,1|0|1,0|1|2,,,275.0,-150.0,-1.5,6.5,espn,401458626,OTT,TOR,regular
2022-23,2022-10-15,Montreal Canadiens,Washington Capitals,1.0,3.0,False,0|1|0,0|3|0,,,350.0,-200.0,-1.5,6.5,espn,401458627,MTL,WSH,regular
2022-23,2022-10-15,Anaheim Ducks,New York Islanders,1.0,7.0,False,0|0|1,2|3|2,,,240.0,-120.0,-1.5,5.5,espn,401458619,ANA,NYI,regular
2022-23,2022-10-15,Nashville Predators,Dallas Stars,1.0,5.0,False,0|1|0,1|2|2,,,163.0,120.0,-1.5,5.5,espn,401458616,NSH,DAL,regular
2022-23,2022-10-15,Los Angeles Kings,Minnesota Wild,7.0,6.0,False,4|2|1,2|2|2,,,220.0,-110.0,-1.5,5.5,espn,401458618,LA,MIN,regular
2022-23,2022-10-15,Columbus Blue Jackets,St. Louis Blues,2.0,5.0,False,0|2|0,1|1|3,,,300.0,-163.0,-1.5,6.5,espn,401458625,CBJ,STL,regular
2022-23,2022-10-15,Calgary Flames,Edmonton Oilers,4.0,3.0,False,4|0|0,1|2|0,,,180.0,110.0,-1.5,6.5,espn,401458617,CGY,EDM,regular
2022-23,2022-10-15,Chicago Blackhawks,San Jose Sharks,5.0,2.0,False,0|3|2,2|0|0,,,188.0,100.0,-1.5,5.5,espn,401458623,CHI,SJ,regular
2022-23,2022-10-15,Vegas Golden Knights,Seattle Kraken,5.0,2.0,False,2|3|0,0|0|2,,,110.0,170.0,,6.5,espn,401458624,VGK,SEA,regular
2022-23,2022-10-17,Florida Panthers,Boston Bruins,3.0,5.0,False,0|1|2,1|1|3,,,120.0,170.0,,6.5,espn,401458628,FLA,BOS,regular
2022-23,2022-10-17,Los Angeles Kings,Detroit Red Wings,5.0,4.0,False,2|1|1|1,1|1|2|0,,,110.0,170.0,,6.5,espn,401458630,LA,DET,regular
2022-23,2022-10-17,Pittsburgh Penguins,Montreal Canadiens,2.0,3.0,False,0|2|0|0,0|0|2|1,,,-163.0,300.0,,6.5,espn,401458632,PIT,MTL,regular
2022-23,2022-10-17,Anaheim Ducks,New York Rangers,4.0,6.0,False,1|1|2,2|3|1,,,320.0,-163.0,-1.5,5.5,espn,401458633,ANA,NYR,regular
2022-23,2022-10-17,Arizona Coyotes,Toronto Maple Leafs,4.0,2.0,False,1|1|2,0|0|2,,,550.0,-300.0,,6.5,espn,401458635,ARI,TOR,regular
2022-23,2022-10-17,Vancouver Canucks,Washington Capitals,4.0,6.0,False,1|3|0,1|1|4,,,170.0,110.0,-1.5,6.5,espn,401458636,VAN,WSH,regular
2022-23,2022-10-17,Colorado Avalanche,Minnesota Wild,6.0,3.0,False,2|1|3,1|1|1,,,130.0,150.0,,6.5,espn,401458631,COL,MIN,regular
2022-23,2022-10-17,Winnipeg Jets,Dallas Stars,1.0,4.0,False,1|0|0,1|2|1,,,188.0,110.0,-1.5,6.5,espn,401458629,WPG,DAL,regular
2022-23,2022-10-17,Carolina Hurricanes,Seattle Kraken,5.0,1.0,False,1|3|1,0|1|0,,,-110.0,220.0,,6.5,espn,401458634,CAR,SEA,regular
2022-23,2022-10-18,Vancouver Canucks,Columbus Blue Jackets,3.0,4.0,False,2|0|1|0,0|1|2|1,,,140.0,140.0,-1.5,6.5,espn,401458638,VAN,CBJ,regular
2022-23,2022-10-18,Anaheim Ducks,New Jersey Devils,2.0,4.0,False,2|0|0,0|2|2,,,240.0,-120.0,-1.5,6.5,espn,401458642,ANA,NJ,regular
2022-23,2022-10-18,Boston Bruins,Ottawa Senators,5.0,7.0,False,1|4|0,3|3|1,,,160.0,125.0,-1.5,6.5,espn,401458643,BOS,OTT,regular
2022-23,2022-10-18,Philadelphia Flyers,Tampa Bay Lightning,3.0,2.0,False,0|1|2,0|2|0,,,350.0,-200.0,-1.5,6.5,espn,401458644,PHI,TB,regular
2022-23,2022-10-18,San Jose Sharks,New York Islanders,2.0,5.0,False,1|1|0,0|3|2,,,260.0,-125.0,-1.5,5.5,espn,401458640,SJ,NYI,regular
2022-23,2022-10-18,Vegas Golden Knights,Calgary Flames,2.0,3.0,False,2|0|0,0|2|1,,,200.0,100.0,-1.5,6.5,espn,401458637,VGK,CGY,regular
2022-23,2022-10-18,Buffalo Sabres,Edmonton Oilers,4.0,2.0,False,1|2|1,1|0|1,,,275.0,-150.0,-1.5,6.5,espn,401458639,BUF,EDM,regular
2022-23,2022-10-18,Los Angeles Kings,Nashville Predators,4.0,3.0,False,0|1|2|0|1,1|2|0|0|0,,,200.0,-110.0,-1.5,5.5,espn,401458641,LA,NSH,regular
2022-23,2022-10-19,Philadelphia Flyers,Florida Panthers,3.0,4.0,False,1|1|1,2|0|2,,,400.0,-225.0,-1.5,6.5,espn,401458646,PHI,FLA,regular
2022-23,2022-10-19,Winnipeg Jets,Colorado Avalanche,4.0,3.0,False,2|1|0|1,0|3|0|0,,,275.0,-138.0,-1.5,6.5,espn,401458645,WPG,COL,regular
2022-23,2022-10-19,St. Louis Blues,Seattle Kraken,4.0,3.0,False,3|0|0|1,1|2|0|0,,,110.0,180.0,,5.5,espn,401458647,STL,SEA,regular
2022-23,2022-10-20,Anaheim Ducks,Boston Bruins,1.0,2.0,False,0|1|0|0|0,0|1|0|0|1,,,275.0,-138.0,-1.5,6.5,espn,401458648,ANA,BOS,regular
2022-23,2022-10-20,Nashville Predators,Columbus Blue Jackets,3.0,5.0,False,2|1|0,0|1|4,,,110.0,175.0,,6.5,espn,401458650,NSH,CBJ,regular
2022-23,2022-10-20,Arizona Coyotes,Montreal Canadiens,2.0,6.0,False,0|0|2,3|2|1,,,220.0,-110.0,-1.5,6.5,espn,401458653,ARI,MTL,regular
2022-23,2022-10-20,San Jose Sharks,New York Rangers,3.0,2.0,False,1|1|0|1,0|2|0|0,,,350.0,-188.0,-1.5,6.5,espn,401458655,SJ,NYR,regular
2022-23,2022-10-20,Washington Capitals,Ottawa Senators,2.0,5.0,False,2|0|0,0|2|3,,,140.0,138.0,-1.5,6.5,espn,401458656,WSH,OTT,regular
2022-23,2022-10-20,Los Angeles Kings,Pittsburgh Penguins,1.0,6.0,False,0|0|1,3|1|2,,,230.0,-120.0,-1.5,6.5,espn,401458657,LA,PIT,regular
2022-23,2022-10-20,Dallas Stars,Toronto Maple Leafs,2.0,3.0,False,1|0|1|0,0|1|1|1,,,240.0,-120.0,-1.5,6.5,espn,401458658,DAL,TOR,regular
2022-23,2022-10-20,New Jersey Devils,New York Islanders,4.0,1.0,False,0|2|2,0|0|1,,,188.0,100.0,-1.5,6.5,espn,401458654,NJ,NYI,regular
2022-23,2022-10-20,Vancouver Canucks,Minnesota Wild,3.0,4.0,False,2|1|0|0,2|0|1|1,,,210.0,-120.0,-1.5,6.5,espn,401458652,VAN,MIN,regular
2022-23,2022-10-20,Carolina Hurricanes,Edmonton Oilers,4.0,6.0,False,0|2|2,1|2|3,,,140.0,130.0,-1.5,6.5,espn,401458651,CAR,EDM,regular
2022-23,2022-10-20,Buffalo Sabres,Calgary Flames,6.0,3.0,False,3|1|2,1|1|1,,,333.0,-175.0,-1.5,6.5,espn,401458649,BUF,CGY,regular
2022-23,2022-10-20,Winnipeg Jets,Vegas Golden Knights,2.0,5.0,False,0|1|1,4|0|1,,,275.0,-150.0,-1.5,6.5,espn,401458659,WPG,VGK,regular
2022-23,2022-10-21,Tampa Bay Lightning,Florida Panthers,3.0,2.0,False,1|0|1|1,1|1|0|0,,,140.0,130.0,-1.5,6.5,espn,401458662,TB,FLA,regular
2022-23,2022-10-21,Detroit Red Wings,Chicago Blackhawks,3.0,4.0,False,2|1|0|0,0|1|2|1,,,125.0,160.0,,6.5,espn,401458660,DET,CHI,regular
2022-23,2022-10-21,Seattle Kraken,Colorado Avalanche,3.0,2.0,False,0|2|1,0|1|1,,,275.0,-150.0,-1.5,6.5,espn,401458661,SEA,COL,regular
2022-23,2022-10-22,Minnesota Wild,Boston Bruins,3.0,4.0,False,1|1|1|0,2|1|0|1,,,140.0,138.0,-1.5,6.5,espn,401458663,MIN,BOS,regular
2022-23,2022-10-22,San Jose Sharks,New Jersey Devils,1.0,2.0,False,0|1|0,0|2|0,,,240.0,-120.0,-1.5,6.5,espn,401458669,SJ,NJ,regular
2022-23,2022-10-22,St. Louis Blues,Edmonton Oilers,2.0,0.0,False,1|0|1,0|0|0,,,188.0,100.0,-1.5,6.5,espn,401458666,STL,EDM,regular
2022-23,2022-10-22,Arizona Coyotes,Ottawa Senators,2.0,6.0,False,0|2|0,2|1|3,,,320.0,-163.0,-1.5,6.5,espn,401458670,ARI,OTT,regular
2022-23,2022-10-22,Pittsburgh Penguins,Columbus Blue Jackets,6.0,3.0,False,0|3|3,2|1|0,,,100.0,200.0,,6.5,espn,401458665,PIT,CBJ,regular
2022-23,2022-10-22,Dallas Stars,Montreal Canadiens,5.0,2.0,False,1|3|1,1|1|0,,,-110.0,220.0,,5.5,espn,401458667,DAL,MTL,regular
2022-23,2022-10-22,New York Islanders,Tampa Bay Lightning,3.0,5.0,False,1|1|1,2|2|1,,,170.0,110.0,-1.5,6.5,espn,401458671,NYI,TB,regular
2022-23,2022-10-22,Los Angeles Kings,Washington Capitals,3.0,4.0,False,0|2|1,0|0|4,,,175.0,110.0,-1.5,6.5,espn,401458674,LA,WSH,regular
2022-23,2022-10-22,Toronto Maple Leafs,Winnipeg Jets,4.0,1.0,False,1|2|1,1|0|0,,,-110.0,210.0,,6.5,espn,401458675,TOR,WPG,regular
2022-23,2022-10-22,Philadelphia Flyers,Nashville Predators,3.0,1.0,False,2|0|1,0|0|1,,,275.0,-138.0,-1.5,6.5,espn,401458668,PHI,NSH,regular
2022-23,2022-10-22,Carolina Hurricanes,Calgary Flames,2.0,3.0,False,2|0|0|0,1|1|0|1,,,180.0,110.0,-1.5,6.5,espn,401458664,CAR,CGY,regular
2022-23,2022-10-22,Buffalo Sabres,Vancouver Canucks,5.0,1.0,False,2|0|3,0|1|0,,,210.0,-110.0,-1.5,6.5,espn,401458672,BUF,VAN,regular
2022-23,2022-10-22,Colorado Avalanche,Vegas Golden Knights,3.0,2.0,False,1|1|1,1|0|1,,,163.0,120.0,-1.5,6.5,espn,401458673,COL,VGK,regular
2022-23,2022-10-23,Seattle Kraken,Chicago Blackhawks,4.0,5.0,False,2|2|0,2|1|2,,,110.0,180.0,,5.5,espn,401458676,SEA,CHI,regular
2022-23,2022-10-23,Anaheim Ducks,Detroit Red Wings,1.0,5.0,False,1|0|0,2|1|2,,,180.0,110.0,-1.5,6.5,espn,401458677,ANA,DET,regular
2022-23,2022-10-23,New York Islanders,Florida Panthers,2.0,3.0,False,0|1|1,2|0|1,,,275.0,-138.0,-1.5,6.5,espn,401458678,NYI,FLA,regular
2022-23,2022-10-23,Columbus Blue Jackets,New York Rangers,5.0,1.0,False,1|2|2,0|1|0,,,350.0,-188.0,-1.5,6.5,espn,401458679,CBJ,NYR,regular
2022-23,2022-10-23,San Jose Sharks,Philadelphia Flyers,3.0,0.0,False,0|2|1,0|0|0,,,170.0,120.0,-1.5,5.5,espn,401458680,SJ,PHI,regular
2022-23,2022-10-24,Washington Capitals,New Jersey Devils,6.0,3.0,False,1|4|1,1|0|2,,,163.0,120.0,-1.5,6.5,espn,401458682,WSH,NJ,regular
2022-23,2022-10-24,Dallas Stars,Ottawa Senators,2.0,4.0,False,1|0|1,0|1|3,,,140.0,140.0,-1.5,6.5,espn,401458683,DAL,OTT,regular
2022-23,2022-10-24,Pittsburgh Penguins,Edmonton Oilers,3.0,6.0,False,2|1|0,1|4|1,,,170.0,110.0,-1.5,6.5,espn,401458681,PIT,EDM,regular
2022-23,2022-10-24,St. Louis Blues,Winnipeg Jets,0.0,4.0,False,0|0|0,0|1|3,,,140.0,140.0,-1.5,6.5,espn,401458686,STL,WPG,regular
2022-23,2022-10-24,Toronto Maple Leafs,Vegas Golden Knights,1.0,3.0,False,0|1|0,1|0|2,,,130.0,140.0,,6.5,espn,401458685,TOR,VGK,regular
2022-23,2022-10-24,Carolina Hurricanes,Vancouver Canucks,3.0,2.0,False,1|0|2,1|0|1,,,100.0,200.0,,6.5,espn,401458684,CAR,VAN,regular
2022-23,2022-10-25,Dallas Stars,Boston Bruins,1.0,3.0,False,0|1|0,1|1|1,,,225.0,-110.0,-1.5,5.5,espn,401458687,DAL,BOS,regular
2022-23,2022-10-25,Arizona Coyotes,Columbus Blue Jackets,6.0,3.0,False,2|2|2,0|0|3,,,275.0,-150.0,-1.5,6.5,espn,401458690,ARI,CBJ,regular
2022-23,2022-10-25,New Jersey Devils,Detroit Red Wings,6.0,2.0,False,2|2|2,1|0|1,,,140.0,130.0,-1.5,6.5,espn,401458691,NJ,DET,regular
2022-23,2022-10-25,Minnesota Wild,Montreal Canadiens,3.0,1.0,False,1|1|1,0|1|0,,,-138.0,260.0,,6.5,espn,401458693,MIN,MTL,regular
2022-23,2022-10-25,Colorado Avalanche,New York Rangers,3.0,2.0,False,1|0|1|0|1,0|1|1|0|0,,,140.0,140.0,-1.5,6.5,espn,401458694,COL,NYR,regular
2022-23,2022-10-25,Florida Panthers,Chicago Blackhawks,2.0,4.0,False,0|0|2,2|1|1,,,-150.0,275.0,,6.5,espn,401458689,FLA,CHI,regular
2022-23,2022-10-25,Pittsburgh Penguins,Calgary Flames,1.0,4.0,False,0|1|0,2|2|0,,,230.0,-120.0,-1.5,6.5,espn,401458688,PIT,CGY,regular
2022-23,2022-10-25,Buffalo Sabres,Seattle Kraken,1.0,5.0,False,0|1|0,2|2|1,,,170.0,110.0,-1.5,6.5,espn,401458696,BUF,SEA,regular
2022-23,2022-10-25,Tampa Bay Lightning,Los Angeles Kings,2.0,4.0,False,1|0|1,1|2|1,,,125.0,160.0,,6.5,espn,401458692,TB,LA,regular
2022-23,2022-10-25,Vegas Golden Knights,San Jose Sharks,4.0,2.0,False,1|0|3,0|2|0,,,100.0,200.0,,6.5,espn,401458695,VGK,SJ,regular
2022-23,2022-10-26,New York Rangers,New York Islanders,0.0,3.0,False,0|0|0,0|1|2,,,180.0,110.0,-1.5,5.5,espn,401458698,NYR,NYI,regular
2022-23,2022-10-26,Edmonton Oilers,St. Louis Blues,3.0,1.0,False,1|0|2,0|1|0,,,140.0,140.0,,6.5,espn,401458699,EDM,STL,regular
2022-23,2022-10-26,Tampa Bay Lightning,Anaheim Ducks,4.0,2.0,False,2|0|2,1|1|0,,,100.0,180.0,,6.5,espn,401458697,TB,ANA,regular
2022-23,2022-10-27,Detroit Red Wings,Boston Bruins,1.0,5.0,False,0|1|0,1|1|3,,,300.0,-150.0,-1.5,6.5,espn,401458700,DET,BOS,regular
2022-23,2022-10-27,Montreal Canadiens,Buffalo Sabres,3.0,2.0,False,1|0|2,0|1|1,,,240.0,-120.0,-1.5,6.5,espn,401458701,MTL,BUF,regular
2022-23,2022-10-27,Minnesota Wild,Ottawa Senators,4.0,2.0,False,2|1|1,1|0|1,,,130.0,150.0,,6.5,espn,401458706,MIN,OTT,regular
2022-23,2022-10-27,Florida Panthers,Philadelphia Flyers,3.0,4.0,False,2|0|1,2|2|0,,,-125.0,250.0,,6.5,espn,401458707,FLA,PHI,regular
2022-23,2022-10-27,St. Louis Blues,Nashville Predators,2.0,6.0,False,1|1|0,1|2|3,,,210.0,-110.0,-1.5,6.5,espn,401458705,STL,NSH,regular
2022-23,2022-10-27,Edmonton Oilers,Chicago Blackhawks,6.0,5.0,False,1|2|3,2|2|1,,,-138.0,250.0,,6.5,espn,401458702,EDM,CHI,regular
2022-23,2022-10-27,Washington Capitals,Dallas Stars,0.0,2.0,False,0|0|0,1|0|1,,,160.0,130.0,-1.5,5.5,espn,401458703,WSH,DAL,regular
2022-23,2022-10-27,Vancouver Canucks,Seattle Kraken,5.0,4.0,False,1|2|2,2|1|1,,,170.0,120.0,-1.5,6.5,espn,401458709,VAN,SEA,regular
2022-23,2022-10-27,Winnipeg Jets,Los Angeles Kings,6.0,4.0,False,2|2|2,3|0|1,,,180.0,110.0,-1.5,6.5,espn,401458704,WPG,LA,regular
2022-23,2022-10-27,Toronto Maple Leafs,San Jose Sharks,3.0,4.0,False,1|1|1|0,1|2|0|1,,,-138.0,275.0,,6.5,espn,401458708,TOR,SJ,regular
2022-23,2022-10-28,Anaheim Ducks,Vegas Golden Knights,0.0,4.0,False,0|0|0,1|3|0,,,350.0,-188.0,-1.5,6.5,espn,401458715,ANA,VGK,regular
2022-23,2022-10-28,New York Islanders,Carolina Hurricanes,6.0,2.0,False,1|2|3,0|2|0,,,230.0,-120.0,-1.5,5.5,espn,401458711,NYI,CAR,regular
2022-23,2022-10-28,Boston Bruins,Columbus Blue Jackets,4.0,0.0,False,1|3|0,0|0|0,,,100.0,200.0,,6.5,espn,401458712,BOS,CBJ,regular
2022-23,2022-10-28,Colorado Avalanche,New Jersey Devils,0.0,1.0,False,0|0|0,0|0|1,,,110.0,170.0,,6.5,espn,401458713,COL,NJ,regular
2022-23,2022-10-28,Pittsburgh Penguins,Vancouver Canucks,1.0,5.0,False,0|1|0,1|1|3,,,-125.0,250.0,,6.5,espn,401458714,PIT,VAN,regular
2022-23,2022-10-28,Winnipeg Jets,Arizona Coyotes,3.0,2.0,False,1|0|1|1,2|0|0|0,,,100.0,188.0,,6.5,espn,401458710,WPG,ARI,regular
2022-23,2022-10-29,New York Rangers,Dallas Stars,6.0,3.0,False,1|2|3,1|2|0,,,130.0,150.0,,5.5,espn,401458718,NYR,DAL,regular
2022-23,2022-10-29,Ottawa Senators,Florida Panthers,3.0,5.0,False,0|2|1,2|1|2,,,240.0,-120.0,-1.5,6.5,espn,401458720,OTT,FLA,regular
2022-23,2022-10-29,Tampa Bay Lightning,San Jose Sharks,4.0,3.0,False,2|1|1,1|1|1,,,-125.0,250.0,,5.5,espn,401458725,TB,SJ,regular
2022-23,2022-10-29,Chicago Blackhawks,Buffalo Sabres,3.0,4.0,False,1|2|0|0,1|0|2|1,,,240.0,-120.0,-1.5,6.5,espn,401458716,CHI,BUF,regular
2022-23,2022-10-29,Minnesota Wild,Detroit Red Wings,1.0,2.0,False,1|0|0,1|1|0,,,100.0,200.0,,6.5,espn,401458719,MIN,DET,regular
2022-23,2022-10-29,Toronto Maple Leafs,Los Angeles Kings,2.0,4.0,False,1|1|0,0|3|1,,,100.0,175.0,,6.5,espn,401458721,TOR,LA,regular
2022-23,2022-10-29,Carolina Hurricanes,Philadelphia Flyers,4.0,3.0,False,2|0|1|1,0|2|1|0,,,-120.0,240.0,,6.5,espn,401458724,CAR,PHI,regular
2022-23,2022-10-29,Montreal Canadiens,St. Louis Blues,7.0,4.0,False,1|3|3,1|2|1,,,275.0,-163.0,-1.5,6.5,espn,401458727,MTL,STL,regular
2022-23,2022-10-29,Colorado Avalanche,New York Islanders,4.0,5.0,False,0|3|1,0|1|4,,,100.0,188.0,,5.5,espn,401458722,COL,NYI,regular
2022-23,2022-10-29,Washington Capitals,Nashville Predators,3.0,0.0,False,0|1|2,0|0|0,,,180.0,110.0,-1.5,6.5,espn,401458723,WSH,NSH,regular
2022-23,2022-10-29,Edmonton Oilers,Calgary Flames,3.0,2.0,False,0|1|2,0|2|0,,,200.0,100.0,-1.5,6.5,espn,401458717,EDM,CGY,regular
2022-23,2022-10-29,Pittsburgh Penguins,Seattle Kraken,1.0,3.0,False,0|1|0,0|2|1,,,110.0,170.0,,6.5,espn,401458726,PIT,SEA,regular
2022-23,2022-10-30,Columbus Blue Jackets,New Jersey Devils,1.0,7.0,False,0|1|0,1|3|3,,,260.0,-138.0,-1.5,6.5,espn,401458731,CBJ,NJ,regular
2022-23,2022-10-30,Minnesota Wild,Chicago Blackhawks,4.0,3.0,False,2|0|1|0|1,1|1|1|0|0,,,-163.0,300.0,,6.5,espn,401458730,MIN,CHI,regular
2022-23,2022-10-30,Toronto Maple Leafs,Anaheim Ducks,3.0,4.0,False,2|0|1|0,1|0|2|1,,,-120.0,240.0,,6.5,espn,401458728,TOR,ANA,regular
2022-23,2022-10-30,New York Rangers,Arizona Coyotes,3.0,2.0,False,0|2|1,0|2|0,,,-150.0,300.0,,6.5,espn,401458729,NYR,ARI,regular
2022-23,2022-10-30,Winnipeg Jets,Vegas Golden Knights,1.0,2.0,False,0|0|1|0,0|0|1|1,,,260.0,-138.0,-1.5,6.5,espn,401458732,WPG,VGK,regular
2022-23,2022-10-31,Detroit Red Wings,Buffalo Sabres,3.0,8.0,False,0|2|1,1|3|4,,,188.0,-110.0,-1.5,6.5,espn,401458733,DET,BUF,regular
2022-23,2022-10-31,Washington Capitals,Carolina Hurricanes,2.0,3.0,False,0|2|0|0|0,1|1|0|0|1,,,275.0,-150.0,-1.5,6.5,espn,401458734,WSH,CAR,regular
2022-23,2022-10-31,Los Angeles Kings,St. Louis Blues,5.0,1.0,False,1|4|0,0|1|0,,,163.0,120.0,-1.5,5.5,espn,401458735,LA,STL,regular
2022-23,2022-11-01,Philadelphia Flyers,New York Rangers,0.0,1.0,False,0|0|0|0,0|0|0|1,,,350.0,-175.0,-1.5,5.5,espn,401458742,PHI,NYR,regular
2022-23,2022-11-01,Ottawa Senators,Tampa Bay Lightning,3.0,4.0,False,1|1|1,0|1|3,,,260.0,-138.0,-1.5,6.5,espn,401458745,OTT,TB,regular
2022-23,2022-11-01,Vegas Golden Knights,Washington Capitals,3.0,2.0,False,1|0|1|1,1|1|0|0,,,-120.0,230.0,,6.5,espn,401458747,VGK,WSH,regular
2022-23,2022-11-01,Montreal Canadiens,Minnesota Wild,1.0,4.0,False,0|0|1,0|3|1,,,275.0,-150.0,-1.5,6.5,espn,401458741,MTL,MIN,regular
2022-23,2022-11-01,Boston Bruins,Pittsburgh Penguins,6.0,5.0,False,2|1|2|1,1|4|0|0,,,150.0,130.0,-1.5,6.5,espn,401458743,BOS,PIT,regular
2022-23,2022-11-01,New York Islanders,Chicago Blackhawks,3.0,1.0,False,1|0|2,0|0|1,,,-125.0,240.0,,5.5,espn,401458738,NYI,CHI,regular
2022-23,2022-11-01,Los Angeles Kings,Dallas Stars,2.0,5.0,False,0|2|0,1|4|0,,,180.0,100.0,-1.5,6.5,espn,401458739,LA,DAL,regular
2022-23,2022-11-01,Seattle Kraken,Calgary Flames,5.0,4.0,False,1|1|3,0|2|2,,,275.0,-138.0,-1.5,6.5,espn,401458737,SEA,CGY,regular
2022-23,2022-11-01,Nashville Predators,Edmonton Oilers,4.0,7.0,False,1|1|2,4|1|2,,,240.0,-120.0,-1.5,6.5,espn,401458740,NSH,EDM,regular
2022-23,2022-11-01,Florida Panthers,Arizona Coyotes,1.0,3.0,False,0|1|0,0|1|2,,,-200.0,350.0,,6.5,espn,401458736,FLA,ARI,regular
2022-23,2022-11-01,New Jersey Devils,Vancouver Canucks,5.0,2.0,False,2|2|1,0|1|1,,,138.0,140.0,,6.5,espn,401458746,NJ,VAN,regular
2022-23,2022-11-01,Anaheim Ducks,San Jose Sharks,6.0,5.0,False,3|1|1|0|1,2|2|1|0|0,,,180.0,110.0,-1.5,5.5,espn,401458744,ANA,SJ,regular
2022-23,2022-11-02,Philadelphia Flyers,Toronto Maple Leafs,2.0,5.0,False,1|0|1,2|0|3,,,350.0,-200.0,-1.5,6.5,espn,401458749,PHI,TOR,regular
2022-23,2022-11-02,Pittsburgh Penguins,Buffalo Sabres,3.0,6.0,False,1|1|1,0|1|5,,,125.0,140.0,,6.5,espn,401458748,PIT,BUF,regular
2022-23,2022-11-03,Washington Capitals,Detroit Red Wings,1.0,3.0,False,0|1|0,0|1|2,,,130.0,150.0,,5.5,espn,401458753,WSH,DET,regular
2022-23,2022-11-03,Vegas Golden Knights,Ottawa Senators,5.0,4.0,False,3|2|0,1|2|1,,,100.0,188.0,,6.5,espn,401458757,VGK,OTT,regular
2022-23,2022-11-03,Carolina Hurricanes,Tampa Bay Lightning,4.0,3.0,False,1|1|1|0|1,0|3|0|0|0,,,163.0,120.0,-1.5,6.5,espn,401458760,CAR,TB,regular
2022-23,2022-11-03,Boston Bruins,New York Rangers,5.0,2.0,False,1|0|4,0|1|1,,,170.0,120.0,-1.5,6.5,espn,401458756,BOS,NYR,regular
2022-23,2022-11-03,Seattle Kraken,Minnesota Wild,4.0,0.0,False,0|3|1,0|0|0,,,210.0,-110.0,-1.5,6.5,espn,401458755,SEA,MIN,regular
2022-23,2022-11-03,New York Islanders,St. Louis Blues,5.0,2.0,False,0|4|1,1|0|1,,,140.0,140.0,-1.5,5.5,espn,401458759,NYI,STL,regular
2022-23,2022-11-03,Montreal Canadiens,Winnipeg Jets,2.0,3.0,False,1|1|0|0,1|1|0|1,,,275.0,-138.0,-1.5,6.5,espn,401458762,MTL,WPG,regular
2022-23,2022-11-03,Los Angeles Kings,Chicago Blackhawks,1.0,2.0,False,0|1|0|0,0|1|0|1,,,-120.0,230.0,,6.5,espn,401458752,LA,CHI,regular
2022-23,2022-11-03,Nashville Predators,Calgary Flames,4.0,1.0,False,1|2|1,0|0|1,,,250.0,-138.0,-1.5,6.5,espn,401458751,NSH,CGY,regular
2022-23,2022-11-03,New Jersey Devils,Edmonton Oilers,4.0,3.0,False,1|0|3,1|2|0,,,188.0,-110.0,-1.5,7.5,espn,401458754,NJ,EDM,regular
2022-23,2022-11-03,Dallas Stars,Arizona Coyotes,7.0,2.0,False,4|1|2,0|0|2,,,-150.0,300.0,,6.5,espn,401458750,DAL,ARI,regular
2022-23,2022-11-03,Anaheim Ducks,Vancouver Canucks,5.0,8.0,False,1|1|3,1|2|5,,,240.0,-120.0,-1.5,6.5,espn,401458761,ANA,VAN,regular
2022-23,2022-11-03,Florida Panthers,San Jose Sharks,4.0,3.0,False,1|1|1|0|1,0|0|3|0|0,,,-138.0,260.0,,6.5,espn,401458758,FLA,SJ,regular
2022-23,2022-11-04,Columbus Blue Jackets,Colorado Avalanche,3.0,6.0,True,0|2|1,2|1|3,,,320.0,-163.0,-1.5,6.5,espn,401458764,CBJ,COL,regular
2022-23,2022-11-04,Buffalo Sabres,Carolina Hurricanes,3.0,5.0,False,2|0|1,2|1|2,,,240.0,-125.0,-1.5,6.5,espn,401458763,BUF,CAR,regular
2022-23,2022-11-05,New York Islanders,Detroit Red Wings,0.0,3.0,False,0|0|0,0|2|1,,,120.0,170.0,,6.5,espn,401458767,NYI,DET,regular
2022-23,2022-11-05,Colorado Avalanche,Columbus Blue Jackets,5.0,1.0,True,1|3|1,1|0|0,,,-163.0,320.0,,6.5,espn,401458766,COL,CBJ,regular
2022-23,2022-11-05,Chicago Blackhawks,Winnipeg Jets,0.0,4.0,False,0|0|0,0|3|1,,,300.0,-150.0,-1.5,6.5,espn,401458778,CHI,WPG,regular
2022-23,2022-11-05,Dallas Stars,Edmonton Oilers,6.0,2.0,False,1|3|2,0|1|1,,,200.0,100.0,-1.5,6.5,espn,401458768,DAL,EDM,regular
2022-23,2022-11-05,Vegas Golden Knights,Montreal Canadiens,6.0,4.0,False,1|1|4,1|0|3,,,-125.0,250.0,,6.5,espn,401458770,VGK,MTL,regular
2022-23,2022-11-05,Philadelphia Flyers,Ottawa Senators,2.0,1.0,False,1|1|0,1|0|0,,,230.0,-120.0,-1.5,6.5,espn,401458771,PHI,OTT,regular
2022-23,2022-11-05,Seattle Kraken,Pittsburgh Penguins,3.0,2.0,False,0|1|2,0|1|1,,,250.0,-125.0,-1.5,6.5,espn,401458772,SEA,PIT,regular
2022-23,2022-11-05,Buffalo Sabres,Tampa Bay Lightning,3.0,5.0,False,1|1|1,1|1|3,,,260.0,-150.0,-1.5,6.5,espn,401458774,BUF,TB,regular
2022-23,2022-11-05,Boston Bruins,Toronto Maple Leafs,1.0,2.0,False,0|1|0,1|1|0,,,180.0,110.0,-1.5,6.5,espn,401458775,BOS,TOR,regular
2022-23,2022-11-05,Arizona Coyotes,Washington Capitals,3.0,2.0,False,0|0|3,0|1|1,,,350.0,-200.0,-1.5,6.5,espn,401458777,ARI,WSH,regular
2022-23,2022-11-05,New Jersey Devils,Calgary Flames,4.0,3.0,False,3|0|0|1,1|1|1|0,,,220.0,-110.0,-1.5,6.5,espn,401458765,NJ,CGY,regular
2022-23,2022-11-05,Nashville Predators,Vancouver Canucks,4.0,3.0,False,0|1|2|0|1,3|0|0|0|0,,,140.0,130.0,-1.5,6.5,espn,401458776,NSH,VAN,regular
2022-23,2022-11-05,Florida Panthers,Los Angeles Kings,4.0,5.0,False,1|1|2,0|3|2,,,125.0,160.0,,6.5,espn,401458769,FLA,LA,regular
2022-23,2022-11-05,Anaheim Ducks,San Jose Sharks,5.0,4.0,False,2|0|2|0|1,1|2|1|0|0,,,188.0,100.0,-1.5,6.5,espn,401458773,ANA,SJ,regular
2022-23,2022-11-06,Toronto Maple Leafs,Carolina Hurricanes,3.0,1.0,False,0|1|2,1|0|0,,,200.0,-110.0,-1.5,6.5,espn,401458780,TOR,CAR,regular
2022-23,2022-11-06,Detroit Red Wings,New York Rangers,3.0,2.0,False,0|2|0|1,2|0|0|0,,,275.0,-138.0,-1.5,6.5,espn,401458781,DET,NYR,regular
2022-23,2022-11-06,Florida Panthers,Anaheim Ducks,5.0,3.0,False,1|1|3,0|2|1,,,-120.0,220.0,,6.5,espn,401458779,FLA,ANA,regular
2022-23,2022-11-07,St. Louis Blues,Boston Bruins,1.0,3.0,False,0|1|0,1|0|2,,,260.0,-138.0,-1.5,6.5,espn,401458782,STL,BOS,regular
2022-23,2022-11-07,Calgary Flames,New York Islanders,3.0,4.0,False,2|1|0|0,1|0|2|1,,,130.0,150.0,,5.5,espn,401458783,CGY,NYI,regular
2022-23,2022-11-07,Edmonton Oilers,Washington Capitals,4.0,5.0,False,0|2|2,1|3|1,,,-110.0,200.0,,6.5,espn,401458784,EDM,WSH,regular
2022-23,2022-11-08,Arizona Coyotes,Buffalo Sabres,4.0,1.0,False,2|0|2,1|0|0,,,275.0,-150.0,-1.5,6.5,espn,401458785,ARI,BUF,regular
2022-23,2022-11-08,Montreal Canadiens,Detroit Red Wings,3.0,2.0,False,2|0|0|0|1,1|0|1|0|0,,,220.0,-110.0,-1.5,5.5,espn,401458786,MTL,DET,regular
2022-23,2022-11-08,New York Islanders,New York Rangers,4.0,3.0,False,1|0|3,1|2|0,,,225.0,-110.0,-1.5,5.5,espn,401458788,NYI,NYR,regular
2022-23,2022-11-08,Calgary Flames,New Jersey Devils,2.0,3.0,False,1|0|1,0|2|1,,,188.0,100.0,-1.5,6.5,espn,401458789,CGY,NJ,regular
2022-23,2022-11-08,Vancouver Canucks,Ottawa Senators,6.0,4.0,False,1|1|4,2|0|2,,,150.0,120.0,-1.5,6.5,espn,401458790,VAN,OTT,regular
2022-23,2022-11-08,St. Louis Blues,Philadelphia Flyers,1.0,5.0,False,0|0|1,0|3|2,,,125.0,163.0,,5.5,espn,401458791,STL,PHI,regular
2022-23,2022-11-08,Vegas Golden Knights,Toronto Maple Leafs,4.0,3.0,False,2|0|1|1,1|2|0|0,,,150.0,130.0,-1.5,6.5,espn,401458794,VGK,TOR,regular
2022-23,2022-11-08,Edmonton Oilers,Tampa Bay Lightning,3.0,2.0,False,1|2|0,1|0|1,,,210.0,-110.0,-1.5,6.5,espn,401458793,EDM,TB,regular
2022-23,2022-11-08,Dallas Stars,Winnipeg Jets,1.0,5.0,False,0|1|0,0|4|1,,,130.0,150.0,,6.5,espn,401458795,DAL,WPG,regular
2022-23,2022-11-08,Nashville Predators,Seattle Kraken,1.0,5.0,False,0|1|0,4|0|1,,,150.0,130.0,-1.5,6.0,espn,401458792,NSH,SEA,regular
2022-23,2022-11-08,Minnesota Wild,Los Angeles Kings,0.0,1.0,False,0|0|0,0|0|1,,,140.0,138.0,-1.5,6.5,espn,401458787,MIN,LA,regular
2022-23,2022-11-09,Carolina Hurricanes,Florida Panthers,0.0,3.0,False,0|0|0,1|0|2,,,130.0,150.0,,6.5,espn,401458797,CAR,FLA,regular
2022-23,2022-11-09,Vancouver Canucks,Montreal Canadiens,2.0,5.0,False,0|0|2,3|1|1,,,-110.0,210.0,,6.5,espn,401458798,VAN,MTL,regular
2022-23,2022-11-09,Pittsburgh Penguins,Washington Capitals,4.0,1.0,False,0|3|1,0|0|1,,,125.0,150.0,,6.5,espn,401458799,PIT,WSH,regular
2022-23,2022-11-09,Minnesota Wild,Anaheim Ducks,4.0,1.0,False,0|1|3,0|1|0,,,-110.0,210.0,,6.5,espn,401458796,MIN,ANA,regular
2022-23,2022-11-10,Calgary Flames,Boston Bruins,1.0,3.0,False,1|0|0,1|1|1,,,250.0,-120.0,-1.5,6.5,espn,401458800,CGY,BOS,regular
2022-23,2022-11-10,Vegas Golden Knights,Buffalo Sabres,7.0,4.0,False,1|2|4,1|1|2,,,-110.0,200.0,,6.5,espn,401458801,VGK,BUF,regular
2022-23,2022-11-10,Edmonton Oilers,Carolina Hurricanes,2.0,7.0,False,0|1|1,1|3|3,,,170.0,110.0,-1.5,6.5,espn,401458802,EDM,CAR,regular
2022-23,2022-11-10,Philadelphia Flyers,Columbus Blue Jackets,2.0,5.0,False,0|1|1,2|1|2,,,140.0,140.0,,6.5,espn,401458804,PHI,CBJ,regular
2022-23,2022-11-10,New York Rangers,Detroit Red Wings,8.0,2.0,False,1|1|6,1|1|0,,,-110.0,210.0,,5.5,espn,401458805,NYR,DET,regular
2022-23,2022-11-10,Ottawa Senators,New Jersey Devils,3.0,4.0,False,2|0|1|0,2|1|0|1,,,240.0,-125.0,-1.5,6.5,espn,401458808,OTT,NJ,regular
2022-23,2022-11-10,Arizona Coyotes,New York Islanders,2.0,0.0,False,0|0|2,0|0|0,,,350.0,-175.0,-1.5,5.5,espn,401458807,ARI,NYI,regular
2022-23,2022-11-10,San Jose Sharks,St. Louis Blues,3.0,5.0,False,1|1|1,1|2|2,,,200.0,100.0,-1.5,6.5,espn,401458809,SJ,STL,regular
2022-23,2022-11-10,Nashville Predators,Colorado Avalanche,3.0,5.0,False,1|1|1,1|4|0,,,240.0,-120.0,-1.5,6.5,espn,401458803,NSH,COL,regular
2022-23,2022-11-10,Chicago Blackhawks,Los Angeles Kings,1.0,2.0,False,1|0|0|0,0|1|0|1,,,350.0,-175.0,-1.5,6.5,espn,401458806,CHI,LA,regular
2022-23,2022-11-11,Pittsburgh Penguins,Toronto Maple Leafs,4.0,2.0,False,1|1|2,1|1|0,,,188.0,100.0,-1.5,6.5,espn,401458812,PIT,TOR,regular
2022-23,2022-11-11,Tampa Bay Lightning,Washington Capitals,1.0,5.0,False,0|0|1,1|2|2,,,110.0,175.0,,5.5,espn,401458813,TB,WSH,regular
2022-23,2022-11-11,San Jose Sharks,Dallas Stars,5.0,4.0,False,2|2|1,2|0|2,,,320.0,-163.0,-1.5,6.5,espn,401458810,SJ,DAL,regular
2022-23,2022-11-11,Minnesota Wild,Seattle Kraken,1.0,0.0,False,1|0|0,0|0|0,,,130.0,150.0,,6.5,espn,401458811,MIN,SEA,regular
2022-23,2022-11-12,Ottawa Senators,Philadelphia Flyers,4.0,1.0,False,1|1|2,1|0|0,,,130.0,150.0,,6.5,espn,401458824,OTT,PHI,regular
2022-23,2022-11-12,Edmonton Oilers,Florida Panthers,4.0,2.0,False,0|1|3,0|0|2,,,210.0,-110.0,-1.5,6.5,espn,401458818,EDM,FLA,regular
2022-23,2022-11-12,Boston Bruins,Buffalo Sabres,3.0,1.0,False,0|1|2,1|0|0,,,-110.0,210.0,,6.5,espn,401458815,BOS,BUF,regular
2022-23,2022-11-12,Pittsburgh Penguins,Montreal Canadiens,4.0,5.0,False,0|2|2|0,1|0|3|1,,,-110.0,210.0,,6.5,espn,401458820,PIT,MTL,regular
2022-23,2022-11-12,Arizona Coyotes,New Jersey Devils,2.0,4.0,False,1|1|0,2|2|0,,,350.0,-188.0,-1.5,6.5,espn,401458823,ARI,NJ,regular
2022-23,2022-11-12,Vancouver Canucks,Toronto Maple Leafs,2.0,3.0,False,2|0|0,0|3|0,,,180.0,100.0,-1.5,6.5,espn,401458825,VAN,TOR,regular
2022-23,2022-11-12,Columbus Blue Jackets,New York Islanders,3.0,4.0,False,0|2|1|0,0|2|1|1,,,320.0,-163.0,-1.5,6.5,espn,401458821,CBJ,NYI,regular
2022-23,2022-11-12,New York Rangers,Nashville Predators,1.0,2.0,False,0|1|0,1|1|0,,,130.0,150.0,,6.5,espn,401458822,NYR,NSH,regular
2022-23,2022-11-12,Carolina Hurricanes,Colorado Avalanche,1.0,4.0,False,0|1|0,2|0|2,,,160.0,130.0,-1.5,5.5,espn,401458817,CAR,COL,regular
2022-23,2022-11-12,Chicago Blackhawks,Anaheim Ducks,3.0,2.0,False,1|1|1,2|0|0,,,170.0,110.0,-1.5,6.5,espn,401458814,CHI,ANA,regular
2022-23,2022-11-12,Winnipeg Jets,Calgary Flames,2.0,3.0,False,1|1|0,2|1|0,,,210.0,-110.0,-1.5,6.5,espn,401458816,WPG,CGY,regular
2022-23,2022-11-12,St. Louis Blues,Vegas Golden Knights,3.0,2.0,False,1|2|0,1|1|0,,,260.0,-138.0,-1.5,6.5,espn,401458826,STL,VGK,regular
2022-23,2022-11-12,Detroit Red Wings,Los Angeles Kings,3.0,4.0,False,1|0|2,2|2|0,,,260.0,-138.0,-1.5,6.5,espn,401458819,DET,LA,regular
2022-23,2022-11-13,Dallas Stars,Philadelphia Flyers,5.0,1.0,False,2|1|2,0|1|0,,,-120.0,240.0,,6.5,espn,401458830,DAL,PHI,regular
2022-23,2022-11-13,Vancouver Canucks,Boston Bruins,2.0,5.0,False,1|0|1,2|2|1,,,260.0,-138.0,-1.5,6.5,espn,401458827,VAN,BOS,regular
2022-23,2022-11-13,San Jose Sharks,Minnesota Wild,3.0,2.0,False,0|0|2|0|1,1|0|1|0|0,,,260.0,-138.0,-1.5,5.5,espn,401458828,SJ,MIN,regular
2022-23,2022-11-13,Arizona Coyotes,New York Rangers,1.0,4.0,False,0|0|1,0|2|2,,,450.0,-225.0,-1.5,6.5,espn,401458829,ARI,NYR,regular
2022-23,2022-11-13,Washington Capitals,Tampa Bay Lightning,3.0,6.0,False,0|1|2,4|0|2,,,240.0,-120.0,-1.5,5.5,espn,401458832,WSH,TB,regular
2022-23,2022-11-13,Winnipeg Jets,Seattle Kraken,3.0,2.0,False,0|1|1|1,1|0|1|0,,,200.0,-110.0,-1.5,6.0,espn,401458831,WPG,SEA,regular
2022-23,2022-11-14,New York Islanders,Ottawa Senators,4.0,2.0,False,1|1|2,0|1|1,,,125.0,163.0,,6.5,espn,401458836,NYI,OTT,regular
2022-23,2022-11-14,Los Angeles Kings,Calgary Flames,5.0,6.0,False,2|1|2,4|2|0,,,210.0,-110.0,-1.5,6.5,espn,401458833,LA,CGY,regular
2022-23,2022-11-14,Carolina Hurricanes,Chicago Blackhawks,3.0,0.0,False,2|1|0,0|0|0,,,-163.0,300.0,,6.5,espn,401458834,CAR,CHI,regular
2022-23,2022-11-14,St. Louis Blues,Colorado Avalanche,3.0,2.0,False,0|2|1,0|1|1,,,260.0,-138.0,-1.5,6.5,espn,401458835,STL,COL,regular
2022-23,2022-11-15,Vancouver Canucks,Buffalo Sabres,5.0,4.0,False,2|3|0,1|2|1,,,140.0,140.0,-1.5,6.5,espn,401458838,VAN,BUF,regular
2022-23,2022-11-15,Washington Capitals,Florida Panthers,2.0,5.0,False,0|1|1,1|1|3,,,240.0,-120.0,-1.5,6.5,espn,401458840,WSH,FLA,regular
2022-23,2022-11-15,New Jersey Devils,Montreal Canadiens,5.0,1.0,False,0|3|2,0|1|0,,,-120.0,240.0,,6.5,espn,401458841,NJ,MTL,regular
2022-23,2022-11-15,Toronto Maple Leafs,Pittsburgh Penguins,5.0,2.0,False,2|2|1,0|2|0,,,130.0,130.0,-1.5,6.5,espn,401458843,TOR,PIT,regular
2022-23,2022-11-15,Dallas Stars,Tampa Bay Lightning,4.0,5.0,False,1|2|1|0,1|2|1|1,,,188.0,100.0,-1.5,6.5,espn,401458844,DAL,TB,regular
2022-23,2022-11-15,Philadelphia Flyers,Columbus Blue Jackets,4.0,5.0,False,0|2|2|0,1|1|2|1,,,130.0,150.0,,6.5,espn,401458839,PHI,CBJ,regular
2022-23,2022-11-15,Minnesota Wild,Nashville Predators,1.0,2.0,False,0|0|1,2|0|0,,,140.0,140.0,-1.5,5.5,espn,401458842,MIN,NSH,regular
2022-23,2022-11-15,Detroit Red Wings,Anaheim Ducks,2.0,3.0,False,1|1|0|0,1|0|1|1,,,130.0,150.0,,6.5,espn,401458837,DET,ANA,regular
2022-23,2022-11-15,San Jose Sharks,Vegas Golden Knights,5.0,2.0,False,0|1|4,1|1|0,,,333.0,-163.0,-1.5,6.5,espn,401458845,SJ,VGK,regular
2022-23,2022-11-16,Buffalo Sabres,Ottawa Senators,1.0,4.0,False,0|1|0,1|1|2,,,200.0,100.0,-1.5,5.5,espn,401458848,BUF,OTT,regular
2022-23,2022-11-16,St. Louis Blues,Chicago Blackhawks,5.0,2.0,False,1|3|1,0|2|0,,,-105.0,220.0,,5.5,espn,401458846,STL,CHI,regular
2022-23,2022-11-16,Los Angeles Kings,Edmonton Oilers,3.0,1.0,False,1|1|1,0|1|0,,,200.0,100.0,-1.5,5.5,espn,401458847,LA,EDM,regular
2022-23,2022-11-17,Philadelphia Flyers,Boston Bruins,1.0,4.0,False,0|0|1,0|1|3,,,375.0,-200.0,-1.5,5.5,espn,401458849,PHI,BOS,regular
2022-23,2022-11-17,Colorado Avalanche,Carolina Hurricanes,3.0,2.0,False,1|1|0|1,0|1|1|0,,,180.0,115.0,-1.5,5.5,espn,401458850,COL,CAR,regular
2022-23,2022-11-17,Montreal Canadiens,Columbus Blue Jackets,4.0,6.0,False,0|2|2,2|0|4,,,140.0,135.0,-1.5,5.5,espn,401458851,MTL,CBJ,regular
2022-23,2022-11-17,Dallas Stars,Florida Panthers,6.0,4.0,False,4|1|1,0|3|1,,,200.0,-115.0,-1.5,5.5,espn,401458852,DAL,FLA,regular
2022-23,2022-11-17,Calgary Flames,Tampa Bay Lightning,1.0,4.0,False,0|0|1,1|1|2,,,160.0,125.0,-1.5,5.5,espn,401458858,CGY,TB,regular
2022-23,2022-11-17,New Jersey Devils,Toronto Maple Leafs,3.0,2.0,False,1|1|0|1,1|0|1|0,,,190.0,105.0,-1.5,5.5,espn,401458859,NJ,TOR,regular
2022-23,2022-11-17,Pittsburgh Penguins,Minnesota Wild,6.0,4.0,False,2|1|3,0|2|2,,,145.0,135.0,,5.5,espn,401458853,PIT,MIN,regular
2022-23,2022-11-17,New York Islanders,Nashville Predators,4.0,5.0,False,1|1|2,3|1|1,,,155.0,135.0,-1.5,5.5,espn,401458854,NYI,NSH,regular
2022-23,2022-11-17,Washington Capitals,St. Louis Blues,4.0,5.0,False,0|2|2|0|0,3|1|0|0|1,,,145.0,140.0,-1.5,5.5,espn,401458857,WSH,STL,regular
2022-23,2022-11-17,Anaheim Ducks,Winnipeg Jets,2.0,3.0,False,1|0|1,0|1|2,,,300.0,-155.0,-1.5,5.5,espn,401458861,ANA,WPG,regular
2022-23,2022-11-17,New York Rangers,Seattle Kraken,2.0,3.0,False,1|0|1|0,1|0|1|1,,,120.0,170.0,,5.5,espn,401458856,NYR,SEA,regular
2022-23,2022-11-17,Arizona Coyotes,Vegas Golden Knights,1.0,4.0,False,0|0|1,0|1|3,,,450.0,-250.0,-1.5,5.5,espn,401458860,ARI,VGK,regular
2022-23,2022-11-17,Detroit Red Wings,San Jose Sharks,7.0,4.0,False,1|2|4,2|0|2,,,165.0,125.0,-1.5,5.5,espn,401458855,DET,SJ,regular
2022-23,2022-11-18,Los Angeles Kings,Vancouver Canucks,1.0,4.0,False,0|1|0,0|3|1,,,145.0,140.0,,5.5,espn,401458862,LA,VAN,regular
2022-23,2022-11-19,New Jersey Devils,Ottawa Senators,5.0,1.0,False,2|2|1,0|1|0,,,115.0,175.0,,5.5,espn,401458871,NJ,OTT,regular
2022-23,2022-11-19,Calgary Flames,Florida Panthers,5.0,4.0,False,1|2|1|0|1,0|2|2|0|0,,,160.0,125.0,-1.5,5.5,espn,401458867,CGY,FLA,regular
2022-23,2022-11-19,Chicago Blackhawks,Boston Bruins,1.0,6.0,False,0|1|0,1|3|2,,,550.0,-250.0,-1.5,5.5,espn,401458863,CHI,BOS,regular
2022-23,2022-11-19,Detroit Red Wings,Columbus Blue Jackets,6.0,1.0,False,1|3|2,0|1|0,,,115.0,175.0,,5.5,espn,401458864,DET,CBJ,regular
2022-23,2022-11-19,Philadelphia Flyers,Montreal Canadiens,4.0,5.0,False,2|1|1|0|0,2|1|1|0|1,,,165.0,125.0,-1.5,5.5,espn,401458869,PHI,MTL,regular
2022-23,2022-11-19,Buffalo Sabres,Toronto Maple Leafs,2.0,5.0,False,0|1|1,3|1|1,,,400.0,-190.0,-1.5,5.5,espn,401458875,BUF,TOR,regular
2022-23,2022-11-19,Colorado Avalanche,Washington Capitals,4.0,0.0,False,1|1|2,0|0|0,,,130.0,160.0,,5.5,espn,401458876,COL,WSH,regular
2022-23,2022-11-19,Pittsburgh Penguins,Winnipeg Jets,3.0,0.0,False,0|0|3,0|0|0,,,130.0,155.0,,5.5,espn,401458877,PIT,WPG,regular
2022-23,2022-11-19,New York Islanders,Dallas Stars,2.0,5.0,False,0|2|0,0|2|3,,,190.0,105.0,-1.5,5.5,espn,401458865,NYI,DAL,regular
2022-23,2022-11-19,Carolina Hurricanes,Minnesota Wild,1.0,2.0,False,1|0|0|0,0|0|1|1,,,125.0,160.0,,5.5,espn,401458868,CAR,MIN,regular
2022-23,2022-11-19,Tampa Bay Lightning,Nashville Predators,3.0,2.0,False,0|1|1|1,1|0|1|0,,,115.0,170.0,,5.5,espn,401458870,TB,NSH,regular
2022-23,2022-11-19,Anaheim Ducks,St. Louis Blues,2.0,6.0,False,0|1|1,2|3|1,,,250.0,-130.0,-1.5,5.5,espn,401458874,ANA,STL,regular
2022-23,2022-11-19,Vegas Golden Knights,Edmonton Oilers,3.0,4.0,False,1|1|1|0,1|1|1|1,,,140.0,145.0,,5.5,espn,401458866,VGK,EDM,regular
2022-23,2022-11-19,Los Angeles Kings,Seattle Kraken,2.0,3.0,False,0|1|1|0,1|0|1|1,,,170.0,120.0,-1.5,5.5,espn,401458873,LA,SEA,regular
2022-23,2022-11-19,New York Rangers,San Jose Sharks,2.0,1.0,False,0|0|2,0|0|1,,,-110.0,220.0,,5.5,espn,401458872,NYR,SJ,regular
2022-23,2022-11-20,Florida Panthers,Columbus Blue Jackets,3.0,5.0,False,1|1|1,1|1|3,,,-170.0,320.0,,5.5,espn,401458879,FLA,CBJ,regular
2022-23,2022-11-20,Pittsburgh Penguins,Chicago Blackhawks,5.0,3.0,False,1|2|2,0|2|1,,,-140.0,275.0,,5.5,espn,401458878,PIT,CHI,regular
2022-23,2022-11-21,Edmonton Oilers,New Jersey Devils,2.0,5.0,False,1|0|1,1|2|2,,,190.0,105.0,-1.5,5.5,espn,401458882,EDM,NJ,regular
2022-23,2022-11-21,Calgary Flames,Philadelphia Flyers,5.0,2.0,False,2|1|2,1|0|1,,,-130.0,275.0,,5.5,espn,401458883,CGY,PHI,regular
2022-23,2022-11-21,Boston Bruins,Tampa Bay Lightning,5.0,3.0,False,1|3|1,1|0|2,,,145.0,145.0,-1.5,5.5,espn,401458886,BOS,TB,regular
2022-23,2022-11-21,New York Islanders,Toronto Maple Leafs,3.0,2.0,False,1|0|1|1,0|2|0|0,,,225.0,-110.0,-1.5,5.5,espn,401458887,NYI,TOR,regular
2022-23,2022-11-21,Carolina Hurricanes,Winnipeg Jets,3.0,4.0,False,0|0|3|0,1|1|1|1,,,100.0,200.0,,5.5,espn,401458889,CAR,WPG,regular
2022-23,2022-11-21,Arizona Coyotes,Nashville Predators,3.0,4.0,False,0|2|1|0|0,1|0|2|0|1,,,320.0,-145.0,-1.5,5.5,espn,401458881,ARI,NSH,regular
2022-23,2022-11-21,Anaheim Ducks,St. Louis Blues,1.0,3.0,False,1|0|0,1|0|2,,,280.0,-135.0,-1.5,5.5,espn,401458885,ANA,STL,regular
2022-23,2022-11-21,Colorado Avalanche,Dallas Stars,3.0,2.0,False,1|0|1|0|1,0|1|1|0|0,,,145.0,145.0,-1.5,5.5,espn,401458880,COL,DAL,regular
2022-23,2022-11-21,Ottawa Senators,San Jose Sharks,1.0,5.0,False,1|0|0,1|3|1,,,150.0,140.0,,5.5,espn,401458884,OTT,SJ,regular
2022-23,2022-11-21,Vegas Golden Knights,Vancouver Canucks,5.0,4.0,False,0|2|3,0|1|3,,,115.0,175.0,,5.5,espn,401458888,VGK,VAN,regular
2022-23,2022-11-22,Buffalo Sabres,Montreal Canadiens,7.0,2.0,False,3|1|3,1|1|0,,,145.0,140.0,-1.5,5.5,espn,401458891,BUF,MTL,regular
2022-23,2022-11-22,New York Rangers,Los Angeles Kings,5.0,3.0,False,0|3|2,2|0|1,,,135.0,145.0,,5.5,espn,401458890,NYR,LA,regular
2022-23,2022-11-23,St. Louis Blues,Buffalo Sabres,2.0,6.0,False,0|1|1,1|3|2,,,110.0,180.0,,5.5,espn,401458893,STL,BUF,regular
2022-23,2022-11-23,Arizona Coyotes,Carolina Hurricanes,4.0,0.0,False,1|0|3,0|0|0,,,450.0,-225.0,-1.5,5.5,espn,401458894,ARI,CAR,regular
2022-23,2022-11-23,Montreal Canadiens,Columbus Blue Jackets,3.0,1.0,False,0|0|3,0|0|1,,,160.0,120.0,-1.5,5.5,espn,401458896,MTL,CBJ,regular
2022-23,2022-11-23,Nashville Predators,Detroit Red Wings,0.0,3.0,False,0|0|0,0|2|1,,,160.0,125.0,-1.5,5.5,espn,401458898,NSH,DET,regular
2022-23,2022-11-23,Boston Bruins,Florida Panthers,2.0,5.0,False,1|0|1,1|3|1,,,140.0,150.0,-1.5,5.5,espn,401458899,BOS,FLA,regular
2022-23,2022-11-23,Winnipeg Jets,Minnesota Wild,1.0,6.0,False,0|1|0,1|2|3,,,200.0,105.0,-1.5,5.5,espn,401458900,WPG,MIN,regular
2022-23,2022-11-23,Toronto Maple Leafs,New Jersey Devils,2.0,1.0,False,2|0|0,0|0|1,,,175.0,115.0,-1.5,5.5,espn,401458902,TOR,NJ,regular
2022-23,2022-11-23,Calgary Flames,Pittsburgh Penguins,1.0,2.0,False,0|1|0|0|0,1|0|0|0|1,,,160.0,130.0,-1.5,5.5,espn,401458903,CGY,PIT,regular
2022-23,2022-11-23,Edmonton Oilers,New York Islanders,0.0,3.0,False,0|0|0,0|3|0,,,160.0,130.0,-1.5,5.5,espn,401458901,EDM,NYI,regular
2022-23,2022-11-23,Philadelphia Flyers,Washington Capitals,2.0,3.0,False,1|1|0|0,1|0|1|1,,,300.0,-145.0,-1.5,5.5,espn,401458906,PHI,WSH,regular
2022-23,2022-11-23,Chicago Blackhawks,Dallas Stars,4.0,6.0,False,0|3|1,1|0|5,,,400.0,-190.0,-1.5,5.5,espn,401458897,CHI,DAL,regular
2022-23,2022-11-23,New York Rangers,Anaheim Ducks,2.0,3.0,False,1|1|0,1|2|0,,,-105.0,220.0,,5.5,espn,401458892,NYR,ANA,regular
2022-23,2022-11-23,Vancouver Canucks,Colorado Avalanche,4.0,3.0,False,1|1|2,2|1|0,,,250.0,-125.0,-1.5,5.5,espn,401458895,VAN,COL,regular
2022-23,2022-11-23,San Jose Sharks,Seattle Kraken,5.0,8.0,False,2|1|2,1|3|4,,,230.0,-110.0,-1.5,5.5,espn,401458904,SJ,SEA,regular
2022-23,2022-11-23,Ottawa Senators,Vegas Golden Knights,1.0,4.0,False,1|0|0,1|1|2,,,275.0,-135.0,-1.5,5.5,espn,401458905,OTT,VGK,regular
2022-23,2022-11-25,Carolina Hurricanes,Boston Bruins,2.0,3.0,False,2|0|0|0,0|1|1|1,,,200.0,105.0,-1.5,5.5,espn,401458908,CAR,BOS,regular
2022-23,2022-11-25,Montreal Canadiens,Chicago Blackhawks,3.0,2.0,False,1|1|0|0|1,0|1|1|0|0,,,155.0,135.0,-1.5,5.5,espn,401458910,MTL,CHI,regular
2022-23,2022-11-25,Toronto Maple Leafs,Minnesota Wild,4.0,3.0,False,2|1|1,1|1|1,,,145.0,140.0,-1.5,5.5,espn,401458914,TOR,MIN,regular
2022-23,2022-11-25,Calgary Flames,Washington Capitals,0.0,3.0,False,0|0|0,1|1|1,,,135.0,160.0,,5.5,espn,401458920,CGY,WSH,regular
2022-23,2022-11-25,Ottawa Senators,Anaheim Ducks,5.0,1.0,False,2|2|1,0|0|1,,,115.0,170.0,,5.5,espn,401458907,OTT,ANA,regular
2022-23,2022-11-25,Pittsburgh Penguins,Philadelphia Flyers,4.0,1.0,False,2|2|0,0|0|1,,,-135.0,280.0,,5.5,espn,401458916,PIT,PHI,regular
2022-23,2022-11-25,New Jersey Devils,Buffalo Sabres,3.0,1.0,False,0|3|0,0|1|0,,,-115.0,225.0,,5.5,espn,401458909,NJ,BUF,regular
2022-23,2022-11-25,New York Islanders,Columbus Blue Jackets,3.0,2.0,False,1|1|1,0|2|0,,,-120.0,240.0,,5.5,espn,401458911,NYI,CBJ,regular
2022-23,2022-11-25,Arizona Coyotes,Detroit Red Wings,3.0,4.0,False,0|2|1|0|0,1|2|0|0|1,,,260.0,-120.0,-1.5,5.5,espn,401458913,ARI,DET,regular
2022-23,2022-11-25,St. Louis Blues,Tampa Bay Lightning,2.0,5.0,False,1|1|0,3|1|1,,,240.0,-115.0,-1.5,5.5,espn,401458918,STL,TB,regular
2022-23,2022-11-25,Seattle Kraken,Vegas Golden Knights,4.0,2.0,False,2|2|0,2|0|0,,,230.0,-115.0,-1.5,5.5,espn,401458919,SEA,VGK,regular
2022-23,2022-11-25,Winnipeg Jets,Dallas Stars,5.0,4.0,False,2|1|1|1,2|0|2|0,,,220.0,-105.0,-1.5,5.5,espn,401458912,WPG,DAL,regular
2022-23,2022-11-25,Los Angeles Kings,San Jose Sharks,5.0,2.0,False,2|1|2,1|1|0,,,125.0,165.0,,5.5,espn,401458917,LA,SJ,regular
2022-23,2022-11-26,Edmonton Oilers,New York Rangers,4.0,3.0,False,0|0|4,1|2|0,,,190.0,105.0,-1.5,5.5,espn,401458925,EDM,NYR,regular
2022-23,2022-11-26,Calgary Flames,Carolina Hurricanes,2.0,3.0,False,1|1|0,1|1|1,,,200.0,100.0,-1.5,5.5,espn,401458921,CGY,CAR,regular
2022-23,2022-11-26,St. Louis Blues,Florida Panthers,5.0,4.0,False,1|0|3|1,3|1|0|0,,,210.0,-120.0,-1.5,5.5,espn,401458923,STL,FLA,regular
2022-23,2022-11-26,Washington Capitals,New Jersey Devils,1.0,5.0,False,0|0|1,1|2|2,,,250.0,-130.0,-1.5,5.5,espn,401458927,WSH,NJ,regular
2022-23,2022-11-26,Toronto Maple Leafs,Pittsburgh Penguins,4.0,1.0,False,1|2|1,0|0|1,,,170.0,110.0,-1.5,5.5,espn,401458928,TOR,PIT,regular
2022-23,2022-11-26,Philadelphia Flyers,New York Islanders,2.0,5.0,False,1|1|0,1|1|3,,,300.0,-150.0,-1.5,5.5,espn,401458924,PHI,NYI,regular
2022-23,2022-11-26,Dallas Stars,Colorado Avalanche,1.0,4.0,False,0|1|0,2|1|1,,,220.0,-110.0,-1.5,5.5,espn,401458922,DAL,COL,regular
2022-23,2022-11-26,Vancouver Canucks,Vegas Golden Knights,5.0,1.0,False,2|3|0,0|0|1,,,225.0,-110.0,-1.5,5.5,espn,401458929,VAN,VGK,regular
2022-23,2022-11-27,Arizona Coyotes,Minnesota Wild,3.0,4.0,False,0|1|2,1|1|2,,,350.0,-170.0,-1.5,5.5,espn,401458933,ARI,MIN,regular
2022-23,2022-11-27,Winnipeg Jets,Chicago Blackhawks,7.0,2.0,False,1|4|2,0|2|0,,,-105.0,220.0,,5.5,espn,401458931,WPG,CHI,regular
2022-23,2022-11-27,Seattle Kraken,Anaheim Ducks,5.0,4.0,False,3|1|1,1|3|0,,,-110.0,210.0,,5.5,espn,401458930,SEA,ANA,regular
2022-23,2022-11-27,Vancouver Canucks,San Jose Sharks,4.0,3.0,False,1|0|2|1,0|1|2|0,,,145.0,145.0,,5.5,espn,401458934,VAN,SJ,regular
2022-23,2022-11-27,Ottawa Senators,Los Angeles Kings,3.0,2.0,False,1|1|0|1,0|2|0|0,,,200.0,100.0,-1.5,5.5,espn,401458932,OTT,LA,regular
2022-23,2022-11-28,Tampa Bay Lightning,Buffalo Sabres,6.0,5.0,False,2|1|2|1,2|1|2|0,,,105.0,190.0,,5.5,espn,401458935,TB,BUF,regular
2022-23,2022-11-28,Vegas Golden Knights,Columbus Blue Jackets,3.0,2.0,False,2|0|0|0|1,0|1|1|0|0,,,-160.0,325.0,,5.5,espn,401458936,VGK,CBJ,regular
2022-23,2022-11-28,Toronto Maple Leafs,Detroit Red Wings,4.0,2.0,False,2|2|0,1|0|1,,,105.0,200.0,,5.5,espn,401458937,TOR,DET,regular
2022-23,2022-11-28,New Jersey Devils,New York Rangers,5.0,3.0,False,2|2|1,2|0|1,,,145.0,145.0,-1.5,5.5,espn,401458939,NJ,NYR,regular
2022-23,2022-11-28,Dallas Stars,St. Louis Blues,4.0,1.0,False,0|1|3,0|0|1,,,130.0,160.0,,5.5,espn,401458940,DAL,STL,regular
2022-23,2022-11-28,Florida Panthers,Edmonton Oilers,3.0,4.0,False,1|0|2|0,0|1|2|1,,,145.0,140.0,,5.5,espn,401458938,FLA,EDM,regular
2022-23,2022-11-29,Tampa Bay Lightning,Boston Bruins,1.0,3.0,False,0|1|0,1|0|2,,,225.0,-110.0,-1.5,5.5,espn,401458941,TB,BOS,regular
2022-23,2022-11-29,San Jose Sharks,Montreal Canadiens,4.0,0.0,False,1|0|3,0|0|0,,,140.0,145.0,-1.5,5.5,espn,401458944,SJ,MTL,regular
2022-23,2022-11-29,Carolina Hurricanes,Pittsburgh Penguins,3.0,2.0,False,0|2|0|1,1|0|1|0,,,150.0,140.0,-1.5,5.5,espn,401458947,CAR,PIT,regular
2022-23,2022-11-29,New York Islanders,Philadelphia Flyers,1.0,3.0,False,1|0|0,2|0|1,,,-125.0,260.0,,5.5,espn,401458946,NYI,PHI,regular
2022-23,2022-11-29,Anaheim Ducks,Nashville Predators,1.0,2.0,False,0|0|1|0,0|1|0|1,,,300.0,-140.0,-1.5,5.5,espn,401458945,ANA,NSH,regular
2022-23,2022-11-29,Colorado Avalanche,Winnipeg Jets,0.0,5.0,False,0|0|0,1|2|2,,,120.0,180.0,,5.5,espn,401458949,COL,WPG,regular
2022-23,2022-11-29,Florida Panthers,Calgary Flames,2.0,6.0,False,0|2|0,3|1|2,,,200.0,105.0,-1.5,5.5,espn,401458942,FLA,CGY,regular
2022-23,2022-11-29,Washington Capitals,Vancouver Canucks,5.0,1.0,False,3|1|1,1|0|0,,,145.0,140.0,-1.5,5.5,espn,401458948,WSH,VAN,regular
2022-23,2022-11-29,Seattle Kraken,Los Angeles Kings,9.0,8.0,False,3|5|0|1,3|3|2|0,,,165.0,125.0,-1.5,5.5,espn,401458943,SEA,LA,regular
2022-23,2022-11-30,Buffalo Sabres,Detroit Red Wings,5.0,4.0,False,2|2|0|0|1,1|0|3|0|0,,,155.0,125.0,-1.5,5.5,espn,401458951,BUF,DET,regular
2022-23,2022-11-30,New York Rangers,Ottawa Senators,3.0,1.0,False,1|1|1,0|1|0,,,155.0,130.0,,5.5,espn,401458952,NYR,OTT,regular
2022-23,2022-11-30,San Jose Sharks,Toronto Maple Leafs,1.0,3.0,False,0|1|0,0|1|2,,,400.0,-190.0,-1.5,5.5,espn,401458953,SJ,TOR,regular
2022-23,2022-11-30,Edmonton Oilers,Chicago Blackhawks,5.0,4.0,False,0|2|3,0|1|3,,,-135.0,280.0,,5.5,espn,401458950,EDM,CHI,regular
2022-23,2022-12-01,Colorado Avalanche,Buffalo Sabres,6.0,4.0,False,1|4|1,2|1|1,,,-115.0,240.0,,5.5,espn,401458954,COL,BUF,regular
2022-23,2022-12-01,Nashville Predators,New Jersey Devils,4.0,3.0,False,2|0|1|1,0|3|0|0,,,250.0,-120.0,-1.5,5.5,espn,401458959,NSH,NJ,regular
2022-23,2022-12-01,Tampa Bay Lightning,Philadelphia Flyers,4.0,1.0,False,1|2|1,0|0|1,,,-135.0,300.0,,5.5,espn,401458960,TB,PHI,regular
2022-23,2022-12-01,Vegas Golden Knights,Pittsburgh Penguins,3.0,4.0,False,2|0|1,0|2|2,,,145.0,140.0,-1.5,5.5,espn,401458961,VGK,PIT,regular
2022-23,2022-12-01,Edmonton Oilers,Minnesota Wild,3.0,5.0,False,1|1|1,0|3|2,,,190.0,105.0,-1.5,6.5,espn,401458958,EDM,MIN,regular
2022-23,2022-12-01,Carolina Hurricanes,St. Louis Blues,6.0,4.0,False,0|3|3,1|2|1,,,120.0,180.0,,5.5,espn,401458963,CAR,STL,regular
2022-23,2022-12-01,Anaheim Ducks,Dallas Stars,0.0,5.0,False,0|0|0,1|2|2,,,400.0,-190.0,-1.5,5.5,espn,401458956,ANA,DAL,regular
2022-23,2022-12-01,Montreal Canadiens,Calgary Flames,2.0,1.0,False,1|0|1,0|1|0,,,400.0,-190.0,-1.5,5.5,espn,401458955,MTL,CGY,regular
2022-23,2022-12-01,Washington Capitals,Seattle Kraken,2.0,3.0,False,2|0|0|0,0|1|1|1,,,155.0,135.0,-1.5,5.5,espn,401458962,WSH,SEA,regular
2022-23,2022-12-01,Florida Panthers,Vancouver Canucks,5.0,1.0,False,3|1|1,0|1|0,,,120.0,165.0,,5.5,espn,401458964,FLA,VAN,regular
2022-23,2022-12-01,Arizona Coyotes,Los Angeles Kings,3.0,5.0,False,1|2|0,1|2|2,,,300.0,-140.0,-1.5,5.5,espn,401458957,ARI,LA,regular
2022-23,2022-12-02,Ottawa Senators,New York Rangers,3.0,2.0,False,0|1|1|1,1|0|1|0,,,225.0,-110.0,-1.5,5.5,espn,401458966,OTT,NYR,regular
2022-23,2022-12-02,Nashville Predators,New York Islanders,4.0,1.0,False,1|1|2,0|0|1,,,210.0,100.0,-1.5,5.5,espn,401458965,NSH,NYI,regular
2022-23,2022-12-02,Columbus Blue Jackets,Winnipeg Jets,4.0,1.0,False,2|2|0,0|0|1,,,250.0,-125.0,-1.5,5.5,espn,401458967,CBJ,WPG,regular
2022-23,2022-12-03,Anaheim Ducks,Minnesota Wild,4.0,5.0,False,1|2|1|0|0,2|0|2|0|1,,,375.0,-180.0,-1.5,5.5,espn,401458973,ANA,MIN,regular
2022-23,2022-12-03,Colorado Avalanche,Boston Bruins,1.0,5.0,False,0|0|1,2|1|2,,,210.0,100.0,-1.5,5.5,espn,401458968,COL,BOS,regular
2022-23,2022-12-03,Vegas Golden Knights,Detroit Red Wings,4.0,1.0,False,1|2|1,0|1|0,,,110.0,175.0,,5.5,espn,401458970,VGK,DET,regular
2022-23,2022-12-03,Montreal Canadiens,Edmonton Oilers,3.0,5.0,False,1|2|0,0|4|1,,,280.0,-140.0,-1.5,5.5,espn,401458971,MTL,EDM,regular
2022-23,2022-12-03,San Jose Sharks,Ottawa Senators,2.0,5.0,False,2|0|0,1|2|2,,,180.0,110.0,-1.5,5.5,espn,401458975,SJ,OTT,regular
2022-23,2022-12-03,New Jersey Devils,Philadelphia Flyers,3.0,2.0,False,0|1|2,0|1|1,,,-150.0,300.0,,5.5,espn,401458976,NJ,PHI,regular
2022-23,2022-12-03,St. Louis Blues,Pittsburgh Penguins,2.0,6.0,False,1|1|0,3|2|1,,,210.0,-110.0,-1.5,5.5,espn,401458977,STL,PIT,regular
2022-23,2022-12-03,Toronto Maple Leafs,Tampa Bay Lightning,3.0,4.0,False,0|2|1|0,0|1|2|1,,,175.0,115.0,-1.5,5.5,espn,401458979,TOR,TB,regular
2022-23,2022-12-03,Chicago Blackhawks,New York Rangers,5.0,2.0,False,1|2|2,0|1|1,,,375.0,-180.0,-1.5,5.5,espn,401458974,CHI,NYR,regular
2022-23,2022-12-03,Washington Capitals,Calgary Flames,2.0,5.0,False,1|0|1,1|1|3,,,210.0,-110.0,-1.5,5.5,espn,401458969,WSH,CGY,regular
2022-23,2022-12-03,Florida Panthers,Seattle Kraken,5.0,1.0,False,2|1|2,0|1|0,,,125.0,150.0,,5.5,espn,401458978,FLA,SEA,regular
2022-23,2022-12-03,Arizona Coyotes,Vancouver Canucks,2.0,3.0,False,1|1|0|0,1|0|1|1,,,300.0,-145.0,-1.5,5.5,espn,401458980,ARI,VAN,regular
2022-23,2022-12-03,Carolina Hurricanes,Los Angeles Kings,4.0,2.0,False,2|1|1,0|0|2,,,120.0,165.0,,5.5,espn,401458972,CAR,LA,regular
2022-23,2022-12-04,Minnesota Wild,Dallas Stars,6.0,5.0,False,1|3|1|0|1,0|1|4|0|0,,,180.0,115.0,-1.5,5.5,espn,401458983,MIN,DAL,regular
2022-23,2022-12-04,Anaheim Ducks,Winnipeg Jets,2.0,5.0,False,1|1|0,0|2|3,,,320.0,-155.0,-1.5,5.5,espn,401458985,ANA,WPG,regular
2022-23,2022-12-04,Detroit Red Wings,Columbus Blue Jackets,4.0,2.0,False,2|1|1,0|1|1,,,135.0,150.0,,5.5,espn,401458982,DET,CBJ,regular
2022-23,2022-12-04,San Jose Sharks,Buffalo Sabres,3.0,6.0,False,2|0|1,1|3|2,,,190.0,105.0,-1.5,5.5,espn,401458981,SJ,BUF,regular
2022-23,2022-12-04,Chicago Blackhawks,New York Islanders,0.0,3.0,False,0|0|0,0|3|0,,,400.0,-180.0,-1.5,5.5,espn,401458984,CHI,NYI,regular
2022-23,2022-12-05,Vegas Golden Knights,Boston Bruins,4.0,3.0,False,2|1|0|0|1,0|2|1|0|0,,,240.0,-110.0,-1.5,5.5,espn,401458986,VGK,BOS,regular
2022-23,2022-12-05,St. Louis Blues,New York Rangers,4.0,6.0,False,1|3|0,2|1|3,,,220.0,-105.0,-1.5,5.5,espn,401458989,STL,NYR,regular
2022-23,2022-12-05,Colorado Avalanche,Philadelphia Flyers,3.0,5.0,False,1|0|2,2|1|2,,,-115.0,250.0,,5.5,espn,401458990,COL,PHI,regular
2022-23,2022-12-05,Washington Capitals,Edmonton Oilers,3.0,2.0,False,0|2|1,0|2|0,,,190.0,105.0,-1.5,5.5,espn,401458988,WSH,EDM,regular
2022-23,2022-12-05,Arizona Coyotes,Calgary Flames,2.0,3.0,False,0|1|1,2|0|1,,,425.0,-200.0,-1.5,5.5,espn,401458987,ARI,CGY,regular
2022-23,2022-12-05,Montreal Canadiens,Vancouver Canucks,6.0,7.0,False,4|0|2|0,0|2|4|1,,,280.0,-140.0,-1.5,5.5,espn,401458991,MTL,VAN,regular
2022-23,2022-12-06,Chicago Blackhawks,New Jersey Devils,0.0,3.0,False,0|0|0,1|2|0,,,500.0,-250.0,-1.5,5.5,espn,401458995,CHI,NJ,regular
2022-23,2022-12-06,Los Angeles Kings,Ottawa Senators,5.0,2.0,False,4|1|0,1|0|1,,,135.0,150.0,-1.5,5.5,espn,401458996,LA,OTT,regular
2022-23,2022-12-06,Columbus Blue Jackets,Pittsburgh Penguins,1.0,4.0,False,1|0|0,0|3|1,,,375.0,-180.0,-1.5,5.5,espn,401458997,CBJ,PIT,regular
2022-23,2022-12-06,Detroit Red Wings,Tampa Bay Lightning,4.0,2.0,False,0|1|3,0|0|2,,,300.0,-145.0,-1.5,5.5,espn,401458999,DET,TB,regular
2022-23,2022-12-06,St. Louis Blues,New York Islanders,7.0,4.0,False,1|2|4,1|0|3,,,250.0,-115.0,-1.5,5.5,espn,401458994,STL,NYI,regular
2022-23,2022-12-06,Florida Panthers,Winnipeg Jets,2.0,5.0,False,1|0|1,2|2|1,,,140.0,145.0,,5.5,espn,401459000,FLA,WPG,regular
2022-23,2022-12-06,Toronto Maple Leafs,Dallas Stars,4.0,0.0,False,2|1|1,0|0|0,,,140.0,145.0,-1.5,5.5,espn,401458993,TOR,DAL,regular
2022-23,2022-12-06,Carolina Hurricanes,Anaheim Ducks,3.0,4.0,False,1|2|0|0,2|1|0|1,,,-170.0,350.0,,5.5,espn,401458992,CAR,ANA,regular
2022-23,2022-12-06,Montreal Canadiens,Seattle Kraken,4.0,2.0,False,1|3|0,1|1|0,,,350.0,-170.0,-1.5,5.5,espn,401458998,MTL,SEA,regular
2022-23,2022-12-07,Washington Capitals,Philadelphia Flyers,4.0,1.0,False,0|1|3,1|0|0,,,115.0,180.0,,5.5,espn,401459005,WSH,PHI,regular
2022-23,2022-12-07,Buffalo Sabres,Columbus Blue Jackets,9.0,4.0,False,6|3|0,0|2|2,,,100.0,190.0,,5.5,espn,401459003,BUF,CBJ,regular
2022-23,2022-12-07,Minnesota Wild,Calgary Flames,3.0,5.0,False,2|0|1,0|3|2,,,180.0,115.0,-1.5,5.5,espn,401459001,MIN,CGY,regular
2022-23,2022-12-07,Boston Bruins,Colorado Avalanche,4.0,0.0,False,0|2|2,0|0|0,,,-105.0,220.0,,5.5,espn,401459002,BOS,COL,regular
2022-23,2022-12-07,Arizona Coyotes,Edmonton Oilers,2.0,8.0,False,0|1|1,2|3|3,,,400.0,-190.0,-1.5,5.5,espn,401459004,ARI,EDM,regular
2022-23,2022-12-07,New York Rangers,Vegas Golden Knights,5.0,1.0,False,1|0|4,0|1|0,,,165.0,130.0,-1.5,5.5,espn,401459007,NYR,VGK,regular
2022-23,2022-12-07,Vancouver Canucks,San Jose Sharks,6.0,5.0,False,2|2|1|1,1|2|2|0,,,140.0,140.0,,5.5,espn,401459006,VAN,SJ,regular
2022-23,2022-12-08,Nashville Predators,Tampa Bay Lightning,2.0,5.0,False,1|1|0,2|0|3,,,225.0,-115.0,-1.5,5.5,espn,401459011,NSH,TB,regular
2022-23,2022-12-08,Los Angeles Kings,Toronto Maple Leafs,0.0,5.0,False,0|0|0,0|4|1,,,230.0,-110.0,-1.5,5.5,espn,401459012,LA,TOR,regular
2022-23,2022-12-08,Detroit Red Wings,Florida Panthers,1.0,5.0,False,0|1|0,1|4|0,,,260.0,-145.0,-1.5,5.5,espn,401459009,DET,FLA,regular
2022-23,2022-12-08,Winnipeg Jets,St. Louis Blues,5.0,2.0,False,1|2|2,0|1|1,,,125.0,160.0,,5.5,espn,401459010,WPG,STL,regular
2022-23,2022-12-08,Ottawa Senators,Dallas Stars,3.0,4.0,False,2|0|1|0,2|0|1|1,,,250.0,-135.0,-1.5,5.5,espn,401459008,OTT,DAL,regular
2022-23,2022-12-09,Pittsburgh Penguins,Buffalo Sabres,4.0,3.0,False,0|1|2|1,0|2|1|0,,,100.0,190.0,,6.5,espn,401459015,PIT,BUF,regular
2022-23,2022-12-09,Calgary Flames,Columbus Blue Jackets,1.0,3.0,False,0|0|1,1|1|1,,,-160.0,320.0,,5.5,espn,401459018,CGY,CBJ,regular
2022-23,2022-12-09,New York Islanders,New Jersey Devils,6.0,4.0,False,2|3|1,1|1|2,,,275.0,-130.0,-1.5,5.5,espn,401459020,NYI,NJ,regular
2022-23,2022-12-09,Seattle Kraken,Washington Capitals,1.0,4.0,False,1|0|0,0|2|2,,,180.0,105.0,-1.5,5.5,espn,401459022,SEA,WSH,regular
2022-23,2022-12-09,Winnipeg Jets,Chicago Blackhawks,3.0,1.0,False,1|1|1,0|1|0,,,110.0,175.0,,5.5,espn,401459016,WPG,CHI,regular
2022-23,2022-12-09,New York Rangers,Colorado Avalanche,2.0,1.0,False,0|1|0|0|1,1|0|0|0|0,,,100.0,200.0,,5.5,espn,401459017,NYR,COL,regular
2022-23,2022-12-09,Minnesota Wild,Edmonton Oilers,2.0,5.0,False,1|1|0,2|1|2,,,160.0,125.0,-1.5,5.5,espn,401459019,MIN,EDM,regular
2022-23,2022-12-09,Boston Bruins,Arizona Coyotes,3.0,4.0,False,1|1|1,1|1|2,,,-225.0,450.0,,5.5,espn,401459014,BOS,ARI,regular
2022-23,2022-12-09,San Jose Sharks,Anaheim Ducks,6.0,1.0,False,1|3|2,0|1|0,,,135.0,145.0,,5.5,espn,401459013,SJ,ANA,regular
2022-23,2022-12-09,Philadelphia Flyers,Vegas Golden Knights,1.0,2.0,False,0|1|0|0,1|0|0|1,,,300.0,-150.0,-1.5,5.5,espn,401459021,PHI,VGK,regular
2022-23,2022-12-10,Ottawa Senators,Nashville Predators,3.0,2.0,False,0|1|2,0|1|1,,,180.0,110.0,-1.5,5.5,espn,401459026,OTT,NSH,regular
2022-23,2022-12-10,Detroit Red Wings,Dallas Stars,2.0,3.0,False,1|1|0|0,1|1|0|1,,,240.0,-130.0,-1.5,5.5,espn,401459023,DET,DAL,regular
2022-23,2022-12-10,Florida Panthers,Tampa Bay Lightning,1.0,4.0,False,0|1|0,1|0|3,,,175.0,105.0,-1.5,5.5,espn,401459028,FLA,TB,regular
2022-23,2022-12-10,Los Angeles Kings,Montreal Canadiens,4.0,2.0,False,2|0|2,0|0|2,,,-125.0,210.0,,5.5,espn,401459024,LA,MTL,regular
2022-23,2022-12-10,Buffalo Sabres,Pittsburgh Penguins,1.0,3.0,False,0|0|1,2|0|1,,,260.0,-150.0,-1.5,5.5,espn,401459027,BUF,PIT,regular
2022-23,2022-12-10,Calgary Flames,Toronto Maple Leafs,4.0,5.0,False,2|1|1|0,2|1|1|1,,,220.0,-110.0,-1.5,5.5,espn,401459029,CGY,TOR,regular
2022-23,2022-12-10,Carolina Hurricanes,New York Islanders,3.0,0.0,False,0|1|2,0|0|0,,,115.0,160.0,,5.5,espn,401459025,CAR,NYI,regular
2022-23,2022-12-10,Minnesota Wild,Vancouver Canucks,3.0,0.0,False,1|1|1,0|0|0,,,140.0,140.0,-1.5,5.5,espn,401459030,MIN,VAN,regular
2022-23,2022-12-11,Colorado Avalanche,St. Louis Blues,3.0,2.0,False,0|1|1|1,0|0|2|0,,,140.0,150.0,-1.5,5.5,espn,401459034,COL,STL,regular
2022-23,2022-12-11,Los Angeles Kings,Columbus Blue Jackets,5.0,6.0,False,0|3|2|0,2|3|0|1,,,115.0,180.0,,5.5,espn,401459032,LA,CBJ,regular
2022-23,2022-12-11,Seattle Kraken,Florida Panthers,5.0,2.0,False,1|1|3,0|1|1,,,200.0,100.0,-1.5,5.5,espn,401459033,SEA,FLA,regular
2022-23,2022-12-11,Philadelphia Flyers,Arizona Coyotes,4.0,5.0,False,0|3|1|0,1|2|1|1,,,145.0,150.0,-1.5,5.5,espn,401459031,PHI,ARI,regular
2022-23,2022-12-11,Washington Capitals,Winnipeg Jets,5.0,2.0,False,0|4|1,0|0|2,,,165.0,125.0,-1.5,5.5,espn,401459036,WSH,WPG,regular
2022-23,2022-12-11,Boston Bruins,Vegas Golden Knights,3.0,1.0,False,0|1|2,1|0|0,,,110.0,180.0,,5.5,espn,401459035,BOS,VGK,regular
2022-23,2022-12-12,Calgary Flames,Montreal Canadiens,1.0,2.0,False,0|1|0|0|0,0|0|1|0|1,,,-120.0,260.0,,5.5,espn,401459038,CGY,MTL,regular
2022-23,2022-12-12,New Jersey Devils,New York Rangers,3.0,4.0,False,2|1|0|0,1|2|0|1,,,150.0,140.0,,5.5,espn,401459039,NJ,NYR,regular
2022-23,2022-12-12,Dallas Stars,Pittsburgh Penguins,1.0,2.0,False,1|0|0,1|0|1,,,160.0,130.0,-1.5,5.5,espn,401459041,DAL,PIT,regular
2022-23,2022-12-12,Anaheim Ducks,Ottawa Senators,0.0,3.0,False,0|0|0,2|0|1,,,260.0,-130.0,-1.5,5.5,espn,401459040,ANA,OTT,regular
2022-23,2022-12-12,Edmonton Oilers,Minnesota Wild,1.0,2.0,False,1|0|0,1|1|0,,,150.0,130.0,-1.5,5.5,espn,401459037,EDM,MIN,regular
2022-23,2022-12-12,Nashville Predators,St. Louis Blues,0.0,1.0,False,0|0|0|0,0|0|0|1,,,140.0,150.0,,5.5,espn,401459042,NSH,STL,regular
2022-23,2022-12-13,New York Islanders,Boston Bruins,3.0,4.0,False,1|1|1|0|0,2|1|0|0|1,,,300.0,-140.0,-1.5,5.5,espn,401459043,NYI,BOS,regular
2022-23,2022-12-13,Los Angeles Kings,Buffalo Sabres,0.0,6.0,False,0|0|0,0|0|6,,,140.0,140.0,,5.5,espn,401459044,LA,BUF,regular
2022-23,2022-12-13,Carolina Hurricanes,Detroit Red Wings,1.0,0.0,False,1|0|0,0|0|0,,,100.0,210.0,,5.5,espn,401459047,CAR,DET,regular
2022-23,2022-12-13,Columbus Blue Jackets,Florida Panthers,0.0,4.0,False,0|0|0,1|2|1,,,325.0,-160.0,-1.5,5.5,espn,401459048,CBJ,FLA,regular
2022-23,2022-12-13,Dallas Stars,New Jersey Devils,4.0,1.0,False,0|2|2,0|1|0,,,200.0,105.0,-1.5,5.5,espn,401459050,DAL,NJ,regular
2022-23,2022-12-13,Seattle Kraken,Tampa Bay Lightning,2.0,6.0,False,1|0|1,2|3|1,,,240.0,-115.0,-1.5,5.5,espn,401459052,SEA,TB,regular
2022-23,2022-12-13,Anaheim Ducks,Toronto Maple Leafs,0.0,7.0,False,0|0|0,2|2|3,,,650.0,-300.0,-1.5,5.5,espn,401459053,ANA,TOR,regular
2022-23,2022-12-13,Edmonton Oilers,Nashville Predators,6.0,3.0,False,3|2|1,1|2|0,,,130.0,155.0,,5.5,espn,401459049,EDM,NSH,regular
2022-23,2022-12-13,Vegas Golden Knights,Winnipeg Jets,6.0,5.0,False,2|1|3,1|2|2,,,190.0,115.0,-1.5,5.5,espn,401459054,VGK,WPG,regular
2022-23,2022-12-13,Washington Capitals,Chicago Blackhawks,7.0,3.0,False,2|2|3,1|1|1,,,-125.0,260.0,,5.5,espn,401459045,WSH,CHI,regular
2022-23,2022-12-13,Philadelphia Flyers,Colorado Avalanche,2.0,3.0,False,1|0|1,0|2|1,,,300.0,-135.0,-1.5,5.5,espn,401459046,PHI,COL,regular
2022-23,2022-12-13,Arizona Coyotes,San Jose Sharks,2.0,3.0,False,1|0|1,2|1|0,,,210.0,-105.0,-1.5,5.5,espn,401459051,ARI,SJ,regular
2022-23,2022-12-14,Montreal Canadiens,Ottawa Senators,2.0,3.0,False,0|0|2,0|3|0,,,260.0,-125.0,-1.5,5.5,espn,401459057,MTL,OTT,regular
2022-23,2022-12-14,Detroit Red Wings,Minnesota Wild,1.0,4.0,False,0|1|0,1|2|1,,,350.0,-180.0,-1.5,5.5,espn,401459056,DET,MIN,regular
2022-23,2022-12-14,Vancouver Canucks,Calgary Flames,4.0,3.0,False,2|1|0|0|1,2|1|0|0|0,,,230.0,-115.0,-1.5,5.5,espn,401459055,VAN,CGY,regular
2022-23,2022-12-15,Los Angeles Kings,Boston Bruins,3.0,2.0,False,0|0|2|0|1,0|2|0|0|0,,,300.0,-140.0,-1.5,5.5,espn,401459058,LA,BOS,regular
2022-23,2022-12-15,Seattle Kraken,Carolina Hurricanes,2.0,3.0,False,0|1|1,2|1|0,,,250.0,-120.0,-1.5,5.5,espn,401459059,SEA,CAR,regular
2022-23,2022-12-15,Pittsburgh Penguins,Florida Panthers,4.0,2.0,False,0|2|2,1|0|1,,,145.0,140.0,-1.5,5.5,espn,401459063,PIT,FLA,regular
2022-23,2022-12-15,Anaheim Ducks,Montreal Canadiens,5.0,2.0,False,2|0|3,0|0|2,,,200.0,105.0,-1.5,5.5,espn,401459064,ANA,MTL,regular
2022-23,2022-12-15,Toronto Maple Leafs,New York Rangers,1.0,3.0,False,1|0|0,1|1|1,,,135.0,160.0,,5.5,espn,401459065,TOR,NYR,regular
2022-23,2022-12-15,Philadelphia Flyers,New Jersey Devils,2.0,1.0,False,0|1|1,1|0|0,,,350.0,-170.0,-1.5,5.5,espn,401459066,PHI,NJ,regular
2022-23,2022-12-15,Columbus Blue Jackets,Tampa Bay Lightning,1.0,4.0,False,0|1|0,1|0|3,,,400.0,-200.0,-1.5,5.5,espn,401459067,CBJ,TB,regular
2022-23,2022-12-15,Dallas Stars,Washington Capitals,2.0,1.0,False,0|0|2,0|1|0,,,145.0,145.0,,5.5,espn,401459068,DAL,WSH,regular
2022-23,2022-12-15,Nashville Predators,Winnipeg Jets,1.0,2.0,False,1|0|0|0,1|0|0|1,,,210.0,100.0,-1.5,5.5,espn,401459069,NSH,WPG,regular
2022-23,2022-12-15,Vegas Golden Knights,Chicago Blackhawks,4.0,1.0,False,1|1|2,0|0|1,,,-125.0,260.0,,5.5,espn,401459060,VGK,CHI,regular
2022-23,2022-12-15,Buffalo Sabres,Colorado Avalanche,4.0,2.0,False,2|1|1,0|0|2,,,230.0,-115.0,-1.5,5.5,espn,401459061,BUF,COL,regular
2022-23,2022-12-15,St. Louis Blues,Edmonton Oilers,4.0,3.0,False,1|0|2|0|1,1|1|1|0|0,,,210.0,-115.0,-1.5,5.5,espn,401459062,STL,EDM,regular
2022-23,2022-12-16,Chicago Blackhawks,Minnesota Wild,1.0,4.0,False,0|0|1,1|2|1,,,550.0,-250.0,-1.5,5.5,espn,401459072,CHI,MIN,regular
2022-23,2022-12-16,St. Louis Blues,Calgary Flames,5.0,2.0,False,1|1|3,1|0|1,,,280.0,-130.0,-1.5,5.5,espn,401459071,STL,CGY,regular
2022-23,2022-12-16,New York Islanders,Arizona Coyotes,4.0,5.0,False,2|1|1,1|2|2,,,-105.0,230.0,,5.5,espn,401459070,NYI,ARI,regular
2022-23,2022-12-17,Columbus Blue Jackets,Boston Bruins,2.0,4.0,False,0|1|1,1|1|2,,,550.0,-275.0,-1.5,5.5,espn,401459074,CBJ,BOS,regular
2022-23,2022-12-17,Ottawa Senators,Detroit Red Wings,6.0,3.0,False,2|1|3,2|1|0,,,145.0,140.0,,5.5,espn,401459077,OTT,DET,regular
2022-23,2022-12-17,Anaheim Ducks,Edmonton Oilers,4.0,3.0,False,2|1|1,1|1|1,,,400.0,-200.0,-1.5,5.5,espn,401459078,ANA,EDM,regular
2022-23,2022-12-17,Dallas Stars,Carolina Hurricanes,4.0,5.0,False,1|1|2|0,2|1|1|1,,,210.0,105.0,-1.5,5.5,espn,401459075,DAL,CAR,regular
2022-23,2022-12-17,Tampa Bay Lightning,Montreal Canadiens,5.0,1.0,False,2|2|1,0|0|1,,,-140.0,300.0,,5.5,espn,401459080,TB,MTL,regular
2022-23,2022-12-17,New York Rangers,Philadelphia Flyers,6.0,3.0,False,1|2|3,1|1|1,,,100.0,210.0,,5.5,espn,401459082,NYR,PHI,regular
2022-23,2022-12-17,Toronto Maple Leafs,Washington Capitals,2.0,5.0,False,1|1|0,2|1|2,,,115.0,180.0,,5.5,espn,401459085,TOR,WSH,regular
2022-23,2022-12-17,Florida Panthers,New Jersey Devils,4.0,2.0,False,1|2|1,0|1|1,,,180.0,105.0,-1.5,5.5,espn,401459081,FLA,NJ,regular
2022-23,2022-12-17,Buffalo Sabres,Arizona Coyotes,5.0,2.0,False,1|1|3,1|1|0,,,-105.0,210.0,,5.5,espn,401459073,BUF,ARI,regular
2022-23,2022-12-17,Nashville Predators,Colorado Avalanche,1.0,3.0,False,0|0|1,0|2|1,,,225.0,-105.0,-1.5,5.5,espn,401459076,NSH,COL,regular
2022-23,2022-12-17,Winnipeg Jets,Vancouver Canucks,5.0,1.0,False,1|2|2,0|0|1,,,130.0,160.0,,5.5,espn,401459083,WPG,VAN,regular
2022-23,2022-12-17,New York Islanders,Vegas Golden Knights,5.0,2.0,False,1|2|2,0|1|1,,,225.0,-105.0,-1.5,5.5,espn,401459084,NYI,VGK,regular
2022-23,2022-12-17,San Jose Sharks,Los Angeles Kings,2.0,3.0,False,1|1|0|0|0,1|1|0|0|1,,,210.0,100.0,-1.5,5.5,espn,401459079,SJ,LA,regular
2022-23,2022-12-18,Ottawa Senators,Minnesota Wild,2.0,4.0,False,0|0|2,1|2|1,,,250.0,-120.0,-1.5,5.5,espn,401459088,OTT,MIN,regular
2022-23,2022-12-18,Pittsburgh Penguins,Carolina Hurricanes,2.0,3.0,False,0|1|1,0|1|2,,,155.0,135.0,-1.5,5.5,espn,401459086,PIT,CAR,regular
2022-23,2022-12-18,New York Rangers,Chicago Blackhawks,7.0,1.0,False,3|2|2,0|1|0,,,-155.0,325.0,,5.5,espn,401459087,NYR,CHI,regular
2022-23,2022-12-18,Winnipeg Jets,Seattle Kraken,2.0,3.0,False,1|1|0,0|1|2,,,200.0,105.0,-1.5,5.5,espn,401459090,WPG,SEA,regular
2022-23,2022-12-18,Calgary Flames,San Jose Sharks,5.0,2.0,False,1|1|3,1|0|1,,,-110.0,225.0,,5.5,espn,401459089,CGY,SJ,regular
2022-23,2022-12-19,Florida Panthers,Boston Bruins,3.0,7.0,False,0|3|0,3|2|2,,,260.0,-125.0,-1.5,5.5,espn,401459092,FLA,BOS,regular
2022-23,2022-12-19,Dallas Stars,Columbus Blue Jackets,2.0,1.0,False,0|1|1,0|0|1,,,-135.0,280.0,,5.5,espn,401459094,DAL,CBJ,regular
2022-23,2022-12-19,Detroit Red Wings,Washington Capitals,3.0,4.0,False,2|0|1|0,0|2|1|1,,,230.0,-115.0,-1.5,5.5,espn,401459098,DET,WSH,regular
2022-23,2022-12-19,Edmonton Oilers,Nashville Predators,3.0,4.0,False,1|1|1|0,1|2|0|1,,,125.0,160.0,,5.5,espn,401459095,EDM,NSH,regular
2022-23,2022-12-19,New York Islanders,Colorado Avalanche,0.0,1.0,False,0|0|0|0|0,0|0|0|0|1,,,190.0,115.0,-1.5,5.5,espn,401459093,NYI,COL,regular
2022-23,2022-12-19,Montreal Canadiens,Arizona Coyotes,3.0,2.0,False,0|2|0|1,0|2|0|0,,,160.0,135.0,-1.5,5.5,espn,401459091,MTL,ARI,regular
2022-23,2022-12-19,Buffalo Sabres,Vegas Golden Knights,3.0,2.0,False,0|3|0,0|0|2,,,175.0,115.0,-1.5,5.5,espn,401459097,BUF,VGK,regular
2022-23,2022-12-19,St. Louis Blues,Vancouver Canucks,5.0,1.0,False,0|3|2,0|1|0,,,140.0,145.0,,5.5,espn,401459096,STL,VAN,regular
2022-23,2022-12-20,New Jersey Devils,Carolina Hurricanes,1.0,4.0,False,0|0|1,1|2|1,,,165.0,125.0,-1.5,5.5,espn,401459099,NJ,CAR,regular
2022-23,2022-12-20,Columbus Blue Jackets,Philadelphia Flyers,3.0,5.0,False,0|2|1,1|2|2,,,220.0,-115.0,-1.5,5.5,espn,401459101,CBJ,PHI,regular
2022-23,2022-12-20,New York Rangers,Pittsburgh Penguins,2.0,3.0,False,1|0|1,0|2|1,,,175.0,125.0,-1.5,5.5,espn,401459102,NYR,PIT,regular
2022-23,2022-12-20,Tampa Bay Lightning,Toronto Maple Leafs,1.0,4.0,False,0|0|1,1|1|2,,,170.0,125.0,-1.5,5.5,espn,401459105,TB,TOR,regular
2022-23,2022-12-20,Ottawa Senators,Winnipeg Jets,1.0,5.0,False,1|0|0,3|2|0,,,170.0,115.0,-1.5,5.5,espn,401459106,OTT,WPG,regular
2022-23,2022-12-20,St. Louis Blues,Seattle Kraken,2.0,5.0,False,0|0|2,1|3|1,,,220.0,-105.0,-1.5,5.5,espn,401459104,STL,SEA,regular
2022-23,2022-12-20,Anaheim Ducks,Los Angeles Kings,1.0,4.0,False,0|1|0,0|2|2,,,300.0,-145.0,-1.5,5.5,espn,401459100,ANA,LA,regular
2022-23,2022-12-20,Calgary Flames,San Jose Sharks,7.0,3.0,False,2|1|4,1|1|1,,,-110.0,240.0,,5.5,espn,401459103,CGY,SJ,regular
2022-23,2022-12-21,Tampa Bay Lightning,Detroit Red Wings,4.0,7.0,False,2|1|1,2|1|4,,,105.0,190.0,,5.5,espn,401459111,TB,DET,regular
2022-23,2022-12-21,New Jersey Devils,Florida Panthers,4.0,2.0,False,1|0|3,1|1|0,,,170.0,115.0,-1.5,5.5,espn,401459112,NJ,FLA,regular
2022-23,2022-12-21,Montreal Canadiens,Colorado Avalanche,1.0,2.0,False,1|0|0|0,0|0|1|1,,,375.0,-170.0,-1.5,5.5,espn,401459109,MTL,COL,regular
2022-23,2022-12-21,Nashville Predators,Chicago Blackhawks,4.0,2.0,False,1|1|2,0|2|0,,,-110.0,240.0,,5.5,espn,401459108,NSH,CHI,regular
2022-23,2022-12-21,Edmonton Oilers,Dallas Stars,6.0,3.0,False,1|2|3,1|2|0,,,175.0,115.0,-1.5,5.5,espn,401459110,EDM,DAL,regular
2022-23,2022-12-21,Minnesota Wild,Anaheim Ducks,4.0,1.0,False,0|1|3,0|1|0,,,-190.0,375.0,,5.5,espn,401459107,MIN,ANA,regular
2022-23,2022-12-21,Arizona Coyotes,Vegas Golden Knights,2.0,5.0,False,0|1|1,0|1|4,,,400.0,-190.0,-1.5,5.5,espn,401459113,ARI,VGK,regular
2022-23,2022-12-22,Philadelphia Flyers,Toronto Maple Leafs,3.0,4.0,False,1|0|2,0|2|2,,,450.0,-225.0,-1.5,5.5,espn,401459120,PHI,TOR,regular
2022-23,2022-12-22,Winnipeg Jets,Boston Bruins,2.0,3.0,False,2|0|0,0|2|1,,,280.0,-135.0,-1.5,5.5,espn,401459114,WPG,BOS,regular
2022-23,2022-12-22,New York Islanders,New York Rangers,3.0,5.0,False,1|2|0,1|1|3,,,210.0,100.0,-1.5,5.5,espn,401459116,NYI,NYR,regular
2022-23,2022-12-22,Washington Capitals,Ottawa Senators,3.0,2.0,False,1|1|0|1,1|0|1|0,,,135.0,155.0,,5.5,espn,401459117,WSH,OTT,regular
2022-23,2022-12-22,Carolina Hurricanes,Pittsburgh Penguins,4.0,3.0,False,2|0|1|1,1|1|1|0,,,165.0,130.0,-1.5,5.5,espn,401459118,CAR,PIT,regular
2022-23,2022-12-22,Seattle Kraken,Vancouver Canucks,5.0,6.0,False,1|3|1|0|0,1|1|3|0|1,,,135.0,155.0,,5.5,espn,401459121,SEA,VAN,regular
2022-23,2022-12-22,Calgary Flames,Los Angeles Kings,3.0,4.0,False,1|0|2|0,1|0|2|1,,,140.0,150.0,,5.5,espn,401459115,CGY,LA,regular
2022-23,2022-12-22,Minnesota Wild,San Jose Sharks,2.0,5.0,False,1|1|0,2|2|1,,,100.0,210.0,,5.5,espn,401459119,MIN,SJ,regular
2022-23,2022-12-23,Philadelphia Flyers,Carolina Hurricanes,5.0,6.0,False,1|1|3,3|3|0,,,500.0,-225.0,-1.5,5.5,espn,401459125,PHI,CAR,regular
2022-23,2022-12-23,Boston Bruins,New Jersey Devils,4.0,3.0,False,0|4|0,1|0|2,,,145.0,140.0,,5.5,espn,401459131,BOS,NJ,regular
2022-23,2022-12-23,Winnipeg Jets,Washington Capitals,1.0,4.0,False,0|0|1,1|1|2,,,220.0,-105.0,-1.5,5.5,espn,401459134,WPG,WSH,regular
2022-23,2022-12-23,Florida Panthers,New York Islanders,1.0,5.0,False,1|0|0,0|2|3,,,130.0,160.0,,5.5,espn,401459129,FLA,NYI,regular
2022-23,2022-12-23,Montreal Canadiens,Dallas Stars,2.0,4.0,False,1|1|0,0|1|3,,,350.0,-170.0,-1.5,5.5,espn,401459127,MTL,DAL,regular
2022-23,2022-12-23,Colorado Avalanche,Nashville Predators,3.0,2.0,False,0|1|1|1,1|1|0|0,,,140.0,155.0,,5.5,espn,401459130,COL,NSH,regular
2022-23,2022-12-23,Columbus Blue Jackets,Chicago Blackhawks,2.0,5.0,False,0|1|1,2|2|1,,,135.0,155.0,-1.5,5.5,espn,401459126,CBJ,CHI,regular
2022-23,2022-12-23,Vancouver Canucks,Edmonton Oilers,5.0,2.0,False,0|2|3,2|0|0,,,260.0,-130.0,-1.5,6.5,espn,401459128,VAN,EDM,regular
2022-23,2022-12-23,Los Angeles Kings,Arizona Coyotes,1.0,2.0,False,0|1|0|0|0,1|0|0|0|1,,,105.0,200.0,,5.5,espn,401459123,LA,ARI,regular
2022-23,2022-12-23,St. Louis Blues,Vegas Golden Knights,4.0,5.0,False,0|3|1|0|0,1|2|1|0|1,,,200.0,105.0,-1.5,5.5,espn,401459133,STL,VGK,regular
2022-23,2022-12-23,Calgary Flames,Anaheim Ducks,3.0,2.0,False,1|1|0|1,1|0|1|0,,,-130.0,275.0,,5.5,espn,401459122,CGY,ANA,regular
2022-23,2022-12-27,Chicago Blackhawks,Carolina Hurricanes,0.0,3.0,False,0|0|0,2|0|1,,,550.0,-280.0,-1.5,5.5,espn,401459137,CHI,CAR,regular
2022-23,2022-12-27,Washington Capitals,New York Rangers,4.0,0.0,False,1|2|1,0|0|0,,,210.0,-105.0,-1.5,5.5,espn,401459141,WSH,NYR,regular
2022-23,2022-12-27,Boston Bruins,Ottawa Senators,2.0,3.0,False,0|1|1|0|0,0|2|0|0|1,,,-115.0,230.0,,5.5,espn,401459143,BOS,OTT,regular
2022-23,2022-12-27,Pittsburgh Penguins,New York Islanders,1.0,5.0,False,1|0|0,1|3|1,,,115.0,180.0,,5.5,espn,401459140,PIT,NYI,regular
2022-23,2022-12-27,Dallas Stars,Nashville Predators,3.0,2.0,False,1|1|1,0|2|0,,,120.0,170.0,,5.5,espn,401459142,DAL,NSH,regular
2022-23,2022-12-27,Toronto Maple Leafs,St. Louis Blues,5.0,4.0,False,2|2|0|1,1|2|1|0,,,-120.0,230.0,,5.5,espn,401459144,TOR,STL,regular
2022-23,2022-12-27,Minnesota Wild,Winnipeg Jets,4.0,1.0,False,2|1|1,1|0|0,,,135.0,155.0,,5.5,espn,401459146,MIN,WPG,regular
2022-23,2022-12-27,Colorado Avalanche,Arizona Coyotes,3.0,6.0,False,1|1|1,2|2|2,,,-130.0,260.0,,5.5,espn,401459135,COL,ARI,regular
2022-23,2022-12-27,Edmonton Oilers,Calgary Flames,2.0,1.0,False,0|1|1,0|1|0,,,175.0,110.0,-1.5,5.5,espn,401459136,EDM,CGY,regular
2022-23,2022-12-27,San Jose Sharks,Vancouver Canucks,2.0,6.0,False,1|0|1,2|2|2,,,165.0,120.0,-1.5,5.5,espn,401459145,SJ,VAN,regular
2022-23,2022-12-27,Vegas Golden Knights,Los Angeles Kings,2.0,4.0,False,1|1|0,1|1|2,,,145.0,140.0,-1.5,5.5,espn,401459139,VGK,LA,regular
2022-23,2022-12-28,Montreal Canadiens,Tampa Bay Lightning,1.0,4.0,False,0|0|1,2|1|1,,,500.0,-225.0,-1.5,5.5,espn,401459151,MTL,TB,regular
2022-23,2022-12-28,Boston Bruins,New Jersey Devils,3.0,1.0,False,0|1|2,0|0|1,,,130.0,155.0,,5.5,espn,401459148,BOS,NJ,regular
2022-23,2022-12-28,Detroit Red Wings,Pittsburgh Penguins,5.0,4.0,False,0|2|2|1,4|0|0|0,,,250.0,-120.0,-1.5,5.5,espn,401459149,DET,PIT,regular
2022-23,2022-12-28,Vegas Golden Knights,Anaheim Ducks,2.0,3.0,False,1|1|0|0|0,2|0|0|0|1,,,100.0,210.0,,5.5,espn,401459147,VGK,ANA,regular
2022-23,2022-12-28,Calgary Flames,Seattle Kraken,3.0,2.0,False,1|1|1,1|1|0,,,140.0,145.0,,5.5,espn,401459150,CGY,SEA,regular
2022-23,2022-12-29,Detroit Red Wings,Buffalo Sabres,3.0,6.0,False,0|0|3,1|4|1,,,200.0,-120.0,-1.5,5.5,espn,401459153,DET,BUF,regular
2022-23,2022-12-29,Montreal Canadiens,Florida Panthers,2.0,7.0,False,2|0|0,3|1|3,,,500.0,-225.0,-1.5,5.5,espn,401459155,MTL,FLA,regular
2022-23,2022-12-29,New York Rangers,Tampa Bay Lightning,1.0,2.0,False,1|0|0|0|0,0|0|1|0|1,,,200.0,110.0,-1.5,5.5,espn,401459160,NYR,TB,regular
2022-23,2022-12-29,Ottawa Senators,Washington Capitals,4.0,3.0,False,0|2|1|1,0|3|0|0,,,220.0,-105.0,-1.5,5.5,espn,401459161,OTT,WSH,regular
2022-23,2022-12-29,Columbus Blue Jackets,New York Islanders,1.0,2.0,False,0|0|1,0|2|0,,,320.0,-150.0,-1.5,5.5,espn,401459157,CBJ,NYI,regular
2022-23,2022-12-29,Dallas Stars,Minnesota Wild,4.0,1.0,False,1|0|3,1|0|0,,,160.0,135.0,-1.5,5.5,espn,401459156,DAL,MIN,regular
2022-23,2022-12-29,Chicago Blackhawks,St. Louis Blues,1.0,3.0,False,1|0|0,1|1|1,,,325.0,-155.0,-1.5,5.5,espn,401459159,CHI,STL,regular
2022-23,2022-12-29,Vancouver Canucks,Winnipeg Jets,2.0,4.0,False,1|0|1,0|3|1,,,180.0,115.0,-1.5,5.5,espn,401459162,VAN,WPG,regular
2022-23,2022-12-29,Toronto Maple Leafs,Arizona Coyotes,3.0,6.0,False,2|1|0,1|1|4,,,-190.0,400.0,,5.5,espn,401459152,TOR,ARI,regular
2022-23,2022-12-29,Los Angeles Kings,Colorado Avalanche,5.0,4.0,False,1|1|2|0|1,0|4|0|0|0,,,200.0,100.0,-1.5,5.5,espn,401459154,LA,COL,regular
2022-23,2022-12-29,Philadelphia Flyers,San Jose Sharks,4.0,3.0,False,1|0|2|1,1|1|1|0,,,190.0,105.0,-1.5,5.5,espn,401459158,PHI,SJ,regular
2022-23,2022-12-30,Nashville Predators,Anaheim Ducks,6.0,1.0,False,1|2|3,0|1|0,,,100.0,210.0,,5.5,espn,401459163,NSH,ANA,regular
2022-23,2022-12-30,New Jersey Devils,Pittsburgh Penguins,4.0,2.0,False,0|3|1,1|1|0,,,155.0,135.0,-1.5,5.5,espn,401459165,NJ,PIT,regular
2022-23,2022-12-30,Florida Panthers,Carolina Hurricanes,0.0,4.0,False,0|0|0,1|2|1,,,220.0,-105.0,-1.5,5.5,espn,401459164,FLA,CAR,regular
2022-23,2022-12-30,Edmonton Oilers,Seattle Kraken,7.0,2.0,False,4|2|1,0|2|0,,,150.0,135.0,-1.5,5.5,espn,401459166,EDM,SEA,regular
2022-23,2022-12-31,Buffalo Sabres,Boston Bruins,4.0,3.0,False,1|1|1|1,1|0|2|0,,,300.0,-145.0,-1.5,5.5,espn,401459167,BUF,BOS,regular
2022-23,2022-12-31,Chicago Blackhawks,Columbus Blue Jackets,1.0,4.0,False,1|0|0,1|2|1,,,175.0,120.0,-1.5,5.5,espn,401459170,CHI,CBJ,regular
2022-23,2022-12-31,Nashville Predators,Vegas Golden Knights,4.0,5.0,False,2|0|2|0,1|2|1|1,,,210.0,100.0,-1.5,5.5,espn,401459177,NSH,VGK,regular
2022-23,2022-12-31,Philadelphia Flyers,Los Angeles Kings,4.0,2.0,False,1|1|2,2|0|0,,,275.0,-130.0,-1.5,5.5,espn,401459174,PHI,LA,regular
2022-23,2022-12-31,Montreal Canadiens,Washington Capitals,2.0,9.0,False,0|2|0,2|3|4,,,325.0,-155.0,-1.5,5.5,espn,401459178,MTL,WSH,regular
2022-23,2022-12-31,Arizona Coyotes,Tampa Bay Lightning,3.0,5.0,False,2|1|0,1|3|1,,,450.0,-225.0,-1.5,5.5,espn,401459176,ARI,TB,regular
2022-23,2022-12-31,Minnesota Wild,St. Louis Blues,5.0,2.0,False,1|2|2,1|1|0,,,130.0,165.0,,5.5,espn,401459175,MIN,STL,regular
2022-23,2022-12-31,Toronto Maple Leafs,Colorado Avalanche,6.0,2.0,False,2|3|1,1|1|0,,,135.0,155.0,,5.5,espn,401459169,TOR,COL,regular
2022-23,2022-12-31,Ottawa Senators,Detroit Red Wings,2.0,4.0,False,2|0|0,0|1|3,,,135.0,150.0,,5.5,espn,401459172,OTT,DET,regular
2022-23,2022-12-31,San Jose Sharks,Dallas Stars,2.0,5.0,False,1|1|0,2|1|2,,,300.0,-140.0,-1.5,5.5,espn,401459171,SJ,DAL,regular
2022-23,2022-12-31,Vancouver Canucks,Calgary Flames,2.0,3.0,False,0|1|1,0|3|0,,,260.0,-130.0,-1.5,5.5,espn,401459168,VAN,CGY,regular
2022-23,2022-12-31,Winnipeg Jets,Edmonton Oilers,2.0,1.0,False,1|0|1,0|0|1,,,150.0,140.0,-1.5,5.5,espn,401459173,WPG,EDM,regular
2022-23,2023-01-01,Carolina Hurricanes,New Jersey Devils,5.0,4.0,False,0|2|2|0|1,0|1|3|0|0,,,145.0,150.0,,5.5,espn,401459181,CAR,NJ,regular
2022-23,2023-01-01,New York Rangers,Florida Panthers,5.0,3.0,False,1|2|2,0|2|1,,,200.0,105.0,-1.5,5.5,espn,401459180,NYR,FLA,regular
2022-23,2023-01-01,San Jose Sharks,Chicago Blackhawks,5.0,2.0,False,0|3|2,0|2|0,,,110.0,180.0,,5.5,espn,401459179,SJ,CHI,regular
2022-23,2023-01-01,Buffalo Sabres,Ottawa Senators,1.0,3.0,False,0|1|0,1|1|1,,,165.0,120.0,-1.5,5.5,espn,401459182,BUF,OTT,regular
2022-23,2023-01-01,New York Islanders,Seattle Kraken,1.0,4.0,False,1|0|0,1|2|1,,,160.0,130.0,-1.5,5.5,espn,401459183,NYI,SEA,regular
2022-23,2023-01-02,Pittsburgh Penguins,Boston Bruins,1.0,2.0,False,0|1|0,0|0|2,,,220.0,-105.0,-1.5,5.5,espn,401459185,PIT,BOS,regular
2022-23,2023-01-02,Vegas Golden Knights,Colorado Avalanche,3.0,2.0,False,1|2|0,1|0|1,,,200.0,105.0,-1.5,5.5,espn,401459186,VGK,COL,regular
2022-23,2023-01-02,Philadelphia Flyers,Anaheim Ducks,4.0,1.0,False,2|1|1,0|0|1,,,145.0,140.0,,5.5,espn,401459184,PHI,ANA,regular
2022-23,2023-01-03,Arizona Coyotes,Florida Panthers,3.0,5.0,False,1|2|0,2|3|0,,,400.0,-190.0,-1.5,5.5,espn,401459189,ARI,FLA,regular
2022-23,2023-01-03,Carolina Hurricanes,New York Rangers,3.0,5.0,False,2|1|0,1|1|3,,,135.0,155.0,,5.5,espn,401459191,CAR,NYR,regular
2022-23,2023-01-03,Columbus Blue Jackets,Ottawa Senators,0.0,4.0,False,0|0|0,0|3|1,,,260.0,-130.0,-1.5,5.5,espn,401459193,CBJ,OTT,regular
2022-23,2023-01-03,St. Louis Blues,Toronto Maple Leafs,6.0,5.0,False,2|3|0|0|1,1|3|1|0|0,,,400.0,-180.0,-1.5,5.5,espn,401459194,STL,TOR,regular
2022-23,2023-01-03,Buffalo Sabres,Washington Capitals,5.0,4.0,False,2|1|1|1,1|1|2|0,,,200.0,100.0,-1.5,5.5,espn,401459196,BUF,WSH,regular
2022-23,2023-01-03,Montreal Canadiens,Nashville Predators,3.0,6.0,False,1|1|1,3|2|1,,,325.0,-155.0,-1.5,5.5,espn,401459192,MTL,NSH,regular
2022-23,2023-01-03,Calgary Flames,Winnipeg Jets,2.0,3.0,False,0|1|1,0|1|2,,,130.0,165.0,,5.5,espn,401459197,CGY,WPG,regular
2022-23,2023-01-03,Tampa Bay Lightning,Chicago Blackhawks,4.0,1.0,False,1|0|3,1|0|0,,,-225.0,450.0,,5.5,espn,401459187,TB,CHI,regular
2022-23,2023-01-03,Seattle Kraken,Edmonton Oilers,5.0,2.0,False,0|4|1,1|1|0,,,190.0,105.0,-1.5,5.5,espn,401459188,SEA,EDM,regular
2022-23,2023-01-03,Dallas Stars,Los Angeles Kings,2.0,3.0,False,0|2|0,1|1|1,,,135.0,160.0,,5.5,espn,401459190,DAL,LA,regular
2022-23,2023-01-03,New York Islanders,Vancouver Canucks,6.0,2.0,False,0|3|3,1|1|0,,,140.0,145.0,-1.5,5.5,espn,401459195,NYI,VAN,regular
2022-23,2023-01-04,New Jersey Devils,Detroit Red Wings,5.0,1.0,False,0|2|3,0|0|1,,,115.0,175.0,,5.5,espn,401459199,NJ,DET,regular
2022-23,2023-01-04,Tampa Bay Lightning,Minnesota Wild,1.0,5.0,False,0|1|0,1|3|1,,,140.0,145.0,-1.5,5.5,espn,401459200,TB,MIN,regular
2022-23,2023-01-04,Dallas Stars,Anaheim Ducks,0.0,2.0,False,0|0|0,2|0|0,,,-135.0,280.0,,5.5,espn,401459198,DAL,ANA,regular
2022-23,2023-01-05,Nashville Predators,Carolina Hurricanes,5.0,3.0,False,1|2|2,1|2|0,,,300.0,-140.0,-1.5,5.5,espn,401459201,NSH,CAR,regular
2022-23,2023-01-05,Washington Capitals,Columbus Blue Jackets,6.0,2.0,False,0|4|2,1|1|0,,,-125.0,260.0,,5.5,espn,401459202,WSH,CBJ,regular
2022-23,2023-01-05,New York Rangers,Montreal Canadiens,4.0,1.0,False,0|3|1,0|0|1,,,-125.0,250.0,,5.5,espn,401459205,NYR,MTL,regular
2022-23,2023-01-05,St. Louis Blues,New Jersey Devils,5.0,3.0,False,1|1|3,0|2|1,,,210.0,-105.0,-1.5,5.5,espn,401459206,STL,NJ,regular
2022-23,2023-01-05,Arizona Coyotes,Philadelphia Flyers,2.0,6.0,False,1|1|0,0|5|1,,,200.0,100.0,-1.5,5.5,espn,401459207,ARI,PHI,regular
2022-23,2023-01-05,Seattle Kraken,Toronto Maple Leafs,5.0,1.0,False,0|4|1,0|1|0,,,275.0,-135.0,-1.5,5.5,espn,401459208,SEA,TOR,regular
2022-23,2023-01-05,New York Islanders,Edmonton Oilers,2.0,4.0,False,0|2|0,2|2|0,,,200.0,105.0,-1.5,5.5,espn,401459203,NYI,EDM,regular
2022-23,2023-01-05,Colorado Avalanche,Vancouver Canucks,2.0,4.0,False,1|1|0,0|3|1,,,100.0,210.0,,5.5,espn,401459209,COL,VAN,regular
2022-23,2023-01-05,Pittsburgh Penguins,Vegas Golden Knights,2.0,5.0,False,0|0|2,3|1|1,,,145.0,140.0,-1.5,5.5,espn,401459210,PIT,VGK,regular
2022-23,2023-01-05,Boston Bruins,Los Angeles Kings,5.0,2.0,False,0|2|3,1|1|0,,,100.0,210.0,,5.5,espn,401459204,BOS,LA,regular
2022-23,2023-01-06,Florida Panthers,Detroit Red Wings,3.0,2.0,False,1|1|1,1|0|1,,,115.0,175.0,,5.5,espn,401459214,FLA,DET,regular
2022-23,2023-01-06,Nashville Predators,Washington Capitals,3.0,2.0,False,2|0|1,1|1|0,,,210.0,-105.0,-1.5,5.5,espn,401459215,NSH,WSH,regular
2022-23,2023-01-06,Tampa Bay Lightning,Winnipeg Jets,2.0,4.0,False,1|1|0,1|1|2,,,140.0,145.0,,5.5,espn,401459216,TB,WPG,regular
2022-23,2023-01-06,Arizona Coyotes,Chicago Blackhawks,0.0,2.0,False,0|0|0,0|1|1,,,150.0,140.0,-1.5,5.5,espn,401459213,ARI,CHI,regular
2022-23,2023-01-06,New York Islanders,Calgary Flames,1.0,4.0,False,1|0|0,3|0|1,,,275.0,-130.0,-1.5,5.5,espn,401459212,NYI,CGY,regular
2022-23,2023-01-06,San Jose Sharks,Anaheim Ducks,4.0,5.0,False,2|2|0|0,2|1|1|1,,,-110.0,225.0,,5.5,espn,401459211,SJ,ANA,regular
2022-23,2023-01-07,New York Rangers,New Jersey Devils,3.0,4.0,False,1|2|0|0,0|1|2|1,,,155.0,135.0,-1.5,5.5,espn,401459221,NYR,NJ,regular
2022-23,2023-01-07,Carolina Hurricanes,Columbus Blue Jackets,3.0,4.0,False,0|3|0|0|0,0|2|1|0|1,,,-190.0,400.0,,5.5,espn,401459218,CAR,CBJ,regular
2022-23,2023-01-07,Minnesota Wild,Buffalo Sabres,5.0,6.0,False,0|3|2|0,1|3|1|1,,,140.0,140.0,,5.5,espn,401459217,MIN,BUF,regular
2022-23,2023-01-07,St. Louis Blues,Montreal Canadiens,4.0,5.0,False,1|1|2,0|2|3,,,105.0,200.0,,5.5,espn,401459220,STL,MTL,regular
2022-23,2023-01-07,Seattle Kraken,Ottawa Senators,8.0,4.0,False,3|2|3,1|2|1,,,150.0,135.0,,5.5,espn,401459222,SEA,OTT,regular
2022-23,2023-01-07,Detroit Red Wings,Toronto Maple Leafs,1.0,4.0,False,1|0|0,0|2|2,,,400.0,-200.0,-1.5,5.5,espn,401459224,DET,TOR,regular
2022-23,2023-01-07,Colorado Avalanche,Edmonton Oilers,3.0,2.0,False,0|0|2|1,1|1|0|0,,,150.0,135.0,-1.5,5.5,espn,401459219,COL,EDM,regular
2022-23,2023-01-07,Los Angeles Kings,Vegas Golden Knights,5.0,1.0,False,1|2|2,0|0|1,,,180.0,115.0,-1.5,5.5,espn,401459225,LA,VGK,regular
2022-23,2023-01-07,Boston Bruins,San Jose Sharks,4.0,2.0,False,2|1|1,1|1|0,,,-160.0,325.0,,5.5,espn,401459223,BOS,SJ,regular
2022-23,2023-01-08,Vancouver Canucks,Winnipeg Jets,4.0,7.0,False,2|2|0,2|3|2,,,200.0,100.0,-1.5,5.5,espn,401459233,VAN,WPG,regular
2022-23,2023-01-08,Florida Panthers,Dallas Stars,1.0,5.0,False,0|1|0,1|2|2,,,165.0,120.0,-1.5,5.5,espn,401459229,FLA,DAL,regular
2022-23,2023-01-08,Columbus Blue Jackets,Washington Capitals,0.0,1.0,False,0|0|0,1|0|0,,,450.0,-225.0,-1.5,5.5,espn,401459232,CBJ,WSH,regular
2022-23,2023-01-08,Pittsburgh Penguins,Arizona Coyotes,4.0,1.0,False,0|2|2,1|0|0,,,-140.0,275.0,,5.5,espn,401459227,PIT,ARI,regular
2022-23,2023-01-08,Calgary Flames,Chicago Blackhawks,3.0,4.0,False,1|2|0|0,2|1|0|1,,,-200.0,450.0,,5.5,espn,401459228,CGY,CHI,regular
2022-23,2023-01-08,St. Louis Blues,Minnesota Wild,3.0,0.0,False,1|0|2,0|0|0,,,260.0,-125.0,-1.5,5.5,espn,401459230,STL,MIN,regular
2022-23,2023-01-08,Toronto Maple Leafs,Philadelphia Flyers,6.0,2.0,False,2|3|1,1|1|0,,,-125.0,260.0,,5.5,espn,401459231,TOR,PHI,regular
2022-23,2023-01-08,Boston Bruins,Anaheim Ducks,7.0,1.0,False,2|2|3,1|0|0,,,-170.0,350.0,,5.5,espn,401459226,BOS,ANA,regular
2022-23,2023-01-09,Philadelphia Flyers,Buffalo Sabres,4.0,0.0,False,3|0|1,0|0|0,,,275.0,-140.0,-1.5,5.5,espn,401459579,PHI,BUF,regular
2022-23,2023-01-09,Seattle Kraken,Montreal Canadiens,4.0,0.0,False,3|0|1,0|0|0,,,-130.0,275.0,,5.5,espn,401459235,SEA,MTL,regular
2022-23,2023-01-09,Nashville Predators,Ottawa Senators,3.0,0.0,False,2|0|1,0|0|0,,,145.0,140.0,-1.5,5.5,espn,401459236,NSH,OTT,regular
2022-23,2023-01-09,Edmonton Oilers,Los Angeles Kings,3.0,6.0,False,1|1|1,2|2|2,,,130.0,155.0,-1.5,5.5,espn,401459234,EDM,LA,regular
2022-23,2023-01-10,Seattle Kraken,Buffalo Sabres,4.0,3.0,False,1|1|2,1|1|1,,,140.0,145.0,-1.5,5.5,espn,401459238,SEA,BUF,regular
2022-23,2023-01-10,New Jersey Devils,Carolina Hurricanes,5.0,3.0,False,1|2|2,1|2|0,,,190.0,105.0,-1.5,5.5,espn,401459239,NJ,CAR,regular
2022-23,2023-01-10,Winnipeg Jets,Detroit Red Wings,5.0,7.0,False,1|2|2,3|2|2,,,125.0,165.0,,5.5,espn,401459241,WPG,DET,regular
2022-23,2023-01-10,Minnesota Wild,New York Rangers,3.0,4.0,False,2|0|1|0|0,0|2|1|0|1,,,190.0,115.0,-1.5,5.5,espn,401459243,MIN,NYR,regular
2022-23,2023-01-10,Vancouver Canucks,Pittsburgh Penguins,4.0,5.0,False,3|0|1,3|2|0,,,230.0,-115.0,-1.5,5.5,espn,401459244,VAN,PIT,regular
2022-23,2023-01-10,Columbus Blue Jackets,Tampa Bay Lightning,3.0,6.0,False,0|1|2,2|1|3,,,550.0,-250.0,-1.5,5.5,espn,401459246,CBJ,TB,regular
2022-23,2023-01-10,Dallas Stars,New York Islanders,2.0,1.0,False,1|0|0|0|1,1|0|0|0|0,,,140.0,155.0,,5.5,espn,401459242,DAL,NYI,regular
2022-23,2023-01-10,Calgary Flames,St. Louis Blues,3.0,4.0,False,2|1|0|0,1|0|2|1,,,100.0,210.0,,5.5,espn,401459245,CGY,STL,regular
2022-23,2023-01-10,San Jose Sharks,Arizona Coyotes,4.0,2.0,False,1|1|2,2|0|0,,,130.0,160.0,,5.5,espn,401459237,SJ,ARI,regular
2022-23,2023-01-10,Florida Panthers,Colorado Avalanche,5.0,4.0,False,3|1|1,1|0|3,,,160.0,130.0,-1.5,5.5,espn,401459240,FLA,COL,regular
2022-23,2023-01-11,Washington Capitals,Philadelphia Flyers,3.0,5.0,False,1|0|2,2|0|3,,,-110.0,230.0,,5.5,espn,401459249,WSH,PHI,regular
2022-23,2023-01-11,Nashville Predators,Toronto Maple Leafs,1.0,2.0,False,0|1|0,1|0|1,,,230.0,-105.0,-1.5,5.5,espn,401459250,NSH,TOR,regular
2022-23,2023-01-11,Edmonton Oilers,Anaheim Ducks,6.0,2.0,False,4|2|0,1|0|1,,,-160.0,320.0,,5.5,espn,401459247,EDM,ANA,regular
2022-23,2023-01-11,San Jose Sharks,Los Angeles Kings,3.0,4.0,False,0|1|2,1|1|2,,,250.0,-125.0,-1.5,5.5,espn,401459248,SJ,LA,regular
2022-23,2023-01-12,Seattle Kraken,Boston Bruins,3.0,0.0,False,1|1|1,0|0|0,,,275.0,-130.0,-1.5,5.5,espn,401459252,SEA,BOS,regular
2022-23,2023-01-12,Winnipeg Jets,Buffalo Sabres,4.0,2.0,False,1|1|2,0|1|1,,,135.0,145.0,,5.5,espn,401459253,WPG,BUF,regular
2022-23,2023-01-12,Carolina Hurricanes,Columbus Blue Jackets,6.0,2.0,False,2|1|3,1|0|1,,,-200.0,425.0,,5.5,espn,401459255,CAR,CBJ,regular
2022-23,2023-01-12,Toronto Maple Leafs,Detroit Red Wings,1.0,4.0,False,0|1|0,1|1|2,,,120.0,175.0,,5.5,espn,401459256,TOR,DET,regular
2022-23,2023-01-12,Nashville Predators,Montreal Canadiens,3.0,4.0,False,1|1|1,2|1|1,,,-110.0,220.0,,5.5,espn,401459257,NSH,MTL,regular
2022-23,2023-01-12,Dallas Stars,New York Rangers,1.0,2.0,False,0|1|0|0,0|0|1|1,,,165.0,130.0,-1.5,5.5,espn,401459259,DAL,NYR,regular
2022-23,2023-01-12,Vancouver Canucks,Tampa Bay Lightning,4.0,5.0,False,1|1|2,1|3|1,,,350.0,-175.0,-1.5,5.5,espn,401459261,VAN,TB,regular
2022-23,2023-01-12,Minnesota Wild,New York Islanders,3.0,1.0,False,0|0|3,1|0|0,,,145.0,150.0,,5.5,espn,401459258,MIN,NYI,regular
2022-23,2023-01-12,Calgary Flames,St. Louis Blues,4.0,1.0,False,0|1|3,0|0|1,,,-110.0,220.0,,5.5,espn,401459260,CGY,STL,regular
2022-23,2023-01-12,Colorado Avalanche,Chicago Blackhawks,2.0,3.0,False,1|1|0,1|1|1,,,-200.0,425.0,,5.5,espn,401459254,COL,CHI,regular
2022-23,2023-01-12,Ottawa Senators,Arizona Coyotes,5.0,3.0,False,2|1|2,0|1|2,,,105.0,190.0,,5.5,espn,401459251,OTT,ARI,regular
2022-23,2023-01-12,Florida Panthers,Vegas Golden Knights,2.0,4.0,False,1|1|0,0|1|3,,,160.0,120.0,-1.5,5.5,espn,401459262,FLA,VGK,regular
2022-23,2023-01-13,Winnipeg Jets,Pittsburgh Penguins,4.0,1.0,False,1|2|1,1|0|0,,,220.0,-110.0,-1.5,5.5,espn,401459264,WPG,PIT,regular
2022-23,2023-01-13,New Jersey Devils,Anaheim Ducks,6.0,2.0,False,3|1|2,0|1|1,,,-225.0,450.0,,5.5,espn,401459263,NJ,ANA,regular
2022-23,2023-01-13,Edmonton Oilers,San Jose Sharks,7.0,1.0,False,2|3|2,0|0|1,,,-110.0,225.0,,6.5,espn,401459265,EDM,SJ,regular
2022-23,2023-01-14,Calgary Flames,Dallas Stars,6.0,5.0,False,2|4|0,1|1|3,,,145.0,145.0,-1.5,5.5,espn,401459270,CGY,DAL,regular
2022-23,2023-01-14,Toronto Maple Leafs,Boston Bruins,3.0,4.0,False,1|1|1,1|2|1,,,200.0,110.0,-1.5,5.5,espn,401459266,TOR,BOS,regular
2022-23,2023-01-14,Pittsburgh Penguins,Carolina Hurricanes,1.0,2.0,False,0|0|1,1|1|0,,,250.0,-120.0,-1.5,5.5,espn,401459267,PIT,CAR,regular
2022-23,2023-01-14,Ottawa Senators,Colorado Avalanche,0.0,7.0,False,0|0|0,2|2|3,,,200.0,105.0,-1.5,5.5,espn,401459269,OTT,COL,regular
2022-23,2023-01-14,Columbus Blue Jackets,Detroit Red Wings,4.0,3.0,False,3|1|0,0|0|3,,,280.0,-140.0,-1.5,5.5,espn,401459271,CBJ,DET,regular
2022-23,2023-01-14,Vancouver Canucks,Florida Panthers,3.0,4.0,False,1|1|1,1|3|0,,,260.0,-115.0,-1.5,6.5,espn,401459272,VAN,FLA,regular
2022-23,2023-01-14,Montreal Canadiens,New York Islanders,1.0,2.0,False,0|0|1,2|0|0,,,280.0,-130.0,-1.5,5.5,espn,401459275,MTL,NYI,regular
2022-23,2023-01-14,Philadelphia Flyers,Washington Capitals,3.0,1.0,False,1|2|0,1|0|0,,,260.0,-125.0,-1.5,5.5,espn,401459279,PHI,WSH,regular
2022-23,2023-01-14,Seattle Kraken,Chicago Blackhawks,8.0,5.0,False,6|0|2,1|1|3,,,-140.0,300.0,,5.5,espn,401459268,SEA,CHI,regular
2022-23,2023-01-14,Arizona Coyotes,Minnesota Wild,1.0,2.0,False,0|0|1,0|2|0,,,450.0,-200.0,-1.5,5.5,espn,401459274,ARI,MIN,regular
2022-23,2023-01-14,Buffalo Sabres,Nashville Predators,5.0,3.0,False,1|2|2,1|2|0,,,170.0,120.0,-1.5,5.5,espn,401459276,BUF,NSH,regular
2022-23,2023-01-14,Tampa Bay Lightning,St. Louis Blues,4.0,2.0,False,2|2|0,1|1|0,,,-110.0,230.0,,5.5,espn,401459277,TB,STL,regular
2022-23,2023-01-14,Edmonton Oilers,Vegas Golden Knights,4.0,3.0,False,2|2|0,1|2|0,,,165.0,120.0,-1.5,5.5,espn,401459278,EDM,VGK,regular
2022-23,2023-01-14,New Jersey Devils,Los Angeles Kings,5.0,2.0,False,1|3|1,1|1|0,,,140.0,145.0,-1.5,5.5,espn,401459273,NJ,LA,regular
2022-23,2023-01-15,Vancouver Canucks,Carolina Hurricanes,4.0,3.0,False,0|1|2|0|1,2|0|1|0|0,,,375.0,-180.0,-1.5,5.5,espn,401459280,VAN,CAR,regular
2022-23,2023-01-15,Montreal Canadiens,New York Rangers,2.0,1.0,False,0|1|1,0|1|0,,,500.0,-225.0,-1.5,5.5,espn,401459281,MTL,NYR,regular
2022-23,2023-01-15,Arizona Coyotes,Winnipeg Jets,1.0,2.0,False,0|1|0,0|2|0,,,450.0,-225.0,-1.5,5.5,espn,401459282,ARI,WPG,regular
2022-23,2023-01-16,Philadelphia Flyers,Boston Bruins,0.0,6.0,False,0|0|0,2|2|2,,,325.0,-155.0,-1.5,5.5,espn,401459283,PHI,BOS,regular
2022-23,2023-01-16,Florida Panthers,Buffalo Sabres,4.0,1.0,False,1|1|2,0|0|1,,,130.0,150.0,,6.5,espn,401459284,FLA,BUF,regular
2022-23,2023-01-16,Detroit Red Wings,Colorado Avalanche,3.0,6.0,False,0|1|2,2|3|1,,,230.0,-110.0,-1.5,5.5,espn,401459285,DET,COL,regular
2022-23,2023-01-16,New Jersey Devils,San Jose Sharks,4.0,3.0,False,1|0|2|0|1,2|0|1|0|0,,,-120.0,240.0,,5.5,espn,401459290,NJ,SJ,regular
2022-23,2023-01-16,Tampa Bay Lightning,Seattle Kraken,4.0,1.0,False,1|0|3,0|0|1,,,115.0,180.0,,5.5,espn,401459291,TB,SEA,regular
2022-23,2023-01-16,Dallas Stars,Vegas Golden Knights,4.0,0.0,False,1|1|2,0|0|0,,,155.0,135.0,-1.5,5.5,espn,401459293,DAL,VGK,regular
2022-23,2023-01-16,New York Rangers,Columbus Blue Jackets,3.0,1.0,False,2|1|0,0|0|1,,,-110.0,230.0,,5.5,espn,401459286,NYR,CBJ,regular
2022-23,2023-01-16,Anaheim Ducks,Pittsburgh Penguins,3.0,4.0,False,1|0|2|0,1|1|1|1,,,400.0,-190.0,-1.5,5.5,espn,401459289,ANA,PIT,regular
2022-23,2023-01-16,Washington Capitals,New York Islanders,4.0,3.0,False,0|2|1|1,2|1|0|0,,,150.0,145.0,,5.5,espn,401459287,WSH,NYI,regular
2022-23,2023-01-16,Calgary Flames,Nashville Predators,1.0,2.0,False,0|1|0,2|0|0,,,125.0,170.0,,5.5,espn,401459288,CGY,NSH,regular
2022-23,2023-01-16,Ottawa Senators,St. Louis Blues,1.0,2.0,False,0|1|0,2|0|0,,,145.0,145.0,,5.5,espn,401459292,OTT,STL,regular
2022-23,2023-01-17,Winnipeg Jets,Montreal Canadiens,1.0,4.0,False,0|1|0,0|3|1,,,-145.0,320.0,,5.5,espn,401459297,WPG,MTL,regular
2022-23,2023-01-17,Anaheim Ducks,Philadelphia Flyers,2.0,5.0,False,0|1|1,1|2|2,,,250.0,-120.0,-1.5,5.5,espn,401459298,ANA,PHI,regular
2022-23,2023-01-17,Florida Panthers,Toronto Maple Leafs,4.0,5.0,False,3|1|0|0,2|1|1|1,,,210.0,100.0,-1.5,5.5,espn,401459299,FLA,TOR,regular
2022-23,2023-01-17,Minnesota Wild,Washington Capitals,4.0,2.0,False,0|3|1,1|1|0,,,130.0,165.0,,5.5,espn,401459300,MIN,WSH,regular
2022-23,2023-01-17,Columbus Blue Jackets,Nashville Predators,1.0,2.0,False,0|0|1,0|2|0,,,250.0,-125.0,-1.5,5.5,espn,401507548,CBJ,NSH,regular
2022-23,2023-01-17,Buffalo Sabres,Chicago Blackhawks,3.0,4.0,False,2|1|0|0,1|0|2|1,,,-120.0,240.0,,5.5,espn,401459295,BUF,CHI,regular
2022-23,2023-01-17,Detroit Red Wings,Arizona Coyotes,3.0,4.0,False,0|1|2|0|0,0|1|2|0|1,,,125.0,165.0,,5.5,espn,401459294,DET,ARI,regular
2022-23,2023-01-17,Seattle Kraken,Edmonton Oilers,2.0,5.0,False,1|0|1,1|2|2,,,220.0,-110.0,-1.5,5.5,espn,401459296,SEA,EDM,regular
2022-23,2023-01-18,Pittsburgh Penguins,Ottawa Senators,4.0,5.0,False,2|1|1|0,2|1|1|1,,,145.0,140.0,-1.5,5.5,espn,401459303,PIT,OTT,regular
2022-23,2023-01-18,Boston Bruins,New York Islanders,4.0,1.0,False,0|2|2,1|0|0,,,-115.0,250.0,,5.5,espn,401459302,BOS,NYI,regular
2022-23,2023-01-18,Colorado Avalanche,Calgary Flames,4.0,1.0,False,3|0|1,0|0|1,,,180.0,120.0,-1.5,5.5,espn,401459301,COL,CGY,regular
2022-23,2023-01-18,Dallas Stars,San Jose Sharks,3.0,5.0,False,1|2|0,0|3|2,,,105.0,200.0,,5.5,espn,401459304,DAL,SJ,regular
2022-23,2023-01-18,Tampa Bay Lightning,Vancouver Canucks,5.0,2.0,False,4|0|1,0|0|2,,,100.0,200.0,,6.5,espn,401459305,TB,VAN,regular
2022-23,2023-01-19,Minnesota Wild,Carolina Hurricanes,2.0,5.0,False,0|1|1,0|3|2,,,225.0,-120.0,-1.5,5.5,espn,401459308,MIN,CAR,regular
2022-23,2023-01-19,Anaheim Ducks,Columbus Blue Jackets,5.0,3.0,False,0|3|2,3|0|0,,,200.0,105.0,-1.5,5.5,espn,401459309,ANA,CBJ,regular
2022-23,2023-01-19,Florida Panthers,Montreal Canadiens,6.0,2.0,False,0|5|1,0|0|2,,,-150.0,320.0,,5.5,espn,401459312,FLA,MTL,regular
2022-23,2023-01-19,Boston Bruins,New York Rangers,3.0,1.0,False,1|1|1,0|0|1,,,140.0,155.0,-1.5,5.5,espn,401459313,BOS,NYR,regular
2022-23,2023-01-19,Chicago Blackhawks,Philadelphia Flyers,4.0,1.0,False,0|2|2,1|0|0,,,300.0,-140.0,-1.5,5.5,espn,401459314,CHI,PHI,regular
2022-23,2023-01-19,Winnipeg Jets,Toronto Maple Leafs,1.0,4.0,False,0|0|1,0|3|1,,,210.0,-105.0,-1.5,5.5,espn,401459317,WPG,TOR,regular
2022-23,2023-01-19,New York Islanders,Buffalo Sabres,2.0,3.0,False,1|1|0|0,0|1|1|1,,,155.0,130.0,-1.5,5.5,espn,401459307,NYI,BUF,regular
2022-23,2023-01-19,Nashville Predators,St. Louis Blues,2.0,5.0,False,0|1|1,0|3|2,,,140.0,155.0,,5.5,espn,401459316,NSH,STL,regular
2022-23,2023-01-19,Washington Capitals,Arizona Coyotes,4.0,0.0,False,1|2|1,0|0|0,,,-130.0,275.0,,5.5,espn,401459306,WSH,ARI,regular
2022-23,2023-01-19,Tampa Bay Lightning,Edmonton Oilers,3.0,5.0,False,0|3|0,2|1|2,,,140.0,145.0,-1.5,5.5,espn,401459310,TB,EDM,regular
2022-23,2023-01-19,New Jersey Devils,Seattle Kraken,3.0,4.0,False,0|1|2|0,1|1|1|1,,,130.0,155.0,,5.5,espn,401459315,NJ,SEA,regular
2022-23,2023-01-19,Detroit Red Wings,Vegas Golden Knights,3.0,2.0,False,1|2|0,1|0|1,,,210.0,100.0,-1.5,5.5,espn,401459318,DET,VGK,regular
2022-23,2023-01-19,Dallas Stars,Los Angeles Kings,4.0,0.0,False,3|1|0,0|0|0,,,180.0,115.0,-1.5,5.5,espn,401459311,DAL,LA,regular
2022-23,2023-01-20,Ottawa Senators,Pittsburgh Penguins,1.0,4.0,False,0|1|0,2|1|1,,,210.0,-110.0,-1.5,5.5,espn,401459319,OTT,PIT,regular
2022-23,2023-01-20,Colorado Avalanche,Vancouver Canucks,4.0,1.0,False,1|3|0,0|1|0,,,-110.0,190.0,,5.5,espn,401459320,COL,VAN,regular
2022-23,2023-01-21,Anaheim Ducks,Buffalo Sabres,3.0,6.0,False,0|3|0,2|1|3,,,325.0,-180.0,-1.5,6.5,espn,401459321,ANA,BUF,regular
2022-23,2023-01-21,Tampa Bay Lightning,Calgary Flames,3.0,6.0,False,0|2|1,1|2|3,,,140.0,145.0,-1.5,5.5,espn,401459322,TB,CGY,regular
2022-23,2023-01-21,Minnesota Wild,Florida Panthers,3.0,5.0,False,0|1|2,1|2|2,,,140.0,140.0,-1.5,5.5,espn,401459326,MIN,FLA,regular
2022-23,2023-01-21,San Jose Sharks,Columbus Blue Jackets,3.0,5.0,False,1|1|1,0|2|3,,,125.0,160.0,,5.5,espn,401459323,SJ,CBJ,regular
2022-23,2023-01-21,Philadelphia Flyers,Detroit Red Wings,2.0,1.0,False,0|0|2,0|0|1,,,180.0,115.0,-1.5,5.5,espn,401459325,PHI,DET,regular
2022-23,2023-01-21,Toronto Maple Leafs,Montreal Canadiens,2.0,3.0,False,2|0|0|0,0|2|0|1,,,-200.0,450.0,,5.5,espn,401459327,TOR,MTL,regular
2022-23,2023-01-21,Winnipeg Jets,Ottawa Senators,5.0,1.0,False,1|2|2,1|0|0,,,120.0,175.0,,5.5,espn,401459330,WPG,OTT,regular
2022-23,2023-01-21,Carolina Hurricanes,New York Islanders,5.0,2.0,False,2|1|2,2|0|0,,,-105.0,220.0,,5.5,espn,401459328,CAR,NYI,regular
2022-23,2023-01-21,Arizona Coyotes,Dallas Stars,0.0,4.0,False,0|0|0,3|1|0,,,450.0,-200.0,-1.5,5.5,espn,401459324,ARI,DAL,regular
2022-23,2023-01-21,Los Angeles Kings,Nashville Predators,3.0,5.0,False,1|2|0,2|0|3,,,140.0,150.0,-1.5,5.5,espn,401459329,LA,NSH,regular
2022-23,2023-01-21,Chicago Blackhawks,St. Louis Blues,5.0,3.0,False,2|2|1,0|2|1,,,320.0,-155.0,-1.5,5.5,espn,401459332,CHI,STL,regular
2022-23,2023-01-21,Colorado Avalanche,Seattle Kraken,2.0,1.0,False,0|1|0|0|1,0|1|0|0|0,,,140.0,145.0,-1.5,5.5,espn,401459331,COL,SEA,regular
2022-23,2023-01-21,Edmonton Oilers,Vancouver Canucks,4.0,2.0,False,2|1|1,0|1|1,,,-130.0,250.0,,6.5,espn,401459333,EDM,VAN,regular
2022-23,2023-01-21,Washington Capitals,Vegas Golden Knights,2.0,6.0,False,0|1|1,2|3|1,,,145.0,150.0,,5.5,espn,401459334,WSH,VGK,regular
2022-23,2023-01-22,Pittsburgh Penguins,New Jersey Devils,1.0,2.0,False,1|0|0|0,1|0|0|1,,,175.0,115.0,-1.5,5.5,espn,401459338,PIT,NJ,regular
2022-23,2023-01-22,San Jose Sharks,Boston Bruins,0.0,4.0,False,0|0|0,1|2|1,,,450.0,-225.0,-1.5,5.5,espn,401459336,SJ,BOS,regular
2022-23,2023-01-22,Los Angeles Kings,Chicago Blackhawks,2.0,1.0,False,1|1|0,0|0|1,,,-135.0,280.0,,5.5,espn,401459337,LA,CHI,regular
2022-23,2023-01-22,Winnipeg Jets,Philadelphia Flyers,5.0,3.0,False,3|0|2,1|1|1,,,100.0,210.0,,5.5,espn,401459339,WPG,PHI,regular
2022-23,2023-01-22,Vegas Golden Knights,Arizona Coyotes,1.0,4.0,False,0|1|0,1|1|2,,,-125.0,260.0,,5.5,espn,401459335,VGK,ARI,regular
2022-23,2023-01-23,Florida Panthers,New York Rangers,2.0,6.0,False,1|0|1,2|1|3,,,200.0,105.0,-1.5,5.5,espn,401459342,FLA,NYR,regular
2022-23,2023-01-23,New York Islanders,Toronto Maple Leafs,2.0,5.0,False,1|1|0,0|4|1,,,280.0,-130.0,-1.5,5.5,espn,401459343,NYI,TOR,regular
2022-23,2023-01-23,Buffalo Sabres,Dallas Stars,3.0,2.0,False,1|0|1|1,1|0|1|0,,,240.0,-120.0,-1.5,5.5,espn,401459341,BUF,DAL,regular
2022-23,2023-01-23,Columbus Blue Jackets,Calgary Flames,3.0,4.0,False,0|2|1|0,1|2|0|1,,,500.0,-225.0,-1.5,5.5,espn,401459340,CBJ,CGY,regular
2022-23,2023-01-24,San Jose Sharks,Detroit Red Wings,2.0,3.0,False,0|2|0|0,0|2|0|1,,,190.0,105.0,-1.5,5.5,espn,401459346,SJ,DET,regular
2022-23,2023-01-24,Boston Bruins,Montreal Canadiens,4.0,2.0,False,0|1|3,0|1|1,,,-250.0,500.0,,5.5,espn,401459347,BOS,MTL,regular
2022-23,2023-01-24,Los Angeles Kings,Philadelphia Flyers,4.0,3.0,False,2|1|0|1,2|1|0|0,,,125.0,165.0,,5.5,espn,401459350,LA,PHI,regular
2022-23,2023-01-24,Florida Panthers,Pittsburgh Penguins,6.0,7.0,False,3|1|2|0,3|1|2|1,,,200.0,100.0,-1.5,5.5,espn,401459351,FLA,PIT,regular
2022-23,2023-01-24,Minnesota Wild,Tampa Bay Lightning,2.0,4.0,False,0|2|0,0|2|2,,,200.0,105.0,-1.5,5.5,espn,401459353,MIN,TB,regular
2022-23,2023-01-24,Vegas Golden Knights,New Jersey Devils,2.0,3.0,False,0|2|0|0,1|0|1|1,,,220.0,-105.0,-1.5,5.5,espn,401459349,VGK,NJ,regular
2022-23,2023-01-24,Winnipeg Jets,Nashville Predators,1.0,2.0,False,1|0|0,0|1|1,,,140.0,155.0,,5.5,espn,401459348,WPG,NSH,regular
2022-23,2023-01-24,Buffalo Sabres,St. Louis Blues,5.0,3.0,False,3|1|1,0|2|1,,,160.0,120.0,-1.5,5.5,espn,401459352,BUF,STL,regular
2022-23,2023-01-24,Anaheim Ducks,Arizona Coyotes,5.0,2.0,False,1|2|2,0|0|2,,,160.0,130.0,-1.5,5.5,espn,401459344,ANA,ARI,regular
2022-23,2023-01-24,Washington Capitals,Colorado Avalanche,2.0,3.0,False,0|1|1,1|2|0,,,165.0,125.0,-1.5,5.5,espn,401459345,WSH,COL,regular
2022-23,2023-01-24,Chicago Blackhawks,Vancouver Canucks,2.0,5.0,False,1|1|0,0|2|3,,,280.0,-140.0,-1.5,5.5,espn,401459354,CHI,VAN,regular
2022-23,2023-01-25,New York Islanders,Ottawa Senators,1.0,2.0,False,0|1|0,1|1|0,,,155.0,135.0,-1.5,5.5,espn,401459357,NYI,OTT,regular
2022-23,2023-01-25,New York Rangers,Toronto Maple Leafs,2.0,3.0,False,0|2|0|0,1|0|1|1,,,210.0,100.0,-1.5,5.5,espn,401459359,NYR,TOR,regular
2022-23,2023-01-25,Carolina Hurricanes,Dallas Stars,3.0,2.0,False,1|1|0|1,2|0|0|0,,,155.0,140.0,,5.5,espn,401459355,CAR,DAL,regular
2022-23,2023-01-25,Columbus Blue Jackets,Edmonton Oilers,3.0,2.0,False,1|0|1|1,0|2|0|0,,,450.0,-225.0,-1.5,5.5,espn,401459356,CBJ,EDM,regular
2022-23,2023-01-25,Vancouver Canucks,Seattle Kraken,1.0,6.0,False,0|1|0,2|3|1,,,210.0,-110.0,-1.5,5.5,espn,401459358,VAN,SEA,regular
2022-23,2023-01-26,Detroit Red Wings,Montreal Canadiens,4.0,3.0,False,1|2|0|1,1|2|0|0,,,115.0,190.0,,5.5,espn,401459364,DET,MTL,regular
2022-23,2023-01-26,Boston Bruins,Tampa Bay Lightning,2.0,3.0,False,0|1|1,1|0|2,,,145.0,145.0,,5.5,espn,401459366,BOS,TB,regular
2022-23,2023-01-26,Pittsburgh Penguins,Washington Capitals,2.0,3.0,False,0|1|1|0|0,1|0|1|0|1,,,160.0,125.0,-1.5,5.5,espn,401459367,PIT,WSH,regular
2022-23,2023-01-26,Philadelphia Flyers,Minnesota Wild,2.0,3.0,False,1|0|1|0,0|1|1|1,,,280.0,-145.0,-1.5,5.5,espn,401459363,PHI,MIN,regular
2022-23,2023-01-26,New Jersey Devils,Nashville Predators,4.0,6.0,False,2|1|1,2|1|3,,,140.0,150.0,,5.5,espn,401459365,NJ,NSH,regular
2022-23,2023-01-26,Buffalo Sabres,Winnipeg Jets,3.0,2.0,False,0|2|1,0|0|2,,,225.0,-110.0,-1.5,5.5,espn,401459368,BUF,WPG,regular
2022-23,2023-01-26,St. Louis Blues,Arizona Coyotes,0.0,5.0,False,0|0|0,0|2|3,,,105.0,200.0,,5.5,espn,401459360,STL,ARI,regular
2022-23,2023-01-26,Chicago Blackhawks,Calgary Flames,5.0,1.0,False,1|3|1,1|0|0,,,500.0,-225.0,-1.5,5.5,espn,401459361,CHI,CGY,regular
2022-23,2023-01-26,Anaheim Ducks,Colorado Avalanche,5.0,3.0,False,1|1|3,1|2|0,,,500.0,-225.0,-1.5,5.5,espn,401459362,ANA,COL,regular
2022-23,2023-01-27,San Jose Sharks,Carolina Hurricanes,4.0,5.0,False,1|0|3|0,1|0|3|1,,,375.0,-180.0,-1.5,5.5,espn,401459369,SJ,CAR,regular
2022-23,2023-01-27,Los Angeles Kings,Florida Panthers,4.0,3.0,False,2|1|1,0|2|1,,,170.0,110.0,-1.5,6.5,espn,401459371,LA,FLA,regular
2022-23,2023-01-27,Detroit Red Wings,New York Islanders,0.0,2.0,False,0|0|0,0|1|1,,,220.0,-115.0,-1.5,5.5,espn,401459372,DET,NYI,regular
2022-23,2023-01-27,Vegas Golden Knights,New York Rangers,1.0,4.0,False,0|1|0,2|0|2,,,190.0,115.0,-1.5,5.5,espn,401459373,VGK,NYR,regular
2022-23,2023-01-27,Ottawa Senators,Toronto Maple Leafs,6.0,2.0,False,1|3|2,1|1|0,,,280.0,-135.0,-1.5,5.5,espn,401459375,OTT,TOR,regular
2022-23,2023-01-27,New Jersey Devils,Dallas Stars,3.0,2.0,False,0|2|0|1,2|0|0|0,,,200.0,105.0,-1.5,5.5,espn,401459370,NJ,DAL,regular
2022-23,2023-01-27,Calgary Flames,Seattle Kraken,5.0,2.0,False,3|0|2,1|0|1,,,140.0,145.0,-1.5,5.5,espn,401459374,CGY,SEA,regular
2022-23,2023-01-27,Columbus Blue Jackets,Vancouver Canucks,2.0,5.0,False,1|0|1,3|0|2,,,220.0,-120.0,-1.5,6.5,espn,401459376,CBJ,VAN,regular
2022-23,2023-01-28,St. Louis Blues,Colorado Avalanche,2.0,4.0,False,0|1|1,2|1|1,,,300.0,-135.0,-1.5,5.5,espn,401459378,STL,COL,regular
2022-23,2023-01-28,Boston Bruins,Florida Panthers,3.0,4.0,False,1|1|1|0,0|1|2|1,,,105.0,190.0,,5.5,espn,401459380,BOS,FLA,regular
2022-23,2023-01-28,Montreal Canadiens,Ottawa Senators,0.0,5.0,False,0|0|0,0|3|2,,,280.0,-135.0,-1.5,5.5,espn,401459383,MTL,OTT,regular
2022-23,2023-01-28,San Jose Sharks,Pittsburgh Penguins,6.0,4.0,False,2|2|2,2|1|1,,,320.0,-160.0,-1.5,5.5,espn,401459384,SJ,PIT,regular
2022-23,2023-01-28,Los Angeles Kings,Tampa Bay Lightning,2.0,5.0,False,1|1|0,3|1|1,,,250.0,-120.0,-1.5,5.5,espn,401459386,LA,TB,regular
2022-23,2023-01-28,Philadelphia Flyers,Winnipeg Jets,4.0,0.0,False,1|1|2,0|0|0,,,280.0,-135.0,-1.5,5.5,espn,401459387,PHI,WPG,regular
2022-23,2023-01-28,Vegas Golden Knights,New York Islanders,1.0,2.0,False,0|1|0|0,0|1|0|1,,,145.0,145.0,,5.5,espn,401459382,VGK,NYI,regular
2022-23,2023-01-28,Buffalo Sabres,Minnesota Wild,2.0,3.0,False,1|1|0|0|0,1|1|0|0|1,,,225.0,-110.0,-1.5,5.5,espn,401459381,BUF,MIN,regular
2022-23,2023-01-28,Chicago Blackhawks,Edmonton Oilers,3.0,7.0,False,0|1|2,1|4|2,,,500.0,-250.0,-1.5,5.5,espn,401459379,CHI,EDM,regular
2022-23,2023-01-28,Columbus Blue Jackets,Seattle Kraken,1.0,3.0,False,0|1|0,1|1|1,,,350.0,-160.0,-1.5,5.5,espn,401459385,CBJ,SEA,regular
2022-23,2023-01-28,Arizona Coyotes,Anaheim Ducks,1.0,2.0,False,1|0|0|0,0|1|0|1,,,145.0,140.0,-1.5,5.5,espn,401459377,ARI,ANA,regular
2022-23,2023-01-29,Boston Bruins,Carolina Hurricanes,1.0,4.0,False,0|0|1,1|1|2,,,165.0,130.0,-1.5,5.5,espn,401459388,BOS,CAR,regular
2022-23,2023-01-29,Washington Capitals,Toronto Maple Leafs,1.0,5.0,False,1|0|0,0|4|1,,,180.0,115.0,-1.5,5.5,espn,401459389,WSH,TOR,regular
2022-23,2023-01-30,St. Louis Blues,Winnipeg Jets,2.0,4.0,False,0|1|1,0|0|4,,,280.0,-135.0,-1.5,5.5,espn,401459390,STL,WPG,regular
2022-23,2023-01-31,Los Angeles Kings,Carolina Hurricanes,4.0,5.0,False,0|4|0|0,1|0|3|1,,,275.0,-125.0,-1.5,5.5,espn,401459391,LA,CAR,regular
2022-23,2023-01-31,Washington Capitals,Columbus Blue Jackets,4.0,3.0,False,2|1|0|1,1|1|1|0,,,-125.0,260.0,,5.5,espn,401459392,WSH,CBJ,regular
2022-23,2023-01-31,Ottawa Senators,Montreal Canadiens,5.0,4.0,False,2|1|2,1|1|2,,,-120.0,250.0,,5.5,espn,401459393,OTT,MTL,regular
2022-23,2023-02-01,Carolina Hurricanes,Buffalo Sabres,5.0,1.0,False,3|0|2,1|0|0,,,115.0,170.0,,5.5,espn,401459394,CAR,BUF,regular
2022-23,2023-02-01,Boston Bruins,Toronto Maple Leafs,5.0,2.0,False,0|2|3,0|1|1,,,135.0,160.0,,5.5,espn,401459395,BOS,TOR,regular
2022-23,2023-02-04,Pacific,Central,4.0,6.0,False,2|2,3|3,,,,,,,espn,401524157,PAC,CEN,regular
2022-23,2023-02-04,Metro,Atlantic,6.0,10.0,False,3|3,4|6,,,,,,,espn,401524158,MET,ATL,regular
2022-23,2023-02-04,Central,Atlantic,5.0,7.0,False,0|5,3|4,,,,,,,espn,401524159,CEN,ATL,regular
2022-23,2023-02-06,Tampa Bay Lightning,Florida Panthers,1.0,7.0,False,0|1|0,1|3|3,,,140.0,145.0,,5.5,espn,401459398,TB,FLA,regular
2022-23,2023-02-06,New York Islanders,Philadelphia Flyers,2.0,1.0,False,1|1|0,0|1|0,,,130.0,165.0,,5.5,espn,401459401,NYI,PHI,regular
2022-23,2023-02-06,Calgary Flames,New York Rangers,4.0,5.0,False,1|1|2|0,1|2|1|1,,,145.0,145.0,,5.5,espn,401459399,CGY,NYR,regular
2022-23,2023-02-06,Vancouver Canucks,New Jersey Devils,4.0,5.0,False,1|2|1|0,1|3|0|1,,,275.0,-135.0,-1.5,5.5,espn,401459400,VAN,NJ,regular
2022-23,2023-02-06,Anaheim Ducks,Dallas Stars,2.0,3.0,False,0|0|2|0|0,1|1|0|0|1,,,500.0,-225.0,-1.5,5.5,espn,401459397,ANA,DAL,regular
2022-23,2023-02-06,Minnesota Wild,Arizona Coyotes,2.0,3.0,False,0|1|1,0|1|2,,,-135.0,280.0,,5.5,espn,401459396,MIN,ARI,regular
2022-23,2023-02-07,Colorado Avalanche,Pittsburgh Penguins,1.0,2.0,False,0|1|0|0,0|0|1|1,,,140.0,145.0,-1.5,5.5,espn,401459406,COL,PIT,regular
2022-23,2023-02-07,San Jose Sharks,Tampa Bay Lightning,4.0,3.0,False,1|1|1|1,3|0|0|0,,,260.0,-130.0,-1.5,5.5,espn,401459407,SJ,TB,regular
2022-23,2023-02-07,Edmonton Oilers,Detroit Red Wings,5.0,2.0,False,0|3|2,1|1|0,,,-105.0,210.0,,5.5,espn,401459403,EDM,DET,regular
2022-23,2023-02-07,Seattle Kraken,New York Islanders,0.0,4.0,False,0|0|0,2|2|0,,,145.0,150.0,-1.5,5.5,espn,401459404,SEA,NYI,regular
2022-23,2023-02-07,Vegas Golden Knights,Nashville Predators,5.0,1.0,False,3|1|1,1|0|0,,,155.0,140.0,-1.5,5.5,espn,401459405,VGK,NSH,regular
2022-23,2023-02-07,Anaheim Ducks,Chicago Blackhawks,3.0,2.0,False,0|2|0|1,0|2|0|0,,,155.0,135.0,-1.5,5.5,espn,401459402,ANA,CHI,regular
2022-23,2023-02-08,Vancouver Canucks,New York Rangers,3.0,4.0,False,1|1|1,2|1|1,,,280.0,-140.0,-1.5,5.5,espn,401459409,VAN,NYR,regular
2022-23,2023-02-08,Minnesota Wild,Dallas Stars,1.0,4.0,False,0|1|0,0|3|1,,,190.0,115.0,-1.5,5.5,espn,401459408,MIN,DAL,regular
2022-23,2023-02-09,Calgary Flames,Detroit Red Wings,1.0,2.0,False,0|1|0,0|1|1,,,100.0,200.0,,5.5,espn,401459410,CGY,DET,regular
2022-23,2023-02-09,San Jose Sharks,Florida Panthers,1.0,4.0,False,1|0|0,0|2|2,,,280.0,-145.0,-1.5,6.5,espn,401459411,SJ,FLA,regular
2022-23,2023-02-09,Seattle Kraken,New Jersey Devils,1.0,3.0,False,0|1|0,0|1|2,,,165.0,125.0,-1.5,5.5,espn,401459414,SEA,NJ,regular
2022-23,2023-02-09,Edmonton Oilers,Philadelphia Flyers,1.0,2.0,False,0|1|0|0|0,1|0|0|0|1,,,-110.0,220.0,,5.5,espn,401459415,EDM,PHI,regular
2022-23,2023-02-09,Colorado Avalanche,Tampa Bay Lightning,0.0,5.0,False,0|0|0,1|3|1,,,170.0,125.0,-1.5,5.5,espn,401459416,COL,TB,regular
2022-23,2023-02-09,Vancouver Canucks,New York Islanders,6.0,5.0,False,2|1|3,2|2|1,,,280.0,-135.0,-1.5,5.5,espn,401459413,VAN,NYI,regular
2022-23,2023-02-09,Vegas Golden Knights,Minnesota Wild,5.0,1.0,False,1|4|0,0|1|0,,,155.0,140.0,-1.5,5.5,espn,401459412,VGK,MIN,regular
2022-23,2023-02-10,Toronto Maple Leafs,Columbus Blue Jackets,3.0,0.0,False,1|0|2,0|0|0,,,-145.0,300.0,,5.5,espn,401459419,TOR,CBJ,regular
2022-23,2023-02-10,Seattle Kraken,New York Rangers,3.0,6.0,False,0|1|2,3|1|2,,,250.0,-115.0,-1.5,5.5,espn,401459420,SEA,NYR,regular
2022-23,2023-02-10,Arizona Coyotes,Chicago Blackhawks,3.0,4.0,False,2|0|1|0,1|1|1|1,,,150.0,140.0,,5.5,espn,401459418,ARI,CHI,regular
2022-23,2023-02-10,Pittsburgh Penguins,Anaheim Ducks,6.0,3.0,False,3|1|2,1|0|2,,,-150.0,320.0,,5.5,espn,401459417,PIT,ANA,regular
2022-23,2023-02-11,Vancouver Canucks,Detroit Red Wings,2.0,5.0,False,0|1|1,2|1|2,,,165.0,120.0,-1.5,5.5,espn,401459425,VAN,DET,regular
2022-23,2023-02-11,Calgary Flames,Buffalo Sabres,7.0,2.0,False,0|4|3,2|0|0,,,120.0,165.0,,5.5,espn,401459422,CGY,BUF,regular
2022-23,2023-02-11,New York Islanders,Montreal Canadiens,3.0,4.0,False,1|1|1|0,1|0|2|1,,,-135.0,300.0,,5.5,espn,401459429,NYI,MTL,regular
2022-23,2023-02-11,Edmonton Oilers,Ottawa Senators,6.0,3.0,False,1|2|3,0|3|0,,,115.0,170.0,,5.5,espn,401459430,EDM,OTT,regular
2022-23,2023-02-11,Nashville Predators,Philadelphia Flyers,2.0,1.0,False,0|1|0|1,0|1|0|0,,,135.0,160.0,,5.5,espn,401459431,NSH,PHI,regular
2022-23,2023-02-11,Tampa Bay Lightning,Dallas Stars,3.0,1.0,False,0|1|2,0|1|0,,,150.0,140.0,-1.5,5.5,espn,401459424,TB,DAL,regular
2022-23,2023-02-11,Washington Capitals,Boston Bruins,2.0,1.0,False,1|1|0,0|1|0,,,240.0,-115.0,-1.5,5.5,espn,401459421,WSH,BOS,regular
2022-23,2023-02-11,Colorado Avalanche,Florida Panthers,5.0,3.0,False,2|2|1,0|2|1,,,175.0,115.0,-1.5,5.5,espn,401459426,COL,FLA,regular
2022-23,2023-02-11,New York Rangers,Carolina Hurricanes,6.0,2.0,False,1|1|4,0|2|0,,,275.0,-130.0,-1.5,5.5,espn,401459423,NYR,CAR,regular
2022-23,2023-02-11,Columbus Blue Jackets,Toronto Maple Leafs,4.0,3.0,False,0|3|1,2|0|1,,,450.0,-225.0,-1.5,5.5,espn,401459433,CBJ,TOR,regular
2022-23,2023-02-11,New Jersey Devils,Minnesota Wild,2.0,3.0,False,0|2|0|0|0,1|0|1|0|1,,,155.0,135.0,-1.5,5.5,espn,401459428,NJ,MIN,regular
2022-23,2023-02-11,Arizona Coyotes,St. Louis Blues,5.0,6.0,False,2|0|3|0,0|2|3|1,,,260.0,-125.0,-1.5,5.5,espn,401459432,ARI,STL,regular
2022-23,2023-02-11,Chicago Blackhawks,Winnipeg Jets,1.0,4.0,False,0|0|1,0|3|1,,,500.0,-225.0,-1.5,5.5,espn,401459434,CHI,WPG,regular
2022-23,2023-02-11,Pittsburgh Penguins,Los Angeles Kings,0.0,6.0,False,0|0|0,2|3|1,,,145.0,140.0,-1.5,5.5,espn,401459427,PIT,LA,regular
2022-23,2023-02-12,Edmonton Oilers,Montreal Canadiens,2.0,6.0,False,0|2|0,1|3|2,,,-175.0,350.0,,5.5,espn,401459435,EDM,MTL,regular
2022-23,2023-02-12,Seattle Kraken,Philadelphia Flyers,4.0,3.0,False,2|1|1,1|1|1,,,105.0,200.0,,5.5,espn,401459436,SEA,PHI,regular
2022-23,2023-02-12,San Jose Sharks,Washington Capitals,4.0,1.0,False,1|1|2,0|1|0,,,220.0,-110.0,-1.5,5.5,espn,401459438,SJ,WSH,regular
2022-23,2023-02-12,Anaheim Ducks,Vegas Golden Knights,2.0,7.0,False,0|1|1,1|1|5,,,450.0,-225.0,-1.5,5.5,espn,401459437,ANA,VGK,regular
2022-23,2023-02-13,Calgary Flames,Ottawa Senators,3.0,4.0,False,1|1|1|0,1|0|2|1,,,100.0,200.0,,5.5,espn,401459442,CGY,OTT,regular
2022-23,2023-02-13,Florida Panthers,Minnesota Wild,2.0,1.0,False,0|1|0|0|1,0|1|0|0|0,,,130.0,155.0,-1.5,5.5,espn,401459440,FLA,MIN,regular
2022-23,2023-02-13,Arizona Coyotes,Nashville Predators,4.0,2.0,False,1|1|2,0|2|0,,,300.0,-135.0,-1.5,5.5,espn,401459441,ARI,NSH,regular
2022-23,2023-02-13,Detroit Red Wings,Vancouver Canucks,6.0,1.0,False,2|1|3,0|1|0,,,140.0,140.0,-1.5,5.5,espn,401459443,DET,VAN,regular
2022-23,2023-02-13,Buffalo Sabres,Los Angeles Kings,2.0,5.0,False,0|0|2,0|4|1,,,170.0,115.0,-1.5,5.5,espn,401459439,BUF,LA,regular
2022-23,2023-02-14,Chicago Blackhawks,Montreal Canadiens,0.0,4.0,False,0|0|0,1|0|3,,,180.0,115.0,-1.5,5.5,espn,401459447,CHI,MTL,regular
2022-23,2023-02-14,Carolina Hurricanes,Washington Capitals,3.0,2.0,False,1|2|0,1|1|0,,,105.0,200.0,,5.5,espn,401459451,CAR,WSH,regular
2022-23,2023-02-14,New Jersey Devils,Columbus Blue Jackets,3.0,2.0,False,1|1|1,1|1|0,,,-135.0,275.0,,5.5,espn,401459445,NJ,CBJ,regular
2022-23,2023-02-14,Ottawa Senators,New York Islanders,3.0,2.0,False,0|1|1|0|1,0|1|1|0|0,,,250.0,-130.0,-1.5,5.5,espn,401459448,OTT,NYI,regular
2022-23,2023-02-14,Florida Panthers,St. Louis Blues,2.0,6.0,False,0|1|1,1|2|3,,,135.0,145.0,,5.5,espn,401459450,FLA,STL,regular
2022-23,2023-02-14,Seattle Kraken,Winnipeg Jets,2.0,3.0,False,0|2|0|0|0,0|1|1|0|1,,,175.0,120.0,-1.5,5.5,espn,401459452,SEA,WPG,regular
2022-23,2023-02-14,Boston Bruins,Dallas Stars,3.0,2.0,False,1|0|1|1,1|1|0|0,,,140.0,155.0,,5.5,espn,401459446,BOS,DAL,regular
2022-23,2023-02-14,Tampa Bay Lightning,Colorado Avalanche,4.0,3.0,False,0|1|2|0|1,1|1|1|0|0,,,140.0,150.0,,5.5,espn,401459444,TB,COL,regular
2022-23,2023-02-14,Pittsburgh Penguins,San Jose Sharks,3.0,1.0,False,1|1|1,0|0|1,,,100.0,200.0,,5.5,espn,401459449,PIT,SJ,regular
2022-23,2023-02-15,Chicago Blackhawks,Toronto Maple Leafs,2.0,5.0,False,1|1|0,3|2|0,,,700.0,-325.0,-1.5,5.5,espn,401459457,CHI,TOR,regular
2022-23,2023-02-15,Tampa Bay Lightning,Arizona Coyotes,0.0,1.0,False,0|0|0|0|0,0|0|0|0|1,,,-160.0,300.0,,5.5,espn,401459454,TB,ARI,regular
2022-23,2023-02-15,Detroit Red Wings,Edmonton Oilers,5.0,4.0,False,2|2|0|0|1,0|2|2|0|0,,,275.0,-135.0,-1.5,5.5,espn,401459455,DET,EDM,regular
2022-23,2023-02-15,Colorado Avalanche,Minnesota Wild,3.0,2.0,False,1|2|0,0|1|1,,,155.0,135.0,-1.5,5.5,espn,401459456,COL,MIN,regular
2022-23,2023-02-15,Buffalo Sabres,Anaheim Ducks,7.0,3.0,False,2|2|3,0|3|0,,,-130.0,240.0,,6.5,espn,401459453,BUF,ANA,regular
2022-23,2023-02-15,New York Rangers,Vancouver Canucks,6.0,4.0,False,3|2|1,2|1|1,,,-120.0,225.0,,5.5,espn,401459458,NYR,VAN,regular
2022-23,2023-02-16,Montreal Canadiens,Carolina Hurricanes,2.0,6.0,False,1|1|0,2|0|4,,,550.0,-250.0,-1.5,5.5,espn,401459460,MTL,CAR,regular
2022-23,2023-02-16,Winnipeg Jets,Columbus Blue Jackets,1.0,3.0,False,1|0|0,0|1|2,,,-120.0,240.0,,5.5,espn,401459461,WPG,CBJ,regular
2022-23,2023-02-16,Florida Panthers,Washington Capitals,6.0,3.0,False,1|3|2,0|1|2,,,135.0,155.0,,5.5,espn,401459466,FLA,WSH,regular
2022-23,2023-02-16,Boston Bruins,Nashville Predators,5.0,0.0,False,1|3|1,0|0|0,,,-105.0,225.0,,5.5,espn,401459462,BOS,NSH,regular
2022-23,2023-02-16,Detroit Red Wings,Calgary Flames,5.0,2.0,False,1|3|1,1|1|0,,,300.0,-160.0,-1.5,5.5,espn,401459459,DET,CGY,regular
2022-23,2023-02-16,New Jersey Devils,St. Louis Blues,2.0,4.0,False,1|1|0,1|2|1,,,115.0,180.0,,5.5,espn,401459464,NJ,STL,regular
2022-23,2023-02-16,Philadelphia Flyers,Seattle Kraken,2.0,6.0,False,0|0|2,2|3|1,,,230.0,-105.0,-1.5,5.5,espn,401459463,PHI,SEA,regular
2022-23,2023-02-16,San Jose Sharks,Vegas Golden Knights,1.0,2.0,False,0|1|0,0|0|2,,,240.0,-120.0,-1.5,5.5,espn,401459465,SJ,VGK,regular
2022-23,2023-02-17,Pittsburgh Penguins,New York Islanders,4.0,5.0,False,1|3|0,1|2|2,,,165.0,130.0,-1.5,5.5,espn,401459470,PIT,NYI,regular
2022-23,2023-02-17,Chicago Blackhawks,Ottawa Senators,4.0,3.0,False,1|0|2|1,0|1|2|0,,,350.0,-170.0,-1.5,5.5,espn,401459471,CHI,OTT,regular
2022-23,2023-02-17,Dallas Stars,Minnesota Wild,1.0,2.0,False,0|0|1|0|0,0|0|1|0|1,,,135.0,160.0,-1.5,5.5,espn,401459469,DAL,MIN,regular
2022-23,2023-02-17,Los Angeles Kings,Anaheim Ducks,6.0,3.0,False,1|2|3,0|1|2,,,-180.0,375.0,,5.5,espn,401459467,LA,ANA,regular
2022-23,2023-02-17,New York Rangers,Edmonton Oilers,5.0,4.0,False,1|1|2|0|1,4|0|0|0|0,,,165.0,115.0,-1.5,6.5,espn,401459468,NYR,EDM,regular
2022-23,2023-02-18,Florida Panthers,Nashville Predators,3.0,7.0,False,2|0|1,3|2|2,,,130.0,150.0,,5.5,espn,401459477,FLA,NSH,regular
2022-23,2023-02-18,Colorado Avalanche,St. Louis Blues,4.0,1.0,False,1|1|2,0|1|0,,,-110.0,210.0,,5.5,espn,401459481,COL,STL,regular
2022-23,2023-02-18,New York Islanders,Boston Bruins,2.0,6.0,False,0|1|1,3|3|0,,,325.0,-150.0,-1.5,5.5,espn,401459472,NYI,BOS,regular
2022-23,2023-02-18,New Jersey Devils,Pittsburgh Penguins,5.0,2.0,False,1|2|2,1|0|1,,,135.0,150.0,,5.5,espn,401459478,NJ,PIT,regular
2022-23,2023-02-18,Columbus Blue Jackets,Dallas Stars,4.0,1.0,False,1|0|3,0|1|0,,,325.0,-155.0,-1.5,5.5,espn,401459475,CBJ,DAL,regular
2022-23,2023-02-18,Montreal Canadiens,Toronto Maple Leafs,1.0,5.0,False,0|1|0,0|3|2,,,550.0,-250.0,-1.5,5.5,espn,401459482,MTL,TOR,regular
2022-23,2023-02-18,Washington Capitals,Carolina Hurricanes,1.0,4.0,False,0|0|1,1|3|0,,,250.0,-115.0,-1.5,5.5,espn,401459474,WSH,CAR,regular
2022-23,2023-02-18,New York Rangers,Calgary Flames,2.0,3.0,False,0|1|1|0,2|0|0|1,,,190.0,105.0,-1.5,5.5,espn,401459473,NYR,CGY,regular
2022-23,2023-02-18,Philadelphia Flyers,Vancouver Canucks,2.0,6.0,False,1|1|0,1|2|3,,,140.0,140.0,-1.5,5.5,espn,401459483,PHI,VAN,regular
2022-23,2023-02-18,Arizona Coyotes,Los Angeles Kings,5.0,6.0,False,1|1|3|0|0,5|0|0|0|1,,,275.0,-135.0,-1.5,5.5,espn,401459476,ARI,LA,regular
2022-23,2023-02-18,Buffalo Sabres,San Jose Sharks,4.0,2.0,False,1|1|2,1|1|0,,,135.0,145.0,,6.5,espn,401459479,BUF,SJ,regular
2022-23,2023-02-18,Detroit Red Wings,Seattle Kraken,2.0,4.0,False,1|0|1,1|2|1,,,220.0,-105.0,-1.5,5.5,espn,401459480,DET,SEA,regular
2022-23,2023-02-18,Tampa Bay Lightning,Vegas Golden Knights,4.0,5.0,False,2|1|1,4|0|1,,,125.0,155.0,,5.5,espn,401459484,TB,VGK,regular
2022-23,2023-02-19,Nashville Predators,Minnesota Wild,3.0,4.0,False,0|1|2,0|2|2,,,240.0,-110.0,-1.5,5.5,espn,401459488,NSH,MIN,regular
2022-23,2023-02-19,St. Louis Blues,Ottawa Senators,2.0,7.0,False,0|0|2,1|4|2,,,210.0,-105.0,-1.5,5.5,espn,401459490,STL,OTT,regular
2022-23,2023-02-19,Edmonton Oilers,Colorado Avalanche,5.0,6.0,False,1|3|1|0,0|2|3|1,,,135.0,145.0,,5.5,espn,401459487,EDM,COL,regular
2022-23,2023-02-19,Toronto Maple Leafs,Chicago Blackhawks,3.0,5.0,False,1|1|1,1|2|2,,,-200.0,450.0,,5.5,espn,401459486,TOR,CHI,regular
2022-23,2023-02-19,Winnipeg Jets,New Jersey Devils,2.0,4.0,False,2|0|0,1|0|3,,,160.0,130.0,-1.5,5.5,espn,401459489,WPG,NJ,regular
2022-23,2023-02-19,Columbus Blue Jackets,Arizona Coyotes,2.0,3.0,False,0|1|1|0,2|0|0|1,,,170.0,115.0,-1.5,5.5,espn,401459485,CBJ,ARI,regular
2022-23,2023-02-20,Ottawa Senators,Boston Bruins,1.0,3.0,False,1|0|0,1|1|1,,,450.0,-225.0,-1.5,5.5,espn,401459491,OTT,BOS,regular
2022-23,2023-02-20,Anaheim Ducks,Florida Panthers,3.0,4.0,False,2|0|1|0,0|2|1|1,,,500.0,-250.0,-1.5,6.5,espn,401459493,ANA,FLA,regular
2022-23,2023-02-20,Philadelphia Flyers,Calgary Flames,4.0,3.0,False,1|2|1,0|1|2,,,300.0,-140.0,-1.5,5.5,espn,401459492,PHI,CGY,regular
2022-23,2023-02-20,Seattle Kraken,San Jose Sharks,0.0,4.0,False,0|0|0,0|3|1,,,100.0,210.0,,5.5,espn,401459496,SEA,SJ,regular
2022-23,2023-02-20,Winnipeg Jets,New York Rangers,4.0,1.0,False,2|1|1,0|1|0,,,210.0,100.0,-1.5,5.5,espn,401459494,WPG,NYR,regular
2022-23,2023-02-20,New York Islanders,Pittsburgh Penguins,4.0,2.0,False,0|1|3,1|1|0,,,200.0,105.0,-1.5,5.5,espn,401459495,NYI,PIT,regular
2022-23,2023-02-21,St. Louis Blues,Carolina Hurricanes,1.0,4.0,False,0|1|0,2|1|1,,,500.0,-225.0,-1.5,5.5,espn,401459498,STL,CAR,regular
2022-23,2023-02-21,Montreal Canadiens,New Jersey Devils,5.0,2.0,False,1|2|2,1|0|1,,,450.0,-225.0,-1.5,5.5,espn,401459503,MTL,NJ,regular
2022-23,2023-02-21,Anaheim Ducks,Tampa Bay Lightning,1.0,6.0,False,0|0|1,0|4|2,,,700.0,-350.0,-1.5,5.5,espn,401459504,ANA,TB,regular
2022-23,2023-02-21,Detroit Red Wings,Washington Capitals,3.0,1.0,False,2|0|1,1|0|0,,,190.0,115.0,-1.5,5.5,espn,401459505,DET,WSH,regular
2022-23,2023-02-21,Toronto Maple Leafs,Buffalo Sabres,6.0,3.0,False,4|1|1,0|0|3,,,100.0,200.0,,5.5,espn,401459497,TOR,BUF,regular
2022-23,2023-02-21,Los Angeles Kings,Minnesota Wild,1.0,2.0,False,0|0|1,0|1|1,,,160.0,130.0,-1.5,5.5,espn,401459501,LA,MIN,regular
2022-23,2023-02-21,Vancouver Canucks,Nashville Predators,4.0,5.0,False,0|2|2|0|0,1|2|1|0|1,,,210.0,-105.0,-1.5,5.5,espn,401459502,VAN,NSH,regular
2022-23,2023-02-21,Vegas Golden Knights,Chicago Blackhawks,2.0,3.0,False,1|1|0|0|0,1|0|1|0|1,,,-160.0,350.0,,5.5,espn,401459499,VGK,CHI,regular
2022-23,2023-02-21,Philadelphia Flyers,Edmonton Oilers,2.0,4.0,False,1|1|0,1|0|3,,,400.0,-200.0,-1.5,6.5,espn,401459500,PHI,EDM,regular
2022-23,2023-02-22,Winnipeg Jets,New York Islanders,1.0,2.0,False,0|1|0,1|0|1,,,155.0,140.0,-1.5,5.5,espn,401459508,WPG,NYI,regular
2022-23,2023-02-22,Calgary Flames,Arizona Coyotes,6.0,3.0,False,1|2|3,0|3|0,,,-140.0,260.0,,5.5,espn,401459506,CGY,ARI,regular
2022-23,2023-02-22,Chicago Blackhawks,Dallas Stars,4.0,3.0,False,0|3|1,2|1|0,,,500.0,-250.0,-1.5,5.5,espn,401459507,CHI,DAL,regular
2022-23,2023-02-23,Minnesota Wild,Columbus Blue Jackets,2.0,0.0,False,2|0|0,0|0|0,,,-110.0,240.0,,5.5,espn,401459509,MIN,CBJ,regular
2022-23,2023-02-23,New York Rangers,Detroit Red Wings,1.0,4.0,False,0|1|0,1|2|1,,,105.0,190.0,,5.5,espn,401459510,NYR,DET,regular
2022-23,2023-02-23,Los Angeles Kings,New Jersey Devils,3.0,4.0,False,2|0|1|0,0|1|2|1,,,180.0,115.0,-1.5,5.5,espn,401459511,LA,NJ,regular
2022-23,2023-02-23,Edmonton Oilers,Pittsburgh Penguins,7.0,2.0,False,2|4|1,1|0|1,,,130.0,145.0,-1.5,6.5,espn,401459512,EDM,PIT,regular
2022-23,2023-02-23,Buffalo Sabres,Tampa Bay Lightning,6.0,5.0,False,1|3|1|1,1|1|3|0,,,275.0,-135.0,-1.5,6.5,espn,401459516,BUF,TB,regular
2022-23,2023-02-23,Anaheim Ducks,Washington Capitals,4.0,2.0,False,0|2|2,1|1|0,,,425.0,-200.0,-1.5,5.5,espn,401459518,ANA,WSH,regular
2022-23,2023-02-23,Vancouver Canucks,St. Louis Blues,3.0,2.0,False,0|0|2|1,1|1|0|0,,,150.0,130.0,-1.5,6.5,espn,401459515,VAN,STL,regular
2022-23,2023-02-23,Calgary Flames,Vegas Golden Knights,3.0,4.0,False,1|2|0|0,0|1|2|1,,,170.0,120.0,-1.5,5.5,espn,401459517,CGY,VGK,regular
2022-23,2023-02-23,Boston Bruins,Seattle Kraken,6.0,5.0,False,1|3|2,1|3|1,,,-105.0,220.0,,5.5,espn,401459514,BOS,SEA,regular
2022-23,2023-02-23,Nashville Predators,San Jose Sharks,6.0,2.0,False,1|3|2,0|1|1,,,135.0,155.0,,5.5,espn,401459513,NSH,SJ,regular
2022-23,2023-02-24,Ottawa Senators,Carolina Hurricanes,0.0,4.0,False,0|0|0,2|0|2,,,300.0,-145.0,-1.5,5.5,espn,401459519,OTT,CAR,regular
2022-23,2023-02-24,Buffalo Sabres,Florida Panthers,3.0,1.0,False,0|2|1,0|0|1,,,240.0,-125.0,-1.5,6.5,espn,401459520,BUF,FLA,regular
2022-23,2023-02-24,Montreal Canadiens,Philadelphia Flyers,5.0,2.0,False,2|1|2,0|0|2,,,200.0,105.0,-1.5,5.5,espn,401459522,MTL,PHI,regular
2022-23,2023-02-24,Minnesota Wild,Toronto Maple Leafs,1.0,2.0,False,1|0|0|0,1|0|0|1,,,250.0,-120.0,-1.5,5.5,espn,401459523,MIN,TOR,regular
2022-23,2023-02-24,Los Angeles Kings,New York Islanders,3.0,2.0,False,0|3|0,0|1|1,,,170.0,130.0,-1.5,5.5,espn,401459521,LA,NYI,regular
2022-23,2023-02-24,Colorado Avalanche,Winnipeg Jets,5.0,1.0,False,4|1|0,1|0|0,,,150.0,145.0,,5.5,espn,401459524,COL,WPG,regular
2022-23,2023-02-25,Edmonton Oilers,Columbus Blue Jackets,5.0,6.0,False,0|4|1,1|3|2,,,-150.0,300.0,,6.5,espn,401459527,EDM,CBJ,regular
2022-23,2023-02-25,New York Rangers,Washington Capitals,3.0,6.0,False,1|0|2,1|4|1,,,110.0,180.0,,5.5,espn,401459535,NYR,WSH,regular
2022-23,2023-02-25,Pittsburgh Penguins,St. Louis Blues,3.0,2.0,False,0|1|1|1,0|1|1|0,,,100.0,210.0,,5.5,espn,401459532,PIT,STL,regular
2022-23,2023-02-25,Anaheim Ducks,Carolina Hurricanes,3.0,2.0,False,0|1|2,0|0|2,,,600.0,-300.0,-1.5,5.5,espn,401459525,ANA,CAR,regular
2022-23,2023-02-25,Ottawa Senators,Montreal Canadiens,5.0,2.0,False,1|1|3,0|2|0,,,100.0,210.0,,5.5,espn,401459529,OTT,MTL,regular
2022-23,2023-02-25,Philadelphia Flyers,New Jersey Devils,0.0,7.0,False,0|0|0,0|3|4,,,400.0,-190.0,-1.5,5.5,espn,401459530,PHI,NJ,regular
2022-23,2023-02-25,Boston Bruins,Vancouver Canucks,3.0,1.0,False,2|0|1,0|0|1,,,-175.0,350.0,,5.5,espn,401459533,BOS,VAN,regular
2022-23,2023-02-25,Tampa Bay Lightning,Detroit Red Wings,3.0,0.0,False,1|1|1,0|0|0,,,-105.0,210.0,,5.5,espn,401459528,TB,DET,regular
2022-23,2023-02-25,Calgary Flames,Colorado Avalanche,1.0,4.0,False,0|1|0,2|1|1,,,155.0,130.0,-1.5,5.5,espn,401459526,CGY,COL,regular
2022-23,2023-02-25,Chicago Blackhawks,San Jose Sharks,4.0,3.0,False,2|0|1|0|1,2|0|1|0|0,,,275.0,-130.0,-1.5,5.5,espn,401459531,CHI,SJ,regular
2022-23,2023-02-25,Dallas Stars,Vegas Golden Knights,3.0,2.0,False,0|1|1|0|1,0|1|1|0|0,,,160.0,135.0,-1.5,5.5,espn,401459534,DAL,VGK,regular
2022-23,2023-02-26,Washington Capitals,Buffalo Sabres,4.0,7.0,False,2|2|0,2|4|1,,,145.0,140.0,-1.5,5.5,espn,401459537,WSH,BUF,regular
2022-23,2023-02-26,Columbus Blue Jackets,Minnesota Wild,2.0,3.0,False,1|1|0|0,0|0|2|1,,,425.0,-190.0,-1.5,5.5,espn,401459538,CBJ,MIN,regular
2022-23,2023-02-26,New York Islanders,Winnipeg Jets,4.0,0.0,False,1|2|1,0|0|0,,,165.0,130.0,-1.5,5.5,espn,401459542,NYI,WPG,regular
2022-23,2023-02-26,Los Angeles Kings,New York Rangers,2.0,5.0,False,0|1|1,1|2|2,,,200.0,100.0,-1.5,5.5,espn,401459539,LA,NYR,regular
2022-23,2023-02-26,Tampa Bay Lightning,Pittsburgh Penguins,3.0,7.0,False,2|0|1,1|6|0,,,130.0,155.0,-1.5,5.5,espn,401459540,TB,PIT,regular
2022-23,2023-02-26,Nashville Predators,Arizona Coyotes,6.0,2.0,False,2|1|3,1|1|0,,,105.0,200.0,,5.5,espn,401459536,NSH,ARI,regular
2022-23,2023-02-26,Toronto Maple Leafs,Seattle Kraken,5.0,1.0,False,3|1|1,1|0|0,,,105.0,190.0,,5.5,espn,401459541,TOR,SEA,regular
2022-23,2023-02-27,Detroit Red Wings,Ottawa Senators,2.0,6.0,False,1|1|0,0|4|2,,,165.0,125.0,-1.5,5.5,espn,401511870,DET,OTT,regular
2022-23,2023-02-27,Vancouver Canucks,Dallas Stars,5.0,4.0,False,3|1|0|1,1|2|1|0,,,350.0,-170.0,-1.5,5.5,espn,401459545,VAN,DAL,regular
2022-23,2023-02-27,Boston Bruins,Edmonton Oilers,3.0,2.0,False,2|1|0,1|1|0,,,125.0,160.0,,5.5,espn,401459546,BOS,EDM,regular
2022-23,2023-02-27,Vegas Golden Knights,Colorado Avalanche,0.0,3.0,False,0|0|0,1|1|1,,,190.0,115.0,-1.5,5.5,espn,401459544,VGK,COL,regular
2022-23,2023-02-27,Chicago Blackhawks,Anaheim Ducks,2.0,4.0,False,1|1|0,2|1|1,,,160.0,130.0,-1.5,5.5,espn,401459543,CHI,ANA,regular
2022-23,2023-02-28,Detroit Red Wings,Ottawa Senators,1.0,6.0,False,1|0|0,4|1|1,,,160.0,130.0,-1.5,5.5,espn,401459552,DET,OTT,regular
2022-23,2023-02-28,Florida Panthers,Tampa Bay Lightning,4.0,1.0,False,3|0|1,0|1|0,,,210.0,-105.0,-1.5,5.5,espn,401459555,FLA,TB,regular
2022-23,2023-02-28,Columbus Blue Jackets,Buffalo Sabres,5.0,3.0,False,2|2|1,1|0|2,,,250.0,-125.0,-1.5,6.5,espn,401459548,CBJ,BUF,regular
2022-23,2023-02-28,New York Islanders,Minnesota Wild,1.0,2.0,False,1|0|0|0|0,1|0|0|0|1,,,200.0,115.0,-1.5,5.5,espn,401459550,NYI,MIN,regular
2022-23,2023-02-28,Pittsburgh Penguins,Nashville Predators,3.0,1.0,False,0|0|3,0|0|1,,,130.0,165.0,,5.5,espn,401459551,PIT,NSH,regular
2022-23,2023-02-28,Seattle Kraken,St. Louis Blues,5.0,3.0,False,1|2|2,0|2|1,,,105.0,200.0,,5.5,espn,401459554,SEA,STL,regular
2022-23,2023-02-28,Los Angeles Kings,Winnipeg Jets,6.0,5.0,False,0|3|2|0|1,2|3|0|0|0,,,170.0,125.0,-1.5,5.5,espn,401459556,LA,WPG,regular
2022-23,2023-02-28,Chicago Blackhawks,Arizona Coyotes,1.0,4.0,False,0|0|1,2|1|1,,,240.0,-115.0,-1.5,5.5,espn,401459547,CHI,ARI,regular
2022-23,2023-02-28,Boston Bruins,Calgary Flames,4.0,3.0,False,2|0|1|1,0|1|2|0,,,130.0,165.0,,5.5,espn,401459549,BOS,CGY,regular
2022-23,2023-02-28,Montreal Canadiens,San Jose Sharks,3.0,1.0,False,0|0|3,1|0|0,,,200.0,105.0,-1.5,5.5,espn,401459553,MTL,SJ,regular
2022-23,2023-03-01,New York Rangers,Philadelphia Flyers,3.0,2.0,False,1|0|1|1,1|1|0|0,,,-140.0,300.0,,5.5,espn,401459561,NYR,PHI,regular
2022-23,2023-03-01,Toronto Maple Leafs,Edmonton Oilers,2.0,5.0,False,1|0|1,3|2|0,,,145.0,135.0,,6.5,espn,401459560,TOR,EDM,regular
2022-23,2023-03-01,Arizona Coyotes,Dallas Stars,2.0,4.0,False,2|0|0,1|1|2,,,600.0,-250.0,-1.5,5.5,espn,401459559,ARI,DAL,regular
2022-23,2023-03-01,New Jersey Devils,Colorado Avalanche,7.0,5.0,False,3|3|1,1|3|1,,,145.0,145.0,-1.5,5.5,espn,401459558,NJ,COL,regular
2022-23,2023-03-01,Washington Capitals,Anaheim Ducks,3.0,2.0,False,1|0|1|1,1|0|1|0,,,-115.0,230.0,,5.5,espn,401459557,WSH,ANA,regular
2022-23,2023-03-01,Carolina Hurricanes,Vegas Golden Knights,2.0,3.0,False,0|1|1,0|2|1,,,115.0,190.0,,5.5,espn,401459562,CAR,VGK,regular
2022-23,2023-03-02,Buffalo Sabres,Boston Bruins,1.0,7.0,False,0|0|1,0|2|5,,,350.0,-175.0,-1.5,5.5,espn,401459563,BUF,BOS,regular
2022-23,2023-03-02,Seattle Kraken,Detroit Red Wings,5.0,4.0,False,3|1|0|1,2|2|0|0,,,135.0,150.0,,5.5,espn,401459566,SEA,DET,regular
2022-23,2023-03-02,Nashville Predators,Florida Panthers,2.0,1.0,False,2|0|0,0|1|0,,,230.0,-120.0,-1.5,6.5,espn,401459567,NSH,FLA,regular
2022-23,2023-03-02,Ottawa Senators,New York Rangers,5.0,3.0,False,0|2|3,1|2|0,,,200.0,100.0,-1.5,5.5,espn,401459569,OTT,NYR,regular
2022-23,2023-03-02,Pittsburgh Penguins,Tampa Bay Lightning,5.0,4.0,False,0|3|1|1,1|1|2|0,,,210.0,100.0,-1.5,5.5,espn,401459571,PIT,TB,regular
2022-23,2023-03-02,Dallas Stars,Chicago Blackhawks,5.0,2.0,False,2|0|3,1|1|0,,,-155.0,320.0,,5.5,espn,401459565,DAL,CHI,regular
2022-23,2023-03-02,Toronto Maple Leafs,Calgary Flames,2.0,1.0,False,0|1|1,1|0|0,,,145.0,140.0,-1.5,5.5,espn,401459564,TOR,CGY,regular
2022-23,2023-03-02,Minnesota Wild,Vancouver Canucks,2.0,1.0,False,1|1|0,1|0|0,,,105.0,210.0,,5.5,espn,401459572,MIN,VAN,regular
2022-23,2023-03-02,Montreal Canadiens,Los Angeles Kings,2.0,3.0,False,1|0|1,0|1|2,,,300.0,-145.0,-1.5,5.5,espn,401459568,MTL,LA,regular
2022-23,2023-03-02,St. Louis Blues,San Jose Sharks,6.0,3.0,False,0|4|2,2|0|1,,,150.0,140.0,-1.5,5.5,espn,401459570,STL,SJ,regular
2022-23,2023-03-03,Seattle Kraken,Columbus Blue Jackets,4.0,2.0,False,0|2|2,0|1|1,,,100.0,200.0,,5.5,espn,401459575,SEA,CBJ,regular
2022-23,2023-03-03,Winnipeg Jets,Edmonton Oilers,3.0,6.0,False,0|0|3,1|3|2,,,190.0,100.0,-1.5,5.5,espn,401459576,WPG,EDM,regular
2022-23,2023-03-03,Carolina Hurricanes,Arizona Coyotes,6.0,1.0,False,2|3|1,0|1|0,,,-225.0,500.0,,5.5,espn,401459574,CAR,ARI,regular
2022-23,2023-03-03,Montreal Canadiens,Anaheim Ducks,2.0,3.0,False,1|0|1,1|0|2,,,160.0,130.0,-1.5,5.5,espn,401459573,MTL,ANA,regular
2022-23,2023-03-03,New Jersey Devils,Vegas Golden Knights,3.0,4.0,False,2|0|1|0|0,1|1|1|0|1,,,160.0,130.0,,5.5,espn,401459577,NJ,VGK,regular
2022-23,2023-03-04,Detroit Red Wings,New York Islanders,1.0,4.0,False,0|1|0,0|0|4,,,250.0,-120.0,-1.5,5.5,espn,401459585,DET,NYI,regular
2022-23,2023-03-04,Tampa Bay Lightning,Buffalo Sabres,3.0,5.0,False,1|0|2,1|3|1,,,100.0,190.0,,7.5,espn,401511690,TB,BUF,regular
2022-23,2023-03-04,New York Rangers,Boston Bruins,2.0,4.0,False,0|1|1,1|1|2,,,220.0,-105.0,-1.5,5.5,espn,401459578,NYR,BOS,regular
2022-23,2023-03-04,Colorado Avalanche,Dallas Stars,3.0,7.0,False,1|0|2,3|2|2,,,145.0,150.0,-1.5,5.5,espn,401459582,COL,DAL,regular
2022-23,2023-03-04,Pittsburgh Penguins,Florida Panthers,1.0,4.0,False,0|1|0,1|2|1,,,150.0,130.0,-1.5,5.5,espn,401459583,PIT,FLA,regular
2022-23,2023-03-04,Washington Capitals,San Jose Sharks,8.0,3.0,False,0|4|4,2|0|1,,,115.0,180.0,,5.5,espn,401459587,WSH,SJ,regular
2022-23,2023-03-04,Columbus Blue Jackets,Ottawa Senators,2.0,5.0,False,1|1|0,2|2|1,,,375.0,-180.0,-1.5,5.5,espn,401459586,CBJ,OTT,regular
2022-23,2023-03-04,Toronto Maple Leafs,Vancouver Canucks,1.0,4.0,False,0|0|1,0|1|3,,,-125.0,250.0,,5.5,espn,401459588,TOR,VAN,regular
2022-23,2023-03-04,Edmonton Oilers,Winnipeg Jets,5.0,7.0,False,1|3|1,2|4|1,,,135.0,145.0,,5.5,espn,401459589,EDM,WPG,regular
2022-23,2023-03-04,Nashville Predators,Chicago Blackhawks,3.0,1.0,False,1|1|1,1|0|0,,,-130.0,300.0,,5.5,espn,401459581,NSH,CHI,regular
2022-23,2023-03-04,Minnesota Wild,Calgary Flames,3.0,0.0,False,1|0|2,0|0|0,,,190.0,105.0,-1.5,5.5,espn,401459580,MIN,CGY,regular
2022-23,2023-03-04,St. Louis Blues,Los Angeles Kings,2.0,4.0,False,1|0|1,1|1|2,,,260.0,-130.0,-1.5,5.5,espn,401459584,STL,LA,regular
2022-23,2023-03-05,Tampa Bay Lightning,Carolina Hurricanes,0.0,6.0,False,0|0|0,2|2|2,,,225.0,-105.0,-1.5,5.5,espn,401459591,TB,CAR,regular
2022-23,2023-03-05,Detroit Red Wings,Philadelphia Flyers,1.0,3.0,False,1|0|0,0|2|1,,,160.0,135.0,-1.5,5.5,espn,401459593,DET,PHI,regular
2022-23,2023-03-05,Montreal Canadiens,Vegas Golden Knights,3.0,4.0,False,0|0|3,2|1|1,,,350.0,-160.0,-1.5,5.5,espn,401459594,MTL,VGK,regular
2022-23,2023-03-05,New Jersey Devils,Arizona Coyotes,5.0,4.0,False,2|2|0|1,1|1|2|0,,,-225.0,450.0,,5.5,espn,401459590,NJ,ARI,regular
2022-23,2023-03-05,Seattle Kraken,Colorado Avalanche,3.0,2.0,False,0|1|1|1,1|1|0|0,,,200.0,105.0,-1.5,5.5,espn,401459592,SEA,COL,regular
2022-23,2023-03-06,Edmonton Oilers,Buffalo Sabres,3.0,2.0,False,1|1|1,1|0|1,,,100.0,190.0,,6.5,espn,401459595,EDM,BUF,regular
2022-23,2023-03-06,San Jose Sharks,Winnipeg Jets,3.0,2.0,False,1|0|1|1,0|1|1|0,,,260.0,-125.0,-1.5,5.5,espn,401459600,SJ,WPG,regular
2022-23,2023-03-06,Calgary Flames,Dallas Stars,5.0,4.0,False,1|2|2,0|2|2,,,170.0,125.0,-1.5,5.5,espn,401459597,CGY,DAL,regular
2022-23,2023-03-06,Ottawa Senators,Chicago Blackhawks,0.0,5.0,False,0|0|0,1|3|1,,,-180.0,375.0,,5.5,espn,401459596,OTT,CHI,regular
2022-23,2023-03-06,Washington Capitals,Los Angeles Kings,2.0,4.0,False,0|1|1,0|2|2,,,180.0,115.0,-1.5,5.5,espn,401459598,WSH,LA,regular
2022-23,2023-03-06,Nashville Predators,Vancouver Canucks,3.0,4.0,False,1|0|2|0|0,2|0|1|0|1,,,145.0,140.0,,5.5,espn,401459599,NSH,VAN,regular
2022-23,2023-03-07,Vegas Golden Knights,Florida Panthers,1.0,2.0,False,0|1|0,1|1|0,,,190.0,105.0,-1.5,5.5,espn,401459603,VGK,FLA,regular
2022-23,2023-03-07,Carolina Hurricanes,Montreal Canadiens,4.0,3.0,False,1|1|1|0|1,2|1|0|0|0,,,-200.0,450.0,,5.5,espn,401459605,CAR,MTL,regular
2022-23,2023-03-07,Toronto Maple Leafs,New Jersey Devils,4.0,3.0,False,0|1|3,0|1|2,,,160.0,125.0,-1.5,5.5,espn,401459607,TOR,NJ,regular
2022-23,2023-03-07,Columbus Blue Jackets,Pittsburgh Penguins,4.0,5.0,False,3|1|0|0,0|1|3|1,,,400.0,-200.0,-1.5,5.5,espn,401459608,CBJ,PIT,regular
2022-23,2023-03-07,Philadelphia Flyers,Tampa Bay Lightning,2.0,5.0,False,1|1|0,1|3|1,,,400.0,-190.0,-1.5,5.5,espn,401459610,PHI,TB,regular
2022-23,2023-03-07,Buffalo Sabres,New York Islanders,2.0,3.0,False,0|1|1,0|1|2,,,220.0,-105.0,-1.5,5.5,espn,401459606,BUF,NYI,regular
2022-23,2023-03-07,Calgary Flames,Minnesota Wild,1.0,0.0,False,0|0|0|0|1,0|0|0|0|0,,,190.0,115.0,-1.5,5.5,espn,401459604,CGY,MIN,regular
2022-23,2023-03-07,St. Louis Blues,Arizona Coyotes,2.0,6.0,False,1|0|1,1|1|4,,,120.0,170.0,,5.5,espn,401459601,STL,ARI,regular
2022-23,2023-03-07,San Jose Sharks,Colorado Avalanche,0.0,6.0,False,0|0|0,3|3|0,,,450.0,-225.0,-1.5,5.5,espn,401459602,SJ,COL,regular
2022-23,2023-03-07,Anaheim Ducks,Seattle Kraken,2.0,5.0,False,0|1|1,2|1|2,,,400.0,-190.0,-1.5,5.5,espn,401459609,ANA,SEA,regular
2022-23,2023-03-08,Chicago Blackhawks,Detroit Red Wings,3.0,4.0,False,2|0|1,0|2|2,,,300.0,-140.0,-1.5,5.5,espn,401459611,CHI,DET,regular
2022-23,2023-03-08,Minnesota Wild,Winnipeg Jets,4.0,2.0,False,1|2|1,0|2|0,,,180.0,120.0,-1.5,5.5,espn,401459613,MIN,WPG,regular
2022-23,2023-03-08,Anaheim Ducks,Vancouver Canucks,2.0,3.0,False,1|1|0|0,1|1|0|1,,,300.0,-150.0,-1.5,5.5,espn,401459612,ANA,VAN,regular
2022-23,2023-03-09,Dallas Stars,Buffalo Sabres,10.0,4.0,False,3|2|5,1|1|2,,,100.0,200.0,,5.5,espn,401459616,DAL,BUF,regular
2022-23,2023-03-09,Philadelphia Flyers,Carolina Hurricanes,0.0,1.0,False,0|0|0,1|0|0,,,550.0,-250.0,-1.5,5.5,espn,401459617,PHI,CAR,regular
2022-23,2023-03-09,New York Rangers,Montreal Canadiens,4.0,3.0,False,1|2|0|0|1,2|1|0|0|0,,,-190.0,400.0,,5.5,espn,401459619,NYR,MTL,regular
2022-23,2023-03-09,New York Islanders,Pittsburgh Penguins,4.0,3.0,False,1|0|2|1,2|1|0|0,,,190.0,115.0,-1.5,5.5,espn,401459620,NYI,PIT,regular
2022-23,2023-03-09,Vegas Golden Knights,Tampa Bay Lightning,4.0,3.0,False,1|0|2|1,1|0|2|0,,,210.0,-105.0,-1.5,5.5,espn,401459623,VGK,TB,regular
2022-23,2023-03-09,New Jersey Devils,Washington Capitals,3.0,2.0,False,0|2|0|0|1,1|1|0|0|0,,,115.0,175.0,,5.5,espn,401459624,NJ,WSH,regular
2022-23,2023-03-09,Edmonton Oilers,Boston Bruins,3.0,2.0,False,0|1|2,2|0|0,,,200.0,100.0,-1.5,5.5,espn,401459615,EDM,BOS,regular
2022-23,2023-03-09,San Jose Sharks,St. Louis Blues,2.0,4.0,False,1|1|0,1|1|2,,,180.0,105.0,-1.5,5.5,espn,401459622,SJ,STL,regular
2022-23,2023-03-09,Nashville Predators,Arizona Coyotes,1.0,4.0,False,0|0|1,1|0|3,,,-110.0,230.0,,5.5,espn,401459614,NSH,ARI,regular
2022-23,2023-03-09,Los Angeles Kings,Colorado Avalanche,5.0,2.0,False,2|0|3,0|1|1,,,200.0,105.0,-1.5,5.5,espn,401459618,LA,COL,regular
2022-23,2023-03-09,Ottawa Senators,Seattle Kraken,5.0,4.0,False,3|0|2,1|2|1,,,155.0,130.0,-1.5,5.5,espn,401459621,OTT,SEA,regular
2022-23,2023-03-10,Chicago Blackhawks,Florida Panthers,3.0,4.0,False,2|0|1|0,0|0|3|1,,,700.0,-320.0,-1.5,5.5,espn,401459626,CHI,FLA,regular
2022-23,2023-03-10,Anaheim Ducks,Calgary Flames,3.0,1.0,False,0|2|1,0|1|0,,,500.0,-250.0,-1.5,5.5,espn,401459625,ANA,CGY,regular
2022-23,2023-03-11,Detroit Red Wings,Boston Bruins,2.0,3.0,False,2|0|0,0|2|1,,,500.0,-250.0,-1.5,5.5,espn,401459627,DET,BOS,regular
2022-23,2023-03-11,Philadelphia Flyers,Pittsburgh Penguins,1.0,5.0,False,1|0|0,1|1|3,,,375.0,-180.0,-1.5,5.5,espn,401459636,PHI,PIT,regular
2022-23,2023-03-11,New York Rangers,Buffalo Sabres,2.0,1.0,False,0|1|0|1,0|1|0|0,,,100.0,190.0,,5.5,espn,401459628,NYR,BUF,regular
2022-23,2023-03-11,Arizona Coyotes,Colorado Avalanche,2.0,3.0,False,2|0|0|0,1|1|0|1,,,550.0,-275.0,-1.5,5.5,espn,401459630,ARI,COL,regular
2022-23,2023-03-11,Vegas Golden Knights,Carolina Hurricanes,4.0,0.0,False,1|1|2,0|0|0,,,250.0,-120.0,-1.5,5.5,espn,401459629,VGK,CAR,regular
2022-23,2023-03-11,St. Louis Blues,Columbus Blue Jackets,5.0,2.0,False,3|0|2,1|0|1,,,125.0,155.0,,6.5,espn,401459631,STL,CBJ,regular
2022-23,2023-03-11,Winnipeg Jets,Florida Panthers,5.0,4.0,False,3|1|0|1,1|1|2|0,,,160.0,125.0,-1.5,5.5,espn,401459632,WPG,FLA,regular
2022-23,2023-03-11,New Jersey Devils,Montreal Canadiens,3.0,1.0,False,2|0|1,0|1|0,,,-175.0,350.0,,5.5,espn,401459634,NJ,MTL,regular
2022-23,2023-03-11,Chicago Blackhawks,Tampa Bay Lightning,1.0,3.0,False,0|0|1,0|1|2,,,650.0,-300.0,-1.5,5.5,espn,401459639,CHI,TB,regular
2022-23,2023-03-11,Edmonton Oilers,Toronto Maple Leafs,4.0,7.0,False,2|1|1,1|4|2,,,155.0,125.0,-1.5,6.5,espn,401459640,EDM,TOR,regular
2022-23,2023-03-11,Washington Capitals,New York Islanders,5.0,1.0,False,2|0|3,1|0|0,,,165.0,130.0,-1.5,5.5,espn,401459635,WSH,NYI,regular
2022-23,2023-03-11,Dallas Stars,Seattle Kraken,4.0,3.0,False,0|2|1|1,0|1|2|0,,,125.0,165.0,,5.5,espn,401459638,DAL,SEA,regular
2022-23,2023-03-11,Ottawa Senators,Vancouver Canucks,2.0,5.0,False,0|0|2,1|2|2,,,130.0,155.0,,5.5,espn,401459641,OTT,VAN,regular
2022-23,2023-03-11,Nashville Predators,Los Angeles Kings,2.0,1.0,False,1|0|0|0|1,1|0|0|0|0,,,220.0,-105.0,-1.5,5.5,espn,401459633,NSH,LA,regular
2022-23,2023-03-11,Minnesota Wild,San Jose Sharks,5.0,2.0,False,1|1|3,0|1|1,,,-105.0,220.0,,5.5,espn,401459637,MIN,SJ,regular
2022-23,2023-03-12,Boston Bruins,Detroit Red Wings,3.0,5.0,False,0|1|2,1|3|1,,,-140.0,300.0,,5.5,espn,401459645,BOS,DET,regular
2022-23,2023-03-12,New York Rangers,Pittsburgh Penguins,2.0,3.0,False,1|0|1|0,1|1|0|1,,,160.0,125.0,-1.5,5.5,espn,401459647,NYR,PIT,regular
2022-23,2023-03-12,Carolina Hurricanes,New Jersey Devils,0.0,3.0,False,0|0|0,2|1|0,,,145.0,140.0,,5.5,espn,401459646,CAR,NJ,regular
2022-23,2023-03-12,Vegas Golden Knights,St. Louis Blues,5.0,3.0,False,1|2|2,1|1|1,,,115.0,175.0,,5.5,espn,401459648,VGK,STL,regular
2022-23,2023-03-12,Winnipeg Jets,Tampa Bay Lightning,3.0,2.0,False,1|2|0,1|1|0,,,220.0,-105.0,-1.5,5.5,espn,401459649,WPG,TB,regular
2022-23,2023-03-12,Ottawa Senators,Calgary Flames,1.0,5.0,False,0|1|0,2|2|1,,,230.0,-115.0,-1.5,5.5,espn,401459644,OTT,CGY,regular
2022-23,2023-03-12,Nashville Predators,Anaheim Ducks,5.0,4.0,False,2|0|2|1,1|1|2|0,,,105.0,200.0,,5.5,espn,401459642,NSH,ANA,regular
2022-23,2023-03-12,Minnesota Wild,Arizona Coyotes,4.0,5.0,False,2|2|0|0,2|1|1|1,,,-120.0,260.0,,5.5,espn,401459643,MIN,ARI,regular
2022-23,2023-03-13,Colorado Avalanche,Montreal Canadiens,8.0,4.0,False,4|2|2,1|1|2,,,-150.0,320.0,,5.5,espn,401459650,COL,MTL,regular
2022-23,2023-03-13,Buffalo Sabres,Toronto Maple Leafs,4.0,3.0,False,0|1|3,0|2|1,,,280.0,-145.0,-1.5,6.5,espn,401459652,BUF,TOR,regular
2022-23,2023-03-13,Dallas Stars,Seattle Kraken,5.0,2.0,False,2|2|1,1|1|0,,,135.0,150.0,,5.5,espn,401459651,DAL,SEA,regular
2022-23,2023-03-14,Winnipeg Jets,Carolina Hurricanes,3.0,5.0,False,0|1|2,1|2|2,,,280.0,-130.0,-1.5,5.5,espn,401459654,WPG,CAR,regular
2022-23,2023-03-14,Washington Capitals,New York Rangers,3.0,5.0,False,1|1|1,3|1|1,,,240.0,-110.0,-1.5,5.5,espn,401459658,WSH,NYR,regular
2022-23,2023-03-14,Tampa Bay Lightning,New Jersey Devils,4.0,1.0,False,1|3|0,1|0|0,,,175.0,115.0,-1.5,5.5,espn,401459660,TB,NJ,regular
2022-23,2023-03-14,Vegas Golden Knights,Philadelphia Flyers,5.0,3.0,False,1|2|2,0|1|2,,,-115.0,240.0,,5.5,espn,401459661,VGK,PHI,regular
2022-23,2023-03-14,Montreal Canadiens,Pittsburgh Penguins,6.0,4.0,False,4|0|2,2|2|0,,,500.0,-250.0,-1.5,5.5,espn,401459662,MTL,PIT,regular
2022-23,2023-03-14,Detroit Red Wings,Nashville Predators,1.0,2.0,False,0|0|1,0|1|1,,,210.0,105.0,-1.5,5.5,espn,401459659,DET,NSH,regular
2022-23,2023-03-14,Boston Bruins,Chicago Blackhawks,3.0,6.0,False,0|2|1,1|1|4,,,-280.0,650.0,,5.5,espn,401459655,BOS,CHI,regular
2022-23,2023-03-14,Ottawa Senators,Edmonton Oilers,3.0,6.0,False,2|0|1,2|3|1,,,250.0,-125.0,-1.5,6.5,espn,401459656,OTT,EDM,regular
2022-23,2023-03-14,Calgary Flames,Arizona Coyotes,3.0,4.0,False,1|1|1|0,1|1|1|1,,,-145.0,300.0,,5.5,espn,401459653,CGY,ARI,regular
2022-23,2023-03-14,Dallas Stars,Vancouver Canucks,2.0,5.0,False,0|2|0,2|1|2,,,125.0,160.0,,5.5,espn,401459664,DAL,VAN,regular
2022-23,2023-03-14,New York Islanders,Los Angeles Kings,2.0,5.0,False,1|1|0,0|4|1,,,175.0,125.0,-1.5,5.5,espn,401459657,NYI,LA,regular
2022-23,2023-03-14,Columbus Blue Jackets,San Jose Sharks,6.0,5.0,False,1|3|1|1,1|2|2|0,,,170.0,115.0,-1.5,5.5,espn,401459663,CBJ,SJ,regular
2022-23,2023-03-15,Colorado Avalanche,Toronto Maple Leafs,2.0,1.0,False,1|0|0|0|1,1|0|0|0|0,,,170.0,110.0,-1.5,5.5,espn,401459667,COL,TOR,regular
2022-23,2023-03-15,Buffalo Sabres,Washington Capitals,4.0,5.0,False,3|0|1|0|0,1|0|3|0|1,,,150.0,135.0,-1.5,5.5,espn,401459668,BUF,WSH,regular
2022-23,2023-03-15,Minnesota Wild,St. Louis Blues,8.0,5.0,False,1|5|2,3|1|1,,,120.0,180.0,,5.5,espn,401459666,MIN,STL,regular
2022-23,2023-03-15,New York Islanders,Anaheim Ducks,6.0,3.0,False,1|2|3,2|0|1,,,-120.0,250.0,,5.5,espn,401459665,NYI,ANA,regular
2022-23,2023-03-16,Montreal Canadiens,Florida Panthers,5.0,9.0,False,3|1|1,7|2|0,,,450.0,-225.0,-1.5,5.5,espn,401459671,MTL,FLA,regular
2022-23,2023-03-16,Pittsburgh Penguins,New York Rangers,2.0,4.0,False,0|1|1,1|1|2,,,175.0,115.0,-1.5,5.5,espn,401459673,PIT,NYR,regular
2022-23,2023-03-16,Tampa Bay Lightning,New Jersey Devils,4.0,3.0,False,1|1|1|0|1,0|1|2|0|0,,,170.0,120.0,-1.5,5.5,espn,401459675,TB,NJ,regular
2022-23,2023-03-16,Colorado Avalanche,Ottawa Senators,5.0,4.0,False,2|3|0,1|1|2,,,135.0,145.0,,5.5,espn,401459676,COL,OTT,regular
2022-23,2023-03-16,Chicago Blackhawks,Nashville Predators,2.0,1.0,False,1|0|1,0|0|1,,,325.0,-155.0,-1.5,5.5,espn,401459674,CHI,NSH,regular
2022-23,2023-03-16,Boston Bruins,Winnipeg Jets,3.0,0.0,False,2|0|1,0|0|0,,,110.0,190.0,,5.5,espn,401459679,BOS,WPG,regular
2022-23,2023-03-16,Dallas Stars,Edmonton Oilers,1.0,4.0,False,0|0|1,2|0|2,,,180.0,110.0,-1.5,5.5,espn,401459670,DAL,EDM,regular
2022-23,2023-03-16,Vancouver Canucks,Arizona Coyotes,2.0,3.0,False,1|0|1,1|1|1,,,115.0,175.0,,5.5,espn,401459669,VAN,ARI,regular
2022-23,2023-03-16,Calgary Flames,Vegas Golden Knights,7.0,2.0,False,1|2|4,0|2|0,,,135.0,150.0,-1.5,5.5,espn,401459678,CGY,VGK,regular
2022-23,2023-03-16,Columbus Blue Jackets,Los Angeles Kings,1.0,4.0,False,0|0|1,0|4|0,,,375.0,-190.0,-1.5,5.5,espn,401459672,CBJ,LA,regular
2022-23,2023-03-16,Seattle Kraken,San Jose Sharks,2.0,1.0,False,0|0|1|1,0|0|1|0,,,-105.0,210.0,,5.5,espn,401459677,SEA,SJ,regular
2022-23,2023-03-17,Buffalo Sabres,Philadelphia Flyers,2.0,5.0,False,0|0|2,1|3|1,,,120.0,165.0,,5.5,espn,401459681,BUF,PHI,regular
2022-23,2023-03-17,Carolina Hurricanes,Toronto Maple Leafs,2.0,5.0,False,1|1|0,3|1|1,,,155.0,135.0,-1.5,5.5,espn,401459682,CAR,TOR,regular
2022-23,2023-03-17,St. Louis Blues,Washington Capitals,5.0,2.0,False,1|3|1,0|0|2,,,210.0,-105.0,-1.5,5.5,espn,401459683,STL,WSH,regular
2022-23,2023-03-17,Columbus Blue Jackets,Anaheim Ducks,4.0,7.0,False,2|1|1,2|1|4,,,140.0,140.0,-1.5,5.5,espn,401459680,CBJ,ANA,regular
2022-23,2023-03-18,Colorado Avalanche,Detroit Red Wings,5.0,1.0,False,1|2|2,1|0|0,,,-105.0,220.0,,5.5,espn,401459686,COL,DET,regular
2022-23,2023-03-18,Boston Bruins,Minnesota Wild,5.0,2.0,False,1|2|2,1|0|1,,,105.0,210.0,,5.5,espn,401459689,BOS,MIN,regular
2022-23,2023-03-18,Winnipeg Jets,Nashville Predators,3.0,2.0,False,0|0|2|1,1|0|1|0,,,115.0,190.0,,5.5,espn,401459691,WPG,NSH,regular
2022-23,2023-03-18,Edmonton Oilers,Seattle Kraken,6.0,4.0,False,2|2|2,1|2|1,,,115.0,170.0,,6.5,espn,401459695,EDM,SEA,regular
2022-23,2023-03-18,Carolina Hurricanes,Philadelphia Flyers,5.0,4.0,False,2|1|1|1,0|2|2|0,,,-140.0,300.0,,5.5,espn,401459693,CAR,PHI,regular
2022-23,2023-03-18,New Jersey Devils,Florida Panthers,2.0,4.0,False,0|2|0,0|0|4,,,145.0,135.0,-1.5,6.5,espn,401459687,NJ,FLA,regular
2022-23,2023-03-18,Toronto Maple Leafs,Ottawa Senators,5.0,4.0,False,1|2|1|0|1,1|1|2|0|0,,,125.0,155.0,,5.5,espn,401459692,TOR,OTT,regular
2022-23,2023-03-18,Montreal Canadiens,Tampa Bay Lightning,3.0,5.0,False,1|2|0,1|1|3,,,375.0,-180.0,-1.5,5.5,espn,401459696,MTL,TB,regular
2022-23,2023-03-18,Pittsburgh Penguins,New York Rangers,0.0,6.0,False,0|0|0,2|4|0,,,180.0,115.0,-1.5,5.5,espn,401459690,PIT,NYR,regular
2022-23,2023-03-18,Dallas Stars,Calgary Flames,6.0,5.0,False,3|1|1|1,1|3|1|0,,,155.0,135.0,-1.5,5.5,espn,401459685,DAL,CGY,regular
2022-23,2023-03-18,Vancouver Canucks,Los Angeles Kings,3.0,2.0,False,1|0|1|0|1,1|1|0|0|0,,,240.0,-115.0,-1.5,5.5,espn,401459688,VAN,LA,regular
2022-23,2023-03-18,Chicago Blackhawks,Arizona Coyotes,2.0,4.0,False,1|0|1,0|1|3,,,190.0,115.0,-1.5,5.5,espn,401459684,CHI,ARI,regular
2022-23,2023-03-18,New York Islanders,San Jose Sharks,4.0,1.0,False,1|2|1,1|0|0,,,-110.0,240.0,,5.5,espn,401459694,NYI,SJ,regular
2022-23,2023-03-19,Boston Bruins,Buffalo Sabres,7.0,0.0,False,3|1|3,0|0|0,,,-105.0,210.0,,5.5,espn,401459698,BOS,BUF,regular
2022-23,2023-03-19,Washington Capitals,Minnesota Wild,3.0,5.0,False,0|1|2,2|1|2,,,190.0,115.0,-1.5,5.5,espn,401459699,WSH,MIN,regular
2022-23,2023-03-19,Columbus Blue Jackets,Vegas Golden Knights,2.0,7.0,False,0|1|1,1|4|2,,,400.0,-200.0,-1.5,5.5,espn,401459703,CBJ,VGK,regular
2022-23,2023-03-19,Nashville Predators,New York Rangers,0.0,7.0,False,0|0|0,6|1|0,,,300.0,-135.0,-1.5,5.5,espn,401459700,NSH,NYR,regular
2022-23,2023-03-19,Winnipeg Jets,St. Louis Blues,0.0,3.0,False,0|0|0,1|1|1,,,120.0,165.0,,5.5,espn,401459701,WPG,STL,regular
2022-23,2023-03-19,New Jersey Devils,Tampa Bay Lightning,5.0,2.0,False,0|3|2,1|1|0,,,160.0,130.0,-1.5,5.5,espn,401459702,NJ,TB,regular
2022-23,2023-03-19,Vancouver Canucks,Anaheim Ducks,2.0,1.0,False,1|1|0,0|0|1,,,120.0,160.0,,6.5,espn,401459697,VAN,ANA,regular
2022-23,2023-03-20,Florida Panthers,Detroit Red Wings,5.0,2.0,False,2|1|2,1|0|1,,,-120.0,240.0,,5.5,espn,401459705,FLA,DET,regular
2022-23,2023-03-20,Ottawa Senators,Pittsburgh Penguins,2.0,1.0,False,1|0|1,0|0|1,,,200.0,-105.0,-1.5,6.5,espn,401459708,OTT,PIT,regular
2022-23,2023-03-20,Chicago Blackhawks,Colorado Avalanche,0.0,5.0,False,0|0|0,1|2|2,,,600.0,-275.0,-1.5,5.5,espn,401459704,CHI,COL,regular
2022-23,2023-03-20,San Jose Sharks,Edmonton Oilers,4.0,5.0,False,1|3|0|0,1|2|1|1,,,450.0,-225.0,-1.5,6.5,espn,401459706,SJ,EDM,regular
2022-23,2023-03-20,Calgary Flames,Los Angeles Kings,2.0,8.0,False,0|1|1,4|2|2,,,150.0,135.0,,5.5,espn,401459707,CGY,LA,regular
2022-23,2023-03-21,Ottawa Senators,Boston Bruins,1.0,2.0,False,1|0|0,2|0|0,,,400.0,-190.0,-1.5,5.5,espn,401459710,OTT,BOS,regular
2022-23,2023-03-21,Nashville Predators,Buffalo Sabres,7.0,3.0,False,2|4|1,0|2|1,,,190.0,105.0,-1.5,5.5,espn,401459711,NSH,BUF,regular
2022-23,2023-03-21,Tampa Bay Lightning,Montreal Canadiens,2.0,3.0,False,0|1|1,2|1|0,,,-175.0,350.0,,5.5,espn,401459713,TB,MTL,regular
2022-23,2023-03-21,Carolina Hurricanes,New York Rangers,3.0,2.0,False,0|0|3,1|0|1,,,145.0,140.0,-1.5,5.5,espn,401459715,CAR,NYR,regular
2022-23,2023-03-21,Minnesota Wild,New Jersey Devils,2.0,1.0,False,0|0|1|1,0|0|1|0,,,225.0,-105.0,-1.5,5.5,espn,401459716,MIN,NJ,regular
2022-23,2023-03-21,Florida Panthers,Philadelphia Flyers,3.0,6.0,False,1|1|1,1|4|1,,,105.0,190.0,,5.5,espn,401459717,FLA,PHI,regular
2022-23,2023-03-21,Columbus Blue Jackets,Washington Capitals,7.0,6.0,False,1|2|3|1,3|2|1|0,,,300.0,-150.0,-1.5,5.5,espn,401459720,CBJ,WSH,regular
2022-23,2023-03-21,Toronto Maple Leafs,New York Islanders,2.0,7.0,False,1|0|1,0|3|4,,,140.0,150.0,,5.5,espn,401459714,TOR,NYI,regular
2022-23,2023-03-21,Detroit Red Wings,St. Louis Blues,3.0,2.0,False,2|0|0|0|1,2|0|0|0|0,,,175.0,115.0,-1.5,5.5,espn,401459718,DET,STL,regular
2022-23,2023-03-21,Arizona Coyotes,Winnipeg Jets,1.0,2.0,False,0|1|0,2|0|0,,,425.0,-200.0,-1.5,5.5,espn,401459721,ARI,WPG,regular
2022-23,2023-03-21,Seattle Kraken,Dallas Stars,5.0,4.0,False,2|1|1|1,1|0|3|0,,,200.0,100.0,-1.5,5.5,espn,401459712,SEA,DAL,regular
2022-23,2023-03-21,Calgary Flames,Anaheim Ducks,5.0,1.0,False,2|1|2,0|1|0,,,-130.0,260.0,,5.5,espn,401459709,CGY,ANA,regular
2022-23,2023-03-21,Vegas Golden Knights,Vancouver Canucks,4.0,3.0,False,2|2|0,0|2|1,,,120.0,165.0,,5.5,espn,401459719,VGK,VAN,regular
2022-23,2023-03-22,Pittsburgh Penguins,Colorado Avalanche,5.0,2.0,False,0|3|2,0|1|1,,,200.0,105.0,-1.5,5.5,espn,401459722,PIT,COL,regular
2022-23,2023-03-22,Arizona Coyotes,Edmonton Oilers,3.0,4.0,False,1|1|1|0,1|1|1|1,,,550.0,-280.0,-1.5,6.5,espn,401459723,ARI,EDM,regular
2022-23,2023-03-23,Minnesota Wild,Philadelphia Flyers,4.0,5.0,False,1|2|1|0|0,1|2|1|0|1,,,115.0,190.0,,5.5,espn,401459733,MIN,PHI,regular
2022-23,2023-03-23,Montreal Canadiens,Boston Bruins,2.0,4.0,False,1|1|0,2|1|1,,,500.0,-250.0,-1.5,5.5,espn,401459725,MTL,BOS,regular
2022-23,2023-03-23,New York Rangers,Carolina Hurricanes,2.0,1.0,False,0|1|1,1|0|0,,,190.0,105.0,-1.5,5.5,espn,401459727,NYR,CAR,regular
2022-23,2023-03-23,St. Louis Blues,Detroit Red Wings,4.0,3.0,False,1|3|0,2|0|1,,,160.0,130.0,-1.5,5.5,espn,401459729,STL,DET,regular
2022-23,2023-03-23,Toronto Maple Leafs,Florida Panthers,6.0,2.0,False,1|3|2,1|1|0,,,160.0,120.0,-1.5,6.5,espn,401459730,TOR,FLA,regular
2022-23,2023-03-23,Tampa Bay Lightning,Ottawa Senators,2.0,7.0,False,0|1|1,2|1|4,,,130.0,155.0,,5.5,espn,401459732,TB,OTT,regular
2022-23,2023-03-23,Chicago Blackhawks,Washington Capitals,1.0,6.0,False,0|0|1,2|2|2,,,400.0,-180.0,-1.5,5.5,espn,401459735,CHI,WSH,regular
2022-23,2023-03-23,Seattle Kraken,Nashville Predators,1.0,2.0,False,1|0|0|0|0,0|1|0|0|1,,,135.0,155.0,,5.5,espn,401459731,SEA,NSH,regular
2022-23,2023-03-23,Vegas Golden Knights,Calgary Flames,3.0,2.0,False,2|0|1,1|0|1,,,175.0,120.0,-1.5,5.5,espn,401459726,VGK,CGY,regular
2022-23,2023-03-23,Pittsburgh Penguins,Dallas Stars,2.0,3.0,False,0|1|1,1|0|2,,,200.0,105.0,-1.5,5.5,espn,401459728,PIT,DAL,regular
2022-23,2023-03-23,Winnipeg Jets,Anaheim Ducks,3.0,2.0,False,1|1|1,1|0|1,,,-170.0,350.0,,5.5,espn,401459724,WPG,ANA,regular
2022-23,2023-03-23,San Jose Sharks,Vancouver Canucks,2.0,7.0,False,1|0|1,3|1|3,,,210.0,-105.0,-1.5,5.5,espn,401459734,SJ,VAN,regular
2022-23,2023-03-24,New Jersey Devils,Buffalo Sabres,4.0,5.0,False,2|0|2,3|2|0,,,-115.0,225.0,,6.5,espn,401459736,NJ,BUF,regular
2022-23,2023-03-24,New York Islanders,Columbus Blue Jackets,4.0,5.0,False,1|1|2|0,0|4|0|1,,,-135.0,280.0,,5.5,espn,401459738,NYI,CBJ,regular
2022-23,2023-03-24,Arizona Coyotes,Colorado Avalanche,1.0,3.0,False,1|0|0,1|0|2,,,550.0,-250.0,-1.5,5.5,espn,401459737,ARI,COL,regular
2022-23,2023-03-25,Tampa Bay Lightning,Boston Bruins,1.0,2.0,False,1|0|0,1|1|0,,,225.0,-120.0,-1.5,5.5,espn,401459740,TB,BOS,regular
2022-23,2023-03-25,Detroit Red Wings,Philadelphia Flyers,0.0,3.0,False,0|0|0,0|2|1,,,170.0,125.0,-1.5,5.5,espn,401459752,DET,PHI,regular
2022-23,2023-03-25,Seattle Kraken,Nashville Predators,7.0,2.0,False,2|1|4,0|1|1,,,125.0,170.0,,5.5,espn,401459750,SEA,NSH,regular
2022-23,2023-03-25,San Jose Sharks,Calgary Flames,3.0,5.0,False,1|2|0,2|1|2,,,400.0,-190.0,-1.5,5.5,espn,401459741,SJ,CGY,regular
2022-23,2023-03-25,Winnipeg Jets,Los Angeles Kings,1.0,4.0,False,0|1|0,1|1|2,,,145.0,135.0,-1.5,5.5,espn,401459746,WPG,LA,regular
2022-23,2023-03-25,New York Rangers,Florida Panthers,4.0,3.0,False,0|2|2,2|0|1,,,155.0,120.0,-1.5,5.5,espn,401459745,NYR,FLA,regular
2022-23,2023-03-25,Chicago Blackhawks,Minnesota Wild,1.0,3.0,False,0|0|1,0|1|2,,,500.0,-225.0,-1.5,5.5,espn,401459747,CHI,MIN,regular
2022-23,2023-03-25,Buffalo Sabres,New York Islanders,2.0,0.0,False,0|0|2,0|0|0,,,225.0,-130.0,-1.5,5.5,espn,401459749,BUF,NYI,regular
2022-23,2023-03-25,Toronto Maple Leafs,Carolina Hurricanes,3.0,5.0,False,0|2|1,2|0|3,,,190.0,115.0,-1.5,5.5,espn,401459742,TOR,CAR,regular
2022-23,2023-03-25,Vancouver Canucks,Dallas Stars,3.0,1.0,False,1|2|0,1|0|0,,,210.0,-105.0,-1.5,5.5,espn,401459743,VAN,DAL,regular
2022-23,2023-03-25,Columbus Blue Jackets,Montreal Canadiens,2.0,8.0,False,2|0|0,2|4|2,,,175.0,115.0,-1.5,5.5,espn,401459748,CBJ,MTL,regular
2022-23,2023-03-25,Ottawa Senators,New Jersey Devils,3.0,5.0,False,1|2|0,1|2|2,,,240.0,-120.0,-1.5,5.5,espn,401459751,OTT,NJ,regular
2022-23,2023-03-25,Washington Capitals,Pittsburgh Penguins,3.0,4.0,False,0|0|3,0|2|2,,,175.0,115.0,-1.5,5.5,espn,401459753,WSH,PIT,regular
2022-23,2023-03-25,Vegas Golden Knights,Edmonton Oilers,4.0,3.0,False,2|0|1|1,1|1|1|0,,,220.0,-110.0,-1.5,6.5,espn,401459744,VGK,EDM,regular
2022-23,2023-03-25,St. Louis Blues,Anaheim Ducks,6.0,3.0,False,3|2|1,2|0|1,,,105.0,190.0,,5.5,espn,401459739,STL,ANA,regular
2022-23,2023-03-26,Colorado Avalanche,Arizona Coyotes,4.0,3.0,False,0|2|1|0|1,0|0|3|0|0,,,-160.0,350.0,,5.5,espn,401459754,COL,ARI,regular
2022-23,2023-03-26,Boston Bruins,Carolina Hurricanes,4.0,3.0,False,1|2|0|0|1,0|1|2|0|0,,,190.0,115.0,-1.5,5.5,espn,401459755,BOS,CAR,regular
2022-23,2023-03-26,Vancouver Canucks,Chicago Blackhawks,4.0,2.0,False,0|1|3,1|0|1,,,-110.0,225.0,,5.5,espn,401459756,VAN,CHI,regular
2022-23,2023-03-26,Toronto Maple Leafs,Nashville Predators,3.0,2.0,False,1|1|1,0|0|2,,,-115.0,240.0,,5.5,espn,401459758,TOR,NSH,regular
2022-23,2023-03-26,St. Louis Blues,Los Angeles Kings,6.0,7.0,False,1|3|2,5|0|2,,,275.0,-140.0,-1.5,5.5,espn,401459757,STL,LA,regular
2022-23,2023-03-27,Montreal Canadiens,Buffalo Sabres,4.0,3.0,False,1|1|1|0|1,1|2|0|0|0,,,210.0,-105.0,-1.5,6.5,espn,401459761,MTL,BUF,regular
2022-23,2023-03-27,Florida Panthers,Ottawa Senators,2.0,5.0,False,0|1|1,2|1|2,,,110.0,175.0,,6.5,espn,401459764,FLA,OTT,regular
2022-23,2023-03-27,New Jersey Devils,New York Islanders,1.0,5.0,False,0|1|0,1|1|3,,,135.0,155.0,,5.5,espn,401459763,NJ,NYI,regular
2022-23,2023-03-27,Seattle Kraken,Minnesota Wild,1.0,5.0,False,0|0|1,1|2|2,,,160.0,130.0,-1.5,5.5,espn,401459762,SEA,MIN,regular
2022-23,2023-03-27,Colorado Avalanche,Anaheim Ducks,5.0,1.0,False,2|2|1,1|0|0,,,-175.0,350.0,,5.5,espn,401459759,COL,ANA,regular
2022-23,2023-03-27,Edmonton Oilers,Arizona Coyotes,5.0,4.0,False,3|1|1,2|0|2,,,-200.0,400.0,,6.5,espn,401459760,EDM,ARI,regular
2022-23,2023-03-28,Nashville Predators,Boston Bruins,2.0,1.0,False,0|1|1,0|0|1,,,425.0,-190.0,-1.5,5.5,espn,401459765,NSH,BOS,regular
2022-23,2023-03-28,Tampa Bay Lightning,Carolina Hurricanes,4.0,0.0,False,0|2|2,0|0|0,,,180.0,120.0,-1.5,5.5,espn,401459767,TB,CAR,regular
2022-23,2023-03-28,Pittsburgh Penguins,Detroit Red Wings,4.0,7.0,False,0|3|1,3|0|4,,,-110.0,225.0,,5.5,espn,401459769,PIT,DET,regular
2022-23,2023-03-28,Columbus Blue Jackets,New York Rangers,2.0,6.0,False,2|0|0,3|1|2,,,450.0,-225.0,-1.5,5.5,espn,401459770,CBJ,NYR,regular
2022-23,2023-03-28,Montreal Canadiens,Philadelphia Flyers,2.0,3.0,False,0|1|1,0|1|2,,,170.0,120.0,-1.5,5.5,espn,401459771,MTL,PHI,regular
2022-23,2023-03-28,Vancouver Canucks,St. Louis Blues,5.0,6.0,False,2|1|2|0,2|3|0|1,,,145.0,135.0,,5.5,espn,401459773,VAN,STL,regular
2022-23,2023-03-28,Dallas Stars,Chicago Blackhawks,4.0,1.0,False,2|1|1,0|0|1,,,-180.0,400.0,,5.5,espn,401459768,DAL,CHI,regular
2022-23,2023-03-28,Los Angeles Kings,Calgary Flames,1.0,2.0,False,1|0|0,2|0|0,,,170.0,125.0,-1.5,5.5,espn,401459766,LA,CGY,regular
2022-23,2023-03-28,Edmonton Oilers,Vegas Golden Knights,7.0,4.0,False,3|3|1,2|1|1,,,140.0,140.0,,6.5,espn,401459774,EDM,VGK,regular
2022-23,2023-03-28,Winnipeg Jets,San Jose Sharks,0.0,3.0,False,0|0|0,1|0|2,,,-115.0,240.0,,5.5,espn,401459772,WPG,SJ,regular
2022-23,2023-03-29,Florida Panthers,Toronto Maple Leafs,3.0,2.0,False,1|0|1|1,0|1|1|0,,,190.0,105.0,-1.5,6.5,espn,401459776,FLA,TOR,regular
2022-23,2023-03-29,New York Islanders,Washington Capitals,2.0,1.0,False,0|1|0|0|1,0|1|0|0|0,,,140.0,150.0,,5.5,espn,401459777,NYI,WSH,regular
2022-23,2023-03-29,Minnesota Wild,Colorado Avalanche,4.0,2.0,False,2|1|1,1|0|1,,,210.0,105.0,-1.5,5.5,espn,401459775,MIN,COL,regular
2022-23,2023-03-30,Columbus Blue Jackets,Boston Bruins,1.0,2.0,False,1|0|0|0,0|1|0|1,,,550.0,-275.0,-1.5,5.5,espn,401459778,CBJ,BOS,regular
2022-23,2023-03-30,Florida Panthers,Montreal Canadiens,5.0,2.0,False,1|2|2,1|0|1,,,-120.0,230.0,,6.5,espn,401459782,FLA,MTL,regular
2022-23,2023-03-30,New York Rangers,New Jersey Devils,1.0,2.0,False,0|1|0,2|0|0,,,160.0,130.0,-1.5,5.5,espn,401459783,NYR,NJ,regular
2022-23,2023-03-30,Philadelphia Flyers,Ottawa Senators,4.0,5.0,False,0|1|3|0,1|2|1|1,,,220.0,-110.0,-1.5,5.5,espn,401459784,PHI,OTT,regular
2022-23,2023-03-30,Nashville Predators,Pittsburgh Penguins,0.0,2.0,False,0|0|0,0|1|1,,,240.0,-115.0,-1.5,5.5,espn,401459785,NSH,PIT,regular
2022-23,2023-03-30,Washington Capitals,Tampa Bay Lightning,1.0,5.0,False,0|1|0,2|0|3,,,250.0,-120.0,-1.5,5.5,espn,401459788,WSH,TB,regular
2022-23,2023-03-30,Carolina Hurricanes,Detroit Red Wings,2.0,3.0,False,0|2|0,1|1|1,,,-125.0,275.0,,5.5,espn,401459780,CAR,DET,regular
2022-23,2023-03-30,St. Louis Blues,Chicago Blackhawks,5.0,3.0,False,0|3|2,0|1|2,,,105.0,200.0,,5.5,espn,401459779,STL,CHI,regular
2022-23,2023-03-30,Los Angeles Kings,Edmonton Oilers,0.0,2.0,False,0|0|0,1|0|1,,,230.0,-115.0,-1.5,5.5,espn,401459781,LA,EDM,regular
2022-23,2023-03-30,Anaheim Ducks,Seattle Kraken,1.0,4.0,False,0|1|0,2|0|2,,,500.0,-225.0,-1.5,5.5,espn,401459787,ANA,SEA,regular
2022-23,2023-03-30,Vegas Golden Knights,San Jose Sharks,3.0,4.0,False,1|1|1|0,2|1|0|1,,,-110.0,225.0,,5.5,espn,401459786,VGK,SJ,regular
2022-23,2023-03-31,New York Rangers,Buffalo Sabres,2.0,3.0,False,0|1|1|0,1|1|0|1,,,115.0,170.0,,6.5,espn,401459790,NYR,BUF,regular
2022-23,2023-03-31,Detroit Red Wings,Winnipeg Jets,2.0,6.0,False,0|0|2,3|2|1,,,300.0,-140.0,-1.5,5.5,espn,401459792,DET,WPG,regular
2022-23,2023-03-31,Calgary Flames,Vancouver Canucks,5.0,4.0,False,0|3|1|1,1|3|0|0,,,115.0,170.0,,5.5,espn,401459791,CGY,VAN,regular
2022-23,2023-03-31,Dallas Stars,Arizona Coyotes,5.0,2.0,False,1|2|2,2|0|0,,,-130.0,275.0,,5.5,espn,401459789,DAL,ARI,regular
2022-23,2023-04-01,St. Louis Blues,Nashville Predators,1.0,6.0,False,0|0|1,2|2|2,,,170.0,125.0,-1.5,5.5,espn,401459799,STL,NSH,regular
2022-23,2023-04-01,Boston Bruins,Pittsburgh Penguins,4.0,3.0,False,1|1|2,1|0|2,,,135.0,155.0,,5.5,espn,401459802,BOS,PIT,regular
2022-23,2023-04-01,Florida Panthers,Columbus Blue Jackets,7.0,0.0,False,2|2|3,0|0|0,,,-160.0,320.0,,6.5,espn,401459796,FLA,CBJ,regular
2022-23,2023-04-01,Carolina Hurricanes,Montreal Canadiens,3.0,0.0,False,1|2|0,0|0|0,,,-150.0,320.0,,5.5,espn,401459798,CAR,MTL,regular
2022-23,2023-04-01,Toronto Maple Leafs,Ottawa Senators,3.0,0.0,False,0|3|0,0|0|0,,,105.0,190.0,,5.5,espn,401459800,TOR,OTT,regular
2022-23,2023-04-01,Buffalo Sabres,Philadelphia Flyers,6.0,3.0,False,1|4|1,1|1|1,,,155.0,130.0,,5.5,espn,401459801,BUF,PHI,regular
2022-23,2023-04-01,New York Islanders,Tampa Bay Lightning,0.0,5.0,False,0|0|0,1|3|1,,,190.0,115.0,-1.5,5.5,espn,401459804,NYI,TB,regular
2022-23,2023-04-01,New Jersey Devils,Chicago Blackhawks,6.0,3.0,False,0|3|3,0|2|1,,,-200.0,425.0,,5.5,espn,401459794,NJ,CHI,regular
2022-23,2023-04-01,Dallas Stars,Colorado Avalanche,2.0,5.0,False,0|1|1,1|2|2,,,200.0,105.0,-1.5,5.5,espn,401459795,DAL,COL,regular
2022-23,2023-04-01,San Jose Sharks,Arizona Coyotes,7.0,2.0,False,3|1|3,1|0|1,,,145.0,140.0,,5.5,espn,401459793,SJ,ARI,regular
2022-23,2023-04-01,Anaheim Ducks,Edmonton Oilers,0.0,6.0,False,0|0|0,1|3|2,,,650.0,-320.0,-1.5,6.5,espn,401459797,ANA,EDM,regular
2022-23,2023-04-01,Los Angeles Kings,Seattle Kraken,3.0,1.0,False,0|1|2,0|0|1,,,145.0,140.0,-1.5,5.5,espn,401459803,LA,SEA,regular
2022-23,2023-04-01,Minnesota Wild,Vegas Golden Knights,1.0,4.0,False,1|0|0,2|1|1,,,140.0,150.0,-1.5,5.5,espn,401459805,MIN,VGK,regular
2022-23,2023-04-02,New York Rangers,Washington Capitals,5.0,2.0,False,2|1|2,0|1|1,,,115.0,180.0,,5.5,espn,401459813,NYR,WSH,regular
2022-23,2023-04-02,Boston Bruins,St. Louis Blues,4.0,3.0,False,1|2|0|0|1,0|1|2|0|0,,,-145.0,300.0,,5.5,espn,401459810,BOS,STL,regular
2022-23,2023-04-02,New York Islanders,Carolina Hurricanes,1.0,2.0,False,1|0|0,0|1|1,,,225.0,100.0,-1.5,5.5,espn,401459807,NYI,CAR,regular
2022-23,2023-04-02,Ottawa Senators,Columbus Blue Jackets,3.0,4.0,False,3|0|0|0,2|0|1|1,,,-115.0,230.0,,5.5,espn,401459808,OTT,CBJ,regular
2022-23,2023-04-02,Philadelphia Flyers,Pittsburgh Penguins,2.0,4.0,False,0|0|2,2|1|1,,,320.0,-150.0,-1.5,5.5,espn,401459809,PHI,PIT,regular
2022-23,2023-04-02,Detroit Red Wings,Toronto Maple Leafs,5.0,2.0,False,3|0|2,1|0|1,,,300.0,-145.0,-1.5,5.5,espn,401459811,DET,TOR,regular
2022-23,2023-04-02,New Jersey Devils,Winnipeg Jets,1.0,6.0,False,0|0|1,2|2|2,,,160.0,130.0,,5.5,espn,401459814,NJ,WPG,regular
2022-23,2023-04-02,Anaheim Ducks,Calgary Flames,4.0,5.0,False,2|2|0,0|3|2,,,700.0,-325.0,-1.5,5.5,espn,401459806,ANA,CGY,regular
2022-23,2023-04-02,Los Angeles Kings,Vancouver Canucks,4.0,1.0,False,1|1|2,1|0|0,,,145.0,140.0,,5.5,espn,401459812,LA,VAN,regular
2022-23,2023-04-03,Vegas Golden Knights,Minnesota Wild,4.0,3.0,False,1|1|1|0|1,0|3|0|0|0,,,170.0,125.0,-1.5,5.5,espn,401459816,VGK,MIN,regular
2022-23,2023-04-03,Nashville Predators,Dallas Stars,1.0,5.0,False,0|0|1,1|2|2,,,250.0,-120.0,-1.5,5.5,espn,401459815,NSH,DAL,regular
2022-23,2023-04-03,Arizona Coyotes,Seattle Kraken,1.0,8.0,False,0|1|0,2|2|4,,,400.0,-190.0,-1.5,5.5,espn,401459817,ARI,SEA,regular
2022-23,2023-04-04,Ottawa Senators,Carolina Hurricanes,2.0,3.0,False,0|1|1|0,2|0|0|1,,,320.0,-150.0,-1.5,5.5,espn,401459819,OTT,CAR,regular
2022-23,2023-04-04,Buffalo Sabres,Florida Panthers,1.0,2.0,False,1|0|0,1|0|1,,,220.0,-115.0,-1.5,6.5,espn,401459820,BUF,FLA,regular
2022-23,2023-04-04,Detroit Red Wings,Montreal Canadiens,5.0,0.0,False,2|2|1,0|0|0,,,135.0,150.0,,5.5,espn,401459822,DET,MTL,regular
2022-23,2023-04-04,Pittsburgh Penguins,New Jersey Devils,1.0,5.0,False,0|0|1,2|2|1,,,210.0,-105.0,-1.5,5.5,espn,401459824,PIT,NJ,regular
2022-23,2023-04-04,Columbus Blue Jackets,Toronto Maple Leafs,2.0,4.0,False,1|0|1,1|1|2,,,550.0,-275.0,-1.5,5.5,espn,401459827,CBJ,TOR,regular
2022-23,2023-04-04,Vegas Golden Knights,Nashville Predators,2.0,3.0,False,0|2|0|0,2|0|0|1,,,105.0,200.0,,5.5,espn,401459823,VGK,NSH,regular
2022-23,2023-04-04,Philadelphia Flyers,St. Louis Blues,2.0,4.0,False,0|0|2,1|2|1,,,150.0,130.0,-1.5,5.5,espn,401459826,PHI,STL,regular
2022-23,2023-04-04,Chicago Blackhawks,Calgary Flames,4.0,3.0,False,2|0|2,1|1|1,,,550.0,-250.0,-1.5,5.5,espn,401459818,CHI,CGY,regular
2022-23,2023-04-04,Seattle Kraken,Vancouver Canucks,5.0,2.0,False,1|3|1,2|0|0,,,140.0,140.0,,5.5,espn,401459828,SEA,VAN,regular
2022-23,2023-04-04,Edmonton Oilers,Los Angeles Kings,3.0,1.0,False,0|1|2,0|0|1,,,120.0,165.0,,5.5,espn,401459821,EDM,LA,regular
2022-23,2023-04-04,Colorado Avalanche,San Jose Sharks,4.0,3.0,False,2|1|0|1,0|1|2|0,,,-145.0,300.0,,5.5,espn,401459825,COL,SJ,regular
2022-23,2023-04-05,Tampa Bay Lightning,New York Rangers,3.0,6.0,False,1|2|0,3|1|2,,,160.0,135.0,-1.5,5.5,espn,401459830,TB,NYR,regular
2022-23,2023-04-05,Calgary Flames,Winnipeg Jets,3.0,1.0,False,0|1|2,1|0|0,,,180.0,120.0,-1.5,5.5,espn,401459831,CGY,WPG,regular
2022-23,2023-04-05,Edmonton Oilers,Anaheim Ducks,3.0,1.0,False,0|2|1,0|0|1,,,-225.0,425.0,,6.5,espn,401459829,EDM,ANA,regular
2022-23,2023-04-06,Toronto Maple Leafs,Boston Bruins,1.0,2.0,False,0|1|0|0,0|0|1|1,,,190.0,115.0,-1.5,5.5,espn,401459832,TOR,BOS,regular
2022-23,2023-04-06,Buffalo Sabres,Detroit Red Wings,7.0,6.0,False,3|1|2|0|1,2|2|2|0|0,,,145.0,135.0,,5.5,espn,401459834,BUF,DET,regular
2022-23,2023-04-06,Ottawa Senators,Florida Panthers,2.0,7.0,False,0|1|1,2|5|0,,,280.0,-145.0,-1.5,6.5,espn,401459835,OTT,FLA,regular
2022-23,2023-04-06,Washington Capitals,Montreal Canadiens,2.0,6.0,False,1|0|1,0|4|2,,,105.0,200.0,,5.5,espn,401459836,WSH,MTL,regular
2022-23,2023-04-06,Columbus Blue Jackets,New Jersey Devils,1.0,8.0,False,0|1|0,1|3|4,,,500.0,-250.0,-1.5,6.5,espn,401459839,CBJ,NJ,regular
2022-23,2023-04-06,Minnesota Wild,Pittsburgh Penguins,1.0,4.0,False,0|0|1,1|1|2,,,165.0,125.0,-1.5,5.5,espn,401459840,MIN,PIT,regular
2022-23,2023-04-06,Tampa Bay Lightning,New York Islanders,1.0,6.0,False,0|1|0,0|4|2,,,190.0,105.0,-1.5,5.5,espn,401459837,TB,NYI,regular
2022-23,2023-04-06,Carolina Hurricanes,Nashville Predators,0.0,3.0,False,0|0|0,2|0|1,,,-110.0,250.0,,5.5,espn,401459838,CAR,NSH,regular
2022-23,2023-04-06,New York Rangers,St. Louis Blues,2.0,3.0,False,0|0|2|0,0|1|1|1,,,105.0,190.0,,5.5,espn,401459843,NYR,STL,regular
2022-23,2023-04-06,Philadelphia Flyers,Dallas Stars,1.0,4.0,False,0|1|0,1|3|0,,,300.0,-140.0,-1.5,5.5,espn,401459833,PHI,DAL,regular
2022-23,2023-04-06,Chicago Blackhawks,Vancouver Canucks,0.0,3.0,False,0|0|0,1|1|1,,,275.0,-135.0,-1.5,5.5,espn,401459844,CHI,VAN,regular
2022-23,2023-04-06,Los Angeles Kings,Vegas Golden Knights,2.0,5.0,False,0|2|0,4|1|0,,,150.0,140.0,-1.5,5.5,espn,401459845,LA,VGK,regular
2022-23,2023-04-06,Colorado Avalanche,San Jose Sharks,6.0,2.0,False,1|4|1,1|1|0,,,-135.0,275.0,,5.5,espn,401459841,COL,SJ,regular
2022-23,2023-04-06,Arizona Coyotes,Seattle Kraken,2.0,4.0,False,0|1|1,1|2|1,,,425.0,-200.0,-1.5,5.5,espn,401459842,ARI,SEA,regular
2022-23,2023-04-08,Carolina Hurricanes,Buffalo Sabres,3.0,4.0,False,2|1|0,1|2|1,,,100.0,210.0,,5.5,espn,401459848,CAR,BUF,regular
2022-23,2023-04-08,Pittsburgh Penguins,Detroit Red Wings,5.0,1.0,False,2|1|2,0|1|0,,,-110.0,225.0,,5.5,espn,401459851,PIT,DET,regular
2022-23,2023-04-08,Vegas Golden Knights,Dallas Stars,1.0,2.0,False,1|0|0|0|0,0|1|0|0|1,,,220.0,100.0,-1.5,5.5,espn,401459850,VGK,DAL,regular
2022-23,2023-04-08,Edmonton Oilers,San Jose Sharks,6.0,1.0,False,2|2|2,1|0|0,,,-190.0,375.0,,6.5,espn,401459856,EDM,SJ,regular
2022-23,2023-04-08,Anaheim Ducks,Arizona Coyotes,4.0,5.0,False,1|1|2|0,1|2|1|1,,,180.0,115.0,-1.5,5.5,espn,401459846,ANA,ARI,regular
2022-23,2023-04-08,New York Rangers,Columbus Blue Jackets,4.0,0.0,False,2|0|2,0|0|0,,,-190.0,400.0,,5.5,espn,401459849,NYR,CBJ,regular
2022-23,2023-04-08,Tampa Bay Lightning,Ottawa Senators,4.0,7.0,False,1|2|1,2|2|3,,,115.0,170.0,,5.5,espn,401459855,TB,OTT,regular
2022-23,2023-04-08,Montreal Canadiens,Toronto Maple Leafs,1.0,7.0,False,0|1|0,2|2|3,,,450.0,-225.0,-1.5,5.5,espn,401459858,MTL,TOR,regular
2022-23,2023-04-08,Florida Panthers,Washington Capitals,4.0,2.0,False,0|2|2,0|2|0,,,-115.0,225.0,,6.5,espn,401459860,FLA,WSH,regular
2022-23,2023-04-08,Nashville Predators,Winnipeg Jets,0.0,2.0,False,0|0|0,0|1|1,,,250.0,-110.0,-1.5,5.5,espn,401459861,NSH,WPG,regular
2022-23,2023-04-08,Philadelphia Flyers,New York Islanders,0.0,4.0,False,0|0|0,1|2|1,,,325.0,-155.0,-1.5,5.5,espn,401459854,PHI,NYI,regular
2022-23,2023-04-08,New Jersey Devils,Boston Bruins,1.0,2.0,False,1|0|0,2|0|0,,,190.0,115.0,-1.5,5.5,espn,401459847,NJ,BOS,regular
2022-23,2023-04-08,St. Louis Blues,Minnesota Wild,3.0,5.0,False,1|0|2,2|2|1,,,300.0,-140.0,-1.5,5.5,espn,401459853,STL,MIN,regular
2022-23,2023-04-08,Chicago Blackhawks,Seattle Kraken,3.0,7.0,False,1|2|0,3|2|2,,,500.0,-225.0,-1.5,5.5,espn,401459857,CHI,SEA,regular
2022-23,2023-04-08,Calgary Flames,Vancouver Canucks,2.0,3.0,False,0|0|2|0|0,2|0|0|0|1,,,100.0,200.0,,5.5,espn,401459859,CGY,VAN,regular
2022-23,2023-04-08,Colorado Avalanche,Los Angeles Kings,4.0,3.0,False,0|2|2,0|2|1,,,135.0,150.0,,5.5,espn,401459852,COL,LA,regular
2022-23,2023-04-09,Boston Bruins,Philadelphia Flyers,5.0,3.0,False,1|2|2,1|1|1,,,-150.0,320.0,,5.5,espn,401459863,BOS,PHI,regular
2022-23,2023-04-09,Colorado Avalanche,Anaheim Ducks,5.0,4.0,False,1|1|2|1,0|2|2|0,,,-200.0,400.0,,5.5,espn,401459862,COL,ANA,regular
2022-23,2023-04-10,Dallas Stars,Detroit Red Wings,6.0,1.0,False,3|3|0,0|1|0,,,-105.0,220.0,,5.5,espn,401459867,DAL,DET,regular
2022-23,2023-04-10,Toronto Maple Leafs,Florida Panthers,2.0,1.0,False,0|1|0|1,0|0|1|0,,,170.0,115.0,-1.5,6.5,espn,401459868,TOR,FLA,regular
2022-23,2023-04-10,Buffalo Sabres,New York Rangers,3.0,2.0,False,1|0|1|0|1,0|2|0|0|0,,,250.0,-125.0,-1.5,5.5,espn,401459870,BUF,NYR,regular
2022-23,2023-04-10,Carolina Hurricanes,Ottawa Senators,2.0,3.0,False,0|1|1,2|0|1,,,-110.0,225.0,,5.5,espn,401459871,CAR,OTT,regular
2022-23,2023-04-10,New York Islanders,Washington Capitals,2.0,5.0,False,0|0|2,3|0|2,,,-105.0,230.0,,5.5,espn,401459872,NYI,WSH,regular
2022-23,2023-04-10,San Jose Sharks,Winnipeg Jets,2.0,6.0,False,1|0|1,3|0|3,,,425.0,-200.0,-1.5,5.5,espn,401459873,SJ,WPG,regular
2022-23,2023-04-10,Minnesota Wild,Chicago Blackhawks,4.0,2.0,False,1|0|3,1|1|0,,,-140.0,300.0,,5.5,espn,401459866,MIN,CHI,regular
2022-23,2023-04-10,Nashville Predators,Calgary Flames,3.0,2.0,False,1|0|1|0|1,0|1|1|0|0,,,275.0,-125.0,-1.5,5.5,espn,401459865,NSH,CGY,regular
2022-23,2023-04-10,Seattle Kraken,Arizona Coyotes,4.0,1.0,False,0|3|1,1|0|0,,,-140.0,280.0,,5.5,espn,401459864,SEA,ARI,regular
2022-23,2023-04-10,Vancouver Canucks,Los Angeles Kings,0.0,3.0,False,0|0|0,0|1|2,,,250.0,-120.0,-1.5,5.5,espn,401459869,VAN,LA,regular
2022-23,2023-04-11,Washington Capitals,Boston Bruins,2.0,5.0,False,0|1|1,0|2|3,,,450.0,-225.0,-1.5,5.5,espn,401459875,WSH,BOS,regular
2022-23,2023-04-11,Detroit Red Wings,Carolina Hurricanes,1.0,4.0,False,0|1|0,2|1|1,,,400.0,-190.0,-1.5,5.5,espn,401459876,DET,CAR,regular
2022-23,2023-04-11,Buffalo Sabres,New Jersey Devils,2.0,6.0,False,0|1|1,1|2|3,,,300.0,-150.0,-1.5,6.5,espn,401459879,BUF,NJ,regular
2022-23,2023-04-11,Columbus Blue Jackets,Philadelphia Flyers,3.0,4.0,False,2|0|1|0,2|1|0|1,,,230.0,-115.0,-1.5,5.5,espn,401459880,CBJ,PHI,regular
2022-23,2023-04-11,Toronto Maple Leafs,Tampa Bay Lightning,4.0,3.0,False,2|1|1,1|1|1,,,260.0,-125.0,-1.5,5.5,espn,401459882,TOR,TB,regular
2022-23,2023-04-11,Chicago Blackhawks,Pittsburgh Penguins,5.0,2.0,False,0|1|4,0|0|2,,,750.0,-350.0,-1.5,5.5,espn,401459881,CHI,PIT,regular
2022-23,2023-04-11,Winnipeg Jets,Minnesota Wild,3.0,1.0,False,2|0|1,0|0|1,,,160.0,135.0,-1.5,5.5,espn,401459878,WPG,MIN,regular
2022-23,2023-04-11,Edmonton Oilers,Colorado Avalanche,2.0,1.0,False,1|0|0|1,1|0|0|0,,,145.0,135.0,,5.5,espn,401459877,EDM,COL,regular
2022-23,2023-04-11,Vancouver Canucks,Anaheim Ducks,3.0,2.0,False,2|0|1,1|1|0,,,105.0,190.0,,5.5,espn,401459874,VAN,ANA,regular
2022-23,2023-04-11,Seattle Kraken,Vegas Golden Knights,1.0,4.0,False,1|0|0,1|2|1,,,200.0,105.0,-1.5,5.5,espn,401459883,SEA,VGK,regular
2022-23,2023-04-12,Montreal Canadiens,New York Islanders,2.0,4.0,False,1|1|0,2|1|1,,,450.0,-200.0,-1.5,5.5,espn,401459885,MTL,NYI,regular
2022-23,2023-04-12,Dallas Stars,St. Louis Blues,5.0,2.0,False,2|3|0,2|0|0,,,100.0,200.0,,5.5,espn,401459886,DAL,STL,regular
2022-23,2023-04-12,San Jose Sharks,Calgary Flames,1.0,3.0,False,1|0|0,0|1|2,,,325.0,-160.0,-1.5,5.5,espn,401459884,SJ,CGY,regular
2022-23,2023-04-13,Ottawa Senators,Buffalo Sabres,3.0,4.0,False,0|3|0|0,0|2|1|1,,,165.0,115.0,-1.5,6.5,espn,401459889,OTT,BUF,regular
2022-23,2023-04-13,Pittsburgh Penguins,Columbus Blue Jackets,2.0,3.0,False,1|0|1|0,0|1|1|1,,,-140.0,275.0,,5.5,espn,401459892,PIT,CBJ,regular
2022-23,2023-04-13,Carolina Hurricanes,Florida Panthers,6.0,4.0,False,1|1|4,0|0|4,,,140.0,150.0,-1.5,5.5,espn,401459895,CAR,FLA,regular
2022-23,2023-04-13,Boston Bruins,Montreal Canadiens,5.0,4.0,False,2|1|2,1|2|1,,,-200.0,425.0,,5.5,espn,401459896,BOS,MTL,regular
2022-23,2023-04-13,Toronto Maple Leafs,New York Rangers,3.0,2.0,False,0|0|3,0|1|1,,,165.0,125.0,-1.5,5.5,espn,401459897,TOR,NYR,regular
2022-23,2023-04-13,Detroit Red Wings,Tampa Bay Lightning,0.0,5.0,False,0|0|0,1|0|4,,,300.0,-145.0,-1.5,5.5,espn,401459900,DET,TB,regular
2022-23,2023-04-13,New Jersey Devils,Washington Capitals,5.0,4.0,False,1|1|2|1,3|1|0|0,,,105.0,190.0,,5.5,espn,401459901,NJ,WSH,regular
2022-23,2023-04-13,Winnipeg Jets,Colorado Avalanche,2.0,4.0,False,0|2|0,1|1|2,,,375.0,-180.0,-1.5,5.5,espn,401459891,WPG,COL,regular
2022-23,2023-04-13,St. Louis Blues,Dallas Stars,0.0,1.0,False,0|0|0,0|0|1,,,350.0,-160.0,-1.5,5.5,espn,401459893,STL,DAL,regular
2022-23,2023-04-13,Minnesota Wild,Nashville Predators,3.0,4.0,False,1|1|1|0,2|0|1|1,,,210.0,110.0,-1.5,5.5,espn,401459898,MIN,NSH,regular
2022-23,2023-04-13,Philadelphia Flyers,Chicago Blackhawks,5.0,4.0,False,2|2|0|1,2|1|1|0,,,150.0,140.0,,5.5,espn,401459890,PHI,CHI,regular
2022-23,2023-04-13,San Jose Sharks,Edmonton Oilers,2.0,5.0,False,1|1|0,2|2|1,,,650.0,-320.0,-1.5,6.5,espn,401459894,SJ,EDM,regular
2022-23,2023-04-13,Los Angeles Kings,Anaheim Ducks,5.0,3.0,False,1|2|2,1|0|2,,,-145.0,300.0,,5.5,espn,401459887,LA,ANA,regular
2022-23,2023-04-13,Vancouver Canucks,Arizona Coyotes,5.0,4.0,False,4|0|0|1,2|1|1|0,,,105.0,190.0,,5.5,espn,401459888,VAN,ARI,regular
2022-23,2023-04-13,Vegas Golden Knights,Seattle Kraken,3.0,1.0,False,1|1|1,1|0|0,,,155.0,135.0,,5.5,espn,401459899,VGK,SEA,regular
2022-23,2023-04-14,Buffalo Sabres,Columbus Blue Jackets,5.0,2.0,False,0|3|2,1|1|0,,,-115.0,225.0,,6.5,espn,401519678,BUF,CBJ,regular
2022-23,2023-04-14,Colorado Avalanche,Nashville Predators,4.0,3.0,False,3|0|1,1|2|0,,,-125.0,275.0,,5.5,espn,401507549,COL,NSH,regular
2022-23,2023-04-17,New York Islanders,Carolina Hurricanes,1.0,2.0,False,0|1|0,1|1|0,,,225.0,100.0,-1.5,5.5,espn,401541442,NYI,CAR,post
2022-23,2023-04-17,Florida Panthers,Boston Bruins,1.0,3.0,False,0|1|0,1|2|0,,,250.0,-120.0,-1.5,5.5,espn,401541436,FLA,BOS,post
2022-23,2023-04-17,Minnesota Wild,Dallas Stars,3.0,2.0,False,1|1|0|0|1,0|2|0|0|0,,,200.0,110.0,-1.5,5.5,espn,401541444,MIN,DAL,post
2022-23,2023-04-17,Los Angeles Kings,Edmonton Oilers,4.0,3.0,False,0|0|3|1,2|0|1|0,,,230.0,-110.0,-1.5,5.5,espn,401541434,LA,EDM,post
2022-23,2023-04-18,New York Rangers,New Jersey Devils,5.0,1.0,False,2|1|2,0|0|1,,,170.0,125.0,-1.5,5.5,espn,401541440,NYR,NJ,post
2022-23,2023-04-18,Tampa Bay Lightning,Toronto Maple Leafs,7.0,3.0,False,3|3|1,0|2|1,,,200.0,105.0,-1.5,5.5,espn,401541438,TB,TOR,post
2022-23,2023-04-18,Winnipeg Jets,Vegas Golden Knights,5.0,1.0,False,0|2|3,0|1|0,,,200.0,110.0,-1.5,5.5,espn,401541432,WPG,VGK,post
2022-23,2023-04-18,Seattle Kraken,Colorado Avalanche,3.0,1.0,False,1|1|1,1|0|0,,,250.0,-120.0,-1.5,5.5,espn,401541446,SEA,COL,post
2022-23,2023-04-19,New York Islanders,Carolina Hurricanes,3.0,4.0,False,0|2|1|0,1|1|1|1,,,225.0,100.0,-1.5,5.5,espn,401541443,NYI,CAR,post
2022-23,2023-04-19,Florida Panthers,Boston Bruins,6.0,3.0,False,0|2|4,0|2|1,,,260.0,-125.0,-1.5,5.5,espn,401541437,FLA,BOS,post
2022-23,2023-04-19,Minnesota Wild,Dallas Stars,3.0,7.0,False,1|2|0,2|4|1,,,210.0,110.0,-1.5,5.5,espn,401541445,MIN,DAL,post
2022-23,2023-04-19,Los Angeles Kings,Edmonton Oilers,2.0,4.0,False,0|2|0,2|0|2,,,280.0,-135.0,-1.5,5.5,espn,401541435,LA,EDM,post
2022-23,2023-04-20,Tampa Bay Lightning,Toronto Maple Leafs,2.0,7.0,False,0|1|1,3|3|1,,,200.0,105.0,-1.5,5.5,espn,401541439,TB,TOR,post
2022-23,2023-04-20,New York Rangers,New Jersey Devils,5.0,1.0,False,0|3|2,1|0|0,,,170.0,130.0,-1.5,5.5,espn,401541441,NYR,NJ,post
2022-23,2023-04-20,Seattle Kraken,Colorado Avalanche,2.0,3.0,False,2|0|0,0|2|1,,,275.0,-125.0,-1.5,5.5,espn,401541447,SEA,COL,post
2022-23,2023-04-20,Winnipeg Jets,Vegas Golden Knights,2.0,5.0,False,1|1|0,0|2|3,,,180.0,120.0,-1.5,5.5,espn,401541433,WPG,VGK,post
2022-23,2023-04-21,Carolina Hurricanes,New York Islanders,1.0,5.0,False,0|1|0,0|1|4,,,150.0,150.0,-1.5,5.5,espn,401541599,CAR,NYI,post
2022-23,2023-04-21,Boston Bruins,Florida Panthers,4.0,2.0,False,1|1|2,0|0|2,,,115.0,180.0,,5.5,espn,401541579,BOS,FLA,post
2022-23,2023-04-21,Dallas Stars,Minnesota Wild,1.0,5.0,False,0|1|0,1|2|2,,,160.0,140.0,,5.5,espn,401541607,DAL,MIN,post
2022-23,2023-04-21,Edmonton Oilers,Los Angeles Kings,2.0,3.0,False,0|2|0|0,1|1|0|1,,,115.0,180.0,,5.5,espn,401541572,EDM,LA,post
2022-23,2023-04-22,Vegas Golden Knights,Winnipeg Jets,5.0,4.0,False,2|2|0|0|1,1|0|3|0|0,,,145.0,155.0,-1.5,5.5,espn,401541584,VGK,WPG,post
2022-23,2023-04-22,Toronto Maple Leafs,Tampa Bay Lightning,4.0,3.0,False,2|0|1|1,2|1|0|0,,,150.0,135.0,,5.5,espn,401541589,TOR,TB,post
2022-23,2023-04-22,New Jersey Devils,New York Rangers,2.0,1.0,False,0|1|0|1,0|1|0|0,,,175.0,125.0,-1.5,5.5,espn,401541595,NJ,NYR,post
2022-23,2023-04-22,Colorado Avalanche,Seattle Kraken,6.0,4.0,False,2|1|3,1|2|1,,,120.0,180.0,,5.5,espn,401541606,COL,SEA,post
2022-23,2023-04-23,Carolina Hurricanes,New York Islanders,5.0,2.0,False,1|2|2,0|0|2,,,155.0,145.0,-1.5,5.5,espn,401541601,CAR,NYI,post
2022-23,2023-04-23,Boston Bruins,Florida Panthers,6.0,2.0,False,1|1|4,0|1|1,,,105.0,200.0,,5.5,espn,401541580,BOS,FLA,post
2022-23,2023-04-23,Dallas Stars,Minnesota Wild,3.0,2.0,False,0|1|2,0|0|2,,,145.0,155.0,-1.5,5.5,espn,401541609,DAL,MIN,post
2022-23,2023-04-23,Edmonton Oilers,Los Angeles Kings,5.0,4.0,False,0|3|1|1,3|0|1|0,,,100.0,210.0,,5.5,espn,401541574,EDM,LA,post
2022-23,2023-04-24,New Jersey Devils,New York Rangers,3.0,1.0,False,1|0|2,0|0|1,,,210.0,100.0,-1.5,5.5,espn,401541596,NJ,NYR,post
2022-23,2023-04-24,Toronto Maple Leafs,Tampa Bay Lightning,5.0,4.0,False,0|1|3|1,2|2|0|0,,,150.0,135.0,,5.5,espn,401541591,TOR,TB,post
2022-23,2023-04-24,Vegas Golden Knights,Winnipeg Jets,4.0,2.0,False,1|2|1,1|0|1,,,155.0,135.0,,5.5,espn,401541585,VGK,WPG,post
2022-23,2023-04-24,Colorado Avalanche,Seattle Kraken,2.0,3.0,False,0|2|0|0,2|0|0|1,,,110.0,190.0,,5.5,espn,401541608,COL,SEA,post
2022-23,2023-04-25,New York Islanders,Carolina Hurricanes,3.0,2.0,False,1|2|0,0|1|1,,,210.0,110.0,-1.5,5.5,espn,401541603,NYI,CAR,post
2022-23,2023-04-25,Minnesota Wild,Dallas Stars,0.0,4.0,False,0|0|0,2|1|1,,,190.0,120.0,-1.5,5.5,espn,401541611,MIN,DAL,post
2022-23,2023-04-25,Los Angeles Kings,Edmonton Oilers,3.0,6.0,False,2|0|1,3|2|1,,,260.0,-135.0,-1.5,5.5,espn,401541575,LA,EDM,post
2022-23,2023-04-26,Florida Panthers,Boston Bruins,4.0,3.0,False,1|1|1|1,0|1|2|0,,,320.0,-150.0,-1.5,5.5,espn,401541581,FLA,BOS,post
2022-23,2023-04-26,Seattle Kraken,Colorado Avalanche,3.0,2.0,False,0|2|1,0|1|1,,,230.0,-105.0,-1.5,5.5,espn,401541610,SEA,COL,post
2022-23,2023-04-27,Tampa Bay Lightning,Toronto Maple Leafs,4.0,2.0,False,1|1|2,1|0|1,,,175.0,115.0,-1.5,5.5,espn,401541592,TB,TOR,post
2022-23,2023-04-27,New York Rangers,New Jersey Devils,0.0,4.0,False,0|0|0,1|2|1,,,160.0,130.0,-1.5,5.5,espn,401541597,NYR,NJ,post
2022-23,2023-04-27,Winnipeg Jets,Vegas Golden Knights,1.0,4.0,False,0|0|1,1|3|0,,,240.0,-110.0,-1.5,5.5,espn,401541586,WPG,VGK,post
2022-23,2023-04-28,Carolina Hurricanes,New York Islanders,2.0,1.0,False,0|0|1|1,1|0|0|0,,,155.0,145.0,-1.5,5.5,espn,401541604,CAR,NYI,post
2022-23,2023-04-28,Boston Bruins,Florida Panthers,5.0,7.0,False,1|1|3,2|1|4,,,-115.0,230.0,,5.5,espn,401541582,BOS,FLA,post
2022-23,2023-04-28,Dallas Stars,Minnesota Wild,4.0,1.0,False,1|2|1,0|0|1,,,150.0,150.0,-1.5,5.5,espn,401541613,DAL,MIN,post
2022-23,2023-04-28,Colorado Avalanche,Seattle Kraken,4.0,1.0,False,1|2|1,1|0|0,,,115.0,190.0,,5.5,espn,401541612,COL,SEA,post
2022-23,2023-04-29,Toronto Maple Leafs,Tampa Bay Lightning,2.0,1.0,False,0|1|0|1,0|0|1|0,,,135.0,155.0,-1.5,5.5,espn,401541593,TOR,TB,post
2022-23,2023-04-29,New Jersey Devils,New York Rangers,2.0,5.0,False,1|0|1,1|2|2,,,180.0,125.0,-1.5,5.5,espn,401541598,NJ,NYR,post
2022-23,2023-04-29,Edmonton Oilers,Los Angeles Kings,5.0,4.0,False,2|2|1,1|2|1,,,100.0,200.0,,5.5,espn,401541577,EDM,LA,post
2022-23,2023-04-30,Florida Panthers,Boston Bruins,4.0,3.0,False,1|1|1|1,0|1|2|0,,,275.0,-130.0,-1.5,5.5,espn,401541583,FLA,BOS,post
2022-23,2023-04-30,Seattle Kraken,Colorado Avalanche,2.0,1.0,False,0|2|0,0|1|0,,,280.0,-125.0,-1.5,5.5,espn,401541614,SEA,COL,post
2022-23,2023-05-01,New York Rangers,New Jersey Devils,0.0,4.0,False,0|0|0,0|2|2,,,150.0,140.0,-1.5,5.5,espn,401541600,NYR,NJ,post
2022-23,2023-05-02,Florida Panthers,Toronto Maple Leafs,4.0,2.0,False,1|2|1,0|2|0,,,210.0,-105.0,-1.5,5.5,espn,401545317,FLA,TOR,post
2022-23,2023-05-02,Seattle Kraken,Dallas Stars,5.0,4.0,False,4|0|0|1,2|0|2|0,,,260.0,-115.0,-1.5,5.5,espn,401545321,SEA,DAL,post
2022-23,2023-05-03,New Jersey Devils,Carolina Hurricanes,1.0,5.0,False,0|1|0,2|1|2,,,150.0,150.0,-1.5,5.5,espn,401545319,NJ,CAR,post
2022-23,2023-05-03,Edmonton Oilers,Vegas Golden Knights,4.0,6.0,False,2|0|2,3|0|3,,,140.0,140.0,,5.5,espn,401545323,EDM,VGK,post
2022-23,2023-05-04,Florida Panthers,Toronto Maple Leafs,3.0,2.0,False,1|2|0,2|0|0,,,250.0,-125.0,-1.5,5.5,espn,401545318,FLA,TOR,post
2022-23,2023-05-04,Seattle Kraken,Dallas Stars,2.0,4.0,False,0|1|1,0|3|1,,,275.0,-120.0,-1.5,5.5,espn,401545322,SEA,DAL,post
2022-23,2023-05-05,New Jersey Devils,Carolina Hurricanes,1.0,6.0,False,0|0|1,0|4|2,,,130.0,170.0,,5.5,espn,401545320,NJ,CAR,post
2022-23,2023-05-06,Edmonton Oilers,Vegas Golden Knights,5.0,1.0,False,4|1|0,0|0|1,,,125.0,155.0,,6.5,espn,401545324,EDM,VGK,post
2022-23,2023-05-07,Carolina Hurricanes,New Jersey Devils,4.0,8.0,False,0|2|2,3|2|3,,,180.0,125.0,-1.5,5.5,espn,401545902,CAR,NJ,post
2022-23,2023-05-07,Toronto Maple Leafs,Florida Panthers,2.0,3.0,False,1|1|0|0,0|2|0|1,,,105.0,190.0,,5.5,espn,401545897,TOR,FLA,post
2022-23,2023-05-07,Dallas Stars,Seattle Kraken,2.0,7.0,False,0|1|1,0|5|2,,,115.0,190.0,,5.5,espn,401545730,DAL,SEA,post
2022-23,2023-05-08,Vegas Golden Knights,Edmonton Oilers,5.0,1.0,False,2|3|0,1|0|0,,,225.0,-115.0,-1.5,5.5,espn,401545915,VGK,EDM,post
2022-23,2023-05-09,Carolina Hurricanes,New Jersey Devils,6.0,1.0,False,1|5|0,1|0|0,,,200.0,110.0,-1.5,5.5,espn,401545903,CAR,NJ,post
2022-23,2023-05-09,Dallas Stars,Seattle Kraken,6.0,3.0,False,1|4|1,0|1|2,,,115.0,190.0,,5.5,espn,401545911,DAL,SEA,post
2022-23,2023-05-10,Toronto Maple Leafs,Florida Panthers,2.0,1.0,False,0|1|1,0|0|1,,,140.0,145.0,,5.5,espn,401545898,TOR,FLA,post
2022-23,2023-05-10,Vegas Golden Knights,Edmonton Oilers,1.0,4.0,False,0|0|1,3|1|0,,,230.0,-120.0,-1.5,5.5,espn,401545916,VGK,EDM,post
2022-23,2023-05-11,New Jersey Devils,Carolina Hurricanes,2.0,3.0,False,1|1|0|0,0|2|0|1,,,165.0,130.0,-1.5,5.5,espn,401545904,NJ,CAR,post
2022-23,2023-05-11,Seattle Kraken,Dallas Stars,2.0,5.0,False,0|2|0,2|1|2,,,260.0,-120.0,-1.5,5.5,espn,401545912,SEA,DAL,post
2022-23,2023-05-12,Florida Panthers,Toronto Maple Leafs,3.0,2.0,False,2|0|0|1,0|1|1|0,,,240.0,-120.0,-1.5,5.5,espn,401545899,FLA,TOR,post
2022-23,2023-05-12,Edmonton Oilers,Vegas Golden Knights,3.0,4.0,False,2|0|1,1|3|0,,,115.0,170.0,,5.5,espn,401545917,EDM,VGK,post
2022-23,2023-05-13,Dallas Stars,Seattle Kraken,3.0,6.0,False,1|1|1,2|2|2,,,115.0,190.0,,5.5,espn,401545913,DAL,SEA,post
2022-23,2023-05-14,Vegas Golden Knights,Edmonton Oilers,5.0,2.0,False,1|3|1,2|0|0,,,230.0,-120.0,-1.5,5.5,espn,401545918,VGK,EDM,post
2022-23,2023-05-15,Seattle Kraken,Dallas Stars,1.0,2.0,False,0|0|1,0|1|1,,,250.0,-115.0,-1.5,5.5,espn,401545914,SEA,DAL,post
2022-23,2023-05-18,Florida Panthers,Carolina Hurricanes,3.0,2.0,False,0|2|0|0|0|0|1,1|0|1|0|0|0|0,,,180.0,120.0,-1.5,6.0,espn,401548431,FLA,CAR,post
2022-23,2023-05-19,Dallas Stars,Vegas Golden Knights,3.0,4.0,False,1|0|2|0,0|1|2|1,,,160.0,135.0,-1.5,5.5,espn,401548413,DAL,VGK,post
2022-23,2023-05-20,Florida Panthers,Carolina Hurricanes,2.0,1.0,False,0|1|0|1,1|0|0|0,,,190.0,120.0,-1.5,5.5,espn,401548432,FLA,CAR,post
2022-23,2023-05-21,Dallas Stars,Vegas Golden Knights,2.0,3.0,False,1|1|0|0,1|0|1|1,,,145.0,140.0,-1.5,5.5,espn,401548414,DAL,VGK,post
2022-23,2023-05-22,Carolina Hurricanes,Florida Panthers,0.0,1.0,False,0|0|0,0|1|0,,,140.0,155.0,-1.5,5.5,espn,401548433,CAR,FLA,post
2022-23,2023-05-23,Vegas Golden Knights,Dallas Stars,4.0,0.0,False,3|1|0,0|0|0,,,190.0,105.0,-1.5,5.5,espn,401548415,VGK,DAL,post
2022-23,2023-05-24,Carolina Hurricanes,Florida Panthers,3.0,4.0,False,1|1|1,2|1|1,,,150.0,150.0,-1.5,5.5,espn,401548434,CAR,FLA,post
2022-23,2023-05-25,Vegas Golden Knights,Dallas Stars,2.0,3.0,False,1|1|0|0,1|1|0|1,,,150.0,150.0,-1.5,5.5,espn,401548416,VGK,DAL,post
2022-23,2023-05-27,Dallas Stars,Vegas Golden Knights,4.0,2.0,False,1|1|2,1|1|0,,,180.0,110.0,-1.5,5.5,espn,401548417,DAL,VGK,post
2022-23,2023-05-29,Vegas Golden Knights,Dallas Stars,6.0,0.0,False,3|1|2,0|0|0,,,160.0,135.0,-1.5,5.5,espn,401548418,VGK,DAL,post
2022-23,2023-06-03,Florida Panthers,Vegas Golden Knights,2.0,5.0,False,1|1|0,1|1|3,,,170.0,120.0,-1.5,5.5,espn,401550956,FLA,VGK,post
2022-23,2023-06-05,Florida Panthers,Vegas Golden Knights,2.0,7.0,False,0|0|2,2|2|3,,,165.0,130.0,-1.5,5.5,espn,401550957,FLA,VGK,post
2022-23,2023-06-08,Vegas Golden Knights,Florida Panthers,2.0,3.0,False,1|1|0|0,1|0|1|1,,,150.0,140.0,-1.5,6.0,espn,401550958,VGK,FLA,post
2022-23,2023-06-10,Vegas Golden Knights,Florida Panthers,3.0,2.0,False,1|2|0,0|1|1,,,125.0,165.0,-1.5,5.5,espn,401550959,VGK,FLA,post
2022-23,2023-06-13,Florida Panthers,Vegas Golden Knights,3.0,9.0,False,0|1|2,2|4|3,,,250.0,-115.0,-1.5,5.5,espn,401550960,FLA,VGK,post
