season,date,away,home,away_score,home_score,neutral,periods_away,periods_home,ml_open_away,ml_open_home,ml_close_away,ml_close_home,spread_close_home,total_close,source,espn_id,away_abbr,home_abbr,season_type
2009-10,2009-10-01,Montreal,Toronto,1.0,1.0,False,1,1,1.0,1.0,4.0,3.0,-124.0,6.0,sbro,,,,
2009-10,2009-10-01,Washington,Boston,1.0,0.0,False,1,0,2.0,1.0,4.0,1.0,-130.0,6.0,sbro,,,,
2009-10,2009-10-01,SanJose,Colorado,1.0,3.0,False,1,2,0.0,0.0,2.0,5.0,145.0,5.5,sbro,,,,
2009-10,2009-10-01,Vancouver,Calgary,2.0,1.0,False,0,3,1.0,1.0,3.0,5.0,-125.0,5.5,sbro,,,,
2009-10,2009-10-02,Florida,Chicago,1.0,1.0,False,0,0,2.0,2.0,4.0,3.0,-153.0,5.5,sbro,,,,
2009-10,2009-10-02,Detroit,St.Louis,1.0,3.0,False,2,1,0.0,0.0,3.0,4.0,113.0,5.5,sbro,,,,
2009-10,2009-10-02,Philadelphia,Carolina,2.0,0.0,False,0,0,0.0,0.0,2.0,0.0,-115.0,6.0,sbro,,,,
2009-10,2009-10-02,NYRangers,Pittsburgh,0.0,2.0,False,1,1,1.0,0.0,2.0,3.0,-151.0,5.5,sbro,,,,
2009-10,2009-10-03,Chicago,Florida,2.0,0.0,False,1,0,1.0,0.0,4.0,0.0,115.0,5.5,sbro,,,,
2009-10,2009-10-03,St.Louis,Detroit,3.0,1.0,False,1,2,1.0,0.0,5.0,3.0,-166.0,5.5,sbro,,,,
2009-10,2009-10-03,Vancouver,Colorado,0.0,1.0,False,0,1,0.0,1.0,0.0,3.0,120.0,5.5,sbro,,,,
2009-10,2009-10-03,Philadelphia,NewJersey,2.0,0.0,False,1,0,2.0,2.0,5.0,2.0,-140.0,5.5,sbro,,,,
2009-10,2009-10-03,Carolina,Boston,1.0,3.0,False,0,3,1.0,1.0,2.0,7.0,-183.0,5.5,sbro,,,,
2009-10,2009-10-03,Montreal,Buffalo,1.0,0.0,False,0,1,0.0,0.0,2.0,1.0,-151.0,5.5,sbro,,,,
2009-10,2009-10-03,Pittsburgh,NYIslanders,0.0,1.0,False,1,1,2.0,1.0,4.0,3.0,146.0,6.0,sbro,,,,
2009-10,2009-10-03,Ottawa,NYRangers,1.0,3.0,False,0,0,1.0,2.0,2.0,5.0,-145.0,5.5,sbro,,,,
2009-10,2009-10-03,TampaBay,Atlanta,2.0,2.0,False,0,2,1.0,2.0,3.0,6.0,-140.0,6.0,sbro,,,,
2009-10,2009-10-03,Toronto,Washington,1.0,3.0,False,0,3,3.0,0.0,4.0,6.0,-210.0,6.0,sbro,,,,
2009-10,2009-10-03,Minnesota,Columbus,0.0,1.0,False,0,0,1.0,1.0,1.0,2.0,-151.0,5.5,sbro,,,,
2009-10,2009-10-03,Nashville,Dallas,1.0,1.0,False,1,0,0.0,1.0,3.0,2.0,-146.0,5.5,sbro,,,,
2009-10,2009-10-03,Calgary,Edmonton,1.0,1.0,False,2,1,1.0,1.0,4.0,3.0,-115.0,5.5,sbro,,,,
2009-10,2009-10-03,SanJose,Anaheim,1.0,0.0,False,3,0,0.0,1.0,4.0,1.0,-105.0,5.5,sbro,,,,
2009-10,2009-10-03,Phoenix,LosAngeles,2.0,2.0,False,2,0,2.0,1.0,6.0,3.0,-161.0,5.5,sbro,,,,
2009-10,2009-10-05,NYRangers,NewJersey,1.0,0.0,False,2,2,0.0,0.0,3.0,2.0,-130.0,5.5,sbro,,,,
2009-10,2009-10-05,Columbus,Vancouver,3.0,1.0,False,1,1,1.0,1.0,5.0,3.0,-160.0,5.5,sbro,,,,
2009-10,2009-10-06,TampaBay,Carolina,1.0,0.0,False,0,1,0.0,0.0,1.0,2.0,-160.0,6.0,sbro,,,,
2009-10,2009-10-06,Ottawa,Toronto,2.0,0.0,False,0,0,0.0,1.0,2.0,1.0,-110.0,6.0,sbro,,,,
2009-10,2009-10-06,Washington,Philadelphia,3.0,4.0,False,0,0,2.0,1.0,5.0,6.0,-125.0,6.0,sbro,,,,
2009-10,2009-10-06,Montreal,Calgary,1.0,2.0,False,2,1,0.0,1.0,3.0,4.0,-155.0,5.5,sbro,,,,
2009-10,2009-10-06,Anaheim,Minnesota,3.0,0.0,False,0,0,0.0,3.0,3.0,4.0,-120.0,5.5,sbro,,,,
2009-10,2009-10-06,Dallas,Edmonton,2.0,2.0,False,1,1,1.0,1.0,4.0,5.0,-140.0,5.5,sbro,,,,
2009-10,2009-10-06,SanJose,LosAngeles,2.0,3.0,False,0,1,2.0,2.0,4.0,6.0,130.0,5.5,sbro,,,,
2009-10,2009-10-07,Phoenix,Pittsburgh,1.0,0.0,False,1,0,1.0,0.0,3.0,0.0,-215.0,6.0,sbro,,,,
2009-10,2009-10-07,Montreal,Vancouver,1.0,2.0,False,0,3,0.0,2.0,1.0,7.0,-177.0,5.5,sbro,,,,
2009-10,2009-10-08,Anaheim,Boston,3.0,0.0,False,0,1,3.0,0.0,6.0,1.0,-170.0,5.5,sbro,,,,
2009-10,2009-10-08,Phoenix,Buffalo,0.0,0.0,False,0,0,1.0,2.0,1.0,2.0,-192.0,5.5,sbro,,,,
2009-10,2009-10-08,NYIslanders,Ottawa,1.0,1.0,False,0,1,1.0,0.0,2.0,3.0,-180.0,5.5,sbro,,,,
2009-10,2009-10-08,Pittsburgh,Philadelphia,2.0,2.0,False,2,1,1.0,1.0,5.0,4.0,-140.0,6.5,sbro,,,,
2009-10,2009-10-08,NYRangers,Washington,2.0,0.0,False,0,1,2.0,2.0,4.0,3.0,-170.0,6.0,sbro,,,,
2009-10,2009-10-08,NewJersey,TampaBay,1.0,1.0,False,1,0,1.0,2.0,4.0,3.0,-115.0,5.5,sbro,,,,
2009-10,2009-10-08,Chicago,Detroit,1.0,3.0,False,0,0,1.0,0.0,2.0,3.0,-150.0,6.0,sbro,,,,
2009-10,2009-10-08,Atlanta,St.Louis,1.0,0.0,False,2,1,1.0,1.0,4.0,2.0,-155.0,6.0,sbro,,,,
2009-10,2009-10-08,Colorado,Nashville,1.0,1.0,False,0,0,1.0,2.0,2.0,3.0,-135.0,5.5,sbro,,,,
2009-10,2009-10-08,Calgary,Edmonton,1.0,0.0,False,0,2,2.0,1.0,4.0,3.0,-115.0,5.5,sbro,,,,
2009-10,2009-10-08,Minnesota,LosAngeles,2.0,1.0,False,0,3,1.0,2.0,3.0,6.0,-125.0,5.5,sbro,,,,
2009-10,2009-10-08,Columbus,SanJose,1.0,4.0,False,1,0,1.0,2.0,3.0,6.0,-192.0,5.5,sbro,,,,
2009-10,2009-10-09,Florida,Carolina,1.0,1.0,False,0,3,1.0,3.0,2.0,7.0,-155.0,5.5,sbro,,,,
2009-10,2009-10-09,Dallas,Calgary,2.0,1.0,False,1,0,2.0,1.0,5.0,2.0,-163.0,5.5,sbro,,,,
2009-10,2009-10-10,Atlanta,Ottawa,0.0,1.0,False,2,2,0.0,1.0,2.0,4.0,-145.0,6.0,sbro,,,,
2009-10,2009-10-10,NYIslanders,Boston,3.0,0.0,False,0,0,0.0,3.0,3.0,4.0,-210.0,5.5,sbro,,,,
2009-10,2009-10-10,Pittsburgh,Toronto,2.0,1.0,False,2,0,1.0,1.0,5.0,2.0,110.0,6.0,sbro,,,,
2009-10,2009-10-10,NewJersey,Florida,2.0,1.0,False,0,0,1.0,1.0,3.0,2.0,-111.0,5.5,sbro,,,,
2009-10,2009-10-10,Anaheim,Philadelphia,0.0,1.0,False,0,1,2.0,0.0,3.0,2.0,-151.0,5.5,sbro,,,,
2009-10,2009-10-10,Washington,Detroit,0.0,1.0,False,1,1,1.0,1.0,2.0,3.0,-135.0,6.0,sbro,,,,
2009-10,2009-10-10,Carolina,TampaBay,2.0,2.0,False,0,0,0.0,3.0,2.0,5.0,-125.0,6.0,sbro,,,,
2009-10,2009-10-10,LosAngeles,St.Louis,1.0,0.0,False,1,0,0.0,1.0,2.0,1.0,-151.0,5.5,sbro,,,,
2009-10,2009-10-10,Buffalo,Nashville,0.0,0.0,False,0,0,1.0,0.0,1.0,0.0,-115.0,5.5,sbro,,,,
2009-10,2009-10-10,Colorado,Chicago,3.0,2.0,False,0,1,0.0,0.0,3.0,4.0,-194.0,5.5,sbro,,,,
2009-10,2009-10-10,Columbus,Phoenix,0.0,0.0,False,1,0,1.0,0.0,2.0,0.0,-115.0,5.5,sbro,,,,
2009-10,2009-10-10,Montreal,Edmonton,1.0,2.0,False,0,1,1.0,0.0,2.0,3.0,-130.0,5.5,sbro,,,,
2009-10,2009-10-10,Minnesota,SanJose,1.0,3.0,False,1,0,0.0,1.0,2.0,4.0,-194.0,5.5,sbro,,,,
2009-10,2009-10-11,Anaheim,NYRangers,0.0,0.0,False,0,0,0.0,3.0,0.0,3.0,-145.0,5.5,sbro,,,,
2009-10,2009-10-11,Dallas,Vancouver,0.0,1.0,False,1,1,2.0,1.0,3.0,4.0,-166.0,5.5,sbro,,,,
2009-10,2009-10-12,Colorado,Boston,2.0,2.0,False,2,0,0.0,1.0,4.0,3.0,-215.0,5.5,sbro,,,,
2009-10,2009-10-12,LosAngeles,NYIslanders,1.0,0.0,False,0,0,1.0,1.0,2.0,1.0,-110.0,5.5,sbro,,,,
2009-10,2009-10-12,NewJersey,Washington,1.0,0.0,False,0,2,1.0,0.0,3.0,2.0,-160.0,6.0,sbro,,,,
2009-10,2009-10-12,Toronto,NYRangers,1.0,1.0,False,1,2,0.0,4.0,2.0,7.0,-190.0,6.0,sbro,,,,
2009-10,2009-10-12,Pittsburgh,Ottawa,2.0,0.0,False,1,1,1.0,0.0,4.0,1.0,-105.0,6.0,sbro,,,,
2009-10,2009-10-12,Florida,TampaBay,1.0,0.0,False,1,1,0.0,2.0,2.0,3.0,-140.0,5.5,sbro,,,,
2009-10,2009-10-12,Edmonton,Nashville,2.0,1.0,False,4,0,0.0,0.0,6.0,1.0,-125.0,5.5,sbro,,,,
2009-10,2009-10-12,Calgary,Chicago,0.0,3.0,False,5,1,0.0,1.0,5.0,6.0,-160.0,5.5,sbro,,,,
2009-10,2009-10-12,Phoenix,SanJose,0.0,0.0,False,0,0,0.0,0.0,1.0,0.0,-190.0,5.5,sbro,,,,
2009-10,2009-10-13,Calgary,Columbus,0.0,2.0,False,1,0,0.0,0.0,1.0,2.0,-135.0,5.5,sbro,,,,
2009-10,2009-10-13,Detroit,Buffalo,0.0,4.0,False,1,1,1.0,1.0,2.0,6.0,-107.0,5.5,sbro,,,,
2009-10,2009-10-13,Colorado,Toronto,2.0,1.0,False,2,0,0.0,0.0,4.0,1.0,-135.0,6.0,sbro,,,,
2009-10,2009-10-14,LosAngeles,NYRangers,1.0,1.0,False,1,2,0.0,1.0,2.0,4.0,-165.0,5.5,sbro,,,,
2009-10,2009-10-14,Pittsburgh,Carolina,1.0,0.0,False,1,0,0.0,2.0,3.0,2.0,100.0,6.0,sbro,,,,
2009-10,2009-10-14,Nashville,Dallas,0.0,1.0,False,0,4,0.0,1.0,0.0,6.0,-140.0,5.5,sbro,,,,
2009-10,2009-10-14,Edmonton,Chicago,0.0,1.0,False,1,2,2.0,1.0,3.0,4.0,-174.0,6.0,sbro,,,,
2009-10,2009-10-14,Minnesota,Anaheim,1.0,1.0,False,0,2,1.0,0.0,2.0,3.0,-160.0,5.5,sbro,,,,
2009-10,2009-10-15,SanJose,Washington,0.0,2.0,False,1,1,0.0,1.0,1.0,4.0,-125.0,6.0,sbro,,,,
2009-10,2009-10-15,Colorado,Montreal,2.0,0.0,False,0,1,1.0,1.0,3.0,2.0,-145.0,5.5,sbro,,,,
2009-10,2009-10-15,TampaBay,Ottawa,1.0,3.0,False,0,2,0.0,2.0,1.0,7.0,-140.0,5.5,sbro,,,,
2009-10,2009-10-15,LosAngeles,Detroit,0.0,2.0,False,1,0,1.0,3.0,2.0,5.0,-185.0,6.0,sbro,,,,
2009-10,2009-10-15,Chicago,Nashville,2.0,1.0,False,0,0,1.0,0.0,3.0,1.0,105.0,5.5,sbro,,,,
2009-10,2009-10-15,St.Louis,Phoenix,2.0,1.0,False,0,0,0.0,1.0,2.0,3.0,-125.0,5.5,sbro,,,,
2009-10,2009-10-16,Atlanta,NewJersey,1.0,1.0,False,0,0,3.0,1.0,4.0,2.0,-166.0,6.0,sbro,,,,
2009-10,2009-10-16,NYIslanders,Buffalo,2.0,2.0,False,0,2,1.0,2.0,3.0,6.0,-200.0,5.5,sbro,,,,
2009-10,2009-10-16,Philadelphia,Florida,1.0,2.0,False,1,0,0.0,2.0,2.0,4.0,119.0,5.5,sbro,,,,
2009-10,2009-10-16,Boston,Dallas,2.0,0.0,False,1,0,0.0,0.0,3.0,0.0,-120.0,5.5,sbro,,,,
2009-10,2009-10-16,Minnesota,Edmonton,1.0,3.0,False,0,0,1.0,2.0,2.0,5.0,-131.0,5.5,sbro,,,,
2009-10,2009-10-16,Vancouver,Calgary,0.0,3.0,False,0,2,3.0,0.0,3.0,5.0,-133.0,5.5,sbro,,,,
2009-10,2009-10-17,Carolina,NewJersey,0.0,0.0,False,0,0,0.0,2.0,0.0,2.0,-145.0,5.5,sbro,,,,
2009-10,2009-10-17,Atlanta,Buffalo,1.0,1.0,False,2,0,1.0,1.0,4.0,2.0,-160.0,6.0,sbro,,,,
2009-10,2009-10-17,SanJose,NYIslanders,2.0,0.0,False,0,1,2.0,0.0,4.0,1.0,150.0,5.5,sbro,,,,
2009-10,2009-10-17,Nashville,Washington,2.0,0.0,False,0,2,0.0,0.0,2.0,3.0,-230.0,6.0,sbro,,,,
2009-10,2009-10-17,Colorado,Detroit,0.0,1.0,False,0,1,3.0,1.0,4.0,3.0,-193.0,6.0,sbro,,,,
2009-10,2009-10-17,LosAngeles,Columbus,0.0,1.0,False,1,1,0.0,2.0,1.0,4.0,-140.0,5.5,sbro,,,,
2009-10,2009-10-17,NYRangers,Toronto,2.0,1.0,False,1,0,1.0,0.0,4.0,1.0,105.0,6.0,sbro,,,,
2009-10,2009-10-17,Ottawa,Montreal,1.0,0.0,False,1,1,1.0,0.0,3.0,1.0,-125.0,5.5,sbro,,,,
2009-10,2009-10-17,TampaBay,Pittsburgh,1.0,1.0,False,0,2,0.0,1.0,1.0,4.0,-205.0,6.0,sbro,,,,
2009-10,2009-10-17,Dallas,Chicago,3.0,2.0,False,0,0,1.0,1.0,4.0,3.0,-175.0,5.5,sbro,,,,
2009-10,2009-10-17,Boston,Phoenix,1.0,3.0,False,0,1,0.0,0.0,1.0,4.0,-116.0,5.5,sbro,,,,
2009-10,2009-10-17,Minnesota,Vancouver,0.0,1.0,False,1,0,0.0,1.0,1.0,2.0,-170.0,5.5,sbro,,,,
2009-10,2009-10-17,St.Louis,Anaheim,2.0,0.0,False,1,0,2.0,0.0,5.0,0.0,-135.0,5.5,sbro,,,,
2009-10,2009-10-19,SanJose,NYRangers,3.0,0.0,False,2,2,2.0,1.0,7.0,3.0,-115.0,5.5,sbro,,,,
2009-10,2009-10-19,LosAngeles,Dallas,3.0,0.0,False,0,1,1.0,0.0,4.0,1.0,-140.0,5.5,sbro,,,,
2009-10,2009-10-19,Vancouver,Edmonton,0.0,1.0,False,1,0,0.0,1.0,1.0,2.0,-115.0,5.5,sbro,,,,
2009-10,2009-10-20,St.Louis,Pittsburgh,1.0,2.0,False,0,2,0.0,1.0,1.0,5.0,-193.0,6.0,sbro,,,,
2009-10,2009-10-20,Atlanta,Montreal,0.0,0.0,False,0,1,1.0,0.0,1.0,2.0,-115.0,6.0,sbro,,,,
2009-10,2009-10-20,Columbus,Calgary,2.0,1.0,False,1,3,0.0,2.0,3.0,6.0,-145.0,5.5,sbro,,,,
2009-10,2009-10-21,Nashville,Boston,1.0,2.0,False,1,0,0.0,1.0,2.0,3.0,-220.0,5.5,sbro,,,,
2009-10,2009-10-21,Carolina,NYIslanders,1.0,2.0,False,0,1,2.0,0.0,3.0,4.0,-105.0,5.5,sbro,,,,
2009-10,2009-10-21,Buffalo,Florida,0.0,0.0,False,5,1,0.0,1.0,5.0,2.0,-102.0,5.5,sbro,,,,
2009-10,2009-10-21,Colorado,Minnesota,2.0,0.0,False,0,1,0.0,1.0,2.0,3.0,-120.0,5.5,sbro,,,,
2009-10,2009-10-21,Vancouver,Chicago,1.0,1.0,False,0,1,2.0,0.0,3.0,2.0,-166.0,5.5,sbro,,,,
2009-10,2009-10-21,Dallas,Anaheim,2.0,1.0,False,1,0,1.0,1.0,4.0,2.0,-140.0,5.5,sbro,,,,
2009-10,2009-10-22,NYIslanders,Montreal,0.0,1.0,False,0,2,1.0,2.0,1.0,5.0,-172.0,5.5,sbro,,,,
2009-10,2009-10-22,NewJersey,NYRangers,0.0,2.0,False,2,0,2.0,0.0,4.0,2.0,-140.0,5.5,sbro,,,,
2009-10,2009-10-22,Boston,Philadelphia,2.0,2.0,False,1,1,0.0,0.0,3.0,4.0,-156.0,5.5,sbro,,,,
2009-10,2009-10-22,Washington,Atlanta,3.0,0.0,False,2,2,0.0,2.0,5.0,4.0,110.0,6.0,sbro,,,,
2009-10,2009-10-22,Nashville,Ottawa,0.0,0.0,False,3,0,2.0,5.0,6.0,5.0,-181.0,5.5,sbro,,,,
2009-10,2009-10-22,SanJose,TampaBay,1.0,1.0,False,0,2,1.0,2.0,2.0,5.0,115.0,5.5,sbro,,,,
2009-10,2009-10-22,Columbus,Edmonton,2.0,2.0,False,2,1,0.0,3.0,4.0,6.0,-120.0,5.5,sbro,,,,
2009-10,2009-10-22,Detroit,Phoenix,1.0,0.0,False,1,1,0.0,1.0,2.0,3.0,110.0,5.5,sbro,,,,
2009-10,2009-10-22,Dallas,LosAngeles,0.0,2.0,False,1,2,3.0,0.0,4.0,5.0,-145.0,5.5,sbro,,,,
2009-10,2009-10-23,Florida,Pittsburgh,0.0,0.0,False,2,0,0.0,2.0,2.0,3.0,-203.0,6.0,sbro,,,,
2009-10,2009-10-23,Minnesota,St.Louis,1.0,1.0,False,0,1,0.0,1.0,1.0,3.0,-145.0,5.5,sbro,,,,
2009-10,2009-10-23,Carolina,Colorado,1.0,2.0,False,2,2,1.0,1.0,4.0,5.0,-122.0,5.5,sbro,,,,
2009-10,2009-10-24,Toronto,Vancouver,1.0,0.0,False,0,2,0.0,1.0,1.0,3.0,-192.0,6.0,sbro,,,,
2009-10,2009-10-24,Boston,Ottawa,1.0,1.0,False,0,0,2.0,2.0,4.0,3.0,-145.0,5.5,sbro,,,,
2009-10,2009-10-24,NYRangers,Montreal,1.0,3.0,False,3,1,0.0,0.0,4.0,5.0,-116.0,5.5,sbro,,,,
2009-10,2009-10-24,Washington,NYIslanders,0.0,0.0,False,0,1,2.0,1.0,3.0,2.0,160.0,6.0,sbro,,,,
2009-10,2009-10-24,Florida,Philadelphia,0.0,2.0,False,1,1,0.0,2.0,1.0,5.0,-230.0,6.0,sbro,,,,
2009-10,2009-10-24,SanJose,Atlanta,2.0,2.0,False,2,0,0.0,1.0,4.0,3.0,125.0,6.0,sbro,,,,
2009-10,2009-10-24,NewJersey,Pittsburgh,1.0,0.0,False,1,0,2.0,1.0,4.0,1.0,-155.0,5.5,sbro,,,,
2009-10,2009-10-24,Buffalo,TampaBay,1.0,0.0,False,0,1,1.0,1.0,3.0,2.0,100.0,5.5,sbro,,,,
2009-10,2009-10-24,Carolina,Minnesota,1.0,1.0,False,1,1,0.0,0.0,2.0,3.0,-130.0,5.5,sbro,,,,
2009-10,2009-10-24,Dallas,St.Louis,2.0,0.0,False,0,0,2.0,1.0,4.0,1.0,-125.0,5.5,sbro,,,,
2009-10,2009-10-24,Nashville,Chicago,0.0,2.0,False,0,0,0.0,0.0,0.0,2.0,-210.0,5.5,sbro,,,,
2009-10,2009-10-24,LosAngeles,Phoenix,2.0,1.0,False,0,1,3.0,1.0,5.0,3.0,-130.0,5.5,sbro,,,,
2009-10,2009-10-24,Detroit,Colorado,1.0,1.0,False,0,0,0.0,2.0,1.0,3.0,115.0,6.0,sbro,,,,
2009-10,2009-10-24,Columbus,Anaheim,4.0,1.0,False,0,1,2.0,2.0,6.0,4.0,-135.0,5.5,sbro,,,,
2009-10,2009-10-24,Edmonton,Calgary,1.0,3.0,False,1,1,0.0,1.0,2.0,5.0,-165.0,5.5,sbro,,,,
2009-10,2009-10-25,SanJose,Philadelphia,2.0,0.0,False,1,1,1.0,0.0,4.0,1.0,-120.0,6.0,sbro,,,,
2009-10,2009-10-25,Columbus,LosAngeles,1.0,2.0,False,0,2,1.0,2.0,2.0,6.0,-125.0,5.5,sbro,,,,
2009-10,2009-10-25,Edmonton,Vancouver,0.0,1.0,False,0,1,0.0,0.0,0.0,2.0,-160.0,5.5,sbro,,,,
2009-10,2009-10-26,Phoenix,NYRangers,2.0,2.0,False,0,2,0.0,1.0,2.0,5.0,-160.0,5.5,sbro,,,,
2009-10,2009-10-26,NYIslanders,Montreal,1.0,0.0,False,0,1,1.0,1.0,2.0,3.0,-193.0,5.5,sbro,,,,
2009-10,2009-10-26,Minnesota,Chicago,0.0,0.0,False,0,2,1.0,1.0,1.0,3.0,-193.0,5.5,sbro,,,,
2009-10,2009-10-26,Toronto,Anaheim,1.0,1.0,False,2,1,3.0,1.0,6.0,3.0,-165.0,6.0,sbro,,,,
2009-10,2009-10-27,Philadelphia,Washington,2.0,2.0,False,0,0,0.0,2.0,2.0,4.0,-140.0,6.0,sbro,,,,
2009-10,2009-10-27,Colorado,Edmonton,0.0,0.0,False,1,0,2.0,0.0,3.0,0.0,-125.0,5.5,sbro,,,,
2009-10,2009-10-27,Detroit,Vancouver,0.0,0.0,False,1,2,4.0,2.0,5.0,4.0,-105.0,5.5,sbro,,,,
2009-10,2009-10-28,St.Louis,Carolina,1.0,0.0,False,3,1,1.0,1.0,5.0,2.0,-125.0,5.5,sbro,,,,
2009-10,2009-10-28,Buffalo,NewJersey,0.0,1.0,False,2,0,2.0,0.0,4.0,1.0,-125.0,5.5,sbro,,,,
2009-10,2009-10-28,NYRangers,NYIslanders,0.0,1.0,False,1,1,0.0,1.0,1.0,3.0,117.0,5.5,sbro,,,,
2009-10,2009-10-28,Phoenix,Columbus,2.0,0.0,False,0,1,2.0,0.0,4.0,1.0,-135.0,5.5,sbro,,,,
2009-10,2009-10-28,Montreal,Pittsburgh,0.0,3.0,False,0,1,1.0,2.0,1.0,6.0,-193.0,5.5,sbro,,,,
2009-10,2009-10-28,Ottawa,Florida,3.0,1.0,False,1,1,0.0,1.0,4.0,3.0,-105.0,5.5,sbro,,,,
2009-10,2009-10-28,Nashville,Minnesota,1.0,3.0,False,2,0,1.0,0.0,4.0,3.0,-160.0,5.5,sbro,,,,
2009-10,2009-10-28,Toronto,Dallas,1.0,1.0,False,0,0,2.0,2.0,3.0,4.0,-193.0,6.0,sbro,,,,
2009-10,2009-10-28,Colorado,Calgary,0.0,0.0,False,2,2,1.0,0.0,3.0,2.0,-170.0,5.5,sbro,,,,
2009-10,2009-10-28,LosAngeles,SanJose,1.0,1.0,False,0,0,0.0,0.0,1.0,2.0,-175.0,6.0,sbro,,,,
2009-10,2009-10-29,NewJersey,Boston,0.0,1.0,False,1,0,1.0,0.0,2.0,1.0,-135.0,5.5,sbro,,,,
2009-10,2009-10-29,Washington,Atlanta,1.0,0.0,False,2,0,1.0,3.0,4.0,3.0,146.0,6.0,sbro,,,,
2009-10,2009-10-29,Ottawa,TampaBay,0.0,2.0,False,0,1,2.0,2.0,2.0,5.0,-120.0,5.5,sbro,,,,
2009-10,2009-10-29,Phoenix,St.Louis,1.0,0.0,False,0,0,1.0,0.0,2.0,0.0,-135.0,5.5,sbro,,,,
2009-10,2009-10-29,Chicago,Nashville,0.0,1.0,False,0,0,0.0,1.0,0.0,2.0,146.0,5.5,sbro,,,,
2009-10,2009-10-29,Detroit,Edmonton,2.0,2.0,False,0,3,3.0,0.0,5.0,6.0,120.0,5.5,sbro,,,,
2009-10,2009-10-29,Vancouver,LosAngeles,0.0,0.0,False,1,1,0.0,0.0,2.0,1.0,-145.0,6.0,sbro,,,,
2009-10,2009-10-30,NYIslanders,Washington,2.0,2.0,False,1,1,0.0,0.0,4.0,3.0,-250.0,6.0,sbro,,,,
2009-10,2009-10-30,Pittsburgh,Columbus,1.0,2.0,False,0,1,2.0,0.0,4.0,3.0,105.0,5.5,sbro,,,,
2009-10,2009-10-30,Toronto,Buffalo,0.0,1.0,False,1,1,1.0,0.0,2.0,3.0,-183.0,6.0,sbro,,,,
2009-10,2009-10-30,NYRangers,Minnesota,1.0,2.0,False,0,1,1.0,0.0,2.0,3.0,-111.0,5.5,sbro,,,,
2009-10,2009-10-30,Montreal,Chicago,2.0,1.0,False,0,1,0.0,1.0,2.0,3.0,-183.0,5.5,sbro,,,,
2009-10,2009-10-30,Florida,Dallas,1.0,2.0,False,3,2,1.0,1.0,6.0,5.0,-194.0,5.5,sbro,,,,
2009-10,2009-10-30,Vancouver,Anaheim,0.0,3.0,False,2,1,0.0,3.0,2.0,7.0,-177.0,6.0,sbro,,,,
2009-10,2009-10-30,Colorado,SanJose,0.0,1.0,False,0,0,1.0,2.0,1.0,3.0,-177.0,5.5,sbro,,,,
2009-10,2009-10-31,Carolina,Philadelphia,1.0,1.0,False,0,3,0.0,2.0,1.0,6.0,-185.0,6.0,sbro,,,,
2009-10,2009-10-31,Edmonton,Boston,0.0,0.0,False,0,0,0.0,2.0,0.0,2.0,-156.0,5.5,sbro,,,,
2009-10,2009-10-31,Atlanta,Ottawa,1.0,0.0,False,1,0,1.0,1.0,3.0,1.0,-185.0,6.0,sbro,,,,
2009-10,2009-10-31,NewJersey,TampaBay,1.0,0.0,False,0,0,0.0,1.0,2.0,1.0,-116.0,5.5,sbro,,,,
2009-10,2009-10-31,Buffalo,NYIslanders,0.0,3.0,False,0,1,0.0,1.0,0.0,5.0,131.0,5.5,sbro,,,,
2009-10,2009-10-31,Toronto,Montreal,2.0,3.0,False,0,0,2.0,1.0,4.0,5.0,-151.0,6.0,sbro,,,,
2009-10,2009-10-31,Minnesota,Pittsburgh,0.0,0.0,False,2,1,0.0,0.0,2.0,1.0,-200.0,5.5,sbro,,,,
2009-10,2009-10-31,Florida,St.Louis,0.0,0.0,False,2,0,2.0,0.0,4.0,0.0,-166.0,5.5,sbro,,,,
2009-10,2009-10-31,Dallas,Nashville,1.0,0.0,False,1,1,0.0,3.0,2.0,4.0,-115.0,5.5,sbro,,,,
2009-10,2009-10-31,Anaheim,Phoenix,1.0,0.0,False,0,1,1.0,1.0,2.0,3.0,-145.0,5.5,sbro,,,,
2009-10,2009-10-31,Detroit,Calgary,2.0,1.0,False,0,0,1.0,0.0,3.0,1.0,-130.0,6.0,sbro,,,,
2009-10,2009-11-01,Boston,NYRangers,0.0,1.0,False,0,0,0.0,0.0,0.0,1.0,-150.0,5.5,sbro,,,,
2009-10,2009-11-01,SanJose,Carolina,3.0,1.0,False,0,0,2.0,0.0,5.0,1.0,136.0,5.5,sbro,,,,
2009-10,2009-11-01,Columbus,Washington,2.0,0.0,False,0,1,2.0,3.0,5.0,4.0,-172.0,6.0,sbro,,,,
2009-10,2009-11-01,Colorado,Vancouver,0.0,1.0,False,0,1,0.0,1.0,0.0,3.0,-125.0,5.5,sbro,,,,
2009-10,2009-11-02,TampaBay,Philadelphia,1.0,3.0,False,0,2,1.0,1.0,2.0,6.0,-174.0,6.0,sbro,,,,
2009-10,2009-11-02,Edmonton,NYIslanders,0.0,2.0,False,1,1,0.0,0.0,1.0,3.0,-115.0,5.5,sbro,,,,
2009-10,2009-11-02,LosAngeles,Phoenix,1.0,2.0,False,1,1,3.0,0.0,5.0,3.0,-135.0,5.5,sbro,,,,
2009-10,2009-11-03,Boston,Detroit,0.0,0.0,False,0,2,0.0,0.0,0.0,2.0,-176.0,5.5,sbro,,,,
2009-10,2009-11-03,TampaBay,Toronto,1.0,0.0,False,0,0,0.0,1.0,2.0,1.0,-125.0,6.0,sbro,,,,
2009-10,2009-11-03,Atlanta,Montreal,1.0,2.0,False,2,0,2.0,2.0,5.0,4.0,-145.0,6.0,sbro,,,,
2009-10,2009-11-03,NYRangers,Vancouver,0.0,0.0,False,0,1,1.0,3.0,1.0,4.0,-109.0,5.5,sbro,,,,
2009-10,2009-11-03,Pittsburgh,Anaheim,2.0,1.0,False,0,1,2.0,1.0,4.0,3.0,-120.0,5.5,sbro,,,,
2009-10,2009-11-04,NYIslanders,Buffalo,0.0,1.0,False,0,1,0.0,1.0,0.0,3.0,-194.0,5.5,sbro,,,,
2009-10,2009-11-04,Washington,NewJersey,0.0,1.0,False,1,0,1.0,2.0,2.0,3.0,-145.0,5.5,sbro,,,,
2009-10,2009-11-04,SanJose,Columbus,1.0,1.0,False,1,1,0.0,0.0,3.0,2.0,100.0,5.5,sbro,,,,
2009-10,2009-11-04,Carolina,Florida,0.0,0.0,False,0,0,0.0,3.0,0.0,3.0,-135.0,5.5,sbro,,,,
2009-10,2009-11-04,Calgary,Dallas,1.0,0.0,False,0,0,1.0,2.0,3.0,2.0,-120.0,5.5,sbro,,,,
2009-10,2009-11-04,Phoenix,Colorado,0.0,0.0,False,0,1,1.0,3.0,1.0,4.0,-140.0,5.5,sbro,,,,
2009-10,2009-11-05,Montreal,Boston,0.0,0.0,False,1,0,0.0,1.0,2.0,1.0,-160.0,5.5,sbro,,,,
2009-10,2009-11-05,Columbus,Atlanta,2.0,2.0,False,2,0,0.0,1.0,4.0,3.0,-115.0,6.0,sbro,,,,
2009-10,2009-11-05,TampaBay,Ottawa,1.0,1.0,False,1,1,0.0,0.0,2.0,3.0,-165.0,5.5,sbro,,,,
2009-10,2009-11-05,SanJose,Detroit,1.0,0.0,False,0,0,0.0,1.0,1.0,2.0,-125.0,5.5,sbro,,,,
2009-10,2009-11-05,Calgary,St.Louis,0.0,0.0,False,1,0,0.0,1.0,2.0,1.0,-115.0,5.5,sbro,,,,
2009-10,2009-11-05,Vancouver,Minnesota,3.0,2.0,False,1,0,1.0,0.0,5.0,2.0,-120.0,5.5,sbro,,,,
2009-10,2009-11-05,Chicago,Phoenix,1.0,1.0,False,0,2,0.0,0.0,1.0,3.0,100.0,5.5,sbro,,,,
2009-10,2009-11-05,NYRangers,Edmonton,2.0,1.0,False,1,0,1.0,1.0,4.0,2.0,-116.0,5.5,sbro,,,,
2009-10,2009-11-05,Nashville,Anaheim,0.0,0.0,False,0,1,0.0,3.0,0.0,4.0,-150.0,5.5,sbro,,,,
2009-10,2009-11-05,Pittsburgh,LosAngeles,1.0,0.0,False,1,1,0.0,4.0,2.0,5.0,-120.0,6.0,sbro,,,,
2009-10,2009-11-06,NYIslanders,NewJersey,0.0,2.0,False,1,0,0.0,0.0,1.0,2.0,-177.0,5.0,sbro,,,,
2009-10,2009-11-06,Toronto,Carolina,2.0,0.0,False,0,2,1.0,0.0,3.0,2.0,-130.0,6.0,sbro,,,,
2009-10,2009-11-06,Philadelphia,Buffalo,2.0,1.0,False,1,0,2.0,1.0,5.0,2.0,-140.0,5.5,sbro,,,,
2009-10,2009-11-06,Washington,Florida,1.0,0.0,False,1,0,2.0,1.0,4.0,1.0,-116.0,5.5,sbro,,,,
2009-10,2009-11-06,Vancouver,Dallas,0.0,1.0,False,0,0,1.0,1.0,1.0,2.0,-140.0,5.5,sbro,,,,
2009-10,2009-11-06,Chicago,Colorado,1.0,2.0,False,2,1,0.0,0.0,3.0,4.0,-125.0,5.5,sbro,,,,
2009-10,2009-11-07,Nashville,LosAngeles,1.0,0.0,False,0,0,2.0,1.0,3.0,1.0,-194.0,5.5,sbro,,,,
2009-10,2009-11-07,Buffalo,Boston,1.0,2.0,False,0,2,1.0,0.0,2.0,4.0,-115.0,5.5,sbro,,,,
2009-10,2009-11-07,Detroit,Toronto,0.0,1.0,False,0,2,1.0,2.0,1.0,5.0,146.0,6.0,sbro,,,,
2009-10,2009-11-07,TampaBay,Montreal,1.0,1.0,False,2,0,0.0,0.0,3.0,1.0,-145.0,5.5,sbro,,,,
2009-10,2009-11-07,NewJersey,Ottawa,1.0,1.0,False,0,1,2.0,0.0,3.0,2.0,-125.0,5.5,sbro,,,,
2009-10,2009-11-07,Atlanta,NYIslanders,1.0,2.0,False,1,3,1.0,1.0,3.0,6.0,-120.0,6.0,sbro,,,,
2009-10,2009-11-07,St.Louis,Philadelphia,0.0,1.0,False,0,0,1.0,0.0,1.0,2.0,-177.0,5.5,sbro,,,,
2009-10,2009-11-07,Florida,Washington,3.0,1.0,False,0,1,1.0,5.0,4.0,7.0,-182.0,5.5,sbro,,,,
2009-10,2009-11-07,Carolina,Columbus,0.0,0.0,False,1,0,1.0,3.0,2.0,3.0,-182.0,5.5,sbro,,,,
2009-10,2009-11-07,Dallas,Minnesota,2.0,1.0,False,0,2,0.0,0.0,2.0,3.0,-135.0,5.5,sbro,,,,
2009-10,2009-11-07,Phoenix,Anaheim,0.0,2.0,False,0,1,3.0,1.0,3.0,4.0,-156.0,5.5,sbro,,,,
2009-10,2009-11-07,NYRangers,Calgary,0.0,1.0,False,1,1,0.0,1.0,1.0,3.0,-135.0,5.5,sbro,,,,
2009-10,2009-11-07,Pittsburgh,SanJose,0.0,2.0,False,0,2,0.0,1.0,0.0,5.0,-162.0,6.0,sbro,,,,
2009-10,2009-11-08,St.Louis,Atlanta,1.0,0.0,False,0,0,1.0,2.0,2.0,3.0,-125.0,6.0,sbro,,,,
2009-10,2009-11-08,Edmonton,Colorado,0.0,1.0,False,3,1,2.0,1.0,5.0,3.0,-172.0,5.5,sbro,,,,
2009-10,2009-11-09,LosAngeles,Chicago,1.0,1.0,False,0,0,0.0,3.0,1.0,4.0,-139.0,5.5,sbro,,,,
2009-10,2009-11-10,Pittsburgh,Boston,0.0,1.0,False,0,0,0.0,2.0,0.0,3.0,-130.0,5.5,sbro,,,,
2009-10,2009-11-10,Minnesota,Toronto,3.0,0.0,False,1,1,1.0,1.0,5.0,2.0,-140.0,6.0,sbro,,,,
2009-10,2009-11-10,Calgary,Montreal,0.0,0.0,False,1,0,0.0,0.0,1.0,0.0,100.0,5.5,sbro,,,,
2009-10,2009-11-10,Edmonton,Ottawa,0.0,1.0,False,2,1,1.0,1.0,3.0,4.0,-140.0,5.5,sbro,,,,
2009-10,2009-11-10,Vancouver,St.Louis,0.0,1.0,False,0,4,1.0,1.0,1.0,6.0,-115.0,5.5,sbro,,,,
2009-10,2009-11-10,Nashville,SanJose,1.0,1.0,False,1,1,1.0,2.0,3.0,4.0,-262.0,5.5,sbro,,,,
2009-10,2009-11-11,Detroit,Columbus,2.0,1.0,False,4,0,3.0,0.0,9.0,1.0,-116.0,5.5,sbro,,,,
2009-10,2009-11-11,Edmonton,Buffalo,1.0,1.0,False,0,1,0.0,1.0,1.0,3.0,-203.0,5.5,sbro,,,,
2009-10,2009-11-11,LosAngeles,Carolina,1.0,1.0,False,1,0,3.0,1.0,5.0,2.0,137.0,5.5,sbro,,,,
2009-10,2009-11-11,Anaheim,NewJersey,1.0,2.0,False,0,1,0.0,0.0,1.0,3.0,-146.0,5.0,sbro,,,,
2009-10,2009-11-11,NYIslanders,Washington,0.0,2.0,False,3,2,1.0,0.0,4.0,5.0,-193.0,6.0,sbro,,,,
2009-10,2009-11-11,Colorado,Chicago,1.0,0.0,False,1,1,0.0,1.0,2.0,3.0,-151.0,5.5,sbro,,,,
2009-10,2009-11-12,Ottawa,Philadelphia,1.0,2.0,False,0,0,0.0,3.0,1.0,5.0,-156.0,5.5,sbro,,,,
2009-10,2009-11-12,Florida,Boston,0.0,0.0,False,0,0,0.0,0.0,1.0,0.0,-182.0,5.5,sbro,,,,
2009-10,2009-11-12,Atlanta,NYRangers,3.0,1.0,False,1,1,1.0,1.0,5.0,3.0,-166.0,6.0,sbro,,,,
2009-10,2009-11-12,NewJersey,Pittsburgh,2.0,0.0,False,0,1,2.0,0.0,4.0,1.0,-120.0,5.5,sbro,,,,
2009-10,2009-11-12,Vancouver,Detroit,1.0,0.0,False,0,1,0.0,2.0,1.0,3.0,-156.0,5.5,sbro,,,,
2009-10,2009-11-12,Minnesota,TampaBay,2.0,1.0,False,1,0,0.0,2.0,3.0,4.0,-140.0,5.5,sbro,,,,
2009-10,2009-11-12,Nashville,St.Louis,1.0,0.0,False,0,1,2.0,0.0,3.0,1.0,-161.0,5.5,sbro,,,,
2009-10,2009-11-12,Montreal,Phoenix,1.0,1.0,False,0,0,3.0,1.0,4.0,2.0,-135.0,5.5,sbro,,,,
2009-10,2009-11-12,Dallas,SanJose,0.0,2.0,False,0,0,2.0,0.0,3.0,2.0,-182.0,5.5,sbro,,,,
2009-10,2009-11-13,Anaheim,Columbus,1.0,1.0,False,1,1,0.0,0.0,2.0,3.0,-130.0,5.5,sbro,,,,
2009-10,2009-11-13,Minnesota,Washington,1.0,1.0,False,0,0,0.0,2.0,1.0,3.0,-206.0,6.0,sbro,,,,
2009-10,2009-11-13,NYIslanders,Carolina,0.0,2.0,False,3,0,0.0,1.0,4.0,3.0,-109.0,5.5,sbro,,,,
2009-10,2009-11-13,Calgary,Buffalo,0.0,0.0,False,1,1,0.0,0.0,1.0,2.0,-135.0,5.5,sbro,,,,
2009-10,2009-11-13,LosAngeles,Atlanta,0.0,4.0,False,0,0,0.0,3.0,0.0,7.0,-116.0,6.0,sbro,,,,
2009-10,2009-11-13,Toronto,Chicago,1.0,1.0,False,0,2,1.0,0.0,2.0,3.0,-194.0,6.0,sbro,,,,
2009-10,2009-11-14,NYRangers,Ottawa,1.0,1.0,False,0,0,0.0,0.0,2.0,1.0,-125.0,5.5,sbro,,,,
2009-10,2009-11-14,Buffalo,Philadelphia,1.0,0.0,False,1,0,1.0,2.0,3.0,2.0,-145.0,5.5,sbro,,,,
2009-10,2009-11-14,Washington,NewJersey,0.0,3.0,False,2,1,0.0,1.0,2.0,5.0,-140.0,5.5,sbro,,,,
2009-10,2009-11-14,NYIslanders,Florida,0.0,3.0,False,2,0,2.0,1.0,4.0,5.0,-145.0,5.5,sbro,,,,
2009-10,2009-11-14,Anaheim,Detroit,1.0,0.0,False,0,2,3.0,5.0,4.0,7.0,-185.0,5.5,sbro,,,,
2009-10,2009-11-14,Calgary,Toronto,0.0,1.0,False,3,1,2.0,0.0,5.0,2.0,115.0,6.0,sbro,,,,
2009-10,2009-11-14,LosAngeles,TampaBay,0.0,0.0,False,0,0,1.0,1.0,2.0,1.0,-125.0,5.5,sbro,,,,
2009-10,2009-11-14,Boston,Pittsburgh,2.0,1.0,False,1,2,2.0,2.0,5.0,6.0,-145.0,5.5,sbro,,,,
2009-10,2009-11-14,Montreal,Nashville,0.0,0.0,False,0,1,0.0,1.0,0.0,2.0,-135.0,5.5,sbro,,,,
2009-10,2009-11-14,Dallas,Phoenix,1.0,2.0,False,0,0,1.0,1.0,2.0,3.0,-116.0,5.5,sbro,,,,
2009-10,2009-11-14,SanJose,St.Louis,2.0,0.0,False,0,1,1.0,0.0,3.0,1.0,120.0,5.5,sbro,,,,
2009-10,2009-11-14,Vancouver,Colorado,1.0,0.0,False,3,0,4.0,2.0,8.0,2.0,-125.0,5.5,sbro,,,,
2009-10,2009-11-15,Minnesota,Carolina,3.0,2.0,False,0,2,1.0,0.0,4.0,5.0,-110.0,5.5,sbro,,,,
2009-10,2009-11-15,Edmonton,Atlanta,2.0,1.0,False,0,1,0.0,1.0,2.0,3.0,-145.0,6.0,sbro,,,,
2009-10,2009-11-15,SanJose,Chicago,2.0,2.0,False,1,1,0.0,0.0,3.0,4.0,-120.0,5.5,sbro,,,,
2009-10,2009-11-16,Edmonton,Columbus,1.0,1.0,False,0,0,1.0,1.0,2.0,3.0,-170.0,5.5,sbro,,,,
2009-10,2009-11-16,NewJersey,Philadelphia,1.0,1.0,False,0,1,1.0,1.0,2.0,3.0,-135.0,5.5,sbro,,,,
2009-10,2009-11-16,NYIslanders,Boston,1.0,1.0,False,1,0,2.0,0.0,4.0,1.0,-170.0,5.5,sbro,,,,
2009-10,2009-11-16,Anaheim,Pittsburgh,0.0,1.0,False,1,2,1.0,2.0,2.0,5.0,-165.0,5.5,sbro,,,,
2009-10,2009-11-16,LosAngeles,Florida,1.0,2.0,False,0,0,2.0,1.0,4.0,3.0,-116.0,5.5,sbro,,,,
2009-10,2009-11-16,TampaBay,Phoenix,1.0,0.0,False,2,1,1.0,0.0,4.0,1.0,-130.0,5.5,sbro,,,,
2009-10,2009-11-17,Washington,NYRangers,1.0,0.0,False,1,1,2.0,1.0,4.0,2.0,-115.0,6.0,sbro,,,,
2009-10,2009-11-17,Carolina,Montreal,2.0,0.0,False,0,1,0.0,1.0,2.0,3.0,-156.0,5.5,sbro,,,,
2009-10,2009-11-17,Toronto,Ottawa,1.0,2.0,False,1,1,0.0,0.0,2.0,3.0,-156.0,6.0,sbro,,,,
2009-10,2009-11-17,SanJose,Nashville,1.0,2.0,False,1,2,1.0,0.0,3.0,4.0,115.0,5.5,sbro,,,,
2009-10,2009-11-17,Colorado,Calgary,2.0,2.0,False,1,0,0.0,0.0,3.0,2.0,-194.0,5.5,sbro,,,,
2009-10,2009-11-18,Florida,Buffalo,1.0,0.0,False,1,1,4.0,1.0,6.0,2.0,-212.0,5.5,sbro,,,,
2009-10,2009-11-18,Dallas,Detroit,1.0,1.0,False,1,0,1.0,0.0,3.0,1.0,-166.0,5.5,sbro,,,,
2009-10,2009-11-18,Phoenix,Minnesota,1.0,0.0,False,0,0,2.0,2.0,3.0,2.0,-145.0,5.5,sbro,,,,
2009-10,2009-11-18,Colorado,Edmonton,2.0,2.0,False,2,1,0.0,3.0,4.0,6.0,-130.0,5.5,sbro,,,,
2009-10,2009-11-18,Philadelphia,LosAngeles,2.0,0.0,False,0,1,1.0,1.0,3.0,2.0,-116.0,5.5,sbro,,,,
2009-10,2009-11-19,Toronto,Carolina,0.0,2.0,False,3,0,2.0,3.0,5.0,6.0,-116.0,6.0,sbro,,,,
2009-10,2009-11-19,Boston,Atlanta,1.0,2.0,False,2,0,0.0,1.0,4.0,3.0,-115.0,6.0,sbro,,,,
2009-10,2009-11-19,Pittsburgh,Ottawa,0.0,1.0,False,1,1,1.0,4.0,2.0,6.0,-125.0,5.5,sbro,,,,
2009-10,2009-11-19,NewJersey,Nashville,0.0,0.0,False,1,1,1.0,1.0,2.0,3.0,-105.0,5.0,sbro,,,,
2009-10,2009-11-19,Phoenix,St.Louis,1.0,0.0,False,1,1,0.0,1.0,2.0,3.0,-156.0,5.0,sbro,,,,
2009-10,2009-11-19,Columbus,Dallas,2.0,1.0,False,2,0,0.0,0.0,4.0,1.0,-135.0,5.5,sbro,,,,
2009-10,2009-11-19,Chicago,Calgary,5.0,1.0,False,1,0,1.0,0.0,7.0,1.0,-130.0,5.5,sbro,,,,
2009-10,2009-11-19,TampaBay,Anaheim,2.0,1.0,False,0,2,1.0,0.0,3.0,4.0,-145.0,5.5,sbro,,,,
2009-10,2009-11-20,Montreal,Washington,2.0,0.0,False,0,1,1.0,1.0,3.0,2.0,-210.0,6.0,sbro,,,,
2009-10,2009-11-20,Florida,Detroit,0.0,1.0,False,0,0,1.0,0.0,2.0,1.0,-220.0,5.5,sbro,,,,
2009-10,2009-11-20,Boston,Buffalo,1.0,0.0,False,0,1,0.0,0.0,2.0,1.0,-166.0,5.5,sbro,,,,
2009-10,2009-11-20,NYIslanders,Minnesota,2.0,0.0,False,0,1,0.0,2.0,2.0,3.0,-130.0,5.5,sbro,,,,
2009-10,2009-11-20,Philadelphia,SanJose,1.0,2.0,False,1,1,1.0,3.0,3.0,6.0,-151.0,5.5,sbro,,,,
2009-10,2009-11-20,Colorado,Vancouver,0.0,1.0,False,2,0,0.0,4.0,2.0,5.0,-166.0,5.5,sbro,,,,
2009-10,2009-11-21,Calgary,LosAngeles,1.0,2.0,False,1,0,3.0,0.0,5.0,2.0,-116.0,5.5,sbro,,,,
2009-10,2009-11-21,Detroit,Montreal,0.0,0.0,False,2,0,0.0,2.0,3.0,2.0,120.0,5.5,sbro,,,,
2009-10,2009-11-21,Pittsburgh,Atlanta,2.0,0.0,False,1,0,0.0,2.0,3.0,2.0,-102.0,6.0,sbro,,,,
2009-10,2009-11-21,Florida,NYRangers,2.0,0.0,False,0,1,1.0,1.0,3.0,2.0,-182.0,5.5,sbro,,,,
2009-10,2009-11-21,Washington,Toronto,0.0,1.0,False,1,0,0.0,0.0,1.0,2.0,115.0,6.0,sbro,,,,
2009-10,2009-11-21,TampaBay,Carolina,0.0,2.0,False,1,0,0.0,1.0,1.0,3.0,-105.0,5.5,sbro,,,,
2009-10,2009-11-21,Buffalo,Ottawa,0.0,2.0,False,1,0,2.0,3.0,3.0,5.0,-125.0,5.5,sbro,,,,
2009-10,2009-11-21,Philadelphia,Phoenix,1.0,1.0,False,0,0,0.0,2.0,1.0,3.0,110.0,5.5,sbro,,,,
2009-10,2009-11-21,NYIslanders,St.Louis,0.0,1.0,False,1,1,0.0,2.0,1.0,4.0,-160.0,5.5,sbro,,,,
2009-10,2009-11-21,NewJersey,Dallas,1.0,0.0,False,1,3,1.0,2.0,3.0,5.0,-115.0,5.0,sbro,,,,
2009-10,2009-11-21,Columbus,Nashville,1.0,2.0,False,2,1,0.0,0.0,3.0,4.0,-135.0,5.5,sbro,,,,
2009-10,2009-11-21,Chicago,Edmonton,1.0,0.0,False,3,1,1.0,1.0,5.0,2.0,115.0,5.5,sbro,,,,
2009-10,2009-11-21,SanJose,Anaheim,2.0,2.0,False,0,0,1.0,0.0,3.0,2.0,105.0,5.5,sbro,,,,
2009-10,2009-11-22,TampaBay,Atlanta,2.0,0.0,False,0,0,1.0,3.0,4.0,3.0,-135.0,6.0,sbro,,,,
2009-10,2009-11-22,Chicago,Vancouver,0.0,0.0,False,0,0,1.0,0.0,1.0,0.0,-120.0,5.5,sbro,,,,
2009-10,2009-11-23,Detroit,Nashville,1.0,1.0,False,0,1,0.0,1.0,1.0,3.0,-110.0,5.5,sbro,,,,
2009-10,2009-11-23,Columbus,NYRangers,1.0,4.0,False,2,3,1.0,0.0,4.0,7.0,-135.0,5.5,sbro,,,,
2009-10,2009-11-23,NYIslanders,Toronto,3.0,1.0,False,0,0,0.0,2.0,4.0,3.0,-135.0,6.0,sbro,,,,
2009-10,2009-11-23,Pittsburgh,Florida,0.0,1.0,False,0,1,2.0,0.0,3.0,2.0,-105.0,5.5,sbro,,,,
2009-10,2009-11-23,Washington,Ottawa,1.0,0.0,False,2,1,0.0,2.0,3.0,4.0,-125.0,5.5,sbro,,,,
2009-10,2009-11-23,Boston,St.Louis,2.0,1.0,False,1,1,1.0,0.0,4.0,2.0,-120.0,5.0,sbro,,,,
2009-10,2009-11-23,Carolina,Dallas,0.0,0.0,False,0,1,0.0,1.0,0.0,2.0,-191.0,5.5,sbro,,,,
2009-10,2009-11-23,Philadelphia,Colorado,1.0,3.0,False,1,2,2.0,0.0,4.0,5.0,-105.0,5.5,sbro,,,,
2009-10,2009-11-23,Phoenix,Edmonton,0.0,1.0,False,0,3,0.0,0.0,0.0,4.0,-130.0,5.5,sbro,,,,
2009-10,2009-11-23,Calgary,Anaheim,0.0,0.0,False,1,2,1.0,0.0,2.0,3.0,-116.0,5.5,sbro,,,,
2009-10,2009-11-24,Columbus,Montreal,1.0,1.0,False,2,1,0.0,3.0,3.0,5.0,-130.0,5.5,sbro,,,,
2009-10,2009-11-25,Philadelphia,NYIslanders,1.0,0.0,False,0,1,1.0,0.0,2.0,1.0,115.0,5.5,sbro,,,,
2009-10,2009-11-25,Toronto,TampaBay,2.0,1.0,False,2,2,0.0,0.0,4.0,3.0,-145.0,6.0,sbro,,,,
2009-10,2009-11-25,Buffalo,Washington,0.0,0.0,False,0,1,0.0,1.0,0.0,2.0,-130.0,5.5,sbro,,,,
2009-10,2009-11-25,Ottawa,NewJersey,0.0,1.0,False,1,1,0.0,1.0,1.0,3.0,-140.0,5.0,sbro,,,,
2009-10,2009-11-25,Montreal,Pittsburgh,0.0,2.0,False,0,1,1.0,0.0,1.0,3.0,-220.0,5.5,sbro,,,,
2009-10,2009-11-25,NYRangers,Florida,1.0,0.0,False,0,0,0.0,1.0,2.0,1.0,-115.0,5.5,sbro,,,,
2009-10,2009-11-25,Atlanta,Detroit,1.0,0.0,False,1,0,0.0,0.0,2.0,0.0,-185.0,6.0,sbro,,,,
2009-10,2009-11-25,St.Louis,Dallas,0.0,0.0,False,2,2,1.0,1.0,4.0,3.0,-150.0,5.0,sbro,,,,
2009-10,2009-11-25,Boston,Minnesota,0.0,1.0,False,1,0,0.0,0.0,2.0,1.0,115.0,5.0,sbro,,,,
2009-10,2009-11-25,Nashville,Colorado,1.0,3.0,False,2,0,0.0,0.0,4.0,3.0,-130.0,5.5,sbro,,,,
2009-10,2009-11-25,Phoenix,Calgary,0.0,1.0,False,0,0,1.0,1.0,1.0,2.0,-191.0,5.5,sbro,,,,
2009-10,2009-11-25,LosAngeles,Edmonton,1.0,0.0,False,0,1,2.0,0.0,3.0,1.0,-125.0,5.5,sbro,,,,
2009-10,2009-11-25,Carolina,Anaheim,0.0,1.0,False,1,0,1.0,2.0,2.0,3.0,-175.0,5.5,sbro,,,,
2009-10,2009-11-25,Chicago,SanJose,3.0,0.0,False,1,0,3.0,2.0,7.0,2.0,-135.0,5.5,sbro,,,,
2009-10,2009-11-26,Columbus,Ottawa,0.0,0.0,False,1,1,0.0,1.0,1.0,2.0,-145.0,5.5,sbro,,,,
2009-10,2009-11-26,LosAngeles,Vancouver,1.0,0.0,False,0,1,0.0,3.0,1.0,4.0,-182.0,5.5,sbro,,,,
2009-10,2009-11-27,NewJersey,Boston,1.0,0.0,False,0,0,0.0,1.0,2.0,1.0,-130.0,5.0,sbro,,,,
2009-10,2009-11-27,Buffalo,Philadelphia,1.0,0.0,False,1,2,2.0,0.0,4.0,2.0,-135.0,5.5,sbro,,,,
2009-10,2009-11-27,Pittsburgh,NYIslanders,1.0,0.0,False,1,1,0.0,2.0,2.0,3.0,115.0,5.5,sbro,,,,
2009-10,2009-11-27,Colorado,Minnesota,2.0,2.0,False,1,1,0.0,2.0,3.0,5.0,-125.0,5.5,sbro,,,,
2009-10,2009-11-27,Chicago,Anaheim,0.0,2.0,False,0,1,0.0,0.0,0.0,3.0,120.0,5.5,sbro,,,,
2009-10,2009-11-27,Atlanta,Carolina,1.0,3.0,False,0,1,5.0,0.0,6.0,4.0,-116.0,6.0,sbro,,,,
2009-10,2009-11-27,Calgary,Detroit,0.0,0.0,False,2,0,1.0,0.0,3.0,0.0,-130.0,5.5,sbro,,,,
2009-10,2009-11-27,NYRangers,TampaBay,0.0,2.0,False,0,2,1.0,1.0,1.0,5.0,-116.0,5.5,sbro,,,,
2009-10,2009-11-27,Toronto,Florida,2.0,1.0,False,1,2,3.0,1.0,6.0,4.0,-125.0,6.0,sbro,,,,
2009-10,2009-11-27,St.Louis,Nashville,1.0,0.0,False,0,0,2.0,1.0,3.0,1.0,-145.0,5.0,sbro,,,,
2009-10,2009-11-27,Dallas,Phoenix,0.0,3.0,False,0,1,2.0,1.0,2.0,5.0,-110.0,5.0,sbro,,,,
2009-10,2009-11-27,SanJose,Edmonton,0.0,1.0,False,1,0,3.0,3.0,5.0,4.0,120.0,5.5,sbro,,,,
2009-10,2009-11-28,NYIslanders,NewJersey,0.0,2.0,False,1,0,0.0,4.0,1.0,6.0,-220.0,5.5,sbro,,,,
2009-10,2009-11-28,Philadelphia,Atlanta,0.0,1.0,False,0,0,0.0,0.0,0.0,1.0,-125.0,5.5,sbro,,,,
2009-10,2009-11-28,Washington,Montreal,0.0,2.0,False,2,0,1.0,1.0,4.0,3.0,-161.0,5.5,sbro,,,,
2009-10,2009-11-28,Ottawa,Boston,0.0,2.0,False,2,0,1.0,1.0,3.0,4.0,-161.0,5.0,sbro,,,,
2009-10,2009-11-28,Carolina,Buffalo,0.0,0.0,False,1,0,0.0,5.0,1.0,5.0,100.0,5.5,sbro,,,,
2009-10,2009-11-28,Calgary,Columbus,1.0,3.0,False,0,0,2.0,0.0,4.0,3.0,-182.0,5.0,sbro,,,,
2009-10,2009-11-28,NYRangers,Pittsburgh,1.0,1.0,False,1,3,1.0,4.0,3.0,8.0,-156.0,5.5,sbro,,,,
2009-10,2009-11-28,Florida,Nashville,1.0,0.0,False,0,1,0.0,3.0,1.0,4.0,-172.0,5.5,sbro,,,,
2009-10,2009-11-28,Detroit,St.Louis,1.0,0.0,False,0,2,2.0,1.0,4.0,3.0,-220.0,5.5,sbro,,,,
2009-10,2009-11-28,TampaBay,Dallas,1.0,2.0,False,0,0,2.0,1.0,3.0,4.0,110.0,5.5,sbro,,,,
2009-10,2009-11-28,Minnesota,Colorado,1.0,0.0,False,0,2,1.0,0.0,3.0,2.0,-105.0,6.0,sbro,,,,
2009-10,2009-11-28,Edmonton,Vancouver,2.0,1.0,False,1,5,0.0,1.0,3.0,7.0,125.0,5.5,sbro,,,,
2009-10,2009-11-28,Chicago,LosAngeles,0.0,1.0,False,0,0,1.0,0.0,1.0,2.0,-135.0,5.0,sbro,,,,
2009-10,2009-11-29,Phoenix,Anaheim,0.0,1.0,False,0,0,2.0,1.0,3.0,2.0,-156.0,5.5,sbro,,,,
2009-10,2009-11-29,SanJose,Vancouver,1.0,0.0,False,1,1,2.0,1.0,4.0,2.0,-114.0,5.5,sbro,,,,
2009-10,2009-11-30,St.Louis,Columbus,1.0,0.0,False,1,2,0.0,3.0,2.0,5.0,-116.0,5.5,sbro,,,,
2009-10,2009-11-30,Washington,Carolina,1.0,0.0,False,2,1,0.0,1.0,3.0,2.0,-135.0,5.5,sbro,,,,
2009-10,2009-11-30,Florida,Atlanta,1.0,1.0,False,2,2,0.0,1.0,3.0,4.0,-155.0,5.5,sbro,,,,
2009-10,2009-11-30,Buffalo,Toronto,1.0,0.0,False,0,0,2.0,0.0,3.0,0.0,-125.0,5.0,sbro,,,,
2009-10,2009-11-30,Pittsburgh,NYRangers,2.0,2.0,False,0,0,3.0,0.0,5.0,2.0,-130.0,5.5,sbro,,,,
2009-10,2009-11-30,Colorado,TampaBay,1.0,0.0,False,1,0,1.0,0.0,3.0,0.0,160.0,6.0,sbro,,,,
2009-10,2009-11-30,Dallas,Detroit,0.0,2.0,False,1,1,0.0,1.0,1.0,4.0,-155.0,6.0,sbro,,,,
2009-10,2009-11-30,Calgary,Nashville,2.0,0.0,False,0,0,3.0,0.0,5.0,0.0,105.0,6.0,sbro,,,,
2009-10,2009-12-01,Toronto,Montreal,1.0,0.0,False,2,0,0.0,0.0,3.0,0.0,-140.0,6.0,sbro,,,,
2009-10,2009-12-01,Columbus,Chicago,2.0,1.0,False,0,1,1.0,1.0,3.0,4.0,-220.0,5.5,sbro,,,,
2009-10,2009-12-01,Ottawa,SanJose,1.0,2.0,False,1,2,0.0,1.0,2.0,5.0,-180.0,5.5,sbro,,,,
2009-10,2009-12-01,LosAngeles,Anaheim,1.0,1.0,False,2,1,1.0,1.0,4.0,3.0,-130.0,5.5,sbro,,,,
2009-10,2009-12-02,TampaBay,Boston,0.0,2.0,False,0,2,1.0,0.0,1.0,4.0,-175.0,5.5,sbro,,,,
2009-10,2009-12-02,Vancouver,NewJersey,0.0,0.0,False,3,2,2.0,0.0,5.0,2.0,-130.0,5.0,sbro,,,,
2009-10,2009-12-02,Colorado,Florida,2.0,2.0,False,0,2,3.0,1.0,5.0,6.0,105.0,5.5,sbro,,,,
2009-10,2009-12-02,Nashville,Minnesota,1.0,0.0,False,2,3,1.0,1.0,4.0,5.0,-120.0,5.0,sbro,,,,
2009-10,2009-12-03,Vancouver,Philadelphia,2.0,0.0,False,0,0,1.0,0.0,3.0,0.0,-145.0,5.5,sbro,,,,
2009-10,2009-12-03,Edmonton,Detroit,2.0,0.0,False,2,1,0.0,0.0,4.0,1.0,-230.0,5.5,sbro,,,,
2009-10,2009-12-03,Montreal,Buffalo,1.0,1.0,False,0,3,1.0,2.0,2.0,6.0,-230.0,5.5,sbro,,,,
2009-10,2009-12-03,Florida,Washington,0.0,2.0,False,0,2,2.0,2.0,2.0,6.0,-205.0,5.5,sbro,,,,
2009-10,2009-12-03,Toronto,Columbus,3.0,1.0,False,2,0,1.0,2.0,6.0,3.0,-162.0,6.0,sbro,,,,
2009-10,2009-12-03,NYIslanders,Atlanta,2.0,0.0,False,0,1,2.0,0.0,4.0,1.0,-156.0,6.0,sbro,,,,
2009-10,2009-12-03,Colorado,Pittsburgh,0.0,0.0,False,1,1,0.0,3.0,1.0,4.0,-230.0,6.0,sbro,,,,
2009-10,2009-12-03,Anaheim,Dallas,0.0,0.0,False,1,0,0.0,3.0,1.0,3.0,-140.0,5.5,sbro,,,,
2009-10,2009-12-03,Calgary,Phoenix,0.0,1.0,False,1,0,0.0,1.0,1.0,2.0,105.0,5.0,sbro,,,,
2009-10,2009-12-03,St.Louis,SanJose,0.0,1.0,False,1,1,1.0,0.0,3.0,2.0,-209.0,5.5,sbro,,,,
2009-10,2009-12-03,Ottawa,LosAngeles,2.0,2.0,False,1,2,0.0,2.0,3.0,6.0,-140.0,5.5,sbro,,,,
2009-10,2009-12-04,TampaBay,NewJersey,1.0,0.0,False,0,0,1.0,3.0,2.0,3.0,-190.0,5.0,sbro,,,,
2009-10,2009-12-04,Boston,Montreal,0.0,4.0,False,0,1,1.0,0.0,1.0,5.0,110.0,5.0,sbro,,,,
2009-10,2009-12-04,Anaheim,Minnesota,1.0,1.0,False,1,0,2.0,3.0,4.0,5.0,-140.0,5.5,sbro,,,,
2009-10,2009-12-04,Nashville,Chicago,1.0,0.0,False,1,1,2.0,0.0,4.0,1.0,-208.0,5.5,sbro,,,,
2009-10,2009-12-05,Vancouver,Carolina,0.0,3.0,False,1,1,2.0,1.0,3.0,5.0,146.0,5.5,sbro,,,,
2009-10,2009-12-05,Edmonton,Dallas,1.0,0.0,False,0,2,1.0,0.0,3.0,2.0,-172.0,5.5,sbro,,,,
2009-10,2009-12-05,St.Louis,LosAngeles,2.0,1.0,False,0,1,2.0,2.0,5.0,4.0,-145.0,5.5,sbro,,,,
2009-10,2009-12-05,Detroit,NewJersey,2.0,1.0,False,0,2,1.0,0.0,3.0,4.0,-130.0,5.0,sbro,,,,
2009-10,2009-12-05,Atlanta,Florida,0.0,0.0,False,0,0,1.0,1.0,2.0,1.0,-109.0,6.0,sbro,,,,
2009-10,2009-12-05,Colorado,Columbus,2.0,0.0,False,0,0,1.0,2.0,3.0,2.0,-156.0,5.5,sbro,,,,
2009-10,2009-12-05,Toronto,Boston,0.0,2.0,False,0,2,2.0,3.0,2.0,7.0,-166.0,6.0,sbro,,,,
2009-10,2009-12-05,NYRangers,Buffalo,0.0,0.0,False,1,0,1.0,1.0,2.0,1.0,-177.0,5.5,sbro,,,,
2009-10,2009-12-05,Washington,Philadelphia,4.0,0.0,False,3,1,1.0,1.0,8.0,2.0,-140.0,6.0,sbro,,,,
2009-10,2009-12-05,NYIslanders,TampaBay,0.0,0.0,False,0,2,0.0,2.0,0.0,4.0,-120.0,5.5,sbro,,,,
2009-10,2009-12-05,Chicago,Pittsburgh,0.0,0.0,False,1,0,0.0,1.0,2.0,1.0,-140.0,6.0,sbro,,,,
2009-10,2009-12-05,Minnesota,Nashville,2.0,0.0,False,2,1,1.0,2.0,5.0,3.0,-161.0,5.0,sbro,,,,
2009-10,2009-12-05,Calgary,SanJose,1.0,1.0,False,0,0,1.0,0.0,2.0,1.0,-151.0,5.5,sbro,,,,
2009-10,2009-12-05,Ottawa,Phoenix,0.0,1.0,False,0,2,2.0,0.0,2.0,3.0,-125.0,5.5,sbro,,,,
2009-10,2009-12-06,Detroit,NYRangers,1.0,0.0,False,0,1,2.0,0.0,3.0,1.0,-115.0,5.5,sbro,,,,
2009-10,2009-12-06,Ottawa,Anaheim,0.0,0.0,False,2,2,1.0,1.0,4.0,3.0,-138.0,5.5,sbro,,,,
2009-10,2009-12-07,NewJersey,Buffalo,1.0,0.0,False,2,0,0.0,0.0,3.0,0.0,-141.0,5.0,sbro,,,,
2009-10,2009-12-07,Atlanta,Toronto,0.0,5.0,False,0,0,2.0,0.0,2.0,5.0,-125.0,6.5,sbro,,,,
2009-10,2009-12-07,Washington,TampaBay,3.0,0.0,False,0,0,0.0,0.0,3.0,0.0,115.0,6.0,sbro,,,,
2009-10,2009-12-07,Carolina,Pittsburgh,1.0,2.0,False,2,0,0.0,0.0,3.0,2.0,-260.0,5.5,sbro,,,,
2009-10,2009-12-07,Philadelphia,Montreal,0.0,2.0,False,1,0,0.0,1.0,1.0,3.0,-116.0,5.5,sbro,,,,
2009-10,2009-12-07,Edmonton,Florida,1.0,1.0,False,0,0,1.0,1.0,3.0,2.0,-120.0,5.5,sbro,,,,
2009-10,2009-12-07,Colorado,St.Louis,2.0,0.0,False,1,0,1.0,0.0,4.0,0.0,-146.0,5.5,sbro,,,,
2009-10,2009-12-07,Minnesota,Phoenix,0.0,2.0,False,0,0,0.0,0.0,0.0,2.0,-135.0,5.0,sbro,,,,
2009-10,2009-12-07,Calgary,LosAngeles,0.0,1.0,False,1,1,0.0,0.0,1.0,2.0,-110.0,5.5,sbro,,,,
2009-10,2009-12-08,NYIslanders,Philadelphia,2.0,3.0,False,0,2,0.0,1.0,2.0,6.0,-172.0,5.5,sbro,,,,
2009-10,2009-12-08,Montreal,Ottawa,1.0,1.0,False,1,0,2.0,0.0,4.0,1.0,-156.0,5.5,sbro,,,,
2009-10,2009-12-08,Vancouver,Nashville,1.0,1.0,False,0,1,1.0,2.0,2.0,4.0,-113.0,5.5,sbro,,,,
2009-10,2009-12-08,Dallas,Anaheim,1.0,1.0,False,2,0,0.0,2.0,3.0,4.0,-120.0,5.5,sbro,,,,
2009-10,2009-12-09,Florida,Columbus,0.0,0.0,False,0,1,0.0,2.0,0.0,3.0,-170.0,5.5,sbro,,,,
2009-10,2009-12-09,Washington,Buffalo,0.0,2.0,False,0,1,0.0,0.0,0.0,3.0,-115.0,5.5,sbro,,,,
2009-10,2009-12-09,Carolina,NewJersey,2.0,1.0,False,0,2,0.0,1.0,2.0,4.0,-200.0,5.0,sbro,,,,
2009-10,2009-12-09,NYIslanders,Toronto,0.0,0.0,False,0,2,2.0,1.0,2.0,3.0,-155.0,6.0,sbro,,,,
2009-10,2009-12-09,St.Louis,Detroit,0.0,0.0,False,1,0,0.0,0.0,1.0,0.0,-170.0,5.5,sbro,,,,
2009-10,2009-12-09,Edmonton,TampaBay,2.0,1.0,False,1,1,0.0,0.0,3.0,2.0,-115.0,5.5,sbro,,,,
2009-10,2009-12-09,NYRangers,Chicago,0.0,0.0,False,1,0,0.0,1.0,1.0,2.0,-180.0,5.5,sbro,,,,
2009-10,2009-12-09,Minnesota,Colorado,0.0,0.0,False,1,0,0.0,0.0,1.0,0.0,-150.0,5.5,sbro,,,,
2009-10,2009-12-09,Atlanta,Calgary,0.0,2.0,False,0,0,1.0,1.0,1.0,3.0,-170.0,6.0,sbro,,,,
2009-10,2009-12-09,LosAngeles,SanJose,3.0,1.0,False,1,2,0.0,1.0,5.0,4.0,-175.0,5.5,sbro,,,,
2009-10,2009-12-10,Ottawa,Philadelphia,0.0,0.0,False,0,0,2.0,0.0,2.0,0.0,-204.0,6.0,sbro,,,,
2009-10,2009-12-10,Toronto,Boston,0.0,2.0,False,0,1,2.0,2.0,2.0,5.0,-125.0,5.5,sbro,,,,
2009-10,2009-12-10,Pittsburgh,Montreal,1.0,2.0,False,1,0,1.0,0.0,3.0,2.0,-166.0,5.5,sbro,,,,
2009-10,2009-12-10,Columbus,Nashville,2.0,2.0,False,0,1,1.0,0.0,3.0,4.0,-172.0,6.0,sbro,,,,
2009-10,2009-12-10,Atlanta,Vancouver,1.0,2.0,False,1,2,0.0,0.0,2.0,4.0,131.0,5.5,sbro,,,,
2009-10,2009-12-10,Phoenix,LosAngeles,0.0,0.0,False,1,2,1.0,0.0,2.0,3.0,-151.0,5.5,sbro,,,,
2009-10,2009-12-11,Florida,NewJersey,2.0,1.0,False,1,0,1.0,1.0,4.0,2.0,-230.0,5.0,sbro,,,,
2009-10,2009-12-11,Carolina,Washington,0.0,2.0,False,2,0,1.0,1.0,3.0,4.0,-250.0,6.0,sbro,,,,
2009-10,2009-12-11,Chicago,Buffalo,0.0,2.0,False,0,0,1.0,0.0,1.0,2.0,-109.0,5.5,sbro,,,,
2009-10,2009-12-11,Anaheim,Detroit,2.0,0.0,False,0,0,0.0,2.0,2.0,3.0,-194.0,5.5,sbro,,,,
2009-10,2009-12-11,Edmonton,St.Louis,1.0,2.0,False,0,1,4.0,0.0,5.0,3.0,-135.0,5.5,sbro,,,,
2009-10,2009-12-11,Minnesota,Calgary,0.0,0.0,False,0,0,1.0,1.0,2.0,1.0,-177.0,5.0,sbro,,,,
2009-10,2009-12-11,TampaBay,Colorado,0.0,0.0,False,1,0,0.0,1.0,1.0,2.0,-165.0,5.5,sbro,,,,
2009-10,2009-12-11,Dallas,SanJose,0.0,0.0,False,1,2,1.0,0.0,3.0,2.0,-182.0,5.5,sbro,,,,
2009-10,2009-12-12,Anaheim,Columbus,1.0,1.0,False,1,0,1.0,0.0,3.0,1.0,-120.0,5.5,sbro,,,,
2009-10,2009-12-12,Washington,Toronto,1.0,3.0,False,2,0,0.0,3.0,3.0,6.0,105.0,5.5,sbro,,,,
2009-10,2009-12-12,Carolina,Ottawa,2.0,1.0,False,0,1,0.0,2.0,2.0,4.0,-145.0,5.5,sbro,,,,
2009-10,2009-12-12,Montreal,Atlanta,2.0,3.0,False,1,0,0.0,0.0,3.0,4.0,-285.0,5.5,sbro,,,,
2009-10,2009-12-12,Buffalo,NYRangers,1.0,0.0,False,2,2,0.0,0.0,3.0,2.0,-135.0,5.5,sbro,,,,
2009-10,2009-12-12,Boston,NYIslanders,1.0,1.0,False,1,1,0.0,0.0,2.0,3.0,-156.0,5.5,sbro,,,,
2009-10,2009-12-12,Philadelphia,NewJersey,1.0,1.0,False,0,3,0.0,0.0,1.0,4.0,110.0,5.5,sbro,,,,
2009-10,2009-12-12,Florida,Pittsburgh,0.0,1.0,False,1,1,1.0,0.0,2.0,3.0,-220.0,5.5,sbro,,,,
2009-10,2009-12-12,Detroit,Nashville,2.0,1.0,False,0,0,0.0,1.0,3.0,2.0,-140.0,5.5,sbro,,,,
2009-10,2009-12-12,SanJose,Phoenix,0.0,2.0,False,0,0,1.0,0.0,1.0,2.0,110.0,6.0,sbro,,,,
2009-10,2009-12-12,Minnesota,Vancouver,0.0,0.0,False,2,3,1.0,1.0,3.0,4.0,-194.0,5.5,sbro,,,,
2009-10,2009-12-12,Dallas,LosAngeles,1.0,2.0,False,1,0,0.0,0.0,2.0,3.0,-151.0,6.0,sbro,,,,
2009-10,2009-12-13,TampaBay,Chicago,0.0,2.0,False,0,1,0.0,1.0,0.0,4.0,-230.0,5.5,sbro,,,,
2009-10,2009-12-13,Calgary,Colorado,1.0,2.0,False,0,1,1.0,0.0,2.0,3.0,-115.0,5.5,sbro,,,,
2009-10,2009-12-14,Florida,NYIslanders,2.0,1.0,False,1,0,4.0,0.0,7.0,1.0,-140.0,5.5,sbro,,,,
2009-10,2009-12-14,Atlanta,NYRangers,0.0,1.0,False,1,0,1.0,1.0,3.0,2.0,-140.0,6.0,sbro,,,,
2009-10,2009-12-14,Nashville,Columbus,3.0,1.0,False,1,1,1.0,1.0,5.0,3.0,-130.0,5.5,sbro,,,,
2009-10,2009-12-14,Ottawa,Toronto,1.0,2.0,False,0,0,1.0,1.0,2.0,3.0,-135.0,6.0,sbro,,,,
2009-10,2009-12-14,Philadelphia,Boston,0.0,1.0,False,0,0,3.0,0.0,3.0,1.0,-145.0,5.5,sbro,,,,
2009-10,2009-12-14,Buffalo,Montreal,2.0,0.0,False,0,1,2.0,2.0,4.0,3.0,113.0,5.0,sbro,,,,
2009-10,2009-12-14,Phoenix,Detroit,1.0,1.0,False,1,2,0.0,0.0,2.0,3.0,-176.0,5.0,sbro,,,,
2009-10,2009-12-14,LosAngeles,Vancouver,0.0,0.0,False,1,2,0.0,1.0,1.0,3.0,-175.0,5.5,sbro,,,,
2009-10,2009-12-15,Philadelphia,Pittsburgh,0.0,1.0,False,1,3,0.0,2.0,1.0,6.0,-194.0,6.0,sbro,,,,
2009-10,2009-12-15,Columbus,Minnesota,1.0,1.0,False,0,0,0.0,1.0,1.0,2.0,-151.0,5.5,sbro,,,,
2009-10,2009-12-15,TampaBay,Nashville,0.0,5.0,False,2,1,2.0,1.0,4.0,7.0,-167.0,5.5,sbro,,,,
2009-10,2009-12-15,Calgary,St.Louis,2.0,1.0,False,1,2,0.0,1.0,3.0,4.0,-105.0,5.0,sbro,,,,
2009-10,2009-12-15,LosAngeles,Edmonton,1.0,1.0,False,1,0,1.0,1.0,3.0,2.0,-135.0,5.5,sbro,,,,
2009-10,2009-12-15,Washington,Colorado,3.0,0.0,False,2,0,1.0,1.0,6.0,1.0,105.0,6.0,sbro,,,,
2009-10,2009-12-16,Dallas,Carolina,1.0,0.0,False,1,3,1.0,2.0,3.0,5.0,105.0,5.5,sbro,,,,
2009-10,2009-12-16,Montreal,NewJersey,0.0,1.0,False,1,0,0.0,1.0,1.0,2.0,-194.0,5.0,sbro,,,,
2009-10,2009-12-16,NYIslanders,NYRangers,0.0,0.0,False,1,0,1.0,1.0,2.0,1.0,-145.0,5.5,sbro,,,,
2009-10,2009-12-16,Atlanta,Florida,1.0,1.0,False,0,2,2.0,1.0,3.0,4.0,-110.0,6.0,sbro,,,,
2009-10,2009-12-16,Buffalo,Ottawa,0.0,0.0,False,0,1,0.0,1.0,0.0,2.0,-113.0,5.5,sbro,,,,
2009-10,2009-12-16,Phoenix,Toronto,4.0,2.0,False,1,0,1.0,1.0,6.0,3.0,-135.0,6.0,sbro,,,,
2009-10,2009-12-16,St.Louis,Chicago,0.0,1.0,False,0,2,0.0,0.0,0.0,3.0,-240.0,5.5,sbro,,,,
2009-10,2009-12-16,Anaheim,Vancouver,1.0,0.0,False,1,1,1.0,1.0,3.0,2.0,-177.0,5.5,sbro,,,,
2009-10,2009-12-17,Dallas,Atlanta,1.0,2.0,False,2,1,2.0,2.0,5.0,6.0,-125.0,6.0,sbro,,,,
2009-10,2009-12-17,Phoenix,Columbus,0.0,0.0,False,1,0,0.0,1.0,2.0,1.0,-145.0,5.5,sbro,,,,
2009-10,2009-12-17,Minnesota,Montreal,0.0,0.0,False,2,1,1.0,0.0,3.0,1.0,-116.0,5.0,sbro,,,,
2009-10,2009-12-17,NYRangers,NYIslanders,1.0,1.0,False,2,0,2.0,1.0,5.0,2.0,-120.0,5.5,sbro,,,,
2009-10,2009-12-17,Pittsburgh,Philadelphia,1.0,1.0,False,1,1,0.0,0.0,3.0,2.0,-116.0,6.0,sbro,,,,
2009-10,2009-12-17,TampaBay,Detroit,0.0,0.0,False,0,1,0.0,2.0,0.0,3.0,-208.0,5.5,sbro,,,,
2009-10,2009-12-17,Nashville,Edmonton,2.0,1.0,False,3,2,1.0,0.0,6.0,3.0,-120.0,5.5,sbro,,,,
2009-10,2009-12-17,LosAngeles,Calgary,0.0,0.0,False,0,1,1.0,1.0,1.0,2.0,-177.0,5.5,sbro,,,,
2009-10,2009-12-17,Anaheim,SanJose,0.0,2.0,False,0,0,1.0,2.0,1.0,4.0,-208.0,5.5,sbro,,,,
2009-10,2009-12-18,Ottawa,NewJersey,2.0,2.0,False,0,1,0.0,1.0,2.0,4.0,-170.0,5.0,sbro,,,,
2009-10,2009-12-18,Carolina,Florida,1.0,3.0,False,0,0,2.0,3.0,3.0,6.0,-145.0,5.5,sbro,,,,
2009-10,2009-12-18,Toronto,Buffalo,0.0,4.0,False,1,0,1.0,1.0,2.0,5.0,-175.0,6.0,sbro,,,,
2009-10,2009-12-18,TampaBay,St.Louis,2.0,0.0,False,1,1,3.0,2.0,6.0,3.0,-170.0,5.5,sbro,,,,
2009-10,2009-12-18,Boston,Chicago,1.0,3.0,False,1,0,2.0,1.0,4.0,5.0,-175.0,5.0,sbro,,,,
2009-10,2009-12-18,Washington,Vancouver,0.0,1.0,False,2,1,0.0,1.0,2.0,3.0,-120.0,6.0,sbro,,,,
2009-10,2009-12-19,NYRangers,Philadelphia,1.0,0.0,False,1,1,0.0,0.0,2.0,1.0,-138.0,5.5,sbro,,,,
2009-10,2009-12-19,Detroit,Dallas,2.0,3.0,False,1,0,0.0,1.0,3.0,4.0,-135.0,5.5,sbro,,,,
2009-10,2009-12-19,Nashville,Calgary,1.0,2.0,False,2,1,2.0,0.0,5.0,3.0,-154.0,5.5,sbro,,,,
2009-10,2009-12-19,Phoenix,Anaheim,1.0,2.0,False,0,1,1.0,1.0,2.0,4.0,-130.0,5.5,sbro,,,,
2009-10,2009-12-19,Minnesota,Ottawa,0.0,2.0,False,0,1,1.0,1.0,1.0,4.0,-125.0,5.0,sbro,,,,
2009-10,2009-12-19,Florida,Carolina,0.0,1.0,False,0,2,2.0,0.0,2.0,3.0,-135.0,5.5,sbro,,,,
2009-10,2009-12-19,Boston,Toronto,0.0,1.0,False,0,0,0.0,1.0,0.0,2.0,-115.0,6.0,sbro,,,,
2009-10,2009-12-19,NewJersey,Atlanta,3.0,0.0,False,1,3,1.0,1.0,5.0,4.0,-110.0,6.0,sbro,,,,
2009-10,2009-12-19,Pittsburgh,Buffalo,0.0,0.0,False,1,1,0.0,0.0,2.0,1.0,-116.0,5.5,sbro,,,,
2009-10,2009-12-19,Montreal,NYIslanders,1.0,0.0,False,1,0,1.0,0.0,3.0,0.0,-140.0,5.5,sbro,,,,
2009-10,2009-12-19,Columbus,Colorado,2.0,0.0,False,0,4,0.0,1.0,2.0,5.0,-152.0,5.5,sbro,,,,
2009-10,2009-12-19,Washington,Edmonton,0.0,2.0,False,0,0,4.0,0.0,4.0,2.0,115.0,6.0,sbro,,,,
2009-10,2009-12-20,Detroit,Chicago,0.0,2.0,False,0,1,0.0,0.0,0.0,3.0,-194.0,5.5,sbro,,,,
2009-10,2009-12-20,St.Louis,Vancouver,2.0,0.0,False,1,1,0.0,0.0,3.0,1.0,-194.0,5.5,sbro,,,,
2009-10,2009-12-21,TampaBay,NYIslanders,2.0,1.0,False,0,1,2.0,0.0,4.0,2.0,-135.0,5.5,sbro,,,,
2009-10,2009-12-21,Florida,Philadelphia,1.0,0.0,False,1,0,2.0,1.0,4.0,1.0,-166.0,5.5,sbro,,,,
2009-10,2009-12-21,Montreal,Atlanta,2.0,0.0,False,0,1,1.0,2.0,4.0,3.0,-145.0,6.0,sbro,,,,
2009-10,2009-12-21,Buffalo,Toronto,0.0,2.0,False,1,0,1.0,0.0,3.0,2.0,-105.0,6.0,sbro,,,,
2009-10,2009-12-21,NYRangers,Carolina,1.0,1.0,False,0,0,2.0,0.0,3.0,1.0,105.0,5.5,sbro,,,,
2009-10,2009-12-21,NewJersey,Pittsburgh,3.0,0.0,False,1,0,0.0,0.0,4.0,0.0,-151.0,5.5,sbro,,,,
2009-10,2009-12-21,Boston,Ottawa,0.0,0.0,False,0,0,2.0,0.0,2.0,0.0,-130.0,5.5,sbro,,,,
2009-10,2009-12-21,Colorado,Minnesota,3.0,1.0,False,1,0,0.0,2.0,4.0,3.0,-135.0,5.5,sbro,,,,
2009-10,2009-12-21,SanJose,Dallas,2.0,0.0,False,0,0,2.0,2.0,4.0,2.0,105.0,5.5,sbro,,,,
2009-10,2009-12-21,St.Louis,Edmonton,4.0,1.0,False,1,1,2.0,0.0,7.0,2.0,-140.0,5.5,sbro,,,,
2009-10,2009-12-21,Columbus,Phoenix,1.0,2.0,False,0,2,1.0,1.0,2.0,5.0,-151.0,5.5,sbro,,,,
2009-10,2009-12-22,SanJose,Chicago,1.0,0.0,False,1,0,1.0,2.0,3.0,2.0,-155.0,5.5,sbro,,,,
2009-10,2009-12-22,Anaheim,Colorado,0.0,0.0,False,0,1,4.0,1.0,4.0,2.0,-130.0,5.5,sbro,,,,
2009-10,2009-12-22,Nashville,Vancouver,0.0,2.0,False,0,0,1.0,2.0,1.0,4.0,-145.0,5.5,sbro,,,,
2009-10,2009-12-23,Edmonton,Minnesota,0.0,1.0,False,1,1,0.0,1.0,1.0,3.0,-156.0,5.5,sbro,,,,
2009-10,2009-12-23,Florida,NYRangers,0.0,1.0,False,1,1,0.0,2.0,1.0,4.0,-156.0,5.5,sbro,,,,
2009-10,2009-12-23,Atlanta,Boston,0.0,1.0,False,2,3,2.0,2.0,4.0,6.0,-162.0,6.0,sbro,,,,
2009-10,2009-12-23,Buffalo,Washington,2.0,1.0,False,0,2,0.0,2.0,2.0,5.0,-156.0,5.5,sbro,,,,
2009-10,2009-12-23,Montreal,Carolina,1.0,0.0,False,4,1,0.0,0.0,5.0,1.0,-120.0,5.5,sbro,,,,
2009-10,2009-12-23,Toronto,NYIslanders,0.0,2.0,False,0,0,1.0,1.0,1.0,3.0,-115.0,6.0,sbro,,,,
2009-10,2009-12-23,Ottawa,Pittsburgh,0.0,5.0,False,1,1,1.0,2.0,2.0,8.0,-203.0,5.5,sbro,,,,
2009-10,2009-12-23,Philadelphia,TampaBay,0.0,2.0,False,2,0,3.0,0.0,5.0,2.0,-125.0,5.5,sbro,,,,
2009-10,2009-12-23,Chicago,Detroit,1.0,0.0,False,0,0,2.0,0.0,3.0,0.0,102.0,5.5,sbro,,,,
2009-10,2009-12-23,Columbus,Dallas,0.0,1.0,False,1,1,0.0,1.0,1.0,3.0,-167.0,5.5,sbro,,,,
2009-10,2009-12-23,Anaheim,Phoenix,0.0,1.0,False,0,2,0.0,1.0,0.0,4.0,-145.0,5.5,sbro,,,,
2009-10,2009-12-23,St.Louis,Calgary,1.0,0.0,False,0,0,0.0,1.0,2.0,1.0,-172.0,5.5,sbro,,,,
2009-10,2009-12-26,Columbus,Detroit,0.0,1.0,False,1,0,0.0,1.0,1.0,2.0,-177.0,5.5,sbro,,,,
2009-10,2009-12-26,Philadelphia,Carolina,0.0,0.0,False,2,0,1.0,3.0,4.0,3.0,100.0,5.5,sbro,,,,
2009-10,2009-12-26,NYIslanders,NYRangers,1.0,0.0,False,1,0,0.0,2.0,3.0,2.0,-177.0,5.5,sbro,,,,
2009-10,2009-12-26,NewJersey,Washington,0.0,1.0,False,1,2,0.0,1.0,1.0,4.0,-145.0,5.5,sbro,,,,
2009-10,2009-12-26,Ottawa,Buffalo,2.0,2.0,False,0,0,0.0,0.0,3.0,2.0,-193.0,5.0,sbro,,,,
2009-10,2009-12-26,Montreal,Toronto,0.0,1.0,False,2,0,0.0,1.0,3.0,2.0,-140.0,6.0,sbro,,,,
2009-10,2009-12-26,Atlanta,TampaBay,1.0,1.0,False,1,1,1.0,2.0,3.0,4.0,-115.0,6.0,sbro,,,,
2009-10,2009-12-26,St.Louis,Minnesota,1.0,0.0,False,0,1,2.0,3.0,3.0,4.0,-130.0,5.0,sbro,,,,
2009-10,2009-12-26,Chicago,Nashville,3.0,1.0,False,1,0,0.0,0.0,4.0,1.0,105.0,5.0,sbro,,,,
2009-10,2009-12-26,LosAngeles,Phoenix,0.0,0.0,False,1,2,1.0,1.0,2.0,3.0,-135.0,5.5,sbro,,,,
2009-10,2009-12-26,Dallas,Colorado,0.0,1.0,False,0,1,1.0,2.0,1.0,4.0,-125.0,5.5,sbro,,,,
2009-10,2009-12-26,Edmonton,Vancouver,1.0,2.0,False,0,0,0.0,2.0,1.0,4.0,-214.0,5.5,sbro,,,,
2009-10,2009-12-26,Anaheim,SanJose,1.0,3.0,False,0,2,1.0,0.0,2.0,5.0,-220.0,5.5,sbro,,,,
2009-10,2009-12-27,Philadelphia,NYIslanders,1.0,1.0,False,1,0,0.0,0.0,2.0,1.0,-105.0,5.5,sbro,,,,
2009-10,2009-12-27,Boston,Florida,1.0,0.0,False,0,1,1.0,0.0,2.0,1.0,100.0,5.5,sbro,,,,
2009-10,2009-12-27,Buffalo,St.Louis,1.0,2.0,False,1,1,3.0,0.0,5.0,3.0,-116.0,5.0,sbro,,,,
2009-10,2009-12-27,Toronto,Pittsburgh,1.0,1.0,False,2,1,1.0,1.0,4.0,3.0,-230.0,6.0,sbro,,,,
2009-10,2009-12-27,Nashville,Chicago,1.0,0.0,False,1,1,2.0,4.0,4.0,5.0,-208.0,5.0,sbro,,,,
2009-10,2009-12-27,Vancouver,Calgary,1.0,0.0,False,4,1,0.0,0.0,5.0,1.0,-140.0,5.5,sbro,,,,
2009-10,2009-12-28,Detroit,Columbus,0.0,0.0,False,0,0,0.0,0.0,0.0,1.0,-109.0,5.5,sbro,,,,
2009-10,2009-12-28,Atlanta,NewJersey,0.0,0.0,False,1,2,1.0,1.0,2.0,3.0,-177.0,6.0,sbro,,,,
2009-10,2009-12-28,Carolina,Washington,1.0,2.0,False,3,0,2.0,1.0,6.0,3.0,-268.0,6.0,sbro,,,,
2009-10,2009-12-28,Montreal,Ottawa,0.0,1.0,False,2,1,0.0,2.0,2.0,4.0,-151.0,5.5,sbro,,,,
2009-10,2009-12-28,Boston,TampaBay,0.0,1.0,False,0,1,1.0,0.0,1.0,2.0,100.0,5.5,sbro,,,,
2009-10,2009-12-28,Calgary,Edmonton,1.0,0.0,False,1,1,2.0,0.0,4.0,1.0,-111.0,5.5,sbro,,,,
2009-10,2009-12-28,Minnesota,LosAngeles,3.0,1.0,False,0,0,1.0,2.0,4.0,3.0,-135.0,5.5,sbro,,,,
2009-10,2009-12-28,Phoenix,SanJose,2.0,1.0,False,0,1,0.0,0.0,2.0,3.0,-177.0,5.5,sbro,,,,
2009-10,2009-12-29,Pittsburgh,Buffalo,1.0,2.0,False,2,0,0.0,2.0,3.0,4.0,-116.0,5.5,sbro,,,,
2009-10,2009-12-29,Columbus,NYIslanders,0.0,0.0,False,0,1,1.0,0.0,1.0,2.0,-135.0,5.5,sbro,,,,
2009-10,2009-12-29,Nashville,St.Louis,1.0,0.0,False,2,1,1.0,2.0,4.0,3.0,-125.0,5.5,sbro,,,,
2009-10,2009-12-29,Chicago,Dallas,1.0,2.0,False,3,2,0.0,1.0,4.0,5.0,125.0,5.5,sbro,,,,
2009-10,2009-12-29,Vancouver,Phoenix,1.0,2.0,False,0,0,1.0,0.0,2.0,3.0,110.0,5.0,sbro,,,,
2009-10,2009-12-29,Minnesota,Anaheim,0.0,1.0,False,1,2,1.0,1.0,2.0,4.0,-130.0,5.5,sbro,,,,
2009-10,2009-12-30,Pittsburgh,NewJersey,0.0,0.0,False,0,1,0.0,1.0,0.0,2.0,-145.0,5.5,sbro,,,,
2009-10,2009-12-30,Colorado,Ottawa,1.0,0.0,False,2,1,1.0,2.0,4.0,3.0,-128.0,5.5,sbro,,,,
2009-10,2009-12-30,Philadelphia,NYRangers,2.0,0.0,False,3,0,1.0,0.0,6.0,0.0,-123.0,5.5,sbro,,,,
2009-10,2009-12-30,Montreal,TampaBay,1.0,0.0,False,0,0,0.0,1.0,2.0,1.0,-113.0,5.5,sbro,,,,
2009-10,2009-12-30,Atlanta,Boston,0.0,1.0,False,0,3,0.0,0.0,0.0,4.0,-159.0,6.0,sbro,,,,
2009-10,2009-12-30,Toronto,Edmonton,0.0,1.0,False,0,1,1.0,1.0,1.0,3.0,-116.0,6.0,sbro,,,,
2009-10,2009-12-30,LosAngeles,Calgary,1.0,1.0,False,0,1,0.0,0.0,1.0,2.0,-156.0,5.5,sbro,,,,
2009-10,2009-12-30,Washington,SanJose,0.0,1.0,False,0,2,2.0,2.0,2.0,5.0,-135.0,6.0,sbro,,,,
2009-10,2009-12-31,Montreal,Florida,2.0,1.0,False,1,2,2.0,1.0,5.0,4.0,-125.0,5.5,sbro,,,,
2009-10,2009-12-31,NYIslanders,Ottawa,1.0,2.0,False,0,0,1.0,0.0,2.0,3.0,-141.0,5.5,sbro,,,,
2009-10,2009-12-31,Nashville,Columbus,0.0,0.0,False,0,1,1.0,0.0,2.0,1.0,-115.0,5.5,sbro,,,,
2009-10,2009-12-31,SanJose,Phoenix,1.0,2.0,False,0,0,1.0,0.0,3.0,2.0,-116.0,5.0,sbro,,,,
2009-10,2009-12-31,Colorado,Detroit,1.0,2.0,False,0,0,1.0,2.0,2.0,4.0,-175.0,5.5,sbro,,,,
2009-10,2009-12-31,Vancouver,St.Louis,1.0,2.0,False,0,1,2.0,0.0,4.0,3.0,105.0,5.5,sbro,,,,
2009-10,2009-12-31,LosAngeles,Minnesota,1.0,1.0,False,3,0,1.0,1.0,5.0,2.0,-155.0,5.5,sbro,,,,
2009-10,2009-12-31,Anaheim,Dallas,1.0,3.0,False,1,1,1.0,1.0,3.0,5.0,-145.0,5.5,sbro,,,,
2009-10,2009-12-31,NYRangers,Carolina,0.0,0.0,False,1,1,1.0,0.0,2.0,1.0,-125.0,5.5,sbro,,,,
2009-10,2009-12-31,NewJersey,Chicago,0.0,1.0,False,0,2,1.0,2.0,1.0,5.0,-190.0,5.5,sbro,,,,
2009-10,2009-12-31,Edmonton,Calgary,0.0,1.0,False,0,0,1.0,1.0,1.0,2.0,-205.0,5.5,sbro,,,,
2009-10,2010-01-01,Philadelphia,Boston,1.0,0.0,False,0,0,0.0,1.0,1.0,2.0,-135.0,5.5,sbro,,,,
2009-10,2010-01-01,Atlanta,Buffalo,3.0,1.0,False,0,0,0.0,2.0,3.0,4.0,-200.0,6.0,sbro,,,,
2009-10,2010-01-02,Carolina,NYRangers,1.0,0.0,False,0,0,0.0,1.0,2.0,1.0,-166.0,5.5,sbro,,,,
2009-10,2010-01-02,Vancouver,Dallas,1.0,1.0,False,0,0,2.0,0.0,3.0,1.0,-125.0,5.5,sbro,,,,
2009-10,2010-01-02,Pittsburgh,TampaBay,0.0,1.0,False,1,1,0.0,1.0,1.0,3.0,120.0,5.5,sbro,,,,
2009-10,2010-01-02,Washington,LosAngeles,1.0,0.0,False,0,1,0.0,1.0,1.0,2.0,100.0,6.0,sbro,,,,
2009-10,2010-01-02,Colorado,Columbus,1.0,1.0,False,0,1,2.0,0.0,3.0,2.0,-125.0,5.5,sbro,,,,
2009-10,2010-01-02,Toronto,Calgary,0.0,2.0,False,1,0,0.0,1.0,1.0,3.0,-177.0,6.0,sbro,,,,
2009-10,2010-01-02,Atlanta,NYIslanders,4.0,2.0,False,0,3,1.0,0.0,5.0,6.0,-140.0,6.0,sbro,,,,
2009-10,2010-01-02,Chicago,St.Louis,2.0,0.0,False,2,2,2.0,1.0,6.0,3.0,136.0,5.5,sbro,,,,
2009-10,2010-01-02,Detroit,Phoenix,1.0,1.0,False,1,0,2.0,0.0,4.0,1.0,-135.0,5.0,sbro,,,,
2009-10,2010-01-02,NewJersey,Minnesota,3.0,2.0,False,0,0,2.0,1.0,5.0,3.0,100.0,5.0,sbro,,,,
2009-10,2010-01-02,Anaheim,Nashville,0.0,1.0,False,1,0,0.0,2.0,1.0,3.0,-170.0,5.5,sbro,,,,
2009-10,2010-01-02,Edmonton,SanJose,1.0,2.0,False,0,2,0.0,0.0,1.0,4.0,-289.0,5.5,sbro,,,,
2009-10,2010-01-03,Philadelphia,Ottawa,3.0,0.0,False,1,4,0.0,3.0,4.0,7.0,-109.0,5.5,sbro,,,,
2009-10,2010-01-03,Buffalo,Montreal,1.0,0.0,False,0,0,0.0,0.0,1.0,0.0,-105.0,5.5,sbro,,,,
2009-10,2010-01-03,Pittsburgh,Florida,0.0,2.0,False,2,1,0.0,3.0,2.0,6.0,125.0,5.5,sbro,,,,
2009-10,2010-01-03,Anaheim,Chicago,0.0,2.0,False,0,0,2.0,3.0,2.0,5.0,-244.0,5.5,sbro,,,,
2009-10,2010-01-04,Boston,NYRangers,0.0,1.0,False,0,1,2.0,1.0,2.0,3.0,-115.0,5.5,sbro,,,,
2009-10,2010-01-04,LosAngeles,SanJose,2.0,0.0,False,3,0,1.0,2.0,6.0,2.0,-200.0,5.5,sbro,,,,
2009-10,2010-01-05,Florida,Toronto,0.0,2.0,False,2,1,0.0,0.0,2.0,3.0,-130.0,6.0,sbro,,,,
2009-10,2010-01-05,Dallas,NewJersey,0.0,3.0,False,0,1,0.0,0.0,0.0,4.0,-166.0,5.0,sbro,,,,
2009-10,2010-01-05,Montreal,Washington,1.0,3.0,False,0,0,1.0,1.0,2.0,4.0,-200.0,6.0,sbro,,,,
2009-10,2010-01-05,Atlanta,Pittsburgh,2.0,3.0,False,0,0,0.0,2.0,2.0,5.0,-220.0,6.0,sbro,,,,
2009-10,2010-01-05,Boston,Ottawa,0.0,1.0,False,4,0,0.0,0.0,4.0,1.0,-115.0,5.5,sbro,,,,
2009-10,2010-01-05,Minnesota,Chicago,0.0,1.0,False,1,1,0.0,2.0,1.0,4.0,-230.0,5.5,sbro,,,,
2009-10,2010-01-05,Calgary,Nashville,2.0,0.0,False,0,0,1.0,1.0,3.0,1.0,-115.0,5.5,sbro,,,,
2009-10,2010-01-05,Phoenix,Edmonton,3.0,2.0,False,1,0,0.0,2.0,5.0,4.0,100.0,5.0,sbro,,,,
2009-10,2010-01-05,Columbus,Vancouver,1.0,3.0,False,2,3,0.0,1.0,3.0,7.0,-220.0,5.5,sbro,,,,
2009-10,2010-01-05,Detroit,Anaheim,0.0,0.0,False,0,2,1.0,2.0,1.0,4.0,-105.0,5.5,sbro,,,,
2009-10,2010-01-06,Dallas,NYRangers,1.0,1.0,False,1,2,0.0,2.0,2.0,5.0,-135.0,5.0,sbro,,,,
2009-10,2010-01-06,TampaBay,Buffalo,1.0,2.0,False,2,3,0.0,0.0,3.0,5.0,-190.0,5.5,sbro,,,,
2009-10,2010-01-06,Toronto,Philadelphia,0.0,1.0,False,0,2,2.0,3.0,2.0,6.0,-172.0,6.0,sbro,,,,
2009-10,2010-01-06,Calgary,Minnesota,0.0,2.0,False,1,1,0.0,1.0,1.0,4.0,-115.0,5.0,sbro,,,,
2009-10,2010-01-06,NYIslanders,Colorado,1.0,0.0,False,1,1,1.0,1.0,3.0,2.0,-156.0,5.5,sbro,,,,
2009-10,2010-01-06,St.Louis,SanJose,1.0,0.0,False,0,0,0.0,1.0,1.0,2.0,-240.0,5.5,sbro,,,,
2009-10,2010-01-07,Chicago,Boston,2.0,0.0,False,2,2,1.0,0.0,5.0,2.0,110.0,5.0,sbro,,,,
2009-10,2010-01-07,NYRangers,Atlanta,1.0,0.0,False,0,0,0.0,1.0,1.0,2.0,-125.0,6.0,sbro,,,,
2009-10,2010-01-07,Ottawa,Washington,1.0,0.0,False,0,2,1.0,3.0,2.0,5.0,-193.0,6.0,sbro,,,,
2009-10,2010-01-07,Philadelphia,Pittsburgh,2.0,1.0,False,3,2,2.0,1.0,7.0,4.0,-183.0,6.0,sbro,,,,
2009-10,2010-01-07,Florida,Montreal,0.0,0.0,False,0,1,0.0,1.0,0.0,2.0,-140.0,5.5,sbro,,,,
2009-10,2010-01-07,Carolina,Nashville,0.0,1.0,False,1,2,1.0,1.0,2.0,4.0,-172.0,5.5,sbro,,,,
2009-10,2010-01-07,Columbus,Edmonton,1.0,0.0,False,1,1,2.0,1.0,4.0,2.0,-130.0,5.5,sbro,,,,
2009-10,2010-01-07,Phoenix,Vancouver,0.0,1.0,False,0,1,0.0,2.0,0.0,4.0,-172.0,5.0,sbro,,,,
2009-10,2010-01-07,St.Louis,Anaheim,0.0,1.0,False,1,0,1.0,3.0,2.0,4.0,-156.0,5.5,sbro,,,,
2009-10,2010-01-07,Detroit,LosAngeles,0.0,0.0,False,1,0,1.0,1.0,2.0,1.0,-125.0,5.5,sbro,,,,
2009-10,2010-01-08,Colorado,Carolina,0.0,1.0,False,0,1,1.0,0.0,1.0,2.0,-105.0,5.5,sbro,,,,
2009-10,2010-01-08,Toronto,Buffalo,0.0,1.0,False,0,2,2.0,0.0,2.0,3.0,-193.0,6.0,sbro,,,,
2009-10,2010-01-08,NYIslanders,Dallas,1.0,3.0,False,2,1,0.0,0.0,3.0,4.0,-151.0,5.5,sbro,,,,
2009-10,2010-01-08,Columbus,Calgary,1.0,0.0,False,1,1,1.0,1.0,3.0,2.0,-220.0,5.5,sbro,,,,
2009-10,2010-01-09,NYRangers,Boston,1.0,0.0,False,1,0,1.0,1.0,3.0,1.0,-135.0,5.0,sbro,,,,
2009-10,2010-01-09,NewJersey,Montreal,0.0,1.0,False,1,0,0.0,0.0,2.0,1.0,105.0,5.0,sbro,,,,
2009-10,2010-01-09,Pittsburgh,Toronto,2.0,0.0,False,1,1,1.0,0.0,4.0,1.0,120.0,6.0,sbro,,,,
2009-10,2010-01-09,TampaBay,Philadelphia,0.0,0.0,False,0,1,1.0,3.0,1.0,4.0,-209.0,5.5,sbro,,,,
2009-10,2010-01-09,Florida,Ottawa,2.0,0.0,False,1,0,0.0,0.0,3.0,0.0,-145.0,5.5,sbro,,,,
2009-10,2010-01-09,Colorado,Buffalo,1.0,1.0,False,2,0,0.0,2.0,4.0,3.0,-177.0,5.5,sbro,,,,
2009-10,2010-01-09,Washington,Atlanta,1.0,1.0,False,3,0,4.0,0.0,8.0,1.0,131.0,6.5,sbro,,,,
2009-10,2010-01-09,Anaheim,Nashville,2.0,0.0,False,1,0,0.0,2.0,3.0,2.0,-151.0,5.5,sbro,,,,
2009-10,2010-01-09,Chicago,Minnesota,2.0,0.0,False,3,1,0.0,4.0,5.0,6.0,146.0,5.5,sbro,,,,
2009-10,2010-01-09,NYIslanders,Phoenix,2.0,0.0,False,2,1,0.0,3.0,5.0,4.0,-182.0,5.0,sbro,,,,
2009-10,2010-01-09,Calgary,Vancouver,1.0,1.0,False,1,1,0.0,0.0,3.0,2.0,-162.0,5.0,sbro,,,,
2009-10,2010-01-09,Detroit,SanJose,3.0,0.0,False,0,1,1.0,0.0,4.0,1.0,-162.0,5.5,sbro,,,,
2009-10,2010-01-09,St.Louis,LosAngeles,1.0,1.0,False,1,0,2.0,2.0,4.0,3.0,-151.0,5.5,sbro,,,,
2009-10,2010-01-10,Ottawa,Carolina,1.0,2.0,False,0,0,0.0,2.0,1.0,4.0,-130.0,5.0,sbro,,,,
2009-10,2010-01-10,Anaheim,Chicago,0.0,0.0,False,2,0,1.0,1.0,3.0,1.0,-273.0,5.5,sbro,,,,
2009-10,2010-01-10,Dallas,Columbus,0.0,0.0,False,0,1,0.0,1.0,0.0,2.0,-125.0,5.5,sbro,,,,
2009-10,2010-01-11,Pittsburgh,Minnesota,1.0,2.0,False,1,1,1.0,1.0,3.0,4.0,120.0,5.5,sbro,,,,
2009-10,2010-01-11,Colorado,Calgary,2.0,1.0,False,0,1,0.0,0.0,3.0,2.0,-160.0,5.5,sbro,,,,
2009-10,2010-01-11,SanJose,LosAngeles,1.0,1.0,False,1,0,0.0,0.0,2.0,1.0,110.0,5.5,sbro,,,,
2009-10,2010-01-11,Nashville,Vancouver,0.0,1.0,False,2,1,1.0,0.0,3.0,2.0,-170.0,5.5,sbro,,,,
2009-10,2010-01-12,Carolina,Toronto,1.0,1.0,False,1,1,2.0,0.0,4.0,2.0,-140.0,6.0,sbro,,,,
2009-10,2010-01-12,Dallas,Philadelphia,1.0,4.0,False,0,1,2.0,1.0,3.0,6.0,-177.0,5.5,sbro,,,,
2009-10,2010-01-12,Detroit,NYIslanders,0.0,2.0,False,0,2,0.0,2.0,0.0,6.0,125.0,5.5,sbro,,,,
2009-10,2010-01-12,Ottawa,Atlanta,0.0,2.0,False,1,3,0.0,1.0,1.0,6.0,-161.0,6.0,sbro,,,,
2009-10,2010-01-12,NewJersey,NYRangers,0.0,0.0,False,0,0,0.0,0.0,1.0,0.0,-116.0,5.0,sbro,,,,
2009-10,2010-01-12,Washington,TampaBay,3.0,1.0,False,1,4,0.0,2.0,4.0,7.0,141.0,6.0,sbro,,,,
2009-10,2010-01-12,Columbus,St.Louis,1.0,0.0,False,0,3,0.0,1.0,1.0,4.0,-140.0,5.5,sbro,,,,
2009-10,2010-01-12,SanJose,Phoenix,1.0,0.0,False,2,0,0.0,1.0,3.0,1.0,-105.0,5.0,sbro,,,,
2009-10,2010-01-12,Nashville,Edmonton,1.0,0.0,False,3,0,1.0,3.0,5.0,3.0,100.0,5.5,sbro,,,,
2009-10,2010-01-13,Vancouver,Minnesota,1.0,0.0,False,1,2,0.0,3.0,2.0,5.0,-105.0,5.5,sbro,,,,
2009-10,2010-01-13,Washington,Florida,2.0,2.0,False,0,2,2.0,0.0,5.0,4.0,142.0,6.0,sbro,,,,
2009-10,2010-01-13,Pittsburgh,Calgary,1.0,1.0,False,1,0,1.0,0.0,3.0,1.0,-125.0,5.5,sbro,,,,
2009-10,2010-01-13,Boston,Anaheim,3.0,1.0,False,0,1,0.0,2.0,3.0,4.0,-135.0,5.0,sbro,,,,
2009-10,2010-01-14,Ottawa,NYRangers,0.0,0.0,False,0,0,2.0,0.0,2.0,0.0,-177.0,5.0,sbro,,,,
2009-10,2010-01-14,Buffalo,Atlanta,1.0,1.0,False,0,0,0.0,0.0,2.0,1.0,115.0,6.0,sbro,,,,
2009-10,2010-01-14,Philadelphia,Toronto,0.0,2.0,False,0,0,0.0,2.0,0.0,4.0,120.0,6.0,sbro,,,,
2009-10,2010-01-14,Carolina,Detroit,0.0,1.0,False,0,1,1.0,1.0,1.0,3.0,-182.0,5.5,sbro,,,,
2009-10,2010-01-14,Florida,TampaBay,0.0,0.0,False,1,2,2.0,0.0,3.0,2.0,-135.0,5.5,sbro,,,,
2009-10,2010-01-14,Dallas,Montreal,1.0,2.0,False,2,1,0.0,2.0,3.0,5.0,-135.0,5.5,sbro,,,,
2009-10,2010-01-14,Minnesota,St.Louis,0.0,0.0,False,0,0,0.0,1.0,0.0,1.0,-140.0,5.5,sbro,,,,
2009-10,2010-01-14,Columbus,Chicago,0.0,1.0,False,0,1,0.0,1.0,0.0,3.0,-289.0,5.5,sbro,,,,
2009-10,2010-01-14,NewJersey,Phoenix,2.0,0.0,False,0,2,1.0,2.0,3.0,4.0,105.0,5.0,sbro,,,,
2009-10,2010-01-14,Pittsburgh,Edmonton,0.0,2.0,False,0,0,3.0,0.0,3.0,2.0,131.0,5.5,sbro,,,,
2009-10,2010-01-14,Boston,SanJose,1.0,1.0,False,0,0,0.0,0.0,2.0,1.0,-203.0,5.0,sbro,,,,
2009-10,2010-01-14,Anaheim,LosAngeles,0.0,3.0,False,0,1,0.0,0.0,0.0,4.0,-130.0,5.5,sbro,,,,
2009-10,2010-01-15,Toronto,Washington,1.0,2.0,False,0,2,0.0,2.0,1.0,6.0,-230.0,6.5,sbro,,,,
2009-10,2010-01-15,Nashville,Calgary,0.0,0.0,False,0,0,1.0,0.0,1.0,0.0,-140.0,5.5,sbro,,,,
2009-10,2010-01-16,Chicago,Columbus,0.0,2.0,False,3,2,3.0,1.0,6.0,5.0,173.0,5.5,sbro,,,,
2009-10,2010-01-16,Detroit,Dallas,0.0,1.0,False,2,0,0.0,1.0,2.0,3.0,-105.0,5.5,sbro,,,,
2009-10,2010-01-16,NewJersey,Colorado,0.0,0.0,False,0,2,1.0,1.0,1.0,3.0,100.0,5.0,sbro,,,,
2009-10,2010-01-16,Boston,LosAngeles,2.0,0.0,False,1,1,0.0,2.0,3.0,4.0,-135.0,5.0,sbro,,,,
2009-10,2010-01-16,Edmonton,SanJose,0.0,2.0,False,1,2,1.0,0.0,2.0,4.0,-305.0,5.5,sbro,,,,
2009-10,2010-01-16,Buffalo,NYIslanders,1.0,1.0,False,0,1,1.0,0.0,2.0,3.0,120.0,5.5,sbro,,,,
2009-10,2010-01-16,Ottawa,Montreal,2.0,1.0,False,1,1,1.0,0.0,4.0,2.0,-161.0,5.5,sbro,,,,
2009-10,2010-01-16,TampaBay,Florida,0.0,2.0,False,2,3,0.0,0.0,2.0,5.0,-140.0,5.5,sbro,,,,
2009-10,2010-01-16,Atlanta,Carolina,2.0,0.0,False,1,1,2.0,2.0,5.0,3.0,-135.0,6.0,sbro,,,,
2009-10,2010-01-16,NYRangers,St.Louis,1.0,0.0,False,0,1,0.0,3.0,1.0,4.0,-120.0,5.0,sbro,,,,
2009-10,2010-01-16,Minnesota,Phoenix,1.0,0.0,False,0,2,3.0,4.0,4.0,6.0,-135.0,5.0,sbro,,,,
2009-10,2010-01-16,Pittsburgh,Vancouver,1.0,4.0,False,1,2,0.0,0.0,2.0,6.0,-125.0,5.5,sbro,,,,
2009-10,2010-01-17,Philadelphia,Washington,0.0,1.0,False,2,2,1.0,2.0,3.0,5.0,-167.0,6.0,sbro,,,,
2009-10,2010-01-17,Chicago,Detroit,1.0,1.0,False,2,1,0.0,1.0,4.0,3.0,-105.0,5.5,sbro,,,,
2009-10,2010-01-17,Montreal,NYRangers,0.0,3.0,False,2,0,0.0,3.0,2.0,6.0,-145.0,5.0,sbro,,,,
2009-10,2010-01-17,Calgary,Anaheim,2.0,0.0,False,2,3,0.0,2.0,4.0,5.0,-109.0,5.5,sbro,,,,
2009-10,2010-01-18,Ottawa,Boston,2.0,0.0,False,2,0,1.0,1.0,5.0,1.0,-135.0,5.0,sbro,,,,
2009-10,2010-01-18,NewJersey,NYIslanders,0.0,2.0,False,0,2,0.0,0.0,0.0,4.0,115.0,5.0,sbro,,,,
2009-10,2010-01-18,Buffalo,Phoenix,4.0,1.0,False,1,0,2.0,1.0,7.0,2.0,-116.0,5.0,sbro,,,,
2009-10,2010-01-18,TampaBay,Carolina,1.0,1.0,False,1,0,1.0,1.0,3.0,2.0,-135.0,5.5,sbro,,,,
2009-10,2010-01-18,St.Louis,Columbus,1.0,1.0,False,1,2,0.0,1.0,2.0,4.0,-125.0,5.5,sbro,,,,
2009-10,2010-01-18,Atlanta,Florida,0.0,1.0,False,0,0,0.0,0.0,0.0,1.0,-135.0,6.0,sbro,,,,
2009-10,2010-01-18,Toronto,Nashville,0.0,1.0,False,3,0,1.0,2.0,4.0,3.0,-175.0,6.0,sbro,,,,
2009-10,2010-01-18,Minnesota,Dallas,1.0,3.0,False,0,1,2.0,0.0,3.0,4.0,-135.0,5.5,sbro,,,,
2009-10,2010-01-18,Edmonton,Colorado,0.0,2.0,False,0,2,0.0,2.0,0.0,6.0,-191.0,5.5,sbro,,,,
2009-10,2010-01-18,Calgary,SanJose,0.0,3.0,False,0,3,1.0,3.0,1.0,9.0,-191.0,5.0,sbro,,,,
2009-10,2010-01-19,Columbus,Philadelphia,2.0,3.0,False,0,1,1.0,1.0,3.0,5.0,-201.0,5.5,sbro,,,,
2009-10,2010-01-19,Toronto,Atlanta,0.0,2.0,False,2,0,1.0,2.0,3.0,4.0,-140.0,6.5,sbro,,,,
2009-10,2010-01-19,TampaBay,NYRangers,1.0,2.0,False,1,3,0.0,3.0,2.0,8.0,-193.0,5.5,sbro,,,,
2009-10,2010-01-19,Detroit,Washington,1.0,1.0,False,0,0,1.0,2.0,2.0,3.0,-177.0,6.0,sbro,,,,
2009-10,2010-01-19,Chicago,Ottawa,1.0,1.0,False,0,2,0.0,1.0,1.0,4.0,136.0,5.5,sbro,,,,
2009-10,2010-01-19,NYIslanders,Pittsburgh,2.0,3.0,False,0,1,2.0,2.0,4.0,6.0,-193.0,5.5,sbro,,,,
2009-10,2010-01-19,Buffalo,Anaheim,3.0,0.0,False,0,4,1.0,1.0,4.0,5.0,-115.0,5.5,sbro,,,,
2009-10,2010-01-19,SanJose,LosAngeles,1.0,1.0,False,3,0,1.0,0.0,5.0,1.0,105.0,5.5,sbro,,,,
2009-10,2010-01-20,Florida,NewJersey,0.0,1.0,False,0,0,0.0,1.0,0.0,2.0,-192.0,5.0,sbro,,,,
2009-10,2010-01-20,St.Louis,Montreal,0.0,0.0,False,3,1,0.0,2.0,4.0,3.0,-125.0,5.5,sbro,,,,
2009-10,2010-01-20,Vancouver,Edmonton,0.0,1.0,False,1,1,1.0,0.0,3.0,2.0,150.0,5.5,sbro,,,,
2009-10,2010-01-21,Columbus,Boston,0.0,1.0,False,1,1,2.0,0.0,3.0,2.0,-193.0,5.5,sbro,,,,
2009-10,2010-01-21,St.Louis,Ottawa,1.0,1.0,False,0,1,1.0,1.0,2.0,3.0,-172.0,5.5,sbro,,,,
2009-10,2010-01-21,Florida,NYIslanders,1.0,1.0,False,0,0,0.0,0.0,1.0,2.0,-140.0,5.5,sbro,,,,
2009-10,2010-01-21,Carolina,Atlanta,2.0,1.0,False,2,0,1.0,1.0,5.0,2.0,-151.0,6.0,sbro,,,,
2009-10,2010-01-21,Toronto,TampaBay,1.0,1.0,False,0,0,1.0,1.0,2.0,3.0,-115.0,6.0,sbro,,,,
2009-10,2010-01-21,NYRangers,Philadelphia,0.0,1.0,False,0,1,0.0,0.0,0.0,2.0,-135.0,5.5,sbro,,,,
2009-10,2010-01-21,Washington,Pittsburgh,2.0,2.0,False,1,1,3.0,0.0,6.0,3.0,-130.0,6.5,sbro,,,,
2009-10,2010-01-21,Detroit,Minnesota,0.0,1.0,False,1,0,2.0,2.0,4.0,3.0,-120.0,5.5,sbro,,,,
2009-10,2010-01-21,Nashville,Phoenix,2.0,1.0,False,0,0,0.0,3.0,2.0,4.0,-120.0,5.0,sbro,,,,
2009-10,2010-01-21,Chicago,Calgary,1.0,1.0,False,0,0,2.0,0.0,3.0,1.0,120.0,5.5,sbro,,,,
2009-10,2010-01-21,Dallas,Vancouver,1.0,1.0,False,1,1,1.0,2.0,3.0,4.0,-193.0,5.5,sbro,,,,
2009-10,2010-01-21,Anaheim,SanJose,0.0,2.0,False,0,0,1.0,1.0,1.0,3.0,-210.0,5.5,sbro,,,,
2009-10,2010-01-21,Buffalo,LosAngeles,2.0,1.0,False,0,1,1.0,1.0,3.0,4.0,-115.0,5.5,sbro,,,,
2009-10,2010-01-22,Montreal,NewJersey,1.0,0.0,False,1,1,1.0,0.0,3.0,1.0,-193.0,5.0,sbro,,,,
2009-10,2010-01-22,Nashville,Colorado,1.0,1.0,False,0,1,0.0,0.0,1.0,2.0,-125.0,5.5,sbro,,,,
2009-10,2010-01-22,Dallas,Edmonton,1.0,1.0,False,2,1,1.0,1.0,4.0,3.0,-105.0,5.5,sbro,,,,
2009-10,2010-01-23,Carolina,Philadelphia,0.0,2.0,False,1,1,1.0,1.0,2.0,4.0,-220.0,5.5,sbro,,,,
2009-10,2010-01-23,Ottawa,Boston,1.0,1.0,False,1,0,0.0,0.0,2.0,1.0,-130.0,5.0,sbro,,,,
2009-10,2010-01-23,Toronto,Florida,0.0,1.0,False,0,0,0.0,1.0,0.0,2.0,-135.0,6.0,sbro,,,,
2009-10,2010-01-23,NYRangers,Montreal,0.0,4.0,False,0,1,0.0,1.0,0.0,6.0,-110.0,5.0,sbro,,,,
2009-10,2010-01-23,NewJersey,NYIslanders,1.0,2.0,False,1,0,2.0,0.0,4.0,2.0,100.0,5.0,sbro,,,,
2009-10,2010-01-23,Phoenix,Washington,0.0,2.0,False,1,1,1.0,1.0,2.0,4.0,-200.0,6.0,sbro,,,,
2009-10,2010-01-23,LosAngeles,Detroit,1.0,0.0,False,0,2,2.0,0.0,3.0,2.0,-160.0,5.5,sbro,,,,
2009-10,2010-01-23,Atlanta,TampaBay,0.0,0.0,False,1,1,0.0,0.0,1.0,2.0,-125.0,6.0,sbro,,,,
2009-10,2010-01-23,Anaheim,St.Louis,0.0,2.0,False,0,0,3.0,1.0,4.0,3.0,-135.0,5.5,sbro,,,,
2009-10,2010-01-23,Columbus,Minnesota,0.0,2.0,False,0,1,2.0,1.0,2.0,4.0,-150.0,5.5,sbro,,,,
2009-10,2010-01-23,Chicago,Vancouver,0.0,0.0,False,0,3,1.0,2.0,1.0,5.0,-110.0,5.5,sbro,,,,
2009-10,2010-01-23,Buffalo,SanJose,0.0,2.0,False,1,0,1.0,3.0,2.0,5.0,-165.0,5.5,sbro,,,,
2009-10,2010-01-24,Pittsburgh,Philadelphia,0.0,0.0,False,1,1,1.0,0.0,2.0,1.0,-115.0,6.0,sbro,,,,
2009-10,2010-01-24,Boston,Carolina,0.0,3.0,False,0,1,1.0,1.0,1.0,5.0,-115.0,5.5,sbro,,,,
2009-10,2010-01-24,Dallas,Colorado,0.0,1.0,False,0,2,0.0,1.0,0.0,4.0,-165.0,5.5,sbro,,,,
2009-10,2010-01-25,Pittsburgh,NYRangers,0.0,1.0,False,1,0,3.0,1.0,4.0,2.0,105.0,5.5,sbro,,,,
2009-10,2010-01-25,St.Louis,Calgary,1.0,0.0,False,0,0,1.0,0.0,2.0,0.0,-155.0,5.0,sbro,,,,
2009-10,2010-01-25,Buffalo,Vancouver,1.0,2.0,False,0,0,1.0,1.0,2.0,3.0,-140.0,5.5,sbro,,,,
2009-10,2010-01-26,Anaheim,Atlanta,1.0,1.0,False,0,0,0.0,1.0,1.0,2.0,-115.0,6.0,sbro,,,,
2009-10,2010-01-26,LosAngeles,Toronto,3.0,1.0,False,1,1,1.0,1.0,5.0,3.0,-111.0,6.0,sbro,,,,
2009-10,2010-01-26,Phoenix,Detroit,2.0,1.0,False,0,1,2.0,2.0,5.0,4.0,-156.0,5.0,sbro,,,,
2009-10,2010-01-26,Nashville,Columbus,0.0,1.0,False,0,0,2.0,2.0,2.0,3.0,-111.0,5.5,sbro,,,,
2009-10,2010-01-26,Washington,NYIslanders,2.0,1.0,False,4,1,1.0,0.0,7.0,2.0,142.0,6.0,sbro,,,,
2009-10,2010-01-26,Montreal,Florida,1.0,0.0,False,0,0,0.0,2.0,1.0,2.0,-125.0,5.5,sbro,,,,
2009-10,2010-01-26,NewJersey,Ottawa,0.0,1.0,False,0,2,0.0,0.0,0.0,3.0,-116.0,5.0,sbro,,,,
2009-10,2010-01-26,Chicago,Edmonton,3.0,1.0,False,1,0,0.0,1.0,4.0,2.0,180.0,5.5,sbro,,,,
2009-10,2010-01-27,Anaheim,Washington,1.0,0.0,False,0,1,0.0,4.0,1.0,5.0,-230.0,6.0,sbro,,,,
2009-10,2010-01-27,Montreal,TampaBay,0.0,2.0,False,0,1,0.0,0.0,0.0,3.0,-130.0,5.5,sbro,,,,
2009-10,2010-01-27,Carolina,NYRangers,1.0,1.0,False,2,0,2.0,0.0,5.0,1.0,-145.0,5.0,sbro,,,,
2009-10,2010-01-27,NewJersey,Buffalo,1.0,0.0,False,0,1,0.0,0.0,1.0,2.0,-130.0,5.0,sbro,,,,
2009-10,2010-01-27,Detroit,Minnesota,0.0,0.0,False,2,3,0.0,2.0,2.0,5.0,-115.0,5.5,sbro,,,,
2009-10,2010-01-27,Calgary,Dallas,1.0,1.0,False,2,1,0.0,1.0,3.0,4.0,-130.0,5.5,sbro,,,,
2009-10,2010-01-27,St.Louis,Vancouver,0.0,0.0,False,1,1,1.0,2.0,2.0,3.0,-201.0,5.0,sbro,,,,
2009-10,2010-01-28,LosAngeles,Columbus,1.0,0.0,False,1,0,2.0,1.0,4.0,1.0,-116.0,5.5,sbro,,,,
2009-10,2010-01-28,Atlanta,Philadelphia,0.0,3.0,False,1,0,3.0,0.0,4.0,3.0,-193.0,6.5,sbro,,,,
2009-10,2010-01-28,NYIslanders,Carolina,0.0,0.0,False,0,2,1.0,2.0,1.0,4.0,-125.0,5.5,sbro,,,,
2009-10,2010-01-28,Ottawa,Pittsburgh,0.0,0.0,False,2,1,2.0,0.0,4.0,1.0,-166.0,5.5,sbro,,,,
2009-10,2010-01-28,Minnesota,Colorado,0.0,0.0,False,0,0,1.0,0.0,1.0,0.0,-161.0,5.5,sbro,,,,
2009-10,2010-01-28,Calgary,Phoenix,1.0,2.0,False,0,0,1.0,0.0,2.0,3.0,-135.0,5.0,sbro,,,,
2009-10,2010-01-28,St.Louis,Edmonton,1.0,1.0,False,0,0,1.0,0.0,2.0,1.0,105.0,5.5,sbro,,,,
2009-10,2010-01-28,Chicago,SanJose,0.0,1.0,False,3,1,0.0,1.0,4.0,3.0,-125.0,5.5,sbro,,,,
2009-10,2010-01-29,Toronto,NewJersey,1.0,2.0,False,1,2,2.0,0.0,4.0,5.0,-206.0,5.5,sbro,,,,
2009-10,2010-01-29,Florida,Washington,1.0,1.0,False,0,1,0.0,2.0,1.0,4.0,-252.0,6.0,sbro,,,,
2009-10,2010-01-29,Boston,Buffalo,1.0,0.0,False,0,2,0.0,0.0,1.0,2.0,-166.0,5.0,sbro,,,,
2009-10,2010-01-29,Nashville,Detroit,0.0,2.0,False,1,1,1.0,1.0,2.0,4.0,-145.0,5.5,sbro,,,,
2009-10,2010-01-29,Anaheim,TampaBay,1.0,0.0,False,0,1,0.0,0.0,2.0,1.0,-125.0,5.5,sbro,,,,
2009-10,2010-01-29,Colorado,Dallas,1.0,0.0,False,1,2,0.0,1.0,2.0,3.0,-130.0,5.5,sbro,,,,
2009-10,2010-01-30,NYIslanders,Philadelphia,1.0,0.0,False,0,2,0.0,0.0,1.0,2.0,-192.0,5.5,sbro,,,,
2009-10,2010-01-30,Montreal,Ottawa,1.0,1.0,False,0,1,1.0,0.0,2.0,3.0,-175.0,5.5,sbro,,,,
2009-10,2010-01-30,Chicago,Carolina,1.0,1.0,False,0,1,1.0,2.0,2.0,4.0,150.0,5.5,sbro,,,,
2009-10,2010-01-30,Vancouver,Toronto,1.0,0.0,False,0,3,4.0,0.0,5.0,3.0,135.0,6.0,sbro,,,,
2009-10,2010-01-30,LosAngeles,Boston,0.0,1.0,False,1,0,1.0,1.0,3.0,2.0,-125.0,5.5,sbro,,,,
2009-10,2010-01-30,Columbus,St.Louis,1.0,0.0,False,1,1,0.0,1.0,3.0,2.0,-150.0,5.5,sbro,,,,
2009-10,2010-01-30,Atlanta,Nashville,2.0,1.0,False,1,2,0.0,1.0,3.0,4.0,-150.0,6.0,sbro,,,,
2009-10,2010-01-30,NYRangers,Phoenix,0.0,0.0,False,0,3,2.0,0.0,2.0,3.0,-145.0,5.0,sbro,,,,
2009-10,2010-01-30,Edmonton,Calgary,0.0,3.0,False,1,2,0.0,1.0,1.0,6.0,-205.0,5.5,sbro,,,,
2009-10,2010-01-30,Minnesota,SanJose,0.0,2.0,False,2,1,0.0,2.0,2.0,5.0,-209.0,5.5,sbro,,,,
2009-10,2010-01-31,TampaBay,Washington,0.0,2.0,False,0,0,2.0,1.0,2.0,3.0,-250.0,6.0,sbro,,,,
2009-10,2010-01-31,Detroit,Pittsburgh,0.0,1.0,False,0,0,1.0,0.0,1.0,2.0,-156.0,5.5,sbro,,,,
2009-10,2010-01-31,NYIslanders,Florida,0.0,1.0,False,0,1,0.0,0.0,0.0,2.0,-145.0,5.5,sbro,,,,
2009-10,2010-01-31,LosAngeles,NewJersey,1.0,1.0,False,0,1,2.0,0.0,3.0,2.0,-166.0,5.0,sbro,,,,
2009-10,2010-01-31,Phoenix,Dallas,1.0,1.0,False,1,0,2.0,1.0,4.0,2.0,-135.0,5.0,sbro,,,,
2009-10,2010-01-31,NYRangers,Colorado,1.0,0.0,False,1,0,1.0,1.0,3.0,1.0,-177.0,5.5,sbro,,,,
2009-10,2010-02-01,Buffalo,Pittsburgh,1.0,4.0,False,2,1,1.0,0.0,4.0,5.0,-125.0,5.5,sbro,,,,
2009-10,2010-02-01,Anaheim,Florida,2.0,0.0,False,0,0,1.0,0.0,3.0,0.0,-109.0,5.5,sbro,,,,
2009-10,2010-02-01,Philadelphia,Calgary,1.0,0.0,False,0,0,2.0,0.0,3.0,0.0,-125.0,5.5,sbro,,,,
2009-10,2010-02-01,Carolina,Edmonton,1.0,2.0,False,1,2,0.0,0.0,2.0,4.0,105.0,5.5,sbro,,,,
2009-10,2010-02-02,NewJersey,Toronto,0.0,2.0,False,0,1,0.0,0.0,0.0,3.0,131.0,5.5,sbro,,,,
2009-10,2010-02-02,Washington,Boston,1.0,0.0,False,0,1,3.0,0.0,4.0,1.0,125.0,6.0,sbro,,,,
2009-10,2010-02-02,TampaBay,Atlanta,0.0,1.0,False,2,0,0.0,0.0,2.0,1.0,-135.0,6.0,sbro,,,,
2009-10,2010-02-02,Vancouver,Montreal,0.0,0.0,False,1,2,1.0,1.0,2.0,3.0,120.0,5.5,sbro,,,,
2009-10,2010-02-02,Phoenix,Nashville,0.0,0.0,False,0,0,0.0,0.0,1.0,0.0,-140.0,5.5,sbro,,,,
2009-10,2010-02-02,Minnesota,Dallas,1.0,2.0,False,0,1,1.0,1.0,2.0,4.0,-135.0,5.5,sbro,,,,
2009-10,2010-02-02,Columbus,Colorado,0.0,1.0,False,1,1,0.0,3.0,1.0,5.0,-177.0,5.5,sbro,,,,
2009-10,2010-02-02,Detroit,SanJose,0.0,0.0,False,2,2,2.0,0.0,4.0,2.0,-177.0,5.5,sbro,,,,
2009-10,2010-02-02,NYRangers,LosAngeles,0.0,1.0,False,0,0,1.0,1.0,1.0,2.0,-156.0,5.0,sbro,,,,
2009-10,2010-02-03,Ottawa,Buffalo,1.0,0.0,False,0,0,3.0,2.0,4.0,2.0,-135.0,5.5,sbro,,,,
2009-10,2010-02-03,St.Louis,Chicago,3.0,0.0,False,0,1,0.0,1.0,3.0,2.0,-260.0,5.5,sbro,,,,
2009-10,2010-02-03,Carolina,Calgary,1.0,2.0,False,0,1,0.0,1.0,1.0,4.0,-172.0,5.5,sbro,,,,
2009-10,2010-02-03,Philadelphia,Edmonton,0.0,0.0,False,0,0,0.0,1.0,0.0,1.0,173.0,5.5,sbro,,,,
2009-10,2010-02-03,Detroit,Anaheim,1.0,1.0,False,0,2,0.0,0.0,1.0,3.0,-135.0,5.5,sbro,,,,
2009-10,2010-02-04,Dallas,Columbus,0.0,0.0,False,0,1,1.0,1.0,1.0,2.0,-125.0,5.5,sbro,,,,
2009-10,2010-02-04,Washington,NYRangers,3.0,3.0,False,1,2,2.0,0.0,6.0,5.0,136.0,6.0,sbro,,,,
2009-10,2010-02-04,Montreal,Boston,2.0,1.0,False,0,1,0.0,0.0,3.0,2.0,-156.0,5.0,sbro,,,,
2009-10,2010-02-04,NYIslanders,TampaBay,1.0,2.0,False,1,1,0.0,2.0,2.0,5.0,-156.0,5.5,sbro,,,,
2009-10,2010-02-04,Vancouver,Ottawa,0.0,0.0,False,0,2,1.0,1.0,1.0,3.0,-111.0,5.5,sbro,,,,
2009-10,2010-02-04,SanJose,St.Louis,1.0,0.0,False,2,1,1.0,1.0,4.0,2.0,136.0,5.5,sbro,,,,
2009-10,2010-02-04,Colorado,Nashville,1.0,4.0,False,1,0,1.0,1.0,3.0,5.0,-130.0,5.5,sbro,,,,
2009-10,2010-02-04,Edmonton,Minnesota,1.0,1.0,False,0,0,1.0,3.0,2.0,4.0,-193.0,5.5,sbro,,,,
2009-10,2010-02-04,Anaheim,LosAngeles,0.0,2.0,False,1,1,3.0,3.0,4.0,6.0,-156.0,5.5,sbro,,,,
2009-10,2010-02-05,Atlanta,Washington,0.0,1.0,False,1,1,1.0,3.0,2.0,5.0,-290.0,6.5,sbro,,,,
2009-10,2010-02-05,Toronto,NewJersey,3.0,0.0,False,0,1,0.0,3.0,3.0,4.0,-193.0,5.5,sbro,,,,
2009-10,2010-02-05,Carolina,Buffalo,0.0,0.0,False,1,1,3.0,2.0,4.0,3.0,-210.0,5.5,sbro,,,,
2009-10,2010-02-05,Calgary,Florida,1.0,1.0,False,1,0,0.0,0.0,2.0,1.0,-111.0,5.5,sbro,,,,
2009-10,2010-02-05,Phoenix,Chicago,1.0,0.0,False,0,1,0.0,0.0,2.0,1.0,-182.0,5.5,sbro,,,,
2009-10,2010-02-06,Vancouver,Boston,1.0,0.0,False,0,2,1.0,0.0,3.0,2.0,105.0,5.0,sbro,,,,
2009-10,2010-02-06,Pittsburgh,Montreal,1.0,2.0,False,1,1,1.0,2.0,3.0,5.0,136.0,5.5,sbro,,,,
2009-10,2010-02-06,Detroit,LosAngeles,0.0,3.0,False,3,0,0.0,1.0,3.0,4.0,-140.0,5.5,sbro,,,,
2009-10,2010-02-06,Phoenix,Dallas,0.0,2.0,False,0,2,0.0,0.0,0.0,4.0,-135.0,5.5,sbro,,,,
2009-10,2010-02-06,Calgary,TampaBay,0.0,0.0,False,1,0,0.0,1.0,1.0,2.0,-115.0,5.5,sbro,,,,
2009-10,2010-02-06,Florida,Atlanta,0.0,2.0,False,2,0,0.0,2.0,2.0,4.0,-115.0,5.5,sbro,,,,
2009-10,2010-02-06,NewJersey,NYRangers,0.0,3.0,False,0,0,1.0,0.0,1.0,3.0,110.0,5.0,sbro,,,,
2009-10,2010-02-06,Buffalo,Columbus,0.0,2.0,False,0,0,0.0,2.0,0.0,4.0,-130.0,5.5,sbro,,,,
2009-10,2010-02-06,Carolina,NYIslanders,1.0,1.0,False,1,0,1.0,0.0,3.0,1.0,-135.0,5.5,sbro,,,,
2009-10,2010-02-06,Ottawa,Toronto,0.0,1.0,False,0,3,0.0,1.0,0.0,5.0,115.0,5.5,sbro,,,,
2009-10,2010-02-06,Philadelphia,Minnesota,0.0,1.0,False,1,1,0.0,0.0,1.0,2.0,105.0,5.5,sbro,,,,
2009-10,2010-02-06,Chicago,St.Louis,0.0,0.0,False,2,0,0.0,1.0,2.0,1.0,125.0,5.5,sbro,,,,
2009-10,2010-02-06,SanJose,Nashville,2.0,2.0,False,1,1,1.0,0.0,4.0,3.0,100.0,5.5,sbro,,,,
2009-10,2010-02-06,Edmonton,Colorado,0.0,1.0,False,0,0,0.0,2.0,0.0,3.0,-240.0,5.5,sbro,,,,
2009-10,2010-02-07,Pittsburgh,Washington,2.0,2.0,False,2,0,0.0,2.0,4.0,5.0,-172.0,6.5,sbro,,,,
2009-10,2010-02-07,Boston,Montreal,0.0,0.0,False,2,0,1.0,0.0,3.0,0.0,-109.0,5.0,sbro,,,,
2009-10,2010-02-08,NewJersey,Philadelphia,1.0,2.0,False,1,0,0.0,1.0,2.0,3.0,-115.0,5.5,sbro,,,,
2009-10,2010-02-08,SanJose,Toronto,2.0,1.0,False,0,1,1.0,0.0,3.0,2.0,125.0,5.5,sbro,,,,
2009-10,2010-02-08,Edmonton,Phoenix,0.0,2.0,False,0,2,1.0,2.0,1.0,6.0,-240.0,5.5,sbro,,,,
2009-10,2010-02-08,St.Louis,Colorado,0.0,3.0,False,2,2,0.0,0.0,2.0,5.0,-151.0,5.5,sbro,,,,
2009-10,2010-02-08,LosAngeles,Anaheim,1.0,3.0,False,1,1,0.0,0.0,2.0,4.0,-115.0,5.5,sbro,,,,
2009-10,2010-02-09,Florida,Carolina,1.0,2.0,False,0,0,0.0,2.0,1.0,4.0,-115.0,5.5,sbro,,,,
2009-10,2010-02-09,Nashville,NYIslanders,2.0,2.0,False,0,0,1.0,1.0,3.0,4.0,100.0,5.5,sbro,,,,
2009-10,2010-02-09,Boston,Buffalo,0.0,2.0,False,2,0,0.0,0.0,3.0,2.0,-145.0,5.0,sbro,,,,
2009-10,2010-02-09,Vancouver,TampaBay,1.0,0.0,False,0,1,0.0,2.0,1.0,3.0,110.0,5.5,sbro,,,,
2009-10,2010-02-09,Calgary,Ottawa,1.0,2.0,False,1,1,0.0,0.0,2.0,3.0,-140.0,5.0,sbro,,,,
2009-10,2010-02-09,Detroit,St.Louis,0.0,2.0,False,1,0,2.0,1.0,3.0,4.0,105.0,5.5,sbro,,,,
2009-10,2010-02-09,Dallas,Chicago,0.0,0.0,False,2,2,1.0,1.0,3.0,4.0,-230.0,5.5,sbro,,,,
2009-10,2010-02-10,Nashville,NYRangers,1.0,1.0,False,1,0,0.0,0.0,2.0,1.0,-130.0,5.5,sbro,,,,
2009-10,2010-02-10,SanJose,Columbus,0.0,1.0,False,0,1,0.0,1.0,0.0,3.0,125.0,5.5,sbro,,,,
2009-10,2010-02-10,Philadelphia,NewJersey,1.0,0.0,False,1,2,0.0,0.0,3.0,2.0,-156.0,5.5,sbro,,,,
2009-10,2010-02-10,NYIslanders,Pittsburgh,0.0,2.0,False,0,0,1.0,1.0,1.0,3.0,-272.0,5.5,sbro,,,,
2009-10,2010-02-10,Washington,Montreal,1.0,4.0,False,1,1,3.0,0.0,5.0,6.0,144.0,6.0,sbro,,,,
2009-10,2010-02-10,Phoenix,Minnesota,1.0,0.0,False,1,1,1.0,1.0,3.0,2.0,-135.0,5.5,sbro,,,,
2009-10,2010-02-10,Atlanta,Colorado,1.0,0.0,False,1,1,1.0,2.0,3.0,4.0,-182.0,5.5,sbro,,,,
2009-10,2010-02-10,Edmonton,Anaheim,2.0,1.0,False,0,1,0.0,1.0,2.0,3.0,-240.0,5.5,sbro,,,,
2009-10,2010-02-11,Washington,Ottawa,3.0,1.0,False,1,3,1.0,2.0,5.0,6.0,105.0,6.0,sbro,,,,
2009-10,2010-02-11,Buffalo,Carolina,0.0,1.0,False,2,2,1.0,0.0,3.0,4.0,105.0,5.5,sbro,,,,
2009-10,2010-02-11,Boston,TampaBay,1.0,2.0,False,4,0,0.0,2.0,5.0,4.0,-120.0,5.0,sbro,,,,
2009-10,2010-02-11,SanJose,Detroit,0.0,0.0,False,2,1,0.0,1.0,3.0,2.0,-105.0,5.5,sbro,,,,
2009-10,2010-02-11,Vancouver,Florida,2.0,0.0,False,0,0,1.0,0.0,3.0,0.0,125.0,5.0,sbro,,,,
2009-10,2010-02-11,Dallas,Calgary,1.0,0.0,False,0,1,2.0,0.0,3.0,1.0,-145.0,5.5,sbro,,,,
2009-10,2010-02-11,Edmonton,LosAngeles,1.0,0.0,False,0,0,1.0,2.0,3.0,2.0,-288.0,5.5,sbro,,,,
2009-10,2010-02-12,Montreal,Philadelphia,0.0,2.0,False,0,1,2.0,0.0,2.0,3.0,-177.0,5.5,sbro,,,,
2009-10,2010-02-12,Vancouver,Columbus,1.0,1.0,False,1,2,2.0,0.0,4.0,3.0,-105.0,5.5,sbro,,,,
2009-10,2010-02-12,Nashville,NewJersey,1.0,1.0,False,1,1,0.0,3.0,2.0,5.0,-172.0,5.0,sbro,,,,
2009-10,2010-02-12,NYRangers,Pittsburgh,2.0,0.0,False,0,1,0.0,1.0,3.0,2.0,-230.0,5.5,sbro,,,,
2009-10,2010-02-12,Toronto,St.Louis,0.0,2.0,False,0,1,0.0,1.0,0.0,4.0,-135.0,5.5,sbro,,,,
2009-10,2010-02-12,Atlanta,Minnesota,0.0,0.0,False,2,2,1.0,0.0,3.0,2.0,-166.0,5.5,sbro,,,,
2009-10,2010-02-12,Phoenix,Colorado,1.0,0.0,False,0,1,0.0,1.0,1.0,2.0,-130.0,5.0,sbro,,,,
2009-10,2010-02-13,TampaBay,NYIslanders,1.0,3.0,False,2,1,1.0,1.0,4.0,5.0,-109.0,5.5,sbro,,,,
2009-10,2010-02-13,SanJose,Buffalo,0.0,3.0,False,0,0,1.0,0.0,1.0,3.0,-116.0,5.5,sbro,,,,
2009-10,2010-02-13,Ottawa,Detroit,1.0,1.0,False,0,2,0.0,1.0,1.0,4.0,-125.0,5.5,sbro,,,,
2009-10,2010-02-13,Boston,Florida,0.0,0.0,False,1,2,1.0,0.0,3.0,2.0,110.0,5.0,sbro,,,,
2009-10,2010-02-13,Philadelphia,Montreal,2.0,1.0,False,3,0,1.0,1.0,6.0,2.0,100.0,5.5,sbro,,,,
2009-10,2010-02-13,NewJersey,Carolina,0.0,2.0,False,0,1,2.0,2.0,2.0,5.0,105.0,5.0,sbro,,,,
2009-10,2010-02-13,Washington,St.Louis,2.0,2.0,False,1,1,0.0,0.0,3.0,4.0,152.0,6.0,sbro,,,,
2009-10,2010-02-13,Dallas,Phoenix,2.0,0.0,False,0,0,1.0,0.0,3.0,0.0,-135.0,5.0,sbro,,,,
2009-10,2010-02-13,Atlanta,Chicago,3.0,0.0,False,1,3,0.0,1.0,4.0,5.0,-272.0,5.5,sbro,,,,
2009-10,2010-02-13,Anaheim,Calgary,0.0,2.0,False,1,1,0.0,0.0,1.0,3.0,-130.0,5.5,sbro,,,,
2009-10,2010-02-13,Colorado,LosAngeles,0.0,1.0,False,0,0,0.0,2.0,0.0,3.0,-162.0,5.5,sbro,,,,
2009-10,2010-02-14,Nashville,Pittsburgh,2.0,1.0,False,0,1,1.0,1.0,4.0,3.0,-172.0,5.5,sbro,,,,
2009-10,2010-02-14,TampaBay,NYRangers,0.0,4.0,False,2,0,0.0,1.0,2.0,5.0,-135.0,5.5,sbro,,,,
2009-10,2010-02-14,Vancouver,Minnesota,0.0,2.0,False,0,1,2.0,3.0,2.0,6.0,-111.0,5.5,sbro,,,,
2009-10,2010-02-14,Chicago,Columbus,3.0,1.0,False,1,2,0.0,1.0,5.0,4.0,115.0,5.5,sbro,,,,
2009-10,2010-02-14,Ottawa,NYIslanders,0.0,2.0,False,1,1,3.0,0.0,4.0,3.0,125.0,5.5,sbro,,,,
2009-10,2010-02-14,Anaheim,Edmonton,1.0,1.0,False,2,1,4.0,1.0,7.0,3.0,131.0,5.5,sbro,,,,
2009-10,2010-03-01,Detroit,Colorado,0.0,2.0,False,2,0,1.0,0.0,3.0,2.0,-125.0,5.5,sbro,,,,
2009-10,2010-03-02,Montreal,Boston,0.0,0.0,False,0,1,4.0,0.0,4.0,1.0,-172.0,5.0,sbro,,,,
2009-10,2010-03-02,Carolina,Toronto,3.0,0.0,False,1,0,1.0,1.0,5.0,1.0,-130.0,5.5,sbro,,,,
2009-10,2010-03-02,Florida,Atlanta,0.0,2.0,False,2,2,0.0,0.0,2.0,4.0,-135.0,5.5,sbro,,,,
2009-10,2010-03-02,Chicago,NYIslanders,0.0,4.0,False,2,1,1.0,0.0,3.0,5.0,162.0,5.5,sbro,,,,
2009-10,2010-03-02,Vancouver,Columbus,2.0,1.0,False,0,2,1.0,0.0,4.0,3.0,-120.0,5.5,sbro,,,,
2009-10,2010-03-02,Buffalo,Pittsburgh,1.0,1.0,False,0,1,1.0,1.0,2.0,3.0,-180.0,5.5,sbro,,,,
2009-10,2010-03-02,Philadelphia,TampaBay,1.0,1.0,False,1,1,5.0,0.0,7.0,2.0,105.0,5.5,sbro,,,,
2009-10,2010-03-02,NYRangers,Ottawa,4.0,0.0,False,0,1,0.0,0.0,4.0,1.0,-151.0,5.0,sbro,,,,
2009-10,2010-03-02,Edmonton,Nashville,2.0,1.0,False,1,2,0.0,1.0,3.0,4.0,-240.0,5.5,sbro,,,,
2009-10,2010-03-02,LosAngeles,Dallas,3.0,0.0,False,1,0,1.0,1.0,5.0,1.0,-130.0,5.5,sbro,,,,
2009-10,2010-03-02,St.Louis,Phoenix,3.0,0.0,False,2,1,0.0,1.0,5.0,2.0,-143.0,5.0,sbro,,,,
2009-10,2010-03-02,NewJersey,SanJose,3.0,0.0,False,0,0,1.0,3.0,4.0,3.0,-145.0,5.5,sbro,,,,
2009-10,2010-03-03,Washington,Buffalo,1.0,1.0,False,0,0,2.0,0.0,3.0,1.0,105.0,6.0,sbro,,,,
2009-10,2010-03-03,Philadelphia,Florida,3.0,4.0,False,0,2,1.0,1.0,4.0,7.0,115.0,5.5,sbro,,,,
2009-10,2010-03-03,Vancouver,Detroit,3.0,1.0,False,2,1,1.0,1.0,6.0,3.0,-140.0,5.5,sbro,,,,
2009-10,2010-03-03,Edmonton,Chicago,2.0,2.0,False,0,0,0.0,3.0,2.0,5.0,-375.0,5.5,sbro,,,,
2009-10,2010-03-03,Minnesota,Calgary,2.0,0.0,False,1,0,1.0,0.0,4.0,0.0,-145.0,5.0,sbro,,,,
2009-10,2010-03-03,Colorado,Anaheim,2.0,1.0,False,0,1,2.0,1.0,4.0,3.0,-135.0,5.5,sbro,,,,
2009-10,2010-03-04,NYIslanders,Atlanta,0.0,2.0,False,1,4,2.0,0.0,3.0,6.0,-140.0,5.5,sbro,,,,
2009-10,2010-03-04,Pittsburgh,NYRangers,1.0,2.0,False,2,2,1.0,0.0,5.0,4.0,110.0,5.5,sbro,,,,
2009-10,2010-03-04,Toronto,Boston,0.0,1.0,False,1,1,1.0,0.0,2.0,3.0,-183.0,5.5,sbro,,,,
2009-10,2010-03-04,TampaBay,Washington,1.0,2.0,False,1,1,2.0,2.0,4.0,5.0,-270.0,6.5,sbro,,,,
2009-10,2010-03-04,Ottawa,Carolina,0.0,1.0,False,0,2,1.0,1.0,1.0,4.0,-116.0,5.5,sbro,,,,
2009-10,2010-03-04,LosAngeles,Nashville,0.0,1.0,False,1,1,1.0,2.0,2.0,4.0,-120.0,5.5,sbro,,,,
2009-10,2010-03-04,St.Louis,Dallas,1.0,0.0,False,3,1,2.0,0.0,6.0,1.0,-130.0,5.5,sbro,,,,
2009-10,2010-03-04,Colorado,Phoenix,1.0,0.0,False,0,1,0.0,2.0,1.0,3.0,-160.0,5.0,sbro,,,,
2009-10,2010-03-04,Montreal,SanJose,1.0,1.0,False,1,0,0.0,2.0,2.0,3.0,-220.0,5.5,sbro,,,,
2009-10,2010-03-05,Philadelphia,Buffalo,1.0,1.0,False,0,0,1.0,1.0,2.0,3.0,-125.0,5.5,sbro,,,,
2009-10,2010-03-05,Nashville,Detroit,1.0,2.0,False,0,2,1.0,1.0,2.0,5.0,-175.0,5.5,sbro,,,,
2009-10,2010-03-05,Vancouver,Chicago,1.0,1.0,False,1,5,1.0,0.0,3.0,6.0,-165.0,5.5,sbro,,,,
2009-10,2010-03-05,Minnesota,Edmonton,1.0,0.0,False,0,1,0.0,0.0,1.0,2.0,155.0,5.5,sbro,,,,
2009-10,2010-03-05,NewJersey,Calgary,0.0,3.0,False,1,0,2.0,2.0,3.0,5.0,-110.0,5.0,sbro,,,,
2009-10,2010-03-06,Dallas,Pittsburgh,2.0,3.0,False,1,1,0.0,2.0,3.0,6.0,-200.0,5.5,sbro,,,,
2009-10,2010-03-06,Boston,NYIslanders,2.0,1.0,False,1,0,0.0,1.0,3.0,2.0,115.0,5.5,sbro,,,,
2009-10,2010-03-06,Toronto,Ottawa,1.0,0.0,False,0,1,0.0,0.0,2.0,1.0,-200.0,5.5,sbro,,,,
2009-10,2010-03-06,NYRangers,Washington,0.0,1.0,False,0,1,0.0,0.0,0.0,2.0,-250.0,6.0,sbro,,,,
2009-10,2010-03-06,Carolina,Florida,0.0,0.0,False,0,2,1.0,2.0,1.0,4.0,-110.0,5.5,sbro,,,,
2009-10,2010-03-06,Atlanta,TampaBay,1.0,1.0,False,1,3,0.0,2.0,2.0,6.0,-140.0,6.0,sbro,,,,
2009-10,2010-03-06,Anaheim,Phoenix,0.0,2.0,False,0,1,0.0,1.0,0.0,4.0,-140.0,5.0,sbro,,,,
2009-10,2010-03-06,St.Louis,Colorado,1.0,4.0,False,1,2,1.0,1.0,3.0,7.0,-125.0,5.5,sbro,,,,
2009-10,2010-03-06,Montreal,LosAngeles,1.0,0.0,False,1,1,2.0,1.0,4.0,2.0,-180.0,5.5,sbro,,,,
2009-10,2010-03-06,Columbus,SanJose,1.0,0.0,False,0,0,0.0,2.0,1.0,2.0,-250.0,5.5,sbro,,,,
2009-10,2010-03-07,Detroit,Chicago,5.0,0.0,False,0,2,0.0,2.0,5.0,4.0,-165.0,5.5,sbro,,,,
2009-10,2010-03-07,Vancouver,Nashville,0.0,1.0,False,1,1,3.0,0.0,4.0,2.0,-105.0,5.5,sbro,,,,
2009-10,2010-03-07,Calgary,Minnesota,1.0,2.0,False,2,0,2.0,0.0,5.0,2.0,-135.0,5.0,sbro,,,,
2009-10,2010-03-07,Boston,Pittsburgh,1.0,1.0,False,0,0,0.0,1.0,1.0,2.0,-175.0,5.5,sbro,,,,
2009-10,2010-03-07,Carolina,Atlanta,1.0,0.0,False,1,0,2.0,0.0,4.0,0.0,-125.0,6.0,sbro,,,,
2009-10,2010-03-07,Buffalo,NYRangers,0.0,0.0,False,0,0,1.0,1.0,2.0,1.0,-115.0,5.5,sbro,,,,
2009-10,2010-03-07,Toronto,Philadelphia,1.0,2.0,False,0,1,0.0,0.0,1.0,3.0,-230.0,5.5,sbro,,,,
2009-10,2010-03-07,NewJersey,Edmonton,0.0,1.0,False,0,0,0.0,1.0,0.0,2.0,175.0,5.5,sbro,,,,
2009-10,2010-03-07,Montreal,Anaheim,1.0,0.0,False,0,3,2.0,0.0,4.0,3.0,-170.0,5.5,sbro,,,,
2009-10,2010-03-08,Dallas,Washington,0.0,1.0,False,0,1,3.0,1.0,4.0,3.0,-300.0,6.5,sbro,,,,
2009-10,2010-03-08,Columbus,LosAngeles,0.0,2.0,False,0,4,0.0,0.0,0.0,6.0,-180.0,5.5,sbro,,,,
2009-10,2010-03-09,Nashville,Atlanta,0.0,1.0,False,2,0,0.0,0.0,2.0,1.0,-116.0,6.0,sbro,,,,
2009-10,2010-03-09,Calgary,Detroit,1.0,2.0,False,0,0,3.0,0.0,4.0,2.0,-190.0,5.5,sbro,,,,
2009-10,2010-03-09,NYIslanders,Philadelphia,1.0,1.0,False,1,0,0.0,2.0,2.0,3.0,-230.0,5.5,sbro,,,,
2009-10,2010-03-09,Boston,Toronto,1.0,2.0,False,1,0,1.0,1.0,3.0,4.0,105.0,5.0,sbro,,,,
2009-10,2010-03-09,TampaBay,Montreal,2.0,2.0,False,0,2,1.0,1.0,3.0,5.0,-135.0,5.5,sbro,,,,
2009-10,2010-03-09,Florida,Minnesota,0.0,0.0,False,0,2,2.0,0.0,3.0,2.0,-170.0,5.5,sbro,,,,
2009-10,2010-03-09,Vancouver,Colorado,3.0,1.0,False,0,3,3.0,0.0,6.0,4.0,-105.0,5.5,sbro,,,,
2009-10,2010-03-09,Ottawa,Edmonton,1.0,1.0,False,0,0,3.0,0.0,4.0,1.0,162.0,5.5,sbro,,,,
2009-10,2010-03-09,Columbus,Anaheim,2.0,0.0,False,1,0,2.0,2.0,5.0,2.0,-170.0,5.5,sbro,,,,
2009-10,2010-03-10,Dallas,Buffalo,0.0,1.0,False,3,3,0.0,1.0,3.0,5.0,-193.0,5.5,sbro,,,,
2009-10,2010-03-10,Carolina,Washington,2.0,1.0,False,1,2,0.0,0.0,3.0,4.0,-275.0,6.5,sbro,,,,
2009-10,2010-03-10,NYRangers,NewJersey,2.0,3.0,False,1,2,0.0,1.0,3.0,6.0,-162.0,5.0,sbro,,,,
2009-10,2010-03-10,LosAngeles,Chicago,2.0,1.0,False,0,1,0.0,0.0,2.0,3.0,-177.0,5.5,sbro,,,,
2009-10,2010-03-10,Vancouver,Phoenix,1.0,1.0,False,1,1,1.0,1.0,3.0,4.0,-120.0,5.5,sbro,,,,
2009-10,2010-03-11,Edmonton,Montreal,0.0,1.0,False,2,2,2.0,1.0,4.0,5.0,-230.0,5.5,sbro,,,,
2009-10,2010-03-11,St.Louis,NYIslanders,1.0,0.0,False,0,1,0.0,0.0,2.0,1.0,105.0,5.5,sbro,,,,
2009-10,2010-03-11,Boston,Philadelphia,3.0,1.0,False,1,0,1.0,0.0,5.0,1.0,-160.0,5.5,sbro,,,,
2009-10,2010-03-11,Pittsburgh,Carolina,1.0,1.0,False,2,2,0.0,0.0,3.0,4.0,115.0,5.5,sbro,,,,
2009-10,2010-03-11,Atlanta,Columbus,0.0,1.0,False,0,1,1.0,0.0,1.0,2.0,-125.0,6.0,sbro,,,,
2009-10,2010-03-11,TampaBay,Toronto,1.0,2.0,False,1,0,1.0,1.0,3.0,4.0,-135.0,5.5,sbro,,,,
2009-10,2010-03-11,Minnesota,Detroit,0.0,1.0,False,1,3,0.0,1.0,1.0,5.0,-220.0,5.5,sbro,,,,
2009-10,2010-03-11,Florida,Colorado,0.0,2.0,False,0,0,0.0,1.0,0.0,3.0,-183.0,5.5,sbro,,,,
2009-10,2010-03-11,Ottawa,Calgary,0.0,0.0,False,0,1,0.0,1.0,0.0,2.0,-125.0,5.0,sbro,,,,
2009-10,2010-03-11,Nashville,SanJose,3.0,1.0,False,1,1,1.0,6.0,5.0,8.0,-220.0,5.5,sbro,,,,
2009-10,2010-03-12,Pittsburgh,NewJersey,0.0,0.0,False,1,1,0.0,2.0,1.0,3.0,-140.0,5.5,sbro,,,,
2009-10,2010-03-12,TampaBay,Washington,2.0,0.0,False,1,1,0.0,1.0,3.0,2.0,-318.0,6.5,sbro,,,,
2009-10,2010-03-12,NYRangers,Atlanta,1.0,1.0,False,3,0,1.0,1.0,5.0,2.0,-111.0,5.5,sbro,,,,
2009-10,2010-03-12,Minnesota,Buffalo,1.0,0.0,False,2,0,0.0,2.0,3.0,2.0,-191.0,5.5,sbro,,,,
2009-10,2010-03-12,LosAngeles,Dallas,0.0,0.0,False,1,0,0.0,1.0,2.0,1.0,-116.0,5.5,sbro,,,,
2009-10,2010-03-12,Nashville,Anaheim,0.0,0.0,False,1,0,0.0,0.0,1.0,0.0,-140.0,5.5,sbro,,,,
2009-10,2010-03-13,Chicago,Philadelphia,0.0,0.0,False,0,0,2.0,3.0,2.0,3.0,-105.0,5.5,sbro,,,,
2009-10,2010-03-13,Florida,SanJose,1.0,0.0,False,0,2,1.0,0.0,3.0,2.0,-272.0,5.5,sbro,,,,
2009-10,2010-03-13,Buffalo,Detroit,1.0,0.0,False,1,2,0.0,0.0,2.0,3.0,-170.0,5.5,sbro,,,,
2009-10,2010-03-13,NewJersey,NYIslanders,0.0,2.0,False,1,1,1.0,1.0,2.0,4.0,120.0,5.5,sbro,,,,
2009-10,2010-03-13,Boston,Montreal,1.0,0.0,False,0,2,1.0,1.0,2.0,3.0,-120.0,5.0,sbro,,,,
2009-10,2010-03-13,St.Louis,Columbus,3.0,0.0,False,0,0,2.0,1.0,5.0,1.0,110.0,5.5,sbro,,,,
2009-10,2010-03-13,Edmonton,Toronto,2.0,3.0,False,0,2,2.0,1.0,4.0,6.0,-205.0,5.5,sbro,,,,
2009-10,2010-03-13,Phoenix,Carolina,1.0,0.0,False,2,0,1.0,0.0,4.0,0.0,-115.0,5.5,sbro,,,,
2009-10,2010-03-13,Ottawa,Vancouver,1.0,3.0,False,0,1,0.0,1.0,1.0,5.0,-170.0,5.5,sbro,,,,
2009-10,2010-03-14,Philadelphia,NYRangers,0.0,2.0,False,1,0,0.0,1.0,1.0,3.0,-125.0,5.5,sbro,,,,
2009-10,2010-03-14,Washington,Chicago,0.0,1.0,False,0,2,3.0,0.0,4.0,3.0,-120.0,7.0,sbro,,,,
2009-10,2010-03-14,Colorado,Dallas,3.0,2.0,False,1,1,1.0,0.0,5.0,3.0,-116.0,5.5,sbro,,,,
2009-10,2010-03-14,Nashville,LosAngeles,0.0,0.0,False,1,1,2.0,1.0,3.0,2.0,-155.0,5.5,sbro,,,,
2009-10,2010-03-14,Phoenix,Atlanta,1.0,0.0,False,0,0,1.0,2.0,3.0,2.0,105.0,5.5,sbro,,,,
2009-10,2010-03-14,Toronto,NYIslanders,0.0,1.0,False,1,2,0.0,1.0,1.0,4.0,-110.0,5.5,sbro,,,,
2009-10,2010-03-14,Pittsburgh,TampaBay,0.0,1.0,False,0,0,2.0,0.0,2.0,1.0,135.0,6.0,sbro,,,,
2009-10,2010-03-14,St.Louis,Minnesota,1.0,1.0,False,0,3,1.0,0.0,2.0,4.0,-125.0,5.5,sbro,,,,
2009-10,2010-03-14,SanJose,Anaheim,0.0,0.0,False,0,3,2.0,1.0,2.0,4.0,105.0,5.5,sbro,,,,
2009-10,2010-03-14,Calgary,Vancouver,0.0,0.0,False,0,3,1.0,0.0,1.0,3.0,-160.0,5.5,sbro,,,,
2009-10,2010-03-15,Edmonton,Columbus,1.0,1.0,False,0,1,2.0,3.0,3.0,5.0,-210.0,5.5,sbro,,,,
2009-10,2010-03-15,Boston,NewJersey,1.0,0.0,False,0,3,1.0,0.0,2.0,3.0,-161.0,5.0,sbro,,,,
2009-10,2010-03-15,Detroit,Calgary,1.0,0.0,False,0,1,1.0,0.0,2.0,1.0,-116.0,5.5,sbro,,,,
2009-10,2010-03-16,Boston,Carolina,1.0,1.0,False,1,0,3.0,1.0,5.0,2.0,-125.0,5.5,sbro,,,,
2009-10,2010-03-16,Buffalo,Atlanta,1.0,0.0,False,1,3,1.0,1.0,3.0,4.0,120.0,5.5,sbro,,,,
2009-10,2010-03-16,Montreal,NYRangers,0.0,1.0,False,1,0,2.0,0.0,3.0,1.0,-140.0,5.5,sbro,,,,
2009-10,2010-03-16,Washington,Florida,4.0,1.0,False,2,1,1.0,1.0,7.0,3.0,146.0,6.0,sbro,,,,
2009-10,2010-03-16,Toronto,Ottawa,2.0,1.0,False,1,0,1.0,0.0,4.0,1.0,-177.0,5.5,sbro,,,,
2009-10,2010-03-16,Phoenix,TampaBay,0.0,1.0,False,2,0,0.0,0.0,2.0,1.0,-105.0,5.5,sbro,,,,
2009-10,2010-03-16,Edmonton,Minnesota,1.0,1.0,False,0,1,1.0,2.0,2.0,4.0,-251.0,5.5,sbro,,,,
2009-10,2010-03-16,Colorado,St.Louis,2.0,2.0,False,2,1,1.0,0.0,5.0,3.0,-125.0,5.5,sbro,,,,
2009-10,2010-03-16,Philadelphia,Nashville,0.0,0.0,False,1,3,2.0,0.0,3.0,4.0,-120.0,5.5,sbro,,,,
2009-10,2010-03-16,SanJose,Dallas,1.0,3.0,False,0,1,1.0,4.0,2.0,8.0,120.0,5.5,sbro,,,,
2009-10,2010-03-16,NYIslanders,Vancouver,2.0,2.0,False,2,0,1.0,0.0,5.0,2.0,-262.0,5.5,sbro,,,,
2009-10,2010-03-17,Pittsburgh,NewJersey,0.0,2.0,False,1,2,1.0,1.0,2.0,5.0,-135.0,5.5,sbro,,,,
2009-10,2010-03-17,Calgary,Colorado,1.0,1.0,False,2,0,0.0,1.0,3.0,2.0,-115.0,5.5,sbro,,,,
2009-10,2010-03-17,Chicago,Anaheim,0.0,1.0,False,1,1,1.0,2.0,2.0,4.0,120.0,5.5,sbro,,,,
2009-10,2010-03-18,St.Louis,NYRangers,2.0,0.0,False,1,2,1.0,1.0,4.0,3.0,-135.0,5.5,sbro,,,,
2009-10,2010-03-18,Pittsburgh,Boston,1.0,0.0,False,1,0,1.0,0.0,3.0,0.0,-135.0,5.5,sbro,,,,
2009-10,2010-03-18,Ottawa,Atlanta,3.0,2.0,False,0,1,0.0,3.0,3.0,6.0,100.0,5.5,sbro,,,,
2009-10,2010-03-18,Washington,Carolina,2.0,1.0,False,0,0,1.0,2.0,3.0,4.0,125.0,6.0,sbro,,,,
2009-10,2010-03-18,Buffalo,TampaBay,1.0,0.0,False,3,0,2.0,2.0,6.0,2.0,100.0,5.5,sbro,,,,
2009-10,2010-03-18,NewJersey,Toronto,1.0,0.0,False,0,1,0.0,0.0,1.0,2.0,100.0,5.5,sbro,,,,
2009-10,2010-03-18,Phoenix,Florida,0.0,2.0,False,0,1,3.0,0.0,4.0,3.0,110.0,5.5,sbro,,,,
2009-10,2010-03-18,Minnesota,Nashville,0.0,1.0,False,0,3,0.0,1.0,0.0,5.0,-156.0,5.5,sbro,,,,
2009-10,2010-03-18,Philadelphia,Dallas,1.0,0.0,False,1,2,1.0,0.0,3.0,2.0,-105.0,5.5,sbro,,,,
2009-10,2010-03-18,SanJose,Vancouver,1.0,1.0,False,0,2,1.0,0.0,2.0,3.0,-135.0,5.5,sbro,,,,
2009-10,2010-03-18,Chicago,LosAngeles,1.0,0.0,False,0,0,2.0,0.0,3.0,0.0,-116.0,5.5,sbro,,,,
2009-10,2010-03-19,Minnesota,Columbus,1.0,1.0,False,1,0,0.0,3.0,2.0,4.0,-140.0,5.5,sbro,,,,
2009-10,2010-03-19,SanJose,Calgary,1.0,2.0,False,0,2,2.0,0.0,3.0,4.0,-120.0,5.5,sbro,,,,
2009-10,2010-03-19,Detroit,Edmonton,1.0,0.0,False,0,2,1.0,0.0,2.0,3.0,200.0,5.5,sbro,,,,
2009-10,2010-03-19,NYIslanders,Anaheim,2.0,0.0,False,2,2,0.0,2.0,4.0,5.0,-170.0,5.5,sbro,,,,
2009-10,2010-03-20,Carolina,Pittsburgh,0.0,1.0,False,1,0,1.0,1.0,3.0,2.0,-210.0,5.5,sbro,,,,
2009-10,2010-03-20,Ottawa,Dallas,1.0,2.0,False,2,2,1.0,1.0,4.0,5.0,-115.0,5.5,sbro,,,,
2009-10,2010-03-20,Philadelphia,Atlanta,1.0,1.0,False,1,2,0.0,2.0,2.0,5.0,105.0,6.0,sbro,,,,
2009-10,2010-03-20,Buffalo,Florida,1.0,1.0,False,1,0,1.0,0.0,3.0,1.0,115.0,5.5,sbro,,,,
2009-10,2010-03-20,Montreal,Toronto,0.0,1.0,False,1,1,1.0,0.0,2.0,3.0,-109.0,5.5,sbro,,,,
2009-10,2010-03-20,St.Louis,NewJersey,0.0,0.0,False,1,0,0.0,0.0,1.0,0.0,-162.0,5.5,sbro,,,,
2009-10,2010-03-20,Washington,TampaBay,0.0,0.0,False,2,1,1.0,0.0,3.0,1.0,173.0,6.5,sbro,,,,
2009-10,2010-03-20,Columbus,Nashville,0.0,0.0,False,0,0,0.0,0.0,0.0,1.0,-203.0,5.5,sbro,,,,
2009-10,2010-03-20,Chicago,Phoenix,1.0,1.0,False,1,0,2.0,3.0,4.0,5.0,-115.0,5.5,sbro,,,,
2009-10,2010-03-20,Detroit,Vancouver,3.0,0.0,False,0,2,0.0,1.0,4.0,3.0,-145.0,5.5,sbro,,,,
2009-10,2010-03-20,NYIslanders,LosAngeles,0.0,0.0,False,0,1,0.0,0.0,0.0,1.0,-203.0,5.5,sbro,,,,
2009-10,2010-03-21,NYRangers,Boston,0.0,1.0,False,0,0,1.0,1.0,1.0,2.0,-130.0,5.0,sbro,,,,
2009-10,2010-03-21,Calgary,Minnesota,1.0,2.0,False,1,2,1.0,0.0,3.0,4.0,-109.0,5.5,sbro,,,,
2009-10,2010-03-21,TampaBay,Florida,0.0,0.0,False,1,3,1.0,2.0,2.0,5.0,-130.0,5.5,sbro,,,,
2009-10,2010-03-21,Buffalo,Carolina,4.0,1.0,False,1,0,0.0,2.0,5.0,3.0,-115.0,5.5,sbro,,,,
2009-10,2010-03-21,Nashville,St.Louis,1.0,0.0,False,0,1,2.0,1.0,3.0,2.0,-125.0,5.5,sbro,,,,
2009-10,2010-03-21,Phoenix,Dallas,1.0,1.0,False,1,0,0.0,1.0,3.0,2.0,-116.0,5.5,sbro,,,,
2009-10,2010-03-21,Atlanta,Philadelphia,0.0,0.0,False,2,0,1.0,1.0,3.0,1.0,-203.0,6.0,sbro,,,,
2009-10,2010-03-21,SanJose,Edmonton,0.0,1.0,False,0,2,1.0,2.0,1.0,5.0,200.0,5.5,sbro,,,,
2009-10,2010-03-21,Colorado,Anaheim,0.0,2.0,False,0,2,2.0,1.0,2.0,5.0,-130.0,5.5,sbro,,,,
2009-10,2010-03-22,Pittsburgh,Detroit,1.0,1.0,False,0,1,0.0,1.0,1.0,3.0,-139.0,5.5,sbro,,,,
2009-10,2010-03-22,Ottawa,Montreal,0.0,0.0,False,1,0,1.0,0.0,2.0,0.0,-135.0,5.5,sbro,,,,
2009-10,2010-03-22,Colorado,LosAngeles,0.0,1.0,False,1,1,2.0,1.0,3.0,4.0,-145.0,5.5,sbro,,,,
2009-10,2010-03-23,Florida,Toronto,0.0,0.0,False,1,0,3.0,1.0,4.0,1.0,-151.0,5.5,sbro,,,,
2009-10,2010-03-23,Boston,Atlanta,2.0,0.0,False,1,0,1.0,0.0,4.0,0.0,-105.0,5.5,sbro,,,,
2009-10,2010-03-23,Columbus,NewJersey,2.0,4.0,False,0,1,1.0,1.0,3.0,6.0,-209.0,5.5,sbro,,,,
2009-10,2010-03-23,Philadelphia,Ottawa,0.0,0.0,False,0,1,0.0,1.0,0.0,2.0,-116.0,5.5,sbro,,,,
2009-10,2010-03-23,Carolina,TampaBay,2.0,1.0,False,0,0,0.0,1.0,2.0,3.0,-116.0,5.5,sbro,,,,
2009-10,2010-03-23,SanJose,Minnesota,1.0,1.0,False,1,0,2.0,0.0,4.0,1.0,-116.0,5.5,sbro,,,,
2009-10,2010-03-23,Dallas,Nashville,1.0,1.0,False,0,0,2.0,0.0,3.0,1.0,-172.0,5.5,sbro,,,,
2009-10,2010-03-23,Phoenix,Chicago,0.0,2.0,False,0,0,0.0,0.0,0.0,2.0,-151.0,5.5,sbro,,,,
2009-10,2010-03-23,Anaheim,Calgary,1.0,1.0,False,0,1,0.0,1.0,1.0,3.0,-145.0,5.5,sbro,,,,
2009-10,2010-03-23,Vancouver,Edmonton,1.0,1.0,False,1,2,0.0,0.0,2.0,3.0,211.0,5.5,sbro,,,,
2009-10,2010-03-24,Pittsburgh,Washington,2.0,1.0,False,0,0,1.0,2.0,3.0,4.0,-210.0,6.5,sbro,,,,
2009-10,2010-03-24,NYIslanders,NYRangers,0.0,0.0,False,0,3,0.0,2.0,0.0,5.0,-140.0,5.5,sbro,,,,
2009-10,2010-03-24,Montreal,Buffalo,1.0,0.0,False,1,0,0.0,2.0,2.0,3.0,-162.0,5.5,sbro,,,,
2009-10,2010-03-24,St.Louis,Detroit,0.0,2.0,False,1,0,1.0,2.0,2.0,4.0,-177.0,5.5,sbro,,,,
2009-10,2010-03-24,LosAngeles,Colorado,0.0,0.0,False,1,3,2.0,0.0,3.0,4.0,-125.0,5.5,sbro,,,,
2009-10,2010-03-24,Anaheim,Vancouver,0.0,1.0,False,0,2,1.0,1.0,1.0,4.0,-210.0,5.5,sbro,,,,
2009-10,2010-03-25,Calgary,NYIslanders,1.0,0.0,False,1,1,0.0,2.0,2.0,3.0,114.0,5.5,sbro,,,,
2009-10,2010-03-25,Minnesota,Philadelphia,1.0,1.0,False,0,2,2.0,0.0,4.0,3.0,-172.0,5.5,sbro,,,,
2009-10,2010-03-25,Chicago,Columbus,1.0,4.0,False,0,2,2.0,2.0,3.0,8.0,131.0,5.5,sbro,,,,
2009-10,2010-03-25,Toronto,Atlanta,0.0,0.0,False,1,1,0.0,0.0,2.0,1.0,-120.0,6.0,sbro,,,,
2009-10,2010-03-25,Washington,Carolina,1.0,0.0,False,0,2,1.0,0.0,2.0,3.0,146.0,6.5,sbro,,,,
2009-10,2010-03-25,TampaBay,Boston,2.0,1.0,False,2,1,1.0,1.0,5.0,3.0,-188.0,5.5,sbro,,,,
2009-10,2010-03-25,NYRangers,NewJersey,1.0,0.0,False,0,1,2.0,2.0,4.0,3.0,-193.0,5.0,sbro,,,,
2009-10,2010-03-25,Florida,Montreal,0.0,0.0,False,0,2,1.0,2.0,1.0,4.0,-177.0,5.5,sbro,,,,
2009-10,2010-03-25,LosAngeles,St.Louis,0.0,1.0,False,0,1,1.0,1.0,1.0,3.0,-110.0,5.5,sbro,,,,
2009-10,2010-03-25,Phoenix,Nashville,0.0,2.0,False,1,1,2.0,0.0,3.0,4.0,-122.0,5.0,sbro,,,,
2009-10,2010-03-25,Dallas,SanJose,0.0,2.0,False,0,0,0.0,1.0,0.0,3.0,-230.0,5.5,sbro,,,,
2009-10,2010-03-26,Minnesota,Detroit,1.0,4.0,False,0,0,1.0,2.0,2.0,6.0,-250.0,5.5,sbro,,,,
2009-10,2010-03-26,Ottawa,Buffalo,2.0,1.0,False,1,0,1.0,1.0,4.0,2.0,-156.0,5.0,sbro,,,,
2009-10,2010-03-26,Anaheim,Edmonton,0.0,1.0,False,1,0,2.0,1.0,3.0,2.0,115.0,5.5,sbro,,,,
2009-10,2010-03-27,Calgary,Boston,0.0,2.0,False,0,1,0.0,2.0,0.0,5.0,-125.0,5.0,sbro,,,,
2009-10,2010-03-27,Philadelphia,Pittsburgh,0.0,1.0,False,1,1,0.0,2.0,1.0,4.0,-182.0,5.5,sbro,,,,
2009-10,2010-03-27,NYIslanders,Columbus,0.0,1.0,False,2,0,1.0,2.0,4.0,3.0,-140.0,5.5,sbro,,,,
2009-10,2010-03-27,NewJersey,Montreal,2.0,2.0,False,1,0,1.0,0.0,4.0,2.0,-116.0,5.0,sbro,,,,
2009-10,2010-03-27,NYRangers,Toronto,0.0,1.0,False,2,0,0.0,1.0,2.0,3.0,-109.0,5.5,sbro,,,,
2009-10,2010-03-27,Atlanta,Carolina,3.0,0.0,False,0,0,1.0,0.0,4.0,0.0,-145.0,6.0,sbro,,,,
2009-10,2010-03-27,Florida,Ottawa,1.0,2.0,False,0,0,1.0,1.0,2.0,3.0,-182.0,5.0,sbro,,,,
2009-10,2010-03-27,TampaBay,Buffalo,1.0,3.0,False,0,3,0.0,1.0,1.0,7.0,-193.0,5.5,sbro,,,,
2009-10,2010-03-27,Detroit,Nashville,0.0,0.0,False,0,0,0.0,0.0,1.0,0.0,-109.0,5.5,sbro,,,,
2009-10,2010-03-27,Colorado,Phoenix,1.0,2.0,False,1,1,0.0,3.0,2.0,6.0,-145.0,5.0,sbro,,,,
2009-10,2010-03-27,Vancouver,SanJose,0.0,3.0,False,1,0,1.0,1.0,2.0,4.0,-140.0,5.5,sbro,,,,
2009-10,2010-03-27,Dallas,LosAngeles,3.0,0.0,False,0,1,1.0,0.0,4.0,1.0,-166.0,5.5,sbro,,,,
2009-10,2010-03-28,Calgary,Washington,1.0,2.0,False,4,0,0.0,1.0,5.0,3.0,-230.0,6.0,sbro,,,,
2009-10,2010-03-28,Toronto,Pittsburgh,2.0,2.0,False,1,1,1.0,1.0,4.0,5.0,-210.0,5.5,sbro,,,,
2009-10,2010-03-28,Edmonton,St.Louis,0.0,1.0,False,1,0,0.0,1.0,1.0,2.0,-210.0,5.5,sbro,,,,
2009-10,2010-03-28,Columbus,Chicago,2.0,0.0,False,1,1,1.0,1.0,4.0,2.0,-290.0,5.5,sbro,,,,
2009-10,2010-03-28,NewJersey,Philadelphia,0.0,2.0,False,0,2,1.0,1.0,1.0,5.0,-109.0,5.5,sbro,,,,
2009-10,2010-03-28,Colorado,SanJose,2.0,1.0,False,0,1,1.0,2.0,3.0,4.0,-220.0,5.5,sbro,,,,
2009-10,2010-03-29,Buffalo,Boston,1.0,0.0,False,2,1,0.0,1.0,3.0,2.0,-155.0,5.0,sbro,,,,
2009-10,2010-03-29,Carolina,Atlanta,2.0,0.0,False,0,1,2.0,0.0,4.0,1.0,-125.0,6.0,sbro,,,,
2009-10,2010-03-29,Nashville,Florida,1.0,0.0,False,0,0,1.0,2.0,3.0,2.0,100.0,5.5,sbro,,,,
2009-10,2010-03-29,LosAngeles,Minnesota,1.0,2.0,False,0,0,1.0,1.0,2.0,3.0,-110.0,5.5,sbro,,,,
2009-10,2010-03-29,Dallas,Anaheim,1.0,3.0,False,0,0,0.0,0.0,1.0,3.0,-140.0,5.5,sbro,,,,
2009-10,2010-03-30,TampaBay,Columbus,1.0,0.0,False,1,1,0.0,2.0,2.0,3.0,-145.0,5.5,sbro,,,,
2009-10,2010-03-30,Atlanta,Toronto,2.0,1.0,False,0,0,1.0,1.0,3.0,2.0,-145.0,6.0,sbro,,,,
2009-10,2010-03-30,NYRangers,NYIslanders,3.0,0.0,False,0,2,1.0,1.0,4.0,3.0,-115.0,5.5,sbro,,,,
2009-10,2010-03-30,Ottawa,Washington,0.0,2.0,False,3,1,1.0,1.0,5.0,4.0,-203.0,6.0,sbro,,,,
2009-10,2010-03-30,Boston,NewJersey,0.0,0.0,False,0,0,0.0,0.0,1.0,0.0,-166.0,5.0,sbro,,,,
2009-10,2010-03-30,Edmonton,Detroit,2.0,1.0,False,0,3,2.0,1.0,4.0,5.0,-385.0,5.5,sbro,,,,
2009-10,2010-03-30,LosAngeles,Nashville,0.0,0.0,False,0,0,2.0,0.0,2.0,0.0,-130.0,5.5,sbro,,,,
2009-10,2010-03-30,Chicago,St.Louis,0.0,1.0,False,2,1,0.0,2.0,2.0,4.0,110.0,5.5,sbro,,,,
2009-10,2010-03-30,Phoenix,Vancouver,0.0,1.0,False,1,3,0.0,0.0,1.0,4.0,-172.0,5.5,sbro,,,,
2009-10,2010-03-31,Florida,Buffalo,0.0,2.0,False,1,2,1.0,2.0,2.0,6.0,-205.0,5.0,sbro,,,,
2009-10,2010-03-31,Carolina,Montreal,1.0,0.0,False,0,1,1.0,0.0,2.0,1.0,-167.0,5.5,sbro,,,,
2009-10,2010-03-31,TampaBay,Pittsburgh,1.0,0.0,False,1,0,0.0,0.0,2.0,0.0,-243.0,6.0,sbro,,,,
2009-10,2010-03-31,Chicago,Minnesota,1.0,0.0,False,1,0,2.0,0.0,4.0,0.0,105.0,5.5,sbro,,,,
2009-10,2010-03-31,SanJose,Dallas,0.0,3.0,False,1,2,0.0,0.0,1.0,5.0,115.0,5.5,sbro,,,,
2009-10,2010-03-31,Anaheim,Colorado,1.0,1.0,False,2,0,2.0,1.0,5.0,2.0,-162.0,5.5,sbro,,,,
2009-10,2010-03-31,Phoenix,Calgary,0.0,1.0,False,0,0,1.0,1.0,1.0,2.0,-151.0,5.0,sbro,,,,
2009-10,2010-04-01,Atlanta,Washington,1.0,0.0,False,0,1,0.0,1.0,1.0,2.0,-273.0,6.5,sbro,,,,
2009-10,2010-04-01,Florida,Boston,0.0,0.0,False,1,0,0.0,0.0,1.0,0.0,-203.0,5.0,sbro,,,,
2009-10,2010-04-01,Buffalo,Toronto,1.0,1.0,False,1,1,0.0,2.0,2.0,4.0,-110.0,5.5,sbro,,,,
2009-10,2010-04-01,Philadelphia,NYIslanders,1.0,1.0,False,0,3,3.0,2.0,4.0,6.0,115.0,5.5,sbro,,,,
2009-10,2010-04-01,Carolina,Ottawa,2.0,0.0,False,0,1,1.0,2.0,3.0,4.0,-177.0,5.5,sbro,,,,
2009-10,2010-04-01,Columbus,Detroit,0.0,1.0,False,1,1,1.0,1.0,2.0,3.0,-310.0,5.5,sbro,,,,
2009-10,2010-04-01,St.Louis,Nashville,1.0,2.0,False,1,0,0.0,1.0,2.0,3.0,-140.0,5.5,sbro,,,,
2009-10,2010-04-01,Vancouver,LosAngeles,2.0,2.0,False,0,3,1.0,3.0,3.0,8.0,-105.0,5.5,sbro,,,,
2009-10,2010-04-02,Chicago,NewJersey,0.0,0.0,False,0,1,1.0,0.0,2.0,1.0,-125.0,5.5,sbro,,,,
2009-10,2010-04-02,Montreal,Philadelphia,0.0,0.0,False,1,0,0.0,0.0,1.0,0.0,-151.0,5.5,sbro,,,,
2009-10,2010-04-02,NYRangers,TampaBay,0.0,0.0,False,4,0,1.0,0.0,5.0,0.0,-116.0,5.5,sbro,,,,
2009-10,2010-04-02,SanJose,Minnesota,0.0,2.0,False,2,0,1.0,0.0,3.0,2.0,115.0,5.5,sbro,,,,
2009-10,2010-04-02,Edmonton,Dallas,3.0,0.0,False,0,3,0.0,3.0,3.0,6.0,-240.0,5.5,sbro,,,,
2009-10,2010-04-02,Calgary,Colorado,1.0,0.0,False,0,0,1.0,1.0,2.0,1.0,-130.0,5.0,sbro,,,,
2009-10,2010-04-02,Vancouver,Anaheim,1.0,2.0,False,0,0,3.0,2.0,5.0,4.0,-115.0,5.5,sbro,,,,
2009-10,2010-04-03,Atlanta,Pittsburgh,1.0,1.0,False,1,0,1.0,2.0,3.0,4.0,-230.0,6.0,sbro,,,,
2009-10,2010-04-03,Nashville,Detroit,3.0,1.0,False,0,1,0.0,1.0,4.0,3.0,-193.0,5.5,sbro,,,,
2009-10,2010-04-03,Ottawa,NYIslanders,0.0,3.0,False,0,0,1.0,1.0,1.0,4.0,120.0,5.5,sbro,,,,
2009-10,2010-04-03,Buffalo,Montreal,0.0,1.0,False,0,1,0.0,1.0,0.0,3.0,-116.0,5.0,sbro,,,,
2009-10,2010-04-03,Washington,Columbus,0.0,0.0,False,3,1,0.0,1.0,3.0,2.0,152.0,6.5,sbro,,,,
2009-10,2010-04-03,NYRangers,Florida,0.0,1.0,False,0,0,4.0,0.0,4.0,1.0,-105.0,5.0,sbro,,,,
2009-10,2010-04-03,Boston,Toronto,1.0,0.0,False,0,1,0.0,0.0,2.0,1.0,-105.0,5.5,sbro,,,,
2009-10,2010-04-03,NewJersey,Carolina,0.0,0.0,False,2,0,2.0,0.0,4.0,0.0,-125.0,5.5,sbro,,,,
2009-10,2010-04-03,Dallas,St.Louis,1.0,1.0,False,0,0,0.0,1.0,1.0,2.0,-140.0,5.5,sbro,,,,
2009-10,2010-04-03,Edmonton,Phoenix,0.0,1.0,False,1,1,1.0,0.0,2.0,3.0,-305.0,5.5,sbro,,,,
2009-10,2010-04-03,Anaheim,LosAngeles,0.0,0.0,False,0,1,1.0,0.0,2.0,1.0,-193.0,5.5,sbro,,,,
2009-10,2010-04-04,Calgary,Chicago,1.0,1.0,False,0,2,0.0,1.0,1.0,4.0,-193.0,5.5,sbro,,,,
2009-10,2010-04-04,Detroit,Philadelphia,0.0,2.0,False,2,2,1.0,0.0,3.0,4.0,-120.0,5.5,sbro,,,,
2009-10,2010-04-04,SanJose,Colorado,0.0,2.0,False,2,1,2.0,1.0,4.0,5.0,-116.0,5.5,sbro,,,,
2009-10,2010-04-04,Minnesota,Vancouver,0.0,1.0,False,0,1,3.0,1.0,3.0,4.0,-220.0,5.5,sbro,,,,
2009-10,2010-04-05,Boston,Washington,1.0,1.0,False,1,1,0.0,0.0,2.0,3.0,-140.0,6.0,sbro,,,,
2009-10,2010-04-05,Columbus,St.Louis,0.0,1.0,False,1,0,0.0,0.0,1.0,2.0,-170.0,5.5,sbro,,,,
2009-10,2010-04-05,Minnesota,Edmonton,1.0,0.0,False,0,2,0.0,2.0,1.0,4.0,-105.0,5.5,sbro,,,,
2009-10,2010-04-06,NewJersey,Atlanta,1.0,0.0,False,1,0,1.0,0.0,3.0,0.0,115.0,5.5,sbro,,,,
2009-10,2010-04-06,NYRangers,Buffalo,0.0,2.0,False,2,2,0.0,1.0,2.0,5.0,-135.0,5.0,sbro,,,,
2009-10,2010-04-06,Philadelphia,Toronto,0.0,0.0,False,1,0,1.0,0.0,2.0,0.0,100.0,5.5,sbro,,,,
2009-10,2010-04-06,Ottawa,Florida,2.0,1.0,False,1,0,2.0,1.0,5.0,2.0,110.0,5.0,sbro,,,,
2009-10,2010-04-06,Montreal,NYIslanders,2.0,0.0,False,0,1,1.0,2.0,3.0,4.0,105.0,5.0,sbro,,,,
2009-10,2010-04-06,Carolina,TampaBay,2.0,2.0,False,5,1,1.0,2.0,8.0,5.0,-115.0,5.5,sbro,,,,
2009-10,2010-04-06,Washington,Pittsburgh,3.0,2.0,False,1,0,2.0,1.0,6.0,3.0,-140.0,6.5,sbro,,,,
2009-10,2010-04-06,Chicago,Dallas,1.0,1.0,False,2,0,2.0,1.0,5.0,2.0,131.0,5.5,sbro,,,,
2009-10,2010-04-06,SanJose,Calgary,1.0,0.0,False,1,0,0.0,1.0,2.0,1.0,-120.0,5.5,sbro,,,,
2009-10,2010-04-06,LosAngeles,Anaheim,2.0,2.0,False,0,2,2.0,0.0,5.0,4.0,-109.0,5.5,sbro,,,,
2009-10,2010-04-06,Colorado,Vancouver,1.0,1.0,False,2,1,0.0,1.0,4.0,3.0,-160.0,5.5,sbro,,,,
2009-10,2010-04-07,Toronto,NYRangers,0.0,0.0,False,0,3,1.0,2.0,1.0,5.0,-210.0,5.5,sbro,,,,
2009-10,2010-04-07,Columbus,Detroit,0.0,0.0,False,2,1,1.0,3.0,3.0,4.0,-190.0,5.5,sbro,,,,
2009-10,2010-04-07,St.Louis,Chicago,1.0,2.0,False,1,4,3.0,0.0,5.0,6.0,-203.0,5.5,sbro,,,,
2009-10,2010-04-07,Colorado,Edmonton,0.0,1.0,False,3,2,1.0,1.0,4.0,5.0,-116.0,5.5,sbro,,,,
2009-10,2010-04-07,Nashville,Phoenix,0.0,1.0,False,1,1,1.0,3.0,2.0,5.0,-135.0,5.0,sbro,,,,
2009-10,2010-04-08,Buffalo,Boston,0.0,1.0,False,1,0,0.0,2.0,1.0,3.0,-161.0,5.0,sbro,,,,
2009-10,2010-04-08,Montreal,Carolina,1.0,2.0,False,0,0,1.0,3.0,2.0,5.0,-115.0,5.5,sbro,,,,
2009-10,2010-04-08,Ottawa,TampaBay,2.0,1.0,False,0,2,1.0,0.0,3.0,4.0,115.0,5.5,sbro,,,,
2009-10,2010-04-08,NYIslanders,Pittsburgh,1.0,2.0,False,2,4,0.0,1.0,3.0,7.0,-210.0,5.5,sbro,,,,
2009-10,2010-04-08,NewJersey,Florida,1.0,1.0,False,0,0,1.0,2.0,2.0,3.0,142.0,5.0,sbro,,,,
2009-10,2010-04-08,Anaheim,Dallas,1.0,1.0,False,0,0,1.0,1.0,2.0,3.0,-140.0,5.5,sbro,,,,
2009-10,2010-04-08,Minnesota,Calgary,0.0,1.0,False,1,0,0.0,0.0,2.0,1.0,-162.0,5.0,sbro,,,,
2009-10,2010-04-08,Phoenix,LosAngeles,0.0,1.0,False,0,0,2.0,1.0,3.0,2.0,-162.0,5.0,sbro,,,,
2009-10,2010-04-08,Vancouver,SanJose,0.0,3.0,False,0,1,2.0,0.0,2.0,4.0,-166.0,5.5,sbro,,,,
2009-10,2010-04-09,Detroit,Columbus,0.0,0.0,False,0,0,0.0,0.0,1.0,0.0,-105.0,5.5,sbro,,,,
2009-10,2010-04-09,Philadelphia,NYRangers,2.0,2.0,False,1,2,0.0,0.0,3.0,4.0,-145.0,5.5,sbro,,,,
2009-10,2010-04-09,Atlanta,Washington,2.0,1.0,False,0,1,0.0,3.0,2.0,5.0,-230.0,6.5,sbro,,,,
2009-10,2010-04-09,Anaheim,St.Louis,2.0,1.0,False,1,1,0.0,4.0,3.0,6.0,-220.0,5.5,sbro,,,,
2009-10,2010-04-09,Chicago,Colorado,1.0,1.0,False,2,0,2.0,1.0,5.0,2.0,120.0,5.5,sbro,,,,
2009-10,2010-04-10,Carolina,Boston,2.0,3.0,False,0,0,0.0,1.0,2.0,4.0,-165.0,5.0,sbro,,,,
2009-10,2010-04-10,Edmonton,LosAngeles,1.0,0.0,False,1,0,1.0,3.0,4.0,3.0,-220.0,5.5,sbro,,,,
2009-10,2010-04-10,Buffalo,Ottawa,2.0,1.0,False,2,0,1.0,1.0,5.0,2.0,-150.0,5.5,sbro,,,,
2009-10,2010-04-10,NYIslanders,NewJersey,0.0,2.0,False,0,3,1.0,2.0,1.0,7.0,-230.0,5.5,sbro,,,,
2009-10,2010-04-10,Toronto,Montreal,1.0,1.0,False,1,2,1.0,0.0,4.0,3.0,-175.0,5.5,sbro,,,,
2009-10,2010-04-10,Pittsburgh,Atlanta,0.0,1.0,False,0,0,0.0,0.0,0.0,1.0,162.0,6.0,sbro,,,,
2009-10,2010-04-10,Florida,TampaBay,1.0,2.0,False,1,1,1.0,0.0,3.0,4.0,-130.0,5.5,sbro,,,,
2009-10,2010-04-10,St.Louis,Nashville,0.0,0.0,False,0,0,1.0,1.0,1.0,2.0,-156.0,5.5,sbro,,,,
2009-10,2010-04-10,Dallas,Minnesota,2.0,0.0,False,0,2,1.0,1.0,4.0,3.0,-120.0,5.5,sbro,,,,
2009-10,2010-04-10,Calgary,Vancouver,1.0,1.0,False,1,3,1.0,3.0,3.0,7.0,-172.0,5.5,sbro,,,,
2009-10,2010-04-10,Phoenix,SanJose,1.0,1.0,False,0,1,1.0,0.0,2.0,3.0,-193.0,5.0,sbro,,,,
2009-10,2010-04-11,Detroit,Chicago,1.0,0.0,False,0,1,1.0,1.0,3.0,2.0,-200.0,5.5,sbro,,,,
2009-10,2010-04-11,LosAngeles,Colorado,0.0,0.0,False,0,1,1.0,0.0,2.0,1.0,-135.0,5.5,sbro,,,,
2009-10,2010-04-11,Boston,Washington,0.0,0.0,False,2,2,1.0,1.0,4.0,3.0,-210.0,6.0,sbro,,,,
2009-10,2010-04-11,NYRangers,Philadelphia,0.0,0.0,False,1,0,0.0,1.0,1.0,2.0,-135.0,5.5,sbro,,,,
2009-10,2010-04-11,Pittsburgh,NYIslanders,2.0,1.0,False,3,1,0.0,3.0,6.0,5.0,115.0,6.0,sbro,,,,
2009-10,2010-04-11,TampaBay,Florida,0.0,0.0,False,2,1,1.0,0.0,3.0,1.0,-143.0,5.5,sbro,,,,
2009-10,2010-04-11,Buffalo,NewJersey,1.0,1.0,False,0,0,0.0,1.0,1.0,2.0,-200.0,5.5,sbro,,,,
2009-10,2010-04-11,Edmonton,Anaheim,0.0,1.0,False,1,3,1.0,3.0,2.0,7.0,-203.0,5.5,sbro,,,,
2009-10,2010-04-14,Ottawa,Pittsburgh,2.0,1.0,False,2,1,1.0,2.0,5.0,4.0,-195.0,5.5,sbro,,,,
2009-10,2010-04-14,Philadelphia,NewJersey,2.0,0.0,False,0,0,0.0,1.0,2.0,1.0,-180.0,5.0,sbro,,,,
2009-10,2010-04-14,Detroit,Phoenix,0.0,1.0,False,2,1,0.0,1.0,2.0,3.0,-105.0,5.0,sbro,,,,
2009-10,2010-04-14,Colorado,SanJose,1.0,0.0,False,0,0,1.0,1.0,2.0,1.0,-240.0,5.5,sbro,,,,
2009-10,2010-04-15,Montreal,Washington,0.0,0.0,False,1,1,1.0,1.0,3.0,2.0,-265.0,6.0,sbro,,,,
2009-10,2010-04-15,Boston,Buffalo,1.0,1.0,False,0,1,0.0,0.0,1.0,2.0,-164.0,5.0,sbro,,,,
2009-10,2010-04-15,LosAngeles,Vancouver,2.0,2.0,False,0,0,0.0,0.0,2.0,3.0,-185.0,5.5,sbro,,,,
2009-10,2010-04-16,Nashville,Chicago,0.0,1.0,False,0,0,4.0,0.0,4.0,1.0,-240.0,5.0,sbro,,,,
2009-10,2010-04-16,Ottawa,Pittsburgh,0.0,0.0,False,1,1,0.0,1.0,1.0,2.0,-240.0,5.5,sbro,,,,
2009-10,2010-04-16,Philadelphia,NewJersey,1.0,2.0,False,2,1,0.0,2.0,3.0,5.0,-182.0,5.0,sbro,,,,
2009-10,2010-04-16,Detroit,Phoenix,3.0,2.0,False,0,1,4.0,1.0,7.0,4.0,110.0,5.0,sbro,,,,
2009-10,2010-04-16,Colorado,SanJose,3.0,3.0,False,1,1,1.0,1.0,5.0,6.0,-265.0,5.5,sbro,,,,
2009-10,2010-04-17,Boston,Buffalo,2.0,1.0,False,0,2,3.0,0.0,5.0,3.0,-151.0,5.0,sbro,,,,
2009-10,2010-04-17,Montreal,Washington,2.0,1.0,False,2,1,1.0,3.0,5.0,6.0,-325.0,6.0,sbro,,,,
2009-10,2010-04-17,LosAngeles,Vancouver,2.0,0.0,False,0,2,0.0,0.0,3.0,2.0,-177.0,5.0,sbro,,,,
2009-10,2010-04-18,Phoenix,Detroit,1.0,0.0,False,1,1,2.0,1.0,4.0,2.0,-203.0,5.0,sbro,,,,
2009-10,2010-04-18,NewJersey,Philadelphia,1.0,1.0,False,1,1,0.0,0.0,2.0,3.0,-116.0,5.0,sbro,,,,
2009-10,2010-04-18,Pittsburgh,Ottawa,2.0,1.0,False,1,0,1.0,1.0,4.0,2.0,105.0,5.5,sbro,,,,
2009-10,2010-04-18,Nashville,Chicago,0.0,1.0,False,0,0,0.0,1.0,0.0,2.0,-290.0,5.0,sbro,,,,
2009-10,2010-04-18,SanJose,Colorado,0.0,0.0,False,0,0,0.0,0.0,0.0,1.0,125.0,5.5,sbro,,,,
2009-10,2010-04-19,Buffalo,Boston,0.0,0.0,False,1,1,0.0,1.0,1.0,2.0,-135.0,5.0,sbro,,,,
2009-10,2010-04-19,Washington,Montreal,4.0,0.0,False,0,0,1.0,1.0,5.0,1.0,155.0,6.0,sbro,,,,
2009-10,2010-04-19,Vancouver,LosAngeles,1.0,3.0,False,1,1,1.0,1.0,3.0,5.0,-105.0,5.0,sbro,,,,
2009-10,2010-04-20,Phoenix,Detroit,0.0,1.0,False,0,0,0.0,2.0,0.0,3.0,-225.0,5.0,sbro,,,,
2009-10,2010-04-20,Pittsburgh,Ottawa,5.0,3.0,False,1,0,1.0,1.0,7.0,4.0,115.0,5.5,sbro,,,,
2009-10,2010-04-20,NewJersey,Philadelphia,0.0,2.0,False,1,0,0.0,2.0,1.0,4.0,-116.0,5.0,sbro,,,,
2009-10,2010-04-20,Chicago,Nashville,0.0,2.0,False,1,1,0.0,1.0,1.0,4.0,120.0,5.0,sbro,,,,
2009-10,2010-04-20,SanJose,Colorado,0.0,1.0,False,1,0,0.0,0.0,2.0,1.0,136.0,5.5,sbro,,,,
2009-10,2010-04-21,Buffalo,Boston,1.0,0.0,False,1,0,0.0,2.0,2.0,3.0,-125.0,5.0,sbro,,,,
2009-10,2010-04-21,Washington,Montreal,1.0,1.0,False,1,1,4.0,1.0,6.0,3.0,170.0,6.0,sbro,,,,
2009-10,2010-04-21,Vancouver,LosAngeles,2.0,2.0,False,0,1,4.0,1.0,6.0,4.0,-101.0,5.0,sbro,,,,
2009-10,2010-04-22,Philadelphia,NewJersey,2.0,0.0,False,1,0,0.0,0.0,3.0,0.0,-170.0,5.0,sbro,,,,
2009-10,2010-04-22,Ottawa,Pittsburgh,0.0,1.0,False,2,1,1.0,1.0,4.0,3.0,-290.0,5.5,sbro,,,,
2009-10,2010-04-22,Chicago,Nashville,2.0,0.0,False,1,0,0.0,0.0,3.0,0.0,131.0,5.0,sbro,,,,
2009-10,2010-04-22,Colorado,SanJose,0.0,3.0,False,0,0,0.0,2.0,0.0,5.0,-260.0,5.5,sbro,,,,
2009-10,2010-04-23,Boston,Buffalo,0.0,1.0,False,0,2,1.0,1.0,1.0,4.0,-150.0,5.0,sbro,,,,
2009-10,2010-04-23,Montreal,Washington,0.0,1.0,False,2,0,0.0,0.0,2.0,1.0,-330.0,6.0,sbro,,,,
2009-10,2010-04-23,LosAngeles,Vancouver,0.0,2.0,False,1,2,1.0,3.0,2.0,7.0,-180.0,5.5,sbro,,,,
2009-10,2010-04-23,Detroit,Phoenix,0.0,1.0,False,1,0,3.0,0.0,4.0,1.0,103.0,5.0,sbro,,,,
2009-10,2010-04-24,Nashville,Chicago,1.0,1.0,False,1,2,2.0,1.0,4.0,5.0,-250.0,5.0,sbro,,,,
2009-10,2010-04-24,Pittsburgh,Ottawa,1.0,2.0,False,0,1,2.0,0.0,4.0,3.0,132.0,5.5,sbro,,,,
2009-10,2010-04-24,SanJose,Colorado,0.0,1.0,False,1,0,4.0,1.0,5.0,2.0,152.0,5.5,sbro,,,,
2009-10,2010-04-25,Phoenix,Detroit,3.0,1.0,False,1,0,1.0,1.0,5.0,2.0,-230.0,5.0,sbro,,,,
2009-10,2010-04-25,Vancouver,LosAngeles,1.0,1.0,False,0,1,3.0,0.0,4.0,2.0,110.0,5.5,sbro,,,,
2009-10,2010-04-26,Buffalo,Boston,1.0,1.0,False,0,1,2.0,2.0,3.0,4.0,-230.0,5.0,sbro,,,,
2009-10,2010-04-26,Washington,Montreal,0.0,0.0,False,0,2,1.0,2.0,1.0,4.0,110.0,6.0,sbro,,,,
2009-10,2010-04-26,Chicago,Nashville,0.0,0.0,False,4,3,1.0,0.0,5.0,3.0,130.0,5.0,sbro,,,,
2009-10,2010-04-27,Detroit,Phoenix,4.0,1.0,False,0,0,2.0,0.0,6.0,1.0,-105.0,5.0,sbro,,,,
2009-10,2010-04-28,Montreal,Washington,0.0,0.0,False,1,0,1.0,1.0,2.0,1.0,-300.0,6.0,sbro,,,,
2009-10,2010-04-29,Detroit,SanJose,1.0,0.0,False,1,3,1.0,1.0,3.0,4.0,-135.0,5.5,sbro,,,,
2009-10,2010-04-30,Montreal,Pittsburgh,1.0,2.0,False,1,2,1.0,2.0,3.0,6.0,-300.0,5.5,sbro,,,,
2009-10,2010-05-01,Vancouver,Chicago,3.0,0.0,False,2,0,0.0,1.0,5.0,1.0,-145.0,5.5,sbro,,,,
2009-10,2010-05-01,Philadelphia,Boston,2.0,1.0,False,0,2,2.0,1.0,4.0,5.0,-155.0,5.0,sbro,,,,
2009-10,2010-05-02,Montreal,Pittsburgh,1.0,0.0,False,1,1,1.0,0.0,3.0,1.0,-280.0,5.5,sbro,,,,
2009-10,2010-05-02,Detroit,SanJose,1.0,0.0,False,2,2,0.0,2.0,3.0,4.0,-140.0,5.5,sbro,,,,
2009-10,2010-05-03,Philadelphia,Boston,1.0,1.0,False,1,1,0.0,1.0,2.0,3.0,-145.0,5.0,sbro,,,,
2009-10,2010-05-03,Vancouver,Chicago,0.0,0.0,False,2,1,0.0,3.0,2.0,4.0,-165.0,6.0,sbro,,,,
2009-10,2010-05-04,Pittsburgh,Montreal,0.0,0.0,False,0,0,2.0,0.0,2.0,0.0,136.0,5.5,sbro,,,,
2009-10,2010-05-04,SanJose,Detroit,0.0,1.0,False,1,2,2.0,0.0,4.0,3.0,-161.0,5.5,sbro,,,,
2009-10,2010-05-05,Boston,Philadelphia,0.0,0.0,False,2,1,2.0,0.0,4.0,1.0,-156.0,5.0,sbro,,,,
2009-10,2010-05-05,Chicago,Vancouver,1.0,2.0,False,2,0,2.0,0.0,5.0,2.0,-145.0,6.0,sbro,,,,
2009-10,2010-05-06,Pittsburgh,Montreal,0.0,0.0,False,2,1,0.0,2.0,2.0,3.0,156.0,5.5,sbro,,,,
2009-10,2010-05-06,SanJose,Detroit,1.0,1.0,False,0,5,0.0,1.0,1.0,7.0,-123.0,5.5,sbro,,,,
2009-10,2010-05-07,Boston,Philadelphia,1.0,2.0,False,1,1,2.0,1.0,4.0,5.0,-120.0,5.0,sbro,,,,
2009-10,2010-05-07,Chicago,Vancouver,3.0,1.0,False,2,2,2.0,1.0,7.0,4.0,-135.0,6.0,sbro,,,,
2009-10,2010-05-08,Montreal,Pittsburgh,0.0,1.0,False,0,1,1.0,0.0,1.0,2.0,-275.0,5.5,sbro,,,,
2009-10,2010-05-08,Detroit,SanJose,1.0,1.0,False,0,0,0.0,1.0,1.0,2.0,-140.0,5.5,sbro,,,,
2009-10,2010-05-09,Vancouver,Chicago,1.0,0.0,False,2,0,1.0,1.0,4.0,1.0,-190.0,6.0,sbro,,,,
2009-10,2010-05-10,Philadelphia,Boston,2.0,0.0,False,1,0,1.0,0.0,4.0,0.0,-140.0,5.0,sbro,,,,
2009-10,2010-05-10,Pittsburgh,Montreal,1.0,2.0,False,1,1,1.0,1.0,3.0,4.0,155.0,5.5,sbro,,,,
2009-10,2010-05-11,Chicago,Vancouver,3.0,0.0,False,0,0,2.0,1.0,5.0,1.0,-135.0,6.0,sbro,,,,
2009-10,2010-05-12,Boston,Philadelphia,0.0,1.0,False,0,1,1.0,0.0,1.0,2.0,-160.0,5.0,sbro,,,,
2009-10,2010-05-12,Montreal,Pittsburgh,2.0,2.0,False,2,0,1.0,0.0,5.0,2.0,-245.0,5.5,sbro,,,,
2009-10,2010-05-14,Philadelphia,Boston,2.0,0.0,False,1,3,1.0,0.0,4.0,3.0,-125.0,5.0,sbro,,,,
2009-10,2010-05-16,Chicago,SanJose,1.0,0.0,False,0,1,1.0,0.0,2.0,1.0,-125.0,5.5,sbro,,,,
2009-10,2010-05-16,Montreal,Philadelphia,0.0,3.0,False,0,1,0.0,2.0,0.0,6.0,-135.0,5.0,sbro,,,,
2009-10,2010-05-18,Montreal,Philadelphia,0.0,1.0,False,0,1,0.0,1.0,0.0,3.0,-150.0,5.0,sbro,,,,
2009-10,2010-05-18,Chicago,SanJose,2.0,1.0,False,1,0,1.0,1.0,4.0,2.0,-135.0,5.5,sbro,,,,
2009-10,2010-05-20,Philadelphia,Montreal,0.0,1.0,False,0,2,1.0,2.0,1.0,5.0,-130.0,5.0,sbro,,,,
2009-10,2010-05-21,SanJose,Chicago,1.0,1.0,False,0,0,1.0,1.0,2.0,3.0,-160.0,5.5,sbro,,,,
2009-10,2010-05-22,Philadelphia,Montreal,2.0,0.0,False,0,0,1.0,0.0,3.0,0.0,-135.0,5.0,sbro,,,,
2009-10,2010-05-23,SanJose,Chicago,1.0,2.0,False,1,0,0.0,2.0,2.0,4.0,-168.0,5.5,sbro,,,,
2009-10,2010-05-24,Montreal,Philadelphia,0.0,2.0,False,1,1,1.0,1.0,2.0,4.0,-180.0,5.0,sbro,,,,
2009-10,2010-05-29,Philadelphia,Chicago,2.0,3.0,False,3,2,0.0,1.0,5.0,6.0,-200.0,5.5,sbro,,,,
2009-10,2010-05-31,Philadelphia,Chicago,0.0,2.0,False,0,0,1.0,0.0,1.0,2.0,-200.0,6.0,sbro,,,,
2009-10,2010-06-02,Chicago,Philadelphia,2.0,1.0,False,0,1,1.0,1.0,3.0,4.0,-130.0,5.5,sbro,,,,
2009-10,2010-06-04,Chicago,Philadelphia,0.0,0.0,False,1,3,2.0,2.0,3.0,5.0,-115.0,5.5,sbro,,,,
2009-10,2010-06-06,Philadelphia,Chicago,2.0,2.0,False,0,3,2.0,2.0,4.0,7.0,-200.0,5.5,sbro,,,,
2009-10,2010-06-09,Chicago,Philadelphia,2.0,1.0,False,1,1,0.0,1.0,1.0,0.0,-130.0,5.5,sbro,,,,
