season,date,away,home,away_score,home_score,neutral,periods_away,periods_home,ml_open_away,ml_open_home,ml_close_away,ml_close_home,spread_close_home,total_close,source,espn_id,away_abbr,home_abbr,season_type
2010-11,2010-10-07,Carolina,Minnesota,3.0,1.0,False,1,1,0.0,1.0,4.0,3.0,-115.0,5.5,sbro,,,,
2010-11,2010-10-07,Philadelphia,Pittsburgh,2.0,0.0,False,0,0,1.0,2.0,3.0,2.0,-167.0,6.0,sbro,,,,
2010-11,2010-10-07,Montreal,Toronto,0.0,0.0,False,1,2,1.0,1.0,2.0,3.0,-130.0,5.5,sbro,,,,
2010-11,2010-10-07,Chicago,Colorado,1.0,2.0,False,1,1,1.0,0.0,3.0,4.0,100.0,5.5,sbro,,,,
2010-11,2010-10-07,Calgary,Edmonton,0.0,0.0,False,0,1,0.0,3.0,0.0,4.0,-116.0,5.5,sbro,,,,
2010-11,2010-10-08,Minnesota,Carolina,0.0,1.0,False,1,0,0.0,0.0,1.0,2.0,-115.0,5.5,sbro,,,,
2010-11,2010-10-08,Columbus,SanJose,0.0,0.0,False,2,2,0.0,1.0,2.0,3.0,-185.0,5.5,sbro,,,,
2010-11,2010-10-08,Anaheim,Detroit,0.0,2.0,False,0,2,0.0,0.0,0.0,4.0,-193.0,5.5,sbro,,,,
2010-11,2010-10-08,Dallas,NewJersey,2.0,1.0,False,1,2,0.0,0.0,4.0,3.0,-193.0,5.5,sbro,,,,
2010-11,2010-10-08,Buffalo,Ottawa,0.0,1.0,False,1,0,1.0,0.0,2.0,1.0,-135.0,5.5,sbro,,,,
2010-11,2010-10-08,Washington,Atlanta,0.0,2.0,False,1,1,1.0,1.0,2.0,4.0,142.0,6.5,sbro,,,,
2010-11,2010-10-09,Phoenix,Boston,3.0,0.0,False,1,0,1.0,2.0,5.0,2.0,-127.0,5.0,sbro,,,,
2010-11,2010-10-09,SanJose,Columbus,0.0,0.0,False,1,1,1.0,1.0,2.0,3.0,142.0,5.5,sbro,,,,
2010-11,2010-10-09,NYRangers,Buffalo,2.0,1.0,False,2,0,2.0,2.0,6.0,3.0,-139.0,5.5,sbro,,,,
2010-11,2010-10-09,Ottawa,Toronto,0.0,1.0,False,0,2,1.0,2.0,1.0,5.0,-135.0,5.5,sbro,,,,
2010-11,2010-10-09,Dallas,NYIslanders,1.0,2.0,False,2,0,1.0,2.0,5.0,4.0,-113.0,5.5,sbro,,,,
2010-11,2010-10-09,Montreal,Pittsburgh,0.0,1.0,False,1,0,2.0,1.0,3.0,2.0,-220.0,5.5,sbro,,,,
2010-11,2010-10-09,NewJersey,Washington,0.0,4.0,False,2,1,0.0,2.0,2.0,7.0,-151.0,6.0,sbro,,,,
2010-11,2010-10-09,Atlanta,TampaBay,2.0,2.0,False,0,2,1.0,1.0,3.0,5.0,-146.0,6.0,sbro,,,,
2010-11,2010-10-09,Philadelphia,St.Louis,0.0,0.0,False,0,1,1.0,0.0,1.0,2.0,-113.0,5.5,sbro,,,,
2010-11,2010-10-09,Anaheim,Nashville,1.0,3.0,False,0,0,0.0,1.0,1.0,4.0,-141.0,5.5,sbro,,,,
2010-11,2010-10-09,Detroit,Chicago,1.0,1.0,False,1,1,1.0,0.0,3.0,2.0,-151.0,5.5,sbro,,,,
2010-11,2010-10-09,LosAngeles,Vancouver,0.0,1.0,False,0,0,1.0,0.0,2.0,1.0,-156.0,5.5,sbro,,,,
2010-11,2010-10-10,Boston,Phoenix,2.0,0.0,False,0,0,1.0,0.0,3.0,0.0,-111.0,5.0,sbro,,,,
2010-11,2010-10-10,Florida,Edmonton,2.0,3.0,False,0,0,0.0,0.0,2.0,3.0,-149.0,5.5,sbro,,,,
2010-11,2010-10-10,LosAngeles,Calgary,0.0,1.0,False,0,0,1.0,2.0,1.0,3.0,-119.0,5.5,sbro,,,,
2010-11,2010-10-11,Pittsburgh,NewJersey,1.0,0.0,False,1,0,1.0,1.0,3.0,1.0,-145.0,5.5,sbro,,,,
2010-11,2010-10-11,NYRangers,NYIslanders,2.0,1.0,False,1,2,1.0,3.0,4.0,6.0,135.0,5.5,sbro,,,,
2010-11,2010-10-11,Anaheim,St.Louis,1.0,2.0,False,0,2,0.0,1.0,1.0,5.0,-160.0,5.5,sbro,,,,
2010-11,2010-10-11,Chicago,Buffalo,2.0,0.0,False,1,2,1.0,1.0,4.0,3.0,-125.0,5.5,sbro,,,,
2010-11,2010-10-11,Colorado,Philadelphia,1.0,0.0,False,0,2,1.0,2.0,2.0,4.0,-155.0,5.5,sbro,,,,
2010-11,2010-10-11,Ottawa,Washington,1.0,1.0,False,0,1,1.0,0.0,2.0,3.0,-210.0,6.0,sbro,,,,
2010-11,2010-10-11,Florida,Vancouver,1.0,0.0,False,0,1,0.0,1.0,1.0,2.0,-240.0,5.5,sbro,,,,
2010-11,2010-10-12,Colorado,Detroit,1.0,2.0,False,1,1,2.0,1.0,5.0,4.0,-209.0,5.5,sbro,,,,
2010-11,2010-10-12,Atlanta,LosAngeles,1.0,0.0,False,0,0,0.0,3.0,1.0,3.0,-193.0,5.5,sbro,,,,
2010-11,2010-10-13,NYIslanders,Washington,0.0,1.0,False,1,0,0.0,1.0,1.0,2.0,-272.0,6.5,sbro,,,,
2010-11,2010-10-13,NewJersey,Buffalo,0.0,0.0,False,0,0,0.0,0.0,1.0,0.0,-140.0,5.5,sbro,,,,
2010-11,2010-10-13,Toronto,Pittsburgh,3.0,1.0,False,1,2,0.0,0.0,4.0,3.0,-175.0,5.5,sbro,,,,
2010-11,2010-10-13,TampaBay,Montreal,1.0,0.0,False,0,2,2.0,1.0,4.0,3.0,-125.0,5.5,sbro,,,,
2010-11,2010-10-13,Nashville,Chicago,0.0,0.0,False,1,2,2.0,0.0,3.0,2.0,-193.0,5.5,sbro,,,,
2010-11,2010-10-13,Vancouver,Anaheim,0.0,1.0,False,2,1,1.0,2.0,3.0,4.0,105.0,6.0,sbro,,,,
2010-11,2010-10-14,TampaBay,Philadelphia,1.0,0.0,False,1,1,1.0,1.0,3.0,2.0,-166.0,5.5,sbro,,,,
2010-11,2010-10-14,Carolina,Ottawa,0.0,1.0,False,0,1,2.0,1.0,2.0,3.0,-145.0,5.5,sbro,,,,
2010-11,2010-10-14,St.Louis,Nashville,1.0,1.0,False,1,3,1.0,0.0,3.0,4.0,-115.0,5.5,sbro,,,,
2010-11,2010-10-14,Detroit,Dallas,0.0,3.0,False,0,1,1.0,0.0,1.0,4.0,110.0,5.5,sbro,,,,
2010-11,2010-10-14,Edmonton,Minnesota,2.0,2.0,False,0,1,0.0,1.0,2.0,4.0,-130.0,5.5,sbro,,,,
2010-11,2010-10-14,Florida,Calgary,0.0,0.0,False,2,0,1.0,0.0,3.0,0.0,-156.0,5.0,sbro,,,,
2010-11,2010-10-15,Colorado,NewJersey,1.0,1.0,False,1,0,1.0,1.0,3.0,2.0,-156.0,5.5,sbro,,,,
2010-11,2010-10-15,Toronto,NYRangers,3.0,0.0,False,0,1,0.0,2.0,4.0,3.0,-135.0,5.5,sbro,,,,
2010-11,2010-10-15,Chicago,Columbus,2.0,1.0,False,2,0,1.0,1.0,5.0,2.0,-120.0,5.5,sbro,,,,
2010-11,2010-10-15,NYIslanders,Pittsburgh,2.0,2.0,False,0,0,0.0,0.0,2.0,3.0,-220.0,5.5,sbro,,,,
2010-11,2010-10-15,Montreal,Buffalo,2.0,0.0,False,0,0,0.0,1.0,2.0,1.0,-148.0,5.5,sbro,,,,
2010-11,2010-10-15,Atlanta,Anaheim,1.0,2.0,False,1,1,2.0,1.0,5.0,4.0,-140.0,6.0,sbro,,,,
2010-11,2010-10-15,Vancouver,LosAngeles,0.0,1.0,False,0,1,1.0,2.0,1.0,4.0,-115.0,5.5,sbro,,,,
2010-11,2010-10-16,Ottawa,Montreal,2.0,2.0,False,1,1,0.0,1.0,3.0,4.0,-116.0,5.5,sbro,,,,
2010-11,2010-10-16,Boston,NewJersey,4.0,1.0,False,0,0,0.0,0.0,4.0,1.0,-120.0,5.0,sbro,,,,
2010-11,2010-10-16,Colorado,NYIslanders,0.0,3.0,False,0,0,2.0,2.0,2.0,5.0,100.0,5.5,sbro,,,,
2010-11,2010-10-16,Pittsburgh,Philadelphia,1.0,0.0,False,1,1,3.0,0.0,5.0,1.0,-140.0,5.5,sbro,,,,
2010-11,2010-10-16,TampaBay,Florida,0.0,0.0,False,0,4,0.0,2.0,0.0,6.0,-116.0,5.5,sbro,,,,
2010-11,2010-10-16,Washington,Nashville,0.0,1.0,False,0,1,2.0,0.0,3.0,2.0,110.0,6.0,sbro,,,,
2010-11,2010-10-16,Columbus,Minnesota,1.0,2.0,False,1,0,1.0,0.0,3.0,2.0,-156.0,5.0,sbro,,,,
2010-11,2010-10-16,St.Louis,Dallas,0.0,1.0,False,2,1,0.0,0.0,2.0,3.0,-125.0,5.5,sbro,,,,
2010-11,2010-10-16,Buffalo,Chicago,1.0,1.0,False,2,1,0.0,2.0,3.0,4.0,-154.0,5.5,sbro,,,,
2010-11,2010-10-16,Detroit,Phoenix,1.0,0.0,False,0,1,0.0,0.0,2.0,1.0,-111.0,5.0,sbro,,,,
2010-11,2010-10-16,Edmonton,Calgary,2.0,1.0,False,1,1,0.0,3.0,3.0,5.0,-135.0,5.0,sbro,,,,
2010-11,2010-10-16,Atlanta,SanJose,2.0,0.0,False,0,2,2.0,0.0,4.0,2.0,-205.0,5.5,sbro,,,,
2010-11,2010-10-17,Phoenix,Anaheim,0.0,2.0,False,0,0,2.0,1.0,2.0,3.0,-135.0,5.5,sbro,,,,
2010-11,2010-10-17,Carolina,Vancouver,1.0,1.0,False,0,2,0.0,2.0,1.0,5.0,-180.0,6.0,sbro,,,,
2010-11,2010-10-18,NYIslanders,Toronto,1.0,0.0,False,0,0,0.0,1.0,2.0,1.0,-182.0,5.5,sbro,,,,
2010-11,2010-10-18,Colorado,NYRangers,0.0,0.0,False,1,1,2.0,0.0,3.0,1.0,-125.0,5.5,sbro,,,,
2010-11,2010-10-18,Ottawa,Pittsburgh,1.0,2.0,False,0,3,1.0,0.0,2.0,5.0,-166.0,5.5,sbro,,,,
2010-11,2010-10-18,Dallas,TampaBay,1.0,2.0,False,1,2,2.0,1.0,4.0,5.0,-125.0,5.5,sbro,,,,
2010-11,2010-10-18,St.Louis,Chicago,1.0,0.0,False,0,0,1.0,2.0,2.0,3.0,-156.0,5.5,sbro,,,,
2010-11,2010-10-19,Boston,Washington,0.0,1.0,False,2,0,1.0,0.0,3.0,1.0,-182.0,6.0,sbro,,,,
2010-11,2010-10-19,Calgary,Nashville,0.0,0.0,False,0,0,0.0,0.0,1.0,0.0,-156.0,5.0,sbro,,,,
2010-11,2010-10-19,Vancouver,Minnesota,0.0,3.0,False,1,3,1.0,0.0,2.0,6.0,105.0,5.5,sbro,,,,
2010-11,2010-10-19,Carolina,SanJose,1.0,2.0,False,2,0,2.0,0.0,5.0,2.0,-203.0,5.5,sbro,,,,
2010-11,2010-10-20,Anaheim,Columbus,0.0,2.0,False,0,0,1.0,1.0,1.0,3.0,-135.0,5.5,sbro,,,,
2010-11,2010-10-20,Buffalo,Atlanta,2.0,0.0,False,1,0,1.0,1.0,4.0,1.0,-115.0,5.5,sbro,,,,
2010-11,2010-10-20,Vancouver,Chicago,0.0,0.0,False,0,1,1.0,0.0,1.0,2.0,-130.0,5.5,sbro,,,,
2010-11,2010-10-20,Carolina,LosAngeles,1.0,1.0,False,2,2,0.0,1.0,3.0,4.0,-182.0,5.5,sbro,,,,
2010-11,2010-10-21,NYRangers,Toronto,0.0,0.0,False,2,0,0.0,1.0,2.0,1.0,-140.0,5.5,sbro,,,,
2010-11,2010-10-21,Washington,Boston,0.0,2.0,False,0,1,1.0,1.0,1.0,4.0,-110.0,5.5,sbro,,,,
2010-11,2010-10-21,Anaheim,Philadelphia,0.0,1.0,False,2,1,1.0,0.0,3.0,2.0,-193.0,5.5,sbro,,,,
2010-11,2010-10-21,Calgary,Detroit,0.0,1.0,False,2,1,0.0,2.0,2.0,4.0,-193.0,5.5,sbro,,,,
2010-11,2010-10-21,NewJersey,Montreal,1.0,0.0,False,1,0,1.0,0.0,3.0,0.0,-110.0,5.0,sbro,,,,
2010-11,2010-10-21,Dallas,Florida,2.0,0.0,False,2,0,0.0,1.0,4.0,1.0,-115.0,5.5,sbro,,,,
2010-11,2010-10-21,NYIslanders,TampaBay,1.0,1.0,False,1,1,0.0,0.0,3.0,2.0,-148.0,5.5,sbro,,,,
2010-11,2010-10-21,Pittsburgh,Nashville,2.0,1.0,False,0,1,1.0,1.0,4.0,3.0,-116.0,5.5,sbro,,,,
2010-11,2010-10-21,SanJose,Colorado,2.0,0.0,False,1,1,1.0,1.0,4.0,2.0,105.0,5.5,sbro,,,,
2010-11,2010-10-21,Minnesota,Edmonton,0.0,0.0,False,3,1,1.0,1.0,4.0,2.0,-116.0,5.5,sbro,,,,
2010-11,2010-10-21,LosAngeles,Phoenix,1.0,1.0,False,0,2,1.0,1.0,2.0,4.0,-116.0,5.0,sbro,,,,
2010-11,2010-10-22,Calgary,Columbus,2.0,0.0,False,3,1,1.0,1.0,6.0,2.0,-130.0,5.0,sbro,,,,
2010-11,2010-10-22,TampaBay,Atlanta,1.0,1.0,False,3,0,1.0,1.0,5.0,2.0,-115.0,6.0,sbro,,,,
2010-11,2010-10-22,Ottawa,Buffalo,2.0,1.0,False,1,1,1.0,0.0,4.0,2.0,-135.0,5.5,sbro,,,,
2010-11,2010-10-22,Chicago,St.Louis,1.0,1.0,False,1,1,0.0,2.0,2.0,4.0,-109.0,5.5,sbro,,,,
2010-11,2010-10-22,Minnesota,Vancouver,0.0,1.0,False,0,1,1.0,3.0,1.0,5.0,-182.0,5.5,sbro,,,,
2010-11,2010-10-23,NYIslanders,Florida,2.0,1.0,False,1,2,0.0,1.0,3.0,4.0,-120.0,5.5,sbro,,,,
2010-11,2010-10-23,NYRangers,Boston,1.0,1.0,False,2,1,0.0,0.0,3.0,2.0,-151.0,5.0,sbro,,,,
2010-11,2010-10-23,Montreal,Ottawa,2.0,0.0,False,1,0,0.0,0.0,3.0,0.0,-130.0,5.5,sbro,,,,
2010-11,2010-10-23,Atlanta,Washington,1.0,1.0,False,1,0,1.0,2.0,3.0,4.0,-260.0,6.0,sbro,,,,
2010-11,2010-10-23,Buffalo,NewJersey,3.0,0.0,False,2,0,1.0,1.0,6.0,1.0,-145.0,5.5,sbro,,,,
2010-11,2010-10-23,Toronto,Philadelphia,2.0,1.0,False,0,2,0.0,2.0,2.0,5.0,-156.0,5.5,sbro,,,,
2010-11,2010-10-23,Anaheim,Detroit,2.0,2.0,False,1,1,1.0,2.0,4.0,5.0,-203.0,5.5,sbro,,,,
2010-11,2010-10-23,Pittsburgh,St.Louis,0.0,0.0,False,0,0,0.0,0.0,0.0,1.0,-105.0,5.5,sbro,,,,
2010-11,2010-10-23,Nashville,Dallas,0.0,0.0,False,1,0,0.0,0.0,1.0,0.0,-146.0,5.5,sbro,,,,
2010-11,2010-10-23,Columbus,Chicago,1.0,0.0,False,0,2,2.0,0.0,3.0,2.0,-203.0,5.5,sbro,,,,
2010-11,2010-10-23,Carolina,Phoenix,2.0,0.0,False,0,0,1.0,3.0,4.0,3.0,-145.0,5.5,sbro,,,,
2010-11,2010-10-23,LosAngeles,Colorado,2.0,1.0,False,2,2,2.0,1.0,6.0,4.0,-125.0,5.5,sbro,,,,
2010-11,2010-10-23,SanJose,Edmonton,2.0,0.0,False,1,1,3.0,0.0,6.0,1.0,125.0,5.5,sbro,,,,
2010-11,2010-10-24,Nashville,TampaBay,1.0,0.0,False,2,1,1.0,2.0,4.0,3.0,-154.0,5.5,sbro,,,,
2010-11,2010-10-24,NewJersey,NYRangers,0.0,2.0,False,0,0,1.0,1.0,1.0,3.0,-116.0,5.0,sbro,,,,
2010-11,2010-10-24,SanJose,Calgary,0.0,0.0,False,0,4,0.0,0.0,0.0,4.0,-114.0,5.5,sbro,,,,
2010-11,2010-10-25,Philadelphia,Columbus,0.0,1.0,False,0,1,1.0,0.0,1.0,2.0,100.0,5.5,sbro,,,,
2010-11,2010-10-25,Phoenix,Montreal,1.0,2.0,False,0,0,1.0,0.0,2.0,3.0,-135.0,5.0,sbro,,,,
2010-11,2010-10-25,LosAngeles,Minnesota,1.0,0.0,False,1,2,0.0,0.0,3.0,2.0,-109.0,5.5,sbro,,,,
2010-11,2010-10-26,Florida,Toronto,1.0,0.0,False,0,1,0.0,2.0,1.0,3.0,-162.0,5.5,sbro,,,,
2010-11,2010-10-26,Buffalo,Philadelphia,0.0,3.0,False,1,1,2.0,2.0,3.0,6.0,-125.0,5.5,sbro,,,,
2010-11,2010-10-26,Phoenix,Ottawa,1.0,0.0,False,0,3,1.0,2.0,2.0,5.0,-145.0,5.5,sbro,,,,
2010-11,2010-10-26,Edmonton,Calgary,1.0,2.0,False,1,2,2.0,0.0,4.0,5.0,-172.0,5.5,sbro,,,,
2010-11,2010-10-26,Anaheim,Dallas,3.0,0.0,False,0,1,2.0,1.0,5.0,2.0,-145.0,5.5,sbro,,,,
2010-11,2010-10-26,Colorado,Vancouver,1.0,1.0,False,1,1,1.0,1.0,3.0,4.0,-177.0,6.0,sbro,,,,
2010-11,2010-10-27,Atlanta,NYRangers,2.0,1.0,False,1,1,3.0,2.0,6.0,4.0,-149.0,5.5,sbro,,,,
2010-11,2010-10-27,Washington,Carolina,0.0,0.0,False,1,0,2.0,0.0,3.0,0.0,115.0,6.0,sbro,,,,
2010-11,2010-10-27,NYIslanders,Montreal,0.0,1.0,False,1,2,2.0,2.0,3.0,5.0,-155.0,5.5,sbro,,,,
2010-11,2010-10-27,Pittsburgh,TampaBay,0.0,1.0,False,3,2,0.0,2.0,3.0,5.0,-110.0,6.0,sbro,,,,
2010-11,2010-10-27,LosAngeles,Chicago,0.0,1.0,False,1,1,0.0,1.0,1.0,3.0,-150.0,5.5,sbro,,,,
2010-11,2010-10-27,NewJersey,SanJose,1.0,1.0,False,0,3,1.0,1.0,2.0,5.0,-150.0,5.0,sbro,,,,
2010-11,2010-10-28,Toronto,Boston,0.0,1.0,False,0,1,0.0,0.0,0.0,2.0,-172.0,5.5,sbro,,,,
2010-11,2010-10-28,Phoenix,Detroit,0.0,1.0,False,3,0,1.0,1.0,4.0,2.0,-210.0,5.5,sbro,,,,
2010-11,2010-10-28,Edmonton,Columbus,0.0,0.0,False,1,2,1.0,0.0,2.0,3.0,-172.0,5.5,sbro,,,,
2010-11,2010-10-28,Florida,Ottawa,0.0,3.0,False,1,0,2.0,2.0,3.0,5.0,-151.0,5.5,sbro,,,,
2010-11,2010-10-28,St.Louis,Nashville,1.0,0.0,False,0,0,2.0,0.0,3.0,0.0,-118.0,5.0,sbro,,,,
2010-11,2010-10-28,Washington,Minnesota,0.0,1.0,False,0,1,1.0,0.0,1.0,2.0,100.0,6.0,sbro,,,,
2010-11,2010-10-28,LosAngeles,Dallas,2.0,0.0,False,1,1,2.0,1.0,5.0,2.0,-125.0,5.5,sbro,,,,
2010-11,2010-10-28,Colorado,Calgary,2.0,2.0,False,1,2,3.0,1.0,6.0,5.0,-166.0,5.5,sbro,,,,
2010-11,2010-10-29,Montreal,NYIslanders,0.0,1.0,False,1,0,2.0,0.0,3.0,1.0,-125.0,5.5,sbro,,,,
2010-11,2010-10-29,Philadelphia,Pittsburgh,2.0,0.0,False,0,1,1.0,1.0,3.0,2.0,-154.0,5.5,sbro,,,,
2010-11,2010-10-29,Carolina,NYRangers,2.0,3.0,False,1,0,1.0,0.0,4.0,3.0,-130.0,5.5,sbro,,,,
2010-11,2010-10-29,Buffalo,Atlanta,0.0,2.0,False,2,0,1.0,1.0,3.0,4.0,-111.0,5.5,sbro,,,,
2010-11,2010-10-29,Edmonton,Chicago,2.0,1.0,False,4,2,1.0,1.0,7.0,4.0,-262.0,5.5,sbro,,,,
2010-11,2010-10-29,NewJersey,Anaheim,1.0,1.0,False,0,0,1.0,0.0,2.0,1.0,-125.0,5.5,sbro,,,,
2010-11,2010-10-30,NYRangers,Toronto,1.0,0.0,False,1,0,0.0,0.0,2.0,0.0,-145.0,5.5,sbro,,,,
2010-11,2010-10-30,Florida,Montreal,1.0,1.0,False,1,0,1.0,0.0,3.0,1.0,-161.0,5.5,sbro,,,,
2010-11,2010-10-30,Boston,Ottawa,2.0,0.0,False,1,0,1.0,0.0,4.0,0.0,-105.0,5.0,sbro,,,,
2010-11,2010-10-30,NYIslanders,Philadelphia,1.0,4.0,False,0,2,0.0,0.0,1.0,6.0,-185.0,5.5,sbro,,,,
2010-11,2010-10-30,Pittsburgh,Carolina,1.0,0.0,False,1,0,1.0,0.0,3.0,0.0,100.0,5.5,sbro,,,,
2010-11,2010-10-30,Nashville,Detroit,1.0,1.0,False,0,2,1.0,2.0,2.0,5.0,-154.0,5.5,sbro,,,,
2010-11,2010-10-30,Atlanta,St.Louis,0.0,0.0,False,3,1,0.0,2.0,3.0,4.0,-169.0,5.5,sbro,,,,
2010-11,2010-10-30,Chicago,Minnesota,1.0,0.0,False,0,0,2.0,1.0,3.0,1.0,-118.0,5.5,sbro,,,,
2010-11,2010-10-30,Buffalo,Dallas,0.0,1.0,False,0,1,0.0,2.0,0.0,4.0,-138.0,5.5,sbro,,,,
2010-11,2010-10-30,Columbus,Colorado,0.0,3.0,False,0,1,1.0,1.0,1.0,5.0,-145.0,5.5,sbro,,,,
2010-11,2010-10-30,TampaBay,Phoenix,1.0,0.0,False,0,0,2.0,0.0,3.0,0.0,-115.0,5.5,sbro,,,,
2010-11,2010-10-30,Washington,Calgary,6.0,0.0,False,1,2,0.0,0.0,7.0,2.0,-102.0,5.5,sbro,,,,
2010-11,2010-10-30,NewJersey,LosAngeles,1.0,2.0,False,0,1,0.0,0.0,1.0,3.0,-159.0,5.0,sbro,,,,
2010-11,2010-10-30,Anaheim,SanJose,0.0,3.0,False,0,2,2.0,0.0,2.0,5.0,-199.0,5.5,sbro,,,,
2010-11,2010-11-01,Carolina,Philadelphia,1.0,1.0,False,0,1,1.0,1.0,2.0,3.0,-165.0,5.5,sbro,,,,
2010-11,2010-11-01,Chicago,NYRangers,0.0,0.0,False,1,1,1.0,2.0,2.0,3.0,-115.0,5.5,sbro,,,,
2010-11,2010-11-01,NewJersey,Vancouver,0.0,1.0,False,0,1,0.0,1.0,0.0,3.0,-155.0,5.5,sbro,,,,
2010-11,2010-11-02,Ottawa,Toronto,2.0,0.0,False,1,0,0.0,2.0,3.0,2.0,-135.0,5.5,sbro,,,,
2010-11,2010-11-02,Montreal,Columbus,0.0,0.0,False,0,2,0.0,1.0,0.0,3.0,-120.0,5.0,sbro,,,,
2010-11,2010-11-02,SanJose,Minnesota,0.0,1.0,False,0,0,0.0,0.0,0.0,1.0,110.0,5.5,sbro,,,,
2010-11,2010-11-02,Vancouver,Edmonton,0.0,1.0,False,3,0,1.0,2.0,4.0,3.0,131.0,5.5,sbro,,,,
2010-11,2010-11-03,Boston,Buffalo,1.0,1.0,False,3,0,1.0,1.0,5.0,2.0,120.0,5.0,sbro,,,,
2010-11,2010-11-03,Toronto,Washington,0.0,3.0,False,1,0,3.0,1.0,4.0,5.0,-220.0,6.0,sbro,,,,
2010-11,2010-11-03,NYIslanders,Carolina,0.0,2.0,False,0,3,2.0,2.0,2.0,7.0,-154.0,5.5,sbro,,,,
2010-11,2010-11-03,Atlanta,Florida,1.0,1.0,False,1,1,2.0,1.0,4.0,3.0,-125.0,5.5,sbro,,,,
2010-11,2010-11-03,NewJersey,Chicago,1.0,1.0,False,1,0,3.0,2.0,5.0,3.0,-180.0,5.5,sbro,,,,
2010-11,2010-11-03,Pittsburgh,Dallas,1.0,2.0,False,0,2,1.0,1.0,2.0,5.0,-111.0,5.5,sbro,,,,
2010-11,2010-11-03,Detroit,Calgary,2.0,0.0,False,0,1,0.0,0.0,2.0,1.0,-105.0,5.5,sbro,,,,
2010-11,2010-11-03,Nashville,Phoenix,1.0,1.0,False,2,1,0.0,2.0,3.0,4.0,-130.0,5.5,sbro,,,,
2010-11,2010-11-03,TampaBay,Anaheim,1.0,0.0,False,0,1,1.0,1.0,2.0,3.0,-120.0,5.5,sbro,,,,
2010-11,2010-11-04,Columbus,Atlanta,1.0,0.0,False,0,0,2.0,0.0,3.0,0.0,-125.0,5.5,sbro,,,,
2010-11,2010-11-04,NYRangers,Philadelphia,1.0,3.0,False,0,0,0.0,1.0,1.0,4.0,-150.0,5.5,sbro,,,,
2010-11,2010-11-04,NYIslanders,Ottawa,0.0,2.0,False,0,1,1.0,1.0,1.0,4.0,-177.0,5.5,sbro,,,,
2010-11,2010-11-04,SanJose,St.Louis,0.0,1.0,False,0,1,0.0,0.0,0.0,2.0,-119.0,5.5,sbro,,,,
2010-11,2010-11-04,Vancouver,Colorado,1.0,0.0,False,1,0,1.0,1.0,3.0,1.0,100.0,6.0,sbro,,,,
2010-11,2010-11-04,TampaBay,LosAngeles,0.0,0.0,False,0,0,0.0,1.0,0.0,1.0,-162.0,5.5,sbro,,,,
2010-11,2010-11-05,NYRangers,NewJersey,1.0,0.0,False,1,0,1.0,0.0,3.0,0.0,-130.0,5.0,sbro,,,,
2010-11,2010-11-05,Boston,Washington,0.0,3.0,False,0,0,3.0,2.0,3.0,5.0,-140.0,5.5,sbro,,,,
2010-11,2010-11-05,Montreal,Buffalo,2.0,1.0,False,1,1,0.0,0.0,3.0,2.0,-116.0,5.5,sbro,,,,
2010-11,2010-11-05,Carolina,Florida,0.0,1.0,False,3,3,1.0,3.0,4.0,7.0,-120.0,5.5,sbro,,,,
2010-11,2010-11-05,Calgary,Minnesota,0.0,0.0,False,1,1,0.0,1.0,1.0,2.0,-125.0,5.0,sbro,,,,
2010-11,2010-11-05,Phoenix,Dallas,1.0,4.0,False,0,1,2.0,1.0,3.0,6.0,-140.0,5.5,sbro,,,,
2010-11,2010-11-05,Detroit,Edmonton,1.0,1.0,False,1,0,1.0,0.0,3.0,1.0,136.0,5.5,sbro,,,,
2010-11,2010-11-05,Pittsburgh,Anaheim,1.0,3.0,False,0,0,1.0,0.0,2.0,3.0,100.0,5.5,sbro,,,,
2010-11,2010-11-06,Nashville,LosAngeles,0.0,2.0,False,0,2,1.0,0.0,1.0,4.0,-161.0,5.5,sbro,,,,
2010-11,2010-11-06,St.Louis,Boston,0.0,0.0,False,1,0,0.0,1.0,2.0,1.0,-129.0,5.0,sbro,,,,
2010-11,2010-11-06,Buffalo,Toronto,1.0,1.0,False,0,1,1.0,0.0,3.0,2.0,-148.0,5.5,sbro,,,,
2010-11,2010-11-06,Ottawa,Montreal,1.0,1.0,False,1,0,1.0,1.0,3.0,2.0,-116.0,5.5,sbro,,,,
2010-11,2010-11-06,Philadelphia,NYIslanders,0.0,1.0,False,1,0,1.0,0.0,2.0,1.0,125.0,5.5,sbro,,,,
2010-11,2010-11-06,Florida,Carolina,0.0,1.0,False,0,0,2.0,2.0,2.0,3.0,-145.0,5.5,sbro,,,,
2010-11,2010-11-06,Chicago,Atlanta,2.0,3.0,False,2,1,0.0,0.0,5.0,4.0,124.0,5.5,sbro,,,,
2010-11,2010-11-06,Minnesota,Columbus,1.0,1.0,False,1,1,1.0,0.0,3.0,2.0,-159.0,5.5,sbro,,,,
2010-11,2010-11-06,Dallas,Colorado,0.0,2.0,False,0,1,0.0,2.0,0.0,5.0,-139.0,5.5,sbro,,,,
2010-11,2010-11-06,Pittsburgh,Phoenix,3.0,1.0,False,0,2,0.0,0.0,4.0,3.0,-111.0,5.5,sbro,,,,
2010-11,2010-11-06,Detroit,Vancouver,3.0,2.0,False,0,1,1.0,3.0,4.0,6.0,-150.0,5.5,sbro,,,,
2010-11,2010-11-06,TampaBay,SanJose,0.0,2.0,False,1,2,1.0,1.0,2.0,5.0,-159.0,5.5,sbro,,,,
2010-11,2010-11-07,Philadelphia,Washington,1.0,1.0,False,1,1,0.0,0.0,2.0,3.0,-155.0,6.0,sbro,,,,
2010-11,2010-11-07,St.Louis,NYRangers,1.0,0.0,False,0,0,1.0,0.0,2.0,0.0,-130.0,5.0,sbro,,,,
2010-11,2010-11-07,Edmonton,Chicago,0.0,0.0,False,0,1,2.0,0.0,2.0,1.0,-220.0,5.5,sbro,,,,
2010-11,2010-11-07,Nashville,Anaheim,0.0,0.0,False,2,2,2.0,3.0,4.0,5.0,-130.0,5.5,sbro,,,,
2010-11,2010-11-08,Phoenix,Detroit,1.0,0.0,False,1,1,0.0,1.0,2.0,3.0,-180.0,5.5,sbro,,,,
2010-11,2010-11-09,Edmonton,Carolina,0.0,1.0,False,0,4,1.0,2.0,1.0,7.0,-156.0,5.5,sbro,,,,
2010-11,2010-11-09,Washington,NYRangers,2.0,1.0,False,1,2,2.0,0.0,5.0,3.0,110.0,5.5,sbro,,,,
2010-11,2010-11-09,Vancouver,Montreal,0.0,0.0,False,0,1,0.0,1.0,0.0,2.0,105.0,5.5,sbro,,,,
2010-11,2010-11-09,Atlanta,Ottawa,0.0,2.0,False,1,2,1.0,1.0,2.0,5.0,-161.0,5.5,sbro,,,,
2010-11,2010-11-09,Toronto,TampaBay,0.0,0.0,False,0,3,0.0,1.0,0.0,4.0,-145.0,5.5,sbro,,,,
2010-11,2010-11-09,Calgary,Colorado,1.0,0.0,False,0,1,3.0,1.0,4.0,2.0,-130.0,5.5,sbro,,,,
2010-11,2010-11-09,Anaheim,SanJose,1.0,0.0,False,1,1,0.0,1.0,3.0,2.0,-182.0,5.5,sbro,,,,
2010-11,2010-11-10,Buffalo,NewJersey,3.0,3.0,False,0,1,1.0,0.0,5.0,4.0,-145.0,5.0,sbro,,,,
2010-11,2010-11-10,Boston,Pittsburgh,0.0,2.0,False,2,2,5.0,0.0,7.0,4.0,-120.0,5.5,sbro,,,,
2010-11,2010-11-10,St.Louis,Columbus,1.0,3.0,False,0,3,0.0,2.0,1.0,8.0,-105.0,5.0,sbro,,,,
2010-11,2010-11-10,Toronto,Florida,0.0,1.0,False,0,1,1.0,2.0,1.0,4.0,-145.0,5.5,sbro,,,,
2010-11,2010-11-10,Phoenix,Chicago,2.0,0.0,False,0,1,0.0,0.0,2.0,1.0,-165.0,5.5,sbro,,,,
2010-11,2010-11-10,NYIslanders,Anaheim,0.0,0.0,False,0,0,0.0,1.0,0.0,1.0,-165.0,5.5,sbro,,,,
2010-11,2010-11-11,Buffalo,NYRangers,2.0,1.0,False,0,1,0.0,0.0,2.0,3.0,-166.0,5.5,sbro,,,,
2010-11,2010-11-11,Montreal,Boston,0.0,0.0,False,1,1,2.0,0.0,3.0,1.0,-145.0,5.0,sbro,,,,
2010-11,2010-11-11,TampaBay,Washington,0.0,2.0,False,1,0,2.0,4.0,3.0,6.0,-194.0,6.0,sbro,,,,
2010-11,2010-11-11,Philadelphia,Carolina,2.0,0.0,False,2,0,4.0,1.0,8.0,1.0,-105.0,5.5,sbro,,,,
2010-11,2010-11-11,Minnesota,Atlanta,0.0,1.0,False,0,2,1.0,2.0,1.0,5.0,-115.0,5.5,sbro,,,,
2010-11,2010-11-11,Edmonton,Detroit,0.0,2.0,False,0,3,2.0,1.0,2.0,6.0,-250.0,5.5,sbro,,,,
2010-11,2010-11-11,Vancouver,Ottawa,1.0,0.0,False,1,1,4.0,1.0,6.0,2.0,-116.0,5.5,sbro,,,,
2010-11,2010-11-11,Nashville,St.Louis,1.0,0.0,False,0,1,1.0,1.0,3.0,2.0,-166.0,5.0,sbro,,,,
2010-11,2010-11-11,Dallas,LosAngeles,0.0,0.0,False,1,1,0.0,2.0,1.0,3.0,-166.0,5.5,sbro,,,,
2010-11,2010-11-11,NYIslanders,SanJose,1.0,1.0,False,0,0,0.0,0.0,1.0,2.0,-240.0,5.5,sbro,,,,
2010-11,2010-11-12,TampaBay,Pittsburgh,0.0,2.0,False,0,0,1.0,3.0,1.0,5.0,-165.0,6.0,sbro,,,,
2010-11,2010-11-12,Edmonton,NewJersey,1.0,1.0,False,2,1,0.0,1.0,3.0,4.0,-172.0,5.5,sbro,,,,
2010-11,2010-11-12,Colorado,Columbus,3.0,0.0,False,1,1,1.0,0.0,5.0,1.0,-140.0,5.5,sbro,,,,
2010-11,2010-11-12,Minnesota,Florida,0.0,0.0,False,1,2,0.0,0.0,1.0,2.0,-156.0,5.5,sbro,,,,
2010-11,2010-11-12,Calgary,Phoenix,1.0,3.0,False,1,0,2.0,2.0,4.0,5.0,-125.0,5.5,sbro,,,,
2010-11,2010-11-12,Dallas,Anaheim,0.0,0.0,False,1,1,1.0,2.0,2.0,3.0,-145.0,5.5,sbro,,,,
2010-11,2010-11-13,Ottawa,Boston,0.0,0.0,False,1,0,1.0,0.0,2.0,0.0,-166.0,5.0,sbro,,,,
2010-11,2010-11-13,Washington,Buffalo,0.0,2.0,False,1,0,1.0,0.0,2.0,3.0,110.0,5.5,sbro,,,,
2010-11,2010-11-13,Vancouver,Toronto,1.0,1.0,False,2,2,2.0,0.0,5.0,3.0,115.0,5.5,sbro,,,,
2010-11,2010-11-13,Carolina,Montreal,2.0,3.0,False,0,2,0.0,2.0,2.0,7.0,-151.0,5.5,sbro,,,,
2010-11,2010-11-13,Florida,Philadelphia,1.0,3.0,False,0,2,1.0,0.0,2.0,5.0,-205.0,5.5,sbro,,,,
2010-11,2010-11-13,Pittsburgh,Atlanta,1.0,0.0,False,0,1,3.0,1.0,4.0,2.0,100.0,6.0,sbro,,,,
2010-11,2010-11-13,Colorado,Detroit,0.0,2.0,False,0,1,1.0,0.0,1.0,3.0,-230.0,5.5,sbro,,,,
2010-11,2010-11-13,Chicago,Nashville,2.0,2.0,False,1,0,0.0,1.0,3.0,4.0,-105.0,5.5,sbro,,,,
2010-11,2010-11-13,St.Louis,Phoenix,1.0,3.0,False,1,1,1.0,1.0,3.0,5.0,-116.0,5.0,sbro,,,,
2010-11,2010-11-13,Calgary,SanJose,1.0,1.0,False,0,2,2.0,1.0,3.0,4.0,-202.0,5.5,sbro,,,,
2010-11,2010-11-13,NYIslanders,LosAngeles,0.0,1.0,False,1,2,0.0,2.0,1.0,5.0,-251.0,5.5,sbro,,,,
2010-11,2010-11-14,Edmonton,NYRangers,2.0,4.0,False,0,1,0.0,3.0,2.0,8.0,-193.0,5.5,sbro,,,,
2010-11,2010-11-14,Atlanta,Washington,3.0,1.0,False,1,3,0.0,2.0,4.0,6.0,-262.0,6.0,sbro,,,,
2010-11,2010-11-14,Minnesota,TampaBay,0.0,0.0,False,3,1,1.0,0.0,4.0,1.0,-154.0,5.5,sbro,,,,
2010-11,2010-11-14,Anaheim,Chicago,0.0,1.0,False,1,1,1.0,0.0,2.0,3.0,-154.0,5.5,sbro,,,,
2010-11,2010-11-15,NewJersey,Boston,0.0,1.0,False,0,1,0.0,1.0,0.0,3.0,-164.0,5.0,sbro,,,,
2010-11,2010-11-15,Vancouver,Buffalo,1.0,1.0,False,0,2,2.0,0.0,3.0,4.0,-105.0,5.5,sbro,,,,
2010-11,2010-11-15,Ottawa,Philadelphia,0.0,1.0,False,1,2,0.0,2.0,1.0,5.0,-168.0,5.5,sbro,,,,
2010-11,2010-11-15,NYRangers,Pittsburgh,1.0,0.0,False,0,0,1.0,2.0,3.0,2.0,-175.0,5.5,sbro,,,,
2010-11,2010-11-15,St.Louis,Colorado,1.0,2.0,False,1,3,1.0,1.0,3.0,6.0,-125.0,5.5,sbro,,,,
2010-11,2010-11-15,LosAngeles,SanJose,1.0,1.0,False,1,2,1.0,3.0,3.0,6.0,-130.0,5.5,sbro,,,,
2010-11,2010-11-16,Philadelphia,Montreal,0.0,1.0,False,0,1,0.0,1.0,0.0,3.0,-115.0,5.5,sbro,,,,
2010-11,2010-11-16,Nashville,Toronto,1.0,4.0,False,3,1,0.0,0.0,4.0,5.0,-115.0,5.5,sbro,,,,
2010-11,2010-11-16,Anaheim,Dallas,1.0,0.0,False,0,1,0.0,1.0,1.0,2.0,-140.0,5.5,sbro,,,,
2010-11,2010-11-17,TampaBay,NYIslanders,1.0,1.0,False,1,0,2.0,1.0,4.0,2.0,100.0,5.5,sbro,,,,
2010-11,2010-11-17,Boston,NYRangers,2.0,1.0,False,0,0,1.0,1.0,3.0,2.0,-115.0,5.0,sbro,,,,
2010-11,2010-11-17,Vancouver,Pittsburgh,1.0,2.0,False,0,1,0.0,0.0,1.0,3.0,-130.0,5.5,sbro,,,,
2010-11,2010-11-17,Buffalo,Washington,2.0,1.0,False,0,2,0.0,1.0,2.0,4.0,-185.0,5.5,sbro,,,,
2010-11,2010-11-17,Ottawa,Carolina,0.0,0.0,False,0,4,1.0,3.0,1.0,7.0,-116.0,5.5,sbro,,,,
2010-11,2010-11-17,Florida,Atlanta,2.0,0.0,False,0,1,0.0,0.0,2.0,1.0,-130.0,5.5,sbro,,,,
2010-11,2010-11-17,St.Louis,Detroit,2.0,2.0,False,1,1,0.0,4.0,3.0,7.0,-180.0,5.5,sbro,,,,
2010-11,2010-11-17,Anaheim,Minnesota,1.0,1.0,False,0,0,0.0,0.0,1.0,2.0,-145.0,5.5,sbro,,,,
2010-11,2010-11-17,SanJose,Colorado,2.0,0.0,False,1,1,0.0,2.0,3.0,4.0,100.0,5.5,sbro,,,,
2010-11,2010-11-17,Phoenix,Calgary,2.0,0.0,False,0,0,1.0,1.0,3.0,1.0,-140.0,5.5,sbro,,,,
2010-11,2010-11-17,Chicago,Edmonton,2.0,0.0,False,2,0,1.0,0.0,5.0,0.0,140.0,5.5,sbro,,,,
2010-11,2010-11-17,Columbus,LosAngeles,1.0,1.0,False,1,1,3.0,1.0,5.0,3.0,-177.0,5.5,sbro,,,,
2010-11,2010-11-18,Florida,Boston,0.0,0.0,False,0,1,0.0,3.0,0.0,4.0,-210.0,5.0,sbro,,,,
2010-11,2010-11-18,NewJersey,Toronto,1.0,2.0,False,0,0,0.0,1.0,1.0,3.0,-130.0,5.0,sbro,,,,
2010-11,2010-11-18,TampaBay,Philadelphia,3.0,2.0,False,4,5,1.0,0.0,8.0,7.0,-210.0,5.5,sbro,,,,
2010-11,2010-11-18,Nashville,Montreal,1.0,0.0,False,0,0,2.0,0.0,3.0,0.0,-166.0,5.0,sbro,,,,
2010-11,2010-11-18,SanJose,Dallas,2.0,0.0,False,1,2,1.0,2.0,4.0,5.0,-115.0,5.5,sbro,,,,
2010-11,2010-11-19,Carolina,Pittsburgh,1.0,1.0,False,2,2,1.0,1.0,4.0,5.0,-182.0,5.5,sbro,,,,
2010-11,2010-11-19,Minnesota,Detroit,1.0,1.0,False,1,0,1.0,2.0,4.0,3.0,-200.0,5.5,sbro,,,,
2010-11,2010-11-19,LosAngeles,Buffalo,1.0,2.0,False,1,0,0.0,2.0,2.0,4.0,-116.0,5.5,sbro,,,,
2010-11,2010-11-19,Washington,Atlanta,0.0,1.0,False,0,3,0.0,1.0,0.0,5.0,142.0,6.5,sbro,,,,
2010-11,2010-11-19,Ottawa,St.Louis,0.0,3.0,False,1,0,1.0,2.0,2.0,5.0,-145.0,5.5,sbro,,,,
2010-11,2010-11-19,NYRangers,Colorado,0.0,4.0,False,0,0,1.0,1.0,1.0,5.0,-125.0,5.5,sbro,,,,
2010-11,2010-11-19,Phoenix,Edmonton,2.0,2.0,False,0,1,1.0,0.0,4.0,3.0,103.0,5.5,sbro,,,,
2010-11,2010-11-19,Chicago,Calgary,0.0,2.0,False,1,2,1.0,3.0,2.0,7.0,-105.0,5.5,sbro,,,,
2010-11,2010-11-19,Columbus,Anaheim,3.0,2.0,False,1,0,0.0,1.0,4.0,3.0,-134.0,5.5,sbro,,,,
2010-11,2010-11-20,LosAngeles,Boston,1.0,2.0,False,2,0,0.0,1.0,4.0,3.0,-145.0,5.0,sbro,,,,
2010-11,2010-11-20,TampaBay,Buffalo,1.0,0.0,False,1,1,0.0,0.0,2.0,1.0,-125.0,5.5,sbro,,,,
2010-11,2010-11-20,Toronto,Montreal,0.0,1.0,False,0,0,0.0,1.0,0.0,2.0,-162.0,5.0,sbro,,,,
2010-11,2010-11-20,Florida,NYIslanders,4.0,0.0,False,0,1,0.0,0.0,4.0,1.0,-116.0,5.5,sbro,,,,
2010-11,2010-11-20,Philadelphia,Washington,2.0,0.0,False,0,1,2.0,3.0,5.0,4.0,-156.0,6.0,sbro,,,,
2010-11,2010-11-20,Nashville,Carolina,1.0,0.0,False,0,1,0.0,0.0,2.0,1.0,-109.0,5.5,sbro,,,,
2010-11,2010-11-20,NewJersey,St.Louis,1.0,1.0,False,1,1,0.0,1.0,2.0,3.0,-160.0,5.0,sbro,,,,
2010-11,2010-11-20,NYRangers,Minnesota,3.0,0.0,False,0,0,2.0,2.0,5.0,2.0,-130.0,5.0,sbro,,,,
2010-11,2010-11-20,Colorado,Dallas,2.0,2.0,False,1,0,0.0,1.0,4.0,3.0,-140.0,5.5,sbro,,,,
2010-11,2010-11-20,Chicago,Vancouver,4.0,0.0,False,0,0,3.0,1.0,7.0,1.0,-151.0,5.5,sbro,,,,
2010-11,2010-11-20,Columbus,SanJose,1.0,0.0,False,1,0,1.0,0.0,3.0,0.0,-203.0,5.5,sbro,,,,
2010-11,2010-11-21,NYIslanders,Atlanta,1.0,0.0,False,0,0,0.0,1.0,1.0,2.0,-193.0,5.5,sbro,,,,
2010-11,2010-11-21,Calgary,Detroit,2.0,0.0,False,1,1,1.0,3.0,4.0,5.0,-220.0,5.5,sbro,,,,
2010-11,2010-11-21,Edmonton,Anaheim,2.0,2.0,False,0,0,2.0,0.0,4.0,2.0,-210.0,6.0,sbro,,,,
2010-11,2010-11-21,Phoenix,Vancouver,2.0,2.0,False,0,0,1.0,0.0,3.0,2.0,-180.0,5.5,sbro,,,,
2010-11,2010-11-22,Dallas,Toronto,1.0,2.0,False,0,1,0.0,1.0,1.0,4.0,-115.0,5.5,sbro,,,,
2010-11,2010-11-22,Washington,NewJersey,0.0,2.0,False,0,3,0.0,0.0,0.0,5.0,131.0,6.0,sbro,,,,
2010-11,2010-11-22,Calgary,NYRangers,1.0,2.0,False,0,0,0.0,0.0,1.0,2.0,-172.0,5.5,sbro,,,,
2010-11,2010-11-22,Montreal,Philadelphia,0.0,1.0,False,2,0,0.0,2.0,2.0,3.0,-156.0,5.5,sbro,,,,
2010-11,2010-11-22,Nashville,Columbus,0.0,1.0,False,0,1,0.0,0.0,0.0,2.0,-135.0,5.5,sbro,,,,
2010-11,2010-11-22,LosAngeles,Ottawa,1.0,1.0,False,1,1,0.0,1.0,2.0,3.0,-116.0,5.5,sbro,,,,
2010-11,2010-11-22,Boston,TampaBay,0.0,3.0,False,0,0,1.0,0.0,1.0,3.0,-109.0,5.5,sbro,,,,
2010-11,2010-11-22,Pittsburgh,Florida,0.0,1.0,False,2,1,1.0,0.0,3.0,2.0,116.0,5.5,sbro,,,,
2010-11,2010-11-23,Edmonton,Phoenix,0.0,2.0,False,0,1,0.0,2.0,0.0,5.0,-209.0,6.0,sbro,,,,
2010-11,2010-11-24,Columbus,NYIslanders,1.0,2.0,False,2,1,0.0,0.0,4.0,3.0,105.0,5.5,sbro,,,,
2010-11,2010-11-24,Pittsburgh,Buffalo,0.0,0.0,False,1,0,0.0,0.0,1.0,0.0,105.0,5.5,sbro,,,,
2010-11,2010-11-24,Washington,Carolina,1.0,0.0,False,1,0,1.0,2.0,3.0,2.0,115.0,6.0,sbro,,,,
2010-11,2010-11-24,Detroit,Atlanta,0.0,2.0,False,1,2,0.0,1.0,1.0,5.0,120.0,5.5,sbro,,,,
2010-11,2010-11-24,LosAngeles,Montreal,1.0,2.0,False,0,2,0.0,0.0,1.0,4.0,-120.0,5.0,sbro,,,,
2010-11,2010-11-24,Dallas,Ottawa,1.0,1.0,False,0,0,1.0,0.0,2.0,1.0,-130.0,5.5,sbro,,,,
2010-11,2010-11-24,Calgary,NewJersey,0.0,0.0,False,0,1,1.0,0.0,1.0,2.0,-135.0,5.5,sbro,,,,
2010-11,2010-11-24,NYRangers,TampaBay,0.0,3.0,False,0,2,3.0,0.0,3.0,5.0,-135.0,5.5,sbro,,,,
2010-11,2010-11-24,Boston,Florida,0.0,1.0,False,0,0,3.0,0.0,3.0,1.0,110.0,5.0,sbro,,,,
2010-11,2010-11-24,St.Louis,Nashville,0.0,1.0,False,1,0,0.0,0.0,2.0,1.0,-116.0,5.0,sbro,,,,
2010-11,2010-11-24,Philadelphia,Minnesota,1.0,1.0,False,2,0,3.0,0.0,6.0,1.0,105.0,5.5,sbro,,,,
2010-11,2010-11-24,Colorado,Vancouver,1.0,1.0,False,0,1,1.0,2.0,2.0,4.0,-175.0,6.0,sbro,,,,
2010-11,2010-11-24,Chicago,SanJose,1.0,2.0,False,0,1,1.0,2.0,2.0,5.0,-140.0,5.5,sbro,,,,
2010-11,2010-11-25,Colorado,Edmonton,1.0,0.0,False,1,2,0.0,1.0,2.0,3.0,105.0,6.0,sbro,,,,
2010-11,2010-11-26,Carolina,Boston,1.0,0.0,False,1,0,1.0,0.0,3.0,0.0,-180.0,5.5,sbro,,,,
2010-11,2010-11-26,NewJersey,NYIslanders,0.0,1.0,False,0,1,0.0,0.0,0.0,2.0,-105.0,5.5,sbro,,,,
2010-11,2010-11-26,Calgary,Philadelphia,1.0,2.0,False,0,0,1.0,0.0,3.0,2.0,-200.0,5.5,sbro,,,,
2010-11,2010-11-26,Ottawa,Pittsburgh,0.0,1.0,False,1,0,0.0,1.0,1.0,2.0,-170.0,5.5,sbro,,,,
2010-11,2010-11-26,Nashville,Minnesota,0.0,1.0,False,0,3,2.0,1.0,2.0,5.0,-130.0,5.0,sbro,,,,
2010-11,2010-11-26,Chicago,Anaheim,1.0,0.0,False,0,1,3.0,0.0,4.0,1.0,-110.0,5.5,sbro,,,,
2010-11,2010-11-26,TampaBay,Washington,0.0,4.0,False,0,1,0.0,1.0,0.0,6.0,-175.0,6.5,sbro,,,,
2010-11,2010-11-26,Detroit,Columbus,1.0,0.0,False,0,0,1.0,1.0,2.0,1.0,-116.0,5.5,sbro,,,,
2010-11,2010-11-26,Toronto,Buffalo,0.0,0.0,False,0,2,1.0,1.0,1.0,3.0,-140.0,5.5,sbro,,,,
2010-11,2010-11-26,Montreal,Atlanta,0.0,2.0,False,0,1,0.0,0.0,0.0,3.0,-113.0,5.5,sbro,,,,
2010-11,2010-11-26,NYRangers,Florida,0.0,0.0,False,1,0,2.0,0.0,3.0,0.0,-110.0,5.5,sbro,,,,
2010-11,2010-11-26,St.Louis,Dallas,1.0,1.0,False,1,0,0.0,2.0,2.0,3.0,-120.0,5.5,sbro,,,,
2010-11,2010-11-26,SanJose,Vancouver,0.0,2.0,False,1,1,0.0,3.0,1.0,6.0,-135.0,5.5,sbro,,,,
2010-11,2010-11-27,Philadelphia,NewJersey,0.0,0.0,False,0,1,1.0,0.0,1.0,2.0,115.0,5.5,sbro,,,,
2010-11,2010-11-27,Calgary,Pittsburgh,0.0,2.0,False,0,0,1.0,2.0,1.0,4.0,-200.0,5.5,sbro,,,,
2010-11,2010-11-27,Buffalo,Montreal,0.0,2.0,False,0,1,1.0,0.0,1.0,3.0,-140.0,5.0,sbro,,,,
2010-11,2010-11-27,Toronto,Ottawa,0.0,2.0,False,0,1,0.0,0.0,0.0,3.0,-140.0,5.5,sbro,,,,
2010-11,2010-11-27,Florida,TampaBay,1.0,1.0,False,0,1,2.0,1.0,4.0,3.0,-180.0,5.5,sbro,,,,
2010-11,2010-11-27,Dallas,St.Louis,0.0,1.0,False,0,0,2.0,0.0,2.0,1.0,-160.0,5.5,sbro,,,,
2010-11,2010-11-27,NYRangers,Nashville,0.0,0.0,False,0,1,1.0,0.0,2.0,1.0,-120.0,5.5,sbro,,,,
2010-11,2010-11-27,Anaheim,Phoenix,2.0,2.0,False,1,1,3.0,1.0,6.0,4.0,-165.0,5.5,sbro,,,,
2010-11,2010-11-27,Minnesota,Colorado,1.0,4.0,False,2,1,1.0,2.0,4.0,7.0,-150.0,5.5,sbro,,,,
2010-11,2010-11-27,SanJose,Edmonton,2.0,0.0,False,1,1,1.0,2.0,4.0,3.0,140.0,5.5,sbro,,,,
2010-11,2010-11-27,Chicago,LosAngeles,1.0,0.0,False,0,0,1.0,1.0,2.0,1.0,-115.0,5.5,sbro,,,,
2010-11,2010-11-28,Boston,Atlanta,1.0,1.0,False,0,3,0.0,0.0,1.0,4.0,-105.0,5.5,sbro,,,,
2010-11,2010-11-28,Carolina,Washington,1.0,0.0,False,0,2,1.0,0.0,2.0,3.0,-220.0,6.0,sbro,,,,
2010-11,2010-11-28,Columbus,Detroit,0.0,2.0,False,1,0,1.0,2.0,2.0,4.0,-175.0,5.5,sbro,,,,
2010-11,2010-11-29,Pittsburgh,NYRangers,2.0,1.0,False,1,0,0.0,0.0,3.0,1.0,-105.0,5.5,sbro,,,,
2010-11,2010-11-29,Dallas,Carolina,2.0,1.0,False,1,0,1.0,0.0,4.0,1.0,-122.0,5.5,sbro,,,,
2010-11,2010-11-29,Edmonton,Ottawa,1.0,0.0,False,0,1,3.0,0.0,4.0,1.0,-193.0,5.5,sbro,,,,
2010-11,2010-11-29,Minnesota,Calgary,0.0,2.0,False,0,0,0.0,1.0,0.0,3.0,-140.0,5.5,sbro,,,,
2010-11,2010-11-29,LosAngeles,Anaheim,0.0,1.0,False,0,0,0.0,1.0,0.0,2.0,-105.0,5.5,sbro,,,,
2010-11,2010-11-30,TampaBay,Toronto,1.0,1.0,False,0,1,2.0,1.0,4.0,3.0,-115.0,5.5,sbro,,,,
2010-11,2010-11-30,St.Louis,Chicago,1.0,3.0,False,1,2,3.0,2.0,5.0,7.0,-148.0,5.5,sbro,,,,
2010-11,2010-11-30,Phoenix,Nashville,0.0,1.0,False,0,1,0.0,1.0,0.0,3.0,-115.0,5.0,sbro,,,,
2010-11,2010-11-30,Atlanta,Colorado,0.0,0.0,False,1,0,1.0,2.0,3.0,2.0,-135.0,5.5,sbro,,,,
2010-11,2010-11-30,Detroit,SanJose,2.0,1.0,False,2,1,1.0,1.0,5.0,3.0,-115.0,5.5,sbro,,,,
2010-11,2010-12-01,Nashville,Columbus,1.0,1.0,False,1,0,1.0,2.0,4.0,3.0,-151.0,5.0,sbro,,,,
2010-11,2010-12-01,Edmonton,Montreal,0.0,2.0,False,1,1,2.0,0.0,4.0,3.0,-220.0,5.5,sbro,,,,
2010-11,2010-12-01,Boston,Philadelphia,0.0,0.0,False,2,0,1.0,0.0,3.0,0.0,-140.0,5.5,sbro,,,,
2010-11,2010-12-01,Washington,St.Louis,1.0,1.0,False,1,0,2.0,0.0,4.0,1.0,106.0,5.5,sbro,,,,
2010-11,2010-12-01,Phoenix,Minnesota,1.0,0.0,False,1,0,2.0,2.0,4.0,2.0,-150.0,5.0,sbro,,,,
2010-11,2010-12-01,Vancouver,Calgary,1.0,1.0,False,2,1,4.0,0.0,7.0,2.0,100.0,5.5,sbro,,,,
2010-11,2010-12-01,Florida,Anaheim,1.0,2.0,False,0,1,2.0,2.0,3.0,5.0,-140.0,5.5,sbro,,,,
2010-11,2010-12-02,TampaBay,Boston,1.0,2.0,False,0,2,0.0,4.0,1.0,8.0,-154.0,5.5,sbro,,,,
2010-11,2010-12-02,Montreal,NewJersey,3.0,0.0,False,2,0,0.0,1.0,5.0,1.0,-121.0,5.0,sbro,,,,
2010-11,2010-12-02,NYRangers,NYIslanders,2.0,2.0,False,2,1,2.0,2.0,6.0,5.0,109.0,5.5,sbro,,,,
2010-11,2010-12-02,Edmonton,Toronto,2.0,0.0,False,1,0,2.0,0.0,5.0,0.0,-175.0,5.5,sbro,,,,
2010-11,2010-12-02,Atlanta,Pittsburgh,1.0,2.0,False,1,1,0.0,0.0,2.0,3.0,-172.0,5.5,sbro,,,,
2010-11,2010-12-02,SanJose,Ottawa,1.0,0.0,False,1,0,2.0,0.0,4.0,0.0,-105.0,5.5,sbro,,,,
2010-11,2010-12-02,Washington,Dallas,0.0,1.0,False,0,0,1.0,1.0,1.0,2.0,103.0,6.0,sbro,,,,
2010-11,2010-12-02,Florida,LosAngeles,1.0,0.0,False,1,1,0.0,2.0,2.0,3.0,-198.0,5.5,sbro,,,,
2010-11,2010-12-03,Colorado,Carolina,0.0,0.0,False,0,0,1.0,1.0,1.0,2.0,-125.0,5.5,sbro,,,,
2010-11,2010-12-03,NYIslanders,NYRangers,0.0,1.0,False,0,0,0.0,1.0,0.0,2.0,-204.0,5.5,sbro,,,,
2010-11,2010-12-03,Columbus,Buffalo,0.0,1.0,False,0,2,0.0,2.0,0.0,5.0,-135.0,5.5,sbro,,,,
2010-11,2010-12-03,Calgary,Minnesota,1.0,1.0,False,0,0,1.0,1.0,3.0,2.0,-125.0,5.0,sbro,,,,
2010-11,2010-12-03,Vancouver,Chicago,1.0,0.0,False,0,0,2.0,0.0,3.0,0.0,-220.0,5.5,sbro,,,,
2010-11,2010-12-03,Detroit,Anaheim,2.0,0.0,False,1,0,1.0,0.0,4.0,0.0,110.0,5.5,sbro,,,,
2010-11,2010-12-04,NewJersey,Philadelphia,0.0,1.0,False,2,1,1.0,3.0,3.0,5.0,-193.0,5.0,sbro,,,,
2010-11,2010-12-04,SanJose,Montreal,0.0,1.0,False,1,1,0.0,1.0,1.0,3.0,-125.0,5.5,sbro,,,,
2010-11,2010-12-04,Atlanta,Washington,2.0,1.0,False,0,0,1.0,0.0,3.0,1.0,-220.0,6.0,sbro,,,,
2010-11,2010-12-04,Boston,Toronto,0.0,0.0,False,1,1,1.0,1.0,2.0,3.0,115.0,5.0,sbro,,,,
2010-11,2010-12-04,Pittsburgh,Columbus,3.0,1.0,False,4,0,0.0,1.0,7.0,2.0,100.0,5.5,sbro,,,,
2010-11,2010-12-04,Buffalo,Ottawa,0.0,0.0,False,0,0,0.0,0.0,1.0,0.0,-110.0,5.5,sbro,,,,
2010-11,2010-12-04,Colorado,TampaBay,1.0,3.0,False,1,1,3.0,2.0,5.0,6.0,-145.0,6.0,sbro,,,,
2010-11,2010-12-04,Minnesota,Dallas,1.0,1.0,False,0,1,2.0,1.0,3.0,4.0,-170.0,5.5,sbro,,,,
2010-11,2010-12-04,Carolina,Nashville,1.0,0.0,False,1,3,0.0,2.0,2.0,5.0,-135.0,5.5,sbro,,,,
2010-11,2010-12-04,Florida,Phoenix,1.0,1.0,False,0,0,0.0,0.0,2.0,1.0,-175.0,5.0,sbro,,,,
2010-11,2010-12-04,St.Louis,Edmonton,0.0,0.0,False,0,0,1.0,1.0,1.0,2.0,100.0,5.5,sbro,,,,
2010-11,2010-12-04,Detroit,LosAngeles,1.0,2.0,False,1,0,0.0,0.0,2.0,3.0,-115.0,5.5,sbro,,,,
2010-11,2010-12-05,Philadelphia,NYIslanders,0.0,0.0,False,1,0,2.0,2.0,3.0,2.0,150.0,5.5,sbro,,,,
2010-11,2010-12-05,Ottawa,NYRangers,1.0,1.0,False,0,0,2.0,0.0,3.0,1.0,-155.0,5.5,sbro,,,,
2010-11,2010-12-05,Calgary,Chicago,0.0,0.0,False,2,3,0.0,1.0,2.0,4.0,-175.0,5.5,sbro,,,,
2010-11,2010-12-05,Phoenix,Anaheim,1.0,0.0,False,1,0,1.0,0.0,3.0,0.0,-130.0,5.5,sbro,,,,
2010-11,2010-12-05,St.Louis,Vancouver,1.0,1.0,False,1,1,1.0,0.0,3.0,2.0,-180.0,5.5,sbro,,,,
2010-11,2010-12-06,Dallas,Columbus,1.0,0.0,False,0,1,1.0,1.0,2.0,3.0,-120.0,5.5,sbro,,,,
2010-11,2010-12-06,Nashville,Atlanta,0.0,1.0,False,2,0,0.0,1.0,2.0,3.0,-135.0,5.5,sbro,,,,
2010-11,2010-12-06,Toronto,Washington,0.0,2.0,False,1,2,3.0,0.0,5.0,4.0,-250.0,6.0,sbro,,,,
2010-11,2010-12-06,NewJersey,Pittsburgh,0.0,1.0,False,1,1,0.0,0.0,1.0,2.0,-220.0,5.5,sbro,,,,
2010-11,2010-12-06,SanJose,Detroit,3.0,0.0,False,1,2,1.0,0.0,5.0,2.0,-155.0,5.5,sbro,,,,
2010-11,2010-12-07,Ottawa,Montreal,0.0,0.0,False,1,1,0.0,3.0,1.0,4.0,-155.0,5.0,sbro,,,,
2010-11,2010-12-07,Buffalo,Boston,1.0,0.0,False,0,1,1.0,1.0,2.0,3.0,-140.0,5.0,sbro,,,,
2010-11,2010-12-07,Colorado,Florida,2.0,1.0,False,0,1,1.0,1.0,3.0,4.0,-110.0,5.5,sbro,,,,
2010-11,2010-12-07,TampaBay,Calgary,2.0,1.0,False,0,2,0.0,1.0,2.0,4.0,-125.0,5.5,sbro,,,,
2010-11,2010-12-07,Anaheim,Edmonton,1.0,0.0,False,0,0,1.0,2.0,3.0,2.0,-120.0,5.5,sbro,,,,
2010-11,2010-12-08,Toronto,Pittsburgh,0.0,3.0,False,0,1,2.0,1.0,2.0,5.0,-242.0,5.5,sbro,,,,
2010-11,2010-12-08,SanJose,Philadelphia,0.0,3.0,False,1,0,3.0,1.0,5.0,4.0,-135.0,5.5,sbro,,,,
2010-11,2010-12-08,Nashville,Detroit,1.0,1.0,False,1,0,1.0,1.0,3.0,2.0,-209.0,5.5,sbro,,,,
2010-11,2010-12-08,Dallas,Chicago,3.0,2.0,False,0,2,0.0,1.0,3.0,5.0,-146.0,5.5,sbro,,,,
2010-11,2010-12-08,Anaheim,Vancouver,2.0,0.0,False,1,2,1.0,2.0,4.0,5.0,-220.0,5.5,sbro,,,,
2010-11,2010-12-09,SanJose,Buffalo,2.0,2.0,False,0,1,1.0,3.0,3.0,6.0,-135.0,5.5,sbro,,,,
2010-11,2010-12-09,Philadelphia,Toronto,2.0,1.0,False,2,0,0.0,0.0,4.0,1.0,125.0,5.5,sbro,,,,
2010-11,2010-12-09,NYIslanders,Boston,1.0,1.0,False,0,1,1.0,3.0,2.0,5.0,-255.0,5.0,sbro,,,,
2010-11,2010-12-09,Florida,Washington,1.0,0.0,False,0,0,2.0,0.0,3.0,0.0,-245.0,6.0,sbro,,,,
2010-11,2010-12-09,NYRangers,Ottawa,1.0,2.0,False,1,1,3.0,0.0,5.0,3.0,-120.0,5.0,sbro,,,,
2010-11,2010-12-09,Columbus,St.Louis,0.0,1.0,False,0,2,1.0,1.0,1.0,4.0,-145.0,5.0,sbro,,,,
2010-11,2010-12-09,Minnesota,Phoenix,0.0,0.0,False,2,1,1.0,1.0,3.0,2.0,-156.0,5.0,sbro,,,,
2010-11,2010-12-09,Calgary,LosAngeles,-1.0,1.0,False,1,0,1.0,1.0,1.0,2.0,-162.0,5.0,sbro,,,,
2010-11,2010-12-10,Montreal,Detroit,0.0,2.0,False,1,1,1.0,1.0,2.0,4.0,-151.0,5.5,sbro,,,,
2010-11,2010-12-10,NewJersey,Ottawa,2.0,2.0,False,0,1,0.0,0.0,2.0,3.0,-145.0,5.0,sbro,,,,
2010-11,2010-12-10,Colorado,Atlanta,2.0,1.0,False,0,1,2.0,0.0,4.0,2.0,-145.0,5.5,sbro,,,,
2010-11,2010-12-10,Carolina,Dallas,1.0,0.0,False,0,1,0.0,0.0,1.0,2.0,-145.0,5.5,sbro,,,,
2010-11,2010-12-10,TampaBay,Edmonton,0.0,2.0,False,2,1,1.0,0.0,3.0,4.0,100.0,5.5,sbro,,,,
2010-11,2010-12-10,Calgary,Anaheim,0.0,1.0,False,0,1,2.0,0.0,2.0,3.0,-150.0,5.5,sbro,,,,
2010-11,2010-12-11,Colorado,Washington,1.0,0.0,False,2,1,0.0,1.0,3.0,2.0,-225.0,6.0,sbro,,,,
2010-11,2010-12-11,Detroit,NewJersey,1.0,0.0,False,2,0,1.0,1.0,4.0,1.0,102.0,5.5,sbro,,,,
2010-11,2010-12-11,Atlanta,NYIslanders,1.0,1.0,False,0,1,4.0,2.0,5.0,4.0,120.0,5.5,sbro,,,,
2010-11,2010-12-11,Montreal,Toronto,1.0,0.0,False,0,2,0.0,1.0,1.0,3.0,100.0,5.0,sbro,,,,
2010-11,2010-12-11,NYRangers,Columbus,1.0,1.0,False,0,0,0.0,2.0,1.0,3.0,-120.0,5.5,sbro,,,,
2010-11,2010-12-11,Philadelphia,Boston,1.0,0.0,False,0,0,0.0,1.0,2.0,1.0,-130.0,5.0,sbro,,,,
2010-11,2010-12-11,Pittsburgh,Buffalo,0.0,0.0,False,2,1,3.0,1.0,5.0,2.0,-105.0,5.5,sbro,,,,
2010-11,2010-12-11,Carolina,St.Louis,0.0,0.0,False,0,0,1.0,1.0,2.0,1.0,-177.0,5.5,sbro,,,,
2010-11,2010-12-11,Florida,Nashville,0.0,0.0,False,0,2,0.0,1.0,0.0,3.0,-151.0,5.0,sbro,,,,
2010-11,2010-12-11,Dallas,Phoenix,1.0,0.0,False,0,3,1.0,2.0,2.0,5.0,-153.0,5.5,sbro,,,,
2010-11,2010-12-11,TampaBay,Vancouver,3.0,1.0,False,1,1,0.0,2.0,5.0,4.0,-182.0,6.0,sbro,,,,
2010-11,2010-12-11,Minnesota,LosAngeles,1.0,1.0,False,1,0,0.0,1.0,3.0,2.0,-182.0,5.0,sbro,,,,
2010-11,2010-12-11,Chicago,SanJose,0.0,0.0,False,1,1,0.0,0.0,1.0,2.0,-145.0,5.5,sbro,,,,
2010-11,2010-12-12,Washington,NYRangers,0.0,4.0,False,0,1,0.0,2.0,0.0,7.0,105.0,6.0,sbro,,,,
2010-11,2010-12-12,Minnesota,Anaheim,1.0,3.0,False,1,2,0.0,1.0,2.0,6.0,-161.0,5.5,sbro,,,,
2010-11,2010-12-12,Vancouver,Edmonton,1.0,0.0,False,1,0,0.0,1.0,2.0,1.0,125.0,5.5,sbro,,,,
2010-11,2010-12-13,LosAngeles,Detroit,1.0,0.0,False,1,0,3.0,0.0,5.0,0.0,-172.0,5.5,sbro,,,,
2010-11,2010-12-13,Atlanta,Ottawa,1.0,1.0,False,2,0,0.0,2.0,4.0,3.0,-115.0,5.5,sbro,,,,
2010-11,2010-12-13,NYIslanders,Nashville,0.0,2.0,False,0,1,0.0,2.0,0.0,5.0,-230.0,5.0,sbro,,,,
2010-11,2010-12-13,Columbus,Calgary,1.0,0.0,False,0,2,1.0,0.0,2.0,3.0,-130.0,5.5,sbro,,,,
2010-11,2010-12-13,Chicago,Colorado,1.0,1.0,False,3,3,1.0,3.0,5.0,7.0,-115.0,5.5,sbro,,,,
2010-11,2010-12-13,Dallas,SanJose,1.0,2.0,False,1,0,0.0,0.0,3.0,2.0,-177.0,5.5,sbro,,,,
2010-11,2010-12-14,Pittsburgh,Philadelphia,1.0,1.0,False,0,1,1.0,1.0,2.0,3.0,-125.0,6.0,sbro,,,,
2010-11,2010-12-14,Toronto,Edmonton,2.0,0.0,False,1,1,1.0,0.0,4.0,1.0,-115.0,5.5,sbro,,,,
2010-11,2010-12-15,Anaheim,Washington,1.0,0.0,False,0,1,0.0,0.0,2.0,1.0,-210.0,6.0,sbro,,,,
2010-11,2010-12-15,Boston,Buffalo,0.0,0.0,False,1,1,1.0,2.0,2.0,3.0,-120.0,5.0,sbro,,,,
2010-11,2010-12-15,NYRangers,Pittsburgh,0.0,0.0,False,0,1,4.0,0.0,4.0,1.0,-175.0,5.5,sbro,,,,
2010-11,2010-12-15,Phoenix,NewJersey,0.0,0.0,False,0,2,0.0,1.0,0.0,3.0,-115.0,5.0,sbro,,,,
2010-11,2010-12-15,St.Louis,Detroit,1.0,3.0,False,0,0,1.0,2.0,2.0,5.0,-180.0,5.5,sbro,,,,
2010-11,2010-12-15,Atlanta,TampaBay,0.0,1.0,False,1,0,0.0,0.0,1.0,2.0,-125.0,6.0,sbro,,,,
2010-11,2010-12-15,Philadelphia,Montreal,1.0,1.0,False,1,0,3.0,2.0,5.0,3.0,-120.0,5.0,sbro,,,,
2010-11,2010-12-15,Carolina,Florida,1.0,0.0,False,0,3,3.0,0.0,4.0,3.0,-125.0,5.5,sbro,,,,
2010-11,2010-12-15,SanJose,Nashville,1.0,1.0,False,1,0,0.0,2.0,2.0,3.0,-125.0,5.5,sbro,,,,
2010-11,2010-12-15,Colorado,Chicago,0.0,1.0,False,1,0,3.0,2.0,4.0,3.0,-160.0,5.5,sbro,,,,
2010-11,2010-12-15,Columbus,Vancouver,1.0,1.0,False,0,1,1.0,0.0,2.0,3.0,-192.0,5.5,sbro,,,,
2010-11,2010-12-16,Anaheim,NYIslanders,1.0,0.0,False,0,3,1.0,0.0,2.0,3.0,105.0,5.5,sbro,,,,
2010-11,2010-12-16,Phoenix,NYRangers,1.0,1.0,False,2,1,0.0,1.0,3.0,4.0,-160.0,5.5,sbro,,,,
2010-11,2010-12-16,Carolina,Atlanta,0.0,2.0,False,0,0,2.0,0.0,3.0,2.0,-160.0,5.5,sbro,,,,
2010-11,2010-12-16,Boston,Montreal,1.0,1.0,False,1,3,1.0,0.0,3.0,4.0,-125.0,5.0,sbro,,,,
2010-11,2010-12-16,Ottawa,Minnesota,2.0,0.0,False,0,1,1.0,0.0,3.0,1.0,-135.0,5.0,sbro,,,,
2010-11,2010-12-16,LosAngeles,St.Louis,3.0,3.0,False,1,1,0.0,2.0,4.0,6.0,-109.0,5.0,sbro,,,,
2010-11,2010-12-16,SanJose,Dallas,2.0,1.0,False,1,1,0.0,1.0,4.0,3.0,-120.0,5.5,sbro,,,,
2010-11,2010-12-16,Columbus,Edmonton,0.0,3.0,False,2,3,1.0,0.0,3.0,6.0,-111.0,5.5,sbro,,,,
2010-11,2010-12-16,Toronto,Calgary,0.0,3.0,False,1,1,1.0,1.0,2.0,5.0,-140.0,5.5,sbro,,,,
2010-11,2010-12-17,Nashville,NewJersey,1.0,0.0,False,1,0,1.0,1.0,3.0,1.0,-117.0,5.0,sbro,,,,
2010-11,2010-12-17,Buffalo,Florida,1.0,1.0,False,0,4,1.0,1.0,2.0,6.0,-115.0,5.0,sbro,,,,
2010-11,2010-12-17,Detroit,Chicago,0.0,1.0,False,1,2,0.0,1.0,1.0,4.0,105.0,5.5,sbro,,,,
2010-11,2010-12-17,Ottawa,Colorado,1.0,2.0,False,2,1,2.0,2.0,5.0,6.0,-155.0,5.5,sbro,,,,
2010-11,2010-12-18,NYRangers,Philadelphia,0.0,1.0,False,0,0,1.0,3.0,1.0,4.0,-140.0,5.5,sbro,,,,
2010-11,2010-12-18,NewJersey,Atlanta,1.0,1.0,False,0,3,0.0,3.0,1.0,7.0,-145.0,5.5,sbro,,,,
2010-11,2010-12-18,Toronto,Vancouver,0.0,1.0,False,0,1,1.0,2.0,1.0,4.0,-200.0,5.5,sbro,,,,
2010-11,2010-12-18,Washington,Boston,1.0,0.0,False,0,3,1.0,0.0,2.0,3.0,-135.0,5.5,sbro,,,,
2010-11,2010-12-18,Phoenix,NYIslanders,0.0,2.0,False,1,0,2.0,1.0,4.0,3.0,110.0,5.5,sbro,,,,
2010-11,2010-12-18,Dallas,Columbus,0.0,0.0,False,1,1,1.0,0.0,2.0,1.0,-125.0,5.5,sbro,,,,
2010-11,2010-12-18,Anaheim,Carolina,0.0,1.0,False,1,2,1.0,1.0,2.0,4.0,-135.0,5.5,sbro,,,,
2010-11,2010-12-18,Buffalo,TampaBay,1.0,2.0,False,0,0,0.0,1.0,1.0,3.0,-120.0,5.5,sbro,,,,
2010-11,2010-12-18,SanJose,St.Louis,1.0,1.0,False,2,0,1.0,0.0,4.0,1.0,100.0,5.5,sbro,,,,
2010-11,2010-12-18,LosAngeles,Nashville,2.0,0.0,False,4,1,0.0,0.0,6.0,1.0,-115.0,5.0,sbro,,,,
2010-11,2010-12-18,Minnesota,Calgary,2.0,0.0,False,0,0,1.0,1.0,3.0,1.0,-160.0,5.0,sbro,,,,
2010-11,2010-12-19,Dallas,Detroit,0.0,1.0,False,2,2,1.0,0.0,4.0,3.0,-195.0,5.5,sbro,,,,
2010-11,2010-12-19,LosAngeles,Chicago,1.0,2.0,False,0,1,1.0,0.0,2.0,3.0,-137.0,5.5,sbro,,,,
2010-11,2010-12-19,Washington,Ottawa,3.0,0.0,False,0,2,0.0,0.0,3.0,2.0,-105.0,5.5,sbro,,,,
2010-11,2010-12-19,Montreal,Colorado,1.0,2.0,False,1,1,0.0,0.0,2.0,3.0,-130.0,5.5,sbro,,,,
2010-11,2010-12-20,Florida,Philadelphia,2.0,0.0,False,2,0,1.0,0.0,5.0,0.0,-230.0,5.5,sbro,,,,
2010-11,2010-12-20,Phoenix,Pittsburgh,0.0,3.0,False,0,2,1.0,1.0,1.0,6.0,-193.0,5.5,sbro,,,,
2010-11,2010-12-20,Atlanta,Toronto,1.0,1.0,False,2,0,3.0,2.0,6.0,3.0,-105.0,5.5,sbro,,,,
2010-11,2010-12-20,Carolina,TampaBay,0.0,3.0,False,1,2,0.0,0.0,1.0,5.0,-140.0,5.5,sbro,,,,
2010-11,2010-12-20,Anaheim,Boston,2.0,0.0,False,1,0,0.0,0.0,3.0,0.0,-177.0,5.5,sbro,,,,
2010-11,2010-12-20,Calgary,Minnesota,1.0,0.0,False,0,1,0.0,3.0,1.0,4.0,-115.0,5.0,sbro,,,,
2010-11,2010-12-20,Vancouver,St.Louis,2.0,1.0,False,0,0,1.0,0.0,3.0,1.0,110.0,5.5,sbro,,,,
2010-11,2010-12-21,Anaheim,Buffalo,0.0,1.0,False,0,3,2.0,1.0,2.0,5.0,-170.0,5.5,sbro,,,,
2010-11,2010-12-21,Calgary,Columbus,1.0,1.0,False,0,1,0.0,1.0,1.0,3.0,-145.0,5.5,sbro,,,,
2010-11,2010-12-21,St.Louis,Atlanta,1.0,0.0,False,1,1,2.0,1.0,4.0,2.0,-150.0,5.5,sbro,,,,
2010-11,2010-12-21,NewJersey,Washington,1.0,3.0,False,0,1,0.0,1.0,1.0,5.0,-220.0,5.5,sbro,,,,
2010-11,2010-12-21,Montreal,Dallas,1.0,2.0,False,0,2,1.0,1.0,2.0,5.0,-130.0,5.5,sbro,,,,
2010-11,2010-12-21,LosAngeles,Colorado,1.0,0.0,False,1,0,3.0,0.0,5.0,0.0,-120.0,5.5,sbro,,,,
2010-11,2010-12-21,Edmonton,SanJose,0.0,2.0,False,0,0,1.0,0.0,1.0,2.0,-230.0,5.5,sbro,,,,
2010-11,2010-12-22,Florida,Pittsburgh,0.0,1.0,False,1,3,1.0,1.0,2.0,5.0,-220.0,5.5,sbro,,,,
2010-11,2010-12-22,TampaBay,NYIslanders,0.0,1.0,False,1,0,0.0,0.0,1.0,2.0,145.0,5.5,sbro,,,,
2010-11,2010-12-22,Vancouver,Detroit,3.0,1.0,False,0,1,1.0,2.0,4.0,5.0,-140.0,5.5,sbro,,,,
2010-11,2010-12-22,Nashville,Chicago,0.0,1.0,False,0,1,1.0,2.0,1.0,4.0,-150.0,5.5,sbro,,,,
2010-11,2010-12-23,Atlanta,Boston,1.0,2.0,False,0,1,0.0,1.0,1.0,4.0,-156.0,5.5,sbro,,,,
2010-11,2010-12-23,Vancouver,Columbus,3.0,1.0,False,3,0,1.0,2.0,7.0,3.0,-115.0,5.5,sbro,,,,
2010-11,2010-12-23,TampaBay,NYRangers,1.0,0.0,False,2,2,0.0,1.0,4.0,3.0,-140.0,5.5,sbro,,,,
2010-11,2010-12-23,Florida,Buffalo,0.0,3.0,False,3,0,1.0,0.0,4.0,3.0,-205.0,5.5,sbro,,,,
2010-11,2010-12-23,Montreal,Carolina,3.0,2.0,False,0,0,0.0,0.0,3.0,2.0,-120.0,5.5,sbro,,,,
2010-11,2010-12-23,NYIslanders,NewJersey,1.0,1.0,False,3,0,1.0,0.0,5.0,1.0,-199.0,5.0,sbro,,,,
2010-11,2010-12-23,Pittsburgh,Washington,0.0,1.0,False,1,0,1.0,1.0,3.0,2.0,-135.0,6.0,sbro,,,,
2010-11,2010-12-23,Ottawa,Nashville,1.0,1.0,False,1,0,0.0,0.0,2.0,1.0,-145.0,5.0,sbro,,,,
2010-11,2010-12-23,Detroit,St.Louis,2.0,1.0,False,1,3,0.0,0.0,3.0,4.0,-109.0,5.5,sbro,,,,
2010-11,2010-12-23,Calgary,Dallas,0.0,0.0,False,1,1,1.0,1.0,3.0,2.0,-163.0,5.5,sbro,,,,
2010-11,2010-12-23,Minnesota,Colorado,1.0,0.0,False,2,1,0.0,0.0,3.0,1.0,-166.0,5.5,sbro,,,,
2010-11,2010-12-23,Edmonton,LosAngeles,1.0,1.0,False,0,0,1.0,1.0,2.0,3.0,-210.0,5.5,sbro,,,,
2010-11,2010-12-23,Phoenix,SanJose,1.0,2.0,False,0,0,0.0,2.0,1.0,4.0,-205.0,5.5,sbro,,,,
2010-11,2010-12-26,Detroit,Minnesota,2.0,0.0,False,2,0,0.0,1.0,4.0,1.0,114.0,5.5,sbro,,,,
2010-11,2010-12-26,Nashville,St.Louis,0.0,1.0,False,0,0,0.0,1.0,0.0,2.0,-144.0,5.0,sbro,,,,
2010-11,2010-12-26,Columbus,Chicago,0.0,0.0,False,0,1,1.0,3.0,1.0,4.0,-175.0,5.5,sbro,,,,
2010-11,2010-12-26,Toronto,NewJersey,2.0,0.0,False,1,0,1.0,1.0,4.0,1.0,-150.0,5.0,sbro,,,,
2010-11,2010-12-26,Montreal,NYIslanders,0.0,1.0,False,0,1,1.0,2.0,1.0,4.0,129.0,5.0,sbro,,,,
2010-11,2010-12-26,Washington,Carolina,2.0,1.0,False,1,0,0.0,1.0,3.0,2.0,105.0,5.5,sbro,,,,
2010-11,2010-12-26,TampaBay,Atlanta,1.0,1.0,False,1,0,0.0,1.0,3.0,2.0,-139.0,6.0,sbro,,,,
2010-11,2010-12-26,Pittsburgh,Ottawa,0.0,1.0,False,0,2,1.0,0.0,1.0,3.0,114.0,5.5,sbro,,,,
2010-11,2010-12-26,Phoenix,Dallas,1.0,0.0,False,0,0,0.0,0.0,1.0,0.0,-155.0,5.5,sbro,,,,
2010-11,2010-12-26,Edmonton,Vancouver,2.0,1.0,False,0,0,0.0,2.0,2.0,3.0,-245.0,5.5,sbro,,,,
2010-11,2010-12-26,Anaheim,LosAngeles,1.0,4.0,False,0,0,0.0,0.0,1.0,4.0,-165.0,5.5,sbro,,,,
2010-11,2010-12-27,NYIslanders,NYRangers,0.0,2.0,False,2,2,0.0,3.0,2.0,7.0,-225.0,5.5,sbro,,,,
2010-11,2010-12-27,Minnesota,Columbus,1.0,1.0,False,1,0,1.0,2.0,3.0,4.0,-151.0,5.5,sbro,,,,
2010-11,2010-12-27,Boston,Florida,1.0,2.0,False,0,0,1.0,0.0,3.0,2.0,100.0,5.0,sbro,,,,
2010-11,2010-12-27,Buffalo,Calgary,0.0,2.0,False,1,0,1.0,3.0,2.0,5.0,-128.0,5.0,sbro,,,,
2010-11,2010-12-27,Detroit,Colorado,0.0,0.0,False,2,2,1.0,1.0,4.0,3.0,-109.0,5.5,sbro,,,,
2010-11,2010-12-27,LosAngeles,SanJose,0.0,0.0,False,0,0,4.0,0.0,4.0,0.0,-166.0,5.5,sbro,,,,
2010-11,2010-12-28,Montreal,Washington,0.0,0.0,False,0,2,0.0,1.0,0.0,3.0,-177.0,5.5,sbro,,,,
2010-11,2010-12-28,Carolina,Toronto,0.0,1.0,False,3,2,1.0,0.0,4.0,3.0,-120.0,5.5,sbro,,,,
2010-11,2010-12-28,Atlanta,Pittsburgh,0.0,1.0,False,2,2,1.0,3.0,3.0,6.0,-177.0,5.5,sbro,,,,
2010-11,2010-12-28,Boston,TampaBay,1.0,1.0,False,1,1,2.0,1.0,4.0,3.0,-115.0,5.5,sbro,,,,
2010-11,2010-12-28,Chicago,St.Louis,0.0,1.0,False,1,0,0.0,2.0,1.0,3.0,-113.0,5.5,sbro,,,,
2010-11,2010-12-28,Dallas,Nashville,1.0,1.0,False,0,0,3.0,1.0,4.0,2.0,-130.0,5.0,sbro,,,,
2010-11,2010-12-28,Anaheim,Phoenix,0.0,1.0,False,3,0,0.0,0.0,3.0,1.0,-150.0,5.5,sbro,,,,
2010-11,2010-12-28,Buffalo,Edmonton,1.0,0.0,False,1,1,2.0,1.0,4.0,2.0,-120.0,5.5,sbro,,,,
2010-11,2010-12-28,Philadelphia,Vancouver,1.0,3.0,False,0,1,1.0,2.0,2.0,6.0,-142.0,5.5,sbro,,,,
2010-11,2010-12-29,NYRangers,NewJersey,1.0,0.0,False,1,1,1.0,0.0,3.0,1.0,-116.0,5.0,sbro,,,,
2010-11,2010-12-29,Pittsburgh,NYIslanders,1.0,1.0,False,0,0,0.0,0.0,1.0,2.0,175.0,5.5,sbro,,,,
2010-11,2010-12-29,Carolina,Ottawa,1.0,0.0,False,2,0,1.0,0.0,4.0,0.0,-145.0,5.5,sbro,,,,
2010-11,2010-12-29,SanJose,Minnesota,2.0,1.0,False,1,1,0.0,3.0,3.0,5.0,117.0,5.5,sbro,,,,
2010-11,2010-12-29,Detroit,Dallas,2.0,3.0,False,1,0,4.0,0.0,7.0,3.0,103.0,5.5,sbro,,,,
2010-11,2010-12-29,LosAngeles,Phoenix,0.0,2.0,False,3,4,0.0,0.0,3.0,6.0,-113.0,5.0,sbro,,,,
2010-11,2010-12-30,Columbus,Toronto,1.0,0.0,False,1,2,1.0,0.0,3.0,2.0,-119.0,5.5,sbro,,,,
2010-11,2010-12-30,Boston,Atlanta,1.0,1.0,False,1,1,0.0,0.0,2.0,3.0,-116.0,5.5,sbro,,,,
2010-11,2010-12-30,Montreal,TampaBay,0.0,2.0,False,1,0,0.0,2.0,1.0,4.0,-135.0,5.5,sbro,,,,
2010-11,2010-12-30,SanJose,Chicago,2.0,2.0,False,1,1,2.0,0.0,5.0,3.0,-130.0,5.5,sbro,,,,
2010-11,2010-12-30,Colorado,Edmonton,0.0,1.0,False,3,0,0.0,2.0,4.0,3.0,111.0,5.5,sbro,,,,
2010-11,2010-12-30,Philadelphia,LosAngeles,4.0,2.0,False,2,2,1.0,0.0,7.0,4.0,-116.0,5.5,sbro,,,,
2010-11,2010-12-31,Montreal,Florida,2.0,2.0,False,0,0,0.0,0.0,3.0,2.0,-140.0,5.0,sbro,,,,
2010-11,2010-12-31,Atlanta,NewJersey,0.0,1.0,False,0,1,1.0,1.0,1.0,3.0,-116.0,5.5,sbro,,,,
2010-11,2010-12-31,Nashville,Minnesota,1.0,0.0,False,1,0,2.0,1.0,4.0,1.0,-125.0,5.0,sbro,,,,
2010-11,2010-12-31,Ottawa,Columbus,1.0,2.0,False,0,1,2.0,0.0,3.0,4.0,-120.0,5.5,sbro,,,,
2010-11,2010-12-31,NYIslanders,Detroit,1.0,1.0,False,2,1,0.0,1.0,4.0,3.0,-320.0,5.5,sbro,,,,
2010-11,2010-12-31,Philadelphia,Anaheim,1.0,2.0,False,0,1,1.0,2.0,2.0,5.0,100.0,5.5,sbro,,,,
2010-11,2010-12-31,Vancouver,Dallas,2.0,0.0,False,2,0,0.0,1.0,4.0,1.0,-114.0,5.5,sbro,,,,
2010-11,2010-12-31,Phoenix,St.Louis,0.0,2.0,False,0,1,3.0,1.0,3.0,4.0,-145.0,5.0,sbro,,,,
2010-11,2010-12-31,Colorado,Calgary,0.0,3.0,False,0,0,2.0,0.0,2.0,3.0,-130.0,5.5,sbro,,,,
2010-11,2011-01-01,Washington,Pittsburgh,2.0,1.0,False,0,0,1.0,0.0,3.0,1.0,-140.0,5.5,sbro,,,,
2010-11,2011-01-01,Boston,Buffalo,0.0,2.0,False,4,3,2.0,1.0,6.0,7.0,-120.0,5.0,sbro,,,,
2010-11,2011-01-01,Toronto,Ottawa,2.0,1.0,False,3,0,0.0,0.0,5.0,1.0,-135.0,5.5,sbro,,,,
2010-11,2011-01-01,NewJersey,Carolina,1.0,1.0,False,1,4,1.0,1.0,3.0,6.0,-190.0,5.0,sbro,,,,
2010-11,2011-01-01,NYRangers,TampaBay,0.0,0.0,False,0,1,1.0,0.0,1.0,2.0,-130.0,5.5,sbro,,,,
2010-11,2011-01-01,SanJose,LosAngeles,1.0,0.0,False,0,0,0.0,0.0,1.0,0.0,-120.0,5.5,sbro,,,,
2010-11,2011-01-01,Calgary,Edmonton,1.0,1.0,False,1,0,0.0,0.0,2.0,1.0,110.0,5.5,sbro,,,,
2010-11,2011-01-02,Atlanta,Montreal,2.0,1.0,False,1,1,0.0,1.0,4.0,3.0,-130.0,5.5,sbro,,,,
2010-11,2011-01-02,NYRangers,Florida,0.0,1.0,False,0,0,0.0,2.0,0.0,3.0,-115.0,5.5,sbro,,,,
2010-11,2011-01-02,Philadelphia,Detroit,3.0,0.0,False,0,0,0.0,2.0,3.0,2.0,-140.0,5.5,sbro,,,,
2010-11,2011-01-02,Columbus,Nashville,0.0,3.0,False,1,0,0.0,1.0,1.0,4.0,-135.0,5.0,sbro,,,,
2010-11,2011-01-02,Phoenix,Minnesota,0.0,2.0,False,1,1,4.0,2.0,5.0,6.0,-120.0,5.0,sbro,,,,
2010-11,2011-01-02,Dallas,St.Louis,0.0,0.0,False,1,2,3.0,0.0,4.0,2.0,-136.0,5.5,sbro,,,,
2010-11,2011-01-02,Vancouver,Colorado,0.0,0.0,False,1,0,1.0,1.0,2.0,1.0,-103.0,6.0,sbro,,,,
2010-11,2011-01-02,Chicago,Anaheim,0.0,1.0,False,1,1,0.0,0.0,1.0,2.0,-102.0,5.5,sbro,,,,
2010-11,2011-01-03,Florida,Carolina,1.0,0.0,False,1,1,1.0,2.0,4.0,3.0,-165.0,5.5,sbro,,,,
2010-11,2011-01-03,Boston,Toronto,2.0,0.0,False,0,1,0.0,0.0,2.0,1.0,122.0,5.0,sbro,,,,
2010-11,2011-01-03,NYIslanders,Calgary,1.0,1.0,False,3,1,1.0,0.0,5.0,2.0,-203.0,5.5,sbro,,,,
2010-11,2011-01-03,Chicago,LosAngeles,1.0,1.0,False,1,1,2.0,1.0,4.0,3.0,-132.0,5.5,sbro,,,,
2010-11,2011-01-03,Vancouver,SanJose,2.0,3.0,False,1,0,1.0,0.0,4.0,3.0,-130.0,5.5,sbro,,,,
2010-11,2011-01-04,Minnesota,NewJersey,0.0,1.0,False,1,0,1.0,0.0,2.0,1.0,-130.0,5.0,sbro,,,,
2010-11,2011-01-04,TampaBay,Washington,0.0,0.0,False,0,0,0.0,0.0,1.0,0.0,-172.0,6.0,sbro,,,,
2010-11,2011-01-04,Detroit,Edmonton,2.0,0.0,False,1,1,2.0,2.0,5.0,3.0,142.0,5.5,sbro,,,,
2010-11,2011-01-04,Columbus,Phoenix,1.0,2.0,False,0,0,1.0,2.0,2.0,4.0,-140.0,5.5,sbro,,,,
2010-11,2011-01-04,Buffalo,Colorado,0.0,0.0,False,1,2,2.0,1.0,3.0,4.0,-130.0,5.5,sbro,,,,
2010-11,2011-01-05,TampaBay,Pittsburgh,0.0,2.0,False,0,5,1.0,1.0,1.0,8.0,-193.0,5.5,sbro,,,,
2010-11,2011-01-05,Carolina,NYRangers,0.0,0.0,False,0,0,1.0,1.0,1.0,2.0,-140.0,5.5,sbro,,,,
2010-11,2011-01-05,Atlanta,Florida,1.0,0.0,False,2,1,0.0,1.0,3.0,2.0,-120.0,5.5,sbro,,,,
2010-11,2011-01-05,Dallas,Chicago,0.0,2.0,False,2,0,2.0,0.0,4.0,2.0,-164.0,5.5,sbro,,,,
2010-11,2011-01-05,Calgary,Vancouver,0.0,1.0,False,0,2,1.0,0.0,1.0,3.0,-202.0,5.5,sbro,,,,
2010-11,2011-01-05,Nashville,Anaheim,1.0,0.0,False,1,0,2.0,1.0,4.0,1.0,-130.0,5.0,sbro,,,,
2010-11,2011-01-06,St.Louis,Toronto,0.0,3.0,False,2,1,3.0,1.0,5.0,6.0,-105.0,5.0,sbro,,,,
2010-11,2011-01-06,Philadelphia,NewJersey,2.0,1.0,False,0,1,2.0,0.0,4.0,2.0,118.0,5.0,sbro,,,,
2010-11,2011-01-06,Minnesota,Boston,1.0,1.0,False,0,0,2.0,0.0,3.0,1.0,-182.0,5.0,sbro,,,,
2010-11,2011-01-06,Pittsburgh,Montreal,0.0,1.0,False,1,0,0.0,0.0,1.0,2.0,-105.0,5.0,sbro,,,,
2010-11,2011-01-06,NYIslanders,Edmonton,1.0,0.0,False,0,2,0.0,0.0,1.0,2.0,-125.0,5.5,sbro,,,,
2010-11,2011-01-06,Phoenix,Colorado,0.0,0.0,False,1,0,1.0,0.0,2.0,0.0,-140.0,5.5,sbro,,,,
2010-11,2011-01-06,Nashville,LosAngeles,3.0,2.0,False,0,0,2.0,0.0,5.0,2.0,-167.0,5.0,sbro,,,,
2010-11,2011-01-06,Buffalo,SanJose,1.0,0.0,False,2,0,0.0,0.0,3.0,0.0,-166.0,5.5,sbro,,,,
2010-11,2011-01-07,Carolina,Florida,2.0,0.0,False,0,2,3.0,1.0,5.0,3.0,-120.0,5.5,sbro,,,,
2010-11,2011-01-07,Toronto,Atlanta,6.0,0.0,False,2,1,1.0,2.0,9.0,3.0,-172.0,5.5,sbro,,,,
2010-11,2011-01-07,NYRangers,Dallas,1.0,1.0,False,0,1,1.0,0.0,3.0,2.0,-129.0,5.5,sbro,,,,
2010-11,2011-01-07,Ottawa,Chicago,1.0,1.0,False,0,0,1.0,1.0,2.0,3.0,-183.0,5.5,sbro,,,,
2010-11,2011-01-07,Detroit,Calgary,2.0,2.0,False,1,2,1.0,0.0,5.0,4.0,105.0,5.5,sbro,,,,
2010-11,2011-01-07,Edmonton,Vancouver,1.0,3.0,False,0,0,0.0,3.0,1.0,6.0,-267.0,5.5,sbro,,,,
2010-11,2011-01-07,Columbus,Anaheim,0.0,2.0,False,0,1,0.0,3.0,0.0,6.0,-130.0,5.5,sbro,,,,
2010-11,2011-01-08,NewJersey,Philadelphia,1.0,0.0,False,0,2,0.0,0.0,1.0,2.0,-240.0,5.0,sbro,,,,
2010-11,2011-01-08,NYIslanders,Colorado,1.0,0.0,False,2,2,0.0,1.0,4.0,3.0,-205.0,6.0,sbro,,,,
2010-11,2011-01-08,Boston,Montreal,2.0,0.0,False,0,0,0.0,2.0,2.0,3.0,-115.0,5.0,sbro,,,,
2010-11,2011-01-08,Florida,Washington,0.0,1.0,False,1,0,1.0,2.0,2.0,3.0,-225.0,5.5,sbro,,,,
2010-11,2011-01-08,TampaBay,Ottawa,0.0,1.0,False,0,0,2.0,0.0,2.0,1.0,-105.0,5.5,sbro,,,,
2010-11,2011-01-08,Minnesota,Pittsburgh,0.0,0.0,False,2,0,2.0,0.0,4.0,0.0,-161.0,5.0,sbro,,,,
2010-11,2011-01-08,Nashville,SanJose,0.0,1.0,False,1,0,1.0,0.0,2.0,1.0,-168.0,5.0,sbro,,,,
2010-11,2011-01-08,NYRangers,St.Louis,2.0,1.0,False,0,0,0.0,0.0,2.0,1.0,-145.0,5.0,sbro,,,,
2010-11,2011-01-08,Buffalo,Phoenix,1.0,1.0,False,0,0,0.0,0.0,2.0,1.0,-123.0,5.5,sbro,,,,
2010-11,2011-01-08,Detroit,Vancouver,0.0,1.0,False,0,0,1.0,0.0,2.0,1.0,-171.0,5.5,sbro,,,,
2010-11,2011-01-08,Columbus,LosAngeles,1.0,1.0,False,0,3,3.0,2.0,4.0,6.0,-183.0,5.5,sbro,,,,
2010-11,2011-01-09,Atlanta,Carolina,1.0,2.0,False,1,1,1.0,0.0,3.0,4.0,-125.0,5.5,sbro,,,,
2010-11,2011-01-09,TampaBay,NewJersey,0.0,0.0,False,2,1,1.0,5.0,3.0,6.0,120.0,5.5,sbro,,,,
2010-11,2011-01-09,Dallas,Minnesota,0.0,0.0,False,2,0,2.0,0.0,4.0,0.0,-117.0,5.0,sbro,,,,
2010-11,2011-01-09,NYIslanders,Chicago,0.0,4.0,False,0,1,0.0,0.0,0.0,5.0,-255.0,5.5,sbro,,,,
2010-11,2011-01-09,SanJose,Anaheim,0.0,1.0,False,0,0,0.0,0.0,0.0,1.0,-116.0,5.5,sbro,,,,
2010-11,2011-01-10,Boston,Pittsburgh,0.0,2.0,False,0,0,4.0,0.0,4.0,2.0,-130.0,5.0,sbro,,,,
2010-11,2011-01-10,Phoenix,St.Louis,2.0,0.0,False,0,1,2.0,2.0,4.0,3.0,-145.0,5.0,sbro,,,,
2010-11,2011-01-10,Detroit,Colorado,1.0,1.0,False,2,4,1.0,0.0,4.0,5.0,-116.0,5.5,sbro,,,,
2010-11,2011-01-10,Toronto,LosAngeles,2.0,1.0,False,0,1,1.0,0.0,3.0,2.0,-175.0,5.5,sbro,,,,
2010-11,2011-01-11,Phoenix,Columbus,2.0,1.0,False,0,2,2.0,0.0,4.0,3.0,-128.0,5.5,sbro,,,,
2010-11,2011-01-11,Calgary,Carolina,1.0,3.0,False,2,2,2.0,0.0,5.0,6.0,-140.0,5.5,sbro,,,,
2010-11,2011-01-11,Ottawa,Boston,0.0,3.0,False,0,2,0.0,1.0,0.0,6.0,-172.0,5.0,sbro,,,,
2010-11,2011-01-11,Montreal,NYRangers,1.0,0.0,False,0,1,1.0,0.0,2.0,1.0,-145.0,5.0,sbro,,,,
2010-11,2011-01-11,Vancouver,NYIslanders,1.0,1.0,False,1,0,1.0,2.0,4.0,3.0,175.0,5.5,sbro,,,,
2010-11,2011-01-11,Washington,Florida,2.0,1.0,False,0,2,1.0,0.0,3.0,4.0,113.0,5.5,sbro,,,,
2010-11,2011-01-11,Philadelphia,Buffalo,1.0,0.0,False,1,2,3.0,0.0,5.0,2.0,-105.0,5.5,sbro,,,,
2010-11,2011-01-11,Minnesota,Nashville,0.0,1.0,False,1,1,0.0,3.0,1.0,5.0,-149.0,5.0,sbro,,,,
2010-11,2011-01-11,Edmonton,Dallas,0.0,1.0,False,0,1,2.0,1.0,2.0,3.0,-230.0,5.5,sbro,,,,
2010-11,2011-01-11,Toronto,SanJose,0.0,0.0,False,0,1,4.0,1.0,4.0,2.0,-220.0,5.5,sbro,,,,
2010-11,2011-01-12,Pittsburgh,Montreal,2.0,1.0,False,1,1,2.0,0.0,5.0,2.0,-130.0,5.0,sbro,,,,
2010-11,2011-01-12,Washington,TampaBay,0.0,1.0,False,0,2,0.0,0.0,0.0,3.0,-106.0,6.0,sbro,,,,
2010-11,2011-01-12,Colorado,Chicago,0.0,1.0,False,0,2,0.0,1.0,0.0,4.0,-166.0,5.5,sbro,,,,
2010-11,2011-01-12,St.Louis,Anaheim,2.0,0.0,False,0,3,2.0,4.0,4.0,7.0,-120.0,5.0,sbro,,,,
2010-11,2011-01-13,Vancouver,NYRangers,0.0,1.0,False,0,0,0.0,0.0,0.0,1.0,105.0,5.5,sbro,,,,
2010-11,2011-01-13,Philadelphia,Boston,2.0,1.0,False,1,1,2.0,5.0,5.0,7.0,-120.0,5.5,sbro,,,,
2010-11,2011-01-13,Ottawa,NYIslanders,4.0,1.0,False,2,1,0.0,2.0,6.0,4.0,100.0,5.5,sbro,,,,
2010-11,2011-01-13,Carolina,Buffalo,1.0,1.0,False,0,1,1.0,1.0,2.0,3.0,-140.0,5.5,sbro,,,,
2010-11,2011-01-13,Nashville,Florida,0.0,0.0,False,1,1,1.0,2.0,2.0,3.0,-115.0,5.0,sbro,,,,
2010-11,2011-01-13,Toronto,Phoenix,0.0,0.0,False,0,1,1.0,4.0,1.0,5.0,-151.0,5.5,sbro,,,,
2010-11,2011-01-13,St.Louis,LosAngeles,2.0,1.0,False,1,0,0.0,0.0,3.0,1.0,-166.0,5.5,sbro,,,,
2010-11,2011-01-13,Edmonton,SanJose,2.0,0.0,False,1,0,2.0,2.0,5.0,2.0,-250.0,5.5,sbro,,,,
2010-11,2011-01-14,Vancouver,Washington,2.0,0.0,False,1,1,1.0,1.0,4.0,2.0,-125.0,6.0,sbro,,,,
2010-11,2011-01-14,Detroit,Columbus,2.0,0.0,False,0,2,0.0,0.0,2.0,3.0,110.0,5.5,sbro,,,,
2010-11,2011-01-14,Philadelphia,Atlanta,2.0,2.0,False,0,0,3.0,0.0,5.0,2.0,-116.0,5.5,sbro,,,,
2010-11,2011-01-14,NewJersey,TampaBay,0.0,1.0,False,4,1,1.0,0.0,5.0,2.0,-200.0,5.5,sbro,,,,
2010-11,2011-01-14,Calgary,Ottawa,3.0,0.0,False,0,0,0.0,2.0,3.0,2.0,-109.0,5.5,sbro,,,,
2010-11,2011-01-14,Colorado,Minnesota,1.0,0.0,False,2,0,1.0,1.0,4.0,1.0,-116.0,5.5,sbro,,,,
2010-11,2011-01-15,Pittsburgh,Boston,1.0,2.0,False,1,0,1.0,0.0,3.0,2.0,-140.0,5.5,sbro,,,,
2010-11,2011-01-15,NYRangers,Montreal,0.0,0.0,False,1,3,1.0,0.0,2.0,3.0,-125.0,5.0,sbro,,,,
2010-11,2011-01-15,NewJersey,Florida,0.0,1.0,False,1,1,1.0,0.0,2.0,3.0,-165.0,5.0,sbro,,,,
2010-11,2011-01-15,Buffalo,NYIslanders,1.0,4.0,False,0,0,2.0,1.0,3.0,5.0,116.0,5.5,sbro,,,,
2010-11,2011-01-15,Columbus,Detroit,1.0,2.0,False,2,2,2.0,1.0,5.0,6.0,-200.0,5.5,sbro,,,,
2010-11,2011-01-15,TampaBay,Carolina,1.0,3.0,False,2,2,1.0,1.0,4.0,6.0,-125.0,5.5,sbro,,,,
2010-11,2011-01-15,Calgary,Toronto,0.0,0.0,False,0,0,1.0,1.0,2.0,1.0,-130.0,5.5,sbro,,,,
2010-11,2011-01-15,Anaheim,Phoenix,0.0,3.0,False,1,1,1.0,2.0,2.0,6.0,-135.0,5.5,sbro,,,,
2010-11,2011-01-15,Atlanta,Dallas,1.0,2.0,False,0,1,0.0,3.0,1.0,6.0,-155.0,5.5,sbro,,,,
2010-11,2011-01-15,Chicago,Nashville,1.0,0.0,False,1,0,0.0,2.0,2.0,3.0,-110.0,5.5,sbro,,,,
2010-11,2011-01-15,Edmonton,LosAngeles,0.0,1.0,False,2,2,0.0,2.0,2.0,5.0,-200.0,5.5,sbro,,,,
2010-11,2011-01-15,St.Louis,SanJose,1.0,1.0,False,1,1,0.0,2.0,2.0,4.0,-151.0,5.5,sbro,,,,
2010-11,2011-01-16,Ottawa,Washington,0.0,0.0,False,1,0,0.0,3.0,1.0,3.0,-200.0,5.5,sbro,,,,
2010-11,2011-01-16,Vancouver,Minnesota,0.0,2.0,False,0,0,0.0,2.0,0.0,4.0,134.0,5.5,sbro,,,,
2010-11,2011-01-16,Philadelphia,NYRangers,1.0,0.0,False,2,0,0.0,2.0,3.0,2.0,-109.0,5.5,sbro,,,,
2010-11,2011-01-16,Nashville,Chicago,0.0,1.0,False,2,1,1.0,4.0,3.0,6.0,-178.0,5.5,sbro,,,,
2010-11,2011-01-16,Edmonton,Anaheim,2.0,1.0,False,0,2,0.0,0.0,2.0,3.0,-193.0,5.5,sbro,,,,
2010-11,2011-01-17,NewJersey,NYIslanders,3.0,2.0,False,2,0,0.0,0.0,5.0,2.0,-125.0,5.0,sbro,,,,
2010-11,2011-01-17,Carolina,Boston,0.0,2.0,False,0,3,0.0,2.0,0.0,7.0,-150.0,5.5,sbro,,,,
2010-11,2011-01-17,SanJose,Phoenix,2.0,0.0,False,1,1,1.0,1.0,4.0,2.0,-120.0,5.5,sbro,,,,
2010-11,2011-01-17,Calgary,Montreal,2.0,2.0,False,0,2,2.0,0.0,4.0,5.0,-155.0,5.0,sbro,,,,
2010-11,2011-01-17,Atlanta,Florida,0.0,0.0,False,0,0,2.0,2.0,3.0,2.0,-130.0,5.5,sbro,,,,
2010-11,2011-01-17,LosAngeles,Dallas,0.0,2.0,False,1,0,0.0,0.0,1.0,2.0,-135.0,5.5,sbro,,,,
2010-11,2011-01-18,Detroit,Pittsburgh,1.0,1.0,False,0,2,0.0,1.0,1.0,4.0,-145.0,5.5,sbro,,,,
2010-11,2011-01-18,Washington,Philadelphia,0.0,1.0,False,0,1,2.0,0.0,2.0,3.0,-140.0,6.0,sbro,,,,
2010-11,2011-01-18,Boston,Carolina,0.0,0.0,False,1,1,2.0,1.0,3.0,2.0,-125.0,5.5,sbro,,,,
2010-11,2011-01-18,Montreal,Buffalo,0.0,1.0,False,1,0,0.0,0.0,1.0,2.0,-130.0,5.0,sbro,,,,
2010-11,2011-01-18,Columbus,TampaBay,1.0,1.0,False,1,1,0.0,0.0,2.0,3.0,-166.0,6.0,sbro,,,,
2010-11,2011-01-18,Anaheim,Ottawa,0.0,1.0,False,1,0,0.0,0.0,2.0,1.0,-116.0,5.5,sbro,,,,
2010-11,2011-01-18,LosAngeles,St.Louis,1.0,0.0,False,0,1,0.0,1.0,1.0,2.0,-130.0,5.5,sbro,,,,
2010-11,2011-01-18,Vancouver,Colorado,2.0,2.0,False,1,1,0.0,0.0,3.0,4.0,110.0,6.0,sbro,,,,
2010-11,2011-01-18,Nashville,Phoenix,2.0,0.0,False,2,2,1.0,0.0,5.0,2.0,-125.0,5.0,sbro,,,,
2010-11,2011-01-18,Minnesota,Edmonton,0.0,0.0,False,2,0,2.0,1.0,4.0,1.0,-104.0,5.5,sbro,,,,
2010-11,2011-01-19,Toronto,NYRangers,0.0,2.0,False,0,4,0.0,1.0,0.0,7.0,-156.0,5.5,sbro,,,,
2010-11,2011-01-19,Columbus,Florida,0.0,0.0,False,1,2,1.0,0.0,3.0,2.0,-135.0,5.5,sbro,,,,
2010-11,2011-01-19,Minnesota,Calgary,1.0,0.0,False,2,0,3.0,0.0,6.0,0.0,-135.0,5.0,sbro,,,,
2010-11,2011-01-20,Anaheim,Toronto,1.0,2.0,False,1,1,0.0,2.0,2.0,5.0,-115.0,5.5,sbro,,,,
2010-11,2011-01-20,Washington,NYIslanders,1.0,1.0,False,1,0,0.0,0.0,2.0,1.0,141.0,5.5,sbro,,,,
2010-11,2011-01-20,TampaBay,Atlanta,0.0,1.0,False,1,1,1.0,0.0,3.0,2.0,-120.0,6.0,sbro,,,,
2010-11,2011-01-20,Ottawa,Philadelphia,2.0,1.0,False,0,2,0.0,3.0,2.0,6.0,-230.0,5.5,sbro,,,,
2010-11,2011-01-20,Buffalo,Boston,2.0,1.0,False,0,1,2.0,0.0,4.0,2.0,-151.0,5.5,sbro,,,,
2010-11,2011-01-20,Pittsburgh,NewJersey,0.0,0.0,False,0,2,0.0,0.0,0.0,2.0,112.0,5.0,sbro,,,,
2010-11,2011-01-20,NYRangers,Carolina,0.0,1.0,False,0,2,1.0,1.0,1.0,4.0,-130.0,5.5,sbro,,,,
2010-11,2011-01-20,Detroit,St.Louis,2.0,1.0,False,1,0,0.0,2.0,4.0,3.0,-120.0,5.5,sbro,,,,
2010-11,2011-01-20,Nashville,Colorado,0.0,0.0,False,2,0,3.0,1.0,5.0,1.0,-135.0,5.5,sbro,,,,
2010-11,2011-01-20,Dallas,Edmonton,2.0,1.0,False,1,1,1.0,0.0,4.0,2.0,145.0,5.5,sbro,,,,
2010-11,2011-01-20,SanJose,Vancouver,1.0,0.0,False,0,1,0.0,0.0,2.0,1.0,-150.0,5.5,sbro,,,,
2010-11,2011-01-20,Phoenix,LosAngeles,2.0,0.0,False,0,0,0.0,0.0,2.0,0.0,-140.0,5.0,sbro,,,,
2010-11,2011-01-21,TampaBay,Florida,0.0,0.0,False,1,1,0.0,0.0,2.0,1.0,-120.0,5.5,sbro,,,,
2010-11,2011-01-21,NYIslanders,Buffalo,1.0,0.0,False,2,0,2.0,2.0,5.0,2.0,-210.0,5.5,sbro,,,,
2010-11,2011-01-21,Montreal,Ottawa,3.0,0.0,False,2,1,2.0,0.0,7.0,1.0,100.0,5.0,sbro,,,,
2010-11,2011-01-21,Dallas,Calgary,1.0,3.0,False,2,2,1.0,2.0,4.0,7.0,-115.0,5.5,sbro,,,,
2010-11,2011-01-22,NewJersey,Philadelphia,0.0,1.0,False,2,0,1.0,0.0,3.0,1.0,-220.0,5.5,sbro,,,,
2010-11,2011-01-22,Chicago,Detroit,2.0,0.0,False,1,1,1.0,0.0,4.0,1.0,-140.0,5.5,sbro,,,,
2010-11,2011-01-22,Boston,Colorado,2.0,0.0,False,2,1,2.0,1.0,6.0,2.0,-115.0,5.5,sbro,,,,
2010-11,2011-01-22,NYRangers,Atlanta,1.0,1.0,False,0,1,1.0,0.0,3.0,2.0,-125.0,5.5,sbro,,,,
2010-11,2011-01-22,Washington,Toronto,0.0,0.0,False,1,0,3.0,1.0,4.0,1.0,110.0,5.5,sbro,,,,
2010-11,2011-01-22,Carolina,Pittsburgh,0.0,1.0,False,0,0,2.0,2.0,2.0,3.0,-151.0,5.5,sbro,,,,
2010-11,2011-01-22,Anaheim,Montreal,2.0,1.0,False,1,0,0.0,2.0,4.0,3.0,-130.0,5.5,sbro,,,,
2010-11,2011-01-22,LosAngeles,Phoenix,0.0,2.0,False,3,1,1.0,0.0,4.0,3.0,-125.0,5.0,sbro,,,,
2010-11,2011-01-22,Columbus,St.Louis,1.0,0.0,False,1,2,3.0,0.0,5.0,2.0,-151.0,5.5,sbro,,,,
2010-11,2011-01-22,Calgary,Vancouver,0.0,1.0,False,2,1,1.0,1.0,4.0,3.0,-220.0,5.5,sbro,,,,
2010-11,2011-01-22,Minnesota,SanJose,1.0,2.0,False,1,1,1.0,1.0,3.0,4.0,-161.0,5.5,sbro,,,,
2010-11,2011-01-23,Florida,NewJersey,1.0,2.0,False,0,2,1.0,1.0,2.0,5.0,-130.0,5.0,sbro,,,,
2010-11,2011-01-23,Buffalo,NYIslanders,1.0,2.0,False,1,0,3.0,1.0,5.0,3.0,115.0,5.5,sbro,,,,
2010-11,2011-01-23,Philadelphia,Chicago,1.0,0.0,False,0,0,3.0,1.0,4.0,1.0,-120.0,5.5,sbro,,,,
2010-11,2011-01-23,Atlanta,TampaBay,0.0,5.0,False,0,0,1.0,2.0,1.0,7.0,-166.0,6.0,sbro,,,,
2010-11,2011-01-23,Nashville,Edmonton,0.0,0.0,False,1,0,1.0,2.0,3.0,2.0,130.0,5.5,sbro,,,,
2010-11,2011-01-24,Toronto,Carolina,0.0,1.0,False,1,1,3.0,4.0,4.0,6.0,-155.0,5.5,sbro,,,,
2010-11,2011-01-24,NYRangers,Washington,0.0,1.0,False,0,0,1.0,0.0,2.0,1.0,-180.0,5.5,sbro,,,,
2010-11,2011-01-24,Nashville,Calgary,1.0,1.0,False,0,1,0.0,1.0,1.0,3.0,-125.0,5.0,sbro,,,,
2010-11,2011-01-24,St.Louis,Colorado,2.0,2.0,False,0,0,1.0,2.0,3.0,4.0,-130.0,5.5,sbro,,,,
2010-11,2011-01-24,Dallas,Vancouver,0.0,2.0,False,1,3,0.0,2.0,1.0,7.0,-170.0,5.5,sbro,,,,
2010-11,2011-01-24,Boston,LosAngeles,0.0,0.0,False,0,1,0.0,1.0,0.0,2.0,-115.0,5.5,sbro,,,,
2010-11,2011-01-25,NYIslanders,Pittsburgh,0.0,0.0,False,0,0,0.0,1.0,0.0,1.0,-202.0,5.5,sbro,,,,
2010-11,2011-01-25,Florida,NYRangers,2.0,1.0,False,1,0,1.0,2.0,4.0,3.0,-145.0,5.0,sbro,,,,
2010-11,2011-01-25,Anaheim,Columbus,0.0,0.0,False,2,1,1.0,1.0,3.0,2.0,-120.0,5.5,sbro,,,,
2010-11,2011-01-25,Toronto,TampaBay,0.0,0.0,False,0,2,0.0,0.0,0.0,2.0,-202.0,6.0,sbro,,,,
2010-11,2011-01-25,Buffalo,Ottawa,0.0,0.0,False,2,1,0.0,1.0,3.0,2.0,100.0,5.5,sbro,,,,
2010-11,2011-01-25,Montreal,Philadelphia,1.0,2.0,False,0,2,1.0,1.0,2.0,5.0,-177.0,5.5,sbro,,,,
2010-11,2011-01-25,Minnesota,Chicago,2.0,0.0,False,1,2,1.0,0.0,4.0,2.0,-182.0,5.5,sbro,,,,
2010-11,2011-01-25,Edmonton,Phoenix,1.0,1.0,False,0,1,3.0,1.0,4.0,3.0,-200.0,5.5,sbro,,,,
2010-11,2011-01-26,Florida,Boston,0.0,1.0,False,0,1,1.0,0.0,1.0,2.0,-220.0,5.5,sbro,,,,
2010-11,2011-01-26,Washington,Atlanta,0.0,1.0,False,0,0,0.0,0.0,0.0,1.0,115.0,6.0,sbro,,,,
2010-11,2011-01-26,Carolina,NYIslanders,2.0,1.0,False,1,0,1.0,1.0,4.0,2.0,105.0,5.5,sbro,,,,
2010-11,2011-01-26,NewJersey,Detroit,0.0,0.0,False,1,1,0.0,2.0,1.0,3.0,-191.0,5.5,sbro,,,,
2010-11,2011-01-26,Edmonton,Dallas,1.0,2.0,False,0,1,0.0,0.0,1.0,3.0,-240.0,5.5,sbro,,,,
2010-11,2011-01-26,Phoenix,Colorado,1.0,0.0,False,2,1,2.0,1.0,5.0,2.0,-144.0,5.5,sbro,,,,
2010-11,2011-01-26,Nashville,Vancouver,0.0,0.0,False,0,0,1.0,2.0,1.0,2.0,-180.0,5.5,sbro,,,,
2010-11,2011-01-26,St.Louis,Calgary,0.0,2.0,False,0,1,1.0,1.0,1.0,4.0,-130.0,5.5,sbro,,,,
2010-11,2011-01-26,SanJose,LosAngeles,2.0,1.0,False,0,0,0.0,1.0,2.0,3.0,-115.0,5.5,sbro,,,,
2010-11,2011-02-01,NYIslanders,Atlanta,3.0,0.0,False,0,1,1.0,0.0,4.0,1.0,-200.0,5.5,sbro,,,,
2010-11,2011-02-01,Boston,Carolina,1.0,1.0,False,0,0,2.0,1.0,3.0,2.0,-125.0,5.5,sbro,,,,
2010-11,2011-02-01,Ottawa,NewJersey,1.0,1.0,False,0,0,0.0,1.0,1.0,2.0,-165.0,5.0,sbro,,,,
2010-11,2011-02-01,Florida,Toronto,1.0,1.0,False,1,2,1.0,0.0,3.0,4.0,-135.0,5.5,sbro,,,,
2010-11,2011-02-01,Chicago,Columbus,3.0,2.0,False,2,1,2.0,1.0,7.0,4.0,100.0,5.5,sbro,,,,
2010-11,2011-02-01,Montreal,Washington,2.0,0.0,False,0,2,0.0,0.0,3.0,2.0,-170.0,5.5,sbro,,,,
2010-11,2011-02-01,Philadelphia,TampaBay,0.0,0.0,False,0,3,0.0,1.0,0.0,4.0,-125.0,5.5,sbro,,,,
2010-11,2011-02-01,Pittsburgh,NYRangers,3.0,2.0,False,0,1,0.0,0.0,4.0,3.0,-125.0,5.0,sbro,,,,
2010-11,2011-02-01,Calgary,Nashville,0.0,0.0,False,0,1,2.0,1.0,3.0,2.0,-140.0,5.0,sbro,,,,
2010-11,2011-02-01,LosAngeles,Minnesota,0.0,0.0,False,0,0,0.0,0.0,0.0,1.0,-115.0,5.0,sbro,,,,
2010-11,2011-02-01,Vancouver,Dallas,3.0,1.0,False,0,0,1.0,0.0,4.0,1.0,-110.0,5.5,sbro,,,,
2010-11,2011-02-01,Phoenix,SanJose,1.0,1.0,False,2,0,0.0,4.0,3.0,5.0,-175.0,5.5,sbro,,,,
2010-11,2011-02-02,Detroit,Ottawa,2.0,1.0,False,2,3,3.0,1.0,7.0,5.0,157.0,5.5,sbro,,,,
2010-11,2011-02-02,NYIslanders,Pittsburgh,0.0,0.0,False,0,2,0.0,1.0,0.0,3.0,-205.0,5.5,sbro,,,,
2010-11,2011-02-02,Florida,Montreal,0.0,1.0,False,1,0,1.0,2.0,2.0,3.0,-172.0,5.0,sbro,,,,
2010-11,2011-02-02,Vancouver,Phoenix,2.0,0.0,False,1,0,3.0,0.0,6.0,0.0,105.0,5.5,sbro,,,,
2010-11,2011-02-02,LosAngeles,Edmonton,2.0,1.0,False,0,0,1.0,0.0,3.0,1.0,121.0,5.5,sbro,,,,
2010-11,2011-02-02,SanJose,Anaheim,1.0,2.0,False,3,0,0.0,1.0,4.0,3.0,-114.0,5.5,sbro,,,,
2010-11,2011-02-03,Calgary,Atlanta,1.0,2.0,False,1,0,2.0,0.0,4.0,2.0,-120.0,5.5,sbro,,,,
2010-11,2011-02-03,Dallas,Boston,1.0,0.0,False,0,4,2.0,2.0,3.0,6.0,-140.0,5.5,sbro,,,,
2010-11,2011-02-03,Nashville,Philadelphia,0.0,0.0,False,1,1,1.0,2.0,2.0,3.0,-182.0,5.5,sbro,,,,
2010-11,2011-02-03,NewJersey,NYRangers,2.0,1.0,False,1,0,0.0,1.0,3.0,2.0,-145.0,5.0,sbro,,,,
2010-11,2011-02-03,Carolina,Toronto,0.0,2.0,False,0,0,0.0,1.0,0.0,3.0,-116.0,5.5,sbro,,,,
2010-11,2011-02-03,Minnesota,Colorado,1.0,1.0,False,2,0,1.0,2.0,4.0,3.0,-140.0,5.5,sbro,,,,
2010-11,2011-02-04,Florida,NewJersey,0.0,1.0,False,2,2,1.0,0.0,4.0,3.0,-140.0,5.0,sbro,,,,
2010-11,2011-02-04,Buffalo,Pittsburgh,0.0,3.0,False,2,0,0.0,0.0,2.0,3.0,-145.0,5.5,sbro,,,,
2010-11,2011-02-04,Columbus,Detroit,1.0,0.0,False,1,0,1.0,0.0,3.0,0.0,-200.0,5.5,sbro,,,,
2010-11,2011-02-04,Washington,TampaBay,2.0,1.0,False,1,1,2.0,0.0,5.0,2.0,-130.0,5.5,sbro,,,,
2010-11,2011-02-04,Edmonton,St.Louis,2.0,2.0,False,1,2,0.0,1.0,3.0,5.0,-193.0,5.5,sbro,,,,
2010-11,2011-02-04,Chicago,Vancouver,2.0,1.0,False,0,1,1.0,2.0,3.0,4.0,-156.0,5.5,sbro,,,,
2010-11,2011-02-05,SanJose,Boston,0.0,0.0,False,1,0,1.0,0.0,2.0,0.0,-125.0,5.5,sbro,,,,
2010-11,2011-02-05,NYRangers,Montreal,0.0,1.0,False,0,0,0.0,1.0,0.0,2.0,-130.0,5.0,sbro,,,,
2010-11,2011-02-05,Anaheim,Colorado,0.0,0.0,False,1,0,2.0,0.0,3.0,0.0,-145.0,5.5,sbro,,,,
2010-11,2011-02-05,Dallas,Philadelphia,1.0,1.0,False,0,1,0.0,1.0,1.0,3.0,-177.0,5.5,sbro,,,,
2010-11,2011-02-05,Toronto,Buffalo,1.0,3.0,False,0,2,1.0,1.0,2.0,6.0,-162.0,5.5,sbro,,,,
2010-11,2011-02-05,Ottawa,NYIslanders,0.0,0.0,False,3,3,0.0,2.0,3.0,5.0,-115.0,5.5,sbro,,,,
2010-11,2011-02-05,Edmonton,Columbus,0.0,1.0,False,2,1,1.0,2.0,3.0,4.0,-177.0,5.5,sbro,,,,
2010-11,2011-02-05,Atlanta,Carolina,0.0,1.0,False,1,0,2.0,2.0,3.0,4.0,-135.0,5.5,sbro,,,,
2010-11,2011-02-05,Detroit,Nashville,0.0,1.0,False,0,1,0.0,1.0,0.0,3.0,-116.0,5.5,sbro,,,,
2010-11,2011-02-05,Minnesota,Phoenix,0.0,0.0,False,0,0,0.0,1.0,0.0,1.0,-140.0,5.5,sbro,,,,
2010-11,2011-02-05,LosAngeles,Calgary,1.0,1.0,False,2,1,0.0,1.0,4.0,3.0,-120.0,5.0,sbro,,,,
2010-11,2011-02-06,Pittsburgh,Washington,0.0,1.0,False,0,1,0.0,1.0,0.0,3.0,-145.0,5.5,sbro,,,,
2010-11,2011-02-06,NewJersey,Montreal,1.0,1.0,False,2,0,1.0,0.0,4.0,1.0,-145.0,5.0,sbro,,,,
2010-11,2011-02-06,St.Louis,TampaBay,3.0,2.0,False,0,1,0.0,0.0,3.0,4.0,-156.0,5.5,sbro,,,,
2010-11,2011-02-07,Atlanta,Toronto,1.0,3.0,False,2,0,1.0,2.0,4.0,5.0,-125.0,5.5,sbro,,,,
2010-11,2011-02-07,NYRangers,Detroit,0.0,1.0,False,0,0,2.0,2.0,2.0,3.0,-193.0,5.5,sbro,,,,
2010-11,2011-02-07,Edmonton,Nashville,1.0,0.0,False,1,0,2.0,0.0,4.0,0.0,-230.0,5.5,sbro,,,,
2010-11,2011-02-07,Colorado,Phoenix,0.0,1.0,False,0,1,0.0,1.0,0.0,3.0,-135.0,5.5,sbro,,,,
2010-11,2011-02-07,Chicago,Calgary,1.0,0.0,False,0,1,0.0,2.0,1.0,3.0,-105.0,5.5,sbro,,,,
2010-11,2011-02-07,Ottawa,Vancouver,2.0,1.0,False,0,2,0.0,1.0,2.0,4.0,-239.0,5.5,sbro,,,,
2010-11,2011-02-08,SanJose,Washington,0.0,0.0,False,0,0,2.0,0.0,2.0,0.0,-135.0,5.5,sbro,,,,
2010-11,2011-02-08,Toronto,NYIslanders,0.0,1.0,False,2,1,3.0,1.0,5.0,3.0,-120.0,5.5,sbro,,,,
2010-11,2011-02-08,Columbus,Pittsburgh,2.0,0.0,False,1,0,1.0,1.0,4.0,1.0,-140.0,5.5,sbro,,,,
2010-11,2011-02-08,Carolina,NewJersey,1.0,1.0,False,0,0,1.0,1.0,2.0,3.0,-113.0,5.0,sbro,,,,
2010-11,2011-02-08,St.Louis,Florida,1.0,0.0,False,0,1,1.0,0.0,2.0,1.0,-115.0,5.5,sbro,,,,
2010-11,2011-02-08,Buffalo,TampaBay,1.0,2.0,False,1,1,5.0,1.0,7.0,4.0,-140.0,5.5,sbro,,,,
2010-11,2011-02-09,SanJose,Columbus,2.0,0.0,False,0,2,1.0,0.0,3.0,2.0,110.0,5.5,sbro,,,,
2010-11,2011-02-09,Montreal,Boston,4.0,4.0,False,0,2,2.0,2.0,6.0,8.0,-151.0,5.0,sbro,,,,
2010-11,2011-02-09,Nashville,Detroit,2.0,1.0,False,2,0,0.0,0.0,4.0,1.0,-182.0,5.5,sbro,,,,
2010-11,2011-02-09,Colorado,Minnesota,0.0,1.0,False,1,2,1.0,0.0,2.0,3.0,-125.0,5.5,sbro,,,,
2010-11,2011-02-09,Phoenix,Dallas,0.0,1.0,False,1,1,1.0,0.0,3.0,2.0,-145.0,5.5,sbro,,,,
2010-11,2011-02-09,Chicago,Edmonton,1.0,0.0,False,1,0,2.0,1.0,4.0,1.0,136.0,5.5,sbro,,,,
2010-11,2011-02-09,Ottawa,Calgary,0.0,2.0,False,2,1,0.0,2.0,2.0,5.0,-177.0,5.5,sbro,,,,
2010-11,2011-02-09,Anaheim,Vancouver,2.0,1.0,False,1,0,1.0,2.0,4.0,3.0,-205.0,5.5,sbro,,,,
2010-11,2011-02-10,LosAngeles,Pittsburgh,0.0,0.0,False,1,1,0.0,0.0,1.0,2.0,-125.0,5.0,sbro,,,,
2010-11,2011-02-10,Carolina,Philadelphia,0.0,0.0,False,0,0,1.0,2.0,1.0,2.0,-177.0,5.5,sbro,,,,
2010-11,2011-02-10,NewJersey,Toronto,0.0,1.0,False,0,0,1.0,0.0,2.0,1.0,-120.0,5.5,sbro,,,,
2010-11,2011-02-10,NYIslanders,Montreal,1.0,2.0,False,1,1,1.0,0.0,4.0,3.0,-200.0,5.5,sbro,,,,
2010-11,2011-02-10,Buffalo,Florida,1.0,1.0,False,0,0,1.0,1.0,3.0,2.0,100.0,5.5,sbro,,,,
2010-11,2011-02-11,SanJose,NewJersey,0.0,0.0,False,0,0,1.0,2.0,1.0,2.0,105.0,5.0,sbro,,,,
2010-11,2011-02-11,Pittsburgh,NYIslanders,2.0,4.0,False,0,4,1.0,1.0,3.0,9.0,115.0,5.5,sbro,,,,
2010-11,2011-02-11,Colorado,Columbus,0.0,2.0,False,1,0,0.0,1.0,1.0,3.0,-135.0,5.5,sbro,,,,
2010-11,2011-02-11,Detroit,Boston,3.0,0.0,False,2,1,1.0,0.0,6.0,1.0,-125.0,5.5,sbro,,,,
2010-11,2011-02-11,NYRangers,Atlanta,1.0,0.0,False,0,1,1.0,2.0,2.0,3.0,-116.0,5.5,sbro,,,,
2010-11,2011-02-11,Minnesota,St.Louis,1.0,0.0,False,1,2,2.0,2.0,5.0,4.0,-140.0,5.5,sbro,,,,
2010-11,2011-02-11,Chicago,Dallas,0.0,2.0,False,3,0,0.0,1.0,3.0,4.0,-110.0,5.5,sbro,,,,
2010-11,2011-02-11,Anaheim,Calgary,2.0,2.0,False,1,0,1.0,2.0,5.0,4.0,-140.0,5.5,sbro,,,,
2010-11,2011-02-12,LosAngeles,Washington,1.0,0.0,False,0,1,3.0,0.0,4.0,1.0,-139.0,5.5,sbro,,,,
2010-11,2011-02-12,Ottawa,Edmonton,0.0,1.0,False,2,1,3.0,1.0,5.0,3.0,-125.0,5.5,sbro,,,,
2010-11,2011-02-12,Toronto,Montreal,0.0,2.0,False,0,0,0.0,1.0,0.0,3.0,-156.0,5.5,sbro,,,,
2010-11,2011-02-12,Carolina,TampaBay,1.0,2.0,False,0,0,2.0,1.0,3.0,4.0,-156.0,6.0,sbro,,,,
2010-11,2011-02-12,Chicago,Phoenix,1.0,1.0,False,0,1,1.0,0.0,2.0,3.0,-111.0,5.5,sbro,,,,
2010-11,2011-02-12,Colorado,Nashville,1.0,1.0,False,1,1,1.0,3.0,3.0,5.0,-161.0,5.5,sbro,,,,
2010-11,2011-02-12,St.Louis,Minnesota,1.0,2.0,False,0,1,0.0,0.0,1.0,3.0,-125.0,5.5,sbro,,,,
2010-11,2011-02-12,Calgary,Vancouver,2.0,2.0,False,0,1,0.0,1.0,2.0,4.0,-193.0,5.5,sbro,,,,
2010-11,2011-02-13,Columbus,Dallas,1.0,0.0,False,1,1,0.0,0.0,2.0,1.0,-145.0,5.5,sbro,,,,
2010-11,2011-02-13,Pittsburgh,NYRangers,0.0,3.0,False,2,2,1.0,0.0,3.0,5.0,-140.0,5.0,sbro,,,,
2010-11,2011-02-13,NYIslanders,Buffalo,1.0,1.0,False,2,3,3.0,2.0,7.0,6.0,-193.0,5.5,sbro,,,,
2010-11,2011-02-13,Carolina,Atlanta,1.0,1.0,False,1,0,1.0,1.0,3.0,2.0,-140.0,5.5,sbro,,,,
2010-11,2011-02-13,Boston,Detroit,0.0,2.0,False,2,1,0.0,1.0,2.0,4.0,-135.0,5.5,sbro,,,,
2010-11,2011-02-13,SanJose,Florida,0.0,1.0,False,1,0,1.0,2.0,2.0,3.0,120.0,5.0,sbro,,,,
2010-11,2011-02-13,LosAngeles,Philadelphia,1.0,0.0,False,0,0,0.0,0.0,1.0,0.0,-177.0,5.5,sbro,,,,
2010-11,2011-02-13,Anaheim,Edmonton,2.0,0.0,False,1,0,1.0,0.0,4.0,0.0,115.0,5.5,sbro,,,,
2010-11,2011-02-14,Vancouver,St.Louis,0.0,1.0,False,1,2,1.0,0.0,2.0,3.0,110.0,5.5,sbro,,,,
2010-11,2011-02-14,Washington,Phoenix,1.0,2.0,False,0,0,1.0,1.0,2.0,3.0,-110.0,5.5,sbro,,,,
2010-11,2011-02-14,Calgary,Colorado,0.0,1.0,False,5,0,4.0,0.0,9.0,1.0,-115.0,5.5,sbro,,,,
2010-11,2011-02-15,Toronto,Boston,1.0,1.0,False,1,1,2.0,1.0,4.0,3.0,-182.0,5.5,sbro,,,,
2010-11,2011-02-15,Buffalo,Montreal,1.0,1.0,False,0,1,1.0,0.0,3.0,2.0,-130.0,5.5,sbro,,,,
2010-11,2011-02-15,NYIslanders,Ottawa,1.0,1.0,False,0,1,2.0,1.0,4.0,3.0,-121.0,5.5,sbro,,,,
2010-11,2011-02-15,Philadelphia,TampaBay,2.0,3.0,False,1,0,0.0,0.0,4.0,3.0,-116.0,5.5,sbro,,,,
2010-11,2011-02-15,Vancouver,Minnesota,2.0,0.0,False,1,1,1.0,0.0,4.0,1.0,-104.0,5.5,sbro,,,,
2010-11,2011-02-15,SanJose,Nashville,1.0,0.0,False,0,1,0.0,0.0,2.0,1.0,-112.0,5.0,sbro,,,,
2010-11,2011-02-15,Dallas,Edmonton,1.0,2.0,False,0,1,0.0,1.0,1.0,4.0,120.0,5.5,sbro,,,,
2010-11,2011-02-16,LosAngeles,Columbus,1.0,1.0,False,1,1,1.0,1.0,4.0,3.0,-105.0,5.0,sbro,,,,
2010-11,2011-02-16,Carolina,NewJersey,0.0,1.0,False,0,0,2.0,2.0,2.0,3.0,-135.0,5.0,sbro,,,,
2010-11,2011-02-16,Toronto,Buffalo,1.0,0.0,False,0,0,1.0,1.0,2.0,1.0,-161.0,5.5,sbro,,,,
2010-11,2011-02-16,Philadelphia,Florida,1.0,0.0,False,2,0,1.0,2.0,4.0,2.0,120.0,5.5,sbro,,,,
2010-11,2011-02-16,Minnesota,Chicago,0.0,0.0,False,0,1,1.0,2.0,1.0,3.0,-182.0,5.5,sbro,,,,
2010-11,2011-02-16,Pittsburgh,Colorado,1.0,2.0,False,1,0,0.0,0.0,3.0,2.0,-145.0,5.5,sbro,,,,
2010-11,2011-02-16,Dallas,Calgary,2.0,1.0,False,0,1,0.0,2.0,2.0,4.0,-145.0,5.5,sbro,,,,
2010-11,2011-02-16,Washington,Anaheim,2.0,2.0,False,2,3,3.0,1.0,7.0,6.0,-125.0,5.5,sbro,,,,
2010-11,2011-02-17,LosAngeles,NYRangers,0.0,1.0,False,1,0,2.0,2.0,3.0,4.0,-115.0,5.0,sbro,,,,
2010-11,2011-02-17,Boston,NYIslanders,3.0,2.0,False,3,0,0.0,1.0,6.0,3.0,125.0,5.5,sbro,,,,
2010-11,2011-02-17,Detroit,TampaBay,2.0,2.0,False,2,0,2.0,0.0,6.0,2.0,-110.0,5.5,sbro,,,,
2010-11,2011-02-17,Vancouver,Nashville,1.0,3.0,False,0,0,0.0,0.0,1.0,3.0,100.0,5.5,sbro,,,,
2010-11,2011-02-17,Atlanta,Phoenix,2.0,2.0,False,1,2,0.0,0.0,3.0,4.0,-160.0,5.5,sbro,,,,
2010-11,2011-02-17,Montreal,Edmonton,1.0,0.0,False,0,1,0.0,3.0,1.0,4.0,110.0,5.5,sbro,,,,
2010-11,2011-02-17,Washington,SanJose,0.0,0.0,False,1,1,1.0,2.0,2.0,3.0,-150.0,5.5,sbro,,,,
2010-11,2011-02-18,NYRangers,NewJersey,0.0,1.0,False,0,0,0.0,0.0,0.0,1.0,-135.0,5.0,sbro,,,,
2010-11,2011-02-18,Boston,Ottawa,1.0,1.0,False,0,0,3.0,1.0,4.0,2.0,146.0,5.5,sbro,,,,
2010-11,2011-02-18,Detroit,Florida,1.0,1.0,False,2,1,1.0,1.0,4.0,3.0,-111.0,5.5,sbro,,,,
2010-11,2011-02-18,St.Louis,Buffalo,2.0,0.0,False,0,0,1.0,0.0,3.0,0.0,-145.0,5.5,sbro,,,,
2010-11,2011-02-18,Philadelphia,Carolina,1.0,0.0,False,0,2,1.0,1.0,2.0,3.0,110.0,5.5,sbro,,,,
2010-11,2011-02-18,Anaheim,Minnesota,0.0,2.0,False,1,2,0.0,1.0,1.0,5.0,-125.0,5.5,sbro,,,,
2010-11,2011-02-18,Columbus,Chicago,3.0,1.0,False,1,2,0.0,0.0,4.0,3.0,-177.0,5.5,sbro,,,,
2010-11,2011-02-19,Atlanta,Edmonton,1.0,1.0,False,1,0,1.0,4.0,3.0,5.0,-116.0,5.5,sbro,,,,
2010-11,2011-02-19,NewJersey,Carolina,0.0,0.0,False,3,0,1.0,1.0,4.0,1.0,-125.0,5.0,sbro,,,,
2010-11,2011-02-19,Ottawa,Toronto,0.0,0.0,False,0,0,0.0,0.0,1.0,0.0,-177.0,5.5,sbro,,,,
2010-11,2011-02-19,LosAngeles,NYIslanders,0.0,1.0,False,0,1,0.0,1.0,0.0,3.0,125.0,5.5,sbro,,,,
2010-11,2011-02-19,Florida,TampaBay,1.0,0.0,False,0,1,1.0,1.0,3.0,2.0,-182.0,5.5,sbro,,,,
2010-11,2011-02-19,Anaheim,St.Louis,0.0,4.0,False,3,4,0.0,1.0,3.0,9.0,-130.0,5.0,sbro,,,,
2010-11,2011-02-19,Phoenix,Nashville,2.0,1.0,False,0,0,1.0,1.0,3.0,2.0,-135.0,5.0,sbro,,,,
2010-11,2011-02-19,Dallas,Vancouver,0.0,1.0,False,1,1,1.0,3.0,2.0,5.0,-197.0,5.5,sbro,,,,
2010-11,2011-02-19,Colorado,SanJose,0.0,0.0,False,0,3,0.0,1.0,0.0,4.0,-230.0,5.5,sbro,,,,
2010-11,2011-02-20,Washington,Buffalo,1.0,1.0,False,0,0,1.0,0.0,2.0,1.0,-125.0,5.5,sbro,,,,
2010-11,2011-02-20,Philadelphia,NYRangers,2.0,0.0,False,1,1,1.0,1.0,4.0,2.0,100.0,5.5,sbro,,,,
2010-11,2011-02-20,Pittsburgh,Chicago,1.0,0.0,False,0,1,1.0,1.0,2.0,3.0,-172.0,5.5,sbro,,,,
2010-11,2011-02-20,Detroit,Minnesota,0.0,0.0,False,0,0,1.0,1.0,2.0,1.0,115.0,5.5,sbro,,,,
2010-11,2011-02-20,Montreal,Calgary,0.0,2.0,False,0,1,0.0,1.0,0.0,4.0,-140.0,5.0,sbro,,,,
2010-11,2011-02-21,Florida,NYIslanders,0.0,2.0,False,0,2,1.0,1.0,1.0,5.0,-109.0,5.5,sbro,,,,
2010-11,2011-02-21,Chicago,St.Louis,4.0,0.0,False,0,2,1.0,1.0,5.0,3.0,-116.0,5.5,sbro,,,,
2010-11,2011-02-21,Washington,Pittsburgh,1.0,0.0,False,0,0,0.0,0.0,1.0,0.0,105.0,5.5,sbro,,,,
2010-11,2011-02-22,Phoenix,Philadelphia,0.0,0.0,False,0,1,2.0,1.0,3.0,2.0,-177.0,5.5,sbro,,,,
2010-11,2011-02-22,Nashville,Columbus,0.0,0.0,False,0,0,0.0,4.0,0.0,4.0,-115.0,5.0,sbro,,,,
2010-11,2011-02-22,NYRangers,Carolina,1.0,0.0,False,1,1,1.0,2.0,4.0,3.0,-145.0,5.5,sbro,,,,
2010-11,2011-02-22,NYIslanders,Toronto,1.0,0.0,False,0,1,0.0,1.0,1.0,2.0,-172.0,5.5,sbro,,,,
2010-11,2011-02-22,SanJose,Detroit,2.0,2.0,False,1,0,1.0,1.0,4.0,3.0,-135.0,5.5,sbro,,,,
2010-11,2011-02-22,Edmonton,Minnesota,1.0,1.0,False,0,0,0.0,3.0,1.0,4.0,-172.0,5.5,sbro,,,,
2010-11,2011-02-22,NewJersey,Dallas,0.0,0.0,False,0,0,1.0,0.0,1.0,0.0,105.0,5.0,sbro,,,,
2010-11,2011-02-22,Boston,Calgary,0.0,0.0,False,1,0,2.0,1.0,3.0,1.0,-116.0,5.5,sbro,,,,
2010-11,2011-02-22,Montreal,Vancouver,1.0,1.0,False,2,0,0.0,1.0,3.0,2.0,-177.0,5.5,sbro,,,,
2010-11,2011-02-22,Colorado,St.Louis,0.0,1.0,False,2,1,2.0,1.0,4.0,3.0,-200.0,5.5,sbro,,,,
2010-11,2011-02-23,Florida,Ottawa,1.0,2.0,False,0,1,0.0,2.0,1.0,5.0,105.0,5.5,sbro,,,,
2010-11,2011-02-23,Atlanta,Buffalo,1.0,2.0,False,0,1,0.0,1.0,1.0,4.0,-162.0,5.5,sbro,,,,
2010-11,2011-02-23,SanJose,Pittsburgh,1.0,0.0,False,0,1,1.0,1.0,3.0,2.0,120.0,5.0,sbro,,,,
2010-11,2011-02-23,Phoenix,TampaBay,1.0,2.0,False,0,5,2.0,1.0,3.0,8.0,-162.0,5.5,sbro,,,,
2010-11,2011-02-23,Edmonton,Colorado,2.0,1.0,False,1,0,2.0,0.0,5.0,1.0,-145.0,5.5,sbro,,,,
2010-11,2011-02-23,LosAngeles,Anaheim,0.0,1.0,False,2,1,1.0,0.0,3.0,2.0,105.0,5.5,sbro,,,,
2010-11,2011-02-24,NYIslanders,Philadelphia,0.0,2.0,False,1,0,2.0,1.0,3.0,4.0,-240.0,5.5,sbro,,,,
2010-11,2011-02-24,Toronto,Montreal,1.0,2.0,False,3,1,1.0,1.0,5.0,4.0,-145.0,5.5,sbro,,,,
2010-11,2011-02-24,Dallas,Detroit,1.0,0.0,False,2,0,1.0,1.0,4.0,1.0,-220.0,5.5,sbro,,,,
2010-11,2011-02-24,Chicago,Nashville,0.0,0.0,False,1,0,2.0,0.0,3.0,0.0,-109.0,5.5,sbro,,,,
2010-11,2011-02-24,St.Louis,Vancouver,2.0,0.0,False,0,2,0.0,1.0,2.0,3.0,-203.0,5.5,sbro,,,,
2010-11,2011-02-24,Minnesota,LosAngeles,2.0,1.0,False,0,1,0.0,2.0,2.0,4.0,-165.0,5.0,sbro,,,,
2010-11,2011-02-25,Phoenix,Columbus,0.0,2.0,False,2,2,1.0,1.0,3.0,5.0,-115.0,5.0,sbro,,,,
2010-11,2011-02-25,Pittsburgh,Carolina,1.0,1.0,False,0,2,0.0,1.0,1.0,4.0,-156.0,5.0,sbro,,,,
2010-11,2011-02-25,NYRangers,Washington,2.0,0.0,False,2,0,2.0,0.0,6.0,0.0,-172.0,5.5,sbro,,,,
2010-11,2011-02-25,NewJersey,TampaBay,0.0,2.0,False,0,0,1.0,0.0,1.0,2.0,-130.0,5.5,sbro,,,,
2010-11,2011-02-25,Ottawa,Buffalo,1.0,1.0,False,0,1,1.0,2.0,2.0,4.0,-203.0,5.5,sbro,,,,
2010-11,2011-02-25,Florida,Atlanta,0.0,1.0,False,1,0,0.0,0.0,2.0,1.0,-135.0,5.5,sbro,,,,
2010-11,2011-02-25,St.Louis,Edmonton,1.0,0.0,False,2,0,2.0,0.0,5.0,0.0,-115.0,5.5,sbro,,,,
2010-11,2011-02-25,SanJose,Calgary,1.0,2.0,False,1,1,1.0,0.0,4.0,3.0,-105.0,5.0,sbro,,,,
2010-11,2011-02-25,Minnesota,Anaheim,0.0,1.0,False,1,0,1.0,1.0,3.0,2.0,-125.0,5.5,sbro,,,,
2010-11,2011-02-26,Nashville,Dallas,2.0,0.0,False,0,1,0.0,2.0,2.0,3.0,-120.0,5.0,sbro,,,,
2010-11,2011-02-26,Colorado,LosAngeles,0.0,2.0,False,0,1,3.0,1.0,3.0,4.0,-220.0,5.5,sbro,,,,
2010-11,2011-02-26,Detroit,Buffalo,1.0,0.0,False,0,2,1.0,0.0,3.0,2.0,-105.0,5.5,sbro,,,,
2010-11,2011-02-26,Washington,NYIslanders,1.0,1.0,False,0,1,2.0,0.0,3.0,2.0,131.0,5.5,sbro,,,,
2010-11,2011-02-26,Carolina,Montreal,2.0,1.0,False,1,2,0.0,1.0,3.0,4.0,-145.0,5.5,sbro,,,,
2010-11,2011-02-26,Philadelphia,Ottawa,0.0,2.0,False,1,0,0.0,2.0,1.0,4.0,162.0,5.5,sbro,,,,
2010-11,2011-02-26,Pittsburgh,Toronto,2.0,1.0,False,1,1,2.0,3.0,6.0,5.0,-162.0,5.5,sbro,,,,
2010-11,2011-02-26,Boston,Vancouver,1.0,0.0,False,0,1,2.0,0.0,3.0,1.0,-140.0,5.5,sbro,,,,
2010-11,2011-02-27,TampaBay,NYRangers,0.0,1.0,False,1,0,1.0,0.0,2.0,1.0,-130.0,5.5,sbro,,,,
2010-11,2011-02-27,Columbus,Nashville,1.0,0.0,False,0,0,1.0,3.0,2.0,3.0,-145.0,5.0,sbro,,,,
2010-11,2011-02-27,Toronto,Atlanta,0.0,0.0,False,2,0,0.0,2.0,2.0,3.0,-125.0,6.0,sbro,,,,
2010-11,2011-02-27,NewJersey,Florida,2.0,0.0,False,0,0,0.0,1.0,2.0,1.0,105.0,5.0,sbro,,,,
2010-11,2011-02-27,Phoenix,Chicago,3.0,1.0,False,0,2,0.0,0.0,3.0,4.0,-167.0,5.5,sbro,,,,
2010-11,2011-02-27,Boston,Edmonton,1.0,0.0,False,2,1,0.0,1.0,3.0,2.0,142.0,5.5,sbro,,,,
2010-11,2011-02-27,Colorado,Anaheim,0.0,2.0,False,1,0,1.0,1.0,2.0,3.0,-198.0,5.5,sbro,,,,
2010-11,2011-02-27,St.Louis,Calgary,0.0,0.0,False,0,0,0.0,1.0,0.0,1.0,-145.0,5.5,sbro,,,,
2010-11,2011-02-28,Chicago,Minnesota,3.0,0.0,False,0,0,1.0,2.0,4.0,2.0,100.0,5.5,sbro,,,,
2010-11,2011-02-28,Detroit,LosAngeles,1.0,0.0,False,3,1,3.0,3.0,7.0,4.0,-120.0,5.5,sbro,,,,
2010-11,2011-03-01,NYIslanders,Washington,1.0,0.0,False,0,0,0.0,1.0,1.0,2.0,-205.0,5.5,sbro,,,,
2010-11,2011-03-01,Montreal,Atlanta,1.0,0.0,False,1,0,1.0,1.0,3.0,1.0,-111.0,5.5,sbro,,,,
2010-11,2011-03-01,Buffalo,NYRangers,1.0,1.0,False,1,0,1.0,1.0,3.0,2.0,-135.0,5.5,sbro,,,,
2010-11,2011-03-01,Florida,Carolina,1.0,0.0,False,0,2,0.0,0.0,1.0,2.0,-210.0,5.5,sbro,,,,
2010-11,2011-03-01,Boston,Ottawa,0.0,0.0,False,0,0,1.0,0.0,1.0,0.0,173.0,5.5,sbro,,,,
2010-11,2011-03-01,Calgary,St.Louis,0.0,0.0,False,1,0,5.0,0.0,6.0,0.0,-125.0,5.5,sbro,,,,
2010-11,2011-03-01,Dallas,Phoenix,0.0,0.0,False,1,0,2.0,2.0,3.0,2.0,-151.0,5.5,sbro,,,,
2010-11,2011-03-01,Nashville,Edmonton,0.0,0.0,False,1,1,0.0,0.0,1.0,2.0,120.0,5.5,sbro,,,,
2010-11,2011-03-01,Columbus,Vancouver,1.0,0.0,False,0,1,0.0,0.0,1.0,2.0,-193.0,5.5,sbro,,,,
2010-11,2011-03-01,Colorado,SanJose,0.0,0.0,False,0,0,1.0,1.0,1.0,2.0,-275.0,5.5,sbro,,,,
2010-11,2011-03-02,Minnesota,NYIslanders,0.0,2.0,False,0,2,1.0,0.0,1.0,4.0,100.0,5.5,sbro,,,,
2010-11,2011-03-02,Pittsburgh,Toronto,1.0,0.0,False,1,1,0.0,1.0,2.0,3.0,-135.0,5.5,sbro,,,,
2010-11,2011-03-02,TampaBay,NewJersey,1.0,1.0,False,0,0,0.0,1.0,1.0,2.0,-130.0,5.0,sbro,,,,
2010-11,2011-03-02,Calgary,Chicago,0.0,2.0,False,1,2,3.0,2.0,4.0,6.0,-185.0,5.5,sbro,,,,
2010-11,2011-03-02,Detroit,Anaheim,1.0,0.0,False,0,0,0.0,1.0,1.0,2.0,110.0,5.5,sbro,,,,
2010-11,2011-03-03,St.Louis,Washington,1.0,2.0,False,1,0,0.0,1.0,2.0,3.0,-203.0,5.5,sbro,,,,
2010-11,2011-03-03,TampaBay,Boston,1.0,1.0,False,0,0,0.0,1.0,1.0,2.0,-161.0,5.5,sbro,,,,
2010-11,2011-03-03,Buffalo,Carolina,2.0,2.0,False,0,0,0.0,0.0,2.0,3.0,-125.0,5.5,sbro,,,,
2010-11,2011-03-03,Toronto,Philadelphia,1.0,1.0,False,1,1,1.0,0.0,3.0,2.0,-220.0,5.5,sbro,,,,
2010-11,2011-03-03,Ottawa,Atlanta,0.0,0.0,False,1,0,2.0,1.0,3.0,1.0,-177.0,5.5,sbro,,,,
2010-11,2011-03-03,Minnesota,NYRangers,2.0,0.0,False,0,1,1.0,0.0,3.0,1.0,-162.0,5.0,sbro,,,,
2010-11,2011-03-03,Montreal,Florida,1.0,0.0,False,2,0,1.0,0.0,4.0,0.0,115.0,5.0,sbro,,,,
2010-11,2011-03-03,Columbus,Edmonton,1.0,1.0,False,0,2,1.0,1.0,2.0,4.0,110.0,5.5,sbro,,,,
2010-11,2011-03-03,Nashville,Vancouver,0.0,0.0,False,0,0,3.0,0.0,3.0,0.0,-182.0,5.5,sbro,,,,
2010-11,2011-03-03,Phoenix,LosAngeles,0.0,0.0,False,0,0,0.0,1.0,0.0,1.0,-162.0,5.5,sbro,,,,
2010-11,2011-03-03,Detroit,SanJose,0.0,1.0,False,1,1,0.0,1.0,1.0,3.0,-155.0,5.5,sbro,,,,
2010-11,2011-03-04,Pittsburgh,NewJersey,1.0,1.0,False,0,0,0.0,0.0,1.0,2.0,-166.0,5.0,sbro,,,,
2010-11,2011-03-04,NYRangers,Ottawa,2.0,0.0,False,1,0,1.0,1.0,4.0,1.0,105.0,5.0,sbro,,,,
2010-11,2011-03-04,Carolina,Chicago,0.0,0.0,False,1,2,1.0,3.0,2.0,5.0,-203.0,5.5,sbro,,,,
2010-11,2011-03-04,Columbus,Calgary,1.0,2.0,False,1,2,1.0,0.0,3.0,4.0,-160.0,5.5,sbro,,,,
2010-11,2011-03-04,Dallas,Anaheim,3.0,0.0,False,0,1,0.0,2.0,3.0,4.0,-135.0,5.5,sbro,,,,
2010-11,2011-03-05,Buffalo,Philadelphia,3.0,1.0,False,0,2,2.0,0.0,5.0,3.0,-180.0,5.5,sbro,,,,
2010-11,2011-03-05,St.Louis,NYIslanders,0.0,1.0,False,0,2,2.0,2.0,2.0,5.0,-115.0,5.5,sbro,,,,
2010-11,2011-03-05,Vancouver,LosAngeles,0.0,0.0,False,1,1,2.0,0.0,3.0,1.0,-115.0,5.5,sbro,,,,
2010-11,2011-03-05,Chicago,Toronto,2.0,1.0,False,3,0,0.0,2.0,5.0,3.0,105.0,5.5,sbro,,,,
2010-11,2011-03-05,Florida,Atlanta,0.0,1.0,False,1,0,2.0,2.0,3.0,4.0,-140.0,5.5,sbro,,,,
2010-11,2011-03-05,Montreal,TampaBay,1.0,1.0,False,2,0,1.0,1.0,4.0,2.0,-135.0,5.5,sbro,,,,
2010-11,2011-03-05,Pittsburgh,Boston,2.0,1.0,False,0,0,0.0,1.0,3.0,2.0,-220.0,5.5,sbro,,,,
2010-11,2011-03-05,Detroit,Phoenix,2.0,0.0,False,2,1,0.0,3.0,4.0,5.0,-105.0,5.5,sbro,,,,
2010-11,2011-03-05,Edmonton,Colorado,2.0,1.0,False,2,0,1.0,0.0,5.0,1.0,-143.0,5.5,sbro,,,,
2010-11,2011-03-05,Dallas,SanJose,0.0,1.0,False,1,1,2.0,0.0,3.0,2.0,-230.0,5.5,sbro,,,,
2010-11,2011-03-06,Philadelphia,NYRangers,0.0,2.0,False,0,2,0.0,3.0,0.0,7.0,-105.0,5.5,sbro,,,,
2010-11,2011-03-06,NewJersey,NYIslanders,1.0,1.0,False,0,0,1.0,1.0,3.0,2.0,110.0,5.0,sbro,,,,
2010-11,2011-03-06,Washington,Florida,1.0,0.0,False,1,1,0.0,1.0,3.0,2.0,142.0,5.5,sbro,,,,
2010-11,2011-03-06,Buffalo,Minnesota,1.0,2.0,False,1,0,0.0,0.0,3.0,2.0,-135.0,5.5,sbro,,,,
2010-11,2011-03-06,Vancouver,Anaheim,1.0,0.0,False,1,0,1.0,0.0,3.0,0.0,105.0,5.5,sbro,,,,
2010-11,2011-03-06,Nashville,Calgary,0.0,1.0,False,2,1,0.0,1.0,2.0,3.0,-135.0,5.0,sbro,,,,
2010-11,2011-03-07,Washington,TampaBay,0.0,0.0,False,0,1,1.0,0.0,2.0,1.0,-115.0,5.5,sbro,,,,
2010-11,2011-03-07,Columbus,St.Louis,1.0,1.0,False,3,3,0.0,0.0,4.0,5.0,-130.0,5.5,sbro,,,,
2010-11,2011-03-07,Dallas,LosAngeles,1.0,1.0,False,0,1,2.0,1.0,4.0,3.0,-170.0,5.0,sbro,,,,
2010-11,2011-03-08,Edmonton,Philadelphia,1.0,1.0,False,0,2,0.0,1.0,1.0,4.0,-255.0,5.5,sbro,,,,
2010-11,2011-03-08,Buffalo,Pittsburgh,0.0,2.0,False,1,0,0.0,1.0,1.0,3.0,-109.0,5.5,sbro,,,,
2010-11,2011-03-08,Ottawa,NewJersey,1.0,0.0,False,0,0,1.0,1.0,2.0,1.0,-250.0,5.0,sbro,,,,
2010-11,2011-03-08,Toronto,NYIslanders,2.0,2.0,False,0,0,1.0,1.0,3.0,4.0,-105.0,5.5,sbro,,,,
2010-11,2011-03-08,Boston,Montreal,0.0,2.0,False,0,2,1.0,0.0,1.0,4.0,-115.0,5.0,sbro,,,,
2010-11,2011-03-08,Chicago,Florida,2.0,0.0,False,0,3,0.0,0.0,2.0,3.0,178.0,5.5,sbro,,,,
2010-11,2011-03-08,Colorado,Minnesota,2.0,1.0,False,0,1,0.0,3.0,2.0,5.0,-180.0,5.5,sbro,,,,
2010-11,2011-03-08,Vancouver,Phoenix,2.0,1.0,False,1,2,0.0,0.0,4.0,3.0,105.0,5.5,sbro,,,,
2010-11,2011-03-08,Nashville,SanJose,1.0,1.0,False,1,1,0.0,0.0,2.0,3.0,-181.0,5.0,sbro,,,,
2010-11,2011-03-09,Edmonton,Washington,0.0,2.0,False,0,0,0.0,3.0,0.0,5.0,-270.0,5.5,sbro,,,,
2010-11,2011-03-09,St.Louis,Columbus,1.0,3.0,False,0,0,2.0,0.0,4.0,3.0,-130.0,5.5,sbro,,,,
2010-11,2011-03-09,Atlanta,Carolina,0.0,1.0,False,2,0,0.0,1.0,3.0,2.0,-175.0,5.5,sbro,,,,
2010-11,2011-03-09,Chicago,TampaBay,1.0,1.0,False,1,2,1.0,0.0,3.0,4.0,-111.0,5.5,sbro,,,,
2010-11,2011-03-09,LosAngeles,Detroit,2.0,0.0,False,0,1,0.0,0.0,2.0,1.0,-156.0,5.5,sbro,,,,
2010-11,2011-03-09,Calgary,Dallas,0.0,1.0,False,3,1,0.0,1.0,4.0,3.0,-125.0,5.5,sbro,,,,
2010-11,2011-03-09,NYRangers,Anaheim,0.0,0.0,False,1,3,1.0,2.0,2.0,5.0,-115.0,5.5,sbro,,,,
2010-11,2011-03-10,Philadelphia,Toronto,2.0,1.0,False,1,0,0.0,1.0,3.0,2.0,120.0,5.5,sbro,,,,
2010-11,2011-03-10,Buffalo,Boston,2.0,1.0,False,0,1,1.0,1.0,4.0,3.0,-170.0,5.5,sbro,,,,
2010-11,2011-03-10,Ottawa,Florida,0.0,0.0,False,0,0,2.0,1.0,2.0,1.0,-140.0,5.0,sbro,,,,
2010-11,2011-03-10,Montreal,St.Louis,0.0,1.0,False,1,1,0.0,2.0,1.0,4.0,-116.0,5.5,sbro,,,,
2010-11,2011-03-10,Minnesota,Nashville,0.0,0.0,False,0,3,0.0,1.0,0.0,4.0,-156.0,5.0,sbro,,,,
2010-11,2011-03-10,Calgary,Phoenix,0.0,1.0,False,0,0,0.0,2.0,0.0,3.0,-135.0,5.5,sbro,,,,
2010-11,2011-03-10,Vancouver,SanJose,1.0,2.0,False,2,0,1.0,2.0,5.0,4.0,-125.0,5.5,sbro,,,,
2010-11,2011-03-11,LosAngeles,Columbus,1.0,0.0,False,2,1,1.0,1.0,4.0,2.0,-105.0,5.0,sbro,,,,
2010-11,2011-03-11,Carolina,Washington,1.0,0.0,False,0,0,0.0,2.0,1.0,2.0,-182.0,5.5,sbro,,,,
2010-11,2011-03-11,Boston,NYIslanders,1.0,1.0,False,1,0,0.0,3.0,2.0,4.0,136.0,5.5,sbro,,,,
2010-11,2011-03-11,Ottawa,TampaBay,1.0,0.0,False,1,0,0.0,1.0,2.0,1.0,-240.0,5.5,sbro,,,,
2010-11,2011-03-11,NewJersey,Atlanta,1.0,1.0,False,0,0,1.0,1.0,3.0,2.0,110.0,5.0,sbro,,,,
2010-11,2011-03-11,Edmonton,Detroit,0.0,0.0,False,1,0,0.0,1.0,1.0,2.0,-275.0,5.5,sbro,,,,
2010-11,2011-03-11,Minnesota,Dallas,0.0,3.0,False,0,1,0.0,0.0,0.0,4.0,-151.0,5.5,sbro,,,,
2010-11,2011-03-11,Anaheim,Colorado,4.0,1.0,False,0,1,2.0,0.0,6.0,2.0,105.0,5.5,sbro,,,,
2010-11,2011-03-12,Montreal,Pittsburgh,2.0,0.0,False,1,0,0.0,0.0,3.0,0.0,-125.0,5.0,sbro,,,,
2010-11,2011-03-12,Buffalo,Toronto,2.0,1.0,False,1,1,0.0,2.0,3.0,4.0,-111.0,5.5,sbro,,,,
2010-11,2011-03-12,Atlanta,Philadelphia,0.0,2.0,False,0,1,4.0,1.0,5.0,4.0,-230.0,5.5,sbro,,,,
2010-11,2011-03-12,TampaBay,Florida,1.0,1.0,False,0,0,2.0,2.0,3.0,4.0,115.0,5.5,sbro,,,,
2010-11,2011-03-12,NYIslanders,NewJersey,2.0,0.0,False,0,1,0.0,1.0,2.0,3.0,-200.0,5.0,sbro,,,,
2010-11,2011-03-12,Columbus,Carolina,1.0,0.0,False,1,0,1.0,2.0,3.0,2.0,-161.0,5.5,sbro,,,,
2010-11,2011-03-12,Colorado,Nashville,2.0,1.0,False,0,2,0.0,1.0,2.0,4.0,-225.0,5.5,sbro,,,,
2010-11,2011-03-12,Detroit,St.Louis,1.0,0.0,False,2,1,2.0,2.0,5.0,3.0,-105.0,5.5,sbro,,,,
2010-11,2011-03-12,Vancouver,Calgary,3.0,1.0,False,1,2,0.0,0.0,4.0,3.0,-105.0,5.5,sbro,,,,
2010-11,2011-03-12,NYRangers,SanJose,1.0,1.0,False,1,1,0.0,0.0,3.0,2.0,-166.0,5.5,sbro,,,,
2010-11,2011-03-13,Edmonton,Pittsburgh,0.0,2.0,False,0,1,1.0,2.0,1.0,5.0,-235.0,5.5,sbro,,,,
2010-11,2011-03-13,Chicago,Washington,1.0,0.0,False,1,2,1.0,1.0,3.0,4.0,-130.0,5.5,sbro,,,,
2010-11,2011-03-13,LosAngeles,Dallas,1.0,1.0,False,1,0,1.0,1.0,3.0,2.0,-109.0,5.0,sbro,,,,
2010-11,2011-03-13,Ottawa,Buffalo,1.0,3.0,False,2,2,1.0,1.0,4.0,6.0,-180.0,5.5,sbro,,,,
2010-11,2011-03-13,Phoenix,Anaheim,2.0,1.0,False,2,1,1.0,0.0,5.0,2.0,-135.0,5.5,sbro,,,,
2010-11,2011-03-14,TampaBay,Toronto,3.0,2.0,False,1,0,2.0,0.0,6.0,2.0,-109.0,5.5,sbro,,,,
2010-11,2011-03-14,SanJose,Chicago,1.0,5.0,False,2,1,0.0,0.0,3.0,6.0,-135.0,5.5,sbro,,,,
2010-11,2011-03-14,Minnesota,Vancouver,1.0,0.0,False,0,3,1.0,1.0,2.0,4.0,-200.0,5.5,sbro,,,,
2010-11,2011-03-15,Atlanta,NewJersey,0.0,1.0,False,2,1,0.0,2.0,2.0,4.0,-193.0,5.0,sbro,,,,
2010-11,2011-03-15,Washington,Montreal,0.0,1.0,False,2,1,2.0,0.0,4.0,2.0,-115.0,5.0,sbro,,,,
2010-11,2011-03-15,Boston,Columbus,1.0,0.0,False,0,1,1.0,1.0,3.0,2.0,115.0,5.5,sbro,,,,
2010-11,2011-03-15,NYIslanders,NYRangers,2.0,3.0,False,0,2,1.0,1.0,3.0,6.0,-172.0,5.5,sbro,,,,
2010-11,2011-03-15,Philadelphia,Florida,2.0,0.0,False,1,2,0.0,0.0,3.0,2.0,145.0,5.5,sbro,,,,
2010-11,2011-03-15,Pittsburgh,Ottawa,3.0,1.0,False,1,0,1.0,0.0,5.0,1.0,115.0,5.0,sbro,,,,
2010-11,2011-03-15,Carolina,Buffalo,0.0,0.0,False,1,0,0.0,0.0,1.0,0.0,-156.0,5.5,sbro,,,,
2010-11,2011-03-15,LosAngeles,Nashville,2.0,0.0,False,1,1,1.0,1.0,4.0,2.0,-120.0,5.0,sbro,,,,
2010-11,2011-03-15,SanJose,Dallas,2.0,2.0,False,0,0,4.0,1.0,6.0,3.0,-115.0,5.5,sbro,,,,
2010-11,2011-03-15,Phoenix,Calgary,1.0,0.0,False,1,1,2.0,2.0,4.0,3.0,-140.0,5.5,sbro,,,,
2010-11,2011-03-16,Toronto,Carolina,2.0,0.0,False,1,1,0.0,0.0,3.0,1.0,-135.0,5.5,sbro,,,,
2010-11,2011-03-16,Washington,Detroit,1.0,0.0,False,1,2,0.0,1.0,2.0,3.0,-145.0,5.5,sbro,,,,
2010-11,2011-03-16,St.Louis,Anaheim,1.0,1.0,False,0,0,0.0,1.0,1.0,2.0,-151.0,5.5,sbro,,,,
2010-11,2011-03-16,Colorado,Vancouver,0.0,1.0,False,2,0,0.0,3.0,2.0,4.0,-335.0,5.5,sbro,,,,
2010-11,2011-03-17,Detroit,Columbus,0.0,0.0,False,2,0,0.0,0.0,2.0,0.0,115.0,5.5,sbro,,,,
2010-11,2011-03-17,Philadelphia,Atlanta,1.0,2.0,False,1,1,1.0,0.0,3.0,4.0,125.0,5.5,sbro,,,,
2010-11,2011-03-17,NewJersey,Ottawa,0.0,0.0,False,0,1,1.0,2.0,1.0,3.0,142.0,5.0,sbro,,,,
2010-11,2011-03-17,Toronto,Florida,0.0,3.0,False,0,0,0.0,1.0,0.0,4.0,-115.0,5.5,sbro,,,,
2010-11,2011-03-17,TampaBay,Montreal,1.0,1.0,False,0,0,1.0,1.0,2.0,3.0,-120.0,5.5,sbro,,,,
2010-11,2011-03-17,Boston,Nashville,1.0,1.0,False,1,1,1.0,1.0,3.0,4.0,100.0,5.0,sbro,,,,
2010-11,2011-03-17,Chicago,Dallas,0.0,2.0,False,0,1,0.0,2.0,0.0,5.0,105.0,5.5,sbro,,,,
2010-11,2011-03-17,Colorado,Calgary,0.0,0.0,False,1,3,1.0,2.0,2.0,5.0,-250.0,5.5,sbro,,,,
2010-11,2011-03-17,Phoenix,Edmonton,1.0,0.0,False,1,0,1.0,1.0,3.0,1.0,152.0,5.5,sbro,,,,
2010-11,2011-03-17,Minnesota,SanJose,1.0,1.0,False,1,1,0.0,1.0,2.0,3.0,-203.0,5.0,sbro,,,,
2010-11,2011-03-17,St.Louis,LosAngeles,1.0,0.0,False,1,0,2.0,0.0,4.0,0.0,-193.0,5.5,sbro,,,,
2010-11,2011-03-18,Washington,NewJersey,1.0,0.0,False,1,0,1.0,0.0,3.0,0.0,-125.0,5.0,sbro,,,,
2010-11,2011-03-18,Montreal,NYRangers,1.0,0.0,False,1,5,1.0,1.0,3.0,6.0,-165.0,5.0,sbro,,,,
2010-11,2011-03-18,NYIslanders,Carolina,1.0,0.0,False,1,1,0.0,1.0,2.0,3.0,-172.0,5.5,sbro,,,,
2010-11,2011-03-18,Phoenix,Vancouver,0.0,0.0,False,0,0,3.0,1.0,3.0,1.0,-193.0,5.5,sbro,,,,
2010-11,2011-03-19,Columbus,Minnesota,1.0,1.0,False,1,1,2.0,2.0,5.0,4.0,-140.0,5.0,sbro,,,,
2010-11,2011-03-19,NYIslanders,Florida,1.0,2.0,False,0,0,2.0,1.0,4.0,3.0,-125.0,5.5,sbro,,,,
2010-11,2011-03-19,Boston,Toronto,0.0,3.0,False,1,2,1.0,0.0,2.0,5.0,115.0,5.5,sbro,,,,
2010-11,2011-03-19,TampaBay,Ottawa,1.0,0.0,False,1,0,0.0,2.0,2.0,3.0,131.0,5.5,sbro,,,,
2010-11,2011-03-19,Atlanta,Buffalo,1.0,2.0,False,1,3,0.0,3.0,2.0,8.0,-172.0,5.5,sbro,,,,
2010-11,2011-03-19,Detroit,Nashville,0.0,1.0,False,1,0,0.0,2.0,1.0,3.0,-110.0,5.5,sbro,,,,
2010-11,2011-03-19,Philadelphia,Dallas,1.0,1.0,False,1,0,0.0,1.0,3.0,2.0,-102.0,5.5,sbro,,,,
2010-11,2011-03-19,Colorado,Edmonton,1.0,1.0,False,1,0,0.0,1.0,3.0,2.0,-111.0,5.5,sbro,,,,
2010-11,2011-03-19,Anaheim,LosAngeles,0.0,0.0,False,1,0,0.0,1.0,2.0,1.0,-169.0,5.5,sbro,,,,
2010-11,2011-03-19,St.Louis,SanJose,1.0,2.0,False,0,3,2.0,0.0,3.0,5.0,-201.0,5.5,sbro,,,,
2010-11,2011-03-20,NYRangers,Pittsburgh,0.0,0.0,False,1,1,4.0,1.0,5.0,2.0,-145.0,5.0,sbro,,,,
2010-11,2011-03-20,NewJersey,Columbus,1.0,0.0,False,1,0,1.0,0.0,3.0,0.0,115.0,5.0,sbro,,,,
2010-11,2011-03-20,Nashville,Buffalo,0.0,3.0,False,1,0,2.0,0.0,4.0,3.0,-140.0,5.0,sbro,,,,
2010-11,2011-03-20,Montreal,Minnesota,4.0,0.0,False,2,0,2.0,1.0,8.0,1.0,-120.0,5.0,sbro,,,,
2010-11,2011-03-20,Chicago,Phoenix,0.0,1.0,False,1,0,1.0,0.0,2.0,1.0,-105.0,5.5,sbro,,,,
2010-11,2011-03-20,Calgary,Anaheim,2.0,0.0,False,1,3,1.0,1.0,4.0,5.0,-125.0,5.5,sbro,,,,
2010-11,2011-03-21,Pittsburgh,Detroit,2.0,1.0,False,2,0,0.0,3.0,5.0,4.0,-160.0,5.5,sbro,,,,
2010-11,2011-03-21,Calgary,LosAngeles,0.0,0.0,False,0,0,1.0,1.0,1.0,2.0,-165.0,5.0,sbro,,,,
2010-11,2011-03-22,Ottawa,Carolina,0.0,1.0,False,2,2,1.0,1.0,3.0,4.0,-193.0,5.5,sbro,,,,
2010-11,2011-03-22,NewJersey,Boston,0.0,1.0,False,1,1,0.0,2.0,1.0,4.0,-143.0,5.0,sbro,,,,
2010-11,2011-03-22,Florida,NYRangers,0.0,0.0,False,0,0,0.0,1.0,0.0,1.0,-220.0,5.0,sbro,,,,
2010-11,2011-03-22,Buffalo,Montreal,1.0,0.0,False,0,0,1.0,0.0,2.0,0.0,-123.0,5.5,sbro,,,,
2010-11,2011-03-22,Washington,Philadelphia,1.0,2.0,False,2,0,1.0,2.0,5.0,4.0,-166.0,5.5,sbro,,,,
2010-11,2011-03-22,NYIslanders,TampaBay,2.0,0.0,False,1,1,2.0,1.0,5.0,2.0,-177.0,5.5,sbro,,,,
2010-11,2011-03-22,Toronto,Minnesota,1.0,0.0,False,1,0,1.0,0.0,3.0,0.0,-120.0,5.5,sbro,,,,
2010-11,2011-03-22,Edmonton,Nashville,1.0,1.0,False,0,2,0.0,0.0,1.0,3.0,-252.0,5.0,sbro,,,,
2010-11,2011-03-22,Columbus,Colorado,1.0,0.0,False,1,1,2.0,3.0,4.0,5.0,-101.0,5.5,sbro,,,,
2010-11,2011-03-22,St.Louis,Phoenix,0.0,2.0,False,1,0,0.0,0.0,1.0,2.0,-166.0,5.5,sbro,,,,
2010-11,2011-03-23,Vancouver,Detroit,1.0,0.0,False,0,0,1.0,1.0,2.0,1.0,-125.0,5.5,sbro,,,,
2010-11,2011-03-23,Anaheim,Dallas,1.0,1.0,False,0,0,2.0,2.0,4.0,3.0,-135.0,5.5,sbro,,,,
2010-11,2011-03-23,Florida,Chicago,0.0,1.0,False,0,0,0.0,3.0,0.0,4.0,-240.0,5.5,sbro,,,,
2010-11,2011-03-23,Calgary,SanJose,1.0,1.0,False,2,4,0.0,1.0,3.0,6.0,-177.0,5.5,sbro,,,,
2010-11,2011-03-24,Atlanta,NYIslanders,1.0,1.0,False,1,0,0.0,0.0,2.0,1.0,-130.0,5.5,sbro,,,,
2010-11,2011-03-24,Montreal,Boston,0.0,0.0,False,0,3,0.0,4.0,0.0,7.0,-182.0,5.0,sbro,,,,
2010-11,2011-03-24,Ottawa,NYRangers,1.0,0.0,False,0,0,0.0,1.0,2.0,1.0,-230.0,5.0,sbro,,,,
2010-11,2011-03-24,Pittsburgh,Philadelphia,1.0,0.0,False,0,1,0.0,0.0,2.0,1.0,-160.0,5.5,sbro,,,,
2010-11,2011-03-24,Edmonton,St.Louis,0.0,1.0,False,0,0,0.0,3.0,0.0,4.0,-200.0,5.5,sbro,,,,
2010-11,2011-03-24,Anaheim,Nashville,0.0,1.0,False,1,3,3.0,1.0,4.0,5.0,-172.0,5.0,sbro,,,,
2010-11,2011-03-24,Toronto,Colorado,1.0,1.0,False,2,1,1.0,1.0,4.0,3.0,-105.0,5.5,sbro,,,,
2010-11,2011-03-24,Columbus,Phoenix,0.0,2.0,False,0,0,0.0,1.0,0.0,3.0,-166.0,5.5,sbro,,,,
2010-11,2011-03-24,SanJose,LosAngeles,1.0,2.0,False,0,0,2.0,1.0,3.0,4.0,-125.0,5.0,sbro,,,,
2010-11,2011-03-25,NewJersey,Pittsburgh,0.0,0.0,False,0,0,0.0,0.0,0.0,1.0,-120.0,5.0,sbro,,,,
2010-11,2011-03-25,Washington,Ottawa,0.0,1.0,False,0,0,0.0,1.0,0.0,2.0,152.0,5.5,sbro,,,,
2010-11,2011-03-25,Carolina,TampaBay,1.0,0.0,False,1,1,2.0,2.0,4.0,3.0,-140.0,5.5,sbro,,,,
2010-11,2011-03-25,Florida,Buffalo,0.0,1.0,False,1,1,1.0,2.0,2.0,4.0,-230.0,5.5,sbro,,,,
2010-11,2011-03-25,Vancouver,Atlanta,2.0,0.0,False,0,0,1.0,1.0,3.0,1.0,141.0,5.5,sbro,,,,
2010-11,2011-03-26,NYRangers,Boston,0.0,0.0,False,1,0,0.0,0.0,1.0,0.0,-162.0,5.0,sbro,,,,
2010-11,2011-03-26,Colorado,LosAngeles,1.0,0.0,False,0,2,0.0,2.0,1.0,4.0,-250.0,5.5,sbro,,,,
2010-11,2011-03-26,TampaBay,Carolina,1.0,0.0,False,2,2,1.0,0.0,4.0,2.0,-130.0,5.5,sbro,,,,
2010-11,2011-03-26,Toronto,Detroit,0.0,1.0,False,1,1,1.0,2.0,2.0,4.0,-182.0,5.5,sbro,,,,
2010-11,2011-03-26,Philadelphia,NYIslanders,0.0,0.0,False,3,1,1.0,0.0,4.0,1.0,124.0,5.5,sbro,,,,
2010-11,2011-03-26,NewJersey,Buffalo,0.0,0.0,False,0,2,0.0,0.0,0.0,2.0,-120.0,5.0,sbro,,,,
2010-11,2011-03-26,Washington,Montreal,0.0,0.0,False,1,0,1.0,0.0,2.0,0.0,-115.0,5.5,sbro,,,,
2010-11,2011-03-26,St.Louis,Minnesota,2.0,0.0,False,2,2,2.0,1.0,6.0,3.0,-115.0,5.5,sbro,,,,
2010-11,2011-03-26,Dallas,Nashville,1.0,2.0,False,1,1,0.0,1.0,2.0,4.0,-145.0,5.0,sbro,,,,
2010-11,2011-03-26,Anaheim,Chicago,0.0,0.0,False,0,1,2.0,0.0,2.0,1.0,-182.0,5.5,sbro,,,,
2010-11,2011-03-26,SanJose,Phoenix,2.0,0.0,False,1,1,1.0,0.0,4.0,1.0,-111.0,5.5,sbro,,,,
2010-11,2011-03-26,Calgary,Edmonton,1.0,2.0,False,0,1,3.0,1.0,5.0,4.0,157.0,5.5,sbro,,,,
2010-11,2011-03-27,Florida,Pittsburgh,1.0,1.0,False,0,0,0.0,0.0,1.0,2.0,-260.0,5.0,sbro,,,,
2010-11,2011-03-27,Ottawa,Atlanta,1.0,2.0,False,1,1,2.0,1.0,4.0,5.0,-140.0,5.5,sbro,,,,
2010-11,2011-03-27,Vancouver,Columbus,0.0,0.0,False,1,0,3.0,1.0,4.0,1.0,131.0,5.5,sbro,,,,
2010-11,2011-03-27,Boston,Philadelphia,1.0,0.0,False,0,1,1.0,0.0,2.0,1.0,-125.0,5.5,sbro,,,,
2010-11,2011-03-28,Chicago,Detroit,0.0,0.0,False,2,1,0.0,1.0,3.0,2.0,-125.0,5.5,sbro,,,,
2010-11,2011-03-28,Colorado,Anaheim,1.0,3.0,False,2,0,1.0,2.0,4.0,5.0,-230.0,5.5,sbro,,,,
2010-11,2011-03-29,Philadelphia,Pittsburgh,2.0,1.0,False,1,1,2.0,0.0,5.0,2.0,-125.0,5.5,sbro,,,,
2010-11,2011-03-29,Florida,Columbus,1.0,1.0,False,0,1,1.0,0.0,2.0,3.0,-166.0,5.0,sbro,,,,
2010-11,2011-03-29,Carolina,Washington,1.0,2.0,False,0,0,1.0,0.0,3.0,2.0,-190.0,5.5,sbro,,,,
2010-11,2011-03-29,Buffalo,Toronto,2.0,2.0,False,1,2,0.0,0.0,3.0,4.0,-111.0,5.5,sbro,,,,
2010-11,2011-03-29,Atlanta,Montreal,0.0,0.0,False,0,2,1.0,1.0,1.0,3.0,-172.0,5.5,sbro,,,,
2010-11,2011-03-29,Ottawa,TampaBay,0.0,2.0,False,0,0,2.0,3.0,2.0,5.0,-205.0,5.5,sbro,,,,
2010-11,2011-03-29,Chicago,Boston,0.0,2.0,False,0,0,0.0,1.0,0.0,3.0,-130.0,5.5,sbro,,,,
2010-11,2011-03-29,Vancouver,Nashville,0.0,1.0,False,0,0,3.0,0.0,3.0,1.0,-120.0,5.0,sbro,,,,
2010-11,2011-03-29,Minnesota,St.Louis,0.0,0.0,False,1,1,1.0,1.0,3.0,2.0,-166.0,5.5,sbro,,,,
2010-11,2011-03-29,LosAngeles,Edmonton,2.0,0.0,False,0,0,0.0,0.0,2.0,0.0,173.0,5.0,sbro,,,,
2010-11,2011-03-29,Dallas,Phoenix,1.0,1.0,False,0,0,0.0,0.0,1.0,2.0,-140.0,5.0,sbro,,,,
2010-11,2011-03-30,NYIslanders,NewJersey,0.0,1.0,False,0,1,2.0,1.0,2.0,3.0,-150.0,5.0,sbro,,,,
2010-11,2011-03-30,NYRangers,Buffalo,0.0,1.0,False,0,0,0.0,0.0,0.0,1.0,-120.0,5.0,sbro,,,,
2010-11,2011-03-30,Montreal,Carolina,1.0,2.0,False,0,2,1.0,2.0,2.0,6.0,-140.0,5.5,sbro,,,,
2010-11,2011-03-30,St.Louis,Detroit,5.0,1.0,False,3,2,2.0,0.0,10.0,3.0,-200.0,5.5,sbro,,,,
2010-11,2011-03-30,Anaheim,Calgary,1.0,0.0,False,2,1,1.0,1.0,4.0,2.0,-125.0,5.5,sbro,,,,
2010-11,2011-03-31,Columbus,Washington,2.0,2.0,False,0,1,1.0,0.0,3.0,4.0,-225.0,5.5,sbro,,,,
2010-11,2011-03-31,Atlanta,Philadelphia,0.0,0.0,False,0,0,1.0,0.0,1.0,0.0,-235.0,5.5,sbro,,,,
2010-11,2011-03-31,NYRangers,NYIslanders,0.0,4.0,False,1,0,1.0,2.0,2.0,6.0,110.0,5.5,sbro,,,,
2010-11,2011-03-31,Toronto,Boston,1.0,3.0,False,1,0,1.0,0.0,4.0,3.0,-204.0,5.5,sbro,,,,
2010-11,2011-03-31,Ottawa,Florida,3.0,1.0,False,1,0,0.0,0.0,4.0,1.0,-130.0,5.0,sbro,,,,
2010-11,2011-03-31,Pittsburgh,TampaBay,0.0,0.0,False,0,2,1.0,0.0,1.0,2.0,-130.0,5.5,sbro,,,,
2010-11,2011-03-31,Edmonton,Minnesota,1.0,2.0,False,0,2,1.0,0.0,2.0,4.0,-204.0,5.0,sbro,,,,
2010-11,2011-03-31,Nashville,Colorado,1.0,0.0,False,1,0,1.0,2.0,3.0,2.0,136.0,5.5,sbro,,,,
2010-11,2011-03-31,LosAngeles,Vancouver,0.0,2.0,False,1,0,0.0,1.0,1.0,3.0,-171.0,5.0,sbro,,,,
2010-11,2011-03-31,Dallas,SanJose,0.0,2.0,False,0,1,0.0,3.0,0.0,6.0,-193.0,5.0,sbro,,,,
2010-11,2011-04-01,Chicago,Columbus,0.0,1.0,False,2,1,1.0,1.0,4.0,3.0,-200.0,5.5,sbro,,,,
2010-11,2011-04-01,Philadelphia,NewJersey,0.0,2.0,False,1,0,1.0,2.0,2.0,4.0,-109.0,5.0,sbro,,,,
2010-11,2011-04-01,Calgary,St.Louis,1.0,1.0,False,0,1,2.0,0.0,3.0,2.0,-109.0,5.5,sbro,,,,
2010-11,2011-04-01,Colorado,Phoenix,1.0,1.0,False,1,0,1.0,2.0,4.0,3.0,-255.0,5.5,sbro,,,,
2010-11,2011-04-02,Atlanta,Boston,1.0,1.0,False,1,1,0.0,1.0,2.0,3.0,-220.0,5.5,sbro,,,,
2010-11,2011-04-02,TampaBay,Minnesota,2.0,0.0,False,0,1,1.0,0.0,3.0,1.0,100.0,5.5,sbro,,,,
2010-11,2011-04-02,Detroit,Nashville,2.0,2.0,False,0,1,1.0,0.0,4.0,3.0,-113.0,5.5,sbro,,,,
2010-11,2011-04-02,Dallas,LosAngeles,1.0,1.0,False,0,0,0.0,2.0,1.0,3.0,-158.0,5.0,sbro,,,,
2010-11,2011-04-02,Montreal,NewJersey,0.0,0.0,False,1,0,2.0,1.0,3.0,1.0,-122.0,5.0,sbro,,,,
2010-11,2011-04-02,Buffalo,Washington,0.0,0.0,False,2,2,2.0,2.0,4.0,5.0,-161.0,5.5,sbro,,,,
2010-11,2011-04-02,Carolina,NYIslanders,0.0,1.0,False,1,1,3.0,0.0,4.0,2.0,115.0,5.5,sbro,,,,
2010-11,2011-04-02,Pittsburgh,Florida,1.0,0.0,False,1,2,2.0,0.0,4.0,2.0,125.0,5.0,sbro,,,,
2010-11,2011-04-02,Toronto,Ottawa,1.0,1.0,False,1,0,2.0,1.0,4.0,2.0,-105.0,5.5,sbro,,,,
2010-11,2011-04-02,Edmonton,Vancouver,2.0,1.0,False,1,0,1.0,0.0,4.0,1.0,-260.0,5.5,sbro,,,,
2010-11,2011-04-02,Anaheim,SanJose,0.0,2.0,False,2,0,0.0,2.0,2.0,4.0,-158.0,5.5,sbro,,,,
2010-11,2011-04-03,NYRangers,Philadelphia,1.0,0.0,False,1,1,0.0,1.0,3.0,2.0,-150.0,5.5,sbro,,,,
2010-11,2011-04-03,Buffalo,Carolina,0.0,1.0,False,1,0,0.0,0.0,2.0,1.0,-137.0,5.5,sbro,,,,
2010-11,2011-04-03,St.Louis,Columbus,2.0,0.0,False,2,1,2.0,0.0,6.0,1.0,-109.0,5.5,sbro,,,,
2010-11,2011-04-03,Minnesota,Detroit,1.0,1.0,False,0,2,1.0,1.0,2.0,4.0,-220.0,5.5,sbro,,,,
2010-11,2011-04-03,TampaBay,Chicago,0.0,0.0,False,1,0,1.0,0.0,2.0,0.0,-177.0,5.5,sbro,,,,
2010-11,2011-04-03,Dallas,Anaheim,2.0,1.0,False,2,2,0.0,0.0,4.0,3.0,-160.0,5.5,sbro,,,,
2010-11,2011-04-03,Calgary,Colorado,1.0,0.0,False,0,0,1.0,1.0,2.0,1.0,120.0,5.5,sbro,,,,
2010-11,2011-04-04,Boston,NYRangers,1.0,2.0,False,2,0,0.0,3.0,3.0,5.0,-115.0,5.0,sbro,,,,
2010-11,2011-04-04,LosAngeles,SanJose,1.0,4.0,False,0,2,0.0,0.0,1.0,6.0,-165.0,5.0,sbro,,,,
2010-11,2011-04-05,Washington,Toronto,1.0,1.0,False,1,1,0.0,0.0,3.0,2.0,120.0,5.5,sbro,,,,
2010-11,2011-04-05,TampaBay,Buffalo,0.0,2.0,False,1,1,1.0,1.0,2.0,4.0,-130.0,5.5,sbro,,,,
2010-11,2011-04-05,NewJersey,Pittsburgh,1.0,1.0,False,0,1,1.0,2.0,2.0,4.0,-140.0,5.0,sbro,,,,
2010-11,2011-04-05,Philadelphia,Ottawa,1.0,2.0,False,1,1,0.0,2.0,2.0,5.0,140.0,5.5,sbro,,,,
2010-11,2011-04-05,Chicago,Montreal,1.0,1.0,False,0,0,0.0,0.0,1.0,2.0,-116.0,5.5,sbro,,,,
2010-11,2011-04-05,Atlanta,Nashville,0.0,1.0,False,0,3,3.0,2.0,3.0,6.0,-181.0,5.5,sbro,,,,
2010-11,2011-04-05,Colorado,St.Louis,0.0,1.0,False,1,1,0.0,1.0,1.0,3.0,-193.0,5.5,sbro,,,,
2010-11,2011-04-05,Columbus,Dallas,0.0,0.0,False,0,1,0.0,2.0,0.0,3.0,-182.0,5.5,sbro,,,,
2010-11,2011-04-05,Vancouver,Edmonton,0.0,0.0,False,0,1,0.0,1.0,0.0,2.0,173.0,5.5,sbro,,,,
2010-11,2011-04-06,NYIslanders,Boston,2.0,2.0,False,0,1,0.0,0.0,2.0,3.0,-222.0,5.5,sbro,,,,
2010-11,2011-04-06,Toronto,NewJersey,0.0,2.0,False,0,1,2.0,1.0,2.0,4.0,-134.0,5.0,sbro,,,,
2010-11,2011-04-06,Florida,Washington,0.0,1.0,False,0,2,2.0,2.0,2.0,5.0,-290.0,5.5,sbro,,,,
2010-11,2011-04-06,Detroit,Carolina,0.0,2.0,False,0,0,0.0,1.0,0.0,3.0,-116.0,5.5,sbro,,,,
2010-11,2011-04-06,St.Louis,Chicago,1.0,3.0,False,1,0,1.0,0.0,3.0,4.0,-212.0,5.5,sbro,,,,
2010-11,2011-04-06,Edmonton,Calgary,0.0,3.0,False,0,0,1.0,3.0,1.0,6.0,-290.0,5.5,sbro,,,,
2010-11,2011-04-06,SanJose,Anaheim,1.0,4.0,False,0,2,1.0,0.0,2.0,6.0,-120.0,5.5,sbro,,,,
2010-11,2011-04-06,Phoenix,LosAngeles,0.0,1.0,False,2,1,0.0,0.0,2.0,3.0,-130.0,5.0,sbro,,,,
2010-11,2011-04-07,Atlanta,NYRangers,2.0,0.0,False,0,0,1.0,0.0,3.0,0.0,-210.0,5.5,sbro,,,,
2010-11,2011-04-07,Montreal,Ottawa,1.0,0.0,False,0,0,1.0,2.0,2.0,3.0,105.0,5.0,sbro,,,,
2010-11,2011-04-07,Colorado,Dallas,1.0,0.0,False,0,2,1.0,2.0,2.0,4.0,-275.0,5.5,sbro,,,,
2010-11,2011-04-07,Minnesota,Vancouver,0.0,2.0,False,0,2,0.0,1.0,0.0,5.0,-225.0,5.5,sbro,,,,
2010-11,2011-04-08,Pittsburgh,NYIslanders,1.0,1.0,False,1,0,1.0,2.0,4.0,3.0,125.0,5.5,sbro,,,,
2010-11,2011-04-08,Philadelphia,Buffalo,2.0,2.0,False,1,0,0.0,1.0,3.0,4.0,-125.0,5.5,sbro,,,,
2010-11,2011-04-08,Carolina,Atlanta,1.0,0.0,False,2,0,3.0,1.0,6.0,1.0,125.0,5.5,sbro,,,,
2010-11,2011-04-08,Florida,TampaBay,0.0,2.0,False,1,2,1.0,0.0,2.0,4.0,-203.0,5.5,sbro,,,,
2010-11,2011-04-08,Chicago,Detroit,1.0,1.0,False,3,0,0.0,1.0,4.0,2.0,-107.0,5.5,sbro,,,,
2010-11,2011-04-08,Columbus,Nashville,1.0,2.0,False,0,1,0.0,1.0,1.0,4.0,-243.0,5.0,sbro,,,,
2010-11,2011-04-08,Minnesota,Edmonton,1.0,1.0,False,1,0,1.0,0.0,3.0,1.0,100.0,5.0,sbro,,,,
2010-11,2011-04-08,Dallas,Colorado,1.0,1.0,False,1,0,1.0,1.0,3.0,2.0,164.0,5.5,sbro,,,,
2010-11,2011-04-08,SanJose,Phoenix,1.0,2.0,False,0,1,2.0,1.0,3.0,4.0,-115.0,5.0,sbro,,,,
2010-11,2011-04-08,LosAngeles,Anaheim,0.0,1.0,False,1,0,0.0,1.0,1.0,2.0,-130.0,5.5,sbro,,,,
2010-11,2011-04-09,NewJersey,NYRangers,0.0,3.0,False,2,1,0.0,1.0,2.0,5.0,-174.0,5.0,sbro,,,,
2010-11,2011-04-09,Ottawa,Boston,0.0,1.0,False,1,1,0.0,1.0,1.0,3.0,-206.0,5.5,sbro,,,,
2010-11,2011-04-09,NYIslanders,Philadelphia,1.0,2.0,False,3,3,0.0,2.0,4.0,7.0,-290.0,5.5,sbro,,,,
2010-11,2011-04-09,TampaBay,Carolina,1.0,1.0,False,3,0,2.0,1.0,6.0,2.0,-163.0,5.5,sbro,,,,
2010-11,2011-04-09,Washington,Florida,0.0,0.0,False,0,0,0.0,1.0,0.0,1.0,115.0,5.5,sbro,,,,
2010-11,2011-04-09,Montreal,Toronto,1.0,0.0,False,2,1,1.0,0.0,4.0,1.0,-115.0,5.5,sbro,,,,
2010-11,2011-04-09,Buffalo,Columbus,3.0,2.0,False,0,0,2.0,2.0,5.0,4.0,123.0,5.5,sbro,,,,
2010-11,2011-04-09,Nashville,St.Louis,0.0,1.0,False,0,0,0.0,1.0,0.0,2.0,105.0,5.0,sbro,,,,
2010-11,2011-04-09,Vancouver,Calgary,0.0,2.0,False,0,0,2.0,0.0,3.0,2.0,-110.0,5.5,sbro,,,,
2010-11,2011-04-09,Phoenix,SanJose,0.0,2.0,False,0,0,1.0,1.0,1.0,3.0,-167.0,5.0,sbro,,,,
2010-11,2011-04-09,Anaheim,LosAngeles,1.0,1.0,False,2,0,0.0,0.0,3.0,1.0,-130.0,5.5,sbro,,,,
2010-11,2011-04-10,Edmonton,Colorado,2.0,0.0,False,1,2,0.0,1.0,3.0,4.0,-130.0,5.5,sbro,,,,
2010-11,2011-04-10,Pittsburgh,Atlanta,4.0,0.0,False,0,1,1.0,1.0,5.0,2.0,100.0,5.5,sbro,,,,
2010-11,2011-04-10,Boston,NewJersey,0.0,0.0,False,1,1,1.0,2.0,2.0,3.0,-110.0,5.0,sbro,,,,
2010-11,2011-04-10,Detroit,Chicago,2.0,1.0,False,0,0,2.0,2.0,4.0,3.0,-193.0,5.5,sbro,,,,
2010-11,2011-04-10,Dallas,Minnesota,1.0,2.0,False,2,1,0.0,2.0,3.0,5.0,120.0,5.0,sbro,,,,
2010-11,2011-04-13,TampaBay,Pittsburgh,0.0,0.0,False,0,0,0.0,3.0,0.0,3.0,-150.0,5.5,sbro,,,,
2010-11,2011-04-13,Phoenix,Detroit,0.0,3.0,False,1,0,1.0,1.0,2.0,4.0,-180.0,5.5,sbro,,,,
2010-11,2011-04-13,NYRangers,Washington,0.0,0.0,False,0,0,1.0,1.0,1.0,2.0,-170.0,5.0,sbro,,,,
2010-11,2011-04-13,Chicago,Vancouver,0.0,0.0,False,0,2,0.0,0.0,0.0,2.0,-160.0,5.5,sbro,,,,
2010-11,2011-04-13,Nashville,Anaheim,2.0,0.0,False,1,0,1.0,1.0,4.0,1.0,-145.0,5.0,sbro,,,,
2010-11,2011-04-14,Montreal,Boston,0.0,0.0,False,1,0,1.0,0.0,2.0,0.0,-180.0,5.0,sbro,,,,
2010-11,2011-04-14,Buffalo,Philadelphia,0.0,0.0,False,0,0,1.0,0.0,1.0,0.0,-160.0,5.5,sbro,,,,
2010-11,2011-04-14,LosAngeles,SanJose,2.0,1.0,False,0,1,0.0,0.0,2.0,3.0,-200.0,5.0,sbro,,,,
2010-11,2011-04-15,TampaBay,Pittsburgh,1.0,1.0,False,3,0,1.0,0.0,5.0,1.0,-135.0,5.0,sbro,,,,
2010-11,2011-04-15,NYRangers,Washington,0.0,2.0,False,0,0,0.0,0.0,0.0,2.0,-160.0,5.0,sbro,,,,
2010-11,2011-04-15,Chicago,Vancouver,1.0,2.0,False,0,1,2.0,1.0,3.0,4.0,-175.0,5.0,sbro,,,,
2010-11,2011-04-15,Nashville,Anaheim,1.0,2.0,False,0,2,2.0,1.0,3.0,5.0,-150.0,5.0,sbro,,,,
2010-11,2011-04-16,Phoenix,Detroit,1.0,1.0,False,0,3,2.0,0.0,3.0,4.0,-170.0,5.5,sbro,,,,
2010-11,2011-04-16,Buffalo,Philadelphia,0.0,2.0,False,3,3,1.0,0.0,4.0,5.0,-160.0,5.0,sbro,,,,
2010-11,2011-04-16,Montreal,Boston,1.0,1.0,False,2,0,0.0,0.0,3.0,1.0,-198.0,5.0,sbro,,,,
2010-11,2011-04-16,LosAngeles,SanJose,1.0,0.0,False,2,0,1.0,0.0,4.0,0.0,-193.0,5.0,sbro,,,,
2010-11,2011-04-17,Washington,NYRangers,1.0,1.0,False,0,0,1.0,2.0,2.0,3.0,-125.0,5.0,sbro,,,,
2010-11,2011-04-17,Anaheim,Nashville,2.0,0.0,False,0,2,1.0,2.0,3.0,4.0,-140.0,5.0,sbro,,,,
2010-11,2011-04-17,Vancouver,Chicago,2.0,1.0,False,0,1,1.0,0.0,3.0,2.0,-120.0,5.0,sbro,,,,
2010-11,2011-04-18,Philadelphia,Buffalo,2.0,1.0,False,1,1,1.0,0.0,4.0,2.0,-120.0,5.5,sbro,,,,
2010-11,2011-04-18,Boston,Montreal,1.0,1.0,False,2,0,1.0,1.0,4.0,2.0,-110.0,5.0,sbro,,,,
2010-11,2011-04-18,Pittsburgh,TampaBay,0.0,0.0,False,2,1,1.0,1.0,3.0,2.0,-130.0,5.0,sbro,,,,
2010-11,2011-04-18,Detroit,Phoenix,1.0,1.0,False,2,0,1.0,1.0,4.0,2.0,-120.0,5.5,sbro,,,,
2010-11,2011-04-19,Vancouver,Chicago,0.0,4.0,False,1,1,1.0,2.0,2.0,7.0,110.0,5.0,sbro,,,,
2010-11,2011-04-19,SanJose,LosAngeles,5.0,2.0,False,0,3,0.0,0.0,6.0,5.0,-105.0,5.0,sbro,,,,
2010-11,2011-04-20,Washington,NYRangers,0.0,3.0,False,0,0,3.0,0.0,4.0,3.0,-115.0,5.0,sbro,,,,
2010-11,2011-04-20,Philadelphia,Buffalo,0.0,0.0,False,0,1,0.0,0.0,0.0,1.0,-115.0,5.5,sbro,,,,
2010-11,2011-04-20,Pittsburgh,TampaBay,1.0,1.0,False,1,0,0.0,1.0,3.0,2.0,-145.0,5.0,sbro,,,,
2010-11,2011-04-20,Anaheim,Nashville,1.0,2.0,False,2,1,3.0,0.0,6.0,3.0,-145.0,5.0,sbro,,,,
2010-11,2011-04-20,Detroit,Phoenix,1.0,1.0,False,2,2,3.0,0.0,6.0,3.0,115.0,5.5,sbro,,,,
2010-11,2011-04-21,Boston,Montreal,3.0,2.0,False,0,1,1.0,1.0,5.0,4.0,-105.0,5.0,sbro,,,,
2010-11,2011-04-21,Chicago,Vancouver,2.0,0.0,False,3,0,0.0,0.0,5.0,0.0,-205.0,5.5,sbro,,,,
2010-11,2011-04-21,SanJose,LosAngeles,3.0,2.0,False,0,0,3.0,1.0,6.0,3.0,-103.0,5.0,sbro,,,,
2010-11,2011-04-22,Buffalo,Philadelphia,0.0,2.0,False,3,0,0.0,1.0,4.0,3.0,-160.0,5.5,sbro,,,,
2010-11,2011-04-22,Nashville,Anaheim,0.0,1.0,False,1,0,2.0,2.0,4.0,3.0,-145.0,5.0,sbro,,,,
2010-11,2011-04-23,NYRangers,Washington,0.0,1.0,False,0,1,1.0,1.0,1.0,3.0,-193.0,5.0,sbro,,,,
2010-11,2011-04-23,TampaBay,Pittsburgh,3.0,0.0,False,2,0,3.0,2.0,8.0,2.0,-145.0,5.0,sbro,,,,
2010-11,2011-04-23,Montreal,Boston,0.0,0.0,False,0,0,1.0,1.0,1.0,2.0,-180.0,5.0,sbro,,,,
2010-11,2011-04-23,LosAngeles,SanJose,0.0,1.0,False,3,0,0.0,0.0,3.0,1.0,-209.0,5.0,sbro,,,,
2010-11,2011-04-24,Philadelphia,Buffalo,2.0,1.0,False,1,3,1.0,0.0,5.0,4.0,-120.0,5.5,sbro,,,,
2010-11,2011-04-24,Vancouver,Chicago,0.0,1.0,False,2,1,1.0,1.0,3.0,4.0,-125.0,5.5,sbro,,,,
2010-11,2011-04-24,Anaheim,Nashville,1.0,1.0,False,1,1,0.0,2.0,2.0,4.0,-140.0,5.5,sbro,,,,
2010-11,2011-04-25,Pittsburgh,TampaBay,0.0,1.0,False,1,1,1.0,2.0,2.0,4.0,-145.0,5.0,sbro,,,,
2010-11,2011-04-25,SanJose,LosAngeles,2.0,1.0,False,0,0,1.0,2.0,4.0,3.0,115.0,5.0,sbro,,,,
2010-11,2011-04-26,Boston,Montreal,1.0,1.0,False,0,1,0.0,0.0,1.0,2.0,-110.0,5.0,sbro,,,,
2010-11,2011-04-26,Buffalo,Philadelphia,0.0,2.0,False,0,1,2.0,2.0,2.0,5.0,-160.0,5.5,sbro,,,,
2010-11,2011-04-26,Chicago,Vancouver,0.0,0.0,False,0,1,1.0,0.0,1.0,2.0,-175.0,5.5,sbro,,,,
2010-11,2011-04-27,TampaBay,Pittsburgh,1.0,0.0,False,0,0,0.0,0.0,1.0,0.0,-135.0,5.0,sbro,,,,
2010-11,2011-04-27,Montreal,Boston,1.0,0.0,False,1,2,1.0,1.0,3.0,4.0,-170.0,5.0,sbro,,,,
2010-11,2011-04-28,Nashville,Vancouver,0.0,1.0,False,0,0,0.0,0.0,0.0,1.0,-180.0,5.0,sbro,,,,
2010-11,2011-04-29,Detroit,SanJose,0.0,0.0,False,1,0,0.0,1.0,1.0,2.0,-120.0,5.5,sbro,,,,
2010-11,2011-04-29,TampaBay,Washington,2.0,1.0,False,1,1,1.0,0.0,4.0,2.0,-170.0,5.5,sbro,,,,
2010-11,2011-04-30,Boston,Philadelphia,3.0,1.0,False,2,1,2.0,1.0,7.0,3.0,-140.0,5.5,sbro,,,,
2010-11,2011-04-30,Nashville,Vancouver,0.0,1.0,False,0,0,1.0,0.0,2.0,1.0,-199.0,5.0,sbro,,,,
2010-11,2011-05-01,Detroit,SanJose,0.0,0.0,False,0,1,1.0,1.0,1.0,2.0,-128.0,5.5,sbro,,,,
2010-11,2011-05-01,TampaBay,Washington,0.0,1.0,False,1,0,1.0,1.0,3.0,2.0,-178.0,5.5,sbro,,,,
2010-11,2011-05-02,Boston,Philadelphia,0.0,0.0,False,2,2,0.0,0.0,3.0,2.0,-130.0,5.5,sbro,,,,
2010-11,2011-05-03,Washington,TampaBay,3.0,1.0,False,0,1,0.0,2.0,3.0,4.0,-116.0,5.0,sbro,,,,
2010-11,2011-05-03,Vancouver,Nashville,1.0,0.0,False,0,1,1.0,1.0,3.0,2.0,105.0,5.0,sbro,,,,
2010-11,2011-05-04,Philadelphia,Boston,1.0,2.0,False,0,2,0.0,1.0,1.0,5.0,-135.0,5.5,sbro,,,,
2010-11,2011-05-04,Washington,TampaBay,1.0,2.0,False,1,1,1.0,2.0,3.0,5.0,-123.0,5.0,sbro,,,,
2010-11,2011-05-04,SanJose,Detroit,1.0,2.0,False,1,1,1.0,0.0,4.0,3.0,-165.0,5.5,sbro,,,,
2010-11,2011-05-05,Vancouver,Nashville,1.0,0.0,False,1,1,2.0,1.0,4.0,2.0,100.0,5.0,sbro,,,,
2010-11,2011-05-06,SanJose,Detroit,1.0,0.0,False,1,3,1.0,1.0,3.0,4.0,-130.0,5.5,sbro,,,,
2010-11,2011-05-06,Philadelphia,Boston,1.0,0.0,False,0,1,0.0,4.0,1.0,5.0,-175.0,5.5,sbro,,,,
2010-11,2011-05-07,Nashville,Vancouver,1.0,0.0,False,1,2,2.0,1.0,4.0,3.0,-208.0,5.0,sbro,,,,
2010-11,2011-05-08,Detroit,SanJose,1.0,1.0,False,0,1,3.0,1.0,4.0,3.0,-145.0,5.5,sbro,,,,
2010-11,2011-05-09,Vancouver,Nashville,0.0,1.0,False,2,0,0.0,0.0,2.0,1.0,110.0,5.0,sbro,,,,
2010-11,2011-05-10,SanJose,Detroit,0.0,0.0,False,0,0,1.0,3.0,1.0,3.0,-135.0,5.5,sbro,,,,
2010-11,2011-05-12,Detroit,SanJose,1.0,0.0,False,0,2,1.0,1.0,2.0,3.0,-125.0,5.5,sbro,,,,
2010-11,2011-05-14,TampaBay,Boston,0.0,0.0,False,3,1,2.0,1.0,5.0,2.0,-145.0,5.5,sbro,,,,
2010-11,2011-05-15,SanJose,Vancouver,1.0,1.0,False,1,0,0.0,2.0,2.0,3.0,-154.0,5.5,sbro,,,,
2010-11,2011-05-17,TampaBay,Boston,1.0,5.0,False,2,1,2.0,0.0,5.0,6.0,-149.0,5.5,sbro,,,,
2010-11,2011-05-18,SanJose,Vancouver,0.0,1.0,False,2,2,1.0,4.0,3.0,7.0,-150.0,5.5,sbro,,,,
2010-11,2011-05-19,Boston,TampaBay,0.0,0.0,False,1,0,1.0,0.0,2.0,0.0,-130.0,5.5,sbro,,,,
2010-11,2011-05-20,Vancouver,SanJose,0.0,0.0,False,0,3,3.0,1.0,3.0,4.0,-135.0,5.5,sbro,,,,
2010-11,2011-05-21,Boston,TampaBay,0.0,3.0,False,3,0,0.0,2.0,3.0,5.0,-120.0,5.5,sbro,,,,
2010-11,2011-05-22,Vancouver,SanJose,3.0,0.0,False,0,0,1.0,2.0,4.0,2.0,-115.0,5.5,sbro,,,,
2010-11,2011-05-23,TampaBay,Boston,0.0,2.0,False,1,0,0.0,1.0,1.0,3.0,-155.0,5.5,sbro,,,,
2010-11,2011-05-24,SanJose,Vancouver,1.0,0.0,False,0,1,1.0,1.0,2.0,3.0,-165.0,5.5,sbro,,,,
2010-11,2011-05-25,Boston,TampaBay,0.0,2.0,False,2,1,2.0,2.0,4.0,5.0,-115.0,5.5,sbro,,,,
2010-11,2011-05-27,TampaBay,Boston,0.0,0.0,False,0,0,0.0,1.0,0.0,1.0,-145.0,5.5,sbro,,,,
2010-11,2011-06-01,Boston,Vancouver,0.0,0.0,False,0,0,0.0,1.0,0.0,1.0,-180.0,5.5,sbro,,,,
2010-11,2011-06-04,Boston,Vancouver,2.0,0.0,False,0,1,0.0,1.0,2.0,3.0,-190.0,5.0,sbro,,,,
2010-11,2011-06-06,Vancouver,Boston,0.0,4.0,False,0,0,1.0,4.0,1.0,8.0,-120.0,5.0,sbro,,,,
2010-11,2011-06-08,Vancouver,Boston,0.0,2.0,False,0,1,0.0,1.0,0.0,4.0,-120.0,5.0,sbro,,,,
2010-11,2011-06-10,Boston,Vancouver,0.0,0.0,False,0,0,0.0,1.0,0.0,1.0,-175.0,5.0,sbro,,,,
2010-11,2011-06-13,Vancouver,Boston,0.0,0.0,False,0,4,2.0,1.0,2.0,5.0,-132.0,5.0,sbro,,,,
2010-11,2011-06-15,Boston,Vancouver,2.0,0.0,False,1,0,1.0,0.0,4.0,0.0,-157.0,5.0,sbro,,,,
