season,date,away,home,away_score,home_score,neutral,periods_away,periods_home,ml_open_away,ml_open_home,ml_close_away,ml_close_home,spread_close_home,total_close,source,espn_id,away_abbr,home_abbr,season_type
2017-18,2017-10-04,Toronto,Winnipeg,7.0,2.0,False,3|1|3,0|0|2,-110.0,-110.0,-105.0,-115.0,-1.5,6.0,sbro,,,,
2017-18,2017-10-04,St.Louis,Pittsburgh,5.0,4.0,False,2|1|1,1|1|2,165.0,-185.0,160.0,-180.0,-1.5,5.5,sbro,,,,
2017-18,2017-10-04,Calgary,Edmonton,0.0,3.0,False,0|0|0,1|0|2,132.0,-152.0,135.0,-155.0,-1.5,5.5,sbro,,,,
2017-18,2017-10-04,Philadelphia,SanJose,5.0,3.0,False,2|1|2,2|0|1,140.0,-160.0,130.0,-150.0,-1.5,5.0,sbro,,,,
2017-18,2017-10-05,Montreal,Buffalo,3.0,2.0,False,1|0|1,1|1|0,-130.0,110.0,-125.0,105.0,1.5,5.0,sbro,,,,
2017-18,2017-10-05,Nashville,Boston,3.0,4.0,False,1|0|2,1|2|1,115.0,-135.0,-104.0,-116.0,-1.5,5.0,sbro,,,,
2017-18,2017-10-05,Colorado,NYRangers,4.0,2.0,False,2|1|1,2|0|0,170.0,-200.0,180.0,-210.0,-1.5,5.5,sbro,,,,
2017-18,2017-10-05,Washington,Ottawa,5.0,4.0,False,1|0|3,1|1|2,-145.0,125.0,-140.0,120.0,1.5,5.5,sbro,,,,
2017-18,2017-10-05,Minnesota,Detroit,2.0,4.0,False,0|0|2,0|2|2,-140.0,120.0,-140.0,120.0,1.5,5.0,sbro,,,,
2017-18,2017-10-05,Pittsburgh,Chicago,1.0,10.0,False,0|1|0,5|3|2,115.0,-135.0,110.0,-130.0,-1.5,5.5,sbro,,,,
2017-18,2017-10-05,Philadelphia,LosAngeles,0.0,2.0,False,0|0|0,0|1|1,145.0,-165.0,133.0,-153.0,-1.5,5.0,sbro,,,,
2017-18,2017-10-05,Arizona,Anaheim,4.0,5.0,False,2|2|0,1|2|2,165.0,-185.0,137.0,-157.0,-1.5,5.5,sbro,,,,
2017-18,2017-10-06,NYIslanders,Columbus,0.0,5.0,False,0|0|0,2|3|0,140.0,-160.0,125.0,-145.0,-1.5,5.5,sbro,,,,
2017-18,2017-10-06,Florida,TampaBay,3.0,5.0,False,0|2|1,1|1|3,145.0,-165.0,165.0,-185.0,-1.5,5.5,sbro,,,,
2017-18,2017-10-06,Vegas,Dallas,2.0,1.0,False,0|0|2,0|1|0,200.0,-240.0,195.0,-235.0,-1.5,5.5,sbro,,,,
2017-18,2017-10-07,Detroit,Ottawa,2.0,1.0,False,0|0|1,0|0|1,118.0,-138.0,118.0,-138.0,-1.5,5.5,sbro,,,,
2017-18,2017-10-07,TampaBay,Florida,4.0,5.0,False,2|1|1,1|1|3,-115.0,-105.0,-108.0,-112.0,-1.5,5.5,sbro,,,,
2017-18,2017-10-07,Colorado,NewJersey,1.0,4.0,False,0|1|0,1|2|1,135.0,-155.0,108.0,-128.0,-1.5,5.5,sbro,,,,
2017-18,2017-10-07,Nashville,Pittsburgh,0.0,4.0,False,0|0|0,2|1|1,150.0,-170.0,135.0,-155.0,-1.5,6.0,sbro,,,,
2017-18,2017-10-07,NYRangers,Toronto,5.0,8.0,False,2|3|0,5|0|3,125.0,-145.0,128.0,-148.0,-1.5,6.0,sbro,,,,
2017-18,2017-10-07,Montreal,Washington,1.0,6.0,False,0|1|0,4|2|0,119.0,-139.0,122.0,-142.0,-1.5,5.0,sbro,,,,
2017-18,2017-10-07,Buffalo,NYIslanders,3.0,6.0,False,0|2|1,1|3|2,107.0,-127.0,105.0,-125.0,-1.5,5.5,sbro,,,,
2017-18,2017-10-07,Minnesota,Carolina,4.0,5.0,False,2|1|1,1|1|2,102.0,-122.0,108.0,-128.0,-1.5,5.5,sbro,,,,
2017-18,2017-10-07,Dallas,St.Louis,2.0,4.0,False,0|0|2,3|0|1,107.0,-127.0,126.0,-146.0,-1.5,5.5,sbro,,,,
2017-18,2017-10-07,Columbus,Chicago,1.0,5.0,False,0|1|0,2|2|1,123.0,-143.0,135.0,-155.0,-1.5,5.5,sbro,,,,
2017-18,2017-10-07,Vegas,Arizona,2.0,1.0,False,0|0|1,1|0|0,140.0,-160.0,160.0,-180.0,-1.5,5.5,sbro,,,,
2017-18,2017-10-07,Winnipeg,Calgary,3.0,6.0,False,3|0|0,1|4|1,122.0,-142.0,105.0,-125.0,-1.5,5.5,sbro,,,,
2017-18,2017-10-07,Philadelphia,Anaheim,3.0,2.0,False,1|1|0,1|0|1,113.0,-133.0,108.0,-128.0,-1.5,5.5,sbro,,,,
2017-18,2017-10-07,Edmonton,Vancouver,2.0,3.0,False,1|0|1,2|1|0,-185.0,165.0,-161.0,141.0,1.5,5.5,sbro,,,,
2017-18,2017-10-07,LosAngeles,SanJose,4.0,1.0,False,2|2|0,1|0|0,108.0,-128.0,122.0,-142.0,-1.5,5.0,sbro,,,,
2017-18,2017-10-08,Montreal,NYRangers,0.0,2.0,False,0|0|0,1|0|1,100.0,-120.0,105.0,-125.0,-1.5,5.5,sbro,,,,
2017-18,2017-10-09,Colorado,Boston,4.0,0.0,False,2|0|2,0|0|0,175.0,-205.0,170.0,-200.0,-1.5,5.5,sbro,,,,
2017-18,2017-10-09,St.Louis,NYIslanders,3.0,2.0,False,0|2|0,0|0|2,-111.0,-109.0,110.0,-130.0,-1.5,5.5,sbro,,,,
2017-18,2017-10-09,NewJersey,Buffalo,6.0,2.0,False,2|4|0,0|1|1,107.0,-127.0,117.0,-137.0,-1.5,5.5,sbro,,,,
2017-18,2017-10-09,Chicago,Toronto,3.0,4.0,False,2|0|1,0|1|2,123.0,-143.0,143.0,-163.0,-1.5,6.5,sbro,,,,
2017-18,2017-10-09,Washington,TampaBay,3.0,4.0,False,2|1|0,0|2|1,105.0,-125.0,-101.0,-119.0,-1.5,5.5,sbro,,,,
2017-18,2017-10-09,Winnipeg,Edmonton,5.0,2.0,False,2|2|1,0|2|0,160.0,-180.0,140.0,-160.0,-1.5,6.0,sbro,,,,
2017-18,2017-10-09,Calgary,Anaheim,2.0,0.0,False,0|1|1,0|0|0,110.0,-130.0,104.0,-124.0,-1.5,5.5,sbro,,,,
2017-18,2017-10-10,St.Louis,NYRangers,3.0,1.0,False,2|0|1,1|0|0,125.0,-145.0,135.0,-155.0,-1.5,5.5,sbro,,,,
2017-18,2017-10-10,Columbus,Carolina,2.0,1.0,False,0|0|1,0|0|1,102.0,-122.0,100.0,-120.0,-1.5,5.5,sbro,,,,
2017-18,2017-10-10,Chicago,Montreal,3.0,1.0,False,2|1|0,1|0|0,115.0,-135.0,120.0,-140.0,-1.5,5.5,sbro,,,,
2017-18,2017-10-10,Philadelphia,Nashville,5.0,6.0,False,0|3|2,1|2|3,140.0,-160.0,109.0,-129.0,-1.5,5.5,sbro,,,,
2017-18,2017-10-10,Detroit,Dallas,2.0,4.0,False,0|1|1,2|1|1,162.0,-182.0,160.0,-180.0,-1.5,5.5,sbro,,,,
2017-18,2017-10-10,Ottawa,Vancouver,3.0,2.0,False,1|0|1,1|1|0,-102.0,-118.0,-109.0,-111.0,-1.5,5.5,sbro,,,,
2017-18,2017-10-10,Arizona,Vegas,2.0,5.0,False,1|0|1,4|1|0,-108.0,-112.0,107.0,-127.0,-1.5,5.5,sbro,,,,
2017-18,2017-10-11,NewJersey,Toronto,6.0,3.0,False,2|2|2,2|0|1,171.0,-201.0,170.0,-200.0,-1.5,6.0,sbro,,,,
2017-18,2017-10-11,Pittsburgh,Washington,3.0,2.0,False,1|1|1,0|1|1,111.0,-131.0,115.0,-135.0,-1.5,6.0,sbro,,,,
2017-18,2017-10-11,Boston,Colorado,3.0,6.0,False,1|0|2,1|3|2,-133.0,113.0,-120.0,100.0,1.5,5.5,sbro,,,,
2017-18,2017-10-11,NYIslanders,Anaheim,2.0,3.0,False,1|0|1,1|1|1,122.0,-142.0,112.0,-132.0,-1.5,5.5,sbro,,,,
2017-18,2017-10-11,Calgary,LosAngeles,4.0,3.0,False,2|0|1,0|1|2,108.0,-128.0,135.0,-155.0,-1.5,5.0,sbro,,,,
2017-18,2017-10-12,Pittsburgh,TampaBay,4.0,5.0,False,1|2|1,2|3|0,130.0,-150.0,135.0,-155.0,-1.5,6.5,sbro,,,,
2017-18,2017-10-12,St.Louis,Florida,2.0,5.0,False,0|1|1,0|3|2,-102.0,-118.0,111.0,-131.0,-1.5,5.5,sbro,,,,
2017-18,2017-10-12,Dallas,Nashville,1.0,4.0,False,1|0|0,0|2|2,107.0,-127.0,110.0,-130.0,-1.5,6.0,sbro,,,,
2017-18,2017-10-12,Minnesota,Chicago,5.0,2.0,False,0|1|4,0|0|2,130.0,-150.0,107.0,-127.0,-1.5,5.5,sbro,,,,
2017-18,2017-10-12,Detroit,Arizona,4.0,2.0,False,0|2|2,0|2|0,-105.0,-115.0,101.0,-121.0,-1.5,5.5,sbro,,,,
2017-18,2017-10-12,Winnipeg,Vancouver,4.0,2.0,False,1|2|1,1|0|1,-128.0,108.0,-122.0,102.0,1.5,5.5,sbro,,,,
2017-18,2017-10-12,Buffalo,SanJose,2.0,3.0,False,1|1|0,2|1|0,150.0,-170.0,152.0,-172.0,-1.5,5.5,sbro,,,,
2017-18,2017-10-13,NYRangers,Columbus,1.0,3.0,False,1|0|0,0|1|2,125.0,-145.0,123.0,-143.0,-1.5,5.5,sbro,,,,
2017-18,2017-10-13,Washington,NewJersey,5.0,2.0,False,1|2|2,0|1|1,-143.0,123.0,-142.0,122.0,1.5,5.5,sbro,,,,
2017-18,2017-10-13,Ottawa,Calgary,6.0,0.0,False,1|1|4,0|0|0,125.0,-145.0,127.0,-147.0,-1.5,5.5,sbro,,,,
2017-18,2017-10-13,Anaheim,Colorado,1.0,3.0,False,0|0|1,1|0|2,-120.0,100.0,-119.0,-101.0,1.5,5.5,sbro,,,,
2017-18,2017-10-13,Detroit,Vegas,6.0,3.0,False,1|1|4,0|3|0,110.0,-130.0,120.0,-140.0,-1.5,5.5,sbro,,,,
2017-18,2017-10-14,Florida,Pittsburgh,3.0,4.0,False,0|2|1,1|2|1,165.0,-185.0,145.0,-165.0,-1.5,5.5,sbro,,,,
2017-18,2017-10-14,Carolina,Winnipeg,1.0,2.0,False,1|0|0,1|0|1,115.0,-135.0,-105.0,-115.0,-1.5,5.5,sbro,,,,
2017-18,2017-10-14,Washington,Philadelphia,2.0,8.0,False,1|1|0,2|3|3,-105.0,-115.0,101.0,-121.0,-1.5,5.5,sbro,,,,
2017-18,2017-10-14,St.Louis,TampaBay,1.0,2.0,False,0|0|1,0|1|1,140.0,-160.0,130.0,-150.0,-1.5,5.5,sbro,,,,
2017-18,2017-10-14,Toronto,Montreal,4.0,3.0,False,2|1|0,2|1|0,-108.0,-112.0,103.0,-123.0,-1.5,5.5,sbro,,,,
2017-18,2017-10-14,NewJersey,NYRangers,3.0,2.0,False,0|2|1,0|1|1,123.0,-143.0,140.0,-160.0,-1.5,5.5,sbro,,,,
2017-18,2017-10-14,Columbus,Minnesota,5.0,4.0,False,1|1|2,1|2|1,130.0,-150.0,-109.0,-111.0,-1.5,5.5,sbro,,,,
2017-18,2017-10-14,Colorado,Dallas,1.0,3.0,False,0|0|1,0|2|1,170.0,-200.0,187.0,-217.0,-1.5,6.0,sbro,,,,
2017-18,2017-10-14,Nashville,Chicago,1.0,2.0,False,0|1|0,0|0|1,110.0,-130.0,130.0,-150.0,-1.5,5.5,sbro,,,,
2017-18,2017-10-14,Boston,Arizona,6.0,2.0,False,1|3|2,1|0|1,-135.0,115.0,-128.0,108.0,1.5,5.5,sbro,,,,
2017-18,2017-10-14,Ottawa,Edmonton,6.0,1.0,False,2|1|3,0|0|1,170.0,-200.0,170.0,-200.0,-1.5,5.5,sbro,,,,
2017-18,2017-10-14,Calgary,Vancouver,5.0,2.0,False,1|2|2,1|0|1,-105.0,-115.0,-117.0,-103.0,1.5,5.5,sbro,,,,
2017-18,2017-10-14,Buffalo,LosAngeles,2.0,4.0,False,1|0|1,0|1|3,145.0,-165.0,170.0,-200.0,-1.5,5.5,sbro,,,,
2017-18,2017-10-14,NYIslanders,SanJose,3.0,1.0,False,1|1|1,1|0|0,127.0,-147.0,110.0,-130.0,-1.5,5.5,sbro,,,,
2017-18,2017-10-15,Boston,Vegas,1.0,3.0,False,0|0|1,0|2|1,-150.0,130.0,-160.0,140.0,1.5,6.0,sbro,,,,
2017-18,2017-10-15,Buffalo,Anaheim,3.0,1.0,False,1|1|1,0|1|0,135.0,-155.0,129.0,-149.0,-1.5,5.5,sbro,,,,
2017-18,2017-10-15,NYIslanders,LosAngeles,2.0,3.0,False,0|1|1,1|1|1,125.0,-145.0,118.0,-138.0,-1.5,5.5,sbro,,,,
2017-18,2017-10-16,TampaBay,Detroit,3.0,2.0,False,2|0|1,0|2|0,-128.0,108.0,-131.0,111.0,1.5,5.5,sbro,,,,
2017-18,2017-10-17,Pittsburgh,NYRangers,5.0,4.0,False,2|1|1,0|3|1,-119.0,-101.0,-132.0,112.0,1.5,6.0,sbro,,,,
2017-18,2017-10-17,Florida,Philadelphia,1.0,5.0,False,0|0|1,0|4|1,120.0,-140.0,113.0,-133.0,-1.5,5.5,sbro,,,,
2017-18,2017-10-17,Toronto,Washington,2.0,0.0,False,0|0|2,0|0|0,130.0,-150.0,110.0,-130.0,-1.5,6.0,sbro,,,,
2017-18,2017-10-17,TampaBay,NewJersey,4.0,5.0,False,2|2|0,3|0|1,-157.0,137.0,-105.0,-115.0,-1.5,5.5,sbro,,,,
2017-18,2017-10-17,Vancouver,Ottawa,3.0,0.0,False,1|1|1,0|0|0,165.0,-185.0,170.0,-200.0,-1.5,5.5,sbro,,,,
2017-18,2017-10-17,Colorado,Nashville,1.0,4.0,False,0|1|0,0|3|1,170.0,-200.0,155.0,-175.0,-1.5,5.5,sbro,,,,
2017-18,2017-10-17,Columbus,Winnipeg,5.0,2.0,False,0|4|1,0|1|1,-105.0,-115.0,-105.0,-115.0,-1.5,6.0,sbro,,,,
2017-18,2017-10-17,Arizona,Dallas,1.0,3.0,False,0|1|0,1|1|1,190.0,-230.0,190.0,-230.0,-1.5,6.0,sbro,,,,
2017-18,2017-10-17,Carolina,Edmonton,5.0,3.0,False,3|0|2,0|1|2,150.0,-170.0,108.0,-128.0,-1.5,5.5,sbro,,,,
2017-18,2017-10-17,Buffalo,Vegas,4.0,5.0,False,1|0|3,1|2|1,-115.0,-105.0,-120.0,100.0,1.5,5.5,sbro,,,,
2017-18,2017-10-17,Montreal,SanJose,2.0,5.0,False,1|1|0,1|3|1,105.0,-125.0,110.0,-130.0,-1.5,5.0,sbro,,,,
2017-18,2017-10-18,Detroit,Toronto,3.0,6.0,False,1|2|0,4|1|1,157.0,-177.0,140.0,-160.0,-1.5,6.0,sbro,,,,
2017-18,2017-10-18,Chicago,St.Louis,2.0,5.0,False,0|0|2,1|2|2,102.0,-122.0,101.0,-121.0,-1.5,5.5,sbro,,,,
2017-18,2017-10-18,Montreal,LosAngeles,1.0,5.0,False,1|0|0,1|0|4,140.0,-160.0,148.0,-168.0,-1.5,5.0,sbro,,,,
2017-18,2017-10-19,Nashville,Philadelphia,1.0,0.0,False,0|0|1,0|0|0,105.0,-125.0,108.0,-128.0,-1.5,5.5,sbro,,,,
2017-18,2017-10-19,Vancouver,Boston,3.0,6.0,False,1|2|0,4|1|1,142.0,-162.0,155.0,-175.0,-1.5,5.5,sbro,,,,
2017-18,2017-10-19,NYIslanders,NYRangers,4.0,3.0,False,2|1|0,1|0|2,120.0,-140.0,107.0,-127.0,-1.5,5.5,sbro,,,,
2017-18,2017-10-19,TampaBay,Columbus,2.0,0.0,False,1|1|0,0|0|0,110.0,-130.0,125.0,-145.0,-1.5,5.5,sbro,,,,
2017-18,2017-10-19,NewJersey,Ottawa,5.0,4.0,False,2|0|2,1|3|0,130.0,-150.0,135.0,-155.0,-1.5,5.5,sbro,,,,
2017-18,2017-10-19,Edmonton,Chicago,2.0,1.0,False,1|0|0,1|0|0,102.0,-122.0,-107.0,-113.0,-1.5,6.0,sbro,,,,
2017-18,2017-10-19,Carolina,Calgary,2.0,1.0,False,0|1|1,0|0|1,120.0,-140.0,105.0,-125.0,-1.5,5.5,sbro,,,,
2017-18,2017-10-19,St.Louis,Colorado,4.0,3.0,False,0|3|1,1|0|2,-125.0,105.0,-113.0,-107.0,1.5,5.5,sbro,,,,
2017-18,2017-10-19,Dallas,Arizona,5.0,4.0,False,2|0|3,1|1|2,-170.0,150.0,-150.0,130.0,1.5,6.0,sbro,,,,
2017-18,2017-10-20,SanJose,NewJersey,3.0,0.0,False,1|2|0,0|0|0,-109.0,-111.0,-139.0,119.0,1.5,5.5,sbro,,,,
2017-18,2017-10-20,Vancouver,Buffalo,4.0,2.0,False,1|2|1,2|0|0,125.0,-145.0,145.0,-165.0,-1.5,5.5,sbro,,,,
2017-18,2017-10-20,Washington,Detroit,4.0,3.0,False,0|1|2,0|1|2,-137.0,117.0,-128.0,108.0,1.5,5.5,sbro,,,,
2017-18,2017-10-20,Pittsburgh,Florida,4.0,3.0,False,0|3|1,2|0|1,-130.0,110.0,-120.0,100.0,1.5,6.0,sbro,,,,
2017-18,2017-10-20,Minnesota,Winnipeg,3.0,4.0,False,1|2|0,2|1|1,110.0,-130.0,-111.0,-109.0,1.5,5.5,sbro,,,,
2017-18,2017-10-20,Montreal,Anaheim,2.0,6.0,False,0|2|0,3|0|3,100.0,-120.0,-119.0,-101.0,1.5,5.0,sbro,,,,
2017-18,2017-10-21,Nashville,NYRangers,2.0,4.0,False,0|2|0,2|1|1,100.0,-120.0,-108.0,-112.0,-1.5,5.5,sbro,,,,
2017-18,2017-10-21,Edmonton,Philadelphia,1.0,2.0,False,0|1|0,1|0|1,100.0,-120.0,108.0,-128.0,-1.5,5.5,sbro,,,,
2017-18,2017-10-21,LosAngeles,Columbus,6.0,4.0,False,2|2|2,3|1|0,125.0,-145.0,128.0,-148.0,-1.5,5.0,sbro,,,,
2017-18,2017-10-21,SanJose,NYIslanders,3.0,5.0,False,0|2|1,0|2|3,107.0,-127.0,116.0,-136.0,-1.5,5.5,sbro,,,,
2017-18,2017-10-21,Buffalo,Boston,5.0,4.0,False,0|2|2,2|2|0,155.0,-175.0,166.0,-186.0,-1.5,5.5,sbro,,,,
2017-18,2017-10-21,Toronto,Ottawa,3.0,6.0,False,0|0|3,1|2|3,-113.0,-107.0,-127.0,107.0,1.5,6.0,sbro,,,,
2017-18,2017-10-21,Pittsburgh,TampaBay,1.0,7.0,False,0|0|1,3|3|1,140.0,-160.0,138.0,-158.0,-1.5,6.5,sbro,,,,
2017-18,2017-10-21,Florida,Washington,4.0,1.0,False,2|1|1,0|1|0,150.0,-170.0,120.0,-140.0,-1.5,5.5,sbro,,,,
2017-18,2017-10-21,Carolina,Dallas,3.0,4.0,False,0|1|2,2|2|0,118.0,-138.0,110.0,-130.0,-1.5,5.5,sbro,,,,
2017-18,2017-10-21,Chicago,Arizona,4.0,2.0,False,1|1|2,1|1|0,-165.0,145.0,-135.0,115.0,1.5,6.0,sbro,,,,
2017-18,2017-10-21,Minnesota,Calgary,4.0,2.0,False,0|1|3,0|1|1,140.0,-160.0,141.0,-161.0,-1.5,6.0,sbro,,,,
2017-18,2017-10-21,St.Louis,Vegas,2.0,3.0,False,1|0|1,0|2|0,-153.0,133.0,-137.0,117.0,1.5,5.5,sbro,,,,
2017-18,2017-10-22,Vancouver,Detroit,4.0,1.0,False,1|3|0,1|0|0,130.0,-150.0,132.0,-152.0,-1.5,5.5,sbro,,,,
2017-18,2017-10-23,SanJose,NYRangers,4.0,1.0,False,2|1|1,0|0|1,105.0,-125.0,103.0,-123.0,-1.5,5.5,sbro,,,,
2017-18,2017-10-23,LosAngeles,Toronto,2.0,3.0,False,0|1|1,1|1|1,140.0,-160.0,123.0,-143.0,-1.5,6.0,sbro,,,,
2017-18,2017-10-24,Anaheim,Philadelphia,6.0,2.0,False,1|3|2,1|0|1,105.0,-125.0,120.0,-140.0,-1.5,5.5,sbro,,,,
2017-18,2017-10-24,TampaBay,Carolina,5.0,1.0,False,1|1|3,0|0|1,-115.0,-105.0,-103.0,-117.0,-1.5,5.5,sbro,,,,
2017-18,2017-10-24,Arizona,NYIslanders,3.0,5.0,False,1|0|2,0|2|3,165.0,-185.0,170.0,-200.0,-1.5,6.0,sbro,,,,
2017-18,2017-10-24,Edmonton,Pittsburgh,1.0,2.0,False,0|0|1,0|0|1,135.0,-155.0,135.0,-155.0,-1.5,6.0,sbro,,,,
2017-18,2017-10-24,Florida,Montreal,1.0,5.0,False,0|1|0,0|3|2,110.0,-130.0,120.0,-140.0,-1.5,5.5,sbro,,,,
2017-18,2017-10-24,Detroit,Buffalo,0.0,1.0,False,0|0|0,0|1|0,125.0,-145.0,105.0,-125.0,-1.5,5.5,sbro,,,,
2017-18,2017-10-24,LosAngeles,Ottawa,3.0,2.0,False,1|0|1,1|0|1,120.0,-140.0,115.0,-135.0,-1.5,5.5,sbro,,,,
2017-18,2017-10-24,Vancouver,Minnesota,1.0,0.0,False,0|0|1,0|0|0,165.0,-185.0,165.0,-185.0,-1.5,5.5,sbro,,,,
2017-18,2017-10-24,Calgary,Nashville,3.0,2.0,False,0|0|2,2|0|0,125.0,-145.0,135.0,-155.0,-1.5,5.5,sbro,,,,
2017-18,2017-10-24,Dallas,Colorado,3.0,5.0,False,1|1|1,1|3|1,-130.0,110.0,-135.0,115.0,1.5,6.0,sbro,,,,
2017-18,2017-10-24,Chicago,Vegas,2.0,4.0,False,1|0|1,2|1|1,-160.0,140.0,-182.0,162.0,1.5,5.5,sbro,,,,
2017-18,2017-10-25,Calgary,St.Louis,2.0,5.0,False,1|1|0,1|2|2,140.0,-160.0,150.0,-170.0,-1.5,5.5,sbro,,,,
2017-18,2017-10-25,Buffalo,Columbus,1.0,5.0,False,0|0|1,1|3|1,190.0,-230.0,220.0,-270.0,-1.5,5.5,sbro,,,,
2017-18,2017-10-26,SanJose,Boston,1.0,2.0,False,0|1|0,1|1|0,-103.0,-117.0,-107.0,-113.0,-1.5,5.5,sbro,,,,
2017-18,2017-10-26,Arizona,NYRangers,2.0,5.0,False,0|1|1,2|2|1,165.0,-185.0,150.0,-170.0,-1.5,6.0,sbro,,,,
2017-18,2017-10-26,Winnipeg,Pittsburgh,1.0,2.0,False,1|0|0,1|0|0,160.0,-180.0,155.0,-175.0,-1.5,6.0,sbro,,,,
2017-18,2017-10-26,Carolina,Toronto,6.0,3.0,False,3|1|2,1|2|0,140.0,-160.0,133.0,-153.0,-1.5,6.0,sbro,,,,
2017-18,2017-10-26,Detroit,TampaBay,2.0,3.0,False,1|0|1,1|0|2,190.0,-230.0,175.0,-205.0,-1.5,5.5,sbro,,,,
2017-18,2017-10-26,Philadelphia,Ottawa,4.0,5.0,False,0|2|2,3|1|1,110.0,-130.0,-104.0,-116.0,-1.5,5.5,sbro,,,,
2017-18,2017-10-26,LosAngeles,Montreal,4.0,0.0,False,2|1|1,0|0|0,100.0,-120.0,107.0,-127.0,-1.5,5.5,sbro,,,,
2017-18,2017-10-26,Anaheim,Florida,3.0,8.0,False,1|0|2,3|3|2,-103.0,-117.0,110.0,-130.0,-1.5,5.5,sbro,,,,
2017-18,2017-10-26,NYIslanders,Minnesota,4.0,6.0,False,1|1|2,3|1|2,123.0,-143.0,110.0,-130.0,-1.5,5.5,sbro,,,,
2017-18,2017-10-26,Dallas,Edmonton,4.0,5.0,False,1|2|1,2|1|2,100.0,-120.0,103.0,-123.0,-1.5,6.0,sbro,,,,
2017-18,2017-10-26,Washington,Vancouver,2.0,6.0,False,0|1|1,3|2|1,-153.0,133.0,-132.0,112.0,1.5,5.0,sbro,,,,
2017-18,2017-10-27,Colorado,Vegas,0.0,7.0,False,0|0|0,0|4|3,108.0,-128.0,100.0,-120.0,-1.5,5.5,sbro,,,,
2017-18,2017-10-27,Winnipeg,Columbus,1.0,2.0,False,1|0|0,0|0|1,175.0,-205.0,170.0,-200.0,-1.5,6.0,sbro,,,,
2017-18,2017-10-27,Ottawa,NewJersey,4.0,5.0,False,2|0|2,1|2|1,102.0,-122.0,116.0,-136.0,-1.5,5.5,sbro,,,,
2017-18,2017-10-27,St.Louis,Carolina,2.0,1.0,False,0|1|1,0|1|0,103.0,-123.0,-102.0,-118.0,-1.5,5.5,sbro,,,,
2017-18,2017-10-27,Nashville,Chicago,2.0,1.0,False,0|2|0,1|0|0,110.0,-130.0,110.0,-130.0,-1.5,5.5,sbro,,,,
2017-18,2017-10-27,Dallas,Calgary,2.0,1.0,False,0|1|1,0|1|0,125.0,-145.0,115.0,-135.0,-1.5,6.0,sbro,,,,
2017-18,2017-10-28,SanJose,Buffalo,3.0,2.0,False,1|1|1,0|2|0,-128.0,108.0,-123.0,103.0,1.5,5.5,sbro,,,,
2017-18,2017-10-28,Anaheim,TampaBay,4.0,1.0,False,0|3|1,0|1|0,155.0,-175.0,150.0,-170.0,-1.5,5.5,sbro,,,,
2017-18,2017-10-28,LosAngeles,Boston,2.0,1.0,False,1|0|0,1|0|0,-105.0,-115.0,110.0,-130.0,-1.5,5.5,sbro,,,,
2017-18,2017-10-28,Arizona,NewJersey,3.0,4.0,False,1|2|0,1|1|2,140.0,-160.0,133.0,-153.0,-1.5,6.0,sbro,,,,
2017-18,2017-10-28,Detroit,Florida,3.0,2.0,False,1|1|0,0|2|0,137.0,-157.0,140.0,-160.0,-1.5,5.5,sbro,,,,
2017-18,2017-10-28,Philadelphia,Toronto,4.0,2.0,False,2|2|0,1|1|0,140.0,-160.0,120.0,-140.0,-1.5,6.0,sbro,,,,
2017-18,2017-10-28,NYRangers,Montreal,4.0,5.0,False,0|2|2,3|1|1,118.0,-138.0,130.0,-150.0,-1.5,5.5,sbro,,,,
2017-18,2017-10-28,Pittsburgh,Minnesota,1.0,2.0,False,1|0|0,1|0|1,-118.0,-102.0,-115.0,-105.0,1.5,5.5,sbro,,,,
2017-18,2017-10-28,NYIslanders,Nashville,6.0,2.0,False,1|2|3,0|1|1,113.0,-133.0,107.0,-127.0,-1.5,5.5,sbro,,,,
2017-18,2017-10-28,Columbus,St.Louis,1.0,4.0,False,0|0|1,1|1|2,120.0,-140.0,115.0,-135.0,-1.5,5.5,sbro,,,,
2017-18,2017-10-28,Chicago,Colorado,3.0,6.0,False,0|2|1,3|2|1,-128.0,108.0,-118.0,-102.0,1.5,6.0,sbro,,,,
2017-18,2017-10-28,Washington,Edmonton,5.0,2.0,False,1|1|3,2|0|0,110.0,-130.0,111.0,-131.0,-1.5,5.5,sbro,,,,
2017-18,2017-10-29,Anaheim,Carolina,4.0,3.0,False,2|0|1,1|2|0,127.0,-147.0,145.0,-165.0,-1.5,5.5,sbro,,,,
2017-18,2017-10-29,Pittsburgh,Winnipeg,1.0,7.0,False,0|1|0,5|0|2,-105.0,-115.0,-111.0,-109.0,1.5,6.0,sbro,,,,
2017-18,2017-10-29,Washington,Calgary,1.0,2.0,False,0|0|1,0|1|1,102.0,-122.0,120.0,-140.0,-1.5,5.5,sbro,,,,
2017-18,2017-10-30,Vegas,NYIslanders,3.0,6.0,False,2|0|1,1|2|3,155.0,-175.0,150.0,-170.0,-1.5,5.5,sbro,,,,
2017-18,2017-10-30,Arizona,Philadelphia,4.0,3.0,False,2|0|1,0|0|3,190.0,-220.0,160.0,-180.0,-1.5,6.0,sbro,,,,
2017-18,2017-10-30,Boston,Columbus,3.0,4.0,False,0|1|2,2|1|0,130.0,-150.0,125.0,-145.0,-1.5,5.5,sbro,,,,
2017-18,2017-10-30,Montreal,Ottawa,8.0,3.0,False,4|2|2,2|1|0,108.0,-128.0,-105.0,-115.0,-1.5,5.5,sbro,,,,
2017-18,2017-10-30,TampaBay,Florida,8.0,5.0,False,3|3|2,2|1|2,-127.0,107.0,-115.0,-105.0,1.5,5.5,sbro,,,,
2017-18,2017-10-30,LosAngeles,St.Louis,2.0,4.0,False,0|2|0,0|3|1,107.0,-127.0,116.0,-136.0,-1.5,5.5,sbro,,,,
2017-18,2017-10-30,Dallas,Vancouver,2.0,1.0,False,0|1|0,0|0|1,-117.0,-103.0,-137.0,117.0,1.5,5.0,sbro,,,,
2017-18,2017-10-30,Toronto,SanJose,2.0,3.0,False,1|0|1,0|1|2,-105.0,-115.0,-102.0,-118.0,-1.5,6.0,sbro,,,,
2017-18,2017-10-31,Vegas,NYRangers,4.0,6.0,False,2|2|0,1|1|4,190.0,-230.0,190.0,-230.0,-1.5,6.0,sbro,,,,
2017-18,2017-10-31,Arizona,Detroit,3.0,5.0,False,0|1|2,2|2|1,160.0,-180.0,162.0,-182.0,-1.5,6.0,sbro,,,,
2017-18,2017-10-31,Winnipeg,Minnesota,2.0,1.0,False,1|0|1,0|0|1,120.0,-140.0,125.0,-145.0,-1.5,6.0,sbro,,,,
2017-18,2017-11-01,Philadelphia,Chicago,0.0,3.0,False,0|0|0,0|2|1,118.0,-138.0,130.0,-150.0,-1.5,5.5,sbro,,,,
2017-18,2017-11-01,Pittsburgh,Edmonton,3.0,2.0,False,0|2|1,0|2|0,-102.0,-118.0,-103.0,-117.0,-1.5,6.0,sbro,,,,
2017-18,2017-11-01,NewJersey,Vancouver,2.0,0.0,False,0|1|1,0|0|0,102.0,-122.0,110.0,-130.0,-1.5,5.5,sbro,,,,
2017-18,2017-11-01,Toronto,Anaheim,3.0,1.0,False,1|0|2,1|0|0,-118.0,-102.0,-125.0,105.0,1.5,6.0,sbro,,,,
2017-18,2017-11-01,Nashville,SanJose,1.0,4.0,False,0|1|0,1|2|1,104.0,-124.0,125.0,-145.0,-1.5,5.5,sbro,,,,
2017-18,2017-11-02,Vegas,Boston,1.0,2.0,False,0|1|0,0|1|1,185.0,-215.0,175.0,-205.0,-1.5,6.0,sbro,,,,
2017-18,2017-11-02,NYIslanders,Washington,3.0,4.0,False,1|1|1,2|1|1,135.0,-155.0,115.0,-135.0,-1.5,5.5,sbro,,,,
2017-18,2017-11-02,NYRangers,TampaBay,2.0,1.0,False,1|0|0,0|1|0,150.0,-170.0,150.0,-170.0,-1.5,6.0,sbro,,,,
2017-18,2017-11-02,Columbus,Florida,7.0,3.0,False,2|3|2,1|2|0,-120.0,100.0,-112.0,-108.0,1.5,6.0,sbro,,,,
2017-18,2017-11-02,Detroit,Ottawa,1.0,3.0,False,0|0|1,1|1|1,125.0,-145.0,134.0,-154.0,-1.5,5.5,sbro,,,,
2017-18,2017-11-02,Philadelphia,St.Louis,2.0,0.0,False,0|1|1,0|0|0,155.0,-175.0,165.0,-185.0,-1.5,5.5,sbro,,,,
2017-18,2017-11-02,Montreal,Minnesota,3.0,6.0,False,0|1|2,3|1|2,130.0,-150.0,-102.0,-118.0,-1.5,5.5,sbro,,,,
2017-18,2017-11-02,Dallas,Winnipeg,2.0,5.0,False,1|1|0,3|0|2,100.0,-120.0,-112.0,-108.0,1.5,6.0,sbro,,,,
2017-18,2017-11-02,Pittsburgh,Calgary,1.0,2.0,False,0|0|1,0|0|1,105.0,-125.0,125.0,-145.0,-1.5,6.0,sbro,,,,
2017-18,2017-11-02,Carolina,Colorado,3.0,5.0,False,2|1|0,2|3|0,-120.0,100.0,-130.0,110.0,1.5,5.5,sbro,,,,
2017-18,2017-11-02,Buffalo,Arizona,5.0,4.0,False,1|2|2,1|0|3,-115.0,-105.0,103.0,-123.0,-1.5,5.5,sbro,,,,
2017-18,2017-11-02,Toronto,LosAngeles,3.0,5.0,False,0|2|1,3|2|0,133.0,-153.0,120.0,-140.0,-1.5,6.0,sbro,,,,
2017-18,2017-11-03,NewJersey,Edmonton,3.0,6.0,False,1|1|1,2|2|2,138.0,-158.0,175.0,-205.0,-1.5,5.5,sbro,,,,
2017-18,2017-11-03,Nashville,Anaheim,5.0,3.0,False,2|2|1,0|2|1,-112.0,-108.0,-111.0,-109.0,-1.5,5.0,sbro,,,,
2017-18,2017-11-04,Vegas,Ottawa,5.0,4.0,False,1|2|2,0|2|2,170.0,-200.0,170.0,-200.0,-1.5,6.0,sbro,,,,
2017-18,2017-11-04,Columbus,TampaBay,4.0,5.0,False,2|0|2,2|2|0,120.0,-140.0,112.0,-132.0,-1.5,6.0,sbro,,,,
2017-18,2017-11-04,Colorado,Philadelphia,5.0,4.0,False,1|2|1,0|2|2,140.0,-160.0,155.0,-175.0,-1.5,6.0,sbro,,,,
2017-18,2017-11-04,Washington,Boston,3.0,2.0,False,2|1|0,0|1|1,-105.0,-115.0,107.0,-127.0,-1.5,5.5,sbro,,,,
2017-18,2017-11-04,NYRangers,Florida,5.0,4.0,False,0|2|2,0|2|2,-105.0,-115.0,102.0,-122.0,-1.5,6.0,sbro,,,,
2017-18,2017-11-04,Toronto,St.Louis,4.0,6.0,False,1|0|3,0|3|3,115.0,-135.0,-106.0,-114.0,-1.5,6.0,sbro,,,,
2017-18,2017-11-04,Montreal,Winnipeg,5.0,4.0,False,1|1|2,1|1|2,115.0,-135.0,-101.0,-119.0,-1.5,5.5,sbro,,,,
2017-18,2017-11-04,Buffalo,Dallas,1.0,5.0,False,0|1|0,4|1|0,170.0,-200.0,150.0,-170.0,-1.5,6.0,sbro,,,,
2017-18,2017-11-04,Chicago,Minnesota,2.0,0.0,False,0|0|2,0|0|0,105.0,-125.0,105.0,-125.0,-1.5,5.5,sbro,,,,
2017-18,2017-11-04,Carolina,Arizona,1.0,2.0,False,0|0|1,0|1|0,-140.0,120.0,-144.0,124.0,1.5,6.0,sbro,,,,
2017-18,2017-11-04,Pittsburgh,Vancouver,2.0,4.0,False,1|0|1,1|1|2,-145.0,125.0,-128.0,108.0,1.5,5.5,sbro,,,,
2017-18,2017-11-04,Nashville,LosAngeles,4.0,3.0,False,2|1|0,0|0|3,140.0,-160.0,132.0,-152.0,-1.5,5.5,sbro,,,,
2017-18,2017-11-04,Anaheim,SanJose,1.0,2.0,False,1|0|0,0|0|1,160.0,-180.0,166.0,-186.0,-1.5,5.5,sbro,,,,
2017-18,2017-11-05,Detroit,Edmonton,4.0,0.0,False,2|1|1,0|0|0,180.0,-210.0,185.0,-215.0,-1.5,5.5,sbro,,,,
2017-18,2017-11-05,Colorado,NYIslanders,4.0,6.0,False,0|2|2,2|3|1,170.0,-200.0,190.0,-230.0,-1.5,6.0,sbro,,,,
2017-18,2017-11-05,Montreal,Chicago,2.0,0.0,False,0|0|2,0|0|0,150.0,-170.0,112.0,-132.0,-1.5,6.0,sbro,,,,
2017-18,2017-11-05,NewJersey,Calgary,4.0,5.0,False,1|2|1,1|2|1,150.0,-170.0,170.0,-200.0,-1.5,5.5,sbro,,,,
2017-18,2017-11-06,Arizona,Washington,2.0,3.0,False,2|0|0,1|1|0,195.0,-235.0,190.0,-230.0,-1.5,6.0,sbro,,,,
2017-18,2017-11-06,Minnesota,Boston,3.0,5.0,False,1|0|2,2|2|1,110.0,-130.0,-118.0,-102.0,1.5,5.5,sbro,,,,
2017-18,2017-11-06,Columbus,NYRangers,3.0,5.0,False,0|2|1,0|1|4,-108.0,-112.0,-119.0,-101.0,1.5,6.0,sbro,,,,
2017-18,2017-11-06,Vegas,Toronto,3.0,4.0,False,1|1|1,3|0|0,205.0,-245.0,200.0,-240.0,-1.5,6.5,sbro,,,,
2017-18,2017-11-06,Winnipeg,Dallas,4.0,1.0,False,3|0|1,0|1|0,125.0,-145.0,117.0,-137.0,-1.5,6.0,sbro,,,,
2017-18,2017-11-06,Detroit,Vancouver,3.0,2.0,False,1|1|1,0|0|2,120.0,-140.0,135.0,-155.0,-1.5,5.5,sbro,,,,
2017-18,2017-11-07,Edmonton,NYIslanders,2.0,1.0,False,0|1|0,0|1|0,105.0,-125.0,105.0,-125.0,-1.5,6.0,sbro,,,,
2017-18,2017-11-07,Arizona,Pittsburgh,1.0,3.0,False,0|0|1,2|0|1,205.0,-245.0,240.0,-300.0,-1.5,6.0,sbro,,,,
2017-18,2017-11-07,Florida,Carolina,1.0,3.0,False,0|1|0,0|1|2,125.0,-145.0,121.0,-141.0,-1.5,5.5,sbro,,,,
2017-18,2017-11-07,Washington,Buffalo,1.0,3.0,False,0|1|0,0|1|2,-111.0,-109.0,-116.0,-104.0,1.5,5.5,sbro,,,,
2017-18,2017-11-07,Nashville,Columbus,3.0,1.0,False,0|1|2,0|0|1,105.0,-125.0,100.0,-120.0,-1.5,5.5,sbro,,,,
2017-18,2017-11-07,St.Louis,NewJersey,3.0,1.0,False,0|1|2,1|0|0,-135.0,115.0,-135.0,115.0,1.5,5.5,sbro,,,,
2017-18,2017-11-07,Vegas,Montreal,2.0,3.0,False,1|0|1,2|1|0,170.0,-200.0,205.0,-245.0,-1.5,6.0,sbro,,,,
2017-18,2017-11-07,Vancouver,Calgary,5.0,3.0,False,1|2|2,1|2|0,160.0,-180.0,163.0,-183.0,-1.5,5.5,sbro,,,,
2017-18,2017-11-07,LosAngeles,Anaheim,4.0,3.0,False,1|1|1,2|1|0,-120.0,100.0,-126.0,106.0,1.5,5.5,sbro,,,,
2017-18,2017-11-08,Minnesota,Toronto,2.0,4.0,False,1|0|1,1|1|2,135.0,-155.0,114.0,-134.0,-1.5,6.0,sbro,,,,
2017-18,2017-11-08,Boston,NYRangers,2.0,4.0,False,1|0|1,3|0|1,130.0,-150.0,117.0,-137.0,-1.5,5.5,sbro,,,,
2017-18,2017-11-08,TampaBay,SanJose,5.0,1.0,False,1|3|1,1|0|0,-105.0,-115.0,104.0,-124.0,-1.5,5.5,sbro,,,,
2017-18,2017-11-09,Chicago,Philadelphia,1.0,3.0,False,0|1|0,2|1|0,-103.0,-117.0,104.0,-124.0,-1.5,5.5,sbro,,,,
2017-18,2017-11-09,Edmonton,NewJersey,3.0,2.0,False,0|1|1,1|1|0,-127.0,107.0,-126.0,106.0,1.5,5.5,sbro,,,,
2017-18,2017-11-09,Minnesota,Montreal,3.0,0.0,False,0|0|3,0|0|0,120.0,-140.0,105.0,-125.0,-1.5,5.5,sbro,,,,
2017-18,2017-11-09,Arizona,St.Louis,2.0,3.0,False,0|2|0,0|1|1,200.0,-240.0,195.0,-235.0,-1.5,5.5,sbro,,,,
2017-18,2017-11-09,Detroit,Calgary,3.0,6.0,False,0|3|0,2|3|1,147.0,-167.0,143.0,-163.0,-1.5,5.5,sbro,,,,
2017-18,2017-11-09,Vancouver,Anaheim,1.0,4.0,False,1|0|0,1|1|2,128.0,-148.0,109.0,-129.0,-1.5,5.5,sbro,,,,
2017-18,2017-11-09,TampaBay,LosAngeles,5.0,2.0,False,4|0|1,0|1|1,120.0,-140.0,110.0,-130.0,-1.5,5.5,sbro,,,,
2017-18,2017-11-10,Ottawa,Colorado,4.0,3.0,False,2|1|0,1|1|1,-125.0,105.0,-148.0,128.0,1.5,6.0,sbro,,,,
2017-18,2017-11-10,Carolina,Columbus,3.0,1.0,False,0|1|2,1|0|0,135.0,-155.0,145.0,-165.0,-1.5,5.5,sbro,,,,
2017-18,2017-11-10,Pittsburgh,Washington,1.0,4.0,False,0|1|0,1|1|2,110.0,-130.0,-120.0,100.0,1.5,5.5,sbro,,,,
2017-18,2017-11-10,Boston,Toronto,2.0,3.0,False,0|1|1,0|1|1,137.0,-157.0,118.0,-138.0,-1.5,6.0,sbro,,,,
2017-18,2017-11-10,Florida,Buffalo,4.0,1.0,False,0|1|3,1|0|0,105.0,-125.0,-105.0,-115.0,-1.5,5.5,sbro,,,,
2017-18,2017-11-10,NYIslanders,Dallas,0.0,5.0,False,0|0|0,3|2|0,120.0,-140.0,117.0,-137.0,-1.5,6.0,sbro,,,,
2017-18,2017-11-10,Winnipeg,Vegas,2.0,5.0,False,1|1|0,2|3|0,-145.0,125.0,-130.0,110.0,1.5,6.0,sbro,,,,
2017-18,2017-11-11,Edmonton,NYRangers,2.0,4.0,False,1|1|0,1|2|1,108.0,-128.0,-102.0,-118.0,-1.5,6.0,sbro,,,,
2017-18,2017-11-11,Colorado,Ottawa,3.0,4.0,False,1|2|0,0|2|2,113.0,-133.0,120.0,-140.0,-1.5,6.0,sbro,,,,
2017-18,2017-11-11,Columbus,Detroit,2.0,1.0,False,1|0|0,0|0|1,-115.0,-105.0,-129.0,109.0,1.5,5.5,sbro,,,,
2017-18,2017-11-11,Chicago,Carolina,4.0,3.0,False,0|1|2,2|1|0,108.0,-128.0,123.0,-143.0,-1.5,5.5,sbro,,,,
2017-18,2017-11-11,Florida,NewJersey,1.0,2.0,False,0|1|0,1|1|0,118.0,-138.0,110.0,-130.0,-1.5,6.0,sbro,,,,
2017-18,2017-11-11,Buffalo,Montreal,1.0,2.0,False,1|0|0,0|0|1,160.0,-180.0,195.0,-235.0,-1.5,5.5,sbro,,,,
2017-18,2017-11-11,Toronto,Boston,4.0,1.0,False,2|0|2,1|0|0,120.0,-140.0,125.0,-145.0,-1.5,6.0,sbro,,,,
2017-18,2017-11-11,Minnesota,Philadelphia,1.0,0.0,False,0|0|1,0|0|0,102.0,-122.0,110.0,-130.0,-1.5,5.0,sbro,,,,
2017-18,2017-11-11,NYIslanders,St.Louis,5.0,2.0,False,3|1|1,0|1|1,155.0,-175.0,148.0,-168.0,-1.5,5.5,sbro,,,,
2017-18,2017-11-11,Pittsburgh,Nashville,4.0,5.0,False,1|1|2,0|3|1,135.0,-155.0,125.0,-145.0,-1.5,6.0,sbro,,,,
2017-18,2017-11-11,Winnipeg,Arizona,4.0,1.0,False,0|1|3,1|0|0,-135.0,115.0,-115.0,-105.0,1.5,5.5,sbro,,,,
2017-18,2017-11-11,Vancouver,SanJose,0.0,5.0,False,0|0|0,1|1|3,160.0,-180.0,170.0,-200.0,-1.5,5.5,sbro,,,,
2017-18,2017-11-12,Edmonton,Washington,1.0,2.0,False,0|0|1,0|0|1,148.0,-168.0,138.0,-158.0,-1.5,5.5,sbro,,,,
2017-18,2017-11-12,NewJersey,Chicago,7.0,5.0,False,2|4|1,4|1|0,165.0,-185.0,173.0,-203.0,-1.5,6.0,sbro,,,,
2017-18,2017-11-12,TampaBay,Anaheim,2.0,1.0,False,0|1|1,0|0|1,-148.0,128.0,-151.0,131.0,1.5,6.0,sbro,,,,
2017-18,2017-11-12,SanJose,LosAngeles,2.0,1.0,False,0|0|2,1|0|0,128.0,-148.0,120.0,-140.0,-1.5,5.5,sbro,,,,
2017-18,2017-11-13,Dallas,Carolina,1.0,5.0,False,0|1|0,1|0|4,102.0,-122.0,110.0,-130.0,-1.5,5.5,sbro,,,,
2017-18,2017-11-13,St.Louis,Calgary,4.0,7.0,False,2|0|2,2|0|5,-105.0,-115.0,-112.0,-108.0,-1.5,5.5,sbro,,,,
2017-18,2017-11-14,Buffalo,Pittsburgh,4.0,5.0,False,2|2|0,1|2|1,190.0,-230.0,195.0,-235.0,-1.5,5.5,sbro,,,,
2017-18,2017-11-14,Columbus,Montreal,2.0,1.0,False,1|0|0,0|0|1,-105.0,-115.0,-105.0,-115.0,-1.5,5.5,sbro,,,,
2017-18,2017-11-14,Dallas,Florida,3.0,4.0,False,1|2|0,2|0|1,110.0,-130.0,110.0,-130.0,-1.5,6.0,sbro,,,,
2017-18,2017-11-14,Arizona,Winnipeg,1.0,4.0,False,0|0|1,1|3|0,175.0,-205.0,170.0,-200.0,-1.5,5.5,sbro,,,,
2017-18,2017-11-14,Washington,Nashville,3.0,6.0,False,0|3|0,2|4|0,120.0,-140.0,122.0,-142.0,-1.5,5.0,sbro,,,,
2017-18,2017-11-14,Philadelphia,Minnesota,0.0,3.0,False,0|0|0,1|0|2,125.0,-145.0,130.0,-150.0,-1.5,5.0,sbro,,,,
2017-18,2017-11-14,Vegas,Edmonton,2.0,8.0,False,0|1|1,3|1|4,170.0,-200.0,162.0,-182.0,-1.5,6.0,sbro,,,,
2017-18,2017-11-14,Vancouver,LosAngeles,3.0,2.0,False,0|2|1,2|0|0,170.0,-200.0,158.0,-178.0,-1.5,5.5,sbro,,,,
2017-18,2017-11-15,Calgary,Detroit,2.0,8.0,False,1|1|0,4|2|2,-105.0,-115.0,-107.0,-113.0,-1.5,5.5,sbro,,,,
2017-18,2017-11-15,NYRangers,Chicago,3.0,6.0,False,1|0|2,0|1|5,113.0,-133.0,115.0,-135.0,-1.5,6.0,sbro,,,,
2017-18,2017-11-15,Boston,Anaheim,2.0,4.0,False,0|1|1,1|2|1,108.0,-128.0,-106.0,-114.0,-1.5,5.0,sbro,,,,
2017-18,2017-11-16,NewJersey,Toronto,0.0,1.0,False,0|0|0,0|0|0,155.0,-175.0,143.0,-163.0,-1.5,6.0,sbro,,,,
2017-18,2017-11-16,Carolina,NYIslanders,4.0,6.0,False,1|3|0,3|0|3,108.0,-128.0,-108.0,-112.0,-1.5,5.5,sbro,,,,
2017-18,2017-11-16,Pittsburgh,Ottawa,3.0,1.0,False,0|2|1,0|0|1,-115.0,-105.0,-120.0,100.0,1.5,6.0,sbro,,,,
2017-18,2017-11-16,Arizona,Montreal,5.0,4.0,False,0|3|2,2|2|0,165.0,-185.0,173.0,-203.0,-1.5,5.5,sbro,,,,
2017-18,2017-11-16,Dallas,TampaBay,1.0,6.0,False,0|1|0,0|3|3,147.0,-167.0,158.0,-178.0,-1.5,6.0,sbro,,,,
2017-18,2017-11-16,Philadelphia,Winnipeg,2.0,3.0,False,2|0|0,0|1|1,118.0,-138.0,-101.0,-119.0,-1.5,5.5,sbro,,,,
2017-18,2017-11-16,Nashville,Minnesota,4.0,6.0,False,1|2|1,0|2|4,108.0,-128.0,122.0,-142.0,-1.5,5.0,sbro,,,,
2017-18,2017-11-16,St.Louis,Edmonton,4.0,1.0,False,1|1|2,1|0|0,105.0,-125.0,110.0,-130.0,-1.5,5.5,sbro,,,,
2017-18,2017-11-16,Washington,Colorado,2.0,6.0,False,0|1|1,2|1|3,-133.0,113.0,-130.0,110.0,1.5,6.0,sbro,,,,
2017-18,2017-11-16,Vegas,Vancouver,5.0,2.0,False,2|0|3,0|2|0,143.0,-163.0,130.0,-150.0,-1.5,6.0,sbro,,,,
2017-18,2017-11-16,Florida,SanJose,2.0,0.0,False,0|1|1,0|0|0,137.0,-157.0,145.0,-165.0,-1.5,5.5,sbro,,,,
2017-18,2017-11-16,Boston,LosAngeles,2.0,1.0,False,1|1|0,0|1|0,155.0,-175.0,165.0,-185.0,-1.5,5.5,sbro,,,,
2017-18,2017-11-17,NYRangers,Columbus,0.0,2.0,False,0|0|0,0|1|1,113.0,-133.0,127.0,-147.0,-1.5,6.0,sbro,,,,
2017-18,2017-11-17,Buffalo,Detroit,1.0,3.0,False,0|0|1,0|1|2,140.0,-160.0,116.0,-136.0,-1.5,5.5,sbro,,,,
2017-18,2017-11-18,Calgary,Philadelphia,5.0,4.0,False,1|3|0,3|1|0,113.0,-133.0,123.0,-143.0,-1.5,5.5,sbro,,,,
2017-18,2017-11-18,Arizona,Ottawa,3.0,2.0,False,1|0|1,1|1|0,170.0,-200.0,162.0,-182.0,-1.5,5.5,sbro,,,,
2017-18,2017-11-18,Edmonton,Dallas,3.0,6.0,False,2|1|0,2|2|2,103.0,-123.0,-113.0,-107.0,1.5,5.5,sbro,,,,
2017-18,2017-11-18,NewJersey,Winnipeg,2.0,5.0,False,0|1|1,0|5|0,140.0,-160.0,140.0,-160.0,-1.5,5.5,sbro,,,,
2017-18,2017-11-18,Florida,LosAngeles,0.0,4.0,False,0|0|0,1|0|3,123.0,-143.0,108.0,-128.0,-1.5,5.5,sbro,,,,
2017-18,2017-11-18,Chicago,Pittsburgh,2.0,1.0,False,1|0|1,0|0|1,133.0,-153.0,128.0,-148.0,-1.5,6.0,sbro,,,,
2017-18,2017-11-18,NYIslanders,TampaBay,5.0,3.0,False,2|1|2,0|0|3,166.0,-186.0,157.0,-177.0,-1.5,6.0,sbro,,,,
2017-18,2017-11-18,Carolina,Buffalo,3.0,1.0,False,0|1|2,0|0|1,-160.0,140.0,-155.0,135.0,1.5,5.5,sbro,,,,
2017-18,2017-11-18,Toronto,Montreal,6.0,0.0,False,0|2|4,0|0|0,-115.0,-105.0,-105.0,-115.0,-1.5,6.0,sbro,,,,
2017-18,2017-11-18,Minnesota,Washington,1.0,3.0,False,1|0|0,2|0|1,116.0,-136.0,107.0,-127.0,-1.5,5.5,sbro,,,,
2017-18,2017-11-18,Colorado,Nashville,2.0,5.0,False,0|0|2,1|2|2,184.0,-214.0,185.0,-215.0,-1.5,6.0,sbro,,,,
2017-18,2017-11-18,St.Louis,Vancouver,4.0,3.0,False,1|1|1,1|2|0,-144.0,124.0,-129.0,109.0,1.5,5.5,sbro,,,,
2017-18,2017-11-18,Boston,SanJose,3.0,1.0,False,2|0|1,1|0|0,133.0,-153.0,139.0,-159.0,-1.5,5.5,sbro,,,,
2017-18,2017-11-19,NYIslanders,Carolina,2.0,4.0,False,1|0|1,3|1|0,123.0,-143.0,108.0,-128.0,-1.5,6.0,sbro,,,,
2017-18,2017-11-19,Colorado,Detroit,4.0,3.0,False,1|0|2,1|1|1,143.0,-163.0,175.0,-205.0,-1.5,6.0,sbro,,,,
2017-18,2017-11-19,Ottawa,NYRangers,0.0,3.0,False,0|0|0,0|1|2,118.0,-138.0,134.0,-154.0,-1.5,6.0,sbro,,,,
2017-18,2017-11-19,Florida,Anaheim,2.0,3.0,False,0|1|1,1|1|1,118.0,-138.0,115.0,-135.0,-1.5,5.5,sbro,,,,
2017-18,2017-11-19,LosAngeles,Vegas,2.0,4.0,False,0|1|1,3|0|1,-132.0,112.0,-108.0,-112.0,-1.5,6.0,sbro,,,,
2017-18,2017-11-20,Arizona,Toronto,4.0,1.0,False,1|1|2,0|1|0,185.0,-215.0,200.0,-240.0,-1.5,6.0,sbro,,,,
2017-18,2017-11-20,Calgary,Washington,4.0,1.0,False,1|1|2,1|0|0,120.0,-140.0,120.0,-140.0,-1.5,5.5,sbro,,,,
2017-18,2017-11-20,Columbus,Buffalo,3.0,2.0,False,0|1|2,0|0|2,-155.0,135.0,-165.0,145.0,1.5,5.5,sbro,,,,
2017-18,2017-11-20,Winnipeg,Nashville,3.0,5.0,False,1|0|2,1|3|1,120.0,-140.0,120.0,-140.0,-1.5,5.5,sbro,,,,
2017-18,2017-11-20,NewJersey,Minnesota,4.0,3.0,False,1|1|1,0|1|2,145.0,-165.0,170.0,-200.0,-1.5,5.5,sbro,,,,
2017-18,2017-11-20,Anaheim,SanJose,3.0,2.0,False,0|2|0,1|0|1,170.0,-200.0,170.0,-200.0,-1.5,5.5,sbro,,,,
2017-18,2017-11-21,Vancouver,Philadelphia,5.0,2.0,False,2|2|1,1|0|1,150.0,-170.0,153.0,-173.0,-1.5,5.0,sbro,,,,
2017-18,2017-11-21,Edmonton,St.Louis,3.0,8.0,False,0|0|3,2|2|4,125.0,-145.0,123.0,-143.0,-1.5,5.5,sbro,,,,
2017-18,2017-11-21,Montreal,Dallas,1.0,3.0,False,0|1|0,0|2|1,130.0,-150.0,140.0,-160.0,-1.5,5.5,sbro,,,,
2017-18,2017-11-22,Calgary,Columbus,0.0,1.0,False,0|0|0,0|0|0,135.0,-155.0,135.0,-155.0,-1.5,5.5,sbro,,,,
2017-18,2017-11-22,Minnesota,Buffalo,5.0,4.0,False,3|2|0,1|2|1,-160.0,140.0,-153.0,133.0,1.5,5.5,sbro,,,,
2017-18,2017-11-22,Ottawa,Washington,2.0,5.0,False,0|1|1,2|2|1,120.0,-140.0,118.0,-138.0,-1.5,5.5,sbro,,,,
2017-18,2017-11-22,Toronto,Florida,1.0,2.0,False,0|0|1,0|1|0,-127.0,107.0,-120.0,100.0,1.5,6.0,sbro,,,,
2017-18,2017-11-22,Philadelphia,NYIslanders,3.0,4.0,False,1|2|0,1|2|0,113.0,-133.0,138.0,-158.0,-1.5,6.0,sbro,,,,
2017-18,2017-11-22,Boston,NewJersey,3.0,2.0,False,2|0|0,1|0|1,102.0,-122.0,-106.0,-114.0,-1.5,5.5,sbro,,,,
2017-18,2017-11-22,NYRangers,Carolina,6.0,1.0,False,3|0|3,1|0|0,108.0,-128.0,130.0,-150.0,-1.5,6.0,sbro,,,,
2017-18,2017-11-22,Edmonton,Detroit,6.0,2.0,False,2|3|1,2|0|0,-108.0,-112.0,105.0,-125.0,-1.5,5.5,sbro,,,,
2017-18,2017-11-22,Vancouver,Pittsburgh,5.0,2.0,False,2|2|1,1|0|1,190.0,-230.0,175.0,-205.0,-1.5,5.5,sbro,,,,
2017-18,2017-11-22,Chicago,TampaBay,2.0,3.0,False,2|0|0,0|1|1,145.0,-165.0,136.0,-156.0,-1.5,6.0,sbro,,,,
2017-18,2017-11-22,Montreal,Nashville,2.0,3.0,False,1|0|1,1|0|1,185.0,-215.0,180.0,-210.0,-1.5,6.0,sbro,,,,
2017-18,2017-11-22,SanJose,Arizona,3.0,1.0,False,1|1|1,0|0|1,-130.0,110.0,-135.0,115.0,1.5,5.5,sbro,,,,
2017-18,2017-11-22,Dallas,Colorado,0.0,3.0,False,0|0|0,0|2|1,-117.0,-103.0,-120.0,100.0,1.5,6.0,sbro,,,,
2017-18,2017-11-22,Winnipeg,LosAngeles,2.0,1.0,False,1|1|0,0|0|1,117.0,-137.0,110.0,-130.0,-1.5,5.5,sbro,,,,
2017-18,2017-11-22,Vegas,Anaheim,4.0,2.0,False,0|1|3,1|1|0,137.0,-157.0,128.0,-148.0,-1.5,6.0,sbro,,,,
2017-18,2017-11-24,Pittsburgh,Boston,3.0,4.0,False,0|3|0,2|1|1,-112.0,-108.0,-126.0,106.0,1.5,5.5,sbro,,,,
2017-18,2017-11-24,NYIslanders,Philadelphia,5.0,4.0,False,1|1|2,0|4|0,112.0,-132.0,-101.0,-119.0,-1.5,5.5,sbro,,,,
2017-18,2017-11-24,Winnipeg,Anaheim,4.0,1.0,False,2|1|1,0|1|0,-103.0,-117.0,-118.0,-102.0,1.5,5.5,sbro,,,,
2017-18,2017-11-24,Colorado,Minnesota,2.0,3.0,False,2|0|0,1|1|0,185.0,-215.0,185.0,-215.0,-1.5,5.5,sbro,,,,
2017-18,2017-11-24,TampaBay,Washington,1.0,3.0,False,1|0|0,1|1|1,-120.0,100.0,-155.0,135.0,1.5,6.0,sbro,,,,
2017-18,2017-11-24,SanJose,Vegas,4.0,5.0,False,1|3|0,2|2|0,-105.0,-115.0,-115.0,-105.0,1.5,5.5,sbro,,,,
2017-18,2017-11-24,Detroit,NYRangers,1.0,2.0,False,0|0|1,0|0|1,147.0,-167.0,148.0,-168.0,-1.5,6.0,sbro,,,,
2017-18,2017-11-24,Vancouver,NewJersey,2.0,3.0,False,0|1|1,0|3|0,113.0,-133.0,115.0,-135.0,-1.5,5.5,sbro,,,,
2017-18,2017-11-24,Edmonton,Buffalo,1.0,3.0,False,0|0|1,0|1|2,-160.0,140.0,-117.0,-103.0,1.5,5.5,sbro,,,,
2017-18,2017-11-24,Ottawa,Columbus,2.0,5.0,False,1|1|0,1|1|3,140.0,-160.0,150.0,-170.0,-1.5,5.5,sbro,,,,
2017-18,2017-11-24,Toronto,Carolina,5.0,4.0,False,0|4|1,0|1|3,-108.0,-112.0,-116.0,-104.0,1.5,6.0,sbro,,,,
2017-18,2017-11-24,Nashville,St.Louis,2.0,0.0,False,1|0|1,0|0|0,118.0,-138.0,122.0,-142.0,-1.5,5.5,sbro,,,,
2017-18,2017-11-24,LosAngeles,Arizona,2.0,3.0,False,0|1|1,1|1|0,-143.0,123.0,-121.0,101.0,1.5,5.5,sbro,,,,
2017-18,2017-11-24,Calgary,Dallas,4.0,6.0,False,0|3|1,1|2|3,115.0,-135.0,107.0,-127.0,-1.5,6.0,sbro,,,,
2017-18,2017-11-25,TampaBay,Pittsburgh,2.0,5.0,False,0|1|1,3|1|1,-107.0,-113.0,-128.0,108.0,1.5,6.0,sbro,,,,
2017-18,2017-11-25,Washington,Toronto,4.0,2.0,False,2|1|1,0|0|2,100.0,-120.0,107.0,-127.0,-1.5,5.5,sbro,,,,
2017-18,2017-11-25,Chicago,Florida,4.0,1.0,False,2|2|0,0|1|0,-103.0,-117.0,-107.0,-113.0,-1.5,5.5,sbro,,,,
2017-18,2017-11-25,Buffalo,Montreal,0.0,3.0,False,0|0|0,1|1|1,149.0,-169.0,175.0,-205.0,-1.5,5.5,sbro,,,,
2017-18,2017-11-25,NYIslanders,Ottawa,2.0,1.0,False,0|1|1,0|0|1,-106.0,-114.0,-105.0,-115.0,-1.5,5.5,sbro,,,,
2017-18,2017-11-25,NewJersey,Detroit,4.0,3.0,False,2|0|1,1|0|2,-103.0,-117.0,110.0,-130.0,-1.5,5.5,sbro,,,,
2017-18,2017-11-25,Minnesota,St.Louis,3.0,6.0,False,0|1|2,3|0|3,119.0,-139.0,117.0,-137.0,-1.5,5.5,sbro,,,,
2017-18,2017-11-25,Vegas,Arizona,4.0,2.0,False,0|3|1,0|0|2,-123.0,103.0,-123.0,103.0,1.5,5.5,sbro,,,,
2017-18,2017-11-25,Calgary,Colorado,3.0,2.0,False,1|2|0,0|1|1,-108.0,-112.0,-111.0,-109.0,-1.5,6.0,sbro,,,,
2017-18,2017-11-25,Winnipeg,SanJose,0.0,4.0,False,0|0|0,2|1|1,118.0,-138.0,113.0,-133.0,-1.5,5.5,sbro,,,,
2017-18,2017-11-25,Anaheim,LosAngeles,1.0,2.0,False,1|0|0,0|0|1,125.0,-145.0,135.0,-155.0,-1.5,5.5,sbro,,,,
2017-18,2017-11-26,Nashville,Carolina,3.0,4.0,False,1|1|1,1|1|1,-111.0,-109.0,128.0,-148.0,-1.5,5.5,sbro,,,,
2017-18,2017-11-26,Vancouver,NYRangers,3.0,4.0,False,1|1|1,0|1|2,150.0,-170.0,135.0,-155.0,-1.5,5.5,sbro,,,,
2017-18,2017-11-26,Edmonton,Boston,4.0,2.0,False,0|2|2,1|1|0,115.0,-135.0,110.0,-130.0,-1.5,5.5,sbro,,,,
2017-18,2017-11-27,Florida,NewJersey,3.0,2.0,False,0|1|2,0|0|2,113.0,-133.0,105.0,-125.0,-1.5,5.5,sbro,,,,
2017-18,2017-11-27,Philadelphia,Pittsburgh,4.0,5.0,False,0|3|1,1|0|3,150.0,-170.0,125.0,-145.0,-1.5,6.0,sbro,,,,
2017-18,2017-11-27,Columbus,Montreal,1.0,3.0,False,0|1|0,2|0|1,-113.0,-107.0,-119.0,-101.0,1.5,5.0,sbro,,,,
2017-18,2017-11-27,Minnesota,Winnipeg,2.0,7.0,False,2|0|0,2|2|3,113.0,-133.0,115.0,-135.0,-1.5,5.5,sbro,,,,
2017-18,2017-11-27,Anaheim,Chicago,3.0,7.0,False,0|2|1,3|3|1,155.0,-175.0,172.0,-202.0,-1.5,5.5,sbro,,,,
2017-18,2017-11-28,SanJose,Philadelphia,3.0,1.0,False,2|1|0,1|0|0,-115.0,-105.0,-112.0,-108.0,1.5,5.5,sbro,,,,
2017-18,2017-11-28,Vancouver,NYIslanders,2.0,5.0,False,1|1|0,3|1|1,150.0,-170.0,147.0,-167.0,-1.5,5.5,sbro,,,,
2017-18,2017-11-28,Florida,NYRangers,5.0,4.0,False,3|1|1,0|3|1,162.0,-182.0,143.0,-163.0,-1.5,6.0,sbro,,,,
2017-18,2017-11-28,TampaBay,Buffalo,2.0,0.0,False,1|1|0,0|0|0,-185.0,165.0,-180.0,160.0,1.5,5.5,sbro,,,,
2017-18,2017-11-28,Carolina,Columbus,2.0,3.0,False,1|0|1,1|1|0,118.0,-138.0,-105.0,-115.0,-1.5,5.5,sbro,,,,
2017-18,2017-11-28,LosAngeles,Detroit,4.0,1.0,False,0|2|2,1|0|0,-112.0,-108.0,-109.0,-111.0,-1.5,5.5,sbro,,,,
2017-18,2017-11-28,Chicago,Nashville,2.0,3.0,False,1|0|1,1|1|1,125.0,-145.0,143.0,-163.0,-1.5,6.0,sbro,,,,
2017-18,2017-11-28,Toronto,Calgary,4.0,1.0,False,1|1|2,0|0|1,-105.0,-115.0,103.0,-123.0,-1.5,6.5,sbro,,,,
2017-18,2017-11-28,Arizona,Edmonton,2.0,3.0,False,1|1|0,1|0|1,165.0,-185.0,175.0,-205.0,-1.5,5.5,sbro,,,,
2017-18,2017-11-28,Dallas,Vegas,3.0,0.0,False,0|3|0,0|0|0,-105.0,-115.0,105.0,-125.0,-1.5,6.0,sbro,,,,
2017-18,2017-11-29,Ottawa,Montreal,1.0,2.0,False,1|0|0,0|2|0,115.0,-135.0,125.0,-145.0,-1.5,5.5,sbro,,,,
2017-18,2017-11-29,TampaBay,Boston,2.0,3.0,False,0|1|1,2|1|0,-123.0,103.0,-109.0,-111.0,-1.5,5.5,sbro,,,,
2017-18,2017-11-29,Anaheim,St.Louis,3.0,2.0,False,1|2|0,0|0|2,185.0,-215.0,195.0,-235.0,-1.5,5.5,sbro,,,,
2017-18,2017-11-29,Winnipeg,Colorado,2.0,3.0,False,1|0|1,1|0|1,-130.0,110.0,-123.0,103.0,1.5,5.5,sbro,,,,
2017-18,2017-11-30,LosAngeles,Washington,5.0,2.0,False,1|2|2,1|1|0,113.0,-133.0,115.0,-135.0,-1.5,5.5,sbro,,,,
2017-18,2017-11-30,Montreal,Detroit,6.0,3.0,False,1|3|2,2|0|1,100.0,-120.0,106.0,-126.0,-1.5,5.5,sbro,,,,
2017-18,2017-11-30,Vancouver,Nashville,5.0,3.0,False,0|2|3,0|3|0,170.0,-200.0,160.0,-180.0,-1.5,5.5,sbro,,,,
2017-18,2017-11-30,Vegas,Minnesota,2.0,4.0,False,0|0|2,0|1|3,153.0,-173.0,137.0,-157.0,-1.5,5.5,sbro,,,,
2017-18,2017-11-30,Dallas,Chicago,4.0,3.0,False,2|1|0,1|1|1,123.0,-143.0,130.0,-150.0,-1.5,5.5,sbro,,,,
2017-18,2017-11-30,Arizona,Calgary,0.0,3.0,False,0|0|0,0|1|2,185.0,-215.0,161.0,-181.0,-1.5,6.0,sbro,,,,
2017-18,2017-11-30,Toronto,Edmonton,6.0,4.0,False,3|1|2,1|2|1,-105.0,-115.0,-121.0,101.0,1.5,6.0,sbro,,,,
2017-18,2017-12-01,Anaheim,Columbus,2.0,4.0,False,1|1|0,1|1|2,185.0,-215.0,185.0,-215.0,-1.5,5.5,sbro,,,,
2017-18,2017-12-01,Ottawa,NYIslanders,6.0,5.0,False,3|2|1,2|3|0,127.0,-147.0,128.0,-148.0,-1.5,5.5,sbro,,,,
2017-18,2017-12-01,Carolina,NYRangers,1.0,5.0,False,1|0|0,0|2|3,118.0,-138.0,100.0,-120.0,-1.5,6.0,sbro,,,,
2017-18,2017-12-01,Pittsburgh,Buffalo,4.0,0.0,False,3|1|0,0|0|0,-170.0,150.0,-145.0,125.0,1.5,5.5,sbro,,,,
2017-18,2017-12-01,SanJose,Florida,2.0,1.0,False,0|1|1,1|0|0,-108.0,-112.0,-103.0,-117.0,-1.5,5.5,sbro,,,,
2017-18,2017-12-01,LosAngeles,St.Louis,4.0,1.0,False,2|1|1,0|1|0,138.0,-158.0,180.0,-210.0,-1.5,5.5,sbro,,,,
2017-18,2017-12-01,Vegas,Winnipeg,4.0,7.0,False,2|0|2,1|1|5,163.0,-183.0,180.0,-210.0,-1.5,6.0,sbro,,,,
2017-18,2017-12-01,NewJersey,Colorado,2.0,1.0,False,0|1|1,0|1|0,-113.0,-107.0,-106.0,-114.0,-1.5,5.5,sbro,,,,
2017-18,2017-12-02,Boston,Philadelphia,3.0,0.0,False,1|2|0,0|0|0,-108.0,-112.0,100.0,-120.0,-1.5,5.5,sbro,,,,
2017-18,2017-12-02,St.Louis,Minnesota,1.0,2.0,False,0|1|0,1|0|0,103.0,-123.0,108.0,-128.0,-1.5,5.5,sbro,,,,
2017-18,2017-12-02,Columbus,Washington,3.0,4.0,False,0|2|1,2|1|1,113.0,-133.0,102.0,-122.0,-1.5,5.0,sbro,,,,
2017-18,2017-12-02,Buffalo,Pittsburgh,1.0,5.0,False,0|0|1,1|2|2,195.0,-235.0,195.0,-235.0,-1.5,6.0,sbro,,,,
2017-18,2017-12-02,Toronto,Vancouver,1.0,2.0,False,0|0|1,2|0|0,-142.0,122.0,-147.0,127.0,1.5,6.0,sbro,,,,
2017-18,2017-12-02,SanJose,TampaBay,2.0,5.0,False,1|0|1,0|1|4,150.0,-170.0,170.0,-200.0,-1.5,5.5,sbro,,,,
2017-18,2017-12-02,Detroit,Montreal,1.0,10.0,False,0|0|1,2|4|4,145.0,-165.0,160.0,-180.0,-1.5,5.5,sbro,,,,
2017-18,2017-12-02,Anaheim,Nashville,2.0,3.0,False,0|1|1,0|1|1,200.0,-240.0,200.0,-240.0,-1.5,5.5,sbro,,,,
2017-18,2017-12-02,NewJersey,Arizona,0.0,5.0,False,0|0|0,2|1|2,-113.0,-107.0,112.0,-132.0,-1.5,5.5,sbro,,,,
2017-18,2017-12-02,Florida,Carolina,2.0,3.0,False,0|0|2,1|0|1,133.0,-153.0,125.0,-145.0,-1.5,5.5,sbro,,,,
2017-18,2017-12-02,Chicago,Dallas,2.0,3.0,False,1|1|0,1|1|0,102.0,-122.0,125.0,-145.0,-1.5,6.0,sbro,,,,
2017-18,2017-12-02,Edmonton,Calgary,7.0,5.0,False,3|2|2,1|0|4,123.0,-143.0,126.0,-146.0,-1.5,6.0,sbro,,,,
2017-18,2017-12-03,LosAngeles,Chicago,3.0,1.0,False,0|0|3,0|0|1,-133.0,113.0,-102.0,-118.0,-1.5,5.5,sbro,,,,
2017-18,2017-12-03,Ottawa,Winnipeg,0.0,5.0,False,0|0|0,2|3|0,135.0,-155.0,150.0,-170.0,-1.5,5.5,sbro,,,,
2017-18,2017-12-03,Arizona,Vegas,2.0,3.0,False,0|1|1,0|1|1,133.0,-153.0,157.0,-177.0,-1.5,6.0,sbro,,,,
2017-18,2017-12-03,Dallas,Colorado,7.0,2.0,False,2|2|3,0|2|0,-107.0,-113.0,-106.0,-114.0,-1.5,5.5,sbro,,,,
2017-18,2017-12-04,SanJose,Washington,1.0,4.0,False,0|1|0,1|2|1,118.0,-138.0,-106.0,-114.0,-1.5,5.5,sbro,,,,
2017-18,2017-12-04,NYIslanders,Florida,5.0,4.0,False,1|3|0,1|2|1,-113.0,-107.0,-120.0,100.0,1.5,5.5,sbro,,,,
2017-18,2017-12-04,Boston,Nashville,3.0,5.0,False,0|1|2,2|2|1,118.0,-138.0,102.0,-122.0,-1.5,5.5,sbro,,,,
2017-18,2017-12-04,Philadelphia,Calgary,5.0,2.0,False,1|3|1,1|1|0,138.0,-158.0,130.0,-150.0,-1.5,5.5,sbro,,,,
2017-18,2017-12-05,NewJersey,Columbus,4.0,1.0,False,1|2|1,1|0|0,165.0,-185.0,175.0,-205.0,-1.5,5.0,sbro,,,,
2017-18,2017-12-05,NYIslanders,TampaBay,2.0,6.0,False,0|2|0,2|3|1,160.0,-180.0,170.0,-200.0,-1.5,6.0,sbro,,,,
2017-18,2017-12-05,NYRangers,Pittsburgh,4.0,3.0,False,1|2|1,1|1|1,130.0,-150.0,155.0,-175.0,-1.5,6.5,sbro,,,,
2017-18,2017-12-05,St.Louis,Montreal,4.0,3.0,False,1|2|1,1|1|1,100.0,-120.0,-107.0,-113.0,-1.5,5.5,sbro,,,,
2017-18,2017-12-05,Winnipeg,Detroit,1.0,5.0,False,0|1|0,2|0|3,-140.0,120.0,-142.0,122.0,1.5,5.5,sbro,,,,
2017-18,2017-12-05,Nashville,Dallas,5.0,2.0,False,1|4|0,0|0|2,115.0,-135.0,145.0,-165.0,-1.5,6.0,sbro,,,,
2017-18,2017-12-05,Buffalo,Colorado,4.0,2.0,False,0|2|2,0|1|1,135.0,-155.0,115.0,-135.0,-1.5,5.0,sbro,,,,
2017-18,2017-12-05,Carolina,Vancouver,0.0,3.0,False,0|0|0,0|2|1,-105.0,-115.0,-123.0,103.0,1.5,5.5,sbro,,,,
2017-18,2017-12-05,Anaheim,Vegas,3.0,4.0,False,0|3|0,2|0|1,130.0,-150.0,133.0,-153.0,-1.5,5.5,sbro,,,,
2017-18,2017-12-05,Minnesota,LosAngeles,2.0,5.0,False,0|2|0,0|1|4,125.0,-145.0,110.0,-130.0,-1.5,5.5,sbro,,,,
2017-18,2017-12-06,Calgary,Toronto,1.0,2.0,False,1|0|0,0|1|0,130.0,-150.0,139.0,-159.0,-1.5,6.0,sbro,,,,
2017-18,2017-12-06,Chicago,Washington,2.0,6.0,False,1|0|1,3|1|2,130.0,-150.0,115.0,-135.0,-1.5,5.5,sbro,,,,
2017-18,2017-12-06,Philadelphia,Edmonton,4.0,2.0,False,0|2|2,0|1|1,-101.0,-119.0,110.0,-130.0,-1.5,5.5,sbro,,,,
2017-18,2017-12-06,Ottawa,Anaheim,0.0,3.0,False,0|0|0,0|2|1,-111.0,-109.0,-119.0,-101.0,1.5,5.5,sbro,,,,
2017-18,2017-12-07,Arizona,Boston,1.0,6.0,False,1|0|0,1|2|3,185.0,-215.0,190.0,-230.0,-1.5,5.5,sbro,,,,
2017-18,2017-12-07,NYIslanders,Pittsburgh,3.0,4.0,False,0|1|2,1|0|2,123.0,-143.0,140.0,-160.0,-1.5,6.5,sbro,,,,
2017-18,2017-12-07,Winnipeg,Florida,4.0,6.0,False,2|1|1,2|1|3,-123.0,103.0,-115.0,-105.0,1.5,6.0,sbro,,,,
2017-18,2017-12-07,Colorado,TampaBay,2.0,5.0,False,2|0|0,2|1|2,205.0,-245.0,200.0,-240.0,-1.5,5.5,sbro,,,,
2017-18,2017-12-07,Calgary,Montreal,3.0,2.0,False,1|0|1,1|1|0,146.0,-166.0,150.0,-170.0,-1.5,5.5,sbro,,,,
2017-18,2017-12-07,Dallas,St.Louis,0.0,3.0,False,0|0|0,1|0|2,118.0,-138.0,138.0,-158.0,-1.5,5.5,sbro,,,,
2017-18,2017-12-07,Philadelphia,Vancouver,4.0,1.0,False,1|2|1,0|1|0,102.0,-122.0,104.0,-124.0,-1.5,5.5,sbro,,,,
2017-18,2017-12-07,Ottawa,LosAngeles,3.0,4.0,False,1|1|1,1|1|1,185.0,-215.0,157.0,-177.0,-1.5,5.5,sbro,,,,
2017-18,2017-12-07,Carolina,SanJose,4.0,5.0,False,3|1|0,0|2|2,128.0,-148.0,107.0,-127.0,-1.5,5.5,sbro,,,,
2017-18,2017-12-08,NYRangers,Washington,2.0,4.0,False,0|1|1,1|1|2,110.0,-130.0,117.0,-137.0,-1.5,5.5,sbro,,,,
2017-18,2017-12-08,Columbus,NewJersey,5.0,3.0,False,0|3|2,2|1|0,133.0,-153.0,-137.0,117.0,1.5,5.5,sbro,,,,
2017-18,2017-12-08,Vegas,Nashville,4.0,3.0,False,1|1|1,0|1|2,165.0,-185.0,138.0,-158.0,-1.5,6.0,sbro,,,,
2017-18,2017-12-08,Buffalo,Chicago,2.0,3.0,False,1|1|0,0|1|1,165.0,-185.0,190.0,-230.0,-1.5,5.5,sbro,,,,
2017-18,2017-12-08,Minnesota,Anaheim,3.0,2.0,False,0|2|0,1|0|1,-113.0,-107.0,-130.0,110.0,1.5,5.5,sbro,,,,
2017-18,2017-12-09,St.Louis,Detroit,6.0,1.0,False,1|3|2,0|0|1,-150.0,130.0,-148.0,128.0,1.5,5.5,sbro,,,,
2017-18,2017-12-09,Colorado,Florida,7.0,3.0,False,1|2|4,1|1|1,120.0,-140.0,120.0,-140.0,-1.5,6.0,sbro,,,,
2017-18,2017-12-09,Edmonton,Montreal,6.0,2.0,False,2|2|2,0|1|1,135.0,-155.0,130.0,-150.0,-1.5,5.5,sbro,,,,
2017-18,2017-12-09,Winnipeg,TampaBay,3.0,4.0,False,1|1|1,1|1|1,160.0,-180.0,157.0,-177.0,-1.5,6.0,sbro,,,,
2017-18,2017-12-09,Toronto,Pittsburgh,4.0,3.0,False,3|1|0,0|2|1,105.0,-125.0,110.0,-130.0,-1.5,6.5,sbro,,,,
2017-18,2017-12-09,NYIslanders,Boston,1.0,3.0,False,0|0|1,0|1|2,120.0,-140.0,136.0,-156.0,-1.5,6.0,sbro,,,,
2017-18,2017-12-09,NewJersey,NYRangers,2.0,5.0,False,0|1|1,1|2|2,137.0,-157.0,133.0,-153.0,-1.5,6.0,sbro,,,,
2017-18,2017-12-09,Arizona,Columbus,0.0,1.0,False,0|0|0,1|0|0,185.0,-215.0,170.0,-200.0,-1.5,5.5,sbro,,,,
2017-18,2017-12-09,Vegas,Dallas,5.0,3.0,False,1|3|1,1|1|1,153.0,-173.0,169.0,-189.0,-1.5,6.0,sbro,,,,
2017-18,2017-12-09,Ottawa,SanJose,0.0,5.0,False,0|0|0,1|2|2,150.0,-170.0,132.0,-152.0,-1.5,5.5,sbro,,,,
2017-18,2017-12-09,Vancouver,Calgary,2.0,4.0,False,1|1|0,1|0|3,145.0,-165.0,144.0,-164.0,-1.5,5.5,sbro,,,,
2017-18,2017-12-09,Carolina,LosAngeles,2.0,3.0,False,0|0|2,0|2|0,145.0,-165.0,123.0,-143.0,-1.5,5.5,sbro,,,,
2017-18,2017-12-10,Arizona,Chicago,1.0,3.0,False,0|0|1,0|0|3,205.0,-245.0,210.0,-260.0,-1.5,5.5,sbro,,,,
2017-18,2017-12-10,Buffalo,St.Louis,2.0,3.0,False,0|0|2,1|1|0,175.0,-205.0,160.0,-180.0,-1.5,5.5,sbro,,,,
2017-18,2017-12-10,Edmonton,Toronto,0.0,1.0,False,0|0|0,1|0|0,170.0,-200.0,120.0,-140.0,-1.5,6.5,sbro,,,,
2017-18,2017-12-10,Minnesota,SanJose,4.0,3.0,False,2|1|0,0|1|2,108.0,-128.0,118.0,-138.0,-1.5,5.5,sbro,,,,
2017-18,2017-12-11,Dallas,NYRangers,2.0,1.0,False,0|1|0,0|0|1,120.0,-140.0,100.0,-120.0,-1.5,6.0,sbro,,,,
2017-18,2017-12-11,Colorado,Pittsburgh,2.0,1.0,False,0|0|2,0|0|1,190.0,-220.0,185.0,-215.0,-1.5,6.0,sbro,,,,
2017-18,2017-12-11,Washington,NYIslanders,1.0,3.0,False,0|0|1,1|2|0,103.0,-123.0,-101.0,-119.0,-1.5,6.0,sbro,,,,
2017-18,2017-12-11,Florida,Detroit,2.0,1.0,False,0|0|1,1|0|0,105.0,-125.0,-104.0,-116.0,-1.5,5.5,sbro,,,,
2017-18,2017-12-11,Vancouver,Winnipeg,1.0,5.0,False,1|0|0,1|2|2,165.0,-185.0,167.0,-187.0,-1.5,5.5,sbro,,,,
2017-18,2017-12-11,Carolina,Anaheim,2.0,3.0,False,1|0|1,1|1|1,113.0,-133.0,103.0,-123.0,-1.5,5.5,sbro,,,,
2017-18,2017-12-12,LosAngeles,NewJersey,1.0,5.0,False,0|0|1,2|2|1,-143.0,123.0,-116.0,-104.0,1.5,5.0,sbro,,,,
2017-18,2017-12-12,Toronto,Philadelphia,2.0,4.0,False,1|1|0,1|0|3,-109.0,-111.0,-106.0,-114.0,-1.5,5.5,sbro,,,,
2017-18,2017-12-12,Ottawa,Buffalo,2.0,3.0,False,0|0|2,0|3|0,-105.0,-115.0,-109.0,-111.0,-1.5,5.5,sbro,,,,
2017-18,2017-12-12,Colorado,Washington,2.0,5.0,False,0|1|1,1|1|3,166.0,-186.0,170.0,-190.0,-1.5,5.5,sbro,,,,
2017-18,2017-12-12,Edmonton,Columbus,7.0,2.0,False,1|4|2,0|0|2,143.0,-163.0,153.0,-173.0,-1.5,5.5,sbro,,,,
2017-18,2017-12-12,Calgary,Minnesota,1.0,2.0,False,0|1|0,1|0|0,118.0,-138.0,101.0,-121.0,-1.5,5.5,sbro,,,,
2017-18,2017-12-12,TampaBay,St.Louis,3.0,0.0,False,1|0|2,0|0|0,-118.0,-102.0,-123.0,103.0,1.5,5.5,sbro,,,,
2017-18,2017-12-12,Florida,Chicago,2.0,3.0,False,0|1|1,1|0|1,171.0,-201.0,175.0,-205.0,-1.5,6.0,sbro,,,,
2017-18,2017-12-12,Carolina,Vegas,3.0,2.0,False,1|1|0,0|2|0,106.0,-126.0,156.0,-176.0,-1.5,6.0,sbro,,,,
2017-18,2017-12-13,Dallas,NYIslanders,5.0,2.0,False,2|2|1,0|0|2,115.0,-135.0,109.0,-129.0,-1.5,6.0,sbro,,,,
2017-18,2017-12-13,NYRangers,Ottawa,2.0,3.0,False,0|1|1,1|1|1,-126.0,106.0,-117.0,-103.0,1.5,5.5,sbro,,,,
2017-18,2017-12-13,Boston,Detroit,3.0,2.0,False,0|0|2,0|1|1,-150.0,130.0,-150.0,130.0,1.5,5.5,sbro,,,,
2017-18,2017-12-13,Nashville,Vancouver,7.0,1.0,False,2|2|3,0|1|0,-140.0,120.0,-165.0,145.0,1.5,5.5,sbro,,,,
2017-18,2017-12-14,NYIslanders,Columbus,4.0,6.0,False,0|3|1,3|2|1,136.0,-156.0,151.0,-171.0,-1.5,6.0,sbro,,,,
2017-18,2017-12-14,Washington,Boston,5.0,3.0,False,1|1|3,0|1|2,102.0,-122.0,108.0,-128.0,-1.5,5.5,sbro,,,,
2017-18,2017-12-14,Buffalo,Philadelphia,1.0,2.0,False,1|0|0,1|1|0,157.0,-177.0,155.0,-175.0,-1.5,5.0,sbro,,,,
2017-18,2017-12-14,NewJersey,Montreal,1.0,2.0,False,1|0|0,1|0|0,150.0,-170.0,160.0,-180.0,-1.5,5.5,sbro,,,,
2017-18,2017-12-14,Toronto,Minnesota,0.0,2.0,False,0|0|0,1|0|1,100.0,-120.0,104.0,-124.0,-1.5,5.5,sbro,,,,
2017-18,2017-12-14,Chicago,Winnipeg,5.0,1.0,False,3|1|1,0|0|1,109.0,-129.0,111.0,-131.0,-1.5,6.0,sbro,,,,
2017-18,2017-12-14,Anaheim,St.Louis,3.0,1.0,False,0|1|2,0|0|1,131.0,-151.0,139.0,-159.0,-1.5,5.5,sbro,,,,
2017-18,2017-12-14,SanJose,Calgary,3.0,2.0,False,0|2|1,0|1|1,108.0,-128.0,109.0,-129.0,-1.5,5.5,sbro,,,,
2017-18,2017-12-14,Florida,Colorado,1.0,2.0,False,0|1|0,0|1|1,106.0,-126.0,-109.0,-111.0,-1.5,6.0,sbro,,,,
2017-18,2017-12-14,Nashville,Edmonton,4.0,0.0,False,0|4|0,0|0|0,-113.0,-107.0,103.0,-123.0,-1.5,6.0,sbro,,,,
2017-18,2017-12-14,TampaBay,Arizona,4.0,1.0,False,2|1|1,0|1|0,-200.0,170.0,-187.0,167.0,1.5,5.5,sbro,,,,
2017-18,2017-12-14,Pittsburgh,Vegas,1.0,2.0,False,1|0|0,1|0|1,-105.0,-115.0,-105.0,-115.0,-1.5,6.0,sbro,,,,
2017-18,2017-12-15,LosAngeles,NYRangers,2.0,4.0,False,0|1|1,1|1|2,-102.0,-118.0,-105.0,-115.0,-1.5,5.5,sbro,,,,
2017-18,2017-12-15,Dallas,NewJersey,2.0,5.0,False,1|1|0,2|1|2,-160.0,140.0,-160.0,140.0,1.5,5.5,sbro,,,,
2017-18,2017-12-15,Carolina,Buffalo,5.0,4.0,False,0|1|3,0|1|3,-155.0,135.0,-162.0,142.0,1.5,5.5,sbro,,,,
2017-18,2017-12-15,Toronto,Detroit,1.0,3.0,False,1|0|0,0|2|1,-132.0,112.0,-104.0,-116.0,-1.5,5.5,sbro,,,,
2017-18,2017-12-15,SanJose,Vancouver,3.0,4.0,False,1|1|1,2|1|0,-145.0,125.0,-145.0,125.0,1.5,5.5,sbro,,,,
2017-18,2017-12-16,Edmonton,Minnesota,3.0,2.0,False,0|2|1,0|1|1,115.0,-135.0,-105.0,-115.0,-1.5,5.5,sbro,,,,
2017-18,2017-12-16,NYRangers,Boston,3.0,2.0,False,1|1|0,0|1|1,132.0,-152.0,160.0,-180.0,-1.5,6.0,sbro,,,,
2017-18,2017-12-16,Montreal,Ottawa,0.0,3.0,False,0|0|0,0|1|2,-103.0,-117.0,-128.0,108.0,1.5,5.5,sbro,,,,
2017-18,2017-12-16,Columbus,Carolina,1.0,2.0,False,1|0|0,1|1|0,-108.0,-112.0,-115.0,-105.0,1.5,5.5,sbro,,,,
2017-18,2017-12-16,Winnipeg,St.Louis,0.0,2.0,False,0|0|0,1|0|1,117.0,-137.0,100.0,-120.0,-1.5,5.5,sbro,,,,
2017-18,2017-12-16,Dallas,Philadelphia,1.0,2.0,False,1|0|0,0|1|0,100.0,-120.0,110.0,-130.0,-1.5,5.5,sbro,,,,
2017-18,2017-12-16,LosAngeles,NYIslanders,3.0,4.0,False,2|0|1,1|0|2,115.0,-135.0,116.0,-136.0,-1.5,5.5,sbro,,,,
2017-18,2017-12-16,Anaheim,Washington,2.0,3.0,False,1|1|0,0|0|2,135.0,-155.0,139.0,-159.0,-1.5,5.5,sbro,,,,
2017-18,2017-12-16,Pittsburgh,Arizona,4.0,2.0,False,0|2|2,0|1|1,-170.0,150.0,-172.0,152.0,1.5,5.5,sbro,,,,
2017-18,2017-12-16,TampaBay,Colorado,6.0,5.0,False,0|4|2,0|1|4,-175.0,155.0,-178.0,158.0,1.5,6.0,sbro,,,,
2017-18,2017-12-16,Nashville,Calgary,2.0,0.0,False,0|2|0,0|0|0,-112.0,-108.0,-107.0,-113.0,-1.5,6.0,sbro,,,,
2017-18,2017-12-17,St.Louis,Winnipeg,0.0,4.0,False,0|0|0,0|2|2,120.0,-140.0,105.0,-125.0,-1.5,5.5,sbro,,,,
2017-18,2017-12-17,Minnesota,Chicago,1.0,4.0,False,0|0|1,1|1|2,163.0,-183.0,155.0,-175.0,-1.5,5.5,sbro,,,,
2017-18,2017-12-17,Calgary,Vancouver,6.0,1.0,False,1|4|1,0|0|1,-113.0,-107.0,-115.0,-105.0,1.5,5.5,sbro,,,,
2017-18,2017-12-17,Florida,Vegas,2.0,5.0,False,2|0|0,2|0|3,151.0,-171.0,150.0,-170.0,-1.5,6.0,sbro,,,,
2017-18,2017-12-18,Anaheim,NewJersey,3.0,5.0,False,2|1|0,0|2|3,102.0,-122.0,120.0,-140.0,-1.5,5.5,sbro,,,,
2017-18,2017-12-18,LosAngeles,Philadelphia,4.0,1.0,False,2|0|2,1|0|0,103.0,-123.0,100.0,-120.0,-1.5,5.0,sbro,,,,
2017-18,2017-12-18,Columbus,Boston,2.0,7.0,False,0|0|2,1|2|4,112.0,-132.0,103.0,-123.0,-1.5,5.5,sbro,,,,
2017-18,2017-12-18,Pittsburgh,Colorado,2.0,4.0,False,1|0|1,1|2|1,-165.0,145.0,-157.0,137.0,1.5,6.0,sbro,,,,
2017-18,2017-12-18,SanJose,Edmonton,3.0,5.0,False,1|1|1,2|1|2,113.0,-133.0,122.0,-142.0,-1.5,5.5,sbro,,,,
2017-18,2017-12-19,Carolina,Toronto,1.0,8.0,False,1|0|0,4|0|4,115.0,-135.0,103.0,-123.0,-1.5,5.5,sbro,,,,
2017-18,2017-12-19,Minnesota,Ottawa,6.0,4.0,False,1|2|3,1|2|1,-106.0,-114.0,112.0,-132.0,-1.5,5.5,sbro,,,,
2017-18,2017-12-19,Detroit,NYIslanders,6.0,3.0,False,2|1|3,1|2|0,160.0,-180.0,150.0,-170.0,-1.5,6.0,sbro,,,,
2017-18,2017-12-19,Anaheim,NYRangers,1.0,4.0,False,0|0|1,1|2|1,140.0,-160.0,157.0,-177.0,-1.5,5.5,sbro,,,,
2017-18,2017-12-19,Boston,Buffalo,3.0,0.0,False,0|1|2,0|0|0,-170.0,150.0,-132.0,112.0,1.5,5.5,sbro,,,,
2017-18,2017-12-19,Winnipeg,Nashville,6.0,4.0,False,1|3|2,2|1|1,135.0,-155.0,132.0,-152.0,-1.5,5.5,sbro,,,,
2017-18,2017-12-19,Washington,Dallas,4.0,3.0,False,1|1|1,1|1|1,100.0,-120.0,101.0,-121.0,-1.5,5.5,sbro,,,,
2017-18,2017-12-19,Florida,Arizona,3.0,2.0,False,0|1|2,1|1|0,-115.0,-105.0,-114.0,-106.0,1.5,5.5,sbro,,,,
2017-18,2017-12-19,TampaBay,Vegas,3.0,4.0,False,2|0|1,0|2|2,-130.0,110.0,-138.0,118.0,1.5,6.0,sbro,,,,
2017-18,2017-12-19,Montreal,Vancouver,7.0,5.0,False,1|3|3,1|2|2,-115.0,-105.0,-145.0,125.0,1.5,5.5,sbro,,,,
2017-18,2017-12-20,Toronto,Columbus,2.0,4.0,False,0|1|1,2|1|1,138.0,-158.0,121.0,-141.0,-1.5,5.5,sbro,,,,
2017-18,2017-12-20,Detroit,Philadelphia,3.0,4.0,False,1|2|0,1|2|1,170.0,-190.0,166.0,-186.0,-1.5,5.5,sbro,,,,
2017-18,2017-12-20,St.Louis,Calgary,1.0,2.0,False,0|1|0,1|0|1,-105.0,-115.0,105.0,-125.0,-1.5,5.5,sbro,,,,
2017-18,2017-12-21,Anaheim,NYIslanders,5.0,4.0,False,2|1|1,0|2|2,123.0,-143.0,137.0,-157.0,-1.5,5.5,sbro,,,,
2017-18,2017-12-21,Winnipeg,Boston,1.0,2.0,False,0|0|1,0|0|1,118.0,-138.0,103.0,-123.0,-1.5,5.5,sbro,,,,
2017-18,2017-12-21,Columbus,Pittsburgh,2.0,3.0,False,0|1|1,0|0|2,132.0,-152.0,150.0,-170.0,-1.5,5.5,sbro,,,,
2017-18,2017-12-21,NYRangers,NewJersey,3.0,4.0,False,2|0|1,1|1|1,-113.0,-107.0,105.0,-125.0,-1.5,5.5,sbro,,,,
2017-18,2017-12-21,Ottawa,TampaBay,3.0,4.0,False,1|1|1,0|2|1,190.0,-230.0,210.0,-260.0,-1.5,5.5,sbro,,,,
2017-18,2017-12-21,Carolina,Nashville,4.0,1.0,False,4|0|0,1|0|0,157.0,-177.0,148.0,-168.0,-1.5,5.5,sbro,,,,
2017-18,2017-12-21,Chicago,Dallas,0.0,4.0,False,0|0|0,1|3|0,-107.0,-113.0,113.0,-133.0,-1.5,5.5,sbro,,,,
2017-18,2017-12-21,St.Louis,Edmonton,2.0,3.0,False,0|0|2,0|0|3,113.0,-133.0,127.0,-147.0,-1.5,5.5,sbro,,,,
2017-18,2017-12-21,Colorado,LosAngeles,1.0,2.0,False,0|1|0,0|0|1,175.0,-205.0,170.0,-200.0,-1.5,5.5,sbro,,,,
2017-18,2017-12-21,Vancouver,SanJose,4.0,5.0,False,1|2|1,1|3|0,175.0,-205.0,167.0,-187.0,-1.5,5.5,sbro,,,,
2017-18,2017-12-22,Philadelphia,Buffalo,2.0,4.0,False,0|0|2,0|0|4,-133.0,113.0,-121.0,101.0,1.5,5.5,sbro,,,,
2017-18,2017-12-22,Minnesota,Florida,2.0,4.0,False,1|1|0,1|0|3,-104.0,-116.0,-107.0,-113.0,-1.5,5.5,sbro,,,,
2017-18,2017-12-22,Washington,Arizona,2.0,3.0,False,0|1|1,0|0|2,-165.0,145.0,-141.0,121.0,1.5,5.5,sbro,,,,
2017-18,2017-12-22,Montreal,Calgary,3.0,2.0,False,1|1|1,0|0|2,117.0,-137.0,120.0,-140.0,-1.5,5.5,sbro,,,,
2017-18,2017-12-23,Winnipeg,NYIslanders,2.0,5.0,False,1|0|1,3|0|2,105.0,-125.0,-105.0,-115.0,-1.5,6.0,sbro,,,,
2017-18,2017-12-23,Detroit,Boston,1.0,3.0,False,1|0|0,1|0|2,185.0,-215.0,170.0,-200.0,-1.5,5.5,sbro,,,,
2017-18,2017-12-23,Chicago,NewJersey,1.0,4.0,False,0|1|0,3|0|1,-113.0,-107.0,-113.0,-107.0,1.5,5.5,sbro,,,,
2017-18,2017-12-23,Minnesota,TampaBay,0.0,3.0,False,0|0|0,0|0|3,215.0,-265.0,210.0,-260.0,-1.5,6.0,sbro,,,,
2017-18,2017-12-23,Montreal,Edmonton,1.0,4.0,False,0|1|0,2|1|1,165.0,-185.0,165.0,-185.0,-1.5,5.5,sbro,,,,
2017-18,2017-12-23,Ottawa,Florida,0.0,1.0,False,0|0|0,0|1|0,107.0,-127.0,109.0,-129.0,-1.5,6.0,sbro,,,,
2017-18,2017-12-23,Buffalo,Carolina,2.0,4.0,False,0|2|0,1|3|0,190.0,-230.0,195.0,-235.0,-1.5,5.5,sbro,,,,
2017-18,2017-12-23,Philadelphia,Columbus,1.0,2.0,False,0|1|0,1|0|0,185.0,-215.0,150.0,-170.0,-1.5,5.5,sbro,,,,
2017-18,2017-12-23,Toronto,NYRangers,3.0,2.0,False,1|2|0,0|1|1,120.0,-140.0,-106.0,-114.0,-1.5,6.0,sbro,,,,
2017-18,2017-12-23,Anaheim,Pittsburgh,4.0,0.0,False,2|2|0,0|0|0,165.0,-185.0,157.0,-177.0,-1.5,5.5,sbro,,,,
2017-18,2017-12-23,Washington,Vegas,0.0,3.0,False,0|0|0,3|0|0,113.0,-133.0,112.0,-132.0,-1.5,6.0,sbro,,,,
2017-18,2017-12-23,Colorado,Arizona,6.0,2.0,False,0|4|2,0|1|1,-102.0,-118.0,-116.0,-104.0,1.5,5.5,sbro,,,,
2017-18,2017-12-23,Nashville,Dallas,3.0,4.0,False,2|0|1,1|2|0,103.0,-123.0,111.0,-131.0,-1.5,6.0,sbro,,,,
2017-18,2017-12-23,St.Louis,Vancouver,3.0,1.0,False,1|1|1,0|1|0,-157.0,137.0,-149.0,129.0,1.5,5.5,sbro,,,,
2017-18,2017-12-23,LosAngeles,SanJose,0.0,2.0,False,0|0|0,0|1|1,107.0,-127.0,-111.0,-109.0,-1.5,5.5,sbro,,,,
2017-18,2017-12-27,Detroit,NewJersey,1.0,3.0,False,0|1|0,2|0|1,150.0,-170.0,143.0,-163.0,-1.5,5.5,sbro,,,,
2017-18,2017-12-27,Columbus,Pittsburgh,4.0,5.0,False,2|1|1,0|1|3,130.0,-150.0,131.0,-151.0,-1.5,5.5,sbro,,,,
2017-18,2017-12-27,Buffalo,NYIslanders,2.0,3.0,False,0|1|1,0|1|1,165.0,-185.0,155.0,-175.0,-1.5,5.5,sbro,,,,
2017-18,2017-12-27,Ottawa,Boston,1.0,5.0,False,0|1|0,2|2|1,170.0,-200.0,170.0,-200.0,-1.5,5.5,sbro,,,,
2017-18,2017-12-27,Montreal,Carolina,1.0,3.0,False,0|1|0,1|0|2,115.0,-135.0,120.0,-140.0,-1.5,5.5,sbro,,,,
2017-18,2017-12-27,Washington,NYRangers,0.0,1.0,False,0|0|0,0|0|0,100.0,-120.0,-105.0,-115.0,-1.5,5.5,sbro,,,,
2017-18,2017-12-27,Nashville,St.Louis,2.0,1.0,False,1|1|0,0|0|1,100.0,-120.0,100.0,-120.0,-1.5,5.5,sbro,,,,
2017-18,2017-12-27,Edmonton,Winnipeg,3.0,4.0,False,2|1|0,2|2|0,115.0,-135.0,115.0,-135.0,-1.5,5.5,sbro,,,,
2017-18,2017-12-27,Dallas,Minnesota,2.0,4.0,False,1|1|0,1|2|1,125.0,-145.0,-111.0,-109.0,-1.5,5.5,sbro,,,,
2017-18,2017-12-27,Arizona,Colorado,3.0,1.0,False,1|1|1,1|0|0,150.0,-170.0,136.0,-156.0,-1.5,5.5,sbro,,,,
2017-18,2017-12-27,Vegas,Anaheim,4.0,1.0,False,1|1|2,1|0|0,100.0,-120.0,115.0,-135.0,-1.5,5.5,sbro,,,,
2017-18,2017-12-28,Montreal,TampaBay,1.0,3.0,False,0|1|0,0|1|2,195.0,-235.0,205.0,-245.0,-1.5,6.0,sbro,,,,
2017-18,2017-12-28,Boston,Washington,3.0,4.0,False,2|0|1,0|2|1,105.0,-125.0,107.0,-127.0,-1.5,5.5,sbro,,,,
2017-18,2017-12-28,Philadelphia,Florida,2.0,3.0,False,0|0|2,1|2|0,100.0,-120.0,-105.0,-115.0,-1.5,5.5,sbro,,,,
2017-18,2017-12-28,Toronto,Arizona,7.0,4.0,False,3|3|1,2|1|1,-170.0,150.0,-205.0,175.0,1.5,6.0,sbro,,,,
2017-18,2017-12-28,Chicago,Vancouver,2.0,5.0,False,1|0|1,1|1|3,-130.0,110.0,-125.0,105.0,1.5,5.5,sbro,,,,
2017-18,2017-12-28,Vegas,LosAngeles,3.0,2.0,False,0|1|1,1|0|1,130.0,-150.0,120.0,-140.0,-1.5,5.5,sbro,,,,
2017-18,2017-12-28,Calgary,SanJose,2.0,3.0,False,2|0|0,1|0|1,125.0,-145.0,115.0,-135.0,-1.5,5.5,sbro,,,,
2017-18,2017-12-29,Buffalo,NewJersey,4.0,3.0,False,0|2|1,1|2|0,158.0,-178.0,160.0,-180.0,-1.5,5.5,sbro,,,,
2017-18,2017-12-29,Pittsburgh,Carolina,1.0,2.0,False,1|0|0,0|2|0,-101.0,-119.0,113.0,-133.0,-1.5,5.5,sbro,,,,
2017-18,2017-12-29,Philadelphia,TampaBay,5.0,3.0,False,0|3|2,1|1|1,210.0,-260.0,185.0,-215.0,-1.5,5.5,sbro,,,,
2017-18,2017-12-29,NYRangers,Detroit,2.0,3.0,False,1|0|1,0|1|1,-135.0,115.0,-112.0,-108.0,1.5,5.5,sbro,,,,
2017-18,2017-12-29,Columbus,Ottawa,4.0,5.0,False,0|3|1,0|3|2,-135.0,115.0,-126.0,106.0,1.5,5.5,sbro,,,,
2017-18,2017-12-29,Nashville,Minnesota,2.0,4.0,False,1|0|1,2|1|1,-105.0,-115.0,-113.0,-107.0,1.5,5.5,sbro,,,,
2017-18,2017-12-29,NYIslanders,Winnipeg,2.0,4.0,False,0|1|1,2|0|2,125.0,-145.0,113.0,-133.0,-1.5,6.0,sbro,,,,
2017-18,2017-12-29,St.Louis,Dallas,2.0,4.0,False,0|0|2,0|1|3,115.0,-135.0,120.0,-140.0,-1.5,5.5,sbro,,,,
2017-18,2017-12-29,Chicago,Edmonton,4.0,3.0,False,1|1|1,1|0|2,185.0,-215.0,175.0,-205.0,-1.5,6.0,sbro,,,,
2017-18,2017-12-29,Toronto,Colorado,3.0,4.0,False,1|1|1,1|1|1,-140.0,120.0,-119.0,-101.0,1.5,6.0,sbro,,,,
2017-18,2017-12-29,Calgary,Anaheim,1.0,2.0,False,0|1|0,1|0|1,120.0,-140.0,120.0,-140.0,-1.5,5.5,sbro,,,,
2017-18,2017-12-30,Boston,Ottawa,5.0,0.0,False,1|3|1,0|0|0,-150.0,130.0,-160.0,140.0,1.5,5.5,sbro,,,,
2017-18,2017-12-30,NewJersey,Washington,2.0,5.0,False,1|0|1,2|1|2,175.0,-205.0,160.0,-180.0,-1.5,5.5,sbro,,,,
2017-18,2017-12-30,Montreal,Florida,0.0,2.0,False,0|0|0,0|1|1,110.0,-130.0,-101.0,-119.0,-1.5,5.5,sbro,,,,
2017-18,2017-12-30,Carolina,St.Louis,2.0,3.0,False,0|2|0,1|1|1,110.0,-130.0,115.0,-135.0,-1.5,5.5,sbro,,,,
2017-18,2017-12-30,Minnesota,Nashville,0.0,3.0,False,0|0|0,0|0|3,133.0,-153.0,123.0,-143.0,-1.5,5.5,sbro,,,,
2017-18,2017-12-30,LosAngeles,Vancouver,4.0,3.0,False,2|0|2,1|1|1,-140.0,120.0,-131.0,111.0,1.5,5.5,sbro,,,,
2017-18,2017-12-31,Toronto,Vegas,3.0,6.0,False,0|2|1,3|1|2,120.0,-140.0,107.0,-127.0,-1.5,6.0,sbro,,,,
2017-18,2017-12-31,Arizona,Anaheim,2.0,5.0,False,1|0|1,2|0|3,180.0,-210.0,175.0,-205.0,-1.5,5.5,sbro,,,,
2017-18,2017-12-31,TampaBay,Columbus,5.0,0.0,False,0|4|1,0|0|0,-133.0,113.0,-146.0,126.0,1.5,5.5,sbro,,,,
2017-18,2017-12-31,Pittsburgh,Detroit,1.0,4.0,False,0|1|0,1|2|1,-137.0,117.0,-132.0,112.0,1.5,5.5,sbro,,,,
2017-18,2017-12-31,Winnipeg,Edmonton,5.0,0.0,False,2|2|1,0|0|0,123.0,-143.0,140.0,-160.0,-1.5,6.0,sbro,,,,
2017-18,2017-12-31,SanJose,Dallas,0.0,6.0,False,0|0|0,2|2|2,117.0,-137.0,-103.0,-117.0,-1.5,5.5,sbro,,,,
2017-18,2017-12-31,NYIslanders,Colorado,1.0,6.0,False,0|0|1,1|4|1,-113.0,-107.0,-135.0,115.0,1.5,6.0,sbro,,,,
2017-18,2017-12-31,Chicago,Calgary,3.0,4.0,False,0|2|1,1|2|0,113.0,-133.0,124.0,-144.0,-1.5,6.0,sbro,,,,
2017-18,2018-01-01,Buffalo,NYRangers,2.0,3.0,False,0|1|1,2|0|0,155.0,-175.0,145.0,-165.0,-1.5,5.5,sbro,,,,
2017-18,2018-01-02,Pittsburgh,Philadelphia,5.0,1.0,False,0|4|1,0|1|0,-115.0,-105.0,100.0,-120.0,-1.5,5.5,sbro,,,,
2017-18,2018-01-02,Boston,NYIslanders,5.0,1.0,False,1|1|3,1|0|0,-118.0,-102.0,-140.0,120.0,1.5,6.0,sbro,,,,
2017-18,2018-01-02,TampaBay,Toronto,2.0,0.0,False,0|2|0,0|0|0,-135.0,115.0,-130.0,110.0,1.5,6.0,sbro,,,,
2017-18,2018-01-02,Washington,Carolina,5.0,4.0,False,2|1|1,1|1|2,-102.0,-118.0,111.0,-131.0,-1.5,5.5,sbro,,,,
2017-18,2018-01-02,SanJose,Montreal,4.0,1.0,False,1|2|1,0|1|0,-107.0,-113.0,-102.0,-118.0,-1.5,5.5,sbro,,,,
2017-18,2018-01-02,Florida,Minnesota,1.0,5.0,False,0|0|1,1|3|1,113.0,-133.0,149.0,-169.0,-1.5,5.5,sbro,,,,
2017-18,2018-01-02,NewJersey,St.Louis,2.0,3.0,False,0|1|1,1|1|0,135.0,-155.0,142.0,-162.0,-1.5,5.5,sbro,,,,
2017-18,2018-01-02,Columbus,Dallas,2.0,1.0,False,0|0|2,0|0|1,135.0,-155.0,135.0,-155.0,-1.5,5.5,sbro,,,,
2017-18,2018-01-02,Winnipeg,Colorado,2.0,3.0,False,0|0|2,0|2|0,-138.0,118.0,-130.0,110.0,1.5,6.0,sbro,,,,
2017-18,2018-01-02,LosAngeles,Edmonton,5.0,0.0,False,0|1|4,0|0|0,-102.0,-118.0,117.0,-137.0,-1.5,5.5,sbro,,,,
2017-18,2018-01-02,Anaheim,Vancouver,5.0,0.0,False,2|1|2,0|0|0,-137.0,117.0,-128.0,108.0,1.5,5.5,sbro,,,,
2017-18,2018-01-02,Nashville,Vegas,0.0,3.0,False,0|0|0,0|2|1,123.0,-143.0,120.0,-140.0,-1.5,5.5,sbro,,,,
2017-18,2018-01-03,Ottawa,Detroit,1.0,2.0,False,0|0|1,1|0|0,115.0,-135.0,120.0,-140.0,-1.5,5.5,sbro,,,,
2017-18,2018-01-03,Chicago,NYRangers,5.0,2.0,False,1|1|3,1|1|0,130.0,-150.0,125.0,-145.0,-1.5,5.5,sbro,,,,
2017-18,2018-01-04,SanJose,Toronto,2.0,3.0,False,1|1|0,1|1|0,117.0,-137.0,116.0,-136.0,-1.5,5.5,sbro,,,,
2017-18,2018-01-04,Carolina,Pittsburgh,4.0,0.0,False,0|2|2,0|0|0,133.0,-153.0,120.0,-140.0,-1.5,5.5,sbro,,,,
2017-18,2018-01-04,NYIslanders,Philadelphia,4.0,6.0,False,1|1|2,1|4|1,102.0,-122.0,125.0,-145.0,-1.5,6.0,sbro,,,,
2017-18,2018-01-04,TampaBay,Montreal,1.0,2.0,False,0|1|0,0|1|0,-175.0,155.0,-168.0,148.0,1.5,5.5,sbro,,,,
2017-18,2018-01-04,Buffalo,Minnesota,2.0,6.0,False,0|0|2,3|3|0,170.0,-200.0,200.0,-240.0,-1.5,5.5,sbro,,,,
2017-18,2018-01-04,Vegas,St.Louis,1.0,2.0,False,0|1|0,1|0|1,-105.0,-115.0,105.0,-125.0,-1.5,5.5,sbro,,,,
2017-18,2018-01-04,NewJersey,Dallas,3.0,4.0,False,1|1|1,0|3|1,153.0,-173.0,145.0,-165.0,-1.5,5.5,sbro,,,,
2017-18,2018-01-04,Columbus,Colorado,0.0,2.0,False,0|0|0,0|1|1,-133.0,113.0,-128.0,108.0,1.5,6.0,sbro,,,,
2017-18,2018-01-04,Nashville,Arizona,2.0,3.0,False,0|1|1,0|1|1,-185.0,165.0,-145.0,125.0,1.5,5.5,sbro,,,,
2017-18,2018-01-04,Anaheim,Edmonton,1.0,2.0,False,0|0|1,0|1|0,108.0,-128.0,107.0,-127.0,-1.5,5.5,sbro,,,,
2017-18,2018-01-04,LosAngeles,Calgary,3.0,4.0,False,2|0|1,0|4|0,-105.0,-115.0,103.0,-123.0,-1.5,5.5,sbro,,,,
2017-18,2018-01-05,Pittsburgh,NYIslanders,4.0,0.0,False,0|3|1,0|0|0,-103.0,-117.0,-105.0,-115.0,-1.5,6.5,sbro,,,,
2017-18,2018-01-05,Florida,Detroit,2.0,4.0,False,0|1|1,1|1|2,108.0,-128.0,106.0,-126.0,-1.5,5.5,sbro,,,,
2017-18,2018-01-05,SanJose,Ottawa,5.0,6.0,False,2|3|0,1|1|3,-130.0,110.0,-113.0,-107.0,1.5,5.5,sbro,,,,
2017-18,2018-01-05,Buffalo,Winnipeg,3.0,4.0,False,1|1|1,2|1|1,215.0,-265.0,245.0,-305.0,-1.5,5.5,sbro,,,,
2017-18,2018-01-05,Vegas,Chicago,5.0,4.0,False,2|1|2,1|2|1,105.0,-125.0,115.0,-135.0,-1.5,6.0,sbro,,,,
2017-18,2018-01-06,St.Louis,Philadelphia,3.0,6.0,False,0|1|2,2|2|2,-105.0,-115.0,100.0,-120.0,-1.5,5.5,sbro,,,,
2017-18,2018-01-06,Edmonton,Dallas,1.0,5.0,False,0|0|1,3|1|1,123.0,-143.0,125.0,-145.0,-1.5,5.5,sbro,,,,
2017-18,2018-01-06,Vancouver,Toronto,2.0,3.0,False,0|1|1,0|0|2,195.0,-235.0,190.0,-230.0,-1.5,5.5,sbro,,,,
2017-18,2018-01-06,TampaBay,Ottawa,3.0,6.0,False,0|3|0,3|0|3,-200.0,170.0,-205.0,175.0,1.5,5.5,sbro,,,,
2017-18,2018-01-06,Carolina,Boston,1.0,7.0,False,1|0|0,5|2|0,140.0,-160.0,131.0,-151.0,-1.5,5.5,sbro,,,,
2017-18,2018-01-06,NYRangers,Arizona,2.0,1.0,False,0|1|0,1|0|0,-150.0,130.0,-132.0,112.0,1.5,5.5,sbro,,,,
2017-18,2018-01-06,Minnesota,Colorado,2.0,7.0,False,1|1|0,2|2|3,-138.0,118.0,-130.0,110.0,1.5,5.5,sbro,,,,
2017-18,2018-01-06,Anaheim,Calgary,2.0,3.0,False,0|0|2,2|0|1,-107.0,-113.0,105.0,-125.0,-1.5,5.5,sbro,,,,
2017-18,2018-01-06,Nashville,LosAngeles,4.0,3.0,False,1|2|1,0|1|2,103.0,-123.0,100.0,-120.0,-1.5,5.5,sbro,,,,
2017-18,2018-01-07,NewJersey,NYIslanders,4.0,5.0,False,0|2|2,1|1|2,105.0,-125.0,-118.0,-102.0,1.5,6.0,sbro,,,,
2017-18,2018-01-07,Buffalo,Philadelphia,1.0,4.0,False,0|1|0,0|2|2,170.0,-200.0,155.0,-175.0,-1.5,5.5,sbro,,,,
2017-18,2018-01-07,St.Louis,Washington,3.0,4.0,False,0|2|1,1|0|2,128.0,-148.0,140.0,-160.0,-1.5,5.5,sbro,,,,
2017-18,2018-01-07,SanJose,Winnipeg,1.0,4.0,False,0|1|0,1|2|1,115.0,-135.0,130.0,-150.0,-1.5,5.5,sbro,,,,
2017-18,2018-01-07,Edmonton,Chicago,1.0,4.0,False,0|1|0,2|1|1,130.0,-150.0,120.0,-140.0,-1.5,5.5,sbro,,,,
2017-18,2018-01-07,Florida,Columbus,2.0,3.0,False,0|1|1,1|1|0,145.0,-165.0,125.0,-145.0,-1.5,5.5,sbro,,,,
2017-18,2018-01-07,Vancouver,Montreal,2.0,5.0,False,0|1|1,1|1|3,150.0,-170.0,162.0,-182.0,-1.5,5.5,sbro,,,,
2017-18,2018-01-07,TampaBay,Detroit,5.0,2.0,False,2|1|2,0|1|1,-165.0,145.0,-140.0,120.0,1.5,5.5,sbro,,,,
2017-18,2018-01-07,Boston,Pittsburgh,5.0,6.0,False,1|4|0,3|1|1,-105.0,-115.0,-105.0,-115.0,-1.5,5.5,sbro,,,,
2017-18,2018-01-07,NYRangers,Vegas,1.0,2.0,False,1|0|0,1|0|1,165.0,-185.0,175.0,-205.0,-1.5,6.0,sbro,,,,
2017-18,2018-01-08,Columbus,Toronto,3.0,2.0,False,0|0|2,0|2|0,152.0,-172.0,145.0,-165.0,-1.5,5.5,sbro,,,,
2017-18,2018-01-09,Winnipeg,Buffalo,7.0,4.0,False,2|3|2,1|1|2,-163.0,143.0,-160.0,140.0,1.5,5.5,sbro,,,,
2017-18,2018-01-09,Vancouver,Washington,1.0,3.0,False,1|0|0,2|1|0,190.0,-230.0,170.0,-200.0,-1.5,5.5,sbro,,,,
2017-18,2018-01-09,Chicago,Ottawa,8.0,2.0,False,1|5|2,0|2|0,-105.0,-115.0,-117.0,-103.0,1.5,5.5,sbro,,,,
2017-18,2018-01-09,Carolina,TampaBay,4.0,5.0,False,2|1|1,2|1|2,175.0,-205.0,170.0,-200.0,-1.5,5.5,sbro,,,,
2017-18,2018-01-09,Florida,St.Louis,7.0,4.0,False,2|3|2,2|1|1,142.0,-162.0,148.0,-168.0,-1.5,5.5,sbro,,,,
2017-18,2018-01-09,Edmonton,Nashville,1.0,2.0,False,0|1|0,2|0|0,145.0,-165.0,133.0,-153.0,-1.5,5.5,sbro,,,,
2017-18,2018-01-09,Calgary,Minnesota,3.0,2.0,False,1|1|0,0|0|2,120.0,-140.0,122.0,-142.0,-1.5,5.5,sbro,,,,
2017-18,2018-01-10,Ottawa,Toronto,4.0,3.0,False,1|1|2,0|1|2,190.0,-230.0,190.0,-230.0,-1.5,6.0,sbro,,,,
2017-18,2018-01-10,Minnesota,Chicago,2.0,1.0,False,0|1|1,1|0|0,-102.0,-118.0,105.0,-125.0,-1.5,5.5,sbro,,,,
2017-18,2018-01-11,Columbus,Buffalo,1.0,3.0,False,0|0|1,1|0|2,-160.0,140.0,-160.0,140.0,1.5,5.5,sbro,,,,
2017-18,2018-01-11,Carolina,Washington,3.0,1.0,False,0|1|2,0|1|0,145.0,-165.0,135.0,-155.0,-1.5,5.5,sbro,,,,
2017-18,2018-01-11,Calgary,TampaBay,5.0,1.0,False,1|2|2,0|1|0,185.0,-215.0,170.0,-200.0,-1.5,5.5,sbro,,,,
2017-18,2018-01-12,Vancouver,Columbus,5.0,2.0,False,0|4|1,1|0|1,165.0,-185.0,160.0,-180.0,-1.5,5.5,sbro,,,,
2017-18,2018-01-12,Calgary,Florida,4.0,2.0,False,0|3|1,0|1|1,110.0,-130.0,110.0,-130.0,-1.5,5.5,sbro,,,,
2017-18,2018-01-12,Washington,Carolina,4.0,3.0,False,1|1|2,1|1|1,112.0,-132.0,104.0,-124.0,-1.5,5.5,sbro,,,,
2017-18,2018-01-12,Winnipeg,Chicago,1.0,2.0,False,0|0|1,0|2|0,-105.0,-115.0,-116.0,-104.0,1.5,6.0,sbro,,,,
2017-18,2018-01-12,Edmonton,Arizona,4.0,2.0,False,2|0|2,2|0|0,-135.0,115.0,-145.0,125.0,1.5,5.5,sbro,,,,
2017-18,2018-01-13,Detroit,Pittsburgh,1.0,4.0,False,1|0|0,2|1|1,165.0,-185.0,175.0,-205.0,-1.5,5.5,sbro,,,,
2017-18,2018-01-13,NYIslanders,NYRangers,7.0,2.0,False,2|3|2,1|0|1,113.0,-133.0,117.0,-137.0,-1.5,6.5,sbro,,,,
2017-18,2018-01-13,Philadelphia,NewJersey,5.0,3.0,False,1|2|2,1|1|1,102.0,-122.0,102.0,-122.0,-1.5,5.5,sbro,,,,
2017-18,2018-01-13,Boston,Montreal,4.0,3.0,False,1|2|0,1|2|0,-140.0,120.0,-135.0,115.0,1.5,5.5,sbro,,,,
2017-18,2018-01-13,Winnipeg,Minnesota,1.0,4.0,False,0|0|1,1|1|2,125.0,-145.0,118.0,-138.0,-1.5,5.5,sbro,,,,
2017-18,2018-01-13,Colorado,Dallas,4.0,1.0,False,1|0|3,0|1|0,170.0,-200.0,170.0,-200.0,-1.5,5.5,sbro,,,,
2017-18,2018-01-13,Edmonton,Vegas,3.0,2.0,False,0|1|1,0|2|0,185.0,-215.0,165.0,-185.0,-1.5,6.0,sbro,,,,
2017-18,2018-01-13,Arizona,SanJose,5.0,6.0,False,3|0|2,3|1|1,190.0,-230.0,190.0,-230.0,-1.5,5.5,sbro,,,,
2017-18,2018-01-13,Anaheim,LosAngeles,4.0,2.0,False,2|0|2,0|0|2,115.0,-135.0,100.0,-120.0,-1.5,5.0,sbro,,,,
2017-18,2018-01-14,NYRangers,Pittsburgh,2.0,5.0,False,2|0|0,1|2|2,155.0,-175.0,160.0,-180.0,-1.5,6.0,sbro,,,,
2017-18,2018-01-14,Calgary,Carolina,4.0,1.0,False,2|0|2,0|0|1,-102.0,-118.0,110.0,-130.0,-1.5,5.5,sbro,,,,
2017-18,2018-01-14,Vancouver,Minnesota,3.0,2.0,False,1|0|1,1|0|1,160.0,-180.0,162.0,-182.0,-1.5,5.5,sbro,,,,
2017-18,2018-01-14,Detroit,Chicago,4.0,0.0,False,2|0|2,0|0|0,170.0,-200.0,180.0,-210.0,-1.5,5.5,sbro,,,,
2017-18,2018-01-15,Dallas,Boston,3.0,2.0,False,0|2|0,0|1|1,135.0,-155.0,142.0,-162.0,-1.5,5.5,sbro,,,,
2017-18,2018-01-15,Anaheim,Colorado,1.0,3.0,False,0|1|0,1|2|0,-115.0,-105.0,-112.0,-108.0,1.5,5.5,sbro,,,,
2017-18,2018-01-15,SanJose,LosAngeles,4.0,1.0,False,1|1|2,0|0|1,115.0,-135.0,-102.0,-118.0,-1.5,5.5,sbro,,,,
2017-18,2018-01-15,NYIslanders,Montreal,5.0,4.0,False,2|2|0,2|1|1,105.0,-125.0,125.0,-145.0,-1.5,6.0,sbro,,,,
2017-18,2018-01-16,Philadelphia,NYRangers,1.0,5.0,False,1|0|0,3|2|0,103.0,-123.0,-107.0,-113.0,-1.5,5.5,sbro,,,,
2017-18,2018-01-16,NewJersey,NYIslanders,4.0,1.0,False,1|3|0,1|0|0,-107.0,-113.0,-116.0,-104.0,1.5,6.5,sbro,,,,
2017-18,2018-01-16,St.Louis,Toronto,2.0,1.0,False,0|0|1,0|0|1,125.0,-145.0,107.0,-127.0,-1.5,6.0,sbro,,,,
2017-18,2018-01-16,Dallas,Detroit,4.0,2.0,False,2|1|1,1|1|0,-127.0,107.0,-128.0,108.0,1.5,5.5,sbro,,,,
2017-18,2018-01-16,Vegas,Nashville,0.0,1.0,False,0|0|0,0|0|1,125.0,-145.0,105.0,-125.0,-1.5,6.0,sbro,,,,
2017-18,2018-01-16,SanJose,Arizona,3.0,2.0,False,1|1|0,0|1|1,-145.0,125.0,-125.0,105.0,1.5,5.5,sbro,,,,
2017-18,2018-01-17,Montreal,Boston,1.0,4.0,False,1|0|0,1|1|2,170.0,-200.0,170.0,-200.0,-1.5,5.5,sbro,,,,
2017-18,2018-01-17,Pittsburgh,Anaheim,3.0,5.0,False,1|0|2,0|4|1,-105.0,-115.0,-101.0,-119.0,-1.5,5.5,sbro,,,,
2017-18,2018-01-18,Boston,NYIslanders,5.0,2.0,False,1|2|2,1|0|1,-147.0,127.0,-130.0,110.0,1.5,6.5,sbro,,,,
2017-18,2018-01-18,Toronto,Philadelphia,2.0,3.0,False,0|2|0,0|0|2,-105.0,-115.0,-105.0,-115.0,-1.5,5.5,sbro,,,,
2017-18,2018-01-18,Washington,NewJersey,3.0,4.0,False,1|1|1,1|2|0,-135.0,115.0,-115.0,-105.0,1.5,5.5,sbro,,,,
2017-18,2018-01-18,Dallas,Columbus,1.0,2.0,False,0|0|1,1|0|0,-105.0,-115.0,-125.0,105.0,1.5,5.5,sbro,,,,
2017-18,2018-01-18,St.Louis,Ottawa,4.0,1.0,False,0|3|1,0|1|0,-120.0,100.0,-145.0,125.0,1.5,5.5,sbro,,,,
2017-18,2018-01-18,Buffalo,NYRangers,3.0,4.0,False,1|1|1,1|1|2,170.0,-200.0,167.0,-187.0,-1.5,5.5,sbro,,,,
2017-18,2018-01-18,Vegas,TampaBay,4.0,1.0,False,2|1|1,0|1|0,163.0,-183.0,145.0,-165.0,-1.5,6.0,sbro,,,,
2017-18,2018-01-18,Arizona,Nashville,2.0,3.0,False,0|1|1,0|1|1,180.0,-210.0,180.0,-210.0,-1.5,5.5,sbro,,,,
2017-18,2018-01-18,SanJose,Colorado,3.0,5.0,False,0|1|2,3|1|1,-115.0,-105.0,-113.0,-107.0,1.5,5.5,sbro,,,,
2017-18,2018-01-18,Pittsburgh,LosAngeles,3.0,1.0,False,1|0|2,0|1|0,110.0,-130.0,123.0,-143.0,-1.5,5.5,sbro,,,,
2017-18,2018-01-19,Montreal,Washington,3.0,2.0,False,0|1|2,0|1|1,148.0,-168.0,143.0,-163.0,-1.5,5.5,sbro,,,,
2017-18,2018-01-19,Vegas,Florida,3.0,4.0,False,1|1|1,2|0|1,-103.0,-117.0,-106.0,-114.0,-1.5,6.0,sbro,,,,
2017-18,2018-01-19,LosAngeles,Anaheim,1.0,2.0,False,0|0|1,0|0|2,135.0,-155.0,148.0,-168.0,-1.5,5.5,sbro,,,,
2017-18,2018-01-20,Dallas,Buffalo,7.0,1.0,False,2|4|1,0|1|0,-160.0,140.0,-145.0,125.0,1.5,5.5,sbro,,,,
2017-18,2018-01-20,NewJersey,Philadelphia,1.0,3.0,False,0|1|0,3|0|0,108.0,-128.0,117.0,-137.0,-1.5,5.5,sbro,,,,
2017-18,2018-01-20,NYRangers,Colorado,1.0,3.0,False,0|1|0,1|1|1,103.0,-123.0,103.0,-123.0,-1.5,6.0,sbro,,,,
2017-18,2018-01-20,Winnipeg,Calgary,2.0,1.0,False,0|1|0,1|0|0,105.0,-125.0,110.0,-130.0,-1.5,5.5,sbro,,,,
2017-18,2018-01-20,Toronto,Ottawa,4.0,3.0,False,1|0|3,0|3|0,-145.0,125.0,-143.0,123.0,1.5,6.0,sbro,,,,
2017-18,2018-01-20,Carolina,Detroit,3.0,1.0,False,1|0|2,1|0|0,-115.0,-105.0,-104.0,-116.0,-1.5,5.5,sbro,,,,
2017-18,2018-01-20,Boston,Montreal,4.0,1.0,False,0|2|2,0|1|0,-155.0,135.0,-168.0,148.0,1.5,5.5,sbro,,,,
2017-18,2018-01-20,Pittsburgh,SanJose,1.0,2.0,False,1|0|0,1|0|1,102.0,-122.0,-108.0,-112.0,-1.5,5.5,sbro,,,,
2017-18,2018-01-20,Arizona,St.Louis,5.0,2.0,False,4|1|0,0|1|1,190.0,-230.0,195.0,-235.0,-1.5,5.5,sbro,,,,
2017-18,2018-01-20,Florida,Nashville,3.0,4.0,False,2|0|1,1|3|0,175.0,-205.0,170.0,-200.0,-1.5,5.5,sbro,,,,
2017-18,2018-01-20,NYIslanders,Chicago,7.0,3.0,False,3|1|3,1|1|1,130.0,-150.0,137.0,-157.0,-1.5,6.5,sbro,,,,
2017-18,2018-01-20,TampaBay,Minnesota,2.0,5.0,False,0|1|1,2|1|2,-122.0,102.0,-117.0,-103.0,1.5,5.5,sbro,,,,
2017-18,2018-01-20,Vancouver,Edmonton,2.0,5.0,False,0|2|0,2|1|2,155.0,-175.0,165.0,-185.0,-1.5,5.5,sbro,,,,
2017-18,2018-01-21,Philadelphia,Washington,2.0,1.0,False,0|1|0,0|1|0,148.0,-168.0,131.0,-151.0,-1.5,5.5,sbro,,,,
2017-18,2018-01-21,Vegas,Carolina,5.0,1.0,False,3|1|1,1|0|0,-128.0,108.0,-121.0,101.0,1.5,5.5,sbro,,,,
2017-18,2018-01-21,Vancouver,Winnipeg,0.0,1.0,False,0|0|0,1|0|0,190.0,-220.0,190.0,-220.0,-1.5,5.5,sbro,,,,
2017-18,2018-01-21,SanJose,Anaheim,6.0,2.0,False,1|2|3,0|1|1,130.0,-150.0,150.0,-170.0,-1.5,5.5,sbro,,,,
2017-18,2018-01-21,NYRangers,LosAngeles,2.0,4.0,False,2|0|0,0|3|1,140.0,-160.0,140.0,-160.0,-1.5,5.5,sbro,,,,
2017-18,2018-01-22,Colorado,Toronto,4.0,2.0,False,1|1|2,0|2|0,150.0,-170.0,153.0,-173.0,-1.5,6.0,sbro,,,,
2017-18,2018-01-22,Detroit,NewJersey,3.0,0.0,False,1|1|1,0|0|0,148.0,-168.0,135.0,-155.0,-1.5,5.5,sbro,,,,
2017-18,2018-01-22,Ottawa,Minnesota,1.0,3.0,False,0|1|0,1|0|2,170.0,-200.0,187.0,-217.0,-1.5,5.5,sbro,,,,
2017-18,2018-01-22,TampaBay,Chicago,2.0,0.0,False,0|1|1,0|0|0,-135.0,115.0,-122.0,102.0,1.5,6.0,sbro,,,,
2017-18,2018-01-22,Buffalo,Calgary,2.0,1.0,False,1|0|0,1|0|0,180.0,-210.0,210.0,-260.0,-1.5,5.5,sbro,,,,
2017-18,2018-01-22,NYIslanders,Arizona,2.0,3.0,False,0|1|1,1|1|0,-130.0,110.0,-104.0,-116.0,-1.5,6.5,sbro,,,,
2017-18,2018-01-23,NewJersey,Boston,2.0,3.0,False,0|2|0,0|3|0,198.0,-228.0,205.0,-245.0,-1.5,5.5,sbro,,,,
2017-18,2018-01-23,Carolina,Pittsburgh,1.0,3.0,False,0|1|0,0|2|1,132.0,-152.0,137.0,-157.0,-1.5,5.5,sbro,,,,
2017-18,2018-01-23,Philadelphia,Detroit,3.0,2.0,False,0|2|0,1|0|1,-120.0,100.0,-128.0,108.0,1.5,5.5,sbro,,,,
2017-18,2018-01-23,Colorado,Montreal,2.0,4.0,False,0|0|2,0|2|2,123.0,-143.0,127.0,-147.0,-1.5,5.5,sbro,,,,
2017-18,2018-01-23,Ottawa,St.Louis,0.0,3.0,False,0|0|0,1|0|2,195.0,-235.0,215.0,-265.0,-1.5,5.5,sbro,,,,
2017-18,2018-01-23,TampaBay,Nashville,4.0,3.0,False,2|0|1,2|1|0,117.0,-137.0,122.0,-142.0,-1.5,5.5,sbro,,,,
2017-18,2018-01-23,Florida,Dallas,1.0,6.0,False,0|1|0,1|2|3,157.0,-177.0,163.0,-183.0,-1.5,5.5,sbro,,,,
2017-18,2018-01-23,Buffalo,Edmonton,5.0,0.0,False,1|4|0,0|0|0,195.0,-235.0,205.0,-245.0,-1.5,5.5,sbro,,,,
2017-18,2018-01-23,NYRangers,Anaheim,3.0,6.0,False,2|1|0,4|0|2,150.0,-170.0,147.0,-167.0,-1.5,5.5,sbro,,,,
2017-18,2018-01-23,Columbus,Vegas,3.0,6.0,False,1|1|1,1|3|2,142.0,-162.0,142.0,-162.0,-1.5,5.5,sbro,,,,
2017-18,2018-01-23,LosAngeles,Vancouver,2.0,6.0,False,1|1|0,4|2|0,-119.0,-101.0,-137.0,117.0,1.5,5.5,sbro,,,,
2017-18,2018-01-23,Winnipeg,SanJose,5.0,4.0,False,3|0|1,1|2|1,103.0,-123.0,-113.0,-107.0,1.5,5.5,sbro,,,,
2017-18,2018-01-24,Toronto,Chicago,3.0,2.0,False,1|0|1,1|0|1,-113.0,-107.0,-117.0,-103.0,1.5,6.0,sbro,,,,
2017-18,2018-01-24,LosAngeles,Calgary,2.0,1.0,False,0|0|1,1|0|0,140.0,-160.0,164.0,-184.0,-1.5,5.5,sbro,,,,
2017-18,2018-01-25,Minnesota,Pittsburgh,3.0,6.0,False,0|0|3,2|2|2,128.0,-148.0,117.0,-137.0,-1.5,5.5,sbro,,,,
2017-18,2018-01-25,Nashville,NewJersey,3.0,0.0,False,0|1|2,0|0|0,-143.0,123.0,-150.0,130.0,1.5,5.5,sbro,,,,
2017-18,2018-01-25,TampaBay,Philadelphia,5.0,1.0,False,0|3|2,0|0|1,-123.0,103.0,-120.0,100.0,1.5,5.5,sbro,,,,
2017-18,2018-01-25,Washington,Florida,4.0,2.0,False,1|2|1,1|1|0,-150.0,130.0,-135.0,115.0,1.5,5.5,sbro,,,,
2017-18,2018-01-25,Carolina,Montreal,6.0,5.0,False,2|3|1,0|4|1,108.0,-128.0,102.0,-122.0,-1.5,5.5,sbro,,,,
2017-18,2018-01-25,Chicago,Detroit,5.0,1.0,False,3|1|1,0|0|1,103.0,-123.0,-103.0,-117.0,-1.5,5.5,sbro,,,,
2017-18,2018-01-25,Boston,Ottawa,3.0,2.0,False,0|1|2,1|0|1,-165.0,145.0,-168.0,148.0,1.5,5.5,sbro,,,,
2017-18,2018-01-25,Colorado,St.Louis,1.0,3.0,False,0|1|0,1|1|1,155.0,-175.0,154.0,-174.0,-1.5,5.5,sbro,,,,
2017-18,2018-01-25,Toronto,Dallas,4.0,1.0,False,1|2|1,0|1|0,143.0,-163.0,162.0,-182.0,-1.5,6.0,sbro,,,,
2017-18,2018-01-25,Columbus,Arizona,2.0,1.0,False,0|0|2,0|0|1,-122.0,102.0,-133.0,113.0,1.5,5.5,sbro,,,,
2017-18,2018-01-25,Calgary,Edmonton,3.0,4.0,False,2|0|1,0|2|1,123.0,-143.0,125.0,-145.0,-1.5,5.5,sbro,,,,
2017-18,2018-01-25,NYIslanders,Vegas,2.0,1.0,False,0|1|1,0|0|1,170.0,-200.0,180.0,-210.0,-1.5,6.5,sbro,,,,
2017-18,2018-01-25,Buffalo,Vancouver,4.0,0.0,False,1|1|2,0|0|0,130.0,-150.0,130.0,-150.0,-1.5,5.5,sbro,,,,
2017-18,2018-01-25,Winnipeg,Anaheim,3.0,4.0,False,1|1|1,1|1|1,110.0,-130.0,108.0,-128.0,-1.5,5.5,sbro,,,,
2017-18,2018-01-25,NYRangers,SanJose,6.0,5.0,False,2|3|1,2|1|2,123.0,-143.0,138.0,-158.0,-1.5,5.5,sbro,,,,
2017-18,2018-01-30,NewJersey,Buffalo,3.0,1.0,False,0|1|2,0|0|1,-108.0,-112.0,-114.0,-106.0,1.5,5.5,sbro,,,,
2017-18,2018-01-30,Ottawa,Carolina,1.0,2.0,False,0|1|0,0|0|2,153.0,-173.0,170.0,-200.0,-1.5,5.5,sbro,,,,
2017-18,2018-01-30,Florida,NYIslanders,4.0,1.0,False,1|1|2,0|0|1,150.0,-170.0,130.0,-150.0,-1.5,6.5,sbro,,,,
2017-18,2018-01-30,Minnesota,Columbus,3.0,2.0,False,0|1|1,1|0|1,103.0,-123.0,104.0,-124.0,-1.5,5.5,sbro,,,,
2017-18,2018-01-30,SanJose,Pittsburgh,2.0,5.0,False,0|2|0,1|1|3,165.0,-185.0,155.0,-175.0,-1.5,5.5,sbro,,,,
2017-18,2018-01-30,Anaheim,Boston,3.0,1.0,False,2|0|1,0|0|1,127.0,-147.0,110.0,-130.0,-1.5,5.5,sbro,,,,
2017-18,2018-01-30,Chicago,Nashville,2.0,1.0,False,1|1|0,0|1|0,155.0,-175.0,130.0,-150.0,-1.5,5.5,sbro,,,,
2017-18,2018-01-30,TampaBay,Winnipeg,1.0,3.0,False,1|0|0,0|2|1,-125.0,105.0,-118.0,-102.0,1.5,6.0,sbro,,,,
2017-18,2018-01-30,Montreal,St.Louis,1.0,3.0,False,0|0|1,0|1|2,162.0,-182.0,163.0,-183.0,-1.5,5.5,sbro,,,,
2017-18,2018-01-30,LosAngeles,Dallas,3.0,0.0,False,1|1|1,0|0|0,165.0,-185.0,157.0,-177.0,-1.5,5.5,sbro,,,,
2017-18,2018-01-30,Vegas,Calgary,4.0,2.0,False,1|0|3,0|2|0,100.0,-120.0,110.0,-130.0,-1.5,5.5,sbro,,,,
2017-18,2018-01-30,Colorado,Vancouver,3.0,4.0,False,0|3|0,2|0|1,-105.0,-115.0,-113.0,-107.0,1.5,5.5,sbro,,,,
2017-18,2018-01-31,NYIslanders,Toronto,0.0,5.0,False,0|0|0,2|2|1,160.0,-180.0,175.0,-205.0,-1.5,6.5,sbro,,,,
2017-18,2018-01-31,Philadelphia,Washington,3.0,5.0,False,2|0|1,0|3|2,128.0,-148.0,127.0,-147.0,-1.5,5.5,sbro,,,,
2017-18,2018-01-31,SanJose,Detroit,1.0,2.0,False,0|0|1,0|0|1,-105.0,-115.0,-105.0,-115.0,-1.5,5.5,sbro,,,,
2017-18,2018-02-01,Anaheim,Ottawa,1.0,2.0,False,0|0|1,0|0|1,-153.0,133.0,-165.0,145.0,1.5,5.5,sbro,,,,
2017-18,2018-02-01,St.Louis,Boston,1.0,3.0,False,0|0|1,1|0|2,120.0,-140.0,100.0,-120.0,-1.5,5.5,sbro,,,,
2017-18,2018-02-01,Philadelphia,NewJersey,3.0,4.0,False,2|1|0,2|0|2,108.0,-128.0,108.0,-128.0,-1.5,5.5,sbro,,,,
2017-18,2018-02-01,Toronto,NYRangers,4.0,0.0,False,2|2|0,0|0|0,117.0,-137.0,100.0,-120.0,-1.5,6.0,sbro,,,,
2017-18,2018-02-01,Montreal,Carolina,0.0,2.0,False,0|0|0,0|1|1,133.0,-153.0,138.0,-158.0,-1.5,5.5,sbro,,,,
2017-18,2018-02-01,Florida,Buffalo,4.0,2.0,False,3|0|1,1|1|0,-105.0,-115.0,-108.0,-112.0,-1.5,5.5,sbro,,,,
2017-18,2018-02-01,Vegas,Winnipeg,3.0,2.0,False,0|2|0,1|0|1,107.0,-127.0,103.0,-123.0,-1.5,6.0,sbro,,,,
2017-18,2018-02-01,LosAngeles,Nashville,0.0,5.0,False,0|0|0,3|1|1,135.0,-155.0,147.0,-167.0,-1.5,5.5,sbro,,,,
2017-18,2018-02-01,Dallas,Arizona,4.0,1.0,False,0|3|1,1|0|0,-153.0,133.0,-150.0,130.0,1.5,5.5,sbro,,,,
2017-18,2018-02-01,Colorado,Edmonton,4.0,3.0,False,0|3|0,0|1|2,125.0,-145.0,118.0,-138.0,-1.5,5.5,sbro,,,,
2017-18,2018-02-01,TampaBay,Calgary,7.0,4.0,False,1|2|4,1|3|0,-118.0,-102.0,-120.0,100.0,1.5,5.5,sbro,,,,
2017-18,2018-02-01,Chicago,Vancouver,2.0,4.0,False,1|0|1,0|2|2,-115.0,-105.0,-130.0,110.0,1.5,5.5,sbro,,,,
2017-18,2018-02-02,Detroit,Carolina,4.0,1.0,False,1|1|2,1|0|0,147.0,-167.0,140.0,-160.0,-1.5,5.5,sbro,,,,
2017-18,2018-02-02,SanJose,Columbus,3.0,1.0,False,1|1|1,0|1|0,126.0,-146.0,115.0,-135.0,-1.5,5.5,sbro,,,,
2017-18,2018-02-02,Washington,Pittsburgh,4.0,7.0,False,1|2|1,2|1|4,130.0,-150.0,138.0,-158.0,-1.5,5.5,sbro,,,,
2017-18,2018-02-02,Vegas,Minnesota,2.0,5.0,False,0|1|1,2|2|1,110.0,-130.0,134.0,-154.0,-1.5,5.5,sbro,,,,
2017-18,2018-02-03,Ottawa,Philadelphia,4.0,3.0,False,2|1|0,0|1|2,175.0,-205.0,170.0,-200.0,-1.5,5.5,sbro,,,,
2017-18,2018-02-03,Anaheim,Montreal,2.0,5.0,False,0|2|0,3|1|1,-145.0,125.0,-140.0,120.0,1.5,5.5,sbro,,,,
2017-18,2018-02-03,Detroit,Florida,2.0,3.0,False,0|1|1,1|1|1,125.0,-145.0,135.0,-155.0,-1.5,5.5,sbro,,,,
2017-18,2018-02-03,St.Louis,Buffalo,1.0,0.0,False,0|0|1,0|0|0,-167.0,147.0,-166.0,146.0,1.5,5.0,sbro,,,,
2017-18,2018-02-03,Colorado,Winnipeg,0.0,3.0,False,0|0|0,1|0|2,170.0,-200.0,165.0,-185.0,-1.5,5.5,sbro,,,,
2017-18,2018-02-03,Columbus,NYIslanders,3.0,4.0,False,1|2|0,1|1|2,108.0,-128.0,110.0,-130.0,-1.5,5.5,sbro,,,,
2017-18,2018-02-03,Toronto,Boston,1.0,4.0,False,1|0|0,1|2|1,-103.0,-117.0,110.0,-130.0,-1.5,5.5,sbro,,,,
2017-18,2018-02-03,Pittsburgh,NewJersey,1.0,3.0,False,0|0|1,0|2|1,-135.0,115.0,-120.0,100.0,1.5,6.0,sbro,,,,
2017-18,2018-02-03,NYRangers,Nashville,2.0,5.0,False,0|0|2,0|2|3,160.0,-180.0,173.0,-203.0,-1.5,5.5,sbro,,,,
2017-18,2018-02-03,Minnesota,Dallas,1.0,6.0,False,0|0|1,0|4|2,135.0,-155.0,130.0,-150.0,-1.5,5.5,sbro,,,,
2017-18,2018-02-03,Chicago,Calgary,3.0,4.0,False,1|2|0,0|2|1,105.0,-125.0,140.0,-160.0,-1.5,5.5,sbro,,,,
2017-18,2018-02-03,TampaBay,Vancouver,4.0,2.0,False,2|1|1,0|0|2,-162.0,142.0,-180.0,160.0,1.5,5.5,sbro,,,,
2017-18,2018-02-03,Arizona,LosAngeles,0.0,6.0,False,0|0|0,1|3|2,175.0,-205.0,160.0,-180.0,-1.5,5.5,sbro,,,,
2017-18,2018-02-04,Vegas,Washington,4.0,3.0,False,1|1|2,1|1|1,105.0,-125.0,-108.0,-112.0,-1.5,6.0,sbro,,,,
2017-18,2018-02-04,SanJose,Carolina,3.0,1.0,False,2|1|0,1|0|0,105.0,-125.0,113.0,-133.0,-1.5,5.5,sbro,,,,
2017-18,2018-02-04,Ottawa,Montreal,1.0,4.0,False,0|1|0,0|3|1,145.0,-165.0,154.0,-174.0,-1.5,5.5,sbro,,,,
2017-18,2018-02-05,Anaheim,Toronto,4.0,7.0,False,0|3|1,1|3|3,140.0,-160.0,128.0,-148.0,-1.5,5.5,sbro,,,,
2017-18,2018-02-05,Nashville,NYIslanders,5.0,4.0,False,2|1|1,3|1|0,-126.0,106.0,-140.0,120.0,1.5,6.0,sbro,,,,
2017-18,2018-02-05,NYRangers,Dallas,1.0,2.0,False,1|0|0,0|1|1,165.0,-185.0,184.0,-214.0,-1.5,6.0,sbro,,,,
2017-18,2018-02-05,TampaBay,Edmonton,2.0,6.0,False,1|0|1,2|2|2,-135.0,115.0,-152.0,132.0,1.5,6.0,sbro,,,,
2017-18,2018-02-06,Anaheim,Buffalo,4.0,3.0,False,0|2|1,1|1|1,-131.0,111.0,-125.0,105.0,1.5,5.5,sbro,,,,
2017-18,2018-02-06,Philadelphia,Carolina,2.0,1.0,False,0|1|0,1|0|0,103.0,-123.0,102.0,-122.0,-1.5,5.5,sbro,,,,
2017-18,2018-02-06,Washington,Columbus,3.0,2.0,False,1|1|1,1|0|1,102.0,-122.0,120.0,-140.0,-1.5,5.5,sbro,,,,
2017-18,2018-02-06,Vegas,Pittsburgh,4.0,5.0,False,1|1|2,0|3|2,108.0,-128.0,111.0,-131.0,-1.5,6.0,sbro,,,,
2017-18,2018-02-06,Boston,Detroit,3.0,2.0,False,0|2|1,0|1|1,-152.0,132.0,-148.0,128.0,1.5,5.5,sbro,,,,
2017-18,2018-02-06,NewJersey,Ottawa,3.0,5.0,False,1|1|1,3|2|0,-125.0,105.0,-135.0,115.0,1.5,5.5,sbro,,,,
2017-18,2018-02-06,Vancouver,Florida,1.0,3.0,False,0|1|0,1|1|1,143.0,-163.0,123.0,-143.0,-1.5,5.5,sbro,,,,
2017-18,2018-02-06,Minnesota,St.Louis,6.0,2.0,False,3|2|1,1|0|1,128.0,-148.0,122.0,-142.0,-1.5,5.0,sbro,,,,
2017-18,2018-02-06,Arizona,Winnipeg,3.0,4.0,False,2|0|1,3|1|0,195.0,-235.0,190.0,-230.0,-1.5,5.5,sbro,,,,
2017-18,2018-02-06,Calgary,Chicago,3.0,2.0,False,0|1|2,1|0|1,-103.0,-117.0,-104.0,-116.0,-1.5,6.0,sbro,,,,
2017-18,2018-02-06,SanJose,Colorado,1.0,3.0,False,0|1|0,0|2|1,-115.0,-105.0,-125.0,105.0,1.5,5.5,sbro,,,,
2017-18,2018-02-07,Nashville,Toronto,2.0,3.0,False,0|1|1,1|1|0,102.0,-122.0,105.0,-125.0,-1.5,5.5,sbro,,,,
2017-18,2018-02-07,Boston,NYRangers,6.0,1.0,False,2|3|1,1|0|0,-128.0,108.0,-150.0,130.0,1.5,5.5,sbro,,,,
2017-18,2018-02-07,Edmonton,LosAngeles,2.0,5.0,False,0|2|0,1|1|3,107.0,-127.0,103.0,-123.0,-1.5,5.5,sbro,,,,
2017-18,2018-02-08,Calgary,NewJersey,3.0,2.0,False,0|3|0,0|1|1,-105.0,-115.0,-124.0,104.0,1.5,6.0,sbro,,,,
2017-18,2018-02-08,Montreal,Philadelphia,3.0,5.0,False,0|2|1,0|2|3,125.0,-145.0,134.0,-154.0,-1.5,5.5,sbro,,,,
2017-18,2018-02-08,NYIslanders,Buffalo,3.0,4.0,False,0|1|2,2|1|1,-133.0,113.0,-115.0,-105.0,1.5,6.0,sbro,,,,
2017-18,2018-02-08,Vancouver,TampaBay,2.0,5.0,False,0|0|2,1|3|1,210.0,-260.0,210.0,-260.0,-1.5,6.0,sbro,,,,
2017-18,2018-02-08,Nashville,Ottawa,3.0,4.0,False,2|0|1,1|2|0,-158.0,138.0,-155.0,135.0,1.5,5.5,sbro,,,,
2017-18,2018-02-08,Colorado,St.Louis,1.0,6.0,False,0|1|0,1|4|1,160.0,-180.0,175.0,-205.0,-1.5,5.5,sbro,,,,
2017-18,2018-02-08,Arizona,Minnesota,4.0,3.0,False,0|1|2,1|2|0,195.0,-235.0,200.0,-240.0,-1.5,5.5,sbro,,,,
2017-18,2018-02-08,Dallas,Chicago,4.0,2.0,False,0|3|1,1|1|0,-127.0,107.0,-115.0,-105.0,1.5,6.0,sbro,,,,
2017-18,2018-02-08,Vegas,SanJose,5.0,3.0,False,1|1|3,1|1|1,-113.0,-107.0,105.0,-125.0,-1.5,5.5,sbro,,,,
2017-18,2018-02-09,Calgary,NYRangers,3.0,4.0,False,1|2|0,1|1|2,-128.0,108.0,-140.0,120.0,1.5,6.0,sbro,,,,
2017-18,2018-02-09,Columbus,Washington,2.0,4.0,False,1|1|0,2|2|0,127.0,-147.0,115.0,-135.0,-1.5,5.5,sbro,,,,
2017-18,2018-02-09,Detroit,NYIslanders,6.0,7.0,False,3|0|3,0|1|5,123.0,-143.0,100.0,-120.0,-1.5,6.0,sbro,,,,
2017-18,2018-02-09,Vancouver,Carolina,1.0,4.0,False,0|1|0,3|0|1,155.0,-175.0,188.0,-218.0,-1.5,5.5,sbro,,,,
2017-18,2018-02-09,LosAngeles,Florida,3.0,1.0,False,0|2|1,1|0|0,-115.0,-105.0,102.0,-122.0,-1.5,5.5,sbro,,,,
2017-18,2018-02-09,St.Louis,Winnipeg,5.0,2.0,False,0|3|2,0|1|1,132.0,-152.0,141.0,-161.0,-1.5,5.5,sbro,,,,
2017-18,2018-02-09,Pittsburgh,Dallas,3.0,4.0,False,2|0|1,1|0|2,-108.0,-112.0,100.0,-120.0,-1.5,6.0,sbro,,,,
2017-18,2018-02-09,Edmonton,Anaheim,2.0,3.0,False,0|1|1,1|1|1,118.0,-138.0,135.0,-155.0,-1.5,5.5,sbro,,,,
2017-18,2018-02-10,LosAngeles,TampaBay,3.0,4.0,False,1|0|2,2|2|0,185.0,-215.0,190.0,-230.0,-1.5,5.5,sbro,,,,
2017-18,2018-02-10,Nashville,Montreal,3.0,2.0,False,0|1|1,0|1|1,-143.0,123.0,-134.0,114.0,1.5,5.5,sbro,,,,
2017-18,2018-02-10,NewJersey,Columbus,1.0,6.0,False,0|0|1,1|3|2,110.0,-130.0,114.0,-134.0,-1.5,5.5,sbro,,,,
2017-18,2018-02-10,Buffalo,Boston,4.0,2.0,False,0|3|1,0|1|1,250.0,-320.0,290.0,-360.0,-1.5,5.5,sbro,,,,
2017-18,2018-02-10,Ottawa,Toronto,3.0,6.0,False,0|1|2,3|1|2,190.0,-230.0,190.0,-230.0,-1.5,6.0,sbro,,,,
2017-18,2018-02-10,Philadelphia,Arizona,4.0,3.0,False,2|1|0,1|1|1,-143.0,123.0,-138.0,118.0,1.5,5.5,sbro,,,,
2017-18,2018-02-10,Colorado,Carolina,1.0,3.0,False,1|0|0,1|0|2,135.0,-155.0,145.0,-165.0,-1.5,5.5,sbro,,,,
2017-18,2018-02-10,Chicago,Minnesota,0.0,3.0,False,0|0|0,2|1|0,153.0,-173.0,133.0,-153.0,-1.5,5.5,sbro,,,,
2017-18,2018-02-10,Edmonton,SanJose,4.0,6.0,False,0|3|1,2|1|3,128.0,-148.0,153.0,-173.0,-1.5,5.5,sbro,,,,
2017-18,2018-02-11,Detroit,Washington,5.0,4.0,False,1|3|0,1|0|3,158.0,-178.0,160.0,-180.0,-1.5,5.5,sbro,,,,
2017-18,2018-02-11,Pittsburgh,St.Louis,4.0,1.0,False,0|1|3,0|1|0,-103.0,-117.0,-105.0,-115.0,-1.5,5.5,sbro,,,,
2017-18,2018-02-11,NYRangers,Winnipeg,3.0,1.0,False,1|0|2,1|0|0,195.0,-235.0,200.0,-240.0,-1.5,6.0,sbro,,,,
2017-18,2018-02-11,Vancouver,Dallas,6.0,0.0,False,3|2|1,0|0|0,190.0,-230.0,220.0,-270.0,-1.5,5.5,sbro,,,,
2017-18,2018-02-11,Colorado,Buffalo,5.0,4.0,False,2|1|2,1|1|2,-110.0,-110.0,-120.0,100.0,1.5,5.5,sbro,,,,
2017-18,2018-02-11,Boston,NewJersey,5.0,3.0,False,2|1|2,1|2|0,-165.0,145.0,-155.0,135.0,1.5,5.5,sbro,,,,
2017-18,2018-02-11,Calgary,NYIslanders,3.0,2.0,False,0|1|2,1|1|0,-113.0,-107.0,-121.0,101.0,1.5,6.0,sbro,,,,
2017-18,2018-02-11,SanJose,Anaheim,3.0,2.0,False,0|0|2,1|0|1,145.0,-165.0,151.0,-171.0,-1.5,5.5,sbro,,,,
2017-18,2018-02-11,Philadelphia,Vegas,4.0,1.0,False,1|2|1,1|0|0,185.0,-215.0,175.0,-205.0,-1.5,6.0,sbro,,,,
2017-18,2018-02-12,TampaBay,Toronto,3.0,4.0,False,0|1|2,1|2|1,-110.0,-110.0,-103.0,-117.0,-1.5,6.0,sbro,,,,
2017-18,2018-02-12,Chicago,Arizona,1.0,6.0,False,0|1|0,2|2|2,-114.0,-106.0,-135.0,115.0,1.5,5.5,sbro,,,,
2017-18,2018-02-12,Florida,Edmonton,7.0,5.0,False,1|2|4,1|2|2,120.0,-140.0,120.0,-140.0,-1.5,6.0,sbro,,,,
2017-18,2018-02-13,Calgary,Boston,2.0,5.0,False,2|0|0,1|1|3,163.0,-183.0,165.0,-185.0,-1.5,5.5,sbro,,,,
2017-18,2018-02-13,LosAngeles,Carolina,3.0,7.0,False,0|2|1,3|2|2,107.0,-127.0,123.0,-143.0,-1.5,5.5,sbro,,,,
2017-18,2018-02-13,TampaBay,Buffalo,3.0,5.0,False,1|1|1,1|2|2,-182.0,162.0,-180.0,160.0,1.5,6.0,sbro,,,,
2017-18,2018-02-13,Columbus,NYIslanders,4.0,1.0,False,0|2|2,1|0|0,-115.0,-105.0,-127.0,107.0,1.5,6.0,sbro,,,,
2017-18,2018-02-13,NewJersey,Philadelphia,5.0,4.0,False,0|3|1,1|3|0,137.0,-157.0,137.0,-157.0,-1.5,5.5,sbro,,,,
2017-18,2018-02-13,Ottawa,Pittsburgh,3.0,6.0,False,0|2|1,1|3|2,215.0,-265.0,107.0,-127.0,-1.5,6.0,sbro,,,,
2017-18,2018-02-13,Anaheim,Detroit,1.0,2.0,False,0|0|1,1|1|0,-132.0,112.0,-130.0,110.0,1.5,5.5,sbro,,,,
2017-18,2018-02-13,Washington,Winnipeg,3.0,4.0,False,1|1|1,1|0|2,120.0,-140.0,130.0,-150.0,-1.5,5.5,sbro,,,,
2017-18,2018-02-13,NYRangers,Minnesota,2.0,3.0,False,1|1|0,3|0|0,170.0,-200.0,175.0,-205.0,-1.5,5.5,sbro,,,,
2017-18,2018-02-13,St.Louis,Nashville,3.0,4.0,False,1|2|0,0|0|3,135.0,-155.0,127.0,-147.0,-1.5,5.5,sbro,,,,
2017-18,2018-02-13,Chicago,Vegas,2.0,5.0,False,1|1|0,1|0|4,180.0,-210.0,185.0,-215.0,-1.5,6.0,sbro,,,,
2017-18,2018-02-13,Arizona,SanJose,2.0,1.0,False,1|1|0,1|0|0,185.0,-215.0,200.0,-240.0,-1.5,5.5,sbro,,,,
2017-18,2018-02-14,Columbus,Toronto,3.0,6.0,False,1|2|0,2|2|2,170.0,-200.0,155.0,-175.0,-1.5,6.0,sbro,,,,
2017-18,2018-02-14,Montreal,Colorado,0.0,2.0,False,0|0|0,0|1|1,100.0,-120.0,118.0,-138.0,-1.5,5.5,sbro,,,,
2017-18,2018-02-14,Florida,Vancouver,4.0,3.0,False,4|0|0,2|1|0,-105.0,-115.0,-113.0,-107.0,1.5,5.5,sbro,,,,
2017-18,2018-02-15,LosAngeles,Pittsburgh,1.0,3.0,False,0|1|0,0|1|2,170.0,-200.0,150.0,-170.0,-1.5,5.5,sbro,,,,
2017-18,2018-02-15,Carolina,NewJersey,2.0,5.0,False,1|1|0,1|2|2,-115.0,-105.0,-128.0,108.0,1.5,5.5,sbro,,,,
2017-18,2018-02-15,NYRangers,NYIslanders,0.0,3.0,False,0|0|0,1|1|1,115.0,-135.0,125.0,-145.0,-1.5,6.5,sbro,,,,
2017-18,2018-02-15,Buffalo,Ottawa,2.0,3.0,False,1|0|1,0|0|2,123.0,-143.0,130.0,-150.0,-1.5,5.5,sbro,,,,
2017-18,2018-02-15,Detroit,TampaBay,1.0,4.0,False,0|1|0,2|1|1,210.0,-260.0,195.0,-235.0,-1.5,6.0,sbro,,,,
2017-18,2018-02-15,Washington,Minnesota,5.0,2.0,False,0|2|3,0|0|2,110.0,-130.0,125.0,-145.0,-1.5,5.5,sbro,,,,
2017-18,2018-02-15,Calgary,Nashville,4.0,3.0,False,1|1|2,1|1|1,170.0,-200.0,145.0,-165.0,-1.5,5.5,sbro,,,,
2017-18,2018-02-15,Anaheim,Chicago,3.0,2.0,False,0|2|1,0|2|0,-117.0,-103.0,-123.0,103.0,1.5,5.5,sbro,,,,
2017-18,2018-02-15,Montreal,Arizona,2.0,5.0,False,0|0|2,1|2|2,-105.0,-115.0,-115.0,-105.0,1.5,5.5,sbro,,,,
2017-18,2018-02-15,Edmonton,Vegas,1.0,4.0,False,0|0|1,1|2|1,190.0,-230.0,165.0,-185.0,-1.5,6.5,sbro,,,,
2017-18,2018-02-15,Vancouver,SanJose,1.0,4.0,False,0|0|1,1|1|2,185.0,-215.0,170.0,-200.0,-1.5,5.5,sbro,,,,
2017-18,2018-02-16,Philadelphia,Columbus,2.0,1.0,False,0|1|0,0|0|1,123.0,-143.0,132.0,-152.0,-1.5,5.5,sbro,,,,
2017-18,2018-02-16,NYIslanders,Carolina,3.0,0.0,False,0|1|2,0|0|0,135.0,-155.0,170.0,-200.0,-1.5,6.5,sbro,,,,
2017-18,2018-02-16,Colorado,Winnipeg,1.0,6.0,False,0|0|1,1|3|2,170.0,-200.0,185.0,-215.0,-1.5,5.5,sbro,,,,
2017-18,2018-02-16,St.Louis,Dallas,1.0,2.0,False,0|0|1,0|1|1,120.0,-140.0,115.0,-135.0,-1.5,5.5,sbro,,,,
2017-18,2018-02-17,LosAngeles,Buffalo,4.0,2.0,False,1|3|0,0|0|2,-147.0,127.0,-145.0,125.0,1.5,5.0,sbro,,,,
2017-18,2018-02-17,Anaheim,Minnesota,3.0,2.0,False,1|0|1,1|1|0,107.0,-127.0,113.0,-133.0,-1.5,5.5,sbro,,,,
2017-18,2018-02-17,NYRangers,Ottawa,3.0,6.0,False,1|1|1,2|2|2,103.0,-123.0,100.0,-120.0,-1.5,5.5,sbro,,,,
2017-18,2018-02-17,Edmonton,Arizona,0.0,1.0,False,0|0|0,1|0|0,-118.0,-102.0,-120.0,100.0,1.5,5.5,sbro,,,,
2017-18,2018-02-17,NewJersey,TampaBay,4.0,3.0,False,1|2|1,1|1|1,200.0,-240.0,196.0,-226.0,-1.5,6.0,sbro,,,,
2017-18,2018-02-17,Montreal,Vegas,3.0,6.0,False,2|0|1,3|2|1,205.0,-245.0,210.0,-260.0,-1.5,6.0,sbro,,,,
2017-18,2018-02-17,Toronto,Pittsburgh,3.0,5.0,False,2|1|0,2|1|2,115.0,-135.0,117.0,-137.0,-1.5,6.0,sbro,,,,
2017-18,2018-02-17,Detroit,Nashville,3.0,1.0,False,2|0|1,0|0|1,190.0,-230.0,175.0,-205.0,-1.5,5.5,sbro,,,,
2017-18,2018-02-17,Washington,Chicago,1.0,7.0,False,1|0|0,3|3|1,-130.0,110.0,-119.0,-101.0,1.5,6.0,sbro,,,,
2017-18,2018-02-17,Boston,Vancouver,1.0,6.0,False,0|0|1,4|1|1,-185.0,165.0,-200.0,170.0,1.5,5.5,sbro,,,,
2017-18,2018-02-17,Florida,Calgary,6.0,3.0,False,1|3|2,1|1|1,103.0,-123.0,118.0,-138.0,-1.5,6.0,sbro,,,,
2017-18,2018-02-18,Philadelphia,NYRangers,7.0,4.0,False,3|2|2,3|1|0,-140.0,120.0,-150.0,130.0,1.5,6.0,sbro,,,,
2017-18,2018-02-18,Edmonton,Colorado,4.0,2.0,False,0|1|3,1|1|0,130.0,-150.0,115.0,-135.0,-1.5,6.0,sbro,,,,
2017-18,2018-02-18,NewJersey,Carolina,3.0,2.0,False,1|1|0,0|1|1,150.0,-170.0,148.0,-168.0,-1.5,6.0,sbro,,,,
2017-18,2018-02-18,Pittsburgh,Columbus,5.0,2.0,False,3|1|1,1|0|1,-101.0,-119.0,120.0,-140.0,-1.5,6.0,sbro,,,,
2017-18,2018-02-18,Toronto,Detroit,3.0,2.0,False,0|2|1,0|1|1,-125.0,105.0,-136.0,116.0,1.5,6.0,sbro,,,,
2017-18,2018-02-18,Florida,Winnipeg,2.0,7.0,False,1|1|0,1|2|4,165.0,-185.0,185.0,-215.0,-1.5,6.0,sbro,,,,
2017-18,2018-02-18,Dallas,SanJose,2.0,5.0,False,0|0|2,4|1|0,-105.0,-115.0,-103.0,-117.0,-1.5,5.5,sbro,,,,
2017-18,2018-02-19,Minnesota,NYIslanders,5.0,3.0,False,1|3|1,1|2|0,-125.0,105.0,-122.0,102.0,1.5,6.0,sbro,,,,
2017-18,2018-02-19,Washington,Buffalo,3.0,2.0,False,0|2|1,0|0|2,-150.0,130.0,-147.0,127.0,1.5,5.5,sbro,,,,
2017-18,2018-02-19,Boston,Calgary,2.0,1.0,False,1|0|0,0|1|0,-114.0,-106.0,-135.0,115.0,1.5,6.0,sbro,,,,
2017-18,2018-02-19,Ottawa,Nashville,2.0,5.0,False,1|1|0,2|2|1,190.0,-230.0,200.0,-240.0,-1.5,6.0,sbro,,,,
2017-18,2018-02-19,LosAngeles,Chicago,3.0,1.0,False,2|1|0,0|0|1,-115.0,-105.0,101.0,-121.0,-1.5,5.5,sbro,,,,
2017-18,2018-02-19,Anaheim,Vegas,2.0,0.0,False,1|0|1,0|0|0,155.0,-175.0,125.0,-145.0,-1.5,5.5,sbro,,,,
2017-18,2018-02-20,Montreal,Philadelphia,2.0,3.0,False,1|0|1,0|1|1,145.0,-165.0,126.0,-146.0,-1.5,5.5,sbro,,,,
2017-18,2018-02-20,Florida,Toronto,0.0,1.0,False,0|0|0,1|0|0,170.0,-200.0,141.0,-161.0,-1.5,6.0,sbro,,,,
2017-18,2018-02-20,TampaBay,Washington,4.0,2.0,False,3|0|1,0|1|1,-116.0,-104.0,-126.0,106.0,1.5,6.0,sbro,,,,
2017-18,2018-02-20,Columbus,NewJersey,2.0,1.0,False,1|1|0,0|1|0,-108.0,-112.0,-121.0,101.0,1.5,6.0,sbro,,,,
2017-18,2018-02-20,Nashville,Detroit,3.0,2.0,False,2|0|1,0|1|1,-117.0,-103.0,-130.0,110.0,1.5,5.5,sbro,,,,
2017-18,2018-02-20,LosAngeles,Winnipeg,4.0,3.0,False,0|2|2,1|1|1,157.0,-177.0,180.0,-210.0,-1.5,5.5,sbro,,,,
2017-18,2018-02-20,SanJose,St.Louis,3.0,2.0,False,0|3|0,0|2|0,130.0,-150.0,143.0,-163.0,-1.5,5.0,sbro,,,,
2017-18,2018-02-20,Boston,Edmonton,3.0,2.0,False,0|0|3,1|1|0,-145.0,125.0,-134.0,114.0,1.5,6.0,sbro,,,,
2017-18,2018-02-20,Colorado,Vancouver,5.0,4.0,False,0|3|1,0|4|0,-107.0,-113.0,103.0,-123.0,-1.5,6.0,sbro,,,,
2017-18,2018-02-21,Ottawa,Chicago,2.0,3.0,False,1|1|0,1|1|0,153.0,-173.0,148.0,-168.0,-1.5,6.0,sbro,,,,
2017-18,2018-02-21,Dallas,Anaheim,0.0,2.0,False,0|0|0,1|0|1,107.0,-127.0,105.0,-125.0,-1.5,5.5,sbro,,,,
2017-18,2018-02-21,Calgary,Vegas,3.0,7.0,False,1|2|0,2|2|3,165.0,-185.0,150.0,-170.0,-1.5,6.0,sbro,,,,
2017-18,2018-02-22,Minnesota,NewJersey,4.0,2.0,False,0|3|1,1|1|0,-113.0,-107.0,-118.0,-102.0,1.5,6.0,sbro,,,,
2017-18,2018-02-22,NYIslanders,Toronto,3.0,4.0,False,2|0|1,1|0|2,180.0,-210.0,175.0,-205.0,-1.5,6.5,sbro,,,,
2017-18,2018-02-22,Columbus,Philadelphia,1.0,2.0,False,0|1|0,0|0|2,100.0,-120.0,-103.0,-117.0,-1.5,5.5,sbro,,,,
2017-18,2018-02-22,TampaBay,Ottawa,4.0,3.0,False,2|2|0,1|0|2,-200.0,170.0,-172.0,152.0,1.5,6.0,sbro,,,,
2017-18,2018-02-22,NYRangers,Montreal,1.0,3.0,False,0|0|1,1|1|1,117.0,-137.0,152.0,-172.0,-1.5,6.0,sbro,,,,
2017-18,2018-02-22,Buffalo,Detroit,3.0,2.0,False,1|1|0,0|1|1,137.0,-157.0,137.0,-157.0,-1.5,5.0,sbro,,,,
2017-18,2018-02-22,Washington,Florida,2.0,3.0,False,1|1|0,1|0|2,-115.0,-105.0,-103.0,-117.0,-1.5,6.0,sbro,,,,
2017-18,2018-02-22,SanJose,Nashville,1.0,7.0,False,0|1|0,2|1|4,150.0,-170.0,141.0,-161.0,-1.5,5.5,sbro,,,,
2017-18,2018-02-22,Calgary,Arizona,5.0,2.0,False,2|1|2,1|0|1,-112.0,-108.0,-103.0,-117.0,-1.5,5.5,sbro,,,,
2017-18,2018-02-22,Colorado,Edmonton,2.0,3.0,False,0|1|1,0|2|0,113.0,-133.0,122.0,-142.0,-1.5,6.0,sbro,,,,
2017-18,2018-02-22,Dallas,LosAngeles,2.0,0.0,False,0|0|2,0|0|0,113.0,-133.0,101.0,-121.0,-1.5,5.0,sbro,,,,
2017-18,2018-02-23,Minnesota,NYRangers,4.0,1.0,False,2|0|2,0|1|0,-155.0,135.0,-165.0,145.0,1.5,6.0,sbro,,,,
2017-18,2018-02-23,Pittsburgh,Carolina,6.0,1.0,False,1|3|2,0|1|0,-122.0,102.0,-130.0,110.0,1.5,5.5,sbro,,,,
2017-18,2018-02-23,Winnipeg,St.Louis,4.0,0.0,False,3|1|0,0|0|0,100.0,-120.0,108.0,-128.0,-1.5,5.5,sbro,,,,
2017-18,2018-02-23,SanJose,Chicago,1.0,3.0,False,0|0|1,0|1|2,108.0,-128.0,107.0,-127.0,-1.5,5.5,sbro,,,,
2017-18,2018-02-23,Vancouver,Vegas,3.0,6.0,False,2|0|1,2|3|1,210.0,-260.0,220.0,-270.0,-1.5,6.0,sbro,,,,
2017-18,2018-02-24,Philadelphia,Ottawa,5.0,3.0,False,2|0|3,1|0|2,-133.0,113.0,-147.0,127.0,1.5,5.5,sbro,,,,
2017-18,2018-02-24,Colorado,Calgary,1.0,5.0,False,1|0|0,2|1|2,123.0,-143.0,130.0,-150.0,-1.5,6.0,sbro,,,,
2017-18,2018-02-24,Winnipeg,Dallas,5.0,3.0,False,0|5|0,1|1|1,133.0,-153.0,117.0,-137.0,-1.5,5.5,sbro,,,,
2017-18,2018-02-24,TampaBay,Montreal,4.0,3.0,False,1|1|1,1|2|0,-183.0,163.0,-168.0,148.0,1.5,6.0,sbro,,,,
2017-18,2018-02-24,Chicago,Columbus,2.0,3.0,False,1|1|0,1|1|1,150.0,-170.0,147.0,-167.0,-1.5,5.5,sbro,,,,
2017-18,2018-02-24,Pittsburgh,Florida,5.0,6.0,False,1|1|3,2|2|2,-120.0,100.0,-130.0,110.0,1.5,6.0,sbro,,,,
2017-18,2018-02-24,NYIslanders,NewJersey,1.0,2.0,False,0|1|0,0|0|2,113.0,-133.0,113.0,-133.0,-1.5,6.5,sbro,,,,
2017-18,2018-02-24,Carolina,Detroit,1.0,3.0,False,0|1|0,1|2|0,108.0,-128.0,-104.0,-116.0,-1.5,5.5,sbro,,,,
2017-18,2018-02-24,Buffalo,Washington,1.0,5.0,False,0|0|1,1|1|3,190.0,-230.0,190.0,-230.0,-1.5,5.5,sbro,,,,
2017-18,2018-02-24,Boston,Toronto,3.0,4.0,False,2|1|0,2|1|1,-123.0,103.0,-123.0,103.0,1.5,5.5,sbro,,,,
2017-18,2018-02-24,Anaheim,Arizona,0.0,2.0,False,0|0|0,1|0|1,-153.0,133.0,-155.0,135.0,1.5,5.5,sbro,,,,
2017-18,2018-02-24,Edmonton,LosAngeles,4.0,3.0,False,1|2|1,0|1|2,135.0,-155.0,135.0,-155.0,-1.5,5.5,sbro,,,,
2017-18,2018-02-25,Boston,Buffalo,1.0,4.0,False,0|1|0,2|1|1,-200.0,170.0,-259.0,219.0,1.5,5.5,sbro,,,,
2017-18,2018-02-25,St.Louis,Nashville,0.0,4.0,False,0|0|0,2|2|0,145.0,-165.0,140.0,-160.0,-1.5,5.5,sbro,,,,
2017-18,2018-02-25,Detroit,NYRangers,3.0,2.0,False,1|1|0,0|1|1,-105.0,-115.0,115.0,-135.0,-1.5,5.5,sbro,,,,
2017-18,2018-02-25,Edmonton,Anaheim,6.0,5.0,False,2|1|2,1|1|3,155.0,-175.0,160.0,-180.0,-1.5,5.5,sbro,,,,
2017-18,2018-02-25,SanJose,Minnesota,2.0,3.0,False,1|1|0,0|1|1,130.0,-150.0,145.0,-165.0,-1.5,5.5,sbro,,,,
2017-18,2018-02-25,Vancouver,Arizona,3.0,1.0,False,1|0|2,0|0|1,-107.0,-113.0,-105.0,-115.0,-1.5,5.5,sbro,,,,
2017-18,2018-02-26,Washington,Columbus,1.0,5.0,False,1|0|0,4|0|1,110.0,-130.0,112.0,-132.0,-1.5,5.5,sbro,,,,
2017-18,2018-02-26,Toronto,TampaBay,3.0,4.0,False,2|0|1,1|2|0,155.0,-175.0,150.0,-170.0,-1.5,6.0,sbro,,,,
2017-18,2018-02-26,Philadelphia,Montreal,1.0,0.0,False,0|0|0,0|0|0,-135.0,115.0,-135.0,115.0,1.5,6.0,sbro,,,,
2017-18,2018-02-26,Vancouver,Colorado,1.0,3.0,False,0|0|1,1|0|2,155.0,-175.0,140.0,-160.0,-1.5,6.0,sbro,,,,
2017-18,2018-02-26,Vegas,LosAngeles,2.0,3.0,False,1|0|1,0|0|2,-105.0,-115.0,-109.0,-111.0,1.5,5.5,sbro,,,,
2017-18,2018-02-27,NewJersey,Pittsburgh,3.0,2.0,False,1|1|1,1|1|0,170.0,-200.0,175.0,-205.0,-1.5,6.5,sbro,,,,
2017-18,2018-02-27,Ottawa,Washington,2.0,3.0,False,0|1|1,1|2|0,185.0,-215.0,155.0,-175.0,-1.5,6.0,sbro,,,,
2017-18,2018-02-27,Carolina,Boston,3.0,4.0,False,3|0|0,2|1|0,185.0,-215.0,165.0,-185.0,-1.5,5.5,sbro,,,,
2017-18,2018-02-27,Toronto,Florida,2.0,3.0,False,0|2|0,1|1|0,113.0,-133.0,125.0,-145.0,-1.5,6.0,sbro,,,,
2017-18,2018-02-27,Nashville,Winnipeg,6.0,5.0,False,0|3|3,0|4|1,102.0,-122.0,113.0,-133.0,-1.5,5.5,sbro,,,,
2017-18,2018-02-27,St.Louis,Minnesota,3.0,8.0,False,1|2|0,3|3|2,130.0,-150.0,122.0,-142.0,-1.5,5.0,sbro,,,,
2017-18,2018-02-27,Calgary,Dallas,0.0,2.0,False,0|0|0,1|1|0,130.0,-150.0,135.0,-155.0,-1.5,6.0,sbro,,,,
2017-18,2018-02-27,LosAngeles,Vegas,4.0,1.0,False,1|2|1,1|0|0,153.0,-173.0,148.0,-168.0,-1.5,5.5,sbro,,,,
2017-18,2018-02-27,Edmonton,SanJose,2.0,5.0,False,1|0|1,0|4|1,118.0,-138.0,130.0,-150.0,-1.5,5.5,sbro,,,,
2017-18,2018-02-28,Buffalo,TampaBay,2.0,1.0,False,0|0|1,1|0|0,250.0,-320.0,250.0,-320.0,-1.5,5.5,sbro,,,,
2017-18,2018-02-28,NYIslanders,Montreal,1.0,3.0,False,1|0|0,1|2|0,-108.0,-112.0,103.0,-123.0,-1.5,6.0,sbro,,,,
2017-18,2018-02-28,Detroit,St.Louis,1.0,2.0,False,0|0|1,0|1|1,132.0,-152.0,145.0,-165.0,-1.5,5.0,sbro,,,,
2017-18,2018-02-28,Calgary,Colorado,2.0,5.0,False,1|1|0,0|4|1,105.0,-125.0,-105.0,-115.0,-1.5,6.0,sbro,,,,
2017-18,2018-02-28,NYRangers,Vancouver,6.0,5.0,False,3|1|1,2|1|2,100.0,-120.0,117.0,-137.0,-1.5,6.0,sbro,,,,
2017-18,2018-03-01,Pittsburgh,Boston,4.0,8.0,False,3|0|1,5|3|0,113.0,-133.0,-103.0,-117.0,-1.5,6.0,sbro,,,,
2017-18,2018-03-01,Carolina,Philadelphia,4.0,1.0,False,1|2|1,0|0|1,143.0,-163.0,122.0,-142.0,-1.5,5.5,sbro,,,,
2017-18,2018-03-01,NewJersey,Florida,2.0,3.0,False,0|1|1,1|0|2,123.0,-143.0,105.0,-125.0,-1.5,6.0,sbro,,,,
2017-18,2018-03-01,TampaBay,Dallas,5.0,4.0,False,1|3|0,1|1|2,117.0,-137.0,150.0,-170.0,-1.5,6.0,sbro,,,,
2017-18,2018-03-01,Nashville,Edmonton,4.0,2.0,False,0|2|2,2|0|0,-148.0,128.0,-155.0,135.0,1.5,6.0,sbro,,,,
2017-18,2018-03-01,Minnesota,Arizona,3.0,5.0,False,1|0|2,0|1|4,-153.0,133.0,-163.0,143.0,1.5,5.5,sbro,,,,
2017-18,2018-03-01,Chicago,SanJose,2.0,7.0,False,1|0|1,2|4|1,143.0,-163.0,150.0,-170.0,-1.5,5.5,sbro,,,,
2017-18,2018-03-01,Columbus,LosAngeles,2.0,5.0,False,2|0|0,0|3|2,133.0,-153.0,140.0,-160.0,-1.5,5.5,sbro,,,,
2017-18,2018-03-02,Montreal,NYIslanders,6.0,3.0,False,1|2|3,1|2|0,123.0,-143.0,120.0,-140.0,-1.5,6.0,sbro,,,,
2017-18,2018-03-02,Buffalo,Florida,1.0,4.0,False,1|0|0,2|2|0,185.0,-215.0,170.0,-200.0,-1.5,5.5,sbro,,,,
2017-18,2018-03-02,NewJersey,Carolina,1.0,3.0,False,0|1|0,0|1|2,107.0,-127.0,125.0,-145.0,-1.5,6.0,sbro,,,,
2017-18,2018-03-02,Detroit,Winnipeg,3.0,4.0,False,1|1|1,2|2|0,185.0,-215.0,190.0,-230.0,-1.5,5.5,sbro,,,,
2017-18,2018-03-02,NYRangers,Calgary,3.0,1.0,False,1|2|0,1|0|0,165.0,-185.0,180.0,-210.0,-1.5,6.0,sbro,,,,
2017-18,2018-03-02,Minnesota,Colorado,1.0,7.0,False,0|1|0,2|4|1,-113.0,-107.0,-115.0,-105.0,1.5,6.0,sbro,,,,
2017-18,2018-03-02,Ottawa,Vegas,5.0,4.0,False,1|3|1,2|0|2,220.0,-270.0,215.0,-265.0,-1.5,6.5,sbro,,,,
2017-18,2018-03-02,Nashville,Vancouver,4.0,3.0,False,0|1|2,1|1|1,-177.0,157.0,-155.0,135.0,1.5,6.0,sbro,,,,
2017-18,2018-03-02,Columbus,Anaheim,2.0,4.0,False,1|0|1,1|2|1,135.0,-155.0,127.0,-147.0,-1.5,5.5,sbro,,,,
2017-18,2018-03-03,Philadelphia,TampaBay,6.0,7.0,False,3|1|2,1|2|3,160.0,-180.0,170.0,-200.0,-1.5,6.0,sbro,,,,
2017-18,2018-03-03,St.Louis,Dallas,2.0,3.0,False,0|1|1,0|1|1,143.0,-163.0,140.0,-160.0,-1.5,5.5,sbro,,,,
2017-18,2018-03-03,Chicago,LosAngeles,5.0,3.0,False,1|0|4,0|3|0,160.0,-180.0,157.0,-177.0,-1.5,5.5,sbro,,,,
2017-18,2018-03-03,NYIslanders,Pittsburgh,2.0,3.0,False,1|0|1,0|1|1,185.0,-215.0,215.0,-265.0,-1.5,6.5,sbro,,,,
2017-18,2018-03-03,Montreal,Boston,1.0,2.0,False,1|0|0,0|0|1,190.0,-230.0,220.0,-270.0,-1.5,5.5,sbro,,,,
2017-18,2018-03-03,Toronto,Washington,2.0,5.0,False,1|1|0,3|2|0,105.0,-125.0,-105.0,-115.0,-1.5,6.0,sbro,,,,
2017-18,2018-03-03,Ottawa,Arizona,1.0,2.0,False,1|0|0,1|1|0,113.0,-133.0,117.0,-137.0,-1.5,5.5,sbro,,,,
2017-18,2018-03-03,NYRangers,Edmonton,3.0,2.0,False,1|2|0,0|2|0,165.0,-185.0,170.0,-200.0,-1.5,6.0,sbro,,,,
2017-18,2018-03-04,Philadelphia,Florida,1.0,4.0,False,0|0|1,2|1|1,114.0,-134.0,127.0,-147.0,-1.5,6.0,sbro,,,,
2017-18,2018-03-04,Nashville,Colorado,4.0,3.0,False,1|1|1,1|0|2,-133.0,113.0,-145.0,125.0,1.5,6.0,sbro,,,,
2017-18,2018-03-04,Chicago,Anaheim,3.0,6.0,False,0|1|2,2|2|2,155.0,-175.0,177.0,-197.0,-1.5,5.5,sbro,,,,
2017-18,2018-03-04,Vegas,NewJersey,3.0,2.0,False,0|3|0,0|2|0,-120.0,100.0,-122.0,102.0,1.5,6.0,sbro,,,,
2017-18,2018-03-04,Winnipeg,Carolina,3.0,2.0,False,1|1|1,1|0|1,-118.0,-102.0,-125.0,105.0,1.5,5.5,sbro,,,,
2017-18,2018-03-04,Detroit,Minnesota,1.0,4.0,False,1|0|0,0|2|2,170.0,-200.0,170.0,-200.0,-1.5,5.5,sbro,,,,
2017-18,2018-03-04,Columbus,SanJose,4.0,2.0,False,2|1|1,0|1|1,137.0,-157.0,139.0,-159.0,-1.5,5.5,sbro,,,,
2017-18,2018-03-05,Calgary,Pittsburgh,3.0,4.0,False,2|1|0,2|1|0,165.0,-185.0,165.0,-185.0,-1.5,6.5,sbro,,,,
2017-18,2018-03-05,Toronto,Buffalo,3.0,5.0,False,1|1|1,2|2|1,-175.0,155.0,-177.0,157.0,1.5,5.5,sbro,,,,
2017-18,2018-03-05,Ottawa,Dallas,3.0,2.0,False,0|1|1,1|0|1,190.0,-230.0,191.0,-231.0,-1.5,6.0,sbro,,,,
2017-18,2018-03-05,Arizona,Edmonton,3.0,4.0,False,1|0|2,3|0|0,135.0,-155.0,140.0,-160.0,-1.5,5.5,sbro,,,,
2017-18,2018-03-05,NYIslanders,Vancouver,3.0,4.0,False,1|1|1,0|2|1,-103.0,-117.0,101.0,-121.0,-1.5,6.0,sbro,,,,
2017-18,2018-03-06,Montreal,NewJersey,4.0,6.0,False,0|2|2,4|2|0,145.0,-165.0,145.0,-165.0,-1.5,5.5,sbro,,,,
2017-18,2018-03-06,Winnipeg,NYRangers,3.0,0.0,False,1|1|1,0|0|0,-150.0,130.0,-158.0,138.0,1.5,6.0,sbro,,,,
2017-18,2018-03-06,Detroit,Boston,5.0,6.0,False,2|2|1,3|2|0,195.0,-235.0,190.0,-230.0,-1.5,5.5,sbro,,,,
2017-18,2018-03-06,Vegas,Columbus,1.0,4.0,False,0|1|0,1|2|1,-120.0,100.0,-120.0,100.0,1.5,6.0,sbro,,,,
2017-18,2018-03-06,Florida,TampaBay,4.0,5.0,False,1|1|2,2|2|0,165.0,-185.0,160.0,-180.0,-1.5,6.0,sbro,,,,
2017-18,2018-03-06,Carolina,Minnesota,2.0,6.0,False,0|0|2,1|4|1,150.0,-170.0,137.0,-157.0,-1.5,5.5,sbro,,,,
2017-18,2018-03-06,Dallas,Nashville,0.0,2.0,False,0|0|0,0|0|2,150.0,-170.0,170.0,-200.0,-1.5,5.5,sbro,,,,
2017-18,2018-03-06,Colorado,Chicago,1.0,2.0,False,0|1|0,1|0|0,115.0,-135.0,114.0,-134.0,-1.5,6.0,sbro,,,,
2017-18,2018-03-06,Washington,Anaheim,0.0,4.0,False,0|0|0,2|1|1,120.0,-140.0,125.0,-145.0,-1.5,5.5,sbro,,,,
2017-18,2018-03-07,Calgary,Buffalo,5.0,1.0,False,2|3|0,0|0|1,-130.0,110.0,-163.0,143.0,1.5,5.5,sbro,,,,
2017-18,2018-03-07,Pittsburgh,Philadelphia,5.0,2.0,False,1|3|1,0|2|0,-105.0,-115.0,-109.0,-111.0,-1.5,6.0,sbro,,,,
2017-18,2018-03-07,Arizona,Vancouver,2.0,1.0,False,1|0|1,1|0|0,123.0,-143.0,120.0,-140.0,-1.5,5.5,sbro,,,,
2017-18,2018-03-08,Colorado,Columbus,4.0,5.0,False,2|0|2,1|3|0,138.0,-158.0,130.0,-150.0,-1.5,5.5,sbro,,,,
2017-18,2018-03-08,Philadelphia,Boston,2.0,3.0,False,1|1|0,2|0|1,170.0,-200.0,170.0,-200.0,-1.5,5.5,sbro,,,,
2017-18,2018-03-08,Winnipeg,NewJersey,3.0,2.0,False,1|1|1,0|1|1,-114.0,-106.0,-114.0,-106.0,1.5,5.5,sbro,,,,
2017-18,2018-03-08,Buffalo,Ottawa,4.0,3.0,False,1|1|1,0|3|0,127.0,-147.0,163.0,-183.0,-1.5,5.5,sbro,,,,
2017-18,2018-03-08,NYRangers,TampaBay,3.0,5.0,False,0|1|2,2|3|0,225.0,-275.0,225.0,-275.0,-1.5,6.0,sbro,,,,
2017-18,2018-03-08,Montreal,Florida,0.0,5.0,False,0|0|0,1|2|2,170.0,-200.0,170.0,-200.0,-1.5,6.0,sbro,,,,
2017-18,2018-03-08,Vegas,Detroit,4.0,0.0,False,1|3|0,0|0|0,-143.0,123.0,-138.0,118.0,1.5,5.5,sbro,,,,
2017-18,2018-03-08,Anaheim,Nashville,2.0,4.0,False,0|0|2,2|1|1,132.0,-152.0,117.0,-137.0,-1.5,5.5,sbro,,,,
2017-18,2018-03-08,Carolina,Chicago,3.0,2.0,False,1|1|1,2|0|0,112.0,-132.0,-102.0,-118.0,-1.5,5.5,sbro,,,,
2017-18,2018-03-08,NYIslanders,Edmonton,1.0,2.0,False,0|0|1,0|0|1,125.0,-145.0,117.0,-137.0,-1.5,6.5,sbro,,,,
2017-18,2018-03-08,Washington,LosAngeles,1.0,3.0,False,0|1|0,1|1|1,115.0,-135.0,117.0,-137.0,-1.5,5.5,sbro,,,,
2017-18,2018-03-08,St.Louis,SanJose,0.0,2.0,False,0|0|0,0|0|2,130.0,-150.0,120.0,-140.0,-1.5,5.5,sbro,,,,
2017-18,2018-03-09,Detroit,Columbus,2.0,3.0,False,1|0|1,1|2|0,180.0,-210.0,190.0,-230.0,-1.5,5.5,sbro,,,,
2017-18,2018-03-09,Calgary,Ottawa,2.0,1.0,False,1|0|1,0|0|1,-155.0,135.0,-157.0,137.0,1.5,5.5,sbro,,,,
2017-18,2018-03-09,Anaheim,Dallas,1.0,2.0,False,1|0|0,0|0|2,130.0,-150.0,138.0,-158.0,-1.5,5.5,sbro,,,,
2017-18,2018-03-09,Minnesota,Vancouver,5.0,2.0,False,1|2|2,1|1|0,-156.0,136.0,-161.0,141.0,1.5,5.5,sbro,,,,
2017-18,2018-03-10,Chicago,Boston,4.0,7.0,False,2|2|0,2|1|4,175.0,-205.0,185.0,-215.0,-1.5,5.5,sbro,,,,
2017-18,2018-03-10,Winnipeg,Philadelphia,1.0,2.0,False,0|0|1,0|2|0,-105.0,-115.0,-117.0,-103.0,1.5,6.0,sbro,,,,
2017-18,2018-03-10,Montreal,TampaBay,2.0,3.0,False,1|1|0,1|0|1,240.0,-310.0,220.0,-270.0,-1.5,6.0,sbro,,,,
2017-18,2018-03-10,Vegas,Buffalo,2.0,1.0,False,0|0|1,0|0|1,-205.0,175.0,-210.0,180.0,1.5,5.5,sbro,,,,
2017-18,2018-03-10,Arizona,Colorado,2.0,5.0,False,1|1|0,3|0|2,145.0,-165.0,153.0,-173.0,-1.5,5.5,sbro,,,,
2017-18,2018-03-10,Washington,SanJose,2.0,0.0,False,0|1|1,0|0|0,113.0,-133.0,128.0,-148.0,-1.5,5.5,sbro,,,,
2017-18,2018-03-10,St.Louis,LosAngeles,7.0,2.0,False,2|2|3,0|1|1,140.0,-160.0,150.0,-170.0,-1.5,5.0,sbro,,,,
2017-18,2018-03-10,NYRangers,Florida,3.0,4.0,False,0|1|2,1|1|1,205.0,-245.0,180.0,-210.0,-1.5,6.5,sbro,,,,
2017-18,2018-03-10,Pittsburgh,Toronto,2.0,5.0,False,0|0|2,2|2|1,-113.0,-107.0,-108.0,-112.0,1.5,6.5,sbro,,,,
2017-18,2018-03-10,NewJersey,Nashville,3.0,2.0,False,1|1|0,1|0|1,170.0,-200.0,165.0,-185.0,-1.5,5.5,sbro,,,,
2017-18,2018-03-10,Minnesota,Edmonton,1.0,4.0,False,0|0|1,0|2|2,-123.0,103.0,-115.0,-105.0,1.5,5.5,sbro,,,,
2017-18,2018-03-11,Boston,Chicago,1.0,3.0,False,0|0|1,1|0|2,-160.0,140.0,-133.0,113.0,1.5,5.5,sbro,,,,
2017-18,2018-03-11,NYIslanders,Calgary,5.0,2.0,False,3|1|1,1|0|1,157.0,-177.0,167.0,-187.0,-1.5,6.5,sbro,,,,
2017-18,2018-03-11,Dallas,Pittsburgh,1.0,3.0,False,0|1|0,2|0|1,138.0,-158.0,127.0,-147.0,-1.5,6.0,sbro,,,,
2017-18,2018-03-11,Vancouver,Arizona,0.0,1.0,False,0|0|0,0|1|0,105.0,-125.0,122.0,-142.0,-1.5,5.5,sbro,,,,
2017-18,2018-03-12,Montreal,Columbus,2.0,5.0,False,1|1|0,3|1|1,180.0,-210.0,192.0,-232.0,-1.5,5.5,sbro,,,,
2017-18,2018-03-12,Carolina,NYRangers,3.0,6.0,False,1|1|1,1|2|3,-143.0,123.0,-140.0,120.0,1.5,6.0,sbro,,,,
2017-18,2018-03-12,Winnipeg,Washington,2.0,3.0,False,1|0|1,1|1|0,102.0,-122.0,113.0,-133.0,-1.5,6.0,sbro,,,,
2017-18,2018-03-12,Vegas,Philadelphia,3.0,2.0,False,1|0|2,0|1|1,-120.0,100.0,102.0,-122.0,1.5,5.5,sbro,,,,
2017-18,2018-03-12,Ottawa,Florida,5.0,3.0,False,2|0|3,0|2|1,190.0,-230.0,190.0,-230.0,-1.5,6.0,sbro,,,,
2017-18,2018-03-12,St.Louis,Anaheim,4.0,2.0,False,1|2|1,0|1|1,155.0,-175.0,138.0,-158.0,-1.5,5.0,sbro,,,,
2017-18,2018-03-12,Detroit,SanJose,3.0,5.0,False,1|1|1,2|1|2,175.0,-205.0,190.0,-230.0,-1.5,5.5,sbro,,,,
2017-18,2018-03-12,Vancouver,LosAngeles,0.0,3.0,False,0|0|0,0|2|1,190.0,-230.0,240.0,-300.0,-1.5,5.5,sbro,,,,
2017-18,2018-03-13,Boston,Carolina,6.0,4.0,False,1|0|5,0|3|1,-140.0,120.0,-140.0,120.0,1.5,5.5,sbro,,,,
2017-18,2018-03-13,Ottawa,TampaBay,7.0,4.0,False,3|3|1,1|2|1,240.0,-300.0,255.0,-325.0,-1.5,6.0,sbro,,,,
2017-18,2018-03-13,Dallas,Montreal,2.0,4.0,False,1|1|0,1|2|1,-155.0,135.0,-182.0,162.0,1.5,5.5,sbro,,,,
2017-18,2018-03-13,Winnipeg,Nashville,1.0,3.0,False,0|0|1,3|0|0,150.0,-170.0,175.0,-205.0,-1.5,5.5,sbro,,,,
2017-18,2018-03-13,Colorado,Minnesota,5.0,1.0,False,1|1|3,0|1|0,145.0,-165.0,170.0,-200.0,-1.5,6.0,sbro,,,,
2017-18,2018-03-13,Edmonton,Calgary,0.0,1.0,False,0|0|0,0|1|0,135.0,-155.0,135.0,-155.0,-1.5,6.0,sbro,,,,
2017-18,2018-03-13,LosAngeles,Arizona,3.0,4.0,False,0|1|2,2|1|0,-130.0,110.0,-135.0,115.0,1.5,5.5,sbro,,,,
2017-18,2018-03-14,Dallas,Toronto,5.0,6.0,False,2|2|1,2|0|3,123.0,-143.0,150.0,-170.0,-1.5,5.5,sbro,,,,
2017-18,2018-03-14,Pittsburgh,NYRangers,3.0,4.0,False,0|2|1,0|0|3,-185.0,165.0,-205.0,175.0,1.5,6.0,sbro,,,,
2017-18,2018-03-14,SanJose,Edmonton,4.0,3.0,False,1|1|1,1|1|1,-135.0,115.0,-155.0,135.0,1.5,5.5,sbro,,,,
2017-18,2018-03-14,Vancouver,Anaheim,0.0,3.0,False,0|0|0,1|1|1,200.0,-240.0,225.0,-275.0,-1.5,5.5,sbro,,,,
2017-18,2018-03-14,NewJersey,Vegas,8.0,3.0,False,2|2|4,0|2|1,165.0,-185.0,160.0,-180.0,-1.5,5.5,sbro,,,,
2017-18,2018-03-15,Columbus,Philadelphia,5.0,3.0,False,3|1|1,1|2|0,102.0,-122.0,-103.0,-117.0,-1.5,5.5,sbro,,,,
2017-18,2018-03-15,Toronto,Buffalo,5.0,2.0,False,2|2|1,1|1|0,-143.0,123.0,-151.0,131.0,1.5,5.5,sbro,,,,
2017-18,2018-03-15,Washington,NYIslanders,7.0,3.0,False,3|2|2,2|0|1,-142.0,122.0,-131.0,111.0,1.5,6.0,sbro,,,,
2017-18,2018-03-15,Boston,Florida,0.0,3.0,False,0|0|0,2|1|0,-132.0,112.0,-108.0,-112.0,1.5,5.5,sbro,,,,
2017-18,2018-03-15,Pittsburgh,Montreal,5.0,3.0,False,2|1|2,2|1|0,-200.0,170.0,-170.0,150.0,1.5,6.0,sbro,,,,
2017-18,2018-03-15,Chicago,Winnipeg,2.0,6.0,False,1|1|0,5|0|1,165.0,-185.0,165.0,-185.0,-1.5,6.0,sbro,,,,
2017-18,2018-03-15,Colorado,St.Louis,4.0,1.0,False,2|1|1,0|1|0,147.0,-167.0,135.0,-155.0,-1.5,5.5,sbro,,,,
2017-18,2018-03-15,Nashville,Arizona,3.0,2.0,False,0|1|2,0|2|0,-165.0,145.0,-181.0,161.0,1.5,5.5,sbro,,,,
2017-18,2018-03-15,Detroit,LosAngeles,1.0,4.0,False,0|0|1,1|0|3,200.0,-240.0,195.0,-235.0,-1.5,5.5,sbro,,,,
2017-18,2018-03-16,NYIslanders,Washington,3.0,6.0,False,0|1|2,1|2|3,185.0,-215.0,173.0,-203.0,-1.5,6.0,sbro,,,,
2017-18,2018-03-16,Dallas,Ottawa,2.0,3.0,False,1|0|1,0|0|2,-142.0,122.0,-153.0,133.0,1.5,5.5,sbro,,,,
2017-18,2018-03-16,SanJose,Calgary,7.0,4.0,False,1|4|2,1|2|1,117.0,-137.0,110.0,-130.0,-1.5,5.5,sbro,,,,
2017-18,2018-03-16,Nashville,Colorado,4.0,2.0,False,1|2|1,1|1|0,-140.0,120.0,-135.0,115.0,1.5,5.5,sbro,,,,
2017-18,2018-03-16,Detroit,Anaheim,2.0,4.0,False,1|1|0,1|2|1,205.0,-245.0,205.0,-245.0,-1.5,5.5,sbro,,,,
2017-18,2018-03-16,Minnesota,Vegas,4.0,2.0,False,1|2|1,0|0|2,145.0,-165.0,147.0,-167.0,-1.5,5.5,sbro,,,,
2017-18,2018-03-17,Chicago,Buffalo,3.0,5.0,False,0|2|1,1|1|3,-116.0,-104.0,-130.0,110.0,1.5,5.5,sbro,,,,
2017-18,2018-03-17,Edmonton,Florida,4.0,2.0,False,0|1|3,0|2|0,160.0,-180.0,155.0,-175.0,-1.5,6.0,sbro,,,,
2017-18,2018-03-17,NewJersey,LosAngeles,3.0,0.0,False,2|0|1,0|0|0,133.0,-153.0,111.0,-131.0,-1.5,5.5,sbro,,,,
2017-18,2018-03-17,Philadelphia,Carolina,4.0,2.0,False,0|0|4,1|0|1,-109.0,-111.0,123.0,-143.0,-1.5,5.5,sbro,,,,
2017-18,2018-03-17,Boston,TampaBay,3.0,0.0,False,2|1|0,0|0|0,147.0,-167.0,130.0,-150.0,-1.5,6.0,sbro,,,,
2017-18,2018-03-17,Ottawa,Columbus,1.0,2.0,False,1|0|0,1|1|0,195.0,-235.0,196.0,-236.0,-1.5,5.5,sbro,,,,
2017-18,2018-03-17,Montreal,Toronto,0.0,4.0,False,0|0|0,1|2|1,185.0,-215.0,185.0,-215.0,-1.5,6.0,sbro,,,,
2017-18,2018-03-17,NYRangers,St.Louis,3.0,4.0,False,0|3|0,1|1|1,170.0,-200.0,185.0,-215.0,-1.5,5.5,sbro,,,,
2017-18,2018-03-17,Minnesota,Arizona,3.0,1.0,False,1|0|2,0|1|0,-145.0,125.0,-135.0,115.0,1.5,5.5,sbro,,,,
2017-18,2018-03-17,SanJose,Vancouver,5.0,3.0,False,2|1|2,1|2|0,-200.0,170.0,-177.0,157.0,1.5,5.5,sbro,,,,
2017-18,2018-03-18,Detroit,Colorado,1.0,5.0,False,0|1|0,2|1|2,165.0,-185.0,175.0,-205.0,-1.5,6.0,sbro,,,,
2017-18,2018-03-18,Calgary,Vegas,0.0,4.0,False,0|0|0,0|4|0,143.0,-163.0,133.0,-153.0,-1.5,6.0,sbro,,,,
2017-18,2018-03-18,Edmonton,TampaBay,1.0,3.0,False,1|0|0,1|1|1,190.0,-230.0,190.0,-230.0,-1.5,6.5,sbro,,,,
2017-18,2018-03-18,Washington,Philadelphia,3.0,6.0,False,0|1|2,0|3|3,-105.0,-115.0,105.0,-125.0,-1.5,5.5,sbro,,,,
2017-18,2018-03-18,Carolina,NYIslanders,4.0,3.0,False,2|1|1,0|2|1,-107.0,-113.0,-107.0,-113.0,-1.5,6.5,sbro,,,,
2017-18,2018-03-18,St.Louis,Chicago,5.0,4.0,False,0|2|2,2|1|1,125.0,-145.0,-113.0,-107.0,1.5,5.5,sbro,,,,
2017-18,2018-03-18,Dallas,Winnipeg,2.0,4.0,False,0|2|0,1|2|1,143.0,-163.0,135.0,-155.0,-1.5,5.5,sbro,,,,
2017-18,2018-03-18,NewJersey,Anaheim,2.0,4.0,False,0|1|1,2|0|2,148.0,-168.0,141.0,-161.0,-1.5,5.5,sbro,,,,
2017-18,2018-03-19,Columbus,Boston,5.0,4.0,False,1|1|2,0|3|1,145.0,-165.0,142.0,-162.0,-1.5,5.5,sbro,,,,
2017-18,2018-03-19,Nashville,Buffalo,4.0,0.0,False,0|2|2,0|0|0,-235.0,195.0,-246.0,206.0,1.5,6.0,sbro,,,,
2017-18,2018-03-19,Florida,Montreal,2.0,0.0,False,1|0|1,0|0|0,-147.0,127.0,-159.0,139.0,1.5,6.0,sbro,,,,
2017-18,2018-03-19,LosAngeles,Minnesota,4.0,3.0,False,1|1|1,0|2|1,120.0,-140.0,117.0,-137.0,-1.5,5.5,sbro,,,,
2017-18,2018-03-19,Calgary,Arizona,2.0,5.0,False,0|2|0,0|2|3,-128.0,108.0,-128.0,108.0,1.5,5.5,sbro,,,,
2017-18,2018-03-20,Dallas,Washington,3.0,4.0,False,1|2|0,0|3|1,128.0,-148.0,125.0,-145.0,-1.5,5.5,sbro,,,,
2017-18,2018-03-20,Columbus,NYRangers,5.0,3.0,False,1|1|3,0|1|2,-155.0,135.0,-145.0,125.0,1.5,5.5,sbro,,,,
2017-18,2018-03-20,Edmonton,Carolina,7.0,3.0,False,3|3|1,2|1|0,133.0,-153.0,143.0,-163.0,-1.5,5.5,sbro,,,,
2017-18,2018-03-20,Pittsburgh,NYIslanders,1.0,4.0,False,0|1|0,2|0|2,-160.0,140.0,-200.0,170.0,1.5,6.5,sbro,,,,
2017-18,2018-03-20,Philadelphia,Detroit,4.0,5.0,False,0|1|3,0|3|1,-143.0,123.0,-150.0,130.0,1.5,5.5,sbro,,,,
2017-18,2018-03-20,Toronto,TampaBay,3.0,4.0,False,1|2|0,0|1|3,155.0,-175.0,150.0,-170.0,-1.5,6.5,sbro,,,,
2017-18,2018-03-20,Florida,Ottawa,7.0,2.0,False,2|4|1,1|1|0,-135.0,115.0,-145.0,125.0,1.5,6.0,sbro,,,,
2017-18,2018-03-20,LosAngeles,Winnipeg,1.0,2.0,False,0|1|0,0|1|0,160.0,-180.0,150.0,-170.0,-1.5,5.5,sbro,,,,
2017-18,2018-03-20,Colorado,Chicago,5.0,1.0,False,0|3|2,1|0|0,-110.0,-110.0,-122.0,102.0,1.5,6.0,sbro,,,,
2017-18,2018-03-20,Vancouver,Vegas,1.0,4.0,False,0|0|1,3|1|0,230.0,-290.0,245.0,-315.0,-1.5,6.0,sbro,,,,
2017-18,2018-03-20,NewJersey,SanJose,2.0,6.0,False,1|0|1,3|3|0,128.0,-148.0,139.0,-159.0,-1.5,5.5,sbro,,,,
2017-18,2018-03-21,Arizona,Buffalo,4.0,1.0,False,2|0|2,1|0|0,103.0,-123.0,-112.0,-108.0,-1.5,5.5,sbro,,,,
2017-18,2018-03-21,Montreal,Pittsburgh,3.0,5.0,False,1|2|0,2|1|2,190.0,-230.0,220.0,-270.0,-1.5,6.0,sbro,,,,
2017-18,2018-03-21,Boston,St.Louis,1.0,2.0,False,1|0|0,0|0|1,-105.0,-115.0,-114.0,-106.0,1.5,5.5,sbro,,,,
2017-18,2018-03-21,Anaheim,Calgary,4.0,0.0,False,1|2|1,0|0|0,-108.0,-112.0,-118.0,-102.0,1.5,5.5,sbro,,,,
2017-18,2018-03-22,Arizona,Carolina,5.0,6.0,False,2|3|0,2|2|2,153.0,-173.0,168.0,-188.0,-1.5,5.5,sbro,,,,
2017-18,2018-03-22,NYRangers,Philadelphia,3.0,4.0,False,1|1|1,1|2|1,185.0,-215.0,191.0,-221.0,-1.5,6.0,sbro,,,,
2017-18,2018-03-22,Florida,Columbus,0.0,4.0,False,0|0|0,0|3|1,118.0,-138.0,124.0,-144.0,-1.5,5.5,sbro,,,,
2017-18,2018-03-22,TampaBay,NYIslanders,7.0,6.0,False,3|4|0,1|2|3,-183.0,163.0,-180.0,160.0,1.5,6.5,sbro,,,,
2017-18,2018-03-22,Washington,Detroit,1.0,0.0,False,0|0|1,0|0|0,-165.0,145.0,-167.0,147.0,1.5,5.5,sbro,,,,
2017-18,2018-03-22,Edmonton,Ottawa,6.0,2.0,False,1|1|4,0|0|2,-120.0,100.0,-135.0,115.0,1.5,6.0,sbro,,,,
2017-18,2018-03-22,Toronto,Nashville,5.0,2.0,False,1|2|2,0|1|1,160.0,-180.0,135.0,-155.0,-1.5,6.0,sbro,,,,
2017-18,2018-03-22,Vancouver,Chicago,5.0,2.0,False,2|2|1,1|0|1,165.0,-185.0,147.0,-167.0,-1.5,6.0,sbro,,,,
2017-18,2018-03-22,LosAngeles,Colorado,7.0,1.0,False,3|2|2,1|0|0,102.0,-122.0,100.0,-120.0,-1.5,5.5,sbro,,,,
2017-18,2018-03-22,Vegas,SanJose,1.0,2.0,False,1|0|0,0|1|0,113.0,-133.0,140.0,-160.0,-1.5,6.0,sbro,,,,
2017-18,2018-03-23,Montreal,Buffalo,3.0,0.0,False,0|1|2,0|0|0,-117.0,-103.0,-105.0,-115.0,1.5,5.5,sbro,,,,
2017-18,2018-03-23,NewJersey,Pittsburgh,4.0,3.0,False,0|3|0,1|0|2,170.0,-200.0,170.0,-200.0,-1.5,6.0,sbro,,,,
2017-18,2018-03-23,Anaheim,Winnipeg,2.0,3.0,False,1|0|1,1|1|0,127.0,-147.0,141.0,-161.0,-1.5,5.5,sbro,,,,
2017-18,2018-03-23,Vancouver,St.Louis,1.0,4.0,False,0|1|0,1|1|2,240.0,-300.0,247.0,-317.0,-1.5,5.5,sbro,,,,
2017-18,2018-03-23,Boston,Dallas,3.0,2.0,False,0|0|3,1|1|0,-103.0,-117.0,113.0,-133.0,-1.5,5.5,sbro,,,,
2017-18,2018-03-24,Vegas,Colorado,1.0,2.0,False,0|0|1,1|0|0,-113.0,-107.0,102.0,-122.0,-1.5,6.0,sbro,,,,
2017-18,2018-03-24,Calgary,SanJose,1.0,5.0,False,1|0|0,2|1|2,148.0,-168.0,173.0,-203.0,-1.5,5.5,sbro,,,,
2017-18,2018-03-24,Arizona,Florida,2.0,4.0,False,1|1|0,0|0|4,175.0,-205.0,192.0,-232.0,-1.5,5.5,sbro,,,,
2017-18,2018-03-24,Washington,Montreal,6.0,4.0,False,3|1|2,1|1|2,-180.0,160.0,-177.0,157.0,1.5,5.5,sbro,,,,
2017-18,2018-03-24,TampaBay,NewJersey,1.0,2.0,False,0|0|1,1|1|0,-168.0,148.0,-147.0,127.0,1.5,6.0,sbro,,,,
2017-18,2018-03-24,Chicago,NYIslanders,3.0,1.0,False,0|2|1,0|0|1,108.0,-128.0,113.0,-133.0,-1.5,6.5,sbro,,,,
2017-18,2018-03-24,St.Louis,Columbus,2.0,1.0,False,1|1|0,0|1|0,128.0,-148.0,150.0,-170.0,-1.5,5.5,sbro,,,,
2017-18,2018-03-24,Detroit,Toronto,3.0,4.0,False,0|2|1,1|1|2,210.0,-260.0,250.0,-320.0,-1.5,6.0,sbro,,,,
2017-18,2018-03-24,Carolina,Ottawa,5.0,2.0,False,1|1|3,1|0|1,-133.0,113.0,-134.0,114.0,1.5,6.0,sbro,,,,
2017-18,2018-03-24,Buffalo,NYRangers,1.0,5.0,False,0|0|1,2|3|0,153.0,-173.0,133.0,-153.0,-1.5,6.0,sbro,,,,
2017-18,2018-03-24,Nashville,Minnesota,1.0,4.0,False,1|0|0,0|2|2,-118.0,-102.0,-108.0,-112.0,-1.5,5.5,sbro,,,,
2017-18,2018-03-24,LosAngeles,Edmonton,2.0,3.0,False,1|1|0,2|1|0,-123.0,103.0,-130.0,110.0,1.5,5.5,sbro,,,,
2017-18,2018-03-25,Philadelphia,Pittsburgh,4.0,5.0,False,2|1|1,1|2|1,148.0,-168.0,170.0,-200.0,-1.5,6.0,sbro,,,,
2017-18,2018-03-25,Nashville,Winnipeg,4.0,5.0,False,2|2|0,0|3|1,-107.0,-113.0,135.0,-155.0,-1.5,5.5,sbro,,,,
2017-18,2018-03-25,Vancouver,Dallas,4.0,1.0,False,1|1|2,1|0|0,225.0,-275.0,225.0,-275.0,-1.5,5.5,sbro,,,,
2017-18,2018-03-25,Boston,Minnesota,2.0,1.0,False,0|1|0,0|0|1,-104.0,-116.0,-113.0,-107.0,-1.5,5.5,sbro,,,,
2017-18,2018-03-25,Anaheim,Edmonton,5.0,4.0,False,0|1|3,0|3|1,-140.0,120.0,-160.0,140.0,1.5,5.5,sbro,,,,
2017-18,2018-03-26,Ottawa,Carolina,1.0,4.0,False,0|1|0,1|2|1,171.0,-201.0,175.0,-205.0,-1.5,6.0,sbro,,,,
2017-18,2018-03-26,Buffalo,Toronto,3.0,2.0,False,1|0|2,0|2|0,241.0,-301.0,255.0,-325.0,-1.5,6.0,sbro,,,,
2017-18,2018-03-26,Florida,NYIslanders,3.0,0.0,False,1|2|0,0|0|0,-146.0,126.0,-149.0,129.0,1.5,6.5,sbro,,,,
2017-18,2018-03-26,Washington,NYRangers,4.0,2.0,False,4|0|0,0|1|1,-166.0,146.0,-171.0,151.0,1.5,6.0,sbro,,,,
2017-18,2018-03-26,Detroit,Montreal,2.0,4.0,False,1|1|0,1|2|1,131.0,-151.0,115.0,-135.0,-1.5,5.5,sbro,,,,
2017-18,2018-03-26,Arizona,TampaBay,4.0,1.0,False,0|2|2,0|0|1,249.0,-309.0,193.0,-233.0,-1.5,6.0,sbro,,,,
2017-18,2018-03-26,SanJose,Chicago,4.0,3.0,False,1|1|1,2|0|1,-150.0,130.0,-167.0,147.0,1.5,6.0,sbro,,,,
2017-18,2018-03-26,Colorado,Vegas,1.0,4.0,False,0|1|0,0|2|2,156.0,-176.0,159.0,-179.0,-1.5,6.0,sbro,,,,
2017-18,2018-03-26,Calgary,LosAngeles,0.0,3.0,False,0|0|0,0|2|1,171.0,-201.0,225.0,-275.0,-1.5,5.5,sbro,,,,
2017-18,2018-03-27,Carolina,NewJersey,3.0,4.0,False,2|0|1,1|1|2,128.0,-148.0,175.0,-205.0,-1.5,6.0,sbro,,,,
2017-18,2018-03-27,NYIslanders,Ottawa,4.0,3.0,False,1|2|1,2|0|1,-102.0,-118.0,120.0,-140.0,-1.5,6.5,sbro,,,,
2017-18,2018-03-27,Pittsburgh,Detroit,2.0,5.0,False,1|0|1,1|2|2,-215.0,185.0,-263.0,213.0,1.5,6.0,sbro,,,,
2017-18,2018-03-27,Boston,Winnipeg,4.0,5.0,False,1|0|3,1|2|1,118.0,-138.0,125.0,-145.0,-1.5,5.5,sbro,,,,
2017-18,2018-03-27,SanJose,St.Louis,2.0,3.0,False,1|1|0,1|1|0,120.0,-140.0,136.0,-156.0,-1.5,5.5,sbro,,,,
2017-18,2018-03-27,Minnesota,Nashville,1.0,2.0,False,0|0|1,1|0|0,148.0,-168.0,155.0,-175.0,-1.5,5.5,sbro,,,,
2017-18,2018-03-27,Philadelphia,Dallas,2.0,3.0,False,1|1|0,1|1|0,115.0,-135.0,115.0,-135.0,-1.5,5.5,sbro,,,,
2017-18,2018-03-27,Columbus,Edmonton,7.0,3.0,False,3|3|1,3|0|0,-148.0,128.0,-130.0,110.0,1.5,5.5,sbro,,,,
2017-18,2018-03-27,Anaheim,Vancouver,1.0,4.0,False,0|1|0,1|0|3,-215.0,185.0,-260.0,210.0,1.5,5.5,sbro,,,,
2017-18,2018-03-28,Florida,Toronto,3.0,4.0,False,1|1|1,3|0|1,140.0,-160.0,125.0,-145.0,-1.5,6.0,sbro,,,,
2017-18,2018-03-28,NYRangers,Washington,2.0,3.0,False,1|0|1,1|0|1,210.0,-260.0,190.0,-230.0,-1.5,6.0,sbro,,,,
2017-18,2018-03-28,Philadelphia,Colorado,2.0,1.0,False,2|0|0,0|1|0,125.0,-145.0,105.0,-125.0,-1.5,6.0,sbro,,,,
2017-18,2018-03-28,Arizona,Vegas,3.0,2.0,False,2|1|0,1|1|0,215.0,-265.0,190.0,-230.0,-1.5,5.5,sbro,,,,
2017-18,2018-03-29,TampaBay,Boston,2.0,4.0,False,0|1|1,2|0|2,110.0,-130.0,104.0,-124.0,-1.5,6.0,sbro,,,,
2017-18,2018-03-29,Pittsburgh,NewJersey,4.0,3.0,False,1|1|1,1|1|1,-128.0,108.0,-127.0,107.0,1.5,6.0,sbro,,,,
2017-18,2018-03-29,Detroit,Buffalo,6.0,3.0,False,1|2|3,2|0|1,103.0,-123.0,102.0,-122.0,-1.5,5.5,sbro,,,,
2017-18,2018-03-29,Florida,Ottawa,2.0,3.0,False,0|2|0,0|1|1,-168.0,148.0,-166.0,146.0,1.5,5.5,sbro,,,,
2017-18,2018-03-29,SanJose,Nashville,3.0,5.0,False,2|0|1,2|1|2,143.0,-163.0,127.0,-147.0,-1.5,5.5,sbro,,,,
2017-18,2018-03-29,Dallas,Minnesota,2.0,5.0,False,1|1|0,1|3|1,136.0,-156.0,142.0,-162.0,-1.5,5.5,sbro,,,,
2017-18,2018-03-29,Winnipeg,Chicago,2.0,6.0,False,0|2|0,2|3|1,-176.0,156.0,-171.0,151.0,1.5,6.0,sbro,,,,
2017-18,2018-03-29,Columbus,Calgary,5.0,1.0,False,2|1|2,0|0|1,-170.0,150.0,-176.0,156.0,1.5,5.5,sbro,,,,
2017-18,2018-03-29,Edmonton,Vancouver,1.0,2.0,False,1|0|0,0|1|1,-133.0,113.0,-135.0,115.0,1.5,6.0,sbro,,,,
2017-18,2018-03-29,Arizona,LosAngeles,2.0,4.0,False,1|1|0,1|1|2,210.0,-260.0,230.0,-290.0,-1.5,5.5,sbro,,,,
2017-18,2018-03-30,TampaBay,NYRangers,7.0,3.0,False,0|2|5,1|0|2,-163.0,143.0,-162.0,142.0,1.5,6.5,sbro,,,,
2017-18,2018-03-30,Carolina,Washington,4.0,1.0,False,0|2|2,0|1|0,180.0,-210.0,175.0,-205.0,-1.5,6.0,sbro,,,,
2017-18,2018-03-30,Toronto,NYIslanders,5.0,4.0,False,1|2|2,2|1|1,-165.0,145.0,-175.0,155.0,1.5,7.0,sbro,,,,
2017-18,2018-03-30,Chicago,Colorado,0.0,5.0,False,0|0|0,1|1|3,175.0,-205.0,190.0,-230.0,-1.5,6.0,sbro,,,,
2017-18,2018-03-30,LosAngeles,Anaheim,1.0,2.0,False,1|0|0,0|1|0,113.0,-133.0,128.0,-148.0,-1.5,5.5,sbro,,,,
2017-18,2018-03-30,St.Louis,Vegas,3.0,4.0,False,2|0|1,2|1|0,140.0,-160.0,-104.0,-116.0,-1.5,5.5,sbro,,,,
2017-18,2018-03-31,Florida,Boston,1.0,5.0,False,1|0|0,2|3|0,145.0,-165.0,155.0,-175.0,-1.5,6.0,sbro,,,,
2017-18,2018-03-31,Ottawa,Detroit,0.0,2.0,False,0|0|0,0|1|1,135.0,-155.0,125.0,-145.0,-1.5,5.5,sbro,,,,
2017-18,2018-03-31,Columbus,Vancouver,4.0,5.0,False,1|0|3,0|2|2,-230.0,190.0,-180.0,160.0,1.5,5.5,sbro,,,,
2017-18,2018-03-31,Montreal,Pittsburgh,2.0,5.0,False,2|0|0,3|0|2,230.0,-290.0,230.0,-290.0,-1.5,6.0,sbro,,,,
2017-18,2018-03-31,NYRangers,Carolina,2.0,1.0,False,0|2|0,0|0|1,160.0,-180.0,163.0,-183.0,-1.5,6.0,sbro,,,,
2017-18,2018-03-31,Winnipeg,Toronto,3.0,1.0,False,0|3|0,0|1|0,100.0,-120.0,-117.0,-103.0,1.5,6.5,sbro,,,,
2017-18,2018-03-31,NYIslanders,NewJersey,3.0,4.0,False,1|1|1,1|3|0,190.0,-230.0,190.0,-230.0,-1.5,6.0,sbro,,,,
2017-18,2018-03-31,Buffalo,Nashville,7.0,4.0,False,1|5|1,2|2|0,260.0,-330.0,255.0,-325.0,-1.5,5.5,sbro,,,,
2017-18,2018-03-31,Minnesota,Dallas,1.0,4.0,False,0|0|1,1|1|2,-115.0,-105.0,-115.0,-105.0,1.5,5.5,sbro,,,,
2017-18,2018-03-31,St.Louis,Arizona,0.0,6.0,False,0|0|0,1|3|2,-140.0,120.0,-160.0,140.0,1.5,5.5,sbro,,,,
2017-18,2018-03-31,Edmonton,Calgary,2.0,3.0,False,1|1|0,3|0|0,-105.0,-115.0,107.0,-127.0,-1.5,5.5,sbro,,,,
2017-18,2018-03-31,SanJose,Vegas,2.0,3.0,False,1|1|0,1|1|1,113.0,-133.0,-106.0,-114.0,-1.5,5.5,sbro,,,,
2017-18,2018-04-01,Boston,Philadelphia,3.0,4.0,False,0|1|2,1|1|1,-103.0,-117.0,105.0,-125.0,-1.5,6.0,sbro,,,,
2017-18,2018-04-01,Nashville,TampaBay,4.0,1.0,False,1|1|2,0|1|0,130.0,-150.0,145.0,-165.0,-1.5,6.0,sbro,,,,
2017-18,2018-04-01,NewJersey,Montreal,2.0,1.0,False,0|0|2,1|0|0,-160.0,140.0,-163.0,143.0,1.5,5.5,sbro,,,,
2017-18,2018-04-01,Washington,Pittsburgh,3.0,1.0,False,1|1|1,0|0|1,-108.0,-112.0,104.0,-124.0,-1.5,6.0,sbro,,,,
2017-18,2018-04-01,Colorado,Anaheim,3.0,4.0,False,1|2|0,1|0|2,138.0,-158.0,172.0,-202.0,-1.5,5.5,sbro,,,,
2017-18,2018-04-02,Buffalo,Toronto,2.0,5.0,False,0|1|1,1|3|1,240.0,-300.0,239.0,-299.0,-1.5,6.0,sbro,,,,
2017-18,2018-04-02,Carolina,Florida,2.0,3.0,False,1|1|0,2|0|1,155.0,-175.0,130.0,-150.0,-1.5,6.0,sbro,,,,
2017-18,2018-04-02,Winnipeg,Ottawa,6.0,5.0,False,3|2|1,1|2|2,-180.0,160.0,-185.0,165.0,1.5,6.0,sbro,,,,
2017-18,2018-04-02,Washington,St.Louis,4.0,2.0,False,0|3|1,1|1|0,125.0,-145.0,160.0,-180.0,-1.5,5.5,sbro,,,,
2017-18,2018-04-02,Edmonton,Minnesota,0.0,3.0,False,0|0|0,1|1|1,175.0,-205.0,153.0,-173.0,-1.5,5.5,sbro,,,,
2017-18,2018-04-02,Colorado,LosAngeles,1.0,3.0,False,0|1|0,2|0|1,170.0,-200.0,175.0,-205.0,-1.5,5.5,sbro,,,,
2017-18,2018-04-03,Detroit,Columbus,4.0,5.0,False,3|1|0,1|1|2,200.0,-240.0,200.0,-240.0,-1.5,5.5,sbro,,,,
2017-18,2018-04-03,Philadelphia,NYIslanders,4.0,5.0,False,1|0|3,1|3|1,-160.0,140.0,-170.0,150.0,1.5,6.5,sbro,,,,
2017-18,2018-04-03,NYRangers,NewJersey,2.0,5.0,False,1|0|1,3|2|0,190.0,-230.0,185.0,-215.0,-1.5,6.0,sbro,,,,
2017-18,2018-04-03,Boston,TampaBay,0.0,4.0,False,0|0|0,0|3|1,115.0,-135.0,-106.0,-114.0,-1.5,6.0,sbro,,,,
2017-18,2018-04-03,Nashville,Florida,1.0,2.0,False,0|0|1,1|0|1,-130.0,110.0,-145.0,125.0,1.5,6.0,sbro,,,,
2017-18,2018-04-03,Winnipeg,Montreal,5.0,4.0,False,2|1|1,0|1|3,-160.0,140.0,-138.0,118.0,1.5,6.0,sbro,,,,
2017-18,2018-04-03,Arizona,Calgary,4.0,1.0,False,2|1|1,0|1|0,116.0,-136.0,-105.0,-115.0,-1.5,5.5,sbro,,,,
2017-18,2018-04-03,Vegas,Vancouver,5.0,4.0,False,1|2|1,1|0|3,-175.0,155.0,-143.0,123.0,1.5,6.0,sbro,,,,
2017-18,2018-04-03,Dallas,SanJose,4.0,2.0,False,0|1|3,2|0|0,155.0,-175.0,156.0,-176.0,-1.5,5.5,sbro,,,,
2017-18,2018-04-04,Ottawa,Buffalo,4.0,2.0,False,2|1|1,1|1|0,108.0,-128.0,125.0,-145.0,-1.5,5.5,sbro,,,,
2017-18,2018-04-04,Chicago,St.Louis,4.0,3.0,False,1|1|2,1|2|0,205.0,-245.0,210.0,-260.0,-1.5,5.5,sbro,,,,
2017-18,2018-04-04,Minnesota,Anaheim,1.0,3.0,False,0|1|0,0|1|2,130.0,-150.0,135.0,-155.0,-1.5,5.5,sbro,,,,
2017-18,2018-04-05,Nashville,Washington,4.0,3.0,False,1|1|2,0|2|1,-140.0,120.0,100.0,-120.0,-1.5,5.5,sbro,,,,
2017-18,2018-04-05,Carolina,Philadelphia,3.0,4.0,False,2|0|1,1|1|2,170.0,-200.0,170.0,-200.0,-1.5,6.0,sbro,,,,
2017-18,2018-04-05,Toronto,NewJersey,1.0,2.0,False,1|0|0,0|2|0,105.0,-125.0,-101.0,-119.0,-1.5,6.0,sbro,,,,
2017-18,2018-04-05,NYRangers,NYIslanders,1.0,2.0,False,1|0|0,0|2|0,120.0,-140.0,120.0,-140.0,-1.5,6.5,sbro,,,,
2017-18,2018-04-05,Pittsburgh,Columbus,5.0,4.0,False,2|0|2,2|1|1,110.0,-130.0,-109.0,-111.0,-1.5,5.5,sbro,,,,
2017-18,2018-04-05,Boston,Florida,2.0,3.0,False,1|1|0,2|0|1,-125.0,105.0,-126.0,106.0,1.5,6.0,sbro,,,,
2017-18,2018-04-05,Montreal,Detroit,4.0,3.0,False,1|2|1,1|1|1,118.0,-138.0,126.0,-146.0,-1.5,5.5,sbro,,,,
2017-18,2018-04-05,Calgary,Winnipeg,1.0,2.0,False,0|1|0,1|1|0,190.0,-230.0,195.0,-235.0,-1.5,6.0,sbro,,,,
2017-18,2018-04-05,Vegas,Edmonton,3.0,4.0,False,0|2|1,1|0|3,-155.0,135.0,-124.0,104.0,1.5,6.0,sbro,,,,
2017-18,2018-04-05,Arizona,Vancouver,3.0,4.0,False,1|2|0,0|1|2,-105.0,-115.0,-115.0,-105.0,1.5,5.5,sbro,,,,
2017-18,2018-04-05,Minnesota,LosAngeles,4.0,5.0,False,2|0|2,1|3|0,150.0,-170.0,157.0,-177.0,-1.5,5.5,sbro,,,,
2017-18,2018-04-05,Colorado,SanJose,2.0,4.0,False,0|0|2,1|0|3,160.0,-180.0,153.0,-173.0,-1.5,5.5,sbro,,,,
2017-18,2018-04-06,Ottawa,Pittsburgh,0.0,4.0,False,0|0|0,0|2|2,195.0,-235.0,230.0,-290.0,-1.5,6.0,sbro,,,,
2017-18,2018-04-06,Buffalo,TampaBay,5.0,7.0,False,2|3|0,3|1|3,300.0,-370.0,280.0,-350.0,-1.5,6.0,sbro,,,,
2017-18,2018-04-06,St.Louis,Chicago,4.0,1.0,False,1|0|3,0|0|1,-155.0,135.0,-150.0,130.0,1.5,5.5,sbro,,,,
2017-18,2018-04-06,Dallas,Anaheim,3.0,5.0,False,1|1|1,3|1|1,135.0,-155.0,140.0,-160.0,-1.5,5.5,sbro,,,,
2017-18,2018-04-07,NYRangers,Philadelphia,0.0,5.0,False,0|0|0,1|3|1,205.0,-245.0,230.0,-290.0,-1.5,6.0,sbro,,,,
2017-18,2018-04-07,NYIslanders,Detroit,4.0,3.0,False,0|1|2,1|1|1,123.0,-143.0,106.0,-126.0,-1.5,6.5,sbro,,,,
2017-18,2018-04-07,NewJersey,Washington,3.0,5.0,False,1|1|1,2|1|2,130.0,-150.0,165.0,-185.0,-1.5,5.5,sbro,,,,
2017-18,2018-04-07,Buffalo,Florida,3.0,4.0,False,0|0|3,3|0|1,215.0,-265.0,195.0,-235.0,-1.5,6.0,sbro,,,,
2017-18,2018-04-07,Montreal,Toronto,2.0,4.0,False,0|1|1,1|0|3,190.0,-230.0,200.0,-240.0,-1.5,6.0,sbro,,,,
2017-18,2018-04-07,Ottawa,Boston,2.0,5.0,False,1|0|1,0|3|2,240.0,-300.0,300.0,-370.0,-1.5,6.0,sbro,,,,
2017-18,2018-04-07,Chicago,Winnipeg,1.0,4.0,False,0|1|0,1|3|0,210.0,-260.0,215.0,-265.0,-1.5,6.0,sbro,,,,
2017-18,2018-04-07,TampaBay,Carolina,2.0,3.0,False,0|1|1,2|0|0,-160.0,140.0,-144.0,124.0,1.5,6.0,sbro,,,,
2017-18,2018-04-07,Columbus,Nashville,2.0,4.0,False,0|1|1,3|0|1,105.0,-125.0,147.0,-167.0,-1.5,5.5,sbro,,,,
2017-18,2018-04-07,Anaheim,Arizona,3.0,0.0,False,1|1|1,0|0|0,-150.0,130.0,-143.0,123.0,1.5,5.5,sbro,,,,
2017-18,2018-04-07,St.Louis,Colorado,2.0,5.0,False,0|1|1,1|2|2,-103.0,-117.0,126.0,-146.0,-1.5,5.5,sbro,,,,
2017-18,2018-04-07,Vancouver,Edmonton,2.0,3.0,False,1|1|0,1|1|0,163.0,-183.0,175.0,-205.0,-1.5,6.0,sbro,,,,
2017-18,2018-04-07,Vegas,Calgary,1.0,7.0,False,0|1|0,3|3|1,-128.0,108.0,-145.0,125.0,1.5,5.5,sbro,,,,
2017-18,2018-04-07,Dallas,LosAngeles,4.0,2.0,False,4|0|0,0|2|0,175.0,-205.0,183.0,-213.0,-1.5,5.5,sbro,,,,
2017-18,2018-04-07,Minnesota,SanJose,6.0,3.0,False,2|3|1,2|0|1,155.0,-175.0,165.0,-185.0,-1.5,5.5,sbro,,,,
2017-18,2018-04-08,Florida,Boston,4.0,2.0,False,2|1|1,1|0|1,200.0,-240.0,275.0,-345.0,-1.5,6.0,sbro,,,,
2017-18,2018-04-11,Minnesota,Winnipeg,2.0,3.0,False,0|0|2,0|1|2,150.0,-170.0,170.0,-200.0,-1.5,5.5,sbro,,,,
2017-18,2018-04-11,Philadelphia,Pittsburgh,0.0,7.0,False,0|0|0,3|2|2,160.0,-180.0,165.0,-185.0,-1.5,6.0,sbro,,,,
2017-18,2018-04-11,LosAngeles,Vegas,0.0,1.0,False,0|0|0,1|0|0,110.0,-130.0,130.0,-150.0,-1.5,5.5,sbro,,,,
2017-18,2018-04-12,NewJersey,TampaBay,2.0,5.0,False,0|1|1,2|1|2,200.0,-240.0,185.0,-215.0,-1.5,6.0,sbro,,,,
2017-18,2018-04-12,Toronto,Boston,1.0,5.0,False,1|0|0,1|2|2,135.0,-155.0,137.0,-157.0,-1.5,6.0,sbro,,,,
2017-18,2018-04-12,Columbus,Washington,4.0,3.0,False,0|1|2,2|0|1,127.0,-147.0,130.0,-150.0,-1.5,5.5,sbro,,,,
2017-18,2018-04-12,Colorado,Nashville,2.0,5.0,False,1|1|0,0|2|3,215.0,-265.0,240.0,-300.0,-1.5,5.5,sbro,,,,
2017-18,2018-04-12,SanJose,Anaheim,3.0,0.0,False,0|3|0,0|0|0,130.0,-150.0,115.0,-135.0,-1.5,5.0,sbro,,,,
2017-18,2018-04-13,Philadelphia,Pittsburgh,5.0,1.0,False,1|1|3,0|0|1,185.0,-215.0,175.0,-205.0,-1.5,6.0,sbro,,,,
2017-18,2018-04-13,Minnesota,Winnipeg,1.0,4.0,False,0|0|1,0|1|3,170.0,-200.0,170.0,-200.0,-1.5,5.5,sbro,,,,
2017-18,2018-04-13,LosAngeles,Vegas,1.0,2.0,False,0|1|0,1|0|0,135.0,-155.0,145.0,-165.0,-1.5,5.0,sbro,,,,
2017-18,2018-04-14,NewJersey,TampaBay,3.0,5.0,False,1|1|1,1|4|0,205.0,-245.0,185.0,-215.0,-1.5,6.0,sbro,,,,
2017-18,2018-04-14,Colorado,Nashville,4.0,5.0,False,1|1|2,0|3|2,270.0,-340.0,240.0,-300.0,-1.5,5.5,sbro,,,,
2017-18,2018-04-14,Toronto,Boston,3.0,7.0,False,0|2|1,4|1|2,155.0,-175.0,145.0,-165.0,-1.5,5.5,sbro,,,,
2017-18,2018-04-14,SanJose,Anaheim,3.0,2.0,False,2|1|0,1|1|0,113.0,-133.0,147.0,-167.0,-1.5,5.0,sbro,,,,
2017-18,2018-04-15,Pittsburgh,Philadelphia,5.0,1.0,False,1|3|1,0|1|0,-115.0,-105.0,-145.0,125.0,1.5,6.0,sbro,,,,
2017-18,2018-04-15,Winnipeg,Minnesota,2.0,6.0,False,1|1|0,2|4|0,-113.0,-107.0,-120.0,100.0,1.5,5.5,sbro,,,,
2017-18,2018-04-15,Columbus,Washington,5.0,4.0,False,1|3|0,2|1|1,133.0,-153.0,140.0,-160.0,-1.5,5.5,sbro,,,,
2017-18,2018-04-15,Vegas,LosAngeles,3.0,2.0,False,0|0|3,1|0|1,120.0,-140.0,130.0,-150.0,-1.5,5.0,sbro,,,,
2017-18,2018-04-16,Boston,Toronto,2.0,4.0,False,0|2|0,1|2|1,-105.0,-115.0,-103.0,-117.0,-1.5,5.5,sbro,,,,
2017-18,2018-04-16,TampaBay,NewJersey,2.0,5.0,False,0|1|1,0|1|4,-140.0,120.0,-140.0,120.0,1.5,6.0,sbro,,,,
2017-18,2018-04-16,Nashville,Colorado,3.0,5.0,False,0|1|2,3|1|1,-165.0,145.0,-157.0,137.0,1.5,5.5,sbro,,,,
2017-18,2018-04-16,Anaheim,SanJose,1.0,8.0,False,1|0|0,1|4|3,120.0,-140.0,128.0,-148.0,-1.5,5.0,sbro,,,,
2017-18,2018-04-17,Washington,Columbus,3.0,2.0,False,0|2|0,0|1|1,123.0,-143.0,-113.0,-107.0,1.5,6.0,sbro,,,,
2017-18,2018-04-17,Winnipeg,Minnesota,2.0,0.0,False,1|0|1,0|0|0,-105.0,-115.0,-130.0,110.0,1.5,5.5,sbro,,,,
2017-18,2018-04-17,Vegas,LosAngeles,1.0,0.0,False,0|1|0,0|0|0,110.0,-130.0,116.0,-136.0,-1.5,5.0,sbro,,,,
2017-18,2018-04-18,Pittsburgh,Philadelphia,5.0,0.0,False,2|2|1,0|0|0,-140.0,120.0,-152.0,132.0,1.5,6.0,sbro,,,,
2017-18,2018-04-18,TampaBay,NewJersey,3.0,1.0,False,2|0|1,1|0|0,-153.0,133.0,-146.0,126.0,1.5,6.5,sbro,,,,
2017-18,2018-04-18,Nashville,Colorado,3.0,2.0,False,1|2|0,0|0|2,-170.0,150.0,-170.0,150.0,1.5,6.0,sbro,,,,
2017-18,2018-04-18,Anaheim,SanJose,1.0,2.0,False,0|0|1,1|0|1,155.0,-175.0,159.0,-179.0,-1.5,5.0,sbro,,,,
2017-18,2018-04-19,Boston,Toronto,3.0,1.0,False,1|1|1,1|0|0,-107.0,-113.0,-112.0,-108.0,1.5,6.0,sbro,,,,
2017-18,2018-04-19,Washington,Columbus,4.0,1.0,False,1|1|2,0|0|1,-106.0,-114.0,105.0,-125.0,-1.5,5.5,sbro,,,,
2017-18,2018-04-20,Philadelphia,Pittsburgh,4.0,2.0,False,1|1|2,0|2|0,205.0,-245.0,225.0,-275.0,-1.5,6.0,sbro,,,,
2017-18,2018-04-20,Colorado,Nashville,2.0,1.0,False,0|0|2,0|0|1,260.0,-330.0,270.0,-340.0,-1.5,6.0,sbro,,,,
2017-18,2018-04-20,Minnesota,Winnipeg,0.0,5.0,False,0|0|0,4|0|1,190.0,-230.0,190.0,-230.0,-1.5,5.5,sbro,,,,
2017-18,2018-04-21,NewJersey,TampaBay,1.0,3.0,False,0|0|1,1|0|2,195.0,-235.0,210.0,-260.0,-1.5,6.0,sbro,,,,
2017-18,2018-04-21,Toronto,Boston,4.0,3.0,False,2|2|0,0|2|1,160.0,-180.0,170.0,-200.0,-1.5,5.5,sbro,,,,
2017-18,2018-04-21,Columbus,Washington,3.0,4.0,False,1|1|1,1|2|0,145.0,-165.0,148.0,-168.0,-1.5,5.5,sbro,,,,
2017-18,2018-04-22,Pittsburgh,Philadelphia,8.0,5.0,False,2|2|4,2|2|1,-165.0,145.0,-165.0,145.0,1.5,6.0,sbro,,,,
2017-18,2018-04-22,Nashville,Colorado,5.0,0.0,False,2|2|1,0|0|0,-185.0,165.0,-188.0,168.0,1.5,6.0,sbro,,,,
2017-18,2018-04-23,Boston,Toronto,1.0,3.0,False,0|1|0,0|2|1,-130.0,110.0,-127.0,107.0,1.5,6.0,sbro,,,,
2017-18,2018-04-23,Washington,Columbus,6.0,3.0,False,1|2|3,0|1|2,-115.0,-105.0,104.0,-124.0,-1.5,5.5,sbro,,,,
2017-18,2018-04-25,Toronto,Boston,4.0,7.0,False,2|2|0,3|0|4,145.0,-165.0,152.0,-172.0,-1.5,5.5,sbro,,,,
2017-18,2018-04-26,SanJose,Vegas,0.0,7.0,False,0|0|0,4|1|2,123.0,-143.0,141.0,-161.0,-1.5,5.0,sbro,,,,
2017-18,2018-04-26,Pittsburgh,Washington,3.0,2.0,False,0|0|3,1|0|1,100.0,-120.0,110.0,-130.0,-1.5,6.0,sbro,,,,
2017-18,2018-04-27,Winnipeg,Nashville,4.0,1.0,False,1|2|1,0|0|1,130.0,-150.0,145.0,-165.0,-1.5,5.5,sbro,,,,
2017-18,2018-04-28,Boston,TampaBay,6.0,2.0,False,1|2|3,0|2|0,125.0,-145.0,127.0,-147.0,-1.5,6.0,sbro,,,,
2017-18,2018-04-28,SanJose,Vegas,4.0,3.0,False,0|3|0,1|1|1,165.0,-185.0,155.0,-175.0,-1.5,5.5,sbro,,,,
2017-18,2018-04-29,Pittsburgh,Washington,1.0,4.0,False,0|1|0,2|1|1,102.0,-122.0,121.0,-141.0,-1.5,6.0,sbro,,,,
2017-18,2018-04-29,Winnipeg,Nashville,4.0,5.0,False,2|0|2,1|2|1,153.0,-173.0,171.0,-191.0,-1.5,5.5,sbro,,,,
2017-18,2018-04-30,Boston,TampaBay,2.0,4.0,False,1|0|1,1|1|2,135.0,-155.0,146.0,-166.0,-1.5,6.0,sbro,,,,
2017-18,2018-04-30,Vegas,SanJose,4.0,3.0,False,0|3|0,0|1|2,110.0,-130.0,108.0,-128.0,-1.5,5.5,sbro,,,,
2017-18,2018-05-01,Washington,Pittsburgh,4.0,3.0,False,0|2|2,0|3|0,125.0,-145.0,147.0,-167.0,-1.5,6.0,sbro,,,,
2017-18,2018-05-01,Nashville,Winnipeg,4.0,7.0,False,3|0|1,0|4|3,113.0,-133.0,135.0,-155.0,-1.5,6.0,sbro,,,,
2017-18,2018-05-02,TampaBay,Boston,4.0,1.0,False,3|0|1,1|0|0,125.0,-145.0,141.0,-161.0,-1.5,6.0,sbro,,,,
2017-18,2018-05-02,Vegas,SanJose,0.0,4.0,False,0|0|0,2|1|1,111.0,-131.0,127.0,-147.0,-1.5,5.5,sbro,,,,
2017-18,2018-05-03,Washington,Pittsburgh,1.0,3.0,False,0|1|0,0|2|1,143.0,-163.0,160.0,-180.0,-1.5,6.0,sbro,,,,
2017-18,2018-05-03,Nashville,Winnipeg,2.0,1.0,False,1|1|0,0|0|1,123.0,-143.0,123.0,-143.0,-1.5,6.0,sbro,,,,
2017-18,2018-05-04,TampaBay,Boston,4.0,3.0,False,2|0|1,1|1|1,135.0,-155.0,135.0,-155.0,-1.5,6.0,sbro,,,,
2017-18,2018-05-04,SanJose,Vegas,3.0,5.0,False,0|0|3,1|2|2,130.0,-150.0,147.0,-167.0,-1.5,5.5,sbro,,,,
2017-18,2018-05-05,Pittsburgh,Washington,3.0,6.0,False,1|2|0,2|0|4,100.0,-120.0,110.0,-130.0,-1.5,5.5,sbro,,,,
2017-18,2018-05-05,Winnipeg,Nashville,6.0,2.0,False,0|4|2,0|2|0,138.0,-158.0,134.0,-154.0,-1.5,5.5,sbro,,,,
2017-18,2018-05-06,Boston,TampaBay,1.0,3.0,False,1|0|0,0|2|1,155.0,-175.0,130.0,-150.0,-1.5,6.0,sbro,,,,
2017-18,2018-05-06,Vegas,SanJose,3.0,0.0,False,0|2|1,0|0|0,120.0,-140.0,137.0,-157.0,-1.5,5.5,sbro,,,,
2017-18,2018-05-07,Washington,Pittsburgh,2.0,1.0,False,0|1|0,0|1|0,175.0,-205.0,170.0,-200.0,-1.5,6.0,sbro,,,,
2017-18,2018-05-07,Nashville,Winnipeg,4.0,0.0,False,1|1|2,0|0|0,140.0,-160.0,140.0,-160.0,-1.5,6.0,sbro,,,,
2017-18,2018-05-10,Winnipeg,Nashville,5.0,1.0,False,2|1|2,1|0|0,133.0,-153.0,123.0,-143.0,-1.5,5.5,sbro,,,,
2017-18,2018-05-11,Washington,TampaBay,4.0,2.0,False,2|2|0,0|0|2,160.0,-180.0,170.0,-200.0,-1.5,6.0,sbro,,,,
2017-18,2018-05-12,Vegas,Winnipeg,2.0,4.0,False,1|1|0,3|1|0,125.0,-145.0,125.0,-145.0,-1.5,6.0,sbro,,,,
2017-18,2018-05-13,Washington,TampaBay,6.0,2.0,False,1|3|2,2|0|0,175.0,-205.0,175.0,-195.0,-1.5,6.0,sbro,,,,
2017-18,2018-05-14,Vegas,Winnipeg,3.0,1.0,False,2|0|1,0|0|1,117.0,-137.0,132.0,-152.0,-1.5,6.0,sbro,,,,
2017-18,2018-05-15,TampaBay,Washington,4.0,2.0,False,1|3|0,0|1|1,100.0,-120.0,-103.0,-117.0,-1.5,6.0,sbro,,,,
2017-18,2018-05-16,Winnipeg,Vegas,2.0,4.0,False,0|1|1,1|2|1,123.0,-143.0,111.0,-131.0,-1.5,5.5,sbro,,,,
2017-18,2018-05-17,TampaBay,Washington,4.0,2.0,False,2|0|2,1|1|0,-111.0,-109.0,112.0,-132.0,-1.5,6.0,sbro,,,,
2017-18,2018-05-18,Winnipeg,Vegas,2.0,3.0,False,0|1|1,1|1|1,108.0,-128.0,102.0,-122.0,-1.5,5.5,sbro,,,,
2017-18,2018-05-19,Washington,TampaBay,2.0,3.0,False,0|1|1,2|1|0,165.0,-185.0,137.0,-157.0,-1.5,6.0,sbro,,,,
2017-18,2018-05-20,Vegas,Winnipeg,2.0,1.0,False,1|1|0,1|0|0,130.0,-150.0,140.0,-160.0,-1.5,5.5,sbro,,,,
2017-18,2018-05-21,TampaBay,Washington,0.0,3.0,False,0|0|0,0|1|2,110.0,-130.0,113.0,-133.0,-1.5,6.0,sbro,,,,
2017-18,2018-05-23,Washington,TampaBay,4.0,0.0,False,1|2|1,0|0|0,125.0,-145.0,118.0,-138.0,-1.5,5.5,sbro,,,,
2017-18,2018-05-28,Washington,Vegas,4.0,6.0,False,2|1|1,2|1|3,123.0,-143.0,135.0,-155.0,-1.5,5.5,sbro,,,,
2017-18,2018-05-30,Washington,Vegas,3.0,2.0,False,1|2|0,1|1|0,132.0,-152.0,117.0,-137.0,-1.5,5.5,sbro,,,,
2017-18,2018-06-02,Vegas,Washington,1.0,3.0,False,0|0|1,0|2|1,117.0,-137.0,110.0,-130.0,-1.5,5.5,sbro,,,,
2017-18,2018-06-04,Vegas,Washington,2.0,6.0,False,0|0|2,3|1|2,105.0,-125.0,102.0,-122.0,-1.5,5.5,sbro,,,,
2017-18,2018-06-07,Washington,Vegas,4.0,3.0,False,0|2|2,0|3|0,115.0,-135.0,143.0,-163.0,-1.5,5.5,sbro,,,,
