season,date,away,home,away_score,home_score,neutral,periods_away,periods_home,ml_open_away,ml_open_home,ml_close_away,ml_close_home,spread_close_home,total_close,source,espn_id,away_abbr,home_abbr,season_type
2011-12,2011-10-06,Philadelphia,Boston,0.0,0.0,False,2,1,0.0,0.0,2.0,1.0,-140.0,5.5,sbro,,,,
2011-12,2011-10-06,Montreal,Toronto,0.0,1.0,False,0,0,0.0,1.0,0.0,2.0,-120.0,5.5,sbro,,,,
2011-12,2011-10-06,Pittsburgh,Vancouver,1.0,1.0,False,2,1,0.0,1.0,4.0,3.0,-156.0,5.5,sbro,,,,
2011-12,2011-10-07,Anaheim,Buffalo,1.0,2.0,False,0,2,0.0,0.0,1.0,4.0,-125.0,5.5,sbro,,,,
2011-12,2011-10-07,NYRangers,LosAngeles,0.0,0.0,False,1,1,1.0,1.0,2.0,3.0,-116.0,5.0,sbro,,,,
2011-12,2011-10-07,Ottawa,Detroit,0.0,3.0,False,0,1,3.0,1.0,3.0,5.0,-220.0,5.5,sbro,,,,
2011-12,2011-10-07,TampaBay,Carolina,2.0,0.0,False,0,1,3.0,0.0,5.0,1.0,-115.0,6.0,sbro,,,,
2011-12,2011-10-07,Nashville,Columbus,2.0,1.0,False,0,0,1.0,1.0,3.0,2.0,-116.0,5.0,sbro,,,,
2011-12,2011-10-07,Chicago,Dallas,0.0,2.0,False,0,0,1.0,0.0,1.0,2.0,110.0,5.5,sbro,,,,
2011-12,2011-10-08,NYRangers,Anaheim,0.0,0.0,False,0,1,1.0,0.0,1.0,2.0,-115.0,5.5,sbro,,,,
2011-12,2011-10-08,Buffalo,LosAngeles,3.0,1.0,False,0,0,1.0,1.0,4.0,2.0,-109.0,5.5,sbro,,,,
2011-12,2011-10-08,Ottawa,Toronto,0.0,2.0,False,0,2,5.0,2.0,5.0,6.0,-166.0,5.5,sbro,,,,
2011-12,2011-10-08,TampaBay,Boston,1.0,2.0,False,0,0,0.0,2.0,1.0,4.0,-162.0,5.5,sbro,,,,
2011-12,2011-10-08,Philadelphia,NewJersey,0.0,0.0,False,1,0,2.0,0.0,3.0,0.0,-111.0,5.0,sbro,,,,
2011-12,2011-10-08,Carolina,Washington,1.0,2.0,False,0,0,2.0,1.0,3.0,4.0,-172.0,5.5,sbro,,,,
2011-12,2011-10-08,Florida,NYIslanders,0.0,0.0,False,2,0,0.0,0.0,2.0,0.0,-120.0,5.5,sbro,,,,
2011-12,2011-10-08,Nashville,St.Louis,0.0,0.0,False,1,1,3.0,1.0,4.0,2.0,-115.0,5.0,sbro,,,,
2011-12,2011-10-08,Columbus,Minnesota,1.0,2.0,False,0,2,1.0,0.0,2.0,4.0,-145.0,5.5,sbro,,,,
2011-12,2011-10-08,Dallas,Chicago,1.0,2.0,False,0,1,1.0,2.0,2.0,5.0,-182.0,5.5,sbro,,,,
2011-12,2011-10-08,Detroit,Colorado,1.0,0.0,False,0,0,2.0,0.0,3.0,0.0,131.0,6.0,sbro,,,,
2011-12,2011-10-08,Pittsburgh,Calgary,4.0,0.0,False,0,1,1.0,2.0,5.0,3.0,-116.0,5.5,sbro,,,,
2011-12,2011-10-08,Phoenix,SanJose,1.0,4.0,False,0,2,2.0,0.0,3.0,6.0,-193.0,5.5,sbro,,,,
2011-12,2011-10-09,Montreal,WinnipegJets,1.0,0.0,False,1,0,3.0,1.0,5.0,1.0,-120.0,5.5,sbro,,,,
2011-12,2011-10-09,Pittsburgh,Edmonton,0.0,0.0,False,1,0,0.0,1.0,1.0,2.0,119.0,5.5,sbro,,,,
2011-12,2011-10-10,Colorado,Boston,0.0,0.0,False,0,0,1.0,0.0,1.0,0.0,-240.0,5.5,sbro,,,,
2011-12,2011-10-10,Carolina,NewJersey,2.0,1.0,False,0,1,0.0,2.0,2.0,4.0,-135.0,5.0,sbro,,,,
2011-12,2011-10-10,Minnesota,NYIslanders,0.0,0.0,False,0,2,1.0,0.0,1.0,2.0,-115.0,5.5,sbro,,,,
2011-12,2011-10-10,Calgary,St.Louis,1.0,2.0,False,1,1,0.0,2.0,2.0,5.0,-130.0,5.5,sbro,,,,
2011-12,2011-10-10,Phoenix,Dallas,0.0,0.0,False,0,0,1.0,1.0,1.0,2.0,-125.0,5.5,sbro,,,,
2011-12,2011-10-10,Vancouver,Columbus,0.0,1.0,False,1,1,2.0,0.0,3.0,2.0,130.0,5.5,sbro,,,,
2011-12,2011-10-10,TampaBay,Washington,1.0,1.0,False,2,2,2.0,2.0,5.0,6.0,-160.0,5.5,sbro,,,,
2011-12,2011-10-11,Florida,Pittsburgh,1.0,2.0,False,0,1,1.0,1.0,2.0,4.0,-169.0,5.5,sbro,,,,
2011-12,2011-10-11,Minnesota,Ottawa,0.0,1.0,False,2,0,1.0,2.0,3.0,4.0,-109.0,5.5,sbro,,,,
2011-12,2011-10-12,Colorado,Columbus,0.0,1.0,False,1,0,1.0,1.0,3.0,2.0,-144.0,5.5,sbro,,,,
2011-12,2011-10-12,Vancouver,Philadelphia,2.0,1.0,False,1,3,1.0,1.0,4.0,5.0,-125.0,5.5,sbro,,,,
2011-12,2011-10-12,Boston,Carolina,0.0,1.0,False,0,0,2.0,2.0,2.0,3.0,105.0,5.5,sbro,,,,
2011-12,2011-10-13,TampaBay,NYIslanders,0.0,1.0,False,1,4,0.0,0.0,1.0,5.0,105.0,5.5,sbro,,,,
2011-12,2011-10-13,LosAngeles,NewJersey,0.0,0.0,False,1,1,0.0,0.0,1.0,2.0,-120.0,5.0,sbro,,,,
2011-12,2011-10-13,Washington,Pittsburgh,1.0,0.0,False,0,1,1.0,1.0,3.0,2.0,-103.0,5.5,sbro,,,,
2011-12,2011-10-13,Calgary,Montreal,1.0,0.0,False,3,1,0.0,0.0,4.0,1.0,-125.0,5.0,sbro,,,,
2011-12,2011-10-13,Colorado,Ottawa,1.0,0.0,False,2,1,4.0,0.0,7.0,1.0,-145.0,5.5,sbro,,,,
2011-12,2011-10-13,Vancouver,Detroit,0.0,2.0,False,0,0,0.0,0.0,0.0,2.0,-140.0,5.5,sbro,,,,
2011-12,2011-10-13,Phoenix,Nashville,1.0,1.0,False,3,0,1.0,1.0,5.0,2.0,-156.0,5.0,sbro,,,,
2011-12,2011-10-13,Edmonton,Minnesota,0.0,1.0,False,1,0,0.0,0.0,1.0,2.0,-161.0,5.5,sbro,,,,
2011-12,2011-10-13,Winnipeg,Chicago,1.0,2.0,False,2,2,0.0,0.0,3.0,4.0,-198.0,5.5,sbro,,,,
2011-12,2011-10-13,St.Louis,Dallas,1.0,2.0,False,0,1,1.0,0.0,2.0,3.0,-116.0,5.5,sbro,,,,
2011-12,2011-10-14,Carolina,Buffalo,1.0,0.0,False,2,2,1.0,1.0,4.0,3.0,-172.0,5.5,sbro,,,,
2011-12,2011-10-14,SanJose,Anaheim,0.0,0.0,False,0,1,0.0,0.0,0.0,1.0,-116.0,5.5,sbro,,,,
2011-12,2011-10-15,Calgary,Toronto,0.0,2.0,False,2,0,0.0,1.0,2.0,3.0,-130.0,5.5,sbro,,,,
2011-12,2011-10-15,Colorado,Montreal,3.0,2.0,False,1,1,1.0,2.0,6.0,5.0,-151.0,5.5,sbro,,,,
2011-12,2011-10-15,NYRangers,NYIslanders,2.0,1.0,False,0,1,0.0,2.0,2.0,4.0,100.0,5.5,sbro,,,,
2011-12,2011-10-15,LosAngeles,Philadelphia,0.0,0.0,False,1,1,1.0,1.0,3.0,2.0,-145.0,5.5,sbro,,,,
2011-12,2011-10-15,Buffalo,Pittsburgh,0.0,1.0,False,2,0,1.0,1.0,3.0,2.0,-115.0,5.5,sbro,,,,
2011-12,2011-10-15,Winnipeg,Phoenix,1.0,1.0,False,0,2,0.0,1.0,1.0,4.0,-149.0,5.5,sbro,,,,
2011-12,2011-10-15,Ottawa,Washington,0.0,0.0,False,1,2,0.0,0.0,1.0,2.0,-225.0,5.5,sbro,,,,
2011-12,2011-10-15,TampaBay,Florida,0.0,0.0,False,0,1,2.0,1.0,2.0,3.0,-116.0,5.5,sbro,,,,
2011-12,2011-10-15,NewJersey,Nashville,0.0,0.0,False,0,2,2.0,0.0,3.0,2.0,-120.0,5.0,sbro,,,,
2011-12,2011-10-15,Detroit,Minnesota,1.0,1.0,False,0,1,1.0,0.0,3.0,2.0,113.0,5.5,sbro,,,,
2011-12,2011-10-15,Columbus,Dallas,1.0,1.0,False,1,1,0.0,2.0,2.0,4.0,-153.0,5.5,sbro,,,,
2011-12,2011-10-15,Boston,Chicago,1.0,1.0,False,0,1,1.0,0.0,3.0,2.0,-130.0,5.5,sbro,,,,
2011-12,2011-10-15,Vancouver,Edmonton,2.0,1.0,False,1,2,1.0,0.0,4.0,3.0,131.0,5.5,sbro,,,,
2011-12,2011-10-15,St.Louis,SanJose,0.0,1.0,False,1,1,3.0,0.0,4.0,2.0,-164.0,5.5,sbro,,,,
2011-12,2011-10-16,St.Louis,Anaheim,1.0,0.0,False,0,1,1.0,3.0,2.0,4.0,-140.0,5.5,sbro,,,,
2011-12,2011-10-17,Colorado,Toronto,2.0,1.0,False,0,0,0.0,1.0,3.0,2.0,-135.0,5.5,sbro,,,,
2011-12,2011-10-17,Florida,TampaBay,2.0,1.0,False,2,2,3.0,1.0,7.0,4.0,-166.0,5.5,sbro,,,,
2011-12,2011-10-17,Pittsburgh,Winnipeg,1.0,0.0,False,0,2,0.0,0.0,1.0,2.0,-105.0,5.5,sbro,,,,
2011-12,2011-10-17,Nashville,Edmonton,1.0,0.0,False,0,0,0.0,3.0,1.0,3.0,100.0,5.0,sbro,,,,
2011-12,2011-10-17,Anaheim,SanJose,0.0,1.0,False,2,0,1.0,1.0,3.0,2.0,-172.0,5.5,sbro,,,,
2011-12,2011-10-18,Carolina,Boston,1.0,0.0,False,1,0,2.0,1.0,4.0,1.0,-180.0,5.5,sbro,,,,
2011-12,2011-10-18,Florida,Washington,0.0,0.0,False,0,1,0.0,2.0,0.0,3.0,-203.0,5.5,sbro,,,,
2011-12,2011-10-18,Dallas,Columbus,1.0,0.0,False,0,0,2.0,2.0,3.0,2.0,-116.0,5.5,sbro,,,,
2011-12,2011-10-18,Buffalo,Montreal,2.0,1.0,False,0,0,1.0,0.0,3.0,1.0,-111.0,5.5,sbro,,,,
2011-12,2011-10-18,Philadelphia,Ottawa,0.0,1.0,False,4,0,3.0,1.0,7.0,2.0,140.0,5.5,sbro,,,,
2011-12,2011-10-18,Pittsburgh,Minnesota,2.0,1.0,False,0,0,2.0,1.0,4.0,2.0,-116.0,5.5,sbro,,,,
2011-12,2011-10-18,Edmonton,Calgary,0.0,0.0,False,1,0,0.0,2.0,1.0,2.0,-163.0,5.5,sbro,,,,
2011-12,2011-10-18,NYRangers,Vancouver,0.0,0.0,False,0,0,4.0,0.0,4.0,0.0,-163.0,5.5,sbro,,,,
2011-12,2011-10-18,Chicago,Phoenix,2.0,2.0,False,1,0,2.0,0.0,5.0,2.0,120.0,5.5,sbro,,,,
2011-12,2011-10-18,St.Louis,LosAngeles,0.0,2.0,False,0,1,0.0,2.0,0.0,5.0,-140.0,5.5,sbro,,,,
2011-12,2011-10-19,Winnipeg,Toronto,2.0,0.0,False,1,1,0.0,2.0,3.0,4.0,-156.0,5.5,sbro,,,,
2011-12,2011-10-20,Montreal,Pittsburgh,0.0,1.0,False,0,1,1.0,1.0,1.0,3.0,-150.0,5.0,sbro,,,,
2011-12,2011-10-20,Washington,Philadelphia,0.0,0.0,False,2,1,3.0,1.0,5.0,2.0,-125.0,5.5,sbro,,,,
2011-12,2011-10-20,Toronto,Boston,0.0,0.0,False,1,3,1.0,3.0,2.0,6.0,-165.0,5.0,sbro,,,,
2011-12,2011-10-20,Winnipeg,Ottawa,0.0,2.0,False,1,0,0.0,2.0,1.0,4.0,-120.0,6.0,sbro,,,,
2011-12,2011-10-20,NYIslanders,TampaBay,0.0,1.0,False,0,1,1.0,2.0,1.0,4.0,-144.0,5.5,sbro,,,,
2011-12,2011-10-20,Buffalo,Florida,2.0,0.0,False,0,0,1.0,0.0,3.0,0.0,120.0,5.5,sbro,,,,
2011-12,2011-10-20,Chicago,Colorado,0.0,1.0,False,1,0,2.0,0.0,3.0,1.0,110.0,5.5,sbro,,,,
2011-12,2011-10-20,NYRangers,Calgary,0.0,0.0,False,2,2,0.0,0.0,3.0,2.0,-110.0,5.0,sbro,,,,
2011-12,2011-10-20,Minnesota,Edmonton,0.0,0.0,False,0,1,1.0,0.0,2.0,1.0,-125.0,5.0,sbro,,,,
2011-12,2011-10-20,Nashville,Vancouver,0.0,0.0,False,1,4,0.0,1.0,1.0,5.0,-160.0,5.0,sbro,,,,
2011-12,2011-10-20,LosAngeles,Phoenix,2.0,0.0,False,0,0,0.0,0.0,2.0,0.0,105.0,5.5,sbro,,,,
2011-12,2011-10-21,SanJose,NewJersey,2.0,1.0,False,0,1,1.0,1.0,4.0,3.0,-116.0,5.0,sbro,,,,
2011-12,2011-10-21,Columbus,Detroit,0.0,1.0,False,1,2,1.0,2.0,2.0,5.0,-230.0,5.5,sbro,,,,
2011-12,2011-10-21,Carolina,St.Louis,1.0,2.0,False,1,0,0.0,0.0,2.0,3.0,-140.0,5.5,sbro,,,,
2011-12,2011-10-21,Dallas,Anaheim,0.0,1.0,False,2,0,1.0,0.0,3.0,1.0,-140.0,5.5,sbro,,,,
2011-12,2011-10-22,Minnesota,Vancouver,1.0,1.0,False,1,0,0.0,1.0,2.0,3.0,-205.0,5.5,sbro,,,,
2011-12,2011-10-22,Nashville,Calgary,1.0,0.0,False,0,0,1.0,0.0,2.0,0.0,-138.0,5.5,sbro,,,,
2011-12,2011-10-22,SanJose,Boston,1.0,0.0,False,1,0,2.0,2.0,4.0,2.0,-145.0,5.0,sbro,,,,
2011-12,2011-10-22,Toronto,Montreal,2.0,1.0,False,1,1,1.0,2.0,5.0,4.0,-120.0,5.5,sbro,,,,
2011-12,2011-10-22,Columbus,Ottawa,1.0,1.0,False,1,1,1.0,2.0,3.0,4.0,-145.0,5.5,sbro,,,,
2011-12,2011-10-22,St.Louis,Philadelphia,1.0,1.0,False,2,0,1.0,1.0,4.0,2.0,-177.0,5.5,sbro,,,,
2011-12,2011-10-22,NewJersey,Pittsburgh,0.0,0.0,False,0,1,1.0,3.0,1.0,4.0,-156.0,5.0,sbro,,,,
2011-12,2011-10-22,Detroit,Washington,1.0,2.0,False,0,2,0.0,3.0,1.0,7.0,-145.0,5.5,sbro,,,,
2011-12,2011-10-22,Carolina,Winnipeg,0.0,3.0,False,2,2,1.0,0.0,3.0,5.0,-109.0,5.5,sbro,,,,
2011-12,2011-10-22,Buffalo,TampaBay,0.0,1.0,False,0,0,0.0,2.0,0.0,3.0,115.0,5.5,sbro,,,,
2011-12,2011-10-22,NYIslanders,Florida,1.0,1.0,False,1,1,0.0,2.0,2.0,4.0,-120.0,5.5,sbro,,,,
2011-12,2011-10-22,Colorado,Chicago,2.0,2.0,False,1,0,1.0,2.0,5.0,4.0,-193.0,5.5,sbro,,,,
2011-12,2011-10-22,NYRangers,Edmonton,0.0,1.0,False,0,0,0.0,1.0,0.0,2.0,105.0,5.0,sbro,,,,
2011-12,2011-10-22,Dallas,LosAngeles,0.0,0.0,False,0,0,0.0,1.0,0.0,1.0,-177.0,5.0,sbro,,,,
2011-12,2011-10-23,Phoenix,Anaheim,3.0,1.0,False,2,2,0.0,1.0,5.0,4.0,-161.0,5.5,sbro,,,,
2011-12,2011-10-24,Toronto,Philadelphia,0.0,1.0,False,1,1,1.0,2.0,2.0,4.0,-180.0,5.5,sbro,,,,
2011-12,2011-10-24,Florida,Montreal,0.0,0.0,False,1,1,1.0,0.0,2.0,1.0,-135.0,5.0,sbro,,,,
2011-12,2011-10-24,NYRangers,Winnipeg,1.0,1.0,False,0,0,1.0,0.0,2.0,1.0,100.0,5.5,sbro,,,,
2011-12,2011-10-25,Pittsburgh,NYIslanders,1.0,0.0,False,1,0,1.0,0.0,3.0,0.0,115.0,5.0,sbro,,,,
2011-12,2011-10-25,Ottawa,Carolina,2.0,0.0,False,0,0,0.0,2.0,3.0,2.0,-180.0,5.5,sbro,,,,
2011-12,2011-10-25,Detroit,Columbus,0.0,1.0,False,1,2,0.0,1.0,1.0,4.0,170.0,5.5,sbro,,,,
2011-12,2011-10-25,TampaBay,Buffalo,1.0,0.0,False,2,2,1.0,1.0,4.0,3.0,-180.0,5.5,sbro,,,,
2011-12,2011-10-25,SanJose,Nashville,0.0,0.0,False,1,0,2.0,1.0,3.0,1.0,115.0,5.0,sbro,,,,
2011-12,2011-10-25,Anaheim,Chicago,2.0,1.0,False,0,0,0.0,1.0,2.0,3.0,-200.0,5.5,sbro,,,,
2011-12,2011-10-25,Vancouver,Edmonton,1.0,3.0,False,0,0,1.0,0.0,2.0,3.0,115.0,5.5,sbro,,,,
2011-12,2011-10-25,Dallas,Phoenix,0.0,0.0,False,1,1,1.0,1.0,3.0,2.0,-115.0,5.0,sbro,,,,
2011-12,2011-10-25,NewJersey,LosAngeles,3.0,0.0,False,0,0,0.0,0.0,3.0,0.0,-200.0,5.0,sbro,,,,
2011-12,2011-10-26,Philadelphia,Montreal,0.0,2.0,False,1,1,0.0,2.0,1.0,5.0,105.0,5.5,sbro,,,,
2011-12,2011-10-26,Colorado,Calgary,0.0,2.0,False,1,1,1.0,1.0,2.0,4.0,-120.0,5.5,sbro,,,,
2011-12,2011-10-26,St.Louis,Vancouver,1.0,0.0,False,0,0,2.0,0.0,3.0,0.0,-151.0,5.5,sbro,,,,
2011-12,2011-10-27,Winnipeg,Philadelphia,3.0,3.0,False,3,1,3.0,4.0,9.0,8.0,-220.0,5.5,sbro,,,,
2011-12,2011-10-27,Columbus,Buffalo,1.0,1.0,False,0,1,1.0,2.0,2.0,4.0,-195.0,5.5,sbro,,,,
2011-12,2011-10-27,Montreal,Boston,1.0,0.0,False,0,1,1.0,0.0,2.0,1.0,-193.0,5.0,sbro,,,,
2011-12,2011-10-27,Toronto,NYRangers,1.0,0.0,False,0,1,3.0,1.0,4.0,2.0,-155.0,5.5,sbro,,,,
2011-12,2011-10-27,NYIslanders,Pittsburgh,0.0,0.0,False,1,0,1.0,2.0,2.0,3.0,-177.0,5.0,sbro,,,,
2011-12,2011-10-27,Florida,Ottawa,1.0,2.0,False,1,0,1.0,2.0,3.0,4.0,-115.0,5.5,sbro,,,,
2011-12,2011-10-27,TampaBay,Nashville,0.0,3.0,False,2,2,1.0,0.0,3.0,5.0,-115.0,5.5,sbro,,,,
2011-12,2011-10-27,Anaheim,Minnesota,1.0,1.0,False,1,0,1.0,1.0,3.0,2.0,-115.0,5.0,sbro,,,,
2011-12,2011-10-27,LosAngeles,Dallas,3.0,0.0,False,0,1,2.0,2.0,5.0,3.0,-105.0,5.0,sbro,,,,
2011-12,2011-10-27,Washington,Edmonton,0.0,1.0,False,1,1,0.0,0.0,1.0,2.0,137.0,5.5,sbro,,,,
2011-12,2011-10-27,NewJersey,Phoenix,1.0,2.0,False,1,1,1.0,2.0,3.0,5.0,-115.0,5.0,sbro,,,,
2011-12,2011-10-28,Chicago,Carolina,0.0,0.0,False,0,1,0.0,2.0,0.0,3.0,110.0,5.5,sbro,,,,
2011-12,2011-10-28,SanJose,Detroit,3.0,1.0,False,0,1,1.0,0.0,4.0,2.0,-138.0,5.5,sbro,,,,
2011-12,2011-10-28,Edmonton,Colorado,2.0,0.0,False,0,0,1.0,1.0,3.0,1.0,-143.0,5.5,sbro,,,,
2011-12,2011-10-28,St.Louis,Calgary,0.0,1.0,False,0,0,1.0,2.0,1.0,3.0,-109.0,5.5,sbro,,,,
2011-12,2011-10-29,Ottawa,NYRangers,0.0,2.0,False,1,0,3.0,2.0,5.0,4.0,-170.0,5.5,sbro,,,,
2011-12,2011-10-29,Florida,Buffalo,1.0,1.0,False,0,0,2.0,1.0,3.0,2.0,-180.0,5.5,sbro,,,,
2011-12,2011-10-29,Pittsburgh,Toronto,2.0,1.0,False,0,1,1.0,2.0,3.0,4.0,-112.0,5.5,sbro,,,,
2011-12,2011-10-29,Boston,Montreal,1.0,1.0,False,0,2,1.0,1.0,2.0,4.0,102.0,5.0,sbro,,,,
2011-12,2011-10-29,SanJose,NYIslanders,1.0,2.0,False,1,0,0.0,0.0,3.0,2.0,113.0,5.5,sbro,,,,
2011-12,2011-10-29,Carolina,Philadelphia,1.0,0.0,False,0,1,0.0,4.0,1.0,5.0,-175.0,5.5,sbro,,,,
2011-12,2011-10-29,Winnipeg,TampaBay,0.0,1.0,False,0,0,0.0,0.0,0.0,1.0,-169.0,5.5,sbro,,,,
2011-12,2011-10-29,Anaheim,Nashville,0.0,0.0,False,0,2,0.0,1.0,0.0,3.0,-113.0,5.0,sbro,,,,
2011-12,2011-10-29,Detroit,Minnesota,0.0,0.0,False,0,1,0.0,0.0,0.0,1.0,131.0,5.5,sbro,,,,
2011-12,2011-10-29,NewJersey,Dallas,1.0,0.0,False,0,1,0.0,2.0,1.0,3.0,-132.0,5.0,sbro,,,,
2011-12,2011-10-29,Columbus,Chicago,1.0,0.0,False,1,2,0.0,3.0,2.0,5.0,-215.0,5.5,sbro,,,,
2011-12,2011-10-29,LosAngeles,Phoenix,1.0,2.0,False,0,0,1.0,0.0,2.0,3.0,110.0,5.0,sbro,,,,
2011-12,2011-10-29,Washington,Vancouver,3.0,1.0,False,1,3,0.0,3.0,4.0,7.0,-115.0,5.5,sbro,,,,
2011-12,2011-10-30,Anaheim,Columbus,0.0,2.0,False,1,1,0.0,0.0,1.0,3.0,105.0,5.0,sbro,,,,
2011-12,2011-10-30,Toronto,Ottawa,0.0,1.0,False,1,1,1.0,1.0,2.0,3.0,-105.0,5.5,sbro,,,,
2011-12,2011-10-30,LosAngeles,Colorado,1.0,1.0,False,1,1,0.0,1.0,2.0,3.0,-115.0,5.0,sbro,,,,
2011-12,2011-10-30,St.Louis,Edmonton,1.0,3.0,False,0,1,1.0,0.0,2.0,4.0,-116.0,5.0,sbro,,,,
2011-12,2011-10-31,SanJose,NYRangers,1.0,3.0,False,1,2,0.0,0.0,2.0,5.0,110.0,5.0,sbro,,,,
2011-12,2011-10-31,Winnipeg,Florida,0.0,0.0,False,2,1,1.0,2.0,4.0,3.0,-155.0,5.5,sbro,,,,
2011-12,2011-10-31,Nashville,Chicago,2.0,1.0,False,1,1,1.0,2.0,4.0,5.0,-180.0,5.0,sbro,,,,
2011-12,2011-11-01,TampaBay,Carolina,0.0,2.0,False,1,1,1.0,1.0,2.0,4.0,-111.0,5.5,sbro,,,,
2011-12,2011-11-01,Ottawa,Boston,0.0,2.0,False,2,1,1.0,2.0,3.0,5.0,-170.0,5.5,sbro,,,,
2011-12,2011-11-01,Anaheim,Washington,1.0,2.0,False,2,0,1.0,2.0,4.0,5.0,-195.0,5.5,sbro,,,,
2011-12,2011-11-01,Minnesota,Detroit,0.0,0.0,False,0,1,1.0,0.0,2.0,1.0,-195.0,5.5,sbro,,,,
2011-12,2011-11-01,Vancouver,Calgary,2.0,0.0,False,3,0,0.0,1.0,5.0,1.0,-102.0,5.5,sbro,,,,
2011-12,2011-11-02,Toronto,NewJersey,3.0,2.0,False,2,1,0.0,0.0,5.0,3.0,-140.0,5.0,sbro,,,,
2011-12,2011-11-02,Philadelphia,Buffalo,0.0,1.0,False,3,0,0.0,1.0,3.0,2.0,-142.0,5.5,sbro,,,,
2011-12,2011-11-02,Phoenix,Colorado,1.0,1.0,False,1,0,2.0,0.0,4.0,1.0,-138.0,5.5,sbro,,,,
2011-12,2011-11-03,Winnipeg,NYIslanders,0.0,0.0,False,1,0,2.0,0.0,3.0,0.0,-135.0,5.5,sbro,,,,
2011-12,2011-11-03,Anaheim,NYRangers,1.0,0.0,False,0,1,0.0,0.0,1.0,2.0,-135.0,5.5,sbro,,,,
2011-12,2011-11-03,NewJersey,Philadelphia,2.0,2.0,False,0,0,1.0,1.0,4.0,3.0,-155.0,5.0,sbro,,,,
2011-12,2011-11-03,Toronto,Columbus,2.0,1.0,False,2,0,0.0,0.0,4.0,1.0,-105.0,5.5,sbro,,,,
2011-12,2011-11-03,Chicago,Florida,1.0,1.0,False,1,0,0.0,1.0,3.0,2.0,115.0,5.5,sbro,,,,
2011-12,2011-11-03,Calgary,Detroit,1.0,1.0,False,1,0,2.0,0.0,4.0,1.0,-195.0,5.5,sbro,,,,
2011-12,2011-11-03,Vancouver,Minnesota,0.0,3.0,False,1,0,0.0,2.0,1.0,5.0,105.0,5.0,sbro,,,,
2011-12,2011-11-03,Nashville,Phoenix,2.0,0.0,False,0,0,1.0,0.0,3.0,0.0,-115.0,5.0,sbro,,,,
2011-12,2011-11-03,Pittsburgh,SanJose,1.0,1.0,False,2,0,0.0,2.0,3.0,4.0,-140.0,5.5,sbro,,,,
2011-12,2011-11-03,Edmonton,LosAngeles,2.0,0.0,False,0,0,1.0,0.0,3.0,0.0,-180.0,5.0,sbro,,,,
2011-12,2011-11-04,Washington,Carolina,2.0,0.0,False,0,1,3.0,0.0,5.0,1.0,110.0,5.5,sbro,,,,
2011-12,2011-11-04,Calgary,Buffalo,0.0,0.0,False,0,1,1.0,1.0,1.0,2.0,-177.0,5.5,sbro,,,,
2011-12,2011-11-04,Montreal,Ottawa,2.0,0.0,False,0,0,0.0,1.0,2.0,1.0,-125.0,5.5,sbro,,,,
2011-12,2011-11-04,Chicago,TampaBay,4.0,4.0,False,0,0,0.0,0.0,4.0,5.0,-114.0,5.5,sbro,,,,
2011-12,2011-11-04,Vancouver,St.Louis,0.0,1.0,False,1,1,1.0,1.0,2.0,3.0,-105.0,5.5,sbro,,,,
2011-12,2011-11-04,Colorado,Dallas,2.0,4.0,False,2,0,2.0,2.0,6.0,7.0,-132.0,5.5,sbro,,,,
2011-12,2011-11-05,Boston,Toronto,4.0,0.0,False,1,0,2.0,0.0,7.0,0.0,-107.0,5.5,sbro,,,,
2011-12,2011-11-05,Buffalo,Ottawa,2.0,1.0,False,0,1,0.0,0.0,3.0,2.0,102.0,5.5,sbro,,,,
2011-12,2011-11-05,Winnipeg,NewJersey,0.0,2.0,False,0,0,2.0,0.0,2.0,3.0,-167.0,5.0,sbro,,,,
2011-12,2011-11-05,Washington,NYIslanders,0.0,2.0,False,2,0,1.0,3.0,3.0,5.0,123.0,5.5,sbro,,,,
2011-12,2011-11-05,Montreal,NYRangers,2.0,1.0,False,0,3,1.0,1.0,3.0,5.0,-152.0,5.0,sbro,,,,
2011-12,2011-11-05,Columbus,Philadelphia,0.0,3.0,False,0,5,2.0,1.0,2.0,9.0,-200.0,5.5,sbro,,,,
2011-12,2011-11-05,Anaheim,Detroit,0.0,2.0,False,0,1,0.0,2.0,0.0,5.0,-160.0,5.5,sbro,,,,
2011-12,2011-11-05,St.Louis,Minnesota,0.0,2.0,False,0,0,1.0,0.0,1.0,2.0,-127.0,5.5,sbro,,,,
2011-12,2011-11-05,Edmonton,Phoenix,0.0,2.0,False,0,0,2.0,2.0,2.0,4.0,-127.0,5.0,sbro,,,,
2011-12,2011-11-05,Nashville,SanJose,1.0,2.0,False,0,0,2.0,1.0,4.0,3.0,-158.0,5.0,sbro,,,,
2011-12,2011-11-05,Pittsburgh,LosAngeles,0.0,1.0,False,1,0,1.0,1.0,3.0,2.0,-126.0,5.0,sbro,,,,
2011-12,2011-11-06,Dallas,Carolina,2.0,0.0,False,3,1,0.0,1.0,5.0,2.0,-115.0,5.5,sbro,,,,
2011-12,2011-11-06,TampaBay,Florida,2.0,0.0,False,0,3,1.0,0.0,4.0,3.0,-110.0,5.5,sbro,,,,
2011-12,2011-11-06,Winnipeg,NYRangers,0.0,1.0,False,0,0,0.0,2.0,0.0,3.0,-168.0,5.5,sbro,,,,
2011-12,2011-11-06,Vancouver,Chicago,4.0,1.0,False,1,1,1.0,0.0,6.0,2.0,-142.0,5.5,sbro,,,,
2011-12,2011-11-06,Calgary,Colorado,1.0,0.0,False,1,1,0.0,0.0,2.0,1.0,-123.0,5.5,sbro,,,,
2011-12,2011-11-07,NYIslanders,Boston,0.0,0.0,False,2,3,0.0,3.0,2.0,6.0,-193.0,5.0,sbro,,,,
2011-12,2011-11-07,LosAngeles,SanJose,1.0,3.0,False,0,0,1.0,1.0,2.0,4.0,-140.0,5.0,sbro,,,,
2011-12,2011-11-08,Winnipeg,Buffalo,1.0,1.0,False,3,3,1.0,1.0,5.0,6.0,-203.0,5.5,sbro,,,,
2011-12,2011-11-08,Florida,Toronto,2.0,0.0,False,1,0,2.0,1.0,5.0,1.0,-129.0,5.5,sbro,,,,
2011-12,2011-11-08,Dallas,Washington,0.0,1.0,False,2,1,3.0,0.0,5.0,2.0,-173.0,5.5,sbro,,,,
2011-12,2011-11-08,Carolina,NewJersey,0.0,1.0,False,1,0,1.0,2.0,2.0,3.0,-139.0,5.5,sbro,,,,
2011-12,2011-11-08,Edmonton,Montreal,1.0,0.0,False,0,0,2.0,1.0,3.0,1.0,-125.0,5.0,sbro,,,,
2011-12,2011-11-08,Colorado,Detroit,1.0,2.0,False,0,1,1.0,2.0,2.0,5.0,-170.0,5.5,sbro,,,,
2011-12,2011-11-08,Chicago,St.Louis,0.0,1.0,False,0,1,0.0,1.0,0.0,3.0,-106.0,5.5,sbro,,,,
2011-12,2011-11-08,Minnesota,Calgary,1.0,0.0,False,1,0,1.0,0.0,3.0,0.0,-137.0,5.0,sbro,,,,
2011-12,2011-11-08,Nashville,LosAngeles,0.0,2.0,False,2,2,1.0,0.0,3.0,4.0,-125.0,5.0,sbro,,,,
2011-12,2011-11-09,NYRangers,Ottawa,2.0,1.0,False,0,0,1.0,1.0,3.0,2.0,100.0,5.5,sbro,,,,
2011-12,2011-11-09,Philadelphia,TampaBay,1.0,0.0,False,0,0,0.0,1.0,1.0,2.0,-120.0,6.0,sbro,,,,
2011-12,2011-11-09,Nashville,Anaheim,1.0,1.0,False,2,1,1.0,0.0,4.0,2.0,-120.0,5.0,sbro,,,,
2011-12,2011-11-10,Edmonton,Boston,0.0,2.0,False,2,2,1.0,2.0,3.0,6.0,-167.0,5.0,sbro,,,,
2011-12,2011-11-10,Chicago,Columbus,3.0,0.0,False,2,1,1.0,2.0,6.0,3.0,131.0,5.5,sbro,,,,
2011-12,2011-11-10,Toronto,St.Louis,0.0,1.0,False,2,0,0.0,1.0,3.0,2.0,-153.0,5.5,sbro,,,,
2011-12,2011-11-10,Florida,Winnipeg,2.0,0.0,False,2,0,1.0,2.0,5.0,2.0,-106.0,5.5,sbro,,,,
2011-12,2011-11-10,NYIslanders,Colorado,2.0,1.0,False,1,0,0.0,2.0,3.0,4.0,-135.0,5.5,sbro,,,,
2011-12,2011-11-10,Montreal,Phoenix,2.0,0.0,False,0,1,0.0,1.0,3.0,2.0,-135.0,5.0,sbro,,,,
2011-12,2011-11-10,Minnesota,SanJose,0.0,3.0,False,0,0,1.0,0.0,1.0,3.0,-165.0,5.0,sbro,,,,
2011-12,2011-11-10,Vancouver,LosAngeles,0.0,1.0,False,3,0,0.0,1.0,3.0,2.0,-114.0,5.0,sbro,,,,
2011-12,2011-11-11,Washington,NewJersey,1.0,0.0,False,0,1,2.0,0.0,3.0,1.0,108.0,5.5,sbro,,,,
2011-12,2011-11-11,Dallas,Pittsburgh,0.0,1.0,False,1,0,0.0,2.0,1.0,3.0,-132.0,5.5,sbro,,,,
2011-12,2011-11-11,Carolina,NYRangers,1.0,0.0,False,0,1,0.0,4.0,1.0,5.0,-150.0,5.5,sbro,,,,
2011-12,2011-11-11,Ottawa,Buffalo,0.0,0.0,False,1,3,0.0,2.0,1.0,5.0,-180.0,5.5,sbro,,,,
2011-12,2011-11-11,Edmonton,Detroit,0.0,1.0,False,0,1,0.0,1.0,0.0,3.0,-177.0,5.5,sbro,,,,
2011-12,2011-11-11,Calgary,Chicago,0.0,1.0,False,0,1,1.0,2.0,1.0,4.0,-162.0,5.5,sbro,,,,
2011-12,2011-11-11,Vancouver,Anaheim,0.0,4.0,False,0,0,3.0,0.0,3.0,4.0,-116.0,5.5,sbro,,,,
2011-12,2011-11-12,Buffalo,Boston,0.0,3.0,False,1,0,1.0,3.0,2.0,6.0,-142.0,5.5,sbro,,,,
2011-12,2011-11-12,Ottawa,Toronto,2.0,0.0,False,0,1,3.0,1.0,5.0,2.0,-150.0,5.5,sbro,,,,
2011-12,2011-11-12,NewJersey,Washington,2.0,0.0,False,0,2,0.0,0.0,3.0,2.0,-190.0,5.5,sbro,,,,
2011-12,2011-11-12,Pittsburgh,Carolina,0.0,2.0,False,0,1,3.0,2.0,3.0,5.0,117.0,5.5,sbro,,,,
2011-12,2011-11-12,Dallas,Detroit,1.0,1.0,False,1,1,0.0,3.0,2.0,5.0,-142.0,5.5,sbro,,,,
2011-12,2011-11-12,Winnipeg,Columbus,0.0,0.0,False,0,1,1.0,1.0,1.0,2.0,-126.0,5.5,sbro,,,,
2011-12,2011-11-12,Montreal,Nashville,0.0,1.0,False,1,0,0.0,0.0,2.0,1.0,-153.0,5.5,sbro,,,,
2011-12,2011-11-12,TampaBay,St.Louis,0.0,1.0,False,0,1,0.0,1.0,0.0,3.0,-128.0,5.5,sbro,,,,
2011-12,2011-11-12,Calgary,Colorado,1.0,1.0,False,3,0,0.0,2.0,4.0,3.0,-120.0,5.5,sbro,,,,
2011-12,2011-11-12,Minnesota,LosAngeles,0.0,4.0,False,0,1,2.0,0.0,2.0,5.0,-152.0,5.0,sbro,,,,
2011-12,2011-11-12,Phoenix,SanJose,0.0,0.0,False,2,0,1.0,0.0,3.0,0.0,-168.0,5.5,sbro,,,,
2011-12,2011-11-13,Philadelphia,Florida,1.0,1.0,False,1,0,1.0,1.0,3.0,2.0,-103.0,5.5,sbro,,,,
2011-12,2011-11-13,Edmonton,Chicago,2.0,2.0,False,1,3,0.0,1.0,3.0,6.0,-127.0,5.5,sbro,,,,
2011-12,2011-11-13,Minnesota,Anaheim,0.0,1.0,False,3,0,0.0,1.0,3.0,2.0,-132.0,5.0,sbro,,,,
2011-12,2011-11-13,NYIslanders,Vancouver,1.0,1.0,False,0,1,0.0,2.0,1.0,4.0,-200.0,5.5,sbro,,,,
2011-12,2011-11-14,Philadelphia,Carolina,2.0,1.0,False,2,1,1.0,1.0,5.0,3.0,100.0,5.5,sbro,,,,
2011-12,2011-11-14,Buffalo,Montreal,0.0,2.0,False,0,0,2.0,0.0,3.0,2.0,-110.0,5.0,sbro,,,,
2011-12,2011-11-14,TampaBay,Winnipeg,1.0,2.0,False,0,2,1.0,1.0,2.0,5.0,120.0,5.5,sbro,,,,
2011-12,2011-11-15,NewJersey,Boston,1.0,1.0,False,0,0,2.0,3.0,3.0,4.0,-200.0,5.0,sbro,,,,
2011-12,2011-11-15,Phoenix,Toronto,0.0,0.0,False,2,0,0.0,2.0,3.0,2.0,-115.0,5.5,sbro,,,,
2011-12,2011-11-15,NYRangers,NYIslanders,1.0,0.0,False,1,1,2.0,1.0,4.0,2.0,130.0,5.0,sbro,,,,
2011-12,2011-11-15,Minnesota,Columbus,2.0,0.0,False,0,2,2.0,0.0,4.0,2.0,115.0,5.0,sbro,,,,
2011-12,2011-11-15,Colorado,Pittsburgh,0.0,1.0,False,3,1,0.0,4.0,3.0,6.0,-180.0,5.5,sbro,,,,
2011-12,2011-11-15,Detroit,St.Louis,0.0,1.0,False,1,1,0.0,0.0,1.0,2.0,-110.0,5.5,sbro,,,,
2011-12,2011-11-15,Washington,Nashville,0.0,0.0,False,0,0,1.0,3.0,1.0,3.0,115.0,5.5,sbro,,,,
2011-12,2011-11-15,Florida,Dallas,2.0,0.0,False,2,0,2.0,0.0,6.0,0.0,-135.0,5.5,sbro,,,,
2011-12,2011-11-15,Ottawa,Calgary,1.0,1.0,False,0,0,2.0,0.0,3.0,1.0,-150.0,5.5,sbro,,,,
2011-12,2011-11-16,Carolina,Montreal,0.0,2.0,False,0,2,0.0,0.0,0.0,4.0,-132.0,5.5,sbro,,,,
2011-12,2011-11-16,NewJersey,Buffalo,1.0,0.0,False,2,1,2.0,2.0,5.0,3.0,-181.0,5.0,sbro,,,,
2011-12,2011-11-16,Chicago,Vancouver,2.0,1.0,False,0,0,3.0,0.0,5.0,1.0,-132.0,5.5,sbro,,,,
2011-12,2011-11-16,Anaheim,LosAngeles,0.0,1.0,False,0,0,1.0,0.0,1.0,2.0,-150.0,5.0,sbro,,,,
2011-12,2011-11-17,Columbus,Boston,1.0,1.0,False,0,0,0.0,0.0,1.0,2.0,-225.0,5.5,sbro,,,,
2011-12,2011-11-17,Phoenix,Philadelphia,0.0,1.0,False,0,0,1.0,1.0,1.0,2.0,-165.0,5.5,sbro,,,,
2011-12,2011-11-17,Montreal,NYIslanders,2.0,4.0,False,0,0,1.0,0.0,3.0,4.0,-110.0,5.5,sbro,,,,
2011-12,2011-11-17,Pittsburgh,TampaBay,0.0,1.0,False,0,1,1.0,2.0,1.0,4.0,-110.0,5.5,sbro,,,,
2011-12,2011-11-17,Florida,St.Louis,0.0,1.0,False,1,1,0.0,2.0,1.0,4.0,-145.0,5.0,sbro,,,,
2011-12,2011-11-17,Toronto,Nashville,1.0,1.0,False,0,1,0.0,2.0,1.0,4.0,-160.0,5.5,sbro,,,,
2011-12,2011-11-17,Colorado,Minnesota,0.0,0.0,False,0,0,0.0,1.0,0.0,1.0,-140.0,5.5,sbro,,,,
2011-12,2011-11-17,Washington,Winnipeg,0.0,3.0,False,1,1,0.0,0.0,1.0,4.0,135.0,5.5,sbro,,,,
2011-12,2011-11-17,Ottawa,Edmonton,1.0,1.0,False,3,0,1.0,1.0,5.0,2.0,-135.0,5.5,sbro,,,,
2011-12,2011-11-17,LosAngeles,Anaheim,2.0,1.0,False,0,0,3.0,2.0,5.0,3.0,-115.0,5.0,sbro,,,,
2011-12,2011-11-17,Detroit,SanJose,0.0,3.0,False,1,1,1.0,1.0,2.0,5.0,-135.0,5.5,sbro,,,,
2011-12,2011-11-18,Buffalo,Carolina,0.0,0.0,False,1,0,0.0,0.0,1.0,0.0,113.0,5.5,sbro,,,,
2011-12,2011-11-18,Dallas,Colorado,0.0,0.0,False,0,1,0.0,2.0,0.0,3.0,105.0,5.5,sbro,,,,
2011-12,2011-11-18,Chicago,Calgary,1.0,3.0,False,1,1,0.0,1.0,2.0,5.0,113.0,5.5,sbro,,,,
2011-12,2011-11-19,Philadelphia,Winnipeg,1.0,2.0,False,1,3,2.0,1.0,4.0,6.0,129.0,5.5,sbro,,,,
2011-12,2011-11-19,Detroit,LosAngeles,2.0,0.0,False,1,1,1.0,0.0,4.0,1.0,-121.0,5.0,sbro,,,,
2011-12,2011-11-19,Phoenix,Buffalo,2.0,1.0,False,1,1,1.0,0.0,4.0,2.0,-148.0,5.5,sbro,,,,
2011-12,2011-11-19,Washington,Toronto,0.0,4.0,False,1,2,0.0,1.0,1.0,7.0,120.0,5.5,sbro,,,,
2011-12,2011-11-19,NYRangers,Montreal,0.0,1.0,False,0,1,0.0,2.0,0.0,4.0,-114.0,5.0,sbro,,,,
2011-12,2011-11-19,Boston,NYIslanders,0.0,0.0,False,3,0,3.0,0.0,6.0,0.0,131.0,5.5,sbro,,,,
2011-12,2011-11-19,NewJersey,TampaBay,3.0,0.0,False,0,0,1.0,2.0,4.0,2.0,-138.0,5.5,sbro,,,,
2011-12,2011-11-19,Pittsburgh,Florida,1.0,1.0,False,1,1,0.0,1.0,2.0,3.0,100.0,5.5,sbro,,,,
2011-12,2011-11-19,Columbus,Nashville,2.0,1.0,False,0,1,1.0,1.0,4.0,3.0,-196.0,5.0,sbro,,,,
2011-12,2011-11-19,St.Louis,Minnesota,0.0,1.0,False,1,0,1.0,1.0,2.0,3.0,-111.0,5.0,sbro,,,,
2011-12,2011-11-19,SanJose,Dallas,2.0,0.0,False,1,0,1.0,1.0,4.0,1.0,105.0,5.5,sbro,,,,
2011-12,2011-11-19,Chicago,Edmonton,1.0,3.0,False,1,5,0.0,1.0,2.0,9.0,102.0,5.5,sbro,,,,
2011-12,2011-11-20,Toronto,Carolina,0.0,1.0,False,0,1,2.0,1.0,2.0,3.0,-154.0,5.5,sbro,,,,
2011-12,2011-11-20,SanJose,Colorado,2.0,0.0,False,1,1,1.0,0.0,4.0,1.0,115.0,5.5,sbro,,,,
2011-12,2011-11-20,Detroit,Anaheim,2.0,2.0,False,1,0,1.0,0.0,4.0,2.0,100.0,5.5,sbro,,,,
2011-12,2011-11-20,Ottawa,Vancouver,0.0,1.0,False,0,0,1.0,0.0,1.0,2.0,-180.0,5.5,sbro,,,,
2011-12,2011-11-21,Carolina,Philadelphia,2.0,2.0,False,2,0,0.0,0.0,4.0,2.0,-190.0,6.0,sbro,,,,
2011-12,2011-11-21,NYIslanders,Pittsburgh,0.0,2.0,False,0,2,0.0,1.0,0.0,5.0,-200.0,5.5,sbro,,,,
2011-12,2011-11-21,Phoenix,Washington,1.0,2.0,False,1,0,1.0,2.0,3.0,4.0,-143.0,5.5,sbro,,,,
2011-12,2011-11-21,Calgary,Columbus,1.0,1.0,False,0,2,0.0,1.0,1.0,4.0,-113.0,5.5,sbro,,,,
2011-12,2011-11-21,Boston,Montreal,0.0,0.0,False,1,0,0.0,0.0,1.0,0.0,112.0,5.5,sbro,,,,
2011-12,2011-11-21,NewJersey,Florida,0.0,2.0,False,3,0,0.0,2.0,3.0,4.0,-125.0,5.0,sbro,,,,
2011-12,2011-11-21,Edmonton,Dallas,1.0,2.0,False,0,1,0.0,1.0,1.0,4.0,-145.0,5.5,sbro,,,,
2011-12,2011-11-22,Toronto,TampaBay,1.0,0.0,False,3,1,3.0,0.0,7.0,1.0,-143.0,5.5,sbro,,,,
2011-12,2011-11-22,LosAngeles,St.Louis,1.0,0.0,False,0,1,2.0,1.0,3.0,2.0,-125.0,5.0,sbro,,,,
2011-12,2011-11-22,Edmonton,Nashville,0.0,0.0,False,3,0,3.0,2.0,6.0,2.0,-160.0,5.0,sbro,,,,
2011-12,2011-11-23,Boston,Buffalo,2.0,1.0,False,0,2,1.0,0.0,4.0,3.0,102.0,5.5,sbro,,,,
2011-12,2011-11-23,Columbus,NewJersey,0.0,1.0,False,0,0,1.0,0.0,1.0,2.0,-180.0,5.0,sbro,,,,
2011-12,2011-11-23,Philadelphia,NYIslanders,1.0,0.0,False,1,3,1.0,0.0,4.0,3.0,136.0,5.5,sbro,,,,
2011-12,2011-11-23,St.Louis,Pittsburgh,0.0,0.0,False,1,0,1.0,2.0,3.0,2.0,-180.0,5.5,sbro,,,,
2011-12,2011-11-23,Winnipeg,Washington,0.0,1.0,False,2,2,1.0,0.0,3.0,4.0,-199.0,5.5,sbro,,,,
2011-12,2011-11-23,Montreal,Carolina,1.0,0.0,False,0,2,2.0,1.0,4.0,3.0,-122.0,5.0,sbro,,,,
2011-12,2011-11-23,Calgary,Detroit,2.0,1.0,False,0,1,1.0,3.0,3.0,5.0,-180.0,5.5,sbro,,,,
2011-12,2011-11-23,NYRangers,Florida,1.0,1.0,False,0,1,0.0,0.0,1.0,2.0,-115.0,5.0,sbro,,,,
2011-12,2011-11-23,Nashville,Minnesota,0.0,0.0,False,1,0,1.0,3.0,2.0,3.0,-120.0,5.0,sbro,,,,
2011-12,2011-11-23,LosAngeles,Dallas,2.0,0.0,False,0,0,0.0,2.0,2.0,3.0,-116.0,5.0,sbro,,,,
2011-12,2011-11-23,Anaheim,Phoenix,0.0,1.0,False,1,2,1.0,1.0,2.0,4.0,-150.0,5.0,sbro,,,,
2011-12,2011-11-23,Vancouver,Colorado,1.0,0.0,False,1,0,1.0,0.0,3.0,0.0,-102.0,5.5,sbro,,,,
2011-12,2011-11-23,Chicago,SanJose,0.0,1.0,False,0,0,0.0,0.0,0.0,1.0,-137.0,5.5,sbro,,,,
2011-12,2011-11-25,Detroit,Boston,1.0,1.0,False,1,0,0.0,1.0,3.0,2.0,-150.0,5.5,sbro,,,,
2011-12,2011-11-25,NewJersey,NYIslanders,1.0,0.0,False,0,0,0.0,0.0,1.0,0.0,105.0,5.0,sbro,,,,
2011-12,2011-11-25,Montreal,Philadelphia,0.0,3.0,False,1,0,0.0,0.0,1.0,3.0,-160.0,5.5,sbro,,,,
2011-12,2011-11-25,Edmonton,Minnesota,1.0,1.0,False,2,1,2.0,0.0,5.0,2.0,-145.0,5.0,sbro,,,,
2011-12,2011-11-25,NYRangers,Washington,4.0,2.0,False,0,0,2.0,1.0,6.0,3.0,-145.0,5.5,sbro,,,,
2011-12,2011-11-25,Chicago,Anaheim,0.0,1.0,False,2,3,4.0,1.0,6.0,5.0,110.0,5.5,sbro,,,,
2011-12,2011-11-25,Ottawa,Pittsburgh,1.0,1.0,False,1,4,1.0,1.0,3.0,6.0,-220.0,5.5,sbro,,,,
2011-12,2011-11-25,Buffalo,Columbus,1.0,3.0,False,0,2,0.0,0.0,1.0,5.0,115.0,5.5,sbro,,,,
2011-12,2011-11-25,Winnipeg,Carolina,1.0,1.0,False,1,0,1.0,0.0,3.0,1.0,-135.0,5.5,sbro,,,,
2011-12,2011-11-25,TampaBay,Florida,0.0,1.0,False,0,0,1.0,0.0,2.0,1.0,-135.0,5.5,sbro,,,,
2011-12,2011-11-25,Calgary,St.Louis,0.0,0.0,False,0,1,0.0,1.0,0.0,2.0,-165.0,5.0,sbro,,,,
2011-12,2011-11-25,Toronto,Dallas,0.0,1.0,False,2,1,1.0,1.0,4.0,3.0,-125.0,5.5,sbro,,,,
2011-12,2011-11-25,Vancouver,Phoenix,3.0,0.0,False,0,0,2.0,0.0,5.0,0.0,-110.0,5.5,sbro,,,,
2011-12,2011-11-26,NYIslanders,NewJersey,1.0,1.0,False,1,0,1.0,1.0,3.0,2.0,-177.0,5.0,sbro,,,,
2011-12,2011-11-26,Philadelphia,NYRangers,0.0,1.0,False,0,0,0.0,1.0,0.0,2.0,-115.0,5.5,sbro,,,,
2011-12,2011-11-26,Edmonton,Colorado,1.0,0.0,False,1,1,0.0,4.0,2.0,5.0,-125.0,5.5,sbro,,,,
2011-12,2011-11-26,Winnipeg,Boston,0.0,2.0,False,2,1,0.0,1.0,2.0,4.0,-220.0,5.5,sbro,,,,
2011-12,2011-11-26,Washington,Buffalo,1.0,1.0,False,0,2,0.0,2.0,1.0,5.0,-115.0,5.5,sbro,,,,
2011-12,2011-11-26,Pittsburgh,Montreal,1.0,1.0,False,1,2,1.0,0.0,4.0,3.0,105.0,5.0,sbro,,,,
2011-12,2011-11-26,Florida,TampaBay,0.0,3.0,False,0,1,1.0,1.0,1.0,5.0,-130.0,5.5,sbro,,,,
2011-12,2011-11-26,Nashville,Detroit,0.0,2.0,False,0,1,1.0,1.0,1.0,4.0,-150.0,5.5,sbro,,,,
2011-12,2011-11-26,Dallas,Phoenix,0.0,1.0,False,0,1,0.0,1.0,0.0,3.0,-150.0,5.0,sbro,,,,
2011-12,2011-11-26,Vancouver,SanJose,2.0,0.0,False,1,1,0.0,1.0,3.0,2.0,-140.0,5.5,sbro,,,,
2011-12,2011-11-26,Chicago,LosAngeles,1.0,1.0,False,1,0,0.0,0.0,2.0,1.0,-125.0,5.5,sbro,,,,
2011-12,2011-11-27,Carolina,Ottawa,0.0,1.0,False,1,2,2.0,1.0,3.0,4.0,-126.0,5.5,sbro,,,,
2011-12,2011-11-27,St.Louis,Columbus,1.0,1.0,False,0,0,1.0,0.0,2.0,1.0,110.0,5.5,sbro,,,,
2011-12,2011-11-27,Calgary,Minnesota,0.0,0.0,False,3,2,2.0,0.0,5.0,2.0,-133.0,5.0,sbro,,,,
2011-12,2011-11-27,Toronto,Anaheim,1.0,0.0,False,2,1,2.0,1.0,5.0,2.0,-116.0,5.5,sbro,,,,
2011-12,2011-11-28,TampaBay,Minnesota,1.0,2.0,False,0,0,0.0,1.0,1.0,3.0,-115.0,5.5,sbro,,,,
2011-12,2011-11-28,Dallas,Colorado,0.0,0.0,False,1,0,2.0,1.0,3.0,1.0,-135.0,5.5,sbro,,,,
2011-12,2011-11-28,Nashville,Edmonton,1.0,0.0,False,0,1,1.0,0.0,2.0,1.0,-105.0,5.0,sbro,,,,
2011-12,2011-11-28,SanJose,LosAngeles,0.0,1.0,False,0,1,0.0,0.0,0.0,2.0,-110.0,5.0,sbro,,,,
2011-12,2011-11-29,NYIslanders,Buffalo,0.0,0.0,False,1,0,1.0,1.0,2.0,1.0,-190.0,5.5,sbro,,,,
2011-12,2011-11-29,Florida,Carolina,1.0,1.0,False,0,0,2.0,0.0,3.0,1.0,100.0,5.5,sbro,,,,
2011-12,2011-11-29,St.Louis,Washington,1.0,0.0,False,1,1,0.0,0.0,2.0,1.0,-135.0,5.5,sbro,,,,
2011-12,2011-11-29,Pittsburgh,NYRangers,1.0,4.0,False,1,0,1.0,0.0,3.0,4.0,-116.0,5.0,sbro,,,,
2011-12,2011-11-29,Ottawa,Winnipeg,2.0,2.0,False,1,0,3.0,2.0,6.0,4.0,-130.0,6.0,sbro,,,,
2011-12,2011-11-29,Phoenix,Chicago,1.0,0.0,False,1,0,2.0,1.0,4.0,1.0,-142.0,5.5,sbro,,,,
2011-12,2011-11-29,Nashville,Calgary,0.0,0.0,False,0,1,0.0,0.0,0.0,1.0,-114.0,5.0,sbro,,,,
2011-12,2011-11-29,Columbus,Vancouver,0.0,0.0,False,0,2,1.0,2.0,1.0,4.0,-215.0,5.5,sbro,,,,
2011-12,2011-11-30,Boston,Toronto,2.0,1.0,False,1,1,3.0,1.0,6.0,3.0,115.0,5.5,sbro,,,,
2011-12,2011-11-30,TampaBay,Detroit,2.0,0.0,False,0,2,0.0,2.0,2.0,4.0,-170.0,5.5,sbro,,,,
2011-12,2011-11-30,NewJersey,Colorado,1.0,0.0,False,0,3,0.0,3.0,1.0,6.0,-116.0,5.0,sbro,,,,
2011-12,2011-11-30,Minnesota,Edmonton,2.0,1.0,False,0,1,0.0,0.0,3.0,2.0,-126.0,5.0,sbro,,,,
2011-12,2011-11-30,Montreal,Anaheim,0.0,1.0,False,1,1,0.0,2.0,1.0,4.0,-105.0,5.5,sbro,,,,
2011-12,2011-12-01,Pittsburgh,Washington,0.0,1.0,False,1,0,1.0,0.0,2.0,1.0,-115.0,5.5,sbro,,,,
2011-12,2011-12-01,NYRangers,Carolina,3.0,1.0,False,1,2,1.0,0.0,5.0,3.0,107.0,5.0,sbro,,,,
2011-12,2011-12-01,Ottawa,Dallas,0.0,0.0,False,1,1,1.0,2.0,2.0,3.0,-126.0,5.5,sbro,,,,
2011-12,2011-12-01,Phoenix,Winnipeg,0.0,0.0,False,0,1,0.0,0.0,0.0,1.0,100.0,5.5,sbro,,,,
2011-12,2011-12-01,Columbus,Calgary,0.0,1.0,False,1,1,2.0,1.0,4.0,3.0,-157.0,5.0,sbro,,,,
2011-12,2011-12-01,Nashville,Vancouver,2.0,4.0,False,3,1,1.0,0.0,6.0,5.0,-148.0,5.0,sbro,,,,
2011-12,2011-12-01,Florida,LosAngeles,1.0,1.0,False,0,1,0.0,0.0,1.0,2.0,-141.0,5.0,sbro,,,,
2011-12,2011-12-01,Montreal,SanJose,1.0,1.0,False,1,1,1.0,1.0,3.0,4.0,-168.0,5.5,sbro,,,,
2011-12,2011-12-02,Detroit,Buffalo,0.0,0.0,False,3,0,1.0,1.0,4.0,1.0,-110.0,5.5,sbro,,,,
2011-12,2011-12-02,NewJersey,Minnesota,0.0,0.0,False,2,3,0.0,1.0,2.0,4.0,-115.0,5.0,sbro,,,,
2011-12,2011-12-02,NYIslanders,Chicago,0.0,2.0,False,2,1,2.0,1.0,4.0,5.0,-190.0,5.5,sbro,,,,
2011-12,2011-12-02,St.Louis,Colorado,1.0,0.0,False,1,1,0.0,1.0,2.0,3.0,100.0,5.0,sbro,,,,
2011-12,2011-12-02,Columbus,Edmonton,1.0,0.0,False,1,1,1.0,5.0,3.0,6.0,-150.0,5.0,sbro,,,,
2011-12,2011-12-02,Philadelphia,Anaheim,1.0,1.0,False,0,2,2.0,0.0,4.0,3.0,100.0,5.5,sbro,,,,
2011-12,2011-12-03,Montreal,LosAngeles,1.0,1.0,False,1,0,0.0,0.0,2.0,1.0,-137.0,5.0,sbro,,,,
2011-12,2011-12-03,Ottawa,Washington,1.0,0.0,False,0,1,1.0,1.0,2.0,3.0,-165.0,5.5,sbro,,,,
2011-12,2011-12-03,Toronto,Boston,1.0,2.0,False,0,0,0.0,2.0,1.0,4.0,-195.0,5.5,sbro,,,,
2011-12,2011-12-03,Pittsburgh,Carolina,1.0,1.0,False,0,0,2.0,1.0,3.0,2.0,129.0,5.5,sbro,,,,
2011-12,2011-12-03,NYRangers,TampaBay,1.0,1.0,False,0,1,3.0,0.0,4.0,2.0,-113.0,5.5,sbro,,,,
2011-12,2011-12-03,NewJersey,Winnipeg,1.0,1.0,False,1,1,0.0,2.0,2.0,4.0,-115.0,5.5,sbro,,,,
2011-12,2011-12-03,Philadelphia,Phoenix,0.0,1.0,False,4,0,0.0,1.0,4.0,2.0,-127.0,5.5,sbro,,,,
2011-12,2011-12-03,Buffalo,Nashville,0.0,0.0,False,2,0,1.0,2.0,3.0,2.0,-131.0,5.5,sbro,,,,
2011-12,2011-12-03,Chicago,St.Louis,3.0,1.0,False,0,1,2.0,0.0,5.0,2.0,-127.0,5.5,sbro,,,,
2011-12,2011-12-03,NYIslanders,Dallas,3.0,4.0,False,2,0,0.0,0.0,5.0,4.0,-154.0,5.5,sbro,,,,
2011-12,2011-12-03,Calgary,Edmonton,0.0,0.0,False,2,2,3.0,1.0,5.0,3.0,-110.0,5.0,sbro,,,,
2011-12,2011-12-03,Florida,SanJose,3.0,0.0,False,1,2,1.0,1.0,5.0,3.0,-178.0,5.5,sbro,,,,
2011-12,2011-12-04,Minnesota,Anaheim,2.0,0.0,False,1,2,2.0,1.0,5.0,3.0,-116.0,5.5,sbro,,,,
2011-12,2011-12-04,Detroit,Colorado,0.0,2.0,False,1,0,1.0,2.0,2.0,4.0,127.0,5.5,sbro,,,,
2011-12,2011-12-04,Calgary,Vancouver,0.0,2.0,False,1,0,0.0,3.0,1.0,5.0,-193.0,5.5,sbro,,,,
2011-12,2011-12-05,Toronto,NYRangers,2.0,2.0,False,1,0,1.0,0.0,4.0,2.0,-160.0,5.5,sbro,,,,
2011-12,2011-12-05,Boston,Pittsburgh,2.0,0.0,False,0,0,1.0,1.0,3.0,1.0,-135.0,5.5,sbro,,,,
2011-12,2011-12-05,TampaBay,Ottawa,1.0,1.0,False,0,0,1.0,3.0,2.0,4.0,-115.0,5.5,sbro,,,,
2011-12,2011-12-05,Washington,Florida,1.0,2.0,False,1,3,2.0,0.0,4.0,5.0,-125.0,5.5,sbro,,,,
2011-12,2011-12-05,Phoenix,Chicago,1.0,3.0,False,2,0,0.0,0.0,4.0,3.0,-155.0,5.5,sbro,,,,
2011-12,2011-12-06,TampaBay,NYIslanders,0.0,0.0,False,1,3,0.0,2.0,1.0,5.0,-115.0,5.5,sbro,,,,
2011-12,2011-12-06,NewJersey,Toronto,0.0,1.0,False,2,0,0.0,1.0,3.0,2.0,-128.0,5.5,sbro,,,,
2011-12,2011-12-06,Detroit,St.Louis,1.0,1.0,False,0,0,1.0,2.0,2.0,3.0,-116.0,5.5,sbro,,,,
2011-12,2011-12-06,Columbus,Montreal,1.0,0.0,False,1,1,0.0,1.0,3.0,2.0,-160.0,5.5,sbro,,,,
2011-12,2011-12-06,Phoenix,Nashville,0.0,0.0,False,1,1,2.0,1.0,3.0,2.0,-138.0,5.0,sbro,,,,
2011-12,2011-12-06,Boston,Winnipeg,0.0,0.0,False,0,1,1.0,1.0,1.0,2.0,130.0,5.5,sbro,,,,
2011-12,2011-12-06,Carolina,Calgary,2.0,2.0,False,0,2,4.0,3.0,6.0,7.0,-143.0,5.5,sbro,,,,
2011-12,2011-12-06,Colorado,Vancouver,0.0,1.0,False,0,1,0.0,4.0,0.0,6.0,-195.0,5.5,sbro,,,,
2011-12,2011-12-06,LosAngeles,Anaheim,1.0,0.0,False,0,2,1.0,1.0,2.0,3.0,105.0,5.5,sbro,,,,
2011-12,2011-12-06,Minnesota,SanJose,0.0,0.0,False,2,1,0.0,0.0,2.0,1.0,-182.0,5.5,sbro,,,,
2011-12,2011-12-07,Washington,Ottawa,1.0,2.0,False,0,0,4.0,1.0,5.0,3.0,-116.0,5.5,sbro,,,,
2011-12,2011-12-07,Philadelphia,Buffalo,3.0,0.0,False,1,3,0.0,1.0,5.0,4.0,-110.0,5.5,sbro,,,,
2011-12,2011-12-07,Carolina,Edmonton,3.0,1.0,False,1,1,1.0,1.0,5.0,3.0,-148.0,5.5,sbro,,,,
2011-12,2011-12-08,TampaBay,NYRangers,1.0,1.0,False,0,1,1.0,0.0,3.0,2.0,-160.0,5.5,sbro,,,,
2011-12,2011-12-08,Florida,Boston,0.0,0.0,False,0,0,2.0,0.0,2.0,0.0,-190.0,5.5,sbro,,,,
2011-12,2011-12-08,Chicago,NYIslanders,1.0,1.0,False,1,0,0.0,1.0,3.0,2.0,111.0,5.5,sbro,,,,
2011-12,2011-12-08,Nashville,Columbus,1.0,1.0,False,0,1,2.0,1.0,4.0,3.0,-109.0,5.0,sbro,,,,
2011-12,2011-12-08,Pittsburgh,Philadelphia,1.0,2.0,False,0,1,1.0,0.0,2.0,3.0,-106.0,5.5,sbro,,,,
2011-12,2011-12-08,Ottawa,NewJersey,1.0,1.0,False,2,0,1.0,3.0,4.0,5.0,-133.0,5.5,sbro,,,,
2011-12,2011-12-08,Vancouver,Montreal,1.0,1.0,False,0,2,2.0,0.0,4.0,3.0,106.0,5.5,sbro,,,,
2011-12,2011-12-08,Phoenix,Detroit,1.0,0.0,False,0,5,1.0,0.0,2.0,5.0,-160.0,5.5,sbro,,,,
2011-12,2011-12-08,Anaheim,St.Louis,0.0,2.0,False,1,1,1.0,1.0,2.0,4.0,-175.0,5.5,sbro,,,,
2011-12,2011-12-08,Colorado,Calgary,1.0,0.0,False,0,0,1.0,3.0,2.0,3.0,-130.0,5.5,sbro,,,,
2011-12,2011-12-08,Dallas,SanJose,1.0,3.0,False,1,2,0.0,0.0,2.0,5.0,-190.0,5.5,sbro,,,,
2011-12,2011-12-08,Minnesota,LosAngeles,2.0,0.0,False,1,0,1.0,2.0,4.0,2.0,-135.0,5.0,sbro,,,,
2011-12,2011-12-09,Toronto,Washington,1.0,2.0,False,0,1,1.0,1.0,2.0,4.0,-144.0,5.5,sbro,,,,
2011-12,2011-12-09,Florida,Buffalo,1.0,0.0,False,0,1,0.0,0.0,1.0,2.0,-138.0,5.5,sbro,,,,
2011-12,2011-12-09,Carolina,Winnipeg,0.0,2.0,False,0,2,2.0,0.0,2.0,4.0,-145.0,5.5,sbro,,,,
2011-12,2011-12-09,Colorado,Edmonton,1.0,2.0,False,0,2,0.0,0.0,1.0,4.0,-138.0,5.5,sbro,,,,
2011-12,2011-12-10,Montreal,NewJersey,1.0,0.0,False,0,0,1.0,1.0,2.0,1.0,-120.0,5.0,sbro,,,,
2011-12,2011-12-10,Boston,Columbus,1.0,1.0,False,2,2,2.0,0.0,5.0,3.0,135.0,5.5,sbro,,,,
2011-12,2011-12-10,Pittsburgh,NYIslanders,2.0,1.0,False,2,2,2.0,0.0,6.0,3.0,115.0,5.5,sbro,,,,
2011-12,2011-12-10,NYRangers,Buffalo,2.0,1.0,False,0,0,2.0,0.0,4.0,1.0,-116.0,5.5,sbro,,,,
2011-12,2011-12-10,Vancouver,Ottawa,1.0,1.0,False,2,0,1.0,0.0,4.0,1.0,124.0,5.5,sbro,,,,
2011-12,2011-12-10,Winnipeg,Detroit,0.0,4.0,False,1,2,0.0,1.0,1.0,7.0,-200.0,5.5,sbro,,,,
2011-12,2011-12-10,TampaBay,Philadelphia,0.0,3.0,False,1,0,1.0,2.0,2.0,5.0,-194.0,5.5,sbro,,,,
2011-12,2011-12-10,Anaheim,Nashville,1.0,1.0,False,0,0,1.0,2.0,2.0,3.0,-175.0,5.5,sbro,,,,
2011-12,2011-12-10,Minnesota,Phoenix,2.0,0.0,False,1,0,1.0,1.0,4.0,1.0,-130.0,5.0,sbro,,,,
2011-12,2011-12-10,SanJose,St.Louis,0.0,0.0,False,0,1,0.0,0.0,0.0,1.0,-115.0,5.0,sbro,,,,
2011-12,2011-12-10,Edmonton,Calgary,0.0,2.0,False,0,0,0.0,1.0,0.0,3.0,-140.0,5.5,sbro,,,,
2011-12,2011-12-10,Dallas,LosAngeles,1.0,1.0,False,1,0,0.0,0.0,2.0,1.0,-150.0,5.0,sbro,,,,
2011-12,2011-12-11,SanJose,Chicago,1.0,1.0,False,1,0,0.0,1.0,2.0,3.0,-125.0,5.5,sbro,,,,
2011-12,2011-12-11,Florida,NYRangers,0.0,4.0,False,1,2,0.0,0.0,1.0,6.0,-145.0,5.0,sbro,,,,
2011-12,2011-12-12,NewJersey,TampaBay,3.0,0.0,False,2,2,0.0,2.0,5.0,4.0,-115.0,5.5,sbro,,,,
2011-12,2011-12-13,Philadelphia,Washington,3.0,0.0,False,1,0,1.0,1.0,5.0,1.0,-125.0,5.5,sbro,,,,
2011-12,2011-12-13,Carolina,Toronto,0.0,0.0,False,0,0,1.0,1.0,1.0,2.0,-165.0,5.5,sbro,,,,
2011-12,2011-12-13,Ottawa,Buffalo,0.0,0.0,False,1,2,1.0,0.0,3.0,2.0,-155.0,5.5,sbro,,,,
2011-12,2011-12-13,Detroit,Pittsburgh,1.0,0.0,False,0,1,3.0,0.0,4.0,1.0,-125.0,5.5,sbro,,,,
2011-12,2011-12-13,Vancouver,Columbus,0.0,0.0,False,0,1,1.0,0.0,1.0,2.0,150.0,5.5,sbro,,,,
2011-12,2011-12-13,LosAngeles,Boston,0.0,1.0,False,0,1,0.0,1.0,0.0,3.0,-177.0,5.0,sbro,,,,
2011-12,2011-12-13,Dallas,NYRangers,0.0,0.0,False,0,0,1.0,0.0,1.0,0.0,-165.0,5.0,sbro,,,,
2011-12,2011-12-13,NewJersey,Florida,1.0,1.0,False,0,1,1.0,0.0,3.0,2.0,-150.0,5.0,sbro,,,,
2011-12,2011-12-13,NYIslanders,Montreal,0.0,0.0,False,1,2,2.0,3.0,3.0,5.0,-157.0,5.5,sbro,,,,
2011-12,2011-12-13,Calgary,Nashville,1.0,0.0,False,0,1,0.0,1.0,1.0,2.0,-145.0,5.0,sbro,,,,
2011-12,2011-12-13,Minnesota,Winnipeg,1.0,1.0,False,0,0,0.0,1.0,1.0,2.0,-120.0,5.5,sbro,,,,
2011-12,2011-12-13,SanJose,Colorado,2.0,0.0,False,0,1,1.0,2.0,3.0,4.0,120.0,5.5,sbro,,,,
2011-12,2011-12-14,Boston,Ottawa,1.0,1.0,False,1,0,3.0,1.0,5.0,2.0,150.0,5.5,sbro,,,,
2011-12,2011-12-14,Chicago,Minnesota,2.0,2.0,False,0,0,1.0,1.0,4.0,3.0,-109.0,5.0,sbro,,,,
2011-12,2011-12-14,Phoenix,Anaheim,1.0,2.0,False,0,1,0.0,1.0,1.0,4.0,100.0,5.5,sbro,,,,
2011-12,2011-12-15,Dallas,NYIslanders,0.0,1.0,False,1,1,2.0,0.0,3.0,2.0,-113.0,5.5,sbro,,,,
2011-12,2011-12-15,LosAngeles,Columbus,0.0,1.0,False,0,0,2.0,0.0,2.0,1.0,102.0,5.0,sbro,,,,
2011-12,2011-12-15,Vancouver,Carolina,1.0,2.0,False,1,0,1.0,2.0,3.0,4.0,153.0,5.5,sbro,,,,
2011-12,2011-12-15,Calgary,TampaBay,1.0,3.0,False,1,1,2.0,0.0,4.0,5.0,-128.0,5.5,sbro,,,,
2011-12,2011-12-15,Philadelphia,Montreal,2.0,3.0,False,1,0,1.0,0.0,4.0,3.0,-106.0,5.5,sbro,,,,
2011-12,2011-12-15,NYRangers,St.Louis,1.0,0.0,False,0,2,0.0,2.0,1.0,4.0,-130.0,5.0,sbro,,,,
2011-12,2011-12-15,Detroit,Nashville,2.0,1.0,False,1,1,0.0,2.0,3.0,4.0,100.0,5.0,sbro,,,,
2011-12,2011-12-15,Washington,Winnipeg,0.0,0.0,False,0,0,1.0,0.0,1.0,0.0,-105.0,5.5,sbro,,,,
2011-12,2011-12-15,Edmonton,Phoenix,1.0,1.0,False,0,1,1.0,2.0,2.0,4.0,-137.0,5.0,sbro,,,,
2011-12,2011-12-15,Colorado,SanJose,2.0,1.0,False,2,1,0.0,3.0,4.0,5.0,-205.0,5.5,sbro,,,,
2011-12,2011-12-16,Dallas,NewJersey,1.0,3.0,False,1,1,1.0,2.0,3.0,6.0,-128.0,5.0,sbro,,,,
2011-12,2011-12-16,Calgary,Florida,0.0,0.0,False,1,1,1.0,1.0,2.0,3.0,-173.0,5.5,sbro,,,,
2011-12,2011-12-16,Pittsburgh,Ottawa,3.0,5.0,False,0,0,1.0,1.0,4.0,6.0,108.0,5.5,sbro,,,,
2011-12,2011-12-16,Toronto,Buffalo,2.0,4.0,False,0,0,2.0,1.0,4.0,5.0,-123.0,5.5,sbro,,,,
2011-12,2011-12-16,Anaheim,Chicago,0.0,2.0,False,0,1,1.0,1.0,1.0,4.0,-200.0,5.5,sbro,,,,
2011-12,2011-12-17,Boston,Philadelphia,1.0,0.0,False,4,0,1.0,0.0,6.0,0.0,-111.0,5.5,sbro,,,,
2011-12,2011-12-17,Buffalo,Pittsburgh,0.0,2.0,False,1,4,2.0,2.0,3.0,8.0,-158.0,5.5,sbro,,,,
2011-12,2011-12-17,NewJersey,Montreal,2.0,3.0,False,1,0,2.0,0.0,5.0,3.0,-140.0,5.0,sbro,,,,
2011-12,2011-12-17,Vancouver,Toronto,2.0,1.0,False,1,1,2.0,1.0,5.0,3.0,124.0,5.5,sbro,,,,
2011-12,2011-12-17,TampaBay,Columbus,1.0,2.0,False,2,0,0.0,0.0,3.0,2.0,-116.0,5.5,sbro,,,,
2011-12,2011-12-17,Anaheim,Winnipeg,0.0,2.0,False,2,2,1.0,1.0,3.0,5.0,-150.0,5.5,sbro,,,,
2011-12,2011-12-17,LosAngeles,Detroit,1.0,2.0,False,1,4,0.0,2.0,2.0,8.0,-165.0,5.5,sbro,,,,
2011-12,2011-12-17,St.Louis,Nashville,0.0,0.0,False,0,0,1.0,1.0,1.0,2.0,-110.0,5.0,sbro,,,,
2011-12,2011-12-17,NYIslanders,Minnesota,1.0,0.0,False,0,0,0.0,1.0,2.0,1.0,-162.0,5.5,sbro,,,,
2011-12,2011-12-17,NYRangers,Phoenix,0.0,1.0,False,1,1,2.0,0.0,3.0,2.0,-114.0,5.0,sbro,,,,
2011-12,2011-12-17,Washington,Colorado,1.0,1.0,False,0,1,0.0,0.0,1.0,2.0,103.0,5.5,sbro,,,,
2011-12,2011-12-17,Edmonton,SanJose,1.0,1.0,False,1,1,0.0,1.0,2.0,3.0,-190.0,5.5,sbro,,,,
2011-12,2011-12-18,Carolina,Florida,1.0,0.0,False,1,1,0.0,1.0,2.0,3.0,-177.0,5.5,sbro,,,,
2011-12,2011-12-18,Calgary,Chicago,0.0,2.0,False,0,1,2.0,1.0,2.0,4.0,-193.0,5.5,sbro,,,,
2011-12,2011-12-18,Columbus,St.Louis,2.0,0.0,False,1,2,1.0,4.0,4.0,6.0,-177.0,5.0,sbro,,,,
2011-12,2011-12-19,LosAngeles,Toronto,1.0,0.0,False,1,1,0.0,1.0,3.0,2.0,-125.0,5.5,sbro,,,,
2011-12,2011-12-19,Montreal,Boston,0.0,1.0,False,1,1,1.0,1.0,2.0,3.0,-170.0,5.5,sbro,,,,
2011-12,2011-12-19,Anaheim,Dallas,3.0,2.0,False,0,1,0.0,2.0,3.0,5.0,-150.0,5.5,sbro,,,,
2011-12,2011-12-19,Philadelphia,Colorado,0.0,2.0,False,1,0,1.0,0.0,2.0,3.0,105.0,5.5,sbro,,,,
2011-12,2011-12-19,Detroit,Edmonton,1.0,2.0,False,1,0,1.0,0.0,3.0,2.0,120.0,5.5,sbro,,,,
2011-12,2011-12-19,Minnesota,Vancouver,0.0,2.0,False,0,1,0.0,1.0,0.0,4.0,-190.0,5.0,sbro,,,,
2011-12,2011-12-20,Nashville,Washington,0.0,0.0,False,0,2,1.0,2.0,1.0,4.0,-140.0,5.5,sbro,,,,
2011-12,2011-12-20,NYRangers,NewJersey,1.0,0.0,False,0,1,3.0,0.0,4.0,1.0,-120.0,5.0,sbro,,,,
2011-12,2011-12-20,Buffalo,Ottawa,1.0,0.0,False,0,1,0.0,3.0,1.0,4.0,-123.0,5.5,sbro,,,,
2011-12,2011-12-20,Chicago,Pittsburgh,0.0,2.0,False,0,1,2.0,0.0,2.0,3.0,100.0,5.5,sbro,,,,
2011-12,2011-12-20,Phoenix,Florida,1.0,1.0,False,1,0,0.0,0.0,2.0,1.0,-135.0,5.0,sbro,,,,
2011-12,2011-12-20,NYIslanders,Winnipeg,1.0,1.0,False,1,1,0.0,0.0,3.0,2.0,-150.0,5.5,sbro,,,,
2011-12,2011-12-20,Minnesota,Calgary,0.0,1.0,False,1,1,0.0,0.0,1.0,2.0,-150.0,5.0,sbro,,,,
2011-12,2011-12-21,Phoenix,Carolina,1.0,2.0,False,1,1,2.0,0.0,4.0,3.0,-105.0,5.5,sbro,,,,
2011-12,2011-12-21,Philadelphia,Dallas,1.0,0.0,False,2,1,1.0,0.0,4.0,1.0,-115.0,5.5,sbro,,,,
2011-12,2011-12-21,Montreal,Chicago,1.0,2.0,False,0,0,0.0,3.0,1.0,5.0,-175.0,5.5,sbro,,,,
2011-12,2011-12-21,St.Louis,Colorado,2.0,1.0,False,0,2,0.0,0.0,2.0,3.0,-105.0,5.0,sbro,,,,
2011-12,2011-12-21,Detroit,Vancouver,1.0,0.0,False,1,3,0.0,1.0,2.0,4.0,-107.0,5.5,sbro,,,,
2011-12,2011-12-21,TampaBay,SanJose,0.0,0.0,False,1,5,1.0,2.0,2.0,7.0,-180.0,5.5,sbro,,,,
2011-12,2011-12-22,Buffalo,Toronto,1.0,2.0,False,0,0,1.0,1.0,2.0,3.0,-135.0,5.5,sbro,,,,
2011-12,2011-12-22,NYIslanders,NYRangers,1.0,2.0,False,0,1,1.0,1.0,2.0,4.0,-170.0,5.5,sbro,,,,
2011-12,2011-12-22,Florida,Ottawa,1.0,0.0,False,0,1,2.0,2.0,3.0,4.0,-114.0,5.5,sbro,,,,
2011-12,2011-12-22,Columbus,Nashville,1.0,3.0,False,4,1,0.0,2.0,5.0,6.0,-170.0,5.0,sbro,,,,
2011-12,2011-12-22,Montreal,Winnipeg,0.0,1.0,False,0,2,0.0,1.0,0.0,4.0,-125.0,5.5,sbro,,,,
2011-12,2011-12-22,Detroit,Calgary,0.0,2.0,False,0,1,2.0,0.0,2.0,3.0,-102.0,5.5,sbro,,,,
2011-12,2011-12-22,Minnesota,Edmonton,0.0,2.0,False,0,2,1.0,0.0,1.0,4.0,-122.0,5.0,sbro,,,,
2011-12,2011-12-22,Anaheim,LosAngeles,1.0,1.0,False,0,0,1.0,1.0,2.0,3.0,-165.0,5.5,sbro,,,,
2011-12,2011-12-23,Florida,Boston,0.0,2.0,False,0,4,0.0,2.0,0.0,8.0,-190.0,5.0,sbro,,,,
2011-12,2011-12-23,Toronto,NYIslanders,1.0,1.0,False,3,1,1.0,1.0,5.0,3.0,-105.0,5.5,sbro,,,,
2011-12,2011-12-23,Ottawa,Carolina,0.0,0.0,False,1,1,0.0,0.0,1.0,2.0,-116.0,5.5,sbro,,,,
2011-12,2011-12-23,Washington,NewJersey,0.0,3.0,False,0,0,3.0,0.0,3.0,4.0,-111.0,5.0,sbro,,,,
2011-12,2011-12-23,Philadelphia,NYRangers,0.0,2.0,False,0,0,2.0,2.0,2.0,4.0,-115.0,5.5,sbro,,,,
2011-12,2011-12-23,Pittsburgh,Winnipeg,0.0,1.0,False,1,0,3.0,0.0,4.0,1.0,-103.0,5.5,sbro,,,,
2011-12,2011-12-23,Nashville,Dallas,2.0,1.0,False,0,3,1.0,2.0,3.0,6.0,-123.0,5.0,sbro,,,,
2011-12,2011-12-23,TampaBay,Colorado,0.0,1.0,False,1,0,0.0,0.0,1.0,2.0,-125.0,5.5,sbro,,,,
2011-12,2011-12-23,St.Louis,Phoenix,2.0,1.0,False,0,0,1.0,1.0,3.0,2.0,-113.0,5.0,sbro,,,,
2011-12,2011-12-23,Calgary,Vancouver,0.0,0.0,False,0,0,3.0,1.0,3.0,1.0,-225.0,5.5,sbro,,,,
2011-12,2011-12-23,LosAngeles,SanJose,1.0,1.0,False,0,0,0.0,0.0,1.0,2.0,-160.0,5.0,sbro,,,,
2011-12,2011-12-26,Colorado,Minnesota,2.0,1.0,False,0,1,2.0,0.0,4.0,2.0,-130.0,5.0,sbro,,,,
2011-12,2011-12-26,Washington,Buffalo,1.0,0.0,False,0,4,1.0,0.0,2.0,4.0,-125.0,5.5,sbro,,,,
2011-12,2011-12-26,NYIslanders,NYRangers,0.0,1.0,False,0,0,0.0,2.0,0.0,3.0,-200.0,5.5,sbro,,,,
2011-12,2011-12-26,NewJersey,Carolina,0.0,2.0,False,0,1,2.0,1.0,2.0,4.0,-105.0,5.5,sbro,,,,
2011-12,2011-12-26,Dallas,St.Louis,1.0,2.0,False,0,1,2.0,2.0,3.0,5.0,-165.0,5.0,sbro,,,,
2011-12,2011-12-26,Detroit,Nashville,2.0,0.0,False,1,0,1.0,1.0,4.0,1.0,100.0,5.5,sbro,,,,
2011-12,2011-12-26,Columbus,Chicago,0.0,3.0,False,0,0,1.0,1.0,1.0,4.0,-230.0,5.5,sbro,,,,
2011-12,2011-12-26,Edmonton,Vancouver,2.0,1.0,False,0,3,1.0,1.0,3.0,5.0,-220.0,5.5,sbro,,,,
2011-12,2011-12-26,Phoenix,LosAngeles,1.0,0.0,False,1,2,1.0,2.0,3.0,4.0,-135.0,5.0,sbro,,,,
2011-12,2011-12-26,Anaheim,SanJose,2.0,1.0,False,1,1,0.0,0.0,3.0,2.0,-225.0,5.5,sbro,,,,
2011-12,2011-12-27,Carolina,Pittsburgh,0.0,1.0,False,1,0,1.0,3.0,2.0,4.0,-210.0,5.5,sbro,,,,
2011-12,2011-12-27,Calgary,Columbus,0.0,1.0,False,0,0,1.0,0.0,2.0,1.0,-105.0,5.5,sbro,,,,
2011-12,2011-12-27,Toronto,Florida,2.0,3.0,False,0,1,1.0,1.0,3.0,5.0,-120.0,5.5,sbro,,,,
2011-12,2011-12-27,Montreal,Ottawa,2.0,1.0,False,3,1,1.0,0.0,6.0,2.0,-125.0,5.5,sbro,,,,
2011-12,2011-12-27,Philadelphia,TampaBay,0.0,3.0,False,1,1,0.0,1.0,1.0,5.0,125.0,5.5,sbro,,,,
2011-12,2011-12-27,St.Louis,Detroit,1.0,1.0,False,1,0,0.0,2.0,2.0,3.0,-150.0,5.5,sbro,,,,
2011-12,2011-12-27,Winnipeg,Colorado,2.0,0.0,False,1,0,1.0,1.0,4.0,1.0,-120.0,5.5,sbro,,,,
2011-12,2011-12-28,Buffalo,NewJersey,1.0,2.0,False,0,1,0.0,0.0,1.0,3.0,-135.0,5.5,sbro,,,,
2011-12,2011-12-28,NYRangers,Washington,0.0,2.0,False,1,1,0.0,1.0,1.0,4.0,-115.0,5.5,sbro,,,,
2011-12,2011-12-28,Minnesota,Nashville,0.0,0.0,False,0,0,1.0,1.0,1.0,2.0,-125.0,5.0,sbro,,,,
2011-12,2011-12-28,LosAngeles,Chicago,1.0,0.0,False,0,0,1.0,0.0,2.0,0.0,-185.0,5.5,sbro,,,,
2011-12,2011-12-28,Boston,Phoenix,0.0,0.0,False,1,1,0.0,0.0,2.0,1.0,145.0,5.5,sbro,,,,
2011-12,2011-12-28,Vancouver,SanJose,1.0,2.0,False,1,0,0.0,0.0,3.0,2.0,-120.0,5.5,sbro,,,,
2011-12,2011-12-29,Calgary,NYIslanders,0.0,1.0,False,1,0,0.0,2.0,1.0,3.0,100.0,5.5,sbro,,,,
2011-12,2011-12-29,Philadelphia,Pittsburgh,2.0,0.0,False,1,1,1.0,1.0,4.0,2.0,-120.0,5.5,sbro,,,,
2011-12,2011-12-29,Toronto,Carolina,1.0,0.0,False,0,1,2.0,2.0,3.0,4.0,-111.0,5.5,sbro,,,,
2011-12,2011-12-29,Montreal,TampaBay,2.0,1.0,False,1,1,0.0,2.0,3.0,4.0,-120.0,5.5,sbro,,,,
2011-12,2011-12-29,Edmonton,Minnesota,1.0,3.0,False,1,1,1.0,0.0,3.0,4.0,-128.0,5.0,sbro,,,,
2011-12,2011-12-29,LosAngeles,Winnipeg,0.0,0.0,False,0,0,0.0,0.0,0.0,1.0,-125.0,5.5,sbro,,,,
2011-12,2011-12-29,Columbus,Dallas,1.0,0.0,False,1,1,2.0,0.0,4.0,1.0,-170.0,5.5,sbro,,,,
2011-12,2011-12-29,Phoenix,Colorado,1.0,0.0,False,1,2,0.0,1.0,2.0,3.0,-130.0,5.5,sbro,,,,
2011-12,2011-12-29,Vancouver,Anaheim,2.0,0.0,False,2,0,1.0,2.0,5.0,2.0,140.0,5.5,sbro,,,,
2011-12,2011-12-30,Buffalo,Washington,1.0,1.0,False,0,1,0.0,1.0,1.0,3.0,-150.0,5.5,sbro,,,,
2011-12,2011-12-30,NYRangers,Florida,1.0,1.0,False,3,0,0.0,0.0,4.0,1.0,-105.0,5.0,sbro,,,,
2011-12,2011-12-30,Calgary,Ottawa,0.0,2.0,False,3,0,0.0,1.0,3.0,4.0,-120.0,5.5,sbro,,,,
2011-12,2011-12-30,Nashville,St.Louis,0.0,0.0,False,1,1,0.0,0.0,2.0,1.0,-175.0,5.0,sbro,,,,
2011-12,2011-12-30,Detroit,Chicago,1.0,1.0,False,1,1,0.0,1.0,2.0,3.0,-130.0,5.5,sbro,,,,
2011-12,2011-12-31,Edmonton,NYIslanders,0.0,2.0,False,1,2,0.0,0.0,1.0,4.0,-109.0,5.5,sbro,,,,
2011-12,2011-12-31,Pittsburgh,NewJersey,0.0,0.0,False,0,2,1.0,1.0,1.0,3.0,100.0,5.0,sbro,,,,
2011-12,2011-12-31,Carolina,TampaBay,1.0,1.0,False,1,1,0.0,3.0,2.0,5.0,-145.0,5.5,sbro,,,,
2011-12,2011-12-31,Phoenix,Minnesota,1.0,1.0,False,0,0,3.0,1.0,4.0,2.0,-128.0,5.0,sbro,,,,
2011-12,2011-12-31,Montreal,Florida,0.0,1.0,False,1,0,1.0,2.0,2.0,3.0,-135.0,5.0,sbro,,,,
2011-12,2011-12-31,Ottawa,Buffalo,2.0,1.0,False,0,1,0.0,0.0,3.0,2.0,-140.0,5.5,sbro,,,,
2011-12,2011-12-31,Toronto,Winnipeg,1.0,3.0,False,1,0,0.0,0.0,2.0,3.0,-125.0,5.5,sbro,,,,
2011-12,2011-12-31,Washington,Columbus,0.0,2.0,False,0,0,4.0,0.0,4.0,2.0,115.0,5.5,sbro,,,,
2011-12,2011-12-31,St.Louis,Detroit,0.0,3.0,False,0,0,0.0,0.0,0.0,3.0,-165.0,5.5,sbro,,,,
2011-12,2011-12-31,Colorado,Anaheim,2.0,1.0,False,1,0,1.0,1.0,4.0,2.0,-115.0,5.5,sbro,,,,
2011-12,2011-12-31,Boston,Dallas,0.0,1.0,False,1,3,1.0,0.0,2.0,4.0,143.0,5.5,sbro,,,,
2011-12,2011-12-31,Vancouver,LosAngeles,0.0,2.0,False,1,1,0.0,1.0,1.0,4.0,110.0,5.0,sbro,,,,
2011-12,2012-01-01,Calgary,Nashville,0.0,2.0,False,1,2,2.0,1.0,3.0,5.0,-135.0,5.0,sbro,,,,
2011-12,2012-01-02,NYRangers,Philadelphia,1.0,2.0,False,0,0,2.0,0.0,3.0,2.0,-130.0,5.5,sbro,,,,
2011-12,2012-01-02,NewJersey,Ottawa,2.0,0.0,False,0,0,0.0,2.0,2.0,3.0,-126.0,5.5,sbro,,,,
2011-12,2012-01-02,SanJose,Vancouver,2.0,0.0,False,0,1,0.0,1.0,3.0,2.0,-151.0,5.5,sbro,,,,
2011-12,2012-01-02,Edmonton,Chicago,3.0,1.0,False,0,1,1.0,1.0,4.0,3.0,-240.0,5.5,sbro,,,,
2011-12,2012-01-02,Colorado,LosAngeles,0.0,1.0,False,0,0,1.0,0.0,2.0,1.0,-156.0,5.0,sbro,,,,
2011-12,2012-01-03,Edmonton,Buffalo,1.0,1.0,False,1,1,1.0,2.0,3.0,4.0,-150.0,5.5,sbro,,,,
2011-12,2012-01-03,TampaBay,Toronto,2.0,3.0,False,1,2,0.0,2.0,3.0,7.0,-138.0,5.5,sbro,,,,
2011-12,2012-01-03,NYIslanders,Carolina,0.0,1.0,False,1,1,2.0,1.0,4.0,3.0,-123.0,5.5,sbro,,,,
2011-12,2012-01-03,Calgary,Washington,1.0,2.0,False,0,1,0.0,0.0,1.0,3.0,-175.0,5.5,sbro,,,,
2011-12,2012-01-03,Phoenix,St.Louis,0.0,1.0,False,1,2,0.0,1.0,1.0,4.0,-175.0,5.0,sbro,,,,
2011-12,2012-01-03,Detroit,Dallas,2.0,2.0,False,3,1,0.0,1.0,5.0,4.0,125.0,5.5,sbro,,,,
2011-12,2012-01-04,Winnipeg,Montreal,1.0,1.0,False,1,2,1.0,4.0,3.0,7.0,-125.0,5.5,sbro,,,,
2011-12,2012-01-04,Boston,NewJersey,1.0,0.0,False,2,1,3.0,0.0,6.0,1.0,130.0,5.0,sbro,,,,
2011-12,2012-01-04,SanJose,Anaheim,2.0,0.0,False,0,1,1.0,0.0,3.0,1.0,130.0,5.5,sbro,,,,
2011-12,2012-01-04,Minnesota,Vancouver,0.0,0.0,False,0,2,0.0,1.0,0.0,3.0,-220.0,5.0,sbro,,,,
2011-12,2012-01-05,Calgary,Boston,0.0,4.0,False,0,3,0.0,2.0,0.0,9.0,-240.0,5.5,sbro,,,,
2011-12,2012-01-05,Winnipeg,Toronto,0.0,1.0,False,0,1,0.0,2.0,0.0,4.0,-123.0,5.5,sbro,,,,
2011-12,2012-01-05,Florida,NYRangers,0.0,0.0,False,1,1,1.0,1.0,2.0,3.0,-171.0,5.0,sbro,,,,
2011-12,2012-01-05,Chicago,Philadelphia,1.0,3.0,False,1,1,2.0,1.0,4.0,5.0,-111.0,5.5,sbro,,,,
2011-12,2012-01-05,TampaBay,Ottawa,0.0,1.0,False,0,1,1.0,2.0,1.0,4.0,-133.0,5.5,sbro,,,,
2011-12,2012-01-05,Edmonton,St.Louis,3.0,0.0,False,0,1,0.0,3.0,3.0,4.0,-200.0,5.0,sbro,,,,
2011-12,2012-01-05,Dallas,Nashville,1.0,0.0,False,2,1,1.0,0.0,4.0,1.0,-138.0,5.0,sbro,,,,
2011-12,2012-01-05,Phoenix,LosAngeles,0.0,0.0,False,0,0,0.0,0.0,0.0,1.0,-144.0,5.0,sbro,,,,
2011-12,2012-01-05,Columbus,SanJose,0.0,1.0,False,1,1,0.0,0.0,1.0,2.0,-235.0,5.5,sbro,,,,
2011-12,2012-01-06,Florida,NewJersey,1.0,1.0,False,1,1,0.0,3.0,2.0,5.0,-134.0,5.0,sbro,,,,
2011-12,2012-01-06,NYRangers,Pittsburgh,1.0,0.0,False,1,1,1.0,0.0,3.0,1.0,-130.0,5.0,sbro,,,,
2011-12,2012-01-06,Buffalo,Carolina,1.0,1.0,False,0,0,1.0,3.0,2.0,4.0,-111.0,5.5,sbro,,,,
2011-12,2012-01-06,Colorado,Chicago,2.0,0.0,False,1,0,1.0,0.0,4.0,0.0,-193.0,5.5,sbro,,,,
2011-12,2012-01-06,NYIslanders,Anaheim,1.0,1.0,False,0,0,1.0,3.0,2.0,4.0,-118.0,5.5,sbro,,,,
2011-12,2012-01-07,Ottawa,Philadelphia,1.0,0.0,False,0,1,1.0,1.0,2.0,3.0,-173.0,5.5,sbro,,,,
2011-12,2012-01-07,Vancouver,Boston,2.0,1.0,False,1,1,1.0,1.0,4.0,3.0,-165.0,5.5,sbro,,,,
2011-12,2012-01-07,Edmonton,Dallas,0.0,1.0,False,1,0,0.0,3.0,1.0,4.0,-163.0,5.5,sbro,,,,
2011-12,2012-01-07,Columbus,LosAngeles,1.0,0.0,False,0,0,0.0,0.0,1.0,0.0,-178.0,5.0,sbro,,,,
2011-12,2012-01-07,Winnipeg,Buffalo,1.0,1.0,False,0,0,0.0,0.0,2.0,1.0,-125.0,5.5,sbro,,,,
2011-12,2012-01-07,TampaBay,Montreal,0.0,2.0,False,1,0,0.0,1.0,1.0,3.0,-145.0,5.5,sbro,,,,
2011-12,2012-01-07,Detroit,Toronto,2.0,0.0,False,0,3,1.0,1.0,3.0,4.0,135.0,5.5,sbro,,,,
2011-12,2012-01-07,NewJersey,Pittsburgh,2.0,0.0,False,0,1,1.0,0.0,3.0,1.0,-175.0,5.5,sbro,,,,
2011-12,2012-01-07,NYIslanders,Phoenix,0.0,3.0,False,1,1,0.0,1.0,1.0,5.0,-160.0,5.5,sbro,,,,
2011-12,2012-01-07,Carolina,Nashville,0.0,1.0,False,0,2,2.0,2.0,2.0,5.0,-180.0,5.5,sbro,,,,
2011-12,2012-01-07,Colorado,St.Louis,0.0,2.0,False,0,2,0.0,0.0,0.0,4.0,-190.0,5.5,sbro,,,,
2011-12,2012-01-07,Minnesota,Calgary,0.0,0.0,False,0,0,1.0,3.0,1.0,3.0,-130.0,5.0,sbro,,,,
2011-12,2012-01-07,Washington,SanJose,1.0,2.0,False,0,0,1.0,3.0,2.0,5.0,-138.0,5.5,sbro,,,,
2011-12,2012-01-08,Philadelphia,Ottawa,1.0,0.0,False,3,2,0.0,4.0,4.0,6.0,-107.0,5.5,sbro,,,,
2011-12,2012-01-08,Detroit,Chicago,0.0,0.0,False,1,2,1.0,0.0,3.0,2.0,-115.0,5.5,sbro,,,,
2011-12,2012-01-08,Columbus,Anaheim,1.0,1.0,False,1,4,2.0,2.0,4.0,7.0,-143.0,5.5,sbro,,,,
2011-12,2012-01-09,Vancouver,Florida,0.0,2.0,False,1,0,0.0,0.0,1.0,2.0,119.0,5.5,sbro,,,,
2011-12,2012-01-09,Washington,LosAngeles,0.0,2.0,False,1,2,1.0,1.0,2.0,5.0,-135.0,5.0,sbro,,,,
2011-12,2012-01-10,Phoenix,NYRangers,0.0,0.0,False,0,0,1.0,1.0,1.0,2.0,-193.0,5.0,sbro,,,,
2011-12,2012-01-10,Winnipeg,Boston,2.0,1.0,False,1,1,0.0,3.0,3.0,5.0,-255.0,5.5,sbro,,,,
2011-12,2012-01-10,Detroit,NYIslanders,0.0,3.0,False,0,1,1.0,1.0,1.0,5.0,160.0,5.5,sbro,,,,
2011-12,2012-01-10,Philadelphia,Carolina,1.0,1.0,False,0,0,1.0,0.0,2.0,1.0,135.0,5.5,sbro,,,,
2011-12,2012-01-10,Buffalo,Toronto,0.0,0.0,False,0,2,0.0,0.0,0.0,2.0,-150.0,5.5,sbro,,,,
2011-12,2012-01-10,Ottawa,Pittsburgh,2.0,1.0,False,2,0,1.0,0.0,5.0,1.0,-170.0,5.5,sbro,,,,
2011-12,2012-01-10,St.Louis,Montreal,2.0,0.0,False,0,0,1.0,0.0,3.0,0.0,-107.0,5.0,sbro,,,,
2011-12,2012-01-10,Vancouver,TampaBay,2.0,2.0,False,2,0,0.0,2.0,5.0,4.0,135.0,5.5,sbro,,,,
2011-12,2012-01-10,SanJose,Minnesota,0.0,1.0,False,1,1,3.0,2.0,4.0,5.0,118.0,5.0,sbro,,,,
2011-12,2012-01-10,Columbus,Chicago,1.0,2.0,False,0,0,1.0,3.0,2.0,5.0,-255.0,5.5,sbro,,,,
2011-12,2012-01-10,Nashville,Colorado,0.0,1.0,False,3,0,1.0,0.0,4.0,1.0,-113.0,5.5,sbro,,,,
2011-12,2012-01-10,NewJersey,Calgary,2.0,1.0,False,0,4,1.0,1.0,3.0,6.0,-108.0,5.0,sbro,,,,
2011-12,2012-01-10,Dallas,Anaheim,0.0,1.0,False,0,1,2.0,3.0,2.0,5.0,-108.0,5.5,sbro,,,,
2011-12,2012-01-11,Pittsburgh,Washington,0.0,0.0,False,0,1,0.0,0.0,0.0,1.0,-125.0,5.5,sbro,,,,
2011-12,2012-01-11,NewJersey,Edmonton,1.0,0.0,False,0,0,0.0,1.0,2.0,1.0,-112.0,5.0,sbro,,,,
2011-12,2012-01-12,Philadelphia,NYIslanders,1.0,0.0,False,1,0,1.0,2.0,3.0,2.0,129.0,5.5,sbro,,,,
2011-12,2012-01-12,Ottawa,NYRangers,1.0,0.0,False,0,0,2.0,0.0,3.0,0.0,-169.0,5.5,sbro,,,,
2011-12,2012-01-12,Montreal,Boston,0.0,0.0,False,0,1,1.0,1.0,1.0,2.0,-237.0,5.5,sbro,,,,
2011-12,2012-01-12,Carolina,TampaBay,0.0,1.0,False,4,1,1.0,0.0,5.0,2.0,-154.0,5.5,sbro,,,,
2011-12,2012-01-12,Phoenix,Detroit,0.0,0.0,False,1,1,1.0,1.0,2.0,3.0,-220.0,5.5,sbro,,,,
2011-12,2012-01-12,Vancouver,St.Louis,1.0,1.0,False,1,1,0.0,0.0,3.0,2.0,-120.0,5.0,sbro,,,,
2011-12,2012-01-12,Colorado,Nashville,0.0,1.0,False,2,0,0.0,1.0,2.0,3.0,-154.0,5.0,sbro,,,,
2011-12,2012-01-12,SanJose,Winnipeg,1.0,0.0,False,0,0,1.0,0.0,2.0,0.0,124.0,5.5,sbro,,,,
2011-12,2012-01-12,Minnesota,Chicago,0.0,3.0,False,1,1,1.0,1.0,2.0,5.0,-192.0,5.5,sbro,,,,
2011-12,2012-01-12,Anaheim,Calgary,0.0,0.0,False,0,0,0.0,0.0,0.0,1.0,-139.0,5.5,sbro,,,,
2011-12,2012-01-12,Dallas,LosAngeles,1.0,2.0,False,2,0,1.0,2.0,5.0,4.0,-149.0,5.0,sbro,,,,
2011-12,2012-01-13,Phoenix,Columbus,1.0,2.0,False,1,2,1.0,0.0,3.0,4.0,-116.0,5.5,sbro,,,,
2011-12,2012-01-13,TampaBay,Washington,1.0,1.0,False,0,2,2.0,1.0,3.0,4.0,-178.0,5.5,sbro,,,,
2011-12,2012-01-13,Toronto,Buffalo,0.0,1.0,False,2,2,0.0,0.0,2.0,3.0,-113.0,5.5,sbro,,,,
2011-12,2012-01-13,Pittsburgh,Florida,2.0,0.0,False,0,0,2.0,1.0,4.0,1.0,-122.0,5.0,sbro,,,,
2011-12,2012-01-13,Anaheim,Edmonton,3.0,0.0,False,1,0,1.0,0.0,5.0,0.0,-130.0,5.5,sbro,,,,
2011-12,2012-01-14,Chicago,Detroit,1.0,0.0,False,0,2,1.0,0.0,2.0,3.0,-143.0,5.5,sbro,,,,
2011-12,2012-01-14,Colorado,Dallas,0.0,0.0,False,1,0,1.0,1.0,2.0,1.0,-144.0,5.5,sbro,,,,
2011-12,2012-01-14,NewJersey,Winnipeg,0.0,0.0,False,0,1,2.0,0.0,2.0,1.0,-107.0,5.5,sbro,,,,
2011-12,2012-01-14,Boston,Carolina,1.0,1.0,False,0,0,1.0,3.0,2.0,4.0,170.0,5.5,sbro,,,,
2011-12,2012-01-14,NYRangers,Toronto,2.0,0.0,False,0,0,1.0,0.0,3.0,0.0,103.0,5.5,sbro,,,,
2011-12,2012-01-14,Ottawa,Montreal,0.0,0.0,False,0,0,2.0,2.0,3.0,2.0,-113.0,5.5,sbro,,,,
2011-12,2012-01-14,Buffalo,NYIslanders,2.0,1.0,False,0,1,0.0,2.0,2.0,4.0,-123.0,5.5,sbro,,,,
2011-12,2012-01-14,SanJose,Columbus,1.0,0.0,False,0,0,1.0,1.0,2.0,1.0,170.0,5.5,sbro,,,,
2011-12,2012-01-14,Minnesota,St.Louis,1.0,2.0,False,1,0,0.0,0.0,2.0,3.0,-190.0,5.0,sbro,,,,
2011-12,2012-01-14,Philadelphia,Nashville,1.0,1.0,False,0,1,1.0,2.0,2.0,4.0,-107.0,5.5,sbro,,,,
2011-12,2012-01-14,LosAngeles,Calgary,3.0,1.0,False,0,0,1.0,0.0,4.0,1.0,-110.0,5.0,sbro,,,,
2011-12,2012-01-15,Pittsburgh,TampaBay,0.0,0.0,False,2,0,4.0,3.0,6.0,3.0,-102.0,5.5,sbro,,,,
2011-12,2012-01-15,Carolina,Washington,1.0,1.0,False,0,0,0.0,1.0,1.0,2.0,-225.0,5.5,sbro,,,,
2011-12,2012-01-15,NYRangers,Montreal,0.0,3.0,False,1,1,0.0,0.0,1.0,4.0,-130.0,5.0,sbro,,,,
2011-12,2012-01-15,SanJose,Chicago,2.0,1.0,False,0,2,1.0,1.0,3.0,4.0,-130.0,5.5,sbro,,,,
2011-12,2012-01-15,LosAngeles,Edmonton,0.0,0.0,False,0,1,1.0,0.0,1.0,2.0,103.0,5.0,sbro,,,,
2011-12,2012-01-15,Anaheim,Vancouver,2.0,0.0,False,1,1,1.0,1.0,4.0,2.0,-215.0,5.5,sbro,,,,
2011-12,2012-01-16,Nashville,NYIslanders,0.0,0.0,False,3,0,0.0,1.0,3.0,1.0,-105.0,5.5,sbro,,,,
2011-12,2012-01-16,Colorado,Phoenix,0.0,2.0,False,1,2,0.0,2.0,1.0,6.0,-135.0,5.5,sbro,,,,
2011-12,2012-01-16,Winnipeg,Ottawa,1.0,0.0,False,1,0,0.0,0.0,2.0,0.0,-170.0,5.5,sbro,,,,
2011-12,2012-01-16,Boston,Florida,1.0,2.0,False,1,0,0.0,0.0,3.0,2.0,155.0,5.5,sbro,,,,
2011-12,2012-01-16,Buffalo,Detroit,0.0,2.0,False,0,3,0.0,0.0,0.0,5.0,-215.0,5.5,sbro,,,,
2011-12,2012-01-16,Dallas,St.Louis,0.0,0.0,False,0,0,0.0,1.0,0.0,1.0,-190.0,5.0,sbro,,,,
2011-12,2012-01-17,Minnesota,Philadelphia,1.0,3.0,False,0,1,0.0,1.0,1.0,5.0,-190.0,5.5,sbro,,,,
2011-12,2012-01-17,Edmonton,Columbus,0.0,2.0,False,2,0,0.0,2.0,2.0,4.0,-113.0,5.5,sbro,,,,
2011-12,2012-01-17,Carolina,Pittsburgh,0.0,0.0,False,1,1,0.0,0.0,1.0,2.0,-200.0,5.5,sbro,,,,
2011-12,2012-01-17,Ottawa,Toronto,1.0,0.0,False,1,2,1.0,0.0,3.0,2.0,-113.0,5.5,sbro,,,,
2011-12,2012-01-17,NYIslanders,Washington,1.0,0.0,False,1,0,1.0,0.0,3.0,0.0,-200.0,5.5,sbro,,,,
2011-12,2012-01-17,Winnipeg,NewJersey,0.0,3.0,False,0,1,1.0,1.0,1.0,5.0,-170.0,5.5,sbro,,,,
2011-12,2012-01-17,Nashville,NYRangers,0.0,1.0,False,0,1,0.0,1.0,0.0,3.0,-160.0,5.0,sbro,,,,
2011-12,2012-01-17,Boston,TampaBay,2.0,1.0,False,0,1,1.0,3.0,3.0,5.0,170.0,5.5,sbro,,,,
2011-12,2012-01-17,Detroit,Dallas,1.0,0.0,False,1,2,0.0,0.0,3.0,2.0,140.0,5.5,sbro,,,,
2011-12,2012-01-17,LosAngeles,Vancouver,1.0,1.0,False,1,0,0.0,1.0,3.0,2.0,-180.0,5.0,sbro,,,,
2011-12,2012-01-17,Calgary,SanJose,1.0,0.0,False,0,0,0.0,1.0,1.0,2.0,-200.0,5.5,sbro,,,,
2011-12,2012-01-18,Washington,Montreal,1.0,0.0,False,2,0,0.0,0.0,3.0,0.0,-112.0,5.5,sbro,,,,
2011-12,2012-01-18,Buffalo,Chicago,1.0,2.0,False,1,2,0.0,2.0,2.0,6.0,-215.0,5.5,sbro,,,,
2011-12,2012-01-18,Florida,Colorado,1.0,1.0,False,1,0,1.0,2.0,3.0,4.0,-118.0,5.0,sbro,,,,
2011-12,2012-01-18,Phoenix,Anaheim,1.0,2.0,False,1,2,0.0,2.0,2.0,6.0,-129.0,5.5,sbro,,,,
2011-12,2012-01-19,Nashville,Columbus,2.0,0.0,False,0,0,1.0,0.0,3.0,0.0,118.0,5.0,sbro,,,,
2011-12,2012-01-19,Minnesota,Toronto,0.0,1.0,False,0,2,1.0,1.0,1.0,4.0,-160.0,5.5,sbro,,,,
2011-12,2012-01-19,Boston,NewJersey,0.0,0.0,False,0,1,4.0,0.0,4.0,1.0,124.0,5.0,sbro,,,,
2011-12,2012-01-19,Pittsburgh,NYRangers,0.0,1.0,False,1,0,3.0,0.0,4.0,1.0,-144.0,5.0,sbro,,,,
2011-12,2012-01-19,NYIslanders,Philadelphia,2.0,0.0,False,0,0,2.0,1.0,4.0,1.0,-203.0,5.5,sbro,,,,
2011-12,2012-01-19,Edmonton,St.Louis,0.0,0.0,False,0,0,0.0,1.0,0.0,1.0,-245.0,5.0,sbro,,,,
2011-12,2012-01-19,Buffalo,Winnipeg,1.0,1.0,False,0,1,0.0,2.0,1.0,4.0,-143.0,5.5,sbro,,,,
2011-12,2012-01-19,Detroit,Phoenix,2.0,1.0,False,0,1,0.0,0.0,3.0,2.0,145.0,5.5,sbro,,,,
2011-12,2012-01-19,Ottawa,SanJose,2.0,0.0,False,1,1,1.0,0.0,4.0,1.0,-165.0,5.5,sbro,,,,
2011-12,2012-01-19,Calgary,LosAngeles,1.0,0.0,False,0,1,0.0,0.0,2.0,1.0,-170.0,5.0,sbro,,,,
2011-12,2012-01-20,Montreal,Pittsburgh,2.0,1.0,False,2,1,0.0,2.0,4.0,5.0,-164.0,5.5,sbro,,,,
2011-12,2012-01-20,Washington,Carolina,0.0,1.0,False,0,1,0.0,1.0,0.0,3.0,-105.0,5.5,sbro,,,,
2011-12,2012-01-20,TampaBay,Dallas,0.0,0.0,False,1,0,1.0,1.0,2.0,1.0,-140.0,5.5,sbro,,,,
2011-12,2012-01-20,Florida,Chicago,0.0,1.0,False,0,2,1.0,0.0,1.0,3.0,-200.0,5.5,sbro,,,,
2011-12,2012-01-21,NYRangers,Boston,2.0,2.0,False,0,0,0.0,0.0,3.0,2.0,-170.0,5.0,sbro,,,,
2011-12,2012-01-21,Philadelphia,NewJersey,2.0,1.0,False,0,0,2.0,0.0,4.0,1.0,-114.0,5.5,sbro,,,,
2011-12,2012-01-21,Ottawa,Anaheim,0.0,2.0,False,0,0,1.0,0.0,1.0,2.0,-108.0,5.5,sbro,,,,
2011-12,2012-01-21,SanJose,Vancouver,1.0,1.0,False,1,1,1.0,2.0,3.0,4.0,-133.0,5.5,sbro,,,,
2011-12,2012-01-21,Columbus,Detroit,1.0,1.0,False,1,1,0.0,0.0,2.0,3.0,-335.0,5.5,sbro,,,,
2011-12,2012-01-21,Carolina,NYIslanders,0.0,1.0,False,1,0,0.0,0.0,1.0,2.0,-150.0,5.5,sbro,,,,
2011-12,2012-01-21,Montreal,Toronto,0.0,0.0,False,1,1,2.0,0.0,3.0,1.0,-150.0,5.5,sbro,,,,
2011-12,2012-01-21,Florida,Winnipeg,0.0,1.0,False,2,0,1.0,2.0,4.0,3.0,-138.0,5.5,sbro,,,,
2011-12,2012-01-21,TampaBay,Phoenix,2.0,1.0,False,2,0,0.0,2.0,4.0,3.0,-164.0,5.5,sbro,,,,
2011-12,2012-01-21,Chicago,Nashville,0.0,3.0,False,1,1,1.0,1.0,2.0,5.0,-106.0,5.5,sbro,,,,
2011-12,2012-01-21,Buffalo,St.Louis,0.0,2.0,False,1,0,1.0,2.0,2.0,4.0,-220.0,5.0,sbro,,,,
2011-12,2012-01-21,Dallas,Minnesota,1.0,4.0,False,1,0,0.0,1.0,2.0,5.0,-122.0,5.0,sbro,,,,
2011-12,2012-01-21,Calgary,Edmonton,1.0,0.0,False,3,0,2.0,2.0,6.0,2.0,-116.0,5.0,sbro,,,,
2011-12,2012-01-21,Colorado,LosAngeles,2.0,1.0,False,0,0,1.0,0.0,3.0,1.0,-164.0,5.0,sbro,,,,
2011-12,2012-01-22,Washington,Pittsburgh,2.0,0.0,False,0,2,1.0,1.0,3.0,4.0,-165.0,5.5,sbro,,,,
2011-12,2012-01-22,Boston,Philadelphia,0.0,3.0,False,3,1,2.0,1.0,6.0,5.0,103.0,5.5,sbro,,,,
2011-12,2012-01-22,Colorado,Anaheim,0.0,0.0,False,0,1,2.0,2.0,2.0,3.0,-150.0,5.5,sbro,,,,
2011-12,2012-01-23,Winnipeg,Carolina,1.0,0.0,False,0,2,0.0,0.0,1.0,2.0,-125.0,5.5,sbro,,,,
2011-12,2012-01-23,NYIslanders,Toronto,0.0,0.0,False,0,1,0.0,2.0,0.0,3.0,-135.0,5.5,sbro,,,,
2011-12,2012-01-23,St.Louis,Detroit,0.0,2.0,False,1,0,0.0,1.0,1.0,3.0,-150.0,5.0,sbro,,,,
2011-12,2012-01-23,Columbus,Nashville,1.0,1.0,False,0,1,0.0,2.0,1.0,4.0,-234.0,5.5,sbro,,,,
2011-12,2012-01-23,SanJose,Edmonton,0.0,1.0,False,0,0,1.0,0.0,1.0,2.0,150.0,5.5,sbro,,,,
2011-12,2012-01-23,Ottawa,LosAngeles,0.0,3.0,False,0,1,1.0,0.0,1.0,4.0,-135.0,5.0,sbro,,,,
2011-12,2012-01-24,Buffalo,NewJersey,0.0,1.0,False,1,0,0.0,0.0,2.0,1.0,-173.0,5.0,sbro,,,,
2011-12,2012-01-24,Toronto,NYIslanders,1.0,1.0,False,0,1,2.0,1.0,4.0,3.0,-123.0,5.5,sbro,,,,
2011-12,2012-01-24,Boston,Washington,2.0,3.0,False,1,0,0.0,2.0,3.0,5.0,160.0,5.5,sbro,,,,
2011-12,2012-01-24,Winnipeg,NYRangers,0.0,1.0,False,0,1,0.0,1.0,0.0,3.0,-215.0,5.0,sbro,,,,
2011-12,2012-01-24,Columbus,TampaBay,0.0,2.0,False,1,1,1.0,1.0,2.0,4.0,-170.0,5.5,sbro,,,,
2011-12,2012-01-24,Philadelphia,Florida,0.0,1.0,False,2,1,0.0,0.0,3.0,2.0,-107.0,5.5,sbro,,,,
2011-12,2012-01-24,Pittsburgh,St.Louis,2.0,1.0,False,0,0,0.0,1.0,3.0,2.0,-122.0,5.0,sbro,,,,
2011-12,2012-01-24,Nashville,Chicago,0.0,0.0,False,2,0,1.0,1.0,3.0,1.0,-142.0,5.5,sbro,,,,
2011-12,2012-01-24,Anaheim,Dallas,0.0,0.0,False,0,1,0.0,0.0,0.0,1.0,-108.0,5.5,sbro,,,,
2011-12,2012-01-24,Minnesota,Colorado,0.0,1.0,False,2,1,1.0,0.0,3.0,2.0,-150.0,5.0,sbro,,,,
2011-12,2012-01-24,SanJose,Calgary,0.0,0.0,False,0,0,1.0,0.0,1.0,0.0,-106.0,5.0,sbro,,,,
2011-12,2012-01-24,Ottawa,Phoenix,1.0,1.0,False,0,1,1.0,1.0,2.0,3.0,-118.0,5.5,sbro,,,,
2011-12,2012-01-24,Edmonton,Vancouver,1.0,0.0,False,0,1,1.0,1.0,2.0,3.0,-300.0,5.5,sbro,,,,
2011-12,2012-01-25,Detroit,Montreal,0.0,2.0,False,0,4,2.0,1.0,2.0,7.0,134.0,5.5,sbro,,,,
2011-12,2012-01-31,NYIslanders,Carolina,1.0,0.0,False,1,0,3.0,2.0,5.0,2.0,-118.0,5.5,sbro,,,,
2011-12,2012-01-31,NYRangers,NewJersey,0.0,1.0,False,1,0,2.0,2.0,3.0,4.0,-101.0,5.0,sbro,,,,
2011-12,2012-01-31,Toronto,Pittsburgh,2.0,1.0,False,0,0,2.0,3.0,4.0,5.0,-163.0,5.5,sbro,,,,
2011-12,2012-01-31,Ottawa,Boston,2.0,1.0,False,1,1,0.0,2.0,3.0,4.0,-190.0,5.5,sbro,,,,
2011-12,2012-01-31,Winnipeg,Philadelphia,1.0,0.0,False,0,1,0.0,0.0,2.0,1.0,-200.0,5.5,sbro,,,,
2011-12,2012-01-31,Buffalo,Montreal,1.0,0.0,False,0,1,2.0,0.0,3.0,1.0,-154.0,5.0,sbro,,,,
2011-12,2012-01-31,Washington,TampaBay,1.0,2.0,False,1,1,1.0,0.0,3.0,4.0,-125.0,5.5,sbro,,,,
2011-12,2012-01-31,Nashville,Minnesota,1.0,1.0,False,0,2,4.0,1.0,5.0,4.0,105.0,5.0,sbro,,,,
2011-12,2012-01-31,Detroit,Calgary,0.0,1.0,False,1,0,2.0,0.0,3.0,1.0,125.0,5.0,sbro,,,,
2011-12,2012-01-31,Anaheim,Phoenix,3.0,0.0,False,0,1,1.0,0.0,4.0,1.0,-123.0,5.5,sbro,,,,
2011-12,2012-01-31,Colorado,Edmonton,1.0,0.0,False,0,2,1.0,1.0,2.0,3.0,-113.0,5.0,sbro,,,,
2011-12,2012-01-31,Chicago,Vancouver,0.0,0.0,False,1,1,1.0,1.0,2.0,3.0,-133.0,5.5,sbro,,,,
2011-12,2012-01-31,Columbus,SanJose,0.0,2.0,False,0,2,0.0,2.0,0.0,6.0,-260.0,5.5,sbro,,,,
2011-12,2012-02-01,Pittsburgh,Toronto,0.0,0.0,False,0,0,0.0,1.0,0.0,1.0,-105.0,5.5,sbro,,,,
2011-12,2012-02-01,NYRangers,Buffalo,0.0,0.0,False,0,0,0.0,0.0,1.0,0.0,118.0,5.0,sbro,,,,
2011-12,2012-02-01,Washington,Florida,1.0,1.0,False,0,0,1.0,3.0,2.0,4.0,-128.0,5.0,sbro,,,,
2011-12,2012-02-01,Columbus,LosAngeles,1.0,1.0,False,0,1,1.0,1.0,2.0,3.0,-215.0,5.0,sbro,,,,
2011-12,2012-02-01,Dallas,Anaheim,1.0,1.0,False,3,1,2.0,0.0,6.0,2.0,-138.0,5.5,sbro,,,,
2011-12,2012-02-02,Carolina,Boston,1.0,0.0,False,1,0,1.0,0.0,3.0,0.0,-255.0,5.5,sbro,,,,
2011-12,2012-02-02,Montreal,NewJersey,1.0,1.0,False,2,1,0.0,3.0,3.0,5.0,-150.0,5.0,sbro,,,,
2011-12,2012-02-02,Nashville,Philadelphia,0.0,1.0,False,0,1,1.0,2.0,1.0,4.0,-122.0,5.5,sbro,,,,
2011-12,2012-02-02,Winnipeg,TampaBay,1.0,0.0,False,0,0,0.0,1.0,2.0,1.0,-149.0,5.5,sbro,,,,
2011-12,2012-02-02,Minnesota,Colorado,0.0,0.0,False,1,0,0.0,0.0,1.0,0.0,-140.0,5.0,sbro,,,,
2011-12,2012-02-02,Chicago,Edmonton,2.0,3.0,False,1,0,1.0,5.0,4.0,8.0,140.0,5.5,sbro,,,,
2011-12,2012-02-02,Detroit,Vancouver,1.0,0.0,False,1,1,1.0,2.0,4.0,3.0,-123.0,5.5,sbro,,,,
2011-12,2012-02-02,Dallas,SanJose,1.0,2.0,False,0,2,1.0,1.0,2.0,5.0,-190.0,5.5,sbro,,,,
2011-12,2012-02-03,NYIslanders,Ottawa,0.0,1.0,False,0,0,1.0,0.0,2.0,1.0,-153.0,5.5,sbro,,,,
2011-12,2012-02-03,Winnipeg,Florida,1.0,1.0,False,0,1,0.0,0.0,1.0,2.0,-150.0,5.5,sbro,,,,
2011-12,2012-02-03,LosAngeles,St.Louis,0.0,1.0,False,0,0,0.0,0.0,0.0,1.0,-153.0,5.0,sbro,,,,
2011-12,2012-02-03,Chicago,Calgary,0.0,1.0,False,1,1,0.0,1.0,1.0,3.0,109.0,5.5,sbro,,,,
2011-12,2012-02-03,Columbus,Anaheim,1.0,1.0,False,0,1,1.0,0.0,3.0,2.0,-218.0,5.5,sbro,,,,
2011-12,2012-02-04,NewJersey,Philadelphia,3.0,0.0,False,3,0,0.0,4.0,6.0,4.0,-160.0,5.5,sbro,,,,
2011-12,2012-02-04,Pittsburgh,Boston,0.0,0.0,False,1,0,1.0,1.0,2.0,1.0,-155.0,5.5,sbro,,,,
2011-12,2012-02-04,Washington,Montreal,0.0,0.0,False,1,0,2.0,0.0,3.0,0.0,-115.0,5.0,sbro,,,,
2011-12,2012-02-04,Vancouver,Colorado,0.0,1.0,False,1,1,1.0,0.0,3.0,2.0,130.0,5.5,sbro,,,,
2011-12,2012-02-04,LosAngeles,Carolina,0.0,1.0,False,1,0,0.0,1.0,1.0,2.0,-105.0,5.0,sbro,,,,
2011-12,2012-02-04,Florida,TampaBay,2.0,4.0,False,1,1,0.0,1.0,3.0,6.0,-135.0,5.5,sbro,,,,
2011-12,2012-02-04,Buffalo,NYIslanders,1.0,0.0,False,1,3,1.0,0.0,4.0,3.0,-135.0,5.5,sbro,,,,
2011-12,2012-02-04,Toronto,Ottawa,1.0,0.0,False,2,0,2.0,0.0,5.0,0.0,-130.0,5.5,sbro,,,,
2011-12,2012-02-04,SanJose,Phoenix,2.0,3.0,False,0,0,1.0,2.0,3.0,5.0,110.0,5.0,sbro,,,,
2011-12,2012-02-04,St.Louis,Nashville,0.0,0.0,False,0,2,1.0,1.0,1.0,3.0,-125.0,5.0,sbro,,,,
2011-12,2012-02-04,Minnesota,Dallas,0.0,1.0,False,0,0,1.0,0.0,1.0,2.0,-150.0,5.0,sbro,,,,
2011-12,2012-02-04,Detroit,Edmonton,0.0,0.0,False,1,3,3.0,1.0,4.0,5.0,140.0,5.5,sbro,,,,
2011-12,2012-02-05,Boston,Washington,0.0,0.0,False,2,0,2.0,1.0,4.0,1.0,119.0,5.5,sbro,,,,
2011-12,2012-02-05,Pittsburgh,NewJersey,1.0,2.0,False,0,2,1.0,1.0,2.0,5.0,-103.0,5.0,sbro,,,,
2011-12,2012-02-05,Philadelphia,NYRangers,1.0,1.0,False,0,1,1.0,3.0,2.0,5.0,-133.0,5.5,sbro,,,,
2011-12,2012-02-05,Winnipeg,Montreal,0.0,2.0,False,0,1,0.0,0.0,0.0,3.0,-128.0,5.0,sbro,,,,
2011-12,2012-02-06,Edmonton,Toronto,1.0,3.0,False,2,2,0.0,1.0,3.0,6.0,-164.0,5.5,sbro,,,,
2011-12,2012-02-06,Detroit,Phoenix,1.0,1.0,False,0,1,0.0,1.0,1.0,3.0,115.0,5.5,sbro,,,,
2011-12,2012-02-06,Calgary,Anaheim,1.0,0.0,False,0,2,1.0,0.0,2.0,3.0,-130.0,5.5,sbro,,,,
2011-12,2012-02-07,Minnesota,Columbus,0.0,1.0,False,1,1,0.0,1.0,1.0,3.0,102.0,5.0,sbro,,,,
2011-12,2012-02-07,NYIslanders,Philadelphia,0.0,0.0,False,0,0,0.0,0.0,1.0,0.0,-177.0,5.5,sbro,,,,
2011-12,2012-02-07,NewJersey,NYRangers,0.0,0.0,False,1,0,0.0,0.0,1.0,0.0,-164.0,5.0,sbro,,,,
2011-12,2012-02-07,Florida,Washington,0.0,2.0,False,0,2,0.0,0.0,0.0,4.0,-158.0,5.5,sbro,,,,
2011-12,2012-02-07,Pittsburgh,Montreal,0.0,1.0,False,0,0,2.0,1.0,2.0,3.0,120.0,5.0,sbro,,,,
2011-12,2012-02-07,LosAngeles,TampaBay,2.0,1.0,False,1,0,0.0,0.0,3.0,1.0,-113.0,5.0,sbro,,,,
2011-12,2012-02-07,St.Louis,Ottawa,1.0,1.0,False,2,0,0.0,0.0,3.0,1.0,-101.0,5.0,sbro,,,,
2011-12,2012-02-07,Vancouver,Nashville,0.0,2.0,False,3,1,0.0,0.0,4.0,3.0,-115.0,5.5,sbro,,,,
2011-12,2012-02-07,Toronto,Winnipeg,0.0,1.0,False,1,1,0.0,0.0,1.0,2.0,-108.0,5.5,sbro,,,,
2011-12,2012-02-07,Phoenix,Dallas,1.0,1.0,False,1,0,2.0,0.0,4.0,1.0,-144.0,5.5,sbro,,,,
2011-12,2012-02-07,Chicago,Colorado,2.0,2.0,False,0,0,0.0,3.0,2.0,5.0,109.0,5.5,sbro,,,,
2011-12,2012-02-08,Edmonton,Detroit,1.0,1.0,False,0,1,1.0,2.0,2.0,4.0,-225.0,5.5,sbro,,,,
2011-12,2012-02-08,Boston,Buffalo,0.0,2.0,False,0,2,0.0,2.0,0.0,6.0,129.0,5.5,sbro,,,,
2011-12,2012-02-08,Carolina,Anaheim,0.0,1.0,False,1,0,1.0,1.0,2.0,3.0,-149.0,5.5,sbro,,,,
2011-12,2012-02-08,Calgary,SanJose,2.0,2.0,False,1,0,1.0,1.0,4.0,3.0,-180.0,5.0,sbro,,,,
2011-12,2012-02-09,Dallas,Columbus,1.0,2.0,False,2,0,1.0,0.0,4.0,2.0,-101.0,5.0,sbro,,,,
2011-12,2012-02-09,St.Louis,NewJersey,1.0,2.0,False,1,1,1.0,0.0,4.0,3.0,-116.0,5.0,sbro,,,,
2011-12,2012-02-09,Winnipeg,Washington,0.0,0.0,False,0,0,2.0,2.0,3.0,2.0,-167.0,5.0,sbro,,,,
2011-12,2012-02-09,Montreal,NYIslanders,1.0,0.0,False,1,0,2.0,2.0,4.0,2.0,-121.0,5.0,sbro,,,,
2011-12,2012-02-09,TampaBay,NYRangers,2.0,2.0,False,1,0,0.0,1.0,3.0,4.0,-190.0,5.5,sbro,,,,
2011-12,2012-02-09,Toronto,Philadelphia,3.0,3.0,False,0,1,0.0,0.0,3.0,4.0,-153.0,5.5,sbro,,,,
2011-12,2012-02-09,Nashville,Ottawa,1.0,2.0,False,1,1,1.0,1.0,3.0,4.0,-101.0,5.0,sbro,,,,
2011-12,2012-02-09,LosAngeles,Florida,0.0,2.0,False,0,0,1.0,1.0,1.0,3.0,-115.0,5.0,sbro,,,,
2011-12,2012-02-09,Vancouver,Minnesota,1.0,0.0,False,2,1,2.0,1.0,5.0,2.0,123.0,5.0,sbro,,,,
2011-12,2012-02-09,Calgary,Phoenix,0.0,0.0,False,0,1,1.0,0.0,1.0,2.0,-154.0,5.0,sbro,,,,
2011-12,2012-02-10,Dallas,Buffalo,0.0,0.0,False,1,0,1.0,2.0,2.0,3.0,-143.0,5.5,sbro,,,,
2011-12,2012-02-10,Anaheim,Detroit,0.0,0.0,False,1,1,0.0,0.0,1.0,2.0,-195.0,5.5,sbro,,,,
2011-12,2012-02-10,Carolina,Colorado,1.0,2.0,False,2,1,0.0,0.0,3.0,4.0,-138.0,5.5,sbro,,,,
2011-12,2012-02-10,Chicago,SanJose,2.0,1.0,False,0,2,1.0,2.0,3.0,5.0,-138.0,5.5,sbro,,,,
2011-12,2012-02-11,Nashville,Boston,1.0,0.0,False,0,1,2.0,2.0,3.0,4.0,-148.0,5.5,sbro,,,,
2011-12,2012-02-11,LosAngeles,NYIslanders,1.0,0.0,False,0,1,0.0,0.0,1.0,2.0,-106.0,5.0,sbro,,,,
2011-12,2012-02-11,Florida,NewJersey,1.0,0.0,False,1,1,1.0,0.0,3.0,1.0,-153.0,5.0,sbro,,,,
2011-12,2012-02-11,NYRangers,Philadelphia,1.0,1.0,False,2,1,2.0,0.0,5.0,2.0,-117.0,5.5,sbro,,,,
2011-12,2012-02-11,Edmonton,Ottawa,2.0,1.0,False,0,1,1.0,1.0,4.0,3.0,-143.0,5.5,sbro,,,,
2011-12,2012-02-11,Winnipeg,Pittsburgh,1.0,3.0,False,2,2,2.0,3.0,5.0,8.0,-190.0,5.5,sbro,,,,
2011-12,2012-02-11,TampaBay,Buffalo,2.0,0.0,False,0,0,0.0,1.0,2.0,1.0,-139.0,5.5,sbro,,,,
2011-12,2012-02-11,Montreal,Toronto,4.0,0.0,False,0,0,1.0,0.0,5.0,0.0,-144.0,5.5,sbro,,,,
2011-12,2012-02-11,Columbus,Minnesota,1.0,0.0,False,1,1,1.0,0.0,3.0,1.0,-157.0,5.0,sbro,,,,
2011-12,2012-02-11,Colorado,St.Louis,0.0,0.0,False,2,2,0.0,0.0,2.0,3.0,-193.0,5.0,sbro,,,,
2011-12,2012-02-11,Chicago,Phoenix,0.0,1.0,False,0,2,0.0,0.0,0.0,3.0,-109.0,5.5,sbro,,,,
2011-12,2012-02-11,Vancouver,Calgary,1.0,1.0,False,0,1,1.0,0.0,2.0,3.0,120.0,5.0,sbro,,,,
2011-12,2012-02-12,Florida,NYIslanders,3.0,0.0,False,1,1,0.0,0.0,4.0,1.0,-125.0,5.0,sbro,,,,
2011-12,2012-02-12,Washington,NYRangers,1.0,1.0,False,0,1,1.0,1.0,2.0,3.0,-159.0,5.0,sbro,,,,
2011-12,2012-02-12,LosAngeles,Dallas,1.0,1.0,False,1,0,2.0,1.0,4.0,2.0,-118.0,5.0,sbro,,,,
2011-12,2012-02-12,Anaheim,Columbus,3.0,1.0,False,2,1,0.0,1.0,5.0,3.0,120.0,5.5,sbro,,,,
2011-12,2012-02-12,SanJose,St.Louis,0.0,1.0,False,0,1,0.0,1.0,0.0,3.0,-123.0,5.0,sbro,,,,
2011-12,2012-02-12,TampaBay,Pittsburgh,0.0,3.0,False,2,1,0.0,0.0,2.0,4.0,-190.0,5.5,sbro,,,,
2011-12,2012-02-12,Philadelphia,Detroit,2.0,2.0,False,1,1,0.0,1.0,3.0,4.0,-155.0,5.5,sbro,,,,
2011-12,2012-02-13,Carolina,Montreal,1.0,3.0,False,1,0,3.0,0.0,5.0,3.0,-149.0,5.0,sbro,,,,
2011-12,2012-02-13,SanJose,Washington,2.0,1.0,False,1,0,2.0,2.0,5.0,3.0,-111.0,5.5,sbro,,,,
2011-12,2012-02-13,Phoenix,Vancouver,0.0,1.0,False,0,0,1.0,0.0,1.0,2.0,-174.0,5.5,sbro,,,,
2011-12,2012-02-14,St.Louis,Columbus,0.0,0.0,False,1,1,0.0,1.0,1.0,2.0,158.0,5.0,sbro,,,,
2011-12,2012-02-14,Ottawa,TampaBay,1.0,0.0,False,1,0,2.0,0.0,4.0,0.0,-123.0,5.5,sbro,,,,
2011-12,2012-02-14,NYRangers,Boston,0.0,0.0,False,2,0,1.0,0.0,3.0,0.0,-129.0,5.0,sbro,,,,
2011-12,2012-02-14,NewJersey,Buffalo,0.0,1.0,False,1,0,3.0,0.0,4.0,1.0,-119.0,5.0,sbro,,,,
2011-12,2012-02-14,Dallas,Detroit,0.0,0.0,False,0,2,1.0,1.0,1.0,3.0,-195.0,5.5,sbro,,,,
2011-12,2012-02-14,Anaheim,Minnesota,0.0,0.0,False,0,1,2.0,0.0,2.0,1.0,-115.0,5.5,sbro,,,,
2011-12,2012-02-14,Chicago,Nashville,0.0,1.0,False,1,1,1.0,1.0,2.0,3.0,-140.0,5.5,sbro,,,,
2011-12,2012-02-14,NYIslanders,Winnipeg,1.0,0.0,False,0,1,2.0,0.0,3.0,1.0,-123.0,5.5,sbro,,,,
2011-12,2012-02-14,Toronto,Calgary,0.0,1.0,False,1,2,0.0,2.0,1.0,5.0,-125.0,5.5,sbro,,,,
2011-12,2012-02-15,Anaheim,Pittsburgh,1.0,0.0,False,0,1,1.0,0.0,2.0,1.0,-180.0,5.5,sbro,,,,
2011-12,2012-02-15,Boston,Montreal,2.0,1.0,False,1,0,0.0,2.0,4.0,3.0,130.0,5.5,sbro,,,,
2011-12,2012-02-15,Ottawa,Florida,3.0,0.0,False,1,1,2.0,1.0,6.0,2.0,-140.0,5.5,sbro,,,,
2011-12,2012-02-15,Toronto,Edmonton,0.0,1.0,False,2,1,1.0,1.0,4.0,3.0,-106.0,5.5,sbro,,,,
2011-12,2012-02-15,Colorado,Vancouver,1.0,0.0,False,0,1,0.0,2.0,1.0,3.0,-205.0,5.5,sbro,,,,
2011-12,2012-02-16,Chicago,NYRangers,0.0,1.0,False,4,0,0.0,1.0,4.0,2.0,-160.0,5.5,sbro,,,,
2011-12,2012-02-16,Buffalo,Philadelphia,0.0,4.0,False,2,0,0.0,3.0,2.0,7.0,-164.0,5.5,sbro,,,,
2011-12,2012-02-16,SanJose,TampaBay,3.0,1.0,False,1,2,1.0,2.0,5.0,6.0,115.0,5.5,sbro,,,,
2011-12,2012-02-16,Winnipeg,Minnesota,1.0,1.0,False,1,1,1.0,1.0,4.0,3.0,-115.0,5.0,sbro,,,,
2011-12,2012-02-16,NYIslanders,St.Louis,0.0,3.0,False,1,2,0.0,0.0,1.0,5.0,-190.0,5.0,sbro,,,,
2011-12,2012-02-16,Calgary,Dallas,0.0,1.0,False,1,1,1.0,0.0,2.0,3.0,-125.0,5.0,sbro,,,,
2011-12,2012-02-16,Phoenix,LosAngeles,1.0,0.0,False,0,0,0.0,0.0,1.0,0.0,-130.0,5.0,sbro,,,,
2011-12,2012-02-17,Anaheim,NewJersey,1.0,2.0,False,0,0,1.0,0.0,2.0,3.0,-132.0,5.5,sbro,,,,
2011-12,2012-02-17,SanJose,Carolina,0.0,0.0,False,0,2,2.0,1.0,2.0,3.0,102.0,5.5,sbro,,,,
2011-12,2012-02-17,Nashville,Detroit,1.0,0.0,False,0,1,0.0,1.0,1.0,2.0,-160.0,5.5,sbro,,,,
2011-12,2012-02-17,Montreal,Buffalo,1.0,0.0,False,2,2,0.0,1.0,4.0,3.0,-120.0,5.0,sbro,,,,
2011-12,2012-02-17,Washington,Florida,0.0,0.0,False,0,1,2.0,0.0,2.0,1.0,-134.0,5.0,sbro,,,,
2011-12,2012-02-17,Boston,Winnipeg,1.0,2.0,False,0,0,1.0,2.0,2.0,4.0,141.0,5.5,sbro,,,,
2011-12,2012-02-17,Colorado,Edmonton,2.0,1.0,False,1,0,0.0,0.0,3.0,1.0,-129.0,5.5,sbro,,,,
2011-12,2012-02-18,Pittsburgh,Philadelphia,2.0,1.0,False,1,2,3.0,1.0,6.0,4.0,-111.0,5.5,sbro,,,,
2011-12,2012-02-18,Chicago,Columbus,2.0,0.0,False,2,1,2.0,0.0,6.0,1.0,131.0,5.5,sbro,,,,
2011-12,2012-02-18,Minnesota,St.Louis,0.0,2.0,False,0,1,0.0,1.0,0.0,4.0,-225.0,5.0,sbro,,,,
2011-12,2012-02-18,Toronto,Vancouver,1.0,3.0,False,0,2,1.0,1.0,2.0,6.0,-180.0,5.5,sbro,,,,
2011-12,2012-02-18,Washington,TampaBay,1.0,1.0,False,0,1,0.0,0.0,1.0,2.0,-122.0,5.5,sbro,,,,
2011-12,2012-02-18,Carolina,NYIslanders,2.0,2.0,False,1,1,0.0,1.0,3.0,4.0,-139.0,5.5,sbro,,,,
2011-12,2012-02-18,Dallas,Phoenix,1.0,0.0,False,0,1,0.0,0.0,1.0,2.0,-154.0,5.0,sbro,,,,
2011-12,2012-02-18,Calgary,LosAngeles,0.0,0.0,False,0,0,1.0,0.0,1.0,0.0,-145.0,5.0,sbro,,,,
2011-12,2012-02-19,SanJose,Detroit,1.0,1.0,False,0,1,1.0,1.0,2.0,3.0,-144.0,5.5,sbro,,,,
2011-12,2012-02-19,Pittsburgh,Buffalo,1.0,1.0,False,0,2,1.0,3.0,2.0,6.0,110.0,5.5,sbro,,,,
2011-12,2012-02-19,Boston,Minnesota,0.0,2.0,False,0,0,0.0,0.0,0.0,2.0,150.0,5.0,sbro,,,,
2011-12,2012-02-19,St.Louis,Chicago,0.0,0.0,False,1,0,0.0,3.0,1.0,3.0,-108.0,5.5,sbro,,,,
2011-12,2012-02-19,NewJersey,Montreal,1.0,0.0,False,1,0,1.0,1.0,3.0,1.0,-108.0,5.0,sbro,,,,
2011-12,2012-02-19,Anaheim,Florida,0.0,0.0,False,1,0,1.0,0.0,2.0,0.0,-113.0,5.0,sbro,,,,
2011-12,2012-02-19,Nashville,Dallas,1.0,0.0,False,2,1,0.0,1.0,3.0,2.0,-107.0,5.0,sbro,,,,
2011-12,2012-02-19,Columbus,NYRangers,1.0,1.0,False,0,1,1.0,0.0,2.0,3.0,-250.0,5.5,sbro,,,,
2011-12,2012-02-19,Colorado,Winnipeg,1.0,3.0,False,0,0,0.0,2.0,1.0,5.0,-129.0,5.5,sbro,,,,
2011-12,2012-02-19,Vancouver,Edmonton,2.0,2.0,False,2,0,1.0,0.0,5.0,2.0,134.0,5.5,sbro,,,,
2011-12,2012-02-20,Ottawa,NYIslanders,1.0,0.0,False,3,0,2.0,0.0,6.0,0.0,-115.0,5.5,sbro,,,,
2011-12,2012-02-20,Washington,Carolina,0.0,1.0,False,0,3,0.0,1.0,0.0,5.0,-107.0,5.5,sbro,,,,
2011-12,2012-02-21,NewJersey,Toronto,1.0,1.0,False,2,1,0.0,1.0,4.0,3.0,-116.0,5.5,sbro,,,,
2011-12,2012-02-21,NYRangers,Pittsburgh,0.0,2.0,False,0,0,0.0,0.0,0.0,2.0,-107.0,5.0,sbro,,,,
2011-12,2012-02-21,NYIslanders,Buffalo,0.0,1.0,False,0,1,1.0,0.0,1.0,2.0,-133.0,5.5,sbro,,,,
2011-12,2012-02-21,Philadelphia,Winnipeg,2.0,2.0,False,1,1,1.0,1.0,5.0,4.0,-102.0,5.5,sbro,,,,
2011-12,2012-02-21,SanJose,Columbus,2.0,1.0,False,0,4,1.0,1.0,3.0,6.0,143.0,5.5,sbro,,,,
2011-12,2012-02-21,Anaheim,TampaBay,2.0,1.0,False,0,2,0.0,0.0,2.0,3.0,-116.0,5.5,sbro,,,,
2011-12,2012-02-21,Dallas,Montreal,0.0,0.0,False,1,0,2.0,0.0,3.0,0.0,-138.0,5.0,sbro,,,,
2011-12,2012-02-21,Vancouver,Nashville,1.0,2.0,False,0,0,0.0,1.0,1.0,3.0,-116.0,5.5,sbro,,,,
2011-12,2012-02-21,Detroit,Chicago,0.0,1.0,False,1,0,0.0,1.0,1.0,2.0,-113.0,5.5,sbro,,,,
2011-12,2012-02-21,Edmonton,Calgary,4.0,0.0,False,1,1,1.0,0.0,6.0,1.0,-162.0,5.5,sbro,,,,
2011-12,2012-02-21,LosAngeles,Phoenix,1.0,3.0,False,3,0,0.0,1.0,4.0,5.0,-128.0,5.0,sbro,,,,
2011-12,2012-02-22,Washington,Ottawa,0.0,2.0,False,0,2,2.0,1.0,2.0,5.0,-155.0,5.5,sbro,,,,
2011-12,2012-02-22,Boston,St.Louis,0.0,0.0,False,3,2,1.0,0.0,4.0,2.0,-130.0,5.0,sbro,,,,
2011-12,2012-02-22,LosAngeles,Colorado,0.0,1.0,False,0,3,1.0,0.0,1.0,4.0,-105.0,5.0,sbro,,,,
2011-12,2012-02-23,Anaheim,Carolina,0.0,1.0,False,1,1,1.0,0.0,3.0,2.0,100.0,5.5,sbro,,,,
2011-12,2012-02-23,SanJose,Toronto,2.0,0.0,False,0,0,0.0,1.0,2.0,1.0,105.0,5.5,sbro,,,,
2011-12,2012-02-23,Vancouver,Detroit,1.0,0.0,False,0,1,2.0,2.0,4.0,3.0,-140.0,5.5,sbro,,,,
2011-12,2012-02-23,Minnesota,Florida,1.0,1.0,False,0,0,1.0,1.0,3.0,2.0,-155.0,5.0,sbro,,,,
2011-12,2012-02-23,St.Louis,Nashville,1.0,2.0,False,1,0,0.0,0.0,3.0,2.0,-125.0,5.0,sbro,,,,
2011-12,2012-02-23,TampaBay,Winnipeg,0.0,2.0,False,0,2,3.0,0.0,3.0,4.0,-150.0,5.5,sbro,,,,
2011-12,2012-02-23,Dallas,Chicago,0.0,1.0,False,0,0,3.0,0.0,3.0,1.0,-185.0,5.5,sbro,,,,
2011-12,2012-02-23,Phoenix,Calgary,2.0,0.0,False,0,2,1.0,1.0,4.0,3.0,-120.0,5.0,sbro,,,,
2011-12,2012-02-23,Philadelphia,Edmonton,0.0,2.0,False,0,0,0.0,0.0,0.0,2.0,125.0,5.5,sbro,,,,
2011-12,2012-02-24,NYRangers,NYIslanders,2.0,1.0,False,1,2,0.0,0.0,3.0,4.0,130.0,5.0,sbro,,,,
2011-12,2012-02-24,Montreal,Washington,0.0,2.0,False,0,1,1.0,1.0,1.0,4.0,-110.0,5.0,sbro,,,,
2011-12,2012-02-24,Colorado,Columbus,1.0,0.0,False,1,0,3.0,0.0,5.0,0.0,-110.0,5.5,sbro,,,,
2011-12,2012-02-24,Vancouver,NewJersey,1.0,1.0,False,1,0,0.0,0.0,2.0,1.0,-110.0,5.5,sbro,,,,
2011-12,2012-02-24,Boston,Buffalo,0.0,1.0,False,0,0,1.0,0.0,1.0,2.0,125.0,5.5,sbro,,,,
2011-12,2012-02-24,Minnesota,Dallas,0.0,1.0,False,0,2,1.0,1.0,1.0,4.0,-160.0,5.0,sbro,,,,
2011-12,2012-02-25,TampaBay,Pittsburgh,1.0,2.0,False,0,3,0.0,3.0,1.0,8.0,-225.0,5.5,sbro,,,,
2011-12,2012-02-25,St.Louis,Winnipeg,0.0,2.0,False,2,0,0.0,0.0,3.0,2.0,102.0,5.0,sbro,,,,
2011-12,2012-02-25,Phoenix,Edmonton,0.0,0.0,False,2,0,1.0,1.0,3.0,1.0,105.0,5.5,sbro,,,,
2011-12,2012-02-25,Colorado,Detroit,1.0,0.0,False,2,0,1.0,3.0,4.0,3.0,-235.0,5.5,sbro,,,,
2011-12,2012-02-25,Florida,Carolina,0.0,1.0,False,0,1,2.0,0.0,3.0,2.0,-123.0,5.0,sbro,,,,
2011-12,2012-02-25,Washington,Toronto,2.0,0.0,False,2,0,0.0,2.0,4.0,2.0,-135.0,5.5,sbro,,,,
2011-12,2012-02-25,Buffalo,NYRangers,0.0,1.0,False,1,0,1.0,1.0,2.0,3.0,-190.0,5.0,sbro,,,,
2011-12,2012-02-25,Boston,Ottawa,1.0,0.0,False,2,1,2.0,2.0,5.0,3.0,-101.0,5.5,sbro,,,,
2011-12,2012-02-25,SanJose,Nashville,1.0,1.0,False,1,3,0.0,2.0,2.0,6.0,-130.0,5.0,sbro,,,,
2011-12,2012-02-25,Chicago,LosAngeles,0.0,2.0,False,0,2,0.0,0.0,0.0,4.0,-109.0,5.0,sbro,,,,
2011-12,2012-02-25,Philadelphia,Calgary,2.0,1.0,False,0,2,2.0,1.0,5.0,4.0,-102.0,5.5,sbro,,,,
2011-12,2012-02-26,TampaBay,NewJersey,2.0,0.0,False,0,1,2.0,2.0,4.0,3.0,-216.0,5.5,sbro,,,,
2011-12,2012-02-26,Columbus,Pittsburgh,1.0,1.0,False,0,0,1.0,3.0,2.0,4.0,-280.0,5.5,sbro,,,,
2011-12,2012-02-26,Vancouver,Dallas,2.0,1.0,False,0,0,0.0,1.0,2.0,3.0,113.0,5.0,sbro,,,,
2011-12,2012-02-26,Montreal,Florida,0.0,2.0,False,2,1,0.0,1.0,2.0,4.0,-114.0,5.0,sbro,,,,
2011-12,2012-02-26,NYIslanders,Ottawa,0.0,2.0,False,1,0,1.0,3.0,2.0,5.0,-153.0,5.5,sbro,,,,
2011-12,2012-02-26,SanJose,Minnesota,0.0,1.0,False,2,1,1.0,2.0,3.0,4.0,124.0,5.0,sbro,,,,
2011-12,2012-02-26,Chicago,Anaheim,0.0,1.0,False,1,1,0.0,1.0,1.0,3.0,-115.0,5.5,sbro,,,,
2011-12,2012-02-27,NewJersey,NYRangers,0.0,0.0,False,0,1,0.0,1.0,0.0,2.0,-160.0,5.0,sbro,,,,
2011-12,2012-02-27,LosAngeles,Nashville,0.0,1.0,False,0,1,1.0,0.0,1.0,2.0,-139.0,5.0,sbro,,,,
2011-12,2012-02-27,Edmonton,Winnipeg,1.0,2.0,False,0,0,4.0,1.0,5.0,3.0,-153.0,5.5,sbro,,,,
2011-12,2012-02-27,St.Louis,Calgary,1.0,0.0,False,2,1,0.0,0.0,3.0,1.0,109.0,5.0,sbro,,,,
2011-12,2012-02-27,Anaheim,Colorado,1.0,0.0,False,0,1,0.0,3.0,1.0,4.0,-122.0,5.5,sbro,,,,
2011-12,2012-02-28,Florida,Toronto,1.0,1.0,False,2,0,2.0,2.0,5.0,3.0,-132.0,5.5,sbro,,,,
2011-12,2012-02-28,NYIslanders,Washington,0.0,0.0,False,1,0,1.0,2.0,2.0,3.0,-158.0,5.5,sbro,,,,
2011-12,2012-02-28,Ottawa,Boston,0.0,0.0,False,1,0,0.0,0.0,1.0,0.0,-190.0,5.5,sbro,,,,
2011-12,2012-02-28,Detroit,Columbus,0.0,0.0,False,1,1,4.0,1.0,5.0,2.0,165.0,5.5,sbro,,,,
2011-12,2012-02-28,Nashville,Carolina,1.0,3.0,False,1,0,1.0,1.0,3.0,4.0,105.0,5.0,sbro,,,,
2011-12,2012-02-28,LosAngeles,Minnesota,1.0,0.0,False,3,0,0.0,0.0,4.0,0.0,-105.0,5.0,sbro,,,,
2011-12,2012-02-28,Montreal,TampaBay,0.0,1.0,False,1,1,0.0,0.0,1.0,2.0,-114.0,5.5,sbro,,,,
2011-12,2012-02-28,Vancouver,Phoenix,0.0,0.0,False,1,0,0.0,1.0,1.0,2.0,-105.0,5.0,sbro,,,,
2011-12,2012-02-28,Philadelphia,SanJose,0.0,0.0,False,0,1,0.0,0.0,0.0,1.0,-130.0,5.5,sbro,,,,
2011-12,2012-02-29,Pittsburgh,Dallas,0.0,1.0,False,1,1,2.0,1.0,4.0,3.0,107.0,5.5,sbro,,,,
2011-12,2012-02-29,Toronto,Chicago,0.0,2.0,False,3,2,1.0,1.0,4.0,5.0,-173.0,5.5,sbro,,,,
2011-12,2012-02-29,Buffalo,Anaheim,1.0,0.0,False,1,0,0.0,0.0,2.0,0.0,-150.0,5.5,sbro,,,,
2011-12,2012-02-29,St.Louis,Edmonton,2.0,2.0,False,1,0,2.0,0.0,5.0,2.0,118.0,5.0,sbro,,,,
2011-12,2012-03-01,Minnesota,Montreal,0.0,1.0,False,1,2,3.0,1.0,4.0,5.0,-140.0,5.0,sbro,,,,
2011-12,2012-03-01,NYIslanders,Philadelphia,1.0,2.0,False,1,2,1.0,2.0,3.0,6.0,-180.0,5.5,sbro,,,,
2011-12,2012-03-01,NewJersey,Boston,3.0,0.0,False,0,2,0.0,1.0,3.0,4.0,-170.0,5.0,sbro,,,,
2011-12,2012-03-01,NYRangers,Carolina,2.0,1.0,False,0,0,1.0,1.0,3.0,2.0,125.0,5.0,sbro,,,,
2011-12,2012-03-01,Florida,Winnipeg,0.0,0.0,False,0,2,0.0,5.0,0.0,7.0,-125.0,5.0,sbro,,,,
2011-12,2012-03-01,Columbus,Colorado,1.0,0.0,False,1,0,0.0,0.0,2.0,0.0,-190.0,5.5,sbro,,,,
2011-12,2012-03-01,Calgary,Phoenix,0.0,2.0,False,3,0,1.0,0.0,4.0,2.0,-165.0,5.0,sbro,,,,
2011-12,2012-03-01,St.Louis,Vancouver,0.0,0.0,False,0,0,0.0,2.0,0.0,2.0,-160.0,5.0,sbro,,,,
2011-12,2012-03-01,Buffalo,SanJose,0.0,0.0,False,1,0,0.0,0.0,1.0,0.0,-180.0,5.5,sbro,,,,
2011-12,2012-03-02,Chicago,Ottawa,2.0,0.0,False,0,1,0.0,0.0,2.0,1.0,-130.0,5.5,sbro,,,,
2011-12,2012-03-02,NewJersey,Washington,2.0,0.0,False,3,0,0.0,0.0,5.0,0.0,-125.0,5.0,sbro,,,,
2011-12,2012-03-02,NYRangers,TampaBay,1.0,1.0,False,1,0,1.0,2.0,3.0,4.0,125.0,5.5,sbro,,,,
2011-12,2012-03-02,Minnesota,Detroit,0.0,3.0,False,0,2,0.0,1.0,0.0,6.0,-235.0,5.5,sbro,,,,
2011-12,2012-03-02,Dallas,Edmonton,2.0,0.0,False,0,0,1.0,1.0,3.0,1.0,-105.0,5.5,sbro,,,,
2011-12,2012-03-02,Calgary,Anaheim,0.0,1.0,False,1,1,1.0,1.0,2.0,3.0,-180.0,5.5,sbro,,,,
2011-12,2012-03-03,NYIslanders,Boston,1.0,0.0,False,1,1,1.0,1.0,3.0,2.0,-220.0,5.5,sbro,,,,
2011-12,2012-03-03,Toronto,Montreal,1.0,0.0,False,0,1,2.0,0.0,3.0,1.0,-130.0,5.5,sbro,,,,
2011-12,2012-03-03,TampaBay,Carolina,1.0,3.0,False,1,0,1.0,0.0,4.0,3.0,-135.0,5.5,sbro,,,,
2011-12,2012-03-03,Nashville,Florida,1.0,1.0,False,1,0,1.0,0.0,3.0,1.0,-105.0,5.0,sbro,,,,
2011-12,2012-03-03,Columbus,Phoenix,1.0,2.0,False,1,0,3.0,0.0,5.0,2.0,-230.0,5.5,sbro,,,,
2011-12,2012-03-03,Pittsburgh,Colorado,2.0,0.0,False,2,0,1.0,1.0,5.0,1.0,110.0,5.5,sbro,,,,
2011-12,2012-03-03,Buffalo,Vancouver,0.0,1.0,False,3,0,2.0,2.0,5.0,3.0,-195.0,5.0,sbro,,,,
2011-12,2012-03-03,St.Louis,SanJose,1.0,0.0,False,2,1,0.0,0.0,3.0,1.0,-115.0,5.0,sbro,,,,
2011-12,2012-03-03,Anaheim,LosAngeles,1.0,2.0,False,1,1,0.0,1.0,2.0,4.0,-140.0,5.0,sbro,,,,
2011-12,2012-03-04,Boston,NYRangers,1.0,0.0,False,1,2,1.0,2.0,3.0,4.0,-139.0,5.0,sbro,,,,
2011-12,2012-03-04,NewJersey,NYIslanders,0.0,1.0,False,0,0,0.0,0.0,0.0,1.0,113.0,5.0,sbro,,,,
2011-12,2012-03-04,Chicago,Detroit,1.0,0.0,False,1,1,0.0,0.0,2.0,1.0,-164.0,5.5,sbro,,,,
2011-12,2012-03-04,Dallas,Calgary,2.0,1.0,False,0,0,0.0,1.0,3.0,2.0,-117.0,5.0,sbro,,,,
2011-12,2012-03-04,Ottawa,Florida,0.0,3.0,False,2,0,0.0,1.0,2.0,4.0,-106.0,5.5,sbro,,,,
2011-12,2012-03-04,Philadelphia,Washington,1.0,0.0,False,0,0,0.0,0.0,1.0,0.0,103.0,5.5,sbro,,,,
2011-12,2012-03-04,Colorado,Minnesota,0.0,0.0,False,2,0,0.0,0.0,2.0,0.0,-111.0,5.0,sbro,,,,
2011-12,2012-03-05,Phoenix,Pittsburgh,0.0,0.0,False,0,2,1.0,0.0,1.0,2.0,-160.0,5.5,sbro,,,,
2011-12,2012-03-05,Buffalo,Winnipeg,1.0,0.0,False,0,1,0.0,2.0,1.0,3.0,-125.0,5.0,sbro,,,,
2011-12,2012-03-05,Edmonton,Anaheim,1.0,0.0,False,0,1,1.0,3.0,2.0,4.0,-164.0,5.5,sbro,,,,
2011-12,2012-03-06,Phoenix,Columbus,1.0,1.0,False,1,2,0.0,0.0,2.0,3.0,134.0,5.5,sbro,,,,
2011-12,2012-03-06,Detroit,Philadelphia,0.0,1.0,False,1,2,1.0,0.0,2.0,3.0,-142.0,5.5,sbro,,,,
2011-12,2012-03-06,Carolina,Washington,2.0,1.0,False,0,1,1.0,1.0,4.0,3.0,-144.0,5.5,sbro,,,,
2011-12,2012-03-06,NYRangers,NewJersey,1.0,0.0,False,0,1,0.0,3.0,1.0,4.0,-112.0,5.0,sbro,,,,
2011-12,2012-03-06,Boston,Toronto,4.0,2.0,False,1,1,0.0,1.0,5.0,4.0,130.0,5.5,sbro,,,,
2011-12,2012-03-06,Ottawa,TampaBay,1.0,2.0,False,3,0,3.0,1.0,7.0,3.0,-114.0,5.5,sbro,,,,
2011-12,2012-03-06,Chicago,St.Louis,0.0,1.0,False,0,2,1.0,2.0,1.0,5.0,-144.0,5.0,sbro,,,,
2011-12,2012-03-06,LosAngeles,Nashville,1.0,2.0,False,2,1,2.0,1.0,5.0,4.0,-139.0,5.0,sbro,,,,
2011-12,2012-03-06,Minnesota,Colorado,0.0,4.0,False,0,1,1.0,2.0,1.0,7.0,-170.0,5.0,sbro,,,,
2011-12,2012-03-06,Montreal,Calgary,1.0,2.0,False,1,2,2.0,1.0,4.0,5.0,-139.0,5.0,sbro,,,,
2011-12,2012-03-06,Dallas,Vancouver,2.0,1.0,False,0,0,3.0,1.0,5.0,2.0,-178.0,5.0,sbro,,,,
2011-12,2012-03-06,Edmonton,SanJose,1.0,1.0,False,1,1,0.0,0.0,3.0,2.0,-190.0,5.5,sbro,,,,
2011-12,2012-03-07,Carolina,Buffalo,1.0,2.0,False,1,0,0.0,0.0,2.0,3.0,-163.0,5.5,sbro,,,,
2011-12,2012-03-07,Toronto,Pittsburgh,2.0,1.0,False,0,0,0.0,2.0,2.0,3.0,-195.0,5.5,sbro,,,,
2011-12,2012-03-08,NYIslanders,NewJersey,1.0,1.0,False,0,1,0.0,3.0,1.0,5.0,-173.0,5.0,sbro,,,,
2011-12,2012-03-08,TampaBay,Washington,2.0,0.0,False,0,1,0.0,1.0,2.0,3.0,-139.0,5.5,sbro,,,,
2011-12,2012-03-08,Florida,Philadelphia,0.0,2.0,False,0,1,0.0,2.0,0.0,5.0,-155.0,5.5,sbro,,,,
2011-12,2012-03-08,Buffalo,Boston,0.0,1.0,False,1,0,0.0,2.0,1.0,3.0,-190.0,5.5,sbro,,,,
2011-12,2012-03-08,LosAngeles,Columbus,0.0,1.0,False,1,2,0.0,0.0,1.0,3.0,113.0,5.0,sbro,,,,
2011-12,2012-03-08,NYRangers,Ottawa,0.0,0.0,False,1,2,0.0,2.0,1.0,4.0,105.0,5.0,sbro,,,,
2011-12,2012-03-08,Anaheim,St.Louis,1.0,1.0,False,0,0,0.0,2.0,1.0,3.0,-176.0,5.0,sbro,,,,
2011-12,2012-03-08,Colorado,Nashville,0.0,1.0,False,1,2,1.0,1.0,2.0,4.0,-154.0,5.5,sbro,,,,
2011-12,2012-03-08,SanJose,Dallas,1.0,1.0,False,0,0,2.0,2.0,3.0,4.0,-116.0,5.0,sbro,,,,
2011-12,2012-03-08,Minnesota,Phoenix,0.0,0.0,False,2,0,0.0,2.0,3.0,2.0,-200.0,5.0,sbro,,,,
2011-12,2012-03-08,Montreal,Edmonton,2.0,1.0,False,1,1,2.0,1.0,5.0,3.0,-130.0,5.5,sbro,,,,
2011-12,2012-03-08,Winnipeg,Vancouver,1.0,1.0,False,0,0,1.0,2.0,2.0,3.0,-190.0,5.5,sbro,,,,
2011-12,2012-03-09,Florida,Pittsburgh,1.0,0.0,False,0,0,0.0,1.0,1.0,2.0,-204.0,5.5,sbro,,,,
2011-12,2012-03-09,LosAngeles,Detroit,0.0,1.0,False,2,1,1.0,2.0,3.0,4.0,-147.0,5.0,sbro,,,,
2011-12,2012-03-09,NYRangers,Chicago,0.0,1.0,False,1,0,2.0,3.0,3.0,4.0,-114.0,5.0,sbro,,,,
2011-12,2012-03-09,Winnipeg,Calgary,0.0,1.0,False,2,3,1.0,1.0,3.0,5.0,-127.0,5.0,sbro,,,,
2011-12,2012-03-10,Washington,Boston,2.0,1.0,False,2,1,0.0,1.0,4.0,3.0,-190.0,5.5,sbro,,,,
2011-12,2012-03-10,Edmonton,Colorado,0.0,2.0,False,1,0,1.0,0.0,2.0,3.0,-158.0,5.5,sbro,,,,
2011-12,2012-03-10,NewJersey,NYIslanders,0.0,0.0,False,0,0,2.0,1.0,2.0,1.0,103.0,5.0,sbro,,,,
2011-12,2012-03-10,Philadelphia,Toronto,0.0,0.0,False,0,0,0.0,0.0,1.0,0.0,114.0,5.5,sbro,,,,
2011-12,2012-03-10,Carolina,TampaBay,0.0,0.0,False,2,2,2.0,0.0,4.0,2.0,-118.0,5.5,sbro,,,,
2011-12,2012-03-10,Buffalo,Ottawa,2.0,1.0,False,0,1,1.0,1.0,4.0,3.0,-139.0,5.5,sbro,,,,
2011-12,2012-03-10,Columbus,St.Louis,1.0,2.0,False,0,1,0.0,1.0,1.0,4.0,-225.0,5.0,sbro,,,,
2011-12,2012-03-10,Detroit,Nashville,0.0,0.0,False,1,2,1.0,1.0,2.0,3.0,-130.0,5.0,sbro,,,,
2011-12,2012-03-10,SanJose,Phoenix,0.0,2.0,False,0,0,0.0,1.0,0.0,3.0,-108.0,5.0,sbro,,,,
2011-12,2012-03-10,Anaheim,Dallas,0.0,1.0,False,0,0,0.0,1.0,0.0,2.0,-133.0,5.0,sbro,,,,
2011-12,2012-03-10,Montreal,Vancouver,1.0,1.0,False,0,0,3.0,0.0,4.0,1.0,-235.0,5.5,sbro,,,,
2011-12,2012-03-11,Carolina,Florida,0.0,1.0,False,0,0,0.0,1.0,0.0,2.0,-148.0,5.5,sbro,,,,
2011-12,2012-03-11,Toronto,Washington,0.0,0.0,False,0,1,0.0,1.0,0.0,2.0,-144.0,5.5,sbro,,,,
2011-12,2012-03-11,Calgary,Minnesota,0.0,0.0,False,1,0,3.0,3.0,4.0,3.0,109.0,5.0,sbro,,,,
2011-12,2012-03-11,St.Louis,Columbus,1.0,1.0,False,0,0,1.0,0.0,2.0,1.0,153.0,5.0,sbro,,,,
2011-12,2012-03-11,LosAngeles,Chicago,1.0,1.0,False,1,0,0.0,1.0,3.0,2.0,-138.0,5.0,sbro,,,,
2011-12,2012-03-11,Philadelphia,NewJersey,0.0,0.0,False,0,1,1.0,3.0,1.0,4.0,-120.0,5.5,sbro,,,,
2011-12,2012-03-11,NYIslanders,NYRangers,2.0,1.0,False,1,1,0.0,1.0,3.0,4.0,-200.0,5.0,sbro,,,,
2011-12,2012-03-11,Boston,Pittsburgh,2.0,1.0,False,0,3,0.0,1.0,2.0,5.0,-150.0,5.5,sbro,,,,
2011-12,2012-03-12,Montreal,Buffalo,0.0,1.0,False,1,0,1.0,1.0,2.0,3.0,-155.0,5.0,sbro,,,,
2011-12,2012-03-12,Anaheim,Colorado,1.0,0.0,False,0,1,1.0,1.0,2.0,3.0,-120.0,5.0,sbro,,,,
2011-12,2012-03-12,SanJose,Edmonton,1.0,1.0,False,1,1,1.0,0.0,3.0,2.0,115.0,5.5,sbro,,,,
2011-12,2012-03-12,Nashville,Phoenix,2.0,2.0,False,1,0,1.0,2.0,5.0,4.0,-110.0,5.0,sbro,,,,
2011-12,2012-03-13,Washington,NYIslanders,2.0,2.0,False,0,2,2.0,0.0,5.0,4.0,-102.0,5.5,sbro,,,,
2011-12,2012-03-13,NewJersey,Philadelphia,0.0,1.0,False,0,0,0.0,2.0,0.0,3.0,-128.0,5.5,sbro,,,,
2011-12,2012-03-13,Boston,TampaBay,0.0,1.0,False,0,4,1.0,1.0,1.0,6.0,139.0,5.5,sbro,,,,
2011-12,2012-03-13,Toronto,Florida,1.0,1.0,False,0,1,1.0,3.0,2.0,5.0,-160.0,5.0,sbro,,,,
2011-12,2012-03-13,Carolina,NYRangers,2.0,2.0,False,0,1,0.0,1.0,2.0,4.0,-200.0,5.0,sbro,,,,
2011-12,2012-03-13,Dallas,Minnesota,0.0,0.0,False,0,0,1.0,0.0,1.0,0.0,140.0,5.0,sbro,,,,
2011-12,2012-03-13,St.Louis,Chicago,0.0,1.0,False,3,1,0.0,1.0,3.0,4.0,-106.0,5.0,sbro,,,,
2011-12,2012-03-13,SanJose,Calgary,0.0,2.0,False,1,0,1.0,0.0,2.0,3.0,-123.0,5.0,sbro,,,,
2011-12,2012-03-13,Detroit,LosAngeles,1.0,1.0,False,0,2,1.0,2.0,2.0,5.0,-123.0,5.0,sbro,,,,
2011-12,2012-03-14,Colorado,Buffalo,1.0,1.0,False,2,2,1.0,1.0,5.0,4.0,-150.0,5.0,sbro,,,,
2011-12,2012-03-14,Ottawa,Montreal,0.0,0.0,False,1,1,1.0,1.0,2.0,3.0,110.0,5.5,sbro,,,,
2011-12,2012-03-14,Dallas,Winnipeg,1.0,4.0,False,0,1,1.0,0.0,2.0,5.0,-110.0,5.5,sbro,,,,
2011-12,2012-03-14,Phoenix,Vancouver,2.0,1.0,False,2,2,1.0,1.0,5.0,4.0,-180.0,5.0,sbro,,,,
2011-12,2012-03-14,Columbus,Edmonton,0.0,2.0,False,0,0,0.0,1.0,0.0,3.0,-160.0,5.5,sbro,,,,
2011-12,2012-03-14,Detroit,Anaheim,0.0,3.0,False,0,0,0.0,1.0,0.0,4.0,-114.0,5.0,sbro,,,,
2011-12,2012-03-15,St.Louis,Carolina,0.0,0.0,False,0,0,0.0,2.0,0.0,2.0,128.0,5.0,sbro,,,,
2011-12,2012-03-15,Colorado,NewJersey,0.0,0.0,False,0,0,0.0,0.0,0.0,1.0,-160.0,5.0,sbro,,,,
2011-12,2012-03-15,Pittsburgh,NYRangers,2.0,1.0,False,1,1,2.0,0.0,5.0,2.0,-105.0,5.5,sbro,,,,
2011-12,2012-03-15,Philadelphia,NYIslanders,1.0,0.0,False,2,0,0.0,2.0,3.0,2.0,118.0,5.5,sbro,,,,
2011-12,2012-03-15,Boston,Florida,1.0,3.0,False,0,1,1.0,2.0,2.0,6.0,103.0,5.0,sbro,,,,
2011-12,2012-03-15,Toronto,TampaBay,2.0,0.0,False,1,0,0.0,1.0,3.0,1.0,-133.0,5.5,sbro,,,,
2011-12,2012-03-15,Phoenix,Calgary,1.0,2.0,False,0,1,0.0,1.0,1.0,4.0,-128.0,5.0,sbro,,,,
2011-12,2012-03-15,Nashville,SanJose,0.0,0.0,False,1,0,0.0,1.0,1.0,2.0,-118.0,5.0,sbro,,,,
2011-12,2012-03-16,Montreal,Ottawa,0.0,0.0,False,1,0,0.0,1.0,1.0,2.0,-175.0,5.5,sbro,,,,
2011-12,2012-03-16,Washington,Winnipeg,0.0,1.0,False,1,1,1.0,1.0,2.0,3.0,-120.0,5.5,sbro,,,,
2011-12,2012-03-16,Chicago,Dallas,0.0,0.0,False,2,0,2.0,1.0,4.0,1.0,-130.0,5.5,sbro,,,,
2011-12,2012-03-16,Calgary,Edmonton,1.0,0.0,False,0,2,0.0,1.0,1.0,3.0,-116.0,5.5,sbro,,,,
2011-12,2012-03-16,LosAngeles,Anaheim,0.0,1.0,False,3,0,1.0,1.0,4.0,2.0,-120.0,5.0,sbro,,,,
2011-12,2012-03-17,Pittsburgh,NewJersey,3.0,0.0,False,1,1,1.0,1.0,5.0,2.0,115.0,5.5,sbro,,,,
2011-12,2012-03-17,Philadelphia,Boston,1.0,0.0,False,0,2,1.0,0.0,2.0,3.0,-135.0,5.5,sbro,,,,
2011-12,2012-03-17,Carolina,Minnesota,1.0,2.0,False,1,1,3.0,0.0,5.0,3.0,-110.0,5.0,sbro,,,,
2011-12,2012-03-17,NYIslanders,Montreal,2.0,0.0,False,0,1,0.0,1.0,3.0,2.0,-120.0,5.0,sbro,,,,
2011-12,2012-03-17,Toronto,Ottawa,1.0,0.0,False,0,0,2.0,1.0,3.0,1.0,-155.0,5.5,sbro,,,,
2011-12,2012-03-17,Colorado,NYRangers,1.0,0.0,False,1,1,1.0,0.0,3.0,1.0,-180.0,5.0,sbro,,,,
2011-12,2012-03-17,St.Louis,TampaBay,1.0,0.0,False,2,0,0.0,1.0,3.0,1.0,125.0,5.5,sbro,,,,
2011-12,2012-03-17,Buffalo,Florida,1.0,0.0,False,1,2,0.0,0.0,2.0,3.0,-125.0,5.0,sbro,,,,
2011-12,2012-03-17,Columbus,Vancouver,1.0,1.0,False,1,2,1.0,1.0,3.0,4.0,-265.0,5.5,sbro,,,,
2011-12,2012-03-17,Detroit,SanJose,0.0,0.0,False,1,2,1.0,0.0,2.0,3.0,-135.0,5.0,sbro,,,,
2011-12,2012-03-17,Nashville,LosAngeles,1.0,0.0,False,0,1,1.0,3.0,2.0,4.0,-120.0,5.0,sbro,,,,
2011-12,2012-03-18,Pittsburgh,Philadelphia,1.0,0.0,False,1,0,0.0,2.0,2.0,3.0,110.0,5.5,sbro,,,,
2011-12,2012-03-18,Washington,Chicago,2.0,2.0,False,0,2,0.0,1.0,2.0,5.0,-155.0,5.5,sbro,,,,
2011-12,2012-03-18,Columbus,Calgary,0.0,0.0,False,1,0,0.0,1.0,2.0,1.0,-210.0,5.5,sbro,,,,
2011-12,2012-03-18,Phoenix,Edmonton,0.0,2.0,False,0,0,2.0,0.0,3.0,2.0,100.0,5.5,sbro,,,,
2011-12,2012-03-18,Nashville,Anaheim,0.0,0.0,False,0,1,3.0,0.0,3.0,1.0,-120.0,5.0,sbro,,,,
2011-12,2012-03-18,Carolina,Winnipeg,1.0,2.0,False,1,1,2.0,0.0,4.0,3.0,-160.0,5.5,sbro,,,,
2011-12,2012-03-19,Toronto,Boston,0.0,3.0,False,0,4,0.0,1.0,0.0,8.0,-190.0,5.5,sbro,,,,
2011-12,2012-03-19,NewJersey,NYRangers,2.0,2.0,False,0,1,0.0,1.0,2.0,4.0,-145.0,5.0,sbro,,,,
2011-12,2012-03-19,Buffalo,TampaBay,4.0,2.0,False,2,0,1.0,1.0,7.0,3.0,-110.0,5.5,sbro,,,,
2011-12,2012-03-19,Washington,Detroit,1.0,1.0,False,3,0,1.0,2.0,5.0,3.0,-165.0,5.5,sbro,,,,
2011-12,2012-03-19,Vancouver,Minnesota,0.0,0.0,False,0,1,0.0,1.0,0.0,2.0,170.0,5.0,sbro,,,,
2011-12,2012-03-19,Anaheim,SanJose,3.0,1.0,False,2,2,0.0,0.0,5.0,3.0,-165.0,5.0,sbro,,,,
2011-12,2012-03-20,Chicago,Columbus,0.0,0.0,False,3,0,2.0,1.0,5.0,1.0,140.0,5.5,sbro,,,,
2011-12,2012-03-20,Florida,Philadelphia,1.0,1.0,False,1,0,0.0,0.0,2.0,1.0,-160.0,5.5,sbro,,,,
2011-12,2012-03-20,Winnipeg,Pittsburgh,2.0,4.0,False,2,2,0.0,2.0,4.0,8.0,-236.0,5.5,sbro,,,,
2011-12,2012-03-20,NYIslanders,Toronto,1.0,1.0,False,1,1,3.0,0.0,5.0,2.0,-130.0,5.5,sbro,,,,
2011-12,2012-03-20,NewJersey,Ottawa,1.0,0.0,False,0,0,0.0,0.0,1.0,0.0,-125.0,5.5,sbro,,,,
2011-12,2012-03-20,Edmonton,Nashville,3.0,1.0,False,2,1,1.0,1.0,6.0,3.0,-205.0,5.5,sbro,,,,
2011-12,2012-03-20,Phoenix,Dallas,0.0,2.0,False,1,1,2.0,0.0,3.0,4.0,-125.0,5.0,sbro,,,,
2011-12,2012-03-20,Calgary,Colorado,0.0,0.0,False,1,1,0.0,0.0,1.0,2.0,-135.0,5.0,sbro,,,,
2011-12,2012-03-20,SanJose,LosAngeles,0.0,1.0,False,1,1,1.0,3.0,2.0,5.0,-130.0,5.0,sbro,,,,
2011-12,2012-03-21,Florida,Carolina,1.0,1.0,False,0,1,0.0,1.0,1.0,3.0,-115.0,5.0,sbro,,,,
2011-12,2012-03-21,Montreal,Buffalo,0.0,1.0,False,0,1,0.0,1.0,0.0,3.0,-165.0,5.0,sbro,,,,
2011-12,2012-03-21,Detroit,NYRangers,0.0,0.0,False,1,1,0.0,0.0,1.0,2.0,-144.0,5.0,sbro,,,,
2011-12,2012-03-21,Vancouver,Chicago,0.0,1.0,False,1,0,0.0,0.0,1.0,2.0,-116.0,5.5,sbro,,,,
2011-12,2012-03-21,St.Louis,Anaheim,0.0,1.0,False,2,1,1.0,2.0,3.0,4.0,108.0,5.0,sbro,,,,
2011-12,2012-03-22,Nashville,Pittsburgh,1.0,2.0,False,0,2,0.0,1.0,1.0,5.0,-173.0,5.5,sbro,,,,
2011-12,2012-03-22,Washington,Philadelphia,0.0,1.0,False,1,0,0.0,0.0,1.0,2.0,-153.0,5.5,sbro,,,,
2011-12,2012-03-22,Edmonton,TampaBay,1.0,2.0,False,0,0,1.0,0.0,2.0,3.0,-118.0,5.5,sbro,,,,
2011-12,2012-03-22,Calgary,Minnesota,1.0,1.0,False,1,0,0.0,1.0,2.0,3.0,109.0,5.0,sbro,,,,
2011-12,2012-03-22,Vancouver,Dallas,0.0,0.0,False,1,0,1.0,1.0,2.0,1.0,102.0,5.0,sbro,,,,
2011-12,2012-03-22,Colorado,Phoenix,0.0,1.0,False,0,2,2.0,0.0,2.0,3.0,-125.0,5.0,sbro,,,,
2011-12,2012-03-22,Boston,SanJose,0.0,0.0,False,0,1,1.0,1.0,1.0,2.0,-114.0,5.5,sbro,,,,
2011-12,2012-03-22,St.Louis,LosAngeles,0.0,0.0,False,0,0,0.0,0.0,0.0,1.0,-114.0,5.0,sbro,,,,
2011-12,2012-03-23,Toronto,NewJersey,2.0,1.0,False,0,0,1.0,2.0,4.0,3.0,-174.0,5.5,sbro,,,,
2011-12,2012-03-23,Winnipeg,Washington,2.0,2.0,False,0,1,1.0,0.0,4.0,3.0,-143.0,5.5,sbro,,,,
2011-12,2012-03-23,Buffalo,NYRangers,2.0,1.0,False,0,0,2.0,0.0,4.0,1.0,-160.0,5.0,sbro,,,,
2011-12,2012-03-23,Carolina,Columbus,1.0,2.0,False,0,1,0.0,2.0,1.0,5.0,114.0,5.5,sbro,,,,
2011-12,2012-03-23,Ottawa,Montreal,0.0,0.0,False,1,4,0.0,1.0,1.0,5.0,109.0,5.0,sbro,,,,
2011-12,2012-03-23,Edmonton,Florida,1.0,1.0,False,0,0,0.0,0.0,2.0,1.0,-163.0,5.5,sbro,,,,
2011-12,2012-03-24,Calgary,Dallas,0.0,0.0,False,1,2,0.0,2.0,1.0,4.0,-145.0,5.0,sbro,,,,
2011-12,2012-03-24,Minnesota,Buffalo,0.0,1.0,False,1,0,0.0,2.0,1.0,3.0,-215.0,5.0,sbro,,,,
2011-12,2012-03-24,Montreal,Philadelphia,1.0,2.0,False,0,1,0.0,1.0,1.0,4.0,-225.0,5.5,sbro,,,,
2011-12,2012-03-24,Carolina,Detroit,3.0,3.0,False,1,0,0.0,2.0,4.0,5.0,-175.0,5.5,sbro,,,,
2011-12,2012-03-24,Winnipeg,Nashville,0.0,2.0,False,0,0,1.0,1.0,1.0,3.0,-190.0,5.5,sbro,,,,
2011-12,2012-03-24,NYRangers,Toronto,1.0,1.0,False,1,1,1.0,1.0,4.0,3.0,134.0,5.5,sbro,,,,
2011-12,2012-03-24,Pittsburgh,Ottawa,1.0,4.0,False,2,1,1.0,3.0,4.0,8.0,134.0,5.5,sbro,,,,
2011-12,2012-03-24,NYIslanders,TampaBay,2.0,1.0,False,0,1,1.0,2.0,3.0,4.0,-106.0,5.5,sbro,,,,
2011-12,2012-03-24,Boston,LosAngeles,1.0,1.0,False,0,0,3.0,1.0,4.0,2.0,-119.0,5.0,sbro,,,,
2011-12,2012-03-24,Vancouver,Colorado,2.0,1.0,False,0,1,0.0,0.0,3.0,2.0,100.0,5.0,sbro,,,,
2011-12,2012-03-24,Phoenix,SanJose,1.0,1.0,False,2,2,0.0,0.0,3.0,4.0,-138.0,5.0,sbro,,,,
2011-12,2012-03-25,Edmonton,Columbus,5.0,1.0,False,0,1,1.0,1.0,6.0,3.0,-105.0,5.5,sbro,,,,
2011-12,2012-03-25,Minnesota,Washington,0.0,2.0,False,0,0,0.0,1.0,0.0,3.0,-190.0,5.0,sbro,,,,
2011-12,2012-03-25,NYIslanders,Florida,1.0,0.0,False,0,1,1.0,1.0,3.0,2.0,-163.0,5.0,sbro,,,,
2011-12,2012-03-25,NewJersey,Pittsburgh,0.0,1.0,False,1,2,1.0,2.0,2.0,5.0,-190.0,5.5,sbro,,,,
2011-12,2012-03-25,Nashville,Chicago,1.0,0.0,False,2,0,3.0,1.0,6.0,1.0,-137.0,5.5,sbro,,,,
2011-12,2012-03-25,Boston,Anaheim,2.0,1.0,False,0,0,1.0,1.0,3.0,2.0,105.0,5.0,sbro,,,,
2011-12,2012-03-25,St.Louis,Phoenix,1.0,0.0,False,0,0,3.0,0.0,4.0,0.0,-102.0,5.0,sbro,,,,
2011-12,2012-03-26,TampaBay,Philadelphia,0.0,2.0,False,2,0,3.0,1.0,5.0,3.0,-220.0,5.5,sbro,,,,
2011-12,2012-03-26,Columbus,Detroit,0.0,2.0,False,0,4,2.0,1.0,2.0,7.0,-250.0,5.5,sbro,,,,
2011-12,2012-03-26,Ottawa,Winnipeg,2.0,3.0,False,1,0,3.0,1.0,6.0,4.0,-125.0,5.5,sbro,,,,
2011-12,2012-03-26,Dallas,Calgary,2.0,4.0,False,1,1,1.0,0.0,4.0,5.0,-115.0,5.0,sbro,,,,
2011-12,2012-03-26,LosAngeles,Vancouver,0.0,0.0,False,0,1,0.0,0.0,0.0,1.0,-145.0,5.0,sbro,,,,
2011-12,2012-03-26,Colorado,SanJose,1.0,3.0,False,0,0,0.0,2.0,1.0,5.0,-160.0,5.0,sbro,,,,
2011-12,2012-03-27,Chicago,NewJersey,0.0,0.0,False,0,1,1.0,0.0,1.0,2.0,-125.0,5.5,sbro,,,,
2011-12,2012-03-27,NYIslanders,Pittsburgh,3.0,2.0,False,2,0,0.0,1.0,5.0,3.0,-270.0,5.5,sbro,,,,
2011-12,2012-03-27,Carolina,Toronto,1.0,0.0,False,2,0,0.0,0.0,3.0,0.0,-116.0,5.5,sbro,,,,
2011-12,2012-03-27,Buffalo,Washington,2.0,1.0,False,2,0,1.0,0.0,5.0,1.0,-116.0,5.0,sbro,,,,
2011-12,2012-03-27,TampaBay,Boston,0.0,1.0,False,1,1,1.0,3.0,2.0,5.0,-240.0,5.5,sbro,,,,
2011-12,2012-03-27,Florida,Montreal,0.0,1.0,False,1,1,1.0,0.0,3.0,2.0,-105.0,5.0,sbro,,,,
2011-12,2012-03-27,NYRangers,Minnesota,1.0,2.0,False,1,0,1.0,0.0,3.0,2.0,160.0,5.0,sbro,,,,
2011-12,2012-03-27,Nashville,St.Louis,0.0,1.0,False,0,0,0.0,2.0,0.0,3.0,-155.0,5.0,sbro,,,,
2011-12,2012-03-28,NYRangers,Winnipeg,2.0,2.0,False,0,0,2.0,0.0,4.0,2.0,105.0,5.5,sbro,,,,
2011-12,2012-03-28,Detroit,Columbus,0.0,2.0,False,1,2,1.0,0.0,2.0,4.0,175.0,5.5,sbro,,,,
2011-12,2012-03-28,LosAngeles,Calgary,1.0,0.0,False,1,0,1.0,0.0,3.0,0.0,-115.0,5.0,sbro,,,,
2011-12,2012-03-28,Dallas,Edmonton,1.0,0.0,False,1,0,1.0,1.0,3.0,1.0,105.0,5.5,sbro,,,,
2011-12,2012-03-28,Colorado,Vancouver,0.0,0.0,False,0,1,0.0,0.0,0.0,1.0,-170.0,5.0,sbro,,,,
2011-12,2012-03-28,SanJose,Anaheim,1.0,1.0,False,0,0,0.0,2.0,1.0,3.0,100.0,5.0,sbro,,,,
2011-12,2012-03-29,Pittsburgh,NYIslanders,1.0,2.0,False,0,1,2.0,2.0,3.0,5.0,170.0,5.5,sbro,,,,
2011-12,2012-03-29,Philadelphia,Toronto,2.0,0.0,False,2,1,3.0,0.0,7.0,1.0,125.0,5.5,sbro,,,,
2011-12,2012-03-29,TampaBay,NewJersey,2.0,4.0,False,1,0,1.0,2.0,4.0,6.0,-205.0,5.5,sbro,,,,
2011-12,2012-03-29,Washington,Boston,0.0,0.0,False,0,0,2.0,2.0,3.0,2.0,-190.0,5.5,sbro,,,,
2011-12,2012-03-29,Florida,Minnesota,1.0,0.0,False,0,0,1.0,2.0,2.0,3.0,125.0,5.0,sbro,,,,
2011-12,2012-03-29,St.Louis,Chicago,0.0,0.0,False,1,1,2.0,2.0,3.0,4.0,-111.0,5.0,sbro,,,,
2011-12,2012-03-29,SanJose,Phoenix,0.0,1.0,False,0,0,0.0,1.0,0.0,2.0,-114.0,5.0,sbro,,,,
2011-12,2012-03-30,Winnipeg,Carolina,1.0,1.0,False,1,2,1.0,0.0,4.0,3.0,-129.0,5.5,sbro,,,,
2011-12,2012-03-30,Florida,Columbus,0.0,1.0,False,0,1,1.0,2.0,1.0,4.0,119.0,5.5,sbro,,,,
2011-12,2012-03-30,Montreal,NYRangers,0.0,1.0,False,0,1,1.0,2.0,1.0,4.0,-230.0,5.0,sbro,,,,
2011-12,2012-03-30,Pittsburgh,Buffalo,2.0,1.0,False,2,2,1.0,0.0,5.0,3.0,105.0,5.5,sbro,,,,
2011-12,2012-03-30,Nashville,Detroit,2.0,0.0,False,0,0,2.0,1.0,4.0,1.0,-128.0,5.5,sbro,,,,
2011-12,2012-03-30,Colorado,Calgary,1.0,0.0,False,2,0,1.0,1.0,4.0,1.0,-123.0,5.0,sbro,,,,
2011-12,2012-03-30,LosAngeles,Edmonton,1.0,0.0,False,2,1,1.0,0.0,4.0,1.0,115.0,5.0,sbro,,,,
2011-12,2012-03-30,Dallas,Vancouver,1.0,2.0,False,0,1,1.0,2.0,2.0,5.0,-154.0,5.0,sbro,,,,
2011-12,2012-03-31,Ottawa,Philadelphia,0.0,3.0,False,3,0,0.0,0.0,4.0,3.0,-149.0,5.5,sbro,,,,
2011-12,2012-03-31,Boston,NYIslanders,1.0,1.0,False,1,1,4.0,1.0,6.0,3.0,124.0,5.5,sbro,,,,
2011-12,2012-03-31,NewJersey,Carolina,3.0,0.0,False,1,0,1.0,0.0,5.0,0.0,-105.0,5.0,sbro,,,,
2011-12,2012-03-31,Montreal,Washington,1.0,0.0,False,1,2,0.0,0.0,2.0,3.0,-195.0,5.0,sbro,,,,
2011-12,2012-03-31,Buffalo,Toronto,1.0,2.0,False,0,1,2.0,1.0,3.0,4.0,135.0,5.5,sbro,,,,
2011-12,2012-03-31,Winnipeg,TampaBay,2.0,0.0,False,0,1,0.0,1.0,2.0,3.0,-118.0,6.0,sbro,,,,
2011-12,2012-03-31,LosAngeles,Minnesota,1.0,0.0,False,2,2,0.0,1.0,3.0,4.0,129.0,5.0,sbro,,,,
2011-12,2012-03-31,Columbus,St.Louis,1.0,1.0,False,2,1,2.0,0.0,5.0,2.0,-335.0,5.0,sbro,,,,
2011-12,2012-03-31,Chicago,Nashville,3.0,2.0,False,1,0,1.0,2.0,5.0,4.0,-134.0,5.5,sbro,,,,
2011-12,2012-03-31,Anaheim,Phoenix,0.0,3.0,False,0,1,0.0,0.0,0.0,4.0,-150.0,5.0,sbro,,,,
2011-12,2012-03-31,Calgary,Vancouver,1.0,0.0,False,0,1,1.0,1.0,2.0,3.0,-200.0,5.0,sbro,,,,
2011-12,2012-03-31,Dallas,SanJose,0.0,1.0,False,0,2,0.0,0.0,0.0,3.0,-158.0,5.0,sbro,,,,
2011-12,2012-04-01,Boston,NYRangers,2.0,0.0,False,0,1,0.0,0.0,2.0,1.0,-139.0,5.0,sbro,,,,
2011-12,2012-04-01,Ottawa,NYIslanders,3.0,0.0,False,1,1,1.0,0.0,5.0,1.0,108.0,5.5,sbro,,,,
2011-12,2012-04-01,Florida,Detroit,0.0,0.0,False,1,0,0.0,1.0,1.0,2.0,-173.0,5.5,sbro,,,,
2011-12,2012-04-01,Minnesota,Chicago,2.0,2.0,False,2,1,0.0,1.0,5.0,4.0,-225.0,5.0,sbro,,,,
2011-12,2012-04-01,Philadelphia,Pittsburgh,1.0,0.0,False,1,2,4.0,2.0,6.0,4.0,-173.0,6.0,sbro,,,,
2011-12,2012-04-01,Edmonton,Anaheim,0.0,0.0,False,2,1,0.0,0.0,2.0,1.0,-144.0,5.5,sbro,,,,
2011-12,2012-04-02,Washington,TampaBay,1.0,2.0,False,0,0,1.0,2.0,2.0,4.0,105.0,5.5,sbro,,,,
2011-12,2012-04-02,Edmonton,LosAngeles,0.0,0.0,False,0,0,0.0,2.0,0.0,2.0,-230.0,5.0,sbro,,,,
2011-12,2012-04-03,NYRangers,Philadelphia,1.0,2.0,False,4,0,0.0,1.0,5.0,3.0,-125.0,5.0,sbro,,,,
2011-12,2012-04-03,NYIslanders,NewJersey,0.0,1.0,False,1,1,0.0,1.0,1.0,3.0,-195.0,5.5,sbro,,,,
2011-12,2012-04-03,Toronto,Buffalo,0.0,2.0,False,3,0,2.0,3.0,5.0,6.0,-230.0,5.5,sbro,,,,
2011-12,2012-04-03,Pittsburgh,Boston,2.0,1.0,False,2,1,1.0,1.0,5.0,3.0,129.0,6.0,sbro,,,,
2011-12,2012-04-03,Winnipeg,Florida,2.0,1.0,False,0,2,2.0,1.0,5.0,4.0,-150.0,5.0,sbro,,,,
2011-12,2012-04-03,Carolina,Ottawa,2.0,0.0,False,0,0,0.0,1.0,2.0,1.0,-155.0,5.5,sbro,,,,
2011-12,2012-04-03,Minnesota,Nashville,1.0,1.0,False,0,0,0.0,0.0,1.0,2.0,-230.0,5.0,sbro,,,,
2011-12,2012-04-03,SanJose,Dallas,2.0,1.0,False,1,1,2.0,0.0,5.0,2.0,-110.0,5.0,sbro,,,,
2011-12,2012-04-03,Anaheim,Vancouver,2.0,2.0,False,2,2,0.0,0.0,4.0,5.0,-205.0,5.0,sbro,,,,
2011-12,2012-04-03,Columbus,Phoenix,0.0,2.0,False,0,0,0.0,0.0,0.0,2.0,-230.0,5.5,sbro,,,,
2011-12,2012-04-04,TampaBay,Montreal,0.0,2.0,False,1,1,1.0,2.0,2.0,5.0,-108.0,5.5,sbro,,,,
2011-12,2012-04-04,Detroit,St.Louis,0.0,0.0,False,0,0,2.0,2.0,3.0,2.0,-143.0,5.0,sbro,,,,
2011-12,2012-04-05,Winnipeg,NYIslanders,0.0,1.0,False,2,2,2.0,2.0,4.0,5.0,-119.0,5.5,sbro,,,,
2011-12,2012-04-05,TampaBay,Toronto,0.0,0.0,False,1,1,1.0,1.0,2.0,3.0,-118.0,6.0,sbro,,,,
2011-12,2012-04-05,Florida,Washington,1.0,2.0,False,0,1,1.0,1.0,2.0,4.0,-139.0,5.0,sbro,,,,
2011-12,2012-04-05,Buffalo,Philadelphia,1.0,0.0,False,0,0,0.0,2.0,1.0,2.0,-137.0,5.5,sbro,,,,
2011-12,2012-04-05,Montreal,Carolina,1.0,1.0,False,0,0,0.0,0.0,1.0,2.0,-163.0,5.5,sbro,,,,
2011-12,2012-04-05,NYRangers,Pittsburgh,0.0,1.0,False,1,2,1.0,2.0,2.0,5.0,-168.0,5.5,sbro,,,,
2011-12,2012-04-05,NewJersey,Detroit,0.0,1.0,False,1,0,1.0,0.0,2.0,1.0,-154.0,5.0,sbro,,,,
2011-12,2012-04-05,Boston,Ottawa,1.0,1.0,False,1,0,1.0,0.0,3.0,1.0,-125.0,5.5,sbro,,,,
2011-12,2012-04-05,Dallas,Nashville,0.0,0.0,False,0,0,0.0,2.0,0.0,2.0,-164.0,5.0,sbro,,,,
2011-12,2012-04-05,Chicago,Minnesota,0.0,0.0,False,1,0,0.0,1.0,1.0,2.0,140.0,5.0,sbro,,,,
2011-12,2012-04-05,Columbus,Colorado,2.0,1.0,False,2,1,1.0,0.0,5.0,2.0,-180.0,5.5,sbro,,,,
2011-12,2012-04-05,Vancouver,Calgary,0.0,0.0,False,1,0,1.0,3.0,2.0,3.0,125.0,5.0,sbro,,,,
2011-12,2012-04-05,Anaheim,Edmonton,2.0,1.0,False,0,0,0.0,1.0,3.0,2.0,-107.0,5.5,sbro,,,,
2011-12,2012-04-05,SanJose,LosAngeles,1.0,2.0,False,1,1,3.0,2.0,6.0,5.0,-128.0,5.0,sbro,,,,
2011-12,2012-04-06,Phoenix,St.Louis,2.0,0.0,False,1,1,1.0,0.0,4.0,1.0,-164.0,5.0,sbro,,,,
2011-12,2012-04-07,Buffalo,Boston,1.0,1.0,False,0,0,2.0,2.0,3.0,4.0,-144.0,5.5,sbro,,,,
2011-12,2012-04-07,Ottawa,NewJersey,1.0,1.0,False,1,1,0.0,2.0,2.0,4.0,-128.0,5.5,sbro,,,,
2011-12,2012-04-07,Washington,NYRangers,1.0,1.0,False,3,0,0.0,0.0,4.0,1.0,-174.0,5.0,sbro,,,,
2011-12,2012-04-07,Philadelphia,Pittsburgh,1.0,3.0,False,1,1,0.0,0.0,2.0,4.0,-144.0,6.0,sbro,,,,
2011-12,2012-04-07,Anaheim,Calgary,1.0,2.0,False,0,1,1.0,2.0,2.0,5.0,-134.0,5.5,sbro,,,,
2011-12,2012-04-07,Chicago,Detroit,1.0,0.0,False,1,0,0.0,2.0,3.0,2.0,-163.0,5.5,sbro,,,,
2011-12,2012-04-07,NYIslanders,Columbus,2.0,4.0,False,0,1,1.0,2.0,3.0,7.0,-118.0,5.5,sbro,,,,
2011-12,2012-04-07,Toronto,Montreal,0.0,1.0,False,0,1,1.0,2.0,1.0,4.0,-119.0,5.5,sbro,,,,
2011-12,2012-04-07,TampaBay,Winnipeg,1.0,1.0,False,1,0,1.0,2.0,4.0,3.0,-139.0,6.0,sbro,,,,
2011-12,2012-04-07,Carolina,Florida,0.0,1.0,False,0,2,1.0,1.0,1.0,4.0,-174.0,5.0,sbro,,,,
2011-12,2012-04-07,St.Louis,Dallas,1.0,0.0,False,0,0,2.0,2.0,3.0,2.0,110.0,5.0,sbro,,,,
2011-12,2012-04-07,Phoenix,Minnesota,1.0,1.0,False,2,0,1.0,0.0,4.0,1.0,130.0,5.0,sbro,,,,
2011-12,2012-04-07,Nashville,Colorado,1.0,0.0,False,3,1,2.0,0.0,6.0,1.0,105.0,5.0,sbro,,,,
2011-12,2012-04-07,Edmonton,Vancouver,0.0,1.0,False,0,0,0.0,2.0,0.0,3.0,-235.0,5.5,sbro,,,,
2011-12,2012-04-07,LosAngeles,SanJose,1.0,0.0,False,1,0,0.0,2.0,2.0,3.0,-138.0,5.0,sbro,,,,
2011-12,2012-04-11,Philadelphia,Pittsburgh,1.0,0.0,False,0,3,2.0,0.0,4.0,3.0,-150.0,5.5,sbro,,,,
2011-12,2012-04-11,Detroit,Nashville,1.0,1.0,False,0,1,1.0,1.0,2.0,3.0,-118.0,5.0,sbro,,,,
2011-12,2012-04-11,LosAngeles,Vancouver,1.0,1.0,False,1,1,2.0,0.0,4.0,2.0,-150.0,5.0,sbro,,,,
2011-12,2012-04-12,Ottawa,NYRangers,0.0,2.0,False,0,1,2.0,1.0,2.0,4.0,-170.0,5.0,sbro,,,,
2011-12,2012-04-12,Washington,Boston,0.0,0.0,False,0,0,0.0,0.0,0.0,1.0,-175.0,5.0,sbro,,,,
2011-12,2012-04-12,SanJose,St.Louis,1.0,0.0,False,0,0,1.0,2.0,3.0,2.0,-135.0,5.0,sbro,,,,
2011-12,2012-04-12,Chicago,Phoenix,0.0,2.0,False,1,0,1.0,0.0,2.0,3.0,-108.0,5.0,sbro,,,,
2011-12,2012-04-13,NewJersey,Florida,0.0,2.0,False,3,0,0.0,0.0,3.0,2.0,-113.0,5.0,sbro,,,,
2011-12,2012-04-13,Philadelphia,Pittsburgh,3.0,1.0,False,1,3,4.0,1.0,8.0,5.0,-200.0,6.0,sbro,,,,
2011-12,2012-04-13,Detroit,Nashville,1.0,1.0,False,2,0,0.0,1.0,3.0,2.0,-120.0,5.0,sbro,,,,
2011-12,2012-04-13,LosAngeles,Vancouver,1.0,1.0,False,1,0,2.0,1.0,4.0,2.0,-160.0,5.0,sbro,,,,
2011-12,2012-04-14,Washington,Boston,1.0,0.0,False,0,0,0.0,1.0,2.0,1.0,-180.0,5.0,sbro,,,,
2011-12,2012-04-14,Ottawa,NYRangers,1.0,0.0,False,0,1,1.0,1.0,3.0,2.0,-164.0,5.0,sbro,,,,
2011-12,2012-04-14,SanJose,St.Louis,0.0,1.0,False,0,1,0.0,1.0,0.0,3.0,-160.0,5.0,sbro,,,,
2011-12,2012-04-14,Chicago,Phoenix,1.0,1.0,False,1,2,1.0,0.0,4.0,3.0,-110.0,5.0,sbro,,,,
2011-12,2012-04-15,Nashville,Detroit,1.0,1.0,False,1,0,1.0,1.0,3.0,2.0,-149.0,5.0,sbro,,,,
2011-12,2012-04-15,Pittsburgh,Philadelphia,2.0,2.0,False,2,4,0.0,2.0,4.0,8.0,-105.0,6.0,sbro,,,,
2011-12,2012-04-15,NewJersey,Florida,0.0,2.0,False,0,1,2.0,1.0,2.0,4.0,-110.0,5.0,sbro,,,,
2011-12,2012-04-15,Vancouver,LosAngeles,0.0,0.0,False,0,0,0.0,1.0,0.0,1.0,-115.0,5.0,sbro,,,,
2011-12,2012-04-16,NYRangers,Ottawa,0.0,0.0,False,0,0,1.0,0.0,1.0,0.0,-105.0,5.0,sbro,,,,
2011-12,2012-04-16,Boston,Washington,2.0,1.0,False,0,1,2.0,1.0,4.0,3.0,105.0,5.0,sbro,,,,
2011-12,2012-04-16,St.Louis,SanJose,2.0,0.0,False,1,1,1.0,2.0,4.0,3.0,-116.0,5.0,sbro,,,,
2011-12,2012-04-17,Florida,NewJersey,2.0,0.0,False,2,3,0.0,0.0,4.0,3.0,-165.0,5.0,sbro,,,,
2011-12,2012-04-17,Nashville,Detroit,0.0,0.0,False,0,0,3.0,1.0,3.0,1.0,-165.0,5.0,sbro,,,,
2011-12,2012-04-17,Phoenix,Chicago,0.0,0.0,False,0,1,2.0,1.0,3.0,2.0,-150.0,5.5,sbro,,,,
2011-12,2012-04-18,NYRangers,Ottawa,0.0,2.0,False,2,0,0.0,0.0,2.0,3.0,-105.0,5.0,sbro,,,,
2011-12,2012-04-18,Pittsburgh,Philadelphia,5.0,0.0,False,4,3,1.0,0.0,10.0,3.0,-125.0,6.5,sbro,,,,
2011-12,2012-04-18,Vancouver,LosAngeles,2.0,0.0,False,0,1,1.0,0.0,3.0,1.0,-125.0,5.0,sbro,,,,
2011-12,2012-04-19,Florida,NewJersey,0.0,1.0,False,0,0,0.0,3.0,0.0,4.0,-168.0,5.0,sbro,,,,
2011-12,2012-04-19,Boston,Washington,0.0,1.0,False,1,1,0.0,0.0,1.0,2.0,109.0,5.0,sbro,,,,
2011-12,2012-04-19,Phoenix,Chicago,0.0,0.0,False,0,0,2.0,2.0,3.0,2.0,-160.0,5.5,sbro,,,,
2011-12,2012-04-19,St.Louis,SanJose,0.0,0.0,False,1,0,1.0,1.0,2.0,1.0,-108.0,5.0,sbro,,,,
2011-12,2012-04-20,Philadelphia,Pittsburgh,0.0,2.0,False,2,1,0.0,0.0,2.0,3.0,-180.0,7.0,sbro,,,,
2011-12,2012-04-20,Detroit,Nashville,1.0,0.0,False,0,1,0.0,1.0,1.0,2.0,-129.0,5.0,sbro,,,,
2011-12,2012-04-21,Washington,Boston,2.0,2.0,False,0,0,2.0,1.0,4.0,3.0,-180.0,5.0,sbro,,,,
2011-12,2012-04-21,NewJersey,Florida,0.0,1.0,False,0,0,0.0,2.0,0.0,3.0,-105.0,5.0,sbro,,,,
2011-12,2012-04-21,Ottawa,NYRangers,0.0,0.0,False,1,0,1.0,0.0,2.0,0.0,-175.0,5.0,sbro,,,,
2011-12,2012-04-21,SanJose,St.Louis,1.0,0.0,False,0,0,0.0,3.0,1.0,3.0,-190.0,5.0,sbro,,,,
2011-12,2012-04-21,Chicago,Phoenix,0.0,1.0,False,0,0,1.0,0.0,2.0,1.0,-135.0,5.0,sbro,,,,
2011-12,2012-04-22,Boston,Washington,0.0,1.0,False,2,1,1.0,1.0,4.0,3.0,100.0,5.0,sbro,,,,
2011-12,2012-04-22,Pittsburgh,Philadelphia,1.0,2.0,False,0,2,0.0,1.0,1.0,5.0,105.0,7.0,sbro,,,,
2011-12,2012-04-22,LosAngeles,Vancouver,0.0,0.0,False,0,1,1.0,0.0,2.0,1.0,-175.0,5.0,sbro,,,,
2011-12,2012-04-23,NYRangers,Ottawa,3.0,0.0,False,0,1,0.0,1.0,3.0,2.0,-111.0,5.0,sbro,,,,
2011-12,2012-04-23,Phoenix,Chicago,1.0,0.0,False,0,0,3.0,0.0,4.0,0.0,-144.0,5.0,sbro,,,,
2011-12,2012-04-24,Florida,NewJersey,2.0,1.0,False,0,1,0.0,0.0,2.0,3.0,-157.0,5.0,sbro,,,,
2011-12,2012-04-25,Washington,Boston,0.0,1.0,False,1,0,0.0,0.0,2.0,1.0,-190.0,5.0,sbro,,,,
2011-12,2012-04-26,NewJersey,Florida,1.0,0.0,False,1,0,0.0,2.0,3.0,2.0,100.0,5.0,sbro,,,,
2011-12,2012-04-26,Ottawa,NYRangers,1.0,2.0,False,0,0,0.0,0.0,1.0,2.0,-170.0,5.0,sbro,,,,
2011-12,2012-04-27,Nashville,Phoenix,1.0,2.0,False,1,1,1.0,0.0,3.0,4.0,-106.0,5.0,sbro,,,,
2011-12,2012-04-28,LosAngeles,St.Louis,1.0,0.0,False,1,1,1.0,0.0,3.0,1.0,-155.0,4.5,sbro,,,,
2011-12,2012-04-28,Washington,NYRangers,1.0,1.0,False,0,0,0.0,2.0,1.0,3.0,-165.0,5.0,sbro,,,,
2011-12,2012-04-29,NewJersey,Philadelphia,1.0,2.0,False,1,0,1.0,1.0,3.0,4.0,-159.0,5.5,sbro,,,,
2011-12,2012-04-29,Nashville,Phoenix,1.0,3.0,False,1,1,1.0,1.0,3.0,5.0,-107.0,5.0,sbro,,,,
2011-12,2012-04-30,Washington,NYRangers,0.0,0.0,False,2,1,1.0,1.0,3.0,2.0,-150.0,5.0,sbro,,,,
2011-12,2012-04-30,LosAngeles,St.Louis,1.0,1.0,False,4,0,0.0,1.0,5.0,2.0,-160.0,4.5,sbro,,,,
2011-12,2012-05-01,NewJersey,Philadelphia,0.0,0.0,False,0,1,4.0,0.0,4.0,1.0,-155.0,5.5,sbro,,,,
2011-12,2012-05-02,NYRangers,Washington,1.0,1.0,False,0,0,0.0,0.0,2.0,1.0,-115.0,5.0,sbro,,,,
2011-12,2012-05-02,Phoenix,Nashville,0.0,0.0,False,0,2,0.0,0.0,0.0,2.0,-180.0,5.0,sbro,,,,
2011-12,2012-05-03,Philadelphia,NewJersey,1.0,0.0,False,1,2,1.0,1.0,3.0,4.0,-115.0,5.5,sbro,,,,
2011-12,2012-05-03,St.Louis,LosAngeles,1.0,2.0,False,0,1,1.0,1.0,2.0,4.0,-120.0,4.5,sbro,,,,
2011-12,2012-05-04,Phoenix,Nashville,0.0,0.0,False,1,0,0.0,0.0,1.0,0.0,-160.0,5.0,sbro,,,,
2011-12,2012-05-05,NYRangers,Washington,2.0,1.0,False,0,1,0.0,1.0,2.0,3.0,-115.0,5.0,sbro,,,,
2011-12,2012-05-06,St.Louis,LosAngeles,0.0,0.0,False,1,2,0.0,1.0,1.0,3.0,-130.0,4.5,sbro,,,,
2011-12,2012-05-06,Philadelphia,NewJersey,0.0,1.0,False,2,2,0.0,1.0,2.0,4.0,-113.0,5.5,sbro,,,,
2011-12,2012-05-07,Washington,NYRangers,1.0,0.0,False,0,1,1.0,1.0,2.0,3.0,-150.0,5.0,sbro,,,,
2011-12,2012-05-07,Nashville,Phoenix,0.0,2.0,False,0,0,1.0,0.0,1.0,2.0,-109.0,5.0,sbro,,,,
2011-12,2012-05-08,NewJersey,Philadelphia,0.0,0.0,False,2,1,1.0,0.0,3.0,1.0,-145.0,5.5,sbro,,,,
2011-12,2012-05-09,NYRangers,Washington,0.0,1.0,False,0,1,1.0,0.0,1.0,2.0,-116.0,5.0,sbro,,,,
2011-12,2012-05-12,Washington,NYRangers,0.0,0.0,False,0,1,1.0,1.0,1.0,2.0,-142.0,4.5,sbro,,,,
2011-12,2012-05-13,LosAngeles,Phoenix,1.0,1.0,False,1,1,2.0,0.0,4.0,2.0,100.0,4.5,sbro,,,,
2011-12,2012-05-14,NewJersey,NYRangers,0.0,0.0,False,0,0,0.0,3.0,0.0,3.0,-140.0,4.5,sbro,,,,
2011-12,2012-05-15,LosAngeles,Phoenix,2.0,0.0,False,1,0,1.0,0.0,4.0,0.0,110.0,4.5,sbro,,,,
2011-12,2012-05-16,NewJersey,NYRangers,1.0,2.0,False,1,0,1.0,0.0,3.0,2.0,-122.0,4.5,sbro,,,,
2011-12,2012-05-17,Phoenix,LosAngeles,1.0,1.0,False,0,0,0.0,1.0,1.0,2.0,-200.0,4.5,sbro,,,,
2011-12,2012-05-19,NYRangers,NewJersey,0.0,0.0,False,0,0,3.0,0.0,3.0,0.0,-130.0,4.5,sbro,,,,
2011-12,2012-05-20,Phoenix,LosAngeles,1.0,0.0,False,1,0,0.0,0.0,2.0,0.0,-215.0,4.5,sbro,,,,
2011-12,2012-05-21,NYRangers,NewJersey,0.0,0.0,False,0,2,1.0,2.0,1.0,4.0,-120.0,4.5,sbro,,,,
2011-12,2012-05-22,LosAngeles,Phoenix,2.0,2.0,False,1,1,0.0,0.0,4.0,3.0,120.0,4.5,sbro,,,,
2011-12,2012-05-23,NewJersey,NYRangers,0.0,1.0,False,3,1,2.0,1.0,5.0,3.0,-123.0,4.5,sbro,,,,
2011-12,2012-05-30,LosAngeles,NewJersey,0.0,1.0,False,1,0,0.0,0.0,2.0,1.0,100.0,4.5,sbro,,,,
2011-12,2012-06-02,LosAngeles,NewJersey,0.0,0.0,False,1,0,0.0,1.0,2.0,1.0,-111.0,4.5,sbro,,,,
2011-12,2012-06-04,NewJersey,LosAngeles,0.0,2.0,False,0,0,0.0,2.0,0.0,4.0,-160.0,4.5,sbro,,,,
2011-12,2012-06-06,NewJersey,LosAngeles,0.0,0.0,False,0,0,3.0,1.0,3.0,1.0,-175.0,4.5,sbro,,,,
2011-12,2012-06-09,LosAngeles,NewJersey,1.0,1.0,False,0,1,0.0,0.0,1.0,2.0,-115.0,4.5,sbro,,,,
2011-12,2012-06-11,NewJersey,LosAngeles,1.0,1.0,False,0,3,0.0,2.0,1.0,6.0,-170.0,4.5,sbro,,,,
