timestamp_utc,sport,league,pin_id,units,game_time_utc,hours_until_game,home_team,away_team,period,market,team,side,line,odds,limit
2026-09-30T03:05:35.472010+00:00,nhl,nhl,1637265076,Regular,2026-09-30T23:37:00+00:00,20.52,Philadelphia Flyers,Pittsburgh Penguins,1,moneyline,,home,,1.8,500
2026-09-30T03:05:35.472010+00:00,nhl,nhl,1637265076,Regular,2026-09-30T23:37:00+00:00,20.52,Philadelphia Flyers,Pittsburgh Penguins,1,moneyline,,away,,2.05,500
2026-09-30T03:05:35.472010+00:00,nhl,nhl,1637265076,Regular,2026-09-30T23:37:00+00:00,20.52,Philadelphia Flyers,Pittsburgh Penguins,1,team_total,home,over,0.5,1.5714,250
2026-09-30T03:05:35.472010+00:00,nhl,nhl,1637265076,Regular,2026-09-30T23:37:00+00:00,20.52,Philadelphia Flyers,Pittsburgh Penguins,1,team_total,home,under,0.5,2.41,250
2026-09-30T03:05:35.472010+00:00,nhl,nhl,1637265076,Regular,2026-09-30T23:37:00+00:00,20.52,Philadelphia Flyers,Pittsburgh Penguins,1,team_total,away,over,0.5,1.6579,250
2026-09-30T03:05:35.472010+00:00,nhl,nhl,1637265076,Regular,2026-09-30T23:37:00+00:00,20.52,Philadelphia Flyers,Pittsburgh Penguins,1,team_total,away,under,0.5,2.23,250
2026-09-30T03:05:35.472010+00:00,nhl,nhl,1637265076,Regular,2026-09-30T23:37:00+00:00,20.52,Philadelphia Flyers,Pittsburgh Penguins,1,spread,,home,-0.5,2.63,500
2026-09-30T03:05:35.472010+00:00,nhl,nhl,1637265076,Regular,2026-09-30T23:37:00+00:00,20.52,Philadelphia Flyers,Pittsburgh Penguins,1,spread,,away,0.5,1.5102,500
2026-09-30T03:05:35.472010+00:00,nhl,nhl,1637265076,Regular,2026-09-30T23:37:00+00:00,20.52,Philadelphia Flyers,Pittsburgh Penguins,1,total,,over,1.5,1.8065,250
2026-09-30T03:05:35.472010+00:00,nhl,nhl,1637265076,Regular,2026-09-30T23:37:00+00:00,20.52,Philadelphia Flyers,Pittsburgh Penguins,1,total,,under,1.5,2.04,250
2026-09-30T03:05:35.472010+00:00,nhl,nhl,1637265076,Regular,2026-09-30T23:37:00+00:00,20.52,Philadelphia Flyers,Pittsburgh Penguins,2,moneyline,,home,,1.7874,500
2026-09-30T03:05:35.472010+00:00,nhl,nhl,1637265076,Regular,2026-09-30T23:37:00+00:00,20.52,Philadelphia Flyers,Pittsburgh Penguins,2,moneyline,,away,,2.07,500
2026-09-30T03:05:35.472010+00:00,nhl,nhl,1637265076,Regular,2026-09-30T23:37:00+00:00,20.52,Philadelphia Flyers,Pittsburgh Penguins,2,team_total,home,over,0.5,1.4739,250
2026-09-30T03:05:35.472010+00:00,nhl,nhl,1637265076,Regular,2026-09-30T23:37:00+00:00,20.52,Philadelphia Flyers,Pittsburgh Penguins,2,team_total,home,under,0.5,2.67,250
2026-09-30T03:05:35.472010+00:00,nhl,nhl,1637265076,Regular,2026-09-30T23:37:00+00:00,20.52,Philadelphia Flyers,Pittsburgh Penguins,2,team_total,away,over,0.5,1.5618,250
2026-09-30T03:05:35.472010+00:00,nhl,nhl,1637265076,Regular,2026-09-30T23:37:00+00:00,20.52,Philadelphia Flyers,Pittsburgh Penguins,2,team_total,away,under,0.5,2.43,250
2026-09-30T03:05:35.472010+00:00,nhl,nhl,1637265076,Regular,2026-09-30T23:37:00+00:00,20.52,Philadelphia Flyers,Pittsburgh Penguins,2,spread,,home,-0.5,2.55,500
2026-09-30T03:05:35.472010+00:00,nhl,nhl,1637265076,Regular,2026-09-30T23:37:00+00:00,20.52,Philadelphia Flyers,Pittsburgh Penguins,2,spread,,away,0.5,1.5376,500
2026-09-30T03:05:35.472010+00:00,nhl,nhl,1637265076,Regular,2026-09-30T23:37:00+00:00,20.52,Philadelphia Flyers,Pittsburgh Penguins,2,total,,over,2.0,2.17,250
2026-09-30T03:05:35.472010+00:00,nhl,nhl,1637265076,Regular,2026-09-30T23:37:00+00:00,20.52,Philadelphia Flyers,Pittsburgh Penguins,2,total,,under,2.0,1.7143,250
2026-09-30T03:05:35.472010+00:00,nhl,nhl,1637265076,Regular,2026-09-30T23:37:00+00:00,20.52,Philadelphia Flyers,Pittsburgh Penguins,3,moneyline,,home,,1.7692,500
2026-09-30T03:05:35.472010+00:00,nhl,nhl,1637265076,Regular,2026-09-30T23:37:00+00:00,20.52,Philadelphia Flyers,Pittsburgh Penguins,3,moneyline,,away,,2.09,500
2026-09-30T03:05:35.472010+00:00,nhl,nhl,1637265076,Regular,2026-09-30T23:37:00+00:00,20.52,Philadelphia Flyers,Pittsburgh Penguins,3,team_total,home,over,1.5,2.81,250
2026-09-30T03:05:35.472010+00:00,nhl,nhl,1637265076,Regular,2026-09-30T23:37:00+00:00,20.52,Philadelphia Flyers,Pittsburgh Penguins,3,team_total,home,under,1.5,1.4367,250
2026-09-30T03:05:35.472010+00:00,nhl,nhl,1637265076,Regular,2026-09-30T23:37:00+00:00,20.52,Philadelphia Flyers,Pittsburgh Penguins,3,team_total,away,over,0.5,1.5076,250
2026-09-30T03:05:35.472010+00:00,nhl,nhl,1637265076,Regular,2026-09-30T23:37:00+00:00,20.52,Philadelphia Flyers,Pittsburgh Penguins,3,team_total,away,under,0.5,2.57,250
2026-09-30T03:05:35.472010+00:00,nhl,nhl,1637265076,Regular,2026-09-30T23:37:00+00:00,20.52,Philadelphia Flyers,Pittsburgh Penguins,3,spread,,home,-0.5,2.36,500
2026-09-30T03:05:35.472010+00:00,nhl,nhl,1637265076,Regular,2026-09-30T23:37:00+00:00,20.52,Philadelphia Flyers,Pittsburgh Penguins,3,spread,,away,0.5,1.6173,500
2026-09-30T03:05:35.472010+00:00,nhl,nhl,1637265076,Regular,2026-09-30T23:37:00+00:00,20.52,Philadelphia Flyers,Pittsburgh Penguins,3,total,,over,2.0,1.8197,250
2026-09-30T03:05:35.472010+00:00,nhl,nhl,1637265076,Regular,2026-09-30T23:37:00+00:00,20.52,Philadelphia Flyers,Pittsburgh Penguins,3,total,,under,2.0,2.02,250
2026-09-30T03:05:35.472010+00:00,nhl,nhl,1637265076,Regular,2026-09-30T23:37:00+00:00,20.52,Philadelphia Flyers,Pittsburgh Penguins,0,moneyline,,home,,1.7353,2500
2026-09-30T03:05:35.472010+00:00,nhl,nhl,1637265076,Regular,2026-09-30T23:37:00+00:00,20.52,Philadelphia Flyers,Pittsburgh Penguins,0,moneyline,,away,,2.21,2500
2026-09-30T03:05:35.472010+00:00,nhl,nhl,1637265076,Regular,2026-09-30T23:37:00+00:00,20.52,Philadelphia Flyers,Pittsburgh Penguins,0,team_total,home,over,3.5,2.2,250
2026-09-30T03:05:35.472010+00:00,nhl,nhl,1637265076,Regular,2026-09-30T23:37:00+00:00,20.52,Philadelphia Flyers,Pittsburgh Penguins,0,team_total,home,under,3.5,1.6897,250
2026-09-30T03:05:35.472010+00:00,nhl,nhl,1637265076,Regular,2026-09-30T23:37:00+00:00,20.52,Philadelphia Flyers,Pittsburgh Penguins,0,team_total,away,over,2.5,1.7042,250
2026-09-30T03:05:35.472010+00:00,nhl,nhl,1637265076,Regular,2026-09-30T23:37:00+00:00,20.52,Philadelphia Flyers,Pittsburgh Penguins,0,team_total,away,under,2.5,2.17,250
2026-09-30T03:05:35.472010+00:00,nhl,nhl,1637265076,Regular,2026-09-30T23:37:00+00:00,20.52,Philadelphia Flyers,Pittsburgh Penguins,0,spread,,home,-1.5,2.85,1875
2026-09-30T03:05:35.472010+00:00,nhl,nhl,1637265076,Regular,2026-09-30T23:37:00+00:00,20.52,Philadelphia Flyers,Pittsburgh Penguins,0,spread,,away,1.5,1.4587,1875
2026-09-30T03:05:35.472010+00:00,nhl,nhl,1637265076,Regular,2026-09-30T23:37:00+00:00,20.52,Philadelphia Flyers,Pittsburgh Penguins,0,total,,over,6.0,1.8929,1875
2026-09-30T03:05:35.472010+00:00,nhl,nhl,1637265076,Regular,2026-09-30T23:37:00+00:00,20.52,Philadelphia Flyers,Pittsburgh Penguins,0,total,,under,6.0,1.9804,1875
2026-09-30T03:05:35.472010+00:00,nhl,nhl,1637265076,Regular,2026-09-30T23:37:00+00:00,20.52,Philadelphia Flyers,Pittsburgh Penguins,6,moneyline,,home,,2.17,1250
2026-09-30T03:05:35.472010+00:00,nhl,nhl,1637265076,Regular,2026-09-30T23:37:00+00:00,20.52,Philadelphia Flyers,Pittsburgh Penguins,6,moneyline,,away,,2.81,1250
2026-09-30T03:05:35.472010+00:00,nhl,nhl,1637265076,Regular,2026-09-30T23:37:00+00:00,20.52,Philadelphia Flyers,Pittsburgh Penguins,6,moneyline,,draw,,4.16,1250
2026-09-30T03:05:35.472010+00:00,nhl,nhl,1637265076,Regular,2026-09-30T23:37:00+00:00,20.52,Philadelphia Flyers,Pittsburgh Penguins,6,team_total,home,over,3.5,2.38,250
2026-09-30T03:05:35.472010+00:00,nhl,nhl,1637265076,Regular,2026-09-30T23:37:00+00:00,20.52,Philadelphia Flyers,Pittsburgh Penguins,6,team_total,home,under,3.5,1.5848,250
2026-09-30T03:05:35.472010+00:00,nhl,nhl,1637265076,Regular,2026-09-30T23:37:00+00:00,20.52,Philadelphia Flyers,Pittsburgh Penguins,6,team_total,away,over,2.5,1.8,250
2026-09-30T03:05:35.472010+00:00,nhl,nhl,1637265076,Regular,2026-09-30T23:37:00+00:00,20.52,Philadelphia Flyers,Pittsburgh Penguins,6,team_total,away,under,2.5,2.02,250
2026-09-30T03:05:35.472010+00:00,nhl,nhl,1637265076,Regular,2026-09-30T23:37:00+00:00,20.52,Philadelphia Flyers,Pittsburgh Penguins,6,spread,,home,-0.5,2.17,1250
2026-09-30T03:05:35.472010+00:00,nhl,nhl,1637265076,Regular,2026-09-30T23:37:00+00:00,20.52,Philadelphia Flyers,Pittsburgh Penguins,6,spread,,away,0.5,1.7299,1250
2026-09-30T03:05:35.472010+00:00,nhl,nhl,1637265076,Regular,2026-09-30T23:37:00+00:00,20.52,Philadelphia Flyers,Pittsburgh Penguins,6,total,,over,6.0,2.04,1250
2026-09-30T03:05:35.472010+00:00,nhl,nhl,1637265076,Regular,2026-09-30T23:37:00+00:00,20.52,Philadelphia Flyers,Pittsburgh Penguins,6,total,,under,6.0,1.8264,1250
2026-09-30T03:05:35.472010+00:00,nhl,nhl,1637260771,Regular,2026-09-30T23:37:00+00:00,20.52,Toronto Maple Leafs,New York Islanders,1,moneyline,,home,,1.8547,500
2026-09-30T03:05:35.472010+00:00,nhl,nhl,1637260771,Regular,2026-09-30T23:37:00+00:00,20.52,Toronto Maple Leafs,New York Islanders,1,moneyline,,away,,1.9804,500
2026-09-30T03:05:35.472010+00:00,nhl,nhl,1637260771,Regular,2026-09-30T23:37:00+00:00,20.52,Toronto Maple Leafs,New York Islanders,1,team_total,home,over,0.5,1.5988,250
2026-09-30T03:05:35.472010+00:00,nhl,nhl,1637260771,Regular,2026-09-30T23:37:00+00:00,20.52,Toronto Maple Leafs,New York Islanders,1,team_total,home,under,0.5,2.35,250
2026-09-30T03:05:35.472010+00:00,nhl,nhl,1637260771,Regular,2026-09-30T23:37:00+00:00,20.52,Toronto Maple Leafs,New York Islanders,1,team_total,away,over,0.5,1.641,250
2026-09-30T03:05:35.472010+00:00,nhl,nhl,1637260771,Regular,2026-09-30T23:37:00+00:00,20.52,Toronto Maple Leafs,New York Islanders,1,team_total,away,under,0.5,2.26,250
2026-09-30T03:05:35.472010+00:00,nhl,nhl,1637260771,Regular,2026-09-30T23:37:00+00:00,20.52,Toronto Maple Leafs,New York Islanders,1,spread,,home,-0.5,2.72,500
2026-09-30T03:05:35.472010+00:00,nhl,nhl,1637260771,Regular,2026-09-30T23:37:00+00:00,20.52,Toronto Maple Leafs,New York Islanders,1,spread,,away,0.5,1.4808,500
2026-09-30T03:05:35.472010+00:00,nhl,nhl,1637260771,Regular,2026-09-30T23:37:00+00:00,20.52,Toronto Maple Leafs,New York Islanders,1,total,,over,1.5,1.8197,250
2026-09-30T03:05:35.472010+00:00,nhl,nhl,1637260771,Regular,2026-09-30T23:37:00+00:00,20.52,Toronto Maple Leafs,New York Islanders,1,total,,under,1.5,2.03,250
2026-09-30T03:05:35.472010+00:00,nhl,nhl,1637260771,Regular,2026-09-30T23:37:00+00:00,20.52,Toronto Maple Leafs,New York Islanders,2,moneyline,,home,,1.8475,500
2026-09-30T03:05:35.472010+00:00,nhl,nhl,1637260771,Regular,2026-09-30T23:37:00+00:00,20.52,Toronto Maple Leafs,New York Islanders,2,moneyline,,away,,1.9901,500
2026-09-30T03:05:35.472010+00:00,nhl,nhl,1637260771,Regular,2026-09-30T23:37:00+00:00,20.52,Toronto Maple Leafs,New York Islanders,2,team_total,home,over,0.5,1.5,250
2026-09-30T03:05:35.472010+00:00,nhl,nhl,1637260771,Regular,2026-09-30T23:37:00+00:00,20.52,Toronto Maple Leafs,New York Islanders,2,team_total,home,under,0.5,2.6,250
2026-09-30T03:05:35.472010+00:00,nhl,nhl,1637260771,Regular,2026-09-30T23:37:00+00:00,20.52,Toronto Maple Leafs,New York Islanders,2,team_total,away,over,0.5,1.5435,250
2026-09-30T03:05:35.472010+00:00,nhl,nhl,1637260771,Regular,2026-09-30T23:37:00+00:00,20.52,Toronto Maple Leafs,New York Islanders,2,team_total,away,under,0.5,2.47,250
2026-09-30T03:05:35.472010+00:00,nhl,nhl,1637260771,Regular,2026-09-30T23:37:00+00:00,20.52,Toronto Maple Leafs,New York Islanders,2,spread,,home,-0.5,2.64,500
2026-09-30T03:05:35.472010+00:00,nhl,nhl,1637260771,Regular,2026-09-30T23:37:00+00:00,20.52,Toronto Maple Leafs,New York Islanders,2,spread,,away,0.5,1.5076,500
2026-09-30T03:05:35.472010+00:00,nhl,nhl,1637260771,Regular,2026-09-30T23:37:00+00:00,20.52,Toronto Maple Leafs,New York Islanders,2,total,,over,2.0,2.2,250
2026-09-30T03:05:35.472010+00:00,nhl,nhl,1637260771,Regular,2026-09-30T23:37:00+00:00,20.52,Toronto Maple Leafs,New York Islanders,2,total,,under,2.0,1.6993,250
2026-09-30T03:05:35.472010+00:00,nhl,nhl,1637260771,Regular,2026-09-30T23:37:00+00:00,20.52,Toronto Maple Leafs,New York Islanders,3,moneyline,,home,,1.8475,500
2026-09-30T03:05:35.472010+00:00,nhl,nhl,1637260771,Regular,2026-09-30T23:37:00+00:00,20.52,Toronto Maple Leafs,New York Islanders,3,moneyline,,away,,1.9901,500
2026-09-30T03:05:35.472010+00:00,nhl,nhl,1637260771,Regular,2026-09-30T23:37:00+00:00,20.52,Toronto Maple Leafs,New York Islanders,3,team_total,home,over,0.5,1.4425,250
2026-09-30T03:05:35.472010+00:00,nhl,nhl,1637260771,Regular,2026-09-30T23:37:00+00:00,20.52,Toronto Maple Leafs,New York Islanders,3,team_total,home,under,0.5,2.79,250
2026-09-30T03:05:35.472010+00:00,nhl,nhl,1637260771,Regular,2026-09-30T23:37:00+00:00,20.52,Toronto Maple Leafs,New York Islanders,3,team_total,away,over,0.5,1.4878,250
2026-09-30T03:05:35.472010+00:00,nhl,nhl,1637260771,Regular,2026-09-30T23:37:00+00:00,20.52,Toronto Maple Leafs,New York Islanders,3,team_total,away,under,0.5,2.63,250
2026-09-30T03:05:35.472010+00:00,nhl,nhl,1637260771,Regular,2026-09-30T23:37:00+00:00,20.52,Toronto Maple Leafs,New York Islanders,3,spread,,home,-0.5,2.47,500
2026-09-30T03:05:35.472010+00:00,nhl,nhl,1637260771,Regular,2026-09-30T23:37:00+00:00,20.52,Toronto Maple Leafs,New York Islanders,3,spread,,away,0.5,1.5682,500
2026-09-30T03:05:35.472010+00:00,nhl,nhl,1637260771,Regular,2026-09-30T23:37:00+00:00,20.52,Toronto Maple Leafs,New York Islanders,3,total,,over,2.0,1.8475,250
2026-09-30T03:05:35.472010+00:00,nhl,nhl,1637260771,Regular,2026-09-30T23:37:00+00:00,20.52,Toronto Maple Leafs,New York Islanders,3,total,,under,2.0,2.0,250
2026-09-30T03:05:35.472010+00:00,nhl,nhl,1637260771,Regular,2026-09-30T23:37:00+00:00,20.52,Toronto Maple Leafs,New York Islanders,0,moneyline,,home,,1.8264,2500
2026-09-30T03:05:35.472010+00:00,nhl,nhl,1637260771,Regular,2026-09-30T23:37:00+00:00,20.52,Toronto Maple Leafs,New York Islanders,0,moneyline,,away,,2.08,2500
2026-09-30T03:05:35.472010+00:00,nhl,nhl,1637260771,Regular,2026-09-30T23:37:00+00:00,20.52,Toronto Maple Leafs,New York Islanders,0,team_total,home,over,3.5,2.34,250
2026-09-30T03:05:35.472010+00:00,nhl,nhl,1637260771,Regular,2026-09-30T23:37:00+00:00,20.52,Toronto Maple Leafs,New York Islanders,0,team_total,home,under,3.5,1.6135,250
2026-09-30T03:05:35.472010+00:00,nhl,nhl,1637260771,Regular,2026-09-30T23:37:00+00:00,20.52,Toronto Maple Leafs,New York Islanders,0,team_total,away,over,2.5,1.6667,250
2026-09-30T03:05:35.472010+00:00,nhl,nhl,1637260771,Regular,2026-09-30T23:37:00+00:00,20.52,Toronto Maple Leafs,New York Islanders,0,team_total,away,under,2.5,2.24,250
2026-09-30T03:05:35.472010+00:00,nhl,nhl,1637260771,Regular,2026-09-30T23:37:00+00:00,20.52,Toronto Maple Leafs,New York Islanders,0,spread,,home,-1.5,3.07,1875
2026-09-30T03:05:35.472010+00:00,nhl,nhl,1637260771,Regular,2026-09-30T23:37:00+00:00,20.52,Toronto Maple Leafs,New York Islanders,0,spread,,away,1.5,1.4049,1875
2026-09-30T03:05:35.472010+00:00,nhl,nhl,1637260771,Regular,2026-09-30T23:37:00+00:00,20.52,Toronto Maple Leafs,New York Islanders,0,total,,over,6.0,1.9434,1875
2026-09-30T03:05:35.472010+00:00,nhl,nhl,1637260771,Regular,2026-09-30T23:37:00+00:00,20.52,Toronto Maple Leafs,New York Islanders,0,total,,under,6.0,1.9259,1875
2026-09-30T03:05:35.472010+00:00,nhl,nhl,1637260771,Regular,2026-09-30T23:37:00+00:00,20.52,Toronto Maple Leafs,New York Islanders,6,moneyline,,home,,2.29,1250
2026-09-30T03:05:35.472010+00:00,nhl,nhl,1637260771,Regular,2026-09-30T23:37:00+00:00,20.52,Toronto Maple Leafs,New York Islanders,6,moneyline,,away,,2.64,1250
2026-09-30T03:05:35.472010+00:00,nhl,nhl,1637260771,Regular,2026-09-30T23:37:00+00:00,20.52,Toronto Maple Leafs,New York Islanders,6,moneyline,,draw,,4.13,1250
2026-09-30T03:05:35.472010+00:00,nhl,nhl,1637260771,Regular,2026-09-30T23:37:00+00:00,20.52,Toronto Maple Leafs,New York Islanders,6,team_total,home,over,2.5,1.641,250
2026-09-30T03:05:35.472010+00:00,nhl,nhl,1637260771,Regular,2026-09-30T23:37:00+00:00,20.52,Toronto Maple Leafs,New York Islanders,6,team_total,home,under,2.5,2.26,250
2026-09-30T03:05:35.472010+00:00,nhl,nhl,1637260771,Regular,2026-09-30T23:37:00+00:00,20.52,Toronto Maple Leafs,New York Islanders,6,team_total,away,over,2.5,1.7634,250
2026-09-30T03:05:35.472010+00:00,nhl,nhl,1637260771,Regular,2026-09-30T23:37:00+00:00,20.52,Toronto Maple Leafs,New York Islanders,6,team_total,away,under,2.5,2.06,250
2026-09-30T03:05:35.472010+00:00,nhl,nhl,1637260771,Regular,2026-09-30T23:37:00+00:00,20.52,Toronto Maple Leafs,New York Islanders,6,spread,,home,0.0,1.7937,1250
2026-09-30T03:05:35.472010+00:00,nhl,nhl,1637260771,Regular,2026-09-30T23:37:00+00:00,20.52,Toronto Maple Leafs,New York Islanders,6,spread,,away,-0.0,2.08,1250
2026-09-30T03:05:35.472010+00:00,nhl,nhl,1637260771,Regular,2026-09-30T23:37:00+00:00,20.52,Toronto Maple Leafs,New York Islanders,6,total,,over,6.0,2.1,1250
2026-09-30T03:05:35.472010+00:00,nhl,nhl,1637260771,Regular,2026-09-30T23:37:00+00:00,20.52,Toronto Maple Leafs,New York Islanders,6,total,,under,6.0,1.7752,1250
2026-09-30T03:05:35.472010+00:00,nhl,nhl,1637265098,Regular,2026-10-01T02:07:00+00:00,23.02,Colorado Avalanche,Los Angeles Kings,1,moneyline,,home,,1.6536,500
2026-09-30T03:05:35.472010+00:00,nhl,nhl,1637265098,Regular,2026-10-01T02:07:00+00:00,23.02,Colorado Avalanche,Los Angeles Kings,1,moneyline,,away,,2.28,500
2026-09-30T03:05:35.472010+00:00,nhl,nhl,1637265098,Regular,2026-10-01T02:07:00+00:00,23.02,Colorado Avalanche,Los Angeles Kings,1,team_total,home,over,0.5,1.5128,250
2026-09-30T03:05:35.472010+00:00,nhl,nhl,1637265098,Regular,2026-10-01T02:07:00+00:00,23.02,Colorado Avalanche,Los Angeles Kings,1,team_total,home,under,0.5,2.56,250
2026-09-30T03:05:35.472010+00:00,nhl,nhl,1637265098,Regular,2026-10-01T02:07:00+00:00,23.02,Colorado Avalanche,Los Angeles Kings,1,team_total,away,over,0.5,1.7353,250
2026-09-30T03:05:35.472010+00:00,nhl,nhl,1637265098,Regular,2026-10-01T02:07:00+00:00,23.02,Colorado Avalanche,Los Angeles Kings,1,team_total,away,under,0.5,2.1,250
2026-09-30T03:05:35.472010+00:00,nhl,nhl,1637265098,Regular,2026-10-01T02:07:00+00:00,23.02,Colorado Avalanche,Los Angeles Kings,1,spread,,home,-0.5,2.4,500
2026-09-30T03:05:35.472010+00:00,nhl,nhl,1637265098,Regular,2026-10-01T02:07:00+00:00,23.02,Colorado Avalanche,Los Angeles Kings,1,spread,,away,0.5,1.5952,500
2026-09-30T03:05:35.472010+00:00,nhl,nhl,1637265098,Regular,2026-10-01T02:07:00+00:00,23.02,Colorado Avalanche,Los Angeles Kings,1,total,,over,1.5,1.8,250
2026-09-30T03:05:35.472010+00:00,nhl,nhl,1637265098,Regular,2026-10-01T02:07:00+00:00,23.02,Colorado Avalanche,Los Angeles Kings,1,total,,under,1.5,2.05,250
2026-09-30T03:05:35.472010+00:00,nhl,nhl,1637265098,Regular,2026-10-01T02:07:00+00:00,23.02,Colorado Avalanche,Los Angeles Kings,2,moneyline,,home,,1.625,500
2026-09-30T03:05:35.472010+00:00,nhl,nhl,1637265098,Regular,2026-10-01T02:07:00+00:00,23.02,Colorado Avalanche,Los Angeles Kings,2,moneyline,,away,,2.34,500
2026-09-30T03:05:35.472010+00:00,nhl,nhl,1637265098,Regular,2026-10-01T02:07:00+00:00,23.02,Colorado Avalanche,Los Angeles Kings,2,team_total,home,over,0.5,1.4132,250
2026-09-30T03:05:35.472010+00:00,nhl,nhl,1637265098,Regular,2026-10-01T02:07:00+00:00,23.02,Colorado Avalanche,Los Angeles Kings,2,team_total,home,under,0.5,2.9,250
2026-09-30T03:05:35.472010+00:00,nhl,nhl,1637265098,Regular,2026-10-01T02:07:00+00:00,23.02,Colorado Avalanche,Los Angeles Kings,2,team_total,away,over,0.5,1.6329,250
2026-09-30T03:05:35.472010+00:00,nhl,nhl,1637265098,Regular,2026-10-01T02:07:00+00:00,23.02,Colorado Avalanche,Los Angeles Kings,2,team_total,away,under,0.5,2.28,250
2026-09-30T03:05:35.472010+00:00,nhl,nhl,1637265098,Regular,2026-10-01T02:07:00+00:00,23.02,Colorado Avalanche,Los Angeles Kings,2,spread,,home,-0.5,2.3,500
2026-09-30T03:05:35.472010+00:00,nhl,nhl,1637265098,Regular,2026-10-01T02:07:00+00:00,23.02,Colorado Avalanche,Los Angeles Kings,2,spread,,away,0.5,1.641,500
2026-09-30T03:05:35.472010+00:00,nhl,nhl,1637265098,Regular,2026-10-01T02:07:00+00:00,23.02,Colorado Avalanche,Los Angeles Kings,2,total,,over,2.0,2.14,250
2026-09-30T03:05:35.472010+00:00,nhl,nhl,1637265098,Regular,2026-10-01T02:07:00+00:00,23.02,Colorado Avalanche,Los Angeles Kings,2,total,,under,2.0,1.7407,250
2026-09-30T03:05:35.472010+00:00,nhl,nhl,1637265098,Regular,2026-10-01T02:07:00+00:00,23.02,Colorado Avalanche,Los Angeles Kings,3,moneyline,,home,,1.6173,500
2026-09-30T03:05:35.472010+00:00,nhl,nhl,1637265098,Regular,2026-10-01T02:07:00+00:00,23.02,Colorado Avalanche,Los Angeles Kings,3,moneyline,,away,,2.36,500
2026-09-30T03:05:35.472010+00:00,nhl,nhl,1637265098,Regular,2026-10-01T02:07:00+00:00,23.02,Colorado Avalanche,Los Angeles Kings,3,team_total,home,over,1.5,2.58,250
2026-09-30T03:05:35.472010+00:00,nhl,nhl,1637265098,Regular,2026-10-01T02:07:00+00:00,23.02,Colorado Avalanche,Los Angeles Kings,3,team_total,home,under,1.5,1.5051,250
2026-09-30T03:05:35.472010+00:00,nhl,nhl,1637265098,Regular,2026-10-01T02:07:00+00:00,23.02,Colorado Avalanche,Los Angeles Kings,3,team_total,away,over,0.5,1.5747,250
2026-09-30T03:05:35.472010+00:00,nhl,nhl,1637265098,Regular,2026-10-01T02:07:00+00:00,23.02,Colorado Avalanche,Los Angeles Kings,3,team_total,away,under,0.5,2.4,250
2026-09-30T03:05:35.472010+00:00,nhl,nhl,1637265098,Regular,2026-10-01T02:07:00+00:00,23.02,Colorado Avalanche,Los Angeles Kings,3,spread,,home,-0.5,2.14,500
2026-09-30T03:05:35.472010+00:00,nhl,nhl,1637265098,Regular,2026-10-01T02:07:00+00:00,23.02,Colorado Avalanche,Los Angeles Kings,3,spread,,away,0.5,1.7353,500
2026-09-30T03:05:35.472010+00:00,nhl,nhl,1637265098,Regular,2026-10-01T02:07:00+00:00,23.02,Colorado Avalanche,Los Angeles Kings,3,total,,over,2.0,1.8,250
2026-09-30T03:05:35.472010+00:00,nhl,nhl,1637265098,Regular,2026-10-01T02:07:00+00:00,23.02,Colorado Avalanche,Los Angeles Kings,3,total,,under,2.0,2.06,250
2026-09-30T03:05:35.472010+00:00,nhl,nhl,1637265098,Regular,2026-10-01T02:07:00+00:00,23.02,Colorado Avalanche,Los Angeles Kings,6,moneyline,,home,,1.9174,1250
2026-09-30T03:05:35.472010+00:00,nhl,nhl,1637265098,Regular,2026-10-01T02:07:00+00:00,23.02,Colorado Avalanche,Los Angeles Kings,6,moneyline,,away,,3.31,1250
2026-09-30T03:05:35.472010+00:00,nhl,nhl,1637265098,Regular,2026-10-01T02:07:00+00:00,23.02,Colorado Avalanche,Los Angeles Kings,6,moneyline,,draw,,4.28,1250
2026-09-30T03:05:35.472010+00:00,nhl,nhl,1637265098,Regular,2026-10-01T02:07:00+00:00,23.02,Colorado Avalanche,Los Angeles Kings,6,team_total,home,over,3.5,2.13,250
2026-09-30T03:05:35.472010+00:00,nhl,nhl,1637265098,Regular,2026-10-01T02:07:00+00:00,23.02,Colorado Avalanche,Los Angeles Kings,6,team_total,home,under,3.5,1.7194,250
2026-09-30T03:05:35.472010+00:00,nhl,nhl,1637265098,Regular,2026-10-01T02:07:00+00:00,23.02,Colorado Avalanche,Los Angeles Kings,6,team_total,away,over,2.5,1.9615,250
2026-09-30T03:05:35.472010+00:00,nhl,nhl,1637265098,Regular,2026-10-01T02:07:00+00:00,23.02,Colorado Avalanche,Los Angeles Kings,6,team_total,away,under,2.5,1.8475,250
2026-09-30T03:05:35.472010+00:00,nhl,nhl,1637265098,Regular,2026-10-01T02:07:00+00:00,23.02,Colorado Avalanche,Los Angeles Kings,6,spread,,home,-0.5,1.9174,1250
2026-09-30T03:05:35.472010+00:00,nhl,nhl,1637265098,Regular,2026-10-01T02:07:00+00:00,23.02,Colorado Avalanche,Los Angeles Kings,6,spread,,away,0.5,1.9346,1250
2026-09-30T03:05:35.472010+00:00,nhl,nhl,1637265098,Regular,2026-10-01T02:07:00+00:00,23.02,Colorado Avalanche,Los Angeles Kings,6,total,,over,6.0,2.01,1250
2026-09-30T03:05:35.472010+00:00,nhl,nhl,1637265098,Regular,2026-10-01T02:07:00+00:00,23.02,Colorado Avalanche,Los Angeles Kings,6,total,,under,6.0,1.8475,1250
2026-09-30T03:05:35.472010+00:00,nhl,nhl,1637265098,Regular,2026-10-01T02:07:00+00:00,23.02,Colorado Avalanche,Los Angeles Kings,0,moneyline,,home,,1.5525,2500
2026-09-30T03:05:35.472010+00:00,nhl,nhl,1637265098,Regular,2026-10-01T02:07:00+00:00,23.02,Colorado Avalanche,Los Angeles Kings,0,moneyline,,away,,2.58,2500
2026-09-30T03:05:35.472010+00:00,nhl,nhl,1637265098,Regular,2026-10-01T02:07:00+00:00,23.02,Colorado Avalanche,Los Angeles Kings,0,team_total,home,over,3.5,1.9709,250
2026-09-30T03:05:35.472010+00:00,nhl,nhl,1637265098,Regular,2026-10-01T02:07:00+00:00,23.02,Colorado Avalanche,Los Angeles Kings,0,team_total,home,under,3.5,1.8475,250
2026-09-30T03:05:35.472010+00:00,nhl,nhl,1637265098,Regular,2026-10-01T02:07:00+00:00,23.02,Colorado Avalanche,Los Angeles Kings,0,team_total,away,over,2.5,1.8621,250
2026-09-30T03:05:35.472010+00:00,nhl,nhl,1637265098,Regular,2026-10-01T02:07:00+00:00,23.02,Colorado Avalanche,Los Angeles Kings,0,team_total,away,under,2.5,1.9615,250
2026-09-30T03:05:35.472010+00:00,nhl,nhl,1637265098,Regular,2026-10-01T02:07:00+00:00,23.02,Colorado Avalanche,Los Angeles Kings,0,spread,,home,-1.5,2.43,1875
2026-09-30T03:05:35.472010+00:00,nhl,nhl,1637265098,Regular,2026-10-01T02:07:00+00:00,23.02,Colorado Avalanche,Los Angeles Kings,0,spread,,away,1.5,1.6024,1875
2026-09-30T03:05:35.472010+00:00,nhl,nhl,1637265098,Regular,2026-10-01T02:07:00+00:00,23.02,Colorado Avalanche,Los Angeles Kings,0,total,,over,6.0,1.8621,1875
2026-09-30T03:05:35.472010+00:00,nhl,nhl,1637265098,Regular,2026-10-01T02:07:00+00:00,23.02,Colorado Avalanche,Los Angeles Kings,0,total,,under,6.0,2.01,1875
2026-09-30T10:17:12.677380+00:00,nhl,nhl,1637260771,Regular,2026-09-30T23:37:00+00:00,13.33,Toronto Maple Leafs,New York Islanders,2,moneyline,,home,,1.8403,500
2026-09-30T10:17:12.677380+00:00,nhl,nhl,1637260771,Regular,2026-09-30T23:37:00+00:00,13.33,Toronto Maple Leafs,New York Islanders,2,moneyline,,away,,2.01,500
2026-09-30T10:17:12.677380+00:00,nhl,nhl,1637260771,Regular,2026-09-30T23:37:00+00:00,13.33,Toronto Maple Leafs,New York Islanders,2,team_total,home,over,0.5,1.4926,250
2026-09-30T10:17:12.677380+00:00,nhl,nhl,1637260771,Regular,2026-09-30T23:37:00+00:00,13.33,Toronto Maple Leafs,New York Islanders,2,team_total,home,under,0.5,2.62,250
2026-09-30T10:17:12.677380+00:00,nhl,nhl,1637260771,Regular,2026-09-30T23:37:00+00:00,13.33,Toronto Maple Leafs,New York Islanders,2,spread,,home,-0.5,2.62,500
2026-09-30T10:17:12.677380+00:00,nhl,nhl,1637260771,Regular,2026-09-30T23:37:00+00:00,13.33,Toronto Maple Leafs,New York Islanders,2,spread,,away,0.5,1.5128,500
2026-09-30T10:17:12.677380+00:00,nhl,nhl,1637260771,Regular,2026-09-30T23:37:00+00:00,13.33,Toronto Maple Leafs,New York Islanders,2,total,,over,2.0,2.18,250
2026-09-30T10:17:12.677380+00:00,nhl,nhl,1637260771,Regular,2026-09-30T23:37:00+00:00,13.33,Toronto Maple Leafs,New York Islanders,2,total,,under,2.0,1.7143,250
2026-09-30T10:17:12.677380+00:00,nhl,nhl,1637260771,Regular,2026-09-30T23:37:00+00:00,13.33,Toronto Maple Leafs,New York Islanders,3,moneyline,,home,,1.8333,500
2026-09-30T10:17:12.677380+00:00,nhl,nhl,1637260771,Regular,2026-09-30T23:37:00+00:00,13.33,Toronto Maple Leafs,New York Islanders,3,moneyline,,away,,2.01,500
2026-09-30T10:17:12.677380+00:00,nhl,nhl,1637260771,Regular,2026-09-30T23:37:00+00:00,13.33,Toronto Maple Leafs,New York Islanders,3,team_total,home,over,0.5,1.4348,250
2026-09-30T10:17:12.677380+00:00,nhl,nhl,1637260771,Regular,2026-09-30T23:37:00+00:00,13.33,Toronto Maple Leafs,New York Islanders,3,team_total,home,under,0.5,2.82,250
2026-09-30T10:17:12.677380+00:00,nhl,nhl,1637260771,Regular,2026-09-30T23:37:00+00:00,13.33,Toronto Maple Leafs,New York Islanders,3,spread,,home,-0.5,2.45,500
2026-09-30T10:17:12.677380+00:00,nhl,nhl,1637260771,Regular,2026-09-30T23:37:00+00:00,13.33,Toronto Maple Leafs,New York Islanders,3,spread,,away,0.5,1.578,500
2026-09-30T10:17:12.677380+00:00,nhl,nhl,1637260771,Regular,2026-09-30T23:37:00+00:00,13.33,Toronto Maple Leafs,New York Islanders,3,total,,over,2.0,1.8333,250
2026-09-30T10:17:12.677380+00:00,nhl,nhl,1637260771,Regular,2026-09-30T23:37:00+00:00,13.33,Toronto Maple Leafs,New York Islanders,3,total,,under,2.0,2.01,250
2026-09-30T10:17:12.677380+00:00,nhl,nhl,1637260771,Regular,2026-09-30T23:37:00+00:00,13.33,Toronto Maple Leafs,New York Islanders,1,moneyline,,home,,1.8475,500
2026-09-30T10:17:12.677380+00:00,nhl,nhl,1637260771,Regular,2026-09-30T23:37:00+00:00,13.33,Toronto Maple Leafs,New York Islanders,1,moneyline,,away,,2.0,500
2026-09-30T10:17:12.677380+00:00,nhl,nhl,1637260771,Regular,2026-09-30T23:37:00+00:00,13.33,Toronto Maple Leafs,New York Islanders,1,team_total,home,over,0.5,1.5882,250
2026-09-30T10:17:12.677380+00:00,nhl,nhl,1637260771,Regular,2026-09-30T23:37:00+00:00,13.33,Toronto Maple Leafs,New York Islanders,1,team_total,home,under,0.5,2.37,250
2026-09-30T10:17:12.677380+00:00,nhl,nhl,1637260771,Regular,2026-09-30T23:37:00+00:00,13.33,Toronto Maple Leafs,New York Islanders,1,spread,,home,-0.5,2.7,500
2026-09-30T10:17:12.677380+00:00,nhl,nhl,1637260771,Regular,2026-09-30T23:37:00+00:00,13.33,Toronto Maple Leafs,New York Islanders,1,spread,,away,0.5,1.4878,500
2026-09-30T10:17:12.677380+00:00,nhl,nhl,1637260771,Regular,2026-09-30T23:37:00+00:00,13.33,Toronto Maple Leafs,New York Islanders,1,total,,over,1.5,1.8065,250
2026-09-30T10:17:12.677380+00:00,nhl,nhl,1637260771,Regular,2026-09-30T23:37:00+00:00,13.33,Toronto Maple Leafs,New York Islanders,1,total,,under,1.5,2.04,250
2026-09-30T10:17:12.677380+00:00,nhl,nhl,1637260771,Regular,2026-09-30T23:37:00+00:00,13.33,Toronto Maple Leafs,New York Islanders,0,moneyline,,home,,1.813,2500
2026-09-30T10:17:12.677380+00:00,nhl,nhl,1637260771,Regular,2026-09-30T23:37:00+00:00,13.33,Toronto Maple Leafs,New York Islanders,0,moneyline,,away,,2.09,2500
2026-09-30T10:17:12.677380+00:00,nhl,nhl,1637260771,Regular,2026-09-30T23:37:00+00:00,13.33,Toronto Maple Leafs,New York Islanders,0,team_total,home,over,3.5,2.3,250
2026-09-30T10:17:12.677380+00:00,nhl,nhl,1637260771,Regular,2026-09-30T23:37:00+00:00,13.33,Toronto Maple Leafs,New York Islanders,0,team_total,home,under,3.5,1.6329,250
2026-09-30T10:17:12.677380+00:00,nhl,nhl,1637260771,Regular,2026-09-30T23:37:00+00:00,13.33,Toronto Maple Leafs,New York Islanders,0,team_total,away,over,2.5,1.6623,250
2026-09-30T10:17:12.677380+00:00,nhl,nhl,1637260771,Regular,2026-09-30T23:37:00+00:00,13.33,Toronto Maple Leafs,New York Islanders,0,team_total,away,under,2.5,2.25,250
2026-09-30T10:17:12.677380+00:00,nhl,nhl,1637260771,Regular,2026-09-30T23:37:00+00:00,13.33,Toronto Maple Leafs,New York Islanders,0,spread,,home,-1.5,3.05,1875
2026-09-30T10:17:12.677380+00:00,nhl,nhl,1637260771,Regular,2026-09-30T23:37:00+00:00,13.33,Toronto Maple Leafs,New York Islanders,0,spread,,away,1.5,1.4098,1875
2026-09-30T10:17:12.677380+00:00,nhl,nhl,1637260771,Regular,2026-09-30T23:37:00+00:00,13.33,Toronto Maple Leafs,New York Islanders,0,total,,over,6.0,1.9091,1875
2026-09-30T10:17:12.677380+00:00,nhl,nhl,1637260771,Regular,2026-09-30T23:37:00+00:00,13.33,Toronto Maple Leafs,New York Islanders,0,total,,under,6.0,1.9615,1875
2026-09-30T10:17:12.677380+00:00,nhl,nhl,1637260771,Regular,2026-09-30T23:37:00+00:00,13.33,Toronto Maple Leafs,New York Islanders,6,moneyline,,home,,2.28,1250
2026-09-30T10:17:12.677380+00:00,nhl,nhl,1637260771,Regular,2026-09-30T23:37:00+00:00,13.33,Toronto Maple Leafs,New York Islanders,6,moneyline,,away,,2.66,1250
2026-09-30T10:17:12.677380+00:00,nhl,nhl,1637260771,Regular,2026-09-30T23:37:00+00:00,13.33,Toronto Maple Leafs,New York Islanders,6,team_total,home,over,2.5,1.625,250
2026-09-30T10:17:12.677380+00:00,nhl,nhl,1637260771,Regular,2026-09-30T23:37:00+00:00,13.33,Toronto Maple Leafs,New York Islanders,6,team_total,home,under,2.5,2.29,250
2026-09-30T10:17:12.677380+00:00,nhl,nhl,1637260771,Regular,2026-09-30T23:37:00+00:00,13.33,Toronto Maple Leafs,New York Islanders,6,team_total,away,over,2.5,1.7519,250
2026-09-30T10:17:12.677380+00:00,nhl,nhl,1637260771,Regular,2026-09-30T23:37:00+00:00,13.33,Toronto Maple Leafs,New York Islanders,6,team_total,away,under,2.5,2.08,250
2026-09-30T10:17:12.677380+00:00,nhl,nhl,1637260771,Regular,2026-09-30T23:37:00+00:00,13.33,Toronto Maple Leafs,New York Islanders,6,spread,,home,0.0,1.7812,1250
2026-09-30T10:17:12.677380+00:00,nhl,nhl,1637260771,Regular,2026-09-30T23:37:00+00:00,13.33,Toronto Maple Leafs,New York Islanders,6,spread,,away,-0.0,2.09,1250
2026-09-30T10:17:12.677380+00:00,nhl,nhl,1637260771,Regular,2026-09-30T23:37:00+00:00,13.33,Toronto Maple Leafs,New York Islanders,6,total,,over,6.0,2.07,1250
2026-09-30T10:17:12.677380+00:00,nhl,nhl,1637260771,Regular,2026-09-30T23:37:00+00:00,13.33,Toronto Maple Leafs,New York Islanders,6,total,,under,6.0,1.8065,1250
2026-09-30T10:17:12.677380+00:00,nhl,nhl,1637265076,Regular,2026-09-30T23:37:00+00:00,13.33,Philadelphia Flyers,Pittsburgh Penguins,0,moneyline,,home,,1.7519,2500
2026-09-30T10:17:12.677380+00:00,nhl,nhl,1637265076,Regular,2026-09-30T23:37:00+00:00,13.33,Philadelphia Flyers,Pittsburgh Penguins,0,moneyline,,away,,2.18,2500
2026-09-30T10:17:12.677380+00:00,nhl,nhl,1637265076,Regular,2026-09-30T23:37:00+00:00,13.33,Philadelphia Flyers,Pittsburgh Penguins,0,team_total,home,under,3.5,1.6849,250
2026-09-30T10:17:12.677380+00:00,nhl,nhl,1637265076,Regular,2026-09-30T23:37:00+00:00,13.33,Philadelphia Flyers,Pittsburgh Penguins,0,team_total,away,over,2.5,1.6944,250
2026-09-30T10:17:12.677380+00:00,nhl,nhl,1637265076,Regular,2026-09-30T23:37:00+00:00,13.33,Philadelphia Flyers,Pittsburgh Penguins,0,team_total,away,under,2.5,2.18,250
2026-09-30T10:17:12.677380+00:00,nhl,nhl,1637265076,Regular,2026-09-30T23:37:00+00:00,13.33,Philadelphia Flyers,Pittsburgh Penguins,0,spread,,home,-1.5,2.87,1875
2026-09-30T10:17:12.677380+00:00,nhl,nhl,1637265076,Regular,2026-09-30T23:37:00+00:00,13.33,Philadelphia Flyers,Pittsburgh Penguins,0,spread,,away,1.5,1.4525,1875
2026-09-30T10:17:12.677380+00:00,nhl,nhl,1637265076,Regular,2026-09-30T23:37:00+00:00,13.33,Philadelphia Flyers,Pittsburgh Penguins,0,total,,over,6.0,1.885,1875
2026-09-30T10:17:12.677380+00:00,nhl,nhl,1637265076,Regular,2026-09-30T23:37:00+00:00,13.33,Philadelphia Flyers,Pittsburgh Penguins,0,total,,under,6.0,1.9901,1875
2026-09-30T10:17:12.677380+00:00,nhl,nhl,1637265076,Regular,2026-09-30T23:37:00+00:00,13.33,Philadelphia Flyers,Pittsburgh Penguins,6,moneyline,,home,,2.18,1250
2026-09-30T10:17:12.677380+00:00,nhl,nhl,1637265076,Regular,2026-09-30T23:37:00+00:00,13.33,Philadelphia Flyers,Pittsburgh Penguins,6,moneyline,,away,,2.79,1250
2026-09-30T10:17:12.677380+00:00,nhl,nhl,1637265076,Regular,2026-09-30T23:37:00+00:00,13.33,Philadelphia Flyers,Pittsburgh Penguins,6,moneyline,,draw,,4.15,1250
2026-09-30T10:17:12.677380+00:00,nhl,nhl,1637265076,Regular,2026-09-30T23:37:00+00:00,13.33,Philadelphia Flyers,Pittsburgh Penguins,6,team_total,home,under,3.5,1.5814,250
2026-09-30T10:17:12.677380+00:00,nhl,nhl,1637265076,Regular,2026-09-30T23:37:00+00:00,13.33,Philadelphia Flyers,Pittsburgh Penguins,6,team_total,away,over,2.5,1.7874,250
2026-09-30T10:17:12.677380+00:00,nhl,nhl,1637265076,Regular,2026-09-30T23:37:00+00:00,13.33,Philadelphia Flyers,Pittsburgh Penguins,6,team_total,away,under,2.5,2.03,250
2026-09-30T10:17:12.677380+00:00,nhl,nhl,1637265076,Regular,2026-09-30T23:37:00+00:00,13.33,Philadelphia Flyers,Pittsburgh Penguins,6,spread,,home,-0.5,2.19,1250
2026-09-30T10:17:12.677380+00:00,nhl,nhl,1637265076,Regular,2026-09-30T23:37:00+00:00,13.33,Philadelphia Flyers,Pittsburgh Penguins,6,spread,,away,0.5,1.7143,1250
2026-09-30T10:17:12.677380+00:00,nhl,nhl,1637265098,Regular,2026-10-01T02:07:00+00:00,15.83,Colorado Avalanche,Los Angeles Kings,1,moneyline,,home,,1.6452,500
2026-09-30T10:17:12.677380+00:00,nhl,nhl,1637265098,Regular,2026-10-01T02:07:00+00:00,15.83,Colorado Avalanche,Los Angeles Kings,1,moneyline,,away,,2.3,500
2026-09-30T10:17:12.677380+00:00,nhl,nhl,1637265098,Regular,2026-10-01T02:07:00+00:00,15.83,Colorado Avalanche,Los Angeles Kings,1,team_total,home,over,0.5,1.5076,250
2026-09-30T10:17:12.677380+00:00,nhl,nhl,1637265098,Regular,2026-10-01T02:07:00+00:00,15.83,Colorado Avalanche,Los Angeles Kings,1,team_total,home,under,0.5,2.57,250
2026-09-30T10:17:12.677380+00:00,nhl,nhl,1637265098,Regular,2026-10-01T02:07:00+00:00,15.83,Colorado Avalanche,Los Angeles Kings,1,team_total,away,over,0.5,1.7407,250
2026-09-30T10:17:12.677380+00:00,nhl,nhl,1637265098,Regular,2026-10-01T02:07:00+00:00,15.83,Colorado Avalanche,Los Angeles Kings,1,spread,,home,-0.5,2.39,500
2026-09-30T10:17:12.677380+00:00,nhl,nhl,1637265098,Regular,2026-10-01T02:07:00+00:00,15.83,Colorado Avalanche,Los Angeles Kings,1,spread,,away,0.5,1.6024,500
2026-09-30T10:17:12.677380+00:00,nhl,nhl,1637265098,Regular,2026-10-01T02:07:00+00:00,15.83,Colorado Avalanche,Los Angeles Kings,1,total,,over,1.5,1.7937,250
2026-09-30T10:17:12.677380+00:00,nhl,nhl,1637265098,Regular,2026-10-01T02:07:00+00:00,15.83,Colorado Avalanche,Los Angeles Kings,1,total,,under,1.5,2.06,250
2026-09-30T10:17:12.677380+00:00,nhl,nhl,1637265098,Regular,2026-10-01T02:07:00+00:00,15.83,Colorado Avalanche,Los Angeles Kings,2,moneyline,,home,,1.6173,500
2026-09-30T10:17:12.677380+00:00,nhl,nhl,1637265098,Regular,2026-10-01T02:07:00+00:00,15.83,Colorado Avalanche,Los Angeles Kings,2,moneyline,,away,,2.35,500
2026-09-30T10:17:12.677380+00:00,nhl,nhl,1637265098,Regular,2026-10-01T02:07:00+00:00,15.83,Colorado Avalanche,Los Angeles Kings,2,team_total,home,over,0.5,1.4098,250
2026-09-30T10:17:12.677380+00:00,nhl,nhl,1637265098,Regular,2026-10-01T02:07:00+00:00,15.83,Colorado Avalanche,Los Angeles Kings,2,team_total,home,under,0.5,2.91,250
2026-09-30T10:17:12.677380+00:00,nhl,nhl,1637265098,Regular,2026-10-01T02:07:00+00:00,15.83,Colorado Avalanche,Los Angeles Kings,2,team_total,away,over,0.5,1.6369,250
2026-09-30T10:17:12.677380+00:00,nhl,nhl,1637265098,Regular,2026-10-01T02:07:00+00:00,15.83,Colorado Avalanche,Los Angeles Kings,2,team_total,away,under,0.5,2.27,250
2026-09-30T10:17:12.677380+00:00,nhl,nhl,1637265098,Regular,2026-10-01T02:07:00+00:00,15.83,Colorado Avalanche,Los Angeles Kings,2,spread,,home,-0.5,2.29,500
2026-09-30T10:17:12.677380+00:00,nhl,nhl,1637265098,Regular,2026-10-01T02:07:00+00:00,15.83,Colorado Avalanche,Los Angeles Kings,2,spread,,away,0.5,1.6494,500
2026-09-30T10:17:12.677380+00:00,nhl,nhl,1637265098,Regular,2026-10-01T02:07:00+00:00,15.83,Colorado Avalanche,Los Angeles Kings,6,moneyline,,home,,1.8621,1250
2026-09-30T10:17:12.677380+00:00,nhl,nhl,1637265098,Regular,2026-10-01T02:07:00+00:00,15.83,Colorado Avalanche,Los Angeles Kings,6,moneyline,,away,,3.44,1250
2026-09-30T10:17:12.677380+00:00,nhl,nhl,1637265098,Regular,2026-10-01T02:07:00+00:00,15.83,Colorado Avalanche,Los Angeles Kings,6,moneyline,,draw,,4.35,1250
2026-09-30T10:17:12.677380+00:00,nhl,nhl,1637265098,Regular,2026-10-01T02:07:00+00:00,15.83,Colorado Avalanche,Los Angeles Kings,6,team_total,home,over,3.5,2.09,250
2026-09-30T10:17:12.677380+00:00,nhl,nhl,1637265098,Regular,2026-10-01T02:07:00+00:00,15.83,Colorado Avalanche,Los Angeles Kings,6,team_total,home,under,3.5,1.7463,250
2026-09-30T10:17:12.677380+00:00,nhl,nhl,1637265098,Regular,2026-10-01T02:07:00+00:00,15.83,Colorado Avalanche,Los Angeles Kings,6,team_total,away,over,2.5,1.9901,250
2026-09-30T10:17:12.677380+00:00,nhl,nhl,1637265098,Regular,2026-10-01T02:07:00+00:00,15.83,Colorado Avalanche,Los Angeles Kings,6,team_total,away,under,2.5,1.8197,250
2026-09-30T10:17:12.677380+00:00,nhl,nhl,1637265098,Regular,2026-10-01T02:07:00+00:00,15.83,Colorado Avalanche,Los Angeles Kings,6,spread,,home,-0.5,1.8621,1250
2026-09-30T10:17:12.677380+00:00,nhl,nhl,1637265098,Regular,2026-10-01T02:07:00+00:00,15.83,Colorado Avalanche,Los Angeles Kings,6,spread,,away,0.5,2.0,1250
2026-09-30T10:17:12.677380+00:00,nhl,nhl,1637265098,Regular,2026-10-01T02:07:00+00:00,15.83,Colorado Avalanche,Los Angeles Kings,6,total,,over,6.0,2.0,1250
2026-09-30T10:17:12.677380+00:00,nhl,nhl,1637265098,Regular,2026-10-01T02:07:00+00:00,15.83,Colorado Avalanche,Los Angeles Kings,6,total,,under,6.0,1.8547,1250
2026-09-30T10:17:12.677380+00:00,nhl,nhl,1637265098,Regular,2026-10-01T02:07:00+00:00,15.83,Colorado Avalanche,Los Angeles Kings,0,moneyline,,home,,1.5236,2500
2026-09-30T10:17:12.677380+00:00,nhl,nhl,1637265098,Regular,2026-10-01T02:07:00+00:00,15.83,Colorado Avalanche,Los Angeles Kings,0,moneyline,,away,,2.67,2500
2026-09-30T10:17:12.677380+00:00,nhl,nhl,1637265098,Regular,2026-10-01T02:07:00+00:00,15.83,Colorado Avalanche,Los Angeles Kings,0,team_total,home,over,3.5,1.9434,250
2026-09-30T10:17:12.677380+00:00,nhl,nhl,1637265098,Regular,2026-10-01T02:07:00+00:00,15.83,Colorado Avalanche,Los Angeles Kings,0,team_total,home,under,3.5,1.8772,250
2026-09-30T10:17:12.677380+00:00,nhl,nhl,1637265098,Regular,2026-10-01T02:07:00+00:00,15.83,Colorado Avalanche,Los Angeles Kings,0,team_total,away,over,2.5,1.8929,250
2026-09-30T10:17:12.677380+00:00,nhl,nhl,1637265098,Regular,2026-10-01T02:07:00+00:00,15.83,Colorado Avalanche,Los Angeles Kings,0,team_total,away,under,2.5,1.9259,250
2026-09-30T10:17:12.677380+00:00,nhl,nhl,1637265098,Regular,2026-10-01T02:07:00+00:00,15.83,Colorado Avalanche,Los Angeles Kings,0,spread,,home,-1.5,2.36,1875
2026-09-30T10:17:12.677380+00:00,nhl,nhl,1637265098,Regular,2026-10-01T02:07:00+00:00,15.83,Colorado Avalanche,Los Angeles Kings,0,spread,,away,1.5,1.6369,1875
2026-09-30T10:17:12.677380+00:00,nhl,nhl,1637265098,Regular,2026-10-01T02:07:00+00:00,15.83,Colorado Avalanche,Los Angeles Kings,3,moneyline,,home,,1.6024,500
2026-09-30T10:17:12.677380+00:00,nhl,nhl,1637265098,Regular,2026-10-01T02:07:00+00:00,15.83,Colorado Avalanche,Los Angeles Kings,3,moneyline,,away,,2.39,500
2026-09-30T10:17:12.677380+00:00,nhl,nhl,1637265098,Regular,2026-10-01T02:07:00+00:00,15.83,Colorado Avalanche,Los Angeles Kings,3,team_total,home,over,1.5,2.56,250
2026-09-30T10:17:12.677380+00:00,nhl,nhl,1637265098,Regular,2026-10-01T02:07:00+00:00,15.83,Colorado Avalanche,Los Angeles Kings,3,team_total,home,under,1.5,1.5128,250
2026-09-30T10:17:12.677380+00:00,nhl,nhl,1637265098,Regular,2026-10-01T02:07:00+00:00,15.83,Colorado Avalanche,Los Angeles Kings,3,team_total,away,over,0.5,1.5814,250
2026-09-30T10:17:12.677380+00:00,nhl,nhl,1637265098,Regular,2026-10-01T02:07:00+00:00,15.83,Colorado Avalanche,Los Angeles Kings,3,team_total,away,under,0.5,2.38,250
2026-09-30T10:17:12.677380+00:00,nhl,nhl,1637265098,Regular,2026-10-01T02:07:00+00:00,15.83,Colorado Avalanche,Los Angeles Kings,3,spread,,home,-0.5,2.13,500
2026-09-30T10:17:12.677380+00:00,nhl,nhl,1637265098,Regular,2026-10-01T02:07:00+00:00,15.83,Colorado Avalanche,Los Angeles Kings,3,spread,,away,0.5,1.7463,500
2026-09-30T10:17:12.677380+00:00,nhl,nhl,1637265098,Regular,2026-10-01T02:07:00+00:00,15.83,Colorado Avalanche,Los Angeles Kings,3,total,,over,2.0,1.7937,250
2026-09-30T13:52:04.343851+00:00,nhl,nhl,1637260771,Regular,2026-09-30T23:37:00+00:00,9.75,Toronto Maple Leafs,New York Islanders,0,moneyline,,home,,1.7874,5000
2026-09-30T13:52:04.343851+00:00,nhl,nhl,1637260771,Regular,2026-09-30T23:37:00+00:00,9.75,Toronto Maple Leafs,New York Islanders,0,moneyline,,away,,2.15,5000
2026-09-30T13:52:04.343851+00:00,nhl,nhl,1637260771,Regular,2026-09-30T23:37:00+00:00,9.75,Toronto Maple Leafs,New York Islanders,0,team_total,home,over,3.5,2.29,500
2026-09-30T13:52:04.343851+00:00,nhl,nhl,1637260771,Regular,2026-09-30T23:37:00+00:00,9.75,Toronto Maple Leafs,New York Islanders,0,team_total,home,under,3.5,1.6494,500
2026-09-30T13:52:04.343851+00:00,nhl,nhl,1637260771,Regular,2026-09-30T23:37:00+00:00,9.75,Toronto Maple Leafs,New York Islanders,0,team_total,away,over,2.5,1.6803,500
2026-09-30T13:52:04.343851+00:00,nhl,nhl,1637260771,Regular,2026-09-30T23:37:00+00:00,9.75,Toronto Maple Leafs,New York Islanders,0,team_total,away,under,2.5,2.23,500
2026-09-30T13:52:04.343851+00:00,nhl,nhl,1637260771,Regular,2026-09-30T23:37:00+00:00,9.75,Toronto Maple Leafs,New York Islanders,0,spread,,home,-1.5,3.01,3750
2026-09-30T13:52:04.343851+00:00,nhl,nhl,1637260771,Regular,2026-09-30T23:37:00+00:00,9.75,Toronto Maple Leafs,New York Islanders,0,spread,,away,1.5,1.4292,3750
2026-09-30T13:52:04.343851+00:00,nhl,nhl,1637260771,Regular,2026-09-30T23:37:00+00:00,9.75,Toronto Maple Leafs,New York Islanders,0,total,,over,6.0,1.9346,3750
2026-09-30T13:52:04.343851+00:00,nhl,nhl,1637260771,Regular,2026-09-30T23:37:00+00:00,9.75,Toronto Maple Leafs,New York Islanders,0,total,,under,6.0,1.9524,3750
2026-09-30T13:52:04.343851+00:00,nhl,nhl,1637260771,Regular,2026-09-30T23:37:00+00:00,9.75,Toronto Maple Leafs,New York Islanders,1,moneyline,,home,,1.8403,1000
2026-09-30T13:52:04.343851+00:00,nhl,nhl,1637260771,Regular,2026-09-30T23:37:00+00:00,9.75,Toronto Maple Leafs,New York Islanders,1,moneyline,,away,,2.02,1000
2026-09-30T13:52:04.343851+00:00,nhl,nhl,1637260771,Regular,2026-09-30T23:37:00+00:00,9.75,Toronto Maple Leafs,New York Islanders,1,team_total,home,under,0.5,2.39,500
2026-09-30T13:52:04.343851+00:00,nhl,nhl,1637260771,Regular,2026-09-30T23:37:00+00:00,9.75,Toronto Maple Leafs,New York Islanders,1,team_total,away,over,0.5,1.6536,500
2026-09-30T13:52:04.343851+00:00,nhl,nhl,1637260771,Regular,2026-09-30T23:37:00+00:00,9.75,Toronto Maple Leafs,New York Islanders,1,spread,,home,-0.5,2.69,1000
2026-09-30T13:52:04.343851+00:00,nhl,nhl,1637260771,Regular,2026-09-30T23:37:00+00:00,9.75,Toronto Maple Leafs,New York Islanders,1,spread,,away,0.5,1.5,1000
2026-09-30T13:52:04.343851+00:00,nhl,nhl,1637260771,Regular,2026-09-30T23:37:00+00:00,9.75,Toronto Maple Leafs,New York Islanders,1,total,,over,1.5,1.813,500
2026-09-30T13:52:04.343851+00:00,nhl,nhl,1637260771,Regular,2026-09-30T23:37:00+00:00,9.75,Toronto Maple Leafs,New York Islanders,1,total,,under,1.5,2.05,500
2026-09-30T13:52:04.343851+00:00,nhl,nhl,1637260771,Regular,2026-09-30T23:37:00+00:00,9.75,Toronto Maple Leafs,New York Islanders,2,moneyline,,home,,1.8333,1000
2026-09-30T13:52:04.343851+00:00,nhl,nhl,1637260771,Regular,2026-09-30T23:37:00+00:00,9.75,Toronto Maple Leafs,New York Islanders,2,moneyline,,away,,2.03,1000
2026-09-30T13:52:04.343851+00:00,nhl,nhl,1637260771,Regular,2026-09-30T23:37:00+00:00,9.75,Toronto Maple Leafs,New York Islanders,2,team_total,home,under,0.5,2.65,500
2026-09-30T13:52:04.343851+00:00,nhl,nhl,1637260771,Regular,2026-09-30T23:37:00+00:00,9.75,Toronto Maple Leafs,New York Islanders,2,team_total,away,over,0.5,1.5556,500
2026-09-30T13:52:04.343851+00:00,nhl,nhl,1637260771,Regular,2026-09-30T23:37:00+00:00,9.75,Toronto Maple Leafs,New York Islanders,2,spread,,home,-0.5,2.61,1000
2026-09-30T13:52:04.343851+00:00,nhl,nhl,1637260771,Regular,2026-09-30T23:37:00+00:00,9.75,Toronto Maple Leafs,New York Islanders,2,spread,,away,0.5,1.5263,1000
2026-09-30T13:52:04.343851+00:00,nhl,nhl,1637260771,Regular,2026-09-30T23:37:00+00:00,9.75,Toronto Maple Leafs,New York Islanders,2,total,,over,2.0,2.19,500
2026-09-30T13:52:04.343851+00:00,nhl,nhl,1637260771,Regular,2026-09-30T23:37:00+00:00,9.75,Toronto Maple Leafs,New York Islanders,2,total,,under,2.0,1.7194,500
2026-09-30T13:52:04.343851+00:00,nhl,nhl,1637260771,Regular,2026-09-30T23:37:00+00:00,9.75,Toronto Maple Leafs,New York Islanders,6,moneyline,,home,,2.23,2500
2026-09-30T13:52:04.343851+00:00,nhl,nhl,1637260771,Regular,2026-09-30T23:37:00+00:00,9.75,Toronto Maple Leafs,New York Islanders,6,moneyline,,away,,2.75,2500
2026-09-30T13:52:04.343851+00:00,nhl,nhl,1637260771,Regular,2026-09-30T23:37:00+00:00,9.75,Toronto Maple Leafs,New York Islanders,6,moneyline,,draw,,4.17,2500
2026-09-30T13:52:04.343851+00:00,nhl,nhl,1637260771,Regular,2026-09-30T23:37:00+00:00,9.75,Toronto Maple Leafs,New York Islanders,6,team_total,home,over,2.5,1.6173,500
2026-09-30T13:52:04.343851+00:00,nhl,nhl,1637260771,Regular,2026-09-30T23:37:00+00:00,9.75,Toronto Maple Leafs,New York Islanders,6,team_total,home,under,2.5,2.33,500
2026-09-30T13:52:04.343851+00:00,nhl,nhl,1637260771,Regular,2026-09-30T23:37:00+00:00,9.75,Toronto Maple Leafs,New York Islanders,6,team_total,away,over,2.5,1.7874,500
2026-09-30T13:52:04.343851+00:00,nhl,nhl,1637260771,Regular,2026-09-30T23:37:00+00:00,9.75,Toronto Maple Leafs,New York Islanders,6,team_total,away,under,2.5,2.05,500
2026-09-30T13:52:04.343851+00:00,nhl,nhl,1637260771,Regular,2026-09-30T23:37:00+00:00,9.75,Toronto Maple Leafs,New York Islanders,6,spread,,home,0.0,1.7463,2500
2026-09-30T13:52:04.343851+00:00,nhl,nhl,1637260771,Regular,2026-09-30T23:37:00+00:00,9.75,Toronto Maple Leafs,New York Islanders,6,spread,,away,-0.0,2.17,2500
2026-09-30T13:52:04.343851+00:00,nhl,nhl,1637260771,Regular,2026-09-30T23:37:00+00:00,9.75,Toronto Maple Leafs,New York Islanders,6,total,,over,6.0,2.09,2500
2026-09-30T13:52:04.343851+00:00,nhl,nhl,1637260771,Regular,2026-09-30T23:37:00+00:00,9.75,Toronto Maple Leafs,New York Islanders,6,total,,under,6.0,1.8,2500
2026-09-30T13:52:04.343851+00:00,nhl,nhl,1637260771,Regular,2026-09-30T23:37:00+00:00,9.75,Toronto Maple Leafs,New York Islanders,3,moneyline,,home,,1.8264,1000
2026-09-30T13:52:04.343851+00:00,nhl,nhl,1637260771,Regular,2026-09-30T23:37:00+00:00,9.75,Toronto Maple Leafs,New York Islanders,3,moneyline,,away,,2.04,1000
2026-09-30T13:52:04.343851+00:00,nhl,nhl,1637260771,Regular,2026-09-30T23:37:00+00:00,9.75,Toronto Maple Leafs,New York Islanders,3,team_total,home,under,0.5,2.85,500
2026-09-30T13:52:04.343851+00:00,nhl,nhl,1637260771,Regular,2026-09-30T23:37:00+00:00,9.75,Toronto Maple Leafs,New York Islanders,3,team_total,away,over,0.5,1.4975,500
2026-09-30T13:52:04.343851+00:00,nhl,nhl,1637260771,Regular,2026-09-30T23:37:00+00:00,9.75,Toronto Maple Leafs,New York Islanders,3,spread,,home,-0.5,2.44,1000
2026-09-30T13:52:04.343851+00:00,nhl,nhl,1637260771,Regular,2026-09-30T23:37:00+00:00,9.75,Toronto Maple Leafs,New York Islanders,3,spread,,away,0.5,1.5917,1000
2026-09-30T13:52:04.343851+00:00,nhl,nhl,1637260771,Regular,2026-09-30T23:37:00+00:00,9.75,Toronto Maple Leafs,New York Islanders,3,total,,over,2.0,1.8403,500
2026-09-30T13:52:04.343851+00:00,nhl,nhl,1637260771,Regular,2026-09-30T23:37:00+00:00,9.75,Toronto Maple Leafs,New York Islanders,3,total,,under,2.0,2.02,500
2026-09-30T13:52:04.343851+00:00,nhl,nhl,1637265098,Regular,2026-10-01T02:07:00+00:00,12.25,Colorado Avalanche,Los Angeles Kings,0,moneyline,,home,,1.5208,5000
2026-09-30T13:52:04.343851+00:00,nhl,nhl,1637265098,Regular,2026-10-01T02:07:00+00:00,12.25,Colorado Avalanche,Los Angeles Kings,0,moneyline,,away,,2.71,5000
2026-09-30T13:52:04.343851+00:00,nhl,nhl,1637265098,Regular,2026-10-01T02:07:00+00:00,12.25,Colorado Avalanche,Los Angeles Kings,0,team_total,home,under,3.5,1.8929,500
2026-09-30T13:52:04.343851+00:00,nhl,nhl,1637265098,Regular,2026-10-01T02:07:00+00:00,12.25,Colorado Avalanche,Los Angeles Kings,0,team_total,away,over,2.5,1.9091,500
2026-09-30T13:52:04.343851+00:00,nhl,nhl,1637265098,Regular,2026-10-01T02:07:00+00:00,12.25,Colorado Avalanche,Los Angeles Kings,0,spread,,away,1.5,1.6494,3750
2026-09-30T13:52:04.343851+00:00,nhl,nhl,1637265098,Regular,2026-10-01T02:07:00+00:00,12.25,Colorado Avalanche,Los Angeles Kings,0,total,,over,6.0,1.8696,3750
2026-09-30T13:52:04.343851+00:00,nhl,nhl,1637265098,Regular,2026-10-01T02:07:00+00:00,12.25,Colorado Avalanche,Los Angeles Kings,0,total,,under,6.0,2.02,3750
2026-09-30T13:52:04.343851+00:00,nhl,nhl,1637265098,Regular,2026-10-01T02:07:00+00:00,12.25,Colorado Avalanche,Los Angeles Kings,1,moneyline,,home,,1.641,1000
2026-09-30T13:52:04.343851+00:00,nhl,nhl,1637265098,Regular,2026-10-01T02:07:00+00:00,12.25,Colorado Avalanche,Los Angeles Kings,1,moneyline,,away,,2.34,1000
2026-09-30T13:52:04.343851+00:00,nhl,nhl,1637265098,Regular,2026-10-01T02:07:00+00:00,12.25,Colorado Avalanche,Los Angeles Kings,1,team_total,home,under,0.5,2.6,500
2026-09-30T13:52:04.343851+00:00,nhl,nhl,1637265098,Regular,2026-10-01T02:07:00+00:00,12.25,Colorado Avalanche,Los Angeles Kings,1,team_total,away,over,0.5,1.7519,500
2026-09-30T13:52:04.343851+00:00,nhl,nhl,1637265098,Regular,2026-10-01T02:07:00+00:00,12.25,Colorado Avalanche,Los Angeles Kings,1,spread,,home,-0.5,2.38,1000
2026-09-30T13:52:04.343851+00:00,nhl,nhl,1637265098,Regular,2026-10-01T02:07:00+00:00,12.25,Colorado Avalanche,Los Angeles Kings,1,spread,,away,0.5,1.6173,1000
2026-09-30T13:52:04.343851+00:00,nhl,nhl,1637265098,Regular,2026-10-01T02:07:00+00:00,12.25,Colorado Avalanche,Los Angeles Kings,1,total,,over,1.5,1.8,500
2026-09-30T13:52:04.343851+00:00,nhl,nhl,1637265098,Regular,2026-10-01T02:07:00+00:00,12.25,Colorado Avalanche,Los Angeles Kings,1,total,,under,1.5,2.07,500
2026-09-30T13:52:04.343851+00:00,nhl,nhl,1637265098,Regular,2026-10-01T02:07:00+00:00,12.25,Colorado Avalanche,Los Angeles Kings,2,moneyline,,home,,1.6098,1000
2026-09-30T13:52:04.343851+00:00,nhl,nhl,1637265098,Regular,2026-10-01T02:07:00+00:00,12.25,Colorado Avalanche,Los Angeles Kings,2,moneyline,,away,,2.39,1000
2026-09-30T13:52:04.343851+00:00,nhl,nhl,1637265098,Regular,2026-10-01T02:07:00+00:00,12.25,Colorado Avalanche,Los Angeles Kings,2,team_total,home,under,0.5,2.95,500
2026-09-30T13:52:04.343851+00:00,nhl,nhl,1637265098,Regular,2026-10-01T02:07:00+00:00,12.25,Colorado Avalanche,Los Angeles Kings,2,team_total,away,over,0.5,1.6494,500
2026-09-30T13:52:04.343851+00:00,nhl,nhl,1637265098,Regular,2026-10-01T02:07:00+00:00,12.25,Colorado Avalanche,Los Angeles Kings,2,spread,,home,-0.5,2.28,1000
2026-09-30T13:52:04.343851+00:00,nhl,nhl,1637265098,Regular,2026-10-01T02:07:00+00:00,12.25,Colorado Avalanche,Los Angeles Kings,2,spread,,away,0.5,1.6667,1000
2026-09-30T13:52:04.343851+00:00,nhl,nhl,1637265098,Regular,2026-10-01T02:07:00+00:00,12.25,Colorado Avalanche,Los Angeles Kings,2,total,,over,2.0,2.15,500
2026-09-30T13:52:04.343851+00:00,nhl,nhl,1637265098,Regular,2026-10-01T02:07:00+00:00,12.25,Colorado Avalanche,Los Angeles Kings,2,total,,under,2.0,1.7463,500
2026-09-30T13:52:04.343851+00:00,nhl,nhl,1637265098,Regular,2026-10-01T02:07:00+00:00,12.25,Colorado Avalanche,Los Angeles Kings,3,moneyline,,away,,2.42,1000
2026-09-30T13:52:04.343851+00:00,nhl,nhl,1637265098,Regular,2026-10-01T02:07:00+00:00,12.25,Colorado Avalanche,Los Angeles Kings,3,team_total,home,under,1.5,1.5208,500
2026-09-30T13:52:04.343851+00:00,nhl,nhl,1637265098,Regular,2026-10-01T02:07:00+00:00,12.25,Colorado Avalanche,Los Angeles Kings,3,team_total,away,over,0.5,1.5917,500
2026-09-30T13:52:04.343851+00:00,nhl,nhl,1637265098,Regular,2026-10-01T02:07:00+00:00,12.25,Colorado Avalanche,Los Angeles Kings,3,spread,,home,-0.5,2.12,1000
2026-09-30T13:52:04.343851+00:00,nhl,nhl,1637265098,Regular,2026-10-01T02:07:00+00:00,12.25,Colorado Avalanche,Los Angeles Kings,3,spread,,away,0.5,1.7634,1000
2026-09-30T13:52:04.343851+00:00,nhl,nhl,1637265098,Regular,2026-10-01T02:07:00+00:00,12.25,Colorado Avalanche,Los Angeles Kings,3,total,,over,2.0,1.8065,500
2026-09-30T13:52:04.343851+00:00,nhl,nhl,1637265098,Regular,2026-10-01T02:07:00+00:00,12.25,Colorado Avalanche,Los Angeles Kings,3,total,,under,2.0,2.07,500
2026-09-30T13:52:04.343851+00:00,nhl,nhl,1637265098,Regular,2026-10-01T02:07:00+00:00,12.25,Colorado Avalanche,Los Angeles Kings,6,moneyline,,away,,3.51,2500
2026-09-30T13:52:04.343851+00:00,nhl,nhl,1637265098,Regular,2026-10-01T02:07:00+00:00,12.25,Colorado Avalanche,Los Angeles Kings,6,moneyline,,draw,,4.38,2500
2026-09-30T13:52:04.343851+00:00,nhl,nhl,1637265098,Regular,2026-10-01T02:07:00+00:00,12.25,Colorado Avalanche,Los Angeles Kings,6,team_total,home,over,3.5,2.08,500
2026-09-30T13:52:04.343851+00:00,nhl,nhl,1637265098,Regular,2026-10-01T02:07:00+00:00,12.25,Colorado Avalanche,Los Angeles Kings,6,team_total,home,under,3.5,1.7634,500
2026-09-30T13:52:04.343851+00:00,nhl,nhl,1637265098,Regular,2026-10-01T02:07:00+00:00,12.25,Colorado Avalanche,Los Angeles Kings,6,team_total,away,over,2.5,2.01,500
2026-09-30T13:52:04.343851+00:00,nhl,nhl,1637265098,Regular,2026-10-01T02:07:00+00:00,12.25,Colorado Avalanche,Los Angeles Kings,6,spread,,home,-0.5,1.8547,2500
2026-09-30T13:52:04.343851+00:00,nhl,nhl,1637265098,Regular,2026-10-01T02:07:00+00:00,12.25,Colorado Avalanche,Los Angeles Kings,6,spread,,away,0.5,2.02,2500
2026-09-30T13:52:04.343851+00:00,nhl,nhl,1637265098,Regular,2026-10-01T02:07:00+00:00,12.25,Colorado Avalanche,Los Angeles Kings,6,total,,over,6.0,2.01,2500
2026-09-30T13:52:04.343851+00:00,nhl,nhl,1637265098,Regular,2026-10-01T02:07:00+00:00,12.25,Colorado Avalanche,Los Angeles Kings,6,total,,under,6.0,1.8696,2500
2026-09-30T13:52:04.343851+00:00,nhl,nhl,1637265076,Regular,2026-09-30T23:37:00+00:00,9.75,Philadelphia Flyers,Pittsburgh Penguins,0,moneyline,,away,,2.2,5000
2026-09-30T13:52:04.343851+00:00,nhl,nhl,1637265076,Regular,2026-09-30T23:37:00+00:00,9.75,Philadelphia Flyers,Pittsburgh Penguins,0,team_total,home,over,3.5,2.22,500
2026-09-30T13:52:04.343851+00:00,nhl,nhl,1637265076,Regular,2026-09-30T23:37:00+00:00,9.75,Philadelphia Flyers,Pittsburgh Penguins,0,team_total,home,under,3.5,1.6897,500
2026-09-30T13:52:04.343851+00:00,nhl,nhl,1637265076,Regular,2026-09-30T23:37:00+00:00,9.75,Philadelphia Flyers,Pittsburgh Penguins,0,team_total,away,over,2.5,1.7042,500
2026-09-30T13:52:04.343851+00:00,nhl,nhl,1637265076,Regular,2026-09-30T23:37:00+00:00,9.75,Philadelphia Flyers,Pittsburgh Penguins,0,team_total,away,under,2.5,2.19,500
2026-09-30T13:52:04.343851+00:00,nhl,nhl,1637265076,Regular,2026-09-30T23:37:00+00:00,9.75,Philadelphia Flyers,Pittsburgh Penguins,0,spread,,home,-1.5,2.88,3750
2026-09-30T13:52:04.343851+00:00,nhl,nhl,1637265076,Regular,2026-09-30T23:37:00+00:00,9.75,Philadelphia Flyers,Pittsburgh Penguins,0,spread,,away,1.5,1.4608,3750
2026-09-30T13:52:04.343851+00:00,nhl,nhl,1637265076,Regular,2026-09-30T23:37:00+00:00,9.75,Philadelphia Flyers,Pittsburgh Penguins,0,total,,over,6.0,1.8929,3750
2026-09-30T13:52:04.343851+00:00,nhl,nhl,1637265076,Regular,2026-09-30T23:37:00+00:00,9.75,Philadelphia Flyers,Pittsburgh Penguins,1,moneyline,,home,,1.813,1000
2026-09-30T13:52:04.343851+00:00,nhl,nhl,1637265076,Regular,2026-09-30T23:37:00+00:00,9.75,Philadelphia Flyers,Pittsburgh Penguins,1,team_total,home,over,0.5,1.578,500
2026-09-30T13:52:04.343851+00:00,nhl,nhl,1637265076,Regular,2026-09-30T23:37:00+00:00,9.75,Philadelphia Flyers,Pittsburgh Penguins,1,team_total,home,under,0.5,2.42,500
2026-09-30T13:52:04.343851+00:00,nhl,nhl,1637265076,Regular,2026-09-30T23:37:00+00:00,9.75,Philadelphia Flyers,Pittsburgh Penguins,1,team_total,away,over,0.5,1.6623,500
2026-09-30T13:52:04.343851+00:00,nhl,nhl,1637265076,Regular,2026-09-30T23:37:00+00:00,9.75,Philadelphia Flyers,Pittsburgh Penguins,1,team_total,away,under,0.5,2.24,500
2026-09-30T13:52:04.343851+00:00,nhl,nhl,1637265076,Regular,2026-09-30T23:37:00+00:00,9.75,Philadelphia Flyers,Pittsburgh Penguins,1,spread,,home,-0.5,2.65,1000
2026-09-30T13:52:04.343851+00:00,nhl,nhl,1637265076,Regular,2026-09-30T23:37:00+00:00,9.75,Philadelphia Flyers,Pittsburgh Penguins,1,spread,,away,0.5,1.5128,1000
2026-09-30T13:52:04.343851+00:00,nhl,nhl,1637265076,Regular,2026-09-30T23:37:00+00:00,9.75,Philadelphia Flyers,Pittsburgh Penguins,1,total,,over,1.5,1.813,500
2026-09-30T13:52:04.343851+00:00,nhl,nhl,1637265076,Regular,2026-09-30T23:37:00+00:00,9.75,Philadelphia Flyers,Pittsburgh Penguins,1,total,,under,1.5,2.05,500
2026-09-30T13:52:04.343851+00:00,nhl,nhl,1637265076,Regular,2026-09-30T23:37:00+00:00,9.75,Philadelphia Flyers,Pittsburgh Penguins,2,moneyline,,home,,1.8,1000
2026-09-30T13:52:04.343851+00:00,nhl,nhl,1637265076,Regular,2026-09-30T23:37:00+00:00,9.75,Philadelphia Flyers,Pittsburgh Penguins,2,team_total,home,over,0.5,1.4808,500
2026-09-30T13:52:04.343851+00:00,nhl,nhl,1637265076,Regular,2026-09-30T23:37:00+00:00,9.75,Philadelphia Flyers,Pittsburgh Penguins,2,team_total,home,under,0.5,2.69,500
2026-09-30T13:52:04.343851+00:00,nhl,nhl,1637265076,Regular,2026-09-30T23:37:00+00:00,9.75,Philadelphia Flyers,Pittsburgh Penguins,2,team_total,away,over,0.5,1.565,500
2026-09-30T13:52:04.343851+00:00,nhl,nhl,1637265076,Regular,2026-09-30T23:37:00+00:00,9.75,Philadelphia Flyers,Pittsburgh Penguins,2,team_total,away,under,0.5,2.45,500
2026-09-30T13:52:04.343851+00:00,nhl,nhl,1637265076,Regular,2026-09-30T23:37:00+00:00,9.75,Philadelphia Flyers,Pittsburgh Penguins,2,spread,,home,-0.5,2.57,1000
2026-09-30T13:52:04.343851+00:00,nhl,nhl,1637265076,Regular,2026-09-30T23:37:00+00:00,9.75,Philadelphia Flyers,Pittsburgh Penguins,2,spread,,away,0.5,1.5405,1000
2026-09-30T13:52:04.343851+00:00,nhl,nhl,1637265076,Regular,2026-09-30T23:37:00+00:00,9.75,Philadelphia Flyers,Pittsburgh Penguins,2,total,,over,2.0,2.18,500
2026-09-30T13:52:04.343851+00:00,nhl,nhl,1637265076,Regular,2026-09-30T23:37:00+00:00,9.75,Philadelphia Flyers,Pittsburgh Penguins,2,total,,under,2.0,1.7246,500
2026-09-30T13:52:04.343851+00:00,nhl,nhl,1637265076,Regular,2026-09-30T23:37:00+00:00,9.75,Philadelphia Flyers,Pittsburgh Penguins,6,moneyline,,home,,2.19,2500
2026-09-30T13:52:04.343851+00:00,nhl,nhl,1637265076,Regular,2026-09-30T23:37:00+00:00,9.75,Philadelphia Flyers,Pittsburgh Penguins,6,moneyline,,away,,2.81,2500
2026-09-30T13:52:04.343851+00:00,nhl,nhl,1637265076,Regular,2026-09-30T23:37:00+00:00,9.75,Philadelphia Flyers,Pittsburgh Penguins,6,moneyline,,draw,,4.19,2500
2026-09-30T13:52:04.343851+00:00,nhl,nhl,1637265076,Regular,2026-09-30T23:37:00+00:00,9.75,Philadelphia Flyers,Pittsburgh Penguins,6,team_total,home,over,3.5,2.4,500
2026-09-30T13:52:04.343851+00:00,nhl,nhl,1637265076,Regular,2026-09-30T23:37:00+00:00,9.75,Philadelphia Flyers,Pittsburgh Penguins,6,team_total,home,under,3.5,1.5882,500
2026-09-30T13:52:04.343851+00:00,nhl,nhl,1637265076,Regular,2026-09-30T23:37:00+00:00,9.75,Philadelphia Flyers,Pittsburgh Penguins,6,team_total,away,over,2.5,1.8,500
2026-09-30T13:52:04.343851+00:00,nhl,nhl,1637265076,Regular,2026-09-30T23:37:00+00:00,9.75,Philadelphia Flyers,Pittsburgh Penguins,6,team_total,away,under,2.5,2.04,500
2026-09-30T13:52:04.343851+00:00,nhl,nhl,1637265076,Regular,2026-09-30T23:37:00+00:00,9.75,Philadelphia Flyers,Pittsburgh Penguins,6,spread,,home,-0.5,2.2,2500
2026-09-30T13:52:04.343851+00:00,nhl,nhl,1637265076,Regular,2026-09-30T23:37:00+00:00,9.75,Philadelphia Flyers,Pittsburgh Penguins,6,spread,,away,0.5,1.7246,2500
2026-09-30T13:52:04.343851+00:00,nhl,nhl,1637265076,Regular,2026-09-30T23:37:00+00:00,9.75,Philadelphia Flyers,Pittsburgh Penguins,6,total,,over,6.0,2.05,2500
2026-09-30T13:52:04.343851+00:00,nhl,nhl,1637265076,Regular,2026-09-30T23:37:00+00:00,9.75,Philadelphia Flyers,Pittsburgh Penguins,6,total,,under,6.0,1.8333,2500
2026-09-30T13:52:04.343851+00:00,nhl,nhl,1637265076,Regular,2026-09-30T23:37:00+00:00,9.75,Philadelphia Flyers,Pittsburgh Penguins,3,moneyline,,home,,1.7812,1000
2026-09-30T13:52:04.343851+00:00,nhl,nhl,1637265076,Regular,2026-09-30T23:37:00+00:00,9.75,Philadelphia Flyers,Pittsburgh Penguins,3,moneyline,,away,,2.1,1000
2026-09-30T13:52:04.343851+00:00,nhl,nhl,1637265076,Regular,2026-09-30T23:37:00+00:00,9.75,Philadelphia Flyers,Pittsburgh Penguins,3,team_total,home,over,1.5,2.86,500
2026-09-30T13:52:04.343851+00:00,nhl,nhl,1637265076,Regular,2026-09-30T23:37:00+00:00,9.75,Philadelphia Flyers,Pittsburgh Penguins,3,team_total,home,under,1.5,1.431,500
2026-09-30T13:52:04.343851+00:00,nhl,nhl,1637265076,Regular,2026-09-30T23:37:00+00:00,9.75,Philadelphia Flyers,Pittsburgh Penguins,3,team_total,away,over,0.5,1.5208,500
2026-09-30T13:52:04.343851+00:00,nhl,nhl,1637265076,Regular,2026-09-30T23:37:00+00:00,9.75,Philadelphia Flyers,Pittsburgh Penguins,3,spread,,home,-0.5,2.38,1000
2026-09-30T13:52:04.343851+00:00,nhl,nhl,1637265076,Regular,2026-09-30T23:37:00+00:00,9.75,Philadelphia Flyers,Pittsburgh Penguins,3,total,,over,2.0,1.8621,500
2026-09-30T13:52:04.343851+00:00,nhl,nhl,1637265076,Regular,2026-09-30T23:37:00+00:00,9.75,Philadelphia Flyers,Pittsburgh Penguins,3,total,,under,2.0,1.9901,500
2026-09-30T15:01:57.890952+00:00,nhl,nhl,1637260771,Regular,2026-09-30T23:37:00+00:00,8.58,Toronto Maple Leafs,New York Islanders,0,team_total,home,over,3.5,2.3,500
2026-09-30T15:01:57.890952+00:00,nhl,nhl,1637260771,Regular,2026-09-30T23:37:00+00:00,8.58,Toronto Maple Leafs,New York Islanders,0,team_total,home,under,3.5,1.6452,500
2026-09-30T15:01:57.890952+00:00,nhl,nhl,1637260771,Regular,2026-09-30T23:37:00+00:00,8.58,Toronto Maple Leafs,New York Islanders,0,team_total,away,over,2.5,1.6667,500
2026-09-30T15:01:57.890952+00:00,nhl,nhl,1637260771,Regular,2026-09-30T23:37:00+00:00,8.58,Toronto Maple Leafs,New York Islanders,0,team_total,away,under,2.5,2.26,500
2026-09-30T15:01:57.890952+00:00,nhl,nhl,1637260771,Regular,2026-09-30T23:37:00+00:00,8.58,Toronto Maple Leafs,New York Islanders,6,moneyline,,home,,2.25,2500
2026-09-30T15:01:57.890952+00:00,nhl,nhl,1637260771,Regular,2026-09-30T23:37:00+00:00,8.58,Toronto Maple Leafs,New York Islanders,6,moneyline,,away,,2.73,2500
2026-09-30T15:01:57.890952+00:00,nhl,nhl,1637260771,Regular,2026-09-30T23:37:00+00:00,8.58,Toronto Maple Leafs,New York Islanders,6,team_total,home,over,2.5,1.625,500
2026-09-30T15:01:57.890952+00:00,nhl,nhl,1637260771,Regular,2026-09-30T23:37:00+00:00,8.58,Toronto Maple Leafs,New York Islanders,6,team_total,home,under,2.5,2.32,500
2026-09-30T15:01:57.890952+00:00,nhl,nhl,1637260771,Regular,2026-09-30T23:37:00+00:00,8.58,Toronto Maple Leafs,New York Islanders,6,team_total,away,over,2.5,1.7812,500
2026-09-30T15:01:57.890952+00:00,nhl,nhl,1637260771,Regular,2026-09-30T23:37:00+00:00,8.58,Toronto Maple Leafs,New York Islanders,6,spread,,home,0.0,1.7576,2500
2026-09-30T15:01:57.890952+00:00,nhl,nhl,1637260771,Regular,2026-09-30T23:37:00+00:00,8.58,Toronto Maple Leafs,New York Islanders,6,spread,,away,-0.0,2.15,2500
2026-09-30T15:01:57.890952+00:00,nhl,nhl,1637260771,Regular,2026-09-30T23:37:00+00:00,8.58,Toronto Maple Leafs,New York Islanders,6,total,,over,6.0,2.1,2500
2026-09-30T15:01:57.890952+00:00,nhl,nhl,1637260771,Regular,2026-09-30T23:37:00+00:00,8.58,Toronto Maple Leafs,New York Islanders,6,total,,under,6.0,1.7937,2500
2026-09-30T15:01:57.890952+00:00,nhl,nhl,1637265076,Regular,2026-09-30T23:37:00+00:00,8.58,Philadelphia Flyers,Pittsburgh Penguins,6,moneyline,,home,,2.2,2500
2026-09-30T15:01:57.890952+00:00,nhl,nhl,1637265076,Regular,2026-09-30T23:37:00+00:00,8.58,Philadelphia Flyers,Pittsburgh Penguins,6,team_total,home,over,2.5,1.5882,500
2026-09-30T15:01:57.890952+00:00,nhl,nhl,1637265076,Regular,2026-09-30T23:37:00+00:00,8.58,Philadelphia Flyers,Pittsburgh Penguins,6,team_total,home,under,2.5,2.39,500
2026-09-30T15:01:57.890952+00:00,nhl,nhl,1637265076,Regular,2026-09-30T23:37:00+00:00,8.58,Philadelphia Flyers,Pittsburgh Penguins,6,team_total,away,under,2.5,2.03,500
2026-09-30T15:25:19.495286+00:00,nhl,nhl,1637265076,Regular,2026-09-30T23:37:00+00:00,8.19,Philadelphia Flyers,Pittsburgh Penguins,0,moneyline,,home,,1.7407,5000
2026-09-30T15:25:19.495286+00:00,nhl,nhl,1637265076,Regular,2026-09-30T23:37:00+00:00,8.19,Philadelphia Flyers,Pittsburgh Penguins,0,moneyline,,away,,2.22,5000
2026-09-30T15:25:19.495286+00:00,nhl,nhl,1637265076,Regular,2026-09-30T23:37:00+00:00,8.19,Philadelphia Flyers,Pittsburgh Penguins,0,team_total,home,over,3.5,2.21,500
2026-09-30T15:25:19.495286+00:00,nhl,nhl,1637265076,Regular,2026-09-30T23:37:00+00:00,8.19,Philadelphia Flyers,Pittsburgh Penguins,0,team_total,home,under,3.5,1.6944,500
2026-09-30T15:25:19.495286+00:00,nhl,nhl,1637265076,Regular,2026-09-30T23:37:00+00:00,8.19,Philadelphia Flyers,Pittsburgh Penguins,0,team_total,away,over,2.5,1.7143,500
2026-09-30T15:25:19.495286+00:00,nhl,nhl,1637265076,Regular,2026-09-30T23:37:00+00:00,8.19,Philadelphia Flyers,Pittsburgh Penguins,0,team_total,away,under,2.5,2.18,500
2026-09-30T15:25:19.495286+00:00,nhl,nhl,1637265076,Regular,2026-09-30T23:37:00+00:00,8.19,Philadelphia Flyers,Pittsburgh Penguins,0,spread,,home,-1.5,2.86,3750
2026-09-30T15:25:19.495286+00:00,nhl,nhl,1637265076,Regular,2026-09-30T23:37:00+00:00,8.19,Philadelphia Flyers,Pittsburgh Penguins,0,spread,,away,1.5,1.4651,3750
2026-09-30T15:25:19.495286+00:00,nhl,nhl,1637265076,Regular,2026-09-30T23:37:00+00:00,8.19,Philadelphia Flyers,Pittsburgh Penguins,0,total,,over,6.0,1.9009,3750
2026-09-30T15:25:19.495286+00:00,nhl,nhl,1637265076,Regular,2026-09-30T23:37:00+00:00,8.19,Philadelphia Flyers,Pittsburgh Penguins,1,moneyline,,away,,2.06,1000
2026-09-30T15:25:19.495286+00:00,nhl,nhl,1637265076,Regular,2026-09-30T23:37:00+00:00,8.19,Philadelphia Flyers,Pittsburgh Penguins,2,spread,,home,-0.5,2.56,1000
2026-09-30T15:25:19.495286+00:00,nhl,nhl,1637265076,Regular,2026-09-30T23:37:00+00:00,8.19,Philadelphia Flyers,Pittsburgh Penguins,2,spread,,away,0.5,1.5435,1000
2026-09-30T15:25:19.495286+00:00,nhl,nhl,1637265076,Regular,2026-09-30T23:37:00+00:00,8.19,Philadelphia Flyers,Pittsburgh Penguins,3,moneyline,,home,,1.7752,1000
2026-09-30T15:25:19.495286+00:00,nhl,nhl,1637265076,Regular,2026-09-30T23:37:00+00:00,8.19,Philadelphia Flyers,Pittsburgh Penguins,3,team_total,home,under,1.5,1.4329,500
2026-09-30T15:25:19.495286+00:00,nhl,nhl,1637265076,Regular,2026-09-30T23:37:00+00:00,8.19,Philadelphia Flyers,Pittsburgh Penguins,3,team_total,away,under,0.5,2.56,500
2026-09-30T15:25:19.495286+00:00,nhl,nhl,1637265076,Regular,2026-09-30T23:37:00+00:00,8.19,Philadelphia Flyers,Pittsburgh Penguins,3,spread,,home,-0.5,2.37,1000
2026-09-30T15:25:19.495286+00:00,nhl,nhl,1637265076,Regular,2026-09-30T23:37:00+00:00,8.19,Philadelphia Flyers,Pittsburgh Penguins,3,spread,,away,0.5,1.6211,1000
2026-09-30T15:25:19.495286+00:00,nhl,nhl,1637265076,Regular,2026-09-30T23:37:00+00:00,8.19,Philadelphia Flyers,Pittsburgh Penguins,6,moneyline,,home,,2.17,2500
2026-09-30T15:25:19.495286+00:00,nhl,nhl,1637265076,Regular,2026-09-30T23:37:00+00:00,8.19,Philadelphia Flyers,Pittsburgh Penguins,6,moneyline,,away,,2.84,2500
2026-09-30T15:25:19.495286+00:00,nhl,nhl,1637265076,Regular,2026-09-30T23:37:00+00:00,8.19,Philadelphia Flyers,Pittsburgh Penguins,6,team_total,home,over,3.5,2.39,500
2026-09-30T15:25:19.495286+00:00,nhl,nhl,1637265076,Regular,2026-09-30T23:37:00+00:00,8.19,Philadelphia Flyers,Pittsburgh Penguins,6,team_total,home,under,3.5,1.5917,500
2026-09-30T15:25:19.495286+00:00,nhl,nhl,1637265076,Regular,2026-09-30T23:37:00+00:00,8.19,Philadelphia Flyers,Pittsburgh Penguins,6,team_total,away,over,2.5,1.8065,500
2026-09-30T15:25:19.495286+00:00,nhl,nhl,1637265076,Regular,2026-09-30T23:37:00+00:00,8.19,Philadelphia Flyers,Pittsburgh Penguins,6,team_total,away,under,2.5,2.02,500
2026-09-30T15:25:19.495286+00:00,nhl,nhl,1637265076,Regular,2026-09-30T23:37:00+00:00,8.19,Philadelphia Flyers,Pittsburgh Penguins,6,spread,,home,-0.5,2.18,2500
2026-09-30T15:25:19.495286+00:00,nhl,nhl,1637265076,Regular,2026-09-30T23:37:00+00:00,8.19,Philadelphia Flyers,Pittsburgh Penguins,6,spread,,away,0.5,1.7353,2500
2026-09-30T15:25:19.495286+00:00,nhl,nhl,1637260771,Regular,2026-09-30T23:37:00+00:00,8.19,Toronto Maple Leafs,New York Islanders,0,moneyline,,home,,1.8,5000
2026-09-30T15:25:19.495286+00:00,nhl,nhl,1637260771,Regular,2026-09-30T23:37:00+00:00,8.19,Toronto Maple Leafs,New York Islanders,0,moneyline,,away,,2.13,5000
2026-09-30T15:25:19.495286+00:00,nhl,nhl,1637260771,Regular,2026-09-30T23:37:00+00:00,8.19,Toronto Maple Leafs,New York Islanders,0,team_total,home,over,3.5,2.31,500
2026-09-30T15:25:19.495286+00:00,nhl,nhl,1637260771,Regular,2026-09-30T23:37:00+00:00,8.19,Toronto Maple Leafs,New York Islanders,0,team_total,home,under,3.5,1.6369,500
2026-09-30T15:25:19.495286+00:00,nhl,nhl,1637260771,Regular,2026-09-30T23:37:00+00:00,8.19,Toronto Maple Leafs,New York Islanders,0,team_total,away,over,2.5,1.6623,500
2026-09-30T15:25:19.495286+00:00,nhl,nhl,1637260771,Regular,2026-09-30T23:37:00+00:00,8.19,Toronto Maple Leafs,New York Islanders,0,team_total,away,under,2.5,2.27,500
2026-09-30T15:25:19.495286+00:00,nhl,nhl,1637260771,Regular,2026-09-30T23:37:00+00:00,8.19,Toronto Maple Leafs,New York Islanders,0,spread,,home,-1.5,3.03,3750
2026-09-30T15:25:19.495286+00:00,nhl,nhl,1637260771,Regular,2026-09-30T23:37:00+00:00,8.19,Toronto Maple Leafs,New York Islanders,0,spread,,away,1.5,1.4237,3750
2026-09-30T15:25:19.495286+00:00,nhl,nhl,1637260771,Regular,2026-09-30T23:37:00+00:00,8.19,Toronto Maple Leafs,New York Islanders,0,total,,over,6.0,1.9434,3750
2026-09-30T15:25:19.495286+00:00,nhl,nhl,1637260771,Regular,2026-09-30T23:37:00+00:00,8.19,Toronto Maple Leafs,New York Islanders,0,total,,under,6.0,1.9434,3750
2026-09-30T15:58:59.127722+00:00,nhl,nhl,1637265098,Regular,2026-10-01T02:07:00+00:00,10.13,Colorado Avalanche,Los Angeles Kings,0,moneyline,,home,,1.5236,5000
2026-09-30T15:58:59.127722+00:00,nhl,nhl,1637265098,Regular,2026-10-01T02:07:00+00:00,10.13,Colorado Avalanche,Los Angeles Kings,0,team_total,home,over,3.5,1.9259,500
2026-09-30T15:58:59.127722+00:00,nhl,nhl,1637265098,Regular,2026-10-01T02:07:00+00:00,10.13,Colorado Avalanche,Los Angeles Kings,0,team_total,home,under,3.5,1.9091,500
2026-09-30T15:58:59.127722+00:00,nhl,nhl,1637265098,Regular,2026-10-01T02:07:00+00:00,10.13,Colorado Avalanche,Los Angeles Kings,0,team_total,away,over,2.5,1.8929,500
2026-09-30T15:58:59.127722+00:00,nhl,nhl,1637265098,Regular,2026-10-01T02:07:00+00:00,10.13,Colorado Avalanche,Los Angeles Kings,0,team_total,away,under,2.5,1.9434,500
2026-09-30T15:58:59.127722+00:00,nhl,nhl,1637265098,Regular,2026-10-01T02:07:00+00:00,10.13,Colorado Avalanche,Los Angeles Kings,0,spread,,home,-1.5,2.35,3750
2026-09-30T15:58:59.127722+00:00,nhl,nhl,1637265098,Regular,2026-10-01T02:07:00+00:00,10.13,Colorado Avalanche,Los Angeles Kings,0,spread,,away,1.5,1.6536,3750
2026-09-30T15:58:59.127722+00:00,nhl,nhl,1637265098,Regular,2026-10-01T02:07:00+00:00,10.13,Colorado Avalanche,Los Angeles Kings,0,total,,over,6.0,1.8475,3750
2026-09-30T15:58:59.127722+00:00,nhl,nhl,1637265098,Regular,2026-10-01T02:07:00+00:00,10.13,Colorado Avalanche,Los Angeles Kings,0,total,,under,6.0,2.05,3750
2026-09-30T15:58:59.127722+00:00,nhl,nhl,1637265098,Regular,2026-10-01T02:07:00+00:00,10.13,Colorado Avalanche,Los Angeles Kings,2,moneyline,,home,,1.6135,1000
2026-09-30T15:58:59.127722+00:00,nhl,nhl,1637265098,Regular,2026-10-01T02:07:00+00:00,10.13,Colorado Avalanche,Los Angeles Kings,2,team_total,home,over,0.5,1.4082,500
2026-09-30T15:58:59.127722+00:00,nhl,nhl,1637265098,Regular,2026-10-01T02:07:00+00:00,10.13,Colorado Avalanche,Los Angeles Kings,2,team_total,home,under,0.5,2.96,500
2026-09-30T15:58:59.127722+00:00,nhl,nhl,1637265098,Regular,2026-10-01T02:07:00+00:00,10.13,Colorado Avalanche,Los Angeles Kings,2,team_total,away,over,0.5,1.6452,500
2026-09-30T15:58:59.127722+00:00,nhl,nhl,1637265098,Regular,2026-10-01T02:07:00+00:00,10.13,Colorado Avalanche,Los Angeles Kings,2,total,,over,2.0,2.14,500
2026-09-30T15:58:59.127722+00:00,nhl,nhl,1637265098,Regular,2026-10-01T02:07:00+00:00,10.13,Colorado Avalanche,Los Angeles Kings,2,total,,under,2.0,1.7519,500
2026-09-30T15:58:59.127722+00:00,nhl,nhl,1637265098,Regular,2026-10-01T02:07:00+00:00,10.13,Colorado Avalanche,Los Angeles Kings,1,team_total,home,over,0.5,1.5051,500
2026-09-30T15:58:59.127722+00:00,nhl,nhl,1637265098,Regular,2026-10-01T02:07:00+00:00,10.13,Colorado Avalanche,Los Angeles Kings,1,team_total,home,under,0.5,2.61,500
2026-09-30T15:58:59.127722+00:00,nhl,nhl,1637265098,Regular,2026-10-01T02:07:00+00:00,10.13,Colorado Avalanche,Los Angeles Kings,1,total,,under,1.5,2.08,500
2026-09-30T15:58:59.127722+00:00,nhl,nhl,1637265098,Regular,2026-10-01T02:07:00+00:00,10.13,Colorado Avalanche,Los Angeles Kings,3,team_total,home,under,1.5,1.5236,500
2026-09-30T15:58:59.127722+00:00,nhl,nhl,1637265098,Regular,2026-10-01T02:07:00+00:00,10.13,Colorado Avalanche,Los Angeles Kings,3,team_total,away,over,0.5,1.5882,500
2026-09-30T15:58:59.127722+00:00,nhl,nhl,1637265098,Regular,2026-10-01T02:07:00+00:00,10.13,Colorado Avalanche,Los Angeles Kings,3,team_total,away,under,0.5,2.39,500
2026-09-30T15:58:59.127722+00:00,nhl,nhl,1637265098,Regular,2026-10-01T02:07:00+00:00,10.13,Colorado Avalanche,Los Angeles Kings,3,total,,over,2.0,1.7937,500
2026-09-30T15:58:59.127722+00:00,nhl,nhl,1637265098,Regular,2026-10-01T02:07:00+00:00,10.13,Colorado Avalanche,Los Angeles Kings,3,total,,under,2.0,2.08,500
2026-09-30T15:58:59.127722+00:00,nhl,nhl,1637265098,Regular,2026-10-01T02:07:00+00:00,10.13,Colorado Avalanche,Los Angeles Kings,6,team_total,home,over,3.5,2.07,500
2026-09-30T15:58:59.127722+00:00,nhl,nhl,1637265098,Regular,2026-10-01T02:07:00+00:00,10.13,Colorado Avalanche,Los Angeles Kings,6,team_total,home,under,3.5,1.7752,500
2026-09-30T15:58:59.127722+00:00,nhl,nhl,1637265098,Regular,2026-10-01T02:07:00+00:00,10.13,Colorado Avalanche,Los Angeles Kings,6,team_total,away,over,2.5,1.9901,500
2026-09-30T15:58:59.127722+00:00,nhl,nhl,1637265098,Regular,2026-10-01T02:07:00+00:00,10.13,Colorado Avalanche,Los Angeles Kings,6,team_total,away,under,2.5,1.8333,500
2026-09-30T15:58:59.127722+00:00,nhl,nhl,1637265098,Regular,2026-10-01T02:07:00+00:00,10.13,Colorado Avalanche,Los Angeles Kings,6,spread,,home,-0.5,1.8621,2500
2026-09-30T15:58:59.127722+00:00,nhl,nhl,1637265098,Regular,2026-10-01T02:07:00+00:00,10.13,Colorado Avalanche,Los Angeles Kings,6,total,,over,6.0,1.9804,2500
2026-09-30T15:58:59.127722+00:00,nhl,nhl,1637265098,Regular,2026-10-01T02:07:00+00:00,10.13,Colorado Avalanche,Los Angeles Kings,6,total,,under,6.0,1.8929,2500
2026-09-30T15:58:59.127722+00:00,nhl,nhl,1637530216,Daily Total,2026-09-30T23:36:00+00:00,7.62,Home Goals (3 Games),Away Goals (3 Games),0,moneyline,,home,,1.5556,1000
2026-09-30T15:58:59.127722+00:00,nhl,nhl,1637530216,Daily Total,2026-09-30T23:36:00+00:00,7.62,Home Goals (3 Games),Away Goals (3 Games),0,moneyline,,away,,2.53,1000
2026-09-30T15:58:59.127722+00:00,nhl,nhl,1637530216,Daily Total,2026-09-30T23:36:00+00:00,7.62,Home Goals (3 Games),Away Goals (3 Games),0,total,,over,18.5,1.8547,1000
2026-09-30T15:58:59.127722+00:00,nhl,nhl,1637530216,Daily Total,2026-09-30T23:36:00+00:00,7.62,Home Goals (3 Games),Away Goals (3 Games),0,total,,under,18.5,2.0,1000
2026-09-30T15:58:59.127722+00:00,nhl,nhl,1637260771,Regular,2026-09-30T23:37:00+00:00,7.63,Toronto Maple Leafs,New York Islanders,0,moneyline,,away,,2.14,5000
2026-09-30T15:58:59.127722+00:00,nhl,nhl,1637260771,Regular,2026-09-30T23:37:00+00:00,7.63,Toronto Maple Leafs,New York Islanders,0,team_total,home,over,3.5,2.3,500
2026-09-30T15:58:59.127722+00:00,nhl,nhl,1637260771,Regular,2026-09-30T23:37:00+00:00,7.63,Toronto Maple Leafs,New York Islanders,0,team_total,home,under,3.5,1.6452,500
2026-09-30T15:58:59.127722+00:00,nhl,nhl,1637260771,Regular,2026-09-30T23:37:00+00:00,7.63,Toronto Maple Leafs,New York Islanders,0,team_total,away,over,2.5,1.6494,500
2026-09-30T15:58:59.127722+00:00,nhl,nhl,1637260771,Regular,2026-09-30T23:37:00+00:00,7.63,Toronto Maple Leafs,New York Islanders,0,team_total,away,under,2.5,2.29,500
2026-09-30T15:58:59.127722+00:00,nhl,nhl,1637260771,Regular,2026-09-30T23:37:00+00:00,7.63,Toronto Maple Leafs,New York Islanders,0,spread,,away,1.5,1.4255,3750
2026-09-30T15:58:59.127722+00:00,nhl,nhl,1637260771,Regular,2026-09-30T23:37:00+00:00,7.63,Toronto Maple Leafs,New York Islanders,0,total,,over,6.0,1.9174,3750
2026-09-30T15:58:59.127722+00:00,nhl,nhl,1637260771,Regular,2026-09-30T23:37:00+00:00,7.63,Toronto Maple Leafs,New York Islanders,0,total,,under,6.0,1.9709,3750
2026-09-30T15:58:59.127722+00:00,nhl,nhl,1637260771,Regular,2026-09-30T23:37:00+00:00,7.63,Toronto Maple Leafs,New York Islanders,1,team_total,home,under,0.5,2.4,500
2026-09-30T15:58:59.127722+00:00,nhl,nhl,1637260771,Regular,2026-09-30T23:37:00+00:00,7.63,Toronto Maple Leafs,New York Islanders,1,team_total,away,over,0.5,1.6494,500
2026-09-30T15:58:59.127722+00:00,nhl,nhl,1637260771,Regular,2026-09-30T23:37:00+00:00,7.63,Toronto Maple Leafs,New York Islanders,1,team_total,away,under,0.5,2.27,500
2026-09-30T15:58:59.127722+00:00,nhl,nhl,1637260771,Regular,2026-09-30T23:37:00+00:00,7.63,Toronto Maple Leafs,New York Islanders,1,total,,under,1.5,2.06,500
2026-09-30T15:58:59.127722+00:00,nhl,nhl,1637260771,Regular,2026-09-30T23:37:00+00:00,7.63,Toronto Maple Leafs,New York Islanders,3,moneyline,,away,,2.03,1000
2026-09-30T15:58:59.127722+00:00,nhl,nhl,1637260771,Regular,2026-09-30T23:37:00+00:00,7.63,Toronto Maple Leafs,New York Islanders,3,team_total,away,over,0.5,1.495,500
2026-09-30T15:58:59.127722+00:00,nhl,nhl,1637260771,Regular,2026-09-30T23:37:00+00:00,7.63,Toronto Maple Leafs,New York Islanders,3,team_total,away,under,0.5,2.64,500
2026-09-30T15:58:59.127722+00:00,nhl,nhl,1637260771,Regular,2026-09-30T23:37:00+00:00,7.63,Toronto Maple Leafs,New York Islanders,3,spread,,away,0.5,1.5882,1000
2026-09-30T15:58:59.127722+00:00,nhl,nhl,1637260771,Regular,2026-09-30T23:37:00+00:00,7.63,Toronto Maple Leafs,New York Islanders,3,total,,over,2.0,1.8333,500
2026-09-30T15:58:59.127722+00:00,nhl,nhl,1637260771,Regular,2026-09-30T23:37:00+00:00,7.63,Toronto Maple Leafs,New York Islanders,3,total,,under,2.0,2.03,500
2026-09-30T15:58:59.127722+00:00,nhl,nhl,1637260771,Regular,2026-09-30T23:37:00+00:00,7.63,Toronto Maple Leafs,New York Islanders,2,team_total,home,over,0.5,1.4902,500
2026-09-30T15:58:59.127722+00:00,nhl,nhl,1637260771,Regular,2026-09-30T23:37:00+00:00,7.63,Toronto Maple Leafs,New York Islanders,2,team_total,away,over,0.5,1.5525,500
2026-09-30T15:58:59.127722+00:00,nhl,nhl,1637260771,Regular,2026-09-30T23:37:00+00:00,7.63,Toronto Maple Leafs,New York Islanders,2,team_total,away,under,0.5,2.48,500
2026-09-30T15:58:59.127722+00:00,nhl,nhl,1637260771,Regular,2026-09-30T23:37:00+00:00,7.63,Toronto Maple Leafs,New York Islanders,2,total,,over,2.0,2.18,500
2026-09-30T15:58:59.127722+00:00,nhl,nhl,1637260771,Regular,2026-09-30T23:37:00+00:00,7.63,Toronto Maple Leafs,New York Islanders,2,total,,under,2.0,1.7246,500
2026-09-30T15:58:59.127722+00:00,nhl,nhl,1637260771,Regular,2026-09-30T23:37:00+00:00,7.63,Toronto Maple Leafs,New York Islanders,6,team_total,home,over,2.5,1.6173,500
2026-09-30T15:58:59.127722+00:00,nhl,nhl,1637260771,Regular,2026-09-30T23:37:00+00:00,7.63,Toronto Maple Leafs,New York Islanders,6,team_total,home,under,2.5,2.33,500
2026-09-30T15:58:59.127722+00:00,nhl,nhl,1637260771,Regular,2026-09-30T23:37:00+00:00,7.63,Toronto Maple Leafs,New York Islanders,6,team_total,away,over,2.5,1.7692,500
2026-09-30T15:58:59.127722+00:00,nhl,nhl,1637260771,Regular,2026-09-30T23:37:00+00:00,7.63,Toronto Maple Leafs,New York Islanders,6,team_total,away,under,2.5,2.07,500
2026-09-30T15:58:59.127722+00:00,nhl,nhl,1637260771,Regular,2026-09-30T23:37:00+00:00,7.63,Toronto Maple Leafs,New York Islanders,6,total,,over,6.0,2.07,2500
2026-09-30T15:58:59.127722+00:00,nhl,nhl,1637260771,Regular,2026-09-30T23:37:00+00:00,7.63,Toronto Maple Leafs,New York Islanders,6,total,,under,6.0,1.813,2500
2026-09-30T16:59:17.848087+00:00,nhl,nhl,1637265098,Regular,2026-10-01T02:07:00+00:00,9.13,Colorado Avalanche,Los Angeles Kings,0,moneyline,,home,,1.5208,5000
2026-09-30T16:59:17.848087+00:00,nhl,nhl,1637265098,Regular,2026-10-01T02:07:00+00:00,9.13,Colorado Avalanche,Los Angeles Kings,0,team_total,away,over,2.5,1.9174,500
2026-09-30T16:59:17.848087+00:00,nhl,nhl,1637265098,Regular,2026-10-01T02:07:00+00:00,9.13,Colorado Avalanche,Los Angeles Kings,0,team_total,away,under,2.5,1.9174,500
2026-09-30T17:12:03.343960+00:00,nhl,nhl,1637260771,Regular,2026-09-30T23:37:00+00:00,6.42,Toronto Maple Leafs,New York Islanders,0,moneyline,,home,,1.7937,5000
2026-09-30T17:12:03.343960+00:00,nhl,nhl,1637260771,Regular,2026-09-30T23:37:00+00:00,6.42,Toronto Maple Leafs,New York Islanders,0,team_total,home,over,3.5,2.29,500
2026-09-30T17:12:03.343960+00:00,nhl,nhl,1637260771,Regular,2026-09-30T23:37:00+00:00,6.42,Toronto Maple Leafs,New York Islanders,0,team_total,home,under,3.5,1.6494,500
2026-09-30T17:12:03.343960+00:00,nhl,nhl,1637260771,Regular,2026-09-30T23:37:00+00:00,6.42,Toronto Maple Leafs,New York Islanders,0,team_total,away,over,2.5,1.6211,500
2026-09-30T17:12:03.343960+00:00,nhl,nhl,1637260771,Regular,2026-09-30T23:37:00+00:00,6.42,Toronto Maple Leafs,New York Islanders,0,team_total,away,under,2.5,2.35,500
2026-09-30T17:12:03.343960+00:00,nhl,nhl,1637260771,Regular,2026-09-30T23:37:00+00:00,6.42,Toronto Maple Leafs,New York Islanders,0,spread,,home,-1.5,3.01,3750
2026-09-30T17:12:03.343960+00:00,nhl,nhl,1637260771,Regular,2026-09-30T23:37:00+00:00,6.42,Toronto Maple Leafs,New York Islanders,0,spread,,away,1.5,1.4274,3750
2026-09-30T17:12:03.343960+00:00,nhl,nhl,1637260771,Regular,2026-09-30T23:37:00+00:00,6.42,Toronto Maple Leafs,New York Islanders,3,spread,,away,0.5,1.5917,1000
2026-09-30T17:12:03.343960+00:00,nhl,nhl,1637260771,Regular,2026-09-30T23:37:00+00:00,6.42,Toronto Maple Leafs,New York Islanders,6,moneyline,,draw,,4.18,2500
2026-09-30T17:12:03.343960+00:00,nhl,nhl,1637260771,Regular,2026-09-30T23:37:00+00:00,6.42,Toronto Maple Leafs,New York Islanders,6,team_total,away,over,2.5,1.7752,500
2026-09-30T17:12:03.343960+00:00,nhl,nhl,1637265076,Regular,2026-09-30T23:37:00+00:00,6.42,Philadelphia Flyers,Pittsburgh Penguins,0,moneyline,,home,,1.6993,5000
2026-09-30T17:12:03.343960+00:00,nhl,nhl,1637265076,Regular,2026-09-30T23:37:00+00:00,6.42,Philadelphia Flyers,Pittsburgh Penguins,0,moneyline,,away,,2.29,5000
2026-09-30T17:12:03.343960+00:00,nhl,nhl,1637265076,Regular,2026-09-30T23:37:00+00:00,6.42,Philadelphia Flyers,Pittsburgh Penguins,0,team_total,home,over,3.5,2.17,500
2026-09-30T17:12:03.343960+00:00,nhl,nhl,1637265076,Regular,2026-09-30T23:37:00+00:00,6.42,Philadelphia Flyers,Pittsburgh Penguins,0,team_total,home,under,3.5,1.7143,500
2026-09-30T17:12:03.343960+00:00,nhl,nhl,1637265076,Regular,2026-09-30T23:37:00+00:00,6.42,Philadelphia Flyers,Pittsburgh Penguins,0,team_total,away,over,2.5,1.7353,500
2026-09-30T17:12:03.343960+00:00,nhl,nhl,1637265076,Regular,2026-09-30T23:37:00+00:00,6.42,Philadelphia Flyers,Pittsburgh Penguins,0,team_total,away,under,2.5,2.14,500
2026-09-30T17:12:03.343960+00:00,nhl,nhl,1637265076,Regular,2026-09-30T23:37:00+00:00,6.42,Philadelphia Flyers,Pittsburgh Penguins,0,spread,,home,-1.5,2.8,3750
2026-09-30T17:12:03.343960+00:00,nhl,nhl,1637265076,Regular,2026-09-30T23:37:00+00:00,6.42,Philadelphia Flyers,Pittsburgh Penguins,0,spread,,away,1.5,1.4831,3750
2026-09-30T17:12:03.343960+00:00,nhl,nhl,1637265076,Regular,2026-09-30T23:37:00+00:00,6.42,Philadelphia Flyers,Pittsburgh Penguins,2,moneyline,,home,,1.7812,1000
2026-09-30T17:12:03.343960+00:00,nhl,nhl,1637265076,Regular,2026-09-30T23:37:00+00:00,6.42,Philadelphia Flyers,Pittsburgh Penguins,2,moneyline,,away,,2.1,1000
2026-09-30T17:12:03.343960+00:00,nhl,nhl,1637265076,Regular,2026-09-30T23:37:00+00:00,6.42,Philadelphia Flyers,Pittsburgh Penguins,2,team_total,home,over,0.5,1.4739,500
2026-09-30T17:12:03.343960+00:00,nhl,nhl,1637265076,Regular,2026-09-30T23:37:00+00:00,6.42,Philadelphia Flyers,Pittsburgh Penguins,2,team_total,home,under,0.5,2.71,500
2026-09-30T17:12:03.343960+00:00,nhl,nhl,1637265076,Regular,2026-09-30T23:37:00+00:00,6.42,Philadelphia Flyers,Pittsburgh Penguins,2,team_total,away,over,0.5,1.5714,500
2026-09-30T17:12:03.343960+00:00,nhl,nhl,1637265076,Regular,2026-09-30T23:37:00+00:00,6.42,Philadelphia Flyers,Pittsburgh Penguins,2,team_total,away,under,0.5,2.43,500
2026-09-30T17:12:03.343960+00:00,nhl,nhl,1637265076,Regular,2026-09-30T23:37:00+00:00,6.42,Philadelphia Flyers,Pittsburgh Penguins,2,spread,,home,-0.5,2.54,1000
2026-09-30T17:12:03.343960+00:00,nhl,nhl,1637265076,Regular,2026-09-30T23:37:00+00:00,6.42,Philadelphia Flyers,Pittsburgh Penguins,2,spread,,away,0.5,1.5525,1000
2026-09-30T17:12:03.343960+00:00,nhl,nhl,1637265076,Regular,2026-09-30T23:37:00+00:00,6.42,Philadelphia Flyers,Pittsburgh Penguins,1,moneyline,,home,,1.7937,1000
2026-09-30T17:12:03.343960+00:00,nhl,nhl,1637265076,Regular,2026-09-30T23:37:00+00:00,6.42,Philadelphia Flyers,Pittsburgh Penguins,1,moneyline,,away,,2.08,1000
2026-09-30T17:12:03.343960+00:00,nhl,nhl,1637265076,Regular,2026-09-30T23:37:00+00:00,6.42,Philadelphia Flyers,Pittsburgh Penguins,1,team_total,home,over,0.5,1.5714,500
2026-09-30T17:12:03.343960+00:00,nhl,nhl,1637265076,Regular,2026-09-30T23:37:00+00:00,6.42,Philadelphia Flyers,Pittsburgh Penguins,1,team_total,home,under,0.5,2.43,500
2026-09-30T17:12:03.343960+00:00,nhl,nhl,1637265076,Regular,2026-09-30T23:37:00+00:00,6.42,Philadelphia Flyers,Pittsburgh Penguins,1,team_total,away,over,0.5,1.6711,500
2026-09-30T17:12:03.343960+00:00,nhl,nhl,1637265076,Regular,2026-09-30T23:37:00+00:00,6.42,Philadelphia Flyers,Pittsburgh Penguins,1,team_total,away,under,0.5,2.23,500
2026-09-30T17:12:03.343960+00:00,nhl,nhl,1637265076,Regular,2026-09-30T23:37:00+00:00,6.42,Philadelphia Flyers,Pittsburgh Penguins,1,spread,,home,-0.5,2.62,1000
2026-09-30T17:12:03.343960+00:00,nhl,nhl,1637265076,Regular,2026-09-30T23:37:00+00:00,6.42,Philadelphia Flyers,Pittsburgh Penguins,1,spread,,away,0.5,1.5208,1000
2026-09-30T17:12:03.343960+00:00,nhl,nhl,1637265076,Regular,2026-09-30T23:37:00+00:00,6.42,Philadelphia Flyers,Pittsburgh Penguins,3,moneyline,,home,,1.7576,1000
2026-09-30T17:12:03.343960+00:00,nhl,nhl,1637265076,Regular,2026-09-30T23:37:00+00:00,6.42,Philadelphia Flyers,Pittsburgh Penguins,3,moneyline,,away,,2.13,1000
2026-09-30T17:12:03.343960+00:00,nhl,nhl,1637265076,Regular,2026-09-30T23:37:00+00:00,6.42,Philadelphia Flyers,Pittsburgh Penguins,3,team_total,home,over,1.5,2.84,500
2026-09-30T17:12:03.343960+00:00,nhl,nhl,1637265076,Regular,2026-09-30T23:37:00+00:00,6.42,Philadelphia Flyers,Pittsburgh Penguins,3,team_total,home,under,1.5,1.4386,500
2026-09-30T17:12:03.343960+00:00,nhl,nhl,1637265076,Regular,2026-09-30T23:37:00+00:00,6.42,Philadelphia Flyers,Pittsburgh Penguins,3,team_total,away,over,0.5,1.5291,500
2026-09-30T17:12:03.343960+00:00,nhl,nhl,1637265076,Regular,2026-09-30T23:37:00+00:00,6.42,Philadelphia Flyers,Pittsburgh Penguins,3,team_total,away,under,0.5,2.54,500
2026-09-30T17:12:03.343960+00:00,nhl,nhl,1637265076,Regular,2026-09-30T23:37:00+00:00,6.42,Philadelphia Flyers,Pittsburgh Penguins,3,spread,,home,-0.5,2.35,1000
2026-09-30T17:12:03.343960+00:00,nhl,nhl,1637265076,Regular,2026-09-30T23:37:00+00:00,6.42,Philadelphia Flyers,Pittsburgh Penguins,3,spread,,away,0.5,1.6329,1000
2026-09-30T17:12:03.343960+00:00,nhl,nhl,1637265076,Regular,2026-09-30T23:37:00+00:00,6.42,Philadelphia Flyers,Pittsburgh Penguins,6,moneyline,,home,,2.12,2500
2026-09-30T17:12:03.343960+00:00,nhl,nhl,1637265076,Regular,2026-09-30T23:37:00+00:00,6.42,Philadelphia Flyers,Pittsburgh Penguins,6,moneyline,,away,,2.94,2500
2026-09-30T17:12:03.343960+00:00,nhl,nhl,1637265076,Regular,2026-09-30T23:37:00+00:00,6.42,Philadelphia Flyers,Pittsburgh Penguins,6,moneyline,,draw,,4.2,2500
2026-09-30T17:12:03.343960+00:00,nhl,nhl,1637265076,Regular,2026-09-30T23:37:00+00:00,6.42,Philadelphia Flyers,Pittsburgh Penguins,6,team_total,home,over,3.5,2.35,500
2026-09-30T17:12:03.343960+00:00,nhl,nhl,1637265076,Regular,2026-09-30T23:37:00+00:00,6.42,Philadelphia Flyers,Pittsburgh Penguins,6,team_total,home,under,3.5,1.6098,500
2026-09-30T17:12:03.343960+00:00,nhl,nhl,1637265076,Regular,2026-09-30T23:37:00+00:00,6.42,Philadelphia Flyers,Pittsburgh Penguins,6,team_total,away,over,2.5,1.8333,500
2026-09-30T17:12:03.343960+00:00,nhl,nhl,1637265076,Regular,2026-09-30T23:37:00+00:00,6.42,Philadelphia Flyers,Pittsburgh Penguins,6,team_total,away,under,2.5,2.0,500
2026-09-30T17:12:03.343960+00:00,nhl,nhl,1637265076,Regular,2026-09-30T23:37:00+00:00,6.42,Philadelphia Flyers,Pittsburgh Penguins,6,spread,,home,-0.5,2.12,2500
2026-09-30T17:12:03.343960+00:00,nhl,nhl,1637265076,Regular,2026-09-30T23:37:00+00:00,6.42,Philadelphia Flyers,Pittsburgh Penguins,6,spread,,away,0.5,1.7752,2500
2026-09-30T18:06:39.835099+00:00,nhl,nhl,1637265076,Regular,2026-09-30T23:37:00+00:00,5.51,Philadelphia Flyers,Pittsburgh Penguins,0,moneyline,,home,,1.7042,5000
2026-09-30T18:06:39.835099+00:00,nhl,nhl,1637265076,Regular,2026-09-30T23:37:00+00:00,5.51,Philadelphia Flyers,Pittsburgh Penguins,0,moneyline,,away,,2.28,5000
2026-09-30T18:06:39.835099+00:00,nhl,nhl,1637265076,Regular,2026-09-30T23:37:00+00:00,5.51,Philadelphia Flyers,Pittsburgh Penguins,0,team_total,home,under,3.5,1.7194,500
2026-09-30T18:06:39.835099+00:00,nhl,nhl,1637265076,Regular,2026-09-30T23:37:00+00:00,5.51,Philadelphia Flyers,Pittsburgh Penguins,0,team_total,away,over,2.5,1.7246,500
2026-09-30T18:06:39.835099+00:00,nhl,nhl,1637265076,Regular,2026-09-30T23:37:00+00:00,5.51,Philadelphia Flyers,Pittsburgh Penguins,0,team_total,away,under,2.5,2.16,500
2026-09-30T18:06:39.835099+00:00,nhl,nhl,1637265076,Regular,2026-09-30T23:37:00+00:00,5.51,Philadelphia Flyers,Pittsburgh Penguins,0,spread,,away,1.5,1.4808,3750
2026-09-30T18:06:39.835099+00:00,nhl,nhl,1637265076,Regular,2026-09-30T23:37:00+00:00,5.51,Philadelphia Flyers,Pittsburgh Penguins,0,total,,over,6.0,1.885,3750
2026-09-30T18:06:39.835099+00:00,nhl,nhl,1637265076,Regular,2026-09-30T23:37:00+00:00,5.51,Philadelphia Flyers,Pittsburgh Penguins,0,total,,under,6.0,2.01,3750
2026-09-30T18:06:39.835099+00:00,nhl,nhl,1637265076,Regular,2026-09-30T23:37:00+00:00,5.51,Philadelphia Flyers,Pittsburgh Penguins,6,moneyline,,home,,2.13,2500
2026-09-30T18:06:39.835099+00:00,nhl,nhl,1637265076,Regular,2026-09-30T23:37:00+00:00,5.51,Philadelphia Flyers,Pittsburgh Penguins,6,moneyline,,away,,2.93,2500
2026-09-30T18:06:39.835099+00:00,nhl,nhl,1637265076,Regular,2026-09-30T23:37:00+00:00,5.51,Philadelphia Flyers,Pittsburgh Penguins,6,moneyline,,draw,,4.19,2500
2026-09-30T18:06:39.835099+00:00,nhl,nhl,1637265076,Regular,2026-09-30T23:37:00+00:00,5.51,Philadelphia Flyers,Pittsburgh Penguins,6,team_total,home,over,3.5,2.34,500
2026-09-30T18:06:39.835099+00:00,nhl,nhl,1637265076,Regular,2026-09-30T23:37:00+00:00,5.51,Philadelphia Flyers,Pittsburgh Penguins,6,team_total,home,under,3.5,1.6135,500
2026-09-30T18:06:39.835099+00:00,nhl,nhl,1637265076,Regular,2026-09-30T23:37:00+00:00,5.51,Philadelphia Flyers,Pittsburgh Penguins,6,team_total,away,over,2.5,1.8197,500
2026-09-30T18:06:39.835099+00:00,nhl,nhl,1637265076,Regular,2026-09-30T23:37:00+00:00,5.51,Philadelphia Flyers,Pittsburgh Penguins,6,team_total,away,under,2.5,2.01,500
2026-09-30T18:06:39.835099+00:00,nhl,nhl,1637265076,Regular,2026-09-30T23:37:00+00:00,5.51,Philadelphia Flyers,Pittsburgh Penguins,6,spread,,home,-0.5,2.13,2500
2026-09-30T18:06:39.835099+00:00,nhl,nhl,1637265076,Regular,2026-09-30T23:37:00+00:00,5.51,Philadelphia Flyers,Pittsburgh Penguins,6,spread,,away,0.5,1.7692,2500
2026-09-30T18:06:39.835099+00:00,nhl,nhl,1637265076,Regular,2026-09-30T23:37:00+00:00,5.51,Philadelphia Flyers,Pittsburgh Penguins,6,total,,over,6.0,2.03,2500
2026-09-30T18:06:39.835099+00:00,nhl,nhl,1637265076,Regular,2026-09-30T23:37:00+00:00,5.51,Philadelphia Flyers,Pittsburgh Penguins,6,total,,under,6.0,1.8475,2500
2026-09-30T18:41:54.474381+00:00,nhl,nhl,1637265076,Regular,2026-09-30T23:37:00+00:00,4.92,Philadelphia Flyers,Pittsburgh Penguins,0,moneyline,,home,,1.7194,5000
2026-09-30T18:41:54.474381+00:00,nhl,nhl,1637265076,Regular,2026-09-30T23:37:00+00:00,4.92,Philadelphia Flyers,Pittsburgh Penguins,0,moneyline,,away,,2.26,5000
2026-09-30T18:41:54.474381+00:00,nhl,nhl,1637265076,Regular,2026-09-30T23:37:00+00:00,4.92,Philadelphia Flyers,Pittsburgh Penguins,0,team_total,home,over,3.5,2.18,500
2026-09-30T18:41:54.474381+00:00,nhl,nhl,1637265076,Regular,2026-09-30T23:37:00+00:00,4.92,Philadelphia Flyers,Pittsburgh Penguins,0,team_total,home,under,3.5,1.7143,500
2026-09-30T18:41:54.474381+00:00,nhl,nhl,1637265076,Regular,2026-09-30T23:37:00+00:00,4.92,Philadelphia Flyers,Pittsburgh Penguins,0,team_total,away,over,2.5,1.7194,500
2026-09-30T18:41:54.474381+00:00,nhl,nhl,1637265076,Regular,2026-09-30T23:37:00+00:00,4.92,Philadelphia Flyers,Pittsburgh Penguins,0,team_total,away,under,2.5,2.17,500
2026-09-30T18:41:54.474381+00:00,nhl,nhl,1637265076,Regular,2026-09-30T23:37:00+00:00,4.92,Philadelphia Flyers,Pittsburgh Penguins,0,spread,,home,-1.5,2.82,3750
2026-09-30T18:41:54.474381+00:00,nhl,nhl,1637265076,Regular,2026-09-30T23:37:00+00:00,4.92,Philadelphia Flyers,Pittsburgh Penguins,0,spread,,away,1.5,1.4762,3750
2026-09-30T18:41:54.474381+00:00,nhl,nhl,1637265076,Regular,2026-09-30T23:37:00+00:00,4.92,Philadelphia Flyers,Pittsburgh Penguins,1,moneyline,,home,,1.8,1000
2026-09-30T18:41:54.474381+00:00,nhl,nhl,1637265076,Regular,2026-09-30T23:37:00+00:00,4.92,Philadelphia Flyers,Pittsburgh Penguins,1,moneyline,,away,,2.07,1000
2026-09-30T18:41:54.474381+00:00,nhl,nhl,1637265076,Regular,2026-09-30T23:37:00+00:00,4.92,Philadelphia Flyers,Pittsburgh Penguins,1,team_total,away,over,0.5,1.6667,500
2026-09-30T18:41:54.474381+00:00,nhl,nhl,1637265076,Regular,2026-09-30T23:37:00+00:00,4.92,Philadelphia Flyers,Pittsburgh Penguins,1,spread,,home,-0.5,2.63,1000
2026-09-30T18:41:54.474381+00:00,nhl,nhl,1637265076,Regular,2026-09-30T23:37:00+00:00,4.92,Philadelphia Flyers,Pittsburgh Penguins,1,spread,,away,0.5,1.5181,1000
2026-09-30T18:41:54.474381+00:00,nhl,nhl,1637265076,Regular,2026-09-30T23:37:00+00:00,4.92,Philadelphia Flyers,Pittsburgh Penguins,1,total,,under,1.5,2.06,500
2026-09-30T18:41:54.474381+00:00,nhl,nhl,1637265076,Regular,2026-09-30T23:37:00+00:00,4.92,Philadelphia Flyers,Pittsburgh Penguins,2,moneyline,,home,,1.7874,1000
2026-09-30T18:41:54.474381+00:00,nhl,nhl,1637265076,Regular,2026-09-30T23:37:00+00:00,4.92,Philadelphia Flyers,Pittsburgh Penguins,2,moneyline,,away,,2.09,1000
2026-09-30T18:41:54.474381+00:00,nhl,nhl,1637265076,Regular,2026-09-30T23:37:00+00:00,4.92,Philadelphia Flyers,Pittsburgh Penguins,2,team_total,home,over,0.5,1.4762,500
2026-09-30T18:41:54.474381+00:00,nhl,nhl,1637265076,Regular,2026-09-30T23:37:00+00:00,4.92,Philadelphia Flyers,Pittsburgh Penguins,2,team_total,home,under,0.5,2.7,500
2026-09-30T18:41:54.474381+00:00,nhl,nhl,1637265076,Regular,2026-09-30T23:37:00+00:00,4.92,Philadelphia Flyers,Pittsburgh Penguins,2,team_total,away,over,0.5,1.5682,500
2026-09-30T18:41:54.474381+00:00,nhl,nhl,1637265076,Regular,2026-09-30T23:37:00+00:00,4.92,Philadelphia Flyers,Pittsburgh Penguins,2,team_total,away,under,0.5,2.44,500
2026-09-30T18:41:54.474381+00:00,nhl,nhl,1637265076,Regular,2026-09-30T23:37:00+00:00,4.92,Philadelphia Flyers,Pittsburgh Penguins,2,spread,,home,-0.5,2.55,1000
2026-09-30T18:41:54.474381+00:00,nhl,nhl,1637265076,Regular,2026-09-30T23:37:00+00:00,4.92,Philadelphia Flyers,Pittsburgh Penguins,2,spread,,away,0.5,1.5495,1000
2026-09-30T18:41:54.474381+00:00,nhl,nhl,1637265076,Regular,2026-09-30T23:37:00+00:00,4.92,Philadelphia Flyers,Pittsburgh Penguins,6,moneyline,,home,,2.14,2500
2026-09-30T18:41:54.474381+00:00,nhl,nhl,1637265076,Regular,2026-09-30T23:37:00+00:00,4.92,Philadelphia Flyers,Pittsburgh Penguins,6,moneyline,,away,,2.9,2500
2026-09-30T18:41:54.474381+00:00,nhl,nhl,1637265076,Regular,2026-09-30T23:37:00+00:00,4.92,Philadelphia Flyers,Pittsburgh Penguins,6,team_total,home,over,3.5,2.35,500
2026-09-30T18:41:54.474381+00:00,nhl,nhl,1637265076,Regular,2026-09-30T23:37:00+00:00,4.92,Philadelphia Flyers,Pittsburgh Penguins,6,team_total,home,under,3.5,1.6061,500
2026-09-30T18:41:54.474381+00:00,nhl,nhl,1637265076,Regular,2026-09-30T23:37:00+00:00,4.92,Philadelphia Flyers,Pittsburgh Penguins,6,team_total,away,over,2.5,1.813,500
2026-09-30T18:41:54.474381+00:00,nhl,nhl,1637265076,Regular,2026-09-30T23:37:00+00:00,4.92,Philadelphia Flyers,Pittsburgh Penguins,6,team_total,away,under,2.5,2.02,500
2026-09-30T18:41:54.474381+00:00,nhl,nhl,1637265076,Regular,2026-09-30T23:37:00+00:00,4.92,Philadelphia Flyers,Pittsburgh Penguins,6,spread,,home,-0.5,2.15,2500
2026-09-30T18:41:54.474381+00:00,nhl,nhl,1637265076,Regular,2026-09-30T23:37:00+00:00,4.92,Philadelphia Flyers,Pittsburgh Penguins,6,spread,,away,0.5,1.7576,2500
2026-09-30T18:41:54.474381+00:00,nhl,nhl,1637265076,Regular,2026-09-30T23:37:00+00:00,4.92,Philadelphia Flyers,Pittsburgh Penguins,3,moneyline,,home,,1.7692,1000
2026-09-30T18:41:54.474381+00:00,nhl,nhl,1637265076,Regular,2026-09-30T23:37:00+00:00,4.92,Philadelphia Flyers,Pittsburgh Penguins,3,moneyline,,away,,2.12,1000
2026-09-30T18:41:54.474381+00:00,nhl,nhl,1637265076,Regular,2026-09-30T23:37:00+00:00,4.92,Philadelphia Flyers,Pittsburgh Penguins,3,team_total,home,under,1.5,1.4367,500
2026-09-30T18:41:54.474381+00:00,nhl,nhl,1637265076,Regular,2026-09-30T23:37:00+00:00,4.92,Philadelphia Flyers,Pittsburgh Penguins,3,team_total,away,over,0.5,1.5263,500
2026-09-30T18:41:54.474381+00:00,nhl,nhl,1637265076,Regular,2026-09-30T23:37:00+00:00,4.92,Philadelphia Flyers,Pittsburgh Penguins,3,team_total,away,under,0.5,2.55,500
2026-09-30T18:41:54.474381+00:00,nhl,nhl,1637265076,Regular,2026-09-30T23:37:00+00:00,4.92,Philadelphia Flyers,Pittsburgh Penguins,3,spread,,home,-0.5,2.36,1000
2026-09-30T18:41:54.474381+00:00,nhl,nhl,1637265076,Regular,2026-09-30T23:37:00+00:00,4.92,Philadelphia Flyers,Pittsburgh Penguins,3,spread,,away,0.5,1.6289,1000
2026-09-30T18:41:54.474381+00:00,nhl,nhl,1637265076,Regular,2026-09-30T23:37:00+00:00,4.92,Philadelphia Flyers,Pittsburgh Penguins,3,total,,under,2.0,2.0,500
2026-09-30T19:14:53.672761+00:00,nhl,nhl,1637265098,Regular,2026-10-01T02:07:00+00:00,6.87,Colorado Avalanche,Los Angeles Kings,6,moneyline,,home,,1.8547,2500
2026-09-30T19:14:53.672761+00:00,nhl,nhl,1637265098,Regular,2026-10-01T02:07:00+00:00,6.87,Colorado Avalanche,Los Angeles Kings,6,moneyline,,away,,3.53,2500
2026-09-30T19:14:53.672761+00:00,nhl,nhl,1637265098,Regular,2026-10-01T02:07:00+00:00,6.87,Colorado Avalanche,Los Angeles Kings,6,moneyline,,draw,,4.4,2500
2026-09-30T19:14:53.672761+00:00,nhl,nhl,1637265098,Regular,2026-10-01T02:07:00+00:00,6.87,Colorado Avalanche,Los Angeles Kings,6,team_total,away,over,2.5,2.0,500
2026-09-30T19:14:53.672761+00:00,nhl,nhl,1637265098,Regular,2026-10-01T02:07:00+00:00,6.87,Colorado Avalanche,Los Angeles Kings,6,team_total,away,under,2.5,1.8264,500
2026-09-30T19:14:53.672761+00:00,nhl,nhl,1637265098,Regular,2026-10-01T02:07:00+00:00,6.87,Colorado Avalanche,Los Angeles Kings,6,spread,,home,-0.5,1.8475,2500
2026-09-30T19:14:53.672761+00:00,nhl,nhl,1637265098,Regular,2026-10-01T02:07:00+00:00,6.87,Colorado Avalanche,Los Angeles Kings,6,spread,,away,0.5,2.03,2500
2026-09-30T19:14:53.672761+00:00,nhl,nhl,1637265098,Regular,2026-10-01T02:07:00+00:00,6.87,Colorado Avalanche,Los Angeles Kings,6,total,,over,6.0,1.9901,2500
2026-09-30T19:14:53.672761+00:00,nhl,nhl,1637265098,Regular,2026-10-01T02:07:00+00:00,6.87,Colorado Avalanche,Los Angeles Kings,6,total,,under,6.0,1.885,2500
2026-09-30T19:14:53.672761+00:00,nhl,nhl,1637265098,Regular,2026-10-01T02:07:00+00:00,6.87,Colorado Avalanche,Los Angeles Kings,0,moneyline,,home,,1.5181,5000
2026-09-30T19:14:53.672761+00:00,nhl,nhl,1637265098,Regular,2026-10-01T02:07:00+00:00,6.87,Colorado Avalanche,Los Angeles Kings,0,moneyline,,away,,2.72,5000
2026-09-30T19:14:53.672761+00:00,nhl,nhl,1637265098,Regular,2026-10-01T02:07:00+00:00,6.87,Colorado Avalanche,Los Angeles Kings,0,team_total,away,over,2.5,1.9259,500
2026-09-30T19:14:53.672761+00:00,nhl,nhl,1637265098,Regular,2026-10-01T02:07:00+00:00,6.87,Colorado Avalanche,Los Angeles Kings,0,team_total,away,under,2.5,1.9091,500
2026-09-30T19:14:53.672761+00:00,nhl,nhl,1637265098,Regular,2026-10-01T02:07:00+00:00,6.87,Colorado Avalanche,Los Angeles Kings,0,spread,,away,1.5,1.6579,3750
2026-09-30T19:14:53.672761+00:00,nhl,nhl,1637265098,Regular,2026-10-01T02:07:00+00:00,6.87,Colorado Avalanche,Los Angeles Kings,0,total,,over,6.0,1.8547,3750
2026-09-30T19:14:53.672761+00:00,nhl,nhl,1637265098,Regular,2026-10-01T02:07:00+00:00,6.87,Colorado Avalanche,Los Angeles Kings,0,total,,under,6.0,2.04,3750
2026-09-30T19:14:53.672761+00:00,nhl,nhl,1637265098,Regular,2026-10-01T02:07:00+00:00,6.87,Colorado Avalanche,Los Angeles Kings,1,moneyline,,home,,1.6369,1000
2026-09-30T19:14:53.672761+00:00,nhl,nhl,1637265098,Regular,2026-10-01T02:07:00+00:00,6.87,Colorado Avalanche,Los Angeles Kings,3,team_total,away,over,0.5,1.5917,500
2026-09-30T19:14:53.672761+00:00,nhl,nhl,1637265098,Regular,2026-10-01T02:07:00+00:00,6.87,Colorado Avalanche,Los Angeles Kings,2,moneyline,,home,,1.6098,1000
2026-09-30T19:14:53.672761+00:00,nhl,nhl,1637265098,Regular,2026-10-01T02:07:00+00:00,6.87,Colorado Avalanche,Los Angeles Kings,2,team_total,away,over,0.5,1.6494,500
2026-09-30T19:42:42.759484+00:00,nhl,nhl,1637265098,Regular,2026-10-01T02:07:00+00:00,6.4,Colorado Avalanche,Los Angeles Kings,0,moneyline,,home,,1.5128,5000
2026-09-30T19:42:42.759484+00:00,nhl,nhl,1637265098,Regular,2026-10-01T02:07:00+00:00,6.4,Colorado Avalanche,Los Angeles Kings,0,moneyline,,away,,2.74,5000
2026-09-30T19:42:42.759484+00:00,nhl,nhl,1637265098,Regular,2026-10-01T02:07:00+00:00,6.4,Colorado Avalanche,Los Angeles Kings,0,team_total,away,over,2.5,1.9346,500
2026-09-30T19:42:42.759484+00:00,nhl,nhl,1637265098,Regular,2026-10-01T02:07:00+00:00,6.4,Colorado Avalanche,Los Angeles Kings,0,team_total,away,under,2.5,1.9009,500
2026-09-30T19:42:42.759484+00:00,nhl,nhl,1637265098,Regular,2026-10-01T02:07:00+00:00,6.4,Colorado Avalanche,Los Angeles Kings,0,spread,,home,-1.5,2.34,3750
2026-09-30T19:42:42.759484+00:00,nhl,nhl,1637265098,Regular,2026-10-01T02:07:00+00:00,6.4,Colorado Avalanche,Los Angeles Kings,0,spread,,away,1.5,1.6623,3750
2026-09-30T20:04:03.913046+00:00,nhl,nhl,1637260771,Regular,2026-09-30T23:37:00+00:00,3.55,Toronto Maple Leafs,New York Islanders,0,moneyline,,home,,1.8,10000
2026-09-30T20:04:03.913046+00:00,nhl,nhl,1637260771,Regular,2026-09-30T23:37:00+00:00,3.55,Toronto Maple Leafs,New York Islanders,0,moneyline,,away,,2.13,10000
2026-09-30T20:04:03.913046+00:00,nhl,nhl,1637260771,Regular,2026-09-30T23:37:00+00:00,3.55,Toronto Maple Leafs,New York Islanders,0,team_total,home,over,3.5,2.28,1000
2026-09-30T20:04:03.913046+00:00,nhl,nhl,1637260771,Regular,2026-09-30T23:37:00+00:00,3.55,Toronto Maple Leafs,New York Islanders,0,team_total,home,under,3.5,1.6579,1000
2026-09-30T20:04:03.913046+00:00,nhl,nhl,1637260771,Regular,2026-09-30T23:37:00+00:00,3.55,Toronto Maple Leafs,New York Islanders,0,team_total,away,over,2.5,1.6173,1000
2026-09-30T20:04:03.913046+00:00,nhl,nhl,1637260771,Regular,2026-09-30T23:37:00+00:00,3.55,Toronto Maple Leafs,New York Islanders,0,spread,,home,-1.5,3.02,7500
2026-09-30T20:04:03.913046+00:00,nhl,nhl,1637265098,Regular,2026-10-01T02:07:00+00:00,6.05,Colorado Avalanche,Los Angeles Kings,0,team_total,home,over,3.5,1.9091,1000
2026-09-30T20:04:03.913046+00:00,nhl,nhl,1637265098,Regular,2026-10-01T02:07:00+00:00,6.05,Colorado Avalanche,Los Angeles Kings,0,team_total,home,under,3.5,1.9259,1000
2026-09-30T20:04:03.913046+00:00,nhl,nhl,1637265098,Regular,2026-10-01T02:07:00+00:00,6.05,Colorado Avalanche,Los Angeles Kings,0,spread,,away,1.5,1.6579,7500
2026-09-30T20:04:03.913046+00:00,nhl,nhl,1637265076,Regular,2026-09-30T23:37:00+00:00,3.55,Philadelphia Flyers,Pittsburgh Penguins,0,team_total,home,over,3.5,2.16,1000
2026-09-30T20:04:03.913046+00:00,nhl,nhl,1637265076,Regular,2026-09-30T23:37:00+00:00,3.55,Philadelphia Flyers,Pittsburgh Penguins,0,team_total,home,under,3.5,1.7194,1000
