season,date,away,home,away_score,home_score,neutral,periods_away,periods_home,ml_open_away,ml_open_home,ml_close_away,ml_close_home,spread_close_home,total_close,source,espn_id,away_abbr,home_abbr,season_type
2013-14,2013-10-29,Orlando,Indiana,87.0,97.0,False,18|26|20|23,23|17|29|28,,,675.0,-1025.0,-12.0,188.5,sbro,,,,
2013-14,2013-10-29,Chicago,Miami,95.0,107.0,False,15|18|25|37,17|37|24|29,,,180.0,-220.0,-5.0,188.5,sbro,,,,
2013-14,2013-10-29,LAClippers,LALakers,103.0,116.0,False,30|27|22|24,28|27|20|41,,,-575.0,435.0,9.5,202.5,sbro,,,,
2013-14,2013-10-30,Miami,Philadelphia,110.0,114.0,False,14|35|45|16,33|18|34|29,,,-795.0,495.0,9.5,195.0,sbro,,,,
2013-14,2013-10-30,Brooklyn,Cleveland,94.0,98.0,False,26|22|22|24,27|22|30|19,,,-155.0,135.0,3.0,194.0,sbro,,,,
2013-14,2013-10-30,Boston,Toronto,87.0,93.0,False,26|11|34|16,21|28|22|22,,,305.0,-385.0,-8.0,189.5,sbro,,,,
2013-14,2013-10-30,Washington,Detroit,102.0,113.0,False,22|21|30|29,24|31|26|32,,,120.0,-140.0,-2.5,189.0,sbro,,,,
2013-14,2013-10-30,Milwaukee,NewYork,83.0,90.0,False,18|13|33|19,24|32|18|16,,,290.0,-360.0,-8.0,196.5,sbro,,,,
2013-14,2013-10-30,Charlotte,Houston,83.0,96.0,False,19|20|22|22,17|28|22|29,,,1030.0,-1630.0,-13.0,200.0,sbro,,,,
2013-14,2013-10-30,Orlando,Minnesota,115.0,120.0,False,27|25|28|23,38|22|27|16,,,495.0,-795.0,-10.5,199.0,sbro,,,,
2013-14,2013-10-30,Indiana,NewOrleans,95.0,90.0,False,14|22|23|36,24|26|16|24,,,100.0,-120.0,-1.5,187.5,sbro,,,,
2013-14,2013-10-30,Atlanta,Dallas,109.0,118.0,False,28|27|24|30,33|20|33|32,,,205.0,-245.0,-6.0,196.0,sbro,,,,
2013-14,2013-10-30,Memphis,SanAntonio,94.0,101.0,False,20|7|31|36,18|30|24|29,,,210.0,-250.0,-6.0,189.0,sbro,,,,
2013-14,2013-10-30,OklahomaCity,Utah,101.0,98.0,False,29|28|24|20,29|19|25|25,,,-275.0,225.0,6.5,191.5,sbro,,,,
2013-14,2013-10-30,Portland,Phoenix,91.0,104.0,False,16|30|23|22,30|20|31|23,,,-215.0,180.0,5.5,197.5,sbro,,,,
2013-14,2013-10-30,Denver,Sacramento,88.0,90.0,False,22|23|27|16,25|23|22|20,,,120.0,-140.0,-2.5,203.5,sbro,,,,
2013-14,2013-10-30,LALakers,GoldenState,94.0,125.0,False,16|24|23|31,26|33|37|29,,,690.0,-1090.0,-12.5,206.0,sbro,,,,
2013-14,2013-10-31,NewYork,Chicago,81.0,82.0,False,16|22|23|20,26|17|28|11,,,290.0,-350.0,-7.5,188.0,sbro,,,,
2013-14,2013-10-31,GoldenState,LAClippers,115.0,126.0,False,28|27|25|35,36|32|25|33,,,210.0,-250.0,-6.0,205.5,sbro,,,,
2013-14,2013-11-01,NewOrleans,Orlando,90.0,110.0,False,20|15|25|30,22|31|32|25,,,-175.0,155.0,4.0,193.5,sbro,,,,
2013-14,2013-11-01,Cleveland,Charlotte,84.0,90.0,False,23|26|17|18,30|24|21|15,,,-165.0,145.0,3.5,188.0,sbro,,,,
2013-14,2013-11-01,Philadelphia,Washington,109.0,102.0,False,21|23|30|35,33|21|20|28,,,405.0,-530.0,-9.5,201.0,sbro,,,,
2013-14,2013-11-01,Toronto,Atlanta,95.0,102.0,False,24|15|29|27,25|24|30|23,,,140.0,-160.0,-3.5,195.0,sbro,,,,
2013-14,2013-11-01,Milwaukee,Boston,105.0,98.0,False,16|31|24|34,29|34|20|15,,,120.0,-140.0,-2.5,185.5,sbro,,,,
2013-14,2013-11-01,Dallas,Houston,105.0,113.0,False,22|28|22|33,38|23|24|28,,,230.0,-280.0,-6.5,207.0,sbro,,,,
2013-14,2013-11-01,Detroit,Memphis,108.0,111.0,False,21|20|28|26,17|30|20|28,,,275.0,-335.0,-7.5,189.5,sbro,,,,
2013-14,2013-11-01,OklahomaCity,Minnesota,81.0,100.0,False,19|20|21|21,34|25|29|12,,,115.0,-135.0,-2.0,201.0,sbro,,,,
2013-14,2013-11-01,Miami,Brooklyn,100.0,101.0,False,18|29|20|33,27|20|31|23,,,-170.0,150.0,4.0,195.0,sbro,,,,
2013-14,2013-11-01,Portland,Denver,113.0,98.0,False,24|40|27|22,22|28|21|27,,,165.0,-190.0,-4.5,198.0,sbro,,,,
2013-14,2013-11-01,Utah,Phoenix,84.0,87.0,False,23|23|16|22,29|14|20|24,,,135.0,-155.0,-3.0,195.5,sbro,,,,
2013-14,2013-11-01,LAClippers,Sacramento,110.0,101.0,False,24|30|25|31,22|23|32|24,,,-165.0,145.0,3.5,203.0,sbro,,,,
2013-14,2013-11-01,SanAntonio,LALakers,91.0,85.0,False,16|25|22|28,23|19|19|24,,,-345.0,285.0,7.0,208.5,sbro,,,,
2013-14,2013-11-02,Cleveland,Indiana,74.0,89.0,False,16|21|18|19,21|22|19|27,,,350.0,-430.0,-8.0,188.0,sbro,,,,
2013-14,2013-11-02,Chicago,Philadelphia,104.0,107.0,False,34|30|19|21,22|27|33|25,,,-450.0,370.0,9.0,194.5,sbro,,,,
2013-14,2013-11-02,Charlotte,NewOrleans,84.0,105.0,False,15|26|21|22,33|23|21|28,,,340.0,-420.0,-8.5,184.5,sbro,,,,
2013-14,2013-11-02,Toronto,Milwaukee,97.0,90.0,False,27|24|26|20,19|27|19|25,,,-120.0,100.0,1.0,190.5,sbro,,,,
2013-14,2013-11-02,Memphis,Dallas,99.0,111.0,False,16|27|20|36,32|17|24|38,,,130.0,-150.0,-3.0,194.5,sbro,,,,
2013-14,2013-11-02,Houston,Utah,104.0,93.0,False,16|24|33|31,24|32|17|20,,,-260.0,220.0,6.0,199.5,sbro,,,,
2013-14,2013-11-02,SanAntonio,Portland,105.0,115.0,False,19|20|35|31,21|29|32|33,,,-140.0,120.0,2.5,198.5,sbro,,,,
2013-14,2013-11-02,Sacramento,GoldenState,87.0,98.0,False,17|19|23|28,27|29|23|19,,,520.0,-750.0,-11.0,208.0,sbro,,,,
2013-14,2013-11-03,Boston,Detroit,77.0,87.0,False,21|14|23|19,24|21|18|24,,,367.0,-471.0,-9.0,193.0,sbro,,,,
2013-14,2013-11-03,Washington,Miami,93.0,103.0,False,27|21|16|29,33|28|26|16,,,890.0,-1500.0,-12.5,199.5,sbro,,,,
2013-14,2013-11-03,Brooklyn,Orlando,86.0,107.0,False,22|16|21|27,22|19|33|33,,,-240.0,200.0,5.5,195.0,sbro,,,,
2013-14,2013-11-03,Phoenix,OklahomaCity,96.0,103.0,False,24|21|25|26,21|23|23|36,,,850.0,-1400.0,-12.5,198.5,sbro,,,,
2013-14,2013-11-03,Minnesota,NewYork,109.0,100.0,False,40|24|29|16,19|30|29|22,,,135.0,-155.0,-3.0,195.0,sbro,,,,
2013-14,2013-11-03,Atlanta,LALakers,103.0,105.0,False,22|27|27|27,33|29|26|17,,,-120.0,100.0,0.0,205.5,sbro,,,,
2013-14,2013-11-04,GoldenState,Philadelphia,110.0,90.0,False,36|30|32|12,22|20|23|25,,,-280.0,230.0,7.0,211.5,sbro,,,,
2013-14,2013-11-04,Minnesota,Cleveland,92.0,93.0,False,23|15|23|31,31|24|21|17,,,110.0,-130.0,-1.5,198.0,sbro,,,,
2013-14,2013-11-04,Boston,Memphis,88.0,95.0,False,24|26|22|16,27|19|20|29,,,660.0,-1060.0,-12.0,185.5,sbro,,,,
2013-14,2013-11-04,Houston,LAClippers,118.0,137.0,False,25|41|23|29,42|36|26|33,,,175.0,-205.0,-5.0,211.0,sbro,,,,
2013-14,2013-11-05,Miami,Toronto,104.0,95.0,False,23|29|26|26,25|25|24|21,,,-215.0,182.0,5.5,195.5,sbro,,,,
2013-14,2013-11-05,Utah,Brooklyn,88.0,104.0,False,18|20|23|27,28|26|31|19,,,435.0,-570.0,-9.5,191.0,sbro,,,,
2013-14,2013-11-05,Charlotte,NewYork,102.0,97.0,False,31|33|18|20,28|26|22|21,,,425.0,-550.0,-9.5,185.5,sbro,,,,
2013-14,2013-11-05,Indiana,Detroit,99.0,91.0,False,29|9|36|25,14|27|22|28,,,-119.0,-101.0,0.0,186.0,sbro,,,,
2013-14,2013-11-05,Phoenix,NewOrleans,104.0,98.0,False,17|24|37|26,28|17|24|29,,,405.0,-525.0,-9.5,192.0,sbro,,,,
2013-14,2013-11-05,LALakers,Dallas,104.0,123.0,False,22|26|29|27,35|32|27|29,,,355.0,-455.0,-9.0,213.0,sbro,,,,
2013-14,2013-11-05,SanAntonio,Denver,102.0,94.0,False,24|19|29|30,27|25|26|16,,,-205.0,175.0,5.0,203.0,sbro,,,,
2013-14,2013-11-05,Houston,Portland,116.0,101.0,False,30|25|29|32,31|19|23|28,,,125.0,-145.0,-2.5,208.0,sbro,,,,
2013-14,2013-11-05,Atlanta,Sacramento,105.0,100.0,False,25|29|28|23,32|13|20|35,,,115.0,-135.0,-2.0,201.0,sbro,,,,
2013-14,2013-11-06,LAClippers,Orlando,90.0,98.0,False,20|22|32|16,29|28|15|26,,,-290.0,240.0,7.0,207.5,sbro,,,,
2013-14,2013-11-06,Chicago,Indiana,80.0,97.0,False,19|24|19|18,25|12|26|34,,,110.0,-130.0,-2.0,182.5,sbro,,,,
2013-14,2013-11-06,Toronto,Charlotte,90.0,92.0,False,18|35|17|20,32|21|23|16,,,-145.0,125.0,2.5,187.0,sbro,,,,
2013-14,2013-11-06,Washington,Philadelphia,116.0,102.0,False,39|21|29|27,27|24|25|26,,,-150.0,130.0,3.0,204.5,sbro,,,,
2013-14,2013-11-06,Utah,Boston,87.0,97.0,False,26|8|28|25,23|27|34|13,,,162.0,-190.0,-4.5,185.5,sbro,,,,
2013-14,2013-11-06,NewOrleans,Memphis,99.0,84.0,False,33|18|28|20,18|23|16|27,,,265.0,-320.0,-7.5,190.0,sbro,,,,
2013-14,2013-11-06,Cleveland,Milwaukee,104.0,109.0,False,23|30|26|25,30|25|28|26,,,-150.0,130.0,3.0,191.0,sbro,,,,
2013-14,2013-11-06,GoldenState,Minnesota,106.0,93.0,False,26|24|29|27,28|19|24|22,,,-115.0,-105.0,0.0,210.5,sbro,,,,
2013-14,2013-11-06,Phoenix,SanAntonio,96.0,99.0,False,21|32|20|23,29|22|22|26,,,850.0,-1400.0,-13.0,198.5,sbro,,,,
2013-14,2013-11-06,Dallas,OklahomaCity,93.0,107.0,False,31|20|24|18,33|24|28|22,,,243.0,-294.0,-7.0,210.5,sbro,,,,
2013-14,2013-11-07,LAClippers,Miami,97.0,102.0,False,31|25|17|24,28|24|24|26,,,215.0,-260.0,-6.0,207.0,sbro,,,,
2013-14,2013-11-07,Atlanta,Denver,107.0,109.0,False,26|25|32|24,26|28|29|26,,,175.0,-205.0,-5.0,203.5,sbro,,,,
2013-14,2013-11-07,LALakers,Houston,99.0,98.0,False,36|28|17|18,19|31|27|21,,,970.0,-1700.0,-13.5,216.5,sbro,,,,
2013-14,2013-11-08,NewYork,Charlotte,101.0,91.0,False,28|23|34|16,22|25|22|22,,,-155.0,135.0,3.5,190.5,sbro,,,,
2013-14,2013-11-08,Toronto,Indiana,84.0,91.0,False,32|14|13|25,22|22|28|19,,,325.0,-425.0,-8.5,187.5,sbro,,,,
2013-14,2013-11-08,Boston,Orlando,91.0,89.0,False,17|29|25|20,24|25|19|21,,,190.0,-230.0,-5.5,191.0,sbro,,,,
2013-14,2013-11-08,Cleveland,Philadelphia,79.0,94.0,False,29|13|19|18,14|30|33|17,,,-155.0,135.0,3.0,206.0,sbro,,,,
2013-14,2013-11-08,Brooklyn,Washington,108.0,112.0,False,33|25|15|26,27|26|20|26,,,-120.0,100.0,1.5,197.5,sbro,,,,
2013-14,2013-11-08,OklahomaCity,Detroit,119.0,110.0,False,20|35|29|35,22|29|25|34,,,-155.0,135.0,3.0,197.0,sbro,,,,
2013-14,2013-11-08,Utah,Chicago,73.0,97.0,False,18|22|16|17,30|21|27|19,,,705.0,-1105.0,-12.5,186.0,sbro,,,,
2013-14,2013-11-08,Dallas,Minnesota,108.0,116.0,False,24|32|25|27,28|27|30|31,,,160.0,-185.0,-4.5,210.5,sbro,,,,
2013-14,2013-11-08,LALakers,NewOrleans,85.0,96.0,False,27|21|18|19,28|27|14|27,,,395.0,-505.0,-9.5,202.5,sbro,,,,
2013-14,2013-11-08,GoldenState,SanAntonio,74.0,76.0,False,20|13|22|19,28|12|24|12,,,205.0,-245.0,-6.0,203.5,sbro,,,,
2013-14,2013-11-08,Denver,Phoenix,103.0,114.0,False,29|18|40|16,35|29|20|30,,,105.0,-125.0,-1.5,200.0,sbro,,,,
2013-14,2013-11-08,Sacramento,Portland,91.0,104.0,False,22|27|17|25,29|25|23|27,,,295.0,-365.0,-8.0,200.0,sbro,,,,
2013-14,2013-11-09,Utah,Toronto,91.0,115.0,False,16|20|24|31,30|32|29|24,,,345.0,-450.0,-9.0,187.0,sbro,,,,
2013-14,2013-11-09,Orlando,Atlanta,94.0,104.0,False,22|23|26|23,28|18|26|32,,,230.0,-280.0,-6.5,199.0,sbro,,,,
2013-14,2013-11-09,Indiana,Brooklyn,96.0,91.0,False,23|21|28|24,21|25|21|24,,,-110.0,-110.0,-0.0,187.5,sbro,,,,
2013-14,2013-11-09,Philadelphia,Cleveland,125.0,127.0,False,27|21|37|22,30|23|22|32,,,310.0,-390.0,-8.0,199.5,sbro,,,,
2013-14,2013-11-09,Boston,Miami,111.0,110.0,False,25|35|20|31,31|28|23|28,,,1065.0,-1665.0,-13.5,193.0,sbro,,,,
2013-14,2013-11-09,LAClippers,Houston,107.0,94.0,False,22|24|27|34,26|29|16|23,,,130.0,-150.0,-3.0,214.5,sbro,,,,
2013-14,2013-11-09,GoldenState,Memphis,90.0,108.0,False,29|21|27|13,32|22|36|18,,,110.0,-130.0,-2.0,191.5,sbro,,,,
2013-14,2013-11-09,Dallas,Milwaukee,91.0,83.0,False,34|21|13|23,19|21|24|19,,,-150.0,130.0,3.0,206.5,sbro,,,,
2013-14,2013-11-09,Portland,Sacramento,96.0,85.0,False,21|24|24|27,18|20|16|31,,,110.0,-130.0,-2.0,198.5,sbro,,,,
2013-14,2013-11-10,SanAntonio,NewYork,120.0,89.0,False,37|24|29|30,17|28|15|29,,,-150.0,130.0,3.0,195.0,sbro,,,,
2013-14,2013-11-10,Washington,OklahomaCity,105.0,106.0,False,24|18|31|23,27|10|28|31,,,344.0,-433.0,-8.5,204.0,sbro,,,,
2013-14,2013-11-10,NewOrleans,Phoenix,94.0,101.0,False,16|22|27|29,19|23|29|30,,,-125.0,105.0,1.5,196.0,sbro,,,,
2013-14,2013-11-10,Minnesota,LALakers,113.0,90.0,False,47|20|23|23,23|25|28|14,,,-175.0,150.0,4.0,209.5,sbro,,,,
2013-14,2013-11-11,Atlanta,Charlotte,103.0,94.0,False,26|20|34|23,29|25|16|24,,,-125.0,105.0,2.0,197.0,sbro,,,,
2013-14,2013-11-11,Memphis,Indiana,79.0,95.0,False,16|23|16|24,23|23|26|23,,,235.0,-285.0,-6.0,182.0,sbro,,,,
2013-14,2013-11-11,SanAntonio,Philadelphia,109.0,85.0,False,31|26|26|26,13|25|26|21,,,-285.0,235.0,6.5,204.0,sbro,,,,
2013-14,2013-11-11,Orlando,Boston,105.0,120.0,False,25|25|24|31,31|28|28|33,,,100.0,-120.0,-1.5,191.0,sbro,,,,
2013-14,2013-11-11,Cleveland,Chicago,81.0,96.0,False,17|19|24|21,20|25|19|32,,,320.0,-400.0,-8.5,187.5,sbro,,,,
2013-14,2013-11-11,Toronto,Houston,104.0,110.0,False,20|13|29|25,24|23|24|16,,,245.0,-295.0,-7.0,203.5,sbro,,,,
2013-14,2013-11-11,Denver,Utah,100.0,81.0,False,20|26|24|30,26|19|23|13,,,-130.0,110.0,2.0,197.0,sbro,,,,
2013-14,2013-11-11,Detroit,Portland,103.0,109.0,False,30|25|23|25,34|24|25|26,,,170.0,-200.0,-5.0,199.0,sbro,,,,
2013-14,2013-11-11,Minnesota,LAClippers,107.0,109.0,False,26|32|22|27,23|36|26|24,,,215.0,-260.0,-6.5,211.5,sbro,,,,
2013-14,2013-11-12,Milwaukee,Miami,95.0,118.0,False,23|22|17|33,32|24|29|33,,,1110.0,-1710.0,-13.5,195.5,sbro,,,,
2013-14,2013-11-12,Washington,Dallas,95.0,105.0,False,34|15|30|16,33|28|27|17,,,185.0,-225.0,-5.5,205.5,sbro,,,,
2013-14,2013-11-12,Detroit,GoldenState,95.0,113.0,False,16|25|30|24,35|27|32|19,,,375.0,-480.0,-9.0,204.5,sbro,,,,
2013-14,2013-11-12,NewOrleans,LALakers,95.0,116.0,False,19|20|23|33,22|33|31|30,,,-160.0,140.0,3.5,199.5,sbro,,,,
2013-14,2013-11-13,Milwaukee,Orlando,91.0,94.0,False,36|18|20|17,23|22|27|22,,,265.0,-325.0,-7.5,194.0,sbro,,,,
2013-14,2013-11-13,Houston,Philadelphia,117.0,123.0,False,31|26|33|16,28|32|20|26,,,-250.0,210.0,6.5,208.0,sbro,,,,
2013-14,2013-11-13,Charlotte,Boston,89.0,83.0,False,27|24|20|18,21|22|21|19,,,190.0,-230.0,-5.5,191.5,sbro,,,,
2013-14,2013-11-13,Toronto,Memphis,103.0,87.0,False,26|29|23|25,20|24|27|16,,,200.0,-240.0,-6.0,185.5,sbro,,,,
2013-14,2013-11-13,Cleveland,Minnesota,95.0,124.0,False,24|23|29|19,38|32|38|16,,,310.0,-390.0,-8.0,201.0,sbro,,,,
2013-14,2013-11-13,NewYork,Atlanta,95.0,91.0,False,29|26|10|30,24|21|23|23,,,155.0,-175.0,-4.0,201.5,sbro,,,,
2013-14,2013-11-13,Washington,SanAntonio,79.0,92.0,False,17|25|15|22,25|27|18|22,,,485.0,-785.0,-11.0,198.0,sbro,,,,
2013-14,2013-11-13,LALakers,Denver,99.0,111.0,False,28|26|25|20,33|27|23|28,,,395.0,-505.0,-9.5,208.5,sbro,,,,
2013-14,2013-11-13,NewOrleans,Utah,105.0,111.0,False,29|26|22|28,22|23|28|38,,,-145.0,125.0,2.5,191.5,sbro,,,,
2013-14,2013-11-13,Phoenix,Portland,89.0,90.0,False,22|21|25|21,25|16|21|28,,,260.0,-320.0,-7.0,203.0,sbro,,,,
2013-14,2013-11-13,Brooklyn,Sacramento,86.0,107.0,False,19|21|19|27,23|29|28|27,,,-170.0,150.0,4.0,194.5,sbro,,,,
2013-14,2013-11-13,OklahomaCity,LAClippers,103.0,111.0,False,33|29|16|25,25|28|30|28,,,160.0,-185.0,-4.5,209.5,sbro,,,,
2013-14,2013-11-14,Houston,NewYork,109.0,106.0,False,28|25|22|34,23|29|20|34,,,-130.0,110.0,2.0,206.5,sbro,,,,
2013-14,2013-11-14,OklahomaCity,GoldenState,115.0,116.0,False,33|29|24|29,32|30|33|21,,,175.0,-200.0,-5.0,207.0,sbro,,,,
2013-14,2013-11-15,Milwaukee,Indiana,77.0,104.0,False,21|16|24|16,31|21|23|29,,,1230.0,-1930.0,-14.0,184.0,sbro,,,,
2013-14,2013-11-15,Chicago,Toronto,96.0,80.0,False,27|18|29|22,16|15|23|26,,,100.0,-120.0,-1.5,181.5,sbro,,,,
2013-14,2013-11-15,Philadelphia,Atlanta,103.0,113.0,False,17|39|17|30,25|29|28|31,,,330.0,-430.0,-8.5,207.5,sbro,,,,
2013-14,2013-11-15,Portland,Boston,109.0,96.0,False,23|34|33|19,21|30|27|18,,,-120.0,100.0,1.5,194.0,sbro,,,,
2013-14,2013-11-15,Charlotte,Cleveland,86.0,80.0,False,12|21|24|29,18|19|21|22,,,210.0,-250.0,-6.0,187.0,sbro,,,,
2013-14,2013-11-15,Dallas,Miami,104.0,110.0,False,32|19|27|26,31|29|26|24,,,330.0,-430.0,-8.5,205.5,sbro,,,,
2013-14,2013-11-15,Minnesota,Denver,113.0,117.0,False,26|34|21|32,35|21|30|31,,,-130.0,110.0,2.0,210.0,sbro,,,,
2013-14,2013-11-15,Brooklyn,Phoenix,100.0,98.0,False,18|28|27|19,29|21|17|25,,,-105.0,-115.0,-1.0,197.0,sbro,,,,
2013-14,2013-11-15,SanAntonio,Utah,91.0,82.0,False,16|25|19|31,29|17|21|15,,,-670.0,445.0,10.0,193.0,sbro,,,,
2013-14,2013-11-15,Memphis,LALakers,89.0,86.0,False,24|16|23|26,17|23|26|20,,,-150.0,130.0,3.0,197.5,sbro,,,,
2013-14,2013-11-15,Detroit,Sacramento,97.0,90.0,False,27|27|26|17,21|30|19|20,,,110.0,-130.0,-2.0,198.5,sbro,,,,
2013-14,2013-11-16,Miami,Charlotte,97.0,81.0,False,26|19|23|29,16|25|19|21,,,-410.0,320.0,8.5,193.0,sbro,,,,
2013-14,2013-11-16,Dallas,Orlando,108.0,100.0,False,31|28|28|21,24|22|34|20,,,-140.0,120.0,2.5,204.0,sbro,,,,
2013-14,2013-11-16,Cleveland,Washington,103.0,96.0,False,18|26|20|26,25|24|20|21,,,290.0,-350.0,-7.5,192.5,sbro,,,,
2013-14,2013-11-16,Atlanta,NewYork,110.0,90.0,False,24|30|26|30,26|21|22|21,,,160.0,-185.0,-4.0,202.5,sbro,,,,
2013-14,2013-11-16,Indiana,Chicago,94.0,110.0,False,20|15|24|35,31|29|24|26,,,110.0,-130.0,-1.5,178.5,sbro,,,,
2013-14,2013-11-16,Denver,Houston,111.0,122.0,False,23|23|29|36,33|30|27|32,,,320.0,-410.0,-8.0,214.0,sbro,,,,
2013-14,2013-11-16,Boston,Minnesota,88.0,106.0,False,24|26|20|18,33|22|34|17,,,425.0,-580.0,-10.0,202.5,sbro,,,,
2013-14,2013-11-16,Philadelphia,NewOrleans,98.0,135.0,False,22|24|20|32,34|33|36|32,,,345.0,-450.0,-8.5,204.5,sbro,,,,
2013-14,2013-11-16,OklahomaCity,Milwaukee,92.0,79.0,False,23|17|32|20,23|17|25|14,,,-805.0,505.0,10.5,199.5,sbro,,,,
2013-14,2013-11-16,Utah,GoldenState,88.0,102.0,False,13|21|29|25,27|24|23|28,,,1585.0,-3185.0,-15.5,198.5,sbro,,,,
2013-14,2013-11-16,Brooklyn,LAClippers,103.0,110.0,False,26|29|20|28,29|25|22|34,,,1010.0,-1610.0,-14.0,202.5,sbro,,,,
2013-14,2013-11-17,Portland,Toronto,118.0,110.0,False,31|26|19|26,29|25|15|33,,,110.0,-130.0,-2.0,193.0,sbro,,,,
2013-14,2013-11-17,Memphis,Sacramento,97.0,86.0,False,25|22|27|23,18|16|31|21,,,-140.0,120.0,2.5,187.5,sbro,,,,
2013-14,2013-11-17,Detroit,LALakers,99.0,114.0,False,29|27|15|28,27|23|29|35,,,-135.0,115.0,2.5,205.0,sbro,,,,
2013-14,2013-11-18,Portland,Brooklyn,108.0,98.0,False,31|25|27|25,40|23|15|20,,,105.0,-125.0,-1.5,195.5,sbro,,,,
2013-14,2013-11-18,Charlotte,Chicago,81.0,86.0,False,21|23|15|22,26|14|22|24,,,730.0,-1130.0,-13.0,180.5,sbro,,,,
2013-14,2013-11-18,Denver,OklahomaCity,113.0,115.0,False,39|24|29|21,28|32|23|32,,,390.0,-495.0,-9.0,212.5,sbro,,,,
2013-14,2013-11-18,Philadelphia,Dallas,94.0,97.0,False,21|26|24|23,18|25|31|23,,,640.0,-1040.0,-11.5,215.5,sbro,,,,
2013-14,2013-11-18,GoldenState,Utah,98.0,87.0,False,22|37|19|20,19|17|29|22,,,-385.0,305.0,8.0,195.5,sbro,,,,
2013-14,2013-11-18,Memphis,LAClippers,106.0,102.0,False,29|23|29|25,20|31|30|21,,,355.0,-460.0,-8.5,196.5,sbro,,,,
2013-14,2013-11-19,Minnesota,Washington,100.0,104.0,False,34|29|18|19,27|24|30|23,,,-160.0,140.0,3.5,206.5,sbro,,,,
2013-14,2013-11-19,NewYork,Detroit,86.0,92.0,False,24|19|20|23,26|17|28|21,,,155.0,-180.0,-4.0,198.5,sbro,,,,
2013-14,2013-11-19,Atlanta,Miami,88.0,104.0,False,25|20|23|20,24|24|30|26,,,345.0,-450.0,-8.5,203.5,sbro,,,,
2013-14,2013-11-19,Boston,Houston,85.0,109.0,False,18|26|13|28,40|28|20|21,,,495.0,-795.0,-10.5,205.0,sbro,,,,
2013-14,2013-11-19,Phoenix,Sacramento,104.0,107.0,False,25|37|26|16,33|21|28|25,,,140.0,-160.0,-3.5,195.0,sbro,,,,
2013-14,2013-11-20,Brooklyn,Charlotte,91.0,95.0,False,29|21|22|19,30|23|30|12,,,-145.0,125.0,2.5,186.0,sbro,,,,
2013-14,2013-11-20,Washington,Cleveland,98.0,91.0,False,30|26|24|18,19|19|21|32,,,130.0,-150.0,-3.0,191.0,sbro,,,,
2013-14,2013-11-20,Indiana,NewYork,103.0,96.0,False,14|23|21|31,19|23|20|27,,,-250.0,210.0,6.5,185.5,sbro,,,,
2013-14,2013-11-20,Miami,Orlando,120.0,92.0,False,25|29|36|30,20|29|22|21,,,-300.0,250.0,7.0,200.0,sbro,,,,
2013-14,2013-11-20,Toronto,Philadelphia,108.0,98.0,False,25|30|38|15,25|23|29|21,,,-175.0,155.0,4.5,203.5,sbro,,,,
2013-14,2013-11-20,Detroit,Atlanta,85.0,93.0,False,13|33|18|21,15|28|23|27,,,180.0,-220.0,-5.5,202.0,sbro,,,,
2013-14,2013-11-20,Portland,Milwaukee,91.0,82.0,False,23|30|17|21,24|27|13|18,,,-210.0,175.0,5.5,194.5,sbro,,,,
2013-14,2013-11-20,LAClippers,Minnesota,102.0,98.0,False,24|22|25|31,24|22|21|31,,,105.0,-125.0,-2.0,213.0,sbro,,,,
2013-14,2013-11-20,Utah,NewOrleans,98.0,105.0,False,17|24|28|29,20|25|28|32,,,500.0,-700.0,-11.0,195.0,sbro,,,,
2013-14,2013-11-20,Boston,SanAntonio,93.0,104.0,False,25|23|22|23,22|26|32|24,,,1350.0,-2300.0,-14.5,193.0,sbro,,,,
2013-14,2013-11-20,Sacramento,Phoenix,113.0,106.0,False,27|28|19|39,27|23|12|44,,,200.0,-240.0,-5.5,196.0,sbro,,,,
2013-14,2013-11-20,Houston,Dallas,120.0,123.0,False,40|28|33|19,29|32|26|36,,,120.0,-140.0,-2.5,215.0,sbro,,,,
2013-14,2013-11-20,Memphis,GoldenState,88.0,81.0,False,16|18|25|16,26|18|13|18,,,180.0,-220.0,-5.0,189.0,sbro,,,,
2013-14,2013-11-21,LAClippers,OklahomaCity,91.0,105.0,False,22|21|29|19,28|23|30|24,,,195.0,-235.0,-5.5,212.0,sbro,,,,
2013-14,2013-11-21,Chicago,Denver,87.0,97.0,False,25|23|14|25,24|26|20|27,,,-120.0,100.0,1.0,199.0,sbro,,,,
2013-14,2013-11-22,Phoenix,Charlotte,98.0,91.0,False,27|28|19|24,24|20|19|28,,,140.0,-160.0,-3.5,190.5,sbro,,,,
2013-14,2013-11-22,Milwaukee,Philadelphia,107.0,115.0,False,20|33|20|29,28|27|20|27,,,130.0,-150.0,-3.0,202.0,sbro,,,,
2013-14,2013-11-22,Washington,Toronto,88.0,96.0,False,27|11|32|18,32|19|15|30,,,165.0,-190.0,-4.5,194.0,sbro,,,,
2013-14,2013-11-22,Indiana,Boston,97.0,82.0,False,22|20|25|30,25|25|8|24,,,-345.0,285.0,7.5,186.5,sbro,,,,
2013-14,2013-11-22,Atlanta,Detroit,96.0,89.0,False,27|22|24|23,22|22|24|21,,,150.0,-170.0,-3.5,197.0,sbro,,,,
2013-14,2013-11-22,SanAntonio,Memphis,102.0,86.0,False,26|25|20|31,21|16|28|21,,,-115.0,-105.0,1.0,184.0,sbro,,,,
2013-14,2013-11-22,Brooklyn,Minnesota,81.0,111.0,False,14|23|21|23,30|27|33|21,,,370.0,-475.0,-9.0,202.0,sbro,,,,
2013-14,2013-11-22,Cleveland,NewOrleans,100.0,104.0,False,20|31|20|29,21|21|28|34,,,245.0,-305.0,-7.0,195.0,sbro,,,,
2013-14,2013-11-22,Utah,Dallas,93.0,103.0,False,18|16|30|29,31|27|22|23,,,490.0,-790.0,-10.5,201.5,sbro,,,,
2013-14,2013-11-22,Chicago,Portland,95.0,98.0,False,32|27|12|24,22|22|34|20,,,150.0,-170.0,-4.0,190.0,sbro,,,,
2013-14,2013-11-22,GoldenState,LALakers,95.0,102.0,False,21|25|17|32,22|33|20|27,,,-200.0,170.0,4.5,202.5,sbro,,,,
2013-14,2013-11-23,Sacramento,LAClippers,102.0,103.0,False,13|35|21|33,29|28|18|28,,,505.0,-805.0,-11.0,207.5,sbro,,,,
2013-14,2013-11-23,Philadelphia,Indiana,98.0,106.0,False,22|30|14|32,25|31|21|29,,,1520.0,-2620.0,-15.5,195.0,sbro,,,,
2013-14,2013-11-23,NewYork,Washington,89.0,98.0,False,27|25|17|20,26|23|27|22,,,110.0,-130.0,-1.5,192.5,sbro,,,,
2013-14,2013-11-23,Boston,Atlanta,94.0,87.0,False,25|24|15|30,24|29|21|13,,,380.0,-485.0,-9.5,194.5,sbro,,,,
2013-14,2013-11-23,Orlando,Miami,99.0,101.0,False,20|35|22|22,16|23|32|30,,,925.0,-1425.0,-13.0,202.0,sbro,,,,
2013-14,2013-11-23,Minnesota,Houston,101.0,112.0,False,18|24|32|27,25|30|27|30,,,215.0,-255.0,-6.0,212.5,sbro,,,,
2013-14,2013-11-23,Charlotte,Milwaukee,96.0,72.0,False,25|21|28|22,21|18|12|21,,,110.0,-130.0,-2.0,184.5,sbro,,,,
2013-14,2013-11-23,Cleveland,SanAntonio,96.0,126.0,False,21|11|35|29,30|35|31|30,,,860.0,-1310.0,-13.0,192.0,sbro,,,,
2013-14,2013-11-23,Dallas,Denver,100.0,102.0,False,22|31|27|20,35|30|21|16,,,175.0,-205.0,-5.0,214.0,sbro,,,,
2013-14,2013-11-23,Portland,GoldenState,113.0,101.0,False,23|26|32|32,24|30|30|17,,,170.0,-195.0,-4.5,200.0,sbro,,,,
2013-14,2013-11-24,Detroit,Brooklyn,109.0,97.0,False,23|21|34|31,19|32|15|31,,,110.0,-130.0,-2.0,190.5,sbro,,,,
2013-14,2013-11-24,Chicago,LAClippers,82.0,121.0,False,24|28|21|9,31|34|31|25,,,230.0,-280.0,-6.5,193.5,sbro,,,,
2013-14,2013-11-24,Phoenix,Orlando,104.0,96.0,False,31|22|27|24,21|23|28|24,,,110.0,-130.0,-1.5,199.5,sbro,,,,
2013-14,2013-11-24,Utah,OklahomaCity,73.0,95.0,False,13|17|13|30,22|25|28|20,,,830.0,-1330.0,-13.0,196.0,sbro,,,,
2013-14,2013-11-24,Sacramento,LALakers,86.0,100.0,False,24|24|13|25,29|26|18|27,,,160.0,-185.0,-4.0,204.5,sbro,,,,
2013-14,2013-11-25,Boston,Charlotte,96.0,86.0,False,14|33|21|28,21|17|28|20,,,140.0,-165.0,-3.0,185.5,sbro,,,,
2013-14,2013-11-25,Minnesota,Indiana,84.0,98.0,False,24|22|22|16,28|20|25|25,,,227.0,-275.0,-6.5,196.0,sbro,,,,
2013-14,2013-11-25,Milwaukee,Detroit,94.0,113.0,False,18|16|32|28,38|27|27|21,,,255.0,-310.0,-7.0,192.0,sbro,,,,
2013-14,2013-11-25,Phoenix,Miami,92.0,107.0,False,21|26|24|21,24|26|29|28,,,810.0,-1300.0,-12.5,203.0,sbro,,,,
2013-14,2013-11-25,Houston,Memphis,93.0,86.0,False,20|12|23|38,24|20|19|23,,,-119.0,-101.0,0.0,194.5,sbro,,,,
2013-14,2013-11-25,Denver,Dallas,110.0,96.0,False,32|24|29|25,27|24|26|19,,,230.0,-280.0,-6.5,213.5,sbro,,,,
2013-14,2013-11-25,NewOrleans,SanAntonio,93.0,112.0,False,24|16|25|28,27|30|34|21,,,405.0,-525.0,-9.5,200.5,sbro,,,,
2013-14,2013-11-25,Chicago,Utah,83.0,89.0,False,18|14|24|22,23|17|24|14,,,-214.0,181.0,5.0,181.0,sbro,,,,
2013-14,2013-11-25,NewYork,Portland,91.0,102.0,False,18|21|30|22,34|22|25|21,,,260.0,-315.0,-7.0,195.5,sbro,,,,
2013-14,2013-11-26,Brooklyn,Toronto,102.0,100.0,False,26|29|26|21,28|23|25|24,,,240.0,-290.0,-7.0,191.0,sbro,,,,
2013-14,2013-11-26,LALakers,Washington,111.0,116.0,False,29|26|22|34,31|28|23|34,,,190.0,-230.0,-5.5,198.0,sbro,,,,
2013-14,2013-11-26,Orlando,Atlanta,109.0,92.0,False,26|23|36|24,25|28|20|19,,,275.0,-325.0,-7.5,199.5,sbro,,,,
2013-14,2013-11-26,GoldenState,NewOrleans,102.0,101.0,False,28|29|19|26,18|31|28|24,,,-110.0,-110.0,-0.0,206.5,sbro,,,,
2013-14,2013-11-27,Indiana,Charlotte,99.0,74.0,False,22|21|17|39,11|27|14|22,,,-320.0,265.0,7.0,181.5,sbro,,,,
2013-14,2013-11-27,Philadelphia,Orlando,94.0,105.0,False,27|23|23|21,33|22|22|28,,,145.0,-170.0,-4.0,208.5,sbro,,,,
2013-14,2013-11-27,Memphis,Boston,100.0,93.0,False,27|22|20|31,13|23|23|34,,,-125.0,105.0,1.5,182.0,sbro,,,,
2013-14,2013-11-27,LALakers,Brooklyn,99.0,94.0,False,34|20|23|22,18|22|28|26,,,120.0,-140.0,-2.5,199.5,sbro,,,,
2013-14,2013-11-27,Miami,Cleveland,95.0,84.0,False,22|27|21|25,28|14|18|24,,,-440.0,350.0,8.5,197.5,sbro,,,,
2013-14,2013-11-27,Chicago,Detroit,99.0,79.0,False,25|26|25|23,29|24|15|11,,,140.0,-165.0,-3.5,185.0,sbro,,,,
2013-14,2013-11-27,Atlanta,Houston,84.0,113.0,False,19|26|22|17,30|26|21|36,,,290.0,-355.0,-7.5,205.0,sbro,,,,
2013-14,2013-11-27,Washington,Milwaukee,100.0,92.0,False,27|22|22|16,21|27|20|19,,,-145.0,125.0,2.5,190.0,sbro,,,,
2013-14,2013-11-27,Denver,Minnesota,117.0,110.0,False,28|36|26|27,27|28|28|27,,,250.0,-300.0,-7.0,213.0,sbro,,,,
2013-14,2013-11-27,SanAntonio,OklahomaCity,88.0,94.0,False,21|25|15|27,19|24|25|26,,,130.0,-150.0,-3.0,201.5,sbro,,,,
2013-14,2013-11-27,GoldenState,Dallas,99.0,103.0,False,22|24|25|28,28|27|27|21,,,162.0,-190.0,-4.5,206.0,sbro,,,,
2013-14,2013-11-27,Portland,Phoenix,106.0,120.0,False,32|26|18|30,21|40|29|30,,,-180.0,155.0,4.5,200.0,sbro,,,,
2013-14,2013-11-27,NewYork,LAClippers,80.0,93.0,False,27|18|23|12,29|20|25|19,,,395.0,-510.0,-9.0,204.0,sbro,,,,
2013-14,2013-11-29,Milwaukee,Charlotte,76.0,92.0,False,20|21|18|17,24|27|20|21,,,175.0,-210.0,-5.0,185.5,sbro,,,,
2013-14,2013-11-29,SanAntonio,Orlando,109.0,91.0,False,29|34|18|28,24|21|25|21,,,-495.0,390.0,9.0,193.5,sbro,,,,
2013-14,2013-11-29,Miami,Toronto,90.0,83.0,False,27|30|21|12,22|21|27|13,,,-255.0,215.0,6.0,195.5,sbro,,,,
2013-14,2013-11-29,Dallas,Atlanta,87.0,88.0,False,28|25|22|12,23|16|25|24,,,-120.0,100.0,1.5,202.5,sbro,,,,
2013-14,2013-11-29,Cleveland,Boston,86.0,103.0,False,10|29|19|28,28|27|24|24,,,155.0,-175.0,-4.0,189.5,sbro,,,,
2013-14,2013-11-29,LALakers,Detroit,106.0,102.0,False,31|25|21|29,32|23|32|15,,,190.0,-230.0,-5.5,202.0,sbro,,,,
2013-14,2013-11-29,Brooklyn,Houston,95.0,114.0,False,17|23|22|33,33|33|26|22,,,490.0,-790.0,-10.5,205.5,sbro,,,,
2013-14,2013-11-29,GoldenState,OklahomaCity,112.0,113.0,False,28|23|31|22,32|22|22|28,,,280.0,-340.0,-7.5,204.0,sbro,,,,
2013-14,2013-11-29,Washington,Indiana,73.0,93.0,False,14|22|20|17,28|15|26|24,,,515.0,-815.0,-11.0,186.0,sbro,,,,
2013-14,2013-11-29,NewOrleans,Philadelphia,121.0,105.0,False,35|26|26|34,30|25|22|28,,,-170.0,150.0,4.0,209.0,sbro,,,,
2013-14,2013-11-29,NewYork,Denver,95.0,97.0,False,20|25|22|28,30|21|24|22,,,310.0,-390.0,-8.0,202.5,sbro,,,,
2013-14,2013-11-29,Phoenix,Utah,112.0,101.0,False,31|31|33|17,33|18|27|23,,,-130.0,110.0,2.5,190.5,sbro,,,,
2013-14,2013-11-29,LAClippers,Sacramento,104.0,98.0,False,23|27|23|21,24|21|27|22,,,-145.0,125.0,2.5,202.5,sbro,,,,
2013-14,2013-11-30,Atlanta,Washington,101.0,108.0,False,20|24|26|31,28|26|25|29,,,170.0,-200.0,-4.5,190.5,sbro,,,,
2013-14,2013-11-30,Chicago,Cleveland,93.0,97.0,False,25|26|15|27,27|29|21|20,,,-205.0,175.0,5.0,182.5,sbro,,,,
2013-14,2013-11-30,Brooklyn,Memphis,97.0,88.0,False,24|24|25|24,19|18|28|23,,,290.0,-340.0,-7.5,186.5,sbro,,,,
2013-14,2013-11-30,Minnesota,Dallas,112.0,106.0,False,29|25|30|28,24|23|30|29,,,-130.0,110.0,2.0,208.5,sbro,,,,
2013-14,2013-11-30,Houston,SanAntonio,112.0,106.0,False,30|27|26|29,24|22|34|26,,,230.0,-270.0,-6.5,205.5,sbro,,,,
2013-14,2013-11-30,Boston,Milwaukee,85.0,92.0,False,27|14|22|22,19|28|23|22,,,-140.0,120.0,2.5,185.5,sbro,,,,
2013-14,2013-11-30,Utah,Phoenix,112.0,104.0,False,28|21|29|34,23|30|24|27,,,370.0,-450.0,-9.0,194.5,sbro,,,,
2013-14,2013-12-01,Denver,Toronto,112.0,98.0,False,25|22|29|36,31|14|27|26,,,120.0,-140.0,-2.0,201.0,sbro,,,,
2013-14,2013-12-01,Indiana,LAClippers,105.0,100.0,False,29|24|31|21,22|25|27|26,,,-120.0,100.0,1.0,191.0,sbro,,,,
2013-14,2013-12-01,Philadelphia,Detroit,100.0,115.0,False,25|21|36|18,40|30|24|21,,,315.0,-405.0,-8.0,206.5,sbro,,,,
2013-14,2013-12-01,GoldenState,Sacramento,115.0,113.0,False,24|32|34|25,26|27|27|33,,,-195.0,170.0,4.5,201.0,sbro,,,,
2013-14,2013-12-01,Charlotte,Miami,98.0,99.0,False,21|27|25|25,24|23|14|38,,,625.0,-1025.0,-11.5,189.0,sbro,,,,
2013-14,2013-12-01,Minnesota,OklahomaCity,103.0,113.0,False,32|26|25|20,26|29|23|35,,,340.0,-440.0,-8.5,209.0,sbro,,,,
2013-14,2013-12-01,NewOrleans,NewYork,103.0,99.0,False,16|28|32|27,20|29|25|25,,,100.0,-120.0,-1.5,198.5,sbro,,,,
2013-14,2013-12-01,Portland,LALakers,114.0,108.0,False,32|21|41|20,24|26|24|34,,,-170.0,150.0,3.5,206.5,sbro,,,,
2013-14,2013-12-02,Orlando,Washington,80.0,98.0,False,22|19|20|19,22|30|23|23,,,250.0,-300.0,-7.0,194.0,sbro,,,,
2013-14,2013-12-02,NewOrleans,Chicago,131.0,128.0,False,24|26|27|26,21|35|24|23,,,250.0,-300.0,-7.0,191.0,sbro,,,,
2013-14,2013-12-02,Atlanta,SanAntonio,100.0,102.0,False,23|26|22|29,25|25|23|29,,,670.0,-1000.0,-12.0,199.0,sbro,,,,
2013-14,2013-12-02,Houston,Utah,103.0,109.0,False,23|27|24|29,36|17|29|27,,,-350.0,290.0,7.5,202.0,sbro,,,,
2013-14,2013-12-02,Indiana,Portland,102.0,106.0,False,23|23|26|30,20|25|27|34,,,-119.0,-101.0,0.0,191.5,sbro,,,,
2013-14,2013-12-03,Orlando,Philadelphia,125.0,126.0,False,34|23|23|24,29|29|27|19,,,155.0,-180.0,-3.5,206.0,sbro,,,,
2013-14,2013-12-03,Detroit,Miami,107.0,97.0,False,28|26|28|25,18|25|25|29,,,405.0,-520.0,-9.0,200.0,sbro,,,,
2013-14,2013-12-03,Milwaukee,Boston,100.0,108.0,False,23|18|22|37,28|20|21|39,,,270.0,-330.0,-7.0,185.5,sbro,,,,
2013-14,2013-12-03,Denver,Brooklyn,111.0,87.0,False,27|31|31|22,29|21|15|22,,,-185.0,160.0,4.5,203.5,sbro,,,,
2013-14,2013-12-03,Phoenix,Memphis,91.0,110.0,False,19|35|20|17,23|23|36|28,,,125.0,-145.0,-2.5,191.5,sbro,,,,
2013-14,2013-12-03,Charlotte,Dallas,82.0,89.0,False,18|24|25|15,22|17|21|29,,,315.0,-375.0,-8.0,195.5,sbro,,,,
2013-14,2013-12-03,OklahomaCity,Sacramento,97.0,95.0,False,19|31|28|19,31|16|18|30,,,-400.0,325.0,8.5,201.0,sbro,,,,
2013-14,2013-12-03,Toronto,GoldenState,103.0,112.0,False,36|29|23|15,19|29|22|42,,,290.0,-350.0,-8.0,202.0,sbro,,,,
2013-14,2013-12-04,Denver,Cleveland,88.0,98.0,False,24|28|21|15,31|25|23|19,,,-170.0,150.0,3.5,201.0,sbro,,,,
2013-14,2013-12-04,LAClippers,Atlanta,97.0,107.0,False,21|23|26|27,29|26|24|28,,,-145.0,125.0,2.5,203.5,sbro,,,,
2013-14,2013-12-04,Phoenix,Houston,97.0,88.0,False,25|26|22|24,20|20|21|27,,,450.0,-700.0,-10.0,212.0,sbro,,,,
2013-14,2013-12-04,Dallas,NewOrleans,100.0,97.0,False,27|25|23|25,24|29|24|20,,,120.0,-140.0,-2.5,208.0,sbro,,,,
2013-14,2013-12-04,Detroit,Milwaukee,105.0,98.0,False,26|19|35|25,19|31|17|31,,,-185.0,160.0,4.5,192.5,sbro,,,,
2013-14,2013-12-04,Indiana,Utah,95.0,86.0,False,17|30|21|27,23|25|19|19,,,-425.0,325.0,8.5,186.0,sbro,,,,
2013-14,2013-12-04,OklahomaCity,Portland,104.0,111.0,False,27|32|21|24,25|23|35|28,,,115.0,-135.0,-2.5,205.5,sbro,,,,
2013-14,2013-12-05,NewYork,Brooklyn,113.0,83.0,False,29|21|34|29,23|20|16|24,,,-125.0,106.0,1.5,189.5,sbro,,,,
2013-14,2013-12-05,LAClippers,Memphis,101.0,81.0,False,18|22|24|37,20|22|11|28,,,-130.0,110.0,1.5,192.5,sbro,,,,
2013-14,2013-12-05,Miami,Chicago,87.0,107.0,False,20|24|19|24,29|29|27|22,,,-190.0,162.0,4.0,187.0,sbro,,,,
2013-14,2013-12-06,Philadelphia,Charlotte,88.0,105.0,False,33|18|21|16,36|26|22|21,,,240.0,-290.0,-7.0,198.5,sbro,,,,
2013-14,2013-12-06,Milwaukee,Washington,109.0,105.0,False,34|22|22|24,30|13|31|28,,,420.0,-550.0,-9.5,192.5,sbro,,,,
2013-14,2013-12-06,Cleveland,Atlanta,89.0,108.0,False,20|23|21|25,37|26|19|26,,,215.0,-255.0,-6.0,195.5,sbro,,,,
2013-14,2013-12-06,Orlando,NewYork,83.0,121.0,False,31|23|15|14,28|31|30|32,,,225.0,-265.0,-6.5,195.5,sbro,,,,
2013-14,2013-12-06,Denver,Boston,98.0,106.0,False,15|29|33|21,39|25|23|19,,,-180.0,155.0,4.0,200.5,sbro,,,,
2013-14,2013-12-06,GoldenState,Houston,83.0,105.0,False,12|25|29|17,31|30|26|18,,,165.0,-200.0,-5.0,213.0,sbro,,,,
2013-14,2013-12-06,OklahomaCity,NewOrleans,109.0,95.0,False,24|34|22|29,26|26|16|27,,,-235.0,195.0,5.5,206.5,sbro,,,,
2013-14,2013-12-06,Toronto,Phoenix,97.0,106.0,False,27|23|24|23,27|25|29|25,,,150.0,-170.0,-3.5,199.5,sbro,,,,
2013-14,2013-12-06,LALakers,Sacramento,106.0,100.0,False,28|24|29|25,30|25|32|13,,,155.0,-175.0,-4.0,202.5,sbro,,,,
2013-14,2013-12-06,Utah,Portland,98.0,130.0,False,22|34|13|29,39|28|40|23,,,520.0,-750.0,-11.0,199.5,sbro,,,,
2013-14,2013-12-07,Denver,Philadelphia,103.0,92.0,False,25|24|28|26,27|26|24|15,,,-285.0,235.0,6.5,207.5,sbro,,,,
2013-14,2013-12-07,LAClippers,Cleveland,82.0,88.0,False,23|26|17|16,29|21|17|21,,,-250.0,210.0,6.0,199.0,sbro,,,,
2013-14,2013-12-07,GoldenState,Memphis,108.0,82.0,False,29|20|28|31,19|24|17|22,,,-135.0,115.0,2.5,193.0,sbro,,,,
2013-14,2013-12-07,Miami,Minnesota,103.0,82.0,False,24|31|21|27,25|17|18|22,,,-285.0,235.0,6.0,202.0,sbro,,,,
2013-14,2013-12-07,Detroit,Chicago,92.0,75.0,False,25|22|24|21,24|23|9|19,,,110.0,-130.0,-2.0,188.0,sbro,,,,
2013-14,2013-12-07,Indiana,SanAntonio,111.0,100.0,False,20|32|35|24,28|20|17|35,,,155.0,-175.0,-4.0,191.5,sbro,,,,
2013-14,2013-12-07,Brooklyn,Milwaukee,90.0,82.0,False,20|19|26|25,18|22|19|23,,,-140.0,120.0,2.5,191.5,sbro,,,,
2013-14,2013-12-07,Sacramento,Utah,112.0,102.0,False,23|24|27|23,24|26|20|27,,,135.0,-155.0,-3.0,193.5,sbro,,,,
2013-14,2013-12-07,Dallas,Portland,108.0,106.0,False,28|27|24|29,30|23|23|30,,,190.0,-230.0,-5.5,208.5,sbro,,,,
2013-14,2013-12-08,Boston,NewYork,114.0,73.0,False,34|24|34|22,11|20|25|17,,,205.0,-245.0,-6.0,191.5,sbro,,,,
2013-14,2013-12-08,Miami,Detroit,110.0,95.0,False,29|30|32|19,21|32|17|25,,,-160.0,140.0,3.5,197.0,sbro,,,,
2013-14,2013-12-08,Indiana,OklahomaCity,94.0,118.0,False,18|19|32|25,28|28|34|28,,,170.0,-200.0,-5.0,194.5,sbro,,,,
2013-14,2013-12-08,Orlando,Houston,88.0,98.0,False,18|20|23|27,28|24|28|18,,,925.0,-1425.0,-13.5,210.0,sbro,,,,
2013-14,2013-12-08,Toronto,LALakers,106.0,94.0,False,30|21|22|33,20|27|21|26,,,225.0,-265.0,-6.5,204.0,sbro,,,,
2013-14,2013-12-09,LAClippers,Philadelphia,94.0,83.0,False,23|21|32|18,17|19|24|23,,,-600.0,425.0,9.5,208.5,sbro,,,,
2013-14,2013-12-09,GoldenState,Charlotte,111.0,115.0,False,21|20|36|34,27|26|30|32,,,-230.0,190.0,6.0,195.0,sbro,,,,
2013-14,2013-12-09,Denver,Washington,75.0,74.0,False,18|22|18|17,22|23|15|14,,,-115.0,-105.0,1.0,196.5,sbro,,,,
2013-14,2013-12-09,Orlando,Memphis,85.0,94.0,False,16|14|30|25,23|28|22|21,,,355.0,-460.0,-9.0,188.0,sbro,,,,
2013-14,2013-12-09,Portland,Utah,105.0,94.0,False,22|29|26|28,22|23|19|30,,,-305.0,245.0,7.0,203.5,sbro,,,,
2013-14,2013-12-09,Dallas,Sacramento,97.0,112.0,False,23|24|26|24,34|23|35|20,,,-185.0,160.0,4.5,207.5,sbro,,,,
2013-14,2013-12-10,Miami,Indiana,84.0,90.0,False,30|17|17|20,19|21|28|22,,,145.0,-165.0,-3.5,191.5,sbro,,,,
2013-14,2013-12-10,NewYork,Cleveland,94.0,109.0,False,19|26|20|29,31|17|33|28,,,120.0,-140.0,-2.5,190.5,sbro,,,,
2013-14,2013-12-10,SanAntonio,Toronto,116.0,103.0,False,24|35|30|27,36|17|21|29,,,-330.0,280.0,8.5,199.0,sbro,,,,
2013-14,2013-12-10,Minnesota,Detroit,121.0,94.0,False,33|31|32|25,32|19|26|17,,,-120.0,100.0,1.0,206.0,sbro,,,,
2013-14,2013-12-10,Boston,Brooklyn,96.0,104.0,False,20|27|25|24,31|25|29|19,,,110.0,-130.0,-2.0,193.0,sbro,,,,
2013-14,2013-12-10,OklahomaCity,Atlanta,101.0,92.0,False,21|27|28|25,21|18|29|24,,,-165.0,145.0,3.5,203.5,sbro,,,,
2013-14,2013-12-10,Milwaukee,Chicago,78.0,74.0,False,20|15|20|23,14|28|15|17,,,210.0,-250.0,-6.0,180.0,sbro,,,,
2013-14,2013-12-10,Phoenix,LALakers,114.0,108.0,False,26|30|23|35,21|30|23|34,,,130.0,-150.0,-3.0,207.5,sbro,,,,
2013-14,2013-12-11,Orlando,Charlotte,92.0,83.0,False,16|27|24|25,18|24|20|21,,,170.0,-200.0,-4.5,194.0,sbro,,,,
2013-14,2013-12-11,LAClippers,Boston,96.0,88.0,False,20|19|27|30,23|22|19|24,,,-220.0,185.0,5.0,195.0,sbro,,,,
2013-14,2013-12-11,SanAntonio,Milwaukee,109.0,77.0,False,32|31|29|17,16|24|14|23,,,-850.0,550.0,11.0,192.0,sbro,,,,
2013-14,2013-12-11,Detroit,NewOrleans,106.0,111.0,False,28|23|23|22,29|28|26|13,,,125.0,-145.0,-2.5,204.0,sbro,,,,
2013-14,2013-12-11,Philadelphia,Minnesota,99.0,106.0,False,39|22|20|18,20|28|30|28,,,785.0,-1235.0,-13.0,210.5,sbro,,,,
2013-14,2013-12-11,Chicago,NewYork,78.0,83.0,False,17|15|22|24,15|31|22|15,,,170.0,-200.0,-4.5,180.0,sbro,,,,
2013-14,2013-12-11,OklahomaCity,Memphis,116.0,100.0,False,25|32|32|27,22|20|31|27,,,-270.0,220.0,6.5,191.0,sbro,,,,
2013-14,2013-12-11,Utah,Sacramento,122.0,101.0,False,26|32|38|26,23|23|26|29,,,240.0,-300.0,-7.0,200.5,sbro,,,,
2013-14,2013-12-11,Dallas,GoldenState,93.0,95.0,False,23|32|17|21,16|28|22|29,,,205.0,-245.0,-6.0,210.0,sbro,,,,
2013-14,2013-12-12,LAClippers,Brooklyn,93.0,102.0,False,25|19|18|31,20|36|27|19,,,-120.0,100.0,1.0,197.5,sbro,,,,
2013-14,2013-12-12,Houston,Portland,104.0,111.0,False,20|24|32|28,21|22|33|35,,,125.0,-145.0,-2.5,213.5,sbro,,,,
2013-14,2013-12-13,Cleveland,Orlando,109.0,100.0,False,19|31|23|36,28|23|25|24,,,110.0,-130.0,-2.0,195.0,sbro,,,,
2013-14,2013-12-13,Philadelphia,Toronto,100.0,108.0,False,21|27|28|24,36|20|27|25,,,254.0,-309.0,-7.0,202.0,sbro,,,,
2013-14,2013-12-13,Charlotte,Indiana,94.0,99.0,False,25|30|21|18,27|29|23|20,,,720.0,-1100.0,-12.0,183.5,sbro,,,,
2013-14,2013-12-13,NewYork,Boston,86.0,90.0,False,26|22|25|13,29|25|14|22,,,130.0,-150.0,-3.0,190.0,sbro,,,,
2013-14,2013-12-13,Brooklyn,Detroit,99.0,103.0,False,24|20|24|31,23|38|25|17,,,205.0,-245.0,-6.0,198.5,sbro,,,,
2013-14,2013-12-13,Washington,Atlanta,99.0,101.0,False,19|27|15|25,21|27|23|15,,,215.0,-260.0,-6.0,194.0,sbro,,,,
2013-14,2013-12-13,LALakers,OklahomaCity,97.0,122.0,False,28|23|23|23,38|28|28|28,,,670.0,-1000.0,-12.0,210.5,sbro,,,,
2013-14,2013-12-13,Memphis,NewOrleans,98.0,104.0,False,34|20|11|33,26|29|27|22,,,120.0,-140.0,-2.5,192.0,sbro,,,,
2013-14,2013-12-13,Minnesota,SanAntonio,110.0,117.0,False,30|24|35|21,27|35|18|37,,,305.0,-375.0,-8.0,207.5,sbro,,,,
2013-14,2013-12-13,Chicago,Milwaukee,91.0,90.0,False,26|21|15|29,18|33|18|21,,,-190.0,162.0,4.5,177.0,sbro,,,,
2013-14,2013-12-13,Utah,Denver,103.0,93.0,False,33|20|20|30,28|16|31|18,,,485.0,-650.0,-10.5,201.0,sbro,,,,
2013-14,2013-12-13,Sacramento,Phoenix,107.0,116.0,False,34|27|21|25,28|30|27|31,,,215.0,-260.0,-6.0,208.5,sbro,,,,
2013-14,2013-12-13,Houston,GoldenState,116.0,112.0,False,30|28|24|34,29|22|22|39,,,135.0,-160.0,-3.0,213.5,sbro,,,,
2013-14,2013-12-14,LALakers,Charlotte,88.0,85.0,False,22|22|20|24,23|20|25|17,,,125.0,-145.0,-3.0,198.0,sbro,,,,
2013-14,2013-12-14,LAClippers,Washington,113.0,97.0,False,34|25|30|24,28|18|31|20,,,-195.0,170.0,5.0,193.5,sbro,,,,
2013-14,2013-12-14,Cleveland,Miami,107.0,114.0,False,29|23|28|27,35|33|16|30,,,775.0,-1225.0,-12.5,199.5,sbro,,,,
2013-14,2013-12-14,Atlanta,NewYork,106.0,111.0,False,22|26|29|29,26|31|24|30,,,100.0,-114.0,-1.0,192.0,sbro,,,,
2013-14,2013-12-14,Portland,Philadelphia,139.0,105.0,False,32|39|40|28,34|30|15|26,,,-755.0,455.0,10.5,212.0,sbro,,,,
2013-14,2013-12-14,Toronto,Chicago,99.0,77.0,False,24|27|22|26,21|20|25|11,,,140.0,-160.0,-3.5,187.0,sbro,,,,
2013-14,2013-12-14,Milwaukee,Dallas,93.0,106.0,False,26|15|20|32,38|21|34|13,,,500.0,-800.0,-11.0,193.0,sbro,,,,
2013-14,2013-12-14,SanAntonio,Utah,100.0,84.0,False,23|32|25|20,17|23|26|18,,,-305.0,245.0,7.5,196.5,sbro,,,,
2013-14,2013-12-15,Houston,Sacramento,91.0,106.0,False,28|21|22|20,28|29|24|25,,,-260.0,220.0,6.5,214.5,sbro,,,,
2013-14,2013-12-15,Minnesota,Memphis,101.0,93.0,False,28|28|21|24,17|29|27|20,,,-155.0,135.0,3.5,196.5,sbro,,,,
2013-14,2013-12-15,Portland,Detroit,111.0,109.0,False,29|21|23|26,22|29|33|15,,,-165.0,145.0,3.5,208.5,sbro,,,,
2013-14,2013-12-15,Orlando,OklahomaCity,98.0,101.0,False,22|27|22|27,28|28|27|18,,,935.0,-1635.0,-13.0,205.5,sbro,,,,
2013-14,2013-12-15,NewOrleans,Denver,93.0,102.0,False,27|25|16|25,24|28|23|27,,,245.0,-305.0,-7.0,205.5,sbro,,,,
2013-14,2013-12-15,GoldenState,Phoenix,102.0,106.0,False,27|26|27|22,33|26|22|25,,,-115.0,-105.0,1.0,209.5,sbro,,,,
2013-14,2013-12-16,Detroit,Indiana,101.0,96.0,False,31|25|23|22,28|21|24|23,,,540.0,-750.0,-11.0,191.5,sbro,,,,
2013-14,2013-12-16,Philadelphia,Brooklyn,94.0,130.0,False,22|26|25|21,32|26|42|30,,,320.0,-400.0,-8.5,206.5,sbro,,,,
2013-14,2013-12-16,Washington,NewYork,102.0,101.0,False,26|27|22|27,21|21|35|24,,,105.0,-125.0,-1.5,191.5,sbro,,,,
2013-14,2013-12-16,LALakers,Atlanta,100.0,114.0,False,28|26|19|27,20|27|35|32,,,212.0,-255.0,-6.0,205.0,sbro,,,,
2013-14,2013-12-16,Minnesota,Boston,97.0,101.0,False,21|29|19|28,29|22|23|27,,,-119.0,-101.0,1.0,200.0,sbro,,,,
2013-14,2013-12-16,Utah,Miami,94.0,117.0,False,20|30|21|23,26|21|36|34,,,760.0,-1200.0,-12.0,199.5,sbro,,,,
2013-14,2013-12-16,Orlando,Chicago,83.0,82.0,False,21|22|24|16,14|21|24|23,,,240.0,-290.0,-7.0,185.5,sbro,,,,
2013-14,2013-12-16,SanAntonio,LAClippers,92.0,115.0,False,28|21|21|22,21|34|23|37,,,-160.0,135.0,3.0,203.5,sbro,,,,
2013-14,2013-12-17,Portland,Cleveland,119.0,116.0,False,26|29|37|27,28|31|29|28,,,-190.0,165.0,4.5,205.5,sbro,,,,
2013-14,2013-12-17,Sacramento,Charlotte,87.0,95.0,False,22|21|29|15,35|21|22|17,,,100.0,-120.0,-1.5,197.0,sbro,,,,
2013-14,2013-12-17,LALakers,Memphis,96.0,92.0,False,34|18|15|29,24|23|20|25,,,120.0,-140.0,-2.5,193.0,sbro,,,,
2013-14,2013-12-17,OklahomaCity,Denver,105.0,93.0,False,29|23|23|30,24|20|21|28,,,-150.0,130.0,2.5,211.0,sbro,,,,
2013-14,2013-12-17,NewOrleans,GoldenState,93.0,104.0,False,19|20|26|28,26|31|31|16,,,350.0,-455.0,-9.0,207.0,sbro,,,,
2013-14,2013-12-18,Indiana,Miami,94.0,97.0,False,26|26|24|18,22|19|30|26,,,155.0,-175.0,-4.0,190.5,sbro,,,,
2013-14,2013-12-18,Utah,Orlando,86.0,82.0,False,27|22|19|18,20|19|23|20,,,135.0,-155.0,-3.0,194.0,sbro,,,,
2013-14,2013-12-18,Charlotte,Toronto,104.0,102.0,False,18|19|33|25,15|32|23|25,,,255.0,-315.0,-7.5,189.5,sbro,,,,
2013-14,2013-12-18,Sacramento,Atlanta,107.0,124.0,False,26|28|33|20,28|25|32|39,,,215.0,-255.0,-6.5,205.0,sbro,,,,
2013-14,2013-12-18,Detroit,Boston,107.0,106.0,False,23|29|28|27,42|21|18|25,,,-110.0,-110.0,-0.0,194.5,sbro,,,,
2013-14,2013-12-18,Washington,Brooklyn,113.0,107.0,False,30|29|26|28,28|25|24|30,,,165.0,-190.0,-4.5,196.5,sbro,,,,
2013-14,2013-12-18,NewYork,Milwaukee,107.0,101.0,False,24|21|23|19,22|22|22|21,,,-175.0,155.0,4.5,186.0,sbro,,,,
2013-14,2013-12-18,Portland,Minnesota,109.0,120.0,False,22|21|35|31,31|38|29|22,,,135.0,-155.0,-3.0,213.5,sbro,,,,
2013-14,2013-12-18,Memphis,Dallas,91.0,105.0,False,21|18|27|25,27|25|26|27,,,405.0,-555.0,-9.5,191.5,sbro,,,,
2013-14,2013-12-18,SanAntonio,Phoenix,108.0,101.0,False,29|30|28|21,34|24|23|20,,,-160.0,140.0,3.5,201.5,sbro,,,,
2013-14,2013-12-18,Chicago,Houston,94.0,109.0,False,16|30|20|28,24|33|26|26,,,290.0,-350.0,-8.0,191.0,sbro,,,,
2013-14,2013-12-18,NewOrleans,LAClippers,95.0,108.0,False,22|23|20|30,27|25|26|30,,,410.0,-560.0,-9.0,205.5,sbro,,,,
2013-14,2013-12-19,Chicago,OklahomaCity,95.0,107.0,False,24|28|20|23,35|20|29|23,,,850.0,-1400.0,-13.5,191.0,sbro,,,,
2013-14,2013-12-19,SanAntonio,GoldenState,104.0,102.0,False,18|35|29|22,23|28|23|28,,,250.0,-300.0,-7.0,202.0,sbro,,,,
2013-14,2013-12-20,Brooklyn,Philadelphia,120.0,121.0,False,31|26|26|25,29|31|22|26,,,-245.0,205.0,6.0,211.5,sbro,,,,
2013-14,2013-12-20,Milwaukee,Cleveland,111.0,114.0,False,26|21|23|26,25|22|23|26,,,310.0,-380.0,-8.0,191.5,sbro,,,,
2013-14,2013-12-20,Utah,Atlanta,85.0,118.0,False,16|18|24|27,30|25|30|33,,,295.0,-360.0,-7.5,197.5,sbro,,,,
2013-14,2013-12-20,Sacramento,Miami,103.0,122.0,False,36|25|21|21,33|34|31|24,,,425.0,-555.0,-10.0,208.0,sbro,,,,
2013-14,2013-12-20,Charlotte,Detroit,116.0,106.0,False,22|22|31|41,31|28|30|17,,,212.0,-255.0,-6.0,190.5,sbro,,,,
2013-14,2013-12-20,Houston,Indiana,81.0,114.0,False,20|25|20|16,25|31|31|27,,,200.0,-240.0,-5.5,197.0,sbro,,,,
2013-14,2013-12-20,Toronto,Dallas,109.0,108.0,False,22|27|29|23,33|19|29|20,,,227.0,-275.0,-6.5,203.5,sbro,,,,
2013-14,2013-12-20,Phoenix,Denver,103.0,99.0,False,20|28|24|31,28|34|20|17,,,160.0,-185.0,-4.0,208.0,sbro,,,,
2013-14,2013-12-20,Minnesota,LALakers,91.0,104.0,False,26|27|23|15,35|16|30|23,,,-270.0,225.0,6.0,210.5,sbro,,,,
2013-14,2013-12-21,Memphis,NewYork,95.0,87.0,False,25|25|22|23,22|18|21|26,,,135.0,-160.0,-3.0,185.0,sbro,,,,
2013-14,2013-12-21,Washington,Boston,106.0,99.0,False,14|30|30|32,30|21|25|23,,,105.0,-125.0,-1.5,193.0,sbro,,,,
2013-14,2013-12-21,Sacramento,Orlando,105.0,100.0,False,25|31|19|30,31|27|19|23,,,130.0,-150.0,-3.0,203.5,sbro,,,,
2013-14,2013-12-21,Utah,Charlotte,88.0,85.0,False,17|25|28|18,21|25|20|19,,,160.0,-185.0,-4.5,189.0,sbro,,,,
2013-14,2013-12-21,Houston,Detroit,114.0,97.0,False,33|28|25|28,24|29|18|26,,,-120.0,100.0,1.5,208.0,sbro,,,,
2013-14,2013-12-21,Cleveland,Chicago,84.0,100.0,False,26|17|22|19,33|27|21|19,,,130.0,-150.0,-3.0,187.0,sbro,,,,
2013-14,2013-12-21,Philadelphia,Milwaukee,106.0,116.0,False,23|26|23|34,29|30|26|31,,,120.0,-140.0,-2.5,203.0,sbro,,,,
2013-14,2013-12-21,OklahomaCity,SanAntonio,113.0,100.0,False,21|40|24|28,21|29|26|24,,,130.0,-150.0,-3.0,208.5,sbro,,,,
2013-14,2013-12-21,Dallas,Phoenix,108.0,123.0,False,25|33|24|26,38|25|28|32,,,120.0,-140.0,-2.5,208.0,sbro,,,,
2013-14,2013-12-21,NewOrleans,Portland,107.0,110.0,False,26|27|25|29,21|31|31|27,,,305.0,-375.0,-8.0,213.0,sbro,,,,
2013-14,2013-12-21,Denver,LAClippers,91.0,112.0,False,18|25|17|31,28|28|23|33,,,355.0,-450.0,-9.0,205.5,sbro,,,,
2013-14,2013-12-21,LALakers,GoldenState,83.0,102.0,False,26|16|15|26,27|19|26|30,,,970.0,-1700.0,-13.5,208.0,sbro,,,,
2013-14,2013-12-22,Boston,Indiana,79.0,106.0,False,17|20|21|21,20|32|28|26,,,670.0,-1000.0,-12.0,189.5,sbro,,,,
2013-14,2013-12-22,Toronto,OklahomaCity,104.0,98.0,False,25|37|13|29,21|35|28|14,,,438.0,-579.0,-10.0,207.0,sbro,,,,
2013-14,2013-12-22,Minnesota,LAClippers,116.0,120.0,False,24|30|31|21,24|32|27|23,,,162.0,-190.0,-4.5,212.0,sbro,,,,
2013-14,2013-12-23,NewYork,Orlando,103.0,98.0,False,29|36|19|19,27|14|35|22,,,-125.0,105.0,1.5,193.0,sbro,,,,
2013-14,2013-12-23,Milwaukee,Charlotte,110.0,111.0,False,33|21|24|23,17|35|26|23,,,220.0,-260.0,-6.5,187.0,sbro,,,,
2013-14,2013-12-23,Detroit,Cleveland,115.0,92.0,False,28|30|31|26,18|22|24|28,,,-105.0,-115.0,-1.0,203.5,sbro,,,,
2013-14,2013-12-23,Atlanta,Miami,119.0,121.0,False,23|31|30|27,33|17|27|34,,,290.0,-350.0,-7.5,206.0,sbro,,,,
2013-14,2013-12-23,Indiana,Brooklyn,103.0,86.0,False,19|26|30|28,17|22|19|28,,,-260.0,220.0,6.5,196.5,sbro,,,,
2013-14,2013-12-23,Dallas,Houston,111.0,104.0,False,20|30|36|25,26|31|21|26,,,155.0,-175.0,-4.0,210.5,sbro,,,,
2013-14,2013-12-23,Utah,Memphis,94.0,104.0,False,21|27|23|23,27|26|24|27,,,220.0,-260.0,-6.5,186.5,sbro,,,,
2013-14,2013-12-23,Toronto,SanAntonio,99.0,112.0,False,26|23|23|27,25|30|23|34,,,595.0,-895.0,-11.5,203.0,sbro,,,,
2013-14,2013-12-23,GoldenState,Denver,89.0,81.0,False,30|17|17|25,22|21|23|15,,,-125.0,105.0,1.5,208.0,sbro,,,,
2013-14,2013-12-23,LALakers,Phoenix,90.0,117.0,False,24|27|17|22,28|36|26|27,,,285.0,-345.0,-7.5,211.0,sbro,,,,
2013-14,2013-12-23,NewOrleans,Sacramento,113.0,100.0,False,28|24|25|36,27|25|25|23,,,-115.0,-105.0,-0.0,209.5,sbro,,,,
2013-14,2013-12-25,Chicago,Brooklyn,95.0,78.0,False,21|20|36|18,23|15|20|20,,,140.0,-165.0,-3.5,190.0,sbro,,,,
2013-14,2013-12-25,OklahomaCity,NewYork,123.0,94.0,False,35|25|27|36,29|17|21|27,,,-620.0,465.0,9.5,200.5,sbro,,,,
2013-14,2013-12-25,Miami,LALakers,101.0,95.0,False,21|30|25|25,27|19|28|21,,,-490.0,380.0,9.5,206.5,sbro,,,,
2013-14,2013-12-25,Houston,SanAntonio,111.0,98.0,False,40|20|23|28,25|26|24|23,,,286.0,-345.0,-8.0,213.0,sbro,,,,
2013-14,2013-12-25,LAClippers,GoldenState,103.0,105.0,False,30|23|25|25,22|29|24|30,,,140.0,-165.0,-3.5,207.0,sbro,,,,
2013-14,2013-12-26,Atlanta,Cleveland,127.0,125.0,False,26|24|26|19,27|21|24|23,,,-165.0,140.0,3.5,205.0,sbro,,,,
2013-14,2013-12-26,Memphis,Houston,92.0,100.0,False,23|30|19|20,26|19|21|34,,,280.0,-340.0,-7.5,199.5,sbro,,,,
2013-14,2013-12-26,SanAntonio,Dallas,116.0,107.0,False,27|31|26|32,20|31|26|30,,,-160.0,135.0,3.0,209.0,sbro,,,,
2013-14,2013-12-26,LAClippers,Portland,112.0,116.0,False,14|32|27|28,19|28|29|25,,,160.0,-185.0,-4.5,213.0,sbro,,,,
2013-14,2013-12-27,Detroit,Orlando,92.0,109.0,False,21|27|18|26,26|29|30|24,,,-175.0,150.0,4.0,203.5,sbro,,,,
2013-14,2013-12-27,OklahomaCity,Charlotte,89.0,85.0,False,21|21|20|27,20|16|24|25,,,-310.0,255.0,7.0,195.0,sbro,,,,
2013-14,2013-12-27,Milwaukee,Brooklyn,93.0,104.0,False,18|19|23|33,31|17|28|28,,,162.0,-190.0,-4.5,195.5,sbro,,,,
2013-14,2013-12-27,Toronto,NewYork,95.0,83.0,False,18|22|26|29,25|24|22|12,,,-165.0,140.0,3.5,193.5,sbro,,,,
2013-14,2013-12-27,Washington,Minnesota,98.0,120.0,False,23|24|27|24,22|39|27|32,,,205.0,-245.0,-6.0,207.0,sbro,,,,
2013-14,2013-12-27,Denver,NewOrleans,89.0,105.0,False,25|20|21|23,34|24|23|24,,,135.0,-160.0,-3.0,201.5,sbro,,,,
2013-14,2013-12-27,LALakers,Utah,103.0,105.0,False,23|29|29|22,25|30|28|22,,,150.0,-175.0,-4.0,198.5,sbro,,,,
2013-14,2013-12-27,Miami,Sacramento,103.0,108.0,False,32|23|18|16,19|26|29|15,,,-280.0,230.0,6.0,209.0,sbro,,,,
2013-14,2013-12-27,Phoenix,GoldenState,86.0,115.0,False,22|18|24|22,28|31|26|30,,,212.0,-255.0,-6.0,211.0,sbro,,,,
2013-14,2013-12-28,Cleveland,Boston,100.0,103.0,False,22|22|22|34,24|35|26|18,,,160.0,-185.0,-4.5,196.5,sbro,,,,
2013-14,2013-12-28,Detroit,Washington,82.0,106.0,False,23|18|21|20,31|31|24|20,,,140.0,-165.0,-3.5,203.5,sbro,,,,
2013-14,2013-12-28,Brooklyn,Indiana,91.0,105.0,False,27|29|20|15,29|29|28|19,,,810.0,-1300.0,-13.0,195.5,sbro,,,,
2013-14,2013-12-28,NewYork,Toronto,100.0,115.0,False,22|22|27|29,26|31|28|30,,,230.0,-280.0,-6.5,190.5,sbro,,,,
2013-14,2013-12-28,Charlotte,Atlanta,116.0,118.0,False,22|28|27|24,25|20|26|30,,,225.0,-270.0,-6.0,194.0,sbro,,,,
2013-14,2013-12-28,NewOrleans,Houston,98.0,107.0,False,22|30|21|25,31|21|22|33,,,365.0,-465.0,-9.0,211.5,sbro,,,,
2013-14,2013-12-28,Dallas,Chicago,105.0,83.0,False,30|31|25|19,19|15|22|27,,,-140.0,120.0,2.5,190.5,sbro,,,,
2013-14,2013-12-28,Denver,Memphis,99.0,120.0,False,29|27|16|27,27|28|30|35,,,133.0,-158.0,-3.0,189.0,sbro,,,,
2013-14,2013-12-28,Minnesota,Milwaukee,117.0,95.0,False,34|30|39|14,28|27|21|19,,,-335.0,275.0,7.5,203.0,sbro,,,,
2013-14,2013-12-28,Philadelphia,Phoenix,101.0,115.0,False,27|32|22|20,36|24|28|27,,,450.0,-600.0,-10.5,216.0,sbro,,,,
2013-14,2013-12-28,Miami,Portland,108.0,107.0,False,30|28|25|25,34|28|26|19,,,247.0,-300.0,-7.0,207.5,sbro,,,,
2013-14,2013-12-28,Utah,LAClippers,90.0,98.0,False,20|23|22|25,17|25|26|30,,,1500.0,-3000.0,-15.0,202.0,sbro,,,,
2013-14,2013-12-29,Atlanta,Orlando,102.0,109.0,False,20|29|27|26,26|30|23|30,,,140.0,-160.0,-3.5,202.5,sbro,,,,
2013-14,2013-12-29,GoldenState,Cleveland,108.0,104.0,False,26|29|27|17,35|29|20|15,,,-300.0,245.0,7.0,206.5,sbro,,,,
2013-14,2013-12-29,Sacramento,SanAntonio,104.0,112.0,False,23|26|38|17,27|30|24|31,,,650.0,-1000.0,-11.5,209.0,sbro,,,,
2013-14,2013-12-29,Houston,OklahomaCity,86.0,117.0,False,14|30|26|16,26|30|34|27,,,155.0,-180.0,-4.5,210.0,sbro,,,,
2013-14,2013-12-29,Philadelphia,LALakers,111.0,104.0,False,20|32|34|25,22|30|25|27,,,240.0,-290.0,-7.0,218.5,sbro,,,,
2013-14,2013-12-30,Washington,Detroit,106.0,99.0,False,33|20|25|28,32|31|24|12,,,120.0,-140.0,-2.5,203.5,sbro,,,,
2013-14,2013-12-30,Dallas,Minnesota,100.0,98.0,False,29|33|19|19,23|20|38|17,,,160.0,-190.0,-4.0,212.5,sbro,,,,
2013-14,2013-12-30,Chicago,Memphis,95.0,91.0,False,17|29|25|24,22|22|20|27,,,185.0,-215.0,-5.0,178.5,sbro,,,,
2013-14,2013-12-30,Portland,NewOrleans,108.0,110.0,False,21|28|33|26,26|30|33|21,,,-130.0,110.0,2.0,210.5,sbro,,,,
2013-14,2013-12-30,Miami,Denver,97.0,94.0,False,29|17|26|25,30|25|22|17,,,-200.0,170.0,5.0,202.5,sbro,,,,
2013-14,2013-12-30,Charlotte,Utah,80.0,83.0,False,21|13|19|27,21|21|21|20,,,125.0,-145.0,-3.0,188.5,sbro,,,,
2013-14,2013-12-30,Phoenix,LAClippers,107.0,88.0,False,30|31|27|19,24|16|19|29,,,300.0,-360.0,-8.0,208.5,sbro,,,,
2013-14,2013-12-31,Atlanta,Boston,92.0,91.0,False,20|19|23|30,23|21|23|24,,,135.0,-155.0,-3.0,204.0,sbro,,,,
2013-14,2013-12-31,Cleveland,Indiana,76.0,91.0,False,25|19|22|10,23|18|24|26,,,800.0,-1350.0,-13.0,197.0,sbro,,,,
2013-14,2013-12-31,GoldenState,Orlando,94.0,81.0,False,26|32|16|20,15|20|24|22,,,-235.0,195.0,6.0,202.0,sbro,,,,
2013-14,2013-12-31,Sacramento,Houston,110.0,106.0,False,29|29|22|30,24|28|34|20,,,435.0,-580.0,-10.0,215.0,sbro,,,,
2013-14,2013-12-31,Brooklyn,SanAntonio,92.0,113.0,False,20|16|32|24,30|29|39|15,,,650.0,-1000.0,-12.0,205.5,sbro,,,,
2013-14,2013-12-31,Toronto,Chicago,85.0,79.0,False,21|15|21|28,16|26|20|17,,,100.0,-120.0,-1.0,187.0,sbro,,,,
2013-14,2013-12-31,Portland,OklahomaCity,98.0,94.0,False,24|18|29|27,30|24|24|16,,,205.0,-245.0,-6.0,214.0,sbro,,,,
2013-14,2013-12-31,Milwaukee,LALakers,94.0,79.0,False,23|19|32|20,12|21|27|19,,,200.0,-240.0,-6.0,202.5,sbro,,,,
2013-14,2014-01-01,Dallas,Washington,87.0,78.0,False,25|14|20|28,20|22|19|17,,,115.0,-135.0,-2.0,203.5,sbro,,,,
2013-14,2014-01-01,Indiana,Toronto,82.0,95.0,False,18|26|19|19,26|14|26|29,,,-230.0,190.0,5.5,190.0,sbro,,,,
2013-14,2014-01-01,NewOrleans,Minnesota,112.0,124.0,False,28|19|26|39,33|28|36|27,,,185.0,-220.0,-5.0,211.0,sbro,,,,
2013-14,2014-01-01,Philadelphia,Denver,114.0,102.0,False,24|44|27|19,30|26|25|21,,,385.0,-490.0,-9.0,213.5,sbro,,,,
2013-14,2014-01-01,Charlotte,LAClippers,85.0,112.0,False,27|29|13|16,25|31|25|31,,,495.0,-795.0,-10.5,193.0,sbro,,,,
2013-14,2014-01-02,Orlando,Cleveland,81.0,87.0,False,23|16|23|17,19|22|16|22,,,115.0,-135.0,-2.0,194.5,sbro,,,,
2013-14,2014-01-02,GoldenState,Miami,123.0,114.0,False,38|27|31|27,33|28|26|27,,,180.0,-220.0,-5.5,205.0,sbro,,,,
2013-14,2014-01-02,Boston,Chicago,82.0,94.0,False,21|24|17|20,24|24|22|24,,,170.0,-210.0,-5.0,183.0,sbro,,,,
2013-14,2014-01-02,Brooklyn,OklahomaCity,95.0,93.0,False,29|15|22|29,26|33|18|16,,,695.0,-1000.0,-12.0,202.5,sbro,,,,
2013-14,2014-01-02,NewYork,SanAntonio,105.0,101.0,False,26|26|29|24,25|22|28|26,,,570.0,-850.0,-11.5,202.0,sbro,,,,
2013-14,2014-01-02,Milwaukee,Utah,87.0,96.0,False,20|22|19|26,20|31|23|22,,,185.0,-225.0,-5.5,189.5,sbro,,,,
2013-14,2014-01-02,Memphis,Phoenix,99.0,91.0,False,22|31|16|30,26|15|32|18,,,185.0,-225.0,-4.5,196.5,sbro,,,,
2013-14,2014-01-02,Charlotte,Portland,104.0,134.0,False,21|28|28|27,39|31|30|34,,,570.0,-850.0,-11.5,200.5,sbro,,,,
2013-14,2014-01-02,Philadelphia,Sacramento,113.0,104.0,False,30|31|31|21,25|26|26|27,,,330.0,-410.0,-9.0,220.0,sbro,,,,
2013-14,2014-01-03,Toronto,Washington,101.0,88.0,False,26|22|36|17,17|28|16|27,,,135.0,-160.0,-3.0,194.5,sbro,,,,
2013-14,2014-01-03,NewOrleans,Boston,95.0,92.0,False,22|27|24|22,17|26|29|20,,,-170.0,145.0,3.5,201.0,sbro,,,,
2013-14,2014-01-03,GoldenState,Atlanta,101.0,100.0,False,24|22|18|37,21|25|26|28,,,-170.0,145.0,3.0,209.0,sbro,,,,
2013-14,2014-01-03,NewYork,Houston,100.0,102.0,False,24|23|34|19,20|28|25|29,,,525.0,-725.0,-11.5,205.5,sbro,,,,
2013-14,2014-01-03,LAClippers,Dallas,119.0,112.0,False,33|34|22|30,39|31|17|25,,,-130.0,110.0,2.0,207.0,sbro,,,,
2013-14,2014-01-03,Memphis,Denver,108.0,111.0,False,23|25|27|33,28|30|19|34,,,165.0,-195.0,-4.5,192.0,sbro,,,,
2013-14,2014-01-03,Utah,LALakers,99.0,110.0,False,12|28|27|32,30|22|31|27,,,135.0,-160.0,-3.0,195.0,sbro,,,,
2013-14,2014-01-04,Miami,Orlando,110.0,94.0,False,30|18|33|29,24|22|24|24,,,-662.0,488.0,10.0,200.0,sbro,,,,
2013-14,2014-01-04,NewOrleans,Indiana,82.0,99.0,False,27|22|12|21,15|29|30|25,,,670.0,-1000.0,-12.0,192.0,sbro,,,,
2013-14,2014-01-04,Cleveland,Brooklyn,82.0,89.0,False,17|21|27|17,22|29|16|22,,,225.0,-270.0,-6.5,192.0,sbro,,,,
2013-14,2014-01-04,Atlanta,Chicago,84.0,91.0,False,18|27|19|20,26|24|17|24,,,182.0,-215.0,-5.0,190.0,sbro,,,,
2013-14,2014-01-04,OklahomaCity,Minnesota,115.0,111.0,False,26|23|28|38,30|25|32|24,,,110.0,-130.0,-2.0,207.0,sbro,,,,
2013-14,2014-01-04,LAClippers,SanAntonio,92.0,116.0,False,17|18|35|22,37|33|18|28,,,390.0,-500.0,-9.5,204.5,sbro,,,,
2013-14,2014-01-04,Milwaukee,Phoenix,100.0,116.0,False,26|23|29|22,28|32|27|29,,,305.0,-375.0,-8.0,197.0,sbro,,,,
2013-14,2014-01-04,Philadelphia,Portland,101.0,99.0,False,32|20|17|32,19|31|26|23,,,670.0,-1000.0,-12.0,223.5,sbro,,,,
2013-14,2014-01-04,Charlotte,Sacramento,113.0,103.0,False,32|33|24|24,27|25|30|21,,,180.0,-210.0,-5.0,199.5,sbro,,,,
2013-14,2014-01-05,Memphis,Detroit,112.0,84.0,False,28|23|28|33,27|29|11|17,,,130.0,-150.0,-3.0,195.5,sbro,,,,
2013-14,2014-01-05,GoldenState,Washington,112.0,96.0,False,28|30|34|20,36|22|15|23,,,-160.0,135.0,3.0,200.5,sbro,,,,
2013-14,2014-01-05,Indiana,Cleveland,82.0,78.0,False,22|22|23|15,18|17|23|20,,,-550.0,425.0,10.0,181.5,sbro,,,,
2013-14,2014-01-05,Toronto,Miami,97.0,102.0,False,29|22|33|13,29|23|27|23,,,215.0,-260.0,-6.0,201.0,sbro,,,,
2013-14,2014-01-05,Boston,OklahomaCity,96.0,119.0,False,26|30|22|18,34|32|26|27,,,355.0,-450.0,-9.0,194.5,sbro,,,,
2013-14,2014-01-05,NewYork,Dallas,92.0,80.0,False,29|23|15|25,17|18|22|23,,,227.0,-275.0,-6.5,202.5,sbro,,,,
2013-14,2014-01-05,Denver,LALakers,137.0,115.0,False,26|34|33|44,29|32|22|32,,,-150.0,130.0,2.5,205.5,sbro,,,,
2013-14,2014-01-06,Minnesota,Philadelphia,126.0,95.0,False,32|38|35|21,29|25|20|21,,,-300.0,250.0,7.0,221.0,sbro,,,,
2013-14,2014-01-06,Atlanta,Brooklyn,86.0,91.0,False,21|31|15|19,27|19|26|19,,,105.0,-125.0,-1.5,195.5,sbro,,,,
2013-14,2014-01-06,Orlando,LAClippers,81.0,101.0,False,18|16|21|26,36|24|25|16,,,300.0,-360.0,-8.0,196.0,sbro,,,,
2013-14,2014-01-07,Washington,Charlotte,97.0,83.0,False,24|19|23|31,21|18|16|28,,,-125.0,105.0,1.5,190.5,sbro,,,,
2013-14,2014-01-07,Philadelphia,Cleveland,93.0,111.0,False,20|21|25|27,36|28|27|20,,,200.0,-240.0,-5.5,208.0,sbro,,,,
2013-14,2014-01-07,Toronto,Indiana,79.0,86.0,False,15|21|22|21,22|22|27|15,,,355.0,-450.0,-9.0,187.5,sbro,,,,
2013-14,2014-01-07,NewOrleans,Miami,88.0,107.0,False,24|25|21|18,25|18|32|32,,,320.0,-400.0,-8.5,204.0,sbro,,,,
2013-14,2014-01-07,Detroit,NewYork,85.0,89.0,False,21|20|17|27,24|17|32|16,,,130.0,-150.0,-3.0,199.5,sbro,,,,
2013-14,2014-01-07,SanAntonio,Memphis,110.0,108.0,False,25|28|21|24,22|19|23|34,,,-250.0,210.0,6.0,196.0,sbro,,,,
2013-14,2014-01-07,Phoenix,Chicago,87.0,92.0,False,25|21|17|24,27|22|21|22,,,-135.0,115.0,2.0,190.0,sbro,,,,
2013-14,2014-01-07,GoldenState,Milwaukee,101.0,80.0,False,28|22|29|22,30|18|20|12,,,-550.0,425.0,10.0,200.5,sbro,,,,
2013-14,2014-01-07,LALakers,Dallas,97.0,110.0,False,31|22|24|20,33|27|25|25,,,465.0,-625.0,-10.5,209.5,sbro,,,,
2013-14,2014-01-07,Boston,Denver,98.0,129.0,False,23|22|33|20,31|37|35|26,,,270.0,-330.0,-7.5,203.0,sbro,,,,
2013-14,2014-01-07,OklahomaCity,Utah,101.0,112.0,False,28|19|27|27,30|29|31|22,,,-255.0,212.0,6.0,195.0,sbro,,,,
2013-14,2014-01-07,Portland,Sacramento,119.0,123.0,False,35|25|13|46,24|31|25|43,,,-210.0,180.0,5.0,214.5,sbro,,,,
2013-14,2014-01-08,Detroit,Toronto,91.0,112.0,False,25|29|20|17,26|24|34|28,,,205.0,-245.0,-6.5,198.5,sbro,,,,
2013-14,2014-01-08,Dallas,SanAntonio,90.0,112.0,False,16|22|24|28,25|20|37|30,,,170.0,-210.0,-5.0,206.0,sbro,,,,
2013-14,2014-01-08,GoldenState,Brooklyn,98.0,102.0,False,32|20|24|22,22|37|16|27,,,-250.0,210.0,6.0,197.0,sbro,,,,
2013-14,2014-01-08,Indiana,Atlanta,87.0,97.0,False,12|20|34|21,25|24|30|18,,,-180.0,155.0,4.0,187.5,sbro,,,,
2013-14,2014-01-08,Washington,NewOrleans,102.0,96.0,False,28|33|26|15,28|16|22|30,,,155.0,-180.0,-4.0,191.5,sbro,,,,
2013-14,2014-01-08,Phoenix,Minnesota,104.0,103.0,False,27|26|19|32,23|24|30|26,,,310.0,-370.0,-8.0,217.5,sbro,,,,
2013-14,2014-01-08,LALakers,Houston,99.0,113.0,False,28|29|15|27,24|28|33|28,,,900.0,-1800.0,-13.5,212.0,sbro,,,,
2013-14,2014-01-08,Orlando,Portland,94.0,110.0,False,24|27|24|19,24|21|26|39,,,770.0,-1150.0,-12.5,206.5,sbro,,,,
2013-14,2014-01-08,Boston,LAClippers,105.0,111.0,False,23|32|27|23,32|27|29|23,,,470.0,-650.0,-10.5,197.5,sbro,,,,
2013-14,2014-01-09,Miami,NewYork,92.0,102.0,False,27|21|23|21,21|22|32|27,,,-380.0,309.0,8.0,197.5,sbro,,,,
2013-14,2014-01-09,OklahomaCity,Denver,88.0,101.0,False,26|25|15|22,27|33|29|12,,,-160.0,135.0,3.0,211.0,sbro,,,,
2013-14,2014-01-10,Washington,Indiana,66.0,93.0,False,18|19|14|15,18|27|20|28,,,370.0,-475.0,-9.0,185.0,sbro,,,,
2013-14,2014-01-10,Detroit,Philadelphia,114.0,104.0,False,28|27|29|30,36|27|18|23,,,-131.0,111.0,2.0,216.5,sbro,,,,
2013-14,2014-01-10,Houston,Atlanta,80.0,83.0,False,18|23|19|20,10|29|26|18,,,-141.0,121.0,2.5,207.0,sbro,,,,
2013-14,2014-01-10,Miami,Brooklyn,95.0,104.0,False,32|13|19|25,33|20|23|13,,,-240.0,200.0,5.5,193.5,sbro,,,,
2013-14,2014-01-10,Phoenix,Memphis,99.0,104.0,False,29|26|19|25,25|23|26|30,,,135.0,-160.0,-3.0,194.5,sbro,,,,
2013-14,2014-01-10,Dallas,NewOrleans,107.0,90.0,False,31|31|22|23,24|25|16|25,,,-125.0,105.0,1.5,199.5,sbro,,,,
2013-14,2014-01-10,Charlotte,Minnesota,92.0,119.0,False,28|20|22|22,29|39|27|24,,,425.0,-550.0,-10.0,205.0,sbro,,,,
2013-14,2014-01-10,Chicago,Milwaukee,81.0,72.0,False,20|27|22|12,27|18|14|13,,,-180.0,155.0,4.0,177.5,sbro,,,,
2013-14,2014-01-10,Cleveland,Utah,113.0,102.0,False,26|20|39|28,26|23|21|32,,,-105.0,-115.0,-1.0,189.5,sbro,,,,
2013-14,2014-01-10,Orlando,Sacramento,83.0,103.0,False,24|16|24|19,18|28|30|27,,,265.0,-325.0,-7.5,206.5,sbro,,,,
2013-14,2014-01-10,Boston,GoldenState,97.0,99.0,False,21|28|18|30,24|23|25|27,,,540.0,-750.0,-11.5,204.5,sbro,,,,
2013-14,2014-01-10,LALakers,LAClippers,87.0,123.0,False,25|27|8|27,43|27|31|22,,,450.0,-600.0,-10.5,211.0,sbro,,,,
2013-14,2014-01-11,Brooklyn,Toronto,80.0,96.0,False,18|24|22|16,24|23|21|28,,,370.0,-475.0,-9.0,189.0,sbro,,,,
2013-14,2014-01-11,Houston,Washington,114.0,107.0,False,29|34|31|20,29|17|33|28,,,-135.0,115.0,2.0,199.5,sbro,,,,
2013-14,2014-01-11,NewYork,Philadelphia,102.0,92.0,False,20|32|32|18,28|12|28|24,,,-210.0,180.0,5.0,206.5,sbro,,,,
2013-14,2014-01-11,Phoenix,Detroit,108.0,110.0,False,21|30|28|29,35|29|25|21,,,105.0,-125.0,-1.5,205.5,sbro,,,,
2013-14,2014-01-11,Milwaukee,OklahomaCity,85.0,101.0,False,10|25|27|23,14|24|39|24,,,1500.0,-3000.0,-15.0,194.5,sbro,,,,
2013-14,2014-01-11,Charlotte,Chicago,97.0,103.0,False,17|25|28|27,24|28|18|33,,,155.0,-180.0,-4.0,177.0,sbro,,,,
2013-14,2014-01-11,NewOrleans,Dallas,107.0,110.0,False,22|15|40|30,17|25|42|26,,,280.0,-340.0,-8.0,196.5,sbro,,,,
2013-14,2014-01-11,Orlando,Denver,94.0,120.0,False,25|22|19|28,34|35|23|28,,,720.0,-1100.0,-12.5,200.5,sbro,,,,
2013-14,2014-01-11,Boston,Portland,104.0,112.0,False,32|28|26|18,27|31|32|22,,,645.0,-950.0,-12.0,210.0,sbro,,,,
2013-14,2014-01-12,Cleveland,Sacramento,80.0,124.0,False,32|18|11|19,30|29|30|35,,,135.0,-160.0,-3.5,206.5,sbro,,,,
2013-14,2014-01-12,Atlanta,Memphis,101.0,108.0,False,18|23|31|29,21|27|29|31,,,180.0,-210.0,-5.5,191.5,sbro,,,,
2013-14,2014-01-12,Minnesota,SanAntonio,86.0,104.0,False,21|28|22|15,28|24|29|23,,,200.0,-240.0,-5.5,213.0,sbro,,,,
2013-14,2014-01-13,Milwaukee,Toronto,94.0,116.0,False,24|26|23|21,38|20|30|28,,,460.0,-625.0,-10.5,188.0,sbro,,,,
2013-14,2014-01-13,Houston,Boston,104.0,92.0,False,19|33|32|20,27|16|22|27,,,-250.0,210.0,6.0,208.0,sbro,,,,
2013-14,2014-01-13,Phoenix,NewYork,96.0,98.0,False,21|22|25|24,28|24|22|18,,,155.0,-180.0,-4.0,198.0,sbro,,,,
2013-14,2014-01-13,SanAntonio,NewOrleans,101.0,95.0,False,24|27|25|25,28|24|21|22,,,-310.0,250.0,7.0,197.0,sbro,,,,
2013-14,2014-01-13,Washington,Chicago,102.0,88.0,False,26|30|22|24,19|24|25|20,,,120.0,-140.0,-2.5,180.5,sbro,,,,
2013-14,2014-01-13,Orlando,Dallas,88.0,107.0,False,20|21|25|22,28|31|25|23,,,810.0,-1300.0,-12.5,197.0,sbro,,,,
2013-14,2014-01-13,Denver,Utah,103.0,118.0,False,31|22|24|26,35|32|26|25,,,-245.0,205.0,6.0,204.5,sbro,,,,
2013-14,2014-01-14,NewYork,Charlotte,98.0,108.0,False,24|22|27|25,27|28|23|30,,,-105.0,-115.0,-1.0,187.5,sbro,,,,
2013-14,2014-01-14,Sacramento,Indiana,92.0,116.0,False,20|25|29|18,25|34|27|30,,,490.0,-790.0,-10.5,195.5,sbro,,,,
2013-14,2014-01-14,OklahomaCity,Memphis,87.0,90.0,False,16|31|20|20,24|19|29|18,,,-110.0,-110.0,-1.0,196.0,sbro,,,,
2013-14,2014-01-14,Cleveland,LALakers,120.0,118.0,False,28|29|31|32,23|40|22|33,,,-170.0,150.0,4.0,204.5,sbro,,,,
2013-14,2014-01-15,Chicago,Orlando,128.0,125.0,False,26|20|27|28,20|29|31|21,,,-240.0,200.0,6.0,180.5,sbro,,,,
2013-14,2014-01-15,Miami,Washington,97.0,114.0,False,18|30|29|20,43|26|17|28,,,-250.0,210.0,6.0,196.0,sbro,,,,
2013-14,2014-01-15,Charlotte,Philadelphia,92.0,95.0,False,27|18|23|24,24|29|19|23,,,110.0,-130.0,-2.0,209.0,sbro,,,,
2013-14,2014-01-15,Toronto,Boston,83.0,88.0,False,25|16|15|27,23|22|28|15,,,-170.0,150.0,4.5,193.0,sbro,,,,
2013-14,2014-01-15,Houston,NewOrleans,103.0,100.0,False,19|26|29|29,30|26|25|19,,,-230.0,190.0,5.5,203.5,sbro,,,,
2013-14,2014-01-15,Sacramento,Minnesota,111.0,108.0,False,24|34|25|28,23|24|26|35,,,425.0,-600.0,-9.5,217.5,sbro,,,,
2013-14,2014-01-15,Memphis,Milwaukee,82.0,77.0,False,20|22|16|24,10|25|25|17,,,-240.0,200.0,6.0,185.0,sbro,,,,
2013-14,2014-01-15,Utah,SanAntonio,105.0,109.0,False,25|20|24|36,28|22|31|28,,,1080.0,-1680.0,-13.5,199.5,sbro,,,,
2013-14,2014-01-15,LALakers,Phoenix,114.0,121.0,False,27|31|24|32,26|28|34|33,,,500.0,-800.0,-11.0,214.0,sbro,,,,
2013-14,2014-01-15,Cleveland,Portland,96.0,108.0,False,27|23|25|21,26|28|23|31,,,455.0,-705.0,-10.5,212.5,sbro,,,,
2013-14,2014-01-15,Denver,GoldenState,123.0,116.0,False,35|30|26|32,32|26|24|34,,,300.0,-370.0,-8.5,213.0,sbro,,,,
2013-14,2014-01-15,Dallas,LAClippers,127.0,129.0,False,32|30|36|29,30|42|28|29,,,170.0,-195.0,-4.5,208.0,sbro,,,,
2013-14,2014-01-16,Brooklyn,Atlanta,127.0,110.0,True,31|34|34|28,27|26|21|36,,,100.0,-120.0,-1.0,194.5,sbro,,,,
2013-14,2014-01-16,NewYork,Indiana,89.0,117.0,False,31|17|21|20,30|33|24|30,,,400.0,-500.0,-9.5,184.0,sbro,,,,
2013-14,2014-01-16,OklahomaCity,Houston,104.0,92.0,False,36|23|24|21,32|41|10|9,,,125.0,-145.0,-2.5,208.5,sbro,,,,
2013-14,2014-01-17,Chicago,Washington,93.0,96.0,False,27|23|24|19,30|24|20|22,,,170.0,-200.0,-5.0,186.5,sbro,,,,
2013-14,2014-01-17,Miami,Philadelphia,101.0,86.0,False,34|24|21|22,24|17|20|25,,,-815.0,515.0,11.0,212.0,sbro,,,,
2013-14,2014-01-17,Minnesota,Toronto,89.0,94.0,False,15|25|21|28,22|22|25|25,,,-110.0,-110.0,-0.0,205.5,sbro,,,,
2013-14,2014-01-17,LAClippers,NewYork,109.0,95.0,False,23|27|26|33,27|23|17|28,,,-185.0,160.0,4.0,202.0,sbro,,,,
2013-14,2014-01-17,Charlotte,Orlando,111.0,101.0,False,30|22|26|33,18|35|21|27,,,-120.0,100.0,1.5,189.0,sbro,,,,
2013-14,2014-01-17,LALakers,Boston,107.0,104.0,False,25|27|24|31,23|35|24|22,,,245.0,-305.0,-7.0,204.5,sbro,,,,
2013-14,2014-01-17,Utah,Detroit,110.0,89.0,False,27|31|31|21,25|20|20|24,,,240.0,-290.0,-7.0,204.0,sbro,,,,
2013-14,2014-01-17,Sacramento,Memphis,90.0,91.0,False,21|21|29|19,20|24|28|19,,,190.0,-230.0,-5.5,198.0,sbro,,,,
2013-14,2014-01-17,Portland,SanAntonio,109.0,100.0,False,27|27|23|32,27|22|29|22,,,190.0,-230.0,-5.5,213.0,sbro,,,,
2013-14,2014-01-17,Dallas,Phoenix,110.0,107.0,False,36|22|26|26,30|26|19|32,,,-125.0,105.0,1.5,211.0,sbro,,,,
2013-14,2014-01-17,Cleveland,Denver,117.0,109.0,False,26|42|19|30,29|28|23|29,,,240.0,-300.0,-7.0,212.0,sbro,,,,
2013-14,2014-01-17,GoldenState,OklahomaCity,121.0,127.0,False,32|33|26|30,39|32|30|26,,,-120.0,100.0,1.5,206.0,sbro,,,,
2013-14,2014-01-18,Detroit,Washington,104.0,98.0,False,22|24|33|25,29|25|22|22,,,220.0,-265.0,-6.5,203.5,sbro,,,,
2013-14,2014-01-18,LAClippers,Indiana,92.0,106.0,False,18|23|27|24,27|30|21|28,,,370.0,-475.0,-9.5,195.5,sbro,,,,
2013-14,2014-01-18,Miami,Charlotte,104.0,96.0,False,27|26|22|15,29|31|16|14,,,-300.0,250.0,6.5,192.5,sbro,,,,
2013-14,2014-01-18,Philadelphia,Chicago,78.0,103.0,False,19|12|20|27,24|27|27|25,,,320.0,-400.0,-8.5,197.0,sbro,,,,
2013-14,2014-01-18,Milwaukee,Houston,104.0,114.0,False,23|29|26|26,29|33|29|23,,,970.0,-1700.0,-13.5,199.5,sbro,,,,
2013-14,2014-01-18,GoldenState,NewOrleans,97.0,87.0,False,24|28|26|19,29|25|18|15,,,-190.0,162.0,4.5,205.0,sbro,,,,
2013-14,2014-01-18,Utah,Minnesota,72.0,98.0,False,14|9|22|27,23|28|28|19,,,485.0,-650.0,-10.5,206.0,sbro,,,,
2013-14,2014-01-18,Portland,Dallas,127.0,111.0,False,35|36|33|23,23|29|18|41,,,-130.0,110.0,2.0,215.5,sbro,,,,
2013-14,2014-01-19,LALakers,Toronto,112.0,106.0,False,29|25|28|30,36|22|23|25,,,370.0,-475.0,-9.0,204.5,sbro,,,,
2013-14,2014-01-19,Boston,Orlando,91.0,93.0,False,26|20|18|27,18|35|13|27,,,-150.0,130.0,3.0,195.5,sbro,,,,
2013-14,2014-01-19,Milwaukee,SanAntonio,82.0,110.0,False,16|22|22|22,29|24|31|26,,,1307.0,-2525.0,-15.0,197.5,sbro,,,,
2013-14,2014-01-19,Sacramento,OklahomaCity,93.0,108.0,False,30|22|22|19,28|29|32|19,,,320.0,-400.0,-8.5,214.0,sbro,,,,
2013-14,2014-01-19,Denver,Phoenix,103.0,117.0,False,25|31|23|24,34|28|22|33,,,105.0,-125.0,-1.5,217.5,sbro,,,,
2013-14,2014-01-20,LAClippers,Detroit,112.0,103.0,False,26|38|30|18,28|25|25|25,,,-170.0,145.0,3.5,208.0,sbro,,,,
2013-14,2014-01-20,Dallas,Cleveland,102.0,97.0,False,30|29|20|23,23|14|29|31,,,-115.0,-105.0,0.0,206.0,sbro,,,,
2013-14,2014-01-20,Philadelphia,Washington,99.0,107.0,False,23|28|22|26,29|32|25|21,,,435.0,-575.0,-10.0,208.0,sbro,,,,
2013-14,2014-01-20,Toronto,Charlotte,95.0,100.0,False,11|25|24|35,26|29|23|22,,,-180.0,155.0,4.0,186.0,sbro,,,,
2013-14,2014-01-20,Brooklyn,NewYork,103.0,80.0,False,27|25|19|32,16|22|17|25,,,-130.0,110.0,2.0,193.5,sbro,,,,
2013-14,2014-01-20,NewOrleans,Memphis,95.0,92.0,False,25|16|27|27,20|20|29|23,,,270.0,-330.0,-7.0,188.0,sbro,,,,
2013-14,2014-01-20,Miami,Atlanta,114.0,121.0,False,31|39|22|22,34|37|26|24,,,-210.0,180.0,5.0,200.5,sbro,,,,
2013-14,2014-01-20,Portland,Houston,113.0,126.0,False,28|28|35|22,37|34|35|20,,,110.0,-130.0,-2.0,219.0,sbro,,,,
2013-14,2014-01-20,LALakers,Chicago,100.0,102.0,False,26|26|20|21,31|18|20|24,,,320.0,-400.0,-8.5,198.0,sbro,,,,
2013-14,2014-01-20,Indiana,GoldenState,102.0,94.0,False,35|18|24|25,21|19|29|25,,,101.0,-120.0,-1.5,196.5,sbro,,,,
2013-14,2014-01-21,Boston,Miami,86.0,93.0,False,15|25|27|19,29|22|20|22,,,375.0,-475.0,-8.5,197.0,sbro,,,,
2013-14,2014-01-21,Orlando,Brooklyn,90.0,101.0,False,21|21|14|34,27|19|27|28,,,360.0,-460.0,-9.0,193.5,sbro,,,,
2013-14,2014-01-21,Sacramento,NewOrleans,114.0,97.0,False,38|26|27|23,20|36|14|27,,,-125.0,105.0,1.5,205.5,sbro,,,,
2013-14,2014-01-21,Portland,OklahomaCity,97.0,105.0,False,27|25|23|22,21|30|26|28,,,220.0,-260.0,-6.0,215.0,sbro,,,,
2013-14,2014-01-21,Minnesota,Utah,112.0,97.0,False,34|20|30|28,16|23|23|35,,,-200.0,170.0,4.5,202.0,sbro,,,,
2013-14,2014-01-22,Boston,Washington,113.0,111.0,False,32|29|15|23,22|21|30|26,,,400.0,-525.0,-10.0,191.5,sbro,,,,
2013-14,2014-01-22,Chicago,Cleveland,98.0,87.0,False,23|20|28|27,17|27|18|25,,,160.0,-190.0,-4.5,186.0,sbro,,,,
2013-14,2014-01-22,Atlanta,Orlando,112.0,109.0,False,29|31|28|24,21|35|24|29,,,-230.0,190.0,5.5,202.0,sbro,,,,
2013-14,2014-01-22,Dallas,Toronto,85.0,93.0,False,34|17|22|12,15|31|22|25,,,135.0,-155.0,-3.0,200.0,sbro,,,,
2013-14,2014-01-22,LAClippers,Charlotte,91.0,95.0,False,25|24|21|21,26|22|24|23,,,-245.0,205.0,6.0,198.5,sbro,,,,
2013-14,2014-01-22,Philadelphia,NewYork,110.0,106.0,False,33|28|23|26,26|30|24|26,,,310.0,-380.0,-8.5,206.0,sbro,,,,
2013-14,2014-01-22,Detroit,Milwaukee,101.0,104.0,False,28|28|29|16,25|25|31|23,,,-200.0,170.0,4.5,196.0,sbro,,,,
2013-14,2014-01-22,Sacramento,Houston,98.0,119.0,False,22|22|29|25,29|26|33|31,,,-525.0,-525.0,-9.5,217.0,sbro,,,,
2013-14,2014-01-22,Indiana,Phoenix,100.0,124.0,False,29|20|30|21,30|32|34|28,,,-250.0,210.0,6.0,196.0,sbro,,,,
2013-14,2014-01-22,OklahomaCity,SanAntonio,111.0,105.0,False,30|25|21|35,24|29|22|30,,,230.0,-270.0,-6.5,205.0,sbro,,,,
2013-14,2014-01-23,LALakers,Miami,102.0,109.0,False,27|19|29|27,30|27|28|24,,,670.0,-1000.0,-12.0,209.5,sbro,,,,
2013-14,2014-01-23,Denver,Portland,105.0,110.0,False,30|37|24|14,27|32|27|24,,,250.0,-300.0,-7.0,221.0,sbro,,,,
2013-14,2014-01-24,LALakers,Orlando,105.0,114.0,False,32|23|25|25,28|25|38|23,,,120.0,-140.0,-2.5,210.5,sbro,,,,
2013-14,2014-01-24,Toronto,Philadelphia,104.0,95.0,False,27|25|28|24,28|25|25|17,,,-250.0,210.0,6.0,203.5,sbro,,,,
2013-14,2014-01-24,SanAntonio,Atlanta,105.0,79.0,False,27|28|29|21,14|20|22|23,,,-210.0,180.0,5.0,210.5,sbro,,,,
2013-14,2014-01-24,Milwaukee,Cleveland,78.0,93.0,False,23|14|18|23,24|22|25|22,,,320.0,-400.0,-8.5,195.0,sbro,,,,
2013-14,2014-01-24,Dallas,Brooklyn,106.0,107.0,False,21|25|24|36,18|39|21|29,,,110.0,-130.0,-2.0,200.0,sbro,,,,
2013-14,2014-01-24,OklahomaCity,Boston,101.0,83.0,False,27|23|27|24,28|18|13|24,,,-140.0,120.0,2.5,191.5,sbro,,,,
2013-14,2014-01-24,Charlotte,NewYork,96.0,125.0,False,21|25|20|30,30|37|34|24,,,155.0,-180.0,-4.0,189.5,sbro,,,,
2013-14,2014-01-24,NewOrleans,Detroit,103.0,101.0,False,25|29|17|32,26|22|32|21,,,145.0,-170.0,-3.5,203.0,sbro,,,,
2013-14,2014-01-24,Memphis,Houston,88.0,87.0,False,21|23|20|24,20|15|29|23,,,200.0,-240.0,-5.5,196.0,sbro,,,,
2013-14,2014-01-24,LAClippers,Chicago,112.0,95.0,False,41|27|24|20,26|29|25|15,,,-130.0,110.0,2.0,190.5,sbro,,,,
2013-14,2014-01-24,Washington,Phoenix,101.0,95.0,False,30|21|31|19,29|28|19|19,,,155.0,-180.0,-4.0,207.5,sbro,,,,
2013-14,2014-01-24,Indiana,Sacramento,116.0,111.0,False,26|24|29|24,37|23|24|19,,,-800.0,565.0,11.5,198.0,sbro,,,,
2013-14,2014-01-24,Minnesota,GoldenState,121.0,120.0,False,36|27|28|30,36|27|35|22,,,145.0,-170.0,-3.5,211.0,sbro,,,,
2013-14,2014-01-25,Chicago,Charlotte,89.0,87.0,False,22|17|18|32,24|15|16|32,,,-130.0,110.0,2.0,181.5,sbro,,,,
2013-14,2014-01-25,LAClippers,Toronto,126.0,118.0,False,36|35|22|33,37|28|28|25,,,100.0,-120.0,-1.0,198.0,sbro,,,,
2013-14,2014-01-25,OklahomaCity,Philadelphia,103.0,91.0,False,26|27|30|20,26|18|27|20,,,-475.0,370.0,9.0,208.0,sbro,,,,
2013-14,2014-01-25,Houston,Memphis,81.0,99.0,False,14|21|19|27,16|30|25|28,,,-125.0,105.0,1.5,194.5,sbro,,,,
2013-14,2014-01-25,Atlanta,Milwaukee,112.0,87.0,False,31|29|36|16,25|20|19|23,,,-145.0,125.0,2.5,196.5,sbro,,,,
2013-14,2014-01-25,Indiana,Denver,96.0,109.0,False,18|18|40|20,22|33|31|23,,,-135.0,115.0,2.0,203.0,sbro,,,,
2013-14,2014-01-25,Washington,Utah,101.0,104.0,False,29|24|24|24,21|30|26|27,,,115.0,-135.0,-2.0,195.5,sbro,,,,
2013-14,2014-01-25,Minnesota,Portland,104.0,115.0,False,29|28|24|23,27|38|22|28,,,265.0,-325.0,-7.0,219.5,sbro,,,,
2013-14,2014-01-26,SanAntonio,Miami,101.0,113.0,False,28|22|21|30,34|24|33|22,,,150.0,-170.0,-3.5,205.0,sbro,,,,
2013-14,2014-01-26,LALakers,NewYork,103.0,110.0,False,25|22|34|22,22|29|32|27,,,185.0,-225.0,-5.5,210.0,sbro,,,,
2013-14,2014-01-26,Orlando,NewOrleans,92.0,100.0,False,21|23|25|23,27|27|21|25,,,235.0,-275.0,-6.5,197.5,sbro,,,,
2013-14,2014-01-26,Phoenix,Cleveland,99.0,90.0,False,22|21|25|31,29|32|6|23,,,110.0,-130.0,-2.0,204.0,sbro,,,,
2013-14,2014-01-26,Brooklyn,Boston,85.0,79.0,False,11|24|24|26,17|17|19|26,,,-185.0,160.0,4.5,191.0,sbro,,,,
2013-14,2014-01-26,Detroit,Dallas,106.0,116.0,False,25|21|35|25,28|28|28|32,,,235.0,-275.0,-6.5,214.0,sbro,,,,
2013-14,2014-01-26,Denver,Sacramento,125.0,117.0,False,30|35|30|30,31|28|34|24,,,-185.0,160.0,4.0,216.0,sbro,,,,
2013-14,2014-01-26,Portland,GoldenState,88.0,103.0,False,22|33|12|21,28|26|22|27,,,210.0,-250.0,-6.0,216.5,sbro,,,,
2013-14,2014-01-27,Phoenix,Philadelphia,124.0,113.0,False,40|22|33|29,26|28|28|31,,,-210.0,170.0,5.0,214.5,sbro,,,,
2013-14,2014-01-27,Toronto,Brooklyn,104.0,103.0,False,25|32|25|22,26|30|25|22,,,160.0,-185.0,-4.0,190.5,sbro,,,,
2013-14,2014-01-27,Atlanta,OklahomaCity,109.0,111.0,False,32|25|30|22,26|24|29|32,,,445.0,-600.0,-10.0,204.0,sbro,,,,
2013-14,2014-01-27,LAClippers,Milwaukee,114.0,86.0,False,32|32|20|30,25|16|20|25,,,-600.0,445.0,10.0,203.0,sbro,,,,
2013-14,2014-01-27,Minnesota,Chicago,95.0,86.0,False,23|31|18|23,20|26|19|21,,,-200.0,165.0,4.5,197.0,sbro,,,,
2013-14,2014-01-27,Sacramento,Utah,99.0,106.0,False,22|28|20|29,20|30|31|25,,,270.0,-330.0,-7.5,205.0,sbro,,,,
2013-14,2014-01-28,NewOrleans,Cleveland,100.0,89.0,False,26|30|27|17,29|15|21|24,,,125.0,-145.0,-2.5,194.0,sbro,,,,
2013-14,2014-01-28,Boston,NewYork,88.0,114.0,False,15|22|22|29,31|32|23|28,,,215.0,-260.0,-6.0,193.0,sbro,,,,
2013-14,2014-01-28,Orlando,Detroit,87.0,103.0,False,22|21|17|27,20|33|25|25,,,250.0,-300.0,-7.0,205.0,sbro,,,,
2013-14,2014-01-28,SanAntonio,Houston,90.0,97.0,False,28|18|18|26,20|19|33|25,,,-125.0,105.0,1.5,209.5,sbro,,,,
2013-14,2014-01-28,Memphis,Portland,98.0,81.0,False,31|30|20|17,22|24|12|23,,,182.0,-215.0,-5.0,197.5,sbro,,,,
2013-14,2014-01-28,Washington,GoldenState,88.0,85.0,False,24|21|21|22,22|27|16|20,,,310.0,-380.0,-8.0,205.0,sbro,,,,
2013-14,2014-01-28,Indiana,LALakers,104.0,92.0,False,22|27|30|25,19|30|20|23,,,-600.0,450.0,10.0,205.0,sbro,,,,
2013-14,2014-01-29,Orlando,Toronto,83.0,98.0,False,20|20|25|18,33|22|25|18,,,390.0,-500.0,-9.5,194.0,sbro,,,,
2013-14,2014-01-29,OklahomaCity,Miami,112.0,95.0,False,21|34|36|21,30|20|25|20,,,155.0,-180.0,-4.0,203.0,sbro,,,,
2013-14,2014-01-29,Philadelphia,Boston,95.0,94.0,False,23|30|21|21,26|21|24|23,,,155.0,-180.0,-4.0,203.5,sbro,,,,
2013-14,2014-01-29,NewOrleans,Minnesota,77.0,88.0,False,16|19|27|15,23|24|20|21,,,465.0,-625.0,-10.5,203.0,sbro,,,,
2013-14,2014-01-29,Phoenix,Milwaukee,126.0,117.0,False,28|34|29|35,19|31|34|33,,,-405.0,325.0,8.5,201.5,sbro,,,,
2013-14,2014-01-29,Houston,Dallas,117.0,115.0,False,32|31|28|26,30|27|28|30,,,175.0,-205.0,-5.0,210.0,sbro,,,,
2013-14,2014-01-29,Charlotte,Denver,101.0,98.0,False,32|21|22|26,21|31|23|23,,,290.0,-350.0,-7.5,205.5,sbro,,,,
2013-14,2014-01-29,Chicago,SanAntonio,96.0,86.0,False,21|19|28|28,15|21|25|25,,,305.0,-375.0,-7.5,187.5,sbro,,,,
2013-14,2014-01-29,Memphis,Sacramento,99.0,89.0,False,25|23|21|30,24|22|17|26,,,-230.0,192.0,5.5,194.5,sbro,,,,
2013-14,2014-01-29,Washington,LAClippers,103.0,110.0,False,31|20|23|29,30|32|19|29,,,355.0,-450.0,-9.0,206.5,sbro,,,,
2013-14,2014-01-30,Phoenix,Indiana,102.0,94.0,False,36|30|11|25,19|30|25|20,,,595.0,-850.0,-11.5,200.5,sbro,,,,
2013-14,2014-01-30,Cleveland,NewYork,86.0,117.0,False,21|15|29|21,38|22|21|36,,,227.0,-275.0,-6.5,197.5,sbro,,,,
2013-14,2014-01-30,LAClippers,GoldenState,92.0,111.0,False,21|35|11|25,32|32|26|21,,,200.0,-240.0,-6.0,213.0,sbro,,,,
2013-14,2014-01-31,Milwaukee,Orlando,102.0,113.0,False,20|26|18|38,35|32|21|25,,,225.0,-270.0,-6.0,195.5,sbro,,,,
2013-14,2014-01-31,Atlanta,Philadelphia,125.0,99.0,False,27|37|38|23,21|31|23|24,,,-215.0,182.0,5.5,212.5,sbro,,,,
2013-14,2014-01-31,Memphis,Minnesota,94.0,90.0,False,30|20|16|28,22|15|30|23,,,-125.0,105.0,1.5,189.0,sbro,,,,
2013-14,2014-01-31,OklahomaCity,Brooklyn,120.0,95.0,False,30|33|26|31,16|19|24|36,,,-190.0,162.0,4.5,198.5,sbro,,,,
2013-14,2014-01-31,Sacramento,Dallas,103.0,107.0,False,20|29|32|22,24|30|21|32,,,390.0,-500.0,-9.0,214.5,sbro,,,,
2013-14,2014-01-31,Toronto,Denver,100.0,90.0,False,29|31|26|14,25|28|17|20,,,-105.0,-115.0,-0.0,203.5,sbro,,,,
2013-14,2014-01-31,GoldenState,Utah,95.0,90.0,False,23|18|25|29,21|27|23|19,,,-260.0,215.0,6.0,201.0,sbro,,,,
2013-14,2014-01-31,Charlotte,LALakers,110.0,100.0,False,31|31|24|24,27|22|25|26,,,135.0,-160.0,-3.0,206.0,sbro,,,,
2013-14,2014-02-01,Brooklyn,Indiana,96.0,97.0,False,24|21|25|26,25|21|26|25,,,565.0,-800.0,-11.5,191.0,sbro,,,,
2013-14,2014-02-01,OklahomaCity,Washington,81.0,96.0,False,13|25|26|17,25|17|36|18,,,-200.0,170.0,5.0,201.0,sbro,,,,
2013-14,2014-02-01,Philadelphia,Detroit,96.0,113.0,False,22|27|21|26,32|25|36|20,,,405.0,-525.0,-10.0,215.0,sbro,,,,
2013-14,2014-02-01,Minnesota,Atlanta,113.0,120.0,False,24|30|21|38,25|23|38|34,,,130.0,-150.0,-3.0,208.0,sbro,,,,
2013-14,2014-02-01,Cleveland,Houston,92.0,106.0,False,23|29|21|19,31|30|23|22,,,565.0,-800.0,-11.5,206.5,sbro,,,,
2013-14,2014-02-01,Chicago,NewOrleans,79.0,88.0,False,21|18|18|22,23|27|21|17,,,-115.0,-105.0,1.0,182.0,sbro,,,,
2013-14,2014-02-01,Milwaukee,Memphis,90.0,99.0,False,24|25|20|21,17|26|24|32,,,670.0,-1000.0,-12.5,180.0,sbro,,,,
2013-14,2014-02-01,Miami,NewYork,106.0,91.0,False,29|24|24|29,22|24|25|20,,,-210.0,180.0,5.0,201.5,sbro,,,,
2013-14,2014-02-01,Sacramento,SanAntonio,93.0,95.0,False,24|29|25|15,27|25|19|24,,,425.0,-550.0,-10.0,205.0,sbro,,,,
2013-14,2014-02-01,Charlotte,Phoenix,95.0,105.0,False,27|14|22|32,32|27|31|15,,,355.0,-450.0,-9.0,205.0,sbro,,,,
2013-14,2014-02-01,Toronto,Portland,103.0,106.0,False,19|21|34|29,31|26|26|23,,,255.0,-310.0,-7.0,205.5,sbro,,,,
2013-14,2014-02-01,Utah,LAClippers,87.0,102.0,False,21|21|23|22,19|23|34|26,,,810.0,-1300.0,-12.5,208.5,sbro,,,,
2013-14,2014-02-02,Orlando,Boston,89.0,96.0,False,19|26|19|25,27|27|17|25,,,235.0,-285.0,-6.5,191.0,sbro,,,,
2013-14,2014-02-03,Orlando,Indiana,79.0,98.0,False,22|28|13|16,29|30|16|23,,,1515.0,-3115.0,-15.0,188.5,sbro,,,,
2013-14,2014-02-03,Portland,Washington,90.0,100.0,False,27|28|14|21,32|24|26|18,,,-115.0,-105.0,1.0,208.0,sbro,,,,
2013-14,2014-02-03,Detroit,Miami,96.0,102.0,False,29|28|23|16,32|31|21|18,,,410.0,-560.0,-9.5,206.0,sbro,,,,
2013-14,2014-02-03,Philadelphia,Brooklyn,102.0,108.0,False,16|33|20|33,24|30|30|24,,,385.0,-490.0,-9.0,210.0,sbro,,,,
2013-14,2014-02-03,NewYork,Milwaukee,98.0,101.0,False,19|24|26|29,18|32|25|26,,,-395.0,315.0,8.5,195.0,sbro,,,,
2013-14,2014-02-03,Memphis,OklahomaCity,77.0,86.0,False,18|18|25|16,20|31|18|17,,,320.0,-410.0,-8.0,186.0,sbro,,,,
2013-14,2014-02-03,SanAntonio,NewOrleans,102.0,95.0,False,25|17|22|38,27|27|22|19,,,-165.0,145.0,3.0,193.0,sbro,,,,
2013-14,2014-02-03,Cleveland,Dallas,107.0,124.0,False,25|27|27|28,27|32|35|30,,,315.0,-405.0,-8.0,205.5,sbro,,,,
2013-14,2014-02-03,Toronto,Utah,94.0,79.0,False,24|31|16|23,27|17|18|17,,,-200.0,170.0,5.0,191.5,sbro,,,,
2013-14,2014-02-03,LAClippers,Denver,115.0,116.0,False,29|31|21|34,25|35|22|34,,,-125.0,105.0,1.0,215.0,sbro,,,,
2013-14,2014-02-03,Chicago,Sacramento,70.0,99.0,False,12|21|24|13,24|20|27|28,,,100.0,-120.0,-1.5,193.5,sbro,,,,
2013-14,2014-02-04,Indiana,Atlanta,89.0,85.0,False,19|23|24|23,15|28|12|30,,,-155.0,135.0,3.5,200.5,sbro,,,,
2013-14,2014-02-04,LALakers,Minnesota,99.0,109.0,False,26|26|26|21,38|30|21|20,,,505.0,-805.0,-10.5,217.0,sbro,,,,
2013-14,2014-02-04,Chicago,Phoenix,101.0,92.0,False,21|23|25|32,13|20|30|29,,,290.0,-350.0,-7.5,192.5,sbro,,,,
2013-14,2014-02-04,Charlotte,GoldenState,91.0,75.0,False,26|25|21|19,13|26|18|18,,,515.0,-815.0,-11.0,199.5,sbro,,,,
2013-14,2014-02-05,Boston,Philadelphia,114.0,108.0,False,34|22|32|26,23|24|35|26,,,-155.0,135.0,3.5,205.5,sbro,,,,
2013-14,2014-02-05,LALakers,Cleveland,119.0,108.0,False,36|34|28|21,17|32|31|28,,,250.0,-310.0,-7.0,207.5,sbro,,,,
2013-14,2014-02-05,SanAntonio,Washington,125.0,118.0,False,25|23|34|17,33|29|21|16,,,-130.0,110.0,2.0,193.0,sbro,,,,
2013-14,2014-02-05,Portland,NewYork,94.0,90.0,False,26|21|30|17,23|23|22|22,,,-145.0,125.0,2.5,206.0,sbro,,,,
2013-14,2014-02-05,Detroit,Orlando,98.0,112.0,False,26|17|31|24,26|31|31|24,,,-140.0,120.0,3.0,202.5,sbro,,,,
2013-14,2014-02-05,Minnesota,OklahomaCity,97.0,106.0,False,25|29|23|20,26|30|24|26,,,805.0,-1255.0,-13.0,198.5,sbro,,,,
2013-14,2014-02-05,Dallas,Memphis,110.0,96.0,False,21|31|26|32,26|29|17|24,,,120.0,-140.0,-2.5,189.0,sbro,,,,
2013-14,2014-02-05,Phoenix,Houston,108.0,122.0,False,30|33|27|18,35|31|29|27,,,290.0,-350.0,-7.5,214.5,sbro,,,,
2013-14,2014-02-05,Atlanta,NewOrleans,100.0,105.0,False,24|27|24|25,28|19|24|34,,,125.0,-145.0,-2.5,201.5,sbro,,,,
2013-14,2014-02-05,Milwaukee,Denver,100.0,110.0,False,24|28|20|28,30|21|33|26,,,685.0,-1085.0,-12.0,210.0,sbro,,,,
2013-14,2014-02-05,Toronto,Sacramento,101.0,109.0,False,23|29|20|29,30|37|25|17,,,-105.0,-115.0,-1.0,200.5,sbro,,,,
2013-14,2014-02-05,Miami,LAClippers,116.0,112.0,False,36|26|27|27,24|31|20|37,,,-110.0,-110.0,-0.0,207.0,sbro,,,,
2013-14,2014-02-06,SanAntonio,Brooklyn,89.0,103.0,False,24|15|29|21,17|23|35|28,,,250.0,-300.0,-7.0,196.5,sbro,,,,
2013-14,2014-02-06,Chicago,GoldenState,87.0,102.0,False,29|17|22|19,16|34|26|26,,,240.0,-290.0,-6.5,187.0,sbro,,,,
2013-14,2014-02-07,LALakers,Philadelphia,112.0,98.0,False,26|35|26|25,35|29|21|13,,,155.0,-180.0,-4.0,220.0,sbro,,,,
2013-14,2014-02-07,Portland,Indiana,113.0,118.0,False,28|22|27|26,16|29|26|32,,,200.0,-240.0,-6.0,197.5,sbro,,,,
2013-14,2014-02-07,Cleveland,Washington,115.0,113.0,False,32|35|26|22,38|25|22|28,,,390.0,-500.0,-9.5,198.0,sbro,,,,
2013-14,2014-02-07,OklahomaCity,Orlando,102.0,103.0,False,36|29|23|14,23|28|29|23,,,-560.0,430.0,9.5,199.0,sbro,,,,
2013-14,2014-02-07,Sacramento,Boston,89.0,99.0,False,29|17|23|20,21|28|22|28,,,-125.0,105.0,1.5,198.5,sbro,,,,
2013-14,2014-02-07,Denver,NewYork,90.0,117.0,False,26|18|24|22,20|30|33|34,,,115.0,-135.0,-2.0,210.0,sbro,,,,
2013-14,2014-02-07,Brooklyn,Detroit,95.0,111.0,False,17|27|29|22,30|37|29|15,,,115.0,-135.0,-2.0,206.0,sbro,,,,
2013-14,2014-02-07,Utah,Dallas,81.0,103.0,False,23|20|24|14,28|26|28|21,,,425.0,-550.0,-9.5,205.0,sbro,,,,
2013-14,2014-02-07,Minnesota,NewOrleans,91.0,98.0,False,26|21|24|20,25|17|19|37,,,-120.0,100.0,1.0,198.5,sbro,,,,
2013-14,2014-02-07,Toronto,LAClippers,105.0,118.0,False,22|29|32|22,29|38|25|26,,,215.0,-260.0,-6.0,206.5,sbro,,,,
2013-14,2014-02-08,SanAntonio,Charlotte,104.0,100.0,False,21|20|28|35,25|17|28|30,,,-215.0,182.0,5.0,192.0,sbro,,,,
2013-14,2014-02-08,Memphis,Atlanta,79.0,76.0,False,27|10|24|18,29|14|11|22,,,-105.0,-115.0,-1.0,190.5,sbro,,,,
2013-14,2014-02-08,Denver,Detroit,109.0,126.0,False,29|32|25|23,30|35|32|29,,,105.0,-125.0,-1.5,216.0,sbro,,,,
2013-14,2014-02-08,Portland,Minnesota,117.0,110.0,False,28|27|28|34,23|31|29|27,,,-215.0,182.0,5.5,204.0,sbro,,,,
2013-14,2014-02-08,Houston,Milwaukee,101.0,95.0,False,29|27|25|20,26|19|24|26,,,-700.0,510.0,10.5,204.0,sbro,,,,
2013-14,2014-02-08,GoldenState,Phoenix,109.0,122.0,False,28|31|31|19,29|34|32|27,,,162.0,-190.0,-4.5,209.0,sbro,,,,
2013-14,2014-02-08,Miami,Utah,89.0,94.0,False,20|30|16|23,32|20|16|26,,,-560.0,430.0,9.5,195.5,sbro,,,,
2013-14,2014-02-09,NewYork,OklahomaCity,100.0,112.0,False,28|25|25|22,29|29|28|26,,,385.0,-490.0,-9.0,198.0,sbro,,,,
2013-14,2014-02-09,Chicago,LALakers,92.0,86.0,False,34|18|25|15,23|23|16|24,,,-155.0,135.0,3.0,193.5,sbro,,,,
2013-14,2014-02-09,NewOrleans,Brooklyn,81.0,93.0,False,14|14|32|21,29|22|20|22,,,170.0,-200.0,-4.5,195.5,sbro,,,,
2013-14,2014-02-09,Memphis,Cleveland,83.0,91.0,False,18|15|25|20,22|20|17|19,,,-150.0,130.0,3.0,183.0,sbro,,,,
2013-14,2014-02-09,Dallas,Boston,102.0,91.0,False,17|27|28|30,16|22|18|35,,,-175.0,155.0,4.0,201.0,sbro,,,,
2013-14,2014-02-09,Sacramento,Washington,84.0,93.0,False,24|21|19|20,28|29|18|18,,,190.0,-230.0,-5.0,205.0,sbro,,,,
2013-14,2014-02-09,Indiana,Orlando,92.0,93.0,False,31|21|22|18,28|15|21|29,,,-410.0,320.0,8.0,190.5,sbro,,,,
2013-14,2014-02-09,Philadelphia,LAClippers,78.0,123.0,False,15|15|21|27,46|23|31|23,,,1620.0,-3220.0,-16.0,220.5,sbro,,,,
2013-14,2014-02-10,Denver,Indiana,80.0,119.0,False,20|20|16|24,31|30|24|34,,,475.0,-650.0,-10.5,197.0,sbro,,,,
2013-14,2014-02-10,NewOrleans,Toronto,101.0,108.0,False,20|29|21|31,31|18|33|26,,,240.0,-280.0,-7.0,194.5,sbro,,,,
2013-14,2014-02-10,SanAntonio,Detroit,100.0,109.0,False,24|24|24|28,25|34|33|17,,,-165.0,145.0,3.5,206.5,sbro,,,,
2013-14,2014-02-10,Houston,Minnesota,107.0,89.0,False,34|33|15|25,28|30|20|11,,,-185.0,160.0,4.0,206.5,sbro,,,,
2013-14,2014-02-10,Boston,Milwaukee,102.0,86.0,False,26|23|21|32,24|22|22|18,,,-102.0,-118.0,-1.0,189.5,sbro,,,,
2013-14,2014-02-10,Philadelphia,GoldenState,80.0,123.0,False,21|12|19|28,29|37|32|25,,,1350.0,-2300.0,-15.0,215.0,sbro,,,,
2013-14,2014-02-11,Sacramento,Cleveland,99.0,109.0,False,23|20|25|31,30|25|25|29,,,-125.0,105.0,1.5,205.0,sbro,,,,
2013-14,2014-02-11,Dallas,Charlotte,89.0,114.0,False,26|18|21|24,28|30|31|25,,,-165.0,145.0,4.0,201.5,sbro,,,,
2013-14,2014-02-11,Atlanta,Chicago,85.0,100.0,False,17|22|31|15,33|25|22|20,,,105.0,-125.0,-1.5,187.0,sbro,,,,
2013-14,2014-02-11,Washington,Memphis,89.0,92.0,False,23|16|31|19,24|28|27|13,,,160.0,-190.0,-4.5,181.0,sbro,,,,
2013-14,2014-02-11,Miami,Phoenix,103.0,97.0,False,22|21|28|32,25|21|28|23,,,-145.0,125.0,3.0,210.0,sbro,,,,
2013-14,2014-02-11,OklahomaCity,Portland,98.0,95.0,False,19|26|35|18,25|30|25|15,,,100.0,-120.0,-1.0,211.0,sbro,,,,
2013-14,2014-02-11,Utah,LALakers,96.0,79.0,False,16|32|20|28,27|10|23|19,,,115.0,-135.0,-2.0,201.0,sbro,,,,
2013-14,2014-02-12,Memphis,Orlando,86.0,81.0,False,24|18|22|22,17|17|27|20,,,-125.0,105.0,1.5,181.5,sbro,,,,
2013-14,2014-02-12,Dallas,Indiana,81.0,73.0,False,19|25|16|21,19|23|20|11,,,375.0,-475.0,-9.0,196.0,sbro,,,,
2013-14,2014-02-12,Atlanta,Toronto,83.0,104.0,False,24|20|21|18,19|26|33|26,,,225.0,-265.0,-6.5,203.0,sbro,,,,
2013-14,2014-02-12,SanAntonio,Boston,104.0,92.0,False,25|23|23|33,19|25|22|26,,,-170.0,150.0,3.5,192.5,sbro,,,,
2013-14,2014-02-12,Charlotte,Brooklyn,89.0,105.0,False,29|15|19|26,30|20|35|20,,,280.0,-330.0,-7.5,194.0,sbro,,,,
2013-14,2014-02-12,Cleveland,Detroit,93.0,89.0,False,22|18|19|34,28|23|15|23,,,300.0,-360.0,-8.0,209.5,sbro,,,,
2013-14,2014-02-12,Sacramento,NewYork,106.0,101.0,False,22|26|24|21,33|21|20|19,,,220.0,-260.0,-6.0,202.0,sbro,,,,
2013-14,2014-02-12,Denver,Minnesota,90.0,117.0,False,19|22|23|26,31|30|28|28,,,235.0,-275.0,-6.5,208.5,sbro,,,,
2013-14,2014-02-12,NewOrleans,Milwaukee,102.0,98.0,False,28|18|37|19,19|30|27|22,,,-360.0,300.0,8.0,194.5,sbro,,,,
2013-14,2014-02-12,Washington,Houston,112.0,113.0,False,26|28|36|22,38|25|30|20,,,345.0,-425.0,-8.5,204.5,sbro,,,,
2013-14,2014-02-12,Philadelphia,Utah,100.0,105.0,False,22|26|21|31,31|25|22|27,,,310.0,-380.0,-8.0,201.0,sbro,,,,
2013-14,2014-02-12,Miami,GoldenState,97.0,90.0,False,28|29|27|13,20|26|36|8,,,-120.0,100.0,1.0,206.5,sbro,,,,
2013-14,2014-02-12,Portland,LAClippers,103.0,104.0,False,30|31|34|8,31|30|31|12,,,370.0,-450.0,-9.0,217.5,sbro,,,,
2013-14,2014-02-13,Brooklyn,Chicago,76.0,92.0,False,19|22|20|15,29|20|20|23,,,150.0,-175.0,-4.0,185.0,sbro,,,,
2013-14,2014-02-13,OklahomaCity,LALakers,107.0,103.0,False,17|28|27|35,24|30|28|21,,,-825.0,580.0,11.0,204.5,sbro,,,,
2013-14,2014-02-18,Cleveland,Philadelphia,114.0,85.0,False,31|33|21|29,25|18|19|23,,,-185.0,160.0,4.0,211.5,sbro,,,,
2013-14,2014-02-18,Toronto,Washington,103.0,93.0,False,27|28|29|19,27|22|21|23,,,121.0,-140.0,-2.5,196.5,sbro,,,,
2013-14,2014-02-18,Atlanta,Indiana,98.0,108.0,False,23|26|26|23,35|22|30|21,,,465.0,-624.0,-10.0,195.5,sbro,,,,
2013-14,2014-02-18,Charlotte,Detroit,108.0,96.0,False,32|22|25|29,21|22|24|29,,,165.0,-195.0,-4.5,201.0,sbro,,,,
2013-14,2014-02-18,NewYork,Memphis,93.0,98.0,False,17|20|27|29,22|28|16|32,,,197.0,-237.0,-5.5,181.5,sbro,,,,
2013-14,2014-02-18,Orlando,Milwaukee,100.0,104.0,False,22|25|32|21,25|28|28|23,,,-150.0,130.0,3.0,195.0,sbro,,,,
2013-14,2014-02-18,Miami,Dallas,117.0,106.0,False,30|30|24|33,28|26|31|21,,,-131.0,111.0,2.0,205.5,sbro,,,,
2013-14,2014-02-18,Phoenix,Denver,112.0,107.0,False,31|21|24|23,25|26|26|22,,,-135.0,115.0,2.5,216.0,sbro,,,,
2013-14,2014-02-18,SanAntonio,LAClippers,113.0,103.0,False,24|32|26|31,26|25|25|27,,,240.0,-290.0,-6.5,211.0,sbro,,,,
2013-14,2014-02-19,Chicago,Toronto,94.0,92.0,False,31|17|22|24,21|20|21|30,,,135.0,-155.0,-3.0,182.0,sbro,,,,
2013-14,2014-02-19,Detroit,Charlotte,98.0,116.0,False,21|26|25|26,28|25|33|30,,,130.0,-150.0,-3.0,200.0,sbro,,,,
2013-14,2014-02-19,Orlando,Cleveland,93.0,101.0,False,11|25|32|25,26|29|17|29,,,185.0,-215.0,-5.0,197.5,sbro,,,,
2013-14,2014-02-19,Washington,Atlanta,114.0,97.0,False,31|27|33|23,14|33|36|14,,,100.0,-120.0,-1.0,203.0,sbro,,,,
2013-14,2014-02-19,NewYork,NewOrleans,98.0,91.0,False,23|30|25|20,24|23|23|21,,,145.0,-165.0,-3.5,194.5,sbro,,,,
2013-14,2014-02-19,Indiana,Minnesota,91.0,104.0,False,18|21|33|19,30|22|30|22,,,-155.0,135.0,3.0,195.0,sbro,,,,
2013-14,2014-02-19,Boston,Phoenix,94.0,100.0,False,21|29|21|23,29|23|24|24,,,220.0,-260.0,-5.5,204.5,sbro,,,,
2013-14,2014-02-19,Brooklyn,Utah,105.0,99.0,False,21|27|27|30,28|28|18|25,,,-175.0,155.0,4.0,190.0,sbro,,,,
2013-14,2014-02-19,SanAntonio,Portland,111.0,109.0,False,18|33|28|32,24|28|29|28,,,130.0,-150.0,-3.0,209.5,sbro,,,,
2013-14,2014-02-19,GoldenState,Sacramento,101.0,92.0,False,30|29|16|26,26|24|26|16,,,-215.0,185.0,5.0,207.0,sbro,,,,
2013-14,2014-02-19,Houston,LALakers,134.0,108.0,False,32|32|40|30,22|21|32|33,,,-425.0,345.0,9.0,215.0,sbro,,,,
2013-14,2014-02-20,Miami,OklahomaCity,103.0,81.0,False,34|20|22|27,17|30|18|16,,,125.0,-145.0,-3.0,206.5,sbro,,,,
2013-14,2014-02-20,Denver,Milwaukee,101.0,90.0,False,31|19|28|23,22|20|25|23,,,-200.0,170.0,5.0,202.0,sbro,,,,
2013-14,2014-02-20,Houston,GoldenState,99.0,102.0,False,24|19|24|22,20|27|24|18,,,-125.0,105.0,1.5,212.0,sbro,,,,
2013-14,2014-02-21,NewOrleans,Charlotte,87.0,90.0,False,17|15|27|28,25|18|25|22,,,130.0,-150.0,-3.0,192.5,sbro,,,,
2013-14,2014-02-21,Cleveland,Toronto,91.0,98.0,False,22|22|21|26,16|23|37|22,,,305.0,-385.0,-8.0,196.0,sbro,,,,
2013-14,2014-02-21,Dallas,Philadelphia,124.0,112.0,False,41|28|32|23,23|39|27|23,,,-1545.0,995.0,13.5,211.5,sbro,,,,
2013-14,2014-02-21,NewYork,Orlando,121.0,129.0,False,30|30|26|20,31|22|26|27,,,-165.0,145.0,3.5,197.0,sbro,,,,
2013-14,2014-02-21,Atlanta,Detroit,107.0,115.0,False,22|41|20|24,19|33|34|29,,,150.0,-170.0,-4.0,211.5,sbro,,,,
2013-14,2014-02-21,Denver,Chicago,89.0,117.0,False,19|27|23|20,32|37|25|23,,,260.0,-320.0,-7.5,189.0,sbro,,,,
2013-14,2014-02-21,LAClippers,Memphis,96.0,102.0,False,27|23|18|28,21|32|20|29,,,-130.0,110.0,2.0,192.5,sbro,,,,
2013-14,2014-02-21,SanAntonio,Phoenix,85.0,106.0,False,23|12|22|28,19|28|27|32,,,-130.0,110.0,1.5,209.5,sbro,,,,
2013-14,2014-02-21,Utah,Portland,94.0,102.0,False,15|24|34|21,16|27|21|38,,,345.0,-450.0,-9.0,201.5,sbro,,,,
2013-14,2014-02-21,Boston,LALakers,92.0,101.0,False,28|18|28|18,19|25|19|38,,,-105.0,-115.0,-1.0,208.0,sbro,,,,
2013-14,2014-02-22,Memphis,Charlotte,89.0,92.0,False,21|27|15|26,28|14|22|28,,,-155.0,135.0,3.0,180.0,sbro,,,,
2013-14,2014-02-22,NewOrleans,Washington,93.0,94.0,False,21|22|23|27,24|19|23|28,,,225.0,-275.0,-6.5,196.0,sbro,,,,
2013-14,2014-02-22,Dallas,Detroit,113.0,102.0,False,29|35|24|25,27|27|28|20,,,-155.0,135.0,3.0,212.5,sbro,,,,
2013-14,2014-02-22,NewYork,Atlanta,98.0,107.0,False,23|29|21|25,24|15|29|39,,,110.0,-130.0,-1.5,204.0,sbro,,,,
2013-14,2014-02-22,Indiana,Milwaukee,110.0,100.0,False,27|24|24|35,18|21|29|32,,,-1030.0,630.0,12.0,189.0,sbro,,,,
2013-14,2014-02-22,Minnesota,Utah,121.0,104.0,False,26|33|35|27,21|28|32|23,,,-195.0,170.0,4.5,196.0,sbro,,,,
2013-14,2014-02-22,Boston,Sacramento,98.0,105.0,False,16|27|27|28,23|28|26|28,,,315.0,-395.0,-8.0,197.5,sbro,,,,
2013-14,2014-02-22,Brooklyn,GoldenState,86.0,93.0,False,23|23|18|22,28|21|19|25,,,175.0,-205.0,-5.0,201.5,sbro,,,,
2013-14,2014-02-23,LAClippers,OklahomaCity,125.0,117.0,False,28|44|27|26,32|34|27|24,,,180.0,-215.0,-5.0,211.5,sbro,,,,
2013-14,2014-02-23,Chicago,Miami,79.0,93.0,False,24|16|12|27,20|20|25|28,,,180.0,-210.0,-4.5,185.0,sbro,,,,
2013-14,2014-02-23,Orlando,Toronto,90.0,105.0,False,14|27|24|25,19|25|36|25,,,563.0,-797.0,-11.0,194.5,sbro,,,,
2013-14,2014-02-23,Washington,Cleveland,96.0,83.0,False,30|28|20|18,27|25|20|11,,,-125.0,105.0,1.5,196.0,sbro,,,,
2013-14,2014-02-23,Sacramento,Denver,109.0,95.0,False,27|21|39|22,27|25|18|25,,,210.0,-250.0,-5.5,209.5,sbro,,,,
2013-14,2014-02-23,Houston,Phoenix,115.0,112.0,False,30|30|23|32,16|40|37|19,,,-120.0,101.0,1.5,214.0,sbro,,,,
2013-14,2014-02-23,Minnesota,Portland,97.0,108.0,False,34|26|20|17,26|26|32|24,,,145.0,-170.0,-3.5,215.0,sbro,,,,
2013-14,2014-02-23,Brooklyn,LALakers,108.0,102.0,False,33|30|23|22,21|26|27|28,,,-150.0,130.0,3.0,208.0,sbro,,,,
2013-14,2014-02-24,Milwaukee,Philadelphia,130.0,110.0,False,30|43|33|24,28|16|32|34,,,-155.0,135.0,3.0,210.0,sbro,,,,
2013-14,2014-02-24,Dallas,NewYork,110.0,108.0,False,31|29|24|26,21|38|23|26,,,-145.0,125.0,2.5,206.0,sbro,,,,
2013-14,2014-02-24,GoldenState,Detroit,104.0,96.0,False,33|30|18|23,37|25|21|13,,,-170.0,150.0,3.5,207.5,sbro,,,,
2013-14,2014-02-24,LAClippers,NewOrleans,123.0,110.0,False,32|29|32|30,26|27|25|32,,,-190.0,165.0,4.5,208.0,sbro,,,,
2013-14,2014-02-24,Boston,Utah,98.0,110.0,False,18|28|22|30,27|32|24|27,,,165.0,-190.0,-4.5,191.5,sbro,,,,
2013-14,2014-02-25,Orlando,Washington,106.0,115.0,False,31|22|27|26,35|27|31|22,,,395.0,-505.0,-9.0,194.0,sbro,,,,
2013-14,2014-02-25,Toronto,Cleveland,99.0,93.0,False,23|24|23|29,17|24|28|24,,,-170.0,150.0,4.0,193.0,sbro,,,,
2013-14,2014-02-25,LALakers,Indiana,98.0,118.0,False,23|31|16|28,30|27|34|27,,,1010.0,-1610.0,-13.5,206.0,sbro,,,,
2013-14,2014-02-25,Chicago,Atlanta,107.0,103.0,False,20|34|26|27,30|21|24|28,,,-145.0,125.0,2.5,189.5,sbro,,,,
2013-14,2014-02-25,Portland,Denver,100.0,95.0,False,32|20|30|18,21|24|24|26,,,-145.0,125.0,2.5,214.0,sbro,,,,
2013-14,2014-02-25,Minnesota,Phoenix,110.0,101.0,False,34|21|20|35,28|29|24|20,,,155.0,-175.0,-4.0,211.5,sbro,,,,
2013-14,2014-02-25,Houston,Sacramento,129.0,103.0,False,42|27|35|25,17|34|26|26,,,-190.0,165.0,4.0,212.5,sbro,,,,
2013-14,2014-02-26,Orlando,Philadelphia,101.0,90.0,False,19|21|27|34,22|22|23|23,,,-175.0,155.0,4.0,215.0,sbro,,,,
2013-14,2014-02-26,Atlanta,Boston,104.0,115.0,False,27|29|23|25,25|33|23|34,,,125.0,-145.0,-3.0,203.0,sbro,,,,
2013-14,2014-02-26,Cleveland,OklahomaCity,114.0,104.0,False,26|25|21|42,27|25|24|28,,,1490.0,-3090.0,-15.0,205.0,sbro,,,,
2013-14,2014-02-26,NewOrleans,Dallas,89.0,108.0,False,27|16|24|22,20|29|29|30,,,245.0,-305.0,-7.0,205.0,sbro,,,,
2013-14,2014-02-26,LALakers,Memphis,103.0,108.0,False,23|23|27|30,31|34|17|26,,,585.0,-885.0,-11.5,198.5,sbro,,,,
2013-14,2014-02-26,GoldenState,Chicago,83.0,103.0,False,24|21|14|24,21|35|24|23,,,-160.0,140.0,3.5,186.5,sbro,,,,
2013-14,2014-02-26,Detroit,SanAntonio,110.0,120.0,False,26|27|28|29,28|29|33|30,,,495.0,-795.0,-10.5,210.5,sbro,,,,
2013-14,2014-02-26,Phoenix,Utah,86.0,109.0,False,25|19|20|22,28|25|25|31,,,120.0,-140.0,-2.5,200.0,sbro,,,,
2013-14,2014-02-26,Brooklyn,Portland,80.0,124.0,False,20|14|25|21,29|29|24|42,,,105.0,-125.0,-1.5,206.5,sbro,,,,
2013-14,2014-02-26,Houston,LAClippers,93.0,101.0,False,22|26|25|20,26|20|28|27,,,175.0,-210.0,-5.0,222.0,sbro,,,,
2013-14,2014-02-27,Milwaukee,Indiana,96.0,101.0,False,15|35|16|30,30|20|23|28,,,1510.0,-3110.0,-15.5,196.0,sbro,,,,
2013-14,2014-02-27,Washington,Toronto,134.0,129.0,False,21|36|26|23,27|27|24|28,,,170.0,-200.0,-4.5,198.0,sbro,,,,
2013-14,2014-02-27,NewYork,Miami,82.0,108.0,False,22|28|14|18,28|27|32|21,,,340.0,-440.0,-8.5,201.0,sbro,,,,
2013-14,2014-02-27,Brooklyn,Denver,112.0,89.0,False,29|30|30|23,8|28|20|33,,,-135.0,115.0,2.0,201.0,sbro,,,,
2013-14,2014-02-28,Utah,Cleveland,79.0,99.0,False,27|14|19|19,20|19|30|30,,,162.0,-190.0,-4.5,192.5,sbro,,,,
2013-14,2014-02-28,Memphis,OklahomaCity,107.0,113.0,False,22|20|29|36,29|28|30|26,,,250.0,-300.0,-7.0,195.0,sbro,,,,
2013-14,2014-02-28,GoldenState,NewYork,126.0,103.0,False,38|35|26|27,27|25|28|23,,,-240.0,200.0,5.5,199.0,sbro,,,,
2013-14,2014-02-28,Charlotte,SanAntonio,82.0,92.0,False,25|20|20|17,14|27|25|26,,,370.0,-475.0,-9.0,200.0,sbro,,,,
2013-14,2014-02-28,Chicago,Dallas,100.0,91.0,False,20|31|22|27,32|22|22|15,,,162.0,-190.0,-4.5,193.5,sbro,,,,
2013-14,2014-02-28,NewOrleans,Phoenix,104.0,116.0,False,28|26|27|23,30|26|25|35,,,250.0,-300.0,-7.0,201.5,sbro,,,,
2013-14,2014-02-28,Sacramento,LALakers,122.0,126.0,False,31|34|34|23,27|27|41|31,,,125.0,-145.0,-2.5,218.0,sbro,,,,
2013-14,2014-03-01,Washington,Philadelphia,122.0,103.0,False,41|33|23|25,28|34|21|20,,,-800.0,545.0,11.0,214.5,sbro,,,,
2013-14,2014-03-01,Orlando,Miami,98.0,112.0,False,30|23|20|25,32|29|28|23,,,1200.0,-2300.0,-14.0,199.5,sbro,,,,
2013-14,2014-03-01,Detroit,Houston,110.0,118.0,False,20|26|34|30,41|28|26|23,,,445.0,-600.0,-10.5,215.0,sbro,,,,
2013-14,2014-03-01,Indiana,Boston,102.0,97.0,False,28|27|21|26,27|21|30|19,,,-360.0,300.0,8.0,190.5,sbro,,,,
2013-14,2014-03-01,Brooklyn,Milwaukee,107.0,98.0,False,31|24|22|30,29|24|19|26,,,-255.0,215.0,6.0,198.5,sbro,,,,
2013-14,2014-03-01,Cleveland,Memphis,96.0,110.0,False,30|35|15|16,22|32|33|23,,,385.0,-475.0,-9.5,184.0,sbro,,,,
2013-14,2014-03-01,Minnesota,Sacramento,108.0,97.0,False,30|23|31|24,31|25|14|27,,,-190.0,160.0,5.0,216.5,sbro,,,,
2013-14,2014-03-01,Denver,Portland,96.0,102.0,False,24|24|25|23,32|24|28|18,,,545.0,-800.0,-12.0,215.0,sbro,,,,
2013-14,2014-03-01,NewOrleans,LAClippers,76.0,108.0,False,17|19|20|20,30|21|28|29,,,550.0,-850.0,-11.5,209.5,sbro,,,,
2013-14,2014-03-02,NewYork,Chicago,90.0,109.0,False,16|32|20|22,37|22|21|29,,,215.0,-260.0,-6.0,186.0,sbro,,,,
2013-14,2014-03-02,GoldenState,Toronto,98.0,104.0,False,28|22|28|20,25|30|20|29,,,-145.0,125.0,2.5,203.0,sbro,,,,
2013-14,2014-03-02,Philadelphia,Orlando,81.0,92.0,False,27|19|23|12,28|15|23|26,,,510.0,-700.0,-11.0,211.0,sbro,,,,
2013-14,2014-03-02,Utah,Indiana,91.0,94.0,False,20|26|24|21,21|24|30|19,,,595.0,-850.0,-11.0,189.5,sbro,,,,
2013-14,2014-03-02,Dallas,SanAntonio,106.0,112.0,False,22|25|23|36,25|23|30|34,,,225.0,-270.0,-6.5,209.0,sbro,,,,
2013-14,2014-03-02,Charlotte,OklahomaCity,99.0,116.0,False,25|30|26|18,31|30|24|31,,,510.0,-700.0,-11.0,204.0,sbro,,,,
2013-14,2014-03-02,Atlanta,Phoenix,120.0,129.0,False,37|28|30|25,40|39|23|27,,,295.0,-365.0,-8.0,217.0,sbro,,,,
2013-14,2014-03-03,Memphis,Washington,110.0,104.0,False,20|30|29|31,20|25|19|40,,,-135.0,115.0,2.0,191.0,sbro,,,,
2013-14,2014-03-03,Chicago,Brooklyn,80.0,96.0,False,18|24|17|21,27|23|26|20,,,140.0,-160.0,-3.5,187.0,sbro,,,,
2013-14,2014-03-03,NewYork,Detroit,85.0,96.0,False,28|16|20|21,20|19|30|27,,,155.0,-175.0,-4.0,210.0,sbro,,,,
2013-14,2014-03-03,Charlotte,Miami,107.0,124.0,False,26|28|25|28,29|31|38|26,,,635.0,-1035.0,-11.5,197.5,sbro,,,,
2013-14,2014-03-03,Utah,Milwaukee,88.0,114.0,False,21|27|19|21,30|25|40|19,,,-110.0,-110.0,-0.0,196.0,sbro,,,,
2013-14,2014-03-03,Minnesota,Denver,132.0,128.0,False,40|26|32|34,25|24|34|45,,,-220.0,185.0,5.5,216.5,sbro,,,,
2013-14,2014-03-03,LALakers,Portland,107.0,106.0,False,33|30|24|20,20|36|28|22,,,700.0,-1100.0,-12.0,224.0,sbro,,,,
2013-14,2014-03-03,NewOrleans,Sacramento,89.0,96.0,False,18|20|21|30,23|17|28|28,,,160.0,-185.0,-4.5,204.0,sbro,,,,
2013-14,2014-03-04,GoldenState,Indiana,98.0,96.0,False,25|23|25|25,21|21|28|26,,,175.0,-210.0,-5.0,196.0,sbro,,,,
2013-14,2014-03-04,SanAntonio,Cleveland,122.0,101.0,False,13|37|35|37,23|17|28|33,,,-330.0,270.0,7.5,203.5,sbro,,,,
2013-14,2014-03-04,Philadelphia,OklahomaCity,92.0,125.0,False,23|22|31|16,38|23|37|27,,,4000.0,-13000.0,-21.0,219.0,sbro,,,,
2013-14,2014-03-04,Miami,Houston,103.0,106.0,False,32|20|21|30,39|14|30|23,,,110.0,-130.0,-2.0,208.5,sbro,,,,
2013-14,2014-03-04,LAClippers,Phoenix,104.0,96.0,False,24|20|37|23,25|30|18|23,,,-185.0,160.0,4.5,218.5,sbro,,,,
2013-14,2014-03-04,NewOrleans,LALakers,132.0,125.0,False,35|32|28|37,23|28|34|40,,,125.0,-145.0,-3.0,212.0,sbro,,,,
2013-14,2014-03-05,Indiana,Charlotte,87.0,109.0,False,8|30|19|30,28|19|26|36,,,-190.0,160.0,4.5,190.0,sbro,,,,
2013-14,2014-03-05,Houston,Orlando,101.0,89.0,False,19|22|34|26,32|16|17|24,,,-360.0,300.0,8.0,204.5,sbro,,,,
2013-14,2014-03-05,Utah,Washington,91.0,104.0,False,23|21|27|20,28|26|25|25,,,300.0,-360.0,-8.0,198.5,sbro,,,,
2013-14,2014-03-05,Memphis,Brooklyn,94.0,103.0,False,19|25|16|34,30|24|33|16,,,100.0,-120.0,-0.0,187.0,sbro,,,,
2013-14,2014-03-05,Chicago,Detroit,105.0,94.0,False,19|33|19|34,25|22|23|24,,,-175.0,155.0,4.0,191.5,sbro,,,,
2013-14,2014-03-05,GoldenState,Boston,108.0,88.0,False,30|31|23|24,22|18|14|34,,,-215.0,185.0,4.5,201.5,sbro,,,,
2013-14,2014-03-05,Sacramento,Milwaukee,116.0,102.0,False,28|33|34|21,26|22|26|28,,,-160.0,140.0,3.5,205.5,sbro,,,,
2013-14,2014-03-05,NewYork,Minnesota,118.0,106.0,False,38|28|22|30,24|31|31|20,,,345.0,-425.0,-8.5,212.0,sbro,,,,
2013-14,2014-03-05,Dallas,Denver,110.0,115.0,False,34|17|22|37,41|27|11|36,,,-200.0,170.0,5.0,221.0,sbro,,,,
2013-14,2014-03-05,Atlanta,Portland,78.0,102.0,False,19|19|17|23,29|27|23|23,,,400.0,-500.0,-10.0,218.5,sbro,,,,
2013-14,2014-03-06,Miami,SanAntonio,87.0,111.0,False,22|29|23|13,37|25|20|29,,,140.0,-160.0,-3.5,206.0,sbro,,,,
2013-14,2014-03-06,OklahomaCity,Phoenix,122.0,128.0,False,41|24|33|24,32|29|40|27,,,-245.0,205.0,6.0,217.0,sbro,,,,
2013-14,2014-03-06,LAClippers,LALakers,142.0,94.0,False,29|44|36|33,27|13|20|34,,,-825.0,525.0,11.0,224.0,sbro,,,,
2013-14,2014-03-07,Cleveland,Charlotte,92.0,101.0,False,25|25|24|18,32|23|21|25,,,170.0,-195.0,-5.0,198.0,sbro,,,,
2013-14,2014-03-07,Memphis,Chicago,85.0,77.0,False,15|20|30|20,12|27|24|14,,,100.0,-120.0,-1.0,178.5,sbro,,,,
2013-14,2014-03-07,Sacramento,Toronto,87.0,99.0,False,19|25|19|24,29|22|29|19,,,240.0,-290.0,-6.5,205.0,sbro,,,,
2013-14,2014-03-07,Utah,NewYork,81.0,108.0,False,22|19|19|21,39|21|24|24,,,250.0,-310.0,-7.0,196.5,sbro,,,,
2013-14,2014-03-07,Brooklyn,Boston,84.0,91.0,False,20|21|29|14,26|27|25|13,,,-215.0,180.0,5.0,200.5,sbro,,,,
2013-14,2014-03-07,Detroit,Minnesota,101.0,114.0,False,21|24|24|32,39|27|31|17,,,400.0,-525.0,-9.5,218.0,sbro,,,,
2013-14,2014-03-07,Milwaukee,NewOrleans,104.0,112.0,False,25|24|28|27,22|29|27|34,,,300.0,-370.0,-8.0,200.0,sbro,,,,
2013-14,2014-03-07,Portland,Dallas,98.0,103.0,False,10|28|36|24,33|24|18|28,,,120.0,-140.0,-2.5,215.0,sbro,,,,
2013-14,2014-03-07,LALakers,Denver,126.0,134.0,False,35|31|25|35,42|35|33|24,,,430.0,-630.0,-10.0,230.0,sbro,,,,
2013-14,2014-03-07,Indiana,Houston,86.0,112.0,False,16|27|16|27,27|23|38|24,,,180.0,-215.0,-5.0,201.5,sbro,,,,
2013-14,2014-03-07,Atlanta,GoldenState,97.0,111.0,False,31|21|25|20,32|34|19|26,,,395.0,-505.0,-9.0,208.5,sbro,,,,
2013-14,2014-03-08,Utah,Philadelphia,104.0,92.0,False,24|26|25|29,22|30|18|22,,,-300.0,250.0,7.0,206.5,sbro,,,,
2013-14,2014-03-08,NewYork,Cleveland,107.0,97.0,False,23|35|19|30,19|31|26|21,,,-101.0,-119.0,-1.0,201.5,sbro,,,,
2013-14,2014-03-08,Charlotte,Memphis,89.0,111.0,False,21|23|17|28,25|27|27|32,,,355.0,-450.0,-9.0,186.0,sbro,,,,
2013-14,2014-03-08,Orlando,SanAntonio,112.0,121.0,False,27|34|22|29,31|28|29|33,,,1500.0,-3000.0,-15.5,204.0,sbro,,,,
2013-14,2014-03-08,Washington,Milwaukee,114.0,107.0,False,36|39|10|29,27|26|21|33,,,-400.0,320.0,8.0,203.5,sbro,,,,
2013-14,2014-03-08,Atlanta,LAClippers,108.0,109.0,False,32|26|20|30,25|32|31|21,,,1500.0,-3000.0,-15.0,221.0,sbro,,,,
2013-14,2014-03-09,Miami,Chicago,88.0,95.0,False,19|24|24|19,21|16|22|27,,,-190.0,165.0,4.5,186.5,sbro,,,,
2013-14,2014-03-09,OklahomaCity,LALakers,110.0,114.0,False,35|21|19|35,26|25|36|27,,,-1130.0,730.0,12.5,228.0,sbro,,,,
2013-14,2014-03-09,Denver,NewOrleans,107.0,111.0,False,29|25|19|21,17|26|30|21,,,135.0,-155.0,-3.0,213.0,sbro,,,,
2013-14,2014-03-09,Sacramento,Brooklyn,89.0,104.0,False,19|21|25|24,28|21|28|27,,,240.0,-290.0,-6.5,203.5,sbro,,,,
2013-14,2014-03-09,Detroit,Boston,111.0,118.0,False,22|27|35|27,26|31|38|23,,,-110.0,-110.0,-0.0,206.0,sbro,,,,
2013-14,2014-03-09,Toronto,Minnesota,111.0,104.0,False,33|20|30|28,33|19|24|28,,,190.0,-230.0,-5.5,208.5,sbro,,,,
2013-14,2014-03-09,Portland,Houston,113.0,118.0,False,30|24|31|21,28|19|26|33,,,220.0,-260.0,-6.5,214.0,sbro,,,,
2013-14,2014-03-09,Indiana,Dallas,94.0,105.0,False,18|27|26|23,30|18|28|29,,,-130.0,110.0,1.5,198.0,sbro,,,,
2013-14,2014-03-09,Phoenix,GoldenState,107.0,113.0,False,29|32|17|29,22|34|38|19,,,400.0,-525.0,-9.5,211.0,sbro,,,,
2013-14,2014-03-10,Denver,Charlotte,98.0,105.0,False,22|23|23|30,25|26|28|26,,,190.0,-230.0,-5.5,212.0,sbro,,,,
2013-14,2014-03-10,Washington,Miami,90.0,99.0,False,23|22|28|17,31|22|20|26,,,320.0,-410.0,-8.0,205.0,sbro,,,,
2013-14,2014-03-10,Philadelphia,NewYork,110.0,123.0,False,31|30|24|25,26|35|30|32,,,1410.0,-3010.0,-15.5,215.0,sbro,,,,
2013-14,2014-03-10,Toronto,Brooklyn,97.0,101.0,False,30|21|22|24,19|31|28|23,,,140.0,-160.0,-3.5,197.5,sbro,,,,
2013-14,2014-03-10,Atlanta,Utah,112.0,110.0,False,28|31|19|34,22|22|36|30,,,-140.0,120.0,2.5,201.5,sbro,,,,
2013-14,2014-03-10,Orlando,Milwaukee,98.0,105.0,False,24|27|20|27,13|32|23|37,,,-110.0,-110.0,1.0,203.5,sbro,,,,
2013-14,2014-03-10,Phoenix,LAClippers,105.0,112.0,False,23|22|31|29,34|28|28|22,,,505.0,-805.0,-10.5,217.5,sbro,,,,
2013-14,2014-03-11,Boston,Indiana,83.0,94.0,False,20|20|21|22,24|25|20|25,,,600.0,-900.0,-12.0,192.0,sbro,,,,
2013-14,2014-03-11,Sacramento,Detroit,89.0,99.0,False,31|23|11|24,28|24|20|27,,,125.0,-145.0,-2.5,215.0,sbro,,,,
2013-14,2014-03-11,Portland,Memphis,99.0,109.0,False,23|24|22|30,22|32|24|31,,,125.0,-145.0,-2.5,196.5,sbro,,,,
2013-14,2014-03-11,Milwaukee,Minnesota,101.0,112.0,False,33|28|23|17,28|27|31|26,,,1400.0,-3300.0,-15.0,214.5,sbro,,,,
2013-14,2014-03-11,SanAntonio,Chicago,104.0,96.0,False,38|23|29|14,14|19|33|30,,,-210.0,170.0,5.0,190.0,sbro,,,,
2013-14,2014-03-11,Houston,OklahomaCity,98.0,106.0,False,24|17|26|31,26|30|21|29,,,165.0,-200.0,-4.5,216.0,sbro,,,,
2013-14,2014-03-11,Dallas,GoldenState,85.0,108.0,False,22|22|13|28,29|26|24|29,,,185.0,-225.0,-5.5,208.0,sbro,,,,
2013-14,2014-03-12,Brooklyn,Miami,96.0,95.0,False,22|20|31|23,22|20|29|24,,,405.0,-525.0,-9.0,201.5,sbro,,,,
2013-14,2014-03-12,Detroit,Toronto,87.0,101.0,False,21|24|24|18,29|23|22|27,,,357.0,-453.0,-8.5,206.0,sbro,,,,
2013-14,2014-03-12,Sacramento,Philadelphia,115.0,98.0,False,28|30|32|25,24|30|22|22,,,-480.0,375.0,9.5,216.5,sbro,,,,
2013-14,2014-03-12,Denver,Orlando,120.0,112.0,False,23|29|33|35,27|23|24|38,,,-151.0,128.0,3.0,213.5,sbro,,,,
2013-14,2014-03-12,Charlotte,Washington,98.0,85.0,False,22|26|21|29,27|19|20|19,,,200.0,-240.0,-6.0,199.0,sbro,,,,
2013-14,2014-03-12,NewYork,Boston,116.0,92.0,False,36|32|17|31,24|24|27|17,,,-180.0,155.0,4.0,199.5,sbro,,,,
2013-14,2014-03-12,Memphis,NewOrleans,90.0,88.0,False,28|20|19|23,26|31|17|14,,,-260.0,215.0,6.0,186.0,sbro,,,,
2013-14,2014-03-12,Dallas,Utah,108.0,101.0,False,23|32|25|28,25|28|25|23,,,-210.0,180.0,5.0,201.0,sbro,,,,
2013-14,2014-03-12,Portland,SanAntonio,90.0,103.0,False,24|16|24|26,30|26|17|30,,,300.0,-370.0,-8.0,210.5,sbro,,,,
2013-14,2014-03-12,Cleveland,Phoenix,110.0,101.0,False,37|23|22|28,24|23|30|24,,,315.0,-390.0,-8.0,211.0,sbro,,,,
2013-14,2014-03-12,GoldenState,LAClippers,98.0,111.0,False,29|27|23|19,29|25|30|27,,,265.0,-325.0,-7.0,211.0,sbro,,,,
2013-14,2014-03-13,Houston,Chicago,87.0,111.0,False,20|22|16|29,25|25|35|26,,,-155.0,135.0,3.5,193.5,sbro,,,,
2013-14,2014-03-13,Milwaukee,Atlanta,97.0,102.0,False,30|23|14|30,23|24|21|34,,,330.0,-430.0,-8.5,208.5,sbro,,,,
2013-14,2014-03-13,LALakers,OklahomaCity,102.0,131.0,False,19|27|31|25,33|27|41|30,,,1545.0,-3145.0,-16.5,225.0,sbro,,,,
2013-14,2014-03-14,Washington,Orlando,105.0,101.0,False,27|17|23|20,20|21|25|21,,,-210.0,175.0,5.0,200.5,sbro,,,,
2013-14,2014-03-14,Indiana,Philadelphia,101.0,94.0,False,27|25|26|23,20|25|21|28,,,-3100.0,1500.0,16.5,205.5,sbro,,,,
2013-14,2014-03-14,Minnesota,Charlotte,93.0,105.0,False,33|20|22|18,33|32|23|17,,,-135.0,115.0,2.5,206.0,sbro,,,,
2013-14,2014-03-14,Memphis,Toronto,86.0,99.0,False,24|20|23|19,19|28|24|28,,,-110.0,-110.0,1.0,186.5,sbro,,,,
2013-14,2014-03-14,Phoenix,Boston,87.0,80.0,False,29|17|18|23,22|22|16|20,,,-180.0,155.0,4.5,208.0,sbro,,,,
2013-14,2014-03-14,Denver,Miami,111.0,107.0,False,20|38|27|26,30|23|18|36,,,520.0,-670.0,-11.0,215.0,sbro,,,,
2013-14,2014-03-14,Portland,NewOrleans,111.0,103.0,False,29|24|27|31,26|29|26|22,,,-135.0,115.0,2.5,200.5,sbro,,,,
2013-14,2014-03-14,LALakers,SanAntonio,85.0,119.0,False,14|20|26|25,29|32|28|30,,,1810.0,-3060.0,-18.0,225.5,sbro,,,,
2013-14,2014-03-14,LAClippers,Utah,96.0,87.0,False,22|21|34|19,33|18|21|15,,,-485.0,380.0,9.0,205.0,sbro,,,,
2013-14,2014-03-14,Cleveland,GoldenState,103.0,94.0,False,16|36|32|19,32|21|18|23,,,375.0,-475.0,-9.5,200.0,sbro,,,,
2013-14,2014-03-15,Milwaukee,NewYork,94.0,115.0,False,23|19|24|28,30|30|28|27,,,480.0,-630.0,-10.5,204.5,sbro,,,,
2013-14,2014-03-15,Brooklyn,Washington,94.0,101.0,False,26|31|22|15,19|29|24|29,,,-145.0,125.0,2.5,196.0,sbro,,,,
2013-14,2014-03-15,Denver,Atlanta,92.0,97.0,False,15|22|34|21,28|25|24|20,,,195.0,-230.0,-5.5,220.0,sbro,,,,
2013-14,2014-03-15,Indiana,Detroit,112.0,104.0,False,20|21|32|27,29|31|19|21,,,-215.0,185.0,5.5,197.0,sbro,,,,
2013-14,2014-03-15,Memphis,Philadelphia,103.0,77.0,False,22|23|29|29,21|15|21|20,,,-1925.0,1125.0,13.5,201.0,sbro,,,,
2013-14,2014-03-15,Sacramento,Chicago,87.0,94.0,False,23|20|20|24,23|25|16|30,,,310.0,-390.0,-8.0,189.5,sbro,,,,
2013-14,2014-03-16,Phoenix,Toronto,121.0,113.0,False,37|24|35|25,35|24|31|23,,,155.0,-175.0,-4.0,203.5,sbro,,,,
2013-14,2014-03-16,Charlotte,Milwaukee,101.0,92.0,False,23|23|30|25,28|22|24|18,,,-235.0,195.0,5.5,195.0,sbro,,,,
2013-14,2014-03-16,Houston,Miami,104.0,113.0,False,28|26|27|23,32|25|22|34,,,195.0,-235.0,-5.5,207.0,sbro,,,,
2013-14,2014-03-16,Boston,NewOrleans,120.0,121.0,False,25|39|20|28,27|30|27|28,,,200.0,-240.0,-5.5,194.5,sbro,,,,
2013-14,2014-03-16,Dallas,OklahomaCity,109.0,86.0,False,29|30|32|18,23|25|22|16,,,260.0,-320.0,-7.5,212.5,sbro,,,,
2013-14,2014-03-16,Utah,SanAntonio,104.0,122.0,False,23|30|23|28,26|35|30|31,,,1420.0,-2600.0,-15.0,200.0,sbro,,,,
2013-14,2014-03-16,Sacramento,Minnesota,102.0,104.0,False,29|25|20|28,32|21|24|27,,,400.0,-500.0,-9.5,209.5,sbro,,,,
2013-14,2014-03-16,GoldenState,Portland,113.0,112.0,False,23|21|33|36,24|31|30|27,,,-135.0,115.0,2.0,206.5,sbro,,,,
2013-14,2014-03-16,Cleveland,LAClippers,80.0,102.0,False,18|20|21|21,27|25|24|26,,,550.0,-800.0,-11.5,208.0,sbro,,,,
2013-14,2014-03-17,Philadelphia,Indiana,90.0,99.0,False,24|26|17|23,21|37|17|24,,,1700.0,-5000.0,-19.5,204.0,sbro,,,,
2013-14,2014-03-17,Atlanta,Charlotte,97.0,83.0,False,22|24|30|21,28|24|16|15,,,130.0,-150.0,-3.0,200.5,sbro,,,,
2013-14,2014-03-17,Phoenix,Brooklyn,95.0,108.0,False,20|29|23|23,30|32|28|18,,,145.0,-170.0,-3.5,208.0,sbro,,,,
2013-14,2014-03-17,OklahomaCity,Chicago,97.0,85.0,False,23|24|27|23,21|24|22|18,,,-150.0,130.0,3.0,194.0,sbro,,,,
2013-14,2014-03-17,Utah,Houston,86.0,124.0,False,20|21|28|17,28|32|32|32,,,720.0,-1100.0,-12.5,203.0,sbro,,,,
2013-14,2014-03-17,Boston,Dallas,89.0,94.0,False,22|21|18|28,26|24|14|30,,,645.0,-950.0,-12.0,203.0,sbro,,,,
2013-14,2014-03-17,LAClippers,Denver,100.0,110.0,False,25|28|30|17,23|33|27|27,,,-185.0,160.0,4.0,217.0,sbro,,,,
2013-14,2014-03-18,Miami,Cleveland,100.0,96.0,False,37|22|20|21,25|29|25|17,,,-625.0,475.0,10.0,192.5,sbro,,,,
2013-14,2014-03-18,Toronto,Atlanta,113.0,118.0,False,26|23|29|28,17|32|31|26,,,-145.0,125.0,3.0,201.0,sbro,,,,
2013-14,2014-03-18,Milwaukee,Portland,115.0,120.0,False,29|18|25|26,26|26|23|23,,,890.0,-1240.0,-12.5,206.5,sbro,,,,
2013-14,2014-03-18,Washington,Sacramento,111.0,117.0,False,19|27|27|27,30|17|23|30,,,-125.0,105.0,1.5,201.0,sbro,,,,
2013-14,2014-03-18,Orlando,GoldenState,89.0,103.0,False,27|20|19|23,30|27|30|16,,,835.0,-1185.0,-12.5,206.5,sbro,,,,
2013-14,2014-03-19,Chicago,Philadelphia,102.0,94.0,False,28|24|23|27,26|19|24|25,,,-1200.0,850.0,13.0,194.0,sbro,,,,
2013-14,2014-03-19,Miami,Boston,96.0,101.0,False,34|25|19|18,22|31|27|21,,,-190.0,165.0,4.5,194.5,sbro,,,,
2013-14,2014-03-19,Charlotte,Brooklyn,99.0,104.0,False,21|25|24|29,26|28|21|29,,,220.0,-270.0,-6.5,193.0,sbro,,,,
2013-14,2014-03-19,Indiana,NewYork,86.0,92.0,False,14|21|27|24,21|26|20|25,,,-120.0,100.0,1.5,192.0,sbro,,,,
2013-14,2014-03-19,Toronto,NewOrleans,107.0,100.0,False,24|32|25|26,32|25|28|15,,,-140.0,120.0,2.5,194.0,sbro,,,,
2013-14,2014-03-19,Utah,Memphis,86.0,96.0,False,19|13|31|23,30|18|26|22,,,605.0,-855.0,-11.5,187.5,sbro,,,,
2013-14,2014-03-19,Minnesota,Dallas,123.0,122.0,False,37|29|28|19,24|35|28|26,,,185.0,-215.0,-5.0,210.0,sbro,,,,
2013-14,2014-03-19,Detroit,Denver,109.0,118.0,False,28|33|23|25,27|27|31|33,,,235.0,-285.0,-6.5,217.5,sbro,,,,
2013-14,2014-03-19,Orlando,Phoenix,93.0,109.0,False,25|27|24|17,25|27|30|27,,,725.0,-1025.0,-12.5,210.0,sbro,,,,
2013-14,2014-03-19,SanAntonio,LALakers,125.0,109.0,False,35|23|34|33,29|28|30|22,,,-1230.0,880.0,13.0,220.0,sbro,,,,
2013-14,2014-03-20,OklahomaCity,Cleveland,102.0,95.0,False,21|35|29|17,25|21|22|27,,,-535.0,410.0,9.5,201.5,sbro,,,,
2013-14,2014-03-20,Minnesota,Houston,106.0,129.0,False,33|21|28|24,27|37|34|31,,,270.0,-340.0,-7.5,215.5,sbro,,,,
2013-14,2014-03-20,Washington,Portland,103.0,116.0,False,28|23|22|30,23|30|33|30,,,190.0,-225.0,-6.0,205.5,sbro,,,,
2013-14,2014-03-20,Milwaukee,GoldenState,110.0,115.0,False,21|30|24|35,29|24|29|33,,,840.0,-1190.0,-12.5,206.5,sbro,,,,
2013-14,2014-03-21,NewYork,Philadelphia,93.0,92.0,False,21|20|31|21,24|12|29|27,,,-960.0,660.0,12.0,210.5,sbro,,,,
2013-14,2014-03-21,Chicago,Indiana,79.0,91.0,False,23|20|19|17,19|25|31|16,,,235.0,-275.0,-6.5,179.5,sbro,,,,
2013-14,2014-03-21,OklahomaCity,Toronto,119.0,118.0,False,23|19|30|24,20|26|25|25,,,-155.0,135.0,3.0,205.0,sbro,,,,
2013-14,2014-03-21,NewOrleans,Atlanta,111.0,105.0,False,20|24|25|42,16|28|27|34,,,165.0,-200.0,-4.5,203.5,sbro,,,,
2013-14,2014-03-21,Memphis,Miami,86.0,91.0,False,22|21|25|18,15|30|23|23,,,165.0,-200.0,-4.5,190.0,sbro,,,,
2013-14,2014-03-21,Boston,Brooklyn,98.0,114.0,False,28|26|22|22,34|30|28|22,,,325.0,-400.0,-8.5,197.0,sbro,,,,
2013-14,2014-03-21,Denver,Dallas,106.0,122.0,False,29|24|25|28,26|35|29|32,,,320.0,-390.0,-8.0,218.0,sbro,,,,
2013-14,2014-03-21,Detroit,Phoenix,92.0,98.0,False,27|23|21|21,26|25|22|25,,,325.0,-400.0,-8.5,218.0,sbro,,,,
2013-14,2014-03-21,SanAntonio,Sacramento,99.0,79.0,False,24|23|22|30,23|14|20|22,,,-380.0,315.0,8.0,207.5,sbro,,,,
2013-14,2014-03-21,Washington,LALakers,117.0,107.0,False,33|25|30|29,21|26|34|26,,,-200.0,165.0,5.0,218.5,sbro,,,,
2013-14,2014-03-22,Portland,Charlotte,94.0,124.0,False,22|24|27|21,33|36|29|26,,,100.0,-120.0,-1.0,203.5,sbro,,,,
2013-14,2014-03-22,Houston,Cleveland,118.0,111.0,False,39|28|34|17,31|24|24|32,,,-390.0,310.0,8.5,203.0,sbro,,,,
2013-14,2014-03-22,Indiana,Memphis,71.0,82.0,False,17|13|19|22,19|24|21|18,,,130.0,-150.0,-3.0,181.0,sbro,,,,
2013-14,2014-03-22,Miami,NewOrleans,95.0,105.0,False,22|21|29|23,22|23|31|29,,,-205.0,175.0,5.0,196.5,sbro,,,,
2013-14,2014-03-22,Philadelphia,Chicago,81.0,91.0,False,25|13|21|22,20|21|24|26,,,1620.0,-3370.0,-16.0,193.0,sbro,,,,
2013-14,2014-03-22,Orlando,Utah,88.0,89.0,False,16|27|18|27,27|22|17|23,,,165.0,-190.0,-4.5,195.5,sbro,,,,
2013-14,2014-03-22,Detroit,LAClippers,103.0,112.0,False,26|29|15|33,36|20|24|32,,,895.0,-1345.0,-13.5,216.5,sbro,,,,
2013-14,2014-03-22,SanAntonio,GoldenState,99.0,90.0,False,32|18|26|23,22|25|22|21,,,145.0,-165.0,-3.5,206.0,sbro,,,,
2013-14,2014-03-23,Atlanta,Toronto,86.0,96.0,False,25|24|22|15,16|26|18|36,,,280.0,-350.0,-7.5,202.5,sbro,,,,
2013-14,2014-03-23,Phoenix,Minnesota,127.0,120.0,False,27|35|31|34,41|32|30|17,,,115.0,-135.0,-2.0,217.5,sbro,,,,
2013-14,2014-03-23,Washington,Denver,102.0,105.0,False,29|20|24|29,21|26|30|28,,,100.0,-120.0,-1.5,213.5,sbro,,,,
2013-14,2014-03-23,Milwaukee,Sacramento,107.0,124.0,False,16|28|26|37,39|31|34|20,,,270.0,-330.0,-7.5,207.0,sbro,,,,
2013-14,2014-03-23,Cleveland,NewYork,106.0,100.0,False,27|19|31|29,34|27|23|16,,,430.0,-555.0,-10.0,199.0,sbro,,,,
2013-14,2014-03-23,Brooklyn,Dallas,107.0,104.0,False,15|26|24|26,29|19|24|19,,,180.0,-210.0,-5.0,203.0,sbro,,,,
2013-14,2014-03-23,Orlando,LALakers,94.0,103.0,False,24|24|25|21,29|26|20|28,,,155.0,-180.0,-3.5,217.0,sbro,,,,
2013-14,2014-03-24,Houston,Charlotte,100.0,89.0,False,25|29|24|22,24|26|18|21,,,-205.0,175.0,5.0,205.5,sbro,,,,
2013-14,2014-03-24,Phoenix,Atlanta,102.0,95.0,False,25|17|35|25,23|22|23|27,,,-145.0,125.0,2.5,214.0,sbro,,,,
2013-14,2014-03-24,Portland,Miami,91.0,93.0,False,25|17|19|30,22|24|26|21,,,220.0,-270.0,-6.5,209.0,sbro,,,,
2013-14,2014-03-24,Minnesota,Memphis,92.0,109.0,False,15|24|29|24,30|27|24|28,,,295.0,-365.0,-7.5,199.5,sbro,,,,
2013-14,2014-03-24,Denver,OklahomaCity,96.0,117.0,False,24|34|15|23,41|31|18|27,,,545.0,-720.0,-11.5,216.5,sbro,,,,
2013-14,2014-03-24,Indiana,Chicago,77.0,89.0,False,19|15|22|21,15|18|31|25,,,100.0,-120.0,-1.0,176.0,sbro,,,,
2013-14,2014-03-24,Brooklyn,NewOrleans,104.0,109.0,False,26|32|18|22,20|22|31|25,,,100.0,-120.0,-1.0,198.5,sbro,,,,
2013-14,2014-03-24,Philadelphia,SanAntonio,91.0,113.0,False,24|20|24|23,31|29|29|24,,,2245.0,-5245.0,-20.0,210.5,sbro,,,,
2013-14,2014-03-24,Detroit,Utah,114.0,94.0,False,26|34|26|28,23|17|29|25,,,-130.0,110.0,2.0,203.0,sbro,,,,
2013-14,2014-03-24,Milwaukee,LAClippers,98.0,106.0,False,25|27|22|24,35|22|22|27,,,1670.0,-3170.0,-17.0,213.5,sbro,,,,
2013-14,2014-03-25,Toronto,Cleveland,100.0,102.0,False,17|28|36|19,26|33|29|14,,,-190.0,162.0,4.5,194.0,sbro,,,,
2013-14,2014-03-25,Portland,Orlando,85.0,95.0,False,26|16|23|20,23|27|29|16,,,-255.0,212.0,6.0,204.0,sbro,,,,
2013-14,2014-03-25,OklahomaCity,Dallas,119.0,128.0,False,24|36|29|22,28|31|25|27,,,-160.0,135.0,3.0,209.5,sbro,,,,
2013-14,2014-03-25,NewYork,LALakers,96.0,127.0,False,22|20|31|23,14|36|51|26,,,-320.0,265.0,7.5,216.0,sbro,,,,
2013-14,2014-03-26,Brooklyn,Charlotte,111.0,116.0,False,28|31|19|27,24|34|25|22,,,115.0,-135.0,-2.0,190.5,sbro,,,,
2013-14,2014-03-26,Phoenix,Washington,99.0,93.0,False,25|29|25|20,23|21|25|24,,,-120.0,100.0,1.5,208.5,sbro,,,,
2013-14,2014-03-26,Toronto,Boston,99.0,90.0,False,31|24|22|22,22|24|16|28,,,-160.0,140.0,3.5,196.5,sbro,,,,
2013-14,2014-03-26,Cleveland,Detroit,97.0,96.0,False,24|26|16|31,33|18|31|14,,,215.0,-265.0,-6.5,204.5,sbro,,,,
2013-14,2014-03-26,Atlanta,Minnesota,83.0,107.0,False,19|22|20|22,20|28|27|32,,,195.0,-230.0,-5.5,215.0,sbro,,,,
2013-14,2014-03-26,Miami,Indiana,83.0,84.0,False,17|28|23|15,23|21|19|21,,,110.0,-130.0,-2.5,186.5,sbro,,,,
2013-14,2014-03-26,LAClippers,NewOrleans,96.0,98.0,False,27|25|23|21,29|26|21|22,,,-340.0,270.0,7.5,206.0,sbro,,,,
2013-14,2014-03-26,Denver,SanAntonio,103.0,108.0,False,28|15|24|36,34|29|21|24,,,985.0,-1385.0,-13.5,216.5,sbro,,,,
2013-14,2014-03-26,NewYork,Sacramento,107.0,99.0,False,31|32|23|21,28|20|24|27,,,-140.0,120.0,2.5,200.0,sbro,,,,
2013-14,2014-03-26,Memphis,Utah,91.0,87.0,False,17|23|22|29,25|25|21|16,,,-435.0,345.0,8.5,182.0,sbro,,,,
2013-14,2014-03-27,Portland,Atlanta,100.0,85.0,False,22|31|25|22,16|21|27|21,,,-215.0,182.0,5.0,206.5,sbro,,,,
2013-14,2014-03-27,LALakers,Milwaukee,105.0,108.0,False,30|23|27|25,26|29|32|21,,,120.0,-140.0,-2.5,219.5,sbro,,,,
2013-14,2014-03-27,Philadelphia,Houston,98.0,120.0,False,28|21|31|18,35|28|37|20,,,1695.0,-4963.0,-20.0,214.5,sbro,,,,
2013-14,2014-03-27,LAClippers,Dallas,109.0,103.0,False,29|29|23|28,29|31|21|22,,,100.0,-121.0,-0.0,211.0,sbro,,,,
2013-14,2014-03-28,Boston,Toronto,103.0,105.0,False,26|27|20|30,32|24|29|20,,,370.0,-475.0,-9.5,195.0,sbro,,,,
2013-14,2014-03-28,Indiana,Washington,78.0,91.0,False,21|16|19|22,24|20|30|17,,,-125.0,105.0,1.5,186.5,sbro,,,,
2013-14,2014-03-28,Charlotte,Orlando,105.0,110.0,False,30|20|31|16,16|25|33|23,,,-190.0,162.0,4.5,191.0,sbro,,,,
2013-14,2014-03-28,Cleveland,Brooklyn,97.0,108.0,False,29|21|27|20,29|32|24|23,,,320.0,-400.0,-8.0,195.5,sbro,,,,
2013-14,2014-03-28,Miami,Detroit,110.0,78.0,False,28|29|35|18,23|19|18|18,,,-220.0,185.0,5.0,199.0,sbro,,,,
2013-14,2014-03-28,Utah,NewOrleans,95.0,102.0,False,22|16|28|29,20|23|29|30,,,260.0,-315.0,-7.0,196.0,sbro,,,,
2013-14,2014-03-28,LALakers,Minnesota,107.0,143.0,False,24|19|34|30,41|33|37|32,,,595.0,-850.0,-11.5,226.5,sbro,,,,
2013-14,2014-03-28,Portland,Chicago,91.0,74.0,False,19|28|26|18,16|20|22|16,,,162.0,-190.0,-4.5,186.5,sbro,,,,
2013-14,2014-03-28,Sacramento,OklahomaCity,81.0,94.0,False,15|23|13|30,32|22|28|12,,,810.0,-1300.0,-13.0,207.0,sbro,,,,
2013-14,2014-03-28,SanAntonio,Denver,133.0,102.0,False,31|31|35|36,23|20|31|28,,,-364.0,294.0,7.5,217.0,sbro,,,,
2013-14,2014-03-28,NewYork,Phoenix,88.0,112.0,False,26|14|26|22,34|28|26|24,,,227.0,-275.0,-6.5,208.0,sbro,,,,
2013-14,2014-03-28,Memphis,GoldenState,93.0,100.0,False,27|25|24|17,30|23|26|21,,,120.0,-140.0,-2.5,186.0,sbro,,,,
2013-14,2014-03-29,Detroit,Philadelphia,98.0,123.0,False,23|28|17|30,33|37|28|25,,,-260.0,215.0,6.0,211.0,sbro,,,,
2013-14,2014-03-29,Atlanta,Washington,97.0,101.0,False,27|25|19|26,28|22|25|26,,,210.0,-250.0,-6.0,198.5,sbro,,,,
2013-14,2014-03-29,LAClippers,Houston,118.0,107.0,False,23|38|27|30,33|25|26|23,,,-105.0,-115.0,-1.0,215.5,sbro,,,,
2013-14,2014-03-29,Sacramento,Dallas,100.0,103.0,False,19|23|28|30,26|28|18|31,,,620.0,-900.0,-12.0,204.0,sbro,,,,
2013-14,2014-03-29,NewOrleans,SanAntonio,80.0,96.0,False,15|20|24|21,28|24|18|26,,,1300.0,-2500.0,-14.5,202.0,sbro,,,,
2013-14,2014-03-29,Miami,Milwaukee,88.0,67.0,False,21|25|19|23,12|17|17|21,,,-510.0,395.0,9.0,198.0,sbro,,,,
2013-14,2014-03-30,Utah,OklahomaCity,96.0,116.0,False,9|31|37|19,26|33|33|24,,,1300.0,-2500.0,-15.0,202.0,sbro,,,,
2013-14,2014-03-30,Indiana,Cleveland,76.0,90.0,False,20|16|22|18,25|24|24|17,,,-234.0,194.0,5.5,182.5,sbro,,,,
2013-14,2014-03-30,Toronto,Orlando,98.0,93.0,False,27|30|16|25,22|16|26|29,,,-205.0,175.0,5.0,194.0,sbro,,,,
2013-14,2014-03-30,Minnesota,Brooklyn,99.0,114.0,False,27|27|28|17,30|29|26|29,,,160.0,-185.0,-4.0,210.5,sbro,,,,
2013-14,2014-03-30,Chicago,Boston,107.0,102.0,False,25|26|27|29,26|24|27|25,,,-195.0,165.0,4.5,180.5,sbro,,,,
2013-14,2014-03-30,Memphis,Portland,98.0,105.0,False,23|22|25|28,25|32|29|19,,,115.0,-135.0,-2.0,189.0,sbro,,,,
2013-14,2014-03-30,NewYork,GoldenState,89.0,84.0,False,22|34|18|15,32|12|22|18,,,250.0,-300.0,-7.0,202.5,sbro,,,,
2013-14,2014-03-30,Phoenix,LALakers,99.0,115.0,False,15|28|31|25,26|35|28|26,,,-500.0,390.0,9.0,224.0,sbro,,,,
2013-14,2014-03-31,Washington,Charlotte,94.0,100.0,False,20|40|20|14,25|19|26|30,,,130.0,-150.0,-3.0,194.5,sbro,,,,
2013-14,2014-03-31,SanAntonio,Indiana,103.0,77.0,False,25|23|21|34,15|20|24|18,,,-190.0,162.0,4.0,188.5,sbro,,,,
2013-14,2014-03-31,Toronto,Miami,83.0,93.0,False,23|28|14|18,24|30|20|19,,,220.0,-265.0,-6.0,192.0,sbro,,,,
2013-14,2014-03-31,Milwaukee,Detroit,111.0,116.0,False,30|31|21|29,34|18|29|35,,,240.0,-290.0,-6.5,206.5,sbro,,,,
2013-14,2014-03-31,Philadelphia,Atlanta,95.0,103.0,False,31|22|20|22,18|25|32|28,,,670.0,-1000.0,-12.0,210.5,sbro,,,,
2013-14,2014-03-31,Boston,Chicago,80.0,94.0,False,24|26|20|10,25|23|23|23,,,425.0,-550.0,-9.5,184.5,sbro,,,,
2013-14,2014-03-31,Sacramento,NewOrleans,102.0,97.0,False,29|24|27|22,22|33|21|21,,,155.0,-180.0,-4.0,196.5,sbro,,,,
2013-14,2014-03-31,LAClippers,Minnesota,114.0,104.0,False,26|28|34|26,22|29|15|38,,,-145.0,125.0,2.5,213.5,sbro,,,,
2013-14,2014-03-31,NewYork,Utah,92.0,83.0,False,21|27|31|13,27|22|20|14,,,-151.0,131.0,3.0,193.0,sbro,,,,
2013-14,2014-03-31,Memphis,Denver,94.0,92.0,False,25|22|28|19,16|29|23|24,,,-190.0,162.0,4.5,201.0,sbro,,,,
2013-14,2014-04-01,Houston,Brooklyn,96.0,105.0,False,24|27|28|17,29|25|29|22,,,135.0,-159.0,-3.5,210.0,sbro,,,,
2013-14,2014-04-01,GoldenState,Dallas,122.0,120.0,False,30|23|32|23,21|41|19|27,,,180.0,-210.0,-5.0,207.0,sbro,,,,
2013-14,2014-04-01,Portland,LALakers,124.0,112.0,False,29|34|28|33,27|34|22|29,,,-425.0,335.0,8.5,218.0,sbro,,,,
2013-14,2014-04-02,Boston,Washington,92.0,118.0,False,21|25|16|30,29|28|32|29,,,326.0,-409.0,-8.0,200.0,sbro,,,,
2013-14,2014-04-02,Brooklyn,NewYork,81.0,110.0,False,20|18|23|20,29|34|19|28,,,125.0,-145.0,-2.5,195.0,sbro,,,,
2013-14,2014-04-02,Detroit,Indiana,94.0,101.0,False,27|19|28|20,28|22|23|28,,,519.0,-715.0,-10.5,191.0,sbro,,,,
2013-14,2014-04-02,Houston,Toronto,103.0,107.0,False,25|25|30|23,23|32|35|17,,,110.0,-130.0,-2.0,202.5,sbro,,,,
2013-14,2014-04-02,Cleveland,Orlando,119.0,98.0,False,35|35|24|25,27|20|21|30,,,-135.0,115.0,2.0,197.0,sbro,,,,
2013-14,2014-04-02,Charlotte,Philadelphia,123.0,93.0,False,31|32|25|35,19|19|25|30,,,-388.0,316.0,8.0,205.0,sbro,,,,
2013-14,2014-04-02,Chicago,Atlanta,105.0,92.0,False,31|26|21|27,31|18|23|20,,,-135.0,115.0,2.0,183.5,sbro,,,,
2013-14,2014-04-02,Milwaukee,Miami,77.0,96.0,False,19|19|19|20,33|23|21|19,,,890.0,-1500.0,-13.0,194.0,sbro,,,,
2013-14,2014-04-02,Memphis,Minnesota,88.0,102.0,False,20|21|20|27,20|28|29|25,,,-195.0,165.0,4.5,198.0,sbro,,,,
2013-14,2014-04-02,GoldenState,SanAntonio,90.0,111.0,False,18|24|25|23,31|26|30|24,,,485.0,-650.0,-10.5,200.0,sbro,,,,
2013-14,2014-04-02,NewOrleans,Denver,107.0,137.0,False,26|27|28|26,40|31|34|32,,,155.0,-180.0,-4.0,209.0,sbro,,,,
2013-14,2014-04-02,LAClippers,Phoenix,112.0,108.0,False,30|30|18|34,25|37|29|17,,,130.0,-150.0,-2.5,212.5,sbro,,,,
2013-14,2014-04-02,LALakers,Sacramento,102.0,107.0,False,23|29|24|26,24|36|27|20,,,290.0,-350.0,-7.5,218.5,sbro,,,,
2013-14,2014-04-03,SanAntonio,OklahomaCity,94.0,106.0,False,24|27|20|23,22|26|32|26,,,145.0,-170.0,-3.5,206.0,sbro,,,,
2013-14,2014-04-03,Dallas,LAClippers,113.0,107.0,False,32|26|28|27,26|30|25|26,,,155.0,-180.0,-4.0,211.5,sbro,,,,
2013-14,2014-04-04,Indiana,Toronto,94.0,102.0,False,28|18|29|19,27|27|21|27,,,-125.0,105.0,1.5,178.5,sbro,,,,
2013-14,2014-04-04,Orlando,Charlotte,80.0,91.0,False,19|17|24|20,20|33|19|19,,,450.0,-600.0,-9.5,194.0,sbro,,,,
2013-14,2014-04-04,Denver,Memphis,92.0,100.0,False,18|29|18|27,24|19|26|31,,,410.0,-535.0,-10.0,200.5,sbro,,,,
2013-14,2014-04-04,Minnesota,Miami,122.0,121.0,False,24|28|25|20,29|23|23|22,,,320.0,-400.0,-8.0,201.0,sbro,,,,
2013-14,2014-04-04,Cleveland,Atlanta,98.0,117.0,False,23|26|24|25,39|22|29|27,,,105.0,-125.0,-1.5,202.5,sbro,,,,
2013-14,2014-04-04,Philadelphia,Boston,111.0,102.0,False,23|26|27|35,17|34|20|31,,,375.0,-480.0,-9.0,209.5,sbro,,,,
2013-14,2014-04-04,Detroit,Brooklyn,104.0,116.0,False,22|23|24|35,22|35|34|25,,,410.0,-535.0,-9.5,206.0,sbro,,,,
2013-14,2014-04-04,Washington,NewYork,90.0,89.0,False,27|12|25|26,21|22|24|22,,,182.0,-215.0,-5.5,195.5,sbro,,,,
2013-14,2014-04-04,Milwaukee,Chicago,90.0,102.0,False,15|20|27|28,27|24|31|20,,,645.0,-950.0,-11.5,184.5,sbro,,,,
2013-14,2014-04-04,NewOrleans,Utah,96.0,100.0,False,23|22|20|31,25|18|30|27,,,115.0,-135.0,-2.0,194.5,sbro,,,,
2013-14,2014-04-04,OklahomaCity,Houston,107.0,111.0,False,23|22|39|23,27|23|32|29,,,125.0,-145.0,-3.0,214.0,sbro,,,,
2013-14,2014-04-04,Phoenix,Portland,109.0,93.0,False,28|23|28|30,26|28|26|13,,,162.0,-190.0,-4.5,212.0,sbro,,,,
2013-14,2014-04-04,Sacramento,GoldenState,69.0,102.0,False,14|13|23|19,25|34|25|18,,,370.0,-475.0,-9.0,198.5,sbro,,,,
2013-14,2014-04-04,Dallas,LALakers,107.0,95.0,False,27|25|30|25,23|31|24|17,,,-410.0,330.0,8.5,222.0,sbro,,,,
2013-14,2014-04-05,Minnesota,Orlando,92.0,100.0,False,26|22|29|15,25|21|26|28,,,-135.0,115.0,2.0,201.0,sbro,,,,
2013-14,2014-04-05,Chicago,Washington,96.0,78.0,False,28|24|24|20,16|10|35|17,,,115.0,-135.0,-2.0,184.0,sbro,,,,
2013-14,2014-04-05,Brooklyn,Philadelphia,105.0,101.0,False,27|30|24|24,21|21|27|32,,,-725.0,525.0,11.0,207.0,sbro,,,,
2013-14,2014-04-05,Boston,Detroit,111.0,115.0,False,32|33|30|16,29|26|30|30,,,220.0,-265.0,-6.5,206.5,sbro,,,,
2013-14,2014-04-05,Charlotte,Cleveland,96.0,94.0,False,17|23|22|20,21|12|33|16,,,145.0,-170.0,-3.5,196.0,sbro,,,,
2013-14,2014-04-05,Toronto,Milwaukee,102.0,98.0,False,28|19|28|27,22|34|20|22,,,-275.0,227.0,6.5,196.0,sbro,,,,
2013-14,2014-04-06,NewYork,Miami,91.0,102.0,False,26|24|14|27,25|23|25|29,,,240.0,-290.0,-6.5,186.5,sbro,,,,
2013-14,2014-04-06,LALakers,LAClippers,97.0,120.0,False,22|27|23|25,25|32|37|26,,,1600.0,-4000.0,-15.5,224.5,sbro,,,,
2013-14,2014-04-06,Atlanta,Indiana,107.0,88.0,False,33|22|24|28,11|12|36|29,,,319.0,-399.0,-8.0,186.0,sbro,,,,
2013-14,2014-04-06,Dallas,Sacramento,93.0,91.0,False,29|16|23|25,24|24|17|26,,,-325.0,265.0,7.0,201.0,sbro,,,,
2013-14,2014-04-06,Denver,Houston,125.0,130.0,False,27|25|36|29,22|47|19|29,,,565.0,-800.0,-11.0,222.5,sbro,,,,
2013-14,2014-04-06,Memphis,SanAntonio,92.0,112.0,False,10|28|29|25,26|28|27|31,,,255.0,-310.0,-7.0,191.0,sbro,,,,
2013-14,2014-04-06,Utah,GoldenState,102.0,130.0,False,22|30|21|29,35|31|35|29,,,621.0,-901.0,-12.0,197.0,sbro,,,,
2013-14,2014-04-06,NewOrleans,Portland,94.0,100.0,False,25|30|14|25,25|23|29|23,,,447.0,-595.0,-9.5,205.5,sbro,,,,
2013-14,2014-04-06,OklahomaCity,Phoenix,115.0,122.0,False,25|28|38|24,28|34|32|28,,,-150.0,130.0,3.0,211.0,sbro,,,,
2013-14,2014-04-08,Brooklyn,Miami,88.0,87.0,False,26|18|18|26,14|29|22|22,,,280.0,-340.0,-7.5,192.0,sbro,,,,
2013-14,2014-04-08,SanAntonio,Minnesota,91.0,110.0,False,19|15|29|28,27|27|31|25,,,-305.0,250.0,7.5,206.5,sbro,,,,
2013-14,2014-04-08,Dallas,Utah,95.0,83.0,False,39|22|20|14,25|21|19|18,,,-350.0,290.0,7.5,200.0,sbro,,,,
2013-14,2014-04-08,OklahomaCity,Sacramento,107.0,92.0,False,30|31|24|22,27|22|28|15,,,-525.0,405.0,9.5,200.5,sbro,,,,
2013-14,2014-04-08,Houston,LALakers,145.0,130.0,False,35|31|49|30,26|35|29|40,,,-525.0,405.0,9.0,228.0,sbro,,,,
2013-14,2014-04-08,Detroit,Atlanta,102.0,95.0,False,35|23|23|21,27|25|26|17,,,265.0,-325.0,-7.0,210.0,sbro,,,,
2013-14,2014-04-09,Brooklyn,Orlando,111.0,115.0,False,22|21|35|33,20|35|28|32,,,-210.0,180.0,5.0,191.5,sbro,,,,
2013-14,2014-04-09,Philadelphia,Toronto,114.0,125.0,False,28|32|29|25,34|34|30|27,,,1100.0,-2000.0,-13.5,208.0,sbro,,,,
2013-14,2014-04-09,Detroit,Cleveland,100.0,122.0,False,18|19|33|30,31|38|29|24,,,240.0,-290.0,-6.5,208.0,sbro,,,,
2013-14,2014-04-09,Charlotte,Washington,94.0,88.0,False,32|22|17|16,18|23|25|21,,,200.0,-240.0,-5.5,190.0,sbro,,,,
2013-14,2014-04-09,Boston,Atlanta,97.0,105.0,False,23|28|26|20,32|24|14|35,,,260.0,-315.0,-7.0,204.5,sbro,,,,
2013-14,2014-04-09,Indiana,Milwaukee,104.0,102.0,False,25|28|19|32,25|25|17|35,,,-119.0,-101.0,1.0,186.5,sbro,,,,
2013-14,2014-04-09,Miami,Memphis,102.0,107.0,False,32|26|22|22,31|23|26|27,,,175.0,-205.0,-5.0,180.5,sbro,,,,
2013-14,2014-04-09,Chicago,Minnesota,102.0,87.0,False,26|22|27|27,25|28|17|17,,,-170.0,145.0,3.5,192.5,sbro,,,,
2013-14,2014-04-09,Phoenix,NewOrleans,94.0,88.0,False,23|24|24|23,14|32|18|24,,,-475.0,370.0,9.0,207.0,sbro,,,,
2013-14,2014-04-09,Houston,Denver,116.0,123.0,False,18|40|30|28,30|38|37|18,,,-130.0,110.0,2.0,223.0,sbro,,,,
2013-14,2014-04-09,Sacramento,Portland,99.0,100.0,False,20|26|25|28,27|29|23|21,,,930.0,-1600.0,-13.5,200.0,sbro,,,,
2013-14,2014-04-09,OklahomaCity,LAClippers,107.0,101.0,False,29|30|26|22,22|32|19|28,,,145.0,-170.0,-3.5,212.0,sbro,,,,
2013-14,2014-04-10,SanAntonio,Dallas,109.0,100.0,False,30|19|34|26,22|29|21|28,,,105.0,-125.0,-1.5,201.5,sbro,,,,
2013-14,2014-04-10,Denver,GoldenState,100.0,99.0,False,15|28|30|27,28|25|22|24,,,645.0,-950.0,-12.0,215.5,sbro,,,,
2013-14,2014-04-11,Washington,Orlando,96.0,86.0,False,17|28|22|29,29|22|19|16,,,-325.0,265.0,7.0,194.0,sbro,,,,
2013-14,2014-04-11,NewYork,Toronto,108.0,100.0,False,24|21|33|30,26|21|30|23,,,185.0,-220.0,-5.0,194.0,sbro,,,,
2013-14,2014-04-11,Indiana,Miami,86.0,98.0,False,25|17|20|24,23|22|31|22,,,227.0,-275.0,-6.0,181.0,sbro,,,,
2013-14,2014-04-11,Atlanta,Brooklyn,93.0,88.0,False,16|39|19|19,23|24|26|15,,,180.0,-210.0,-5.0,199.0,sbro,,,,
2013-14,2014-04-11,Charlotte,Boston,103.0,106.0,False,29|26|20|28,28|29|27|22,,,-209.0,179.0,5.0,192.0,sbro,,,,
2013-14,2014-04-11,NewOrleans,OklahomaCity,94.0,116.0,False,23|24|15|32,30|30|27|29,,,1500.0,-3500.0,-15.5,204.5,sbro,,,,
2013-14,2014-04-11,Houston,Minnesota,110.0,112.0,False,32|31|21|26,37|22|23|30,,,-160.0,135.0,3.0,215.5,sbro,,,,
2013-14,2014-04-11,Detroit,Chicago,98.0,106.0,False,28|28|24|18,17|21|32|36,,,450.0,-600.0,-10.0,192.5,sbro,,,,
2013-14,2014-04-11,Philadelphia,Memphis,95.0,117.0,False,24|23|17|31,30|27|30|30,,,1150.0,-2200.0,-14.5,202.0,sbro,,,,
2013-14,2014-04-11,Cleveland,Milwaukee,116.0,119.0,False,32|37|18|29,37|25|30|27,,,-190.0,162.0,4.5,207.0,sbro,,,,
2013-14,2014-04-11,Phoenix,SanAntonio,104.0,112.0,False,37|25|19|23,24|25|37|26,,,140.0,-165.0,-3.5,205.0,sbro,,,,
2013-14,2014-04-11,Portland,Utah,111.0,99.0,False,23|30|23|35,31|20|25|23,,,-400.0,320.0,8.0,198.0,sbro,,,,
2013-14,2014-04-11,GoldenState,LALakers,112.0,95.0,False,26|32|25|29,26|17|26|26,,,-650.0,485.0,9.5,222.0,sbro,,,,
2013-14,2014-04-12,Sacramento,LAClippers,101.0,117.0,False,26|21|32|22,27|29|29|32,,,485.0,-650.0,-10.5,206.0,sbro,,,,
2013-14,2014-04-12,Milwaukee,Washington,91.0,104.0,False,26|26|22|17,27|28|32|17,,,540.0,-750.0,-11.0,203.5,sbro,,,,
2013-14,2014-04-12,Philadelphia,Charlotte,105.0,111.0,False,24|35|19|27,26|30|31|24,,,760.0,-1200.0,-12.0,206.5,sbro,,,,
2013-14,2014-04-12,Boston,Cleveland,111.0,99.0,False,28|32|29|22,18|24|16|41,,,370.0,-475.0,-9.0,206.0,sbro,,,,
2013-14,2014-04-12,Miami,Atlanta,85.0,98.0,False,23|26|13|23,28|21|20|29,,,-260.0,215.0,6.5,195.5,sbro,,,,
2013-14,2014-04-12,NewOrleans,Houston,104.0,111.0,False,20|39|23|22,22|24|26|39,,,1350.0,-2600.0,-15.0,211.5,sbro,,,,
2013-14,2014-04-12,Phoenix,Dallas,98.0,101.0,False,26|31|21|20,27|19|29|26,,,182.0,-215.0,-5.0,210.5,sbro,,,,
2013-14,2014-04-12,Utah,Denver,94.0,101.0,False,23|21|21|29,18|16|30|37,,,425.0,-550.0,-9.5,212.0,sbro,,,,
2013-14,2014-04-13,Chicago,NewYork,89.0,100.0,False,22|17|25|25,19|26|32|23,,,-160.0,135.0,3.0,185.0,sbro,,,,
2013-14,2014-04-13,Toronto,Detroit,116.0,107.0,False,42|21|24|29,26|23|37|21,,,-300.0,250.0,7.0,206.0,sbro,,,,
2013-14,2014-04-13,Orlando,Brooklyn,88.0,97.0,False,28|21|21|18,25|21|33|18,,,595.0,-850.0,-11.5,195.0,sbro,,,,
2013-14,2014-04-13,OklahomaCity,Indiana,97.0,102.0,False,21|24|21|31,22|25|27|28,,,-120.0,100.0,1.0,192.0,sbro,,,,
2013-14,2014-04-13,GoldenState,Portland,117.0,119.0,False,19|33|23|30,23|21|32|29,,,155.0,-180.0,-4.0,207.5,sbro,,,,
2013-14,2014-04-13,Minnesota,Sacramento,103.0,106.0,False,28|24|24|27,30|17|28|31,,,-135.0,115.0,2.0,208.0,sbro,,,,
2013-14,2014-04-13,Memphis,LALakers,102.0,90.0,False,23|30|34|15,27|25|17|21,,,-1100.0,720.0,12.0,209.5,sbro,,,,
2013-14,2014-04-14,Boston,Philadelphia,108.0,113.0,False,33|17|34|24,33|34|19|27,,,-150.0,130.0,3.0,212.5,sbro,,,,
2013-14,2014-04-14,Miami,Washington,93.0,114.0,False,26|22|17|28,27|43|28|16,,,192.0,-230.0,-5.5,190.0,sbro,,,,
2013-14,2014-04-14,Milwaukee,Toronto,100.0,110.0,False,19|27|23|31,32|27|25|26,,,485.0,-650.0,-10.5,204.5,sbro,,,,
2013-14,2014-04-14,Charlotte,Atlanta,95.0,93.0,False,26|18|21|30,24|26|30|13,,,-210.0,180.0,5.0,195.0,sbro,,,,
2013-14,2014-04-14,OklahomaCity,NewOrleans,89.0,101.0,False,21|25|23|20,23|22|25|31,,,-400.0,320.0,8.5,204.0,sbro,,,,
2013-14,2014-04-14,SanAntonio,Houston,98.0,104.0,False,21|22|25|30,30|20|26|28,,,200.0,-240.0,-5.5,212.0,sbro,,,,
2013-14,2014-04-14,Orlando,Chicago,95.0,108.0,False,21|23|26|25,26|31|24|27,,,525.0,-725.0,-10.5,182.0,sbro,,,,
2013-14,2014-04-14,LALakers,Utah,119.0,104.0,False,23|34|29|33,30|21|35|18,,,227.0,-275.0,-6.5,215.0,sbro,,,,
2013-14,2014-04-14,Memphis,Phoenix,97.0,91.0,False,24|22|21|30,14|28|25|24,,,160.0,-185.0,-4.0,194.5,sbro,,,,
2013-14,2014-04-14,Minnesota,GoldenState,120.0,130.0,False,42|22|28|28,28|34|35|33,,,285.0,-345.0,-7.5,213.5,sbro,,,,
2013-14,2014-04-15,NewYork,Brooklyn,109.0,98.0,False,29|26|28|26,18|25|24|31,,,265.0,-325.0,-7.5,194.0,sbro,,,,
2013-14,2014-04-15,Denver,LAClippers,105.0,117.0,False,26|20|34|25,38|25|25|29,,,450.0,-600.0,-10.5,221.5,sbro,,,,
2013-14,2014-04-16,Dallas,Memphis,105.0,106.0,False,24|29|20|20,29|22|24|18,,,116.0,-137.0,-2.0,190.0,sbro,,,,
2013-14,2014-04-16,Atlanta,Milwaukee,111.0,103.0,False,29|29|24|29,39|24|20|20,,,135.0,-160.0,-3.0,204.5,sbro,,,,
2013-14,2014-04-16,Utah,Minnesota,136.0,130.0,False,31|20|29|27,17|31|22|37,,,620.0,-900.0,-11.5,211.0,sbro,,,,
2013-14,2014-04-16,Houston,NewOrleans,100.0,105.0,False,30|20|28|22,28|25|27|25,,,130.0,-150.0,-3.0,209.0,sbro,,,,
2013-14,2014-04-16,Detroit,OklahomaCity,111.0,112.0,False,30|25|32|24,28|26|25|33,,,1100.0,-2100.0,-14.5,212.5,sbro,,,,
2013-14,2014-04-16,LALakers,SanAntonio,113.0,100.0,False,33|18|35|27,23|28|24|25,,,365.0,-465.0,-9.0,216.0,sbro,,,,
2013-14,2014-04-16,Washington,Boston,118.0,102.0,False,38|30|23|27,24|32|19|27,,,-375.0,305.0,8.0,198.0,sbro,,,,
2013-14,2014-04-16,Brooklyn,Cleveland,85.0,114.0,False,21|28|15|21,33|18|30|33,,,335.0,-425.0,-8.5,197.5,sbro,,,,
2013-14,2014-04-16,Philadelphia,Miami,100.0,87.0,False,29|26|29|16,27|24|15|21,,,204.0,-243.0,-6.0,207.5,sbro,,,,
2013-14,2014-04-16,Indiana,Orlando,101.0,86.0,False,25|21|29|26,20|20|22|24,,,150.0,-175.0,-4.0,187.0,sbro,,,,
2013-14,2014-04-16,Chicago,Charlotte,86.0,91.0,False,21|18|21|20,16|27|16|21,,,105.0,-125.0,-1.5,180.5,sbro,,,,
2013-14,2014-04-16,Toronto,NewYork,92.0,95.0,False,28|29|17|18,21|23|30|21,,,-250.0,210.0,6.0,198.5,sbro,,,,
2013-14,2014-04-16,Phoenix,Sacramento,104.0,99.0,False,21|26|24|33,24|23|27|25,,,-141.0,121.0,2.5,208.5,sbro,,,,
2013-14,2014-04-16,GoldenState,Denver,116.0,112.0,False,36|30|22|28,27|25|28|32,,,295.0,-364.0,-8.0,209.5,sbro,,,,
2013-14,2014-04-16,LAClippers,Portland,104.0,110.0,False,29|23|33|19,37|31|14|28,,,149.0,-175.0,-4.0,207.0,sbro,,,,
2013-14,2014-04-19,Brooklyn,Toronto,94.0,87.0,False,29|21|17|27,21|25|16|25,,,150.0,-175.0,-3.5,191.0,sbro,,,,
2013-14,2014-04-19,Memphis,OklahomaCity,86.0,100.0,False,16|18|31|21,29|27|13|31,,,329.0,-409.0,-8.0,190.5,sbro,,,,
2013-14,2014-04-19,Atlanta,Indiana,101.0,93.0,False,28|22|30|21,22|28|16|27,,,335.0,-425.0,-8.5,185.5,sbro,,,,
2013-14,2014-04-19,GoldenState,LAClippers,109.0,105.0,False,24|28|35|22,29|23|27|26,,,300.0,-370.0,-7.5,211.0,sbro,,,,
2013-14,2014-04-20,Dallas,SanAntonio,85.0,90.0,False,12|32|21|20,21|22|22|25,,,435.0,-575.0,-9.0,202.5,sbro,,,,
2013-14,2014-04-20,Charlotte,Miami,88.0,99.0,False,23|19|23|23,19|30|23|27,,,485.0,-650.0,-10.5,185.5,sbro,,,,
2013-14,2014-04-20,Washington,Chicago,102.0,93.0,False,24|24|24|30,22|32|21|18,,,162.0,-189.0,-4.5,177.5,sbro,,,,
2013-14,2014-04-20,Portland,Houston,122.0,120.0,False,27|21|25|33,20|29|30|27,,,182.0,-215.0,-5.0,216.0,sbro,,,,
2013-14,2014-04-21,Memphis,OklahomaCity,111.0,105.0,False,24|22|22|31,16|27|22|34,,,255.0,-310.0,-6.5,190.0,sbro,,,,
2013-14,2014-04-21,GoldenState,LAClippers,98.0,138.0,False,20|21|32|25,31|36|38|33,,,330.0,-410.0,-8.0,212.5,sbro,,,,
2013-14,2014-04-22,Atlanta,Indiana,85.0,101.0,False,26|26|13|20,21|27|31|22,,,295.0,-360.0,-7.5,186.5,sbro,,,,
2013-14,2014-04-22,Brooklyn,Toronto,95.0,100.0,False,19|20|27|29,21|24|19|36,,,185.0,-220.0,-5.0,190.5,sbro,,,,
2013-14,2014-04-22,Washington,Chicago,101.0,99.0,False,31|25|14|21,20|29|26|16,,,189.0,-225.0,-5.0,180.0,sbro,,,,
2013-14,2014-04-23,Charlotte,Miami,97.0,101.0,False,19|28|25|25,29|28|22|22,,,432.0,-563.0,-9.5,187.5,sbro,,,,
2013-14,2014-04-23,Dallas,SanAntonio,113.0,92.0,False,24|32|32|25,23|28|24|17,,,295.0,-360.0,-7.5,201.5,sbro,,,,
2013-14,2014-04-23,Portland,Houston,112.0,105.0,False,23|30|30|29,31|22|24|28,,,264.0,-324.0,-7.0,215.5,sbro,,,,
2013-14,2014-04-24,Indiana,Atlanta,85.0,98.0,False,24|14|20|27,24|15|28|31,,,-130.0,110.0,2.0,187.0,sbro,,,,
2013-14,2014-04-24,OklahomaCity,Memphis,95.0,98.0,False,18|18|25|24,24|20|27|14,,,-150.0,130.0,2.5,190.0,sbro,,,,
2013-14,2014-04-24,LAClippers,GoldenState,98.0,96.0,False,24|22|29|23,21|22|21|32,,,-150.0,130.0,3.0,212.0,sbro,,,,
2013-14,2014-04-25,Toronto,Brooklyn,98.0,102.0,False,23|22|21|32,19|30|28|25,,,189.0,-225.0,-5.0,190.5,sbro,,,,
2013-14,2014-04-25,Chicago,Washington,100.0,97.0,False,28|20|24|28,30|21|18|28,,,125.0,-145.0,-2.5,180.5,sbro,,,,
2013-14,2014-04-25,Houston,Portland,121.0,116.0,False,35|19|27|29,24|31|23|32,,,120.0,-140.0,-2.5,214.0,sbro,,,,
2013-14,2014-04-26,Indiana,Atlanta,91.0,88.0,False,29|13|24|25,22|26|17|23,,,-140.0,120.0,2.5,189.0,sbro,,,,
2013-14,2014-04-26,SanAntonio,Dallas,108.0,109.0,False,34|20|20|34,27|32|18|32,,,-175.0,150.0,3.5,200.0,sbro,,,,
2013-14,2014-04-26,Miami,Charlotte,98.0,85.0,False,23|35|28|12,27|19|19|20,,,-200.0,170.0,4.5,187.0,sbro,,,,
2013-14,2014-04-26,OklahomaCity,Memphis,92.0,89.0,False,15|27|22|16,18|17|17|28,,,-170.0,145.0,3.0,188.0,sbro,,,,
2013-14,2014-04-27,Chicago,Washington,89.0,98.0,False,18|22|22|27,28|27|27|16,,,120.0,-140.0,-2.5,183.5,sbro,,,,
2013-14,2014-04-27,LAClippers,GoldenState,97.0,118.0,False,24|24|23|26,39|27|23|29,,,-125.0,105.0,1.5,210.0,sbro,,,,
2013-14,2014-04-27,Toronto,Brooklyn,87.0,79.0,False,35|16|16|20,22|22|23|12,,,153.0,-178.0,-4.0,193.0,sbro,,,,
2013-14,2014-04-27,Houston,Portland,120.0,123.0,False,29|32|23|22,23|28|28|27,,,155.0,-180.0,-4.0,214.0,sbro,,,,
2013-14,2014-04-28,Miami,Charlotte,109.0,98.0,False,26|26|32|25,27|27|17|27,,,-375.0,305.0,7.5,187.5,sbro,,,,
2013-14,2014-04-28,Atlanta,Indiana,107.0,97.0,False,20|41|26|20,21|19|27|30,,,290.0,-355.0,-7.0,186.0,sbro,,,,
2013-14,2014-04-28,SanAntonio,Dallas,93.0,89.0,False,18|32|23|20,23|13|29|24,,,-182.0,157.0,4.5,200.0,sbro,,,,
2013-14,2014-04-29,Washington,Chicago,75.0,69.0,False,23|18|20|14,15|26|11|17,,,150.0,-175.0,-3.5,183.0,sbro,,,,
2013-14,2014-04-29,Memphis,OklahomaCity,100.0,99.0,False,30|25|21|14,25|18|27|20,,,305.0,-375.0,-7.5,185.5,sbro,,,,
2013-14,2014-04-29,GoldenState,LAClippers,103.0,113.0,False,21|29|22|31,31|24|22|36,,,265.0,-325.0,-7.0,208.5,sbro,,,,
2013-14,2014-04-30,Brooklyn,Toronto,113.0,115.0,False,25|19|25|44,28|34|29|24,,,120.0,-140.0,-2.5,189.0,sbro,,,,
2013-14,2014-04-30,Dallas,SanAntonio,103.0,109.0,False,26|23|22|32,27|31|21|30,,,265.0,-325.0,-6.5,196.5,sbro,,,,
2013-14,2014-04-30,Portland,Houston,98.0,108.0,False,27|21|29|21,30|26|26|26,,,185.0,-220.0,-4.5,214.5,sbro,,,,
2013-14,2014-05-01,Indiana,Atlanta,95.0,88.0,False,20|24|20|31,22|17|28|21,,,115.0,-135.0,-2.0,188.0,sbro,,,,
2013-14,2014-05-01,OklahomaCity,Memphis,104.0,84.0,False,25|31|26|22,17|24|20|23,,,-146.0,126.0,2.5,184.5,sbro,,,,
2013-14,2014-05-01,LAClippers,GoldenState,99.0,100.0,False,25|26|16|32,25|23|22|30,,,-108.0,-112.0,-0.0,210.5,sbro,,,,
2013-14,2014-05-02,Toronto,Brooklyn,83.0,97.0,False,19|22|18|24,34|26|19|18,,,175.0,-205.0,-4.5,192.5,sbro,,,,
2013-14,2014-05-02,SanAntonio,Dallas,111.0,113.0,False,26|26|29|30,34|24|18|37,,,-161.0,137.0,3.0,197.0,sbro,,,,
2013-14,2014-05-02,Houston,Portland,98.0,99.0,False,29|29|21|19,28|28|22|21,,,165.0,-195.0,-4.0,212.0,sbro,,,,
2013-14,2014-05-03,Atlanta,Indiana,80.0,92.0,False,23|13|27|17,24|23|24|21,,,235.0,-285.0,-6.5,184.5,sbro,,,,
2013-14,2014-05-03,Memphis,OklahomaCity,109.0,120.0,False,36|22|23|28,27|34|33|26,,,465.0,-625.0,-9.5,185.5,sbro,,,,
2013-14,2014-05-03,GoldenState,LAClippers,121.0,126.0,False,32|32|20|37,22|34|31|39,,,270.0,-330.0,-7.0,207.5,sbro,,,,
2013-14,2014-05-04,Brooklyn,Toronto,104.0,103.0,False,26|35|20|23,28|25|20|30,,,125.0,-145.0,-3.0,189.0,sbro,,,,
2013-14,2014-05-04,Dallas,SanAntonio,96.0,119.0,False,23|23|22|28,35|33|26|25,,,275.0,-335.0,-7.0,197.5,sbro,,,,
2013-14,2014-05-05,Washington,Indiana,102.0,96.0,False,28|28|13|33,15|28|19|34,,,162.0,-190.0,-4.5,183.5,sbro,,,,
2013-14,2014-05-05,LAClippers,OklahomaCity,122.0,105.0,False,39|30|35|18,25|27|26|27,,,195.0,-235.0,-5.5,213.5,sbro,,,,
2013-14,2014-05-06,Brooklyn,Miami,86.0,107.0,False,20|23|23|20,22|24|33|28,,,320.0,-400.0,-8.0,192.0,sbro,,,,
2013-14,2014-05-06,Portland,SanAntonio,92.0,116.0,False,16|23|26|27,29|36|25|26,,,262.0,-317.0,-6.5,206.5,sbro,,,,
2013-14,2014-05-07,Washington,Indiana,82.0,86.0,False,23|22|19|18,23|20|25|18,,,175.0,-205.0,-5.0,186.5,sbro,,,,
2013-14,2014-05-07,LAClippers,OklahomaCity,101.0,112.0,False,28|28|21|24,37|24|33|18,,,198.0,-238.0,-5.5,215.5,sbro,,,,
2013-14,2014-05-08,Brooklyn,Miami,82.0,94.0,False,21|25|21|15,15|30|24|25,,,260.0,-315.0,-6.5,191.5,sbro,,,,
2013-14,2014-05-08,Portland,SanAntonio,97.0,114.0,False,26|25|20|26,29|41|17|27,,,227.0,-275.0,-6.0,207.5,sbro,,,,
2013-14,2014-05-09,Indiana,Washington,85.0,63.0,False,17|17|26|25,17|16|12|18,,,179.0,-209.0,-5.0,183.5,sbro,,,,
2013-14,2014-05-09,OklahomaCity,LAClippers,118.0,112.0,False,29|32|25|32,33|30|27|22,,,155.0,-180.0,-4.0,214.0,sbro,,,,
2013-14,2014-05-10,Miami,Brooklyn,90.0,104.0,False,30|19|14|27,29|22|26|27,,,-115.0,-105.0,1.0,188.0,sbro,,,,
2013-14,2014-05-10,SanAntonio,Portland,118.0,103.0,False,28|32|23|35,18|22|29|34,,,-104.0,-115.0,-1.0,208.0,sbro,,,,
2013-14,2014-05-11,OklahomaCity,LAClippers,99.0,101.0,False,32|25|18|24,15|31|17|38,,,195.0,-235.0,-5.0,214.0,sbro,,,,
2013-14,2014-05-11,Indiana,Washington,95.0,92.0,False,27|11|33|24,26|29|17|20,,,145.0,-171.0,-3.5,180.0,sbro,,,,
2013-14,2014-05-12,Miami,Brooklyn,102.0,96.0,False,27|29|23|23,22|27|27|20,,,-135.0,115.0,2.0,186.0,sbro,,,,
2013-14,2014-05-12,SanAntonio,Portland,92.0,103.0,False,24|24|20|24,29|21|35|18,,,-180.0,155.0,4.5,210.0,sbro,,,,
2013-14,2014-05-13,Washington,Indiana,102.0,79.0,False,25|20|31|26,19|19|14|27,,,192.0,-230.0,-5.0,181.5,sbro,,,,
2013-14,2014-05-13,LAClippers,OklahomaCity,104.0,105.0,False,34|24|28|18,25|27|28|25,,,210.0,-250.0,-5.5,214.0,sbro,,,,
2013-14,2014-05-14,Brooklyn,Miami,94.0,96.0,False,22|27|26|19,23|19|24|30,,,290.0,-350.0,-7.0,189.0,sbro,,,,
2013-14,2014-05-14,Portland,SanAntonio,82.0,104.0,False,19|25|19|19,19|32|26|27,,,335.0,-425.0,-8.5,209.0,sbro,,,,
2013-14,2014-05-15,Indiana,Washington,93.0,80.0,False,29|23|19|22,23|17|23|17,,,169.0,-199.0,-4.5,181.5,sbro,,,,
2013-14,2014-05-15,OklahomaCity,LAClippers,104.0,98.0,False,16|26|30|32,30|20|22|26,,,155.0,-180.0,-4.0,213.0,sbro,,,,
2013-14,2014-05-18,Miami,Indiana,96.0,107.0,False,24|21|25|26,30|25|28|24,,,-130.0,110.0,1.5,182.0,sbro,,,,
2013-14,2014-05-19,OklahomaCity,SanAntonio,105.0,122.0,False,27|32|23|23,30|37|22|33,,,230.0,-280.0,-6.0,209.0,sbro,,,,
2013-14,2014-05-20,Miami,Indiana,87.0,83.0,False,20|21|21|25,21|16|26|20,,,-140.0,120.0,2.0,184.0,sbro,,,,
2013-14,2014-05-21,OklahomaCity,SanAntonio,77.0,112.0,False,26|18|18|15,24|34|33|21,,,195.0,-235.0,-5.0,210.0,sbro,,,,
2013-14,2014-05-24,Indiana,Miami,87.0,99.0,False,21|21|22|23,14|24|33|28,,,225.0,-270.0,-5.5,181.5,sbro,,,,
2013-14,2014-05-25,SanAntonio,OklahomaCity,97.0,106.0,False,29|24|23|21,28|29|26|23,,,125.0,-145.0,-2.5,208.0,sbro,,,,
2013-14,2014-05-26,Indiana,Miami,90.0,102.0,False,19|25|20|26,27|22|31|22,,,240.0,-290.0,-6.0,182.5,sbro,,,,
2013-14,2014-05-27,SanAntonio,OklahomaCity,92.0,105.0,False,20|23|24|25,26|32|25|22,,,115.0,-135.0,-2.0,208.0,sbro,,,,
2013-14,2014-05-28,Miami,Indiana,90.0,93.0,False,16|26|15|33,22|11|31|29,,,-102.0,-117.0,-1.0,183.0,sbro,,,,
2013-14,2014-05-29,OklahomaCity,SanAntonio,89.0,117.0,False,32|23|19|15,32|33|29|23,,,205.0,-245.0,-5.0,207.0,sbro,,,,
2013-14,2014-05-30,Indiana,Miami,92.0,117.0,False,13|21|24|34,24|36|31|26,,,340.0,-430.0,-8.0,182.0,sbro,,,,
2013-14,2014-05-31,SanAntonio,OklahomaCity,112.0,107.0,False,20|22|37|22,23|26|20|32,,,145.0,-170.0,-3.5,206.5,sbro,,,,
2013-14,2014-06-05,Miami,SanAntonio,95.0,110.0,False,20|29|29|17,26|28|20|36,,,200.0,-240.0,-5.5,198.0,sbro,,,,
2013-14,2014-06-08,Miami,SanAntonio,98.0,96.0,False,19|24|34|21,26|17|35|18,,,145.0,-170.0,-4.0,198.5,sbro,,,,
2013-14,2014-06-10,SanAntonio,Miami,111.0,92.0,False,41|30|15|25,25|25|25|17,,,170.0,-200.0,-4.0,196.5,sbro,,,,
2013-14,2014-06-12,SanAntonio,Miami,107.0,86.0,False,26|29|26|26,17|19|21|29,,,196.0,-233.0,-5.0,195.5,sbro,,,,
2013-14,2014-06-15,Miami,SanAntonio,87.0,104.0,False,29|11|18|29,22|25|30|27,,,180.0,-215.0,-5.5,197.5,sbro,,,,
