season,date,away,home,away_score,home_score,neutral,periods_away,periods_home,ml_open_away,ml_open_home,ml_close_away,ml_close_home,spread_close_home,total_close,source,espn_id,away_abbr,home_abbr,season_type,away_pitcher,home_pitcher,away_qb,home_qb,away_rest,home_rest,div_game,roof,temp,wind
2025,2025-03-18,Los Angeles Dodgers,Chicago Cubs,4.0,1.0,True,0|0|0|0|3|0|0|0|1,0|1|0|0|0|0|0|0|0,-160.0,135.0,-150.0,125.0,1.5,7.5,espn,401694907,LAD,CHC,regular,Yoshinobu Yamamoto,Shota Imanaga,,,,,,,,
2025,2025-03-19,Los Angeles Dodgers,Chicago Cubs,6.0,3.0,True,0|2|1|2|1|0|0|0|0,0|0|1|1|1|0|0|0|0,-160.0,135.0,-150.0,125.0,1.5,7.5,espn,401694908,LAD,CHC,regular,Roki Sasaki,Justin Steele,,,,,,,,
2025,2025-03-27,Milwaukee Brewers,New York Yankees,2.0,4.0,False,0|0|1|0|0|0|0|0|1,1|1|0|0|0|0|2|0,145.0,-175.0,125.0,-150.0,-1.5,7.5,espn,401694911,MIL,NYY,regular,Freddy Peralta,Carlos Rodon,,,,,,,,
2025,2025-03-27,Baltimore Orioles,Toronto Blue Jays,12.0,2.0,False,1|1|3|1|0|0|3|3|0,0|0|0|2|0|0|0|0|0,-120.0,100.0,-105.0,-115.0,1.5,8.5,espn,401694909,BAL,TOR,regular,Zach Eflin,Jose Berrios,,,,,,,,
2025,2025-03-27,Philadelphia Phillies,Washington Nationals,7.0,3.0,False,0|0|0|0|0|0|2|1|0|4,0|0|0|0|1|0|0|2|0|0,-175.0,145.0,-160.0,135.0,1.5,7.5,espn,401694912,PHI,WSH,regular,Zack Wheeler,MacKenzie Gore,,,,,,,,
2025,2025-03-27,Boston Red Sox,Texas Rangers,5.0,2.0,False,0|0|1|0|1|0|0|0|3,0|1|0|1|0|0|0|0|0,-105.0,-115.0,-125.0,105.0,1.5,8.5,espn,401694916,BOS,TEX,regular,Garrett Crochet,Nathan Eovaldi,,,,,,,,
2025,2025-03-27,Pittsburgh Pirates,Miami Marlins,4.0,5.0,False,0|0|0|0|2|2|0|0|0,0|0|1|0|0|1|0|2|1,-165.0,140.0,-150.0,125.0,1.5,6.5,espn,401694913,PIT,MIA,regular,Paul Skenes,Sandy Alcantara,,,,,,,,
2025,2025-03-27,San Francisco Giants,Cincinnati Reds,6.0,4.0,False,0|0|0|2|0|0|0|0|4,1|0|2|0|0|0|0|0|1,105.0,-125.0,-110.0,-110.0,1.5,7.5,espn,401694914,SF,CIN,regular,Logan Webb,Hunter Greene,,,,,,,,
2025,2025-03-27,Los Angeles Angels,Chicago White Sox,1.0,8.0,False,0|0|0|0|0|0|0|0|1,0|3|0|0|0|0|0|5,-150.0,125.0,-165.0,140.0,1.5,7.5,espn,401694915,LAA,CHW,regular,Yusei Kikuchi,Sean Burke,,,,,,,,
2025,2025-03-27,Cleveland Guardians,Kansas City Royals,7.0,4.0,False,0|0|0|1|1|2|0|0|0|3,0|0|3|0|0|0|0|0|1|0,115.0,-135.0,145.0,-175.0,-1.5,8.5,espn,401694917,CLE,KC,regular,Ben Lively,Cole Ragans,,,,,,,,
2025,2025-03-27,New York Mets,Houston Astros,1.0,3.0,False,0|0|0|0|0|0|0|0|1,0|1|2|0|0|0|0|0,105.0,-125.0,100.0,-120.0,1.5,7.5,espn,401694919,NYM,HOU,regular,Clay Holmes,Framber Valdez,,,,,,,,
2025,2025-03-27,Atlanta Braves,San Diego Padres,4.0,7.0,False,1|0|2|1|0|0|0|0|0,2|0|1|0|0|0|4|0,-120.0,100.0,-120.0,100.0,1.5,6.5,espn,401694920,ATL,SD,regular,Chris Sale,Michael King,,,,,,,,
2025,2025-03-27,Minnesota Twins,St. Louis Cardinals,3.0,5.0,False,0|0|0|0|2|1|0|0|0,1|2|1|0|0|0|0|1,-115.0,-105.0,-115.0,-105.0,1.5,7.5,espn,401694918,MIN,STL,regular,Pablo Lopez,Sonny Gray,,,,,,,,
2025,2025-03-27,Detroit Tigers,Los Angeles Dodgers,4.0,5.0,False,0|0|0|1|1|0|1|1|0,0|1|0|0|3|0|1|0,140.0,-165.0,145.0,-170.0,-1.5,6.5,espn,401694922,DET,LAD,regular,Tarik Skubal,Blake Snell,,,,,,,,
2025,2025-03-27,Chicago Cubs,Arizona Diamondbacks,10.0,6.0,False,0|3|0|1|3|1|0|0|2,1|1|0|1|0|2|0|0|1,145.0,-175.0,100.0,-120.0,1.5,8.5,espn,401694921,CHC,ARI,regular,Justin Steele,Zac Gallen,,,,,,,,
2025,2025-03-27,Athletics,Seattle Mariners,2.0,4.0,False,0|0|0|0|1|0|0|1|0,0|0|0|0|0|0|1|3,145.0,-175.0,140.0,-165.0,-1.5,6.5,espn,401694923,ATH,SEA,regular,Luis Severino,Logan Gilbert,,,,,,,,
2025,2025-03-28,Colorado Rockies,Tampa Bay Rays,2.0,3.0,False,0|0|1|1|0|0|0|0|0,0|0|0|0|0|0|2|0|1,185.0,-240.0,175.0,-220.0,-1.5,7.5,espn,401694910,COL,TB,regular,Kyle Freeland,Ryan Pepiot,,,,,,,,
2025,2025-03-28,Baltimore Orioles,Toronto Blue Jays,2.0,8.0,False,0|0|1|1|0|0|0|0|0,0|0|0|5|0|1|2|0,110.0,-130.0,105.0,-125.0,-1.5,8.5,espn,401694924,BAL,TOR,regular,Charlie Morton,Kevin Gausman,,,,,,,,
2025,2025-03-28,Pittsburgh Pirates,Miami Marlins,4.0,3.0,False,0|0|0|2|2|0|0|0|0,0|0|0|0|1|0|0|0|2,-135.0,115.0,-145.0,120.0,1.5,8.5,espn,401694925,PIT,MIA,regular,Mitch Keller,Connor Gillispie,,,,,,,,
2025,2025-03-28,Boston Red Sox,Texas Rangers,1.0,4.0,False,0|0|0|1|0|0|0|0|0,0|0|1|0|1|2|0|0,-120.0,100.0,-115.0,-105.0,1.5,8.5,espn,401694926,BOS,TEX,regular,Tanner Houck,Jack Leiter,,,,,,,,
2025,2025-03-28,New York Mets,Houston Astros,3.0,1.0,False,0|2|1|0|0|0|0|0|0,0|0|0|1|0|0|0|0|0,115.0,-135.0,100.0,-120.0,1.5,8.5,espn,401744558,NYM,HOU,regular,Tylor Megill,Hunter Brown,,,,,,,,
2025,2025-03-28,Atlanta Braves,San Diego Padres,3.0,4.0,False,0|0|2|0|1|0|0|0|0,1|1|1|0|0|0|0|1,-105.0,-115.0,115.0,-135.0,-1.5,7.5,espn,401694927,ATL,SD,regular,Reynaldo Lopez,Dylan Cease,,,,,,,,
2025,2025-03-28,Chicago Cubs,Arizona Diamondbacks,1.0,8.0,False,0|1|0|0|0|0|0|0|0,0|2|0|3|1|0|2|0,110.0,-130.0,125.0,-150.0,-1.5,8.5,espn,401694928,CHC,ARI,regular,Jameson Taillon,Merrill Kelly,,,,,,,,
2025,2025-03-28,Athletics,Seattle Mariners,7.0,0.0,False,0|0|0|0|2|0|3|1|1,0|0|0|0|0|0|0|0|0,140.0,-165.0,125.0,-150.0,-1.5,7.5,espn,401694930,ATH,SEA,regular,Jeffrey Springs,Luis Castillo,,,,,,,,
2025,2025-03-28,Detroit Tigers,Los Angeles Dodgers,5.0,8.0,False,0|1|1|0|0|0|0|0|1|2,0|0|0|0|0|2|0|1|0|5,165.0,-200.0,160.0,-190.0,-1.5,7.5,espn,401694929,DET,LAD,regular,Jack Flaherty,Yoshinobu Yamamoto,,,,,,,,
2025,2025-03-29,Milwaukee Brewers,New York Yankees,9.0,20.0,False,0|3|0|1|2|0|0|1|2,4|3|6|3|0|2|2|0,135.0,-160.0,140.0,-165.0,-1.5,8.5,espn,401694933,MIL,NYY,regular,Nestor Cortes,Max Fried,,,,,,,,
2025,2025-03-29,Los Angeles Angels,Chicago White Sox,1.0,0.0,False,0|0|0|0|0|0|0|1|0,0|0|0|0|0|0|0|0|0,-160.0,135.0,-160.0,135.0,1.5,8.5,espn,401694937,LAA,CHW,regular,Jose Soriano,Jonathan Cannon,,,,,,,,
2025,2025-03-29,Minnesota Twins,St. Louis Cardinals,1.0,5.0,False,0|1|0|0|0|0|0|0|0,1|0|0|0|0|3|0|1,-130.0,110.0,-110.0,-110.0,1.5,7.5,espn,401694940,MIN,STL,regular,Joe Ryan,Erick Fedde,,,,,,,,
2025,2025-03-29,Baltimore Orioles,Toronto Blue Jays,9.0,5.0,False,2|0|0|4|2|0|1|0|0,2|0|2|0|1|0|0|0|0,100.0,-120.0,105.0,-125.0,-1.5,8.5,espn,401694931,BAL,TOR,regular,Dean Kremer,Max Scherzer,,,,,,,,
2025,2025-03-29,Philadelphia Phillies,Washington Nationals,11.0,6.0,False,0|0|0|2|0|5|3|1|0,0|2|0|0|0|1|0|2|1,-150.0,125.0,-155.0,130.0,1.5,8.5,espn,401694934,PHI,WSH,regular,Jesus Luzardo,Jake Irvin,,,,,,,,
2025,2025-03-29,Colorado Rockies,Tampa Bay Rays,2.0,1.0,False,0|0|1|0|0|0|1|0|0,0|0|0|0|0|0|0|1|0,160.0,-190.0,165.0,-200.0,-1.5,8.5,espn,401694932,COL,TB,regular,Antonio Senzatela,Zack Littell,,,,,,,,
2025,2025-03-29,Pittsburgh Pirates,Miami Marlins,4.0,5.0,False,1|0|0|0|0|1|1|0|0|0|1|0,0|0|0|0|1|1|1|0|0|0|1|1,-135.0,115.0,-120.0,100.0,1.5,8.5,espn,401694935,PIT,MIA,regular,Bailey Falter,Valente Bellozo,,,,,,,,
2025,2025-03-29,San Francisco Giants,Cincinnati Reds,2.0,3.0,False,0|1|1|0|0|0|0|0|0,0|0|1|0|1|1|0|0,100.0,-120.0,100.0,-120.0,1.5,8.5,espn,401694936,SF,CIN,regular,Justin Verlander,Nick Lodolo,,,,,,,,
2025,2025-03-29,Cleveland Guardians,Kansas City Royals,3.0,4.0,False,0|1|1|0|1|0|0|0|0,0|0|0|1|0|1|2|0,110.0,-130.0,100.0,-120.0,1.5,8.5,espn,401694939,CLE,KC,regular,Gavin Williams,Seth Lugo,,,,,,,,
2025,2025-03-29,Boston Red Sox,Texas Rangers,3.0,4.0,False,0|1|0|1|0|0|0|1|0,2|0|0|1|1|0|0|0,115.0,-135.0,-115.0,-105.0,1.5,8.5,espn,401694938,BOS,TEX,regular,Walker Buehler,Tyler Mahle,,,,,,,,
2025,2025-03-29,New York Mets,Houston Astros,1.0,2.0,False,0|0|0|0|0|1|0|0|0,0|0|0|0|1|1|0|0,105.0,-125.0,100.0,-120.0,-1.5,8.5,espn,401694941,NYM,HOU,regular,Griffin Canning,Spencer Arrighetti,,,,,,,,
2025,2025-03-29,Atlanta Braves,San Diego Padres,0.0,1.0,False,0|0|0|0|0|0|0|0|0,0|0|0|0|0|0|1|0,-150.0,125.0,-155.0,130.0,1.5,8.5,espn,401694942,ATL,SD,regular,Spencer Schwellenbach,Randy Vasquez,,,,,,,,
2025,2025-03-29,Chicago Cubs,Arizona Diamondbacks,4.0,3.0,False,0|0|0|1|2|0|1|0|0,0|1|0|0|0|0|0|0|2,105.0,-125.0,105.0,-125.0,-1.5,8.5,espn,401694943,CHC,ARI,regular,Shota Imanaga,Brandon Pfaadt,,,,,,,,
2025,2025-03-29,Detroit Tigers,Los Angeles Dodgers,3.0,7.0,False,2|0|0|0|0|0|1|0|0,1|1|0|0|2|1|2|0,155.0,-185.0,165.0,-200.0,-1.5,7.5,espn,401694944,DET,LAD,regular,Reese Olson,Roki Sasaki,,,,,,,,
2025,2025-03-29,Athletics,Seattle Mariners,4.0,2.0,False,0|0|0|2|0|1|1|0|0,0|1|0|0|0|1|0|0|0,135.0,-160.0,135.0,-160.0,-1.5,7.5,espn,401694945,ATH,SEA,regular,Osvaldo Bido,Bryce Miller,,,,,,,,
2025,2025-03-30,Milwaukee Brewers,New York Yankees,3.0,12.0,False,1|0|0|2|0|0|0|0|0,2|1|2|0|0|2|5|0,120.0,-145.0,125.0,-150.0,-1.5,8.5,espn,401694948,MIL,NYY,regular,Aaron Civale,Marcus Stroman,,,,,,,,
2025,2025-03-30,Philadelphia Phillies,Washington Nationals,1.0,5.0,False,0|0|0|0|0|0|0|0|1,0|0|0|3|0|2|0|0,-160.0,135.0,-135.0,115.0,1.5,8.5,espn,401694949,PHI,WSH,regular,Aaron Nola,Mitchell Parker,,,,,,,,
2025,2025-03-30,Baltimore Orioles,Toronto Blue Jays,1.0,3.0,False,1|0|0|0|0|0|0|0|0,2|0|0|0|0|0|1|0,105.0,-125.0,115.0,-135.0,-1.5,8.5,espn,401694946,BAL,TOR,regular,Tomoyuki Sugano,Chris Bassitt,,,,,,,,
2025,2025-03-30,Colorado Rockies,Tampa Bay Rays,4.0,6.0,False,0|0|0|0|1|1|2|0|0,2|0|0|0|0|4|0|0,165.0,-200.0,160.0,-190.0,-1.5,7.5,espn,401694947,COL,TB,regular,Ryan Feltner,Taj Bradley,,,,,,,,
2025,2025-03-30,Pittsburgh Pirates,Miami Marlins,2.0,3.0,False,0|1|0|0|1|0|0|0|0,0|1|0|0|0|0|1|0|1,-125.0,105.0,100.0,-120.0,1.5,7.5,espn,401694950,PIT,MIA,regular,Andrew Heaney,Max Meyer,,,,,,,,
2025,2025-03-30,San Francisco Giants,Cincinnati Reds,6.0,3.0,False,0|0|0|0|1|3|0|2|0,0|0|0|0|0|3|0|0|0,-130.0,110.0,-130.0,110.0,1.5,8.5,espn,401694951,SF,CIN,regular,Robbie Ray,Nick Martinez,,,,,,,,
2025,2025-03-30,Los Angeles Angels,Chicago White Sox,3.0,2.0,False,2|0|0|0|0|0|0|1|0,2|0|0|0|0|0|0|0|0,-130.0,110.0,-125.0,105.0,1.5,8.5,espn,401694952,LAA,CHW,regular,Jack Kochanowicz,Davis Martin,,,,,,,,
2025,2025-03-30,Cleveland Guardians,Kansas City Royals,6.0,2.0,False,0|1|0|0|2|2|0|1|0,0|0|0|0|0|0|0|2|0,-110.0,-110.0,-105.0,-115.0,1.5,7.5,espn,401694954,CLE,KC,regular,Tanner Bibee,Michael Wacha,,,,,,,,
2025,2025-03-30,Minnesota Twins,St. Louis Cardinals,2.0,9.0,False,1|0|0|1|0|0|0|0|0,0|3|5|0|0|0|1|0,-130.0,110.0,-110.0,-110.0,1.5,8.5,espn,401694955,MIN,STL,regular,Bailey Ober,Andre Pallante,,,,,,,,
2025,2025-03-30,Boston Red Sox,Texas Rangers,2.0,3.0,False,0|0|0|0|0|2|0|0|0,0|1|0|0|0|2|0|0,165.0,-200.0,130.0,-155.0,-1.5,7.5,espn,401694953,BOS,TEX,regular,Richard Fitts,Jacob deGrom,,,,,,,,
2025,2025-03-30,Chicago Cubs,Arizona Diamondbacks,6.0,10.0,False,0|1|0|0|0|2|0|3|0,0|0|0|0|0|1|1|8,110.0,-130.0,-105.0,-115.0,1.5,8.5,espn,401694958,CHC,ARI,regular,Matthew Boyd,Eduardo Rodriguez,,,,,,,,
2025,2025-03-30,Athletics,Seattle Mariners,1.0,2.0,False,0|0|0|1|0|0|0|0|0,0|0|0|0|0|2|0|0,140.0,-165.0,150.0,-180.0,-1.5,7.5,espn,401694959,ATH,SEA,regular,JP Sears,Bryan Woo,,,,,,,,
2025,2025-03-30,Atlanta Braves,San Diego Padres,0.0,5.0,False,0|0|0|0|0|0|0|0|0,1|0|1|0|0|0|1|2,120.0,-145.0,110.0,-130.0,-1.5,7.5,espn,401694957,ATL,SD,regular,AJ Smith-Shawver,Nick Pivetta,,,,,,,,
2025,2025-03-31,Kansas City Royals,Milwaukee Brewers,11.0,1.0,False,3|1|0|0|0|0|6|0|1,0|0|0|0|0|0|1|0|0,-105.0,-115.0,100.0,-120.0,1.5,8.5,espn,401694967,KC,MIL,regular,Kris Bubic,Elvin Rodriguez,,,,,,,,
2025,2025-03-31,Minnesota Twins,Chicago White Sox,0.0,9.0,False,0|0|0|0|0|0|0|0|0,3|4|2|0|0|0|0|0,-165.0,140.0,-190.0,160.0,1.5,7.5,espn,401694968,MIN,CHW,regular,Chris Paddack,Martin Perez,,,,,,,,
2025,2025-03-31,Boston Red Sox,Baltimore Orioles,5.0,8.0,False,0|2|1|0|0|0|0|0|2,4|0|0|0|0|0|0|4,125.0,-150.0,120.0,-145.0,-1.5,9.5,espn,401694960,BOS,BAL,regular,Sean Newcomb,Cade Povich,,,,,,,,
2025,2025-03-31,Colorado Rockies,Philadelphia Phillies,1.0,6.0,False,0|0|0|0|0|1|0|0|0,0|0|0|0|0|0|4|2,200.0,-260.0,240.0,-310.0,-1.5,8.5,espn,401694961,COL,PHI,regular,German Marquez,Cristopher Sanchez,,,,,,,,
2025,2025-03-31,New York Mets,Miami Marlins,10.0,4.0,False,0|0|1|0|7|2|0|0|0,1|0|0|0|0|1|0|0|2,-165.0,140.0,-190.0,160.0,1.5,8.5,espn,401694962,NYM,MIA,regular,David Peterson,Cal Quantrill,,,,,,,,
2025,2025-03-31,Texas Rangers,Cincinnati Reds,3.0,14.0,False,0|0|0|0|0|0|0|1|2,3|3|0|0|0|6|2|0,-115.0,-105.0,-125.0,105.0,1.5,8.5,espn,401694964,TEX,CIN,regular,Kumar Rocker,Brady Singer,,,,,,,,
2025,2025-03-31,Pittsburgh Pirates,Tampa Bay Rays,1.0,6.0,False,0|0|0|0|0|0|0|1|0,0|0|0|4|0|1|0|1,140.0,-165.0,155.0,-185.0,-1.5,8.5,espn,401694963,PIT,TB,regular,Carmen Mlodzinski,Drew Rasmussen,,,,,,,,
2025,2025-03-31,Washington Nationals,Toronto Blue Jays,2.0,5.0,False,0|0|0|0|0|2|0|0|0,0|1|1|2|0|0|0|1,140.0,-165.0,150.0,-180.0,-1.5,8.5,espn,401694965,WSH,TOR,regular,Michael Soroka,Bowden Francis,,,,,,,,
2025,2025-03-31,Los Angeles Angels,St. Louis Cardinals,5.0,4.0,False,0|0|1|0|0|1|1|0|0|2,1|1|0|0|1|0|0|0|0|1,115.0,-135.0,140.0,-165.0,-1.5,7.5,espn,401694966,LAA,STL,regular,Tyler Anderson,Miles Mikolas,,,,,,,,
2025,2025-03-31,San Francisco Giants,Houston Astros,7.0,2.0,False,0|1|0|0|1|3|0|0|2,0|0|0|0|0|0|0|2|0,100.0,-120.0,110.0,-130.0,-1.5,7.5,espn,401694969,SF,HOU,regular,Jordan Hicks,Ronel Blanco,,,,,,,,
2025,2025-03-31,Cleveland Guardians,San Diego Padres,2.0,7.0,False,1|0|1|0|0|0|0|0|0,0|4|0|0|3|0|0|0,115.0,-135.0,110.0,-130.0,-1.5,7.5,espn,401694972,CLE,SD,regular,Luis Ortiz,Kyle Hart,,,,,,,,
2025,2025-03-31,Detroit Tigers,Seattle Mariners,9.0,6.0,False,6|0|1|1|0|0|1|0|0,0|1|1|1|1|0|0|0|2,100.0,-120.0,-105.0,-115.0,1.5,7.5,espn,401694973,DET,SEA,regular,Jackson Jobe,Emerson Hancock,,,,,,,,
2025,2025-03-31,Chicago Cubs,Athletics,18.0,3.0,False,4|0|0|1|5|6|0|1|1,0|0|1|2|0|0|0|0|0,-125.0,105.0,-150.0,125.0,1.5,8.5,espn,401764519,CHC,ATH,regular,Ben Brown,Joey Estes,,,,,,,,
2025,2025-03-31,Atlanta Braves,Los Angeles Dodgers,1.0,6.0,False,0|0|0|0|0|0|0|1|0,2|0|2|0|1|1|0|0,160.0,-190.0,175.0,-220.0,-1.5,7.5,espn,401694970,ATL,LAD,regular,Grant Holmes,Tyler Glasnow,,,,,,,,
2025,2025-04-01,New York Mets,Miami Marlins,2.0,4.0,False,0|1|1|0|0|0|0|0|0,2|0|0|2|0|0|0|0,-150.0,125.0,-160.0,135.0,1.5,7.5,espn,401694975,NYM,MIA,regular,Kodai Senga,Sandy Alcantara,,,,,,,,
2025,2025-04-01,Texas Rangers,Cincinnati Reds,1.0,0.0,False,1|0|0|0|0|0|0|0|0,0|0|0|0|0|0|0|0|0,-150.0,125.0,-155.0,130.0,1.5,8.5,espn,401694977,TEX,CIN,regular,Nathan Eovaldi,Carson Spiers,,,,,,,,
2025,2025-04-01,Arizona Diamondbacks,New York Yankees,7.0,5.0,False,0|0|2|0|0|0|0|5|0,0|0|1|3|0|0|0|0|1,-115.0,-105.0,-125.0,105.0,1.5,8.5,espn,401694974,ARI,NYY,regular,Corbin Burnes,Will Warren,,,,,,,,
2025,2025-04-01,Pittsburgh Pirates,Tampa Bay Rays,0.0,7.0,False,0|0|0|0|0|0|0|0|0,3|0|1|2|0|0|0|1,135.0,-160.0,145.0,-175.0,-1.5,8.5,espn,401694976,PIT,TB,regular,Thomas Harrington,Shane Baz,,,,,,,,
2025,2025-04-01,Washington Nationals,Toronto Blue Jays,3.0,5.0,False,0|0|0|0|0|2|1|0|0,0|3|0|0|0|0|0|2,130.0,-155.0,140.0,-165.0,-1.5,8.5,espn,401694978,WSH,TOR,regular,Trevor Williams,Jose Berrios,,,,,,,,
2025,2025-04-01,Kansas City Royals,Milwaukee Brewers,0.0,5.0,False,0|0|0|0|0|0|0|0|0,0|0|2|0|0|2|0|1,105.0,-125.0,105.0,-125.0,1.5,8.5,espn,401694980,KC,MIL,regular,Michael Lorenzen,Chad Patrick,,,,,,,,
2025,2025-04-01,Minnesota Twins,Chicago White Sox,8.0,3.0,False,0|0|0|0|0|5|0|0|3,0|1|0|1|1|0|0|0|0,-185.0,155.0,-165.0,140.0,1.5,7.5,espn,401694981,MIN,CHW,regular,Simeon Woods Richardson,Shane Smith,,,,,,,,
2025,2025-04-01,Los Angeles Angels,St. Louis Cardinals,9.0,7.0,False,0|0|3|0|0|0|0|0|0|3|3,0|1|0|1|0|0|0|1|0|3|1,125.0,-150.0,120.0,-145.0,-1.5,8.5,espn,401694979,LAA,STL,regular,Kyle Hendricks,Matthew Liberatore,,,,,,,,
2025,2025-04-01,San Francisco Giants,Houston Astros,3.0,1.0,False,0|0|2|1|0|0|0|0|0,0|0|0|1|0|0|0|0|0,-120.0,100.0,-135.0,115.0,1.5,8.5,espn,401694982,SF,HOU,regular,Logan Webb,Hayden Wesneski,,,,,,,,
2025,2025-04-01,Cleveland Guardians,San Diego Padres,0.0,7.0,False,0|0|0|0|0|0|0|0|0,0|0|0|1|2|1|2|1,140.0,-165.0,140.0,-165.0,-1.5,7.5,espn,401694985,CLE,SD,regular,Logan Allen,Michael King,,,,,,,,
2025,2025-04-01,Detroit Tigers,Seattle Mariners,4.0,1.0,False,2|0|1|0|0|0|0|1|0,0|0|0|0|0|0|1|0|0,140.0,-165.0,135.0,-160.0,-1.5,6.5,espn,401694986,DET,SEA,regular,Casey Mize,Logan Gilbert,,,,,,,,
2025,2025-04-01,Chicago Cubs,Athletics,7.0,4.0,False,3|0|2|1|0|0|1|0|0,2|0|2|0|0|0|0|0|0,-120.0,100.0,-130.0,110.0,1.5,7.5,espn,401764520,CHC,ATH,regular,Justin Steele,Luis Severino,,,,,,,,
2025,2025-04-01,Atlanta Braves,Los Angeles Dodgers,1.0,3.0,False,0|1|0|0|0|0|0|0|0,0|0|0|0|0|3|0|0,110.0,-130.0,105.0,-125.0,-1.5,7.5,espn,401694983,ATL,LAD,regular,Chris Sale,Dustin May,,,,,,,,
2025,2025-04-02,Texas Rangers,Cincinnati Reds,1.0,0.0,False,0|0|0|1|0|0|0|0|0,0|0|0|0|0|0|0|0|0,115.0,-135.0,120.0,-145.0,-1.5,8.5,espn,401694992,TEX,CIN,regular,Jack Leiter,Hunter Greene,,,,,,,,
2025,2025-04-02,Pittsburgh Pirates,Tampa Bay Rays,4.0,2.0,False,0|1|0|0|1|0|0|1|1,0|0|0|0|0|1|0|1|0,-120.0,100.0,-115.0,-105.0,1.5,6.5,espn,401694991,PIT,TB,regular,Paul Skenes,Ryan Pepiot,,,,,,,,
2025,2025-04-02,Kansas City Royals,Milwaukee Brewers,2.0,3.0,False,0|1|0|0|0|0|0|0|0|1|0,1|0|0|0|0|0|0|0|0|1|1,-110.0,-110.0,-105.0,-115.0,1.5,7.5,espn,401694995,KC,MIL,regular,Cole Ragans,Freddy Peralta,,,,,,,,
2025,2025-04-02,Los Angeles Angels,St. Louis Cardinals,5.0,12.0,False,1|0|0|0|0|0|4|0|0,0|0|0|1|0|2|2|7,125.0,-150.0,115.0,-135.0,-1.5,8.5,espn,401694994,LAA,STL,regular,Yusei Kikuchi,Sonny Gray,,,,,,,,
2025,2025-04-02,Minnesota Twins,Chicago White Sox,6.0,1.0,False,1|0|0|3|2|0|0|0|0,0|0|0|0|0|0|1|0|0,-185.0,155.0,-190.0,160.0,1.5,7.5,espn,401694996,MIN,CHW,regular,Pablo Lopez,Sean Burke,,,,,,,,
2025,2025-04-02,Washington Nationals,Toronto Blue Jays,2.0,4.0,False,0|0|0|0|0|1|0|0|1,1|0|0|1|1|1|0|0,-120.0,100.0,-110.0,-110.0,1.5,8.5,espn,401694993,WSH,TOR,regular,MacKenzie Gore,Easton Lucas,,,,,,,,
2025,2025-04-02,Chicago Cubs,Athletics,10.0,2.0,False,0|4|1|3|0|0|2|0|0,0|0|2|0|0|0|0|0|0,100.0,-120.0,100.0,-120.0,1.5,8.5,espn,401764521,CHC,ATH,regular,Jameson Taillon,Jeffrey Springs,,,,,,,,
2025,2025-04-02,San Francisco Giants,Houston Astros,6.0,3.0,False,2|3|0|0|0|0|0|1|0,0|1|0|0|2|0|0|0|0,145.0,-175.0,145.0,-175.0,-1.5,7.5,espn,401694997,SF,HOU,regular,Landen Roupp,Framber Valdez,,,,,,,,
2025,2025-04-02,Cleveland Guardians,San Diego Padres,2.0,5.0,False,0|0|0|0|0|0|1|1|0,0|0|4|0|0|0|1|0,155.0,-185.0,145.0,-175.0,-1.5,7.5,espn,401695000,CLE,SD,regular,Ben Lively,Dylan Cease,,,,,,,,
2025,2025-04-02,Detroit Tigers,Seattle Mariners,2.0,3.0,False,0|0|0|0|2|0|0|0|0,0|2|0|1|0|0|0|0,100.0,-120.0,-130.0,110.0,1.5,6.5,espn,401695001,DET,SEA,regular,Tarik Skubal,Luis Castillo,,,,,,,,
2025,2025-04-02,New York Mets,Miami Marlins,6.0,5.0,False,1|0|0|0|0|0|0|3|0|0|2,0|0|2|0|0|0|2|0|0|0|1,-210.0,170.0,-230.0,180.0,1.5,8.5,espn,401694990,NYM,MIA,regular,Clay Holmes,Connor Gillispie,,,,,,,,
2025,2025-04-02,Boston Red Sox,Baltimore Orioles,3.0,0.0,False,0|1|0|0|2|0|0|0|0,0|0|0|0|0|0|0|0|0,-110.0,-110.0,-125.0,105.0,1.5,7.5,espn,401694988,BOS,BAL,regular,Garrett Crochet,Zach Eflin,,,,,,,,
2025,2025-04-02,Colorado Rockies,Philadelphia Phillies,1.0,5.0,False,0|0|0|0|0|0|1|0|0,0|0|0|2|0|0|1|2,260.0,-360.0,260.0,-330.0,-1.5,7.5,espn,401694989,COL,PHI,regular,Kyle Freeland,Zack Wheeler,,,,,,,,
2025,2025-04-02,Arizona Diamondbacks,New York Yankees,4.0,3.0,False,2|2|0|0|0|0|0|0|0,0|0|0|0|0|0|0|0|3,110.0,-130.0,125.0,-150.0,-1.5,7.5,espn,401694987,ARI,NYY,regular,Zac Gallen,Carlos Rodon,,,,,,,,
2025,2025-04-02,Atlanta Braves,Los Angeles Dodgers,5.0,6.0,False,2|3|0|0|0|0|0|0|0,0|2|0|1|0|0|0|2|1,180.0,-230.0,190.0,-240.0,-1.5,8.5,espn,401694998,ATL,LAD,regular,Bryce Elder,Blake Snell,,,,,,,,
2025,2025-04-03,Boston Red Sox,Baltimore Orioles,8.0,4.0,False,2|2|0|1|0|0|2|0|1,1|0|1|1|0|0|0|0|1,-110.0,-110.0,110.0,-130.0,-1.5,9.5,espn,401695003,BOS,BAL,regular,Tanner Houck,Charlie Morton,,,,,,,,
2025,2025-04-03,Colorado Rockies,Philadelphia Phillies,1.0,3.0,False,0|0|0|0|0|0|0|0|1,0|0|0|0|1|0|1|1,165.0,-200.0,200.0,-240.0,-1.5,9.5,espn,401695004,COL,PHI,regular,Antonio Senzatela,Taijuan Walker,,,,,,,,
2025,2025-04-03,Houston Astros,Minnesota Twins,5.0,2.0,False,0|2|0|2|0|1|0|0|0,2|0|0|0|0|0|0|0|0,105.0,-125.0,110.0,-130.0,-1.5,7.5,espn,401695006,HOU,MIN,regular,Hunter Brown,Joe Ryan,,,,,,,,
2025,2025-04-03,Arizona Diamondbacks,New York Yankees,7.0,9.0,False,0|1|0|2|0|0|4|0|0,4|0|2|3|0|0|0|0,-110.0,-110.0,115.0,-135.0,-1.5,9.5,espn,401695002,ARI,NYY,regular,Merrill Kelly,Carlos Carrasco,,,,,,,,
2025,2025-04-03,Cincinnati Reds,Milwaukee Brewers,0.0,1.0,False,0|0|0|0|0|0|0|0|0,0|0|0|1|0|0|0|0,100.0,-120.0,100.0,-120.0,1.5,8.5,espn,401695005,CIN,MIL,regular,Nick Lodolo,Nestor Cortes,,,,,,,,
2025,2025-04-04,Chicago White Sox,Detroit Tigers,4.0,7.0,False,0|1|0|0|0|0|0|0|3,1|0|2|2|1|1|0|0,175.0,-210.0,195.0,-235.0,-1.5,7.5,espn,401695009,CHW,DET,regular,Jonathan Cannon,Jack Flaherty,,,,,,,,
2025,2025-04-04,St. Louis Cardinals,Boston Red Sox,9.0,13.0,False,0|0|1|3|1|0|1|0|3,5|0|1|0|2|0|3|2,120.0,-145.0,100.0,-120.0,1.5,9.5,espn,401695013,STL,BOS,regular,Erick Fedde,Walker Buehler,,,,,,,,
2025,2025-04-04,San Diego Padres,Chicago Cubs,1.0,3.0,False,0|0|1|0|0|0|0|0|0,1|0|0|0|2|0|0|0,125.0,-150.0,150.0,-180.0,-1.5,6.5,espn,401695016,SD,CHC,regular,Randy Vasquez,Shota Imanaga,,,,,,,,
2025,2025-04-04,Toronto Blue Jays,New York Mets,0.0,5.0,False,0|0|0|0|0|0|0|0|0,2|0|0|0|0|3|0|0,110.0,-130.0,110.0,-130.0,-1.5,7.5,espn,401695007,TOR,NYM,regular,Kevin Gausman,Tylor Megill,,,,,,,,
2025,2025-04-04,Athletics,Colorado Rockies,6.0,3.0,False,1|0|0|1|0|1|0|0|0|0|3,1|0|0|1|0|0|0|1|0|0|0,-110.0,-110.0,-115.0,-105.0,1.5,8.5,espn,401695018,ATH,COL,regular,Osvaldo Bido,Ryan Feltner,,,,,,,,
2025,2025-04-04,New York Yankees,Pittsburgh Pirates,9.0,4.0,False,0|2|2|3|0|0|2|0|0,0|0|1|0|0|0|3|0|0,-155.0,130.0,-180.0,150.0,1.5,7.5,espn,401695012,NYY,PIT,regular,Max Fried,Mitch Keller,,,,,,,,
2025,2025-04-04,Seattle Mariners,San Francisco Giants,9.0,10.0,False,1|0|2|0|2|3|0|0|0|0|1,1|2|0|2|1|2|0|0|0|0|2,-110.0,-110.0,135.0,-160.0,-1.5,7.5,espn,401695020,SEA,SF,regular,Luis F. Castillo,Justin Verlander,,,,,,,,
2025,2025-04-04,Arizona Diamondbacks,Washington Nationals,6.0,4.0,False,1|0|1|0|2|0|2|0|0,3|0|0|0|0|1|0|0|0,-135.0,115.0,-160.0,135.0,1.5,8.5,espn,401695008,ARI,WSH,regular,Brandon Pfaadt,Jake Irvin,,,,,,,,
2025,2025-04-04,Los Angeles Dodgers,Philadelphia Phillies,2.0,3.0,False,0|0|0|0|0|0|0|0|2,1|0|0|0|0|0|2|0,-135.0,115.0,-135.0,115.0,1.5,7.5,espn,401695010,LAD,PHI,regular,Yoshinobu Yamamoto,Jesus Luzardo,,,,,,,,
2025,2025-04-04,Miami Marlins,Atlanta Braves,0.0,10.0,False,0|0|0|0|0|0|0|0|0,0|0|3|0|0|0|2|5,185.0,-225.0,200.0,-240.0,-1.5,7.5,espn,401695011,MIA,ATL,regular,Max Meyer,Spencer Schwellenbach,,,,,,,,
2025,2025-04-04,Baltimore Orioles,Kansas City Royals,2.0,8.0,False,0|2|0|0|0|0|0|0|0,1|0|0|2|0|0|0|5,110.0,-130.0,-110.0,-110.0,1.5,7.5,espn,401695014,BAL,KC,regular,Dean Kremer,Seth Lugo,,,,,,,,
2025,2025-04-04,Tampa Bay Rays,Texas Rangers,2.0,5.0,False,0|0|0|0|0|0|2|0|0,0|0|4|0|0|0|1|0,110.0,-130.0,110.0,-130.0,-1.5,8.5,espn,401695017,TB,TEX,regular,Zack Littell,Tyler Mahle,,,,,,,,
2025,2025-04-04,Cincinnati Reds,Milwaukee Brewers,2.0,3.0,False,0|0|0|0|0|0|0|2|0,0|1|0|0|2|0|0|0,100.0,-120.0,110.0,-130.0,-1.5,8.5,espn,401695015,CIN,MIL,regular,Nick Martinez,Tyler Alexander,,,,,,,,
2025,2025-04-04,Cleveland Guardians,Los Angeles Angels,8.0,6.0,False,1|1|0|0|2|2|1|0|1,1|0|3|0|0|0|0|0|2,-125.0,105.0,-110.0,-110.0,1.5,7.5,espn,401695019,CLE,LAA,regular,Gavin Williams,Jose Soriano,,,,,,,,
2025,2025-04-05,Chicago White Sox,Detroit Tigers,2.0,7.0,False,1|0|0|0|1|0|0|0|0,2|2|3|0|0|0|0|0,175.0,-210.0,200.0,-240.0,-1.5,7.5,espn,401695022,CHW,DET,regular,Davis Martin,Reese Olson,,,,,,,,
2025,2025-04-05,Houston Astros,Minnesota Twins,1.0,6.0,False,1|0|0|0|0|0|0|0|0,0|0|0|6|0|0|0|0,100.0,-120.0,105.0,-125.0,-1.5,7.5,espn,401695030,HOU,MIN,regular,Spencer Arrighetti,Bailey Ober,,,,,,,,
2025,2025-04-05,San Diego Padres,Chicago Cubs,1.0,7.0,False,0|0|0|0|0|0|1|0|0,0|2|1|1|0|3|0|0,-105.0,-115.0,-105.0,-115.0,-1.5,6.5,espn,401695031,SD,CHC,regular,Nick Pivetta,Matthew Boyd,,,,,,,,
2025,2025-04-05,Arizona Diamondbacks,Washington Nationals,3.0,4.0,False,0|0|0|0|0|1|1|0|1,3|0|0|1|0|0|0|0,-130.0,110.0,-135.0,115.0,1.5,9.5,espn,401695021,ARI,WSH,regular,Eduardo Rodriguez,Mitchell Parker,,,,,,,,
2025,2025-04-05,Los Angeles Dodgers,Philadelphia Phillies,3.0,1.0,False,0|2|0|0|0|1|0|0|0,1|0|0|0|0|0|0|0|0,110.0,-130.0,-110.0,-110.0,1.5,8.5,espn,401695023,LAD,PHI,regular,Roki Sasaki,Aaron Nola,,,,,,,,
2025,2025-04-05,New York Yankees,Pittsburgh Pirates,10.0,4.0,False,0|1|1|0|6|0|0|1|1,0|0|0|4|0|0|0|0|0,-145.0,120.0,-165.0,140.0,1.5,9.5,espn,401695025,NYY,PIT,regular,Marcus Stroman,Bailey Falter,,,,,,,,
2025,2025-04-05,Baltimore Orioles,Kansas City Royals,8.0,1.0,False,0|2|0|0|0|4|2|0|0,0|0|0|0|0|1|0|0|0,110.0,-130.0,-105.0,-115.0,1.5,7.5,espn,401695028,BAL,KC,regular,Tomoyuki Sugano,Michael Wacha,,,,,,,,
2025,2025-04-05,Tampa Bay Rays,Texas Rangers,4.0,6.0,False,0|0|1|0|0|3|0|0|0,4|0|0|0|0|0|2|0,150.0,-180.0,150.0,-180.0,-1.5,7.5,espn,401695032,TB,TEX,regular,Taj Bradley,Jacob deGrom,,,,,,,,
2025,2025-04-05,Toronto Blue Jays,New York Mets,2.0,3.0,False,0|0|0|0|1|1|0|0|0,0|0|0|0|0|0|0|2|1,105.0,-125.0,120.0,-145.0,-1.5,7.5,espn,401695027,TOR,NYM,regular,Chris Bassitt,Griffin Canning,,,,,,,,
2025,2025-04-05,Cincinnati Reds,Milwaukee Brewers,11.0,7.0,False,1|3|0|3|0|0|3|0|1,0|0|0|1|4|0|2|0|0,-125.0,105.0,100.0,-120.0,1.5,8.5,espn,401695029,CIN,MIL,regular,Brady Singer,Elvin Rodriguez,,,,,,,,
2025,2025-04-05,Miami Marlins,Atlanta Braves,4.0,0.0,False,2|0|0|1|0|0|1|0|0,0|0|0|0|0|0|0|0|0,185.0,-225.0,215.0,-265.0,-1.5,8.5,espn,401695024,MIA,ATL,regular,Cal Quantrill,AJ Smith-Shawver,,,,,,,,
2025,2025-04-05,Athletics,Colorado Rockies,7.0,4.0,False,0|0|0|1|0|3|3|0|0,0|2|1|0|0|0|0|1|0,-120.0,100.0,-110.0,-110.0,1.5,9.5,espn,401695033,ATH,COL,regular,JP Sears,German Marquez,,,,,,,,
2025,2025-04-05,Seattle Mariners,San Francisco Giants,1.0,4.0,False,0|0|0|0|1|0|0|0|0,0|0|0|2|0|2|0|0,100.0,-120.0,100.0,-120.0,-1.5,7.5,espn,401695035,SEA,SF,regular,Bryce Miller,Robbie Ray,,,,,,,,
2025,2025-04-05,Cleveland Guardians,Los Angeles Angels,4.0,10.0,False,1|0|2|0|0|0|0|1|0,3|0|0|0|7|0|0|0,-150.0,125.0,-155.0,130.0,1.5,8.5,espn,401695034,CLE,LAA,regular,Tanner Bibee,Jack Kochanowicz,,,,,,,,
2025,2025-04-06,Arizona Diamondbacks,Washington Nationals,4.0,5.0,False,1|1|0|0|1|0|0|1|0,2|1|1|0|0|1|0|0,-180.0,150.0,-180.0,150.0,1.5,7.5,espn,401695036,ARI,WSH,regular,Corbin Burnes,Trevor Williams,,,,,,,,
2025,2025-04-06,Los Angeles Dodgers,Philadelphia Phillies,7.0,8.0,False,2|0|0|1|1|0|3|0|0,0|0|6|0|0|0|2|0,-125.0,105.0,-125.0,105.0,1.5,7.5,espn,401695038,LAD,PHI,regular,Tyler Glasnow,Cristopher Sanchez,,,,,,,,
2025,2025-04-06,New York Yankees,Pittsburgh Pirates,4.0,5.0,False,1|0|0|0|0|0|0|0|3|0|0,0|0|2|2|0|0|0|0|0|0|1,-130.0,110.0,-165.0,140.0,1.5,8.5,espn,401695040,NYY,PIT,regular,Will Warren,Andrew Heaney,,,,,,,,
2025,2025-04-06,St. Louis Cardinals,Boston Red Sox,4.0,5.0,False,0|0|0|1|0|1|0|2|0|0,0|0|0|1|1|0|0|0|2|1,115.0,-135.0,100.0,-120.0,1.5,8.5,espn,401766602,STL,BOS,regular,Andre Pallante,Sean Newcomb,,,,,,,,
2025,2025-04-06,Chicago White Sox,Detroit Tigers,3.0,4.0,False,2|0|0|1|0|0|0|0|0,0|1|0|0|0|0|0|0|3,125.0,-150.0,155.0,-185.0,-1.5,7.5,espn,401695037,CHW,DET,regular,Martin Perez,Jackson Jobe,,,,,,,,
2025,2025-04-06,Toronto Blue Jays,New York Mets,1.0,2.0,False,0|0|0|0|1|0|0|0|0,0|0|2|0|0|0|0|0,120.0,-145.0,125.0,-150.0,-1.5,7.5,espn,401695042,TOR,NYM,regular,Bowden Francis,David Peterson,,,,,,,,
2025,2025-04-06,Baltimore Orioles,Kansas City Royals,1.0,4.0,False,0|0|0|0|0|0|1|0|0,3|1|0|0|0|0|0|0,-110.0,-110.0,-110.0,-110.0,1.5,7.5,espn,401695043,BAL,KC,regular,Cade Povich,Kris Bubic,,,,,,,,
2025,2025-04-06,Cincinnati Reds,Milwaukee Brewers,2.0,8.0,False,0|0|0|0|1|0|0|1|0,0|0|2|5|0|0|1|0,115.0,-135.0,115.0,-135.0,-1.5,8.5,espn,401695044,CIN,MIL,regular,Carson Spiers,Chad Patrick,,,,,,,,
2025,2025-04-06,Houston Astros,Minnesota Twins,9.0,7.0,False,1|0|0|0|3|1|0|0|2|2,3|1|0|3|0|0|0|0|0|0,105.0,-125.0,-105.0,-115.0,1.5,8.5,espn,401695045,HOU,MIN,regular,Ronel Blanco,Chris Paddack,,,,,,,,
2025,2025-04-06,San Diego Padres,Chicago Cubs,8.0,7.0,False,3|0|0|2|1|0|0|1|1,5|2|0|0|0|0|0|0|0,125.0,-150.0,115.0,-135.0,-1.5,7.5,espn,401695046,SD,CHC,regular,Kyle Hart,Ben Brown,,,,,,,,
2025,2025-04-06,Tampa Bay Rays,Texas Rangers,3.0,4.0,False,0|0|0|1|0|0|0|2|0,0|0|1|0|0|1|1|0|1,100.0,-120.0,-115.0,-105.0,1.5,7.5,espn,401695047,TB,TEX,regular,Drew Rasmussen,Kumar Rocker,,,,,,,,
2025,2025-04-06,Athletics,Colorado Rockies,5.0,12.0,False,2|0|0|1|1|0|0|0|1,2|3|1|1|0|0|0|5,-125.0,105.0,100.0,-120.0,1.5,10.5,espn,401695048,ATH,COL,regular,Joey Estes,Chase Dollander,,,,,,,,
2025,2025-04-06,Seattle Mariners,San Francisco Giants,4.0,5.0,False,1|0|1|0|0|1|0|0|1,0|0|0|4|0|0|0|0|1,110.0,-130.0,100.0,-120.0,1.5,7.5,espn,401695050,SEA,SF,regular,Bryan Woo,Jordan Hicks,,,,,,,,
2025,2025-04-06,Cleveland Guardians,Los Angeles Angels,2.0,6.0,False,1|0|0|1|0|0|0|0|0,0|2|0|0|0|1|2|1,-120.0,100.0,-110.0,-110.0,1.5,9.5,espn,401695049,CLE,LAA,regular,Luis Ortiz,Tyler Anderson,,,,,,,,
2025,2025-04-06,St. Louis Cardinals,Boston Red Sox,7.0,18.0,False,1|0|0|1|0|0|1|0|4,1|5|4|0|1|5|2|0,-110.0,-110.0,110.0,-130.0,-1.5,9.5,espn,401695041,STL,BOS,regular,Miles Mikolas,Hunter Dobbins,,,,,,,,
2025,2025-04-07,New York Yankees,Detroit Tigers,2.0,6.0,False,0|0|0|0|1|0|0|1|0,0|0|3|0|2|0|1|0,-145.0,120.0,-150.0,125.0,1.5,8.5,espn,401695053,NYY,DET,regular,Carlos Rodon,Casey Mize,,,,,,,,
2025,2025-04-07,St. Louis Cardinals,Pittsburgh Pirates,4.0,8.0,False,0|0|0|0|1|1|0|1|1,1|3|0|0|0|0|4|0,-125.0,105.0,-115.0,-105.0,1.5,8.5,espn,401695054,STL,PIT,regular,Matthew Liberatore,Carmen Mlodzinski,,,,,,,,
2025,2025-04-07,Los Angeles Dodgers,Washington Nationals,4.0,6.0,False,0|0|2|0|0|0|0|2|0,0|2|1|0|0|0|3|0,-155.0,130.0,-180.0,150.0,1.5,7.5,espn,401695051,LAD,WSH,regular,Dustin May,MacKenzie Gore,,,,,,,,
2025,2025-04-07,Toronto Blue Jays,Boston Red Sox,6.0,2.0,False,0|0|2|0|1|0|2|0|1,0|0|1|0|0|0|0|1|0,110.0,-130.0,110.0,-130.0,-1.5,8.5,espn,401695055,TOR,BOS,regular,Jose Berrios,Richard Fitts,,,,,,,,
2025,2025-04-07,Miami Marlins,New York Mets,0.0,2.0,False,0|0|0|0|0|0|0|0|0,0|0|1|0|0|0|0|1,205.0,-250.0,230.0,-285.0,-1.5,7.5,espn,401695052,MIA,NYM,regular,Valente Bellozo,Kodai Senga,,,,,,,,
2025,2025-04-07,Minnesota Twins,Kansas City Royals,2.0,4.0,False,0|1|0|0|0|0|0|0|1,1|2|0|0|0|1|0|0,105.0,-125.0,-105.0,-115.0,1.5,8.5,espn,401695056,MIN,KC,regular,Simeon Woods Richardson,Michael Lorenzen,,,,,,,,
2025,2025-04-07,Texas Rangers,Chicago Cubs,0.0,7.0,False,0|0|0|0|0|0|0|0|0,0|1|1|0|1|4|0|0,100.0,-120.0,100.0,-120.0,-1.5,6.5,espn,401695057,TEX,CHC,regular,Nathan Eovaldi,Justin Steele,,,,,,,,
2025,2025-04-07,Baltimore Orioles,Arizona Diamondbacks,5.0,1.0,False,1|0|1|0|3|0|0|0|0,0|0|0|1|0|0|0|0|0,110.0,-130.0,100.0,-120.0,-1.5,8.5,espn,401695058,BAL,ARI,regular,Zach Eflin,Zac Gallen,,,,,,,,
2025,2025-04-07,Houston Astros,Seattle Mariners,3.0,4.0,False,0|0|0|0|0|1|0|2|0,0|0|0|0|2|0|0|2,135.0,-160.0,140.0,-165.0,-1.5,7.5,espn,401695060,HOU,SEA,regular,Hayden Wesneski,Logan Gilbert,,,,,,,,
2025,2025-04-07,Cincinnati Reds,San Francisco Giants,2.0,0.0,False,0|0|0|0|0|0|0|2|0,0|0|0|0|0|0|0|0|0,120.0,-145.0,130.0,-155.0,-1.5,6.5,espn,401695059,CIN,SF,regular,Hunter Greene,Logan Webb,,,,,,,,
2025,2025-04-07,San Diego Padres,Athletics,5.0,4.0,False,3|0|1|0|0|0|1|0|0,0|0|1|2|0|0|1|0|0,-150.0,125.0,-155.0,130.0,1.5,8.5,espn,401764522,SD,ATH,regular,Michael King,Luis Severino,,,,,,,,
2025,2025-04-08,New York Yankees,Detroit Tigers,0.0,5.0,False,0|0|0|0|0|0|0|0|0,0|1|0|3|1|0|0|0,-145.0,120.0,145.0,-175.0,-1.5,7.5,espn,401695066,NYY,DET,regular,Carlos Carrasco,Tarik Skubal,,,,,,,,
2025,2025-04-08,Chicago White Sox,Cleveland Guardians,0.0,1.0,False,0|0|0|0|0|0|0|0|0,0|0|0|0|0|0|0|0|1,165.0,-200.0,165.0,-200.0,-1.5,7.5,espn,401695063,CHW,CLE,regular,Shane Smith,Ben Lively,,,,,,,,
2025,2025-04-08,Miami Marlins,New York Mets,5.0,10.0,False,2|0|0|0|0|3|0|0|0,1|0|1|0|4|3|1|0,240.0,-300.0,235.0,-290.0,-1.5,7.5,espn,401695065,MIA,NYM,regular,Connor Gillispie,Clay Holmes,,,,,,,,
2025,2025-04-08,St. Louis Cardinals,Pittsburgh Pirates,5.0,3.0,False,0|0|3|0|0|2|0|0|0,0|0|0|1|0|0|0|0|2,120.0,-145.0,120.0,-145.0,-1.5,6.5,espn,401695068,STL,PIT,regular,Sonny Gray,Paul Skenes,,,,,,,,
2025,2025-04-08,Los Angeles Dodgers,Washington Nationals,2.0,8.0,False,0|0|0|0|1|0|0|1|0,2|3|0|3|0|0|0|0,-180.0,150.0,-190.0,160.0,1.5,8.5,espn,401695064,LAD,WSH,regular,Justin Wrobleski,Brad Lord,,,,,,,,
2025,2025-04-08,Toronto Blue Jays,Boston Red Sox,6.0,1.0,False,0|0|0|0|0|4|0|2|0,0|0|0|0|0|0|1|0|0,160.0,-190.0,180.0,-215.0,-1.5,7.5,espn,401695069,TOR,BOS,regular,Easton Lucas,Garrett Crochet,,,,,,,,
2025,2025-04-08,Los Angeles Angels,Tampa Bay Rays,4.0,3.0,False,0|2|0|0|0|0|0|1|1,0|0|0|0|0|0|3|0|0,140.0,-165.0,140.0,-165.0,-1.5,8.5,espn,401695077,LAA,TB,regular,Kyle Hendricks,Shane Baz,,,,,,,,
2025,2025-04-08,Philadelphia Phillies,Atlanta Braves,5.0,7.0,False,1|0|3|0|1|0|0|0|0,0|3|0|0|0|2|1|1,100.0,-120.0,-105.0,-115.0,1.5,6.5,espn,401695067,PHI,ATL,regular,Zack Wheeler,Chris Sale,,,,,,,,
2025,2025-04-08,Minnesota Twins,Kansas City Royals,1.0,2.0,False,0|0|0|0|1|0|0|0|0,0|0|0|1|0|0|0|1,100.0,-120.0,100.0,-120.0,1.5,7.5,espn,401695070,MIN,KC,regular,Pablo Lopez,Cole Ragans,,,,,,,,
2025,2025-04-08,Texas Rangers,Chicago Cubs,6.0,10.0,False,0|2|1|0|0|0|2|1|0,0|3|0|0|3|0|0|4,125.0,-150.0,135.0,-160.0,-1.5,7.5,espn,401695071,TEX,CHC,regular,Patrick Corbin,Jameson Taillon,,,,,,,,
2025,2025-04-08,Milwaukee Brewers,Colorado Rockies,7.0,1.0,False,0|0|4|0|0|0|3|0|0,0|0|1|0|0|0|0|0|0,-160.0,135.0,-165.0,140.0,1.5,9.5,espn,401695072,MIL,COL,regular,Freddy Peralta,Kyle Freeland,,,,,,,,
2025,2025-04-08,Baltimore Orioles,Arizona Diamondbacks,3.0,4.0,False,2|0|0|0|0|0|1|0|0,1|0|1|0|2|0|0|0,-105.0,-115.0,-115.0,-105.0,1.5,9.5,espn,401695073,BAL,ARI,regular,Charlie Morton,Merrill Kelly,,,,,,,,
2025,2025-04-08,Houston Astros,Seattle Mariners,2.0,1.0,False,0|0|0|0|0|0|1|0|0|0|0|1,0|0|0|0|0|0|1|0|0|0|0|0,-115.0,-105.0,100.0,-120.0,-1.5,6.5,espn,401695075,HOU,SEA,regular,Framber Valdez,Luis Castillo,,,,,,,,
2025,2025-04-08,Cincinnati Reds,San Francisco Giants,1.0,0.0,False,0|0|1|0|0|0|0|0|0,0|0|0|0|0|0|0|0|0,110.0,-130.0,110.0,-130.0,-1.5,7.5,espn,401695074,CIN,SF,regular,Nick Lodolo,Landen Roupp,,,,,,,,
2025,2025-04-08,San Diego Padres,Athletics,4.0,10.0,False,3|1|0|0|0|0|0|0|0,6|0|3|0|0|0|1|0,-150.0,125.0,-110.0,-110.0,1.5,8.5,espn,401764523,SD,ATH,regular,Dylan Cease,Jeffrey Springs,,,,,,,,
2025,2025-04-09,St. Louis Cardinals,Pittsburgh Pirates,1.0,2.0,False,0|0|0|0|0|0|0|0|0|0|0|1|0,0|0|0|0|0|0|0|0|0|0|0|1|1,-110.0,-110.0,-115.0,-105.0,1.5,7.5,espn,401695083,STL,PIT,regular,Erick Fedde,Mitch Keller,,,,,,,,
2025,2025-04-09,Miami Marlins,New York Mets,5.0,0.0,False,0|0|0|0|2|0|0|0|3,0|0|0|0|0|0|0|0|0,195.0,-235.0,185.0,-225.0,-1.5,7.5,espn,401695080,MIA,NYM,regular,Max Meyer,Tylor Megill,,,,,,,,
2025,2025-04-09,New York Yankees,Detroit Tigers,4.0,3.0,False,0|0|0|0|0|0|2|0|2,0|0|0|0|0|0|0|0|3,-150.0,125.0,-150.0,125.0,1.5,6.5,espn,401695081,NYY,DET,regular,Max Fried,Jack Flaherty,,,,,,,,
2025,2025-04-09,Texas Rangers,Chicago Cubs,6.0,2.0,False,1|0|0|0|4|0|1|0|0,0|0|0|1|0|0|0|0|1,135.0,-160.0,145.0,-175.0,-1.5,7.5,espn,401695086,TEX,CHC,regular,Tyler Mahle,Shota Imanaga,,,,,,,,
2025,2025-04-09,San Diego Padres,Athletics,2.0,1.0,False,0|0|1|0|1|0|0|0|0,0|1|0|0|0|0|0|0|0,-130.0,110.0,120.0,-145.0,-1.5,9.5,espn,401764524,SD,ATH,regular,Randy Vasquez,Osvaldo Bido,,,,,,,,
2025,2025-04-09,Baltimore Orioles,Arizona Diamondbacks,0.0,9.0,False,0|0|0|0|0|0|0|0|0,1|0|1|0|5|0|0|2,105.0,-125.0,105.0,-125.0,-1.5,8.5,espn,401695088,BAL,ARI,regular,Dean Kremer,Brandon Pfaadt,,,,,,,,
2025,2025-04-09,Cincinnati Reds,San Francisco Giants,6.0,8.0,False,0|0|5|0|0|1|0|0|0|0,0|0|0|1|0|4|0|1|0|2,130.0,-155.0,120.0,-145.0,-1.5,7.5,espn,401695089,CIN,SF,regular,Nick Martinez,Justin Verlander,,,,,,,,
2025,2025-04-09,Los Angeles Dodgers,Washington Nationals,6.0,5.0,False,4|0|0|0|0|0|2|0|0,3|0|2|0|0|0|0|0|0,-165.0,140.0,-200.0,165.0,1.5,9.5,espn,401695079,LAD,WSH,regular,Landon Knack,Jake Irvin,,,,,,,,
2025,2025-04-09,Houston Astros,Seattle Mariners,6.0,7.0,False,0|3|1|0|0|0|0|1|1,0|0|0|0|0|0|0|4|3,-120.0,100.0,-145.0,120.0,1.5,7.5,espn,401695090,HOU,SEA,regular,Hunter Brown,Luis F. Castillo,,,,,,,,
2025,2025-04-09,Chicago White Sox,Cleveland Guardians,2.0,3.0,False,1|0|0|0|0|0|0|0|1,2|0|1|0|0|0|0|0,165.0,-200.0,145.0,-175.0,-1.5,7.5,espn,401695078,CHW,CLE,regular,Sean Burke,Logan Allen,,,,,,,,
2025,2025-04-09,Toronto Blue Jays,Boston Red Sox,2.0,1.0,False,1|0|0|0|0|0|0|0|0|0|1,1|0|0|0|0|0|0|0|0|0|0,105.0,-125.0,110.0,-130.0,-1.5,8.5,espn,401695084,TOR,BOS,regular,Kevin Gausman,Tanner Houck,,,,,,,,
2025,2025-04-09,Los Angeles Angels,Tampa Bay Rays,4.0,5.0,False,0|1|0|1|1|0|0|1|0,4|0|0|0|0|0|1|0,125.0,-150.0,130.0,-155.0,-1.5,7.5,espn,401695092,LAA,TB,regular,Yusei Kikuchi,Ryan Pepiot,,,,,,,,
2025,2025-04-09,Philadelphia Phillies,Atlanta Braves,4.0,3.0,False,0|0|0|0|0|1|2|0|1,0|0|0|0|0|2|1|0|0,105.0,-125.0,120.0,-145.0,-1.5,8.5,espn,401695082,PHI,ATL,regular,Taijuan Walker,Grant Holmes,,,,,,,,
2025,2025-04-09,Minnesota Twins,Kansas City Royals,4.0,0.0,False,0|0|0|1|0|1|0|1|1,0|0|0|0|0|0|0|0|0,100.0,-120.0,-110.0,-110.0,1.5,7.5,espn,401695085,MIN,KC,regular,Joe Ryan,Seth Lugo,,,,,,,,
2025,2025-04-09,Milwaukee Brewers,Colorado Rockies,17.0,2.0,False,0|0|5|0|5|0|0|0|7,0|0|1|1|0|0|0|0|0,-150.0,125.0,-155.0,130.0,1.5,10.5,espn,401695087,MIL,COL,regular,Tyler Alexander,Antonio Senzatela,,,,,,,,
2025,2025-04-10,Los Angeles Angels,Tampa Bay Rays,11.0,1.0,False,1|1|0|0|8|0|0|0|1,0|0|0|1|0|0|0|0|0,110.0,-130.0,-105.0,-115.0,1.5,8.5,espn,401695062,LAA,TB,regular,Jose Soriano,Zack Littell,,,,,,,,
2025,2025-04-10,Chicago White Sox,Cleveland Guardians,1.0,6.0,False,1|0|0|0|0|0|0|0|0,2|0|2|1|0|1|0|0,185.0,-225.0,200.0,-240.0,-1.5,7.5,espn,401695093,CHW,CLE,regular,Jonathan Cannon,Gavin Williams,,,,,,,,
2025,2025-04-10,Minnesota Twins,Kansas City Royals,2.0,3.0,False,0|1|0|0|0|1|0|0|0,1|0|0|0|0|0|2|0,100.0,-120.0,100.0,-120.0,1.5,8.5,espn,401695096,MIN,KC,regular,Bailey Ober,Michael Wacha,,,,,,,,
2025,2025-04-10,Milwaukee Brewers,Colorado Rockies,2.0,7.0,False,0|0|0|1|0|0|0|1|0,1|0|0|0|0|0|1|5,-120.0,100.0,-125.0,105.0,1.5,10.5,espn,401695097,MIL,COL,regular,Quinn Priester,Ryan Feltner,,,,,,,,
2025,2025-04-10,Toronto Blue Jays,Boston Red Sox,3.0,4.0,False,0|0|0|0|0|0|2|0|0|1,0|0|0|0|0|1|0|1|0|2,-105.0,-115.0,115.0,-135.0,-1.5,8.5,espn,401695095,TOR,BOS,regular,Chris Bassitt,Walker Buehler,,,,,,,,
2025,2025-04-10,Philadelphia Phillies,Atlanta Braves,2.0,4.0,False,0|0|1|0|0|0|0|0|0|0|1,1|0|0|0|0|0|0|0|0|0|3,105.0,-125.0,120.0,-145.0,-1.5,7.5,espn,401695094,PHI,ATL,regular,Jesus Luzardo,Spencer Schwellenbach,,,,,,,,
2025,2025-04-11,Kansas City Royals,Cleveland Guardians,0.0,7.0,False,0|0|0|0|0|0|0|0|0,0|0|0|3|0|0|0|4,115.0,-135.0,105.0,-125.0,-1.5,6.5,espn,401695099,KC,CLE,regular,Kris Bubic,Tanner Bibee,,,,,,,,
2025,2025-04-11,Pittsburgh Pirates,Cincinnati Reds,3.0,5.0,False,0|0|0|0|3|0|0|0|0,3|0|2|0|0|0|0|0,135.0,-160.0,145.0,-175.0,-1.5,8.5,espn,401695100,PIT,CIN,regular,Bailey Falter,Brady Singer,,,,,,,,
2025,2025-04-11,Atlanta Braves,Tampa Bay Rays,3.0,6.0,False,1|0|0|0|0|0|0|2|0,0|0|1|2|0|2|0|1,-105.0,-115.0,120.0,-145.0,-1.5,9.5,espn,401695098,ATL,TB,regular,Bryce Elder,Taj Bradley,,,,,,,,
2025,2025-04-11,San Francisco Giants,New York Yankees,9.0,1.0,False,5|0|0|0|3|1,0|1|0|0|0,-105.0,-115.0,120.0,-145.0,-1.5,7.5,espn,401695101,SF,NYY,regular,Robbie Ray,Marcus Stroman,,,,,,,,
2025,2025-04-11,Washington Nationals,Miami Marlins,7.0,4.0,False,0|0|0|0|0|2|0|3|2,0|0|0|0|4|0|0|0|0,-125.0,105.0,-115.0,-105.0,1.5,8.5,espn,401695103,WSH,MIA,regular,Mitchell Parker,Edward Cabrera,,,,,,,,
2025,2025-04-11,Boston Red Sox,Chicago White Sox,1.0,11.0,False,0|0|0|0|0|0|1|0|0,0|2|0|4|1|0|2|2,-155.0,130.0,-160.0,135.0,1.5,7.5,espn,401695105,BOS,CHW,regular,Sean Newcomb,Davis Martin,,,,,,,,
2025,2025-04-11,Los Angeles Angels,Houston Astros,3.0,14.0,False,0|0|0|1|1|0|0|1|0,0|1|0|0|6|4|0|3,155.0,-185.0,120.0,-145.0,-1.5,8.5,espn,401695104,LAA,HOU,regular,Jack Kochanowicz,Ronel Blanco,,,,,,,,
2025,2025-04-11,Detroit Tigers,Minnesota Twins,7.0,6.0,False,0|0|0|0|1|4|1|1|0,0|1|0|0|3|0|1|0|1,-110.0,-110.0,100.0,-120.0,1.5,7.5,espn,401695106,DET,MIN,regular,Reese Olson,David Festa,,,,,,,,
2025,2025-04-11,Philadelphia Phillies,St. Louis Cardinals,0.0,2.0,False,0|0|0|0|0|0|0|0|0,0|0|0|0|2|0|0|0,-150.0,125.0,-110.0,-110.0,1.5,7.5,espn,401695107,PHI,STL,regular,Aaron Nola,Andre Pallante,,,,,,,,
2025,2025-04-11,Colorado Rockies,San Diego Padres,0.0,8.0,False,0|0|0|0|0|0|0|0|0,0|0|0|0|6|1|1|0,200.0,-240.0,180.0,-215.0,-1.5,7.5,espn,401695109,COL,SD,regular,German Marquez,Nick Pivetta,,,,,,,,
2025,2025-04-11,Milwaukee Brewers,Arizona Diamondbacks,7.0,0.0,False,0|0|0|1|2|0|0|0|4,0|0|0|0|0|0|0|0|0,120.0,-145.0,130.0,-155.0,-1.5,9.5,espn,401695110,MIL,ARI,regular,Jose Quintana,Eduardo Rodriguez,,,,,,,,
2025,2025-04-11,Texas Rangers,Seattle Mariners,3.0,5.0,False,0|0|0|1|0|2|0|0|0,1|1|0|1|0|0|0|2,-125.0,105.0,-120.0,100.0,1.5,6.5,espn,401695112,TEX,SEA,regular,Jacob deGrom,Bryce Miller,,,,,,,,
2025,2025-04-11,New York Mets,Athletics,7.0,6.0,False,0|2|0|0|1|3|0|1|0,0|1|0|0|0|3|0|0|2,-130.0,110.0,-125.0,105.0,1.5,10.5,espn,401764525,NYM,ATH,regular,Griffin Canning,JP Sears,,,,,,,,
2025,2025-04-11,Chicago Cubs,Los Angeles Dodgers,0.0,3.0,False,0|0|0|0|0|0|0|0|0,0|0|0|0|0|3|0|0,160.0,-190.0,150.0,-180.0,-1.5,8.5,espn,401695108,CHC,LAD,regular,Matthew Boyd,Yoshinobu Yamamoto,,,,,,,,
2025,2025-04-12,Detroit Tigers,Minnesota Twins,4.0,0.0,False,1|0|0|1|0|2|0|0|0,0|0|0|0|0|0|0|0|0,115.0,-135.0,135.0,-160.0,-1.5,8.5,espn,401695121,DET,MIN,regular,Jackson Jobe,Chris Paddack,,,,,,,,
2025,2025-04-12,Philadelphia Phillies,St. Louis Cardinals,4.0,1.0,False,2|0|0|0|1|0|1|0|0,0|0|0|0|0|1|0|0|0,-160.0,135.0,-185.0,155.0,1.5,7.5,espn,401695122,PHI,STL,regular,Cristopher Sanchez,Miles Mikolas,,,,,,,,
2025,2025-04-12,San Francisco Giants,New York Yankees,4.0,8.0,False,0|2|0|0|0|2|0|0|0,2|0|0|0|5|1|0|0,115.0,-135.0,120.0,-145.0,-1.5,7.5,espn,401695116,SF,NYY,regular,Jordan Hicks,Will Warren,,,,,,,,
2025,2025-04-12,Toronto Blue Jays,Baltimore Orioles,4.0,5.0,False,1|1|1|0|0|0|1|0|0,0|0|0|0|2|3|0|0,115.0,-135.0,105.0,-125.0,-1.5,8.5,espn,401695117,TOR,BAL,regular,Bowden Francis,Tomoyuki Sugano,,,,,,,,
2025,2025-04-12,New York Mets,Athletics,1.0,3.0,False,0|0|0|0|0|1|0|0|0,0|0|0|2|0|0|1|0,-145.0,120.0,-135.0,115.0,1.5,8.5,espn,401764526,NYM,ATH,regular,David Peterson,J.T. Ginn,,,,,,,,
2025,2025-04-12,Atlanta Braves,Tampa Bay Rays,5.0,4.0,False,0|0|0|0|0|0|1|2|2,1|0|1|0|0|0|1|0|1,120.0,-145.0,120.0,-145.0,-1.5,8.5,espn,401695113,ATL,TB,regular,AJ Smith-Shawver,Drew Rasmussen,,,,,,,,
2025,2025-04-12,Washington Nationals,Miami Marlins,6.0,7.0,False,0|0|0|3|0|1|2|0|0,0|1|2|0|3|1|0|0,120.0,-145.0,120.0,-145.0,-1.5,7.5,espn,401695118,WSH,MIA,regular,Trevor Williams,Sandy Alcantara,,,,,,,,
2025,2025-04-12,Boston Red Sox,Chicago White Sox,2.0,3.0,False,0|0|0|0|2|0|0|0|0,0|0|0|0|0|2|0|0|1,-165.0,140.0,-160.0,135.0,1.5,7.5,espn,401695120,BOS,CHW,regular,Richard Fitts,Martin Perez,,,,,,,,
2025,2025-04-12,Kansas City Royals,Cleveland Guardians,3.0,6.0,False,0|0|0|1|0|0|0|0|2,0|0|0|1|1|1|0|3,110.0,-130.0,115.0,-135.0,-1.5,7.5,espn,401695114,KC,CLE,regular,Michael Lorenzen,Luis Ortiz,,,,,,,,
2025,2025-04-12,Pittsburgh Pirates,Cincinnati Reds,2.0,5.0,False,0|0|0|0|1|0|1|0|0,0|0|4|0|0|0|1|0,105.0,-125.0,100.0,-120.0,1.5,8.5,espn,401695115,PIT,CIN,regular,Andrew Heaney,Andrew Abbott,,,,,,,,
2025,2025-04-12,Los Angeles Angels,Houston Astros,4.0,1.0,False,2|0|0|1|1|0|0|0|0,0|0|0|0|0|0|0|1|0,130.0,-155.0,140.0,-165.0,-1.5,8.5,espn,401695119,LAA,HOU,regular,Tyler Anderson,Ryan Gusto,,,,,,,,
2025,2025-04-12,Milwaukee Brewers,Arizona Diamondbacks,4.0,5.0,False,0|2|0|0|0|1|0|0|1,0|0|0|0|0|0|0|0|5,155.0,-185.0,150.0,-180.0,-1.5,9.5,espn,401695125,MIL,ARI,regular,Chad Patrick,Corbin Burnes,,,,,,,,
2025,2025-04-12,Colorado Rockies,San Diego Padres,0.0,2.0,False,0|0|0|0|0|0|0|0|0,1|0|0|0|1|0|0|0,145.0,-175.0,145.0,-175.0,-1.5,8.5,espn,401695124,COL,SD,regular,Chase Dollander,Kyle Hart,,,,,,,,
2025,2025-04-12,Chicago Cubs,Los Angeles Dodgers,16.0,0.0,False,0|1|0|0|0|1|5|4|5,0|0|0|0|0|0|0|0|0,145.0,-175.0,155.0,-185.0,-1.5,9.5,espn,401695123,CHC,LAD,regular,Ben Brown,Roki Sasaki,,,,,,,,
2025,2025-04-12,Texas Rangers,Seattle Mariners,2.0,9.0,False,1|0|0|0|0|0|0|0|1,0|0|4|0|1|0|4|0,125.0,-150.0,120.0,-145.0,-1.5,7.5,espn,401695127,TEX,SEA,regular,Kumar Rocker,Bryan Woo,,,,,,,,
2025,2025-04-13,San Francisco Giants,New York Yankees,5.0,4.0,False,0|0|0|1|0|3|1|0|0,1|2|0|0|0|0|0|1|0,110.0,-130.0,110.0,-130.0,-1.5,8.5,espn,401695131,SF,NYY,regular,Logan Webb,Carlos Rodon,,,,,,,,
2025,2025-04-13,Toronto Blue Jays,Baltimore Orioles,7.0,6.0,False,0|1|1|0|0|1|0|3|0|1,1|1|1|1|0|2|0|0|0|0,115.0,-135.0,120.0,-145.0,-1.5,8.5,espn,401695132,TOR,BAL,regular,Jose Berrios,Cade Povich,,,,,,,,
2025,2025-04-13,Atlanta Braves,Tampa Bay Rays,3.0,8.0,False,0|0|0|0|0|3|0|0|0,2|0|0|1|1|4|0|0,-125.0,105.0,-165.0,140.0,1.5,8.5,espn,401695128,ATL,TB,regular,Chris Sale,Joe Boyle,,,,,,,,
2025,2025-04-13,Kansas City Royals,Cleveland Guardians,4.0,2.0,False,0|0|0|2|2|0|0|0|0,0|2|0|0|0|0|0|0|0,-130.0,110.0,-150.0,125.0,1.5,6.5,espn,401695129,KC,CLE,regular,Cole Ragans,Ben Lively,,,,,,,,
2025,2025-04-13,Pittsburgh Pirates,Cincinnati Reds,0.0,4.0,False,0|0|0|0|0|0|0|0|0,0|0|2|0|2|0|0|0,155.0,-185.0,150.0,-180.0,-1.5,7.5,espn,401695130,PIT,CIN,regular,Carmen Mlodzinski,Hunter Greene,,,,,,,,
2025,2025-04-13,Washington Nationals,Miami Marlins,4.0,11.0,False,0|1|0|2|0|0|0|0|1,0|1|0|2|0|1|3|4,-145.0,120.0,-155.0,130.0,1.5,8.5,espn,401695133,WSH,MIA,regular,MacKenzie Gore,Cal Quantrill,,,,,,,,
2025,2025-04-13,Los Angeles Angels,Houston Astros,3.0,7.0,False,1|1|0|0|0|1|0|0|0,0|5|0|0|0|1|1|0,130.0,-155.0,135.0,-160.0,-1.5,8.5,espn,401695134,LAA,HOU,regular,Kyle Hendricks,Hayden Wesneski,,,,,,,,
2025,2025-04-13,Boston Red Sox,Chicago White Sox,3.0,1.0,False,0|0|0|0|0|2|0|0|1,0|0|0|0|0|0|0|1|0,-250.0,205.0,-250.0,205.0,1.5,6.5,espn,401695135,BOS,CHW,regular,Garrett Crochet,Shane Smith,,,,,,,,
2025,2025-04-13,Detroit Tigers,Minnesota Twins,1.0,5.0,False,0|0|0|1|0|0|0|0|0,1|1|0|0|0|2|0|1,105.0,-125.0,-105.0,-115.0,1.5,8.5,espn,401695136,DET,MIN,regular,Casey Mize,Simeon Woods Richardson,,,,,,,,
2025,2025-04-13,Philadelphia Phillies,St. Louis Cardinals,0.0,7.0,False,0|0|0|0|0|0|0|0|0,0|0|0|2|0|2|1|2,-180.0,150.0,-165.0,140.0,1.5,8.5,espn,401695137,PHI,STL,regular,Zack Wheeler,Matthew Liberatore,,,,,,,,
2025,2025-04-13,New York Mets,Athletics,8.0,0.0,False,0|0|0|0|0|1|2|1|4,0|0|0|0|0|0|0|0|0,-145.0,120.0,-150.0,125.0,1.5,8.5,espn,401764527,NYM,ATH,regular,Kodai Senga,Luis Severino,,,,,,,,
2025,2025-04-13,Colorado Rockies,San Diego Padres,0.0,6.0,False,0|0|0|0|0|0|0|0|0,4|0|0|1|0|0|1|0,205.0,-250.0,205.0,-250.0,-1.5,7.5,espn,401695139,COL,SD,regular,Kyle Freeland,Michael King,,,,,,,,
2025,2025-04-13,Milwaukee Brewers,Arizona Diamondbacks,2.0,5.0,False,2|0|0|0|0|0|0|0|0,0|0|0|0|1|1|1|2,110.0,-130.0,-110.0,-110.0,1.5,8.5,espn,401695140,MIL,ARI,regular,Freddy Peralta,Zac Gallen,,,,,,,,
2025,2025-04-13,Texas Rangers,Seattle Mariners,1.0,3.0,False,0|1|0|0|0|0|0|0|0,2|0|0|0|0|1|0|0,115.0,-135.0,125.0,-150.0,-1.5,6.5,espn,401695142,TEX,SEA,regular,Nathan Eovaldi,Logan Gilbert,,,,,,,,
2025,2025-04-13,Chicago Cubs,Los Angeles Dodgers,4.0,2.0,False,0|0|1|0|0|1|1|1|0,0|1|0|0|0|1|0|0|0,220.0,-270.0,195.0,-235.0,-1.5,8.5,espn,401695138,CHC,LAD,regular,Colin Rea,Tyler Glasnow,,,,,,,,
2025,2025-04-14,Washington Nationals,Pittsburgh Pirates,3.0,10.0,False,0|0|0|0|0|2|0|1|0,1|0|1|0|3|0|0|5,180.0,-215.0,165.0,-200.0,-1.5,7.5,espn,401695147,WSH,PIT,regular,Brad Lord,Paul Skenes,,,,,,,,
2025,2025-04-14,San Francisco Giants,Philadelphia Phillies,10.0,4.0,False,0|6|0|0|0|0|2|0|2,3|0|0|0|1|0|0|0|0,110.0,-130.0,-105.0,-115.0,1.5,9.5,espn,401695146,SF,PHI,regular,Landen Roupp,Taijuan Walker,,,,,,,,
2025,2025-04-14,Boston Red Sox,Tampa Bay Rays,1.0,16.0,False,0|0|1|0|0|0|0|0|0,1|4|9|0|1|0|0|1,105.0,-125.0,100.0,-120.0,1.5,8.5,espn,401695144,BOS,TB,regular,Tanner Houck,Shane Baz,,,,,,,,
2025,2025-04-14,Kansas City Royals,New York Yankees,1.0,4.0,False,0|0|1|0|0|0|0|0|0,0|0|0|1|3|0|0|0,100.0,-120.0,120.0,-145.0,-1.5,8.5,espn,401695145,KC,NYY,regular,Seth Lugo,Carlos Carrasco,,,,,,,,
2025,2025-04-14,Atlanta Braves,Toronto Blue Jays,8.0,4.0,False,2|0|2|0|4|0|0|0|0,0|0|0|0|0|1|0|2|1,-115.0,-105.0,-115.0,-105.0,1.5,8.5,espn,401695143,ATL,TOR,regular,Grant Holmes,Easton Lucas,,,,,,,,
2025,2025-04-14,Detroit Tigers,Milwaukee Brewers,9.0,1.0,False,2|2|0|4|1|0|0|0|0,0|0|0|0|0|0|0|0|1,-160.0,135.0,-165.0,140.0,1.5,7.5,espn,401695148,DET,MIL,regular,Tarik Skubal,Tyler Alexander,,,,,,,,
2025,2025-04-14,New York Mets,Minnesota Twins,5.0,1.0,False,0|0|1|0|0|2|2|0|0,0|0|0|0|1|0|0|0|0,100.0,-120.0,100.0,-120.0,1.5,7.5,espn,401695150,NYM,MIN,regular,Clay Holmes,Joe Ryan,,,,,,,,
2025,2025-04-14,Houston Astros,St. Louis Cardinals,3.0,8.0,False,0|0|0|0|0|0|0|0|3,0|0|1|3|3|0|1|0,-120.0,100.0,-115.0,-105.0,1.5,7.5,espn,401695149,HOU,STL,regular,Framber Valdez,Sonny Gray,,,,,,,,
2025,2025-04-14,Chicago Cubs,San Diego Padres,4.0,10.0,False,0|0|0|3|0|0|0|1|0,0|0|1|0|0|2|3|4,145.0,-175.0,125.0,-150.0,-1.5,7.5,espn,401695151,CHC,SD,regular,Jameson Taillon,Dylan Cease,,,,,,,,
2025,2025-04-14,Colorado Rockies,Los Angeles Dodgers,3.0,5.0,False,0|0|0|0|0|1|2|0|0,2|0|1|0|1|1|0|0,260.0,-325.0,285.0,-360.0,-2.5,8.5,espn,401695152,COL,LAD,regular,Antonio Senzatela,Dustin May,,,,,,,,
2025,2025-04-15,Arizona Diamondbacks,Miami Marlins,10.0,4.0,False,0|4|1|0|0|5|0|0|0,0|1|0|0|0|0|2|0|1,-175.0,145.0,-165.0,140.0,1.5,9.5,espn,401695153,ARI,MIA,regular,Merrill Kelly,Connor Gillispie,,,,,,,,
2025,2025-04-15,Seattle Mariners,Cincinnati Reds,4.0,8.0,False,1|1|0|0|2|0|0|0|0,0|0|2|0|4|0|0|2,-125.0,105.0,-110.0,-110.0,1.5,8.5,espn,401695158,SEA,CIN,regular,Luis Castillo,Nick Lodolo,,,,,,,,
2025,2025-04-15,Washington Nationals,Pittsburgh Pirates,3.0,0.0,False,1|0|0|0|0|2|0|0|0,0|0|0|0|0|0|0|0|0,110.0,-130.0,105.0,-125.0,-1.5,8.5,espn,401695160,WSH,PIT,regular,Jake Irvin,Mitch Keller,,,,,,,,
2025,2025-04-15,San Francisco Giants,Philadelphia Phillies,4.0,6.0,False,0|0|0|2|0|1|0|1|0,0|2|0|0|0|2|2|0,135.0,-160.0,140.0,-165.0,-1.5,8.5,espn,401695159,SF,PHI,regular,Justin Verlander,Jesus Luzardo,,,,,,,,
2025,2025-04-15,Boston Red Sox,Tampa Bay Rays,7.0,4.0,False,1|2|2|1|0|0|1|0|0,0|1|0|1|0|0|0|0|2,110.0,-130.0,110.0,-130.0,-1.5,8.5,espn,401695155,BOS,TB,regular,Walker Buehler,Ryan Pepiot,,,,,,,,
2025,2025-04-15,Cleveland Guardians,Baltimore Orioles,6.0,3.0,False,0|0|1|0|3|2|0|0|0,0|0|0|0|0|0|1|2|0,135.0,-160.0,130.0,-155.0,-1.5,8.5,espn,401695156,CLE,BAL,regular,Logan Allen,Charlie Morton,,,,,,,,
2025,2025-04-15,Kansas City Royals,New York Yankees,2.0,4.0,False,0|0|2|0|0|0|0|0|0,0|0|0|0|0|4|0|0,160.0,-190.0,205.0,-250.0,-1.5,8.5,espn,401695157,KC,NYY,regular,Michael Wacha,Max Fried,,,,,,,,
2025,2025-04-15,Atlanta Braves,Toronto Blue Jays,3.0,6.0,False,1|0|0|0|0|1|0|0|1,0|0|1|0|5|0|0|0,-135.0,115.0,-120.0,100.0,1.5,7.5,espn,401695154,ATL,TOR,regular,Spencer Schwellenbach,Kevin Gausman,,,,,,,,
2025,2025-04-15,Detroit Tigers,Milwaukee Brewers,0.0,5.0,False,0|0|0|0|0|0|0|0|0,0|2|0|1|0|0|2|0,-130.0,110.0,-110.0,-110.0,1.5,8.5,espn,401695162,DET,MIL,regular,Jack Flaherty,Quinn Priester,,,,,,,,
2025,2025-04-15,New York Mets,Minnesota Twins,3.0,6.0,False,1|0|0|1|0|0|1|0|0,0|0|2|1|1|1|1|0,-110.0,-110.0,-110.0,-110.0,1.5,7.5,espn,401695164,NYM,MIN,regular,Tylor Megill,Bailey Ober,,,,,,,,
2025,2025-04-15,Athletics,Chicago White Sox,12.0,3.0,False,3|1|1|0|0|4|0|0|3,3|0|0|0|0|0|0|0|0,-165.0,140.0,-160.0,135.0,1.5,7.5,espn,401695165,ATH,CHW,regular,Jeffrey Springs,Sean Burke,,,,,,,,
2025,2025-04-15,Houston Astros,St. Louis Cardinals,2.0,0.0,False,0|0|0|0|0|1|0|1|0,0|0|0|0|0|0|0|0|0,-125.0,105.0,-145.0,120.0,1.5,7.5,espn,401695163,HOU,STL,regular,Hunter Brown,Erick Fedde,,,,,,,,
2025,2025-04-15,Los Angeles Angels,Texas Rangers,0.0,4.0,False,0|0|0|0|0|0|0|0|0,0|0|0|0|0|1|1|2,100.0,-120.0,120.0,-145.0,-1.5,8.5,espn,401695161,LAA,TEX,regular,Yusei Kikuchi,Tyler Mahle,,,,,,,,
2025,2025-04-15,Chicago Cubs,San Diego Padres,2.0,1.0,False,0|0|0|0|0|1|0|0|0|1,0|0|0|0|1|0|0|0|0|0,-125.0,105.0,-150.0,120.0,1.5,8.5,espn,401695166,CHC,SD,regular,Shota Imanaga,Randy Vasquez,,,,,,,,
2025,2025-04-15,Colorado Rockies,Los Angeles Dodgers,2.0,6.0,False,0|0|0|2|0|0|0|0|0,0|1|4|0|0|0|0|1,235.0,-290.0,250.0,-310.0,-2.5,8.5,espn,401695167,COL,LAD,regular,Ryan Feltner,Landon Knack,,,,,,,,
2025,2025-04-16,Atlanta Braves,Toronto Blue Jays,1.0,3.0,False,0|0|0|0|0|0|0|0|1,0|0|1|0|0|1|1|0,-135.0,115.0,-125.0,105.0,1.5,7.5,espn,401695169,ATL,TOR,regular,Spencer Strider,Chris Bassitt,,,,,,,,
2025,2025-04-16,Detroit Tigers,Milwaukee Brewers,1.0,5.0,False,0|0|0|0|0|1|0|0|0,0|1|3|0|0|1|0|0,-120.0,100.0,125.0,-150.0,-1.5,8.5,espn,401695177,DET,MIL,regular,Keider Montero,Jose Quintana,,,,,,,,
2025,2025-04-16,New York Mets,Minnesota Twins,3.0,4.0,False,0|0|0|0|0|0|0|3|0|0,0|0|0|0|2|1|0|0|0|1,-110.0,-110.0,100.0,-120.0,1.5,8.5,espn,401695179,NYM,MIN,regular,Huascar Brazoban,David Festa,,,,,,,,
2025,2025-04-16,Houston Astros,St. Louis Cardinals,1.0,4.0,False,1|0|0|0|0|0|0|0|0,0|0|0|0|3|1|0|0,-120.0,100.0,-110.0,-110.0,1.5,8.5,espn,401695178,HOU,STL,regular,Ronel Blanco,Steven Matz,,,,,,,,
2025,2025-04-16,Chicago Cubs,San Diego Padres,2.0,4.0,False,0|0|1|0|0|0|0|1|0,0|0|2|0|0|0|1|1,105.0,-125.0,-110.0,-110.0,1.5,7.5,espn,401695181,CHC,SD,regular,Matthew Boyd,Nick Pivetta,,,,,,,,
2025,2025-04-16,Cleveland Guardians,Baltimore Orioles,1.0,9.0,False,0|0|1|0|0|0|0|0|0,0|4|0|0|0|0|1|4,-105.0,-115.0,115.0,-135.0,-1.5,7.5,espn,401695171,CLE,BAL,regular,Gavin Williams,Dean Kremer,,,,,,,,
2025,2025-04-16,Arizona Diamondbacks,Miami Marlins,6.0,2.0,False,0|1|0|0|1|1|1|2|0,0|0|0|1|0|0|0|1|0,-180.0,150.0,-150.0,125.0,1.5,8.5,espn,401695168,ARI,MIA,regular,Brandon Pfaadt,Max Meyer,,,,,,,,
2025,2025-04-16,Seattle Mariners,Cincinnati Reds,5.0,3.0,False,1|1|0|1|1|0|1|0|0,0|0|0|0|0|0|3|0|0,-135.0,115.0,-110.0,-110.0,1.5,8.5,espn,401695173,SEA,CIN,regular,Bryce Miller,Nick Martinez,,,,,,,,
2025,2025-04-16,Washington Nationals,Pittsburgh Pirates,1.0,6.0,False,0|0|0|0|0|0|0|0|1,0|0|0|0|1|0|5|0,-105.0,-115.0,-105.0,-115.0,1.5,8.5,espn,401695175,WSH,PIT,regular,Mitchell Parker,Bailey Falter,,,,,,,,
2025,2025-04-16,San Francisco Giants,Philadelphia Phillies,11.0,4.0,False,4|0|0|0|1|2|4|0|0,2|0|0|2|0|0|0|0|0,120.0,-145.0,120.0,-145.0,-1.5,8.5,espn,401695174,SF,PHI,regular,Robbie Ray,Aaron Nola,,,,,,,,
2025,2025-04-16,Boston Red Sox,Tampa Bay Rays,1.0,0.0,False,0|0|1|0|0|0|0|0|0,0|0|0|0|0|0|0|0|0,115.0,-135.0,110.0,-130.0,-1.5,8.5,espn,401695170,BOS,TB,regular,Sean Newcomb,Zack Littell,,,,,,,,
2025,2025-04-16,Kansas City Royals,New York Yankees,3.0,4.0,False,1|0|0|0|2|0|0|0|0,0|0|2|1|0|0|1|0,140.0,-165.0,130.0,-155.0,-1.5,7.5,espn,401695172,KC,NYY,regular,Kris Bubic,Clarke Schmidt,,,,,,,,
2025,2025-04-16,Athletics,Chicago White Sox,3.0,1.0,False,0|0|0|0|0|3|0|0|0,0|0|1|0|0|0|0|0|0,-160.0,135.0,-160.0,135.0,1.5,7.5,espn,401695180,ATH,CHW,regular,Osvaldo Bido,Jonathan Cannon,,,,,,,,
2025,2025-04-16,Los Angeles Angels,Texas Rangers,1.0,3.0,False,0|0|0|0|0|1|0|0|0,0|3|0|0|0|0|0|0,-115.0,-105.0,-135.0,115.0,1.5,9.5,espn,401695176,LAA,TEX,regular,Jose Soriano,Patrick Corbin,,,,,,,,
2025,2025-04-16,Colorado Rockies,Los Angeles Dodgers,7.0,8.0,False,1|0|5|0|0|0|1|0|0,7|0|0|0|1|0|0|0,250.0,-310.0,260.0,-325.0,-2.5,8.5,espn,401695182,COL,LAD,regular,German Marquez,Bobby Miller,,,,,,,,
2025,2025-04-17,Arizona Diamondbacks,Miami Marlins,6.0,4.0,False,2|0|1|2|1|0|0|0|0,1|0|0|1|1|0|1|0|0,-155.0,130.0,-150.0,125.0,1.5,8.5,espn,401695183,ARI,MIA,regular,Eduardo Rodriguez,Edward Cabrera,,,,,,,,
2025,2025-04-17,Washington Nationals,Pittsburgh Pirates,0.0,1.0,False,0|0|0|0|0|0|0|0|0,1|0|0|0|0|0|0|0,105.0,-125.0,125.0,-150.0,-1.5,7.5,espn,401695190,WSH,PIT,regular,Trevor Williams,Andrew Heaney,,,,,,,,
2025,2025-04-17,Seattle Mariners,Cincinnati Reds,11.0,7.0,False,0|0|0|2|2|0|0|1|2|4,2|0|0|0|0|0|1|4|0|0,-130.0,110.0,105.0,-125.0,-1.5,8.5,espn,401695187,SEA,CIN,regular,Emerson Hancock,Brady Singer,,,,,,,,
2025,2025-04-17,Athletics,Chicago White Sox,8.0,0.0,False,1|0|0|0|1|2|1|0|3,0|0|0|0|0|0|0|0|0,-155.0,130.0,-135.0,115.0,1.5,7.5,espn,401695192,ATH,CHW,regular,JP Sears,Davis Martin,,,,,,,,
2025,2025-04-17,San Francisco Giants,Philadelphia Phillies,4.0,6.0,False,1|0|0|0|0|2|0|0|1,5|0|0|0|0|0|0|1,135.0,-160.0,165.0,-200.0,-1.5,7.5,espn,401695188,SF,PHI,regular,Jordan Hicks,Cristopher Sanchez,,,,,,,,
2025,2025-04-17,Cleveland Guardians,Baltimore Orioles,2.0,6.0,False,0|0|2|0|0|0|0|0|0,1|0|3|0|0|2|0|0,-115.0,-105.0,110.0,-130.0,-1.5,8.5,espn,401695184,CLE,BAL,regular,Tanner Bibee,Tomoyuki Sugano,,,,,,,,
2025,2025-04-17,Kansas City Royals,Detroit Tigers,1.0,6.0,False,0|0|0|0|0|0|0|1|0,0|0|3|0|1|0|0|2,130.0,-155.0,135.0,-160.0,-1.5,7.5,espn,401695185,KC,DET,regular,Michael Lorenzen,Reese Olson,,,,,,,,
2025,2025-04-17,New York Yankees,Tampa Bay Rays,6.0,3.0,False,1|0|0|0|2|3|0|0|0,0|1|2|0|0|0|0|0|0,100.0,-120.0,100.0,-120.0,1.5,9.5,espn,401695186,NYY,TB,regular,Will Warren,Taj Bradley,,,,,,,,
2025,2025-04-17,St. Louis Cardinals,New York Mets,1.0,4.0,False,0|0|1|0|0|0|0|0|0,0|4|0|0|0|0|0|0,125.0,-150.0,120.0,-140.0,-1.5,7.5,espn,401695189,STL,NYM,regular,Andre Pallante,Griffin Canning,,,,,,,,
2025,2025-04-17,Los Angeles Angels,Texas Rangers,3.0,5.0,False,1|0|0|0|2|0|0|0|0,1|2|1|0|0|0|1|0,125.0,-150.0,130.0,-155.0,-1.5,9.5,espn,401695191,LAA,TEX,regular,Jack Kochanowicz,Kumar Rocker,,,,,,,,
2025,2025-04-18,Arizona Diamondbacks,Chicago Cubs,11.0,13.0,False,0|0|0|0|1|0|0|10|0,0|2|0|0|0|0|5|6,-135.0,115.0,-110.0,-110.0,1.5,11.5,espn,401695202,ARI,CHC,regular,Corbin Burnes,Colin Rea,,,,,,,,
2025,2025-04-18,Cleveland Guardians,Pittsburgh Pirates,10.0,7.0,False,0|0|2|2|1|0|5|0|0,1|0|1|0|0|0|3|0|2,-120.0,100.0,-125.0,105.0,1.5,8.5,espn,401695195,CLE,PIT,regular,Luis Ortiz,Carmen Mlodzinski,,,,,,,,
2025,2025-04-18,Kansas City Royals,Detroit Tigers,3.0,7.0,False,1|0|0|0|0|0|0|0|2,0|1|0|1|3|0|2|0,-130.0,110.0,-150.0,125.0,1.5,7.5,espn,401695196,KC,DET,regular,Cole Ragans,Jackson Jobe,,,,,,,,
2025,2025-04-18,Miami Marlins,Philadelphia Phillies,2.0,7.0,False,0|0|0|0|0|2|0|0|0,2|4|0|0|1|0|0|0,180.0,-215.0,195.0,-235.0,-1.5,8.5,espn,401695197,MIA,PHI,regular,Sandy Alcantara,Zack Wheeler,,,,,,,,
2025,2025-04-18,Cincinnati Reds,Baltimore Orioles,8.0,3.0,False,0|0|3|4|0|1|0|0|0,0|1|0|0|0|0|0|2|0,135.0,-160.0,140.0,-165.0,-1.5,9.5,espn,401695194,CIN,BAL,regular,Andrew Abbott,Cade Povich,,,,,,,,
2025,2025-04-18,New York Yankees,Tampa Bay Rays,1.0,0.0,False,0|1|0|0|0|0|0|0|0,0|0|0|0|0|0|0|0|0,-110.0,-110.0,-120.0,100.0,1.5,7.5,espn,401695199,NYY,TB,regular,Carlos Rodon,Drew Rasmussen,,,,,,,,
2025,2025-04-18,Seattle Mariners,Toronto Blue Jays,1.0,3.0,False,0|1|0|0|0|0|0|0|0,1|1|0|1|0|0|0|0,-120.0,100.0,100.0,-120.0,1.5,8.5,espn,401695200,SEA,TOR,regular,Bryan Woo,Bowden Francis,,,,,,,,
2025,2025-04-18,Chicago White Sox,Boston Red Sox,3.0,10.0,False,0|0|0|1|0|1|0|0|1,3|0|1|2|0|0|3|1,150.0,-180.0,195.0,-235.0,-1.5,9.5,espn,401695193,CHW,BOS,regular,Martin Perez,Hunter Dobbins,,,,,,,,
2025,2025-04-18,St. Louis Cardinals,New York Mets,4.0,5.0,False,0|1|0|1|0|1|0|0|1,0|0|0|0|2|1|0|1|1,145.0,-175.0,160.0,-190.0,-1.5,8.5,espn,401695201,STL,NYM,regular,Miles Mikolas,David Peterson,,,,,,,,
2025,2025-04-18,Minnesota Twins,Atlanta Braves,4.0,6.0,False,0|2|1|1|0|0|0|0|0,0|0|0|0|1|0|0|5,120.0,-145.0,130.0,-155.0,-1.5,8.5,espn,401695198,MIN,ATL,regular,Chris Paddack,Bryce Elder,,,,,,,,
2025,2025-04-18,Los Angeles Dodgers,Texas Rangers,3.0,0.0,False,1|0|0|0|0|0|0|0|2,0|0|0|0|0|0|0|0|0,-150.0,125.0,-125.0,105.0,1.5,7.5,espn,401695203,LAD,TEX,regular,Yoshinobu Yamamoto,Jacob deGrom,,,,,,,,
2025,2025-04-18,Athletics,Milwaukee Brewers,3.0,5.0,False,0|0|0|0|0|1|0|0|2,0|0|2|0|1|0|2|0,130.0,-155.0,160.0,-190.0,-1.5,7.5,espn,401695204,ATH,MIL,regular,J.T. Ginn,Freddy Peralta,,,,,,,,
2025,2025-04-18,San Diego Padres,Houston Astros,4.0,6.0,False,0|1|0|1|0|0|2|0|0,0|3|1|1|0|0|0|1,110.0,-130.0,145.0,-175.0,-1.5,8.5,espn,401695205,SD,HOU,regular,Kyle Hart,Ryan Gusto,,,,,,,,
2025,2025-04-18,San Francisco Giants,Los Angeles Angels,0.0,2.0,False,0|0|0|0|0|0|0|0|0,0|2|0|0|0|0|0|0,-160.0,135.0,-145.0,120.0,1.5,7.5,espn,401695207,SF,LAA,regular,Logan Webb,Tyler Anderson,,,,,,,,
2025,2025-04-19,Miami Marlins,Philadelphia Phillies,10.0,11.0,False,0|0|0|1|0|3|0|0|6,0|0|4|3|2|0|2|0,150.0,-180.0,185.0,-225.0,-1.5,10.5,espn,401695212,MIA,PHI,regular,Cal Quantrill,Taijuan Walker,,,,,,,,
2025,2025-04-19,Kansas City Royals,Detroit Tigers,1.0,3.0,False,0|0|0|0|0|0|1|0|0,0|0|0|0|3|0|0|0,100.0,-120.0,115.0,-135.0,-1.5,7.5,espn,401695211,KC,DET,regular,Seth Lugo,Casey Mize,,,,,,,,
2025,2025-04-19,Arizona Diamondbacks,Chicago Cubs,2.0,6.0,False,1|0|0|0|0|0|0|0|1,2|4|0|0|0|0|0|0,100.0,-120.0,110.0,-130.0,-1.5,7.5,espn,401695217,ARI,CHC,regular,Zac Gallen,Ben Brown,,,,,,,,
2025,2025-04-19,Seattle Mariners,Toronto Blue Jays,8.0,4.0,False,0|0|0|0|2|0|1|0|0|0|0|5,1|0|0|0|1|1|0|0|0|0|0|1,-120.0,100.0,-110.0,-110.0,1.5,7.5,espn,401695215,SEA,TOR,regular,Logan Gilbert,Jose Berrios,,,,,,,,
2025,2025-04-19,Cincinnati Reds,Baltimore Orioles,5.0,9.0,False,1|2|0|0|0|1|0|0|1,2|1|2|0|0|0|2|2,-115.0,-105.0,105.0,-125.0,1.5,8.5,espn,401695209,CIN,BAL,regular,Hunter Greene,Brandon Young,,,,,,,,
2025,2025-04-19,Cleveland Guardians,Pittsburgh Pirates,3.0,0.0,False,0|0|1|0|0|0|1|1|0,0|0|0|0|0|0|0|0|0,150.0,-180.0,145.0,-175.0,-1.5,8.5,espn,401695210,CLE,PIT,regular,Ben Lively,Paul Skenes,,,,,,,,
2025,2025-04-19,St. Louis Cardinals,New York Mets,0.0,3.0,False,0|0|0|0|0|0|0|0|0,0|0|2|0|0|0|0|1,140.0,-165.0,175.0,-210.0,-1.5,8.5,espn,401695216,STL,NYM,regular,Matthew Liberatore,Kodai Senga,,,,,,,,
2025,2025-04-19,Los Angeles Dodgers,Texas Rangers,3.0,4.0,False,0|0|0|3|0|0|0|0|0,0|0|2|0|0|0|0|0|2,-130.0,110.0,100.0,-120.0,1.5,8.5,espn,401695218,LAD,TEX,regular,Roki Sasaki,Nathan Eovaldi,,,,,,,,
2025,2025-04-19,Chicago White Sox,Boston Red Sox,3.0,4.0,False,0|0|0|0|0|0|3|0|0|0,0|0|0|0|3|0|0|0|0|1,280.0,-350.0,270.0,-340.0,-2.5,9.5,espn,401695208,CHW,BOS,regular,Shane Smith,Garrett Crochet,,,,,,,,
2025,2025-04-19,New York Yankees,Tampa Bay Rays,8.0,10.0,False,2|1|0|3|0|0|0|0|2|0,0|0|1|3|0|0|0|0|4|2,125.0,-150.0,-110.0,-110.0,-1.5,8.5,espn,401695214,NYY,TB,regular,Carlos Carrasco,Shane Baz,,,,,,,,
2025,2025-04-19,Washington Nationals,Colorado Rockies,12.0,11.0,False,0|2|0|5|2|0|3|0|0,0|2|0|0|0|0|8|0|1,-135.0,115.0,-145.0,120.0,1.5,9.5,espn,401695221,WSH,COL,regular,MacKenzie Gore,Chase Dollander,,,,,,,,
2025,2025-04-19,Athletics,Milwaukee Brewers,3.0,1.0,False,0|0|0|0|1|1|0|0|1,0|0|1|0|0|0|0|0|0,105.0,-125.0,115.0,-135.0,-1.5,8.5,espn,401695219,ATH,MIL,regular,Luis Severino,Chad Patrick,,,,,,,,
2025,2025-04-19,San Diego Padres,Houston Astros,2.0,3.0,False,0|0|1|0|1|0|0|0|0,0|0|0|0|0|2|1|0,-125.0,105.0,-120.0,100.0,1.5,7.5,espn,401695220,SD,HOU,regular,Michael King,Hayden Wesneski,,,,,,,,
2025,2025-04-19,Minnesota Twins,Atlanta Braves,3.0,4.0,False,1|0|0|1|0|1|0|0|0,1|0|1|0|0|2|0|0,160.0,-190.0,200.0,-240.0,-1.5,7.5,espn,401695213,MIN,ATL,regular,Justin Topa,Chris Sale,,,,,,,,
2025,2025-04-19,San Francisco Giants,Los Angeles Angels,3.0,2.0,False,2|0|1|0|0|0|0|0|0,0|0|0|1|0|1|0|0|0,-150.0,125.0,-145.0,120.0,1.5,8.5,espn,401695222,SF,LAA,regular,Landen Roupp,Kyle Hendricks,,,,,,,,
2025,2025-04-20,Chicago White Sox,Boston Red Sox,8.0,4.0,False,2|0|0|0|0|0|3|2|1,3|1|0|0|0|0|0|0|0,205.0,-250.0,230.0,-285.0,-2.5,9.5,espn,401695223,CHW,BOS,regular,Sean Burke,Tanner Houck,,,,,,,,
2025,2025-04-20,Cincinnati Reds,Baltimore Orioles,24.0,2.0,False,0|1|7|2|2|0|3|5|4,0|1|0|0|0|0|0|1|0,140.0,-165.0,170.0,-205.0,-1.5,8.5,espn,401695224,CIN,BAL,regular,Brent Suter,Charlie Morton,,,,,,,,
2025,2025-04-20,Cleveland Guardians,Pittsburgh Pirates,5.0,4.0,False,0|0|2|0|0|0|2|0|0|1,0|0|0|0|0|1|0|0|3|0,105.0,-125.0,100.0,-120.0,1.5,8.5,espn,401695225,CLE,PIT,regular,Logan Allen,Mitch Keller,,,,,,,,
2025,2025-04-20,Miami Marlins,Philadelphia Phillies,7.0,5.0,False,0|1|0|0|0|0|1|3|0|2,3|0|0|1|0|0|0|1|0|0,225.0,-275.0,250.0,-310.0,-2.5,7.5,espn,401695227,MIA,PHI,regular,Connor Gillispie,Jesus Luzardo,,,,,,,,
2025,2025-04-20,Minnesota Twins,Atlanta Braves,2.0,6.0,False,0|0|0|1|0|0|1|0|0,2|1|2|0|1|0|0|0,105.0,-125.0,100.0,-120.0,1.5,7.5,espn,401695228,MIN,ATL,regular,Joe Ryan,Grant Holmes,,,,,,,,
2025,2025-04-20,Seattle Mariners,Toronto Blue Jays,8.0,3.0,False,3|3|0|0|0|0|2|0|0,0|2|1|0|0|0|0|0|0,-125.0,105.0,-105.0,-115.0,1.5,8.5,espn,401695230,SEA,TOR,regular,Luis Castillo,Easton Lucas,,,,,,,,
2025,2025-04-20,Kansas City Royals,Detroit Tigers,4.0,3.0,False,0|2|0|0|0|0|0|1|0|1,0|0|0|0|2|0|1|0|0|0,160.0,-190.0,185.0,-225.0,-1.5,6.5,espn,401695226,KC,DET,regular,Michael Wacha,Tarik Skubal,,,,,,,,
2025,2025-04-20,New York Yankees,Tampa Bay Rays,4.0,0.0,False,1|0|1|0|0|1|0|0|1,0|0|0|0|0|0|0|0|0,-150.0,125.0,-175.0,145.0,1.5,7.5,espn,401695229,NYY,TB,regular,Max Fried,Ryan Pepiot,,,,,,,,
2025,2025-04-20,St. Louis Cardinals,New York Mets,4.0,7.0,False,0|0|0|0|0|1|2|0|1,1|0|1|0|1|0|1|3,115.0,-135.0,115.0,-135.0,-1.5,6.5,espn,401695231,STL,NYM,regular,Sonny Gray,Clay Holmes,,,,,,,,
2025,2025-04-20,Athletics,Milwaukee Brewers,1.0,14.0,False,0|0|0|0|1|0|0|0|0,4|1|1|2|0|1|5|0,-120.0,100.0,105.0,-125.0,-1.5,8.5,espn,401695234,ATH,MIL,regular,Jeffrey Springs,Logan Henderson,,,,,,,,
2025,2025-04-20,Arizona Diamondbacks,Chicago Cubs,3.0,2.0,False,0|0|0|1|0|0|0|0|0|1|1,1|0|0|0|0|0|0|0|0|1|0,105.0,-125.0,120.0,-145.0,-1.5,7.5,espn,401695232,ARI,CHC,regular,Merrill Kelly,Jameson Taillon,,,,,,,,
2025,2025-04-20,Los Angeles Dodgers,Texas Rangers,1.0,0.0,False,0|0|0|0|0|0|0|1|0,0|0|0|0|0|0|0|0|0,-150.0,125.0,-145.0,120.0,1.5,8.5,espn,401695233,LAD,TEX,regular,Tyler Glasnow,Tyler Mahle,,,,,,,,
2025,2025-04-20,Washington Nationals,Colorado Rockies,3.0,2.0,False,0|3|0|0|0|0|0|0|0,0|0|1|0|0|1|0|0|0,-110.0,-110.0,100.0,-120.0,1.5,10.5,espn,401695236,WSH,COL,regular,Jake Irvin,Kyle Freeland,,,,,,,,
2025,2025-04-20,San Francisco Giants,Los Angeles Angels,4.0,5.0,False,0|0|0|0|1|2|0|1|0,0|0|0|0|1|0|0|0|4,-110.0,-110.0,100.0,-120.0,1.5,8.5,espn,401695237,SF,LAA,regular,Justin Verlander,Yusei Kikuchi,,,,,,,,
2025,2025-04-20,San Diego Padres,Houston Astros,3.0,2.0,False,1|0|1|0|0|0|1|0|0,0|0|0|0|2|0|0|0|0,110.0,-130.0,-105.0,-115.0,1.5,7.5,espn,401695235,SD,HOU,regular,Dylan Cease,Framber Valdez,,,,,,,,
2025,2025-04-20,Washington Nationals,Colorado Rockies,1.0,3.0,False,1|0|0|0|0|0|0|0|0,0|0|0|2|0|0|0|1,-135.0,115.0,-120.0,100.0,1.5,11.5,espn,401768543,WSH,COL,regular,Brad Lord,Antonio Senzatela,,,,,,,,
2025,2025-04-21,Chicago White Sox,Boston Red Sox,2.0,4.0,False,1|0|0|0|0|0|0|1|0,0|1|3|0|0|0|0|0,195.0,-235.0,240.0,-300.0,-2.5,9.5,espn,401695238,CHW,BOS,regular,Jonathan Cannon,Walker Buehler,,,,,,,,
2025,2025-04-21,New York Yankees,Cleveland Guardians,4.0,6.0,False,0|0|0|0|0|0|2|2|0,0|0|4|1|0|1|0|0,-125.0,105.0,-120.0,100.0,1.5,8.5,espn,401695240,NYY,CLE,regular,Clarke Schmidt,Gavin Williams,,,,,,,,
2025,2025-04-21,Cincinnati Reds,Miami Marlins,3.0,6.0,False,0|0|0|0|0|0|0|3|0,0|2|0|0|1|0|3|0,-135.0,115.0,-120.0,100.0,1.5,8.5,espn,401695239,CIN,MIA,regular,Nick Lodolo,Max Meyer,,,,,,,,
2025,2025-04-21,San Diego Padres,Detroit Tigers,4.0,6.0,False,1|1|0|0|2|0|0|0|0,2|2|2|0|0|0|0|0,105.0,-125.0,120.0,-145.0,-1.5,8.5,espn,401695242,SD,DET,regular,Randy Vasquez,Keider Montero,,,,,,,,
2025,2025-04-21,Philadelphia Phillies,New York Mets,4.0,5.0,False,0|0|0|0|0|0|0|0|4,1|1|0|0|0|0|3|0,-110.0,-110.0,110.0,-130.0,-1.5,7.5,espn,401695241,PHI,NYM,regular,Aaron Nola,Tylor Megill,,,,,,,,
2025,2025-04-21,St. Louis Cardinals,Atlanta Braves,6.0,7.0,False,0|2|0|0|0|1|0|0|3,0|0|2|0|0|0|0|5,145.0,-175.0,180.0,-215.0,-1.5,8.5,espn,401695243,STL,ATL,regular,Erick Fedde,Spencer Schwellenbach,,,,,,,,
2025,2025-04-21,Toronto Blue Jays,Houston Astros,0.0,7.0,False,0|0|0|0|0|0|0|0|0,0|0|0|0|4|0|1|2,125.0,-150.0,125.0,-150.0,-1.5,7.5,espn,401695244,TOR,HOU,regular,Kevin Gausman,Hunter Brown,,,,,,,,
2025,2025-04-21,Milwaukee Brewers,San Francisco Giants,2.0,5.0,False,0|2|0|0|0|0|0|0|0,0|1|0|0|1|1|1|1,130.0,-155.0,115.0,-135.0,-1.5,7.5,espn,401695245,MIL,SF,regular,Quinn Priester,Robbie Ray,,,,,,,,
2025,2025-04-22,New York Yankees,Cleveland Guardians,2.0,3.0,False,1|0|0|0|0|1|0|0|0,0|0|0|0|0|3|0|0,100.0,-120.0,-105.0,-115.0,1.5,8.5,espn,401695248,NYY,CLE,regular,Will Warren,Tanner Bibee,,,,,,,,
2025,2025-04-22,Cincinnati Reds,Miami Marlins,3.0,4.0,False,0|0|1|0|1|1|0|0|0,1|0|0|0|0|1|2|0,-125.0,105.0,-115.0,-105.0,1.5,8.5,espn,401695247,CIN,MIA,regular,Nick Martinez,Edward Cabrera,,,,,,,,
2025,2025-04-22,San Diego Padres,Detroit Tigers,2.0,0.0,False,0|2|0|0|0|0|0|0|0,0|0|0|0|0|0|0|0|0,110.0,-130.0,120.0,-145.0,-1.5,7.5,espn,401695250,SD,DET,regular,Nick Pivetta,Jack Flaherty,,,,,,,,
2025,2025-04-22,Baltimore Orioles,Washington Nationals,0.0,7.0,False,0|0|0|0|0|0|0|0|0,2|1|0|0|2|1|1|0,-120.0,100.0,-130.0,110.0,1.5,8.5,espn,401695246,BAL,WSH,regular,Dean Kremer,Mitchell Parker,,,,,,,,
2025,2025-04-22,Seattle Mariners,Boston Red Sox,3.0,8.0,False,1|0|0|0|0|2|0|0|0,1|0|1|0|2|0|4|0,110.0,-130.0,105.0,-125.0,1.5,9.5,espn,401695251,SEA,BOS,regular,Bryce Miller,Brayan Bello,,,,,,,,
2025,2025-04-22,Philadelphia Phillies,New York Mets,1.0,5.0,False,0|1|0|0|0|0|0|0|0,1|1|0|0|0|0|3|0,-145.0,120.0,-130.0,110.0,1.5,7.5,espn,401695249,PHI,NYM,regular,Cristopher Sanchez,Griffin Canning,,,,,,,,
2025,2025-04-22,St. Louis Cardinals,Atlanta Braves,10.0,4.0,False,0|0|2|0|0|2|0|3|3,0|0|0|3|1|0|0|0|0,155.0,-185.0,120.0,-145.0,-1.5,8.5,espn,401695252,STL,ATL,regular,Andre Pallante,Scott Blewett,,,,,,,,
2025,2025-04-22,Chicago White Sox,Minnesota Twins,2.0,4.0,False,0|1|0|0|0|0|0|0|1,0|1|1|0|0|0|0|2,205.0,-250.0,205.0,-250.0,-1.5,8.5,espn,401695253,CHW,MIN,regular,Davis Martin,Bailey Ober,,,,,,,,
2025,2025-04-22,Colorado Rockies,Kansas City Royals,3.0,4.0,False,0|0|0|0|0|0|0|0|3|0|0,0|0|0|0|0|1|0|1|1|0|1,195.0,-235.0,210.0,-255.0,-1.5,8.5,espn,401695254,COL,KC,regular,Ryan Feltner,Kris Bubic,,,,,,,,
2025,2025-04-22,Los Angeles Dodgers,Chicago Cubs,10.0,11.0,False,3|1|0|0|0|1|5|0|0|0,5|0|0|0|2|0|0|2|1|1,-145.0,120.0,-115.0,-105.0,1.5,8.5,espn,401695255,LAD,CHC,regular,Dustin May,Shota Imanaga,,,,,,,,
2025,2025-04-22,Toronto Blue Jays,Houston Astros,1.0,5.0,False,0|0|1|0|0|0|0|0|0,3|0|0|0|0|1|1|0,105.0,-125.0,-115.0,-105.0,1.5,8.5,espn,401695256,TOR,HOU,regular,Chris Bassitt,Ronel Blanco,,,,,,,,
2025,2025-04-22,Pittsburgh Pirates,Los Angeles Angels,9.0,3.0,False,0|0|2|3|1|0|0|0|3,0|0|1|2|0|0|0|0|0,155.0,-185.0,160.0,-190.0,-1.5,8.5,espn,401695258,PIT,LAA,regular,Bailey Falter,Jose Soriano,,,,,,,,
2025,2025-04-22,Tampa Bay Rays,Arizona Diamondbacks,1.0,5.0,False,0|1|0|0|0|0|0|0|0,0|0|2|0|1|0|0|2,135.0,-160.0,155.0,-185.0,-1.5,9.5,espn,401695259,TB,ARI,regular,Zack Littell,Brandon Pfaadt,,,,,,,,
2025,2025-04-22,Milwaukee Brewers,San Francisco Giants,11.0,3.0,False,0|0|3|0|0|8|0|0|0,0|0|1|0|0|0|1|1|0,115.0,-135.0,125.0,-150.0,-1.5,7.5,espn,401695257,MIL,SF,regular,Jose Quintana,Jordan Hicks,,,,,,,,
2025,2025-04-22,Texas Rangers,Athletics,8.0,5.0,False,2|0|1|0|4|1|0|0|0,0|1|1|0|0|0|1|2|0,110.0,-130.0,-105.0,-115.0,1.5,10.5,espn,401764528,TEX,ATH,regular,Patrick Corbin,Osvaldo Bido,,,,,,,,
2025,2025-04-23,St. Louis Cardinals,Atlanta Braves,1.0,4.0,False,1|0|0|0|0|0|0|0|0,0|0|0|0|0|0|1|3,135.0,-160.0,135.0,-160.0,-1.5,9.5,espn,401695267,STL,ATL,regular,Miles Mikolas,Bryce Elder,,,,,,,,
2025,2025-04-23,Cincinnati Reds,Miami Marlins,5.0,2.0,False,1|0|1|0|1|0|0|1|1,2|0|0|0|0|0|0|0|0,100.0,-120.0,-115.0,-105.0,1.5,8.5,espn,401695262,CIN,MIA,regular,Brady Singer,Sandy Alcantara,,,,,,,,
2025,2025-04-23,New York Yankees,Cleveland Guardians,5.0,1.0,False,2|2|0|0|0|0|1|0|0,1|0|0|0|0|0|0|0|0,-155.0,130.0,-165.0,140.0,1.5,8.5,espn,401695263,NYY,CLE,regular,Carlos Rodon,Luis Ortiz,,,,,,,,
2025,2025-04-23,Philadelphia Phillies,New York Mets,3.0,4.0,False,0|0|0|2|0|0|0|0|0|1,0|2|0|0|0|0|0|0|0|2,-125.0,105.0,-120.0,100.0,1.5,7.5,espn,401695264,PHI,NYM,regular,Zack Wheeler,David Peterson,,,,,,,,
2025,2025-04-23,San Diego Padres,Detroit Tigers,0.0,6.0,False,0|0|0|0|0|0|0|0|0,1|0|0|0|1|0|2|2,130.0,-155.0,140.0,-165.0,-1.5,8.5,espn,401695265,SD,DET,regular,Kyle Hart,Reese Olson,,,,,,,,
2025,2025-04-23,Baltimore Orioles,Washington Nationals,3.0,4.0,False,0|0|1|0|0|0|1|1|0,3|0|0|0|0|0|0|1,-145.0,120.0,-145.0,120.0,1.5,9.5,espn,401695261,BAL,WSH,regular,Tomoyuki Sugano,Trevor Williams,,,,,,,,
2025,2025-04-23,Seattle Mariners,Boston Red Sox,8.0,5.0,False,1|0|0|3|0|2|2|0|0,0|0|0|1|1|0|0|3|0,110.0,-130.0,120.0,-145.0,-1.5,9.5,espn,401695266,SEA,BOS,regular,Emerson Hancock,Sean Newcomb,,,,,,,,
2025,2025-04-23,Los Angeles Dodgers,Chicago Cubs,6.0,7.0,False,0|0|2|0|3|1|0|0|0,0|0|0|3|4|0|0|0,-110.0,-110.0,115.0,-135.0,-1.5,8.5,espn,401695270,LAD,CHC,regular,Ben Casparius,Matthew Boyd,,,,,,,,
2025,2025-04-23,Chicago White Sox,Minnesota Twins,3.0,6.0,False,0|0|0|0|3|0|0|0|0,0|0|1|1|1|1|2|0,200.0,-240.0,225.0,-275.0,-1.5,8.5,espn,401695268,CHW,MIN,regular,Bryse Wilson,David Festa,,,,,,,,
2025,2025-04-23,Toronto Blue Jays,Houston Astros,1.0,3.0,False,0|0|0|1|0|0|0|0|0,0|3|0|0|0|0|0|0,-105.0,-115.0,100.0,-120.0,1.5,8.5,espn,401695271,TOR,HOU,regular,Bowden Francis,Ryan Gusto,,,,,,,,
2025,2025-04-23,Pittsburgh Pirates,Los Angeles Angels,3.0,0.0,False,0|0|1|0|1|0|0|0|1,0|0|0|0|0|0|0|0|0,125.0,-150.0,110.0,-130.0,-1.5,8.5,espn,401695273,PIT,LAA,regular,Andrew Heaney,Jack Kochanowicz,,,,,,,,
2025,2025-04-23,Tampa Bay Rays,Arizona Diamondbacks,7.0,6.0,False,0|2|0|0|0|0|2|1|0|0|2,1|1|0|1|0|0|2|0|0|0|1,125.0,-150.0,140.0,-165.0,-1.5,8.5,espn,401695274,TB,ARI,regular,Taj Bradley,Eduardo Rodriguez,,,,,,,,
2025,2025-04-23,Milwaukee Brewers,San Francisco Giants,2.0,4.0,False,0|0|0|0|0|0|0|0|2,0|0|0|0|0|4|0|0,115.0,-135.0,120.0,-145.0,-1.5,6.5,espn,401695272,MIL,SF,regular,Freddy Peralta,Logan Webb,,,,,,,,
2025,2025-04-23,Texas Rangers,Athletics,2.0,5.0,False,0|0|0|1|0|1|0|0|0,4|1|0|0|0|0|0|0,-105.0,-115.0,-105.0,-115.0,1.5,9.5,espn,401764529,TEX,ATH,regular,Kumar Rocker,JP Sears,,,,,,,,
2025,2025-04-24,Chicago White Sox,Minnesota Twins,3.0,0.0,False,0|1|0|1|0|1|0|0,0|0|0|0|0|0|0,185.0,-225.0,185.0,-225.0,-1.5,7.5,espn,401695278,CHW,MIN,regular,Shane Smith,Chris Paddack,,,,,,,,
2025,2025-04-24,Seattle Mariners,Boston Red Sox,4.0,3.0,False,2|2|0|0|0|0|0|0|0,1|0|1|0|0|0|0|1|0,130.0,-155.0,150.0,-180.0,-1.5,7.5,espn,401695277,SEA,BOS,regular,Bryan Woo,Garrett Crochet,,,,,,,,
2025,2025-04-24,Colorado Rockies,Kansas City Royals,4.0,7.0,False,1|1|2|0|0|0|0|0|0,2|0|2|0|2|0|1|0,235.0,-290.0,240.0,-300.0,-2.5,7.5,espn,401695279,COL,KC,regular,German Marquez,Cole Ragans,,,,,,,,
2025,2025-04-24,Milwaukee Brewers,San Francisco Giants,5.0,6.0,False,1|1|0|3|0|0|0|0|0,1|0|1|0|2|0|0|2,110.0,-130.0,135.0,-160.0,-1.5,7.5,espn,401695280,MIL,SF,regular,Tobias Myers,Landen Roupp,,,,,,,,
2025,2025-04-24,Colorado Rockies,Kansas City Royals,2.0,6.0,False,0|0|0|0|0|1|0|1|0,0|1|1|0|3|0|0|1,220.0,-270.0,155.0,-185.0,-1.5,8.5,espn,401769126,COL,KC,regular,Chase Dollander,Michael Lorenzen,,,,,,,,
2025,2025-04-24,Baltimore Orioles,Washington Nationals,2.0,1.0,False,0|0|0|0|2|0|0|0|0,0|1|0|0|0|0|0|0|0,-125.0,105.0,-105.0,-115.0,1.5,8.5,espn,401695276,BAL,WSH,regular,Cade Povich,MacKenzie Gore,,,,,,,,
2025,2025-04-24,Pittsburgh Pirates,Los Angeles Angels,3.0,4.0,False,2|1|0|0|0|0|0|0|0,0|0|0|3|0|0|0|1,130.0,-155.0,140.0,-165.0,-1.5,9.5,espn,401695281,PIT,LAA,regular,Carmen Mlodzinski,Tyler Anderson,,,,,,,,
2025,2025-04-24,Tampa Bay Rays,Arizona Diamondbacks,7.0,4.0,False,0|0|0|0|1|2|0|0|1|3,1|2|0|0|1|0|0|0|0|0,110.0,-130.0,105.0,-125.0,-1.5,8.5,espn,401695282,TB,ARI,regular,Drew Rasmussen,Corbin Burnes,,,,,,,,
2025,2025-04-24,Texas Rangers,Athletics,3.0,4.0,False,0|0|0|3|0|0|0|0|0,0|0|2|0|0|0|0|0|2,-160.0,135.0,-150.0,125.0,1.5,8.5,espn,401764530,TEX,ATH,regular,Jacob deGrom,J.T. Ginn,,,,,,,,
2025,2025-04-25,Philadelphia Phillies,Chicago Cubs,0.0,4.0,False,0|0|0|0|0|0|0|0|0,0|1|1|1|0|0|1|0,110.0,-130.0,135.0,-160.0,-1.5,8.5,espn,401695291,PHI,CHC,regular,Taijuan Walker,Colin Rea,,,,,,,,
2025,2025-04-25,New York Mets,Washington Nationals,4.0,5.0,False,0|0|0|0|0|0|0|4|0,0|1|1|0|0|0|1|0|2,-185.0,155.0,-185.0,155.0,1.5,9.5,espn,401695286,NYM,WSH,regular,Kodai Senga,Jake Irvin,,,,,,,,
2025,2025-04-25,Toronto Blue Jays,New York Yankees,4.0,2.0,False,0|0|0|0|0|1|0|0|3,0|0|0|0|0|0|1|1|0,125.0,-150.0,125.0,-150.0,-1.5,9.5,espn,401695287,TOR,NYY,regular,Jose Berrios,Carlos Carrasco,,,,,,,,
2025,2025-04-25,Los Angeles Angels,Minnesota Twins,4.0,11.0,False,0|1|0|0|1|1|1|0|0,1|0|2|6|0|2|0|0,170.0,-205.0,155.0,-185.0,-1.5,7.5,espn,401695288,LAA,MIN,regular,Kyle Hendricks,Pablo Lopez,,,,,,,,
2025,2025-04-25,Houston Astros,Kansas City Royals,0.0,2.0,False,0|0|0|0|0|0|0|0|0,0|0|0|0|1|1|0|0,-105.0,-115.0,-120.0,100.0,1.5,7.5,espn,401695289,HOU,KC,regular,Hayden Wesneski,Seth Lugo,,,,,,,,
2025,2025-04-25,Milwaukee Brewers,St. Louis Cardinals,2.0,3.0,False,0|0|0|0|0|1|1|0|0,0|0|0|1|2|0|0|0,110.0,-130.0,115.0,-135.0,-1.5,7.5,espn,401695290,MIL,STL,regular,Chad Patrick,Matthew Liberatore,,,,,,,,
2025,2025-04-25,Cincinnati Reds,Colorado Rockies,8.0,7.0,False,1|0|3|0|2|0|2|0|0,0|1|3|0|2|0|0|1|0,-135.0,115.0,-145.0,120.0,1.5,9.5,espn,401695292,CIN,COL,regular,Andrew Abbott,Kyle Freeland,,,,,,,,
2025,2025-04-25,Atlanta Braves,Arizona Diamondbacks,8.0,2.0,False,0|3|0|0|0|2|0|3|0,0|0|0|1|0|0|0|1|0,-130.0,110.0,-125.0,105.0,1.5,8.5,espn,401695293,ATL,ARI,regular,Chris Sale,Zac Gallen,,,,,,,,
2025,2025-04-25,Miami Marlins,Seattle Mariners,8.0,4.0,False,0|0|0|0|6|0|0|2|0,0|1|0|0|0|3|0|0|0,205.0,-250.0,250.0,-310.0,-1.5,7.5,espn,401695295,MIA,SEA,regular,Cal Quantrill,Logan Gilbert,,,,,,,,
2025,2025-04-25,Tampa Bay Rays,San Diego Padres,1.0,0.0,False,0|0|1|0|0|0|0|0|0,0|0|0|0|0|0|0|0|0,125.0,-150.0,135.0,-160.0,-1.5,6.5,espn,401695297,TB,SD,regular,Shane Baz,Michael King,,,,,,,,
2025,2025-04-25,Chicago White Sox,Athletics,5.0,6.0,False,0|0|0|0|1|2|0|0|2,0|0|0|0|1|2|2|1,195.0,-235.0,200.0,-240.0,-1.5,9.5,espn,401764531,CHW,ATH,regular,Sean Burke,Luis Severino,,,,,,,,
2025,2025-04-25,Pittsburgh Pirates,Los Angeles Dodgers,3.0,0.0,False,1|0|0|0|2|0|0|0|0,0|0|0|0|0|0|0|0|0,180.0,-215.0,185.0,-225.0,-1.5,6.5,espn,401695296,PIT,LAD,regular,Paul Skenes,Yoshinobu Yamamoto,,,,,,,,
2025,2025-04-25,Texas Rangers,San Francisco Giants,2.0,0.0,False,0|0|1|0|0|1|0|0|0,0|0|0|0|0|0|0|0|0,100.0,-120.0,110.0,-130.0,-1.5,7.5,espn,401695298,TEX,SF,regular,Nathan Eovaldi,Justin Verlander,,,,,,,,
2025,2025-04-26,Baltimore Orioles,Detroit Tigers,3.0,4.0,False,0|0|0|1|0|0|1|1|0,0|2|0|0|1|0|1|0,105.0,-125.0,120.0,-145.0,-1.5,8.5,espn,401695299,BAL,DET,regular,Brandon Young,Casey Mize,,,,,,,,
2025,2025-04-26,Boston Red Sox,Cleveland Guardians,4.0,5.0,False,3|0|1|0|0|0|0|0|0,4|0|0|0|0|1|0|0,-120.0,100.0,-115.0,-105.0,1.5,7.5,espn,401769299,BOS,CLE,regular,Tanner Houck,Ben Lively,,,,,,,,
2025,2025-04-26,Los Angeles Angels,Minnesota Twins,1.0,5.0,False,0|0|1|0|0|0|0|0|0,3|1|0|0|0|1|0|0,105.0,-125.0,115.0,-135.0,-1.5,7.5,espn,401695303,LAA,MIN,regular,Yusei Kikuchi,Simeon Woods Richardson,,,,,,,,
2025,2025-04-26,Milwaukee Brewers,St. Louis Cardinals,5.0,6.0,False,0|0|0|0|2|1|0|0|2,0|1|2|2|0|0|0|0|1,140.0,-165.0,125.0,-150.0,-1.5,7.5,espn,401695305,MIL,STL,regular,Quinn Priester,Sonny Gray,,,,,,,,
2025,2025-04-26,Cincinnati Reds,Colorado Rockies,6.0,4.0,False,0|2|0|1|0|1|0|0|2,0|2|0|0|1|0|0|0|1,-190.0,160.0,-210.0,175.0,2.5,10.5,espn,401695307,CIN,COL,regular,Hunter Greene,Antonio Senzatela,,,,,,,,
2025,2025-04-26,Philadelphia Phillies,Chicago Cubs,10.0,4.0,False,0|0|0|6|0|3|1|0|0,0|0|0|0|2|0|2|0|0,-115.0,-105.0,-115.0,-105.0,1.5,6.5,espn,401695306,PHI,CHC,regular,Jesus Luzardo,Ben Brown,,,,,,,,
2025,2025-04-26,Texas Rangers,San Francisco Giants,2.0,3.0,False,1|0|1|0|0|0|0|0|0,0|0|0|0|2|0|0|0|1,105.0,-125.0,120.0,-145.0,-1.5,7.5,espn,401695313,TEX,SF,regular,Tyler Mahle,Robbie Ray,,,,,,,,
2025,2025-04-26,Chicago White Sox,Athletics,10.0,3.0,False,4|2|0|0|0|1|3|0|0,0|0|0|1|0|0|1|0|1,185.0,-225.0,195.0,-235.0,-1.5,9.5,espn,401764532,CHW,ATH,regular,Jonathan Cannon,Jeffrey Springs,,,,,,,,
2025,2025-04-26,New York Mets,Washington Nationals,2.0,0.0,False,0|2|0|0|0|0|0|0|0,0|0|0|0|0|0|0|0|0,-180.0,150.0,-190.0,160.0,1.5,9.5,espn,401695301,NYM,WSH,regular,Clay Holmes,Brad Lord,,,,,,,,
2025,2025-04-26,Boston Red Sox,Cleveland Guardians,7.0,3.0,False,1|3|2|0|0|1|0|0|0,0|0|0|3|0|0|0|0|0,-110.0,-110.0,-125.0,105.0,1.5,7.5,espn,401695300,BOS,CLE,regular,Walker Buehler,Doug Nikhazy,,,,,,,,
2025,2025-04-26,Baltimore Orioles,Detroit Tigers,2.0,6.0,False,0|0|1|0|0|1|0|0|0,0|0|3|0|0|0|3|0,-110.0,-110.0,-125.0,105.0,1.5,8.5,espn,401769298,BAL,DET,regular,Charlie Morton,,,,,,,,,
2025,2025-04-26,Houston Astros,Kansas City Royals,0.0,2.0,False,0|0|0|0|0|0|0|0|0,1|0|0|0|1|0|0|0,-145.0,120.0,-155.0,130.0,1.5,8.5,espn,401695304,HOU,KC,regular,Framber Valdez,Michael Wacha,,,,,,,,
2025,2025-04-26,Atlanta Braves,Arizona Diamondbacks,8.0,7.0,False,1|1|0|0|0|0|2|3|0|1,0|1|0|4|0|1|0|0|1|0,110.0,-130.0,105.0,-125.0,-1.5,9.5,espn,401695308,ATL,ARI,regular,Grant Holmes,Merrill Kelly,,,,,,,,
2025,2025-04-26,Tampa Bay Rays,San Diego Padres,4.0,1.0,False,0|0|2|0|1|0|0|0|1,0|0|0|0|0|1|0|0|0,135.0,-160.0,110.0,-130.0,-1.5,6.5,espn,401695312,TB,SD,regular,Ryan Pepiot,Dylan Cease,,,,,,,,
2025,2025-04-26,Pittsburgh Pirates,Los Angeles Dodgers,4.0,8.0,False,1|0|0|0|2|0|1|0|0,2|0|0|0|1|0|1|4,200.0,-240.0,215.0,-265.0,-1.5,8.5,espn,401695311,PIT,LAD,regular,Mitch Keller,Roki Sasaki,,,,,,,,
2025,2025-04-26,Miami Marlins,Seattle Mariners,0.0,14.0,False,0|0|0|0|0|0|0|0|0,6|1|0|3|0|1|2|1,185.0,-225.0,195.0,-235.0,-1.5,7.5,espn,401695310,MIA,SEA,regular,Connor Gillispie,Luis Castillo,,,,,,,,
2025,2025-04-27,New York Mets,Washington Nationals,7.0,8.0,False,5|1|0|0|1|0|0|0|0,0|1|0|0|0|0|5|0|2,-155.0,130.0,-155.0,130.0,1.5,8.5,espn,401695316,NYM,WSH,regular,Tylor Megill,Mitchell Parker,,,,,,,,
2025,2025-04-27,Toronto Blue Jays,New York Yankees,2.0,11.0,False,1|0|0|0|0|0|0|0|1,0|0|6|0|3|1|0|1,160.0,-190.0,170.0,-205.0,-1.5,8.5,espn,401695317,TOR,NYY,regular,Kevin Gausman,Max Fried,,,,,,,,
2025,2025-04-27,Baltimore Orioles,Detroit Tigers,0.0,7.0,False,0|0|0|0|0|0|0|0|0,0|2|0|0|1|2|2|0,170.0,-205.0,205.0,-250.0,-1.5,7.5,espn,401695314,BAL,DET,regular,Dean Kremer,Tarik Skubal,,,,,,,,
2025,2025-04-27,Los Angeles Angels,Minnesota Twins,0.0,5.0,False,0|0|0|0|0|0|0|0|0,1|0|0|0|0|3|1|0,135.0,-160.0,150.0,-180.0,-1.5,7.5,espn,401695318,LAA,MIN,regular,Jose Soriano,Joe Ryan,,,,,,,,
2025,2025-04-27,Boston Red Sox,Cleveland Guardians,13.0,3.0,False,0|2|0|1|5|1|3|0|1,0|0|0|0|0|3|0|0|0,-110.0,-110.0,-115.0,-105.0,1.5,7.5,espn,401750177,BOS,CLE,regular,Brayan Bello,Logan Allen,,,,,,,,
2025,2025-04-27,Houston Astros,Kansas City Royals,7.0,3.0,False,0|0|3|0|1|2|1|0|0,0|0|0|0|1|0|1|0|1,-125.0,105.0,-155.0,130.0,1.5,7.5,espn,401695319,HOU,KC,regular,Hunter Brown,Kris Bubic,,,,,,,,
2025,2025-04-27,Milwaukee Brewers,St. Louis Cardinals,7.0,1.0,False,3|0|0|4|0|0|0|0|0,0|0|0|0|1|0|0|0|0,-110.0,-110.0,-110.0,-110.0,1.5,8.5,espn,401695320,MIL,STL,regular,Jose Quintana,Erick Fedde,,,,,,,,
2025,2025-04-27,Cincinnati Reds,Colorado Rockies,8.0,1.0,False,3|0|0|0|4|0|0|0|1,0|0|0|0|0|0|0|1|0,-160.0,135.0,-155.0,130.0,1.5,11.5,espn,401695322,CIN,COL,regular,Nick Lodolo,Ryan Feltner,,,,,,,,
2025,2025-04-27,Texas Rangers,San Francisco Giants,2.0,3.0,False,2|0|0|0|0|0|0|0|0,1|0|0|1|0|0|0|0|1,120.0,-145.0,110.0,-130.0,-1.5,7.5,espn,401695328,TEX,SF,regular,Jack Leiter,Jordan Hicks,,,,,,,,
2025,2025-04-27,Chicago White Sox,Athletics,2.0,3.0,False,1|0|0|0|0|0|0|0|0|1,1|0|0|0|0|0|0|0|0|2,180.0,-215.0,160.0,-190.0,-1.5,9.5,espn,401764533,CHW,ATH,regular,Davis Martin,Osvaldo Bido,,,,,,,,
2025,2025-04-27,Atlanta Braves,Arizona Diamondbacks,4.0,6.0,False,0|0|0|0|1|0|2|0|1,1|1|0|1|1|0|2|0,-115.0,-105.0,-115.0,-105.0,1.5,8.5,espn,401695323,ATL,ARI,regular,Spencer Schwellenbach,Brandon Pfaadt,,,,,,,,
2025,2025-04-27,Miami Marlins,Seattle Mariners,6.0,7.0,False,1|0|0|0|1|1|0|3|0,1|3|0|1|2|0|0|0,140.0,-165.0,120.0,-145.0,-1.5,7.5,espn,401695325,MIA,SEA,regular,Max Meyer,Logan Evans,,,,,,,,
2025,2025-04-27,Pittsburgh Pirates,Los Angeles Dodgers,2.0,9.0,False,2|0|0|0|0|0|0|0|0,4|1|0|0|3|1|0|0,280.0,-350.0,270.0,-340.0,-2.5,8.5,espn,401695326,PIT,LAD,regular,Bailey Falter,Tyler Glasnow,,,,,,,,
2025,2025-04-27,Tampa Bay Rays,San Diego Padres,4.0,2.0,False,0|0|2|0|1|0|0|0|1,0|1|1|0|0|0|0|0|0,105.0,-125.0,-115.0,-105.0,1.5,8.5,espn,401695327,TB,SD,regular,Zack Littell,Randy Vasquez,,,,,,,,
2025,2025-04-27,Toronto Blue Jays,New York Yankees,1.0,5.0,False,0|0|1|0|0|0|0|0|0,1|0|0|0|0|3|0|1,160.0,-190.0,135.0,-160.0,-1.5,8.5,espn,401769356,TOR,NYY,regular,Chris Bassitt,Clarke Schmidt,,,,,,,,
2025,2025-04-27,Philadelphia Phillies,Chicago Cubs,3.0,1.0,False,0|0|1|0|0|0|0|0|0|2,0|1|0|0|0|0|0|0|0|0,-105.0,-115.0,100.0,-120.0,1.5,8.5,espn,401695321,PHI,CHC,regular,Aaron Nola,Jameson Taillon,,,,,,,,
2025,2025-04-28,New York Mets,Washington Nationals,19.0,5.0,False,0|2|0|0|1|3|5|4|4,0|0|0|0|0|0|0|5|0,-160.0,135.0,-175.0,145.0,1.5,9.5,espn,401695331,NYM,WSH,regular,Griffin Canning,Trevor Williams,,,,,,,,
2025,2025-04-28,Minnesota Twins,Cleveland Guardians,11.0,1.0,False,2|2|0|0|2|3|0|2|0,0|0|0|0|1|0|0|0|0,105.0,-125.0,105.0,-125.0,1.5,8.5,espn,401695329,MIN,CLE,regular,Bailey Ober,Gavin Williams,,,,,,,,
2025,2025-04-28,New York Yankees,Baltimore Orioles,3.0,4.0,False,0|0|0|0|0|0|1|2|0,0|1|3|0|0|0|0|0,-120.0,100.0,-130.0,110.0,1.5,9.5,espn,401695330,NYY,BAL,regular,Will Warren,Tomoyuki Sugano,,,,,,,,
2025,2025-04-28,St. Louis Cardinals,Cincinnati Reds,1.0,3.0,False,1|0|0|0|0|0|0|0|0,0|0|1|1|0|1|0|0,100.0,-120.0,105.0,-125.0,1.5,9.5,espn,401695332,STL,CIN,regular,Andre Pallante,Nick Martinez,,,,,,,,
2025,2025-04-28,Athletics,Texas Rangers,2.0,1.0,False,0|0|0|0|2|0|0|0|0,0|0|0|0|0|1|0|0|0,100.0,-120.0,-110.0,-110.0,1.5,9.5,espn,401695334,ATH,TEX,regular,JP Sears,Patrick Corbin,,,,,,,,
2025,2025-04-28,Detroit Tigers,Houston Astros,5.0,8.0,False,0|0|2|1|0|0|0|2|0,0|0|0|2|0|2|4|0,-115.0,-105.0,105.0,-125.0,1.5,7.5,espn,401695333,DET,HOU,regular,Jack Flaherty,Ronel Blanco,,,,,,,,
2025,2025-04-28,Atlanta Braves,Colorado Rockies,6.0,3.0,False,0|0|2|1|2|0|1|0|0,3|0|0|0|0|0|0|0|0,-180.0,150.0,-180.0,150.0,1.5,10.5,espn,401695335,ATL,COL,regular,Bryce Elder,Ryan Feltner,,,,,,,,
2025,2025-04-28,Miami Marlins,Los Angeles Dodgers,6.0,7.0,False,0|0|0|0|0|5|0|0|0|1,1|0|1|1|2|0|0|0|0|2,240.0,-300.0,235.0,-290.0,-2.5,8.5,espn,401695336,MIA,LAD,regular,Edward Cabrera,Dustin May,,,,,,,,
2025,2025-04-29,Minnesota Twins,Cleveland Guardians,1.0,2.0,False,0|0|0|0|1|0|0|0|0,0|0|1|0|0|0|0|0|1,130.0,-155.0,110.0,-130.0,-1.5,8.5,espn,401695341,MIN,CLE,regular,Chris Paddack,Tanner Bibee,,,,,,,,
2025,2025-04-29,New York Yankees,Baltimore Orioles,15.0,3.0,False,5|1|0|3|3|0|1|1|1,0|0|0|0|0|1|1|0|1,-150.0,125.0,-175.0,145.0,1.5,9.5,espn,401695342,NYY,BAL,regular,Carlos Rodon,Kyle Gibson,,,,,,,,
2025,2025-04-29,Chicago Cubs,Pittsburgh Pirates,9.0,0.0,False,0|0|0|2|2|0|3|1|1,0|0|0|0|0|0|0|0|0,-145.0,120.0,-150.0,125.0,1.5,8.5,espn,401695339,CHC,PIT,regular,Shota Imanaga,Andrew Heaney,,,,,,,,
2025,2025-04-29,Washington Nationals,Philadelphia Phillies,6.0,7.0,False,0|0|0|0|0|1|1|0|4,2|0|1|0|0|0|0|2|2,185.0,-225.0,160.0,-190.0,-1.5,8.5,espn,401695344,WSH,PHI,regular,MacKenzie Gore,Zack Wheeler,,,,,,,,
2025,2025-04-29,Kansas City Royals,Tampa Bay Rays,3.0,1.0,False,1|1|0|0|0|0|0|0|1,0|0|0|1|0|0|0|0|0,125.0,-150.0,135.0,-160.0,-1.5,8.5,espn,401695340,KC,TB,regular,Michael Lorenzen,Taj Bradley,,,,,,,,
2025,2025-04-29,Boston Red Sox,Toronto Blue Jays,10.0,2.0,False,2|1|4|0|0|0|0|1|2,0|0|2|0|0|0|0|0|0,-155.0,130.0,-135.0,115.0,1.5,7.5,espn,401695338,BOS,TOR,regular,Garrett Crochet,Bowden Francis,,,,,,,,
2025,2025-04-29,Arizona Diamondbacks,New York Mets,3.0,8.0,False,0|0|0|0|1|0|0|1|1,0|4|3|1|0|0|0|0,130.0,-155.0,120.0,-145.0,-1.5,8.5,espn,401695337,ARI,NYM,regular,Eduardo Rodriguez,David Peterson,,,,,,,,
2025,2025-04-29,Milwaukee Brewers,Chicago White Sox,7.0,2.0,False,1|0|0|0|0|4|0|2|0,2|0|0|0|0|0|0|0|0,-235.0,195.0,-255.0,210.0,2.5,7.5,espn,401695346,MIL,CHW,regular,Freddy Peralta,Bryse Wilson,,,,,,,,
2025,2025-04-29,Athletics,Texas Rangers,2.0,15.0,False,0|0|0|0|0|0|2|0|0,0|1|2|1|0|8|0|3,170.0,-205.0,175.0,-210.0,-1.5,8.5,espn,401695347,ATH,TEX,regular,Jacob Lopez,Jacob deGrom,,,,,,,,
2025,2025-04-29,Detroit Tigers,Houston Astros,4.0,6.0,False,1|0|0|0|1|0|0|0|2,0|0|0|0|0|3|3|0,-110.0,-110.0,-105.0,-115.0,1.5,8.5,espn,401695345,DET,HOU,regular,Reese Olson,Ryan Gusto,,,,,,,,
2025,2025-04-29,Atlanta Braves,Colorado Rockies,8.0,2.0,False,0|2|0|3|1|1|0|1|0,0|1|0|0|0|1|0|0|0,-190.0,160.0,-190.0,160.0,1.5,10.5,espn,401695348,ATL,COL,regular,AJ Smith-Shawver,German Marquez,,,,,,,,
2025,2025-04-29,Los Angeles Angels,Seattle Mariners,3.0,5.0,False,0|0|0|0|0|0|1|2|0,0|3|0|0|0|0|2|0,150.0,-180.0,175.0,-210.0,-1.5,7.5,espn,401695349,LAA,SEA,regular,Jack Kochanowicz,Bryce Miller,,,,,,,,
2025,2025-04-29,San Francisco Giants,San Diego Padres,4.0,7.0,False,0|0|0|1|0|3|0|0|0,3|0|0|2|0|0|2|0,-125.0,105.0,-115.0,-105.0,1.5,6.5,espn,401695351,SF,SD,regular,Logan Webb,Nick Pivetta,,,,,,,,
2025,2025-04-29,Miami Marlins,Los Angeles Dodgers,2.0,15.0,False,1|0|0|0|0|0|1|0|0,3|1|3|0|0|4|1|3,160.0,-190.0,170.0,-205.0,-1.5,8.5,espn,401695350,MIA,LAD,regular,Sandy Alcantara,Jack Dreyer,,,,,,,,
2025,2025-04-30,St. Louis Cardinals,Cincinnati Reds,6.0,0.0,False,1|0|0|0|0|0|0|0|5,0|0|0|0|0|0|0|0|0,130.0,-155.0,125.0,-150.0,-1.5,9.5,espn,401769679,STL,CIN,regular,Miles Mikolas,Brady Singer,,,,,,,,
2025,2025-04-30,Detroit Tigers,Houston Astros,7.0,4.0,False,0|2|5|0|0|0|0|0|0,1|0|0|0|2|0|1|0|0,120.0,-145.0,100.0,-120.0,-1.5,8.5,espn,401695360,DET,HOU,regular,Jackson Jobe,AJ Blubaugh,,,,,,,,
2025,2025-04-30,Atlanta Braves,Colorado Rockies,1.0,2.0,False,0|0|1|0|0|0|0|0|0,0|1|1|0|0|0|0|0,-250.0,205.0,-270.0,220.0,2.5,9.5,espn,401695363,ATL,COL,regular,Chris Sale,Chase Dollander,,,,,,,,
2025,2025-04-30,Miami Marlins,Los Angeles Dodgers,7.0,12.0,False,0|0|0|2|0|1|0|0|4,0|1|3|0|0|4|1|3,235.0,-290.0,250.0,-310.0,-2.5,9.5,espn,401695365,MIA,LAD,regular,Cal Quantrill,Tony Gonsolin,,,,,,,,
2025,2025-04-30,Los Angeles Angels,Seattle Mariners,3.0,9.0,False,1|0|1|1|0|0|0|0|0,0|2|1|0|0|0|6|0,125.0,-150.0,120.0,-145.0,-1.5,8.5,espn,401695364,LAA,SEA,regular,Tyler Anderson,Emerson Hancock,,,,,,,,
2025,2025-04-30,San Francisco Giants,San Diego Padres,3.0,5.0,False,0|0|0|0|0|1|1|1|0,0|1|1|0|2|1|0|0,115.0,-135.0,120.0,-145.0,-1.5,6.5,espn,401695366,SF,SD,regular,Landen Roupp,Michael King,,,,,,,,
2025,2025-04-30,Minnesota Twins,Cleveland Guardians,2.0,4.0,False,0|0|0|0|0|0|0|1|1,0|0|0|0|0|0|4|0,-135.0,115.0,-110.0,-110.0,1.5,7.5,espn,401695356,MIN,CLE,regular,Pablo Lopez,Luis Ortiz,,,,,,,,
2025,2025-04-30,New York Yankees,Baltimore Orioles,4.0,5.0,False,2|0|0|0|1|0|1|0|0,0|4|0|0|1|0|0|0,-115.0,-105.0,-105.0,-115.0,1.5,9.5,espn,401695357,NYY,BAL,regular,Carlos Carrasco,Cade Povich,,,,,,,,
2025,2025-04-30,Chicago Cubs,Pittsburgh Pirates,3.0,4.0,False,0|0|0|0|3|0|0|0|0,1|0|0|1|0|0|2|0,-175.0,145.0,-175.0,145.0,1.5,8.5,espn,401695354,CHC,PIT,regular,Matthew Boyd,Carmen Mlodzinski,,,,,,,,
2025,2025-04-30,St. Louis Cardinals,Cincinnati Reds,9.0,1.0,False,3|1|5|0|0|0|0|0|0,0|0|0|0|0|1|0|0|0,110.0,-130.0,100.0,-120.0,1.5,9.5,espn,401695358,STL,CIN,regular,Steven Matz,Chase Petty,,,,,,,,
2025,2025-04-30,Washington Nationals,Philadelphia Phillies,2.0,7.0,False,0|0|1|0|1|0|0|0|0,3|0|0|1|1|1|0|1,185.0,-225.0,205.0,-250.0,-1.5,7.5,espn,401695359,WSH,PHI,regular,Jake Irvin,Cristopher Sanchez,,,,,,,,
2025,2025-04-30,Kansas City Royals,Tampa Bay Rays,3.0,0.0,False,2|0|0|0|1|0|0|0|0,0|0|0|0|0|0|0|0|0,150.0,-180.0,140.0,-165.0,-1.5,7.5,espn,401695355,KC,TB,regular,Noah Cameron,Drew Rasmussen,,,,,,,,
2025,2025-04-30,Boston Red Sox,Toronto Blue Jays,6.0,7.0,False,2|2|0|0|0|2|0|0|0|0,0|0|0|0|0|3|3|0|0|1,-110.0,-110.0,-110.0,-110.0,1.5,9.5,espn,401695353,BOS,TOR,regular,Lucas Giolito,Yariel Rodriguez,,,,,,,,
2025,2025-04-30,Arizona Diamondbacks,New York Mets,4.0,3.0,False,0|0|0|0|0|0|2|0|2,0|0|1|0|0|0|0|0|2,-115.0,-105.0,-115.0,-105.0,1.5,8.5,espn,401695352,ARI,NYM,regular,Corbin Burnes,Huascar Brazoban,,,,,,,,
2025,2025-04-30,Milwaukee Brewers,Chicago White Sox,6.0,4.0,False,2|0|0|1|0|0|0|3|0,0|2|0|0|1|0|0|1|0,-185.0,155.0,-160.0,135.0,1.5,7.5,espn,401695361,MIL,CHW,regular,Tobias Myers,Shane Smith,,,,,,,,
2025,2025-04-30,Athletics,Texas Rangers,7.0,1.0,False,0|0|1|0|0|0|0|0|6,0|0|0|1|0|0|0|0|0,125.0,-150.0,135.0,-160.0,-1.5,8.5,espn,401695362,ATH,TEX,regular,Luis Severino,Nathan Eovaldi,,,,,,,,
2025,2025-05-01,Chicago Cubs,Pittsburgh Pirates,8.0,3.0,False,0|0|0|0|3|0|2|0|3,1|0|1|0|0|0|0|1|0,125.0,-150.0,105.0,-125.0,-1.5,7.5,espn,401695369,CHC,PIT,regular,Colin Rea,Paul Skenes,,,,,,,,
2025,2025-05-01,St. Louis Cardinals,Cincinnati Reds,1.0,9.0,False,0|0|1|0|0|0|0|0|0,0|2|0|2|0|1|3|1,110.0,-130.0,-120.0,100.0,1.5,8.5,espn,401695372,STL,CIN,regular,Matthew Liberatore,Andrew Abbott,,,,,,,,
2025,2025-05-01,Arizona Diamondbacks,New York Mets,4.0,2.0,False,0|0|0|1|1|0|1|0|1,0|0|0|0|0|1|0|1|0,125.0,-150.0,135.0,-160.0,-1.5,8.5,espn,401695367,ARI,NYM,regular,Zac Gallen,Kodai Senga,,,,,,,,
2025,2025-05-01,Kansas City Royals,Tampa Bay Rays,8.0,2.0,False,0|0|0|1|3|3|0|1|0,1|0|0|0|0|1|0|0|0,125.0,-150.0,135.0,-160.0,-1.5,8.5,espn,401695370,KC,TB,regular,Seth Lugo,Shane Baz,,,,,,,,
2025,2025-05-01,Minnesota Twins,Cleveland Guardians,3.0,4.0,False,0|0|0|0|0|0|2|0|0|1,1|0|0|1|0|0|0|0|0|2,100.0,-120.0,-115.0,-105.0,1.5,9.5,espn,401695371,MIN,CLE,regular,Simeon Woods Richardson,Ben Lively,,,,,,,,
2025,2025-05-01,Milwaukee Brewers,Chicago White Sox,0.0,8.0,False,0|0|0|0|0|0|0|0|0,1|0|0|0|0|3|4|0,-180.0,150.0,-165.0,140.0,1.5,8.5,espn,401695374,MIL,CHW,regular,Chad Patrick,Sean Burke,,,,,,,,
2025,2025-05-01,Athletics,Texas Rangers,3.0,0.0,False,1|0|0|0|0|0|1|1|0,0|0|0|0|0|0|0|0|0,140.0,-165.0,115.0,-135.0,-1.5,8.5,espn,401695375,ATH,TEX,regular,Jeffrey Springs,Tyler Mahle,,,,,,,,
2025,2025-05-01,Washington Nationals,Philadelphia Phillies,4.0,2.0,False,0|0|0|0|0|4|0|0|0,0|0|0|0|1|1|0|0|0,150.0,-180.0,145.0,-175.0,-1.5,9.5,espn,401695373,WSH,PHI,regular,Brad Lord,Taijuan Walker,,,,,,,,
2025,2025-05-01,Boston Red Sox,Toronto Blue Jays,2.0,4.0,False,0|0|0|0|2|0|0|0|0,0|0|0|0|0|0|1|3,-110.0,-110.0,-115.0,-105.0,1.5,8.5,espn,401695368,BOS,TOR,regular,Tanner Houck,Jose Berrios,,,,,,,,
2025,2025-05-01,Detroit Tigers,Los Angeles Angels,10.0,4.0,False,0|0|2|0|0|0|0|5|3,0|1|2|1|0|0|0|0|0,-110.0,-110.0,-150.0,125.0,1.5,8.5,espn,401695377,DET,LAA,regular,Casey Mize,Yusei Kikuchi,,,,,,,,
2025,2025-05-01,Colorado Rockies,San Francisco Giants,4.0,3.0,False,0|0|1|0|0|0|1|2|0,1|0|0|0|0|2|0|0|0,185.0,-225.0,215.0,-265.0,-1.5,7.5,espn,401695376,COL,SF,regular,Kyle Freeland,Justin Verlander,,,,,,,,
2025,2025-05-02,Washington Nationals,Cincinnati Reds,1.0,6.0,False,0|0|0|0|1|0|0|0|0,2|1|2|0|0|1|0|0,140.0,-165.0,160.0,-190.0,-1.5,8.5,espn,401695386,WSH,CIN,regular,Mitchell Parker,Hunter Greene,,,,,,,,
2025,2025-05-02,San Diego Padres,Pittsburgh Pirates,9.0,4.0,False,0|0|0|2|3|0|0|3|1,0|0|1|1|1|1|0|0|0,-150.0,125.0,-135.0,115.0,1.5,8.5,espn,401695384,SD,PIT,regular,Dylan Cease,Mitch Keller,,,,,,,,
2025,2025-05-02,Arizona Diamondbacks,Philadelphia Phillies,2.0,3.0,False,0|0|0|1|0|1|0|0|0,1|0|0|0|0|0|2|0,135.0,-160.0,135.0,-160.0,-1.5,9.5,espn,401695378,ARI,PHI,regular,Merrill Kelly,Jesus Luzardo,,,,,,,,
2025,2025-05-02,Kansas City Royals,Baltimore Orioles,0.0,3.0,False,0|0|0|0|0|0|0|0|0,0|0|0|0|0|0|3|0,105.0,-125.0,120.0,-145.0,-1.5,9.5,espn,401695380,KC,BAL,regular,Michael Wacha,Dean Kremer,,,,,,,,
2025,2025-05-02,Tampa Bay Rays,New York Yankees,0.0,3.0,False,0|0|0|0|0|0|0|0|0,0|0|0|0|3|0|0|0,160.0,-190.0,205.0,-250.0,-1.5,8.5,espn,401695385,TB,NYY,regular,Ryan Pepiot,Max Fried,,,,,,,,
2025,2025-05-02,Cleveland Guardians,Toronto Blue Jays,3.0,5.0,False,0|1|0|1|0|1|0|0|0,0|0|2|0|1|0|0|2,120.0,-145.0,140.0,-165.0,-1.5,8.5,espn,401695379,CLE,TOR,regular,Logan Allen,Chris Bassitt,,,,,,,,
2025,2025-05-02,Minnesota Twins,Boston Red Sox,1.0,6.0,False,0|0|1|0|0|0|0|0|0,1|0|0|0|0|0|2|3,-125.0,105.0,-105.0,-115.0,1.5,8.5,espn,401695382,MIN,BOS,regular,Joe Ryan,Brayan Bello,,,,,,,,
2025,2025-05-02,Athletics,Miami Marlins,6.0,1.0,False,0|2|1|0|3|0|0|0|0,0|0|0|0|0|1|0|0|0,-145.0,120.0,-135.0,105.0,1.5,9.5,espn,401695383,ATH,MIA,regular,Gunnar Hoglund,Valente Bellozo,,,,,,,,
2025,2025-05-02,Los Angeles Dodgers,Atlanta Braves,2.0,1.0,False,0|0|0|1|0|1|0|0|0,0|0|0|0|0|0|1|0|0,-175.0,145.0,-165.0,140.0,1.5,9.5,espn,401695381,LAD,ATL,regular,Yoshinobu Yamamoto,Grant Holmes,,,,,,,,
2025,2025-05-02,Houston Astros,Chicago White Sox,3.0,7.0,False,0|0|0|1|0|1|0|1|0,1|1|0|0|2|0|0|3,-250.0,205.0,-250.0,200.0,2.5,8.5,espn,401695388,HOU,CHW,regular,Framber Valdez,Jonathan Cannon,,,,,,,,
2025,2025-05-02,Seattle Mariners,Texas Rangers,13.0,1.0,False,0|0|0|1|7|2|0|0|3,0|0|0|0|0|0|0|0|1,-125.0,105.0,-135.0,115.0,1.5,8.5,espn,401695390,SEA,TEX,regular,Bryan Woo,Jack Leiter,,,,,,,,
2025,2025-05-02,Chicago Cubs,Milwaukee Brewers,10.0,0.0,False,2|7|0|0|0|0|1|0|0,0|0|0|0|0|0|0|0|0,-115.0,-105.0,-135.0,105.0,1.5,8.5,espn,401695387,CHC,MIL,regular,Ben Brown,Tyler Alexander,,,,,,,,
2025,2025-05-02,New York Mets,St. Louis Cardinals,9.0,3.0,False,0|2|0|0|4|0|2|0|1,1|0|2|0|0|0|0|0|0,-125.0,105.0,-120.0,100.0,1.5,7.5,espn,401695389,NYM,STL,regular,Clay Holmes,Sonny Gray,,,,,,,,
2025,2025-05-02,Detroit Tigers,Los Angeles Angels,9.0,1.0,False,0|0|0|0|0|0|1|0|8,1|0|0|0|0|0|0|0|0,-165.0,140.0,-190.0,160.0,1.5,7.5,espn,401695392,DET,LAA,regular,Tarik Skubal,Jose Soriano,,,,,,,,
2025,2025-05-02,Colorado Rockies,San Francisco Giants,0.0,4.0,False,0|0|0|0|0|0|0|0|0,0|3|1|0|0|0|0|0,205.0,-250.0,235.0,-290.0,-2.5,8.5,espn,401695391,COL,SF,regular,Antonio Senzatela,Robbie Ray,,,,,,,,
2025,2025-05-03,Tampa Bay Rays,New York Yankees,3.0,2.0,False,0|1|0|0|0|0|0|2|0,1|0|0|0|1|0|0|0|0,145.0,-175.0,185.0,-225.0,-1.5,9.5,espn,401695400,TB,NYY,regular,Zack Littell,Ryan Yarbrough,,,,,,,,
2025,2025-05-03,Houston Astros,Chicago White Sox,8.0,3.0,False,0|0|1|2|0|3|0|2|0,3|0|0|0|0|0|0|0|0,-250.0,205.0,-240.0,195.0,1.5,7.5,espn,401695403,HOU,CHW,regular,Hunter Brown,Davis Martin,,,,,,,,
2025,2025-05-03,Cleveland Guardians,Toronto Blue Jays,5.0,3.0,False,0|0|0|0|0|0|0|1|4,1|0|1|0|1|0|0|0|0,105.0,-125.0,135.0,-160.0,-1.5,7.5,espn,401695394,CLE,TOR,regular,Gavin Williams,Kevin Gausman,,,,,,,,
2025,2025-05-03,San Diego Padres,Pittsburgh Pirates,2.0,1.0,False,0|0|0|0|0|0|1|0|1,0|1|0|0|0|0|0|0|0,-130.0,110.0,105.0,-125.0,-1.5,9.5,espn,401695399,SD,PIT,regular,Randy Vasquez,Bailey Falter,,,,,,,,
2025,2025-05-03,Colorado Rockies,San Francisco Giants,3.0,6.0,False,0|0|0|0|0|3|0|0|0,0|0|1|0|0|5|0|0,205.0,-250.0,225.0,-275.0,-1.5,8.5,espn,401695406,COL,SF,regular,Bradley Blalock,Jordan Hicks,,,,,,,,
2025,2025-05-03,Minnesota Twins,Boston Red Sox,4.0,3.0,False,0|0|0|1|0|3|0|0|0,0|0|1|0|0|0|2|0|0,-110.0,-110.0,-105.0,-115.0,1.5,9.5,espn,401695397,MIN,BOS,regular,Bailey Ober,Hunter Dobbins,,,,,,,,
2025,2025-05-03,Athletics,Miami Marlins,6.0,9.0,False,1|1|0|2|0|1|0|1|0,0|0|2|0|2|0|0|0|5,105.0,-125.0,105.0,-125.0,-1.5,8.5,espn,401695398,ATH,MIA,regular,Osvaldo Bido,Max Meyer,,,,,,,,
2025,2025-05-03,Arizona Diamondbacks,Philadelphia Phillies,2.0,7.0,False,0|0|0|0|0|0|2|0|0,0|3|3|1|0|0|0|0,100.0,-120.0,105.0,-125.0,-1.5,9.5,espn,401695393,ARI,PHI,regular,Brandon Pfaadt,Aaron Nola,,,,,,,,
2025,2025-05-03,Washington Nationals,Cincinnati Reds,11.0,6.0,False,2|0|0|1|0|4|1|2|1,2|1|0|0|0|1|0|1|1,145.0,-175.0,155.0,-185.0,-1.5,8.5,espn,401695401,WSH,CIN,regular,Trevor Williams,Nick Lodolo,,,,,,,,
2025,2025-05-03,Seattle Mariners,Texas Rangers,2.0,1.0,False,1|0|0|0|0|0|0|0|1,0|0|0|1|0|0|0|0|0,-145.0,120.0,-130.0,110.0,1.5,9.5,espn,401695405,SEA,TEX,regular,Luis Castillo,Patrick Corbin,,,,,,,,
2025,2025-05-03,Chicago Cubs,Milwaukee Brewers,6.0,2.0,False,1|0|0|4|1|0|0|0|0,0|0|1|1|0|0|0|0|0,-105.0,-115.0,-115.0,-105.0,1.5,8.5,espn,401695402,CHC,MIL,regular,Jameson Taillon,Jose Quintana,,,,,,,,
2025,2025-05-03,Kansas City Royals,Baltimore Orioles,4.0,0.0,False,0|0|0|1|1|0|0|2|0,0|0|0|0|0|0|0|0|0,-110.0,-110.0,-110.0,-110.0,1.5,8.5,espn,401695395,KC,BAL,regular,Kris Bubic,Tomoyuki Sugano,,,,,,,,
2025,2025-05-03,Detroit Tigers,Los Angeles Angels,2.0,5.0,False,0|0|0|0|0|0|0|1|1,0|1|0|0|0|4|0|0,-190.0,160.0,-200.0,165.0,1.5,8.5,espn,401695407,DET,LAA,regular,Jack Flaherty,Kyle Hendricks,,,,,,,,
2025,2025-05-03,Los Angeles Dodgers,Atlanta Braves,10.0,3.0,False,0|1|2|4|0|0|0|3|0,0|1|0|2|0|0|0|0|0,105.0,-125.0,115.0,-135.0,-1.5,8.5,espn,401695396,LAD,ATL,regular,Roki Sasaki,Spencer Schwellenbach,,,,,,,,
2025,2025-05-04,New York Mets,St. Louis Cardinals,5.0,6.0,False,1|0|1|0|0|1|0|2|0,0|1|1|4|0|0|0|0,-135.0,115.0,-120.0,100.0,1.5,8.5,espn,401695419,NYM,STL,regular,Blade Tidwell,Erick Fedde,,,,,,,,
2025,2025-05-04,Kansas City Royals,Baltimore Orioles,11.0,6.0,False,0|1|0|2|1|1|2|2|2,0|1|1|1|2|0|0|1|0,115.0,-135.0,115.0,-135.0,-1.5,9.5,espn,401695410,KC,BAL,regular,Michael Lorenzen,Kyle Gibson,,,,,,,,
2025,2025-05-04,Minnesota Twins,Boston Red Sox,5.0,4.0,False,1|0|0|0|0|0|2|2|0,0|2|1|0|0|0|0|1|0,180.0,-215.0,155.0,-185.0,-1.5,8.5,espn,401695412,MIN,BOS,regular,Chris Paddack,Garrett Crochet,,,,,,,,
2025,2025-05-04,San Diego Padres,Pittsburgh Pirates,4.0,0.0,False,1|3|0|0|0|0|0|0|0,0|0|0|0|0|0|0|0|0,-110.0,-110.0,-110.0,-110.0,1.5,8.5,espn,401695414,SD,PIT,regular,Stephen Kolek,Andrew Heaney,,,,,,,,
2025,2025-05-04,Tampa Bay Rays,New York Yankees,7.0,5.0,False,0|1|1|3|0|0|2|0|0,0|0|0|0|0|2|0|3|0,150.0,-180.0,135.0,-160.0,-1.5,8.5,espn,401695415,TB,NYY,regular,Taj Bradley,Will Warren,,,,,,,,
2025,2025-05-04,Cleveland Guardians,Toronto Blue Jays,5.0,4.0,False,0|0|1|3|0|0|0|0|1,0|0|0|3|0|0|0|0|1,100.0,-120.0,-120.0,100.0,1.5,8.5,espn,401695409,CLE,TOR,regular,Tanner Bibee,Bowden Francis,,,,,,,,
2025,2025-05-04,Athletics,Miami Marlins,3.0,2.0,False,0|2|0|0|0|0|0|0|1,0|0|0|2|0|0|0|0|0,-135.0,115.0,-115.0,-105.0,1.5,9.5,espn,401695413,ATH,MIA,regular,JP Sears,Edward Cabrera,,,,,,,,
2025,2025-05-04,Arizona Diamondbacks,Philadelphia Phillies,11.0,9.0,False,0|0|3|4|0|0|0|0|1|3,1|0|0|1|0|3|1|0|2|1,120.0,-145.0,135.0,-160.0,-1.5,8.5,espn,401695408,ARI,PHI,regular,Eduardo Rodriguez,Ranger Suarez,,,,,,,,
2025,2025-05-04,Chicago Cubs,Milwaukee Brewers,0.0,4.0,False,0|0|0|0|0|0|0|0|0,0|0|0|0|0|4|0|0,-110.0,-110.0,-110.0,-110.0,1.5,7.5,espn,401695417,CHC,MIL,regular,Shota Imanaga,Freddy Peralta,,,,,,,,
2025,2025-05-04,Houston Astros,Chicago White Sox,4.0,5.0,False,0|2|0|0|2|0|0,0|0|0|0|3|2|0,-225.0,185.0,-185.0,155.0,1.5,8.5,espn,401695418,HOU,CHW,regular,Lance McCullers Jr.,Bryse Wilson,,,,,,,,
2025,2025-05-04,Seattle Mariners,Texas Rangers,1.0,8.0,False,0|0|1|0|0|0|0|0|0,0|0|6|0|0|0|0|2,155.0,-185.0,150.0,-180.0,-1.5,8.5,espn,401695420,SEA,TEX,regular,Logan Evans,Jacob deGrom,,,,,,,,
2025,2025-05-04,Colorado Rockies,San Francisco Giants,3.0,9.0,False,0|0|0|0|1|0|0|2|0,1|0|1|0|3|0|4|0,265.0,-335.0,315.0,-400.0,-2.5,7.5,espn,401695421,COL,SF,regular,German Marquez,Logan Webb,,,,,,,,
2025,2025-05-04,Detroit Tigers,Los Angeles Angels,13.0,1.0,False,0|3|2|0|0|3|3|0|2,0|0|0|0|0|0|1|0|0,-175.0,145.0,-175.0,145.0,1.5,8.5,espn,401695422,DET,LAA,regular,Reese Olson,Jack Kochanowicz,,,,,,,,
2025,2025-05-04,Washington Nationals,Cincinnati Reds,4.0,1.0,False,0|1|0|0|0|0|3|0|0,0|1|0|0|0|0|0|0|0,-110.0,-110.0,-115.0,-105.0,1.5,8.5,espn,401695416,WSH,CIN,regular,MacKenzie Gore,Nick Martinez,,,,,,,,
2025,2025-05-04,New York Mets,St. Louis Cardinals,4.0,5.0,False,0|0|4|0|0|0|0|0|0,0|2|2|0|0|1|0|0,-150.0,125.0,-155.0,130.0,1.5,7.5,espn,401769824,NYM,STL,regular,Tylor Megill,Andre Pallante,,,,,,,,
2025,2025-05-04,Los Angeles Dodgers,Atlanta Braves,3.0,4.0,False,0|0|0|1|0|1|1|0|0,2|0|2|0|0|0|0|0,-150.0,125.0,-135.0,115.0,1.5,9.5,espn,401695411,LAD,ATL,regular,Dustin May,Bryce Elder,,,,,,,,
2025,2025-05-05,Los Angeles Dodgers,Miami Marlins,7.0,4.0,False,1|0|2|0|2|1|1|0|0,0|0|0|0|0|1|0|3|0,-165.0,140.0,-225.0,185.0,2.5,9.5,espn,401695425,LAD,MIA,regular,Jack Dreyer,Sandy Alcantara,,,,,,,,
2025,2025-05-05,San Diego Padres,New York Yankees,4.0,3.0,False,0|0|0|0|0|0|0|4|0,0|0|2|0|0|1|0|0|0,130.0,-155.0,135.0,-160.0,-1.5,7.5,espn,401695426,SD,NYY,regular,Nick Pivetta,Carlos Rodon,,,,,,,,
2025,2025-05-05,Cincinnati Reds,Atlanta Braves,0.0,4.0,False,0|0|0|0|0|0|0|0|0,0|0|4|0|0|0|0|0,125.0,-150.0,115.0,-135.0,-1.5,8.5,espn,401695423,CIN,ATL,regular,Brady Singer,AJ Smith-Shawver,,,,,,,,
2025,2025-05-05,Chicago White Sox,Kansas City Royals,0.0,3.0,False,0|0|0|0|0|0|0|0|0,0|0|0|1|1|0|0|1,205.0,-250.0,175.0,-210.0,-1.5,7.5,espn,401695427,CHW,KC,regular,Shane Smith,Cole Ragans,,,,,,,,
2025,2025-05-05,Houston Astros,Milwaukee Brewers,1.0,5.0,False,0|0|0|0|0|1|0|0|0,0|0|3|0|0|0|0|2,-105.0,-115.0,-105.0,-115.0,1.5,8.5,espn,401695428,HOU,MIL,regular,Ronel Blanco,Tobias Myers,,,,,,,,
2025,2025-05-05,San Francisco Giants,Chicago Cubs,2.0,9.0,False,0|0|0|2|0|0|0|0|0,0|0|2|2|0|5|0|0,125.0,-150.0,145.0,-175.0,-1.5,7.5,espn,401695430,SF,CHC,regular,Landen Roupp,Matthew Boyd,,,,,,,,
2025,2025-05-05,Pittsburgh Pirates,St. Louis Cardinals,3.0,6.0,False,2|0|0|1|0|0|0|0|0,0|0|2|0|0|4|0|0,140.0,-165.0,105.0,-125.0,-1.5,8.5,espn,401695429,PIT,STL,regular,Carmen Mlodzinski,Miles Mikolas,,,,,,,,
2025,2025-05-05,New York Mets,Arizona Diamondbacks,5.0,4.0,False,0|0|0|2|0|0|3|0|0,1|0|0|0|0|0|0|3|0,-120.0,100.0,-105.0,-115.0,1.5,9.5,espn,401695431,NYM,ARI,regular,Griffin Canning,Ryne Nelson,,,,,,,,
2025,2025-05-05,Seattle Mariners,Athletics,6.0,7.0,False,0|0|4|0|0|0|0|1|0|1|0,1|1|0|2|0|0|1|0|0|1|1,-110.0,-110.0,-120.0,100.0,1.5,8.5,espn,401764534,SEA,ATH,regular,Bryce Miller,Luis Severino,,,,,,,,
2025,2025-05-06,Cleveland Guardians,Washington Nationals,9.0,10.0,False,1|1|0|0|0|0|6|0|1,1|0|2|0|1|2|4|0,-135.0,115.0,-120.0,100.0,1.5,9.5,espn,401770060,CLE,WSH,regular,Luis Ortiz,Jake Irvin,,,,,,,,
2025,2025-05-06,Los Angeles Dodgers,Miami Marlins,4.0,5.0,False,1|0|0|0|0|2|1|0|0|0,0|0|0|0|2|2|0|0|0|1,-240.0,200.0,-250.0,205.0,2.5,9.5,espn,401695435,LAD,MIA,regular,Tony Gonsolin,Cal Quantrill,,,,,,,,
2025,2025-05-06,Texas Rangers,Boston Red Sox,6.0,1.0,False,1|0|0|5|0|0|0|0|0,0|0|0|0|0|1|0|0|0,-120.0,100.0,-120.0,100.0,1.5,8.5,espn,401695438,TEX,BOS,regular,Nathan Eovaldi,Lucas Giolito,,,,,,,,
2025,2025-05-06,Philadelphia Phillies,Tampa Bay Rays,8.0,4.0,False,0|3|0|0|0|0|0|4|1,0|0|0|2|0|0|0|1|1,-130.0,110.0,-130.0,110.0,1.5,7.5,espn,401695436,PHI,TB,regular,Zack Wheeler,Drew Rasmussen,,,,,,,,
2025,2025-05-06,San Diego Padres,New York Yankees,3.0,12.0,False,0|0|0|2|0|0|1|0|0,0|0|0|2|0|0|10|0,100.0,-120.0,105.0,-125.0,-1.5,7.5,espn,401695437,SD,NYY,regular,Michael King,Clarke Schmidt,,,,,,,,
2025,2025-05-06,Cleveland Guardians,Washington Nationals,9.0,1.0,False,0|0|0|0|0|3|3|2|1,0|0|0|0|0|1|0|0|0,-120.0,100.0,-115.0,-105.0,1.5,9.5,espn,401695434,CLE,WSH,regular,Ben Lively,Brad Lord,,,,,,,,
2025,2025-05-06,Cincinnati Reds,Atlanta Braves,1.0,2.0,False,0|0|0|0|0|0|0|1|0|0,0|0|0|0|0|0|0|0|1|1,200.0,-240.0,180.0,-215.0,-1.5,8.5,espn,401695433,CIN,ATL,regular,Andrew Abbott,Chris Sale,,,,,,,,
2025,2025-05-06,Baltimore Orioles,Minnesota Twins,1.0,9.0,False,0|0|0|1|0|0|0|0|0,0|0|5|0|0|0|4|0,140.0,-165.0,140.0,-165.0,-1.5,8.5,espn,401695439,BAL,MIN,regular,Cade Povich,Pablo Lopez,,,,,,,,
2025,2025-05-06,Chicago White Sox,Kansas City Royals,3.0,4.0,False,0|0|0|1|0|1|0|1|0,0|0|0|0|0|1|0|1|2,195.0,-235.0,210.0,-255.0,-1.5,8.5,espn,401695440,CHW,KC,regular,Sean Burke,Seth Lugo,,,,,,,,
2025,2025-05-06,Houston Astros,Milwaukee Brewers,3.0,4.0,False,0|0|0|0|0|0|3|0|0,4|0|0|0|0|0|0|0,-110.0,-110.0,100.0,-120.0,1.5,7.5,espn,401695441,HOU,MIL,regular,Hayden Wesneski,Chad Patrick,,,,,,,,
2025,2025-05-06,San Francisco Giants,Chicago Cubs,14.0,5.0,False,0|2|2|1|0|0|0|0|0|0|9,0|0|2|0|1|0|0|0|2|0|0,130.0,-155.0,130.0,-155.0,-1.5,8.5,espn,401695443,SF,CHC,regular,Justin Verlander,Colin Rea,,,,,,,,
2025,2025-05-06,Pittsburgh Pirates,St. Louis Cardinals,1.0,2.0,False,0|0|0|0|0|1|0|0|0,0|0|0|0|0|2|0|0,-135.0,115.0,-115.0,-105.0,1.5,7.5,espn,401695442,PIT,STL,regular,Paul Skenes,Matthew Liberatore,,,,,,,,
2025,2025-05-06,Toronto Blue Jays,Los Angeles Angels,3.0,8.0,False,2|0|0|0|0|0|0|1|0,2|0|0|0|0|0|0|6,-110.0,-110.0,-115.0,-105.0,1.5,8.5,espn,401695447,TOR,LAA,regular,Jose Urena,Tyler Anderson,,,,,,,,
2025,2025-05-06,New York Mets,Arizona Diamondbacks,1.0,5.0,False,0|0|1|0|0|0|0|0|0,0|0|0|2|0|2|1|0,100.0,-120.0,100.0,-120.0,1.5,9.5,espn,401695445,NYM,ARI,regular,David Peterson,Zac Gallen,,,,,,,,
2025,2025-05-06,Seattle Mariners,Athletics,5.0,3.0,False,1|1|0|0|0|0|0|0|3,1|0|1|0|0|0|0|1|0,105.0,-125.0,105.0,-125.0,-1.5,10.5,espn,401764535,SEA,ATH,regular,Emerson Hancock,Jeffrey Springs,,,,,,,,
2025,2025-05-07,Cleveland Guardians,Washington Nationals,8.0,6.0,False,0|0|0|0|0|8|0|0|0,0|1|2|0|0|0|3|0|0,-135.0,115.0,-115.0,-105.0,1.5,9.5,espn,401695449,CLE,WSH,regular,Logan Allen,Michael Soroka,,,,,,,,
2025,2025-05-07,Houston Astros,Milwaukee Brewers,9.0,1.0,False,0|1|0|0|2|3|0|0|3,0|0|0|0|1|0|0|0|0,-135.0,115.0,-135.0,115.0,1.5,7.5,espn,401695456,HOU,MIL,regular,Framber Valdez,Quinn Priester,,,,,,,,
2025,2025-05-07,Pittsburgh Pirates,St. Louis Cardinals,0.0,5.0,False,0|0|0|0|0|0|0|0|0,0|0|2|0|1|0|0|2,145.0,-175.0,150.0,-180.0,-1.5,7.5,espn,401695457,PIT,STL,regular,Mitch Keller,Sonny Gray,,,,,,,,
2025,2025-05-07,San Francisco Giants,Chicago Cubs,3.0,1.0,False,1|0|0|2|0|0|0|0|0,0|0|0|1|0|0|0|0|0,115.0,-135.0,140.0,-165.0,-1.5,7.5,espn,401695458,SF,CHC,regular,Robbie Ray,Ben Brown,,,,,,,,
2025,2025-05-07,Seattle Mariners,Athletics,6.0,5.0,False,0|0|0|0|1|3|0|2|0,3|0|0|2|0|0|0|0|0,-160.0,135.0,-135.0,115.0,1.5,9.5,espn,401764536,SEA,ATH,regular,Bryan Woo,Gunnar Hoglund,,,,,,,,
2025,2025-05-07,New York Mets,Arizona Diamondbacks,7.0,1.0,False,0|0|0|0|0|1|2|1|3,0|0|0|0|0|0|0|1|0,-125.0,105.0,-120.0,100.0,1.5,9.5,espn,401695460,NYM,ARI,regular,Kodai Senga,Merrill Kelly,,,,,,,,
2025,2025-05-07,Los Angeles Dodgers,Miami Marlins,10.0,1.0,False,0|0|0|0|0|1|6|0|3,0|0|0|0|0|0|0|0|1,-225.0,185.0,-225.0,185.0,2.5,10.5,espn,401695450,LAD,MIA,regular,Landon Knack,Valente Bellozo,,,,,,,,
2025,2025-05-07,Texas Rangers,Boston Red Sox,4.0,6.0,False,0|0|1|1|1|0|0|0|1,0|0|0|2|0|1|2|1,120.0,-145.0,120.0,-145.0,-1.5,9.5,espn,401695453,TEX,BOS,regular,Tyler Mahle,Tanner Houck,,,,,,,,
2025,2025-05-07,Philadelphia Phillies,Tampa Bay Rays,7.0,0.0,False,0|0|1|5|0|1|0|0|0,0|0|0|0|0|0|0|0|0,-135.0,115.0,-165.0,140.0,1.5,8.5,espn,401695451,PHI,TB,regular,Cristopher Sanchez,Shane Baz,,,,,,,,
2025,2025-05-07,San Diego Padres,New York Yankees,3.0,4.0,False,0|0|0|1|0|0|0|2|0|0,0|0|0|0|0|0|1|2|0|1,150.0,-180.0,145.0,-175.0,-1.5,8.5,espn,401695452,SD,NYY,regular,Dylan Cease,Max Fried,,,,,,,,
2025,2025-05-07,Cincinnati Reds,Atlanta Braves,4.0,3.0,False,2|0|1|1|0|0|0|0|0,0|0|0|0|1|2|0|0|0,100.0,-120.0,-105.0,-115.0,1.5,7.5,espn,401695448,CIN,ATL,regular,Hunter Greene,Grant Holmes,,,,,,,,
2025,2025-05-07,Baltimore Orioles,Minnesota Twins,2.0,5.0,False,0|0|1|0|1|0|0|0|0,0|0|3|0|0|0|2|0,125.0,-150.0,120.0,-145.0,-1.5,8.5,espn,401695454,BAL,MIN,regular,Charlie Morton,Simeon Woods Richardson,,,,,,,,
2025,2025-05-07,Chicago White Sox,Kansas City Royals,1.0,2.0,False,0|0|0|0|0|0|0|0|1,0|0|0|0|2|0|0|0,185.0,-225.0,185.0,-225.0,-1.5,8.5,espn,401695455,CHW,KC,regular,Jonathan Cannon,Michael Wacha,,,,,,,,
2025,2025-05-07,Detroit Tigers,Colorado Rockies,8.0,6.0,False,0|0|3|3|0|0|0|0|0|2,2|1|2|1|0|0|0|0|0|0,-180.0,150.0,-165.0,140.0,1.5,9.5,espn,401695459,DET,COL,regular,Jackson Jobe,Chase Dollander,,,,,,,,
2025,2025-05-07,Toronto Blue Jays,Los Angeles Angels,4.0,5.0,False,0|0|0|0|0|1|3|0|0,0|0|0|0|0|1|1|0|3,-120.0,100.0,-120.0,100.0,1.5,8.5,espn,401695462,TOR,LAA,regular,Jose Berrios,Yusei Kikuchi,,,,,,,,
2025,2025-05-08,Baltimore Orioles,Minnesota Twins,2.0,5.0,False,0|1|1|0|0|0|0|0|0,1|0|0|0|0|1|0|3,135.0,-160.0,135.0,-160.0,-1.5,8.5,espn,401695466,BAL,MIN,regular,Dean Kremer,Bailey Ober,,,,,,,,
2025,2025-05-08,Texas Rangers,Boston Red Sox,0.0,5.0,False,0|0|0|0|0|0|0|0|0,0|2|0|0|1|1|1|0,115.0,-135.0,130.0,-155.0,-1.5,9.5,espn,401695465,TEX,BOS,regular,Jack Leiter,Brayan Bello,,,,,,,,
2025,2025-05-08,Chicago White Sox,Kansas City Royals,0.0,10.0,False,0|0|0|0|0|0|0|0|0,1|0|1|0|2|2|0|4,205.0,-250.0,210.0,-255.0,-1.5,8.5,espn,401695467,CHW,KC,regular,Davis Martin,Kris Bubic,,,,,,,,
2025,2025-05-08,Detroit Tigers,Colorado Rockies,10.0,2.0,False,2|5|2|0|0|0|1|0|0,0|0|0|0|1|0|0|0|1,-180.0,150.0,-160.0,135.0,1.5,9.5,espn,401695468,DET,COL,regular,Casey Mize,Kyle Freeland,,,,,,,,
2025,2025-05-08,Detroit Tigers,Colorado Rockies,11.0,1.0,False,0|0|6|0|0|0|2|3|0,0|1|0|0|0|0|0|0|0,-165.0,140.0,-210.0,175.0,2.5,10.5,espn,401770084,DET,COL,regular,Keider Montero,Tanner Gordon,,,,,,,,
2025,2025-05-08,Philadelphia Phillies,Tampa Bay Rays,7.0,6.0,False,1|0|0|0|0|0|0|3|1|2,1|0|1|0|0|0|3|0|0|1,-130.0,110.0,-160.0,135.0,1.5,8.5,espn,401695464,PHI,TB,regular,Jesus Luzardo,Ryan Pepiot,,,,,,,,
2025,2025-05-08,Cincinnati Reds,Atlanta Braves,4.0,5.0,False,0|0|0|0|1|0|1|0|2|0|0,1|0|0|0|1|0|0|0|2|0|1,140.0,-165.0,180.0,-215.0,-1.5,8.5,espn,401695463,CIN,ATL,regular,Nick Lodolo,Spencer Schwellenbach,,,,,,,,
2025,2025-05-08,Toronto Blue Jays,Los Angeles Angels,8.0,5.0,False,0|0|2|0|1|4|0|1|0,2|2|0|0|0|0|1|0|0,-125.0,105.0,-135.0,115.0,1.5,8.5,espn,401695470,TOR,LAA,regular,Chris Bassitt,Jose Soriano,,,,,,,,
2025,2025-05-08,Los Angeles Dodgers,Arizona Diamondbacks,3.0,5.0,False,0|0|0|0|0|0|0|2|1,0|0|0|4|1|0|0|0,-165.0,140.0,-165.0,140.0,1.5,8.5,espn,401695469,LAD,ARI,regular,Yoshinobu Yamamoto,Brandon Pfaadt,,,,,,,,
2025,2025-05-09,Atlanta Braves,Pittsburgh Pirates,2.0,3.0,False,0|0|0|0|0|0|0|0|2,0|0|1|0|0|2|0|0,-155.0,130.0,-150.0,125.0,1.5,8.5,espn,401695471,ATL,PIT,regular,Bryce Elder,Bailey Falter,,,,,,,,
2025,2025-05-09,Texas Rangers,Detroit Tigers,1.0,2.0,False,0|0|0|0|0|1|0|0|0,0|1|0|1|0|0|0|0,225.0,-275.0,235.0,-290.0,-1.5,7.5,espn,401695476,TEX,DET,regular,Patrick Corbin,Tarik Skubal,,,,,,,,
2025,2025-05-09,St. Louis Cardinals,Washington Nationals,10.0,0.0,False,2|0|1|1|2|0|0|3|1,0|0|0|0|0|0|0|0|0,100.0,-120.0,-110.0,-110.0,1.5,8.5,espn,401695475,STL,WSH,regular,Erick Fedde,Mitchell Parker,,,,,,,,
2025,2025-05-09,Milwaukee Brewers,Tampa Bay Rays,3.0,4.0,False,1|0|0|1|0|0|0|1|0,0|0|1|1|0|1|0|1,-110.0,-110.0,-120.0,100.0,1.5,9.5,espn,401695473,MIL,TB,regular,Jose Quintana,Zack Littell,,,,,,,,
2025,2025-05-09,Chicago Cubs,New York Mets,2.0,7.0,False,0|0|0|1|0|0|0|0|1,1|2|2|1|0|0|0|1,125.0,-150.0,115.0,-135.0,-1.5,7.5,espn,401695472,CHC,NYM,regular,Jameson Taillon,Clay Holmes,,,,,,,,
2025,2025-05-09,Philadelphia Phillies,Cleveland Guardians,0.0,6.0,False,0|0|0|0|0|0|0|0|0,0|0|0|1|3|0|2|0,-130.0,110.0,-120.0,100.0,1.5,7.5,espn,401695474,PHI,CLE,regular,Aaron Nola,Gavin Williams,,,,,,,,
2025,2025-05-09,Boston Red Sox,Kansas City Royals,1.0,2.0,False,0|0|0|0|0|0|0|0|0|0|1|0,0|0|0|0|0|0|0|0|0|0|1|1,100.0,-120.0,-110.0,-110.0,1.5,8.5,espn,401695477,BOS,KC,regular,Hunter Dobbins,Michael Lorenzen,,,,,,,,
2025,2025-05-09,Miami Marlins,Chicago White Sox,2.0,6.0,False,1|0|0|0|0|0|1|0|0,0|2|0|0|0|0|3|1,-150.0,125.0,-155.0,130.0,1.5,7.5,espn,401695479,MIA,CHW,regular,Max Meyer,Bryse Wilson,,,,,,,,
2025,2025-05-09,Cincinnati Reds,Houston Astros,0.0,3.0,False,0|0|0|0|0|0|0|0|0,0|1|0|0|2|0|0|0,150.0,-180.0,160.0,-190.0,-1.5,7.5,espn,401695478,CIN,HOU,regular,Nick Martinez,Hunter Brown,,,,,,,,
2025,2025-05-09,San Francisco Giants,Minnesota Twins,1.0,3.0,False,0|0|0|0|0|0|1|0|0,1|0|0|1|1|0|0|0,105.0,-125.0,-115.0,-105.0,1.5,8.5,espn,401695480,SF,MIN,regular,Jordan Hicks,Chris Paddack,,,,,,,,
2025,2025-05-09,San Diego Padres,Colorado Rockies,13.0,9.0,False,1|0|4|0|5|2|0|1|0,0|0|0|1|0|1|0|5|2,-165.0,140.0,-190.0,160.0,1.5,11.5,espn,401695481,SD,COL,regular,Randy Vasquez,Antonio Senzatela,,,,,,,,
2025,2025-05-09,Baltimore Orioles,Los Angeles Angels,4.0,1.0,False,1|2|0|0|0|0|0|0|1,0|0|0|0|0|0|1|0|0,-150.0,125.0,-135.0,115.0,1.5,9.5,espn,401695482,BAL,LAA,regular,Tomoyuki Sugano,Kyle Hendricks,,,,,,,,
2025,2025-05-09,Los Angeles Dodgers,Arizona Diamondbacks,14.0,11.0,False,1|2|5|0|0|0|0|0|6,3|0|0|1|4|1|0|2|0,-130.0,110.0,-105.0,-115.0,1.5,10.5,espn,401695483,LAD,ARI,regular,Roki Sasaki,Eduardo Rodriguez,,,,,,,,
2025,2025-05-09,Toronto Blue Jays,Seattle Mariners,6.0,3.0,False,2|0|3|0|0|0|0|0|1,0|0|1|0|0|2|0|0|0,120.0,-145.0,115.0,-135.0,-1.5,7.5,espn,401695485,TOR,SEA,regular,Kevin Gausman,Luis Castillo,,,,,,,,
2025,2025-05-09,New York Yankees,Athletics,10.0,2.0,False,0|0|2|0|1|1|1|5|0,0|0|0|0|0|0|0|1|1,-150.0,125.0,-155.0,130.0,1.5,10.5,espn,401764537,NYY,ATH,regular,Will Warren,Osvaldo Bido,,,,,,,,
2025,2025-05-10,Atlanta Braves,Pittsburgh Pirates,3.0,2.0,False,0|1|1|0|0|0|0|0|0|0|1,0|0|1|0|0|0|0|1|0|0|0,-135.0,115.0,-150.0,125.0,1.5,8.5,espn,401695486,ATL,PIT,regular,AJ Smith-Shawver,Andrew Heaney,,,,,,,,
2025,2025-05-10,St. Louis Cardinals,Washington Nationals,4.0,2.0,False,0|4|0|0|0|0|0|0|0,0|0|0|0|0|0|0|2|0,-125.0,105.0,-115.0,-105.0,1.5,9.5,espn,401695490,STL,WSH,regular,Andre Pallante,Trevor Williams,,,,,,,,
2025,2025-05-10,New York Yankees,Athletics,7.0,11.0,False,0|0|0|1|0|5|0|0|1,0|1|3|0|0|0|3|4,-160.0,135.0,-160.0,135.0,1.5,9.5,espn,401764538,NYY,ATH,regular,Carlos Rodon,JP Sears,,,,,,,,
2025,2025-05-10,Milwaukee Brewers,Tampa Bay Rays,2.0,3.0,False,0|0|1|0|1|0|0|0|0,0|0|0|2|0|0|0|0|1,115.0,-135.0,-105.0,-115.0,-1.5,9.5,espn,401695488,MIL,TB,regular,Tobias Myers,Taj Bradley,,,,,,,,
2025,2025-05-10,Philadelphia Phillies,Cleveland Guardians,7.0,1.0,False,0|0|0|1|0|0|0|6|0,0|0|0|0|0|0|0|0|1,-130.0,110.0,-135.0,115.0,1.5,8.5,espn,401695489,PHI,CLE,regular,Ranger Suarez,Tanner Bibee,,,,,,,,
2025,2025-05-10,Texas Rangers,Detroit Tigers,10.0,3.0,False,2|1|2|0|2|0|1|0|2,1|0|0|1|0|0|0|1|0,-105.0,-115.0,-130.0,110.0,1.5,7.5,espn,401695491,TEX,DET,regular,Jacob deGrom,Jack Flaherty,,,,,,,,
2025,2025-05-10,Boston Red Sox,Kansas City Royals,10.0,1.0,False,0|0|1|0|3|0|3|3|0,0|0|1|0|0|0|0|0|0,-125.0,105.0,-105.0,-115.0,1.5,7.5,espn,401695492,BOS,KC,regular,Garrett Crochet,Cole Ragans,,,,,,,,
2025,2025-05-10,Cincinnati Reds,Houston Astros,13.0,9.0,False,10|0|2|0|0|1|0|0|0,1|0|6|0|1|0|0|0|1,115.0,-135.0,105.0,-125.0,-1.5,7.5,espn,401695493,CIN,HOU,regular,Brady Singer,Lance McCullers Jr.,,,,,,,,
2025,2025-05-10,Miami Marlins,Chicago White Sox,3.0,1.0,False,0|0|0|0|0|0|1|2|0,1|0|0|0|0|0|0|0|0,-115.0,-105.0,-115.0,-105.0,1.5,7.5,espn,401695494,MIA,CHW,regular,Edward Cabrera,Shane Smith,,,,,,,,
2025,2025-05-10,Chicago Cubs,New York Mets,6.0,5.0,False,2|0|1|1|0|0|0|2|0,0|0|0|3|0|0|0|2|0,130.0,-155.0,140.0,-165.0,-1.5,8.5,espn,401695487,CHC,NYM,regular,Brad Keller,Tylor Megill,,,,,,,,
2025,2025-05-10,San Francisco Giants,Minnesota Twins,1.0,2.0,False,0|1|0|0|0|0|0|0|0,0|0|2|0|0|0|0|0,-105.0,-115.0,-120.0,100.0,1.5,7.5,espn,401695495,SF,MIN,regular,Logan Webb,Joe Ryan,,,,,,,,
2025,2025-05-10,San Diego Padres,Colorado Rockies,21.0,0.0,False,5|1|1|8|4|1|0|1|0,0|0|0|0|0|0|0|0|0,-200.0,165.0,-250.0,205.0,2.5,11.5,espn,401695496,SD,COL,regular,Stephen Kolek,Bradley Blalock,,,,,,,,
2025,2025-05-10,Los Angeles Dodgers,Arizona Diamondbacks,0.0,3.0,False,0|0|0|0|0|0|0|0|0,0|0|1|0|0|1|0|1,-110.0,-110.0,-105.0,-115.0,1.5,9.5,espn,401695498,LAD,ARI,regular,Dustin May,Corbin Burnes,,,,,,,,
2025,2025-05-10,Baltimore Orioles,Los Angeles Angels,2.0,5.0,False,0|0|0|0|0|1|0|0|1,2|0|0|2|1|0|0|0,-150.0,125.0,-145.0,120.0,1.5,10.5,espn,401695497,BAL,LAA,regular,Kyle Gibson,Jack Kochanowicz,,,,,,,,
2025,2025-05-10,Toronto Blue Jays,Seattle Mariners,6.0,3.0,False,0|0|0|0|2|1|0|3|0,0|1|0|2|0|0|0|0|0,105.0,-125.0,120.0,-145.0,-1.5,8.5,espn,401695500,TOR,SEA,regular,Bowden Francis,Logan Evans,,,,,,,,
2025,2025-05-11,Chicago Cubs,New York Mets,2.0,6.0,False,0|0|0|0|0|1|1|0|0,0|1|0|0|0|1|0|4,110.0,-130.0,105.0,-125.0,1.5,8.5,espn,401695502,CHC,NYM,regular,Matthew Boyd,Griffin Canning,,,,,,,,
2025,2025-05-11,Atlanta Braves,Pittsburgh Pirates,3.0,4.0,False,0|0|0|0|0|0|0|3|0,0|0|0|0|3|0|0|0|1,-225.0,185.0,-230.0,190.0,1.5,7.5,espn,401695501,ATL,PIT,regular,Chris Sale,Carmen Mlodzinski,,,,,,,,
2025,2025-05-11,St. Louis Cardinals,Washington Nationals,6.0,1.0,False,1|1|0|0|0|0|2|2|0,0|0|0|1|0|0|0|0|0,110.0,-130.0,120.0,-145.0,-1.5,8.5,espn,401695505,STL,WSH,regular,Miles Mikolas,MacKenzie Gore,,,,,,,,
2025,2025-05-11,Milwaukee Brewers,Tampa Bay Rays,4.0,2.0,False,0|0|0|2|1|0|0|1|0,1|0|0|1|0|0|0|0|0,135.0,-160.0,120.0,-145.0,-1.5,8.5,espn,401695503,MIL,TB,regular,Chad Patrick,Drew Rasmussen,,,,,,,,
2025,2025-05-11,Texas Rangers,Detroit Tigers,6.0,1.0,False,0|2|1|0|2|0|0|1|0,0|0|0|0|0|0|0|0|1,100.0,-120.0,100.0,-120.0,1.5,7.5,espn,401695506,TEX,DET,regular,Nathan Eovaldi,Reese Olson,,,,,,,,
2025,2025-05-11,Boston Red Sox,Kansas City Royals,3.0,1.0,False,0|0|0|1|0|2|0|0|0,0|0|1|0|0|0|0|0|0,110.0,-130.0,115.0,-135.0,-1.5,8.5,espn,401695507,BOS,KC,regular,Lucas Giolito,Seth Lugo,,,,,,,,
2025,2025-05-11,Cincinnati Reds,Houston Astros,0.0,6.0,False,0|0|0|0|0|0|0|0|0,0|0|3|1|0|2|0|0,130.0,-155.0,120.0,-145.0,-1.5,8.5,espn,401695508,CIN,HOU,regular,Chase Petty,Ronel Blanco,,,,,,,,
2025,2025-05-11,Miami Marlins,Chicago White Sox,2.0,4.0,False,0|0|0|1|0|0|1|0|0,0|0|1|0|0|3|0|0,-125.0,105.0,-135.0,115.0,1.5,7.5,espn,401695509,MIA,CHW,regular,Sandy Alcantara,Sean Burke,,,,,,,,
2025,2025-05-11,San Francisco Giants,Minnesota Twins,6.0,7.0,False,1|0|0|2|1|0|0|1|0|1,0|0|0|2|1|2|0|0|0|2,140.0,-165.0,130.0,-155.0,-1.5,8.5,espn,401695510,SF,MIN,regular,Landen Roupp,Pablo Lopez,,,,,,,,
2025,2025-05-11,San Diego Padres,Colorado Rockies,3.0,9.0,False,1|0|0|0|0|0|0|2|0,3|0|3|0|0|0|2|1,-240.0,200.0,-310.0,250.0,3.5,11.5,espn,401695511,SD,COL,regular,Nick Pivetta,German Marquez,,,,,,,,
2025,2025-05-11,New York Yankees,Athletics,12.0,2.0,False,0|5|1|0|5|0|1|0|0,0|0|0|1|1|0|0|0|0,-130.0,110.0,-155.0,130.0,1.5,11.5,espn,401764539,NYY,ATH,regular,Ryan Yarbrough,Luis Severino,,,,,,,,
2025,2025-05-11,Baltimore Orioles,Los Angeles Angels,7.0,3.0,False,1|0|0|0|2|4|0|0|0,2|0|0|0|0|0|0|0|1,-135.0,115.0,-150.0,125.0,1.5,9.5,espn,401695512,BAL,LAA,regular,Zach Eflin,Tyler Anderson,,,,,,,,
2025,2025-05-11,Los Angeles Dodgers,Arizona Diamondbacks,8.0,1.0,False,1|0|0|0|2|1|1|0|3,0|0|0|0|0|0|1|0|0,-115.0,-105.0,-120.0,100.0,1.5,9.5,espn,401695513,LAD,ARI,regular,Tony Gonsolin,Zac Gallen,,,,,,,,
2025,2025-05-11,Toronto Blue Jays,Seattle Mariners,9.0,1.0,False,0|1|0|1|3|2|2|0|0,0|0|1|0|0|0|0|0|0,145.0,-175.0,150.0,-180.0,-1.5,7.5,espn,401695515,TOR,SEA,regular,Jose Urena,Bryce Miller,,,,,,,,
2025,2025-05-11,Philadelphia Phillies,Cleveland Guardians,3.0,0.0,False,0|1|0|0|0|0|0|2|0,0|0|0|0|0|0|0|0|0,-165.0,140.0,-165.0,140.0,1.5,7.5,espn,401695504,PHI,CLE,regular,Zack Wheeler,Luis Ortiz,,,,,,,,
2025,2025-05-12,Milwaukee Brewers,Cleveland Guardians,0.0,5.0,False,0|0|0|0|0|0|0|0|0,0|0|0|3|0|1|1|0,-125.0,105.0,-120.0,100.0,1.5,8.5,espn,401695517,MIL,CLE,regular,Freddy Peralta,Ben Lively,,,,,,,,
2025,2025-05-12,Boston Red Sox,Detroit Tigers,2.0,14.0,False,0|0|0|0|0|1|0|0|1,2|0|9|1|0|1|1|0,-105.0,-115.0,-115.0,-105.0,1.5,8.5,espn,401695516,BOS,DET,regular,Tanner Houck,Jackson Jobe,,,,,,,,
2025,2025-05-12,St. Louis Cardinals,Philadelphia Phillies,3.0,2.0,False,0|0|0|1|0|1|1|0|0,0|0|0|1|0|1|0|0|0,155.0,-185.0,145.0,-175.0,-1.5,8.5,espn,401695519,STL,PHI,regular,Matthew Liberatore,Cristopher Sanchez,,,,,,,,
2025,2025-05-12,Pittsburgh Pirates,New York Mets,3.0,4.0,False,0|1|0|0|0|0|1|0|1,0|0|0|1|0|0|2|0|1,120.0,-145.0,140.0,-165.0,-1.5,7.5,espn,401695518,PIT,NYM,regular,Paul Skenes,David Peterson,,,,,,,,
2025,2025-05-12,Washington Nationals,Atlanta Braves,3.0,4.0,False,0|0|0|1|0|0|0|0|2,0|0|2|0|1|0|0|0|1,140.0,-165.0,155.0,-185.0,-1.5,8.5,espn,401695520,WSH,ATL,regular,Jake Irvin,Grant Holmes,,,,,,,,
2025,2025-05-12,Miami Marlins,Chicago Cubs,2.0,5.0,False,0|0|0|0|0|0|2|0|0,0|0|0|0|5|0|0|0,195.0,-235.0,205.0,-250.0,-1.5,8.5,espn,401695523,MIA,CHC,regular,Cal Quantrill,Colin Rea,,,,,,,,
2025,2025-05-12,Colorado Rockies,Texas Rangers,1.0,2.0,False,0|1|0|0|0|0|0|0|0,0|0|0|0|0|2|0|0,215.0,-265.0,210.0,-255.0,-1.5,8.5,espn,401695521,COL,TEX,regular,Chase Dollander,Tyler Mahle,,,,,,,,
2025,2025-05-12,Kansas City Royals,Houston Astros,7.0,5.0,False,0|4|3|0|0|0|0|0|0,0|0|0|0|0|0|2|3|0,100.0,-120.0,100.0,-120.0,1.5,7.5,espn,401695522,KC,HOU,regular,Michael Wacha,Ryan Gusto,,,,,,,,
2025,2025-05-12,Los Angeles Angels,San Diego Padres,9.0,5.0,False,0|0|2|0|0|1|0|0|6,0|0|3|0|1|0|0|1|0,180.0,-215.0,165.0,-200.0,-1.5,6.5,espn,401695524,LAA,SD,regular,Yusei Kikuchi,Michael King,,,,,,,,
2025,2025-05-12,New York Yankees,Seattle Mariners,11.0,5.0,False,0|0|1|0|6|0|1|0|3,1|0|1|0|0|0|1|2|0,-130.0,110.0,-150.0,125.0,1.5,8.5,espn,401695526,NYY,SEA,regular,Clarke Schmidt,Emerson Hancock,,,,,,,,
2025,2025-05-12,Arizona Diamondbacks,San Francisco Giants,2.0,1.0,False,0|0|1|0|1|0|0|0|0,0|0|0|0|1|0|0|0|0,100.0,-120.0,-125.0,105.0,1.5,8.5,espn,401695525,ARI,SF,regular,Merrill Kelly,Justin Verlander,,,,,,,,
2025,2025-05-13,Milwaukee Brewers,Cleveland Guardians,0.0,2.0,False,0|0|0|0|0|0|0|0|0,1|0|0|0|0|0|0|1,105.0,-125.0,115.0,-135.0,-1.5,8.5,espn,401695530,MIL,CLE,regular,Quinn Priester,Logan Allen,,,,,,,,
2025,2025-05-13,Boston Red Sox,Detroit Tigers,9.0,10.0,False,0|1|0|1|2|0|0|2|0|1|2,1|0|1|1|0|3|0|0|0|1|3,-115.0,-105.0,105.0,-125.0,1.5,8.5,espn,401695528,BOS,DET,regular,Brayan Bello,Tyler Holton,,,,,,,,
2025,2025-05-13,Chicago White Sox,Cincinnati Reds,5.0,1.0,False,0|0|0|1|0|0|0|0|0|4,0|0|0|0|0|0|0|0|1|0,160.0,-190.0,185.0,-225.0,-1.5,8.5,espn,401695529,CHW,CIN,regular,Jonathan Cannon,Andrew Abbott,,,,,,,,
2025,2025-05-13,Tampa Bay Rays,Toronto Blue Jays,11.0,9.0,False,0|0|4|0|0|1|1|0|5,0|0|2|1|0|0|1|3|2,110.0,-130.0,120.0,-145.0,-1.5,7.5,espn,401695534,TB,TOR,regular,Shane Baz,Jose Berrios,,,,,,,,
2025,2025-05-13,Pittsburgh Pirates,New York Mets,1.0,2.0,False,0|0|0|0|0|1|0|0|0,1|0|0|0|0|0|1|0,200.0,-240.0,205.0,-250.0,-1.5,7.5,espn,401695532,PIT,NYM,regular,Mitch Keller,Kodai Senga,,,,,,,,
2025,2025-05-13,Washington Nationals,Atlanta Braves,2.0,5.0,False,1|0|0|1|0|0|0|0|0,0|0|0|2|1|1|0|1,200.0,-240.0,180.0,-215.0,-1.5,8.5,espn,401695535,WSH,ATL,regular,Michael Soroka,Spencer Schwellenbach,,,,,,,,
2025,2025-05-13,Miami Marlins,Chicago Cubs,4.0,5.0,False,0|1|0|0|1|0|2|0|0,0|0|1|0|1|0|0|0|3,205.0,-250.0,215.0,-260.0,-1.5,8.5,espn,401695538,MIA,CHC,regular,Valente Bellozo,Ben Brown,,,,,,,,
2025,2025-05-13,Colorado Rockies,Texas Rangers,1.0,4.0,False,1|0|0|0|0|0|0|0|0,3|0|0|0|0|0|0|1,170.0,-205.0,200.0,-240.0,-1.5,8.5,espn,401695536,COL,TEX,regular,Kyle Freeland,Jack Leiter,,,,,,,,
2025,2025-05-13,Kansas City Royals,Houston Astros,1.0,2.0,False,0|0|0|0|1|0|0|0|0,0|0|0|0|0|1|0|0|1,125.0,-150.0,120.0,-145.0,-1.5,7.5,espn,401695537,KC,HOU,regular,Kris Bubic,Framber Valdez,,,,,,,,
2025,2025-05-13,Los Angeles Angels,San Diego Padres,4.0,6.0,False,1|0|0|0|0|0|3|0|0,0|0|0|0|2|0|0|2|2,165.0,-200.0,180.0,-215.0,-1.5,7.5,espn,401695539,LAA,SD,regular,Jose Soriano,Dylan Cease,,,,,,,,
2025,2025-05-13,New York Yankees,Seattle Mariners,1.0,2.0,False,0|0|0|0|0|0|0|0|1|0|0,0|0|0|1|0|0|0|0|0|0|1,-145.0,120.0,-145.0,120.0,1.5,7.5,espn,401695541,NYY,SEA,regular,Max Fried,Bryan Woo,,,,,,,,
2025,2025-05-13,Arizona Diamondbacks,San Francisco Giants,6.0,10.0,False,3|0|0|0|0|0|1|0|2,0|4|0|0|3|0|0|3,-120.0,100.0,-115.0,-105.0,1.5,7.5,espn,401695540,ARI,SF,regular,Brandon Pfaadt,Robbie Ray,,,,,,,,
2025,2025-05-13,Athletics,Los Angeles Dodgers,11.0,1.0,False,0|0|2|0|4|0|2|1|2,0|0|1|0|0|0|0|0|0,160.0,-190.0,160.0,-190.0,-1.5,9.5,espn,401695542,ATH,LAD,regular,Jeffrey Springs,Landon Knack,,,,,,,,
2025,2025-05-14,Minnesota Twins,Baltimore Orioles,6.0,3.0,False,0|0|0|4|0|0|0|0|2,0|0|3|0|0|0|0|0|0,-110.0,-110.0,100.0,-120.0,1.5,8.5,espn,401695546,MIN,BAL,regular,Bailey Ober,Dean Kremer,,,,,,,,
2025,2025-05-14,St. Louis Cardinals,Philadelphia Phillies,1.0,2.0,False,0|0|0|0|0|0|1|0|0,0|0|0|0|0|0|2|0,140.0,-165.0,150.0,-180.0,-1.5,8.5,espn,401695548,STL,PHI,regular,Erick Fedde,Jesus Luzardo,,,,,,,,
2025,2025-05-14,Milwaukee Brewers,Cleveland Guardians,9.0,5.0,False,0|1|0|0|1|3|2|0|2,0|1|0|1|0|0|0|3|0,135.0,-160.0,105.0,-125.0,1.5,8.5,espn,401695545,MIL,CLE,regular,Logan Henderson,Gavin Williams,,,,,,,,
2025,2025-05-14,Arizona Diamondbacks,San Francisco Giants,8.0,7.0,False,1|2|3|2|0|0|0|0|0,0|2|0|2|0|0|2|0|1,-110.0,-110.0,-115.0,-105.0,1.5,8.5,espn,401695555,ARI,SF,regular,Eduardo Rodriguez,Jordan Hicks,,,,,,,,
2025,2025-05-14,Minnesota Twins,Baltimore Orioles,8.0,6.0,False,1|2|1|0|1|0|0|3|0,0|0|6|0|0|0|0|0|0,100.0,-120.0,120.0,-145.0,-1.5,8.5,espn,401772637,MIN,BAL,regular,Simeon Woods Richardson,Chayce McDermott,,,,,,,,
2025,2025-05-14,New York Yankees,Seattle Mariners,3.0,2.0,False,0|0|0|0|0|1|1|1|0,0|0|2|0|0|0|0|0|0,-115.0,-105.0,-115.0,-105.0,1.5,8.5,espn,401695556,NYY,SEA,regular,Will Warren,Luis Castillo,,,,,,,,
2025,2025-05-14,St. Louis Cardinals,Philadelphia Phillies,14.0,7.0,False,1|0|5|3|0|0|0|3|2,5|0|1|1|0|0|0|0|0,115.0,-135.0,105.0,-125.0,-1.5,8.5,espn,401772638,STL,PHI,regular,Sonny Gray,Aaron Nola,,,,,,,,
2025,2025-05-14,Boston Red Sox,Detroit Tigers,5.0,6.0,False,1|0|0|1|0|0|3|0|0,0|1|0|1|0|3|0|0|1,165.0,-200.0,200.0,-245.0,-1.5,6.5,espn,401695543,BOS,DET,regular,Hunter Dobbins,Tarik Skubal,,,,,,,,
2025,2025-05-14,Tampa Bay Rays,Toronto Blue Jays,1.0,3.0,False,0|0|0|1|0|0|0|0|0,0|0|0|0|0|3|0|0,125.0,-150.0,135.0,-160.0,-1.5,8.5,espn,401695549,TB,TOR,regular,Ryan Pepiot,Chris Bassitt,,,,,,,,
2025,2025-05-14,Pittsburgh Pirates,New York Mets,4.0,0.0,False,0|2|0|0|2|0|0|0|0,0|0|0|0|0|0|0|0|0,210.0,-255.0,225.0,-275.0,-1.5,7.5,espn,401695547,PIT,NYM,regular,Bailey Falter,Clay Holmes,,,,,,,,
2025,2025-05-14,Chicago White Sox,Cincinnati Reds,4.0,2.0,False,0|1|0|0|1|1|1|0|0,0|0|0|0|0|0|1|1|0,180.0,-215.0,170.0,-205.0,-1.5,8.5,espn,401695544,CHW,CIN,regular,Davis Martin,Nick Lodolo,,,,,,,,
2025,2025-05-14,Washington Nationals,Atlanta Braves,5.0,4.0,False,1|0|0|0|0|0|2|2|0,0|0|2|0|2|0|0|0|0,140.0,-165.0,150.0,-180.0,-1.5,9.5,espn,401695550,WSH,ATL,regular,Mitchell Parker,Bryce Elder,,,,,,,,
2025,2025-05-14,Miami Marlins,Chicago Cubs,3.0,1.0,False,0|1|0|2|0|0|0|0|0,0|0|0|1|0|0|0|0|0,180.0,-215.0,180.0,-215.0,-1.5,7.5,espn,401695553,MIA,CHC,regular,Ryan Weathers,Jameson Taillon,,,,,,,,
2025,2025-05-14,Colorado Rockies,Texas Rangers,3.0,8.0,False,0|1|0|0|0|2|0|0|0,4|0|0|0|2|2|0|0,205.0,-250.0,185.0,-225.0,-1.5,8.5,espn,401695551,COL,TEX,regular,Antonio Senzatela,Patrick Corbin,,,,,,,,
2025,2025-05-14,Kansas City Royals,Houston Astros,3.0,4.0,False,0|2|0|0|1|0|0|0|0,0|0|0|1|0|1|0|2,115.0,-135.0,-105.0,-115.0,1.5,8.5,espn,401695552,KC,HOU,regular,Michael Lorenzen,Colton Gordon,,,,,,,,
2025,2025-05-14,Los Angeles Angels,San Diego Padres,1.0,5.0,False,0|1|0|0|0|0|0|0|0,3|0|0|0|0|0|0|2,155.0,-185.0,155.0,-185.0,-1.5,8.5,espn,401695554,LAA,SD,regular,Kyle Hendricks,Randy Vasquez,,,,,,,,
2025,2025-05-14,Athletics,Los Angeles Dodgers,3.0,9.0,False,0|0|2|1|0|0|0|0|0,1|1|0|0|1|1|0|5,215.0,-265.0,230.0,-285.0,-1.5,8.5,espn,401695557,ATH,LAD,regular,Gunnar Hoglund,Yoshinobu Yamamoto,,,,,,,,
2025,2025-05-15,Washington Nationals,Atlanta Braves,2.0,5.0,False,0|0|0|0|0|1|0|1|0,0|0|1|0|3|0|0|1,195.0,-235.0,165.0,-200.0,-1.5,8.5,espn,401695561,WSH,ATL,regular,Trevor Williams,AJ Smith-Shawver,,,,,,,,
2025,2025-05-15,Minnesota Twins,Baltimore Orioles,4.0,0.0,False,0|0|3|0|0|0|1|0|0,0|0|0|0|0|0|0|0|0,115.0,-135.0,110.0,-130.0,-1.5,9.5,espn,401695559,MIN,BAL,regular,Chris Paddack,Tomoyuki Sugano,,,,,,,,
2025,2025-05-15,Chicago White Sox,Cincinnati Reds,1.0,7.0,False,0|0|0|0|0|0|0|1|0,3|0|1|1|1|1|0|0,180.0,-215.0,200.0,-240.0,-1.5,9.5,espn,401695558,CHW,CIN,regular,Bryse Wilson,Nick Martinez,,,,,,,,
2025,2025-05-15,Tampa Bay Rays,Toronto Blue Jays,8.0,3.0,False,2|1|0|1|1|1|0|0|2,0|1|1|0|0|0|0|1|0,140.0,-165.0,145.0,-175.0,-1.5,8.5,espn,401695560,TB,TOR,regular,Zack Littell,Kevin Gausman,,,,,,,,
2025,2025-05-15,Houston Astros,Texas Rangers,0.0,1.0,False,0|0|0|0|0|0|0|0|0,0|0|0|0|0|1|0|0,110.0,-130.0,110.0,-140.0,-1.5,6.5,espn,401695562,HOU,TEX,regular,Hunter Brown,Jacob deGrom,,,,,,,,
2025,2025-05-15,Athletics,Los Angeles Dodgers,2.0,19.0,False,1|1|0|0|0|0|0|0|0,3|3|7|2|0|1|0|3,160.0,-190.0,205.0,-250.0,-1.5,9.5,espn,401695527,ATH,LAD,regular,Osvaldo Bido,Matt Sauer,,,,,,,,
2025,2025-05-16,Chicago White Sox,Chicago Cubs,3.0,13.0,False,2|0|1|0|0|0|0|0|0,0|6|0|0|0|2|2|3,180.0,-215.0,195.0,-235.0,-1.5,11.5,espn,401695570,CHW,CHC,regular,Shane Smith,Cade Horton,,,,,,,,
2025,2025-05-16,Cleveland Guardians,Cincinnati Reds,4.0,5.0,False,0|0|0|2|1|0|0|1|0,0|4|1|0|0|0|0|0,-105.0,-115.0,-120.0,100.0,1.5,9.5,espn,401695564,CLE,CIN,regular,Tanner Bibee,Brady Singer,,,,,,,,
2025,2025-05-16,Pittsburgh Pirates,Philadelphia Phillies,4.0,8.0,False,0|0|0|0|0|3|0|0|1,0|0|0|0|1|0|4|3,185.0,-225.0,195.0,-235.0,-1.5,9.5,espn,401695567,PIT,PHI,regular,Andrew Heaney,Ranger Suarez,,,,,,,,
2025,2025-05-16,New York Mets,New York Yankees,2.0,6.0,False,0|0|0|1|0|0|0|0|1,0|0|4|2|0|0|0|0,125.0,-150.0,125.0,-150.0,-1.5,8.5,espn,401695566,NYM,NYY,regular,Tylor Megill,Carlos Rodon,,,,,,,,
2025,2025-05-16,Washington Nationals,Baltimore Orioles,4.0,3.0,False,0|1|0|0|0|1|0|1|1,0|0|2|0|0|1|0|0|0,-110.0,-110.0,100.0,-120.0,-1.5,8.5,espn,401695569,WSH,BAL,regular,MacKenzie Gore,Cade Povich,,,,,,,,
2025,2025-05-16,Detroit Tigers,Toronto Blue Jays,5.0,4.0,False,0|1|0|1|2|0|0|1|0,0|0|0|0|0|2|1|1|0,-130.0,110.0,-120.0,100.0,1.5,8.5,espn,401695565,DET,TOR,regular,Jack Flaherty,Bowden Francis,,,,,,,,
2025,2025-05-16,Atlanta Braves,Boston Red Sox,4.0,2.0,False,0|2|0|0|0|0|0|0|2,0|0|0|0|0|0|1|0|1,105.0,-125.0,-105.0,-115.0,1.5,8.5,espn,401695563,ATL,BOS,regular,Chris Sale,Garrett Crochet,,,,,,,,
2025,2025-05-16,Tampa Bay Rays,Miami Marlins,4.0,9.0,False,0|0|1|0|3|0|0|0|0,1|0|0|4|0|4|0|0,-105.0,-115.0,-130.0,110.0,1.5,8.5,espn,401695568,TB,MIA,regular,Taj Bradley,Max Meyer,,,,,,,,
2025,2025-05-16,St. Louis Cardinals,Kansas City Royals,10.0,3.0,False,0|1|0|2|0|4|0|1|2,0|0|0|1|1|0|0|1|0,140.0,-165.0,130.0,-155.0,-1.5,8.5,espn,401695573,STL,KC,regular,Andre Pallante,Cole Ragans,,,,,,,,
2025,2025-05-16,Houston Astros,Texas Rangers,6.0,3.0,False,0|0|0|0|0|0|6|0|0,0|2|0|0|0|0|0|0|1,145.0,-175.0,160.0,-190.0,-1.5,8.5,espn,401695571,HOU,TEX,regular,Lance McCullers Jr.,Nathan Eovaldi,,,,,,,,
2025,2025-05-16,Minnesota Twins,Milwaukee Brewers,3.0,0.0,False,2|1|0|0|0|0|0|0|0,0|0|0|0|0|0|0|0|0,-130.0,110.0,-120.0,100.0,1.5,7.5,espn,401695572,MIN,MIL,regular,Joe Ryan,Chad Patrick,,,,,,,,
2025,2025-05-16,Colorado Rockies,Arizona Diamondbacks,0.0,8.0,False,0|0|0|0|0|0|0|0|0,0|2|1|2|0|0|2|1,310.0,-400.0,300.0,-385.0,-2.5,8.5,espn,401695575,COL,ARI,regular,Carson Palmquist,Corbin Burnes,,,,,,,,
2025,2025-05-16,Seattle Mariners,San Diego Padres,5.0,1.0,False,1|0|0|2|0|2|0|0|0,0|0|0|0|0|0|0|0|1,130.0,-155.0,140.0,-165.0,-1.5,8.5,espn,401695577,SEA,SD,regular,Logan Evans,Stephen Kolek,,,,,,,,
2025,2025-05-16,Los Angeles Angels,Los Angeles Dodgers,6.0,2.0,False,2|0|0|2|0|0|0|0|2,0|0|0|1|0|0|0|1|0,240.0,-300.0,255.0,-320.0,-2.5,9.5,espn,401695574,LAA,LAD,regular,Jack Kochanowicz,Dustin May,,,,,,,,
2025,2025-05-16,Athletics,San Francisco Giants,1.0,9.0,False,0|0|0|0|0|0|0|1|0,0|0|4|0|0|3|0|2,145.0,-175.0,170.0,-205.0,-1.5,6.5,espn,401695576,ATH,SF,regular,JP Sears,Logan Webb,,,,,,,,
2025,2025-05-17,New York Mets,New York Yankees,3.0,2.0,False,0|0|0|2|0|0|0|0|1,0|0|1|0|0|1|0|0|0,115.0,-135.0,115.0,-135.0,-1.5,9.5,espn,401695581,NYM,NYY,regular,Griffin Canning,Clarke Schmidt,,,,,,,,
2025,2025-05-17,Chicago White Sox,Chicago Cubs,3.0,7.0,False,1|0|1|0|1|0|0|0|0,0|4|0|0|2|0|0|1,220.0,-270.0,240.0,-300.0,-2.5,9.5,espn,401695585,CHW,CHC,regular,Sean Burke,Matthew Boyd,,,,,,,,
2025,2025-05-17,Detroit Tigers,Toronto Blue Jays,1.0,2.0,False,0|1|0|0|0|0|0|0|0,0|0|0|0|0|0|0|1|1,-145.0,120.0,-145.0,120.0,1.5,8.5,espn,401695580,DET,TOR,regular,Reese Olson,Eric Lauer,,,,,,,,
2025,2025-05-17,Washington Nationals,Baltimore Orioles,10.0,6.0,False,6|1|0|0|0|0|0|0|3,0|0|0|0|0|0|2|0|4,130.0,-155.0,125.0,-150.0,-1.5,10.5,espn,401695584,WSH,BAL,regular,Jake Irvin,Kyle Gibson,,,,,,,,
2025,2025-05-17,Tampa Bay Rays,Miami Marlins,4.0,0.0,False,0|0|0|0|4|0|0|0|0,0|0|0|0|0|0|0|0|0,-145.0,120.0,-150.0,125.0,1.5,8.5,espn,401695583,TB,MIA,regular,Drew Rasmussen,Sandy Alcantara,,,,,,,,
2025,2025-05-17,Pittsburgh Pirates,Philadelphia Phillies,2.0,5.0,False,0|0|0|0|0|0|0|0|2,1|0|1|3|0|0|0|0,240.0,-300.0,265.0,-335.0,-2.5,9.5,espn,401695582,PIT,PHI,regular,Carmen Mlodzinski,Zack Wheeler,,,,,,,,
2025,2025-05-17,Cleveland Guardians,Cincinnati Reds,1.0,4.0,False,0|0|0|0|1|0|0|0|0,0|0|0|0|1|2|1|0,-130.0,110.0,-120.0,100.0,1.5,9.5,espn,401695579,CLE,CIN,regular,Slade Cecconi,Brent Suter,,,,,,,,
2025,2025-05-17,Houston Astros,Texas Rangers,1.0,5.0,False,1|0|0|0|0|0|0|0|0,0|0|1|0|0|2|2|0,120.0,-145.0,100.0,-120.0,1.5,7.5,espn,401695586,HOU,TEX,regular,Ronel Blanco,Tyler Mahle,,,,,,,,
2025,2025-05-17,St. Louis Cardinals,Kansas City Royals,1.0,0.0,False,0|0|0|0|0|1|0|0|0,0|0|0|0|0|0|0|0|0,115.0,-135.0,-105.0,-115.0,1.5,9.5,espn,401695588,STL,KC,regular,Miles Mikolas,Noah Cameron,,,,,,,,
2025,2025-05-17,Atlanta Braves,Boston Red Sox,6.0,7.0,False,3|0|2|1|0|0|0|0|0,0|0|2|0|0|0|2|2|1,105.0,-125.0,105.0,-125.0,1.5,9.5,espn,401695578,ATL,BOS,regular,Grant Holmes,Lucas Giolito,,,,,,,,
2025,2025-05-17,Minnesota Twins,Milwaukee Brewers,7.0,0.0,False,1|1|1|1|1|1|0|0|1,0|0|0|0|0|0|0|0|0,-130.0,110.0,-125.0,105.0,1.5,7.5,espn,401695587,MIN,MIL,regular,Pablo Lopez,Tobias Myers,,,,,,,,
2025,2025-05-17,Colorado Rockies,Arizona Diamondbacks,14.0,12.0,False,3|0|3|0|0|4|3|0|1,3|3|1|3|1|0|0|1|0,265.0,-335.0,295.0,-375.0,-2.5,9.5,espn,401695590,COL,ARI,regular,German Marquez,Zac Gallen,,,,,,,,
2025,2025-05-17,Seattle Mariners,San Diego Padres,4.0,1.0,False,0|0|0|0|1|0|1|0|2,0|0|0|1|0|0|0|0|0,140.0,-165.0,160.0,-190.0,-1.5,8.5,espn,401695592,SEA,SD,regular,Emerson Hancock,Nick Pivetta,,,,,,,,
2025,2025-05-17,Athletics,San Francisco Giants,0.0,1.0,False,0|0|0|0|0|0|0|0|0|0,0|0|0|0|0|0|0|0|0|1,125.0,-150.0,135.0,-160.0,-1.5,8.5,espn,401695591,ATH,SF,regular,Luis Severino,Landen Roupp,,,,,,,,
2025,2025-05-17,Los Angeles Angels,Los Angeles Dodgers,11.0,9.0,False,3|0|1|1|0|0|5|0|1,3|0|0|1|0|3|1|1|0,185.0,-225.0,200.0,-240.0,-1.5,8.5,espn,401695589,LAA,LAD,regular,Tyler Anderson,Clayton Kershaw,,,,,,,,
2025,2025-05-18,Houston Astros,Texas Rangers,4.0,3.0,False,0|0|0|0|0|0|1|3|0,0|0|0|3|0|0|0|0|0,-150.0,125.0,-115.0,-105.0,1.5,7.5,espn,401695601,HOU,TEX,regular,Framber Valdez,Jack Leiter,,,,,,,,
2025,2025-05-18,Atlanta Braves,Boston Red Sox,10.0,4.0,False,2|0|1|1|3|0|0|3|0,0|0|4|0|0|0|0|0|0,-125.0,105.0,-125.0,105.0,1.5,9.5,espn,401695593,ATL,BOS,regular,Spencer Schwellenbach,Brayan Bello,,,,,,,,
2025,2025-05-18,Pittsburgh Pirates,Philadelphia Phillies,0.0,1.0,False,0|0|0|0|0|0|0|0|0,0|0|0|0|1|0|0|0,-110.0,-110.0,-125.0,-105.0,1.5,8.5,espn,401695597,PIT,PHI,regular,Paul Skenes,Mick Abel,,,,,,,,
2025,2025-05-18,Washington Nationals,Baltimore Orioles,10.0,4.0,False,1|6|0|1|0|0|0|1|1,0|0|0|0|1|2|1|0|0,145.0,-175.0,150.0,-180.0,-1.5,9.5,espn,401695599,WSH,BAL,regular,Michael Soroka,Zach Eflin,,,,,,,,
2025,2025-05-18,Detroit Tigers,Toronto Blue Jays,3.0,2.0,False,2|0|0|0|0|0|1|0|0,0|0|0|2|0|0|0|0|0,100.0,-120.0,105.0,-125.0,-1.5,8.5,espn,401695595,DET,TOR,regular,Jackson Jobe,Jose Berrios,,,,,,,,
2025,2025-05-18,Cleveland Guardians,Cincinnati Reds,1.0,3.0,False,0|0|0|0|0|0|1|0|0,0|0|0|2|0|1|0|0,125.0,-150.0,110.0,-130.0,-1.5,8.5,espn,401695594,CLE,CIN,regular,Luis Ortiz,Andrew Abbott,,,,,,,,
2025,2025-05-18,Tampa Bay Rays,Miami Marlins,1.0,5.0,False,0|0|1|0|0|0|0|0|0,0|0|0|3|0|2|0|0,-155.0,130.0,-165.0,140.0,1.5,8.5,espn,401695598,TB,MIA,regular,Shane Baz,Cal Quantrill,,,,,,,,
2025,2025-05-18,Minnesota Twins,Milwaukee Brewers,2.0,5.0,False,0|0|0|1|0|0|1|0|0,0|1|3|0|0|0|0|1,140.0,-165.0,110.0,-140.0,-1.5,7.5,espn,401695602,MIN,MIL,regular,Zebby Matthews,Freddy Peralta,,,,,,,,
2025,2025-05-18,St. Louis Cardinals,Kansas City Royals,1.0,2.0,False,0|0|0|1|0|0|0|0|0,0|0|0|1|0|0|1|0,100.0,-120.0,-115.0,-105.0,1.5,7.5,espn,401695603,STL,KC,regular,Matthew Liberatore,Michael Wacha,,,,,,,,
2025,2025-05-18,Chicago White Sox,Chicago Cubs,2.0,6.0,False,0|0|0|1|0|0|0|0|1,1|0|0|0|0|3|1|1,240.0,-300.0,215.0,-265.0,-1.5,7.5,espn,401695600,CHW,CHC,regular,Jonathan Cannon,Colin Rea,,,,,,,,
2025,2025-05-18,Athletics,San Francisco Giants,2.0,3.0,False,0|0|0|2|0|0|0|0|0,1|0|0|0|0|0|0|2,125.0,-150.0,130.0,-155.0,-1.5,8.5,espn,401695606,ATH,SF,regular,Jeffrey Springs,Justin Verlander,,,,,,,,
2025,2025-05-18,Los Angeles Angels,Los Angeles Dodgers,6.0,4.0,False,3|0|1|0|0|0|0|1|1,0|0|0|0|1|0|3|0|0,205.0,-250.0,200.0,-240.0,-1.5,9.5,espn,401695604,LAA,LAD,regular,Yusei Kikuchi,Tony Gonsolin,,,,,,,,
2025,2025-05-18,Colorado Rockies,Arizona Diamondbacks,0.0,1.0,False,0|0|0|0|0|0|0|0|0,1|0|0|0|0|0|0|0,265.0,-335.0,240.0,-300.0,-2.5,9.5,espn,401695605,COL,ARI,regular,Chase Dollander,Merrill Kelly,,,,,,,,
2025,2025-05-18,Seattle Mariners,San Diego Padres,6.0,1.0,False,0|0|0|3|0|1|0|0|2,1|0|0|0|0|0|0|0|0,125.0,-150.0,125.0,-150.0,-1.5,7.5,espn,401695607,SEA,SD,regular,Bryan Woo,Michael King,,,,,,,,
2025,2025-05-18,New York Mets,New York Yankees,2.0,8.0,False,0|1|0|0|1|0|0|0|0,2|0|0|0|0|0|0|6,145.0,-175.0,145.0,-175.0,-1.5,9.5,espn,401695596,NYM,NYY,regular,David Peterson,Max Fried,,,,,,,,
2025,2025-05-19,Chicago Cubs,Miami Marlins,7.0,8.0,False,0|0|0|3|0|4|0|0|0,2|0|0|0|4|0|0|0|2,-175.0,145.0,-165.0,140.0,1.5,8.5,espn,401695608,CHC,MIA,regular,Ben Brown,Edward Cabrera,,,,,,,,
2025,2025-05-19,Cincinnati Reds,Pittsburgh Pirates,7.0,1.0,False,1|0|0|0|0|1|0|2|3,1|0|0|0|0|0|0|0|0,-125.0,105.0,-120.0,100.0,1.5,8.5,espn,401695609,CIN,PIT,regular,Nick Lodolo,Mitch Keller,,,,,,,,
2025,2025-05-19,New York Mets,Boston Red Sox,1.0,3.0,False,0|0|1|0|0|0|0|0|0,2|1|0|0|0|0|0|0,-150.0,125.0,-125.0,105.0,1.5,8.5,espn,401695611,NYM,BOS,regular,Kodai Senga,Hunter Dobbins,,,,,,,,
2025,2025-05-19,Houston Astros,Tampa Bay Rays,4.0,3.0,False,0|3|0|0|0|0|1|0|0,0|0|0|0|2|1|0|0|0,115.0,-135.0,120.0,-145.0,-1.5,8.5,espn,401695610,HOU,TB,regular,Colton Gordon,Ryan Pepiot,,,,,,,,
2025,2025-05-19,Baltimore Orioles,Milwaukee Brewers,4.0,5.0,False,0|1|0|0|0|0|3|0|0,0|3|0|0|1|0|0|1,100.0,-120.0,100.0,-120.0,1.5,8.5,espn,401695612,BAL,MIL,regular,Dean Kremer,Rob Zastryzny,,,,,,,,
2025,2025-05-19,Cleveland Guardians,Minnesota Twins,5.0,6.0,False,1|0|0|1|0|0|0|0|3,1|1|0|2|0|0|0|1|1,125.0,-150.0,125.0,-150.0,-1.5,7.5,espn,401695613,CLE,MIN,regular,Logan Allen,Bailey Ober,,,,,,,,
2025,2025-05-19,Seattle Mariners,Chicago White Sox,5.0,1.0,False,0|0|1|0|0|0|0|4|0,0|0|0|0|0|0|0|0|1,-200.0,165.0,-200.0,165.0,1.5,8.5,espn,401695615,SEA,CHW,regular,Luis Castillo,Davis Martin,,,,,,,,
2025,2025-05-19,Detroit Tigers,St. Louis Cardinals,4.0,11.0,False,0|0|0|0|0|0|0|1|3,1|0|0|1|3|0|6|0,135.0,-160.0,140.0,-165.0,-1.5,7.5,espn,401695614,DET,STL,regular,Sean Guenther,Sonny Gray,,,,,,,,
2025,2025-05-19,Philadelphia Phillies,Colorado Rockies,9.0,3.0,False,0|0|0|0|1|0|1|4|3,1|0|1|0|0|1|0|0|0,-270.0,220.0,-245.0,200.0,2.5,10.5,espn,401695616,PHI,COL,regular,Cristopher Sanchez,Kyle Freeland,,,,,,,,
2025,2025-05-19,Kansas City Royals,San Francisco Giants,3.0,1.0,False,0|0|0|0|0|0|0|2|1,0|0|0|0|0|0|0|1|0,110.0,-130.0,110.0,-130.0,-1.5,7.5,espn,401695619,KC,SF,regular,Kris Bubic,Robbie Ray,,,,,,,,
2025,2025-05-19,Los Angeles Angels,Athletics,4.0,3.0,False,1|0|3|0|0|0|0|0|0,2|0|0|0|1|0|0|0|0,105.0,-125.0,115.0,-135.0,-1.5,9.5,espn,401764540,LAA,ATH,regular,Jose Soriano,J.T. Ginn,,,,,,,,
2025,2025-05-19,Arizona Diamondbacks,Los Angeles Dodgers,9.0,5.0,False,2|1|4|0|0|0|0|2|0,0|0|0|1|0|2|0|0|2,125.0,-150.0,125.0,-150.0,-1.5,10.5,espn,401695618,ARI,LAD,regular,Brandon Pfaadt,Jack Dreyer,,,,,,,,
2025,2025-05-20,Chicago Cubs,Miami Marlins,14.0,1.0,False,1|0|0|0|0|8|0|0|5,0|0|1|0|0|0|0|0|0,-165.0,140.0,-155.0,130.0,1.5,8.5,espn,401695621,CHC,MIA,regular,Jameson Taillon,Ryan Weathers,,,,,,,,
2025,2025-05-20,Cincinnati Reds,Pittsburgh Pirates,0.0,1.0,False,0|0|0|0|0|0|0|0|0,0|0|0|0|0|1|0|0,-125.0,105.0,-145.0,120.0,1.5,7.5,espn,401695622,CIN,PIT,regular,Nick Martinez,Bailey Falter,,,,,,,,
2025,2025-05-20,Atlanta Braves,Washington Nationals,3.0,5.0,False,0|3|0|0|0|0|0|0|0,3|1|0|0|0|0|1|0,-180.0,150.0,-175.0,145.0,1.5,8.5,espn,401695620,ATL,WSH,regular,Spencer Strider,Mitchell Parker,,,,,,,,
2025,2025-05-20,New York Mets,Boston Red Sox,0.0,2.0,False,0|0|0|0|0|0|0|0|0,0|0|0|0|2|0|0|0,-120.0,100.0,-145.0,120.0,1.5,8.5,espn,401695624,NYM,BOS,regular,Clay Holmes,Walker Buehler,,,,,,,,
2025,2025-05-20,Houston Astros,Tampa Bay Rays,2.0,3.0,False,0|1|1|0|0|0|0|0|0,0|0|0|0|0|0|0|2|1,-115.0,-105.0,115.0,-135.0,-1.5,9.5,espn,401695623,HOU,TB,regular,Brandon Walter,Zack Littell,,,,,,,,
2025,2025-05-20,Texas Rangers,New York Yankees,2.0,5.0,False,0|0|0|0|0|0|0|0|2,0|1|0|1|0|1|0|2,150.0,-180.0,180.0,-215.0,-1.5,8.5,espn,401695626,TEX,NYY,regular,Patrick Corbin,Will Warren,,,,,,,,
2025,2025-05-20,San Diego Padres,Toronto Blue Jays,0.0,3.0,False,0|0|0|0|0|0|0|0|0,1|0|0|0|2|0|0|0,-125.0,105.0,-110.0,-110.0,1.5,7.5,espn,401695625,SD,TOR,regular,Dylan Cease,Chris Bassitt,,,,,,,,
2025,2025-05-20,Baltimore Orioles,Milwaukee Brewers,2.0,5.0,False,0|0|0|0|0|0|2|0|0,0|0|1|2|0|0|0|2,105.0,-125.0,105.0,-125.0,1.5,8.5,espn,401695627,BAL,MIL,regular,Keegan Akin,Logan Henderson,,,,,,,,
2025,2025-05-20,Seattle Mariners,Chicago White Sox,0.0,1.0,False,0|0|0|0|0|0|0|0|0,0|0|1|0|0|0|0|0,-175.0,145.0,-180.0,150.0,1.5,8.5,espn,401695630,SEA,CHW,regular,Casey Legumina,Adrian Houser,,,,,,,,
2025,2025-05-20,Detroit Tigers,St. Louis Cardinals,5.0,4.0,False,2|0|2|0|0|0|0|0|1,0|0|0|0|2|1|1|0|0,-180.0,150.0,-180.0,150.0,1.5,7.5,espn,401695629,DET,STL,regular,Tarik Skubal,Erick Fedde,,,,,,,,
2025,2025-05-20,Philadelphia Phillies,Colorado Rockies,7.0,4.0,False,3|0|0|0|1|0|3|0|0,0|0|0|1|0|0|1|0|2,-270.0,220.0,-275.0,225.0,2.5,11.5,espn,401695631,PHI,COL,regular,Jesus Luzardo,Antonio Senzatela,,,,,,,,
2025,2025-05-20,Kansas City Royals,San Francisco Giants,2.0,3.0,False,0|0|1|0|0|0|0|1|0,0|0|0|2|1|0|0|0,110.0,-130.0,115.0,-135.0,-1.5,7.5,espn,401695634,KC,SF,regular,Michael Lorenzen,Hayden Birdsong,,,,,,,,
2025,2025-05-20,Los Angeles Angels,Athletics,7.0,5.0,False,0|0|0|1|4|0|0|0|2,0|1|0|3|0|0|0|0|1,125.0,-150.0,145.0,-175.0,-1.5,10.5,espn,401764541,LAA,ATH,regular,Kyle Hendricks,Gunnar Hoglund,,,,,,,,
2025,2025-05-20,Arizona Diamondbacks,Los Angeles Dodgers,3.0,4.0,False,0|0|0|0|0|0|0|0|1|2,0|0|0|1|0|0|0|0|0|3,185.0,-225.0,195.0,-235.0,-1.5,8.5,espn,401695633,ARI,LAD,regular,Ryne Nelson,Yoshinobu Yamamoto,,,,,,,,
2025,2025-05-21,Cleveland Guardians,Minnesota Twins,5.0,6.0,False,1|0|0|1|0|0|0|0|3,1|1|0|2|0|0|0|1|1,125.0,-150.0,125.0,-150.0,-1.5,7.5,espn,401695613,CLE,MIN,regular,Logan Allen,Bailey Ober,,,,,,,,
2025,2025-05-21,Cincinnati Reds,Pittsburgh Pirates,1.0,3.0,False,0|0|1|0|0|0|0|0|0,1|0|0|1|0|0|0|1,-125.0,105.0,-125.0,105.0,1.5,7.5,espn,401695637,CIN,PIT,regular,Brady Singer,Andrew Heaney,,,,,,,,
2025,2025-05-21,Chicago Cubs,Miami Marlins,2.0,1.0,False,1|0|0|0|0|0|0|1|0,1|0|0|0|0|0|0|0|0,-135.0,115.0,-145.0,120.0,1.5,9.5,espn,401695636,CHC,MIA,regular,Cade Horton,Max Meyer,,,,,,,,
2025,2025-05-21,Houston Astros,Tampa Bay Rays,4.0,8.0,False,2|0|0|0|0|0|0|2|0,2|0|0|1|2|0|0|3,-145.0,120.0,-165.0,140.0,1.5,8.5,espn,401695638,HOU,TB,regular,Hunter Brown,Taj Bradley,,,,,,,,
2025,2025-05-21,Baltimore Orioles,Milwaukee Brewers,8.0,4.0,False,0|0|0|1|0|0|0|2|0|1|4,0|0|0|0|1|1|0|0|1|1|0,110.0,-130.0,-105.0,-115.0,1.5,8.5,espn,401695642,BAL,MIL,regular,Tomoyuki Sugano,Chad Patrick,,,,,,,,
2025,2025-05-21,Detroit Tigers,St. Louis Cardinals,5.0,1.0,False,0|1|0|1|0|1|0|2|0,0|0|0|0|0|1|0|0|0,-105.0,-115.0,100.0,-120.0,1.5,8.5,espn,401695644,DET,STL,regular,Brant Hurter,Andre Pallante,,,,,,,,
2025,2025-05-21,Seattle Mariners,Chicago White Sox,6.0,5.0,False,3|0|0|0|0|1|0|2|0,0|0|1|3|0|0|1|0|0,-150.0,125.0,-155.0,130.0,1.5,8.5,espn,401695645,SEA,CHW,regular,Logan Evans,Shane Smith,,,,,,,,
2025,2025-05-21,Kansas City Royals,San Francisco Giants,8.0,4.0,False,1|2|0|3|2|0|0|0|0,0|0|1|1|0|0|0|0|2,165.0,-200.0,165.0,-200.0,-1.5,7.5,espn,401695649,KC,SF,regular,Daniel Lynch IV,Logan Webb,,,,,,,,
2025,2025-05-21,Cleveland Guardians,Minnesota Twins,5.0,1.0,False,0|0|0|0|0|2|0|1|2,0|0|1|0|0|0|0|0|0,130.0,-155.0,105.0,-125.0,-1.5,7.5,espn,401695643,CLE,MIN,regular,Gavin Williams,Chris Paddack,,,,,,,,
2025,2025-05-21,New York Mets,Boston Red Sox,5.0,1.0,False,0|1|0|0|0|0|3|0|1,0|0|0|0|1|0|0|0|0,135.0,-160.0,130.0,-155.0,-1.5,7.5,espn,401695639,NYM,BOS,regular,Tylor Megill,Garrett Crochet,,,,,,,,
2025,2025-05-21,Texas Rangers,New York Yankees,3.0,4.0,False,0|0|0|0|1|0|2|0|0,0|1|0|0|0|0|1|1|1,-105.0,-115.0,-105.0,-115.0,1.5,7.5,espn,401695641,TEX,NYY,regular,Jacob deGrom,Ryan Yarbrough,,,,,,,,
2025,2025-05-21,San Diego Padres,Toronto Blue Jays,0.0,14.0,False,0|0|0|0|0|0|0|0|0,0|0|0|0|2|0|5|7,130.0,-155.0,135.0,-160.0,-1.5,8.5,espn,401695640,SD,TOR,regular,Randy Vasquez,Kevin Gausman,,,,,,,,
2025,2025-05-21,Philadelphia Phillies,Colorado Rockies,9.0,5.0,False,2|0|4|0|1|2|0|0|0,1|1|0|1|0|0|0|0|2,-235.0,195.0,-185.0,155.0,2.5,11.5,espn,401695646,PHI,COL,regular,Taijuan Walker,Carson Palmquist,,,,,,,,
2025,2025-05-21,Los Angeles Angels,Athletics,10.0,5.0,False,0|2|2|2|0|0|0|2|2,0|3|0|0|1|0|1|0|0,140.0,-165.0,130.0,-155.0,-1.5,10.5,espn,401764542,LAA,ATH,regular,Jack Kochanowicz,JP Sears,,,,,,,,
2025,2025-05-21,Arizona Diamondbacks,Los Angeles Dodgers,1.0,3.0,False,0|0|0|1|0|0|0|0|0,0|0|0|0|0|3|0|0,115.0,-135.0,125.0,-150.0,-1.5,9.5,espn,401695648,ARI,LAD,regular,Corbin Burnes,Dustin May,,,,,,,,
2025,2025-05-22,Texas Rangers,New York Yankees,0.0,1.0,False,0|0|0|0|0|0|0|0|0,0|0|0|0|1|0|0|0,135.0,-160.0,135.0,-160.0,-1.5,6.5,espn,401695655,TEX,NYY,regular,Nathan Eovaldi,Carlos Rodon,,,,,,,,
2025,2025-05-22,San Diego Padres,Toronto Blue Jays,6.0,7.0,False,0|2|0|0|0|0|0|0|2|1|1,0|0|2|2|0|0|0|0|0|1|2,-110.0,-110.0,-120.0,100.0,1.5,8.5,espn,401695654,SD,TOR,regular,Stephen Kolek,Bowden Francis,,,,,,,,
2025,2025-05-22,Philadelphia Phillies,Colorado Rockies,2.0,0.0,False,0|0|0|1|0|0|1|0|0,0|0|0|0|0|0|0|0|0,-270.0,220.0,-250.0,205.0,2.5,11.5,espn,401695657,PHI,COL,regular,Ranger Suarez,German Marquez,,,,,,,,
2025,2025-05-22,Los Angeles Angels,Athletics,10.0,5.0,False,0|0|0|1|1|0|5|0|3,2|0|1|0|2|0|0|0|0,130.0,-155.0,110.0,-130.0,-1.5,10.5,espn,401764543,LAA,ATH,regular,Tyler Anderson,Luis Severino,,,,,,,,
2025,2025-05-22,Cleveland Guardians,Detroit Tigers,7.0,0.0,False,0|0|0|2|1|0|0|0|4,0|0|0|0|0|0|0|0|0,130.0,-155.0,100.0,-120.0,1.5,7.5,espn,401695652,CLE,DET,regular,Tanner Bibee,Jack Flaherty,,,,,,,,
2025,2025-05-22,Milwaukee Brewers,Pittsburgh Pirates,8.0,5.0,False,3|1|0|0|0|1|0|3|0,1|0|0|1|0|1|0|0|2,-125.0,105.0,-120.0,100.0,1.5,8.5,espn,401695653,MIL,PIT,regular,Aaron Civale,Mike Burrows,,,,,,,,
2025,2025-05-22,Atlanta Braves,Washington Nationals,7.0,8.0,False,2|0|0|3|0|0|1|0|1|0,1|4|0|2|0|0|0|0|0|1,-160.0,135.0,-165.0,140.0,1.5,8.5,espn,401695650,ATL,WSH,regular,AJ Smith-Shawver,Trevor Williams,,,,,,,,
2025,2025-05-22,Seattle Mariners,Houston Astros,2.0,9.0,False,1|1|0|0|0|0|0|0|0,0|0|2|3|1|3|0|0,-135.0,115.0,-130.0,110.0,1.5,8.5,espn,401695656,SEA,HOU,regular,George Kirby,Lance McCullers Jr.,,,,,,,,
2025,2025-05-23,Baltimore Orioles,Boston Red Sox,5.0,19.0,False,0|0|2|0|0|0|0|1|2,0|0|0|1|0|5|0|13,110.0,-130.0,110.0,-130.0,-1.5,9.5,espn,401776556,BAL,BOS,regular,Cade Povich,Brayan Bello,,,,,,,,
2025,2025-05-23,Chicago Cubs,Cincinnati Reds,13.0,6.0,False,0|0|0|2|0|0|6|3|2,3|0|1|0|2|0|0|0|0,-115.0,-105.0,-110.0,-110.0,1.5,8.5,espn,401695660,CHC,CIN,regular,Matthew Boyd,Hunter Greene,,,,,,,,
2025,2025-05-23,Milwaukee Brewers,Pittsburgh Pirates,5.0,6.0,False,0|0|0|0|0|1|2|0|1|1,0|0|1|0|1|0|1|0|1|2,115.0,-135.0,100.0,-120.0,1.5,6.5,espn,401695663,MIL,PIT,regular,Freddy Peralta,Paul Skenes,,,,,,,,
2025,2025-05-23,San Francisco Giants,Washington Nationals,4.0,0.0,False,0|0|0|0|0|0|2|2|0,0|0|0|0|0|0|0|0|0,-110.0,-110.0,-105.0,-115.0,1.5,7.5,espn,401695665,SF,WSH,regular,Landen Roupp,MacKenzie Gore,,,,,,,,
2025,2025-05-23,Toronto Blue Jays,Tampa Bay Rays,1.0,3.0,False,0|0|0|0|0|0|1|0|0,0|0|2|1|0|0|0|0,125.0,-150.0,120.0,-145.0,-1.5,8.5,espn,401695666,TOR,TB,regular,Eric Lauer,Drew Rasmussen,,,,,,,,
2025,2025-05-23,Cleveland Guardians,Detroit Tigers,3.0,1.0,False,2|0|0|0|0|0|0|0|1,0|0|0|0|0|1|0|0|0,115.0,-135.0,100.0,-120.0,1.5,8.5,espn,401695661,CLE,DET,regular,Slade Cecconi,Jackson Jobe,,,,,,,,
2025,2025-05-23,Los Angeles Dodgers,New York Mets,7.0,5.0,False,0|0|3|0|2|0|0|0|0|0|0|0|2,0|0|1|1|0|0|0|0|3|0|0|0|0,-120.0,100.0,100.0,-120.0,1.5,8.5,espn,401695662,LAD,NYM,regular,Clayton Kershaw,Griffin Canning,,,,,,,,
2025,2025-05-23,San Diego Padres,Atlanta Braves,2.0,1.0,False,0|1|0|0|0|0|0|0|1,1|0|0|0|0|0|0|0|0,125.0,-150.0,155.0,-185.0,-1.5,7.5,espn,401695664,SD,ATL,regular,Nick Pivetta,Chris Sale,,,,,,,,
2025,2025-05-23,Texas Rangers,Chicago White Sox,1.0,4.0,False,0|0|0|0|0|1|0|0|0,0|0|3|0|0|1|0|0,-180.0,150.0,-190.0,160.0,1.5,7.5,espn,401695670,TEX,CHW,regular,Tyler Mahle,Sean Burke,,,,,,,,
2025,2025-05-23,Kansas City Royals,Minnesota Twins,1.0,3.0,False,1|0|0|0|0|0|0|0|0,0|1|0|0|0|0|0|0|2,140.0,-165.0,150.0,-180.0,-1.5,7.5,espn,401695668,KC,MIN,regular,Noah Cameron,Pablo Lopez,,,,,,,,
2025,2025-05-23,Seattle Mariners,Houston Astros,5.0,3.0,False,0|0|1|0|1|0|3|0|0,0|0|2|0|1|0|0|0|0,105.0,-125.0,-105.0,-115.0,1.5,8.5,espn,401695669,SEA,HOU,regular,Emerson Hancock,Ryan Gusto,,,,,,,,
2025,2025-05-23,Arizona Diamondbacks,St. Louis Cardinals,3.0,4.0,False,0|0|0|1|0|0|0|0|2,0|0|0|0|0|4|0|0,-120.0,100.0,-115.0,-105.0,1.5,8.5,espn,401695667,ARI,STL,regular,Zac Gallen,Miles Mikolas,,,,,,,,
2025,2025-05-23,New York Yankees,Colorado Rockies,2.0,3.0,False,1|0|0|0|1|0|0|0|0,0|0|0|1|2|0|0|0,-300.0,240.0,-265.0,215.0,2.5,11.5,espn,401695671,NYY,COL,regular,Clarke Schmidt,Tanner Gordon,,,,,,,,
2025,2025-05-23,Miami Marlins,Los Angeles Angels,4.0,7.0,False,0|0|0|0|0|0|2|2|0,0|1|0|2|0|3|0|1,130.0,-155.0,135.0,-160.0,-1.5,8.5,espn,401695672,MIA,LAA,regular,Sandy Alcantara,Yusei Kikuchi,,,,,,,,
2025,2025-05-23,Philadelphia Phillies,Athletics,4.0,3.0,False,1|0|0|0|0|0|0|0|3,0|0|0|0|0|0|0|0|3,-180.0,150.0,-205.0,170.0,1.5,9.5,espn,401764544,PHI,ATH,regular,Zack Wheeler,Jacob Lopez,,,,,,,,
2025,2025-05-24,Baltimore Orioles,Boston Red Sox,5.0,6.0,False,2|0|0|0|3|0|0|0|0|0,2|0|0|0|1|2|0|0|0|1,-105.0,-115.0,-110.0,-110.0,1.5,9.5,espn,401776520,BAL,BOS,regular,Zach Eflin,Hunter Dobbins,,,,,,,,
2025,2025-05-24,Kansas City Royals,Minnesota Twins,4.0,5.0,False,0|0|2|0|2|0|0|0|0,0|0|0|0|3|1|0|0|1,105.0,-125.0,105.0,-125.0,-1.5,7.5,espn,401695683,KC,MIN,regular,Michael Wacha,Zebby Matthews,,,,,,,,
2025,2025-05-24,Arizona Diamondbacks,St. Louis Cardinals,5.0,6.0,False,0|0|0|0|1|0|0|4|0,1|0|0|0|0|0|3|2,100.0,-120.0,-105.0,-115.0,1.5,7.5,espn,401695682,ARI,STL,regular,Merrill Kelly,Matthew Liberatore,,,,,,,,
2025,2025-05-24,Milwaukee Brewers,Pittsburgh Pirates,1.0,2.0,False,0|1|0|0|0|0|0|0|0,1|0|0|0|0|0|1|0,-105.0,-115.0,-110.0,-110.0,1.5,8.5,espn,401695678,MIL,PIT,regular,Quinn Priester,Mitch Keller,,,,,,,,
2025,2025-05-24,San Francisco Giants,Washington Nationals,0.0,3.0,False,0|0|0|0|0|0|0|0|0,2|0|0|0|0|0|1|0,-145.0,120.0,-155.0,130.0,1.5,8.5,espn,401695680,SF,WSH,regular,Kyle Harrison,Jake Irvin,,,,,,,,
2025,2025-05-24,Chicago Cubs,Cincinnati Reds,4.0,6.0,False,0|0|1|0|0|0|1|1|1,2|0|0|1|3|0|0|0,-125.0,105.0,-115.0,-105.0,1.5,9.5,espn,401695675,CHC,CIN,regular,Colin Rea,Andrew Abbott,,,,,,,,
2025,2025-05-24,San Diego Padres,Atlanta Braves,1.0,7.0,False,0|0|1|0|0|0|0|0|0,0|1|2|0|0|2|2|0,-125.0,105.0,130.0,-155.0,-1.5,9.5,espn,401695679,SD,ATL,regular,Sean Reynolds,Grant Holmes,,,,,,,,
2025,2025-05-24,Seattle Mariners,Houston Astros,1.0,2.0,False,0|1|0|0|0|0|0|0|0,2|0|0|0|0|0|0|0,105.0,-125.0,-115.0,-105.0,1.5,7.5,espn,401695684,SEA,HOU,regular,Bryan Woo,Framber Valdez,,,,,,,,
2025,2025-05-24,Texas Rangers,Chicago White Sox,5.0,10.0,False,1|0|0|2|1|0|0|1|0,0|0|0|2|0|6|1|1,-185.0,155.0,-165.0,140.0,1.5,8.5,espn,401695685,TEX,CHW,regular,Jack Leiter,Bryse Wilson,,,,,,,,
2025,2025-05-24,New York Yankees,Colorado Rockies,13.0,1.0,False,1|0|0|0|10|0|0|2|0,0|0|0|1|0|0|0|0|0,-325.0,260.0,-335.0,265.0,3.5,10.5,espn,401695686,NYY,COL,regular,Max Fried,Kyle Freeland,,,,,,,,
2025,2025-05-24,Baltimore Orioles,Boston Red Sox,2.0,1.0,False,0|0|0|0|0|0|0|1|1,0|0|0|0|0|0|0|0|1,110.0,-130.0,110.0,-130.0,-1.5,8.5,espn,401695674,BAL,BOS,regular,Trevor Rogers,Lucas Giolito,,,,,,,,
2025,2025-05-24,Toronto Blue Jays,Tampa Bay Rays,1.0,3.0,False,0|0|0|0|0|1|0|0|0,3|0|0|0|0|0|0|0,100.0,-120.0,-105.0,-115.0,1.5,8.5,espn,401695681,TOR,TB,regular,Jose Berrios,Shane Baz,,,,,,,,
2025,2025-05-24,Cleveland Guardians,Detroit Tigers,7.0,5.0,False,0|0|2|0|0|0|0|1|0|4,3|0|0|0|0|0|0|0|0|2,125.0,-150.0,125.0,-150.0,-1.5,8.5,espn,401695676,CLE,DET,regular,Luis Ortiz,Casey Mize,,,,,,,,
2025,2025-05-24,Los Angeles Dodgers,New York Mets,2.0,5.0,False,0|2|0|0|0|0|0|0|0,0|1|0|3|0|0|0|1,-105.0,-115.0,100.0,-120.0,1.5,8.5,espn,401695677,LAD,NYM,regular,Tony Gonsolin,David Peterson,,,,,,,,
2025,2025-05-24,Philadelphia Phillies,Athletics,9.0,6.0,False,2|0|0|1|0|1|1|0|1|0|3,0|2|0|0|1|2|0|1|0|0|0,-180.0,150.0,-165.0,140.0,1.5,10.5,espn,401764545,PHI,ATH,regular,Cristopher Sanchez,Jeffrey Springs,,,,,,,,
2025,2025-05-24,Miami Marlins,Los Angeles Angels,6.0,2.0,False,0|1|0|0|2|0|3|0|0,0|0|0|1|0|0|0|0|1,145.0,-175.0,180.0,-215.0,-1.5,8.5,espn,401695687,MIA,LAA,regular,Cal Quantrill,Jose Soriano,,,,,,,,
2025,2025-05-25,Cleveland Guardians,Detroit Tigers,0.0,5.0,False,0|0|0|0|0|0|0|0|0,0|0|0|5|0|0|0|0,195.0,-235.0,250.0,-310.0,-1.5,6.5,espn,401695691,CLE,DET,regular,Logan Allen,Tarik Skubal,,,,,,,,
2025,2025-05-25,Baltimore Orioles,Boston Red Sox,5.0,1.0,False,0|0|0|1|1|1|0|2|0,0|0|0|0|0|0|0|0|1,110.0,-130.0,115.0,-135.0,-1.5,8.5,espn,401695689,BAL,BOS,regular,Dean Kremer,Walker Buehler,,,,,,,,
2025,2025-05-25,Milwaukee Brewers,Pittsburgh Pirates,6.0,5.0,False,3|0|0|0|0|0|0|3|0,0|0|1|0|0|2|2|0|0,-115.0,-105.0,-155.0,130.0,1.5,8.5,espn,401695693,MIL,PIT,regular,Logan Henderson,Bailey Falter,,,,,,,,
2025,2025-05-25,San Francisco Giants,Washington Nationals,3.0,2.0,False,0|1|2|0|0|0|0|0|0,0|0|1|0|0|0|0|0|1,-155.0,130.0,-150.0,125.0,1.5,7.5,espn,401695695,SF,WSH,regular,Robbie Ray,Michael Soroka,,,,,,,,
2025,2025-05-25,Chicago Cubs,Cincinnati Reds,11.0,8.0,False,2|1|0|0|0|1|3|4|0,4|0|0|0|4|0|0|0|0,-110.0,-110.0,-135.0,115.0,1.5,8.5,espn,401695690,CHC,CIN,regular,Ben Brown,Nick Lodolo,,,,,,,,
2025,2025-05-25,Toronto Blue Jays,Tampa Bay Rays,0.0,13.0,False,0|0|0|0|0|0|0|0|0,2|0|0|0|7|0|4|0,105.0,-125.0,-110.0,-110.0,1.5,8.5,espn,401695696,TOR,TB,regular,Chris Bassitt,Ryan Pepiot,,,,,,,,
2025,2025-05-25,Kansas City Royals,Minnesota Twins,2.0,1.0,False,0|0|0|0|0|0|1|0|0|1,1|0|0|0|0|0|0|0|0|0,105.0,-125.0,-105.0,-115.0,1.5,7.5,espn,401695698,KC,MIN,regular,Kris Bubic,Bailey Ober,,,,,,,,
2025,2025-05-25,Seattle Mariners,Houston Astros,3.0,5.0,False,2|0|1|0|0|0|0|0|0,0|0|2|0|0|1|0|0|2,-130.0,110.0,-150.0,125.0,1.5,8.5,espn,401695699,SEA,HOU,regular,Luis Castillo,Colton Gordon,,,,,,,,
2025,2025-05-25,Texas Rangers,Chicago White Sox,5.0,4.0,False,0|2|0|0|0|0|0|0|3,0|0|0|1|0|2|0|0|1,-150.0,125.0,-120.0,100.0,1.5,8.5,espn,401695700,TEX,CHW,regular,Patrick Corbin,Davis Martin,,,,,,,,
2025,2025-05-25,Arizona Diamondbacks,St. Louis Cardinals,3.0,4.0,False,2|0|0|0|0|1|0|0|0,1|0|1|0|0|1|1|0,105.0,-125.0,105.0,-125.0,-1.5,7.5,espn,401695697,ARI,STL,regular,Brandon Pfaadt,Sonny Gray,,,,,,,,
2025,2025-05-25,New York Yankees,Colorado Rockies,5.0,4.0,False,1|1|0|0|2|0|0|1|0,2|0|0|0|0|1|0|0|1,-290.0,235.0,-285.0,230.0,2.5,10.5,espn,401695701,NYY,COL,regular,Will Warren,Antonio Senzatela,,,,,,,,
2025,2025-05-25,Philadelphia Phillies,Athletics,4.0,5.0,False,0|1|1|0|1|0|0|1|0,3|0|0|0|0|0|0|2,-185.0,155.0,-200.0,165.0,1.5,9.5,espn,401764546,PHI,ATH,regular,Jesus Luzardo,Gunnar Hoglund,,,,,,,,
2025,2025-05-25,Miami Marlins,Los Angeles Angels,3.0,0.0,False,0|0|1|1|1|0|0|0|0,0|0|0|0|0|0|0|0|0,120.0,-145.0,-105.0,-115.0,1.5,8.5,espn,401695702,MIA,LAA,regular,Edward Cabrera,Kyle Hendricks,,,,,,,,
2025,2025-05-25,San Diego Padres,Atlanta Braves,5.0,3.0,False,1|0|0|0|0|2|1|1|0,0|1|0|0|2|0|0|0|0,125.0,-150.0,125.0,-150.0,-1.5,7.5,espn,401695694,SD,ATL,regular,Dylan Cease,Spencer Schwellenbach,,,,,,,,
2025,2025-05-25,Los Angeles Dodgers,New York Mets,1.0,3.0,False,1|0|0|0|0|0|0|0|0,2|0|1|0|0|0|0|0,115.0,-135.0,-105.0,-115.0,1.5,8.5,espn,401695692,LAD,NYM,regular,Landon Knack,Kodai Senga,,,,,,,,
2025,2025-05-26,San Francisco Giants,Detroit Tigers,1.0,3.0,False,0|0|0|0|0|1|0|0|0,0|0|0|1|2|0|0|0,-110.0,-110.0,-105.0,-115.0,1.5,8.5,espn,401695706,SF,DET,regular,Hayden Birdsong,Keider Montero,,,,,,,,
2025,2025-05-26,Boston Red Sox,Milwaukee Brewers,2.0,3.0,False,0|0|0|0|0|0|0|1|1,1|0|0|0|1|0|0|1,-160.0,135.0,-165.0,140.0,1.5,7.5,espn,401695708,BOS,MIL,regular,Garrett Crochet,Chad Patrick,,,,,,,,
2025,2025-05-26,Colorado Rockies,Chicago Cubs,1.0,3.0,False,0|0|0|0|1|0|0|0|0,1|0|0|0|1|0|1|0,265.0,-335.0,270.0,-350.0,-1.5,7.5,espn,401695710,COL,CHC,regular,Carson Palmquist,Jameson Taillon,,,,,,,,
2025,2025-05-26,St. Louis Cardinals,Baltimore Orioles,2.0,5.0,False,0|0|0|0|2|0|0|0|0,1|0|1|3|0|0|0|0,-115.0,-105.0,-115.0,-105.0,1.5,8.5,espn,401695707,STL,BAL,regular,Erick Fedde,Charlie Morton,,,,,,,,
2025,2025-05-26,Toronto Blue Jays,Texas Rangers,2.0,1.0,False,1|0|0|1|0|0|0|0|0,0|0|0|1|0|0|0|0|0,130.0,-155.0,120.0,-145.0,-1.5,6.5,espn,401695712,TOR,TEX,regular,Kevin Gausman,Jacob deGrom,,,,,,,,
2025,2025-05-26,Chicago White Sox,New York Mets,1.0,2.0,False,0|0|0|1|0|0|0|0|0,0|0|0|0|0|0|0|1|1,260.0,-325.0,230.0,-285.0,-1.5,8.5,espn,401695704,CHW,NYM,regular,Adrian Houser,Clay Holmes,,,,,,,,
2025,2025-05-26,Cincinnati Reds,Kansas City Royals,7.0,4.0,False,1|0|3|0|2|0|0|1|0,0|0|0|0|0|0|3|0|1,100.0,-120.0,100.0,-120.0,1.5,7.5,espn,401695709,CIN,KC,regular,Nick Martinez,Michael Lorenzen,,,,,,,,
2025,2025-05-26,Los Angeles Dodgers,Cleveland Guardians,7.0,2.0,False,1|1|0|0|2|2|0|0|1,0|0|1|0|0|1|0|0|0,-185.0,155.0,-180.0,150.0,1.5,7.5,espn,401695705,LAD,CLE,regular,Yoshinobu Yamamoto,Gavin Williams,,,,,,,,
2025,2025-05-26,Minnesota Twins,Tampa Bay Rays,2.0,7.0,False,0|0|0|0|0|0|2|0|0,0|0|0|0|0|3|0|4,105.0,-125.0,100.0,-120.0,-1.5,8.5,espn,401695711,MIN,TB,regular,Chris Paddack,Zack Littell,,,,,,,,
2025,2025-05-26,Pittsburgh Pirates,Arizona Diamondbacks,0.0,5.0,False,0|0|0|0|0|0|0|0|0,0|2|1|0|2|0|0|0,150.0,-180.0,160.0,-190.0,-1.5,9.5,espn,401695715,PIT,ARI,regular,Andrew Heaney,Ryne Nelson,,,,,,,,
2025,2025-05-26,Miami Marlins,San Diego Padres,3.0,4.0,False,2|1|0|0|0|0|0|0|0|0|0,0|0|0|2|0|0|0|1|0|0|1,120.0,-145.0,135.0,-160.0,-1.5,7.5,espn,401695713,MIA,SD,regular,Ryan Weathers,Randy Vasquez,,,,,,,,
2025,2025-05-26,New York Yankees,Los Angeles Angels,5.0,1.0,False,0|0|0|4|0|0|0|1|0,1|0|0|0|0|0|0|0|0,-165.0,140.0,-180.0,150.0,1.5,9.5,espn,401695714,NYY,LAA,regular,Ryan Yarbrough,Jack Kochanowicz,,,,,,,,
2025,2025-05-27,Los Angeles Dodgers,Cleveland Guardians,9.0,5.0,False,0|2|0|2|0|1|0|1|3,0|0|0|3|0|0|0|0|2,-130.0,110.0,-135.0,115.0,1.5,8.5,espn,401695718,LAD,CLE,regular,Dustin May,Tanner Bibee,,,,,,,,
2025,2025-05-27,St. Louis Cardinals,Baltimore Orioles,7.0,4.0,False,1|2|0|0|0|0|1|3|0,0|0|0|1|3|0|0|0|0,100.0,-120.0,-120.0,100.0,1.5,8.5,espn,401695720,STL,BAL,regular,Andre Pallante,Tomoyuki Sugano,,,,,,,,
2025,2025-05-27,San Francisco Giants,Detroit Tigers,1.0,3.0,False,0|0|0|0|0|0|0|0|1,1|1|1|0|0|0|0|0,-120.0,100.0,-115.0,-105.0,1.5,7.5,espn,401695719,SF,DET,regular,Logan Webb,Jack Flaherty,,,,,,,,
2025,2025-05-27,Atlanta Braves,Philadelphia Phillies,0.0,2.0,False,0|0|0|0|0|0|0|0|0,0|1|0|0|0|0|0|1,100.0,-120.0,-105.0,-115.0,1.5,8.5,espn,401695716,ATL,PHI,regular,Spencer Strider,Ranger Suarez,,,,,,,,
2025,2025-05-27,Minnesota Twins,Tampa Bay Rays,4.0,2.0,False,1|1|0|0|0|1|0|1|0,0|0|0|1|0|0|1|0|0,-130.0,110.0,-120.0,100.0,1.5,8.5,espn,401695725,MIN,TB,regular,Joe Ryan,Taj Bradley,,,,,,,,
2025,2025-05-27,Chicago White Sox,New York Mets,4.0,6.0,False,2|0|0|0|0|0|2|0|0,4|0|1|0|0|0|0|1,210.0,-255.0,235.0,-290.0,-1.5,8.5,espn,401695717,CHW,NYM,regular,Jonathan Cannon,Tylor Megill,,,,,,,,
2025,2025-05-27,Boston Red Sox,Milwaukee Brewers,1.0,5.0,False,0|0|0|0|0|1|0|0|0|0,0|0|0|0|0|0|0|0|1|4,105.0,-125.0,-105.0,-115.0,1.5,8.5,espn,401695721,BOS,MIL,regular,Richard Fitts,Aaron Civale,,,,,,,,
2025,2025-05-27,Cincinnati Reds,Kansas City Royals,7.0,2.0,False,0|1|0|1|0|1|0|3|1,0|2|0|0|0|0|0|0|0,-115.0,-105.0,105.0,-125.0,-1.5,7.5,espn,401695722,CIN,KC,regular,Brady Singer,Daniel Lynch IV,,,,,,,,
2025,2025-05-27,Colorado Rockies,Chicago Cubs,3.0,4.0,False,0|0|0|1|0|0|1|0|0|0|1,0|0|2|0|0|0|0|0|0|0|2,240.0,-300.0,265.0,-335.0,-1.5,7.5,espn,401695723,COL,CHC,regular,German Marquez,Cade Horton,,,,,,,,
2025,2025-05-27,Toronto Blue Jays,Texas Rangers,0.0,2.0,False,0|0|0|0|0|0|0|0|0,0|0|0|0|0|0|0|2,140.0,-165.0,125.0,-150.0,-1.5,7.5,espn,401695726,TOR,TEX,regular,Bowden Francis,Nathan Eovaldi,,,,,,,,
2025,2025-05-27,Athletics,Houston Astros,1.0,11.0,False,0|0|0|1|0|0|0|0|0,0|4|3|2|0|2|0|0,170.0,-205.0,170.0,-205.0,-1.5,8.5,espn,401695724,ATH,HOU,regular,JP Sears,Hunter Brown,,,,,,,,
2025,2025-05-27,New York Yankees,Los Angeles Angels,3.0,2.0,False,0|0|0|1|0|1|1|0|0,0|0|0|0|0|0|0|0|2,-185.0,155.0,-215.0,180.0,1.5,8.5,espn,401695728,NYY,LAA,regular,Carlos Rodon,Tyler Anderson,,,,,,,,
2025,2025-05-27,Miami Marlins,San Diego Padres,6.0,8.0,False,6|0|0|0|0|0|0|0|0,1|2|2|1|1|0|0|1,145.0,-175.0,135.0,-160.0,-1.5,7.5,espn,401695727,MIA,SD,regular,Max Meyer,Stephen Kolek,,,,,,,,
2025,2025-05-27,Pittsburgh Pirates,Arizona Diamondbacks,9.0,6.0,False,0|0|0|0|0|2|0|7|0,1|0|0|5|0|0|0|0|0,205.0,-250.0,225.0,-275.0,-1.5,8.5,espn,401695729,PIT,ARI,regular,Mike Burrows,Corbin Burnes,,,,,,,,
2025,2025-05-27,Washington Nationals,Seattle Mariners,1.0,9.0,False,0|0|0|1|0|0|0|0|0,3|0|0|0|1|3|0|2,125.0,-150.0,135.0,-160.0,-1.5,8.5,espn,401695730,WSH,SEA,regular,Mitchell Parker,Logan Evans,,,,,,,,
2025,2025-05-28,Chicago White Sox,New York Mets,9.0,4.0,False,2|2|1|0|0|2|1|1|0,0|0|3|0|0|0|0|0|1,205.0,-250.0,180.0,-215.0,-1.5,7.5,espn,401695732,CHW,NYM,regular,Shane Smith,Griffin Canning,,,,,,,,
2025,2025-05-28,Los Angeles Dodgers,Cleveland Guardians,4.0,7.0,False,0|0|0|2|0|1|1|0|0,1|0|0|0|0|0|1|5,-155.0,130.0,-175.0,145.0,1.5,8.5,espn,401695733,LAD,CLE,regular,Clayton Kershaw,Kolby Allard,,,,,,,,
2025,2025-05-28,San Francisco Giants,Detroit Tigers,3.0,4.0,False,0|1|0|0|2|0|0|0|0,0|0|0|0|4|0|0|0,-105.0,-115.0,-110.0,-110.0,1.5,7.5,espn,401695734,SF,DET,regular,Landen Roupp,Jackson Jobe,,,,,,,,
2025,2025-05-28,Boston Red Sox,Milwaukee Brewers,5.0,6.0,False,0|1|0|2|0|0|1|0|0|1,0|0|1|0|1|2|0|0|0|2,130.0,-155.0,130.0,-155.0,-1.5,7.5,espn,401695736,BOS,MIL,regular,Brayan Bello,Freddy Peralta,,,,,,,,
2025,2025-05-28,Minnesota Twins,Tampa Bay Rays,0.0,5.0,False,0|0|0|0|0|0|0|0|0,0|0|0|3|1|0|0|1,-105.0,-115.0,100.0,-120.0,1.5,7.5,espn,401695740,MIN,TB,regular,Pablo Lopez,Drew Rasmussen,,,,,,,,
2025,2025-05-28,Athletics,Houston Astros,3.0,5.0,False,0|0|2|0|1|0|0|0|0,0|0|1|1|0|0|3|0,105.0,-125.0,115.0,-135.0,-1.5,8.5,espn,401695739,ATH,HOU,regular,Luis Severino,Lance McCullers Jr.,,,,,,,,
2025,2025-05-28,Pittsburgh Pirates,Arizona Diamondbacks,10.0,1.0,False,0|1|0|0|2|5|0|2|0,0|0|0|0|0|0|0|0|1,105.0,-125.0,120.0,-145.0,-1.5,7.5,espn,401695744,PIT,ARI,regular,Paul Skenes,Zac Gallen,,,,,,,,
2025,2025-05-28,Miami Marlins,San Diego Padres,10.0,8.0,False,0|0|1|0|5|0|1|3|0,0|1|0|5|0|0|2|0|0,145.0,-175.0,135.0,-160.0,-1.5,8.5,espn,401695742,MIA,SD,regular,Sandy Alcantara,Kyle Hart,,,,,,,,
2025,2025-05-28,St. Louis Cardinals,Baltimore Orioles,6.0,4.0,False,0|0|0|2|3|0|1|0|0,0|3|0|1|0|0|0|0|0,105.0,-125.0,-115.0,-105.0,1.5,7.5,espn,401695735,STL,BAL,regular,Miles Mikolas,Cade Povich,,,,,,,,
2025,2025-05-28,Cincinnati Reds,Kansas City Royals,2.0,3.0,False,0|0|0|0|0|1|0|1|0,0|0|0|1|1|0|1|0,-120.0,100.0,-115.0,-105.0,1.5,7.5,espn,401695737,CIN,KC,regular,Hunter Greene,Noah Cameron,,,,,,,,
2025,2025-05-28,Colorado Rockies,Chicago Cubs,1.0,2.0,False,0|0|0|0|0|1|0|0|0,1|0|0|1|0|0|0|0,280.0,-350.0,285.0,-360.0,-2.5,7.5,espn,401695738,COL,CHC,regular,Tanner Gordon,Matthew Boyd,,,,,,,,
2025,2025-05-28,Toronto Blue Jays,Texas Rangers,2.0,0.0,False,0|0|0|0|0|0|0|0|2,0|0|0|0|0|0|0|0|0,135.0,-160.0,120.0,-145.0,-1.5,8.5,espn,401695741,TOR,TEX,regular,Paxton Schultz,Tyler Mahle,,,,,,,,
2025,2025-05-28,New York Yankees,Los Angeles Angels,1.0,0.0,False,1|0|0|0|0|0|0|0|0,0|0|0|0|0|0|0|0|0,-165.0,140.0,-175.0,145.0,1.5,8.5,espn,401695743,NYY,LAA,regular,Clarke Schmidt,Yusei Kikuchi,,,,,,,,
2025,2025-05-28,Washington Nationals,Seattle Mariners,9.0,0.0,False,0|2|0|3|1|0|0|3|0,0|0|0|0|0|0|0|0|0,160.0,-190.0,185.0,-225.0,-1.5,7.5,espn,401695745,WSH,SEA,regular,Trevor Williams,George Kirby,,,,,,,,
2025,2025-05-29,Atlanta Braves,Philadelphia Phillies,4.0,5.0,False,0|0|0|0|0|2|0|2|0,0|0|2|0|1|0|1|1,135.0,-160.0,140.0,-165.0,-1.5,7.5,espn,401777355,ATL,PHI,regular,AJ Smith-Shawver,Cristopher Sanchez,,,,,,,,
2025,2025-05-29,Atlanta Braves,Philadelphia Phillies,9.0,3.0,False,0|0|0|4|0|2|2|0|1,0|0|0|0|0|0|0|2|1,-115.0,-105.0,-125.0,105.0,1.5,7.5,espn,401695746,ATL,PHI,regular,Chris Sale,Zack Wheeler,,,,,,,,
2025,2025-05-29,Athletics,Toronto Blue Jays,0.0,12.0,False,0|0|0|0|0|0|0|0|0,0|8|3|0|0|0|1|0,120.0,-145.0,135.0,-160.0,-1.5,8.5,espn,401695747,ATH,TOR,regular,Jacob Lopez,Jose Berrios,,,,,,,,
2025,2025-05-29,Tampa Bay Rays,Houston Astros,13.0,3.0,False,1|0|0|1|1|0|5|5|0,0|0|0|0|2|1|0|0|0,105.0,-125.0,100.0,-120.0,1.5,8.5,espn,401695748,TB,HOU,regular,Shane Baz,Ryan Gusto,,,,,,,,
2025,2025-05-29,Washington Nationals,Seattle Mariners,9.0,3.0,False,0|0|0|0|0|2|0|0|0|7,0|0|0|0|0|0|2|0|0|1,-105.0,-115.0,-105.0,-115.0,1.5,7.5,espn,401695749,WSH,SEA,regular,MacKenzie Gore,Emerson Hancock,,,,,,,,
2025,2025-05-30,Cincinnati Reds,Chicago Cubs,6.0,2.0,False,2|0|0|2|0|2|0|0|0,0|0|0|0|0|0|0|2|0,145.0,-175.0,135.0,-160.0,-1.5,9.5,espn,401695757,CIN,CHC,regular,Andrew Abbott,Colin Rea,,,,,,,,
2025,2025-05-30,Chicago White Sox,Baltimore Orioles,1.0,2.0,False,0|0|0|0|0|0|0|0|1,0|0|0|0|0|2|0|0,185.0,-225.0,185.0,-225.0,-1.5,9.5,espn,401695752,CHW,BAL,regular,Sean Burke,Zach Eflin,,,,,,,,
2025,2025-05-30,Milwaukee Brewers,Philadelphia Phillies,6.0,2.0,False,2|0|0|0|3|0|0|0|1,0|0|0|1|0|0|1|0|0,125.0,-150.0,100.0,-120.0,1.5,9.5,espn,401695754,MIL,PHI,regular,DL Hall,Taijuan Walker,,,,,,,,
2025,2025-05-30,Athletics,Toronto Blue Jays,7.0,11.0,False,0|1|1|1|2|0|0|0|2,0|3|3|0|3|2|0|0,135.0,-160.0,150.0,-180.0,-1.5,8.5,espn,401695755,ATH,TOR,regular,Jeffrey Springs,Chris Bassitt,,,,,,,,
2025,2025-05-30,Los Angeles Angels,Cleveland Guardians,4.0,1.0,False,0|1|0|0|0|0|2|0|1,0|0|0|0|0|0|0|0|1,130.0,-155.0,120.0,-145.0,-1.5,8.5,espn,401695750,LAA,CLE,regular,Jose Soriano,Luis Ortiz,,,,,,,,
2025,2025-05-30,Colorado Rockies,New York Mets,2.0,4.0,False,0|0|0|0|0|1|1|0|0,1|0|1|1|0|0|0|1,280.0,-350.0,250.0,-310.0,-2.5,8.5,espn,401695753,COL,NYM,regular,Kyle Freeland,David Peterson,,,,,,,,
2025,2025-05-30,San Francisco Giants,Miami Marlins,2.0,0.0,False,1|0|0|1|0|0|0|0|0,0|0|0|0|0|0|0|0|0,-180.0,150.0,-165.0,140.0,1.5,8.5,espn,401695756,SF,MIA,regular,Kyle Harrison,Cal Quantrill,,,,,,,,
2025,2025-05-30,Boston Red Sox,Atlanta Braves,5.0,1.0,False,0|0|0|2|0|1|0|0|2,1|0|0|0|0|0|0|0|0,140.0,-165.0,140.0,-165.0,-1.5,9.5,espn,401695751,BOS,ATL,regular,Lucas Giolito,Grant Holmes,,,,,,,,
2025,2025-05-30,St. Louis Cardinals,Texas Rangers,1.0,11.0,False,0|0|0|0|0|0|0|1|0,1|4|0|0|0|4|2|0,-130.0,110.0,-130.0,110.0,1.5,8.5,espn,401695759,STL,TEX,regular,Matthew Liberatore,Jack Leiter,,,,,,,,
2025,2025-05-30,Detroit Tigers,Kansas City Royals,7.0,5.0,False,2|2|0|0|1|0|0|2|0,1|0|2|0|0|0|1|0|1,-120.0,100.0,-120.0,100.0,1.5,8.5,espn,401695758,DET,KC,regular,Casey Mize,Seth Lugo,,,,,,,,
2025,2025-05-30,Tampa Bay Rays,Houston Astros,1.0,2.0,False,1|0|0|0|0|0|0|0|0,0|0|0|0|0|0|0|1|1,140.0,-165.0,130.0,-155.0,-1.5,7.5,espn,401695760,TB,HOU,regular,Ryan Pepiot,Framber Valdez,,,,,,,,
2025,2025-05-30,Pittsburgh Pirates,San Diego Padres,2.0,3.0,False,0|0|0|0|0|2|0|0|0,0|0|0|1|0|2|0|0,160.0,-190.0,160.0,-190.0,-1.5,7.5,espn,401695763,PIT,SD,regular,Mitch Keller,Nick Pivetta,,,,,,,,
2025,2025-05-30,Washington Nationals,Arizona Diamondbacks,9.0,7.0,False,2|0|4|0|0|2|1|0|0,4|0|2|0|0|0|0|0|1,185.0,-225.0,195.0,-235.0,-1.5,9.5,espn,401695764,WSH,ARI,regular,Jake Irvin,Merrill Kelly,,,,,,,,
2025,2025-05-30,Minnesota Twins,Seattle Mariners,12.0,6.0,False,0|0|0|2|0|0|1|0|3|6,4|0|0|0|0|0|0|2|0|0,130.0,-155.0,140.0,-165.0,-1.5,6.5,espn,401695761,MIN,SEA,regular,Zebby Matthews,Bryan Woo,,,,,,,,
2025,2025-05-30,New York Yankees,Los Angeles Dodgers,5.0,8.0,False,1|3|1|0|0|0|0|0|0,1|1|0|0|0|4|2|0,-110.0,-110.0,-130.0,110.0,1.5,8.5,espn,401695762,NYY,LAD,regular,Max Fried,Tony Gonsolin,,,,,,,,
2025,2025-05-31,Cincinnati Reds,Chicago Cubs,0.0,2.0,False,0|0|0|0|0|0|0|0|0,0|0|0|0|0|0|0|2,140.0,-165.0,150.0,-180.0,-1.5,7.5,espn,401695772,CIN,CHC,regular,Nick Lodolo,Drew Pomeranz,,,,,,,,
2025,2025-05-31,Athletics,Toronto Blue Jays,7.0,8.0,False,3|2|0|0|0|0|0|0|2,4|1|1|0|1|1|0|0,130.0,-155.0,125.0,-150.0,-1.5,9.5,espn,401695770,ATH,TOR,regular,Gunnar Hoglund,Braydon Fisher,,,,,,,,
2025,2025-05-31,Chicago White Sox,Baltimore Orioles,2.0,4.0,False,0|0|0|0|1|0|1|0|0,1|0|0|1|2|0|0|0,155.0,-185.0,140.0,-165.0,-1.5,8.5,espn,401695767,CHW,BAL,regular,Davis Martin,Dean Kremer,,,,,,,,
2025,2025-05-31,Milwaukee Brewers,Philadelphia Phillies,17.0,7.0,False,4|0|0|8|0|5|0|0|0,0|0|0|1|0|1|0|0|5,160.0,-190.0,155.0,-185.0,-1.5,7.5,espn,401695769,MIL,PHI,regular,Chad Patrick,Jesus Luzardo,,,,,,,,
2025,2025-05-31,St. Louis Cardinals,Texas Rangers,2.0,0.0,False,0|1|0|1|0|0|0|0|0,0|0|0|0|0|0|0|0|0,-145.0,120.0,-155.0,130.0,1.5,8.5,espn,401695774,STL,TEX,regular,Sonny Gray,Patrick Corbin,,,,,,,,
2025,2025-05-31,Los Angeles Angels,Cleveland Guardians,5.0,7.0,False,0|0|2|2|1|0|0|0|0,0|0|0|2|1|1|3|0,155.0,-185.0,145.0,-175.0,-1.5,7.5,espn,401695765,LAA,CLE,regular,Kyle Hendricks,Slade Cecconi,,,,,,,,
2025,2025-05-31,Boston Red Sox,Atlanta Braves,0.0,5.0,False,0|0|0|0|0|0|0|0|0,1|0|0|4|0|0|0|0,145.0,-175.0,155.0,-185.0,-1.5,8.5,espn,401695766,BOS,ATL,regular,Walker Buehler,Spencer Schwellenbach,,,,,,,,
2025,2025-05-31,Colorado Rockies,New York Mets,2.0,8.0,False,1|0|0|0|0|0|1|0|0,4|0|0|3|0|0|0|1,350.0,-450.0,285.0,-360.0,-2.5,8.5,espn,401695768,COL,NYM,regular,Antonio Senzatela,Kodai Senga,,,,,,,,
2025,2025-05-31,San Francisco Giants,Miami Marlins,0.0,1.0,False,0|0|0|0|0|0|0|0|0,0|1|0|0|0|0|0|0,-175.0,145.0,-150.0,125.0,1.5,7.5,espn,401695771,SF,MIA,regular,Robbie Ray,Edward Cabrera,,,,,,,,
2025,2025-05-31,Detroit Tigers,Kansas City Royals,0.0,1.0,False,0|0|0|0|0|0|0|0|0,0|0|0|0|0|0|0|1,-180.0,150.0,-180.0,150.0,1.5,7.5,espn,401695773,DET,KC,regular,Tarik Skubal,Michael Wacha,,,,,,,,
2025,2025-05-31,Tampa Bay Rays,Houston Astros,16.0,3.0,False,0|0|3|1|0|1|6|3|2,1|0|2|0|0|0|0|0|0,105.0,-125.0,115.0,-135.0,-1.5,8.5,espn,401695775,TB,HOU,regular,Zack Littell,Colton Gordon,,,,,,,,
2025,2025-05-31,Minnesota Twins,Seattle Mariners,4.0,5.0,False,0|3|0|0|0|0|0|0|1|0|0,0|0|2|0|0|0|2|0|0|0|1,-110.0,-110.0,-110.0,-110.0,1.5,7.5,espn,401695776,MIN,SEA,regular,Bailey Ober,Bryce Miller,,,,,,,,
2025,2025-05-31,New York Yankees,Los Angeles Dodgers,2.0,18.0,False,0|0|0|1|0|0|0|1|0,4|6|0|0|4|0|1|3,105.0,-125.0,-125.0,105.0,1.5,9.5,espn,401695777,NYY,LAD,regular,Will Warren,Landon Knack,,,,,,,,
2025,2025-05-31,Pittsburgh Pirates,San Diego Padres,5.0,0.0,False,1|0|0|1|1|0|2|0|0,0|0|0|0|0|0|0|0|0,180.0,-215.0,195.0,-235.0,-1.5,7.5,espn,401695778,PIT,SD,regular,Bailey Falter,Dylan Cease,,,,,,,,
2025,2025-05-31,Washington Nationals,Arizona Diamondbacks,11.0,7.0,False,10|1|0|0|0|0|0|0|0,0|0|0|2|0|5|0|0|0,165.0,-200.0,155.0,-185.0,-1.5,9.5,espn,401695779,WSH,ARI,regular,Michael Soroka,Brandon Pfaadt,,,,,,,,
2025,2025-06-01,St. Louis Cardinals,Texas Rangers,1.0,8.0,False,1|0|0|0|0|0|0|0|0,0|2|0|0|0|0|1|5,150.0,-180.0,135.0,-160.0,-1.5,7.5,espn,401695789,STL,TEX,regular,Erick Fedde,Jacob deGrom,,,,,,,,
2025,2025-06-01,Boston Red Sox,Atlanta Braves,3.0,1.0,False,3|0|0|0|0|0|0|0|0,1|0|0|0|0|0|0|0|0,-135.0,115.0,-120.0,100.0,1.5,8.5,espn,401695781,BOS,ATL,regular,Garrett Crochet,Bryce Elder,,,,,,,,
2025,2025-06-01,Chicago White Sox,Baltimore Orioles,2.0,3.0,False,0|0|0|0|0|1|1|0|0,0|0|2|0|0|1|0|0,145.0,-175.0,125.0,-150.0,-1.5,8.5,espn,401695782,CHW,BAL,regular,Adrian Houser,Charlie Morton,,,,,,,,
2025,2025-06-01,Milwaukee Brewers,Philadelphia Phillies,5.0,2.0,False,0|0|0|0|1|0|3|0|1,1|1|0|0|0|0|0|0|0,150.0,-180.0,140.0,-165.0,-1.5,8.5,espn,401695784,MIL,PHI,regular,Jose Quintana,Ranger Suarez,,,,,,,,
2025,2025-06-01,Athletics,Toronto Blue Jays,4.0,8.0,False,1|0|0|0|2|0|0|1|0,0|0|0|0|2|0|0|6,165.0,-200.0,205.0,-250.0,-1.5,7.5,espn,401695785,ATH,TOR,regular,JP Sears,Kevin Gausman,,,,,,,,
2025,2025-06-01,Los Angeles Angels,Cleveland Guardians,2.0,4.0,False,0|0|0|0|0|0|2|0|0,0|0|1|3|0|0|0|0,145.0,-175.0,160.0,-190.0,-1.5,8.5,espn,401695780,LAA,CLE,regular,Jack Kochanowicz,Gavin Williams,,,,,,,,
2025,2025-06-01,Colorado Rockies,New York Mets,3.0,5.0,False,0|0|1|0|2|0|0|0|0,0|0|0|3|1|0|0|1,300.0,-385.0,330.0,-425.0,-2.5,8.5,espn,401695783,COL,NYM,regular,Carson Palmquist,Clay Holmes,,,,,,,,
2025,2025-06-01,San Francisco Giants,Miami Marlins,4.0,2.0,False,0|0|1|3|0|0|0|0|0,0|0|0|0|0|1|1|0|0,-125.0,105.0,-110.0,-110.0,1.5,8.5,espn,401695786,SF,MIA,regular,Hayden Birdsong,Ryan Weathers,,,,,,,,
2025,2025-06-01,Detroit Tigers,Kansas City Royals,1.0,0.0,False,0|0|1|0|0|0|0|0|0,0|0|0|0|0|0|0|0|0,125.0,-150.0,140.0,-165.0,-1.5,8.5,espn,401695788,DET,KC,regular,Keider Montero,Kris Bubic,,,,,,,,
2025,2025-06-01,Tampa Bay Rays,Houston Astros,0.0,1.0,False,0|0|0|0|0|0|0|0|0,1|0|0|0|0|0|0|0,180.0,-215.0,140.0,-165.0,-1.5,7.5,espn,401695790,TB,HOU,regular,Taj Bradley,Hunter Brown,,,,,,,,
2025,2025-06-01,Cincinnati Reds,Chicago Cubs,3.0,7.0,False,0|0|0|0|0|2|0|0|1,0|0|4|0|1|0|2|0,140.0,-165.0,140.0,-165.0,-1.5,7.5,espn,401695787,CIN,CHC,regular,Nick Martinez,Jameson Taillon,,,,,,,,
2025,2025-06-01,Minnesota Twins,Seattle Mariners,1.0,2.0,False,0|0|0|0|0|0|0|0|1,0|0|0|0|0|0|1|0|1,115.0,-135.0,115.0,-135.0,-1.5,7.5,espn,401695791,MIN,SEA,regular,Chris Paddack,Luis Castillo,,,,,,,,
2025,2025-06-01,Washington Nationals,Arizona Diamondbacks,1.0,3.0,False,0|0|0|0|1|0|0|0|0,3|0|0|0|0|0|0|0,200.0,-240.0,185.0,-225.0,-1.5,9.5,espn,401695794,WSH,ARI,regular,Mitchell Parker,Corbin Burnes,,,,,,,,
2025,2025-06-01,Pittsburgh Pirates,San Diego Padres,4.0,6.0,False,0|0|3|1|0|0|0|0|0,1|0|0|0|0|1|4|0,125.0,-150.0,125.0,-150.0,-1.5,8.5,espn,401695793,PIT,SD,regular,Andrew Heaney,Randy Vasquez,,,,,,,,
2025,2025-06-01,New York Yankees,Los Angeles Dodgers,7.0,3.0,False,1|0|3|0|2|0|0|0|1,0|1|0|0|0|0|2|0|0,145.0,-175.0,145.0,-175.0,-1.5,8.5,espn,401695792,NYY,LAD,regular,Ryan Yarbrough,Yoshinobu Yamamoto,,,,,,,,
2025,2025-06-02,Colorado Rockies,Miami Marlins,6.0,4.0,False,1|0|1|1|2|0|0|0|1,3|1|0|0|0|0|0|0|0,150.0,-180.0,165.0,-200.0,-1.5,8.5,espn,401695796,COL,MIA,regular,German Marquez,Max Meyer,,,,,,,,
2025,2025-06-02,Los Angeles Angels,Boston Red Sox,7.0,6.0,False,6|0|0|0|0|1|0|0|0,0|0|1|0|4|0|0|1|0,135.0,-160.0,120.0,-145.0,-1.5,9.5,espn,401695795,LAA,BOS,regular,Tyler Anderson,Richard Fitts,,,,,,,,
2025,2025-06-02,Milwaukee Brewers,Cincinnati Reds,3.0,2.0,False,0|2|1|0|0|0|0|0|0,2|0|0|0|0|0|0|0|0,105.0,-125.0,-105.0,-115.0,1.5,8.5,espn,401695797,MIL,CIN,regular,Aaron Civale,Brady Singer,,,,,,,,
2025,2025-06-02,Detroit Tigers,Chicago White Sox,13.0,1.0,False,3|2|0|3|0|2|0|3|0,0|0|0|0|0|1|0|0|0,-200.0,165.0,-240.0,200.0,2.5,8.5,espn,401695798,DET,CHW,regular,Jack Flaherty,Jonathan Cannon,,,,,,,,
2025,2025-06-02,San Diego Padres,San Francisco Giants,1.0,0.0,False,0|0|0|0|0|0|0|0|0|1,0|0|0|0|0|0|0|0|0|0,140.0,-165.0,145.0,-175.0,-1.5,7.5,espn,401695801,SD,SF,regular,Stephen Kolek,Logan Webb,,,,,,,,
2025,2025-06-02,Minnesota Twins,Athletics,10.0,4.0,False,0|6|0|0|0|2|0|1|1,0|0|1|3|0|0|0|0|0,-165.0,140.0,-155.0,130.0,1.5,9.5,espn,401764547,MIN,ATH,regular,Joe Ryan,Luis Severino,,,,,,,,
2025,2025-06-02,New York Mets,Los Angeles Dodgers,4.0,3.0,False,1|0|0|0|1|0|0|0|0|2,0|0|0|0|0|0|1|0|1|1,140.0,-165.0,135.0,-160.0,-1.5,9.5,espn,401695800,NYM,LAD,regular,Paul Blackburn,Dustin May,,,,,,,,
2025,2025-06-03,Colorado Rockies,Miami Marlins,3.0,2.0,False,0|0|0|0|2|0|0|1|0,0|0|2|0|0|0|0|0|0,150.0,-180.0,150.0,-180.0,-1.5,8.5,espn,401695806,COL,MIA,regular,Chase Dollander,Sandy Alcantara,,,,,,,,
2025,2025-06-03,Houston Astros,Pittsburgh Pirates,3.0,0.0,False,0|0|0|0|0|0|1|0|2,0|0|0|0|0|0|0|0|0,125.0,-150.0,140.0,-165.0,-1.5,7.5,espn,401695807,HOU,PIT,regular,Lance McCullers Jr.,Paul Skenes,,,,,,,,
2025,2025-06-03,Chicago Cubs,Washington Nationals,8.0,3.0,False,0|1|0|2|4|0|1|0|0,1|0|2|0|0|0|0|0|0,-150.0,125.0,-145.0,120.0,1.5,9.5,espn,401695804,CHC,WSH,regular,Cade Horton,Trevor Williams,,,,,,,,
2025,2025-06-03,Cleveland Guardians,New York Yankees,2.0,3.0,False,0|0|0|0|0|0|1|0|1,0|0|0|0|1|0|2|0,150.0,-180.0,175.0,-210.0,-1.5,7.5,espn,401695805,CLE,NYY,regular,Tanner Bibee,Carlos Rodon,,,,,,,,
2025,2025-06-03,Philadelphia Phillies,Toronto Blue Jays,8.0,3.0,False,6|1|0|0|0|0|0|1|0,0|0|0|0|1|0|0|2|0,-165.0,140.0,-135.0,115.0,1.5,8.5,espn,401695809,PHI,TOR,regular,Cristopher Sanchez,Bowden Francis,,,,,,,,
2025,2025-06-03,Los Angeles Angels,Boston Red Sox,4.0,3.0,False,0|0|3|0|0|0|0|0|0|1,0|0|1|0|0|2|0|0|0|0,125.0,-150.0,125.0,-150.0,-1.5,9.5,espn,401695802,LAA,BOS,regular,Yusei Kikuchi,Brayan Bello,,,,,,,,
2025,2025-06-03,Milwaukee Brewers,Cincinnati Reds,2.0,4.0,False,1|0|0|1|0|0|0|0|0,0|0|0|2|0|0|1|1,-105.0,-115.0,115.0,-135.0,-1.5,8.5,espn,401695808,MIL,CIN,regular,Freddy Peralta,Hunter Greene,,,,,,,,
2025,2025-06-03,Arizona Diamondbacks,Atlanta Braves,8.0,3.0,False,1|1|2|0|1|0|0|0|3,0|0|0|3|0|0|0|0|0,135.0,-160.0,140.0,-165.0,-1.5,8.5,espn,401695803,ARI,ATL,regular,Zac Gallen,Spencer Strider,,,,,,,,
2025,2025-06-03,Texas Rangers,Tampa Bay Rays,1.0,5.0,False,0|0|0|0|0|0|1|0|0,0|1|0|0|0|3|0|1,115.0,-135.0,125.0,-150.0,-1.5,7.5,espn,401695810,TEX,TB,regular,Tyler Mahle,Drew Rasmussen,,,,,,,,
2025,2025-06-03,Detroit Tigers,Chicago White Sox,1.0,8.0,False,0|0|0|0|0|0|1|0|0,0|0|0|1|0|3|2|2,-160.0,135.0,-160.0,135.0,1.5,8.5,espn,401695811,DET,CHW,regular,Beau Brieske,Shane Smith,,,,,,,,
2025,2025-06-03,Kansas City Royals,St. Louis Cardinals,10.0,7.0,False,2|0|0|0|6|2|0|0|0,0|2|5|0|0|0|0|0|0,125.0,-150.0,125.0,-150.0,-1.5,8.5,espn,401695812,KC,STL,regular,Michael Lorenzen,Andre Pallante,,,,,,,,
2025,2025-06-03,Baltimore Orioles,Seattle Mariners,5.0,1.0,False,1|0|0|0|1|1|0|0|2,0|1|0|0|0|0|0|0|0,140.0,-165.0,125.0,-150.0,-1.5,7.5,espn,401695813,BAL,SEA,regular,Tomoyuki Sugano,George Kirby,,,,,,,,
2025,2025-06-03,San Diego Padres,San Francisco Giants,3.0,2.0,False,0|0|0|0|0|0|0|0|2|1,0|0|2|0|0|0|0|0|0|0,130.0,-155.0,130.0,-155.0,-1.5,7.5,espn,401695816,SD,SF,regular,Ryan Bergert,Landen Roupp,,,,,,,,
2025,2025-06-03,Minnesota Twins,Athletics,10.0,3.0,False,0|0|0|1|0|4|4|1|0,1|0|1|0|0|1|0|0|0,-190.0,160.0,-205.0,170.0,1.5,9.5,espn,401764548,MIN,ATH,regular,Pablo Lopez,Grant Holman,,,,,,,,
2025,2025-06-03,New York Mets,Los Angeles Dodgers,5.0,6.0,False,1|0|2|0|2|0|0|0|0|0,4|0|0|0|0|0|0|0|1|1,130.0,-155.0,125.0,-150.0,-1.5,9.5,espn,401695815,NYM,LAD,regular,Tylor Megill,Clayton Kershaw,,,,,,,,
2025,2025-06-04,Colorado Rockies,Miami Marlins,3.0,2.0,False,1|0|0|0|1|1|0|0|0,0|0|0|0|0|0|2|0|0,115.0,-135.0,125.0,-150.0,-1.5,8.5,espn,401695821,COL,MIA,regular,Kyle Freeland,Cal Quantrill,,,,,,,,
2025,2025-06-04,Milwaukee Brewers,Cincinnati Reds,9.0,1.0,False,0|0|1|0|2|2|0|1|3,0|0|0|0|1|0|0|0|0,105.0,-125.0,110.0,-130.0,-1.5,8.5,espn,401695823,MIL,CIN,regular,DL Hall,Andrew Abbott,,,,,,,,
2025,2025-06-04,Los Angeles Angels,Boston Red Sox,9.0,11.0,False,4|3|0|0|1|0|0|1|0,5|0|0|2|0|0|1|1|2,110.0,-130.0,120.0,-145.0,-1.5,10.5,espn,401695817,LAA,BOS,regular,Jose Soriano,Lucas Giolito,,,,,,,,
2025,2025-06-04,Houston Astros,Pittsburgh Pirates,0.0,3.0,False,0|0|0|0|0|0|0|0|0,0|2|1|0|0|0|0|0,-135.0,115.0,-125.0,105.0,1.5,9.5,espn,401695822,HOU,PIT,regular,Ryan Gusto,Mike Burrows,,,,,,,,
2025,2025-06-04,Chicago Cubs,Washington Nationals,0.0,2.0,False,0|0|0|0|0|0|0|0|0,0|0|0|0|0|0|1|1,-145.0,120.0,-135.0,115.0,1.5,8.5,espn,401695819,CHC,WSH,regular,Matthew Boyd,MacKenzie Gore,,,,,,,,
2025,2025-06-04,Cleveland Guardians,New York Yankees,4.0,0.0,False,3|0|0|0|0|0|0|1|0,0|0|0|0|0|0|0|0|0,155.0,-185.0,165.0,-200.0,-1.5,8.5,espn,401695820,CLE,NYY,regular,Luis Ortiz,Clarke Schmidt,,,,,,,,
2025,2025-06-04,Philadelphia Phillies,Toronto Blue Jays,1.0,2.0,False,0|1|0|0|0|0|0|0|0,0|0|0|0|0|1|0|0|1,100.0,-120.0,-110.0,-110.0,1.5,9.5,espn,401695824,PHI,TOR,regular,Mick Abel,Jose Berrios,,,,,,,,
2025,2025-06-04,Arizona Diamondbacks,Atlanta Braves,2.0,1.0,False,0|0|1|0|0|0|0|0|1,0|0|0|0|0|0|0|0|1,150.0,-180.0,150.0,-180.0,-1.5,7.5,espn,401695818,ARI,ATL,regular,Merrill Kelly,Chris Sale,,,,,,,,
2025,2025-06-04,Texas Rangers,Tampa Bay Rays,4.0,5.0,False,0|0|0|0|3|0|0|0|1,1|0|4|0|0|0|0|0,110.0,-130.0,115.0,-135.0,-1.5,8.5,espn,401695825,TEX,TB,regular,Kumar Rocker,Shane Baz,,,,,,,,
2025,2025-06-04,Detroit Tigers,Chicago White Sox,5.0,4.0,False,4|0|0|0|0|0|0|1|0,0|0|2|1|1|0|0|0|0,-190.0,160.0,-200.0,165.0,1.5,7.5,espn,401695826,DET,CHW,regular,Sawyer Gipson-Long,Jared Shuster,,,,,,,,
2025,2025-06-04,Baltimore Orioles,Seattle Mariners,3.0,2.0,False,0|0|0|0|0|1|2|0|0,0|0|0|1|0|1|0|0|0,120.0,-145.0,-105.0,-115.0,1.5,8.5,espn,401695828,BAL,SEA,regular,Cade Povich,Emerson Hancock,,,,,,,,
2025,2025-06-04,San Diego Padres,San Francisco Giants,5.0,6.0,False,2|0|0|0|3|0|0|0|0,0|0|0|0|1|2|3|0,-110.0,-110.0,-115.0,-105.0,1.5,7.5,espn,401695831,SD,SF,regular,Nick Pivetta,Kyle Harrison,,,,,,,,
2025,2025-06-04,Minnesota Twins,Athletics,6.0,1.0,False,1|0|0|0|2|0|0|2|1,0|0|0|0|1|0|0|0|0,-135.0,115.0,-175.0,145.0,1.5,9.5,espn,401764549,MIN,ATH,regular,Zebby Matthews,Justin Sterner,,,,,,,,
2025,2025-06-04,New York Mets,Los Angeles Dodgers,6.0,1.0,False,3|0|0|0|0|0|0|3|0,0|0|0|0|0|0|0|0|1,125.0,-150.0,120.0,-145.0,-1.5,9.5,espn,401695830,NYM,LAD,regular,Griffin Canning,Tony Gonsolin,,,,,,,,
2025,2025-06-05,Arizona Diamondbacks,Atlanta Braves,11.0,10.0,False,0|0|0|3|0|0|0|1|7,0|1|5|0|1|2|0|1|0,115.0,-135.0,135.0,-160.0,-1.5,9.5,espn,401695832,ARI,ATL,regular,Brandon Pfaadt,Grant Holmes,,,,,,,,
2025,2025-06-05,Kansas City Royals,St. Louis Cardinals,5.0,6.0,False,1|0|0|1|1|0|0|0|1|1,0|0|0|0|0|0|2|2|0|2,115.0,-135.0,110.0,-130.0,-1.5,8.5,espn,401778098,KC,STL,regular,Noah Cameron,Miles Mikolas,,,,,,,,
2025,2025-06-05,Detroit Tigers,Chicago White Sox,2.0,3.0,False,0|0|0|0|0|0|2|0|0|0,0|0|0|2|0|0|0|0|0|1,-215.0,180.0,-200.0,165.0,1.5,7.5,espn,401695838,DET,CHW,regular,Casey Mize,Sean Burke,,,,,,,,
2025,2025-06-05,Philadelphia Phillies,Toronto Blue Jays,1.0,9.0,False,0|0|0|0|0|1|0|0|0,0|4|4|0|0|1|0|0,-125.0,105.0,-115.0,-105.0,1.5,8.5,espn,401695836,PHI,TOR,regular,Jesus Luzardo,Chris Bassitt,,,,,,,,
2025,2025-06-05,Minnesota Twins,Athletics,3.0,14.0,False,0|0|0|1|0|0|2|0|0,4|0|3|4|1|0|2|0,-165.0,140.0,-200.0,165.0,1.5,9.5,espn,401764550,MIN,ATH,regular,David Festa,Mitch Spence,,,,,,,,
2025,2025-06-05,Baltimore Orioles,Seattle Mariners,4.0,3.0,False,0|0|1|0|0|3|0|0|0,0|0|1|0|2|0|0|0|0,145.0,-175.0,130.0,-155.0,-1.5,7.5,espn,401695840,BAL,SEA,regular,Zach Eflin,Bryan Woo,,,,,,,,
2025,2025-06-05,San Diego Padres,San Francisco Giants,2.0,3.0,False,0|0|2|0|0|0|0|0|0,0|0|3|0|0|0|0|0,105.0,-125.0,100.0,-120.0,1.5,7.5,espn,401695843,SD,SF,regular,Dylan Cease,Robbie Ray,,,,,,,,
2025,2025-06-05,New York Mets,Los Angeles Dodgers,5.0,6.0,False,0|1|3|0|0|0|0|1|0,0|0|3|0|0|0|0|3,110.0,-130.0,115.0,-135.0,-1.5,9.5,espn,401695842,NYM,LAD,regular,David Peterson,Landon Knack,,,,,,,,
2025,2025-06-05,Houston Astros,Pittsburgh Pirates,8.0,2.0,False,0|0|0|4|0|0|2|0|2,0|0|1|0|1|0|0|0|0,-165.0,140.0,-145.0,120.0,1.5,7.5,espn,401695835,HOU,PIT,regular,Framber Valdez,Mitch Keller,,,,,,,,
2025,2025-06-05,Chicago Cubs,Washington Nationals,7.0,1.0,False,2|1|0|0|0|2|0|0|2,0|0|0|0|0|0|0|0|1,-135.0,115.0,-155.0,130.0,1.5,9.5,espn,401695833,CHC,WSH,regular,Drew Pomeranz,Jake Irvin,,,,,,,,
2025,2025-06-05,Cleveland Guardians,New York Yankees,0.0,4.0,False,0|0|0|0|0|0|0|0|0,0|0|0|2|0|0|2|0,210.0,-255.0,230.0,-285.0,-1.5,8.5,espn,401695834,CLE,NYY,regular,Slade Cecconi,Max Fried,,,,,,,,
2025,2025-06-05,Texas Rangers,Tampa Bay Rays,3.0,4.0,False,0|0|1|0|1|0|1|0|0,0|1|0|0|0|0|0|0|3,130.0,-155.0,110.0,-130.0,-1.5,8.5,espn,401695837,TEX,TB,regular,Jack Leiter,Ryan Pepiot,,,,,,,,
2025,2025-06-05,Kansas City Royals,St. Louis Cardinals,7.0,5.0,False,2|0|3|1|1|0|0|0|0,1|0|4|0|0|0|0|0|0,105.0,-125.0,-105.0,-115.0,1.5,7.5,espn,401695839,KC,STL,regular,Cole Ragans,Matthew Liberatore,,,,,,,,
2025,2025-06-06,Miami Marlins,Tampa Bay Rays,3.0,4.0,False,0|0|0|1|0|0|0|2|0,1|0|2|0|0|0|1|0,145.0,-175.0,120.0,-145.0,-1.5,8.5,espn,401695848,MIA,TB,regular,Edward Cabrera,Zack Littell,,,,,,,,
2025,2025-06-06,Philadelphia Phillies,Pittsburgh Pirates,4.0,5.0,False,1|0|1|2|0|0|0|0|0,1|0|1|2|0|0|0|0|1,-145.0,120.0,-130.0,110.0,1.5,8.5,espn,401695849,PHI,PIT,regular,Joe Ross,Bailey Falter,,,,,,,,
2025,2025-06-06,Texas Rangers,Washington Nationals,0.0,2.0,False,0|0|0|0|0|0|0|0|0,0|1|0|0|0|0|1|0,-130.0,110.0,-120.0,100.0,1.5,9.5,espn,401695850,TEX,WSH,regular,Patrick Corbin,Michael Soroka,,,,,,,,
2025,2025-06-06,Boston Red Sox,New York Yankees,6.0,9.0,False,0|0|0|0|1|3|2|0|0,5|2|0|0|1|1|0|0,145.0,-175.0,160.0,-190.0,-1.5,8.5,espn,401695845,BOS,NYY,regular,Walker Buehler,Will Warren,,,,,,,,
2025,2025-06-06,Arizona Diamondbacks,Cincinnati Reds,3.0,4.0,False,0|0|3|0|0|0|0|0|0|0,0|0|2|0|0|1|0|0|0|1,-125.0,105.0,-115.0,-105.0,1.5,9.5,espn,401695844,ARI,CIN,regular,Eduardo Rodriguez,Nick Lodolo,,,,,,,,
2025,2025-06-06,Chicago Cubs,Detroit Tigers,1.0,3.0,False,0|0|0|0|0|1|0|0|0,0|0|0|0|1|1|0|1,165.0,-200.0,160.0,-190.0,-1.5,6.5,espn,401695846,CHC,DET,regular,Ben Brown,Tarik Skubal,,,,,,,,
2025,2025-06-06,Houston Astros,Cleveland Guardians,4.0,2.0,False,0|0|0|0|3|1|0|0|0,0|0|0|0|1|1|0|0|0,100.0,-120.0,-135.0,115.0,1.5,7.5,espn,401695847,HOU,CLE,regular,Colton Gordon,Logan Allen,,,,,,,,
2025,2025-06-06,Kansas City Royals,Chicago White Sox,2.0,7.0,False,0|0|2|0|0|0|0|0|0,0|1|0|0|1|0|0|5,-180.0,150.0,-135.0,115.0,1.5,8.5,espn,401695851,KC,CHW,regular,Seth Lugo,Davis Martin,,,,,,,,
2025,2025-06-06,San Diego Padres,Milwaukee Brewers,2.0,0.0,False,0|0|1|0|0|0|0|1|0,0|0|0|0|0|0|0|0|0,130.0,-155.0,125.0,-150.0,-1.5,8.5,espn,401695853,SD,MIL,regular,Randy Vasquez,Chad Patrick,,,,,,,,
2025,2025-06-06,Toronto Blue Jays,Minnesota Twins,6.0,4.0,False,0|0|0|2|2|1|0|1|0,1|2|0|0|0|0|0|1|0,135.0,-160.0,105.0,-125.0,-1.5,8.5,espn,401695854,TOR,MIN,regular,Paxton Schultz,Bailey Ober,,,,,,,,
2025,2025-06-06,Los Angeles Dodgers,St. Louis Cardinals,0.0,5.0,False,0|0|0|0|0|0|0|0|0,0|2|0|0|2|0|0|1,-125.0,105.0,-105.0,-115.0,1.5,8.5,espn,401695852,LAD,STL,regular,Justin Wrobleski,Sonny Gray,,,,,,,,
2025,2025-06-06,New York Mets,Colorado Rockies,4.0,2.0,False,0|0|0|0|0|0|2|0|2,0|0|1|0|0|0|1|0|0,-310.0,250.0,-275.0,225.0,2.5,10.5,espn,401695855,NYM,COL,regular,Kodai Senga,Antonio Senzatela,,,,,,,,
2025,2025-06-06,Seattle Mariners,Los Angeles Angels,4.0,5.0,False,0|0|1|2|1|0|0|0|0,0|0|1|2|2|0|0|0,-155.0,130.0,-120.0,100.0,1.5,8.5,espn,401695858,SEA,LAA,regular,Bryce Miller,Kyle Hendricks,,,,,,,,
2025,2025-06-06,Baltimore Orioles,Athletics,4.0,5.0,False,0|2|1|0|1|0|0|0|0,0|0|4|0|1|0|0|0,-125.0,105.0,-115.0,-105.0,1.5,10.5,espn,401764551,BAL,ATH,regular,Dean Kremer,JP Sears,,,,,,,,
2025,2025-06-06,Atlanta Braves,San Francisco Giants,4.0,5.0,False,0|0|0|2|0|0|2|0|0|0,3|0|0|0|1|0|0|0|0|1,-135.0,115.0,-150.0,125.0,1.5,7.5,espn,401695856,ATL,SF,regular,Spencer Schwellenbach,Hayden Birdsong,,,,,,,,
2025,2025-06-07,Arizona Diamondbacks,Cincinnati Reds,3.0,4.0,False,0|0|3|0|0|0|0|0|0|0,0|0|2|0|0|1|0|0|0|1,-125.0,105.0,-115.0,-105.0,1.5,9.5,espn,401695844,ARI,CIN,regular,Eduardo Rodriguez,Nick Lodolo,,,,,,,,
2025,2025-06-07,Chicago Cubs,Detroit Tigers,6.0,1.0,False,1|0|0|0|2|0|2|1|0,0|0|0|0|1|0|0|0|0,-105.0,-115.0,-120.0,100.0,1.5,8.5,espn,401695861,CHC,DET,regular,Jameson Taillon,Tyler Holton,,,,,,,,
2025,2025-06-07,Toronto Blue Jays,Minnesota Twins,5.0,4.0,False,1|1|0|0|0|0|0|2|1,0|0|0|2|0|1|0|0|1,-105.0,-115.0,-105.0,-115.0,1.5,7.5,espn,401695869,TOR,MIN,regular,Kevin Gausman,Chris Paddack,,,,,,,,
2025,2025-06-07,Los Angeles Dodgers,St. Louis Cardinals,1.0,2.0,False,0|0|0|0|0|0|0|0|1,0|0|0|0|0|0|0|1|1,-185.0,155.0,-185.0,155.0,1.5,8.5,espn,401695867,LAD,STL,regular,Yoshinobu Yamamoto,Erick Fedde,,,,,,,,
2025,2025-06-07,Philadelphia Phillies,Pittsburgh Pirates,1.0,2.0,False,1|0|0|0|0|0|0|0|0,1|0|0|0|0|0|1|0,-180.0,150.0,-140.0,120.0,1.5,8.5,espn,401695864,PHI,PIT,regular,Ranger Suarez,Andrew Heaney,,,,,,,,
2025,2025-06-07,Texas Rangers,Washington Nationals,5.0,0.0,False,2|0|0|0|0|0|0|3|0,0|0|0|0|0|0|0|0|0,-175.0,145.0,-160.0,135.0,1.5,8.5,espn,401695865,TEX,WSH,regular,Jacob deGrom,Mitchell Parker,,,,,,,,
2025,2025-06-07,Atlanta Braves,San Francisco Giants,2.0,3.0,False,0|0|0|0|1|1|0|0|0,0|0|0|1|0|0|0|0|2,145.0,-175.0,120.0,-140.0,-1.5,7.5,espn,401695871,ATL,SF,regular,Bryce Elder,Logan Webb,,,,,,,,
2025,2025-06-07,Arizona Diamondbacks,Cincinnati Reds,1.0,13.0,False,0|1|0|0|0|0|0|0|0,5|0|0|8|0|0|0|0,-115.0,-105.0,-110.0,-110.0,1.5,9.5,espn,401695859,ARI,CIN,regular,Ryne Nelson,Nick Martinez,,,,,,,,
2025,2025-06-07,Houston Astros,Cleveland Guardians,5.0,3.0,False,0|0|0|0|1|2|0|0|0|2,0|0|0|0|0|1|2|0|0|0,-150.0,125.0,-115.0,-105.0,1.5,6.5,espn,401695862,HOU,CLE,regular,Hunter Brown,Gavin Williams,,,,,,,,
2025,2025-06-07,Miami Marlins,Tampa Bay Rays,11.0,10.0,False,0|0|4|0|6|0|0|0|0|1,0|4|0|2|0|3|1|0|0|0,135.0,-160.0,135.0,-160.0,-1.5,8.5,espn,401695863,MIA,TB,regular,Ryan Weathers,Taj Bradley,,,,,,,,
2025,2025-06-07,Kansas City Royals,Chicago White Sox,1.0,4.0,False,0|1|0|0|0|0|0|0|0,0|2|1|0|0|0|0|1,-160.0,135.0,-135.0,115.0,1.5,7.5,espn,401695866,KC,CHW,regular,Michael Wacha,Adrian Houser,,,,,,,,
2025,2025-06-07,Boston Red Sox,New York Yankees,10.0,7.0,False,0|1|5|2|0|0|0|0|2,0|3|0|2|0|0|0|2|0,-110.0,-110.0,-105.0,-115.0,1.5,7.5,espn,401695860,BOS,NYY,regular,Garrett Crochet,Ryan Yarbrough,,,,,,,,
2025,2025-06-07,San Diego Padres,Milwaukee Brewers,3.0,4.0,False,0|0|0|1|0|0|0|0|2,0|0|0|0|0|0|1|2|1,-105.0,-115.0,115.0,-135.0,-1.5,7.5,espn,401695868,SD,MIL,regular,Stephen Kolek,Jose Quintana,,,,,,,,
2025,2025-06-07,Seattle Mariners,Los Angeles Angels,6.0,8.0,False,3|1|0|0|0|1|0|0|1,0|2|2|1|1|1|1|0,-165.0,140.0,-175.0,145.0,1.5,8.5,espn,401695873,SEA,LAA,regular,Luis Castillo,Jack Kochanowicz,,,,,,,,
2025,2025-06-07,New York Mets,Colorado Rockies,8.0,1.0,False,0|0|1|0|2|1|3|1|0,0|0|0|1|0|0|0|0|0,-275.0,225.0,-270.0,220.0,2.5,11.5,espn,401695870,NYM,COL,regular,Clay Holmes,German Marquez,,,,,,,,
2025,2025-06-07,Baltimore Orioles,Athletics,7.0,4.0,False,1|0|0|2|1|2|1|0|0,4|0|0|0|0|0|0|0|0,-125.0,105.0,-125.0,105.0,1.5,10.5,espn,401764552,BAL,ATH,regular,Charlie Morton,Luis Severino,,,,,,,,
2025,2025-06-08,Miami Marlins,Tampa Bay Rays,2.0,3.0,False,1|0|0|0|1|0|0|0|0,0|0|0|0|2|0|0|1,200.0,-240.0,195.0,-235.0,-1.5,8.5,espn,401695878,MIA,TB,regular,Anthony Veneziano,Drew Rasmussen,,,,,,,,
2025,2025-06-08,San Diego Padres,Milwaukee Brewers,1.0,0.0,False,0|0|0|0|0|0|1|0|0,0|0|0|0|0|0|0|0|0,100.0,-120.0,145.0,-175.0,-1.5,8.5,espn,401695883,SD,MIL,regular,Ryan Bergert,Freddy Peralta,,,,,,,,
2025,2025-06-08,Philadelphia Phillies,Pittsburgh Pirates,1.0,2.0,False,0|0|1|0|0|0|0|0|0,0|1|0|0|0|0|0|1,-110.0,-110.0,105.0,-125.0,1.5,6.5,espn,401695879,PHI,PIT,regular,Cristopher Sanchez,Paul Skenes,,,,,,,,
2025,2025-06-08,Texas Rangers,Washington Nationals,4.0,2.0,False,0|2|0|0|1|0|0|1|0,0|0|0|2|0|0|0|0|0,-150.0,125.0,-125.0,105.0,1.5,8.5,espn,401695880,TEX,WSH,regular,Jacob Latz,Trevor Williams,,,,,,,,
2025,2025-06-08,Arizona Diamondbacks,Cincinnati Reds,2.0,4.0,False,0|1|1|0|0|0|0|0|0,0|0|0|1|1|0|2|0,-130.0,110.0,-115.0,-105.0,1.5,9.5,espn,401695874,ARI,CIN,regular,Zac Gallen,Brady Singer,,,,,,,,
2025,2025-06-08,Chicago Cubs,Detroit Tigers,0.0,4.0,False,0|0|0|0|0|0|0|0|0,2|0|0|0|2|0|0|0,120.0,-145.0,100.0,-120.0,1.5,8.5,espn,401695876,CHC,DET,regular,Cade Horton,Jack Flaherty,,,,,,,,
2025,2025-06-08,Houston Astros,Cleveland Guardians,2.0,4.0,False,0|0|0|0|0|0|2|0|0,0|2|0|0|0|0|2|0,120.0,-145.0,120.0,-145.0,-1.5,7.5,espn,401695877,HOU,CLE,regular,Brandon Walter,Tanner Bibee,,,,,,,,
2025,2025-06-08,Kansas City Royals,Chicago White Sox,7.0,5.0,False,0|0|0|2|0|0|2|0|3,2|0|0|0|0|0|0|0|3,-160.0,135.0,-120.0,100.0,1.5,9.5,espn,401695881,KC,CHW,regular,Michael Lorenzen,Mike Vasil,,,,,,,,
2025,2025-06-08,Toronto Blue Jays,Minnesota Twins,3.0,6.0,False,0|1|2|0|0|0|0|0|0,0|2|0|2|2|0|0|0,150.0,-180.0,145.0,-175.0,-1.5,8.5,espn,401695884,TOR,MIN,regular,Bowden Francis,Joe Ryan,,,,,,,,
2025,2025-06-08,Los Angeles Dodgers,St. Louis Cardinals,7.0,3.0,False,0|3|0|1|0|0|1|2|0,0|0|0|0|1|1|1|0|0,-160.0,135.0,-135.0,115.0,1.5,9.5,espn,401695882,LAD,STL,regular,Clayton Kershaw,Michael McGreevy,,,,,,,,
2025,2025-06-08,New York Mets,Colorado Rockies,13.0,5.0,False,0|2|3|3|0|0|2|2|1,0|0|0|0|2|0|1|0|2,-265.0,215.0,-285.0,230.0,2.5,10.5,espn,401695885,NYM,COL,regular,Tylor Megill,Chase Dollander,,,,,,,,
2025,2025-06-08,Atlanta Braves,San Francisco Giants,3.0,4.0,False,1|0|2|0|0|0|0|0|0,0|1|0|3|0|0|0|0,-120.0,100.0,-120.0,100.0,1.5,7.5,espn,401695886,ATL,SF,regular,Spencer Strider,Landen Roupp,,,,,,,,
2025,2025-06-08,Baltimore Orioles,Athletics,1.0,5.0,False,0|1|0|0|0|0|0|0|0,1|3|0|0|0|0|0|1,-150.0,125.0,-115.0,-105.0,1.5,10.5,espn,401764553,BAL,ATH,regular,Tomoyuki Sugano,Jacob Lopez,,,,,,,,
2025,2025-06-08,Seattle Mariners,Los Angeles Angels,3.0,2.0,False,1|0|0|0|2|0|0|0|0,0|0|0|2|0|0|0|0|0,-160.0,135.0,-130.0,110.0,1.5,9.5,espn,401695888,SEA,LAA,regular,George Kirby,Tyler Anderson,,,,,,,,
2025,2025-06-08,Boston Red Sox,New York Yankees,11.0,7.0,False,0|0|0|0|2|5|0|2|2,2|0|0|0|1|2|0|0|2,175.0,-210.0,200.0,-240.0,-1.5,7.5,espn,401695875,BOS,NYY,regular,Hunter Dobbins,Carlos Rodon,,,,,,,,
2025,2025-06-09,Cincinnati Reds,Cleveland Guardians,7.0,4.0,False,0|1|1|1|1|1|1|0|1,0|0|3|0|0|0|1|0|0,145.0,-175.0,135.0,-160.0,-1.5,8.5,espn,401695890,CIN,CLE,regular,Wade Miley,Luis Ortiz,,,,,,,,
2025,2025-06-09,Miami Marlins,Pittsburgh Pirates,3.0,10.0,False,0|1|0|0|1|0|0|1|0,0|0|4|0|0|4|1|1,100.0,-120.0,105.0,-125.0,-1.5,7.5,espn,401695891,MIA,PIT,regular,Eury Perez,Mike Burrows,,,,,,,,
2025,2025-06-09,Chicago Cubs,Philadelphia Phillies,3.0,4.0,False,1|0|0|0|0|0|0|1|0|0|1,0|0|0|1|1|0|0|0|0|0|2,130.0,-155.0,110.0,-130.0,-1.5,7.5,espn,401695889,CHC,PHI,regular,Matthew Boyd,Zack Wheeler,,,,,,,,
2025,2025-06-09,Tampa Bay Rays,Boston Red Sox,10.0,8.0,False,0|0|0|1|2|0|3|0|1|1|2,0|0|0|0|1|2|2|0|2|1|0,105.0,-125.0,-110.0,-110.0,1.5,8.5,espn,401695892,TB,BOS,regular,Shane Baz,Brayan Bello,,,,,,,,
2025,2025-06-09,Atlanta Braves,Milwaukee Brewers,7.0,1.0,False,0|0|0|0|3|0|0|2|2,0|0|1|0|0|0|0|0|0,-190.0,160.0,-175.0,145.0,1.5,7.5,espn,401695893,ATL,MIL,regular,Chris Sale,Aaron Civale,,,,,,,,
2025,2025-06-09,Toronto Blue Jays,St. Louis Cardinals,5.0,4.0,False,1|1|0|0|0|0|0|1|1|1,0|0|0|0|0|0|0|4|0|0,-105.0,-115.0,105.0,-125.0,-1.5,8.5,espn,401695894,TOR,STL,regular,Jose Berrios,Andre Pallante,,,,,,,,
2025,2025-06-09,Athletics,Los Angeles Angels,4.0,7.0,False,0|0|0|0|0|0|0|2|2,0|0|3|1|0|0|0|3,135.0,-160.0,110.0,-130.0,-1.5,8.5,espn,401695896,ATH,LAA,regular,Grant Holman,Yusei Kikuchi,,,,,,,,
2025,2025-06-09,Los Angeles Dodgers,San Diego Padres,8.0,7.0,False,2|0|3|0|1|0|0|0|0|2,2|1|3|0|0|0|0|0|0|1,-125.0,105.0,-120.0,100.0,1.5,8.5,espn,401695895,LAD,SD,regular,Dustin May,Nick Pivetta,,,,,,,,
2025,2025-06-09,Seattle Mariners,Arizona Diamondbacks,4.0,8.0,False,0|0|0|0|0|0|0|0|4|0|0,1|0|0|0|1|0|2|0|0|0|4,140.0,-165.0,130.0,-155.0,-1.5,9.5,espn,401695897,SEA,ARI,regular,Emerson Hancock,Merrill Kelly,,,,,,,,
2025,2025-06-10,Detroit Tigers,Baltimore Orioles,5.0,3.0,False,0|1|0|1|3|0|0|0|0,0|0|1|0|0|0|0|1|1,105.0,-125.0,110.0,-130.0,-1.5,9.5,espn,401695900,DET,BAL,regular,Brant Hurter,Cade Povich,,,,,,,,
2025,2025-06-10,Cincinnati Reds,Cleveland Guardians,1.0,0.0,False,0|0|0|0|1|0|0|0|0,0|0|0|0|0|0|0|0|0,105.0,-125.0,-105.0,-115.0,1.5,8.5,espn,401695899,CIN,CLE,regular,Andrew Abbott,Slade Cecconi,,,,,,,,
2025,2025-06-10,Miami Marlins,Pittsburgh Pirates,3.0,2.0,False,0|0|2|1|0|0|0|0|0,0|0|0|0|0|0|0|2|0,105.0,-125.0,120.0,-145.0,-1.5,8.5,espn,401695901,MIA,PIT,regular,Sandy Alcantara,Mitch Keller,,,,,,,,
2025,2025-06-10,Chicago Cubs,Philadelphia Phillies,8.0,4.0,False,0|1|1|1|0|2|0|3|0,0|2|0|0|2|0|0|0|0,100.0,-120.0,-110.0,-110.0,1.5,9.5,espn,401695898,CHC,PHI,regular,Colin Rea,Mick Abel,,,,,,,,
2025,2025-06-10,Tampa Bay Rays,Boston Red Sox,1.0,3.0,False,0|0|0|0|1|0|0|0|0,2|0|0|0|0|1|0|0,-115.0,-105.0,-105.0,-115.0,1.5,8.5,espn,401695902,TB,BOS,regular,Ryan Pepiot,Lucas Giolito,,,,,,,,
2025,2025-06-10,Washington Nationals,New York Mets,4.0,5.0,False,2|1|0|0|1|0|0|0|0|0,0|1|1|0|0|0|0|2|0|1,140.0,-165.0,125.0,-150.0,-1.5,7.5,espn,401695903,WSH,NYM,regular,MacKenzie Gore,Griffin Canning,,,,,,,,
2025,2025-06-10,Atlanta Braves,Milwaukee Brewers,1.0,4.0,False,0|0|0|0|1|0|0|0|0,0|0|2|0|0|1|1|0,-125.0,105.0,-130.0,110.0,1.5,8.5,espn,401695904,ATL,MIL,regular,Grant Holmes,Quinn Priester,,,,,,,,
2025,2025-06-10,New York Yankees,Kansas City Royals,10.0,2.0,False,2|0|0|3|0|5|0|0|0,0|1|0|0|0|1|0|0|0,-185.0,155.0,-200.0,165.0,1.5,8.5,espn,401695906,NYY,KC,regular,Max Fried,Noah Cameron,,,,,,,,
2025,2025-06-10,Texas Rangers,Minnesota Twins,16.0,4.0,False,0|0|0|3|5|2|0|6|0,0|0|0|2|1|1|0|0|0,105.0,-125.0,105.0,-125.0,-1.5,8.5,espn,401695907,TEX,MIN,regular,Tyler Mahle,Simeon Woods Richardson,,,,,,,,
2025,2025-06-10,Toronto Blue Jays,St. Louis Cardinals,10.0,9.0,False,3|0|0|1|2|0|2|0|2,0|0|0|4|0|0|0|2|3,-120.0,100.0,100.0,-120.0,1.5,7.5,espn,401695908,TOR,STL,regular,Chris Bassitt,Miles Mikolas,,,,,,,,
2025,2025-06-10,Chicago White Sox,Houston Astros,4.0,2.0,False,0|1|2|1|0|0|0|0|0,0|0|1|0|0|0|0|1|0,160.0,-190.0,135.0,-160.0,-1.5,7.5,espn,401695905,CHW,HOU,regular,Shane Smith,Lance McCullers Jr.,,,,,,,,
2025,2025-06-10,San Francisco Giants,Colorado Rockies,6.0,5.0,False,1|0|0|0|1|0|0|0|4,0|1|0|1|1|0|0|2|0,-235.0,195.0,-200.0,165.0,2.5,11.5,espn,401695909,SF,COL,regular,Kyle Harrison,Carson Palmquist,,,,,,,,
2025,2025-06-10,Athletics,Los Angeles Angels,1.0,2.0,False,0|0|0|0|0|1|0|0|0|0,0|0|0|0|0|0|0|1|0|1,145.0,-175.0,145.0,-175.0,-1.5,9.5,espn,401695911,ATH,LAA,regular,Mitch Spence,Jose Soriano,,,,,,,,
2025,2025-06-10,Los Angeles Dodgers,San Diego Padres,1.0,11.0,False,0|0|0|0|0|0|0|1|0,0|0|3|1|1|4|2|0,-110.0,-110.0,-110.0,-110.0,1.5,8.5,espn,401695910,LAD,SD,regular,Lou Trivino,Dylan Cease,,,,,,,,
2025,2025-06-10,Seattle Mariners,Arizona Diamondbacks,3.0,10.0,False,0|0|0|0|0|2|0|1|0,0|0|2|1|1|5|0|1,-110.0,-110.0,120.0,-145.0,-1.5,9.5,espn,401695912,SEA,ARI,regular,Logan Evans,Brandon Pfaadt,,,,,,,,
2025,2025-06-11,Miami Marlins,Pittsburgh Pirates,2.0,5.0,False,0|0|0|0|0|2|0|0|0,0|1|0|0|3|0|0|1,135.0,-160.0,135.0,-160.0,-1.5,8.5,espn,401695916,MIA,PIT,regular,Cal Quantrill,Bailey Falter,,,,,,,,
2025,2025-06-11,Chicago Cubs,Philadelphia Phillies,2.0,7.0,False,0|0|0|1|0|0|0|1|0,3|0|1|2|0|0|1|0,110.0,-130.0,-105.0,-115.0,1.5,8.5,espn,401695913,CHC,PHI,regular,Ben Brown,Jesus Luzardo,,,,,,,,
2025,2025-06-11,Cincinnati Reds,Cleveland Guardians,2.0,11.0,False,0|0|0|1|0|1|0|0|0,1|0|4|2|0|4|0|0,-105.0,-115.0,-125.0,105.0,1.5,8.5,espn,401695914,CIN,CLE,regular,Nick Lodolo,Logan Allen,,,,,,,,
2025,2025-06-11,Atlanta Braves,Milwaukee Brewers,6.0,2.0,False,0|3|0|2|0|0|1|0|0,0|1|0|0|0|0|0|1|0,-135.0,115.0,-185.0,155.0,1.5,7.5,espn,401695919,ATL,MIL,regular,Spencer Schwellenbach,Chad Patrick,,,,,,,,
2025,2025-06-11,Toronto Blue Jays,St. Louis Cardinals,5.0,2.0,False,0|0|2|2|1|0|0|0|0,1|1|0|0|0|0|0|0|0,135.0,-160.0,115.0,-135.0,-1.5,8.5,espn,401695923,TOR,STL,regular,Eric Lauer,Matthew Liberatore,,,,,,,,
2025,2025-06-11,Seattle Mariners,Arizona Diamondbacks,2.0,5.0,False,1|0|0|0|1|0|0|0|0,0|0|0|0|0|5|0|0,-110.0,-110.0,-105.0,-115.0,1.5,8.5,espn,401695927,SEA,ARI,regular,Bryan Woo,Eduardo Rodriguez,,,,,,,,
2025,2025-06-11,Athletics,Los Angeles Angels,5.0,6.0,False,1|0|1|1|0|0|2|0|0,0|0|0|0|0|6|0|0,115.0,-135.0,125.0,-150.0,-1.5,9.5,espn,401695926,ATH,LAA,regular,JP Sears,Kyle Hendricks,,,,,,,,
2025,2025-06-11,Los Angeles Dodgers,San Diego Padres,5.0,2.0,False,0|0|0|0|1|3|0|0|1,0|1|0|0|0|1|0|0|0,-150.0,125.0,-155.0,130.0,1.5,9.5,espn,401695925,LAD,SD,regular,Ben Casparius,Randy Vasquez,,,,,,,,
2025,2025-06-11,Detroit Tigers,Baltimore Orioles,1.0,10.0,False,0|0|0|0|0|0|1|0|0,0|0|2|0|0|0|1|7,-110.0,-110.0,115.0,-135.0,-1.5,8.5,espn,401695915,DET,BAL,regular,Casey Mize,Zach Eflin,,,,,,,,
2025,2025-06-11,Tampa Bay Rays,Boston Red Sox,3.0,4.0,False,0|1|0|0|2|0|0|0|0,1|1|0|1|1|0|0|0,-110.0,-110.0,105.0,-125.0,-1.5,9.5,espn,401695917,TB,BOS,regular,Zack Littell,Walker Buehler,,,,,,,,
2025,2025-06-11,Washington Nationals,New York Mets,0.0,5.0,False,0|0|0|0|0|0|0|0|0,1|0|2|0|1|0|1|0,195.0,-235.0,230.0,-285.0,-1.5,8.5,espn,401695918,WSH,NYM,regular,Jake Irvin,David Peterson,,,,,,,,
2025,2025-06-11,New York Yankees,Kansas City Royals,6.0,3.0,False,0|5|0|0|0|0|1|0|0,0|0|0|0|0|0|0|0|3,-120.0,100.0,-130.0,110.0,1.5,8.5,espn,401695921,NYY,KC,regular,Clarke Schmidt,Kris Bubic,,,,,,,,
2025,2025-06-11,Texas Rangers,Minnesota Twins,2.0,6.0,False,0|1|1|0|0|0|0|0|0,0|0|3|0|3|0|0|0,115.0,-135.0,125.0,-150.0,-1.5,8.5,espn,401695922,TEX,MIN,regular,Jack Leiter,David Festa,,,,,,,,
2025,2025-06-11,Chicago White Sox,Houston Astros,2.0,10.0,False,0|0|0|0|2|0|0|0|0,3|0|2|2|1|0|0|2,150.0,-180.0,150.0,-180.0,-1.5,8.5,espn,401695920,CHW,HOU,regular,Sean Burke,Ryan Gusto,,,,,,,,
2025,2025-06-11,San Francisco Giants,Colorado Rockies,10.0,7.0,False,2|0|1|0|0|0|0|4|3,0|0|4|0|1|1|0|0|1,-240.0,200.0,-200.0,165.0,1.5,10.5,espn,401695924,SF,COL,regular,Robbie Ray,Kyle Freeland,,,,,,,,
2025,2025-06-12,Washington Nationals,New York Mets,3.0,4.0,False,0|0|0|0|0|0|0|0|3,3|0|0|0|1|0|0|0,200.0,-240.0,160.0,-190.0,-1.5,8.5,espn,401695929,WSH,NYM,regular,Michael Soroka,Kodai Senga,,,,,,,,
2025,2025-06-12,Texas Rangers,Minnesota Twins,16.0,3.0,False,1|5|0|0|1|6|0|0|3,1|0|0|0|0|2|0|0|0,140.0,-165.0,130.0,-155.0,-1.5,7.5,espn,401695934,TEX,MIN,regular,Patrick Corbin,Bailey Ober,,,,,,,,
2025,2025-06-12,San Francisco Giants,Colorado Rockies,7.0,8.0,False,0|4|0|0|3|0|0|0|0,0|0|0|2|0|1|2|0|3,-215.0,180.0,-235.0,195.0,2.5,11.5,espn,401695935,SF,COL,regular,Hayden Birdsong,Antonio Senzatela,,,,,,,,
2025,2025-06-12,Detroit Tigers,Baltimore Orioles,4.0,1.0,False,0|0|0|4|0|0|0|0|0,0|0|0|0|0|0|0|1|0,-180.0,150.0,-200.0,165.0,1.5,7.5,espn,401695928,DET,BAL,regular,Tarik Skubal,Keegan Akin,,,,,,,,
2025,2025-06-12,New York Yankees,Kansas City Royals,1.0,0.0,False,0|0|0|0|0|0|0|1|0,0|0|0|0|0|0|0|0|0,-135.0,115.0,-125.0,105.0,1.5,8.5,espn,401695931,NYY,KC,regular,Will Warren,Seth Lugo,,,,,,,,
2025,2025-06-12,St. Louis Cardinals,Milwaukee Brewers,0.0,6.0,False,0|0|0|0|0|0|0|0|0,0|1|0|0|5|0|0|0,-125.0,105.0,-135.0,115.0,1.5,7.5,espn,401695933,STL,MIL,regular,Sonny Gray,Jacob Misiorowski,,,,,,,,
2025,2025-06-12,Pittsburgh Pirates,Chicago Cubs,2.0,3.0,False,0|0|0|0|0|0|2|0|0,0|0|0|2|0|1|0|0,160.0,-190.0,170.0,-205.0,-1.5,7.5,espn,401695932,PIT,CHC,regular,Andrew Heaney,Jameson Taillon,,,,,,,,
2025,2025-06-12,Chicago White Sox,Houston Astros,3.0,4.0,False,0|0|1|0|1|0|0|0|1,0|0|3|0|1|0|0|0,200.0,-240.0,220.0,-270.0,-1.5,7.5,espn,401695930,CHW,HOU,regular,Davis Martin,Framber Valdez,,,,,,,,
2025,2025-06-13,Pittsburgh Pirates,Chicago Cubs,2.0,1.0,False,0|0|0|0|0|0|0|1|0|1,0|0|0|0|0|0|0|1|0|0,-110.0,-110.0,-110.0,-110.0,1.5,6.5,espn,401695946,PIT,CHC,regular,Paul Skenes,Cade Horton,,,,,,,,
2025,2025-06-13,Miami Marlins,Washington Nationals,11.0,9.0,False,1|1|4|0|2|0|0|3|0,0|0|2|0|0|0|5|2|0,110.0,-130.0,-105.0,-115.0,1.5,8.5,espn,401695939,MIA,WSH,regular,Edward Cabrera,Mitchell Parker,,,,,,,,
2025,2025-06-13,Toronto Blue Jays,Philadelphia Phillies,0.0,8.0,False,0|0|0|0|0|0|0|0|0,0|4|0|0|0|1|0|3,115.0,-135.0,-110.0,-110.0,1.5,7.5,espn,401695942,TOR,PHI,regular,Kevin Gausman,Ranger Suarez,,,,,,,,
2025,2025-06-13,Los Angeles Angels,Baltimore Orioles,0.0,2.0,False,0|0|0|0|0|0|0|0|0,0|1|0|0|1|0|0|0,140.0,-165.0,155.0,-185.0,-1.5,9.5,espn,401695936,LAA,BAL,regular,Jack Kochanowicz,Charlie Morton,,,,,,,,
2025,2025-06-13,Cincinnati Reds,Detroit Tigers,5.0,11.0,False,0|0|1|0|1|0|0|0|3,1|0|1|1|0|4|1|3,120.0,-145.0,115.0,-135.0,-1.5,7.5,espn,401695937,CIN,DET,regular,Nick Martinez,Brant Hurter,,,,,,,,
2025,2025-06-13,New York Yankees,Boston Red Sox,1.0,2.0,False,0|0|0|0|0|0|0|0|1|0,0|1|0|0|0|0|0|0|0|1,125.0,-150.0,115.0,-135.0,-1.5,7.5,espn,401695940,NYY,BOS,regular,Ryan Yarbrough,Garrett Crochet,,,,,,,,
2025,2025-06-13,Tampa Bay Rays,New York Mets,7.0,5.0,False,0|0|0|1|0|6|0|0|0,0|0|0|2|3|0|0|0|0,140.0,-165.0,140.0,-165.0,-1.5,8.5,espn,401695941,TB,NYM,regular,Taj Bradley,Clay Holmes,,,,,,,,
2025,2025-06-13,Colorado Rockies,Atlanta Braves,4.0,12.0,False,2|0|0|2|0|0|0|0|0,1|0|0|0|0|3|3|5,225.0,-275.0,300.0,-385.0,-2.5,8.5,espn,401695938,COL,ATL,regular,German Marquez,Bryce Elder,,,,,,,,
2025,2025-06-13,Chicago White Sox,Texas Rangers,1.0,3.0,False,0|0|0|0|0|0|1|0|0,1|0|1|0|1|0|0|0,235.0,-290.0,145.0,-175.0,-1.5,8.5,espn,401695943,CHW,TEX,regular,Adrian Houser,Shawn Armstrong,,,,,,,,
2025,2025-06-13,Minnesota Twins,Houston Astros,3.0,10.0,False,0|0|0|1|0|1|0|0|1,3|2|3|1|0|0|0|1,100.0,-120.0,-115.0,-105.0,1.5,7.5,espn,401695944,MIN,HOU,regular,Chris Paddack,Colton Gordon,,,,,,,,
2025,2025-06-13,Athletics,Kansas City Royals,6.0,4.0,False,0|1|1|1|0|3|0|0|0,1|0|0|0|0|0|0|0|3,145.0,-175.0,135.0,-160.0,-1.5,8.5,espn,401695945,ATH,KC,regular,Luis Severino,Michael Wacha,,,,,,,,
2025,2025-06-13,St. Louis Cardinals,Milwaukee Brewers,2.0,3.0,False,0|0|0|0|1|0|0|0|1,0|0|0|1|0|2|0|0,135.0,-160.0,135.0,-160.0,-1.5,7.5,espn,401695947,STL,MIL,regular,Erick Fedde,Freddy Peralta,,,,,,,,
2025,2025-06-13,San Diego Padres,Arizona Diamondbacks,1.0,5.0,False,1|0|0|0|0|0|0|0|0,0|1|1|0|3|0|0|0,110.0,-130.0,115.0,-135.0,-1.5,9.5,espn,401695949,SD,ARI,regular,Stephen Kolek,Ryne Nelson,,,,,,,,
2025,2025-06-13,Cleveland Guardians,Seattle Mariners,2.0,7.0,False,0|0|2|0|0|0|0|0|0,0|0|0|2|0|0|4|1,110.0,-130.0,-105.0,-115.0,1.5,7.5,espn,401695948,CLE,SEA,regular,Gavin Williams,Luis Castillo,,,,,,,,
2025,2025-06-13,San Francisco Giants,Los Angeles Dodgers,6.0,2.0,False,1|0|4|0|0|0|0|1|0,0|1|0|0|0|0|1|0|0,145.0,-175.0,155.0,-185.0,-1.5,7.5,espn,401695950,SF,LAD,regular,Logan Webb,Yoshinobu Yamamoto,,,,,,,,
2025,2025-06-14,Miami Marlins,Washington Nationals,4.0,3.0,False,0|0|1|0|0|1|1|1|0,0|1|0|0|0|0|0|0|2,120.0,-145.0,110.0,-130.0,-1.5,8.5,espn,401695954,MIA,WSH,regular,Cade Gibson,Trevor Williams,,,,,,,,
2025,2025-06-14,Cincinnati Reds,Detroit Tigers,11.0,1.0,False,0|0|0|1|6|0|0|3|1,0|0|0|1|0|0|0|0|0,145.0,-175.0,150.0,-180.0,-1.5,7.5,espn,401695952,CIN,DET,regular,Brady Singer,Jack Flaherty,,,,,,,,
2025,2025-06-14,Pittsburgh Pirates,Chicago Cubs,1.0,2.0,False,1|0|0|0|0|0|0|0|0,0|0|1|0|0|1|0|0,195.0,-235.0,180.0,-215.0,-1.5,7.5,espn,401695961,PIT,CHC,regular,Mike Burrows,Matthew Boyd,,,,,,,,
2025,2025-06-14,Los Angeles Angels,Baltimore Orioles,5.0,6.0,False,2|0|0|0|1|1|0|1|0,1|0|2|0|0|3|0|0,135.0,-160.0,130.0,-155.0,-1.5,9.5,espn,401695951,LAA,BAL,regular,Tyler Anderson,Tomoyuki Sugano,,,,,,,,
2025,2025-06-14,Toronto Blue Jays,Philadelphia Phillies,2.0,3.0,False,0|1|0|0|1|0|0|0|0,0|0|0|2|0|0|0|1,150.0,-180.0,135.0,-160.0,-1.5,8.5,espn,401695957,TOR,PHI,regular,Bowden Francis,Cristopher Sanchez,,,,,,,,
2025,2025-06-14,Chicago White Sox,Texas Rangers,4.0,5.0,False,0|0|0|2|0|0|0|1|1|0|0,0|0|0|0|1|0|2|1|0|0|1,300.0,-385.0,235.0,-290.0,-1.5,7.5,espn,401695958,CHW,TEX,regular,Mike Vasil,Jacob deGrom,,,,,,,,
2025,2025-06-14,Tampa Bay Rays,New York Mets,8.0,4.0,False,0|0|1|5|1|1|0|0|0,0|0|2|0|2|0|0|0|0,120.0,-145.0,125.0,-150.0,-1.5,7.5,espn,401695956,TB,NYM,regular,Drew Rasmussen,Tylor Megill,,,,,,,,
2025,2025-06-14,Minnesota Twins,Houston Astros,2.0,3.0,False,0|0|0|0|2|0|0|0|0,0|0|2|0|0|0|0|0|1,110.0,-130.0,-115.0,-105.0,1.5,6.5,espn,401695959,MIN,HOU,regular,Joe Ryan,Hunter Brown,,,,,,,,
2025,2025-06-14,Athletics,Kansas City Royals,4.0,0.0,False,0|2|0|1|0|0|1|0|0,0|0|0|0|0|0|0|0|0,135.0,-160.0,135.0,-160.0,-1.5,9.5,espn,401695960,ATH,KC,regular,Jacob Lopez,Michael Lorenzen,,,,,,,,
2025,2025-06-14,St. Louis Cardinals,Milwaukee Brewers,8.0,5.0,False,1|0|0|3|3|0|0|0|1,0|0|0|1|3|0|0|0|1,105.0,-125.0,115.0,-135.0,-1.5,8.5,espn,401695962,STL,MIL,regular,Andre Pallante,Jose Quintana,,,,,,,,
2025,2025-06-14,Colorado Rockies,Atlanta Braves,1.0,4.0,False,0|0|0|0|0|0|0|0|1,1|2|0|0|1|0|0|0,280.0,-350.0,280.0,-350.0,-2.5,8.5,espn,401695953,COL,ATL,regular,Chase Dollander,Spencer Strider,,,,,,,,
2025,2025-06-14,New York Yankees,Boston Red Sox,3.0,4.0,False,0|0|0|0|0|0|2|0|1,1|0|0|1|1|1|0|0,-175.0,145.0,-175.0,145.0,1.5,8.5,espn,401695955,NYY,BOS,regular,Carlos Rodon,Hunter Dobbins,,,,,,,,
2025,2025-06-14,San Diego Padres,Arizona Diamondbacks,7.0,8.0,False,0|1|0|0|0|0|4|0|2,0|0|0|3|0|0|0|0|5,130.0,-155.0,145.0,-175.0,-1.5,9.5,espn,401695964,SD,ARI,regular,Ryan Bergert,Zac Gallen,,,,,,,,
2025,2025-06-14,Cleveland Guardians,Seattle Mariners,3.0,4.0,False,0|0|0|1|1|1|0|0|0,2|0|0|0|0|0|0|0|2,110.0,-130.0,120.0,-145.0,-1.5,6.5,espn,401695963,CLE,SEA,regular,Tanner Bibee,George Kirby,,,,,,,,
2025,2025-06-14,San Francisco Giants,Los Angeles Dodgers,5.0,11.0,False,0|0|0|0|0|0|0|0|5,1|5|1|0|0|3|0|1,145.0,-175.0,155.0,-185.0,-1.5,9.5,espn,401695965,SF,LAD,regular,Landen Roupp,Clayton Kershaw,,,,,,,,
2025,2025-06-15,Cincinnati Reds,Detroit Tigers,8.0,4.0,False,0|0|0|2|0|0|0|4|2,0|0|1|1|0|0|2|0|0,145.0,-175.0,150.0,-180.0,-1.5,8.5,espn,401695967,CIN,DET,regular,Wade Miley,Tyler Holton,,,,,,,,
2025,2025-06-15,Los Angeles Angels,Baltimore Orioles,2.0,11.0,False,1|0|1|0|0|0|0|0|0,2|0|0|1|0|2|4|2,115.0,-135.0,-105.0,-115.0,1.5,8.5,espn,401695966,LAA,BAL,regular,Yusei Kikuchi,Scott Blewett,,,,,,,,
2025,2025-06-15,Colorado Rockies,Atlanta Braves,10.0,1.0,False,0|0|1|0|0|0|6|3|0,0|0|0|0|0|1|0|0|0,360.0,-475.0,285.0,-360.0,-2.5,8.5,espn,401695968,COL,ATL,regular,Austin Gomber,Grant Holmes,,,,,,,,
2025,2025-06-15,Miami Marlins,Washington Nationals,3.0,1.0,False,1|1|0|0|0|0|1|0|0,1|0|0|0|0|0|0|0|0,155.0,-185.0,135.0,-160.0,-1.5,7.5,espn,401695969,MIA,WSH,regular,Eury Perez,MacKenzie Gore,,,,,,,,
2025,2025-06-15,New York Yankees,Boston Red Sox,0.0,2.0,False,0|0|0|0|0|0|0|0|0,1|0|0|0|1|0|0|0,-190.0,160.0,-185.0,155.0,1.5,8.5,espn,401695970,NYY,BOS,regular,Max Fried,Brayan Bello,,,,,,,,
2025,2025-06-15,Toronto Blue Jays,Philadelphia Phillies,4.0,11.0,False,0|0|0|0|2|0|2|0|0,1|0|1|2|2|4|1|0,150.0,-180.0,145.0,-175.0,-1.5,6.5,espn,401695972,TOR,PHI,regular,Jose Berrios,Zack Wheeler,,,,,,,,
2025,2025-06-15,Tampa Bay Rays,New York Mets,9.0,0.0,False,0|3|1|0|2|0|0|0|3,0|0|0|0|0|0|0|0|0,140.0,-165.0,135.0,-160.0,-1.5,7.5,espn,401695971,TB,NYM,regular,Shane Baz,Griffin Canning,,,,,,,,
2025,2025-06-15,Minnesota Twins,Houston Astros,1.0,2.0,False,0|0|1|0|0|0|0|0|0|0,0|0|0|0|0|0|0|0|1|1,110.0,-130.0,105.0,-125.0,-1.5,8.5,espn,401695974,MIN,HOU,regular,Simeon Woods Richardson,Brandon Walter,,,,,,,,
2025,2025-06-15,Athletics,Kansas City Royals,3.0,2.0,False,0|0|0|0|0|2|0|0|1,0|0|2|0|0|0|0|0|0,130.0,-155.0,125.0,-150.0,-1.5,8.5,espn,401695975,ATH,KC,regular,Jeffrey Springs,Noah Cameron,,,,,,,,
2025,2025-06-15,St. Louis Cardinals,Milwaukee Brewers,2.0,3.0,False,0|0|0|1|0|0|0|1|0,0|0|0|2|0|0|1|0,105.0,-125.0,115.0,-135.0,-1.5,8.5,espn,401695977,STL,MIL,regular,Miles Mikolas,Quinn Priester,,,,,,,,
2025,2025-06-15,Pittsburgh Pirates,Chicago Cubs,2.0,3.0,False,2|0|0|0|0|0|0|0|0|0,2|0|0|0|0|0|0|0|0|1,140.0,-165.0,130.0,-155.0,-1.5,6.5,espn,401695976,PIT,CHC,regular,Mitch Keller,Colin Rea,,,,,,,,
2025,2025-06-15,Chicago White Sox,Texas Rangers,1.0,2.0,False,0|0|0|0|0|1|0|0|0,0|1|0|0|1|0|0|0,160.0,-190.0,140.0,-165.0,-1.5,8.5,espn,401695973,CHW,TEX,regular,Aaron Civale,Kumar Rocker,,,,,,,,
2025,2025-06-15,Cleveland Guardians,Seattle Mariners,0.0,6.0,False,0|0|0|0|0|0|0|0|0,0|5|0|0|1|0|0|0,-110.0,-110.0,100.0,-120.0,1.5,8.5,espn,401695978,CLE,SEA,regular,Luis Ortiz,Emerson Hancock,,,,,,,,
2025,2025-06-15,San Diego Padres,Arizona Diamondbacks,8.0,2.0,False,0|0|0|3|1|0|2|0|2,0|0|0|0|2|0|0|0|0,110.0,-130.0,115.0,-135.0,-1.5,8.5,espn,401695979,SD,ARI,regular,Nick Pivetta,Merrill Kelly,,,,,,,,
2025,2025-06-15,San Francisco Giants,Los Angeles Dodgers,4.0,5.0,False,0|0|0|3|0|0|0|1|0,1|1|0|0|3|0|0|0,155.0,-185.0,165.0,-200.0,-1.5,8.5,espn,401695980,SF,LAD,regular,Kyle Harrison,Dustin May,,,,,,,,
2025,2025-06-16,Philadelphia Phillies,Miami Marlins,5.0,2.0,False,1|0|0|1|0|0|1|0|2,0|1|0|0|0|0|0|1|0,-130.0,110.0,-120.0,100.0,1.5,8.5,espn,401695984,PHI,MIA,regular,Mick Abel,Sandy Alcantara,,,,,,,,
2025,2025-06-16,Colorado Rockies,Washington Nationals,6.0,4.0,False,2|0|0|0|1|0|0|0|3,0|0|0|1|3|0|0|0|0,160.0,-190.0,140.0,-165.0,-1.5,8.5,espn,401695983,COL,WSH,regular,Carson Palmquist,Jake Irvin,,,,,,,,
2025,2025-06-16,Los Angeles Angels,New York Yankees,1.0,0.0,False,0|0|0|0|0|0|0|0|0|0|1,0|0|0|0|0|0|0|0|0|0|0,175.0,-210.0,170.0,-205.0,-1.5,7.5,espn,401695981,LAA,NYY,regular,Jose Soriano,Clarke Schmidt,,,,,,,,
2025,2025-06-16,Baltimore Orioles,Tampa Bay Rays,1.0,7.0,False,0|0|0|1|0|0|0|0|0,1|1|1|2|2|0|0|0,110.0,-130.0,-110.0,-110.0,1.5,8.5,espn,401695982,BAL,TB,regular,Zach Eflin,Ryan Pepiot,,,,,,,,
2025,2025-06-16,Boston Red Sox,Seattle Mariners,2.0,0.0,False,1|0|1|0|0|0|0|0|0,0|0|0|0|0|0|0|0|0,145.0,-175.0,140.0,-165.0,-1.5,6.5,espn,401695985,BOS,SEA,regular,Lucas Giolito,Logan Gilbert,,,,,,,,
2025,2025-06-16,Houston Astros,Athletics,1.0,3.0,False,1|0|0|0|0|0|0|0|0,0|0|0|0|1|0|0|0|2,-165.0,140.0,-115.0,-105.0,1.5,9.5,espn,401764554,HOU,ATH,regular,Ryan Gusto,Mitch Spence,,,,,,,,
2025,2025-06-16,San Diego Padres,Los Angeles Dodgers,3.0,6.0,False,1|0|0|1|0|1|0|0|0,0|0|1|5|0|0|0|0,125.0,-150.0,145.0,-175.0,-1.5,8.5,espn,401695987,SD,LAD,regular,Dylan Cease,Shohei Ohtani,,,,,,,,
2025,2025-06-17,Philadelphia Phillies,Miami Marlins,3.0,8.0,False,0|0|0|1|2|0|0|0|0,0|2|0|0|0|3|1|2,-200.0,165.0,-175.0,145.0,1.5,8.5,espn,401695994,PHI,MIA,regular,Jesus Luzardo,Cal Quantrill,,,,,,,,
2025,2025-06-17,Pittsburgh Pirates,Detroit Tigers,3.0,7.0,False,0|1|2|0|0|0|0|0|0,0|2|0|0|1|1|3|0,165.0,-200.0,165.0,-200.0,-1.5,8.5,espn,401695995,PIT,DET,regular,Bailey Falter,Casey Mize,,,,,,,,
2025,2025-06-17,Colorado Rockies,Washington Nationals,10.0,6.0,False,0|1|0|2|0|0|6|1|0,1|0|0|0|0|0|0|1|4,165.0,-200.0,165.0,-200.0,-1.5,8.5,espn,401695991,COL,WSH,regular,Antonio Senzatela,Michael Soroka,,,,,,,,
2025,2025-06-17,Los Angeles Angels,New York Yankees,4.0,0.0,False,0|1|2|0|0|0|1|0|0,0|0|0|0|0|0|0|0|0,200.0,-240.0,205.0,-250.0,-1.5,8.5,espn,401695988,LAA,NYY,regular,Kyle Hendricks,Will Warren,,,,,,,,
2025,2025-06-17,Arizona Diamondbacks,Toronto Blue Jays,4.0,5.0,False,0|0|0|1|2|0|1|0|0,1|0|1|0|0|0|1|0|2,110.0,-130.0,105.0,-125.0,-1.5,8.5,espn,401695989,ARI,TOR,regular,Brandon Pfaadt,Chris Bassitt,,,,,,,,
2025,2025-06-17,Minnesota Twins,Cincinnati Reds,5.0,6.0,False,0|0|1|0|0|4|0|0|0,0|0|0|4|0|2|0|0,-105.0,-115.0,110.0,-130.0,-1.5,8.5,espn,401695992,MIN,CIN,regular,David Festa,Andrew Abbott,,,,,,,,
2025,2025-06-17,New York Mets,Atlanta Braves,4.0,5.0,False,1|2|0|0|1|0|0|0|0|0,0|0|1|0|0|0|0|3|0|1,115.0,-135.0,115.0,-135.0,-1.5,8.5,espn,401695993,NYM,ATL,regular,David Peterson,Spencer Schwellenbach,,,,,,,,
2025,2025-06-17,Baltimore Orioles,Tampa Bay Rays,5.0,1.0,False,0|1|0|0|1|1|1|0|1,0|0|0|1|0|0|0|0|0,115.0,-135.0,-110.0,-110.0,1.5,9.5,espn,401695990,BAL,TB,regular,Dean Kremer,Zack Littell,,,,,,,,
2025,2025-06-17,St. Louis Cardinals,Chicago White Sox,12.0,2.0,False,0|5|0|0|1|2|1|1|2,1|0|0|0|1|0|0|0|0,-155.0,130.0,-130.0,110.0,1.5,9.5,espn,401695998,STL,CHW,regular,Matthew Liberatore,Shane Smith,,,,,,,,
2025,2025-06-17,Kansas City Royals,Texas Rangers,6.0,1.0,False,3|0|0|1|1|1|0|0|0,0|0|0|1|0|0|0|0|0,105.0,-125.0,105.0,-125.0,-1.5,8.5,espn,401695996,KC,TEX,regular,Seth Lugo,Jack Leiter,,,,,,,,
2025,2025-06-17,Milwaukee Brewers,Chicago Cubs,3.0,5.0,False,0|2|0|0|0|1|0|0|0,0|1|0|0|3|0|0|1,130.0,-155.0,130.0,-155.0,-1.5,9.5,espn,401695997,MIL,CHC,regular,Chad Patrick,Ben Brown,,,,,,,,
2025,2025-06-17,Boston Red Sox,Seattle Mariners,0.0,8.0,False,0|0|0|0|0|0|0|0|0,0|5|0|3|0|0|0|0,150.0,-180.0,125.0,-150.0,-1.5,7.5,espn,401695999,BOS,SEA,regular,Walker Buehler,Bryan Woo,,,,,,,,
2025,2025-06-17,Cleveland Guardians,San Francisco Giants,3.0,2.0,False,0|0|1|1|0|1|0|0|0,1|0|1|0|0|0|0|0|0,140.0,-165.0,130.0,-155.0,-1.5,7.5,espn,401696000,CLE,SF,regular,Slade Cecconi,Robbie Ray,,,,,,,,
2025,2025-06-17,Houston Astros,Athletics,13.0,3.0,False,2|1|0|2|4|0|2|2|0,0|0|0|0|0|0|3|0|0,-145.0,120.0,-120.0,100.0,1.5,10.5,espn,401764555,HOU,ATH,regular,Jason Alexander,JP Sears,,,,,,,,
2025,2025-06-17,San Diego Padres,Los Angeles Dodgers,6.0,8.0,False,1|0|2|0|0|0|3|0|0,0|2|0|1|0|5|0|0,175.0,-210.0,170.0,-205.0,-1.5,10.5,espn,401696002,SD,LAD,regular,Randy Vasquez,Jack Dreyer,,,,,,,,
2025,2025-06-18,Boston Red Sox,Seattle Mariners,3.0,1.0,False,0|1|0|2|0|0|0|0|0,0|1|0|0|0|0|0|0|0,-125.0,105.0,-120.0,100.0,1.5,6.5,espn,401696014,BOS,SEA,regular,Garrett Crochet,Luis Castillo,,,,,,,,
2025,2025-06-18,Philadelphia Phillies,Miami Marlins,4.0,2.0,False,0|0|0|4|0|0|0|0|0,0|0|0|0|1|0|0|0|1,-190.0,160.0,-185.0,155.0,1.5,8.5,espn,401696009,PHI,MIA,regular,Ranger Suarez,Adam Mazur,,,,,,,,
2025,2025-06-18,Colorado Rockies,Washington Nationals,3.0,1.0,False,0|0|0|0|0|1|1|1|0,0|0|0|0|0|0|1|0|0,150.0,-180.0,130.0,-155.0,-1.5,9.5,espn,401696006,COL,WSH,regular,German Marquez,Mitchell Parker,,,,,,,,
2025,2025-06-18,Los Angeles Angels,New York Yankees,3.0,2.0,False,1|0|0|0|1|0|0|1|0,0|1|0|1|0|0|0|0|0,195.0,-235.0,210.0,-255.0,-1.5,9.5,espn,401696003,LAA,NYY,regular,Jack Kochanowicz,Ryan Yarbrough,,,,,,,,
2025,2025-06-18,Arizona Diamondbacks,Toronto Blue Jays,1.0,8.0,False,0|0|0|0|0|1|0|0|0,1|0|1|0|0|3|3|0,-115.0,-105.0,-110.0,-110.0,1.5,8.5,espn,401696004,ARI,TOR,regular,Eduardo Rodriguez,Eric Lauer,,,,,,,,
2025,2025-06-18,Minnesota Twins,Cincinnati Reds,2.0,4.0,False,1|0|0|1|0|0,2|1|1|0|0|0,-110.0,-110.0,110.0,-130.0,0.0,0.0,espn,401696007,MIN,CIN,regular,Bailey Ober,Nick Lodolo,,,,,,,,
2025,2025-06-18,New York Mets,Atlanta Braves,0.0,5.0,False,0|0|0|0|0|0|0|0|0,3|0|0|1|0|0|1|0,155.0,-185.0,160.0,-190.0,-1.5,7.5,espn,401696008,NYM,ATL,regular,Paul Blackburn,Chris Sale,,,,,,,,
2025,2025-06-18,Baltimore Orioles,Tampa Bay Rays,8.0,12.0,False,0|8|0|0|0|0|0|0|0,0|0|3|1|4|0|4|0,110.0,-130.0,105.0,-125.0,1.5,8.5,espn,401696005,BAL,TB,regular,Trevor Rogers,Taj Bradley,,,,,,,,
2025,2025-06-18,Kansas City Royals,Texas Rangers,6.0,3.0,False,0|0|4|0|0|0|0|2|0,2|0|0|1|0|0|0|0|0,-145.0,120.0,-135.0,115.0,1.5,7.5,espn,401696011,KC,TEX,regular,Kris Bubic,Patrick Corbin,,,,,,,,
2025,2025-06-18,Cleveland Guardians,San Francisco Giants,4.0,2.0,False,1|0|0|3|0|0|0|0|0,0|0|0|0|2|0|0|0|0,130.0,-155.0,125.0,-150.0,-1.5,8.5,espn,401696015,CLE,SF,regular,Logan Allen,Justin Verlander,,,,,,,,
2025,2025-06-18,Houston Astros,Athletics,11.0,4.0,False,0|0|1|1|0|7|0|0|2,0|1|0|0|0|1|0|0|2,-165.0,140.0,-180.0,150.0,1.5,9.5,espn,401764556,HOU,ATH,regular,Framber Valdez,Luis Severino,,,,,,,,
2025,2025-06-18,San Diego Padres,Los Angeles Dodgers,3.0,4.0,False,0|1|0|0|0|0|0|0|2,0|0|0|0|3|0|0|0|1,155.0,-185.0,175.0,-210.0,-1.5,9.5,espn,401696017,SD,LAD,regular,Stephen Kolek,Emmet Sheehan,,,,,,,,
2025,2025-06-19,Minnesota Twins,Cincinnati Reds,12.0,5.0,False,1|3|3|2|0|0|0|2|1,2|0|2|0|0|0|1|0|0,-110.0,-110.0,-105.0,-115.0,1.5,9.5,espn,401696022,MIN,CIN,regular,Chris Paddack,Nick Martinez,,,,,,,,
2025,2025-06-19,Los Angeles Angels,New York Yankees,3.0,7.0,False,1|1|0|0|0|1|0|0|0,1|3|0|0|0|0|1|2,200.0,-240.0,230.0,-285.0,-2.5,10.5,espn,401696018,LAA,NYY,regular,Tyler Anderson,Carlos Rodon,,,,,,,,
2025,2025-06-19,Colorado Rockies,Washington Nationals,3.0,4.0,False,0|0|0|0|2|0|0|0|0|0|1,0|0|0|2|0|0|0|0|0|0|2,135.0,-160.0,145.0,-175.0,-1.5,9.5,espn,401696021,COL,WSH,regular,Chase Dollander,Trevor Williams,,,,,,,,
2025,2025-06-19,Pittsburgh Pirates,Detroit Tigers,2.0,9.0,False,0|0|0|0|1|1|0|0|0,1|4|0|2|2|0|0|0,250.0,-310.0,285.0,-365.0,-2.5,7.5,espn,401696025,PIT,DET,regular,Andrew Heaney,Tarik Skubal,,,,,,,,
2025,2025-06-19,St. Louis Cardinals,Chicago White Sox,5.0,4.0,False,1|0|0|0|0|1|0|3|0,0|0|0|1|1|2|0|0|0,-135.0,115.0,-135.0,115.0,1.5,9.5,espn,401696028,STL,CHW,regular,Erick Fedde,Sean Burke,,,,,,,,
2025,2025-06-19,Milwaukee Brewers,Chicago Cubs,8.0,7.0,False,1|3|1|0|3|0|0|0|0,2|0|0|1|0|0|2|2|0,-105.0,-115.0,110.0,-130.0,-1.5,8.5,espn,401696027,MIL,CHC,regular,Freddy Peralta,Jameson Taillon,,,,,,,,
2025,2025-06-19,Kansas City Royals,Texas Rangers,4.0,1.0,False,2|1|0|0|0|0|0|0|1,0|0|0|0|0|1|0|0|0,105.0,-125.0,110.0,-130.0,-1.5,7.5,espn,401696026,KC,TEX,regular,Michael Wacha,Shawn Armstrong,,,,,,,,
2025,2025-06-19,Arizona Diamondbacks,Toronto Blue Jays,9.0,5.0,False,0|2|2|0|3|2|0|0|0,0|1|0|0|0|0|1|3|0,125.0,-150.0,135.0,-160.0,-1.5,8.5,espn,401696019,ARI,TOR,regular,Ryne Nelson,Kevin Gausman,,,,,,,,
2025,2025-06-19,Cleveland Guardians,San Francisco Giants,1.0,2.0,False,0|0|1|0|0|0|0|0|0,0|0|0|0|0|0|2|0,150.0,-180.0,145.0,-175.0,-1.5,7.5,espn,401696029,CLE,SF,regular,Gavin Williams,Logan Webb,,,,,,,,
2025,2025-06-19,St. Louis Cardinals,Chicago White Sox,8.0,6.0,False,0|0|4|2|0|0|0|0|0|2,0|1|0|0|0|0|5|0|0|0,-180.0,150.0,-170.0,130.0,1.5,8.5,espn,401785798,STL,CHW,regular,Michael McGreevy,Mike Vasil,,,,,,,,
2025,2025-06-19,Pittsburgh Pirates,Detroit Tigers,8.0,4.0,False,0|3|1|0|0|0|0|0|0|4,0|0|0|0|2|0|2|0|0|0,260.0,-325.0,-130.0,100.0,1.5,7.5,espn,401785972,PIT,DET,regular,Paul Skenes,Tyler Holton,,,,,,,,
2025,2025-06-19,Philadelphia Phillies,Miami Marlins,2.0,1.0,False,0|0|0|0|0|0|1|1|0,0|0|0|0|1|0|0|0|0,-180.0,150.0,-145.0,120.0,1.5,7.5,espn,401696024,PHI,MIA,regular,Cristopher Sanchez,Edward Cabrera,,,,,,,,
2025,2025-06-19,New York Mets,Atlanta Braves,1.0,7.0,False,0|1|0|0|0|0|0|0|0,0|0|0|1|2|4|0|0,115.0,-135.0,120.0,-145.0,-1.5,8.5,espn,401696023,NYM,ATL,regular,Clay Holmes,Spencer Strider,,,,,,,,
2025,2025-06-19,Baltimore Orioles,Tampa Bay Rays,4.0,1.0,False,0|0|0|1|0|3|0|0|0,0|0|1|0|0|0|0|0|0,135.0,-160.0,120.0,-145.0,-1.5,8.5,espn,401696020,BAL,TB,regular,Charlie Morton,Drew Rasmussen,,,,,,,,
2025,2025-06-19,Houston Astros,Athletics,4.0,6.0,False,0|0|0|0|1|0|0|3|0|0,0|2|0|0|0|1|1|0|0|2,-135.0,115.0,-145.0,120.0,1.5,9.5,espn,401764557,HOU,ATH,regular,Colton Gordon,Jacob Lopez,,,,,,,,
2025,2025-06-19,San Diego Padres,Los Angeles Dodgers,5.0,3.0,False,0|1|0|0|1|0|1|2|0,0|0|0|0|0|0|0|0|3,205.0,-250.0,225.0,-275.0,-1.5,8.5,espn,401696031,SD,LAD,regular,Ryan Bergert,Yoshinobu Yamamoto,,,,,,,,
2025,2025-06-20,Seattle Mariners,Chicago Cubs,9.0,4.0,False,1|0|0|1|0|2|2|0|3,3|0|0|0|1|0|0|0|0,115.0,-135.0,120.0,-145.0,-1.5,10.5,espn,401696040,SEA,CHC,regular,George Kirby,Matthew Boyd,,,,,,,,
2025,2025-06-20,Texas Rangers,Pittsburgh Pirates,6.0,2.0,False,2|0|0|1|1|0|1|0|1,0|0|0|2|0|0|0|0|0,-190.0,160.0,-175.0,145.0,1.5,7.5,espn,401696037,TEX,PIT,regular,Jacob deGrom,Mike Burrows,,,,,,,,
2025,2025-06-20,Baltimore Orioles,New York Yankees,5.0,3.0,False,2|0|0|0|0|1|0|2|0,2|0|1|0|0|0|0|0|0,185.0,-225.0,255.0,-320.0,-2.5,8.5,espn,401696033,BAL,NYY,regular,Tomoyuki Sugano,Max Fried,,,,,,,,
2025,2025-06-20,Detroit Tigers,Tampa Bay Rays,8.0,14.0,False,0|0|3|0|0|2|0|1|2,4|0|4|0|1|2|0|3,-110.0,-110.0,-110.0,-110.0,1.5,7.5,espn,401696035,DET,TB,regular,Jack Flaherty,Shane Baz,,,,,,,,
2025,2025-06-20,Chicago White Sox,Toronto Blue Jays,7.0,1.0,False,1|2|4|0|0|0|0|0|0,0|0|0|0|0|0|0|1|0,160.0,-190.0,170.0,-205.0,-1.5,8.5,espn,401696034,CHW,TOR,regular,Grant Taylor,Spencer Turnbull,,,,,,,,
2025,2025-06-20,Atlanta Braves,Miami Marlins,2.0,6.0,False,0|0|0|1|0|0|0|1|0,0|1|3|0|0|1|1|0,-150.0,125.0,-150.0,125.0,1.5,8.5,espn,401696032,ATL,MIA,regular,Didier Fuentes,Janson Junk,,,,,,,,
2025,2025-06-20,New York Mets,Philadelphia Phillies,2.0,10.0,False,0|0|0|0|0|2|0|0|0,0|0|0|2|0|0|6|2,205.0,-250.0,165.0,-200.0,-1.5,8.5,espn,401696036,NYM,PHI,regular,Blade Tidwell,Zack Wheeler,,,,,,,,
2025,2025-06-20,Cincinnati Reds,St. Louis Cardinals,1.0,6.0,False,0|0|0|0|0|0|0|1|0,0|0|1|0|0|0|5|0,115.0,-135.0,120.0,-145.0,-1.5,8.5,espn,401696038,CIN,STL,regular,Brady Singer,Andre Pallante,,,,,,,,
2025,2025-06-20,Milwaukee Brewers,Minnesota Twins,17.0,6.0,False,0|0|0|1|0|2|5|4|5,0|0|0|0|0|0|2|0|4,145.0,-175.0,135.0,-160.0,-1.5,7.5,espn,401696039,MIL,MIN,regular,Jacob Misiorowski,Joe Ryan,,,,,,,,
2025,2025-06-20,Arizona Diamondbacks,Colorado Rockies,14.0,8.0,False,1|1|0|4|3|2|2|1|0,0|0|1|6|0|0|0|1|0,-175.0,145.0,-160.0,135.0,1.5,11.5,espn,401696041,ARI,COL,regular,Zac Gallen,Austin Gomber,,,,,,,,
2025,2025-06-20,Houston Astros,Los Angeles Angels,3.0,2.0,False,2|0|0|0|0|0|0|0|0|1,0|0|0|1|0|0|1|0|0|0,-185.0,155.0,-175.0,145.0,1.5,8.5,espn,401696044,HOU,LAA,regular,Hunter Brown,Yusei Kikuchi,,,,,,,,
2025,2025-06-20,Kansas City Royals,San Diego Padres,6.0,5.0,False,1|0|0|0|3|0|0|2|0,0|0|0|0|1|1|2|0|1,155.0,-185.0,145.0,-175.0,-1.5,7.5,espn,401696045,KC,SD,regular,Michael Lorenzen,Nick Pivetta,,,,,,,,
2025,2025-06-20,Cleveland Guardians,Athletics,1.0,5.0,False,0|0|0|0|0|0|0|1|0,2|1|0|0|0|0|1|1,-135.0,115.0,-125.0,105.0,1.5,9.5,espn,401764558,CLE,ATH,regular,Tanner Bibee,Jeffrey Springs,,,,,,,,
2025,2025-06-20,Washington Nationals,Los Angeles Dodgers,5.0,6.0,False,1|0|0|0|1|0|2|0|1,0|0|3|1|0|2|0|0,165.0,-200.0,155.0,-185.0,-1.5,7.5,espn,401696046,WSH,LAD,regular,MacKenzie Gore,Clayton Kershaw,,,,,,,,
2025,2025-06-20,Boston Red Sox,San Francisco Giants,7.0,5.0,False,0|0|2|1|2|1|1|0|0,1|2|0|1|1|0|0|0|0,115.0,-135.0,100.0,-120.0,1.5,7.5,espn,401696042,BOS,SF,regular,Hunter Dobbins,Hayden Birdsong,,,,,,,,
2025,2025-06-21,Detroit Tigers,Tampa Bay Rays,3.0,8.0,False,0|0|0|1|0|0|0|2|0,4|1|0|2|0|0|1|0,110.0,-130.0,120.0,-145.0,-1.5,8.5,espn,401696050,DET,TB,regular,Sawyer Gipson-Long,Ryan Pepiot,,,,,,,,
2025,2025-06-21,Baltimore Orioles,New York Yankees,0.0,9.0,False,0|0|0|0|0|0|0|0|0,1|2|3|0|2|1|0|0,140.0,-165.0,135.0,-160.0,-1.5,9.5,espn,401696048,BAL,NYY,regular,Zach Eflin,Clarke Schmidt,,,,,,,,
2025,2025-06-21,Milwaukee Brewers,Minnesota Twins,9.0,0.0,False,2|2|0|0|0|0|0|3|2,0|0|0|0|0|0|0|0|0,140.0,-165.0,115.0,-135.0,-1.5,10.5,espn,401696054,MIL,MIN,regular,Jose Quintana,Simeon Woods Richardson,,,,,,,,
2025,2025-06-21,Cincinnati Reds,St. Louis Cardinals,5.0,6.0,False,0|0|1|0|0|0|3|1|0|0|0,2|0|0|0|0|0|0|2|1|0|1,155.0,-185.0,160.0,-190.0,-1.5,8.5,espn,401696053,CIN,STL,regular,Brent Suter,Sonny Gray,,,,,,,,
2025,2025-06-21,Seattle Mariners,Chicago Cubs,7.0,10.0,False,0|1|0|2|3|0|0|0|1,2|4|3|0|1|0|0|0,135.0,-160.0,145.0,-175.0,-1.5,12.5,espn,401696055,SEA,CHC,regular,Emerson Hancock,Cade Horton,,,,,,,,
2025,2025-06-21,Chicago White Sox,Toronto Blue Jays,1.0,7.0,False,0|0|0|0|0|1|0|0|0,1|3|0|0|0|0|1|2,180.0,-215.0,160.0,-190.0,-1.5,8.5,espn,401696049,CHW,TOR,regular,Aaron Civale,Jose Berrios,,,,,,,,
2025,2025-06-21,Texas Rangers,Pittsburgh Pirates,3.0,2.0,False,0|0|1|0|0|2|0|0|0,0|0|0|0|1|1|0|0|0,-115.0,-105.0,-110.0,-110.0,1.5,8.5,espn,401696052,TEX,PIT,regular,Kumar Rocker,Mitch Keller,,,,,,,,
2025,2025-06-21,Boston Red Sox,San Francisco Giants,2.0,3.0,False,0|0|0|0|0|0|0|0|2,1|0|2|0|0|0|0|0,120.0,-145.0,105.0,-125.0,-1.5,7.5,espn,401696057,BOS,SF,regular,Brayan Bello,Landen Roupp,,,,,,,,
2025,2025-06-21,Atlanta Braves,Miami Marlins,7.0,0.0,False,1|0|0|0|2|0|0|1|3,0|0|0|0|0|0|0|0|0,-155.0,130.0,-155.0,130.0,1.5,8.5,espn,401696047,ATL,MIA,regular,Grant Holmes,Eury Perez,,,,,,,,
2025,2025-06-21,New York Mets,Philadelphia Phillies,11.0,4.0,False,1|0|3|0|1|2|0|3|1,2|1|0|0|1|0|0|0|0,105.0,-125.0,-125.0,105.0,1.5,10.5,espn,401696051,NYM,PHI,regular,Griffin Canning,Mick Abel,,,,,,,,
2025,2025-06-21,Kansas City Royals,San Diego Padres,1.0,5.0,False,0|0|1|0|0|0|0|0|0,0|1|1|0|0|0|3|0,140.0,-165.0,125.0,-150.0,-1.5,7.5,espn,401696060,KC,SD,regular,Noah Cameron,Dylan Cease,,,,,,,,
2025,2025-06-21,Arizona Diamondbacks,Colorado Rockies,5.0,3.0,False,1|1|1|0|2|0|0|0|0,2|0|1|0|0|0|0|0|0,-215.0,180.0,-210.0,175.0,2.5,12.5,espn,401696056,ARI,COL,regular,Merrill Kelly,Carson Palmquist,,,,,,,,
2025,2025-06-21,Houston Astros,Los Angeles Angels,1.0,9.0,False,0|0|0|1|0|0|0|0|0,0|2|4|1|0|0|2|0,-115.0,-105.0,105.0,-125.0,1.5,8.5,espn,401696059,HOU,LAA,regular,Brandon Walter,Jose Soriano,,,,,,,,
2025,2025-06-21,Cleveland Guardians,Athletics,4.0,2.0,False,0|4|0|0|0|0|0|0|0,0|0|0|0|0|0|1|1|0,-120.0,100.0,-135.0,115.0,1.5,9.5,espn,401764559,CLE,ATH,regular,Luis Ortiz,Mitch Spence,,,,,,,,
2025,2025-06-21,Washington Nationals,Los Angeles Dodgers,7.0,3.0,False,0|0|0|2|0|1|2|2|0,0|0|0|0|1|1|0|0|1,220.0,-270.0,225.0,-275.0,-2.5,9.5,espn,401696061,WSH,LAD,regular,Jake Irvin,Dustin May,,,,,,,,
2025,2025-06-22,Baltimore Orioles,New York Yankees,2.0,4.0,False,2|0|0|0|0|0|0|0|0,0|1|0|0|0|0|0|3,155.0,-185.0,165.0,-200.0,-1.5,10.5,espn,401696063,BAL,NYY,regular,Dean Kremer,Will Warren,,,,,,,,
2025,2025-06-22,Detroit Tigers,Tampa Bay Rays,9.0,3.0,False,0|1|0|0|0|0|2|0|6,0|0|0|1|0|0|0|0|2,-105.0,-115.0,-110.0,-110.0,1.5,8.5,espn,401696065,DET,TB,regular,Casey Mize,Zack Littell,,,,,,,,
2025,2025-06-22,Texas Rangers,Pittsburgh Pirates,3.0,8.0,False,0|2|0|0|0|1|0|0|0,0|0|0|2|5|0|1|0,-105.0,-115.0,100.0,-120.0,1.5,9.5,espn,401696067,TEX,PIT,regular,Jack Leiter,Bailey Falter,,,,,,,,
2025,2025-06-22,Chicago White Sox,Toronto Blue Jays,4.0,2.0,False,0|0|0|1|0|0|0|3|0,0|0|0|0|1|0|1|0|0,180.0,-215.0,170.0,-205.0,-1.5,8.5,espn,401696064,CHW,TOR,regular,Adrian Houser,Chris Bassitt,,,,,,,,
2025,2025-06-22,Atlanta Braves,Miami Marlins,3.0,5.0,False,1|0|1|0|0|1|0|0|0,0|1|1|0|2|1|0|0,-155.0,130.0,-160.0,135.0,1.5,8.5,espn,401696062,ATL,MIA,regular,Bryce Elder,Sandy Alcantara,,,,,,,,
2025,2025-06-22,Milwaukee Brewers,Minnesota Twins,9.0,8.0,False,1|1|2|1|4|0|0|0|0,2|0|0|1|0|1|2|2|0,125.0,-150.0,115.0,-135.0,-1.5,9.5,espn,401696069,MIL,MIN,regular,Quinn Priester,Danny Coulombe,,,,,,,,
2025,2025-06-22,Cincinnati Reds,St. Louis Cardinals,4.0,1.0,False,1|0|0|0|2|1|0|0|0,0|1|0|0|0|0|0|0|0,-110.0,-110.0,-110.0,-110.0,1.5,9.5,espn,401696068,CIN,STL,regular,Andrew Abbott,Miles Mikolas,,,,,,,,
2025,2025-06-22,Seattle Mariners,Chicago Cubs,14.0,6.0,False,2|1|0|1|1|2|2|5|0,1|0|0|0|3|0|2|0|0,-115.0,-105.0,-125.0,105.0,1.5,11.5,espn,401696070,SEA,CHC,regular,Logan Gilbert,Colin Rea,,,,,,,,
2025,2025-06-22,Arizona Diamondbacks,Colorado Rockies,2.0,4.0,False,0|1|0|1|0|0|0|0|0,0|0|0|0|4|0|0|0,-200.0,165.0,-160.0,135.0,1.5,12.5,espn,401696071,ARI,COL,regular,Brandon Pfaadt,Antonio Senzatela,,,,,,,,
2025,2025-06-22,Boston Red Sox,San Francisco Giants,5.0,9.0,False,1|0|0|0|3|1|0|0|0,0|0|2|0|2|0|4|1,135.0,-160.0,135.0,-160.0,-1.5,7.5,espn,401696072,BOS,SF,regular,Lucas Giolito,Robbie Ray,,,,,,,,
2025,2025-06-22,Cleveland Guardians,Athletics,3.0,0.0,False,0|2|0|0|1|0|0|0|0,0|0|0|0|0|0|0|0|0,-135.0,115.0,-115.0,-105.0,1.5,9.5,espn,401764560,CLE,ATH,regular,Slade Cecconi,JP Sears,,,,,,,,
2025,2025-06-22,Houston Astros,Los Angeles Angels,8.0,7.0,False,0|0|0|0|4|4|0|0|0,0|0|0|2|3|0|1|0|1,-130.0,110.0,-110.0,-110.0,1.5,8.5,espn,401696074,HOU,LAA,regular,Ryan Gusto,Kyle Hendricks,,,,,,,,
2025,2025-06-22,Kansas City Royals,San Diego Padres,2.0,3.0,False,0|0|0|0|0|2|0|0|0,0|0|0|0|0|0|2|0|1,-115.0,-105.0,-110.0,-120.0,1.5,8.5,espn,401696075,KC,SD,regular,Seth Lugo,Randy Vasquez,,,,,,,,
2025,2025-06-22,Washington Nationals,Los Angeles Dodgers,7.0,13.0,False,0|0|3|0|0|0|0|0|4,0|0|0|0|0|4|7|2,240.0,-300.0,170.0,-205.0,-1.5,9.5,espn,401696076,WSH,LAD,regular,Michael Soroka,Shohei Ohtani,,,,,,,,
2025,2025-06-22,New York Mets,Philadelphia Phillies,1.0,7.0,False,0|0|0|0|0|0|0|1|0,0|0|0|5|0|0|2|0,-110.0,-110.0,100.0,-120.0,1.5,8.5,espn,401696066,NYM,PHI,regular,David Peterson,Jesus Luzardo,,,,,,,,
2025,2025-06-23,Texas Rangers,Baltimore Orioles,0.0,6.0,False,0|0|0|0|0|0|0|0|0,0|0|1|0|3|1|1|0,115.0,-135.0,115.0,-135.0,-1.5,9.5,espn,401696079,TEX,BAL,regular,Patrick Corbin,Trevor Rogers,,,,,,,,
2025,2025-06-23,Atlanta Braves,New York Mets,3.0,2.0,False,0|1|2|0|0|0|0|0|0,0|0|0|0|0|2|0|0|0,-125.0,105.0,-155.0,130.0,1.5,8.5,espn,401696077,ATL,NYM,regular,Spencer Schwellenbach,Paul Blackburn,,,,,,,,
2025,2025-06-23,New York Yankees,Cincinnati Reds,1.0,6.0,False,1|0|0|0|0|0|0|0|0,0|0|0|3|1|0|0|2,-125.0,105.0,-125.0,105.0,1.5,10.5,espn,401696078,NYY,CIN,regular,Allan Winans,Nick Lodolo,,,,,,,,
2025,2025-06-23,Arizona Diamondbacks,Chicago White Sox,10.0,0.0,False,2|3|0|2|1|0|0|0|2,0|0|0|0|0|0|0|0|0,-130.0,110.0,-145.0,120.0,1.5,9.5,espn,401696080,ARI,CHW,regular,Eduardo Rodriguez,Shane Smith,,,,,,,,
2025,2025-06-23,Pittsburgh Pirates,Milwaukee Brewers,5.0,4.0,False,1|0|0|2|1|1|0|0|0,0|0|0|2|2|0|0|0|0,160.0,-190.0,140.0,-165.0,-1.5,8.5,espn,401696082,PIT,MIL,regular,Braxton Ashcraft,Chad Patrick,,,,,,,,
2025,2025-06-23,Seattle Mariners,Minnesota Twins,11.0,2.0,False,0|0|6|0|0|1|0|0|4,0|0|0|0|0|2|0|0|0,-105.0,-115.0,-135.0,115.0,1.5,8.5,espn,401696083,SEA,MIN,regular,Bryan Woo,Bailey Ober,,,,,,,,
2025,2025-06-23,Chicago Cubs,St. Louis Cardinals,2.0,8.0,False,0|0|0|0|1|0|1|0|0,0|0|0|2|4|2|0|0,-105.0,-115.0,-125.0,105.0,1.5,8.5,espn,401696081,CHC,STL,regular,Ben Brown,Matthew Liberatore,,,,,,,,
2025,2025-06-23,Boston Red Sox,Los Angeles Angels,5.0,9.0,False,3|0|0|1|0|1|0|0|0,5|0|0|0|0|0|0|4,-130.0,110.0,-120.0,100.0,1.5,8.5,espn,401696084,BOS,LAA,regular,Walker Buehler,Jack Kochanowicz,,,,,,,,
2025,2025-06-23,Washington Nationals,San Diego Padres,10.0,6.0,False,0|0|0|4|2|0|0|3|1,0|0|0|1|0|1|1|0|3,140.0,-165.0,155.0,-185.0,-1.5,8.5,espn,401696085,WSH,SD,regular,Mitchell Parker,Stephen Kolek,,,,,,,,
2025,2025-06-24,Texas Rangers,Baltimore Orioles,6.0,5.0,False,0|0|0|3|0|0|1|1|0|1,0|0|0|0|0|0|5|0|0|0,110.0,-130.0,105.0,-125.0,-1.5,9.5,espn,401696089,TEX,BAL,regular,Jacob Latz,Charlie Morton,,,,,,,,
2025,2025-06-24,Athletics,Detroit Tigers,4.0,11.0,False,2|2|0|0|0|0|0|0|0,2|0|5|0|0|0|2|2,225.0,-275.0,265.0,-335.0,-2.5,7.5,espn,401696088,ATH,DET,regular,Luis Severino,Tarik Skubal,,,,,,,,
2025,2025-06-24,Toronto Blue Jays,Cleveland Guardians,10.0,6.0,False,2|0|0|1|1|0|2|4|0,0|0|0|0|0|1|3|1|1,-105.0,-115.0,-135.0,115.0,1.5,8.5,espn,401696090,TOR,CLE,regular,Eric Lauer,Logan Allen,,,,,,,,
2025,2025-06-24,Atlanta Braves,New York Mets,7.0,4.0,False,0|0|0|0|0|5|0|2|0,0|0|0|3|0|0|0|0|1,-155.0,130.0,-135.0,115.0,1.5,8.5,espn,401696086,ATL,NYM,regular,Spencer Strider,Frankie Montas,,,,,,,,
2025,2025-06-24,New York Yankees,Cincinnati Reds,4.0,5.0,False,0|0|0|3|0|0|0|0|0|0|1,0|0|0|0|0|0|3|0|0|0|2,-165.0,140.0,-175.0,145.0,1.5,9.5,espn,401696087,NYY,CIN,regular,Carlos Rodon,Chase Burns,,,,,,,,
2025,2025-06-24,Arizona Diamondbacks,Chicago White Sox,4.0,1.0,False,1|0|0|0|0|0|3|0|0,0|1|0|0|0|0|0|0|0,-165.0,140.0,-120.0,100.0,1.5,8.5,espn,401696091,ARI,CHW,regular,Ryne Nelson,Jordan Leasure,,,,,,,,
2025,2025-06-24,Pittsburgh Pirates,Milwaukee Brewers,3.0,9.0,False,0|0|0|0|0|3|0|0|0,0|0|2|4|1|0|0|2,165.0,-200.0,175.0,-210.0,-1.5,7.5,espn,401696094,PIT,MIL,regular,Andrew Heaney,Freddy Peralta,,,,,,,,
2025,2025-06-24,Seattle Mariners,Minnesota Twins,6.0,5.0,False,0|0|5|0|0|0|0|0|1,0|0|1|4|0|0|0|0|0,-105.0,-115.0,-105.0,-115.0,1.5,8.5,espn,401696095,SEA,MIN,regular,Luis Castillo,Chris Paddack,,,,,,,,
2025,2025-06-24,Tampa Bay Rays,Kansas City Royals,5.0,1.0,False,0|2|0|1|1|0|0|1|0,0|0|0|0|0|0|0|0|1,125.0,-150.0,120.0,-145.0,-1.5,8.5,espn,401696096,TB,KC,regular,Taj Bradley,Kris Bubic,,,,,,,,
2025,2025-06-24,Chicago Cubs,St. Louis Cardinals,7.0,8.0,False,0|0|5|0|0|2|0|0|0,0|2|2|4|0|0|0|0,-125.0,105.0,-115.0,-105.0,1.5,8.5,espn,401696092,CHC,STL,regular,Jameson Taillon,Michael McGreevy,,,,,,,,
2025,2025-06-24,Philadelphia Phillies,Houston Astros,0.0,1.0,False,0|0|0|0|0|0|0|0|0,0|0|0|0|0|0|0|1,115.0,-135.0,130.0,-155.0,-1.5,7.5,espn,401696093,PHI,HOU,regular,Ranger Suarez,Framber Valdez,,,,,,,,
2025,2025-06-24,Los Angeles Dodgers,Colorado Rockies,9.0,7.0,False,0|0|0|6|0|2|0|0|1,1|0|1|0|1|0|1|3|0,-235.0,195.0,-265.0,215.0,2.5,11.5,espn,401696097,LAD,COL,regular,Jack Dreyer,German Marquez,,,,,,,,
2025,2025-06-24,Boston Red Sox,Los Angeles Angels,2.0,3.0,False,0|0|1|0|0|0|0|0|0|1,0|0|0|0|0|0|0|1|0|2,-190.0,160.0,-165.0,140.0,1.5,7.5,espn,401696098,BOS,LAA,regular,Garrett Crochet,Tyler Anderson,,,,,,,,
2025,2025-06-24,Washington Nationals,San Diego Padres,3.0,4.0,False,0|2|0|1|0|0|0|0|0,0|0|0|2|1|1|0|0,140.0,-165.0,140.0,-165.0,-1.5,8.5,espn,401696100,WSH,SD,regular,Trevor Williams,Ryan Bergert,,,,,,,,
2025,2025-06-24,Miami Marlins,San Francisco Giants,4.0,2.0,False,0|2|1|0|0|0|1|0|0,0|0|0|0|2|0|0|0|0,155.0,-185.0,150.0,-180.0,-1.5,8.5,espn,401696099,MIA,SF,regular,Cal Quantrill,Justin Verlander,,,,,,,,
2025,2025-06-25,Arizona Diamondbacks,Chicago White Sox,3.0,7.0,False,2|0|0|0|0|0|0|1|0,2|0|0|2|0|1|1|1,-160.0,135.0,-155.0,130.0,1.5,8.5,espn,401696106,ARI,CHW,regular,Zac Gallen,Sean Burke,,,,,,,,
2025,2025-06-25,Pittsburgh Pirates,Milwaukee Brewers,2.0,4.0,False,0|0|0|0|0|0|1|1|0,0|4|0|0|0|0|0|0,-125.0,105.0,-110.0,-110.0,1.5,6.5,espn,401696109,PIT,MIL,regular,Paul Skenes,Jacob Misiorowski,,,,,,,,
2025,2025-06-25,Boston Red Sox,Los Angeles Angels,2.0,5.0,False,2|0|0|0|0|0|0|0|0,0|0|0|2|2|1|0|0,105.0,-125.0,100.0,-120.0,1.5,8.5,espn,401696113,BOS,LAA,regular,Richard Fitts,Yusei Kikuchi,,,,,,,,
2025,2025-06-25,Washington Nationals,San Diego Padres,0.0,1.0,False,0|0|0|0|0|0|0|0|0,0|1|0|0|0|0|0|0,125.0,-150.0,120.0,-145.0,-1.5,7.5,espn,401696115,WSH,SD,regular,MacKenzie Gore,Nick Pivetta,,,,,,,,
2025,2025-06-25,Texas Rangers,Baltimore Orioles,7.0,0.0,False,0|1|0|2|3|1|0|0|0,0|0|0|0|0|0|0|0|0,-150.0,125.0,-150.0,125.0,1.5,8.5,espn,401696104,TEX,BAL,regular,Jacob deGrom,Brandon Young,,,,,,,,
2025,2025-06-25,Athletics,Detroit Tigers,3.0,0.0,False,0|0|3|0|0|0|0|0|0,0|0|0|0|0|0|0|0|0,145.0,-175.0,155.0,-185.0,-1.5,8.5,espn,401696103,ATH,DET,regular,Jacob Lopez,Jack Flaherty,,,,,,,,
2025,2025-06-25,Toronto Blue Jays,Cleveland Guardians,4.0,5.0,False,0|0|0|1|0|3|0|0|0|0,1|0|0|2|0|1|0|0|0|1,-110.0,-110.0,105.0,-125.0,1.5,8.5,espn,401696105,TOR,CLE,regular,Max Scherzer,Gavin Williams,,,,,,,,
2025,2025-06-25,Atlanta Braves,New York Mets,3.0,7.0,False,0|0|0|1|0|0|0|0|2,0|0|1|5|0|0|1|0,115.0,-135.0,120.0,-145.0,-1.5,9.5,espn,401696101,ATL,NYM,regular,Didier Fuentes,Clay Holmes,,,,,,,,
2025,2025-06-25,New York Yankees,Cincinnati Reds,7.0,1.0,False,0|1|2|0|1|2|0|0|1,0|0|0|1|0|0|0|0|0,-205.0,170.0,-210.0,175.0,1.5,9.5,espn,401696102,NYY,CIN,regular,Max Fried,Brady Singer,,,,,,,,
2025,2025-06-25,Seattle Mariners,Minnesota Twins,0.0,2.0,False,0|0|0|0|0|0|0|0|0,0|0|0|0|0|1|1|0,115.0,-135.0,100.0,-120.0,1.5,7.5,espn,401696110,SEA,MIN,regular,George Kirby,Joe Ryan,,,,,,,,
2025,2025-06-25,Tampa Bay Rays,Kansas City Royals,3.0,0.0,False,0|3|0|0|0|0|0|0|0,0|0|0|0|0|0|0|0|0,-130.0,110.0,-125.0,105.0,1.5,9.5,espn,401696111,TB,KC,regular,Drew Rasmussen,Michael Wacha,,,,,,,,
2025,2025-06-25,Chicago Cubs,St. Louis Cardinals,8.0,0.0,False,1|3|1|2|1|0|0|0|0,0|0|0|0|0|0|0|0|0,-125.0,105.0,-160.0,135.0,1.5,8.5,espn,401696107,CHC,STL,regular,Matthew Boyd,Erick Fedde,,,,,,,,
2025,2025-06-25,Philadelphia Phillies,Houston Astros,0.0,2.0,False,0|0|0|0|0|0|0|0|0,1|0|0|0|0|0|0|1,-165.0,140.0,-160.0,135.0,1.5,7.5,espn,401696108,PHI,HOU,regular,Zack Wheeler,Colton Gordon,,,,,,,,
2025,2025-06-25,Los Angeles Dodgers,Colorado Rockies,8.0,1.0,False,0|0|0|0|0|3|4|1|0,0|0|0|0|0|1|0|0|0,-350.0,280.0,-310.0,250.0,3.5,11.5,espn,401696112,LAD,COL,regular,Yoshinobu Yamamoto,Chase Dollander,,,,,,,,
2025,2025-06-25,Miami Marlins,San Francisco Giants,8.0,5.0,False,0|0|0|2|0|0|0|2|0|4,1|0|0|0|1|0|0|0|2|1,175.0,-210.0,180.0,-215.0,-1.5,6.5,espn,401696114,MIA,SF,regular,Edward Cabrera,Logan Webb,,,,,,,,
2025,2025-06-26,Athletics,Detroit Tigers,0.0,8.0,False,0|0|0|0|0|0|0|0|0,0|1|2|0|0|0|2|3,135.0,-160.0,130.0,-155.0,-1.5,8.5,espn,401696117,ATH,DET,regular,Jeffrey Springs,Dietrich Enns,,,,,,,,
2025,2025-06-26,Toronto Blue Jays,Cleveland Guardians,6.0,0.0,False,0|0|3|0|0|0|0|0|3,0|0|0|0|0|0|0|0|0,-110.0,-110.0,110.0,-130.0,-1.5,7.5,espn,401696118,TOR,CLE,regular,Kevin Gausman,Tanner Bibee,,,,,,,,
2025,2025-06-26,Seattle Mariners,Minnesota Twins,1.0,10.0,False,0|0|0|0|0|0|0|0|1,0|0|0|0|2|8|0|0,105.0,-125.0,110.0,-130.0,-1.5,8.5,espn,401696121,SEA,MIN,regular,Emerson Hancock,Simeon Woods Richardson,,,,,,,,
2025,2025-06-26,Philadelphia Phillies,Houston Astros,1.0,2.0,False,0|0|0|0|0|0|0|1|0,0|1|0|0|0|0|0|1,120.0,-145.0,125.0,-150.0,-1.5,7.5,espn,401696120,PHI,HOU,regular,Cristopher Sanchez,Hunter Brown,,,,,,,,
2025,2025-06-26,Tampa Bay Rays,Kansas City Royals,4.0,0.0,False,0|0|0|2|0|2|0|0|0,0|0|0|0|0|0|0|0|0,-130.0,110.0,-125.0,105.0,1.5,10.5,espn,401696122,TB,KC,regular,Shane Baz,Michael Lorenzen,,,,,,,,
2025,2025-06-26,Chicago Cubs,St. Louis Cardinals,3.0,0.0,False,0|1|0|1|0|0|0|1|0,0|0|0|0|0|0|0|0|0,-135.0,115.0,-135.0,115.0,1.5,9.5,espn,401696119,CHC,STL,regular,Shota Imanaga,Andre Pallante,,,,,,,,
2025,2025-06-26,Los Angeles Dodgers,Colorado Rockies,3.0,1.0,False,0|0|1|0|0|1|1|0|0,0|1|0|0|0|0|0|0|0,-270.0,220.0,-290.0,235.0,2.5,12.5,espn,401696123,LAD,COL,regular,Clayton Kershaw,Austin Gomber,,,,,,,,
2025,2025-06-26,Miami Marlins,San Francisco Giants,12.0,5.0,False,3|0|2|0|3|0|0|4|0,0|0|2|3|0|0|0|0|0,145.0,-175.0,155.0,-185.0,-1.5,7.5,espn,401696124,MIA,SF,regular,Janson Junk,Hayden Birdsong,,,,,,,,
2025,2025-06-26,Atlanta Braves,New York Mets,0.0,4.0,False,0|0|0|0|0|0|0|0|0,0|0|0|1|1|0|2|0,-110.0,-110.0,100.0,-120.0,1.5,8.5,espn,401696116,ATL,NYM,regular,Grant Holmes,Griffin Canning,,,,,,,,
2025,2025-06-27,New York Mets,Pittsburgh Pirates,1.0,9.0,False,0|0|0|1|0|0|0|0|0,0|4|0|0|1|3|1|0,-165.0,140.0,-145.0,120.0,1.5,8.5,espn,401696126,NYM,PIT,regular,David Peterson,Mitch Keller,,,,,,,,
2025,2025-06-27,Athletics,New York Yankees,0.0,3.0,False,0|0|0|0|0|0|0|0|0,0|1|1|1|0|0|0|0,180.0,-215.0,220.0,-270.0,-1.5,8.5,espn,401696127,ATH,NYY,regular,Mitch Spence,Will Warren,,,,,,,,
2025,2025-06-27,Tampa Bay Rays,Baltimore Orioles,8.0,22.0,False,0|6|0|1|0|0|1|0|0,0|4|1|0|3|3|4|7,-120.0,100.0,-125.0,105.0,1.5,8.5,espn,401696131,TB,BAL,regular,Ryan Pepiot,Tomoyuki Sugano,,,,,,,,
2025,2025-06-27,Minnesota Twins,Detroit Tigers,4.0,1.0,False,0|0|0|1|1|1|1|0|0,0|0|0|0|0|0|0|1|0,100.0,-120.0,120.0,-145.0,-1.5,8.5,espn,401696125,MIN,DET,regular,David Festa,Sawyer Gipson-Long,,,,,,,,
2025,2025-06-27,San Diego Padres,Cincinnati Reds,1.0,8.0,False,0|0|0|0|0|0|0|0|1,2|1|0|1|4|0|0|0,-145.0,120.0,-135.0,115.0,1.5,9.5,espn,401696129,SD,CIN,regular,Dylan Cease,Nick Martinez,,,,,,,,
2025,2025-06-27,St. Louis Cardinals,Cleveland Guardians,5.0,0.0,False,0|0|3|0|0|1|0|1|0,0|0|0|0|0|0|0|0|0,-130.0,110.0,-125.0,105.0,1.5,8.5,espn,401696130,STL,CLE,regular,Sonny Gray,Luis Ortiz,,,,,,,,
2025,2025-06-27,Toronto Blue Jays,Boston Red Sox,9.0,0.0,False,1|1|1|0|0|0|2|4|0,0|0|0|0|0|0|0|0|0,100.0,-120.0,105.0,-125.0,-1.5,8.5,espn,401696132,TOR,BOS,regular,Jose Berrios,Brayan Bello,,,,,,,,
2025,2025-06-27,Philadelphia Phillies,Atlanta Braves,13.0,0.0,False,1|4|6|0|0|0|0|0|2,0|0|0|0|0|0|0|0|0,120.0,-145.0,150.0,-180.0,-1.5,9.5,espn,401696128,PHI,ATL,regular,Mick Abel,Bryce Elder,,,,,,,,
2025,2025-06-27,San Francisco Giants,Chicago White Sox,3.0,1.0,False,0|0|1|0|0|2|0|0|0,1|0|0|0|0|0|0|0|0,-165.0,140.0,-160.0,135.0,1.5,9.5,espn,401696137,SF,CHW,regular,Landen Roupp,Aaron Civale,,,,,,,,
2025,2025-06-27,Seattle Mariners,Texas Rangers,7.0,6.0,False,1|0|2|1|0|1|0|0|0|1|0|1,1|0|0|0|0|3|1|0|0|1|0|0,-105.0,-115.0,-115.0,-105.0,1.5,6.5,espn,401696136,SEA,TEX,regular,Logan Gilbert,Nathan Eovaldi,,,,,,,,
2025,2025-06-27,Chicago Cubs,Houston Astros,4.0,7.0,False,0|0|0|0|1|0|2|0|1,0|0|4|3|0|0|0|0,-110.0,-110.0,100.0,-120.0,1.5,7.5,espn,401696133,CHC,HOU,regular,Cade Horton,Brandon Walter,,,,,,,,
2025,2025-06-27,Colorado Rockies,Milwaukee Brewers,6.0,10.0,False,0|0|0|0|3|1|0|2|0,0|0|0|6|1|0|0|3,160.0,-190.0,180.0,-215.0,-1.5,8.5,espn,401696134,COL,MIL,regular,Kyle Freeland,Jose Quintana,,,,,,,,
2025,2025-06-27,Los Angeles Dodgers,Kansas City Royals,5.0,4.0,False,1|2|0|0|2|0|0|0|0,1|3|0|0|0|0|0|0|0,-150.0,125.0,-150.0,125.0,1.5,9.5,espn,401696135,LAD,KC,regular,Dustin May,Noah Cameron,,,,,,,,
2025,2025-06-27,Washington Nationals,Los Angeles Angels,15.0,9.0,False,0|2|0|3|3|1|1|1|4,0|1|4|2|2|0|0|0|0,140.0,-165.0,140.0,-165.0,-1.5,8.5,espn,401696139,WSH,LAA,regular,Jake Irvin,Jose Soriano,,,,,,,,
2025,2025-06-27,Miami Marlins,Arizona Diamondbacks,9.0,8.0,False,0|0|0|2|2|2|0|1|2,0|0|1|0|3|0|1|0|3,160.0,-190.0,145.0,-175.0,-1.5,8.5,espn,401696138,MIA,ARI,regular,Eury Perez,Merrill Kelly,,,,,,,,
2025,2025-06-28,Athletics,New York Yankees,7.0,0.0,False,0|0|0|1|0|3|0|3|0,0|0|0|0|0|0|0|0|0,205.0,-250.0,235.0,-290.0,-2.5,9.5,espn,401696142,ATH,NYY,regular,JP Sears,Clarke Schmidt,,,,,,,,
2025,2025-06-28,Minnesota Twins,Detroit Tigers,5.0,10.0,False,0|0|2|0|0|0|0|2|1,0|1|1|3|1|1|1|2,130.0,-155.0,135.0,-160.0,-1.5,9.5,espn,401696140,MIN,DET,regular,Bailey Ober,Casey Mize,,,,,,,,
2025,2025-06-28,New York Mets,Pittsburgh Pirates,2.0,9.0,False,1|0|0|0|1|0|0|0|0,0|3|0|0|0|0|0|6,-155.0,130.0,-150.0,125.0,1.5,9.5,espn,401696141,NYM,PIT,regular,Paul Blackburn,Bailey Falter,,,,,,,,
2025,2025-06-28,Tampa Bay Rays,Baltimore Orioles,11.0,3.0,False,4|0|0|4|1|0|2|0|0,0|0|0|0|1|0|0|0|2,-110.0,-110.0,-105.0,-115.0,1.5,9.5,espn,401696146,TB,BAL,regular,Zack Littell,Zach Eflin,,,,,,,,
2025,2025-06-28,Seattle Mariners,Texas Rangers,2.0,3.0,False,0|0|1|0|0|1|0|0|0|0,0|0|2|0|0|0|0|0|0|1,-145.0,120.0,-130.0,110.0,1.5,7.5,espn,401696151,SEA,TEX,regular,Bryan Woo,Kumar Rocker,,,,,,,,
2025,2025-06-28,San Diego Padres,Cincinnati Reds,6.0,4.0,False,0|0|0|0|1|2|3|0|0,1|2|0|0|1|0|0|0|0,135.0,-160.0,130.0,-155.0,-1.5,9.5,espn,401696144,SD,CIN,regular,Randy Vasquez,Andrew Abbott,,,,,,,,
2025,2025-06-28,St. Louis Cardinals,Cleveland Guardians,9.0,6.0,False,1|0|0|0|2|5|0|0|1,0|0|0|6|0|0|0|0|0,100.0,-120.0,100.0,-120.0,1.5,8.5,espn,401696145,STL,CLE,regular,Miles Mikolas,Slade Cecconi,,,,,,,,
2025,2025-06-28,Toronto Blue Jays,Boston Red Sox,1.0,15.0,False,0|0|1|0|0|0|0|0|0,3|3|3|0|0|3|2|1,-125.0,105.0,-125.0,105.0,1.5,8.5,espn,401696147,TOR,BOS,regular,Chris Bassitt,Lucas Giolito,,,,,,,,
2025,2025-06-28,Colorado Rockies,Milwaukee Brewers,0.0,5.0,False,0|0|0|0|0|0|0|0|0,2|0|0|2|1|0|0|0,185.0,-225.0,240.0,-300.0,-1.5,8.5,espn,401696149,COL,MIL,regular,Antonio Senzatela,Quinn Priester,,,,,,,,
2025,2025-06-28,Los Angeles Dodgers,Kansas City Royals,5.0,9.0,False,0|0|0|0|0|0|1|0|4,0|0|2|0|4|0|3|0,-165.0,140.0,-155.0,130.0,1.5,9.5,espn,401696150,LAD,KC,regular,Shohei Ohtani,Seth Lugo,,,,,,,,
2025,2025-06-28,San Francisco Giants,Chicago White Sox,0.0,1.0,False,0|0|0|0|0|0|0|0|0,0|0|0|0|0|1|0|0,-175.0,145.0,-175.0,145.0,1.5,7.5,espn,401696152,SF,CHW,regular,Robbie Ray,Adrian Houser,,,,,,,,
2025,2025-06-28,Miami Marlins,Arizona Diamondbacks,8.0,7.0,False,2|0|1|0|0|0|0|3|1|1,1|0|0|5|0|1|0|0|0|0,130.0,-155.0,140.0,-165.0,-1.5,9.5,espn,401696153,MIA,ARI,regular,Sandy Alcantara,Brandon Pfaadt,,,,,,,,
2025,2025-06-28,Philadelphia Phillies,Atlanta Braves,1.0,6.0,False,0|0|0|0|0|1|0|0|0,1|1|0|0|0|0|4|0,135.0,-160.0,145.0,-175.0,-1.5,7.5,espn,401696143,PHI,ATL,regular,Jesus Luzardo,Spencer Schwellenbach,,,,,,,,
2025,2025-06-28,Chicago Cubs,Houston Astros,12.0,3.0,False,1|0|0|7|0|1|0|3|0,0|0|2|0|0|0|0|1|0,110.0,-130.0,-105.0,-115.0,1.5,8.5,espn,401696148,CHC,HOU,regular,Colin Rea,Lance McCullers Jr.,,,,,,,,
2025,2025-06-28,Washington Nationals,Los Angeles Angels,2.0,8.0,False,0|0|0|0|1|0|1|0|0,0|1|0|0|0|0|6|1,110.0,-130.0,100.0,-120.0,1.5,8.5,espn,401696154,WSH,LAA,regular,Michael Soroka,Kyle Hendricks,,,,,,,,
2025,2025-06-29,St. Louis Cardinals,Cleveland Guardians,7.0,0.0,False,3|0|0|0|0|0|2|2|0,0|0|0|0|0|0|0|0|0,-125.0,105.0,-120.0,100.0,1.5,8.5,espn,401696160,STL,CLE,regular,Matthew Liberatore,Logan Allen,,,,,,,,
2025,2025-06-29,New York Mets,Pittsburgh Pirates,1.0,12.0,False,0|0|0|0|1|0|0|0|0,5|1|0|0|2|0|2|2,-160.0,135.0,-145.0,120.0,1.5,9.5,espn,401696156,NYM,PIT,regular,Frankie Montas,Mike Burrows,,,,,,,,
2025,2025-06-29,Athletics,New York Yankees,5.0,12.0,False,0|0|0|0|1|4|0|0|0,0|1|4|2|3|0|2|0,160.0,-190.0,180.0,-215.0,-1.5,10.5,espn,401696157,ATH,NYY,regular,Luis Severino,Marcus Stroman,,,,,,,,
2025,2025-06-29,Philadelphia Phillies,Atlanta Braves,2.0,1.0,False,0|0|0|0|2|0|0|0|0,0|1|0|0|0|0|0|0|0,115.0,-135.0,135.0,-160.0,-1.5,8.5,espn,401696158,PHI,ATL,regular,Ranger Suarez,Spencer Strider,,,,,,,,
2025,2025-06-29,Tampa Bay Rays,Baltimore Orioles,1.0,5.0,False,0|0|0|0|0|0|0|0|1,0|1|0|0|2|2|0|0,100.0,-120.0,-105.0,-115.0,1.5,9.5,espn,401696161,TB,BAL,regular,Taj Bradley,Dean Kremer,,,,,,,,
2025,2025-06-29,Toronto Blue Jays,Boston Red Sox,5.0,3.0,False,2|0|0|2|1|0|0|0|0,0|2|0|0|1|0|0|0|0,-125.0,105.0,-110.0,-110.0,1.5,9.5,espn,401696162,TOR,BOS,regular,Eric Lauer,Walker Buehler,,,,,,,,
2025,2025-06-29,San Diego Padres,Cincinnati Reds,2.0,3.0,False,0|0|0|1|0|0|1|0|0,0|0|0|0|0|1|0|0|2,115.0,-135.0,110.0,-130.0,-1.5,9.5,espn,401696159,SD,CIN,regular,Stephen Kolek,Nick Lodolo,,,,,,,,
2025,2025-06-29,Chicago Cubs,Houston Astros,0.0,2.0,False,0|0|0|0|0|0|0|0|0,0|0|0|0|2|0|0|0,140.0,-165.0,115.0,-135.0,-1.5,7.5,espn,401696163,CHC,HOU,regular,Jameson Taillon,Framber Valdez,,,,,,,,
2025,2025-06-29,Colorado Rockies,Milwaukee Brewers,4.0,3.0,False,0|0|0|0|0|0|0|1|1|1|1,0|0|0|0|0|2|0|0|0|1|0,205.0,-250.0,195.0,-235.0,-1.5,8.5,espn,401696164,COL,MIL,regular,German Marquez,Chad Patrick,,,,,,,,
2025,2025-06-29,Los Angeles Dodgers,Kansas City Royals,5.0,1.0,False,0|2|0|0|0|1|2|0|0,1|0|0|0|0|0|0|0|0,-110.0,-110.0,-125.0,105.0,1.5,9.5,espn,401696165,LAD,KC,regular,Lou Trivino,Kris Bubic,,,,,,,,
2025,2025-06-29,San Francisco Giants,Chicago White Sox,2.0,5.0,False,0|1|0|0|1|0|0|0|0,1|0|0|0|0|0|4|0,-160.0,135.0,-160.0,125.0,1.5,8.5,espn,401696167,SF,CHW,regular,Justin Verlander,Jonathan Cannon,,,,,,,,
2025,2025-06-29,Seattle Mariners,Texas Rangers,6.0,4.0,False,0|0|0|0|0|1|0|0|0|2|0|3,0|1|0|0|0|0|0|0|0|2|0|1,-130.0,110.0,-120.0,100.0,1.5,8.5,espn,401696166,SEA,TEX,regular,Luis Castillo,Jack Leiter,,,,,,,,
2025,2025-06-29,Washington Nationals,Los Angeles Angels,7.0,4.0,False,0|0|0|1|1|0|1|0|1|0|3,1|0|0|0|0|2|1|0|0|0|0,110.0,-130.0,105.0,-125.0,1.5,9.5,espn,401696169,WSH,LAA,regular,Mitchell Parker,Jack Kochanowicz,,,,,,,,
2025,2025-06-29,Miami Marlins,Arizona Diamondbacks,6.0,4.0,False,1|0|0|0|0|0|0|5|0,0|1|1|0|0|0|0|2|0,160.0,-190.0,160.0,-220.0,-1.5,8.5,espn,401696168,MIA,ARI,regular,Cal Quantrill,Eduardo Rodriguez,,,,,,,,
2025,2025-06-29,Minnesota Twins,Detroit Tigers,0.0,3.0,False,0|0|0|0|0|0|0|0|0,1|0|0|1|1|0|0|0,230.0,-285.0,220.0,-270.0,-1.5,7.5,espn,401696155,MIN,DET,regular,Chris Paddack,Tarik Skubal,,,,,,,,
2025,2025-06-30,San Diego Padres,Philadelphia Phillies,0.0,4.0,False,0|0|0|0|0|0|0|0|0,0|1|0|2|1|0|0|0,170.0,-205.0,210.0,-255.0,-1.5,8.5,espn,401696173,SD,PHI,regular,Matt Waldron,Zack Wheeler,,,,,,,,
2025,2025-06-30,St. Louis Cardinals,Pittsburgh Pirates,0.0,7.0,False,0|0|0|0|0|0|0|0|0,1|0|0|0|6|0|0|0,-120.0,100.0,-115.0,-105.0,1.5,8.5,espn,401696174,STL,PIT,regular,Erick Fedde,Andrew Heaney,,,,,,,,
2025,2025-06-30,New York Yankees,Toronto Blue Jays,4.0,5.0,False,0|0|0|2|0|1|0|1|0,0|0|0|0|1|4|0|0,-160.0,135.0,-145.0,120.0,1.5,8.5,espn,401696171,NYY,TOR,regular,Carlos Rodon,Max Scherzer,,,,,,,,
2025,2025-06-30,Cincinnati Reds,Boston Red Sox,6.0,13.0,False,0|0|0|3|1|1|0|0|1,7|0|0|0|1|1|0|4,150.0,-180.0,135.0,-160.0,-1.5,7.5,espn,401696170,CIN,BOS,regular,Chase Burns,Garrett Crochet,,,,,,,,
2025,2025-06-30,Athletics,Tampa Bay Rays,6.0,4.0,False,3|0|1|0|0|0|0|0|2,0|0|0|4|0|0|0|0|0,100.0,-120.0,155.0,-185.0,-1.5,8.5,espn,401696172,ATH,TB,regular,Jacob Lopez,Drew Rasmussen,,,,,,,,
2025,2025-06-30,Baltimore Orioles,Texas Rangers,10.0,6.0,False,0|0|3|0|0|0|0|0|0|3|4,0|0|0|0|0|2|1|0|0|3|0,-110.0,-110.0,-110.0,-110.0,1.5,8.5,espn,401696175,BAL,TEX,regular,Trevor Rogers,Patrick Corbin,,,,,,,,
2025,2025-06-30,Kansas City Royals,Seattle Mariners,2.0,6.0,False,0|0|1|0|0|0|0|1|0,0|0|0|1|4|0|1|0,135.0,-160.0,135.0,-160.0,-1.5,7.5,espn,401696176,KC,SEA,regular,Michael Wacha,George Kirby,,,,,,,,
2025,2025-06-30,San Francisco Giants,Arizona Diamondbacks,2.0,4.0,False,0|0|0|0|0|0|2|0|0,0|0|1|0|0|1|1|1,-160.0,135.0,-155.0,130.0,1.5,8.5,espn,401696177,SF,ARI,regular,Logan Webb,Ryne Nelson,,,,,,,,
2025,2025-07-01,New York Yankees,Toronto Blue Jays,5.0,12.0,False,2|0|0|0|0|0|2|0|1,0|0|0|4|0|0|5|3,-165.0,140.0,-165.0,140.0,1.5,7.5,espn,401696183,NYY,TOR,regular,Max Fried,Kevin Gausman,,,,,,,,
2025,2025-07-01,Minnesota Twins,Miami Marlins,0.0,2.0,False,0|0|0|0|0|0|0|0|0,0|1|0|0|0|0|0|1,-135.0,115.0,-135.0,115.0,1.5,7.5,espn,401696182,MIN,MIA,regular,Joe Ryan,Edward Cabrera,,,,,,,,
2025,2025-07-01,St. Louis Cardinals,Pittsburgh Pirates,0.0,1.0,False,0|0|0|0|0|0|0|0|0,0|0|0|0|0|0|0|1,145.0,-175.0,125.0,-150.0,-1.5,7.5,espn,401696186,STL,PIT,regular,Andre Pallante,Paul Skenes,,,,,,,,
2025,2025-07-01,Athletics,Tampa Bay Rays,4.0,3.0,False,0|0|0|2|0|1|0|0|0|1,0|1|1|0|0|0|1|0|0|0,140.0,-165.0,145.0,-175.0,-1.5,8.5,espn,401696184,ATH,TB,regular,Jeffrey Springs,Shane Baz,,,,,,,,
2025,2025-07-01,Cincinnati Reds,Boston Red Sox,3.0,5.0,False,0|0|1|2|0|0|0|0|0,2|0|0|0|0|1|0|2,-105.0,-115.0,100.0,-120.0,1.5,9.5,espn,401696179,CIN,BOS,regular,Brady Singer,Richard Fitts,,,,,,,,
2025,2025-07-01,Los Angeles Angels,Atlanta Braves,4.0,0.0,False,0|0|0|0|0|0|0|4|0,0|0|0|0|0|0|0|0|0,105.0,-125.0,165.0,-200.0,-1.5,9.5,espn,401696178,LAA,ATL,regular,Tyler Anderson,Grant Holmes,,,,,,,,
2025,2025-07-01,Baltimore Orioles,Texas Rangers,2.0,10.0,False,0|0|0|2|0|0|0|0|0,0|0|3|0|2|2|0|3,150.0,-180.0,155.0,-185.0,-1.5,7.5,espn,401696187,BAL,TEX,regular,Brandon Young,Jacob deGrom,,,,,,,,
2025,2025-07-01,Cleveland Guardians,Chicago Cubs,2.0,5.0,False,0|0|0|2|0|0|0|0|0,0|3|0|0|0|1|0|1,145.0,-175.0,165.0,-200.0,-2.5,8.5,espn,401696188,CLE,CHC,regular,Gavin Williams,Matthew Boyd,,,,,,,,
2025,2025-07-01,Houston Astros,Colorado Rockies,6.0,5.0,False,0|1|5|0|0|0|0|0|0,1|0|1|1|1|0|0|0|1,-175.0,145.0,-150.0,125.0,1.5,11.5,espn,401696189,HOU,COL,regular,Colton Gordon,Chase Dollander,,,,,,,,
2025,2025-07-01,Kansas City Royals,Seattle Mariners,6.0,3.0,False,1|2|0|0|2|0|0|0|1,0|1|0|0|2|0|0|0|0,115.0,-135.0,115.0,-135.0,-1.5,8.5,espn,401696191,KC,SEA,regular,Michael Lorenzen,Emerson Hancock,,,,,,,,
2025,2025-07-01,San Francisco Giants,Arizona Diamondbacks,2.0,8.0,False,0|2|0|0|0|0|0|0|0,0|0|1|3|2|2|0|0,115.0,-135.0,110.0,-130.0,-1.5,9.5,espn,401696192,SF,ARI,regular,Hayden Birdsong,Zac Gallen,,,,,,,,
2025,2025-07-01,Chicago White Sox,Los Angeles Dodgers,1.0,6.0,False,0|0|0|1|0|0|0|0|0,4|0|1|1|0|0|0|0,260.0,-325.0,300.0,-385.0,-2.5,8.5,espn,401696190,CHW,LAD,regular,Shane Smith,Yoshinobu Yamamoto,,,,,,,,
2025,2025-07-02,Cincinnati Reds,Boston Red Sox,3.0,5.0,False,0|0|1|2|0|0|0|0|0,2|0|0|0|0|1|0|2,-105.0,-115.0,100.0,-120.0,1.5,9.5,espn,401696179,CIN,BOS,regular,Brady Singer,Richard Fitts,,,,,,,,
2025,2025-07-02,Athletics,Tampa Bay Rays,5.0,6.0,False,1|1|0|0|0|0|0|0|3,0|1|0|0|0|5|0|0,150.0,-180.0,170.0,-205.0,-1.5,8.5,espn,401696199,ATH,TB,regular,Mitch Spence,Ryan Pepiot,,,,,,,,
2025,2025-07-02,St. Louis Cardinals,Pittsburgh Pirates,0.0,5.0,False,0|0|0|0|0|0|0|0|0,0|1|0|0|0|0|4|0,-130.0,110.0,-125.0,105.0,1.5,7.5,espn,401696201,STL,PIT,regular,Sonny Gray,Mitch Keller,,,,,,,,
2025,2025-07-02,San Diego Padres,Philadelphia Phillies,6.0,4.0,False,0|5|0|1|0|0|0|0|0,0|0|0|0|0|1|2|0|1,-120.0,100.0,-115.0,-105.0,1.5,9.5,espn,401696200,SD,PHI,regular,Nick Pivetta,Mick Abel,,,,,,,,
2025,2025-07-02,Detroit Tigers,Washington Nationals,11.0,2.0,False,6|0|1|3|0|1|0|0|0,0|0|0|0|1|1|0|0|0,-160.0,135.0,-155.0,130.0,1.5,9.5,espn,401795089,DET,WSH,regular,Tyler Holton,Trevor Williams,,,,,,,,
2025,2025-07-02,Milwaukee Brewers,New York Mets,7.0,2.0,False,1|0|0|0|0|5|0|1|0,0|0|1|1|0|0|0|0|0,115.0,-135.0,100.0,-120.0,1.5,8.5,espn,401796219,MIL,NYM,regular,Freddy Peralta,Clay Holmes,,,,,,,,
2025,2025-07-02,San Diego Padres,Philadelphia Phillies,1.0,5.0,False,0|0|0|1|0|0|0|0|0,0|0|0|2|2|0|1|0,140.0,-165.0,120.0,-145.0,-1.5,7.5,espn,401795088,SD,PHI,regular,Dylan Cease,Cristopher Sanchez,,,,,,,,
2025,2025-07-02,Minnesota Twins,Miami Marlins,2.0,1.0,False,1|0|0|1|0|0|0|0|0,0|1|0|0|0|0|0|0|0,-125.0,105.0,-125.0,105.0,1.5,8.5,espn,401696197,MIN,MIA,regular,Simeon Woods Richardson,Janson Junk,,,,,,,,
2025,2025-07-02,Detroit Tigers,Washington Nationals,4.0,9.0,False,0|0|0|1|0|1|2|0|0,2|0|1|0|0|0|0|6,-110.0,-110.0,-110.0,-110.0,1.5,8.5,espn,401696195,DET,WSH,regular,Jack Flaherty,MacKenzie Gore,,,,,,,,
2025,2025-07-02,New York Yankees,Toronto Blue Jays,9.0,11.0,False,0|0|0|0|6|1|0|2|0,7|0|1|0|0|0|1|2,-125.0,105.0,-135.0,115.0,1.5,8.5,espn,401696198,NYY,TOR,regular,Will Warren,Jose Berrios,,,,,,,,
2025,2025-07-02,Cincinnati Reds,Boston Red Sox,8.0,4.0,False,0|0|0|0|0|0|5|3|0,0|1|0|0|0|2|1|0|0,105.0,-125.0,110.0,-130.0,-1.5,9.5,espn,401696194,CIN,BOS,regular,Nick Martinez,Brennan Bernardino,,,,,,,,
2025,2025-07-02,Milwaukee Brewers,New York Mets,3.0,7.0,False,0|0|0|0|0|3|0|0|0,0|5|0|0|0|1|0|1,-120.0,100.0,-115.0,-105.0,1.5,8.5,espn,401696196,MIL,NYM,regular,Jacob Misiorowski,Huascar Brazoban,,,,,,,,
2025,2025-07-02,Los Angeles Angels,Atlanta Braves,3.0,8.0,False,2|0|0|0|0|0|0|0|1,0|0|0|0|0|7|1|0,115.0,-135.0,115.0,-135.0,-1.5,9.5,espn,401696193,LAA,ATL,regular,Yusei Kikuchi,Didier Fuentes,,,,,,,,
2025,2025-07-02,Cleveland Guardians,Chicago Cubs,4.0,5.0,False,0|2|1|0|0|0|0|0|1,0|0|2|3|0|0|0|0,140.0,-165.0,135.0,-160.0,-1.5,8.5,espn,401696203,CLE,CHC,regular,Tanner Bibee,Shota Imanaga,,,,,,,,
2025,2025-07-02,Baltimore Orioles,Texas Rangers,0.0,6.0,False,0|0|0|0|0|0|0|0|0,0|0|3|2|1|0|0|0,135.0,-160.0,130.0,-155.0,-1.5,8.5,espn,401696202,BAL,TEX,regular,Tomoyuki Sugano,Nathan Eovaldi,,,,,,,,
2025,2025-07-02,Houston Astros,Colorado Rockies,5.0,3.0,False,1|1|0|0|0|3|0|0|0,0|2|0|0|0|0|0|0|1,-270.0,220.0,-265.0,215.0,2.5,11.5,espn,401696204,HOU,COL,regular,Hunter Brown,Austin Gomber,,,,,,,,
2025,2025-07-02,Kansas City Royals,Seattle Mariners,2.0,3.0,False,1|0|0|0|0|0|0|1|0,0|0|0|0|0|1|2|0,145.0,-175.0,140.0,-165.0,-1.5,6.5,espn,401696206,KC,SEA,regular,Noah Cameron,Logan Gilbert,,,,,,,,
2025,2025-07-02,San Francisco Giants,Arizona Diamondbacks,6.0,5.0,False,2|0|0|0|1|0|0|2|0|1,0|0|0|0|2|0|0|1|2|0,120.0,-145.0,115.0,-140.0,-1.5,8.5,espn,401696207,SF,ARI,regular,Landen Roupp,Merrill Kelly,,,,,,,,
2025,2025-07-02,Chicago White Sox,Los Angeles Dodgers,4.0,5.0,False,1|0|3|0|0|0|0|0|0,1|1|0|0|0|0|0|0|3,250.0,-310.0,270.0,-340.0,-2.5,9.5,espn,401696205,CHW,LAD,regular,Brandon Eisert,Clayton Kershaw,,,,,,,,
2025,2025-07-03,Minnesota Twins,Miami Marlins,1.0,4.0,False,0|0|0|0|0|0|1|0|0,3|0|1|0|0|0|0|0,-145.0,120.0,-110.0,-110.0,1.5,7.5,espn,401696211,MIN,MIA,regular,David Festa,Eury Perez,,,,,,,,
2025,2025-07-03,Houston Astros,Colorado Rockies,6.0,7.0,False,2|1|0|0|0|0|2|0|1,2|0|1|2|0|0|2|0,-190.0,160.0,-190.0,160.0,2.5,11.5,espn,401696214,HOU,COL,regular,Brandon Walter,Kyle Freeland,,,,,,,,
2025,2025-07-03,Detroit Tigers,Washington Nationals,7.0,11.0,False,3|0|0|0|0|0|2|2|0,5|1|0|1|2|0|0|2,-160.0,135.0,-135.0,115.0,1.5,9.5,espn,401696209,DET,WSH,regular,Dietrich Enns,Jake Irvin,,,,,,,,
2025,2025-07-03,New York Yankees,Toronto Blue Jays,5.0,8.0,False,0|0|1|2|0|0|2|0|0,1|0|2|2|1|0|0|2,-125.0,105.0,-135.0,115.0,1.5,8.5,espn,401696212,NYY,TOR,regular,Clarke Schmidt,Chris Bassitt,,,,,,,,
2025,2025-07-03,Milwaukee Brewers,New York Mets,2.0,3.0,False,0|0|0|1|0|0|1|0|0,0|1|0|0|0|2|0|0,140.0,-165.0,135.0,-160.0,-1.5,8.5,espn,401696210,MIL,NYM,regular,Jose Quintana,David Peterson,,,,,,,,
2025,2025-07-03,Los Angeles Angels,Atlanta Braves,5.0,1.0,False,1|2|0|1|0|1|0|0|0,0|0|0|0|0|0|0|0|1,120.0,-145.0,130.0,-155.0,-1.5,9.5,espn,401696208,LAA,ATL,regular,Jose Soriano,Bryce Elder,,,,,,,,
2025,2025-07-03,Cleveland Guardians,Chicago Cubs,0.0,1.0,False,0|0|0|0|0|0|0|0|0|0,0|0|0|0|0|0|0|0|0|1,125.0,-150.0,115.0,-135.0,-1.5,8.5,espn,401696213,CLE,CHC,regular,Joey Cantillo,Cade Horton,,,,,,,,
2025,2025-07-03,San Francisco Giants,Arizona Diamondbacks,7.0,2.0,False,2|0|2|0|0|0|2|0|1,0|0|0|0|1|0|0|0|1,-130.0,110.0,-125.0,105.0,1.5,8.5,espn,401696217,SF,ARI,regular,Robbie Ray,Brandon Pfaadt,,,,,,,,
2025,2025-07-03,Chicago White Sox,Los Angeles Dodgers,2.0,6.0,False,0|0|0|0|0|0|0|2|0,1|0|4|0|0|0|1|0,235.0,-290.0,215.0,-265.0,-1.5,9.5,espn,401696215,CHW,LAD,regular,Aaron Civale,Dustin May,,,,,,,,
2025,2025-07-03,Kansas City Royals,Seattle Mariners,3.0,2.0,False,0|0|0|0|0|0|3|0|0,0|0|0|1|0|0|0|0|1,140.0,-165.0,100.0,-120.0,-1.5,7.5,espn,401696216,KC,SEA,regular,Seth Lugo,Logan Evans,,,,,,,,
2025,2025-07-04,Boston Red Sox,Washington Nationals,11.0,2.0,False,0|2|0|0|7|0|0|2|0,0|0|0|0|0|1|0|0|1,-120.0,100.0,-120.0,100.0,1.5,8.5,espn,401696220,BOS,WSH,regular,Lucas Giolito,Michael Soroka,,,,,,,,
2025,2025-07-04,Cincinnati Reds,Philadelphia Phillies,9.0,6.0,False,0|1|5|1|2|0|0|0|0,3|0|1|0|0|2|0|0|0,135.0,-160.0,140.0,-165.0,-1.5,8.5,espn,401696221,CIN,PHI,regular,Andrew Abbott,Jesus Luzardo,,,,,,,,
2025,2025-07-04,St. Louis Cardinals,Chicago Cubs,3.0,11.0,False,0|0|0|1|0|0|0|0|2,2|2|3|0|1|0|3|0,130.0,-155.0,125.0,-150.0,-1.5,9.5,espn,401696226,STL,CHC,regular,Miles Mikolas,Colin Rea,,,,,,,,
2025,2025-07-04,New York Yankees,New York Mets,5.0,6.0,False,2|0|0|1|2|0|0|0|0,2|0|1|0|0|1|2|0,-110.0,-110.0,-105.0,-115.0,1.5,9.5,espn,401696225,NYY,NYM,regular,Marcus Stroman,Justin Hagenman,,,,,,,,
2025,2025-07-04,Tampa Bay Rays,Minnesota Twins,3.0,4.0,False,0|0|0|0|0|2|1|0|0,0|0|0|0|1|0|2|0|1,105.0,-125.0,100.0,-120.0,1.5,10.5,espn,401696224,TB,MIN,regular,Zack Littell,Chris Paddack,,,,,,,,
2025,2025-07-04,Pittsburgh Pirates,Seattle Mariners,0.0,6.0,False,0|0|0|0|0|0|0|0|0,2|0|0|1|0|1|2|0,145.0,-175.0,150.0,-180.0,-1.5,7.5,espn,401696230,PIT,SEA,regular,Bailey Falter,Bryan Woo,,,,,,,,
2025,2025-07-04,Texas Rangers,San Diego Padres,2.0,3.0,False,0|0|2|0|0|0|0|0|0|0,0|0|0|1|0|1|0|0|0|1,-110.0,-110.0,-110.0,-110.0,1.5,8.5,espn,401696232,TEX,SD,regular,Kumar Rocker,Randy Vasquez,,,,,,,,
2025,2025-07-04,Los Angeles Angels,Toronto Blue Jays,3.0,4.0,False,0|0|0|0|0|0|3|0|0|0,0|0|0|0|0|3|0|0|0|1,140.0,-165.0,120.0,-145.0,-1.5,9.5,espn,401696218,LAA,TOR,regular,Kyle Hendricks,Eric Lauer,,,,,,,,
2025,2025-07-04,Detroit Tigers,Cleveland Guardians,2.0,1.0,False,0|0|1|1|0|0|0|0|0,1|0|0|0|0|0|0|0|0,-125.0,105.0,-125.0,105.0,1.5,8.5,espn,401696222,DET,CLE,regular,Reese Olson,Slade Cecconi,,,,,,,,
2025,2025-07-04,Milwaukee Brewers,Miami Marlins,6.0,5.0,False,0|0|2|3|0|0|0|1|0,1|0|1|1|2|0|0|0|0,-115.0,-105.0,-145.0,120.0,1.5,7.5,espn,401696223,MIL,MIA,regular,Quinn Priester,Sandy Alcantara,,,,,,,,
2025,2025-07-04,Baltimore Orioles,Atlanta Braves,3.0,2.0,False,0|0|1|0|2|0|0|0|0,0|0|0|0|0|2|0|0|0,145.0,-175.0,150.0,-180.0,-1.5,8.5,espn,401696219,BAL,ATL,regular,Charlie Morton,Spencer Strider,,,,,,,,
2025,2025-07-04,Chicago White Sox,Colorado Rockies,3.0,2.0,False,0|0|0|2|0|1|0|0|0,0|0|0|0|2|0|0|0|0,-130.0,110.0,-125.0,105.0,1.5,11.5,espn,401696227,CHW,COL,regular,Adrian Houser,Antonio Senzatela,,,,,,,,
2025,2025-07-04,Houston Astros,Los Angeles Dodgers,18.0,1.0,False,2|0|4|0|1|10|1|0|0,0|1|0|0|0|0|0|0|0,145.0,-175.0,150.0,-180.0,-1.5,9.5,espn,401696228,HOU,LAD,regular,Lance McCullers Jr.,Ben Casparius,,,,,,,,
2025,2025-07-04,Kansas City Royals,Arizona Diamondbacks,9.0,3.0,False,3|3|0|2|1|0|0|0|0,2|0|0|0|0|1|0|0|0,-115.0,-105.0,-105.0,-115.0,1.5,8.5,espn,401696229,KC,ARI,regular,Kris Bubic,Eduardo Rodriguez,,,,,,,,
2025,2025-07-04,San Francisco Giants,Athletics,2.0,11.0,False,0|0|0|0|0|0|0|1|1,1|4|1|0|0|3|2|0,-130.0,110.0,-110.0,-110.0,1.5,9.5,espn,401764561,SF,ATH,regular,Justin Verlander,JP Sears,,,,,,,,
2025,2025-07-05,Tampa Bay Rays,Minnesota Twins,5.0,6.0,False,0|0|1|1|2|1|0|0|0,0|1|0|0|0|4|0|0|1,-125.0,105.0,100.0,-120.0,1.5,9.5,espn,401696239,TB,MIN,regular,Taj Bradley,Cole Sands,,,,,,,,
2025,2025-07-05,St. Louis Cardinals,Chicago Cubs,8.0,6.0,False,2|0|0|1|0|0|0|5|0,0|1|0|1|0|2|1|1|0,105.0,-125.0,140.0,-165.0,-1.5,11.5,espn,401696241,STL,CHC,regular,Matthew Liberatore,Drew Pomeranz,,,,,,,,
2025,2025-07-05,Los Angeles Angels,Toronto Blue Jays,3.0,4.0,False,1|0|1|0|0|0|1|0|0|0|0,1|0|2|0|0|0|0|0|0|0|1,100.0,-120.0,175.0,-210.0,-1.5,9.5,espn,401696233,LAA,TOR,regular,Jack Kochanowicz,Max Scherzer,,,,,,,,
2025,2025-07-05,Boston Red Sox,Washington Nationals,10.0,3.0,False,2|0|7|0|0|0|0|1|0,0|0|1|1|0|1|0|0|0,-125.0,105.0,-120.0,100.0,1.5,9.5,espn,401696235,BOS,WSH,regular,Walker Buehler,Mitchell Parker,,,,,,,,
2025,2025-07-05,Cincinnati Reds,Philadelphia Phillies,1.0,5.0,False,0|0|0|0|1|0|0|0|0,0|0|0|0|1|2|0|2,150.0,-180.0,165.0,-200.0,-1.5,8.5,espn,401696236,CIN,PHI,regular,Nick Lodolo,Ranger Suarez,,,,,,,,
2025,2025-07-05,Baltimore Orioles,Atlanta Braves,9.0,6.0,False,0|0|3|2|0|0|1|0|0|3,2|0|1|2|0|1|0|0|0|0,110.0,-130.0,130.0,-155.0,-1.5,8.5,espn,401696234,BAL,ATL,regular,Dean Kremer,Aaron Bummer,,,,,,,,
2025,2025-07-05,Milwaukee Brewers,Miami Marlins,2.0,4.0,False,0|1|0|1|0|0|0|0|0,0|2|0|0|0|0|0|2,-150.0,125.0,-135.0,115.0,1.5,8.5,espn,401696238,MIL,MIA,regular,Chad Patrick,Cal Quantrill,,,,,,,,
2025,2025-07-05,New York Yankees,New York Mets,6.0,12.0,False,0|1|1|0|0|2|1|1|0,4|1|0|0|2|0|4|1,-155.0,130.0,-145.0,120.0,1.5,9.5,espn,401696240,NYY,NYM,regular,Carlos Rodon,Frankie Montas,,,,,,,,
2025,2025-07-05,Kansas City Royals,Arizona Diamondbacks,1.0,7.0,False,0|0|0|0|0|1|0|0|0,0|0|2|0|2|0|1|2,105.0,-125.0,115.0,-135.0,-1.5,9.5,espn,401696244,KC,ARI,regular,Michael Wacha,Ryne Nelson,,,,,,,,
2025,2025-07-05,Detroit Tigers,Cleveland Guardians,1.0,0.0,False,0|1|0|0|0|0|0|0|0,0|0|0|0|0|0|0|0|0,-130.0,110.0,-135.0,115.0,1.5,8.5,espn,401696237,DET,CLE,regular,Casey Mize,Logan Allen,,,,,,,,
2025,2025-07-05,Houston Astros,Los Angeles Dodgers,6.0,4.0,False,0|0|4|1|0|0|0|1|0,1|1|0|2|0|0|0|0|0,110.0,-130.0,125.0,-150.0,-1.5,8.5,espn,401696243,HOU,LAD,regular,Framber Valdez,Shohei Ohtani,,,,,,,,
2025,2025-07-05,Chicago White Sox,Colorado Rockies,10.0,3.0,False,2|3|0|0|1|0|0|2|2,2|0|0|0|0|0|0|1|0,100.0,-120.0,120.0,-145.0,-1.5,10.5,espn,401696242,CHW,COL,regular,Jonathan Cannon,German Marquez,,,,,,,,
2025,2025-07-05,Texas Rangers,San Diego Padres,7.0,4.0,False,1|0|2|2|0|1|0|1|0,0|2|0|0|0|0|2|0|0,135.0,-160.0,105.0,-125.0,-1.5,8.5,espn,401696247,TEX,SD,regular,Patrick Corbin,Stephen Kolek,,,,,,,,
2025,2025-07-05,San Francisco Giants,Athletics,7.0,2.0,False,2|0|2|0|1|2|0|0|0,0|1|0|0|0|1|0|0|0,-190.0,160.0,-185.0,155.0,1.5,9.5,espn,401764562,SF,ATH,regular,Logan Webb,Luis Severino,,,,,,,,
2025,2025-07-05,Pittsburgh Pirates,Seattle Mariners,0.0,1.0,False,0|0|0|0|0|0|0|0|0,0|0|0|0|0|1|0|0,140.0,-165.0,145.0,-175.0,-1.5,7.5,espn,401696245,PIT,SEA,regular,Mike Burrows,Luis Castillo,,,,,,,,
2025,2025-07-06,Baltimore Orioles,Atlanta Braves,2.0,1.0,False,0|0|2|0|0|0|0|0|0,0|0|0|0|0|0|0|0|1,125.0,-150.0,130.0,-155.0,-1.5,8.5,espn,401696249,BAL,ATL,regular,Trevor Rogers,Grant Holmes,,,,,,,,
2025,2025-07-06,Boston Red Sox,Washington Nationals,6.0,4.0,False,4|0|0|0|0|0|1|0|1,0|0|2|0|0|0|1|0|1,-270.0,220.0,-225.0,185.0,1.5,8.5,espn,401696250,BOS,WSH,regular,Garrett Crochet,Shinnosuke Ogasawara,,,,,,,,
2025,2025-07-06,Cincinnati Reds,Philadelphia Phillies,1.0,3.0,False,0|0|0|0|1|0|0|0|0,0|0|0|0|1|0|0|2,195.0,-235.0,180.0,-215.0,-1.5,8.5,espn,401696251,CIN,PHI,regular,Chase Burns,Zack Wheeler,,,,,,,,
2025,2025-07-06,Los Angeles Angels,Toronto Blue Jays,2.0,3.0,False,1|0|0|0|1|0|0|0|0,0|0|0|2|0|1|0|0,145.0,-175.0,145.0,-175.0,-1.5,8.5,espn,401696248,LAA,TOR,regular,Tyler Anderson,Kevin Gausman,,,,,,,,
2025,2025-07-06,Detroit Tigers,Cleveland Guardians,7.0,2.0,False,0|0|0|0|0|0|0|0|1|6,0|0|0|0|0|0|0|1|0|1,-185.0,155.0,-250.0,180.0,1.5,7.5,espn,401696252,DET,CLE,regular,Tarik Skubal,Gavin Williams,,,,,,,,
2025,2025-07-06,Milwaukee Brewers,Miami Marlins,3.0,1.0,False,0|0|2|0|0|0|0|1|0,0|0|0|0|1|0|0|0|0,-110.0,-110.0,100.0,-120.0,1.5,7.5,espn,401696253,MIL,MIA,regular,Brandon Woodruff,Edward Cabrera,,,,,,,,
2025,2025-07-06,New York Yankees,New York Mets,6.0,4.0,False,0|0|1|2|2|0|1|0|0,0|0|0|0|2|2|0|0|0,-225.0,185.0,-220.0,160.0,1.5,8.5,espn,401696255,NYY,NYM,regular,Max Fried,Chris Devenski,,,,,,,,
2025,2025-07-06,Tampa Bay Rays,Minnesota Twins,7.0,5.0,False,0|0|1|1|0|0|0|2|0|3,1|0|0|0|0|1|0|2|0|1,-120.0,100.0,110.0,-130.0,1.5,8.5,espn,401696254,TB,MIN,regular,Drew Rasmussen,Joe Ryan,,,,,,,,
2025,2025-07-06,Chicago White Sox,Colorado Rockies,4.0,6.0,False,0|0|2|1|1|0|0|0|0,1|1|0|0|4|0|0|0,-150.0,125.0,-120.0,100.0,1.5,10.5,espn,401696257,CHW,COL,regular,Shane Smith,Chase Dollander,,,,,,,,
2025,2025-07-06,Houston Astros,Los Angeles Dodgers,5.0,1.0,False,0|0|1|0|0|1|0|2|1,0|1|0|0|0|0|0|0|0,140.0,-165.0,150.0,-180.0,-1.5,9.5,espn,401696258,HOU,LAD,regular,Ryan Gusto,Emmet Sheehan,,,,,,,,
2025,2025-07-06,Kansas City Royals,Arizona Diamondbacks,4.0,0.0,False,0|0|0|2|2|0|0|0|0,0|0|0|0|0|0|0|0|0,100.0,-120.0,130.0,-155.0,-1.5,9.5,espn,401696259,KC,ARI,regular,Michael Lorenzen,Anthony DeSclafani,,,,,,,,
2025,2025-07-06,Pittsburgh Pirates,Seattle Mariners,0.0,1.0,False,0|0|0|0|0|0|0|0|0,0|0|0|0|0|1|0|0,-105.0,-115.0,100.0,-120.0,1.5,6.5,espn,401696260,PIT,SEA,regular,Paul Skenes,George Kirby,,,,,,,,
2025,2025-07-06,St. Louis Cardinals,Chicago Cubs,0.0,11.0,False,0|0|0|0|0|0|0|0|0,1|2|5|2|1|0|0|0,160.0,-190.0,170.0,-205.0,-1.5,7.5,espn,401696256,STL,CHC,regular,Erick Fedde,Matthew Boyd,,,,,,,,
2025,2025-07-06,Texas Rangers,San Diego Padres,1.0,4.0,False,1|0|0|0|0|0|0|0|0,0|0|1|1|0|1|1|0,115.0,-135.0,105.0,-125.0,-1.5,8.5,espn,401696262,TEX,SD,regular,Jack Leiter,David Morgan,,,,,,,,
2025,2025-07-06,San Francisco Giants,Athletics,6.0,2.0,False,1|0|0|1|3|0|0|1|0,0|0|0|1|0|0|0|0|1,-135.0,115.0,-105.0,-115.0,1.5,10.5,espn,401764563,SF,ATH,regular,Hayden Birdsong,Jacob Lopez,,,,,,,,
2025,2025-07-07,Tampa Bay Rays,Detroit Tigers,1.0,5.0,False,0|0|1|0|0|0|0|0|0,0|2|0|0|1|0|2|0,-145.0,120.0,-120.0,100.0,1.5,8.5,espn,401696265,TB,DET,regular,Shane Baz,Keider Montero,,,,,,,,
2025,2025-07-07,Colorado Rockies,Boston Red Sox,3.0,9.0,False,0|1|0|0|0|2|0|0|0,0|3|0|0|2|0|2|2,170.0,-205.0,200.0,-240.0,-1.5,10.5,espn,401696263,COL,BOS,regular,Austin Gomber,Richard Fitts,,,,,,,,
2025,2025-07-07,Miami Marlins,Cincinnati Reds,5.0,1.0,False,0|0|0|0|2|2|1|0|0,0|1|0|0|0|0|0|0|0,120.0,-145.0,120.0,-145.0,-1.5,9.5,espn,401696264,MIA,CIN,regular,Janson Junk,Brady Singer,,,,,,,,
2025,2025-07-07,Los Angeles Dodgers,Milwaukee Brewers,1.0,9.0,False,0|0|0|0|0|0|0|1|0,5|0|0|0|2|0|2|0,-150.0,125.0,-145.0,120.0,1.5,7.5,espn,401696267,LAD,MIL,regular,Yoshinobu Yamamoto,Freddy Peralta,,,,,,,,
2025,2025-07-07,Pittsburgh Pirates,Kansas City Royals,3.0,9.0,False,0|0|2|0|0|0|0|0|1,1|0|3|2|1|1|0|1,135.0,-160.0,120.0,-145.0,-1.5,8.5,espn,401696268,PIT,KC,regular,Andrew Heaney,Noah Cameron,,,,,,,,
2025,2025-07-07,Toronto Blue Jays,Chicago White Sox,8.0,4.0,False,0|0|0|1|2|5|0|0|0,0|1|0|0|0|0|2|1|0,-180.0,150.0,-165.0,140.0,1.5,8.5,espn,401696269,TOR,CHW,regular,Jose Berrios,Sean Burke,,,,,,,,
2025,2025-07-07,Cleveland Guardians,Houston Astros,7.0,5.0,False,0|0|0|0|4|2|0|0|1,0|0|0|0|4|1|0|0|0,130.0,-155.0,110.0,-130.0,-1.5,7.5,espn,401696266,CLE,HOU,regular,Tanner Bibee,Colton Gordon,,,,,,,,
2025,2025-07-07,Texas Rangers,Los Angeles Angels,5.0,6.0,False,2|0|2|0|0|0|0|1|0,1|2|0|0|0|2|0|0|1,125.0,-150.0,-145.0,120.0,1.5,7.5,espn,401696272,TEX,LAA,regular,Jacob deGrom,Yusei Kikuchi,,,,,,,,
2025,2025-07-07,Arizona Diamondbacks,San Diego Padres,6.0,3.0,False,0|1|1|0|2|0|0|2|0,1|0|0|0|0|0|1|1|0,110.0,-130.0,110.0,-130.0,-1.5,7.5,espn,401696270,ARI,SD,regular,Zac Gallen,Yu Darvish,,,,,,,,
2025,2025-07-07,Philadelphia Phillies,San Francisco Giants,1.0,3.0,False,0|0|0|0|1|0|0|0|0,0|1|0|0|0|0|0|2,-145.0,120.0,-130.0,110.0,1.5,7.5,espn,401696271,PHI,SF,regular,Cristopher Sanchez,Landen Roupp,,,,,,,,
2025,2025-07-08,New York Mets,Baltimore Orioles,7.0,6.0,False,0|0|0|0|0|2|0|4|0|1,0|0|1|0|0|4|1|0|0|0,-145.0,120.0,-125.0,105.0,1.5,9.5,espn,401696275,NYM,BAL,regular,Clay Holmes,Brandon Young,,,,,,,,
2025,2025-07-08,Tampa Bay Rays,Detroit Tigers,2.0,4.0,False,1|0|1|0|0|0|0|0|0,0|0|0|1|1|0|2|0,-150.0,125.0,105.0,-125.0,-1.5,7.5,espn,401696277,TB,DET,regular,Ryan Pepiot,Jack Flaherty,,,,,,,,
2025,2025-07-08,Seattle Mariners,New York Yankees,3.0,10.0,False,0|0|0|0|0|0|0|3|0,0|0|0|0|1|5|4|0,-130.0,110.0,105.0,-125.0,-1.5,8.5,espn,401696276,SEA,NYY,regular,Logan Gilbert,Will Warren,,,,,,,,
2025,2025-07-08,Colorado Rockies,Boston Red Sox,2.0,10.0,False,0|0|0|0|0|0|0|0|2,0|0|0|0|0|4|6|0,180.0,-215.0,220.0,-270.0,-1.5,8.5,espn,401696273,COL,BOS,regular,Kyle Freeland,Brayan Bello,,,,,,,,
2025,2025-07-08,Miami Marlins,Cincinnati Reds,12.0,2.0,False,0|0|7|0|0|3|0|1|1,1|0|0|0|0|0|0|0|1,105.0,-125.0,100.0,-120.0,-1.5,8.5,espn,401696274,MIA,CIN,regular,Eury Perez,Nick Martinez,,,,,,,,
2025,2025-07-08,Chicago Cubs,Minnesota Twins,1.0,8.0,False,0|0|0|0|0|0|0|0|1,2|0|0|0|0|0|0|6,-150.0,125.0,-135.0,115.0,1.5,9.5,espn,401696278,CHC,MIN,regular,Shota Imanaga,Simeon Woods Richardson,,,,,,,,
2025,2025-07-08,Los Angeles Dodgers,Milwaukee Brewers,1.0,3.0,False,1|0|0|0|0|0|0|0|0,0|0|0|2|0|0|0|1,-125.0,105.0,-110.0,-110.0,1.5,8.5,espn,401696280,LAD,MIL,regular,Clayton Kershaw,Jacob Misiorowski,,,,,,,,
2025,2025-07-08,Pittsburgh Pirates,Kansas City Royals,3.0,4.0,False,0|0|0|1|0|0|1|1|0,0|1|0|0|0|0|2|0|1,130.0,-155.0,115.0,-135.0,-1.5,7.5,espn,401696281,PIT,KC,regular,Mitch Keller,Seth Lugo,,,,,,,,
2025,2025-07-08,Toronto Blue Jays,Chicago White Sox,6.0,1.0,False,0|0|5|0|0|1|0,0|0|0|0|0|1,-185.0,155.0,-200.0,165.0,0.0,0.0,espn,401696282,TOR,CHW,regular,Chris Bassitt,Aaron Civale,,,,,,,,
2025,2025-07-08,Washington Nationals,St. Louis Cardinals,2.0,4.0,False,0|0|2|0|0|0|0|0|0,0|0|3|0|0|1|0|0,150.0,-180.0,195.0,-235.0,-1.5,7.5,espn,401696283,WSH,STL,regular,Jake Irvin,Sonny Gray,,,,,,,,
2025,2025-07-08,Cleveland Guardians,Houston Astros,10.0,6.0,False,2|0|3|1|0|0|0|0|0|4,1|0|0|0|3|0|0|2|0|0,180.0,-215.0,170.0,-205.0,-1.5,7.5,espn,401696279,CLE,HOU,regular,Joey Cantillo,Hunter Brown,,,,,,,,
2025,2025-07-08,Texas Rangers,Los Angeles Angels,13.0,1.0,False,0|0|0|5|4|1|1|2|0,1|0|0|0|0|0|0|0|0,100.0,-120.0,-105.0,-115.0,1.5,8.5,espn,401696287,TEX,LAA,regular,Nathan Eovaldi,Jose Soriano,,,,,,,,
2025,2025-07-08,Arizona Diamondbacks,San Diego Padres,0.0,1.0,False,0|0|0|0|0|0|0|0|0,0|0|0|0|0|0|1|0,105.0,-125.0,120.0,-145.0,-1.5,7.5,espn,401696284,ARI,SD,regular,Merrill Kelly,Nick Pivetta,,,,,,,,
2025,2025-07-08,Philadelphia Phillies,San Francisco Giants,3.0,4.0,False,0|0|0|0|0|1|2|0|0,0|1|0|0|0|0|0|0|3,135.0,-160.0,135.0,-160.0,-1.5,8.5,espn,401696286,PHI,SF,regular,Taijuan Walker,Robbie Ray,,,,,,,,
2025,2025-07-08,Atlanta Braves,Athletics,1.0,10.0,False,0|0|0|0|1|0|0|0|0,5|4|1|0|0|0|0|0,-120.0,100.0,-110.0,-110.0,1.5,10.5,espn,401764564,ATL,ATH,regular,Didier Fuentes,Jeffrey Springs,,,,,,,,
2025,2025-07-09,Los Angeles Dodgers,Milwaukee Brewers,2.0,3.0,False,0|0|0|0|1|0|1|0|0|0,0|0|0|0|1|0|0|0|1|1,-165.0,140.0,-160.0,125.0,1.5,8.5,espn,401696295,LAD,MIL,regular,Tyler Glasnow,Jose Quintana,,,,,,,,
2025,2025-07-09,Toronto Blue Jays,Chicago White Sox,1.0,2.0,False,0|1|0|0|0|0|0|0|0,0|0|0|2|0|0|0|0,-165.0,140.0,-145.0,120.0,1.5,7.5,espn,401696297,TOR,CHW,regular,Eric Lauer,Adrian Houser,,,,,,,,
2025,2025-07-09,Philadelphia Phillies,San Francisco Giants,13.0,0.0,False,0|1|0|1|0|2|0|7|2,0|0|0|0|0|0|0|0|0,-180.0,150.0,-145.0,120.0,1.5,8.5,espn,401696301,PHI,SF,regular,Jesus Luzardo,Justin Verlander,,,,,,,,
2025,2025-07-09,Tampa Bay Rays,Detroit Tigers,7.0,3.0,False,2|0|0|0|0|4|1|0|0,0|0|0|3|0|0|0|0|0,100.0,-120.0,125.0,-150.0,-1.5,8.5,espn,401696292,TB,DET,regular,Zack Littell,Reese Olson,,,,,,,,
2025,2025-07-09,Seattle Mariners,New York Yankees,6.0,9.0,False,0|0|1|1|0|2|2|0|0,3|0|1|0|2|3|0|0,125.0,-150.0,130.0,-155.0,-1.5,9.5,espn,401696291,SEA,NYY,regular,Logan Evans,Cam Schlittler,,,,,,,,
2025,2025-07-09,Colorado Rockies,Boston Red Sox,2.0,10.0,False,0|0|0|0|0|0|0|2|0,0|1|0|1|2|1|0|5,220.0,-270.0,260.0,-325.0,-2.5,8.5,espn,401696288,COL,BOS,regular,Antonio Senzatela,Lucas Giolito,,,,,,,,
2025,2025-07-09,Miami Marlins,Cincinnati Reds,2.0,7.0,False,0|0|0|0|0|0|0|1|1,3|0|0|3|0|0|0|1,-110.0,-110.0,120.0,-145.0,-1.5,8.5,espn,401696289,MIA,CIN,regular,Sandy Alcantara,Andrew Abbott,,,,,,,,
2025,2025-07-09,Chicago Cubs,Minnesota Twins,2.0,4.0,False,0|0|0|2|0|0|0|0|0,2|1|0|1|0|0|0|0,100.0,-120.0,-110.0,-110.0,1.5,9.5,espn,401696293,CHC,MIN,regular,Cade Horton,David Festa,,,,,,,,
2025,2025-07-09,Pittsburgh Pirates,Kansas City Royals,3.0,4.0,False,0|0|0|0|0|3|0|0|0,0|1|0|2|0|0|0|1,165.0,-200.0,160.0,-190.0,-1.5,8.5,espn,401696296,PIT,KC,regular,Bailey Falter,Kris Bubic,,,,,,,,
2025,2025-07-09,Washington Nationals,St. Louis Cardinals,8.0,2.0,False,3|0|0|3|1|0|1|0|0,1|0|0|0|0|0|1|0|0,-120.0,100.0,120.0,-145.0,-1.5,7.5,espn,401696298,WSH,STL,regular,MacKenzie Gore,Andre Pallante,,,,,,,,
2025,2025-07-09,Cleveland Guardians,Houston Astros,4.0,2.0,False,2|0|0|0|0|0|2|0|0,0|0|0|0|0|0|0|2|0,140.0,-165.0,130.0,-155.0,-1.5,7.5,espn,401696294,CLE,HOU,regular,Slade Cecconi,Brandon Walter,,,,,,,,
2025,2025-07-09,Texas Rangers,Los Angeles Angels,8.0,11.0,False,1|0|2|2|0|1|2|0|0,0|0|4|1|1|0|2|3,-150.0,125.0,-110.0,-110.0,1.5,9.5,espn,401696302,TEX,LAA,regular,Kumar Rocker,Kyle Hendricks,,,,,,,,
2025,2025-07-09,Arizona Diamondbacks,San Diego Padres,8.0,2.0,False,0|0|1|1|4|0|0|1|1,0|0|0|0|1|0|1|0|0,130.0,-155.0,135.0,-160.0,-1.5,7.5,espn,401696299,ARI,SD,regular,Brandon Pfaadt,Dylan Cease,,,,,,,,
2025,2025-07-09,Atlanta Braves,Athletics,9.0,2.0,False,4|2|0|1|0|1|1|0|0,0|0|0|0|1|1|0|0|0,-145.0,120.0,-125.0,105.0,1.5,10.5,espn,401764565,ATL,ATH,regular,Bryce Elder,Mitch Spence,,,,,,,,
2025,2025-07-10,New York Mets,Baltimore Orioles,1.0,3.0,False,0|0|0|0|1|0|0|0|0,0|0|0|0|0|0|0|3,-145.0,120.0,-145.0,120.0,1.5,9.5,espn,401696304,NYM,BAL,regular,David Peterson,Charlie Morton,,,,,,,,
2025,2025-07-10,Chicago Cubs,Minnesota Twins,8.0,1.0,False,0|1|2|1|2|0|1|0|1,0|0|0|0|1|0|0|0|0,110.0,-130.0,-115.0,-105.0,1.5,9.5,espn,401696307,CHC,MIN,regular,Colin Rea,Chris Paddack,,,,,,,,
2025,2025-07-10,New York Mets,Baltimore Orioles,3.0,7.0,False,2|0|0|1|0|0|0|0|0,0|3|0|0|2|2|0|0,-165.0,140.0,-125.0,105.0,1.5,10.5,espn,401800369,NYM,BAL,regular,Brandon Waddell,Tomoyuki Sugano,,,,,,,,
2025,2025-07-10,Miami Marlins,Cincinnati Reds,0.0,6.0,False,0|0|0|0|0|0|0|0|0,1|1|0|0|0|4|0|0,125.0,-150.0,140.0,-165.0,-1.5,9.5,espn,401696303,MIA,CIN,regular,Cal Quantrill,Nick Lodolo,,,,,,,,
2025,2025-07-10,Seattle Mariners,New York Yankees,5.0,6.0,False,0|1|0|1|0|0|3|0|0|0,0|0|0|0|0|0|0|3|2|1,-155.0,130.0,-120.0,-105.0,1.5,9.5,espn,401696305,SEA,NYY,regular,Bryan Woo,Marcus Stroman,,,,,,,,
2025,2025-07-10,Tampa Bay Rays,Boston Red Sox,3.0,4.0,False,0|0|0|2|0|1|0|0|0,0|0|1|0|0|0|3|0,-160.0,135.0,105.0,-125.0,1.5,9.5,espn,401696306,TB,BOS,regular,Taj Bradley,Walker Buehler,,,,,,,,
2025,2025-07-10,Washington Nationals,St. Louis Cardinals,1.0,8.0,False,0|0|0|0|0|0|0|1|0,1|0|1|0|0|5|1|0,-135.0,115.0,120.0,-145.0,-1.5,8.5,espn,401696309,WSH,STL,regular,Michael Soroka,Miles Mikolas,,,,,,,,
2025,2025-07-10,Atlanta Braves,Athletics,4.0,5.0,False,0|0|0|3|0|0|1|0|0|0|0,3|0|0|0|0|0|0|1|0|0|1,-155.0,130.0,-200.0,165.0,1.5,10.5,espn,401764566,ATL,ATH,regular,Spencer Strider,JP Sears,,,,,,,,
2025,2025-07-10,Texas Rangers,Los Angeles Angels,11.0,4.0,False,2|0|7|0|0|0|0|2|0,0|0|0|0|2|1|0|0|1,145.0,-175.0,-105.0,-115.0,1.5,9.5,espn,401696312,TEX,LAA,regular,Patrick Corbin,Jack Kochanowicz,,,,,,,,
2025,2025-07-10,Arizona Diamondbacks,San Diego Padres,3.0,4.0,False,0|0|2|0|0|0|1|0|0,0|0|1|1|2|0|0|0,-155.0,130.0,-130.0,110.0,1.5,8.5,espn,401696310,ARI,SD,regular,Eduardo Rodriguez,Randy Vasquez,,,,,,,,
2025,2025-07-11,Cleveland Guardians,Chicago White Sox,4.0,2.0,False,0|2|0|0|0|2|0|0|0,0|2|0|0|0|0|0|0|0,-125.0,105.0,-120.0,100.0,1.5,8.5,espn,401800822,CLE,CHW,regular,Logan Allen,Shane Smith,,,,,,,,
2025,2025-07-11,Chicago Cubs,New York Yankees,0.0,11.0,False,0|0|0|0|0|0|0|0|0,0|0|3|0|2|1|2|3,160.0,-190.0,145.0,-175.0,-1.5,9.5,espn,401696313,CHC,NYY,regular,Chris Flexen,Carlos Rodon,,,,,,,,
2025,2025-07-11,Miami Marlins,Baltimore Orioles,2.0,5.0,False,0|0|0|0|0|0|0|0|2,2|0|2|0|0|0|1|0,110.0,-130.0,125.0,-150.0,-1.5,8.5,espn,401696315,MIA,BAL,regular,Edward Cabrera,Dean Kremer,,,,,,,,
2025,2025-07-11,Colorado Rockies,Cincinnati Reds,3.0,2.0,False,0|0|0|2|0|0|0|1|0,0|0|1|0|0|0|1|0|0,145.0,-175.0,210.0,-255.0,-1.5,9.5,espn,401696314,COL,CIN,regular,German Marquez,Chase Burns,,,,,,,,
2025,2025-07-11,Seattle Mariners,Detroit Tigers,12.0,3.0,False,0|1|0|0|3|0|0|1|7,0|0|0|1|0|2|0|0|0,160.0,-190.0,230.0,-285.0,-1.5,6.5,espn,401696316,SEA,DET,regular,Luis Castillo,Tarik Skubal,,,,,,,,
2025,2025-07-11,Tampa Bay Rays,Boston Red Sox,4.0,5.0,False,1|0|3|0|0|0|0|0|0,0|1|0|2|0|0|0|0|2,-115.0,-105.0,-110.0,-110.0,1.5,8.5,espn,401696317,TB,BOS,regular,Drew Rasmussen,Hunter Dobbins,,,,,,,,
2025,2025-07-11,Cleveland Guardians,Chicago White Sox,4.0,5.0,False,0|0|2|0|0|1|1|0|0|0|0,1|0|1|0|1|0|0|1|0|0|1,-145.0,120.0,-130.0,110.0,1.5,8.5,espn,401696319,CLE,CHW,regular,Gavin Williams,Jonathan Cannon,,,,,,,,
2025,2025-07-11,New York Mets,Kansas City Royals,8.0,3.0,False,0|0|1|0|0|0|0|3|4,0|0|0|0|0|1|2|0|0,-145.0,120.0,-135.0,115.0,1.5,9.5,espn,401696320,NYM,KC,regular,Kodai Senga,Michael Wacha,,,,,,,,
2025,2025-07-11,Pittsburgh Pirates,Minnesota Twins,1.0,2.0,False,0|0|0|1|0|0|0|0|0,0|0|0|2|0|0|0|0,160.0,-190.0,120.0,-145.0,-1.5,7.5,espn,401696321,PIT,MIN,regular,Paul Skenes,Joe Ryan,,,,,,,,
2025,2025-07-11,Texas Rangers,Houston Astros,7.0,3.0,False,2|0|3|0|0|0|2|0|0,1|0|0|2|0|0|0|0|0,120.0,-145.0,110.0,-130.0,-1.5,8.5,espn,401696322,TEX,HOU,regular,Jack Leiter,Lance McCullers Jr.,,,,,,,,
2025,2025-07-11,Washington Nationals,Milwaukee Brewers,3.0,8.0,False,0|0|1|0|0|1|1|0|0,0|0|6|1|0|0|1|0,145.0,-175.0,170.0,-205.0,-1.5,8.5,espn,401696323,WSH,MIL,regular,Mitchell Parker,Quinn Priester,,,,,,,,
2025,2025-07-11,Atlanta Braves,St. Louis Cardinals,6.0,5.0,False,3|1|2|0|0|0|0|0|0,2|0|3|0|0|0|0|0|0,-145.0,120.0,100.0,-120.0,1.5,8.5,espn,401696318,ATL,STL,regular,Grant Holmes,Matthew Liberatore,,,,,,,,
2025,2025-07-11,Arizona Diamondbacks,Los Angeles Angels,5.0,6.0,False,0|4|0|0|0|0|0|1|0,4|0|0|0|1|0|0|0|1,-130.0,110.0,-115.0,-115.0,1.5,9.5,espn,401696324,ARI,LAA,regular,Ryne Nelson,Tyler Anderson,,,,,,,,
2025,2025-07-11,Philadelphia Phillies,San Diego Padres,2.0,4.0,False,0|1|1|0|0|0|0|0|0,0|3|0|0|0|0|0|1,-160.0,135.0,-160.0,135.0,1.5,8.5,espn,401696326,PHI,SD,regular,Ranger Suarez,Ryan Bergert,,,,,,,,
2025,2025-07-11,Toronto Blue Jays,Athletics,7.0,6.0,False,0|0|0|1|6|0|0|0|0,0|0|0|0|0|3|0|0|3,-150.0,125.0,-180.0,150.0,1.5,10.5,espn,401764567,TOR,ATH,regular,Max Scherzer,Luis Severino,,,,,,,,
2025,2025-07-11,Los Angeles Dodgers,San Francisco Giants,7.0,8.0,False,0|0|2|0|0|4|1|0|0,0|1|0|2|5|0|0|0,110.0,-130.0,120.0,-145.0,-1.5,7.5,espn,401696325,LAD,SF,regular,Dustin May,Logan Webb,,,,,,,,
2025,2025-07-12,Chicago Cubs,New York Yankees,5.0,2.0,False,1|0|3|0|0|0|0|1|0,0|0|0|0|0|0|0|0|2,145.0,-175.0,135.0,-160.0,-1.5,7.5,espn,401696328,CHC,NYY,regular,Matthew Boyd,Max Fried,,,,,,,,
2025,2025-07-12,Seattle Mariners,Detroit Tigers,15.0,7.0,False,0|1|5|1|0|1|1|2|4,1|0|0|0|3|0|1|2|0,-150.0,125.0,-110.0,-110.0,1.5,7.5,espn,401696331,SEA,DET,regular,George Kirby,Casey Mize,,,,,,,,
2025,2025-07-12,Pittsburgh Pirates,Minnesota Twins,4.0,12.0,False,0|0|0|1|1|0|1|1|0,0|6|3|0|0|1|2|0,115.0,-135.0,115.0,-135.0,-1.5,9.5,espn,401696336,PIT,MIN,regular,Mike Burrows,Cole Sands,,,,,,,,
2025,2025-07-12,Atlanta Braves,St. Louis Cardinals,7.0,6.0,False,1|2|0|0|0|0|0|3|1,0|3|0|0|0|1|1|1|0,110.0,-130.0,-115.0,-105.0,1.5,9.5,espn,401696333,ATL,STL,regular,Aaron Bummer,Erick Fedde,,,,,,,,
2025,2025-07-12,Miami Marlins,Baltimore Orioles,6.0,0.0,False,0|0|0|0|0|0|1|1|4,0|0|0|0|0|0|0|0|0,145.0,-175.0,140.0,-165.0,-1.5,9.5,espn,401696330,MIA,BAL,regular,Janson Junk,Trevor Rogers,,,,,,,,
2025,2025-07-12,Los Angeles Dodgers,San Francisco Giants,2.0,1.0,False,0|1|0|0|0|1|0|0|0,0|0|0|0|0|0|0|1|0,-145.0,120.0,-165.0,140.0,1.5,8.5,espn,401696340,LAD,SF,regular,Shohei Ohtani,Landen Roupp,,,,,,,,
2025,2025-07-12,Colorado Rockies,Cincinnati Reds,3.0,4.0,False,0|0|2|0|0|0|1|0|0,1|0|0|0|0|0|1|0|2,195.0,-235.0,220.0,-270.0,-2.5,10.5,espn,401696329,COL,CIN,regular,Bradley Blalock,Brady Singer,,,,,,,,
2025,2025-07-12,Tampa Bay Rays,Boston Red Sox,0.0,1.0,False,0|0|0|0|0|0|0|0|0,0|0|0|1|0|0|0|0,160.0,-190.0,145.0,-175.0,-1.5,8.5,espn,401696332,TB,BOS,regular,Shane Baz,Garrett Crochet,,,,,,,,
2025,2025-07-12,Cleveland Guardians,Chicago White Sox,6.0,2.0,False,1|0|0|1|0|1|1|0|2,0|0|0|2|0|0|0|0|0,-135.0,115.0,-145.0,120.0,1.5,8.5,espn,401696334,CLE,CHW,regular,Tanner Bibee,Sean Burke,,,,,,,,
2025,2025-07-12,New York Mets,Kansas City Royals,3.0,1.0,False,0|0|0|2|0|0|0|0|1,0|0|0|0|0|1|0|0|0,-125.0,105.0,-125.0,105.0,1.5,9.5,espn,401696335,NYM,KC,regular,Frankie Montas,Angel Zerpa,,,,,,,,
2025,2025-07-12,Washington Nationals,Milwaukee Brewers,5.0,6.0,False,0|1|0|1|0|0|0|2|1,0|0|0|3|0|0|0|0|3,135.0,-160.0,220.0,-270.0,-1.5,8.5,espn,401696338,WSH,MIL,regular,Shinnosuke Ogasawara,Brandon Woodruff,,,,,,,,
2025,2025-07-12,Texas Rangers,Houston Astros,4.0,5.0,False,1|0|0|0|0|0|0|1|1|0|1,1|0|0|1|0|0|1|0|0|0|2,115.0,-135.0,100.0,-120.0,-1.5,6.5,espn,401696337,TEX,HOU,regular,Jacob deGrom,Framber Valdez,,,,,,,,
2025,2025-07-12,Philadelphia Phillies,San Diego Padres,4.0,5.0,False,0|2|0|0|2|0|0|0|0,0|3|0|0|0|1|1|0,-165.0,140.0,-185.0,155.0,1.5,7.5,espn,401696341,PHI,SD,regular,Zack Wheeler,Yu Darvish,,,,,,,,
2025,2025-07-12,Arizona Diamondbacks,Los Angeles Angels,5.0,10.0,False,0|1|0|1|0|1|0|2|0,1|0|0|3|2|0|0|4,-110.0,-110.0,110.0,-130.0,-1.5,8.5,espn,401696339,ARI,LAA,regular,Zac Gallen,Yusei Kikuchi,,,,,,,,
2025,2025-07-12,Toronto Blue Jays,Athletics,3.0,4.0,False,0|1|1|0|0|0|0|1|0,0|0|2|0|2|0|0|0,-150.0,125.0,-150.0,125.0,1.5,10.5,espn,401764568,TOR,ATH,regular,Kevin Gausman,Jacob Lopez,,,,,,,,
2025,2025-07-13,Chicago Cubs,New York Yankees,4.0,1.0,False,1|0|0|0|0|2|1|0|0,0|1|0|0|0|0|0|0|0,135.0,-160.0,110.0,-130.0,-1.5,8.5,espn,401696343,CHC,NYY,regular,Shota Imanaga,Will Warren,,,,,,,,
2025,2025-07-13,Miami Marlins,Baltimore Orioles,11.0,1.0,False,0|1|4|0|2|0|1|3|0,0|0|0|0|0|0|0|1|0,-125.0,105.0,120.0,-145.0,-1.5,9.5,espn,401696345,MIA,BAL,regular,Eury Perez,Brandon Young,,,,,,,,
2025,2025-07-13,Tampa Bay Rays,Boston Red Sox,1.0,4.0,False,0|0|0|1|0|0|0|0|0,0|0|1|0|0|3|0|0,-115.0,-105.0,100.0,-120.0,1.5,8.5,espn,401696347,TB,BOS,regular,Ryan Pepiot,Brayan Bello,,,,,,,,
2025,2025-07-13,Colorado Rockies,Cincinnati Reds,2.0,4.0,False,0|0|2|0|0|0|0|0|0,1|0|1|0|1|0|1|0,185.0,-225.0,205.0,-250.0,-1.5,9.5,espn,401696344,COL,CIN,regular,Austin Gomber,Nick Martinez,,,,,,,,
2025,2025-07-13,Seattle Mariners,Detroit Tigers,8.0,4.0,False,0|0|1|1|0|0|1|1|4,2|0|0|0|0|0|2|0|0,-110.0,-110.0,-115.0,-105.0,1.5,8.5,espn,401696346,SEA,DET,regular,Logan Gilbert,Jack Flaherty,,,,,,,,
2025,2025-07-13,Cleveland Guardians,Chicago White Sox,6.0,5.0,False,0|0|0|0|0|4|0|1|0|1,0|0|0|1|2|1|0|1|0|0,-150.0,125.0,-130.0,110.0,1.5,8.5,espn,401696349,CLE,CHW,regular,Joey Cantillo,Aaron Civale,,,,,,,,
2025,2025-07-13,New York Mets,Kansas City Royals,2.0,3.0,False,0|0|0|0|0|0|0|0|2,0|2|0|0|0|0|0|0|1,-150.0,125.0,-105.0,-115.0,1.5,8.5,espn,401696350,NYM,KC,regular,Clay Holmes,Noah Cameron,,,,,,,,
2025,2025-07-13,Pittsburgh Pirates,Minnesota Twins,2.0,1.0,False,0|1|0|0|0|0|0|0|1,0|0|1|0|0|0|0|0|0,125.0,-150.0,135.0,-160.0,-1.5,8.5,espn,401696351,PIT,MIN,regular,Mitch Keller,Simeon Woods Richardson,,,,,,,,
2025,2025-07-13,Texas Rangers,Houston Astros,5.0,1.0,False,0|2|1|1|0|0|0|1|0,0|0|0|0|0|1|0|0|0,115.0,-135.0,110.0,-130.0,-1.5,6.5,espn,401696352,TEX,HOU,regular,Nathan Eovaldi,Hunter Brown,,,,,,,,
2025,2025-07-13,Washington Nationals,Milwaukee Brewers,1.0,8.0,False,0|0|0|0|0|0|1|0|0,0|3|0|0|0|0|0|5,180.0,-215.0,205.0,-250.0,-1.5,8.5,espn,401696353,WSH,MIL,regular,Jake Irvin,Freddy Peralta,,,,,,,,
2025,2025-07-13,Atlanta Braves,St. Louis Cardinals,4.0,5.0,False,0|0|1|0|2|0|1|0|0,0|1|0|0|2|2|0|0,130.0,-155.0,140.0,-165.0,-1.5,8.5,espn,401696348,ATL,STL,regular,Davis Daniel,Sonny Gray,,,,,,,,
2025,2025-07-13,Los Angeles Dodgers,San Francisco Giants,5.0,2.0,False,0|0|0|1|1|0|0|0|0|0|3,0|0|0|0|0|0|0|0|2|0|0,-145.0,120.0,-145.0,120.0,1.5,7.5,espn,401696355,LAD,SF,regular,Yoshinobu Yamamoto,Robbie Ray,,,,,,,,
2025,2025-07-13,Toronto Blue Jays,Athletics,3.0,6.0,False,0|0|0|0|1|0|2|0|0,0|2|2|0|2|0|0|0,105.0,-125.0,-130.0,110.0,1.5,10.5,espn,401764569,TOR,ATH,regular,Jose Berrios,Jeffrey Springs,,,,,,,,
2025,2025-07-13,Arizona Diamondbacks,Los Angeles Angels,5.0,1.0,False,0|0|0|4|1|0|0|0|0,0|0|1|0|0|0|0|0|0,-110.0,-110.0,110.0,-130.0,-1.5,9.5,espn,401696354,ARI,LAA,regular,Merrill Kelly,Jose Soriano,,,,,,,,
2025,2025-07-13,Philadelphia Phillies,San Diego Padres,2.0,1.0,False,1|0|0|0|0|0|0|1|0,0|0|0|0|0|1|0|0|0,-125.0,105.0,-135.0,115.0,1.5,7.5,espn,401696356,PHI,SD,regular,Cristopher Sanchez,Nick Pivetta,,,,,,,,
2025,2025-07-15,American All-Stars,National All-Stars,6.0,7.0,True,0|0|0|0|0|0|4|0|2,2|0|0|0|0|4|0|0|0,-105.0,-115.0,110.0,-130.0,-1.5,6.5,espn,401696358,AL,NL,regular,Tarik Skubal,Paul Skenes,,,,,,,,
2025,2025-07-18,Boston Red Sox,Chicago Cubs,1.0,4.0,False,0|0|1|0|0|0|0|0|0,3|0|0|0|0|1|0|0,-115.0,-105.0,115.0,-135.0,-1.5,7.5,espn,401696368,BOS,CHC,regular,Lucas Giolito,Colin Rea,,,,,,,,
2025,2025-07-18,Chicago White Sox,Pittsburgh Pirates,10.0,1.0,False,3|0|0|1|0|2|4|0|0,0|0|0|1|0|0|0|0|0,-115.0,-105.0,135.0,-160.0,-1.5,8.5,espn,401696361,CHW,PIT,regular,Jonathan Cannon,Bailey Falter,,,,,,,,
2025,2025-07-18,Los Angeles Angels,Philadelphia Phillies,6.0,5.0,False,0|1|0|2|1|0|2|0|0,1|0|3|0|0|0|0|1|0,110.0,-130.0,170.0,-205.0,-1.5,9.5,espn,401696359,LAA,PHI,regular,Ryan Zeferjahn,Jesus Luzardo,,,,,,,,
2025,2025-07-18,San Diego Padres,Washington Nationals,7.0,2.0,False,0|1|0|0|0|0|1|0|5,0|0|0|0|0|0|0|2|0,-160.0,135.0,-150.0,125.0,1.5,8.5,espn,401696366,SD,WSH,regular,Dylan Cease,Michael Soroka,,,,,,,,
2025,2025-07-18,San Francisco Giants,Toronto Blue Jays,0.0,4.0,False,0|0|0|0|0|0|0|0|0,0|4|0|0|0|0|0|0,105.0,-125.0,110.0,-130.0,-1.5,8.5,espn,401696367,SF,TOR,regular,Justin Verlander,Chris Bassitt,,,,,,,,
2025,2025-07-18,Cincinnati Reds,New York Mets,8.0,4.0,False,0|0|0|1|2|3|1|1|0,1|1|0|0|0|0|0|0|2,-105.0,-115.0,125.0,-150.0,-1.5,7.5,espn,401696362,CIN,NYM,regular,Nick Lodolo,Sean Manaea,,,,,,,,
2025,2025-07-18,Kansas City Royals,Miami Marlins,7.0,8.0,False,0|0|0|4|0|0|0|0|1|2,3|0|2|0|0|0|0|0|0|3,-145.0,120.0,-115.0,-105.0,1.5,7.5,espn,401696363,KC,MIA,regular,Seth Lugo,Sandy Alcantara,,,,,,,,
2025,2025-07-18,Athletics,Cleveland Guardians,6.0,8.0,False,0|0|0|0|1|1|1|0|3,0|1|4|2|1|0|0|0,-130.0,110.0,110.0,-130.0,-1.5,7.5,espn,401696365,ATH,CLE,regular,JP Sears,Slade Cecconi,,,,,,,,
2025,2025-07-18,New York Yankees,Atlanta Braves,3.0,7.0,False,0|0|0|0|0|0|3|0|0,3|0|3|1|0|0|0|0,115.0,-135.0,115.0,-135.0,-1.5,8.5,espn,401696364,NYY,ATL,regular,Ian Hamilton,Spencer Strider,,,,,,,,
2025,2025-07-18,Baltimore Orioles,Tampa Bay Rays,1.0,11.0,False,0|0|0|0|0|0|0|0|1,3|1|1|0|0|6|0|0,120.0,-145.0,110.0,-130.0,-1.5,8.5,espn,401696360,BAL,TB,regular,Charlie Morton,Taj Bradley,,,,,,,,
2025,2025-07-18,Detroit Tigers,Texas Rangers,0.0,2.0,False,0|0|0|0|0|0|0|0|0,0|0|0|0|0|0|0|2,-150.0,125.0,-110.0,-110.0,1.5,8.5,espn,401696369,DET,TEX,regular,Reese Olson,Patrick Corbin,,,,,,,,
2025,2025-07-18,Minnesota Twins,Colorado Rockies,4.0,6.0,False,0|0|0|0|1|0|3|0|0,4|1|0|0|0|1|0|0,-155.0,130.0,-180.0,150.0,1.5,10.5,espn,401696370,MIN,COL,regular,Chris Paddack,Kyle Freeland,,,,,,,,
2025,2025-07-18,St. Louis Cardinals,Arizona Diamondbacks,3.0,7.0,False,0|0|0|0|0|0|0|0|3,0|3|2|0|1|0|1|0,-110.0,-110.0,-105.0,-115.0,1.5,8.5,espn,401696373,STL,ARI,regular,Andre Pallante,Brandon Pfaadt,,,,,,,,
2025,2025-07-18,Houston Astros,Seattle Mariners,1.0,6.0,False,0|0|0|0|0|0|0|1|0,0|0|0|1|0|0|1|4,-115.0,-105.0,120.0,-155.0,-1.5,7.5,espn,401696371,HOU,SEA,regular,Brandon Walter,Luis Castillo,,,,,,,,
2025,2025-07-18,Milwaukee Brewers,Los Angeles Dodgers,2.0,0.0,False,0|0|0|0|1|0|1|0|0,0|0|0|0|0|0|0|0|0,155.0,-185.0,160.0,-190.0,-1.5,8.5,espn,401696372,MIL,LAD,regular,Quinn Priester,Tyler Glasnow,,,,,,,,
2025,2025-07-19,San Francisco Giants,Toronto Blue Jays,3.0,6.0,False,0|0|0|0|1|1|1|0|0,0|0|0|0|0|4|0|2,-115.0,-105.0,-125.0,105.0,2.5,7.5,espn,401696382,SF,TOR,regular,Logan Webb,Eric Lauer,,,,,,,,
2025,2025-07-19,Cincinnati Reds,New York Mets,5.0,2.0,False,0|0|2|1|0|2|0|0|0,1|1|0|0|0|0|0|0|0,130.0,-155.0,145.0,-175.0,-1.5,8.5,espn,401696377,CIN,NYM,regular,Nick Martinez,Clay Holmes,,,,,,,,
2025,2025-07-19,Kansas City Royals,Miami Marlins,1.0,3.0,False,0|0|0|0|0|0|0|1|0,1|0|0|0|0|0|0|2,-120.0,100.0,-120.0,100.0,1.5,8.5,espn,401696378,KC,MIA,regular,Michael Wacha,Cal Quantrill,,,,,,,,
2025,2025-07-19,Los Angeles Angels,Philadelphia Phillies,5.0,9.0,False,0|0|0|3|0|1|1|0|0,1|0|0|0|1|5|0|2,-120.0,100.0,110.0,-130.0,-1.5,9.5,espn,401696374,LAA,PHI,regular,Yusei Kikuchi,Taijuan Walker,,,,,,,,
2025,2025-07-19,Chicago White Sox,Pittsburgh Pirates,10.0,4.0,False,0|0|0|0|2|6|2|0|0,0|0|0|3|1|0|0|0|0,125.0,-150.0,115.0,-135.0,-1.5,7.5,espn,401696376,CHW,PIT,regular,Adrian Houser,Mike Burrows,,,,,,,,
2025,2025-07-19,San Diego Padres,Washington Nationals,2.0,4.0,False,0|0|2|0|0|0|0|0|0,0|2|0|0|1|1|0|0,-150.0,125.0,-135.0,115.0,1.5,9.5,espn,401696381,SD,WSH,regular,Yu Darvish,Mitchell Parker,,,,,,,,
2025,2025-07-19,Baltimore Orioles,Tampa Bay Rays,3.0,4.0,False,2|0|0|0|0|0|0|0|1,0|0|0|0|0|0|1|3,-115.0,-105.0,105.0,-125.0,1.5,8.5,espn,401696375,BAL,TB,regular,Dean Kremer,Zack Littell,,,,,,,,
2025,2025-07-19,Detroit Tigers,Texas Rangers,1.0,4.0,False,0|0|0|0|0|0|0|0|1,0|3|0|0|1|0|0|0,105.0,-125.0,100.0,-120.0,1.5,8.5,espn,401696384,DET,TEX,regular,Keider Montero,Kumar Rocker,,,,,,,,
2025,2025-07-19,Athletics,Cleveland Guardians,8.0,2.0,False,0|0|0|3|0|0|0|2|3,0|0|2|0|0|0|0|0|0,-125.0,105.0,115.0,-135.0,-1.5,8.5,espn,401696380,ATH,CLE,regular,Luis Severino,Logan Allen,,,,,,,,
2025,2025-07-19,New York Yankees,Atlanta Braves,12.0,9.0,False,0|0|0|0|2|4|1|1|4,0|0|1|4|2|1|0|0|1,-115.0,-105.0,-130.0,110.0,1.5,9.5,espn,401696379,NYY,ATL,regular,Will Warren,Joey Wentz,,,,,,,,
2025,2025-07-19,Boston Red Sox,Chicago Cubs,0.0,6.0,False,0|0|0|0|0|0|0|0|0,2|1|0|0|0|0|1|2,-110.0,-110.0,135.0,-160.0,-1.5,8.5,espn,401696383,BOS,CHC,regular,Brayan Bello,Shota Imanaga,,,,,,,,
2025,2025-07-19,St. Louis Cardinals,Arizona Diamondbacks,1.0,10.0,False,0|0|0|0|0|1|0|0|0,3|2|1|3|0|0|0|1,-120.0,100.0,-135.0,115.0,1.5,8.5,espn,401696388,STL,ARI,regular,Sonny Gray,Ryne Nelson,,,,,,,,
2025,2025-07-19,Minnesota Twins,Colorado Rockies,6.0,10.0,False,0|3|0|0|0|0|0|2|1,0|1|2|0|3|2|0|2,-180.0,150.0,-200.0,165.0,2.5,11.5,espn,401696385,MIN,COL,regular,Zebby Matthews,Antonio Senzatela,,,,,,,,
2025,2025-07-19,Milwaukee Brewers,Los Angeles Dodgers,8.0,7.0,False,0|0|4|1|0|1|1|1|0,0|0|4|0|0|1|0|2|0,115.0,-135.0,105.0,-125.0,-1.5,7.5,espn,401696387,MIL,LAD,regular,Freddy Peralta,Emmet Sheehan,,,,,,,,
2025,2025-07-19,Houston Astros,Seattle Mariners,6.0,7.0,False,0|0|1|0|1|3|0|0|0|1|0,0|1|3|0|0|0|0|1|0|1|1,-105.0,-115.0,120.0,-145.0,-1.5,8.5,espn,401696386,HOU,SEA,regular,Lance McCullers Jr.,Logan Evans,,,,,,,,
2025,2025-07-20,San Francisco Giants,Toronto Blue Jays,6.0,8.0,False,1|0|0|0|1|4|0|0|0,1|0|2|0|4|1|0|0,-120.0,100.0,100.0,-120.0,1.5,8.5,espn,401696397,SF,TOR,regular,Robbie Ray,Jose Berrios,,,,,,,,
2025,2025-07-20,Baltimore Orioles,Tampa Bay Rays,5.0,3.0,False,1|0|3|0|0|1|0|0|0,0|0|1|1|0|0|0|0|1,100.0,-120.0,105.0,-125.0,1.5,8.5,espn,401696390,BAL,TB,regular,Trevor Rogers,Ryan Pepiot,,,,,,,,
2025,2025-07-20,Los Angeles Angels,Philadelphia Phillies,8.0,2.0,False,0|5|0|1|0|1|1|0|0,0|1|0|0|0|1|0|0|0,100.0,-120.0,140.0,-165.0,-1.5,8.5,espn,401696389,LAA,PHI,regular,Jose Soriano,Ranger Suarez,,,,,,,,
2025,2025-07-20,Chicago White Sox,Pittsburgh Pirates,7.0,2.0,False,4|0|0|1|2|0|0|0|0,0|1|0|0|0|0|0|0|1,105.0,-125.0,125.0,-150.0,-1.5,9.5,espn,401696391,CHW,PIT,regular,Aaron Civale,Andrew Heaney,,,,,,,,
2025,2025-07-20,New York Yankees,Atlanta Braves,4.0,2.0,False,2|0|0|0|0|1|1|0|0,0|0|0|0|0|1|0|0|1,130.0,-155.0,110.0,-130.0,-1.5,10.5,espn,401696394,NYY,ATL,regular,Marcus Stroman,Grant Holmes,,,,,,,,
2025,2025-07-20,San Diego Padres,Washington Nationals,8.0,1.0,False,5|1|2|0|0|0|0|0|0,0|0|0|0|1|0|0|0|0,-125.0,105.0,-125.0,105.0,1.5,8.5,espn,401696396,SD,WSH,regular,Nick Pivetta,MacKenzie Gore,,,,,,,,
2025,2025-07-20,Cincinnati Reds,New York Mets,2.0,3.0,False,1|0|0|0|0|0|0|1|0,0|0|1|0|1|0|0|1,105.0,-125.0,115.0,-135.0,-1.5,7.5,espn,401696392,CIN,NYM,regular,Andrew Abbott,David Peterson,,,,,,,,
2025,2025-07-20,Kansas City Royals,Miami Marlins,7.0,4.0,False,0|0|0|3|3|0|0|1|0,0|0|0|0|0|0|0|0|4,-185.0,155.0,-120.0,100.0,1.5,7.5,espn,401696393,KC,MIA,regular,Kris Bubic,Janson Junk,,,,,,,,
2025,2025-07-20,Athletics,Cleveland Guardians,2.0,8.0,False,0|0|0|0|1|0|0|1|0,1|1|0|3|0|0|1|2,-125.0,105.0,-110.0,-110.0,1.5,7.5,espn,401696395,ATH,CLE,regular,Jeffrey Springs,Gavin Williams,,,,,,,,
2025,2025-07-20,Boston Red Sox,Chicago Cubs,6.0,1.0,False,0|0|0|0|0|0|2|4|0,0|1|0|0|0|0|0|0|0,-145.0,120.0,-135.0,115.0,1.5,6.5,espn,401696398,BOS,CHC,regular,Garrett Crochet,Cade Horton,,,,,,,,
2025,2025-07-20,Minnesota Twins,Colorado Rockies,7.0,1.0,False,0|0|3|1|0|1|0|1|1,0|0|1|0|0|0|0|0|0,-185.0,155.0,-250.0,200.0,2.5,10.5,espn,401696400,MIN,COL,regular,Joe Ryan,German Marquez,,,,,,,,
2025,2025-07-20,Houston Astros,Seattle Mariners,11.0,3.0,False,0|0|0|0|3|2|4|2|0,0|0|2|1|0|0|0|0|0,110.0,-130.0,115.0,-135.0,-1.5,6.5,espn,401696401,HOU,SEA,regular,Hunter Brown,Bryan Woo,,,,,,,,
2025,2025-07-20,Milwaukee Brewers,Los Angeles Dodgers,6.0,5.0,False,0|0|0|3|0|3|0|0|0,0|0|3|0|1|0|0|0|1,115.0,-135.0,150.0,-180.0,-1.5,8.5,espn,401696402,MIL,LAD,regular,Jose Quintana,Clayton Kershaw,,,,,,,,
2025,2025-07-20,St. Louis Cardinals,Arizona Diamondbacks,3.0,5.0,False,0|0|1|0|1|0|0|0|1,4|0|1|0|0|0|0|0,120.0,-145.0,125.0,-150.0,-1.5,8.5,espn,401696403,STL,ARI,regular,Miles Mikolas,Merrill Kelly,,,,,,,,
2025,2025-07-20,Detroit Tigers,Texas Rangers,2.0,1.0,False,0|1|0|0|0|0|0|1|0,0|0|0|0|0|0|1|0|0,-165.0,140.0,-180.0,150.0,1.5,6.5,espn,401696399,DET,TEX,regular,Tarik Skubal,Jacob Latz,,,,,,,,
2025,2025-07-21,Baltimore Orioles,Cleveland Guardians,5.0,10.0,False,3|0|2|0|0|0|0|0|0,3|0|0|1|1|1|4|0,150.0,-180.0,115.0,-135.0,-1.5,8.5,espn,401696405,BAL,CLE,regular,Tomoyuki Sugano,Tanner Bibee,,,,,,,,
2025,2025-07-21,Detroit Tigers,Pittsburgh Pirates,0.0,3.0,False,0|0|0|0|0|0|0|0|0,0|3|0|0|0|0|0|0,115.0,-135.0,115.0,-135.0,-1.5,7.5,espn,401696409,DET,PIT,regular,Jack Flaherty,Paul Skenes,,,,,,,,
2025,2025-07-21,San Diego Padres,Miami Marlins,2.0,1.0,False,0|2|0|0|0|0|0|0|0,0|0|0|1|0|0|0|0|0,115.0,-135.0,120.0,-145.0,-1.5,8.5,espn,401696411,SD,MIA,regular,Randy Vasquez,Eury Perez,,,,,,,,
2025,2025-07-21,Boston Red Sox,Philadelphia Phillies,2.0,3.0,False,1|0|0|0|0|1|0|0|0|0,0|0|0|2|0|0|0|0|0|1,150.0,-180.0,200.0,-240.0,-1.5,7.5,espn,401696406,BOS,PHI,regular,Walker Buehler,Zack Wheeler,,,,,,,,
2025,2025-07-21,Cincinnati Reds,Washington Nationals,8.0,10.0,False,0|0|0|5|1|0|0|0|2,4|0|3|1|0|2|0|0,-115.0,-105.0,-125.0,105.0,1.5,9.5,espn,401696408,CIN,WSH,regular,Brady Singer,Jake Irvin,,,,,,,,
2025,2025-07-21,New York Yankees,Toronto Blue Jays,1.0,4.0,False,0|0|0|1|0|0|0|0|0,0|0|0|0|4|0|0|0,-130.0,110.0,-120.0,100.0,1.5,8.5,espn,401696410,NYY,TOR,regular,Carlos Rodon,Kevin Gausman,,,,,,,,
2025,2025-07-21,Los Angeles Angels,New York Mets,5.0,7.0,False,0|1|3|0|0|0|1|0|0,0|0|0|2|0|0|3|2,120.0,-145.0,150.0,-180.0,-1.5,8.5,espn,401696404,LAA,NYM,regular,Tyler Anderson,Kodai Senga,,,,,,,,
2025,2025-07-21,San Francisco Giants,Atlanta Braves,5.0,9.0,False,1|1|0|0|1|0|1|0|1,5|0|0|3|0|1|0|0,100.0,-120.0,120.0,-145.0,-1.5,9.5,espn,401696412,SF,ATL,regular,Hayden Birdsong,Bryce Elder,,,,,,,,
2025,2025-07-21,Chicago White Sox,Tampa Bay Rays,8.0,3.0,False,0|3|3|0|2|0|0|0|0,0|0|0|2|0|0|1|0|0,145.0,-175.0,180.0,-215.0,-1.5,8.5,espn,401696407,CHW,TB,regular,Sean Burke,Shane Baz,,,,,,,,
2025,2025-07-21,Kansas City Royals,Chicago Cubs,12.0,4.0,False,0|1|0|2|4|0|1|4|0,0|4|0|0|0|0|0|0|0,-110.0,-110.0,130.0,-155.0,-1.5,7.5,espn,401696413,KC,CHC,regular,Noah Cameron,Ryan Brasier,,,,,,,,
2025,2025-07-21,Athletics,Texas Rangers,2.0,7.0,False,0|0|0|1|0|1|0|0|0,0|0|1|0|4|0|2|0,-155.0,125.0,100.0,-120.0,1.5,8.5,espn,401696414,ATH,TEX,regular,Jacob Lopez,Jack Leiter,,,,,,,,
2025,2025-07-21,St. Louis Cardinals,Colorado Rockies,6.0,2.0,False,0|0|0|2|1|2|1|0|0,0|0|2|0|0|0|0|0|0,-130.0,110.0,-175.0,145.0,1.5,11.5,espn,401696415,STL,COL,regular,Michael McGreevy,Austin Gomber,,,,,,,,
2025,2025-07-21,Houston Astros,Arizona Diamondbacks,6.0,3.0,False,0|3|1|0|0|0|2|0|0,1|0|1|0|1|0|0|0|0,-105.0,-115.0,125.0,-150.0,-1.5,8.5,espn,401696416,HOU,ARI,regular,Colton Gordon,Zac Gallen,,,,,,,,
2025,2025-07-21,Milwaukee Brewers,Seattle Mariners,6.0,0.0,False,0|0|0|0|0|4|0|2|0,0|0|0|0|0|0|0|0|0,105.0,-125.0,110.0,-130.0,1.5,6.5,espn,401696417,MIL,SEA,regular,Brandon Woodruff,George Kirby,,,,,,,,
2025,2025-07-21,Minnesota Twins,Los Angeles Dodgers,2.0,5.0,False,1|0|0|0|0|0|0|0|1,2|0|0|1|0|1|1|0,115.0,-135.0,145.0,-175.0,-1.5,8.5,espn,401696418,MIN,LAD,regular,David Festa,Shohei Ohtani,,,,,,,,
2025,2025-07-22,Baltimore Orioles,Cleveland Guardians,3.0,6.0,False,0|0|0|0|1|1|1|0|0,1|0|1|0|1|2|1|0,125.0,-150.0,135.0,-160.0,-1.5,7.5,espn,401696420,BAL,CLE,regular,Brandon Young,Joey Cantillo,,,,,,,,
2025,2025-07-22,Detroit Tigers,Pittsburgh Pirates,5.0,8.0,False,0|0|0|0|3|0|0|2|0,0|2|1|2|0|3|0|0,-115.0,-105.0,-130.0,110.0,1.5,8.5,espn,401696424,DET,PIT,regular,Casey Mize,Mitch Keller,,,,,,,,
2025,2025-07-22,San Diego Padres,Miami Marlins,3.0,4.0,False,0|0|1|0|0|0|0|0|2,2|0|0|0|0|1|0|1,115.0,-135.0,110.0,-130.0,-1.5,7.5,espn,401696426,SD,MIA,regular,Stephen Kolek,Edward Cabrera,,,,,,,,
2025,2025-07-22,Boston Red Sox,Philadelphia Phillies,1.0,4.0,False,0|0|0|1|0|0|0|0|0,2|2|0|0|0|0|0|0,145.0,-175.0,160.0,-190.0,-1.5,8.5,espn,401696421,BOS,PHI,regular,Richard Fitts,Cristopher Sanchez,,,,,,,,
2025,2025-07-22,Cincinnati Reds,Washington Nationals,1.0,6.0,False,0|0|0|1|0|0|0|0|0,0|0|0|1|2|3|0|0,-125.0,105.0,-135.0,115.0,1.5,8.5,espn,401696423,CIN,WSH,regular,Chase Burns,Brad Lord,,,,,,,,
2025,2025-07-22,Chicago White Sox,Tampa Bay Rays,3.0,4.0,False,0|0|0|2|0|0|1|0|0,0|4|0|0|0|0|0|0,150.0,-180.0,200.0,-240.0,-1.5,8.5,espn,401696422,CHW,TB,regular,Davis Martin,Drew Rasmussen,,,,,,,,
2025,2025-07-22,New York Yankees,Toronto Blue Jays,5.0,4.0,False,3|0|0|0|1|0|0|0|1,1|0|0|0|1|2|0|0|0,-135.0,115.0,100.0,-120.0,1.5,9.5,espn,401696425,NYY,TOR,regular,Cam Schlittler,Max Scherzer,,,,,,,,
2025,2025-07-22,Los Angeles Angels,New York Mets,2.0,3.0,False,0|1|0|0|1|0|0|0|0,0|0|0|0|3|0|0|0,130.0,-155.0,140.0,-165.0,-1.5,9.5,espn,401696419,LAA,NYM,regular,Kyle Hendricks,Frankie Montas,,,,,,,,
2025,2025-07-22,San Francisco Giants,Atlanta Braves,9.0,0.0,False,0|4|0|0|1|0|4|0|0,0|0|0|0|0|0|0|0|0,-110.0,-110.0,100.0,-120.0,1.5,9.5,espn,401696427,SF,ATL,regular,Landen Roupp,Davis Daniel,,,,,,,,
2025,2025-07-22,Kansas City Royals,Chicago Cubs,0.0,6.0,False,0|0|0|0|0|0|0|0|0,0|2|0|0|1|0|3|0,130.0,-155.0,195.0,-235.0,-1.5,8.5,espn,401696428,KC,CHC,regular,Rich Hill,Matthew Boyd,,,,,,,,
2025,2025-07-22,Athletics,Texas Rangers,2.0,6.0,False,1|0|0|0|0|0|0|1|0,0|0|0|1|0|1|4|0,-135.0,115.0,185.0,-225.0,-1.5,7.5,espn,401696429,ATH,TEX,regular,J.T. Ginn,Jacob deGrom,,,,,,,,
2025,2025-07-22,St. Louis Cardinals,Colorado Rockies,4.0,8.0,False,0|0|0|2|0|0|1|1|0,1|2|3|0|1|0|0|1,-125.0,105.0,-165.0,140.0,1.5,11.5,espn,401696430,STL,COL,regular,Erick Fedde,Bradley Blalock,,,,,,,,
2025,2025-07-22,Houston Astros,Arizona Diamondbacks,3.0,1.0,False,0|0|0|0|0|0|0|2|1,0|0|0|0|1|0|0|0|0,-125.0,105.0,-115.0,100.0,1.5,8.5,espn,401696431,HOU,ARI,regular,Framber Valdez,Eduardo Rodriguez,,,,,,,,
2025,2025-07-22,Milwaukee Brewers,Seattle Mariners,0.0,1.0,False,0|0|0|0|0|0|0|0|0,0|0|0|0|0|1|0|0,140.0,-165.0,110.0,-130.0,-1.5,6.5,espn,401696432,MIL,SEA,regular,Jacob Misiorowski,Logan Gilbert,,,,,,,,
2025,2025-07-22,Minnesota Twins,Los Angeles Dodgers,10.0,7.0,False,0|3|0|0|0|3|3|0|1,0|0|0|3|0|2|0|0|2,135.0,-160.0,170.0,-205.0,-1.5,7.5,espn,401696433,MIN,LAD,regular,Simeon Woods Richardson,Yoshinobu Yamamoto,,,,,,,,
2025,2025-07-23,Cincinnati Reds,Washington Nationals,5.0,0.0,False,0|0|0|1|0|0|0|2|2,0|0|0|0|0|0|0|0|0,-105.0,-115.0,-125.0,105.0,1.5,8.5,espn,401696438,CIN,WSH,regular,Nick Lodolo,Michael Soroka,,,,,,,,
2025,2025-07-23,San Diego Padres,Miami Marlins,2.0,3.0,False,0|0|0|1|0|0|0|1|0,1|0|0|0|2|0|0|0,-155.0,130.0,-150.0,125.0,1.5,7.5,espn,401696441,SD,MIA,regular,Dylan Cease,Sandy Alcantara,,,,,,,,
2025,2025-07-23,San Francisco Giants,Atlanta Braves,9.0,3.0,False,0|0|0|0|3|3|3|0|0,0|0|0|0|0|0|3|0|0,155.0,-185.0,135.0,-160.0,-1.5,7.5,espn,401696442,SF,ATL,regular,Justin Verlander,Spencer Strider,,,,,,,,
2025,2025-07-23,Detroit Tigers,Pittsburgh Pirates,1.0,6.0,False,0|0|0|0|0|0|1|0|0,1|4|1|0|0|0|0|0,-155.0,130.0,-135.0,115.0,1.5,8.5,espn,401696439,DET,PIT,regular,Troy Melton,Bailey Falter,,,,,,,,
2025,2025-07-23,Los Angeles Angels,New York Mets,3.0,6.0,False,0|0|1|0|0|0|2|0|0,1|0|4|1|0|0|0|0,130.0,-155.0,145.0,-175.0,-1.5,9.5,espn,401696434,LAA,NYM,regular,Brock Burke,Sean Manaea,,,,,,,,
2025,2025-07-23,Kansas City Royals,Chicago Cubs,8.0,4.0,False,2|0|2|0|2|2|0|0|0,0|1|1|0|0|0|1|1|0,-120.0,100.0,135.0,-160.0,-1.5,9.5,espn,401696443,KC,CHC,regular,Seth Lugo,Colin Rea,,,,,,,,
2025,2025-07-23,St. Louis Cardinals,Colorado Rockies,0.0,6.0,False,0|0|0|0|0|0|0|0|0,0|4|0|0|1|0|0|1,-135.0,115.0,-175.0,145.0,1.5,11.5,espn,401696445,STL,COL,regular,Andre Pallante,Tanner Gordon,,,,,,,,
2025,2025-07-23,Houston Astros,Arizona Diamondbacks,4.0,3.0,False,0|0|0|0|0|2|0|1|1,1|0|0|0|0|0|0|2|0,-115.0,-105.0,120.0,-145.0,1.5,8.5,espn,401696446,HOU,ARI,regular,Brandon Walter,Brandon Pfaadt,,,,,,,,
2025,2025-07-23,Milwaukee Brewers,Seattle Mariners,10.0,2.0,False,0|2|0|3|1|1|3|0|0,0|2|0|0|0|0|0|0|0,-105.0,-115.0,-105.0,-115.0,1.5,7.5,espn,401696447,MIL,SEA,regular,Quinn Priester,Luis Castillo,,,,,,,,
2025,2025-07-23,Minnesota Twins,Los Angeles Dodgers,3.0,4.0,False,0|0|1|0|0|0|0|2|0,1|0|0|0|0|0|1|0|2,155.0,-185.0,180.0,-215.0,-1.5,8.5,espn,401696448,MIN,LAD,regular,Chris Paddack,Tyler Glasnow,,,,,,,,
2025,2025-07-23,Baltimore Orioles,Cleveland Guardians,2.0,3.0,False,0|0|0|1|0|1|0|0|0,0|0|0|2|0|0|0|1,-105.0,-115.0,115.0,-135.0,-1.5,8.5,espn,401696435,BAL,CLE,regular,Zach Eflin,Slade Cecconi,,,,,,,,
2025,2025-07-23,Boston Red Sox,Philadelphia Phillies,9.0,8.0,False,0|0|0|0|6|0|0|0|0|1|2,3|0|1|1|0|0|0|1|0|1|1,140.0,-165.0,130.0,-155.0,-1.5,8.5,espn,401696436,BOS,PHI,regular,Lucas Giolito,Jesus Luzardo,,,,,,,,
2025,2025-07-23,New York Yankees,Toronto Blue Jays,4.0,8.0,False,0|1|0|0|1|2|0|0|0,0|0|0|2|2|2|2|0,-125.0,105.0,-135.0,115.0,1.5,8.5,espn,401696440,NYY,TOR,regular,Max Fried,Chris Bassitt,,,,,,,,
2025,2025-07-23,Chicago White Sox,Tampa Bay Rays,11.0,9.0,False,0|4|0|0|0|1|0|6|0,4|0|0|0|2|1|0|2|0,145.0,-175.0,175.0,-210.0,-1.5,8.5,espn,401696437,CHW,TB,regular,Jonathan Cannon,Taj Bradley,,,,,,,,
2025,2025-07-23,Athletics,Texas Rangers,1.0,2.0,False,0|0|0|0|0|1|0|0|0,0|0|1|0|0|0|1|0,-145.0,120.0,120.0,-150.0,-1.5,8.5,espn,401696444,ATH,TEX,regular,JP Sears,Patrick Corbin,,,,,,,,
2025,2025-07-24,Baltimore Orioles,Cleveland Guardians,4.0,3.0,False,3|0|0|0|0|0|1|0|0,0|0|2|0|1|0|0|0|0,100.0,-120.0,100.0,-120.0,1.5,8.5,espn,401696449,BAL,CLE,regular,Charlie Morton,Logan Allen,,,,,,,,
2025,2025-07-24,Toronto Blue Jays,Detroit Tigers,11.0,4.0,False,0|0|0|0|0|5|4|2|0,1|0|0|0|0|0|0|0|3,105.0,-125.0,120.0,-145.0,-1.5,8.5,espn,401696450,TOR,DET,regular,Eric Lauer,Reese Olson,,,,,,,,
2025,2025-07-24,San Diego Padres,St. Louis Cardinals,7.0,9.0,False,2|0|3|0|2|0|0|0|0,1|6|0|1|0|1|0|0,110.0,-130.0,130.0,-155.0,-1.5,7.5,espn,401696452,SD,STL,regular,Yu Darvish,Sonny Gray,,,,,,,,
2025,2025-07-24,Athletics,Houston Astros,5.0,2.0,False,0|1|0|2|1|1|0|0|0,0|0|0|0|0|0|2|0|0,-115.0,-105.0,125.0,-150.0,-1.5,8.5,espn,401696451,ATH,HOU,regular,Luis Severino,Jason Alexander,,,,,,,,
2025,2025-07-24,Seattle Mariners,Los Angeles Angels,4.0,2.0,False,0|0|0|0|3|0|0|1|0,1|0|0|0|0|0|1|0|0,115.0,-135.0,120.0,-145.0,-1.5,9.5,espn,401696453,SEA,LAA,regular,Logan Evans,Yusei Kikuchi,,,,,,,,
2025,2025-07-25,Miami Marlins,Milwaukee Brewers,5.0,1.0,False,0|0|1|0|0|0|4|0|0,0|0|0|1|0|0|0|0|0,105.0,-125.0,180.0,-215.0,-1.5,7.5,espn,401696463,MIA,MIL,regular,Cal Quantrill,Freddy Peralta,,,,,,,,
2025,2025-07-25,Arizona Diamondbacks,Pittsburgh Pirates,1.0,0.0,False,0|0|0|0|0|0|0|0|0|0|1,0|0|0|0|0|0|0|0|0|0|0,-115.0,-110.0,-115.0,-105.0,1.5,8.5,espn,401696454,ARI,PIT,regular,Ryne Nelson,Mike Burrows,,,,,,,,
2025,2025-07-25,Colorado Rockies,Baltimore Orioles,6.0,5.0,False,0|0|1|2|2|0|0|1|0,2|2|0|0|0|0|1|0|0,155.0,-185.0,160.0,-190.0,-1.5,9.5,espn,401696455,COL,BAL,regular,Kyle Freeland,Dean Kremer,,,,,,,,
2025,2025-07-25,Philadelphia Phillies,New York Yankees,12.0,5.0,False,0|0|0|0|2|0|4|2|4,1|1|0|0|0|1|2|0|0,110.0,-130.0,130.0,-155.0,-1.5,10.5,espn,401696457,PHI,NYY,regular,Taijuan Walker,Will Warren,,,,,,,,
2025,2025-07-25,Los Angeles Dodgers,Boston Red Sox,5.0,2.0,False,0|1|2|0|0|0|0|2|0,0|0|2|0|0|0|0|0|0,-130.0,110.0,-105.0,-115.0,1.5,9.5,espn,401696456,LAD,BOS,regular,Emmet Sheehan,Brayan Bello,,,,,,,,
2025,2025-07-25,Tampa Bay Rays,Cincinnati Reds,2.0,7.0,False,0|0|1|1|0|0|0|0|0,0|1|0|2|0|2|2|0,-135.0,110.0,-105.0,-115.0,1.5,9.5,espn,401696458,TB,CIN,regular,Zack Littell,Nick Martinez,,,,,,,,
2025,2025-07-25,Toronto Blue Jays,Detroit Tigers,6.0,2.0,False,0|0|0|2|4|0|0|0|0,0|1|0|0|0|1|0|0|0,160.0,-190.0,-105.0,-115.0,1.5,8.5,espn,401696459,TOR,DET,regular,Jose Berrios,Keider Montero,,,,,,,,
2025,2025-07-25,San Diego Padres,St. Louis Cardinals,0.0,3.0,False,0|0|0|0|0|0|0|0|0,0|1|0|2|0|0|0|0,-150.0,125.0,-130.0,105.0,1.5,8.5,espn,401696465,SD,STL,regular,Nick Pivetta,Miles Mikolas,,,,,,,,
2025,2025-07-25,Chicago Cubs,Chicago White Sox,5.0,12.0,False,0|0|0|0|0|0|3|0|2,3|2|0|4|2|0|0|1,-150.0,125.0,-185.0,155.0,1.5,8.5,espn,401696461,CHC,CHW,regular,Shota Imanaga,Adrian Houser,,,,,,,,
2025,2025-07-25,Atlanta Braves,Texas Rangers,3.0,8.0,False,0|0|0|0|0|0|1|0|2,1|1|0|1|1|0|0|4,-130.0,110.0,125.0,-150.0,-1.5,7.5,espn,401696460,ATL,TEX,regular,Joey Wentz,Nathan Eovaldi,,,,,,,,
2025,2025-07-25,Athletics,Houston Astros,15.0,3.0,False,3|2|1|3|0|1|0|1|4,0|0|0|0|2|0|0|0|1,-120.0,100.0,110.0,-130.0,-1.5,8.5,espn,401696464,ATH,HOU,regular,Jeffrey Springs,Ryan Gusto,,,,,,,,
2025,2025-07-25,Washington Nationals,Minnesota Twins,0.0,1.0,False,0|0|0|0|0|0|0|0|0,0|0|0|0|1|0|0|0,155.0,-185.0,145.0,-175.0,-1.5,8.5,espn,401696466,WSH,MIN,regular,MacKenzie Gore,Zebby Matthews,,,,,,,,
2025,2025-07-25,Seattle Mariners,Los Angeles Angels,2.0,3.0,False,1|0|0|0|0|1|0|0|0|0,2|0|0|0|0|0|0|0|0|1,-135.0,115.0,-130.0,110.0,1.5,8.5,espn,401696468,SEA,LAA,regular,Bryan Woo,Jose Soriano,,,,,,,,
2025,2025-07-25,New York Mets,San Francisco Giants,8.0,1.0,False,2|0|1|3|0|0|0|0|2,1|0|0|0|0|0|0|0|0,-130.0,110.0,120.0,-145.0,-1.5,7.5,espn,401696467,NYM,SF,regular,Clay Holmes,Logan Webb,,,,,,,,
2025,2025-07-26,Philadelphia Phillies,New York Yankees,9.0,4.0,False,1|0|1|2|0|1|4|0|0,0|0|0|1|0|0|2|1|0,-145.0,120.0,-130.0,110.0,1.5,8.5,espn,401696472,PHI,NYY,regular,Ranger Suarez,Marcus Stroman,,,,,,,,
2025,2025-07-26,Cleveland Guardians,Kansas City Royals,3.0,5.0,False,0|0|0|0|1|0|1|0|0|1,0|0|0|2|0|0|0|0|0|3,100.0,-120.0,-105.0,-115.0,1.5,8.5,espn,401805229,CLE,KC,regular,Gavin Williams,Michael Wacha,,,,,,,,
2025,2025-07-26,Toronto Blue Jays,Detroit Tigers,6.0,1.0,False,0|0|0|0|0|0|0|2|4,0|0|0|0|0|0|0|0|1,150.0,-180.0,145.0,-175.0,-1.5,6.5,espn,401696474,TOR,DET,regular,Kevin Gausman,Tarik Skubal,,,,,,,,
2025,2025-07-26,Arizona Diamondbacks,Pittsburgh Pirates,0.0,2.0,False,0|0|0|0|0|0|0|0|0,0|2|0|0|0|0|0|0,-160.0,135.0,-155.0,130.0,1.5,8.5,espn,401696469,ARI,PIT,regular,Merrill Kelly,Andrew Heaney,,,,,,,,
2025,2025-07-26,Tampa Bay Rays,Cincinnati Reds,2.0,6.0,False,0|0|0|0|0|1|1|0|0,0|0|0|0|0|2|2|2,-155.0,130.0,105.0,-125.0,1.5,9.5,espn,401696473,TB,CIN,regular,Ryan Pepiot,Andrew Abbott,,,,,,,,
2025,2025-07-26,Colorado Rockies,Baltimore Orioles,0.0,18.0,False,0|0|0|0|0|0|0|0|0,1|2|0|3|0|2|9|1,155.0,-185.0,210.0,-255.0,-1.5,9.5,espn,401696470,COL,BAL,regular,Antonio Senzatela,Trevor Rogers,,,,,,,,
2025,2025-07-26,Atlanta Braves,Texas Rangers,5.0,6.0,False,1|1|0|1|0|1|0|0|1|0,0|2|2|0|0|0|0|0|1|1,-125.0,105.0,-110.0,-110.0,1.5,8.5,espn,401696475,ATL,TEX,regular,Grant Holmes,Kumar Rocker,,,,,,,,
2025,2025-07-26,Chicago Cubs,Chicago White Sox,6.0,1.0,False,0|0|0|0|0|0|3|3|0,0|0|0|0|0|0|0|0|1,-160.0,135.0,-185.0,155.0,1.5,8.5,espn,401696476,CHC,CHW,regular,Cade Horton,Aaron Civale,,,,,,,,
2025,2025-07-26,Miami Marlins,Milwaukee Brewers,7.0,4.0,False,0|0|1|1|3|2|0|0|0,0|1|0|2|0|0|0|0|1,110.0,-130.0,135.0,-160.0,-1.5,8.5,espn,401696478,MIA,MIL,regular,Janson Junk,Jose Quintana,,,,,,,,
2025,2025-07-26,Athletics,Houston Astros,5.0,1.0,False,1|0|0|0|0|1|0|0|3,0|0|0|0|0|1|0|0|0,100.0,-120.0,155.0,-185.0,-1.5,7.5,espn,401696479,ATH,HOU,regular,Jacob Lopez,Hunter Brown,,,,,,,,
2025,2025-07-26,Washington Nationals,Minnesota Twins,9.0,3.0,False,0|0|1|1|3|0|1|3|0,0|0|0|0|0|2|0|1|0,155.0,-185.0,210.0,-255.0,-1.5,8.5,espn,401696481,WSH,MIN,regular,Mitchell Parker,Joe Ryan,,,,,,,,
2025,2025-07-26,Los Angeles Dodgers,Boston Red Sox,2.0,4.0,False,2|0|0|0|0|0|0|0|0,0|3|0|0|1|0|0|0,125.0,-150.0,135.0,-160.0,-1.5,8.5,espn,401696471,LAD,BOS,regular,Clayton Kershaw,Garrett Crochet,,,,,,,,
2025,2025-07-26,Cleveland Guardians,Kansas City Royals,6.0,4.0,False,3|0|1|2|0|0|0|0|0,0|2|0|0|2|0|0|0|0,120.0,-145.0,115.0,-135.0,-1.5,7.5,espn,401696477,CLE,KC,regular,Tanner Bibee,Kris Bubic,,,,,,,,
2025,2025-07-26,San Diego Padres,St. Louis Cardinals,3.0,1.0,False,0|1|0|1|0|0|0|0|1,0|1|0|0|0|0|0|0|0,125.0,-150.0,120.0,-145.0,-1.5,9.5,espn,401696480,SD,STL,regular,Randy Vasquez,Matthew Liberatore,,,,,,,,
2025,2025-07-26,New York Mets,San Francisco Giants,2.0,1.0,False,0|0|0|0|0|2|0|0|0,0|0|0|1|0|0|0|0|0,-115.0,-105.0,-110.0,-110.0,1.5,7.5,espn,401696482,NYM,SF,regular,David Peterson,Robbie Ray,,,,,,,,
2025,2025-07-26,Seattle Mariners,Los Angeles Angels,7.0,2.0,False,0|0|1|1|0|4|0|1|0,0|1|0|0|1|0|0|0|0,-130.0,110.0,-135.0,115.0,1.5,8.5,espn,401696483,SEA,LAA,regular,George Kirby,Tyler Anderson,,,,,,,,
2025,2025-07-27,Arizona Diamondbacks,Pittsburgh Pirates,0.0,6.0,False,0|0|0|0|0|0|0|0|0,0|1|2|0|0|1|0|2,135.0,-160.0,120.0,-145.0,-1.5,7.5,espn,401696484,ARI,PIT,regular,Zac Gallen,Paul Skenes,,,,,,,,
2025,2025-07-27,Colorado Rockies,Baltimore Orioles,1.0,5.0,False,0|1|0|0|0|0|0|0|0,0|2|2|0|0|0|0|1,100.0,-120.0,170.0,-205.0,-1.5,9.5,espn,401696485,COL,BAL,regular,Austin Gomber,Tomoyuki Sugano,,,,,,,,
2025,2025-07-27,Los Angeles Dodgers,Boston Red Sox,3.0,4.0,False,0|0|1|2|0|0|0|0|0,1|0|0|0|3|0|0|0,-150.0,125.0,-105.0,-115.0,1.5,10.5,espn,401696486,LAD,BOS,regular,Dustin May,Walker Buehler,,,,,,,,
2025,2025-07-27,Philadelphia Phillies,New York Yankees,3.0,4.0,False,0|2|0|0|1|0|0|0|0,0|4|0|0|0|0|0|0,-110.0,-110.0,-135.0,115.0,1.5,7.5,espn,401696487,PHI,NYY,regular,Zack Wheeler,Carlos Rodon,,,,,,,,
2025,2025-07-27,Tampa Bay Rays,Cincinnati Reds,1.0,2.0,False,0|0|0|0|0|0|0|1|0,2|0|0|0|0|0|0|0,-125.0,100.0,-115.0,-105.0,1.5,9.5,espn,401696488,TB,CIN,regular,Shane Baz,Brady Singer,,,,,,,,
2025,2025-07-27,Toronto Blue Jays,Detroit Tigers,4.0,10.0,False,0|0|0|0|0|0|0|0|4,0|0|3|0|0|0|0|7,120.0,-145.0,-105.0,-115.0,1.5,8.5,espn,401696489,TOR,DET,regular,Max Scherzer,Jack Flaherty,,,,,,,,
2025,2025-07-27,Chicago Cubs,Chicago White Sox,5.0,4.0,False,2|0|0|0|0|2|0|1|0,1|0|0|0|0|0|0|3|0,-130.0,110.0,-165.0,140.0,1.5,8.5,espn,401696491,CHC,CHW,regular,Ben Brown,Grant Taylor,,,,,,,,
2025,2025-07-27,Cleveland Guardians,Kansas City Royals,1.0,4.0,False,0|0|0|0|0|0|1|0|0,2|0|0|1|1|0|0|0,-105.0,-115.0,110.0,-130.0,-1.5,8.5,espn,401696492,CLE,KC,regular,Joey Cantillo,Noah Cameron,,,,,,,,
2025,2025-07-27,Miami Marlins,Milwaukee Brewers,2.0,3.0,False,1|0|0|1|0|0|0|0|0,0|0|1|0|0|0|0|1|1,-120.0,100.0,130.0,-155.0,-1.5,7.5,espn,401696493,MIA,MIL,regular,Eury Perez,Brandon Woodruff,,,,,,,,
2025,2025-07-27,Athletics,Houston Astros,7.0,1.0,False,2|0|0|2|0|0|0|0|3,0|0|0|0|0|0|0|0|1,-155.0,130.0,120.0,-145.0,-1.5,8.5,espn,401696494,ATH,HOU,regular,J.T. Ginn,Colton Gordon,,,,,,,,
2025,2025-07-27,Washington Nationals,Minnesota Twins,7.0,2.0,False,1|0|1|1|4|0|0|0|0,0|1|1|0|0|0|0|0|0,105.0,-125.0,140.0,-165.0,-1.5,9.5,espn,401696496,WSH,MIN,regular,Jake Irvin,Cole Sands,,,,,,,,
2025,2025-07-27,San Diego Padres,St. Louis Cardinals,9.0,2.0,False,2|0|1|4|0|0|1|1|0,0|0|0|0|0|2|0|0|0,-120.0,100.0,105.0,-125.0,-1.5,8.5,espn,401696495,SD,STL,regular,Stephen Kolek,Michael McGreevy,,,,,,,,
2025,2025-07-27,Atlanta Braves,Texas Rangers,1.0,8.0,False,0|1|0|0|0|0|0|0|0,3|2|3|0|0|0|0|0,-115.0,-105.0,105.0,-125.0,1.5,8.5,espn,401696490,ATL,TEX,regular,Bryce Elder,Jack Leiter,,,,,,,,
2025,2025-07-27,Seattle Mariners,Los Angeles Angels,1.0,4.0,False,0|0|0|0|0|0|1|0|0,0|0|0|0|4|0|0|0,-185.0,155.0,-175.0,145.0,1.5,8.5,espn,401696498,SEA,LAA,regular,Logan Gilbert,Kyle Hendricks,,,,,,,,
2025,2025-07-27,New York Mets,San Francisco Giants,5.0,3.0,False,0|0|1|0|1|0|2|0|1,0|0|0|1|2|0|0|0|0,-130.0,110.0,-125.0,105.0,1.5,8.5,espn,401696497,NYM,SF,regular,Kodai Senga,Matt Gage,,,,,,,,
2025,2025-07-28,Toronto Blue Jays,Baltimore Orioles,4.0,11.0,False,0|0|3|1|0|0|0|0|0,0|3|3|0|4|0|1|0,-125.0,105.0,-110.0,-110.0,1.5,9.5,espn,401696503,TOR,BAL,regular,Chris Bassitt,Zach Eflin,,,,,,,,
2025,2025-07-28,Arizona Diamondbacks,Detroit Tigers,1.0,5.0,False,0|0|0|0|0|0|0|1|0,1|1|0|2|0|1|0|0,-115.0,-105.0,115.0,-135.0,-1.5,8.5,espn,401696499,ARI,DET,regular,Eduardo Rodriguez,Troy Melton,,,,,,,,
2025,2025-07-28,Colorado Rockies,Cleveland Guardians,8.0,6.0,False,0|0|1|0|1|1|0|1|4,0|0|0|0|0|0|5|0|1,140.0,-165.0,230.0,-285.0,-1.5,8.5,espn,401696500,COL,CLE,regular,Bradley Blalock,Slade Cecconi,,,,,,,,
2025,2025-07-28,Tampa Bay Rays,New York Yankees,4.0,2.0,False,2|0|0|0|1|0|0|1|0,2|0|0|0|0|0|0|0|0,-120.0,100.0,105.0,-125.0,-1.5,8.5,espn,401696502,TB,NYY,regular,Drew Rasmussen,Cam Schlittler,,,,,,,,
2025,2025-07-28,Los Angeles Dodgers,Cincinnati Reds,5.0,2.0,False,1|0|0|0|2|0|2|0|0,1|0|0|0|0|0|0|0|1,-145.0,120.0,-150.0,125.0,1.5,9.5,espn,401696501,LAD,CIN,regular,Yoshinobu Yamamoto,Chase Burns,,,,,,,,
2025,2025-07-28,Atlanta Braves,Kansas City Royals,10.0,7.0,False,0|0|2|2|0|0|1|4|1,2|0|0|0|0|0|1|1|3,-180.0,150.0,-175.0,145.0,1.5,9.5,espn,401696504,ATL,KC,regular,Spencer Strider,Rich Hill,,,,,,,,
2025,2025-07-28,Boston Red Sox,Minnesota Twins,4.0,5.0,False,0|0|0|0|3|0|0|0|1,0|0|2|0|0|1|0|0|2,110.0,-130.0,-110.0,-110.0,1.5,9.5,espn,401696505,BOS,MIN,regular,Richard Fitts,Simeon Woods Richardson,,,,,,,,
2025,2025-07-28,Chicago Cubs,Milwaukee Brewers,4.0,8.0,False,3|0|0|0|0|0|1|0|0,0|0|4|0|1|1|2|0,-120.0,100.0,-115.0,-105.0,1.5,7.5,espn,401696506,CHC,MIL,regular,Matthew Boyd,Jacob Misiorowski,,,,,,,,
2025,2025-07-28,Philadelphia Phillies,Chicago White Sox,2.0,6.0,False,0|0|2|0|0|0|0|0|0,0|0|2|2|0|0|0|2,-160.0,135.0,-240.0,200.0,2.5,8.5,espn,401696508,PHI,CHW,regular,Cristopher Sanchez,Davis Martin,,,,,,,,
2025,2025-07-28,Miami Marlins,St. Louis Cardinals,1.0,7.0,False,0|0|0|0|0|0|0|0|1,0|0|1|1|0|0|5|0,-145.0,120.0,100.0,-120.0,1.5,8.5,espn,401696507,MIA,STL,regular,Edward Cabrera,Andre Pallante,,,,,,,,
2025,2025-07-28,Washington Nationals,Houston Astros,2.0,1.0,False,0|0|0|0|0|1|1|0|0,0|0|0|0|1|0|0|0|0,145.0,-175.0,210.0,-255.0,-1.5,7.5,espn,401696509,WSH,HOU,regular,Brad Lord,Framber Valdez,,,,,,,,
2025,2025-07-28,Texas Rangers,Los Angeles Angels,4.0,6.0,False,0|0|0|0|2|1|0|1|0,0|0|2|0|1|3|0|0,-125.0,105.0,-225.0,185.0,1.5,8.5,espn,401696513,TEX,LAA,regular,Jacob deGrom,Jack Kochanowicz,,,,,,,,
2025,2025-07-28,New York Mets,San Diego Padres,6.0,7.0,False,0|1|0|0|4|0|0|0|1,0|0|1|0|5|0|0|0|1,110.0,-130.0,115.0,-135.0,-1.5,7.5,espn,401696510,NYM,SD,regular,Frankie Montas,Dylan Cease,,,,,,,,
2025,2025-07-28,Pittsburgh Pirates,San Francisco Giants,6.0,5.0,False,1|3|0|0|0|0|2|0|0,1|2|0|1|0|0|0|0|1,105.0,-125.0,110.0,-130.0,-1.5,7.5,espn,401696511,PIT,SF,regular,Mitch Keller,Carson Whisenhunt,,,,,,,,
2025,2025-07-28,Seattle Mariners,Athletics,3.0,1.0,False,0|1|0|1|1|0|0|0|0,0|0|0|0|0|1|0|0|0,105.0,-125.0,-125.0,100.0,1.5,10.5,espn,401764570,SEA,ATH,regular,Luis Castillo,JP Sears,,,,,,,,
2025,2025-07-29,Toronto Blue Jays,Baltimore Orioles,4.0,16.0,False,0|0|1|2|0|0|0|1|0,2|0|2|0|0|6|4|2,110.0,-130.0,100.0,-120.0,-1.5,9.5,espn,401766969,TOR,BAL,regular,Easton Lucas,Charlie Morton,,,,,,,,
2025,2025-07-29,Toronto Blue Jays,Baltimore Orioles,2.0,3.0,False,0|1|0|1|0|0|0|0|0,0|0|0|2|0|0|0|1,-125.0,105.0,-130.0,110.0,1.5,9.5,espn,401696518,TOR,BAL,regular,Eric Lauer,Brandon Young,,,,,,,,
2025,2025-07-29,Arizona Diamondbacks,Detroit Tigers,2.0,12.0,False,1|1|0|0|0|0|0|0|0,0|0|0|2|6|3|0|1,-110.0,-110.0,130.0,-155.0,-1.5,8.5,espn,401696514,ARI,DET,regular,Brandon Pfaadt,Casey Mize,,,,,,,,
2025,2025-07-29,Colorado Rockies,Cleveland Guardians,4.0,10.0,False,0|0|0|1|0|0|1|1|1,2|1|4|1|1|1|0|0,145.0,-175.0,160.0,-190.0,-1.5,8.5,espn,401696515,COL,CLE,regular,Tanner Gordon,Logan Allen,,,,,,,,
2025,2025-07-29,Tampa Bay Rays,New York Yankees,5.0,7.0,False,2|0|1|0|0|0|1|0|1,0|0|3|3|0|0|0|1,-105.0,-115.0,155.0,-185.0,-1.5,8.5,espn,401696517,TB,NYY,regular,Joe Boyle,Max Fried,,,,,,,,
2025,2025-07-29,Los Angeles Dodgers,Cincinnati Reds,5.0,4.0,False,0|2|0|0|0|0|2|0|1,0|0|0|3|1|0|0|0|0,-165.0,140.0,-155.0,130.0,1.5,8.5,espn,401696516,LAD,CIN,regular,Tyler Glasnow,Nick Lodolo,,,,,,,,
2025,2025-07-29,Atlanta Braves,Kansas City Royals,6.0,9.0,False,0|0|0|0|0|3|1|2|0,1|3|0|0|0|5|0|0,-150.0,125.0,105.0,-125.0,-1.5,9.5,espn,401696519,ATL,KC,regular,Erick Fedde,Seth Lugo,,,,,,,,
2025,2025-07-29,Boston Red Sox,Minnesota Twins,8.0,5.0,False,0|0|4|0|1|1|0|0|2,0|0|0|0|1|0|2|0|2,100.0,-120.0,-130.0,110.0,1.5,8.5,espn,401696520,BOS,MIN,regular,Lucas Giolito,Pierson Ohl,,,,,,,,
2025,2025-07-29,Chicago Cubs,Milwaukee Brewers,3.0,9.0,False,0|1|0|0|0|1|1|0|0,0|1|1|0|3|4|0|0,125.0,-150.0,110.0,-130.0,-1.5,8.5,espn,401696521,CHC,MIL,regular,Colin Rea,Quinn Priester,,,,,,,,
2025,2025-07-29,Philadelphia Phillies,Chicago White Sox,6.0,3.0,False,0|2|4|0|0|0|0|0|0,0|0|0|0|0|0|0|0|3,-175.0,145.0,-180.0,150.0,1.5,8.5,espn,401696523,PHI,CHW,regular,Jesus Luzardo,Jonathan Cannon,,,,,,,,
2025,2025-07-29,Miami Marlins,St. Louis Cardinals,5.0,0.0,False,0|2|0|0|1|2|0|0|0,0|0|0|0|0|0|0|0|0,105.0,-125.0,130.0,-155.0,-1.5,7.5,espn,401696522,MIA,STL,regular,Sandy Alcantara,Sonny Gray,,,,,,,,
2025,2025-07-29,Washington Nationals,Houston Astros,4.0,7.0,False,0|0|2|0|0|0|1|1|0,1|0|0|1|1|3|1|0,-120.0,100.0,105.0,-125.0,1.5,8.5,espn,401696524,WSH,HOU,regular,Michael Soroka,Jason Alexander,,,,,,,,
2025,2025-07-29,Texas Rangers,Los Angeles Angels,5.0,8.0,False,0|0|0|1|1|2|0|1|0,2|0|0|1|0|4|0|1,125.0,-155.0,110.0,-130.0,-1.5,8.5,espn,401696528,TEX,LAA,regular,Patrick Corbin,Yusei Kikuchi,,,,,,,,
2025,2025-07-29,New York Mets,San Diego Padres,1.0,7.0,False,0|0|0|0|1|0|0|0|0,1|0|0|0|0|1|5|0,-165.0,140.0,-130.0,110.0,1.5,8.5,espn,401696525,NYM,SD,regular,Sean Manaea,Ryan Bergert,,,,,,,,
2025,2025-07-29,Pittsburgh Pirates,San Francisco Giants,3.0,1.0,False,0|0|0|0|1|0|0|2|0,0|0|0|1|0|0|0|0|0,100.0,-120.0,145.0,-175.0,-1.5,8.5,espn,401696526,PIT,SF,regular,Bailey Falter,Justin Verlander,,,,,,,,
2025,2025-07-29,Seattle Mariners,Athletics,1.0,6.0,False,0|0|0|1|0|0|0|0|0,0|0|4|0|2|0|0|0,110.0,-130.0,-110.0,-110.0,1.5,10.5,espn,401764571,SEA,ATH,regular,Logan Evans,Luis Severino,,,,,,,,
2025,2025-07-30,Toronto Blue Jays,Baltimore Orioles,9.0,8.0,False,0|2|0|0|1|1|5|0|0,3|0|0|0|2|0|3|0|0,-105.0,-115.0,105.0,-125.0,-1.5,9.5,espn,401696533,TOR,BAL,regular,Jose Berrios,Dean Kremer,,,,,,,,
2025,2025-07-30,Arizona Diamondbacks,Detroit Tigers,2.0,7.0,False,0|0|0|1|0|0|0|0|1,0|0|1|0|3|3|0|0,100.0,-120.0,110.0,-130.0,-1.5,9.5,espn,401696529,ARI,DET,regular,Ryne Nelson,Chris Paddack,,,,,,,,
2025,2025-07-30,Boston Red Sox,Minnesota Twins,13.0,1.0,False,0|1|1|0|4|2|0|0|5,0|1|0|0|0|0|0|0|0,105.0,-125.0,-110.0,-125.0,1.5,7.5,espn,401696535,BOS,MIN,regular,Brayan Bello,Zebby Matthews,,,,,,,,
2025,2025-07-30,Atlanta Braves,Kansas City Royals,0.0,1.0,False,0|0|0|0|0|0|0|0|0|0,0|0|0|0|0|0|0|0|0|1,100.0,-120.0,105.0,-125.0,-1.5,9.5,espn,401696534,ATL,KC,regular,Joey Wentz,Angel Zerpa,,,,,,,,
2025,2025-07-30,Chicago Cubs,Milwaukee Brewers,10.0,3.0,False,1|0|4|0|0|3|0|0|2,1|0|0|1|1|0|0|0|0,115.0,-135.0,100.0,-120.0,1.5,7.5,espn,401696536,CHC,MIL,regular,Shota Imanaga,Freddy Peralta,,,,,,,,
2025,2025-07-30,Philadelphia Phillies,Chicago White Sox,3.0,9.0,False,0|0|0|2|0|0|0|0|1,0|1|0|1|0|0|7|0,-150.0,125.0,-145.0,120.0,1.5,8.5,espn,401696538,PHI,CHW,regular,Taijuan Walker,Tyler Alexander,,,,,,,,
2025,2025-07-30,Washington Nationals,Houston Astros,1.0,9.0,False,0|1|0|0|0|0|0|0|0,1|3|0|0|0|5|0|0,-120.0,100.0,-105.0,-115.0,1.5,8.5,espn,401696539,WSH,HOU,regular,MacKenzie Gore,Ryan Gusto,,,,,,,,
2025,2025-07-30,Pittsburgh Pirates,San Francisco Giants,2.0,1.0,False,0|0|0|0|1|0|0|0|0|1,0|0|0|1|0|0|0|0|0|0,-110.0,-110.0,170.0,-205.0,-1.5,7.5,espn,401696541,PIT,SF,regular,Mike Burrows,Logan Webb,,,,,,,,
2025,2025-07-30,New York Mets,San Diego Padres,0.0,5.0,False,0|0|0|0|0|0|0|0|0,0|2|2|0|0|0|0|1,-105.0,-115.0,100.0,-120.0,1.5,8.5,espn,401696540,NYM,SD,regular,Clay Holmes,Yu Darvish,,,,,,,,
2025,2025-07-30,Colorado Rockies,Cleveland Guardians,0.0,5.0,False,0|0|0|0|0|0|0|0|0,2|0|0|1|0|0|0|2,105.0,-125.0,145.0,-175.0,-1.5,7.5,espn,401696530,COL,CLE,regular,Kyle Freeland,Kolby Allard,,,,,,,,
2025,2025-07-30,Tampa Bay Rays,New York Yankees,4.0,5.0,False,0|0|1|0|0|0|0|0|2|1|0,0|0|0|0|0|0|0|2|1|1|1,130.0,-155.0,120.0,-145.0,-1.5,9.5,espn,401696532,TB,NYY,regular,Zack Littell,Will Warren,,,,,,,,
2025,2025-07-30,Los Angeles Dodgers,Cincinnati Reds,2.0,5.0,False,0|0|0|2|0|0|0|0|0,1|0|0|1|0|0|0|3,-180.0,150.0,-175.0,145.0,1.5,9.5,espn,401696531,LAD,CIN,regular,Shohei Ohtani,Nick Martinez,,,,,,,,
2025,2025-07-30,Miami Marlins,St. Louis Cardinals,2.0,0.0,False,0|0|2|0|0|0|0|0|0,0|0|0|0|0|0|0|0|0,-120.0,100.0,115.0,-135.0,-1.5,8.5,espn,401696537,MIA,STL,regular,Cal Quantrill,Miles Mikolas,,,,,,,,
2025,2025-07-30,Texas Rangers,Los Angeles Angels,6.0,3.0,False,0|0|0|1|0|1|0|4|0,0|0|0|1|0|0|0|2|0,-115.0,-105.0,-120.0,100.0,1.5,8.5,espn,401696543,TEX,LAA,regular,Nathan Eovaldi,Jose Soriano,,,,,,,,
2025,2025-07-30,Seattle Mariners,Athletics,4.0,5.0,False,1|0|0|0|0|0|2|0|1,2|0|0|1|1|0|1|0,-135.0,115.0,-150.0,125.0,1.5,9.5,espn,401764572,SEA,ATH,regular,Bryan Woo,Jeffrey Springs,,,,,,,,
2025,2025-07-31,Tampa Bay Rays,New York Yankees,4.0,7.0,False,0|0|0|4|0|0|0|0|0,3|3|1|0|0|0|0|0,-150.0,125.0,-125.0,105.0,1.5,8.5,espn,401696544,TB,NYY,regular,Ryan Pepiot,Marcus Stroman,,,,,,,,
2025,2025-07-31,Atlanta Braves,Cincinnati Reds,12.0,11.0,False,0|0|0|1|0|2|0|8|0|1,0|1|2|0|0|0|0|8|0|0,-105.0,-115.0,135.0,-165.0,-1.5,8.5,espn,401696576,ATL,CIN,regular,Carlos Carrasco,Andrew Abbott,,,,,,,,
2025,2025-07-31,Texas Rangers,Seattle Mariners,0.0,6.0,False,0|0|0|0|0|0|0|0|0,0|0|0|1|2|3|0|0,120.0,-145.0,145.0,-175.0,-1.5,7.5,espn,401696545,TEX,SEA,regular,Kumar Rocker,George Kirby,,,,,,,,
2025,2025-08-01,Atlanta Braves,Cincinnati Reds,2.0,3.0,False,0|0|0|0|0|0|0|0|2,0|0|0|0|0|1|2|0,-110.0,-110.0,120.0,-145.0,-1.5,9.5,espn,401696546,ATL,CIN,regular,Bryce Elder,Brady Singer,,,,,,,,
2025,2025-08-01,Baltimore Orioles,Chicago Cubs,0.0,1.0,False,0|0|0|0|0|0|0|0|0,0|1|0|0|0|0|0|0,-105.0,-115.0,125.0,-150.0,-1.5,7.5,espn,401696555,BAL,CHC,regular,Trevor Rogers,Cade Horton,,,,,,,,
2025,2025-08-01,Detroit Tigers,Philadelphia Phillies,4.0,5.0,False,0|0|3|0|0|0|0|1|0,0|0|0|0|0|0|3|2,110.0,-130.0,130.0,-155.0,-1.5,7.5,espn,401696547,DET,PHI,regular,Jack Flaherty,Ranger Suarez,,,,,,,,
2025,2025-08-01,Milwaukee Brewers,Washington Nationals,16.0,9.0,False,0|1|5|0|3|0|5|2|0,1|0|1|0|0|2|0|0|5,-150.0,125.0,-160.0,135.0,1.5,8.5,espn,401696551,MIL,WSH,regular,Jose Quintana,Mitchell Parker,,,,,,,,
2025,2025-08-01,Kansas City Royals,Toronto Blue Jays,9.0,3.0,False,0|2|3|0|0|0|0|0|4,1|0|0|0|0|0|0|0|2,110.0,-130.0,135.0,-160.0,-1.5,7.5,espn,401696549,KC,TOR,regular,Michael Wacha,Kevin Gausman,,,,,,,,
2025,2025-08-01,Houston Astros,Boston Red Sox,1.0,2.0,False,0|1|0|0|0|0|0|0|0|0,0|0|0|0|0|0|1|0|0|1,110.0,-130.0,-125.0,105.0,1.5,7.5,espn,401696548,HOU,BOS,regular,Hunter Brown,Cooper Criswell,,,,,,,,
2025,2025-08-01,Minnesota Twins,Cleveland Guardians,2.0,3.0,False,0|0|0|0|0|0|2|0|0|0,1|1|0|0|0|0|0|0|0|1,-125.0,105.0,115.0,-135.0,-1.5,6.5,espn,401696552,MIN,CLE,regular,Joe Ryan,Gavin Williams,,,,,,,,
2025,2025-08-01,New York Yankees,Miami Marlins,12.0,13.0,False,0|0|0|3|3|0|3|1|2,0|0|0|0|4|0|6|0|3,-150.0,125.0,-160.0,135.0,1.5,7.5,espn,401696553,NYY,MIA,regular,Carlos Rodon,Janson Junk,,,,,,,,
2025,2025-08-01,San Francisco Giants,New York Mets,4.0,3.0,False,0|2|0|0|0|0|1|0|0|1,0|0|0|0|0|0|1|2|0|0,100.0,-120.0,125.0,-150.0,-1.5,7.5,espn,401696554,SF,NYM,regular,Robbie Ray,David Peterson,,,,,,,,
2025,2025-08-01,Los Angeles Dodgers,Tampa Bay Rays,5.0,0.0,False,2|0|0|2|1|0|0|0|0,0|0|0|0|0|0|0|0|0,110.0,-130.0,-120.0,100.0,1.5,8.5,espn,401696550,LAD,TB,regular,Clayton Kershaw,Shane Baz,,,,,,,,
2025,2025-08-01,Pittsburgh Pirates,Colorado Rockies,16.0,17.0,False,9|0|0|3|3|1|0|0|0,1|0|3|2|4|0|0|2|5,-115.0,-105.0,-135.0,115.0,1.5,11.5,espn,401696556,PIT,COL,regular,Andrew Heaney,Antonio Senzatela,,,,,,,,
2025,2025-08-01,Chicago White Sox,Los Angeles Angels,6.0,3.0,False,0|2|0|1|0|1|0|1|1,0|0|0|0|2|0|1|0|0,105.0,-125.0,105.0,-125.0,-1.5,8.5,espn,401696558,CHW,LAA,regular,Shane Smith,Tyler Anderson,,,,,,,,
2025,2025-08-01,St. Louis Cardinals,San Diego Padres,1.0,4.0,False,0|0|0|0|1|0|0|0|0,0|0|0|0|4|0|0|0,100.0,-120.0,160.0,-190.0,-1.5,7.5,espn,401696559,STL,SD,regular,Matthew Liberatore,Nick Pivetta,,,,,,,,
2025,2025-08-01,Arizona Diamondbacks,Athletics,1.0,5.0,False,0|0|0|0|0|0|1|0|0,4|0|0|1|0|0|0|0,135.0,-160.0,110.0,-130.0,1.5,9.5,espn,401764573,ARI,ATH,regular,Anthony DeSclafani,Jacob Lopez,,,,,,,,
2025,2025-08-01,Texas Rangers,Seattle Mariners,3.0,4.0,False,0|0|3|0|0|0|0|0|0,0|1|0|0|1|0|0|0|2,140.0,-165.0,160.0,-190.0,-1.5,7.5,espn,401696560,TEX,SEA,regular,Jack Leiter,Logan Gilbert,,,,,,,,
2025,2025-08-02,Los Angeles Dodgers,Tampa Bay Rays,0.0,4.0,False,0|0|0|0|0|0|0|0|0,1|0|2|0|0|1|0|0,-115.0,-105.0,-115.0,-105.0,1.5,7.5,espn,401696565,LAD,TB,regular,Blake Snell,Drew Rasmussen,,,,,,,,
2025,2025-08-02,Baltimore Orioles,Chicago Cubs,4.0,3.0,False,0|0|0|0|0|0|0|4|0,0|2|0|1|0|0|0|0|0,110.0,-130.0,195.0,-235.0,-1.5,7.5,espn,401696570,BAL,CHC,regular,Tomoyuki Sugano,Matthew Boyd,,,,,,,,
2025,2025-08-02,Kansas City Royals,Toronto Blue Jays,2.0,4.0,False,0|0|0|0|0|1|1|0|0,0|0|3|0|0|0|1|0,-115.0,-105.0,120.0,-145.0,-1.5,8.5,espn,401696564,KC,TOR,regular,Noah Cameron,Max Scherzer,,,,,,,,
2025,2025-08-02,Pittsburgh Pirates,Colorado Rockies,5.0,8.0,False,1|0|0|0|3|0|0|0|1,0|0|0|0|0|6|1|1,-175.0,145.0,-240.0,200.0,2.5,10.5,espn,401696571,PIT,COL,regular,Paul Skenes,Austin Gomber,,,,,,,,
2025,2025-08-02,Detroit Tigers,Philadelphia Phillies,7.0,5.0,False,0|0|2|0|0|0|3|2|0,0|0|0|0|0|0|3|2|0,-115.0,-105.0,-105.0,-115.0,1.5,6.5,espn,401696562,DET,PHI,regular,Tarik Skubal,Zack Wheeler,,,,,,,,
2025,2025-08-02,Milwaukee Brewers,Washington Nationals,8.0,2.0,False,3|1|1|0|0|0|0|2|1,0|0|2|0|0|0|0|0|0,-165.0,140.0,-185.0,155.0,1.5,8.5,espn,401696566,MIL,WSH,regular,Brandon Woodruff,Jake Irvin,,,,,,,,
2025,2025-08-02,Houston Astros,Boston Red Sox,3.0,7.0,False,2|0|0|0|1|0|0|0|0,1|0|3|2|0|0|1|0,105.0,-125.0,120.0,-135.0,-1.5,9.5,espn,401696563,HOU,BOS,regular,Colton Gordon,Walker Buehler,,,,,,,,
2025,2025-08-02,Minnesota Twins,Cleveland Guardians,4.0,5.0,False,0|0|0|2|2|0|0|0|0,0|1|1|0|2|0|0|1,-110.0,-110.0,135.0,-160.0,-1.5,7.5,espn,401696567,MIN,CLE,regular,Bailey Ober,Tanner Bibee,,,,,,,,
2025,2025-08-02,New York Yankees,Miami Marlins,0.0,2.0,False,0|0|0|0|0|0|0|0|0,1|0|0|1|0|0|0|0,115.0,-135.0,-105.0,-115.0,1.5,7.5,espn,401696568,NYY,MIA,regular,Cam Schlittler,Eury Perez,,,,,,,,
2025,2025-08-02,San Francisco Giants,New York Mets,6.0,12.0,False,0|1|2|1|0|0|0|0|2,3|0|0|2|0|2|4|1,145.0,-175.0,160.0,-190.0,-1.5,8.5,espn,401696569,SF,NYM,regular,Kai-Wei Teng,Kodai Senga,,,,,,,,
2025,2025-08-02,Texas Rangers,Seattle Mariners,6.0,4.0,False,0|0|2|0|0|0|0|0|0|2|2,0|0|0|0|0|2|0|0|0|2|0,-125.0,105.0,110.0,-130.0,-1.5,7.5,espn,401696575,TEX,SEA,regular,Merrill Kelly,Luis Castillo,,,,,,,,
2025,2025-08-02,Atlanta Braves,Cincinnati Reds,4.0,2.0,True,0|3|0|0|0|0|1|0|0,1|1|0|0|0|0|0|0|0,-120.0,100.0,100.0,-120.0,1.5,8.5,espn,401696561,ATL,CIN,regular,,,,,,,,,,
2025,2025-08-02,Arizona Diamondbacks,Athletics,7.0,2.0,False,1|0|0|0|3|1|1|0|1,0|0|2|0|0|0|0|0|0,120.0,-145.0,105.0,-125.0,1.5,9.5,espn,401764574,ARI,ATH,regular,Zac Gallen,J.T. Ginn,,,,,,,,
2025,2025-08-02,Chicago White Sox,Los Angeles Angels,1.0,0.0,False,0|1|0|0|0|0|0|0|0,0|0|0|0|0|0|0|0|0,115.0,-135.0,115.0,-135.0,-1.5,8.5,espn,401696573,CHW,LAA,regular,Aaron Civale,Kyle Hendricks,,,,,,,,
2025,2025-08-02,St. Louis Cardinals,San Diego Padres,8.0,5.0,False,0|0|0|4|2|0|0|0|2,1|2|1|0|0|0|0|0|1,-110.0,-110.0,125.0,-150.0,-1.5,8.5,espn,401696574,STL,SD,regular,Michael McGreevy,Randy Vasquez,,,,,,,,
2025,2025-08-03,Atlanta Braves,Cincinnati Reds,4.0,2.0,True,0|3|0|0|0|0|1|0|0,1|1|0|0|0|0|0|0|0,-120.0,100.0,100.0,-120.0,1.5,8.5,espn,401696561,ATL,CIN,regular,,,,,,,,,,
2025,2025-08-03,Houston Astros,Boston Red Sox,1.0,6.0,False,0|0|0|1|0|0|0|0|0,0|0|0|6|0|0|0|0,-175.0,145.0,-130.0,110.0,1.5,7.5,espn,401696578,HOU,BOS,regular,Framber Valdez,Lucas Giolito,,,,,,,,
2025,2025-08-03,Los Angeles Dodgers,Tampa Bay Rays,3.0,0.0,False,0|0|0|0|0|1|1|0|1,0|0|0|0|0|0|0|0|0,-125.0,105.0,-160.0,135.0,1.5,8.5,espn,401696580,LAD,TB,regular,Yoshinobu Yamamoto,Joe Boyle,,,,,,,,
2025,2025-08-03,Milwaukee Brewers,Washington Nationals,14.0,3.0,False,1|2|0|0|0|2|7|2|0,0|0|0|0|1|0|0|0|2,-155.0,130.0,-150.0,125.0,1.5,8.5,espn,401696581,MIL,WSH,regular,Logan Henderson,Brad Lord,,,,,,,,
2025,2025-08-03,Kansas City Royals,Toronto Blue Jays,7.0,4.0,False,0|0|0|1|0|0|0|1|0|5,0|1|0|0|1|0|0|0|0|2,105.0,-125.0,125.0,-150.0,-1.5,8.5,espn,401696579,KC,TOR,regular,Seth Lugo,Chris Bassitt,,,,,,,,
2025,2025-08-03,Minnesota Twins,Cleveland Guardians,5.0,4.0,False,4|0|0|0|0|0|0|1|0,2|0|0|0|0|0|0|0|2,135.0,-160.0,145.0,-175.0,-1.5,8.5,espn,401696582,MIN,CLE,regular,Jose Urena,Joey Cantillo,,,,,,,,
2025,2025-08-03,New York Yankees,Miami Marlins,3.0,7.0,False,1|0|0|0|0|0|2|0|0,0|3|0|3|0|0|1|0,105.0,-125.0,-120.0,100.0,1.5,7.5,espn,401696583,NYY,MIA,regular,Luis Gil,Edward Cabrera,,,,,,,,
2025,2025-08-03,San Francisco Giants,New York Mets,12.0,4.0,False,0|0|4|3|0|0|0|0|5,1|0|0|0|1|0|0|0|2,110.0,-130.0,140.0,-165.0,-1.5,8.5,espn,401696584,SF,NYM,regular,Carson Whisenhunt,Frankie Montas,,,,,,,,
2025,2025-08-03,Baltimore Orioles,Chicago Cubs,3.0,5.0,False,0|0|1|1|0|0|0|0|1,2|0|0|0|0|1|0|0|2,100.0,-120.0,155.0,-185.0,-1.5,7.5,espn,401696585,BAL,CHC,regular,Brandon Young,Colin Rea,,,,,,,,
2025,2025-08-03,Pittsburgh Pirates,Colorado Rockies,9.0,5.0,False,3|2|0|0|0|3|0|1|0,0|0|0|1|0|4|0|0|0,-135.0,115.0,-160.0,135.0,1.5,10.5,espn,401696586,PIT,COL,regular,Mitch Keller,Bradley Blalock,,,,,,,,
2025,2025-08-03,Arizona Diamondbacks,Athletics,6.0,4.0,False,0|3|1|0|0|0|1|0|1,0|0|0|0|2|0|1|0|1,100.0,-120.0,110.0,-130.0,-1.5,9.5,espn,401764575,ARI,ATH,regular,Eduardo Rodriguez,Jack Perkins,,,,,,,,
2025,2025-08-03,Chicago White Sox,Los Angeles Angels,5.0,8.0,False,4|0|1|0|0|0|0|0|0,0|0|0|0|0|3|2|0|3,110.0,-130.0,115.0,-135.0,-1.5,9.5,espn,401696588,CHW,LAA,regular,Sean Burke,Jack Kochanowicz,,,,,,,,
2025,2025-08-03,St. Louis Cardinals,San Diego Padres,3.0,7.0,False,0|0|0|0|0|0|0|0|3,0|0|0|2|0|0|4|1,150.0,-180.0,170.0,-205.0,-1.5,7.5,espn,401696589,STL,SD,regular,Andre Pallante,Dylan Cease,,,,,,,,
2025,2025-08-03,Texas Rangers,Seattle Mariners,4.0,5.0,False,0|0|2|1|0|1|0|0|0,0|1|2|2|0|0|0|0,-110.0,-110.0,-145.0,120.0,1.5,7.5,espn,401696590,TEX,SEA,regular,Jacob deGrom,Logan Evans,,,,,,,,
2025,2025-08-03,Detroit Tigers,Philadelphia Phillies,0.0,2.0,False,0|0|0|0|0|0|0|0|0,0|1|0|0|0|0|0|1,140.0,-165.0,155.0,-185.0,-1.5,8.5,espn,401696577,DET,PHI,regular,Charlie Morton,Cristopher Sanchez,,,,,,,,
2025,2025-08-04,Houston Astros,Miami Marlins,8.0,2.0,False,0|0|0|5|0|0|1|2|0,0|0|0|0|0|0|2|0|0,-110.0,-110.0,110.0,-130.0,-1.5,8.5,espn,401696593,HOU,MIA,regular,Jason Alexander,Sandy Alcantara,,,,,,,,
2025,2025-08-04,Minnesota Twins,Detroit Tigers,3.0,6.0,False,1|0|0|0|1|1|0|0|0,0|0|0|0|2|3|1|0,100.0,-120.0,160.0,-190.0,-1.5,8.5,espn,401696596,MIN,DET,regular,Travis Adams,Casey Mize,,,,,,,,
2025,2025-08-04,San Francisco Giants,Pittsburgh Pirates,4.0,5.0,False,2|0|0|0|2|0|0|0|0,1|0|0|0|0|0|2|0|2,-115.0,-105.0,-130.0,110.0,1.5,8.5,espn,401696597,SF,PIT,regular,Justin Verlander,Johan Oviedo,,,,,,,,
2025,2025-08-04,Baltimore Orioles,Philadelphia Phillies,3.0,13.0,False,0|2|1|0|0|0|0|0|0,1|0|2|0|0|8|0|2,125.0,-150.0,165.0,-200.0,-1.5,9.5,espn,401696591,BAL,PHI,regular,Cade Povich,Jesus Luzardo,,,,,,,,
2025,2025-08-04,Cleveland Guardians,New York Mets,7.0,6.0,False,0|0|0|0|0|5|0|0|0|2,0|0|0|0|0|3|0|2|0|1,195.0,-235.0,165.0,-200.0,-1.5,7.5,espn,401696592,CLE,NYM,regular,Slade Cecconi,Sean Manaea,,,,,,,,
2025,2025-08-04,Kansas City Royals,Boston Red Sox,5.0,8.0,False,0|0|0|1|0|0|0|4|0,5|0|1|1|0|0|1|0,100.0,-120.0,130.0,-155.0,-1.5,9.5,espn,401696594,KC,BOS,regular,Bailey Falter,Brayan Bello,,,,,,,,
2025,2025-08-04,Milwaukee Brewers,Atlanta Braves,3.0,1.0,False,0|0|0|3|0|0|0|0|0,1|0|0|0|0|0|0|0|0,-150.0,125.0,-145.0,110.0,1.5,8.5,espn,401696595,MIL,ATL,regular,Quinn Priester,Erick Fedde,,,,,,,,
2025,2025-08-04,Cincinnati Reds,Chicago Cubs,3.0,2.0,False,0|1|0|0|0|1|1|0|0,0|0|2|0|0|0|0|0|0,105.0,-125.0,115.0,-135.0,-1.5,7.5,espn,401696598,CIN,CHC,regular,Nick Lodolo,Michael Soroka,,,,,,,,
2025,2025-08-04,New York Yankees,Texas Rangers,5.0,8.0,False,1|2|0|2|0|0|0|0|0|0,0|4|0|0|0|0|0|0|1|3,-120.0,100.0,-135.0,115.0,1.5,7.5,espn,401696599,NYY,TEX,regular,Max Fried,Patrick Corbin,,,,,,,,
2025,2025-08-04,Toronto Blue Jays,Colorado Rockies,15.0,1.0,False,1|1|7|0|0|0|5|0|1,0|0|0|0|1|0|0|0|0,-215.0,180.0,-210.0,175.0,2.5,12.5,espn,401696600,TOR,COL,regular,Eric Lauer,Tanner Gordon,,,,,,,,
2025,2025-08-04,Tampa Bay Rays,Los Angeles Angels,1.0,5.0,False,1|0|0|0|0|0|0|0|0,0|2|2|0|0|1|0|0,105.0,-125.0,100.0,-120.0,-1.5,8.5,espn,401696633,TB,LAA,regular,Adrian Houser,Yusei Kikuchi,,,,,,,,
2025,2025-08-04,San Diego Padres,Arizona Diamondbacks,2.0,6.0,False,0|0|1|0|0|1|0|0|0,1|1|1|2|0|0|0|1,-165.0,140.0,-125.0,105.0,1.5,9.5,espn,401696601,SD,ARI,regular,JP Sears,Brandon Pfaadt,,,,,,,,
2025,2025-08-04,St. Louis Cardinals,Los Angeles Dodgers,3.0,2.0,False,0|1|0|0|0|0|0|1|1,0|0|0|1|0|0|0|1|0,145.0,-175.0,140.0,-165.0,-1.5,7.5,espn,401696602,STL,LAD,regular,Sonny Gray,Tyler Glasnow,,,,,,,,
2025,2025-08-05,Houston Astros,Miami Marlins,7.0,3.0,False,2|0|0|2|3|0|0|0|0,0|1|0|0|1|0|1|0|0,-130.0,110.0,-110.0,-110.0,1.5,8.5,espn,401696606,HOU,MIA,regular,Steven Okert,Cal Quantrill,,,,,,,,
2025,2025-08-05,Minnesota Twins,Detroit Tigers,6.0,3.0,False,3|0|0|1|2|0|0|0|0,0|0|1|0|0|0|0|2|0,105.0,-125.0,115.0,-135.0,-1.5,8.5,espn,401696609,MIN,DET,regular,Zebby Matthews,Chris Paddack,,,,,,,,
2025,2025-08-05,San Francisco Giants,Pittsburgh Pirates,8.0,1.0,False,0|0|2|1|3|2|0|0|0,0|0|1|0|0|0|0|0|0,-125.0,105.0,-135.0,115.0,1.5,7.5,espn,401696611,SF,PIT,regular,Logan Webb,Mike Burrows,,,,,,,,
2025,2025-08-05,Baltimore Orioles,Philadelphia Phillies,0.0,5.0,False,0|0|0|0|0|0|0|0|0,0|3|0|1|0|0|0|1,105.0,-125.0,120.0,-145.0,-1.5,9.5,espn,401696604,BAL,PHI,regular,Dean Kremer,Taijuan Walker,,,,,,,,
2025,2025-08-05,Athletics,Washington Nationals,16.0,7.0,False,5|0|1|3|1|0|2|4|0,0|0|0|1|0|2|0|0|4,110.0,-130.0,110.0,-130.0,-1.5,8.5,espn,401696610,ATH,WSH,regular,Luis Severino,MacKenzie Gore,,,,,,,,
2025,2025-08-05,Cleveland Guardians,New York Mets,3.0,2.0,False,0|0|0|2|0|0|1|0|0,1|1|0|0|0|0|0|0|0,130.0,-155.0,135.0,-165.0,-1.5,8.5,espn,401696605,CLE,NYM,regular,Logan Allen,Clay Holmes,,,,,,,,
2025,2025-08-05,Kansas City Royals,Boston Red Sox,2.0,6.0,False,0|0|0|1|0|0|1|0|0,0|0|1|0|0|2|3|0,150.0,-180.0,195.0,-235.0,-1.5,7.5,espn,401696607,KC,BOS,regular,Ryan Bergert,Garrett Crochet,,,,,,,,
2025,2025-08-05,Milwaukee Brewers,Atlanta Braves,7.0,2.0,False,0|0|4|0|0|1|2|0|0,0|0|0|1|0|0|1|0|0,-120.0,100.0,-150.0,125.0,1.5,7.5,espn,401696608,MIL,ATL,regular,Freddy Peralta,Joey Wentz,,,,,,,,
2025,2025-08-05,Cincinnati Reds,Chicago Cubs,5.0,1.0,False,0|0|0|0|1|0|4|0|0,0|0|0|0|1|0|0|0|0,135.0,-160.0,155.0,-185.0,-1.5,7.5,espn,401696612,CIN,CHC,regular,Zack Littell,Shota Imanaga,,,,,,,,
2025,2025-08-05,New York Yankees,Texas Rangers,0.0,2.0,False,0|0|0|0|0|0|0|0|0,0|0|0|0|0|0|0|2,105.0,-125.0,105.0,-125.0,-1.5,8.5,espn,401696613,NYY,TEX,regular,Will Warren,Nathan Eovaldi,,,,,,,,
2025,2025-08-05,Toronto Blue Jays,Colorado Rockies,10.0,4.0,False,0|0|1|2|0|4|0|0|3,2|0|0|0|0|2|0|0|0,-145.0,120.0,-235.0,195.0,2.5,11.5,espn,401696614,TOR,COL,regular,Jose Berrios,Anthony Molina,,,,,,,,
2025,2025-08-05,Tampa Bay Rays,Los Angeles Angels,7.0,3.0,False,0|0|0|7|0|0|0|0|0,0|0|0|0|2|1|0|0|0,-125.0,105.0,105.0,-125.0,-1.5,8.5,espn,401696603,TB,LAA,regular,Ryan Pepiot,Jose Soriano,,,,,,,,
2025,2025-08-05,Chicago White Sox,Seattle Mariners,3.0,8.0,False,1|0|0|0|0|0|0|0|2,0|1|0|2|0|3|2|0,145.0,-175.0,205.0,-250.0,-1.5,7.5,espn,401696615,CHW,SEA,regular,Davis Martin,Bryan Woo,,,,,,,,
2025,2025-08-05,San Diego Padres,Arizona Diamondbacks,10.0,5.0,False,0|2|0|0|0|1|2|0|0|0|5,2|0|0|1|0|0|0|2|0|0|0,-115.0,-105.0,-125.0,105.0,1.5,8.5,espn,401696616,SD,ARI,regular,Yu Darvish,Ryne Nelson,,,,,,,,
2025,2025-08-05,St. Louis Cardinals,Los Angeles Dodgers,6.0,12.0,False,0|2|0|0|0|0|1|1|2,2|0|3|0|0|0|5|2,150.0,-180.0,150.0,-180.0,-1.5,9.5,espn,401696617,STL,LAD,regular,Miles Mikolas,Emmet Sheehan,,,,,,,,
2025,2025-08-06,Baltimore Orioles,Philadelphia Phillies,5.0,1.0,False,0|0|0|4|0|0|1|0|0,0|0|0|0|1|0|0|0|0,120.0,-145.0,150.0,-180.0,-1.5,7.5,espn,401696619,BAL,PHI,regular,Trevor Rogers,Ranger Suarez,,,,,,,,
2025,2025-08-06,San Francisco Giants,Pittsburgh Pirates,4.0,2.0,False,0|0|0|0|1|0|0|1|2,1|0|0|0|1|0|0|0|0,-155.0,130.0,-150.0,125.0,1.5,7.5,espn,401696626,SF,PIT,regular,Robbie Ray,Andrew Heaney,,,,,,,,
2025,2025-08-06,Cleveland Guardians,New York Mets,4.0,1.0,False,0|1|2|0|0|1|0|0|0,0|0|0|0|0|0|0|0|1,125.0,-150.0,150.0,-180.0,-1.5,7.5,espn,401696620,CLE,NYM,regular,Gavin Williams,David Peterson,,,,,,,,
2025,2025-08-06,Minnesota Twins,Detroit Tigers,9.0,4.0,False,2|1|0|1|2|2|1|0|0,0|1|3|0|0|0|0|0|0,140.0,-165.0,170.0,-205.0,-1.5,8.5,espn,401696624,MIN,DET,regular,Pierson Ohl,Jack Flaherty,,,,,,,,
2025,2025-08-06,Cincinnati Reds,Chicago Cubs,1.0,6.0,False,0|0|0|0|0|0|0|0|1,0|0|1|0|0|1|2|2,110.0,-130.0,115.0,-135.0,-1.5,7.5,espn,401696627,CIN,CHC,regular,Andrew Abbott,Cade Horton,,,,,,,,
2025,2025-08-06,New York Yankees,Texas Rangers,3.0,2.0,False,0|0|0|2|0|0|1|0|0,0|0|1|0|1|0|0|0|0,-130.0,110.0,-130.0,110.0,1.5,7.5,espn,401696628,NYY,TEX,regular,Carlos Rodon,Jack Leiter,,,,,,,,
2025,2025-08-06,Toronto Blue Jays,Colorado Rockies,20.0,1.0,False,0|0|3|0|3|4|0|2|8,1|0|0|0|0|0|0|0|0,-165.0,140.0,-270.0,220.0,2.5,11.5,espn,401696629,TOR,COL,regular,Kevin Gausman,Kyle Freeland,,,,,,,,
2025,2025-08-06,Tampa Bay Rays,Los Angeles Angels,5.0,4.0,False,2|1|1|0|0|0|1|0|0,0|0|4|0|0|0|0|0|0,-135.0,115.0,-125.0,105.0,1.5,9.5,espn,401696618,TB,LAA,regular,Shane Baz,Tyler Anderson,,,,,,,,
2025,2025-08-06,St. Louis Cardinals,Los Angeles Dodgers,5.0,3.0,False,0|0|1|0|0|1|0|2|1,0|0|2|1|0|0|0|0|0,130.0,-155.0,170.0,-205.0,-1.5,9.5,espn,401696632,STL,LAD,regular,Matthew Liberatore,Shohei Ohtani,,,,,,,,
2025,2025-08-06,Houston Astros,Miami Marlins,4.0,6.0,False,2|0|0|0|1|1|0|0|0,3|1|1|0|1|0|0|0,-155.0,130.0,100.0,-120.0,1.5,8.5,espn,401696621,HOU,MIA,regular,Spencer Arrighetti,Janson Junk,,,,,,,,
2025,2025-08-06,Athletics,Washington Nationals,1.0,2.0,False,0|0|0|0|0|1|0|0|0,0|0|0|0|0|1|0|0|1,110.0,-130.0,-145.0,120.0,1.5,8.5,espn,401696625,ATH,WSH,regular,Jeffrey Springs,Cade Cavalli,,,,,,,,
2025,2025-08-06,Kansas City Royals,Boston Red Sox,7.0,3.0,False,0|0|1|2|0|0|3|1|0,2|0|0|0|0|0|0|1|0,100.0,-120.0,120.0,-150.0,-1.5,8.5,espn,401696622,KC,BOS,regular,Michael Wacha,Dustin May,,,,,,,,
2025,2025-08-06,Milwaukee Brewers,Atlanta Braves,5.0,4.0,False,0|1|0|1|3|0|0|0|0,1|0|0|0|1|1|0|0|1,125.0,-150.0,110.0,-130.0,-1.5,7.5,espn,401696623,MIL,ATL,regular,Jose Quintana,Spencer Strider,,,,,,,,
2025,2025-08-06,Chicago White Sox,Seattle Mariners,6.0,8.0,False,0|1|1|0|0|0|3|0|1,2|5|0|0|0|0|1|0,150.0,-180.0,220.0,-270.0,-1.5,7.5,espn,401696630,CHW,SEA,regular,Jonathan Cannon,George Kirby,,,,,,,,
2025,2025-08-06,San Diego Padres,Arizona Diamondbacks,3.0,2.0,False,0|0|0|0|0|0|1|0|2,1|1|0|0|0|0|0|0|0,-150.0,125.0,-135.0,115.0,1.5,9.5,espn,401696631,SD,ARI,regular,Nestor Cortes,Anthony DeSclafani,,,,,,,,
2025,2025-08-07,Athletics,Washington Nationals,6.0,0.0,False,0|3|0|1|0|0|0|1|1,0|0|0|0|0|0|0|0|0,-155.0,130.0,-160.0,135.0,1.5,8.5,espn,401696636,ATH,WSH,regular,Jacob Lopez,Mitchell Parker,,,,,,,,
2025,2025-08-07,Chicago White Sox,Seattle Mariners,3.0,4.0,False,0|0|0|0|1|0|1|0|0|1|0,0|0|2|0|0|0|0|0|0|1|1,150.0,-180.0,240.0,-300.0,-1.5,7.5,espn,401696637,CHW,SEA,regular,Shane Smith,Logan Gilbert,,,,,,,,
2025,2025-08-07,Cincinnati Reds,Pittsburgh Pirates,0.0,7.0,False,0|0|0|0|0|0|0|0|0,3|0|0|1|0|1|2|0,100.0,-120.0,140.0,-165.0,-1.5,6.5,espn,401696634,CIN,PIT,regular,Brady Singer,Paul Skenes,,,,,,,,
2025,2025-08-07,Miami Marlins,Atlanta Braves,6.0,8.0,False,0|5|0|1|0|0|0|0|0,2|0|0|0|0|3|2|1,-155.0,130.0,-135.0,115.0,1.5,7.5,espn,401696635,MIA,ATL,regular,Eury Perez,Carlos Carrasco,,,,,,,,
2025,2025-08-08,Cincinnati Reds,Pittsburgh Pirates,2.0,3.0,False,0|1|0|0|0|1|0|0|0,0|0|0|1|0|0|0|2,-145.0,120.0,-130.0,105.0,1.5,7.5,espn,401696639,CIN,PIT,regular,Chase Burns,Mitch Keller,,,,,,,,
2025,2025-08-08,Houston Astros,New York Yankees,5.0,3.0,False,2|0|0|0|0|0|0|0|0|3,0|0|0|0|0|2|0|0|0|1,-110.0,-110.0,100.0,-120.0,1.5,7.5,espn,401696640,HOU,NYY,regular,Hunter Brown,Cam Schlittler,,,,,,,,
2025,2025-08-08,Athletics,Baltimore Orioles,2.0,3.0,False,0|0|0|0|1|0|0|1|0,3|0|0|0|0|0|0|0,-125.0,105.0,105.0,-125.0,1.5,9.5,espn,401696642,ATH,BAL,regular,J.T. Ginn,Tomoyuki Sugano,,,,,,,,
2025,2025-08-08,Los Angeles Angels,Detroit Tigers,5.0,6.0,False,0|1|0|0|3|0|0|1|0,0|3|0|0|0|0|0|3,170.0,-205.0,225.0,-275.0,-1.5,7.5,espn,401696638,LAA,DET,regular,Kyle Hendricks,Tarik Skubal,,,,,,,,
2025,2025-08-08,Miami Marlins,Atlanta Braves,5.0,1.0,False,0|0|1|2|2|0|0|0|0,0|0|0|0|0|1|0|0|0,-120.0,100.0,-135.0,105.0,1.5,8.5,espn,401696641,MIA,ATL,regular,Edward Cabrera,Bryce Elder,,,,,,,,
2025,2025-08-08,Cleveland Guardians,Chicago White Sox,9.0,5.0,False,5|0|1|3|0|0|0|0|0,0|0|1|0|0|3|1|0|0,-110.0,-110.0,-135.0,115.0,1.5,8.5,espn,401696644,CLE,CHW,regular,Tanner Bibee,Aaron Civale,,,,,,,,
2025,2025-08-08,Philadelphia Phillies,Texas Rangers,9.0,1.0,False,1|0|0|3|0|0|0|0|5,1|0|0|0|0|0|0|0|0,-175.0,145.0,-130.0,110.0,1.5,7.5,espn,401696647,PHI,TEX,regular,Cristopher Sanchez,Merrill Kelly,,,,,,,,
2025,2025-08-08,Kansas City Royals,Minnesota Twins,4.0,9.0,False,1|0|0|0|0|1|0|1|1,3|2|0|2|0|2|0|0,-125.0,105.0,115.0,-135.0,-1.5,8.5,espn,401696645,KC,MIN,regular,Seth Lugo,Joe Ryan,,,,,,,,
2025,2025-08-08,New York Mets,Milwaukee Brewers,2.0,3.0,False,1|1|0|0|0|0|0|0|0,0|0|0|0|3|0|0|0,-120.0,100.0,125.0,-150.0,-1.5,8.5,espn,401696646,NYM,MIL,regular,Kodai Senga,Brandon Woodruff,,,,,,,,
2025,2025-08-08,Chicago Cubs,St. Louis Cardinals,0.0,5.0,False,0|0|0|0|0|0|0|0|0,0|1|0|0|2|2|0|0,-165.0,140.0,-165.0,140.0,1.5,8.5,espn,401696643,CHC,STL,regular,Matthew Boyd,Michael McGreevy,,,,,,,,
2025,2025-08-08,Boston Red Sox,San Diego Padres,10.0,2.0,False,0|0|0|4|1|0|0|3|2,0|0|0|0|0|0|0|2|0,145.0,-175.0,145.0,-175.0,-1.5,8.5,espn,401696648,BOS,SD,regular,Walker Buehler,Nick Pivetta,,,,,,,,
2025,2025-08-08,Colorado Rockies,Arizona Diamondbacks,1.0,6.0,False,0|1|0|0|0|0|0|0|0,3|0|0|1|2|0|0|0,120.0,-145.0,180.0,-215.0,-1.5,9.5,espn,401696649,COL,ARI,regular,Austin Gomber,Zac Gallen,,,,,,,,
2025,2025-08-08,Tampa Bay Rays,Seattle Mariners,2.0,3.0,False,1|0|0|0|0|1|0|0|0,0|0|0|0|0|0|0|3,-130.0,110.0,105.0,-125.0,-1.5,6.5,espn,401696650,TB,SEA,regular,Drew Rasmussen,Luis Castillo,,,,,,,,
2025,2025-08-08,Toronto Blue Jays,Los Angeles Dodgers,1.0,5.0,False,0|1|0|0|0|0|0|0|0,0|0|0|0|2|0|3|0,100.0,-120.0,115.0,-135.0,-1.5,8.5,espn,401696651,TOR,LAD,regular,Max Scherzer,Clayton Kershaw,,,,,,,,
2025,2025-08-08,Washington Nationals,San Francisco Giants,0.0,5.0,False,0|0|0|0|0|0|0|0|0,2|0|0|0|0|2|0|1,110.0,-130.0,145.0,-175.0,-1.5,8.5,espn,401696652,WSH,SF,regular,Jake Irvin,Matt Gage,,,,,,,,
2025,2025-08-09,Miami Marlins,Atlanta Braves,1.0,7.0,False,0|0|0|0|0|1|0|0|0,0|2|1|0|0|0|4|0,-105.0,-180.0,100.0,-160.0,1.5,8.5,espn,401766608,MIA,ATL,regular,Ryan Gusto,Hurston Waldrep,,,,,,,,
2025,2025-08-09,Houston Astros,New York Yankees,4.0,5.0,False,1|0|0|1|0|0|0|2|0,2|0|0|0|2|0|0|1,-125.0,105.0,-110.0,-110.0,1.5,8.5,espn,401696655,HOU,NYY,regular,Framber Valdez,Luis Gil,,,,,,,,
2025,2025-08-09,Washington Nationals,San Francisco Giants,4.0,2.0,False,1|0|2|0|0|1|0|0|0,0|0|0|0|0|1|0|1|0,105.0,-125.0,145.0,-175.0,-1.5,8.5,espn,401696667,WSH,SF,regular,Brad Lord,Carson Whisenhunt,,,,,,,,
2025,2025-08-09,Los Angeles Angels,Detroit Tigers,7.0,4.0,False,1|0|0|3|2|0|0|1|0,0|2|0|2|0|0|0|0|0,-130.0,110.0,115.0,-145.0,-1.5,8.5,espn,401696653,LAA,DET,regular,Yusei Kikuchi,Charlie Morton,,,,,,,,
2025,2025-08-09,Cincinnati Reds,Pittsburgh Pirates,2.0,1.0,False,0|0|0|1|0|0|1|0|0,0|0|1|0|0|0|0|0|0,-110.0,-110.0,-115.0,-105.0,1.5,8.5,espn,401696654,CIN,PIT,regular,Nick Martinez,Braxton Ashcraft,,,,,,,,
2025,2025-08-09,Athletics,Baltimore Orioles,11.0,3.0,False,2|0|4|0|5|0|0|0|0,3|0|0|0|0|0|0|0|0,-125.0,105.0,100.0,-120.0,1.5,9.5,espn,401696657,ATH,BAL,regular,Jack Perkins,Brandon Young,,,,,,,,
2025,2025-08-09,Cleveland Guardians,Chicago White Sox,3.0,1.0,False,1|0|0|1|0|1|0|0|0,0|1|0|0|0|0|0|0|0,-130.0,110.0,-135.0,115.0,1.5,8.5,espn,401696659,CLE,CHW,regular,Joey Cantillo,Sean Burke,,,,,,,,
2025,2025-08-09,Kansas City Royals,Minnesota Twins,2.0,0.0,False,0|0|1|0|0|0|0|0|1,0|0|0|0|0|0|0|0|0,-160.0,135.0,-120.0,100.0,1.5,8.5,espn,401696660,KC,MIN,regular,Noah Cameron,Bailey Ober,,,,,,,,
2025,2025-08-09,New York Mets,Milwaukee Brewers,4.0,7.0,False,0|1|1|1|1|0|0|0|0,0|2|0|1|0|0|4|0,-105.0,-115.0,100.0,-120.0,1.5,9.5,espn,401696661,NYM,MIL,regular,Reed Garrett,Tobias Myers,,,,,,,,
2025,2025-08-09,Miami Marlins,Atlanta Braves,6.0,8.0,False,0|0|0|4|0|0|2|0|0,0|0|0|1|4|3|0|0,-120.0,100.0,-110.0,-110.0,1.5,8.5,espn,401696656,MIA,ATL,regular,Sandy Alcantara,Erick Fedde,,,,,,,,
2025,2025-08-09,Chicago Cubs,St. Louis Cardinals,9.0,1.0,False,2|4|1|1|1|0|0|0|0,0|0|0|0|0|1|0|0|0,-105.0,-115.0,-125.0,105.0,1.5,8.5,espn,401696658,CHC,STL,regular,Colin Rea,Andre Pallante,,,,,,,,
2025,2025-08-09,Philadelphia Phillies,Texas Rangers,3.0,2.0,False,0|0|0|0|0|0|3|0|0,1|0|0|0|0|0|0|1|0,-115.0,-105.0,110.0,-130.0,-1.5,7.5,espn,401696662,PHI,TEX,regular,Jesus Luzardo,Jacob deGrom,,,,,,,,
2025,2025-08-09,Colorado Rockies,Arizona Diamondbacks,5.0,6.0,False,0|3|1|0|0|1|0|0|0,1|0|2|0|2|0|0|0|1,145.0,-175.0,185.0,-225.0,-1.5,9.5,espn,401696664,COL,ARI,regular,Bradley Blalock,Eduardo Rodriguez,,,,,,,,
2025,2025-08-09,Boston Red Sox,San Diego Padres,4.0,5.0,False,1|0|2|0|0|0|0|0|1|0,0|1|1|0|2|0|0|0|0|1,155.0,-185.0,115.0,-135.0,-1.5,7.5,espn,401696663,BOS,SD,regular,Lucas Giolito,Michael King,,,,,,,,
2025,2025-08-09,Toronto Blue Jays,Los Angeles Dodgers,1.0,9.0,False,0|0|0|0|0|0|0|1|0,0|0|0|2|1|6|0|0,130.0,-155.0,135.0,-160.0,-1.5,8.5,espn,401696666,TOR,LAD,regular,Chris Bassitt,Blake Snell,,,,,,,,
2025,2025-08-09,Tampa Bay Rays,Seattle Mariners,4.0,7.0,False,1|0|0|0|0|3|0|0|0,2|0|4|0|0|1|0|0,-105.0,-115.0,120.0,-145.0,-1.5,7.5,espn,401696665,TB,SEA,regular,Joe Boyle,Logan Evans,,,,,,,,
2025,2025-08-10,Kansas City Royals,Minnesota Twins,3.0,5.0,False,1|0|0|0|0|0|2|0|0|0|0,0|0|2|0|0|0|0|1|0|0|2,-145.0,120.0,-110.0,-110.0,1.5,9.5,espn,401696675,KC,MIN,regular,Ryan Bergert,Jose Urena,,,,,,,,
2025,2025-08-10,Cincinnati Reds,Pittsburgh Pirates,14.0,8.0,False,0|0|4|0|0|3|0|2|5,0|0|0|3|1|0|1|3|0,-115.0,-105.0,-110.0,-110.0,1.5,8.5,espn,401696669,CIN,PIT,regular,Zack Littell,Mike Burrows,,,,,,,,
2025,2025-08-10,Houston Astros,New York Yankees,7.0,1.0,False,1|0|1|0|2|0|0|0|3,0|0|0|0|0|0|1|0|0,-110.0,-110.0,185.0,-225.0,-1.5,9.5,espn,401696670,HOU,NYY,regular,Jason Alexander,Max Fried,,,,,,,,
2025,2025-08-10,Miami Marlins,Atlanta Braves,1.0,7.0,False,0|1|0|0|0|0|0|0|0,0|0|0|1|2|0|4|0,115.0,-135.0,115.0,-135.0,-1.5,8.5,espn,401696671,MIA,ATL,regular,Cal Quantrill,Joey Wentz,,,,,,,,
2025,2025-08-10,Athletics,Baltimore Orioles,3.0,2.0,False,0|0|0|0|0|1|0|0|2,0|0|0|0|1|0|1|0|0,-110.0,-110.0,105.0,-125.0,1.5,9.5,espn,401696672,ATH,BAL,regular,Luis Morales,Cade Povich,,,,,,,,
2025,2025-08-10,Los Angeles Angels,Detroit Tigers,5.0,9.0,False,0|0|0|0|2|1|0|2|0,2|1|0|4|0|2|0|0,-120.0,100.0,155.0,-185.0,-1.5,9.5,espn,401696668,LAA,DET,regular,Jack Kochanowicz,Casey Mize,,,,,,,,
2025,2025-08-10,Cleveland Guardians,Chicago White Sox,4.0,6.0,False,0|0|0|1|0|2|1|0|0,3|0|2|0|0|1|0|0,-110.0,-110.0,-135.0,115.0,1.5,8.5,espn,401696674,CLE,CHW,regular,Slade Cecconi,Davis Martin,,,,,,,,
2025,2025-08-10,New York Mets,Milwaukee Brewers,6.0,7.0,False,2|1|1|1|1|0|0|0|0,0|0|0|3|2|0|0|1|1,-125.0,105.0,-105.0,-115.0,-1.5,8.5,espn,401696676,NYM,MIL,regular,Sean Manaea,Quinn Priester,,,,,,,,
2025,2025-08-10,Philadelphia Phillies,Texas Rangers,4.0,2.0,False,0|0|0|1|2|0|0|0|1,2|0|0|0|0|0|0|0|0,-130.0,110.0,-165.0,140.0,1.5,7.5,espn,401696677,PHI,TEX,regular,Zack Wheeler,Patrick Corbin,,,,,,,,
2025,2025-08-10,Washington Nationals,San Francisco Giants,8.0,0.0,False,0|4|0|1|0|1|2|0|0,0|0|0|0|0|0|0|0|0,-120.0,100.0,140.0,-165.0,-1.5,8.5,espn,401696682,WSH,SF,regular,MacKenzie Gore,Justin Verlander,,,,,,,,
2025,2025-08-10,Boston Red Sox,San Diego Padres,2.0,6.0,False,0|0|0|0|0|0|2|0|0,0|0|2|0|1|2|1|0,140.0,-165.0,130.0,-155.0,-1.5,7.5,espn,401696678,BOS,SD,regular,Brayan Bello,Dylan Cease,,,,,,,,
2025,2025-08-10,Colorado Rockies,Arizona Diamondbacks,6.0,13.0,False,0|2|1|0|0|0|3|0|0,3|1|0|0|8|0|1|0,155.0,-185.0,230.0,-285.0,-2.5,8.5,espn,401696679,COL,ARI,regular,Tanner Gordon,Brandon Pfaadt,,,,,,,,
2025,2025-08-10,Tampa Bay Rays,Seattle Mariners,3.0,6.0,False,0|1|1|1|0|0|0|0|0,4|0|0|0|0|0|1|1,140.0,-165.0,150.0,-180.0,-1.5,7.5,espn,401696680,TB,SEA,regular,Adrian Houser,Bryan Woo,,,,,,,,
2025,2025-08-10,Toronto Blue Jays,Los Angeles Dodgers,5.0,4.0,False,1|0|0|0|0|1|0|2|1,2|1|0|0|0|0|0|1|0,130.0,-155.0,155.0,-185.0,-1.5,8.5,espn,401696681,TOR,LAD,regular,Eric Lauer,Tyler Glasnow,,,,,,,,
2025,2025-08-10,Chicago Cubs,St. Louis Cardinals,2.0,3.0,False,0|0|0|0|2|0|0|0|0,0|0|2|0|0|0|1|0,-120.0,100.0,-145.0,120.0,1.5,7.5,espn,401696673,CHC,STL,regular,Shota Imanaga,Sonny Gray,,,,,,,,
2025,2025-08-11,Philadelphia Phillies,Cincinnati Reds,4.0,1.0,False,0|0|0|0|0|0|0|4|0,1|0|0|0|0|0|0|0|0,-110.0,-110.0,110.0,-130.0,-1.5,9.5,espn,401696684,PHI,CIN,regular,Taijuan Walker,Andrew Abbott,,,,,,,,
2025,2025-08-11,Minnesota Twins,New York Yankees,2.0,6.0,False,0|0|0|0|0|1|1|0|0,1|0|2|0|0|0|2|1,125.0,-150.0,155.0,-185.0,-1.5,8.5,espn,401696683,MIN,NYY,regular,Zebby Matthews,Will Warren,,,,,,,,
2025,2025-08-11,Detroit Tigers,Chicago White Sox,2.0,1.0,False,0|1|0|0|0|0|0|0|1,0|0|0|0|1|0|0|0|0,-125.0,105.0,-150.0,125.0,1.5,8.5,espn,401696688,DET,CHW,regular,Chris Paddack,Elvis Peguero,,,,,,,,
2025,2025-08-11,Pittsburgh Pirates,Milwaukee Brewers,1.0,7.0,False,0|0|1|0|0|0|0|0|0,1|0|4|1|0|1|0|0,155.0,-185.0,155.0,-185.0,-1.5,8.5,espn,401696689,PIT,MIL,regular,Andrew Heaney,Jose Quintana,,,,,,,,
2025,2025-08-11,Washington Nationals,Kansas City Royals,4.0,7.0,False,2|0|0|0|2|0|0|0|0,0|2|0|0|0|4|0|1,130.0,-155.0,130.0,-155.0,-1.5,8.5,espn,401696690,WSH,KC,regular,Cade Cavalli,Bailey Falter,,,,,,,,
2025,2025-08-11,Colorado Rockies,St. Louis Cardinals,2.0,3.0,False,0|0|0|0|0|0|2|0|0,0|0|1|0|0|0|0|2,-110.0,-110.0,165.0,-200.0,-1.5,8.5,espn,401696687,COL,STL,regular,Chase Dollander,Miles Mikolas,,,,,,,,
2025,2025-08-11,Arizona Diamondbacks,Texas Rangers,6.0,7.0,False,0|1|4|0|0|1|0|0|0|0,0|0|1|0|0|4|0|0|1|1,120.0,-145.0,140.0,-165.0,-1.5,7.5,espn,401696685,ARI,TEX,regular,Ryne Nelson,Nathan Eovaldi,,,,,,,,
2025,2025-08-11,Boston Red Sox,Houston Astros,6.0,7.0,False,2|0|0|0|0|0|4|0|0,0|0|3|2|2|0|0|0,-155.0,130.0,-165.0,140.0,1.5,7.5,espn,401696686,BOS,HOU,regular,Garrett Crochet,Cristian Javier,,,,,,,,
2025,2025-08-11,Los Angeles Dodgers,Los Angeles Angels,4.0,7.0,False,0|0|0|0|0|0|0|4|0,2|0|0|0|4|1|0|0,-175.0,145.0,-175.0,145.0,1.5,8.5,espn,401696691,LAD,LAA,regular,Yoshinobu Yamamoto,Jose Soriano,,,,,,,,
2025,2025-08-11,San Diego Padres,San Francisco Giants,4.0,1.0,False,0|0|0|0|0|1|3|0|0,0|0|0|0|0|1|0|0|0,-115.0,-105.0,110.0,-130.0,-1.5,7.5,espn,401696692,SD,SF,regular,Yu Darvish,Logan Webb,,,,,,,,
2025,2025-08-11,Tampa Bay Rays,Athletics,7.0,4.0,False,0|2|1|1|0|0|2|1|0,0|0|0|0|1|0|3|0|0,-125.0,105.0,-110.0,-110.0,1.5,9.5,espn,401764576,TB,ATH,regular,Ryan Pepiot,Jeffrey Springs,,,,,,,,
2025,2025-08-12,Seattle Mariners,Baltimore Orioles,1.0,0.0,False,1|0|0|0|0|0|0|0|0,0|0|0|0|0|0|0|0|0,-180.0,150.0,-155.0,130.0,1.5,9.5,espn,401696699,SEA,BAL,regular,George Kirby,Dean Kremer,,,,,,,,
2025,2025-08-12,Miami Marlins,Cleveland Guardians,3.0,4.0,False,0|0|0|0|3|0|0|0|0,2|1|0|0|0|0|0|1,100.0,-120.0,115.0,-135.0,-1.5,8.5,espn,401696696,MIA,CLE,regular,Janson Junk,Logan Allen,,,,,,,,
2025,2025-08-12,Philadelphia Phillies,Cincinnati Reds,1.0,6.0,False,0|0|0|0|0|0|0|0|1,0|0|2|1|0|3|0|0,-130.0,110.0,-150.0,125.0,1.5,9.5,espn,401696698,PHI,CIN,regular,Ranger Suarez,Brady Singer,,,,,,,,
2025,2025-08-12,Minnesota Twins,New York Yankees,1.0,9.0,False,1|0|0|0|0|0|0|0|0,1|3|0|0|1|0|3|1,160.0,-190.0,180.0,-215.0,-1.5,9.5,espn,401696697,MIN,NYY,regular,Travis Adams,Carlos Rodon,,,,,,,,
2025,2025-08-12,Chicago Cubs,Toronto Blue Jays,1.0,5.0,False,0|0|0|0|0|0|1|0|0,1|0|0|3|0|0|0|1,-120.0,100.0,105.0,-125.0,-1.5,8.5,espn,401696695,CHC,TOR,regular,Javier Assad,Jose Berrios,,,,,,,,
2025,2025-08-12,Atlanta Braves,New York Mets,5.0,13.0,False,1|0|0|4|0|0|0|0|0,0|3|2|3|2|1|2|0,115.0,-135.0,120.0,-145.0,-1.5,8.5,espn,401696694,ATL,NYM,regular,Spencer Strider,Clay Holmes,,,,,,,,
2025,2025-08-12,Detroit Tigers,Chicago White Sox,6.0,9.0,False,0|0|0|1|0|0|2|0|3,0|0|0|0|5|1|1|2,-130.0,110.0,-175.0,145.0,1.5,8.5,espn,401696703,DET,CHW,regular,Jack Flaherty,Yoendrys Gomez,,,,,,,,
2025,2025-08-12,Pittsburgh Pirates,Milwaukee Brewers,0.0,14.0,False,0|0|0|0|0|0|0|0|0,1|0|1|2|2|6|0|2,-160.0,135.0,120.0,-145.0,-1.5,6.5,espn,401696704,PIT,MIL,regular,Paul Skenes,Freddy Peralta,,,,,,,,
2025,2025-08-12,Washington Nationals,Kansas City Royals,5.0,8.0,False,0|0|0|0|1|1|2|1|0,1|0|3|0|0|3|1|0,125.0,-150.0,160.0,-190.0,-1.5,9.5,espn,401696705,WSH,KC,regular,Mitchell Parker,Michael Wacha,,,,,,,,
2025,2025-08-12,Colorado Rockies,St. Louis Cardinals,3.0,0.0,False,0|0|0|2|1|0|0|0|0,0|0|0|0|0|0|0|0|0,110.0,-130.0,155.0,-185.0,-1.5,8.5,espn,401696702,COL,STL,regular,Kyle Freeland,Matthew Liberatore,,,,,,,,
2025,2025-08-12,Arizona Diamondbacks,Texas Rangers,3.0,2.0,False,0|0|1|0|0|0|1|0|1,0|1|1|0|0|0|0|0|0,125.0,-150.0,130.0,-160.0,-1.5,8.5,espn,401696700,ARI,TEX,regular,Anthony DeSclafani,Jack Leiter,,,,,,,,
2025,2025-08-12,Boston Red Sox,Houston Astros,14.0,1.0,False,0|0|2|0|0|5|1|4|2,0|0|0|0|0|0|0|0|1,-105.0,-115.0,-110.0,-110.0,1.5,8.5,espn,401696701,BOS,HOU,regular,Dustin May,Spencer Arrighetti,,,,,,,,
2025,2025-08-12,Los Angeles Dodgers,Los Angeles Angels,6.0,7.0,False,1|2|0|0|2|0|0|0|1|0,3|0|1|1|0|0|0|0|1|1,-150.0,125.0,-180.0,145.0,1.5,9.5,espn,401696706,LAD,LAA,regular,Emmet Sheehan,Victor Mederos,,,,,,,,
2025,2025-08-12,San Diego Padres,San Francisco Giants,5.0,1.0,False,1|2|0|1|0|0|0|1|0,1|0|0|0|0|0|0|0|0,-135.0,115.0,105.0,-125.0,1.5,7.5,espn,401696707,SD,SF,regular,Nestor Cortes,Robbie Ray,,,,,,,,
2025,2025-08-12,Tampa Bay Rays,Athletics,0.0,6.0,False,0|0|0|0|0|0|0|0|0,0|1|0|3|1|0|0|1,-120.0,100.0,-105.0,-115.0,1.5,9.5,espn,401764577,TB,ATH,regular,Shane Baz,Jacob Lopez,,,,,,,,
2025,2025-08-13,Detroit Tigers,Chicago White Sox,1.0,0.0,False,0|0|0|0|0|1|0|0|0,0|0|0|0|0|0|0|0|0,-110.0,-110.0,-145.0,120.0,1.5,8.5,espn,401696718,DET,CHW,regular,Troy Melton,Shane Smith,,,,,,,,
2025,2025-08-13,Pittsburgh Pirates,Milwaukee Brewers,5.0,12.0,False,0|0|0|0|3|2|0|0|0,0|0|2|4|0|2|4|0,125.0,-150.0,205.0,-250.0,-1.5,7.5,espn,401696719,PIT,MIL,regular,Mitch Keller,Brandon Woodruff,,,,,,,,
2025,2025-08-13,Washington Nationals,Kansas City Royals,8.0,7.0,False,5|0|1|1|0|0|0|0|1,2|1|0|3|0|0|0|1|0,115.0,-135.0,145.0,-175.0,-1.5,8.5,espn,401696720,WSH,KC,regular,Jake Irvin,Seth Lugo,,,,,,,,
2025,2025-08-13,Colorado Rockies,St. Louis Cardinals,6.0,5.0,False,0|0|0|1|1|1|1|0|2,0|2|0|1|2|0|0|0|0,100.0,-120.0,185.0,-225.0,-1.5,8.5,espn,401696717,COL,STL,regular,Austin Gomber,Michael McGreevy,,,,,,,,
2025,2025-08-13,Arizona Diamondbacks,Texas Rangers,6.0,4.0,False,0|0|1|0|1|0|0|0|4,1|0|0|2|0|0|0|1|0,110.0,-130.0,125.0,-150.0,-1.5,7.5,espn,401696715,ARI,TEX,regular,Zac Gallen,Merrill Kelly,,,,,,,,
2025,2025-08-13,San Diego Padres,San Francisco Giants,11.0,1.0,False,0|7|0|0|3|0|1|0|0,0|0|0|0|0|0|1|0|0,-135.0,115.0,-150.0,125.0,1.5,7.5,espn,401696722,SD,SF,regular,Nick Pivetta,Kai-Wei Teng,,,,,,,,
2025,2025-08-13,Philadelphia Phillies,Cincinnati Reds,0.0,8.0,False,0|0|0|0|0|0|0|0|0,0|0|0|1|0|3|4|0,-145.0,120.0,-125.0,105.0,1.5,8.5,espn,401696713,PHI,CIN,regular,Cristopher Sanchez,Hunter Greene,,,,,,,,
2025,2025-08-13,Seattle Mariners,Baltimore Orioles,3.0,4.0,False,0|0|0|0|0|0|1|0|2,0|0|0|0|0|0|3|0|1,-180.0,150.0,-150.0,125.0,1.5,8.5,espn,401696714,SEA,BAL,regular,Logan Gilbert,Trevor Rogers,,,,,,,,
2025,2025-08-13,Miami Marlins,Cleveland Guardians,13.0,4.0,False,4|0|0|0|2|5|2|0|0,1|0|0|3|0|0|0|0|0,100.0,-120.0,115.0,-135.0,-1.5,7.5,espn,401696711,MIA,CLE,regular,Eury Perez,Gavin Williams,,,,,,,,
2025,2025-08-13,Minnesota Twins,New York Yankees,4.0,1.0,False,0|0|0|1|0|3|0|0|0,0|0|1|0|0|0|0|0|0,125.0,-150.0,135.0,-160.0,-1.5,8.5,espn,401696712,MIN,NYY,regular,Joe Ryan,Cam Schlittler,,,,,,,,
2025,2025-08-13,Chicago Cubs,Toronto Blue Jays,4.0,1.0,False,0|0|1|0|1|0|0|2|0,0|0|0|0|0|1|0|0|0,105.0,-125.0,110.0,-130.0,-1.5,8.5,espn,401696710,CHC,TOR,regular,Cade Horton,Kevin Gausman,,,,,,,,
2025,2025-08-13,Atlanta Braves,New York Mets,11.0,6.0,False,0|0|0|9|0|2|0|0|0,3|3|0|0|0|0|0|0|0,155.0,-185.0,165.0,-190.0,-1.5,8.5,espn,401696709,ATL,NYM,regular,Carlos Carrasco,David Peterson,,,,,,,,
2025,2025-08-13,Boston Red Sox,Houston Astros,1.0,4.0,False,0|1|0|0|0|0|0|0|0,2|0|0|0|0|2|0|0,140.0,-165.0,130.0,-155.0,-1.5,7.5,espn,401696716,BOS,HOU,regular,Walker Buehler,Hunter Brown,,,,,,,,
2025,2025-08-13,Los Angeles Dodgers,Los Angeles Angels,5.0,6.0,False,3|0|0|2|0|0|0|0|0,0|2|0|0|2|0|0|2,-175.0,145.0,-200.0,165.0,1.5,9.5,espn,401696721,LAD,LAA,regular,Shohei Ohtani,Kyle Hendricks,,,,,,,,
2025,2025-08-13,Tampa Bay Rays,Athletics,8.0,2.0,False,4|2|0|0|0|0|0|0|2,0|0|1|0|1|0|0|0|0,-150.0,125.0,-150.0,125.0,1.5,9.5,espn,401764578,TB,ATH,regular,Drew Rasmussen,J.T. Ginn,,,,,,,,
2025,2025-08-14,Seattle Mariners,Baltimore Orioles,3.0,5.0,False,0|0|0|0|0|2|0|0|1,0|0|0|3|2|0|0|0,-145.0,120.0,-130.0,110.0,1.5,9.5,espn,401696728,SEA,BAL,regular,Logan Evans,Tomoyuki Sugano,,,,,,,,
2025,2025-08-14,Chicago Cubs,Toronto Blue Jays,1.0,2.0,False,0|0|0|0|0|1|0|0|0,0|0|0|0|0|0|2|0,-110.0,-110.0,-115.0,-105.0,1.5,7.5,espn,401696725,CHC,TOR,regular,Matthew Boyd,Max Scherzer,,,,,,,,
2025,2025-08-14,Miami Marlins,Cleveland Guardians,4.0,9.0,False,3|0|0|1|0|0|0|0|0,3|0|0|0|2|0|4|0,100.0,-120.0,105.0,-125.0,1.5,7.5,espn,401696726,MIA,CLE,regular,Edward Cabrera,Tanner Bibee,,,,,,,,
2025,2025-08-14,Philadelphia Phillies,Washington Nationals,2.0,3.0,False,0|0|1|0|1|0|0|0|0,0|0|0|1|0|0|2|0,-180.0,150.0,-200.0,165.0,1.5,8.5,espn,401696727,PHI,WSH,regular,Jesus Luzardo,Brad Lord,,,,,,,,
2025,2025-08-14,Atlanta Braves,New York Mets,4.0,3.0,False,0|0|0|1|0|1|0|2|0,0|0|1|0|0|2|0|0|0,140.0,-165.0,155.0,-185.0,-1.5,8.5,espn,401696724,ATL,NYM,regular,Bryce Elder,Kodai Senga,,,,,,,,
2025,2025-08-14,Detroit Tigers,Minnesota Twins,4.0,3.0,False,0|0|0|2|0|1|0|0|0|0|1,0|0|3|0|0|0|0|0|0|0|0,-190.0,160.0,-205.0,170.0,1.5,7.5,espn,401696729,DET,MIN,regular,Tarik Skubal,Bailey Ober,,,,,,,,
2025,2025-08-14,Arizona Diamondbacks,Colorado Rockies,8.0,2.0,False,3|2|0|2|0|0|1|0|0,0|0|0|0|1|0|0|0|1,-155.0,130.0,-175.0,145.0,1.5,12.5,espn,401696730,ARI,COL,regular,Eduardo Rodriguez,Bradley Blalock,,,,,,,,
2025,2025-08-15,Pittsburgh Pirates,Chicago Cubs,3.0,2.0,False,0|0|0|1|0|0|1|0|1,0|0|0|1|0|0|1|0|0,115.0,-135.0,155.0,-185.0,-1.5,8.5,espn,401696741,PIT,CHC,regular,Braxton Ashcraft,Colin Rea,,,,,,,,
2025,2025-08-15,Milwaukee Brewers,Cincinnati Reds,10.0,8.0,False,0|1|5|2|0|1|1|0|0,1|7|0|0|0|0|0|0|0,-145.0,120.0,-135.0,115.0,1.5,8.5,espn,401696733,MIL,CIN,regular,Jacob Misiorowski,Nick Martinez,,,,,,,,
2025,2025-08-15,Philadelphia Phillies,Washington Nationals,6.0,2.0,False,2|0|0|0|0|0|4|0|0,1|0|0|1|0|0|0|0|0,-150.0,125.0,-205.0,170.0,1.5,7.5,espn,401696734,PHI,WSH,regular,Zack Wheeler,MacKenzie Gore,,,,,,,,
2025,2025-08-15,Texas Rangers,Toronto Blue Jays,5.0,6.0,False,0|3|0|0|0|0|0|2|0,0|0|0|0|0|0|2|4,-135.0,115.0,-110.0,-110.0,1.5,7.5,espn,401696736,TEX,TOR,regular,Jacob deGrom,Chris Bassitt,,,,,,,,
2025,2025-08-15,Atlanta Braves,Cleveland Guardians,2.0,0.0,False,0|0|0|1|0|0|0|0|1,0|0|0|0|0|0|0|0|0,130.0,-155.0,-105.0,-115.0,1.5,8.5,espn,401696731,ATL,CLE,regular,Hurston Waldrep,Joey Cantillo,,,,,,,,
2025,2025-08-15,Miami Marlins,Boston Red Sox,1.0,2.0,False,0|0|1|0|0|0|0|0|0,0|0|0|0|0|1|0|0|1,110.0,-130.0,140.0,-165.0,-1.5,8.5,espn,401696732,MIA,BOS,regular,Sandy Alcantara,Lucas Giolito,,,,,,,,
2025,2025-08-15,Seattle Mariners,New York Mets,11.0,9.0,False,1|1|2|0|0|1|5|1|0,1|2|0|3|0|0|0|3|0,115.0,-135.0,115.0,-135.0,1.5,8.5,espn,401696735,SEA,NYM,regular,Luis Castillo,Sean Manaea,,,,,,,,
2025,2025-08-15,Baltimore Orioles,Houston Astros,7.0,0.0,False,0|0|0|1|2|0|1|3|0,0|0|0|0|0|0|0|0|0,145.0,-175.0,175.0,-210.0,-1.5,7.5,espn,401696737,BAL,HOU,regular,Brandon Young,Framber Valdez,,,,,,,,
2025,2025-08-15,Chicago White Sox,Kansas City Royals,1.0,3.0,False,0|0|0|1|0|0|0|0|0,1|0|0|1|0|1|0|0,115.0,-135.0,150.0,-180.0,-1.5,9.5,espn,401696738,CHW,KC,regular,Aaron Civale,Noah Cameron,,,,,,,,
2025,2025-08-15,Detroit Tigers,Minnesota Twins,7.0,0.0,False,5|0|2|0|0|0|0|0|0,0|0|0|0|0|0|0|0|0,-110.0,-110.0,-135.0,115.0,1.5,9.5,espn,401696739,DET,MIN,regular,Charlie Morton,Pierson Ohl,,,,,,,,
2025,2025-08-15,New York Yankees,St. Louis Cardinals,4.0,3.0,False,3|0|1|0|0|0|0|0|0,0|0|0|0|0|1|2|0|0,-135.0,115.0,-145.0,120.0,1.5,8.5,espn,401696740,NYY,STL,regular,Luis Gil,Andre Pallante,,,,,,,,
2025,2025-08-15,Arizona Diamondbacks,Colorado Rockies,3.0,4.0,False,0|0|0|2|0|1|0|0|0,1|0|1|1|1|0|0|0,-145.0,120.0,-190.0,160.0,1.5,11.5,espn,401696742,ARI,COL,regular,Brandon Pfaadt,Tanner Gordon,,,,,,,,
2025,2025-08-15,Los Angeles Angels,Athletics,3.0,10.0,False,0|1|0|0|2|0|0|0|0,1|0|3|0|2|0|0|4,-125.0,105.0,-110.0,-110.0,1.5,9.5,espn,401764579,LAA,ATH,regular,Yusei Kikuchi,Jack Perkins,,,,,,,,
2025,2025-08-15,San Diego Padres,Los Angeles Dodgers,2.0,3.0,False,0|1|0|0|0|0|0|1|0,0|0|2|0|0|0|1|0,-120.0,100.0,120.0,-145.0,-1.5,9.5,espn,401696744,SD,LAD,regular,Wandy Peralta,Clayton Kershaw,,,,,,,,
2025,2025-08-15,Tampa Bay Rays,San Francisco Giants,7.0,6.0,False,0|1|2|3|0|0|0|0|1,1|2|3|0|0|0|0|0|0,-130.0,110.0,-105.0,-115.0,1.5,7.5,espn,401696745,TB,SF,regular,Joe Boyle,Landen Roupp,,,,,,,,
2025,2025-08-16,Pittsburgh Pirates,Chicago Cubs,1.0,3.0,False,0|0|0|1|0|0|0|0|0,0|0|0|1|0|0|0|2,130.0,-155.0,185.0,-225.0,-1.5,8.5,espn,401696756,PIT,CHC,regular,Mike Burrows,Shota Imanaga,,,,,,,,
2025,2025-08-16,Texas Rangers,Toronto Blue Jays,2.0,14.0,False,0|0|1|0|0|0|0|0|1,0|6|2|0|3|0|3|0,110.0,-130.0,145.0,-175.0,-1.5,8.5,espn,401696751,TEX,TOR,regular,Patrick Corbin,Eric Lauer,,,,,,,,
2025,2025-08-16,Philadelphia Phillies,Washington Nationals,0.0,2.0,False,0|0|0|0|0|0|0|0|0,0|0|0|0|2|0|0|0,-145.0,120.0,-155.0,120.0,1.5,9.5,espn,401696749,PHI,WSH,regular,Taijuan Walker,Cade Cavalli,,,,,,,,
2025,2025-08-16,Miami Marlins,Boston Red Sox,5.0,7.0,False,0|0|0|0|1|0|1|0|3,2|0|4|1|0|0|0|0,125.0,-150.0,160.0,-190.0,-1.5,8.5,espn,401696747,MIA,BOS,regular,Cal Quantrill,Brayan Bello,,,,,,,,
2025,2025-08-16,Seattle Mariners,New York Mets,1.0,3.0,False,0|0|0|0|0|0|0|0|1,0|0|1|0|0|0|2|0,-105.0,-115.0,-115.0,-105.0,1.5,8.5,espn,401696750,SEA,NYM,regular,Bryan Woo,Nolan McLean,,,,,,,,
2025,2025-08-16,Milwaukee Brewers,Cincinnati Reds,6.0,5.0,False,0|1|0|0|0|0|0|0|1|1|3,0|0|0|0|0|2|0|0|0|1|2,-150.0,125.0,-120.0,100.0,1.5,8.5,espn,401696748,MIL,CIN,regular,Quinn Priester,Zack Littell,,,,,,,,
2025,2025-08-16,Atlanta Braves,Cleveland Guardians,10.0,1.0,False,0|3|0|2|3|2|0|0|0,0|0|1|0|0|0|0|0|0,-145.0,120.0,-110.0,-110.0,1.5,8.5,espn,401696746,ATL,CLE,regular,Joey Wentz,Slade Cecconi,,,,,,,,
2025,2025-08-16,Baltimore Orioles,Houston Astros,4.0,5.0,False,0|0|0|0|2|0|0|2|0|0|0|0,0|1|0|2|0|0|1|0|0|0|0|1,-105.0,-120.0,115.0,-135.0,-1.5,8.5,espn,401696752,BAL,HOU,regular,Rico Garcia,Jason Alexander,,,,,,,,
2025,2025-08-16,Chicago White Sox,Kansas City Royals,2.0,6.0,False,0|0|0|0|0|0|0|2|0,1|1|1|0|2|1|0|0,-110.0,-110.0,125.0,-150.0,-1.5,9.5,espn,401696753,CHW,KC,regular,Sean Burke,Michael Lorenzen,,,,,,,,
2025,2025-08-16,Detroit Tigers,Minnesota Twins,8.0,5.0,False,1|0|1|0|0|1|3|0|2,0|0|0|0|3|0|2|0|0,-110.0,-110.0,-105.0,-115.0,1.5,8.5,espn,401696754,DET,MIN,regular,Casey Mize,Zebby Matthews,,,,,,,,
2025,2025-08-16,New York Yankees,St. Louis Cardinals,12.0,8.0,False,2|0|1|3|0|3|3|0|0,1|4|0|0|0|2|0|0|1,-135.0,115.0,-145.0,120.0,1.5,7.5,espn,401696755,NYY,STL,regular,Max Fried,Sonny Gray,,,,,,,,
2025,2025-08-16,Arizona Diamondbacks,Colorado Rockies,7.0,10.0,False,1|0|2|0|2|0|2|0|0,0|1|1|0|0|0|2|6,-175.0,145.0,-175.0,145.0,1.5,11.5,espn,401696757,ARI,COL,regular,Ryne Nelson,Chase Dollander,,,,,,,,
2025,2025-08-16,Tampa Bay Rays,San Francisco Giants,2.0,1.0,False,0|0|0|0|0|0|0|2|0,0|0|0|0|0|1|0|0|0,-125.0,105.0,-115.0,-105.0,1.5,7.5,espn,401696760,TB,SF,regular,Adrian Houser,Justin Verlander,,,,,,,,
2025,2025-08-16,San Diego Padres,Los Angeles Dodgers,0.0,6.0,False,0|0|0|0|0|0|0|0|0,3|2|0|0|1|0|0|0,100.0,-120.0,100.0,-120.0,-1.5,7.5,espn,401696759,SD,LAD,regular,Dylan Cease,Blake Snell,,,,,,,,
2025,2025-08-16,Los Angeles Angels,Athletics,2.0,7.0,False,0|1|0|0|0|0|0|0|1,2|0|2|0|1|0|0|2,100.0,-120.0,105.0,-125.0,1.5,10.5,espn,401764580,LAA,ATH,regular,Tyler Anderson,Luis Morales,,,,,,,,
2025,2025-08-17,Philadelphia Phillies,Washington Nationals,11.0,9.0,False,1|5|0|2|0|1|0|2|0,0|0|6|0|0|0|0|0|3,-165.0,140.0,-200.0,180.0,1.5,10.5,espn,401696764,PHI,WSH,regular,Aaron Nola,Mitchell Parker,,,,,,,,
2025,2025-08-17,Miami Marlins,Boston Red Sox,5.0,3.0,False,0|0|1|0|0|0|0|1|3,0|0|0|2|0|0|1|0|0,185.0,-225.0,210.0,-255.0,-1.5,8.5,espn,401696762,MIA,BOS,regular,Janson Junk,Garrett Crochet,,,,,,,,
2025,2025-08-17,Texas Rangers,Toronto Blue Jays,10.0,4.0,False,0|2|0|3|1|2|0|0|2,0|1|0|0|0|1|0|2|0,-105.0,-115.0,100.0,-120.0,1.5,7.5,espn,401696766,TEX,TOR,regular,Nathan Eovaldi,Jose Berrios,,,,,,,,
2025,2025-08-17,Atlanta Braves,Cleveland Guardians,5.0,4.0,False,0|1|0|0|2|2|0|0|0,0|0|2|2|0|0|0|0|0,120.0,-145.0,-105.0,-115.0,1.5,8.5,espn,401696761,ATL,CLE,regular,Erick Fedde,Logan Allen,,,,,,,,
2025,2025-08-17,Milwaukee Brewers,Cincinnati Reds,2.0,3.0,False,0|0|0|0|0|0|0|0|2|0,0|0|0|0|0|0|1|0|1|1,100.0,-120.0,105.0,-125.0,-1.5,9.5,espn,401696763,MIL,CIN,regular,Jose Quintana,Andrew Abbott,,,,,,,,
2025,2025-08-17,Baltimore Orioles,Houston Astros,12.0,0.0,False,0|0|1|0|4|0|2|5|0,0|0|0|0|0|0|0|0|0,-105.0,-115.0,105.0,-125.0,-1.5,8.5,espn,401696767,BAL,HOU,regular,Dean Kremer,Cristian Javier,,,,,,,,
2025,2025-08-17,Chicago White Sox,Kansas City Royals,2.0,6.0,False,1|0|0|0|0|1|0|0|0,0|0|0|0|0|0|2|4,115.0,-135.0,140.0,-175.0,-1.5,9.5,espn,401696768,CHW,KC,regular,Davis Martin,Ryan Bergert,,,,,,,,
2025,2025-08-17,Detroit Tigers,Minnesota Twins,1.0,8.0,False,0|0|1|0|0|0|0|0|0,0|1|6|1|0|0|0|0,110.0,-130.0,-125.0,105.0,1.5,9.5,espn,401696769,DET,MIN,regular,Chris Paddack,Thomas Hatch,,,,,,,,
2025,2025-08-17,New York Yankees,St. Louis Cardinals,8.0,4.0,False,0|0|0|3|0|0|1|0|4,0|0|0|2|1|1|0|0|0,-175.0,145.0,-155.0,130.0,1.5,8.5,espn,401696770,NYY,STL,regular,Will Warren,Miles Mikolas,,,,,,,,
2025,2025-08-17,Pittsburgh Pirates,Chicago Cubs,3.0,4.0,False,0|0|1|0|0|2|0|0|0,0|1|0|0|1|1|0|1,130.0,-155.0,155.0,-185.0,-1.5,7.5,espn,401696771,PIT,CHC,regular,Carmen Mlodzinski,Javier Assad,,,,,,,,
2025,2025-08-17,Arizona Diamondbacks,Colorado Rockies,5.0,6.0,False,0|0|0|0|0|4|0|0|1,0|0|0|0|1|0|4|1,-120.0,100.0,-145.0,120.0,1.5,12.5,espn,401696772,ARI,COL,regular,Nabil Crismatt,Antonio Senzatela,,,,,,,,
2025,2025-08-17,Tampa Bay Rays,San Francisco Giants,1.0,7.0,False,0|0|0|0|0|0|0|1|0,0|0|0|0|0|4|2|1,-125.0,105.0,115.0,-145.0,-1.5,7.5,espn,401696775,TB,SF,regular,Ryan Pepiot,Logan Webb,,,,,,,,
2025,2025-08-17,Los Angeles Angels,Athletics,11.0,5.0,False,3|0|0|0|2|0|0|0|0|6,1|0|2|0|0|2|0|0|0|0,-120.0,100.0,-110.0,-110.0,1.5,9.5,espn,401764581,LAA,ATH,regular,Jose Soriano,Jeffrey Springs,,,,,,,,
2025,2025-08-17,San Diego Padres,Los Angeles Dodgers,4.0,5.0,False,0|0|1|0|1|1|0|1|0,4|0|0|0|0|0|0|1,140.0,-165.0,115.0,-135.0,-1.5,8.5,espn,401696774,SD,LAD,regular,Yu Darvish,Tyler Glasnow,,,,,,,,
2025,2025-08-17,Seattle Mariners,New York Mets,3.0,7.0,True,0|0|0|1|0|0|2|0|0,0|3|0|0|4|0|0|0,-120.0,100.0,-125.0,105.0,1.5,8.5,espn,401696765,SEA,NYM,regular,George Kirby,Clay Holmes,,,,,,,,
2025,2025-08-18,Milwaukee Brewers,Chicago Cubs,7.0,0.0,False,0|0|1|0|1|1|0|4|0,0|0|0|0|0|0|0|0|0,105.0,-125.0,100.0,-120.0,1.5,7.5,espn,401785797,MIL,CHC,regular,Freddy Peralta,Cade Horton,,,,,,,,
2025,2025-08-18,Houston Astros,Detroit Tigers,0.0,10.0,False,0|0|0|0|0|0|0|0|0,0|0|0|1|4|1|4|0,105.0,-125.0,130.0,-155.0,-1.5,8.5,espn,401696778,HOU,DET,regular,Spencer Arrighetti,Jack Flaherty,,,,,,,,
2025,2025-08-18,St. Louis Cardinals,Miami Marlins,8.0,3.0,False,0|0|0|0|3|0|1|1|3,1|0|0|1|0|1|0|0|0,120.0,-145.0,125.0,-150.0,-1.5,7.5,espn,401696780,STL,MIA,regular,Matthew Liberatore,Eury Perez,,,,,,,,
2025,2025-08-18,Toronto Blue Jays,Pittsburgh Pirates,2.0,5.0,False,0|0|2|0|0|0|0|0|0,0|1|1|0|0|0|1|2,-115.0,-105.0,-110.0,-110.0,1.5,6.5,espn,401696781,TOR,PIT,regular,Kevin Gausman,Paul Skenes,,,,,,,,
2025,2025-08-18,Seattle Mariners,Philadelphia Phillies,7.0,12.0,False,0|0|0|0|0|0|4|0|3,0|6|0|0|0|1|4|1,-135.0,115.0,-105.0,-115.0,1.5,7.5,espn,401696779,SEA,PHI,regular,Logan Gilbert,Ranger Suarez,,,,,,,,
2025,2025-08-18,Baltimore Orioles,Boston Red Sox,6.0,3.0,False,0|0|1|1|0|0|2|0|2,0|0|0|0|0|0|1|0|2,125.0,-150.0,100.0,-120.0,1.5,7.5,espn,401696776,BAL,BOS,regular,Trevor Rogers,Dustin May,,,,,,,,
2025,2025-08-18,Chicago White Sox,Atlanta Braves,13.0,9.0,False,0|0|1|6|0|3|2|1|0,0|0|0|0|1|4|0|4|0,140.0,-165.0,180.0,-215.0,-1.5,8.5,espn,401696777,CHW,ATL,regular,Yoendrys Gomez,Spencer Strider,,,,,,,,
2025,2025-08-18,Texas Rangers,Kansas City Royals,3.0,4.0,False,0|1|0|0|0|1|0|1|0,1|0|2|0|1|0|0|0,-130.0,110.0,105.0,-125.0,-1.5,9.5,espn,401696783,TEX,KC,regular,Jack Leiter,Michael Wacha,,,,,,,,
2025,2025-08-18,Los Angeles Dodgers,Colorado Rockies,3.0,4.0,False,0|2|0|0|0|1|0|0|0,0|0|2|0|0|0|1|0|1,-235.0,195.0,-300.0,240.0,2.5,11.5,espn,401696784,LAD,COL,regular,Yoshinobu Yamamoto,Kyle Freeland,,,,,,,,
2025,2025-08-18,Cincinnati Reds,Los Angeles Angels,4.0,1.0,False,2|0|0|0|1|0|0|1|0,1|0|0|0|0|0|0|0|0,-120.0,100.0,-115.0,-105.0,1.5,9.5,espn,401696785,CIN,LAA,regular,Brady Singer,Victor Mederos,,,,,,,,
2025,2025-08-18,Cleveland Guardians,Arizona Diamondbacks,3.0,1.0,False,0|1|0|0|2|0|0|0|0,0|0|0|0|0|0|0|0|1,-150.0,125.0,-105.0,-115.0,1.5,8.5,espn,401696786,CLE,ARI,regular,Gavin Williams,Zac Gallen,,,,,,,,
2025,2025-08-18,San Francisco Giants,San Diego Padres,4.0,3.0,False,4|0|0|0|0|0|0|0|0,0|0|0|0|0|0|3|0|0,140.0,-165.0,115.0,-135.0,-1.5,7.5,espn,401696787,SF,SD,regular,Robbie Ray,Nestor Cortes,,,,,,,,
2025,2025-08-19,Milwaukee Brewers,Chicago Cubs,4.0,6.0,False,0|0|0|1|1|2|0|0|0,2|0|3|0|0|1|0|0,-105.0,-115.0,130.0,-155.0,-1.5,6.5,espn,401811885,MIL,CHC,regular,Chad Patrick,Matthew Boyd,,,,,,,,
2025,2025-08-19,Houston Astros,Detroit Tigers,0.0,1.0,False,0|0|0|0|0|0|0|0|0|0,0|0|0|0|0|0|0|0|0|1,110.0,-130.0,135.0,-160.0,-1.5,7.5,espn,401696790,HOU,DET,regular,Hunter Brown,Tarik Skubal,,,,,,,,
2025,2025-08-19,St. Louis Cardinals,Miami Marlins,7.0,4.0,False,1|2|1|0|2|0|1|0|0,0|0|0|2|0|2|0|0|0,135.0,-160.0,125.0,-150.0,-1.5,7.5,espn,401696794,STL,MIA,regular,Michael McGreevy,Edward Cabrera,,,,,,,,
2025,2025-08-19,Toronto Blue Jays,Pittsburgh Pirates,7.0,3.0,False,3|2|0|0|0|0|2|0|0,0|1|0|0|0|0|1|1|0,-155.0,130.0,-155.0,130.0,1.5,7.5,espn,401696795,TOR,PIT,regular,Max Scherzer,Mitch Keller,,,,,,,,
2025,2025-08-19,New York Mets,Washington Nationals,8.0,1.0,False,0|0|5|0|0|1|1|0|1,0|0|0|0|0|0|0|1|0,-235.0,195.0,-190.0,160.0,1.5,9.5,espn,401696792,NYM,WSH,regular,David Peterson,Jake Irvin,,,,,,,,
2025,2025-08-19,Seattle Mariners,Philadelphia Phillies,4.0,6.0,False,0|0|1|0|0|0|3|0|0,1|0|2|1|0|0|0|2,130.0,-155.0,175.0,-210.0,-1.5,8.5,espn,401696793,SEA,PHI,regular,Bryce Miller,Cristopher Sanchez,,,,,,,,
2025,2025-08-19,Baltimore Orioles,Boston Red Sox,4.0,3.0,False,0|0|0|0|3|0|0|0|0|0|1,0|0|1|0|0|0|0|0|2|0|0,100.0,-120.0,120.0,-145.0,-1.5,9.5,espn,401696788,BAL,BOS,regular,Tomoyuki Sugano,Walker Buehler,,,,,,,,
2025,2025-08-19,Chicago White Sox,Atlanta Braves,10.0,11.0,False,0|0|3|0|5|2|0|0|0,2|0|0|2|0|0|5|2,-105.0,-115.0,140.0,-165.0,-1.5,8.5,espn,401696789,CHW,ATL,regular,Shane Smith,Bryce Elder,,,,,,,,
2025,2025-08-19,New York Yankees,Tampa Bay Rays,13.0,3.0,False,3|2|1|4|0|2|0|0|1,0|2|0|0|0|0|0|1|0,-120.0,100.0,-130.0,110.0,1.5,8.5,espn,401696791,NYY,TB,regular,Carlos Rodon,Shane Baz,,,,,,,,
2025,2025-08-19,Athletics,Minnesota Twins,6.0,3.0,False,0|0|2|3|0|1|0|0|0,0|1|0|1|1|0|0|0|0,-130.0,110.0,130.0,-155.0,-1.5,8.5,espn,401696797,ATH,MIN,regular,Jacob Lopez,Joe Ryan,,,,,,,,
2025,2025-08-19,Texas Rangers,Kansas City Royals,2.0,5.0,False,1|0|0|1|0|0|0|0|0,1|0|0|0|0|1|1|2,-120.0,100.0,-115.0,-105.0,1.5,8.5,espn,401696798,TEX,KC,regular,Merrill Kelly,Seth Lugo,,,,,,,,
2025,2025-08-19,Milwaukee Brewers,Chicago Cubs,1.0,4.0,False,1|0|0|0|0|0|0|0|0,0|2|0|0|1|1|0|0,-105.0,-115.0,-125.0,105.0,1.5,6.5,espn,401696796,MIL,CHC,regular,Brandon Woodruff,Jameson Taillon,,,,,,,,
2025,2025-08-19,Los Angeles Dodgers,Colorado Rockies,11.0,4.0,False,2|2|3|0|0|0|3|0|1,0|0|0|2|0|2|0|0|0,-225.0,185.0,-255.0,210.0,2.5,12.5,espn,401696799,LAD,COL,regular,Emmet Sheehan,Austin Gomber,,,,,,,,
2025,2025-08-19,Cincinnati Reds,Los Angeles Angels,6.0,4.0,False,0|1|0|2|1|0|0|0|2,1|0|0|0|0|0|2|1|0,-145.0,120.0,-130.0,110.0,1.5,8.5,espn,401696800,CIN,LAA,regular,Hunter Greene,Kyle Hendricks,,,,,,,,
2025,2025-08-19,Cleveland Guardians,Arizona Diamondbacks,5.0,6.0,False,0|0|0|2|2|0|0|1|0,0|0|1|1|2|0|2|0,-105.0,-115.0,105.0,-125.0,1.5,8.5,espn,401696801,CLE,ARI,regular,Tanner Bibee,Eduardo Rodriguez,,,,,,,,
2025,2025-08-19,San Francisco Giants,San Diego Padres,1.0,5.0,False,1|0|0|0|0|0|0|0|0,1|0|0|2|1|1|0|0,130.0,-155.0,160.0,-190.0,-1.5,7.5,espn,401696802,SF,SD,regular,Kai-Wei Teng,Nick Pivetta,,,,,,,,
2025,2025-08-20,Toronto Blue Jays,Pittsburgh Pirates,1.0,2.0,False,1|0|0|0|0|0|0|0|0,2|0|0|0|0|0|0|0,-165.0,140.0,-155.0,130.0,1.5,8.5,espn,401696809,TOR,PIT,regular,Chris Bassitt,Johan Oviedo,,,,,,,,
2025,2025-08-20,Seattle Mariners,Philadelphia Phillies,2.0,11.0,False,1|0|0|0|0|0|1|0|0,1|1|0|1|0|0|5|3,105.0,-125.0,120.0,-145.0,-1.5,8.5,espn,401696807,SEA,PHI,regular,Luis Castillo,Jesus Luzardo,,,,,,,,
2025,2025-08-20,Houston Astros,Detroit Tigers,2.0,7.0,False,0|0|0|2|0|0|0|0|0,6|0|1|0|0|0|0|0,-145.0,120.0,-110.0,-110.0,1.5,8.5,espn,401696804,HOU,DET,regular,Framber Valdez,Charlie Morton,,,,,,,,
2025,2025-08-20,Cleveland Guardians,Arizona Diamondbacks,2.0,3.0,False,1|1|0|0|0|0|0|0|0|0,1|0|0|0|0|0|0|0|1|1,-150.0,125.0,-110.0,-110.0,1.5,9.5,espn,401696815,CLE,ARI,regular,Parker Messick,Brandon Pfaadt,,,,,,,,
2025,2025-08-20,St. Louis Cardinals,Miami Marlins,2.0,6.0,False,0|0|0|0|1|1|0|0|0,0|1|2|0|1|1|0|1,-105.0,-115.0,-105.0,-115.0,-1.5,8.5,espn,401696808,STL,MIA,regular,Andre Pallante,Sandy Alcantara,,,,,,,,
2025,2025-08-20,New York Mets,Washington Nationals,4.0,5.0,False,0|0|0|0|1|3|0|0|0,0|0|2|2|1|0|0|0,-160.0,135.0,-175.0,145.0,1.5,8.5,espn,401696806,NYM,WSH,regular,Kodai Senga,Brad Lord,,,,,,,,
2025,2025-08-20,Chicago White Sox,Atlanta Braves,0.0,1.0,False,0|0|0|0|0|0|0|0|0,0|0|0|1|0|0|0|0,120.0,-145.0,155.0,-185.0,-1.5,9.5,espn,401696803,CHW,ATL,regular,Martin Perez,Hurston Waldrep,,,,,,,,
2025,2025-08-20,New York Yankees,Tampa Bay Rays,6.0,4.0,False,1|0|0|0|1|0|0|1|0|3,0|0|0|0|0|0|0|1|2|1,110.0,-130.0,-105.0,-115.0,1.5,8.5,espn,401696805,NYY,TB,regular,Cam Schlittler,Drew Rasmussen,,,,,,,,
2025,2025-08-20,Athletics,Minnesota Twins,4.0,2.0,False,0|1|0|1|0|0|0|0|0|2,0|0|0|0|2|0|0|0|0|0,-150.0,125.0,115.0,-135.0,-1.5,9.5,espn,401696811,ATH,MIN,regular,J.T. Ginn,Bailey Ober,,,,,,,,
2025,2025-08-20,Texas Rangers,Kansas City Royals,6.0,3.0,False,1|0|1|0|0|0|1|0|3,3|0|0|0|0|0|0|0|0,-130.0,110.0,120.0,-145.0,-1.5,8.5,espn,401696812,TEX,KC,regular,Caleb Boushley,Noah Cameron,,,,,,,,
2025,2025-08-20,Milwaukee Brewers,Chicago Cubs,3.0,4.0,False,0|1|0|0|0|1|0|0|1,0|0|3|0|0|0|0|1,-115.0,-105.0,-125.0,105.0,1.5,6.5,espn,401696810,MIL,CHC,regular,Jacob Misiorowski,Colin Rea,,,,,,,,
2025,2025-08-20,Los Angeles Dodgers,Colorado Rockies,3.0,8.0,False,0|0|0|0|0|1|0|0|2,0|2|0|3|0|1|0|2,-225.0,185.0,-300.0,240.0,3.5,11.5,espn,401696813,LAD,COL,regular,Shohei Ohtani,Tanner Gordon,,,,,,,,
2025,2025-08-20,Cincinnati Reds,Los Angeles Angels,1.0,2.0,False,0|0|1|0|0|0|0|0|0,0|0|0|1|0|0|0|1,125.0,-150.0,105.0,-125.0,-1.5,8.5,espn,401696814,CIN,LAA,regular,Nick Martinez,Yusei Kikuchi,,,,,,,,
2025,2025-08-20,San Francisco Giants,San Diego Padres,1.0,8.0,False,0|0|0|1|0|0|0|0|0,1|1|4|0|0|0|1|1,135.0,-160.0,120.0,-145.0,-1.5,8.5,espn,401696816,SF,SD,regular,Landen Roupp,JP Sears,,,,,,,,
2025,2025-08-21,Athletics,Minnesota Twins,8.0,3.0,False,0|6|0|0|0|1|1|0|0,0|0|0|2|0|0|0|0|1,-130.0,110.0,-120.0,100.0,1.5,9.5,espn,401696821,ATH,MIN,regular,Jack Perkins,Jose Urena,,,,,,,,
2025,2025-08-21,Texas Rangers,Kansas City Royals,4.0,6.0,False,0|0|1|0|3|0|0|0|0,0|1|1|2|1|0|1|0,-125.0,105.0,100.0,-120.0,1.5,9.5,espn,401696822,TEX,KC,regular,Patrick Corbin,Michael Lorenzen,,,,,,,,
2025,2025-08-21,Milwaukee Brewers,Chicago Cubs,4.0,1.0,False,0|2|0|0|0|0|0|2|0,0|0|0|0|1|0|0|0|0,115.0,-135.0,115.0,-145.0,-1.5,6.5,espn,401696820,MIL,CHC,regular,Quinn Priester,Shota Imanaga,,,,,,,,
2025,2025-08-21,Los Angeles Dodgers,Colorado Rockies,9.0,5.0,False,2|2|1|2|1|0|0|1|0,1|0|0|1|0|1|0|2|0,-135.0,115.0,-225.0,185.0,2.5,11.5,espn,401696823,LAD,COL,regular,Clayton Kershaw,Chase Dollander,,,,,,,,
2025,2025-08-21,New York Mets,Washington Nationals,3.0,9.0,False,1|0|1|1|0|0|0|0|0,0|0|0|1|3|1|0|4,-150.0,125.0,-145.0,120.0,1.5,8.5,espn,401696819,NYM,WSH,regular,Sean Manaea,MacKenzie Gore,,,,,,,,
2025,2025-08-21,San Francisco Giants,San Diego Padres,4.0,8.0,False,0|0|2|0|0|2|0|0|0,0|0|0|2|6|0|0|0,195.0,-235.0,155.0,-185.0,-1.5,7.5,espn,401696824,SF,SD,regular,Justin Verlander,Dylan Cease,,,,,,,,
2025,2025-08-21,Boston Red Sox,New York Yankees,6.0,3.0,False,0|1|0|0|1|1|1|0|2,0|1|0|1|1|0|0|0|0,150.0,-180.0,120.0,-145.0,-1.5,8.5,espn,401696817,BOS,NYY,regular,Lucas Giolito,Luis Gil,,,,,,,,
2025,2025-08-21,Houston Astros,Baltimore Orioles,7.0,2.0,False,2|2|3|0|0|0|0|0|0,0|1|0|0|0|1|0|0|0,-115.0,-105.0,105.0,-125.0,1.5,8.5,espn,401696818,HOU,BAL,regular,Jason Alexander,Brandon Young,,,,,,,,
2025,2025-08-21,St. Louis Cardinals,Tampa Bay Rays,7.0,4.0,False,0|5|0|1|0|0|1|0|0,1|0|2|0|0|0|1|0|0,120.0,-145.0,-115.0,-105.0,1.5,8.5,espn,401696845,STL,TB,regular,Sonny Gray,Joe Boyle,,,,,,,,
2025,2025-08-22,Colorado Rockies,Pittsburgh Pirates,0.0,9.0,False,0|0|0|0|0|0|0|0|0,2|3|0|0|0|3|0|1,100.0,-120.0,195.0,-235.0,-1.5,8.5,espn,401696826,COL,PIT,regular,Antonio Senzatela,Braxton Ashcraft,,,,,,,,
2025,2025-08-22,Washington Nationals,Philadelphia Phillies,5.0,4.0,False,3|0|0|0|0|0|0|0|2,0|1|0|0|0|2|1|0|0,105.0,-125.0,165.0,-200.0,-1.5,9.5,espn,401696832,WSH,PHI,regular,Cade Cavalli,Taijuan Walker,,,,,,,,
2025,2025-08-22,Boston Red Sox,New York Yankees,1.0,0.0,False,0|0|0|0|0|0|1|0|0,0|0|0|0|0|0|0|0|0,145.0,-175.0,160.0,-190.0,-1.5,8.5,espn,401696825,BOS,NYY,regular,Brayan Bello,Max Fried,,,,,,,,
2025,2025-08-22,Houston Astros,Baltimore Orioles,10.0,7.0,False,0|0|4|0|3|0|0|3|0,0|0|0|3|0|2|1|1|0,-105.0,-115.0,-115.0,-105.0,1.5,9.5,espn,401696827,HOU,BAL,regular,Lance McCullers Jr.,Cade Povich,,,,,,,,
2025,2025-08-22,Kansas City Royals,Detroit Tigers,5.0,7.0,False,0|0|3|0|0|0|0|0|2,0|0|1|0|0|2|4|0,-105.0,-115.0,125.0,-150.0,-1.5,8.5,espn,401696828,KC,DET,regular,Ryan Bergert,Casey Mize,,,,,,,,
2025,2025-08-22,Toronto Blue Jays,Miami Marlins,5.0,2.0,False,3|0|0|0|0|2|0|0|0,0|1|0|0|0|0|0|1|0,-160.0,135.0,-165.0,140.0,1.5,8.5,espn,401696831,TOR,MIA,regular,Shane Bieber,Ryan Gusto,,,,,,,,
2025,2025-08-22,New York Mets,Atlanta Braves,12.0,7.0,False,0|2|2|3|0|0|2|3|0,0|0|1|1|0|0|0|2|3,-115.0,-105.0,-105.0,-115.0,1.5,8.5,espn,401696829,NYM,ATL,regular,Nolan McLean,Joey Wentz,,,,,,,,
2025,2025-08-22,St. Louis Cardinals,Tampa Bay Rays,6.0,10.0,False,0|1|0|0|0|1|4|0|0,1|2|2|2|0|0|2|1,130.0,-155.0,115.0,-135.0,-1.5,8.5,espn,401696830,STL,TB,regular,Miles Mikolas,Adrian Houser,,,,,,,,
2025,2025-08-22,Minnesota Twins,Chicago White Sox,9.0,7.0,False,0|0|0|4|0|2|2|0|1,1|0|0|1|2|0|0|3|0,-120.0,100.0,-130.0,110.0,1.5,8.5,espn,401696834,MIN,CHW,regular,Zebby Matthews,Aaron Civale,,,,,,,,
2025,2025-08-22,Cleveland Guardians,Texas Rangers,3.0,4.0,False,0|1|0|0|0|0|0|2|0,0|0|0|0|1|1|0|0|2,140.0,-165.0,135.0,-160.0,-1.5,7.5,espn,401696833,CLE,TEX,regular,Slade Cecconi,Nathan Eovaldi,,,,,,,,
2025,2025-08-22,San Francisco Giants,Milwaukee Brewers,4.0,5.0,False,1|1|0|0|0|0|0|1|1,0|0|0|2|0|0|2|0|1,-110.0,-110.0,150.0,-180.0,-1.5,8.5,espn,401696835,SF,MIL,regular,Carson Whisenhunt,Jose Quintana,,,,,,,,
2025,2025-08-22,Chicago Cubs,Los Angeles Angels,3.0,2.0,False,1|0|1|0|0|0|0|0|1,0|0|0|0|1|0|1|0|0,-145.0,120.0,-135.0,115.0,1.5,9.5,espn,401696836,CHC,LAA,regular,Javier Assad,Tyler Anderson,,,,,,,,
2025,2025-08-22,Cincinnati Reds,Arizona Diamondbacks,5.0,6.0,False,0|2|0|0|0|1|0|1|0|1|0,1|0|3|0|0|0|0|0|0|1|1,115.0,-135.0,115.0,-135.0,-1.5,8.5,espn,401696837,CIN,ARI,regular,Zack Littell,Ryne Nelson,,,,,,,,
2025,2025-08-22,Los Angeles Dodgers,San Diego Padres,1.0,2.0,False,0|0|1|0|0|0|0|0|0,0|0|0|2|0|0|0|0,-130.0,110.0,-125.0,105.0,1.5,8.5,espn,401696838,LAD,SD,regular,Blake Snell,Yu Darvish,,,,,,,,
2025,2025-08-22,Athletics,Seattle Mariners,2.0,3.0,False,1|0|0|0|0|0|0|0|1,0|0|0|0|1|0|2|0,135.0,-160.0,185.0,-225.0,-1.5,8.5,espn,401696839,ATH,SEA,regular,Luis Morales,Bryan Woo,,,,,,,,
2025,2025-08-23,Boston Red Sox,New York Yankees,12.0,1.0,False,0|0|2|2|1|0|0|0|7,0|0|0|1|0|0|0|0|0,-135.0,115.0,-120.0,100.0,1.5,8.5,espn,401696840,BOS,NYY,regular,Garrett Crochet,Will Warren,,,,,,,,
2025,2025-08-23,Toronto Blue Jays,Miami Marlins,7.0,6.0,False,0|0|1|0|0|2|1|0|0|1|1|1,0|0|0|0|0|0|3|0|1|1|1|0,-150.0,125.0,-145.0,120.0,1.5,8.5,espn,401696846,TOR,MIA,regular,Jose Berrios,Janson Junk,,,,,,,,
2025,2025-08-23,Washington Nationals,Philadelphia Phillies,4.0,6.0,False,0|0|0|0|1|2|0|1|0,0|0|0|5|1|0|0|0,145.0,-175.0,210.0,-255.0,-1.5,10.5,espn,401696847,WSH,PHI,regular,Mitchell Parker,Aaron Nola,,,,,,,,
2025,2025-08-23,Kansas City Royals,Detroit Tigers,2.0,4.0,False,0|0|0|1|0|1|0|0|0,0|0|1|1|1|0|0|1,100.0,-125.0,110.0,-130.0,-1.5,8.5,espn,401696843,KC,DET,regular,Michael Wacha,Chris Paddack,,,,,,,,
2025,2025-08-23,Colorado Rockies,Pittsburgh Pirates,1.0,5.0,False,0|0|0|0|0|0|0|0|1,0|2|2|0|1|0|0|0,-115.0,-105.0,150.0,-180.0,-1.5,8.5,espn,401696841,COL,PIT,regular,Kyle Freeland,Mike Burrows,,,,,,,,
2025,2025-08-23,Houston Astros,Baltimore Orioles,9.0,8.0,False,5|0|2|0|0|0|2|0|0,3|2|0|1|1|0|0|1|0,-105.0,-115.0,100.0,-120.0,-1.5,8.5,espn,401696842,HOU,BAL,regular,Cristian Javier,Dean Kremer,,,,,,,,
2025,2025-08-23,Cleveland Guardians,Texas Rangers,0.0,10.0,False,0|0|0|0|0|0|0|0|0,0|2|3|2|2|1|0|0,-105.0,-115.0,115.0,-135.0,-1.5,8.5,espn,401696848,CLE,TEX,regular,Logan Allen,Jack Leiter,,,,,,,,
2025,2025-08-23,Minnesota Twins,Chicago White Sox,3.0,7.0,False,0|1|0|1|0|0|1|0|0,0|6|0|0|0|0|0|1,100.0,-120.0,-110.0,-110.0,1.5,9.5,espn,401696849,MIN,CHW,regular,Mick Abel,Davis Martin,,,,,,,,
2025,2025-08-23,San Francisco Giants,Milwaukee Brewers,7.0,1.0,False,0|0|0|0|0|3|4|0|0,0|1|0|0|0|0|0|0|0,135.0,-160.0,120.0,-145.0,-1.5,7.5,espn,401696850,SF,MIL,regular,Logan Webb,Freddy Peralta,,,,,,,,
2025,2025-08-23,New York Mets,Atlanta Braves,9.0,2.0,False,0|0|3|0|0|0|4|0|2,0|0|0|2|0|0|0|0|0,-125.0,105.0,-120.0,100.0,1.5,9.5,espn,401696844,NYM,ATL,regular,Clay Holmes,Cal Quantrill,,,,,,,,
2025,2025-08-23,Cincinnati Reds,Arizona Diamondbacks,1.0,10.0,False,0|0|0|0|0|0|0|1|0,3|0|2|2|1|0|0|2,-110.0,-110.0,-120.0,100.0,1.5,8.5,espn,401696852,CIN,ARI,regular,Andrew Abbott,Jalen Beeks,,,,,,,,
2025,2025-08-23,Los Angeles Dodgers,San Diego Padres,1.0,5.0,False,0|0|0|0|0|0|0|1|0,0|0|0|3|0|0|0|2,-130.0,110.0,-145.0,120.0,1.5,8.5,espn,401696853,LAD,SD,regular,Tyler Glasnow,Nestor Cortes,,,,,,,,
2025,2025-08-23,Chicago Cubs,Los Angeles Angels,12.0,1.0,False,0|0|2|4|0|4|2|0|0,0|0|0|0|0|0|1|0|0,-135.0,115.0,-155.0,130.0,1.5,9.5,espn,401696851,CHC,LAA,regular,Cade Horton,Victor Mederos,,,,,,,,
2025,2025-08-23,Athletics,Seattle Mariners,2.0,1.0,False,0|0|0|1|0|0|0|0|0|1,0|0|0|0|0|1|0|0|0|0,120.0,-145.0,145.0,-175.0,-1.5,8.5,espn,401696854,ATH,SEA,regular,Jeffrey Springs,George Kirby,,,,,,,,
2025,2025-08-24,Colorado Rockies,Pittsburgh Pirates,0.0,4.0,False,0|0|0|0|0|0|0|0|0,0|0|0|4|0|0|0|0,140.0,-165.0,235.0,-290.0,-2.5,7.5,espn,401696856,COL,PIT,regular,McCade Brown,Paul Skenes,,,,,,,,
2025,2025-08-24,St. Louis Cardinals,Tampa Bay Rays,2.0,7.0,False,0|0|0|0|0|0|1|0|1,0|0|0|1|4|2|0|0,120.0,-145.0,120.0,-145.0,-1.5,8.5,espn,401696860,STL,TB,regular,Matthew Liberatore,Ryan Pepiot,,,,,,,,
2025,2025-08-24,Houston Astros,Baltimore Orioles,2.0,3.0,False,0|0|1|0|0|0|0|1|0,1|0|0|0|0|1|1|0,-130.0,110.0,115.0,-135.0,-1.5,8.5,espn,401696857,HOU,BAL,regular,Spencer Arrighetti,Trevor Rogers,,,,,,,,
2025,2025-08-24,New York Mets,Atlanta Braves,3.0,4.0,False,0|2|0|0|0|0|0|0|1,0|0|0|0|0|2|0|2,-135.0,115.0,-145.0,120.0,1.5,9.5,espn,401696859,NYM,ATL,regular,David Peterson,Bryce Elder,,,,,,,,
2025,2025-08-24,Washington Nationals,Philadelphia Phillies,2.0,3.0,False,0|0|0|0|0|0|0|1|1,0|2|1|0|0|0|0|0,195.0,-235.0,210.0,-255.0,-2.5,9.5,espn,401696862,WSH,PHI,regular,Jake Irvin,Ranger Suarez,,,,,,,,
2025,2025-08-24,Kansas City Royals,Detroit Tigers,10.0,8.0,False,0|0|6|0|0|3|1|0|0,0|1|0|3|3|0|1|0|0,110.0,-135.0,130.0,-155.0,-1.5,8.5,espn,401696858,KC,DET,regular,Seth Lugo,Jack Flaherty,,,,,,,,
2025,2025-08-24,Toronto Blue Jays,Miami Marlins,3.0,5.0,False,0|0|0|0|0|0|3|0|0,0|0|1|0|3|0|1|0,-110.0,-110.0,-130.0,110.0,1.5,7.5,espn,401696861,TOR,MIA,regular,Kevin Gausman,Eury Perez,,,,,,,,
2025,2025-08-24,Minnesota Twins,Chicago White Sox,0.0,8.0,False,0|0|0|0|0|0|0|0|0,3|4|0|0|0|0|1|0,-125.0,105.0,-115.0,-105.0,1.5,9.5,espn,401696864,MIN,CHW,regular,Taj Bradley,Yoendrys Gomez,,,,,,,,
2025,2025-08-24,San Francisco Giants,Milwaukee Brewers,4.0,3.0,False,0|2|0|0|0|0|0|0|2,0|1|1|0|1|0|0|0|0,120.0,-145.0,110.0,-130.0,-1.5,8.5,espn,401696865,SF,MIL,regular,Robbie Ray,Chad Patrick,,,,,,,,
2025,2025-08-24,Cleveland Guardians,Texas Rangers,0.0,5.0,False,0|0|0|0|0|0|0|0|0,0|0|0|4|0|0|1|0,-115.0,-105.0,110.0,-130.0,1.5,7.5,espn,401696863,CLE,TEX,regular,Gavin Williams,Merrill Kelly,,,,,,,,
2025,2025-08-24,Chicago Cubs,Los Angeles Angels,4.0,3.0,False,0|0|1|1|2|0|0|0|0,1|0|0|0|0|2|0|0|0,-120.0,100.0,-145.0,115.0,1.5,9.5,espn,401696866,CHC,LAA,regular,Jameson Taillon,Kyle Hendricks,,,,,,,,
2025,2025-08-24,Cincinnati Reds,Arizona Diamondbacks,6.0,1.0,False,0|0|0|0|0|1|0|5|0,1|0|0|0|0|0|0|0|0,-130.0,110.0,110.0,-130.0,-1.5,8.5,espn,401696867,CIN,ARI,regular,Brady Singer,Zac Gallen,,,,,,,,
2025,2025-08-24,Los Angeles Dodgers,San Diego Padres,8.0,2.0,False,1|0|0|0|0|1|5|0|1,0|0|2|0|0|0|0|0|0,-115.0,-105.0,-115.0,-105.0,1.5,8.5,espn,401696868,LAD,SD,regular,Yoshinobu Yamamoto,Nick Pivetta,,,,,,,,
2025,2025-08-24,Athletics,Seattle Mariners,4.0,11.0,False,0|1|0|0|0|0|2|1|0,2|3|6|0|0|0|0|0,110.0,-130.0,150.0,-180.0,-1.5,7.5,espn,401696869,ATH,SEA,regular,Jacob Lopez,Logan Gilbert,,,,,,,,
2025,2025-08-24,Boston Red Sox,New York Yankees,2.0,7.0,False,0|0|0|0|0|2|0|0|0,0|2|1|1|1|0|0|2,145.0,-175.0,135.0,-160.0,-1.5,8.5,espn,401696855,BOS,NYY,regular,Dustin May,Carlos Rodon,,,,,,,,
2025,2025-08-25,Boston Red Sox,Baltimore Orioles,4.0,3.0,False,1|0|0|0|3|0|0|0|0,0|1|2|0|0|0|0|0|0,-175.0,145.0,-125.0,105.0,1.5,8.5,espn,401696871,BOS,BAL,regular,Brennan Bernardino,Tomoyuki Sugano,,,,,,,,
2025,2025-08-25,Atlanta Braves,Miami Marlins,1.0,2.0,False,0|0|0|0|0|0|0|0|1,0|0|0|0|1|0|0|1,-115.0,-105.0,-120.0,100.0,1.5,7.5,espn,401696870,ATL,MIA,regular,Spencer Strider,Edward Cabrera,,,,,,,,
2025,2025-08-25,Tampa Bay Rays,Cleveland Guardians,9.0,0.0,False,0|0|0|2|2|0|4|0|1,0|0|0|0|0|0|0|0|0,-115.0,-105.0,100.0,-120.0,-1.5,7.5,espn,401696874,TB,CLE,regular,Ian Seymour,Tanner Bibee,,,,,,,,
2025,2025-08-25,Washington Nationals,New York Yankees,5.0,10.0,False,0|0|0|0|0|0|0|0|5,1|0|1|0|5|0|3|0,145.0,-175.0,200.0,-240.0,-1.5,9.5,espn,401696875,WSH,NYY,regular,Brad Lord,Cam Schlittler,,,,,,,,
2025,2025-08-25,Minnesota Twins,Toronto Blue Jays,4.0,10.0,False,0|0|0|1|0|3|0|0|0,4|1|0|1|0|4|0|0,115.0,-135.0,120.0,-145.0,-1.5,7.5,espn,401696872,MIN,TOR,regular,Joe Ryan,Max Scherzer,,,,,,,,
2025,2025-08-25,Philadelphia Phillies,New York Mets,3.0,13.0,False,1|0|2|0|0|0|0|0|0,0|0|0|3|1|2|4|3,-150.0,125.0,-130.0,110.0,1.5,7.5,espn,401696873,PHI,NYM,regular,Cristopher Sanchez,Kodai Senga,,,,,,,,
2025,2025-08-25,Arizona Diamondbacks,Milwaukee Brewers,5.0,7.0,False,0|0|0|0|0|5|0|0|0,0|0|5|1|0|0|0|1,115.0,-135.0,160.0,-190.0,-1.5,8.5,espn,401696877,ARI,MIL,regular,Eduardo Rodriguez,Brandon Woodruff,,,,,,,,
2025,2025-08-25,Kansas City Royals,Chicago White Sox,0.0,7.0,False,0|0|0|0|0|0|0|0|0,3|0|0|3|0|0|1|0,-115.0,-110.0,-135.0,115.0,1.5,8.5,espn,401696878,KC,CHW,regular,Noah Cameron,Shane Smith,,,,,,,,
2025,2025-08-25,Pittsburgh Pirates,St. Louis Cardinals,6.0,7.0,False,1|0|3|0|0|0|1|0|1,0|1|0|0|5|0|0|0|1,-110.0,-110.0,110.0,-130.0,-1.5,7.5,espn,401696879,PIT,STL,regular,Johan Oviedo,Michael McGreevy,,,,,,,,
2025,2025-08-25,Los Angeles Angels,Texas Rangers,4.0,0.0,False,1|0|0|1|0|1|0|0|1,0|0|0|0|0|0|0|0|0,125.0,-150.0,160.0,-190.0,-1.5,7.5,espn,401696876,LAA,TEX,regular,Jose Soriano,Jacob deGrom,,,,,,,,
2025,2025-08-25,San Diego Padres,Seattle Mariners,6.0,9.0,False,0|4|0|0|0|0|1|0|1,1|2|0|1|5|0|0|0,-110.0,-110.0,110.0,-130.0,-1.5,8.5,espn,401696882,SD,SEA,regular,JP Sears,Bryce Miller,,,,,,,,
2025,2025-08-25,Detroit Tigers,Athletics,3.0,8.0,False,0|0|0|0|0|3|0|0|0,0|0|0|0|0|1|5|2,-145.0,120.0,-215.0,180.0,2.5,9.5,espn,401764582,DET,ATH,regular,Tarik Skubal,J.T. Ginn,,,,,,,,
2025,2025-08-25,Cincinnati Reds,Los Angeles Dodgers,0.0,7.0,False,0|0|0|0|0|0|0|0|0,0|0|1|0|2|2|1|1,125.0,-150.0,120.0,-145.0,-1.5,7.5,espn,401696880,CIN,LAD,regular,Hunter Greene,Emmet Sheehan,,,,,,,,
2025,2025-08-26,Boston Red Sox,Baltimore Orioles,5.0,0.0,False,0|1|1|0|0|0|0|1|2,0|0|0|0|0|0|0|0|0,100.0,-120.0,-120.0,100.0,1.5,8.5,espn,401696884,BOS,BAL,regular,Lucas Giolito,Kyle Bradish,,,,,,,,
2025,2025-08-26,Atlanta Braves,Miami Marlins,11.0,2.0,False,1|0|0|1|0|0|0|0|9,1|0|0|0|0|0|1|0|0,-105.0,-115.0,-125.0,105.0,1.5,7.5,espn,401696883,ATL,MIA,regular,Hurston Waldrep,Sandy Alcantara,,,,,,,,
2025,2025-08-26,Tampa Bay Rays,Cleveland Guardians,0.0,3.0,False,0|0|0|0|0|0|0|0|0,3|0|0|0|0|0|0|0,-130.0,110.0,-105.0,-115.0,-1.5,7.5,espn,401696887,TB,CLE,regular,Shane Baz,Parker Messick,,,,,,,,
2025,2025-08-26,Washington Nationals,New York Yankees,1.0,5.0,False,0|0|1|0|0|0|0|0|0,0|0|3|0|0|2|0|0,115.0,-135.0,165.0,-200.0,-1.5,9.5,espn,401696888,WSH,NYY,regular,MacKenzie Gore,Luis Gil,,,,,,,,
2025,2025-08-26,Minnesota Twins,Toronto Blue Jays,7.0,5.0,False,0|0|0|0|0|2|1|0|4,2|1|0|0|1|0|0|0|1,145.0,-175.0,170.0,-205.0,-1.5,8.5,espn,401696885,MIN,TOR,regular,Bailey Ober,Chris Bassitt,,,,,,,,
2025,2025-08-26,Philadelphia Phillies,New York Mets,5.0,6.0,False,0|0|0|0|2|1|0|2|0,0|0|0|0|5|0|0|0|1,-120.0,100.0,-110.0,-110.0,1.5,8.5,espn,401696886,PHI,NYM,regular,Jesus Luzardo,Sean Manaea,,,,,,,,
2025,2025-08-26,Arizona Diamondbacks,Milwaukee Brewers,8.0,9.0,False,0|0|0|3|0|0|3|2|0,1|0|5|0|0|2|0|0|1,120.0,-145.0,145.0,-175.0,-1.5,8.5,espn,401696890,ARI,MIL,regular,Brandon Pfaadt,Jacob Misiorowski,,,,,,,,
2025,2025-08-26,Kansas City Royals,Chicago White Sox,5.0,4.0,False,0|0|0|0|0|0|0|2|3,0|1|0|0|0|3|0|0|0,-110.0,-110.0,-115.0,-105.0,1.5,8.5,espn,401696892,KC,CHW,regular,Michael Lorenzen,Martin Perez,,,,,,,,
2025,2025-08-26,Pittsburgh Pirates,St. Louis Cardinals,8.0,3.0,False,5|2|1|0|0|0|0|0|0,0|0|0|2|0|1|0|0|0,100.0,-120.0,105.0,-125.0,-1.5,8.5,espn,401696893,PIT,STL,regular,Mitch Keller,Andre Pallante,,,,,,,,
2025,2025-08-26,Los Angeles Angels,Texas Rangers,3.0,7.0,False,0|0|0|0|0|0|0|0|3,3|2|0|1|0|0|1|0,-135.0,115.0,-105.0,-115.0,1.5,8.5,espn,401696889,LAA,TEX,regular,Yusei Kikuchi,Patrick Corbin,,,,,,,,
2025,2025-08-26,Colorado Rockies,Houston Astros,6.0,1.0,False,0|0|4|0|2|0|0|0|0,0|1|0|0|0|0|0|0|0,160.0,-190.0,285.0,-360.0,-1.5,8.5,espn,401696891,COL,HOU,regular,Tanner Gordon,Hunter Brown,,,,,,,,
2025,2025-08-26,San Diego Padres,Seattle Mariners,7.0,6.0,False,5|0|0|0|0|2|0|0|0,0|0|0|0|6|0|0|0|0,-155.0,130.0,-105.0,-115.0,1.5,8.5,espn,401696897,SD,SEA,regular,Dylan Cease,Luis Castillo,,,,,,,,
2025,2025-08-26,Chicago Cubs,San Francisco Giants,2.0,5.0,False,0|0|0|1|1|0|0|0|0,0|1|0|0|2|2|0|0,-145.0,120.0,-155.0,130.0,1.5,7.5,espn,401696894,CHC,SF,regular,Matthew Boyd,Justin Verlander,,,,,,,,
2025,2025-08-26,Detroit Tigers,Athletics,6.0,7.0,False,0|0|4|0|1|0|0|0|0|1,3|0|2|0|0|0|0|0|0|2,-105.0,-115.0,-125.0,105.0,1.5,10.5,espn,401764583,DET,ATH,regular,Charlie Morton,Osvaldo Bido,,,,,,,,
2025,2025-08-26,Cincinnati Reds,Los Angeles Dodgers,3.0,6.0,False,1|0|0|0|0|0|2|0|0,1|0|0|1|0|4|0|0,155.0,-185.0,155.0,-185.0,-1.5,8.5,espn,401696895,CIN,LAD,regular,Nick Martinez,Clayton Kershaw,,,,,,,,
2025,2025-08-27,Washington Nationals,New York Yankees,2.0,11.0,False,0|0|0|0|0|1|0|0|1,1|0|9|1|0|0|0|0,195.0,-235.0,230.0,-285.0,-1.5,8.5,espn,401696903,WSH,NYY,regular,Cade Cavalli,Max Fried,,,,,,,,
2025,2025-08-27,Atlanta Braves,Miami Marlins,12.0,1.0,False,1|0|5|3|0|2|1|0|0,0|0|0|0|1|0|0|0|0,-135.0,115.0,-125.0,105.0,1.5,8.5,espn,401696898,ATL,MIA,regular,Joey Wentz,Ryan Gusto,,,,,,,,
2025,2025-08-27,Tampa Bay Rays,Cleveland Guardians,3.0,4.0,False,0|1|2|0|0|0|0|0|0|0,0|1|0|0|1|0|0|0|1|1,-175.0,145.0,-155.0,130.0,1.5,7.5,espn,401696902,TB,CLE,regular,Drew Rasmussen,Slade Cecconi,,,,,,,,
2025,2025-08-27,San Diego Padres,Seattle Mariners,3.0,4.0,False,0|0|0|0|0|2|0|0|1,0|1|0|3|0|0|0|0,110.0,-130.0,130.0,-155.0,-1.5,7.5,espn,401696912,SD,SEA,regular,Yu Darvish,Bryan Woo,,,,,,,,
2025,2025-08-27,Boston Red Sox,Baltimore Orioles,3.0,2.0,False,1|0|0|0|0|0|0|0|2,0|1|0|0|0|0|1|0|0,100.0,-120.0,-145.0,120.0,1.5,8.5,espn,401696899,BOS,BAL,regular,Brayan Bello,Dietrich Enns,,,,,,,,
2025,2025-08-27,Minnesota Twins,Toronto Blue Jays,8.0,9.0,False,1|0|2|3|2|0|0|0|0,0|1|2|2|0|1|0|3,130.0,-155.0,160.0,-190.0,-1.5,9.5,espn,401696900,MIN,TOR,regular,Simeon Woods Richardson,Eric Lauer,,,,,,,,
2025,2025-08-27,Philadelphia Phillies,New York Mets,0.0,6.0,False,0|0|0|0|0|0|0|0|0,0|0|3|0|1|0|2|0,130.0,-155.0,130.0,-155.0,-1.5,8.5,espn,401696901,PHI,NYM,regular,Taijuan Walker,Nolan McLean,,,,,,,,
2025,2025-08-27,Arizona Diamondbacks,Milwaukee Brewers,3.0,2.0,False,0|0|0|0|0|2|0|1|0,0|1|0|0|0|0|0|1|0,105.0,-125.0,120.0,-145.0,-1.5,8.5,espn,401696905,ARI,MIL,regular,Ryne Nelson,Aaron Ashby,,,,,,,,
2025,2025-08-27,Kansas City Royals,Chicago White Sox,12.0,1.0,False,0|0|0|0|8|3|0|1|0,0|0|0|1|0|0|0|0|0,-115.0,-105.0,-130.0,110.0,1.5,8.5,espn,401696907,KC,CHW,regular,Ryan Bergert,Aaron Civale,,,,,,,,
2025,2025-08-27,Pittsburgh Pirates,St. Louis Cardinals,2.0,1.0,False,0|0|0|0|0|2|0|0|0,0|1|0|0|0|0|0|0|0,120.0,-145.0,145.0,-175.0,-1.5,7.5,espn,401696908,PIT,STL,regular,Carmen Mlodzinski,Sonny Gray,,,,,,,,
2025,2025-08-27,Los Angeles Angels,Texas Rangers,3.0,20.0,False,1|0|0|0|1|0|1|0|0,4|3|0|4|1|0|8|0,110.0,-130.0,135.0,-165.0,-1.5,8.5,espn,401696904,LAA,TEX,regular,Jack Kochanowicz,Jacob Latz,,,,,,,,
2025,2025-08-27,Colorado Rockies,Houston Astros,0.0,4.0,False,0|0|0|0|0|0|0|0|0,1|0|0|0|0|0|1|2,115.0,-135.0,235.0,-290.0,-2.5,7.5,espn,401696906,COL,HOU,regular,Chase Dollander,Framber Valdez,,,,,,,,
2025,2025-08-27,Cincinnati Reds,Los Angeles Dodgers,1.0,5.0,False,0|0|1|0|0|0|0|0|0,0|0|0|4|0|0|0|1,170.0,-205.0,150.0,-180.0,-1.5,7.5,espn,401696910,CIN,LAD,regular,Nick Lodolo,Shohei Ohtani,,,,,,,,
2025,2025-08-27,Chicago Cubs,San Francisco Giants,3.0,12.0,False,0|3|0|0|0|0|0|0|0,1|0|3|0|3|3|1|1,-115.0,-105.0,-130.0,110.0,1.5,8.5,espn,401696909,CHC,SF,regular,Colin Rea,Carson Whisenhunt,,,,,,,,
2025,2025-08-27,Detroit Tigers,Athletics,0.0,7.0,False,0|0|0|0|0|0|0|0|0,1|3|0|1|0|0|0|2,110.0,-130.0,-130.0,110.0,1.5,10.5,espn,401764584,DET,ATH,regular,Casey Mize,Luis Morales,,,,,,,,
2025,2025-08-28,Boston Red Sox,Baltimore Orioles,3.0,2.0,False,1|0|0|1|0|0|0|1|0,0|0|1|0|1|0|0|0|0,-155.0,130.0,-205.0,170.0,1.5,8.5,espn,401696914,BOS,BAL,regular,Garrett Crochet,Cade Povich,,,,,,,,
2025,2025-08-28,Arizona Diamondbacks,Milwaukee Brewers,6.0,4.0,False,0|3|3|0|0|0|0|0|0,1|1|2|0|0|0|0|0|0,-110.0,-110.0,135.0,-160.0,-1.5,8.5,espn,401696916,ARI,MIL,regular,Nabil Crismatt,Jose Quintana,,,,,,,,
2025,2025-08-28,Colorado Rockies,Houston Astros,3.0,4.0,False,0|0|1|1|1|0|0|0|0,2|1|0|0|0|0|0|1,135.0,-160.0,205.0,-250.0,-2.5,8.5,espn,401696917,COL,HOU,regular,Kyle Freeland,Jason Alexander,,,,,,,,
2025,2025-08-28,Pittsburgh Pirates,St. Louis Cardinals,1.0,4.0,False,1|0|0|0|0|0|0|0|0,0|0|1|0|0|0|3|0,-135.0,115.0,100.0,-120.0,1.5,8.5,espn,401696919,PIT,STL,regular,Braxton Ashcraft,Miles Mikolas,,,,,,,,
2025,2025-08-28,Chicago Cubs,San Francisco Giants,3.0,4.0,False,1|1|0|0|0|1|0|0|0,2|0|0|0|0|1|0|0|1,-115.0,-105.0,-105.0,-115.0,1.5,7.5,espn,401696920,CHC,SF,regular,Shota Imanaga,Logan Webb,,,,,,,,
2025,2025-08-28,Atlanta Braves,Philadelphia Phillies,4.0,19.0,False,3|0|0|0|0|1|0|0|0,5|0|1|6|3|0|3|1,125.0,-150.0,150.0,-180.0,-1.5,9.5,espn,401696913,ATL,PHI,regular,Cal Quantrill,Aaron Nola,,,,,,,,
2025,2025-08-28,Miami Marlins,New York Mets,7.0,4.0,False,1|0|3|0|0|0|3|0|0,2|0|0|0|2|0|0|0|0,145.0,-175.0,215.0,-265.0,-1.5,8.5,espn,401696915,MIA,NYM,regular,Adam Mazur,Clay Holmes,,,,,,,,
2025,2025-08-28,New York Yankees,Chicago White Sox,10.0,4.0,False,2|2|0|0|2|0|0|3|1,0|4|0|0|0|0|0|0|0,-160.0,135.0,-180.0,150.0,1.5,9.5,espn,401696918,NYY,CHW,regular,Will Warren,Davis Martin,,,,,,,,
2025,2025-08-29,St. Louis Cardinals,Cincinnati Reds,7.0,5.0,False,1|2|1|0|0|0|0|1|0|2,2|0|0|0|0|1|1|1|0|0,-120.0,100.0,125.0,-150.0,-1.5,8.5,espn,401696926,STL,CIN,regular,Matthew Liberatore,Zack Littell,,,,,,,,
2025,2025-08-29,Atlanta Braves,Philadelphia Phillies,1.0,2.0,False,0|1|0|0|0|0|0|0|0,0|0|0|1|0|0|0|1,140.0,-165.0,165.0,-200.0,-1.5,9.5,espn,401696921,ATL,PHI,regular,Bryce Elder,Ranger Suarez,,,,,,,,
2025,2025-08-29,Tampa Bay Rays,Washington Nationals,4.0,1.0,False,2|0|0|0|1|0|0|0|1,1|0|0|0|0|0|0|0|0,-135.0,115.0,-150.0,125.0,1.5,9.5,espn,401696927,TB,WSH,regular,Adrian Houser,Mitchell Parker,,,,,,,,
2025,2025-08-29,Milwaukee Brewers,Toronto Blue Jays,7.0,2.0,False,0|0|0|0|0|5|2|0|0,0|0|0|0|0|0|2|0|0,-110.0,-110.0,120.0,-145.0,-1.5,7.5,espn,401696923,MIL,TOR,regular,Freddy Peralta,Shane Bieber,,,,,,,,
2025,2025-08-29,Miami Marlins,New York Mets,9.0,19.0,False,0|0|0|0|4|0|0|1|4,5|7|0|0|0|1|0|6,125.0,-150.0,150.0,-180.0,-1.5,7.5,espn,401696922,MIA,NYM,regular,Eury Perez,Jonah Tong,,,,,,,,
2025,2025-08-29,Pittsburgh Pirates,Boston Red Sox,4.0,2.0,False,0|0|0|0|0|3|0|1|0,0|0|0|1|1|0|0|0|0,105.0,-125.0,100.0,-120.0,1.5,7.5,espn,401696924,PIT,BOS,regular,Paul Skenes,Payton Tolle,,,,,,,,
2025,2025-08-29,Seattle Mariners,Cleveland Guardians,4.0,5.0,False,4|0|0|0|0|0|0|0|0,0|0|0|0|0|1|1|1|2,-180.0,150.0,-160.0,135.0,1.5,7.5,espn,401696925,SEA,CLE,regular,George Kirby,Logan Allen,,,,,,,,
2025,2025-08-29,New York Yankees,Chicago White Sox,10.0,2.0,False,1|0|0|4|0|3|2|0|0,0|0|0|0|1|0|0|1|0,-210.0,175.0,-225.0,185.0,1.5,8.5,espn,401696930,NYY,CHW,regular,Carlos Rodon,Yoendrys Gomez,,,,,,,,
2025,2025-08-29,Los Angeles Angels,Houston Astros,0.0,2.0,False,0|0|0|0|0|0|0|0|0,0|0|0|0|0|0|1|1,120.0,-145.0,135.0,-160.0,-1.5,9.5,espn,401696928,LAA,HOU,regular,Tyler Anderson,Cristian Javier,,,,,,,,
2025,2025-08-29,Detroit Tigers,Kansas City Royals,5.0,3.0,False,0|2|0|2|0|0|0|1|0,3|0|0|0|0|0|0|0|0,-105.0,-115.0,100.0,-120.0,1.5,9.5,espn,401696929,DET,KC,regular,Chris Paddack,Seth Lugo,,,,,,,,
2025,2025-08-29,San Diego Padres,Minnesota Twins,4.0,7.0,False,0|0|1|1|0|0|2|0|0,0|0|1|4|2|0|0|0,-145.0,120.0,-125.0,105.0,1.5,8.5,espn,401696931,SD,MIN,regular,Nestor Cortes,Zebby Matthews,,,,,,,,
2025,2025-08-29,Chicago Cubs,Colorado Rockies,11.0,7.0,False,0|2|0|1|6|0|2|0|0,0|0|0|2|0|1|2|2|0,-180.0,150.0,-225.0,185.0,2.5,10.5,espn,401696932,CHC,COL,regular,Cade Horton,German Marquez,,,,,,,,
2025,2025-08-29,Texas Rangers,Athletics,5.0,2.0,False,0|2|0|0|1|0|2|0|0,0|0|2|0|0|0|0|0|0,105.0,-125.0,125.0,-150.0,-1.5,10.5,espn,401764585,TEX,ATH,regular,Jack Leiter,Jeffrey Springs,,,,,,,,
2025,2025-08-29,Arizona Diamondbacks,Los Angeles Dodgers,3.0,0.0,False,0|0|0|2|0|1|0|0|0,0|0|0|0|0|0|0|0|0,150.0,-180.0,175.0,-210.0,-1.5,8.5,espn,401696933,ARI,LAD,regular,Zac Gallen,Blake Snell,,,,,,,,
2025,2025-08-29,Baltimore Orioles,San Francisco Giants,8.0,15.0,False,1|0|3|0|2|0|0|1|1,4|2|1|2|1|0|4|1,115.0,-135.0,125.0,-150.0,-1.5,7.5,espn,401696934,BAL,SF,regular,Dean Kremer,Robbie Ray,,,,,,,,
2025,2025-08-30,Milwaukee Brewers,Toronto Blue Jays,4.0,1.0,False,0|0|0|0|0|0|1|0|3,0|0|0|0|0|1|0|0|0,-110.0,-110.0,115.0,-135.0,-1.5,8.5,espn,401696938,MIL,TOR,regular,Quinn Priester,Kevin Gausman,,,,,,,,
2025,2025-08-30,Tampa Bay Rays,Washington Nationals,4.0,1.0,False,3|0|0|1|0|0|0|0|0,0|0|0|0|0|0|0|1|0,-180.0,150.0,-155.0,130.0,1.5,8.5,espn,401696942,TB,WSH,regular,Ryan Pepiot,Jake Irvin,,,,,,,,
2025,2025-08-30,Miami Marlins,New York Mets,11.0,8.0,False,5|0|3|0|0|0|1|0|2,1|1|3|1|0|2|0|0|0,135.0,-160.0,150.0,-180.0,-1.5,7.5,espn,401696937,MIA,NYM,regular,Edward Cabrera,David Peterson,,,,,,,,
2025,2025-08-30,Pittsburgh Pirates,Boston Red Sox,10.0,3.0,False,1|0|0|0|3|5|0|0|1,0|0|1|1|0|1|0|0|0,-130.0,110.0,150.0,-180.0,-1.5,8.5,espn,401696939,PIT,BOS,regular,Johan Oviedo,Dustin May,,,,,,,,
2025,2025-08-30,Atlanta Braves,Philadelphia Phillies,2.0,3.0,False,0|0|0|0|0|1|0|0|0|1,0|0|1|0|0|0|0|0|0|2,-110.0,-110.0,125.0,-150.0,-1.5,7.5,espn,401696936,ATL,PHI,regular,Chris Sale,Cristopher Sanchez,,,,,,,,
2025,2025-08-30,St. Louis Cardinals,Cincinnati Reds,4.0,2.0,False,0|0|0|2|0|0|1|1|0,1|0|0|0|0|0|1|0|0,-110.0,-110.0,125.0,-150.0,-1.5,8.5,espn,401696941,STL,CIN,regular,Michael McGreevy,Andrew Abbott,,,,,,,,
2025,2025-08-30,Los Angeles Angels,Houston Astros,4.0,1.0,False,0|0|1|0|0|0|0|0|3,0|0|1|0|0|0|0|0|0,135.0,-160.0,140.0,-165.0,-1.5,9.5,espn,401696943,LAA,HOU,regular,Kyle Hendricks,Spencer Arrighetti,,,,,,,,
2025,2025-08-30,New York Yankees,Chicago White Sox,5.0,3.0,False,0|0|0|1|0|0|1|0|0|0|3,0|0|0|0|1|0|1|0|0|0|1,-165.0,140.0,-200.0,165.0,1.5,8.5,espn,401696945,NYY,CHW,regular,Cam Schlittler,Shane Smith,,,,,,,,
2025,2025-08-30,San Diego Padres,Minnesota Twins,12.0,3.0,False,0|0|0|0|1|2|7|2|0,0|0|1|0|2|0|0|0|0,-150.0,125.0,-155.0,130.0,1.5,8.5,espn,401696946,SD,MIN,regular,Nick Pivetta,Taj Bradley,,,,,,,,
2025,2025-08-30,Seattle Mariners,Cleveland Guardians,3.0,4.0,False,0|0|0|0|0|0|1|2|0,0|0|0|1|0|2|1|0,-180.0,150.0,-160.0,135.0,1.5,7.5,espn,401696940,SEA,CLE,regular,Logan Gilbert,Gavin Williams,,,,,,,,
2025,2025-08-30,Detroit Tigers,Kansas City Royals,1.0,3.0,False,0|0|1|0|0|0|0|0|0,0|0|0|1|0|0|0|2,-105.0,-115.0,-120.0,100.0,1.5,9.5,espn,401696944,DET,KC,regular,Jack Flaherty,Stephen Kolek,,,,,,,,
2025,2025-08-30,Baltimore Orioles,San Francisco Giants,11.0,1.0,False,0|0|4|3|0|0|1|3|0,1|0|0|0|0|0|0|0|0,-110.0,-110.0,-120.0,100.0,1.5,8.5,espn,401696949,BAL,SF,regular,Trevor Rogers,Carson Seymour,,,,,,,,
2025,2025-08-30,Chicago Cubs,Colorado Rockies,4.0,3.0,False,1|0|0|0|2|1|0|0|0,0|1|0|0|0|2|0|0|0,-175.0,145.0,-200.0,165.0,1.5,10.5,espn,401696947,CHC,COL,regular,Javier Assad,McCade Brown,,,,,,,,
2025,2025-08-30,Arizona Diamondbacks,Los Angeles Dodgers,6.0,1.0,False,0|0|0|0|0|0|3|0|3,0|0|0|0|0|0|1|0|0,160.0,-190.0,185.0,-225.0,-1.5,8.5,espn,401696948,ARI,LAD,regular,Eduardo Rodriguez,Tyler Glasnow,,,,,,,,
2025,2025-08-30,Texas Rangers,Athletics,9.0,3.0,False,0|3|1|0|1|0|2|0|2,0|0|2|0|0|0|1|0|0,110.0,-130.0,-135.0,115.0,1.5,10.5,espn,401764586,TEX,ATH,regular,Merrill Kelly,Mason Barnett,,,,,,,,
2025,2025-08-31,St. Louis Cardinals,Cincinnati Reds,4.0,7.0,False,2|0|1|0|0|0|1|0|0,0|3|0|0|2|0|1|1,-105.0,-115.0,120.0,-145.0,-1.5,8.5,espn,401696956,STL,CIN,regular,Andre Pallante,Brady Singer,,,,,,,,
2025,2025-08-31,San Diego Padres,Minnesota Twins,2.0,7.0,False,0|0|0|0|0|0|0|0|2,0|0|2|1|3|0|1|0,105.0,-125.0,105.0,-125.0,1.5,8.5,espn,401696961,SD,MIN,regular,David Morgan,Joe Ryan,,,,,,,,
2025,2025-08-31,Pittsburgh Pirates,Boston Red Sox,2.0,5.0,False,0|0|0|1|0|0|1|0|0,0|0|0|0|4|1|0|0,-110.0,-110.0,150.0,-180.0,-1.5,8.5,espn,401696954,PIT,BOS,regular,Mitch Keller,Lucas Giolito,,,,,,,,
2025,2025-08-31,Tampa Bay Rays,Washington Nationals,7.0,4.0,False,0|6|1|0|0|0|0|0|0,0|0|1|3|0|0|0|0|0,-175.0,145.0,-145.0,120.0,1.5,8.5,espn,401696957,TB,WSH,regular,Ian Seymour,Brad Lord,,,,,,,,
2025,2025-08-31,Milwaukee Brewers,Toronto Blue Jays,4.0,8.0,False,2|0|2|0|0|0|0|0|0,3|1|0|1|3|0|0|0,-130.0,110.0,-115.0,-105.0,1.5,7.5,espn,401696953,MIL,TOR,regular,Brandon Woodruff,Max Scherzer,,,,,,,,
2025,2025-08-31,Miami Marlins,New York Mets,5.0,1.0,False,1|0|2|1|1|0|0|0|0,0|0|0|0|0|0|1|0|0,115.0,-135.0,160.0,-190.0,-1.5,8.5,espn,401696952,MIA,NYM,regular,Sandy Alcantara,Kodai Senga,,,,,,,,
2025,2025-08-31,Seattle Mariners,Cleveland Guardians,4.0,2.0,False,0|0|0|0|2|0|2|0|0,0|0|2|0|0|0|0|0|0,-130.0,110.0,-115.0,-105.0,1.5,8.5,espn,401696955,SEA,CLE,regular,Bryce Miller,Tanner Bibee,,,,,,,,
2025,2025-08-31,Los Angeles Angels,Houston Astros,3.0,0.0,False,0|0|0|0|1|0|0|2|0,0|0|0|0|0|0|0|0|0,120.0,-145.0,135.0,-160.0,-1.5,7.5,espn,401696958,LAA,HOU,regular,Jose Soriano,Hunter Brown,,,,,,,,
2025,2025-08-31,Detroit Tigers,Kansas City Royals,5.0,0.0,False,0|0|0|0|4|0|0|1|0,0|0|0|0|0|0|0|0|0,-200.0,165.0,-175.0,145.0,1.5,7.5,espn,401696959,DET,KC,regular,Tarik Skubal,Michael Wacha,,,,,,,,
2025,2025-08-31,New York Yankees,Chicago White Sox,2.0,3.0,False,1|0|1|0|0|0|0|0|0,0|1|0|0|0|1|0|1,-155.0,130.0,-175.0,145.0,1.5,8.5,espn,401696960,NYY,CHW,regular,Luis Gil,Martin Perez,,,,,,,,
2025,2025-08-31,Chicago Cubs,Colorado Rockies,5.0,6.0,False,0|0|2|0|0|0|0|3|0,0|0|2|2|0|0|1|0|1,-210.0,175.0,-265.0,215.0,2.5,10.5,espn,401696962,CHC,COL,regular,Matthew Boyd,Tanner Gordon,,,,,,,,
2025,2025-08-31,Baltimore Orioles,San Francisco Giants,2.0,13.0,False,0|0|0|0|0|0|0|0|2,1|0|2|4|0|3|0|3,105.0,-125.0,125.0,-150.0,-1.5,8.5,espn,401696964,BAL,SF,regular,Tomoyuki Sugano,Justin Verlander,,,,,,,,
2025,2025-08-31,Texas Rangers,Athletics,9.0,6.0,False,2|1|0|0|2|0|2|1|1,0|0|0|0|0|0|0|5|1,-120.0,100.0,-150.0,125.0,1.5,9.5,espn,401764587,TEX,ATH,regular,Jacob deGrom,J.T. Ginn,,,,,,,,
2025,2025-08-31,Arizona Diamondbacks,Los Angeles Dodgers,4.0,5.0,False,0|0|0|1|0|0|0|3|0,2|0|0|1|1|0|0|0|1,155.0,-185.0,195.0,-235.0,-1.5,9.5,espn,401696963,ARI,LAD,regular,Brandon Pfaadt,Yoshinobu Yamamoto,,,,,,,,
2025,2025-08-31,Atlanta Braves,Philadelphia Phillies,3.0,1.0,False,0|0|0|0|0|0|0|1|2,0|0|0|1|0|0|0|0|0,145.0,-175.0,140.0,-165.0,-1.5,8.5,espn,401696951,ATL,PHI,regular,Hurston Waldrep,Jesus Luzardo,,,,,,,,
2025,2025-09-01,Miami Marlins,Washington Nationals,0.0,2.0,False,0|0|0|0|0|0|0|0|0,0|2|0|0|0|0|0|0,125.0,-150.0,-110.0,-110.0,1.5,8.5,espn,401696967,MIA,WSH,regular,Lake Bachar,Andrew Alvarez,,,,,,,,
2025,2025-09-01,New York Mets,Detroit Tigers,10.0,8.0,False,0|2|0|4|0|3|1|0|0,1|0|2|2|1|0|1|1|0,-160.0,135.0,-115.0,-105.0,1.5,8.5,espn,401696968,NYM,DET,regular,Sean Manaea,Charlie Morton,,,,,,,,
2025,2025-09-01,Toronto Blue Jays,Cincinnati Reds,4.0,5.0,False,0|0|0|0|0|0|1|0|3,0|2|0|0|0|0|0|0|3,-130.0,110.0,105.0,-125.0,-1.5,7.5,espn,401696970,TOR,CIN,regular,Chris Bassitt,Hunter Greene,,,,,,,,
2025,2025-09-01,Cleveland Guardians,Boston Red Sox,4.0,6.0,False,0|3|0|0|0|0|0|1|0,2|1|0|0|2|1|0|0,-110.0,-110.0,125.0,-150.0,-1.5,8.5,espn,401696966,CLE,BOS,regular,Parker Messick,Brayan Bello,,,,,,,,
2025,2025-09-01,Los Angeles Angels,Houston Astros,3.0,8.0,False,0|0|0|3|0|0|0|0|0,0|1|1|1|1|1|0|3,125.0,-150.0,140.0,-165.0,-1.5,8.5,espn,401696971,LAA,HOU,regular,Yusei Kikuchi,Luis Garcia,,,,,,,,
2025,2025-09-01,Chicago White Sox,Minnesota Twins,6.0,5.0,False,0|3|0|0|1|0|0|2|0,0|1|0|1|0|2|1|0|0,110.0,-130.0,155.0,-185.0,-1.5,9.5,espn,401696973,CHW,MIN,regular,Fraser Ellard,Bailey Ober,,,,,,,,
2025,2025-09-01,Athletics,St. Louis Cardinals,11.0,3.0,False,0|0|0|3|0|2|2|4|0,0|0|0|1|0|1|0|0|1,-115.0,-105.0,125.0,-150.0,-1.5,7.5,espn,401696974,ATH,STL,regular,Luis Morales,Sonny Gray,,,,,,,,
2025,2025-09-01,Atlanta Braves,Chicago Cubs,6.0,7.0,False,1|0|2|0|3|0|0|0|0|0,0|0|0|1|1|2|0|2|0|1,-120.0,100.0,105.0,-125.0,-1.5,7.5,espn,401696972,ATL,CHC,regular,Spencer Strider,Colin Rea,,,,,,,,
2025,2025-09-01,Philadelphia Phillies,Milwaukee Brewers,10.0,8.0,False,0|0|0|1|2|3|0|2|2,3|1|0|1|0|1|0|2|0,135.0,-160.0,125.0,-150.0,-1.5,8.5,espn,401696975,PHI,MIL,regular,Taijuan Walker,Jacob Misiorowski,,,,,,,,
2025,2025-09-01,San Francisco Giants,Colorado Rockies,8.0,2.0,False,1|0|2|0|3|0|2|0|0,0|0|0|0|0|2|0|0|0,100.0,-120.0,-150.0,125.0,1.5,11.5,espn,401696976,SF,COL,regular,Kai-Wei Teng,Chase Dollander,,,,,,,,
2025,2025-09-01,Baltimore Orioles,San Diego Padres,4.0,3.0,False,0|2|0|0|1|0|1|0|0,0|2|0|0|1|0|0|0|0,140.0,-165.0,145.0,-175.0,-1.5,7.5,espn,401696977,BAL,SD,regular,Kyle Bradish,Dylan Cease,,,,,,,,
2025,2025-09-01,Seattle Mariners,Tampa Bay Rays,2.0,10.0,False,0|0|0|0|0|0|0|0|2,0|3|2|0|0|0|3|2,105.0,-125.0,-105.0,-115.0,1.5,8.5,espn,401696969,SEA,TB,regular,Luis Castillo,Shane Baz,,,,,,,,
2025,2025-09-01,Texas Rangers,Arizona Diamondbacks,7.0,5.0,False,0|0|2|0|0|1|0|0|2|2,2|1|0|0|0|2|0|0|0|0,100.0,-120.0,120.0,-145.0,-1.5,8.5,espn,401696978,TEX,ARI,regular,Patrick Corbin,Ryne Nelson,,,,,,,,
2025,2025-09-02,Los Angeles Dodgers,Pittsburgh Pirates,7.0,9.0,False,0|1|2|1|0|0|2|0|1,4|0|0|0|0|3|1|1,-125.0,105.0,-175.0,145.0,1.5,8.5,espn,401696980,LAD,PIT,regular,Clayton Kershaw,Carmen Mlodzinski,,,,,,,,
2025,2025-09-02,New York Mets,Detroit Tigers,12.0,5.0,False,1|0|0|5|0|0|6|0|0,2|0|0|0|0|0|0|0|3,-160.0,135.0,-130.0,110.0,1.5,8.5,espn,401696982,NYM,DET,regular,Nolan McLean,Sawyer Gipson-Long,,,,,,,,
2025,2025-09-02,Toronto Blue Jays,Cincinnati Reds,12.0,9.0,False,4|4|0|2|0|0|1|0|1,1|5|0|2|0|0|0|1|0,-105.0,-115.0,-130.0,110.0,1.5,8.5,espn,401696984,TOR,CIN,regular,Jose Berrios,Scott Barlow,,,,,,,,
2025,2025-09-02,Cleveland Guardians,Boston Red Sox,7.0,11.0,False,0|1|0|0|0|6|0|0|0,0|4|1|0|0|2|0|4,195.0,-235.0,205.0,-250.0,-1.5,7.5,espn,401696979,CLE,BOS,regular,Slade Cecconi,Garrett Crochet,,,,,,,,
2025,2025-09-02,Miami Marlins,Washington Nationals,2.0,5.0,False,0|0|0|2|0|0|0|0|0,0|2|1|2|0|0|0|0,100.0,-120.0,110.0,-130.0,1.5,9.5,espn,401696981,MIA,WSH,regular,Adam Mazur,Cade Cavalli,,,,,,,,
2025,2025-09-02,Seattle Mariners,Tampa Bay Rays,5.0,6.0,False,0|0|0|3|0|0|1|0|1,2|0|0|0|0|2|2|0,-125.0,105.0,-120.0,100.0,1.5,7.5,espn,401696983,SEA,TB,regular,Bryan Woo,Drew Rasmussen,,,,,,,,
2025,2025-09-02,Los Angeles Angels,Kansas City Royals,5.0,1.0,False,0|0|0|0|0|2|2|0|1,0|0|1|0|0|0|0|0|0,105.0,-125.0,145.0,-175.0,-1.5,8.5,espn,401696985,LAA,KC,regular,Mitch Farris,Michael Lorenzen,,,,,,,,
2025,2025-09-02,Atlanta Braves,Chicago Cubs,3.0,4.0,False,0|0|0|2|1|0|0|0|0,0|0|4|0|0|0|0|0,110.0,-130.0,145.0,-175.0,-1.5,8.5,espn,401696986,ATL,CHC,regular,Joey Wentz,Shota Imanaga,,,,,,,,
2025,2025-09-02,Chicago White Sox,Minnesota Twins,12.0,3.0,False,0|1|0|0|2|2|4|3|0,1|1|0|1|0|0|0|0|0,110.0,-130.0,110.0,-130.0,-1.5,9.5,espn,401696987,CHW,MIN,regular,Davis Martin,Simeon Woods Richardson,,,,,,,,
2025,2025-09-02,Athletics,St. Louis Cardinals,1.0,2.0,False,0|0|1|0|0|0|0|0|0,0|0|0|0|0|2|0|0,-155.0,125.0,-115.0,-105.0,1.5,8.5,espn,401696989,ATH,STL,regular,Luis Severino,Miles Mikolas,,,,,,,,
2025,2025-09-02,New York Yankees,Houston Astros,7.0,1.0,False,0|2|0|0|4|0|0|1|0,0|0|0|0|0|1|0|0|0,-130.0,110.0,-130.0,110.0,1.5,7.5,espn,401696988,NYY,HOU,regular,Max Fried,Framber Valdez,,,,,,,,
2025,2025-09-02,San Francisco Giants,Colorado Rockies,7.0,4.0,False,2|0|0|0|3|0|0|2|0,0|0|1|0|1|0|2|0|0,-150.0,125.0,-235.0,195.0,1.5,10.5,espn,401696990,SF,COL,regular,Logan Webb,Kyle Freeland,,,,,,,,
2025,2025-09-02,Baltimore Orioles,San Diego Padres,6.0,2.0,False,1|0|2|0|2|0|0|1|0,0|0|2|0|0|0|0|0|0,135.0,-160.0,150.0,-180.0,-1.5,8.5,espn,401696991,BAL,SD,regular,Tyler Wells,Yu Darvish,,,,,,,,
2025,2025-09-02,Texas Rangers,Arizona Diamondbacks,3.0,5.0,False,0|0|1|1|0|0|0|0|1,0|0|0|0|0|2|3|0,-105.0,-115.0,-105.0,-115.0,1.5,9.5,espn,401696992,TEX,ARI,regular,Jacob Latz,Nabil Crismatt,,,,,,,,
2025,2025-09-03,Miami Marlins,Washington Nationals,5.0,10.0,False,0|0|0|0|4|0|0|1|0,3|2|0|2|0|1|0|2,-135.0,115.0,-155.0,130.0,1.5,8.5,espn,401696995,MIA,WSH,regular,Eury Perez,Mitchell Parker,,,,,,,,
2025,2025-09-03,New York Mets,Detroit Tigers,2.0,6.0,False,0|0|1|0|0|1|0|0|0,0|1|0|0|2|0|3|0,-150.0,125.0,-115.0,-105.0,1.5,9.5,espn,401696996,NYM,DET,regular,Clay Holmes,Casey Mize,,,,,,,,
2025,2025-09-03,Texas Rangers,Arizona Diamondbacks,0.0,2.0,False,0|0|0|0|0|0|0|0|0,1|1|0|0|0|0|0|0,-110.0,-110.0,110.0,-130.0,-1.5,8.5,espn,401697007,TEX,ARI,regular,Jack Leiter,Zac Gallen,,,,,,,,
2025,2025-09-03,Baltimore Orioles,San Diego Padres,7.0,5.0,False,1|0|6|0|0|0|0|0|0,0|0|0|0|0|4|1|0|0,125.0,-150.0,155.0,-190.0,-1.5,8.5,espn,401697006,BAL,SD,regular,Cade Povich,Nestor Cortes,,,,,,,,
2025,2025-09-03,Los Angeles Dodgers,Pittsburgh Pirates,0.0,3.0,False,0|0|0|0|0|0|0|0|0,1|1|0|0|0|1|0|0,-160.0,135.0,-165.0,140.0,1.5,8.5,espn,401696994,LAD,PIT,regular,Emmet Sheehan,Braxton Ashcraft,,,,,,,,
2025,2025-09-03,Toronto Blue Jays,Cincinnati Reds,13.0,9.0,False,0|0|1|2|3|1|1|4|1,0|5|0|0|0|0|1|3|0,-190.0,160.0,-155.0,130.0,1.5,8.5,espn,401696998,TOR,CIN,regular,Shane Bieber,Zack Littell,,,,,,,,
2025,2025-09-03,Cleveland Guardians,Boston Red Sox,8.0,1.0,False,1|6|0|0|0|0|0|1|0,0|0|0|1|0|0|0|0|0,-105.0,-115.0,130.0,-155.0,-1.5,8.5,espn,401696993,CLE,BOS,regular,Joey Cantillo,Brennan Bernardino,,,,,,,,
2025,2025-09-03,Seattle Mariners,Tampa Bay Rays,4.0,9.0,False,0|0|0|0|0|4|0|0|0,4|4|0|0|1|0|0|0,-125.0,105.0,-130.0,110.0,1.5,8.5,espn,401696997,SEA,TB,regular,George Kirby,Adrian Houser,,,,,,,,
2025,2025-09-03,Los Angeles Angels,Kansas City Royals,4.0,3.0,False,0|0|0|0|0|3|0|1|0,0|0|2|0|0|0|1|0|0,100.0,-120.0,140.0,-165.0,-1.5,8.5,espn,401696999,LAA,KC,regular,Caden Dana,Ryan Bergert,,,,,,,,
2025,2025-09-03,Atlanta Braves,Chicago Cubs,5.0,1.0,False,0|0|0|0|0|0|4|1|0,0|1|0|0|0|0|0|0|0,120.0,-145.0,130.0,-155.0,-1.5,8.5,espn,401697000,ATL,CHC,regular,Bryce Elder,Cade Horton,,,,,,,,
2025,2025-09-03,Chicago White Sox,Minnesota Twins,4.0,3.0,False,0|1|0|0|0|0|0|0|3,2|0|0|0|0|1|0|0|0,120.0,-145.0,140.0,-165.0,-1.5,8.5,espn,401697001,CHW,MIN,regular,Yoendrys Gomez,Zebby Matthews,,,,,,,,
2025,2025-09-03,Philadelphia Phillies,Milwaukee Brewers,3.0,6.0,False,0|0|0|0|1|0|2|0|0,5|0|0|1|0|0|0|0,-130.0,110.0,-115.0,-105.0,1.5,8.5,espn,401697004,PHI,MIL,regular,Aaron Nola,Jose Quintana,,,,,,,,
2025,2025-09-03,Athletics,St. Louis Cardinals,1.0,5.0,False,0|0|0|0|0|0|0|1|0,0|0|2|0|0|0|1|2,-120.0,100.0,-110.0,-110.0,1.5,8.5,espn,401697003,ATH,STL,regular,Jeffrey Springs,Matthew Liberatore,,,,,,,,
2025,2025-09-03,New York Yankees,Houston Astros,7.0,8.0,False,0|1|0|2|0|1|0|0|3,0|0|0|0|1|2|1|4,-150.0,125.0,-150.0,125.0,1.5,9.5,espn,401697002,NYY,HOU,regular,Will Warren,Jason Alexander,,,,,,,,
2025,2025-09-03,San Francisco Giants,Colorado Rockies,10.0,8.0,False,0|1|3|0|0|5|1|0|0,0|0|0|1|4|0|0|0|3,-130.0,110.0,-190.0,160.0,1.5,11.5,espn,401697005,SF,COL,regular,Robbie Ray,German Marquez,,,,,,,,
2025,2025-09-04,Philadelphia Phillies,Milwaukee Brewers,2.0,0.0,False,0|0|0|0|0|0|1|0|1,0|0|0|0|0|0|0|0|0,110.0,-130.0,-105.0,-115.0,1.5,7.5,espn,401697013,PHI,MIL,regular,Ranger Suarez,Freddy Peralta,,,,,,,,
2025,2025-09-04,Los Angeles Dodgers,Pittsburgh Pirates,3.0,5.0,False,0|0|0|0|0|0|0|0|3,0|0|1|0|4|0|0|0,-110.0,-110.0,-115.0,-105.0,1.5,6.5,espn,401697009,LAD,PIT,regular,Blake Snell,Paul Skenes,,,,,,,,
2025,2025-09-04,Cleveland Guardians,Tampa Bay Rays,2.0,4.0,False,0|0|0|0|0|0|0|0|2,1|0|0|1|0|2|0|0,135.0,-160.0,145.0,-175.0,-1.5,8.5,espn,401697008,CLE,TB,regular,Logan Allen,Ryan Pepiot,,,,,,,,
2025,2025-09-04,Los Angeles Angels,Kansas City Royals,3.0,4.0,False,3|0|0|0|0|0|0|0|0,0|1|0|1|0|0|1|1,115.0,-135.0,130.0,-155.0,-1.5,9.5,espn,401697010,LAA,KC,regular,Kyle Hendricks,Noah Cameron,,,,,,,,
2025,2025-09-04,Chicago White Sox,Minnesota Twins,11.0,8.0,False,0|0|3|0|1|0|5|0|2,0|0|0|5|1|1|0|0|1,100.0,-120.0,125.0,-150.0,-1.5,8.5,espn,401697011,CHW,MIN,regular,Fraser Ellard,Taj Bradley,,,,,,,,
2025,2025-09-04,New York Yankees,Houston Astros,8.0,4.0,False,0|1|0|0|3|0|0|4|0,0|0|1|0|0|1|1|0|1,-155.0,130.0,-145.0,120.0,1.5,8.5,espn,401697012,NYY,HOU,regular,Carlos Rodon,Cristian Javier,,,,,,,,
2025,2025-09-05,Washington Nationals,Chicago Cubs,5.0,11.0,False,0|0|0|2|0|3|0|0|0,5|1|0|2|0|2|0|1,130.0,-155.0,180.0,-225.0,-1.5,10.5,espn,401697025,WSH,CHC,regular,Jake Irvin,Javier Assad,,,,,,,,
2025,2025-09-05,Chicago White Sox,Detroit Tigers,7.0,5.0,False,1|0|1|1|1|1|2|0|0,0|0|2|2|0|0|0|1|0,-110.0,-110.0,160.0,-190.0,-1.5,8.5,espn,401697014,CHW,DET,regular,Shane Smith,Jack Flaherty,,,,,,,,
2025,2025-09-05,Milwaukee Brewers,Pittsburgh Pirates,5.0,2.0,False,1|0|0|0|0|2|0|1|1,0|1|1|0|0|0|0|0|0,-125.0,105.0,-145.0,120.0,1.5,8.5,espn,401697017,MIL,PIT,regular,Quinn Priester,Johan Oviedo,,,,,,,,
2025,2025-09-05,New York Mets,Cincinnati Reds,5.0,4.0,False,3|0|1|1|0|0|0|0|0,0|0|1|3|0|0|0|0|0,-160.0,135.0,-120.0,100.0,1.5,9.5,espn,401697018,NYM,CIN,regular,David Peterson,Andrew Abbott,,,,,,,,
2025,2025-09-05,Los Angeles Dodgers,Baltimore Orioles,1.0,2.0,False,0|0|0|0|0|1|0|0|0,0|0|0|0|1|0|0|0|1,-175.0,145.0,-175.0,145.0,1.5,9.5,espn,401697016,LAD,BAL,regular,Shohei Ohtani,Dean Kremer,,,,,,,,
2025,2025-09-05,Toronto Blue Jays,New York Yankees,7.0,1.0,False,3|1|0|0|1|0|0|1|1,0|1|0|0|0|0|0|0|0,135.0,-160.0,105.0,-125.0,-1.5,8.5,espn,401697021,TOR,NYY,regular,Kevin Gausman,Cam Schlittler,,,,,,,,
2025,2025-09-05,Philadelphia Phillies,Miami Marlins,9.0,3.0,False,1|1|0|3|0|0|4|0|0,0|0|1|0|0|0|0|2|0,-200.0,165.0,-240.0,200.0,2.5,8.5,espn,401697019,PHI,MIA,regular,Cristopher Sanchez,Valente Bellozo,,,,,,,,
2025,2025-09-05,Seattle Mariners,Atlanta Braves,1.0,4.0,False,0|0|0|0|0|0|1|0|0,1|0|0|0|0|0|0|3,105.0,-125.0,105.0,-125.0,-1.5,7.5,espn,401697020,SEA,ATL,regular,Logan Gilbert,Chris Sale,,,,,,,,
2025,2025-09-05,Cleveland Guardians,Tampa Bay Rays,7.0,1.0,False,0|5|0|0|0|2|0|0|0,0|0|0|0|0|1|0|0|0,140.0,-165.0,125.0,-150.0,-1.5,7.5,espn,401697015,CLE,TB,regular,Gavin Williams,Griffin Jax,,,,,,,,
2025,2025-09-05,Minnesota Twins,Kansas City Royals,1.0,2.0,False,0|0|0|0|1|0|0|0|0,0|0|2|0|0|0|0|0,-145.0,120.0,115.0,-135.0,-1.5,8.5,espn,401697023,MIN,KC,regular,Pablo Lopez,Michael Wacha,,,,,,,,
2025,2025-09-05,Houston Astros,Texas Rangers,3.0,4.0,False,0|1|0|0|0|0|0|2|0|0|0|0,0|1|2|0|0|0|0|0|0|0|0|1,-135.0,115.0,105.0,-125.0,1.5,7.5,espn,401697022,HOU,TEX,regular,Colton Gordon,Merrill Kelly,,,,,,,,
2025,2025-09-05,San Francisco Giants,St. Louis Cardinals,8.0,2.0,False,2|0|0|4|0|0|2|0|0,0|0|0|0|1|0|0|1|0,-115.0,-105.0,100.0,-120.0,1.5,8.5,espn,401697024,SF,STL,regular,Carson Seymour,Michael McGreevy,,,,,,,,
2025,2025-09-05,San Diego Padres,Colorado Rockies,0.0,3.0,False,0|0|0|0|0|0|0|0|0,0|0|1|0|1|0|1|0,-180.0,150.0,-215.0,180.0,2.5,10.5,espn,401697026,SD,COL,regular,Nick Pivetta,Kyle Freeland,,,,,,,,
2025,2025-09-05,Athletics,Los Angeles Angels,10.0,4.0,False,2|0|7|0|0|0|0|0|1,4|0|0|0|0|0|0|0|0,120.0,-145.0,130.0,-155.0,-1.5,9.5,espn,401697028,ATH,LAA,regular,Mason Barnett,Jose Soriano,,,,,,,,
2025,2025-09-05,Boston Red Sox,Arizona Diamondbacks,5.0,10.0,False,0|1|0|0|0|0|0|4|0,1|1|3|0|1|0|0|4,-130.0,105.0,-135.0,115.0,1.5,8.5,espn,401697027,BOS,ARI,regular,Payton Tolle,Eduardo Rodriguez,,,,,,,,
2025,2025-09-06,Toronto Blue Jays,New York Yankees,1.0,3.0,False,0|0|0|1|0|0|0|0|0,0|2|0|0|0|1|0|0,165.0,-200.0,120.0,-145.0,-1.5,9.5,espn,401697036,TOR,NYY,regular,Chris Bassitt,Luis Gil,,,,,,,,
2025,2025-09-06,Washington Nationals,Chicago Cubs,2.0,1.0,False,1|0|0|1|0|0|0|0|0,0|1|0|0|0|0|0|0|0,150.0,-180.0,210.0,-255.0,-1.5,8.5,espn,401697040,WSH,CHC,regular,Brad Lord,Matthew Boyd,,,,,,,,
2025,2025-09-06,Philadelphia Phillies,Miami Marlins,4.0,2.0,False,2|0|0|2|0|0|0|0|0,0|0|0|2|0|0|0|0|0,-165.0,140.0,-160.0,135.0,1.5,7.5,espn,401697034,PHI,MIA,regular,Jesus Luzardo,Sandy Alcantara,,,,,,,,
2025,2025-09-06,Chicago White Sox,Detroit Tigers,0.0,6.0,False,0|0|0|0|0|0|0|0|0,1|0|0|5|0|0|0|0,150.0,-180.0,240.0,-300.0,-1.5,7.5,espn,401697029,CHW,DET,regular,Martin Perez,Tarik Skubal,,,,,,,,
2025,2025-09-06,Milwaukee Brewers,Pittsburgh Pirates,4.0,1.0,False,0|0|0|2|0|0|0|2|0,0|0|0|0|0|0|0|0|1,-155.0,130.0,-150.0,125.0,1.5,7.5,espn,401697032,MIL,PIT,regular,Brandon Woodruff,Mitch Keller,,,,,,,,
2025,2025-09-06,New York Mets,Cincinnati Reds,3.0,6.0,False,0|0|1|0|0|0|1|0|1,0|2|1|1|0|0|2|0,-175.0,145.0,-135.0,115.0,1.5,9.5,espn,401697033,NYM,CIN,regular,Jonah Tong,Brady Singer,,,,,,,,
2025,2025-09-06,Cleveland Guardians,Tampa Bay Rays,3.0,2.0,False,0|0|0|2|0|0|0|0|1,0|0|0|0|1|1|0|0|0,135.0,-160.0,120.0,-145.0,-1.5,8.5,espn,401697030,CLE,TB,regular,Tanner Bibee,Shane Baz,,,,,,,,
2025,2025-09-06,Los Angeles Dodgers,Baltimore Orioles,3.0,4.0,False,0|0|1|0|1|0|1|0|0,0|0|0|0|0|0|0|0|4,-155.0,130.0,-145.0,120.0,1.5,7.5,espn,401697031,LAD,BAL,regular,Yoshinobu Yamamoto,Trevor Rogers,,,,,,,,
2025,2025-09-06,Seattle Mariners,Atlanta Braves,10.0,2.0,False,2|0|0|0|0|0|4|3|1,0|0|0|1|0|1|0|0|0,-105.0,-115.0,105.0,-125.0,-1.5,9.5,espn,401697035,SEA,ATL,regular,Bryce Miller,Hurston Waldrep,,,,,,,,
2025,2025-09-06,Houston Astros,Texas Rangers,11.0,0.0,False,0|0|1|0|1|1|0|3|5,0|0|0|0|0|0|0|0|0,-115.0,-105.0,100.0,-120.0,1.5,6.5,espn,401697037,HOU,TEX,regular,Hunter Brown,Jacob deGrom,,,,,,,,
2025,2025-09-06,Minnesota Twins,Kansas City Royals,2.0,11.0,False,0|0|2|0|0|0|0|0|0,5|0|3|1|0|2|0|0,-105.0,-115.0,-130.0,110.0,1.5,8.5,espn,401697038,MIN,KC,regular,Joe Ryan,Stephen Kolek,,,,,,,,
2025,2025-09-06,San Francisco Giants,St. Louis Cardinals,2.0,3.0,False,0|0|0|2|0|0|0|0|0,0|0|0|0|0|0|0|0|3,100.0,-120.0,-125.0,105.0,1.5,8.5,espn,401697039,SF,STL,regular,Justin Verlander,Andre Pallante,,,,,,,,
2025,2025-09-06,San Diego Padres,Colorado Rockies,10.0,8.0,False,0|6|0|0|4|0|0|0|0,0|2|0|0|0|1|4|0|1,-120.0,100.0,-185.0,155.0,1.5,11.5,espn,401697041,SD,COL,regular,Randy Vasquez,McCade Brown,,,,,,,,
2025,2025-09-06,Boston Red Sox,Arizona Diamondbacks,1.0,5.0,False,0|0|1|0|0|0|0|0|0,0|3|0|1|0|0|1|0,-105.0,-115.0,-125.0,105.0,1.5,8.5,espn,401697042,BOS,ARI,regular,Lucas Giolito,Brandon Pfaadt,,,,,,,,
2025,2025-09-06,Athletics,Los Angeles Angels,17.0,4.0,False,3|4|0|1|0|1|0|5|3,0|0|1|0|0|0|0|2|1,-130.0,110.0,110.0,-130.0,-1.5,8.5,espn,401697043,ATH,LAA,regular,J.T. Ginn,Yusei Kikuchi,,,,,,,,
2025,2025-09-07,Seattle Mariners,Atlanta Braves,18.0,2.0,False,0|1|8|1|0|1|0|0|7,0|0|0|1|0|0|0|0|1,-115.0,-105.0,-115.0,-105.0,1.5,9.5,espn,401697050,SEA,ATL,regular,Luis Castillo,Joey Wentz,,,,,,,,
2025,2025-09-07,Cleveland Guardians,Tampa Bay Rays,2.0,1.0,False,0|0|0|0|0|2|0|0|0,0|0|0|0|1|0|0|0|0,115.0,-135.0,140.0,-175.0,-1.5,8.5,espn,401697045,CLE,TB,regular,Parker Messick,Drew Rasmussen,,,,,,,,
2025,2025-09-07,Los Angeles Dodgers,Baltimore Orioles,5.0,2.0,False,1|0|2|1|0|0|0|0|1,0|0|0|0|0|2|0|0|0,-160.0,135.0,-165.0,140.0,1.5,8.5,espn,401697046,LAD,BAL,regular,Clayton Kershaw,Tomoyuki Sugano,,,,,,,,
2025,2025-09-07,Milwaukee Brewers,Pittsburgh Pirates,10.0,2.0,False,4|1|4|0|0|0|1|0|0,0|1|0|0|0|0|0|1|0,-165.0,140.0,-135.0,115.0,1.5,7.5,espn,401697047,MIL,PIT,regular,Jacob Misiorowski,Bubba Chandler,,,,,,,,
2025,2025-09-07,Toronto Blue Jays,New York Yankees,3.0,4.0,False,0|2|1|0|0|0|0|0|0,3|0|1|0|0|0|0|0,145.0,-175.0,155.0,-185.0,-1.5,7.5,espn,401697051,TOR,NYY,regular,Max Scherzer,Max Fried,,,,,,,,
2025,2025-09-07,Chicago White Sox,Detroit Tigers,6.0,4.0,False,2|0|1|0|0|0|1|2|0,3|0|0|1|0|0|0|0|0,100.0,-120.0,150.0,-180.0,-1.5,8.5,espn,401697044,CHW,DET,regular,Davis Martin,Charlie Morton,,,,,,,,
2025,2025-09-07,New York Mets,Cincinnati Reds,2.0,3.0,False,0|0|1|0|0|0|0|0|1,0|0|0|1|0|2|0|0,-135.0,115.0,105.0,-125.0,1.5,8.5,espn,401697048,NYM,CIN,regular,Brandon Sproat,Hunter Greene,,,,,,,,
2025,2025-09-07,Philadelphia Phillies,Miami Marlins,4.0,5.0,False,0|1|0|0|0|2|0|0|1,4|0|0|0|0|0|1|0,-115.0,-105.0,-135.0,115.0,1.5,9.5,espn,401697049,PHI,MIA,regular,Taijuan Walker,Tyler Phillips,,,,,,,,
2025,2025-09-07,Minnesota Twins,Kansas City Royals,5.0,1.0,False,1|0|0|2|0|1|1|0|0,0|0|0|0|0|1|0|0|0,115.0,-135.0,105.0,-125.0,-1.5,8.5,espn,401697053,MIN,KC,regular,Bailey Ober,Michael Lorenzen,,,,,,,,
2025,2025-09-07,San Francisco Giants,St. Louis Cardinals,3.0,4.0,False,0|0|0|0|0|3|0|0|0,0|0|0|0|4|0|0|0,115.0,-135.0,115.0,-135.0,-1.5,7.5,espn,401697054,SF,STL,regular,Kai-Wei Teng,Sonny Gray,,,,,,,,
2025,2025-09-07,Washington Nationals,Chicago Cubs,6.0,3.0,False,0|0|0|0|1|0|0|0|5,0|1|0|0|1|0|0|1|0,120.0,-145.0,160.0,-190.0,-1.5,7.5,espn,401697055,WSH,CHC,regular,Andrew Alvarez,Drew Pomeranz,,,,,,,,
2025,2025-09-07,Houston Astros,Texas Rangers,2.0,4.0,False,0|0|0|0|0|1|1|0|0,0|1|0|0|0|3|0|0,-145.0,120.0,-150.0,125.0,1.5,8.5,espn,401697052,HOU,TEX,regular,Framber Valdez,Patrick Corbin,,,,,,,,
2025,2025-09-07,San Diego Padres,Colorado Rockies,8.0,1.0,False,2|1|0|3|2|0|0|0|0,0|0|1|0|0|0|0|0|0,-255.0,210.0,-255.0,210.0,2.5,10.5,espn,401697056,SD,COL,regular,Dylan Cease,Tanner Gordon,,,,,,,,
2025,2025-09-07,Athletics,Los Angeles Angels,3.0,4.0,False,0|0|1|0|0|0|1|1|0,2|0|0|1|0|0|0|1,-135.0,115.0,-115.0,-105.0,1.5,9.5,espn,401697058,ATH,LAA,regular,Luis Severino,Mitch Farris,,,,,,,,
2025,2025-09-07,Boston Red Sox,Arizona Diamondbacks,7.0,4.0,False,0|0|0|1|0|0|3|0|3,0|1|0|1|0|1|1|0|0,-110.0,-110.0,-110.0,-110.0,1.5,8.5,espn,401697057,BOS,ARI,regular,Brayan Bello,Ryne Nelson,,,,,,,,
2025,2025-09-08,Kansas City Royals,Cleveland Guardians,2.0,10.0,False,0|0|0|0|0|0|0|0|2,1|0|1|6|1|0|1|0,-125.0,100.0,-110.0,-110.0,1.5,7.5,espn,401697060,KC,CLE,regular,Ryan Bergert,Slade Cecconi,,,,,,,,
2025,2025-09-08,Washington Nationals,Miami Marlins,15.0,7.0,False,0|1|0|1|6|3|2|0|2,0|1|0|0|1|0|0|4|1,-105.0,-115.0,105.0,-125.0,1.5,8.5,espn,401697062,WSH,MIA,regular,Cade Cavalli,Janson Junk,,,,,,,,
2025,2025-09-08,New York Mets,Philadelphia Phillies,0.0,1.0,False,0|0|0|0|0|0|0|0|0,0|1|0|0|0|0|0|0,-150.0,125.0,-130.0,110.0,1.5,8.5,espn,401697061,NYM,PHI,regular,Nolan McLean,Aaron Nola,,,,,,,,
2025,2025-09-08,Chicago Cubs,Atlanta Braves,1.0,4.0,False,0|0|0|0|0|0|1|0|0,3|0|0|0|0|0|0|1,115.0,-135.0,-120.0,100.0,1.5,8.5,espn,401697059,CHC,ATL,regular,Shota Imanaga,Bryce Elder,,,,,,,,
2025,2025-09-08,Milwaukee Brewers,Texas Rangers,0.0,5.0,False,0|0|0|0|0|0|0|0|0,0|0|0|0|4|0|1|0,-120.0,100.0,-125.0,105.0,1.5,8.5,espn,401697063,MIL,TEX,regular,Jose Quintana,Jacob Latz,,,,,,,,
2025,2025-09-08,Minnesota Twins,Los Angeles Angels,12.0,3.0,False,0|2|1|0|2|2|0|2|3,0|3|0|0|0|0|0|0|0,-105.0,-115.0,105.0,-125.0,1.5,9.5,espn,401697068,MIN,LAA,regular,Simeon Woods Richardson,Caden Dana,,,,,,,,
2025,2025-09-08,Cincinnati Reds,San Diego Padres,3.0,4.0,False,1|0|1|0|0|1|0|0|0|0,0|0|0|0|0|3|0|0|0|1,-105.0,-115.0,110.0,-130.0,-1.5,7.5,espn,401697066,CIN,SD,regular,Nick Lodolo,Yu Darvish,,,,,,,,
2025,2025-09-08,St. Louis Cardinals,Seattle Mariners,2.0,4.0,False,0|0|0|2|0|0|0|0|0,0|0|0|0|0|4|0|0,175.0,-210.0,200.0,-240.0,-1.5,7.5,espn,401697069,STL,SEA,regular,Miles Mikolas,Bryan Woo,,,,,,,,
2025,2025-09-08,Arizona Diamondbacks,San Francisco Giants,5.0,11.0,False,0|3|1|0|0|0|0|1|0,0|2|2|0|0|5|1|1,110.0,-130.0,150.0,-180.0,-1.5,7.5,espn,401697064,ARI,SF,regular,Nabil Crismatt,Logan Webb,,,,,,,,
2025,2025-09-08,Boston Red Sox,Athletics,7.0,0.0,False,1|2|0|0|2|0|0|2|0,0|0|0|0|0|0|0|0|0,-135.0,115.0,-160.0,135.0,1.5,8.5,espn,401764588,BOS,ATH,regular,Garrett Crochet,Luis Morales,,,,,,,,
2025,2025-09-08,Colorado Rockies,Los Angeles Dodgers,1.0,3.0,False,0|1|0|0|0|0|0|0|0,0|0|0|0|0|1|2|0,205.0,-250.0,295.0,-375.0,-2.5,8.5,espn,401697067,COL,LAD,regular,Chase Dollander,Tyler Glasnow,,,,,,,,
2025,2025-09-09,Pittsburgh Pirates,Baltimore Orioles,2.0,3.0,False,1|0|0|0|0|0|0|0|1|0|0,1|0|0|0|0|1|0|0|0|0|1,-105.0,-115.0,130.0,-155.0,-1.5,7.5,espn,401697075,PIT,BAL,regular,Mike Burrows,Kyle Bradish,,,,,,,,
2025,2025-09-09,Kansas City Royals,Cleveland Guardians,0.0,2.0,False,0|0|0|0|0|0|0|0|0,1|0|0|1|0|0|0|0,100.0,-120.0,-110.0,-110.0,1.5,7.5,espn,401697073,KC,CLE,regular,Noah Cameron,Joey Cantillo,,,,,,,,
2025,2025-09-09,Washington Nationals,Miami Marlins,7.0,5.0,False,3|0|0|2|1|1|0|0|0,0|1|0|0|0|0|0|1|3,105.0,-125.0,105.0,-125.0,-1.5,9.5,espn,401697076,WSH,MIA,regular,Mitchell Parker,Adam Mazur,,,,,,,,
2025,2025-09-09,New York Mets,Philadelphia Phillies,3.0,9.0,False,0|0|0|0|0|0|1|1|1,2|2|0|0|0|0|3|2,-130.0,110.0,115.0,-135.0,-1.5,7.5,espn,401697074,NYM,PHI,regular,Sean Manaea,Ranger Suarez,,,,,,,,
2025,2025-09-09,Detroit Tigers,New York Yankees,12.0,2.0,False,0|0|0|0|2|0|9|1|0,1|0|0|1|0|0|0|0|0,130.0,-155.0,135.0,-160.0,-1.5,8.5,espn,401697071,DET,NYY,regular,Casey Mize,Will Warren,,,,,,,,
2025,2025-09-09,Houston Astros,Toronto Blue Jays,3.0,4.0,False,2|0|0|0|0|1|0|0|0|0,0|0|0|0|0|1|0|0|2|1,-120.0,100.0,125.0,-150.0,-1.5,8.5,espn,401697072,HOU,TOR,regular,Luis Garcia,Shane Bieber,,,,,,,,
2025,2025-09-09,Chicago Cubs,Atlanta Braves,6.0,1.0,False,1|0|1|0|0|0|0|4|0,0|0|1|0|0|0|0|0|0,-130.0,110.0,-110.0,-110.0,1.5,8.5,espn,401697070,CHC,ATL,regular,Cade Horton,Spencer Strider,,,,,,,,
2025,2025-09-09,Tampa Bay Rays,Chicago White Sox,5.0,4.0,False,0|3|0|1|0|0|1|0|0,1|0|0|0|1|2|0|0|0,-130.0,110.0,-130.0,110.0,1.5,8.5,espn,401697078,TB,CHW,regular,Adrian Houser,Yoendrys Gomez,,,,,,,,
2025,2025-09-09,Milwaukee Brewers,Texas Rangers,4.0,5.0,False,0|0|0|0|3|0|0|0|1,0|1|0|0|4|0|0|0,-175.0,145.0,-110.0,-110.0,1.5,8.5,espn,401697077,MIL,TEX,regular,Chad Patrick,Jack Leiter,,,,,,,,
2025,2025-09-09,Minnesota Twins,Los Angeles Angels,2.0,12.0,False,0|0|0|0|0|0|0|0|2,3|0|0|0|2|4|3|0,-130.0,110.0,-115.0,-105.0,1.5,8.5,espn,401697083,MIN,LAA,regular,Zebby Matthews,Kyle Hendricks,,,,,,,,
2025,2025-09-09,Cincinnati Reds,San Diego Padres,4.0,2.0,False,1|1|0|0|0|0|0|0|2,0|0|0|0|2|0|0|0|0,130.0,-155.0,160.0,-190.0,-1.5,7.5,espn,401697081,CIN,SD,regular,Zack Littell,Michael King,,,,,,,,
2025,2025-09-09,St. Louis Cardinals,Seattle Mariners,3.0,5.0,False,0|2|0|1|0|0|0|0|0,0|0|3|2|0|0|0|0,125.0,-150.0,165.0,-200.0,-1.5,7.5,espn,401697084,STL,SEA,regular,Matthew Liberatore,George Kirby,,,,,,,,
2025,2025-09-09,Arizona Diamondbacks,San Francisco Giants,3.0,5.0,False,0|0|0|0|2|1|0|0|0,3|0|0|1|1|0|0|0,-110.0,-110.0,125.0,-150.0,-1.5,7.5,espn,401697079,ARI,SF,regular,Zac Gallen,Robbie Ray,,,,,,,,
2025,2025-09-09,Boston Red Sox,Athletics,6.0,0.0,False,4|1|0|0|0|0|0|1|0,0|0|0|0|0|0|0|0|0,110.0,-130.0,100.0,-120.0,1.5,10.5,espn,401764589,BOS,ATH,regular,Connelly Early,Jeffrey Springs,,,,,,,,
2025,2025-09-09,Colorado Rockies,Los Angeles Dodgers,2.0,7.0,False,0|0|0|0|0|1|0|0|1,0|1|2|1|1|0|0|2,160.0,-190.0,265.0,-335.0,-2.5,8.5,espn,401697082,COL,LAD,regular,German Marquez,Emmet Sheehan,,,,,,,,
2025,2025-09-10,Milwaukee Brewers,Texas Rangers,3.0,6.0,False,2|0|0|0|0|1|0|0|0,0|1|2|0|2|0|0|1,-190.0,160.0,-125.0,105.0,1.5,7.5,espn,401697092,MIL,TEX,regular,Freddy Peralta,Merrill Kelly,,,,,,,,
2025,2025-09-10,Boston Red Sox,Athletics,4.0,5.0,False,0|1|1|1|0|0|0|0|1,1|1|0|0|2|0|0|0|1,-135.0,115.0,-115.0,-105.0,1.5,10.5,espn,401764590,BOS,ATH,regular,Payton Tolle,Mason Barnett,,,,,,,,
2025,2025-09-10,Arizona Diamondbacks,San Francisco Giants,5.0,3.0,False,1|3|0|0|0|1|0|0|0,0|0|0|0|0|0|0|2|1,-110.0,-110.0,110.0,-130.0,-1.5,8.5,espn,401697094,ARI,SF,regular,Eduardo Rodriguez,Carson Seymour,,,,,,,,
2025,2025-09-10,Minnesota Twins,Los Angeles Angels,3.0,4.0,False,0|0|1|0|0|2|0|0|0,0|0|3|0|0|0|0|1,120.0,-145.0,-105.0,-115.0,1.5,9.5,espn,401697098,MIN,LAA,regular,Taj Bradley,Jose Urena,,,,,,,,
2025,2025-09-10,Pittsburgh Pirates,Baltimore Orioles,1.0,2.0,False,0|0|0|1|0|0|0|0|0|0,0|0|0|0|0|0|0|1|0|1,-155.0,130.0,-155.0,130.0,1.5,7.5,espn,401697090,PIT,BAL,regular,Paul Skenes,Tyler Wells,,,,,,,,
2025,2025-09-10,Kansas City Royals,Cleveland Guardians,4.0,3.0,False,1|0|1|0|0|0|2|0|0,2|0|0|1|0|0|0|0|0,-105.0,-115.0,-110.0,-110.0,1.5,7.5,espn,401697088,KC,CLE,regular,Jonathan Bowlan,Logan Allen,,,,,,,,
2025,2025-09-10,Washington Nationals,Miami Marlins,3.0,8.0,False,0|0|1|0|0|2|0|0|0,0|0|0|0|0|4|1|3,115.0,-135.0,130.0,-155.0,-1.5,8.5,espn,401697091,WSH,MIA,regular,Jake Irvin,Eury Perez,,,,,,,,
2025,2025-09-10,New York Mets,Philadelphia Phillies,3.0,11.0,False,0|0|0|1|0|0|0|1|1,2|0|0|0|2|4|1|2,120.0,-145.0,135.0,-160.0,-1.5,7.5,espn,401697089,NYM,PHI,regular,Clay Holmes,Cristopher Sanchez,,,,,,,,
2025,2025-09-10,Detroit Tigers,New York Yankees,11.0,1.0,False,0|0|0|0|2|0|1|5|3,0|0|0|0|0|0|0|1|0,165.0,-200.0,145.0,-175.0,-1.5,8.5,espn,401697086,DET,NYY,regular,Jack Flaherty,Carlos Rodon,,,,,,,,
2025,2025-09-10,Houston Astros,Toronto Blue Jays,3.0,2.0,False,0|1|0|0|0|1|0|0|1,0|0|0|0|0|0|0|2|0,125.0,-150.0,135.0,-160.0,-1.5,8.5,espn,401697087,HOU,TOR,regular,Jason Alexander,Jose Berrios,,,,,,,,
2025,2025-09-10,Chicago Cubs,Atlanta Braves,3.0,2.0,False,0|0|0|2|1|0|0|0|0,0|0|1|0|1|0|0|0|0,120.0,-145.0,140.0,-165.0,-1.5,8.5,espn,401697085,CHC,ATL,regular,Jameson Taillon,Chris Sale,,,,,,,,
2025,2025-09-10,Tampa Bay Rays,Chicago White Sox,5.0,6.0,False,1|0|0|0|3|1|0|0|0,0|5|1|0|0|0|0|0,-145.0,120.0,-130.0,110.0,1.5,8.5,espn,401697093,TB,CHW,regular,Griffin Jax,Sean Burke,,,,,,,,
2025,2025-09-10,Cincinnati Reds,San Diego Padres,2.0,1.0,False,0|0|0|0|0|0|0|2|0,0|0|0|0|1|0|0|0|0,115.0,-135.0,130.0,-155.0,-1.5,7.5,espn,401697096,CIN,SD,regular,Andrew Abbott,Nick Pivetta,,,,,,,,
2025,2025-09-10,St. Louis Cardinals,Seattle Mariners,2.0,4.0,False,1|0|0|0|0|0|0|0|0|0|1|0|0,0|1|0|0|0|0|0|0|0|0|1|0|2,155.0,-185.0,180.0,-215.0,-1.5,7.5,espn,401697099,STL,SEA,regular,Michael McGreevy,Logan Gilbert,,,,,,,,
2025,2025-09-10,Colorado Rockies,Los Angeles Dodgers,0.0,9.0,False,0|0|0|0|0|0|0|0|0,0|4|0|0|0|0|0|5,130.0,-155.0,280.0,-350.0,-1.5,8.5,espn,401697097,COL,LAD,regular,Kyle Freeland,Blake Snell,,,,,,,,
2025,2025-09-11,Pittsburgh Pirates,Baltimore Orioles,2.0,3.0,False,1|0|1|0|0|0|0|0|0,1|1|0|0|0|0|1|0,105.0,-125.0,100.0,-120.0,-1.5,8.5,espn,401697104,PIT,BAL,regular,Johan Oviedo,Cade Povich,,,,,,,,
2025,2025-09-11,Tampa Bay Rays,Chicago White Sox,1.0,5.0,False,0|0|0|0|0|0|0|1|0,2|0|0|0|0|3|0|0,-150.0,125.0,-130.0,110.0,1.5,7.5,espn,401697106,TB,CHW,regular,Ian Seymour,Shane Smith,,,,,,,,
2025,2025-09-11,Houston Astros,Toronto Blue Jays,0.0,6.0,False,0|0|0|0|0|0|0|0|0,2|1|0|1|0|0|0|2,105.0,-125.0,140.0,-165.0,-1.5,8.5,espn,401697101,HOU,TOR,regular,Cristian Javier,Kevin Gausman,,,,,,,,
2025,2025-09-11,Washington Nationals,Miami Marlins,0.0,5.0,False,0|0|0|0|0|0|0|0|0,2|0|0|0|0|0|0|3,120.0,-145.0,110.0,-130.0,-1.5,7.5,espn,401697105,WSH,MIA,regular,MacKenzie Gore,Ryan Weathers,,,,,,,,
2025,2025-09-11,Detroit Tigers,New York Yankees,3.0,9.0,False,0|1|0|0|0|0|1|0|1,1|2|2|4|0|0|0|0,135.0,-160.0,145.0,-175.0,-1.5,8.5,espn,401697100,DET,NYY,regular,Tyler Holton,Cam Schlittler,,,,,,,,
2025,2025-09-11,Kansas City Royals,Cleveland Guardians,2.0,3.0,False,2|0|0|0|0|0|0|0|0,0|0|0|1|0|0|0|2,110.0,-130.0,120.0,-145.0,-1.5,7.5,espn,401697102,KC,CLE,regular,Stephen Kolek,Gavin Williams,,,,,,,,
2025,2025-09-11,New York Mets,Philadelphia Phillies,4.0,6.0,False,4|0|0|0|0|0|0|0|0,0|0|0|2|1|3|0|0,115.0,-135.0,100.0,-120.0,-1.5,8.5,espn,401697103,NYM,PHI,regular,David Peterson,Jesus Luzardo,,,,,,,,
2025,2025-09-11,Los Angeles Angels,Seattle Mariners,6.0,7.0,False,0|0|1|2|1|0|0|0|0|0|1|1,0|4|0|0|0|0|0|0|0|0|1|2,120.0,-145.0,125.0,-150.0,-1.5,7.5,espn,401697107,LAA,SEA,regular,Jose Soriano,Bryce Miller,,,,,,,,
2025,2025-09-11,Colorado Rockies,San Diego Padres,0.0,2.0,False,0|0|0|0|0|0|0|0|0,0|0|1|1|0|0|0|0,100.0,-120.0,215.0,-265.0,-1.5,8.5,espn,401697108,COL,SD,regular,McCade Brown,Randy Vasquez,,,,,,,,
2025,2025-09-12,Tampa Bay Rays,Chicago Cubs,4.0,6.0,False,3|0|0|1|0|0|0|0|0,0|3|2|1|0|0|0|0,-130.0,110.0,140.0,-165.0,-1.5,7.5,espn,401697119,TB,CHC,regular,Shane Baz,Matthew Boyd,,,,,,,,
2025,2025-09-12,Kansas City Royals,Philadelphia Phillies,2.0,8.0,False,1|0|0|0|0|0|1|0|0,0|1|3|2|0|0|2|0,110.0,-130.0,120.0,-145.0,-1.5,9.5,espn,401697113,KC,PHI,regular,Michael Lorenzen,Walker Buehler,,,,,,,,
2025,2025-09-12,Pittsburgh Pirates,Washington Nationals,5.0,6.0,False,0|0|1|0|2|0|0|0|2,0|0|0|0|0|2|4|0,-115.0,-105.0,-110.0,-110.0,1.5,8.5,espn,401697115,PIT,WSH,regular,Mitch Keller,Brad Lord,,,,,,,,
2025,2025-09-12,Baltimore Orioles,Toronto Blue Jays,1.0,6.0,False,0|0|1|0|0|0|0|0|0,0|0|0|0|1|1|1|3,110.0,-130.0,115.0,-135.0,-1.5,7.5,espn,401697109,BAL,TOR,regular,Trevor Rogers,Chris Bassitt,,,,,,,,
2025,2025-09-12,Chicago White Sox,Cleveland Guardians,0.0,4.0,False,0|0|0|0|0|0|0|0|0,0|0|0|1|1|0|1|1,-105.0,-115.0,125.0,-150.0,-1.5,7.5,espn,401697110,CHW,CLE,regular,Martin Perez,Tanner Bibee,,,,,,,,
2025,2025-09-12,Detroit Tigers,Miami Marlins,2.0,8.0,False,0|0|0|1|0|0|1|0|0,1|2|0|2|0|3|0|0,-175.0,140.0,-200.0,165.0,1.5,6.5,espn,401697111,DET,MIA,regular,Tarik Skubal,Sandy Alcantara,,,,,,,,
2025,2025-09-12,New York Yankees,Boston Red Sox,4.0,1.0,False,1|0|1|0|0|0|2|0|0,0|0|0|0|0|0|1|0|0,-155.0,130.0,-120.0,100.0,1.5,8.5,espn,401697114,NYY,BOS,regular,Luis Gil,Lucas Giolito,,,,,,,,
2025,2025-09-12,Texas Rangers,New York Mets,8.0,3.0,False,6|0|0|0|0|0|2|0|0,0|0|3|0|0|0|0|0|0,125.0,-150.0,100.0,-120.0,1.5,7.5,espn,401697116,TEX,NYM,regular,Jacob deGrom,Jonah Tong,,,,,,,,
2025,2025-09-12,Houston Astros,Atlanta Braves,11.0,3.0,False,0|0|2|2|6|1|0|0|0,0|0|0|0|0|1|0|2|0,-110.0,-110.0,115.0,-135.0,-1.5,8.5,espn,401697112,HOU,ATL,regular,Jayden Murray,Hurston Waldrep,,,,,,,,
2025,2025-09-12,Arizona Diamondbacks,Minnesota Twins,8.0,9.0,False,1|0|0|0|1|0|2|0|4,0|0|1|3|1|1|0|0|3,100.0,-120.0,120.0,-145.0,-1.5,8.5,espn,401697117,ARI,MIN,regular,Brandon Pfaadt,Pablo Lopez,,,,,,,,
2025,2025-09-12,St. Louis Cardinals,Milwaukee Brewers,2.0,8.0,False,0|0|0|0|0|2|0|0|0,0|0|4|1|0|0|2|1,120.0,-145.0,155.0,-185.0,-1.5,8.5,espn,401697118,STL,MIL,regular,Andre Pallante,Quinn Priester,,,,,,,,
2025,2025-09-12,Colorado Rockies,San Diego Padres,4.0,2.0,False,0|0|0|4|0|0|0|0|0,1|0|0|0|0|0|0|0|1,180.0,-215.0,220.0,-270.0,-1.5,8.5,espn,401697122,COL,SD,regular,Tanner Gordon,JP Sears,,,,,,,,
2025,2025-09-12,Cincinnati Reds,Athletics,0.0,3.0,False,0|0|0|0|0|0|0|0|0,1|0|1|0|0|0|0|1,120.0,-145.0,100.0,-120.0,-1.5,10.5,espn,401764591,CIN,ATH,regular,Brady Singer,J.T. Ginn,,,,,,,,
2025,2025-09-12,Los Angeles Angels,Seattle Mariners,1.0,2.0,False,0|0|0|0|0|0|1|0|0,0|0|0|1|0|0|1|0,145.0,-175.0,155.0,-185.0,-1.5,7.5,espn,401697120,LAA,SEA,regular,Yusei Kikuchi,Luis Castillo,,,,,,,,
2025,2025-09-12,Los Angeles Dodgers,San Francisco Giants,1.0,5.0,False,0|0|0|0|0|0|1|0|0|0,1|0|0|0|0|0|0|0|0|4,-160.0,135.0,-150.0,125.0,1.5,7.5,espn,401697123,LAD,SF,regular,Yoshinobu Yamamoto,Justin Verlander,,,,,,,,
2025,2025-09-13,Tampa Bay Rays,Chicago Cubs,5.0,4.0,False,0|0|0|0|1|2|0|1|1,0|1|0|2|0|0|1|0|0,-130.0,110.0,-110.0,-110.0,1.5,8.5,espn,401697134,TB,CHC,regular,Drew Rasmussen,Colin Rea,,,,,,,,
2025,2025-09-13,Baltimore Orioles,Toronto Blue Jays,4.0,5.0,False,2|0|0|0|0|0|0|1|1,0|0|0|0|1|0|0|1|3,-135.0,115.0,150.0,-180.0,-1.5,8.5,espn,401697124,BAL,TOR,regular,Tomoyuki Sugano,Max Scherzer,,,,,,,,
2025,2025-09-13,Pittsburgh Pirates,Washington Nationals,5.0,1.0,False,0|0|0|0|0|0|0|4|1,0|0|0|0|0|1|0|0|0,-115.0,-105.0,-115.0,-105.0,1.5,9.5,espn,401697130,PIT,WSH,regular,Bubba Chandler,Andrew Alvarez,,,,,,,,
2025,2025-09-13,Detroit Tigers,Miami Marlins,4.0,6.0,False,0|0|2|0|1|0|0|0|0|0|1,1|1|0|0|0|1|0|0|0|0|3,-125.0,105.0,-135.0,115.0,1.5,8.5,espn,401697126,DET,MIA,regular,Charlie Morton,Janson Junk,,,,,,,,
2025,2025-09-13,New York Yankees,Boston Red Sox,5.0,3.0,False,2|0|1|0|1|0|0|0|1,0|0|0|0|1|1|0|1|0,-165.0,140.0,-155.0,130.0,1.5,8.5,espn,401697129,NYY,BOS,regular,Max Fried,Brayan Bello,,,,,,,,
2025,2025-09-13,Texas Rangers,New York Mets,3.0,2.0,False,0|0|0|0|0|0|0|2|1,0|0|0|0|1|0|1|0|0,155.0,-185.0,140.0,-165.0,-1.5,8.5,espn,401697131,TEX,NYM,regular,Patrick Corbin,Brandon Sproat,,,,,,,,
2025,2025-09-13,Kansas City Royals,Philadelphia Phillies,6.0,8.0,False,3|0|1|0|0|0|1|1|0,2|0|1|0|3|1|1|0,110.0,-130.0,125.0,-150.0,-1.5,9.5,espn,401697128,KC,PHI,regular,Ryan Bergert,Taijuan Walker,,,,,,,,
2025,2025-09-13,Chicago White Sox,Cleveland Guardians,1.0,3.0,False,1|0|0|0|0|0|0|0|0,0|2|0|0|0|0|0|1,100.0,-120.0,145.0,-175.0,-1.5,7.5,espn,401697125,CHW,CLE,regular,Davis Martin,Parker Messick,,,,,,,,
2025,2025-09-13,Arizona Diamondbacks,Minnesota Twins,5.0,2.0,False,0|0|0|2|0|0|0|0|0|3,0|0|0|0|0|0|0|2|0|0,105.0,-125.0,115.0,-135.0,-1.5,8.5,espn,401697132,ARI,MIN,regular,Ryne Nelson,Joe Ryan,,,,,,,,
2025,2025-09-13,Houston Astros,Atlanta Braves,6.0,2.0,False,0|3|3|0|0|0|0|0|0,0|0|0|1|0|0|1|0|0,-125.0,105.0,-145.0,120.0,1.5,8.5,espn,401697127,HOU,ATL,regular,Hunter Brown,Bryce Elder,,,,,,,,
2025,2025-09-13,St. Louis Cardinals,Milwaukee Brewers,8.0,9.0,False,2|0|1|0|1|2|0|0|1|1,0|0|1|0|0|1|0|2|3|2,110.0,-130.0,150.0,-180.0,-1.5,7.5,espn,401697133,STL,MIL,regular,Sonny Gray,Jacob Misiorowski,,,,,,,,
2025,2025-09-13,Colorado Rockies,San Diego Padres,3.0,11.0,False,1|0|0|0|0|0|0|2|0,1|2|2|4|0|0|0|2,115.0,-135.0,280.0,-350.0,-2.5,7.5,espn,401697137,COL,SD,regular,Bradley Blalock,Dylan Cease,,,,,,,,
2025,2025-09-13,Los Angeles Dodgers,San Francisco Giants,13.0,7.0,False,1|0|2|0|6|3|0|0|1,4|0|0|0|3|0|0|0|0,-235.0,195.0,100.0,-120.0,1.5,7.5,espn,401697138,LAD,SF,regular,Clayton Kershaw,Logan Webb,,,,,,,,
2025,2025-09-13,Los Angeles Angels,Seattle Mariners,3.0,5.0,False,0|2|0|0|0|0|0|0|1,2|0|0|1|2|0|0|0,180.0,-215.0,210.0,-255.0,-1.5,7.5,espn,401697135,LAA,SEA,regular,Mitch Farris,Bryan Woo,,,,,,,,
2025,2025-09-13,Cincinnati Reds,Athletics,5.0,11.0,False,0|2|0|3|0|0|0|0|0,0|3|2|0|0|0|1|5,-120.0,100.0,-125.0,105.0,1.5,8.5,espn,401764592,CIN,ATH,regular,Hunter Greene,Luis Severino,,,,,,,,
2025,2025-09-14,Pittsburgh Pirates,Washington Nationals,3.0,4.0,False,3|0|0|0|0|0|0|0|0,0|3|0|0|0|0|0|1,105.0,-125.0,-120.0,100.0,1.5,8.5,espn,401697145,PIT,WSH,regular,Mike Burrows,Cade Cavalli,,,,,,,,
2025,2025-09-14,Houston Astros,Atlanta Braves,3.0,8.0,False,1|0|0|1|0|1|0|0|0,1|1|0|0|3|1|2|0,-120.0,100.0,-135.0,115.0,1.5,8.5,espn,401697142,HOU,ATL,regular,Framber Valdez,Joey Wentz,,,,,,,,
2025,2025-09-14,Kansas City Royals,Philadelphia Phillies,10.0,3.0,False,0|0|0|0|2|4|2|0|2,2|0|0|0|0|0|0|1|0,125.0,-150.0,130.0,-155.0,-1.5,8.5,espn,401697143,KC,PHI,regular,Noah Cameron,Aaron Nola,,,,,,,,
2025,2025-09-14,Baltimore Orioles,Toronto Blue Jays,2.0,11.0,False,0|1|0|0|0|0|1|0|0,0|0|1|2|1|1|6|0,155.0,-185.0,165.0,-200.0,-1.5,7.5,espn,401697139,BAL,TOR,regular,Albert Suarez,Shane Bieber,,,,,,,,
2025,2025-09-14,Chicago White Sox,Cleveland Guardians,2.0,3.0,False,0|0|0|1|1|0|0|0|0,0|0|0|2|0|0|1|0,-115.0,-105.0,135.0,-160.0,-1.5,7.5,espn,401697140,CHW,CLE,regular,Yoendrys Gomez,Slade Cecconi,,,,,,,,
2025,2025-09-14,Detroit Tigers,Miami Marlins,2.0,0.0,False,0|2|0|0|0|0|0|0|0,0|0|0|0|0|0|0|0|0,-120.0,100.0,-135.0,115.0,1.5,9.5,espn,401697141,DET,MIA,regular,Keider Montero,Adam Mazur,,,,,,,,
2025,2025-09-14,Texas Rangers,New York Mets,2.0,5.0,False,0|0|0|0|0|0|2|0|0|0,0|0|0|0|1|1|0|0|0|3,150.0,-180.0,145.0,-175.0,-1.5,7.5,espn,401697146,TEX,NYM,regular,Jacob Latz,Nolan McLean,,,,,,,,
2025,2025-09-14,Arizona Diamondbacks,Minnesota Twins,6.0,4.0,False,0|1|0|3|0|0|1|1|0,0|2|0|0|0|1|1|0|0,105.0,-125.0,100.0,-120.0,1.5,9.5,espn,401697147,ARI,MIN,regular,Nabil Crismatt,Bailey Ober,,,,,,,,
2025,2025-09-14,St. Louis Cardinals,Milwaukee Brewers,3.0,2.0,False,0|3|0|0|0|0|0|0|0,0|0|0|1|1|0|0|0|0,180.0,-215.0,160.0,-190.0,-1.5,8.5,espn,401697148,STL,MIL,regular,Miles Mikolas,Jose Quintana,,,,,,,,
2025,2025-09-14,Tampa Bay Rays,Chicago Cubs,3.0,4.0,False,2|0|1|0|0|0|0|0|0,1|0|0|0|0|1|2|0,-105.0,-115.0,140.0,-165.0,-1.5,7.5,espn,401697149,TB,CHC,regular,Adrian Houser,Shota Imanaga,,,,,,,,
2025,2025-09-14,Los Angeles Dodgers,San Francisco Giants,10.0,2.0,False,0|1|1|0|4|2|0|1|1,0|1|0|0|0|0|0|1|0,-160.0,135.0,-135.0,115.0,1.5,7.5,espn,401697153,LAD,SF,regular,Tyler Glasnow,Robbie Ray,,,,,,,,
2025,2025-09-14,Cincinnati Reds,Athletics,4.0,7.0,False,1|2|0|0|0|0|0|1|0,0|0|0|2|2|1|2|0,-110.0,-110.0,-110.0,-110.0,1.5,9.5,espn,401764593,CIN,ATH,regular,Nick Lodolo,Luis Morales,,,,,,,,
2025,2025-09-14,Los Angeles Angels,Seattle Mariners,2.0,11.0,False,0|0|0|0|1|1|0|0|0,2|0|3|6|0|0|0|0,130.0,-155.0,180.0,-215.0,-1.5,7.5,espn,401697150,LAA,SEA,regular,Kyle Hendricks,George Kirby,,,,,,,,
2025,2025-09-14,Colorado Rockies,San Diego Padres,6.0,9.0,False,0|0|0|1|0|3|2|0|0,3|3|1|0|0|0|0|2,145.0,-175.0,240.0,-300.0,-1.5,8.5,espn,401697152,COL,SD,regular,German Marquez,Yu Darvish,,,,,,,,
2025,2025-09-14,New York Yankees,Boston Red Sox,4.0,6.0,False,0|0|0|2|1|0|1|0|0,6|0|0|0|0|0|0|0,100.0,-120.0,135.0,-160.0,-1.5,7.5,espn,401697144,NYY,BOS,regular,Will Warren,Garrett Crochet,,,,,,,,
2025,2025-09-15,Chicago Cubs,Pittsburgh Pirates,4.0,0.0,False,0|0|2|1|0|1|0|0|0,0|0|0|0|0|0|0|0|0,110.0,-130.0,-120.0,100.0,1.5,7.5,espn,401697155,CHC,PIT,regular,Jameson Taillon,Braxton Ashcraft,,,,,,,,
2025,2025-09-15,Atlanta Braves,Washington Nationals,11.0,3.0,False,0|0|0|2|3|1|2|0|3,0|1|0|0|0|0|0|2|0,-130.0,110.0,-165.0,140.0,1.5,9.5,espn,401697154,ATL,WSH,regular,Spencer Strider,Mitchell Parker,,,,,,,,
2025,2025-09-15,Toronto Blue Jays,Tampa Bay Rays,2.0,1.0,False,0|0|0|0|0|0|0|1|0|0|1,1|0|0|0|0|0|0|0|0|0|0,135.0,-160.0,-125.0,105.0,1.5,8.5,espn,401697156,TOR,TB,regular,Trey Yesavage,Joe Boyle,,,,,,,,
2025,2025-09-15,Baltimore Orioles,Chicago White Sox,4.0,1.0,False,0|0|1|0|0|3|0|0|0,1|0|0|0|0|0|0|0|0,100.0,-120.0,-135.0,115.0,1.5,8.5,espn,401697157,BAL,CHW,regular,Kyle Bradish,Tyler Gilbert,,,,,,,,
2025,2025-09-15,New York Yankees,Minnesota Twins,0.0,7.0,False,0|0|0|0|0|0|0|0|0,0|0|1|0|1|0|5|0,-160.0,135.0,-190.0,160.0,1.5,9.5,espn,401697159,NYY,MIN,regular,Carlos Rodon,Simeon Woods Richardson,,,,,,,,
2025,2025-09-15,Cincinnati Reds,St. Louis Cardinals,11.0,6.0,False,0|1|2|0|0|0|3|1|4,0|1|0|0|0|3|2|0|0,105.0,-125.0,-105.0,-115.0,1.5,8.5,espn,401697158,CIN,STL,regular,Zack Littell,Matthew Liberatore,,,,,,,,
2025,2025-09-15,Texas Rangers,Houston Astros,3.0,6.0,False,0|0|0|0|3|0|0|0|0,2|0|0|0|2|0|2|0,100.0,-120.0,110.0,-130.0,-1.5,8.5,espn,401697160,TEX,HOU,regular,Jack Leiter,Jason Alexander,,,,,,,,
2025,2025-09-15,San Francisco Giants,Arizona Diamondbacks,1.0,8.0,False,0|0|1|0|0|0|0|0|0,1|0|0|0|0|6|0|1,150.0,-180.0,110.0,-130.0,-1.5,9.5,espn,401697162,SF,ARI,regular,Kai-Wei Teng,Zac Gallen,,,,,,,,
2025,2025-09-15,Philadelphia Phillies,Los Angeles Dodgers,6.0,5.0,False,1|0|0|0|0|0|3|1|0|1,0|0|1|0|2|0|1|0|1|0,-115.0,-105.0,100.0,-120.0,1.5,8.5,espn,401697161,PHI,LAD,regular,Ranger Suarez,Anthony Banda,,,,,,,,
2025,2025-09-16,Atlanta Braves,Washington Nationals,6.0,3.0,False,0|0|0|5|0|0|0|1|0,0|2|0|0|0|0|0|1|0,-160.0,135.0,-155.0,130.0,1.5,8.5,espn,401776511,ATL,WSH,regular,Jose Suarez,Jake Irvin,,,,,,,,
2025,2025-09-16,Chicago Cubs,Pittsburgh Pirates,4.0,1.0,False,2|1|0|0|1|0|0|0|0,1|0|0|0|0|0|0|0|0,100.0,-120.0,110.0,-130.0,-1.5,6.5,espn,401697164,CHC,PIT,regular,Cade Horton,Paul Skenes,,,,,,,,
2025,2025-09-16,Cleveland Guardians,Detroit Tigers,7.0,5.0,False,0|1|0|1|0|1|0|0|0|4,0|0|1|0|0|1|0|0|1|2,-105.0,-115.0,120.0,-145.0,-1.5,8.5,espn,401697165,CLE,DET,regular,Joey Cantillo,Casey Mize,,,,,,,,
2025,2025-09-16,Atlanta Braves,Washington Nationals,5.0,0.0,False,0|0|0|0|0|0|0|0|0|5,0|0|0|0|0|0|0|0|0|0,-165.0,140.0,-185.0,155.0,1.5,6.5,espn,401697163,ATL,WSH,regular,Chris Sale,MacKenzie Gore,,,,,,,,
2025,2025-09-16,Athletics,Boston Red Sox,2.0,1.0,False,0|0|0|0|0|2|0|0|0,0|0|1|0|0|0|0|0|0,115.0,-135.0,135.0,-160.0,-1.5,8.5,espn,401697166,ATH,BOS,regular,Jeffrey Springs,Connelly Early,,,,,,,,
2025,2025-09-16,San Diego Padres,New York Mets,3.0,8.0,False,0|1|1|0|0|0|0|1|0,5|2|0|1|0|0|0|0,145.0,-175.0,105.0,-125.0,1.5,7.5,espn,401697167,SD,NYM,regular,Michael King,Clay Holmes,,,,,,,,
2025,2025-09-16,Toronto Blue Jays,Tampa Bay Rays,6.0,5.0,False,1|3|0|1|1|0|0|0|0,0|0|3|0|0|0|0|1|1,-105.0,-115.0,-110.0,-110.0,1.5,8.5,espn,401697168,TOR,TB,regular,Jose Berrios,Ryan Pepiot,,,,,,,,
2025,2025-09-16,Los Angeles Angels,Milwaukee Brewers,2.0,9.0,False,0|0|0|0|1|0|1|0|0,1|1|1|2|0|0|1|3,175.0,-210.0,225.0,-275.0,-1.5,8.5,espn,401697169,LAA,MIL,regular,Caden Dana,Freddy Peralta,,,,,,,,
2025,2025-09-16,Baltimore Orioles,Chicago White Sox,8.0,7.0,False,0|0|2|2|2|0|2|0|0,2|0|0|0|0|0|0|5|0,-110.0,-110.0,-105.0,-115.0,1.5,7.5,espn,401697170,BAL,CHW,regular,Dean Kremer,Shane Smith,,,,,,,,
2025,2025-09-16,New York Yankees,Minnesota Twins,10.0,9.0,False,2|4|3|1|0|0|0|0|0,1|0|0|0|3|4|0|0|1,-150.0,125.0,-175.0,145.0,1.5,8.5,espn,401697172,NYY,MIN,regular,Cam Schlittler,Zebby Matthews,,,,,,,,
2025,2025-09-16,Seattle Mariners,Kansas City Royals,12.0,5.0,False,2|1|4|2|1|0|0|0|2,0|0|0|1|0|2|0|2|0,-190.0,160.0,-145.0,120.0,1.5,8.5,espn,401697173,SEA,KC,regular,Logan Gilbert,Michael Wacha,,,,,,,,
2025,2025-09-16,Cincinnati Reds,St. Louis Cardinals,0.0,3.0,False,0|0|0|0|0|0|0|0|0,1|0|2|0|0|0|0|0,-150.0,125.0,-125.0,105.0,1.5,7.5,espn,401697171,CIN,STL,regular,Andrew Abbott,Michael McGreevy,,,,,,,,
2025,2025-09-16,Texas Rangers,Houston Astros,5.0,6.0,False,0|0|0|0|1|0|0|4|0,1|0|1|4|0|0|0|0,125.0,-150.0,-120.0,100.0,1.5,7.5,espn,401697174,TEX,HOU,regular,Merrill Kelly,AJ Blubaugh,,,,,,,,
2025,2025-09-16,Miami Marlins,Colorado Rockies,6.0,5.0,False,0|0|3|0|0|3|0|0|0,0|0|0|0|0|0|0|3|2,-120.0,100.0,-150.0,125.0,1.5,10.5,espn,401697175,MIA,COL,regular,Eury Perez,Kyle Freeland,,,,,,,,
2025,2025-09-16,San Francisco Giants,Arizona Diamondbacks,5.0,6.0,False,4|0|1|0|0|0|0|0|0,0|3|0|0|2|0|0|0|1,125.0,-150.0,105.0,-125.0,-1.5,9.5,espn,401697177,SF,ARI,regular,Tristan Beck,Eduardo Rodriguez,,,,,,,,
2025,2025-09-16,Philadelphia Phillies,Los Angeles Dodgers,9.0,6.0,False,0|0|0|0|0|6|0|0|3,0|3|0|1|0|0|0|2|0,-115.0,-105.0,110.0,-130.0,-1.5,7.5,espn,401697176,PHI,LAD,regular,Cristopher Sanchez,Shohei Ohtani,,,,,,,,
2025,2025-09-17,Chicago Cubs,Pittsburgh Pirates,8.0,4.0,False,4|0|0|0|0|3|0|1|0,3|1|0|0|0|0|0|0|0,-125.0,105.0,-145.0,120.0,1.5,7.5,espn,401697179,CHC,PIT,regular,Matthew Boyd,Johan Oviedo,,,,,,,,
2025,2025-09-17,Cincinnati Reds,St. Louis Cardinals,6.0,2.0,False,0|0|0|3|1|0|2|0|0,1|0|0|0|0|1|0|0|0,-120.0,100.0,-125.0,105.0,1.5,8.5,espn,401697186,CIN,STL,regular,Brady Singer,Andre Pallante,,,,,,,,
2025,2025-09-17,Baltimore Orioles,Chicago White Sox,3.0,1.0,False,1|0|0|2|0|0|0|0|0,0|0|0|1|0|0|0|0|0,-115.0,-105.0,-125.0,105.0,1.5,8.5,espn,401697185,BAL,CHW,regular,Tyler Wells,Martin Perez,,,,,,,,
2025,2025-09-17,San Francisco Giants,Arizona Diamondbacks,5.0,1.0,False,0|0|0|0|0|0|0|0|0|0|5,0|0|0|0|0|0|0|0|0|0|1,-110.0,-110.0,-105.0,-115.0,1.5,8.5,espn,401697192,SF,ARI,regular,Justin Verlander,Brandon Pfaadt,,,,,,,,
2025,2025-09-17,Atlanta Braves,Washington Nationals,9.0,4.0,False,0|0|0|0|0|4|1|1|3,0|0|0|0|3|0|0|0|1,-150.0,125.0,-150.0,125.0,1.5,8.5,espn,401697178,ATL,WSH,regular,Hurston Waldrep,Brad Lord,,,,,,,,
2025,2025-09-17,Cleveland Guardians,Detroit Tigers,4.0,0.0,False,0|0|1|0|0|1|0|0|2,0|0|0|0|0|0|0|0|0,135.0,-160.0,120.0,-145.0,-1.5,7.5,espn,401697180,CLE,DET,regular,Gavin Williams,Jack Flaherty,,,,,,,,
2025,2025-09-17,Athletics,Boston Red Sox,4.0,5.0,False,0|1|0|0|3|0|0|0|0|0,1|1|0|0|1|1|0|0|0|1,110.0,-130.0,140.0,-165.0,-1.5,9.5,espn,401697181,ATH,BOS,regular,Mason Barnett,Lucas Giolito,,,,,,,,
2025,2025-09-17,Toronto Blue Jays,Tampa Bay Rays,1.0,2.0,False,0|0|0|1|0|0|0|0|0,1|0|0|0|0|0|1|0,105.0,-125.0,-130.0,110.0,1.5,7.5,espn,401697183,TOR,TB,regular,Kevin Gausman,Ian Seymour,,,,,,,,
2025,2025-09-17,San Diego Padres,New York Mets,7.0,4.0,False,1|1|0|0|4|0|0|0|1,1|0|0|1|1|0|1|0|0,115.0,-135.0,115.0,-135.0,-1.5,7.5,espn,401697182,SD,NYM,regular,Nick Pivetta,David Peterson,,,,,,,,
2025,2025-09-17,Los Angeles Angels,Milwaukee Brewers,2.0,9.0,False,0|0|0|1|0|1|0|0|0,0|5|0|0|0|1|0|3,135.0,-160.0,195.0,-235.0,-1.5,7.5,espn,401697184,LAA,MIL,regular,Jose Soriano,Brandon Woodruff,,,,,,,,
2025,2025-09-17,New York Yankees,Minnesota Twins,10.0,5.0,False,1|0|1|5|0|0|0|1|2,0|2|0|0|3|0|0|0|0,-130.0,110.0,-155.0,130.0,1.5,9.5,espn,401697187,NYY,MIN,regular,Luis Gil,Taj Bradley,,,,,,,,
2025,2025-09-17,Seattle Mariners,Kansas City Royals,5.0,7.0,False,0|2|0|0|0|0|1|1|1,3|0|0|0|0|0|0|4,110.0,-130.0,105.0,-125.0,1.5,8.5,espn,401697188,SEA,KC,regular,Bryce Miller,Cole Ragans,,,,,,,,
2025,2025-09-17,Texas Rangers,Houston Astros,2.0,5.0,False,0|2|0|0|0|0|0|0|0,2|0|2|0|1|0|0|0,120.0,-145.0,-150.0,125.0,1.5,7.5,espn,401697189,TEX,HOU,regular,Jacob deGrom,Cristian Javier,,,,,,,,
2025,2025-09-17,Miami Marlins,Colorado Rockies,8.0,4.0,False,0|0|1|2|0|1|1|2|1,0|2|0|1|0|0|0|0|1,-135.0,115.0,-155.0,130.0,1.5,10.5,espn,401697190,MIA,COL,regular,Ryan Weathers,McCade Brown,,,,,,,,
2025,2025-09-17,Philadelphia Phillies,Los Angeles Dodgers,0.0,5.0,False,0|0|0|0|0|0|0|0|0,0|2|0|1|0|0|0|2,-110.0,-110.0,125.0,-150.0,-1.5,7.5,espn,401697191,PHI,LAD,regular,Jesus Luzardo,Blake Snell,,,,,,,,
2025,2025-09-18,Cleveland Guardians,Detroit Tigers,3.0,1.0,False,0|0|0|1|0|0|2|0|0,0|1|0|0|0|0|0|0|0,135.0,-160.0,195.0,-235.0,-1.5,7.5,espn,401697194,CLE,DET,regular,Tanner Bibee,,,,,,,,,
2025,2025-09-18,San Diego Padres,New York Mets,1.0,6.0,False,0|0|1|0|0|0|0|0|0,1|0|4|0|0|0|1|0,140.0,-165.0,120.0,-145.0,-1.5,9.5,espn,401697197,SD,NYM,regular,Randy Vasquez,Jonah Tong,,,,,,,,
2025,2025-09-18,Toronto Blue Jays,Tampa Bay Rays,0.0,4.0,False,0|0|0|0|0|0|0|0|0,0|3|0|0|0|1|0|0,105.0,-125.0,-125.0,105.0,1.5,7.5,espn,401697198,TOR,TB,regular,Chris Bassitt,Shane Baz,,,,,,,,
2025,2025-09-18,Athletics,Boston Red Sox,5.0,3.0,False,3|0|1|0|0|0|1|0|0,1|1|0|0|0|0|0|1|0,-120.0,100.0,125.0,-150.0,-1.5,9.5,espn,401697196,ATH,BOS,regular,J.T. Ginn,Brayan Bello,,,,,,,,
2025,2025-09-18,Seattle Mariners,Kansas City Royals,2.0,0.0,False,0|1|0|0|0|0|0|1|0,0|0|0|0|0|0|0|0|0,-145.0,120.0,-120.0,100.0,1.5,9.5,espn,401697200,SEA,KC,regular,Luis Castillo,Stephen Kolek,,,,,,,,
2025,2025-09-18,Miami Marlins,Colorado Rockies,9.0,7.0,False,0|1|3|0|0|0|2|1|2,0|2|0|0|0|0|1|0|4,-165.0,140.0,-175.0,145.0,1.5,9.5,espn,401697201,MIA,COL,regular,Sandy Alcantara,Tanner Gordon,,,,,,,,
2025,2025-09-18,Chicago Cubs,Cincinnati Reds,0.0,1.0,False,0|0|0|0|0|0|0|0|0,0|0|0|1|0|0|0|0,115.0,-135.0,125.0,-150.0,-1.5,8.5,espn,401697193,CHC,CIN,regular,Colin Rea,Hunter Greene,,,,,,,,
2025,2025-09-18,New York Yankees,Baltimore Orioles,7.0,0.0,False,2|0|0|0|1|0|4|0|0,0|0|0|0|0|0|0|0|0,-255.0,210.0,-210.0,175.0,1.5,8.5,espn,401697195,NYY,BAL,regular,Max Fried,Cade Povich,,,,,,,,
2025,2025-09-18,Los Angeles Angels,Milwaukee Brewers,2.0,5.0,False,0|0|0|0|2|0|0|0|0,0|0|0|1|0|1|3|0,145.0,-175.0,200.0,-240.0,-1.5,7.5,espn,401697199,LAA,MIL,regular,Yusei Kikuchi,Quinn Priester,,,,,,,,
2025,2025-09-18,San Francisco Giants,Los Angeles Dodgers,1.0,2.0,False,0|0|0|0|0|0|1|0|0,0|0|0|0|0|2|0|0,140.0,-165.0,145.0,-175.0,-1.5,7.5,espn,401697202,SF,LAD,regular,Logan Webb,Yoshinobu Yamamoto,,,,,,,,
2025,2025-09-19,Atlanta Braves,Detroit Tigers,10.0,1.0,False,3|3|0|0|0|0|0|2|2,0|0|0|1|0|0|0|0|0,-150.0,125.0,100.0,-120.0,1.5,9.5,espn,401697203,ATL,DET,regular,Bryce Elder,Charlie Morton,,,,,,,,
2025,2025-09-19,Chicago Cubs,Cincinnati Reds,4.0,7.0,False,0|1|1|2|0|0|0|0|0,1|0|1|1|1|3|0|0,100.0,-120.0,-115.0,-105.0,1.5,8.5,espn,401697205,CHC,CIN,regular,Shota Imanaga,Nick Lodolo,,,,,,,,
2025,2025-09-19,Athletics,Pittsburgh Pirates,4.0,3.0,False,0|0|0|1|3|0|0|0|0,3|0|0|0|0|0|0|0|0,-105.0,-115.0,-110.0,-110.0,1.5,8.5,espn,401697207,ATH,PIT,regular,Luis Severino,Mitch Keller,,,,,,,,
2025,2025-09-19,New York Yankees,Baltimore Orioles,2.0,4.0,False,0|0|0|0|0|0|2|0|0,0|1|0|0|0|2|1|0,-105.0,-115.0,-115.0,-105.0,1.5,8.5,espn,401697206,NYY,BAL,regular,Will Warren,Trevor Rogers,,,,,,,,
2025,2025-09-19,Washington Nationals,New York Mets,6.0,12.0,False,0|0|4|0|2|0|0|0|0,1|0|1|6|0|0|1|3,130.0,-155.0,195.0,-235.0,-1.5,8.5,espn,401697208,WSH,NYM,regular,Andrew Alvarez,Brandon Sproat,,,,,,,,
2025,2025-09-19,Boston Red Sox,Tampa Bay Rays,11.0,7.0,False,0|1|1|0|0|0|2|7|0,1|1|1|0|0|0|0|0|4,-150.0,125.0,-145.0,120.0,1.5,6.5,espn,401697204,BOS,TB,regular,Garrett Crochet,Drew Rasmussen,,,,,,,,
2025,2025-09-19,San Diego Padres,Chicago White Sox,3.0,4.0,False,0|0|1|1|0|1|0|0|0,2|0|0|2|0|0|0|0,-155.0,130.0,-185.0,155.0,1.5,8.5,espn,401697212,SD,CHW,regular,Dylan Cease,Davis Martin,,,,,,,,
2025,2025-09-19,Toronto Blue Jays,Kansas City Royals,1.0,20.0,False,1|0|0|0|0|0|0|0|0,7|0|3|0|0|0|4|6,-110.0,-110.0,-145.0,120.0,1.5,8.5,espn,401697214,TOR,KC,regular,Max Scherzer,Michael Lorenzen,,,,,,,,
2025,2025-09-19,Miami Marlins,Texas Rangers,6.0,4.0,False,0|0|0|0|0|0|1|0|0|2|0|3,0|1|0|0|0|0|0|0|0|2|0|1,110.0,-130.0,125.0,-150.0,-1.5,7.5,espn,401697210,MIA,TEX,regular,Janson Junk,Tyler Mahle,,,,,,,,
2025,2025-09-19,Cleveland Guardians,Minnesota Twins,6.0,2.0,False,2|0|0|0|0|0|0|2|2,0|0|0|0|0|2|0|0|0,125.0,-150.0,-115.0,-105.0,1.5,7.5,espn,401697209,CLE,MIN,regular,Parker Messick,Pablo Lopez,,,,,,,,
2025,2025-09-19,Seattle Mariners,Houston Astros,4.0,0.0,False,1|0|0|1|0|0|1|1|0,0|0|0|0|0|0|0|0|0,-130.0,110.0,-110.0,-110.0,1.5,7.5,espn,401697213,SEA,HOU,regular,Bryan Woo,Hunter Brown,,,,,,,,
2025,2025-09-19,Los Angeles Angels,Colorado Rockies,6.0,7.0,False,0|3|0|0|3|0|0|0|0,2|1|0|0|4|0|0|0,-135.0,115.0,-120.0,100.0,1.5,11.5,espn,401697215,LAA,COL,regular,Mitch Farris,Bradley Blalock,,,,,,,,
2025,2025-09-19,Milwaukee Brewers,St. Louis Cardinals,1.0,7.0,False,0|0|1|0|0|0|0|0|0,1|1|0|0|5|0|0|0,-110.0,-110.0,-125.0,105.0,1.5,7.5,espn,401697211,MIL,STL,regular,Jacob Misiorowski,Sonny Gray,,,,,,,,
2025,2025-09-19,Philadelphia Phillies,Arizona Diamondbacks,8.0,2.0,False,0|1|0|0|1|1|0|2|3,2|0|0|0|0|0|0|0|0,100.0,-120.0,110.0,-130.0,-1.5,9.5,espn,401697216,PHI,ARI,regular,Taijuan Walker,Ryne Nelson,,,,,,,,
2025,2025-09-19,San Francisco Giants,Los Angeles Dodgers,3.0,6.0,False,1|0|1|0|0|0|1|0|0,0|1|0|0|4|1|0|0,115.0,-135.0,155.0,-185.0,-1.5,8.5,espn,401697217,SF,LAD,regular,Robbie Ray,Clayton Kershaw,,,,,,,,
2025,2025-09-20,Atlanta Braves,Detroit Tigers,6.0,5.0,False,0|0|3|0|0|0|0|1|2,1|0|1|0|0|1|2|0|0,-115.0,-110.0,-105.0,-115.0,1.5,8.5,espn,401697218,ATL,DET,regular,Joey Wentz,Keider Montero,,,,,,,,
2025,2025-09-20,Cleveland Guardians,Minnesota Twins,6.0,0.0,False,1|2|0|0|2|0|0|1|0,0|0|0|0|0|0|0|0|0,-105.0,-115.0,105.0,-125.0,-1.5,7.5,espn,401697224,CLE,MIN,regular,Slade Cecconi,Joe Ryan,,,,,,,,
2025,2025-09-20,Washington Nationals,New York Mets,5.0,3.0,False,1|2|0|0|0|0|0|0|0|0|2,0|0|0|0|0|0|0|2|1|0|0,165.0,-200.0,230.0,-285.0,-1.5,8.5,espn,401697223,WSH,NYM,regular,Cade Cavalli,Nolan McLean,,,,,,,,
2025,2025-09-20,Chicago Cubs,Cincinnati Reds,3.0,6.0,False,0|0|1|0|1|0|0|1|0,0|0|2|0|1|0|1|2,-125.0,105.0,-105.0,-115.0,1.5,8.5,espn,401697220,CHC,CIN,regular,Javier Assad,Zack Littell,,,,,,,,
2025,2025-09-20,Athletics,Pittsburgh Pirates,0.0,2.0,False,0|0|0|0|0|0|0|0|0,0|1|1|0|0|0|0|0,-130.0,110.0,-115.0,-105.0,1.5,7.5,espn,401697222,ATH,PIT,regular,Luis Morales,Bubba Chandler,,,,,,,,
2025,2025-09-20,Boston Red Sox,Tampa Bay Rays,6.0,3.0,False,0|0|1|0|1|1|0|0|3,0|0|0|1|0|0|2|0|0,-110.0,-110.0,-105.0,-115.0,1.5,8.5,espn,401697219,BOS,TB,regular,Kyle Harrison,Adrian Houser,,,,,,,,
2025,2025-09-20,New York Yankees,Baltimore Orioles,6.0,1.0,False,3|0|1|0|1|1|0|0|0,0|0|0|0|0|0|1|0|0,-190.0,160.0,-190.0,160.0,1.5,8.5,espn,401697221,NYY,BAL,regular,Carlos Rodon,Tomoyuki Sugano,,,,,,,,
2025,2025-09-20,Miami Marlins,Texas Rangers,4.0,3.0,False,0|1|0|1|0|2|0|0|0,0|0|2|0|0|0|0|0|1,100.0,-120.0,120.0,-145.0,-1.5,8.5,espn,401697225,MIA,TEX,regular,Adam Mazur,Jack Leiter,,,,,,,,
2025,2025-09-20,San Diego Padres,Chicago White Sox,7.0,3.0,False,0|1|0|0|0|4|0|1|1,1|0|1|0|0|0|0|0|1,-145.0,120.0,-180.0,150.0,1.5,8.5,espn,401697227,SD,CHW,regular,Yu Darvish,Yoendrys Gomez,,,,,,,,
2025,2025-09-20,Seattle Mariners,Houston Astros,6.0,4.0,False,1|1|1|0|2|0|1|0|0,0|0|0|0|0|0|4|0|0,-120.0,100.0,-115.0,-110.0,1.5,7.5,espn,401697228,SEA,HOU,regular,George Kirby,Framber Valdez,,,,,,,,
2025,2025-09-20,Toronto Blue Jays,Kansas City Royals,1.0,2.0,False,0|0|0|0|0|0|1|0|0,0|0|0|2|0|0|0|0,-115.0,-105.0,-135.0,115.0,1.5,8.5,espn,401697229,TOR,KC,regular,Shane Bieber,Noah Cameron,,,,,,,,
2025,2025-09-20,Cleveland Guardians,Minnesota Twins,8.0,0.0,False,0|0|0|0|6|0|0|2|0,0|0|0|0|0|0|0|0|0,130.0,-155.0,-120.0,100.0,1.5,8.5,espn,401774634,CLE,MIN,regular,Logan Allen,Bailey Ober,,,,,,,,
2025,2025-09-20,Milwaukee Brewers,St. Louis Cardinals,3.0,2.0,False,0|1|0|0|0|1|0|0|0|1,0|0|0|1|1|0|0|0|0|0,-160.0,135.0,-150.0,125.0,1.5,8.5,espn,401697226,MIL,STL,regular,Chad Patrick,Miles Mikolas,,,,,,,,
2025,2025-09-20,Los Angeles Angels,Colorado Rockies,3.0,0.0,False,0|1|0|0|0|1|0|1|0,0|0|0|0|0|0|0|0|0,-130.0,110.0,-125.0,105.0,1.5,11.5,espn,401697230,LAA,COL,regular,Kyle Hendricks,German Marquez,,,,,,,,
2025,2025-09-20,Philadelphia Phillies,Arizona Diamondbacks,3.0,4.0,False,2|0|0|1|0|0|0|0|0,1|0|1|0|0|2|0|0,115.0,-135.0,-105.0,-115.0,1.5,9.5,espn,401697231,PHI,ARI,regular,Aaron Nola,Zac Gallen,,,,,,,,
2025,2025-09-20,San Francisco Giants,Los Angeles Dodgers,5.0,7.0,False,4|0|0|0|0|0|1|0|0,2|0|0|2|1|2|0|0,255.0,-320.0,200.0,-240.0,-1.5,8.5,espn,401697232,SF,LAD,regular,Kai-Wei Teng,Tyler Glasnow,,,,,,,,
2025,2025-09-21,Atlanta Braves,Detroit Tigers,6.0,2.0,False,0|0|1|1|1|0|0|0|3,0|0|0|0|0|0|0|0|2,-125.0,105.0,100.0,-120.0,1.5,8.5,espn,401697233,ATL,DET,regular,Spencer Strider,Casey Mize,,,,,,,,
2025,2025-09-21,New York Yankees,Baltimore Orioles,7.0,1.0,False,0|0|0|0|0|1|0|0|0|6,0|0|0|0|1|0|0|0|0|0,-150.0,125.0,-135.0,115.0,1.5,8.5,espn,401697236,NYY,BAL,regular,Cam Schlittler,Kyle Bradish,,,,,,,,
2025,2025-09-21,Athletics,Pittsburgh Pirates,0.0,11.0,False,0|0|0|0|0|0|0|0|0,2|2|0|3|3|0|0|1,-120.0,100.0,100.0,-120.0,1.5,8.5,espn,401697237,ATH,PIT,regular,Mitch Spence,Mike Burrows,,,,,,,,
2025,2025-09-21,Chicago Cubs,Cincinnati Reds,0.0,1.0,False,0|0|0|0|0|0|0|0|0,0|0|1|0|0|0|0|0,125.0,-150.0,105.0,-125.0,1.5,8.5,espn,401697235,CHC,CIN,regular,Jameson Taillon,Andrew Abbott,,,,,,,,
2025,2025-09-21,Washington Nationals,New York Mets,3.0,2.0,False,0|3|0|0|0|0|0|0|0,0|0|1|0|0|1|0|0|0,120.0,-145.0,240.0,-300.0,-1.5,8.5,espn,401697238,WSH,NYM,regular,Jake Irvin,Sean Manaea,,,,,,,,
2025,2025-09-21,Cleveland Guardians,Minnesota Twins,2.0,6.0,False,2|0|0|0|0|0|0|0|0,0|0|1|0|0|2|3|0,125.0,-150.0,-145.0,120.0,1.5,8.5,espn,401697239,CLE,MIN,regular,Joey Cantillo,Simeon Woods Richardson,,,,,,,,
2025,2025-09-21,San Diego Padres,Chicago White Sox,3.0,2.0,False,0|2|1|0|0|0|0|0|0,0|0|0|0|0|0|2|0|0,105.0,-125.0,-180.0,150.0,1.5,8.5,espn,401697242,SD,CHW,regular,Michael King,Sean Burke,,,,,,,,
2025,2025-09-21,Toronto Blue Jays,Kansas City Royals,8.0,5.0,False,0|3|0|0|3|0|0|2|0,0|0|0|2|2|1|0|0|0,-180.0,150.0,-125.0,105.0,1.5,8.5,espn,401697244,TOR,KC,regular,Trey Yesavage,Michael Wacha,,,,,,,,
2025,2025-09-21,Milwaukee Brewers,St. Louis Cardinals,1.0,5.0,False,0|0|0|0|1|0|0|0|0,0|0|2|2|0|0|0|1,-180.0,150.0,-135.0,115.0,1.5,8.5,espn,401697241,MIL,STL,regular,Robert Gasser,Matthew Liberatore,,,,,,,,
2025,2025-09-21,Miami Marlins,Texas Rangers,4.0,2.0,False,0|0|0|2|1|0|1|0|0,0|0|0|0|0|2|0|0|0,-115.0,-105.0,105.0,-125.0,-1.5,7.5,espn,401697240,MIA,TEX,regular,Eury Perez,Merrill Kelly,,,,,,,,
2025,2025-09-21,Los Angeles Angels,Colorado Rockies,1.0,3.0,False,1|0|0|0|0|0|0|0|0,0|1|0|1|0|0|0|1,-145.0,120.0,-105.0,-115.0,1.5,11.5,espn,401697245,LAA,COL,regular,Caden Dana,Kyle Freeland,,,,,,,,
2025,2025-09-21,Philadelphia Phillies,Arizona Diamondbacks,2.0,9.0,False,0|0|0|0|0|0|0|2|0,1|5|0|0|0|1|1|1,-155.0,130.0,-125.0,105.0,1.5,8.5,espn,401697246,PHI,ARI,regular,Ranger Suarez,Eduardo Rodriguez,,,,,,,,
2025,2025-09-21,San Francisco Giants,Los Angeles Dodgers,3.0,1.0,False,0|0|0|0|0|0|0|3|0,0|0|0|0|0|0|1|0|0,195.0,-235.0,180.0,-215.0,-1.5,9.5,espn,401697247,SF,LAD,regular,Trevor McDonald,Emmet Sheehan,,,,,,,,
2025,2025-09-21,Seattle Mariners,Houston Astros,7.0,3.0,False,0|7|0|0|0|0|0|0|0,0|0|1|0|0|0|1|1|0,-165.0,140.0,-155.0,130.0,1.5,8.5,espn,401697243,SEA,HOU,regular,Logan Gilbert,Jason Alexander,,,,,,,,
2025,2025-09-21,Boston Red Sox,Tampa Bay Rays,3.0,7.0,False,0|0|0|1|0|0|2|0|0,3|0|0|0|0|1|0|3,-110.0,-110.0,-130.0,110.0,1.5,7.5,espn,401697234,BOS,TB,regular,Connelly Early,Joe Boyle,,,,,,,,
2025,2025-09-22,Washington Nationals,Atlanta Braves,5.0,11.0,False,1|0|0|1|3|0|0|0|0,1|1|5|1|0|3|0|0,260.0,-325.0,220.0,-275.0,-1.5,7.5,espn,401697248,WSH,ATL,regular,MacKenzie Gore,Chris Sale,,,,,,,,
2025,2025-09-22,Milwaukee Brewers,San Diego Padres,4.0,5.0,False,0|3|0|0|0|0|0|0|0|1|0,1|0|0|0|1|0|1|0|0|1|1,110.0,-130.0,-110.0,-110.0,1.5,6.5,espn,401697249,MIL,SD,regular,Freddy Peralta,Nick Pivetta,,,,,,,,
2025,2025-09-22,St. Louis Cardinals,San Francisco Giants,6.0,5.0,False,0|0|1|1|4|0|0|0|0,1|0|0|3|1|0|0|0|0,110.0,-130.0,130.0,-155.0,-1.5,7.5,espn,401697250,STL,SF,regular,Michael McGreevy,Justin Verlander,,,,,,,,
2025,2025-09-23,Tampa Bay Rays,Baltimore Orioles,0.0,6.0,False,0|0|0|0|0|0|0|0|0,2|0|1|0|1|2|0|0,-145.0,120.0,-110.0,-110.0,1.5,8.5,espn,401697256,TB,BAL,regular,Ryan Pepiot,Dean Kremer,,,,,,,,
2025,2025-09-23,Detroit Tigers,Cleveland Guardians,2.0,5.0,False,0|0|1|0|0|1|0|0|0,0|0|0|0|0|3|2|0,-125.0,105.0,-160.0,135.0,1.5,6.5,espn,401697253,DET,CLE,regular,Tarik Skubal,Gavin Williams,,,,,,,,
2025,2025-09-23,Pittsburgh Pirates,Cincinnati Reds,4.0,2.0,False,0|4|0|0|0|0|0|0|0,0|2|0|0|0|0|0|0|0,-105.0,-115.0,145.0,-175.0,-1.5,8.5,espn,401697255,PIT,CIN,regular,Johan Oviedo,Brady Singer,,,,,,,,
2025,2025-09-23,Miami Marlins,Philadelphia Phillies,6.0,5.0,False,0|0|0|0|0|0|0|2|1|2|1,1|2|0|0|0|0|0|0|0|2|0,150.0,-180.0,170.0,-205.0,-1.5,7.5,espn,401697254,MIA,PHI,regular,Edward Cabrera,Cristopher Sanchez,,,,,,,,
2025,2025-09-23,Chicago White Sox,New York Yankees,2.0,3.0,False,0|0|0|0|0|2|0|0|0,0|1|0|0|0|0|0|0|2,145.0,-175.0,195.0,-235.0,-1.5,8.5,espn,401697252,CHW,NYY,regular,Shane Smith,Luis Gil,,,,,,,,
2025,2025-09-23,Boston Red Sox,Toronto Blue Jays,4.0,1.0,False,0|1|0|0|0|3|0|0|0,0|0|0|1|0|0|0|0|0,120.0,-145.0,135.0,-160.0,-1.5,7.5,espn,401697251,BOS,TOR,regular,Lucas Giolito,Kevin Gausman,,,,,,,,
2025,2025-09-23,Washington Nationals,Atlanta Braves,2.0,3.0,False,0|0|1|0|0|0|0|1|0,0|0|0|0|1|1|1|0,120.0,-145.0,160.0,-190.0,-1.5,8.5,espn,401697257,WSH,ATL,regular,Brad Lord,Hurston Waldrep,,,,,,,,
2025,2025-09-23,New York Mets,Chicago Cubs,9.0,7.0,False,1|0|0|0|5|1|0|2|0,2|3|0|1|0|1|0|0|0,105.0,-125.0,-110.0,-110.0,1.5,7.5,espn,401697259,NYM,CHC,regular,David Peterson,Cade Horton,,,,,,,,
2025,2025-09-23,Minnesota Twins,Texas Rangers,4.0,1.0,False,0|0|2|0|0|2|0|0|0,1|0|0|0|0|0|0|0|0,105.0,-125.0,120.0,-145.0,-1.5,8.5,espn,401697258,MIN,TEX,regular,Zebby Matthews,Patrick Corbin,,,,,,,,
2025,2025-09-23,Kansas City Royals,Los Angeles Angels,8.0,4.0,False,2|0|0|0|1|0|2|3|0,0|0|0|0|2|0|0|0|2,-150.0,125.0,-165.0,140.0,1.5,9.5,espn,401697262,KC,LAA,regular,Cole Ragans,Sam Aldegheri,,,,,,,,
2025,2025-09-23,Colorado Rockies,Seattle Mariners,3.0,4.0,False,0|1|0|0|0|2|0|0|0,0|0|0|0|1|0|0|3,160.0,-190.0,250.0,-310.0,-1.5,8.5,espn,401697260,COL,SEA,regular,McCade Brown,Bryce Miller,,,,,,,,
2025,2025-09-23,Los Angeles Dodgers,Arizona Diamondbacks,4.0,5.0,False,0|1|0|0|0|2|1|0|0,0|0|0|0|0|0|3|0|2,-155.0,130.0,-160.0,135.0,1.5,8.5,espn,401697263,LAD,ARI,regular,Shohei Ohtani,Brandon Pfaadt,,,,,,,,
2025,2025-09-23,Milwaukee Brewers,San Diego Padres,0.0,7.0,False,0|0|0|0|0|0|0|0|0,4|2|0|0|0|0|0|1,-135.0,115.0,-125.0,105.0,1.5,8.5,espn,401697264,MIL,SD,regular,Bruce Zimmermann,Randy Vasquez,,,,,,,,
2025,2025-09-23,St. Louis Cardinals,San Francisco Giants,9.0,8.0,False,3|0|0|0|0|0|4|0|2,0|0|5|0|2|1|0|0|0,120.0,-145.0,165.0,-205.0,-1.5,7.5,espn,401697265,STL,SF,regular,Andre Pallante,Logan Webb,,,,,,,,
2025,2025-09-23,Houston Astros,Athletics,1.0,5.0,False,0|1|0|0|0|0|0|0|0,1|0|0|1|2|0|0|1,105.0,-125.0,-105.0,-115.0,1.5,10.5,espn,401764594,HOU,ATH,regular,Cristian Javier,Jeffrey Springs,,,,,,,,
2025,2025-09-24,Washington Nationals,Atlanta Braves,4.0,3.0,False,1|0|0|1|0|1|0|1|0,0|0|0|0|0|1|0|1|1,135.0,-160.0,155.0,-185.0,-1.5,9.5,espn,401697272,WSH,ATL,regular,Andrew Alvarez,Bryce Elder,,,,,,,,
2025,2025-09-24,Milwaukee Brewers,San Diego Padres,3.0,1.0,False,0|0|0|0|1|0|1|0|1,0|0|0|0|0|1|0|0|0,120.0,-145.0,120.0,-145.0,-1.5,7.5,espn,401697279,MIL,SD,regular,Chad Patrick,Dylan Cease,,,,,,,,
2025,2025-09-24,Tampa Bay Rays,Baltimore Orioles,6.0,2.0,False,1|1|1|0|0|1|1|1|0,0|0|0|0|0|0|0|2|0,-125.0,105.0,105.0,-125.0,-1.5,7.5,espn,401697271,TB,BAL,regular,Shane Baz,Tyler Wells,,,,,,,,
2025,2025-09-24,Detroit Tigers,Cleveland Guardians,1.0,5.0,False,0|0|1|0|0|0|0|0|0,0|0|2|0|1|0|2|0,-115.0,-105.0,125.0,-150.0,-1.5,7.5,espn,401697268,DET,CLE,regular,Jack Flaherty,Tanner Bibee,,,,,,,,
2025,2025-09-24,Pittsburgh Pirates,Cincinnati Reds,4.0,3.0,False,0|0|0|1|0|1|0|0|0|1|1,0|0|0|0|0|0|0|1|1|1|0,-105.0,-115.0,110.0,-130.0,-1.5,6.5,espn,401697270,PIT,CIN,regular,Paul Skenes,Hunter Greene,,,,,,,,
2025,2025-09-24,Miami Marlins,Philadelphia Phillies,1.0,11.0,False,0|1|0|0|0|0|0|0|0,0|0|1|2|3|0|5|0,170.0,-205.0,140.0,-165.0,-1.5,7.5,espn,401697269,MIA,PHI,regular,Ryan Weathers,Jesus Luzardo,,,,,,,,
2025,2025-09-24,Chicago White Sox,New York Yankees,1.0,8.0,False,0|1|0|0|0|0|0|0|0,0|3|2|0|0|0|0|3,205.0,-250.0,295.0,-375.0,-2.5,8.5,espn,401697267,CHW,NYY,regular,Fraser Ellard,Max Fried,,,,,,,,
2025,2025-09-24,Boston Red Sox,Toronto Blue Jays,7.0,1.0,False,3|0|0|0|1|0|0|3|0,0|0|0|0|0|0|0|0|1,-190.0,160.0,-130.0,110.0,1.5,7.5,espn,401697266,BOS,TOR,regular,Garrett Crochet,Max Scherzer,,,,,,,,
2025,2025-09-24,Minnesota Twins,Texas Rangers,2.0,4.0,False,1|0|0|0|0|0|0|1|0,0|0|0|1|0|0|3|0,115.0,-135.0,150.0,-180.0,-1.5,7.5,espn,401697273,MIN,TEX,regular,Taj Bradley,Jacob deGrom,,,,,,,,
2025,2025-09-24,New York Mets,Chicago Cubs,3.0,10.0,False,0|0|0|0|2|0|0|1|0,0|0|5|1|2|2|0|0,-110.0,-110.0,-105.0,-115.0,1.5,7.5,espn,401697274,NYM,CHC,regular,Jonah Tong,Matthew Boyd,,,,,,,,
2025,2025-09-24,Kansas City Royals,Los Angeles Angels,2.0,3.0,False,0|0|0|0|1|0|1|0|0,0|1|1|1|0|0|0|0,100.0,-120.0,-115.0,-105.0,1.5,8.5,espn,401697277,KC,LAA,regular,Stephen Kolek,Yusei Kikuchi,,,,,,,,
2025,2025-09-24,Colorado Rockies,Seattle Mariners,2.0,9.0,False,0|0|0|1|0|0|0|0|1,3|2|0|2|0|0|1|1,140.0,-165.0,250.0,-310.0,-1.5,7.5,espn,401697275,COL,SEA,regular,Tanner Gordon,Luis Castillo,,,,,,,,
2025,2025-09-24,Los Angeles Dodgers,Arizona Diamondbacks,5.0,4.0,False,1|0|0|2|0|0|0|1|0|0|1,1|0|0|0|0|0|0|3|0|0|0,-200.0,165.0,-145.0,120.0,1.5,8.5,espn,401697278,LAD,ARI,regular,Blake Snell,Ryne Nelson,,,,,,,,
2025,2025-09-24,St. Louis Cardinals,San Francisco Giants,3.0,4.0,False,0|0|2|0|0|0|0|1|0,0|1|1|1|0|0|0|1,-110.0,-110.0,-120.0,100.0,1.5,7.5,espn,401697280,STL,SF,regular,Sonny Gray,JT Brubaker,,,,,,,,
2025,2025-09-24,Houston Astros,Athletics,0.0,6.0,False,0|0|0|0|0|0|0|0|0,0|0|1|0|3|0|2|0,145.0,-175.0,-135.0,115.0,1.5,9.5,espn,401764595,HOU,ATH,regular,Hunter Brown,Luis Severino,,,,,,,,
2025,2025-09-25,Pittsburgh Pirates,Cincinnati Reds,1.0,2.0,False,0|0|0|0|0|0|0|1|0,0|0|0|0|2|0|0|0,105.0,-125.0,140.0,-165.0,-1.5,7.5,espn,401697285,PIT,CIN,regular,Braxton Ashcraft,Nick Lodolo,,,,,,,,
2025,2025-09-25,Tampa Bay Rays,Baltimore Orioles,5.0,6.0,False,0|0|3|0|0|2|0|0|0,0|0|1|0|1|0|0|3|1,105.0,-125.0,-115.0,-105.0,1.5,8.5,espn,401697286,TB,BAL,regular,Drew Rasmussen,Cade Povich,,,,,,,,
2025,2025-09-25,Minnesota Twins,Texas Rangers,4.0,0.0,False,1|0|0|0|0|0|0|3|0,0|0|0|0|0|0|0|0|0,-130.0,110.0,125.0,-150.0,-1.5,8.5,espn,401697287,MIN,TEX,regular,Bailey Ober,Tyler Mahle,,,,,,,,
2025,2025-09-25,Houston Astros,Athletics,11.0,5.0,False,2|3|0|2|2|0|1|1|0,0|0|0|0|0|1|0|2|2,-110.0,-110.0,-115.0,-105.0,1.5,9.5,espn,401764596,HOU,ATH,regular,Framber Valdez,J.T. Ginn,,,,,,,,
2025,2025-09-25,Los Angeles Dodgers,Arizona Diamondbacks,8.0,0.0,False,0|4|0|4|0|0|0|0|0,0|0|0|0|0|0|0|0|0,-160.0,135.0,-165.0,140.0,1.5,8.5,espn,401697292,LAD,ARI,regular,Yoshinobu Yamamoto,Jalen Beeks,,,,,,,,
2025,2025-09-25,Miami Marlins,Philadelphia Phillies,0.0,1.0,False,0|0|0|0|0|0|0|0|0,1|0|0|0|0|0|0|0,115.0,-135.0,135.0,-160.0,-1.5,9.5,espn,401697284,MIA,PHI,regular,Janson Junk,Walker Buehler,,,,,,,,
2025,2025-09-25,Detroit Tigers,Cleveland Guardians,4.0,2.0,False,2|1|0|1|0|0|0|0|0,0|1|0|0|0|0|0|1|0,105.0,-125.0,135.0,-160.0,-1.5,7.5,espn,401697283,DET,CLE,regular,Troy Melton,Parker Messick,,,,,,,,
2025,2025-09-25,Chicago White Sox,New York Yankees,3.0,5.0,False,0|1|0|2|0|0|0|0|0,1|0|0|0|3|0|1|0,150.0,-180.0,255.0,-320.0,-2.5,8.5,espn,401697282,CHW,NYY,regular,Davis Martin,Carlos Rodon,,,,,,,,
2025,2025-09-25,Boston Red Sox,Toronto Blue Jays,1.0,6.0,False,0|0|0|0|0|0|1|0|0,0|0|0|0|0|6|0|0,125.0,-150.0,120.0,-145.0,-1.5,7.5,espn,401697281,BOS,TOR,regular,Brayan Bello,Louis Varland,,,,,,,,
2025,2025-09-25,New York Mets,Chicago Cubs,8.0,5.0,False,2|0|1|3|0|2|0|0|0,0|0|0|1|1|3|0|0|0,-110.0,-110.0,-120.0,100.0,1.5,7.5,espn,401697288,NYM,CHC,regular,Nolan McLean,Shota Imanaga,,,,,,,,
2025,2025-09-25,Kansas City Royals,Los Angeles Angels,9.0,4.0,False,2|0|1|0|1|0|0|1|4,0|1|0|0|0|1|0|2|0,-110.0,-110.0,-135.0,115.0,1.5,9.5,espn,401697291,KC,LAA,regular,Michael Lorenzen,Mitch Farris,,,,,,,,
2025,2025-09-25,Colorado Rockies,Seattle Mariners,2.0,6.0,False,0|0|0|0|0|1|0|0|1,0|2|0|3|1|0|0|0,265.0,-335.0,250.0,-310.0,-1.5,7.5,espn,401697289,COL,SEA,regular,Bradley Blalock,Emerson Hancock,,,,,,,,
2025,2025-09-26,St. Louis Cardinals,Chicago Cubs,1.0,12.0,False,0|0|0|0|0|0|1|0|0,1|0|0|2|1|0|7|1,130.0,-155.0,155.0,-185.0,-1.5,8.5,espn,401697302,STL,CHC,regular,Miles Mikolas,Colin Rea,,,,,,,,
2025,2025-09-26,Chicago White Sox,Washington Nationals,10.0,9.0,False,4|0|0|2|2|0|0|0|2,1|0|0|0|1|3|0|4|0,105.0,-125.0,110.0,-130.0,-1.5,8.5,espn,401697294,CHW,WSH,regular,Yoendrys Gomez,Cade Cavalli,,,,,,,,
2025,2025-09-26,Minnesota Twins,Philadelphia Phillies,1.0,3.0,False,0|0|0|0|0|1|0|0|0,1|0|0|0|1|1|0|0,120.0,-145.0,125.0,-150.0,-1.5,8.5,espn,401697296,MIN,PHI,regular,Joe Ryan,Aaron Nola,,,,,,,,
2025,2025-09-26,Baltimore Orioles,New York Yankees,4.0,8.0,False,0|0|3|0|0|1|0|0|0,2|0|4|0|0|1|1|0,140.0,-165.0,120.0,-145.0,-1.5,8.5,espn,401697293,BAL,NYY,regular,Trevor Rogers,Will Warren,,,,,,,,
2025,2025-09-26,Tampa Bay Rays,Toronto Blue Jays,2.0,4.0,False,0|2|0|0|0|0|0|0|0,1|1|0|0|2|0|0|0,120.0,-145.0,155.0,-185.0,-1.5,7.5,espn,401697299,TB,TOR,regular,Adrian Houser,Shane Bieber,,,,,,,,
2025,2025-09-26,Detroit Tigers,Boston Red Sox,3.0,4.0,False,0|0|0|3|0|0|0|0|0,0|0|0|1|0|0|1|1|1,120.0,-145.0,105.0,-125.0,-1.5,8.5,espn,401697295,DET,BOS,regular,Casey Mize,Kyle Harrison,,,,,,,,
2025,2025-09-26,New York Mets,Miami Marlins,2.0,6.0,False,2|0|0|0|0|0|0|0|0,0|0|0|0|6|0|0|0,-135.0,115.0,-145.0,120.0,1.5,8.5,espn,401697297,NYM,MIA,regular,Brandon Sproat,Sandy Alcantara,,,,,,,,
2025,2025-09-26,Texas Rangers,Cleveland Guardians,7.0,3.0,False,4|0|0|0|0|0|3|0|0,2|0|0|0|0|0|0|0|1,-110.0,-110.0,135.0,-160.0,-1.5,7.5,espn,401697300,TEX,CLE,regular,Jack Leiter,Slade Cecconi,,,,,,,,
2025,2025-09-26,Pittsburgh Pirates,Atlanta Braves,9.0,3.0,False,0|4|0|0|0|0|1|0|4,1|0|0|0|0|1|1|0|0,160.0,-190.0,135.0,-160.0,-1.5,8.5,espn,401697298,PIT,ATL,regular,Mitch Keller,Joey Wentz,,,,,,,,
2025,2025-09-26,Cincinnati Reds,Milwaukee Brewers,3.0,1.0,False,0|0|0|1|0|2|0|0|0,0|0|1|0|0|0|0|0|0,130.0,-155.0,140.0,-165.0,-1.5,7.5,espn,401697301,CIN,MIL,regular,Zack Littell,Quinn Priester,,,,,,,,
2025,2025-09-26,Houston Astros,Los Angeles Angels,3.0,4.0,False,0|0|0|3|0|0|0|0|0,0|0|0|1|1|0|1|1,-120.0,100.0,-135.0,115.0,1.5,8.5,espn,401697305,HOU,LAA,regular,Jason Alexander,Kyle Hendricks,,,,,,,,
2025,2025-09-26,Arizona Diamondbacks,San Diego Padres,4.0,7.0,False,1|0|1|0|0|0|0|2|0,0|0|0|5|1|0|0|1,-120.0,100.0,110.0,-130.0,-1.5,7.5,espn,401697303,ARI,SD,regular,Zac Gallen,Yu Darvish,,,,,,,,
2025,2025-09-26,Los Angeles Dodgers,Seattle Mariners,3.0,2.0,False,0|0|2|0|0|1|0|0|0,1|0|0|0|0|0|0|1|0,105.0,-125.0,120.0,-145.0,-1.5,6.5,espn,401697307,LAD,SEA,regular,Emmet Sheehan,George Kirby,,,,,,,,
2025,2025-09-26,Kansas City Royals,Athletics,3.0,4.0,False,0|0|0|3|0|0|0|0|0,0|0|0|0|3|0|0|0|1,-125.0,105.0,-130.0,110.0,1.5,10.5,espn,401764597,KC,ATH,regular,Noah Cameron,Mason Barnett,,,,,,,,
2025,2025-09-26,Colorado Rockies,San Francisco Giants,3.0,6.0,False,0|0|0|0|3|0|0|0|0,2|3|0|0|1|0|0|0,125.0,-150.0,205.0,-250.0,-1.5,8.5,espn,401697304,COL,SF,regular,German Marquez,Trevor McDonald,,,,,,,,
2025,2025-09-27,Baltimore Orioles,New York Yankees,1.0,6.0,False,0|0|0|0|0|0|0|1|0,1|2|0|0|3|0|0|0,205.0,-250.0,195.0,-235.0,-1.5,8.5,espn,401697308,BAL,NYY,regular,Tomoyuki Sugano,Cam Schlittler,,,,,,,,
2025,2025-09-27,St. Louis Cardinals,Chicago Cubs,3.0,7.0,False,0|0|0|1|0|0|2|0|0,1|0|0|0|2|1|1|2,-110.0,-115.0,150.0,-180.0,-1.5,9.5,espn,401697317,STL,CHC,regular,Michael McGreevy,Jameson Taillon,,,,,,,,
2025,2025-09-27,Tampa Bay Rays,Toronto Blue Jays,1.0,5.0,False,0|0|0|0|0|1|0|0|0,0|3|0|0|1|0|1|0,-105.0,-115.0,145.0,-175.0,-1.5,8.5,espn,401697314,TB,TOR,regular,Joe Boyle,Trey Yesavage,,,,,,,,
2025,2025-09-27,Chicago White Sox,Washington Nationals,5.0,6.0,False,0|0|0|4|0|0|0|0|1,0|0|0|2|0|0|3|1,-110.0,-110.0,-105.0,-115.0,1.5,8.5,espn,401697309,CHW,WSH,regular,Tyler Gilbert,Jake Irvin,,,,,,,,
2025,2025-09-27,Colorado Rockies,San Francisco Giants,3.0,4.0,False,1|1|0|0|0|0|0|0|1,0|3|0|0|0|0|0|1,105.0,-125.0,200.0,-240.0,-1.5,7.5,espn,401697319,COL,SF,regular,Kyle Freeland,Justin Verlander,,,,,,,,
2025,2025-09-27,Detroit Tigers,Boston Red Sox,2.0,1.0,False,0|0|0|0|2|0|0|0|0,0|1|0|0|0|0|0|0|0,100.0,-120.0,100.0,-120.0,1.5,8.5,espn,401697310,DET,BOS,regular,Keider Montero,Connelly Early,,,,,,,,
2025,2025-09-27,New York Mets,Miami Marlins,5.0,0.0,False,1|0|1|0|0|1|0|0|2,0|0|0|0|0|0|0|0|0,-125.0,105.0,-145.0,120.0,1.5,7.5,espn,401697312,NYM,MIA,regular,Clay Holmes,Eury Perez,,,,,,,,
2025,2025-09-27,Minnesota Twins,Philadelphia Phillies,5.0,0.0,False,1|0|0|1|1|0|2|0|0,0|0|0|0|0|0|0|0|0,145.0,-175.0,185.0,-225.0,-1.5,8.5,espn,401697311,MIN,PHI,regular,Mick Abel,Ranger Suarez,,,,,,,,
2025,2025-09-27,Pittsburgh Pirates,Atlanta Braves,3.0,1.0,False,0|0|1|0|0|2|0|0|0,0|1|0|0|0|0|0|0|0,155.0,-185.0,145.0,-175.0,-1.5,8.5,espn,401697313,PIT,ATL,regular,Bubba Chandler,Spencer Strider,,,,,,,,
2025,2025-09-27,Texas Rangers,Cleveland Guardians,2.0,3.0,False,1|0|0|1|0|0|0|0|0,2|0|0|0|0|0|0|0|1,135.0,-160.0,130.0,-155.0,-1.5,6.5,espn,401697315,TEX,CLE,regular,Jacob Latz,Joey Cantillo,,,,,,,,
2025,2025-09-27,Cincinnati Reds,Milwaukee Brewers,7.0,4.0,False,0|0|6|0|0|1|0|0|0,0|0|2|0|0|2|0|0|0,-115.0,-105.0,115.0,-135.0,-1.5,8.5,espn,401697316,CIN,MIL,regular,Andrew Abbott,Robert Gasser,,,,,,,,
2025,2025-09-27,Arizona Diamondbacks,San Diego Padres,1.0,5.0,False,0|0|0|0|1|0|0|0|0,3|2|0|0|0|0|0|0,115.0,-135.0,135.0,-165.0,-1.5,7.5,espn,401697318,ARI,SD,regular,Eduardo Rodriguez,Michael King,,,,,,,,
2025,2025-09-27,Houston Astros,Los Angeles Angels,6.0,1.0,False,0|2|0|3|0|0|0|0|1,0|0|0|0|0|1|0|0|0,-105.0,-115.0,-150.0,125.0,1.5,8.5,espn,401697320,HOU,LAA,regular,AJ Blubaugh,Caden Dana,,,,,,,,
2025,2025-09-27,Los Angeles Dodgers,Seattle Mariners,5.0,3.0,False,0|0|0|0|2|0|1|0|2,0|0|0|0|3|0|0|0|0,-130.0,110.0,115.0,-135.0,-1.5,6.5,espn,401697322,LAD,SEA,regular,Tyler Glasnow,Logan Gilbert,,,,,,,,
2025,2025-09-27,Kansas City Royals,Athletics,4.0,2.0,False,1|0|0|0|2|0|0|0|1,0|0|0|0|0|0|1|1|0,130.0,-155.0,100.0,-120.0,1.5,10.5,espn,401764598,KC,ATH,regular,Michael Wacha,Luis Morales,,,,,,,,
2025,2025-09-28,Baltimore Orioles,New York Yankees,2.0,3.0,False,0|0|0|2|0|0|0|0|0,1|0|0|1|0|0|0|1,105.0,-125.0,150.0,-180.0,-1.5,8.5,espn,401697323,BAL,NYY,regular,Kyle Bradish,Luis Gil,,,,,,,,
2025,2025-09-28,Chicago White Sox,Washington Nationals,8.0,0.0,False,2|0|0|3|2|0|0|1|0,0|0|0|0|0|0|0|0|0,-115.0,-105.0,100.0,-120.0,1.5,8.5,espn,401697324,CHW,WSH,regular,Shane Smith,Brad Lord,,,,,,,,
2025,2025-09-28,Detroit Tigers,Boston Red Sox,3.0,4.0,False,0|0|0|3|0|0|0|0|0,1|0|0|3|0|0|0|0,140.0,-165.0,-115.0,-105.0,1.5,9.5,espn,401697325,DET,BOS,regular,Chris Paddack,Jose De Leon,,,,,,,,
2025,2025-09-28,Minnesota Twins,Philadelphia Phillies,1.0,2.0,False,0|0|0|0|0|1|0|0|0|0,0|0|0|0|0|0|0|1|0|1,155.0,-185.0,205.0,-250.0,-1.5,8.5,espn,401697326,MIN,PHI,regular,Simeon Woods Richardson,Cristopher Sanchez,,,,,,,,
2025,2025-09-28,Colorado Rockies,San Francisco Giants,0.0,4.0,False,0|0|0|0|0|0|0|0|0,1|0|0|1|0|0|0|2,140.0,-165.0,250.0,-310.0,-1.5,7.5,espn,401697334,COL,SF,regular,McCade Brown,Logan Webb,,,,,,,,
2025,2025-09-28,Kansas City Royals,Athletics,9.0,2.0,False,0|1|0|2|1|0|4|1|0,0|0|0|0|0|0|0|2|0,-115.0,-105.0,-155.0,130.0,1.5,9.5,espn,401764599,KC,ATH,regular,Cole Ragans,Brady Basso,,,,,,,,
2025,2025-09-28,Tampa Bay Rays,Toronto Blue Jays,4.0,13.0,False,1|0|3|0|0|0|0|0|0,5|0|0|1|2|0|5|0,110.0,-130.0,170.0,-205.0,-1.5,7.5,espn,401697329,TB,TOR,regular,Ian Seymour,Kevin Gausman,,,,,,,,
2025,2025-09-28,Houston Astros,Los Angeles Angels,6.0,2.0,False,1|0|0|0|4|1|0|0|0,1|0|0|0|0|0|0|0|1,-135.0,115.0,-120.0,100.0,1.5,9.5,espn,401697335,HOU,LAA,regular,Lance McCullers Jr.,Sam Aldegheri,,,,,,,,
2025,2025-09-28,New York Mets,Miami Marlins,0.0,4.0,False,0|0|0|0|0|0|0|0|0,0|0|0|4|0|0|0|0,-130.0,110.0,-145.0,120.0,1.5,8.5,espn,401697327,NYM,MIA,regular,Sean Manaea,Edward Cabrera,,,,,,,,
2025,2025-09-28,Texas Rangers,Cleveland Guardians,8.0,9.0,False,0|2|2|0|0|1|0|0|0|3,2|0|1|0|0|0|1|1|0|4,135.0,-160.0,120.0,-145.0,-1.5,7.5,espn,401697330,TEX,CLE,regular,Patrick Corbin,Logan Allen,,,,,,,,
2025,2025-09-28,Cincinnati Reds,Milwaukee Brewers,2.0,4.0,False,0|1|1|0|0|0|0|0|0,0|0|1|3|0|0|0|0,140.0,-165.0,115.0,-135.0,-1.5,7.5,espn,401697331,CIN,MIL,regular,Brady Singer,Freddy Peralta,,,,,,,,
2025,2025-09-28,Arizona Diamondbacks,San Diego Padres,4.0,12.0,False,1|0|1|0|0|0|0|0|2,5|0|1|0|3|0|3|0,100.0,-120.0,115.0,-135.0,-1.5,7.5,espn,401697333,ARI,SD,regular,Brandon Pfaadt,JP Sears,,,,,,,,
2025,2025-09-28,Los Angeles Dodgers,Seattle Mariners,6.0,1.0,False,0|2|2|0|0|0|1|1|0,0|0|0|0|0|0|0|1|0,-125.0,105.0,-135.0,115.0,1.5,7.5,espn,401697337,LAD,SEA,regular,Clayton Kershaw,Bryce Miller,,,,,,,,
2025,2025-09-28,Pittsburgh Pirates,Atlanta Braves,1.0,4.0,False,0|0|0|0|0|1|0|0|0,2|0|0|0|0|0|0|2,100.0,-120.0,155.0,-185.0,-1.5,8.5,espn,401697328,PIT,ATL,regular,Johan Oviedo,Charlie Morton,,,,,,,,
2025,2025-09-28,St. Louis Cardinals,Chicago Cubs,0.0,2.0,False,0|0|0|0|0|0|0|0|0,0|0|0|0|1|0|1|0,115.0,-135.0,120.0,-145.0,-1.5,7.5,espn,401697332,STL,CHC,regular,Kyle Leahy,Javier Assad,,,,,,,,
2025,2025-09-30,Detroit Tigers,Cleveland Guardians,2.0,1.0,False,1|0|0|0|0|0|1|0|0,0|0|0|1|0|0|0|0|0,-155.0,130.0,-165.0,140.0,1.5,6.5,espn,401809251,DET,CLE,post,Tarik Skubal,Gavin Williams,,,,,,,,
2025,2025-09-30,San Diego Padres,Chicago Cubs,1.0,3.0,False,0|1|0|0|0|0|0|0|0,0|0|0|0|2|0|0|1,-110.0,-110.0,115.0,-135.0,1.5,6.5,espn,401809260,SD,CHC,post,Nick Pivetta,Matthew Boyd,,,,,,,,
2025,2025-09-30,Boston Red Sox,New York Yankees,3.0,1.0,False,0|0|0|0|0|0|2|0|1,0|1|0|0|0|0|0|0|0,110.0,-130.0,115.0,-135.0,-1.5,6.5,espn,401809254,BOS,NYY,post,Garrett Crochet,Max Fried,,,,,,,,
2025,2025-09-30,Cincinnati Reds,Los Angeles Dodgers,5.0,10.0,False,0|0|0|0|0|0|2|3|0,1|0|4|0|1|2|2|0,165.0,-200.0,160.0,-190.0,-1.5,7.5,espn,401809257,CIN,LAD,post,Hunter Greene,Blake Snell,,,,,,,,
2025,2025-10-01,Detroit Tigers,Cleveland Guardians,1.0,6.0,False,0|0|0|1|0|0|0|0|0,1|0|0|0|0|0|0|5,105.0,-125.0,115.0,-135.0,-1.5,6.5,espn,401809252,DET,CLE,post,Casey Mize,Tanner Bibee,,,,,,,,
2025,2025-10-01,San Diego Padres,Chicago Cubs,3.0,0.0,False,1|0|0|0|2|0|0|0|0,0|0|0|0|0|0|0|0|0,100.0,-120.0,-105.0,-115.0,1.5,6.5,espn,401809261,SD,CHC,post,Dylan Cease,Andrew Kittredge,,,,,,,,
2025,2025-10-01,Boston Red Sox,New York Yankees,3.0,4.0,False,0|0|2|0|0|1|0|0|0,2|0|0|0|1|0|0|1,165.0,-205.0,165.0,-200.0,-1.5,7.5,espn,401809255,BOS,NYY,post,Brayan Bello,Carlos Rodon,,,,,,,,
2025,2025-10-01,Cincinnati Reds,Los Angeles Dodgers,4.0,8.0,False,2|0|0|0|0|0|0|2|0,0|0|1|2|0|4|1|0,220.0,-270.0,225.0,-275.0,-1.5,7.5,espn,401809258,CIN,LAD,post,Zack Littell,Yoshinobu Yamamoto,,,,,,,,
2025,2025-10-02,Detroit Tigers,Cleveland Guardians,6.0,3.0,False,0|0|1|0|0|1|4|0|0,0|0|0|1|0|0|0|2|0,-105.0,-115.0,115.0,-135.0,-1.5,7.5,espn,401809253,DET,CLE,post,Jack Flaherty,Slade Cecconi,,,,,,,,
2025,2025-10-02,San Diego Padres,Chicago Cubs,1.0,3.0,False,0|0|0|0|0|0|0|0|1,0|2|0|0|0|0|1|0,100.0,-120.0,-105.0,-115.0,1.5,7.5,espn,401809262,SD,CHC,post,Yu Darvish,Jameson Taillon,,,,,,,,
2025,2025-10-02,Boston Red Sox,New York Yankees,0.0,4.0,False,0|0|0|0|0|0|0|0|0,0|0|0|4|0|0|0|0,135.0,-160.0,130.0,-155.0,-1.5,7.5,espn,401809256,BOS,NYY,post,Connelly Early,Cam Schlittler,,,,,,,,
2025,2025-10-04,Chicago Cubs,Milwaukee Brewers,3.0,9.0,False,1|0|0|0|0|1|0|1|0,6|3|0|0|0|0|0|0,130.0,-155.0,120.0,-145.0,-1.5,7.5,espn,401809273,CHC,MIL,post,Matthew Boyd,Freddy Peralta,,,,,,,,
2025,2025-10-04,New York Yankees,Toronto Blue Jays,1.0,10.0,False,0|0|0|0|0|1|0|0|0,1|1|0|0|0|0|4|4,100.0,-120.0,105.0,-125.0,-1.5,8.5,espn,401809263,NYY,TOR,post,Luis Gil,Kevin Gausman,,,,,,,,
2025,2025-10-04,Los Angeles Dodgers,Philadelphia Phillies,5.0,3.0,False,0|0|0|0|0|2|3|0|0,0|3|0|0|0|0|0|0|0,-105.0,-115.0,100.0,-120.0,1.5,7.5,espn,401809278,LAD,PHI,post,Shohei Ohtani,Cristopher Sanchez,,,,,,,,
2025,2025-10-04,Detroit Tigers,Seattle Mariners,3.0,2.0,False,0|0|0|0|2|0|0|0|0|0|1,0|0|0|1|0|1|0|0|0|0|0,145.0,-175.0,160.0,-190.0,-1.5,6.5,espn,401809268,DET,SEA,post,Troy Melton,George Kirby,,,,,,,,
2025,2025-10-05,New York Yankees,Toronto Blue Jays,7.0,13.0,False,0|0|0|0|0|2|5|0|0,0|2|3|6|1|1|0|0,-200.0,165.0,-155.0,130.0,1.5,7.5,espn,401809264,NYY,TOR,post,Max Fried,Trey Yesavage,,,,,,,,
2025,2025-10-05,Detroit Tigers,Seattle Mariners,2.0,3.0,False,0|0|0|0|0|0|0|2|0,0|0|0|1|0|1|0|1,-160.0,135.0,-155.0,130.0,1.5,5.5,espn,401809269,DET,SEA,post,Tarik Skubal,Luis Castillo,,,,,,,,
2025,2025-10-06,Los Angeles Dodgers,Philadelphia Phillies,4.0,3.0,False,0|0|0|0|0|0|4|0|0,0|0|0|0|0|0|0|1|2,120.0,-145.0,-110.0,-110.0,1.5,7.5,espn,401809279,LAD,PHI,post,Blake Snell,Jesus Luzardo,,,,,,,,
2025,2025-10-06,Chicago Cubs,Milwaukee Brewers,3.0,7.0,False,3|0|0|0|0|0|0|0|0,3|0|1|3|0|0|0|0,105.0,-125.0,115.0,-135.0,-1.5,7.5,espn,401809274,CHC,MIL,post,Shota Imanaga,Aaron Ashby,,,,,,,,
2025,2025-10-07,Seattle Mariners,Detroit Tigers,8.0,4.0,False,0|0|2|2|0|1|0|1|2,0|0|0|0|1|0|0|0|3,-150.0,125.0,-135.0,115.0,1.5,7.5,espn,401809270,SEA,DET,post,Logan Gilbert,Jack Flaherty,,,,,,,,
2025,2025-10-07,Toronto Blue Jays,New York Yankees,6.0,9.0,False,2|0|4|0|0|0|0|0|0,1|0|2|3|2|1|0|0,150.0,-180.0,140.0,-165.0,-1.5,8.5,espn,401809265,TOR,NYY,post,Shane Bieber,Carlos Rodon,,,,,,,,
2025,2025-10-08,Seattle Mariners,Detroit Tigers,3.0,9.0,False,0|1|0|1|1|0|0|0|0,0|0|0|0|3|4|1|1,-165.0,140.0,-110.0,-110.0,1.5,8.5,espn,401809271,SEA,DET,post,Bryce Miller,Casey Mize,,,,,,,,
2025,2025-10-08,Milwaukee Brewers,Chicago Cubs,3.0,4.0,False,1|0|0|1|0|0|1|0|0,4|0|0|0|0|0|0|0,120.0,-145.0,-110.0,-110.0,1.5,6.5,espn,401809275,MIL,CHC,post,Quinn Priester,Jameson Taillon,,,,,,,,
2025,2025-10-08,Toronto Blue Jays,New York Yankees,5.0,2.0,False,1|0|0|0|1|0|2|1|0,0|0|1|0|0|0|0|0|1,160.0,-190.0,145.0,-175.0,-1.5,8.5,espn,401809266,TOR,NYY,post,Louis Varland,Cam Schlittler,,,,,,,,
2025,2025-10-08,Philadelphia Phillies,Los Angeles Dodgers,8.0,2.0,False,0|0|0|3|0|0|0|5|0,0|0|1|0|0|0|0|0|1,140.0,-165.0,155.0,-185.0,-1.5,7.5,espn,401809280,PHI,LAD,post,Aaron Nola,Yoshinobu Yamamoto,,,,,,,,
2025,2025-10-09,Philadelphia Phillies,Los Angeles Dodgers,1.0,2.0,False,0|0|0|0|0|0|1|0|0|0|0,0|0|0|0|0|0|1|0|0|0|1,-115.0,-105.0,115.0,-135.0,-1.5,8.5,espn,401809281,PHI,LAD,post,Cristopher Sanchez,Tyler Glasnow,,,,,,,,
2025,2025-10-09,Milwaukee Brewers,Chicago Cubs,0.0,6.0,False,0|0|0|0|0|0|0|0|0,3|0|0|0|0|1|1|1,115.0,-135.0,-120.0,100.0,1.5,7.5,espn,401809276,MIL,CHC,post,Freddy Peralta,Matthew Boyd,,,,,,,,
2025,2025-10-10,Detroit Tigers,Seattle Mariners,2.0,3.0,False,0|0|0|0|0|2|0|0|0|0|0|0|0|0|0,0|1|0|0|0|0|1|0|0|0|0|0|0|0|1,-120.0,100.0,-120.0,100.0,1.5,5.5,espn,401809272,DET,SEA,post,Tarik Skubal,George Kirby,,,,,,,,
2025,2025-10-11,Chicago Cubs,Milwaukee Brewers,1.0,3.0,False,0|1|0|0|0|0|0|0|0,1|0|0|1|0|0|1|0,105.0,-125.0,120.0,-145.0,-1.5,7.5,espn,401809277,CHC,MIL,post,Drew Pomeranz,Trevor Megill,,,,,,,,
2025,2025-10-12,Seattle Mariners,Toronto Blue Jays,3.0,1.0,False,0|0|0|0|0|2|0|1|0,1|0|0|0|0|0|0|0|0,135.0,-160.0,140.0,-165.0,-1.5,8.5,espn,401809283,SEA,TOR,post,Bryce Miller,Kevin Gausman,,,,,,,,
2025,2025-10-13,Seattle Mariners,Toronto Blue Jays,10.0,3.0,False,3|0|0|0|3|1|3|0|0,2|1|0|0|0|0|0|0|0,-120.0,100.0,105.0,-125.0,-1.5,7.5,espn,401809284,SEA,TOR,post,Logan Gilbert,Trey Yesavage,,,,,,,,
2025,2025-10-13,Los Angeles Dodgers,Milwaukee Brewers,2.0,1.0,False,0|0|0|0|0|1|0|0|1,0|0|0|0|0|0|0|0|1,-155.0,130.0,-160.0,130.0,1.5,7.5,espn,401809290,LAD,MIL,post,Blake Snell,Aaron Ashby,,,,,,,,
2025,2025-10-14,Los Angeles Dodgers,Milwaukee Brewers,5.0,1.0,False,0|2|0|0|0|1|1|1|0,1|0|0|0|0|0|0|0|0,-130.0,110.0,-120.0,100.0,1.5,7.5,espn,401809291,LAD,MIL,post,Yoshinobu Yamamoto,Freddy Peralta,,,,,,,,
2025,2025-10-15,Toronto Blue Jays,Seattle Mariners,13.0,4.0,False,0|0|5|1|2|4|0|0|1,2|0|0|0|0|0|0|2|0,110.0,-130.0,115.0,-135.0,-1.5,6.5,espn,401809285,TOR,SEA,post,Shane Bieber,George Kirby,,,,,,,,
2025,2025-10-16,Milwaukee Brewers,Los Angeles Dodgers,1.0,3.0,False,0|1|0|0|0|0|0|0|0,1|0|0|0|0|2|0|0,100.0,-120.0,140.0,-165.0,-1.5,7.5,espn,401809292,MIL,LAD,post,Aaron Ashby,Tyler Glasnow,,,,,,,,
2025,2025-10-16,Toronto Blue Jays,Seattle Mariners,8.0,2.0,False,0|0|3|2|0|0|1|2|0,0|1|0|0|0|1|0|0|0,135.0,-160.0,115.0,-135.0,-1.5,7.5,espn,401809286,TOR,SEA,post,Max Scherzer,Luis Castillo,,,,,,,,
2025,2025-10-17,Toronto Blue Jays,Seattle Mariners,2.0,6.0,False,0|0|0|0|1|1|0|0|0,0|1|0|0|0|0|0|5,100.0,-120.0,-120.0,100.0,1.5,7.5,espn,401809287,TOR,SEA,post,Kevin Gausman,Bryce Miller,,,,,,,,
2025,2025-10-17,Milwaukee Brewers,Los Angeles Dodgers,1.0,5.0,False,0|0|0|0|0|0|0|1|0,3|0|0|1|0|0|1|0,140.0,-165.0,160.0,-190.0,-1.5,8.5,espn,401809293,MIL,LAD,post,Jose Quintana,Shohei Ohtani,,,,,,,,
2025,2025-10-19,Seattle Mariners,Toronto Blue Jays,2.0,6.0,False,0|0|0|0|0|2|0|0|0,0|2|2|0|1|0|1|0,-105.0,-115.0,105.0,-125.0,-1.5,7.5,espn,401809288,SEA,TOR,post,Logan Gilbert,Trey Yesavage,,,,,,,,
2025,2025-10-20,Seattle Mariners,Toronto Blue Jays,3.0,4.0,False,1|0|1|0|1|0|0|0|0,1|0|0|0|0|0|3|0,-150.0,125.0,115.0,-135.0,-1.5,7.5,espn,401809289,SEA,TOR,post,George Kirby,Shane Bieber,,,,,,,,
2025,2025-10-24,Los Angeles Dodgers,Toronto Blue Jays,4.0,11.0,False,0|1|1|0|0|0|2|0|0,0|0|0|2|0|9|0|0,-185.0,155.0,-160.0,125.0,1.5,7.5,espn,401809297,LAD,TOR,post,Blake Snell,Trey Yesavage,,,,,,,,
2025,2025-10-25,Los Angeles Dodgers,Toronto Blue Jays,5.0,1.0,False,1|0|0|0|0|0|2|2|0,0|0|1|0|0|0|0|0|0,-160.0,135.0,-135.0,118.0,1.5,7.5,espn,401809298,LAD,TOR,post,Yoshinobu Yamamoto,Kevin Gausman,,,,,,,,
2025,2025-10-27,Toronto Blue Jays,Los Angeles Dodgers,5.0,6.0,False,0|0|0|4|0|0|1|0|0|0|0|0|0|0|0|0|0|0,0|1|1|0|2|0|1|0|0|0|0|0|0|0|0|0|0|1,155.0,-190.0,165.0,-190.0,-1.5,7.5,espn,401809299,TOR,LAD,post,Max Scherzer,Tyler Glasnow,,,,,,,,
2025,2025-10-28,Toronto Blue Jays,Los Angeles Dodgers,6.0,2.0,False,0|0|2|0|0|0|4|0|0,0|1|0|0|0|0|0|0|1,155.0,-190.0,155.0,-190.0,-1.5,8.5,espn,401809300,TOR,LAD,post,Shane Bieber,Shohei Ohtani,,,,,,,,
2025,2025-10-29,Toronto Blue Jays,Los Angeles Dodgers,6.0,1.0,False,2|0|0|1|0|0|2|1|0,0|0|1|0|0|0|0|0|0,135.0,-165.0,160.0,-185.0,-1.5,8.5,espn,401809301,TOR,LAD,post,Trey Yesavage,Blake Snell,,,,,,,,
2025,2025-10-31,Los Angeles Dodgers,Toronto Blue Jays,3.0,1.0,False,0|0|3|0|0|0|0|0|0,0|0|1|0|0|0|0|0|0,-145.0,125.0,-130.0,114.0,1.5,7.5,espn,401809302,LAD,TOR,post,Yoshinobu Yamamoto,Kevin Gausman,,,,,,,,
2025,2025-11-01,Los Angeles Dodgers,Toronto Blue Jays,5.0,4.0,False,0|0|0|1|0|1|0|1|1|0|1,0|0|3|0|0|1|0|0|0|0|0,-180.0,145.0,-126.0,110.0,1.5,8.5,espn,401809303,LAD,TOR,post,Shohei Ohtani,Max Scherzer,,,,,,,,
