season,date,away,home,away_score,home_score,neutral,periods_away,periods_home,ml_open_away,ml_open_home,ml_close_away,ml_close_home,spread_close_home,total_close,source,espn_id,away_abbr,home_abbr,season_type,away_pitcher,home_pitcher,away_qb,home_qb,away_rest,home_rest,div_game,roof,temp,wind
2023,2023-03-30,Atlanta Braves,Washington Nationals,7.0,2.0,False,0|3|0|1|0|0|0|0|3,0|1|0|0|1|0|0|0|0,,,-260.0,215.0,0.0,7.5,espn,401471020,ATL,WSH,regular,Max Fried,Patrick Corbin,,,,,,,,
2023,2023-03-30,San Francisco Giants,New York Yankees,0.0,5.0,False,0|0|0|0|0|0|0|0|0,1|0|0|2|0|0|2|0,,,145.0,-165.0,0.0,6.5,espn,401471030,SF,NYY,regular,Logan Webb,Gerrit Cole,,,,,,,,
2023,2023-03-30,Baltimore Orioles,Boston Red Sox,10.0,9.0,False,1|0|0|4|3|0|2|0|0,1|0|0|1|0|2|0|3|2,,,105.0,-125.0,0.0,8.5,espn,401471021,BAL,BOS,regular,Kyle Gibson,Corey Kluber,,,,,,,,
2023,2023-03-30,Milwaukee Brewers,Chicago Cubs,0.0,4.0,False,0|0|0|0|0|0|0|0|0,0|0|4|0|0|0|0|0,,,-135.0,115.0,0.0,6.5,espn,401471025,MIL,CHC,regular,Corbin Burnes,Marcus Stroman,,,,,,,,
2023,2023-03-30,Detroit Tigers,Tampa Bay Rays,0.0,4.0,False,0|0|0|0|0|0|0|0|0,0|0|1|0|0|2|0|1,,,190.0,-230.0,0.0,6.5,espn,401471024,DET,TB,regular,Eduardo Rodriguez,Shane McClanahan,,,,,,,,
2023,2023-03-30,Philadelphia Phillies,Texas Rangers,7.0,11.0,False,0|2|2|1|1|0|1|0|0,0|0|0|9|2|0|0|0,,,120.0,-140.0,0.0,6.5,espn,401471028,PHI,TEX,regular,Aaron Nola,Jacob deGrom,,,,,,,,
2023,2023-03-30,Minnesota Twins,Kansas City Royals,2.0,0.0,False,0|0|0|0|0|2|0|0|0,0|0|0|0|0|0|0|0|0,,,-160.0,140.0,0.0,9.0,espn,401471026,MIN,KC,regular,Pablo Lopez,Zack Greinke,,,,,,,,
2023,2023-03-30,New York Mets,Miami Marlins,5.0,3.0,False,0|0|1|0|0|2|2|0|0,0|0|0|0|0|3|0|0|0,,,-130.0,110.0,0.0,7.0,espn,401471027,NYM,MIA,regular,Max Scherzer,Sandy Alcantara,,,,,,,,
2023,2023-03-30,Pittsburgh Pirates,Cincinnati Reds,5.0,4.0,False,0|0|1|3|0|0|0|1|0,1|0|0|1|2|0|0|0|0,,,120.0,-140.0,0.0,8.0,espn,401471029,PIT,CIN,regular,Mitch Keller,Hunter Greene,,,,,,,,
2023,2023-03-30,Toronto Blue Jays,St. Louis Cardinals,10.0,9.0,False,3|1|0|1|0|0|1|2|2,1|0|2|2|0|1|1|2|0,,,-110.0,-110.0,0.0,7.5,espn,401471031,TOR,STL,regular,Alek Manoah,Miles Mikolas,,,,,,,,
2023,2023-03-30,Chicago White Sox,Houston Astros,3.0,2.0,False,0|0|0|0|0|0|0|1|2,0|0|0|0|0|0|1|0|1,,,120.0,-140.0,0.0,7.5,espn,401471022,CHW,HOU,regular,Dylan Cease,Framber Valdez,,,,,,,,
2023,2023-03-30,Colorado Rockies,San Diego Padres,7.0,2.0,False,1|0|0|0|3|1|2|0|0,1|0|0|1|0|0|0|0|0,,,180.0,-220.0,0.0,7.0,espn,401471032,COL,SD,regular,German Marquez,Blake Snell,,,,,,,,
2023,2023-03-30,Los Angeles Angels,Oakland Athletics,1.0,2.0,False,0|0|0|0|1|0|0|0|0,0|0|0|0|0|0|0|2,,,-210.0,175.0,0.0,7.0,espn,401471018,LAA,OAK,regular,Shohei Ohtani,Kyle Muller,,,,,,,,
2023,2023-03-30,Arizona Diamondbacks,Los Angeles Dodgers,2.0,8.0,False,1|1|0|0|0|0|0|0|0,0|0|2|0|3|2|0|1,,,145.0,-165.0,0.0,7.0,espn,401471019,ARI,LAD,regular,Zac Gallen,Julio Urias,,,,,,,,
2023,2023-03-30,Cleveland Guardians,Seattle Mariners,0.0,3.0,False,0|0|0|0|0|0|0|0|0,0|0|0|0|0|0|0|3,,,100.0,-120.0,0.0,6.5,espn,401471023,CLE,SEA,regular,Shane Bieber,Luis Castillo,,,,,,,,
2023,2023-03-31,New York Mets,Miami Marlins,1.0,2.0,False,0|0|0|0|0|0|0|0|1,0|1|0|0|0|0|0|1,,,-110.0,-110.0,0.0,7.5,espn,401471036,NYM,MIA,regular,David Peterson,Jesus Luzardo,,,,,,,,
2023,2023-03-31,Chicago White Sox,Houston Astros,3.0,6.0,False,1|0|0|0|0|2|0|0|0,0|0|0|0|0|2|3|1,,,135.0,-155.0,0.0,8.0,espn,401471034,CHW,HOU,regular,Lance Lynn,Cristian Javier,,,,,,,,
2023,2023-03-31,Colorado Rockies,San Diego Padres,4.0,1.0,False,2|0|0|0|2|0|0|0|0,0|0|0|0|0|0|0|1|0,,,170.0,-200.0,0.0,8.5,espn,401471037,COL,SD,regular,Kyle Freeland,Nick Martinez,,,,,,,,
2023,2023-03-31,Arizona Diamondbacks,Los Angeles Dodgers,2.0,1.0,False,0|0|0|0|0|0|0|2|0,0|0|0|0|0|0|1|0|0,,,165.0,-185.0,0.0,8.0,espn,401471033,ARI,LAD,regular,Merrill Kelly,Dustin May,,,,,,,,
2023,2023-03-31,Cleveland Guardians,Seattle Mariners,9.0,4.0,False,0|3|0|2|3|0|0|1|0,1|0|2|1|0|0|0|0|0,,,140.0,-160.0,0.0,7.5,espn,401471035,CLE,SEA,regular,Hunter Gaddis,Robbie Ray,,,,,,,,
2023,2023-04-01,Chicago White Sox,Houston Astros,4.0,6.0,False,0|1|0|2|0|0|0|0|1,2|0|0|1|0|0|1|2,,,120.0,-140.0,0.0,8.5,espn,401471042,CHW,HOU,regular,Lucas Giolito,Jose Urquidy,,,,,,,,
2023,2023-04-01,Toronto Blue Jays,St. Louis Cardinals,1.0,4.0,False,0|0|0|0|0|0|0|1|0,0|0|3|0|0|0|0|1,,,-130.0,110.0,0.0,8.0,espn,401471051,TOR,STL,regular,Kevin Gausman,Jack Flaherty,,,,,,,,
2023,2023-04-01,Milwaukee Brewers,Chicago Cubs,3.0,1.0,False,0|0|0|0|0|0|0|3|0,0|0|0|0|0|1|0|0|0,,,-120.0,100.0,0.0,6.5,espn,401471045,MIL,CHC,regular,Brandon Woodruff,Justin Steele,,,,,,,,
2023,2023-04-01,Atlanta Braves,Washington Nationals,7.0,1.0,False,2|0|2|1|0|0|2|0|0,0|0|0|0|0|0|0|0|1,,,-260.0,215.0,0.0,9.0,espn,401471040,ATL,WSH,regular,Spencer Strider,Josiah Gray,,,,,,,,
2023,2023-04-01,Philadelphia Phillies,Texas Rangers,3.0,16.0,False,0|0|0|2|1|0|0|0|0,2|0|2|0|3|0|6|3,,,-125.0,105.0,0.0,7.5,espn,401471048,PHI,TEX,regular,Zack Wheeler,Nathan Eovaldi,,,,,,,,
2023,2023-04-01,San Francisco Giants,New York Yankees,7.0,5.0,False,0|0|0|3|0|2|0|0|2,1|0|1|0|1|0|0|1|1,,,120.0,-140.0,0.0,8.5,espn,401471050,SF,NYY,regular,Alex Cobb,Clarke Schmidt,,,,,,,,
2023,2023-04-01,Los Angeles Angels,Oakland Athletics,13.0,1.0,False,0|0|11|0|0|1|1|0|0,0|0|0|0|1|0|0|0|0,,,-165.0,145.0,0.0,7.5,espn,401471038,LAA,OAK,regular,Patrick Sandoval,Shintaro Fujinami,,,,,,,,
2023,2023-04-01,Baltimore Orioles,Boston Red Sox,8.0,9.0,False,3|0|4|1|0|0|0|0|0,0|1|4|0|0|0|2|0|2,,,135.0,-155.0,0.0,9.5,espn,401471041,BAL,BOS,regular,Dean Kremer,Chris Sale,,,,,,,,
2023,2023-04-01,Detroit Tigers,Tampa Bay Rays,2.0,12.0,False,0|0|0|1|0|1|0|0|0,1|0|7|2|0|0|2|0,,,160.0,-180.0,0.0,7.0,espn,401471044,DET,TB,regular,Spencer Turnbull,Zach Eflin,,,,,,,,
2023,2023-04-01,Minnesota Twins,Kansas City Royals,2.0,0.0,False,1|0|0|0|0|1|0|0|0,0|0|0|0|0|0|0|0|0,,,-160.0,140.0,0.0,8.0,espn,401471046,MIN,KC,regular,Sonny Gray,Jordan Lyles,,,,,,,,
2023,2023-04-01,New York Mets,Miami Marlins,6.0,2.0,False,0|1|0|1|2|0|1|0|1,0|2|0|0|0|0|0|0|0,,,-110.0,-110.0,0.0,8.5,espn,401471047,NYM,MIA,regular,Tylor Megill,Edward Cabrera,,,,,,,,
2023,2023-04-01,Pittsburgh Pirates,Cincinnati Reds,2.0,6.0,False,1|0|1|0|0|0|0|0|0,3|0|0|0|0|3|0|0,,,130.0,-150.0,0.0,8.5,espn,401471049,PIT,CIN,regular,Rich Hill,Nick Lodolo,,,,,,,,
2023,2023-04-01,Colorado Rockies,San Diego Padres,4.0,8.0,False,0|0|0|0|1|3|0|0|0,2|0|2|0|1|1|0|2,,,185.0,-225.0,0.0,8.0,espn,401471052,COL,SD,regular,Jose Urena,Michael Wacha,,,,,,,,
2023,2023-04-01,Arizona Diamondbacks,Los Angeles Dodgers,1.0,10.0,False,0|1|0|0|0|0|0|0|0,5|0|0|0|3|0|1|1,,,225.0,-275.0,0.0,7.5,espn,401471039,ARI,LAD,regular,Madison Bumgarner,Clayton Kershaw,,,,,,,,
2023,2023-04-01,Cleveland Guardians,Seattle Mariners,2.0,0.0,False,0|0|0|1|0|0|1|0|0,0|0|0|0|0|0|0|0|0,,,115.0,-135.0,0.0,7.0,espn,401471043,CLE,SEA,regular,Aaron Civale,Logan Gilbert,,,,,,,,
2023,2023-04-02,Detroit Tigers,Tampa Bay Rays,1.0,5.0,False,0|0|0|0|0|0|0|0|1,0|0|0|1|0|3|0|1,,,220.0,-270.0,0.0,7.5,espn,401471059,DET,TB,regular,Joey Wentz,Jeffrey Springs,,,,,,,,
2023,2023-04-02,Atlanta Braves,Washington Nationals,1.0,4.0,False,0|0|0|1|0|0|0|0|0,4|0|0|0|0|0|0|0,,,-175.0,155.0,0.0,8.5,espn,401471055,ATL,WSH,regular,Jared Shuster,MacKenzie Gore,,,,,,,,
2023,2023-04-02,Baltimore Orioles,Boston Red Sox,5.0,9.0,False,0|0|0|0|3|0|2|0|0,1|1|1|0|3|0|2|1,,,120.0,-140.0,0.0,9.0,espn,401471056,BAL,BOS,regular,Cole Irvin,Tanner Houck,,,,,,,,
2023,2023-04-02,San Francisco Giants,New York Yankees,0.0,6.0,False,0|0|0|0|0|0|0|0|0,0|0|3|1|0|0|2|0,,,115.0,-135.0,0.0,8.5,espn,401471065,SF,NYY,regular,Ross Stripling,Jhony Brito,,,,,,,,
2023,2023-04-02,New York Mets,Miami Marlins,5.0,1.0,False,2|0|0|0|2|0|1|0|0,1|0|0|0|0|0|0|0|0,,,-125.0,105.0,0.0,8.0,espn,401471062,NYM,MIA,regular,Kodai Senga,Trevor Rogers,,,,,,,,
2023,2023-04-02,Pittsburgh Pirates,Cincinnati Reds,1.0,3.0,False,0|0|0|1|0|0|0|0|0,0|1|1|0|1|0|0|0,,,115.0,-135.0,0.0,9.0,espn,401471064,PIT,CIN,regular,Vince Velasquez,Graham Ashcraft,,,,,,,,
2023,2023-04-02,Chicago White Sox,Houston Astros,6.0,3.0,False,0|0|0|0|1|2|0|1|2,0|0|0|0|0|1|0|0|2,,,130.0,-150.0,0.0,8.0,espn,401471057,CHW,HOU,regular,Mike Clevinger,Luis Garcia,,,,,,,,
2023,2023-04-02,Minnesota Twins,Kansas City Royals,7.0,4.0,False,0|1|0|1|0|1|3|1|0,0|1|0|0|0|0|2|0|1,,,-145.0,125.0,0.0,9.0,espn,401471061,MIN,KC,regular,Joe Ryan,Brad Keller,,,,,,,,
2023,2023-04-02,Toronto Blue Jays,St. Louis Cardinals,4.0,9.0,False,0|3|0|0|0|1|0|0|0,4|0|3|2|0|0|0|0,,,-105.0,-115.0,0.0,7.5,espn,401471066,TOR,STL,regular,Chris Bassitt,Jordan Montgomery,,,,,,,,
2023,2023-04-02,Milwaukee Brewers,Chicago Cubs,9.0,5.0,False,0|1|1|1|0|5|1|0|0,1|1|0|0|0|0|1|2|0,,,105.0,-125.0,0.0,9.0,espn,401471060,MIL,CHC,regular,Eric Lauer,Jameson Taillon,,,,,,,,
2023,2023-04-02,Los Angeles Angels,Oakland Athletics,6.0,0.0,False,0|0|0|3|3|0|0|0|0,0|0|0|0|0|0|0|0|0,,,-150.0,130.0,0.0,7.5,espn,401471053,LAA,OAK,regular,Tyler Anderson,Ken Waldichuk,,,,,,,,
2023,2023-04-02,Arizona Diamondbacks,Los Angeles Dodgers,2.0,1.0,False,0|0|0|0|1|0|0|0|1,1|0|0|0|0|0|0|0|0,,,165.0,-185.0,0.0,8.5,espn,401471054,ARI,LAD,regular,Zach Davies,Noah Syndergaard,,,,,,,,
2023,2023-04-02,Cleveland Guardians,Seattle Mariners,6.0,5.0,False,0|3|0|0|1|0|1|0|0|1,1|0|3|0|1|0|0|0|0|0,,,100.0,-120.0,0.0,8.0,espn,401471058,CLE,SEA,regular,Cal Quantrill,Marco Gonzales,,,,,,,,
2023,2023-04-02,Colorado Rockies,San Diego Padres,1.0,3.0,False,0|0|0|0|0|0|1|0|0,0|0|3|0|0|0|0|0,,,175.0,-210.0,0.0,8.0,espn,401471067,COL,SD,regular,Austin Gomber,Seth Lugo,,,,,,,,
2023,2023-04-02,Philadelphia Phillies,Texas Rangers,1.0,2.0,False,0|0|0|1|0|0|0|0|0,0|1|0|0|1|0|0|0,,,110.0,-130.0,0.0,8.5,espn,401471063,PHI,TEX,regular,Bailey Falter,Martin Perez,,,,,,,,
2023,2023-04-03,New York Mets,Milwaukee Brewers,0.0,10.0,False,0|0|0|0|0|0|0|0|0,0|0|1|2|7|0|0|0,,,-110.0,-110.0,0.0,8.5,espn,401471076,NYM,MIL,regular,Carlos Carrasco,Freddy Peralta,,,,,,,,
2023,2023-04-03,San Francisco Giants,Chicago White Sox,12.0,3.0,False,0|2|1|0|4|0|0|0|5,0|0|0|0|0|0|2|1|0,,,115.0,-135.0,0.0,8.0,espn,401471079,SF,CHW,regular,Anthony DeSclafani,Michael Kopech,,,,,,,,
2023,2023-04-03,Chicago Cubs,Cincinnati Reds,6.0,7.0,False,3|0|0|0|3|0|0|0|0,3|1|0|0|3|0|0|0,,,-115.0,-105.0,0.0,9.0,espn,401471071,CHC,CIN,regular,Drew Smyly,Connor Overton,,,,,,,,
2023,2023-04-03,Minnesota Twins,Miami Marlins,11.0,1.0,False,1|3|2|2|0|0|2|0|1,0|0|0|0|1|0|0|0|0,,,-125.0,105.0,0.0,8.0,espn,401471075,MIN,MIA,regular,Tyler Mahle,Johnny Cueto,,,,,,,,
2023,2023-04-03,Philadelphia Phillies,New York Yankees,1.0,8.0,False,0|0|0|1|0|0|0|0|0,2|0|1|0|5|0|0|0,,,150.0,-170.0,0.0,7.5,espn,401471077,PHI,NYY,regular,Taijuan Walker,Nestor Cortes,,,,,,,,
2023,2023-04-03,Tampa Bay Rays,Washington Nationals,6.0,2.0,False,2|1|0|1|0|0|0|1|1,0|0|0|0|0|0|1|0|1,,,-175.0,155.0,0.0,8.0,espn,401471080,TB,WSH,regular,Drew Rasmussen,Trevor Williams,,,,,,,,
2023,2023-04-03,Pittsburgh Pirates,Boston Red Sox,7.0,6.0,False,3|1|1|2|0|0|0|0|0,5|0|0|0|0|1|0|0|0,,,130.0,-150.0,0.0,9.5,espn,401471078,PIT,BOS,regular,Johan Oviedo,Kutter Crawford,,,,,,,,
2023,2023-04-03,Toronto Blue Jays,Kansas City Royals,5.0,9.0,False,0|0|0|0|1|0|2|1|1,3|0|0|4|0|2|0|0,,,-135.0,115.0,0.0,8.0,espn,401471081,TOR,KC,regular,Jose Berrios,Brady Singer,,,,,,,,
2023,2023-04-03,Atlanta Braves,St. Louis Cardinals,8.0,4.0,False,1|5|0|0|0|0|2|0|0,1|0|0|2|0|0|1|0|0,,,-125.0,105.0,0.0,8.0,espn,401471069,ATL,STL,regular,Charlie Morton,Jake Woodford,,,,,,,,
2023,2023-04-03,Baltimore Orioles,Texas Rangers,2.0,0.0,False,0|0|0|1|1|0|0|0|0,0|0|0|0|0|0|0|0|0,,,115.0,-135.0,0.0,8.5,espn,401471070,BAL,TEX,regular,Kyle Bradish,Jon Gray,,,,,,,,
2023,2023-04-03,Detroit Tigers,Houston Astros,7.0,6.0,False,0|2|0|0|2|0|1|0|0|0|2,0|0|0|0|4|0|0|0|1|0|1,,,200.0,-240.0,0.0,8.0,espn,401471074,DET,HOU,regular,Matthew Boyd,Hunter Brown,,,,,,,,
2023,2023-04-03,Los Angeles Angels,Seattle Mariners,7.0,3.0,False,0|1|0|1|2|0|0|2|1,1|0|1|0|1|0|0|0|0,,,120.0,-140.0,0.0,7.5,espn,401471068,LAA,SEA,regular,Reid Detmers,George Kirby,,,,,,,,
2023,2023-04-03,Cleveland Guardians,Oakland Athletics,12.0,11.0,False,2|0|0|3|0|2|0|3|0|2,1|5|0|0|2|0|0|0|2|1,,,-150.0,130.0,0.0,7.5,espn,401471072,CLE,OAK,regular,Zach Plesac,James Kaprielian,,,,,,,,
2023,2023-04-03,Arizona Diamondbacks,San Diego Padres,4.0,5.0,False,0|2|0|0|0|0|1|0|1,2|1|0|0|0|0|0|0|2,,,125.0,-145.0,0.0,8.0,espn,401471082,ARI,SD,regular,Ryne Nelson,Ryan Weathers,,,,,,,,
2023,2023-04-03,Colorado Rockies,Los Angeles Dodgers,4.0,13.0,False,0|0|0|0|4|0|0|0|0,0|0|2|0|7|0|2|2,,,185.0,-225.0,0.0,8.5,espn,401471073,COL,LAD,regular,Ryan Feltner,Michael Grove,,,,,,,,
2023,2023-04-04,Arizona Diamondbacks,San Diego Padres,8.0,6.0,False,0|0|0|0|1|3|0|4|0,0|1|0|2|2|0|0|0|1,,,130.0,-150.0,0.0,7.0,espn,401471096,ARI,SD,regular,Zac Gallen,Yu Darvish,,,,,,,,
2023,2023-04-04,Chicago Cubs,Cincinnati Reds,12.0,5.0,False,1|0|0|0|0|1|6|3|1,1|0|1|1|0|0|0|2|0,,,-135.0,115.0,0.0,9.0,espn,401471086,CHC,CIN,regular,Hayden Wesneski,Luis Cessa,,,,,,,,
2023,2023-04-04,Minnesota Twins,Miami Marlins,0.0,1.0,False,0|0|0|0|0|0|0|0|0,0|1|0|0|0|0|0|0,,,130.0,-150.0,0.0,7.0,espn,401471090,MIN,MIA,regular,Kenta Maeda,Sandy Alcantara,,,,,,,,
2023,2023-04-04,Philadelphia Phillies,New York Yankees,4.0,1.0,False,1|0|1|0|2|0|0|0|0,0|0|0|0|0|0|0|0|1,,,140.0,-160.0,0.0,8.5,espn,401471092,PHI,NYY,regular,Matt Strahm,Domingo German,,,,,,,,
2023,2023-04-04,Tampa Bay Rays,Washington Nationals,10.0,6.0,False,3|1|0|0|0|0|0|1|5,2|2|0|1|0|0|1|0|0,,,-170.0,150.0,0.0,9.0,espn,401471094,TB,WSH,regular,Josh Fleming,Chad Kuhl,,,,,,,,
2023,2023-04-04,Pittsburgh Pirates,Boston Red Sox,4.0,1.0,False,0|2|1|0|0|0|1|0|0,1|0|0|0|0|0|0|0|0,,,125.0,-145.0,0.0,9.0,espn,401471093,PIT,BOS,regular,Roansy Contreras,Nick Pivetta,,,,,,,,
2023,2023-04-04,New York Mets,Milwaukee Brewers,0.0,9.0,False,0|0|0|0|0|0|0|0|0,2|0|0|0|0|3|4|0,,,-150.0,130.0,0.0,7.5,espn,401471091,NYM,MIL,regular,Max Scherzer,Wade Miley,,,,,,,,
2023,2023-04-04,Toronto Blue Jays,Kansas City Royals,4.0,1.0,False,0|0|1|1|0|1|0|1|0,0|1|0|0|0|0|0|0|0,,,-170.0,150.0,0.0,10.0,espn,401471095,TOR,KC,regular,Yusei Kikuchi,Kris Bubic,,,,,,,,
2023,2023-04-04,Atlanta Braves,St. Louis Cardinals,4.0,1.0,False,2|1|1|0|0|0|0|0|0,0|0|0|1|0|0|0|0|0,,,120.0,-140.0,0.0,9.5,espn,401471084,ATL,STL,regular,Dylan Dodd,Steven Matz,,,,,,,,
2023,2023-04-04,Baltimore Orioles,Texas Rangers,7.0,2.0,False,0|5|2|0|0|0|0|0|0,0|1|0|0|0|1|0|0|0,,,120.0,-140.0,0.0,8.5,espn,401471085,BAL,TEX,regular,Kyle Gibson,Andrew Heaney,,,,,,,,
2023,2023-04-04,Detroit Tigers,Houston Astros,6.0,3.0,False,1|0|0|0|1|1|0|2|1,1|0|0|1|0|0|0|0|1,,,240.0,-300.0,0.0,7.5,espn,401471089,DET,HOU,regular,Matt Manning,Framber Valdez,,,,,,,,
2023,2023-04-04,Los Angeles Angels,Seattle Mariners,2.0,11.0,False,0|0|0|0|0|0|0|2|0,1|0|0|2|5|0|3|0,,,150.0,-170.0,0.0,7.0,espn,401471083,LAA,SEA,regular,Jose Suarez,Luis Castillo,,,,,,,,
2023,2023-04-04,Cleveland Guardians,Oakland Athletics,3.0,4.0,False,0|0|0|2|1|0|0|0|0,0|0|2|0|0|1|0|0|1,,,-185.0,165.0,0.0,7.0,espn,401471087,CLE,OAK,regular,Shane Bieber,JP Sears,,,,,,,,
2023,2023-04-04,Colorado Rockies,Los Angeles Dodgers,2.0,5.0,False,0|0|0|0|0|0|0|0|2,2|0|1|1|0|0|0|1,,,220.0,-270.0,0.0,7.5,espn,401471088,COL,LAD,regular,German Marquez,Julio Urias,,,,,,,,
2023,2023-04-05,Philadelphia Phillies,New York Yankees,2.0,4.0,False,0|0|0|0|0|0|1|1|0,1|0|0|0|0|1|2|0,,,150.0,-170.0,0.0,6.5,espn,401471105,PHI,NYY,regular,Aaron Nola,Gerrit Cole,,,,,,,,
2023,2023-04-05,Tampa Bay Rays,Washington Nationals,7.0,2.0,False,0|1|2|0|0|3|1|0|0,0|1|0|1|0|0|0|0|0,,,-270.0,220.0,0.0,8.5,espn,401471108,TB,WSH,regular,Shane McClanahan,Patrick Corbin,,,,,,,,
2023,2023-04-05,Minnesota Twins,Miami Marlins,2.0,5.0,False,0|0|0|0|0|0|1|0|1,1|0|0|0|0|0|0|4,,,-120.0,100.0,0.0,7.0,espn,401471103,MIN,MIA,regular,Pablo Lopez,Jesus Luzardo,,,,,,,,
2023,2023-04-05,Atlanta Braves,St. Louis Cardinals,5.0,2.0,False,3|1|0|1|0|0|0|0|0,0|0|0|0|0|0|1|0|1,,,105.0,-125.0,0.0,9.0,espn,401471098,ATL,STL,regular,Bryce Elder,Miles Mikolas,,,,,,,,
2023,2023-04-05,Pittsburgh Pirates,Boston Red Sox,4.0,1.0,False,0|0|0|1|0|1|2|0|0,0|0|0|0|0|0|1|0|0,,,130.0,-150.0,0.0,8.5,espn,401471106,PIT,BOS,regular,Mitch Keller,Corey Kluber,,,,,,,,
2023,2023-04-05,New York Mets,Milwaukee Brewers,6.0,7.0,False,1|0|3|0|2|0|0|0|0,0|4|0|0|2|0|0|0|1,,,115.0,-135.0,0.0,8.0,espn,401471104,NYM,MIL,regular,David Peterson,Corbin Burnes,,,,,,,,
2023,2023-04-05,Baltimore Orioles,Texas Rangers,2.0,5.0,False,0|0|0|0|2|0|0|0|0,2|0|0|0|0|2|1|0,,,170.0,-200.0,0.0,7.5,espn,401471099,BAL,TEX,regular,Grayson Rodriguez,Jacob deGrom,,,,,,,,
2023,2023-04-05,Detroit Tigers,Houston Astros,2.0,8.0,False,0|0|1|0|0|0|0|1|0,0|2|0|2|0|0|2|2,,,215.0,-260.0,0.0,7.5,espn,401471102,DET,HOU,regular,Eduardo Rodriguez,Cristian Javier,,,,,,,,
2023,2023-04-05,San Francisco Giants,Chicago White Sox,3.0,7.0,False,0|1|0|0|0|0|0|0|2,2|0|0|0|2|0|3|0,,,115.0,-135.0,0.0,7.5,espn,401471107,SF,CHW,regular,Logan Webb,Dylan Cease,,,,,,,,
2023,2023-04-05,Cleveland Guardians,Oakland Athletics,6.0,4.0,False,0|0|0|0|0|2|2|0|0|2,0|0|0|0|0|0|0|4|0|0,,,-130.0,110.0,0.0,8.0,espn,401471101,CLE,OAK,regular,Hunter Gaddis,Kyle Muller,,,,,,,,
2023,2023-04-05,Los Angeles Angels,Seattle Mariners,4.0,3.0,False,0|2|0|0|0|0|2|0|0,1|0|0|0|0|0|2|0|0,,,-175.0,155.0,0.0,7.0,espn,401471097,LAA,SEA,regular,Shohei Ohtani,Chris Flexen,,,,,,,,
2023,2023-04-05,Toronto Blue Jays,Kansas City Royals,3.0,0.0,False,0|0|0|0|0|1|0|2|0,0|0|0|0|0|0|0|0|0,,,-180.0,160.0,0.0,8.5,espn,401471109,TOR,KC,regular,Alek Manoah,Zack Greinke,,,,,,,,
2023,2023-04-06,Boston Red Sox,Detroit Tigers,6.0,3.0,False,0|0|1|1|0|4|0|0|0,0|2|1|0|0|0|0|0|0,,,-145.0,125.0,0.0,8.0,espn,401471110,BOS,DET,regular,Chris Sale,Spencer Turnbull,,,,,,,,
2023,2023-04-06,San Francisco Giants,Chicago White Sox,16.0,6.0,False,3|1|0|2|2|2|0|2|4,0|2|0|1|0|0|0|0|3,,,100.0,-120.0,0.0,8.5,espn,401471117,SF,CHW,regular,Alex Wood,Lance Lynn,,,,,,,,
2023,2023-04-06,Toronto Blue Jays,Kansas City Royals,6.0,3.0,False,2|1|0|1|1|0|1|0|0,0|0|0|0|0|0|0|3|0,,,-225.0,185.0,0.0,8.5,espn,401471118,TOR,KC,regular,Kevin Gausman,Jordan Lyles,,,,,,,,
2023,2023-04-06,Washington Nationals,Colorado Rockies,0.0,1.0,False,0|0|0|0|0|0|0|0|0,0|0|0|0|1|0|0|0,,,150.0,-170.0,0.0,11.0,espn,401471119,WSH,COL,regular,Josiah Gray,Kyle Freeland,,,,,,,,
2023,2023-04-06,San Diego Padres,Atlanta Braves,6.0,7.0,False,0|0|0|3|0|1|0|2|0,1|0|1|2|0|0|0|2|1,,,140.0,-160.0,0.0,8.5,espn,401471116,SD,ATL,regular,Blake Snell,Spencer Strider,,,,,,,,
2023,2023-04-06,Los Angeles Dodgers,Arizona Diamondbacks,5.0,2.0,False,0|1|2|0|0|1|1|0|0,0|0|0|0|0|1|1|0|0,,,-160.0,140.0,0.0,8.5,espn,401471113,LAD,ARI,regular,Dustin May,Merrill Kelly,,,,,,,,
2023,2023-04-07,Miami Marlins,New York Mets,3.0,9.0,False,0|0|0|0|0|0|0|3|0,0|0|2|1|0|1|2|3,,,150.0,-170.0,0.0,8.0,espn,401539436,MIA,NYM,regular,Edward Cabrera,Tylor Megill,,,,,,,,
2023,2023-04-07,Texas Rangers,Chicago Cubs,0.0,2.0,False,0|0|0|0|0|0|0|0|0,0|0|0|1|0|1|0|0,,,105.0,-125.0,0.0,6.5,espn,401471126,TEX,CHC,regular,Nathan Eovaldi,Marcus Stroman,,,,,,,,
2023,2023-04-07,New York Yankees,Baltimore Orioles,6.0,7.0,False,0|0|0|3|0|2|0|1|0,0|2|2|0|0|1|2|0,,,-125.0,105.0,0.0,8.5,espn,401539392,NYY,BAL,regular,Clarke Schmidt,Dean Kremer,,,,,,,,
2023,2023-04-07,Cincinnati Reds,Philadelphia Phillies,2.0,5.0,False,0|0|0|0|1|1|0|0|0,0|1|0|0|1|0|2|1,,,165.0,-185.0,0.0,7.5,espn,401539437,CIN,PHI,regular,Hunter Greene,Zack Wheeler,,,,,,,,
2023,2023-04-07,Seattle Mariners,Cleveland Guardians,5.0,3.0,False,0|0|0|0|2|3|0|0|0,1|0|1|1|0|0|0|0|0,,,105.0,-125.0,0.0,7.5,espn,401471124,SEA,CLE,regular,Logan Gilbert,Aaron Civale,,,,,,,,
2023,2023-04-07,Houston Astros,Minnesota Twins,2.0,3.0,False,0|0|1|0|0|0|0|0|0|1,0|0|0|0|0|1|0|0|0|2,,,105.0,-125.0,0.0,7.5,espn,401539289,HOU,MIN,regular,Jose Urquidy,Sonny Gray,,,,,,,,
2023,2023-04-07,Chicago White Sox,Pittsburgh Pirates,9.0,13.0,False,1|0|4|0|2|0|0|0|2,0|2|1|4|5|0|0|1,,,-130.0,110.0,0.0,8.5,espn,401471128,CHW,PIT,regular,Lucas Giolito,Rich Hill,,,,,,,,
2023,2023-04-07,Kansas City Royals,San Francisco Giants,3.0,1.0,False,0|1|0|1|0|0|0|1|0,0|1|0|0|0|0|0|0|0,,,180.0,-220.0,0.0,8.0,espn,401471120,KC,SF,regular,Brad Keller,Alex Cobb,,,,,,,,
2023,2023-04-07,Oakland Athletics,Tampa Bay Rays,5.0,9.0,False,0|1|1|0|1|0|1|0|1,0|6|2|0|0|0|0|1,,,220.0,-270.0,0.0,7.5,espn,401471122,OAK,TB,regular,Ken Waldichuk,Zach Eflin,,,,,,,,
2023,2023-04-07,San Diego Padres,Atlanta Braves,5.0,4.0,False,2|1|0|0|1|1|0|0|0,0|0|3|0|1|0|0|0|0,,,-110.0,-110.0,0.0,9.5,espn,401471123,SD,ATL,regular,Nick Martinez,Jared Shuster,,,,,,,,
2023,2023-04-07,St. Louis Cardinals,Milwaukee Brewers,0.0,4.0,False,0|0|0|0|0|0|0|0|0,0|0|2|0|0|1|1|0,,,130.0,-150.0,0.0,8.5,espn,401471125,STL,MIL,regular,Jack Flaherty,Brandon Woodruff,,,,,,,,
2023,2023-04-07,Washington Nationals,Colorado Rockies,10.0,5.0,False,2|2|2|0|2|0|0|2|0,0|1|0|1|0|0|3|0|0,,,100.0,-120.0,0.0,10.5,espn,401471129,WSH,COL,regular,MacKenzie Gore,Jose Urena,,,,,,,,
2023,2023-04-07,Toronto Blue Jays,Los Angeles Angels,4.0,3.0,False,0|0|0|1|0|0|3|0|0,2|0|0|1|0|0|0|0|0,,,125.0,-145.0,0.0,9.0,espn,401471127,TOR,LAA,regular,Chris Bassitt,Patrick Sandoval,,,,,,,,
2023,2023-04-07,Los Angeles Dodgers,Arizona Diamondbacks,3.0,6.0,False,1|1|0|1|0|0|0|0|0,1|0|1|0|0|2|0|2,,,-250.0,210.0,0.0,9.0,espn,401471121,LAD,ARI,regular,Clayton Kershaw,Madison Bumgarner,,,,,,,,
2023,2023-04-08,Houston Astros,Minnesota Twins,6.0,9.0,False,0|0|4|0|0|0|0|0|2,0|4|0|0|0|1|0|4,,,-105.0,-115.0,0.0,7.5,espn,401471132,HOU,MIN,regular,Luis Garcia,Joe Ryan,,,,,,,,
2023,2023-04-08,Cincinnati Reds,Philadelphia Phillies,2.0,3.0,False,1|0|0|0|0|0|0|0|1,0|0|0|0|0|0|0|0|3,,,125.0,-145.0,0.0,8.0,espn,401471131,CIN,PHI,regular,Nick Lodolo,Bailey Falter,,,,,,,,
2023,2023-04-08,Kansas City Royals,San Francisco Giants,6.0,5.0,False,0|0|0|0|0|1|1|3|1,0|0|0|4|0|1|0|0|0,,,125.0,-145.0,0.0,8.5,espn,401471133,KC,SF,regular,Brady Singer,Sean Manaea,,,,,,,,
2023,2023-04-08,Texas Rangers,Chicago Cubs,3.0,10.0,False,0|0|1|0|0|0|1|0|1,1|0|1|1|0|2|1|4,,,105.0,-125.0,0.0,7.0,espn,401471141,TEX,CHC,regular,Martin Perez,Justin Steele,,,,,,,,
2023,2023-04-08,Boston Red Sox,Detroit Tigers,14.0,5.0,False,0|6|2|0|0|0|1|3|2,0|0|0|2|0|0|0|0|3,,,-145.0,125.0,0.0,8.0,espn,401471130,BOS,DET,regular,Tanner Houck,Joey Wentz,,,,,,,,
2023,2023-04-08,Miami Marlins,New York Mets,2.0,5.0,False,0|0|0|0|0|1|1|0|0,1|0|0|0|2|2|0|0,,,150.0,-170.0,0.0,7.5,espn,401471135,MIA,NYM,regular,Trevor Rogers,Kodai Senga,,,,,,,,
2023,2023-04-08,Oakland Athletics,Tampa Bay Rays,0.0,11.0,False,0|0|0|0|0|0|0|0|0,0|0|0|2|3|4|0|2,,,240.0,-300.0,0.0,7.5,espn,401471137,OAK,TB,regular,Shintaro Fujinami,Jeffrey Springs,,,,,,,,
2023,2023-04-08,Seattle Mariners,Cleveland Guardians,3.0,2.0,False,2|1|0|0|0|0|0|0|0,0|0|0|0|1|0|1|0|0,,,115.0,-135.0,0.0,8.5,espn,401471139,SEA,CLE,regular,Marco Gonzales,Cal Quantrill,,,,,,,,
2023,2023-04-08,Chicago White Sox,Pittsburgh Pirates,11.0,5.0,False,0|1|4|0|1|0|5|0|0,1|0|1|0|2|0|0|0|1,,,-125.0,105.0,0.0,8.5,espn,401471143,CHW,PIT,regular,Mike Clevinger,Vince Velasquez,,,,,,,,
2023,2023-04-08,New York Yankees,Baltimore Orioles,4.0,1.0,False,0|0|0|1|3|0|0|0|0,1|0|0|0|0|0|0|0|0,,,-130.0,110.0,0.0,8.5,espn,401471136,NYY,BAL,regular,Jhony Brito,Cole Irvin,,,,,,,,
2023,2023-04-08,St. Louis Cardinals,Milwaukee Brewers,6.0,0.0,False,2|0|4|0|0|0|0|0|0,0|0|0|0|0|0|0|0|0,,,-160.0,140.0,0.0,9.0,espn,401471140,STL,MIL,regular,Jordan Montgomery,Eric Lauer,,,,,,,,
2023,2023-04-08,San Diego Padres,Atlanta Braves,4.0,1.0,False,0|0|1|2|0|0|0|0|1,0|0|0|0|0|0|0|1|0,,,130.0,-150.0,0.0,9.0,espn,401471138,SD,ATL,regular,Michael Wacha,Charlie Morton,,,,,,,,
2023,2023-04-08,Los Angeles Dodgers,Arizona Diamondbacks,8.0,12.0,False,4|0|0|1|0|1|0|1|1,1|4|1|0|1|2|3|0,,,-155.0,135.0,0.0,9.5,espn,401471134,LAD,ARI,regular,Noah Syndergaard,Zach Davies,,,,,,,,
2023,2023-04-08,Washington Nationals,Colorado Rockies,7.0,6.0,False,0|0|3|0|2|0|1|1|0,0|0|0|0|1|1|0|0|4,,,125.0,-145.0,0.0,11.0,espn,401471144,WSH,COL,regular,Trevor Williams,Austin Gomber,,,,,,,,
2023,2023-04-08,Toronto Blue Jays,Los Angeles Angels,5.0,9.0,False,0|0|4|0|1|0|0|0|0,0|0|1|2|4|0|0|2,,,110.0,-130.0,0.0,9.5,espn,401471142,TOR,LAA,regular,Jose Berrios,Tyler Anderson,,,,,,,,
2023,2023-04-09,Cincinnati Reds,Philadelphia Phillies,6.0,4.0,False,0|0|0|2|0|0|0|1|3,1|1|0|2|0|0|0|0|0,,,175.0,-210.0,0.0,8.5,espn,401471146,CIN,PHI,regular,Connor Overton,Taijuan Walker,,,,,,,,
2023,2023-04-09,Boston Red Sox,Detroit Tigers,4.0,1.0,False,0|1|0|0|1|0|1|0|1,1|0|0|0|0|0|0|0|0,,,-120.0,100.0,0.0,8.5,espn,401471145,BOS,DET,regular,Kutter Crawford,Matthew Boyd,,,,,,,,
2023,2023-04-09,Oakland Athletics,Tampa Bay Rays,0.0,11.0,False,0|0|0|0|0|0|0|0|0,1|0|0|4|2|2|1|1,,,250.0,-310.0,0.0,8.0,espn,401471152,OAK,TB,regular,James Kaprielian,Drew Rasmussen,,,,,,,,
2023,2023-04-09,New York Yankees,Baltimore Orioles,5.0,3.0,False,1|0|1|0|2|0|0|1|0,0|0|0|0|0|2|0|1|0,,,-145.0,125.0,0.0,7.5,espn,401471151,NYY,BAL,regular,Nestor Cortes,Tyler Wells,,,,,,,,
2023,2023-04-09,Chicago White Sox,Pittsburgh Pirates,0.0,1.0,False,0|0|0|0|0|0|0|0|0,0|1|0|0|0|0|0|0,,,105.0,-125.0,0.0,9.0,espn,401471158,CHW,PIT,regular,Michael Kopech,Johan Oviedo,,,,,,,,
2023,2023-04-09,Miami Marlins,New York Mets,7.0,2.0,False,3|0|0|0|3|0|1|0|0,0|1|0|0|1|0|0|0|0,,,125.0,-145.0,0.0,8.0,espn,401471150,MIA,NYM,regular,Braxton Garrett,Carlos Carrasco,,,,,,,,
2023,2023-04-09,Seattle Mariners,Cleveland Guardians,6.0,7.0,False,2|0|0|0|0|0|0|0|1|0|2|1,1|0|0|0|0|0|0|0|2|0|2|2,,,-130.0,110.0,0.0,8.0,espn,401471154,SEA,CLE,regular,George Kirby,Zach Plesac,,,,,,,,
2023,2023-04-09,Houston Astros,Minnesota Twins,5.0,1.0,False,0|0|2|0|2|0|0|1|0,0|0|0|1|0|0|0|0|0,,,-115.0,-105.0,0.0,8.0,espn,401471147,HOU,MIN,regular,Hunter Brown,Tyler Mahle,,,,,,,,
2023,2023-04-09,St. Louis Cardinals,Milwaukee Brewers,1.0,6.0,False,0|0|0|1|0|0|0|0|0,0|0|2|0|1|0|3|0,,,135.0,-155.0,0.0,9.0,espn,401471155,STL,MIL,regular,Jake Woodford,Freddy Peralta,,,,,,,,
2023,2023-04-09,Texas Rangers,Chicago Cubs,8.0,2.0,False,0|4|0|1|0|3|0|0|0,0|2|0|0|0|0|0|0|0,,,-110.0,-110.0,0.0,8.5,espn,401471156,TEX,CHC,regular,Jon Gray,Jameson Taillon,,,,,,,,
2023,2023-04-09,Washington Nationals,Colorado Rockies,6.0,7.0,False,0|2|0|0|1|3|0|0|0,0|1|0|1|1|4|0|0,,,125.0,-145.0,0.0,11.5,espn,401471159,WSH,COL,regular,Chad Kuhl,Ryan Feltner,,,,,,,,
2023,2023-04-09,Kansas City Royals,San Francisco Giants,1.0,3.0,False,0|0|0|1|0|0|0|0|0,0|0|0|0|0|0|0|3,,,135.0,-155.0,0.0,8.5,espn,401471148,KC,SF,regular,Kris Bubic,Anthony DeSclafani,,,,,,,,
2023,2023-04-09,Toronto Blue Jays,Los Angeles Angels,12.0,11.0,False,0|0|0|0|0|6|4|0|0|2,3|0|2|1|0|0|0|1|3|1,,,110.0,-130.0,0.0,10.0,espn,401471157,TOR,LAA,regular,Yusei Kikuchi,Reid Detmers,,,,,,,,
2023,2023-04-09,Los Angeles Dodgers,Arizona Diamondbacks,6.0,11.0,False,1|0|2|0|0|0|0|2|1,2|1|3|3|2|0|0|0,,,-135.0,115.0,0.0,9.5,espn,401471149,LAD,ARI,regular,Michael Grove,Ryne Nelson,,,,,,,,
2023,2023-04-09,San Diego Padres,Atlanta Braves,10.0,2.0,False,0|1|3|1|3|2|0|0|0,0|0|0|0|1|0|1|0|0,,,105.0,-125.0,0.0,9.0,espn,401471153,SD,ATL,regular,Seth Lugo,Dylan Dodd,,,,,,,,
2023,2023-04-10,Chicago White Sox,Minnesota Twins,4.0,3.0,False,0|0|0|4|0|0|0|0|0,0|0|1|1|1|0|0|0|0,,,-140.0,120.0,0.0,7.0,espn,401471161,CHW,MIN,regular,Dylan Cease,Kenta Maeda,,,,,,,,
2023,2023-04-10,New York Yankees,Cleveland Guardians,2.0,3.0,False,2|0|0|0|0|0|0|0|0,0|1|0|1|0|0|1|0,,,140.0,-160.0,0.0,7.5,espn,401471167,NYY,CLE,regular,Domingo German,Shane Bieber,,,,,,,,
2023,2023-04-10,Oakland Athletics,Baltimore Orioles,1.0,5.0,False,1|0|0|0|0|0|0|0|0,2|0|1|0|0|1|0|1,,,160.0,-180.0,0.0,8.5,espn,401471168,OAK,BAL,regular,JP Sears,Kyle Gibson,,,,,,,,
2023,2023-04-10,Houston Astros,Pittsburgh Pirates,8.0,2.0,False,1|3|1|2|0|0|1|0|0,0|1|0|1|0|0|0|0|0,,,-175.0,155.0,0.0,8.0,espn,401471172,HOU,PIT,regular,Framber Valdez,Roansy Contreras,,,,,,,,
2023,2023-04-10,Boston Red Sox,Tampa Bay Rays,0.0,1.0,False,0|0|0|0|0|0|0|0|0,0|0|0|0|0|0|0|1,,,130.0,-150.0,0.0,8.5,espn,401471160,BOS,TB,regular,Nick Pivetta,Jalen Beeks,,,,,,,,
2023,2023-04-10,Miami Marlins,Philadelphia Phillies,3.0,15.0,False,0|0|0|0|0|0|3|0|0,0|0|5|0|4|4|1|1,,,-130.0,110.0,0.0,7.5,espn,401471165,MIA,PHI,regular,Sandy Alcantara,Matt Strahm,,,,,,,,
2023,2023-04-10,San Diego Padres,New York Mets,0.0,5.0,False,0|0|0|0|0|0|0|0|0,0|0|2|0|0|0|3|0,,,115.0,-135.0,0.0,7.5,espn,401471169,SD,NYM,regular,Yu Darvish,Max Scherzer,,,,,,,,
2023,2023-04-10,Cincinnati Reds,Atlanta Braves,4.0,5.0,False,0|0|0|0|0|0|0|1|2|1,0|0|0|0|0|1|1|1|0|2,,,170.0,-200.0,0.0,8.5,espn,401471162,CIN,ATL,regular,Graham Ashcraft,Bryce Elder,,,,,,,,
2023,2023-04-10,Seattle Mariners,Chicago Cubs,2.0,3.0,False,0|0|0|1|0|0|0|0|1|0,0|0|0|2|0|0|0|0|0|1,,,-155.0,135.0,0.0,9.0,espn,401471170,SEA,CHC,regular,Luis Castillo,Drew Smyly,,,,,,,,
2023,2023-04-10,Kansas City Royals,Texas Rangers,2.0,11.0,False,1|0|0|0|0|0|1|0|0,1|0|2|1|0|7|0|0,,,150.0,-170.0,0.0,8.5,espn,401471163,KC,TEX,regular,Zack Greinke,Andrew Heaney,,,,,,,,
2023,2023-04-10,St. Louis Cardinals,Colorado Rockies,4.0,7.0,False,0|0|0|2|0|1|0|0|1,0|0|2|2|0|2|1|0,,,-140.0,120.0,0.0,11.0,espn,401471173,STL,COL,regular,Steven Matz,German Marquez,,,,,,,,
2023,2023-04-10,Washington Nationals,Los Angeles Angels,6.0,4.0,False,0|1|0|3|1|0|1|0|0,2|0|2|0|0|0|0|0|0,,,230.0,-280.0,0.0,10.0,espn,401471171,WSH,LAA,regular,Patrick Corbin,Jose Suarez,,,,,,,,
2023,2023-04-10,Milwaukee Brewers,Arizona Diamondbacks,0.0,3.0,False,0|0|0|0|0|0|0|0|0,1|0|0|0|2|0|0|0,,,130.0,-150.0,0.0,8.5,espn,401471166,MIL,ARI,regular,Wade Miley,Zac Gallen,,,,,,,,
2023,2023-04-10,Los Angeles Dodgers,San Francisco Giants,9.0,1.0,False,1|0|3|0|0|0|5|0|0,0|0|0|1|0|0|0|0|0,,,-145.0,125.0,0.0,7.5,espn,401471164,LAD,SF,regular,Julio Urias,Logan Webb,,,,,,,,
2023,2023-04-11,New York Yankees,Cleveland Guardians,11.0,2.0,False,0|1|5|2|0|2|0|0|1,2|0|0|0|0|0|0|0|0,,,-180.0,160.0,0.0,8.5,espn,401471182,NYY,CLE,regular,Gerrit Cole,Hunter Gaddis,,,,,,,,
2023,2023-04-11,Oakland Athletics,Baltimore Orioles,8.0,12.0,False,1|0|1|0|5|0|0|0|1,1|0|1|1|3|1|5|0,,,167.0,-192.0,0.0,8.5,espn,401471183,OAK,BAL,regular,Kyle Muller,Grayson Rodriguez,,,,,,,,
2023,2023-04-11,Houston Astros,Pittsburgh Pirates,4.0,7.0,False,1|1|0|0|0|0|0|0|2,0|2|0|0|0|2|0|0|3,,,-160.0,140.0,0.0,8.0,espn,401471187,HOU,PIT,regular,Cristian Javier,Mitch Keller,,,,,,,,
2023,2023-04-11,Boston Red Sox,Tampa Bay Rays,2.0,7.0,False,0|0|0|0|0|1|0|0|1,1|1|0|1|2|0|2|0,,,150.0,-170.0,0.0,7.5,espn,401471174,BOS,TB,regular,Garrett Whitlock,Shane McClanahan,,,,,,,,
2023,2023-04-11,Miami Marlins,Philadelphia Phillies,8.0,4.0,False,0|0|1|0|0|3|1|3|0,0|0|0|0|0|3|0|0|1,,,125.0,-145.0,0.0,7.5,espn,401471180,MIA,PHI,regular,Jesus Luzardo,Aaron Nola,,,,,,,,
2023,2023-04-11,Detroit Tigers,Toronto Blue Jays,3.0,9.0,False,0|3|0|0|0|0|0|0|0,0|1|0|1|2|0|0|5,,,220.0,-270.0,0.0,8.5,espn,401471177,DET,TOR,regular,Matt Manning,Alek Manoah,,,,,,,,
2023,2023-04-11,San Diego Padres,New York Mets,4.0,2.0,False,0|0|0|0|2|0|0|0|2,0|0|0|1|0|0|0|0|1,,,120.0,-140.0,0.0,8.5,espn,401471184,SD,NYM,regular,Ryan Weathers,David Peterson,,,,,,,,
2023,2023-04-11,Cincinnati Reds,Atlanta Braves,6.0,7.0,False,0|0|4|0|0|0|0|2|0,1|0|1|3|1|0|1|0,,,190.0,-230.0,0.0,8.0,espn,401471176,CIN,ATL,regular,Luis Cessa,Kyle Wright,,,,,,,,
2023,2023-04-11,Chicago White Sox,Minnesota Twins,3.0,4.0,False,2|0|0|0|0|0|0|0|1|0,2|1|0|0|0|0|0|0|0|1,,,130.0,-150.0,0.0,7.5,espn,401471175,CHW,MIN,regular,Lance Lynn,Pablo Lopez,,,,,,,,
2023,2023-04-11,Seattle Mariners,Chicago Cubs,9.0,14.0,False,2|5|0|1|0|0|0|1|0,0|1|8|0|2|3|0|0,,,-105.0,-115.0,0.0,10.5,espn,401471185,SEA,CHC,regular,Chris Flexen,Hayden Wesneski,,,,,,,,
2023,2023-04-11,Kansas City Royals,Texas Rangers,5.0,8.0,False,0|0|1|1|0|0|0|1|1|1,0|1|2|0|0|0|1|0|0|4,,,235.0,-290.0,0.0,8.0,espn,401471178,KC,TEX,regular,Jordan Lyles,Jacob deGrom,,,,,,,,
2023,2023-04-11,St. Louis Cardinals,Colorado Rockies,9.0,6.0,False,1|0|1|0|0|0|4|0|3,0|0|0|1|5|0|0|0|0,,,-170.0,150.0,0.0,12.0,espn,401471188,STL,COL,regular,Miles Mikolas,Kyle Freeland,,,,,,,,
2023,2023-04-11,Washington Nationals,Los Angeles Angels,0.0,2.0,False,0|0|0|0|0|0|0|0|0,0|0|0|1|0|1|0|0,,,250.0,-310.0,0.0,8.5,espn,401471186,WSH,LAA,regular,Josiah Gray,Shohei Ohtani,,,,,,,,
2023,2023-04-11,Milwaukee Brewers,Arizona Diamondbacks,7.0,1.0,False,0|0|0|0|0|0|5|1|1,0|0|0|0|0|0|0|0|1,,,-125.0,105.0,0.0,8.5,espn,401471181,MIL,ARI,regular,Corbin Burnes,Merrill Kelly,,,,,,,,
2023,2023-04-11,Los Angeles Dodgers,San Francisco Giants,0.0,5.0,False,0|0|0|0|0|0|0|0|0,2|0|0|0|0|0|0|3,,,-155.0,135.0,0.0,8.0,espn,401471179,LAD,SF,regular,Dustin May,Alex Wood,,,,,,,,
2023,2023-04-12,Houston Astros,Pittsburgh Pirates,7.0,0.0,False,0|0|1|1|0|0|3|2|0,0|0|0|0|0|0|0|0|0,,,-160.0,140.0,0.0,9.5,espn,401471202,HOU,PIT,regular,Jose Urquidy,Rich Hill,,,,,,,,
2023,2023-04-12,Chicago White Sox,Minnesota Twins,1.0,3.0,False,0|0|0|0|0|0|0|0|1,0|0|0|1|0|0|0|2,,,135.0,-155.0,0.0,8.5,espn,401471190,CHW,MIN,regular,Lucas Giolito,Sonny Gray,,,,,,,,
2023,2023-04-12,New York Yankees,Cleveland Guardians,4.0,3.0,False,0|0|0|0|2|0|1|0|1,2|0|1|0|0|0|0|0|0,,,-115.0,-105.0,0.0,9.5,espn,401471197,NYY,CLE,regular,Clarke Schmidt,Peyton Battenfield,,,,,,,,
2023,2023-04-12,San Diego Padres,New York Mets,2.0,5.0,False,2|0|0|0|0|0|0|0|0,0|1|1|0|1|1|1|0,,,-105.0,-115.0,0.0,9.0,espn,401471199,SD,NYM,regular,Blake Snell,Tylor Megill,,,,,,,,
2023,2023-04-12,Seattle Mariners,Chicago Cubs,5.0,2.0,False,0|0|2|0|0|0|1|2|0,1|0|0|0|0|0|0|0|1,,,-110.0,-110.0,0.0,11.0,espn,401471200,SEA,CHC,regular,Logan Gilbert,Marcus Stroman,,,,,,,,
2023,2023-04-12,St. Louis Cardinals,Colorado Rockies,7.0,4.0,False,0|1|0|2|0|0|1|2|1,1|0|0|1|0|0|2|0|0,,,-170.0,150.0,0.0,13.0,espn,401471203,STL,COL,regular,Jack Flaherty,Jose Urena,,,,,,,,
2023,2023-04-12,Milwaukee Brewers,Arizona Diamondbacks,3.0,7.0,False,0|0|0|0|0|0|3|0|0,1|0|3|1|0|0|2|0,,,120.0,-140.0,0.0,9.5,espn,401471196,MIL,ARI,regular,Janson Junk,Drey Jameson,,,,,,,,
2023,2023-04-12,Miami Marlins,Philadelphia Phillies,3.0,2.0,False,0|0|0|1|0|0|0|1|0|1,0|0|0|1|1|0|0|0|0|0,,,175.0,-210.0,0.0,8.5,espn,401471195,MIA,PHI,regular,Edward Cabrera,Zack Wheeler,,,,,,,,
2023,2023-04-12,Washington Nationals,Los Angeles Angels,2.0,3.0,False,0|0|0|2|0|0|0|0|0,0|0|1|1|0|1|0|0,,,150.0,-170.0,0.0,9.0,espn,401471201,WSH,LAA,regular,MacKenzie Gore,Griffin Canning,,,,,,,,
2023,2023-04-12,Oakland Athletics,Baltimore Orioles,8.0,4.0,False,3|0|0|0|1|0|0|3|1,0|2|0|0|0|0|2|0|0,,,175.0,-210.0,0.0,9.0,espn,401471198,OAK,BAL,regular,Ken Waldichuk,Dean Kremer,,,,,,,,
2023,2023-04-12,Boston Red Sox,Tampa Bay Rays,7.0,9.0,False,0|0|0|1|2|1|3|0|0,3|0|0|3|2|0|0|1,,,115.0,-135.0,0.0,8.0,espn,401471189,BOS,TB,regular,Chris Sale,Taj Bradley,,,,,,,,
2023,2023-04-12,Detroit Tigers,Toronto Blue Jays,3.0,4.0,False,0|0|0|1|0|0|2|0|0|0,0|0|0|1|0|0|0|0|2|1,,,240.0,-300.0,0.0,9.0,espn,401471192,DET,TOR,regular,Eduardo Rodriguez,Kevin Gausman,,,,,,,,
2023,2023-04-12,Cincinnati Reds,Atlanta Braves,4.0,5.0,False,2|0|1|0|0|0|1|0|0,0|2|1|0|0|0|1|1,,,225.0,-275.0,0.0,8.0,espn,401471191,CIN,ATL,regular,Hunter Greene,Spencer Strider,,,,,,,,
2023,2023-04-12,Kansas City Royals,Texas Rangers,10.0,1.0,False,0|3|1|2|0|0|4|0|0,1|0|0|0|0|0|0|0|0,,,145.0,-165.0,0.0,9.0,espn,401471193,KC,TEX,regular,Brad Keller,Nathan Eovaldi,,,,,,,,
2023,2023-04-12,Los Angeles Dodgers,San Francisco Giants,10.0,5.0,False,0|0|0|2|1|5|2|0|0,2|1|0|0|0|0|1|0|1,,,-155.0,135.0,0.0,7.5,espn,401471194,LAD,SF,regular,Clayton Kershaw,Alex Cobb,,,,,,,,
2023,2023-04-13,Oakland Athletics,Baltimore Orioles,7.0,8.0,False,1|0|3|2|1|0|0|0|0,0|3|4|0|0|0|0|0|1,,,200.0,-240.0,0.0,10.0,espn,401471207,OAK,BAL,regular,Adam Oller,Cole Irvin,,,,,,,,
2023,2023-04-13,Boston Red Sox,Tampa Bay Rays,3.0,9.0,False,1|0|0|1|1|0|0|0|0,1|0|0|0|7|0|1|0,,,200.0,-240.0,0.0,8.0,espn,401471204,BOS,TB,regular,Corey Kluber,Jeffrey Springs,,,,,,,,
2023,2023-04-13,Philadelphia Phillies,Cincinnati Reds,2.0,6.0,False,1|0|0|0|1|0|0|0|0,1|0|3|0|1|1|0|0,,,-105.0,-115.0,0.0,9.0,espn,401471208,PHI,CIN,regular,Bailey Falter,Nick Lodolo,,,,,,,,
2023,2023-04-13,Minnesota Twins,New York Yankees,11.0,2.0,False,9|0|2|0|0|0|0|0|0,0|0|0|1|0|0|0|0|1,,,120.0,-140.0,0.0,8.0,espn,401471206,MIN,NYY,regular,Joe Ryan,Jhony Brito,,,,,,,,
2023,2023-04-13,Detroit Tigers,Toronto Blue Jays,3.0,1.0,False,0|0|1|0|1|0|0|1|0,0|0|1|0|0|0|0|0|0,,,210.0,-250.0,0.0,9.5,espn,401471205,DET,TOR,regular,Spencer Turnbull,Chris Bassitt,,,,,,,,
2023,2023-04-13,Pittsburgh Pirates,St. Louis Cardinals,5.0,0.0,False,0|0|0|0|0|1|1|2|1,0|0|0|0|0|0|0|0|0,,,220.0,-270.0,0.0,8.5,espn,401471209,PIT,STL,regular,Vince Velasquez,Jordan Montgomery,,,,,,,,
2023,2023-04-13,Milwaukee Brewers,San Diego Padres,4.0,3.0,False,2|0|0|0|1|0|0|0|0|1,1|0|0|0|0|0|0|2|0|0,,,140.0,-160.0,0.0,9.0,espn,401471210,MIL,SD,regular,Colin Rea,Nick Martinez,,,,,,,,
2023,2023-04-14,Arizona Diamondbacks,Miami Marlins,1.0,5.0,False,0|0|0|0|0|0|1|0|0,0|0|0|5|0|0|0|0,,,145.0,-165.0,0.0,8.5,espn,401471212,ARI,MIA,regular,Madison Bumgarner,Trevor Rogers,,,,,,,,
2023,2023-04-14,Philadelphia Phillies,Cincinnati Reds,8.0,3.0,False,1|1|3|0|0|0|0|0|3,0|0|1|0|0|0|1|0|1,,,-150.0,130.0,0.0,9.5,espn,401471220,PHI,CIN,regular,Taijuan Walker,Connor Overton,,,,,,,,
2023,2023-04-14,San Francisco Giants,Detroit Tigers,5.0,7.0,False,1|0|0|0|0|0|0|3|0|0|1,0|1|1|0|2|0|0|0|0|0|3,,,-155.0,135.0,0.0,9.0,espn,401471222,SF,DET,regular,Sean Manaea,Joey Wentz,,,,,,,,
2023,2023-04-14,Cleveland Guardians,Washington Nationals,4.0,3.0,False,0|0|0|0|0|1|2|1|0,0|0|0|3|0|0|0|0|0,,,-150.0,130.0,0.0,9.0,espn,401471216,CLE,WSH,regular,Cal Quantrill,Trevor Williams,,,,,,,,
2023,2023-04-14,Minnesota Twins,New York Yankees,4.0,3.0,False,0|0|0|0|0|1|1|2|0,2|0|0|0|0|1|0|0|0,,,155.0,-175.0,0.0,8.5,espn,401471218,MIN,NYY,regular,Louis Varland,Nestor Cortes,,,,,,,,
2023,2023-04-14,Tampa Bay Rays,Toronto Blue Jays,3.0,6.0,False,0|0|0|1|0|0|2|0|0,1|1|0|0|4|0|0|0,,,-125.0,105.0,0.0,9.0,espn,401471223,TB,TOR,regular,Drew Rasmussen,Jose Berrios,,,,,,,,
2023,2023-04-14,Los Angeles Angels,Boston Red Sox,3.0,5.0,False,2|0|0|0|0|0|1|0|0,0|0|0|2|1|2|0|0,,,-115.0,-105.0,0.0,9.5,espn,401471211,LAA,BOS,regular,Patrick Sandoval,Tanner Houck,,,,,,,,
2023,2023-04-14,Baltimore Orioles,Chicago White Sox,6.0,3.0,False,0|0|0|0|0|0|4|2|0,0|1|0|0|0|2|0|0|0,,,-120.0,100.0,0.0,9.0,espn,401471214,BAL,CHW,regular,Tyler Wells,Mike Clevinger,,,,,,,,
2023,2023-04-14,Atlanta Braves,Kansas City Royals,10.0,3.0,False,4|3|0|0|1|2|0|0|0,1|0|0|1|1|0|0|0|0,,,-135.0,115.0,0.0,9.0,espn,401471213,ATL,KC,regular,Charlie Morton,Brady Singer,,,,,,,,
2023,2023-04-14,Texas Rangers,Houston Astros,6.0,2.0,False,1|0|2|0|2|0|0|0|1,0|0|1|0|1|0|0|0|0,,,140.0,-160.0,0.0,8.5,espn,401471224,TEX,HOU,regular,Martin Perez,Luis Garcia,,,,,,,,
2023,2023-04-14,Pittsburgh Pirates,St. Louis Cardinals,0.0,3.0,False,0|0|0|0|0|0|0|0|0,0|0|0|0|0|1|0|2,,,145.0,-165.0,0.0,8.5,espn,401471221,PIT,STL,regular,Johan Oviedo,Jake Woodford,,,,,,,,
2023,2023-04-14,New York Mets,Oakland Athletics,17.0,6.0,False,0|6|0|0|6|1|0|0|4,0|0|1|2|1|1|1|0|0,,,-235.0,195.0,0.0,8.0,espn,401471219,NYM,OAK,regular,Kodai Senga,James Kaprielian,,,,,,,,
2023,2023-04-14,Milwaukee Brewers,San Diego Padres,11.0,2.0,False,4|1|0|0|2|3|0|1|0,0|0|0|0|1|0|0|1|0,,,155.0,-175.0,0.0,8.0,espn,401471225,MIL,SD,regular,Eric Lauer,Michael Wacha,,,,,,,,
2023,2023-04-14,Chicago Cubs,Los Angeles Dodgers,8.0,2.0,False,0|0|1|1|1|0|0|3|2,0|0|1|0|0|0|1|0|0,,,140.0,-160.0,0.0,8.5,espn,401471215,CHC,LAD,regular,Justin Steele,Noah Syndergaard,,,,,,,,
2023,2023-04-14,Colorado Rockies,Seattle Mariners,3.0,5.0,False,1|0|0|0|0|2|0|0|0,0|2|0|3|0|0|0|0,,,160.0,-180.0,0.0,8.0,espn,401471217,COL,SEA,regular,Austin Gomber,Tommy Milone,,,,,,,,
2023,2023-04-15,Minnesota Twins,New York Yankees,1.0,6.0,False,0|0|0|0|0|0|1|0|0,0|2|1|0|1|0|2|0,,,120.0,-140.0,0.0,8.5,espn,401471233,MIN,NYY,regular,Tyler Mahle,Domingo German,,,,,,,,
2023,2023-04-15,San Francisco Giants,Detroit Tigers,6.0,7.0,False,2|2|2|0|0|0|0|0|0|0|0,0|1|0|0|2|0|0|3|0|0|1,,,-145.0,125.0,0.0,9.0,espn,401471237,SF,DET,regular,Anthony DeSclafani,Michael Lorenzen,,,,,,,,
2023,2023-04-15,Baltimore Orioles,Chicago White Sox,6.0,7.0,False,0|0|1|0|0|3|1|0|0|1,0|0|0|1|1|2|1|0|0|2,,,-110.0,-110.0,0.0,9.0,espn,401471229,BAL,CHW,regular,Kyle Gibson,Michael Kopech,,,,,,,,
2023,2023-04-15,Pittsburgh Pirates,St. Louis Cardinals,6.0,3.0,False,1|0|1|0|0|0|0|1|0|3,2|0|0|0|0|0|1|0|0|0,,,165.0,-185.0,0.0,9.0,espn,401471236,PIT,STL,regular,Roansy Contreras,Steven Matz,,,,,,,,
2023,2023-04-15,Tampa Bay Rays,Toronto Blue Jays,2.0,5.0,False,0|0|0|1|0|0|0|1|0,0|0|1|2|0|1|1|0,,,105.0,-125.0,0.0,10.0,espn,401471238,TB,TOR,regular,Calvin Faucher,Yusei Kikuchi,,,,,,,,
2023,2023-04-15,Cleveland Guardians,Washington Nationals,6.0,4.0,False,0|1|0|2|2|0|0|0|1,3|0|0|1|0|0|0|0|0,,,-170.0,150.0,0.0,9.5,espn,401471231,CLE,WSH,regular,Zach Plesac,Chad Kuhl,,,,,,,,
2023,2023-04-15,Milwaukee Brewers,San Diego Padres,3.0,10.0,False,2|0|0|1|0|0|0|0|0,2|1|0|0|2|0|3|2,,,125.0,-145.0,0.0,7.5,espn,401471240,MIL,SD,regular,Freddy Peralta,Seth Lugo,,,,,,,,
2023,2023-04-15,New York Mets,Oakland Athletics,3.0,2.0,False,0|0|0|1|0|0|2|0|0,0|2|0|0|0|0|0|0|0,,,-180.0,160.0,0.0,9.5,espn,401471234,NYM,OAK,regular,Carlos Carrasco,Shintaro Fujinami,,,,,,,,
2023,2023-04-15,Los Angeles Angels,Boston Red Sox,7.0,9.0,False,4|0|0|0|2|1|0|0|0,2|0|1|3|0|0|0|3,,,-120.0,100.0,0.0,9.5,espn,401471226,LAA,BOS,regular,Tyler Anderson,Nick Pivetta,,,,,,,,
2023,2023-04-15,Arizona Diamondbacks,Miami Marlins,2.0,3.0,False,1|0|0|0|0|0|1|0|0,0|0|0|0|1|0|2|0,,,100.0,-120.0,0.0,8.5,espn,401471227,ARI,MIA,regular,Ryne Nelson,Braxton Garrett,,,,,,,,
2023,2023-04-15,Atlanta Braves,Kansas City Royals,9.0,3.0,False,1|0|3|0|1|0|0|4|0,1|0|0|0|1|1|0|0|0,,,-140.0,120.0,0.0,8.5,espn,401471228,ATL,KC,regular,Bryce Elder,Kris Bubic,,,,,,,,
2023,2023-04-15,Philadelphia Phillies,Cincinnati Reds,0.0,13.0,False,0|0|0|0|0|0|0|0|0,0|1|3|1|3|0|0|5,,,-110.0,-110.0,0.0,9.5,espn,401471235,PHI,CIN,regular,Matt Strahm,Graham Ashcraft,,,,,,,,
2023,2023-04-15,Texas Rangers,Houston Astros,2.0,8.0,False,0|0|2|0|0|0|0|0|0,0|0|2|1|0|0|5|0,,,165.0,-185.0,0.0,7.5,espn,401471239,TEX,HOU,regular,Jon Gray,Hunter Brown,,,,,,,,
2023,2023-04-15,Chicago Cubs,Los Angeles Dodgers,1.0,2.0,False,0|0|0|0|1|0|0|0|0,0|0|0|0|0|0|0|0|2,,,125.0,-145.0,0.0,8.5,espn,401471230,CHC,LAD,regular,Jameson Taillon,Michael Grove,,,,,,,,
2023,2023-04-15,Colorado Rockies,Seattle Mariners,2.0,9.0,False,0|1|0|0|0|0|1|0|0,0|0|0|5|0|4|0|0,,,200.0,-240.0,0.0,8.0,espn,401471232,COL,SEA,regular,Ryan Feltner,George Kirby,,,,,,,,
2023,2023-04-16,Los Angeles Angels,Boston Red Sox,1.0,2.0,False,0|1|0|0|0|0|0|0|0,0|0|2|0|0|0|0|0,,,-105.0,-115.0,0.0,9.0,espn,401471241,LAA,BOS,regular,Reid Detmers,Garrett Whitlock,,,,,,,,
2023,2023-04-16,Cleveland Guardians,Washington Nationals,6.0,7.0,False,0|0|4|0|0|0|2|0|0,1|1|1|0|0|0|2|2,,,-225.0,185.0,0.0,9.0,espn,401471246,CLE,WSH,regular,Shane Bieber,Patrick Corbin,,,,,,,,
2023,2023-04-16,Minnesota Twins,New York Yankees,0.0,2.0,False,0|0|0|0|0|0|0|0|0,0|0|1|0|0|1|0|0,,,140.0,-160.0,0.0,7.0,espn,401471248,MIN,NYY,regular,Pablo Lopez,Gerrit Cole,,,,,,,,
2023,2023-04-16,Tampa Bay Rays,Toronto Blue Jays,8.0,1.0,False,3|0|0|0|4|0|0|0|1,1|0|0|0|0|0|0|0|0,,,-135.0,115.0,0.0,8.5,espn,401471253,TB,TOR,regular,Shane McClanahan,Alek Manoah,,,,,,,,
2023,2023-04-16,Arizona Diamondbacks,Miami Marlins,5.0,0.0,False,0|1|0|0|0|4|0|0|0,0|0|0|0|0|0|0|0|0,,,115.0,-135.0,0.0,7.0,espn,401471242,ARI,MIA,regular,Zac Gallen,Sandy Alcantara,,,,,,,,
2023,2023-04-16,Philadelphia Phillies,Cincinnati Reds,14.0,3.0,False,9|0|1|1|1|0|1|0|1,0|0|1|2|0|0|0|0|0,,,-200.0,170.0,0.0,9.5,espn,401471250,PHI,CIN,regular,Aaron Nola,Luis Cessa,,,,,,,,
2023,2023-04-16,Atlanta Braves,Kansas City Royals,5.0,4.0,False,0|0|3|1|0|0|0|0|1,0|0|1|0|0|1|2|0|0,,,-155.0,135.0,0.0,9.0,espn,401471243,ATL,KC,regular,Kyle Wright,Zack Greinke,,,,,,,,
2023,2023-04-16,Baltimore Orioles,Chicago White Sox,8.0,4.0,False,0|0|0|3|0|1|0|3|1,4|0|0|0|0|0|0|0|0,,,110.0,-130.0,0.0,7.5,espn,401471244,BAL,CHW,regular,Grayson Rodriguez,Dylan Cease,,,,,,,,
2023,2023-04-16,Pittsburgh Pirates,St. Louis Cardinals,4.0,5.0,False,1|1|0|0|0|1|0|0|0|1,1|0|0|0|0|2|0|0|0|2,,,135.0,-155.0,0.0,8.5,espn,401471251,PIT,STL,regular,Mitch Keller,Miles Mikolas,,,,,,,,
2023,2023-04-16,New York Mets,Oakland Athletics,4.0,3.0,False,0|1|0|0|0|1|0|0|1|1,0|0|0|0|1|0|0|2|0|0,,,-155.0,135.0,0.0,8.5,espn,401471249,NYM,OAK,regular,Jose Butto,JP Sears,,,,,,,,
2023,2023-04-16,Chicago Cubs,Los Angeles Dodgers,3.0,2.0,False,0|0|0|0|1|2|0|0|0,0|0|1|0|0|0|1|0|0,,,190.0,-230.0,0.0,8.0,espn,401471245,CHC,LAD,regular,Drew Smyly,Julio Urias,,,,,,,,
2023,2023-04-16,Colorado Rockies,Seattle Mariners,0.0,1.0,False,0|0|0|0|0|0|0|0|0,0|0|0|0|0|1|0|0,,,245.0,-305.0,0.0,8.0,espn,401471247,COL,SEA,regular,Noah Davis,Luis Castillo,,,,,,,,
2023,2023-04-16,Milwaukee Brewers,San Diego Padres,1.0,0.0,False,0|1|0|0|0|0|0|0|0,0|0|0|0|0|0|0|0|0,,,155.0,-175.0,0.0,8.0,espn,401471255,MIL,SD,regular,Wade Miley,Yu Darvish,,,,,,,,
2023,2023-04-16,Texas Rangers,Houston Astros,9.0,1.0,False,0|0|0|0|0|0|6|3|0,0|0|0|0|0|0|1|0|0,,,180.0,-220.0,0.0,8.0,espn,401471254,TEX,HOU,regular,Andrew Heaney,Framber Valdez,,,,,,,,
2023,2023-04-17,Los Angeles Angels,Boston Red Sox,5.0,4.0,False,4|1|0|0|0|0|0|0|0,1|0|0|0|0|2|0|0|1,,,-135.0,115.0,0.0,8.0,espn,401471256,LAA,BOS,regular,Shohei Ohtani,Brayan Bello,,,,,,,,
2023,2023-04-17,San Francisco Giants,Miami Marlins,3.0,4.0,False,0|1|2|0|0|0|0|0|0,0|0|1|0|0|1|2|0,,,100.0,-120.0,0.0,7.5,espn,401471263,SF,MIA,regular,Logan Webb,Jesus Luzardo,,,,,,,,
2023,2023-04-17,Tampa Bay Rays,Cincinnati Reds,1.0,8.0,False,0|0|0|0|0|0|0|0|1,0|1|0|3|0|0|2|2,,,-150.0,130.0,0.0,9.5,espn,401471264,TB,CIN,regular,Jalen Beeks,Hunter Greene,,,,,,,,
2023,2023-04-17,Texas Rangers,Kansas City Royals,4.0,0.0,False,3|0|1|0|0|0|0|0|0,0|0|0|0|0|0|0|0|0,,,-220.0,180.0,0.0,7.5,espn,401471265,TEX,KC,regular,Jacob deGrom,Jordan Lyles,,,,,,,,
2023,2023-04-17,Arizona Diamondbacks,St. Louis Cardinals,6.0,3.0,False,1|0|0|0|0|0|5|0|0,0|0|0|0|0|1|0|2|0,,,125.0,-145.0,0.0,8.5,espn,401471257,ARI,STL,regular,Merrill Kelly,Jack Flaherty,,,,,,,,
2023,2023-04-17,Toronto Blue Jays,Houston Astros,2.0,9.0,False,0|1|0|0|0|0|0|1|0,7|0|1|0|0|1|0|0,,,-115.0,-105.0,0.0,8.0,espn,401471266,TOR,HOU,regular,Kevin Gausman,Cristian Javier,,,,,,,,
2023,2023-04-17,Pittsburgh Pirates,Colorado Rockies,14.0,3.0,False,1|6|2|0|4|0|0|0|1,0|0|1|0|0|0|0|2|0,,,120.0,-140.0,0.0,11.5,espn,401471267,PIT,COL,regular,Rich Hill,Kyle Freeland,,,,,,,,
2023,2023-04-17,Chicago Cubs,Oakland Athletics,10.0,1.0,False,0|1|1|4|0|0|0|4|0,1|0|0|0|0|0|0|0|0,,,-135.0,115.0,0.0,8.0,espn,401471258,CHC,OAK,regular,Hayden Wesneski,Kyle Muller,,,,,,,,
2023,2023-04-17,Milwaukee Brewers,Seattle Mariners,7.0,3.0,False,0|3|0|0|0|1|2|0|1,0|1|0|0|0|1|0|1|0,,,-145.0,125.0,0.0,7.5,espn,401471260,MIL,SEA,regular,Corbin Burnes,Chris Flexen,,,,,,,,
2023,2023-04-17,Atlanta Braves,San Diego Padres,2.0,0.0,False,2|0|0|0|0|0|0|0|0,0|0|0|0|0|0|0|0|0,,,-145.0,125.0,0.0,8.5,espn,401471268,ATL,SD,regular,Max Fried,Ryan Weathers,,,,,,,,
2023,2023-04-17,New York Mets,Los Angeles Dodgers,8.0,6.0,False,0|2|0|3|0|0|3|0|0,1|2|0|0|2|1|0|0|0,,,120.0,-140.0,0.0,8.5,espn,401471261,NYM,LAD,regular,David Peterson,Dustin May,,,,,,,,
2023,2023-04-18,Cleveland Guardians,Detroit Tigers,3.0,4.0,False,0|0|0|3|0|0|0|0|0,1|0|0|0|2|0|0|0|1,,,-135.0,115.0,0.0,9.0,espn,401471273,CLE,DET,regular,Hunter Gaddis,Matthew Boyd,,,,,,,,
2023,2023-04-18,Philadelphia Phillies,Chicago White Sox,7.0,4.0,False,3|0|2|0|0|0|2|0|0,0|0|4|0|0|0|0|0|0,,,-130.0,110.0,0.0,8.0,espn,401542064,PHI,CHW,regular,Zack Wheeler,Lance Lynn,,,,,,,,
2023,2023-04-18,Cleveland Guardians,Detroit Tigers,0.0,1.0,False,0|0|0|0|0|0|0|0|0,0|0|0|0|0|1|0|0,,,-130.0,110.0,0.0,8.5,espn,401542111,CLE,DET,regular,Peyton Battenfield,Eduardo Rodriguez,,,,,,,,
2023,2023-04-18,San Francisco Giants,Miami Marlins,2.0,4.0,False,2|0|0|0|0|0|0|0|0,0|0|1|3|0|0|0|0,,,-110.0,-110.0,0.0,8.5,espn,401471278,SF,MIA,regular,Alex Wood,Edward Cabrera,,,,,,,,
2023,2023-04-18,Tampa Bay Rays,Cincinnati Reds,10.0,0.0,False,0|4|3|1|0|1|0|0|1,0|0|0|0|0|0|0|0|0,,,-125.0,105.0,0.0,9.0,espn,401471279,TB,CIN,regular,Taj Bradley,Nick Lodolo,,,,,,,,
2023,2023-04-18,Los Angeles Angels,New York Yankees,5.0,2.0,False,2|0|0|2|1|0|0|0|0,0|0|0|2|0|0|0|0|0,,,135.0,-155.0,0.0,9.5,espn,401471269,LAA,NYY,regular,Jose Suarez,Clarke Schmidt,,,,,,,,
2023,2023-04-18,Baltimore Orioles,Washington Nationals,1.0,0.0,False,0|0|0|1|0|0|0|0|0,0|0|0|0|0|0|0|0|0,,,-145.0,125.0,0.0,9.0,espn,401471271,BAL,WSH,regular,Dean Kremer,Josiah Gray,,,,,,,,
2023,2023-04-18,Minnesota Twins,Boston Red Sox,4.0,5.0,False,0|0|0|0|1|0|1|0|0|2,1|0|0|0|0|0|0|1|0|3,,,-110.0,-110.0,0.0,8.5,espn,401471275,MIN,BOS,regular,Sonny Gray,Chris Sale,,,,,,,,
2023,2023-04-18,Philadelphia Phillies,Chicago White Sox,0.0,3.0,False,0|0|0|0|0|0|0|0|0,3|0|0|0|0|0|0|0,,,120.0,-140.0,0.0,8.5,espn,401471277,PHI,CHW,regular,Bailey Falter,Lucas Giolito,,,,,,,,
2023,2023-04-18,Texas Rangers,Kansas City Royals,12.0,2.0,False,0|0|1|2|0|5|0|4|0,1|0|0|1|0|0|0|0|0,,,-120.0,100.0,0.0,9.0,espn,401471280,TEX,KC,regular,Nathan Eovaldi,Brad Keller,,,,,,,,
2023,2023-04-18,Arizona Diamondbacks,St. Louis Cardinals,8.0,7.0,False,0|0|1|6|0|0|1|0|0,1|1|0|0|0|1|1|0|3,,,150.0,-170.0,0.0,8.0,espn,401471270,ARI,STL,regular,Drey Jameson,Jordan Montgomery,,,,,,,,
2023,2023-04-18,Toronto Blue Jays,Houston Astros,4.0,2.0,False,0|0|0|2|2|0|0|0|0,0|0|0|0|0|0|0|2|0,,,-105.0,-115.0,0.0,9.0,espn,401471281,TOR,HOU,regular,Chris Bassitt,Jose Urquidy,,,,,,,,
2023,2023-04-18,Pittsburgh Pirates,Colorado Rockies,5.0,3.0,False,0|1|0|4|0|0|0|0|0,3|0|0|0|0|0|0|0|0,,,-110.0,-110.0,0.0,13.0,espn,401471282,PIT,COL,regular,Vince Velasquez,Jose Urena,,,,,,,,
2023,2023-04-18,Chicago Cubs,Oakland Athletics,4.0,0.0,False,0|0|0|0|0|0|0|4|0,0|0|0|0|0|0|0|0|0,,,-185.0,165.0,0.0,7.5,espn,401471272,CHC,OAK,regular,Marcus Stroman,Ken Waldichuk,,,,,,,,
2023,2023-04-18,Milwaukee Brewers,Seattle Mariners,6.0,5.0,False,1|0|2|0|0|1|0|0|0|1|1,0|0|4|0|0|0|0|0|0|1|0,,,135.0,-155.0,0.0,8.0,espn,401471274,MIL,SEA,regular,Colin Rea,Logan Gilbert,,,,,,,,
2023,2023-04-18,Atlanta Braves,San Diego Padres,8.0,1.0,False,0|1|0|1|0|0|0|3|3,0|0|0|0|0|0|0|1|0,,,-135.0,115.0,0.0,7.5,espn,401471283,ATL,SD,regular,Spencer Strider,Blake Snell,,,,,,,,
2023,2023-04-18,New York Mets,Los Angeles Dodgers,0.0,5.0,False,0|0|0|0|0|0|0|0|0,2|0|1|0|0|0|0|2,,,130.0,-150.0,0.0,8.0,espn,401471276,NYM,LAD,regular,Tylor Megill,Clayton Kershaw,,,,,,,,
2023,2023-04-19,Tampa Bay Rays,Cincinnati Reds,8.0,0.0,False,6|0|1|0|0|1|0|0|0,0|0|0|0|0|0|0|0|0,,,-275.0,225.0,0.0,10.0,espn,401471294,TB,CIN,regular,Drew Rasmussen,Levi Stoudt,,,,,,,,
2023,2023-04-19,Cleveland Guardians,Detroit Tigers,3.0,2.0,False,0|0|0|0|0|3|0|0|0,0|0|0|0|0|0|1|1|0,,,-140.0,120.0,0.0,8.0,espn,401471288,CLE,DET,regular,Cal Quantrill,Spencer Turnbull,,,,,,,,
2023,2023-04-19,San Francisco Giants,Miami Marlins,5.0,2.0,False,0|0|0|1|0|0|0|0|0|0|4,0|0|0|0|1|0|0|0|0|0|1,,,-105.0,-115.0,0.0,7.5,espn,401471293,SF,MIA,regular,Alex Cobb,Trevor Rogers,,,,,,,,
2023,2023-04-19,Arizona Diamondbacks,St. Louis Cardinals,5.0,14.0,False,0|2|1|1|0|0|0|1|0,3|0|4|0|3|4|0|0,,,175.0,-210.0,0.0,10.5,espn,401471285,ARI,STL,regular,Madison Bumgarner,Jake Woodford,,,,,,,,
2023,2023-04-19,Philadelphia Phillies,Chicago White Sox,5.0,2.0,False,1|1|1|2|0|0|0|0|0,2|0|0|0|0|0|0|0|0,,,-115.0,-105.0,0.0,8.5,espn,401471292,PHI,CHW,regular,Taijuan Walker,Mike Clevinger,,,,,,,,
2023,2023-04-19,Texas Rangers,Kansas City Royals,12.0,3.0,False,1|2|0|2|0|0|4|0|3,0|0|1|0|0|2|0|0|0,,,-105.0,-115.0,0.0,9.5,espn,401471295,TEX,KC,regular,Martin Perez,Brady Singer,,,,,,,,
2023,2023-04-19,New York Mets,Los Angeles Dodgers,5.0,3.0,False,0|0|0|0|2|0|0|1|2,0|0|0|1|0|0|0|1|1,,,-135.0,115.0,0.0,9.0,espn,401471291,NYM,LAD,regular,Max Scherzer,Noah Syndergaard,,,,,,,,
2023,2023-04-19,Pittsburgh Pirates,Colorado Rockies,14.0,3.0,False,5|4|0|0|0|3|0|0|2,0|0|0|1|0|0|0|1|1,,,-130.0,110.0,0.0,11.0,espn,401471297,PIT,COL,regular,Johan Oviedo,Austin Gomber,,,,,,,,
2023,2023-04-19,Chicago Cubs,Oakland Athletics,12.0,2.0,False,0|0|0|1|1|4|0|1|5,0|0|0|1|1|0|0|0|0,,,-160.0,140.0,0.0,7.5,espn,401471287,CHC,OAK,regular,Justin Steele,Mason Miller,,,,,,,,
2023,2023-04-19,Milwaukee Brewers,Seattle Mariners,5.0,3.0,False,0|0|0|0|0|0|5|0|0,0|0|2|0|0|0|0|0|1,,,115.0,-135.0,0.0,8.5,espn,401471289,MIL,SEA,regular,Eric Lauer,Marco Gonzales,,,,,,,,
2023,2023-04-19,Atlanta Braves,San Diego Padres,0.0,1.0,False,0|0|0|0|0|0|0|0|0,0|0|0|1|0|0|0|0,,,-120.0,100.0,0.0,9.0,espn,401471298,ATL,SD,regular,Charlie Morton,Nick Martinez,,,,,,,,
2023,2023-04-19,Los Angeles Angels,New York Yankees,2.0,3.0,False,0|0|0|0|1|0|0|1|0|0,2|0|0|0|0|0|0|0|0|1,,,115.0,-135.0,0.0,9.0,espn,401471284,LAA,NYY,regular,Griffin Canning,Jhony Brito,,,,,,,,
2023,2023-04-19,Baltimore Orioles,Washington Nationals,4.0,0.0,False,0|0|1|2|0|0|0|0|1,0|0|0|0|0|0|0|0|0,,,-145.0,125.0,0.0,8.5,espn,401471286,BAL,WSH,regular,Kyle Bradish,MacKenzie Gore,,,,,,,,
2023,2023-04-19,Minnesota Twins,Boston Red Sox,10.0,4.0,False,3|0|4|0|0|3|0|0|0,0|0|1|0|1|1|0|0|1,,,-140.0,120.0,0.0,9.0,espn,401471290,MIN,BOS,regular,Joe Ryan,Corey Kluber,,,,,,,,
2023,2023-04-19,Toronto Blue Jays,Houston Astros,1.0,8.0,False,0|0|0|0|0|0|0|1|0,0|2|0|0|0|0|0|6,,,-115.0,-105.0,0.0,9.0,espn,401471296,TOR,HOU,regular,Jose Berrios,Luis Garcia,,,,,,,,
2023,2023-04-20,Minnesota Twins,Boston Red Sox,5.0,11.0,False,0|0|0|0|1|0|2|0|2,1|0|6|0|3|0|0|1,,,100.0,-120.0,0.0,9.0,espn,401471302,MIN,BOS,regular,Kenta Maeda,Tanner Houck,,,,,,,,
2023,2023-04-20,Los Angeles Angels,New York Yankees,3.0,9.0,False,0|0|0|0|2|0|1|0|0,5|0|0|0|0|0|3|1,,,130.0,-150.0,0.0,8.0,espn,401471299,LAA,NYY,regular,Patrick Sandoval,Nestor Cortes,,,,,,,,
2023,2023-04-20,Cincinnati Reds,Pittsburgh Pirates,3.0,4.0,False,0|0|0|0|0|0|1|2|0,4|0|0|0|0|0|0|0,,,155.0,-175.0,0.0,9.5,espn,401471305,CIN,PIT,regular,Luke Weaver,Roansy Contreras,,,,,,,,
2023,2023-04-20,Colorado Rockies,Philadelphia Phillies,5.0,0.0,False,2|0|0|0|0|2|0|0|1,0|0|0|0|0|0|0|0|0,,,190.0,-230.0,0.0,9.0,espn,401471300,COL,PHI,regular,Ryan Feltner,Matt Strahm,,,,,,,,
2023,2023-04-20,Los Angeles Dodgers,Chicago Cubs,6.0,2.0,False,0|1|1|0|0|0|0|0|4,0|1|0|1|0|0|0|0|0,,,-110.0,-110.0,0.0,11.5,espn,401471301,LAD,CHC,regular,Michael Grove,Javier Assad,,,,,,,,
2023,2023-04-20,San Diego Padres,Arizona Diamondbacks,7.0,5.0,False,0|2|2|1|0|2|0|0|0,0|1|0|4|0|0|0|0|0,,,-140.0,120.0,0.0,10.5,espn,401471304,SD,ARI,regular,Michael Wacha,Ryne Nelson,,,,,,,,
2023,2023-04-20,New York Mets,San Francisco Giants,9.0,4.0,False,0|0|0|5|0|1|3|0|0,0|0|0|0|4|0|0|0|0,,,-125.0,105.0,0.0,8.5,espn,401471303,NYM,SF,regular,Kodai Senga,Sean Manaea,,,,,,,,
2023,2023-04-21,Los Angeles Dodgers,Chicago Cubs,0.0,13.0,False,0|0|0|0|0|0|0|0|0,2|1|2|0|7|1|0|0,,,-165.0,145.0,0.0,9.5,espn,401471312,LAD,CHC,regular,Julio Urias,Drew Smyly,,,,,,,,
2023,2023-04-21,Cincinnati Reds,Pittsburgh Pirates,2.0,4.0,False,0|0|0|0|2|0|0|0|0,0|2|0|0|0|1|1|0,,,125.0,-145.0,0.0,8.5,espn,401471320,CIN,PIT,regular,Graham Ashcraft,Mitch Keller,,,,,,,,
2023,2023-04-21,Chicago White Sox,Tampa Bay Rays,7.0,8.0,False,0|3|3|1|0|0|0|0|0,4|0|0|1|0|0|0|0|3,,,160.0,-180.0,0.0,9.0,espn,401471307,CHW,TB,regular,Michael Kopech,Calvin Faucher,,,,,,,,
2023,2023-04-21,Colorado Rockies,Philadelphia Phillies,3.0,4.0,False,3|0|0|0|0|0|0|0|0,0|0|0|2|0|0|1|1,,,240.0,-300.0,0.0,8.5,espn,401471308,COL,PHI,regular,Noah Davis,Aaron Nola,,,,,,,,
2023,2023-04-21,Detroit Tigers,Baltimore Orioles,1.0,2.0,False,0|0|0|0|0|0|0|0|1,0|0|0|0|0|0|1|0|1,,,170.0,-200.0,0.0,9.0,espn,401471309,DET,BAL,regular,Michael Lorenzen,Tyler Wells,,,,,,,,
2023,2023-04-21,Toronto Blue Jays,New York Yankees,6.0,1.0,False,2|0|0|0|0|2|0|2|0,0|1|0|0|0|0|0|0|0,,,115.0,-135.0,0.0,8.5,espn,401471318,TOR,NYY,regular,Yusei Kikuchi,Domingo German,,,,,,,,
2023,2023-04-21,Houston Astros,Atlanta Braves,6.0,4.0,False,1|0|0|0|0|0|3|0|2,4|0|0|0|0|0|0|0|0,,,-105.0,-115.0,0.0,8.5,espn,401471310,HOU,ATL,regular,Hunter Brown,Bryce Elder,,,,,,,,
2023,2023-04-21,Oakland Athletics,Texas Rangers,5.0,4.0,False,0|0|0|1|2|1|0|0|1,4|0|0|0|0|0|0|0|0,,,180.0,-220.0,0.0,8.5,espn,401471315,OAK,TEX,regular,JP Sears,Jon Gray,,,,,,,,
2023,2023-04-21,Boston Red Sox,Milwaukee Brewers,5.0,3.0,False,0|0|2|0|0|2|1|0|0,0|0|1|2|0|0|0|0|0,,,145.0,-165.0,0.0,8.5,espn,401471306,BOS,MIL,regular,Nick Pivetta,Freddy Peralta,,,,,,,,
2023,2023-04-21,Washington Nationals,Minnesota Twins,3.0,2.0,False,0|0|0|0|0|0|1|2|0,0|0|2|0|0|0|0|0|0,,,190.0,-230.0,0.0,7.5,espn,401471319,WSH,MIN,regular,Trevor Williams,Tyler Mahle,,,,,,,,
2023,2023-04-21,Kansas City Royals,Los Angeles Angels,0.0,2.0,False,0|0|0|0|0|0|0|0|0,0|0|2|0|0|0|0|0,,,215.0,-260.0,0.0,8.5,espn,401471311,KC,LAA,regular,Taylor Clarke,Shohei Ohtani,,,,,,,,
2023,2023-04-21,San Diego Padres,Arizona Diamondbacks,0.0,9.0,False,0|0|0|0|0|0|0|0|0,0|0|0|1|1|0|0|7,,,-115.0,-105.0,0.0,9.0,espn,401471316,SD,ARI,regular,Seth Lugo,Zac Gallen,,,,,,,,
2023,2023-04-21,St. Louis Cardinals,Seattle Mariners,2.0,5.0,False,0|2|0|0|0|0|0|0|0,0|1|0|1|0|3|0|0,,,105.0,-125.0,0.0,8.0,espn,401471317,STL,SEA,regular,Steven Matz,George Kirby,,,,,,,,
2023,2023-04-21,New York Mets,San Francisco Giants,7.0,0.0,False,0|1|0|0|3|0|0|0|3,0|0|0|0|0|0|0|0|0,,,-105.0,-115.0,0.0,9.0,espn,401471314,NYM,SF,regular,Joey Lucchesi,Anthony DeSclafani,,,,,,,,
2023,2023-04-22,Toronto Blue Jays,New York Yankees,2.0,3.0,False,0|0|0|0|0|0|0|0|2,0|0|0|0|0|0|0|2|1,,,155.0,-175.0,0.0,7.0,espn,401471333,TOR,NYY,regular,Alek Manoah,Gerrit Cole,,,,,,,,
2023,2023-04-22,Washington Nationals,Minnesota Twins,10.0,4.0,False,2|2|0|1|0|0|3|0|2,0|0|1|0|1|0|2|0|0,,,265.0,-330.0,0.0,7.0,espn,401471334,WSH,MIN,regular,Chad Kuhl,Pablo Lopez,,,,,,,,
2023,2023-04-22,Los Angeles Dodgers,Chicago Cubs,9.0,4.0,False,1|1|0|1|0|1|2|0|3,1|0|0|1|0|0|2|0|0,,,-125.0,105.0,0.0,8.5,espn,401471327,LAD,CHC,regular,Dustin May,Hayden Wesneski,,,,,,,,
2023,2023-04-22,Colorado Rockies,Philadelphia Phillies,3.0,4.0,False,0|0|1|1|1|0|0|0|0,0|1|2|0|0|1|0|0,,,160.0,-180.0,0.0,10.5,espn,401471323,COL,PHI,regular,Kyle Freeland,Cristopher Sanchez,,,,,,,,
2023,2023-04-22,Miami Marlins,Cleveland Guardians,6.0,1.0,False,0|2|0|0|0|1|3|0|0,0|0|0|1|0|0|0|0|0,,,195.0,-235.0,0.0,8.0,espn,401471328,MIA,CLE,regular,Devin Smeltzer,Shane Bieber,,,,,,,,
2023,2023-04-22,Chicago White Sox,Tampa Bay Rays,3.0,4.0,False,0|1|0|0|1|0|0|1|0|0,2|0|0|0|1|0|0|0|0|1,,,165.0,-185.0,0.0,7.0,espn,401471322,CHW,TB,regular,Dylan Cease,Shane McClanahan,,,,,,,,
2023,2023-04-22,New York Mets,San Francisco Giants,4.0,7.0,False,0|1|1|0|0|0|0|1|1,4|2|0|0|1|0|0|0,,,115.0,-135.0,0.0,8.5,espn,401471329,NYM,SF,regular,David Peterson,Logan Webb,,,,,,,,
2023,2023-04-22,Cincinnati Reds,Pittsburgh Pirates,1.0,2.0,False,0|0|0|0|1|0|0|0|0,1|0|0|1|0|0|0|0,,,140.0,-160.0,0.0,9.0,espn,401471335,CIN,PIT,regular,Luis Cessa,Rich Hill,,,,,,,,
2023,2023-04-22,Detroit Tigers,Baltimore Orioles,1.0,5.0,False,0|0|0|0|0|0|1|0|0,0|0|4|1|0|0|0|0,,,160.0,-180.0,0.0,8.0,espn,401471324,DET,BAL,regular,Joey Wentz,Kyle Gibson,,,,,,,,
2023,2023-04-22,Oakland Athletics,Texas Rangers,3.0,18.0,False,2|0|0|0|0|0|0|1|0,2|5|4|0|2|0|3|2,,,215.0,-260.0,0.0,8.5,espn,401471330,OAK,TEX,regular,Shintaro Fujinami,Andrew Heaney,,,,,,,,
2023,2023-04-22,Boston Red Sox,Milwaukee Brewers,4.0,5.0,False,0|0|0|0|2|2|0|0|0,0|1|2|0|2|0|0|0,,,115.0,-135.0,0.0,8.5,espn,401471321,BOS,MIL,regular,Garrett Whitlock,Wade Miley,,,,,,,,
2023,2023-04-22,Houston Astros,Atlanta Braves,6.0,3.0,False,0|0|0|0|0|4|0|1|1,0|0|0|1|0|2|0|0|0,,,100.0,-120.0,0.0,8.5,espn,401471325,HOU,ATL,regular,Framber Valdez,Kyle Wright,,,,,,,,
2023,2023-04-22,San Diego Padres,Arizona Diamondbacks,5.0,3.0,False,2|0|0|0|0|2|0|1|0,1|0|2|0|0|0|0|0|0,,,-145.0,125.0,0.0,9.5,espn,401471331,SD,ARI,regular,Joe Musgrove,Merrill Kelly,,,,,,,,
2023,2023-04-22,Miami Marlins,Cleveland Guardians,3.0,2.0,False,0|0|0|1|0|2|0|0|0,1|0|0|0|0|0|1|0|0,,,115.0,-135.0,0.0,7.5,espn,401543397,MIA,CLE,regular,Braxton Garrett,Zach Plesac,,,,,,,,
2023,2023-04-22,Kansas City Royals,Los Angeles Angels,11.0,8.0,False,0|0|1|2|0|3|0|0|5,0|0|1|1|2|2|0|2|0,,,150.0,-170.0,0.0,9.5,espn,401471326,KC,LAA,regular,Zack Greinke,Tyler Anderson,,,,,,,,
2023,2023-04-22,St. Louis Cardinals,Seattle Mariners,4.0,5.0,False,1|0|2|0|0|0|0|0|1,0|1|0|0|0|2|2|0,,,150.0,-170.0,0.0,7.5,espn,401471332,STL,SEA,regular,Miles Mikolas,Luis Castillo,,,,,,,,
2023,2023-04-23,Colorado Rockies,Philadelphia Phillies,3.0,9.0,False,0|0|0|3|0|0|0|0|0,1|0|1|2|0|0|3|2,,,255.0,-315.0,0.0,8.5,espn,401471338,COL,PHI,regular,Jose Urena,Zack Wheeler,,,,,,,,
2023,2023-04-23,Detroit Tigers,Baltimore Orioles,1.0,2.0,False,0|0|0|0|0|0|0|1|0|0,0|0|0|0|0|0|0|1|0|1,,,145.0,-165.0,0.0,7.5,espn,401471339,DET,BAL,regular,Eduardo Rodriguez,Grayson Rodriguez,,,,,,,,
2023,2023-04-23,Houston Astros,Atlanta Braves,5.0,2.0,False,0|0|0|0|0|0|0|2|3,0|0|0|0|1|1|0|0|0,,,115.0,-135.0,0.0,8.0,espn,401471340,HOU,ATL,regular,Cristian Javier,Max Fried,,,,,,,,
2023,2023-04-23,Toronto Blue Jays,New York Yankees,5.0,1.0,False,0|0|0|0|0|3|1|0|1,0|0|0|0|0|0|0|0|1,,,-135.0,115.0,0.0,8.5,espn,401471348,TOR,NYY,regular,Kevin Gausman,Clarke Schmidt,,,,,,,,
2023,2023-04-23,Cincinnati Reds,Pittsburgh Pirates,0.0,2.0,False,0|0|0|0|0|0|0|0|0,1|0|0|0|0|0|0|1,,,-110.0,-110.0,0.0,7.5,espn,401471350,CIN,PIT,regular,Hunter Greene,Vince Velasquez,,,,,,,,
2023,2023-04-23,Chicago White Sox,Tampa Bay Rays,1.0,4.0,False,0|0|0|1|0|0|0|0|0,0|3|1|0|0|0|0|0,,,165.0,-185.0,0.0,8.0,espn,401471337,CHW,TB,regular,Lucas Giolito,Zach Eflin,,,,,,,,
2023,2023-04-23,Miami Marlins,Cleveland Guardians,4.0,7.0,False,0|0|1|0|0|0|0|3|0,0|0|3|0|1|0|2|1,,,100.0,-120.0,0.0,7.5,espn,401471343,MIA,CLE,regular,Jesus Luzardo,Logan Allen,,,,,,,,
2023,2023-04-23,Boston Red Sox,Milwaukee Brewers,12.0,5.0,False,1|2|0|0|0|0|0|9|0,0|0|0|1|2|0|1|1|0,,,145.0,-165.0,0.0,8.0,espn,401471336,BOS,MIL,regular,Brayan Bello,Corbin Burnes,,,,,,,,
2023,2023-04-23,Washington Nationals,Minnesota Twins,1.0,3.0,False,1|0|0|0|0|0|0|0|0,0|0|0|2|1|0|0|0,,,220.0,-270.0,0.0,8.5,espn,401471349,WSH,MIN,regular,Patrick Corbin,Bailey Ober,,,,,,,,
2023,2023-04-23,Los Angeles Dodgers,Chicago Cubs,7.0,3.0,False,0|0|2|0|0|3|0|0|2,2|0|0|0|1|0|0|0|0,,,-140.0,120.0,0.0,7.0,espn,401471342,LAD,CHC,regular,Clayton Kershaw,Marcus Stroman,,,,,,,,
2023,2023-04-23,Oakland Athletics,Texas Rangers,2.0,5.0,False,0|0|0|0|2|0|0|0|0,0|3|0|1|0|0|0|1,,,280.0,-360.0,0.0,7.5,espn,401471345,OAK,TEX,regular,Kyle Muller,Jacob deGrom,,,,,,,,
2023,2023-04-23,Kansas City Royals,Los Angeles Angels,3.0,4.0,False,1|0|0|0|0|1|1|0|0,1|0|0|0|0|3|0|0,,,180.0,-220.0,0.0,9.5,espn,401471341,KC,LAA,regular,Jordan Lyles,Reid Detmers,,,,,,,,
2023,2023-04-23,San Diego Padres,Arizona Diamondbacks,7.0,5.0,False,3|0|1|0|1|0|2|0|0,0|0|0|1|0|0|2|2|0,,,-155.0,135.0,0.0,9.0,espn,401471346,SD,ARI,regular,Yu Darvish,Drey Jameson,,,,,,,,
2023,2023-04-23,St. Louis Cardinals,Seattle Mariners,7.0,3.0,False,2|0|1|3|0|0|1|0|0,0|3|0|0|0|0|0|0|0,,,-110.0,-110.0,0.0,9.0,espn,401471347,STL,SEA,regular,Jack Flaherty,Chris Flexen,,,,,,,,
2023,2023-04-23,New York Mets,San Francisco Giants,4.0,5.0,False,0|0|1|2|0|1|0|0|0,1|1|0|2|0|0|0|1,,,-125.0,105.0,0.0,9.0,espn,401471344,NYM,SF,regular,Tylor Megill,Ross Stripling,,,,,,,,
2023,2023-04-24,Colorado Rockies,Cleveland Guardians,6.0,0.0,False,1|0|0|4|1|0|0|0|0,0|0|0|0|0|0|0|0|0,,,170.0,-200.0,0.0,8.0,espn,401471353,COL,CLE,regular,Austin Gomber,Cal Quantrill,,,,,,,,
2023,2023-04-24,Boston Red Sox,Baltimore Orioles,4.0,5.0,False,0|1|3|0|0|0|0|0|0,0|0|1|3|1|0|0|0,,,-120.0,100.0,0.0,8.5,espn,401471351,BOS,BAL,regular,Chris Sale,Dean Kremer,,,,,,,,
2023,2023-04-24,Houston Astros,Tampa Bay Rays,3.0,8.0,False,2|0|1|0|0|0|0|0|0,2|0|4|0|0|1|1|0,,,170.0,-200.0,0.0,8.5,espn,401471355,HOU,TB,regular,Jose Urquidy,Taj Bradley,,,,,,,,
2023,2023-04-24,Texas Rangers,Cincinnati Reds,6.0,7.0,False,0|3|2|1|0|0|0|0|0,1|0|3|0|0|0|0|2|1,,,-115.0,-105.0,0.0,8.0,espn,401471361,TEX,CIN,regular,Nathan Eovaldi,Nick Lodolo,,,,,,,,
2023,2023-04-24,Chicago White Sox,Toronto Blue Jays,2.0,5.0,False,0|0|2|0|0|0|0|0|0,0|0|0|4|0|0|1|0,,,135.0,-155.0,0.0,9.0,espn,401471352,CHW,TOR,regular,Lance Lynn,Chris Bassitt,,,,,,,,
2023,2023-04-24,Miami Marlins,Atlanta Braves,0.0,11.0,False,0|0|0|0|0|0|0|0|0,0|0|1|2|2|3|0|3,,,225.0,-275.0,0.0,7.5,espn,401471357,MIA,ATL,regular,Edward Cabrera,Spencer Strider,,,,,,,,
2023,2023-04-24,Detroit Tigers,Milwaukee Brewers,4.0,2.0,False,0|0|3|0|1|0|0|0|0,1|0|1|0|0|0|0|0|0,,,135.0,-155.0,0.0,8.5,espn,401471354,DET,MIL,regular,Matthew Boyd,Colin Rea,,,,,,,,
2023,2023-04-24,New York Yankees,Minnesota Twins,1.0,6.0,False,0|0|0|0|0|0|0|0|1,0|0|3|1|0|1|0|1,,,135.0,-155.0,0.0,8.0,espn,401471358,NYY,MIN,regular,Jhony Brito,Sonny Gray,,,,,,,,
2023,2023-04-24,Oakland Athletics,Los Angeles Angels,11.0,10.0,False,2|3|2|0|0|0|0|0|1|3,0|1|1|0|0|5|1|0|0|2,,,175.0,-210.0,0.0,10.5,espn,401471359,OAK,LAA,regular,Ken Waldichuk,Jose Suarez,,,,,,,,
2023,2023-04-24,Kansas City Royals,Arizona Diamondbacks,4.0,5.0,False,1|0|1|0|1|0|0|1|0,0|2|2|0|0|0|0|1,,,135.0,-155.0,0.0,10.0,espn,401471356,KC,ARI,regular,Brad Keller,Tommy Henry,,,,,,,,
2023,2023-04-24,St. Louis Cardinals,San Francisco Giants,0.0,4.0,False,0|0|0|0|0|0|0|0|0,0|0|0|0|0|0|4|0,,,-105.0,-115.0,0.0,8.0,espn,401471360,STL,SF,regular,Jordan Montgomery,Alex Cobb,,,,,,,,
2023,2023-04-25,Colorado Rockies,Cleveland Guardians,5.0,1.0,False,1|3|0|0|0|1|0|0|0,0|0|0|0|0|1|0|0|0,,,175.0,-210.0,0.0,8.0,espn,401471364,COL,CLE,regular,Ryan Feltner,Peyton Battenfield,,,,,,,,
2023,2023-04-25,Boston Red Sox,Baltimore Orioles,8.0,6.0,False,0|3|4|0|0|0|0|1|0,0|0|0|0|1|0|0|0|5,,,140.0,-160.0,0.0,9.0,espn,401471362,BOS,BAL,regular,Corey Kluber,Kyle Bradish,,,,,,,,
2023,2023-04-25,Los Angeles Dodgers,Pittsburgh Pirates,8.0,7.0,False,2|0|0|0|1|2|0|3|0,1|2|0|4|0|0|0|0|0,,,-115.0,-105.0,0.0,8.0,espn,401471376,LAD,PIT,regular,Noah Syndergaard,Johan Oviedo,,,,,,,,
2023,2023-04-25,Houston Astros,Tampa Bay Rays,5.0,0.0,False,0|0|0|0|5|0|0|0|0,0|0|0|0|0|0|0|0|0,,,160.0,-180.0,0.0,7.5,espn,401471366,HOU,TB,regular,Luis Garcia,Drew Rasmussen,,,,,,,,
2023,2023-04-25,Seattle Mariners,Philadelphia Phillies,5.0,3.0,False,0|0|0|0|2|2|1|0|0,0|0|0|0|1|1|0|0|1,,,105.0,-125.0,0.0,9.0,espn,401471372,SEA,PHI,regular,Marco Gonzales,Bailey Falter,,,,,,,,
2023,2023-04-25,Texas Rangers,Cincinnati Reds,6.0,7.0,False,1|0|0|1|3|1|0|0|0,0|0|0|0|0|0|1|6,,,-130.0,110.0,0.0,9.5,espn,401471374,TEX,CIN,regular,Martin Perez,Luke Weaver,,,,,,,,
2023,2023-04-25,Chicago White Sox,Toronto Blue Jays,0.0,7.0,False,0|0|0|0|0|0|0|0|0,0|3|0|3|0|1|0|0,,,170.0,-200.0,0.0,9.0,espn,401471363,CHW,TOR,regular,Mike Clevinger,Jose Berrios,,,,,,,,
2023,2023-04-25,Washington Nationals,New York Mets,5.0,0.0,False,0|1|1|0|0|3|0|0|0,0|0|0|0|0|0|0|0|0,,,175.0,-210.0,0.0,8.5,espn,401471375,WSH,NYM,regular,Josiah Gray,Jose Butto,,,,,,,,
2023,2023-04-25,Miami Marlins,Atlanta Braves,4.0,7.0,False,0|0|1|0|0|0|0|2|1,1|0|0|3|0|1|0|2,,,200.0,-240.0,0.0,9.0,espn,401471368,MIA,ATL,regular,Bryan Hoeing,Charlie Morton,,,,,,,,
2023,2023-04-25,Detroit Tigers,Milwaukee Brewers,4.0,3.0,False,0|4|0|0|0|0|0|0|0,0|0|1|1|0|1|0|0|0,,,150.0,-170.0,0.0,8.5,espn,401471365,DET,MIL,regular,Spencer Turnbull,Eric Lauer,,,,,,,,
2023,2023-04-25,New York Yankees,Minnesota Twins,2.0,6.0,False,1|0|0|0|1|0|0|0|0,0|0|2|0|0|4|0|0,,,110.0,-130.0,0.0,6.5,espn,401471369,NYY,MIN,regular,Nestor Cortes,Joe Ryan,,,,,,,,
2023,2023-04-25,San Diego Padres,Chicago Cubs,0.0,6.0,False,0|0|0|0|0|0|0|0|0,0|2|0|0|0|0|0|4,,,-110.0,-110.0,0.0,7.0,espn,401471371,SD,CHC,regular,Blake Snell,Justin Steele,,,,,,,,
2023,2023-04-25,Oakland Athletics,Los Angeles Angels,3.0,5.0,False,1|0|0|0|1|1|0|0|0,4|0|0|0|0|1|0|0,,,145.0,-165.0,0.0,9.5,espn,401471370,OAK,LAA,regular,Mason Miller,Griffin Canning,,,,,,,,
2023,2023-04-25,Kansas City Royals,Arizona Diamondbacks,5.0,4.0,False,1|0|0|1|2|0|0|1|0,0|0|0|1|0|0|1|2|0,,,125.0,-145.0,0.0,9.5,espn,401471367,KC,ARI,regular,Brady Singer,Ryne Nelson,,,,,,,,
2023,2023-04-25,St. Louis Cardinals,San Francisco Giants,4.0,5.0,False,0|0|1|0|0|0|0|3|0,0|1|0|1|0|0|0|0|3,,,-105.0,-115.0,0.0,9.5,espn,401471373,STL,SF,regular,Jake Woodford,John Brebbia,,,,,,,,
2023,2023-04-26,Texas Rangers,Cincinnati Reds,3.0,5.0,False,0|0|0|0|2|0|0|0|1,0|2|0|0|1|0|0|0|2,,,-110.0,-110.0,0.0,8.5,espn,401471389,TEX,CIN,regular,Jon Gray,Graham Ashcraft,,,,,,,,
2023,2023-04-26,Boston Red Sox,Baltimore Orioles,2.0,6.0,False,0|1|0|0|0|1|0|0|0,1|0|0|3|0|1|0|1,,,110.0,-130.0,0.0,8.5,espn,401471377,BOS,BAL,regular,Tanner Houck,Tyler Wells,,,,,,,,
2023,2023-04-26,Chicago White Sox,Toronto Blue Jays,0.0,8.0,False,0|0|0|0|0|0|0|0|0,0|0|3|1|0|0|3|1,,,170.0,-200.0,0.0,10.0,espn,401471378,CHW,TOR,regular,Michael Kopech,Yusei Kikuchi,,,,,,,,
2023,2023-04-26,Colorado Rockies,Cleveland Guardians,1.0,4.0,False,0|0|0|0|0|1|0|0|0,2|0|0|1|0|0|0|1,,,160.0,-180.0,0.0,7.5,espn,401471379,COL,CLE,regular,German Marquez,Tanner Bibee,,,,,,,,
2023,2023-04-26,New York Yankees,Minnesota Twins,12.0,6.0,False,0|5|0|6|0|0|0|1|0,0|1|0|2|0|2|1|0|0,,,-110.0,-110.0,0.0,7.5,espn,401471384,NYY,MIN,regular,Domingo German,Kenta Maeda,,,,,,,,
2023,2023-04-26,Detroit Tigers,Milwaukee Brewers,2.0,6.0,False,0|0|0|2|0|0|0|0|0,3|0|2|0|0|0|0|1,,,185.0,-225.0,0.0,8.0,espn,401471380,DET,MIL,regular,Michael Lorenzen,Freddy Peralta,,,,,,,,
2023,2023-04-26,Kansas City Royals,Arizona Diamondbacks,0.0,2.0,False,0|0|0|0|0|0|0|0|0,0|0|0|1|1|0|0|0,,,225.0,-275.0,0.0,8.0,espn,401471382,KC,ARI,regular,Ryan Yarbrough,Zac Gallen,,,,,,,,
2023,2023-04-26,Los Angeles Dodgers,Pittsburgh Pirates,1.0,8.0,False,0|0|0|0|0|0|0|1|0,0|0|0|0|2|1|5|0,,,-145.0,125.0,0.0,8.5,espn,401471391,LAD,PIT,regular,Tony Gonsolin,Roansy Contreras,,,,,,,,
2023,2023-04-26,Houston Astros,Tampa Bay Rays,1.0,0.0,False,1|0|0|0|0|0|0|0|0,0|0|0|0|0|0|0|0|0,,,100.0,-120.0,0.0,8.5,espn,401471381,HOU,TB,regular,Hunter Brown,Calvin Faucher,,,,,,,,
2023,2023-04-26,Seattle Mariners,Philadelphia Phillies,5.0,6.0,False,0|5|0|0|0|0|0|0|0,2|0|1|0|1|0|0|2,,,-120.0,100.0,0.0,8.5,espn,401471387,SEA,PHI,regular,Logan Gilbert,Taijuan Walker,,,,,,,,
2023,2023-04-26,Washington Nationals,New York Mets,4.0,1.0,False,0|2|0|0|0|0|1|1|0,0|0|1|0|0|0|0|0|0,,,180.0,-220.0,0.0,8.5,espn,401471390,WSH,NYM,regular,MacKenzie Gore,Kodai Senga,,,,,,,,
2023,2023-04-26,Miami Marlins,Atlanta Braves,4.0,6.0,False,0|1|1|1|0|1|0|0|0,0|0|0|0|0|2|0|4,,,125.0,-145.0,0.0,8.0,espn,401471383,MIA,ATL,regular,Sandy Alcantara,Bryce Elder,,,,,,,,
2023,2023-04-26,San Diego Padres,Chicago Cubs,5.0,3.0,False,0|0|0|2|0|0|2|0|1,0|0|0|2|1|0|0|0|0,,,-110.0,-110.0,0.0,8.0,espn,401471386,SD,CHC,regular,Michael Wacha,Drew Smyly,,,,,,,,
2023,2023-04-26,Oakland Athletics,Los Angeles Angels,3.0,11.0,False,1|0|1|0|1|0|0|0|0,0|5|1|0|2|1|0|2,,,215.0,-260.0,0.0,9.5,espn,401471385,OAK,LAA,regular,Luis Medina,Patrick Sandoval,,,,,,,,
2023,2023-04-26,St. Louis Cardinals,San Francisco Giants,3.0,7.0,False,1|0|1|0|0|0|0|0|1,0|0|0|2|1|0|2|2,,,-110.0,-110.0,0.0,8.5,espn,401471388,STL,SF,regular,Steven Matz,Anthony DeSclafani,,,,,,,,
2023,2023-04-27,Miami Marlins,Atlanta Braves,5.0,4.0,False,0|0|0|0|0|0|0|0|5,0|0|0|0|4|0|0|0|0,,,150.0,-170.0,0.0,8.5,espn,401471394,MIA,ATL,regular,Braxton Garrett,Kyle Wright,,,,,,,,
2023,2023-04-27,Los Angeles Dodgers,Pittsburgh Pirates,2.0,6.0,False,2|0|0|0|0|0|0|0|0,3|0|0|0|0|3|0|0,,,-160.0,140.0,0.0,7.5,espn,401471402,LAD,PIT,regular,Julio Urias,Mitch Keller,,,,,,,,
2023,2023-04-27,Seattle Mariners,Philadelphia Phillies,0.0,1.0,False,0|0|0|0|0|0|0|0|0,0|1|0|0|0|0|0|0,,,-110.0,-110.0,0.0,8.0,espn,401471398,SEA,PHI,regular,George Kirby,Matt Strahm,,,,,,,,
2023,2023-04-27,San Diego Padres,Chicago Cubs,2.0,5.0,False,0|1|0|0|0|0|0|1|0,0|3|0|0|1|0|1|0,,,-170.0,150.0,0.0,8.5,espn,401471397,SD,CHC,regular,Seth Lugo,Hayden Wesneski,,,,,,,,
2023,2023-04-27,St. Louis Cardinals,San Francisco Giants,6.0,0.0,False,0|0|0|0|0|0|2|3|1,0|0|0|0|0|0|0|0|0,,,135.0,-155.0,0.0,8.5,espn,401471399,STL,SF,regular,Miles Mikolas,Logan Webb,,,,,,,,
2023,2023-04-27,Oakland Athletics,Los Angeles Angels,7.0,8.0,False,0|0|0|5|0|0|0|2|0,0|0|5|0|2|1|0|0,,,265.0,-330.0,0.0,8.5,espn,401471396,OAK,LAA,regular,JP Sears,Shohei Ohtani,,,,,,,,
2023,2023-04-27,Baltimore Orioles,Detroit Tigers,7.0,4.0,False,0|0|0|0|2|0|5|0|0,0|1|2|0|0|1|0|0|0,,,-155.0,135.0,0.0,8.0,espn,401471392,BAL,DET,regular,Kyle Gibson,Joey Wentz,,,,,,,,
2023,2023-04-27,Tampa Bay Rays,Chicago White Sox,14.0,5.0,False,0|3|1|0|3|5|1|0|1,0|1|0|1|0|0|0|1|2,,,-160.0,140.0,0.0,7.0,espn,401471400,TB,CHW,regular,Shane McClanahan,Dylan Cease,,,,,,,,
2023,2023-04-27,Washington Nationals,New York Mets,8.0,9.0,False,0|0|1|0|0|2|0|5|0,0|1|0|3|0|3|0|2,,,195.0,-235.0,0.0,8.5,espn,401471401,WSH,NYM,regular,Trevor Williams,Joey Lucchesi,,,,,,,,
2023,2023-04-27,Kansas City Royals,Minnesota Twins,1.0,7.0,False,0|0|0|1|0|0|0|0|0,1|2|0|4|0|0|0|0,,,180.0,-220.0,0.0,8.0,espn,401471393,KC,MIN,regular,Zack Greinke,Tyler Mahle,,,,,,,,
2023,2023-04-27,New York Yankees,Texas Rangers,4.0,2.0,False,0|3|0|0|0|0|0|0|1,0|0|0|0|0|2|0|0|0,,,-180.0,160.0,0.0,8.0,espn,401471395,NYY,TEX,regular,Gerrit Cole,Andrew Heaney,,,,,,,,
2023,2023-04-28,Kansas City Royals,Minnesota Twins,6.0,8.0,False,1|0|0|1|0|2|2|0|0,1|2|0|4|1|0|0|0,,,215.0,-260.0,0.0,7.5,espn,401471409,KC,MIN,regular,Jordan Lyles,Pablo Lopez,,,,,,,,
2023,2023-04-28,Chicago Cubs,Miami Marlins,2.0,3.0,False,0|0|1|0|0|0|1|0|0,0|0|1|0|0|0|1|0|1,,,-115.0,-105.0,0.0,7.5,espn,401471406,CHC,MIA,regular,Marcus Stroman,Jesus Luzardo,,,,,,,,
2023,2023-04-28,Seattle Mariners,Toronto Blue Jays,2.0,3.0,False,0|1|1|0|0|0|0|0|0,0|1|1|0|0|1|0|0,,,-105.0,-115.0,0.0,8.5,espn,401471413,SEA,TOR,regular,Luis Castillo,Alek Manoah,,,,,,,,
2023,2023-04-28,Atlanta Braves,New York Mets,4.0,0.0,False,0|0|0|0|4,0|0|0|0|0,,,-135.0,115.0,0.0,7.5,espn,401471404,ATL,NYM,regular,Max Fried,David Peterson,,,,,,,,
2023,2023-04-28,Cleveland Guardians,Boston Red Sox,5.0,2.0,False,2|1|0|1|0|0|0|0|1,0|1|0|0|1|0|0|0|0,,,-130.0,110.0,0.0,9.0,espn,401471408,CLE,BOS,regular,Shane Bieber,Nick Pivetta,,,,,,,,
2023,2023-04-28,Tampa Bay Rays,Chicago White Sox,3.0,2.0,False,1|0|0|1|0|0|0|0|1,1|1|0|0|0|0|0|0|0,,,-160.0,140.0,0.0,8.5,espn,401471415,TB,CHW,regular,Zach Eflin,Lucas Giolito,,,,,,,,
2023,2023-04-28,New York Yankees,Texas Rangers,2.0,5.0,False,0|0|0|0|1|1|0|0|0,0|2|3|0|0|0|0|0,,,190.0,-230.0,0.0,7.0,espn,401471410,NYY,TEX,regular,Clarke Schmidt,Jacob deGrom,,,,,,,,
2023,2023-04-28,Los Angeles Angels,Milwaukee Brewers,1.0,2.0,False,0|0|0|1|0|0|0|0|0,1|0|0|0|0|0|0|1,,,120.0,-140.0,0.0,9.0,espn,401471403,LAA,MIL,regular,Tyler Anderson,Wade Miley,,,,,,,,
2023,2023-04-28,Philadelphia Phillies,Houston Astros,3.0,1.0,False,1|0|0|0|1|0|1|0|0,1|0|0|0|0|0|0|0|0,,,125.0,-145.0,0.0,7.0,espn,401471411,PHI,HOU,regular,Aaron Nola,Framber Valdez,,,,,,,,
2023,2023-04-28,Arizona Diamondbacks,Colorado Rockies,9.0,1.0,False,0|0|1|0|0|0|3|0|5,0|0|1|0|0|0|0|0|0,,,-125.0,105.0,0.0,11.0,espn,401471416,ARI,COL,regular,Merrill Kelly,Kyle Freeland,,,,,,,,
2023,2023-04-28,Cincinnati Reds,Oakland Athletics,11.0,7.0,False,0|3|2|0|0|0|3|1|2,1|0|0|0|0|2|2|0|2,,,-115.0,-105.0,0.0,9.0,espn,401471407,CIN,OAK,regular,Luis Cessa,Drew Rucinski,,,,,,,,
2023,2023-04-28,St. Louis Cardinals,Los Angeles Dodgers,3.0,7.0,False,2|0|0|0|0|0|0|0|1,2|0|2|0|1|0|2|0,,,115.0,-135.0,0.0,8.5,espn,401471414,STL,LAD,regular,Jack Flaherty,Dustin May,,,,,,,,
2023,2023-04-29,Baltimore Orioles,Detroit Tigers,4.0,7.0,False,0|1|0|0|0|0|0|3|0,3|1|1|0|0|0|1|1,,,-105.0,-115.0,0.0,7.5,espn,401471419,BAL,DET,regular,Dean Kremer,Eduardo Rodriguez,,,,,,,,
2023,2023-04-29,Pittsburgh Pirates,Washington Nationals,6.0,3.0,False,0|1|0|1|0|2|0|2|0,0|0|0|2|0|1|0|0|0,,,-145.0,125.0,0.0,9.5,espn,401471426,PIT,WSH,regular,Rich Hill,Patrick Corbin,,,,,,,,
2023,2023-04-29,Kansas City Royals,Minnesota Twins,3.0,2.0,False,0|0|0|0|1|0|0|1|1,0|0|0|1|0|0|1|0|0,,,200.0,-240.0,0.0,8.0,espn,401471423,KC,MIN,regular,Brad Keller,Bailey Ober,,,,,,,,
2023,2023-04-29,Seattle Mariners,Toronto Blue Jays,0.0,1.0,False,0|0|0|0|0|0|0|0|0|0,0|0|0|0|0|0|0|0|0|1,,,220.0,-270.0,0.0,9.0,espn,401471427,SEA,TOR,regular,Easton McGee,Kevin Gausman,,,,,,,,
2023,2023-04-29,Chicago Cubs,Miami Marlins,6.0,7.0,False,0|2|0|0|0|2|0|2|0,5|0|1|1|0|0|0|0,,,105.0,-125.0,0.0,9.0,espn,401471420,CHC,MIA,regular,Caleb Kilian,Edward Cabrera,,,,,,,,
2023,2023-04-29,Cincinnati Reds,Oakland Athletics,3.0,2.0,False,0|0|1|0|0|0|0|0|2,0|2|0|0|0|0|0|0|0,,,-150.0,130.0,0.0,8.0,espn,401471421,CIN,OAK,regular,Hunter Greene,Kyle Muller,,,,,,,,
2023,2023-04-29,Cleveland Guardians,Boston Red Sox,7.0,8.0,False,0|1|0|0|0|0|4|0|1|1,3|0|0|2|0|1|0|0|0|2,,,100.0,-120.0,0.0,9.0,espn,401471422,CLE,BOS,regular,Zach Plesac,Brayan Bello,,,,,,,,
2023,2023-04-29,Philadelphia Phillies,Houston Astros,6.0,1.0,False,0|0|0|2|0|2|0|2|0,0|0|0|0|0|0|0|1|0,,,115.0,-135.0,0.0,7.5,espn,401471425,PHI,HOU,regular,Zack Wheeler,Cristian Javier,,,,,,,,
2023,2023-04-29,Baltimore Orioles,Detroit Tigers,6.0,4.0,False,0|4|0|0|0|2|0|0|0,0|0|0|0|0|4|0|0|0,,,-155.0,135.0,0.0,7.5,espn,401545178,BAL,DET,regular,Grayson Rodriguez,Matthew Boyd,,,,,,,,
2023,2023-04-29,San Francisco Giants,San Diego Padres,11.0,16.0,True,0|0|2|6|0|0|3|0|0,2|1|2|2|3|0|2|4,,,165.0,-185.0,0.0,15.5,espn,401471428,SF,SD,regular,Sean Manaea,Joe Musgrove,,,,,,,,
2023,2023-04-29,Pittsburgh Pirates,Washington Nationals,16.0,1.0,False,1|1|2|4|0|4|1|0|3,0|0|0|0|0|0|0|0|1,,,-150.0,130.0,0.0,9.0,espn,401545177,PIT,WSH,regular,Vince Velasquez,Chad Kuhl,,,,,,,,
2023,2023-04-29,New York Yankees,Texas Rangers,0.0,2.0,False,0|0|0|0|0|0|0|0|0,0|0|0|0|2|0|0|0,,,140.0,-160.0,0.0,8.5,espn,401471424,NYY,TEX,regular,Jhony Brito,Nathan Eovaldi,,,,,,,,
2023,2023-04-29,Los Angeles Angels,Milwaukee Brewers,5.0,7.0,False,0|0|0|0|1|0|0|2|2,0|0|3|0|4|0|0|0,,,120.0,-140.0,0.0,8.0,espn,401471417,LAA,MIL,regular,Reid Detmers,Corbin Burnes,,,,,,,,
2023,2023-04-29,Tampa Bay Rays,Chicago White Sox,12.0,3.0,False,0|0|0|0|0|0|10|1|1,0|2|0|0|0|1|0|0|0,,,-140.0,120.0,0.0,9.5,espn,401471430,TB,CHW,regular,Calvin Faucher,Lance Lynn,,,,,,,,
2023,2023-04-29,Arizona Diamondbacks,Colorado Rockies,11.0,4.0,False,1|6|0|1|0|1|0|1|1,0|1|0|0|0|3|0|0|0,,,100.0,-120.0,0.0,12.0,espn,401471431,ARI,COL,regular,Tommy Henry,Noah Davis,,,,,,,,
2023,2023-04-29,St. Louis Cardinals,Los Angeles Dodgers,0.0,1.0,False,0|0|0|0|0|0|0|0|0,0|1|0|0|0|0|0|0,,,130.0,-150.0,0.0,8.0,espn,401471429,STL,LAD,regular,Jordan Montgomery,Clayton Kershaw,,,,,,,,
2023,2023-04-30,Chicago Cubs,Miami Marlins,3.0,4.0,False,0|0|1|1|0|1|0|0|0,0|0|2|1|0|0|0|1,,,-175.0,155.0,0.0,8.0,espn,401471435,CHC,MIA,regular,Justin Steele,Bryan Hoeing,,,,,,,,
2023,2023-04-30,Cleveland Guardians,Boston Red Sox,1.0,7.0,False,0|0|0|0|0|1|0|0|0,0|0|0|0|2|2|3|0,,,105.0,-125.0,0.0,9.0,espn,401471437,CLE,BOS,regular,Logan Allen,Chris Sale,,,,,,,,
2023,2023-04-30,Pittsburgh Pirates,Washington Nationals,2.0,7.0,False,0|0|1|0|0|0|0|0|1,2|3|2|0|0|0|0|0,,,-160.0,140.0,0.0,8.5,espn,401471441,PIT,WSH,regular,Johan Oviedo,Josiah Gray,,,,,,,,
2023,2023-04-30,Seattle Mariners,Toronto Blue Jays,10.0,8.0,False,4|0|0|0|0|1|0|2|1|2,2|3|3|0|0|0|0|0|0|0,,,175.0,-210.0,0.0,9.5,espn,401471442,SEA,TOR,regular,Marco Gonzales,Chris Bassitt,,,,,,,,
2023,2023-04-30,Baltimore Orioles,Detroit Tigers,5.0,3.0,False,0|1|1|1|1|0|0|0|1,0|0|0|0|3|0|0|0|0,,,-150.0,130.0,0.0,8.5,espn,401471434,BAL,DET,regular,Kyle Bradish,Spencer Turnbull,,,,,,,,
2023,2023-04-30,Los Angeles Angels,Milwaukee Brewers,3.0,0.0,False,0|1|1|0|0|0|1|0|0,0|0|0|0|0|0|0|0|0,,,105.0,-125.0,0.0,9.5,espn,401471432,LAA,MIL,regular,Jose Suarez,Colin Rea,,,,,,,,
2023,2023-04-30,Kansas City Royals,Minnesota Twins,4.0,8.0,False,0|0|0|0|0|1|1|0|2,0|1|7|0|0|0|0|0,,,180.0,-220.0,0.0,7.5,espn,401471438,KC,MIN,regular,Brady Singer,Sonny Gray,,,,,,,,
2023,2023-04-30,Tampa Bay Rays,Chicago White Sox,9.0,12.0,False,0|0|0|2|0|0|0|5|2,1|0|0|0|0|2|1|1|7,,,-200.0,170.0,0.0,9.0,espn,401471445,TB,CHW,regular,Drew Rasmussen,Mike Clevinger,,,,,,,,
2023,2023-04-30,New York Yankees,Texas Rangers,2.0,15.0,False,0|0|1|0|0|0|0|0|1,4|0|0|0|4|6|0|1,,,-120.0,100.0,0.0,8.0,espn,401471439,NYY,TEX,regular,Nestor Cortes,Martin Perez,,,,,,,,
2023,2023-04-30,Arizona Diamondbacks,Colorado Rockies,4.0,12.0,False,0|1|0|0|0|0|0|2|1,0|1|4|1|0|4|2|0,,,-130.0,110.0,0.0,12.0,espn,401471446,ARI,COL,regular,Ryne Nelson,Austin Gomber,,,,,,,,
2023,2023-04-30,San Francisco Giants,San Diego Padres,4.0,6.0,True,1|1|0|2|0|0|0|0|0,0|0|0|0|3|0|0|3,,,130.0,-150.0,0.0,19.5,espn,401471443,SF,SD,regular,Alex Cobb,Yu Darvish,,,,,,,,
2023,2023-04-30,Cincinnati Reds,Oakland Athletics,4.0,5.0,False,0|1|0|0|0|3|0|0|0,2|0|0|1|0|0|1|0|1,,,-150.0,130.0,0.0,8.0,espn,401471436,CIN,OAK,regular,Nick Lodolo,Ken Waldichuk,,,,,,,,
2023,2023-04-30,St. Louis Cardinals,Los Angeles Dodgers,3.0,6.0,False,0|2|0|0|1|0|0|0|0,0|1|0|2|2|0|0|1,,,125.0,-145.0,0.0,10.5,espn,401471444,STL,LAD,regular,Jake Woodford,Noah Syndergaard,,,,,,,,
2023,2023-04-30,Philadelphia Phillies,Houston Astros,3.0,4.0,False,0|1|0|0|1|0|0|1|0,1|1|0|1|1|0|0|0,,,145.0,-165.0,0.0,9.0,espn,401471440,PHI,HOU,regular,Bailey Falter,Jose Urquidy,,,,,,,,
2023,2023-05-01,Atlanta Braves,New York Mets,9.0,8.0,False,3|3|0|0|0|0|3|0|0,1|0|3|0|0|1|2|0|1,,,-200.0,170.0,0.0,8.0,espn,401471447,ATL,NYM,regular,Spencer Strider,Denyi Reyes,,,,,,,,
2023,2023-05-01,Atlanta Braves,New York Mets,3.0,5.0,False,0|0|0|0|0|3|0|0|0,0|1|0|0|1|2|0|1,,,-115.0,-105.0,0.0,9.0,espn,401545291,ATL,NYM,regular,Charlie Morton,Tylor Megill,,,,,,,,
2023,2023-05-01,Chicago Cubs,Washington Nationals,5.0,1.0,False,2|0|0|0|2|0|0|0|1,0|1|0|0|0|0|0|0|0,,,-135.0,115.0,0.0,8.5,espn,401471448,CHC,WSH,regular,Drew Smyly,MacKenzie Gore,,,,,,,,
2023,2023-05-01,Cleveland Guardians,New York Yankees,3.0,2.0,False,0|0|0|0|0|0|0|0|3,0|0|2|0|0|0|0|0|0,,,105.0,-125.0,0.0,8.5,espn,401471449,CLE,NYY,regular,Cal Quantrill,Domingo German,,,,,,,,
2023,2023-05-01,Toronto Blue Jays,Boston Red Sox,5.0,6.0,False,0|3|0|0|0|0|0|2|0,2|0|0|0|0|3|0|0|1,,,-160.0,140.0,0.0,10.0,espn,401471452,TOR,BOS,regular,Jose Berrios,Corey Kluber,,,,,,,,
2023,2023-05-01,San Francisco Giants,Houston Astros,3.0,7.0,False,0|0|2|0|0|0|0|1|0,1|0|0|0|1|0|5|0,,,170.0,-200.0,0.0,8.5,espn,401471451,SF,HOU,regular,Ross Stripling,Luis Garcia,,,,,,,,
2023,2023-05-01,Cincinnati Reds,San Diego Padres,3.0,8.0,False,0|0|2|1|0|0|0|0|0,2|0|0|1|3|0|0|2,,,180.0,-220.0,0.0,8.5,espn,401471453,CIN,SD,regular,Luke Weaver,Blake Snell,,,,,,,,
2023,2023-05-01,Philadelphia Phillies,Los Angeles Dodgers,4.0,13.0,False,0|0|0|1|2|1|0|0|0,1|3|1|3|1|0|2|2,,,155.0,-175.0,0.0,8.5,espn,401471450,PHI,LAD,regular,Taijuan Walker,Tony Gonsolin,,,,,,,,
2023,2023-05-02,Atlanta Braves,Miami Marlins,6.0,0.0,False,0|1|1|0|1|0|0|3|0,0|0|0|0|0|0|0|0|0,,,105.0,-125.0,0.0,8.0,espn,401471456,ATL,MIA,regular,Bryce Elder,Sandy Alcantara,,,,,,,,
2023,2023-05-02,Pittsburgh Pirates,Tampa Bay Rays,1.0,4.0,False,0|0|0|0|1|0|0|0|0,0|0|0|1|2|1|0|0,,,145.0,-165.0,0.0,8.5,espn,401471463,PIT,TB,regular,Roansy Contreras,Javy Guerra,,,,,,,,
2023,2023-05-02,Chicago Cubs,Washington Nationals,1.0,4.0,False,0|0|0|0|0|0|1|0|0,0|0|1|0|0|0|3|0,,,-140.0,120.0,0.0,8.5,espn,401471458,CHC,WSH,regular,Hayden Wesneski,Trevor Williams,,,,,,,,
2023,2023-05-02,Cleveland Guardians,New York Yankees,2.0,4.0,False,0|0|2|0|0|0|0|0|0,0|0|0|0|0|2|1|1,,,145.0,-165.0,0.0,7.0,espn,401471459,CLE,NYY,regular,Tanner Bibee,Gerrit Cole,,,,,,,,
2023,2023-05-02,Minnesota Twins,Chicago White Sox,2.0,3.0,False,0|0|0|0|0|1|0|1|0|0,0|0|0|0|0|0|2|0|0|1,,,-170.0,150.0,0.0,9.0,espn,401471460,MIN,CHW,regular,Joe Ryan,Michael Kopech,,,,,,,,
2023,2023-05-02,Toronto Blue Jays,Boston Red Sox,6.0,7.0,False,0|0|0|0|6|0|0|0|0,0|1|1|1|2|1|0|1,,,-140.0,120.0,0.0,9.5,espn,401471466,TOR,BOS,regular,Yusei Kikuchi,Tanner Houck,,,,,,,,
2023,2023-05-02,Baltimore Orioles,Kansas City Royals,11.0,7.0,False,0|0|0|5|2|3|0|1|0,3|0|0|0|0|1|3|0|0,,,-180.0,160.0,0.0,8.5,espn,401471457,BAL,KC,regular,Tyler Wells,Ryan Yarbrough,,,,,,,,
2023,2023-05-02,Los Angeles Angels,St. Louis Cardinals,5.0,1.0,False,4|0|0|0|0|1|0|0|0,0|0|0|0|1|0|0|0|0,,,125.0,-145.0,0.0,8.5,espn,401471454,LAA,STL,regular,Patrick Sandoval,Steven Matz,,,,,,,,
2023,2023-05-02,Arizona Diamondbacks,Texas Rangers,4.0,6.0,False,2|1|1|0|0|0|0|0|0,1|0|0|0|2|2|1|0,,,-155.0,135.0,0.0,8.0,espn,401471455,ARI,TEX,regular,Zac Gallen,Jon Gray,,,,,,,,
2023,2023-05-02,San Francisco Giants,Houston Astros,2.0,0.0,False,1|0|0|1|0|0|0|0|0,0|0|0|0|0|0|0|0|0,,,165.0,-185.0,0.0,8.0,espn,401471465,SF,HOU,regular,Anthony DeSclafani,Hunter Brown,,,,,,,,
2023,2023-05-02,Milwaukee Brewers,Colorado Rockies,2.0,3.0,False,0|0|0|0|0|2|0|0|0,0|0|1|1|0|0|0|1,,,-165.0,145.0,0.0,11.0,espn,401471467,MIL,COL,regular,Freddy Peralta,Ryan Feltner,,,,,,,,
2023,2023-05-02,Seattle Mariners,Oakland Athletics,2.0,1.0,False,0|0|0|0|0|0|0|2|0,0|0|0|0|0|1|0|0|0,,,-135.0,115.0,0.0,8.0,espn,401471464,SEA,OAK,regular,Bryce Miller,Mason Miller,,,,,,,,
2023,2023-05-02,Cincinnati Reds,San Diego Padres,2.0,1.0,False,0|0|0|0|0|0|0|1|0|1,0|0|1|0|0|0|0|0|0|0,,,165.0,-185.0,0.0,8.5,espn,401471468,CIN,SD,regular,Graham Ashcraft,Michael Wacha,,,,,,,,
2023,2023-05-02,Philadelphia Phillies,Los Angeles Dodgers,1.0,13.0,False,0|0|0|1|0|0|0|0|0,1|2|0|1|0|0|4|5,,,130.0,-150.0,0.0,8.0,espn,401471462,PHI,LAD,regular,Matt Strahm,Julio Urias,,,,,,,,
2023,2023-05-03,New York Mets,Detroit Tigers,5.0,6.0,False,0|2|0|0|3|0|0|0|0,3|0|1|0|0|0|0|2,,,-160.0,140.0,0.0,9.0,espn,401545952,NYM,DET,regular,Joey Lucchesi,Joey Wentz,,,,,,,,
2023,2023-05-03,Arizona Diamondbacks,Texas Rangers,12.0,7.0,False,0|0|3|0|3|0|5|1|0,0|1|0|1|5|0|0|0|0,,,105.0,-125.0,0.0,8.5,espn,401471470,ARI,TEX,regular,Brandon Pfaadt,Andrew Heaney,,,,,,,,
2023,2023-05-03,San Francisco Giants,Houston Astros,4.0,2.0,False,0|0|0|0|0|2|1|0|1,0|0|0|0|0|0|0|2|0,,,125.0,-145.0,0.0,7.5,espn,401471480,SF,HOU,regular,Logan Webb,Framber Valdez,,,,,,,,
2023,2023-05-03,Philadelphia Phillies,Los Angeles Dodgers,6.0,10.0,False,1|0|4|0|0|0|0|0|1,0|0|1|2|0|0|1|2|4,,,100.0,-120.0,0.0,9.0,espn,401471477,PHI,LAD,regular,Aaron Nola,Gavin Stone,,,,,,,,
2023,2023-05-03,Cincinnati Reds,San Diego Padres,1.0,7.0,False,0|0|0|0|0|1|0|0|0,0|2|0|2|0|3|0|0,,,210.0,-250.0,0.0,9.0,espn,401471482,CIN,SD,regular,Luis Cessa,Seth Lugo,,,,,,,,
2023,2023-05-03,Atlanta Braves,Miami Marlins,14.0,6.0,False,0|7|1|0|5|0|0|1|0,0|2|2|0|0|0|2|0|0,,,-140.0,120.0,0.0,8.5,espn,401471471,ATL,MIA,regular,Kyle Wright,Braxton Garrett,,,,,,,,
2023,2023-05-03,New York Mets,Detroit Tigers,1.0,8.0,False,0|0|0|1|0|0|0|0|0,2|1|0|3|0|0|0|2,,,-210.0,175.0,0.0,8.5,espn,401471476,NYM,DET,regular,Max Scherzer,Michael Lorenzen,,,,,,,,
2023,2023-05-03,Pittsburgh Pirates,Tampa Bay Rays,1.0,8.0,False,0|0|1|0|0|0|0|0|0,0|0|3|0|2|1|1|1,,,175.0,-210.0,0.0,7.0,espn,401471478,PIT,TB,regular,Mitch Keller,Shane McClanahan,,,,,,,,
2023,2023-05-03,Chicago Cubs,Washington Nationals,1.0,2.0,False,1|0|0|0|0|0|0|0|0,0|1|0|0|0|0|1|0,,,-185.0,165.0,0.0,8.0,espn,401471473,CHC,WSH,regular,Marcus Stroman,Jake Irvin,,,,,,,,
2023,2023-05-03,Cleveland Guardians,New York Yankees,3.0,4.0,False,2|0|0|0|0|0|0|0|1|0,0|0|0|0|2|0|0|0|1|1,,,-120.0,100.0,0.0,7.5,espn,401471474,CLE,NYY,regular,Shane Bieber,Clarke Schmidt,,,,,,,,
2023,2023-05-03,Minnesota Twins,Chicago White Sox,4.0,6.0,False,0|0|3|1|0|0|0|0|0,3|0|0|1|0|0|1|1,,,105.0,-125.0,0.0,7.5,espn,401471475,MIN,CHW,regular,Louis Varland,Dylan Cease,,,,,,,,
2023,2023-05-03,Toronto Blue Jays,Boston Red Sox,3.0,8.0,False,0|1|1|0|1|0|0|0|0,0|0|0|2|3|1|1|1,,,-145.0,125.0,0.0,9.5,espn,401471481,TOR,BOS,regular,Alek Manoah,Nick Pivetta,,,,,,,,
2023,2023-05-03,Baltimore Orioles,Kansas City Royals,0.0,6.0,False,0|0|0|0|0|0|0|0|0,0|0|0|1|0|1|4|0,,,-150.0,130.0,0.0,9.0,espn,401471472,BAL,KC,regular,Kyle Gibson,Zack Greinke,,,,,,,,
2023,2023-05-03,Los Angeles Angels,St. Louis Cardinals,6.0,4.0,False,0|1|2|0|0|0|0|0|3,1|0|0|3|0|0|0|0|0,,,-125.0,105.0,0.0,7.5,espn,401471469,LAA,STL,regular,Shohei Ohtani,Miles Mikolas,,,,,,,,
2023,2023-05-03,Milwaukee Brewers,Colorado Rockies,1.0,7.0,False,0|0|0|0|0|0|0|0|1,0|0|0|4|0|0|2|1,,,-115.0,-105.0,0.0,12.0,espn,401471483,MIL,COL,regular,Eric Lauer,Kyle Freeland,,,,,,,,
2023,2023-05-03,Seattle Mariners,Oakland Athletics,7.0,2.0,False,0|0|0|0|0|0|1|0|1|5,0|0|0|0|0|2|0|0|0|0,,,-185.0,165.0,0.0,7.5,espn,401471479,SEA,OAK,regular,Logan Gilbert,JP Sears,,,,,,,,
2023,2023-05-04,Chicago Cubs,Washington Nationals,3.0,4.0,False,0|0|0|0|0|0|0|3|0,0|3|0|0|0|0|0|0|1,,,-175.0,155.0,0.0,8.5,espn,401471487,CHC,WSH,regular,Jameson Taillon,Patrick Corbin,,,,,,,,
2023,2023-05-04,New York Mets,Detroit Tigers,0.0,2.0,False,0|0|0|0|0|0|0|0|0,2|0|0|0|0|0|0|0,,,-165.0,145.0,0.0,7.5,espn,401471489,NYM,DET,regular,Justin Verlander,Eduardo Rodriguez,,,,,,,,
2023,2023-05-04,Pittsburgh Pirates,Tampa Bay Rays,2.0,3.0,False,0|0|0|0|0|0|0|0|2,0|1|0|1|0|0|0|1,,,165.0,-185.0,0.0,8.0,espn,401471490,PIT,TB,regular,Vince Velasquez,Zach Eflin,,,,,,,,
2023,2023-05-04,Los Angeles Angels,St. Louis Cardinals,11.0,7.0,False,0|4|6|1|0|0|0|0|0,2|0|0|3|0|2|0|0|0,,,155.0,-175.0,0.0,8.5,espn,401471484,LAA,STL,regular,Griffin Canning,Jack Flaherty,,,,,,,,
2023,2023-05-04,Baltimore Orioles,Kansas City Royals,13.0,10.0,False,2|3|3|0|0|0|0|2|3,0|1|3|2|1|0|2|0|1,,,-185.0,165.0,0.0,9.5,espn,401471486,BAL,KC,regular,Grayson Rodriguez,Jordan Lyles,,,,,,,,
2023,2023-05-04,Minnesota Twins,Chicago White Sox,7.0,3.0,False,0|0|0|0|0|1|0|1|0|0|0|5,0|0|2|0|0|0|0|0|0|0|0|1,,,-145.0,125.0,0.0,7.5,espn,401471488,MIN,CHW,regular,Pablo Lopez,Lucas Giolito,,,,,,,,
2023,2023-05-04,Milwaukee Brewers,Colorado Rockies,6.0,9.0,False,2|0|0|0|1|1|0|0|2,0|0|0|0|0|0|4|5,,,-150.0,130.0,0.0,12.0,espn,401471493,MIL,COL,regular,Wade Miley,Connor Seabold,,,,,,,,
2023,2023-05-04,Seattle Mariners,Oakland Athletics,5.0,3.0,False,0|0|2|3|0|0|0|0|0,0|1|2|0|0|0|0|0|0,,,-250.0,210.0,0.0,8.5,espn,401471491,SEA,OAK,regular,George Kirby,Drew Rucinski,,,,,,,,
2023,2023-05-04,Atlanta Braves,Miami Marlins,6.0,3.0,False,1|2|0|1|0|0|0|0|2,2|0|0|0|1|0|0|0|0,,,-105.0,-115.0,0.0,8.5,espn,401471485,ATL,MIA,regular,Dylan Dodd,Jesus Luzardo,,,,,,,,
2023,2023-05-04,Toronto Blue Jays,Boston Red Sox,5.0,11.0,False,0|0|0|1|3|0|0|0|1,1|5|0|2|0|0|0|3,,,-210.0,175.0,0.0,8.5,espn,401471492,TOR,BOS,regular,Kevin Gausman,Brayan Bello,,,,,,,,
2023,2023-05-05,Miami Marlins,Chicago Cubs,1.0,4.0,False,0|0|0|0|0|1|0|0|0,1|0|0|0|2|0|0|1,,,145.0,-165.0,0.0,9.0,espn,401471500,MIA,CHC,regular,Edward Cabrera,Justin Steele,,,,,,,,
2023,2023-05-05,Toronto Blue Jays,Pittsburgh Pirates,4.0,0.0,False,1|0|0|1|2|0|0|0|0,0|0|0|0|0|0|0|0|0,,,-165.0,145.0,0.0,9.0,espn,401471507,TOR,PIT,regular,Chris Bassitt,Rich Hill,,,,,,,,
2023,2023-05-05,Chicago White Sox,Cincinnati Reds,5.0,4.0,False,0|0|0|0|3|2|0|0|0,0|0|1|2|1|0|0|0|0,,,105.0,-125.0,0.0,8.5,espn,401471496,CHW,CIN,regular,Lance Lynn,Hunter Greene,,,,,,,,
2023,2023-05-05,New York Yankees,Tampa Bay Rays,4.0,5.0,False,0|0|0|0|0|4|0|0|0,1|1|2|0|0|0|1|0,,,160.0,-180.0,0.0,8.5,espn,401471503,NYY,TB,regular,Jhony Brito,Yonny Chirinos,,,,,,,,
2023,2023-05-05,Boston Red Sox,Philadelphia Phillies,5.0,3.0,False,1|0|2|0|0|2|0|0|0,0|0|0|3|0|0|0|0|0,,,140.0,-160.0,0.0,8.0,espn,401471495,BOS,PHI,regular,Chris Sale,Zack Wheeler,,,,,,,,
2023,2023-05-05,Colorado Rockies,New York Mets,0.0,1.0,False,0|0|0|0|0|0|0|0|0,0|0|0|1|0|0|0|0,,,215.0,-260.0,0.0,8.0,espn,401471497,COL,NYM,regular,Antonio Senzatela,Kodai Senga,,,,,,,,
2023,2023-05-05,Minnesota Twins,Cleveland Guardians,2.0,0.0,False,0|0|0|0|0|2|0|0|0,0|0|0|0|0|0|0|0|0,,,-125.0,105.0,0.0,8.5,espn,401471502,MIN,CLE,regular,Bailey Ober,Peyton Battenfield,,,,,,,,
2023,2023-05-05,Baltimore Orioles,Atlanta Braves,9.0,4.0,False,0|0|1|1|0|0|7|0|0,1|0|0|0|0|0|0|3|0,,,180.0,-220.0,0.0,8.5,espn,401471494,BAL,ATL,regular,Dean Kremer,Max Fried,,,,,,,,
2023,2023-05-05,Oakland Athletics,Kansas City Royals,12.0,8.0,False,1|0|3|1|4|0|0|2|1,0|0|0|2|1|2|3|0|0,,,125.0,-145.0,0.0,10.0,espn,401471504,OAK,KC,regular,Kyle Muller,Brad Keller,,,,,,,,
2023,2023-05-05,Detroit Tigers,St. Louis Cardinals,5.0,4.0,False,2|0|0|0|0|0|3|0|0,0|0|1|2|0|0|0|1|0,,,190.0,-230.0,0.0,8.0,espn,401471498,DET,STL,regular,Matthew Boyd,Jordan Montgomery,,,,,,,,
2023,2023-05-05,Texas Rangers,Los Angeles Angels,4.0,5.0,False,0|0|1|2|0|0|0|1|0|0,0|0|0|0|0|0|0|1|3|1,,,110.0,-130.0,0.0,9.5,espn,401471505,TEX,LAA,regular,Dane Dunning,Tyler Anderson,,,,,,,,
2023,2023-05-05,Washington Nationals,Arizona Diamondbacks,1.0,3.0,False,1|0|0|0|0|0|0|0|0,0|0|1|2|0|0|0|0,,,165.0,-185.0,0.0,9.0,espn,401471506,WSH,ARI,regular,Josiah Gray,Merrill Kelly,,,,,,,,
2023,2023-05-05,Los Angeles Dodgers,San Diego Padres,2.0,5.0,False,1|0|0|0|0|0|1|0|0,0|0|1|0|3|0|0|1,,,-115.0,-105.0,0.0,7.5,espn,401471508,LAD,SD,regular,Clayton Kershaw,Yu Darvish,,,,,,,,
2023,2023-05-05,Houston Astros,Seattle Mariners,6.0,4.0,False,0|0|3|1|0|0|0|0|2,0|0|0|0|3|0|0|1|0,,,115.0,-135.0,0.0,7.0,espn,401471499,HOU,SEA,regular,Cristian Javier,Luis Castillo,,,,,,,,
2023,2023-05-05,Milwaukee Brewers,San Francisco Giants,4.0,6.0,False,2|0|0|0|2|0|0|0|0,2|0|0|0|3|0|0|1,,,-125.0,105.0,0.0,8.0,espn,401471501,MIL,SF,regular,Corbin Burnes,Sean Manaea,,,,,,,,
2023,2023-05-06,Detroit Tigers,St. Louis Cardinals,6.0,5.0,False,0|0|0|0|3|1|1|0|0|1,0|3|0|0|2|0|0|0|0|0,,,165.0,-185.0,0.0,9.0,espn,401471513,DET,STL,regular,Spencer Turnbull,Adam Wainwright,,,,,,,,
2023,2023-05-06,Miami Marlins,Chicago Cubs,2.0,4.0,False,1|0|1|0|0|0|0|0|0,0|0|0|1|0|0|0|3,,,160.0,-180.0,0.0,9.0,espn,401471515,MIA,CHC,regular,Matt Barnes,Drew Smyly,,,,,,,,
2023,2023-05-06,Colorado Rockies,New York Mets,5.0,2.0,False,1|1|0|0|1|2|0|0|0,1|0|1|0|0|0|0|0|0,,,180.0,-220.0,0.0,8.5,espn,401471512,COL,NYM,regular,Austin Gomber,Tylor Megill,,,,,,,,
2023,2023-05-06,New York Yankees,Tampa Bay Rays,3.0,2.0,False,0|0|0|0|0|0|0|3|0,2|0|0|0|0|0|0|0|0,,,160.0,-180.0,0.0,7.5,espn,401471518,NYY,TB,regular,Domingo German,Drew Rasmussen,,,,,,,,
2023,2023-05-06,Minnesota Twins,Cleveland Guardians,3.0,4.0,False,0|0|0|0|0|2|1|0|0,0|0|0|3|0|0|1|0,,,-110.0,-110.0,0.0,7.5,espn,401471517,MIN,CLE,regular,Sonny Gray,Logan Allen,,,,,,,,
2023,2023-05-06,Toronto Blue Jays,Pittsburgh Pirates,8.0,2.0,False,4|0|3|0|0|0|1|0|0,0|0|0|0|0|1|1|0|0,,,-135.0,115.0,0.0,8.5,espn,401471522,TOR,PIT,regular,Jose Berrios,Johan Oviedo,,,,,,,,
2023,2023-05-06,Chicago White Sox,Cincinnati Reds,3.0,5.0,False,0|1|1|1|0|0|0|0|0,1|0|0|0|3|0|1|0,,,115.0,-135.0,0.0,9.5,espn,401471511,CHW,CIN,regular,Mike Clevinger,Nick Lodolo,,,,,,,,
2023,2023-05-06,Oakland Athletics,Kansas City Royals,5.0,4.0,False,0|2|1|2|0|0|0|0|0,1|0|0|3|0|0|0|0|0,,,145.0,-165.0,0.0,10.5,espn,401471519,OAK,KC,regular,Ken Waldichuk,Brady Singer,,,,,,,,
2023,2023-05-06,Baltimore Orioles,Atlanta Braves,4.0,5.0,False,0|0|0|2|0|2|0|0|0,0|0|1|1|1|0|0|2,,,210.0,-250.0,0.0,8.0,espn,401471509,BAL,ATL,regular,Kyle Bradish,Spencer Strider,,,,,,,,
2023,2023-05-06,Boston Red Sox,Philadelphia Phillies,7.0,4.0,False,0|0|0|5|0|2|0|0|0,0|1|0|1|1|0|1|0|0,,,135.0,-155.0,0.0,9.5,espn,401471510,BOS,PHI,regular,Corey Kluber,Bailey Falter,,,,,,,,
2023,2023-05-06,Milwaukee Brewers,San Francisco Giants,1.0,4.0,False,0|0|0|0|0|0|0|0|1,0|1|2|0|0|0|1|0,,,150.0,-170.0,0.0,8.5,espn,401471516,MIL,SF,regular,Colin Rea,Alex Cobb,,,,,,,,
2023,2023-05-06,Washington Nationals,Arizona Diamondbacks,7.0,8.0,False,0|0|0|2|0|0|0|0|5,1|0|0|0|0|1|1|3|2,,,110.0,-130.0,0.0,9.5,espn,401471521,WSH,ARI,regular,MacKenzie Gore,Tommy Henry,,,,,,,,
2023,2023-05-06,Los Angeles Dodgers,San Diego Padres,2.0,1.0,False,0|0|0|2|0|0|0|0|0,0|0|0|0|0|0|0|1|0,,,115.0,-135.0,0.0,8.5,espn,401471523,LAD,SD,regular,Dustin May,Blake Snell,,,,,,,,
2023,2023-05-06,Texas Rangers,Los Angeles Angels,10.0,1.0,False,0|0|0|3|0|0|0|0|7,0|0|0|0|0|0|0|0|1,,,-105.0,-115.0,0.0,8.0,espn,401471520,TEX,LAA,regular,Nathan Eovaldi,Reid Detmers,,,,,,,,
2023,2023-05-06,Houston Astros,Seattle Mariners,5.0,7.0,False,0|0|0|2|1|0|0|0|2,0|0|0|0|0|0|0|7,,,-125.0,105.0,0.0,8.5,espn,401471514,HOU,SEA,regular,J.P. France,Marco Gonzales,,,,,,,,
2023,2023-05-07,Baltimore Orioles,Atlanta Braves,2.0,3.0,False,0|0|0|1|0|0|0|0|0|1|0|0,1|0|0|0|0|0|0|0|0|1|0|1,,,135.0,-155.0,0.0,9.0,espn,401471524,BAL,ATL,regular,Tyler Wells,Bryce Elder,,,,,,,,
2023,2023-05-07,Boston Red Sox,Philadelphia Phillies,1.0,6.0,False,0|0|0|0|1|0|0|0|0,0|0|0|2|0|2|0|2,,,105.0,-125.0,0.0,10.0,espn,401471525,BOS,PHI,regular,Tanner Houck,Taijuan Walker,,,,,,,,
2023,2023-05-07,Toronto Blue Jays,Pittsburgh Pirates,10.0,1.0,False,1|0|3|0|1|0|0|0|5,0|0|0|0|0|0|0|1|0,,,-130.0,110.0,0.0,8.5,espn,401471537,TOR,PIT,regular,Yusei Kikuchi,Roansy Contreras,,,,,,,,
2023,2023-05-07,Colorado Rockies,New York Mets,13.0,6.0,False,1|0|2|0|7|0|1|0|2,3|0|0|1|1|0|1|0|0,,,175.0,-210.0,0.0,8.5,espn,401471527,COL,NYM,regular,Ryan Feltner,Joey Lucchesi,,,,,,,,
2023,2023-05-07,Minnesota Twins,Cleveland Guardians,0.0,2.0,False,0|0|0|0|0|0|0|0|0,2|0|0|0|0|0|0|0,,,-150.0,130.0,0.0,8.5,espn,401471532,MIN,CLE,regular,Joe Ryan,Cal Quantrill,,,,,,,,
2023,2023-05-07,New York Yankees,Tampa Bay Rays,7.0,8.0,False,0|0|3|2|1|0|1|0|0|0,0|0|0|0|2|5|0|0|0|1,,,-115.0,-105.0,0.0,7.5,espn,401471533,NYY,TB,regular,Gerrit Cole,Javy Guerra,,,,,,,,
2023,2023-05-07,Oakland Athletics,Kansas City Royals,1.0,5.0,False,0|0|0|1|0|0|0|0|0,1|0|0|1|0|0|0|3,,,-115.0,-105.0,0.0,10.0,espn,401471534,OAK,KC,regular,Mason Miller,Ryan Yarbrough,,,,,,,,
2023,2023-05-07,Detroit Tigers,St. Louis Cardinals,6.0,12.0,False,0|0|0|1|0|5|0|0|0,1|1|1|0|0|7|0|2,,,167.0,-192.0,0.0,9.5,espn,401471528,DET,STL,regular,Alex Faedo,Steven Matz,,,,,,,,
2023,2023-05-07,Miami Marlins,Chicago Cubs,5.0,4.0,False,0|0|0|0|1|0|0|1|0|1|0|0|1|1,0|0|0|0|0|0|0|0|2|1|0|0|1|0,,,-115.0,-105.0,0.0,7.5,espn,401471530,MIA,CHC,regular,Sandy Alcantara,Hayden Wesneski,,,,,,,,
2023,2023-05-07,Milwaukee Brewers,San Francisco Giants,7.0,3.0,False,0|2|1|0|2|0|0|0|2,0|2|0|0|0|0|0|0|1,,,120.0,-140.0,0.0,9.0,espn,401471531,MIL,SF,regular,Adrian Houser,Ross Stripling,,,,,,,,
2023,2023-05-07,Texas Rangers,Los Angeles Angels,16.0,8.0,False,0|3|4|4|0|0|5|0|0,3|0|2|2|0|0|0|0|1,,,110.0,-130.0,0.0,9.5,espn,401471535,TEX,LAA,regular,Martin Perez,Jose Suarez,,,,,,,,
2023,2023-05-07,Chicago White Sox,Cincinnati Reds,17.0,4.0,False,0|11|3|0|3|0|0|0|0,1|0|2|1|0|0|0|0|0,,,110.0,-130.0,0.0,9.5,espn,401471526,CHW,CIN,regular,Michael Kopech,Graham Ashcraft,,,,,,,,
2023,2023-05-07,Houston Astros,Seattle Mariners,1.0,3.0,False,0|0|0|0|0|0|1|0|0,0|0|2|0|1|0|0|0,,,115.0,-135.0,0.0,8.5,espn,401471529,HOU,SEA,regular,Brandon Bielak,Bryce Miller,,,,,,,,
2023,2023-05-07,Washington Nationals,Arizona Diamondbacks,9.0,8.0,False,0|1|0|0|2|0|2|1|3,0|1|0|2|4|0|1|0|0,,,130.0,-150.0,0.0,9.0,espn,401471536,WSH,ARI,regular,Trevor Williams,Ryne Nelson,,,,,,,,
2023,2023-05-07,Los Angeles Dodgers,San Diego Padres,5.0,2.0,False,0|0|0|0|0|1|0|0|1|3,2|0|0|0|0|0|0|0|0|0,,,-115.0,-105.0,0.0,8.0,espn,401471538,LAD,SD,regular,Julio Urias,Joe Musgrove,,,,,,,,
2023,2023-05-08,Detroit Tigers,Cleveland Guardians,6.0,2.0,False,0|0|3|1|0|1|0|1|0,1|0|0|1|0|0|0|0|0,,,170.0,-200.0,0.0,7.5,espn,401471540,DET,CLE,regular,Joey Wentz,Tanner Bibee,,,,,,,,
2023,2023-05-08,Tampa Bay Rays,Baltimore Orioles,3.0,0.0,False,0|1|0|0|0|0|1|0|1,0|0|0|0|0|0|0|0|0,,,-180.0,160.0,0.0,8.5,espn,401471546,TB,BAL,regular,Shane McClanahan,Kyle Gibson,,,,,,,,
2023,2023-05-08,Colorado Rockies,Pittsburgh Pirates,0.0,2.0,False,0|0|0|0|0|0|0|0|0,0|0|0|0|0|0|2|0,,,160.0,-180.0,0.0,8.5,espn,401471549,COL,PIT,regular,Kyle Freeland,Mitch Keller,,,,,,,,
2023,2023-05-08,Oakland Athletics,New York Yankees,2.0,7.0,False,0|0|0|0|0|2|0|0|0,0|0|0|0|2|3|2|0,,,165.0,-185.0,0.0,8.5,espn,401471544,OAK,NYY,regular,JP Sears,Nestor Cortes,,,,,,,,
2023,2023-05-08,Chicago White Sox,Kansas City Royals,5.0,12.0,False,0|1|2|0|0|1|0|1|0,1|0|0|2|1|8|0|0,,,-130.0,110.0,0.0,8.5,espn,401471539,CHW,KC,regular,Dylan Cease,Zack Greinke,,,,,,,,
2023,2023-05-08,Los Angeles Dodgers,Milwaukee Brewers,3.0,9.0,False,0|0|0|0|0|1|0|0|2,0|0|0|0|3|0|6|0,,,100.0,-120.0,0.0,8.5,espn,401471542,LAD,MIL,regular,Tony Gonsolin,Freddy Peralta,,,,,,,,
2023,2023-05-08,St. Louis Cardinals,Chicago Cubs,3.0,1.0,False,0|1|0|0|0|1|0|1|0,0|0|0|0|1|0|0|0|0,,,100.0,-120.0,0.0,7.5,espn,401471545,STL,CHC,regular,Miles Mikolas,Marcus Stroman,,,,,,,,
2023,2023-05-08,Houston Astros,Los Angeles Angels,4.0,6.0,False,0|0|3|0|1|0|0|0|0,0|1|2|0|1|0|0|2,,,-130.0,110.0,0.0,9.0,espn,401471541,HOU,LAA,regular,Hunter Brown,Patrick Sandoval,,,,,,,,
2023,2023-05-08,Miami Marlins,Arizona Diamondbacks,2.0,5.0,False,0|0|0|0|1|0|0|0|1,0|0|0|1|0|3|1|0,,,170.0,-200.0,0.0,8.5,espn,401471543,MIA,ARI,regular,Braxton Garrett,Zac Gallen,,,,,,,,
2023,2023-05-08,Texas Rangers,Seattle Mariners,2.0,1.0,False,0|0|0|0|0|0|2|0|0,1|0|0|0|0|0|0|0|0,,,155.0,-175.0,0.0,7.5,espn,401471547,TEX,SEA,regular,Jon Gray,Logan Gilbert,,,,,,,,
2023,2023-05-08,Washington Nationals,San Francisco Giants,5.0,1.0,False,5|0|0|0|0|0|0|0|0,0|0|0|0|0|0|0|0|1,,,180.0,-220.0,0.0,8.5,espn,401471548,WSH,SF,regular,Jake Irvin,Anthony DeSclafani,,,,,,,,
2023,2023-05-09,Detroit Tigers,Cleveland Guardians,0.0,2.0,False,0|0|0|0|0|0|0|0|0,1|0|0|0|0|0|0|1,,,170.0,-200.0,0.0,7.5,espn,401471552,DET,CLE,regular,Michael Lorenzen,Shane Bieber,,,,,,,,
2023,2023-05-09,Tampa Bay Rays,Baltimore Orioles,2.0,4.0,False,1|0|0|0|1|0|0|0|0,0|0|3|1|0|0|0|0,,,-135.0,115.0,0.0,8.0,espn,401471560,TB,BAL,regular,Zach Eflin,Grayson Rodriguez,,,,,,,,
2023,2023-05-09,Colorado Rockies,Pittsburgh Pirates,10.0,1.0,False,0|1|0|4|0|0|5|0|0,0|0|1|0|0|0|0|0|0,,,150.0,-170.0,0.0,8.5,espn,401471564,COL,PIT,regular,Connor Seabold,Luis Ortiz,,,,,,,,
2023,2023-05-09,New York Mets,Cincinnati Reds,6.0,7.0,False,0|0|1|0|0|1|2|2|0,1|2|0|1|3|0|0|0,,,-160.0,140.0,0.0,11.0,espn,401471556,NYM,CIN,regular,David Peterson,Luke Weaver,,,,,,,,
2023,2023-05-09,Toronto Blue Jays,Philadelphia Phillies,4.0,8.0,False,0|0|1|0|0|1|2|0|0,0|0|0|2|1|2|0|3,,,120.0,-140.0,0.0,9.0,espn,401471562,TOR,PHI,regular,Alek Manoah,Aaron Nola,,,,,,,,
2023,2023-05-09,Oakland Athletics,New York Yankees,5.0,10.0,False,0|1|0|1|0|0|1|2|0,0|0|5|0|2|0|2|1,,,225.0,-275.0,0.0,9.0,espn,401471557,OAK,NYY,regular,Drew Rucinski,Clarke Schmidt,,,,,,,,
2023,2023-05-09,Boston Red Sox,Atlanta Braves,3.0,9.0,False,0|0|1|0|0|1|0|1|0,4|1|0|2|1|0|0|1,,,160.0,-180.0,0.0,9.5,espn,401471550,BOS,ATL,regular,Nick Pivetta,Charlie Morton,,,,,,,,
2023,2023-05-09,Chicago White Sox,Kansas City Royals,4.0,2.0,False,0|0|0|1|0|2|1|0|0,1|0|0|0|0|1|0|0|0,,,-150.0,130.0,0.0,9.0,espn,401471551,CHW,KC,regular,Lucas Giolito,Jordan Lyles,,,,,,,,
2023,2023-05-09,Los Angeles Dodgers,Milwaukee Brewers,6.0,2.0,False,2|1|1|0|0|2|0|0|0,0|0|0|0|0|0|2|0|0,,,-125.0,105.0,0.0,9.5,espn,401471554,LAD,MIL,regular,Noah Syndergaard,Eric Lauer,,,,,,,,
2023,2023-05-09,San Diego Padres,Minnesota Twins,6.0,1.0,False,0|0|0|1|0|0|2|0|3,0|0|0|1|0|0|0|0|0,,,-105.0,-115.0,0.0,9.0,espn,401471558,SD,MIN,regular,Michael Wacha,Louis Varland,,,,,,,,
2023,2023-05-09,St. Louis Cardinals,Chicago Cubs,6.0,4.0,False,1|0|3|0|0|0|0|0|2,1|0|2|0|0|1|0|0|0,,,100.0,-120.0,0.0,8.0,espn,401471559,STL,CHC,regular,Jack Flaherty,Jameson Taillon,,,,,,,,
2023,2023-05-09,Houston Astros,Los Angeles Angels,3.0,1.0,False,0|0|0|0|3|0|0|0|0,0|0|1|0|0|0|0|0|0,,,120.0,-140.0,0.0,7.5,espn,401471553,HOU,LAA,regular,Framber Valdez,Shohei Ohtani,,,,,,,,
2023,2023-05-09,Miami Marlins,Arizona Diamondbacks,6.0,2.0,False,1|3|0|0|2|0|0|0|0,0|0|0|1|0|0|0|1|0,,,-105.0,-115.0,0.0,9.0,espn,401471555,MIA,ARI,regular,Jesus Luzardo,Brandon Pfaadt,,,,,,,,
2023,2023-05-09,Texas Rangers,Seattle Mariners,0.0,5.0,False,0|0|0|0|0|0|0|0|0,0|0|2|0|0|0|2|1,,,135.0,-155.0,0.0,7.5,espn,401471561,TEX,SEA,regular,Andrew Heaney,George Kirby,,,,,,,,
2023,2023-05-09,Washington Nationals,San Francisco Giants,1.0,4.0,False,0|0|0|0|0|1|0|0|0,2|0|0|1|0|0|1|0,,,195.0,-235.0,0.0,8.5,espn,401471563,WSH,SF,regular,Patrick Corbin,Logan Webb,,,,,,,,
2023,2023-05-10,Oakland Athletics,New York Yankees,3.0,11.0,False,0|2|0|0|0|0|1|0|0,4|0|0|0|7|0|0|0,,,200.0,-240.0,0.0,9.5,espn,401471572,OAK,NYY,regular,Kyle Muller,Jhony Brito,,,,,,,,
2023,2023-05-10,Colorado Rockies,Pittsburgh Pirates,4.0,3.0,False,0|0|0|3|0|0|1|0|0,0|1|2|0|0|0|0|0|0,,,115.0,-135.0,0.0,8.5,espn,401471579,COL,PIT,regular,Antonio Senzatela,Rich Hill,,,,,,,,
2023,2023-05-10,Detroit Tigers,Cleveland Guardians,5.0,0.0,False,2|0|3|0|0|0|0|0|0,0|0|0|0|0|0|0|0|0,,,-110.0,-110.0,0.0,7.0,espn,401471567,DET,CLE,regular,Eduardo Rodriguez,Peyton Battenfield,,,,,,,,
2023,2023-05-10,Los Angeles Dodgers,Milwaukee Brewers,8.0,1.0,False,0|0|0|2|2|4|0|0|0,0|0|0|1|0|0|0|0|0,,,-165.0,145.0,0.0,8.0,espn,401471569,LAD,MIL,regular,Clayton Kershaw,Wade Miley,,,,,,,,
2023,2023-05-10,Miami Marlins,Arizona Diamondbacks,5.0,4.0,False,0|0|0|3|1|0|0|0|1,0|0|0|4|0|0|0|0|0,,,125.0,-145.0,0.0,8.5,espn,401471570,MIA,ARI,regular,Edward Cabrera,Merrill Kelly,,,,,,,,
2023,2023-05-10,Texas Rangers,Seattle Mariners,4.0,3.0,False,0|0|3|0|0|1|0|0|0,1|0|0|0|1|0|0|1|0,,,165.0,-185.0,0.0,7.5,espn,401471576,TEX,SEA,regular,Dane Dunning,Luis Castillo,,,,,,,,
2023,2023-05-10,Washington Nationals,San Francisco Giants,11.0,6.0,False,0|4|4|1|0|1|0|0|1,0|0|1|0|0|1|0|2|2,,,140.0,-160.0,0.0,9.0,espn,401471578,WSH,SF,regular,Josiah Gray,Sean Manaea,,,,,,,,
2023,2023-05-10,Toronto Blue Jays,Philadelphia Phillies,1.0,2.0,False,0|0|0|0|1|0|0|0|0|0,0|0|0|0|0|0|0|0|1|1,,,-105.0,-115.0,0.0,8.0,espn,401471577,TOR,PHI,regular,Kevin Gausman,Zack Wheeler,,,,,,,,
2023,2023-05-10,Houston Astros,Los Angeles Angels,5.0,4.0,False,1|0|0|4|0|0|0|0|0,0|2|0|0|0|0|0|0|2,,,-125.0,105.0,0.0,9.5,espn,401471568,HOU,LAA,regular,Cristian Javier,Griffin Canning,,,,,,,,
2023,2023-05-10,Tampa Bay Rays,Baltimore Orioles,1.0,2.0,False,0|0|0|0|0|0|0|1|0,0|0|0|0|0|2|0|0,,,-115.0,-105.0,0.0,9.5,espn,401471575,TB,BAL,regular,Jalen Beeks,Dean Kremer,,,,,,,,
2023,2023-05-10,New York Mets,Cincinnati Reds,2.0,1.0,False,0|1|0|1|0|0|0|0|0,1|0|0|0|0|0|0|0|0,,,-155.0,135.0,0.0,9.0,espn,401471571,NYM,CIN,regular,Justin Verlander,Hunter Greene,,,,,,,,
2023,2023-05-10,Boston Red Sox,Atlanta Braves,5.0,2.0,False,0|0|0|2|0|0|1|0|2,0|0|0|0|0|2|0|0|0,,,150.0,-170.0,0.0,9.5,espn,401471565,BOS,ATL,regular,Brayan Bello,Dylan Lee,,,,,,,,
2023,2023-05-10,Chicago White Sox,Kansas City Royals,1.0,9.0,False,0|1|0|0|0|0|0|0|0,4|0|0|1|2|1|1|0,,,-155.0,135.0,0.0,9.5,espn,401471566,CHW,KC,regular,Lance Lynn,Brad Keller,,,,,,,,
2023,2023-05-10,San Diego Padres,Minnesota Twins,3.0,4.0,False,0|0|0|0|0|0|1|1|0|1|0,1|0|1|0|0|0|0|0|0|1|1,,,110.0,-130.0,0.0,9.0,espn,401471573,SD,MIN,regular,Seth Lugo,Pablo Lopez,,,,,,,,
2023,2023-05-10,St. Louis Cardinals,Chicago Cubs,4.0,10.0,False,1|0|1|0|0|1|0|0|1,0|0|3|2|1|3|1|0,,,-115.0,-105.0,0.0,7.5,espn,401471574,STL,CHC,regular,Jordan Montgomery,Justin Steele,,,,,,,,
2023,2023-05-11,New York Mets,Cincinnati Reds,0.0,5.0,False,0|0|0|0|0|0|0|0|0,4|0|0|0|1|0|0|0,,,-200.0,170.0,0.0,10.0,espn,401471581,NYM,CIN,regular,Kodai Senga,Derek Law,,,,,,,,
2023,2023-05-11,San Diego Padres,Minnesota Twins,3.0,5.0,False,1|0|0|1|1|0|0|0|0,0|1|0|1|0|0|3|0,,,-130.0,110.0,0.0,8.0,espn,401471582,SD,MIN,regular,Yu Darvish,Bailey Ober,,,,,,,,
2023,2023-05-11,Chicago White Sox,Kansas City Royals,3.0,4.0,False,0|0|1|0|0|0|0|2|0,0|1|0|2|0|0|0|0|1,,,-105.0,-115.0,0.0,9.0,espn,401471580,CHW,KC,regular,Mike Clevinger,Brady Singer,,,,,,,,
2023,2023-05-11,Tampa Bay Rays,New York Yankees,8.0,2.0,False,0|0|0|0|1|3|1|3|0,0|0|0|0|0|0|0|0|2,,,100.0,-120.0,0.0,8.5,espn,401471584,TB,NYY,regular,Drew Rasmussen,Domingo German,,,,,,,,
2023,2023-05-11,San Francisco Giants,Arizona Diamondbacks,6.0,2.0,False,0|2|0|0|0|0|0|0|4,0|0|0|0|0|0|0|0|2,,,-145.0,125.0,0.0,9.5,espn,401471583,SF,ARI,regular,Alex Cobb,Tommy Henry,,,,,,,,
2023,2023-05-11,Texas Rangers,Oakland Athletics,4.0,0.0,False,0|0|0|0|1|2|1|0|0,0|0|0|0|0|0|0|0|0,,,-278.0,222.0,0.0,8.5,espn,401471585,TEX,OAK,regular,Nathan Eovaldi,Luis Medina,,,,,,,,
2023,2023-05-12,Cincinnati Reds,Miami Marlins,7.0,4.0,False,0|0|0|1|1|0|2|0|3,0|0|0|1|2|1|0|0|0,,,120.0,-140.0,0.0,7.5,espn,401471589,CIN,MIA,regular,Graham Ashcraft,Eury Perez,,,,,,,,
2023,2023-05-12,Seattle Mariners,Detroit Tigers,9.0,2.0,False,1|5|0|0|0|0|1|0|2,0|0|0|0|2|0|0|0|0,,,-125.0,105.0,0.0,8.5,espn,401471595,SEA,DET,regular,Marco Gonzales,Matthew Boyd,,,,,,,,
2023,2023-05-12,New York Mets,Washington Nationals,3.0,2.0,False,0|0|0|0|0|3|0|0|0,1|0|0|1|0|0|0|0|0,,,-120.0,100.0,0.0,9.5,espn,401471592,NYM,WSH,regular,Tylor Megill,MacKenzie Gore,,,,,,,,
2023,2023-05-12,Pittsburgh Pirates,Baltimore Orioles,3.0,6.0,False,0|0|1|0|0|0|1|0|1,0|0|0|0|0|1|2|3,,,135.0,-155.0,0.0,9.0,espn,401471593,PIT,BAL,regular,Johan Oviedo,Kyle Bradish,,,,,,,,
2023,2023-05-12,Tampa Bay Rays,New York Yankees,5.0,6.0,False,1|1|0|0|0|0|0|3|0,1|0|0|0|1|0|2|2,,,155.0,-175.0,0.0,8.5,espn,401471598,TB,NYY,regular,Trevor Kelley,Gerrit Cole,,,,,,,,
2023,2023-05-12,Atlanta Braves,Toronto Blue Jays,0.0,3.0,False,0|0|0|0|0|0|0|0|0,0|0|0|0|1|0|1|1,,,-155.0,135.0,0.0,8.5,espn,401471587,ATL,TOR,regular,Spencer Strider,Chris Bassitt,,,,,,,,
2023,2023-05-12,Los Angeles Angels,Cleveland Guardians,5.0,4.0,False,0|0|0|3|0|0|0|0|2,1|1|0|0|1|0|0|1|0,,,115.0,-135.0,0.0,9.0,espn,401471586,LAA,CLE,regular,Tyler Anderson,Logan Allen,,,,,,,,
2023,2023-05-12,St. Louis Cardinals,Boston Red Sox,8.0,6.0,False,2|0|0|0|0|3|0|0|3,0|0|0|2|2|0|0|2|0,,,-105.0,-115.0,0.0,11.0,espn,401471597,STL,BOS,regular,Adam Wainwright,James Paxton,,,,,,,,
2023,2023-05-12,Chicago Cubs,Minnesota Twins,6.0,2.0,False,0|0|0|1|0|0|2|0|3,0|2|0|0|0|0|0|0|0,,,135.0,-155.0,0.0,7.5,espn,401471588,CHC,MIN,regular,Drew Smyly,Sonny Gray,,,,,,,,
2023,2023-05-12,Houston Astros,Chicago White Sox,5.0,1.0,False,0|0|0|1|1|2|0|0|1,0|1|0|0|0|0|0|0|0,,,-155.0,135.0,0.0,8.5,espn,401471590,HOU,CHW,regular,J.P. France,Michael Kopech,,,,,,,,
2023,2023-05-12,Kansas City Royals,Milwaukee Brewers,1.0,5.0,False,0|0|0|0|0|0|1|0|0,1|0|1|1|0|0|2|0,,,220.0,-270.0,0.0,8.5,espn,401471591,KC,MIL,regular,Josh Taylor,Corbin Burnes,,,,,,,,
2023,2023-05-12,Philadelphia Phillies,Colorado Rockies,6.0,3.0,False,0|0|0|0|0|0|3|3|0,0|0|0|0|0|1|2|0|0,,,-130.0,115.0,0.0,11.5,espn,401471600,PHI,COL,regular,Taijuan Walker,Austin Gomber,,,,,,,,
2023,2023-05-12,San Francisco Giants,Arizona Diamondbacks,5.0,7.0,False,2|1|0|0|1|0|0|1|0,0|3|1|0|0|2|1|0,,,-115.0,-105.0,0.0,10.0,espn,401471596,SF,ARI,regular,John Brebbia,Ryne Nelson,,,,,,,,
2023,2023-05-12,Texas Rangers,Oakland Athletics,7.0,9.0,False,0|1|1|1|1|1|0|0|0|2,1|1|0|1|1|0|0|1|0|4,,,-165.0,145.0,0.0,8.5,espn,401471599,TEX,OAK,regular,Martin Perez,Ken Waldichuk,,,,,,,,
2023,2023-05-12,San Diego Padres,Los Angeles Dodgers,2.0,4.0,False,0|0|0|0|0|0|2|0|0,0|0|2|0|0|0|2|0,,,115.0,-135.0,0.0,9.0,espn,401471594,SD,LAD,regular,Blake Snell,Dustin May,,,,,,,,
2023,2023-05-13,Tampa Bay Rays,New York Yankees,8.0,9.0,False,0|1|0|0|5|0|2|0|0,0|0|0|0|4|5|0|0,,,-150.0,130.0,0.0,8.0,espn,401471613,TB,NYY,regular,Shane McClanahan,Nestor Cortes,,,,,,,,
2023,2023-05-13,Cincinnati Reds,Miami Marlins,6.0,5.0,False,0|0|0|0|3|0|0|3|0,0|0|0|1|0|1|2|0|1,,,205.0,-245.0,0.0,7.5,espn,401471604,CIN,MIA,regular,Derek Law,Sandy Alcantara,,,,,,,,
2023,2023-05-13,Seattle Mariners,Detroit Tigers,5.0,0.0,False,0|0|2|1|0|0|0|0|2,0|0|0|0|0|0|0|0|0,,,-200.0,170.0,0.0,8.5,espn,401471610,SEA,DET,regular,Bryce Miller,Alex Faedo,,,,,,,,
2023,2023-05-13,Chicago Cubs,Minnesota Twins,1.0,11.0,False,0|0|0|0|0|0|1|0|0,1|0|4|0|2|0|1|3,,,145.0,-165.0,0.0,7.5,espn,401471603,CHC,MIN,regular,Hayden Wesneski,Joe Ryan,,,,,,,,
2023,2023-05-13,Atlanta Braves,Toronto Blue Jays,2.0,5.0,False,0|2|0|0|0|0|0|0|0,0|0|0|1|1|0|2|1,,,105.0,-125.0,0.0,9.5,espn,401471602,ATL,TOR,regular,Bryce Elder,Jose Berrios,,,,,,,,
2023,2023-05-13,New York Mets,Washington Nationals,2.0,3.0,False,0|0|1|0|0|0|1|0|0,1|0|0|1|0|0|1|0,,,-145.0,125.0,0.0,9.0,espn,401471607,NYM,WSH,regular,Joey Lucchesi,Trevor Williams,,,,,,,,
2023,2023-05-13,Texas Rangers,Oakland Athletics,5.0,0.0,False,1|0|1|1|0|0|0|0|2,0|0|0|0|0|0|0|0|0,,,-170.0,150.0,0.0,9.0,espn,401471614,TEX,OAK,regular,Jon Gray,James Kaprielian,,,,,,,,
2023,2023-05-13,St. Louis Cardinals,Boston Red Sox,4.0,3.0,False,0|0|0|0|0|0|1|0|3,1|0|2|0|0|0|0|0|0,,,115.0,-135.0,0.0,10.5,espn,401471612,STL,BOS,regular,Steven Matz,Chris Sale,,,,,,,,
2023,2023-05-13,Los Angeles Angels,Cleveland Guardians,6.0,8.0,False,1|0|2|0|0|0|1|2|0,0|0|0|0|0|2|0|6,,,-130.0,110.0,0.0,8.0,espn,401471601,LAA,CLE,regular,Reid Detmers,Cal Quantrill,,,,,,,,
2023,2023-05-13,Pittsburgh Pirates,Baltimore Orioles,0.0,2.0,False,0|0|0|0|0|0|0|0|0,1|1|0|0|0|0|0|0,,,160.0,-180.0,0.0,8.5,espn,401471608,PIT,BAL,regular,Roansy Contreras,Tyler Wells,,,,,,,,
2023,2023-05-13,Kansas City Royals,Milwaukee Brewers,3.0,4.0,False,1|0|1|0|1|0|0|0|0,0|0|2|0|0|1|0|0|1,,,150.0,-170.0,0.0,9.0,espn,401471606,KC,MIL,regular,Zack Greinke,Adrian Houser,,,,,,,,
2023,2023-05-13,Houston Astros,Chicago White Sox,1.0,3.0,False,0|0|0|0|0|0|1|0|0,0|0|0|1|0|0|0|2,,,105.0,-125.0,0.0,8.5,espn,401471605,HOU,CHW,regular,Brandon Bielak,Dylan Cease,,,,,,,,
2023,2023-05-13,San Diego Padres,Los Angeles Dodgers,2.0,4.0,False,1|1|0|0|0|0|0|0|0,3|0|1|0|0|0|0|0,,,130.0,-150.0,0.0,8.5,espn,401471609,SD,LAD,regular,Joe Musgrove,Julio Urias,,,,,,,,
2023,2023-05-13,San Francisco Giants,Arizona Diamondbacks,2.0,7.0,False,1|0|0|0|0|0|0|1|0,0|0|0|0|0|4|0|3,,,155.0,-175.0,0.0,7.5,espn,401471611,SF,ARI,regular,Anthony DeSclafani,Zac Gallen,,,,,,,,
2023,2023-05-13,Philadelphia Phillies,Colorado Rockies,7.0,4.0,False,4|0|0|0|0|0|0|1|2,0|1|2|0|0|0|0|1|0,,,-140.0,120.0,0.0,11.5,espn,401471615,PHI,COL,regular,Ranger Suarez,Ryan Feltner,,,,,,,,
2023,2023-05-14,New York Mets,Washington Nationals,2.0,3.0,False,0|0|1|0|0|0|1|0|0,1|0|0|1|0|0|1|0,,,-145.0,125.0,0.0,9.0,espn,401471607,NYM,WSH,regular,Joey Lucchesi,Trevor Williams,,,,,,,,
2023,2023-05-14,Los Angeles Angels,Cleveland Guardians,3.0,4.0,False,0|0|0|0|0|0|0|1|2,0|1|0|0|0|0|0|3,,,105.0,-125.0,0.0,7.5,espn,401471616,LAA,CLE,regular,Patrick Sandoval,Tanner Bibee,,,,,,,,
2023,2023-05-14,Pittsburgh Pirates,Baltimore Orioles,4.0,0.0,False,1|0|3|0|0|0|0|0|0,0|0|0|0|0|0|0|0|0,,,-115.0,-105.0,0.0,8.0,espn,401471623,PIT,BAL,regular,Mitch Keller,Kyle Gibson,,,,,,,,
2023,2023-05-14,Tampa Bay Rays,New York Yankees,8.0,7.0,False,1|0|2|0|5|0|0|0|0,0|0|4|0|0|0|1|2|0,,,-135.0,115.0,0.0,9.0,espn,401471628,TB,NYY,regular,Zach Eflin,Clarke Schmidt,,,,,,,,
2023,2023-05-14,Atlanta Braves,Toronto Blue Jays,5.0,6.0,False,1|1|2|1|0|0|0|0|0,0|3|0|1|0|0|0|0|2,,,100.0,-120.0,0.0,9.5,espn,401471617,ATL,TOR,regular,Collin McHugh,Yusei Kikuchi,,,,,,,,
2023,2023-05-14,Cincinnati Reds,Miami Marlins,1.0,3.0,False,0|0|0|0|0|1|0|0|0,0|0|0|0|0|1|2|0,,,135.0,-155.0,0.0,8.5,espn,401471619,CIN,MIA,regular,Luke Weaver,Braxton Garrett,,,,,,,,
2023,2023-05-14,Seattle Mariners,Detroit Tigers,3.0,5.0,False,0|0|3|0|0|0|0|0|0,1|0|1|0|0|1|2|0,,,-185.0,165.0,0.0,8.5,espn,401471625,SEA,DET,regular,Logan Gilbert,Joey Wentz,,,,,,,,
2023,2023-05-14,Chicago Cubs,Minnesota Twins,3.0,16.0,False,0|0|0|1|0|0|2|0|0,1|0|7|0|0|0|1|7,,,120.0,-140.0,0.0,7.5,espn,401471618,CHC,MIN,regular,Marcus Stroman,Louis Varland,,,,,,,,
2023,2023-05-14,Houston Astros,Chicago White Sox,4.0,3.0,False,3|0|0|1|0|0|0|0|0,0|0|0|1|0|2|0|0|0,,,-135.0,115.0,0.0,7.5,espn,401471620,HOU,CHW,regular,Hunter Brown,Lucas Giolito,,,,,,,,
2023,2023-05-14,Kansas City Royals,Milwaukee Brewers,6.0,9.0,False,1|2|1|0|0|0|0|0|2,1|0|7|0|0|0|1|0,,,150.0,-170.0,0.0,9.5,espn,401471621,KC,MIL,regular,Jordan Lyles,Colin Rea,,,,,,,,
2023,2023-05-14,Philadelphia Phillies,Colorado Rockies,0.0,4.0,False,0|0|0|0|0|0|0|0|0,2|0|0|0|2|0|0|0,,,-165.0,145.0,0.0,10.5,espn,401471630,PHI,COL,regular,Aaron Nola,Kyle Freeland,,,,,,,,
2023,2023-05-14,Texas Rangers,Oakland Athletics,11.0,3.0,False,2|0|1|0|0|0|0|8|0,0|1|0|0|0|0|2|0|0,,,-150.0,130.0,0.0,9.0,espn,401471629,TEX,OAK,regular,Andrew Heaney,,,,,,,,,
2023,2023-05-14,San Diego Padres,Los Angeles Dodgers,0.0,4.0,False,0|0|0|0|0|0|0|0|0,0|0|2|0|0|2|0|0,,,135.0,-155.0,0.0,9.5,espn,401471624,SD,LAD,regular,Ryan Weathers,Tony Gonsolin,,,,,,,,
2023,2023-05-14,San Francisco Giants,Arizona Diamondbacks,1.0,2.0,False,0|0|0|1|0|0|0|0|0,0|0|0|0|1|0|0|0|1,,,-140.0,120.0,0.0,8.5,espn,401471626,SF,ARI,regular,Logan Webb,Brandon Pfaadt,,,,,,,,
2023,2023-05-14,New York Mets,Washington Nationals,8.0,2.0,False,0|0|0|0|8|0|0|0|0,0|1|0|0|0|0|0|1|0,,,-200.0,170.0,0.0,9.0,espn,401471622,NYM,WSH,regular,Max Scherzer,Jake Irvin,,,,,,,,
2023,2023-05-14,St. Louis Cardinals,Boston Red Sox,9.0,1.0,False,1|1|0|2|0|2|0|3|0,1|0|0|0|0|0|0|0|0,,,-110.0,100.0,0.0,10.0,espn,401471627,STL,BOS,regular,Miles Mikolas,Corey Kluber,,,,,,,,
2023,2023-05-15,New York Mets,Washington Nationals,3.0,10.0,False,0|1|0|0|0|1|0|0|1,1|0|2|2|1|2|1|1,,,-160.0,140.0,0.0,10.0,espn,401471638,NYM,WSH,regular,David Peterson,Patrick Corbin,,,,,,,,
2023,2023-05-15,Los Angeles Angels,Baltimore Orioles,9.0,5.0,False,0|1|2|5|1|0|0|0|0,0|2|2|0|1|0|0|0|0,,,-120.0,100.0,0.0,8.0,espn,401471631,LAA,BAL,regular,Shohei Ohtani,Grayson Rodriguez,,,,,,,,
2023,2023-05-15,New York Yankees,Toronto Blue Jays,7.0,4.0,False,3|0|0|2|0|1|0|1|0,0|0|0|0|0|0|0|4|0,,,130.0,-150.0,0.0,9.5,espn,401471637,NYY,TOR,regular,Jimmy Cordero,Alek Manoah,,,,,,,,
2023,2023-05-15,Seattle Mariners,Boston Red Sox,10.0,1.0,False,0|0|0|0|2|3|0|4|1,0|0|0|0|0|1|0|0|0,,,-125.0,105.0,0.0,10.0,espn,401471640,SEA,BOS,regular,George Kirby,Tanner Houck,,,,,,,,
2023,2023-05-15,Milwaukee Brewers,St. Louis Cardinals,1.0,18.0,False,0|0|0|0|0|0|0|1|0,3|1|0|0|0|4|0|10,,,-120.0,100.0,0.0,8.0,espn,401471635,MIL,STL,regular,Freddy Peralta,Jack Flaherty,,,,,,,,
2023,2023-05-15,Atlanta Braves,Texas Rangers,12.0,0.0,False,0|4|0|0|2|2|2|0|2,0|0|0|0|0|0|0|0|0,,,-170.0,150.0,0.0,9.0,espn,401471633,ATL,TEX,regular,Charlie Morton,Cody Bradford,,,,,,,,
2023,2023-05-15,Chicago Cubs,Houston Astros,4.0,6.0,False,0|0|0|4|0|0|0|0|0,4|0|0|0|0|0|2|0,,,170.0,-200.0,0.0,7.5,espn,401471634,CHC,HOU,regular,Jameson Taillon,Framber Valdez,,,,,,,,
2023,2023-05-15,Cincinnati Reds,Colorado Rockies,8.0,9.0,False,1|0|1|2|2|0|0|1|1,0|4|0|2|0|0|2|1,,,-125.0,105.0,0.0,10.5,espn,401471641,CIN,COL,regular,Hunter Greene,Connor Seabold,,,,,,,,
2023,2023-05-15,Arizona Diamondbacks,Oakland Athletics,5.0,2.0,False,0|2|2|1|0|0|0|0|0,0|0|1|0|0|0|0|1|0,,,-220.0,180.0,0.0,9.0,espn,401471632,ARI,OAK,regular,Merrill Kelly,Drew Rucinski,,,,,,,,
2023,2023-05-15,Kansas City Royals,San Diego Padres,0.0,4.0,False,0|0|0|0|0|0|0|0|0,1|2|0|0|0|0|1|0,,,195.0,-235.0,0.0,9.0,espn,401471642,KC,SD,regular,Brad Keller,Michael Wacha,,,,,,,,
2023,2023-05-15,Philadelphia Phillies,San Francisco Giants,3.0,6.0,False,0|2|0|0|0|1|0|0|0,0|6|0|0|0|0|0|0,,,100.0,-120.0,0.0,9.0,espn,401471639,PHI,SF,regular,Connor Brogdon,Alex Wood,,,,,,,,
2023,2023-05-15,Minnesota Twins,Los Angeles Dodgers,8.0,9.0,False,0|1|0|1|0|0|1|3|1|1|0|0,3|0|2|0|0|0|1|1|0|1|0|1,,,105.0,-125.0,0.0,8.5,espn,401471636,MIN,LAD,regular,Pablo Lopez,Noah Syndergaard,,,,,,,,
2023,2023-05-16,Los Angeles Angels,Baltimore Orioles,3.0,7.0,False,1|0|0|0|1|1|0|0|0,0|1|0|3|0|3|0|0,,,125.0,-145.0,0.0,9.5,espn,401471643,LAA,BAL,regular,Chase Silseth,Dean Kremer,,,,,,,,
2023,2023-05-16,Pittsburgh Pirates,Detroit Tigers,0.0,4.0,False,0|0|0|0|0|0|0|0|0,2|0|2|0|0|0|0|0,,,110.0,-130.0,0.0,9.0,espn,401471652,PIT,DET,regular,Luis Ortiz,Michael Lorenzen,,,,,,,,
2023,2023-05-16,Washington Nationals,Miami Marlins,4.0,5.0,False,0|0|0|0|0|1|0|3|0,0|2|0|0|0|0|0|0|3,,,145.0,-165.0,0.0,8.0,espn,401471655,WSH,MIA,regular,Josiah Gray,Jesus Luzardo,,,,,,,,
2023,2023-05-16,New York Yankees,Toronto Blue Jays,6.0,3.0,False,0|0|2|0|1|0|0|2|1,0|0|0|0|3|0|0|0|0,,,155.0,-175.0,0.0,8.0,espn,401471650,NYY,TOR,regular,Domingo German,Kevin Gausman,,,,,,,,
2023,2023-05-16,Seattle Mariners,Boston Red Sox,4.0,9.0,False,0|0|0|4|0|0|0|0|0,4|0|0|0|3|0|1|1,,,-160.0,140.0,0.0,10.5,espn,401471653,SEA,BOS,regular,Luis Castillo,Nick Pivetta,,,,,,,,
2023,2023-05-16,Tampa Bay Rays,New York Mets,8.0,5.0,False,0|0|3|1|2|1|0|1|0,0|0|0|0|1|0|2|0|2,,,135.0,-155.0,0.0,9.0,espn,401471654,TB,NYM,regular,Jalen Beeks,Justin Verlander,,,,,,,,
2023,2023-05-16,Milwaukee Brewers,St. Louis Cardinals,3.0,2.0,False,1|0|0|0|1|1|0|0|0,0|1|0|1|0|0|0|0|0,,,160.0,-180.0,0.0,8.5,espn,401471648,MIL,STL,regular,Wade Miley,Jordan Montgomery,,,,,,,,
2023,2023-05-16,Atlanta Braves,Texas Rangers,4.0,7.0,False,0|1|0|0|0|0|0|3|0,0|0|0|3|0|1|2|1,,,-110.0,-110.0,0.0,9.5,espn,401471645,ATL,TEX,regular,Jared Shuster,Dane Dunning,,,,,,,,
2023,2023-05-16,Chicago Cubs,Houston Astros,3.0,7.0,False,0|1|0|0|0|0|0|0|2,1|0|0|4|0|0|2|0,,,155.0,-175.0,0.0,7.5,espn,401471646,CHC,HOU,regular,Justin Steele,Cristian Javier,,,,,,,,
2023,2023-05-16,Cleveland Guardians,Chicago White Sox,3.0,8.0,False,0|0|0|0|0|1|0|2|0,0|0|0|0|6|1|0|1,,,-125.0,105.0,0.0,8.5,espn,401471647,CLE,CHW,regular,Shane Bieber,Lance Lynn,,,,,,,,
2023,2023-05-16,Cincinnati Reds,Colorado Rockies,3.0,1.0,False,0|0|0|0|0|0|2|1|0,0|0|0|0|0|1|0|0|0,,,115.0,-135.0,0.0,12.5,espn,401471656,CIN,COL,regular,Brandon Williamson,Chase Anderson,,,,,,,,
2023,2023-05-16,Arizona Diamondbacks,Oakland Athletics,8.0,9.0,False,2|0|0|0|4|0|2|0|0|0|0|0,1|0|1|1|1|0|4|0|0|0|0|1,,,-155.0,135.0,0.0,9.5,espn,401471644,ARI,OAK,regular,Tommy Henry,Kyle Muller,,,,,,,,
2023,2023-05-16,Kansas City Royals,San Diego Padres,5.0,4.0,False,0|5|0|0|0|0|0|0|0,0|0|0|0|2|2|0|0|0,,,170.0,-200.0,0.0,8.5,espn,401471657,KC,SD,regular,Brady Singer,Seth Lugo,,,,,,,,
2023,2023-05-16,Philadelphia Phillies,San Francisco Giants,3.0,4.0,False,0|0|0|2|0|0|0|0|1,0|0|2|2|0|0|0|0,,,-115.0,-105.0,0.0,7.5,espn,401471651,PHI,SF,regular,Zack Wheeler,Alex Cobb,,,,,,,,
2023,2023-05-16,Minnesota Twins,Los Angeles Dodgers,5.0,1.0,False,1|0|0|1|1|0|0|0|2,0|0|0|0|1|0|0|0|0,,,170.0,-200.0,0.0,7.5,espn,401471649,MIN,LAD,regular,Bailey Ober,Clayton Kershaw,,,,,,,,
2023,2023-05-17,Pittsburgh Pirates,Detroit Tigers,8.0,0.0,False,0|2|0|1|1|0|4|0|0,0|0|0|0|0|0|0|0|0,,,145.0,-165.0,0.0,7.5,espn,401471667,PIT,DET,regular,Rich Hill,Eduardo Rodriguez,,,,,,,,
2023,2023-05-17,Minnesota Twins,Los Angeles Dodgers,3.0,7.0,False,0|0|0|1|0|1|1|0|0,0|0|1|1|0|0|5|0,,,115.0,-135.0,0.0,8.5,espn,401471664,MIN,LAD,regular,Sonny Gray,Dustin May,,,,,,,,
2023,2023-05-17,Cincinnati Reds,Colorado Rockies,6.0,11.0,False,0|2|0|0|3|0|0|0|1,0|0|0|0|5|6|0|0,,,100.0,-120.0,0.0,11.5,espn,401471671,CIN,COL,regular,Graham Ashcraft,Austin Gomber,,,,,,,,
2023,2023-05-17,Arizona Diamondbacks,Oakland Athletics,5.0,3.0,False,0|1|0|0|0|2|0|0|2,0|0|0|0|0|0|3|0|0,,,-150.0,130.0,0.0,9.5,espn,401471659,ARI,OAK,regular,Ryne Nelson,Luis Medina,,,,,,,,
2023,2023-05-17,Philadelphia Phillies,San Francisco Giants,4.0,7.0,False,0|0|0|3|1|0|0|0|0,4|0|0|0|0|0|0|3,,,-115.0,-105.0,0.0,9.0,espn,401471666,PHI,SF,regular,Taijuan Walker,Ross Stripling,,,,,,,,
2023,2023-05-17,Kansas City Royals,San Diego Padres,4.0,3.0,False,0|0|0|1|0|3|0|0|0,0|0|0|0|1|2|0|0|0,,,235.0,-291.0,0.0,8.5,espn,401471672,KC,SD,regular,Carlos Hernandez,Yu Darvish,,,,,,,,
2023,2023-05-17,Los Angeles Angels,Baltimore Orioles,1.0,3.0,False,0|0|0|1|0|0|0|0|0,0|0|1|1|1|0|0|0,,,140.0,-160.0,0.0,8.5,espn,401471658,LAA,BAL,regular,Griffin Canning,Kyle Bradish,,,,,,,,
2023,2023-05-17,Washington Nationals,Miami Marlins,3.0,4.0,False,0|2|0|0|0|0|1|0|0,0|1|0|2|0|1|0|0,,,110.0,-130.0,0.0,7.5,espn,401471670,WSH,MIA,regular,MacKenzie Gore,Edward Cabrera,,,,,,,,
2023,2023-05-17,New York Yankees,Toronto Blue Jays,0.0,3.0,False,0|0|0|0|0|0|0|0|0|0,0|0|0|0|0|0|0|0|0|3,,,-115.0,-105.0,0.0,8.0,espn,401471665,NYY,TOR,regular,Gerrit Cole,Chris Bassitt,,,,,,,,
2023,2023-05-17,Seattle Mariners,Boston Red Sox,3.0,12.0,False,0|0|0|1|0|2|0|0|0,3|6|0|0|3|0|0|0,,,110.0,-130.0,0.0,9.5,espn,401471668,SEA,BOS,regular,Marco Gonzales,Brayan Bello,,,,,,,,
2023,2023-05-17,Tampa Bay Rays,New York Mets,7.0,8.0,False,0|0|0|1|0|0|1|2|1|2,0|0|0|0|0|0|2|0|3|3,,,110.0,-130.0,0.0,8.5,espn,401471669,TB,NYM,regular,Josh Fleming,Kodai Senga,,,,,,,,
2023,2023-05-17,Milwaukee Brewers,St. Louis Cardinals,0.0,3.0,False,0|0|0|0|0|0|0|0|0,1|0|0|0|0|2|0|0,,,100.0,-120.0,0.0,8.0,espn,401471663,MIL,STL,regular,Corbin Burnes,Matthew Liberatore,,,,,,,,
2023,2023-05-17,Atlanta Braves,Texas Rangers,6.0,5.0,False,0|2|0|0|0|1|0|2|1,0|0|0|3|1|0|1|0|0,,,-150.0,130.0,0.0,7.5,espn,401471660,ATL,TEX,regular,Spencer Strider,Nathan Eovaldi,,,,,,,,
2023,2023-05-17,Chicago Cubs,Houston Astros,6.0,7.0,False,3|0|2|1|0|0|0|0|0,1|0|0|0|0|0|0|2|4,,,150.0,-170.0,0.0,8.5,espn,401471661,CHC,HOU,regular,Drew Smyly,J.P. France,,,,,,,,
2023,2023-05-17,Cleveland Guardians,Chicago White Sox,2.0,7.0,False,1|0|0|0|0|0|1|0|0,0|1|0|3|1|2|0|0,,,120.0,-140.0,0.0,9.0,espn,401471662,CLE,CHW,regular,Peyton Battenfield,Mike Clevinger,,,,,,,,
2023,2023-05-18,Los Angeles Angels,Baltimore Orioles,6.0,5.0,False,1|0|2|0|0|1|0|2|0,0|0|0|0|3|0|2|0|0,,,150.0,-170.0,0.0,8.5,espn,401471673,LAA,BAL,regular,Tyler Anderson,Tyler Wells,,,,,,,,
2023,2023-05-18,Tampa Bay Rays,New York Mets,2.0,3.0,False,1|0|0|0|0|1|0|0|0,1|0|0|1|0|1|0|0,,,-110.0,-110.0,0.0,9.0,espn,401471677,TB,NYM,regular,Taj Bradley,Tylor Megill,,,,,,,,
2023,2023-05-18,Washington Nationals,Miami Marlins,3.0,5.0,False,0|0|0|1|0|0|0|2|0,0|1|1|1|0|0|1|1,,,130.0,-150.0,0.0,8.0,espn,401471678,WSH,MIA,regular,Trevor Williams,Eury Perez,,,,,,,,
2023,2023-05-18,Cleveland Guardians,Chicago White Sox,3.0,1.0,False,0|0|0|0|1|0|2|0|0,0|0|0|1|0|0|0|0|0,,,125.0,-145.0,0.0,7.5,espn,401471674,CLE,CHW,regular,Logan Allen,Dylan Cease,,,,,,,,
2023,2023-05-18,New York Yankees,Toronto Blue Jays,4.0,2.0,False,2|0|0|0|0|0|1|0|1,1|0|0|0|0|0|1|0|0,,,110.0,-130.0,0.0,9.0,espn,401471676,NYY,TOR,regular,Nestor Cortes,Jose Berrios,,,,,,,,
2023,2023-05-18,Los Angeles Dodgers,St. Louis Cardinals,8.0,16.0,False,2|0|0|0|0|5|1|0|0,0|0|6|3|0|0|0|7,,,-150.0,130.0,0.0,9.0,espn,401471675,LAD,STL,regular,Julio Urias,Adam Wainwright,,,,,,,,
2023,2023-05-19,Arizona Diamondbacks,Pittsburgh Pirates,3.0,13.0,False,0|0|1|0|0|0|2|0|0,0|1|0|7|3|0|0|2,,,-175.0,155.0,0.0,7.5,espn,401471692,ARI,PIT,regular,Zac Gallen,Johan Oviedo,,,,,,,,
2023,2023-05-19,Milwaukee Brewers,Tampa Bay Rays,0.0,1.0,False,0|0|0|0|0|0|0|0|0,0|0|0|0|0|0|0|1,,,195.0,-235.0,0.0,8.0,espn,401471687,MIL,TB,regular,Adrian Houser,Shane McClanahan,,,,,,,,
2023,2023-05-19,New York Yankees,Cincinnati Reds,6.0,2.0,False,1|0|0|0|0|2|0|0|3,0|0|0|0|0|2|0|0|0,,,-170.0,150.0,0.0,10.5,espn,401471689,NYY,CIN,regular,Clarke Schmidt,Ben Lively,,,,,,,,
2023,2023-05-19,Chicago Cubs,Philadelphia Phillies,10.0,1.0,False,0|4|0|0|4|0|0|0|2,1|0|0|0|0|0|0|0|0,,,110.0,-130.0,0.0,9.0,espn,401471680,CHC,PHI,regular,Marcus Stroman,Ranger Suarez,,,,,,,,
2023,2023-05-19,Detroit Tigers,Washington Nationals,8.0,6.0,False,3|0|3|0|1|1|0|0|0,0|0|0|0|0|3|3|0|0,,,-110.0,-110.0,0.0,8.5,espn,401471683,DET,WSH,regular,Matthew Boyd,Jake Irvin,,,,,,,,
2023,2023-05-19,Baltimore Orioles,Toronto Blue Jays,6.0,2.0,False,0|0|3|0|0|1|0|0|2,0|1|0|0|0|0|0|1|0,,,135.0,-155.0,0.0,9.5,espn,401471679,BAL,TOR,regular,Kyle Gibson,Yusei Kikuchi,,,,,,,,
2023,2023-05-19,Cleveland Guardians,New York Mets,9.0,10.0,False,3|1|0|0|1|0|2|0|0|2,0|0|0|0|2|1|4|0|0|3,,,120.0,-140.0,0.0,9.0,espn,401471681,CLE,NYM,regular,Cal Quantrill,Carlos Carrasco,,,,,,,,
2023,2023-05-19,Seattle Mariners,Atlanta Braves,2.0,6.0,False,0|0|0|0|0|0|2|0|0,1|0|0|0|0|0|2|3,,,130.0,-150.0,0.0,8.5,espn,401471691,SEA,ATL,regular,Bryce Miller,Bryce Elder,,,,,,,,
2023,2023-05-19,Colorado Rockies,Texas Rangers,2.0,7.0,False,0|0|0|0|0|2|0|0|0,0|0|0|2|5|0|0|0,,,190.0,-230.0,0.0,9.5,espn,401471682,COL,TEX,regular,Karl Kauffmann,Martin Perez,,,,,,,,
2023,2023-05-19,Kansas City Royals,Chicago White Sox,0.0,2.0,False,0|0|0|0|0|0|0|0|0,0|2|0|0|0|0|0|0,,,115.0,-135.0,0.0,9.0,espn,401471684,KC,CHW,regular,Zack Greinke,Michael Kopech,,,,,,,,
2023,2023-05-19,Oakland Athletics,Houston Astros,1.0,5.0,False,0|0|1|0|0|0|0|0|0,0|1|0|1|0|2|0|1,,,215.0,-260.0,0.0,9.5,espn,401471690,OAK,HOU,regular,Ken Waldichuk,Brandon Bielak,,,,,,,,
2023,2023-05-19,Los Angeles Dodgers,St. Louis Cardinals,5.0,0.0,False,0|0|0|0|1|0|0|4|0,0|0|0|0|0|0|0|0|0,,,-115.0,-105.0,0.0,8.5,espn,401471685,LAD,STL,regular,Tony Gonsolin,Steven Matz,,,,,,,,
2023,2023-05-19,Minnesota Twins,Los Angeles Angels,4.0,5.0,False,0|0|0|0|0|3|1|0|0,0|0|1|2|0|0|2|0,,,-145.0,125.0,0.0,8.0,espn,401471688,MIN,LAA,regular,Joe Ryan,Reid Detmers,,,,,,,,
2023,2023-05-19,Boston Red Sox,San Diego Padres,6.0,1.0,False,0|1|5|0|0|0|0|0|0,0|0|1|0|0|0|0|0|0,,,130.0,-150.0,0.0,8.0,espn,401471693,BOS,SD,regular,James Paxton,Blake Snell,,,,,,,,
2023,2023-05-19,Miami Marlins,San Francisco Giants,3.0,4.0,False,0|0|0|0|0|2|0|1|0,0|0|0|1|0|3|0|0,,,105.0,-125.0,0.0,7.5,espn,401471686,MIA,SF,regular,Sandy Alcantara,Anthony DeSclafani,,,,,,,,
2023,2023-05-20,Kansas City Royals,Chicago White Sox,1.0,5.0,False,1|0|0|0|0|0|0|0|0,2|0|0|0|0|3|0|0,,,170.0,-200.0,0.0,9.0,espn,401471699,KC,CHW,regular,Jordan Lyles,Lucas Giolito,,,,,,,,
2023,2023-05-20,Baltimore Orioles,Toronto Blue Jays,6.0,5.0,False,0|1|1|0|0|0|0|3|0|1,0|0|0|0|2|1|2|0|0|0,,,110.0,-130.0,0.0,9.5,espn,401471694,BAL,TOR,regular,Grayson Rodriguez,Alek Manoah,,,,,,,,
2023,2023-05-20,Chicago Cubs,Philadelphia Phillies,3.0,12.0,False,0|0|0|0|0|2|0|1|0,6|0|2|0|2|0|1|1,,,135.0,-155.0,0.0,9.0,espn,401471695,CHC,PHI,regular,Jameson Taillon,Aaron Nola,,,,,,,,
2023,2023-05-20,Colorado Rockies,Texas Rangers,5.0,11.0,False,0|0|0|1|0|0|0|3|1,4|4|0|0|1|2|0|0,,,170.0,-200.0,0.0,8.5,espn,401471697,COL,TEX,regular,Kyle Freeland,Jon Gray,,,,,,,,
2023,2023-05-20,Detroit Tigers,Washington Nationals,2.0,5.0,False,2|0|0|0|0|0|0|0|0,0|0|0|1|2|1|0|1,,,100.0,-120.0,0.0,9.5,espn,401471698,DET,WSH,regular,Alex Faedo,Patrick Corbin,,,,,,,,
2023,2023-05-20,Miami Marlins,San Francisco Giants,1.0,0.0,False,0|0|0|0|0|0|0|1|0,0|0|0|0|0|0|0|0|0,,,155.0,-175.0,0.0,7.5,espn,401471701,MIA,SF,regular,Braxton Garrett,Logan Webb,,,,,,,,
2023,2023-05-20,Arizona Diamondbacks,Pittsburgh Pirates,4.0,3.0,False,1|0|0|0|0|1|2|0|0,0|0|3|0|0|0|0|0|0,,,130.0,-150.0,0.0,8.5,espn,401471707,ARI,PIT,regular,Brandon Pfaadt,Mitch Keller,,,,,,,,
2023,2023-05-20,Milwaukee Brewers,Tampa Bay Rays,4.0,8.0,False,0|0|1|2|0|0|0|1|0,1|3|0|2|0|0|2|0,,,175.0,-210.0,0.0,8.5,espn,401471702,MIL,TB,regular,Eric Lauer,Zach Eflin,,,,,,,,
2023,2023-05-20,New York Yankees,Cincinnati Reds,7.0,4.0,False,0|0|1|0|3|0|0|0|0|3,1|0|1|2|0|0|0|0|0|0,,,-150.0,130.0,0.0,10.5,espn,401471704,NYY,CIN,regular,Jhony Brito,Luke Weaver,,,,,,,,
2023,2023-05-20,Oakland Athletics,Houston Astros,2.0,3.0,False,0|0|0|1|0|1|0|0|0,2|0|0|0|0|0|0|1,,,250.0,-311.0,0.0,8.5,espn,401471705,OAK,HOU,regular,JP Sears,Hunter Brown,,,,,,,,
2023,2023-05-20,Los Angeles Dodgers,St. Louis Cardinals,5.0,6.0,False,0|0|0|0|0|3|0|0|2,1|2|0|0|0|0|0|3,,,115.0,-135.0,0.0,9.0,espn,401471700,LAD,STL,regular,Noah Syndergaard,Miles Mikolas,,,,,,,,
2023,2023-05-20,Seattle Mariners,Atlanta Braves,7.0,3.0,False,0|0|0|3|2|0|2|0|0,2|0|0|0|0|0|0|1|0,,,115.0,-135.0,0.0,9.0,espn,401471706,SEA,ATL,regular,Logan Gilbert,Jesse Chavez,,,,,,,,
2023,2023-05-20,Minnesota Twins,Los Angeles Angels,6.0,2.0,False,3|0|0|0|0|1|2|0|0,0|0|0|1|0|1|0|0|0,,,110.0,-130.0,0.0,8.5,espn,401471703,MIN,LAA,regular,Louis Varland,Patrick Sandoval,,,,,,,,
2023,2023-05-20,Boston Red Sox,San Diego Padres,4.0,2.0,False,0|3|0|1|0|0|0|0|0,0|1|0|0|0|1|0|0|0,,,100.0,-120.0,0.0,7.5,espn,401471708,BOS,SD,regular,Chris Sale,Joe Musgrove,,,,,,,,
2023,2023-05-21,New York Yankees,Cincinnati Reds,4.0,1.0,False,0|0|0|0|2|1|1|0|0,1|0|0|0|0|0|0|0|0,,,-135.0,115.0,0.0,8.5,espn,401471719,NYY,CIN,regular,Luis Severino,Hunter Greene,,,,,,,,
2023,2023-05-21,Chicago Cubs,Philadelphia Phillies,1.0,2.0,False,0|0|0|0|0|0|0|0|1,0|0|0|0|0|0|2|0,,,105.0,-125.0,0.0,8.5,espn,401471710,CHC,PHI,regular,Justin Steele,Taijuan Walker,,,,,,,,
2023,2023-05-21,Detroit Tigers,Washington Nationals,4.0,6.0,False,0|0|1|0|0|2|1|0|0,3|1|2|0|0|0|0|0,,,115.0,-135.0,0.0,8.5,espn,401471713,DET,WSH,regular,Joey Wentz,Josiah Gray,,,,,,,,
2023,2023-05-21,Seattle Mariners,Atlanta Braves,2.0,3.0,False,0|1|0|0|0|0|0|1|0,1|0|1|0|0|1|0|0,,,-105.0,-115.0,0.0,9.5,espn,401471721,SEA,ATL,regular,George Kirby,Jared Shuster,,,,,,,,
2023,2023-05-21,Arizona Diamondbacks,Pittsburgh Pirates,8.0,3.0,False,1|0|1|0|1|1|3|0|1,0|1|0|0|2|0|0|0|0,,,-130.0,110.0,0.0,8.5,espn,401471722,ARI,PIT,regular,Merrill Kelly,Roansy Contreras,,,,,,,,
2023,2023-05-21,Baltimore Orioles,Toronto Blue Jays,8.0,3.0,False,0|0|2|0|0|0|0|0|0|1|5,0|1|0|0|0|0|1|0|0|1|0,,,170.0,-200.0,0.0,8.5,espn,401471709,BAL,TOR,regular,Dean Kremer,Kevin Gausman,,,,,,,,
2023,2023-05-21,Milwaukee Brewers,Tampa Bay Rays,6.0,4.0,False,0|1|0|2|3|0|0|0|0,0|0|0|3|0|0|0|1|0,,,120.0,-140.0,0.0,8.0,espn,401471717,MIL,TB,regular,Freddy Peralta,Jalen Beeks,,,,,,,,
2023,2023-05-21,Cleveland Guardians,New York Mets,4.0,5.0,False,0|0|0|0|0|0|0|4|0,0|0|0|1|0|1|1|2,,,130.0,-150.0,0.0,8.0,espn,401549904,CLE,NYM,regular,Tanner Bibee,Max Scherzer,,,,,,,,
2023,2023-05-21,Kansas City Royals,Chicago White Sox,2.0,5.0,False,0|2|0|0|0|0|0|0|0,0|0|0|1|3|0|1|0,,,160.0,-180.0,0.0,9.0,espn,401471714,KC,CHW,regular,Carlos Hernandez,Lance Lynn,,,,,,,,
2023,2023-05-21,Oakland Athletics,Houston Astros,0.0,2.0,False,0|0|0|0|0|0|0|0|0,0|0|0|0|1|1|0|0,,,280.0,-361.0,0.0,8.5,espn,401471720,OAK,HOU,regular,James Kaprielian,Framber Valdez,,,,,,,,
2023,2023-05-21,Los Angeles Dodgers,St. Louis Cardinals,5.0,10.0,False,0|0|1|0|2|0|0|2|0,0|3|0|1|3|0|3|0,,,-135.0,115.0,0.0,8.0,espn,401471715,LAD,STL,regular,Clayton Kershaw,Jack Flaherty,,,,,,,,
2023,2023-05-21,Colorado Rockies,Texas Rangers,3.0,13.0,False,0|0|0|0|0|1|0|2|0,0|5|0|0|6|0|0|2,,,190.0,-230.0,0.0,9.0,espn,401471712,COL,TEX,regular,Connor Seabold,Andrew Heaney,,,,,,,,
2023,2023-05-21,Miami Marlins,San Francisco Giants,5.0,7.0,False,1|0|1|1|1|0|0|0|1,0|1|3|0|0|2|0|1,,,115.0,-135.0,0.0,7.5,espn,401471716,MIA,SF,regular,Jesus Luzardo,Alex Wood,,,,,,,,
2023,2023-05-21,Minnesota Twins,Los Angeles Angels,2.0,4.0,False,0|0|1|0|0|0|0|1|0,0|0|0|1|0|0|2|1,,,135.0,-155.0,0.0,8.0,espn,401471718,MIN,LAA,regular,Pablo Lopez,Shohei Ohtani,,,,,,,,
2023,2023-05-21,Boston Red Sox,San Diego Padres,0.0,7.0,False,0|0|0|0|0|0|0|0|0,4|0|2|0|0|1|0|0,,,150.0,-170.0,0.0,9.0,espn,401471723,BOS,SD,regular,Corey Kluber,Michael Wacha,,,,,,,,
2023,2023-05-21,Cleveland Guardians,New York Mets,1.0,2.0,False,1|0|0|0|0|0|0|0|0,0|0|0|0|0|1|0|1,,,120.0,-140.0,0.0,7.0,espn,401471711,CLE,NYM,regular,Shane Bieber,Justin Verlander,,,,,,,,
2023,2023-05-22,Chicago White Sox,Cleveland Guardians,0.0,3.0,False,0|0|0|0|0|0|0|0|0,0|1|0|0|0|0|2|0,,,105.0,-125.0,0.0,8.5,espn,401471726,CHW,CLE,regular,Jimmy Lambert,Hunter Gaddis,,,,,,,,
2023,2023-05-22,Texas Rangers,Pittsburgh Pirates,4.0,6.0,False,0|0|0|0|0|1|0|1|2,0|1|0|0|0|0|5|0,,,-135.0,115.0,0.0,9.0,espn,401471734,TEX,PIT,regular,Dane Dunning,Luis Ortiz,,,,,,,,
2023,2023-05-22,Arizona Diamondbacks,Philadelphia Phillies,6.0,3.0,False,0|3|0|0|1|0|0|1|1,0|0|0|2|0|0|1|0|0,,,185.0,-225.0,0.0,9.0,espn,401471724,ARI,PHI,regular,Tommy Henry,Zack Wheeler,,,,,,,,
2023,2023-05-22,St. Louis Cardinals,Cincinnati Reds,5.0,6.0,False,0|3|0|0|1|0|0|1|0|0,2|0|2|0|1|0|0|0|0|1,,,-185.0,165.0,0.0,10.0,espn,401471732,STL,CIN,regular,Jordan Montgomery,Brandon Williamson,,,,,,,,
2023,2023-05-22,Toronto Blue Jays,Tampa Bay Rays,4.0,6.0,False,0|0|0|2|0|0|0|0|2,0|3|1|0|0|1|1|0,,,-120.0,100.0,0.0,9.0,espn,401471733,TOR,TB,regular,Chris Bassitt,Trevor Kelley,,,,,,,,
2023,2023-05-22,Los Angeles Dodgers,Atlanta Braves,8.0,6.0,False,0|1|0|2|3|1|1|0|0,4|0|0|0|1|0|0|1|0,,,135.0,-155.0,0.0,9.5,espn,401471729,LAD,ATL,regular,Gavin Stone,Charlie Morton,,,,,,,,
2023,2023-05-22,Detroit Tigers,Kansas City Royals,8.0,5.0,False,3|0|2|0|0|0|0|0|0|3,3|0|0|0|2|0|0|0|0|0,,,-105.0,-115.0,0.0,8.5,espn,401471727,DET,KC,regular,Michael Lorenzen,Brady Singer,,,,,,,,
2023,2023-05-22,Houston Astros,Milwaukee Brewers,12.0,2.0,False,0|2|0|1|2|5|0|2|0,0|1|0|0|0|0|1|0|0,,,-110.0,-110.0,0.0,7.5,espn,401471728,HOU,MIL,regular,Cristian Javier,Corbin Burnes,,,,,,,,
2023,2023-05-22,San Francisco Giants,Minnesota Twins,4.0,1.0,False,4|0|0|0|0|0|0|0|0,0|0|0|0|0|0|0|1|0,,,145.0,-165.0,0.0,8.5,espn,401471731,SF,MIN,regular,John Brebbia,Bailey Ober,,,,,,,,
2023,2023-05-22,Miami Marlins,Colorado Rockies,3.0,5.0,False,0|0|1|1|0|0|0|1|0,2|0|0|0|0|1|2|0,,,-120.0,100.0,0.0,11.5,espn,401471735,MIA,COL,regular,Edward Cabrera,Chase Anderson,,,,,,,,
2023,2023-05-22,Boston Red Sox,Los Angeles Angels,1.0,2.0,False,0|0|0|0|0|1|0|0|0,0|1|0|0|0|0|0|1,,,-105.0,-115.0,0.0,9.5,espn,401471725,BOS,LAA,regular,Tanner Houck,Jaime Barria,,,,,,,,
2023,2023-05-22,Oakland Athletics,Seattle Mariners,2.0,11.0,False,0|0|0|0|0|0|0|2|0,2|3|0|0|1|2|0|3,,,250.0,-311.0,0.0,8.0,espn,401471730,OAK,SEA,regular,Kyle Muller,Luis Castillo,,,,,,,,
2023,2023-05-23,Chicago White Sox,Cleveland Guardians,4.0,2.0,False,0|0|0|0|1|0|3|0|0,0|0|1|0|0|1|0|0|0,,,110.0,-130.0,0.0,8.5,espn,401471739,CHW,CLE,regular,Dylan Cease,Logan Allen,,,,,,,,
2023,2023-05-23,Texas Rangers,Pittsburgh Pirates,6.0,1.0,False,2|0|0|0|0|3|0|1|0,0|0|1|0|0|0|0|0|0,,,-160.0,140.0,0.0,8.0,espn,401471749,TEX,PIT,regular,Nathan Eovaldi,Rich Hill,,,,,,,,
2023,2023-05-23,Arizona Diamondbacks,Philadelphia Phillies,4.0,3.0,False,0|2|1|0|0|0|0|1|0,0|1|0|0|0|0|2|0|0,,,135.0,-155.0,0.0,9.5,espn,401471736,ARI,PHI,regular,Ryne Nelson,Matt Strahm,,,,,,,,
2023,2023-05-23,St. Louis Cardinals,Cincinnati Reds,8.0,5.0,False,1|2|1|3|0|0|0|0|1,1|0|2|0|1|1|0|0|0,,,-145.0,125.0,0.0,10.5,espn,401471747,STL,CIN,regular,Adam Wainwright,Graham Ashcraft,,,,,,,,
2023,2023-05-23,Toronto Blue Jays,Tampa Bay Rays,20.0,1.0,False,1|0|1|2|6|0|0|1|9,0|0|0|0|1|0|0|0|0,,,-105.0,-115.0,0.0,8.5,espn,401471748,TOR,TB,regular,Jose Berrios,Taj Bradley,,,,,,,,
2023,2023-05-23,Baltimore Orioles,New York Yankees,5.0,6.0,False,2|0|1|1|0|1|0|0|0|0,0|0|0|1|3|0|0|0|1|1,,,150.0,-170.0,0.0,8.0,espn,401471737,BAL,NYY,regular,Kyle Bradish,Gerrit Cole,,,,,,,,
2023,2023-05-23,San Diego Padres,Washington Nationals,7.0,4.0,False,2|0|0|1|0|1|3|0|0,0|0|0|0|3|0|0|1|0,,,-160.0,140.0,0.0,8.0,espn,401471745,SD,WSH,regular,Yu Darvish,MacKenzie Gore,,,,,,,,
2023,2023-05-23,Los Angeles Dodgers,Atlanta Braves,8.0,1.0,False,1|3|0|0|0|0|1|0|3,1|0|0|0|0|0|0|0|0,,,165.0,-185.0,0.0,8.5,espn,401471742,LAD,ATL,regular,Bobby Miller,Spencer Strider,,,,,,,,
2023,2023-05-23,Detroit Tigers,Kansas City Royals,1.0,4.0,False,0|0|0|0|1|0|0|0|0,0|0|0|3|1|0|0|0,,,-150.0,130.0,0.0,8.5,espn,401471740,DET,KC,regular,Eduardo Rodriguez,Mike Mayers,,,,,,,,
2023,2023-05-23,Houston Astros,Milwaukee Brewers,0.0,6.0,False,0|0|0|0|0|0|0|0|0,0|0|1|1|0|0|0|4,,,-130.0,110.0,0.0,9.5,espn,401471741,HOU,MIL,regular,J.P. France,Colin Rea,,,,,,,,
2023,2023-05-23,New York Mets,Chicago Cubs,2.0,7.0,False,0|0|0|1|0|1|0|0|0,0|4|0|2|0|0|1|0,,,-105.0,-115.0,0.0,8.5,espn,401471743,NYM,CHC,regular,Tylor Megill,Drew Smyly,,,,,,,,
2023,2023-05-23,San Francisco Giants,Minnesota Twins,4.0,3.0,False,0|0|0|0|0|2|2|0|0,2|0|0|0|1|0|0|0|0,,,135.0,-155.0,0.0,8.0,espn,401471746,SF,MIN,regular,Alex Cobb,Sonny Gray,,,,,,,,
2023,2023-05-23,Miami Marlins,Colorado Rockies,4.0,5.0,False,1|0|0|0|0|2|0|0|1,0|0|0|1|4|0|0|0,,,-135.0,115.0,0.0,11.5,espn,401471750,MIA,COL,regular,Eury Perez,Austin Gomber,,,,,,,,
2023,2023-05-23,Boston Red Sox,Los Angeles Angels,0.0,4.0,False,0|0|0|0|0|0|0|0|0,1|0|0|0|1|0|0|2,,,-115.0,-105.0,0.0,9.5,espn,401471738,BOS,LAA,regular,Brayan Bello,Griffin Canning,,,,,,,,
2023,2023-05-23,Oakland Athletics,Seattle Mariners,2.0,3.0,False,2|0|0|0|0|0|0|0|0,0|0|0|0|3|0|0|0,,,185.0,-225.0,0.0,9.0,espn,401471744,OAK,SEA,regular,Luis Medina,Marco Gonzales,,,,,,,,
2023,2023-05-24,Texas Rangers,Pittsburgh Pirates,3.0,2.0,False,3|0|0|0|0|0|0|0|0,0|2|0|0|0|0|0|0|0,,,-120.0,100.0,0.0,9.0,espn,401471764,TEX,PIT,regular,Martin Perez,Johan Oviedo,,,,,,,,
2023,2023-05-24,Arizona Diamondbacks,Philadelphia Phillies,5.0,6.0,False,1|0|4|0|0|0|0|0|0|0,0|0|0|0|0|3|0|0|2|1,,,-110.0,-110.0,0.0,8.5,espn,401471751,ARI,PHI,regular,Zac Gallen,Ranger Suarez,,,,,,,,
2023,2023-05-24,Chicago White Sox,Cleveland Guardians,6.0,0.0,False,0|0|1|5|0|0|0|0|0,0|0|0|0|0|0|0|0|0,,,125.0,-145.0,0.0,8.0,espn,401471754,CHW,CLE,regular,Michael Kopech,Cal Quantrill,,,,,,,,
2023,2023-05-24,Houston Astros,Milwaukee Brewers,0.0,4.0,False,0|0|0|0|0|0|0|0|0,2|0|0|0|0|0|2|0,,,-110.0,-110.0,0.0,9.0,espn,401471756,HOU,MIL,regular,Brandon Bielak,Adrian Houser,,,,,,,,
2023,2023-05-24,San Francisco Giants,Minnesota Twins,1.0,7.0,False,0|1|0|0|0|0|0|0|0,1|2|2|1|0|1|0|0,,,130.0,-150.0,0.0,7.5,espn,401471761,SF,MIN,regular,Anthony DeSclafani,Joe Ryan,,,,,,,,
2023,2023-05-24,St. Louis Cardinals,Cincinnati Reds,3.0,10.0,False,0|0|0|1|1|0|0|0|1,4|0|1|1|0|2|2|0,,,-160.0,140.0,0.0,11.0,espn,401471762,STL,CIN,regular,Steven Matz,Ben Lively,,,,,,,,
2023,2023-05-24,Toronto Blue Jays,Tampa Bay Rays,3.0,7.0,False,0|0|0|1|0|0|0|2|0,1|2|0|2|0|0|0|2,,,155.0,-175.0,0.0,8.0,espn,401471763,TOR,TB,regular,Yusei Kikuchi,Shane McClanahan,,,,,,,,
2023,2023-05-24,Baltimore Orioles,New York Yankees,9.0,6.0,False,0|0|0|1|0|0|8|0|0,0|0|2|0|3|0|1|0|0,,,120.0,-140.0,0.0,8.5,espn,401471752,BAL,NYY,regular,Tyler Wells,Nestor Cortes,,,,,,,,
2023,2023-05-24,San Diego Padres,Washington Nationals,3.0,5.0,False,0|0|0|2|1|0|0|0|0,0|4|0|1|0|0|0|0,,,-150.0,130.0,0.0,9.5,espn,401471760,SD,WSH,regular,Ryan Weathers,Trevor Williams,,,,,,,,
2023,2023-05-24,Los Angeles Dodgers,Atlanta Braves,3.0,4.0,False,0|0|0|0|1|0|0|2|0,0|0|0|1|2|0|0|0|1,,,100.0,-120.0,0.0,9.5,espn,401471757,LAD,ATL,regular,Tony Gonsolin,Bryce Elder,,,,,,,,
2023,2023-05-24,Detroit Tigers,Kansas City Royals,6.0,4.0,False,0|0|0|1|0|3|0|2|0,0|0|0|1|0|0|1|1|1,,,-105.0,-115.0,0.0,8.5,espn,401471755,DET,KC,regular,Matthew Boyd,Zack Greinke,,,,,,,,
2023,2023-05-24,New York Mets,Chicago Cubs,2.0,4.0,False,0|0|2|0|0|0|0|0|0,0|0|3|0|0|1|0|0,,,-105.0,-115.0,0.0,6.5,espn,401471758,NYM,CHC,regular,Kodai Senga,Marcus Stroman,,,,,,,,
2023,2023-05-24,Miami Marlins,Colorado Rockies,10.0,2.0,False,0|0|0|2|3|2|3|0|0,1|0|0|0|0|1|0|0|0,,,-160.0,140.0,0.0,10.5,espn,401471765,MIA,COL,regular,Sandy Alcantara,Karl Kauffmann,,,,,,,,
2023,2023-05-24,Boston Red Sox,Los Angeles Angels,3.0,7.0,False,0|0|0|1|0|0|1|0|1,0|4|1|2|0|0|0|0,,,-115.0,-105.0,0.0,9.5,espn,401471753,BOS,LAA,regular,James Paxton,Tyler Anderson,,,,,,,,
2023,2023-05-24,Oakland Athletics,Seattle Mariners,1.0,6.0,False,0|0|0|0|0|0|1|0|0,0|0|0|5|0|0|1|0,,,240.0,-300.0,0.0,8.5,espn,401471759,OAK,SEA,regular,Ken Waldichuk,Bryce Miller,,,,,,,,
2023,2023-05-25,St. Louis Cardinals,Cincinnati Reds,2.0,1.0,False,0|0|0|0|0|0|0|2|0,0|0|0|0|0|0|0|0|1,,,-125.0,105.0,0.0,9.5,espn,401471773,STL,CIN,regular,Miles Mikolas,Luke Weaver,,,,,,,,
2023,2023-05-25,Toronto Blue Jays,Tampa Bay Rays,3.0,6.0,False,1|0|0|0|0|0|0|0|2,2|1|2|0|0|0|1|0,,,155.0,-175.0,0.0,8.0,espn,401471774,TOR,TB,regular,Alek Manoah,Zach Eflin,,,,,,,,
2023,2023-05-25,Miami Marlins,Colorado Rockies,6.0,7.0,False,0|0|1|1|0|0|0|0|4,0|0|0|1|0|1|0|4|1,,,-125.0,105.0,0.0,11.0,espn,401471775,MIA,COL,regular,Braxton Garrett,Kyle Freeland,,,,,,,,
2023,2023-05-25,San Diego Padres,Washington Nationals,8.0,6.0,False,0|2|0|0|3|0|0|0|3,1|0|0|0|0|0|5|0|0,,,-200.0,170.0,0.0,9.5,espn,401471771,SD,WSH,regular,Blake Snell,Jake Irvin,,,,,,,,
2023,2023-05-25,Chicago White Sox,Detroit Tigers,2.0,7.0,False,0|0|1|0|1|0|0|0|0,0|0|0|4|0|1|0|2,,,-150.0,130.0,0.0,8.0,espn,401471767,CHW,DET,regular,Lucas Giolito,Alex Faedo,,,,,,,,
2023,2023-05-25,Baltimore Orioles,New York Yankees,3.0,1.0,False,0|0|0|0|1|0|0|2|0,0|0|0|0|0|0|0|0|1,,,115.0,-135.0,0.0,9.0,espn,401471766,BAL,NYY,regular,Kyle Gibson,Clarke Schmidt,,,,,,,,
2023,2023-05-25,Philadelphia Phillies,Atlanta Braves,5.0,8.0,False,0|3|0|0|1|0|1|0|0,2|1|0|1|1|0|0|3,,,-110.0,-110.0,0.0,9.5,espn,401471770,PHI,ATL,regular,Aaron Nola,Dylan Dodd,,,,,,,,
2023,2023-05-25,New York Mets,Chicago Cubs,10.0,1.0,False,1|0|3|0|1|0|2|3|0,1|0|0|0|0|0|0|0|0,,,-115.0,-105.0,0.0,8.0,espn,401471768,NYM,CHC,regular,Carlos Carrasco,Kyle Hendricks,,,,,,,,
2023,2023-05-25,San Francisco Giants,Milwaukee Brewers,5.0,0.0,False,0|0|0|0|1|0|0|4|0,0|0|0|0|0|0|0|0|0,,,-135.0,115.0,0.0,9.0,espn,401471772,SF,MIL,regular,Scott Alexander,Julio Teheran,,,,,,,,
2023,2023-05-25,Oakland Athletics,Seattle Mariners,2.0,3.0,False,2|0|0|0|0|0|0|0|0,1|0|0|0|0|1|0|1,,,210.0,-250.0,0.0,7.5,espn,401471769,OAK,SEA,regular,JP Sears,Logan Gilbert,,,,,,,,
2023,2023-05-26,Cincinnati Reds,Chicago Cubs,9.0,0.0,False,2|0|1|3|1|0|0|0|2,0|0|0|0|0|0|0|0|0,,,125.0,-145.0,0.0,6.5,espn,401471778,CIN,CHC,regular,Hunter Greene,Justin Steele,,,,,,,,
2023,2023-05-26,Chicago White Sox,Detroit Tigers,12.0,3.0,False,3|1|0|1|3|0|0|3|1,1|0|0|0|0|2|0|0|0,,,-150.0,130.0,0.0,8.5,espn,401471777,CHW,DET,regular,Lance Lynn,Joey Wentz,,,,,,,,
2023,2023-05-26,Los Angeles Dodgers,Tampa Bay Rays,3.0,9.0,False,1|0|1|0|0|0|0|1|0,2|2|1|1|0|0|1|2,,,115.0,-135.0,0.0,9.5,espn,401471780,LAD,TB,regular,Noah Syndergaard,Jalen Beeks,,,,,,,,
2023,2023-05-26,San Diego Padres,New York Yankees,5.0,1.0,False,0|0|0|0|2|2|0|0|1,0|0|0|0|0|1|0|0|0,,,-115.0,-105.0,0.0,9.5,espn,401471784,SD,NYY,regular,Joe Musgrove,Randy Vasquez,,,,,,,,
2023,2023-05-26,Texas Rangers,Baltimore Orioles,12.0,2.0,False,0|2|0|8|0|0|0|0|2,1|0|0|0|0|0|0|1|0,,,115.0,-135.0,0.0,9.0,espn,401471787,TEX,BAL,regular,Jon Gray,Grayson Rodriguez,,,,,,,,
2023,2023-05-26,St. Louis Cardinals,Cleveland Guardians,3.0,4.0,False,0|0|0|0|0|1|1|0|1,0|0|0|0|4|0|0|0,,,-105.0,-115.0,0.0,8.0,espn,401471786,STL,CLE,regular,Matthew Liberatore,Shane Bieber,,,,,,,,
2023,2023-05-26,Philadelphia Phillies,Atlanta Braves,6.0,4.0,False,0|0|2|0|0|2|2|0|0,0|0|0|1|2|0|0|1|0,,,130.0,-150.0,0.0,10.0,espn,401471782,PHI,ATL,regular,Taijuan Walker,Jared Shuster,,,,,,,,
2023,2023-05-26,San Francisco Giants,Milwaukee Brewers,15.0,1.0,False,0|3|7|0|0|2|2|1|0,1|0|0|0|0|0|0|0|0,,,130.0,-150.0,0.0,8.0,espn,401471785,SF,MIL,regular,Alex Wood,Freddy Peralta,,,,,,,,
2023,2023-05-26,Toronto Blue Jays,Minnesota Twins,3.0,1.0,False,0|0|3|0|0|0|0|0|0,0|0|0|0|0|1|0|0|0,,,-145.0,125.0,0.0,7.5,espn,401471788,TOR,MIN,regular,Kevin Gausman,Louis Varland,,,,,,,,
2023,2023-05-26,Washington Nationals,Kansas City Royals,12.0,10.0,False,1|0|0|0|0|8|0|3|0,0|0|0|2|0|1|5|2|0,,,-105.0,-115.0,0.0,9.5,espn,401471789,WSH,KC,regular,Patrick Corbin,Jordan Lyles,,,,,,,,
2023,2023-05-26,New York Mets,Colorado Rockies,5.0,2.0,False,2|0|0|0|2|0|0|0|1,0|1|0|0|0|0|0|1|0,,,-210.0,175.0,0.0,11.5,espn,401471790,NYM,COL,regular,Max Scherzer,Connor Seabold,,,,,,,,
2023,2023-05-26,Miami Marlins,Los Angeles Angels,6.0,2.0,False,0|1|1|0|0|1|2|1|0,0|0|0|0|1|1|0|0|0,,,120.0,-140.0,0.0,8.5,espn,401471781,MIA,LAA,regular,Jesus Luzardo,Reid Detmers,,,,,,,,
2023,2023-05-26,Boston Red Sox,Arizona Diamondbacks,7.0,2.0,False,0|3|0|2|0|1|0|1|0,0|0|0|1|0|0|0|1|0,,,-125.0,105.0,0.0,8.5,espn,401471776,BOS,ARI,regular,Chris Sale,Brandon Pfaadt,,,,,,,,
2023,2023-05-26,Houston Astros,Oakland Athletics,5.0,2.0,False,0|1|4|0|0|0|0|0|0,0|0|0|0|0|0|2|0|0,,,-270.0,220.0,0.0,8.5,espn,401471779,HOU,OAK,regular,Hunter Brown,James Kaprielian,,,,,,,,
2023,2023-05-26,Pittsburgh Pirates,Seattle Mariners,11.0,6.0,False,1|0|0|1|5|1|2|1|0,1|1|0|0|2|0|2|0|0,,,140.0,-160.0,0.0,7.0,espn,401471783,PIT,SEA,regular,Mitch Keller,George Kirby,,,,,,,,
2023,2023-05-27,San Diego Padres,New York Yankees,2.0,3.0,False,0|0|0|1|0|0|1|0|0|0,1|0|0|0|0|0|1|0|0|1,,,135.0,-155.0,0.0,8.5,espn,401471800,SD,NYY,regular,Michael Wacha,Luis Severino,,,,,,,,
2023,2023-05-27,Chicago White Sox,Detroit Tigers,3.0,7.0,False,0|0|0|0|0|0|3|0|0,0|2|0|0|0|0|3|2,,,-105.0,-115.0,0.0,8.5,espn,401471792,CHW,DET,regular,Jesse Scholtens,Michael Lorenzen,,,,,,,,
2023,2023-05-27,Toronto Blue Jays,Minnesota Twins,7.0,9.0,False,1|0|2|1|0|0|0|0|3,3|1|0|0|3|0|1|1,,,-105.0,-115.0,0.0,8.0,espn,401471804,TOR,MIN,regular,Chris Bassitt,Pablo Lopez,,,,,,,,
2023,2023-05-27,Texas Rangers,Baltimore Orioles,5.0,3.0,False,0|1|0|1|0|0|2|1|0,0|0|0|0|0|0|1|0|2,,,-105.0,-115.0,0.0,9.0,espn,401471803,TEX,BAL,regular,Andrew Heaney,Dean Kremer,,,,,,,,
2023,2023-05-27,Houston Astros,Oakland Athletics,6.0,3.0,False,2|0|0|0|0|0|0|4|0,0|1|0|0|0|0|0|2|0,,,-330.0,265.0,0.0,8.5,espn,401471794,HOU,OAK,regular,Framber Valdez,Austin Pruitt,,,,,,,,
2023,2023-05-27,Los Angeles Dodgers,Tampa Bay Rays,6.0,5.0,False,0|1|0|2|0|0|2|1|0,0|0|0|2|2|0|0|0|1,,,-105.0,-115.0,0.0,8.0,espn,401471795,LAD,TB,regular,Clayton Kershaw,Tyler Glasnow,,,,,,,,
2023,2023-05-27,Philadelphia Phillies,Atlanta Braves,2.0,1.0,False,0|0|0|0|2|0|0|0|0,0|0|0|0|0|0|0|0|1,,,110.0,-130.0,0.0,8.5,espn,401471798,PHI,ATL,regular,Zack Wheeler,Charlie Morton,,,,,,,,
2023,2023-05-27,Pittsburgh Pirates,Seattle Mariners,0.0,5.0,False,0|0|0|0|0|0|0|0|0,3|1|0|0|0|0|1|0,,,185.0,-225.0,0.0,7.5,espn,401471799,PIT,SEA,regular,Vince Velasquez,Luis Castillo,,,,,,,,
2023,2023-05-27,San Francisco Giants,Milwaukee Brewers,3.0,1.0,False,1|0|0|0|0|0|0|2|0,0|0|0|0|0|0|1|0|0,,,-105.0,-115.0,0.0,7.5,espn,401471801,SF,MIL,regular,Logan Webb,Corbin Burnes,,,,,,,,
2023,2023-05-27,Washington Nationals,Kansas City Royals,4.0,2.0,False,0|0|0|0|0|4|0|0|0,1|0|1|0|0|0|0|0|0,,,100.0,-120.0,0.0,9.5,espn,401471805,WSH,KC,regular,Josiah Gray,Brady Singer,,,,,,,,
2023,2023-05-27,Boston Red Sox,Arizona Diamondbacks,2.0,1.0,False,0|0|0|2|0|0|0|0|0,1|0|0|0|0|0|0|0|0,,,-115.0,-105.0,0.0,9.0,espn,401471791,BOS,ARI,regular,Garrett Whitlock,Zach Davies,,,,,,,,
2023,2023-05-27,Cincinnati Reds,Chicago Cubs,8.0,5.0,False,0|1|1|0|3|1|2|0|0,1|3|0|0|0|0|1|0|0,,,145.0,-165.0,0.0,8.5,espn,401471793,CIN,CHC,regular,Brandon Williamson,Jameson Taillon,,,,,,,,
2023,2023-05-27,St. Louis Cardinals,Cleveland Guardians,2.0,1.0,False,0|1|0|0|0|0|0|0|0|1,0|0|1|0|0|0|0|0|0|0,,,-105.0,-115.0,0.0,8.5,espn,401471802,STL,CLE,regular,Jack Flaherty,Tanner Bibee,,,,,,,,
2023,2023-05-27,New York Mets,Colorado Rockies,7.0,10.0,False,0|0|0|1|0|5|1|0|0,0|5|1|0|0|0|2|2,,,-200.0,170.0,0.0,11.5,espn,401471797,NYM,COL,regular,Justin Verlander,Chase Anderson,,,,,,,,
2023,2023-05-27,Miami Marlins,Los Angeles Angels,8.0,5.0,False,1|0|0|0|1|0|2|0|0|4,0|1|0|0|0|2|0|1|0|1,,,175.0,-210.0,0.0,7.5,espn,401471796,MIA,LAA,regular,Edward Cabrera,Shohei Ohtani,,,,,,,,
2023,2023-05-28,Los Angeles Dodgers,Tampa Bay Rays,10.0,11.0,False,0|3|4|0|1|2|0|0|0,1|6|1|2|0|0|1|0,,,105.0,-125.0,0.0,9.5,espn,401471810,LAD,TB,regular,Gavin Stone,Josh Fleming,,,,,,,,
2023,2023-05-28,San Diego Padres,New York Yankees,7.0,10.0,False,1|2|0|0|0|0|3|0|1,1|0|7|0|0|0|0|2,,,125.0,-145.0,0.0,7.5,espn,401471814,SD,NYY,regular,Yu Darvish,Gerrit Cole,,,,,,,,
2023,2023-05-28,Texas Rangers,Baltimore Orioles,2.0,3.0,False,0|0|0|0|0|1|0|1|0,2|0|0|0|0|0|0|1,,,130.0,-150.0,0.0,9.0,espn,401471817,TEX,BAL,regular,Cody Bradford,Kyle Bradish,,,,,,,,
2023,2023-05-28,Chicago White Sox,Detroit Tigers,5.0,6.0,False,0|0|1|0|0|0|4|0|0|0,0|0|4|0|0|0|0|0|1|1,,,-110.0,-110.0,0.0,8.0,espn,401471807,CHW,DET,regular,Dylan Cease,Eduardo Rodriguez,,,,,,,,
2023,2023-05-28,St. Louis Cardinals,Cleveland Guardians,3.0,4.0,False,0|0|0|0|3|0|0|0|0,1|0|0|0|1|0|0|0|2,,,-140.0,120.0,0.0,8.0,espn,401471816,STL,CLE,regular,Jordan Montgomery,Hunter Gaddis,,,,,,,,
2023,2023-05-28,San Francisco Giants,Milwaukee Brewers,5.0,7.0,False,0|0|1|0|0|0|4|0|0,3|4|0|0|0|0|0|0,,,-130.0,110.0,0.0,8.0,espn,401471815,SF,MIL,regular,Alex Cobb,Colin Rea,,,,,,,,
2023,2023-05-28,Toronto Blue Jays,Minnesota Twins,3.0,0.0,False,0|2|0|0|0|0|0|1|0,0|0|0|0|0|0|0|0|0,,,-120.0,100.0,0.0,8.5,espn,401471818,TOR,MIN,regular,Jose Berrios,Bailey Ober,,,,,,,,
2023,2023-05-28,Washington Nationals,Kansas City Royals,2.0,3.0,False,0|0|0|2|0|0|0|0|0,0|0|0|0|0|0|1|1|1,,,-105.0,-115.0,0.0,9.0,espn,401471819,WSH,KC,regular,MacKenzie Gore,Daniel Lynch IV,,,,,,,,
2023,2023-05-28,Cincinnati Reds,Chicago Cubs,8.0,5.0,False,0|2|1|0|2|2|1|0|0,0|3|0|0|0|0|0|2|0,,,150.0,-170.0,0.0,7.5,espn,401471808,CIN,CHC,regular,Graham Ashcraft,Drew Smyly,,,,,,,,
2023,2023-05-28,New York Mets,Colorado Rockies,10.0,11.0,False,0|0|0|6|0|0|1|0|3,0|0|2|4|5|0|0|0,,,-135.0,115.0,0.0,13.0,espn,401471820,NYM,COL,regular,Tylor Megill,Austin Gomber,,,,,,,,
2023,2023-05-28,Houston Astros,Oakland Athletics,10.0,1.0,False,1|0|0|3|0|0|2|1|3,1|0|0|0|0|0|0|0|0,,,-280.0,230.0,0.0,8.5,espn,401471809,HOU,OAK,regular,Cristian Javier,Ken Waldichuk,,,,,,,,
2023,2023-05-28,Miami Marlins,Los Angeles Angels,2.0,0.0,False,0|0|1|0|0|1|0|0|0,0|0|0|0|0|0|0|0|0,,,110.0,-130.0,0.0,9.0,espn,401471811,MIA,LAA,regular,Eury Perez,Patrick Sandoval,,,,,,,,
2023,2023-05-28,Boston Red Sox,Arizona Diamondbacks,2.0,4.0,False,0|0|0|0|0|0|1|1|0,3|1|0|0|0|0|0|0,,,110.0,-130.0,0.0,8.5,espn,401471806,BOS,ARI,regular,Tanner Houck,Merrill Kelly,,,,,,,,
2023,2023-05-28,Pittsburgh Pirates,Seattle Mariners,3.0,6.0,False,0|0|0|0|1|0|0|2|0|0,1|0|0|1|1|0|0|0|0|3,,,125.0,-145.0,0.0,8.5,espn,401471813,PIT,SEA,regular,Luis Ortiz,Marco Gonzales,,,,,,,,
2023,2023-05-28,Philadelphia Phillies,Atlanta Braves,4.0,11.0,False,0|0|2|0|0|0|2|0|0,7|0|0|0|3|0|1|0,,,210.0,-250.0,0.0,9.0,espn,401471812,PHI,ATL,regular,Dylan Covey,Spencer Strider,,,,,,,,
2023,2023-05-29,Cleveland Guardians,Baltimore Orioles,5.0,0.0,False,0|0|0|0|1|0|4|0|0,0|0|0|0|0|0|0|0|0,,,120.0,-140.0,0.0,8.0,espn,401471823,CLE,BAL,regular,Logan Allen,Tyler Wells,,,,,,,,
2023,2023-05-29,Texas Rangers,Detroit Tigers,5.0,0.0,False,0|0|0|0|3|0|2|0|0,0|0|0|0|0|0|0|0|0,,,-180.0,160.0,0.0,8.5,espn,401471830,TEX,DET,regular,Nathan Eovaldi,Matthew Boyd,,,,,,,,
2023,2023-05-29,Kansas City Royals,St. Louis Cardinals,7.0,0.0,False,0|0|1|0|2|0|0|1|3,0|0|0|0|0|0|0|0|0,,,160.0,-180.0,0.0,9.5,espn,401471825,KC,STL,regular,Josh Staumont,Adam Wainwright,,,,,,,,
2023,2023-05-29,Tampa Bay Rays,Chicago Cubs,0.0,1.0,False,0|0|0|0|0|0|0|0|0,0|0|0|1|0|0|0|0,,,-125.0,105.0,0.0,8.0,espn,401471829,TB,CHC,regular,Taj Bradley,Marcus Stroman,,,,,,,,
2023,2023-05-29,Colorado Rockies,Arizona Diamondbacks,5.0,7.0,False,1|3|0|0|1|0|0|0|0,0|5|1|1|0|0|0|0,,,170.0,-200.0,0.0,9.5,espn,401471824,COL,ARI,regular,Karl Kauffmann,Ryne Nelson,,,,,,,,
2023,2023-05-29,Minnesota Twins,Houston Astros,7.0,5.0,False,0|0|3|1|0|0|0|0|1|2,0|0|0|1|0|0|4|0|0|0,,,105.0,-125.0,0.0,8.0,espn,401471826,MIN,HOU,regular,Sonny Gray,J.P. France,,,,,,,,
2023,2023-05-29,Pittsburgh Pirates,San Francisco Giants,4.0,14.0,False,0|0|1|0|0|0|2|0|1,0|5|0|1|0|0|8|0,,,115.0,-135.0,0.0,8.5,espn,401471828,PIT,SF,regular,Rich Hill,Anthony DeSclafani,,,,,,,,
2023,2023-05-29,Atlanta Braves,Oakland Athletics,2.0,7.0,False,1|0|0|0|0|0|0|1|0,0|0|0|0|4|0|0|3,,,-250.0,210.0,0.0,9.0,espn,401471822,ATL,OAK,regular,Michael Soroka,Paul Blackburn,,,,,,,,
2023,2023-05-29,Los Angeles Angels,Chicago White Sox,6.0,4.0,False,4|0|0|0|0|0|0|2|0,1|0|0|1|1|0|0|0|1,,,125.0,-145.0,0.0,9.0,espn,401471821,LAA,CHW,regular,Griffin Canning,Michael Kopech,,,,,,,,
2023,2023-05-29,Washington Nationals,Los Angeles Dodgers,1.0,6.0,False,0|1|0|0|0|0|0|0|0,0|0|0|0|6|0|0|0,,,205.0,-245.0,0.0,9.0,espn,401471831,WSH,LAD,regular,Trevor Williams,Bobby Miller,,,,,,,,
2023,2023-05-29,New York Yankees,Seattle Mariners,10.0,4.0,False,0|1|2|1|4|1|0|0|1,0|1|0|1|2|0|0|0|0,,,115.0,-135.0,0.0,7.5,espn,401471827,NYY,SEA,regular,Domingo German,Bryce Miller,,,,,,,,
2023,2023-05-30,San Diego Padres,Miami Marlins,9.0,4.0,False,0|0|0|1|1|0|2|0|5,0|0|1|2|0|1|0|0|0,,,120.0,-140.0,0.0,8.0,espn,401471843,SD,MIA,regular,Ryan Weathers,Sandy Alcantara,,,,,,,,
2023,2023-05-30,Texas Rangers,Detroit Tigers,10.0,6.0,False,0|1|0|3|3|0|2|0|1,0|1|2|1|2|0|0|0|0,,,-125.0,105.0,0.0,9.0,espn,401471845,TEX,DET,regular,Martin Perez,Alex Faedo,,,,,,,,
2023,2023-05-30,Cleveland Guardians,Baltimore Orioles,5.0,8.0,False,0|0|0|1|0|2|2|0|0,2|5|0|0|1|0|0|0,,,120.0,-140.0,0.0,9.0,espn,401471835,CLE,BAL,regular,Cal Quantrill,Kyle Gibson,,,,,,,,
2023,2023-05-30,Milwaukee Brewers,Toronto Blue Jays,2.0,7.0,False,2|0|0|0|0|0|0|0|0,4|2|1|0|0|0|0|0,,,140.0,-160.0,0.0,9.0,espn,401471838,MIL,TOR,regular,Adrian Houser,Yusei Kikuchi,,,,,,,,
2023,2023-05-30,Cincinnati Reds,Boston Red Sox,9.0,8.0,False,0|1|0|0|1|1|5|1|0,0|0|0|0|0|0|3|0|5,,,150.0,-170.0,0.0,9.5,espn,401471834,CIN,BOS,regular,Ben Lively,Brayan Bello,,,,,,,,
2023,2023-05-30,Philadelphia Phillies,New York Mets,0.0,2.0,False,0|0|0|0|0|0|0|0|0,0|0|0|1|0|0|1|0,,,130.0,-150.0,0.0,8.5,espn,401471841,PHI,NYM,regular,Ranger Suarez,Kodai Senga,,,,,,,,
2023,2023-05-30,Kansas City Royals,St. Louis Cardinals,1.0,2.0,False,0|0|0|0|0|0|0|0|1,0|0|0|0|0|1|0|1,,,165.0,-185.0,0.0,9.0,espn,401471837,KC,STL,regular,Zack Greinke,Miles Mikolas,,,,,,,,
2023,2023-05-30,Tampa Bay Rays,Chicago Cubs,1.0,2.0,False,0|0|0|0|1|0|0|0|0,1|0|0|0|0|1|0|0,,,-175.0,155.0,0.0,8.5,espn,401471844,TB,CHC,regular,Shane McClanahan,Kyle Hendricks,,,,,,,,
2023,2023-05-30,Los Angeles Angels,Chicago White Sox,3.0,7.0,False,1|0|0|2|0|0|0|0|0,1|0|0|5|0|1|0|0,,,125.0,-145.0,0.0,9.5,espn,401471832,LAA,CHW,regular,Tyler Anderson,Lucas Giolito,,,,,,,,
2023,2023-05-30,Minnesota Twins,Houston Astros,1.0,5.0,False,0|0|0|0|1|0|0|0|0,0|3|2|0|0|0|0|0,,,-105.0,-115.0,0.0,8.5,espn,401471839,MIN,HOU,regular,Joe Ryan,Brandon Bielak,,,,,,,,
2023,2023-05-30,Atlanta Braves,Oakland Athletics,1.0,2.0,False,0|0|1|0|0|0|0|0|0,0|0|0|0|1|0|0|0|1,,,-263.0,215.0,0.0,8.5,espn,401471833,ATL,OAK,regular,Bryce Elder,JP Sears,,,,,,,,
2023,2023-05-30,Colorado Rockies,Arizona Diamondbacks,1.0,5.0,False,0|0|0|0|0|0|0|0|1,3|0|0|1|0|1|0|0,,,210.0,-250.0,0.0,8.5,espn,401471836,COL,ARI,regular,Kyle Freeland,Zac Gallen,,,,,,,,
2023,2023-05-30,New York Yankees,Seattle Mariners,10.0,2.0,False,3|0|3|1|0|0|1|0|2,0|0|0|0|2|0|0|0|0,,,118.0,-140.0,0.0,7.0,espn,401471840,NYY,SEA,regular,Nestor Cortes,Logan Gilbert,,,,,,,,
2023,2023-05-30,Pittsburgh Pirates,San Francisco Giants,2.0,1.0,False,1|0|0|0|1|0|0|0|0,1|0|0|0|0|0|0|0|0,,,140.0,-160.0,0.0,8.5,espn,401471842,PIT,SF,regular,Johan Oviedo,John Brebbia,,,,,,,,
2023,2023-05-30,Washington Nationals,Los Angeles Dodgers,3.0,9.0,False,0|0|1|0|0|0|2|0|0,0|1|3|0|0|0|2|3,,,260.0,-323.0,0.0,8.5,espn,401471846,WSH,LAD,regular,Jake Irvin,Tony Gonsolin,,,,,,,,
2023,2023-05-31,Texas Rangers,Detroit Tigers,2.0,3.0,False,0|0|0|1|0|0|1|0|0,0|0|1|0|0|2|0|0,,,-160.0,140.0,0.0,9.0,espn,401471859,TEX,DET,regular,Dane Dunning,Joey Wentz,,,,,,,,
2023,2023-05-31,Los Angeles Angels,Chicago White Sox,12.0,5.0,False,2|0|4|2|0|0|2|0|2,0|1|0|0|0|0|1|0|3,,,125.0,-145.0,0.0,9.0,espn,401471847,LAA,CHW,regular,Jaime Barria,Lance Lynn,,,,,,,,
2023,2023-05-31,Tampa Bay Rays,Chicago Cubs,4.0,3.0,False,0|0|0|0|0|0|2|2|0,2|0|0|0|0|0|1|0|0,,,-140.0,120.0,0.0,8.5,espn,401471858,TB,CHC,regular,Zach Eflin,Justin Steele,,,,,,,,
2023,2023-05-31,Cleveland Guardians,Baltimore Orioles,12.0,8.0,False,1|0|2|3|5|0|1|0|0,0|4|1|2|1|0|0|0|0,,,-115.0,-105.0,0.0,8.5,espn,401471850,CLE,BAL,regular,Shane Bieber,Keegan Akin,,,,,,,,
2023,2023-05-31,Atlanta Braves,Oakland Athletics,4.0,2.0,False,0|0|0|0|3|0|1|0|0,0|0|0|0|0|2|0|0|0,,,-235.0,195.0,0.0,9.5,espn,401471848,ATL,OAK,regular,Jared Shuster,James Kaprielian,,,,,,,,
2023,2023-05-31,Pittsburgh Pirates,San Francisco Giants,9.0,4.0,False,0|0|4|2|0|2|0|0|1,0|1|1|0|1|1|0|0|0,,,100.0,-120.0,0.0,7.5,espn,401471856,PIT,SF,regular,Mitch Keller,Alex Wood,,,,,,,,
2023,2023-05-31,Washington Nationals,Los Angeles Dodgers,10.0,6.0,False,0|2|1|0|2|0|0|3|2,3|0|1|0|0|0|1|1|0,,,205.0,-245.0,0.0,9.5,espn,401471860,WSH,LAD,regular,Patrick Corbin,Noah Syndergaard,,,,,,,,
2023,2023-05-31,San Diego Padres,Miami Marlins,1.0,2.0,False,0|0|1|0|0|0|0|0|0,0|0|0|0|0|0|0|0|2,,,-115.0,-105.0,0.0,8.5,espn,401471857,SD,MIA,regular,Blake Snell,Braxton Garrett,,,,,,,,
2023,2023-05-31,Milwaukee Brewers,Toronto Blue Jays,4.0,2.0,False,0|2|0|0|0|0|2|0|0,0|0|0|0|1|0|1|0|0,,,140.0,-160.0,0.0,10.0,espn,401471852,MIL,TOR,regular,Julio Teheran,Alek Manoah,,,,,,,,
2023,2023-05-31,Cincinnati Reds,Boston Red Sox,5.0,4.0,False,0|0|0|0|1|1|3|0|0,0|1|1|0|1|0|0|1|0,,,145.0,-165.0,0.0,10.5,espn,401471849,CIN,BOS,regular,Luke Weaver,James Paxton,,,,,,,,
2023,2023-05-31,Philadelphia Phillies,New York Mets,1.0,4.0,False,0|0|1|0|0|0|0|0|0,0|0|2|2|0|0|0|0,,,-120.0,100.0,0.0,9.0,espn,401471855,PHI,NYM,regular,Aaron Nola,Carlos Carrasco,,,,,,,,
2023,2023-05-31,Minnesota Twins,Houston Astros,8.0,2.0,False,0|0|3|0|2|2|1|0|0,0|0|0|0|0|0|0|2|0,,,165.0,-185.0,0.0,7.5,espn,401471853,MIN,HOU,regular,Louis Varland,Hunter Brown,,,,,,,,
2023,2023-05-31,Colorado Rockies,Arizona Diamondbacks,0.0,6.0,False,0|0|0|0|0|0|0|0|0,3|2|0|0|1|0|0|0,,,135.0,-155.0,0.0,10.0,espn,401471851,COL,ARI,regular,Dinelson Lamet,Tommy Henry,,,,,,,,
2023,2023-05-31,New York Yankees,Seattle Mariners,0.0,1.0,False,0|0|0|0|0|0|0|0|0|0,0|0|0|0|0|0|0|0|0|1,,,120.0,-140.0,0.0,7.5,espn,401471854,NYY,SEA,regular,Clarke Schmidt,George Kirby,,,,,,,,
2023,2023-06-01,Milwaukee Brewers,Toronto Blue Jays,1.0,3.0,False,0|0|0|0|0|0|0|0|1,3|0|0|0|0|0|0|0,,,155.0,-175.0,0.0,8.0,espn,401471865,MIL,TOR,regular,Freddy Peralta,Kevin Gausman,,,,,,,,
2023,2023-06-01,Philadelphia Phillies,New York Mets,2.0,4.0,False,2|0|0|0|0|0|0|0|0,0|0|1|2|0|1|0|0,,,165.0,-185.0,0.0,8.5,espn,401471866,PHI,NYM,regular,Taijuan Walker,Max Scherzer,,,,,,,,
2023,2023-06-01,San Diego Padres,Miami Marlins,10.0,1.0,False,0|0|0|2|1|7|0|0|0,0|0|1|0|0|0|0|0|0,,,-120.0,100.0,0.0,7.5,espn,401471867,SD,MIA,regular,Joe Musgrove,Jesus Luzardo,,,,,,,,
2023,2023-06-01,Colorado Rockies,Arizona Diamondbacks,4.0,5.0,False,0|1|0|0|0|2|1|0|0,0|0|0|0|0|2|1|0|2,,,155.0,-175.0,0.0,9.5,espn,401471864,COL,ARI,regular,Connor Seabold,Zach Davies,,,,,,,,
2023,2023-06-01,Cincinnati Reds,Boston Red Sox,2.0,8.0,False,0|0|1|0|0|0|0|1|0,0|0|0|1|0|0|1|6,,,145.0,-165.0,0.0,9.5,espn,401471862,CIN,BOS,regular,Hunter Greene,Chris Sale,,,,,,,,
2023,2023-06-01,Cleveland Guardians,Minnesota Twins,6.0,7.0,False,0|1|0|0|0|5|0|0|0,0|0|0|1|2|0|0|3|1,,,120.0,-140.0,0.0,8.0,espn,401471863,CLE,MIN,regular,Tanner Bibee,Pablo Lopez,,,,,,,,
2023,2023-06-01,Los Angeles Angels,Houston Astros,2.0,5.0,False,0|1|0|0|1|0|0|0|0,0|1|0|0|3|0|0|1,,,125.0,-145.0,0.0,9.0,espn,401471861,LAA,HOU,regular,Reid Detmers,Ronel Blanco,,,,,,,,
2023,2023-06-02,Milwaukee Brewers,Cincinnati Reds,5.0,4.0,False,0|2|0|1|0|0|0|0|0|0|2,0|1|2|0|0|0|0|0|0|0|1,,,-165.0,145.0,0.0,10.0,espn,401471874,MIL,CIN,regular,Corbin Burnes,Brandon Williamson,,,,,,,,
2023,2023-06-02,Oakland Athletics,Miami Marlins,0.0,4.0,False,0|0|0|0|0|0|0|0|0,2|0|0|0|2|0|0|0,,,175.0,-210.0,0.0,8.5,espn,401471876,OAK,MIA,regular,Shintaro Fujinami,Edward Cabrera,,,,,,,,
2023,2023-06-02,Philadelphia Phillies,Washington Nationals,7.0,8.0,False,0|0|0|1|0|3|2|1|0,2|4|0|1|0|0|0|1,,,-180.0,160.0,0.0,9.0,espn,401471877,PHI,WSH,regular,Zack Wheeler,Josiah Gray,,,,,,,,
2023,2023-06-02,St. Louis Cardinals,Pittsburgh Pirates,5.0,7.0,False,0|0|5|0|0|0|0|0|0,0|0|0|0|0|1|6|0,,,-145.0,125.0,0.0,9.5,espn,401471881,STL,PIT,regular,Jack Flaherty,Roansy Contreras,,,,,,,,
2023,2023-06-02,Toronto Blue Jays,New York Mets,3.0,0.0,False,1|0|0|0|0|0|0|0|2,0|0|0|0|0|0|0|0|0,,,110.0,-130.0,0.0,8.5,espn,401471880,TOR,NYM,regular,Chris Bassitt,Justin Verlander,,,,,,,,
2023,2023-06-02,Seattle Mariners,Texas Rangers,0.0,2.0,False,0|0|0|0|0|0|0|0|0,0|0|0|0|0|1|0|1,,,-110.0,-110.0,0.0,7.5,espn,401471878,SEA,TEX,regular,Luis Castillo,Jon Gray,,,,,,,,
2023,2023-06-02,Los Angeles Angels,Houston Astros,2.0,6.0,False,0|0|0|0|0|0|0|2|0,2|0|0|0|1|2|1|0,,,110.0,-130.0,0.0,7.5,espn,401471868,LAA,HOU,regular,Shohei Ohtani,Framber Valdez,,,,,,,,
2023,2023-06-02,Cleveland Guardians,Minnesota Twins,0.0,1.0,False,0|0|0|0|0|0|0|0|0,0|0|0|0|0|0|1|0,,,110.0,-130.0,0.0,8.0,espn,401471871,CLE,MIN,regular,Aaron Civale,Bailey Ober,,,,,,,,
2023,2023-06-02,Colorado Rockies,Kansas City Royals,7.0,2.0,False,1|0|0|0|0|0|0|6|0,0|1|1|0|0|0|0|0|0,,,110.0,-130.0,0.0,9.5,espn,401471872,COL,KC,regular,Chase Anderson,Jordan Lyles,,,,,,,,
2023,2023-06-02,Detroit Tigers,Chicago White Sox,0.0,3.0,False,0|0|0|0|0|0|0|0|0,0|0|0|0|0|2|1|0,,,140.0,-160.0,0.0,9.0,espn,401471873,DET,CHW,regular,Reese Olson,Mike Clevinger,,,,,,,,
2023,2023-06-02,Atlanta Braves,Arizona Diamondbacks,2.0,3.0,False,0|1|0|0|0|0|1|0|0,2|0|1|0|0|0|0|0,,,-115.0,-105.0,0.0,9.0,espn,401471869,ATL,ARI,regular,Charlie Morton,Merrill Kelly,,,,,,,,
2023,2023-06-02,Chicago Cubs,San Diego Padres,2.0,1.0,False,0|0|1|0|1|0|0|0|0,0|0|0|0|0|1|0|0|0,,,160.0,-180.0,0.0,9.0,espn,401471882,CHC,SD,regular,Jameson Taillon,Michael Wacha,,,,,,,,
2023,2023-06-02,New York Yankees,Los Angeles Dodgers,4.0,8.0,False,0|1|0|1|0|0|0|0|2,6|0|1|0|0|1|0|0,,,125.0,-145.0,0.0,8.0,espn,401471875,NYY,LAD,regular,Luis Severino,Clayton Kershaw,,,,,,,,
2023,2023-06-02,Baltimore Orioles,San Francisco Giants,3.0,2.0,False,0|2|0|0|0|0|1|0|0,1|0|1|0|0|0|0|0|0,,,135.0,-155.0,0.0,7.5,espn,401471870,BAL,SF,regular,Dean Kremer,Logan Webb,,,,,,,,
2023,2023-06-03,Tampa Bay Rays,Boston Red Sox,5.0,8.0,False,0|3|0|0|1|0|1|0|0,0|0|0|0|1|6|1|0,,,100.0,-120.0,0.0,9.0,espn,401471894,TB,BOS,regular,Trevor Kelley,Garrett Whitlock,,,,,,,,
2023,2023-06-03,Detroit Tigers,Chicago White Sox,1.0,2.0,False,0|0|0|0|0|1|0|0|0|0,0|0|0|1|0|0|0|0|0|1,,,135.0,-155.0,0.0,8.5,espn,401471888,DET,CHW,regular,Michael Lorenzen,Dylan Cease,,,,,,,,
2023,2023-06-03,Philadelphia Phillies,Washington Nationals,4.0,2.0,False,0|1|1|0|0|1|0|1|0,0|0|0|2|0|0|0|0|0,,,-105.0,-115.0,0.0,8.5,espn,401471892,PHI,WSH,regular,Matt Strahm,MacKenzie Gore,,,,,,,,
2023,2023-06-03,Seattle Mariners,Texas Rangers,6.0,16.0,False,1|0|0|2|0|0|0|0|3,3|3|0|1|3|0|5|1,,,130.0,-150.0,0.0,9.0,espn,401471893,SEA,TEX,regular,Bryan Woo,Andrew Heaney,,,,,,,,
2023,2023-06-03,St. Louis Cardinals,Pittsburgh Pirates,3.0,4.0,False,0|1|0|0|0|0|0|2|0,0|0|0|0|1|3|0|0,,,-145.0,125.0,0.0,9.5,espn,401471896,STL,PIT,regular,Jordan Montgomery,Luis Ortiz,,,,,,,,
2023,2023-06-03,Los Angeles Angels,Houston Astros,6.0,9.0,False,0|0|1|0|0|0|4|0|1,1|0|1|5|0|0|2|0,,,145.0,-165.0,0.0,8.5,espn,401471883,LAA,HOU,regular,Patrick Sandoval,Cristian Javier,,,,,,,,
2023,2023-06-03,Colorado Rockies,Kansas City Royals,6.0,4.0,False,5|0|0|0|0|1|0|0|0,1|0|1|0|0|0|0|1|1,,,130.0,-150.0,0.0,9.5,espn,401471887,COL,KC,regular,Austin Gomber,Daniel Lynch IV,,,,,,,,
2023,2023-06-03,Milwaukee Brewers,Cincinnati Reds,10.0,8.0,False,1|3|5|1|0|0|0|0|0,1|0|2|0|0|3|0|0|2,,,-115.0,-105.0,0.0,10.5,espn,401471889,MIL,CIN,regular,Colin Rea,Graham Ashcraft,,,,,,,,
2023,2023-06-03,Oakland Athletics,Miami Marlins,1.0,12.0,False,0|0|0|0|0|0|0|1|0,0|4|3|0|2|0|0|3,,,180.0,-220.0,0.0,8.0,espn,401471891,OAK,MIA,regular,Luis Medina,Eury Perez,,,,,,,,
2023,2023-06-03,Toronto Blue Jays,New York Mets,2.0,1.0,False,0|0|0|0|0|1|0|0|1,0|1|0|0|0|0|0|0|0,,,-135.0,115.0,0.0,8.5,espn,401471895,TOR,NYM,regular,Jose Berrios,Tylor Megill,,,,,,,,
2023,2023-06-03,Tampa Bay Rays,Boston Red Sox,4.0,2.0,False,0|0|1|0|0|1|0|0|2,0|0|0|1|0|0|1|0|0,,,-160.0,140.0,0.0,8.5,espn,401517590,TB,BOS,regular,Tyler Glasnow,Kutter Crawford,,,,,,,,
2023,2023-06-03,Cleveland Guardians,Minnesota Twins,4.0,2.0,False,0|1|0|0|0|0|2|0|1,1|0|0|0|1|0|0|0|0,,,115.0,-135.0,0.0,7.0,espn,401471886,CLE,MIN,regular,Logan Allen,Sonny Gray,,,,,,,,
2023,2023-06-03,New York Yankees,Los Angeles Dodgers,6.0,3.0,False,0|2|0|2|0|1|0|0|1,0|1|0|0|0|0|2|0|0,,,-110.0,-110.0,0.0,9.0,espn,401471890,NYY,LAD,regular,Gerrit Cole,Michael Grove,,,,,,,,
2023,2023-06-03,Baltimore Orioles,San Francisco Giants,0.0,4.0,False,0|0|0|0|0|0|0|0|0,0|0|3|0|0|1|0|0,,,110.0,-130.0,0.0,7.5,espn,401471885,BAL,SF,regular,Kyle Bradish,Alex Cobb,,,,,,,,
2023,2023-06-03,Atlanta Braves,Arizona Diamondbacks,5.0,2.0,False,0|0|1|1|1|2|0|0|0,0|0|0|0|1|0|1|0|0,,,-244.0,205.0,0.0,9.0,espn,401471884,ATL,ARI,regular,Spencer Strider,Ryne Nelson,,,,,,,,
2023,2023-06-03,Chicago Cubs,San Diego Padres,0.0,6.0,False,0|0|0|0|0|0|0|0|0,0|2|1|0|0|0|0|3,,,160.0,-179.0,0.0,8.0,espn,401471897,CHC,SD,regular,Drew Smyly,Yu Darvish,,,,,,,,
2023,2023-06-04,St. Louis Cardinals,Pittsburgh Pirates,1.0,2.0,False,0|0|0|0|0|0|1|0|0,2|0|0|0|0|0|0|0,,,-150.0,130.0,0.0,9.0,espn,401471911,STL,PIT,regular,Miles Mikolas,Rich Hill,,,,,,,,
2023,2023-06-04,Philadelphia Phillies,Washington Nationals,11.0,3.0,False,0|1|0|0|1|3|3|0|3,0|0|0|1|0|0|0|0|2,,,-155.0,135.0,0.0,9.0,espn,401471907,PHI,WSH,regular,Ranger Suarez,Trevor Williams,,,,,,,,
2023,2023-06-04,Tampa Bay Rays,Boston Red Sox,6.0,2.0,False,0|0|1|2|1|2|0|0|0,0|0|1|0|1|0|0|0|0,,,-125.0,105.0,0.0,9.0,espn,401471909,TB,BOS,regular,Taj Bradley,Tanner Houck,,,,,,,,
2023,2023-06-04,Milwaukee Brewers,Cincinnati Reds,5.0,1.0,False,3|0|0|0|2|0|0|0|0,0|0|0|0|0|0|1|0|0,,,100.0,-120.0,0.0,9.5,espn,401471904,MIL,CIN,regular,Adrian Houser,Ben Lively,,,,,,,,
2023,2023-06-04,Oakland Athletics,Miami Marlins,5.0,7.0,False,0|0|5|0|0|0|0|0|0,0|1|0|1|3|0|0|2,,,190.0,-230.0,0.0,7.5,espn,401471906,OAK,MIA,regular,Paul Blackburn,Sandy Alcantara,,,,,,,,
2023,2023-06-04,Toronto Blue Jays,New York Mets,6.0,4.0,False,0|2|2|0|0|0|2|0|0,0|0|1|0|1|2|0|0|0,,,120.0,-140.0,0.0,8.5,espn,401471910,TOR,NYM,regular,Yusei Kikuchi,Kodai Senga,,,,,,,,
2023,2023-06-04,Los Angeles Angels,Houston Astros,2.0,1.0,False,0|0|0|0|0|1|0|1|0,0|0|0|0|1|0|0|0|0,,,125.0,-145.0,0.0,9.0,espn,401471898,LAA,HOU,regular,Griffin Canning,J.P. France,,,,,,,,
2023,2023-06-04,Cleveland Guardians,Minnesota Twins,2.0,1.0,False,0|0|0|0|0|0|2|0|0,0|0|0|0|0|0|0|1|0,,,115.0,-135.0,0.0,7.5,espn,401471901,CLE,MIN,regular,Triston McKenzie,Joe Ryan,,,,,,,,
2023,2023-06-04,Colorado Rockies,Kansas City Royals,0.0,2.0,False,0|0|0|0|0|0|0|0|0,0|0|0|0|1|0|0|1,,,130.0,-150.0,0.0,9.0,espn,401471902,COL,KC,regular,Kyle Freeland,Brady Singer,,,,,,,,
2023,2023-06-04,Detroit Tigers,Chicago White Sox,2.0,6.0,False,0|0|0|2|0|0|0|0|0,0|0|0|1|0|1|0|0|4,,,155.0,-175.0,0.0,8.5,espn,401471903,DET,CHW,regular,Matthew Boyd,Michael Kopech,,,,,,,,
2023,2023-06-04,Seattle Mariners,Texas Rangers,3.0,12.0,False,0|0|0|0|0|0|3|0|0,2|0|5|0|0|5|0|0,,,140.0,-160.0,0.0,8.0,espn,401471908,SEA,TEX,regular,Bryce Miller,Nathan Eovaldi,,,,,,,,
2023,2023-06-04,Baltimore Orioles,San Francisco Giants,8.0,3.0,False,0|0|6|0|0|1|0|0|1,0|0|0|0|0|2|0|1|0,,,-110.0,-110.0,0.0,8.0,espn,401471900,BAL,SF,regular,Tyler Wells,Anthony DeSclafani,,,,,,,,
2023,2023-06-04,Atlanta Braves,Arizona Diamondbacks,8.0,5.0,False,0|1|0|2|0|0|1|0|4,0|1|2|2|0|0|0|0|0,,,110.0,-130.0,0.0,8.5,espn,401471899,ATL,ARI,regular,Michael Soroka,Zac Gallen,,,,,,,,
2023,2023-06-04,Chicago Cubs,San Diego Padres,7.0,1.0,False,1|4|2|0|0|0|0|0|0,0|0|1|0|0|0|0|0|0,,,-110.0,-110.0,0.0,9.0,espn,401471912,CHC,SD,regular,Marcus Stroman,Ryan Weathers,,,,,,,,
2023,2023-06-04,New York Yankees,Los Angeles Dodgers,4.0,1.0,False,0|0|0|0|0|0|1|1|2,0|0|0|0|0|0|1|0|0,,,155.0,-175.0,0.0,8.5,espn,401471905,NYY,LAD,regular,Domingo German,Bobby Miller,,,,,,,,
2023,2023-06-05,Tampa Bay Rays,Boston Red Sox,4.0,1.0,False,0|0|0|0|3|0|1|0|0,0|0|0|0|0|1|0|0|0,,,-145.0,125.0,0.0,8.0,espn,401552047,TB,BOS,regular,Shane McClanahan,Brayan Bello,,,,,,,,
2023,2023-06-05,Detroit Tigers,Philadelphia Phillies,3.0,8.0,False,0|0|0|0|0|0|3|0|0,1|1|1|0|2|0|3|0,,,215.0,-260.0,0.0,8.0,espn,401471913,DET,PHI,regular,Joey Wentz,Aaron Nola,,,,,,,,
2023,2023-06-05,Kansas City Royals,Miami Marlins,6.0,9.0,False,2|0|2|0|0|0|0|1|1,0|0|2|4|1|2|0|0,,,140.0,-160.0,0.0,7.0,espn,401471915,KC,MIA,regular,Carlos Hernandez,Braxton Garrett,,,,,,,,
2023,2023-06-05,Oakland Athletics,Pittsburgh Pirates,4.0,5.0,False,1|0|2|0|0|0|0|1|0,0|0|0|0|1|3|0|1,,,167.0,-192.0,0.0,9.0,espn,401471919,OAK,PIT,regular,JP Sears,Johan Oviedo,,,,,,,,
2023,2023-06-05,Houston Astros,Toronto Blue Jays,11.0,4.0,False,6|0|0|2|2|0|0|1|0,0|1|0|0|1|0|1|1|0,,,105.0,-125.0,0.0,10.0,espn,401471914,HOU,TOR,regular,Brandon Bielak,Alek Manoah,,,,,,,,
2023,2023-06-05,Milwaukee Brewers,Cincinnati Reds,0.0,2.0,False,0|0|0|0|0|0|0|0|0,0|0|1|1|0|0|0|0,,,105.0,-125.0,0.0,9.5,espn,401471916,MIL,CIN,regular,Julio Teheran,Andrew Abbott,,,,,,,,
2023,2023-06-05,St. Louis Cardinals,Texas Rangers,3.0,4.0,False,0|1|0|0|0|0|0|2|0,0|3|0|0|0|0|0|0|1,,,125.0,-145.0,0.0,10.0,espn,401471917,STL,TEX,regular,Adam Wainwright,Martin Perez,,,,,,,,
2023,2023-06-05,Chicago Cubs,San Diego Padres,0.0,5.0,False,0|0|0|0|0|0|0|0|0,0|3|1|0|0|0|0|1,,,150.0,-170.0,0.0,9.0,espn,401471920,CHC,SD,regular,Kyle Hendricks,Blake Snell,,,,,,,,
2023,2023-06-06,Detroit Tigers,Philadelphia Phillies,0.0,1.0,False,0|0|0|0|0|0|0|0|0,1|0|0|0|0|0|0|0,,,160.0,-180.0,0.0,9.0,espn,401471926,DET,PHI,regular,Tyler Alexander,Taijuan Walker,,,,,,,,
2023,2023-06-06,Kansas City Royals,Miami Marlins,1.0,6.0,False,0|0|0|0|0|1|0|0|0,0|0|0|0|5|0|1|0,,,150.0,-170.0,0.0,7.5,espn,401471928,KC,MIA,regular,Zack Greinke,Jesus Luzardo,,,,,,,,
2023,2023-06-06,Minnesota Twins,Tampa Bay Rays,0.0,7.0,False,0|0|0|0|0|0|0|0|0,0|0|0|3|2|0|2|0,,,145.0,-165.0,0.0,7.5,espn,401471930,MIN,TB,regular,Louis Varland,Zach Eflin,,,,,,,,
2023,2023-06-06,Arizona Diamondbacks,Washington Nationals,10.0,5.0,False,1|0|0|2|3|2|2|0|0,4|0|0|0|1|0|0|0|0,,,-135.0,115.0,0.0,10.0,espn,401471921,ARI,WSH,regular,Tommy Henry,Jake Irvin,,,,,,,,
2023,2023-06-06,Chicago White Sox,New York Yankees,3.0,2.0,False,0|0|1|0|2|0|0|0|0,0|0|0|0|0|0|1|0|1,,,125.0,-145.0,0.0,8.0,espn,401471924,CHW,NYY,regular,Lucas Giolito,Clarke Schmidt,,,,,,,,
2023,2023-06-06,Oakland Athletics,Pittsburgh Pirates,11.0,2.0,False,0|1|1|0|0|3|0|4|2,1|0|0|0|1|0|0|0|0,,,230.0,-280.0,0.0,8.5,espn,401471933,OAK,PIT,regular,James Kaprielian,Mitch Keller,,,,,,,,
2023,2023-06-06,Houston Astros,Toronto Blue Jays,1.0,5.0,False,1|0|0|0|0|0|0|0|0,0|0|2|1|0|0|0|2,,,120.0,-140.0,0.0,8.0,espn,401471927,HOU,TOR,regular,Hunter Brown,Kevin Gausman,,,,,,,,
2023,2023-06-06,Boston Red Sox,Cleveland Guardians,5.0,4.0,False,0|0|0|0|0|1|0|4|0,2|0|0|0|0|0|0|2|0,,,-110.0,-110.0,0.0,7.5,espn,401471923,BOS,CLE,regular,James Paxton,Shane Bieber,,,,,,,,
2023,2023-06-06,Los Angeles Dodgers,Cincinnati Reds,8.0,9.0,False,3|0|0|5|0|0|0|0|0,3|0|0|0|1|1|1|0|3,,,-185.0,165.0,0.0,10.5,espn,401471929,LAD,CIN,regular,Tony Gonsolin,Luke Weaver,,,,,,,,
2023,2023-06-06,New York Mets,Atlanta Braves,4.0,6.0,False,0|0|4|0|0|0|0|0|0,0|1|0|0|0|4|0|1,,,150.0,-170.0,0.0,10.5,espn,401471931,NYM,ATL,regular,Carlos Carrasco,Bryce Elder,,,,,,,,
2023,2023-06-06,Baltimore Orioles,Milwaukee Brewers,3.0,4.0,False,0|2|0|0|0|0|1|0|0|0,2|0|0|0|0|0|0|1|0|1,,,110.0,-130.0,0.0,8.5,espn,401471922,BAL,MIL,regular,Kyle Gibson,Freddy Peralta,,,,,,,,
2023,2023-06-06,St. Louis Cardinals,Texas Rangers,4.0,6.0,False,2|0|0|0|0|2|0|0|0,0|1|1|3|1|0|0|0,,,120.0,-140.0,0.0,9.5,espn,401471932,STL,TEX,regular,Matthew Liberatore,Dane Dunning,,,,,,,,
2023,2023-06-06,San Francisco Giants,Colorado Rockies,10.0,4.0,False,0|2|1|0|5|0|1|0|1,0|0|0|1|1|0|2|0|0,,,-160.0,140.0,0.0,11.0,espn,401471934,SF,COL,regular,John Brebbia,Dinelson Lamet,,,,,,,,
2023,2023-06-06,Chicago Cubs,Los Angeles Angels,4.0,7.0,False,0|4|0|0|0|0|0|0|0,0|0|0|1|5|0|1|0,,,100.0,-120.0,0.0,10.0,espn,401471925,CHC,LAA,regular,Hayden Wesneski,Tyler Anderson,,,,,,,,
2023,2023-06-06,Seattle Mariners,San Diego Padres,4.0,1.0,False,0|0|1|0|0|1|0|2|0,0|0|1|0|0|0|0|0|0,,,110.0,-130.0,0.0,7.5,espn,401471935,SEA,SD,regular,Logan Gilbert,Joe Musgrove,,,,,,,,
2023,2023-06-07,Oakland Athletics,Pittsburgh Pirates,9.0,5.0,False,7|0|0|0|0|0|2|0|0,0|1|0|2|0|0|1|0|1,,,165.0,-185.0,0.0,9.5,espn,401471948,OAK,PIT,regular,Hogan Harris,Roansy Contreras,,,,,,,,
2023,2023-06-07,Seattle Mariners,San Diego Padres,3.0,10.0,False,0|0|0|0|0|0|0|3|0,0|1|3|1|3|0|2|0,,,-105.0,-115.0,0.0,7.5,espn,401471949,SEA,SD,regular,George Kirby,Michael Wacha,,,,,,,,
2023,2023-06-07,Kansas City Royals,Miami Marlins,1.0,6.0,False,0|0|1|0|0|0|0|0|0,0|0|3|0|0|0|0|3,,,170.0,-200.0,0.0,8.0,espn,401471943,KC,MIA,regular,Jordan Lyles,Edward Cabrera,,,,,,,,
2023,2023-06-07,Minnesota Twins,Tampa Bay Rays,1.0,2.0,False,0|0|0|0|0|0|0|0|1,0|1|0|0|0|0|0|0|1,,,105.0,-125.0,0.0,8.0,espn,401471945,MIN,TB,regular,Pablo Lopez,Shawn Armstrong,,,,,,,,
2023,2023-06-07,Arizona Diamondbacks,Washington Nationals,6.0,2.0,False,3|0|0|0|0|0|1|0|2,0|0|2|0|0|0|0|0|0,,,-115.0,-105.0,0.0,10.0,espn,401471936,ARI,WSH,regular,Zach Davies,Patrick Corbin,,,,,,,,
2023,2023-06-07,Houston Astros,Toronto Blue Jays,2.0,3.0,False,0|0|0|2|0|0|0|0|0,0|0|0|1|0|1|1|0,,,130.0,-150.0,0.0,9.0,espn,401471942,HOU,TOR,regular,Ronel Blanco,Chris Bassitt,,,,,,,,
2023,2023-06-07,Boston Red Sox,Cleveland Guardians,2.0,5.0,False,1|0|0|1|0|0|0|0|0,0|1|0|2|2|0|0|0,,,115.0,-135.0,0.0,8.0,espn,401471938,BOS,CLE,regular,Kutter Crawford,Tanner Bibee,,,,,,,,
2023,2023-06-07,Los Angeles Dodgers,Cincinnati Reds,6.0,8.0,False,2|1|3|0|0|0|0|0|0,2|0|4|0|0|0|0|0|2,,,-145.0,125.0,0.0,11.0,espn,401471944,LAD,CIN,regular,Noah Syndergaard,Brandon Williamson,,,,,,,,
2023,2023-06-07,New York Mets,Atlanta Braves,5.0,7.0,False,1|1|0|0|2|0|1|0|0,0|0|0|1|2|2|0|2,,,110.0,-130.0,0.0,9.5,espn,401471946,NYM,ATL,regular,Max Scherzer,Charlie Morton,,,,,,,,
2023,2023-06-07,Baltimore Orioles,Milwaukee Brewers,2.0,10.0,False,0|0|0|0|0|0|0|0|2,1|0|2|1|2|0|4|0,,,120.0,-140.0,0.0,8.0,espn,401471937,BAL,MIL,regular,Dean Kremer,Corbin Burnes,,,,,,,,
2023,2023-06-07,St. Louis Cardinals,Texas Rangers,1.0,0.0,False,0|0|0|0|0|0|0|1|0,0|0|0|0|0|0|0|0|0,,,115.0,-135.0,0.0,9.0,espn,401471947,STL,TEX,regular,Jack Flaherty,Jon Gray,,,,,,,,
2023,2023-06-07,San Francisco Giants,Colorado Rockies,5.0,4.0,False,0|0|0|0|0|0|3|2|0,0|3|0|0|0|1|0|0|0,,,-225.0,185.0,0.0,11.0,espn,401471950,SF,COL,regular,Logan Webb,Connor Seabold,,,,,,,,
2023,2023-06-07,Chicago Cubs,Los Angeles Angels,2.0,6.0,False,0|0|0|0|2|0|0|0|0,0|0|0|1|1|4|0|0,,,125.0,-145.0,0.0,9.0,espn,401471940,CHC,LAA,regular,Jameson Taillon,Jaime Barria,,,,,,,,
2023,2023-06-08,Los Angeles Dodgers,Cincinnati Reds,6.0,0.0,False,0|0|3|3|0|0|0|0|0,0|0|0|0|0|0|0|0|0,,,-250.0,210.0,0.0,9.5,espn,401471957,LAD,CIN,regular,Clayton Kershaw,Graham Ashcraft,,,,,,,,
2023,2023-06-08,Minnesota Twins,Tampa Bay Rays,2.0,4.0,False,0|0|0|1|0|0|0|1|0,0|0|0|3|0|1|0|0,,,-105.0,-115.0,0.0,8.0,espn,401471958,MIN,TB,regular,Bailey Ober,Yonny Chirinos,,,,,,,,
2023,2023-06-08,Baltimore Orioles,Milwaukee Brewers,6.0,3.0,False,0|0|0|0|0|0|1|3|2,3|0|0|0|0|0|0|0|0,,,-110.0,-110.0,0.0,9.0,espn,401471952,BAL,MIL,regular,Kyle Bradish,Colin Rea,,,,,,,,
2023,2023-06-08,San Francisco Giants,Colorado Rockies,6.0,4.0,False,1|0|0|0|0|2|0|0|3,4|0|0|0|0|0|0|0|0,,,-175.0,155.0,0.0,12.0,espn,401471960,SF,COL,regular,Alex Cobb,Chase Anderson,,,,,,,,
2023,2023-06-08,Chicago White Sox,New York Yankees,6.0,5.0,False,0|2|2|0|0|0|2|0|0,0|2|0|2|1|0|0|0|0,,,120.0,-140.0,0.0,8.0,espn,401552598,CHW,NYY,regular,Lance Lynn,Luis Severino,,,,,,,,
2023,2023-06-08,Detroit Tigers,Philadelphia Phillies,2.0,3.0,False,0|0|0|0|0|0|0|1|1,0|0|0|0|0|1|0|0|2,,,190.0,-230.0,0.0,7.5,espn,401552597,DET,PHI,regular,Tyler Holton,Zack Wheeler,,,,,,,,
2023,2023-06-08,Houston Astros,Toronto Blue Jays,2.0,3.0,False,0|2|0|0|0|0|0|0|0,0|0|0|0|3|0|0|0,,,-115.0,-105.0,0.0,8.0,espn,401471956,HOU,TOR,regular,Framber Valdez,Jose Berrios,,,,,,,,
2023,2023-06-08,Boston Red Sox,Cleveland Guardians,3.0,10.0,False,0|0|0|0|1|1|0|0|1,1|0|2|0|0|5|0|2,,,130.0,-150.0,0.0,8.5,espn,401471953,BOS,CLE,regular,Matt Dermody,Aaron Civale,,,,,,,,
2023,2023-06-08,New York Mets,Atlanta Braves,10.0,13.0,False,0|5|1|2|1|1|0|0|0|0,3|0|2|0|1|1|0|2|1|3,,,165.0,-185.0,0.0,8.5,espn,401471959,NYM,ATL,regular,Justin Verlander,Spencer Strider,,,,,,,,
2023,2023-06-08,Chicago White Sox,New York Yankees,0.0,3.0,False,0|0|0|0|0|0|0|0|0,0|0|0|2|1|0|0|0,,,115.0,-135.0,0.0,8.5,espn,401471954,CHW,NYY,regular,Mike Clevinger,Randy Vasquez,,,,,,,,
2023,2023-06-08,Chicago Cubs,Los Angeles Angels,1.0,3.0,False,0|1|0|0|0|0|0|0|0,0|2|0|0|0|1|0|0,,,110.0,-130.0,0.0,9.0,espn,401471955,CHC,LAA,regular,Drew Smyly,Reid Detmers,,,,,,,,
2023,2023-06-09,Arizona Diamondbacks,Detroit Tigers,11.0,6.0,False,1|1|0|0|0|0|7|1|1,0|1|0|0|0|1|1|1|2,,,-135.0,115.0,0.0,8.0,espn,401471961,ARI,DET,regular,Merrill Kelly,Michael Lorenzen,,,,,,,,
2023,2023-06-09,Texas Rangers,Tampa Bay Rays,3.0,8.0,False,0|0|1|0|0|0|0|1|1,1|0|3|0|0|4|0|0,,,150.0,-170.0,0.0,8.5,espn,401471972,TEX,TB,regular,Andrew Heaney,Tyler Glasnow,,,,,,,,
2023,2023-06-09,Boston Red Sox,New York Yankees,3.0,2.0,False,0|0|0|1|0|1|1|0|0,0|0|0|0|0|1|1|0|0,,,130.0,-150.0,0.0,8.0,espn,401471962,BOS,NYY,regular,Garrett Whitlock,Gerrit Cole,,,,,,,,
2023,2023-06-09,Kansas City Royals,Baltimore Orioles,2.0,3.0,False,0|0|1|0|0|0|1|0|0,1|1|0|0|1|0|0|0,,,165.0,-185.0,0.0,8.0,espn,401471966,KC,BAL,regular,Daniel Lynch IV,Tyler Wells,,,,,,,,
2023,2023-06-09,Los Angeles Dodgers,Philadelphia Phillies,4.0,5.0,False,1|0|0|0|0|0|3|0|0,0|0|1|0|3|0|0|0|1,,,-110.0,-110.0,0.0,9.0,espn,401471967,LAD,PHI,regular,Victor Gonzalez,Ranger Suarez,,,,,,,,
2023,2023-06-09,New York Mets,Pittsburgh Pirates,7.0,14.0,False,0|1|1|0|0|0|0|0|5,0|2|5|3|0|2|0|2,,,100.0,-120.0,0.0,9.5,espn,401471974,NYM,PIT,regular,Tylor Megill,Rich Hill,,,,,,,,
2023,2023-06-09,Minnesota Twins,Toronto Blue Jays,3.0,2.0,False,0|0|0|0|2|0|0|0|0|1,0|0|0|0|1|1|0|0|0|0,,,105.0,-125.0,0.0,8.5,espn,401471969,MIN,TOR,regular,Sonny Gray,Yusei Kikuchi,,,,,,,,
2023,2023-06-09,Houston Astros,Cleveland Guardians,9.0,10.0,False,3|1|0|0|1|0|0|1|0|0|0|1|1|1,0|0|1|0|3|0|1|0|1|0|0|1|1|2,,,-110.0,-110.0,0.0,8.0,espn,401471965,HOU,CLE,regular,Cristian Javier,Logan Allen,,,,,,,,
2023,2023-06-09,Washington Nationals,Atlanta Braves,2.0,3.0,False,1|0|0|0|0|1|0|0|0,0|1|0|0|0|0|0|2,,,175.0,-210.0,0.0,10.0,espn,401471973,WSH,ATL,regular,Josiah Gray,AJ Smith-Shawver,,,,,,,,
2023,2023-06-09,Miami Marlins,Chicago White Sox,1.0,2.0,False,0|0|0|0|1|0|0|0|0,0|1|0|0|0|0|0|0|1,,,-105.0,-115.0,0.0,8.0,espn,401471968,MIA,CHW,regular,Eury Perez,Dylan Cease,,,,,,,,
2023,2023-06-09,Oakland Athletics,Milwaukee Brewers,5.0,2.0,False,3|1|0|0|1|0|0|0|0,0|2|0|0|0|0|0|0|0,,,215.0,-260.0,0.0,9.5,espn,401471970,OAK,MIL,regular,Sam Moll,Adrian Houser,,,,,,,,
2023,2023-06-09,Cincinnati Reds,St. Louis Cardinals,4.0,7.0,False,0|0|0|0|0|0|2|2|0,2|2|0|1|0|0|2|0,,,145.0,-165.0,0.0,7.5,espn,401471964,CIN,STL,regular,Ben Lively,Jordan Montgomery,,,,,,,,
2023,2023-06-09,San Diego Padres,Colorado Rockies,9.0,6.0,False,3|3|0|0|1|1|1|0|0,0|0|1|0|0|3|0|2|0,,,-200.0,170.0,0.0,11.5,espn,401471975,SD,COL,regular,Yu Darvish,Austin Gomber,,,,,,,,
2023,2023-06-09,Seattle Mariners,Los Angeles Angels,4.0,5.0,False,2|0|0|0|1|0|0|0|1,0|0|2|1|0|2|0|0,,,100.0,-120.0,0.0,7.5,espn,401471971,SEA,LAA,regular,Luis Castillo,Shohei Ohtani,,,,,,,,
2023,2023-06-09,Chicago Cubs,San Francisco Giants,3.0,2.0,False,0|0|0|0|0|0|3|0|0,0|0|1|0|0|0|1|0|0,,,100.0,-120.0,0.0,8.0,espn,401471963,CHC,SF,regular,Marcus Stroman,Anthony DeSclafani,,,,,,,,
2023,2023-06-10,Arizona Diamondbacks,Detroit Tigers,5.0,0.0,False,0|2|0|0|3|0|0|0|0,0|0|0|0|0|0|0|0|0,,,-125.0,105.0,0.0,9.0,espn,401471976,ARI,DET,regular,Ryne Nelson,Matthew Boyd,,,,,,,,
2023,2023-06-10,Miami Marlins,Chicago White Sox,5.0,1.0,False,0|0|0|0|0|0|0|0|5,0|0|0|1|0|0|0|0|0,,,100.0,-120.0,0.0,8.0,espn,401471983,MIA,CHW,regular,Sandy Alcantara,Michael Kopech,,,,,,,,
2023,2023-06-10,Cincinnati Reds,St. Louis Cardinals,8.0,4.0,False,0|3|2|0|0|0|2|0|1,0|0|0|0|0|0|1|2|1,,,155.0,-175.0,0.0,9.0,espn,401471979,CIN,STL,regular,Andrew Abbott,Miles Mikolas,,,,,,,,
2023,2023-06-10,Minnesota Twins,Toronto Blue Jays,9.0,4.0,False,0|0|0|0|0|0|1|7|1,0|1|1|0|1|0|0|0|1,,,115.0,-135.0,0.0,8.5,espn,401471984,MIN,TOR,regular,Joe Ryan,Trevor Richards,,,,,,,,
2023,2023-06-10,San Diego Padres,Colorado Rockies,3.0,2.0,False,1|0|0|0|0|2|0|0|0,0|1|0|0|1|0|0|0|0,,,-140.0,120.0,0.0,12.5,espn,401471986,SD,COL,regular,Ryan Weathers,Kyle Freeland,,,,,,,,
2023,2023-06-10,Kansas City Royals,Baltimore Orioles,1.0,6.0,False,0|0|0|0|1|0|0|0|0,2|1|0|0|1|0|0|2,,,125.0,-145.0,0.0,9.5,espn,401471981,KC,BAL,regular,Brady Singer,Cole Irvin,,,,,,,,
2023,2023-06-10,Los Angeles Dodgers,Philadelphia Phillies,9.0,0.0,False,0|0|2|1|0|0|6|0|0,0|0|0|0|0|0|0|0|0,,,-120.0,100.0,0.0,8.5,espn,401471982,LAD,PHI,regular,Bobby Miller,Aaron Nola,,,,,,,,
2023,2023-06-10,New York Mets,Pittsburgh Pirates,5.0,1.0,False,0|0|1|0|0|0|2|1|1,0|0|0|1|0|0|0|0|0,,,-120.0,100.0,0.0,9.5,espn,401471990,NYM,PIT,regular,Kodai Senga,Johan Oviedo,,,,,,,,
2023,2023-06-10,Oakland Athletics,Milwaukee Brewers,2.0,1.0,False,0|0|0|0|1|0|0|0|0|1,0|0|0|0|0|0|0|1|0|0,,,150.0,-170.0,0.0,9.5,espn,401471985,OAK,MIL,regular,Paul Blackburn,Julio Teheran,,,,,,,,
2023,2023-06-10,Texas Rangers,Tampa Bay Rays,8.0,4.0,False,0|3|0|3|0|2|0|0|0,0|0|0|4|0|0|0|0|0,,,-110.0,-110.0,0.0,8.0,espn,401471988,TEX,TB,regular,Nathan Eovaldi,Taj Bradley,,,,,,,,
2023,2023-06-10,Washington Nationals,Atlanta Braves,4.0,6.0,False,1|0|0|0|2|0|0|0|1,1|4|0|0|0|0|1|0,,,165.0,-185.0,0.0,9.5,espn,401471989,WSH,ATL,regular,MacKenzie Gore,Jared Shuster,,,,,,,,
2023,2023-06-10,Houston Astros,Cleveland Guardians,6.0,4.0,False,3|0|0|2|0|0|0|0|1,1|0|0|0|0|0|2|0|1,,,120.0,-140.0,0.0,8.0,espn,401471980,HOU,CLE,regular,J.P. France,Triston McKenzie,,,,,,,,
2023,2023-06-10,Boston Red Sox,New York Yankees,1.0,3.0,False,0|0|0|0|0|1|0|0|0,0|0|0|1|0|1|1|0,,,110.0,-130.0,0.0,9.0,espn,401471977,BOS,NYY,regular,Tanner Houck,Domingo German,,,,,,,,
2023,2023-06-10,Chicago Cubs,San Francisco Giants,4.0,0.0,False,0|0|1|1|2|0|0|0|0,0|0|0|0|0|0|0|0|0,,,155.0,-175.0,0.0,8.5,espn,401471978,CHC,SF,regular,Kyle Hendricks,John Brebbia,,,,,,,,
2023,2023-06-10,Seattle Mariners,Los Angeles Angels,6.0,2.0,False,0|0|3|2|0|0|1|0|0,0|0|2|0|0|0|0|0|0,,,135.0,-155.0,0.0,9.0,espn,401471987,SEA,LAA,regular,Bryan Woo,Patrick Sandoval,,,,,,,,
2023,2023-06-11,Arizona Diamondbacks,Detroit Tigers,7.0,5.0,False,0|2|0|0|0|0|0|1|4,1|0|1|3|0|0|0|0|0,,,-230.0,190.0,0.0,8.5,espn,401471991,ARI,DET,regular,Zac Gallen,Will Vest,,,,,,,,
2023,2023-06-11,Houston Astros,Cleveland Guardians,0.0,5.0,False,0|0|0|0|0|0|0|0|0,0|2|0|1|1|1|0|0,,,100.0,-120.0,0.0,8.0,espn,401471995,HOU,CLE,regular,Brandon Bielak,Shane Bieber,,,,,,,,
2023,2023-06-11,Kansas City Royals,Baltimore Orioles,3.0,11.0,False,1|0|2|0|0|0|0|0|0,3|0|3|1|0|0|3|1,,,140.0,-160.0,0.0,9.0,espn,401471996,KC,BAL,regular,Carlos Hernandez,Kyle Gibson,,,,,,,,
2023,2023-06-11,Los Angeles Dodgers,Philadelphia Phillies,3.0,7.0,False,0|0|0|0|0|1|1|1|0,1|0|2|0|0|1|3|0,,,-135.0,115.0,0.0,11.0,espn,401471997,LAD,PHI,regular,Caleb Ferguson,Taijuan Walker,,,,,,,,
2023,2023-06-11,Washington Nationals,Atlanta Braves,6.0,2.0,False,0|0|0|1|0|5|0|0|0,2|0|0|0|0|0|0|0|0,,,235.0,-291.0,0.0,9.5,espn,401472003,WSH,ATL,regular,Trevor Williams,Bryce Elder,,,,,,,,
2023,2023-06-11,New York Mets,Pittsburgh Pirates,1.0,2.0,False,0|0|0|1|0|0|0|0|0,0|0|0|2|0|0|0|0,,,115.0,-135.0,0.0,8.5,espn,401472004,NYM,PIT,regular,Carlos Carrasco,Mitch Keller,,,,,,,,
2023,2023-06-11,Minnesota Twins,Toronto Blue Jays,6.0,7.0,False,4|0|0|0|2|0|0|0|0,1|0|0|0|3|0|0|3,,,175.0,-210.0,0.0,7.5,espn,401471999,MIN,TOR,regular,Louis Varland,Kevin Gausman,,,,,,,,
2023,2023-06-11,Texas Rangers,Tampa Bay Rays,3.0,7.0,False,0|0|3|0|0|0|0|0|0,2|2|0|3|0|0|0|0,,,170.0,-200.0,0.0,8.5,espn,401472002,TEX,TB,regular,Martin Perez,Shane McClanahan,,,,,,,,
2023,2023-06-11,Miami Marlins,Chicago White Sox,6.0,5.0,False,0|0|0|0|1|0|0|2|3,0|0|0|0|0|3|2|0|0,,,-105.0,-115.0,0.0,8.0,espn,401471998,MIA,CHW,regular,Braxton Garrett,Lucas Giolito,,,,,,,,
2023,2023-06-11,Oakland Athletics,Milwaukee Brewers,8.0,6.0,False,0|0|0|4|0|0|1|0|3,0|1|1|0|0|1|0|0|3,,,175.0,-210.0,0.0,8.0,espn,401472000,OAK,MIL,regular,JP Sears,Freddy Peralta,,,,,,,,
2023,2023-06-11,Cincinnati Reds,St. Louis Cardinals,4.0,3.0,False,1|0|1|0|0|1|0|1|0,0|2|1|0|0|0|0|0|0,,,-105.0,-115.0,0.0,8.0,espn,401471994,CIN,STL,regular,Hunter Greene,Adam Wainwright,,,,,,,,
2023,2023-06-11,San Diego Padres,Colorado Rockies,4.0,5.0,False,0|0|1|2|0|0|0|0|1,1|0|0|0|0|0|0|2|2,,,-210.0,175.0,0.0,11.5,espn,401472005,SD,COL,regular,Blake Snell,Dinelson Lamet,,,,,,,,
2023,2023-06-11,Chicago Cubs,San Francisco Giants,3.0,13.0,False,0|1|1|0|0|1|0|0|0,2|0|2|1|3|2|3|0,,,135.0,-155.0,0.0,8.5,espn,401471993,CHC,SF,regular,Hayden Wesneski,John Brebbia,,,,,,,,
2023,2023-06-11,Seattle Mariners,Los Angeles Angels,4.0,9.0,False,0|0|0|2|1|1|0|0|0,2|1|3|1|0|0|0|2,,,-120.0,100.0,0.0,8.5,espn,401472001,SEA,LAA,regular,Bryce Miller,Griffin Canning,,,,,,,,
2023,2023-06-11,Boston Red Sox,New York Yankees,3.0,2.0,False,0|1|0|0|0|0|0|1|0|1,0|2|0|0|0|0|0|0|0|0,,,-105.0,-115.0,0.0,8.5,espn,401471992,BOS,NYY,regular,Brayan Bello,Clarke Schmidt,,,,,,,,
2023,2023-06-12,Atlanta Braves,Detroit Tigers,5.0,6.0,False,0|1|0|0|2|1|0|1|0|0,0|0|0|0|0|0|1|1|3|1,,,-270.0,220.0,0.0,9.0,espn,401472007,ATL,DET,regular,Charlie Morton,Mason Englert,,,,,,,,
2023,2023-06-12,Colorado Rockies,Boston Red Sox,4.0,3.0,False,0|0|0|1|0|0|0|1|0|2,0|0|0|0|0|1|1|0|0|1,,,200.0,-240.0,0.0,9.0,espn,401472009,COL,BOS,regular,Connor Seabold,James Paxton,,,,,,,,
2023,2023-06-12,San Francisco Giants,St. Louis Cardinals,4.0,3.0,False,0|0|2|0|0|0|1|1|0,0|0|0|0|1|2|0|0|0,,,-125.0,105.0,0.0,8.0,espn,401472012,SF,STL,regular,Logan Webb,Matthew Liberatore,,,,,,,,
2023,2023-06-12,Los Angeles Angels,Texas Rangers,9.0,6.0,False,0|0|1|0|3|0|1|0|0|0|0|4,0|3|2|0|0|0|0|0|0|0|0|1,,,135.0,-155.0,0.0,10.0,espn,401472006,LAA,TEX,regular,Tyler Anderson,Dane Dunning,,,,,,,,
2023,2023-06-12,Cincinnati Reds,Kansas City Royals,5.0,4.0,False,0|0|1|0|0|2|0|0|1|1,2|1|0|0|0|0|0|0|1|0,,,-110.0,-110.0,0.0,8.5,espn,401472008,CIN,KC,regular,Luke Weaver,Zack Greinke,,,,,,,,
2023,2023-06-12,Miami Marlins,Seattle Mariners,1.0,8.0,False,0|0|0|0|1|0|0|0|0,2|4|0|0|1|0|0|1,,,-115.0,-105.0,0.0,7.5,espn,401472010,MIA,SEA,regular,Jesus Luzardo,Bryce Miller,,,,,,,,
2023,2023-06-12,Philadelphia Phillies,Arizona Diamondbacks,8.0,9.0,False,0|1|4|0|0|0|2|0|1,1|0|2|2|0|4|0|0,,,-120.0,100.0,0.0,10.0,espn,401472011,PHI,ARI,regular,Matt Strahm,Tommy Henry,,,,,,,,
2023,2023-06-12,Tampa Bay Rays,Oakland Athletics,3.0,4.0,False,0|0|0|0|0|3|0|0|0,0|0|0|0|4|0|0|0,,,-270.0,220.0,0.0,8.5,espn,401472013,TB,OAK,regular,Zach Eflin,James Kaprielian,,,,,,,,
2023,2023-06-13,Toronto Blue Jays,Baltimore Orioles,6.0,11.0,False,1|0|0|1|0|0|0|2|2,0|2|6|1|1|1|0|0,,,-125.0,105.0,0.0,9.0,espn,401472026,TOR,BAL,regular,Chris Bassitt,Dean Kremer,,,,,,,,
2023,2023-06-13,Colorado Rockies,Boston Red Sox,7.0,6.0,False,0|0|3|1|0|0|0|0|0|3,0|0|0|2|1|1|0|0|0|2,,,180.0,-220.0,0.0,9.0,espn,401472018,COL,BOS,regular,Chase Anderson,Kutter Crawford,,,,,,,,
2023,2023-06-13,New York Yankees,New York Mets,7.0,6.0,False,1|0|0|5|0|1|0|0|0,2|2|1|0|1|0|0|0|0,,,140.0,-160.0,0.0,7.5,espn,401472021,NYY,NYM,regular,Luis Severino,Max Scherzer,,,,,,,,
2023,2023-06-13,Milwaukee Brewers,Minnesota Twins,5.0,7.0,False,0|0|3|0|0|0|2|0|0,0|0|2|0|0|0|1|0|4,,,110.0,-130.0,0.0,7.0,espn,401472020,MIL,MIN,regular,Corbin Burnes,Pablo Lopez,,,,,,,,
2023,2023-06-13,San Francisco Giants,St. Louis Cardinals,11.0,3.0,False,2|0|1|0|3|3|0|0|2,2|0|0|0|0|0|0|1|0,,,-105.0,-115.0,0.0,9.0,espn,401472024,SF,STL,regular,Alex Cobb,Jack Flaherty,,,,,,,,
2023,2023-06-13,Los Angeles Angels,Texas Rangers,7.0,3.0,False,0|0|1|0|0|3|0|0|3,0|0|2|0|1|0|0|0|0,,,115.0,-135.0,0.0,9.5,espn,401472014,LAA,TEX,regular,Jaime Barria,Cody Bradford,,,,,,,,
2023,2023-06-13,Pittsburgh Pirates,Chicago Cubs,3.0,11.0,False,1|1|0|0|0|1|0|0|0,3|0|0|0|0|1|4|3,,,105.0,-125.0,0.0,9.0,espn,401472023,PIT,CHC,regular,Luis Ortiz,Jameson Taillon,,,,,,,,
2023,2023-06-13,Cincinnati Reds,Kansas City Royals,5.0,4.0,False,0|5|0|0|0|0|0|0|0,1|1|2|0|0|0|0|0|0,,,-115.0,-105.0,0.0,10.0,espn,401472017,CIN,KC,regular,Brandon Williamson,Jordan Lyles,,,,,,,,
2023,2023-06-13,Washington Nationals,Houston Astros,1.0,6.0,False,0|0|0|0|0|0|0|1|0,0|0|0|0|2|0|2|2,,,220.0,-270.0,0.0,8.5,espn,401472027,WSH,HOU,regular,Patrick Corbin,Hunter Brown,,,,,,,,
2023,2023-06-13,Miami Marlins,Seattle Mariners,3.0,9.0,False,0|0|0|0|0|1|0|2|0,0|3|0|2|0|3|0|1,,,140.0,-160.0,0.0,7.0,espn,401472019,MIA,SEA,regular,Edward Cabrera,George Kirby,,,,,,,,
2023,2023-06-13,Philadelphia Phillies,Arizona Diamondbacks,15.0,3.0,False,4|0|2|0|1|0|1|3|4,0|0|0|0|0|1|1|1|0,,,-140.0,120.0,0.0,9.0,espn,401472022,PHI,ARI,regular,Zack Wheeler,Zach Davies,,,,,,,,
2023,2023-06-13,Tampa Bay Rays,Oakland Athletics,1.0,2.0,False,0|0|0|0|1|0|0|0|0,0|0|0|0|0|0|1|1,,,-210.0,175.0,0.0,9.0,espn,401472025,TB,OAK,regular,Jalen Beeks,Shintaro Fujinami,,,,,,,,
2023,2023-06-13,Cleveland Guardians,San Diego Padres,3.0,6.0,False,0|1|0|0|1|1|0|0|0,4|1|0|0|1|0|0|0,,,150.0,-170.0,0.0,7.5,espn,401472028,CLE,SD,regular,Tanner Bibee,Joe Musgrove,,,,,,,,
2023,2023-06-13,Chicago White Sox,Los Angeles Dodgers,1.0,5.0,False,0|0|0|0|0|0|0|0|1,4|0|0|0|0|1|0|0,,,170.0,-200.0,0.0,9.0,espn,401472016,CHW,LAD,regular,Lance Lynn,Tony Gonsolin,,,,,,,,
2023,2023-06-14,Atlanta Braves,Detroit Tigers,10.0,7.0,False,0|0|2|5|0|0|1|2|0,1|3|0|0|1|0|0|1|1,,,-260.0,215.0,0.0,8.5,espn,401472030,ATL,DET,regular,Spencer Strider,Reese Olson,,,,,,,,
2023,2023-06-14,Milwaukee Brewers,Minnesota Twins,2.0,4.0,False,0|2|0|0|0|0|0|0|0,0|0|4|0|0|0|0|0,,,135.0,-155.0,0.0,8.5,espn,401472035,MIL,MIN,regular,Colin Rea,Bailey Ober,,,,,,,,
2023,2023-06-14,San Francisco Giants,St. Louis Cardinals,8.0,5.0,False,2|0|0|0|0|0|1|0|2|3,0|4|1|0|0|0|0|0|0|0,,,130.0,-150.0,0.0,8.5,espn,401472039,SF,STL,regular,Anthony DeSclafani,Jordan Montgomery,,,,,,,,
2023,2023-06-14,Atlanta Braves,Detroit Tigers,6.0,5.0,False,1|1|1|2|0|1|0|0|0,0|0|1|4|0|0|0|0|0,,,-145.0,125.0,0.0,9.5,espn,401553629,ATL,DET,regular,Dylan Dodd,Michael Lorenzen,,,,,,,,
2023,2023-06-14,New York Yankees,New York Mets,3.0,4.0,False,0|0|0|0|0|1|2|0|0|0,0|0|0|0|1|0|2|0|0|1,,,-110.0,-110.0,0.0,7.5,espn,401472036,NYY,NYM,regular,Gerrit Cole,Justin Verlander,,,,,,,,
2023,2023-06-14,Toronto Blue Jays,Baltimore Orioles,3.0,1.0,False,0|0|0|0|0|1|0|2|0,0|0|0|0|0|0|0|0|1,,,-120.0,100.0,0.0,8.5,espn,401472041,TOR,BAL,regular,Jose Berrios,Kyle Bradish,,,,,,,,
2023,2023-06-14,Colorado Rockies,Boston Red Sox,3.0,6.0,False,0|0|0|0|0|2|0|0|1,1|0|0|0|0|0|5|0,,,190.0,-230.0,0.0,9.5,espn,401472033,COL,BOS,regular,Austin Gomber,Garrett Whitlock,,,,,,,,
2023,2023-06-14,Los Angeles Angels,Texas Rangers,3.0,6.0,False,0|0|1|0|0|0|0|0|2,0|0|1|0|0|0|3|2,,,120.0,-140.0,0.0,9.0,espn,401472029,LAA,TEX,regular,Reid Detmers,Andrew Heaney,,,,,,,,
2023,2023-06-14,Pittsburgh Pirates,Chicago Cubs,6.0,10.0,False,3|0|1|1|0|0|1|0|0,1|0|0|0|0|6|0|3,,,130.0,-150.0,0.0,9.0,espn,401472038,PIT,CHC,regular,Osvaldo Bido,Drew Smyly,,,,,,,,
2023,2023-06-14,Cincinnati Reds,Kansas City Royals,7.0,4.0,False,0|1|0|1|5|0|0|0|0,0|0|1|0|0|1|1|0|1,,,-115.0,-105.0,0.0,9.5,espn,401472032,CIN,KC,regular,Ben Lively,Daniel Lynch IV,,,,,,,,
2023,2023-06-14,Washington Nationals,Houston Astros,4.0,5.0,False,0|0|0|0|1|0|0|0|3,2|0|0|2|0|0|0|0|1,,,205.0,-245.0,0.0,7.5,espn,401472042,WSH,HOU,regular,Josiah Gray,Framber Valdez,,,,,,,,
2023,2023-06-14,Miami Marlins,Seattle Mariners,4.0,1.0,False,0|0|1|0|0|1|0|2|0,0|0|0|0|0|0|0|0|1,,,165.0,-185.0,0.0,6.5,espn,401472034,MIA,SEA,regular,Eury Perez,Luis Castillo,,,,,,,,
2023,2023-06-14,Philadelphia Phillies,Arizona Diamondbacks,4.0,3.0,False,0|1|1|0|0|1|0|0|0|1,0|0|0|0|0|0|0|3|0|0,,,105.0,-125.0,0.0,8.0,espn,401472037,PHI,ARI,regular,Ranger Suarez,Merrill Kelly,,,,,,,,
2023,2023-06-14,Tampa Bay Rays,Oakland Athletics,6.0,3.0,False,0|1|0|0|3|0|1|0|1,0|3|0|0|0|0|0|0|0,,,-280.0,230.0,0.0,8.0,espn,401472040,TB,OAK,regular,Tyler Glasnow,Luis Medina,,,,,,,,
2023,2023-06-14,Cleveland Guardians,San Diego Padres,0.0,5.0,False,0|0|0|0|0|0|0|0|0,1|0|1|0|0|2|0|1,,,140.0,-160.0,0.0,8.5,espn,401472043,CLE,SD,regular,Aaron Civale,Michael Wacha,,,,,,,,
2023,2023-06-14,Chicago White Sox,Los Angeles Dodgers,8.0,4.0,False,0|1|1|0|0|0|0|3|3,0|0|0|0|0|4|0|0|0,,,215.0,-260.0,0.0,8.0,espn,401472031,CHW,LAD,regular,Mike Clevinger,Clayton Kershaw,,,,,,,,
2023,2023-06-15,Toronto Blue Jays,Baltimore Orioles,2.0,4.0,False,0|0|1|0|1|0|0|0|0,1|0|0|0|1|1|0|1,,,105.0,-125.0,0.0,9.0,espn,401472051,TOR,BAL,regular,Yusei Kikuchi,Tyler Wells,,,,,,,,
2023,2023-06-15,Tampa Bay Rays,Oakland Athletics,4.0,3.0,False,0|2|0|1|0|0|0|1|0,0|0|0|0|3|0|0|0|0,,,-210.0,175.0,0.0,8.5,espn,401472050,TB,OAK,regular,Taj Bradley,Paul Blackburn,,,,,,,,
2023,2023-06-15,Philadelphia Phillies,Arizona Diamondbacks,5.0,4.0,False,0|2|1|2|0|0|0|0|0,0|0|4|0|0|0|0|0|0,,,-130.0,110.0,0.0,9.0,espn,401472048,PHI,ARI,regular,Aaron Nola,Ryne Nelson,,,,,,,,
2023,2023-06-15,Detroit Tigers,Minnesota Twins,8.0,4.0,False,0|1|0|1|3|0|0|0|3,0|4|0|0|0|0|0|0|0,,,175.0,-210.0,0.0,7.5,espn,401472047,DET,MIN,regular,Matthew Boyd,Sonny Gray,,,,,,,,
2023,2023-06-15,Colorado Rockies,Atlanta Braves,3.0,8.0,False,0|1|0|1|1|0|0|0|0,0|5|0|1|1|0|1|0,,,205.0,-245.0,0.0,9.0,espn,401472046,COL,ATL,regular,Kyle Freeland,AJ Smith-Shawver,,,,,,,,
2023,2023-06-15,Los Angeles Angels,Texas Rangers,5.0,3.0,False,0|1|0|1|0|0|1|2|0,0|0|2|0|0|0|0|0|1,,,115.0,-135.0,0.0,8.0,espn,401472044,LAA,TEX,regular,Shohei Ohtani,Nathan Eovaldi,,,,,,,,
2023,2023-06-15,Pittsburgh Pirates,Chicago Cubs,2.0,7.0,False,0|0|2|0|0|0|0|0|0,0|0|1|0|5|1|0|0,,,130.0,-150.0,0.0,7.0,espn,401472049,PIT,CHC,regular,Johan Oviedo,Marcus Stroman,,,,,,,,
2023,2023-06-15,Washington Nationals,Houston Astros,4.0,1.0,False,0|0|0|0|0|0|0|0|1|3,0|0|0|0|0|0|0|0|1|0,,,170.0,-200.0,0.0,8.0,espn,401472052,WSH,HOU,regular,MacKenzie Gore,Cristian Javier,,,,,,,,
2023,2023-06-15,Cleveland Guardians,San Diego Padres,8.0,6.0,False,5|1|0|1|0|0|0|1|0,3|0|2|0|1|0|0|0|0,,,100.0,-120.0,0.0,9.0,espn,401472053,CLE,SD,regular,Logan Allen,Ryan Weathers,,,,,,,,
2023,2023-06-15,Chicago White Sox,Los Angeles Dodgers,4.0,5.0,False,2|0|0|2|0|0|0|0|0|0|0,0|0|0|0|0|4|0|0|0|0|1,,,120.0,-140.0,0.0,9.0,espn,401472045,CHW,LAD,regular,Dylan Cease,Michael Grove,,,,,,,,
2023,2023-06-16,Baltimore Orioles,Chicago Cubs,3.0,10.0,False,0|0|0|1|1|0|0|1|0,0|0|3|0|0|6|1|0,,,115.0,-135.0,0.0,8.5,espn,401472055,BAL,CHC,regular,Cole Irvin,Kyle Hendricks,,,,,,,,
2023,2023-06-16,Miami Marlins,Washington Nationals,6.0,5.0,False,2|2|0|1|0|0|0|1|0,2|0|1|2|0|0|0|0|0,,,-150.0,130.0,0.0,8.0,espn,401472061,MIA,WSH,regular,Sandy Alcantara,Trevor Williams,,,,,,,,
2023,2023-06-16,New York Yankees,Boston Red Sox,5.0,15.0,False,1|0|0|0|0|3|0|1|0,2|2|6|3|0|1|0|1,,,105.0,-125.0,0.0,10.0,espn,401472062,NYY,BOS,regular,Domingo German,Tanner Houck,,,,,,,,
2023,2023-06-16,St. Louis Cardinals,New York Mets,1.0,6.0,False,0|0|0|0|1|0|0|0|0,3|0|2|0|0|1|0|0,,,-120.0,100.0,0.0,9.0,espn,401472066,STL,NYM,regular,Miles Mikolas,Tylor Megill,,,,,,,,
2023,2023-06-16,Colorado Rockies,Atlanta Braves,1.0,8.0,False,0|0|0|0|0|1|0|0|0,3|0|2|3|0|0|0|0,,,200.0,-240.0,0.0,10.5,espn,401472059,COL,ATL,regular,Dinelson Lamet,Jared Shuster,,,,,,,,
2023,2023-06-16,Toronto Blue Jays,Texas Rangers,2.0,1.0,False,0|0|0|0|2|0|0|0|0,0|0|1|0|0|0|0|0|0,,,-155.0,135.0,0.0,9.0,espn,401472067,TOR,TEX,regular,Kevin Gausman,Martin Perez,,,,,,,,
2023,2023-06-16,Los Angeles Angels,Kansas City Royals,3.0,0.0,False,1|0|0|0|0|1|1|0|0,0|0|0|0|0|0|0|0|0,,,-145.0,125.0,0.0,9.0,espn,401472054,LAA,KC,regular,Patrick Sandoval,Brady Singer,,,,,,,,
2023,2023-06-16,Cincinnati Reds,Houston Astros,2.0,1.0,False,0|0|0|0|0|0|2|0|0,0|0|0|0|0|0|0|0|1,,,150.0,-170.0,0.0,8.5,espn,401472057,CIN,HOU,regular,Andrew Abbott,J.P. France,,,,,,,,
2023,2023-06-16,Detroit Tigers,Minnesota Twins,7.0,1.0,False,0|0|5|1|0|0|0|0|1,0|1|0|0|0|0|0|0|0,,,210.0,-250.0,0.0,7.5,espn,401472060,DET,MIN,regular,Will Vest,Joe Ryan,,,,,,,,
2023,2023-06-16,Pittsburgh Pirates,Milwaukee Brewers,4.0,5.0,False,0|1|0|0|0|1|2|0|0,3|0|0|1|0|1|0|0,,,-105.0,-115.0,0.0,8.5,espn,401472064,PIT,MIL,regular,Rich Hill,Julio Teheran,,,,,,,,
2023,2023-06-16,Cleveland Guardians,Arizona Diamondbacks,1.0,5.0,False,0|0|0|1|0|0|0|0|0,1|1|0|0|0|2|1|0,,,165.0,-185.0,0.0,8.5,espn,401472058,CLE,ARI,regular,Touki Toussaint,Zac Gallen,,,,,,,,
2023,2023-06-16,Philadelphia Phillies,Oakland Athletics,6.0,1.0,False,1|1|0|2|0|0|0|0|2,0|0|1|0|0|0|0|0|0,,,-140.0,120.0,0.0,8.5,espn,401472063,PHI,OAK,regular,Taijuan Walker,JP Sears,,,,,,,,
2023,2023-06-16,Tampa Bay Rays,San Diego Padres,6.0,2.0,False,0|1|0|1|4|0|0|0|0,0|0|0|0|0|0|1|1|0,,,-105.0,-115.0,0.0,7.5,espn,401472068,TB,SD,regular,Shane McClanahan,Yu Darvish,,,,,,,,
2023,2023-06-16,Chicago White Sox,Seattle Mariners,2.0,3.0,False,0|0|0|0|1|1|0|0|0,0|0|0|0|1|1|1|0,,,115.0,-135.0,0.0,7.0,espn,401472056,CHW,SEA,regular,Michael Kopech,Bryan Woo,,,,,,,,
2023,2023-06-16,San Francisco Giants,Los Angeles Dodgers,7.0,5.0,False,0|0|0|0|0|0|2|3|0|0|2,0|0|0|0|4|0|0|0|1|0|0,,,110.0,-130.0,0.0,8.5,espn,401472065,SF,LAD,regular,John Brebbia,Emmet Sheehan,,,,,,,,
2023,2023-06-17,Detroit Tigers,Minnesota Twins,0.0,2.0,False,0|0|0|0|0|0|0|0|0,0|0|0|0|2|0|0|0,,,160.0,-180.0,0.0,9.0,espn,401472075,DET,MIN,regular,Joey Wentz,Jose De Leon,,,,,,,,
2023,2023-06-17,Baltimore Orioles,Chicago Cubs,2.0,3.0,False,0|0|0|0|2|0|0|0|0,0|0|2|0|1|0|0|0,,,120.0,-140.0,0.0,8.0,espn,401472070,BAL,CHC,regular,Kyle Gibson,Justin Steele,,,,,,,,
2023,2023-06-17,Miami Marlins,Washington Nationals,5.0,2.0,False,0|1|0|0|0|0|2|0|2,0|0|0|1|0|0|0|1|0,,,-170.0,150.0,0.0,9.0,espn,401472076,MIA,WSH,regular,Braxton Garrett,Jake Irvin,,,,,,,,
2023,2023-06-17,Toronto Blue Jays,Texas Rangers,2.0,4.0,False,1|0|0|1|0|0|0|0|0,0|3|0|0|0|0|1|0,,,-105.0,-115.0,0.0,9.0,espn,401472082,TOR,TEX,regular,Trevor Richards,Dane Dunning,,,,,,,,
2023,2023-06-17,Philadelphia Phillies,Oakland Athletics,3.0,2.0,False,0|0|0|0|0|1|0|0|0|0|1|1,0|0|0|0|1|0|0|0|0|0|1|0,,,-175.0,155.0,0.0,9.5,espn,401472078,PHI,OAK,regular,Cristopher Sanchez,James Kaprielian,,,,,,,,
2023,2023-06-17,Los Angeles Angels,Kansas City Royals,9.0,10.0,False,0|2|0|0|2|3|1|0|1,0|0|0|2|0|0|3|3|2,,,-160.0,140.0,0.0,10.0,espn,401472069,LAA,KC,regular,Griffin Canning,Mike Mayers,,,,,,,,
2023,2023-06-17,Chicago White Sox,Seattle Mariners,4.0,3.0,False,0|1|0|0|1|0|0|0|1|0|1,2|0|0|0|1|0|0|0|0|0|0,,,130.0,-150.0,0.0,7.0,espn,401472071,CHW,SEA,regular,Lucas Giolito,Logan Gilbert,,,,,,,,
2023,2023-06-17,Cincinnati Reds,Houston Astros,10.0,3.0,False,2|0|0|1|2|0|1|0|4,0|0|1|0|0|1|1|0|0,,,105.0,-125.0,0.0,8.5,espn,401472072,CIN,HOU,regular,Hunter Greene,Brandon Bielak,,,,,,,,
2023,2023-06-17,Colorado Rockies,Atlanta Braves,2.0,10.0,False,0|0|0|0|1|0|1|0|0,4|2|3|0|1|0|0|0,,,240.0,-300.0,0.0,10.0,espn,401472074,COL,ATL,regular,Connor Seabold,Bryce Elder,,,,,,,,
2023,2023-06-17,Pittsburgh Pirates,Milwaukee Brewers,0.0,5.0,False,0|0|0|0|0|0|0|0|0,0|0|2|0|2|0|0|1,,,-115.0,-105.0,0.0,8.5,espn,401472079,PIT,MIL,regular,Mitch Keller,Wade Miley,,,,,,,,
2023,2023-06-17,St. Louis Cardinals,New York Mets,5.0,3.0,False,0|3|1|0|0|0|0|0|1,1|0|0|0|2|0|0|0|0,,,140.0,-160.0,0.0,9.0,espn,401472081,STL,NYM,regular,Adam Wainwright,Kodai Senga,,,,,,,,
2023,2023-06-17,Tampa Bay Rays,San Diego Padres,0.0,2.0,False,0|0|0|0|0|0|0|0|0,0|0|0|0|2|0|0|0,,,100.0,-120.0,0.0,8.5,espn,401472083,TB,SD,regular,Zach Eflin,Blake Snell,,,,,,,,
2023,2023-06-17,San Francisco Giants,Los Angeles Dodgers,15.0,0.0,False,0|0|0|0|4|5|3|0|3,0|0|0|0|0|0|0|0|0,,,140.0,-160.0,0.0,8.5,espn,401472080,SF,LAD,regular,Alex Wood,Bobby Miller,,,,,,,,
2023,2023-06-17,Cleveland Guardians,Arizona Diamondbacks,3.0,6.0,False,1|0|1|0|0|0|0|0|1,0|0|0|2|0|0|0|4,,,-110.0,-110.0,0.0,9.0,espn,401472073,CLE,ARI,regular,Shane Bieber,Tommy Henry,,,,,,,,
2023,2023-06-18,Baltimore Orioles,Chicago Cubs,6.0,3.0,False,0|0|0|2|0|3|0|0|1,1|0|0|2|0|0|0|0|0,,,-105.0,-115.0,0.0,9.0,espn,401472085,BAL,CHC,regular,Dean Kremer,Jameson Taillon,,,,,,,,
2023,2023-06-18,Colorado Rockies,Atlanta Braves,6.0,14.0,False,2|3|0|0|0|0|1|0|0,0|3|1|3|3|2|1|1,,,235.0,-291.0,0.0,9.5,espn,401472089,COL,ATL,regular,Chase Anderson,Charlie Morton,,,,,,,,
2023,2023-06-18,Miami Marlins,Washington Nationals,4.0,2.0,False,0|1|1|2|0|0|0|0|0,0|0|2|0|0|0|0|0|0,,,-155.0,135.0,0.0,9.5,espn,401472091,MIA,WSH,regular,Jesus Luzardo,Patrick Corbin,,,,,,,,
2023,2023-06-18,New York Yankees,Boston Red Sox,2.0,6.0,False,2|0|0|0|0|0|0|0|0,0|0|0|0|2|3|1|0,,,-115.0,-105.0,0.0,9.0,espn,401554952,NYY,BOS,regular,Clarke Schmidt,Kaleb Ort,,,,,,,,
2023,2023-06-18,St. Louis Cardinals,New York Mets,8.0,7.0,False,2|3|1|0|1|0|0|0|1,1|3|0|1|2|0|0|0|0,,,110.0,-130.0,0.0,9.5,espn,401472096,STL,NYM,regular,Matthew Liberatore,Carlos Carrasco,,,,,,,,
2023,2023-06-18,Los Angeles Angels,Kansas City Royals,5.0,2.0,False,0|0|0|1|3|0|0|0|1,0|1|0|1|0|0|0|0|0,,,-120.0,100.0,0.0,9.0,espn,401472084,LAA,KC,regular,Tyler Anderson,Zack Greinke,,,,,,,,
2023,2023-06-18,Cincinnati Reds,Houston Astros,9.0,7.0,False,0|1|1|0|0|3|0|1|0|3,2|1|0|2|0|0|0|0|1|1,,,130.0,-150.0,0.0,9.0,espn,401472087,CIN,HOU,regular,Luke Weaver,Ronel Blanco,,,,,,,,
2023,2023-06-18,Detroit Tigers,Minnesota Twins,6.0,4.0,False,1|0|0|0|5|0|0|0|0,0|1|0|0|0|0|0|3|0,,,165.0,-185.0,0.0,7.5,espn,401472090,DET,MIN,regular,Will Vest,Louis Varland,,,,,,,,
2023,2023-06-18,Pittsburgh Pirates,Milwaukee Brewers,2.0,5.0,False,0|0|2|0|0|0|0|0|0,0|0|0|0|1|0|0|4,,,155.0,-175.0,0.0,8.5,espn,401472094,PIT,MIL,regular,Luis Ortiz,Freddy Peralta,,,,,,,,
2023,2023-06-18,Toronto Blue Jays,Texas Rangers,7.0,11.0,False,1|4|1|0|0|1|0|0|0,0|0|2|3|3|0|3|0,,,125.0,-145.0,0.0,8.5,espn,401472097,TOR,TEX,regular,Chris Bassitt,Jon Gray,,,,,,,,
2023,2023-06-18,Philadelphia Phillies,Oakland Athletics,3.0,2.0,False,1|0|0|0|1|0|0|1|0,0|0|0|0|0|0|1|1|0,,,-220.0,180.0,0.0,7.5,espn,401472093,PHI,OAK,regular,Zack Wheeler,Hogan Harris,,,,,,,,
2023,2023-06-18,Chicago White Sox,Seattle Mariners,1.0,5.0,False,0|0|0|0|0|1|0|0|0,0|0|2|0|0|0|0|3,,,135.0,-155.0,0.0,7.5,espn,401472086,CHW,SEA,regular,Lance Lynn,Bryce Miller,,,,,,,,
2023,2023-06-18,Cleveland Guardians,Arizona Diamondbacks,12.0,3.0,False,2|3|0|6|1|0|0|0|0,0|1|0|0|2|0|0|0|0,,,-110.0,-110.0,0.0,9.0,espn,401472088,CLE,ARI,regular,Tanner Bibee,Zach Davies,,,,,,,,
2023,2023-06-18,San Francisco Giants,Los Angeles Dodgers,7.0,3.0,False,0|0|0|2|1|4|0|0|0,0|0|0|1|1|0|0|0|1,,,100.0,-120.0,0.0,8.5,espn,401472095,SF,LAD,regular,Logan Webb,Tony Gonsolin,,,,,,,,
2023,2023-06-18,Tampa Bay Rays,San Diego Padres,4.0,5.0,False,0|1|0|1|0|0|0|2|0,0|0|3|1|1|0|0|0,,,135.0,-155.0,0.0,8.5,espn,401472098,TB,SD,regular,Yonny Chirinos,Joe Musgrove,,,,,,,,
2023,2023-06-18,New York Yankees,Boston Red Sox,1.0,4.0,False,1|0|0|0|0|0|0|0|0,0|1|0|1|2|0|0|0,,,115.0,-135.0,0.0,8.5,espn,401472092,NYY,BOS,regular,Luis Severino,Brayan Bello,,,,,,,,
2023,2023-06-19,St. Louis Cardinals,Washington Nationals,8.0,6.0,False,0|0|2|0|4|0|2|0|0,3|2|0|0|0|0|1|0|0,,,-150.0,130.0,0.0,9.5,espn,401472105,STL,WSH,regular,Jack Flaherty,Josiah Gray,,,,,,,,
2023,2023-06-19,Kansas City Royals,Detroit Tigers,4.0,6.0,False,0|0|0|3|1|0|0|0|0,0|0|0|0|1|0|5|0,,,125.0,-145.0,0.0,9.0,espn,401472102,KC,DET,regular,Jordan Lyles,Reese Olson,,,,,,,,
2023,2023-06-19,Toronto Blue Jays,Miami Marlins,0.0,11.0,False,0|0|0|0|0|0|0|0|0,0|0|3|2|0|0|5|1,,,-150.0,130.0,0.0,8.0,espn,401472107,TOR,MIA,regular,Jose Berrios,Bryan Hoeing,,,,,,,,
2023,2023-06-19,Chicago Cubs,Pittsburgh Pirates,8.0,0.0,False,0|3|0|0|0|0|2|3|0,0|0|0|0|0|0|0|0|0,,,-125.0,105.0,0.0,9.0,espn,401472108,CHC,PIT,regular,Drew Smyly,Osvaldo Bido,,,,,,,,
2023,2023-06-19,Colorado Rockies,Cincinnati Reds,4.0,5.0,False,0|0|0|1|0|3|0|0|0,1|1|0|0|1|2|0|0,,,150.0,-170.0,0.0,10.5,espn,401472101,COL,CIN,regular,Austin Gomber,Brandon Williamson,,,,,,,,
2023,2023-06-19,Boston Red Sox,Minnesota Twins,9.0,3.0,False,0|0|1|2|0|3|2|1|0,0|0|0|0|3|0|0|0|0,,,115.0,-135.0,0.0,7.5,espn,401472100,BOS,MIN,regular,James Paxton,Pablo Lopez,,,,,,,,
2023,2023-06-19,Arizona Diamondbacks,Milwaukee Brewers,9.0,1.0,False,6|0|0|1|0|1|0|0|1,0|0|1|0|0|0|0|0|0,,,100.0,-120.0,0.0,7.5,espn,401472099,ARI,MIL,regular,Merrill Kelly,Corbin Burnes,,,,,,,,
2023,2023-06-19,New York Mets,Houston Astros,11.0,1.0,False,0|0|5|0|0|1|0|0|5,0|0|0|0|0|0|1|0|0,,,100.0,-120.0,0.0,7.5,espn,401472103,NYM,HOU,regular,Max Scherzer,Hunter Brown,,,,,,,,
2023,2023-06-19,Texas Rangers,Chicago White Sox,5.0,2.0,False,1|0|1|1|0|0|2|0|0,0|0|0|0|0|2|0|0|0,,,-125.0,105.0,0.0,9.5,espn,401472106,TEX,CHW,regular,Andrew Heaney,Tanner Banks,,,,,,,,
2023,2023-06-19,San Diego Padres,San Francisco Giants,4.0,7.0,False,1|0|0|2|1|0|0|0|0|0,0|0|0|0|1|1|0|0|2|3,,,-120.0,100.0,0.0,8.0,espn,401472104,SD,SF,regular,Michael Wacha,Ryan Walker,,,,,,,,
2023,2023-06-20,Atlanta Braves,Philadelphia Phillies,4.0,2.0,False,0|0|0|0|0|1|2|1|0,0|0|0|0|1|0|0|0|1,,,-150.0,130.0,0.0,8.5,espn,401472110,ATL,PHI,regular,Spencer Strider,Ranger Suarez,,,,,,,,
2023,2023-06-20,Baltimore Orioles,Tampa Bay Rays,8.0,6.0,False,4|2|0|0|1|0|0|1|0,0|0|0|0|2|4|0|0|0,,,145.0,-165.0,0.0,7.5,espn,401472111,BAL,TB,regular,Kyle Bradish,Tyler Glasnow,,,,,,,,
2023,2023-06-20,Kansas City Royals,Detroit Tigers,1.0,0.0,False,0|0|0|0|0|1|0|0|0,0|0|0|0|0|0|0|0|0,,,110.0,-130.0,0.0,8.5,espn,401472114,KC,DET,regular,Daniel Lynch IV,Michael Lorenzen,,,,,,,,
2023,2023-06-20,Toronto Blue Jays,Miami Marlins,2.0,0.0,False,0|0|0|0|0|0|0|2|0,0|0|0|0|0|0|0|0|0,,,-105.0,-115.0,0.0,7.5,espn,401472122,TOR,MIA,regular,Yusei Kikuchi,Eury Perez,,,,,,,,
2023,2023-06-20,Seattle Mariners,New York Yankees,1.0,3.0,False,0|0|0|0|0|1|0|0|0,1|2|0|0|0|0|0|0,,,-110.0,-110.0,0.0,7.0,espn,401472119,SEA,NYY,regular,George Kirby,Gerrit Cole,,,,,,,,
2023,2023-06-20,St. Louis Cardinals,Washington Nationals,9.0,3.0,False,0|2|0|0|2|1|1|1|2,0|0|0|1|0|0|0|1|1,,,-145.0,125.0,0.0,8.0,espn,401472120,STL,WSH,regular,Jordan Montgomery,MacKenzie Gore,,,,,,,,
2023,2023-06-20,Chicago Cubs,Pittsburgh Pirates,4.0,0.0,False,0|0|1|1|0|0|0|2|0,0|0|0|0|0|0|0|0|0,,,-135.0,115.0,0.0,8.0,espn,401472123,CHC,PIT,regular,Marcus Stroman,Johan Oviedo,,,,,,,,
2023,2023-06-20,Colorado Rockies,Cincinnati Reds,6.0,8.0,False,1|0|0|1|0|0|0|3|1,0|3|2|0|2|1|0|0,,,170.0,-200.0,0.0,10.0,espn,401472113,COL,CIN,regular,Noah Davis,Ben Lively,,,,,,,,
2023,2023-06-20,Oakland Athletics,Cleveland Guardians,2.0,3.0,False,0|0|1|0|0|0|1|0|0|0,0|0|0|0|0|0|2|0|0|1,,,205.0,-245.0,0.0,9.0,espn,401472117,OAK,CLE,regular,Ken Waldichuk,Aaron Civale,,,,,,,,
2023,2023-06-20,Boston Red Sox,Minnesota Twins,10.0,4.0,False,0|0|0|2|0|1|5|2|0,0|0|0|0|0|0|0|2|2,,,105.0,-125.0,0.0,8.5,espn,401472112,BOS,MIN,regular,Kutter Crawford,Bailey Ober,,,,,,,,
2023,2023-06-20,Arizona Diamondbacks,Milwaukee Brewers,5.0,7.0,False,1|3|0|0|0|1|0|0|0,0|1|0|2|0|0|4|0,,,105.0,-125.0,0.0,9.0,espn,401472109,ARI,MIL,regular,Ryne Nelson,Colin Rea,,,,,,,,
2023,2023-06-20,New York Mets,Houston Astros,2.0,4.0,False,0|0|0|0|0|0|0|2|0,0|0|3|0|0|0|1|0,,,115.0,-135.0,0.0,7.5,espn,401472116,NYM,HOU,regular,Justin Verlander,Framber Valdez,,,,,,,,
2023,2023-06-20,Texas Rangers,Chicago White Sox,6.0,7.0,False,0|0|0|1|1|0|2|2|0,2|0|0|0|2|0|0|3,,,-155.0,135.0,0.0,8.5,espn,401472121,TEX,CHW,regular,Nathan Eovaldi,Dylan Cease,,,,,,,,
2023,2023-06-20,San Diego Padres,San Francisco Giants,3.0,4.0,False,0|0|2|0|1|0|0|0|0,0|0|0|1|0|0|1|1|1,,,-115.0,-105.0,0.0,8.5,espn,401472118,SD,SF,regular,Seth Lugo,Anthony DeSclafani,,,,,,,,
2023,2023-06-20,Los Angeles Dodgers,Los Angeles Angels,2.0,0.0,False,0|0|0|0|0|0|0|2|0,0|0|0|0|0|0|0|0|0,,,-135.0,115.0,0.0,8.5,espn,401472115,LAD,LAA,regular,Clayton Kershaw,Reid Detmers,,,,,,,,
2023,2023-06-21,Baltimore Orioles,Tampa Bay Rays,2.0,7.0,False,0|0|1|0|0|0|0|0|1,0|4|0|0|0|0|2|1,,,120.0,-140.0,0.0,8.0,espn,401472126,BAL,TB,regular,Tyler Wells,Taj Bradley,,,,,,,,
2023,2023-06-21,Toronto Blue Jays,Miami Marlins,6.0,3.0,False,0|5|0|0|0|0|0|1|0,0|0|0|2|0|0|1|0|0,,,-130.0,110.0,0.0,6.5,espn,401472137,TOR,MIA,regular,Kevin Gausman,Sandy Alcantara,,,,,,,,
2023,2023-06-21,Colorado Rockies,Cincinnati Reds,3.0,5.0,False,1|1|0|1|0|0|0|0|0,0|0|0|0|3|0|0|2,,,180.0,-220.0,0.0,9.5,espn,401472128,COL,CIN,regular,Jake Bird,Andrew Abbott,,,,,,,,
2023,2023-06-21,Chicago Cubs,Pittsburgh Pirates,8.0,3.0,False,0|0|3|0|0|2|1|2|0,0|1|0|0|0|0|2|0|0,,,-120.0,100.0,0.0,8.5,espn,401472138,CHC,PIT,regular,Kyle Hendricks,Rich Hill,,,,,,,,
2023,2023-06-21,Kansas City Royals,Detroit Tigers,4.0,9.0,False,0|2|0|0|0|0|0|1|1,0|3|1|0|1|0|0|4,,,120.0,-140.0,0.0,8.5,espn,401472129,KC,DET,regular,Brady Singer,Matthew Boyd,,,,,,,,
2023,2023-06-21,Arizona Diamondbacks,Milwaukee Brewers,5.0,1.0,False,0|0|0|0|0|2|0|2|1,0|0|0|0|1|0|0|0|0,,,-150.0,130.0,0.0,8.5,espn,401472124,ARI,MIL,regular,Zac Gallen,Julio Teheran,,,,,,,,
2023,2023-06-21,New York Mets,Houston Astros,8.0,10.0,False,0|3|1|2|0|2|0|0|0,2|0|4|3|0|0|1|0,,,120.0,-140.0,0.0,8.5,espn,401472131,NYM,HOU,regular,Tylor Megill,Cristian Javier,,,,,,,,
2023,2023-06-21,St. Louis Cardinals,Washington Nationals,0.0,3.0,False,0|0|0|0|0|0|0|0|0,0|0|0|0|1|1|0|1,,,-160.0,140.0,0.0,9.0,espn,401472135,STL,WSH,regular,Miles Mikolas,Trevor Williams,,,,,,,,
2023,2023-06-21,Seattle Mariners,New York Yankees,2.0,4.0,False,0|0|0|0|0|0|0|1|1,0|0|2|1|0|0|1|0,,,-150.0,130.0,0.0,7.0,espn,401472134,SEA,NYY,regular,Luis Castillo,Jhony Brito,,,,,,,,
2023,2023-06-21,Oakland Athletics,Cleveland Guardians,6.0,7.0,False,0|0|4|0|0|0|2|0|0,0|0|3|0|1|0|1|2,,,160.0,-180.0,0.0,8.0,espn,401472132,OAK,CLE,regular,Paul Blackburn,Gavin Williams,,,,,,,,
2023,2023-06-21,Boston Red Sox,Minnesota Twins,4.0,5.0,False,1|0|1|0|1|0|0|1|0|0,0|2|1|0|0|1|0|0|0|1,,,100.0,-120.0,0.0,8.5,espn,401472127,BOS,MIN,regular,Garrett Whitlock,Sonny Gray,,,,,,,,
2023,2023-06-21,Texas Rangers,Chicago White Sox,6.0,3.0,False,0|0|1|2|3|0|0|0|0,1|0|0|0|0|1|1|0|0,,,-105.0,-115.0,0.0,9.5,espn,401472136,TEX,CHW,regular,Martin Perez,Michael Kopech,,,,,,,,
2023,2023-06-21,Los Angeles Dodgers,Los Angeles Angels,2.0,0.0,False,0|0|0|1|0|0|0|0|1,0|0|0|0|0|0|0|0|0,,,130.0,-150.0,0.0,8.5,espn,401472130,LAD,LAA,regular,Brusdar Graterol,Shohei Ohtani,,,,,,,,
2023,2023-06-21,San Diego Padres,San Francisco Giants,2.0,4.0,False,0|0|0|0|0|0|1|1|0,0|0|0|0|4|0|0|0,,,-120.0,100.0,0.0,7.5,espn,401472133,SD,SF,regular,Yu Darvish,Ryan Walker,,,,,,,,
2023,2023-06-22,Atlanta Braves,Philadelphia Phillies,5.0,1.0,False,0|0|0|0|0|0|0|0|0|5,0|0|0|0|0|0|0|0|0|1,,,105.0,-125.0,0.0,8.0,espn,401472139,ATL,PHI,regular,Bryce Elder,Aaron Nola,,,,,,,,
2023,2023-06-22,Arizona Diamondbacks,Washington Nationals,5.0,3.0,False,1|0|0|1|0|0|3|0|0,0|0|1|0|0|0|0|0|2,,,-155.0,135.0,0.0,9.0,espn,401552835,ARI,WSH,regular,Tommy Henry,Jake Irvin,,,,,,,,
2023,2023-06-22,Boston Red Sox,Minnesota Twins,0.0,6.0,False,0|0|0|0|0|0|0|0|0,2|2|1|0|1|0|0|0,,,125.0,-145.0,0.0,9.0,espn,401472140,BOS,MIN,regular,Justin Garza,Joe Ryan,,,,,,,,
2023,2023-06-22,Oakland Athletics,Cleveland Guardians,1.0,6.0,False,0|0|0|0|1|0|0|0|0,0|0|0|0|2|0|0|4,,,150.0,-170.0,0.0,7.5,espn,401472142,OAK,CLE,regular,JP Sears,Logan Allen,,,,,,,,
2023,2023-06-22,San Diego Padres,San Francisco Giants,10.0,0.0,False,3|0|3|1|3|0|0|0|0,0|0|0|0|0|0|0|0|0,,,-145.0,125.0,0.0,8.5,espn,401472144,SD,SF,regular,Blake Snell,Alex Wood,,,,,,,,
2023,2023-06-22,Kansas City Royals,Tampa Bay Rays,6.0,5.0,False,0|0|2|0|0|0|1|2|1,2|0|0|0|0|0|3|0|0,,,275.0,-351.0,0.0,7.5,espn,401472141,KC,TB,regular,Jose Cuas,Shane McClanahan,,,,,,,,
2023,2023-06-22,Pittsburgh Pirates,Miami Marlins,4.0,6.0,False,0|0|0|2|0|0|0|2|0,0|1|0|0|0|0|0|5,,,145.0,-165.0,0.0,6.5,espn,401472143,PIT,MIA,regular,Mitch Keller,Braxton Garrett,,,,,,,,
2023,2023-06-22,Seattle Mariners,New York Yankees,10.0,2.0,False,4|2|2|2|0|0|0|0|0,0|0|0|0|0|0|0|0|2,,,-110.0,-110.0,0.0,7.5,espn,401472145,SEA,NYY,regular,Bryan Woo,Domingo German,,,,,,,,
2023,2023-06-23,Atlanta Braves,Cincinnati Reds,10.0,11.0,False,5|0|0|0|2|0|0|3|0,0|2|2|1|4|2|0|0,,,-155.0,135.0,0.0,11.5,espn,401472147,ATL,CIN,regular,AJ Smith-Shawver,Luke Weaver,,,,,,,,
2023,2023-06-23,Kansas City Royals,Tampa Bay Rays,3.0,11.0,False,1|0|2|0|0|0|0|0|0,0|3|0|1|4|0|0|3,,,215.0,-260.0,0.0,7.5,espn,401472150,KC,TB,regular,Zack Greinke,Zach Eflin,,,,,,,,
2023,2023-06-23,Minnesota Twins,Detroit Tigers,4.0,1.0,False,0|3|0|0|0|1|0|0|0,0|0|0|0|0|1|0|0|0,,,-130.0,110.0,0.0,9.0,espn,401472152,MIN,DET,regular,Kenta Maeda,Joey Wentz,,,,,,,,
2023,2023-06-23,Pittsburgh Pirates,Miami Marlins,3.0,1.0,False,0|0|0|0|0|0|0|0|3,1|0|0|0|0|0|0|0|0,,,180.0,-220.0,0.0,7.5,espn,401472155,PIT,MIA,regular,Luis Ortiz,Jesus Luzardo,,,,,,,,
2023,2023-06-23,New York Mets,Philadelphia Phillies,1.0,5.0,False,0|0|1|0|0|0|0|0|0,2|0|0|0|0|3|0|0,,,-110.0,-110.0,0.0,9.5,espn,401472153,NYM,PHI,regular,Kodai Senga,Taijuan Walker,,,,,,,,
2023,2023-06-23,Seattle Mariners,Baltimore Orioles,13.0,1.0,False,0|1|4|1|0|0|0|7|0,0|0|0|0|0|0|1|0|0,,,-110.0,-110.0,0.0,8.5,espn,401472156,SEA,BAL,regular,Logan Gilbert,Kyle Gibson,,,,,,,,
2023,2023-06-23,Texas Rangers,New York Yankees,4.0,2.0,False,0|0|0|1|0|0|0|1|0|2,0|1|0|0|0|0|0|1|0|0,,,-110.0,-110.0,0.0,8.5,espn,401472157,TEX,NYY,regular,Dane Dunning,Clarke Schmidt,,,,,,,,
2023,2023-06-23,Oakland Athletics,Toronto Blue Jays,5.0,4.0,False,3|0|0|0|1|0|0|0|1,0|0|4|0|0|0|0|0|0,,,250.0,-311.0,0.0,9.0,espn,401472154,OAK,TOR,regular,James Kaprielian,Chris Bassitt,,,,,,,,
2023,2023-06-23,Milwaukee Brewers,Cleveland Guardians,7.0,1.0,False,1|0|0|0|0|5|0|0|1,0|0|0|0|0|0|1|0|0,,,115.0,-135.0,0.0,7.5,espn,401472151,MIL,CLE,regular,Wade Miley,Shane Bieber,,,,,,,,
2023,2023-06-23,Boston Red Sox,Chicago White Sox,3.0,1.0,False,0|0|1|2|0|0|0|0|0,0|0|1|0|0|0|0|0|0,,,-120.0,100.0,0.0,8.5,espn,401472148,BOS,CHW,regular,Brayan Bello,Lucas Giolito,,,,,,,,
2023,2023-06-23,Los Angeles Angels,Colorado Rockies,4.0,7.0,False,0|2|0|0|2|0|0|0|0,1|1|0|0|0|1|0|4,,,-155.0,135.0,0.0,12.0,espn,401472158,LAA,COL,regular,Patrick Sandoval,Kyle Freeland,,,,,,,,
2023,2023-06-23,Washington Nationals,San Diego Padres,3.0,13.0,False,0|0|0|0|0|1|0|0|2,1|0|0|0|6|0|4|2,,,235.0,-291.0,0.0,8.0,espn,401472159,WSH,SD,regular,Patrick Corbin,Joe Musgrove,,,,,,,,
2023,2023-06-23,Houston Astros,Los Angeles Dodgers,2.0,3.0,False,0|0|0|2|0|0|0|0|0,1|1|0|1|0|0|0|0,,,125.0,-145.0,0.0,8.5,espn,401472149,HOU,LAD,regular,J.P. France,Emmet Sheehan,,,,,,,,
2023,2023-06-23,Arizona Diamondbacks,San Francisco Giants,5.0,8.0,False,0|1|0|1|2|0|0|1|0,0|0|3|0|5|0|0|0,,,150.0,-170.0,0.0,7.5,espn,401472146,ARI,SF,regular,Zach Davies,Logan Webb,,,,,,,,
2023,2023-06-24,Chicago Cubs,St. Louis Cardinals,9.0,1.0,True,0|2|3|2|0|0|0|0|2,0|0|0|0|0|1|0|0|0,,,-130.0,110.0,0.0,13.5,espn,401472164,CHC,STL,regular,Justin Steele,Adam Wainwright,,,,,,,,
2023,2023-06-24,Arizona Diamondbacks,San Francisco Giants,6.0,7.0,False,1|0|0|0|4|0|0|0|1,2|0|1|0|2|2|0|0,,,-120.0,100.0,0.0,8.0,espn,401472161,ARI,SF,regular,Merrill Kelly,Ryan Walker,,,,,,,,
2023,2023-06-24,New York Mets,Philadelphia Phillies,4.0,2.0,False,1|0|1|0|0|2|0|0|0,0|0|0|1|1|0|0|0|0,,,-125.0,105.0,0.0,9.5,espn,401472169,NYM,PHI,regular,Max Scherzer,Cristopher Sanchez,,,,,,,,
2023,2023-06-24,Seattle Mariners,Baltimore Orioles,4.0,6.0,False,0|0|2|0|0|1|0|0|1|0,0|1|1|0|1|1|0|0|0|2,,,105.0,-125.0,0.0,9.0,espn,401472172,SEA,BAL,regular,Bryce Miller,Dean Kremer,,,,,,,,
2023,2023-06-24,Texas Rangers,New York Yankees,0.0,1.0,False,0|0|0|0|0|0|0|0|0,0|0|0|1|0|0|0|0,,,-150.0,130.0,0.0,9.0,espn,401472173,TEX,NYY,regular,Jon Gray,Luis Severino,,,,,,,,
2023,2023-06-24,Oakland Athletics,Toronto Blue Jays,3.0,7.0,False,0|1|1|0|0|1|0|0|0,2|1|2|0|0|2|0|0,,,230.0,-280.0,0.0,9.0,espn,401472170,OAK,TOR,regular,Shintaro Fujinami,Jose Berrios,,,,,,,,
2023,2023-06-24,Atlanta Braves,Cincinnati Reds,7.0,6.0,False,0|1|2|3|0|0|1|0|0,0|0|2|2|0|0|0|0|2,,,-135.0,115.0,0.0,12.5,espn,401472162,ATL,CIN,regular,Jared Shuster,Graham Ashcraft,,,,,,,,
2023,2023-06-24,Boston Red Sox,Chicago White Sox,4.0,5.0,False,0|1|0|0|0|2|0|0|1,0|1|0|0|1|2|0|0|1,,,-115.0,-105.0,0.0,8.5,espn,401472163,BOS,CHW,regular,James Paxton,Lance Lynn,,,,,,,,
2023,2023-06-24,Kansas City Royals,Tampa Bay Rays,9.0,4.0,False,0|0|3|4|0|1|0|1|0,2|2|0|0|0|0|0|0|0,,,200.0,-240.0,0.0,9.0,espn,401472166,KC,TB,regular,Jordan Lyles,Yonny Chirinos,,,,,,,,
2023,2023-06-24,Milwaukee Brewers,Cleveland Guardians,2.0,4.0,False,1|0|1|0|0|0|0|0|0,0|0|0|1|0|2|0|1,,,100.0,-120.0,0.0,8.0,espn,401472167,MIL,CLE,regular,Freddy Peralta,Tanner Bibee,,,,,,,,
2023,2023-06-24,Pittsburgh Pirates,Miami Marlins,3.0,4.0,False,0|0|0|0|0|0|0|1|1|1|0,0|0|0|0|2|0|0|0|0|1|1,,,155.0,-175.0,0.0,8.0,espn,401472171,PIT,MIA,regular,Osvaldo Bido,Bryan Hoeing,,,,,,,,
2023,2023-06-24,Houston Astros,Los Angeles Dodgers,7.0,8.0,False,0|0|1|0|5|1|0|0|0,3|0|0|0|0|0|2|3,,,160.0,-180.0,0.0,8.5,espn,401472165,HOU,LAD,regular,Ronel Blanco,Bobby Miller,,,,,,,,
2023,2023-06-24,Minnesota Twins,Detroit Tigers,2.0,3.0,False,0|0|0|0|0|1|1|0|0,0|3|0|0|0|0|0|0,,,-160.0,140.0,0.0,7.5,espn,401472168,MIN,DET,regular,Pablo Lopez,Reese Olson,,,,,,,,
2023,2023-06-24,Washington Nationals,San Diego Padres,2.0,0.0,False,1|0|1|0|0|0|0|0|0,0|0|0|0|0|0|0|0|0,,,165.0,-185.0,0.0,9.0,espn,401472174,WSH,SD,regular,Josiah Gray,Matt Waldron,,,,,,,,
2023,2023-06-24,Los Angeles Angels,Colorado Rockies,25.0,1.0,False,0|2|13|8|0|1|0|1|0,0|0|0|0|0|0|0|1|0,,,-150.0,130.0,0.0,12.5,espn,401472160,LAA,COL,regular,Griffin Canning,Chase Anderson,,,,,,,,
2023,2023-06-25,Chicago Cubs,St. Louis Cardinals,5.0,7.0,True,4|0|0|0|0|0|0|0|1,0|3|1|2|1|0|0|0,,,-150.0,130.0,0.0,12.0,espn,401472178,CHC,STL,regular,Marcus Stroman,Matthew Liberatore,,,,,,,,
2023,2023-06-25,Minnesota Twins,Detroit Tigers,6.0,3.0,False,0|0|2|0|0|0|0|1|0|3,0|0|3|0|0|0|0|0|0|0,,,-125.0,105.0,0.0,7.5,espn,401472182,MIN,DET,regular,Bailey Ober,Michael Lorenzen,,,,,,,,
2023,2023-06-25,New York Mets,Philadelphia Phillies,6.0,7.0,False,0|0|2|1|1|1|1|0|0,1|0|1|0|1|0|0|4,,,165.0,-185.0,0.0,9.5,espn,401472183,NYM,PHI,regular,Carlos Carrasco,Zack Wheeler,,,,,,,,
2023,2023-06-25,Seattle Mariners,Baltimore Orioles,2.0,3.0,False,0|2|0|0|0|0|0|0|0,0|0|2|0|1|0|0|0,,,-120.0,100.0,0.0,8.0,espn,401472186,SEA,BAL,regular,George Kirby,Kyle Bradish,,,,,,,,
2023,2023-06-25,Texas Rangers,New York Yankees,3.0,5.0,False,1|2|0|0|0|0|0|0|0,0|2|0|0|0|0|0|3,,,-110.0,-110.0,0.0,8.0,espn,401472187,TEX,NYY,regular,Nathan Eovaldi,Gerrit Cole,,,,,,,,
2023,2023-06-25,Oakland Athletics,Toronto Blue Jays,1.0,12.0,False,0|0|0|0|0|1|0|0|0,2|1|1|0|0|1|2|5,,,240.0,-300.0,0.0,9.0,espn,401472184,OAK,TOR,regular,Luis Medina,Yusei Kikuchi,,,,,,,,
2023,2023-06-25,Atlanta Braves,Cincinnati Reds,7.0,6.0,False,0|0|3|0|0|3|0|1|0,0|0|1|2|0|0|1|2|0,,,-225.0,185.0,0.0,11.5,espn,401472176,ATL,CIN,regular,Charlie Morton,Levi Stoudt,,,,,,,,
2023,2023-06-25,Kansas City Royals,Tampa Bay Rays,1.0,3.0,False,0|0|0|1|0|0|0|0|0,0|0|1|0|0|0|2|0,,,240.0,-300.0,0.0,8.5,espn,401472180,KC,TB,regular,Daniel Lynch IV,Tyler Glasnow,,,,,,,,
2023,2023-06-25,Milwaukee Brewers,Cleveland Guardians,5.0,4.0,False,0|0|3|1|0|0|0|0|0|1,0|1|0|0|0|3|0|0|0|0,,,-110.0,-110.0,0.0,8.0,espn,401472181,MIL,CLE,regular,Corbin Burnes,Aaron Civale,,,,,,,,
2023,2023-06-25,Pittsburgh Pirates,Miami Marlins,0.0,2.0,False,0|0|0|0|0|0|0|0|0,0|0|1|0|0|0|0|1,,,155.0,-175.0,0.0,7.0,espn,401472185,PIT,MIA,regular,Johan Oviedo,Eury Perez,,,,,,,,
2023,2023-06-25,Boston Red Sox,Chicago White Sox,1.0,4.0,False,0|0|1|0|0|0|0|0|0,0|0|0|2|1|1|0|0,,,-115.0,-105.0,0.0,10.0,espn,401472177,BOS,CHW,regular,Kutter Crawford,Tanner Banks,,,,,,,,
2023,2023-06-25,Los Angeles Angels,Colorado Rockies,3.0,4.0,False,0|0|0|0|0|2|0|0|1,1|0|0|1|1|0|1|0,,,-160.0,140.0,0.0,13.0,espn,401472188,LAA,COL,regular,Tyler Anderson,Austin Gomber,,,,,,,,
2023,2023-06-25,Arizona Diamondbacks,San Francisco Giants,5.0,2.0,False,1|1|0|0|0|0|0|2|1,0|0|0|0|0|1|0|1|0,,,105.0,-125.0,0.0,8.5,espn,401472175,ARI,SF,regular,Ryne Nelson,Anthony DeSclafani,,,,,,,,
2023,2023-06-25,Washington Nationals,San Diego Padres,8.0,3.0,False,1|0|0|0|0|2|5|0|0,0|0|0|0|1|0|1|0|1,,,175.0,-210.0,0.0,8.0,espn,401472189,WSH,SD,regular,MacKenzie Gore,Seth Lugo,,,,,,,,
2023,2023-06-25,Houston Astros,Los Angeles Dodgers,6.0,5.0,False,0|2|0|2|0|0|0|0|0|1|1,1|0|0|0|0|0|0|3|0|1|0,,,105.0,-125.0,0.0,8.5,espn,401472179,HOU,LAD,regular,Hunter Brown,Tony Gonsolin,,,,,,,,
2023,2023-06-26,Cincinnati Reds,Baltimore Orioles,3.0,10.0,False,1|0|0|0|0|2|0|0|0,0|2|2|0|3|0|3|0,,,105.0,-125.0,0.0,10.0,espn,401472191,CIN,BAL,regular,Brandon Williamson,Cole Irvin,,,,,,,,
2023,2023-06-26,Milwaukee Brewers,New York Mets,2.0,1.0,False,0|0|0|0|0|2|0|0|0,0|0|0|1|0|0|0|0|0,,,150.0,-170.0,0.0,8.5,espn,401472193,MIL,NYM,regular,Colin Rea,Justin Verlander,,,,,,,,
2023,2023-06-26,Minnesota Twins,Atlanta Braves,1.0,4.0,False,0|1|0|0|0|0|0|0|0,0|0|0|1|0|0|3|0,,,180.0,-220.0,0.0,8.5,espn,401472194,MIN,ATL,regular,Sonny Gray,Spencer Strider,,,,,,,,
2023,2023-06-26,Detroit Tigers,Texas Rangers,7.0,2.0,False,0|1|3|0|0|2|1|0|0,1|0|0|1|0|0|0|0|0,,,170.0,-200.0,0.0,9.0,espn,401472192,DET,TEX,regular,Matthew Boyd,Andrew Heaney,,,,,,,,
2023,2023-06-26,Chicago White Sox,Los Angeles Angels,1.0,2.0,False,1|0|0|0|0|0|0|0|0,0|0|0|1|0|0|0|0|1,,,100.0,-120.0,0.0,8.5,espn,401472190,CHW,LAA,regular,Dylan Cease,Reid Detmers,,,,,,,,
2023,2023-06-26,Washington Nationals,Seattle Mariners,4.0,8.0,False,1|1|1|0|0|0|0|0|1,1|0|0|2|3|0|0|2,,,210.0,-250.0,0.0,8.0,espn,401472195,WSH,SEA,regular,Trevor Williams,Luis Castillo,,,,,,,,
2023,2023-06-27,Cincinnati Reds,Baltimore Orioles,3.0,1.0,False,0|0|0|1|0|1|0|1|0,0|1|0|0|0|0|0|0|0,,,130.0,-150.0,0.0,8.0,espn,401472197,CIN,BAL,regular,Andrew Abbott,Tyler Wells,,,,,,,,
2023,2023-06-27,San Diego Padres,Pittsburgh Pirates,4.0,9.0,False,0|3|0|0|0|1|0|0|0,0|3|2|1|0|2|1|0,,,-150.0,130.0,0.0,9.5,espn,401472209,SD,PIT,regular,Reiss Knehr,Rich Hill,,,,,,,,
2023,2023-06-27,San Francisco Giants,Toronto Blue Jays,3.0,0.0,False,0|0|0|0|1|0|0|0|2,0|0|0|0|0|0|0|0|0,,,170.0,-200.0,0.0,8.0,espn,401472206,SF,TOR,regular,Ryan Walker,Kevin Gausman,,,,,,,,
2023,2023-06-27,Miami Marlins,Boston Red Sox,10.0,1.0,False,3|0|0|2|1|0|0|4|0,1|0|0|0|0|0|0|0|0,,,110.0,-130.0,0.0,9.5,espn,401472201,MIA,BOS,regular,Sandy Alcantara,Garrett Whitlock,,,,,,,,
2023,2023-06-27,Milwaukee Brewers,New York Mets,2.0,7.0,False,0|0|0|0|0|0|0|2|0,0|0|0|2|2|3|0|0,,,125.0,-145.0,0.0,9.0,espn,401472202,MIL,NYM,regular,Julio Teheran,David Peterson,,,,,,,,
2023,2023-06-27,Minnesota Twins,Atlanta Braves,2.0,6.0,False,1|0|0|1|0|0|0|0|0,4|2|0|0|0|0|0|0,,,125.0,-145.0,0.0,9.0,espn,401472203,MIN,ATL,regular,Joe Ryan,Bryce Elder,,,,,,,,
2023,2023-06-27,Houston Astros,St. Louis Cardinals,2.0,4.0,False,1|0|1|0|0|0|0|0|0,0|0|1|1|2|0|0|0,,,-115.0,-105.0,0.0,7.0,espn,401472200,HOU,STL,regular,Framber Valdez,Jordan Montgomery,,,,,,,,
2023,2023-06-27,Detroit Tigers,Texas Rangers,3.0,8.0,False,0|2|0|0|0|0|0|1|0,0|0|0|0|0|3|0|5,,,165.0,-185.0,0.0,9.5,espn,401472199,DET,TEX,regular,Matt Manning,Martin Perez,,,,,,,,
2023,2023-06-27,Philadelphia Phillies,Chicago Cubs,5.0,1.0,False,1|1|0|0|3|0|0|0|0,0|0|0|0|0|0|0|1|0,,,-140.0,120.0,0.0,8.0,espn,401472205,PHI,CHC,regular,Ranger Suarez,Jameson Taillon,,,,,,,,
2023,2023-06-27,Cleveland Guardians,Kansas City Royals,2.0,1.0,False,0|0|0|0|0|0|0|0|2,0|0|0|0|0|0|0|1|0,,,-140.0,120.0,0.0,9.0,espn,401472198,CLE,KC,regular,Gavin Williams,Brady Singer,,,,,,,,
2023,2023-06-27,Los Angeles Dodgers,Colorado Rockies,5.0,0.0,False,0|2|2|0|0|1|0|0|0,0|0|0|0|0|0|0|0|0,,,-280.0,230.0,0.0,11.0,espn,401472210,LAD,COL,regular,Clayton Kershaw,Connor Seabold,,,,,,,,
2023,2023-06-27,Chicago White Sox,Los Angeles Angels,2.0,4.0,False,0|0|0|0|0|0|1|0|1,1|0|0|1|0|0|2|0,,,145.0,-165.0,0.0,8.5,espn,401472196,CHW,LAA,regular,Michael Kopech,Shohei Ohtani,,,,,,,,
2023,2023-06-27,New York Yankees,Oakland Athletics,1.0,2.0,False,0|0|0|0|1|0|0|0|0,0|0|1|1|0|0|0|0,,,-135.0,115.0,0.0,7.5,espn,401472204,NYY,OAK,regular,Jhony Brito,Paul Blackburn,,,,,,,,
2023,2023-06-27,Tampa Bay Rays,Arizona Diamondbacks,4.0,8.0,False,0|4|0|0|0|0|0|0|0,5|0|1|1|0|1|0|0,,,110.0,-130.0,0.0,8.0,espn,401472207,TB,ARI,regular,Taj Bradley,Zac Gallen,,,,,,,,
2023,2023-06-27,Washington Nationals,Seattle Mariners,7.0,4.0,False,1|0|0|0|1|0|1|1|0|0|3,2|0|0|1|0|0|1|0|0|0|0,,,205.0,-245.0,0.0,8.0,espn,401472208,WSH,SEA,regular,Jake Irvin,Bryan Woo,,,,,,,,
2023,2023-06-28,Minnesota Twins,Atlanta Braves,0.0,3.0,False,0|0|0|0|0|0|0|0|0,1|0|1|0|0|0|0|1,,,140.0,-160.0,0.0,10.0,espn,401472218,MIN,ATL,regular,Kenta Maeda,Kolby Allard,,,,,,,,
2023,2023-06-28,Washington Nationals,Seattle Mariners,4.0,1.0,False,3|0|0|0|0|1|0|0|0,0|0|0|0|0|0|0|1|0,,,225.0,-275.0,0.0,8.5,espn,401472223,WSH,SEA,regular,Patrick Corbin,Logan Gilbert,,,,,,,,
2023,2023-06-28,Cincinnati Reds,Baltimore Orioles,11.0,7.0,False,3|3|0|0|0|0|0|1|0|4,4|0|0|0|0|0|0|3|0|0,,,145.0,-165.0,0.0,9.5,espn,401472212,CIN,BAL,regular,Luke Weaver,Kyle Gibson,,,,,,,,
2023,2023-06-28,San Diego Padres,Pittsburgh Pirates,1.0,7.0,False,0|0|0|0|0|1|0|0|0,2|0|0|0|0|0|5|0,,,-165.0,145.0,0.0,8.0,espn,401472224,SD,PIT,regular,Blake Snell,Mitch Keller,,,,,,,,
2023,2023-06-28,San Francisco Giants,Toronto Blue Jays,1.0,6.0,False,0|0|0|0|1|0|0|0|0,5|0|0|0|0|0|1|0,,,-110.0,-110.0,0.0,8.5,espn,401472221,SF,TOR,regular,Logan Webb,Trevor Richards,,,,,,,,
2023,2023-06-28,Miami Marlins,Boston Red Sox,6.0,2.0,False,0|1|0|0|0|3|0|1|1,0|0|0|1|0|0|0|0|1,,,-140.0,120.0,0.0,9.0,espn,401472216,MIA,BOS,regular,Braxton Garrett,Kaleb Ort,,,,,,,,
2023,2023-06-28,Milwaukee Brewers,New York Mets,5.0,2.0,False,2|0|0|0|0|1|0|2|0,0|1|0|1|0|0|0|0|0,,,130.0,-150.0,0.0,8.5,espn,401472217,MIL,NYM,regular,Wade Miley,Kodai Senga,,,,,,,,
2023,2023-06-28,Houston Astros,St. Louis Cardinals,10.0,7.0,False,3|0|0|0|0|2|0|5|0,4|1|0|1|0|1|0|0|0,,,105.0,-125.0,0.0,9.0,espn,401472215,HOU,STL,regular,Cristian Javier,Miles Mikolas,,,,,,,,
2023,2023-06-28,Detroit Tigers,Texas Rangers,2.0,10.0,False,0|0|0|0|0|0|0|0|2,4|0|2|0|0|2|2|0,,,200.0,-240.0,0.0,9.0,espn,401472214,DET,TEX,regular,Joey Wentz,Dane Dunning,,,,,,,,
2023,2023-06-28,Philadelphia Phillies,Chicago Cubs,8.0,5.0,False,0|5|0|2|1|0|0|0|0,0|0|1|1|2|0|0|0|1,,,-140.0,120.0,0.0,8.5,espn,401472220,PHI,CHC,regular,Aaron Nola,Drew Smyly,,,,,,,,
2023,2023-06-28,Cleveland Guardians,Kansas City Royals,14.0,1.0,False,0|0|4|0|2|7|1|0|0,0|0|0|0|0|0|1|0|0,,,-145.0,125.0,0.0,9.0,espn,401472213,CLE,KC,regular,Logan Allen,Austin Cox,,,,,,,,
2023,2023-06-28,Los Angeles Dodgers,Colorado Rockies,8.0,9.0,False,0|0|0|6|0|0|0|2|0,0|1|3|0|0|5|0|0,,,-185.0,165.0,0.0,12.0,espn,401472225,LAD,COL,regular,Michael Grove,Kyle Freeland,,,,,,,,
2023,2023-06-28,Chicago White Sox,Los Angeles Angels,11.0,5.0,False,2|1|2|3|1|0|0|0|2,2|0|0|0|0|0|2|1|0,,,115.0,-135.0,0.0,9.0,espn,401472211,CHW,LAA,regular,Lucas Giolito,Jaime Barria,,,,,,,,
2023,2023-06-28,New York Yankees,Oakland Athletics,11.0,0.0,False,0|0|0|1|6|0|1|0|3,0|0|0|0|0|0|0|0|0,,,-155.0,135.0,0.0,7.0,espn,401472219,NYY,OAK,regular,Domingo German,JP Sears,,,,,,,,
2023,2023-06-28,Tampa Bay Rays,Arizona Diamondbacks,3.0,2.0,False,0|0|0|0|0|0|0|0|3,0|0|1|1|0|0|0|0|0,,,-155.0,135.0,0.0,9.5,espn,401472222,TB,ARI,regular,Zach Eflin,Zach Davies,,,,,,,,
2023,2023-06-29,San Diego Padres,Pittsburgh Pirates,4.0,5.0,False,0|3|0|1|0|0|0|0|0,0|0|0|1|0|1|3|0,,,-200.0,170.0,0.0,8.5,espn,401472236,SD,PIT,regular,Joe Musgrove,Luis Ortiz,,,,,,,,
2023,2023-06-29,Detroit Tigers,Texas Rangers,8.0,5.0,False,0|2|0|0|1|0|1|4|0,1|0|0|1|0|1|0|0|2,,,130.0,-150.0,0.0,8.0,espn,401472228,DET,TEX,regular,Reese Olson,Cody Bradford,,,,,,,,
2023,2023-06-29,Cleveland Guardians,Kansas City Royals,3.0,4.0,False,0|0|0|0|2|0|0|0|0|1,0|0|0|0|0|0|0|2|0|2,,,-150.0,130.0,0.0,9.0,espn,401472227,CLE,KC,regular,Shane Bieber,Zack Greinke,,,,,,,,
2023,2023-06-29,New York Yankees,Oakland Athletics,10.0,4.0,False,0|1|0|1|0|8|0|0|0,1|0|2|0|0|0|0|1|0,,,-180.0,160.0,0.0,8.0,espn,401472232,NYY,OAK,regular,Clarke Schmidt,Hogan Harris,,,,,,,,
2023,2023-06-29,Tampa Bay Rays,Arizona Diamondbacks,6.0,1.0,False,1|0|5|0|0|0|0|0|0,0|0|0|0|0|0|1|0|0,,,100.0,-120.0,0.0,9.5,espn,401472235,TB,ARI,regular,Zack Littell,Brandon Pfaadt,,,,,,,,
2023,2023-06-29,Chicago White Sox,Los Angeles Angels,9.0,7.0,False,1|0|6|0|0|0|0|0|2,1|3|1|0|0|0|0|0|2,,,120.0,-140.0,0.0,9.0,espn,401472226,CHW,LAA,regular,Lance Lynn,Patrick Sandoval,,,,,,,,
2023,2023-06-29,Miami Marlins,Boston Red Sox,2.0,0.0,False,0|0|0|0|0|0|0|1|1,0|0|0|0|0|0|0|0|0,,,100.0,-120.0,0.0,8.5,espn,401472230,MIA,BOS,regular,Jesus Luzardo,Brayan Bello,,,,,,,,
2023,2023-06-29,San Francisco Giants,Toronto Blue Jays,1.0,2.0,False,0|0|0|0|0|0|0|0|1,0|0|0|0|0|2|0|0,,,135.0,-155.0,0.0,9.5,espn,401472234,SF,TOR,regular,Keaton Winn,Chris Bassitt,,,,,,,,
2023,2023-06-29,Milwaukee Brewers,New York Mets,3.0,2.0,False,0|0|0|0|0|2|1|0|0,0|0|2|0|0|0|0|0|0,,,167.0,-192.0,0.0,8.5,espn,401472231,MIL,NYM,regular,Adrian Houser,Max Scherzer,,,,,,,,
2023,2023-06-29,Houston Astros,St. Louis Cardinals,14.0,0.0,False,0|6|0|0|0|3|0|1|4,0|0|0|0|0|0|0|0|0,,,-120.0,100.0,0.0,10.0,espn,401472229,HOU,STL,regular,J.P. France,Adam Wainwright,,,,,,,,
2023,2023-06-29,Philadelphia Phillies,Chicago Cubs,3.0,1.0,False,1|0|2|0|0|0|0|0|0,0|1|0|0|0|0|0|0|0,,,-120.0,100.0,0.0,9.5,espn,401472233,PHI,CHC,regular,Taijuan Walker,Kyle Hendricks,,,,,,,,
2023,2023-06-29,Los Angeles Dodgers,Colorado Rockies,14.0,3.0,False,1|0|1|6|3|1|2|0|0,1|0|2|0|0|0|0|0|0,,,-200.0,170.0,0.0,12.0,espn,401472237,LAD,COL,regular,Emmet Sheehan,Chase Anderson,,,,,,,,
2023,2023-06-30,Cleveland Guardians,Chicago Cubs,1.0,10.0,False,0|0|0|0|0|0|0|0|1,0|0|2|4|0|3|1|0,,,170.0,-200.0,0.0,8.5,espn,401472241,CLE,CHC,regular,Cal Quantrill,Justin Steele,,,,,,,,
2023,2023-06-30,San Diego Padres,Cincinnati Reds,5.0,7.0,False,0|0|0|0|0|1|0|0|1|2|1,0|0|0|0|0|1|1|0|0|2|3,,,-140.0,120.0,0.0,10.5,espn,401472247,SD,CIN,regular,Seth Lugo,Graham Ashcraft,,,,,,,,
2023,2023-06-30,Washington Nationals,Philadelphia Phillies,2.0,1.0,False,0|2|0|0|0|0|0|0|0,0|1|0|0|0|0|0|0|0,,,170.0,-200.0,0.0,10.0,espn,401472250,WSH,PHI,regular,Josiah Gray,Cristopher Sanchez,,,,,,,,
2023,2023-06-30,Minnesota Twins,Baltimore Orioles,8.0,1.0,False,1|1|3|3|0|0|0|0|0,0|0|0|0|0|1|0|0|0,,,100.0,-120.0,0.0,8.5,espn,401472245,MIN,BAL,regular,Pablo Lopez,Dean Kremer,,,,,,,,
2023,2023-06-30,Milwaukee Brewers,Pittsburgh Pirates,7.0,8.0,False,0|0|4|0|0|0|3|0|0,0|0|0|3|0|0|1|1|3,,,-125.0,105.0,0.0,8.5,espn,401472251,MIL,PIT,regular,Freddy Peralta,Osvaldo Bido,,,,,,,,
2023,2023-06-30,Boston Red Sox,Toronto Blue Jays,5.0,0.0,False,0|0|0|0|1|3|0|1|0,0|0|0|0|0|0|0|0|0,,,125.0,-145.0,0.0,9.0,espn,401472239,BOS,TOR,regular,James Paxton,Jose Berrios,,,,,,,,
2023,2023-06-30,San Francisco Giants,New York Mets,5.0,4.0,False,0|1|0|0|1|0|0|3|0,1|1|0|0|1|1|0|0|0,,,-140.0,120.0,0.0,9.0,espn,401472248,SF,NYM,regular,Alex Cobb,Carlos Carrasco,,,,,,,,
2023,2023-06-30,Miami Marlins,Atlanta Braves,4.0,16.0,False,0|0|3|0|0|0|1|0|0,5|0|2|0|4|3|2|0,,,165.0,-185.0,0.0,10.0,espn,401472244,MIA,ATL,regular,Bryan Hoeing,Michael Soroka,,,,,,,,
2023,2023-06-30,Houston Astros,Texas Rangers,5.0,3.0,False,1|0|0|0|1|3|0|0|0,1|0|0|2|0|0|0|0|0,,,150.0,-170.0,0.0,8.0,espn,401472242,HOU,TEX,regular,Ronel Blanco,Jon Gray,,,,,,,,
2023,2023-06-30,Los Angeles Dodgers,Kansas City Royals,9.0,3.0,False,1|0|1|2|1|0|1|3|0,0|0|1|1|0|1|0|0|0,,,-240.0,200.0,0.0,9.5,espn,401472243,LAD,KC,regular,Bobby Miller,Alec Marsh,,,,,,,,
2023,2023-06-30,Detroit Tigers,Colorado Rockies,5.0,8.0,False,0|0|1|2|0|0|0|2|0,0|5|0|0|0|3|0|0,,,-120.0,100.0,0.0,11.0,espn,401472252,DET,COL,regular,Michael Lorenzen,Austin Gomber,,,,,,,,
2023,2023-06-30,Arizona Diamondbacks,Los Angeles Angels,6.0,2.0,False,1|4|0|0|0|0|0|1|0,0|0|0|0|0|1|0|1|0,,,140.0,-160.0,0.0,10.0,espn,401472238,ARI,LAA,regular,Tommy Henry,Griffin Canning,,,,,,,,
2023,2023-06-30,Chicago White Sox,Oakland Athletics,4.0,7.0,False,1|0|0|0|0|0|0|2|1,0|4|0|0|1|0|0|2,,,-165.0,145.0,0.0,9.0,espn,401472240,CHW,OAK,regular,Tanner Banks,Luis Medina,,,,,,,,
2023,2023-06-30,Tampa Bay Rays,Seattle Mariners,15.0,4.0,False,0|0|0|2|1|1|0|8|3,0|4|0|0|0|0|0|0|0,,,-140.0,120.0,0.0,7.5,espn,401472249,TB,SEA,regular,Shane McClanahan,Bryce Miller,,,,,,,,
2023,2023-07-01,San Diego Padres,Cincinnati Reds,12.0,5.0,False,0|0|1|0|0|4|5|2|0,0|0|1|0|0|0|4|0|0,,,-160.0,140.0,0.0,11.5,espn,401472263,SD,CIN,regular,Michael Wacha,Brandon Williamson,,,,,,,,
2023,2023-07-01,New York Yankees,St. Louis Cardinals,4.0,11.0,False,0|0|0|0|0|0|1|0|3,0|0|5|2|4|0|0|0,,,110.0,-130.0,0.0,9.0,espn,401472262,NYY,STL,regular,Luis Severino,Jack Flaherty,,,,,,,,
2023,2023-07-01,Boston Red Sox,Toronto Blue Jays,7.0,6.0,False,0|0|2|0|3|1|0|0|1,1|0|1|0|0|0|1|2|1,,,150.0,-170.0,0.0,9.0,espn,401472254,BOS,TOR,regular,Kutter Crawford,Yusei Kikuchi,,,,,,,,
2023,2023-07-01,Houston Astros,Texas Rangers,2.0,5.0,False,0|0|0|0|0|0|0|0|2,0|0|1|2|0|0|1|1,,,110.0,-130.0,0.0,8.0,espn,401472258,HOU,TEX,regular,Hunter Brown,Nathan Eovaldi,,,,,,,,
2023,2023-07-01,Minnesota Twins,Baltimore Orioles,1.0,0.0,False,0|0|0|1|0|0|0|0|0,0|0|0|0|0|0|0|0|0,,,120.0,-140.0,0.0,8.5,espn,401472261,MIN,BAL,regular,Bailey Ober,Kyle Bradish,,,,,,,,
2023,2023-07-01,Washington Nationals,Philadelphia Phillies,4.0,19.0,False,0|1|0|0|3|0|0|0|0,0|1|6|4|8|0|0|0,,,180.0,-220.0,0.0,8.5,espn,401472266,WSH,PHI,regular,MacKenzie Gore,Zack Wheeler,,,,,,,,
2023,2023-07-01,Milwaukee Brewers,Pittsburgh Pirates,11.0,8.0,False,1|5|0|0|0|4|1|0|0,0|0|0|0|0|2|0|6|0,,,-140.0,120.0,0.0,8.0,espn,401472267,MIL,PIT,regular,Corbin Burnes,Johan Oviedo,,,,,,,,
2023,2023-07-01,Chicago White Sox,Oakland Athletics,6.0,7.0,False,0|1|2|0|0|0|0|3|0|0,1|0|0|0|1|1|1|2|0|1,,,-235.0,195.0,0.0,9.0,espn,401472255,CHW,OAK,regular,Dylan Cease,Kyle Muller,,,,,,,,
2023,2023-07-01,Miami Marlins,Atlanta Braves,0.0,7.0,False,0|0|0|0|0|0|0|0|0,6|0|0|0|0|0|0|1,,,145.0,-165.0,0.0,9.0,espn,401472260,MIA,ATL,regular,Eury Perez,Charlie Morton,,,,,,,,
2023,2023-07-01,San Francisco Giants,New York Mets,1.0,4.0,False,0|0|0|0|0|0|1|0|0,0|0|3|1|0|0|0|0,,,125.0,-145.0,0.0,8.5,espn,401472264,SF,NYM,regular,Anthony DeSclafani,Justin Verlander,,,,,,,,
2023,2023-07-01,Cleveland Guardians,Chicago Cubs,6.0,0.0,False,0|0|2|0|0|4|0|0|0,0|0|0|0|0|0|0|0|0,,,110.0,-130.0,0.0,7.0,espn,401472256,CLE,CHC,regular,Tanner Bibee,Marcus Stroman,,,,,,,,
2023,2023-07-01,Los Angeles Dodgers,Kansas City Royals,4.0,6.0,False,0|3|0|0|0|0|0|1|0,5|0|0|0|0|0|1|0,,,-240.0,200.0,0.0,9.0,espn,401472259,LAD,KC,regular,Julio Urias,Daniel Lynch IV,,,,,,,,
2023,2023-07-01,Tampa Bay Rays,Seattle Mariners,3.0,8.0,False,0|0|0|0|0|2|0|1|0,0|1|1|0|0|1|3|2,,,-110.0,-110.0,0.0,7.0,espn,401472265,TB,SEA,regular,Tyler Glasnow,George Kirby,,,,,,,,
2023,2023-07-01,New York Yankees,St. Louis Cardinals,6.0,2.0,False,1|2|0|0|0|0|0|0|3,1|0|1|0|0|0|0|0|0,,,-105.0,-115.0,0.0,9.5,espn,401564629,NYY,STL,regular,,Matthew Liberatore,,,,,,,,
2023,2023-07-01,Detroit Tigers,Colorado Rockies,4.0,2.0,False,0|0|0|0|0|0|1|0|0|3,0|0|0|0|0|1|0|0|0|1,,,-105.0,-115.0,0.0,11.5,espn,401472257,DET,COL,regular,Brendan White,Peter Lambert,,,,,,,,
2023,2023-07-01,Arizona Diamondbacks,Los Angeles Angels,3.0,1.0,False,0|0|0|0|0|2|1|0|0,0|0|0|1|0|0|0|0|0,,,100.0,-120.0,0.0,10.0,espn,401472253,ARI,LAA,regular,Ryne Nelson,Tyler Anderson,,,,,,,,
2023,2023-07-02,Minnesota Twins,Baltimore Orioles,1.0,2.0,False,0|0|0|0|1|0|0|0|0,0|0|0|0|0|0|0|2,,,-120.0,100.0,0.0,9.0,espn,401472275,MIN,BAL,regular,Sonny Gray,Cole Irvin,,,,,,,,
2023,2023-07-02,Miami Marlins,Atlanta Braves,3.0,6.0,False,0|2|0|0|0|0|1|0|0,0|1|0|0|3|0|0|2,,,180.0,-220.0,0.0,9.0,espn,401472274,MIA,ATL,regular,Sandy Alcantara,Spencer Strider,,,,,,,,
2023,2023-07-02,Washington Nationals,Philadelphia Phillies,5.0,4.0,False,0|0|4|0|1|0|0|0|0,3|0|0|0|0|0|1|0|0,,,220.0,-270.0,0.0,9.0,espn,401472280,WSH,PHI,regular,Trevor Williams,Ranger Suarez,,,,,,,,
2023,2023-07-02,Milwaukee Brewers,Pittsburgh Pirates,6.0,3.0,False,0|0|3|0|0|0|0|2|1,0|2|0|0|0|0|0|1|0,,,-105.0,-115.0,0.0,9.0,espn,401472281,MIL,PIT,regular,Colin Rea,Rich Hill,,,,,,,,
2023,2023-07-02,Boston Red Sox,Toronto Blue Jays,5.0,4.0,False,1|0|1|0|0|0|2|0|1,1|0|2|0|0|1|0|0|0,,,170.0,-200.0,0.0,8.0,espn,401472269,BOS,TOR,regular,Garrett Whitlock,Kevin Gausman,,,,,,,,
2023,2023-07-02,San Diego Padres,Cincinnati Reds,3.0,4.0,False,0|0|0|0|0|0|0|2|1,0|0|0|2|0|0|0|2,,,110.0,-130.0,0.0,11.0,espn,401472277,SD,CIN,regular,Adrian Morejon,Andrew Abbott,,,,,,,,
2023,2023-07-02,Los Angeles Dodgers,Kansas City Royals,1.0,9.0,False,0|0|0|1|0|0|0|0|0,0|1|0|3|3|2|0|0,,,-180.0,160.0,0.0,9.5,espn,401472273,LAD,KC,regular,Tony Gonsolin,Brady Singer,,,,,,,,
2023,2023-07-02,New York Yankees,St. Louis Cardinals,1.0,5.0,False,0|0|0|0|0|0|1|0|0,0|0|0|2|0|0|2|1,,,-110.0,-110.0,0.0,7.5,espn,401472276,NYY,STL,regular,Gerrit Cole,Jordan Montgomery,,,,,,,,
2023,2023-07-02,Houston Astros,Texas Rangers,5.0,3.0,False,0|0|0|0|0|1|0|3|1,1|0|0|0|0|0|0|2|0,,,125.0,-145.0,0.0,9.5,espn,401472272,HOU,TEX,regular,Shawn Dubin,Andrew Heaney,,,,,,,,
2023,2023-07-02,Detroit Tigers,Colorado Rockies,14.0,9.0,False,4|0|3|1|0|0|2|4|0,0|2|0|2|0|2|0|3|0,,,105.0,-125.0,0.0,11.5,espn,401472282,DET,COL,regular,Matt Manning,Connor Seabold,,,,,,,,
2023,2023-07-02,Arizona Diamondbacks,Los Angeles Angels,2.0,5.0,False,0|2|0|0|0|0|0|0|0,1|3|0|0|0|0|0|1,,,105.0,-125.0,0.0,8.5,espn,401472268,ARI,LAA,regular,Zac Gallen,Reid Detmers,,,,,,,,
2023,2023-07-02,Chicago White Sox,Oakland Athletics,8.0,7.0,False,0|0|5|0|0|2|1|0|0,0|0|2|0|1|0|0|2|2,,,-120.0,100.0,0.0,9.0,espn,401472270,CHW,OAK,regular,Touki Toussaint,Paul Blackburn,,,,,,,,
2023,2023-07-02,Tampa Bay Rays,Seattle Mariners,6.0,7.0,False,1|1|4|0|0|0|0|0|0,0|1|4|0|0|1|1|0,,,110.0,-130.0,0.0,7.5,espn,401472279,TB,SEA,regular,Taj Bradley,Luis Castillo,,,,,,,,
2023,2023-07-02,Cleveland Guardians,Chicago Cubs,8.0,6.0,False,0|0|2|1|3|0|0|0|0|2,0|0|0|0|1|0|0|1|4|0,,,-110.0,-110.0,0.0,7.5,espn,401472271,CLE,CHC,regular,Aaron Civale,Jameson Taillon,,,,,,,,
2023,2023-07-02,San Francisco Giants,New York Mets,4.0,8.0,False,0|0|1|0|0|0|3|0|0,0|0|3|2|0|0|1|2,,,125.0,-145.0,0.0,9.0,espn,401472278,SF,NYM,regular,Ross Stripling,David Peterson,,,,,,,,
2023,2023-07-03,Houston Astros,Texas Rangers,12.0,11.0,False,0|6|0|4|0|0|0|0|2,0|0|2|3|4|0|1|1|0,,,120.0,-140.0,0.0,9.0,espn,401472287,HOU,TEX,regular,Cristian Javier,Martin Perez,,,,,,,,
2023,2023-07-03,Chicago Cubs,Milwaukee Brewers,6.0,8.0,False,0|3|3|0|0|0|0|0|0,0|0|3|0|0|0|3|2,,,-105.0,-115.0,0.0,9.0,espn,401472285,CHC,MIL,regular,Drew Smyly,Julio Teheran,,,,,,,,
2023,2023-07-03,Cincinnati Reds,Washington Nationals,3.0,2.0,False,0|1|0|2|0|0|0|0|0,0|0|0|1|0|1|0|0|0,,,-115.0,-105.0,0.0,10.5,espn,401472286,CIN,WSH,regular,Luke Weaver,Jake Irvin,,,,,,,,
2023,2023-07-03,St. Louis Cardinals,Miami Marlins,4.0,5.0,False,0|1|1|0|0|1|1|0|0,2|0|0|0|0|0|3|0,,,120.0,-140.0,0.0,8.0,espn,401472291,STL,MIA,regular,Miles Mikolas,Braxton Garrett,,,,,,,,
2023,2023-07-03,Baltimore Orioles,New York Yankees,3.0,6.0,False,0|1|2|0|0|0|0|0|0,0|0|0|0|2|0|1|3,,,-115.0,-105.0,0.0,8.5,espn,401472284,BAL,NYY,regular,Tyler Wells,Domingo German,,,,,,,,
2023,2023-07-03,Atlanta Braves,Cleveland Guardians,4.0,2.0,False,0|0|2|1|1|0|0|0|0,0|0|0|0|0|0|2|0|0,,,-150.0,130.0,0.0,8.5,espn,401472283,ATL,CLE,regular,Bryce Elder,Gavin Williams,,,,,,,,
2023,2023-07-03,Kansas City Royals,Minnesota Twins,4.0,8.0,False,1|0|1|0|0|0|0|1|1,1|1|0|0|1|0|0|5,,,185.0,-225.0,0.0,8.5,espn,401472288,KC,MIN,regular,Austin Cox,Joe Ryan,,,,,,,,
2023,2023-07-03,Los Angeles Angels,San Diego Padres,3.0,10.0,False,0|0|0|0|0|2|1|0|0,3|0|0|1|0|2|3|1,,,165.0,-185.0,0.0,8.5,espn,401472292,LAA,SD,regular,Jaime Barria,Blake Snell,,,,,,,,
2023,2023-07-03,Seattle Mariners,San Francisco Giants,6.0,5.0,False,0|0|0|1|0|0|1|0|4,0|0|0|2|0|0|0|0|3,,,110.0,-130.0,0.0,6.5,espn,401472290,SEA,SF,regular,Bryan Woo,Logan Webb,,,,,,,,
2023,2023-07-03,Pittsburgh Pirates,Los Angeles Dodgers,2.0,5.0,False,0|1|0|0|0|1|0|0|0,0|2|0|1|2|0|0|0,,,150.0,-170.0,0.0,8.5,espn,401472289,PIT,LAD,regular,Mitch Keller,Michael Grove,,,,,,,,
2023,2023-07-04,Cincinnati Reds,Washington Nationals,8.0,4.0,False,2|0|3|1|0|1|0|1|0,0|0|1|0|1|2|0|0|0,,,-115.0,-105.0,0.0,10.0,espn,401472296,CIN,WSH,regular,Brett Kennedy,Patrick Corbin,,,,,,,,
2023,2023-07-04,Baltimore Orioles,New York Yankees,4.0,8.0,False,0|0|0|0|3|0|0|0|1,2|0|0|1|1|0|3|1,,,-105.0,-115.0,0.0,9.0,espn,401472294,BAL,NYY,regular,Kyle Gibson,Clarke Schmidt,,,,,,,,
2023,2023-07-04,St. Louis Cardinals,Miami Marlins,2.0,15.0,False,0|0|0|0|0|0|0|0|2,3|0|1|3|0|0|4|4,,,160.0,-180.0,0.0,8.5,espn,401472304,STL,MIA,regular,Adam Wainwright,Jesus Luzardo,,,,,,,,
2023,2023-07-04,Texas Rangers,Boston Red Sox,6.0,2.0,False,0|3|0|1|0|0|2|0|0,1|0|0|0|0|0|0|1|0,,,-115.0,-105.0,0.0,10.5,espn,401472305,TEX,BOS,regular,Dane Dunning,Brennan Bernardino,,,,,,,,
2023,2023-07-04,Kansas City Royals,Minnesota Twins,3.0,9.0,False,0|0|0|2|0|0|0|0|1,1|0|3|0|2|0|3|0,,,170.0,-200.0,0.0,9.0,espn,401472298,KC,MIN,regular,Zack Greinke,Kenta Maeda,,,,,,,,
2023,2023-07-04,Chicago Cubs,Milwaukee Brewers,7.0,6.0,False,0|1|1|0|2|0|0|2|0|0|1,0|0|0|0|1|1|0|2|2|0|0,,,-110.0,-110.0,0.0,9.5,espn,401472295,CHC,MIL,regular,Kyle Hendricks,Wade Miley,,,,,,,,
2023,2023-07-04,Colorado Rockies,Houston Astros,1.0,4.0,False,0|0|0|0|0|0|0|0|1,0|0|1|0|2|0|1|0,,,165.0,-185.0,0.0,8.5,espn,401472297,COL,HOU,regular,Kyle Freeland,Brandon Bielak,,,,,,,,
2023,2023-07-04,New York Mets,Arizona Diamondbacks,8.0,5.0,False,0|0|0|3|1|0|2|1|1,1|0|0|2|1|0|0|0|1,,,-150.0,130.0,0.0,9.0,espn,401472299,NYM,ARI,regular,Max Scherzer,Zach Davies,,,,,,,,
2023,2023-07-04,Philadelphia Phillies,Tampa Bay Rays,3.0,1.0,False,0|1|0|0|0|0|1|1|0,0|0|0|0|0|0|0|1|0,,,120.0,-140.0,0.0,8.0,espn,401472301,PHI,TB,regular,Aaron Nola,Zach Eflin,,,,,,,,
2023,2023-07-04,Seattle Mariners,San Francisco Giants,6.0,0.0,False,1|1|1|0|0|1|0|2|0,0|0|0|0|0|0|0|0|0,,,-105.0,-115.0,0.0,8.0,espn,401472303,SEA,SF,regular,Logan Gilbert,Keaton Winn,,,,,,,,
2023,2023-07-04,Oakland Athletics,Detroit Tigers,1.0,0.0,False,0|0|0|0|0|0|0|0|0|1,0|0|0|0|0|0|0|0|0|0,,,155.0,-175.0,0.0,8.0,espn,401472300,OAK,DET,regular,JP Sears,Tarik Skubal,,,,,,,,
2023,2023-07-04,Los Angeles Angels,San Diego Padres,5.0,8.0,False,0|0|0|0|1|0|0|0|4,0|0|0|2|0|3|2|1,,,130.0,-150.0,0.0,7.5,espn,401472307,LAA,SD,regular,Shohei Ohtani,Joe Musgrove,,,,,,,,
2023,2023-07-04,Atlanta Braves,Cleveland Guardians,5.0,6.0,False,0|0|0|0|4|0|0|0|1|0,0|0|2|0|0|1|2|0|0|1,,,-140.0,120.0,0.0,9.0,espn,401472293,ATL,CLE,regular,Kolby Allard,Shane Bieber,,,,,,,,
2023,2023-07-04,Toronto Blue Jays,Chicago White Sox,4.0,3.0,False,0|0|0|2|0|0|0|2|0,0|0|0|0|0|3|0|0|0,,,-125.0,105.0,0.0,8.0,espn,401472306,TOR,CHW,regular,Chris Bassitt,Lucas Giolito,,,,,,,,
2023,2023-07-04,Pittsburgh Pirates,Los Angeles Dodgers,9.0,7.0,False,2|0|0|3|0|1|0|0|3,1|3|0|2|0|0|0|1|0,,,225.0,-275.0,0.0,9.5,espn,401472302,PIT,LAD,regular,Luis Ortiz,Emmet Sheehan,,,,,,,,
2023,2023-07-05,Colorado Rockies,Houston Astros,4.0,6.0,False,0|0|0|0|2|1|1|0|0,0|1|0|4|0|0|1|0,,,180.0,-220.0,0.0,9.0,espn,401472312,COL,HOU,regular,Chase Anderson,J.P. France,,,,,,,,
2023,2023-07-05,Oakland Athletics,Detroit Tigers,12.0,3.0,False,3|0|1|1|0|4|0|3|0,0|0|0|0|0|0|0|2|1,,,175.0,-210.0,0.0,8.5,espn,401472315,OAK,DET,regular,Austin Pruitt,Eduardo Rodriguez,,,,,,,,
2023,2023-07-05,Philadelphia Phillies,Tampa Bay Rays,8.0,4.0,False,0|2|1|0|2|1|2|0|0,2|1|1|0|0|0|0|0|0,,,105.0,-125.0,0.0,9.0,espn,401472316,PHI,TB,regular,Taijuan Walker,Zack Littell,,,,,,,,
2023,2023-07-05,St. Louis Cardinals,Miami Marlins,9.0,10.0,False,0|0|5|1|0|0|1|0|2,4|1|1|0|0|2|0|0|2,,,-105.0,-115.0,0.0,9.0,espn,401472319,STL,MIA,regular,Matthew Liberatore,Bryan Hoeing,,,,,,,,
2023,2023-07-05,Baltimore Orioles,New York Yankees,6.0,3.0,False,0|0|0|0|0|4|0|0|2,0|0|0|0|2|0|0|1|0,,,100.0,-120.0,0.0,9.0,espn,401472309,BAL,NYY,regular,Dean Kremer,Randy Vasquez,,,,,,,,
2023,2023-07-05,Cincinnati Reds,Washington Nationals,9.0,2.0,False,0|3|0|1|1|0|2|2|0,1|0|0|0|0|0|1|0|0,,,-105.0,-115.0,0.0,9.5,espn,401472311,CIN,WSH,regular,Graham Ashcraft,Josiah Gray,,,,,,,,
2023,2023-07-05,Atlanta Braves,Cleveland Guardians,8.0,1.0,False,4|0|1|0|0|0|1|0|2,0|0|0|0|0|0|0|0|1,,,-175.0,155.0,0.0,10.5,espn,401472308,ATL,CLE,regular,Michael Soroka,Cal Quantrill,,,,,,,,
2023,2023-07-05,Texas Rangers,Boston Red Sox,2.0,4.0,False,0|0|0|0|0|2|0|0|0,2|0|0|0|1|1|0|0,,,-115.0,-105.0,0.0,9.5,espn,401472320,TEX,BOS,regular,Jon Gray,Brayan Bello,,,,,,,,
2023,2023-07-05,Kansas City Royals,Minnesota Twins,0.0,5.0,False,0|0|0|0|0|0|0|0|0,1|0|2|0|0|0|1|1,,,215.0,-260.0,0.0,8.0,espn,401472313,KC,MIN,regular,Alec Marsh,Pablo Lopez,,,,,,,,
2023,2023-07-05,Chicago Cubs,Milwaukee Brewers,4.0,3.0,False,0|0|1|0|0|0|0|0|3,0|0|1|0|0|2|0|0|0,,,-135.0,115.0,0.0,8.0,espn,401472310,CHC,MIL,regular,Justin Steele,Adrian Houser,,,,,,,,
2023,2023-07-05,Los Angeles Angels,San Diego Padres,3.0,5.0,False,0|1|1|0|0|0|1|0|0,1|0|1|0|0|1|1|1,,,160.0,-180.0,0.0,8.0,espn,401472322,LAA,SD,regular,Patrick Sandoval,Seth Lugo,,,,,,,,
2023,2023-07-05,Seattle Mariners,San Francisco Giants,0.0,2.0,False,0|0|0|0|0|0|0|0|0,0|0|1|0|1|0|0|0,,,150.0,-170.0,0.0,8.5,espn,401472318,SEA,SF,regular,Tommy Milone,Alex Cobb,,,,,,,,
2023,2023-07-05,New York Mets,Arizona Diamondbacks,2.0,1.0,False,0|0|0|0|0|0|0|0|2,0|0|0|0|0|0|1|0|0,,,-115.0,-105.0,0.0,9.0,espn,401472314,NYM,ARI,regular,Kodai Senga,Tommy Henry,,,,,,,,
2023,2023-07-05,Pittsburgh Pirates,Los Angeles Dodgers,4.0,6.0,False,1|0|0|3|0|0|0|0|0,0|0|0|2|4|0|0|0,,,210.0,-250.0,0.0,9.0,espn,401472317,PIT,LAD,regular,Osvaldo Bido,Bobby Miller,,,,,,,,
2023,2023-07-06,Cincinnati Reds,Washington Nationals,5.0,4.0,False,0|0|1|0|0|1|0|1|0|2,0|0|0|0|2|0|1|0|0|1,,,105.0,-125.0,0.0,9.5,espn,401472325,CIN,WSH,regular,Brandon Williamson,MacKenzie Gore,,,,,,,,
2023,2023-07-06,Oakland Athletics,Detroit Tigers,0.0,9.0,False,0|0|0|0|0|0|0|0|0,2|0|2|2|1|1|1|0,,,155.0,-175.0,0.0,9.0,espn,401472328,OAK,DET,regular,Hogan Harris,Michael Lorenzen,,,,,,,,
2023,2023-07-06,Chicago Cubs,Milwaukee Brewers,5.0,6.0,False,0|1|0|0|0|2|0|2|0,0|0|0|0|4|0|1|1,,,-115.0,-105.0,0.0,8.0,espn,401472324,CHC,MIL,regular,Marcus Stroman,Freddy Peralta,,,,,,,,
2023,2023-07-06,Toronto Blue Jays,Chicago White Sox,6.0,2.0,False,0|0|0|0|0|0|0|0|0|0|6,0|0|0|0|0|0|0|0|0|0|2,,,-125.0,105.0,0.0,9.0,espn,401566627,TOR,CHW,regular,Jose Berrios,Lance Lynn,,,,,,,,
2023,2023-07-06,Philadelphia Phillies,Tampa Bay Rays,3.0,1.0,False,0|0|0|0|1|0|0|0|0|0|2,0|0|0|0|1|0|0|0|0|0|0,,,115.0,-135.0,0.0,9.5,espn,401472329,PHI,TB,regular,Cristopher Sanchez,Shawn Armstrong,,,,,,,,
2023,2023-07-06,St. Louis Cardinals,Miami Marlins,3.0,0.0,False,0|0|0|0|0|1|1|1|0,0|0|0|0|0|0|0|0|0,,,105.0,-125.0,0.0,8.0,espn,401472332,STL,MIA,regular,Jack Flaherty,Eury Perez,,,,,,,,
2023,2023-07-06,Baltimore Orioles,New York Yankees,14.0,1.0,False,1|0|7|5|0|0|0|1|0,0|0|0|0|0|0|0|0|1,,,-125.0,105.0,0.0,8.5,espn,401472323,BAL,NYY,regular,Kyle Bradish,Luis Severino,,,,,,,,
2023,2023-07-06,Kansas City Royals,Cleveland Guardians,1.0,6.0,False,1|0|0|0|0|0|0|0|0,0|1|0|0|0|4|0|1,,,180.0,-220.0,0.0,9.0,espn,401472326,KC,CLE,regular,Jordan Lyles,Tanner Bibee,,,,,,,,
2023,2023-07-06,Texas Rangers,Boston Red Sox,6.0,10.0,False,0|1|0|2|2|0|0|0|1,1|0|2|0|0|1|6|0,,,-145.0,125.0,0.0,9.5,espn,401472333,TEX,BOS,regular,Nathan Eovaldi,Kutter Crawford,,,,,,,,
2023,2023-07-06,Seattle Mariners,Houston Astros,5.0,1.0,False,0|2|1|0|0|0|1|0|1,0|0|0|0|0|0|1|0|0,,,-145.0,125.0,0.0,8.0,espn,401472331,SEA,HOU,regular,George Kirby,Ronel Blanco,,,,,,,,
2023,2023-07-06,Toronto Blue Jays,Chicago White Sox,5.0,4.0,False,0|1|0|1|1|1|1|0|0,0|0|3|0|1|0|0|0|0,,,-140.0,120.0,0.0,9.5,espn,401472334,TOR,CHW,regular,Yusei Kikuchi,Jesse Scholtens,,,,,,,,
2023,2023-07-06,New York Mets,Arizona Diamondbacks,9.0,0.0,False,2|0|5|0|1|1|0|0|0,0|0|0|0|0|0|0|0|0,,,125.0,-145.0,0.0,10.0,espn,401472327,NYM,ARI,regular,Carlos Carrasco,Ryne Nelson,,,,,,,,
2023,2023-07-06,Pittsburgh Pirates,Los Angeles Dodgers,2.0,5.0,False,0|2|0|0|0|0|0|0|0,2|0|0|0|0|2|1|0,,,170.0,-200.0,0.0,8.0,espn,401472330,PIT,LAD,regular,Johan Oviedo,Julio Urias,,,,,,,,
2023,2023-07-07,Atlanta Braves,Tampa Bay Rays,2.0,1.0,False,0|0|0|2|0|0|0|0|0,1|0|0|0|0|0|0|0|0,,,-110.0,-110.0,0.0,8.5,espn,401472336,ATL,TB,regular,Charlie Morton,Tyler Glasnow,,,,,,,,
2023,2023-07-07,Philadelphia Phillies,Miami Marlins,4.0,3.0,False,0|0|0|0|0|1|0|0|3,0|2|0|1|0|0|0|0|0,,,-140.0,120.0,0.0,7.5,espn,401472343,PHI,MIA,regular,Zack Wheeler,Sandy Alcantara,,,,,,,,
2023,2023-07-07,Toronto Blue Jays,Detroit Tigers,12.0,2.0,False,0|0|1|6|0|0|0|0|5,0|0|1|0|0|0|0|1|0,,,-135.0,115.0,0.0,9.0,espn,401472348,TOR,DET,regular,Alek Manoah,Alex Faedo,,,,,,,,
2023,2023-07-07,Chicago Cubs,New York Yankees,3.0,0.0,False,0|0|1|0|1|0|1|0|0,0|0|0|0|0|0|0|0|0,,,135.0,-155.0,0.0,8.0,espn,401472338,CHC,NYY,regular,Jameson Taillon,Carlos Rodon,,,,,,,,
2023,2023-07-07,Texas Rangers,Washington Nationals,7.0,2.0,False,2|0|0|0|2|0|2|1|0,1|0|0|0|0|1|0|0|0,,,-170.0,150.0,0.0,10.0,espn,401472347,TEX,WSH,regular,Cody Bradford,Trevor Williams,,,,,,,,
2023,2023-07-07,Kansas City Royals,Cleveland Guardians,0.0,3.0,False,0|0|0|0|0|0|0|0|0,1|0|0|2|0|0|0|0,,,165.0,-185.0,0.0,8.5,espn,401472341,KC,CLE,regular,Daniel Lynch IV,Aaron Civale,,,,,,,,
2023,2023-07-07,Oakland Athletics,Boston Red Sox,3.0,7.0,False,0|0|0|0|1|0|2|0|0,0|5|0|0|0|0|2|0,,,195.0,-235.0,0.0,10.5,espn,401472342,OAK,BOS,regular,Sam Long,Brennan Bernardino,,,,,,,,
2023,2023-07-07,Baltimore Orioles,Minnesota Twins,3.0,1.0,False,0|0|0|0|0|1|0|0|0|2,0|0|0|0|0|0|1|0|0|0,,,140.0,-160.0,0.0,8.5,espn,401472337,BAL,MIN,regular,Cole Irvin,Bailey Ober,,,,,,,,
2023,2023-07-07,Cincinnati Reds,Milwaukee Brewers,3.0,7.0,False,0|0|0|0|2|0|0|0|1,2|2|0|0|2|0|1|0,,,100.0,-120.0,0.0,7.5,espn,401472339,CIN,MIL,regular,Andrew Abbott,Corbin Burnes,,,,,,,,
2023,2023-07-07,Seattle Mariners,Houston Astros,10.0,1.0,False,0|0|0|9|0|0|0|0|1,0|0|1|0|0|0|0|0|0,,,-110.0,-110.0,0.0,7.5,espn,401472345,SEA,HOU,regular,Luis Castillo,Hunter Brown,,,,,,,,
2023,2023-07-07,St. Louis Cardinals,Chicago White Sox,7.0,8.0,False,0|2|3|0|0|0|2|0|0,0|0|0|0|1|5|2|0,,,-110.0,-110.0,0.0,8.0,espn,401472346,STL,CHW,regular,Jordan Montgomery,Dylan Cease,,,,,,,,
2023,2023-07-07,Pittsburgh Pirates,Arizona Diamondbacks,3.0,7.0,False,0|0|0|0|1|0|0|2|0,0|0|4|1|0|2|0|0,,,180.0,-220.0,0.0,8.5,espn,401472344,PIT,ARI,regular,Rich Hill,Zac Gallen,,,,,,,,
2023,2023-07-07,New York Mets,San Diego Padres,7.0,5.0,False,1|0|1|0|1|0|0|0|0|4,2|1|0|0|0|0|0|0|0|2,,,100.0,-120.0,0.0,8.0,espn,401472349,NYM,SD,regular,Justin Verlander,Yu Darvish,,,,,,,,
2023,2023-07-07,Los Angeles Angels,Los Angeles Dodgers,4.0,11.0,False,0|0|0|3|0|0|1|0|0,1|1|2|0|1|2|0|4,,,155.0,-175.0,0.0,9.0,espn,401472335,LAA,LAD,regular,Griffin Canning,Tony Gonsolin,,,,,,,,
2023,2023-07-07,Colorado Rockies,San Francisco Giants,5.0,2.0,False,2|0|0|0|0|0|3|0|0,0|0|0|0|0|2|0|0|0,,,170.0,-200.0,0.0,8.5,espn,401472340,COL,SF,regular,Austin Gomber,Ross Stripling,,,,,,,,
2023,2023-07-08,Chicago Cubs,New York Yankees,3.0,6.0,False,0|0|1|0|0|0|0|2|0,1|1|2|0|2|0|0|0,,,175.0,-210.0,0.0,8.5,espn,401472353,CHC,NYY,regular,Drew Smyly,Gerrit Cole,,,,,,,,
2023,2023-07-08,Toronto Blue Jays,Detroit Tigers,0.0,2.0,False,0|0|0|0|0|0|0|0|0,2|0|0|0|0|0|0|0,,,-225.0,185.0,0.0,8.0,espn,401472363,TOR,DET,regular,Kevin Gausman,Matt Manning,,,,,,,,
2023,2023-07-08,Baltimore Orioles,Minnesota Twins,6.0,2.0,False,0|6|0|0|0|0|0|0|0,1|0|0|0|0|1|0|0|0,,,105.0,-125.0,0.0,8.0,espn,401472352,BAL,MIN,regular,Tyler Wells,Sonny Gray,,,,,,,,
2023,2023-07-08,St. Louis Cardinals,Chicago White Sox,3.0,0.0,False,0|1|0|0|1|0|0|0|1,0|0|0|0|0|0|0|0|0,,,-135.0,115.0,0.0,10.0,espn,401472361,STL,CHW,regular,Miles Mikolas,Touki Toussaint,,,,,,,,
2023,2023-07-08,Colorado Rockies,San Francisco Giants,3.0,5.0,False,1|1|0|0|0|0|0|1|0,2|0|0|1|2|0|0|0,,,185.0,-225.0,0.0,8.5,espn,401472355,COL,SF,regular,Connor Seabold,Ryan Walker,,,,,,,,
2023,2023-07-08,Texas Rangers,Washington Nationals,3.0,8.0,False,0|0|0|2|0|1|0|0|0,4|3|1|0|0|0|0|0,,,-210.0,175.0,0.0,10.0,espn,401472362,TEX,WSH,regular,Andrew Heaney,Jake Irvin,,,,,,,,
2023,2023-07-08,Cincinnati Reds,Milwaukee Brewers,8.0,5.0,False,0|0|1|3|1|0|2|0|1,1|0|3|1|0|0|0|0|0,,,110.0,-130.0,0.0,9.5,espn,401472354,CIN,MIL,regular,Luke Weaver,Colin Rea,,,,,,,,
2023,2023-07-08,Kansas City Royals,Cleveland Guardians,6.0,10.0,False,0|0|0|0|1|2|1|2|0,1|2|0|2|1|1|0|3,,,160.0,-180.0,0.0,8.5,espn,401472356,KC,CLE,regular,Brady Singer,Gavin Williams,,,,,,,,
2023,2023-07-08,Oakland Athletics,Boston Red Sox,3.0,10.0,False,0|0|1|0|0|1|0|1|0,3|2|1|1|2|1|0|0,,,220.0,-270.0,0.0,9.0,espn,401472357,OAK,BOS,regular,Austin Pruitt,James Paxton,,,,,,,,
2023,2023-07-08,Philadelphia Phillies,Miami Marlins,3.0,5.0,False,1|2|0|0|0|0|0|0|0,3|0|0|1|0|0|1|0,,,-105.0,-115.0,0.0,7.0,espn,401472358,PHI,MIA,regular,Ranger Suarez,Braxton Garrett,,,,,,,,
2023,2023-07-08,Pittsburgh Pirates,Arizona Diamondbacks,2.0,3.0,False,0|0|0|0|0|1|0|0|0|1,0|0|0|0|0|0|0|1|0|2,,,115.0,-135.0,0.0,8.0,espn,401472359,PIT,ARI,regular,Mitch Keller,Kyle Nelson,,,,,,,,
2023,2023-07-08,Atlanta Braves,Tampa Bay Rays,6.0,1.0,False,0|0|0|4|0|0|0|0|2,0|0|0|0|0|0|0|1|0,,,-155.0,135.0,0.0,8.0,espn,401472351,ATL,TB,regular,Spencer Strider,Taj Bradley,,,,,,,,
2023,2023-07-08,Seattle Mariners,Houston Astros,2.0,3.0,False,0|0|1|1|0|0|0|0|0,2|0|0|0|0|0|0|1,,,110.0,-130.0,0.0,7.0,espn,401472360,SEA,HOU,regular,Bryan Woo,Framber Valdez,,,,,,,,
2023,2023-07-08,Los Angeles Angels,Los Angeles Dodgers,5.0,10.0,False,0|0|0|0|0|2|2|0|1,1|5|0|2|0|1|1|0,,,130.0,-150.0,0.0,9.0,espn,401472350,LAA,LAD,regular,Reid Detmers,Alex Vesia,,,,,,,,
2023,2023-07-08,New York Mets,San Diego Padres,1.0,3.0,False,0|0|0|0|0|0|1|0|0,0|3|0|0|0|0|0|0,,,155.0,-175.0,0.0,8.0,espn,401472364,NYM,SD,regular,David Peterson,Blake Snell,,,,,,,,
2023,2023-07-09,Texas Rangers,Washington Nationals,2.0,7.0,False,0|0|0|0|0|1|0|1|0,0|0|0|0|2|3|2|0,,,-225.0,185.0,0.0,10.5,espn,401472376,TEX,WSH,regular,Dane Dunning,Patrick Corbin,,,,,,,,
2023,2023-07-09,Chicago Cubs,New York Yankees,7.0,4.0,False,0|0|0|0|1|0|3|2|1,1|0|0|0|0|3|0|0|0,,,130.0,-150.0,0.0,8.5,espn,401472367,CHC,NYY,regular,Kyle Hendricks,Domingo German,,,,,,,,
2023,2023-07-09,Oakland Athletics,Boston Red Sox,3.0,4.0,False,1|1|0|0|1|0|0|0|0,1|0|0|0|0|2|0|1,,,165.0,-185.0,0.0,9.5,espn,401472371,OAK,BOS,regular,JP Sears,Tayler Scott,,,,,,,,
2023,2023-07-09,Atlanta Braves,Tampa Bay Rays,4.0,10.0,False,0|0|0|2|0|1|1|0|0,4|0|0|3|1|0|0|2,,,105.0,-125.0,0.0,8.0,espn,401472365,ATL,TB,regular,Bryce Elder,Zach Eflin,,,,,,,,
2023,2023-07-09,Kansas City Royals,Cleveland Guardians,4.0,1.0,False,0|0|0|0|1|3|0|0|0,0|0|0|1|0|0|0|0|0,,,185.0,-225.0,0.0,8.0,espn,401472370,KC,CLE,regular,Ryan Yarbrough,Shane Bieber,,,,,,,,
2023,2023-07-09,Philadelphia Phillies,Miami Marlins,3.0,7.0,False,0|0|0|0|2|0|0|0|1,2|0|3|0|0|0|1|1,,,-105.0,-115.0,0.0,7.0,espn,401472372,PHI,MIA,regular,Aaron Nola,Jesus Luzardo,,,,,,,,
2023,2023-07-09,Toronto Blue Jays,Detroit Tigers,4.0,3.0,False,0|0|0|0|0|0|1|0|2|1,0|1|1|0|1|0|0|0|0|0,,,-140.0,120.0,0.0,8.5,espn,401472377,TOR,DET,regular,Chris Bassitt,Tarik Skubal,,,,,,,,
2023,2023-07-09,Baltimore Orioles,Minnesota Twins,15.0,2.0,False,0|1|0|0|7|6|1|0|0,1|0|0|0|0|1|0|0|0,,,130.0,-150.0,0.0,9.0,espn,401472366,BAL,MIN,regular,Kyle Gibson,Joe Ryan,,,,,,,,
2023,2023-07-09,Cincinnati Reds,Milwaukee Brewers,0.0,1.0,False,0|0|0|0|0|0|0|0|0,1|0|0|0|0|0|0|0,,,110.0,-130.0,0.0,9.0,espn,401472368,CIN,MIL,regular,Ben Lively,Wade Miley,,,,,,,,
2023,2023-07-09,Seattle Mariners,Houston Astros,3.0,1.0,False,0|0|0|3|0|0|0|0|0,0|0|0|0|0|1|0|0|0,,,-140.0,120.0,0.0,8.0,espn,401472374,SEA,HOU,regular,Logan Gilbert,Brandon Bielak,,,,,,,,
2023,2023-07-09,St. Louis Cardinals,Chicago White Sox,4.0,3.0,False,0|0|0|2|0|0|0|0|1|1,0|0|1|0|0|0|1|1|0|0,,,110.0,-130.0,0.0,9.5,espn,401472375,STL,CHW,regular,Steven Matz,Lucas Giolito,,,,,,,,
2023,2023-07-09,Colorado Rockies,San Francisco Giants,0.0,1.0,False,0|0|0|0|0|0|0|0|0,0|0|0|1|0|0|0|0,,,210.0,-250.0,0.0,8.0,espn,401472369,COL,SF,regular,Kyle Freeland,Logan Webb,,,,,,,,
2023,2023-07-09,Pittsburgh Pirates,Arizona Diamondbacks,4.0,2.0,False,0|2|0|0|1|0|0|0|1,1|0|1|0|0|0|0|0|0,,,140.0,-160.0,0.0,9.0,espn,401472373,PIT,ARI,regular,Carmen Mlodzinski,Zach Davies,,,,,,,,
2023,2023-07-09,New York Mets,San Diego Padres,2.0,6.0,False,0|0|0|0|0|0|0|2|0,3|0|0|0|2|1|0|0,,,110.0,-130.0,0.0,8.0,espn,401472378,NYM,SD,regular,Max Scherzer,Joe Musgrove,,,,,,,,
2023,2023-07-11,National All-Stars,American All-Stars,3.0,2.0,True,0|0|0|1|0|0|0|2|0,0|1|0|0|0|1|0|0|0,,,-110.0,-110.0,0.0,7.5,espn,401473790,NL,AL,regular,Zac Gallen,Gerrit Cole,,,,,,,,
2023,2023-07-14,San Diego Padres,Philadelphia Phillies,8.0,3.0,False,0|0|3|0|0|1|2|0|2,0|0|0|1|0|0|0|0|2,,,-115.0,-105.0,0.0,9.5,espn,401472389,SD,PHI,regular,Yu Darvish,Cristopher Sanchez,,,,,,,,
2023,2023-07-14,Miami Marlins,Baltimore Orioles,2.0,5.0,False,0|0|1|0|0|0|0|1|0,0|1|0|2|0|0|0|2,,,115.0,-135.0,0.0,8.0,espn,401472386,MIA,BAL,regular,Sandy Alcantara,Dean Kremer,,,,,,,,
2023,2023-07-14,San Francisco Giants,Pittsburgh Pirates,6.0,4.0,False,0|0|0|0|2|1|3|0|0,0|0|0|0|2|2|0|0|0,,,-130.0,110.0,0.0,9.0,espn,401472392,SF,PIT,regular,Ross Stripling,Rich Hill,,,,,,,,
2023,2023-07-14,Arizona Diamondbacks,Toronto Blue Jays,2.0,7.0,False,0|0|0|1|0|0|1|0|0,0|2|0|0|0|0|5|0,,,150.0,-170.0,0.0,9.0,espn,401472379,ARI,TOR,regular,Ryne Nelson,Jose Berrios,,,,,,,,
2023,2023-07-14,Los Angeles Dodgers,New York Mets,6.0,0.0,False,0|0|0|0|3|1|0|1|1,0|0|0|0|0|0|0|0|0,,,-115.0,-105.0,0.0,8.5,espn,401472385,LAD,NYM,regular,Julio Urias,Justin Verlander,,,,,,,,
2023,2023-07-14,Milwaukee Brewers,Cincinnati Reds,1.0,0.0,False,0|0|0|0|0|0|1|0|0,0|0|0|0|0|0|0|0|0,,,-115.0,-105.0,0.0,10.0,espn,401472387,MIL,CIN,regular,Corbin Burnes,Graham Ashcraft,,,,,,,,
2023,2023-07-14,Chicago White Sox,Atlanta Braves,0.0,9.0,False,0|0|0|0|0|0|0|0|0,4|0|0|0|0|1|4|0,,,235.0,-291.0,0.0,9.5,espn,401472381,CHW,ATL,regular,Michael Kopech,Charlie Morton,,,,,,,,
2023,2023-07-14,Boston Red Sox,Chicago Cubs,8.0,3.0,False,0|2|2|1|0|0|2|0|1,0|0|1|1|0|1|0|0|0,,,-135.0,115.0,0.0,9.5,espn,401472380,BOS,CHC,regular,Brayan Bello,Kyle Hendricks,,,,,,,,
2023,2023-07-14,Cleveland Guardians,Texas Rangers,4.0,12.0,False,0|0|4|0|0|0|0|0|0,0|0|0|2|0|1|5|4,,,120.0,-140.0,0.0,8.5,espn,401472382,CLE,TEX,regular,Aaron Civale,Jon Gray,,,,,,,,
2023,2023-07-14,Washington Nationals,St. Louis Cardinals,7.0,5.0,False,0|0|0|1|3|0|0|1|0|2,1|0|0|0|3|0|0|1|0|0,,,170.0,-200.0,0.0,9.5,espn,401472391,WSH,STL,regular,Trevor Williams,Miles Mikolas,,,,,,,,
2023,2023-07-14,New York Yankees,Colorado Rockies,2.0,7.0,False,2|0|0|0|0|0|0|0|0,0|3|0|1|0|0|2|1,,,-200.0,170.0,0.0,11.0,espn,401472393,NYY,COL,regular,Carlos Rodon,Austin Gomber,,,,,,,,
2023,2023-07-14,Houston Astros,Los Angeles Angels,7.0,5.0,False,0|0|0|2|2|3|0|0|0,0|2|0|0|2|0|1|0|0,,,130.0,-150.0,0.0,8.5,espn,401472384,HOU,LAA,regular,J.P. France,Shohei Ohtani,,,,,,,,
2023,2023-07-14,Minnesota Twins,Oakland Athletics,5.0,4.0,False,2|0|0|1|0|0|0|0|2,0|1|2|0|0|0|0|0|1,,,-210.0,175.0,0.0,8.5,espn,401472388,MIN,OAK,regular,Kenta Maeda,Ken Waldichuk,,,,,,,,
2023,2023-07-14,Detroit Tigers,Seattle Mariners,5.0,4.0,False,2|0|0|0|1|0|2|0|0,0|0|0|0|2|0|0|1|1,,,160.0,-180.0,0.0,7.0,espn,401472383,DET,SEA,regular,Eduardo Rodriguez,Luis Castillo,,,,,,,,
2023,2023-07-15,Washington Nationals,St. Louis Cardinals,7.0,5.0,False,0|0|0|1|3|0|0|1|0|2,1|0|0|0|3|0|0|1|0|0,,,170.0,-200.0,0.0,9.5,espn,401472391,WSH,STL,regular,Trevor Williams,Miles Mikolas,,,,,,,,
2023,2023-07-15,San Diego Padres,Philadelphia Phillies,4.0,6.0,False,0|3|0|0|0|0|0|1|0,0|0|0|0|0|2|1|3,,,-160.0,140.0,0.0,9.0,espn,401472404,SD,PHI,regular,Blake Snell,Ranger Suarez,,,,,,,,
2023,2023-07-15,Tampa Bay Rays,Kansas City Royals,6.0,1.0,False,0|0|1|0|1|0|0|3|1,0|0|0|0|1|0|0|0|0,,,-280.0,230.0,0.0,9.0,espn,401571389,TB,KC,regular,Tyler Glasnow,Alec Marsh,,,,,,,,
2023,2023-07-15,Boston Red Sox,Chicago Cubs,4.0,10.0,False,0|0|0|1|0|0|2|1|0,0|0|6|2|0|0|2|0,,,-120.0,100.0,0.0,9.0,espn,401472395,BOS,CHC,regular,James Paxton,Marcus Stroman,,,,,,,,
2023,2023-07-15,Arizona Diamondbacks,Toronto Blue Jays,2.0,5.0,False,0|0|0|2|0|0|0|0|0,0|2|0|1|0|0|0|2,,,100.0,-120.0,0.0,8.0,espn,401472394,ARI,TOR,regular,Zac Gallen,Chris Bassitt,,,,,,,,
2023,2023-07-15,Cleveland Guardians,Texas Rangers,0.0,2.0,False,0|0|0|0|0|0|0|0|0,1|1|0|0|0|0|0|0,,,140.0,-160.0,0.0,8.5,espn,401472397,CLE,TEX,regular,Gavin Williams,Andrew Heaney,,,,,,,,
2023,2023-07-15,Miami Marlins,Baltimore Orioles,5.0,6.0,False,0|4|0|1|0|0|0|0|0,0|3|0|0|1|0|2|0,,,100.0,-120.0,0.0,8.5,espn,401472401,MIA,BAL,regular,Braxton Garrett,Kyle Gibson,,,,,,,,
2023,2023-07-15,San Diego Padres,Philadelphia Phillies,4.0,9.0,False,1|0|0|0|1|0|0|1|1,0|0|0|1|3|2|3|0,,,100.0,-120.0,0.0,10.5,espn,401472405,SD,PHI,regular,Ryan Weathers,Taijuan Walker,,,,,,,,
2023,2023-07-15,San Francisco Giants,Pittsburgh Pirates,3.0,1.0,False,0|1|0|0|0|0|0|2|0,0|1|0|0|0|0|0|0|0,,,-160.0,140.0,0.0,8.5,espn,401472408,SF,PIT,regular,Alex Cobb,Johan Oviedo,,,,,,,,
2023,2023-07-15,Minnesota Twins,Oakland Athletics,10.0,7.0,False,2|2|2|0|1|0|1|1|1,0|0|1|3|2|1|0|0|0,,,-230.0,190.0,0.0,8.0,espn,401472403,MIN,OAK,regular,Pablo Lopez,Hogan Harris,,,,,,,,
2023,2023-07-15,Milwaukee Brewers,Cincinnati Reds,3.0,0.0,False,1|0|0|1|0|0|1|0|0,0|0|0|0|0|0|0|0|0,,,105.0,-125.0,0.0,9.0,espn,401472402,MIL,CIN,regular,Freddy Peralta,Andrew Abbott,,,,,,,,
2023,2023-07-15,Tampa Bay Rays,Kansas City Royals,4.0,2.0,False,0|0|1|0|0|0|1|1|1,0|0|1|0|1|0|0|0|0,,,-185.0,165.0,0.0,9.5,espn,401472406,TB,KC,regular,Shawn Armstrong,Cole Ragans,,,,,,,,
2023,2023-07-15,Chicago White Sox,Atlanta Braves,6.0,5.0,False,0|0|3|0|1|1|1|0|0,0|0|3|0|1|0|0|0|1,,,260.0,-321.0,0.0,8.0,espn,401472396,CHW,ATL,regular,Lance Lynn,Spencer Strider,,,,,,,,
2023,2023-07-15,Los Angeles Dodgers,New York Mets,5.0,1.0,False,0|0|1|0|0|0|0|1|3,0|0|0|1|0|0|0|0|0,,,105.0,-125.0,0.0,9.0,espn,401472400,LAD,NYM,regular,Tony Gonsolin,Kodai Senga,,,,,,,,
2023,2023-07-15,Washington Nationals,St. Louis Cardinals,6.0,9.0,False,0|0|2|1|1|0|0|0|2,0|4|0|0|3|1|0|1,,,165.0,-185.0,0.0,9.0,espn,401472407,WSH,STL,regular,Jake Irvin,Steven Matz,,,,,,,,
2023,2023-07-15,New York Yankees,Colorado Rockies,6.0,3.0,False,1|5|0|0|0|0|0|0|0,1|0|0|0|0|0|1|1|0,,,-155.0,135.0,0.0,11.5,espn,401472409,NYY,COL,regular,Clarke Schmidt,Connor Seabold,,,,,,,,
2023,2023-07-15,Houston Astros,Los Angeles Angels,12.0,13.0,False,0|0|2|2|0|0|5|2|1|0,0|3|0|0|0|0|6|0|3|1,,,-150.0,130.0,0.0,8.0,espn,401472399,HOU,LAA,regular,Framber Valdez,Reid Detmers,,,,,,,,
2023,2023-07-15,Detroit Tigers,Seattle Mariners,6.0,0.0,False,0|1|1|0|4|0|0|0|0,0|0|0|0|0|0|0|0|0,,,175.0,-210.0,0.0,7.5,espn,401472398,DET,SEA,regular,Michael Lorenzen,George Kirby,,,,,,,,
2023,2023-07-16,San Francisco Giants,Pittsburgh Pirates,8.0,4.0,False,0|0|3|0|0|0|0|0|0|5,0|1|0|0|0|1|0|1|0|1,,,-145.0,125.0,0.0,9.5,espn,401472423,SF,PIT,regular,Alex Wood,Osvaldo Bido,,,,,,,,
2023,2023-07-16,Chicago White Sox,Atlanta Braves,8.0,1.0,False,0|4|0|2|0|2|0|0|0,0|0|1|0|0|0|0|0|0,,,150.0,-170.0,0.0,9.5,espn,401472412,CHW,ATL,regular,Dylan Cease,Kolby Allard,,,,,,,,
2023,2023-07-16,Miami Marlins,Baltimore Orioles,4.0,5.0,False,0|0|0|0|0|0|0|0|4,3|0|0|2|0|0|0|0,,,155.0,-175.0,0.0,9.0,espn,401472417,MIA,BAL,regular,Steven Okert,Kyle Bradish,,,,,,,,
2023,2023-07-16,San Diego Padres,Philadelphia Phillies,6.0,7.0,False,1|0|0|1|1|0|0|2|0|1|0|0,0|0|0|0|1|4|0|0|0|1|0|1,,,130.0,-150.0,0.0,9.0,espn,401472420,SD,PHI,regular,Seth Lugo,Zack Wheeler,,,,,,,,
2023,2023-07-16,Arizona Diamondbacks,Toronto Blue Jays,5.0,7.0,False,1|1|0|0|0|0|0|0|3,0|2|0|0|1|0|0|4,,,140.0,-160.0,0.0,9.5,espn,401472410,ARI,TOR,regular,Tommy Henry,Yusei Kikuchi,,,,,,,,
2023,2023-07-16,Milwaukee Brewers,Cincinnati Reds,4.0,3.0,False,0|0|1|0|1|0|0|2|0,0|1|2|0|0|0|0|0|0,,,110.0,-130.0,0.0,10.5,espn,401472418,MIL,CIN,regular,Adrian Houser,Ben Lively,,,,,,,,
2023,2023-07-16,Tampa Bay Rays,Kansas City Royals,4.0,8.0,False,0|0|0|0|0|0|0|4|0,1|4|0|1|1|0|0|1,,,-220.0,180.0,0.0,9.5,espn,401472421,TB,KC,regular,Zach Eflin,Brady Singer,,,,,,,,
2023,2023-07-16,Washington Nationals,St. Louis Cardinals,4.0,8.0,False,0|1|0|0|0|2|0|1|0,0|0|0|3|1|4|0|0,,,167.0,-192.0,0.0,9.0,espn,401472422,WSH,STL,regular,Josiah Gray,Jack Flaherty,,,,,,,,
2023,2023-07-16,Boston Red Sox,Chicago Cubs,11.0,5.0,False,1|0|0|0|5|0|3|2|0,0|0|0|0|0|0|0|3|2,,,130.0,-150.0,0.0,9.5,espn,401472411,BOS,CHC,regular,Kutter Crawford,Justin Steele,,,,,,,,
2023,2023-07-16,Cleveland Guardians,Texas Rangers,5.0,6.0,False,1|2|0|0|0|0|0|2|0,1|0|1|0|0|0|0|4,,,110.0,-130.0,0.0,9.0,espn,401472413,CLE,TEX,regular,Tanner Bibee,Martin Perez,,,,,,,,
2023,2023-07-16,New York Yankees,Colorado Rockies,7.0,8.0,False,0|0|0|0|0|3|0|0|2|0|2,0|1|0|0|0|0|0|4|0|0|3,,,-220.0,180.0,0.0,11.0,espn,401472424,NYY,COL,regular,Gerrit Cole,Chase Anderson,,,,,,,,
2023,2023-07-16,Minnesota Twins,Oakland Athletics,5.0,4.0,False,0|0|0|0|2|0|3|0|0,0|1|0|2|0|0|1|0|0,,,-180.0,160.0,0.0,7.5,espn,401472419,MIN,OAK,regular,Joe Ryan,JP Sears,,,,,,,,
2023,2023-07-16,Detroit Tigers,Seattle Mariners,0.0,2.0,False,0|0|0|0|0|0|0|0|0,1|0|0|1|0|0|0|0,,,155.0,-175.0,0.0,8.0,espn,401472414,DET,SEA,regular,Reese Olson,Bryce Miller,,,,,,,,
2023,2023-07-16,Los Angeles Dodgers,New York Mets,1.0,2.0,False,0|0|0|0|0|0|0|1|0|0,0|0|0|0|1|0|0|0|0|1,,,-105.0,-115.0,0.0,8.5,espn,401472416,LAD,NYM,regular,Bobby Miller,Max Scherzer,,,,,,,,
2023,2023-07-16,Houston Astros,Los Angeles Angels,9.0,8.0,False,1|0|0|0|0|0|2|2|4,0|1|0|2|0|0|4|0|1,,,-120.0,100.0,0.0,10.0,espn,401472415,HOU,LAA,regular,Cristian Javier,Tyler Anderson,,,,,,,,
2023,2023-07-17,Los Angeles Dodgers,Baltimore Orioles,6.0,4.0,False,0|0|0|1|0|5|0|0|0,1|2|0|0|1|0|0|0|0,,,-110.0,-110.0,0.0,9.0,espn,401472427,LAD,BAL,regular,Emmet Sheehan,Grayson Rodriguez,,,,,,,,
2023,2023-07-17,Cleveland Guardians,Pittsburgh Pirates,11.0,0.0,False,0|0|0|2|1|4|2|1|1,0|0|0|0|0|0|0|0|0,,,-125.0,105.0,0.0,9.0,espn,401472434,CLE,PIT,regular,Xzavion Curry,Quinn Priester,,,,,,,,
2023,2023-07-17,San Francisco Giants,Cincinnati Reds,4.0,2.0,False,0|0|1|0|0|1|0|0|0|2,1|0|0|0|0|0|1|0|0|0,,,-160.0,140.0,0.0,10.0,espn,401472431,SF,CIN,regular,Logan Webb,Brandon Williamson,,,,,,,,
2023,2023-07-17,Miami Marlins,St. Louis Cardinals,4.0,6.0,False,0|1|0|0|1|1|1|0|0,0|0|1|0|2|3|0|0,,,-115.0,-105.0,0.0,8.5,espn,401472428,MIA,STL,regular,Jesus Luzardo,Miles Mikolas,,,,,,,,
2023,2023-07-17,Tampa Bay Rays,Texas Rangers,2.0,3.0,False,1|1|0|0|0|0|0|0|0,0|0|0|0|0|2|0|0|1,,,-120.0,100.0,0.0,9.0,espn,401472432,TB,TEX,regular,Shane McClanahan,Dane Dunning,,,,,,,,
2023,2023-07-17,Washington Nationals,Chicago Cubs,7.0,5.0,False,2|0|0|2|0|1|2|0|0,0|1|0|0|0|2|2|0|0,,,120.0,-140.0,0.0,9.0,espn,401472433,WSH,CHC,regular,MacKenzie Gore,Drew Smyly,,,,,,,,
2023,2023-07-17,Detroit Tigers,Kansas City Royals,3.0,2.0,False,0|0|0|0|0|0|0|3|0,0|0|0|2|0|0|0|0|0,,,-135.0,115.0,0.0,9.0,espn,401472426,DET,KC,regular,Matt Manning,Jordan Lyles,,,,,,,,
2023,2023-07-17,New York Yankees,Los Angeles Angels,3.0,4.0,False,0|0|0|0|0|2|1|0|0|0,0|0|0|0|0|1|2|0|0|1,,,120.0,-140.0,0.0,9.0,espn,401472430,NYY,LAA,regular,Luis Severino,Griffin Canning,,,,,,,,
2023,2023-07-17,Boston Red Sox,Oakland Athletics,7.0,0.0,False,1|1|0|0|0|4|0|0|1,0|0|0|0|0|0|0|0|0,,,-170.0,150.0,0.0,8.5,espn,401472425,BOS,OAK,regular,Brennan Bernardino,Paul Blackburn,,,,,,,,
2023,2023-07-17,Minnesota Twins,Seattle Mariners,6.0,7.0,False,0|0|2|0|0|1|0|0|3,0|0|0|0|4|1|2|0,,,120.0,-140.0,0.0,7.5,espn,401472429,MIN,SEA,regular,Sonny Gray,Logan Gilbert,,,,,,,,
2023,2023-07-18,San Francisco Giants,Cincinnati Reds,4.0,2.0,False,0|0|1|0|0|1|0|0|0|2,1|0|0|0|0|0|1|0|0|0,,,-160.0,140.0,0.0,10.0,espn,401472431,SF,CIN,regular,Logan Webb,Brandon Williamson,,,,,,,,
2023,2023-07-18,Milwaukee Brewers,Philadelphia Phillies,3.0,4.0,False,0|0|0|0|2|0|0|1|0,1|1|1|0|1|0|0|0,,,175.0,-210.0,0.0,9.5,espn,401472441,MIL,PHI,regular,Julio Teheran,Aaron Nola,,,,,,,,
2023,2023-07-18,Los Angeles Dodgers,Baltimore Orioles,10.0,3.0,False,0|5|0|0|0|0|4|1|0,0|1|0|0|0|0|0|2|0,,,105.0,-125.0,0.0,9.5,espn,401472439,LAD,BAL,regular,Michael Grove,Tyler Wells,,,,,,,,
2023,2023-07-18,Cleveland Guardians,Pittsburgh Pirates,10.0,1.0,False,5|0|2|1|0|0|0|0|2,0|0|0|0|0|1|0|0|0,,,-105.0,-115.0,0.0,8.5,espn,401472448,CLE,PIT,regular,Logan Allen,Mitch Keller,,,,,,,,
2023,2023-07-18,San Diego Padres,Toronto Blue Jays,9.0,1.0,False,2|0|2|0|2|0|0|1|2,1|0|0|0|0|0|0|0|0,,,-115.0,-105.0,0.0,9.5,espn,401472444,SD,TOR,regular,Joe Musgrove,Alek Manoah,,,,,,,,
2023,2023-07-18,Chicago White Sox,New York Mets,10.0,11.0,False,0|1|1|0|2|0|5|0|1,5|1|0|2|0|3|0|0,,,100.0,-120.0,0.0,9.0,espn,401472437,CHW,NYM,regular,Lucas Giolito,Carlos Carrasco,,,,,,,,
2023,2023-07-18,Arizona Diamondbacks,Atlanta Braves,16.0,13.0,False,2|5|0|1|0|4|0|1|3,5|0|0|4|2|2|0|0|0,,,175.0,-210.0,0.0,10.5,espn,401472435,ARI,ATL,regular,Zach Davies,Bryce Elder,,,,,,,,
2023,2023-07-18,San Francisco Giants,Cincinnati Reds,11.0,10.0,False,1|0|3|0|3|1|3|0|0,2|2|1|0|3|0|2|0|0,,,-135.0,115.0,0.0,11.0,espn,401472445,SF,CIN,regular,Anthony DeSclafani,Luke Weaver,,,,,,,,
2023,2023-07-18,Miami Marlins,St. Louis Cardinals,2.0,5.0,False,0|0|0|0|1|0|1|0|0|0,0|0|0|0|0|1|1|0|0|3,,,130.0,-150.0,0.0,8.0,espn,401472440,MIA,STL,regular,Edward Cabrera,Jordan Montgomery,,,,,,,,
2023,2023-07-18,Tampa Bay Rays,Texas Rangers,3.0,5.0,False,0|0|0|0|0|0|1|2|0,0|0|1|0|0|1|3|0,,,125.0,-145.0,0.0,9.0,espn,401472446,TB,TEX,regular,Taj Bradley,Nathan Eovaldi,,,,,,,,
2023,2023-07-18,Washington Nationals,Chicago Cubs,3.0,17.0,False,1|2|0|0|0|0|0|0|0,0|0|0|1|0|2|6|8,,,145.0,-165.0,0.0,9.0,espn,401472447,WSH,CHC,regular,Patrick Corbin,Jameson Taillon,,,,,,,,
2023,2023-07-18,Detroit Tigers,Kansas City Royals,10.0,11.0,False,2|0|0|0|3|1|0|0|4,0|0|2|5|0|2|0|2,,,-170.0,150.0,0.0,8.0,espn,401472438,DET,KC,regular,Tarik Skubal,Daniel Lynch IV,,,,,,,,
2023,2023-07-18,Houston Astros,Colorado Rockies,3.0,4.0,False,3|0|0|0|0|0|0|0|0,3|0|0|1|0|0|0|0,,,-220.0,180.0,0.0,12.0,espn,401472449,HOU,COL,regular,Hunter Brown,Jake Bird,,,,,,,,
2023,2023-07-18,New York Yankees,Los Angeles Angels,1.0,5.0,False,0|0|1|0|0|0|0|0|0,2|0|1|0|2|0|0|0,,,-115.0,-105.0,0.0,9.0,espn,401472443,NYY,LAA,regular,Domingo German,Patrick Sandoval,,,,,,,,
2023,2023-07-18,Boston Red Sox,Oakland Athletics,0.0,3.0,False,0|0|0|0|0|0|0|0|0,0|3|0|0|0|0|0|0,,,-180.0,160.0,0.0,9.0,espn,401472436,BOS,OAK,regular,Joe Jacques,Luis Medina,,,,,,,,
2023,2023-07-18,Minnesota Twins,Seattle Mariners,10.0,3.0,False,2|0|3|2|0|1|0|0|2,3|0|0|0|0|0|0|0|0,,,100.0,-120.0,0.0,7.0,espn,401472442,MIN,SEA,regular,Bailey Ober,Bryan Woo,,,,,,,,
2023,2023-07-19,Cleveland Guardians,Pittsburgh Pirates,5.0,7.0,False,0|0|0|1|3|0|0|1|0,0|0|0|0|2|0|5|0,,,-140.0,120.0,0.0,8.5,espn,401472463,CLE,PIT,regular,Aaron Civale,Rich Hill,,,,,,,,
2023,2023-07-19,Los Angeles Dodgers,Baltimore Orioles,5.0,8.0,False,2|0|0|1|2|0|0|0|0,4|0|2|1|1|0|0|0,,,-145.0,125.0,0.0,9.0,espn,401472454,LAD,BAL,regular,Julio Urias,Dean Kremer,,,,,,,,
2023,2023-07-19,Tampa Bay Rays,Texas Rangers,1.0,5.0,False,0|0|0|0|0|0|0|0|1,0|0|1|0|0|0|1|3,,,-105.0,-115.0,0.0,9.5,espn,401472461,TB,TEX,regular,Zack Littell,Jon Gray,,,,,,,,
2023,2023-07-19,Miami Marlins,St. Louis Cardinals,4.0,6.0,False,0|0|2|0|0|0|0|1|1,4|0|0|0|0|0|2|0,,,-110.0,-110.0,0.0,8.5,espn,401472455,MIA,STL,regular,Sandy Alcantara,Dakota Hudson,,,,,,,,
2023,2023-07-19,Houston Astros,Colorado Rockies,4.0,1.0,False,0|0|1|0|0|3|0|0|0,0|0|0|0|0|0|0|0|1,,,-150.0,130.0,0.0,12.0,espn,401472464,HOU,COL,regular,Brandon Bielak,Austin Gomber,,,,,,,,
2023,2023-07-19,Boston Red Sox,Oakland Athletics,5.0,6.0,False,2|0|0|0|2|1|0|0|0,2|2|0|2|0|0|0|0,,,-230.0,190.0,0.0,8.5,espn,401472451,BOS,OAK,regular,Brayan Bello,Ken Waldichuk,,,,,,,,
2023,2023-07-19,Milwaukee Brewers,Philadelphia Phillies,5.0,3.0,False,0|3|0|0|0|0|1|0|1,0|0|0|1|2|0|0|0|0,,,140.0,-160.0,0.0,9.0,espn,401472456,MIL,PHI,regular,Colin Rea,Cristopher Sanchez,,,,,,,,
2023,2023-07-19,New York Yankees,Los Angeles Angels,3.0,7.0,False,0|0|0|0|0|2|0|1|0,2|2|2|0|0|0|0|1,,,-140.0,120.0,0.0,8.5,espn,401472458,NYY,LAA,regular,Carlos Rodon,Chase Silseth,,,,,,,,
2023,2023-07-19,San Diego Padres,Toronto Blue Jays,2.0,0.0,False,0|0|0|0|2|0|0|0|0,0|0|0|0|0|0|0|0|0,,,-105.0,-115.0,0.0,9.0,espn,401472459,SD,TOR,regular,Yu Darvish,Jose Berrios,,,,,,,,
2023,2023-07-19,Chicago White Sox,New York Mets,1.0,5.0,False,0|0|0|0|0|0|1|0|0,0|0|1|4|0|0|0|0,,,180.0,-220.0,0.0,9.0,espn,401472452,CHW,NYM,regular,Touki Toussaint,Justin Verlander,,,,,,,,
2023,2023-07-19,San Francisco Giants,Cincinnati Reds,2.0,3.0,False,0|0|0|0|1|0|1|0|0,0|0|3|0|0|0|0|0,,,-115.0,-105.0,0.0,10.5,espn,401472460,SF,CIN,regular,Ross Stripling,Graham Ashcraft,,,,,,,,
2023,2023-07-19,Arizona Diamondbacks,Atlanta Braves,5.0,3.0,False,0|1|2|0|0|1|0|1|0,0|1|0|0|0|0|1|0|1,,,180.0,-220.0,0.0,10.0,espn,401472450,ARI,ATL,regular,Ryne Nelson,Charlie Morton,,,,,,,,
2023,2023-07-19,Washington Nationals,Chicago Cubs,3.0,8.0,False,0|1|0|0|0|0|0|2|0,1|0|0|1|0|0|1|5,,,140.0,-160.0,0.0,9.5,espn,401472462,WSH,CHC,regular,Trevor Williams,Kyle Hendricks,,,,,,,,
2023,2023-07-19,Detroit Tigers,Kansas City Royals,3.0,2.0,False,0|1|0|0|0|2|0|0|0,0|0|0|0|2|0|0|0|0,,,-150.0,130.0,0.0,8.5,espn,401472453,DET,KC,regular,Eduardo Rodriguez,Ryan Yarbrough,,,,,,,,
2023,2023-07-19,Minnesota Twins,Seattle Mariners,6.0,3.0,False,0|1|0|0|2|0|0|1|2,0|0|0|0|0|1|2|0|0,,,125.0,-145.0,0.0,7.5,espn,401472457,MIN,SEA,regular,Kenta Maeda,Luis Castillo,,,,,,,,
2023,2023-07-20,Arizona Diamondbacks,Atlanta Braves,5.0,7.0,False,0|0|0|0|0|0|4|1|0,0|0|0|0|0|1|2|4,,,180.0,-200.0,0.0,9.0,espn,401472465,ARI,ATL,regular,Zac Gallen,Spencer Strider,,,,,,,,
2023,2023-07-20,Milwaukee Brewers,Philadelphia Phillies,4.0,0.0,False,0|0|3|0|0|0|1|0|0,0|0|0|0|0|0|0|0|0,,,-110.0,-110.0,0.0,8.5,espn,401472470,MIL,PHI,regular,Corbin Burnes,Taijuan Walker,,,,,,,,
2023,2023-07-20,San Francisco Giants,Cincinnati Reds,1.0,5.0,False,0|0|0|0|0|0|0|0|1,0|0|2|2|1|0|0|0,,,-110.0,-110.0,0.0,9.5,espn,401472473,SF,CIN,regular,Alex Cobb,Andrew Abbott,,,,,,,,
2023,2023-07-20,San Diego Padres,Toronto Blue Jays,0.0,4.0,False,0|0|0|0|0|0|0|0|0,0|1|0|0|0|0|1|2,,,-118.0,100.0,0.0,8.5,espn,401472472,SD,TOR,regular,Blake Snell,Chris Bassitt,,,,,,,,
2023,2023-07-20,Chicago White Sox,New York Mets,6.0,2.0,False,1|1|0|0|0|4|0|0|0,0|0|0|0|1|0|0|1|0,,,138.0,-163.0,0.0,9.0,espn,401472467,CHW,NYM,regular,Michael Kopech,Jose Quintana,,,,,,,,
2023,2023-07-20,Detroit Tigers,Kansas City Royals,3.0,0.0,False,0|2|0|0|1|0|0|0|0,0|0|0|0|0|0|0|0|0,,,-133.0,110.0,0.0,9.0,espn,401472468,DET,KC,regular,Michael Lorenzen,Zack Greinke,,,,,,,,
2023,2023-07-20,Minnesota Twins,Seattle Mariners,0.0,5.0,False,0|0|0|0|0|0|0|0|0,1|0|0|1|0|0|0|3,,,105.0,-125.0,0.0,7.5,espn,401472471,MIN,SEA,regular,Pablo Lopez,George Kirby,,,,,,,,
2023,2023-07-20,Baltimore Orioles,Tampa Bay Rays,4.0,3.0,False,0|0|0|3|0|0|0|0|0|1,0|1|0|0|0|0|2|0|0|0,,,145.0,-175.0,0.0,8.0,espn,401472466,BAL,TB,regular,Kyle Gibson,Tyler Glasnow,,,,,,,,
2023,2023-07-20,St. Louis Cardinals,Chicago Cubs,7.0,2.0,False,1|0|0|4|2|0|0|0|0,0|0|0|1|0|0|1|0|0,,,100.0,-118.0,0.0,8.5,espn,401472474,STL,CHC,regular,Steven Matz,Marcus Stroman,,,,,,,,
2023,2023-07-20,Houston Astros,Oakland Athletics,3.0,1.0,False,0|0|0|0|0|2|0|0|1,1|0|0|0|0|0|0|0|0,,,-220.0,180.0,0.0,8.5,espn,401472469,HOU,OAK,regular,J.P. France,Hogan Harris,,,,,,,,
2023,2023-07-21,St. Louis Cardinals,Chicago Cubs,3.0,4.0,False,0|1|0|0|0|0|2|0|0,0|0|4|0|0|0|0|0,,,105.0,-125.0,0.0,8.0,espn,401472488,STL,CHC,regular,Jack Flaherty,Justin Steele,,,,,,,,
2023,2023-07-21,Baltimore Orioles,Tampa Bay Rays,0.0,3.0,False,0|0|0|0|0|0|0|0|0,0|1|0|0|0|1|1|0,,,125.0,-145.0,0.0,8.0,espn,401472477,BAL,TB,regular,Kyle Bradish,Zach Eflin,,,,,,,,
2023,2023-07-21,Colorado Rockies,Miami Marlins,6.0,1.0,False,2|3|1|0|0|0|0|0|0,0|0|0|0|0|0|1|0|0,,,200.0,-240.0,0.0,8.5,espn,401472479,COL,MIA,regular,Peter Lambert,Braxton Garrett,,,,,,,,
2023,2023-07-21,San Diego Padres,Detroit Tigers,5.0,4.0,False,3|0|2|0|0|0|0|0|0,0|0|0|0|1|1|2|0|0,,,-145.0,125.0,0.0,9.0,espn,401472486,SD,DET,regular,Seth Lugo,Reese Olson,,,,,,,,
2023,2023-07-21,Kansas City Royals,New York Yankees,4.0,5.0,False,0|0|0|3|0|0|0|1|0,0|1|0|3|1|0|0|0,,,170.0,-200.0,0.0,8.5,espn,401472481,KC,NYY,regular,Alec Marsh,Clarke Schmidt,,,,,,,,
2023,2023-07-21,San Francisco Giants,Washington Nationals,3.0,5.0,False,1|0|2|0|0|0|0|0|0,2|1|0|1|1|0|0|0,,,-155.0,135.0,0.0,9.5,espn,401472487,SF,WSH,regular,Alex Wood,Jake Irvin,,,,,,,,
2023,2023-07-21,Arizona Diamondbacks,Cincinnati Reds,6.0,9.0,False,1|0|1|0|1|0|3|0|0,1|1|0|2|5|0|0|0,,,100.0,-120.0,0.0,10.5,espn,401472475,ARI,CIN,regular,Tommy Henry,Ben Lively,,,,,,,,
2023,2023-07-21,New York Mets,Boston Red Sox,5.0,4.0,False,0|0|2|2|0|1|0|0|0,1|2|0|0|0|0|1|0|0,,,-105.0,-115.0,0.0,9.5,espn,401472483,NYM,BOS,regular,Kodai Senga,Kutter Crawford,,,,,,,,
2023,2023-07-21,Philadelphia Phillies,Cleveland Guardians,5.0,6.0,False,0|0|1|0|0|1|3|0|0,2|0|0|1|1|2|0|0,,,-125.0,105.0,0.0,8.5,espn,401472484,PHI,CLE,regular,Ranger Suarez,Gavin Williams,,,,,,,,
2023,2023-07-21,Los Angeles Dodgers,Texas Rangers,11.0,5.0,False,0|0|3|0|1|0|2|3|2,2|0|0|2|0|1|0|0|0,,,105.0,-125.0,0.0,9.5,espn,401472482,LAD,TEX,regular,Tony Gonsolin,Andrew Heaney,,,,,,,,
2023,2023-07-21,Atlanta Braves,Milwaukee Brewers,6.0,4.0,False,0|3|2|0|1|0|0|0|0,2|0|0|0|0|2|0|0|0,,,-120.0,100.0,0.0,9.0,espn,401472476,ATL,MIL,regular,Michael Soroka,Freddy Peralta,,,,,,,,
2023,2023-07-21,Chicago White Sox,Minnesota Twins,4.0,9.0,False,1|0|0|0|1|2|0|0|0,5|0|0|2|0|0|2|0,,,135.0,-155.0,0.0,8.0,espn,401472478,CHW,MIN,regular,Lance Lynn,Joe Ryan,,,,,,,,
2023,2023-07-21,Pittsburgh Pirates,Los Angeles Angels,5.0,8.0,False,0|0|0|2|2|1|0|0|0,0|0|0|5|3|0|0|0,,,165.0,-185.0,0.0,8.0,espn,401472485,PIT,LAA,regular,Johan Oviedo,Shohei Ohtani,,,,,,,,
2023,2023-07-21,Houston Astros,Oakland Athletics,6.0,4.0,False,1|0|2|0|2|0|1|0|0,0|0|1|0|3|0|0|0|0,,,-245.0,205.0,0.0,7.5,espn,401472480,HOU,OAK,regular,Framber Valdez,JP Sears,,,,,,,,
2023,2023-07-21,Toronto Blue Jays,Seattle Mariners,2.0,3.0,False,0|0|0|0|1|0|1|0|0,0|0|0|0|0|0|1|1|1,,,-105.0,-115.0,0.0,8.0,espn,401472489,TOR,SEA,regular,Yusei Kikuchi,Bryce Miller,,,,,,,,
2023,2023-07-22,New York Mets,Boston Red Sox,5.0,4.0,False,0|0|2|2|0|1|0|0|0,1|2|0|0|0|0|1|0|0,,,-105.0,-115.0,0.0,9.5,espn,401472483,NYM,BOS,regular,Kodai Senga,Kutter Crawford,,,,,,,,
2023,2023-07-22,Kansas City Royals,New York Yankees,2.0,5.0,False,0|0|1|0|1|0|0|0|0,1|0|1|0|0|0|1|2,,,200.0,-240.0,0.0,8.0,espn,401472496,KC,NYY,regular,Brady Singer,Gerrit Cole,,,,,,,,
2023,2023-07-22,Colorado Rockies,Miami Marlins,4.0,3.0,False,0|0|0|0|0|0|3|0|1,0|1|0|0|2|0|0|0|0,,,135.0,-155.0,0.0,8.5,espn,401472494,COL,MIA,regular,Chase Anderson,Johnny Cueto,,,,,,,,
2023,2023-07-22,St. Louis Cardinals,Chicago Cubs,6.0,8.0,False,1|0|2|0|2|1|0|0|0,0|1|2|0|2|3|0|0,,,-125.0,105.0,0.0,9.5,espn,401472503,STL,CHC,regular,Miles Mikolas,Michael Fulmer,,,,,,,,
2023,2023-07-22,Los Angeles Dodgers,Texas Rangers,16.0,3.0,False,0|3|2|5|0|0|0|3|3,1|0|0|0|2|0|0|0|0,,,-130.0,110.0,0.0,9.0,espn,401472497,LAD,TEX,regular,Bobby Miller,Dane Dunning,,,,,,,,
2023,2023-07-22,Arizona Diamondbacks,Cincinnati Reds,2.0,4.0,False,0|0|0|0|0|1|0|0|1,0|0|0|0|0|3|0|1,,,-120.0,100.0,0.0,11.0,espn,401472490,ARI,CIN,regular,Brandon Pfaadt,Brandon Williamson,,,,,,,,
2023,2023-07-22,Baltimore Orioles,Tampa Bay Rays,6.0,5.0,False,0|0|0|5|0|0|0|0|1,0|0|0|0|0|2|1|2|0,,,155.0,-175.0,0.0,7.5,espn,401472492,BAL,TB,regular,Grayson Rodriguez,Shane McClanahan,,,,,,,,
2023,2023-07-22,Toronto Blue Jays,Seattle Mariners,8.0,9.0,False,0|0|0|1|4|0|2|0|1,0|0|3|0|1|0|5|0,,,-140.0,120.0,0.0,7.5,espn,401472504,TOR,SEA,regular,Kevin Gausman,Logan Gilbert,,,,,,,,
2023,2023-07-22,San Diego Padres,Detroit Tigers,14.0,3.0,False,0|0|4|1|5|0|1|3|0,0|3|0|0|0|0|0|0|0,,,-135.0,115.0,0.0,10.0,espn,401472501,SD,DET,regular,Jackson Wolf,Matt Manning,,,,,,,,
2023,2023-07-22,San Francisco Giants,Washington Nationals,1.0,10.0,False,0|0|1|0|0|0|0|0|0,0|6|0|4|0|0|0|0,,,-200.0,170.0,0.0,8.5,espn,401472502,SF,WSH,regular,Logan Webb,Josiah Gray,,,,,,,,
2023,2023-07-22,New York Mets,Boston Red Sox,6.0,8.0,False,0|0|0|3|0|0|0|0|3,1|1|0|0|1|2|3|0,,,100.0,-120.0,0.0,9.0,espn,401472498,NYM,BOS,regular,Max Scherzer,James Paxton,,,,,,,,
2023,2023-07-22,Philadelphia Phillies,Cleveland Guardians,0.0,1.0,False,0|0|0|0|0|0|0|0|0,0|0|0|0|0|1|0|0,,,-120.0,100.0,0.0,8.0,espn,401472499,PHI,CLE,regular,Zack Wheeler,Tanner Bibee,,,,,,,,
2023,2023-07-22,Atlanta Braves,Milwaukee Brewers,3.0,4.0,False,0|0|3|0|0|0|0|0|0,0|0|0|0|2|1|0|1,,,-140.0,120.0,0.0,9.5,espn,401472491,ATL,MIL,regular,Allan Winans,Adrian Houser,,,,,,,,
2023,2023-07-22,Chicago White Sox,Minnesota Twins,2.0,3.0,False,0|0|2|0|0|0|0|0|0,0|0|1|0|0|0|2|0,,,115.0,-135.0,0.0,8.0,espn,401472493,CHW,MIN,regular,Dylan Cease,Sonny Gray,,,,,,,,
2023,2023-07-22,Houston Astros,Oakland Athletics,1.0,4.0,False,0|0|0|0|0|1|0|0|0,0|0|0|0|0|2|1|1,,,-185.0,165.0,0.0,8.0,espn,401472495,HOU,OAK,regular,Cristian Javier,Paul Blackburn,,,,,,,,
2023,2023-07-22,Pittsburgh Pirates,Los Angeles Angels,3.0,0.0,False,0|0|0|0|2|1|0|0|0,0|0|0|0|0|0|0|0|0,,,165.0,-185.0,0.0,9.5,espn,401472500,PIT,LAA,regular,Ryan Borucki,Reid Detmers,,,,,,,,
2023,2023-07-23,San Diego Padres,Detroit Tigers,1.0,3.0,False,0|0|0|0|0|0|1|0|0,1|0|2|0|0|0|0|0,,,-235.0,195.0,0.0,8.5,espn,401472516,SD,DET,regular,Joe Musgrove,Alex Faedo,,,,,,,,
2023,2023-07-23,Kansas City Royals,New York Yankees,5.0,8.0,False,0|0|0|1|0|2|0|0|2,4|0|1|0|0|0|0|3,,,167.0,-192.0,0.0,9.0,espn,401472511,KC,NYY,regular,Jordan Lyles,Luis Severino,,,,,,,,
2023,2023-07-23,San Francisco Giants,Washington Nationals,1.0,6.0,False,0|0|0|0|0|0|1|0|0,2|0|1|2|1|0|0|0,,,-115.0,-105.0,0.0,8.5,espn,401472517,SF,WSH,regular,Scott Alexander,MacKenzie Gore,,,,,,,,
2023,2023-07-23,Arizona Diamondbacks,Cincinnati Reds,3.0,7.0,False,0|0|0|0|3|0|0|0|0,1|2|0|0|0|1|0|3,,,-110.0,-110.0,0.0,11.0,espn,401472505,ARI,CIN,regular,Jose Ruiz,Luke Weaver,,,,,,,,
2023,2023-07-23,Baltimore Orioles,Tampa Bay Rays,5.0,3.0,False,1|2|0|0|0|1|1|0|0,0|0|0|1|2|0|0|0|0,,,115.0,-135.0,0.0,8.5,espn,401472507,BAL,TB,regular,Tyler Wells,Taj Bradley,,,,,,,,
2023,2023-07-23,Colorado Rockies,Miami Marlins,2.0,3.0,False,0|0|0|0|1|0|0|0|1|0,0|0|0|0|0|2|0|0|0|1,,,210.0,-250.0,0.0,8.0,espn,401472509,COL,MIA,regular,Ty Blach,Jesus Luzardo,,,,,,,,
2023,2023-07-23,Philadelphia Phillies,Cleveland Guardians,8.0,5.0,False,1|0|0|0|2|1|0|0|0|4,1|1|1|0|0|0|0|0|1|1,,,-145.0,125.0,0.0,8.5,espn,401472514,PHI,CLE,regular,Aaron Nola,Xzavion Curry,,,,,,,,
2023,2023-07-23,Atlanta Braves,Milwaukee Brewers,4.0,2.0,False,0|1|0|0|0|0|0|3|0,0|0|1|1|0|0|0|0|0,,,-165.0,145.0,0.0,10.0,espn,401472506,ATL,MIL,regular,Bryce Elder,Julio Teheran,,,,,,,,
2023,2023-07-23,Chicago White Sox,Minnesota Twins,4.0,5.0,False,0|1|1|0|1|0|0|0|0|1|0|0,0|0|0|0|0|0|0|0|3|1|0|1,,,125.0,-145.0,0.0,8.0,espn,401472508,CHW,MIN,regular,Lucas Giolito,Bailey Ober,,,,,,,,
2023,2023-07-23,St. Louis Cardinals,Chicago Cubs,2.0,7.0,False,0|0|0|0|0|1|0|1|0,2|0|5|0|0|0|0|0,,,-145.0,125.0,0.0,9.0,espn,401472518,STL,CHC,regular,Jordan Montgomery,Jameson Taillon,,,,,,,,
2023,2023-07-23,Los Angeles Dodgers,Texas Rangers,4.0,8.0,False,4|0|0|0|0|0|0|0|0,2|3|2|1|0|0|0|0,,,-115.0,-105.0,0.0,10.0,espn,401472512,LAD,TEX,regular,Emmet Sheehan,Martin Perez,,,,,,,,
2023,2023-07-23,Houston Astros,Oakland Athletics,3.0,2.0,False,0|0|0|0|1|0|1|0|1,1|0|0|0|0|1|0|0|0,,,-235.0,195.0,0.0,8.5,espn,401472510,HOU,OAK,regular,Hunter Brown,Luis Medina,,,,,,,,
2023,2023-07-23,Pittsburgh Pirates,Los Angeles Angels,5.0,7.0,False,1|0|0|0|0|0|4|0|0,1|1|0|0|4|1|0|0,,,110.0,-130.0,0.0,9.0,espn,401472515,PIT,LAA,regular,Mitch Keller,Tyler Anderson,,,,,,,,
2023,2023-07-23,Toronto Blue Jays,Seattle Mariners,4.0,3.0,False,0|0|0|2|0|1|1|0|0,0|2|0|0|0|1|0|0|0,,,110.0,-130.0,0.0,8.5,espn,401472519,TOR,SEA,regular,Alek Manoah,Bryan Woo,,,,,,,,
2023,2023-07-23,New York Mets,Boston Red Sox,1.0,6.0,False,0|0|0|0|0|1|0|0|0,1|0|4|0|0|0|1|0,,,110.0,-133.0,0.0,10.5,espn,401472513,NYM,BOS,regular,Carlos Carrasco,Brennan Bernardino,,,,,,,,
2023,2023-07-24,San Francisco Giants,Detroit Tigers,1.0,5.0,False,0|0|0|0|0|1|0|0|0,1|0|1|0|1|0|0|2,,,-105.0,-115.0,0.0,9.0,espn,401541991,SF,DET,regular,Ross Stripling,Tarik Skubal,,,,,,,,
2023,2023-07-24,Baltimore Orioles,Philadelphia Phillies,3.0,2.0,False,0|1|0|0|0|1|0|0|1,0|0|0|0|1|0|0|1|0,,,100.0,-120.0,0.0,9.5,espn,401472520,BAL,PHI,regular,Dean Kremer,Cristopher Sanchez,,,,,,,,
2023,2023-07-24,Colorado Rockies,Washington Nationals,10.0,6.0,False,0|0|0|2|0|2|2|2|2,0|0|0|0|0|0|1|3|2,,,130.0,-150.0,0.0,9.5,espn,401472522,COL,WSH,regular,Jake Bird,Patrick Corbin,,,,,,,,
2023,2023-07-24,Kansas City Royals,Cleveland Guardians,5.0,3.0,False,0|2|0|0|0|2|1|0|0,0|0|0|0|0|1|2|0|0,,,165.0,-185.0,0.0,8.5,espn,401472523,KC,CLE,regular,Ryan Yarbrough,Logan Allen,,,,,,,,
2023,2023-07-24,Seattle Mariners,Minnesota Twins,3.0,4.0,False,0|0|0|0|1|0|0|0|2|0,0|0|0|0|2|0|0|0|1|1,,,-110.0,-110.0,0.0,8.0,espn,401472524,SEA,MIN,regular,Luis Castillo,Kenta Maeda,,,,,,,,
2023,2023-07-24,Cincinnati Reds,Milwaukee Brewers,2.0,3.0,False,0|0|2|0|0|0|0|0|0,1|0|0|0|0|1|0|0|1,,,-105.0,-115.0,0.0,9.0,espn,401472521,CIN,MIL,regular,Graham Ashcraft,Colin Rea,,,,,,,,
2023,2023-07-24,Texas Rangers,Houston Astros,9.0,10.0,False,2|3|0|1|0|0|3|0|0,4|0|0|0|2|0|3|0|1,,,-110.0,-110.0,0.0,9.0,espn,401472526,TEX,HOU,regular,Jon Gray,Brandon Bielak,,,,,,,,
2023,2023-07-24,St. Louis Cardinals,Arizona Diamondbacks,10.0,6.0,False,2|0|0|2|1|0|0|0|5,1|1|0|0|0|2|2|0|0,,,110.0,-130.0,0.0,9.5,espn,401472525,STL,ARI,regular,Adam Wainwright,Ryne Nelson,,,,,,,,
2023,2023-07-24,Pittsburgh Pirates,San Diego Padres,8.0,4.0,False,0|0|3|2|3|0|0|0|0,1|0|0|0|2|1|0|0|0,,,215.0,-260.0,0.0,8.5,espn,401472528,PIT,SD,regular,Quinn Priester,Yu Darvish,,,,,,,,
2023,2023-07-24,Toronto Blue Jays,Los Angeles Dodgers,6.0,3.0,False,0|0|0|0|2|0|0|1|0|0|3,1|0|0|1|0|0|0|1|0|0|0,,,-105.0,-115.0,0.0,9.5,espn,401472527,TOR,LAD,regular,Jose Berrios,Michael Grove,,,,,,,,
2023,2023-07-25,Los Angeles Angels,Detroit Tigers,7.0,6.0,False,2|0|0|0|2|0|0|0|2|1,0|0|0|1|1|0|0|0|4|0,,,110.0,-130.0,0.0,8.0,espn,401472529,LAA,DET,regular,Griffin Canning,Eduardo Rodriguez,,,,,,,,
2023,2023-07-25,Baltimore Orioles,Philadelphia Phillies,3.0,4.0,False,0|1|1|0|0|0|0|1|0,0|0|1|0|0|1|0|0|2,,,105.0,-125.0,0.0,9.5,espn,401472531,BAL,PHI,regular,Kyle Gibson,Taijuan Walker,,,,,,,,
2023,2023-07-25,Miami Marlins,Tampa Bay Rays,1.0,4.0,False,0|0|1|0|0|0|0|0|0,0|3|0|0|0|1|0|0,,,180.0,-220.0,0.0,7.5,espn,401472536,MIA,TB,regular,Edward Cabrera,Tyler Glasnow,,,,,,,,
2023,2023-07-25,Colorado Rockies,Washington Nationals,5.0,6.0,False,0|2|2|0|0|0|0|1|0,0|1|0|0|0|0|1|4,,,115.0,-135.0,0.0,9.5,espn,401472534,COL,WSH,regular,Austin Gomber,Trevor Williams,,,,,,,,
2023,2023-07-25,New York Mets,New York Yankees,9.0,3.0,False,1|0|3|0|0|2|1|0|2,0|0|0|0|0|0|2|1|0,,,-110.0,-110.0,0.0,8.5,espn,401472537,NYM,NYY,regular,Justin Verlander,Domingo German,,,,,,,,
2023,2023-07-25,Atlanta Braves,Boston Red Sox,1.0,7.0,False,1|0|0|0|0|0|0|0|0,2|0|0|2|1|0|0|2,,,-145.0,125.0,0.0,10.5,espn,401472530,ATL,BOS,regular,Charlie Morton,John Schreiber,,,,,,,,
2023,2023-07-25,Kansas City Royals,Cleveland Guardians,1.0,5.0,False,0|0|0|0|1|0|0|0|0,0|0|1|0|3|1|0|0,,,170.0,-200.0,0.0,9.0,espn,401472535,KC,CLE,regular,Zack Greinke,Aaron Civale,,,,,,,,
2023,2023-07-25,Seattle Mariners,Minnesota Twins,9.0,7.0,False,0|1|0|0|1|0|0|4|3,4|0|1|0|0|1|0|0|1,,,100.0,-120.0,0.0,7.5,espn,401472539,SEA,MIN,regular,George Kirby,Pablo Lopez,,,,,,,,
2023,2023-07-25,Chicago Cubs,Chicago White Sox,7.0,3.0,False,0|3|0|1|1|0|2|0|0,0|0|0|0|1|0|2|0|0,,,-120.0,100.0,0.0,9.5,espn,401472532,CHC,CHW,regular,Kyle Hendricks,Michael Kopech,,,,,,,,
2023,2023-07-25,Cincinnati Reds,Milwaukee Brewers,4.0,3.0,False,0|0|0|2|0|0|0|0|2,0|0|0|0|0|0|0|0|3,,,130.0,-150.0,0.0,8.0,espn,401472533,CIN,MIL,regular,Andrew Abbott,Corbin Burnes,,,,,,,,
2023,2023-07-25,Texas Rangers,Houston Astros,3.0,4.0,False,0|0|0|0|0|1|0|0|2,0|2|0|0|0|1|1|0,,,120.0,-140.0,0.0,9.0,espn,401472541,TEX,HOU,regular,Yerry Rodriguez,J.P. France,,,,,,,,
2023,2023-07-25,St. Louis Cardinals,Arizona Diamondbacks,1.0,3.0,False,0|0|1|0|0|0|0|0|0,0|0|0|0|0|0|0|3,,,-105.0,-115.0,0.0,9.0,espn,401472540,STL,ARI,regular,Steven Matz,Merrill Kelly,,,,,,,,
2023,2023-07-25,Pittsburgh Pirates,San Diego Padres,1.0,5.0,False,0|1|0|0|0|0|0|0|0,0|2|0|0|0|0|1|2,,,230.0,-280.0,0.0,8.0,espn,401472543,PIT,SD,regular,Rich Hill,Blake Snell,,,,,,,,
2023,2023-07-25,Oakland Athletics,San Francisco Giants,1.0,2.0,False,0|0|0|0|0|0|0|1|0,0|0|0|0|1|0|0|1,,,215.0,-260.0,0.0,8.5,espn,401472538,OAK,SF,regular,Ken Waldichuk,Alex Cobb,,,,,,,,
2023,2023-07-25,Toronto Blue Jays,Los Angeles Dodgers,7.0,8.0,False,1|0|2|0|0|0|0|1|3|0,1|0|1|0|0|0|0|1|4|1,,,120.0,-140.0,0.0,9.0,espn,401472542,TOR,LAD,regular,Chris Bassitt,Julio Urias,,,,,,,,
2023,2023-07-26,Colorado Rockies,Washington Nationals,4.0,5.0,False,0|2|1|0|0|1|0|0|0,0|0|1|0|0|0|0|0|4,,,115.0,-135.0,0.0,10.0,espn,401472549,COL,WSH,regular,Peter Lambert,Jake Irvin,,,,,,,,
2023,2023-07-26,Miami Marlins,Tampa Bay Rays,7.0,1.0,False,0|2|0|3|1|1|0|0|0,0|0|1|0|0|0|0|0|0,,,140.0,-160.0,0.0,7.5,espn,401472551,MIA,TB,regular,Sandy Alcantara,Zach Eflin,,,,,,,,
2023,2023-07-26,Kansas City Royals,Cleveland Guardians,3.0,8.0,False,0|0|0|0|1|0|0|1|1,2|1|1|3|0|1|0|0,,,0.0,0.0,0.0,10.5,espn,401472550,KC,CLE,regular,Alec Marsh,Gavin Williams,,,,,,,,
2023,2023-07-26,Seattle Mariners,Minnesota Twins,8.0,7.0,False,1|1|1|1|3|1|0|0|0,0|0|2|1|0|4|0|0|0,,,105.0,-125.0,0.0,8.0,espn,401472554,SEA,MIN,regular,Bryce Miller,Joe Ryan,,,,,,,,
2023,2023-07-26,Cincinnati Reds,Milwaukee Brewers,0.0,3.0,False,0|0|0|0|0|0|0|0|0,0|0|0|0|0|0|2|1,,,120.0,-140.0,0.0,9.0,espn,401472548,CIN,MIL,regular,Ben Lively,Freddy Peralta,,,,,,,,
2023,2023-07-26,St. Louis Cardinals,Arizona Diamondbacks,11.0,7.0,False,0|1|1|0|0|1|3|5|0,0|0|2|0|0|1|1|0|3,,,125.0,-145.0,0.0,8.5,espn,401472555,STL,ARI,regular,Jack Flaherty,Zac Gallen,,,,,,,,
2023,2023-07-26,Toronto Blue Jays,Los Angeles Dodgers,8.0,1.0,False,0|1|1|0|3|1|0|2|0,0|0|0|0|0|1|0|0|0,,,110.0,-130.0,0.0,10.0,espn,401472557,TOR,LAD,regular,Yusei Kikuchi,Tony Gonsolin,,,,,,,,
2023,2023-07-26,Pittsburgh Pirates,San Diego Padres,3.0,2.0,False,0|1|0|1|0|0|0|0|1,0|0|1|0|0|0|0|0|1,,,170.0,-200.0,0.0,8.5,espn,401472558,PIT,SD,regular,Johan Oviedo,Seth Lugo,,,,,,,,
2023,2023-07-26,Baltimore Orioles,Philadelphia Phillies,4.0,6.0,False,0|0|3|0|0|0|1|0|0,0|0|2|2|0|0|2|0,,,-105.0,-115.0,0.0,9.5,espn,401472546,BAL,PHI,regular,Kyle Bradish,Ranger Suarez,,,,,,,,
2023,2023-07-26,Atlanta Braves,Boston Red Sox,3.0,5.0,False,0|0|0|0|0|3|0|0|0,0|0|0|0|0|1|3|1,,,-160.0,140.0,0.0,10.0,espn,401472545,ATL,BOS,regular,Spencer Strider,Brayan Bello,,,,,,,,
2023,2023-07-26,New York Mets,New York Yankees,1.0,3.0,False,0|0|1|0|0|0|0|0|0,0|2|0|1|0|0|0|0,,,130.0,-150.0,0.0,8.5,espn,401472552,NYM,NYY,regular,Jose Quintana,Carlos Rodon,,,,,,,,
2023,2023-07-26,Chicago Cubs,Chicago White Sox,10.0,7.0,False,0|2|0|0|6|0|0|2|0,2|1|0|4|0|0|0|0|0,,,-110.0,-110.0,0.0,9.0,espn,401472547,CHC,CHW,regular,Marcus Stroman,Lance Lynn,,,,,,,,
2023,2023-07-26,Texas Rangers,Houston Astros,13.0,5.0,False,0|0|2|4|7|0|0|0|0,3|0|0|0|0|0|0|0|2,,,155.0,-175.0,0.0,8.5,espn,401472556,TEX,HOU,regular,Andrew Heaney,Framber Valdez,,,,,,,,
2023,2023-07-26,Oakland Athletics,San Francisco Giants,3.0,8.0,False,0|0|0|3|0|0|0|0|0,2|1|0|0|0|2|0|3,,,200.0,-240.0,0.0,8.5,espn,401472553,OAK,SF,regular,Hogan Harris,Ryan Walker,,,,,,,,
2023,2023-07-27,Los Angeles Angels,Detroit Tigers,6.0,0.0,False,0|1|0|2|0|2|0|1|0,0|0|0|0|0|0|0|0|0,,,-125.0,105.0,0.0,8.5,espn,401472559,LAA,DET,regular,Shohei Ohtani,Michael Lorenzen,,,,,,,,
2023,2023-07-27,Los Angeles Angels,Detroit Tigers,11.0,4.0,False,0|5|0|2|0|1|0|0|3,0|0|2|0|0|0|1|1|0,,,-125.0,105.0,0.0,9.0,espn,401576869,LAA,DET,regular,Patrick Sandoval,Matt Manning,,,,,,,,
2023,2023-07-27,Washington Nationals,New York Mets,1.0,2.0,False,0|0|0|0|0|1|0|0|0,0|0|0|0|0|0|0|2,,,180.0,-220.0,0.0,9.0,espn,401472562,WSH,NYM,regular,Josiah Gray,Kodai Senga,,,,,,,,
2023,2023-07-27,Chicago Cubs,St. Louis Cardinals,10.0,3.0,False,3|0|2|1|0|1|2|0|1,0|0|0|1|0|0|0|2|0,,,-105.0,-115.0,0.0,9.5,espn,401472560,CHC,STL,regular,Justin Steele,Miles Mikolas,,,,,,,,
2023,2023-07-27,Cleveland Guardians,Chicago White Sox,6.0,3.0,False,1|0|3|0|0|0|1|1|0,0|0|1|0|2|0|0|0|0,,,-110.0,-110.0,0.0,8.5,espn,401472561,CLE,CHW,regular,Tanner Bibee,Dylan Cease,,,,,,,,
2023,2023-07-28,Detroit Tigers,Miami Marlins,5.0,6.0,False,0|0|0|1|0|0|1|2|1,2|1|1|0|0|0|0|2,,,135.0,-155.0,0.0,7.5,espn,401472568,DET,MIA,regular,Reese Olson,Braxton Garrett,,,,,,,,
2023,2023-07-28,New York Yankees,Baltimore Orioles,0.0,1.0,False,0|0|0|0|0|0|0|0|0,0|0|0|0|0|0|0|0|1,,,-130.0,110.0,0.0,8.5,espn,401472571,NYY,BAL,regular,Gerrit Cole,Grayson Rodriguez,,,,,,,,
2023,2023-07-28,Philadelphia Phillies,Pittsburgh Pirates,2.0,1.0,False,0|0|2|0|0|0|0|0|0,0|0|0|1|0|0|0|0|0,,,-165.0,145.0,0.0,8.5,espn,401472575,PHI,PIT,regular,Zack Wheeler,Mitch Keller,,,,,,,,
2023,2023-07-28,Los Angeles Angels,Toronto Blue Jays,1.0,4.0,False,1|0|0|0|0|0|0|0|0,0|1|1|0|0|1|1|0,,,165.0,-185.0,0.0,8.5,espn,401472563,LAA,TOR,regular,Lucas Giolito,Kevin Gausman,,,,,,,,
2023,2023-07-28,Cleveland Guardians,Chicago White Sox,0.0,3.0,False,0|0|0|0|0|0|0|0|0,1|0|0|0|0|1|0|1,,,-140.0,120.0,0.0,10.0,espn,401472567,CLE,CHW,regular,Xzavion Curry,Touki Toussaint,,,,,,,,
2023,2023-07-28,Washington Nationals,New York Mets,1.0,5.0,False,0|0|0|0|0|0|1|0|0,0|0|0|0|3|0|2|0,,,167.0,-192.0,0.0,8.5,espn,401472574,WSH,NYM,regular,MacKenzie Gore,Max Scherzer,,,,,,,,
2023,2023-07-28,Milwaukee Brewers,Atlanta Braves,7.0,10.0,False,0|2|0|2|0|0|0|3|0,0|3|0|1|2|0|4|0,,,155.0,-175.0,0.0,10.0,espn,401472569,MIL,ATL,regular,Adrian Houser,Yonny Chirinos,,,,,,,,
2023,2023-07-28,Minnesota Twins,Kansas City Royals,5.0,8.0,False,0|0|0|2|0|0|0|0|2|1,0|0|1|0|0|2|0|1|0|4,,,-170.0,150.0,0.0,10.0,espn,401472570,MIN,KC,regular,Sonny Gray,Brady Singer,,,,,,,,
2023,2023-07-28,Tampa Bay Rays,Houston Astros,4.0,3.0,False,3|0|0|0|0|0|0|0|1,1|0|0|2|0|0|0|0|0,,,-115.0,-105.0,0.0,8.5,espn,401472573,TB,HOU,regular,Shane McClanahan,Cristian Javier,,,,,,,,
2023,2023-07-28,Chicago Cubs,St. Louis Cardinals,3.0,2.0,False,0|0|0|0|1|2|0|0|0,1|0|1|0|0|0|0|0|0,,,140.0,-160.0,0.0,9.5,espn,401472565,CHC,STL,regular,Hayden Wesneski,Jordan Montgomery,,,,,,,,
2023,2023-07-28,Oakland Athletics,Colorado Rockies,8.0,5.0,False,1|3|1|0|2|0|0|0|1,0|0|0|1|0|0|1|3|0,,,105.0,-125.0,0.0,11.0,espn,401472576,OAK,COL,regular,JP Sears,Kyle Freeland,,,,,,,,
2023,2023-07-28,Seattle Mariners,Arizona Diamondbacks,5.0,2.0,False,4|0|0|0|0|0|1|0|0,0|0|0|0|0|0|2|0|0,,,-135.0,115.0,0.0,9.0,espn,401472572,SEA,ARI,regular,Logan Gilbert,Tommy Henry,,,,,,,,
2023,2023-07-28,Texas Rangers,San Diego Padres,1.0,7.0,False,0|0|0|0|0|0|0|0|1,1|0|1|0|1|4|0|0,,,140.0,-160.0,0.0,8.5,espn,401472577,TEX,SD,regular,Dane Dunning,Joe Musgrove,,,,,,,,
2023,2023-07-28,Cincinnati Reds,Los Angeles Dodgers,6.0,5.0,False,3|0|0|0|0|0|3|0|0,1|0|0|1|0|0|3|0|0,,,175.0,-210.0,0.0,9.5,espn,401472566,CIN,LAD,regular,Brandon Williamson,Bobby Miller,,,,,,,,
2023,2023-07-28,Boston Red Sox,San Francisco Giants,3.0,2.0,False,0|1|0|0|1|0|0|1|0,0|0|0|0|0|1|0|1|0,,,115.0,-135.0,0.0,8.0,espn,401472564,BOS,SF,regular,Kutter Crawford,Logan Webb,,,,,,,,
2023,2023-07-29,Los Angeles Angels,Toronto Blue Jays,1.0,6.0,False,0|0|0|0|1|0|0|0|0,0|0|0|0|2|0|2|2,,,105.0,-125.0,0.0,9.5,espn,401472578,LAA,TOR,regular,Reid Detmers,Alek Manoah,,,,,,,,
2023,2023-07-29,Detroit Tigers,Miami Marlins,5.0,0.0,False,0|3|0|0|0|1|0|0|1,0|0|0|0|0|0|0|0|0,,,135.0,-155.0,0.0,9.0,espn,401472583,DET,MIA,regular,Beau Brieske,Johnny Cueto,,,,,,,,
2023,2023-07-29,Philadelphia Phillies,Pittsburgh Pirates,6.0,7.0,False,0|0|0|4|0|1|0|1|0,0|0|1|2|4|0|0|0,,,-180.0,160.0,0.0,9.0,espn,401472590,PHI,PIT,regular,Aaron Nola,Quinn Priester,,,,,,,,
2023,2023-07-29,Cleveland Guardians,Chicago White Sox,2.0,7.0,False,0|0|0|0|0|0|1|0|1,1|0|0|0|2|2|2|0,,,-135.0,115.0,0.0,9.5,espn,401472582,CLE,CHW,regular,Logan Allen,Mike Clevinger,,,,,,,,
2023,2023-07-29,Minnesota Twins,Kansas City Royals,7.0,10.0,False,0|0|0|3|0|2|0|2|0,1|3|2|0|0|1|3|0,,,-185.0,165.0,0.0,9.5,espn,401472585,MIN,KC,regular,Bailey Ober,Jordan Lyles,,,,,,,,
2023,2023-07-29,Washington Nationals,New York Mets,11.0,6.0,False,4|1|3|0|0|0|0|0|3,0|1|0|1|2|0|0|0|2,,,150.0,-170.0,0.0,9.5,espn,401472589,WSH,NYM,regular,Patrick Corbin,Carlos Carrasco,,,,,,,,
2023,2023-07-29,Boston Red Sox,San Francisco Giants,2.0,3.0,False,0|0|0|0|0|0|0|0|2,1|0|0|0|0|1|0|0|1,,,-120.0,100.0,0.0,8.5,espn,401472579,BOS,SF,regular,James Paxton,Ryan Walker,,,,,,,,
2023,2023-07-29,Chicago Cubs,St. Louis Cardinals,5.0,1.0,False,0|0|2|2|0|0|1|0|0,1|0|0|0|0|0|0|0|0,,,-110.0,-110.0,0.0,10.0,espn,401472580,CHC,STL,regular,Jameson Taillon,Adam Wainwright,,,,,,,,
2023,2023-07-29,New York Yankees,Baltimore Orioles,8.0,3.0,False,1|0|2|1|0|4|0|0|0,0|2|0|0|1|0|0|0|0,,,105.0,-125.0,0.0,9.5,espn,401472586,NYY,BAL,regular,Clarke Schmidt,Tyler Wells,,,,,,,,
2023,2023-07-29,Tampa Bay Rays,Houston Astros,4.0,17.0,False,0|0|0|0|0|0|2|1|1,0|2|0|3|3|3|5|1,,,125.0,-145.0,0.0,8.5,espn,401472588,TB,HOU,regular,Taj Bradley,Hunter Brown,,,,,,,,
2023,2023-07-29,Milwaukee Brewers,Atlanta Braves,5.0,11.0,False,0|0|0|1|0|0|0|4|0,6|0|0|2|1|0|2|0,,,175.0,-210.0,0.0,10.0,espn,401472584,MIL,ATL,regular,Julio Teheran,Bryce Elder,,,,,,,,
2023,2023-07-29,Seattle Mariners,Arizona Diamondbacks,3.0,4.0,False,0|1|1|1|0|0|0|0|0,0|0|0|2|1|0|0|1,,,-115.0,-105.0,0.0,9.5,espn,401472587,SEA,ARI,regular,Bryan Woo,Brandon Pfaadt,,,,,,,,
2023,2023-07-29,Oakland Athletics,Colorado Rockies,11.0,3.0,False,1|5|0|0|0|4|1|0|0,0|1|1|0|0|0|0|1|0,,,-105.0,-115.0,0.0,12.0,espn,401472591,OAK,COL,regular,Paul Blackburn,Chris Flexen,,,,,,,,
2023,2023-07-29,Texas Rangers,San Diego Padres,0.0,4.0,False,0|0|0|0|0|0|0|0|0,0|4|0|0|0|0|0|0,,,160.0,-180.0,0.0,9.5,espn,401472592,TEX,SD,regular,Martin Perez,Yu Darvish,,,,,,,,
2023,2023-07-29,Cincinnati Reds,Los Angeles Dodgers,2.0,3.0,False,0|0|0|0|0|2|0|0|0,2|0|0|0|0|1|0|0,,,160.0,-180.0,0.0,10.5,espn,401472581,CIN,LAD,regular,Luke Weaver,Emmet Sheehan,,,,,,,,
2023,2023-07-30,Los Angeles Angels,Toronto Blue Jays,3.0,2.0,False,0|0|1|0|0|0|0|0|0|2,0|0|0|0|1|0|0|0|0|1,,,165.0,-185.0,0.0,9.0,espn,401472593,LAA,TOR,regular,Tyler Anderson,Jose Berrios,,,,,,,,
2023,2023-07-30,Milwaukee Brewers,Atlanta Braves,6.0,8.0,False,1|0|2|0|0|3|0|0|0,2|0|3|0|0|1|0|2,,,170.0,-200.0,0.0,11.0,espn,401472599,MIL,ATL,regular,Colin Rea,AJ Smith-Shawver,,,,,,,,
2023,2023-07-30,Philadelphia Phillies,Pittsburgh Pirates,4.0,6.0,False,0|0|0|2|0|0|2|0|0|0,0|0|0|0|0|2|1|1|0|2,,,-150.0,130.0,0.0,9.0,espn,401472605,PHI,PIT,regular,Cristopher Sanchez,Rich Hill,,,,,,,,
2023,2023-07-30,Detroit Tigers,Miami Marlins,6.0,8.0,False,0|0|4|0|0|0|2|0|0,0|0|0|0|4|1|2|1,,,135.0,-155.0,0.0,7.0,espn,401472598,DET,MIA,regular,Tarik Skubal,Jesus Luzardo,,,,,,,,
2023,2023-07-30,Washington Nationals,New York Mets,2.0,5.0,False,1|0|0|0|0|0|1|0|0,1|0|3|1|0|0|0|0,,,190.0,-230.0,0.0,9.0,espn,401472604,WSH,NYM,regular,Trevor Williams,Justin Verlander,,,,,,,,
2023,2023-07-30,Cleveland Guardians,Chicago White Sox,5.0,0.0,False,0|1|0|0|2|0|2|0|0,0|0|0|0|0|0|0|0|0,,,-145.0,125.0,0.0,9.0,espn,401472597,CLE,CHW,regular,Aaron Civale,Michael Kopech,,,,,,,,
2023,2023-07-30,Minnesota Twins,Kansas City Royals,1.0,2.0,False,0|0|1|0|0|0|0|0|0,0|1|1|0|0|0|0|0,,,-170.0,150.0,0.0,9.0,espn,401472600,MIN,KC,regular,Kenta Maeda,Ryan Yarbrough,,,,,,,,
2023,2023-07-30,Tampa Bay Rays,Houston Astros,8.0,2.0,False,4|0|0|2|0|2|0|0|0,0|0|0|0|2|0|0|0|0,,,110.0,-130.0,0.0,9.0,espn,401472603,TB,HOU,regular,Zack Littell,Brandon Bielak,,,,,,,,
2023,2023-07-30,Chicago Cubs,St. Louis Cardinals,0.0,3.0,False,0|0|0|0|0|0|0|0|0,1|2|0|0|0|0|0|0,,,115.0,-135.0,0.0,9.0,espn,401472595,CHC,STL,regular,Kyle Hendricks,Steven Matz,,,,,,,,
2023,2023-07-30,Oakland Athletics,Colorado Rockies,0.0,2.0,False,0|0|0|0|0|0|0|0|0,0|0|1|0|1|0|0|0,,,100.0,-120.0,0.0,12.0,espn,401472606,OAK,COL,regular,Luis Medina,Ty Blach,,,,,,,,
2023,2023-07-30,Boston Red Sox,San Francisco Giants,3.0,4.0,False,0|0|0|0|0|0|1|2|0|0|0,0|1|0|0|1|0|0|1|0|0|1,,,-110.0,-110.0,0.0,8.0,espn,401472594,BOS,SF,regular,Brennan Bernardino,Scott Alexander,,,,,,,,
2023,2023-07-30,Cincinnati Reds,Los Angeles Dodgers,9.0,0.0,False,3|1|3|0|0|1|0|0|1,0|0|0|0|0|0|0|0|0,,,140.0,-160.0,0.0,9.5,espn,401472596,CIN,LAD,regular,Graham Ashcraft,Michael Grove,,,,,,,,
2023,2023-07-30,Seattle Mariners,Arizona Diamondbacks,4.0,0.0,False,2|1|0|0|0|0|0|0|1,0|0|0|0|0|0|0|0|0,,,-110.0,-110.0,0.0,8.0,espn,401472602,SEA,ARI,regular,Luis Castillo,Merrill Kelly,,,,,,,,
2023,2023-07-30,Texas Rangers,San Diego Padres,3.0,5.0,False,0|0|0|1|0|2|0|0|0,0|0|1|2|1|0|0|1,,,170.0,-200.0,0.0,8.5,espn,401472607,TEX,SD,regular,Cody Bradford,Blake Snell,,,,,,,,
2023,2023-07-30,New York Yankees,Baltimore Orioles,3.0,9.0,False,0|0|1|1|1|0|0|0|0,7|0|0|2|0|0|0|0,,,130.0,-150.0,0.0,8.5,espn,401472601,NYY,BAL,regular,Luis Severino,Dean Kremer,,,,,,,,
2023,2023-07-31,Philadelphia Phillies,Miami Marlins,4.0,2.0,False,0|0|0|2|0|0|1|1|0,2|0|0|0|0|0|0|0|0,,,-110.0,-110.0,0.0,8.5,espn,401472615,PHI,MIA,regular,Taijuan Walker,Edward Cabrera,,,,,,,,
2023,2023-07-31,Milwaukee Brewers,Washington Nationals,3.0,5.0,False,0|0|1|0|0|1|1|0|0,0|1|0|0|1|0|3|0,,,-210.0,175.0,0.0,8.5,espn,401472614,MIL,WSH,regular,Corbin Burnes,Jake Irvin,,,,,,,,
2023,2023-07-31,Tampa Bay Rays,New York Yankees,5.0,1.0,False,2|0|1|2|0|0|0|0|0,0|1|0|0|0|0|0|0|0,,,-170.0,150.0,0.0,8.5,espn,401472616,TB,NYY,regular,Tyler Glasnow,Jhony Brito,,,,,,,,
2023,2023-07-31,Baltimore Orioles,Toronto Blue Jays,4.0,2.0,False,2|0|2|0|0|0|0|0|0,0|0|0|0|1|0|0|1|0,,,120.0,-140.0,0.0,9.0,espn,401472610,BAL,TOR,regular,Kyle Gibson,Chris Bassitt,,,,,,,,
2023,2023-07-31,Los Angeles Angels,Atlanta Braves,4.0,1.0,False,1|0|0|1|0|1|0|0|1,0|0|0|0|1|0|0|0|0,,,185.0,-225.0,0.0,10.0,espn,401472608,LAA,ATL,regular,Chase Silseth,Charlie Morton,,,,,,,,
2023,2023-07-31,Cincinnati Reds,Chicago Cubs,6.0,5.0,False,0|3|3|0|0|0|0|0|0,0|1|3|0|0|0|0|1|0,,,110.0,-130.0,0.0,8.0,espn,401472612,CIN,CHC,regular,Andrew Abbott,Marcus Stroman,,,,,,,,
2023,2023-07-31,Cleveland Guardians,Houston Astros,3.0,7.0,False,0|2|0|0|0|0|0|0|1,0|0|0|0|0|4|1|2,,,150.0,-170.0,0.0,9.5,espn,401472613,CLE,HOU,regular,Noah Syndergaard,J.P. France,,,,,,,,
2023,2023-07-31,San Diego Padres,Colorado Rockies,3.0,4.0,False,0|0|0|1|0|0|1|0|1|0,0|0|0|0|2|1|0|0|0|1,,,-210.0,175.0,0.0,12.0,espn,401472617,SD,COL,regular,Seth Lugo,Austin Gomber,,,,,,,,
2023,2023-07-31,Boston Red Sox,Seattle Mariners,2.0,6.0,False,1|0|0|0|0|0|0|0|1,0|1|0|0|0|0|1|4,,,105.0,-125.0,0.0,7.5,espn,401472611,BOS,SEA,regular,Nick Pivetta,George Kirby,,,,,,,,
2023,2023-07-31,Arizona Diamondbacks,San Francisco Giants,4.0,3.0,False,0|0|0|0|0|2|0|0|0|1|1,0|0|1|1|0|0|0|0|0|1|0,,,110.0,-130.0,0.0,8.5,espn,401472609,ARI,SF,regular,Ryne Nelson,Jakob Junis,,,,,,,,
2023,2023-08-01,Philadelphia Phillies,Miami Marlins,3.0,1.0,False,0|0|0|0|0|0|0|0|3,0|0|1|0|0|0|0|0|0,,,110.0,-130.0,0.0,7.5,espn,401472629,PHI,MIA,regular,Ranger Suarez,Sandy Alcantara,,,,,,,,
2023,2023-08-01,Milwaukee Brewers,Washington Nationals,6.0,4.0,False,0|1|0|4|0|0|1|0|0,0|3|0|0|0|0|1|0|0,,,-160.0,140.0,0.0,8.5,espn,401472625,MIL,WSH,regular,Freddy Peralta,Josiah Gray,,,,,,,,
2023,2023-08-01,Tampa Bay Rays,New York Yankees,5.0,2.0,False,0|1|3|0|1|0|0|0|0,0|0|0|0|0|0|0|0|2,,,-115.0,-105.0,0.0,8.5,espn,401472630,TB,NYY,regular,Zach Eflin,Carlos Rodon,,,,,,,,
2023,2023-08-01,Detroit Tigers,Pittsburgh Pirates,1.0,4.0,False,0|0|0|0|0|0|1|0|0,0|3|0|1|0|0|0|0,,,100.0,-120.0,0.0,9.0,espn,401472631,DET,PIT,regular,Matt Manning,Johan Oviedo,,,,,,,,
2023,2023-08-01,Baltimore Orioles,Toronto Blue Jays,13.0,3.0,False,2|1|0|0|0|1|3|4|2,0|2|1|0|0|0|0|0|0,,,-105.0,-115.0,0.0,8.5,espn,401472620,BAL,TOR,regular,Kyle Bradish,Hyun Jin Ryu,,,,,,,,
2023,2023-08-01,Los Angeles Angels,Atlanta Braves,1.0,5.0,False,0|0|0|0|1|0|0|0|0,1|0|0|0|1|0|3|0,,,215.0,-260.0,0.0,9.0,espn,401472618,LAA,ATL,regular,Patrick Sandoval,Spencer Strider,,,,,,,,
2023,2023-08-01,Minnesota Twins,St. Louis Cardinals,3.0,2.0,False,0|0|0|0|1|0|2|0|0,0|0|0|0|0|1|0|0|1,,,-130.0,110.0,0.0,8.5,espn,401472626,MIN,STL,regular,Pablo Lopez,Miles Mikolas,,,,,,,,
2023,2023-08-01,Chicago White Sox,Texas Rangers,0.0,2.0,False,0|0|0|0|0|0|0|0|0,0|0|0|0|1|0|1|0,,,170.0,-200.0,0.0,9.5,espn,401472622,CHW,TEX,regular,Jesse Scholtens,Andrew Heaney,,,,,,,,
2023,2023-08-01,Cincinnati Reds,Chicago Cubs,9.0,20.0,False,0|2|0|0|1|2|0|0|4,5|2|3|3|0|0|3|4,,,150.0,-170.0,0.0,8.5,espn,401472623,CIN,CHC,regular,Ben Lively,Justin Steele,,,,,,,,
2023,2023-08-01,Cleveland Guardians,Houston Astros,0.0,2.0,False,0|0|0|0|0|0|0|0|0,0|0|2|0|0|0|0|0,,,165.0,-185.0,0.0,7.5,espn,401472624,CLE,HOU,regular,Gavin Williams,Framber Valdez,,,,,,,,
2023,2023-08-01,New York Mets,Kansas City Royals,6.0,7.0,False,0|1|0|0|0|0|0|3|0|2,0|0|0|0|1|0|2|1|0|3,,,-140.0,120.0,0.0,9.5,espn,401472627,NYM,KC,regular,Jose Quintana,Zack Greinke,,,,,,,,
2023,2023-08-01,San Diego Padres,Colorado Rockies,8.0,5.0,False,0|0|1|0|4|0|0|1|2,1|0|0|0|0|0|3|0|1,,,-170.0,150.0,0.0,12.5,espn,401472632,SD,COL,regular,Pedro Avila,Peter Lambert,,,,,,,,
2023,2023-08-01,Boston Red Sox,Seattle Mariners,6.0,4.0,False,0|0|0|3|2|1|0|0|0,1|0|0|0|2|1|0|0|0,,,-110.0,-110.0,0.0,8.0,espn,401472621,BOS,SEA,regular,Brayan Bello,Bryce Miller,,,,,,,,
2023,2023-08-01,Arizona Diamondbacks,San Francisco Giants,3.0,4.0,False,0|0|0|0|1|2|0|0|0,0|0|0|0|0|3|1|0,,,-115.0,-105.0,0.0,7.5,espn,401472619,ARI,SF,regular,Zac Gallen,Alex Cobb,,,,,,,,
2023,2023-08-01,Oakland Athletics,Los Angeles Dodgers,3.0,7.0,False,0|0|0|0|0|1|2|0|0,0|0|0|4|0|0|2|1,,,240.0,-300.0,0.0,9.0,espn,401472628,OAK,LAD,regular,Ken Waldichuk,Lance Lynn,,,,,,,,
2023,2023-08-02,Los Angeles Angels,Atlanta Braves,5.0,12.0,False,0|0|0|1|0|3|0|0|1,0|0|3|6|0|2|0|1,,,150.0,-170.0,0.0,9.5,espn,401472633,LAA,ATL,regular,Lucas Giolito,Yonny Chirinos,,,,,,,,
2023,2023-08-02,Detroit Tigers,Pittsburgh Pirates,6.0,3.0,False,1|0|0|3|0|1|0|1|0,1|0|0|0|1|0|0|0|1,,,-125.0,105.0,0.0,8.5,espn,401472646,DET,PIT,regular,Eduardo Rodriguez,Osvaldo Bido,,,,,,,,
2023,2023-08-02,Milwaukee Brewers,Washington Nationals,2.0,3.0,False,0|1|0|0|0|1|0|0|0,0|0|1|0|0|0|0|0|2,,,-130.0,110.0,0.0,9.0,espn,401472640,MIL,WSH,regular,Wade Miley,MacKenzie Gore,,,,,,,,
2023,2023-08-02,Cleveland Guardians,Houston Astros,2.0,3.0,False,0|2|0|0|0|0|0|0|0,0|2|0|0|0|1|0|0,,,119.0,-129.0,-1.5,8.5,espn,401472639,CLE,HOU,regular,Tanner Bibee,Ronel Blanco,,,,,,,,
2023,2023-08-02,San Diego Padres,Colorado Rockies,11.0,1.0,False,1|0|2|0|0|1|0|0|7,0|0|0|1|0|0|0|0|0,,,-200.0,170.0,0.0,12.5,espn,401472647,SD,COL,regular,Nick Martinez,Kyle Freeland,,,,,,,,
2023,2023-08-02,Boston Red Sox,Seattle Mariners,3.0,6.0,False,0|0|2|0|1|0|0|0|0,0|0|0|0|0|2|4|0,,,105.0,-125.0,0.0,8.0,espn,401472636,BOS,SEA,regular,Kutter Crawford,Logan Gilbert,,,,,,,,
2023,2023-08-02,Philadelphia Phillies,Miami Marlins,8.0,9.0,False,0|0|0|2|0|3|0|0|0|2|1|0,0|0|0|0|0|2|0|2|1|2|1|1,,,-120.0,-105.0,-190.0,7.5,espn,401472644,PHI,MIA,regular,Zack Wheeler,Braxton Garrett,,,,,,,,
2023,2023-08-02,Tampa Bay Rays,New York Yankees,2.0,7.0,False,2|0|0|0|0|0|0|0|0,0|0|5|0|0|0|2|0,,,105.0,-125.0,0.0,7.5,espn,401472645,TB,NYY,regular,Shane McClanahan,Gerrit Cole,,,,,,,,
2023,2023-08-02,Baltimore Orioles,Toronto Blue Jays,1.0,4.0,False,0|0|0|0|1|0|0|0|0,0|0|0|1|0|3|0|0,,,115.0,-135.0,0.0,8.5,espn,401472635,BAL,TOR,regular,Grayson Rodriguez,Yusei Kikuchi,,,,,,,,
2023,2023-08-02,Minnesota Twins,St. Louis Cardinals,3.0,7.0,False,0|0|0|0|0|0|3|0|0,0|4|3|0|0|0|0|0,,,-130.0,110.0,0.0,8.5,espn,401472641,MIN,STL,regular,Joe Ryan,Dakota Hudson,,,,,,,,
2023,2023-08-02,Chicago White Sox,Texas Rangers,1.0,11.0,False,0|0|0|0|0|0|0|1|0,2|5|0|0|2|2|0|0,,,150.0,-170.0,0.0,9.0,espn,401472637,CHW,TEX,regular,Dylan Cease,Dane Dunning,,,,,,,,
2023,2023-08-02,Cincinnati Reds,Chicago Cubs,6.0,16.0,False,2|1|0|2|0|0|1|0|0,0|0|2|1|2|5|4|2,,,130.0,-150.0,0.0,11.0,espn,401472638,CIN,CHC,regular,Brandon Williamson,Drew Smyly,,,,,,,,
2023,2023-08-02,New York Mets,Kansas City Royals,0.0,4.0,False,0|0|0|0|0|0|0|0|0,2|1|0|0|0|0|0|1,,,-150.0,130.0,0.0,9.0,espn,401472642,NYM,KC,regular,Kodai Senga,Cole Ragans,,,,,,,,
2023,2023-08-02,Arizona Diamondbacks,San Francisco Giants,2.0,4.0,False,2|0|0|0|0|0|0|0|0,0|0|0|0|2|2|0|0,,,155.0,-175.0,0.0,8.0,espn,401472634,ARI,SF,regular,Slade Cecconi,Logan Webb,,,,,,,,
2023,2023-08-02,Oakland Athletics,Los Angeles Dodgers,1.0,10.0,False,0|0|1|0|0|0|0|0|0,3|4|1|0|0|1|1|0,,,230.0,-280.0,0.0,9.5,espn,401472643,OAK,LAD,regular,Hogan Harris,Tony Gonsolin,,,,,,,,
2023,2023-08-03,Philadelphia Phillies,Miami Marlins,4.0,2.0,False,0|2|0|0|0|0|2|0|0,0|0|0|1|0|0|1|0|0,,,-120.0,100.0,0.0,8.5,espn,401472656,PHI,MIA,regular,Michael Lorenzen,Johnny Cueto,,,,,,,,
2023,2023-08-03,Chicago White Sox,Texas Rangers,3.0,5.0,False,3|0|0|0|0|0|0|0|0,0|1|1|2|0|0|0|1,,,260.0,-321.0,0.0,8.5,espn,401472650,CHW,TEX,regular,Touki Toussaint,Max Scherzer,,,,,,,,
2023,2023-08-03,New York Mets,Kansas City Royals,2.0,9.0,False,0|0|0|0|0|0|0|0|2,1|0|2|0|0|0|3|3,,,100.0,-120.0,0.0,9.5,espn,401472654,NYM,KC,regular,Carlos Carrasco,Brady Singer,,,,,,,,
2023,2023-08-03,Baltimore Orioles,Toronto Blue Jays,6.0,1.0,False,0|2|0|0|1|0|0|1|2,0|0|0|0|0|1|0|0|0,,,145.0,-165.0,0.0,8.0,espn,401472649,BAL,TOR,regular,Jack Flaherty,Kevin Gausman,,,,,,,,
2023,2023-08-03,Arizona Diamondbacks,San Francisco Giants,0.0,1.0,False,0|0|0|0|0|0|0|0|0,0|0|0|1|0|0|0|0,,,115.0,-135.0,0.0,8.5,espn,401472648,ARI,SF,regular,Brandon Pfaadt,Scott Alexander,,,,,,,,
2023,2023-08-03,Houston Astros,New York Yankees,3.0,4.0,False,0|2|0|0|0|1|0|0|0,3|0|0|0|0|1|0|0,,,-115.0,-105.0,0.0,8.5,espn,401472652,HOU,NYY,regular,Cristian Javier,Clarke Schmidt,,,,,,,,
2023,2023-08-03,Pittsburgh Pirates,Milwaukee Brewers,1.0,14.0,False,1|0|0|0|0|0|0|0|0,2|3|0|0|3|3|3|0,,,105.0,-125.0,0.0,8.5,espn,401472657,PIT,MIL,regular,Mitch Keller,Adrian Houser,,,,,,,,
2023,2023-08-03,Minnesota Twins,St. Louis Cardinals,5.0,3.0,False,0|4|0|0|0|1|0|0|0,0|1|0|0|0|1|0|0|1,,,-140.0,120.0,0.0,8.5,espn,401472653,MIN,STL,regular,Sonny Gray,Matthew Liberatore,,,,,,,,
2023,2023-08-03,Cincinnati Reds,Chicago Cubs,3.0,5.0,False,1|0|0|1|0|0|0|1|0,1|0|3|0|0|0|0|1,,,140.0,-160.0,0.0,10.0,espn,401472651,CIN,CHC,regular,Luke Weaver,Jameson Taillon,,,,,,,,
2023,2023-08-03,Seattle Mariners,Los Angeles Angels,5.0,3.0,False,0|0|0|0|0|1|0|0|4,0|0|0|0|0|2|0|1|0,,,145.0,-165.0,0.0,8.0,espn,401472658,SEA,LAA,regular,Bryan Woo,Shohei Ohtani,,,,,,,,
2023,2023-08-03,Oakland Athletics,Los Angeles Dodgers,2.0,8.0,False,0|0|0|0|0|1|0|1|0,0|1|1|0|0|4|0|2,,,240.0,-300.0,0.0,8.5,espn,401472655,OAK,LAD,regular,JP Sears,Julio Urias,,,,,,,,
2023,2023-08-04,Atlanta Braves,Chicago Cubs,8.0,0.0,False,0|0|0|7|0|0|1|0|0,0|0|0|0|0|0|0|0|0,,,-170.0,150.0,0.0,9.0,espn,401472660,ATL,CHC,regular,Max Fried,Kyle Hendricks,,,,,,,,
2023,2023-08-04,Tampa Bay Rays,Detroit Tigers,8.0,0.0,False,2|2|0|0|0|3|1|0|0,0|0|0|0|0|0|0|0|0,,,-145.0,125.0,0.0,9.0,espn,401472669,TB,DET,regular,Zack Littell,Reese Olson,,,,,,,,
2023,2023-08-04,Washington Nationals,Cincinnati Reds,6.0,3.0,False,0|0|0|0|0|1|0|2|0|3,2|0|1|0|0|0|0|0|0|0,,,165.0,-185.0,0.0,10.5,espn,401472671,WSH,CIN,regular,Patrick Corbin,Graham Ashcraft,,,,,,,,
2023,2023-08-04,Houston Astros,New York Yankees,7.0,3.0,False,3|1|0|0|1|2|0|0|0,0|0|1|0|1|0|0|1|0,,,-170.0,150.0,0.0,9.0,espn,401472663,HOU,NYY,regular,Hunter Brown,Luis Severino,,,,,,,,
2023,2023-08-04,Kansas City Royals,Philadelphia Phillies,7.0,5.0,False,0|0|2|0|0|4|0|1|0,2|0|0|2|0|1|0|0|0,,,210.0,-250.0,0.0,9.5,espn,401472664,KC,PHI,regular,Jordan Lyles,Aaron Nola,,,,,,,,
2023,2023-08-04,New York Mets,Baltimore Orioles,3.0,10.0,False,0|0|0|0|0|2|0|1|0,0|0|0|2|0|4|4|0,,,135.0,-155.0,0.0,9.0,espn,401472666,NYM,BAL,regular,David Peterson,Dean Kremer,,,,,,,,
2023,2023-08-04,Chicago White Sox,Cleveland Guardians,2.0,4.0,False,0|0|2|0|0|0|0|0|0,1|1|0|0|2|0|0|0,,,135.0,-155.0,0.0,8.5,espn,401472661,CHW,CLE,regular,Mike Clevinger,Logan Allen,,,,,,,,
2023,2023-08-04,Toronto Blue Jays,Boston Red Sox,7.0,3.0,False,2|1|0|1|0|2|0|0|1,0|0|2|0|0|0|1|0|0,,,140.0,-160.0,0.0,10.5,espn,401472670,TOR,BOS,regular,Alek Manoah,James Paxton,,,,,,,,
2023,2023-08-04,Miami Marlins,Texas Rangers,2.0,6.0,False,1|1|0|0|0|0|0|0|0,1|1|1|0|0|1|2|0,,,115.0,-135.0,0.0,8.5,espn,401472665,MIA,TEX,regular,Jesus Luzardo,Jordan Montgomery,,,,,,,,
2023,2023-08-04,Arizona Diamondbacks,Minnesota Twins,2.0,3.0,False,0|1|0|1|0|0|0|0|0,0|0|1|0|0|1|1|0,,,105.0,-125.0,0.0,8.5,espn,401472659,ARI,MIN,regular,Merrill Kelly,Bailey Ober,,,,,,,,
2023,2023-08-04,Pittsburgh Pirates,Milwaukee Brewers,8.0,4.0,False,3|3|0|0|0|2|0|0|0,2|0|0|0|1|0|1|0|0,,,160.0,-180.0,0.0,9.0,espn,401472667,PIT,MIL,regular,Quinn Priester,Colin Rea,,,,,,,,
2023,2023-08-04,Colorado Rockies,St. Louis Cardinals,9.0,4.0,False,3|3|1|1|0|0|0|0|1,0|1|1|0|1|0|1|0|0,,,165.0,-185.0,0.0,9.5,espn,401472662,COL,STL,regular,Chris Flexen,Adam Wainwright,,,,,,,,
2023,2023-08-04,Seattle Mariners,Los Angeles Angels,9.0,7.0,False,4|1|0|2|0|0|0|1|1,1|0|4|0|2|0|0|0|0,,,-120.0,100.0,0.0,8.5,espn,401472668,SEA,LAA,regular,Luis Castillo,Reid Detmers,,,,,,,,
2023,2023-08-04,Los Angeles Dodgers,San Diego Padres,10.0,5.0,False,0|1|0|0|0|0|1|5|3,0|0|0|2|0|1|0|1|1,,,110.0,-130.0,0.0,8.5,espn,401472672,LAD,SD,regular,Bobby Miller,Yu Darvish,,,,,,,,
2023,2023-08-05,Houston Astros,New York Yankees,1.0,3.0,False,0|0|1|0|0|0|0|0|0,0|1|0|0|1|0|0|1,,,-140.0,120.0,0.0,8.5,espn,401472677,HOU,NYY,regular,Justin Verlander,Nestor Cortes,,,,,,,,
2023,2023-08-05,Tampa Bay Rays,Detroit Tigers,2.0,4.0,False,0|1|0|0|0|0|1|0|0,0|1|0|2|0|1|0|0,,,-150.0,130.0,0.0,8.0,espn,401472684,TB,DET,regular,Aaron Civale,Tarik Skubal,,,,,,,,
2023,2023-08-05,Atlanta Braves,Chicago Cubs,6.0,8.0,False,0|1|1|0|0|2|0|0|2,5|0|0|1|1|0|1|0,,,-145.0,125.0,0.0,9.5,espn,401472674,ATL,CHC,regular,Bryce Elder,Javier Assad,,,,,,,,
2023,2023-08-05,Miami Marlins,Texas Rangers,8.0,9.0,False,0|0|3|2|0|1|0|0|2,0|0|0|3|4|0|1|1,,,125.0,-145.0,0.0,9.0,espn,401472679,MIA,TEX,regular,George Soriano,Jon Gray,,,,,,,,
2023,2023-08-05,Toronto Blue Jays,Boston Red Sox,5.0,4.0,False,0|0|3|0|0|1|0|0|1,0|0|0|3|0|0|0|0|1,,,-105.0,-115.0,0.0,9.5,espn,401472685,TOR,BOS,regular,Jose Berrios,John Schreiber,,,,,,,,
2023,2023-08-05,Washington Nationals,Cincinnati Reds,7.0,3.0,False,1|1|0|3|0|1|0|0|1,0|0|0|0|0|3|0|0|0,,,195.0,-235.0,0.0,10.5,espn,401472686,WSH,CIN,regular,Joan Adon,Andrew Abbott,,,,,,,,
2023,2023-08-05,Kansas City Royals,Philadelphia Phillies,6.0,9.0,False,0|1|0|1|4|0|0|0|0,2|0|1|0|2|3|0|1,,,195.0,-235.0,0.0,9.5,espn,401472678,KC,PHI,regular,Alec Marsh,Cristopher Sanchez,,,,,,,,
2023,2023-08-05,New York Mets,Baltimore Orioles,3.0,7.0,False,0|0|0|2|0|1|0|0|0,2|0|1|1|1|1|0|1,,,150.0,-170.0,0.0,9.5,espn,401472680,NYM,BAL,regular,Tylor Megill,Kyle Gibson,,,,,,,,
2023,2023-08-05,San Francisco Giants,Oakland Athletics,1.0,2.0,False,0|0|0|0|0|0|0|1|0,0|0|0|0|1|0|0|1,,,-170.0,150.0,0.0,8.5,espn,401472683,SF,OAK,regular,Ross Stripling,Paul Blackburn,,,,,,,,
2023,2023-08-05,Chicago White Sox,Cleveland Guardians,7.0,4.0,False,0|0|1|2|0|2|0|2|0,0|0|0|0|0|2|0|2|0,,,130.0,-150.0,0.0,9.5,espn,401472675,CHW,CLE,regular,Michael Kopech,Noah Syndergaard,,,,,,,,
2023,2023-08-05,Pittsburgh Pirates,Milwaukee Brewers,2.0,3.0,False,0|0|0|0|2|0|0|0|0|0,0|0|0|0|1|0|0|0|1|1,,,215.0,-260.0,0.0,7.5,espn,401472681,PIT,MIL,regular,Bailey Falter,Corbin Burnes,,,,,,,,
2023,2023-08-05,Colorado Rockies,St. Louis Cardinals,2.0,6.0,False,0|0|0|0|1|0|0|1|0,0|1|0|1|2|2|0|0,,,210.0,-250.0,0.0,9.0,espn,401472676,COL,STL,regular,Ty Blach,Steven Matz,,,,,,,,
2023,2023-08-05,Arizona Diamondbacks,Minnesota Twins,1.0,12.0,False,0|1|0|0|0|0|0|0|0,0|3|3|2|1|1|0|2,,,145.0,-165.0,0.0,8.0,espn,401472673,ARI,MIN,regular,Ryne Nelson,Kenta Maeda,,,,,,,,
2023,2023-08-05,Los Angeles Dodgers,San Diego Padres,3.0,8.0,False,1|1|0|0|1|0|0|0|0,0|0|0|1|0|0|0|7,,,140.0,-160.0,0.0,9.0,espn,401472687,LAD,SD,regular,Michael Grove,Blake Snell,,,,,,,,
2023,2023-08-05,Seattle Mariners,Los Angeles Angels,3.0,2.0,False,0|0|2|0|0|0|0|1|0,0|0|1|0|0|0|0|0|1,,,-130.0,110.0,0.0,9.0,espn,401472682,SEA,LAA,regular,George Kirby,Tyler Anderson,,,,,,,,
2023,2023-08-06,Chicago White Sox,Cleveland Guardians,5.0,3.0,False,2|0|0|0|0|0|0|0|3,0|0|0|0|3|0|0|0|0,,,120.0,-140.0,0.0,8.5,espn,401472690,CHW,CLE,regular,Jesse Scholtens,Xzavion Curry,,,,,,,,
2023,2023-08-06,Houston Astros,New York Yankees,9.0,7.0,False,0|3|2|0|0|4|0|0|0,1|0|0|4|0|1|0|1|0,,,105.0,-125.0,0.0,9.5,espn,401472692,HOU,NYY,regular,Jose Urquidy,Carlos Rodon,,,,,,,,
2023,2023-08-06,Kansas City Royals,Philadelphia Phillies,4.0,8.0,False,3|1|0|0|0|0|0|0|0,3|2|0|0|2|0|1|0,,,175.0,-210.0,0.0,9.5,espn,401472693,KC,PHI,regular,Zack Greinke,Taijuan Walker,,,,,,,,
2023,2023-08-06,New York Mets,Baltimore Orioles,0.0,2.0,False,0|0|0|0|0|0|0|0|0,0|0|0|0|1|0|1|0,,,170.0,-200.0,0.0,8.5,espn,401472695,NYM,BAL,regular,Jose Quintana,Kyle Bradish,,,,,,,,
2023,2023-08-06,Toronto Blue Jays,Boston Red Sox,13.0,1.0,False,0|0|4|2|5|0|1|1|0,0|0|0|1|0|0|0|0|0,,,-110.0,-110.0,0.0,10.0,espn,401472700,TOR,BOS,regular,Chris Bassitt,Brennan Bernardino,,,,,,,,
2023,2023-08-06,Tampa Bay Rays,Detroit Tigers,10.0,6.0,False,3|2|0|1|0|2|0|2|0,0|1|0|2|0|1|2|0|0,,,-160.0,140.0,0.0,9.0,espn,401472699,TB,DET,regular,Erasmo Ramirez,Matt Manning,,,,,,,,
2023,2023-08-06,Washington Nationals,Cincinnati Reds,6.0,3.0,False,4|0|0|1|0|0|0|1|0,0|2|1|0|0|0|0|0|0,,,145.0,-165.0,0.0,10.5,espn,401472701,WSH,CIN,regular,Jake Irvin,Lyon Richardson,,,,,,,,
2023,2023-08-06,Arizona Diamondbacks,Minnesota Twins,3.0,5.0,False,0|0|0|0|1|0|1|0|1,0|0|0|0|0|2|0|0|3,,,-150.0,130.0,0.0,8.5,espn,401472688,ARI,MIN,regular,Zac Gallen,Dallas Keuchel,,,,,,,,
2023,2023-08-06,Pittsburgh Pirates,Milwaukee Brewers,4.0,1.0,False,0|0|1|1|0|0|0|2|0,0|0|0|0|0|0|0|0|1,,,175.0,-210.0,0.0,7.5,espn,401472696,PIT,MIL,regular,Johan Oviedo,Brandon Woodruff,,,,,,,,
2023,2023-08-06,Colorado Rockies,St. Louis Cardinals,1.0,0.0,False,0|0|1|0|0|0|0|0|0,0|0|0|0|0|0|0|0|0,,,165.0,-185.0,0.0,9.5,espn,401472691,COL,STL,regular,Austin Gomber,Zack Thompson,,,,,,,,
2023,2023-08-06,Atlanta Braves,Chicago Cubs,4.0,6.0,False,0|0|2|0|1|1|0|0|0,0|0|2|0|3|0|1|0,,,-130.0,110.0,0.0,8.0,espn,401472689,ATL,CHC,regular,Charlie Morton,Justin Steele,,,,,,,,
2023,2023-08-06,Miami Marlins,Texas Rangers,0.0,6.0,False,0|0|0|0|0|0|0|0|0,0|1|2|0|1|1|0|1,,,-105.0,-115.0,0.0,8.5,espn,401472694,MIA,TEX,regular,Sandy Alcantara,Andrew Heaney,,,,,,,,
2023,2023-08-06,Seattle Mariners,Los Angeles Angels,3.0,2.0,False,1|0|0|0|0|0|1|0|0|1,1|0|0|0|0|0|1|0|0|0,,,105.0,-125.0,0.0,9.5,espn,401472697,SEA,LAA,regular,Bryce Miller,Chase Silseth,,,,,,,,
2023,2023-08-06,San Francisco Giants,Oakland Athletics,6.0,8.0,False,1|1|2|0|2|0|0|0|0,1|2|0|0|1|3|1|0,,,-200.0,170.0,0.0,8.0,espn,401472698,SF,OAK,regular,Alex Cobb,Luis Medina,,,,,,,,
2023,2023-08-06,Los Angeles Dodgers,San Diego Padres,8.0,2.0,False,2|4|0|0|0|0|0|1|1,0|0|1|0|0|0|1|0|0,,,-120.0,100.0,0.0,9.5,espn,401472702,LAD,SD,regular,Lance Lynn,Rich Hill,,,,,,,,
2023,2023-08-07,Los Angeles Dodgers,San Diego Padres,13.0,7.0,False,0|0|0|8|0|5|0|0|0,0|0|5|0|0|1|0|0|1,,,115.0,-135.0,0.0,9.5,espn,401472713,LAD,SD,regular,Tony Gonsolin,Seth Lugo,,,,,,,,
2023,2023-08-07,Miami Marlins,Cincinnati Reds,2.0,5.0,False,1|0|0|0|0|0|0|1|0,0|0|2|2|0|0|1|0,,,-130.0,110.0,0.0,10.5,espn,401472706,MIA,CIN,regular,Eury Perez,Brandon Williamson,,,,,,,,
2023,2023-08-07,Minnesota Twins,Detroit Tigers,9.0,3.0,False,4|3|1|0|0|0|0|1|0,0|0|0|0|0|0|0|0|3,,,-170.0,150.0,0.0,8.5,espn,401472707,MIN,DET,regular,Pablo Lopez,Joey Wentz,,,,,,,,
2023,2023-08-07,Atlanta Braves,Pittsburgh Pirates,6.0,7.0,False,0|0|0|4|1|0|0|0|1,0|0|6|1|0|0|0|0,,,-300.0,240.0,0.0,9.0,espn,401472714,ATL,PIT,regular,Spencer Strider,Osvaldo Bido,,,,,,,,
2023,2023-08-07,Chicago Cubs,New York Mets,2.0,11.0,False,0|0|1|0|1|0|0|0|0,3|0|2|0|0|2|3|1,,,-115.0,-105.0,0.0,9.0,espn,401472703,CHC,NYM,regular,Drew Smyly,Kodai Senga,,,,,,,,
2023,2023-08-07,Kansas City Royals,Boston Red Sox,2.0,6.0,False,0|0|0|0|0|0|2|0|0,0|0|1|0|1|0|0|0|4,,,170.0,-200.0,0.0,9.5,espn,401472705,KC,BOS,regular,Cole Ragans,Brayan Bello,,,,,,,,
2023,2023-08-07,Toronto Blue Jays,Cleveland Guardians,3.0,1.0,False,0|0|0|0|0|0|0|2|1,0|0|0|0|0|0|0|1|0,,,-125.0,105.0,0.0,8.5,espn,401472711,TOR,CLE,regular,Hyun Jin Ryu,Gavin Williams,,,,,,,,
2023,2023-08-07,Colorado Rockies,Milwaukee Brewers,1.0,12.0,False,1|0|0|0|0|0|0|0|0,0|0|0|5|0|0|3|4,,,200.0,-240.0,0.0,8.5,espn,401472704,COL,MIL,regular,Peter Lambert,Freddy Peralta,,,,,,,,
2023,2023-08-07,New York Yankees,Chicago White Sox,1.0,5.0,False,0|0|0|0|0|0|1|0|0,0|2|0|0|0|0|0|3,,,-165.0,145.0,0.0,8.0,espn,401472708,NYY,CHW,regular,Gerrit Cole,Dylan Cease,,,,,,,,
2023,2023-08-07,San Francisco Giants,Los Angeles Angels,8.0,3.0,False,0|0|0|1|0|0|1|0|6,0|0|0|0|0|2|1|0|0,,,-115.0,-105.0,0.0,8.5,espn,401472709,SF,LAA,regular,Logan Webb,Patrick Sandoval,,,,,,,,
2023,2023-08-07,Texas Rangers,Oakland Athletics,5.0,3.0,False,0|0|0|2|0|0|1|2|0,0|0|3|0|0|0|0|0|0,,,-225.0,185.0,0.0,8.5,espn,401472710,TEX,OAK,regular,Dane Dunning,Ken Waldichuk,,,,,,,,
2023,2023-08-08,Washington Nationals,Philadelphia Phillies,4.0,8.0,False,0|1|2|0|0|0|0|1|0,0|0|3|3|0|2|0|0,,,230.0,-280.0,0.0,9.0,espn,401472728,WSH,PHI,regular,Trevor Williams,Zack Wheeler,,,,,,,,
2023,2023-08-08,Miami Marlins,Cincinnati Reds,3.0,2.0,False,0|1|0|0|0|0|2|0|0,0|1|0|0|1|0|0|0|0,,,-150.0,130.0,0.0,10.0,espn,401472720,MIA,CIN,regular,Braxton Garrett,Luke Weaver,,,,,,,,
2023,2023-08-08,Minnesota Twins,Detroit Tigers,0.0,6.0,False,0|0|0|0|0|0|0|0|0,1|0|0|2|0|0|1|2,,,-115.0,-105.0,0.0,7.5,espn,401472721,MIN,DET,regular,Sonny Gray,Eduardo Rodriguez,,,,,,,,
2023,2023-08-08,St. Louis Cardinals,Tampa Bay Rays,2.0,4.0,False,0|1|0|0|0|0|0|0|1,0|0|0|0|0|0|1|3,,,150.0,-170.0,0.0,8.5,espn,401472725,STL,TB,regular,Miles Mikolas,Zach Eflin,,,,,,,,
2023,2023-08-08,Houston Astros,Baltimore Orioles,7.0,6.0,False,0|0|2|0|0|0|0|1|4,2|3|0|1|0|0|0|0|0,,,-125.0,105.0,0.0,8.5,espn,401472717,HOU,BAL,regular,Framber Valdez,Grayson Rodriguez,,,,,,,,
2023,2023-08-08,Atlanta Braves,Pittsburgh Pirates,8.0,6.0,False,1|0|2|0|0|2|0|0|3,3|0|0|1|2|0|0|0|0,,,-175.0,155.0,0.0,10.0,espn,401472729,ATL,PIT,regular,Yonny Chirinos,Mitch Keller,,,,,,,,
2023,2023-08-08,Chicago Cubs,New York Mets,3.0,2.0,False,0|0|0|1|1|0|0|1|0,2|0|0|0|0|0|0|0|0,,,-135.0,115.0,0.0,9.5,espn,401472715,CHC,NYM,regular,Jameson Taillon,Carlos Carrasco,,,,,,,,
2023,2023-08-08,Kansas City Royals,Boston Red Sox,9.0,3.0,False,0|1|0|2|0|3|3|0|0,0|0|0|0|2|0|1|0|0,,,155.0,-175.0,0.0,9.5,espn,401472718,KC,BOS,regular,Brady Singer,Kutter Crawford,,,,,,,,
2023,2023-08-08,Toronto Blue Jays,Cleveland Guardians,0.0,1.0,False,0|0|0|0|0|0|0|0|0,0|1|0|0|0|0|0|0,,,-135.0,115.0,0.0,8.0,espn,401472727,TOR,CLE,regular,Yusei Kikuchi,Tanner Bibee,,,,,,,,
2023,2023-08-08,Washington Nationals,Philadelphia Phillies,5.0,4.0,False,0|0|0|2|0|0|2|0|1,1|0|0|0|3|0|0|0|0,,,165.0,-185.0,0.0,9.0,espn,401580321,WSH,PHI,regular,Josiah Gray,Ranger Suarez,,,,,,,,
2023,2023-08-08,Colorado Rockies,Milwaukee Brewers,7.0,3.0,False,0|0|0|1|0|0|2|0|0|4,0|0|0|1|0|1|1|0|0|0,,,180.0,-220.0,0.0,8.5,espn,401472716,COL,MIL,regular,Kyle Freeland,Wade Miley,,,,,,,,
2023,2023-08-08,New York Yankees,Chicago White Sox,7.0,1.0,False,0|0|0|4|0|0|0|3|0,0|0|0|1|0|0|0|0|0,,,-150.0,130.0,0.0,9.0,espn,401472722,NYY,CHW,regular,Clarke Schmidt,Touki Toussaint,,,,,,,,
2023,2023-08-08,San Francisco Giants,Los Angeles Angels,5.0,7.0,False,0|0|3|0|0|0|0|2|0,4|0|0|0|1|0|1|1,,,-115.0,-105.0,0.0,9.0,espn,401472724,SF,LAA,regular,Scott Alexander,Lucas Giolito,,,,,,,,
2023,2023-08-08,Los Angeles Dodgers,Arizona Diamondbacks,5.0,4.0,False,0|1|0|0|3|0|0|0|1,0|0|0|0|0|0|0|2|2,,,-160.0,140.0,0.0,9.5,espn,401472719,LAD,ARI,regular,Julio Urias,Brandon Pfaadt,,,,,,,,
2023,2023-08-08,San Diego Padres,Seattle Mariners,0.0,2.0,False,0|0|0|0|0|0|0|0|0,0|0|0|0|1|1|0|0,,,105.0,-125.0,0.0,8.5,espn,401472723,SD,SEA,regular,Nick Martinez,Logan Gilbert,,,,,,,,
2023,2023-08-08,Texas Rangers,Oakland Athletics,6.0,1.0,False,0|1|0|3|0|0|1|1|0,0|0|0|1|0|0|0|0|0,,,-260.0,215.0,0.0,7.5,espn,401472726,TEX,OAK,regular,Max Scherzer,JP Sears,,,,,,,,
2023,2023-08-09,Miami Marlins,Cincinnati Reds,5.0,4.0,False,0|0|0|1|0|0|0|3|1,0|0|0|3|0|1|0|0|0,,,105.0,-125.0,0.0,9.5,espn,401472735,MIA,CIN,regular,Johnny Cueto,Graham Ashcraft,,,,,,,,
2023,2023-08-09,Colorado Rockies,Milwaukee Brewers,6.0,7.0,False,0|0|0|4|0|0|1|0|0|1,0|0|0|3|2|0|0|0|0|2,,,190.0,-230.0,0.0,9.5,espn,401472731,COL,MIL,regular,Chris Flexen,Adrian Houser,,,,,,,,
2023,2023-08-09,Texas Rangers,Oakland Athletics,0.0,2.0,False,0|0|0|0|0|0|0|0|0,0|0|1|0|0|1|0|0,,,-270.0,220.0,0.0,8.5,espn,401472741,TEX,OAK,regular,Jordan Montgomery,Austin Pruitt,,,,,,,,
2023,2023-08-09,Minnesota Twins,Detroit Tigers,5.0,9.0,False,0|3|0|0|0|1|0|0|1,2|2|0|0|1|0|2|2,,,-155.0,135.0,0.0,8.5,espn,401472736,MIN,DET,regular,Bailey Ober,Alex Faedo,,,,,,,,
2023,2023-08-09,St. Louis Cardinals,Tampa Bay Rays,6.0,4.0,False,0|1|2|2|0|0|1|0|0,0|2|0|1|0|0|1|0|0,,,150.0,-170.0,0.0,9.0,espn,401472740,STL,TB,regular,Dakota Hudson,Jalen Beeks,,,,,,,,
2023,2023-08-09,Washington Nationals,Philadelphia Phillies,0.0,7.0,False,0|0|0|0|0|0|0|0|0,3|1|1|1|0|0|1|0,,,165.0,-185.0,0.0,9.0,espn,401472743,WSH,PHI,regular,MacKenzie Gore,Michael Lorenzen,,,,,,,,
2023,2023-08-09,Houston Astros,Baltimore Orioles,8.0,2.0,False,2|1|0|0|0|0|0|4|1,0|0|0|2|0|0|0|0|0,,,120.0,-140.0,0.0,10.0,espn,401472732,HOU,BAL,regular,Cristian Javier,Jack Flaherty,,,,,,,,
2023,2023-08-09,Atlanta Braves,Pittsburgh Pirates,6.0,5.0,False,0|1|1|2|0|1|0|1|0,0|0|0|4|0|0|1|0|0,,,-306.0,245.0,0.0,9.5,espn,401472744,ATL,PIT,regular,Max Fried,Quinn Priester,,,,,,,,
2023,2023-08-09,Chicago Cubs,New York Mets,3.0,4.0,False,1|1|0|0|0|0|0|0|1,0|0|0|2|0|2|0|0,,,-115.0,-105.0,0.0,9.0,espn,401472730,CHC,NYM,regular,Kyle Hendricks,David Peterson,,,,,,,,
2023,2023-08-09,Kansas City Royals,Boston Red Sox,3.0,4.0,False,0|1|0|1|0|0|0|0|1,0|1|0|3|0|0|0|0,,,190.0,-230.0,0.0,10.5,espn,401472733,KC,BOS,regular,Jordan Lyles,Nick Pivetta,,,,,,,,
2023,2023-08-09,Toronto Blue Jays,Cleveland Guardians,1.0,0.0,False,1|0|0|0|0|0|0|0|0,0|0|0|0|0|0|0|0|0,,,-170.0,150.0,0.0,8.0,espn,401472742,TOR,CLE,regular,Kevin Gausman,Logan Allen,,,,,,,,
2023,2023-08-09,New York Yankees,Chicago White Sox,2.0,9.0,False,0|0|0|1|0|0|1|0|0,0|3|1|0|1|0|0|4,,,-130.0,110.0,0.0,9.0,espn,401472737,NYY,CHW,regular,Ian Hamilton,Mike Clevinger,,,,,,,,
2023,2023-08-09,San Francisco Giants,Los Angeles Angels,1.0,4.0,False,0|1|0|0|0|0|0|0|0,0|0|0|0|0|4|0|0,,,120.0,-140.0,0.0,8.5,espn,401472739,SF,LAA,regular,Ryan Walker,Shohei Ohtani,,,,,,,,
2023,2023-08-09,Los Angeles Dodgers,Arizona Diamondbacks,2.0,0.0,False,0|0|0|0|0|0|0|2|0,0|0|0|0|0|0|0|0|0,,,-140.0,120.0,0.0,9.5,espn,401472734,LAD,ARI,regular,Bobby Miller,Merrill Kelly,,,,,,,,
2023,2023-08-09,San Diego Padres,Seattle Mariners,1.0,6.0,False,1|0|0|0|0|0|0|0|0,0|0|1|0|0|0|0|5,,,-160.0,140.0,0.0,8.5,espn,401472738,SD,SEA,regular,Yu Darvish,Emerson Hancock,,,,,,,,
2023,2023-08-10,Houston Astros,Baltimore Orioles,4.0,5.0,False,0|1|0|0|0|0|1|1|1,1|0|1|0|0|1|2|0,,,-115.0,-105.0,0.0,9.5,espn,401472746,HOU,BAL,regular,Hunter Brown,Dean Kremer,,,,,,,,
2023,2023-08-10,Atlanta Braves,Pittsburgh Pirates,5.0,7.0,False,1|1|2|0|0|0|0|0|1,0|0|3|0|0|2|2|0,,,-200.0,170.0,0.0,10.0,espn,401472752,ATL,PIT,regular,Bryce Elder,Bailey Falter,,,,,,,,
2023,2023-08-10,Minnesota Twins,Detroit Tigers,0.0,3.0,False,0|0|0|0|0|0|0|0|0,0|0|0|0|0|1|2|0,,,-160.0,140.0,0.0,8.5,espn,401472748,MIN,DET,regular,Kenta Maeda,Reese Olson,,,,,,,,
2023,2023-08-10,Toronto Blue Jays,Cleveland Guardians,3.0,4.0,False,0|1|0|0|0|0|2|0|0,0|2|0|0|2|0|0|0,,,-145.0,125.0,0.0,9.5,espn,401472750,TOR,CLE,regular,Alek Manoah,Noah Syndergaard,,,,,,,,
2023,2023-08-10,St. Louis Cardinals,Tampa Bay Rays,5.0,2.0,False,0|0|0|2|0|1|1|0|1,0|0|0|0|0|0|0|0|2,,,170.0,-200.0,0.0,9.5,espn,401472749,STL,TB,regular,Matthew Liberatore,Zack Littell,,,,,,,,
2023,2023-08-10,Washington Nationals,Philadelphia Phillies,2.0,6.0,False,0|0|0|0|0|1|0|1|0,0|0|0|0|0|2|4|0,,,210.0,-250.0,0.0,9.0,espn,401472751,WSH,PHI,regular,Patrick Corbin,Aaron Nola,,,,,,,,
2023,2023-08-10,Kansas City Royals,Boston Red Sox,0.0,2.0,False,0|0|0|0|0|0|0|0|0,0|0|0|1|1|0|0|0,,,200.0,-240.0,0.0,10.5,espn,401472747,KC,BOS,regular,Austin Cox,James Paxton,,,,,,,,
2023,2023-08-10,Colorado Rockies,Los Angeles Dodgers,1.0,2.0,False,0|0|0|0|1|0|0|0|0,0|0|0|0|0|0|1|1,,,300.0,-380.0,0.0,8.5,espn,401472745,COL,LAD,regular,Ty Blach,Clayton Kershaw,,,,,,,,
2023,2023-08-11,Cleveland Guardians,Tampa Bay Rays,8.0,9.0,False,0|0|1|1|0|2|0|1|3,0|0|3|0|0|2|3|0|1,,,170.0,-200.0,0.0,8.5,espn,401472757,CLE,TB,regular,Xzavion Curry,Aaron Civale,,,,,,,,
2023,2023-08-11,New York Yankees,Miami Marlins,9.0,4.0,False,0|3|1|3|0|0|0|0|2,0|2|0|1|0|1|0|0|0,,,120.0,-140.0,0.0,8.0,espn,401472762,NYY,MIA,regular,Ian Hamilton,Jesus Luzardo,,,,,,,,
2023,2023-08-11,Minnesota Twins,Philadelphia Phillies,2.0,13.0,False,0|2|0|0|0|0|0|0|0,0|6|0|3|0|2|0|2,,,125.0,-145.0,0.0,9.0,espn,401472761,MIN,PHI,regular,Dallas Keuchel,Cristopher Sanchez,,,,,,,,
2023,2023-08-11,Oakland Athletics,Washington Nationals,2.0,8.0,False,2|0|0|0|0|0|0|0|0,0|2|0|1|1|0|3|1,,,100.0,-120.0,0.0,9.0,espn,401472763,OAK,WSH,regular,Paul Blackburn,Joan Adon,,,,,,,,
2023,2023-08-11,Cincinnati Reds,Pittsburgh Pirates,9.0,2.0,False,3|0|0|3|0|0|0|3|0,0|0|0|0|0|2|0|0|0,,,100.0,-120.0,0.0,9.0,espn,401472767,CIN,PIT,regular,Andrew Abbott,Johan Oviedo,,,,,,,,
2023,2023-08-11,Chicago Cubs,Toronto Blue Jays,6.0,2.0,False,3|0|0|3|0|0|0|0|0,0|0|0|1|0|0|0|1|0,,,125.0,-145.0,0.0,9.0,espn,401472756,CHC,TOR,regular,Javier Assad,Jose Berrios,,,,,,,,
2023,2023-08-11,Atlanta Braves,New York Mets,7.0,0.0,False,0|0|0|3|2|1|1|0|0,0|0|0|0|0|0|0|0|0,,,-192.0,167.0,0.0,9.5,espn,401472754,ATL,NYM,regular,Charlie Morton,Tylor Megill,,,,,,,,
2023,2023-08-11,Detroit Tigers,Boston Red Sox,2.0,5.0,False,0|0|0|0|2|0|0|0|0,1|0|0|3|0|1|0|0,,,110.0,-130.0,0.0,9.0,espn,401472759,DET,BOS,regular,Tarik Skubal,Chris Sale,,,,,,,,
2023,2023-08-11,Los Angeles Angels,Houston Astros,3.0,11.0,False,0|1|1|0|0|1|0|0|0,0|5|2|3|0|0|0|1,,,155.0,-175.0,0.0,8.5,espn,401472753,LAA,HOU,regular,Reid Detmers,Justin Verlander,,,,,,,,
2023,2023-08-11,Milwaukee Brewers,Chicago White Sox,7.0,6.0,False,1|1|0|0|2|2|0|0|0|1,2|0|2|1|0|0|1|0|0|0,,,-175.0,155.0,0.0,8.5,espn,401472760,MIL,CHW,regular,Corbin Burnes,Michael Kopech,,,,,,,,
2023,2023-08-11,St. Louis Cardinals,Kansas City Royals,8.0,12.0,False,0|0|3|0|2|1|0|0|2,4|5|0|0|0|0|1|2,,,-130.0,110.0,0.0,11.0,espn,401472765,STL,KC,regular,Adam Wainwright,Dylan Coleman,,,,,,,,
2023,2023-08-11,San Diego Padres,Arizona Diamondbacks,10.0,5.0,False,0|2|4|0|0|1|0|0|3,1|0|0|0|0|1|0|3|0,,,-160.0,140.0,0.0,9.0,espn,401472764,SD,ARI,regular,Blake Snell,Ryne Nelson,,,,,,,,
2023,2023-08-11,Baltimore Orioles,Seattle Mariners,2.0,9.0,False,0|0|0|1|0|0|0|0|1,2|0|0|5|1|1|0|0,,,130.0,-150.0,0.0,7.5,espn,401472755,BAL,SEA,regular,Kyle Gibson,Luis Castillo,,,,,,,,
2023,2023-08-11,Colorado Rockies,Los Angeles Dodgers,1.0,6.0,False,0|0|0|1|0|0|0|0|0,0|0|1|0|1|4|0|0,,,235.0,-291.0,0.0,8.5,espn,401472758,COL,LAD,regular,Austin Gomber,Lance Lynn,,,,,,,,
2023,2023-08-11,Texas Rangers,San Francisco Giants,2.0,1.0,False,0|0|0|0|0|2|0|0|0,0|0|0|0|0|0|0|0|1,,,-110.0,-110.0,0.0,8.5,espn,401472766,TEX,SF,regular,Jon Gray,Scott Alexander,,,,,,,,
2023,2023-08-12,Atlanta Braves,New York Mets,21.0,3.0,False,1|1|0|3|0|3|3|2|8,0|0|0|0|0|0|0|3|0,,,-230.0,190.0,0.0,10.5,espn,401545240,ATL,NYM,regular,Allan Winans,Denyi Reyes,,,,,,,,
2023,2023-08-12,Chicago Cubs,Toronto Blue Jays,5.0,4.0,False,0|0|0|4|0|0|0|0|1,0|0|1|0|2|1|0|0|0,,,-105.0,-115.0,0.0,8.5,espn,401472771,CHC,TOR,regular,Justin Steele,Chris Bassitt,,,,,,,,
2023,2023-08-12,Cleveland Guardians,Tampa Bay Rays,5.0,6.0,False,0|0|1|0|0|2|0|2|0,0|0|0|1|0|0|1|1|3,,,140.0,-160.0,0.0,8.0,espn,401472772,CLE,TB,regular,Gavin Williams,Shawn Armstrong,,,,,,,,
2023,2023-08-12,Detroit Tigers,Boston Red Sox,6.0,2.0,False,0|1|1|0|2|1|0|1|0,0|0|0|1|0|0|0|1|0,,,170.0,-200.0,0.0,10.0,espn,401472774,DET,BOS,regular,Matt Manning,Brayan Bello,,,,,,,,
2023,2023-08-12,New York Yankees,Miami Marlins,1.0,3.0,False,0|0|0|0|0|0|1|0|0,2|0|0|1|0|0|0|0,,,130.0,-150.0,0.0,7.5,espn,401472777,NYY,MIA,regular,Michael King,Sandy Alcantara,,,,,,,,
2023,2023-08-12,Minnesota Twins,Philadelphia Phillies,8.0,1.0,False,1|0|0|2|0|0|5|0|0,0|0|0|0|0|0|1|0|0,,,-130.0,110.0,0.0,9.0,espn,401472776,MIN,PHI,regular,Pablo Lopez,Taijuan Walker,,,,,,,,
2023,2023-08-12,Oakland Athletics,Washington Nationals,2.0,3.0,False,0|0|1|0|0|1|0|0|0,0|1|0|0|0|0|0|1|1,,,125.0,-145.0,0.0,9.5,espn,401472778,OAK,WSH,regular,Luis Medina,Jake Irvin,,,,,,,,
2023,2023-08-12,Los Angeles Angels,Houston Astros,3.0,11.0,False,0|0|0|0|1|1|0|0|1,0|0|0|4|3|0|0|4,,,155.0,-175.0,0.0,9.5,espn,401472768,LAA,HOU,regular,Tyler Anderson,J.P. France,,,,,,,,
2023,2023-08-12,Atlanta Braves,New York Mets,6.0,0.0,False,0|0|0|0|1|0|0|3|2,0|0|0|0|0|0|0|0|0,,,-240.0,200.0,0.0,8.0,espn,401472769,ATL,NYM,regular,Spencer Strider,Jose Quintana,,,,,,,,
2023,2023-08-12,Milwaukee Brewers,Chicago White Sox,3.0,2.0,False,0|0|0|0|0|0|3|0|0,0|0|1|0|0|1|0|0|0,,,-175.0,155.0,0.0,8.0,espn,401472775,MIL,CHW,regular,Brandon Woodruff,Jesse Scholtens,,,,,,,,
2023,2023-08-12,St. Louis Cardinals,Kansas City Royals,5.0,4.0,False,0|2|1|0|1|0|0|1|0,0|0|2|0|0|0|0|1|1,,,-140.0,120.0,0.0,9.5,espn,401472780,STL,KC,regular,Steven Matz,Cole Ragans,,,,,,,,
2023,2023-08-12,San Diego Padres,Arizona Diamondbacks,0.0,3.0,False,0|0|0|0|0|0|0|0|0,1|0|2|0|0|0|0|0,,,120.0,-140.0,0.0,9.0,espn,401472779,SD,ARI,regular,Rich Hill,Zac Gallen,,,,,,,,
2023,2023-08-12,Texas Rangers,San Francisco Giants,9.0,3.0,False,1|0|0|3|2|0|0|0|3,1|0|0|1|0|0|0|0|1,,,-110.0,-110.0,0.0,8.0,espn,401472781,TEX,SF,regular,Andrew Heaney,Alex Cobb,,,,,,,,
2023,2023-08-12,Colorado Rockies,Los Angeles Dodgers,1.0,4.0,False,1|0|0|0|0|0|0|0|0,1|2|0|0|0|0|1|0,,,240.0,-300.0,0.0,9.5,espn,401472773,COL,LAD,regular,Peter Lambert,Tony Gonsolin,,,,,,,,
2023,2023-08-12,Baltimore Orioles,Seattle Mariners,1.0,0.0,False,0|0|0|0|0|0|0|0|0|1,0|0|0|0|0|0|0|0|0|0,,,140.0,-160.0,0.0,8.0,espn,401472770,BAL,SEA,regular,Cole Irvin,George Kirby,,,,,,,,
2023,2023-08-13,Detroit Tigers,Boston Red Sox,3.0,6.0,False,0|1|0|0|1|1|0|0|0,0|1|2|0|3|0|0|0,,,110.0,-130.0,0.0,9.5,espn,401472789,DET,BOS,regular,Eduardo Rodriguez,Kutter Crawford,,,,,,,,
2023,2023-08-13,Minnesota Twins,Philadelphia Phillies,3.0,0.0,False,1|0|1|0|0|0|0|0|1,0|0|0|0|0|0|0|0|0,,,100.0,-120.0,0.0,8.5,espn,401472791,MIN,PHI,regular,Sonny Gray,Ranger Suarez,,,,,,,,
2023,2023-08-13,Oakland Athletics,Washington Nationals,7.0,8.0,False,3|0|1|0|1|0|2|0|0,1|0|0|0|0|0|1|0|6,,,120.0,-140.0,0.0,9.5,espn,401472793,OAK,WSH,regular,Ken Waldichuk,Trevor Williams,,,,,,,,
2023,2023-08-13,Cincinnati Reds,Pittsburgh Pirates,2.0,4.0,False,0|0|0|1|1|0|0|0|0,0|0|0|0|1|0|3|0,,,-110.0,-110.0,0.0,9.0,espn,401472796,CIN,PIT,regular,Brandon Williamson,Mitch Keller,,,,,,,,
2023,2023-08-13,Chicago Cubs,Toronto Blue Jays,4.0,11.0,False,2|0|0|0|0|0|2|0|0,0|5|0|3|0|0|0|3,,,-110.0,-110.0,0.0,9.0,espn,401472786,CHC,TOR,regular,Jameson Taillon,Hyun Jin Ryu,,,,,,,,
2023,2023-08-13,Cleveland Guardians,Tampa Bay Rays,9.0,2.0,False,1|3|2|2|1|0|0|0|0,0|0|1|0|0|1|0|0|0,,,155.0,-175.0,0.0,7.0,espn,401472787,CLE,TB,regular,Tanner Bibee,Zach Eflin,,,,,,,,
2023,2023-08-13,New York Yankees,Miami Marlins,7.0,8.0,False,0|1|1|2|2|1|0|0|0,0|0|1|0|0|1|0|1|5,,,-120.0,100.0,0.0,7.0,espn,401472792,NYY,MIA,regular,Gerrit Cole,Eury Perez,,,,,,,,
2023,2023-08-13,Los Angeles Angels,Houston Astros,2.0,1.0,False,0|0|1|0|0|1|0|0|0,0|0|0|0|0|1|0|0|0,,,115.0,-135.0,0.0,8.5,espn,401472783,LAA,HOU,regular,Chase Silseth,Jose Urquidy,,,,,,,,
2023,2023-08-13,Milwaukee Brewers,Chicago White Sox,7.0,3.0,False,0|1|0|0|1|0|0|3|2,0|0|0|0|0|0|0|0|3,,,-150.0,130.0,0.0,8.0,espn,401472790,MIL,CHW,regular,Freddy Peralta,Dylan Cease,,,,,,,,
2023,2023-08-13,Texas Rangers,San Francisco Giants,2.0,3.0,False,0|0|0|0|0|0|0|0|1|1,0|1|0|0|0|0|0|0|0|2,,,105.0,-125.0,0.0,8.0,espn,401472795,TEX,SF,regular,Dane Dunning,Logan Webb,,,,,,,,
2023,2023-08-13,Baltimore Orioles,Seattle Mariners,5.0,3.0,False,0|0|1|0|0|1|0|0|1|2,0|0|1|0|1|0|0|0|1|0,,,-105.0,-115.0,0.0,8.0,espn,401472785,BAL,SEA,regular,Kyle Bradish,Bryce Miller,,,,,,,,
2023,2023-08-13,Colorado Rockies,Los Angeles Dodgers,3.0,8.0,False,0|0|1|2|0|0|0|0|0,0|2|1|1|0|3|0|1,,,275.0,-351.0,0.0,8.5,espn,401472788,COL,LAD,regular,Kyle Freeland,Julio Urias,,,,,,,,
2023,2023-08-13,San Diego Padres,Arizona Diamondbacks,4.0,5.0,False,3|0|0|0|0|0|1|0|0,1|0|0|0|1|0|2|1,,,-135.0,115.0,0.0,9.0,espn,401472794,SD,ARI,regular,Seth Lugo,Brandon Pfaadt,,,,,,,,
2023,2023-08-13,Cincinnati Reds,Pittsburgh Pirates,6.0,5.0,False,0|2|1|0|0|0|0|2|0|1,2|1|0|1|0|0|1|0|0|0,,,-105.0,-115.0,0.0,9.5,espn,401583489,CIN,PIT,regular,Luke Weaver,Andre Jackson,,,,,,,,
2023,2023-08-13,Atlanta Braves,New York Mets,6.0,7.0,False,3|0|0|0|0|0|1|2|0,0|0|1|0|6|0|0|0,,,-145.0,125.0,0.0,10.0,espn,401472784,ATL,NYM,regular,Yonny Chirinos,Kodai Senga,,,,,,,,
2023,2023-08-14,Houston Astros,Miami Marlins,1.0,5.0,False,0|0|0|0|0|0|1|0|0,0|0|2|0|0|0|0|3,,,-130.0,110.0,0.0,8.0,espn,401472798,HOU,MIA,regular,Framber Valdez,Braxton Garrett,,,,,,,,
2023,2023-08-14,Pittsburgh Pirates,New York Mets,2.0,7.0,False,1|0|1|0|0|0|0|0|0,1|1|1|2|1|1|0|0,,,115.0,-135.0,0.0,9.5,espn,401472801,PIT,NYM,regular,Quinn Priester,Carlos Carrasco,,,,,,,,
2023,2023-08-14,New York Yankees,Atlanta Braves,3.0,11.0,False,1|1|0|0|0|0|0|0|1,1|3|4|0|0|1|0|2,,,170.0,-200.0,0.0,9.0,espn,401472799,NYY,ATL,regular,Clarke Schmidt,Max Fried,,,,,,,,
2023,2023-08-14,Oakland Athletics,St. Louis Cardinals,5.0,7.0,False,0|0|0|0|2|0|3|0|0,0|1|0|0|2|0|4|0,,,190.0,-230.0,0.0,9.0,espn,401472800,OAK,STL,regular,JP Sears,Miles Mikolas,,,,,,,,
2023,2023-08-14,Los Angeles Angels,Texas Rangers,0.0,12.0,False,0|0|0|0|0|0|0|0|0,0|2|3|0|0|1|5|1,,,165.0,-185.0,0.0,8.5,espn,401472797,LAA,TEX,regular,Patrick Sandoval,Max Scherzer,,,,,,,,
2023,2023-08-14,Seattle Mariners,Kansas City Royals,6.0,7.0,False,0|0|0|0|0|0|0|4|2,3|0|0|0|1|1|0|0|2,,,-150.0,130.0,0.0,8.0,espn,401472802,SEA,KC,regular,Logan Gilbert,Brady Singer,,,,,,,,
2023,2023-08-14,Arizona Diamondbacks,Colorado Rockies,4.0,6.0,False,1|1|0|0|0|2|0|0|0,0|0|0|0|1|1|0|4,,,-220.0,180.0,0.0,11.5,espn,401472804,ARI,COL,regular,Merrill Kelly,Chris Flexen,,,,,,,,
2023,2023-08-14,Baltimore Orioles,San Diego Padres,4.0,1.0,False,0|1|0|0|3|0|0|0|0,0|0|0|0|0|1|0|0|0,,,125.0,-145.0,0.0,8.5,espn,401472805,BAL,SD,regular,Grayson Rodriguez,Yu Darvish,,,,,,,,
2023,2023-08-14,Tampa Bay Rays,San Francisco Giants,10.0,2.0,False,0|0|0|3|2|0|1|2|2,0|0|0|0|1|0|0|1|0,,,-135.0,115.0,0.0,7.5,espn,401472803,TB,SF,regular,Tyler Glasnow,Ryan Walker,,,,,,,,
2023,2023-08-15,Cleveland Guardians,Cincinnati Reds,3.0,0.0,False,2|0|0|0|0|0|1|0|0,0|0|0|0|0|0|0|0|0,,,100.0,-120.0,0.0,9.5,espn,401472809,CLE,CIN,regular,Logan Allen,Graham Ashcraft,,,,,,,,
2023,2023-08-15,Houston Astros,Miami Marlins,6.0,5.0,False,0|0|0|2|2|1|1|0|0,0|1|2|1|1|0|0|0|0,,,-125.0,105.0,0.0,9.0,espn,401472811,HOU,MIA,regular,Cristian Javier,Johnny Cueto,,,,,,,,
2023,2023-08-15,Boston Red Sox,Washington Nationals,5.0,4.0,False,1|0|2|2|0|0|0|0|0,0|0|4|0|0|0|0|0|0,,,-165.0,145.0,0.0,9.5,espn,401472807,BOS,WSH,regular,Nick Pivetta,Josiah Gray,,,,,,,,
2023,2023-08-15,Philadelphia Phillies,Toronto Blue Jays,1.0,2.0,False,0|0|0|0|0|1|0|0|0,0|0|0|0|0|1|0|1,,,-115.0,-105.0,0.0,7.5,espn,401472815,PHI,TOR,regular,Zack Wheeler,Yusei Kikuchi,,,,,,,,
2023,2023-08-15,Pittsburgh Pirates,New York Mets,7.0,4.0,False,0|1|0|0|0|0|6|0|0,1|0|0|0|0|0|3|0|0,,,135.0,-155.0,0.0,8.5,espn,401472816,PIT,NYM,regular,Bailey Falter,David Peterson,,,,,,,,
2023,2023-08-15,New York Yankees,Atlanta Braves,0.0,5.0,False,0|0|0|0|0|0|0|0|0,3|0|0|2|0|0|0|0,,,180.0,-220.0,0.0,10.5,espn,401472813,NYY,ATL,regular,Luis Severino,Bryce Elder,,,,,,,,
2023,2023-08-15,Detroit Tigers,Minnesota Twins,3.0,5.0,False,0|2|0|0|0|0|0|0|1,0|0|0|0|0|5|0|0,,,165.0,-185.0,0.0,8.5,espn,401472810,DET,MIN,regular,Alex Faedo,Bailey Ober,,,,,,,,
2023,2023-08-15,Oakland Athletics,St. Louis Cardinals,2.0,6.0,False,0|0|0|0|0|0|2|0|0,4|0|0|1|0|0|0|1,,,180.0,-220.0,0.0,9.5,espn,401472814,OAK,STL,regular,Spenser Watkins,Dakota Hudson,,,,,,,,
2023,2023-08-15,Los Angeles Angels,Texas Rangers,3.0,7.0,False,0|0|0|0|1|0|0|0|2,0|0|3|1|0|0|1|2,,,165.0,-185.0,0.0,8.5,espn,401472806,LAA,TEX,regular,Lucas Giolito,Jordan Montgomery,,,,,,,,
2023,2023-08-15,Chicago White Sox,Chicago Cubs,5.0,3.0,False,1|2|0|0|0|0|1|0|1,2|0|0|1|0|0|0|0|0,,,155.0,-175.0,0.0,8.5,espn,401472808,CHW,CHC,regular,Touki Toussaint,Kyle Hendricks,,,,,,,,
2023,2023-08-15,Seattle Mariners,Kansas City Royals,10.0,8.0,False,0|0|0|7|0|0|1|0|0|2,0|0|0|0|5|0|0|0|3|0,,,-140.0,120.0,0.0,9.5,espn,401472817,SEA,KC,regular,Emerson Hancock,Jordan Lyles,,,,,,,,
2023,2023-08-15,Arizona Diamondbacks,Colorado Rockies,8.0,5.0,False,0|0|2|0|0|0|1|0|5,0|0|1|0|0|1|3|0|0,,,-155.0,135.0,0.0,12.5,espn,401472819,ARI,COL,regular,Joe Mantiply,Ty Blach,,,,,,,,
2023,2023-08-15,Baltimore Orioles,San Diego Padres,3.0,10.0,False,0|0|0|0|0|1|0|0|2,5|2|0|0|3|0|0|0,,,-105.0,-115.0,0.0,8.5,espn,401472820,BAL,SD,regular,Jack Flaherty,Michael Wacha,,,,,,,,
2023,2023-08-15,Tampa Bay Rays,San Francisco Giants,0.0,7.0,False,0|0|0|0|0|0|0|0|0,0|0|0|0|0|3|2|2,,,-110.0,-110.0,0.0,8.5,espn,401472818,TB,SF,regular,Zack Littell,Jakob Junis,,,,,,,,
2023,2023-08-15,Milwaukee Brewers,Los Angeles Dodgers,2.0,6.0,False,1|0|0|0|0|0|1|0|0,0|0|0|0|1|5|0|0,,,180.0,-220.0,0.0,9.0,espn,401472812,MIL,LAD,regular,Adrian Houser,Bobby Miller,,,,,,,,
2023,2023-08-16,Detroit Tigers,Minnesota Twins,8.0,7.0,False,0|0|3|0|0|0|4|0|1,1|3|0|0|0|0|0|0|3,,,155.0,-175.0,0.0,8.0,espn,401472825,DET,MIN,regular,Reese Olson,Kenta Maeda,,,,,,,,
2023,2023-08-16,Pittsburgh Pirates,New York Mets,3.0,8.0,False,0|0|2|0|0|1|0|0|0,0|3|0|1|2|0|2|0,,,-110.0,-110.0,0.0,8.5,espn,401472831,PIT,NYM,regular,Johan Oviedo,Tylor Megill,,,,,,,,
2023,2023-08-16,Arizona Diamondbacks,Colorado Rockies,9.0,7.0,False,2|0|0|0|0|4|0|2|1,1|0|0|0|2|4|0|0|0,,,-130.0,110.0,0.0,12.0,espn,401472834,ARI,COL,regular,Slade Cecconi,Austin Gomber,,,,,,,,
2023,2023-08-16,Tampa Bay Rays,San Francisco Giants,6.0,1.0,False,1|0|0|1|3|1|0|0|0,0|0|0|0|0|0|1|0|0,,,100.0,-120.0,0.0,8.5,espn,401472833,TB,SF,regular,Aaron Civale,Ryan Walker,,,,,,,,
2023,2023-08-16,Cleveland Guardians,Cincinnati Reds,2.0,7.0,False,0|0|1|0|1|0|0|0|0,1|0|0|4|1|1|0|0,,,150.0,-170.0,0.0,9.5,espn,401472824,CLE,CIN,regular,Noah Syndergaard,Andrew Abbott,,,,,,,,
2023,2023-08-16,Houston Astros,Miami Marlins,12.0,5.0,False,5|0|1|0|0|0|6|0|0,2|0|0|2|1|0|0|0|0,,,-120.0,100.0,0.0,7.5,espn,401472826,HOU,MIA,regular,Justin Verlander,Jesus Luzardo,,,,,,,,
2023,2023-08-16,Oakland Athletics,St. Louis Cardinals,8.0,0.0,False,4|0|0|1|1|1|0|0|1,0|0|0|0|0|0|0|0|0,,,150.0,-170.0,0.0,9.0,espn,401472829,OAK,STL,regular,Paul Blackburn,Matthew Liberatore,,,,,,,,
2023,2023-08-16,Boston Red Sox,Washington Nationals,2.0,6.0,False,0|0|0|0|0|0|0|2|0,0|0|1|1|0|0|0|4,,,-155.0,135.0,0.0,9.0,espn,401472822,BOS,WSH,regular,James Paxton,MacKenzie Gore,,,,,,,,
2023,2023-08-16,Philadelphia Phillies,Toronto Blue Jays,9.0,4.0,False,0|1|1|0|3|2|0|1|1,0|2|2|0|0|0|0|0|0,,,120.0,-140.0,0.0,7.5,espn,401472830,PHI,TOR,regular,Aaron Nola,Kevin Gausman,,,,,,,,
2023,2023-08-16,New York Yankees,Atlanta Braves,0.0,2.0,False,0|0|0|0|0|0|0|0|0,0|2|0|0|0|0|0|0,,,175.0,-210.0,0.0,9.5,espn,401472828,NYY,ATL,regular,Randy Vasquez,Charlie Morton,,,,,,,,
2023,2023-08-16,Los Angeles Angels,Texas Rangers,2.0,0.0,False,1|0|0|0|0|0|0|0|1,0|0|0|0|0|0|0|0|0,,,160.0,-180.0,0.0,9.0,espn,401472821,LAA,TEX,regular,Reid Detmers,Jon Gray,,,,,,,,
2023,2023-08-16,Chicago White Sox,Chicago Cubs,3.0,4.0,False,0|0|0|1|2|0|0|0|0,0|0|0|0|0|0|0|1|3,,,145.0,-165.0,0.0,11.0,espn,401472823,CHW,CHC,regular,Mike Clevinger,Javier Assad,,,,,,,,
2023,2023-08-16,Seattle Mariners,Kansas City Royals,6.0,5.0,False,3|1|0|0|0|0|0|1|1,1|1|1|0|0|1|0|0|1,,,-210.0,175.0,0.0,9.0,espn,401472832,SEA,KC,regular,Luis Castillo,James McArthur,,,,,,,,
2023,2023-08-16,Baltimore Orioles,San Diego Padres,2.0,5.0,False,1|0|0|0|0|1|0|0|0,0|0|3|0|0|0|2|0,,,160.0,-180.0,0.0,8.0,espn,401472835,BAL,SD,regular,Dean Kremer,Blake Snell,,,,,,,,
2023,2023-08-16,Milwaukee Brewers,Los Angeles Dodgers,1.0,7.0,False,0|1|0|0|0|0|0|0|0,1|2|0|1|0|2|1|0,,,195.0,-235.0,0.0,8.0,espn,401472827,MIL,LAD,regular,Wade Miley,Clayton Kershaw,,,,,,,,
2023,2023-08-17,Seattle Mariners,Kansas City Royals,6.0,4.0,False,0|1|0|0|0|1|0|3|1,0|0|0|1|0|3|0|0|0,,,-235.0,195.0,0.0,9.0,espn,401472840,SEA,KC,regular,George Kirby,Angel Zerpa,,,,,,,,
2023,2023-08-17,Boston Red Sox,Washington Nationals,7.0,10.0,False,0|0|1|0|0|0|6|0|0,0|0|1|0|5|3|0|1,,,-175.0,155.0,0.0,10.0,espn,401472836,BOS,WSH,regular,Chris Sale,Patrick Corbin,,,,,,,,
2023,2023-08-17,New York Mets,St. Louis Cardinals,4.0,2.0,False,0|0|0|2|1|0|0|0|1,0|0|0|0|0|0|2|0|0,,,-125.0,105.0,0.0,10.5,espn,401472839,NYM,STL,regular,Jose Quintana,Adam Wainwright,,,,,,,,
2023,2023-08-17,Arizona Diamondbacks,San Diego Padres,3.0,1.0,False,0|0|0|2|1|0|0|0|0,0|0|0|0|1|0|0|0|0,,,105.0,-125.0,0.0,8.5,espn,401472841,ARI,SD,regular,Zac Gallen,Rich Hill,,,,,,,,
2023,2023-08-17,Milwaukee Brewers,Los Angeles Dodgers,0.0,1.0,False,0|0|0|0|0|0|0|0|0,0|0|0|0|0|0|0|1,,,140.0,-160.0,0.0,8.0,espn,401472838,MIL,LAD,regular,Corbin Burnes,Lance Lynn,,,,,,,,
2023,2023-08-18,Kansas City Royals,Chicago Cubs,4.0,3.0,False,0|0|1|1|0|2|0|0|0,0|0|0|3|0|0|0|0|0,,,160.0,-180.0,0.0,8.5,espn,401472845,KC,CHC,regular,Cole Ragans,Jameson Taillon,,,,,,,,
2023,2023-08-18,Detroit Tigers,Cleveland Guardians,4.0,2.0,False,3|0|0|0|0|0|0|0|1,1|0|0|0|0|0|0|0|1,,,100.0,-120.0,0.0,7.0,espn,401585864,DET,CLE,regular,Tarik Skubal,Gavin Williams,,,,,,,,
2023,2023-08-18,Toronto Blue Jays,Cincinnati Reds,0.0,1.0,False,0|0|0|0|0|0|0|0|0,0|0|0|0|0|0|0|0|1,,,-145.0,125.0,0.0,10.0,espn,401472854,TOR,CIN,regular,Jose Berrios,Brett Kennedy,,,,,,,,
2023,2023-08-18,Boston Red Sox,New York Yankees,8.0,3.0,False,4|3|0|0|0|0|0|0|1,0|0|1|0|0|0|0|2|0,,,-130.0,110.0,0.0,9.0,espn,401472843,BOS,NYY,regular,Brayan Bello,Jhony Brito,,,,,,,,
2023,2023-08-18,Philadelphia Phillies,Washington Nationals,7.0,8.0,False,0|0|0|6|0|0|0|0|1,0|1|0|6|0|1|0|0,,,-165.0,145.0,0.0,9.0,espn,401472849,PHI,WSH,regular,Michael Lorenzen,Joan Adon,,,,,,,,
2023,2023-08-18,San Francisco Giants,Atlanta Braves,0.0,4.0,False,0|0|0|0|0|0|0|0|0,2|1|0|0|0|1|0|0,,,205.0,-245.0,0.0,9.0,espn,401472852,SF,ATL,regular,Alex Cobb,Spencer Strider,,,,,,,,
2023,2023-08-18,Detroit Tigers,Cleveland Guardians,1.0,4.0,False,0|0|0|1|0|0|0|0|0,0|0|0|0|0|0|0|4,,,120.0,-140.0,0.0,8.5,espn,401472844,DET,CLE,regular,Joey Wentz,Xzavion Curry,,,,,,,,
2023,2023-08-18,Milwaukee Brewers,Texas Rangers,9.0,8.0,False,0|0|3|0|0|0|3|3|0,0|0|0|3|0|1|0|0|4,,,105.0,-125.0,0.0,8.0,espn,401472847,MIL,TEX,regular,Brandon Woodruff,Andrew Heaney,,,,,,,,
2023,2023-08-18,Pittsburgh Pirates,Minnesota Twins,1.0,5.0,False,0|0|0|0|0|0|1|0|0,0|0|0|2|0|1|2|0,,,185.0,-225.0,0.0,8.5,espn,401472850,PIT,MIN,regular,Andre Jackson,Pablo Lopez,,,,,,,,
2023,2023-08-18,Seattle Mariners,Houston Astros,2.0,0.0,False,0|0|1|0|0|1|0|0|0,0|0|0|0|0|0|0|0|0,,,120.0,-140.0,0.0,8.5,espn,401472851,SEA,HOU,regular,Bryce Miller,J.P. France,,,,,,,,
2023,2023-08-18,New York Mets,St. Louis Cardinals,7.0,1.0,False,1|0|1|0|0|0|5|0|0,0|0|0|0|0|0|0|0|1,,,130.0,-150.0,0.0,9.0,espn,401472848,NYM,STL,regular,Joey Lucchesi,Zack Thompson,,,,,,,,
2023,2023-08-18,Chicago White Sox,Colorado Rockies,1.0,14.0,False,1|0|0|0|0|0|0|0|0,5|0|0|4|0|3|1|1,,,110.0,-130.0,0.0,12.0,espn,401472855,CHW,COL,regular,Michael Kopech,Peter Lambert,,,,,,,,
2023,2023-08-18,Tampa Bay Rays,Los Angeles Angels,9.0,6.0,False,1|0|0|3|1|0|1|0|0|3,1|4|0|0|0|0|1|0|0|0,,,-110.0,-110.0,0.0,9.5,espn,401472853,TB,LAA,regular,Erasmo Ramirez,Tyler Anderson,,,,,,,,
2023,2023-08-18,Baltimore Orioles,Oakland Athletics,9.0,4.0,False,3|2|0|2|2|0|0|0|0,1|1|0|0|2|0|0|0|0,,,-220.0,180.0,0.0,8.5,espn,401472842,BAL,OAK,regular,Kyle Gibson,Francisco Perez,,,,,,,,
2023,2023-08-18,Arizona Diamondbacks,San Diego Padres,0.0,4.0,False,0|0|0|0|0|0|0|0|0,0|0|0|0|0|0|0|4,,,145.0,-165.0,0.0,8.5,espn,401472856,ARI,SD,regular,Brandon Pfaadt,Seth Lugo,,,,,,,,
2023,2023-08-18,Miami Marlins,Los Angeles Dodgers,11.0,3.0,False,1|0|6|3|1|0|0|0|0,1|0|0|1|1|0|0|0|0,,,125.0,-145.0,0.0,8.5,espn,401472846,MIA,LAD,regular,Sandy Alcantara,Tony Gonsolin,,,,,,,,
2023,2023-08-19,Boston Red Sox,New York Yankees,8.0,1.0,False,0|4|0|2|0|0|0|1|1,0|0|0|0|0|1|0|0|0,,,135.0,-155.0,0.0,8.0,espn,401472858,BOS,NYY,regular,Kutter Crawford,Gerrit Cole,,,,,,,,
2023,2023-08-19,Kansas City Royals,Chicago Cubs,4.0,6.0,False,0|1|0|0|0|1|1|1|0,2|1|1|2|0|0|0|0,,,180.0,-220.0,0.0,9.0,espn,401472860,KC,CHC,regular,Brady Singer,Justin Steele,,,,,,,,
2023,2023-08-19,Miami Marlins,Los Angeles Dodgers,1.0,3.0,False,0|0|0|1|0|0|0|0|0,0|0|0|0|0|0|0|3,,,130.0,-150.0,0.0,9.0,espn,401472876,MIA,LAD,regular,Eury Perez,Caleb Ferguson,,,,,,,,
2023,2023-08-19,Arizona Diamondbacks,San Diego Padres,6.0,4.0,False,2|0|1|0|2|1|0|0|0,2|0|0|1|0|0|0|1|0,,,100.0,-120.0,0.0,8.5,espn,401472886,ARI,SD,regular,Merrill Kelly,Matt Waldron,,,,,,,,
2023,2023-08-19,Milwaukee Brewers,Texas Rangers,6.0,1.0,False,1|0|1|0|0|2|1|0|1,0|0|1|0|0|0|0|0|0,,,105.0,-125.0,0.0,8.0,espn,401472862,MIL,TEX,regular,Freddy Peralta,Dane Dunning,,,,,,,,
2023,2023-08-19,Philadelphia Phillies,Washington Nationals,12.0,3.0,False,0|0|0|0|0|0|3|8|1,0|0|0|2|0|1|0|0|0,,,-150.0,130.0,0.0,9.5,espn,401472864,PHI,WSH,regular,Cristopher Sanchez,Jake Irvin,,,,,,,,
2023,2023-08-19,Tampa Bay Rays,Los Angeles Angels,6.0,7.0,False,2|0|0|3|0|1|0|0|0,0|2|4|0|1|0|0|0,,,-145.0,125.0,0.0,8.0,espn,401472883,TB,LAA,regular,Tyler Glasnow,Chase Silseth,,,,,,,,
2023,2023-08-19,Toronto Blue Jays,Cincinnati Reds,4.0,3.0,False,0|0|0|3|1|0|0|0|0,0|0|0|3|0|0|0|0|0,,,-140.0,120.0,0.0,9.5,espn,401472869,TOR,CIN,regular,Chris Bassitt,Brandon Williamson,,,,,,,,
2023,2023-08-19,Detroit Tigers,Cleveland Guardians,4.0,3.0,False,3|0|0|0|0|0|1|0|0,1|0|0|0|1|0|1|0|0,,,155.0,-175.0,0.0,8.0,espn,401472859,DET,CLE,regular,Matt Manning,Tanner Bibee,,,,,,,,
2023,2023-08-19,Pittsburgh Pirates,Minnesota Twins,7.0,4.0,False,0|0|0|0|0|3|1|0|3,1|0|0|0|1|0|1|0|1,,,155.0,-175.0,0.0,8.5,espn,401472865,PIT,MIN,regular,Mitch Keller,Sonny Gray,,,,,,,,
2023,2023-08-19,Seattle Mariners,Houston Astros,10.0,3.0,False,1|1|2|0|2|0|0|2|2,0|0|1|1|0|0|0|0|1,,,125.0,-145.0,0.0,7.5,espn,401472866,SEA,HOU,regular,Logan Gilbert,Framber Valdez,,,,,,,,
2023,2023-08-19,New York Mets,St. Louis Cardinals,13.0,2.0,False,1|0|1|1|4|0|2|3|1,0|0|0|1|0|0|0|1|0,,,-115.0,-105.0,0.0,8.5,espn,401472863,NYM,STL,regular,Kodai Senga,Miles Mikolas,,,,,,,,
2023,2023-08-19,San Francisco Giants,Atlanta Braves,5.0,6.0,False,1|1|0|2|0|1|0|0|0,0|2|0|1|1|0|0|2,,,100.0,-120.0,0.0,9.5,espn,401472867,SF,ATL,regular,Logan Webb,Yonny Chirinos,,,,,,,,
2023,2023-08-19,Chicago White Sox,Colorado Rockies,5.0,11.0,False,1|0|1|0|2|0|0|1|0,3|2|0|2|0|0|2|2,,,-115.0,-105.0,0.0,11.5,espn,401472870,CHW,COL,regular,Jesse Scholtens,Kyle Freeland,,,,,,,,
2023,2023-08-19,Arizona Diamondbacks,San Diego Padres,8.0,1.0,False,0|2|0|0|1|1|4|0|0,0|0|0|0|1|0|0|0|0,,,170.0,-200.0,0.0,8.5,espn,401472871,ARI,SD,regular,Scott McGough,Yu Darvish,,,,,,,,
2023,2023-08-19,Baltimore Orioles,Oakland Athletics,7.0,2.0,False,0|0|0|2|0|0|0|0|0|5,0|1|0|0|0|1|0|0|0|0,,,-170.0,150.0,0.0,8.5,espn,401472857,BAL,OAK,regular,Cole Irvin,Ken Waldichuk,,,,,,,,
2023,2023-08-19,Tampa Bay Rays,Los Angeles Angels,18.0,4.0,False,0|0|0|2|4|7|2|2|1,0|0|0|0|1|0|0|3|0,,,-130.0,110.0,0.0,8.5,espn,401472868,TB,LAA,regular,Zach Eflin,Patrick Sandoval,,,,,,,,
2023,2023-08-19,Miami Marlins,Los Angeles Dodgers,1.0,3.0,False,1|0|0|0|0|0|0|0|0,0|1|1|0|1|0|0|0,,,165.0,-185.0,0.0,8.0,espn,401472861,MIA,LAD,regular,Braxton Garrett,Julio Urias,,,,,,,,
2023,2023-08-20,Seattle Mariners,Houston Astros,7.0,6.0,False,2|2|2|0|1|0|0|0|0,0|0|5|0|0|1|0|0|0,,,160.0,-180.0,0.0,9.0,espn,401472881,SEA,HOU,regular,Emerson Hancock,Hunter Brown,,,,,,,,
2023,2023-08-20,Boston Red Sox,New York Yankees,6.0,5.0,False,1|0|0|0|0|1|3|0|1,0|0|1|0|0|1|3|0|0,,,-110.0,-110.0,0.0,9.0,espn,401472873,BOS,NYY,regular,Josh Winckowski,Clarke Schmidt,,,,,,,,
2023,2023-08-20,San Francisco Giants,Atlanta Braves,4.0,3.0,False,0|1|2|0|0|0|0|0|1,0|2|0|0|0|0|0|1|0,,,195.0,-235.0,0.0,9.0,espn,401472882,SF,ATL,regular,Jakob Junis,Max Fried,,,,,,,,
2023,2023-08-20,Detroit Tigers,Cleveland Guardians,4.0,1.0,False,2|0|0|0|0|0|2|0|0,0|0|0|1|0|0|0|0|0,,,-115.0,-105.0,0.0,7.5,espn,401472874,DET,CLE,regular,Eduardo Rodriguez,Logan Allen,,,,,,,,
2023,2023-08-20,Toronto Blue Jays,Cincinnati Reds,10.0,3.0,False,1|4|0|4|0|0|0|0|1,0|2|0|0|0|0|1|0|0,,,-110.0,-110.0,0.0,9.5,espn,401472884,TOR,CIN,regular,Hyun Jin Ryu,Hunter Greene,,,,,,,,
2023,2023-08-20,Pittsburgh Pirates,Minnesota Twins,0.0,2.0,False,0|0|0|0|0|0|0|0|0,0|0|0|1|0|1|0|0,,,115.0,-135.0,0.0,10.0,espn,401472880,PIT,MIN,regular,Ryan Borucki,Dallas Keuchel,,,,,,,,
2023,2023-08-20,New York Mets,St. Louis Cardinals,3.0,7.0,False,0|0|1|1|0|0|0|1|0,0|0|1|0|2|0|4|0,,,105.0,-125.0,0.0,10.5,espn,401472878,NYM,STL,regular,Carlos Carrasco,Dakota Hudson,,,,,,,,
2023,2023-08-20,Kansas City Royals,Chicago Cubs,3.0,4.0,False,1|0|0|0|0|0|0|0|2,2|0|0|0|1|0|0|1,,,175.0,-210.0,0.0,9.0,espn,401472875,KC,CHC,regular,Jordan Lyles,Kyle Hendricks,,,,,,,,
2023,2023-08-20,Milwaukee Brewers,Texas Rangers,6.0,2.0,False,0|0|2|1|0|0|0|3|0,0|0|1|0|0|0|0|0|1,,,175.0,-210.0,0.0,8.5,espn,401472877,MIL,TEX,regular,Adrian Houser,Max Scherzer,,,,,,,,
2023,2023-08-20,Chicago White Sox,Colorado Rockies,10.0,5.0,False,0|1|1|0|0|0|1|7|0,0|0|1|1|3|0|0|0|0,,,-140.0,120.0,0.0,11.5,espn,401472885,CHW,COL,regular,Dylan Cease,Chris Flexen,,,,,,,,
2023,2023-08-20,Baltimore Orioles,Oakland Athletics,12.0,1.0,False,1|1|2|3|0|0|2|3|0,0|0|0|0|0|0|1|0|0,,,-185.0,165.0,0.0,8.5,espn,401472872,BAL,OAK,regular,Kyle Bradish,JP Sears,,,,,,,,
2023,2023-08-20,Philadelphia Phillies,Washington Nationals,3.0,4.0,True,0|0|0|0|0|0|0|0|3,4|0|0|0|0|0|0|0,,,-225.0,185.0,0.0,9.0,espn,401472879,PHI,WSH,regular,Zack Wheeler,Trevor Williams,,,,,,,,
2023,2023-08-21,Chicago Cubs,Detroit Tigers,7.0,6.0,False,0|3|0|1|0|0|0|1|2,0|0|0|0|0|2|0|3|1,,,-120.0,100.0,0.0,9.0,espn,401472888,CHC,DET,regular,Javier Assad,Alex Faedo,,,,,,,,
2023,2023-08-21,San Francisco Giants,Philadelphia Phillies,4.0,10.0,False,1|0|1|0|0|0|0|0|2,1|2|1|0|2|0|4|0,,,120.0,-140.0,0.0,8.5,espn,401472893,SF,PHI,regular,Scott Alexander,Aaron Nola,,,,,,,,
2023,2023-08-21,St. Louis Cardinals,Pittsburgh Pirates,1.0,11.0,False,0|0|0|0|1|0|0|0|0,2|0|2|4|0|0|0|3,,,-125.0,105.0,0.0,10.0,espn,401472895,STL,PIT,regular,Drew Rom,Thomas Hatch,,,,,,,,
2023,2023-08-21,New York Mets,Atlanta Braves,10.0,4.0,False,0|3|0|0|4|3|0|0|0,0|1|2|1|0|0|0|0|0,,,185.0,-225.0,0.0,10.5,espn,401472891,NYM,ATL,regular,David Peterson,Allan Winans,,,,,,,,
2023,2023-08-21,Boston Red Sox,Houston Astros,4.0,9.0,False,3|0|0|0|0|1|0|0|0,1|3|0|3|0|0|0|2,,,110.0,-130.0,0.0,9.0,espn,401472887,BOS,HOU,regular,James Paxton,Cristian Javier,,,,,,,,
2023,2023-08-21,Seattle Mariners,Chicago White Sox,14.0,2.0,False,5|0|0|0|2|2|0|4|1,1|0|0|0|0|0|0|0|1,,,-200.0,170.0,0.0,8.5,espn,401472892,SEA,CHW,regular,Luis Castillo,Touki Toussaint,,,,,,,,
2023,2023-08-21,Kansas City Royals,Oakland Athletics,4.0,6.0,False,0|1|0|0|0|1|0|2|0,0|1|1|0|1|1|0|0|2,,,110.0,-130.0,0.0,8.5,espn,401472890,KC,OAK,regular,Tucker Davidson,Paul Blackburn,,,,,,,,
2023,2023-08-21,Texas Rangers,Arizona Diamondbacks,3.0,4.0,False,0|0|0|0|0|0|1|0|0|0|2,0|0|0|0|0|0|0|0|1|0|3,,,-165.0,145.0,0.0,9.0,espn,401472894,TEX,ARI,regular,Jordan Montgomery,Slade Cecconi,,,,,,,,
2023,2023-08-21,Miami Marlins,San Diego Padres,2.0,6.0,False,0|0|0|0|0|2|0|0|0,1|4|0|0|1|0|0|0,,,170.0,-200.0,0.0,8.5,espn,401472896,MIA,SD,regular,Ryan Weathers,Michael Wacha,,,,,,,,
2023,2023-08-22,Chicago Cubs,Detroit Tigers,6.0,8.0,False,0|0|0|4|2|0|0|0|0,2|1|0|4|0|0|0|1,,,-125.0,105.0,0.0,9.0,espn,401472898,CHC,DET,regular,Drew Smyly,Reese Olson,,,,,,,,
2023,2023-08-22,Colorado Rockies,Tampa Bay Rays,4.0,12.0,False,0|2|0|0|0|2|0|0|0,1|0|1|1|0|0|0|9,,,225.0,-275.0,0.0,9.0,espn,401472900,COL,TB,regular,Ty Blach,Zack Littell,,,,,,,,
2023,2023-08-22,San Francisco Giants,Philadelphia Phillies,3.0,4.0,False,1|0|0|0|2|0|0|0|0,2|0|0|0|0|0|0|0|2,,,110.0,-130.0,0.0,9.0,espn,401472906,SF,PHI,regular,Kyle Harrison,Taijuan Walker,,,,,,,,
2023,2023-08-22,Toronto Blue Jays,Baltimore Orioles,6.0,3.0,False,0|2|0|1|0|0|0|0|0|3,1|0|0|0|2|0|0|0|0|0,,,-105.0,-115.0,0.0,8.0,espn,401472908,TOR,BAL,regular,Yusei Kikuchi,Grayson Rodriguez,,,,,,,,
2023,2023-08-22,Washington Nationals,New York Yankees,2.0,1.0,False,0|0|1|0|0|0|0|1|0,0|0|1|0|0|0|0|0|0,,,155.0,-175.0,0.0,8.5,espn,401472909,WSH,NYY,regular,Josiah Gray,Carlos Rodon,,,,,,,,
2023,2023-08-22,St. Louis Cardinals,Pittsburgh Pirates,3.0,6.0,False,0|0|0|0|1|1|1|0|0,0|0|0|1|5|0|0|0,,,110.0,-130.0,0.0,10.0,espn,401472910,STL,PIT,regular,Adam Wainwright,Johan Oviedo,,,,,,,,
2023,2023-08-22,Los Angeles Dodgers,Cleveland Guardians,3.0,8.0,False,2|0|1|0|0|0|0|0|0,0|0|0|2|0|0|5|1,,,-210.0,175.0,0.0,9.0,espn,401472902,LAD,CLE,regular,Bobby Miller,Noah Syndergaard,,,,,,,,
2023,2023-08-22,New York Mets,Atlanta Braves,2.0,3.0,False,0|0|0|0|0|2|0|0|0,0|2|0|0|1|0|0|0,,,180.0,-220.0,0.0,11.0,espn,401472904,NYM,ATL,regular,Tylor Megill,Bryce Elder,,,,,,,,
2023,2023-08-22,Boston Red Sox,Houston Astros,3.0,7.0,False,0|0|0|0|0|0|0|1|2,2|0|0|1|0|0|4|0,,,110.0,-130.0,0.0,8.5,espn,401472897,BOS,HOU,regular,Tanner Houck,Justin Verlander,,,,,,,,
2023,2023-08-22,Minnesota Twins,Milwaukee Brewers,3.0,7.0,False,0|2|0|1|0|0|0|0|0,2|0|0|0|0|5|0|0,,,-105.0,-115.0,0.0,8.0,espn,401472903,MIN,MIL,regular,Bailey Ober,Wade Miley,,,,,,,,
2023,2023-08-22,Seattle Mariners,Chicago White Sox,6.0,3.0,False,0|2|0|2|0|2|0|0|0,1|0|0|0|0|1|0|0|1,,,-150.0,130.0,0.0,8.5,espn,401472905,SEA,CHW,regular,Bryan Woo,Mike Clevinger,,,,,,,,
2023,2023-08-22,Cincinnati Reds,Los Angeles Angels,4.0,3.0,False,1|0|0|0|3|0|0|0|0,0|2|0|1|0|0|0|0|0,,,130.0,-150.0,0.0,9.5,espn,401472899,CIN,LAA,regular,Graham Ashcraft,Lucas Giolito,,,,,,,,
2023,2023-08-22,Kansas City Royals,Oakland Athletics,4.0,5.0,False,0|2|0|0|2|0|0|0|0,2|1|2|0|0|0|0|0,,,-120.0,100.0,0.0,8.5,espn,401472901,KC,OAK,regular,Angel Zerpa,Dany Jimenez,,,,,,,,
2023,2023-08-22,Texas Rangers,Arizona Diamondbacks,3.0,6.0,False,0|0|0|0|0|1|2|0|0,0|3|0|0|2|1|0|0,,,100.0,-120.0,0.0,8.5,espn,401472907,TEX,ARI,regular,Jon Gray,Zac Gallen,,,,,,,,
2023,2023-08-22,Miami Marlins,San Diego Padres,3.0,0.0,False,0|0|3|0|0|0|0|0|0,0|0|0|0|0|0|0|0|0,,,150.0,-170.0,0.0,7.5,espn,401472911,MIA,SD,regular,Jesus Luzardo,Blake Snell,,,,,,,,
2023,2023-08-23,St. Louis Cardinals,Pittsburgh Pirates,6.0,4.0,False,3|2|0|0|0|0|0|0|1,0|0|1|0|1|1|0|0|1,,,-130.0,110.0,0.0,9.0,espn,401472924,STL,PIT,regular,Zack Thompson,Luis Ortiz,,,,,,,,
2023,2023-08-23,Chicago Cubs,Detroit Tigers,6.0,4.0,False,0|1|2|1|0|0|0|1|1,0|0|0|0|0|4|0|0|0,,,105.0,-125.0,0.0,8.0,espn,401472913,CHC,DET,regular,Jameson Taillon,Tarik Skubal,,,,,,,,
2023,2023-08-23,Minnesota Twins,Milwaukee Brewers,7.0,8.0,False,1|0|2|2|0|1|0|0|0|1,2|0|1|0|0|2|1|0|0|2,,,120.0,-140.0,0.0,8.0,espn,401472918,MIN,MIL,regular,Kenta Maeda,Corbin Burnes,,,,,,,,
2023,2023-08-23,Seattle Mariners,Chicago White Sox,4.0,5.0,False,0|0|0|0|0|0|1|0|3|0,0|0|1|0|0|2|0|0|1|1,,,-240.0,200.0,0.0,9.5,espn,401472920,SEA,CHW,regular,George Kirby,Michael Kopech,,,,,,,,
2023,2023-08-23,Kansas City Royals,Oakland Athletics,4.0,0.0,False,0|0|1|2|1|0|0|0|0,0|0|0|0|0|0|0|0|0,,,-150.0,130.0,0.0,9.0,espn,401472916,KC,OAK,regular,Cole Ragans,Adrian Martinez,,,,,,,,
2023,2023-08-23,San Francisco Giants,Philadelphia Phillies,8.0,6.0,False,1|0|1|2|0|0|1|0|0|3,0|0|0|0|0|2|0|0|3|1,,,120.0,-140.0,0.0,9.0,espn,401472921,SF,PHI,regular,Alex Cobb,Michael Lorenzen,,,,,,,,
2023,2023-08-23,Cincinnati Reds,Los Angeles Angels,9.0,4.0,False,0|0|0|1|3|0|4|0|1,2|0|1|0|0|0|1|0|0,,,135.0,-155.0,0.0,8.5,espn,401472914,CIN,LAA,regular,Andrew Abbott,Shohei Ohtani,,,,,,,,
2023,2023-08-23,Miami Marlins,San Diego Padres,0.0,4.0,False,0|0|0|0|0|0|0|0|0,1|0|0|0|0|2|1|0,,,110.0,-130.0,0.0,7.5,espn,401472925,MIA,SD,regular,Sandy Alcantara,Seth Lugo,,,,,,,,
2023,2023-08-23,Colorado Rockies,Tampa Bay Rays,5.0,6.0,False,0|0|0|0|1|4|0|0|0|0,0|0|1|0|1|1|0|0|2|1,,,220.0,-270.0,0.0,8.0,espn,401472915,COL,TB,regular,Austin Gomber,Aaron Civale,,,,,,,,
2023,2023-08-23,Toronto Blue Jays,Baltimore Orioles,0.0,7.0,False,0|0|0|0|0|0|0|0|0,0|0|1|0|1|0|0|5,,,-135.0,115.0,0.0,8.0,espn,401472922,TOR,BAL,regular,Kevin Gausman,Dean Kremer,,,,,,,,
2023,2023-08-23,Washington Nationals,New York Yankees,1.0,9.0,False,0|0|0|0|0|0|0|0|1,1|5|0|0|0|0|3|0,,,130.0,-150.0,0.0,8.5,espn,401472923,WSH,NYY,regular,MacKenzie Gore,Luis Severino,,,,,,,,
2023,2023-08-23,Los Angeles Dodgers,Cleveland Guardians,6.0,1.0,False,3|0|0|1|0|0|0|2|0,1|0|0|0|0|0|0|0|0,,,-230.0,190.0,0.0,8.5,espn,401472917,LAD,CLE,regular,Clayton Kershaw,Xzavion Curry,,,,,,,,
2023,2023-08-23,New York Mets,Atlanta Braves,0.0,7.0,False,0|0|0|0|0|0|0|0|0,1|0|0|0|0|4|2|0,,,175.0,-210.0,0.0,10.0,espn,401472919,NYM,ATL,regular,Jose Quintana,Charlie Morton,,,,,,,,
2023,2023-08-23,Boston Red Sox,Houston Astros,7.0,5.0,False,0|0|2|0|2|0|0|0|0|3,1|2|1|0|0|0|0|0|0|1,,,-105.0,-115.0,0.0,8.5,espn,401472912,BOS,HOU,regular,Chris Sale,Jose Urquidy,,,,,,,,
2023,2023-08-23,Cincinnati Reds,Los Angeles Angels,7.0,3.0,False,0|0|1|3|0|0|0|3|0,0|1|0|0|2|0|0|0|0,,,130.0,-150.0,0.0,9.0,espn,401587414,CIN,LAA,regular,Lyon Richardson,Reid Detmers,,,,,,,,
2023,2023-08-24,Los Angeles Dodgers,Cleveland Guardians,6.0,1.0,False,3|0|0|1|0|0|0|2|0,1|0|0|0|0|0|0|0|0,,,-230.0,190.0,0.0,8.5,espn,401472917,LAD,CLE,regular,Clayton Kershaw,Xzavion Curry,,,,,,,,
2023,2023-08-24,Washington Nationals,New York Yankees,6.0,5.0,False,0|0|1|0|0|0|4|0|1,1|0|2|0|0|0|0|1|1,,,180.0,-220.0,0.0,9.0,espn,401472933,WSH,NYY,regular,Patrick Corbin,Michael King,,,,,,,,
2023,2023-08-24,Colorado Rockies,Tampa Bay Rays,3.0,5.0,False,0|0|0|0|3|0|0|0|0,0|1|0|1|0|1|0|2,,,225.0,-275.0,0.0,8.5,espn,401472928,COL,TB,regular,Peter Lambert,Shawn Armstrong,,,,,,,,
2023,2023-08-24,Boston Red Sox,Houston Astros,17.0,1.0,False,1|4|6|0|0|0|0|2|4,0|0|0|0|1|0|0|0|0,,,120.0,-140.0,0.0,9.0,espn,401472926,BOS,HOU,regular,Brayan Bello,J.P. France,,,,,,,,
2023,2023-08-24,Los Angeles Dodgers,Cleveland Guardians,9.0,3.0,False,0|0|2|1|4|0|1|0|1,0|2|0|0|0|0|0|1|0,,,-125.0,105.0,0.0,9.0,espn,401472929,LAD,CLE,regular,Caleb Ferguson,Gavin Williams,,,,,,,,
2023,2023-08-24,Toronto Blue Jays,Baltimore Orioles,3.0,5.0,False,0|0|0|2|0|1|0|0|0,0|0|0|2|3|0|0|0,,,-115.0,-105.0,0.0,9.0,espn,401472932,TOR,BAL,regular,Jose Berrios,Kyle Gibson,,,,,,,,
2023,2023-08-24,Chicago Cubs,Pittsburgh Pirates,5.0,4.0,False,1|2|0|0|0|0|0|0|0|2,0|1|2|0|0|0|0|0|0|1,,,-185.0,165.0,0.0,8.5,espn,401472934,CHC,PIT,regular,Justin Steele,Rob Zastryzny,,,,,,,,
2023,2023-08-24,Texas Rangers,Minnesota Twins,5.0,7.0,False,1|0|3|1|0|0|0|0|0,0|1|1|0|1|1|0|3,,,-105.0,-115.0,0.0,9.0,espn,401472931,TEX,MIN,regular,Andrew Heaney,Pablo Lopez,,,,,,,,
2023,2023-08-24,Oakland Athletics,Chicago White Sox,8.0,5.0,False,0|0|0|3|0|2|2|1|0,1|0|0|0|4|0|0|0|0,,,125.0,-145.0,0.0,10.0,espn,401472930,OAK,CHW,regular,Ken Waldichuk,Jesse Scholtens,,,,,,,,
2023,2023-08-24,Cincinnati Reds,Arizona Diamondbacks,2.0,3.0,False,0|0|0|0|0|0|0|2|0,0|0|0|0|0|0|1|2,,,150.0,-170.0,0.0,9.0,espn,401472927,CIN,ARI,regular,Brandon Williamson,Merrill Kelly,,,,,,,,
2023,2023-08-25,Houston Astros,Detroit Tigers,1.0,4.0,False,0|0|1|0|0|0|0|0|0,0|0|0|0|0|0|0|0|4,,,-175.0,155.0,0.0,9.0,espn,401472940,HOU,DET,regular,Framber Valdez,Matt Manning,,,,,,,,
2023,2023-08-25,New York Yankees,Tampa Bay Rays,6.0,2.0,False,0|0|0|0|1|1|3|1|0,0|0|0|0|0|1|0|1|0,,,115.0,-135.0,0.0,7.0,espn,401472943,NYY,TB,regular,Gerrit Cole,Zach Eflin,,,,,,,,
2023,2023-08-25,Washington Nationals,Miami Marlins,7.0,4.0,False,1|0|0|0|0|2|3|1|0,0|0|0|0|0|0|4|0|0,,,180.0,-220.0,0.0,8.5,espn,401472948,WSH,MIA,regular,Joan Adon,Braxton Garrett,,,,,,,,
2023,2023-08-25,Colorado Rockies,Baltimore Orioles,4.0,5.0,False,0|0|1|1|2|0|0|0|0,2|0|0|0|0|1|0|2,,,195.0,-235.0,0.0,9.0,espn,401472939,COL,BAL,regular,Kyle Freeland,Cole Irvin,,,,,,,,
2023,2023-08-25,St. Louis Cardinals,Philadelphia Phillies,2.0,7.0,False,2|0|0|0|0|0|0|0|0,0|3|1|0|0|1|2|0,,,120.0,-140.0,0.0,9.5,espn,401472946,STL,PHI,regular,Miles Mikolas,Cristopher Sanchez,,,,,,,,
2023,2023-08-25,Chicago Cubs,Pittsburgh Pirates,1.0,2.0,False,0|0|0|0|0|0|0|0|1,2|0|0|0|0|0|0|0,,,-120.0,100.0,0.0,9.0,espn,401472949,CHC,PIT,regular,Kyle Hendricks,Mitch Keller,,,,,,,,
2023,2023-08-25,Cleveland Guardians,Toronto Blue Jays,5.0,2.0,False,0|0|1|2|0|1|0|1|0,0|1|0|0|0|1|0|0|0,,,140.0,-160.0,0.0,8.5,espn,401472938,CLE,TOR,regular,Tanner Bibee,Chris Bassitt,,,,,,,,
2023,2023-08-25,Los Angeles Angels,New York Mets,3.0,1.0,False,0|0|2|0|0|0|0|0|1,0|0|1|0|0|0|0|0|0,,,115.0,-135.0,0.0,8.5,espn,401472935,LAA,NYM,regular,Patrick Sandoval,Kodai Senga,,,,,,,,
2023,2023-08-25,Los Angeles Dodgers,Boston Red Sox,7.0,4.0,False,0|0|0|0|0|3|3|0|1,1|2|0|0|0|0|1|0|0,,,-125.0,105.0,0.0,10.0,espn,401472942,LAD,BOS,regular,Lance Lynn,Kutter Crawford,,,,,,,,
2023,2023-08-25,Oakland Athletics,Chicago White Sox,12.0,4.0,False,0|5|0|1|3|1|2|0|0,0|2|1|0|1|0|0|0|0,,,165.0,-185.0,0.0,9.0,espn,401472944,OAK,CHW,regular,Zach Neal,Dylan Cease,,,,,,,,
2023,2023-08-25,San Diego Padres,Milwaukee Brewers,3.0,7.0,False,0|0|0|1|0|0|0|0|2,0|0|5|0|0|0|2|0,,,105.0,-125.0,0.0,8.0,espn,401472945,SD,MIL,regular,Yu Darvish,Brandon Woodruff,,,,,,,,
2023,2023-08-25,Texas Rangers,Minnesota Twins,2.0,12.0,False,0|1|0|0|0|0|0|1|0,4|0|0|0|0|0|6|2,,,105.0,-125.0,0.0,8.5,espn,401472947,TEX,MIN,regular,Dane Dunning,Sonny Gray,,,,,,,,
2023,2023-08-25,Cincinnati Reds,Arizona Diamondbacks,8.0,10.0,False,0|1|0|0|0|3|0|0|4,0|0|0|5|0|1|2|2,,,110.0,-130.0,0.0,9.0,espn,401472937,CIN,ARI,regular,Hunter Greene,Brandon Pfaadt,,,,,,,,
2023,2023-08-25,Kansas City Royals,Seattle Mariners,5.0,7.0,False,0|3|0|0|0|0|2|0|0,2|0|0|2|2|0|0|1,,,165.0,-185.0,0.0,8.0,espn,401472941,KC,SEA,regular,Brady Singer,Bryce Miller,,,,,,,,
2023,2023-08-25,Atlanta Braves,San Francisco Giants,5.0,1.0,False,1|0|0|2|0|2|0|0|0,0|0|0|0|0|0|1|0|0,,,-150.0,130.0,0.0,7.5,espn,401472936,ATL,SF,regular,Spencer Strider,Logan Webb,,,,,,,,
2023,2023-08-26,Cleveland Guardians,Toronto Blue Jays,3.0,8.0,False,1|0|0|0|1|1|0|0|0,3|0|0|2|0|0|3|0,,,160.0,-180.0,0.0,8.5,espn,401472953,CLE,TOR,regular,Logan Allen,Hyun Jin Ryu,,,,,,,,
2023,2023-08-26,Atlanta Braves,San Francisco Giants,7.0,3.0,False,1|0|1|0|1|1|0|3|0,0|0|2|0|0|0|0|0|1,,,-180.0,160.0,0.0,8.0,espn,401472951,ATL,SF,regular,Max Fried,Ryan Walker,,,,,,,,
2023,2023-08-26,Kansas City Royals,Seattle Mariners,2.0,15.0,False,0|0|0|0|1|0|0|1|0,0|0|7|1|3|1|2|1,,,215.0,-260.0,0.0,8.5,espn,401472956,KC,SEA,regular,Jordan Lyles,Logan Gilbert,,,,,,,,
2023,2023-08-26,Los Angeles Dodgers,Boston Red Sox,5.0,8.0,False,1|0|0|1|2|0|0|1|0,1|0|0|1|0|4|1|1,,,-130.0,110.0,0.0,10.0,espn,401472957,LAD,BOS,regular,Julio Urias,James Paxton,,,,,,,,
2023,2023-08-26,New York Yankees,Tampa Bay Rays,0.0,3.0,False,0|0|0|0|0|0|0|0|0,0|2|1|0|0|0|0|0,,,155.0,-175.0,0.0,7.0,espn,401472958,NYY,TB,regular,Clarke Schmidt,Tyler Glasnow,,,,,,,,
2023,2023-08-26,Washington Nationals,Miami Marlins,3.0,2.0,False,0|0|0|1|0|0|0|0|2,0|0|0|0|0|1|0|1|0,,,175.0,-210.0,0.0,8.0,espn,401472963,WSH,MIA,regular,Jake Irvin,Eury Perez,,,,,,,,
2023,2023-08-26,Houston Astros,Detroit Tigers,9.0,2.0,False,1|0|0|0|3|2|0|3|0,0|0|0|1|1|0|0|0|0,,,-150.0,130.0,0.0,9.0,espn,401472955,HOU,DET,regular,Hunter Brown,Eduardo Rodriguez,,,,,,,,
2023,2023-08-26,Colorado Rockies,Baltimore Orioles,4.0,5.0,False,0|0|2|0|0|0|0|2|0,0|0|0|0|1|3|1|0,,,250.0,-311.0,0.0,9.0,espn,401472954,COL,BAL,regular,Chris Flexen,Kyle Bradish,,,,,,,,
2023,2023-08-26,Los Angeles Angels,New York Mets,5.0,3.0,False,1|4|0|0|0|0|0|0|0,0|0|0|2|0|1|0|0|0,,,-115.0,-105.0,0.0,9.0,espn,401472950,LAA,NYM,regular,Chase Silseth,Carlos Carrasco,,,,,,,,
2023,2023-08-26,Oakland Athletics,Chicago White Sox,2.0,6.0,False,0|0|0|0|0|0|0|2|0,1|1|3|0|1|0|0|0,,,110.0,-130.0,0.0,9.5,espn,401472959,OAK,CHW,regular,JP Sears,Touki Toussaint,,,,,,,,
2023,2023-08-26,San Diego Padres,Milwaukee Brewers,4.0,5.0,False,0|1|0|0|0|1|0|2|0,0|0|0|0|5|0|0|0,,,125.0,-145.0,0.0,8.5,espn,401472960,SD,MIL,regular,Pedro Avila,Freddy Peralta,,,,,,,,
2023,2023-08-26,St. Louis Cardinals,Philadelphia Phillies,1.0,12.0,False,0|0|1|0|0|0|0|0|0,0|0|2|1|1|1|7|0,,,200.0,-240.0,0.0,8.5,espn,401472961,STL,PHI,regular,Dakota Hudson,Zack Wheeler,,,,,,,,
2023,2023-08-26,Texas Rangers,Minnesota Twins,6.0,2.0,False,0|1|0|0|0|1|0|0|4,0|0|1|0|0|1|0|0|0,,,-125.0,105.0,0.0,7.5,espn,401472962,TEX,MIN,regular,Max Scherzer,Joe Ryan,,,,,,,,
2023,2023-08-26,Chicago Cubs,Pittsburgh Pirates,10.0,6.0,False,0|0|3|0|5|0|0|0|2,1|0|0|0|0|0|5|0|0,,,-140.0,120.0,0.0,9.5,espn,401472964,CHC,PIT,regular,Jordan Wicks,Colin Selby,,,,,,,,
2023,2023-08-26,Cincinnati Reds,Arizona Diamondbacks,8.0,7.0,False,0|0|0|0|0|1|0|1|2|3|1,1|0|0|0|3|0|0|0|0|3|0,,,-105.0,-115.0,0.0,9.5,espn,401472952,CIN,ARI,regular,Fernando Cruz,Zach Davies,,,,,,,,
2023,2023-08-27,Los Angeles Angels,New York Mets,2.0,3.0,False,0|0|0|0|0|0|1|1|0,0|0|0|1|0|0|0|1|1,,,-105.0,-115.0,0.0,8.5,espn,401472965,LAA,NYM,regular,Griffin Canning,David Peterson,,,,,,,,
2023,2023-08-27,Colorado Rockies,Baltimore Orioles,4.0,3.0,False,0|0|0|1|1|1|0|0|1,0|0|0|0|1|0|0|2|0,,,210.0,-250.0,0.0,9.0,espn,401472969,COL,BAL,regular,Ty Blach,Jack Flaherty,,,,,,,,
2023,2023-08-27,Los Angeles Dodgers,Boston Red Sox,7.0,4.0,False,0|0|0|1|1|2|1|2|0,0|0|0|0|0|2|0|2|0,,,-115.0,-105.0,0.0,9.5,espn,401472972,LAD,BOS,regular,Caleb Ferguson,Tanner Houck,,,,,,,,
2023,2023-08-27,St. Louis Cardinals,Philadelphia Phillies,0.0,3.0,False,0|0|0|0|0|0|0|0|0,1|0|0|0|1|0|1|0,,,175.0,-210.0,0.0,9.0,espn,401472976,STL,PHI,regular,Drew Rom,Aaron Nola,,,,,,,,
2023,2023-08-27,Chicago Cubs,Pittsburgh Pirates,10.0,1.0,False,1|0|0|2|3|0|0|1|3,1|0|0|0|0|0|0|0|0,,,-135.0,115.0,0.0,9.0,espn,401472979,CHC,PIT,regular,Javier Assad,Bailey Falter,,,,,,,,
2023,2023-08-27,Cleveland Guardians,Toronto Blue Jays,10.0,7.0,False,0|0|2|2|0|0|0|2|0|0|4,2|0|0|1|0|2|0|1|0|0|1,,,195.0,-235.0,0.0,8.5,espn,401472968,CLE,TOR,regular,Noah Syndergaard,Yusei Kikuchi,,,,,,,,
2023,2023-08-27,Houston Astros,Detroit Tigers,17.0,4.0,False,0|0|2|1|0|0|4|7|3,0|0|0|0|0|0|0|3|1,,,-165.0,145.0,0.0,8.5,espn,401472970,HOU,DET,regular,Justin Verlander,Alex Faedo,,,,,,,,
2023,2023-08-27,New York Yankees,Tampa Bay Rays,4.0,7.0,False,0|0|2|2|0|0|0|0|0,2|0|0|0|0|4|0|1,,,120.0,-140.0,0.0,8.0,espn,401472973,NYY,TB,regular,Carlos Rodon,Zack Littell,,,,,,,,
2023,2023-08-27,Washington Nationals,Miami Marlins,1.0,2.0,False,0|0|1|0|0|0|0|0|0,0|0|2|0|0|0|0|0,,,170.0,-200.0,0.0,8.5,espn,401472978,WSH,MIA,regular,Trevor Williams,JT Chargois,,,,,,,,
2023,2023-08-27,Oakland Athletics,Chicago White Sox,1.0,6.0,False,0|0|0|0|0|1|0|0|0,1|0|2|0|0|1|2|0,,,-115.0,-105.0,0.0,8.5,espn,401472974,OAK,CHW,regular,Paul Blackburn,Mike Clevinger,,,,,,,,
2023,2023-08-27,San Diego Padres,Milwaukee Brewers,6.0,10.0,False,1|3|0|0|0|0|2|0|0,1|0|1|0|0|7|1|0,,,-115.0,-105.0,0.0,9.0,espn,401472975,SD,MIL,regular,Michael Wacha,Adrian Houser,,,,,,,,
2023,2023-08-27,Texas Rangers,Minnesota Twins,6.0,7.0,False,0|1|0|4|0|0|0|0|0|0|0|1|0,0|0|0|0|0|4|0|0|1|0|0|1|1,,,-125.0,105.0,0.0,8.5,espn,401472977,TEX,MIN,regular,Jordan Montgomery,Bailey Ober,,,,,,,,
2023,2023-08-27,Cincinnati Reds,Arizona Diamondbacks,2.0,5.0,False,0|0|0|0|0|1|1|0|0,0|0|1|0|0|0|1|3,,,105.0,-125.0,0.0,9.0,espn,401472967,CIN,ARI,regular,Graham Ashcraft,Slade Cecconi,,,,,,,,
2023,2023-08-27,Kansas City Royals,Seattle Mariners,2.0,3.0,False,0|0|0|0|0|0|0|2|0,0|1|0|0|2|0|0|0,,,260.0,-321.0,0.0,8.0,espn,401472971,KC,SEA,regular,Alec Marsh,Luis Castillo,,,,,,,,
2023,2023-08-27,Atlanta Braves,San Francisco Giants,5.0,8.0,False,0|0|0|0|3|2|0|0|0,1|1|0|0|4|2|0|0,,,-130.0,110.0,0.0,10.0,espn,401472966,ATL,SF,regular,Jared Shuster,Tristan Beck,,,,,,,,
2023,2023-08-28,Los Angeles Angels,Philadelphia Phillies,4.0,6.0,False,1|0|0|2|0|0|1|0|0,1|0|0|2|2|0|0|1,,,120.0,-140.0,0.0,9.5,espn,401472980,LAA,PHI,regular,Lucas Giolito,Taijuan Walker,,,,,,,,
2023,2023-08-28,New York Yankees,Detroit Tigers,4.0,1.0,False,0|0|0|0|1|0|2|1|0,0|0|0|0|0|0|0|0|1,,,-105.0,-115.0,0.0,8.5,espn,401472987,NYY,DET,regular,Luis Severino,Reese Olson,,,,,,,,
2023,2023-08-28,Chicago White Sox,Baltimore Orioles,0.0,9.0,False,0|0|0|0|0|0|0|0|0,0|0|2|2|0|0|0|5,,,215.0,-260.0,0.0,9.0,espn,401472982,CHW,BAL,regular,Michael Kopech,Grayson Rodriguez,,,,,,,,
2023,2023-08-28,Washington Nationals,Toronto Blue Jays,3.0,6.0,False,1|0|0|0|2|0|0|0|0,0|4|1|0|1|0|0|0,,,205.0,-245.0,0.0,8.0,espn,401472992,WSH,TOR,regular,Josiah Gray,Kevin Gausman,,,,,,,,
2023,2023-08-28,Houston Astros,Boston Red Sox,13.0,5.0,False,0|1|1|0|1|6|2|2|0,2|0|0|0|2|0|0|0|1,,,115.0,-135.0,0.0,10.0,espn,401472985,HOU,BOS,regular,Cristian Javier,Chris Sale,,,,,,,,
2023,2023-08-28,Texas Rangers,New York Mets,4.0,3.0,False,0|0|0|0|0|1|0|1|2,0|0|2|0|1|0|0|0|0,,,-130.0,110.0,0.0,9.0,espn,401472991,TEX,NYM,regular,Jon Gray,Tylor Megill,,,,,,,,
2023,2023-08-28,Cleveland Guardians,Minnesota Twins,6.0,10.0,False,0|4|1|1|0|0|0|0|0,0|6|1|3|0|0|0|0,,,155.0,-175.0,0.0,8.5,espn,401472984,CLE,MIN,regular,Xzavion Curry,Kenta Maeda,,,,,,,,
2023,2023-08-28,San Diego Padres,St. Louis Cardinals,4.0,1.0,False,0|0|0|0|0|1|1|0|2,0|0|0|0|0|0|0|1|0,,,-200.0,170.0,0.0,9.5,espn,401472990,SD,STL,regular,Blake Snell,Adam Wainwright,,,,,,,,
2023,2023-08-28,Milwaukee Brewers,Chicago Cubs,6.0,2.0,False,4|1|0|0|0|0|1|0|0,1|0|0|0|1|0|0|0|0,,,110.0,-130.0,0.0,9.0,espn,401472986,MIL,CHC,regular,Wade Miley,Jameson Taillon,,,,,,,,
2023,2023-08-28,Pittsburgh Pirates,Kansas City Royals,5.0,0.0,False,0|1|1|0|0|0|2|1|0,0|0|0|0|0|0|0|0|0,,,-105.0,-115.0,0.0,9.0,espn,401472989,PIT,KC,regular,Johan Oviedo,Zack Greinke,,,,,,,,
2023,2023-08-28,Atlanta Braves,Colorado Rockies,14.0,4.0,False,0|0|2|0|2|1|4|0|5,1|0|0|1|2|0|0|0|0,,,-235.0,195.0,0.0,12.5,espn,401472993,ATL,COL,regular,Bryce Elder,Austin Gomber,,,,,,,,
2023,2023-08-28,Oakland Athletics,Seattle Mariners,0.0,7.0,False,0|0|0|0|0|0|0|0|0,1|0|3|2|0|1|0|0,,,220.0,-270.0,0.0,8.0,espn,401472988,OAK,SEA,regular,Kyle Muller,Bryan Woo,,,,,,,,
2023,2023-08-28,Cincinnati Reds,San Francisco Giants,1.0,4.0,False,0|0|0|0|0|0|0|1|0,1|0|2|0|0|1|0|0,,,105.0,-125.0,0.0,7.5,espn,401472983,CIN,SF,regular,Andrew Abbott,Kyle Harrison,,,,,,,,
2023,2023-08-28,Arizona Diamondbacks,Los Angeles Dodgers,4.0,7.0,False,0|1|0|3|0|0|0|0|0,3|0|0|0|0|3|1|0,,,135.0,-155.0,0.0,8.0,espn,401472981,ARI,LAD,regular,Zac Gallen,Bobby Miller,,,,,,,,
2023,2023-08-29,Los Angeles Angels,Philadelphia Phillies,7.0,12.0,False,0|1|1|1|1|0|1|0|2,0|1|1|0|0|6|3|1,,,150.0,-170.0,0.0,9.5,espn,401472994,LAA,PHI,regular,Tyler Anderson,Michael Lorenzen,,,,,,,,
2023,2023-08-29,New York Yankees,Detroit Tigers,4.0,2.0,False,1|0|0|0|1|1|0|0|1,0|0|0|0|0|0|0|0|2,,,-110.0,-110.0,0.0,8.0,espn,401473001,NYY,DET,regular,Michael King,Tarik Skubal,,,,,,,,
2023,2023-08-29,Tampa Bay Rays,Miami Marlins,11.0,2.0,False,0|1|0|0|0|3|4|0|3,1|0|1|0|0|0|0|0|0,,,100.0,-120.0,0.0,7.5,espn,401473005,TB,MIA,regular,Aaron Civale,Sandy Alcantara,,,,,,,,
2023,2023-08-29,Chicago White Sox,Baltimore Orioles,3.0,9.0,False,0|0|1|0|0|0|0|0|2,0|0|0|0|1|0|3|5,,,210.0,-250.0,0.0,9.0,espn,401472996,CHW,BAL,regular,Jesse Scholtens,Dean Kremer,,,,,,,,
2023,2023-08-29,Washington Nationals,Toronto Blue Jays,5.0,4.0,False,0|2|0|0|3|0|0|0|0,0|0|1|0|0|0|1|1|1,,,160.0,-180.0,0.0,8.0,espn,401473007,WSH,TOR,regular,MacKenzie Gore,Jose Berrios,,,,,,,,
2023,2023-08-29,Houston Astros,Boston Red Sox,6.0,2.0,False,2|0|0|0|1|2|1|0|0,0|0|1|0|0|1|0|0|0,,,100.0,-120.0,0.0,10.5,espn,401472999,HOU,BOS,regular,J.P. France,Brayan Bello,,,,,,,,
2023,2023-08-29,Texas Rangers,New York Mets,2.0,1.0,False,0|0|0|0|0|0|1|0|1,0|0|0|0|0|0|0|0|1,,,-135.0,115.0,0.0,8.5,espn,401473006,TEX,NYM,regular,Andrew Heaney,Jose Quintana,,,,,,,,
2023,2023-08-29,Cleveland Guardians,Minnesota Twins,4.0,2.0,False,0|1|1|1|0|0|1|0|0,0|0|0|1|0|0|0|0|1,,,150.0,-170.0,0.0,7.5,espn,401472998,CLE,MIN,regular,Gavin Williams,Pablo Lopez,,,,,,,,
2023,2023-08-29,San Diego Padres,St. Louis Cardinals,5.0,6.0,False,1|0|0|2|0|1|0|1|0|0,0|0|1|1|0|1|0|2|0|1,,,-145.0,125.0,0.0,9.0,espn,401473004,SD,STL,regular,Seth Lugo,Zack Thompson,,,,,,,,
2023,2023-08-29,Milwaukee Brewers,Chicago Cubs,0.0,1.0,False,0|0|0|0|0|0|0|0|0,1|0|0|0|0|0|0|0,,,110.0,-130.0,0.0,6.5,espn,401473000,MIL,CHC,regular,Corbin Burnes,Justin Steele,,,,,,,,
2023,2023-08-29,Pittsburgh Pirates,Kansas City Royals,6.0,3.0,False,0|0|0|0|0|0|0|2|4,0|0|0|1|0|0|0|0|2,,,125.0,-145.0,0.0,8.5,espn,401473003,PIT,KC,regular,Colin Selby,Cole Ragans,,,,,,,,
2023,2023-08-29,Atlanta Braves,Colorado Rockies,3.0,1.0,False,0|2|0|0|1|0|0|0|0,0|1|0|0|0|0|0|0|0,,,-280.0,230.0,0.0,12.0,espn,401473008,ATL,COL,regular,Charlie Morton,Peter Lambert,,,,,,,,
2023,2023-08-29,Oakland Athletics,Seattle Mariners,3.0,1.0,False,1|2|0|0|0|0|0|0|0,0|0|0|1|0|0|0|0|0,,,200.0,-240.0,0.0,8.5,espn,401473002,OAK,SEA,regular,Ken Waldichuk,Luke Weaver,,,,,,,,
2023,2023-08-29,Cincinnati Reds,San Francisco Giants,1.0,6.0,False,0|0|0|0|0|0|0|0|1,0|2|3|0|0|0|0|1,,,135.0,-155.0,0.0,7.5,espn,401472997,CIN,SF,regular,Brandon Williamson,Alex Cobb,,,,,,,,
2023,2023-08-29,Arizona Diamondbacks,Los Angeles Dodgers,1.0,9.0,False,0|0|0|0|1|0|0|0|0,3|1|2|0|1|2|0|0,,,160.0,-180.0,0.0,7.5,espn,401472995,ARI,LAD,regular,Merrill Kelly,Clayton Kershaw,,,,,,,,
2023,2023-08-30,Los Angeles Angels,Philadelphia Phillies,10.0,8.0,False,0|2|0|0|3|0|0|2|3,0|2|0|0|1|3|0|2|0,,,155.0,-175.0,0.0,9.0,espn,401473009,LAA,PHI,regular,Reid Detmers,Cristopher Sanchez,,,,,,,,
2023,2023-08-30,Chicago White Sox,Baltimore Orioles,10.0,5.0,False,0|4|3|0|0|3|0|0|0,4|0|1|0|0|0|0|0|0,,,155.0,-175.0,0.0,8.5,espn,401473011,CHW,BAL,regular,Dylan Cease,Kyle Gibson,,,,,,,,
2023,2023-08-30,Cleveland Guardians,Minnesota Twins,5.0,2.0,False,0|0|0|0|0|0|0|1|1|3,0|0|0|0|2|0|0|0|0|0,,,130.0,-150.0,0.0,8.0,espn,401473013,CLE,MIN,regular,Tanner Bibee,Sonny Gray,,,,,,,,
2023,2023-08-30,San Diego Padres,St. Louis Cardinals,4.0,5.0,False,1|2|0|0|0|0|1|0|0,0|0|0|3|0|0|0|0|2,,,-110.0,-110.0,0.0,9.0,espn,401473019,SD,STL,regular,Rich Hill,Miles Mikolas,,,,,,,,
2023,2023-08-30,Milwaukee Brewers,Chicago Cubs,2.0,3.0,False,0|0|1|0|0|0|0|1|0,2|0|0|0|0|0|0|1,,,-120.0,100.0,0.0,7.0,espn,401473015,MIL,CHC,regular,Brandon Woodruff,Kyle Hendricks,,,,,,,,
2023,2023-08-30,Washington Nationals,Toronto Blue Jays,0.0,7.0,False,0|0|0|0|0|0|0|0|0,2|0|0|2|0|2|1|0,,,175.0,-210.0,0.0,9.0,espn,401473022,WSH,TOR,regular,Patrick Corbin,Chris Bassitt,,,,,,,,
2023,2023-08-30,Cincinnati Reds,San Francisco Giants,4.0,1.0,False,0|0|0|0|0|2|0|2|0,0|0|0|0|0|1|0|0|0,,,155.0,-175.0,0.0,7.5,espn,401473012,CIN,SF,regular,Hunter Greene,Logan Webb,,,,,,,,
2023,2023-08-30,Houston Astros,Boston Red Sox,7.0,4.0,False,0|3|3|1|0|0|0|0|0,0|0|0|0|0|4|0|0|0,,,-130.0,110.0,0.0,10.0,espn,401473014,HOU,BOS,regular,Framber Valdez,Kutter Crawford,,,,,,,,
2023,2023-08-30,Oakland Athletics,Seattle Mariners,4.0,5.0,False,0|3|0|0|0|0|1|0|0,0|0|3|0|0|0|2|0,,,225.0,-275.0,0.0,8.5,espn,401473017,OAK,SEA,regular,Zach Neal,Bryce Miller,,,,,,,,
2023,2023-08-30,New York Yankees,Detroit Tigers,6.0,2.0,False,2|1|1|2|0|0|0|0|0,0|0|1|0|0|1|0|0|0,,,-200.0,170.0,0.0,8.0,espn,401473016,NYY,DET,regular,Gerrit Cole,Brendan White,,,,,,,,
2023,2023-08-30,Tampa Bay Rays,Miami Marlins,3.0,0.0,False,0|0|0|0|0|0|0|0|0|3,0|0|0|0|0|0|0|0|0|0,,,-125.0,105.0,0.0,7.5,espn,401473020,TB,MIA,regular,Zach Eflin,Jesus Luzardo,,,,,,,,
2023,2023-08-30,Texas Rangers,New York Mets,5.0,6.0,False,0|0|0|1|0|1|0|3|0|0,0|3|0|0|0|0|0|2|0|1,,,-170.0,150.0,0.0,9.0,espn,401473021,TEX,NYM,regular,Dane Dunning,Denyi Reyes,,,,,,,,
2023,2023-08-30,Pittsburgh Pirates,Kansas City Royals,4.0,1.0,False,1|2|0|0|0|0|1|0|0,0|0|0|1|0|0|0|0|0,,,-125.0,105.0,0.0,9.5,espn,401473018,PIT,KC,regular,Andre Jackson,Angel Zerpa,,,,,,,,
2023,2023-08-30,Atlanta Braves,Colorado Rockies,7.0,3.0,False,0|0|1|2|0|4|0|0|0,0|0|1|0|0|1|1|0|0,,,-230.0,190.0,0.0,13.0,espn,401473023,ATL,COL,regular,Darius Vines,Kyle Freeland,,,,,,,,
2023,2023-08-30,Arizona Diamondbacks,Los Angeles Dodgers,0.0,7.0,False,0|0|0|0|0|0|0|0|0,0|0|4|2|0|1|0|0,,,150.0,-170.0,0.0,9.0,espn,401473010,ARI,LAD,regular,Brandon Pfaadt,Ryan Pepiot,,,,,,,,
2023,2023-08-31,New York Yankees,Detroit Tigers,3.0,4.0,False,0|0|0|0|0|0|0|0|3|0,0|0|0|0|3|0|0|0|0|1,,,-115.0,-105.0,0.0,8.0,espn,401473026,NYY,DET,regular,Clarke Schmidt,Matt Manning,,,,,,,,
2023,2023-08-31,Miami Marlins,Washington Nationals,6.0,1.0,False,1|0|0|1|3|0|0|0|1,0|0|0|0|1|0|0|0|0,,,-155.0,135.0,0.0,8.5,espn,401473025,MIA,WSH,regular,Braxton Garrett,Joan Adon,,,,,,,,
2023,2023-08-31,San Francisco Giants,San Diego Padres,7.0,2.0,False,0|0|6|0|1|0|0|0|0,0|0|0|0|0|0|0|1|1,,,115.0,-135.0,0.0,8.5,espn,401473027,SF,SD,regular,Jakob Junis,Pedro Avila,,,,,,,,
2023,2023-08-31,Atlanta Braves,Los Angeles Dodgers,8.0,7.0,False,0|6|0|0|1|1|0|0|0,1|0|0|0|3|0|2|1|0,,,-140.0,120.0,0.0,9.0,espn,401473024,ATL,LAD,regular,Spencer Strider,Lance Lynn,,,,,,,,
2023,2023-09-01,Chicago Cubs,Cincinnati Reds,6.0,2.0,False,0|0|0|1|0|2|0|1|2,0|0|0|1|0|0|0|0|1,,,-120.0,100.0,0.0,9.0,espn,401539393,CHC,CIN,regular,Jordan Wicks,Graham Ashcraft,,,,,,,,
2023,2023-09-01,Chicago Cubs,Cincinnati Reds,2.0,3.0,False,0|0|1|0|1|0|0|0|0,0|0|1|0|0|0|0|0|2,,,-125.0,105.0,0.0,10.0,espn,401473032,CHC,CIN,regular,Jose Cuas,Lyon Richardson,,,,,,,,
2023,2023-09-01,Miami Marlins,Washington Nationals,8.0,5.0,False,1|0|2|0|0|0|0|0|0|1|4,1|0|2|0|0|0|0|0|0|1|1,,,-165.0,145.0,0.0,8.0,espn,401473034,MIA,WSH,regular,Eury Perez,Jake Irvin,,,,,,,,
2023,2023-09-01,Seattle Mariners,New York Mets,1.0,2.0,False,0|0|0|1|0|0|0|0|0,0|0|0|0|0|1|0|1,,,-115.0,-105.0,0.0,7.5,espn,401473039,SEA,NYM,regular,Logan Gilbert,Kodai Senga,,,,,,,,
2023,2023-09-01,Tampa Bay Rays,Cleveland Guardians,2.0,3.0,False,1|1|0|0|0|0|0|0|0,0|0|1|0|0|0|2|0,,,-175.0,155.0,0.0,8.0,espn,401473040,TB,CLE,regular,Tyler Glasnow,Cal Quantrill,,,,,,,,
2023,2023-09-01,Minnesota Twins,Texas Rangers,5.0,1.0,False,0|0|0|0|0|0|3|2|0,0|0|0|1|0|0|0|0|0,,,130.0,-150.0,0.0,8.0,espn,401473035,MIN,TEX,regular,Joe Ryan,Max Scherzer,,,,,,,,
2023,2023-09-01,Boston Red Sox,Kansas City Royals,2.0,13.0,False,0|0|0|0|0|0|0|2|0,2|4|1|0|0|6|0|0,,,-200.0,170.0,0.0,9.5,espn,401473031,BOS,KC,regular,James Paxton,Jordan Lyles,,,,,,,,
2023,2023-09-01,Detroit Tigers,Chicago White Sox,4.0,2.0,False,0|0|0|0|2|1|0|1|0,0|0|1|0|0|0|0|1|0,,,-135.0,115.0,0.0,8.5,espn,401473033,DET,CHW,regular,Eduardo Rodriguez,Touki Toussaint,,,,,,,,
2023,2023-09-01,New York Yankees,Houston Astros,6.0,2.0,False,3|0|2|0|1|0|0|0|0,0|1|1|0|0|0|0|0|0,,,160.0,-180.0,0.0,8.5,espn,401473036,NYY,HOU,regular,Carlos Rodon,Justin Verlander,,,,,,,,
2023,2023-09-01,Philadelphia Phillies,Milwaukee Brewers,5.0,7.0,False,1|0|0|0|0|0|0|4|0,0|0|0|3|0|0|0|4,,,-120.0,100.0,0.0,7.5,espn,401473037,PHI,MIL,regular,Zack Wheeler,Freddy Peralta,,,,,,,,
2023,2023-09-01,Pittsburgh Pirates,St. Louis Cardinals,4.0,2.0,False,0|1|0|0|0|0|0|0|0|3,0|0|0|0|0|1|0|0|0|1,,,-110.0,-110.0,0.0,8.5,espn,401473038,PIT,STL,regular,Mitch Keller,Dakota Hudson,,,,,,,,
2023,2023-09-01,Toronto Blue Jays,Colorado Rockies,13.0,9.0,False,0|0|0|1|1|2|5|1|3,0|0|2|0|0|3|0|0|4,,,-200.0,170.0,0.0,12.0,espn,401473041,TOR,COL,regular,Hyun Jin Ryu,Chris Flexen,,,,,,,,
2023,2023-09-01,Los Angeles Angels,Oakland Athletics,2.0,9.0,False,0|0|0|0|0|0|0|1|1,0|0|0|5|0|0|1|3,,,-130.0,110.0,0.0,8.0,espn,401473028,LAA,OAK,regular,Patrick Sandoval,JP Sears,,,,,,,,
2023,2023-09-01,Baltimore Orioles,Arizona Diamondbacks,2.0,4.0,False,1|0|0|0|0|0|0|1|0,2|0|0|0|0|2|0|0,,,-125.0,105.0,0.0,9.5,espn,401473030,BAL,ARI,regular,Cole Irvin,Zach Davies,,,,,,,,
2023,2023-09-01,San Francisco Giants,San Diego Padres,3.0,7.0,False,1|0|0|1|0|0|0|0|1,3|1|2|0|0|1|0|0,,,115.0,-135.0,0.0,8.0,espn,401473042,SF,SD,regular,Tristan Beck,Michael Wacha,,,,,,,,
2023,2023-09-01,Atlanta Braves,Los Angeles Dodgers,6.0,3.0,False,0|1|1|1|2|0|0|1|0,0|0|0|0|0|0|0|3|0,,,-110.0,-110.0,0.0,8.5,espn,401473029,ATL,LAD,regular,Max Fried,Julio Urias,,,,,,,,
2023,2023-09-02,Miami Marlins,Washington Nationals,11.0,5.0,False,1|1|4|3|0|0|2|0|0,0|1|0|0|1|1|0|0|2,,,-130.0,110.0,0.0,9.5,espn,401473049,MIA,WSH,regular,Johnny Cueto,Trevor Williams,,,,,,,,
2023,2023-09-02,Los Angeles Angels,Oakland Athletics,1.0,2.0,False,1|0|0|0|0|0|0|0|0,0|0|0|2|0|0|0|0,,,-125.0,105.0,0.0,8.0,espn,401473043,LAA,OAK,regular,Griffin Canning,Paul Blackburn,,,,,,,,
2023,2023-09-02,Tampa Bay Rays,Cleveland Guardians,6.0,7.0,False,1|0|0|0|3|1|0|0|0|0|1,1|1|0|2|0|0|0|0|1|0|2,,,-120.0,100.0,0.0,8.5,espn,401473055,TB,CLE,regular,Zack Littell,Logan Allen,,,,,,,,
2023,2023-09-02,Chicago Cubs,Cincinnati Reds,1.0,2.0,False,0|0|0|0|0|0|1|0|0,0|0|0|0|0|0|0|0|2,,,-125.0,105.0,0.0,9.5,espn,401473047,CHC,CIN,regular,Javier Assad,Andrew Abbott,,,,,,,,
2023,2023-09-02,Boston Red Sox,Kansas City Royals,9.0,5.0,False,3|0|3|2|0|1|0|0|0,0|1|0|0|0|3|0|0|1,,,-170.0,150.0,0.0,10.0,espn,401473046,BOS,KC,regular,Tanner Houck,Alec Marsh,,,,,,,,
2023,2023-09-02,Detroit Tigers,Chicago White Sox,10.0,0.0,False,4|2|0|2|0|1|0|1|0,0|0|0|0|0|0|0|0|0,,,-105.0,-115.0,0.0,8.5,espn,401473048,DET,CHW,regular,Reese Olson,Mike Clevinger,,,,,,,,
2023,2023-09-02,New York Yankees,Houston Astros,5.0,4.0,False,0|2|1|0|2|0|0|0|0,0|2|0|2|0|0|0|0|0,,,160.0,-180.0,0.0,8.5,espn,401473051,NYY,HOU,regular,Luis Severino,Hunter Brown,,,,,,,,
2023,2023-09-02,Seattle Mariners,New York Mets,8.0,7.0,False,0|1|2|0|1|3|0|0|1,0|0|0|3|0|3|0|1|0,,,-150.0,130.0,0.0,8.0,espn,401473054,SEA,NYM,regular,Luis Castillo,David Peterson,,,,,,,,
2023,2023-09-02,Minnesota Twins,Texas Rangers,9.0,7.0,False,0|0|1|5|0|0|0|0|0|3,2|2|0|1|0|0|0|1|0|1,,,170.0,-200.0,0.0,9.0,espn,401473050,MIN,TEX,regular,Dallas Keuchel,Jordan Montgomery,,,,,,,,
2023,2023-09-02,Philadelphia Phillies,Milwaukee Brewers,5.0,7.0,False,1|1|0|0|0|1|0|1|1,0|3|0|0|4|0|0|0,,,-145.0,125.0,0.0,9.0,espn,401473052,PHI,MIL,regular,Aaron Nola,Colin Rea,,,,,,,,
2023,2023-09-02,Pittsburgh Pirates,St. Louis Cardinals,7.0,6.0,False,0|0|0|1|2|2|0|0|2,0|3|0|0|1|0|2|0|0,,,125.0,-145.0,0.0,9.5,espn,401473053,PIT,STL,regular,Thomas Hatch,Drew Rom,,,,,,,,
2023,2023-09-02,Baltimore Orioles,Arizona Diamondbacks,7.0,3.0,False,0|0|0|6|0|0|1|0|0,0|0|2|0|0|0|0|0|1,,,-130.0,110.0,0.0,9.0,espn,401473045,BAL,ARI,regular,Kyle Bradish,Slade Cecconi,,,,,,,,
2023,2023-09-02,Toronto Blue Jays,Colorado Rockies,7.0,8.0,False,4|1|0|0|0|0|0|0|2,0|2|0|2|4|0|0|0,,,-210.0,175.0,0.0,11.5,espn,401473056,TOR,COL,regular,Yusei Kikuchi,Ty Blach,,,,,,,,
2023,2023-09-02,San Francisco Giants,San Diego Padres,1.0,6.0,False,0|0|0|0|0|0|0|0|1,1|2|0|0|0|3|0|0,,,150.0,-170.0,0.0,7.5,espn,401473057,SF,SD,regular,Kyle Harrison,Blake Snell,,,,,,,,
2023,2023-09-02,Atlanta Braves,Los Angeles Dodgers,4.0,2.0,False,0|0|1|0|0|0|0|0|0|3,0|0|1|0|0|0|0|0|0|1,,,-120.0,100.0,0.0,10.0,espn,401473044,ATL,LAD,regular,Bryce Elder,Emmet Sheehan,,,,,,,,
2023,2023-09-03,Chicago Cubs,Cincinnati Reds,15.0,7.0,False,1|2|0|0|0|1|1|7|3,2|2|0|0|0|1|0|2|0,,,-150.0,130.0,0.0,10.0,espn,401473062,CHC,CIN,regular,Jameson Taillon,Carson Spiers,,,,,,,,
2023,2023-09-03,Philadelphia Phillies,Milwaukee Brewers,4.0,2.0,False,0|0|0|0|0|1|3|0|0,1|0|1|0|0|0|0|0|0,,,-115.0,-105.0,0.0,10.0,espn,401473067,PHI,MIL,regular,Ranger Suarez,Wade Miley,,,,,,,,
2023,2023-09-03,Miami Marlins,Washington Nationals,6.0,4.0,False,3|0|0|0|0|1|0|0|2,1|0|0|0|3|0|0|0|0,,,-185.0,165.0,0.0,9.0,espn,401473064,MIA,WSH,regular,Sandy Alcantara,Josiah Gray,,,,,,,,
2023,2023-09-03,Seattle Mariners,New York Mets,3.0,6.0,False,0|0|0|3|0|0|0|0|0,1|1|2|0|1|0|1|0,,,-155.0,135.0,0.0,9.0,espn,401473069,SEA,NYM,regular,George Kirby,Tylor Megill,,,,,,,,
2023,2023-09-03,Boston Red Sox,Kansas City Royals,7.0,3.0,False,0|0|0|3|0|1|2|0|1,0|0|0|0|0|1|0|0|2,,,-185.0,165.0,0.0,10.0,espn,401473061,BOS,KC,regular,Chris Sale,Taylor Clarke,,,,,,,,
2023,2023-09-03,Detroit Tigers,Chicago White Sox,3.0,2.0,False,0|2|0|0|0|0|1|0|0,2|0|0|0|0|0|0|0|0,,,-150.0,130.0,0.0,9.5,espn,401473063,DET,CHW,regular,Tarik Skubal,Michael Kopech,,,,,,,,
2023,2023-09-03,Pittsburgh Pirates,St. Louis Cardinals,4.0,6.0,False,0|1|0|2|0|0|0|1|0,0|2|1|2|0|0|1|0,,,120.0,-140.0,0.0,9.0,espn,401473068,PIT,STL,regular,Johan Oviedo,Zack Thompson,,,,,,,,
2023,2023-09-03,Minnesota Twins,Texas Rangers,5.0,6.0,False,0|0|0|0|3|0|1|1|0,3|0|0|0|0|1|1|0|1,,,120.0,-140.0,0.0,9.0,espn,401473065,MIN,TEX,regular,Kenta Maeda,Jon Gray,,,,,,,,
2023,2023-09-03,Toronto Blue Jays,Colorado Rockies,7.0,5.0,False,0|0|1|1|3|0|0|0|2,0|0|2|1|2|0|0|0|0,,,-250.0,210.0,0.0,11.5,espn,401473071,TOR,COL,regular,Kevin Gausman,Chase Anderson,,,,,,,,
2023,2023-09-03,Los Angeles Angels,Oakland Athletics,6.0,10.0,False,0|0|0|3|0|0|1|0|2,0|0|0|0|0|4|6|0,,,-135.0,115.0,0.0,9.0,espn,401473058,LAA,OAK,regular,Tyler Anderson,Kyle Muller,,,,,,,,
2023,2023-09-03,Atlanta Braves,Los Angeles Dodgers,1.0,3.0,False,0|0|0|0|0|0|1|0|0,0|0|0|0|2|0|0|1,,,-105.0,-115.0,0.0,9.0,espn,401473059,ATL,LAD,regular,Charlie Morton,Bobby Miller,,,,,,,,
2023,2023-09-03,Baltimore Orioles,Arizona Diamondbacks,8.0,5.0,False,2|2|0|0|0|4|0|0|0,1|0|1|0|2|0|0|0|1,,,125.0,-145.0,0.0,8.5,espn,401473060,BAL,ARI,regular,Jack Flaherty,Zac Gallen,,,,,,,,
2023,2023-09-03,Tampa Bay Rays,Cleveland Guardians,6.0,2.0,False,0|0|2|0|0|0|0|1|3,0|0|1|0|1|0|0|0|0,,,-150.0,130.0,0.0,9.5,espn,401473070,TB,CLE,regular,Taj Bradley,Xzavion Curry,,,,,,,,
2023,2023-09-03,San Francisco Giants,San Diego Padres,0.0,4.0,False,0|0|0|0|0|0|0|0|0,3|0|1|0|0|0|0|0,,,115.0,-135.0,0.0,7.5,espn,401473072,SF,SD,regular,Alex Cobb,Seth Lugo,,,,,,,,
2023,2023-09-03,New York Yankees,Houston Astros,6.0,1.0,False,0|0|0|0|0|3|0|0|3,1|0|0|0|0|0|0|0|0,,,120.0,-140.0,0.0,8.5,espn,401473066,NYY,HOU,regular,Michael King,Cristian Javier,,,,,,,,
2023,2023-09-04,Chicago White Sox,Kansas City Royals,1.0,12.0,False,0|0|0|0|0|0|0|1|0,1|1|1|2|7|0|0|0,,,145.0,-165.0,0.0,10.0,espn,401473114,CHW,KC,regular,Jesse Scholtens,Cole Ragans,,,,,,,,
2023,2023-09-04,San Francisco Giants,Chicago Cubs,0.0,5.0,False,0|0|0|0|0|0|0|0|0,0|1|0|0|0|0|2|2,,,105.0,-125.0,0.0,8.5,espn,401473079,SF,CHC,regular,Logan Webb,Justin Steele,,,,,,,,
2023,2023-09-04,Houston Astros,Texas Rangers,13.0,6.0,False,0|0|0|0|3|2|6|0|2,2|0|1|0|1|1|0|0|1,,,-105.0,-115.0,0.0,9.5,espn,401473076,HOU,TEX,regular,J.P. France,Andrew Heaney,,,,,,,,
2023,2023-09-04,Toronto Blue Jays,Oakland Athletics,6.0,5.0,False,0|0|0|0|3|0|0|0|0|3,0|0|0|0|1|1|1|0|0|2,,,-185.0,165.0,0.0,8.5,espn,401473080,TOR,OAK,regular,Jose Berrios,Luis Medina,,,,,,,,
2023,2023-09-04,Boston Red Sox,Tampa Bay Rays,7.0,3.0,False,0|0|0|1|0|3|0|3|0,3|0|0|0|0|0|0|0|0,,,105.0,-125.0,0.0,8.0,espn,401473074,BOS,TB,regular,Brayan Bello,Aaron Civale,,,,,,,,
2023,2023-09-04,Colorado Rockies,Arizona Diamondbacks,2.0,4.0,False,0|0|0|0|1|0|0|0|1,0|0|1|3|0|0|0|0,,,200.0,-240.0,0.0,8.0,espn,401473075,COL,ARI,regular,Peter Lambert,Merrill Kelly,,,,,,,,
2023,2023-09-04,Seattle Mariners,Cincinnati Reds,3.0,6.0,False,0|0|0|1|1|0|0|0|1,2|3|0|0|0|0|1|0,,,-150.0,130.0,0.0,10.5,espn,401473078,SEA,CIN,regular,Bryan Woo,Tejay Antone,,,,,,,,
2023,2023-09-04,Minnesota Twins,Cleveland Guardians,20.0,6.0,False,1|5|3|0|0|4|5|0|2,0|0|1|0|0|0|2|0|3,,,-110.0,-110.0,0.0,8.0,espn,401473077,MIN,CLE,regular,Pablo Lopez,Lucas Giolito,,,,,,,,
2023,2023-09-04,Milwaukee Brewers,Pittsburgh Pirates,2.0,4.0,False,0|2|0|0|0|0|0|0|0,0|0|0|2|2|0|0|0,,,-185.0,165.0,0.0,8.5,espn,401473081,MIL,PIT,regular,Corbin Burnes,Luis Ortiz,,,,,,,,
2023,2023-09-04,Philadelphia Phillies,San Diego Padres,9.0,7.0,False,3|3|2|0|1|0|0|0|0,1|0|0|3|0|1|2|0|0,,,100.0,-120.0,0.0,9.0,espn,401473082,PHI,SD,regular,Taijuan Walker,Rich Hill,,,,,,,,
2023,2023-09-04,Baltimore Orioles,Los Angeles Angels,6.0,3.0,False,0|0|3|0|0|0|3|0|0,0|1|0|1|0|0|0|1|0,,,-180.0,160.0,0.0,8.5,espn,401473073,BAL,LAA,regular,Grayson Rodriguez,Kenny Rosenberg,,,,,,,,
2023,2023-09-05,Minnesota Twins,Cleveland Guardians,8.0,3.0,False,2|0|0|0|0|1|0|5|0,0|0|2|0|1|0|0|0|0,,,-120.0,100.0,0.0,8.0,espn,401473090,MIN,CLE,regular,Sonny Gray,Tanner Bibee,,,,,,,,
2023,2023-09-05,Milwaukee Brewers,Pittsburgh Pirates,7.0,3.0,False,0|0|0|1|6|0|0|0|0,0|0|0|0|0|0|0|0|3,,,-175.0,155.0,0.0,8.5,espn,401473096,MIL,PIT,regular,Brandon Woodruff,Andre Jackson,,,,,,,,
2023,2023-09-05,Boston Red Sox,Tampa Bay Rays,6.0,8.0,False,0|0|2|0|0|1|2|0|0|0|1,0|3|0|2|0|0|0|0|0|0|3,,,140.0,-160.0,0.0,8.0,espn,401473084,BOS,TB,regular,Kutter Crawford,Zach Eflin,,,,,,,,
2023,2023-09-05,Los Angeles Dodgers,Miami Marlins,3.0,6.0,False,0|0|2|0|0|0|1|0|0,0|0|0|1|2|0|0|3,,,-140.0,120.0,0.0,7.5,espn,401473089,LAD,MIA,regular,Clayton Kershaw,Jesus Luzardo,,,,,,,,
2023,2023-09-05,Seattle Mariners,Cincinnati Reds,6.0,7.0,False,2|0|0|0|3|0|1|0|0,0|0|1|0|0|2|0|3|1,,,-150.0,130.0,0.0,10.5,espn,401473092,SEA,CIN,regular,Bryce Miller,Connor Phillips,,,,,,,,
2023,2023-09-05,Detroit Tigers,New York Yankees,1.0,5.0,False,0|0|0|0|0|1|0|0|0,1|0|0|0|0|2|0|2,,,215.0,-260.0,0.0,8.0,espn,401473087,DET,NYY,regular,Alex Faedo,Gerrit Cole,,,,,,,,
2023,2023-09-05,New York Mets,Washington Nationals,11.0,5.0,False,4|0|3|1|1|0|0|1|1,1|0|0|0|0|0|0|4|0,,,-135.0,115.0,0.0,9.0,espn,401473091,NYM,WSH,regular,Jose Quintana,Patrick Corbin,,,,,,,,
2023,2023-09-05,St. Louis Cardinals,Atlanta Braves,10.0,6.0,False,0|3|2|1|0|3|0|0|1,1|0|0|0|0|2|0|3|0,,,170.0,-200.0,0.0,10.5,espn,401473094,STL,ATL,regular,Miles Mikolas,Michael Soroka,,,,,,,,
2023,2023-09-05,Chicago White Sox,Kansas City Royals,6.0,7.0,False,0|5|1|0|0|0|0|0|0,0|0|1|2|1|1|0|0|2,,,115.0,-135.0,0.0,9.5,espn,401473085,CHW,KC,regular,Dylan Cease,Brady Singer,,,,,,,,
2023,2023-09-05,San Francisco Giants,Chicago Cubs,8.0,11.0,False,1|1|1|0|0|3|0|1|1,0|0|4|0|0|0|6|1,,,105.0,-125.0,0.0,10.5,espn,401473093,SF,CHC,regular,Ryan Walker,Kyle Hendricks,,,,,,,,
2023,2023-09-05,Houston Astros,Texas Rangers,14.0,1.0,False,3|3|3|0|0|0|5|0|0,0|0|0|0|1|0|0|0|0,,,-105.0,-115.0,0.0,9.0,espn,401473088,HOU,TEX,regular,Framber Valdez,Nathan Eovaldi,,,,,,,,
2023,2023-09-05,Baltimore Orioles,Los Angeles Angels,5.0,4.0,False,0|0|2|0|0|0|0|0|2|1,0|0|0|0|0|0|2|1|1|0,,,-180.0,160.0,0.0,8.5,espn,401473083,BAL,LAA,regular,Dean Kremer,Reid Detmers,,,,,,,,
2023,2023-09-05,Colorado Rockies,Arizona Diamondbacks,3.0,2.0,False,1|0|1|1|0|0|0|0|0,1|0|0|1|0|0|0|0|0,,,180.0,-220.0,0.0,9.0,espn,401473086,COL,ARI,regular,Kyle Freeland,Brandon Pfaadt,,,,,,,,
2023,2023-09-05,Toronto Blue Jays,Oakland Athletics,7.0,1.0,False,0|0|0|0|0|0|6|1|0,0|0|0|0|0|0|1|0|0,,,-185.0,165.0,0.0,7.5,espn,401473095,TOR,OAK,regular,Chris Bassitt,Ken Waldichuk,,,,,,,,
2023,2023-09-05,Philadelphia Phillies,San Diego Padres,0.0,8.0,False,0|0|0|0|0|0|0|0|0,0|0|0|3|0|4|0|1,,,110.0,-130.0,0.0,9.0,espn,401473097,PHI,SD,regular,Michael Lorenzen,Pedro Avila,,,,,,,,
2023,2023-09-06,Milwaukee Brewers,Pittsburgh Pirates,4.0,5.0,False,3|0|0|0|0|0|0|1|0,1|0|0|0|0|2|2|0,,,-185.0,165.0,0.0,8.5,espn,401473111,MIL,PIT,regular,Freddy Peralta,Colin Selby,,,,,,,,
2023,2023-09-06,Minnesota Twins,Cleveland Guardians,1.0,2.0,False,0|0|0|0|1|0|0|0|0,0|1|0|1|0|0|0|0,,,-130.0,110.0,0.0,8.0,espn,401473105,MIN,CLE,regular,Joe Ryan,Gavin Williams,,,,,,,,
2023,2023-09-06,San Francisco Giants,Chicago Cubs,2.0,8.0,False,0|0|0|0|0|0|2|0|0,3|0|2|1|0|1|1|0,,,125.0,-145.0,0.0,11.0,espn,401473108,SF,CHC,regular,Alex Wood,Jordan Wicks,,,,,,,,
2023,2023-09-06,Toronto Blue Jays,Oakland Athletics,2.0,5.0,False,0|1|0|0|0|0|0|1|0,0|0|0|2|0|3|0|0,,,-170.0,150.0,0.0,7.5,espn,401473110,TOR,OAK,regular,Hyun Jin Ryu,JP Sears,,,,,,,,
2023,2023-09-06,Colorado Rockies,Arizona Diamondbacks,5.0,12.0,False,4|0|1|0|0|0|0|0|0,1|0|5|3|1|1|0|1,,,175.0,-210.0,0.0,9.0,espn,401473101,COL,ARI,regular,Chris Flexen,Zach Davies,,,,,,,,
2023,2023-09-06,Philadelphia Phillies,San Diego Padres,5.0,1.0,False,1|0|0|2|2|0|0|0|0,0|0|0|0|0|0|0|0|1,,,-125.0,105.0,0.0,7.5,espn,401473112,PHI,SD,regular,Zack Wheeler,Michael Wacha,,,,,,,,
2023,2023-09-06,Boston Red Sox,Tampa Bay Rays,1.0,3.0,False,0|0|1|0|0|0|0|0|0,0|0|1|1|1|0|0|0,,,145.0,-165.0,0.0,8.0,espn,401473099,BOS,TB,regular,Nick Pivetta,Tyler Glasnow,,,,,,,,
2023,2023-09-06,Los Angeles Dodgers,Miami Marlins,4.0,11.0,False,0|0|0|1|0|0|0|0|3,0|0|0|0|9|0|2|0,,,-145.0,125.0,0.0,9.0,espn,401473104,LAD,MIA,regular,Lance Lynn,JT Chargois,,,,,,,,
2023,2023-09-06,Seattle Mariners,Cincinnati Reds,8.0,4.0,False,0|2|0|5|0|0|1|0|0,1|0|0|0|1|1|0|0|1,,,-170.0,150.0,0.0,9.5,espn,401473107,SEA,CIN,regular,Logan Gilbert,Lyon Richardson,,,,,,,,
2023,2023-09-06,Detroit Tigers,New York Yankees,3.0,4.0,False,1|0|0|0|0|0|2|0|0,0|1|2|1|0|0|0|0,,,145.0,-165.0,0.0,9.0,espn,401473102,DET,NYY,regular,Matt Manning,Clarke Schmidt,,,,,,,,
2023,2023-09-06,New York Mets,Washington Nationals,2.0,3.0,False,1|0|0|0|1|0|0|0|0,0|0|0|0|0|0|2|0|1,,,-130.0,110.0,0.0,11.0,espn,401473106,NYM,WSH,regular,Jose Butto,Joan Adon,,,,,,,,
2023,2023-09-06,St. Louis Cardinals,Atlanta Braves,11.0,6.0,False,4|0|2|0|0|1|1|3|0,0|0|0|2|0|3|1|0|0,,,275.0,-351.0,0.0,9.0,espn,401473109,STL,ATL,regular,Dakota Hudson,Spencer Strider,,,,,,,,
2023,2023-09-06,Chicago White Sox,Kansas City Royals,6.0,4.0,False,0|0|0|1|0|3|1|0|1,0|0|0|2|0|0|0|2|0,,,100.0,-120.0,0.0,10.0,espn,401473100,CHW,KC,regular,Touki Toussaint,Jordan Lyles,,,,,,,,
2023,2023-09-06,Houston Astros,Texas Rangers,12.0,3.0,False,2|1|4|0|1|0|0|0|4,1|0|0|0|1|0|0|1|0,,,115.0,-135.0,0.0,8.5,espn,401473103,HOU,TEX,regular,Justin Verlander,Max Scherzer,,,,,,,,
2023,2023-09-06,Baltimore Orioles,Los Angeles Angels,10.0,3.0,False,0|1|4|0|0|2|0|3|0,0|0|2|0|0|1|0|0|0,,,-155.0,135.0,0.0,8.5,espn,401473098,BAL,LAA,regular,Kyle Gibson,Patrick Sandoval,,,,,,,,
2023,2023-09-07,Los Angeles Dodgers,Miami Marlins,10.0,0.0,False,0|0|1|0|2|4|0|3|0,0|0|0|0|0|0|0|0|0,,,-125.0,105.0,0.0,8.0,espn,401473117,LAD,MIA,regular,Ryan Pepiot,Braxton Garrett,,,,,,,,
2023,2023-09-07,Seattle Mariners,Tampa Bay Rays,1.0,0.0,False,0|1|0|0|0|0|0|0|0,0|0|0|0|0|0|0|0|0,,,-125.0,105.0,0.0,8.5,espn,401473118,SEA,TB,regular,Luis Castillo,Zack Littell,,,,,,,,
2023,2023-09-07,Detroit Tigers,New York Yankees,10.0,3.0,False,2|0|2|4|0|0|0|2|0,0|1|0|2|0|0|0|0|0,,,145.0,-165.0,0.0,8.5,espn,401473116,DET,NYY,regular,Eduardo Rodriguez,Carlos Rodon,,,,,,,,
2023,2023-09-07,St. Louis Cardinals,Atlanta Braves,5.0,8.0,False,0|3|0|0|0|0|0|0|2,3|0|0|0|1|2|2|0,,,270.0,-340.0,0.0,10.5,espn,401473119,STL,ATL,regular,Adam Wainwright,Max Fried,,,,,,,,
2023,2023-09-07,Arizona Diamondbacks,Chicago Cubs,6.0,2.0,False,1|0|2|0|0|0|0|2|1,0|0|0|0|1|0|0|0|1,,,145.0,-165.0,0.0,8.5,espn,401473113,ARI,CHC,regular,Ryne Nelson,Javier Assad,,,,,,,,
2023,2023-09-07,Cleveland Guardians,Los Angeles Angels,2.0,3.0,False,0|0|0|0|0|0|2|0|0,0|0|0|0|0|0|1|0|2,,,-130.0,110.0,0.0,8.5,espn,401473115,CLE,LAA,regular,Cal Quantrill,Jhonathan Diaz,,,,,,,,
2023,2023-09-08,Arizona Diamondbacks,Chicago Cubs,1.0,0.0,False,0|0|0|0|0|0|0|1|0,0|0|0|0|0|0|0|0|0,,,-120.0,100.0,0.0,7.0,espn,401473120,ARI,CHC,regular,Zac Gallen,Jameson Taillon,,,,,,,,
2023,2023-09-08,Chicago White Sox,Detroit Tigers,6.0,0.0,False,0|0|0|0|0|0|2|4|0,0|0|0|0|0|0|0|0|0,,,120.0,-140.0,0.0,8.5,espn,401473122,CHW,DET,regular,Mike Clevinger,Reese Olson,,,,,,,,
2023,2023-09-08,Seattle Mariners,Tampa Bay Rays,4.0,7.0,False,0|2|1|0|1|0|0|0|0,2|0|0|0|0|0|4|1,,,-115.0,-105.0,0.0,8.0,espn,401473133,SEA,TB,regular,George Kirby,Taj Bradley,,,,,,,,
2023,2023-09-08,St. Louis Cardinals,Cincinnati Reds,9.0,4.0,False,3|0|3|0|0|0|2|1|0,0|0|3|1|0|0|0|0|0,,,105.0,-125.0,0.0,10.0,espn,401473134,STL,CIN,regular,Drew Rom,Andrew Abbott,,,,,,,,
2023,2023-09-08,Los Angeles Dodgers,Washington Nationals,8.0,5.0,False,2|0|0|2|0|4|0|0|0,3|0|0|0|2|0|0|0|0,,,-150.0,130.0,0.0,9.5,espn,401473126,LAD,WSH,regular,Emmet Sheehan,MacKenzie Gore,,,,,,,,
2023,2023-09-08,Miami Marlins,Philadelphia Phillies,3.0,2.0,False,0|0|0|0|0|2|1|0|0,1|0|1|0|0|0|0|0|0,,,115.0,-135.0,0.0,9.0,espn,401473127,MIA,PHI,regular,Eury Perez,Cristopher Sanchez,,,,,,,,
2023,2023-09-08,Milwaukee Brewers,New York Yankees,8.0,2.0,False,0|0|0|2|0|0|3|3|0,0|0|2|0|0|0|0|0|0,,,-110.0,-110.0,0.0,9.0,espn,401473128,MIL,NYY,regular,Colin Rea,Luis Severino,,,,,,,,
2023,2023-09-08,Kansas City Royals,Toronto Blue Jays,4.0,5.0,False,0|0|1|0|0|0|1|1|1,0|0|0|0|0|1|4|0,,,220.0,-270.0,0.0,9.0,espn,401473125,KC,TOR,regular,Collin Snider,Yusei Kikuchi,,,,,,,,
2023,2023-09-08,Baltimore Orioles,Boston Red Sox,11.0,2.0,False,0|0|0|1|0|4|0|2|4,0|0|0|0|0|2|0|0|0,,,-120.0,100.0,0.0,10.5,espn,401473121,BAL,BOS,regular,Kyle Bradish,Tanner Houck,,,,,,,,
2023,2023-09-08,Pittsburgh Pirates,Atlanta Braves,2.0,8.0,False,0|0|0|0|0|2|0|0|0,0|0|4|3|1|0|0|0,,,170.0,-200.0,0.0,9.5,espn,401473131,PIT,ATL,regular,Mitch Keller,Bryce Elder,,,,,,,,
2023,2023-09-08,Oakland Athletics,Texas Rangers,6.0,3.0,False,1|1|0|0|1|2|1|0|0,2|0|0|1|0|0|0|0|0,,,210.0,-250.0,0.0,8.5,espn,401473130,OAK,TEX,regular,Paul Blackburn,Jordan Montgomery,,,,,,,,
2023,2023-09-08,New York Mets,Minnesota Twins,2.0,5.0,False,0|0|0|2|0|0|0|0|0,1|0|0|1|0|0|3|0,,,-120.0,100.0,0.0,8.5,espn,401473129,NYM,MIN,regular,Kodai Senga,Dallas Keuchel,,,,,,,,
2023,2023-09-08,San Diego Padres,Houston Astros,11.0,2.0,False,0|4|1|0|1|0|2|3|0,1|0|0|0|0|1|0|0|0,,,120.0,-140.0,0.0,8.5,espn,401473132,SD,HOU,regular,Blake Snell,Hunter Brown,,,,,,,,
2023,2023-09-08,Cleveland Guardians,Los Angeles Angels,6.0,3.0,False,0|0|1|1|0|2|0|2|0,0|0|0|1|0|2|0|0|0,,,-130.0,110.0,0.0,8.0,espn,401473123,CLE,LAA,regular,Logan Allen,Griffin Canning,,,,,,,,
2023,2023-09-08,Colorado Rockies,San Francisco Giants,8.0,9.0,False,0|3|0|0|0|1|3|0|1,0|0|0|0|0|4|2|3,,,185.0,-225.0,0.0,8.0,espn,401473124,COL,SF,regular,Ty Blach,Kyle Harrison,,,,,,,,
2023,2023-09-09,Milwaukee Brewers,New York Yankees,9.0,2.0,False,0|0|0|2|0|0|0|3|4,0|0|0|2|0|0|0|0|0,,,125.0,-145.0,0.0,8.5,espn,401473143,MIL,NYY,regular,Wade Miley,Michael King,,,,,,,,
2023,2023-09-09,New York Mets,Minnesota Twins,4.0,8.0,False,2|0|0|0|0|0|0|2|0,0|2|1|0|0|0|4|1,,,125.0,-145.0,0.0,9.0,espn,401473144,NYM,MIN,regular,David Peterson,Kenta Maeda,,,,,,,,
2023,2023-09-09,Arizona Diamondbacks,Chicago Cubs,3.0,2.0,False,0|0|0|0|1|0|0|0|0|2,0|0|1|0|0|0|0|0|0|1,,,125.0,-145.0,0.0,7.0,espn,401473135,ARI,CHC,regular,Merrill Kelly,Justin Steele,,,,,,,,
2023,2023-09-09,Kansas City Royals,Toronto Blue Jays,1.0,5.0,False,0|0|0|0|1|0|0|0|0,0|0|0|1|2|1|1|0,,,260.0,-321.0,0.0,8.0,espn,401473140,KC,TOR,regular,James McArthur,Kevin Gausman,,,,,,,,
2023,2023-09-09,Los Angeles Dodgers,Washington Nationals,6.0,7.0,False,1|0|0|0|0|0|1|2|1|1|0,1|0|0|0|2|0|2|0|0|1|1,,,-225.0,185.0,0.0,9.5,espn,401473141,LAD,WSH,regular,Bobby Miller,Jake Irvin,,,,,,,,
2023,2023-09-09,Seattle Mariners,Tampa Bay Rays,5.0,7.0,False,3|1|0|0|0|0|0|1|0,1|0|0|0|2|0|2|0|2,,,135.0,-155.0,0.0,9.0,espn,401473148,SEA,TB,regular,Trent Thornton,Aaron Civale,,,,,,,,
2023,2023-09-09,Baltimore Orioles,Boston Red Sox,13.0,12.0,False,0|1|4|2|0|2|3|0|1,2|0|0|4|0|0|3|0|3,,,120.0,-140.0,0.0,10.0,espn,401473136,BAL,BOS,regular,Jack Flaherty,Chris Sale,,,,,,,,
2023,2023-09-09,Miami Marlins,Philadelphia Phillies,4.0,8.0,False,0|0|0|0|4|0|0|0|0,0|5|0|0|3|0|0|0,,,165.0,-185.0,0.0,9.0,espn,401473142,MIA,PHI,regular,Johnny Cueto,Aaron Nola,,,,,,,,
2023,2023-09-09,Chicago White Sox,Detroit Tigers,1.0,3.0,False,0|0|0|0|0|0|0|1|0,0|1|0|0|0|1|1|0,,,165.0,-185.0,0.0,9.0,espn,401473137,CHW,DET,regular,Jose Urena,Tarik Skubal,,,,,,,,
2023,2023-09-09,St. Louis Cardinals,Cincinnati Reds,4.0,3.0,False,1|0|2|1|0|0|0|0|0,0|3|0|0|0|0|0|0|0,,,-120.0,100.0,0.0,10.5,espn,401473149,STL,CIN,regular,Zack Thompson,Carson Spiers,,,,,,,,
2023,2023-09-09,Oakland Athletics,Texas Rangers,2.0,3.0,False,0|0|0|0|0|0|2|0|0,0|0|0|0|0|2|1|0,,,200.0,-240.0,0.0,9.5,espn,401473145,OAK,TEX,regular,Sean Newcomb,Nathan Eovaldi,,,,,,,,
2023,2023-09-09,San Diego Padres,Houston Astros,5.0,7.0,False,0|0|0|4|0|1|0|0|0,0|0|1|1|5|0|0|0,,,100.0,-120.0,0.0,9.0,espn,401473147,SD,HOU,regular,Seth Lugo,Cristian Javier,,,,,,,,
2023,2023-09-09,Pittsburgh Pirates,Atlanta Braves,8.0,4.0,False,0|0|3|0|3|1|0|0|1,0|0|1|2|0|0|1|0|0,,,185.0,-225.0,0.0,10.5,espn,401473146,PIT,ATL,regular,Johan Oviedo,Dylan Dodd,,,,,,,,
2023,2023-09-09,Colorado Rockies,San Francisco Giants,1.0,9.0,False,0|0|0|0|0|0|1|0|0,2|0|0|4|0|3|0|0,,,225.0,-275.0,0.0,8.0,espn,401473139,COL,SF,regular,Chase Anderson,Logan Webb,,,,,,,,
2023,2023-09-09,Cleveland Guardians,Los Angeles Angels,2.0,6.0,False,1|0|1|0|0|0|0|0|0,2|0|1|1|0|0|0|2,,,-140.0,120.0,0.0,9.0,espn,401473138,CLE,LAA,regular,Lucas Giolito,Tyler Anderson,,,,,,,,
2023,2023-09-10,Miami Marlins,Philadelphia Phillies,5.0,4.0,False,0|0|0|0|0|0|3|2|0,2|0|1|0|0|0|0|1|0,,,145.0,-165.0,0.0,9.5,espn,401473157,MIA,PHI,regular,Steven Okert,Ranger Suarez,,,,,,,,
2023,2023-09-10,Chicago White Sox,Detroit Tigers,2.0,3.0,False,0|0|0|1|0|1|0|0|0,0|0|3|0|0|0|0|0,,,120.0,-140.0,0.0,9.0,espn,401473152,CHW,DET,regular,Jesse Scholtens,Sawyer Gipson-Long,,,,,,,,
2023,2023-09-10,Seattle Mariners,Tampa Bay Rays,3.0,6.0,False,0|0|0|2|1|0|0|0|0,3|0|2|0|0|1|0|0,,,120.0,-140.0,0.0,8.0,espn,401473163,SEA,TB,regular,Bryce Miller,Zach Eflin,,,,,,,,
2023,2023-09-10,Baltimore Orioles,Boston Red Sox,3.0,7.0,False,0|3|0|0|0|0|0|0|0,0|0|2|2|0|3|0|0,,,-120.0,100.0,0.0,9.5,espn,401473151,BAL,BOS,regular,Grayson Rodriguez,Brayan Bello,,,,,,,,
2023,2023-09-10,Los Angeles Dodgers,Washington Nationals,7.0,3.0,False,2|2|0|0|2|1|0|0|0,0|0|0|2|0|1|0|0|0,,,-220.0,180.0,0.0,10.0,espn,401473156,LAD,WSH,regular,Ryan Yarbrough,Trevor Williams,,,,,,,,
2023,2023-09-10,Milwaukee Brewers,New York Yankees,3.0,4.0,False,0|0|0|0|0|0|0|0|0|0|1|2|0,0|0|0|0|0|0|0|0|0|0|1|2|1,,,120.0,-140.0,0.0,7.0,espn,401473158,MIL,NYY,regular,Corbin Burnes,Gerrit Cole,,,,,,,,
2023,2023-09-10,Pittsburgh Pirates,Atlanta Braves,2.0,5.0,False,0|0|0|0|0|2|0|0|0,0|0|0|0|0|1|4|0,,,215.0,-260.0,0.0,10.0,espn,401473161,PIT,ATL,regular,Luis Ortiz,Allan Winans,,,,,,,,
2023,2023-09-10,Kansas City Royals,Toronto Blue Jays,2.0,5.0,False,0|0|0|0|0|2|0|0|0,0|0|0|0|0|2|1|2,,,150.0,-170.0,0.0,8.0,espn,401473155,KC,TOR,regular,Cole Ragans,Jose Berrios,,,,,,,,
2023,2023-09-10,St. Louis Cardinals,Cincinnati Reds,1.0,7.0,False,0|0|0|1|0|0|0|0|0,0|0|2|0|0|3|1|1,,,125.0,-145.0,0.0,9.5,espn,401473164,STL,CIN,regular,Miles Mikolas,Hunter Greene,,,,,,,,
2023,2023-09-10,New York Mets,Minnesota Twins,2.0,0.0,False,0|0|0|0|0|0|0|0|2,0|0|0|0|0|0|0|0|0,,,160.0,-180.0,0.0,9.0,espn,401473159,NYM,MIN,regular,Tylor Megill,Pablo Lopez,,,,,,,,
2023,2023-09-10,San Diego Padres,Houston Astros,2.0,12.0,False,0|0|0|0|0|1|1|0|0,0|0|3|1|0|8|0|0,,,150.0,-170.0,0.0,10.0,espn,401473162,SD,HOU,regular,Matt Waldron,J.P. France,,,,,,,,
2023,2023-09-10,Arizona Diamondbacks,Chicago Cubs,2.0,5.0,False,0|0|0|0|1|1|0|0|0,1|0|3|0|1|0|0|0,,,120.0,-140.0,0.0,9.0,espn,401473150,ARI,CHC,regular,Brandon Pfaadt,Kyle Hendricks,,,,,,,,
2023,2023-09-10,Oakland Athletics,Texas Rangers,4.0,9.0,False,0|0|4|0|0|0|0|0|0,3|0|0|0|2|4|0|0,,,205.0,-245.0,0.0,9.0,espn,401473160,OAK,TEX,regular,Luis Medina,Jon Gray,,,,,,,,
2023,2023-09-10,Cleveland Guardians,Los Angeles Angels,1.0,2.0,False,0|1|0|0|0|0|0|0|0,1|0|1|0|0|0|0|0,,,-160.0,140.0,0.0,8.5,espn,401473153,CLE,LAA,regular,Tanner Bibee,Kenny Rosenberg,,,,,,,,
2023,2023-09-10,Colorado Rockies,San Francisco Giants,3.0,6.0,False,0|3|0|0|0|0|0|0|0,0|2|3|0|1|0|0|0,,,175.0,-210.0,0.0,8.5,espn,401473154,COL,SF,regular,Peter Lambert,Keaton Winn,,,,,,,,
2023,2023-09-11,Atlanta Braves,Philadelphia Phillies,10.0,8.0,False,1|0|1|0|3|3|0|0|0|2,0|0|2|0|2|0|2|0|2|0,,,-170.0,150.0,0.0,10.0,espn,401555908,ATL,PHI,regular,Charlie Morton,Taijuan Walker,,,,,,,,
2023,2023-09-11,St. Louis Cardinals,Baltimore Orioles,5.0,11.0,False,1|0|3|0|1|0|0|0|0,0|2|0|1|5|1|0|2,,,150.0,-170.0,0.0,10.0,espn,401473173,STL,BAL,regular,Dakota Hudson,Dean Kremer,,,,,,,,
2023,2023-09-11,Washington Nationals,Pittsburgh Pirates,6.0,2.0,False,0|0|2|2|0|1|1|0|0,0|0|1|0|0|0|1|0|0,,,125.0,-145.0,0.0,8.5,espn,401473176,WSH,PIT,regular,Patrick Corbin,Andre Jackson,,,,,,,,
2023,2023-09-11,Atlanta Braves,Philadelphia Phillies,5.0,7.0,False,0|0|3|0|0|1|1|0|0,4|0|0|2|1|0|0|0,,,-125.0,105.0,0.0,10.0,espn,401473209,ATL,PHI,regular,Kyle Wright,Michael Lorenzen,,,,,,,,
2023,2023-09-11,Texas Rangers,Toronto Blue Jays,10.0,4.0,False,0|1|1|0|1|2|5|0|0,0|2|0|0|0|1|0|0|1,,,115.0,-135.0,0.0,8.5,espn,401473175,TEX,TOR,regular,Dane Dunning,Chris Bassitt,,,,,,,,
2023,2023-09-11,Arizona Diamondbacks,New York Mets,4.0,3.0,False,0|0|0|2|0|0|0|1|1,0|0|0|3|0|0|0|0|0,,,110.0,-130.0,0.0,8.5,espn,401473166,ARI,NYM,regular,Zach Davies,Jose Quintana,,,,,,,,
2023,2023-09-11,Miami Marlins,Milwaukee Brewers,0.0,12.0,False,0|0|0|0|0|0|0|0|0,1|0|3|0|2|5|0|1,,,120.0,-140.0,0.0,7.0,espn,401473169,MIA,MIL,regular,Jesus Luzardo,Brandon Woodruff,,,,,,,,
2023,2023-09-11,Tampa Bay Rays,Minnesota Twins,7.0,4.0,False,1|0|1|0|3|2|0|0|0,0|0|0|1|0|3|0|0|0,,,-120.0,100.0,0.0,7.0,espn,401473174,TB,MIN,regular,Tyler Glasnow,Sonny Gray,,,,,,,,
2023,2023-09-11,Oakland Athletics,Houston Astros,4.0,0.0,False,0|1|0|0|1|0|1|0|1,0|0|0|0|0|0|0|0|0,,,240.0,-300.0,0.0,9.0,espn,401473171,OAK,HOU,regular,Mason Miller,Framber Valdez,,,,,,,,
2023,2023-09-11,Chicago Cubs,Colorado Rockies,5.0,4.0,False,0|0|1|0|1|1|0|0|2,1|0|0|0|0|0|3|0|0,,,-180.0,160.0,0.0,11.5,espn,401473177,CHC,COL,regular,Jordan Wicks,Kyle Freeland,,,,,,,,
2023,2023-09-11,Los Angeles Angels,Seattle Mariners,8.0,5.0,False,0|2|0|1|0|0|0|0|0|2|3,3|0|0|0|0|0|0|0|0|2|0,,,195.0,-235.0,0.0,8.0,espn,401473165,LAA,SEA,regular,Reid Detmers,Logan Gilbert,,,,,,,,
2023,2023-09-11,Cleveland Guardians,San Francisco Giants,4.0,5.0,False,0|0|2|0|0|0|1|0|0|1,1|0|2|0|0|0|0|0|0|2,,,115.0,-135.0,0.0,7.5,espn,401473167,CLE,SF,regular,Gavin Williams,Alex Cobb,,,,,,,,
2023,2023-09-11,San Diego Padres,Los Angeles Dodgers,11.0,8.0,False,1|0|1|2|0|3|0|0|4,1|1|5|0|0|0|0|0|1,,,150.0,-170.0,0.0,9.5,espn,401473172,SD,LAD,regular,Pedro Avila,Gavin Stone,,,,,,,,
2023,2023-09-12,New York Yankees,Boston Red Sox,3.0,2.0,False,0|0|0|0|0|3|0|0|0,0|0|0|2|0|0|0|0|0,,,125.0,-145.0,0.0,9.5,espn,401598209,NYY,BOS,regular,Randy Vasquez,Nick Pivetta,,,,,,,,
2023,2023-09-12,Kansas City Royals,Chicago White Sox,2.0,6.0,False,0|0|0|1|0|0|0|1|0,5|0|0|0|0|1|0|0,,,115.0,-135.0,0.0,8.5,espn,401473183,KC,CHW,regular,Brady Singer,Dylan Cease,,,,,,,,
2023,2023-09-12,St. Louis Cardinals,Baltimore Orioles,5.0,2.0,False,1|1|0|1|0|0|2|0|0,0|0|0|0|2|0|0|0|0,,,165.0,-185.0,0.0,11.0,espn,401473188,STL,BAL,regular,Adam Wainwright,John Means,,,,,,,,
2023,2023-09-12,Washington Nationals,Pittsburgh Pirates,1.0,5.0,False,0|0|0|1|0|0|0|0|0,0|2|0|0|2|0|1|0,,,130.0,-150.0,0.0,9.0,espn,401473191,WSH,PIT,regular,Joan Adon,Bailey Falter,,,,,,,,
2023,2023-09-12,Atlanta Braves,Philadelphia Phillies,7.0,6.0,False,0|0|0|1|5|0|0|0|0|1,0|1|0|0|0|0|1|3|1|0,,,-115.0,-105.0,0.0,8.5,espn,401473180,ATL,PHI,regular,Max Fried,Zack Wheeler,,,,,,,,
2023,2023-09-12,Cincinnati Reds,Detroit Tigers,6.0,5.0,False,0|3|2|0|0|0|0|0|0|1,3|0|0|0|2|0|0|0|0|0,,,-120.0,100.0,0.0,9.0,espn,401473181,CIN,DET,regular,Brandon Williamson,Joey Wentz,,,,,,,,
2023,2023-09-12,Texas Rangers,Toronto Blue Jays,6.0,3.0,False,0|0|0|2|0|1|2|0|1,0|0|0|0|0|0|2|0|1,,,-115.0,-105.0,0.0,8.0,espn,401473190,TEX,TOR,regular,Max Scherzer,Hyun Jin Ryu,,,,,,,,
2023,2023-09-12,Arizona Diamondbacks,New York Mets,4.0,7.0,False,0|0|1|0|0|1|0|2|0,0|0|1|2|3|0|0|1,,,-105.0,-115.0,0.0,9.5,espn,401473179,ARI,NYM,regular,Ryne Nelson,Jose Butto,,,,,,,,
2023,2023-09-12,New York Yankees,Boston Red Sox,4.0,1.0,False,0|0|0|0|1|1|0|0|2,1|0|0|0|0|0|0|0|0,,,105.0,-125.0,0.0,9.5,espn,401473185,NYY,BOS,regular,Carlos Rodon,Kutter Crawford,,,,,,,,
2023,2023-09-12,Miami Marlins,Milwaukee Brewers,1.0,3.0,False,1|0|0|0|0|0|0|0|0,0|1|0|1|0|0|1|0,,,135.0,-155.0,0.0,7.5,espn,401473184,MIA,MIL,regular,JT Chargois,Freddy Peralta,,,,,,,,
2023,2023-09-12,Tampa Bay Rays,Minnesota Twins,2.0,3.0,False,0|0|0|1|1|0|0|0|0,0|0|1|0|0|0|2|0,,,105.0,-125.0,0.0,8.0,espn,401473189,TB,MIN,regular,Zack Littell,Joe Ryan,,,,,,,,
2023,2023-09-12,Kansas City Royals,Chicago White Sox,11.0,10.0,False,4|4|1|0|0|0|1|0|1,0|0|0|0|1|8|0|0|1,,,110.0,-130.0,0.0,9.5,espn,401598109,KC,CHW,regular,Jordan Lyles,Touki Toussaint,,,,,,,,
2023,2023-09-12,Oakland Athletics,Houston Astros,6.0,2.0,False,3|0|1|0|1|0|0|1|0,1|0|0|0|1|0|0|0|0,,,240.0,-300.0,0.0,8.5,espn,401473186,OAK,HOU,regular,JP Sears,Justin Verlander,,,,,,,,
2023,2023-09-12,Chicago Cubs,Colorado Rockies,4.0,6.0,False,0|2|0|0|0|2|0|0|0,0|0|0|4|0|1|1|0,,,-175.0,155.0,0.0,12.5,espn,401473192,CHC,COL,regular,Javier Assad,Chris Flexen,,,,,,,,
2023,2023-09-12,Los Angeles Angels,Seattle Mariners,0.0,8.0,False,0|0|0|0|0|0|0|0|0,3|0|0|4|1|0|0|0,,,175.0,-210.0,0.0,8.0,espn,401473178,LAA,SEA,regular,Patrick Sandoval,Bryan Woo,,,,,,,,
2023,2023-09-12,Cleveland Guardians,San Francisco Giants,3.0,1.0,False,1|0|0|0|0|2|0|0|0,0|0|0|0|1|0|0|0|0,,,155.0,-175.0,0.0,8.5,espn,401473182,CLE,SF,regular,Cal Quantrill,Sean Manaea,,,,,,,,
2023,2023-09-12,San Diego Padres,Los Angeles Dodgers,2.0,11.0,False,0|0|0|1|1|0|0|0|0,1|0|3|3|0|0|2|2,,,135.0,-155.0,0.0,9.5,espn,401473187,SD,LAD,regular,Michael Wacha,Lance Lynn,,,,,,,,
2023,2023-09-13,Tampa Bay Rays,Minnesota Twins,5.0,4.0,False,0|3|1|0|0|0|0|0|1,0|0|2|0|2|0|0|0|0,,,-120.0,100.0,0.0,9.0,espn,401473204,TB,MIN,regular,Taj Bradley,Dallas Keuchel,,,,,,,,
2023,2023-09-13,Chicago Cubs,Colorado Rockies,3.0,7.0,False,1|0|2|0|0|0|0|0|0,0|0|0|1|4|0|2|0,,,-192.0,167.0,0.0,11.5,espn,401473206,CHC,COL,regular,Jameson Taillon,Ty Blach,,,,,,,,
2023,2023-09-13,Cleveland Guardians,San Francisco Giants,5.0,6.0,False,4|1|0|0|0|0|0|0|0|0,1|0|0|0|0|0|1|3|0|1,,,120.0,-140.0,0.0,7.5,espn,401473197,CLE,SF,regular,Logan Allen,Kyle Harrison,,,,,,,,
2023,2023-09-13,Los Angeles Angels,Seattle Mariners,2.0,3.0,False,0|0|1|1|0|0|0|0|0,0|0|1|0|2|0|0|0,,,235.0,-291.0,0.0,8.0,espn,401473193,LAA,SEA,regular,Andrew Wantz,Luis Castillo,,,,,,,,
2023,2023-09-13,St. Louis Cardinals,Baltimore Orioles,1.0,0.0,False,0|0|0|1|0|0|0|0|0,0|0|0|0|0|0|0|0|0,,,170.0,-200.0,0.0,9.0,espn,401473203,STL,BAL,regular,Drew Rom,Kyle Gibson,,,,,,,,
2023,2023-09-13,Washington Nationals,Pittsburgh Pirates,6.0,7.0,False,1|0|0|0|1|3|0|0|1,4|0|1|2|0|0|0|0,,,125.0,-145.0,0.0,9.5,espn,401473207,WSH,PIT,regular,Jackson Rutledge,Colin Selby,,,,,,,,
2023,2023-09-13,Atlanta Braves,Philadelphia Phillies,4.0,1.0,False,2|0|1|1|0|0|0|0|0,1|0|0|0|0|0|0|0|0,,,-155.0,135.0,0.0,9.0,espn,401473195,ATL,PHI,regular,Spencer Strider,Cristopher Sanchez,,,,,,,,
2023,2023-09-13,Cincinnati Reds,Detroit Tigers,4.0,3.0,False,0|2|0|2|0|0|0|0|0,0|0|2|1|0|0|0|0|0,,,115.0,-135.0,0.0,8.5,espn,401473196,CIN,DET,regular,Connor Phillips,Eduardo Rodriguez,,,,,,,,
2023,2023-09-13,Texas Rangers,Toronto Blue Jays,10.0,0.0,False,0|0|0|4|2|1|0|0|3,0|0|0|0|0|0|0|0|0,,,115.0,-135.0,0.0,8.5,espn,401473205,TEX,TOR,regular,Jordan Montgomery,Yusei Kikuchi,,,,,,,,
2023,2023-09-13,Arizona Diamondbacks,New York Mets,1.0,7.0,False,0|0|0|0|0|0|0|1|0,1|0|0|1|2|3|0|0,,,-160.0,140.0,0.0,8.0,espn,401473194,ARI,NYM,regular,Zac Gallen,Joey Lucchesi,,,,,,,,
2023,2023-09-13,Oakland Athletics,Houston Astros,2.0,6.0,False,0|0|0|0|0|0|0|0|2,0|0|4|0|1|0|1|0,,,220.0,-270.0,0.0,9.0,espn,401473201,OAK,HOU,regular,Paul Blackburn,Hunter Brown,,,,,,,,
2023,2023-09-13,Kansas City Royals,Chicago White Sox,7.0,1.0,False,0|2|0|0|0|0|3|0|2,0|0|0|0|0|0|1|0|0,,,135.0,-155.0,0.0,9.5,espn,401473198,KC,CHW,regular,Steven Cruz,Mike Clevinger,,,,,,,,
2023,2023-09-13,Miami Marlins,Milwaukee Brewers,2.0,0.0,False,0|0|0|0|1|0|1|0|0,0|0|0|0|0|0|0|0|0,,,100.0,-120.0,0.0,7.5,espn,401473199,MIA,MIL,regular,Braxton Garrett,Trevor Megill,,,,,,,,
2023,2023-09-13,San Diego Padres,Los Angeles Dodgers,6.0,1.0,False,1|0|0|3|0|0|2|0|0,0|0|0|0|0|0|0|0|1,,,115.0,-135.0,0.0,8.0,espn,401473202,SD,LAD,regular,Blake Snell,Ryan Pepiot,,,,,,,,
2023,2023-09-14,Washington Nationals,Pittsburgh Pirates,0.0,2.0,False,0|0|0|0|0|0|0|0|0,0|1|0|0|1|0|0|0,,,145.0,-165.0,0.0,8.5,espn,401473216,WSH,PIT,regular,Josiah Gray,Mitch Keller,,,,,,,,
2023,2023-09-14,Cincinnati Reds,Detroit Tigers,2.0,8.0,False,0|0|0|0|0|1|0|0|1,1|0|0|2|0|0|1|4,,,105.0,-125.0,0.0,8.5,espn,401473210,CIN,DET,regular,Derek Law,Reese Olson,,,,,,,,
2023,2023-09-14,New York Yankees,Boston Red Sox,0.0,5.0,False,0|0|0|0|0|0|0|0|0,1|0|0|0|0|0|1|3,,,-105.0,-115.0,0.0,9.0,espn,401598869,NYY,BOS,regular,Michael King,Tanner Houck,,,,,,,,
2023,2023-09-14,Miami Marlins,Milwaukee Brewers,2.0,4.0,False,1|0|0|0|1|0|0|0|0,0|0|0|1|2|0|1|0,,,-115.0,-105.0,0.0,8.0,espn,401473211,MIA,MIL,regular,Eury Perez,Adrian Houser,,,,,,,,
2023,2023-09-14,Arizona Diamondbacks,New York Mets,1.0,11.0,False,0|0|0|0|0|0|0|1|0,0|0|2|0|5|0|1|3,,,-105.0,-115.0,0.0,7.0,espn,401473208,ARI,NYM,regular,Merrill Kelly,Kodai Senga,,,,,,,,
2023,2023-09-14,Texas Rangers,Toronto Blue Jays,9.0,2.0,False,1|2|1|0|0|0|0|5|0,2|0|0|0|0|0|0|0|0,,,135.0,-155.0,0.0,8.0,espn,401473215,TEX,TOR,regular,Nathan Eovaldi,Kevin Gausman,,,,,,,,
2023,2023-09-14,New York Yankees,Boston Red Sox,8.0,5.0,False,0|5|0|0|0|0|0|1|2,2|0|1|0|1|0|1|0|0,,,-115.0,-105.0,0.0,9.5,espn,401473213,NYY,BOS,regular,Clarke Schmidt,Nick Robertson,,,,,,,,
2023,2023-09-14,Tampa Bay Rays,Baltimore Orioles,4.0,3.0,False,0|0|3|0|0|0|1|0|0,0|1|0|1|1|0|0|0|0,,,110.0,-130.0,0.0,8.0,espn,401473214,TB,BAL,regular,Aaron Civale,Kyle Bradish,,,,,,,,
2023,2023-09-14,Minnesota Twins,Chicago White Sox,10.0,2.0,False,0|0|0|2|0|0|4|0|4,0|0|0|0|0|0|2|0|0,,,-180.0,160.0,0.0,9.0,espn,401473212,MIN,CHW,regular,Kenta Maeda,Jose Urena,,,,,,,,
2023,2023-09-15,New York Yankees,Pittsburgh Pirates,7.0,5.0,False,0|1|0|0|0|2|0|0|4,1|1|0|0|0|3|0|0|0,,,-155.0,135.0,0.0,7.5,espn,401473231,NYY,PIT,regular,Gerrit Cole,Johan Oviedo,,,,,,,,
2023,2023-09-15,Atlanta Braves,Miami Marlins,6.0,9.0,False,0|0|2|1|1|2|0|0|0,3|1|0|0|0|0|5|0,,,-160.0,140.0,0.0,9.0,espn,401473218,ATL,MIA,regular,Bryce Elder,Johnny Cueto,,,,,,,,
2023,2023-09-15,Tampa Bay Rays,Baltimore Orioles,7.0,1.0,False,0|0|0|2|1|4|0|0|0,0|0|0|0|0|1|0|0|0,,,-130.0,110.0,0.0,8.5,espn,401473228,TB,BAL,regular,Zach Eflin,Jack Flaherty,,,,,,,,
2023,2023-09-15,Boston Red Sox,Toronto Blue Jays,0.0,3.0,False,0|0|0|0|0|0|0|0|0,0|0|3|0|0|0|0|0,,,125.0,-145.0,0.0,8.5,espn,401473219,BOS,TOR,regular,Brayan Bello,Jose Berrios,,,,,,,,
2023,2023-09-15,Cincinnati Reds,New York Mets,5.0,3.0,False,0|0|0|0|1|2|2|0|0,0|0|0|0|0|3|0|0|0,,,-110.0,-110.0,0.0,8.0,espn,401473221,CIN,NYM,regular,Hunter Greene,David Peterson,,,,,,,,
2023,2023-09-15,Texas Rangers,Cleveland Guardians,3.0,12.0,False,0|0|0|0|0|0|0|0|3,0|2|0|1|1|5|3|0,,,-120.0,100.0,0.0,8.0,espn,401473229,TEX,CLE,regular,Jon Gray,Lucas Giolito,,,,,,,,
2023,2023-09-15,Minnesota Twins,Chicago White Sox,10.0,2.0,False,0|4|1|1|0|0|0|0|4,0|0|0|0|2|0|0|0|0,,,-170.0,150.0,0.0,9.0,espn,401473225,MIN,CHW,regular,Bailey Ober,Jesse Scholtens,,,,,,,,
2023,2023-09-15,Houston Astros,Kansas City Royals,2.0,4.0,False,0|0|0|0|0|1|0|0|1,0|0|1|1|1|0|0|1,,,-200.0,170.0,0.0,10.5,espn,401473223,HOU,KC,regular,Cristian Javier,Zack Greinke,,,,,,,,
2023,2023-09-15,Washington Nationals,Milwaukee Brewers,3.0,5.0,False,3|0|0|0|0|0|0|0|0,0|0|0|0|4|0|0|1,,,165.0,-185.0,0.0,8.5,espn,401473230,WSH,MIL,regular,Jake Irvin,Wade Miley,,,,,,,,
2023,2023-09-15,Philadelphia Phillies,St. Louis Cardinals,5.0,4.0,False,4|0|0|0|0|1|0|0|0,0|0|2|1|0|0|0|0|1,,,-150.0,130.0,0.0,8.5,espn,401473226,PHI,STL,regular,Aaron Nola,Zack Thompson,,,,,,,,
2023,2023-09-15,San Francisco Giants,Colorado Rockies,2.0,3.0,False,0|1|0|0|0|0|0|0|1,0|0|0|0|0|0|0|1|2,,,-225.0,185.0,0.0,10.5,espn,401473232,SF,COL,regular,Logan Webb,Chase Anderson,,,,,,,,
2023,2023-09-15,Detroit Tigers,Los Angeles Angels,11.0,2.0,False,1|1|0|1|0|1|0|7|0,0|0|0|0|0|0|1|0|1,,,-130.0,110.0,0.0,7.5,espn,401473222,DET,LAA,regular,Tarik Skubal,Griffin Canning,,,,,,,,
2023,2023-09-15,Chicago Cubs,Arizona Diamondbacks,4.0,6.0,False,0|0|0|0|0|0|0|0|4,3|0|0|0|0|3|0|0,,,-130.0,110.0,0.0,8.5,espn,401473220,CHC,ARI,regular,Justin Steele,Brandon Pfaadt,,,,,,,,
2023,2023-09-15,San Diego Padres,Oakland Athletics,8.0,3.0,False,2|2|0|0|1|0|0|0|3,0|1|1|0|0|1|0|0|0,,,-192.0,167.0,0.0,8.5,espn,401473227,SD,OAK,regular,Seth Lugo,Sean Newcomb,,,,,,,,
2023,2023-09-15,Los Angeles Dodgers,Seattle Mariners,6.0,3.0,False,0|0|0|0|2|2|0|1|1,0|0|0|1|0|2|0|0|0,,,-115.0,-105.0,0.0,8.0,espn,401473224,LAD,SEA,regular,Bobby Miller,George Kirby,,,,,,,,
2023,2023-09-16,San Francisco Giants,Colorado Rockies,5.0,9.0,False,0|2|1|0|0|0|0|1|1,0|0|3|0|3|1|2|0,,,-160.0,140.0,0.0,12.0,espn,401599189,SF,COL,regular,Keaton Winn,Brent Suter,,,,,,,,
2023,2023-09-16,Boston Red Sox,Toronto Blue Jays,3.0,4.0,False,0|0|0|0|0|2|0|0|0|0|0|1|0,0|0|0|0|0|0|1|0|1|0|0|1|1,,,130.0,-150.0,0.0,8.5,espn,401473234,BOS,TOR,regular,Chris Sale,Chris Bassitt,,,,,,,,
2023,2023-09-16,San Diego Padres,Oakland Athletics,5.0,2.0,False,2|0|0|1|2|0|0|0|0,0|0|1|0|0|1|0|0|0,,,-135.0,115.0,0.0,8.5,espn,401473242,SD,OAK,regular,Matt Waldron,Mason Miller,,,,,,,,
2023,2023-09-16,Atlanta Braves,Miami Marlins,5.0,11.0,False,3|0|0|0|1|1|0|0|0,4|0|1|0|0|0|0|6,,,-120.0,100.0,0.0,9.5,espn,401473233,ATL,MIA,regular,Jared Shuster,Bryan Hoeing,,,,,,,,
2023,2023-09-16,Texas Rangers,Cleveland Guardians,1.0,2.0,False,0|0|0|0|1|0|0|0|0,0|0|0|0|0|0|0|2,,,105.0,-125.0,0.0,8.0,espn,401473244,TEX,CLE,regular,Dane Dunning,Tanner Bibee,,,,,,,,
2023,2023-09-16,New York Yankees,Pittsburgh Pirates,6.0,3.0,False,3|0|1|0|0|1|0|1|0,2|0|1|0|0|0|0|0|0,,,-120.0,100.0,0.0,9.5,espn,401473246,NYY,PIT,regular,Luke Weaver,Luis Ortiz,,,,,,,,
2023,2023-09-16,Tampa Bay Rays,Baltimore Orioles,0.0,8.0,False,0|0|0|0|0|0|0|0|0,1|3|0|2|2|0|0|0,,,-120.0,100.0,0.0,7.5,espn,401473243,TB,BAL,regular,Tyler Glasnow,Grayson Rodriguez,,,,,,,,
2023,2023-09-16,Cincinnati Reds,New York Mets,3.0,2.0,False,0|1|0|2|0|0|0|0|0,1|0|0|1|0|0|0|0|0,,,-110.0,-110.0,0.0,8.5,espn,401473236,CIN,NYM,regular,Andrew Abbott,Tylor Megill,,,,,,,,
2023,2023-09-16,Houston Astros,Kansas City Royals,8.0,10.0,False,0|0|0|0|3|0|3|0|2,3|0|1|0|1|1|3|1,,,-150.0,130.0,0.0,9.5,espn,401473238,HOU,KC,regular,J.P. France,Cole Ragans,,,,,,,,
2023,2023-09-16,Minnesota Twins,Chicago White Sox,6.0,7.0,False,1|0|0|0|0|0|0|4|1,5|0|0|0|0|0|2|0,,,-225.0,185.0,0.0,9.0,espn,401473240,MIN,CHW,regular,Pablo Lopez,Touki Toussaint,,,,,,,,
2023,2023-09-16,Washington Nationals,Milwaukee Brewers,5.0,9.0,False,0|0|1|0|0|3|0|1|0,3|0|0|1|1|0|0|4,,,225.0,-275.0,0.0,8.0,espn,401473245,WSH,MIL,regular,Trevor Williams,Corbin Burnes,,,,,,,,
2023,2023-09-16,Philadelphia Phillies,St. Louis Cardinals,6.0,1.0,False,1|1|0|0|3|0|0|0|1,0|0|1|0|0|0|0|0|0,,,-125.0,105.0,0.0,9.0,espn,401473241,PHI,STL,regular,Ranger Suarez,Miles Mikolas,,,,,,,,
2023,2023-09-16,Chicago Cubs,Arizona Diamondbacks,6.0,7.0,False,0|0|0|0|3|0|0|0|0|1|1|0|1,0|0|0|2|0|1|0|0|0|1|1|0|2,,,-115.0,-105.0,0.0,9.0,espn,401473235,CHC,ARI,regular,Kyle Hendricks,Zach Davies,,,,,,,,
2023,2023-09-16,San Francisco Giants,Colorado Rockies,2.0,5.0,False,0|1|0|0|0|1|0|0|0,2|0|2|0|0|0|1|0,,,-170.0,150.0,0.0,11.5,espn,401473247,SF,COL,regular,Scott Alexander,Kyle Freeland,,,,,,,,
2023,2023-09-16,Detroit Tigers,Los Angeles Angels,5.0,4.0,False,0|3|0|0|1|0|0|0|0|1,0|0|1|0|0|0|0|0|3|0,,,-125.0,105.0,0.0,8.5,espn,401473237,DET,LAA,regular,Sawyer Gipson-Long,Tyler Anderson,,,,,,,,
2023,2023-09-16,Los Angeles Dodgers,Seattle Mariners,6.0,2.0,False,0|0|0|0|0|0|0|0|0|1|5,0|0|0|0|0|0|0|0|0|1|1,,,-140.0,120.0,0.0,8.0,espn,401473239,LAD,SEA,regular,Clayton Kershaw,Bryce Miller,,,,,,,,
2023,2023-09-17,Tampa Bay Rays,Baltimore Orioles,4.0,5.0,False,1|0|0|0|0|0|0|2|0|1|0,0|0|0|1|0|0|0|1|1|1|1,,,100.0,-120.0,0.0,9.0,espn,401473258,TB,BAL,regular,Zack Littell,Dean Kremer,,,,,,,,
2023,2023-09-17,New York Yankees,Pittsburgh Pirates,2.0,3.0,False,0|0|0|0|0|1|1|0|0,0|0|1|1|0|0|1|0,,,-160.0,140.0,0.0,8.0,espn,401473261,NYY,PIT,regular,Carlos Rodon,Colin Selby,,,,,,,,
2023,2023-09-17,Boston Red Sox,Toronto Blue Jays,2.0,3.0,False,0|0|0|0|0|0|1|0|1,0|1|0|0|1|0|0|0|1,,,130.0,-150.0,0.0,8.5,espn,401473249,BOS,TOR,regular,Nick Pivetta,Hyun Jin Ryu,,,,,,,,
2023,2023-09-17,Atlanta Braves,Miami Marlins,2.0,16.0,False,0|0|0|0|0|0|0|2|0,0|0|5|0|1|4|4|2,,,-120.0,100.0,0.0,8.0,espn,401473248,ATL,MIA,regular,Charlie Morton,Jesus Luzardo,,,,,,,,
2023,2023-09-17,Cincinnati Reds,New York Mets,4.0,8.0,False,1|0|0|0|1|0|0|2|0,0|0|3|0|1|0|4|0,,,115.0,-135.0,0.0,9.0,espn,401473251,CIN,NYM,regular,Brandon Williamson,Jose Quintana,,,,,,,,
2023,2023-09-17,Texas Rangers,Cleveland Guardians,2.0,9.0,False,0|1|0|0|0|0|0|0|1,0|0|0|9|0|0|0|0,,,-120.0,100.0,0.0,8.0,espn,401473259,TEX,CLE,regular,Cody Bradford,Gavin Williams,,,,,,,,
2023,2023-09-17,Houston Astros,Kansas City Royals,7.0,1.0,False,0|0|2|1|1|0|0|0|3,0|1|0|0|0|0|0|0|0,,,-240.0,200.0,0.0,9.5,espn,401473253,HOU,KC,regular,Framber Valdez,Jordan Lyles,,,,,,,,
2023,2023-09-17,Minnesota Twins,Chicago White Sox,4.0,0.0,False,0|0|0|0|3|0|0|1|0,0|0|0|0|0|0|0|0|0,,,-180.0,160.0,0.0,8.5,espn,401473255,MIN,CHW,regular,Sonny Gray,Dylan Cease,,,,,,,,
2023,2023-09-17,Washington Nationals,Milwaukee Brewers,2.0,1.0,False,0|1|0|0|0|0|0|0|0|0|1,0|0|0|0|0|1|0|0|0|0|0,,,240.0,-300.0,0.0,8.0,espn,401473260,WSH,MIL,regular,Patrick Corbin,Brandon Woodruff,,,,,,,,
2023,2023-09-17,Philadelphia Phillies,St. Louis Cardinals,5.0,6.0,False,0|0|0|3|0|0|0|2|0,0|0|3|0|2|0|0|1,,,-145.0,125.0,0.0,9.5,espn,401473256,PHI,STL,regular,Taijuan Walker,Dakota Hudson,,,,,,,,
2023,2023-09-17,San Francisco Giants,Colorado Rockies,11.0,10.0,False,0|0|0|0|1|8|2|0|0,0|0|0|0|0|5|1|0|4,,,-175.0,155.0,0.0,12.0,espn,401473262,SF,COL,regular,Sean Manaea,Chris Flexen,,,,,,,,
2023,2023-09-17,Detroit Tigers,Los Angeles Angels,5.0,3.0,False,0|1|4|0|0|0|0|0|0,0|0|0|0|1|2|0|0|0,,,-120.0,100.0,0.0,9.0,espn,401473252,DET,LAA,regular,Miguel Diaz,Jimmy Herget,,,,,,,,
2023,2023-09-17,San Diego Padres,Oakland Athletics,10.0,1.0,False,0|0|0|2|0|2|2|4|0,0|0|0|0|0|0|0|1|0,,,-165.0,145.0,0.0,8.5,espn,401473257,SD,OAK,regular,Nick Martinez,Joe Boyle,,,,,,,,
2023,2023-09-17,Los Angeles Dodgers,Seattle Mariners,6.0,1.0,False,1|3|0|1|0|0|0|1|0,0|1|0|0|0|0|0|0|0,,,155.0,-175.0,0.0,8.0,espn,401473254,LAD,SEA,regular,Shelby Miller,Logan Gilbert,,,,,,,,
2023,2023-09-17,Chicago Cubs,Arizona Diamondbacks,2.0,6.0,False,0|1|1|0|0|0|0|0|0,3|0|0|0|0|2|1|0,,,-115.0,-105.0,0.0,9.0,espn,401473250,CHC,ARI,regular,Jordan Wicks,Ryne Nelson,,,,,,,,
2023,2023-09-18,Cleveland Guardians,Kansas City Royals,4.0,6.0,False,0|2|0|1|0|1|0|0|0,0|0|1|0|0|1|0|4,,,-130.0,110.0,0.0,9.5,espn,401473266,CLE,KC,regular,Cal Quantrill,Brady Singer,,,,,,,,
2023,2023-09-18,Minnesota Twins,Cincinnati Reds,3.0,7.0,False,0|0|0|1|0|0|1|0|1,0|2|0|2|0|0|3|0,,,-150.0,130.0,0.0,9.5,espn,401473269,MIN,CIN,regular,Joe Ryan,Connor Phillips,,,,,,,,
2023,2023-09-18,New York Mets,Miami Marlins,2.0,1.0,False,0|0|0|0|1|0|0|0|1,0|0|0|0|1|0|0|0|0,,,140.0,-160.0,0.0,8.5,espn,401473270,NYM,MIA,regular,Jose Butto,Edward Cabrera,,,,,,,,
2023,2023-09-18,Chicago White Sox,Washington Nationals,6.0,1.0,False,0|0|0|0|3|3|0|0|0,0|0|0|0|0|0|0|0|1,,,-130.0,110.0,0.0,9.0,espn,401473265,CHW,WSH,regular,Mike Clevinger,Joan Adon,,,,,,,,
2023,2023-09-18,Philadelphia Phillies,Atlanta Braves,7.0,1.0,False,0|2|1|1|0|3|0|0|0,1|0|0|0|0|0|0|0|0,,,-115.0,-105.0,0.0,9.5,espn,401473271,PHI,ATL,regular,Zack Wheeler,Kyle Wright,,,,,,,,
2023,2023-09-18,Milwaukee Brewers,St. Louis Cardinals,0.0,1.0,False,0|0|0|0|0|0|0|0|0,0|0|0|1|0|0|0|0,,,-170.0,150.0,0.0,8.5,espn,401473268,MIL,STL,regular,Freddy Peralta,Adam Wainwright,,,,,,,,
2023,2023-09-18,Boston Red Sox,Texas Rangers,4.0,2.0,False,0|0|0|0|1|0|0|3|0,1|0|0|0|0|1|0|0|0,,,160.0,-180.0,0.0,8.5,espn,401473264,BOS,TEX,regular,Kutter Crawford,Jordan Montgomery,,,,,,,,
2023,2023-09-18,Baltimore Orioles,Houston Astros,8.0,7.0,False,0|0|1|0|2|0|2|0|3,1|0|0|0|0|4|1|1|0,,,167.0,-192.0,0.0,8.5,espn,401473263,BAL,HOU,regular,John Means,Justin Verlander,,,,,,,,
2023,2023-09-18,Seattle Mariners,Oakland Athletics,5.0,0.0,False,0|1|0|2|0|1|0|0|1,0|0|0|0|0|0|0|0|0,,,-170.0,150.0,0.0,8.0,espn,401473272,SEA,OAK,regular,Bryan Woo,JP Sears,,,,,,,,
2023,2023-09-18,Colorado Rockies,San Diego Padres,9.0,11.0,False,0|1|2|0|0|2|0|2|2,0|2|3|2|4|0|0|0,,,220.0,-270.0,0.0,8.0,espn,401473273,COL,SD,regular,Ty Blach,Michael Wacha,,,,,,,,
2023,2023-09-18,Detroit Tigers,Los Angeles Dodgers,3.0,8.0,False,0|0|0|0|3|0|0|0|0,0|1|4|0|0|1|2|0,,,165.0,-185.0,0.0,8.0,espn,401473267,DET,LAD,regular,Eduardo Rodriguez,Lance Lynn,,,,,,,,
2023,2023-09-19,Los Angeles Angels,Tampa Bay Rays,2.0,6.0,False,0|0|0|1|0|0|0|1|0,2|0|0|0|0|0|0|4,,,175.0,-210.0,0.0,8.5,espn,401473274,LAA,TB,regular,Patrick Sandoval,Taj Bradley,,,,,,,,
2023,2023-09-19,Minnesota Twins,Cincinnati Reds,7.0,0.0,False,0|1|0|1|0|2|2|1|0,0|0|0|0|0|0|0|0|0,,,-125.0,105.0,0.0,9.5,espn,401473281,MIN,CIN,regular,Kenta Maeda,Fernando Cruz,,,,,,,,
2023,2023-09-19,New York Mets,Miami Marlins,3.0,4.0,False,0|0|1|0|0|0|0|0|2,0|0|1|0|1|1|0|0|1,,,130.0,-150.0,0.0,8.5,espn,401473282,NYM,MIA,regular,Joey Lucchesi,Braxton Garrett,,,,,,,,
2023,2023-09-19,Chicago White Sox,Washington Nationals,3.0,4.0,False,0|0|0|1|0|0|1|0|1,0|0|0|0|0|1|3|0,,,100.0,-120.0,0.0,9.5,espn,401473277,CHW,WSH,regular,Jose Urena,Jackson Rutledge,,,,,,,,
2023,2023-09-19,Toronto Blue Jays,New York Yankees,7.0,1.0,False,1|0|0|1|2|0|0|0|3,1|0|0|0|0|0|0|0|0,,,-105.0,-115.0,0.0,8.0,espn,401473287,TOR,NYY,regular,Yusei Kikuchi,Clarke Schmidt,,,,,,,,
2023,2023-09-19,Philadelphia Phillies,Atlanta Braves,3.0,9.0,False,0|0|0|0|0|3|0|0|0,1|0|0|2|4|2|0|0,,,180.0,-220.0,0.0,8.5,espn,401473283,PHI,ATL,regular,Cristopher Sanchez,Spencer Strider,,,,,,,,
2023,2023-09-19,Cleveland Guardians,Kansas City Royals,6.0,7.0,False,0|0|0|0|2|2|1|1|0,2|0|2|0|3|0|0|0,,,-155.0,135.0,0.0,9.0,espn,401473278,CLE,KC,regular,Logan Allen,Steven Cruz,,,,,,,,
2023,2023-09-19,Pittsburgh Pirates,Chicago Cubs,1.0,14.0,False,0|0|1|0|0|0|0|0|0,2|2|1|0|0|1|0|8,,,145.0,-165.0,0.0,9.0,espn,401473284,PIT,CHC,regular,Bailey Falter,Javier Assad,,,,,,,,
2023,2023-09-19,Milwaukee Brewers,St. Louis Cardinals,7.0,3.0,False,0|0|1|4|0|0|0|1|1,2|0|0|0|1|0|0|0|0,,,-130.0,110.0,0.0,9.0,espn,401473280,MIL,STL,regular,Trevor Megill,Drew Rom,,,,,,,,
2023,2023-09-19,Boston Red Sox,Texas Rangers,4.0,6.0,False,0|0|3|0|0|0|1|0|0,0|1|0|0|1|2|2|0,,,135.0,-155.0,0.0,9.0,espn,401473276,BOS,TEX,regular,Tanner Houck,Nathan Eovaldi,,,,,,,,
2023,2023-09-19,Baltimore Orioles,Houston Astros,9.0,5.0,False,2|0|3|0|0|2|2|0|0,2|0|1|0|0|2|0|0|0,,,155.0,-175.0,0.0,9.0,espn,401473275,BAL,HOU,regular,Kyle Gibson,Hunter Brown,,,,,,,,
2023,2023-09-19,Seattle Mariners,Oakland Athletics,7.0,2.0,False,0|1|0|1|0|0|4|0|1,0|0|0|0|0|0|2|0|0,,,-230.0,190.0,0.0,7.5,espn,401473285,SEA,OAK,regular,Luis Castillo,Paul Blackburn,,,,,,,,
2023,2023-09-19,San Francisco Giants,Arizona Diamondbacks,4.0,8.0,False,2|0|0|0|2|0|0|0|0,1|4|0|2|1|0|0|0,,,125.0,-145.0,0.0,8.0,espn,401473286,SF,ARI,regular,Alex Cobb,Zac Gallen,,,,,,,,
2023,2023-09-19,Colorado Rockies,San Diego Padres,0.0,2.0,False,0|0|0|0|0|0|0|0|0,0|0|0|0|0|0|0|0|2,,,245.0,-306.0,0.0,7.5,espn,401473288,COL,SD,regular,Ryan Feltner,Blake Snell,,,,,,,,
2023,2023-09-19,Detroit Tigers,Los Angeles Dodgers,2.0,3.0,False,1|0|1|0|0|0|0|0|0,0|0|0|1|0|0|0|1|1,,,215.0,-260.0,0.0,8.5,espn,401473279,DET,LAD,regular,Miguel Diaz,Caleb Ferguson,,,,,,,,
2023,2023-09-20,Philadelphia Phillies,Atlanta Braves,6.0,5.0,False,1|1|0|2|0|0|0|0|0|2,0|0|0|1|1|0|0|2|0|1,,,120.0,-140.0,0.0,9.5,espn,401473298,PHI,ATL,regular,Aaron Nola,Bryce Elder,,,,,,,,
2023,2023-09-20,Minnesota Twins,Cincinnati Reds,5.0,3.0,False,0|0|0|0|0|0|1|1|3,0|0|1|1|0|0|1|0|0,,,115.0,-135.0,0.0,8.5,espn,401473296,MIN,CIN,regular,Bailey Ober,Hunter Greene,,,,,,,,
2023,2023-09-20,Chicago White Sox,Washington Nationals,3.0,13.0,False,0|1|0|0|0|0|0|2|0,1|3|4|2|2|0|0|1,,,115.0,-135.0,0.0,9.5,espn,401473292,CHW,WSH,regular,Michael Kopech,Josiah Gray,,,,,,,,
2023,2023-09-20,Boston Red Sox,Texas Rangers,5.0,15.0,False,3|1|0|0|0|0|0|0|1,0|6|2|2|3|2|0|0,,,130.0,-150.0,0.0,9.0,espn,401473291,BOS,TEX,regular,Brayan Bello,Jon Gray,,,,,,,,
2023,2023-09-20,Baltimore Orioles,Houston Astros,1.0,2.0,False,1|0|0|0|0|0|0|0|0,0|0|0|0|0|0|0|1|1,,,-115.0,-105.0,0.0,9.0,espn,401473290,BAL,HOU,regular,Kyle Bradish,Cristian Javier,,,,,,,,
2023,2023-09-20,Cleveland Guardians,Kansas City Royals,2.0,6.0,False,0|0|0|2|0|0|0|0|0,3|0|0|1|0|0|1|1,,,-150.0,130.0,0.0,9.0,espn,401473293,CLE,KC,regular,Lucas Giolito,Zack Greinke,,,,,,,,
2023,2023-09-20,Seattle Mariners,Oakland Athletics,6.0,3.0,False,0|2|0|0|4|0|0|0|0,0|0|0|1|0|2|0|0|0,,,-260.0,215.0,0.0,8.5,espn,401473300,SEA,OAK,regular,George Kirby,Joey Estes,,,,,,,,
2023,2023-09-20,San Francisco Giants,Arizona Diamondbacks,1.0,7.0,False,1|0|0|0|0|0|0|0|0,1|0|2|0|0|0|4|0,,,-115.0,-105.0,0.0,7.5,espn,401473301,SF,ARI,regular,Logan Webb,Merrill Kelly,,,,,,,,
2023,2023-09-20,Colorado Rockies,San Diego Padres,2.0,3.0,False,2|0|0|0|0|0|0|0|0,1|0|0|0|0|0|2|0,,,215.0,-260.0,0.0,8.5,espn,401473303,COL,SD,regular,Chase Anderson,Seth Lugo,,,,,,,,
2023,2023-09-20,Los Angeles Angels,Tampa Bay Rays,8.0,3.0,False,2|4|0|0|0|2|0|0|0,0|0|1|0|0|2|0|0|0,,,205.0,-245.0,0.0,8.0,espn,401473289,LAA,TB,regular,Reid Detmers,Aaron Civale,,,,,,,,
2023,2023-09-20,New York Mets,Miami Marlins,8.0,3.0,False,0|1|2|0|0|1|2|1|1,0|0|0|1|0|1|0|1|0,,,100.0,-120.0,0.0,7.5,espn,401473297,NYM,MIA,regular,Kodai Senga,Eury Perez,,,,,,,,
2023,2023-09-20,Toronto Blue Jays,New York Yankees,6.0,1.0,False,0|0|1|0|0|0|0|2|3,0|0|0|0|0|0|0|0|1,,,-120.0,100.0,0.0,7.0,espn,401473302,TOR,NYY,regular,Kevin Gausman,Michael King,,,,,,,,
2023,2023-09-20,Pittsburgh Pirates,Chicago Cubs,13.0,7.0,False,0|0|0|7|1|3|0|0|2,0|1|0|0|5|1|0|0|0,,,167.0,-192.0,0.0,7.5,espn,401473299,PIT,CHC,regular,Mitch Keller,Justin Steele,,,,,,,,
2023,2023-09-20,Milwaukee Brewers,St. Louis Cardinals,8.0,2.0,False,3|0|0|1|0|0|0|0|4,1|0|0|0|0|0|0|1|0,,,-120.0,100.0,0.0,8.5,espn,401473295,MIL,STL,regular,Adrian Houser,Zack Thompson,,,,,,,,
2023,2023-09-20,Detroit Tigers,Los Angeles Dodgers,4.0,2.0,False,0|1|1|0|0|0|1|1|0,0|0|0|0|0|1|0|1|0,,,215.0,-260.0,0.0,8.0,espn,401473294,DET,LAD,regular,Reese Olson,Bobby Miller,,,,,,,,
2023,2023-09-21,Los Angeles Angels,Tampa Bay Rays,4.0,5.0,False,0|0|0|2|0|2|0|0|0,1|0|0|1|0|1|0|0|2,,,230.0,-280.0,0.0,7.5,espn,401473304,LAA,TB,regular,Griffin Canning,Zach Eflin,,,,,,,,
2023,2023-09-21,Milwaukee Brewers,St. Louis Cardinals,6.0,0.0,False,0|0|1|0|1|4|0|0|0,0|0|0|0|0|0|0|0|0,,,-110.0,-110.0,0.0,9.0,espn,401473308,MIL,STL,regular,Wade Miley,Miles Mikolas,,,,,,,,
2023,2023-09-21,Atlanta Braves,Washington Nationals,10.0,3.0,False,0|0|5|0|1|0|1|1|2,0|0|1|0|0|0|0|0|2,,,-270.0,220.0,0.0,8.5,espn,401473305,ATL,WSH,regular,Max Fried,Jake Irvin,,,,,,,,
2023,2023-09-21,Toronto Blue Jays,New York Yankees,3.0,5.0,False,0|0|0|0|0|0|0|1|2,3|0|0|0|0|1|1|0,,,125.0,-145.0,0.0,7.0,espn,401473312,TOR,NYY,regular,Jose Berrios,Gerrit Cole,,,,,,,,
2023,2023-09-21,Baltimore Orioles,Cleveland Guardians,2.0,5.0,False,0|0|0|0|0|0|0|2|0,0|0|0|0|2|0|0|3,,,-155.0,135.0,0.0,8.0,espn,401473306,BAL,CLE,regular,Grayson Rodriguez,Hunter Gaddis,,,,,,,,
2023,2023-09-21,New York Mets,Philadelphia Phillies,4.0,5.0,False,0|2|0|1|0|1|0|0|0,2|0|2|0|0|1|0|0,,,140.0,-160.0,0.0,8.5,espn,401473309,NYM,PHI,regular,David Peterson,Ranger Suarez,,,,,,,,
2023,2023-09-21,Pittsburgh Pirates,Chicago Cubs,8.0,6.0,False,0|0|2|0|1|0|0|2|3,0|0|0|0|0|0|1|3|2,,,155.0,-175.0,0.0,8.5,espn,401473310,PIT,CHC,regular,Johan Oviedo,Kyle Hendricks,,,,,,,,
2023,2023-09-21,Detroit Tigers,Oakland Athletics,7.0,3.0,False,2|0|0|0|3|0|0|2|0,0|0|0|0|0|0|0|0|3,,,-180.0,160.0,0.0,7.5,espn,401473307,DET,OAK,regular,Tarik Skubal,Luis Medina,,,,,,,,
2023,2023-09-21,San Francisco Giants,Los Angeles Dodgers,2.0,7.0,False,0|0|0|0|1|1|0|0|0,0|0|1|1|0|1|2|2,,,165.0,-185.0,0.0,9.0,espn,401473311,SF,LAD,regular,Kyle Harrison,Emmet Sheehan,,,,,,,,
2023,2023-09-22,Colorado Rockies,Chicago Cubs,0.0,6.0,False,0|0|0|0|0|0|0|0|0,1|0|0|2|0|2|1|0,,,210.0,-250.0,0.0,8.5,espn,401473318,COL,CHC,regular,Noah Davis,Jameson Taillon,,,,,,,,
2023,2023-09-22,Milwaukee Brewers,Miami Marlins,16.0,1.0,False,0|12|0|0|1|3|0|0|0,0|0|0|0|0|0|0|1|0,,,-145.0,125.0,0.0,7.5,espn,401473321,MIL,MIA,regular,Corbin Burnes,JT Chargois,,,,,,,,
2023,2023-09-22,Pittsburgh Pirates,Cincinnati Reds,7.0,5.0,False,0|0|0|1|1|2|2|0|1,0|1|0|0|2|2|0|0|0,,,130.0,-150.0,0.0,9.5,espn,401473323,PIT,CIN,regular,Andre Jackson,Andrew Abbott,,,,,,,,
2023,2023-09-22,Toronto Blue Jays,Tampa Bay Rays,6.0,2.0,False,0|0|0|0|0|4|0|0|2,1|0|0|0|0|0|1|0|0,,,130.0,-150.0,0.0,7.5,espn,401473326,TOR,TB,regular,Chris Bassitt,Tyler Glasnow,,,,,,,,
2023,2023-09-22,Arizona Diamondbacks,New York Yankees,1.0,7.0,False,0|0|0|0|0|0|0|0|1,0|0|3|0|3|0|1|0,,,-120.0,100.0,0.0,8.5,espn,401473314,ARI,NYY,regular,Brandon Pfaadt,Luke Weaver,,,,,,,,
2023,2023-09-22,Atlanta Braves,Washington Nationals,9.0,6.0,False,3|0|1|0|2|0|3|0|0,0|0|1|2|0|1|0|2|0,,,-250.0,210.0,0.0,9.0,espn,401473315,ATL,WSH,regular,Charlie Morton,Patrick Corbin,,,,,,,,
2023,2023-09-22,New York Mets,Philadelphia Phillies,4.0,5.0,False,1|0|0|0|1|0|0|1|1|0,0|0|0|0|0|3|1|0|0|1,,,145.0,-165.0,0.0,9.0,espn,401473322,NYM,PHI,regular,Tylor Megill,Taijuan Walker,,,,,,,,
2023,2023-09-22,Baltimore Orioles,Cleveland Guardians,8.0,9.0,False,2|0|3|0|0|0|1|0|2,2|1|0|3|0|0|1|0|2,,,-105.0,-115.0,0.0,8.0,espn,401473316,BAL,CLE,regular,Dean Kremer,Shane Bieber,,,,,,,,
2023,2023-09-22,Chicago White Sox,Boston Red Sox,2.0,3.0,False,0|0|0|0|0|2|0|0|0,0|0|0|0|1|0|0|2,,,175.0,-210.0,0.0,9.0,espn,401473317,CHW,BOS,regular,Touki Toussaint,Chris Sale,,,,,,,,
2023,2023-09-22,Seattle Mariners,Texas Rangers,5.0,8.0,False,0|0|0|0|0|4|0|0|1,1|3|0|0|4|0|0|0,,,115.0,-135.0,0.0,9.5,espn,401473324,SEA,TEX,regular,Bryce Miller,Dane Dunning,,,,,,,,
2023,2023-09-22,Los Angeles Angels,Minnesota Twins,6.0,8.0,False,0|0|0|0|3|0|0|2|1,0|1|0|2|0|1|4|0,,,220.0,-270.0,0.0,8.0,espn,401473313,LAA,MIN,regular,Davis Daniel,Pablo Lopez,,,,,,,,
2023,2023-09-22,Kansas City Royals,Houston Astros,7.0,5.0,False,4|0|0|0|0|3|0|0|0,1|1|0|0|0|0|0|3|0,,,190.0,-230.0,0.0,8.5,espn,401473320,KC,HOU,regular,Cole Ragans,Framber Valdez,,,,,,,,
2023,2023-09-22,Detroit Tigers,Oakland Athletics,2.0,8.0,False,0|0|0|0|2|0|0|0|0,1|0|0|0|0|4|3|0,,,-155.0,135.0,0.0,7.5,espn,401473319,DET,OAK,regular,Sawyer Gipson-Long,Ken Waldichuk,,,,,,,,
2023,2023-09-22,St. Louis Cardinals,San Diego Padres,2.0,4.0,False,0|0|0|0|0|1|0|1|0,0|1|0|0|0|1|0|2,,,155.0,-175.0,0.0,9.0,espn,401473327,STL,SD,regular,Dakota Hudson,Matt Waldron,,,,,,,,
2023,2023-09-22,San Francisco Giants,Los Angeles Dodgers,5.0,1.0,False,0|0|0|2|0|1|0|0|2,0|0|0|0|0|0|0|1|0,,,150.0,-170.0,0.0,9.0,espn,401473325,SF,LAD,regular,Sean Manaea,Caleb Ferguson,,,,,,,,
2023,2023-09-23,Los Angeles Angels,Minnesota Twins,1.0,0.0,False,0|0|0|1|0|0|0|0|0,0|0|0|0|0|0|0|0|0,,,170.0,-200.0,0.0,7.5,espn,401473328,LAA,MIN,regular,Kenny Rosenberg,Sonny Gray,,,,,,,,
2023,2023-09-23,Colorado Rockies,Chicago Cubs,3.0,6.0,False,0|3|0|0|0|0|0|0|0,1|0|0|0|1|1|1|2,,,190.0,-230.0,0.0,8.5,espn,401473333,COL,CHC,regular,Chris Flexen,Marcus Stroman,,,,,,,,
2023,2023-09-23,New York Mets,Philadelphia Phillies,5.0,7.0,False,0|2|0|0|0|0|3|0|0,0|2|1|0|3|0|1|0,,,160.0,-180.0,0.0,7.5,espn,401473337,NYM,PHI,regular,Jose Quintana,Zack Wheeler,,,,,,,,
2023,2023-09-23,Detroit Tigers,Oakland Athletics,1.0,4.0,False,0|0|1|0|0|0|0|0|0,0|0|2|0|0|0|0|2,,,-130.0,110.0,0.0,8.5,espn,401473334,DET,OAK,regular,Miguel Diaz,Joe Boyle,,,,,,,,
2023,2023-09-23,Chicago White Sox,Boston Red Sox,1.0,0.0,False,0|0|0|0|0|0|0|0|1,0|0|0|0|0|0|0|0|0,,,130.0,-150.0,0.0,8.5,espn,401473332,CHW,BOS,regular,Dylan Cease,Nick Pivetta,,,,,,,,
2023,2023-09-23,Milwaukee Brewers,Miami Marlins,4.0,5.0,False,0|0|0|0|0|4|0|0|0,3|0|0|1|0|0|0|1,,,-115.0,-105.0,0.0,7.0,espn,401473336,MIL,MIA,regular,Brandon Woodruff,Jesus Luzardo,,,,,,,,
2023,2023-09-23,Toronto Blue Jays,Tampa Bay Rays,6.0,7.0,False,0|0|0|0|0|4|0|2|0,4|0|0|1|0|0|0|0|2,,,-110.0,-110.0,0.0,8.0,espn,401473341,TOR,TB,regular,Hyun Jin Ryu,Zack Littell,,,,,,,,
2023,2023-09-23,Baltimore Orioles,Cleveland Guardians,2.0,1.0,False,1|0|0|0|0|1|0|0|0,0|0|0|0|0|0|1|0|0,,,-130.0,110.0,0.0,8.0,espn,401473331,BAL,CLE,regular,John Means,Cal Quantrill,,,,,,,,
2023,2023-09-23,Pittsburgh Pirates,Cincinnati Reds,13.0,12.0,False,0|0|0|1|0|5|3|4|0,3|5|1|0|0|0|0|2|1,,,115.0,-135.0,0.0,9.5,espn,401473338,PIT,CIN,regular,Bailey Falter,Connor Phillips,,,,,,,,
2023,2023-09-23,Seattle Mariners,Texas Rangers,0.0,2.0,False,0|0|0|0|0|0|0|0|0,0|1|0|1|0|0|0|0,,,110.0,-130.0,0.0,8.5,espn,401473339,SEA,TEX,regular,Logan Gilbert,Jordan Montgomery,,,,,,,,
2023,2023-09-23,Kansas City Royals,Houston Astros,3.0,2.0,False,1|0|0|0|2|0|0|0|0,0|0|0|0|0|0|1|1|0,,,235.0,-291.0,0.0,10.0,espn,401473335,KC,HOU,regular,Jordan Lyles,J.P. France,,,,,,,,
2023,2023-09-23,St. Louis Cardinals,San Diego Padres,5.0,2.0,False,0|0|0|0|0|0|2|0|0|0|3,1|0|0|0|0|0|0|0|1|0|0,,,167.0,-192.0,0.0,8.5,espn,401473342,STL,SD,regular,Jake Woodford,Nick Martinez,,,,,,,,
2023,2023-09-23,San Francisco Giants,Los Angeles Dodgers,0.0,7.0,False,0|0|0|0|0|0|0|0|0,0|1|2|0|2|0|0|2,,,175.0,-210.0,0.0,8.5,espn,401473340,SF,LAD,regular,John Brebbia,Clayton Kershaw,,,,,,,,
2023,2023-09-24,Toronto Blue Jays,Tampa Bay Rays,9.0,5.0,False,0|5|0|0|0|1|0|1|2,2|0|0|1|0|0|2|0|0,,,-110.0,-110.0,0.0,8.0,espn,401473356,TOR,TB,regular,Yusei Kikuchi,Taj Bradley,,,,,,,,
2023,2023-09-24,Arizona Diamondbacks,New York Yankees,7.0,1.0,False,2|0|0|0|0|0|3|1|1,0|0|0|0|0|0|0|0|1,,,-115.0,-105.0,0.0,7.0,espn,401473344,ARI,NYY,regular,Zac Gallen,Carlos Rodon,,,,,,,,
2023,2023-09-24,Atlanta Braves,Washington Nationals,2.0,3.0,False,0|1|0|0|0|0|0|0|1,0|2|0|0|0|1|0|0,,,-230.0,190.0,0.0,9.5,espn,401473345,ATL,WSH,regular,Allan Winans,Jackson Rutledge,,,,,,,,
2023,2023-09-24,Chicago White Sox,Boston Red Sox,3.0,2.0,False,0|0|0|0|2|1|0,0|1|0|0|0|1,,,145.0,-165.0,0.0,8.5,espn,401473347,CHW,BOS,regular,Mike Clevinger,Kutter Crawford,,,,,,,,
2023,2023-09-24,Baltimore Orioles,Cleveland Guardians,5.0,1.0,False,0|3|0|1|1|0|0|0|0,0|0|0|1|0|0|0|0|0,,,-105.0,-115.0,0.0,7.0,espn,401473346,BAL,CLE,regular,Kyle Gibson,Triston McKenzie,,,,,,,,
2023,2023-09-24,Milwaukee Brewers,Miami Marlins,1.0,6.0,False,0|0|0|0|1|0|0|0|0,0|1|3|0|2|0|0|0,,,-130.0,110.0,0.0,7.0,espn,401473351,MIL,MIA,regular,Freddy Peralta,Edward Cabrera,,,,,,,,
2023,2023-09-24,Pittsburgh Pirates,Cincinnati Reds,2.0,4.0,False,0|0|0|0|2|0|0|0|0,0|0|0|0|0|2|1|1,,,125.0,-145.0,0.0,10.5,espn,401473353,PIT,CIN,regular,Quinn Priester,Brandon Williamson,,,,,,,,
2023,2023-09-24,Los Angeles Angels,Minnesota Twins,3.0,9.0,False,0|0|2|0|1|0|0|0|0,0|1|1|0|0|2|5|0,,,210.0,-250.0,0.0,8.0,espn,401473343,LAA,MIN,regular,Andrew Wantz,Joe Ryan,,,,,,,,
2023,2023-09-24,Kansas City Royals,Houston Astros,6.0,5.0,False,0|3|3|0|0|0|0|0|0,1|1|2|0|1|0|0|0|0,,,225.0,-275.0,0.0,9.5,espn,401473350,KC,HOU,regular,Steven Cruz,Hunter Brown,,,,,,,,
2023,2023-09-24,Colorado Rockies,Chicago Cubs,3.0,4.0,False,0|0|2|0|0|1|0|0|0,0|1|0|0|0|3|0|0,,,205.0,-245.0,0.0,9.0,espn,401473348,COL,CHC,regular,Ty Blach,Jordan Wicks,,,,,,,,
2023,2023-09-24,Seattle Mariners,Texas Rangers,8.0,9.0,False,0|1|1|0|0|3|3|0|0,1|0|2|4|0|2|0|0,,,110.0,-130.0,0.0,9.0,espn,401473354,SEA,TEX,regular,Bryan Woo,Nathan Eovaldi,,,,,,,,
2023,2023-09-24,Detroit Tigers,Oakland Athletics,2.0,0.0,False,0|0|2|0|0|0|0|0|0,0|0|0|0|0|0|0|0|0,,,-140.0,120.0,0.0,8.0,espn,401473349,DET,OAK,regular,Eduardo Rodriguez,JP Sears,,,,,,,,
2023,2023-09-24,St. Louis Cardinals,San Diego Padres,2.0,12.0,False,0|0|0|0|0|0|2|0|0,3|2|1|2|1|3|0|0,,,170.0,-200.0,0.0,8.0,espn,401473357,STL,SD,regular,Drew Rom,Michael Wacha,,,,,,,,
2023,2023-09-24,New York Mets,Philadelphia Phillies,2.0,5.0,False,0|0|0|0|0|2|0|0|0,0|0|0|4|1|0|0|0,,,155.0,-175.0,0.0,9.0,espn,401473352,NYM,PHI,regular,Jose Butto,Cristopher Sanchez,,,,,,,,
2023,2023-09-24,Atlanta Braves,Washington Nationals,8.0,5.0,False,0|0|0|4|0|2|2|0|0,0|0|3|0|0|1|0|0|1,,,-300.0,240.0,0.0,8.0,espn,401602489,ATL,WSH,regular,Spencer Strider,Joan Adon,,,,,,,,
2023,2023-09-24,San Francisco Giants,Los Angeles Dodgers,2.0,3.0,False,0|0|0|0|2|0|0|0|0|0,0|2|0|0|0|0|0|0|0|1,,,155.0,-175.0,0.0,9.0,espn,401473355,SF,LAD,regular,Ryan Walker,Lance Lynn,,,,,,,,
2023,2023-09-25,Arizona Diamondbacks,New York Yankees,4.0,6.0,False,2|0|0|0|0|0|1|1|0,0|0|0|2|0|0|1|3,,,-115.0,-105.0,0.0,7.0,espn,401602589,ARI,NYY,regular,Merrill Kelly,Clarke Schmidt,,,,,,,,
2023,2023-09-25,Texas Rangers,Los Angeles Angels,5.0,1.0,False,0|0|0|0|0|3|1|1|0,0|1|0|0|0|0|0|0|0,,,-185.0,165.0,0.0,9.0,espn,401473361,TEX,LAA,regular,Jon Gray,Patrick Sandoval,,,,,,,,
2023,2023-09-25,Houston Astros,Seattle Mariners,5.0,1.0,False,0|3|1|0|0|1|0|0|0,0|0|0|0|0|0|0|0|1,,,110.0,-130.0,0.0,7.5,espn,401473359,HOU,SEA,regular,Justin Verlander,Luis Castillo,,,,,,,,
2023,2023-09-25,San Diego Padres,San Francisco Giants,1.0,2.0,False,1|0|0|0|0|0|0|0|0,0|0|0|0|0|0|0|2,,,-120.0,100.0,0.0,7.0,espn,401473360,SD,SF,regular,Blake Snell,Logan Webb,,,,,,,,
2023,2023-09-26,Los Angeles Dodgers,Colorado Rockies,1.0,4.0,False,0|0|0|0|0|1|0|0|0,3|0|0|0|0|0|1|0,,,-235.0,195.0,0.0,12.0,espn,401473376,LAD,COL,regular,Caleb Ferguson,Chase Anderson,,,,,,,,
2023,2023-09-26,Cincinnati Reds,Cleveland Guardians,11.0,7.0,False,0|0|4|1|3|1|0|0|2,0|3|3|1|0|0|0|0|0,,,-105.0,-115.0,0.0,7.5,espn,401473364,CIN,CLE,regular,Hunter Greene,Lucas Giolito,,,,,,,,
2023,2023-09-26,Washington Nationals,Baltimore Orioles,0.0,1.0,False,0|0|0|0|0|0|0|0|0,1|0|0|0|0|0|0|0,,,205.0,-245.0,0.0,7.5,espn,401473375,WSH,BAL,regular,Josiah Gray,Kyle Bradish,,,,,,,,
2023,2023-09-26,Kansas City Royals,Detroit Tigers,3.0,6.0,False,0|1|0|0|0|1|0|0|1,0|0|0|0|0|2|0|4,,,135.0,-155.0,0.0,8.0,espn,401473366,KC,DET,regular,Zack Greinke,Reese Olson,,,,,,,,
2023,2023-09-26,Pittsburgh Pirates,Philadelphia Phillies,2.0,3.0,False,0|0|0|0|0|0|1|1|0|0,0|0|0|0|0|2|0|0|0|1,,,160.0,-180.0,0.0,7.5,espn,401473370,PIT,PHI,regular,Mitch Keller,Aaron Nola,,,,,,,,
2023,2023-09-26,New York Yankees,Toronto Blue Jays,2.0,0.0,False,0|0|0|0|0|0|0|0|2,0|0|0|0|0|0|0|0|0,,,155.0,-175.0,0.0,7.0,espn,401473368,NYY,TOR,regular,Michael King,Kevin Gausman,,,,,,,,
2023,2023-09-26,Tampa Bay Rays,Boston Red Sox,9.0,7.0,False,3|0|4|0|0|0|0|2|0,0|0|0|0|3|2|1|1|0,,,-120.0,100.0,0.0,8.0,espn,401473373,TB,BOS,regular,Zach Eflin,Tanner Houck,,,,,,,,
2023,2023-09-26,Chicago Cubs,Atlanta Braves,6.0,7.0,False,0|2|2|1|0|1|0|0|0,0|0|0|0|0|3|2|2,,,125.0,-145.0,0.0,9.5,espn,401473363,CHC,ATL,regular,Justin Steele,Bryce Elder,,,,,,,,
2023,2023-09-26,Arizona Diamondbacks,Chicago White Sox,15.0,4.0,False,0|1|2|0|6|2|0|1|3,3|1|0|0|0|0|0|0|0,,,-155.0,135.0,0.0,9.0,espn,401473362,ARI,CHW,regular,Zach Davies,Jose Urena,,,,,,,,
2023,2023-09-26,Oakland Athletics,Minnesota Twins,3.0,11.0,False,0|0|0|0|0|0|3|0|0,5|0|0|0|2|0|4|0,,,180.0,-220.0,0.0,7.5,espn,401473369,OAK,MIN,regular,Paul Blackburn,Bailey Ober,,,,,,,,
2023,2023-09-26,St. Louis Cardinals,Milwaukee Brewers,4.0,1.0,False,0|0|0|2|2|0|0|0|0,0|0|1|0|0|0|0|0|0,,,145.0,-165.0,0.0,8.5,espn,401473372,STL,MIL,regular,Miles Mikolas,Adrian Houser,,,,,,,,
2023,2023-09-26,Los Angeles Dodgers,Colorado Rockies,11.0,2.0,False,0|5|0|0|2|2|1|0|1,0|0|0|0|1|1|0|0|0,,,-240.0,200.0,0.0,11.5,espn,401473377,LAD,COL,regular,Bobby Miller,Ryan Feltner,,,,,,,,
2023,2023-09-26,Texas Rangers,Los Angeles Angels,3.0,9.0,False,1|0|0|0|0|0|0|0|2,3|0|0|1|5|0|0|0,,,-160.0,140.0,0.0,9.0,espn,401473374,TEX,LAA,regular,Cody Bradford,Reid Detmers,,,,,,,,
2023,2023-09-26,San Diego Padres,San Francisco Giants,4.0,0.0,False,1|0|1|0|0|0|2|0|0,0|0|0|0|0|0|0|0|0,,,-135.0,115.0,0.0,8.0,espn,401473371,SD,SF,regular,Seth Lugo,John Brebbia,,,,,,,,
2023,2023-09-26,Houston Astros,Seattle Mariners,2.0,6.0,False,0|0|0|0|0|0|1|0|1,0|0|2|0|3|0|0|1,,,-105.0,-115.0,0.0,8.0,espn,401473365,HOU,SEA,regular,Cristian Javier,George Kirby,,,,,,,,
2023,2023-09-27,Arizona Diamondbacks,Chicago White Sox,3.0,0.0,False,0|0|3|0|0|0|0|0|0,0|0|0|0|0|0|0|0|0,,,-192.0,167.0,0.0,9.0,espn,401473378,ARI,CHW,regular,Brandon Pfaadt,Luis Patino,,,,,,,,
2023,2023-09-27,Miami Marlins,New York Mets,2.0,11.0,False,0|0|0|0|0|0|2|0|0,2|0|2|0|0|2|3|2,,,-130.0,110.0,0.0,7.5,espn,401604069,MIA,NYM,regular,Braxton Garrett,Joey Lucchesi,,,,,,,,
2023,2023-09-27,Cincinnati Reds,Cleveland Guardians,3.0,4.0,False,0|0|0|0|0|1|0|2|0,0|2|1|1|0|0|0|0,,,105.0,-125.0,0.0,8.0,espn,401473380,CIN,CLE,regular,Andrew Abbott,Shane Bieber,,,,,,,,
2023,2023-09-27,Tampa Bay Rays,Boston Red Sox,5.0,0.0,False,0|1|0|2|0|2|0|0|0,0|0|0|0|0|0|0|0|0,,,-140.0,120.0,0.0,7.5,espn,401473389,TB,BOS,regular,Tyler Glasnow,Brayan Bello,,,,,,,,
2023,2023-09-27,Washington Nationals,Baltimore Orioles,1.0,5.0,False,0|0|0|0|1|0|0|0|0,0|0|2|0|2|1|0|0,,,215.0,-260.0,0.0,8.0,espn,401473391,WSH,BAL,regular,Patrick Corbin,Grayson Rodriguez,,,,,,,,
2023,2023-09-27,Kansas City Royals,Detroit Tigers,0.0,8.0,False,0|0|0|0|0|0|0|0|0,0|1|0|3|2|0|0|2,,,175.0,-210.0,0.0,8.0,espn,401473382,KC,DET,regular,Jonathan Bowlan,Tarik Skubal,,,,,,,,
2023,2023-09-27,Pittsburgh Pirates,Philadelphia Phillies,6.0,7.0,False,3|0|2|0|1|0|0|0|0,0|0|0|4|2|0|1|0,,,110.0,-130.0,0.0,8.0,espn,401473386,PIT,PHI,regular,Johan Oviedo,Ranger Suarez,,,,,,,,
2023,2023-09-27,New York Yankees,Toronto Blue Jays,6.0,0.0,False,0|0|0|2|2|0|2|0|0,0|0|0|0|0|0|0|0|0,,,105.0,-125.0,0.0,7.0,espn,401473384,NYY,TOR,regular,Gerrit Cole,Jose Berrios,,,,,,,,
2023,2023-09-27,Chicago Cubs,Atlanta Braves,5.0,6.0,False,0|1|2|0|0|0|0|0|1|1,1|0|0|0|0|0|1|1|1|2,,,130.0,-150.0,0.0,9.5,espn,401473379,CHC,ATL,regular,Jameson Taillon,Darius Vines,,,,,,,,
2023,2023-09-27,Miami Marlins,New York Mets,4.0,2.0,False,1|0|0|1|0|0|0|0|2,0|1|0|1|0|0|0|0|0,,,115.0,-135.0,0.0,8.0,espn,401473383,MIA,NYM,regular,Johnny Cueto,Kodai Senga,,,,,,,,
2023,2023-09-27,Oakland Athletics,Minnesota Twins,4.0,6.0,False,0|0|1|0|3|0|0|0|0,1|1|0|0|0|2|0|2,,,225.0,-275.0,0.0,7.5,espn,401473385,OAK,MIN,regular,Joey Estes,Pablo Lopez,,,,,,,,
2023,2023-09-27,St. Louis Cardinals,Milwaukee Brewers,2.0,3.0,False,0|1|0|0|0|1|0|0|0,0|0|0|0|0|2|1|0,,,125.0,-145.0,0.0,8.0,espn,401473388,STL,MIL,regular,Zack Thompson,Wade Miley,,,,,,,,
2023,2023-09-27,Los Angeles Dodgers,Colorado Rockies,8.0,2.0,False,0|0|1|0|3|0|0|4|0,0|0|1|0|0|1|0|0|0,,,-210.0,175.0,0.0,12.5,espn,401473392,LAD,COL,regular,Emmet Sheehan,Noah Davis,,,,,,,,
2023,2023-09-27,Texas Rangers,Los Angeles Angels,5.0,0.0,False,1|0|1|0|0|0|0|0|3,0|0|0|0|0|0|0|0|0,,,-165.0,145.0,0.0,8.5,espn,401473390,TEX,LAA,regular,Dane Dunning,Griffin Canning,,,,,,,,
2023,2023-09-27,Houston Astros,Seattle Mariners,8.0,3.0,False,0|0|0|4|0|0|3|1|0,1|0|0|2|0|0|0|0|0,,,-120.0,100.0,0.0,8.0,espn,401473381,HOU,SEA,regular,Framber Valdez,Bryce Miller,,,,,,,,
2023,2023-09-27,San Diego Padres,San Francisco Giants,5.0,2.0,False,0|0|0|0|1|0|1|0|0|3,0|1|0|0|1|0|0|0|0|0,,,100.0,-120.0,0.0,8.5,espn,401473387,SD,SF,regular,Matt Waldron,Sean Manaea,,,,,,,,
2023,2023-09-28,Kansas City Royals,Detroit Tigers,0.0,8.0,False,0|0|0|0|0|0|0|0|0,0|1|0|3|2|0|0|2,,,175.0,-210.0,0.0,8.0,espn,401473382,KC,DET,regular,Jonathan Bowlan,Tarik Skubal,,,,,,,,
2023,2023-09-28,Oakland Athletics,Minnesota Twins,2.0,1.0,False,0|1|0|0|0|0|0|1|0,0|0|0|0|0|1|0|0|0,,,220.0,-270.0,0.0,8.0,espn,401473398,OAK,MIN,regular,Luis Medina,Sonny Gray,,,,,,,,
2023,2023-09-28,Arizona Diamondbacks,Chicago White Sox,1.0,3.0,False,0|0|1|0|0|0|0|0|0,0|2|0|1|0|0|0|0,,,-180.0,160.0,0.0,9.0,espn,401473358,ARI,CHW,regular,Bryce Jarvis,Touki Toussaint,,,,,,,,
2023,2023-09-28,Kansas City Royals,Detroit Tigers,3.0,7.0,False,1|0|2|0|0|0|0|0|0,0|0|0|0|0|0|7|0,,,-110.0,-110.0,0.0,7.0,espn,401473395,KC,DET,regular,Cole Ragans,Sawyer Gipson-Long,,,,,,,,
2023,2023-09-28,St. Louis Cardinals,Milwaukee Brewers,0.0,3.0,False,0|0|0|0|0|0|0|0|0,1|0|1|0|0|1|0|0,,,215.0,-260.0,0.0,8.5,espn,401473400,STL,MIL,regular,Dakota Hudson,Corbin Burnes,,,,,,,,
2023,2023-09-28,Pittsburgh Pirates,Philadelphia Phillies,3.0,2.0,False,0|0|1|0|2|0|0|0|0,1|0|0|0|0|0|0|1|0,,,220.0,-270.0,0.0,8.0,espn,401473399,PIT,PHI,regular,Luis Ortiz,Zack Wheeler,,,,,,,,
2023,2023-09-28,Boston Red Sox,Baltimore Orioles,0.0,2.0,False,0|0|0|0|0|0|0|0|0,1|0|0|0|0|0|0|1,,,100.0,-120.0,0.0,7.5,espn,401473393,BOS,BAL,regular,Chris Sale,Dean Kremer,,,,,,,,
2023,2023-09-28,New York Yankees,Toronto Blue Jays,0.0,6.0,False,0|0|0|0|0|0|0|0|0,0|0|1|1|1|3|0|0,,,165.0,-185.0,0.0,8.5,espn,401473397,NYY,TOR,regular,Luke Weaver,Chris Bassitt,,,,,,,,
2023,2023-09-28,Miami Marlins,New York Mets,0.0,1.0,False,0|0|0|0|0|0|0|0,0|0|0|0|0|0|0|1,,,-135.0,115.0,,7.5,espn,401473396,MIA,NYM,regular,Jesus Luzardo,David Peterson,,,,,,,,
2023,2023-09-28,Chicago Cubs,Atlanta Braves,3.0,5.0,False,1|0|0|0|0|1|0|1|0,2|2|1|0|0|0|0|0,,,120.0,-140.0,0.0,9.5,espn,401473394,CHC,ATL,regular,Marcus Stroman,AJ Smith-Shawver,,,,,,,,
2023,2023-09-28,Los Angeles Dodgers,Colorado Rockies,5.0,14.0,False,2|1|0|0|0|0|1|0|1,1|2|4|2|0|0|4|1,,,-225.0,185.0,0.0,11.5,espn,401473402,LAD,COL,regular,Ryan Yarbrough,Chris Flexen,,,,,,,,
2023,2023-09-28,Texas Rangers,Seattle Mariners,2.0,3.0,False,0|0|1|1|0|0|0|0|0,0|0|0|1|0|0|0|0|2,,,-105.0,-115.0,0.0,7.5,espn,401473401,TEX,SEA,regular,Jordan Montgomery,Logan Gilbert,,,,,,,,
2023,2023-09-29,Miami Marlins,Pittsburgh Pirates,4.0,3.0,False,0|0|0|0|0|0|0|4|0,0|0|1|2|0|0|0|0|0,,,-140.0,120.0,0.0,8.5,espn,401473416,MIA,PIT,regular,Edward Cabrera,Osvaldo Bido,,,,,,,,
2023,2023-09-29,Cleveland Guardians,Detroit Tigers,7.0,5.0,False,0|3|4|0|0|0|0|0|0,0|2|0|2|0|0|0|0|1,,,-110.0,-110.0,0.0,8.5,espn,401473406,CLE,DET,regular,Cal Quantrill,Joey Wentz,,,,,,,,
2023,2023-09-29,Boston Red Sox,Baltimore Orioles,3.0,0.0,False,0|0|0|0|2|0|0|0|1,0|0|0|0|0|0|0|0|0,,,-120.0,100.0,0.0,7.5,espn,401473403,BOS,BAL,regular,Nick Pivetta,John Means,,,,,,,,
2023,2023-09-29,Tampa Bay Rays,Toronto Blue Jays,4.0,11.0,False,0|0|0|0|0|4|0|0|0,0|1|3|3|1|2|1|0,,,110.0,-130.0,0.0,8.0,espn,401473413,TB,TOR,regular,Aaron Civale,Yusei Kikuchi,,,,,,,,
2023,2023-09-29,Washington Nationals,Atlanta Braves,10.0,6.0,False,0|0|0|4|0|3|3|0|0,1|1|0|0|4|0|0|0|0,,,230.0,-280.0,0.0,10.0,espn,401473415,WSH,ATL,regular,Trevor Williams,Allan Winans,,,,,,,,
2023,2023-09-29,San Diego Padres,Chicago White Sox,3.0,2.0,False,0|0|0|0|1|2|0|0|0,0|0|0|0|0|0|0|1|1,,,-140.0,120.0,0.0,8.5,espn,401473412,SD,CHW,regular,Nick Martinez,Dylan Cease,,,,,,,,
2023,2023-09-29,Chicago Cubs,Milwaukee Brewers,3.0,4.0,False,0|0|0|0|0|0|0|2|1|0,0|0|0|0|3|0|0|0|0|1,,,-110.0,-110.0,0.0,8.5,espn,401473404,CHC,MIL,regular,Kyle Hendricks,Colin Rea,,,,,,,,
2023,2023-09-29,New York Yankees,Kansas City Royals,5.0,12.0,False,0|0|0|3|1|1|0|0|0,9|0|1|0|0|0|2|0,,,-145.0,125.0,0.0,9.5,espn,401473409,NYY,KC,regular,Carlos Rodon,Jordan Lyles,,,,,,,,
2023,2023-09-29,Minnesota Twins,Colorado Rockies,7.0,6.0,False,1|2|1|0|0|0|2|0|1,0|1|1|3|1|0|0|0|0,,,-185.0,165.0,0.0,11.5,espn,401473417,MIN,COL,regular,Joe Ryan,Ty Blach,,,,,,,,
2023,2023-09-29,Cincinnati Reds,St. Louis Cardinals,19.0,2.0,False,3|4|0|7|0|0|0|5|0,0|0|2|0|0|0|0|0|0,,,-115.0,-105.0,0.0,9.0,espn,401473405,CIN,STL,regular,Brandon Williamson,Jake Woodford,,,,,,,,
2023,2023-09-29,Oakland Athletics,Los Angeles Angels,1.0,5.0,False,0|0|1|0|0|0|0|0|0,0|0|0|3|2|0|0|0,,,125.0,-145.0,0.0,8.5,espn,401473410,OAK,LAA,regular,Ken Waldichuk,Chase Silseth,,,,,,,,
2023,2023-09-29,Houston Astros,Arizona Diamondbacks,2.0,1.0,False,0|0|0|0|0|2|0|0|0,0|0|0|0|0|0|0|0|1,,,100.0,-120.0,0.0,9.5,espn,401473407,HOU,ARI,regular,Jose Urquidy,Zac Gallen,,,,,,,,
2023,2023-09-29,Texas Rangers,Seattle Mariners,0.0,8.0,False,0|0|0|0|0|0|0|0|0,0|0|3|5|0|0|0|0,,,-105.0,-115.0,0.0,8.0,espn,401473414,TEX,SEA,regular,Nathan Eovaldi,Bryan Woo,,,,,,,,
2023,2023-09-29,Los Angeles Dodgers,San Francisco Giants,6.0,2.0,False,2|0|1|0|0|3|0|0|0,1|0|1|0|0|0|0|0|0,,,-135.0,115.0,0.0,8.5,espn,401473408,LAD,SF,regular,Lance Lynn,Keaton Winn,,,,,,,,
2023,2023-09-30,Cleveland Guardians,Detroit Tigers,0.0,8.0,False,0|0|0|0|0|0|0|0|0,0|0|0|1|0|2|5|0,,,-115.0,-105.0,0.0,8.0,espn,401473421,CLE,DET,regular,Triston McKenzie,Will Vest,,,,,,,,
2023,2023-09-30,Tampa Bay Rays,Toronto Blue Jays,7.0,5.0,False,1|0|1|0|2|0|0|0|0|3,0|0|1|3|0|0|0|0|0|1,,,120.0,-140.0,0.0,8.5,espn,401473428,TB,TOR,regular,Shawn Armstrong,Hyun Jin Ryu,,,,,,,,
2023,2023-09-30,Philadelphia Phillies,New York Mets,3.0,4.0,False,0|0|0|0|0|0|0|1|2,3|1|0|0|0|0|0|0,,,-115.0,-105.0,0.0,8.0,espn,401604780,PHI,NYM,regular,Taijuan Walker,Tylor Megill,,,,,,,,
2023,2023-09-30,Miami Marlins,Pittsburgh Pirates,7.0,3.0,False,1|0|1|0|0|2|0|2|1,0|1|0|0|1|0|0|1|0,,,-135.0,115.0,0.0,9.0,espn,401473431,MIA,PIT,regular,JT Chargois,Quinn Priester,,,,,,,,
2023,2023-09-30,Chicago Cubs,Milwaukee Brewers,10.0,6.0,False,6|0|0|2|1|1|0|0|0,3|3|0|0|0|0|0|0|0,,,-125.0,105.0,0.0,8.5,espn,401473419,CHC,MIL,regular,Jordan Wicks,Eric Lauer,,,,,,,,
2023,2023-09-30,New York Yankees,Kansas City Royals,5.0,2.0,False,0|0|0|2|0|3|0|0|0,1|0|1|0|0|0|0|0|0,,,-135.0,115.0,0.0,9.5,espn,401473424,NYY,KC,regular,Clarke Schmidt,Steven Cruz,,,,,,,,
2023,2023-09-30,San Diego Padres,Chicago White Sox,6.0,1.0,False,4|2|0|0|0|0|0|0|0,0|0|0|0|0|0|0|1|0,,,-145.0,125.0,0.0,8.5,espn,401473427,SD,CHW,regular,Michael Wacha,Mike Clevinger,,,,,,,,
2023,2023-09-30,Boston Red Sox,Baltimore Orioles,2.0,5.0,False,0|0|0|0|0|0|0|1|1,0|0|0|0|0|0|2|3,,,115.0,-135.0,0.0,8.0,espn,401473418,BOS,BAL,regular,Kutter Crawford,Kyle Gibson,,,,,,,,
2023,2023-09-30,Cincinnati Reds,St. Louis Cardinals,6.0,15.0,False,0|0|0|1|4|0|1|0|0,5|5|1|0|0|0|0|4,,,-130.0,110.0,0.0,9.0,espn,401473420,CIN,STL,regular,Connor Phillips,Drew Rom,,,,,,,,
2023,2023-09-30,Philadelphia Phillies,New York Mets,4.0,11.0,False,0|0|0|4|0|0|0|0|0,0|3|5|2|1|0|0|0,,,115.0,-135.0,0.0,8.0,espn,401473426,PHI,NYM,regular,Michael Plassmeyer,Jose Quintana,,,,,,,,
2023,2023-09-30,Texas Rangers,Seattle Mariners,6.0,1.0,False,0|0|4|1|0|0|0|1|0,0|0|0|0|0|0|0|1|0,,,130.0,-150.0,0.0,7.5,espn,401473429,TEX,SEA,regular,Andrew Heaney,Luis Castillo,,,,,,,,
2023,2023-09-30,Washington Nationals,Atlanta Braves,3.0,5.0,False,3|0|0|0|0|0|0|0|0,0|0|1|0|4|0|0|0,,,290.0,-370.0,0.0,9.0,espn,401473430,WSH,ATL,regular,Joan Adon,Spencer Strider,,,,,,,,
2023,2023-09-30,Houston Astros,Arizona Diamondbacks,1.0,0.0,False,0|0|0|1|0|0|0|0|0,0|0|0|0|0|0|0|0|0,,,-130.0,110.0,0.0,9.0,espn,401473422,HOU,ARI,regular,Justin Verlander,Merrill Kelly,,,,,,,,
2023,2023-09-30,Minnesota Twins,Colorado Rockies,14.0,6.0,False,0|2|4|0|0|5|3|0|0,0|0|0|0|0|0|4|2|0,,,-135.0,115.0,0.0,13.0,espn,401473432,MIN,COL,regular,Emilio Pagan,Matt Koch,,,,,,,,
2023,2023-09-30,Los Angeles Dodgers,San Francisco Giants,1.0,2.0,False,0|0|0|0|1|0|0|0|0,0|0|1|0|0|1|0|0,,,-175.0,155.0,0.0,8.0,espn,401473423,LAD,SF,regular,Clayton Kershaw,Tristan Beck,,,,,,,,
2023,2023-09-30,Oakland Athletics,Los Angeles Angels,7.0,3.0,False,1|0|0|0|0|0|0|5|1,0|0|0|0|0|0|3|0|0,,,100.0,-120.0,0.0,8.5,espn,401473425,OAK,LAA,regular,Joe Boyle,Andrew Wantz,,,,,,,,
2023,2023-10-01,Boston Red Sox,Baltimore Orioles,6.0,1.0,False,0|0|2|0|0|0|4|0|0,0|0|0|0|0|0|0|1|0,,,145.0,-165.0,0.0,8.5,espn,401473433,BOS,BAL,regular,Tanner Houck,Kyle Bradish,,,,,,,,
2023,2023-10-01,Los Angeles Dodgers,San Francisco Giants,5.0,2.0,False,0|0|0|0|0|5|0|0|0,0|0|0|0|0|1|0|1|0,,,-160.0,140.0,0.0,8.0,espn,401473438,LAD,SF,regular,Bobby Miller,Kyle Harrison,,,,,,,,
2023,2023-10-01,Miami Marlins,Pittsburgh Pirates,0.0,3.0,False,0|0|0|0|0|0|0|0|0,0|0|0|0|0|0|0|3,,,115.0,-135.0,0.0,9.0,espn,401473446,MIA,PIT,regular,Ryan Weathers,Andre Jackson,,,,,,,,
2023,2023-10-01,Oakland Athletics,Los Angeles Angels,3.0,7.0,False,0|0|0|0|0|0|1|1|1,1|0|1|1|3|1|0|0,,,-105.0,-115.0,0.0,8.5,espn,401473440,OAK,LAA,regular,JP Sears,Carson Fulmer,,,,,,,,
2023,2023-10-01,Tampa Bay Rays,Toronto Blue Jays,12.0,8.0,False,1|7|0|1|1|1|1|0|0,0|3|0|0|0|3|1|1|0,,,-110.0,-110.0,0.0,8.5,espn,401473443,TB,TOR,regular,Jacob Lopez,Wes Parsons,,,,,,,,
2023,2023-10-01,Chicago Cubs,Milwaukee Brewers,0.0,4.0,False,0|0|0|0|0|0|0|0|0,3|0|0|0|0|1|0|0,,,115.0,-135.0,0.0,8.5,espn,401473434,CHC,MIL,regular,Drew Smyly,Adrian Houser,,,,,,,,
2023,2023-10-01,Cleveland Guardians,Detroit Tigers,2.0,5.0,False,0|0|0|1|1|0|0|0|0,1|1|1|0|2|0|0|0,,,100.0,-120.0,0.0,7.5,espn,401473436,CLE,DET,regular,Lucas Giolito,Eduardo Rodriguez,,,,,,,,
2023,2023-10-01,Houston Astros,Arizona Diamondbacks,8.0,1.0,False,4|1|0|0|1|0|2|0|0,0|0|0|0|0|0|0|1|0,,,-225.0,185.0,0.0,9.0,espn,401473437,HOU,ARI,regular,Cristian Javier,Kyle Nelson,,,,,,,,
2023,2023-10-01,New York Yankees,Kansas City Royals,2.0,5.0,False,0|0|0|0|0|2|0|0|0,0|2|0|2|1|0|0|0,,,-140.0,120.0,0.0,8.5,espn,401473439,NYY,KC,regular,Michael King,Zack Greinke,,,,,,,,
2023,2023-10-01,Philadelphia Phillies,New York Mets,9.0,1.0,False,0|0|1|0|0|1|0|1|6,0|0|1|0|0|0|0|0|0,,,100.0,-120.0,0.0,8.5,espn,401473441,PHI,NYM,regular,Matt Strahm,Jose Butto,,,,,,,,
2023,2023-10-01,San Diego Padres,Chicago White Sox,2.0,1.0,False,0|0|0|0|0|0|0|0|0|1|1,0|0|0|0|0|0|0|0|0|1|0,,,-210.0,175.0,0.0,9.5,espn,401473442,SD,CHW,regular,Pedro Avila,Jose Urena,,,,,,,,
2023,2023-10-01,Texas Rangers,Seattle Mariners,0.0,1.0,False,0|0|0|0|0|0|0|0|0,0|0|0|1|0|0|0|0,,,100.0,-120.0,0.0,7.5,espn,401473444,TEX,SEA,regular,Dane Dunning,George Kirby,,,,,,,,
2023,2023-10-01,Washington Nationals,Atlanta Braves,10.0,9.0,False,4|1|0|0|0|0|0|2|3,2|0|3|0|0|0|2|1|1,,,180.0,-220.0,0.0,10.5,espn,401473445,WSH,ATL,regular,Jackson Rutledge,Dylan Dodd,,,,,,,,
2023,2023-10-01,Minnesota Twins,Colorado Rockies,2.0,3.0,False,0|2|0|0|0|0|0|0|0|0|0,0|0|0|1|0|0|0|1|0|0|1,,,-155.0,135.0,0.0,13.0,espn,401473447,MIN,COL,regular,Bailey Ober,Brent Suter,,,,,,,,
2023,2023-10-01,Cincinnati Reds,St. Louis Cardinals,3.0,4.0,False,1|0|1|0|0|0|1|0|0,0|1|3|0|0|0|0|0,,,-120.0,100.0,0.0,8.5,espn,401473435,CIN,STL,regular,Hunter Greene,Miles Mikolas,,,,,,,,
2023,2023-10-03,Texas Rangers,Tampa Bay Rays,4.0,0.0,False,0|1|0|0|1|2|0|0|0,0|0|0|0|0|0|0|0|0,,,140.0,-160.0,0.0,7.5,espn,401581110,TEX,TB,post,Jordan Montgomery,Tyler Glasnow,,,,,,,,
2023,2023-10-03,Toronto Blue Jays,Minnesota Twins,1.0,3.0,False,0|0|0|0|0|1|0|0|0,2|0|1|0|0|0|0|0,,,100.0,-120.0,0.0,7.5,espn,401581113,TOR,MIN,post,Kevin Gausman,Pablo Lopez,,,,,,,,
2023,2023-10-03,Arizona Diamondbacks,Milwaukee Brewers,6.0,3.0,False,0|0|3|1|0|0|0|0|2,1|2|0|0|0|0|0|0|0,,,150.0,-170.0,0.0,8.0,espn,401581119,ARI,MIL,post,Brandon Pfaadt,Corbin Burnes,,,,,,,,
2023,2023-10-03,Miami Marlins,Philadelphia Phillies,1.0,4.0,False,0|0|0|0|0|0|1|0|0,0|0|1|2|0|0|0|1,,,140.0,-160.0,0.0,7.5,espn,401581116,MIA,PHI,post,Jesus Luzardo,Zack Wheeler,,,,,,,,
2023,2023-10-04,Texas Rangers,Tampa Bay Rays,7.0,1.0,False,0|0|0|4|1|2|0|0|0,0|0|0|0|0|0|1|0|0,,,130.0,-150.0,0.0,8.0,espn,401581111,TEX,TB,post,Nathan Eovaldi,Zach Eflin,,,,,,,,
2023,2023-10-04,Toronto Blue Jays,Minnesota Twins,0.0,2.0,False,0|0|0|0|0|0|0|0|0,0|0|0|2|0|0|0|0,,,130.0,-150.0,0.0,8.0,espn,401581114,TOR,MIN,post,Jose Berrios,Sonny Gray,,,,,,,,
2023,2023-10-04,Arizona Diamondbacks,Milwaukee Brewers,5.0,2.0,False,0|0|0|0|1|4|0|0|0,2|0|0|0|0|0|0|0|0,,,115.0,-135.0,0.0,7.5,espn,401581120,ARI,MIL,post,Zac Gallen,Freddy Peralta,,,,,,,,
2023,2023-10-04,Miami Marlins,Philadelphia Phillies,1.0,7.0,False,0|0|0|0|0|0|0|0|1,0|0|2|1|0|4|0|0,,,125.0,-145.0,0.0,8.0,espn,401581117,MIA,PHI,post,Braxton Garrett,Aaron Nola,,,,,,,,
2023,2023-10-07,Texas Rangers,Baltimore Orioles,3.0,2.0,False,0|0|0|2|0|1|0|0|0,0|0|0|1|0|1|0|0|0,,,115.0,-135.0,0.0,7.5,espn,401581122,TEX,BAL,post,Andrew Heaney,Kyle Bradish,,,,,,,,
2023,2023-10-07,Minnesota Twins,Houston Astros,4.0,6.0,False,0|0|0|0|0|0|4|0|0,1|0|2|0|2|0|1|0,,,130.0,-150.0,0.0,8.5,espn,401581127,MIN,HOU,post,Bailey Ober,Justin Verlander,,,,,,,,
2023,2023-10-07,Philadelphia Phillies,Atlanta Braves,3.0,0.0,False,0|0|0|1|0|1|0|1|0,0|0|0|0|0|0|0|0|0,,,175.0,-210.0,0.0,8.5,espn,401581132,PHI,ATL,post,Ranger Suarez,Spencer Strider,,,,,,,,
2023,2023-10-07,Arizona Diamondbacks,Los Angeles Dodgers,11.0,2.0,False,6|3|0|0|0|0|1|1|0,0|0|0|0|0|0|0|2|0,,,170.0,-200.0,0.0,8.5,espn,401581137,ARI,LAD,post,Merrill Kelly,Clayton Kershaw,,,,,,,,
2023,2023-10-08,Texas Rangers,Baltimore Orioles,11.0,8.0,False,0|5|4|0|1|0|0|0|1,2|0|0|2|1|0|0|0|3,,,-115.0,-105.0,0.0,7.5,espn,401581123,TEX,BAL,post,Jordan Montgomery,Grayson Rodriguez,,,,,,,,
2023,2023-10-08,Minnesota Twins,Houston Astros,6.0,2.0,False,1|2|0|0|2|0|1|0|0,0|0|0|0|0|0|0|2|0,,,110.0,-130.0,0.0,7.5,espn,401581128,MIN,HOU,post,Pablo Lopez,Framber Valdez,,,,,,,,
2023,2023-10-09,Philadelphia Phillies,Atlanta Braves,4.0,5.0,False,1|0|2|0|1|0|0|0|0,0|0|0|0|0|1|2|2,,,135.0,-155.0,0.0,8.0,espn,401581133,PHI,ATL,post,Zack Wheeler,Max Fried,,,,,,,,
2023,2023-10-09,Arizona Diamondbacks,Los Angeles Dodgers,4.0,2.0,False,3|0|0|0|0|1|0|0|0,0|0|0|1|0|1|0|0|0,,,140.0,-160.0,0.0,8.0,espn,401581138,ARI,LAD,post,Zac Gallen,Bobby Miller,,,,,,,,
2023,2023-10-10,Houston Astros,Minnesota Twins,9.0,1.0,False,4|0|0|0|1|1|0|0|3,0|0|0|0|0|1|0|0|0,,,115.0,-135.0,0.0,8.0,espn,401581129,HOU,MIN,post,Cristian Javier,Sonny Gray,,,,,,,,
2023,2023-10-10,Baltimore Orioles,Texas Rangers,1.0,7.0,False,0|0|0|0|1|0|0|0|0,1|5|0|0|0|1|0|0,,,120.0,-140.0,0.0,9.0,espn,401581124,BAL,TEX,post,Dean Kremer,Nathan Eovaldi,,,,,,,,
2023,2023-10-11,Atlanta Braves,Philadelphia Phillies,2.0,10.0,False,0|0|1|0|0|1|0|0|0,0|0|6|0|1|1|0|2,,,105.0,-125.0,0.0,9.0,espn,401581134,ATL,PHI,post,Bryce Elder,Aaron Nola,,,,,,,,
2023,2023-10-11,Houston Astros,Minnesota Twins,3.0,2.0,False,0|1|0|2|0|0|0|0|0,1|0|0|0|0|1|0|0|0,,,110.0,-130.0,0.0,8.5,espn,401581130,HOU,MIN,post,Jose Urquidy,Joe Ryan,,,,,,,,
2023,2023-10-11,Los Angeles Dodgers,Arizona Diamondbacks,2.0,4.0,False,0|0|0|0|0|0|2|0|0,0|0|4|0|0|0|0|0,,,-140.0,120.0,0.0,9.5,espn,401581139,LAD,ARI,post,Lance Lynn,Brandon Pfaadt,,,,,,,,
2023,2023-10-12,Atlanta Braves,Philadelphia Phillies,1.0,3.0,False,0|0|0|1|0|0|0|0|0,0|0|0|1|1|1|0|0,-150.0,130.0,-150.0,130.0,1.5,8.5,espn,401581135,ATL,PHI,post,Spencer Strider,Ranger Suarez,,,,,,,,
2023,2023-10-15,Texas Rangers,Houston Astros,2.0,0.0,False,0|1|0|0|1|0|0|0|0,0|0|0|0|0|0|0|0|0,120.0,-140.0,120.0,-140.0,-1.5,8.5,espn,401581149,TEX,HOU,post,Jordan Montgomery,Justin Verlander,,,,,,,,
2023,2023-10-16,Texas Rangers,Houston Astros,5.0,4.0,False,4|0|1|0|0|0|0|0|0,0|1|0|1|0|1|0|1|0,105.0,-125.0,105.0,-125.0,-1.5,8.5,espn,401581150,TEX,HOU,post,Nathan Eovaldi,Framber Valdez,,,,,,,,
2023,2023-10-16,Arizona Diamondbacks,Philadelphia Phillies,3.0,5.0,False,0|0|0|0|0|2|1|0|0,2|1|1|0|1|0|0|0,140.0,-160.0,145.0,-165.0,-1.5,7.5,espn,401581108,ARI,PHI,post,Zac Gallen,Zack Wheeler,,,,,,,,
2023,2023-10-17,Arizona Diamondbacks,Philadelphia Phillies,0.0,10.0,False,0|0|0|0|0|0|0|0|0,1|0|1|0|0|4|4|0,145.0,-165.0,145.0,-165.0,-1.5,7.5,espn,401581107,ARI,PHI,post,Merrill Kelly,Aaron Nola,,,,,,,,
2023,2023-10-18,Houston Astros,Texas Rangers,8.0,5.0,False,0|3|1|1|0|0|2|1|0,0|0|0|0|2|0|2|1|0,105.0,-125.0,100.0,-120.0,-1.5,9.0,espn,401581151,HOU,TEX,post,Cristian Javier,Max Scherzer,,,,,,,,
2023,2023-10-19,Philadelphia Phillies,Arizona Diamondbacks,1.0,2.0,False,0|0|0|0|0|0|1|0|0,0|0|0|0|0|0|1|0|1,-130.0,110.0,-125.0,105.0,1.5,9.0,espn,401581106,PHI,ARI,post,Ranger Suarez,Brandon Pfaadt,,,,,,,,
2023,2023-10-19,Houston Astros,Texas Rangers,10.0,3.0,False,3|0|0|4|0|0|2|1|0,0|2|1|0|0|0|0|0|0,105.0,-125.0,-110.0,-110.0,-1.5,9.5,espn,401581152,HOU,TEX,post,Jose Urquidy,Andrew Heaney,,,,,,,,
2023,2023-10-20,Houston Astros,Texas Rangers,5.0,4.0,False,1|0|0|0|0|1|0|0|3,0|0|0|0|1|3|0|0|0,-105.0,-115.0,-105.0,-115.0,-1.5,9.0,espn,401581153,HOU,TEX,post,Justin Verlander,Jordan Montgomery,,,,,,,,
2023,2023-10-20,Philadelphia Phillies,Arizona Diamondbacks,5.0,6.0,False,0|0|0|1|1|2|1|0|0,0|1|1|0|0|0|1|3,-120.0,100.0,-135.0,115.0,1.5,9.0,espn,401581105,PHI,ARI,post,Cristopher Sanchez,Joe Mantiply,,,,,,,,
2023,2023-10-21,Philadelphia Phillies,Arizona Diamondbacks,6.0,1.0,False,2|0|0|0|0|2|0|2|0,0|0|0|0|0|0|1|0|0,-135.0,115.0,-135.0,115.0,1.5,8.0,espn,401581104,PHI,ARI,post,Zack Wheeler,Zac Gallen,,,,,,,,
2023,2023-10-22,Texas Rangers,Houston Astros,9.0,2.0,False,0|1|0|2|0|0|0|1|5,1|0|0|0|0|1|0|0|0,105.0,-125.0,-105.0,-115.0,-1.5,8.5,espn,401581154,TEX,HOU,post,Nathan Eovaldi,Framber Valdez,,,,,,,,
2023,2023-10-23,Arizona Diamondbacks,Philadelphia Phillies,5.0,1.0,False,0|3|0|0|1|0|1|0|0,0|1|0|0|0|0|0|0|0,165.0,-185.0,160.0,-180.0,-1.5,8.0,espn,401581103,ARI,PHI,post,Merrill Kelly,Aaron Nola,,,,,,,,
2023,2023-10-23,Texas Rangers,Houston Astros,11.0,4.0,False,3|0|1|4|0|2|0|1|0,1|0|1|0|0|0|1|0|1,-105.0,-115.0,120.0,-140.0,-1.5,9.0,espn,401581155,TEX,HOU,post,Max Scherzer,Cristian Javier,,,,,,,,
2023,2023-10-24,Arizona Diamondbacks,Philadelphia Phillies,4.0,2.0,False,1|0|0|0|2|0|1|0|0,0|1|0|1|0|0|0|0|0,145.0,-165.0,145.0,-165.0,-1.5,8.0,espn,401581102,ARI,PHI,post,Brandon Pfaadt,Ranger Suarez,,,,,,,,
2023,2023-10-27,Arizona Diamondbacks,Texas Rangers,5.0,6.0,False,0|0|3|1|1|0|0|0|0|0|0,2|0|1|0|0|0|0|0|2|0|1,145.0,-165.0,135.0,-155.0,-1.5,8.5,espn,401581101,ARI,TEX,post,Zac Gallen,Nathan Eovaldi,,,,,,,,
2023,2023-10-28,Arizona Diamondbacks,Texas Rangers,9.0,1.0,False,0|0|0|2|0|0|2|3|2,0|0|0|0|1|0|0|0|0,145.0,-165.0,130.0,-150.0,-1.5,9.0,espn,401581100,ARI,TEX,post,Merrill Kelly,Jordan Montgomery,,,,,,,,
2023,2023-10-30,Texas Rangers,Arizona Diamondbacks,3.0,1.0,False,0|0|3|0|0|0|0|0|0,0|0|0|0|0|0|0|1|0,-110.0,-110.0,-120.0,100.0,1.5,9.5,espn,401581099,TEX,ARI,post,Max Scherzer,Brandon Pfaadt,,,,,,,,
2023,2023-10-31,Texas Rangers,Arizona Diamondbacks,11.0,7.0,False,0|5|5|0|0|0|0|1|0,0|0|0|1|0|0|0|4|2,-115.0,-105.0,100.0,-120.0,-1.5,9.0,espn,401581098,TEX,ARI,post,Andrew Heaney,Joe Mantiply,,,,,,,,
2023,2023-11-01,Texas Rangers,Arizona Diamondbacks,5.0,0.0,False,0|0|0|0|0|0|1|0|4,0|0|0|0|0|0|0|0|0,-115.0,-105.0,-110.0,-110.0,1.5,8.5,espn,401581097,TEX,ARI,post,Nathan Eovaldi,Zac Gallen,,,,,,,,
