season,date,away,home,away_score,home_score,neutral,periods_away,periods_home,ml_open_away,ml_open_home,ml_close_away,ml_close_home,spread_close_home,total_close,source,espn_id,away_abbr,home_abbr,season_type,away_pitcher,home_pitcher,away_qb,home_qb,away_rest,home_rest,div_game,roof,temp,wind
2021,2021-04-01,Toronto Blue Jays,New York Yankees,3.0,2.0,False,0|1|0|0|0|1|0|0|0|1,0|2|0|0|0|0|0|0|0|0,,,165.0,-185.0,1.5,8.0,espn,401227066,TOR,NYY,regular,Hyun Jin Ryu,Gerrit Cole,,,,,,,,
2021,2021-04-01,Cleveland Indians,Detroit Tigers,2.0,3.0,False,0|0|0|0|0|0|0|0|2,2|1|0|0|0|0|0|0,,,-175.0,155.0,,7.5,espn,401227056,CLE,DET,regular,Shane Bieber,Matthew Boyd,,,,,,,,
2021,2021-04-01,Minnesota Twins,Milwaukee Brewers,5.0,6.0,False,0|0|2|1|0|0|2|0|0|0,0|0|1|0|1|0|0|0|3|1,,,100.0,-120.0,1.5,7.5,espn,401227059,MIN,MIL,regular,Kenta Maeda,Brandon Woodruff,,,,,,,,
2021,2021-04-01,Pittsburgh Pirates,Chicago Cubs,5.0,3.0,False,2|1|0|0|1|0|1|0|0,1|0|1|0|0|0|0|1|0,,,180.0,-220.0,1.5,6.5,espn,401227061,PIT,CHC,regular,Chad Kuhl,Kyle Hendricks,,,,,,,,
2021,2021-04-01,Atlanta Braves,Philadelphia Phillies,2.0,3.0,False,0|0|0|0|0|0|2|0|0|0,1|0|1|0|0|0|0|0|0|1,,,110.0,-130.0,1.5,7.5,espn,401227053,ATL,PHI,regular,Max Fried,Aaron Nola,,,,,,,,
2021,2021-04-01,Arizona Diamondbacks,San Diego Padres,7.0,8.0,False,1|0|0|0|6|0|0|0|0,0|2|3|1|0|1|1|0,,,200.0,-240.0,1.5,8.5,espn,401226952,ARI,SD,regular,Madison Bumgarner,Yu Darvish,,,,,,,,
2021,2021-04-01,Los Angeles Dodgers,Colorado Rockies,5.0,8.0,False,0|0|1|0|1|2|0|1|0,0|0|2|0|2|2|2|0,,,-225.0,185.0,,10.5,espn,401227058,LAD,COL,regular,Clayton Kershaw,German Marquez,,,,,,,,
2021,2021-04-01,St. Louis Cardinals,Cincinnati Reds,11.0,6.0,False,6|1|0|4|0|0|0|0|0,1|0|2|1|2|0|0|0|0,,,105.0,-125.0,1.5,7.0,espn,401227063,STL,CIN,regular,Jack Flaherty,Luis Castillo,,,,,,,,
2021,2021-04-01,Tampa Bay Rays,Miami Marlins,1.0,0.0,False,0|0|0|0|0|0|0|1|0,0|0|0|0|0|0|0|0|0,,,-155.0,135.0,,7.0,espn,401227064,TB,MIA,regular,Tyler Glasnow,Sandy Alcantara,,,,,,,,
2021,2021-04-01,Texas Rangers,Kansas City Royals,10.0,14.0,False,5|1|2|0|0|1|0|0|1,5|0|2|3|0|0|3|1,,,140.0,-160.0,1.5,8.5,espn,401227065,TEX,KC,regular,Kyle Gibson,Brad Keller,,,,,,,,
2021,2021-04-01,Chicago White Sox,Los Angeles Angels,3.0,4.0,False,0|1|0|0|2|0|0|0|0,0|0|0|1|1|0|0|2,,,-120.0,100.0,,8.5,espn,401227055,CHW,LAA,regular,Lucas Giolito,Dylan Bundy,,,,,,,,
2021,2021-04-01,Houston Astros,Oakland Athletics,8.0,1.0,False,0|0|0|1|0|2|0|2|3,0|0|0|0|0|0|1|0|0,,,-115.0,-105.0,1.5,8.5,espn,401227057,HOU,OAK,regular,Zack Greinke,Chris Bassitt,,,,,,,,
2021,2021-04-01,San Francisco Giants,Seattle Mariners,7.0,8.0,False,0|2|0|1|2|0|0|1|1|0,0|0|0|0|0|0|1|6|0|1,,,-130.0,110.0,,8.5,espn,401227062,SF,SEA,regular,Kevin Gausman,Marco Gonzales,,,,,,,,
2021,2021-04-02,Baltimore Orioles,Boston Red Sox,3.0,0.0,False,0|0|0|0|0|2|0|1|0,0|0|0|0|0|0|0|0|0,,,155.0,-175.0,1.5,9.0,espn,401317836,BAL,BOS,regular,John Means,Nathan Eovaldi,,,,,,,,
2021,2021-04-02,Tampa Bay Rays,Miami Marlins,6.0,4.0,False,0|0|0|0|0|1|1|0|4,0|0|0|0|0|0|3|1|0,,,100.0,-120.0,1.5,7.5,espn,401227072,TB,MIA,regular,Ryan Yarbrough,Pablo Lopez,,,,,,,,
2021,2021-04-02,Los Angeles Dodgers,Colorado Rockies,11.0,6.0,False,2|2|0|3|1|0|2|1|0,0|0|0|0|0|0|6|0|0,,,-260.0,215.0,,11.5,espn,401227070,LAD,COL,regular,Trevor Bauer,Antonio Senzatela,,,,,,,,
2021,2021-04-02,Chicago White Sox,Los Angeles Angels,12.0,8.0,False,0|0|4|3|0|0|0|0|5,1|0|0|3|2|0|0|0|2,,,100.0,-120.0,1.5,8.5,espn,401227068,CHW,LAA,regular,Dallas Keuchel,Andrew Heaney,,,,,,,,
2021,2021-04-02,Houston Astros,Oakland Athletics,9.0,5.0,False,0|0|3|2|0|0|1|0|3,0|0|0|2|0|0|2|1|0,,,100.0,-120.0,1.5,8.5,espn,401227069,HOU,OAK,regular,Cristian Javier,Jesus Luzardo,,,,,,,,
2021,2021-04-02,Arizona Diamondbacks,San Diego Padres,2.0,4.0,False,0|0|0|0|0|0|2|0|0,0|1|2|0|0|0|1|0,,,180.0,-220.0,1.5,8.5,espn,401227067,ARI,SD,regular,Merrill Kelly,Blake Snell,,,,,,,,
2021,2021-04-02,San Francisco Giants,Seattle Mariners,6.0,3.0,False,0|0|1|0|0|2|3|0|0,0|1|2|0|0|0|0|0|0,,,-105.0,-115.0,1.5,8.5,espn,401227071,SF,SEA,regular,Johnny Cueto,Yusei Kikuchi,,,,,,,,
2021,2021-04-03,Toronto Blue Jays,New York Yankees,3.0,5.0,False,0|0|1|0|1|0|1|0|0,0|1|0|2|0|2|0|0,,,150.0,-170.0,1.5,9.0,espn,401227087,TOR,NYY,regular,Ross Stripling,Corey Kluber,,,,,,,,
2021,2021-04-03,Baltimore Orioles,Boston Red Sox,4.0,2.0,False,0|0|0|2|1|0|1|0|0,0|0|0|1|1|0|0|0|0,,,150.0,-170.0,1.5,9.5,espn,401227075,BAL,BOS,regular,Matt Harvey,Tanner Houck,,,,,,,,
2021,2021-04-03,Cleveland Indians,Detroit Tigers,2.0,5.0,False,0|1|0|0|0|0|0|1|0,2|0|0|0|0|0|3|0,,,-160.0,140.0,,8.0,espn,401227077,CLE,DET,regular,Zach Plesac,Julio Teheran,,,,,,,,
2021,2021-04-03,Texas Rangers,Kansas City Royals,4.0,11.0,False,2|0|2|0|0|0|0|0|0,0|0|0|0|3|7|0|1,,,145.0,-165.0,1.5,9.0,espn,401227086,TEX,KC,regular,Kohei Arihara,Mike Minor,,,,,,,,
2021,2021-04-03,Pittsburgh Pirates,Chicago Cubs,1.0,5.0,False,1|0|0|0|0|0|0|0|0,0|2|1|0|0|1|1|0,,,145.0,-165.0,1.5,11.0,espn,401227082,PIT,CHC,regular,Tyler Anderson,Jake Arrieta,,,,,,,,
2021,2021-04-03,Atlanta Braves,Philadelphia Phillies,0.0,4.0,False,0|0|0|0|0|0|0|0|0,0|0|0|0|3|1|0|0,,,-110.0,-110.0,1.5,7.5,espn,401227074,ATL,PHI,regular,Charlie Morton,Zack Wheeler,,,,,,,,
2021,2021-04-03,Houston Astros,Oakland Athletics,9.0,1.0,False,1|1|0|0|3|0|0|0|4,1|0|0|0|0|0|0|0|0,,,-135.0,115.0,,9.0,espn,401227078,HOU,OAK,regular,Lance McCullers Jr.,Cole Irvin,,,,,,,,
2021,2021-04-03,St. Louis Cardinals,Cincinnati Reds,6.0,9.0,False,0|1|0|1|0|1|0|1|2,0|0|6|2|0|1|0|0,,,105.0,-125.0,1.5,9.0,espn,401227084,STL,CIN,regular,Adam Wainwright,Tyler Mahle,,,,,,,,
2021,2021-04-03,Tampa Bay Rays,Miami Marlins,7.0,12.0,False,0|2|0|0|4|0|0|1|0,1|1|1|1|2|0|3|3,,,-105.0,-115.0,1.5,7.5,espn,401227085,TB,MIA,regular,Rich Hill,Elieser Hernandez,,,,,,,,
2021,2021-04-03,Minnesota Twins,Milwaukee Brewers,2.0,0.0,False,0|0|0|0|0|0|1|1|0,0|0|0|0|0|0|0|0|0,,,110.0,-130.0,1.5,7.5,espn,401227080,MIN,MIL,regular,Jose Berrios,Corbin Burnes,,,,,,,,
2021,2021-04-03,Los Angeles Dodgers,Colorado Rockies,6.0,5.0,False,0|0|0|0|0|3|1|2|0,0|0|1|1|0|0|2|1|0,,,-230.0,190.0,,11.5,espn,401227079,LAD,COL,regular,Walker Buehler,Jon Gray,,,,,,,,
2021,2021-04-03,Arizona Diamondbacks,San Diego Padres,0.0,7.0,False,0|0|0|0|0|0|0|0|0,2|2|0|1|0|2|0|0,,,180.0,-220.0,1.5,8.5,espn,401227073,ARI,SD,regular,Caleb Smith,Joe Musgrove,,,,,,,,
2021,2021-04-03,Chicago White Sox,Los Angeles Angels,3.0,5.0,False,0|1|0|1|0|1|0|0|0,0|0|2|0|0|0|0|3,,,-120.0,100.0,,9.0,espn,401227076,CHW,LAA,regular,Lance Lynn,Alex Cobb,,,,,,,,
2021,2021-04-03,San Francisco Giants,Seattle Mariners,0.0,4.0,False,0|0|0|0|0|0|0|0|0,0|0|1|2|0|0|1|0,,,-120.0,100.0,,9.0,espn,401227083,SF,SEA,regular,Logan Webb,Chris Flexen,,,,,,,,
2021,2021-04-04,Atlanta Braves,Philadelphia Phillies,1.0,2.0,False,0|0|0|0|0|0|1|0|0,0|1|0|0|0|0|0|1,,,-120.0,100.0,,8.5,espn,401227089,ATL,PHI,regular,Ian Anderson,Zach Eflin,,,,,,,,
2021,2021-04-04,Toronto Blue Jays,New York Yankees,3.0,1.0,False,0|3|0|0|0|0|0|0|0,0|0|0|0|1|0|0|0|0,,,165.0,-185.0,1.5,9.5,espn,401227100,TOR,NYY,regular,T.J. Zeuch,Domingo German,,,,,,,,
2021,2021-04-04,Baltimore Orioles,Boston Red Sox,11.0,3.0,False,3|0|7|0|0|0|0|0|1,0|0|1|1|0|1|0|0|0,,,145.0,-165.0,1.5,9.5,espn,401227090,BAL,BOS,regular,Bruce Zimmermann,Garrett Richards,,,,,,,,
2021,2021-04-04,Cleveland Indians,Detroit Tigers,9.0,3.0,False,1|0|0|0|0|1|4|2|1,2|0|1|0|0|0|0|0|0,,,-135.0,115.0,,8.0,espn,401227092,CLE,DET,regular,Aaron Civale,Tarik Skubal,,,,,,,,
2021,2021-04-04,St. Louis Cardinals,Cincinnati Reds,1.0,12.0,False,0|0|0|0|1|0|0|0|0,0|0|0|1|3|6|2|0,,,-120.0,100.0,,10.0,espn,401227098,STL,CIN,regular,Carlos Martinez,Jeff Hoffman,,,,,,,,
2021,2021-04-04,Minnesota Twins,Milwaukee Brewers,8.0,2.0,False,1|0|0|0|1|4|0|2|0,0|1|0|0|0|1|0|0|0,,,-105.0,-115.0,1.5,8.0,espn,401227095,MIN,MIL,regular,Michael Pineda,Adrian Houser,,,,,,,,
2021,2021-04-04,Texas Rangers,Kansas City Royals,7.0,3.0,False,0|0|3|3|0|0|0|0|1,0|0|0|0|0|2|0|0|1,,,150.0,-170.0,1.5,10.0,espn,401227099,TEX,KC,regular,Jordan Lyles,Brady Singer,,,,,,,,
2021,2021-04-04,Pittsburgh Pirates,Chicago Cubs,3.0,4.0,False,0|0|0|0|0|2|0|1|0,2|0|1|0|0|1|0|0,,,167.0,-192.0,1.5,8.5,espn,401227097,PIT,CHC,regular,Mitch Keller,Zach Davies,,,,,,,,
2021,2021-04-04,Los Angeles Dodgers,Colorado Rockies,4.0,2.0,False,3|0|0|0|0|0|0|1|0,0|0|0|0|0|0|0|2|0,,,-220.0,180.0,,11.5,espn,401227094,LAD,COL,regular,Julio Urias,Austin Gomber,,,,,,,,
2021,2021-04-04,Houston Astros,Oakland Athletics,9.0,2.0,False,1|2|2|0|0|4|0|0|0,1|0|0|0|1|0|0|0|0,,,-105.0,-115.0,1.5,8.5,espn,401227093,HOU,OAK,regular,Jose Urquidy,Sean Manaea,,,,,,,,
2021,2021-04-04,Arizona Diamondbacks,San Diego Padres,3.0,1.0,False,2|0|1|0|0|0|0|0|0,0|0|0|0|0|0|0|0|1,,,175.0,-210.0,1.5,9.0,espn,401227088,ARI,SD,regular,Taylor Widener,Chris Paddack,,,,,,,,
2021,2021-04-04,Chicago White Sox,Los Angeles Angels,4.0,7.0,False,0|0|0|0|3|0|0|0|1,2|0|0|1|1|0|0|0|3,,,105.0,-125.0,1.5,9.0,espn,401227091,CHW,LAA,regular,Dylan Cease,Shohei Ohtani,,,,,,,,
2021,2021-04-05,Minnesota Twins,Detroit Tigers,15.0,6.0,False,1|5|0|0|5|2|2|0|0,0|0|0|0|1|0|0|0|5,,,-150.0,130.0,,9.0,espn,401227108,MIN,DET,regular,Matt Shoemaker,Jose Urena,,,,,,,,
2021,2021-04-05,Toronto Blue Jays,Texas Rangers,6.0,2.0,False,1|3|0|0|0|1|1|0|0,0|0|0|1|0|0|0|0|1,,,-155.0,135.0,,9.5,espn,401227114,TOR,TEX,regular,Steven Matz,Mike Foltynewicz,,,,,,,,
2021,2021-04-05,Kansas City Royals,Cleveland Indians,3.0,0.0,False,0|2|0|0|0|0|1|0|0,0|0|0|0|0|0|0|0|0,,,115.0,-135.0,1.5,9.0,espn,401227105,KC,CLE,regular,Danny Duffy,Logan Allen,,,,,,,,
2021,2021-04-05,Baltimore Orioles,New York Yankees,0.0,7.0,False,0|0|0|0|0|0|0|0|0,0|0|0|1|5|1|0|0,,,195.0,-235.0,1.5,9.5,espn,401227102,BAL,NYY,regular,Jorge Lopez,Jordan Montgomery,,,,,,,,
2021,2021-04-05,Pittsburgh Pirates,Cincinnati Reds,3.0,5.0,False,2|0|0|0|0|0|0|0|1,0|1|0|0|1|0|1|2,,,135.0,-155.0,1.5,9.0,espn,401227110,PIT,CIN,regular,JT Brubaker,Jose De Leon,,,,,,,,
2021,2021-04-05,St. Louis Cardinals,Miami Marlins,4.0,1.0,False,3|0|0|0|1|0|0|0|0,0|0|0|0|1|0|0|0|0,,,-105.0,-115.0,1.5,8.0,espn,401227112,STL,MIA,regular,Daniel Ponce de Leon,Trevor Rogers,,,,,,,,
2021,2021-04-05,New York Mets,Philadelphia Phillies,3.0,5.0,False,0|0|0|2|0|0|0|0|1,0|0|0|0|0|0|0|5,,,-200.0,170.0,,7.5,espn,401227109,NYM,PHI,regular,Jacob deGrom,Matt Moore,,,,,,,,
2021,2021-04-05,Tampa Bay Rays,Boston Red Sox,2.0,11.0,False,0|0|0|0|0|0|0|2|0,0|1|0|2|2|2|0|4,,,-115.0,-105.0,1.5,9.5,espn,401227113,TB,BOS,regular,Michael Wacha,Nick Pivetta,,,,,,,,
2021,2021-04-05,Milwaukee Brewers,Chicago Cubs,3.0,5.0,False,0|0|0|0|0|0|3|0|0,0|0|0|4|0|0|1|0,,,-105.0,-115.0,1.5,9.5,espn,401227107,MIL,CHC,regular,Brett Anderson,Trevor Williams,,,,,,,,
2021,2021-04-05,Houston Astros,Los Angeles Angels,6.0,7.0,False,3|0|0|1|0|1|0|0|1,0|0|0|2|1|0|0|4,,,-105.0,-115.0,1.5,10.0,espn,401227104,HOU,LAA,regular,Luis Garcia,Jose Quintana,,,,,,,,
2021,2021-04-05,Los Angeles Dodgers,Oakland Athletics,10.0,3.0,False,0|4|3|0|0|0|1|1|1,0|0|0|0|0|0|0|3|0,,,-160.0,140.0,,8.5,espn,401227106,LAD,OAK,regular,Dustin May,Frankie Montas,,,,,,,,
2021,2021-04-05,Chicago White Sox,Seattle Mariners,6.0,0.0,False,0|1|0|3|2|0|0|0|0,0|0|0|0|0|0|0|0|0,,,-125.0,105.0,,8.0,espn,401227103,CHW,SEA,regular,Carlos Rodon,Justus Sheffield,,,,,,,,
2021,2021-04-05,San Francisco Giants,San Diego Padres,3.0,2.0,False,0|1|0|1|0|0|1|0|0,0|1|0|0|0|1|0|0|0,,,135.0,-155.0,1.5,8.0,espn,401227111,SF,SD,regular,Anthony DeSclafani,Adrian Morejon,,,,,,,,
2021,2021-04-06,Minnesota Twins,Detroit Tigers,3.0,4.0,False,0|0|0|1|0|0|1|1|0|0,0|0|0|1|2|0|0|0|0|1,,,-150.0,130.0,,9.0,espn,401227122,MIN,DET,regular,J.A. Happ,Casey Mize,,,,,,,,
2021,2021-04-06,Atlanta Braves,Washington Nationals,5.0,6.0,False,2|1|1|0|0|0|1|0|0,0|2|2|0|0|0|0|1|1,,,-105.0,-115.0,1.5,7.5,espn,401227116,ATL,WSH,regular,Drew Smyly,Max Scherzer,,,,,,,,
2021,2021-04-06,Houston Astros,Los Angeles Angels,4.0,2.0,False,0|2|0|0|0|0|0|0|2,2|0|0|0|0|0|0|0|0,,,-105.0,-115.0,1.5,9.0,espn,401227119,HOU,LAA,regular,Zack Greinke,Dylan Bundy,,,,,,,,
2021,2021-04-06,Baltimore Orioles,New York Yankees,2.0,7.0,False,0|0|0|0|0|0|0|0|2,0|1|0|2|0|0|1|3,,,250.0,-310.0,1.5,8.0,espn,401227117,BAL,NYY,regular,Dean Kremer,Gerrit Cole,,,,,,,,
2021,2021-04-06,Pittsburgh Pirates,Cincinnati Reds,1.0,14.0,False,0|0|0|0|0|0|1|0|0,1|4|0|2|5|2|0|0,,,145.0,-165.0,1.5,8.5,espn,401227124,PIT,CIN,regular,Trevor Cahill,Wade Miley,,,,,,,,
2021,2021-04-06,St. Louis Cardinals,Miami Marlins,4.0,2.0,False,0|0|0|0|0|3|0|0|1,1|0|0|0|1|0|0|0|0,,,115.0,-135.0,1.5,7.5,espn,401227126,STL,MIA,regular,John Gant,Sandy Alcantara,,,,,,,,
2021,2021-04-06,New York Mets,Philadelphia Phillies,8.0,4.0,False,0|0|0|2|0|0|4|0|2,0|0|0|1|0|0|1|0|2,,,-130.0,110.0,,8.0,espn,401227123,NYM,PHI,regular,Marcus Stroman,Chase Anderson,,,,,,,,
2021,2021-04-06,Tampa Bay Rays,Boston Red Sox,5.0,6.0,False,0|0|2|0|0|1|0|0|0|0|1|1,1|0|0|0|0|0|0|1|1|0|1|2,,,-170.0,150.0,,9.0,espn,401227127,TB,BOS,regular,Tyler Glasnow,Martin Perez,,,,,,,,
2021,2021-04-06,Milwaukee Brewers,Chicago Cubs,4.0,0.0,False,3|0|0|1|0|0|0|0|0,0|0|0|0|0|0|0|0|0,,,-105.0,-115.0,1.5,9.0,espn,401227121,MIL,CHC,regular,Freddy Peralta,Adbert Alzolay,,,,,,,,
2021,2021-04-06,Toronto Blue Jays,Texas Rangers,4.0,7.0,False,1|0|0|0|0|0|2|1|0,2|1|2|0|0|1|0|1,,,-140.0,120.0,,9.5,espn,401227128,TOR,TEX,regular,Tanner Roark,Dane Dunning,,,,,,,,
2021,2021-04-06,Arizona Diamondbacks,Colorado Rockies,10.0,8.0,False,0|0|0|0|1|2|2|0|0|1|0|1|3,0|2|0|1|0|0|1|0|1|1|0|1|1,,,115.0,-135.0,1.5,10.5,espn,401227115,ARI,COL,regular,Luke Weaver,German Marquez,,,,,,,,
2021,2021-04-06,Los Angeles Dodgers,Oakland Athletics,5.0,1.0,False,0|1|3|0|0|0|0|0|1,1|0|0|0|0|0|0|0|0,,,-165.0,145.0,,8.5,espn,401227120,LAD,OAK,regular,Clayton Kershaw,Chris Bassitt,,,,,,,,
2021,2021-04-06,Chicago White Sox,Seattle Mariners,10.0,4.0,False,0|3|0|0|2|0|1|4|0,0|0|3|0|0|0|0|0|1,,,-155.0,135.0,,7.0,espn,401227118,CHW,SEA,regular,Lucas Giolito,James Paxton,,,,,,,,
2021,2021-04-06,San Francisco Giants,San Diego Padres,1.0,3.0,False,0|0|1|0|0|0|0|0|0,0|0|1|0|0|0|2|0,,,165.0,-185.0,1.5,7.5,espn,401227125,SF,SD,regular,Aaron Sanchez,Yu Darvish,,,,,,,,
2021,2021-04-07,Atlanta Braves,Washington Nationals,7.0,6.0,False,1|5|0|0|0|0|1,4|1|0|0|0|0|1,,,-176.0,161.0,,6.5,espn,401227130,ATL,WSH,regular,Max Fried,Erick Fedde,,,,,,,,
2021,2021-04-07,Pittsburgh Pirates,Cincinnati Reds,4.0,11.0,False,0|0|0|0|0|0|0|0|4,5|0|0|0|3|0|1|2,,,180.0,-220.0,1.5,8.0,espn,401227138,PIT,CIN,regular,Chad Kuhl,Luis Castillo,,,,,,,,
2021,2021-04-07,Kansas City Royals,Cleveland Indians,2.0,4.0,False,0|0|0|1|0|0|1|0|0,0|0|0|0|0|2|0|2,,,170.0,-200.0,1.5,8.0,espn,401227133,KC,CLE,regular,Jakob Junis,Shane Bieber,,,,,,,,
2021,2021-04-07,Minnesota Twins,Detroit Tigers,3.0,2.0,False,0|0|0|0|1|2|0|0|0,0|1|0|0|1|0|0|0|0,,,-180.0,160.0,,8.5,espn,401227136,MIN,DET,regular,Kenta Maeda,Matthew Boyd,,,,,,,,
2021,2021-04-07,Tampa Bay Rays,Boston Red Sox,2.0,9.0,False,0|0|1|0|0|0|0|0|1,0|0|0|3|6|0|0|0,,,-105.0,-115.0,1.5,8.5,espn,401227141,TB,BOS,regular,Ryan Yarbrough,Nathan Eovaldi,,,,,,,,
2021,2021-04-07,Toronto Blue Jays,Texas Rangers,1.0,2.0,False,0|0|0|0|0|0|0|1|0,0|2|0|0|0|0|0|0,,,-200.0,170.0,,8.5,espn,401227142,TOR,TEX,regular,Hyun Jin Ryu,Kyle Gibson,,,,,,,,
2021,2021-04-07,Milwaukee Brewers,Chicago Cubs,4.0,2.0,False,0|0|0|0|0|0|0|1|0|3,0|0|0|0|0|0|0|1|0|1,,,-115.0,-105.0,1.5,8.5,espn,401227135,MIL,CHC,regular,Brandon Woodruff,Kyle Hendricks,,,,,,,,
2021,2021-04-07,Los Angeles Dodgers,Oakland Athletics,3.0,4.0,False,1|0|0|0|0|1|1|0|0|0,0|0|0|1|0|0|1|0|1|1,,,-165.0,145.0,,7.5,espn,401227134,LAD,OAK,regular,Trevor Bauer,Jesus Luzardo,,,,,,,,
2021,2021-04-07,Atlanta Braves,Washington Nationals,2.0,0.0,False,0|0|0|0|0|0|2,0|0|0|0|0|0|0,,,115.0,-135.0,1.5,6.5,espn,401319028,ATL,WSH,regular,Huascar Ynoa,Stephen Strasburg,,,,,,,,
2021,2021-04-07,New York Mets,Philadelphia Phillies,2.0,8.0,False,0|0|1|0|0|0|1|0|0,4|0|0|0|3|1|0|0,,,155.0,-175.0,1.5,8.5,espn,401227137,NYM,PHI,regular,David Peterson,Aaron Nola,,,,,,,,
2021,2021-04-07,Chicago White Sox,Seattle Mariners,4.0,8.0,False,0|0|0|0|3|1|0|0|0,0|0|1|0|0|7|0|0,,,-150.0,130.0,,8.0,espn,401227132,CHW,SEA,regular,Dallas Keuchel,Justin Dunn,,,,,,,,
2021,2021-04-07,San Francisco Giants,San Diego Padres,3.0,2.0,False,0|2|0|0|0|0|0|0|0|1,0|0|0|0|1|0|0|1|0|0,,,130.0,-150.0,1.5,7.0,espn,401227139,SF,SD,regular,Kevin Gausman,Blake Snell,,,,,,,,
2021,2021-04-07,St. Louis Cardinals,Miami Marlins,7.0,0.0,False,0|0|0|0|0|0|2|1|4,0|0|0|0|0|0|0|0|0,,,-120.0,100.0,,7.0,espn,401227140,STL,MIA,regular,Jack Flaherty,Pablo Lopez,,,,,,,,
2021,2021-04-07,Baltimore Orioles,New York Yankees,4.0,3.0,False,0|0|0|2|0|0|0|0|0|1|1,0|0|1|0|0|0|0|1|0|1|0,,,175.0,-210.0,1.5,8.5,espn,401227131,BAL,NYY,regular,John Means,Jameson Taillon,,,,,,,,
2021,2021-04-07,Arizona Diamondbacks,Colorado Rockies,0.0,8.0,False,0|0|0|0|0|0|0|0|0,1|0|2|2|0|0|0|3,,,-125.0,105.0,,11.5,espn,401227129,ARI,COL,regular,Madison Bumgarner,Antonio Senzatela,,,,,,,,
2021,2021-04-08,Miami Marlins,New York Mets,2.0,3.0,False,0|0|0|0|0|2|0|0|0,0|0|0|0|1|0|0|0|2,,,165.0,-185.0,1.5,8.5,espn,401227148,MIA,NYM,regular,Nick Neidert,Taijuan Walker,,,,,,,,
2021,2021-04-08,Chicago Cubs,Pittsburgh Pirates,4.0,2.0,False,1|0|0|0|0|2|0|1|0,0|0|0|2|0|0|0|0|0,,,-155.0,135.0,,8.5,espn,401227146,CHC,PIT,regular,Jake Arrieta,Tyler Anderson,,,,,,,,
2021,2021-04-08,Boston Red Sox,Baltimore Orioles,7.0,3.0,False,2|0|0|0|0|2|2|1|0,2|0|0|1|0|0|0|0|0,,,-155.0,135.0,,9.0,espn,401227145,BOS,BAL,regular,Eduardo Rodriguez,Matt Harvey,,,,,,,,
2021,2021-04-08,Arizona Diamondbacks,Colorado Rockies,3.0,7.0,False,0|0|0|0|0|0|1|0|2,3|1|0|0|0|3|0|0,,,115.0,-135.0,1.5,11.0,espn,401227144,ARI,COL,regular,Merrill Kelly,Jon Gray,,,,,,,,
2021,2021-04-08,Kansas City Royals,Chicago White Sox,0.0,6.0,False,0|0|0|0|0|0|0|0|0,3|1|0|0|0|2|0|0,,,155.0,-175.0,1.5,8.0,espn,401227147,KC,CHW,regular,Brad Keller,Lance Lynn,,,,,,,,
2021,2021-04-08,Seattle Mariners,Minnesota Twins,2.0,10.0,False,0|0|1|0|0|1|0|0|0,0|0|4|0|3|1|2|0,,,185.0,-225.0,1.5,8.0,espn,401227151,SEA,MIN,regular,Marco Gonzales,Jose Berrios,,,,,,,,
2021,2021-04-08,Milwaukee Brewers,St. Louis Cardinals,1.0,3.0,False,0|0|1|0|0|0|0|0|0,0|0|0|0|0|0|1|2,,,-155.0,135.0,,7.5,espn,401227149,MIL,STL,regular,Corbin Burnes,Adam Wainwright,,,,,,,,
2021,2021-04-08,Los Angeles Angels,Toronto Blue Jays,7.0,5.0,False,1|2|0|0|1|0|1|0|0|0|2,3|0|0|0|0|2|0|0|0|0|0,,,-110.0,-110.0,1.5,10.0,espn,401227143,LAA,TOR,regular,Griffin Canning,Ross Stripling,,,,,,,,
2021,2021-04-08,Oakland Athletics,Houston Astros,2.0,6.0,False,0|0|0|0|0|0|0|0|2,0|1|0|1|0|3|1|0,,,150.0,-170.0,1.5,10.0,espn,401227150,OAK,HOU,regular,Cole Irvin,Cristian Javier,,,,,,,,
2021,2021-04-09,New York Yankees,Tampa Bay Rays,5.0,10.0,False,0|0|4|0|0|0|0|1|0,0|2|3|4|0|0|1|0,,,-140.0,120.0,,8.0,espn,401227156,NYY,TB,regular,Corey Kluber,Rich Hill,,,,,,,,
2021,2021-04-09,Washington Nationals,Los Angeles Dodgers,0.0,1.0,False,0|0|0|0|0|0|0|0|0,0|0|0|0|0|1|0|0,,,240.0,-300.0,1.5,8.5,espn,401227160,WSH,LAD,regular,Joe Ross,Walker Buehler,,,,,,,,
2021,2021-04-09,Colorado Rockies,San Francisco Giants,1.0,3.0,False,0|0|0|0|0|0|0|0|1,0|0|0|0|0|0|2|1,,,140.0,-160.0,1.5,8.5,espn,401227154,COL,SF,regular,Austin Gomber,Johnny Cueto,,,,,,,,
2021,2021-04-09,Los Angeles Angels,Toronto Blue Jays,7.0,1.0,False,0|4|0|0|3|0|0|0|0,0|0|0|0|0|0|0|1|0,,,-125.0,105.0,,11.0,espn,401227152,LAA,TOR,regular,Andrew Heaney,David Phelps,,,,,,,,
2021,2021-04-09,Detroit Tigers,Cleveland Indians,1.0,4.0,False,0|0|0|0|0|0|0|1|0,3|0|0|0|0|1|0|0,,,167.0,-192.0,1.5,9.5,espn,401227155,DET,CLE,regular,Julio Teheran,Zach Plesac,,,,,,,,
2021,2021-04-09,Philadelphia Phillies,Atlanta Braves,1.0,8.0,False,0|0|1|0|0|0|0|0|0,0|0|0|0|3|3|0|2,,,105.0,-125.0,1.5,7.5,espn,401227158,PHI,ATL,regular,Zack Wheeler,Charlie Morton,,,,,,,,
2021,2021-04-09,San Diego Padres,Texas Rangers,3.0,0.0,False,0|2|1|0|0|0|0|0|0,0|0|0|0|0|0|0|0|0,,,-200.0,170.0,,9.0,espn,401227159,SD,TEX,regular,Joe Musgrove,Kohei Arihara,,,,,,,,
2021,2021-04-09,Oakland Athletics,Houston Astros,6.0,2.0,False,0|0|0|1|0|0|0|3|2,0|0|0|1|0|0|0|0|1,,,165.0,-185.0,1.5,9.0,espn,401227157,OAK,HOU,regular,Sean Manaea,Lance McCullers Jr.,,,,,,,,
2021,2021-04-09,Cincinnati Reds,Arizona Diamondbacks,6.0,5.0,False,0|0|1|1|2|1|0|0|0|1,0|0|0|0|0|0|3|2|0|0,,,-150.0,130.0,,9.5,espn,401227153,CIN,ARI,regular,Tyler Mahle,Taylor Widener,,,,,,,,
2021,2021-04-10,Miami Marlins,New York Mets,3.0,0.0,False,0|1|0|0|0|0|0|0|2,0|0|0|0|0|0|0|0|0,,,240.0,-300.0,1.5,6.5,espn,401227168,MIA,NYM,regular,Trevor Rogers,Jacob deGrom,,,,,,,,
2021,2021-04-10,New York Yankees,Tampa Bay Rays,0.0,4.0,False,0|0|0|0|0|0|0|0|0,1|2|1|0|0|0|0|0,,,-140.0,120.0,,9.5,espn,401227170,NYY,TB,regular,Domingo German,Chris Archer,,,,,,,,
2021,2021-04-10,Seattle Mariners,Minnesota Twins,4.0,3.0,False,0|0|2|0|0|0|0|1|0|1,0|0|2|0|0|0|0|1|0|0,,,175.0,-210.0,1.5,8.0,espn,401227174,SEA,MIN,regular,Yusei Kikuchi,Michael Pineda,,,,,,,,
2021,2021-04-10,Milwaukee Brewers,St. Louis Cardinals,9.0,5.0,False,1|0|0|0|2|0|5|1|0,0|0|0|0|0|2|0|3|0,,,-105.0,-115.0,1.5,8.0,espn,401227169,MIL,STL,regular,Adrian Houser,Carlos Martinez,,,,,,,,
2021,2021-04-10,Colorado Rockies,San Francisco Giants,3.0,4.0,False,0|0|0|1|2|0|0|0|0,0|0|1|0|0|3|0|0,,,160.0,-180.0,1.5,8.5,espn,401227165,COL,SF,regular,Chi Chi Gonzalez,Logan Webb,,,,,,,,
2021,2021-04-10,Oakland Athletics,Houston Astros,7.0,3.0,False,0|0|0|2|2|0|2|1|0,0|0|0|0|0|0|3|0|0,,,140.0,-160.0,1.5,9.0,espn,401227171,OAK,HOU,regular,Frankie Montas,Jose Urquidy,,,,,,,,
2021,2021-04-10,Detroit Tigers,Cleveland Indians,3.0,11.0,False,0|0|0|0|0|0|1|0|2,0|2|1|3|0|2|1|2,,,140.0,-160.0,1.5,8.0,espn,401227166,DET,CLE,regular,Tarik Skubal,Aaron Civale,,,,,,,,
2021,2021-04-10,Chicago Cubs,Pittsburgh Pirates,2.0,8.0,False,1|0|0|0|0|0|0|1|0,0|7|0|0|0|1|0|0,,,-160.0,140.0,,8.5,espn,401227163,CHC,PIT,regular,Zach Davies,Mitch Keller,,,,,,,,
2021,2021-04-10,Boston Red Sox,Baltimore Orioles,6.0,4.0,False,2|0|0|0|0|1|0|0|1|2,2|0|0|0|0|0|0|2|0|0,,,-125.0,105.0,,9.5,espn,401227162,BOS,BAL,regular,Garrett Richards,Bruce Zimmermann,,,,,,,,
2021,2021-04-10,San Diego Padres,Texas Rangers,7.0,4.0,False,0|0|0|2|1|0|3|1|0,0|3|0|0|1|0|0|0|0,,,-155.0,135.0,,9.0,espn,401227173,SD,TEX,regular,Chris Paddack,Jordan Lyles,,,,,,,,
2021,2021-04-10,Los Angeles Angels,Toronto Blue Jays,1.0,15.0,False,0|0|0|1|0|0|0|0|0,0|7|3|4|0|0|0|1,,,-110.0,-110.0,1.5,10.5,espn,401227161,LAA,TOR,regular,Jose Quintana,Steven Matz,,,,,,,,
2021,2021-04-10,Philadelphia Phillies,Atlanta Braves,4.0,5.0,False,2|0|0|0|1|1|0|0|0,3|0|0|0|0|1|1|0,,,125.0,-145.0,1.5,8.0,espn,401227172,PHI,ATL,regular,Zach Eflin,Ian Anderson,,,,,,,,
2021,2021-04-10,Cincinnati Reds,Arizona Diamondbacks,3.0,8.0,False,0|2|0|0|0|0|0|1|0,0|0|0|1|5|1|1|0,,,-125.0,105.0,,9.5,espn,401227164,CIN,ARI,regular,Jeff Hoffman,Riley Smith,,,,,,,,
2021,2021-04-10,Washington Nationals,Los Angeles Dodgers,5.0,9.0,False,1|0|0|0|0|2|0|0|2,0|5|0|0|1|0|3|0,,,145.0,-175.0,1.5,7.5,espn,401227175,WSH,LAD,regular,Patrick Corbin,Julio Urias,,,,,,,,
2021,2021-04-11,Boston Red Sox,Baltimore Orioles,14.0,9.0,False,0|0|4|0|5|1|0|4|0,0|0|0|1|0|3|3|0|2,,,-150.0,130.0,,9.5,espn,401227177,BOS,BAL,regular,Nick Pivetta,Jorge Lopez,,,,,,,,
2021,2021-04-11,Chicago Cubs,Pittsburgh Pirates,1.0,7.0,False,0|1|0|0|0|0|0|0|0,0|3|1|1|0|0|2|0,,,-140.0,120.0,,8.0,espn,401227178,CHC,PIT,regular,Trevor Williams,JT Brubaker,,,,,,,,
2021,2021-04-11,Detroit Tigers,Cleveland Indians,2.0,5.0,False,1|0|0|0|0|0|1|0|0,0|1|1|0|0|1|0|2,,,155.0,-175.0,1.5,9.5,espn,401227181,DET,CLE,regular,Jose Urena,Logan Allen,,,,,,,,
2021,2021-04-11,Miami Marlins,New York Mets,5.0,6.0,False,0|2|0|0|1|2|0|0|0,0|0|0|0|1|0|0|0|5,,,175.0,-210.0,1.5,8.0,espn,401227183,MIA,NYM,regular,John Curtiss,Marcus Stroman,,,,,,,,
2021,2021-04-11,New York Yankees,Tampa Bay Rays,8.0,4.0,False,0|0|3|0|0|0|0|1|0|4,0|2|2|0|0|0|0|0|0|0,,,-150.0,130.0,,8.5,espn,401227185,NYY,TB,regular,Jordan Montgomery,Brent Honeywell,,,,,,,,
2021,2021-04-11,Kansas City Royals,Chicago White Sox,4.0,3.0,False,0|0|0|0|1|0|0|1|1|1,0|0|0|1|0|0|0|2|0|0,,,-105.0,-115.0,1.5,8.5,espn,401227182,KC,CHW,regular,Mike Minor,Dylan Cease,,,,,,,,
2021,2021-04-11,Seattle Mariners,Minnesota Twins,8.0,6.0,False,0|0|0|0|0|4|1|0|3,1|0|3|0|2|0|0|0|0,,,165.0,-185.0,1.5,8.5,espn,401227188,SEA,MIN,regular,Chris Flexen,Matt Shoemaker,,,,,,,,
2021,2021-04-11,Milwaukee Brewers,St. Louis Cardinals,9.0,3.0,False,4|3|0|0|0|0|0|0|2,0|1|0|0|0|2|0|0|0,,,125.0,-145.0,1.5,8.5,espn,401227184,MIL,STL,regular,Brett Anderson,Daniel Ponce de Leon,,,,,,,,
2021,2021-04-11,San Diego Padres,Texas Rangers,2.0,0.0,False,0|0|0|1|0|0|0|0|1,0|0|0|0|0|0|0|0|0,,,-175.0,155.0,,9.0,espn,401227187,SD,TEX,regular,Adrian Morejon,Mike Foltynewicz,,,,,,,,
2021,2021-04-11,Colorado Rockies,San Francisco Giants,0.0,4.0,False,0|0|0|0|0|0|0|0|0,2|0|0|0|0|1|1|0,,,100.0,-120.0,1.5,7.5,espn,401227180,COL,SF,regular,German Marquez,Anthony DeSclafani,,,,,,,,
2021,2021-04-11,Cincinnati Reds,Arizona Diamondbacks,0.0,7.0,False,0|0|0|0|0|0|0|0|0,0|1|3|0|3|0|0|0,,,-115.0,-105.0,1.5,9.5,espn,401227179,CIN,ARI,regular,Jose De Leon,Luke Weaver,,,,,,,,
2021,2021-04-11,Washington Nationals,Los Angeles Dodgers,0.0,3.0,False,0|0|0|0|0|0|0|0|0,0|1|0|0|0|0|2|0,,,145.0,-165.0,1.5,7.5,espn,401227189,WSH,LAD,regular,Max Scherzer,Clayton Kershaw,,,,,,,,
2021,2021-04-11,Philadelphia Phillies,Atlanta Braves,7.0,6.0,False,0|1|0|4|0|1|0|0|1,3|0|0|1|1|0|1|0|0,,,140.0,-160.0,1.5,9.0,espn,401227186,PHI,ATL,regular,Matt Moore,Drew Smyly,,,,,,,,
2021,2021-04-12,San Diego Padres,Pittsburgh Pirates,6.0,2.0,False,1|0|0|0|0|3|2|0|0,0|0|1|0|0|0|0|1|0,,,-210.0,175.0,,7.5,espn,401227200,SD,PIT,regular,Yu Darvish,Trevor Cahill,,,,,,,,
2021,2021-04-12,New York Yankees,Toronto Blue Jays,3.0,1.0,False,0|0|0|0|2|0|0|1|0,1|0|0|0|0|0|0|0|0,,,-200.0,170.0,,9.0,espn,401227197,NYY,TOR,regular,Gerrit Cole,Robbie Ray,,,,,,,,
2021,2021-04-12,Texas Rangers,Tampa Bay Rays,0.0,1.0,False,0|0|0|0|0|0|0|0|0,0|0|0|0|0|0|1|0,,,185.0,-225.0,1.5,7.0,espn,401227202,TEX,TB,regular,Dane Dunning,Tyler Glasnow,,,,,,,,
2021,2021-04-12,Miami Marlins,Atlanta Braves,5.0,3.0,False,0|1|0|0|0|0|0|2|0|2,1|0|1|0|0|0|1|0|0|0,,,125.0,-145.0,1.5,8.0,espn,401227196,MIA,ATL,regular,Sandy Alcantara,Huascar Ynoa,,,,,,,,
2021,2021-04-12,Chicago Cubs,Milwaukee Brewers,3.0,6.0,False,0|0|0|1|0|0|0|0|2,0|0|0|0|0|6|0|0,,,120.0,-140.0,1.5,8.5,espn,401227192,CHC,MIL,regular,Adbert Alzolay,Freddy Peralta,,,,,,,,
2021,2021-04-12,Washington Nationals,St. Louis Cardinals,5.0,2.0,False,1|0|0|0|0|2|1|1|0,0|0|1|0|0|1|0|0|0,,,130.0,-150.0,1.5,8.5,espn,401227203,WSH,STL,regular,Erick Fedde,John Gant,,,,,,,,
2021,2021-04-12,Los Angeles Angels,Kansas City Royals,10.0,3.0,False,0|2|1|0|1|0|3|0|3,0|0|0|0|0|3|0|0|0,,,-135.0,115.0,,8.5,espn,401227190,LAA,KC,regular,Alex Cobb,Brady Singer,,,,,,,,
2021,2021-04-12,Cleveland Indians,Chicago White Sox,3.0,4.0,False,0|2|0|0|0|1|0|0|0,0|0|3|0|0|0|0|0|1,,,110.0,-130.0,1.5,8.0,espn,401227194,CLE,CHW,regular,Triston McKenzie,Dallas Keuchel,,,,,,,,
2021,2021-04-12,Detroit Tigers,Houston Astros,6.0,2.0,False,0|2|2|0|2|0|0|0|0,0|0|0|0|0|0|0|1|1,,,225.0,-275.0,1.5,9.0,espn,401227195,DET,HOU,regular,Casey Mize,Zack Greinke,,,,,,,,
2021,2021-04-12,Oakland Athletics,Arizona Diamondbacks,9.0,5.0,False,1|0|2|0|3|0|0|1|2,0|0|2|0|0|1|2|0|0,,,-135.0,115.0,,9.5,espn,401227198,OAK,ARI,regular,Chris Bassitt,Madison Bumgarner,,,,,,,,
2021,2021-04-12,Cincinnati Reds,San Francisco Giants,3.0,0.0,False,0|0|2|0|0|1|0|0|0,0|0|0|0|0|0|0|0|0,,,-110.0,-110.0,1.5,8.5,espn,401227193,CIN,SF,regular,Wade Miley,Aaron Sanchez,,,,,,,,
2021,2021-04-13,Boston Red Sox,Minnesota Twins,4.0,2.0,False,0|0|0|0|2|0|0|1|1,2|0|0|0|0|0|0|0|0,,,110.0,-130.0,1.5,9.0,espn,401227205,BOS,MIN,regular,Martin Perez,J.A. Happ,,,,,,,,
2021,2021-04-13,Oakland Athletics,Arizona Diamondbacks,7.0,5.0,False,0|0|0|1|0|0|4|1|1,0|3|2|0|0|0|0|0|0,,,-110.0,-110.0,1.5,8.5,espn,401227213,OAK,ARI,regular,Jesus Luzardo,Zac Gallen,,,,,,,,
2021,2021-04-13,Seattle Mariners,Baltimore Orioles,4.0,3.0,False,1|2|0|0|0|0|0|1,0|0|0|0|2|0|1|0,,,110.0,-130.0,1.5,7.0,espn,401320453,SEA,BAL,regular,Justus Sheffield,John Means,,,,,,,,
2021,2021-04-13,Philadelphia Phillies,New York Mets,3.0,4.0,False,0|1|0|0|0|1|0|1,2|0|0|0|0|0|0|2,,,-130.0,110.0,,5.5,espn,401320350,PHI,NYM,regular,Chase Anderson,Taijuan Walker,,,,,,,,
2021,2021-04-13,San Diego Padres,Pittsburgh Pirates,4.0,8.0,False,2|1|0|1|0|0|0|0|0,3|2|1|0|1|0|0|1,,,-235.0,195.0,,8.0,espn,401227215,SD,PIT,regular,Blake Snell,Chad Kuhl,,,,,,,,
2021,2021-04-13,New York Yankees,Toronto Blue Jays,3.0,7.0,False,0|0|0|0|0|0|1|2|0,0|2|1|2|1|0|0|1,,,-105.0,-115.0,1.5,9.0,espn,401227212,NYY,TOR,regular,Jameson Taillon,Hyun Jin Ryu,,,,,,,,
2021,2021-04-13,Texas Rangers,Tampa Bay Rays,8.0,3.0,False,1|0|0|4|0|1|0|2|0,2|0|0|0|0|0|0|1|0,,,150.0,-170.0,1.5,8.0,espn,401227217,TEX,TB,regular,Kyle Gibson,Ryan Yarbrough,,,,,,,,
2021,2021-04-13,Seattle Mariners,Baltimore Orioles,6.0,7.0,False,0|0|4|0|0|0|2,0|0|4|2|0|0|1,,,110.0,-130.0,1.5,7.0,espn,401227216,SEA,BAL,regular,Nick Margevicius,Dean Kremer,,,,,,,,
2021,2021-04-13,Miami Marlins,Atlanta Braves,14.0,8.0,False,0|3|1|4|0|3|3|0|0,3|0|1|2|0|0|0|0|2,,,145.0,-165.0,1.5,8.0,espn,401227211,MIA,ATL,regular,Pablo Lopez,Max Fried,,,,,,,,
2021,2021-04-13,Chicago Cubs,Milwaukee Brewers,3.0,2.0,False,0|0|0|1|0|0|0|2|0,0|2|0|0|0|0|0|0|0,,,130.0,-150.0,1.5,7.5,espn,401227206,CHC,MIL,regular,Alec Mills,Brandon Woodruff,,,,,,,,
2021,2021-04-13,Washington Nationals,St. Louis Cardinals,3.0,14.0,False,0|0|1|0|0|0|0|0|2,1|0|4|0|9|0|0|0,,,-110.0,-110.0,1.5,7.0,espn,401227218,WSH,STL,regular,Stephen Strasburg,Jack Flaherty,,,,,,,,
2021,2021-04-13,Philadelphia Phillies,New York Mets,0.0,4.0,False,0|0|0|0|0|0|0,0|0|0|3|0|1,,,135.0,-155.0,1.5,6.5,espn,401227214,PHI,NYM,regular,Aaron Nola,Marcus Stroman,,,,,,,,
2021,2021-04-13,Los Angeles Angels,Kansas City Royals,2.0,3.0,False,0|0|0|0|1|0|0|1|0,1|0|1|0|1|0|0|0,,,-130.0,110.0,,8.5,espn,401227204,LAA,KC,regular,Dylan Bundy,Danny Duffy,,,,,,,,
2021,2021-04-13,Cleveland Indians,Chicago White Sox,2.0,0.0,False,0|0|0|0|0|0|0|0|0|2,0|0|0|0|0|0|0|0|0|0,,,100.0,-120.0,1.5,6.5,espn,401227208,CLE,CHW,regular,Shane Bieber,Lucas Giolito,,,,,,,,
2021,2021-04-13,Detroit Tigers,Houston Astros,8.0,2.0,False,0|0|1|4|2|0|0|0|1,0|1|0|0|0|0|0|0|1,,,160.0,-180.0,1.5,9.0,espn,401227210,DET,HOU,regular,Matthew Boyd,Jake Odorizzi,,,,,,,,
2021,2021-04-13,Cincinnati Reds,San Francisco Giants,6.0,7.0,False,4|1|0|0|0|0|1|0|0,4|0|0|0|0|2|1|0,,,100.0,-120.0,1.5,7.5,espn,401227207,CIN,SF,regular,Luis Castillo,Kevin Gausman,,,,,,,,
2021,2021-04-13,Colorado Rockies,Los Angeles Dodgers,0.0,7.0,False,0|0|0|0|0|0|0|0|0,2|0|3|1|0|1|0|0,,,265.0,-330.0,1.5,8.0,espn,401227209,COL,LAD,regular,Antonio Senzatela,Trevor Bauer,,,,,,,,
2021,2021-04-14,New York Yankees,Toronto Blue Jays,4.0,5.0,False,1|0|0|3|0|0|0|0|0,0|2|1|0|0|1|0|0|1,,,-145.0,125.0,,10.5,espn,401227227,NYY,TOR,regular,Corey Kluber,T.J. Zeuch,,,,,,,,
2021,2021-04-14,Washington Nationals,St. Louis Cardinals,6.0,0.0,False,0|0|2|0|2|1|0|1|0,0|0|0|0|0|0|0|0|0,,,100.0,-120.0,1.5,8.5,espn,401227232,WSH,STL,regular,Joe Ross,Adam Wainwright,,,,,,,,
2021,2021-04-14,Chicago Cubs,Milwaukee Brewers,0.0,7.0,False,0|0|0|0|0|0|0|0|0,2|0|1|0|0|4|0|0,,,160.0,-180.0,1.5,7.0,espn,401227221,CHC,MIL,regular,Jake Arrieta,Corbin Burnes,,,,,,,,
2021,2021-04-14,Los Angeles Angels,Kansas City Royals,1.0,6.0,False,0|0|0|0|0|1|0|0|0,0|0|1|1|0|0|3|1,,,-130.0,110.0,,9.0,espn,401227219,LAA,KC,regular,Griffin Canning,Brad Keller,,,,,,,,
2021,2021-04-14,Boston Red Sox,Minnesota Twins,3.0,2.0,False,0|3|0|0|0|0|0,0|0|2|0|0|0|0,,,110.0,-130.0,1.5,6.0,espn,401227220,BOS,MIN,regular,Nathan Eovaldi,Kenta Maeda,,,,,,,,
2021,2021-04-14,Cincinnati Reds,San Francisco Giants,0.0,3.0,False,0|0|0|0|0|0|0|0|0,0|0|0|0|2|0|0|1,,,-125.0,105.0,,8.5,espn,401227222,CIN,SF,regular,Tyler Mahle,Johnny Cueto,,,,,,,,
2021,2021-04-14,Boston Red Sox,Minnesota Twins,7.0,1.0,False,0|0|0|0|6|0|1,1|0|0|0|0|0|0,,,130.0,-150.0,1.5,6.0,espn,401320523,BOS,MIN,regular,Eduardo Rodriguez,Jose Berrios,,,,,,,,
2021,2021-04-14,San Diego Padres,Pittsburgh Pirates,1.0,5.0,False,0|0|0|0|0|1|0|0|0,0|1|0|0|1|0|0|3,,,-225.0,185.0,,7.5,espn,401227229,SD,PIT,regular,Joe Musgrove,Tyler Anderson,,,,,,,,
2021,2021-04-14,Detroit Tigers,Houston Astros,6.0,4.0,False,0|3|0|3|0|0|0|0|0,0|0|0|0|2|1|0|0|1,,,165.0,-185.0,1.5,8.0,espn,401227225,DET,HOU,regular,Michael Fulmer,Lance McCullers Jr.,,,,,,,,
2021,2021-04-14,Philadelphia Phillies,New York Mets,1.0,5.0,False,0|0|0|0|1|0|0|0|0,2|0|0|0|0|0|1|2,,,-120.0,100.0,,8.0,espn,401227228,PHI,NYM,regular,Zack Wheeler,David Peterson,,,,,,,,
2021,2021-04-14,Texas Rangers,Tampa Bay Rays,5.0,1.0,False,0|1|0|0|0|0|4|0|0,0|0|0|0|0|0|0|0|1,,,170.0,-200.0,1.5,8.5,espn,401227231,TEX,TB,regular,Kohei Arihara,Josh Fleming,,,,,,,,
2021,2021-04-14,Miami Marlins,Atlanta Braves,6.0,5.0,False,0|1|4|0|0|0|0|0|0|1,0|0|2|0|1|0|2|0|0|0,,,220.0,-270.0,1.5,8.5,espn,401227226,MIA,ATL,regular,Nick Neidert,Charlie Morton,,,,,,,,
2021,2021-04-14,Cleveland Indians,Chicago White Sox,0.0,8.0,False,0|0|0|0|0|0|0|0|0,6|0|2|0|0|0|0|0,,,-105.0,-115.0,1.5,7.5,espn,401227223,CLE,CHW,regular,Zach Plesac,Carlos Rodon,,,,,,,,
2021,2021-04-14,Colorado Rockies,Los Angeles Dodgers,2.0,4.0,False,0|0|0|0|2|0|0|0|0,2|0|1|0|0|0|0|1,,,210.0,-250.0,1.5,7.5,espn,401227224,COL,LAD,regular,Jon Gray,Dustin May,,,,,,,,
2021,2021-04-15,Miami Marlins,Atlanta Braves,6.0,7.0,False,0|2|0|1|0|0|1|0|2,0|0|0|0|2|3|0|0|2,,,150.0,-170.0,1.5,8.0,espn,401227238,MIA,ATL,regular,Trevor Rogers,Ian Anderson,,,,,,,,
2021,2021-04-15,San Diego Padres,Pittsburgh Pirates,8.0,3.0,False,4|2|0|1|0|1|0|0|0,0|1|0|0|2|0|0|0|0,,,-150.0,130.0,,7.5,espn,401227240,SD,PIT,regular,Chris Paddack,Mitch Keller,,,,,,,,
2021,2021-04-15,Seattle Mariners,Baltimore Orioles,4.0,2.0,False,0|0|0|0|2|2|0,2|0|0|0|0|0|0,,,-110.0,-110.0,1.5,7.0,espn,401227241,SEA,BAL,regular,Marco Gonzales,Matt Harvey,,,,,,,,
2021,2021-04-15,Boston Red Sox,Minnesota Twins,3.0,4.0,False,0|0|0|0|0|0|0|3|0,0|2|0|0|0|1|0|0|1,,,125.0,-145.0,1.5,8.5,espn,401227234,BOS,MIN,regular,Garrett Richards,Michael Pineda,,,,,,,,
2021,2021-04-15,Cleveland Indians,Chicago White Sox,4.0,2.0,False,0|0|0|0|0|2|1|1|0,1|0|0|0|0|0|0|0|1,,,140.0,-160.0,1.5,7.5,espn,401227235,CLE,CHW,regular,Aaron Civale,Lance Lynn,,,,,,,,
2021,2021-04-15,Seattle Mariners,Baltimore Orioles,2.0,1.0,False,0|0|1|0|1|0|0,0|0|1|0|0|0|0,,,120.0,-140.0,1.5,7.5,espn,401320813,SEA,BAL,regular,Justin Dunn,Bruce Zimmermann,,,,,,,,
2021,2021-04-15,Arizona Diamondbacks,Washington Nationals,11.0,6.0,False,3|7|0|0|0|0|0|1|0,4|0|0|0|0|1|1|0|0,,,160.0,-180.0,1.5,8.5,espn,401227233,ARI,WSH,regular,Merrill Kelly,Patrick Corbin,,,,,,,,
2021,2021-04-15,Texas Rangers,Tampa Bay Rays,6.0,4.0,False,0|1|0|2|1|0|0|0|0|2,0|0|1|2|0|0|1|0|0|0,,,165.0,-185.0,1.5,8.0,espn,401227242,TEX,TB,regular,Jordan Lyles,Rich Hill,,,,,,,,
2021,2021-04-15,Toronto Blue Jays,Kansas City Royals,5.0,7.0,False,0|0|0|0|0|4|1|0|0,1|0|2|4|0|0|0|0,,,105.0,-125.0,1.5,9.0,espn,401227243,TOR,KC,regular,Anthony Kay,Jakob Junis,,,,,,,,
2021,2021-04-15,Detroit Tigers,Oakland Athletics,4.0,8.0,False,0|0|0|1|0|1|0|0|2,0|0|1|1|1|4|1|0,,,160.0,-180.0,1.5,8.5,espn,401227237,DET,OAK,regular,Tarik Skubal,Sean Manaea,,,,,,,,
2021,2021-04-15,Colorado Rockies,Los Angeles Dodgers,5.0,7.0,False,1|0|1|0|0|3|0|0|0,0|0|3|0|0|0|4|0,,,230.0,-280.0,1.5,7.5,espn,401227236,COL,LAD,regular,Austin Gomber,Julio Urias,,,,,,,,
2021,2021-04-16,Atlanta Braves,Chicago Cubs,5.0,2.0,False,0|0|1|3|0|0|1|0|0,0|1|0|0|1|0|0|0|0,,,-105.0,-115.0,1.5,8.0,espn,401227245,ATL,CHC,regular,Kyle Wright,Zach Davies,,,,,,,,
2021,2021-04-16,Arizona Diamondbacks,Washington Nationals,0.0,1.0,False,0|0|0|0|0|0|0|0|0,0|0|0|0|0|0|0|0|1,,,167.0,-192.0,1.5,8.0,espn,401227244,ARI,WSH,regular,Taylor Widener,Max Scherzer,,,,,,,,
2021,2021-04-16,St. Louis Cardinals,Philadelphia Phillies,2.0,9.0,False,0|0|0|0|0|0|0|2|0,0|6|0|0|0|0|2|1,,,130.0,-150.0,1.5,8.5,espn,401227256,STL,PHI,regular,Carlos Martinez,Zach Eflin,,,,,,,,
2021,2021-04-16,Tampa Bay Rays,New York Yankees,8.0,2.0,False,2|0|0|0|4|2|0|0|0,0|0|0|0|0|0|2|0|0,,,145.0,-165.0,1.5,9.5,espn,401227257,TB,NYY,regular,Michael Wacha,Nick Nelson,,,,,,,,
2021,2021-04-16,Cleveland Indians,Cincinnati Reds,3.0,10.0,False,0|1|0|0|0|0|0|0|2,0|0|7|0|2|1|0|0,,,-105.0,-115.0,1.5,8.5,espn,401227248,CLE,CIN,regular,Logan Allen,Jeff Hoffman,,,,,,,,
2021,2021-04-16,San Francisco Giants,Miami Marlins,1.0,4.0,False,0|0|0|1|0|0|0|0|0,0|0|0|0|1|0|0|3,,,-140.0,120.0,,8.5,espn,401227255,SF,MIA,regular,Anthony DeSclafani,Daniel Castano,,,,,,,,
2021,2021-04-16,Baltimore Orioles,Texas Rangers,5.0,2.0,False,0|0|1|1|3|0|0|0|0,0|0|0|0|2|0|0|0|0,,,115.0,-135.0,1.5,9.0,espn,401227246,BAL,TEX,regular,Jorge Lopez,Mike Foltynewicz,,,,,,,,
2021,2021-04-16,Pittsburgh Pirates,Milwaukee Brewers,6.0,1.0,False,0|1|0|0|3|0|0|2|0,0|0|0|0|1|0|0|0|0,,,125.0,-145.0,1.5,8.5,espn,401227254,PIT,MIL,regular,JT Brubaker,Adrian Houser,,,,,,,,
2021,2021-04-16,Minnesota Twins,Los Angeles Angels,3.0,10.0,False,0|0|0|0|0|3|0|0|0,0|0|0|2|0|2|6|0,,,110.0,-130.0,1.5,9.0,espn,401227252,MIN,LAA,regular,Lewis Thorpe,Andrew Heaney,,,,,,,,
2021,2021-04-16,Detroit Tigers,Oakland Athletics,0.0,3.0,False,0|0|0|0|0|0|0|0|0,0|0|0|2|0|0|0|1,,,170.0,-200.0,1.5,8.5,espn,401227249,DET,OAK,regular,Jose Urena,Frankie Montas,,,,,,,,
2021,2021-04-16,Houston Astros,Seattle Mariners,5.0,6.0,False,0|0|0|0|3|0|2|0|0,0|0|0|0|0|2|2|1|1,,,-115.0,-105.0,1.5,8.0,espn,401227250,HOU,SEA,regular,Jose Urquidy,Yusei Kikuchi,,,,,,,,
2021,2021-04-16,Los Angeles Dodgers,San Diego Padres,11.0,6.0,False,0|0|0|0|1|3|0|1|1|0|0|5,0|1|0|0|1|0|1|2|1|0|0|0,,,-150.0,130.0,,7.5,espn,401227251,LAD,SD,regular,Walker Buehler,Ryan Weathers,,,,,,,,
2021,2021-04-17,Arizona Diamondbacks,Washington Nationals,2.0,6.0,False,0|0|1|0|0|1|0|0|0,0|1|0|3|0|0|1|1,,,100.0,-120.0,1.5,8.5,espn,401227259,ARI,WSH,regular,Luke Weaver,Erick Fedde,,,,,,,,
2021,2021-04-17,Tampa Bay Rays,New York Yankees,6.0,3.0,False,0|1|0|2|0|0|2|0|1,0|1|0|0|0|0|2|0|0,,,-105.0,-115.0,1.5,7.5,espn,401227272,TB,NYY,regular,Tyler Glasnow,Jordan Montgomery,,,,,,,,
2021,2021-04-17,Toronto Blue Jays,Kansas City Royals,5.0,1.0,False,2|0|0|0|1|1|1,0|0|0|0|0|1|0,,,-110.0,-110.0,1.5,6.5,espn,401227273,TOR,KC,regular,Steven Matz,Mike Minor,,,,,,,,
2021,2021-04-17,Atlanta Braves,Chicago Cubs,4.0,13.0,False,0|0|0|0|0|1|3|0|0,1|1|4|0|5|2|0|0,,,-115.0,-105.0,1.5,7.5,espn,401227260,ATL,CHC,regular,Huascar Ynoa,Trevor Williams,,,,,,,,
2021,2021-04-17,Chicago White Sox,Boston Red Sox,4.0,7.0,False,2|0|0|0|0|0|1|0|1,0|0|2|0|0|1|0|4,,,115.0,-135.0,1.5,9.0,espn,401227262,CHW,BOS,regular,Dylan Cease,Nick Pivetta,,,,,,,,
2021,2021-04-17,St. Louis Cardinals,Philadelphia Phillies,9.0,4.0,False,0|0|6|3|0|0|0|0|0,1|0|2|0|1|0|0|0|0,,,-110.0,-110.0,1.5,8.5,espn,401227271,STL,PHI,regular,Kwang Hyun Kim,Matt Moore,,,,,,,,
2021,2021-04-17,Detroit Tigers,Oakland Athletics,0.0,7.0,False,0|0|0|0|0|0|0|0|0,1|3|0|0|1|0|2|0,,,115.0,-135.0,1.5,9.0,espn,401227264,DET,OAK,regular,Casey Mize,Cole Irvin,,,,,,,,
2021,2021-04-17,Cleveland Indians,Cincinnati Reds,2.0,3.0,False,0|0|1|1|0|0|0|0|0|0,0|1|0|0|0|0|0|0|1|1,,,120.0,-140.0,1.5,8.0,espn,401227263,CLE,CIN,regular,Triston McKenzie,Sonny Gray,,,,,,,,
2021,2021-04-17,New York Mets,Colorado Rockies,4.0,3.0,False,0|0|1|0|0|1|2,0|0|0|0|3|0|0,,,-280.0,230.0,,6.5,espn,401321163,NYM,COL,regular,Jacob deGrom,Chi Chi Gonzalez,,,,,,,,
2021,2021-04-17,San Francisco Giants,Miami Marlins,6.0,7.0,False,0|0|0|0|0|0|5|0|0|1,1|0|0|0|0|2|0|0|2|2,,,110.0,-130.0,1.5,7.5,espn,401227270,SF,MIA,regular,Aaron Sanchez,Sandy Alcantara,,,,,,,,
2021,2021-04-17,Toronto Blue Jays,Kansas City Royals,2.0,3.0,False,0|1|0|1|0|0|0,0|0|2|0|0|0|1,,,-125.0,105.0,,7.5,espn,401321165,TOR,KC,regular,Tommy Milone,Ervin Santana,,,,,,,,
2021,2021-04-17,Baltimore Orioles,Texas Rangers,6.0,1.0,False,0|0|0|0|0|0|1|2|3,0|0|0|1|0|0|0|0|0,,,125.0,-145.0,1.5,8.5,espn,401227261,BAL,TEX,regular,Dean Kremer,Dane Dunning,,,,,,,,
2021,2021-04-17,Pittsburgh Pirates,Milwaukee Brewers,1.0,7.0,False,0|0|0|1|0|0|0|0|0,5|2|0|0|0|0|0|0,,,120.0,-140.0,1.5,8.5,espn,401227269,PIT,MIL,regular,Trevor Cahill,Brett Anderson,,,,,,,,
2021,2021-04-17,New York Mets,Colorado Rockies,2.0,7.0,False,0|0|0|2|0|0|0,3|0|0|0|4|0,,,-274.0,244.0,,7.0,espn,401227268,NYM,COL,regular,Joey Lucchesi,German Marquez,,,,,,,,
2021,2021-04-17,Los Angeles Dodgers,San Diego Padres,2.0,0.0,False,0|0|0|0|1|0|0|0|1,0|0|0|0|0|0|0|0|0,,,-120.0,100.0,,7.0,espn,401227266,LAD,SD,regular,Clayton Kershaw,Yu Darvish,,,,,,,,
2021,2021-04-17,Houston Astros,Seattle Mariners,1.0,0.0,False,0|0|0|1|0|0|0|0|0,0|0|0|0|0|0|0|0|0,,,-135.0,115.0,,8.5,espn,401227265,HOU,SEA,regular,Zack Greinke,Chris Flexen,,,,,,,,
2021,2021-04-18,Arizona Diamondbacks,Washington Nationals,5.0,2.0,False,1|0|0|1|0|0|1|1|1,0|0|1|0|0|0|0|1|0,,,125.0,-145.0,1.5,9.0,espn,401227274,ARI,WSH,regular,Madison Bumgarner,Paolo Espino,,,,,,,,
2021,2021-04-18,St. Louis Cardinals,Philadelphia Phillies,0.0,2.0,False,0|0|0|0|0|0|0|0|0,1|0|0|0|1|0|0|0,,,160.0,-180.0,1.5,8.0,espn,401227286,STL,PHI,regular,John Gant,Aaron Nola,,,,,,,,
2021,2021-04-18,Tampa Bay Rays,New York Yankees,4.0,2.0,False,0|0|2|0|0|0|1|0|1,0|1|0|0|1|0|0|0|0,,,215.0,-260.0,1.5,7.5,espn,401227287,TB,NYY,regular,Andrew Kittredge,Gerrit Cole,,,,,,,,
2021,2021-04-18,Chicago White Sox,Boston Red Sox,3.0,2.0,False,1|0|0|1|1|0|0,0|0|0|1|0|1|0,,,-110.0,-110.0,1.5,7.0,espn,401227277,CHW,BOS,regular,Dallas Keuchel,Tanner Houck,,,,,,,,
2021,2021-04-18,Cleveland Indians,Cincinnati Reds,6.0,3.0,False,1|0|0|3|0|0|2|0|0,0|0|0|0|2|0|0|1|0,,,-165.0,145.0,,7.0,espn,401227278,CLE,CIN,regular,Shane Bieber,Wade Miley,,,,,,,,
2021,2021-04-18,San Francisco Giants,Miami Marlins,1.0,0.0,False,0|0|1|0|0|0|0|0|0,0|0|0|0|0|0|0|0|0,,,125.0,-145.0,1.5,8.0,espn,401227285,SF,MIA,regular,Alex Wood,Pablo Lopez,,,,,,,,
2021,2021-04-18,Pittsburgh Pirates,Milwaukee Brewers,6.0,5.0,False,0|0|3|0|0|0|2|0|0|1,2|0|1|0|0|0|2|0|0|0,,,175.0,-210.0,1.5,7.5,espn,401227284,PIT,MIL,regular,Chad Kuhl,Freddy Peralta,,,,,,,,
2021,2021-04-18,Toronto Blue Jays,Kansas City Royals,0.0,2.0,False,0|0|0|0|0|0|0|0|0,0|0|0|0|0|0|2|0,,,100.0,-120.0,1.5,8.5,espn,401227288,TOR,KC,regular,Robbie Ray,Brady Singer,,,,,,,,
2021,2021-04-18,Baltimore Orioles,Texas Rangers,0.0,1.0,False,0|0|0|0|0|0|0|0|0|0,0|0|0|0|0|0|0|0|0|1,,,-115.0,-105.0,1.5,8.0,espn,401227276,BAL,TEX,regular,John Means,Kyle Gibson,,,,,,,,
2021,2021-04-18,New York Mets,Colorado Rockies,2.0,1.0,False,0|1|0|1|0|0|0|0|0,0|0|0|0|0|0|1|0|0,,,-185.0,165.0,,11.0,espn,401227283,NYM,COL,regular,Marcus Stroman,Antonio Senzatela,,,,,,,,
2021,2021-04-18,Detroit Tigers,Oakland Athletics,2.0,3.0,False,0|0|0|0|0|2|0|0|0,0|0|0|1|0|0|0|1|1,,,145.0,-165.0,1.5,8.5,espn,401227279,DET,OAK,regular,Matthew Boyd,Chris Bassitt,,,,,,,,
2021,2021-04-18,Houston Astros,Seattle Mariners,2.0,7.0,False,0|1|0|0|1|0|0|0|0,1|0|0|0|4|0|2|0,,,-130.0,110.0,,9.0,espn,401227280,HOU,SEA,regular,Jake Odorizzi,Nick Margevicius,,,,,,,,
2021,2021-04-18,Los Angeles Dodgers,San Diego Padres,2.0,5.0,False,0|2|0|0|0|0|0|0|0,0|0|0|1|0|0|1|3,,,-135.0,115.0,,7.5,espn,401227281,LAD,SD,regular,Trevor Bauer,Blake Snell,,,,,,,,
2021,2021-04-18,Chicago White Sox,Boston Red Sox,5.0,1.0,False,1|0|0|3|0|1|0,0|0|0|1|0|0|0,,,-110.0,-110.0,1.5,7.0,espn,401321164,CHW,BOS,regular,Michael Kopech,Martin Perez,,,,,,,,
2021,2021-04-18,Atlanta Braves,Chicago Cubs,13.0,4.0,False,6|0|0|1|0|6|0|0|0,2|0|1|0|0|0|0|1|0,,,120.0,-140.0,1.5,9.0,espn,401227275,ATL,CHC,regular,Bryse Wilson,Kyle Hendricks,,,,,,,,
2021,2021-04-19,Chicago White Sox,Boston Red Sox,4.0,11.0,False,1|0|1|0|1|0|1|0|0,6|2|1|1|0|0|1|0,,,-115.0,-105.0,1.5,7.5,espn,401227289,CHW,BOS,regular,Lucas Giolito,Nathan Eovaldi,,,,,,,,
2021,2021-04-19,San Francisco Giants,Philadelphia Phillies,2.0,0.0,False,0|0|2|0|0|0|0|0|0,0|0|0|0|0|0|0|0|0,,,-110.0,-110.0,1.5,8.5,espn,401227293,SF,PHI,regular,Kevin Gausman,Chase Anderson,,,,,,,,
2021,2021-04-19,St. Louis Cardinals,Washington Nationals,12.0,5.0,False,0|1|3|2|5|0|0|1|0,0|0|0|2|0|3|0|0|0,,,105.0,-125.0,1.5,8.0,espn,401227294,STL,WSH,regular,Jack Flaherty,Joe Ross,,,,,,,,
2021,2021-04-19,Tampa Bay Rays,Kansas City Royals,4.0,1.0,False,0|0|0|0|2|0|1|0|1,0|0|0|0|0|0|0|0|1,,,-110.0,-110.0,1.5,7.5,espn,401227295,TB,KC,regular,Josh Fleming,Danny Duffy,,,,,,,,
2021,2021-04-19,Texas Rangers,Los Angeles Angels,6.0,4.0,False,0|0|1|0|0|5|0|0|0,0|0|0|0|0|0|4|0|0,,,170.0,-200.0,1.5,8.5,espn,401227296,TEX,LAA,regular,Kohei Arihara,Dylan Bundy,,,,,,,,
2021,2021-04-19,Los Angeles Dodgers,Seattle Mariners,3.0,4.0,False,0|0|2|0|0|1|0|0|0,2|1|0|1|0|0|0|0,,,-210.0,175.0,,8.5,espn,401227290,LAD,SEA,regular,Dustin May,Justus Sheffield,,,,,,,,
2021,2021-04-19,Milwaukee Brewers,San Diego Padres,3.0,1.0,False,0|0|1|0|1|0|0|1|0,1|0|0|0|0|0|0|0|0,,,145.0,-165.0,1.5,6.5,espn,401227291,MIL,SD,regular,Brandon Woodruff,Joe Musgrove,,,,,,,,
2021,2021-04-20,Los Angeles Dodgers,Seattle Mariners,1.0,0.0,False,0|0|1|0|0|0|0|0|0,0|0|0|0|0|0|0|0|0,,,-185.0,165.0,,8.0,espn,401227302,LAD,SEA,regular,Julio Urias,Marco Gonzales,,,,,,,,
2021,2021-04-20,Chicago White Sox,Cleveland Indians,8.0,5.0,False,0|0|2|1|0|4|1|0|0,0|0|1|1|0|0|1|0|2,,,-110.0,-110.0,1.5,7.0,espn,401227300,CHW,CLE,regular,Carlos Rodon,Zach Plesac,,,,,,,,
2021,2021-04-20,Minnesota Twins,Oakland Athletics,0.0,7.0,False,0|0|0|0|0|0|0,0|2|0|5|0|0,,,100.0,-120.0,1.5,6.5,espn,401321807,MIN,OAK,regular,Matt Shoemaker,Sean Manaea,,,,,,,,
2021,2021-04-20,Atlanta Braves,New York Yankees,1.0,3.0,False,0|0|1|0|0|0|0|0|0,0|0|0|0|1|0|0|2,,,105.0,-125.0,1.5,8.5,espn,401227298,ATL,NYY,regular,Charlie Morton,Jameson Taillon,,,,,,,,
2021,2021-04-20,Arizona Diamondbacks,Cincinnati Reds,5.0,4.0,False,3|0|0|0|0|0|0|2|0,0|0|1|1|0|2|0|0|0,,,130.0,-150.0,1.5,7.5,espn,401227297,ARI,CIN,regular,Zac Gallen,Luis Castillo,,,,,,,,
2021,2021-04-20,Baltimore Orioles,Miami Marlins,7.0,5.0,False,3|0|2|1|0|0|0|1|0,1|0|0|0|2|2|0|0|0,,,-105.0,-115.0,1.5,8.5,espn,401227299,BAL,MIA,regular,Matt Harvey,Nick Neidert,,,,,,,,
2021,2021-04-20,San Francisco Giants,Philadelphia Phillies,10.0,7.0,False,0|0|0|0|3|1|0|6|0,0|1|3|0|2|0|0|0|1,,,120.0,-140.0,1.5,8.5,espn,401227307,SF,PHI,regular,Logan Webb,Zack Wheeler,,,,,,,,
2021,2021-04-20,St. Louis Cardinals,Washington Nationals,2.0,3.0,False,0|0|0|0|0|0|2|0|0,0|0|0|0|0|1|0|2,,,-110.0,-110.0,1.5,9.0,espn,401227308,STL,WSH,regular,Adam Wainwright,Patrick Corbin,,,,,,,,
2021,2021-04-20,Toronto Blue Jays,Boston Red Sox,2.0,4.0,False,0|0|0|1|0|0|1|0|0,0|0|0|4|0|0|0|0,,,-110.0,-110.0,1.5,8.0,espn,401227311,TOR,BOS,regular,Hyun Jin Ryu,Eduardo Rodriguez,,,,,,,,
2021,2021-04-20,New York Mets,Chicago Cubs,1.0,3.0,False,0|0|0|0|1|0|0|0|0,0|0|1|2|0|0|0|0,,,-120.0,100.0,,7.5,espn,401227305,NYM,CHC,regular,Taijuan Walker,Jake Arrieta,,,,,,,,
2021,2021-04-20,Tampa Bay Rays,Kansas City Royals,14.0,7.0,False,1|4|0|1|1|4|0|0|3,0|0|4|0|1|1|1|0|0,,,-105.0,-115.0,1.5,8.0,espn,401227309,TB,KC,regular,Rich Hill,Brad Keller,,,,,,,,
2021,2021-04-20,Houston Astros,Colorado Rockies,2.0,6.0,False,0|0|0|0|0|1|0|0|1,0|0|0|0|0|2|1|3,,,-115.0,-105.0,1.5,10.5,espn,401227301,HOU,COL,regular,Luis Garcia,Jon Gray,,,,,,,,
2021,2021-04-20,Minnesota Twins,Oakland Athletics,0.0,1.0,False,0|0|0|0|0|0|0,0|0|0|1|0|0,,,-125.0,105.0,,6.0,espn,401227304,MIN,OAK,regular,Jose Berrios,Jesus Luzardo,,,,,,,,
2021,2021-04-20,Texas Rangers,Los Angeles Angels,2.0,6.0,False,0|0|0|0|0|1|1|0|0,0|0|1|1|0|1|3|0,,,165.0,-185.0,1.5,8.5,espn,401227310,TEX,LAA,regular,Jordan Lyles,Shohei Ohtani,,,,,,,,
2021,2021-04-20,Milwaukee Brewers,San Diego Padres,6.0,0.0,False,0|0|5|0|0|0|0|0|1,0|0|0|0|0|0|0|0|0,,,-120.0,100.0,,6.5,espn,401227303,MIL,SD,regular,Corbin Burnes,Chris Paddack,,,,,,,,
2021,2021-04-21,Arizona Diamondbacks,Cincinnati Reds,5.0,4.0,False,3|0|0|0|0|0|0|2|0,0|0|1|1|0|2|0|0|0,,,130.0,-150.0,1.5,7.5,espn,401227297,ARI,CIN,regular,Zac Gallen,Luis Castillo,,,,,,,,
2021,2021-04-21,San Francisco Giants,Philadelphia Phillies,5.0,6.0,False,0|0|0|0|1|0|4|0|0,0|3|0|0|0|1|1|0|1,,,110.0,-130.0,1.5,8.0,espn,401227321,SF,PHI,regular,Anthony DeSclafani,Zach Eflin,,,,,,,,
2021,2021-04-21,Baltimore Orioles,Miami Marlins,0.0,3.0,False,0|0|0|0|0|0|0|0|0,0|0|0|0|3|0|0|0,,,140.0,-160.0,1.5,7.5,espn,401227314,BAL,MIA,regular,Bruce Zimmermann,Trevor Rogers,,,,,,,,
2021,2021-04-21,Pittsburgh Pirates,Detroit Tigers,3.0,2.0,False,0|0|0|3|0|0|0,0|0|1|1|0|0|0,,,105.0,-125.0,1.5,5.5,espn,401322169,PIT,DET,regular,Tyler Anderson,Michael Fulmer,,,,,,,,
2021,2021-04-21,Houston Astros,Colorado Rockies,3.0,6.0,False,0|2|0|0|0|0|0|0|1,2|2|0|0|0|2|0|0,,,-150.0,130.0,,10.0,espn,401227316,HOU,COL,regular,Jose Urquidy,Austin Gomber,,,,,,,,
2021,2021-04-21,Minnesota Twins,Oakland Athletics,12.0,13.0,False,1|0|3|0|3|3|0|0|0|2,0|3|4|0|0|2|0|0|1|3,,,-110.0,-110.0,1.5,7.5,espn,401227318,MIN,OAK,regular,Kenta Maeda,Frankie Montas,,,,,,,,
2021,2021-04-21,St. Louis Cardinals,Washington Nationals,0.0,1.0,False,0|0|0|0|0|0|0|0|0,0|1|0|0|0|0|0|0,,,155.0,-175.0,1.5,7.5,espn,401227322,STL,WSH,regular,Carlos Martinez,Max Scherzer,,,,,,,,
2021,2021-04-21,Texas Rangers,Los Angeles Angels,7.0,4.0,False,0|0|0|1|0|0|0|4|2,1|0|1|1|0|0|0|0|1,,,155.0,-175.0,1.5,9.0,espn,401227324,TEX,LAA,regular,Mike Foltynewicz,Jose Quintana,,,,,,,,
2021,2021-04-21,Milwaukee Brewers,San Diego Padres,4.0,2.0,False,0|0|0|1|0|3|0|0|0,0|0|1|1|0|0|0|0|0,,,170.0,-200.0,1.5,7.5,espn,401227317,MIL,SD,regular,Adrian Houser,Dinelson Lamet,,,,,,,,
2021,2021-04-21,Atlanta Braves,New York Yankees,4.0,1.0,False,0|0|0|0|2|0|1|0|1,0|0|0|0|0|0|0|0|1,,,120.0,-140.0,1.5,8.5,espn,401227313,ATL,NYY,regular,Ian Anderson,Corey Kluber,,,,,,,,
2021,2021-04-21,Pittsburgh Pirates,Detroit Tigers,2.0,5.0,False,1|0|0|0|0|1|0,0|0|1|0|3|1,,,115.0,-135.0,1.5,6.0,espn,401227320,PIT,DET,regular,Miguel Yajure,Spencer Turnbull,,,,,,,,
2021,2021-04-21,Arizona Diamondbacks,Cincinnati Reds,8.0,5.0,False,0|0|0|0|0|0|0|0|3|5,0|0|0|1|2|0|0|0|0|2,,,155.0,-175.0,1.5,8.5,espn,401227312,ARI,CIN,regular,Merrill Kelly,Tyler Mahle,,,,,,,,
2021,2021-04-21,Toronto Blue Jays,Boston Red Sox,6.0,3.0,False,1|3|0|0|0|0|0|0|2,0|0|0|1|1|0|0|1|0,,,110.0,-130.0,1.5,9.5,espn,401227325,TOR,BOS,regular,Trent Thornton,Garrett Richards,,,,,,,,
2021,2021-04-21,New York Mets,Chicago Cubs,4.0,16.0,False,1|0|1|0|2|0|0|0|0,0|0|0|7|3|4|0|2,,,-130.0,110.0,,7.5,espn,401227319,NYM,CHC,regular,David Peterson,Zach Davies,,,,,,,,
2021,2021-04-21,Tampa Bay Rays,Kansas City Royals,8.0,9.0,False,4|0|0|0|1|0|1|1|1,0|2|0|1|0|0|4|0|2,,,-105.0,-115.0,1.5,8.0,espn,401227323,TB,KC,regular,Michael Wacha,Jakob Junis,,,,,,,,
2021,2021-04-22,Arizona Diamondbacks,Cincinnati Reds,14.0,11.0,False,0|0|2|0|0|2|4|0|0|6,1|0|0|0|0|3|3|1|0|3,,,125.0,-145.0,1.5,8.5,espn,401227327,ARI,CIN,regular,Taylor Widener,Jeff Hoffman,,,,,,,,
2021,2021-04-22,Pittsburgh Pirates,Detroit Tigers,4.0,2.0,False,2|0|0|0|0|0|0|2|0,0|1|0|0|1|0|0|0|0,,,100.0,-120.0,1.5,8.5,espn,401227331,PIT,DET,regular,Mitch Keller,Jose Urena,,,,,,,,
2021,2021-04-22,New York Yankees,Cleveland Indians,6.0,3.0,False,0|0|3|0|0|0|2|1|0,3|0|0|0|0|0|0|0|0,,,-105.0,-115.0,1.5,8.5,espn,401227329,NYY,CLE,regular,Domingo German,Aaron Civale,,,,,,,,
2021,2021-04-22,Seattle Mariners,Boston Red Sox,7.0,3.0,False,0|0|0|0|0|2|0|1|0|4,0|1|0|1|0|0|1|0|0|0,,,155.0,-175.0,1.5,9.5,espn,401227333,SEA,BOS,regular,Justin Dunn,Nick Pivetta,,,,,,,,
2021,2021-04-22,New York Mets,Chicago Cubs,3.0,4.0,False,0|0|0|2|0|0|1|0|0|0,0|0|3|0|0|0|0|0|0|1,,,-105.0,-115.0,1.5,9.5,espn,401227330,NYM,CHC,regular,Joey Lucchesi,Trevor Williams,,,,,,,,
2021,2021-04-22,Los Angeles Angels,Houston Astros,2.0,8.0,False,0|0|0|0|0|2|0|0|0,0|3|3|1|1|0|0|0,,,110.0,-130.0,1.5,8.5,espn,401227326,LAA,HOU,regular,Alex Cobb,Cristian Javier,,,,,,,,
2021,2021-04-22,Miami Marlins,San Francisco Giants,0.0,3.0,False,0|0|0|0|0|0|0|0|0,3|0|0|0|0|0|0|0,,,120.0,-140.0,1.5,8.0,espn,401227328,MIA,SF,regular,Daniel Castano,Aaron Sanchez,,,,,,,,
2021,2021-04-22,San Diego Padres,Los Angeles Dodgers,3.0,2.0,False,0|0|0|1|0|1|0|1|0,0|0|0|0|0|0|2|0|0,,,125.0,-145.0,1.5,7.5,espn,401227332,SD,LAD,regular,Ryan Weathers,Walker Buehler,,,,,,,,
2021,2021-04-23,Milwaukee Brewers,Chicago Cubs,2.0,15.0,False,0|0|0|0|0|2|0|0|0,6|4|0|1|0|4|0|0,,,145.0,-165.0,1.5,9.0,espn,401227339,MIL,CHC,regular,Brett Anderson,Kyle Hendricks,,,,,,,,
2021,2021-04-23,Oakland Athletics,Baltimore Orioles,3.0,1.0,False,0|2|0|0|1|0|0|0|0,0|0|0|0|0|1|0|0|0,,,-135.0,115.0,,9.0,espn,401227341,OAK,BAL,regular,Cole Irvin,Jorge Lopez,,,,,,,,
2021,2021-04-23,Kansas City Royals,Detroit Tigers,6.0,2.0,False,0|1|0|1|4|0|0|0|0,0|0|0|0|2|0|0|0|0,,,-120.0,100.0,,8.5,espn,401227337,KC,DET,regular,Mike Minor,Casey Mize,,,,,,,,
2021,2021-04-23,New York Yankees,Cleveland Indians,5.0,3.0,False,0|3|1|0|1|0|0|0|0,3|0|0|0|0|0|0|0|0,,,-165.0,145.0,,8.5,espn,401227340,NYY,CLE,regular,Jordan Montgomery,Logan Allen,,,,,,,,
2021,2021-04-23,Seattle Mariners,Boston Red Sox,5.0,6.0,False,1|0|0|1|0|0|0|0|3,2|0|1|0|2|0|1|0,,,130.0,-150.0,1.5,9.0,espn,401227345,SEA,BOS,regular,Yusei Kikuchi,Martin Perez,,,,,,,,
2021,2021-04-23,Toronto Blue Jays,Tampa Bay Rays,5.0,3.0,False,4|0|0|0|0|1|0|0|0,0|0|0|0|3|0|0|0|0,,,135.0,-155.0,1.5,7.0,espn,401227347,TOR,TB,regular,Steven Matz,Tyler Glasnow,,,,,,,,
2021,2021-04-23,Washington Nationals,New York Mets,0.0,6.0,False,0|0|0|0|0|0|0|0|0,0|0|0|0|3|0|1|2,,,240.0,-300.0,1.5,7.0,espn,401227348,WSH,NYM,regular,Erick Fedde,Jacob deGrom,,,,,,,,
2021,2021-04-23,Arizona Diamondbacks,Atlanta Braves,4.0,5.0,False,0|0|0|0|2|0|1|1|0,0|2|0|1|1|0|1|0,,,135.0,-155.0,1.5,8.5,espn,401227335,ARI,ATL,regular,Luke Weaver,Huascar Ynoa,,,,,,,,
2021,2021-04-23,Los Angeles Angels,Houston Astros,4.0,5.0,False,0|0|0|0|2|0|0|0|0|2,0|0|0|0|0|0|2|0|0|3,,,145.0,-165.0,1.5,8.0,espn,401227334,LAA,HOU,regular,Andrew Heaney,Zack Greinke,,,,,,,,
2021,2021-04-23,Pittsburgh Pirates,Minnesota Twins,0.0,2.0,False,0|0|0|0|0|0|0|0|0,0|0|1|0|1|0|0|0,,,130.0,-150.0,1.5,8.0,espn,401227343,PIT,MIN,regular,JT Brubaker,J.A. Happ,,,,,,,,
2021,2021-04-23,Texas Rangers,Chicago White Sox,7.0,9.0,False,0|0|0|2|3|1|0|0|1,0|0|5|1|0|0|2|1,,,125.0,-145.0,1.5,8.0,espn,401227346,TEX,CHW,regular,Dane Dunning,Dylan Cease,,,,,,,,
2021,2021-04-23,Cincinnati Reds,St. Louis Cardinals,4.0,5.0,False,0|0|0|0|0|1|0|0|3,0|1|4|0|0|0|0|0,,,-110.0,-110.0,1.5,8.0,espn,401227336,CIN,STL,regular,Sonny Gray,Kwang Hyun Kim,,,,,,,,
2021,2021-04-23,Philadelphia Phillies,Colorado Rockies,4.0,5.0,False,0|1|0|1|0|0|2|0|0,0|0|0|2|0|0|1|1|1,,,115.0,-135.0,1.5,10.5,espn,401227342,PHI,COL,regular,Vince Velasquez,German Marquez,,,,,,,,
2021,2021-04-23,Miami Marlins,San Francisco Giants,3.0,5.0,False,1|0|0|0|0|0|0|0|2,0|0|2|0|0|0|3|0,,,115.0,-135.0,1.5,7.0,espn,401227338,MIA,SF,regular,Sandy Alcantara,Alex Wood,,,,,,,,
2021,2021-04-23,San Diego Padres,Los Angeles Dodgers,6.0,1.0,False,0|1|1|0|1|0|0|0|3,1|0|0|0|0|0|0|0|0,,,125.0,-145.0,1.5,7.0,espn,401227344,SD,LAD,regular,Yu Darvish,Clayton Kershaw,,,,,,,,
2021,2021-04-24,Kansas City Royals,Detroit Tigers,2.0,1.0,False,0|0|0|0|2|0|0|0|0,0|0|0|0|1|0|0|0|0,,,-125.0,105.0,,8.0,espn,401227352,KC,DET,regular,Brady Singer,Matthew Boyd,,,,,,,,
2021,2021-04-24,Seattle Mariners,Boston Red Sox,8.0,2.0,False,1|3|0|0|1|0|0|1|2,0|0|0|0|0|0|1|0|1,,,175.0,-210.0,1.5,9.0,espn,401227360,SEA,BOS,regular,Chris Flexen,Nathan Eovaldi,,,,,,,,
2021,2021-04-24,Pittsburgh Pirates,Minnesota Twins,6.0,2.0,False,0|3|0|0|2|1|0|0|0,0|1|0|0|0|0|0|1|0,,,195.0,-235.0,1.5,7.5,espn,401227358,PIT,MIN,regular,Trevor Cahill,Michael Pineda,,,,,,,,
2021,2021-04-24,Cincinnati Reds,St. Louis Cardinals,0.0,2.0,False,0|0|0|0|0|0|0|0|0,1|0|0|0|0|1|0|0,,,-105.0,-115.0,1.5,8.5,espn,401227351,CIN,STL,regular,Wade Miley,John Gant,,,,,,,,
2021,2021-04-24,Milwaukee Brewers,Chicago Cubs,4.0,3.0,False,0|0|0|0|2|0|2|0|0,0|2|0|0|0|0|0|1|0,,,-105.0,-115.0,1.5,7.5,espn,401227354,MIL,CHC,regular,Freddy Peralta,Adbert Alzolay,,,,,,,,
2021,2021-04-24,Washington Nationals,New York Mets,7.0,1.0,False,1|1|2|1|2|0|0|0|0,0|0|0|1|0|0|0|0|0,,,170.0,-200.0,1.5,8.0,espn,401227363,WSH,NYM,regular,Joe Ross,Marcus Stroman,,,,,,,,
2021,2021-04-24,Los Angeles Angels,Houston Astros,2.0,16.0,False,0|1|1|0|0|0|0|0|0,3|0|3|4|3|0|0|3,,,130.0,-150.0,1.5,8.5,espn,401227349,LAA,HOU,regular,Griffin Canning,Jake Odorizzi,,,,,,,,
2021,2021-04-24,New York Yankees,Cleveland Indians,2.0,1.0,False,0|0|0|0|2|0|0|0|0,0|0|0|1|0|0|0|0|0,,,-125.0,105.0,,6.5,espn,401227355,NYY,CLE,regular,Gerrit Cole,Shane Bieber,,,,,,,,
2021,2021-04-24,Toronto Blue Jays,Tampa Bay Rays,3.0,5.0,False,3|0|0|0|0|0|0|0|0,0|1|0|0|0|2|0|2,,,120.0,-140.0,1.5,8.5,espn,401227362,TOR,TB,regular,Robbie Ray,Brent Honeywell,,,,,,,,
2021,2021-04-24,Oakland Athletics,Baltimore Orioles,7.0,2.0,False,1|3|0|3|0|0|0|0|0,0|1|0|0|1|0|0|0|0,,,-165.0,145.0,,9.0,espn,401227356,OAK,BAL,regular,Chris Bassitt,Wade LeBlanc,,,,,,,,
2021,2021-04-24,Texas Rangers,Chicago White Sox,1.0,2.0,False,0|0|0|0|0|0|0|0|1,0|0|0|0|0|1|0|0|1,,,150.0,-170.0,1.5,7.5,espn,401227361,TEX,CHW,regular,Kyle Gibson,Dallas Keuchel,,,,,,,,
2021,2021-04-24,Philadelphia Phillies,Colorado Rockies,7.0,5.0,False,0|0|4|0|0|3|0|0|0,1|0|0|0|3|0|0|1|0,,,-180.0,160.0,,10.0,espn,401227357,PHI,COL,regular,Aaron Nola,Antonio Senzatela,,,,,,,,
2021,2021-04-24,Miami Marlins,San Francisco Giants,5.0,2.0,False,0|0|0|0|0|0|1|0|4,0|0|0|0|1|0|0|0|1,,,140.0,-160.0,1.5,7.0,espn,401227353,MIA,SF,regular,Pablo Lopez,Kevin Gausman,,,,,,,,
2021,2021-04-24,San Diego Padres,Los Angeles Dodgers,4.0,5.0,False,1|1|0|0|0|1|1|0|0,0|0|1|1|0|3|0|0,,,130.0,-150.0,1.5,7.5,espn,401227359,SD,LAD,regular,Blake Snell,Trevor Bauer,,,,,,,,
2021,2021-04-25,Oakland Athletics,Baltimore Orioles,1.0,8.0,False,0|0|0|1|0|0|0|0|0,0|1|0|2|0|0|0|5,,,-125.0,105.0,,8.0,espn,401227371,OAK,BAL,regular,Jesus Luzardo,John Means,,,,,,,,
2021,2021-04-25,Kansas City Royals,Detroit Tigers,4.0,0.0,False,0|0|0|0|1|1|0|0|2,0|0|0|0|0|0|0|0|0,,,-120.0,100.0,,8.5,espn,401227367,KC,DET,regular,Danny Duffy,Michael Fulmer,,,,,,,,
2021,2021-04-25,New York Yankees,Cleveland Indians,3.0,7.0,False,0|0|0|3|0|0|0|0|0,0|0|0|4|1|2|0|0,,,-125.0,105.0,,8.0,espn,401227370,NYY,CLE,regular,Jameson Taillon,Triston McKenzie,,,,,,,,
2021,2021-04-25,Seattle Mariners,Boston Red Sox,3.0,5.0,False,1|0|0|0|2|0|0|0|0,4|1|0|0|0|0|0|0,,,180.0,-220.0,1.5,8.5,espn,401227375,SEA,BOS,regular,Nick Margevicius,Eduardo Rodriguez,,,,,,,,
2021,2021-04-25,Toronto Blue Jays,Tampa Bay Rays,1.0,0.0,False,0|0|0|0|1|0|0|0|0,0|0|0|0|0|0|0|0|0,,,-120.0,100.0,,7.5,espn,401227377,TOR,TB,regular,Hyun Jin Ryu,Luis Patino,,,,,,,,
2021,2021-04-25,Washington Nationals,New York Mets,0.0,4.0,False,0|0|0|0|0|0|0|0|0,2|0|0|1|1|0|0|0,,,120.0,-140.0,1.5,7.5,espn,401227378,WSH,NYM,regular,Patrick Corbin,Taijuan Walker,,,,,,,,
2021,2021-04-25,Arizona Diamondbacks,Atlanta Braves,5.0,0.0,False,0|2|1|0|2|0|0,0|0|0|0|0|0|0,,,110.0,-130.0,1.5,6.5,espn,401227365,ARI,ATL,regular,Zac Gallen,Bryse Wilson,,,,,,,,
2021,2021-04-25,Los Angeles Angels,Houston Astros,4.0,2.0,False,0|0|0|0|2|0|0|1|1,0|0|0|0|0|0|2|0|0,,,125.0,-145.0,1.5,8.5,espn,401227364,LAA,HOU,regular,Dylan Bundy,Lance McCullers Jr.,,,,,,,,
2021,2021-04-25,Pittsburgh Pirates,Minnesota Twins,6.0,2.0,False,2|0|0|0|0|0|3|1|0,1|0|0|0|0|0|0|1|0,,,165.0,-185.0,1.5,8.5,espn,401227373,PIT,MIN,regular,Wil Crowe,Matt Shoemaker,,,,,,,,
2021,2021-04-25,Texas Rangers,Chicago White Sox,4.0,8.0,False,0|1|0|0|0|3|0|0|0,2|3|3|0|0|0|0|0,,,155.0,-175.0,1.5,7.5,espn,401227376,TEX,CHW,regular,Kohei Arihara,Michael Kopech,,,,,,,,
2021,2021-04-25,Cincinnati Reds,St. Louis Cardinals,2.0,5.0,False,0|0|0|0|0|0|1|1|0,1|1|0|0|2|0|0|1,,,100.0,-120.0,1.5,7.0,espn,401227366,CIN,STL,regular,Luis Castillo,Jack Flaherty,,,,,,,,
2021,2021-04-25,Milwaukee Brewers,Chicago Cubs,6.0,0.0,False,1|0|0|0|0|0|0|0|5,0|0|0|0|0|0|0|0|0,,,-145.0,125.0,,6.5,espn,401227369,MIL,CHC,regular,Brandon Woodruff,Jake Arrieta,,,,,,,,
2021,2021-04-25,Philadelphia Phillies,Colorado Rockies,2.0,12.0,False,1|0|1|0|0|0|0|0|0,0|0|0|7|2|1|0|2,,,-110.0,-110.0,1.5,11.5,espn,401227372,PHI,COL,regular,Chase Anderson,Jon Gray,,,,,,,,
2021,2021-04-25,Arizona Diamondbacks,Atlanta Braves,7.0,0.0,False,5|0|1|0|0|1|0,0|0|0|0|0|0|0,,,165.0,-181.0,-1.5,6.5,espn,401322534,ARI,ATL,regular,Madison Bumgarner,Drew Smyly,,,,,,,,
2021,2021-04-25,Miami Marlins,San Francisco Giants,3.0,4.0,False,0|0|0|0|0|0|0|2|1,0|3|0|0|1|0|0|0,,,140.0,-160.0,1.5,8.0,espn,401227368,MIA,SF,regular,Ross Detwiler,Logan Webb,,,,,,,,
2021,2021-04-25,San Diego Padres,Los Angeles Dodgers,8.0,7.0,False,0|0|0|1|0|0|2|2|2|0|1,0|1|1|0|0|5|0|0|0|0|0,,,115.0,-135.0,1.5,7.0,espn,401227374,SD,LAD,regular,Joe Musgrove,Dustin May,,,,,,,,
2021,2021-04-26,Kansas City Royals,Detroit Tigers,3.0,2.0,False,0|0|2|0|1|0|0|0|0,0|0|1|1|0|0|0|0|0,,,-105.0,-115.0,1.5,7.5,espn,401227383,KC,DET,regular,Brad Keller,Spencer Turnbull,,,,,,,,
2021,2021-04-26,Minnesota Twins,Cleveland Indians,3.0,5.0,False,0|1|0|1|0|0|0|1|0|0,0|0|0|0|0|2|0|1|0|2,,,-130.0,110.0,,7.5,espn,401227385,MIN,CLE,regular,Jose Berrios,Zach Plesac,,,,,,,,
2021,2021-04-26,Chicago Cubs,Atlanta Braves,7.0,8.0,False,0|0|4|0|1|0|2|0|0,4|0|1|0|3|0|0|0,,,170.0,-200.0,1.5,8.5,espn,401227380,CHC,ATL,regular,Zach Davies,Charlie Morton,,,,,,,,
2021,2021-04-26,New York Yankees,Baltimore Orioles,2.0,4.0,False,0|0|0|0|0|1|0|1|0,1|1|0|0|0|1|1|0,,,-165.0,145.0,,9.0,espn,401227386,NYY,BAL,regular,Deivi Garcia,Matt Harvey,,,,,,,,
2021,2021-04-26,Oakland Athletics,Tampa Bay Rays,2.0,1.0,False,0|0|0|2|0|0|0|0|0,1|0|0|0|0|0|0|0|0,,,-120.0,100.0,,8.5,espn,401227387,OAK,TB,regular,Sean Manaea,Rich Hill,,,,,,,,
2021,2021-04-26,Miami Marlins,Milwaukee Brewers,8.0,0.0,False,0|0|0|1|0|4|0|2|1,0|0|0|0|0|0|0|0|0,,,145.0,-165.0,1.5,6.0,espn,401227384,MIA,MIL,regular,Trevor Rogers,Corbin Burnes,,,,,,,,
2021,2021-04-26,Philadelphia Phillies,St. Louis Cardinals,2.0,1.0,False,0|0|0|0|0|0|1|0|1,0|0|0|0|0|0|0|0|1,,,-115.0,-105.0,1.5,8.0,espn,401227388,PHI,STL,regular,Zack Wheeler,Adam Wainwright,,,,,,,,
2021,2021-04-26,Los Angeles Angels,Texas Rangers,9.0,4.0,False,1|3|3|0|0|1|1|0|0,4|0|0|0|0|0|0|0|0,,,-170.0,150.0,,9.0,espn,401227379,LAA,TEX,regular,Shohei Ohtani,Jordan Lyles,,,,,,,,
2021,2021-04-26,Seattle Mariners,Houston Astros,2.0,5.0,False,0|0|1|0|0|1|0|0|0,2|0|0|2|1|0|0|0,,,155.0,-175.0,1.5,9.0,espn,401227389,SEA,HOU,regular,Justus Sheffield,Jose Urquidy,,,,,,,,
2021,2021-04-26,Colorado Rockies,San Francisco Giants,0.0,12.0,False,0|0|0|0|0|0|0|0|0,4|5|0|1|0|2|0|0,,,145.0,-165.0,1.5,7.5,espn,401227382,COL,SF,regular,Austin Gomber,Anthony DeSclafani,,,,,,,,
2021,2021-04-26,Cincinnati Reds,Los Angeles Dodgers,5.0,3.0,False,0|0|0|2|1|0|0|0|0|2,0|0|0|1|0|0|2|0|0|0,,,165.0,-185.0,1.5,7.5,espn,401227381,CIN,LAD,regular,Tyler Mahle,Julio Urias,,,,,,,,
2021,2021-04-27,Minnesota Twins,Cleveland Indians,4.0,7.0,False,2|0|0|1|0|0|0|1|0,1|1|1|0|0|2|0|2,,,-115.0,-105.0,1.5,8.5,espn,401227398,MIN,CLE,regular,Kenta Maeda,Aaron Civale,,,,,,,,
2021,2021-04-27,Kansas City Royals,Pittsburgh Pirates,1.0,2.0,False,0|0|1|0|0|0|0|0|0,1|0|0|0|0|0|1|0,,,105.0,-125.0,1.5,8.0,espn,401227396,KC,PIT,regular,Jakob Junis,Tyler Anderson,,,,,,,,
2021,2021-04-27,New York Yankees,Baltimore Orioles,5.0,1.0,False,1|0|1|2|0|0|1|0|0,0|0|0|1|0|0|0|0|0,,,-175.0,155.0,,10.0,espn,401227399,NYY,BAL,regular,Corey Kluber,Bruce Zimmermann,,,,,,,,
2021,2021-04-27,Washington Nationals,Toronto Blue Jays,5.0,9.0,False,1|0|2|0|0|0|2|0|0,0|0|4|2|1|0|2|0,,,-120.0,100.0,,8.5,espn,401227404,WSH,TOR,regular,Max Scherzer,Trent Thornton,,,,,,,,
2021,2021-04-27,Boston Red Sox,New York Mets,2.0,1.0,False,0|0|1|0|0|1|0|0|0,0|1|0|0|0|0|0|0|0,,,130.0,-150.0,1.5,9.0,espn,401227391,BOS,NYM,regular,Garrett Richards,David Peterson,,,,,,,,
2021,2021-04-27,Oakland Athletics,Tampa Bay Rays,3.0,4.0,False,0|1|0|0|0|1|0|0|1,1|0|0|0|0|2|1|0,,,-105.0,-115.0,1.5,8.5,espn,401227400,OAK,TB,regular,Frankie Montas,Michael Wacha,,,,,,,,
2021,2021-04-27,Chicago Cubs,Atlanta Braves,0.0,5.0,False,0|0|0|0|0|0|0|0|0,0|0|0|0|2|0|0|3,,,140.0,-160.0,1.5,8.5,espn,401227392,CHC,ATL,regular,Trevor Williams,Ian Anderson,,,,,,,,
2021,2021-04-27,Miami Marlins,Milwaukee Brewers,4.0,5.0,False,1|0|0|1|1|0|1|0|0,0|2|0|1|1|1|0|0,,,130.0,-150.0,1.5,8.0,espn,401227397,MIA,MIL,regular,Daniel Castano,Adrian Houser,,,,,,,,
2021,2021-04-27,Philadelphia Phillies,St. Louis Cardinals,2.0,5.0,False,1|0|0|1|0|0|0|0|0,1|2|0|0|0|0|2|0,,,-115.0,-105.0,1.5,8.5,espn,401227401,PHI,STL,regular,Zach Eflin,Carlos Martinez,,,,,,,,
2021,2021-04-27,Los Angeles Angels,Texas Rangers,1.0,6.0,False,0|1|0|0|0|0|0|0|0,1|0|2|2|0|0|1|0,,,-160.0,140.0,,9.0,espn,401227390,LAA,TEX,regular,Jose Quintana,Mike Foltynewicz,,,,,,,,
2021,2021-04-27,Detroit Tigers,Chicago White Sox,5.0,2.0,False,1|0|0|0|0|0|3|1|0,1|0|1|0|0|0|0|0|0,,,205.0,-245.0,1.5,8.0,espn,401227395,DET,CHW,regular,Jose Urena,Lucas Giolito,,,,,,,,
2021,2021-04-27,Seattle Mariners,Houston Astros,0.0,2.0,False,0|0|0|0|0|0|0|0|0,0|0|0|2|0|0|0|0,,,170.0,-200.0,1.5,8.5,espn,401227403,SEA,HOU,regular,Marco Gonzales,Cristian Javier,,,,,,,,
2021,2021-04-27,San Diego Padres,Arizona Diamondbacks,1.0,5.0,False,0|0|0|0|0|1|0|0|0,0|2|0|0|0|3|0|0,,,-150.0,130.0,,9.0,espn,401227402,SD,ARI,regular,Chris Paddack,Merrill Kelly,,,,,,,,
2021,2021-04-27,Colorado Rockies,San Francisco Giants,7.0,5.0,False,2|0|0|0|0|1|0|0|1|3,1|0|0|1|1|0|0|0|1|1,,,150.0,-170.0,1.5,8.0,espn,401227394,COL,SF,regular,Chi Chi Gonzalez,Aaron Sanchez,,,,,,,,
2021,2021-04-27,Cincinnati Reds,Los Angeles Dodgers,6.0,5.0,False,1|0|0|0|2|0|3|0|0,0|0|0|3|0|2|0|0|0,,,220.0,-270.0,1.5,7.5,espn,401227393,CIN,LAD,regular,Jeff Hoffman,Walker Buehler,,,,,,,,
2021,2021-04-28,Minnesota Twins,Cleveland Indians,10.0,2.0,False,4|2|1|0|1|0|2|0|0,0|1|0|0|1|0|0|0|0,,,-135.0,115.0,,9.5,espn,401227413,MIN,CLE,regular,J.A. Happ,Logan Allen,,,,,,,,
2021,2021-04-28,Miami Marlins,Milwaukee Brewers,6.0,2.0,False,0|2|0|3|1|0|0|0|0,0|0|2|0|0|0|0|0|0,,,-120.0,100.0,,7.5,espn,401227412,MIA,MIL,regular,Sandy Alcantara,Zack Godley,,,,,,,,
2021,2021-04-28,Cincinnati Reds,Los Angeles Dodgers,0.0,8.0,False,0|0|0|0|0|0|0|0|0,0|1|1|0|0|0|0|6,,,190.0,-230.0,1.5,7.5,espn,401227408,CIN,LAD,regular,Sonny Gray,Clayton Kershaw,,,,,,,,
2021,2021-04-28,Kansas City Royals,Pittsburgh Pirates,9.0,6.0,False,3|0|1|2|0|3|0|0|0,0|0|0|3|2|0|0|1|0,,,-130.0,110.0,,7.5,espn,401227411,KC,PIT,regular,Mike Minor,Mitch Keller,,,,,,,,
2021,2021-04-28,Boston Red Sox,New York Mets,1.0,0.0,False,0|1|0|0|0|0|0|0|0,0|0|0|0|0|0|0|0|0,,,235.0,-290.0,1.5,7.0,espn,401227406,BOS,NYM,regular,Nick Pivetta,Jacob deGrom,,,,,,,,
2021,2021-04-28,New York Yankees,Baltimore Orioles,7.0,0.0,False,0|1|4|0|1|0|0|1|0,0|0|0|0|0|0|0|0|0,,,-150.0,130.0,,9.5,espn,401227414,NYY,BAL,regular,Domingo German,Dean Kremer,,,,,,,,
2021,2021-04-28,Washington Nationals,Toronto Blue Jays,8.0,2.0,False,0|0|3|3|2|0|0|0|0,0|0|0|0|1|0|0|1|0,,,167.0,-192.0,1.5,10.0,espn,401227419,WSH,TOR,regular,Erick Fedde,Steven Matz,,,,,,,,
2021,2021-04-28,Oakland Athletics,Tampa Bay Rays,0.0,2.0,False,0|0|0|0|0|0|0|0|0,0|0|0|0|2|0|0|0,,,160.0,-180.0,1.5,7.5,espn,401227415,OAK,TB,regular,Cole Irvin,Tyler Glasnow,,,,,,,,
2021,2021-04-28,Chicago Cubs,Atlanta Braves,0.0,10.0,False,0|0|0|0|0|0|0|0|0,4|2|0|1|1|2|0|0,,,110.0,-130.0,1.5,8.5,espn,401227407,CHC,ATL,regular,Kyle Hendricks,Huascar Ynoa,,,,,,,,
2021,2021-04-28,Philadelphia Phillies,St. Louis Cardinals,5.0,3.0,False,0|1|0|0|2|1|1|0|0,0|2|1|0|0|0|0|0|0,,,-110.0,-110.0,1.5,8.5,espn,401227416,PHI,STL,regular,Vince Velasquez,Johan Oviedo,,,,,,,,
2021,2021-04-28,Los Angeles Angels,Texas Rangers,4.0,3.0,False,4|0|0|0|0|0|0|0|0,1|2|0|0|0|0|0|0|0,,,-130.0,110.0,,9.0,espn,401227405,LAA,TEX,regular,Alex Cobb,Dane Dunning,,,,,,,,
2021,2021-04-28,Seattle Mariners,Houston Astros,5.0,7.0,False,0|0|1|3|1|0|0|0|0,0|2|0|0|0|1|0|4,,,180.0,-220.0,1.5,8.5,espn,401227418,SEA,HOU,regular,Justin Dunn,Zack Greinke,,,,,,,,
2021,2021-04-28,San Diego Padres,Arizona Diamondbacks,12.0,3.0,False,0|0|0|0|6|1|0|3|2,0|1|0|1|0|1|0|0|0,,,-155.0,135.0,,9.0,espn,401227417,SD,ARI,regular,Ryan Weathers,Riley Smith,,,,,,,,
2021,2021-04-28,Colorado Rockies,San Francisco Giants,3.0,7.0,False,0|0|0|0|0|0|2|0|1,0|4|0|0|0|0|3|0,,,125.0,-145.0,1.5,7.0,espn,401227409,COL,SF,regular,German Marquez,Alex Wood,,,,,,,,
2021,2021-04-29,New York Yankees,Baltimore Orioles,3.0,4.0,False,0|0|0|0|2|0|0|0|1|0,1|0|0|0|0|1|0|1|0|1,,,-185.0,165.0,,9.0,espn,401227425,NYY,BAL,regular,Jordan Montgomery,Jorge Lopez,,,,,,,,
2021,2021-04-29,Oakland Athletics,Tampa Bay Rays,3.0,2.0,False,0|0|1|1|0|0|0|0|1,1|0|0|0|1|0|0|0|0,,,-110.0,-110.0,1.5,8.0,espn,401227426,OAK,TB,regular,Chris Bassitt,Shane McClanahan,,,,,,,,
2021,2021-04-29,Philadelphia Phillies,St. Louis Cardinals,3.0,4.0,False,0|0|1|0|0|0|2|0|0|0,0|0|0|0|3|0|0|0|0|1,,,-120.0,100.0,,7.0,espn,401227427,PHI,STL,regular,Aaron Nola,Kwang Hyun Kim,,,,,,,,
2021,2021-04-29,Seattle Mariners,Houston Astros,1.0,0.0,False,0|0|1|0|0|0|0|0|0,0|0|0|0|0|0|0|0|0,,,140.0,-160.0,1.5,9.0,espn,401227428,SEA,HOU,regular,Yusei Kikuchi,Luis Garcia,,,,,,,,
2021,2021-04-29,Detroit Tigers,Chicago White Sox,1.0,3.0,False,0|0|0|1|0|0|0,0|0|0|0|3|0,,,175.0,-210.0,1.5,6.0,espn,401227423,DET,CHW,regular,Casey Mize,Carlos Rodon,,,,,,,,
2021,2021-04-29,Chicago Cubs,Atlanta Braves,9.0,3.0,False,2|0|2|0|2|0|2|0|1,0|0|0|1|0|1|1|0|0,,,115.0,-135.0,1.5,9.0,espn,401227421,CHC,ATL,regular,Adbert Alzolay,Bryse Wilson,,,,,,,,
2021,2021-04-29,Los Angeles Dodgers,Milwaukee Brewers,1.0,2.0,False,0|0|0|0|0|0|0|0|1,0|0|0|2|0|0|0|0,,,-210.0,175.0,,7.5,espn,401227424,LAD,MIL,regular,Trevor Bauer,Eric Lauer,,,,,,,,
2021,2021-04-29,Boston Red Sox,Texas Rangers,1.0,4.0,False,0|0|0|0|0|1|0|0|0,0|0|0|1|0|2|1|0,,,-105.0,-115.0,1.5,8.5,espn,401227420,BOS,TEX,regular,Martin Perez,Kyle Gibson,,,,,,,,
2021,2021-04-29,Detroit Tigers,Chicago White Sox,0.0,11.0,False,0|0|0|0|0|0|0,0|4|0|0|7|0,,,135.0,-155.0,1.5,6.0,espn,401323533,DET,CHW,regular,Matthew Boyd,Dylan Cease,,,,,,,,
2021,2021-04-29,Colorado Rockies,Arizona Diamondbacks,3.0,5.0,False,0|1|2|0|0|0|0|0|0,0|0|1|2|0|0|2|0,,,100.0,-120.0,1.5,8.5,espn,401227422,COL,ARI,regular,Antonio Senzatela,Luke Weaver,,,,,,,,
2021,2021-04-30,St. Louis Cardinals,Pittsburgh Pirates,7.0,3.0,False,1|0|1|1|0|3|0|0|1,0|0|0|1|0|2|0|0|0,,,105.0,-125.0,1.5,7.5,espn,401227443,STL,PIT,regular,John Gant,JT Brubaker,,,,,,,,
2021,2021-04-30,Detroit Tigers,New York Yankees,0.0,10.0,False,0|0|0|0|0|0|0|0|0,1|1|2|5|1|0|0|0,,,325.0,-425.0,1.5,7.5,espn,401227436,DET,NYY,regular,Tarik Skubal,Gerrit Cole,,,,,,,,
2021,2021-04-30,Miami Marlins,Washington Nationals,1.0,2.0,False,0|0|0|0|0|0|0|0|0|1,0|0|0|0|0|0|0|0|0|2,,,-125.0,105.0,,8.0,espn,401227440,MIA,WSH,regular,Pablo Lopez,Jon Lester,,,,,,,,
2021,2021-04-30,New York Mets,Philadelphia Phillies,1.0,2.0,False,0|0|0|0|0|1|0|0|0,0|2|0|0|0|0|0|0,,,-160.0,140.0,,8.5,espn,401227441,NYM,PHI,regular,Marcus Stroman,Chase Anderson,,,,,,,,
2021,2021-04-30,Chicago Cubs,Cincinnati Reds,6.0,8.0,False,1|1|0|0|0|0|2|0|2,0|0|3|4|0|1|0|0,,,105.0,-125.0,1.5,9.0,espn,401227433,CHC,CIN,regular,Jake Arrieta,Wade Miley,,,,,,,,
2021,2021-04-30,Houston Astros,Tampa Bay Rays,9.0,2.0,False,1|0|3|1|0|0|1|0|3,0|0|0|0|0|0|0|0|2,,,-120.0,100.0,,7.5,espn,401227437,HOU,TB,regular,Lance McCullers Jr.,Ryan Yarbrough,,,,,,,,
2021,2021-04-30,Atlanta Braves,Toronto Blue Jays,5.0,13.0,False,0|0|0|0|0|0|2|3|0,0|0|2|2|3|3|2|1,,,115.0,-135.0,1.5,10.5,espn,401227430,ATL,TOR,regular,Drew Smyly,Robbie Ray,,,,,,,,
2021,2021-04-30,Boston Red Sox,Texas Rangers,6.0,1.0,False,4|0|2|0|0|0|0|0|0,0|1|0|0|0|0|0|0|0,,,-160.0,140.0,,8.5,espn,401227432,BOS,TEX,regular,Nathan Eovaldi,Kohei Arihara,,,,,,,,
2021,2021-04-30,Cleveland Indians,Chicago White Sox,5.0,3.0,False,0|0|4|0|0|0|0|1|0,0|1|2|0|0|0|0|0|0,,,-140.0,120.0,,6.5,espn,401227434,CLE,CHW,regular,Shane Bieber,Dallas Keuchel,,,,,,,,
2021,2021-04-30,Kansas City Royals,Minnesota Twins,1.0,9.0,False,0|0|0|1|0|0|0|0|0,0|1|3|0|1|0|0|4,,,115.0,-135.0,1.5,7.5,espn,401227438,KC,MIN,regular,Brady Singer,Michael Pineda,,,,,,,,
2021,2021-04-30,Los Angeles Dodgers,Milwaukee Brewers,1.0,3.0,False,0|0|0|0|1|0|0|0|0,0|2|0|0|0|0|0|1,,,-110.0,-110.0,1.5,7.5,espn,401227439,LAD,MIL,regular,Edwin Uceta,Freddy Peralta,,,,,,,,
2021,2021-04-30,Baltimore Orioles,Oakland Athletics,3.0,2.0,False,0|0|2|0|1|0|0|0|0,0|1|0|0|0|0|1|0|0,,,105.0,-125.0,1.5,7.5,espn,401227431,BAL,OAK,regular,John Means,Mike Fiers,,,,,,,,
2021,2021-04-30,Colorado Rockies,Arizona Diamondbacks,2.0,7.0,False,1|0|0|0|0|0|1|0|0,0|0|4|1|0|0|0|2,,,110.0,-130.0,1.5,8.5,espn,401227435,COL,ARI,regular,Jon Gray,Madison Bumgarner,,,,,,,,
2021,2021-04-30,Los Angeles Angels,Seattle Mariners,4.0,7.0,False,2|0|1|0|0|0|0|0|1,1|1|1|1|0|1|0|2,,,-155.0,135.0,,8.0,espn,401227429,LAA,SEA,regular,Andrew Heaney,Chris Flexen,,,,,,,,
2021,2021-04-30,San Francisco Giants,San Diego Padres,2.0,3.0,False,1|0|0|0|0|0|0|1|0,1|0|0|0|0|2|0|0,,,170.0,-200.0,1.5,7.5,espn,401227442,SF,SD,regular,Logan Webb,Yu Darvish,,,,,,,,
2021,2021-05-01,Detroit Tigers,New York Yankees,4.0,6.0,False,0|0|0|1|0|0|2|1|0,0|0|1|0|1|4|0|0,,,185.0,-225.0,1.5,8.5,espn,401227451,DET,NYY,regular,Spencer Turnbull,Jameson Taillon,,,,,,,,
2021,2021-05-01,Miami Marlins,Washington Nationals,2.0,7.0,False,0|0|0|0|0|1|1|0|0,1|1|0|5|0|0|0|0,,,130.0,-150.0,1.5,8.5,espn,401227455,MIA,WSH,regular,Paul Campbell,Patrick Corbin,,,,,,,,
2021,2021-05-01,Kansas City Royals,Minnesota Twins,11.0,3.0,False,2|0|2|5|0|1|0|1|0,0|0|0|0|0|0|1|2|0,,,120.0,-140.0,1.5,9.5,espn,401227453,KC,MIN,regular,Danny Duffy,Matt Shoemaker,,,,,,,,
2021,2021-05-01,Cleveland Indians,Chicago White Sox,3.0,7.0,False,0|0|0|2|1|0|0|0|0,0|5|0|2|0|0|0|0,,,155.0,-175.0,1.5,8.5,espn,401227449,CLE,CHW,regular,Triston McKenzie,Lance Lynn,,,,,,,,
2021,2021-05-01,Baltimore Orioles,Oakland Athletics,8.0,4.0,False,0|0|6|0|0|2|0|0|0,0|0|0|0|0|2|1|0|1,,,170.0,-200.0,1.5,8.0,espn,401227446,BAL,OAK,regular,Matt Harvey,Jesus Luzardo,,,,,,,,
2021,2021-05-01,Chicago Cubs,Cincinnati Reds,3.0,2.0,False,0|0|1|1|0|1|0|0|0,2|0|0|0|0|0|0|0|0,,,140.0,-160.0,1.5,9.0,espn,401227448,CHC,CIN,regular,Zach Davies,Luis Castillo,,,,,,,,
2021,2021-05-01,Houston Astros,Tampa Bay Rays,3.0,1.0,False,3|0|0|0|0|0|0|0|0,0|0|0|0|0|0|0|0|1,,,-115.0,-105.0,1.5,8.5,espn,401227452,HOU,TB,regular,Jose Urquidy,Josh Fleming,,,,,,,,
2021,2021-05-01,New York Mets,Philadelphia Phillies,5.0,4.0,False,4|0|0|0|0|0|0|0|1,0|2|0|0|0|2|0|0|0,,,-110.0,-110.0,1.5,7.5,espn,401227456,NYM,PHI,regular,Taijuan Walker,Zack Wheeler,,,,,,,,
2021,2021-05-01,St. Louis Cardinals,Pittsburgh Pirates,12.0,5.0,False,4|0|1|0|0|0|2|0|5,0|1|2|0|0|0|2|0|0,,,-145.0,125.0,,7.5,espn,401227458,STL,PIT,regular,Jack Flaherty,Trevor Cahill,,,,,,,,
2021,2021-05-01,Boston Red Sox,Texas Rangers,6.0,8.0,False,0|2|0|1|2|0|1|0|0,0|0|3|0|1|3|0|1,,,-192.0,167.0,,8.5,espn,401227447,BOS,TEX,regular,Eduardo Rodriguez,Jordan Lyles,,,,,,,,
2021,2021-05-01,Los Angeles Dodgers,Milwaukee Brewers,5.0,6.0,False,1|0|1|0|0|0|0|0|0|1|2,0|1|1|0|0|0|0|0|0|1|3,,,-135.0,115.0,,7.0,espn,401227454,LAD,MIL,regular,Dustin May,Brandon Woodruff,,,,,,,,
2021,2021-05-01,Atlanta Braves,Toronto Blue Jays,5.0,6.0,False,0|4|0|0|1|0|0|0|0|0,0|0|2|0|0|2|1|0|0|1,,,-140.0,120.0,,10.5,espn,401227445,ATL,TOR,regular,Charlie Morton,Travis Bergen,,,,,,,,
2021,2021-05-01,Colorado Rockies,Arizona Diamondbacks,14.0,6.0,False,1|0|0|3|0|2|1|7|0,0|0|2|0|1|1|1|0|1,,,160.0,-180.0,1.5,8.0,espn,401227450,COL,ARI,regular,Austin Gomber,Zac Gallen,,,,,,,,
2021,2021-05-01,San Francisco Giants,San Diego Padres,2.0,6.0,False,0|0|0|0|2|0|0|0|0,3|0|0|0|0|0|0|3,,,160.0,-180.0,1.5,7.0,espn,401227457,SF,SD,regular,Anthony DeSclafani,Blake Snell,,,,,,,,
2021,2021-05-01,Los Angeles Angels,Seattle Mariners,10.0,5.0,False,3|5|0|2|0|0|0|0|0,0|0|1|0|0|0|0|2|2,,,-140.0,120.0,,8.5,espn,401227444,LAA,SEA,regular,Griffin Canning,Ljay Newsome,,,,,,,,
2021,2021-05-02,Detroit Tigers,New York Yankees,0.0,2.0,False,0|0|0|0|0|0|0|0|0,0|2|0|0|0|0|0|0,,,205.0,-245.0,1.5,9.0,espn,401227466,DET,NYY,regular,Jose Urena,Corey Kluber,,,,,,,,
2021,2021-05-02,Miami Marlins,Washington Nationals,1.0,3.0,False,0|0|0|0|0|0|0|0|1,0|0|3|0|0|0|0|0,,,140.0,-160.0,1.5,7.0,espn,401227470,MIA,WSH,regular,Trevor Rogers,Max Scherzer,,,,,,,,
2021,2021-05-02,St. Louis Cardinals,Pittsburgh Pirates,3.0,0.0,False,0|3|0|0|0|0|0|0|0,0|0|0|0|0|0|0|0|0,,,-130.0,110.0,,8.5,espn,401227473,STL,PIT,regular,Carlos Martinez,Wil Crowe,,,,,,,,
2021,2021-05-02,Atlanta Braves,Toronto Blue Jays,2.0,7.0,False,0|1|0|0|1|0|0|0|0,0|1|2|1|0|0|0|3,,,-130.0,110.0,,10.5,espn,401227460,ATL,TOR,regular,Ian Anderson,Ross Stripling,,,,,,,,
2021,2021-05-02,Chicago Cubs,Cincinnati Reds,12.0,13.0,False,1|1|2|0|1|1|2|4|0|0,2|0|4|0|0|3|3|0|0|1,,,150.0,-170.0,1.5,8.5,espn,401227463,CHC,CIN,regular,Trevor Williams,Tyler Mahle,,,,,,,,
2021,2021-05-02,Houston Astros,Tampa Bay Rays,4.0,5.0,False,0|0|0|1|2|1|0|0|0,0|0|0|0|3|1|1|0,,,-130.0,110.0,,8.0,espn,401227467,HOU,TB,regular,Cristian Javier,Rich Hill,,,,,,,,
2021,2021-05-02,Cleveland Indians,Chicago White Sox,5.0,0.0,False,0|0|1|1|0|0|3|0|0,0|0|0|0|0|0|0|0|0,,,140.0,-160.0,1.5,8.0,espn,401227464,CLE,CHW,regular,Zach Plesac,Lucas Giolito,,,,,,,,
2021,2021-05-02,Kansas City Royals,Minnesota Twins,4.0,13.0,False,0|0|0|3|1|0|0|0|0,0|0|7|0|0|3|0|3,,,175.0,-210.0,1.5,8.5,espn,401227468,KC,MIN,regular,Brad Keller,Jose Berrios,,,,,,,,
2021,2021-05-02,Los Angeles Dodgers,Milwaukee Brewers,16.0,4.0,False,5|4|0|2|0|3|0|2|0,0|0|1|0|0|0|0|3|0,,,-200.0,170.0,,8.5,espn,401227469,LAD,MIL,regular,Julio Urias,Alec Bettinger,,,,,,,,
2021,2021-05-02,Boston Red Sox,Texas Rangers,3.0,5.0,False,0|1|0|1|0|0|1|0|0,0|0|0|1|0|0|1|3,,,-125.0,105.0,,9.0,espn,401227462,BOS,TEX,regular,Garrett Richards,Mike Foltynewicz,,,,,,,,
2021,2021-05-02,Baltimore Orioles,Oakland Athletics,5.0,7.0,False,0|1|1|0|2|0|1|0|0,2|0|2|0|0|0|1|2,,,170.0,-200.0,1.5,8.5,espn,401227461,BAL,OAK,regular,Bruce Zimmermann,Sean Manaea,,,,,,,,
2021,2021-05-02,Los Angeles Angels,Seattle Mariners,0.0,2.0,False,0|0|0|0|0|0|0|0|0,0|0|0|1|1|0|0|0,,,-160.0,140.0,,8.0,espn,401227459,LAA,SEA,regular,Dylan Bundy,Justus Sheffield,,,,,,,,
2021,2021-05-02,Colorado Rockies,Arizona Diamondbacks,4.0,8.0,False,0|0|2|0|0|0|0|2|0,0|1|0|0|3|0|0|4,,,125.0,-145.0,1.5,9.0,espn,401227465,COL,ARI,regular,Chi Chi Gonzalez,Merrill Kelly,,,,,,,,
2021,2021-05-02,San Francisco Giants,San Diego Padres,7.0,1.0,False,0|0|4|0|2|0|0|0|1,1|0|0|0|0|0|0|0|0,,,160.0,-180.0,1.5,6.5,espn,401227472,SF,SD,regular,Kevin Gausman,Joe Musgrove,,,,,,,,
2021,2021-05-02,New York Mets,Philadelphia Phillies,8.0,7.0,False,0|0|1|0|0|1|0|6|0,1|0|0|0|0|3|0|0|3,,,110.0,-130.0,1.5,9.0,espn,401227471,NYM,PHI,regular,David Peterson,Zach Eflin,,,,,,,,
2021,2021-05-03,Milwaukee Brewers,Philadelphia Phillies,3.0,4.0,False,1|0|0|0|0|0|0|2|0,2|2|0|0|0|0|0|0,,,-115.0,-105.0,1.5,8.5,espn,401227477,MIL,PHI,regular,Adrian Houser,Vince Velasquez,,,,,,,,
2021,2021-05-03,Texas Rangers,Minnesota Twins,5.0,6.0,False,0|0|0|0|0|0|0|3|2,0|1|1|0|0|3|0|1,,,165.0,-185.0,1.5,8.5,espn,401227482,TEX,MIN,regular,Dane Dunning,Kenta Maeda,,,,,,,,
2021,2021-05-03,New York Mets,St. Louis Cardinals,5.0,6.0,False,0|2|3|0|0|0|0|0|0,1|1|4|0|0|0|0|0,,,110.0,-130.0,1.5,8.0,espn,401227478,NYM,STL,regular,Joey Lucchesi,Adam Wainwright,,,,,,,,
2021,2021-05-03,Cleveland Indians,Kansas City Royals,8.0,6.0,False,0|0|0|1|2|0|5|0|0,0|0|1|2|0|0|3|0|0,,,-120.0,100.0,,8.5,espn,401227475,CLE,KC,regular,Aaron Civale,Daniel Lynch IV,,,,,,,,
2021,2021-05-03,Tampa Bay Rays,Los Angeles Angels,7.0,3.0,False,0|0|4|1|0|0|0|0|2,0|0|0|0|0|3|0|0|0,,,-155.0,135.0,,8.0,espn,401227481,TB,LAA,regular,Tyler Glasnow,Jose Quintana,,,,,,,,
2021,2021-05-03,Toronto Blue Jays,Oakland Athletics,4.0,5.0,False,0|0|3|0|0|0|0|1|0,0|3|0|0|2|0|0|0,,,105.0,-125.0,1.5,8.5,espn,401227483,TOR,OAK,regular,Steven Matz,Frankie Montas,,,,,,,,
2021,2021-05-03,Baltimore Orioles,Seattle Mariners,5.0,3.0,False,0|0|0|0|0|0|0|5|0,0|0|0|0|1|0|0|2|0,,,110.0,-130.0,1.5,8.5,espn,401227474,BAL,SEA,regular,Dean Kremer,Erik Swanson,,,,,,,,
2021,2021-05-03,Pittsburgh Pirates,San Diego Padres,0.0,2.0,False,0|0|0|0|0|0|0|0|0,0|0|0|0|0|0|2|0,,,167.0,-192.0,1.5,8.0,espn,401227479,PIT,SD,regular,Tyler Anderson,Miguel Diaz,,,,,,,,
2021,2021-05-04,Los Angeles Dodgers,Chicago Cubs,1.0,7.0,False,0|0|0|0|0|0|1,4|0|2|0|0|1,,,-170.0,150.0,,5.5,espn,401324215,LAD,CHC,regular,Clayton Kershaw,Kyle Hendricks,,,,,,,,
2021,2021-05-04,San Francisco Giants,Colorado Rockies,12.0,4.0,False,10|0|0|0|0|2|0,0|0|0|4|0|0|0,,,110.0,-130.0,1.5,7.5,espn,401227495,SF,COL,regular,Aaron Sanchez,German Marquez,,,,,,,,
2021,2021-05-04,Arizona Diamondbacks,Miami Marlins,3.0,9.0,False,0|0|0|0|1|1|0|1|0,3|0|0|0|0|0|0|6,,,125.0,-145.0,1.5,7.5,espn,401227484,ARI,MIA,regular,Riley Smith,Sandy Alcantara,,,,,,,,
2021,2021-05-04,Chicago White Sox,Cincinnati Reds,9.0,0.0,False,0|3|1|3|1|0|0|1|0,0|0|0|0|0|0|0|0|0,,,100.0,-120.0,1.5,9.5,espn,401227487,CHW,CIN,regular,Dylan Cease,Jeff Hoffman,,,,,,,,
2021,2021-05-04,Houston Astros,New York Yankees,3.0,7.0,False,1|0|0|2|0|0|0|0|0,3|0|0|0|0|4|0|0,,,100.0,-120.0,1.5,8.5,espn,401227490,HOU,NYY,regular,Zack Greinke,Domingo German,,,,,,,,
2021,2021-05-04,Atlanta Braves,Washington Nationals,6.0,1.0,False,0|0|0|0|1|5|0|0|0,0|0|0|0|0|0|1|0|0,,,-130.0,110.0,,8.5,espn,401227485,ATL,WSH,regular,Huascar Ynoa,Joe Ross,,,,,,,,
2021,2021-05-04,Milwaukee Brewers,Philadelphia Phillies,5.0,6.0,False,1|0|0|0|0|0|4|0|0,1|0|5|0|0|0|0|0,,,150.0,-170.0,1.5,7.5,espn,401227492,MIL,PHI,regular,Eric Lauer,Aaron Nola,,,,,,,,
2021,2021-05-04,Detroit Tigers,Boston Red Sox,7.0,11.0,False,0|2|0|0|1|4|0|0|0,4|3|1|0|1|1|0|1,,,150.0,-170.0,1.5,8.5,espn,401227489,DET,BOS,regular,Michael Fulmer,Nick Pivetta,,,,,,,,
2021,2021-05-04,Los Angeles Dodgers,Chicago Cubs,3.0,4.0,False,0|0|0|0|0|0|1|2|0,0|0|0|1|0|0|0|2|1,,,-225.0,185.0,,6.0,espn,401227491,LAD,CHC,regular,Trevor Bauer,Keegan Thompson,,,,,,,,
2021,2021-05-04,Texas Rangers,Minnesota Twins,6.0,3.0,False,1|0|0|0|0|0|0|0|2|3,2|0|0|0|1|0|0|0|0|0,,,140.0,-160.0,1.5,8.5,espn,401227497,TEX,MIN,regular,Kyle Gibson,J.A. Happ,,,,,,,,
2021,2021-05-04,Cleveland Indians,Kansas City Royals,7.0,3.0,False,0|0|0|0|0|3|0|4|0,0|1|1|0|1|0|0|0|0,,,125.0,-145.0,1.5,9.0,espn,401227488,CLE,KC,regular,Phil Maton,Mike Minor,,,,,,,,
2021,2021-05-04,San Francisco Giants,Colorado Rockies,6.0,8.0,False,2|0|0|0|2|2|0,0|0|0|2|0|0|6,,,,,,,espn,401324214,SF,COL,regular,Alex Wood,Ryan Castellani,,,,,,,,
2021,2021-05-04,Tampa Bay Rays,Los Angeles Angels,8.0,3.0,False,1|0|0|0|1|2|1|3|0,0|0|0|0|0|1|0|2|0,,,100.0,-120.0,1.5,8.5,espn,401227496,TB,LAA,regular,Shane McClanahan,Alex Cobb,,,,,,,,
2021,2021-05-04,Toronto Blue Jays,Oakland Athletics,1.0,4.0,False,0|0|0|0|0|1|0|0|0,0|4|0|0|0|0|0|0,,,105.0,-125.0,1.5,8.5,espn,401227498,TOR,OAK,regular,Anthony Kay,Cole Irvin,,,,,,,,
2021,2021-05-04,Baltimore Orioles,Seattle Mariners,2.0,5.0,False,0|0|0|0|1|0|0|0|1,0|0|0|1|0|0|0|4,,,110.0,-130.0,1.5,8.5,espn,401227486,BAL,SEA,regular,Jorge Lopez,Justin Dunn,,,,,,,,
2021,2021-05-04,Pittsburgh Pirates,San Diego Padres,2.0,1.0,False,0|0|1|0|0|1|0|0|0,0|0|0|0|0|0|1|0|0,,,220.0,-270.0,1.5,7.5,espn,401227494,PIT,SD,regular,Mitch Keller,Dinelson Lamet,,,,,,,,
2021,2021-05-05,Chicago White Sox,Cincinnati Reds,0.0,1.0,False,0|0|0|0|0|0|0|0|0|0,0|0|0|0|0|0|0|0|0|1,,,115.0,-135.0,1.5,8.0,espn,401227502,CHW,CIN,regular,Dallas Keuchel,Sonny Gray,,,,,,,,
2021,2021-05-05,San Francisco Giants,Colorado Rockies,5.0,6.0,False,0|2|0|0|0|0|2|0|1,0|0|0|6|0|0|0|0,,,100.0,-120.0,1.5,10.0,espn,401227510,SF,COL,regular,Logan Webb,Jon Gray,,,,,,,,
2021,2021-05-05,Baltimore Orioles,Seattle Mariners,6.0,0.0,False,0|2|0|0|0|0|1|3|0,0|0|0|0|0|0|0|0|0,,,-105.0,-115.0,1.5,7.5,espn,401227501,BAL,SEA,regular,John Means,Yusei Kikuchi,,,,,,,,
2021,2021-05-05,New York Mets,St. Louis Cardinals,1.0,4.0,False,0|0|0|1|0|0|0,1|0|1|0|2|0,,,,,,,espn,401324576,NYM,STL,regular,Marcus Stroman,Kwang Hyun Kim,,,,,,,,
2021,2021-05-05,Arizona Diamondbacks,Miami Marlins,0.0,8.0,False,0|0|0|0|0|0|0|0|0,2|4|0|0|0|0|2|0,,,-105.0,-115.0,1.5,7.5,espn,401227499,ARI,MIA,regular,Luke Weaver,Ross Detwiler,,,,,,,,
2021,2021-05-05,Atlanta Braves,Washington Nationals,5.0,3.0,False,0|0|4|1|0|0|0|0|0,0|0|0|1|0|0|0|2|0,,,-130.0,110.0,,9.0,espn,401227500,ATL,WSH,regular,Max Fried,Erick Fedde,,,,,,,,
2021,2021-05-05,Houston Astros,New York Yankees,3.0,6.0,False,0|0|0|3|0|0|0|0|0,0|0|2|0|1|0|0|3,,,120.0,-140.0,1.5,9.5,espn,401227505,HOU,NYY,regular,Luis Garcia,Jordan Montgomery,,,,,,,,
2021,2021-05-05,Milwaukee Brewers,Philadelphia Phillies,4.0,5.0,False,0|0|1|0|3|0|0|0|0,5|0|0|0|0|0|0|0,,,-140.0,120.0,,7.5,espn,401227507,MIL,PHI,regular,Freddy Peralta,Chase Anderson,,,,,,,,
2021,2021-05-05,Detroit Tigers,Boston Red Sox,6.0,5.0,False,0|0|0|1|0|2|0|0|0|3,0|1|0|0|0|0|2|0|0|2,,,160.0,-180.0,1.5,9.0,espn,401227504,DET,BOS,regular,Casey Mize,Martin Perez,,,,,,,,
2021,2021-05-05,Los Angeles Dodgers,Chicago Cubs,5.0,6.0,False,0|0|0|1|1|1|0|0|0|1|1,0|0|0|0|2|0|0|1|0|1|2,,,-170.0,150.0,,7.5,espn,401227506,LAD,CHC,regular,Walker Buehler,Adbert Alzolay,,,,,,,,
2021,2021-05-05,Texas Rangers,Minnesota Twins,3.0,1.0,False,0|0|0|1|0|2|0|0|0,0|1|0|0|0|0|0|0|0,,,160.0,-180.0,1.5,8.5,espn,401227512,TEX,MIN,regular,Hyeon-Jong Yang,Lewis Thorpe,,,,,,,,
2021,2021-05-05,Cleveland Indians,Kansas City Royals,5.0,4.0,False,0|0|0|0|0|3|0|1|1,0|1|0|1|2|0|0|0|0,,,-170.0,150.0,,7.0,espn,401227503,CLE,KC,regular,Shane Bieber,Brady Singer,,,,,,,,
2021,2021-05-05,Pittsburgh Pirates,San Diego Padres,2.0,4.0,False,0|0|0|0|0|2|0|0|0,0|0|1|0|1|2|0|0,,,180.0,-220.0,1.5,6.5,espn,401227509,PIT,SD,regular,JT Brubaker,Yu Darvish,,,,,,,,
2021,2021-05-05,New York Mets,St. Louis Cardinals,7.0,2.0,False,0|3|0|1|2|0|1,0|0|0|1|0|1|0,,,100.0,-120.0,1.5,6.5,espn,401227508,NYM,STL,regular,Miguel Castro,Johan Oviedo,,,,,,,,
2021,2021-05-05,Tampa Bay Rays,Los Angeles Angels,3.0,1.0,False,0|0|0|0|0|0|3|0|0,0|0|1|0|0|0|0|0|0,,,-110.0,-110.0,1.5,8.0,espn,401227511,TB,LAA,regular,Andrew Kittredge,Shohei Ohtani,,,,,,,,
2021,2021-05-05,Toronto Blue Jays,Oakland Athletics,9.0,4.0,False,2|0|0|0|0|0|0|5|2,1|0|0|1|0|1|0|1|0,,,125.0,-145.0,1.5,8.0,espn,401227513,TOR,OAK,regular,Robbie Ray,Chris Bassitt,,,,,,,,
2021,2021-05-06,Houston Astros,New York Yankees,7.0,4.0,False,0|0|0|1|0|0|1|3|2,0|0|1|2|0|0|0|1|0,,,170.0,-200.0,1.5,7.5,espn,401227518,HOU,NYY,regular,Lance McCullers Jr.,Gerrit Cole,,,,,,,,
2021,2021-05-06,Milwaukee Brewers,Philadelphia Phillies,0.0,2.0,False,0|0|0|0|0|0|0|0|0,0|0|0|0|0|0|1|1,,,-130.0,110.0,,6.5,espn,401227519,MIL,PHI,regular,Brandon Woodruff,Zack Wheeler,,,,,,,,
2021,2021-05-06,Detroit Tigers,Boston Red Sox,9.0,12.0,False,0|0|1|3|2|1|1|1|0,1|1|2|1|0|3|0|4,,,170.0,-200.0,1.5,8.0,espn,401227517,DET,BOS,regular,Spencer Turnbull,Nathan Eovaldi,,,,,,,,
2021,2021-05-06,Texas Rangers,Minnesota Twins,4.0,3.0,False,0|2|0|0|0|0|1|0|0|1,1|0|2|0|0|0|0|0|0|0,,,155.0,-175.0,1.5,8.5,espn,401227522,TEX,MIN,regular,Jordan Lyles,Michael Pineda,,,,,,,,
2021,2021-05-06,New York Mets,St. Louis Cardinals,4.0,1.0,False,0|0|0|0|2|0|0|2|0,0|1|0|0|0|0|0|0|0,,,-110.0,-110.0,1.5,8.0,espn,401227520,NYM,STL,regular,Taijuan Walker,John Gant,,,,,,,,
2021,2021-05-06,Cleveland Indians,Kansas City Royals,4.0,0.0,False,0|1|0|0|1|1|0|1|0,0|0|0|0|0|0|0|0|0,,,120.0,-140.0,1.5,8.0,espn,401227516,CLE,KC,regular,Triston McKenzie,Danny Duffy,,,,,,,,
2021,2021-05-06,Toronto Blue Jays,Oakland Athletics,10.0,4.0,False,0|0|3|2|0|4|1|0|0,1|0|3|0|0|0|0|0|0,,,-145.0,125.0,,8.5,espn,401227523,TOR,OAK,regular,Hyun Jin Ryu,Mike Fiers,,,,,,,,
2021,2021-05-06,Atlanta Braves,Washington Nationals,3.0,2.0,False,0|0|0|3|0|0|0|0|0,0|0|0|1|0|0|0|1|0,,,-110.0,-110.0,1.5,9.0,espn,401227515,ATL,WSH,regular,Drew Smyly,Jon Lester,,,,,,,,
2021,2021-05-06,Arizona Diamondbacks,Miami Marlins,1.0,3.0,False,0|1|0|0|0|0|0|0|0,1|0|0|0|0|0|2|0,,,120.0,-140.0,1.5,7.5,espn,401227514,ARI,MIA,regular,Madison Bumgarner,Pablo Lopez,,,,,,,,
2021,2021-05-06,Tampa Bay Rays,Los Angeles Angels,8.0,3.0,False,0|0|0|0|0|0|1|7|0,0|0|3|0|0|0|0|0|0,,,135.0,-155.0,1.5,8.5,espn,401227521,TB,LAA,regular,Collin McHugh,Andrew Heaney,,,,,,,,
2021,2021-05-07,Pittsburgh Pirates,Chicago Cubs,2.0,3.0,False,0|0|0|0|0|0|0|0|2,1|1|1|0|0|0|0|0,,,130.0,-150.0,1.5,7.5,espn,401227533,PIT,CHC,regular,Trevor Cahill,Zach Davies,,,,,,,,
2021,2021-05-07,Boston Red Sox,Baltimore Orioles,6.0,2.0,False,0|0|0|4|0|0|0|1|1,0|0|0|0|1|1|0|0|0,,,-150.0,130.0,,9.0,espn,401227525,BOS,BAL,regular,Eduardo Rodriguez,Matt Harvey,,,,,,,,
2021,2021-05-07,Washington Nationals,New York Yankees,11.0,4.0,False,0|3|0|0|0|0|0|6|2,1|1|0|0|0|1|0|0|1,,,150.0,-170.0,1.5,8.5,espn,401227538,WSH,NYY,regular,Patrick Corbin,Jameson Taillon,,,,,,,,
2021,2021-05-07,Arizona Diamondbacks,New York Mets,4.0,5.0,False,0|3|1|0|0|0|0|0|0|0,0|0|1|0|0|1|2|0|0|1,,,110.0,-130.0,1.5,7.0,espn,401227524,ARI,NYM,regular,Zac Gallen,David Peterson,,,,,,,,
2021,2021-05-07,Cincinnati Reds,Cleveland Indians,3.0,0.0,False,0|0|0|0|0|0|0|0|3,0|0|0|0|0|0|0|0|0,,,130.0,-150.0,1.5,8.0,espn,401227527,CIN,CLE,regular,Wade Miley,Zach Plesac,,,,,,,,
2021,2021-05-07,Milwaukee Brewers,Miami Marlins,1.0,6.0,False,0|0|0|1|0|0|0|0|0,1|0|4|1|0|0|0|0,,,110.0,-130.0,1.5,6.5,espn,401227530,MIL,MIA,regular,Brent Suter,Trevor Rogers,,,,,,,,
2021,2021-05-07,Minnesota Twins,Detroit Tigers,7.0,3.0,False,1|1|0|0|0|2|1|1|1,0|0|0|0|0|3|0|0|0,,,-145.0,125.0,,9.0,espn,401227531,MIN,DET,regular,Matt Shoemaker,Tarik Skubal,,,,,,,,
2021,2021-05-07,Philadelphia Phillies,Atlanta Braves,12.0,2.0,False,6|0|1|0|0|1|1|3|0,0|1|0|0|1|0|0|0|0,,,125.0,-145.0,1.5,8.0,espn,401227532,PHI,ATL,regular,Zach Eflin,Charlie Morton,,,,,,,,
2021,2021-05-07,Seattle Mariners,Texas Rangers,5.0,4.0,False,0|2|0|2|0|0|1|0|0,2|1|1|0|0|0|0|0|0,,,100.0,-120.0,1.5,8.5,espn,401227535,SEA,TEX,regular,Chris Flexen,Mike Foltynewicz,,,,,,,,
2021,2021-05-07,Chicago White Sox,Kansas City Royals,3.0,0.0,False,0|0|0|0|1|2|0|0|0,0|0|0|0|0|0|0|0|0,,,-150.0,130.0,,8.5,espn,401227526,CHW,KC,regular,Carlos Rodon,Brad Keller,,,,,,,,
2021,2021-05-07,Toronto Blue Jays,Houston Astros,4.0,10.0,False,1|0|1|0|0|0|0|0|2,0|3|0|0|2|0|2|3,,,120.0,-140.0,1.5,9.0,espn,401227537,TOR,HOU,regular,Ross Stripling,Jose Urquidy,,,,,,,,
2021,2021-05-07,Colorado Rockies,St. Louis Cardinals,0.0,5.0,False,0|0|0|0|0|0|0|0|0,0|2|1|0|2|0|0|0,,,190.0,-230.0,1.5,7.5,espn,401227528,COL,STL,regular,Austin Gomber,Jack Flaherty,,,,,,,,
2021,2021-05-07,Los Angeles Dodgers,Los Angeles Angels,2.0,9.0,False,0|1|0|0|0|0|0|0|1,0|4|0|0|1|4|0|0,,,-175.0,155.0,,8.5,espn,401227529,LAD,LAA,regular,Julio Urias,Griffin Canning,,,,,,,,
2021,2021-05-07,Tampa Bay Rays,Oakland Athletics,1.0,2.0,False,0|0|0|0|0|0|0|1|0,0|0|0|0|0|0|1|0|1,,,110.0,-130.0,1.5,7.5,espn,401227536,TB,OAK,regular,Rich Hill,Sean Manaea,,,,,,,,
2021,2021-05-07,San Diego Padres,San Francisco Giants,4.0,5.0,False,0|0|0|0|0|4|0|0|0,0|0|2|0|2|0|1|0,,,-140.0,120.0,,7.0,espn,401227534,SD,SF,regular,Blake Snell,Anthony DeSclafani,,,,,,,,
2021,2021-05-08,Washington Nationals,New York Yankees,3.0,4.0,False,0|0|1|0|0|1|0|0|0|1|0,0|0|1|0|0|0|0|0|1|1|1,,,100.0,-120.0,1.5,8.0,espn,401227553,WSH,NYY,regular,Max Scherzer,Corey Kluber,,,,,,,,
2021,2021-05-08,Colorado Rockies,St. Louis Cardinals,8.0,9.0,False,1|0|0|0|4|0|0|3|0,3|0|2|0|4|0|0|0,,,167.0,-192.0,1.5,7.5,espn,401227543,COL,STL,regular,Chi Chi Gonzalez,Carlos Martinez,,,,,,,,
2021,2021-05-08,Pittsburgh Pirates,Chicago Cubs,2.0,3.0,False,0|0|0|2|0|0|0|0|0,1|0|0|1|0|0|1|0,,,170.0,-200.0,1.5,8.0,espn,401227548,PIT,CHC,regular,Wil Crowe,Trevor Williams,,,,,,,,
2021,2021-05-08,San Diego Padres,San Francisco Giants,1.0,7.0,False,0|0|0|0|1|0|0|0|0,0|3|0|0|1|1|0|2,,,-140.0,120.0,,7.0,espn,401227549,SD,SF,regular,Joe Musgrove,Kevin Gausman,,,,,,,,
2021,2021-05-08,Tampa Bay Rays,Oakland Athletics,3.0,6.0,False,0|0|0|0|0|2|0|1|0,2|1|0|0|0|0|1|2,,,-130.0,110.0,,7.5,espn,401227551,TB,OAK,regular,Tyler Glasnow,Frankie Montas,,,,,,,,
2021,2021-05-08,Minnesota Twins,Detroit Tigers,3.0,7.0,False,0|0|0|0|2|0|0|1|0,1|0|0|1|0|0|5|0,,,-185.0,165.0,,7.5,espn,401227546,MIN,DET,regular,Jose Berrios,Jose Urena,,,,,,,,
2021,2021-05-08,Cincinnati Reds,Cleveland Indians,2.0,9.0,False,0|0|1|0|0|0|0|0|1,1|1|0|4|0|3|0|0,,,100.0,-120.0,1.5,8.5,espn,401227542,CIN,CLE,regular,Luis Castillo,Aaron Civale,,,,,,,,
2021,2021-05-08,Milwaukee Brewers,Miami Marlins,6.0,2.0,False,0|0|2|1|2|0|0|1|0,1|0|0|0|0|1|0|0|0,,,-125.0,105.0,,7.5,espn,401227545,MIL,MIA,regular,Adrian Houser,Daniel Castano,,,,,,,,
2021,2021-05-08,Boston Red Sox,Baltimore Orioles,11.0,6.0,False,0|4|3|2|0|2|0|0|0,1|1|0|0|0|2|0|0|2,,,-140.0,120.0,,9.0,espn,401227540,BOS,BAL,regular,Garrett Richards,Zac Lowther,,,,,,,,
2021,2021-05-08,Seattle Mariners,Texas Rangers,8.0,9.0,False,2|2|0|1|0|0|1|1|1,0|1|0|3|0|2|0|3,,,-110.0,-110.0,1.5,9.5,espn,401227550,SEA,TEX,regular,Erik Swanson,Kohei Arihara,,,,,,,,
2021,2021-05-08,Arizona Diamondbacks,New York Mets,2.0,4.0,False,0|0|0|0|0|1|0|1|0,0|0|3|0|0|0|1|0,,,130.0,-150.0,1.5,8.0,espn,401227539,ARI,NYM,regular,Merrill Kelly,Tommy Hunter,,,,,,,,
2021,2021-05-08,Chicago White Sox,Kansas City Royals,9.0,1.0,False,8|0|0|0|0|0|0|0|1,0|0|0|0|0|0|1|0|0,,,-160.0,140.0,,9.0,espn,401227541,CHW,KC,regular,Lance Lynn,Daniel Lynch IV,,,,,,,,
2021,2021-05-08,Toronto Blue Jays,Houston Astros,8.0,4.0,False,0|2|3|0|0|0|0|0|3,0|0|0|2|1|0|0|1|0,,,130.0,-150.0,1.5,9.0,espn,401227552,TOR,HOU,regular,Steven Matz,Cristian Javier,,,,,,,,
2021,2021-05-08,Philadelphia Phillies,Atlanta Braves,7.0,8.0,False,2|1|0|0|0|0|0|0|0|0|1|3,0|0|0|0|0|1|0|0|2|0|1|4,,,130.0,-150.0,1.5,8.0,espn,401227547,PHI,ATL,regular,Vince Velasquez,Ian Anderson,,,,,,,,
2021,2021-05-08,Los Angeles Dodgers,Los Angeles Angels,14.0,11.0,False,0|0|0|8|5|0|1|0|0,0|0|0|0|0|4|7|0|0,,,-155.0,135.0,,8.5,espn,401227544,LAD,LAA,regular,Clayton Kershaw,Dylan Bundy,,,,,,,,
2021,2021-05-09,Boston Red Sox,Baltimore Orioles,4.0,3.0,False,0|1|0|0|0|2|0|1|0,1|0|0|0|1|0|0|1|0,,,-140.0,120.0,,9.0,espn,401227555,BOS,BAL,regular,Nick Pivetta,Dean Kremer,,,,,,,,
2021,2021-05-09,Washington Nationals,New York Yankees,2.0,3.0,False,0|0|0|0|0|0|2|0|0,0|0|1|0|0|1|0|0|1,,,135.0,-155.0,1.5,9.0,espn,401227568,WSH,NYY,regular,Joe Ross,Domingo German,,,,,,,,
2021,2021-05-09,Arizona Diamondbacks,New York Mets,2.0,4.0,False,0|0|0|0|1|0|0|1|0,0|0|2|0|0|1|1|0,,,250.0,-310.0,1.5,7.0,espn,401227554,ARI,NYM,regular,Riley Smith,Jacob deGrom,,,,,,,,
2021,2021-05-09,Milwaukee Brewers,Miami Marlins,2.0,1.0,False,0|0|0|1|0|0|0|0|0|1,0|0|0|0|0|0|1|0|0|0,,,130.0,-150.0,1.5,7.0,espn,401227560,MIL,MIA,regular,Brett Anderson,Sandy Alcantara,,,,,,,,
2021,2021-05-09,Chicago White Sox,Kansas City Royals,9.0,3.0,False,0|3|2|0|0|1|2|0|1,1|0|0|0|0|1|1|0|0,,,-145.0,125.0,,7.5,espn,401227556,CHW,KC,regular,Lucas Giolito,Mike Minor,,,,,,,,
2021,2021-05-09,Toronto Blue Jays,Houston Astros,4.0,7.0,False,0|0|0|0|4|0|0|0|0,0|1|2|4|0|0|0|0,,,140.0,-160.0,1.5,8.5,espn,401227567,TOR,HOU,regular,Nate Pearson,Zack Greinke,,,,,,,,
2021,2021-05-09,Colorado Rockies,St. Louis Cardinals,0.0,2.0,False,0|0|0|0|0|0|0|0|0,0|1|0|1|0|0|0|0,,,135.0,-155.0,1.5,7.0,espn,401227558,COL,STL,regular,German Marquez,Adam Wainwright,,,,,,,,
2021,2021-05-09,Pittsburgh Pirates,Chicago Cubs,6.0,5.0,False,4|0|2|0|0|0|0|0|0,0|1|0|1|0|0|0|0|3,,,145.0,-165.0,1.5,6.0,espn,401227563,PIT,CHC,regular,Tyler Anderson,Kyle Hendricks,,,,,,,,
2021,2021-05-09,Seattle Mariners,Texas Rangers,2.0,10.0,False,0|0|0|0|2|0|0|0|0,0|0|1|0|6|2|0|1,,,115.0,-135.0,1.5,8.0,espn,401227565,SEA,TEX,regular,Justus Sheffield,Dane Dunning,,,,,,,,
2021,2021-05-09,San Diego Padres,San Francisco Giants,11.0,1.0,False,0|4|1|0|0|0|0|4|2,0|0|0|0|0|0|0|1|0,,,-140.0,120.0,,8.0,espn,401227564,SD,SF,regular,Chris Paddack,Johnny Cueto,,,,,,,,
2021,2021-05-09,Los Angeles Dodgers,Los Angeles Angels,1.0,2.0,False,0|0|1|0|0|0|0|0|0,0|0|2|0|0|0|0|0,,,-185.0,165.0,,9.0,espn,401227559,LAD,LAA,regular,Trevor Bauer,Jose Quintana,,,,,,,,
2021,2021-05-09,Tampa Bay Rays,Oakland Athletics,4.0,3.0,False,0|0|0|0|3|1|0|0|0,0|0|0|3|0|0|0|0|0,,,105.0,-125.0,1.5,7.5,espn,401227566,TB,OAK,regular,Shane McClanahan,Cole Irvin,,,,,,,,
2021,2021-05-09,Philadelphia Phillies,Atlanta Braves,1.0,6.0,False,1|0|0|0|0|0|0|0|0,4|0|1|0|0|0|0|1,,,-110.0,-110.0,1.5,8.0,espn,401227562,PHI,ATL,regular,Aaron Nola,Huascar Ynoa,,,,,,,,
2021,2021-05-10,Cincinnati Reds,Pittsburgh Pirates,14.0,1.0,False,0|1|0|6|0|1|3|3|0,0|1|0|0|0|0|0|0|0,,,-160.0,140.0,,7.5,espn,401227571,CIN,PIT,regular,Tyler Mahle,Mitch Keller,,,,,,,,
2021,2021-05-10,Boston Red Sox,Baltimore Orioles,1.0,4.0,False,0|0|0|1|0|0|0|0|0,0|1|0|0|0|1|0|2,,,-125.0,105.0,,9.0,espn,401227570,BOS,BAL,regular,Martin Perez,Jorge Lopez,,,,,,,,
2021,2021-05-10,Los Angeles Angels,Houston Astros,5.0,4.0,False,0|0|0|1|0|4|0|0|0,1|2|0|0|1|0|0|0|0,,,155.0,-175.0,1.5,9.5,espn,401227569,LAA,HOU,regular,Junior Guerra,Luis Garcia,,,,,,,,
2021,2021-05-10,Miami Marlins,Arizona Diamondbacks,2.0,5.0,False,0|0|0|0|0|0|0|2|0,1|0|3|0|1|0|0|0,,,110.0,-133.0,1.5,8.5,espn,401227572,MIA,ARI,regular,Jordan Holloway,Luke Weaver,,,,,,,,
2021,2021-05-10,Texas Rangers,San Francisco Giants,1.0,3.0,False,0|0|0|0|1|0|0|0|0,0|0|0|1|0|0|2|0,,,125.0,-145.0,1.5,7.0,espn,401227574,TEX,SF,regular,Kyle Gibson,Alex Wood,,,,,,,,
2021,2021-05-11,Texas Rangers,San Francisco Giants,2.0,4.0,False,1|0|0|0|0|0|1|0|0,2|0|0|0|0|2|0|0,,,130.0,-150.0,1.5,8.5,espn,401227588,TEX,SF,regular,Jordan Lyles,Logan Webb,,,,,,,,
2021,2021-05-11,Chicago Cubs,Cleveland Indians,2.0,3.0,False,0|1|0|0|1|0|0|0|0,0|0|0|1|2|0|0|0,,,165.0,-185.0,1.5,7.0,espn,401227577,CHC,CLE,regular,Adbert Alzolay,Shane Bieber,,,,,,,,
2021,2021-05-11,Cincinnati Reds,Pittsburgh Pirates,2.0,7.0,False,0|0|1|0|0|0|0|1|0,1|0|0|2|1|0|0|3,,,100.0,-120.0,1.5,7.5,espn,401227578,CIN,PIT,regular,Jeff Hoffman,JT Brubaker,,,,,,,,
2021,2021-05-11,New York Yankees,Tampa Bay Rays,3.0,1.0,False,1|0|1|0|0|0|1|0|0,0|0|1|0|0|0|0|0|0,,,-125.0,105.0,,8.0,espn,401227582,NYY,TB,regular,Jordan Montgomery,Luis Patino,,,,,,,,
2021,2021-05-11,Philadelphia Phillies,Washington Nationals,6.0,2.0,False,1|0|1|1|0|0|0|3|0,0|0|0|0|0|2|0|0|0,,,105.0,-125.0,1.5,8.5,espn,401227584,PHI,WSH,regular,Chase Anderson,Erick Fedde,,,,,,,,
2021,2021-05-11,Baltimore Orioles,New York Mets,2.0,3.0,False,0|0|0|0|0|0|1|1|0,0|0|0|0|0|0|0|1|2,,,135.0,-155.0,1.5,6.5,espn,401227576,BAL,NYM,regular,John Means,Marcus Stroman,,,,,,,,
2021,2021-05-11,Kansas City Royals,Detroit Tigers,7.0,8.0,False,0|0|0|0|0|0|0|3|4,0|0|0|4|3|0|0|0|1,,,-135.0,115.0,,8.0,espn,401227579,KC,DET,regular,Brady Singer,Matthew Boyd,,,,,,,,
2021,2021-05-11,Oakland Athletics,Boston Red Sox,3.0,2.0,False,0|0|0|1|0|0|2|0|0,1|0|0|0|0|0|1|0|0,,,100.0,-120.0,1.5,8.5,espn,401227583,OAK,BOS,regular,Chris Bassitt,Nathan Eovaldi,,,,,,,,
2021,2021-05-11,Toronto Blue Jays,Atlanta Braves,5.0,3.0,False,0|0|0|0|0|2|0|3|0,1|0|1|0|0|1|0|0|0,,,-115.0,-105.0,1.5,9.5,espn,401227589,TOR,ATL,regular,Robbie Ray,Bryse Wilson,,,,,,,,
2021,2021-05-11,St. Louis Cardinals,Milwaukee Brewers,6.0,1.0,False,0|0|0|0|0|0|0|1|0|0|5,0|0|0|0|0|1|0|0|0|0|0,,,130.0,-150.0,1.5,7.0,espn,401227587,STL,MIL,regular,Kwang Hyun Kim,Freddy Peralta,,,,,,,,
2021,2021-05-11,Los Angeles Angels,Houston Astros,1.0,5.0,False,0|0|0|0|0|0|0|1|0,0|0|0|0|1|0|0|4,,,130.0,-150.0,1.5,8.5,espn,401227575,LAA,HOU,regular,Shohei Ohtani,Lance McCullers Jr.,,,,,,,,
2021,2021-05-11,Minnesota Twins,Chicago White Sox,3.0,9.0,False,0|3|0|0|0|0|0|0|0,0|3|0|0|0|2|2|2,,,-105.0,-115.0,1.5,7.5,espn,401227581,MIN,CHW,regular,Kenta Maeda,Dylan Cease,,,,,,,,
2021,2021-05-11,San Diego Padres,Colorado Rockies,8.0,1.0,False,0|0|0|0|2|6|0|0|0,1|0|0|0|0|0|0|0|0,,,-170.0,150.0,,9.5,espn,401227585,SD,COL,regular,Dinelson Lamet,Antonio Senzatela,,,,,,,,
2021,2021-05-11,Miami Marlins,Arizona Diamondbacks,3.0,11.0,False,0|0|0|0|0|0|0|3|0,0|1|0|0|5|0|0|5,,,-105.0,-115.0,1.5,8.0,espn,401227580,MIA,ARI,regular,Pablo Lopez,Madison Bumgarner,,,,,,,,
2021,2021-05-11,Seattle Mariners,Los Angeles Dodgers,4.0,6.0,False,1|0|0|2|0|1|0|0|0,0|0|0|1|0|0|2|3,,,205.0,-245.0,1.5,7.0,espn,401227586,SEA,LAD,regular,Yusei Kikuchi,Walker Buehler,,,,,,,,
2021,2021-05-12,Baltimore Orioles,New York Mets,1.0,7.0,False,0|0|0|0|0|0|1|0|0,0|3|1|0|3|0|0|0,,,155.0,-175.0,1.5,7.5,espn,401227591,BAL,NYM,regular,Matt Harvey,Taijuan Walker,,,,,,,,
2021,2021-05-12,Cincinnati Reds,Pittsburgh Pirates,5.0,1.0,False,0|1|0|0|0|0|0|0|0|4,0|0|0|0|1|0|0|0|0|0,,,-160.0,140.0,,7.5,espn,401227593,CIN,PIT,regular,Sonny Gray,Trevor Cahill,,,,,,,,
2021,2021-05-12,Chicago Cubs,Cleveland Indians,1.0,2.0,False,0|0|0|0|0|1|0|0|0|0,0|0|0|0|0|1|0|0|0|1,,,-110.0,-110.0,1.5,8.0,espn,401227592,CHC,CLE,regular,Zach Davies,Sam Hentges,,,,,,,,
2021,2021-05-12,San Diego Padres,Colorado Rockies,5.0,3.0,False,0|0|0|0|1|4|0,1|0|0|0|0|2|0,,,-155.0,142.0,,8.0,espn,401227600,SD,COL,regular,Yu Darvish,Jon Gray,,,,,,,,
2021,2021-05-12,Philadelphia Phillies,Washington Nationals,5.0,2.0,False,0|1|0|0|0|0|0|0|1|3,0|0|0|0|0|2|0|0|0|0,,,-140.0,120.0,,8.5,espn,401227599,PHI,WSH,regular,Zack Wheeler,Jon Lester,,,,,,,,
2021,2021-05-12,San Diego Padres,Colorado Rockies,2.0,3.0,False,0|1|0|0|0|0|1|0,0|2|0|0|0|0|0|1,,,-160.0,140.0,,7.5,espn,401326002,SD,COL,regular,Blake Snell,Austin Gomber,,,,,,,,
2021,2021-05-12,Kansas City Royals,Detroit Tigers,2.0,4.0,False,2|0|0|0|0|0|0|0|0,0|1|1|0|2|0|0|0,,,-150.0,130.0,,8.0,espn,401227594,KC,DET,regular,Danny Duffy,Casey Mize,,,,,,,,
2021,2021-05-12,New York Yankees,Tampa Bay Rays,1.0,0.0,False,0|0|0|0|0|0|1|0|0,0|0|0|0|0|0|0|0|0,,,-200.0,170.0,,7.0,espn,401227597,NYY,TB,regular,Gerrit Cole,Collin McHugh,,,,,,,,
2021,2021-05-12,Oakland Athletics,Boston Red Sox,4.0,1.0,False,0|1|0|0|2|1|0|0|0,1|0|0|0|0|0|0|0|0,,,135.0,-155.0,1.5,9.5,espn,401227598,OAK,BOS,regular,James Kaprielian,Eduardo Rodriguez,,,,,,,,
2021,2021-05-12,Toronto Blue Jays,Atlanta Braves,4.0,1.0,False,0|0|0|0|0|1|1|0|2,0|0|0|0|1|0|0|0|0,,,-115.0,-105.0,1.5,8.0,espn,401227603,TOR,ATL,regular,Hyun Jin Ryu,Max Fried,,,,,,,,
2021,2021-05-12,St. Louis Cardinals,Milwaukee Brewers,1.0,4.0,False,0|0|0|0|0|0|0|1|0,0|0|0|0|0|1|0|3,,,160.0,-180.0,1.5,7.5,espn,401227602,STL,MIL,regular,John Gant,Brandon Woodruff,,,,,,,,
2021,2021-05-12,Los Angeles Angels,Houston Astros,1.0,9.0,False,0|0|0|0|0|0|0|1|0,3|0|0|0|0|2|0|4,,,150.0,-170.0,1.5,8.5,espn,401227590,LAA,HOU,regular,Andrew Heaney,Jose Urquidy,,,,,,,,
2021,2021-05-12,Minnesota Twins,Chicago White Sox,8.0,13.0,False,1|0|2|0|0|4|0|0|1,2|2|0|5|3|1|0|0,,,120.0,-140.0,1.5,8.0,espn,401227596,MIN,CHW,regular,J.A. Happ,Dallas Keuchel,,,,,,,,
2021,2021-05-12,Miami Marlins,Arizona Diamondbacks,3.0,2.0,False,2|1|0|0|0|0|0|0|0,1|0|0|0|1|0|0|0|0,,,110.0,-130.0,1.5,9.0,espn,401227595,MIA,ARI,regular,Cody Poteet,Matt Peacock,,,,,,,,
2021,2021-05-12,Seattle Mariners,Los Angeles Dodgers,1.0,7.0,False,0|0|0|0|1|0|0|0|0,0|0|0|2|4|0|1|0,,,225.0,-275.0,1.5,8.0,espn,401227601,SEA,LAD,regular,Justin Dunn,Julio Urias,,,,,,,,
2021,2021-05-13,Toronto Blue Jays,Atlanta Braves,8.0,4.0,False,0|1|0|0|2|0|0|1|4,2|0|0|0|0|2|0|0|0,,,135.0,-155.0,1.5,9.0,espn,401227615,TOR,ATL,regular,Ross Stripling,Charlie Morton,,,,,,,,
2021,2021-05-13,Philadelphia Phillies,Washington Nationals,1.0,5.0,False,1|0|0|0|0|0|0|0|0,4|0|0|0|0|1|0|0,,,-110.0,-110.0,1.5,8.0,espn,401227611,PHI,WSH,regular,Zach Eflin,Patrick Corbin,,,,,,,,
2021,2021-05-13,Kansas City Royals,Detroit Tigers,3.0,4.0,False,0|0|0|0|1|0|0|0|2,0|4|0|0|0|0|0|0,,,-115.0,-105.0,1.5,9.0,espn,401227606,KC,DET,regular,Daniel Lynch IV,Spencer Turnbull,,,,,,,,
2021,2021-05-13,St. Louis Cardinals,Milwaukee Brewers,2.0,0.0,False,1|0|0|0|0|0|0|0|1,0|0|0|0|0|0|0|0|0,,,120.0,-140.0,1.5,6.5,espn,401227613,STL,MIL,regular,Jack Flaherty,Corbin Burnes,,,,,,,,
2021,2021-05-13,Minnesota Twins,Chicago White Sox,2.0,4.0,False,0|0|0|1|0|0|0|1|0,1|0|1|0|0|1|0|1,,,105.0,-125.0,1.5,7.5,espn,401227608,MIN,CHW,regular,Michael Pineda,Lance Lynn,,,,,,,,
2021,2021-05-13,San Francisco Giants,Pittsburgh Pirates,3.0,1.0,False,0|0|0|0|3|0|0|0|0,0|0|0|0|0|0|0|1|0,,,-150.0,130.0,,7.5,espn,401227612,SF,PIT,regular,Anthony DeSclafani,Wil Crowe,,,,,,,,
2021,2021-05-13,New York Yankees,Tampa Bay Rays,1.0,9.0,False,0|0|0|0|0|0|0|0|1,2|0|2|0|0|3|0|2,,,-125.0,105.0,,8.0,espn,401227609,NYY,TB,regular,Jameson Taillon,Rich Hill,,,,,,,,
2021,2021-05-13,Oakland Athletics,Boston Red Sox,1.0,8.0,False,0|0|0|0|0|0|0|1|0,3|3|1|0|0|1|0|0,,,-105.0,-115.0,1.5,9.0,espn,401227610,OAK,BOS,regular,Sean Manaea,Garrett Richards,,,,,,,,
2021,2021-05-13,Texas Rangers,Houston Astros,3.0,4.0,False,1|1|1|0|0|0|0|0|0|0|0,0|3|0|0|0|0|0|0|0|0|1,,,175.0,-210.0,1.5,9.0,espn,401227614,TEX,HOU,regular,Mike Foltynewicz,Cristian Javier,,,,,,,,
2021,2021-05-13,Cincinnati Reds,Colorado Rockies,8.0,13.0,False,0|0|0|0|0|0|0|8|0,3|0|0|5|1|1|0|3,,,-160.0,140.0,,11.5,espn,401227604,CIN,COL,regular,Luis Castillo,Chi Chi Gonzalez,,,,,,,,
2021,2021-05-13,Miami Marlins,Arizona Diamondbacks,5.0,1.0,False,0|0|1|0|0|1|3|0|0,0|0|0|0|1|0|0|0|0,,,-120.0,100.0,,8.5,espn,401227607,MIA,ARI,regular,Trevor Rogers,Merrill Kelly,,,,,,,,
2021,2021-05-13,Cleveland Indians,Seattle Mariners,4.0,2.0,False,0|2|2|0|0|0|0|0|0,0|0|0|0|0|0|0|2|0,,,-120.0,100.0,,7.5,espn,401227605,CLE,SEA,regular,Zach Plesac,Logan Gilbert,,,,,,,,
2021,2021-05-14,Kansas City Royals,Chicago White Sox,6.0,2.0,False,0|2|3|0|0|0|1,1|0|0|1|0|0|0,,,170.0,-200.0,1.5,6.5,espn,401319996,KC,CHW,regular,Brad Keller,Lucas Giolito,,,,,,,,
2021,2021-05-14,San Francisco Giants,Pittsburgh Pirates,2.0,3.0,False,0|0|0|0|0|0|0|1|0|0|1,0|0|0|0|0|0|0|0|1|0|2,,,-185.0,165.0,,7.5,espn,401227627,SF,PIT,regular,Kevin Gausman,Miguel Yajure,,,,,,,,
2021,2021-05-14,New York Yankees,Baltimore Orioles,5.0,4.0,False,1|0|0|1|0|0|3|0|0,1|0|0|0|3|0|0|0|0,,,-165.0,145.0,,8.5,espn,401227623,NYY,BAL,regular,Corey Kluber,Dean Kremer,,,,,,,,
2021,2021-05-14,Los Angeles Angels,Boston Red Sox,3.0,4.0,False,0|0|0|0|0|1|2|0|0,0|2|0|0|0|0|2|0,,,-105.0,-115.0,1.5,9.5,espn,401227616,LAA,BOS,regular,Griffin Canning,Nick Pivetta,,,,,,,,
2021,2021-05-14,Chicago Cubs,Detroit Tigers,4.0,2.0,False,0|0|2|0|2|0|0|0|0,0|0|0|0|0|2|0|0|0,,,-145.0,125.0,,8.5,espn,401227618,CHC,DET,regular,Jake Arrieta,Tarik Skubal,,,,,,,,
2021,2021-05-14,New York Mets,Tampa Bay Rays,2.0,3.0,False,0|0|0|0|2|0|0|0|0,0|0|0|0|0|0|0|2|1,,,135.0,-155.0,1.5,6.5,espn,401227624,NYM,TB,regular,David Peterson,Tyler Glasnow,,,,,,,,
2021,2021-05-14,Philadelphia Phillies,Toronto Blue Jays,5.0,1.0,False,0|0|0|0|0|0|5|0|0,0|0|0|0|0|1|0|0|0,,,125.0,-145.0,1.5,10.5,espn,401227626,PHI,TOR,regular,Vince Velasquez,Steven Matz,,,,,,,,
2021,2021-05-14,Atlanta Braves,Milwaukee Brewers,6.0,3.0,False,0|0|2|0|2|0|1|1|0,0|1|0|0|0|0|0|0|2,,,120.0,-140.0,1.5,7.5,espn,401227617,ATL,MIL,regular,Drew Smyly,Adrian Houser,,,,,,,,
2021,2021-05-14,Kansas City Royals,Chicago White Sox,1.0,3.0,False,0|0|1|0|0|0|0,0|3|0|0|0|0,,,145.0,-165.0,1.5,6.5,espn,401227621,KC,CHW,regular,Jakob Junis,Michael Kopech,,,,,,,,
2021,2021-05-14,Oakland Athletics,Minnesota Twins,6.0,1.0,False,0|0|1|0|2|2|0|1|0,0|0|0|0|0|1|0|0|0,,,-110.0,-110.0,1.5,8.5,espn,401227625,OAK,MIN,regular,Frankie Montas,Matt Shoemaker,,,,,,,,
2021,2021-05-14,Texas Rangers,Houston Astros,4.0,10.0,False,0|0|1|1|0|0|1|1|0,0|3|4|0|3|0|0|0,,,180.0,-220.0,1.5,8.5,espn,401227629,TEX,HOU,regular,Wes Benjamin,Zack Greinke,,,,,,,,
2021,2021-05-14,Cincinnati Reds,Colorado Rockies,6.0,9.0,False,0|0|2|0|0|0|2|2|0,1|0|4|3|0|0|1|0,,,-110.0,-110.0,1.5,10.5,espn,401227619,CIN,COL,regular,Wade Miley,German Marquez,,,,,,,,
2021,2021-05-14,Washington Nationals,Arizona Diamondbacks,17.0,2.0,False,6|1|1|0|3|0|1|2|3,0|0|0|0|0|1|0|0|1,,,-192.0,167.0,,9.0,espn,401227630,WSH,ARI,regular,Max Scherzer,Riley Smith,,,,,,,,
2021,2021-05-14,Cleveland Indians,Seattle Mariners,3.0,7.0,False,0|0|0|0|1|0|0|0|2,1|0|2|0|0|0|4|0,,,-115.0,-105.0,1.5,7.5,espn,401227620,CLE,SEA,regular,Aaron Civale,Chris Flexen,,,,,,,,
2021,2021-05-14,Miami Marlins,Los Angeles Dodgers,6.0,9.0,False,0|0|4|0|1|0|0|1|0,0|8|0|0|0|0|1|0,,,190.0,-230.0,1.5,6.5,espn,401227622,MIA,LAD,regular,Sandy Alcantara,Clayton Kershaw,,,,,,,,
2021,2021-05-14,St. Louis Cardinals,San Diego Padres,4.0,5.0,False,0|0|0|0|1|0|0|2|1,1|0|2|0|0|1|1|0,,,155.0,-175.0,1.5,7.0,espn,401227628,STL,SD,regular,Johan Oviedo,Joe Musgrove,,,,,,,,
2021,2021-05-15,New York Mets,Tampa Bay Rays,5.0,12.0,False,0|3|1|0|0|0|0|1|0,1|0|0|5|0|0|0|6,,,130.0,-150.0,1.5,7.5,espn,401227639,NYM,TB,regular,Drew Smith,Shane McClanahan,,,,,,,,
2021,2021-05-15,Oakland Athletics,Minnesota Twins,4.0,5.0,False,2|0|1|0|1|0|0|0|0,1|0|0|0|0|0|0|4,,,115.0,-135.0,1.5,8.5,espn,401227640,OAK,MIN,regular,Cole Irvin,Jose Berrios,,,,,,,,
2021,2021-05-15,Los Angeles Angels,Boston Red Sox,0.0,9.0,False,0|0|0|0|0|0|0|0|0,1|0|0|3|3|1|1|0,,,-120.0,100.0,,10.5,espn,401227631,LAA,BOS,regular,Dylan Bundy,Martin Perez,,,,,,,,
2021,2021-05-15,Chicago Cubs,Detroit Tigers,8.0,9.0,False,2|0|2|0|3|0|0|0|0|1,3|0|0|3|0|0|1|0|0|2,,,-155.0,135.0,,9.0,espn,401227633,CHC,DET,regular,Trevor Williams,Jose Urena,,,,,,,,
2021,2021-05-15,San Francisco Giants,Pittsburgh Pirates,6.0,8.0,False,3|0|1|0|0|2|0|0|0,0|0|0|0|2|0|4|0|2,,,-120.0,100.0,,7.5,espn,401227642,SF,PIT,regular,Johnny Cueto,Tyler Anderson,,,,,,,,
2021,2021-05-15,New York Yankees,Baltimore Orioles,8.0,2.0,False,3|2|0|0|0|3|0|0|0,0|0|0|0|0|1|0|0|1,,,-165.0,145.0,,9.0,espn,401227638,NYY,BAL,regular,Domingo German,Jorge Lopez,,,,,,,,
2021,2021-05-15,Atlanta Braves,Milwaukee Brewers,5.0,1.0,False,2|2|0|0|0|0|0|1|0,0|0|0|0|0|0|1|0|0,,,-110.0,-110.0,1.5,8.0,espn,401227632,ATL,MIL,regular,Ian Anderson,Brett Anderson,,,,,,,,
2021,2021-05-15,Kansas City Royals,Chicago White Sox,5.0,1.0,False,1|0|3|0|0|0|0|0|1,0|0|0|1|0|0|0|0|0,,,175.0,-210.0,1.5,8.5,espn,401227636,KC,CHW,regular,Mike Minor,Carlos Rodon,,,,,,,,
2021,2021-05-15,Texas Rangers,Houston Astros,5.0,6.0,False,1|0|0|0|0|0|0|4|0,4|0|0|0|0|0|2|0,,,145.0,-165.0,1.5,8.5,espn,401227644,TEX,HOU,regular,Dane Dunning,Luis Garcia,,,,,,,,
2021,2021-05-15,Philadelphia Phillies,Toronto Blue Jays,0.0,4.0,False,0|0|0|0|0|0|0|0|0,1|2|0|0|0|0|0|1,,,-145.0,125.0,,10.0,espn,401227641,PHI,TOR,regular,Aaron Nola,Anthony Kay,,,,,,,,
2021,2021-05-15,Cincinnati Reds,Colorado Rockies,6.0,5.0,False,0|0|2|0|0|0|0|0|0|0|2|2,2|0|0|0|0|0|0|0|0|0|2|1,,,-175.0,155.0,,11.0,espn,401227634,CIN,COL,regular,Tyler Mahle,Jhoulys Chacin,,,,,,,,
2021,2021-05-15,Washington Nationals,Arizona Diamondbacks,4.0,11.0,False,1|1|0|0|0|0|1|0|1,3|0|0|3|2|1|0|2,,,-125.0,105.0,,9.5,espn,401227645,WSH,ARI,regular,Joe Ross,Seth Frankoff,,,,,,,,
2021,2021-05-15,St. Louis Cardinals,San Diego Padres,3.0,13.0,False,0|0|0|1|0|1|1|0|0,2|1|3|0|0|4|3|0,,,110.0,-130.0,1.5,7.0,espn,401227643,STL,SD,regular,Adam Wainwright,Chris Paddack,,,,,,,,
2021,2021-05-15,Cleveland Indians,Seattle Mariners,3.0,7.0,False,0|0|0|0|0|2|0|0|1,1|0|0|3|1|0|0|2,,,-115.0,-105.0,1.5,8.5,espn,401227635,CLE,SEA,regular,Triston McKenzie,Justus Sheffield,,,,,,,,
2021,2021-05-15,Miami Marlins,Los Angeles Dodgers,0.0,7.0,False,0|0|0|0|0|0|0|0|0,0|0|0|2|2|0|0|3,,,230.0,-280.0,1.5,7.5,espn,401227637,MIA,LAD,regular,Jordan Holloway,Trevor Bauer,,,,,,,,
2021,2021-05-16,New York Yankees,Baltimore Orioles,6.0,10.0,False,4|0|1|0|0|0|0|0|1,2|0|3|1|0|0|2|2,,,-165.0,145.0,,9.0,espn,401227653,NYY,BAL,regular,Jordan Montgomery,Adam Plutko,,,,,,,,
2021,2021-05-16,San Francisco Giants,Pittsburgh Pirates,4.0,1.0,False,1|0|0|0|0|1|0|0|2,0|0|0|1|0|0|0|0|0,,,-175.0,155.0,,7.5,espn,401227657,SF,PIT,regular,Alex Wood,Mitch Keller,,,,,,,,
2021,2021-05-16,Philadelphia Phillies,Toronto Blue Jays,8.0,10.0,False,0|0|0|0|3|1|0|2|2,2|5|1|0|0|0|1|1,,,170.0,-200.0,1.5,10.0,espn,401227656,PHI,TOR,regular,Chase Anderson,Robbie Ray,,,,,,,,
2021,2021-05-16,Los Angeles Angels,Boston Red Sox,6.0,5.0,False,0|4|0|0|0|0|0|0|2,0|0|1|0|4|0|0|0|0,,,140.0,-160.0,1.5,9.5,espn,401227646,LAA,BOS,regular,Jose Quintana,Nathan Eovaldi,,,,,,,,
2021,2021-05-16,Chicago Cubs,Detroit Tigers,5.0,1.0,False,0|0|1|1|0|3|0|0|0,0|0|0|0|0|0|0|0|1,,,-145.0,125.0,,8.0,espn,401227648,CHC,DET,regular,Kyle Hendricks,Matthew Boyd,,,,,,,,
2021,2021-05-16,New York Mets,Tampa Bay Rays,1.0,7.0,False,0|0|0|0|0|1|0|0|0,0|0|0|2|2|1|0|2,,,-115.0,-105.0,1.5,7.5,espn,401227654,NYM,TB,regular,Marcus Stroman,Josh Fleming,,,,,,,,
2021,2021-05-16,Atlanta Braves,Milwaukee Brewers,9.0,10.0,False,0|0|0|0|0|0|7|1|1,0|0|2|1|2|3|2|0,,,120.0,-140.0,1.5,7.0,espn,401227647,ATL,MIL,regular,Huascar Ynoa,Freddy Peralta,,,,,,,,
2021,2021-05-16,Kansas City Royals,Chicago White Sox,3.0,4.0,False,1|0|0|0|0|0|2|0|0,0|0|0|0|2|0|0|0|2,,,155.0,-175.0,1.5,8.5,espn,401227651,KC,CHW,regular,Brady Singer,Dylan Cease,,,,,,,,
2021,2021-05-16,Oakland Athletics,Minnesota Twins,7.0,6.0,False,0|1|0|0|4|0|1|0|1,0|3|1|0|0|0|0|2|0,,,-105.0,-115.0,1.5,8.5,espn,401227655,OAK,MIN,regular,Chris Bassitt,Kenta Maeda,,,,,,,,
2021,2021-05-16,Texas Rangers,Houston Astros,2.0,6.0,False,0|0|0|0|0|0|2|0|0,1|0|0|0|1|0|0|4,,,155.0,-175.0,1.5,7.5,espn,401227659,TEX,HOU,regular,Kyle Gibson,Lance McCullers Jr.,,,,,,,,
2021,2021-05-16,Cincinnati Reds,Colorado Rockies,7.0,6.0,False,0|1|0|0|0|0|0|4|2,0|0|0|5|1|0|0|0|0,,,-110.0,-110.0,1.5,11.5,espn,401227649,CIN,COL,regular,Jeff Hoffman,Antonio Senzatela,,,,,,,,
2021,2021-05-16,Cleveland Indians,Seattle Mariners,2.0,3.0,False,0|0|0|0|0|2|0|0|0,1|0|2|0|0|0|0|0,,,-210.0,175.0,,7.5,espn,401227650,CLE,SEA,regular,Shane Bieber,Robert Dugger,,,,,,,,
2021,2021-05-16,Miami Marlins,Los Angeles Dodgers,3.0,2.0,False,0|0|0|0|3|0|0|0|0,0|2|0|0|0|0|0|0|0,,,130.0,-150.0,1.5,7.5,espn,401227652,MIA,LAD,regular,Pablo Lopez,Jimmy Nelson,,,,,,,,
2021,2021-05-16,Washington Nationals,Arizona Diamondbacks,3.0,0.0,False,0|0|0|0|0|0|0|3|0,0|0|0|0|0|0|0|0|0,,,-110.0,-110.0,1.5,9.0,espn,401227660,WSH,ARI,regular,Erick Fedde,Luke Weaver,,,,,,,,
2021,2021-05-16,St. Louis Cardinals,San Diego Padres,3.0,5.0,False,2|0|0|0|0|1|0|0|0,0|0|0|4|0|1|0|0,,,-105.0,-115.0,1.5,7.5,espn,401227658,STL,SD,regular,Kwang Hyun Kim,Ryan Weathers,,,,,,,,
2021,2021-05-17,San Francisco Giants,Cincinnati Reds,6.0,3.0,False,1|0|0|2|1|1|0|1|0,0|0|0|0|0|0|1|2|0,,,100.0,-120.0,1.5,8.5,espn,401227668,SF,CIN,regular,Logan Webb,Sonny Gray,,,,,,,,
2021,2021-05-17,New York Mets,Atlanta Braves,3.0,1.0,False,0|0|0|0|0|0|2|1|0,0|0|0|0|0|0|0|1|0,,,145.0,-165.0,1.5,7.5,espn,401227667,NYM,ATL,regular,Taijuan Walker,Max Fried,,,,,,,,
2021,2021-05-17,Chicago White Sox,Minnesota Twins,16.0,4.0,False,3|0|1|2|4|4|0|1|1,0|1|0|0|0|2|0|1|0,,,-115.0,-105.0,1.5,9.5,espn,401227662,CHW,MIN,regular,Dallas Keuchel,J.A. Happ,,,,,,,,
2021,2021-05-17,Washington Nationals,Chicago Cubs,3.0,7.0,False,0|0|1|2|0|0|0|0|0,1|2|1|0|0|1|1|1,,,140.0,-160.0,1.5,8.0,espn,401227669,WSH,CHC,regular,Jon Lester,Adbert Alzolay,,,,,,,,
2021,2021-05-17,New York Yankees,Texas Rangers,2.0,5.0,False,1|0|0|0|0|0|0|1|0,0|3|0|0|1|1|0|0,,,-270.0,220.0,,7.5,espn,401227666,NYY,TEX,regular,Gerrit Cole,Jordan Lyles,,,,,,,,
2021,2021-05-17,Cleveland Indians,Los Angeles Angels,4.0,7.0,False,1|0|1|0|0|1|0|1|0,1|5|0|0|0|0|1|0,,,120.0,-140.0,1.5,9.5,espn,401227663,CLE,LAA,regular,Sam Hentges,Patrick Sandoval,,,,,,,,
2021,2021-05-17,Arizona Diamondbacks,Los Angeles Dodgers,1.0,3.0,False,0|0|0|0|0|0|0|1|0,0|1|1|0|0|0|0|1,,,175.0,-210.0,1.5,7.0,espn,401227661,ARI,LAD,regular,Madison Bumgarner,Walker Buehler,,,,,,,,
2021,2021-05-17,Colorado Rockies,San Diego Padres,0.0,7.0,False,0|0|0|0|0|0|0|0|0,3|0|0|2|0|2|0|0,,,167.0,-192.0,1.5,6.5,espn,401227664,COL,SD,regular,Jon Gray,Yu Darvish,,,,,,,,
2021,2021-05-17,Detroit Tigers,Seattle Mariners,4.0,1.0,False,0|3|0|0|0|0|0|0|1,0|0|0|0|0|0|0|1|0,,,160.0,-180.0,1.5,7.5,espn,401227665,DET,SEA,regular,Casey Mize,Yusei Kikuchi,,,,,,,,
2021,2021-05-18,San Francisco Giants,Cincinnati Reds,4.0,2.0,False,0|0|0|3|0|0|1|0|0,1|0|0|0|0|0|0|1|0,,,100.0,-120.0,1.5,8.5,espn,401227682,SF,CIN,regular,Anthony DeSclafani,Luis Castillo,,,,,,,,
2021,2021-05-18,Miami Marlins,Philadelphia Phillies,3.0,8.0,False,0|0|0|1|0|0|0|2|0,0|0|0|0|0|0|1|7,,,165.0,-185.0,1.5,7.5,espn,401227677,MIA,PHI,regular,Cody Poteet,Zack Wheeler,,,,,,,,
2021,2021-05-18,Tampa Bay Rays,Baltimore Orioles,13.0,6.0,False,0|6|2|0|2|1|0|2|0,0|0|1|3|0|0|0|0|2,,,-160.0,140.0,,9.0,espn,401227683,TB,BAL,regular,Luis Patino,Matt Harvey,,,,,,,,
2021,2021-05-18,New York Mets,Atlanta Braves,4.0,3.0,False,0|0|2|0|0|1|0|0|1,0|0|0|0|1|1|0|1|0,,,140.0,-160.0,1.5,8.5,espn,401227680,NYM,ATL,regular,Miguel Castro,Tucker Davidson,,,,,,,,
2021,2021-05-18,Boston Red Sox,Toronto Blue Jays,0.0,8.0,False,0|0|0|0|0|0|0|0|0,0|1|0|3|1|1|0|2,,,110.0,-130.0,1.5,9.0,espn,401227671,BOS,TOR,regular,Eduardo Rodriguez,Hyun Jin Ryu,,,,,,,,
2021,2021-05-18,Chicago White Sox,Minnesota Twins,4.0,5.0,False,1|0|3|0|0|0|0|0|0,0|0|0|1|0|1|0|2|1,,,-150.0,130.0,,8.5,espn,401227672,CHW,MIN,regular,Lance Lynn,Bailey Ober,,,,,,,,
2021,2021-05-18,Washington Nationals,Chicago Cubs,3.0,6.0,False,0|0|0|0|2|1|0|0|0,0|0|2|0|1|2|0|1,,,-110.0,-110.0,1.5,9.0,espn,401227684,WSH,CHC,regular,Patrick Corbin,Zach Davies,,,,,,,,
2021,2021-05-18,Pittsburgh Pirates,St. Louis Cardinals,2.0,5.0,False,0|0|0|0|0|2|0|0|0,2|2|1|0|0|0|0|0,,,105.0,-125.0,1.5,7.5,espn,401227681,PIT,STL,regular,JT Brubaker,John Gant,,,,,,,,
2021,2021-05-18,New York Yankees,Texas Rangers,7.0,4.0,False,0|0|0|5|0|1|0|0|1,0|0|3|0|1|0|0|0|0,,,-155.0,135.0,,8.5,espn,401227679,NYY,TEX,regular,Jameson Taillon,Mike Foltynewicz,,,,,,,,
2021,2021-05-18,Milwaukee Brewers,Kansas City Royals,0.0,2.0,False,0|0|0|0|0|0|0|0|0,0|0|0|0|0|0|0|2,,,-170.0,150.0,,7.5,espn,401227678,MIL,KC,regular,Brandon Woodruff,Kris Bubic,,,,,,,,
2021,2021-05-18,Cleveland Indians,Los Angeles Angels,6.0,5.0,False,5|0|0|0|0|0|0|1|0,1|0|0|3|0|0|1|0|0,,,-105.0,-115.0,1.5,7.5,espn,401227673,CLE,LAA,regular,Zach Plesac,Andrew Heaney,,,,,,,,
2021,2021-05-18,Houston Astros,Oakland Athletics,5.0,6.0,False,2|0|0|1|0|0|2|0|0,1|0|0|1|0|1|1|1|1,,,-115.0,-105.0,1.5,8.0,espn,401227676,HOU,OAK,regular,Cristian Javier,Sean Manaea,,,,,,,,
2021,2021-05-18,Arizona Diamondbacks,Los Angeles Dodgers,1.0,9.0,False,0|1|0|0|0|0|0|0|0,1|0|0|0|2|0|5|1,,,225.0,-275.0,1.5,7.5,espn,401227670,ARI,LAD,regular,Corbin Martin,Julio Urias,,,,,,,,
2021,2021-05-18,Colorado Rockies,San Diego Padres,1.0,2.0,False,0|1|0|0|0|0|0|0|0|0,0|1|0|0|0|0|0|0|0|1,,,190.0,-230.0,1.5,7.0,espn,401227674,COL,SD,regular,Austin Gomber,Blake Snell,,,,,,,,
2021,2021-05-18,Detroit Tigers,Seattle Mariners,5.0,0.0,False,1|0|1|0|0|0|0|1|2,0|0|0|0|0|0|0|0|0,,,105.0,-125.0,1.5,8.0,espn,401227675,DET,SEA,regular,Spencer Turnbull,Justin Dunn,,,,,,,,
2021,2021-05-19,Chicago White Sox,Minnesota Twins,2.0,1.0,False,0|0|0|0|1|1|0|0|0,0|0|1|0|0|0|0|0|0,,,-125.0,105.0,,9.0,espn,401227687,CHW,MIN,regular,Lucas Giolito,Matt Shoemaker,,,,,,,,
2021,2021-05-19,Colorado Rockies,San Diego Padres,0.0,3.0,False,0|0|0|0|0|0|0|0|0,0|0|0|1|0|1|0|1,,,240.0,-300.0,1.5,8.0,espn,401227689,COL,SD,regular,Chi Chi Gonzalez,Joe Musgrove,,,,,,,,
2021,2021-05-19,San Francisco Giants,Cincinnati Reds,4.0,0.0,False,0|0|0|0|1|0|0|0|3,0|0|0|0|0|0|0|0|0,,,-125.0,105.0,,8.5,espn,401227697,SF,CIN,regular,Kevin Gausman,Wade Miley,,,,,,,,
2021,2021-05-19,Miami Marlins,Philadelphia Phillies,3.0,1.0,False,0|1|0|0|0|1|1|0|0,0|0|0|0|0|1|0|0|0,,,105.0,-125.0,1.5,7.5,espn,401227692,MIA,PHI,regular,Trevor Rogers,Zach Eflin,,,,,,,,
2021,2021-05-19,Tampa Bay Rays,Baltimore Orioles,9.0,7.0,False,0|0|0|0|3|0|3|3|0,1|4|0|0|1|0|0|0|1,,,-105.0,-115.0,1.5,8.0,espn,401227698,TB,BAL,regular,Ryan Yarbrough,John Means,,,,,,,,
2021,2021-05-19,New York Mets,Atlanta Braves,4.0,5.0,False,0|0|0|1|0|0|3|0|0,0|0|0|0|3|0|0|1|1,,,175.0,-210.0,1.5,7.5,espn,401227695,NYM,ATL,regular,David Peterson,Charlie Morton,,,,,,,,
2021,2021-05-19,Boston Red Sox,Toronto Blue Jays,7.0,3.0,False,5|1|0|0|0|0|0|1|0,1|0|0|0|0|0|2|0|0,,,100.0,-120.0,1.5,9.5,espn,401227686,BOS,TOR,regular,Garrett Richards,Ross Stripling,,,,,,,,
2021,2021-05-19,Washington Nationals,Chicago Cubs,4.0,3.0,False,0|0|2|1|1|0|0|0|0,0|1|0|0|1|0|0|0|1,,,-160.0,140.0,,9.0,espn,401227699,WSH,CHC,regular,Max Scherzer,Jake Arrieta,,,,,,,,
2021,2021-05-19,Pittsburgh Pirates,St. Louis Cardinals,5.0,8.0,False,0|0|0|0|2|0|3|0|0,1|5|0|0|2|0|0|0,,,210.0,-250.0,1.5,7.0,espn,401227696,PIT,STL,regular,Trevor Cahill,Jack Flaherty,,,,,,,,
2021,2021-05-19,New York Yankees,Texas Rangers,2.0,0.0,False,0|0|0|0|0|2|0|0|0,0|0|0|0|0|0|0|0|0,,,-170.0,150.0,,8.5,espn,401227694,NYY,TEX,regular,Corey Kluber,Hyeon-Jong Yang,,,,,,,,
2021,2021-05-19,Cleveland Indians,Los Angeles Angels,3.0,2.0,False,1|0|0|0|1|1|0|0|0,0|0|1|1|0|0|0|0|0,,,105.0,-125.0,1.5,8.0,espn,401227688,CLE,LAA,regular,Aaron Civale,Shohei Ohtani,,,,,,,,
2021,2021-05-19,Milwaukee Brewers,Kansas City Royals,4.0,6.0,False,1|0|0|1|0|1|0|0|1,0|2|0|0|0|0|2|2,,,-200.0,170.0,,7.5,espn,401227693,MIL,KC,regular,Corbin Burnes,Brad Keller,,,,,,,,
2021,2021-05-19,Houston Astros,Oakland Athletics,8.0,1.0,False,2|0|0|0|0|0|3|3|0,0|1|0|0|0|0|0|0|0,,,-125.0,105.0,,8.5,espn,401227691,HOU,OAK,regular,Zack Greinke,Frankie Montas,,,,,,,,
2021,2021-05-19,Arizona Diamondbacks,Los Angeles Dodgers,2.0,4.0,False,0|0|0|2|0|0|0|0|0,0|0|0|1|0|0|3|0,,,260.0,-320.0,1.5,7.5,espn,401227685,ARI,LAD,regular,Merrill Kelly,Clayton Kershaw,,,,,,,,
2021,2021-05-19,Detroit Tigers,Seattle Mariners,6.0,2.0,False,0|2|1|2|0|0|0|0|1,2|0|0|0|0|0|0|0|0,,,135.0,-155.0,1.5,8.0,espn,401227690,DET,SEA,regular,Tarik Skubal,Logan Gilbert,,,,,,,,
2021,2021-05-20,San Francisco Giants,Cincinnati Reds,19.0,4.0,False,1|0|9|0|4|0|4|0|1,0|0|1|0|0|0|1|2|0,,,130.0,-150.0,1.5,8.5,espn,401227706,SF,CIN,regular,Johnny Cueto,Tyler Mahle,,,,,,,,
2021,2021-05-20,Tampa Bay Rays,Baltimore Orioles,10.0,1.0,False,0|4|0|0|0|2|3|0|1,0|0|0|1|0|0|0|0|0,,,-160.0,140.0,,9.0,espn,401227707,TB,BAL,regular,Rich Hill,Dean Kremer,,,,,,,,
2021,2021-05-20,New York Yankees,Texas Rangers,2.0,0.0,False,0|0|0|0|0|0|2|0|0,0|0|0|0|0|0|0|0|0,,,-120.0,100.0,,7.5,espn,401227704,NYY,TEX,regular,Domingo German,Dane Dunning,,,,,,,,
2021,2021-05-20,Washington Nationals,Chicago Cubs,2.0,5.0,False,2|0|0|0|0|0|0|0|0,0|1|2|1|1|0|0|0,,,100.0,-120.0,1.5,10.5,espn,401227708,WSH,CHC,regular,Joe Ross,Trevor Williams,,,,,,,,
2021,2021-05-20,Houston Astros,Oakland Athletics,8.0,4.0,False,0|0|3|2|0|0|1|0|2,1|0|1|0|0|1|0|0|1,,,-120.0,100.0,,8.5,espn,401227702,HOU,OAK,regular,Luis Garcia,Cole Irvin,,,,,,,,
2021,2021-05-20,Minnesota Twins,Los Angeles Angels,1.0,7.0,False,0|1|0|0|0|0|0,1|3|0|0|3|0,,,-105.0,-115.0,1.5,7.0,espn,401322957,MIN,LAA,regular,Lewis Thorpe,Alex Cobb,,,,,,,,
2021,2021-05-20,Miami Marlins,Philadelphia Phillies,6.0,0.0,False,0|0|1|2|0|2|1|0|0,0|0|0|0|0|0|0|0|0,,,-105.0,-115.0,1.5,8.0,espn,401227703,MIA,PHI,regular,Sandy Alcantara,David Hale,,,,,,,,
2021,2021-05-20,Minnesota Twins,Los Angeles Angels,6.0,3.0,False,4|0|1|0|0|0|1,1|2|0|0|0|0|0,,,-120.0,100.0,,6.0,espn,401322958,MIN,LAA,regular,Jose Berrios,Griffin Canning,,,,,,,,
2021,2021-05-20,Pittsburgh Pirates,Atlanta Braves,6.0,4.0,False,2|0|0|0|0|1|1|0|0|2,0|3|0|0|0|1|0|0|0|0,,,165.0,-185.0,1.5,8.0,espn,401227705,PIT,ATL,regular,Wil Crowe,Drew Smyly,,,,,,,,
2021,2021-05-20,Boston Red Sox,Toronto Blue Jays,8.0,7.0,False,0|5|0|0|0|0|0|0|3,2|1|0|0|2|2|0|0|0,,,110.0,-130.0,1.5,9.5,espn,401227701,BOS,TOR,regular,Nick Pivetta,Steven Matz,,,,,,,,
2021,2021-05-20,Arizona Diamondbacks,Los Angeles Dodgers,2.0,3.0,False,0|0|0|0|0|2|0|0|0,0|2|0|0|0|0|1|0,,,180.0,-220.0,1.5,8.0,espn,401227700,ARI,LAD,regular,Merrill Kelly,David Price,,,,,,,,
2021,2021-05-21,Baltimore Orioles,Washington Nationals,2.0,4.0,False,0|0|0|0|0|0|0|0|2,0|0|0|0|2|1|0|1,,,170.0,-200.0,1.5,8.5,espn,401227710,BAL,WSH,regular,Jorge Lopez,Stephen Strasburg,,,,,,,,
2021,2021-05-21,Boston Red Sox,Philadelphia Phillies,11.0,3.0,False,2|0|0|0|3|1|2|0|3,0|0|2|0|0|1|0|0|0,,,130.0,-150.0,1.5,8.5,espn,401227711,BOS,PHI,regular,Martin Perez,Aaron Nola,,,,,,,,
2021,2021-05-21,Chicago White Sox,New York Yankees,1.0,2.0,False,0|0|0|0|0|0|0|1|0,0|0|0|0|0|0|1|0|1,,,-105.0,-115.0,1.5,8.5,espn,401227712,CHW,NYY,regular,Carlos Rodon,Jordan Montgomery,,,,,,,,
2021,2021-05-21,Milwaukee Brewers,Cincinnati Reds,4.0,9.0,False,0|1|0|0|0|0|3|0|0,3|0|1|0|2|0|2|1,,,-135.0,115.0,,9.0,espn,401227717,MIL,CIN,regular,Adrian Houser,Jeff Hoffman,,,,,,,,
2021,2021-05-21,Minnesota Twins,Cleveland Indians,10.0,0.0,False,0|0|1|9|0|0|0|0|0,0|0|0|0|0|0|0|0|0,,,115.0,-135.0,1.5,9.0,espn,401227718,MIN,CLE,regular,Randy Dobnak,Triston McKenzie,,,,,,,,
2021,2021-05-21,New York Mets,Miami Marlins,6.0,5.0,False,2|0|0|1|0|0|0|0|0|0|0|3,0|1|0|0|0|0|2|0|0|0|0|2,,,-115.0,-105.0,1.5,7.0,espn,401227719,NYM,MIA,regular,Marcus Stroman,John Curtiss,,,,,,,,
2021,2021-05-21,Pittsburgh Pirates,Atlanta Braves,1.0,20.0,False,0|0|0|0|0|0|0|0|1,1|4|0|1|3|1|2|8,,,167.0,-192.0,1.5,8.5,espn,401227721,PIT,ATL,regular,Tyler Anderson,Ian Anderson,,,,,,,,
2021,2021-05-21,Tampa Bay Rays,Toronto Blue Jays,9.0,7.0,False,0|0|2|0|1|2|0|0|0|0|0|4,2|1|1|0|1|0|0|0|0|0|0|2,,,-110.0,-110.0,1.5,9.0,espn,401227723,TB,TOR,regular,Tyler Glasnow,Anthony Kay,,,,,,,,
2021,2021-05-21,Houston Astros,Texas Rangers,5.0,7.0,False,0|1|0|0|0|0|0|3|0|1,0|0|1|2|1|0|0|0|0|3,,,-130.0,110.0,,8.5,espn,401227715,HOU,TEX,regular,Tyler Ivey,Kyle Gibson,,,,,,,,
2021,2021-05-21,Detroit Tigers,Kansas City Royals,7.0,5.0,False,0|1|0|2|0|0|4|0|0,0|0|2|0|0|3|0|0|0,,,115.0,-135.0,1.5,8.5,espn,401227714,DET,KC,regular,Jose Urena,Mike Minor,,,,,,,,
2021,2021-05-21,Chicago Cubs,St. Louis Cardinals,12.0,3.0,False,1|0|0|0|1|0|2|8|0,0|0|1|0|0|1|1|0|0,,,-120.0,100.0,,8.5,espn,401227713,CHC,STL,regular,Kyle Hendricks,Carlos Martinez,,,,,,,,
2021,2021-05-21,Arizona Diamondbacks,Colorado Rockies,1.0,7.0,False,0|0|0|0|0|0|0|1|0,3|2|0|0|1|0|1|0,,,-115.0,-105.0,1.5,11.5,espn,401227709,ARI,COL,regular,Seth Frankoff,German Marquez,,,,,,,,
2021,2021-05-21,Oakland Athletics,Los Angeles Angels,8.0,4.0,False,0|0|1|0|0|2|3|0|2,0|0|1|0|0|3|0|0|0,,,-105.0,-115.0,1.5,9.0,espn,401227720,OAK,LAA,regular,James Kaprielian,Jose Quintana,,,,,,,,
2021,2021-05-21,Los Angeles Dodgers,San Francisco Giants,2.0,1.0,False,0|0|2|0|0|0|0|0|0,0|0|0|0|0|1|0|0|0,,,-125.0,105.0,,7.0,espn,401227716,LAD,SF,regular,Trevor Bauer,Alex Wood,,,,,,,,
2021,2021-05-21,Seattle Mariners,San Diego Padres,1.0,16.0,False,1|0|0|0|0|0|0|0|0,4|4|0|0|4|0|3|1,,,190.0,-230.0,1.5,7.5,espn,401227722,SEA,SD,regular,Chris Flexen,Chris Paddack,,,,,,,,
2021,2021-05-22,Chicago White Sox,New York Yankees,0.0,7.0,False,0|0|0|0|0|0|0|0|0,0|0|0|3|2|1|1|0,,,180.0,-220.0,1.5,7.5,espn,401227727,CHW,NYY,regular,Dylan Cease,Gerrit Cole,,,,,,,,
2021,2021-05-22,Arizona Diamondbacks,Colorado Rockies,6.0,7.0,False,0|0|0|0|0|3|3|0|0,0|0|1|2|0|4|0|0,,,-120.0,100.0,,11.0,espn,401227724,ARI,COL,regular,Madison Bumgarner,Antonio Senzatela,,,,,,,,
2021,2021-05-22,Baltimore Orioles,Washington Nationals,9.0,12.0,False,5|0|1|0|1|0|0|2|0,0|1|4|4|0|3|0|0,,,135.0,-155.0,1.5,9.5,espn,401227725,BAL,WSH,regular,Bruce Zimmermann,Jon Lester,,,,,,,,
2021,2021-05-22,Houston Astros,Texas Rangers,4.0,8.0,False,2|1|0|1|0|0|0|0|0,0|0|2|0|1|0|5|0,,,-175.0,155.0,,9.0,espn,401227730,HOU,TEX,regular,Lance McCullers Jr.,Jordan Lyles,,,,,,,,
2021,2021-05-22,Detroit Tigers,Kansas City Royals,5.0,7.0,False,0|2|0|0|1|0|0|0|2,2|0|0|2|1|1|1|0,,,130.0,-150.0,1.5,8.5,espn,401227729,DET,KC,regular,Matthew Boyd,Brady Singer,,,,,,,,
2021,2021-05-22,Milwaukee Brewers,Cincinnati Reds,4.0,3.0,False,0|0|1|0|0|2|1|0|0,0|0|2|0|0|1|0|0|0,,,140.0,-160.0,1.5,9.0,espn,401227732,MIL,CIN,regular,Brett Anderson,Sonny Gray,,,,,,,,
2021,2021-05-22,Minnesota Twins,Cleveland Indians,3.0,5.0,False,0|0|1|1|0|1|0|0|0|0,2|1|0|0|0|0|0|0|0|2,,,150.0,-170.0,1.5,7.5,espn,401227733,MIN,CLE,regular,Kenta Maeda,Shane Bieber,,,,,,,,
2021,2021-05-22,New York Mets,Miami Marlins,1.0,3.0,False,0|0|0|0|0|0|0|1|0,0|0|0|0|0|0|1|0|2,,,140.0,-160.0,1.5,7.0,espn,401227734,NYM,MIA,regular,Joey Lucchesi,Pablo Lopez,,,,,,,,
2021,2021-05-22,Pittsburgh Pirates,Atlanta Braves,1.0,6.0,False,0|0|1|0|0|0|0|0|0,2|1|0|0|2|0|1|0,,,180.0,-220.0,1.5,9.5,espn,401227736,PIT,ATL,regular,Mitch Keller,Bryse Wilson,,,,,,,,
2021,2021-05-22,Boston Red Sox,Philadelphia Phillies,4.0,3.0,False,0|0|2|0|0|2|0|0|0,0|0|0|1|0|1|1|0|0,,,-130.0,110.0,,9.0,espn,401227726,BOS,PHI,regular,Nathan Eovaldi,Spencer Howard,,,,,,,,
2021,2021-05-22,Chicago Cubs,St. Louis Cardinals,1.0,2.0,False,1|0|0|0|0|0|0|0|0,0|0|0|0|1|0|1|0,,,-120.0,100.0,,8.5,espn,401227728,CHC,STL,regular,Adbert Alzolay,Miles Mikolas,,,,,,,,
2021,2021-05-22,Los Angeles Dodgers,San Francisco Giants,6.0,3.0,False,1|0|0|0|1|0|2|2|0,0|0|0|0|0|0|1|2|0,,,-155.0,135.0,,7.5,espn,401227731,LAD,SF,regular,Walker Buehler,Scott Kazmir,,,,,,,,
2021,2021-05-22,Tampa Bay Rays,Toronto Blue Jays,3.0,1.0,False,0|0|0|0|1|0|0|1|1,1|0|0|0|0|0|0|0|0,,,100.0,-120.0,1.5,9.5,espn,401227738,TB,TOR,regular,Shane McClanahan,Robbie Ray,,,,,,,,
2021,2021-05-22,Seattle Mariners,San Diego Padres,4.0,6.0,False,0|0|1|0|0|0|0|1|2,0|1|0|0|5|0|0|0,,,170.0,-200.0,1.5,7.5,espn,401227737,SEA,SD,regular,Justus Sheffield,Ryan Weathers,,,,,,,,
2021,2021-05-22,Oakland Athletics,Los Angeles Angels,6.0,2.0,False,1|0|1|0|0|1|1|2|0,0|0|0|0|0|0|0|2|0,,,-135.0,115.0,,8.5,espn,401227735,OAK,LAA,regular,Chris Bassitt,Griffin Canning,,,,,,,,
2021,2021-05-23,Baltimore Orioles,Washington Nationals,5.0,6.0,False,3|0|1|0|0|0|1|0|0,4|0|0|1|1|0|0|0,,,160.0,-180.0,1.5,9.5,espn,401227740,BAL,WSH,regular,Matt Harvey,Patrick Corbin,,,,,,,,
2021,2021-05-23,Boston Red Sox,Philadelphia Phillies,2.0,6.0,False,0|0|0|0|0|0|0|1|1,4|0|0|0|0|0|0|2,,,110.0,-130.0,1.5,7.5,espn,401227741,BOS,PHI,regular,Eduardo Rodriguez,Zack Wheeler,,,,,,,,
2021,2021-05-23,Chicago White Sox,New York Yankees,4.0,5.0,False,0|0|0|0|0|2|1|0|1,2|0|0|0|1|1|0|0|1,,,135.0,-155.0,1.5,9.5,espn,401227742,CHW,NYY,regular,Dallas Keuchel,Jameson Taillon,,,,,,,,
2021,2021-05-23,Tampa Bay Rays,Toronto Blue Jays,6.0,4.0,False,1|0|0|0|1|0|0|0|4,0|0|0|1|1|0|0|2|0,,,145.0,-165.0,1.5,9.0,espn,401227753,TB,TOR,regular,Michael Wacha,Hyun Jin Ryu,,,,,,,,
2021,2021-05-23,Milwaukee Brewers,Cincinnati Reds,9.0,4.0,False,3|0|2|0|0|3|0|0|1,0|0|1|0|1|0|0|0|2,,,-125.0,105.0,,8.0,espn,401227747,MIL,CIN,regular,Freddy Peralta,Luis Castillo,,,,,,,,
2021,2021-05-23,Minnesota Twins,Cleveland Indians,8.0,5.0,False,0|0|0|5|0|0|0|0|0|3,2|1|0|0|1|0|0|0|1|0,,,125.0,-145.0,1.5,9.0,espn,401227748,MIN,CLE,regular,J.A. Happ,Zach Plesac,,,,,,,,
2021,2021-05-23,New York Mets,Miami Marlins,1.0,5.0,False,0|0|0|0|0|0|0|1|0,0|5|0|0|0|0|0|0,,,135.0,-155.0,1.5,7.0,espn,401227749,NYM,MIA,regular,Jordan Yamamoto,Cody Poteet,,,,,,,,
2021,2021-05-23,Pittsburgh Pirates,Atlanta Braves,1.0,7.0,False,1|0|0|0|0|0|0|0|0,3|0|2|0|0|2|0|0,,,180.0,-220.0,1.5,8.5,espn,401227751,PIT,ATL,regular,JT Brubaker,Max Fried,,,,,,,,
2021,2021-05-23,Detroit Tigers,Kansas City Royals,2.0,3.0,False,2|0|0|0|0|0|0|0|0,0|0|0|0|0|0|1|0|2,,,125.0,-145.0,1.5,9.0,espn,401227744,DET,KC,regular,Casey Mize,Kris Bubic,,,,,,,,
2021,2021-05-23,Houston Astros,Texas Rangers,2.0,3.0,False,0|0|0|0|0|0|0|2|0|0,0|0|0|0|1|0|1|0|0|1,,,-150.0,130.0,,9.0,espn,401227745,HOU,TEX,regular,Cristian Javier,Mike Foltynewicz,,,,,,,,
2021,2021-05-23,Arizona Diamondbacks,Colorado Rockies,3.0,4.0,False,0|0|0|0|0|3|0|0|0,0|1|0|0|1|0|0|1|1,,,115.0,-135.0,1.5,12.0,espn,401227739,ARI,COL,regular,Taylor Widener,Jon Gray,,,,,,,,
2021,2021-05-23,Los Angeles Dodgers,San Francisco Giants,11.0,5.0,False,0|3|7|1|0|0|0|0|0,0|0|0|0|0|2|0|3|0,,,-135.0,115.0,,7.0,espn,401227746,LAD,SF,regular,Julio Urias,Anthony DeSclafani,,,,,,,,
2021,2021-05-23,Oakland Athletics,Los Angeles Angels,5.0,6.0,False,0|3|1|0|0|0|0|1|0,0|0|0|1|0|1|3|1,,,-125.0,105.0,,9.0,espn,401227750,OAK,LAA,regular,Sean Manaea,Dylan Bundy,,,,,,,,
2021,2021-05-23,Seattle Mariners,San Diego Padres,2.0,9.0,False,0|0|0|0|1|0|0|0|1,0|1|0|0|0|3|4|1,,,240.0,-300.0,1.5,7.0,espn,401227752,SEA,SD,regular,Justin Dunn,Yu Darvish,,,,,,,,
2021,2021-05-23,Chicago Cubs,St. Louis Cardinals,2.0,1.0,False,0|0|0|0|0|0|0|0|0|2,0|0|0|0|0|0|0|0|0|1,,,110.0,-130.0,1.5,9.0,espn,401227743,CHC,STL,regular,Zach Davies,Adam Wainwright,,,,,,,,
2021,2021-05-24,Tampa Bay Rays,Toronto Blue Jays,14.0,8.0,False,5|0|0|0|0|0|0|0|0|2|7,0|1|0|2|0|0|0|2|0|2|1,,,-115.0,-105.0,1.5,11.0,espn,401227761,TB,TOR,regular,Ryan Yarbrough,Trent Thornton,,,,,,,,
2021,2021-05-24,Philadelphia Phillies,Miami Marlins,6.0,9.0,False,0|1|1|0|0|0|0|0|4,0|1|1|0|0|2|4|1,,,120.0,-140.0,1.5,6.5,espn,401227757,PHI,MIA,regular,Zach Eflin,Trevor Rogers,,,,,,,,
2021,2021-05-24,Cleveland Indians,Detroit Tigers,6.0,5.0,False,0|0|2|0|0|1|3|0|0,0|2|1|0|0|0|2|0|0,,,110.0,-130.0,1.5,9.0,espn,401227755,CLE,DET,regular,Sam Hentges,Spencer Turnbull,,,,,,,,
2021,2021-05-24,Colorado Rockies,New York Mets,3.0,2.0,False,0|2|0|1|0|0|0|0|0,0|0|0|0|0|0|1|0|1,,,120.0,-140.0,1.5,6.5,espn,401227756,COL,NYM,regular,Austin Gomber,David Peterson,,,,,,,,
2021,2021-05-24,Baltimore Orioles,Minnesota Twins,3.0,8.0,False,1|0|0|0|0|0|0|2|0,0|0|1|0|0|1|0|6,,,-115.0,-105.0,1.5,9.0,espn,401227754,BAL,MIN,regular,John Means,Matt Shoemaker,,,,,,,,
2021,2021-05-24,San Diego Padres,Milwaukee Brewers,3.0,5.0,False,0|0|0|0|0|0|0|0|3,0|2|0|3|0|0|0|0,,,100.0,-120.0,1.5,7.0,espn,401227758,SD,MIL,regular,Blake Snell,Brandon Woodruff,,,,,,,,
2021,2021-05-24,St. Louis Cardinals,Chicago White Sox,1.0,5.0,False,0|0|0|0|0|1|0|0|0,0|0|0|0|0|4|1|0,,,160.0,-180.0,1.5,8.5,espn,401227760,STL,CHW,regular,Kwang Hyun Kim,Lance Lynn,,,,,,,,
2021,2021-05-24,Seattle Mariners,Oakland Athletics,4.0,2.0,False,1|0|2|0|1|0|0|0|0,0|0|1|0|0|0|0|1|0,,,145.0,-165.0,1.5,7.5,espn,401227759,SEA,OAK,regular,Yusei Kikuchi,Frankie Montas,,,,,,,,
2021,2021-05-25,Chicago Cubs,Pittsburgh Pirates,4.0,3.0,False,0|0|1|0|3|0|0|0|0,2|1|0|0|0|0|0|0|0,,,-135.0,115.0,,8.5,espn,401227764,CHC,PIT,regular,Jake Arrieta,Cody Ponce,,,,,,,,
2021,2021-05-25,Philadelphia Phillies,Miami Marlins,2.0,0.0,False,0|0|0|2|0|0|0|0|0,0|0|0|0|0|0|0|0|0,,,125.0,-145.0,1.5,7.0,espn,401227770,PHI,MIA,regular,Vince Velasquez,Sandy Alcantara,,,,,,,,
2021,2021-05-25,Cincinnati Reds,Washington Nationals,2.0,1.0,False,0|0|1|0|0|1|0|0|0,0|0|0|0|0|0|0|0|1,,,180.0,-220.0,1.5,7.5,espn,401227765,CIN,WSH,regular,Tyler Mahle,Max Scherzer,,,,,,,,
2021,2021-05-25,Toronto Blue Jays,New York Yankees,6.0,2.0,False,0|0|2|1|0|0|2|0|1,0|0|0|0|0|0|1|0|1,,,145.0,-165.0,1.5,9.0,espn,401227776,TOR,NYY,regular,Steven Matz,Corey Kluber,,,,,,,,
2021,2021-05-25,Atlanta Braves,Boston Red Sox,3.0,1.0,False,0|0|2|0|0|1|0|0|0,1|0|0|0|0|0|0|0|0,,,-110.0,-110.0,1.5,10.0,espn,401227762,ATL,BOS,regular,Charlie Morton,Garrett Richards,,,,,,,,
2021,2021-05-25,Cleveland Indians,Detroit Tigers,4.0,1.0,False,1|0|0|1|0|0|0|2|0,0|0|0|0|0|0|0|0|1,,,-145.0,125.0,,9.0,espn,401227766,CLE,DET,regular,Aaron Civale,Tarik Skubal,,,,,,,,
2021,2021-05-25,Colorado Rockies,New York Mets,1.0,3.0,False,0|1|0|0|0|0|0|0|0,1|0|0|0|0|2|0|0,,,210.0,-250.0,1.5,6.5,espn,401227767,COL,NYM,regular,Kyle Freeland,Jacob deGrom,,,,,,,,
2021,2021-05-25,Kansas City Royals,Tampa Bay Rays,2.0,1.0,False,0|0|0|1|0|1|0|0|0,0|0|1|0|0|0|0|0|0,,,170.0,-200.0,1.5,8.5,espn,401227768,KC,TB,regular,Brad Keller,Rich Hill,,,,,,,,
2021,2021-05-25,Baltimore Orioles,Minnesota Twins,4.0,7.0,False,0|2|0|1|0|0|0|1|0,0|4|0|1|0|1|0|1,,,167.0,-192.0,1.5,9.5,espn,401227763,BAL,MIN,regular,Dean Kremer,Jose Berrios,,,,,,,,
2021,2021-05-25,San Diego Padres,Milwaukee Brewers,7.0,1.0,False,0|0|2|0|0|2|2|1|0,0|0|0|0|0|0|1|0|0,,,110.0,-130.0,1.5,6.5,espn,401227771,SD,MIL,regular,Joe Musgrove,Corbin Burnes,,,,,,,,
2021,2021-05-25,Los Angeles Dodgers,Houston Astros,9.0,2.0,False,0|0|0|2|0|2|1|3|1,0|0|0|0|0|0|1|0|1,,,-115.0,-105.0,1.5,8.5,espn,401227769,LAD,HOU,regular,Clayton Kershaw,Zack Greinke,,,,,,,,
2021,2021-05-25,St. Louis Cardinals,Chicago White Sox,3.0,8.0,False,0|0|1|1|0|0|1|0|0,2|3|0|2|0|1|0|0,,,115.0,-135.0,1.5,7.5,espn,401227774,STL,CHW,regular,Jack Flaherty,Lucas Giolito,,,,,,,,
2021,2021-05-25,Texas Rangers,Los Angeles Angels,5.0,11.0,False,0|0|0|1|0|2|0|0|2,1|2|0|6|2|0|0|0,,,155.0,-175.0,1.5,8.5,espn,401227775,TEX,LAA,regular,Hyeon-Jong Yang,Andrew Heaney,,,,,,,,
2021,2021-05-25,Seattle Mariners,Oakland Athletics,4.0,3.0,False,2|0|0|2|0|0|0|0|0,0|2|0|0|0|0|0|1|0,,,150.0,-170.0,1.5,8.5,espn,401227772,SEA,OAK,regular,Logan Gilbert,Cole Irvin,,,,,,,,
2021,2021-05-25,San Francisco Giants,Arizona Diamondbacks,8.0,0.0,False,3|0|3|0|0|0|1|0|1,0|0|0|0|0|0|0|0|0,,,-165.0,145.0,,8.5,espn,401227773,SF,ARI,regular,Kevin Gausman,Corbin Martin,,,,,,,,
2021,2021-05-26,Baltimore Orioles,Minnesota Twins,2.0,3.0,False,1|0|0|0|0|0|0|0|1,0|0|0|0|0|3|0|0,,,165.0,-185.0,1.5,8.5,espn,401227778,BAL,MIN,regular,Jorge Lopez,Michael Pineda,,,,,,,,
2021,2021-05-26,St. Louis Cardinals,Chicago White Sox,4.0,0.0,False,0|0|1|0|0|0|0|1|2,0|0|0|0|0|0|0|0|0,,,175.0,-210.0,1.5,9.0,espn,401227789,STL,CHW,regular,John Gant,Carlos Rodon,,,,,,,,
2021,2021-05-26,Seattle Mariners,Oakland Athletics,3.0,6.0,False,0|0|0|0|0|0|0|3|0,2|0|1|3|0|0|0|0,,,160.0,-180.0,1.5,8.5,espn,401227787,SEA,OAK,regular,Robert Dugger,James Kaprielian,,,,,,,,
2021,2021-05-26,Texas Rangers,Los Angeles Angels,8.0,9.0,False,0|0|0|1|0|2|0|5|0,5|0|0|0|4|0|0|0,,,-115.0,-105.0,1.5,9.0,espn,401227790,TEX,LAA,regular,Dane Dunning,Griffin Canning,,,,,,,,
2021,2021-05-26,Chicago Cubs,Pittsburgh Pirates,4.0,1.0,False,0|3|0|0|0|1|0|0|0,0|0|0|0|0|1|0|0|0,,,-125.0,105.0,,8.5,espn,401227779,CHC,PIT,regular,Trevor Williams,Wil Crowe,,,,,,,,
2021,2021-05-26,Philadelphia Phillies,Miami Marlins,2.0,4.0,False,0|0|1|0|1|0|0|0|0,0|0|1|0|0|0|0|3,,,-165.0,145.0,,7.0,espn,401227785,PHI,MIA,regular,Aaron Nola,Nick Neidert,,,,,,,,
2021,2021-05-26,Cincinnati Reds,Washington Nationals,3.0,5.0,False,0|0|0|0|0|0|0|3|0,2|0|1|0|0|2|0|0,,,120.0,-140.0,1.5,10.5,espn,401227780,CIN,WSH,regular,Jeff Hoffman,Joe Ross,,,,,,,,
2021,2021-05-26,Atlanta Braves,Boston Red Sox,5.0,9.0,False,2|1|0|0|1|0|0|0|1,0|1|0|2|0|4|0|2,,,125.0,-145.0,1.5,11.0,espn,401227777,ATL,BOS,regular,Drew Smyly,Nick Pivetta,,,,,,,,
2021,2021-05-26,Cleveland Indians,Detroit Tigers,0.0,1.0,False,0|0|0|0|0|0|0|0|0,0|0|0|0|0|0|0|1,,,-125.0,105.0,,9.5,espn,401227781,CLE,DET,regular,Triston McKenzie,Jose Urena,,,,,,,,
2021,2021-05-26,Kansas City Royals,Tampa Bay Rays,1.0,2.0,False,0|0|0|0|0|0|0|0|1|0,0|0|0|1|0|0|0|0|0|1,,,170.0,-200.0,1.5,7.0,espn,401227783,KC,TB,regular,Mike Minor,Tyler Glasnow,,,,,,,,
2021,2021-05-26,Los Angeles Dodgers,Houston Astros,2.0,5.0,False,0|0|1|0|0|0|0|1|0,1|0|0|0|0|1|3|0,,,-165.0,145.0,,8.5,espn,401227784,LAD,HOU,regular,Trevor Bauer,Luis Garcia,,,,,,,,
2021,2021-05-26,San Diego Padres,Milwaukee Brewers,2.0,1.0,False,1|0|0|0|0|0|0|0|0|1,0|0|1|0|0|0|0|0|0|0,,,-115.0,-105.0,1.5,8.0,espn,401227786,SD,MIL,regular,Chris Paddack,Eric Lauer,,,,,,,,
2021,2021-05-26,San Francisco Giants,Arizona Diamondbacks,5.0,4.0,False,0|0|0|0|0|2|0|3|0,1|3|0|0|0|0|0|0|0,,,-115.0,-105.0,1.5,9.0,espn,401227788,SF,ARI,regular,Johnny Cueto,Merrill Kelly,,,,,,,,
2021,2021-05-27,Cincinnati Reds,Washington Nationals,3.0,5.0,False,0|0|0|0|0|0|0|3|0,2|0|1|0|0|2|0|0,,,120.0,-140.0,1.5,10.5,espn,401227780,CIN,WSH,regular,Jeff Hoffman,Joe Ross,,,,,,,,
2021,2021-05-27,Colorado Rockies,New York Mets,0.0,1.0,False,0|0|0|0|0|0|0,0|0|1|0|0|0,,,105.0,-125.0,1.5,5.0,espn,401227797,COL,NYM,regular,German Marquez,Marcus Stroman,,,,,,,,
2021,2021-05-27,Philadelphia Phillies,Miami Marlins,3.0,2.0,False,0|0|0|2|0|0|0|0|1,0|0|0|0|1|0|0|1|0,,,130.0,-150.0,1.5,7.0,espn,401227799,PHI,MIA,regular,Spencer Howard,Pablo Lopez,,,,,,,,
2021,2021-05-27,Chicago Cubs,Pittsburgh Pirates,5.0,3.0,False,1|0|2|1|0|0|0|0|1,0|0|0|2|0|0|1|0|0,,,-150.0,130.0,,7.5,espn,401227794,CHC,PIT,regular,Kyle Hendricks,Tyler Anderson,,,,,,,,
2021,2021-05-27,Cleveland Indians,Detroit Tigers,5.0,2.0,False,1|0|0|0|0|3|0|0|1,0|0|0|0|0|0|1|0|1,,,-165.0,145.0,,7.0,espn,401227796,CLE,DET,regular,Shane Bieber,Matthew Boyd,,,,,,,,
2021,2021-05-27,San Diego Padres,Milwaukee Brewers,5.0,6.0,False,0|0|0|0|0|3|0|2|0|0,0|0|0|0|2|0|3|0|0|1,,,-115.0,-105.0,1.5,8.0,espn,401227800,SD,MIL,regular,Ryan Weathers,Adrian Houser,,,,,,,,
2021,2021-05-27,Colorado Rockies,New York Mets,2.0,4.0,False,0|0|0|1|0|0|1,1|0|0|1|0|2,,,120.0,-140.0,1.5,6.0,espn,401330950,COL,NYM,regular,Antonio Senzatela,Joey Lucchesi,,,,,,,,
2021,2021-05-27,Kansas City Royals,Tampa Bay Rays,2.0,7.0,False,0|0|0|0|0|2|0|0|0,3|0|3|1|0|0|0|0,,,150.0,-170.0,1.5,7.5,espn,401227798,KC,TB,regular,Brady Singer,Shane McClanahan,,,,,,,,
2021,2021-05-27,Toronto Blue Jays,New York Yankees,2.0,0.0,False,0|0|2|0|0|0|0,0|0|0|0|0|0|0,,,,,,,espn,401330913,TOR,NYY,regular,Alek Manoah,Domingo German,,,,,,,,
2021,2021-05-27,Cincinnati Reds,Washington Nationals,3.0,0.0,False,1|0|0|0|2|0|0,0|0|0|0|0|0|0,,,105.0,-125.0,1.5,6.5,espn,401227795,CIN,WSH,regular,Sonny Gray,Stephen Strasburg,,,,,,,,
2021,2021-05-27,Toronto Blue Jays,New York Yankees,3.0,5.0,False,0|0|3|0|0|0|0,1|0|2|1|1|0,,,110.0,-130.0,1.5,7.0,espn,401227804,TOR,NYY,regular,Robbie Ray,Jordan Montgomery,,,,,,,,
2021,2021-05-27,Baltimore Orioles,Chicago White Sox,1.0,5.0,False,0|0|0|1|0|0|0|0|0,0|1|0|0|0|1|3|0,,,180.0,-220.0,1.5,8.5,espn,401227793,BAL,CHW,regular,Bruce Zimmermann,Dylan Cease,,,,,,,,
2021,2021-05-27,Los Angeles Angels,Oakland Athletics,0.0,5.0,False,0|0|0|0|0|0|0|0|0,0|0|0|0|0|5|0|0,,,167.0,-192.0,1.5,8.0,espn,401227792,LAA,OAK,regular,Patrick Sandoval,Chris Bassitt,,,,,,,,
2021,2021-05-27,St. Louis Cardinals,Arizona Diamondbacks,5.0,4.0,False,0|3|0|0|1|0|0|0|0|1,0|0|0|0|0|0|3|1|0|0,,,-120.0,100.0,,9.0,espn,401227802,STL,ARI,regular,Carlos Martinez,Jon Duplantier,,,,,,,,
2021,2021-05-27,San Francisco Giants,Los Angeles Dodgers,3.0,4.0,False,0|0|0|1|0|2|0|0|0,0|0|2|0|1|1|0|0,,,115.0,-138.0,1.5,8.0,espn,401227801,SF,LAD,regular,Alex Wood,David Price,,,,,,,,
2021,2021-05-27,Texas Rangers,Seattle Mariners,0.0,5.0,False,0|0|0|0|0|0|0|0|0,0|0|2|0|0|0|3|0,,,-110.0,-110.0,1.5,8.5,espn,401227803,TEX,SEA,regular,Kolby Allard,Chris Flexen,,,,,,,,
2021,2021-05-28,Cincinnati Reds,Chicago Cubs,0.0,1.0,False,0|0|0|0|0|0|0|0|0,0|0|0|0|1|0|0|0,,,165.0,-185.0,1.5,6.5,espn,401227808,CIN,CHC,regular,Vladimir Gutierrez,Adbert Alzolay,,,,,,,,
2021,2021-05-28,Miami Marlins,Boston Red Sox,2.0,5.0,False,0|2|0|0|0|0,0|0|2|0|3|0,,,145.0,-165.0,1.5,8.5,espn,401227811,MIA,BOS,regular,Cody Poteet,Martin Perez,,,,,,,,
2021,2021-05-28,New York Yankees,Detroit Tigers,2.0,3.0,False,0|0|0|0|1|0|0|0|0|1,0|0|1|0|0|0|0|0|0|2,,,-280.0,230.0,,7.0,espn,401227813,NYY,DET,regular,Gerrit Cole,Casey Mize,,,,,,,,
2021,2021-05-28,Toronto Blue Jays,Cleveland Indians,11.0,2.0,False,0|2|4|0|3|2|0,2|0|0|0|0|0|0,,,-175.0,155.0,,7.5,espn,401227818,TOR,CLE,regular,Hyun Jin Ryu,Eli Morgan,,,,,,,,
2021,2021-05-28,Kansas City Royals,Minnesota Twins,8.0,3.0,False,0|0|0|0|3|0|5|0|0,0|0|0|1|0|0|2|0|0,,,140.0,-160.0,1.5,9.0,espn,401227810,KC,MIN,regular,Kris Bubic,Randy Dobnak,,,,,,,,
2021,2021-05-28,San Diego Padres,Houston Astros,10.0,3.0,False,0|0|1|0|0|0|0|1|0|1|7,0|0|0|2|0|0|0|0|0|1|0,,,-105.0,-115.0,1.5,8.0,espn,401227814,SD,HOU,regular,Dinelson Lamet,Framber Valdez,,,,,,,,
2021,2021-05-28,Los Angeles Angels,Oakland Athletics,1.0,3.0,False,0|0|0|0|0|0|1|0|0,0|0|0|0|0|1|2|0,,,130.0,-150.0,1.5,7.5,espn,401227805,LAA,OAK,regular,Shohei Ohtani,Sean Manaea,,,,,,,,
2021,2021-05-28,St. Louis Cardinals,Arizona Diamondbacks,8.0,6.0,False,4|0|1|2|0|0|0|0|1,1|1|1|0|0|0|0|2|1,,,115.0,-135.0,1.5,9.5,espn,401227816,STL,ARI,regular,Johan Oviedo,Madison Bumgarner,,,,,,,,
2021,2021-05-28,San Francisco Giants,Los Angeles Dodgers,8.0,5.0,False,0|1|0|0|1|0|0|3|0|3,0|1|0|0|1|0|0|0|3|0,,,167.0,-192.0,1.5,7.5,espn,401227815,SF,LAD,regular,Anthony DeSclafani,Walker Buehler,,,,,,,,
2021,2021-05-28,Texas Rangers,Seattle Mariners,2.0,3.0,False,0|0|0|1|1|0|0|0|0,0|1|2|0|0|0|0|0,,,105.0,-125.0,1.5,8.5,espn,401227817,TEX,SEA,regular,Jordan Lyles,Justus Sheffield,,,,,,,,
2021,2021-05-29,Colorado Rockies,Pittsburgh Pirates,0.0,7.0,False,0|0|0|0|0|0|0,0|3|0|0|3|1,,,120.0,-140.0,1.5,5.0,espn,401331656,COL,PIT,regular,Jon Gray,JT Brubaker,,,,,,,,
2021,2021-05-29,Philadelphia Phillies,Tampa Bay Rays,3.0,5.0,False,0|0|0|0|2|0|1|0|0,2|0|0|0|0|1|0|2,,,100.0,-120.0,1.5,7.0,espn,401227828,PHI,TB,regular,Zack Wheeler,Ryan Yarbrough,,,,,,,,
2021,2021-05-29,Milwaukee Brewers,Washington Nationals,4.0,1.0,False,2|0|2|0|0|0|0,0|0|0|1|0|0|0,,,-120.0,100.0,,5.5,espn,401331655,MIL,WSH,regular,Freddy Peralta,Patrick Corbin,,,,,,,,
2021,2021-05-29,Baltimore Orioles,Chicago White Sox,4.0,7.0,False,1|0|0|2|1|0|0,1|0|4|0|0|2,,,180.0,-220.0,1.5,7.0,espn,401227821,BAL,CHW,regular,Matt Harvey,Dallas Keuchel,,,,,,,,
2021,2021-05-29,Kansas City Royals,Minnesota Twins,5.0,6.0,False,0|0|2|0|0|0|0|1|2,1|1|0|2|0|1|0|1,,,135.0,-155.0,1.5,9.5,espn,401227824,KC,MIN,regular,Ervin Santana,J.A. Happ,,,,,,,,
2021,2021-05-29,Cincinnati Reds,Chicago Cubs,2.0,10.0,False,0|0|0|0|0|2|0|0|0,0|2|0|0|0|4|1|3,,,-105.0,-115.0,1.5,7.0,espn,401227822,CIN,CHC,regular,Luis Castillo,Zach Davies,,,,,,,,
2021,2021-05-29,Colorado Rockies,Pittsburgh Pirates,0.0,4.0,False,0|0|0|0|0|0|0,1|0|1|1|0|1,,,-120.0,100.0,,5.5,espn,401227823,COL,PIT,regular,Austin Gomber,Mitch Keller,,,,,,,,
2021,2021-05-29,Los Angeles Angels,Oakland Athletics,4.0,0.0,False,0|0|0|0|4|0|0|0|0,0|0|0|0|0|0|0|0|0,,,120.0,-140.0,1.5,8.0,espn,401227819,LAA,OAK,regular,Alex Cobb,Frankie Montas,,,,,,,,
2021,2021-05-29,Miami Marlins,Boston Red Sox,1.0,3.0,False,0|0|0|0|0|0|0|0|1,0|1|0|1|0|0|0|1,,,150.0,-170.0,1.5,7.5,espn,401227825,MIA,BOS,regular,Trevor Rogers,Nathan Eovaldi,,,,,,,,
2021,2021-05-29,New York Yankees,Detroit Tigers,1.0,6.0,False,0|1|0|0|0|0|0|0|0,0|2|0|1|3|0|0|0,,,-130.0,110.0,,8.5,espn,401227827,NYY,DET,regular,Deivi Garcia,Spencer Turnbull,,,,,,,,
2021,2021-05-29,San Diego Padres,Houston Astros,11.0,8.0,False,0|0|0|0|0|1|0|2|3|1|1|3,0|0|0|2|3|1|0|0|0|1|1|0,,,-160.0,140.0,,8.0,espn,401227829,SD,HOU,regular,Yu Darvish,Jake Odorizzi,,,,,,,,
2021,2021-05-29,Baltimore Orioles,Chicago White Sox,1.0,3.0,False,0|0|0|0|0|1|0,0|0|0|1|2|0,,,150.0,-170.0,1.5,5.5,espn,401331675,BAL,CHW,regular,John Means,Lance Lynn,,,,,,,,
2021,2021-05-29,Atlanta Braves,New York Mets,2.0,13.0,False,0|0|0|0|0|1|0|1|0,1|0|1|0|2|7|2|0,,,-150.0,130.0,,6.5,espn,401227820,ATL,NYM,regular,Ian Anderson,Taijuan Walker,,,,,,,,
2021,2021-05-29,Milwaukee Brewers,Washington Nationals,6.0,2.0,False,0|0|0|1|1|4|0,0|0|1|1|0|0|0,,,105.0,-125.0,1.5,6.5,espn,401227826,MIL,WSH,regular,Brett Anderson,Jon Lester,,,,,,,,
2021,2021-05-29,San Francisco Giants,Los Angeles Dodgers,11.0,6.0,False,0|3|2|2|0|0|2|2|0,1|1|0|0|0|2|0|2|0,,,170.0,-200.0,1.5,7.0,espn,401227830,SF,LAD,regular,Logan Webb,Julio Urias,,,,,,,,
2021,2021-05-29,St. Louis Cardinals,Arizona Diamondbacks,7.0,4.0,False,1|0|5|0|1|0|0|0|0,0|0|0|0|2|2|0|0|0,,,-150.0,130.0,,10.0,espn,401227831,STL,ARI,regular,Adam Wainwright,Seth Frankoff,,,,,,,,
2021,2021-05-29,Texas Rangers,Seattle Mariners,2.0,3.0,False,0|0|0|1|0|0|0|0|1,0|1|0|0|0|0|1|1,,,-110.0,-110.0,1.5,8.5,espn,401227832,TEX,SEA,regular,Mike Foltynewicz,Justin Dunn,,,,,,,,
2021,2021-05-30,Colorado Rockies,Pittsburgh Pirates,4.0,3.0,False,0|0|0|1|0|0|0|1|2,0|0|1|2|0|0|0|0|0,,,100.0,-120.0,1.5,7.5,espn,401227838,COL,PIT,regular,Kyle Freeland,Chase De Jong,,,,,,,,
2021,2021-05-30,Milwaukee Brewers,Washington Nationals,3.0,0.0,False,2|0|0|0|0|0|0|0|1,0|0|0|0|0|0|0|0|0,,,-105.0,-115.0,1.5,6.0,espn,401227841,MIL,WSH,regular,Brandon Woodruff,Max Scherzer,,,,,,,,
2021,2021-05-30,New York Yankees,Detroit Tigers,2.0,6.0,False,0|0|0|0|0|0|0|2|0,2|0|4|0|0|0|0|0,,,-192.0,167.0,,9.0,espn,401227842,NYY,DET,regular,Michael King,Tarik Skubal,,,,,,,,
2021,2021-05-30,Philadelphia Phillies,Tampa Bay Rays,2.0,6.0,False,0|0|0|0|0|2|0|0|0,0|2|0|0|2|0|2|0,,,125.0,-145.0,1.5,7.5,espn,401227843,PHI,TB,regular,Zach Eflin,Collin McHugh,,,,,,,,
2021,2021-05-30,Toronto Blue Jays,Cleveland Indians,4.0,1.0,False,0|0|1|2|0|0|1,0|0|0|0|1|0|0,,,-110.0,-110.0,1.5,6.5,espn,401227848,TOR,CLE,regular,Ross Stripling,Aaron Civale,,,,,,,,
2021,2021-05-30,Baltimore Orioles,Chicago White Sox,1.0,3.0,False,0|0|1|0|0|0|0|0|0,0|0|1|0|0|0|2|0,,,180.0,-220.0,1.5,8.0,espn,401227836,BAL,CHW,regular,Keegan Akin,Lucas Giolito,,,,,,,,
2021,2021-05-30,Kansas City Royals,Minnesota Twins,6.0,3.0,False,1|0|0|0|4|0|0|0|1,1|1|0|0|1|0|0|0|0,,,110.0,-130.0,1.5,9.0,espn,401227839,KC,MIN,regular,Brad Keller,Matt Shoemaker,,,,,,,,
2021,2021-05-30,San Diego Padres,Houston Astros,4.0,7.0,False,0|0|0|0|1|0|0|0|3,4|0|3|0|0|0|0|0,,,100.0,-120.0,1.5,8.5,espn,401227844,SD,HOU,regular,Blake Snell,Zack Greinke,,,,,,,,
2021,2021-05-30,Cincinnati Reds,Chicago Cubs,5.0,1.0,False,3|0|0|2|0|0|0|0|0,0|0|0|0|0|0|0|1|0,,,-105.0,-115.0,1.5,8.0,espn,401227837,CIN,CHC,regular,Tyler Mahle,Jake Arrieta,,,,,,,,
2021,2021-05-30,Toronto Blue Jays,Cleveland Indians,5.0,6.0,False,0|0|4|0|0|0|1,0|0|0|0|0|4|2,,,-170.0,150.0,,7.0,espn,401331686,TOR,CLE,regular,Steven Matz,Sam Hentges,,,,,,,,
2021,2021-05-30,Los Angeles Angels,Oakland Athletics,4.0,2.0,False,0|4|0|0|0|0|0|0|0,0|0|2|0|0|0|0|0|0,,,120.0,-140.0,1.5,9.0,espn,401227834,LAA,OAK,regular,Jose Quintana,Cole Irvin,,,,,,,,
2021,2021-05-30,San Francisco Giants,Los Angeles Dodgers,5.0,4.0,False,3|0|1|1|0|0|0|0|0,0|0|0|0|0|0|0|2|2,,,145.0,-165.0,1.5,7.0,espn,401227845,SF,LAD,regular,Kevin Gausman,Clayton Kershaw,,,,,,,,
2021,2021-05-30,St. Louis Cardinals,Arizona Diamondbacks,2.0,9.0,False,1|1|0|0|0|0|0|0|0,0|1|1|2|0|5|0|0,,,100.0,-120.0,1.5,9.0,espn,401227846,STL,ARI,regular,Kwang Hyun Kim,Matt Peacock,,,,,,,,
2021,2021-05-30,Texas Rangers,Seattle Mariners,2.0,4.0,False,0|0|0|0|0|0|2|0|0,1|0|2|0|1|0|0|0,,,130.0,-150.0,1.5,8.0,espn,401227847,TEX,SEA,regular,Hyeon-Jong Yang,Yusei Kikuchi,,,,,,,,
2021,2021-05-31,Minnesota Twins,Baltimore Orioles,3.0,2.0,False,0|0|1|0|0|0|0|0|0|2,0|0|0|0|1|0|0|0|0|1,,,-160.0,140.0,,8.5,espn,401227853,MIN,BAL,regular,Jose Berrios,Jorge Lopez,,,,,,,,
2021,2021-05-31,Tampa Bay Rays,New York Yankees,3.0,1.0,False,0|0|1|1|1|0|0|0|0,0|0|0|0|0|0|1|0|0,,,110.0,-130.0,1.5,8.5,espn,401227860,TB,NYY,regular,Rich Hill,Jameson Taillon,,,,,,,,
2021,2021-05-31,Detroit Tigers,Milwaukee Brewers,2.0,3.0,False,0|0|0|0|0|1|1|0|0|0,0|0|0|0|0|2|0|0|0|1,,,240.0,-300.0,1.5,7.0,espn,401227852,DET,MIL,regular,Tyler Alexander,Corbin Burnes,,,,,,,,
2021,2021-05-31,Philadelphia Phillies,Cincinnati Reds,1.0,11.0,False,0|0|1|0|0|0|0|0|0,0|4|2|0|2|0|3|0,,,-115.0,-105.0,1.5,8.5,espn,401227856,PHI,CIN,regular,Vince Velasquez,Wade Miley,,,,,,,,
2021,2021-05-31,San Diego Padres,Chicago Cubs,2.0,7.0,False,0|1|0|0|0|1|0|0|0,0|0|2|1|2|1|1|0,,,-140.0,120.0,,10.0,espn,401227858,SD,CHC,regular,Chris Paddack,Kohl Stewart,,,,,,,,
2021,2021-05-31,Chicago White Sox,Cleveland Indians,8.0,6.0,False,0|4|0|0|0|1|0|3,2|0|1|1|0|1|0|1,,,-165.0,145.0,,5.5,espn,401227851,CHW,CLE,regular,Carlos Rodon,Triston McKenzie,,,,,,,,
2021,2021-05-31,Boston Red Sox,Houston Astros,2.0,11.0,False,0|0|0|0|0|1|0|1|0,0|2|2|0|2|5|0|0,,,-110.0,-110.0,1.5,9.0,espn,401227850,BOS,HOU,regular,Eduardo Rodriguez,Jose Urquidy,,,,,,,,
2021,2021-05-31,Los Angeles Angels,San Francisco Giants,1.0,6.0,False,0|1|0|0|0|0|0|0|0,0|0|0|2|1|1|2|0,,,135.0,-155.0,1.5,8.0,espn,401227849,LAA,SF,regular,Dylan Bundy,Johnny Cueto,,,,,,,,
2021,2021-05-31,Oakland Athletics,Seattle Mariners,5.0,6.0,False,0|0|1|0|1|0|0|2|0|1,0|0|0|4|0|0|0|0|0|2,,,-135.0,115.0,,8.5,espn,401227855,OAK,SEA,regular,James Kaprielian,Logan Gilbert,,,,,,,,
2021,2021-05-31,Washington Nationals,Atlanta Braves,3.0,5.0,False,0|0|0|3|0|0|0|0|0,3|1|0|0|0|1|0|0,,,167.0,-192.0,1.5,8.5,espn,401227861,WSH,ATL,regular,Joe Ross,Charlie Morton,,,,,,,,
2021,2021-05-31,Chicago White Sox,Cleveland Indians,1.0,3.0,False,0|0|1|0|0|0|0,0|1|2|0|0|0,,,-110.0,-110.0,1.5,7.0,espn,401322280,CHW,CLE,regular,Jimmy Lambert,Cal Quantrill,,,,,,,,
2021,2021-05-31,Pittsburgh Pirates,Kansas City Royals,3.0,7.0,False,1|0|1|0|0|0|0|1|0,1|2|0|0|2|0|0|2,,,167.0,-192.0,1.5,8.0,espn,401227857,PIT,KC,regular,Chad Kuhl,Mike Minor,,,,,,,,
2021,2021-05-31,St. Louis Cardinals,Los Angeles Dodgers,4.0,9.0,False,0|0|0|0|0|3|1|0|0,0|2|0|0|0|4|0|3,,,160.0,-180.0,1.5,7.0,espn,401227859,STL,LAD,regular,Jack Flaherty,Trevor Bauer,,,,,,,,
2021,2021-05-31,New York Mets,Arizona Diamondbacks,6.0,2.0,False,0|0|2|1|0|0|2|1|0,0|0|0|0|0|0|2|0|0,,,-175.0,155.0,,7.0,espn,401227854,NYM,ARI,regular,Jacob deGrom,Merrill Kelly,,,,,,,,
2021,2021-06-01,Chicago White Sox,Cleveland Indians,5.0,6.0,False,0|3|0|0|0|0|0|0|2,2|0|1|3|0|0|0|0,,,140.0,-160.0,1.5,7.0,espn,401227864,CHW,CLE,regular,Dylan Cease,Shane Bieber,,,,,,,,
2021,2021-06-01,Tampa Bay Rays,New York Yankees,3.0,5.0,False,2|0|0|0|1|0|0|0|0|0|0,0|0|2|1|0|0|0|0|0|0|2,,,-135.0,115.0,,7.5,espn,401227874,TB,NYY,regular,Tyler Glasnow,Domingo German,,,,,,,,
2021,2021-06-01,Minnesota Twins,Baltimore Orioles,4.0,7.0,False,0|0|1|0|0|1|1|1|0,1|0|4|1|0|1|0|0,,,-175.0,155.0,,9.0,espn,401227867,MIN,BAL,regular,Michael Pineda,Bruce Zimmermann,,,,,,,,
2021,2021-06-01,Miami Marlins,Toronto Blue Jays,1.0,5.0,False,0|0|0|0|1|0|0|0|0,0|0|3|0|1|0|0|1,,,130.0,-150.0,1.5,8.5,espn,401227866,MIA,TOR,regular,Sandy Alcantara,Robbie Ray,,,,,,,,
2021,2021-06-01,Philadelphia Phillies,Cincinnati Reds,17.0,3.0,False,0|0|2|1|1|6|0|3|4,0|2|0|0|1|0|0|0|0,,,-105.0,-115.0,1.5,7.5,espn,401227870,PHI,CIN,regular,Aaron Nola,Sonny Gray,,,,,,,,
2021,2021-06-01,Washington Nationals,Atlanta Braves,11.0,6.0,False,1|0|1|4|0|0|3|2|0,1|0|0|0|3|0|1|0|1,,,120.0,-140.0,1.5,9.0,espn,401227876,WSH,ATL,regular,Stephen Strasburg,Max Fried,,,,,,,,
2021,2021-06-01,Detroit Tigers,Milwaukee Brewers,10.0,7.0,False,0|6|1|0|0|1|0|0|2,1|1|2|0|1|0|0|1|1,,,155.0,-175.0,1.5,7.5,espn,401227865,DET,MIL,regular,Matthew Boyd,Eric Lauer,,,,,,,,
2021,2021-06-01,San Diego Padres,Chicago Cubs,3.0,4.0,False,0|0|0|0|3|0|0|0|0,0|2|0|0|2|0|0|0,,,105.0,-125.0,1.5,8.5,espn,401227872,SD,CHC,regular,Ryan Weathers,Kyle Hendricks,,,,,,,,
2021,2021-06-01,Boston Red Sox,Houston Astros,1.0,5.0,False,0|0|0|0|1|0|0|0|0,1|0|0|1|0|0|3|0,,,145.0,-165.0,1.5,9.0,espn,401227863,BOS,HOU,regular,Garrett Richards,Luis Garcia,,,,,,,,
2021,2021-06-01,Pittsburgh Pirates,Kansas City Royals,5.0,10.0,False,0|0|3|1|0|1|0|0|0,1|0|0|2|5|0|1|1,,,145.0,-165.0,1.5,8.5,espn,401227871,PIT,KC,regular,Wil Crowe,Brady Singer,,,,,,,,
2021,2021-06-01,Texas Rangers,Colorado Rockies,2.0,3.0,False,0|0|0|1|0|0|0|1|0|0|0,1|0|0|0|1|0|0|0|0|0|1,,,-105.0,-115.0,1.5,9.5,espn,401227875,TEX,COL,regular,Dane Dunning,German Marquez,,,,,,,,
2021,2021-06-01,New York Mets,Arizona Diamondbacks,5.0,6.0,False,0|0|0|2|0|2|0|0|0|1,0|0|0|0|0|3|0|0|1|2,,,-120.0,100.0,,8.5,espn,401227868,NYM,ARI,regular,Marcus Stroman,Caleb Smith,,,,,,,,
2021,2021-06-01,Los Angeles Angels,San Francisco Giants,8.0,1.0,False,0|0|3|5|0|0|0|0|0,0|0|0|0|0|0|1|0|0,,,135.0,-155.0,1.5,7.0,espn,401227862,LAA,SF,regular,Andrew Heaney,Alex Wood,,,,,,,,
2021,2021-06-01,Oakland Athletics,Seattle Mariners,12.0,6.0,False,0|1|0|0|1|0|6|2|2,0|0|3|1|0|0|0|2|0,,,-150.0,130.0,,7.5,espn,401227869,OAK,SEA,regular,Chris Bassitt,Marco Gonzales,,,,,,,,
2021,2021-06-01,St. Louis Cardinals,Los Angeles Dodgers,3.0,2.0,False,1|1|0|0|0|0|0|0|1,0|0|0|0|0|0|2|0|0,,,165.0,-185.0,1.5,8.5,espn,401227873,STL,LAD,regular,John Gant,David Price,,,,,,,,
2021,2021-06-02,San Diego Padres,Chicago Cubs,1.0,6.0,False,0|0|0|1|0|0|0|0|0,0|0|0|1|2|0|3|0,,,100.0,-120.0,1.5,7.0,espn,401227884,SD,CHC,regular,Dinelson Lamet,Adbert Alzolay,,,,,,,,
2021,2021-06-02,New York Mets,Arizona Diamondbacks,7.0,6.0,False,4|1|0|0|1|0|0|0|1,5|0|0|0|0|1|0|0|0,,,105.0,-125.0,1.5,8.5,espn,401227881,NYM,ARI,regular,David Peterson,Madison Bumgarner,,,,,,,,
2021,2021-06-02,Minnesota Twins,Baltimore Orioles,3.0,6.0,False,0|1|0|0|0|0|0|2|0,0|0|0|1|2|0|3|0,,,-130.0,110.0,,9.5,espn,401227880,MIN,BAL,regular,Randy Dobnak,Matt Harvey,,,,,,,,
2021,2021-06-02,Tampa Bay Rays,New York Yankees,3.0,4.0,False,0|0|0|1|1|0|1|0|0,2|0|0|2|0|0|0|0,,,115.0,-135.0,1.5,8.5,espn,401227886,TB,NYY,regular,Shane McClanahan,Jordan Montgomery,,,,,,,,
2021,2021-06-02,Miami Marlins,Toronto Blue Jays,5.0,6.0,False,0|1|3|0|0|0|1|0|0,0|1|0|1|0|0|1|0|3,,,145.0,-165.0,1.5,8.5,espn,401227879,MIA,TOR,regular,Pablo Lopez,Alek Manoah,,,,,,,,
2021,2021-06-02,Washington Nationals,Atlanta Braves,5.0,3.0,False,0|1|0|0|2|0|0|1|1,0|1|0|0|0|0|2|0|0,,,135.0,-155.0,1.5,9.5,espn,401227888,WSH,ATL,regular,Jon Lester,Drew Smyly,,,,,,,,
2021,2021-06-02,Boston Red Sox,Houston Astros,1.0,2.0,False,1|0|0|0|0|0|0|0|0,1|0|0|1|0|0|0|0,,,115.0,-135.0,1.5,9.0,espn,401227877,BOS,HOU,regular,Nick Pivetta,Framber Valdez,,,,,,,,
2021,2021-06-02,Texas Rangers,Colorado Rockies,3.0,6.0,False,0|0|1|0|0|2|0|0|0,0|0|0|1|1|2|0|2,,,-110.0,-110.0,1.5,11.0,espn,401227887,TEX,COL,regular,Jordan Lyles,Antonio Senzatela,,,,,,,,
2021,2021-06-02,St. Louis Cardinals,Los Angeles Dodgers,3.0,14.0,False,1|0|1|0|1|0|0|0|0,11|0|0|3|0|0|0|0,,,190.0,-230.0,1.5,8.0,espn,401227885,STL,LAD,regular,Carlos Martinez,Walker Buehler,,,,,,,,
2021,2021-06-02,Oakland Athletics,Seattle Mariners,6.0,0.0,False,0|0|5|0|0|0|0|0|1,0|0|0|0|0|0|0|0|0,,,-155.0,135.0,,8.5,espn,401227882,OAK,SEA,regular,Sean Manaea,Chris Flexen,,,,,,,,
2021,2021-06-03,Washington Nationals,Atlanta Braves,1.0,5.0,False,0|0|0|0|0|0|0|0|1,0|0|0|0|0|4|1|0,,,115.0,-135.0,1.5,10.0,espn,401227900,WSH,ATL,regular,Patrick Corbin,Tucker Davidson,,,,,,,,
2021,2021-06-03,Tampa Bay Rays,New York Yankees,9.0,2.0,False,0|0|0|2|3|0|4|0|0,0|0|1|0|0|0|1|0|0,,,167.0,-192.0,1.5,7.0,espn,401227898,TB,NYY,regular,Ryan Yarbrough,Gerrit Cole,,,,,,,,
2021,2021-06-03,Boston Red Sox,Houston Astros,5.0,1.0,False,0|3|0|0|0|0|2|0|0,0|0|0|0|0|0|0|0|1,,,-105.0,-115.0,1.5,9.0,espn,401227890,BOS,HOU,regular,Martin Perez,Jake Odorizzi,,,,,,,,
2021,2021-06-03,Texas Rangers,Colorado Rockies,6.0,11.0,False,0|0|0|0|0|0|2|0|4,0|1|1|3|2|2|2|0,,,110.0,-130.0,1.5,10.5,espn,401227899,TEX,COL,regular,Mike Foltynewicz,Austin Gomber,,,,,,,,
2021,2021-06-03,Miami Marlins,Pittsburgh Pirates,3.0,5.0,False,0|0|1|0|0|2|0|0|0,0|0|0|1|0|1|0|3,,,-110.0,-110.0,1.5,7.5,espn,401227894,MIA,PIT,regular,Elieser Hernandez,Tyler Anderson,,,,,,,,
2021,2021-06-03,Arizona Diamondbacks,Milwaukee Brewers,4.0,7.0,False,0|0|0|0|3|0|0|1|0,0|0|4|0|2|0|0|1,,,155.0,-175.0,1.5,9.5,espn,401227889,ARI,MIL,regular,Jon Duplantier,Brett Anderson,,,,,,,,
2021,2021-06-03,Detroit Tigers,Chicago White Sox,1.0,4.0,False,0|0|0|0|1|0|0|0|0,1|1|0|0|0|0|1|1,,,180.0,-220.0,1.5,8.0,espn,401227893,DET,CHW,regular,Casey Mize,Lance Lynn,,,,,,,,
2021,2021-06-03,Minnesota Twins,Kansas City Royals,5.0,6.0,False,1|0|0|1|2|0|1|0|0,1|0|1|2|1|0|1|0,,,-105.0,-115.0,1.5,9.5,espn,401227895,MIN,KC,regular,J.A. Happ,Kris Bubic,,,,,,,,
2021,2021-06-03,Cincinnati Reds,St. Louis Cardinals,4.0,2.0,False,1|2|0|0|0|0|0|1|0,2|0|0|0|0|0|0|0|0,,,120.0,-140.0,1.5,8.5,espn,401227892,CIN,STL,regular,Vladimir Gutierrez,Adam Wainwright,,,,,,,,
2021,2021-06-03,Seattle Mariners,Los Angeles Angels,6.0,2.0,False,0|0|1|3|0|1|1|0|0,0|2|0|0|0|0|0|0|0,,,140.0,-160.0,1.5,9.0,espn,401227897,SEA,LAA,regular,Justus Sheffield,Griffin Canning,,,,,,,,
2021,2021-06-03,Chicago Cubs,San Francisco Giants,2.0,7.0,False,0|0|2|0|0|0|0|0|0,0|1|0|1|3|0|2|0,,,100.0,-120.0,1.5,8.0,espn,401227891,CHC,SF,regular,Zach Davies,Anthony DeSclafani,,,,,,,,
2021,2021-06-03,New York Mets,San Diego Padres,3.0,4.0,False,0|0|0|0|0|2|0|1|0,0|0|2|1|1|0|0|0,,,167.0,-192.0,1.5,6.5,espn,401227896,NYM,SD,regular,Taijuan Walker,Yu Darvish,,,,,,,,
2021,2021-06-04,Boston Red Sox,New York Yankees,5.0,2.0,False,3|0|0|0|0|2|0|0|0,0|0|0|0|0|2|0|0|0,,,-110.0,-110.0,1.5,9.0,espn,401227902,BOS,NYY,regular,Nathan Eovaldi,Michael King,,,,,,,,
2021,2021-06-04,Cleveland Indians,Baltimore Orioles,1.0,3.0,False,0|0|0|0|0|1|0|0|0,0|0|0|0|0|0|2|1,,,-110.0,-110.0,1.5,8.5,espn,401227905,CLE,BAL,regular,J.C. Mejia,Keegan Akin,,,,,,,,
2021,2021-06-04,Miami Marlins,Pittsburgh Pirates,2.0,9.0,False,0|2|0|0|0|0|0|0|0,2|0|1|1|0|5|0|0,,,-110.0,-110.0,1.5,7.5,espn,401227909,MIA,PIT,regular,Cody Poteet,Mitch Keller,,,,,,,,
2021,2021-06-04,Washington Nationals,Philadelphia Phillies,2.0,1.0,False,0|0|0|1|0|1|0|0|0,0|0|0|1|0|0|0|0|0,,,-115.0,-105.0,1.5,7.0,espn,401227915,WSH,PHI,regular,Max Scherzer,Zack Wheeler,,,,,,,,
2021,2021-06-04,Houston Astros,Toronto Blue Jays,13.0,1.0,False,0|0|0|1|2|4|1|5|0,0|0|0|0|0|0|1|0|0,,,-115.0,-105.0,1.5,8.5,espn,401227907,HOU,TOR,regular,Zack Greinke,Hyun Jin Ryu,,,,,,,,
2021,2021-06-04,Los Angeles Dodgers,Atlanta Braves,9.0,5.0,False,0|0|0|0|8|0|0|0|1,1|0|0|0|0|0|0|4|0,,,-145.0,125.0,,8.5,espn,401227908,LAD,ATL,regular,Julio Urias,Ian Anderson,,,,,,,,
2021,2021-06-04,Tampa Bay Rays,Texas Rangers,4.0,5.0,False,0|0|0|0|0|0|0|2|2,0|0|1|3|1|0|0|0,,,-135.0,115.0,,8.0,espn,401227914,TB,TEX,regular,Josh Fleming,Kyle Gibson,,,,,,,,
2021,2021-06-04,Arizona Diamondbacks,Milwaukee Brewers,1.0,5.0,False,0|0|0|0|0|0|0|1|0,1|1|2|0|0|0|0|1,,,170.0,-200.0,1.5,8.0,espn,401227901,ARI,MIL,regular,Matt Peacock,Freddy Peralta,,,,,,,,
2021,2021-06-04,Detroit Tigers,Chicago White Sox,8.0,9.0,False,0|0|1|0|0|1|6|0|0,0|1|0|0|5|1|1|0|1,,,130.0,-150.0,1.5,8.5,espn,401227906,DET,CHW,regular,Spencer Turnbull,Dallas Keuchel,,,,,,,,
2021,2021-06-04,Minnesota Twins,Kansas City Royals,5.0,14.0,False,0|0|1|0|1|0|0|3|0,9|4|0|0|0|0|1|0,,,115.0,-135.0,1.5,9.5,espn,401227910,MIN,KC,regular,Matt Shoemaker,Brad Keller,,,,,,,,
2021,2021-06-04,Cincinnati Reds,St. Louis Cardinals,6.0,4.0,False,0|3|0|0|0|1|0|0|2,0|0|0|0|1|0|0|0|3,,,115.0,-135.0,1.5,8.5,espn,401227904,CIN,STL,regular,Luis Castillo,Kwang Hyun Kim,,,,,,,,
2021,2021-06-04,Oakland Athletics,Colorado Rockies,9.0,5.0,False,1|1|4|0|0|1|1|1|0,0|0|2|1|0|0|2|0|0,,,-135.0,115.0,,11.0,espn,401227912,OAK,COL,regular,Frankie Montas,Jon Gray,,,,,,,,
2021,2021-06-04,Seattle Mariners,Los Angeles Angels,2.0,3.0,False,1|0|1|0|0|0|0|0|0,0|0|2|1|0|0|0|0,,,145.0,-165.0,1.5,8.5,espn,401227913,SEA,LAA,regular,Robert Dugger,Shohei Ohtani,,,,,,,,
2021,2021-06-04,Chicago Cubs,San Francisco Giants,5.0,8.0,False,2|0|0|2|1|0|0|0|0,0|6|0|2|0|0|0|0,,,-110.0,-110.0,1.5,8.5,espn,401227903,CHC,SF,regular,Jake Arrieta,Scott Kazmir,,,,,,,,
2021,2021-06-04,New York Mets,San Diego Padres,0.0,2.0,False,0|0|0|0|0|0|0|0|0,1|0|0|0|0|0|1|0,,,145.0,-165.0,1.5,7.0,espn,401227911,NYM,SD,regular,Joey Lucchesi,Blake Snell,,,,,,,,
2021,2021-06-05,Detroit Tigers,Chicago White Sox,4.0,3.0,False,0|2|0|1|0|1|0|0|0,1|0|0|0|0|2|0|0|0,,,200.0,-240.0,1.5,8.0,espn,401227921,DET,CHW,regular,Tarik Skubal,Lucas Giolito,,,,,,,,
2021,2021-06-05,Cincinnati Reds,St. Louis Cardinals,5.0,2.0,False,0|0|1|1|0|2|1|0|0,1|0|0|1|0|0|0|0|0,,,-115.0,-105.0,1.5,9.0,espn,401227919,CIN,STL,regular,Tyler Mahle,Johan Oviedo,,,,,,,,
2021,2021-06-05,Houston Astros,Toronto Blue Jays,2.0,6.0,False,0|0|0|1|0|0|0|0|1,0|0|0|4|2|0|0|0,,,-110.0,-110.0,1.5,10.0,espn,401227922,HOU,TOR,regular,Jose Urquidy,Ross Stripling,,,,,,,,
2021,2021-06-05,Cleveland Indians,Baltimore Orioles,10.0,4.0,False,2|0|5|0|1|1|0|1|0,1|0|1|0|1|1|0|0|0,,,110.0,-130.0,1.5,8.5,espn,401227920,CLE,BAL,regular,Aaron Civale,John Means,,,,,,,,
2021,2021-06-05,Miami Marlins,Pittsburgh Pirates,7.0,8.0,False,0|0|0|3|2|0|0|0|1|1|0|0,0|2|0|0|0|0|0|4|0|1|0|1,,,-125.0,105.0,,7.5,espn,401227924,MIA,PIT,regular,Trevor Rogers,Chase De Jong,,,,,,,,
2021,2021-06-05,Tampa Bay Rays,Texas Rangers,3.0,0.0,False,2|0|0|0|0|0|0|1|0,0|0|0|0|0|0|0|0|0,,,-150.0,130.0,,8.0,espn,401227929,TB,TEX,regular,Rich Hill,Kolby Allard,,,,,,,,
2021,2021-06-05,Washington Nationals,Philadelphia Phillies,2.0,5.0,False,0|0|1|0|0|0|0|1|0,0|0|0|4|0|0|0|1,,,100.0,-120.0,1.5,10.0,espn,401227930,WSH,PHI,regular,Joe Ross,Spencer Howard,,,,,,,,
2021,2021-06-05,Arizona Diamondbacks,Milwaukee Brewers,5.0,7.0,False,1|0|0|1|0|0|3|0|0,0|0|0|3|0|2|0|2,,,205.0,-245.0,1.5,8.0,espn,401227916,ARI,MIL,regular,Merrill Kelly,Brandon Woodruff,,,,,,,,
2021,2021-06-05,Minnesota Twins,Kansas City Royals,5.0,4.0,False,0|2|1|0|0|2|0|0|0,0|2|0|0|2|0|0|0|0,,,-110.0,-110.0,1.5,9.0,espn,401227925,MIN,KC,regular,Jose Berrios,Mike Minor,,,,,,,,
2021,2021-06-05,Boston Red Sox,New York Yankees,7.0,3.0,False,0|0|0|0|0|3|0|4|0,0|0|0|2|0|1|0|0|0,,,125.0,-145.0,1.5,9.5,espn,401227917,BOS,NYY,regular,Eduardo Rodriguez,Jameson Taillon,,,,,,,,
2021,2021-06-05,Chicago Cubs,San Francisco Giants,3.0,4.0,False,0|2|0|0|0|0|0|0|1,0|0|1|2|1|0|0|0,,,140.0,-160.0,1.5,7.5,espn,401227918,CHC,SF,regular,Kohl Stewart,Kevin Gausman,,,,,,,,
2021,2021-06-05,Los Angeles Dodgers,Atlanta Braves,4.0,6.0,False,1|0|0|3|0|0|0|0|0,0|0|5|0|0|0|1|0,,,-130.0,110.0,,8.0,espn,401227923,LAD,ATL,regular,Clayton Kershaw,Charlie Morton,,,,,,,,
2021,2021-06-05,Oakland Athletics,Colorado Rockies,6.0,3.0,False,2|0|2|0|1|0|0|0|1,1|0|0|0|0|0|2|0|0,,,-140.0,120.0,,11.5,espn,401227927,OAK,COL,regular,Cole Irvin,Kyle Freeland,,,,,,,,
2021,2021-06-05,Seattle Mariners,Los Angeles Angels,5.0,12.0,False,0|0|0|5|0|0|0|0|0,1|0|0|1|2|2|1|5,,,135.0,-155.0,1.5,8.0,espn,401227928,SEA,LAA,regular,Yusei Kikuchi,Alex Cobb,,,,,,,,
2021,2021-06-05,New York Mets,San Diego Padres,4.0,0.0,False,0|0|0|0|2|1|0|0|1,0|0|0|0|0|0|0|0|0,,,-120.0,100.0,,5.5,espn,401227926,NYM,SD,regular,Jacob deGrom,Joe Musgrove,,,,,,,,
2021,2021-06-06,Cleveland Indians,Baltimore Orioles,5.0,18.0,False,0|0|1|0|2|0|0|0|2,1|6|0|5|0|0|5|1,,,-115.0,-105.0,1.5,9.0,espn,401227935,CLE,BAL,regular,Cal Quantrill,Jorge Lopez,,,,,,,,
2021,2021-06-06,Miami Marlins,Pittsburgh Pirates,3.0,1.0,False,0|1|0|0|0|2|0|0|0,1|0|0|0|0|0|0|0|0,,,-125.0,105.0,,8.5,espn,401227939,MIA,PIT,regular,Sandy Alcantara,Chad Kuhl,,,,,,,,
2021,2021-06-06,Washington Nationals,Philadelphia Phillies,6.0,12.0,False,0|0|1|2|0|3|0|0|0,0|0|0|7|2|3|0|0,,,105.0,-125.0,1.5,9.5,espn,401227945,WSH,PHI,regular,Austin Voth,Vince Velasquez,,,,,,,,
2021,2021-06-06,Houston Astros,Toronto Blue Jays,6.0,3.0,False,1|1|2|0|0|0|1|1|0,0|1|0|0|0|0|0|2|0,,,-105.0,-115.0,1.5,9.5,espn,401227937,HOU,TOR,regular,Luis Garcia,Steven Matz,,,,,,,,
2021,2021-06-06,Los Angeles Dodgers,Atlanta Braves,2.0,4.0,False,0|0|0|1|0|0|0|0|1,0|1|1|0|0|1|0|1,,,-145.0,125.0,,8.5,espn,401227938,LAD,ATL,regular,Trevor Bauer,Max Fried,,,,,,,,
2021,2021-06-06,Arizona Diamondbacks,Milwaukee Brewers,0.0,2.0,False,0|0|0|0|0|0|0|0|0,0|0|0|0|1|1|0|0,,,215.0,-260.0,1.5,8.0,espn,401227931,ARI,MIL,regular,Caleb Smith,Corbin Burnes,,,,,,,,
2021,2021-06-06,Detroit Tigers,Chicago White Sox,0.0,3.0,False,0|0|0|0|0|0|0|0|0,0|3|0|0|0|0|0|0,,,175.0,-210.0,1.5,9.0,espn,401227936,DET,CHW,regular,Jose Urena,Dylan Cease,,,,,,,,
2021,2021-06-06,Minnesota Twins,Kansas City Royals,2.0,1.0,False,0|0|1|0|1|0|0|0|0,0|0|0|1|0|0|0|0|0,,,120.0,-140.0,1.5,9.0,espn,401227940,MIN,KC,regular,Bailey Ober,Brady Singer,,,,,,,,
2021,2021-06-06,Cincinnati Reds,St. Louis Cardinals,8.0,7.0,False,2|3|2|0|0|0|0|0|1,0|0|0|0|0|7|0|0|0,,,105.0,-125.0,1.5,8.5,espn,401227934,CIN,STL,regular,Wade Miley,John Gant,,,,,,,,
2021,2021-06-06,Tampa Bay Rays,Texas Rangers,7.0,1.0,False,0|0|0|0|0|0|0|3|4,1|0|0|0|0|0|0|0|0,,,-135.0,115.0,,8.0,espn,401227944,TB,TEX,regular,Michael Wacha,Dane Dunning,,,,,,,,
2021,2021-06-06,Oakland Athletics,Colorado Rockies,1.0,3.0,False,0|0|0|0|0|1|0|0|0,0|0|1|1|0|0|0|1,,,100.0,-120.0,1.5,11.0,espn,401227942,OAK,COL,regular,James Kaprielian,German Marquez,,,,,,,,
2021,2021-06-06,Chicago Cubs,San Francisco Giants,4.0,3.0,False,0|1|0|2|1|0|0|0|0,2|1|0|0|0|0|0|0|0,,,-115.0,-105.0,1.5,8.0,espn,401227933,CHC,SF,regular,Kyle Hendricks,Johnny Cueto,,,,,,,,
2021,2021-06-06,Seattle Mariners,Los Angeles Angels,9.0,5.0,False,1|0|2|0|0|0|1|0|5,1|0|0|0|0|0|0|1|3,,,140.0,-160.0,1.5,9.0,espn,401227943,SEA,LAA,regular,Logan Gilbert,Patrick Sandoval,,,,,,,,
2021,2021-06-06,New York Mets,San Diego Padres,6.0,2.0,False,0|0|1|1|0|1|1|2|0,0|0|0|0|0|1|0|0|1,,,130.0,-150.0,1.5,7.0,espn,401227941,NYM,SD,regular,Marcus Stroman,Chris Paddack,,,,,,,,
2021,2021-06-06,Boston Red Sox,New York Yankees,6.0,5.0,False,1|0|0|0|0|0|2|1|0|2,2|0|0|1|0|0|0|0|1|1,,,135.0,-155.0,1.5,9.5,espn,401227932,BOS,NYY,regular,Garrett Richards,Domingo German,,,,,,,,
2021,2021-06-07,Miami Marlins,Boston Red Sox,3.0,5.0,False,0|0|0|1|1|0|0|0|1,1|0|1|3|0|0|0|0,,,170.0,-200.0,1.5,10.0,espn,401331792,MIA,BOS,regular,Zach Thompson,Nick Pivetta,,,,,,,,
2021,2021-06-07,Kansas City Royals,Los Angeles Angels,3.0,8.0,False,0|2|0|0|0|0|1|0|0,4|0|0|1|2|0|0|1,,,120.0,-140.0,1.5,9.0,espn,401227947,KC,LAA,regular,Jackson Kowar,Dylan Bundy,,,,,,,,
2021,2021-06-07,Chicago Cubs,San Diego Padres,4.0,9.0,False,0|0|0|3|0|0|1|0|0,1|1|2|0|0|2|0|3,,,100.0,-120.0,1.5,7.5,espn,401227946,CHC,SD,regular,Adbert Alzolay,Ryan Weathers,,,,,,,,
2021,2021-06-08,Atlanta Braves,Philadelphia Phillies,9.0,5.0,False,1|0|1|1|1|0|0|5|0,0|0|1|1|1|2|0|0|0,,,105.0,-125.0,1.5,9.0,espn,401227949,ATL,PHI,regular,Drew Smyly,Aaron Nola,,,,,,,,
2021,2021-06-08,Los Angeles Dodgers,Pittsburgh Pirates,5.0,3.0,False,0|0|0|0|3|2|0|0|0,0|0|0|0|0|0|0|1|2,,,-200.0,170.0,,8.5,espn,401227955,LAD,PIT,regular,Walker Buehler,JT Brubaker,,,,,,,,
2021,2021-06-08,New York Mets,Baltimore Orioles,3.0,10.0,False,2|0|0|0|0|0|0|0|1,0|3|1|1|3|1|0|1,,,-155.0,135.0,,9.5,espn,401227958,NYM,BAL,regular,David Peterson,Bruce Zimmermann,,,,,,,,
2021,2021-06-08,Colorado Rockies,Miami Marlins,2.0,6.0,False,1|0|0|1|0|0|0|0|0,0|0|4|0|0|0|2|0,,,167.0,-192.0,1.5,7.0,espn,401227952,COL,MIA,regular,Antonio Senzatela,Pablo Lopez,,,,,,,,
2021,2021-06-08,Houston Astros,Boston Red Sox,7.0,1.0,False,1|5|0|1|0|0|0|0|0,0|0|0|1|0|0|0|0|0,,,115.0,-135.0,1.5,9.5,espn,401227953,HOU,BOS,regular,Framber Valdez,Martin Perez,,,,,,,,
2021,2021-06-08,Milwaukee Brewers,Cincinnati Reds,5.0,1.0,False,0|0|0|1|1|0|1|0|2,0|1|0|0|0|0|0|0|0,,,125.0,-145.0,1.5,8.5,espn,401227956,MIL,CIN,regular,Adrian Houser,Sonny Gray,,,,,,,,
2021,2021-06-08,Seattle Mariners,Detroit Tigers,3.0,5.0,False,0|1|0|0|0|0|0|2|0,3|1|0|0|1|0|0|0,,,115.0,-135.0,1.5,8.5,espn,401227959,SEA,DET,regular,Marco Gonzales,Matthew Boyd,,,,,,,,
2021,2021-06-08,Washington Nationals,Tampa Bay Rays,1.0,3.0,False,0|0|1|0|0|0|0|0|0,1|0|0|0|2|0|0|0,,,195.0,-235.0,1.5,7.5,espn,401227962,WSH,TB,regular,Jon Lester,Tyler Glasnow,,,,,,,,
2021,2021-06-08,San Francisco Giants,Texas Rangers,9.0,4.0,False,0|1|0|0|0|1|0|4|3,0|1|0|0|0|3|0|0|0,,,-150.0,130.0,,8.5,espn,401227960,SF,TEX,regular,Alex Wood,Jordan Lyles,,,,,,,,
2021,2021-06-08,New York Yankees,Minnesota Twins,8.0,4.0,False,0|0|0|0|2|1|0|2|3,2|0|0|0|0|1|0|0|1,,,-115.0,-105.0,1.5,9.5,espn,401227957,NYY,MIN,regular,Jordan Montgomery,Michael Pineda,,,,,,,,
2021,2021-06-08,Toronto Blue Jays,Chicago White Sox,1.0,6.0,False,0|1|0|0|0|0|0|0|0,0|0|0|0|0|0|1|5,,,125.0,-145.0,1.5,8.5,espn,401227961,TOR,CHW,regular,Robbie Ray,Carlos Rodon,,,,,,,,
2021,2021-06-08,Cleveland Indians,St. Louis Cardinals,10.0,1.0,False,2|0|3|0|0|1|0|0|4,0|0|0|1|0|0|0|0|0,,,-165.0,145.0,,7.0,espn,401227951,CLE,STL,regular,Shane Bieber,Carlos Martinez,,,,,,,,
2021,2021-06-08,Kansas City Royals,Los Angeles Angels,1.0,8.0,False,0|0|0|0|0|0|1|0|0,2|0|2|2|0|0|0|2,,,145.0,-165.0,1.5,8.5,espn,401227954,KC,LAA,regular,Kris Bubic,Andrew Heaney,,,,,,,,
2021,2021-06-08,Arizona Diamondbacks,Oakland Athletics,2.0,5.0,False,0|1|0|0|0|0|1|0|0,0|0|0|5|0|0|0|0,,,215.0,-260.0,1.5,8.5,espn,401227948,ARI,OAK,regular,Jon Duplantier,Chris Bassitt,,,,,,,,
2021,2021-06-08,Chicago Cubs,San Diego Padres,7.0,1.0,False,0|0|0|1|0|4|2|0|0,0|0|0|0|0|0|0|0|1,,,167.0,-192.0,1.5,8.0,espn,401227950,CHC,SD,regular,Zach Davies,Dinelson Lamet,,,,,,,,
2021,2021-06-09,San Francisco Giants,Texas Rangers,3.0,4.0,False,0|0|0|0|2|0|0|0|0|1|0,0|0|0|0|0|1|0|0|1|1|1,,,-115.0,-105.0,1.5,7.5,espn,401227975,SF,TEX,regular,Zack Littell,Kyle Gibson,,,,,,,,
2021,2021-06-09,Arizona Diamondbacks,Oakland Athletics,0.0,4.0,False,0|0|0|0|0|0|0|0|0,0|3|0|0|0|0|1|0,,,167.0,-192.0,1.5,8.5,espn,401227963,ARI,OAK,regular,Matt Peacock,Sean Manaea,,,,,,,,
2021,2021-06-09,Chicago Cubs,San Diego Padres,3.0,1.0,False,0|0|0|1|0|0|1|1|0,0|0|1|0|0|0|0|0|0,,,215.0,-260.0,1.5,8.0,espn,401227965,CHC,SD,regular,Jake Arrieta,Yu Darvish,,,,,,,,
2021,2021-06-09,Atlanta Braves,Philadelphia Phillies,1.0,2.0,False,0|0|0|0|0|1|0|0|0,0|0|0|0|0|0|0|0|2,,,110.0,-130.0,1.5,9.0,espn,401227964,ATL,PHI,regular,Tucker Davidson,Zach Eflin,,,,,,,,
2021,2021-06-09,Los Angeles Dodgers,Pittsburgh Pirates,2.0,1.0,False,1|0|1|0|0|0|0|0|0,1|0|0|0|0|0|0|0|0,,,-185.0,165.0,,9.0,espn,401227970,LAD,PIT,regular,Tony Gonsolin,Tyler Anderson,,,,,,,,
2021,2021-06-09,New York Mets,Baltimore Orioles,14.0,1.0,False,2|0|5|0|1|0|0|2|4,1|0|0|0|0|0|0|0|0,,,-140.0,120.0,,9.5,espn,401227973,NYM,BAL,regular,Taijuan Walker,Matt Harvey,,,,,,,,
2021,2021-06-09,Colorado Rockies,Miami Marlins,4.0,3.0,False,1|0|1|0|1|1|0|0|0,0|0|0|0|1|2|0|0|0,,,-105.0,-115.0,1.5,7.5,espn,401227967,COL,MIA,regular,Austin Gomber,Braxton Garrett,,,,,,,,
2021,2021-06-09,Houston Astros,Boston Red Sox,8.0,3.0,False,0|1|4|0|0|0|1|2|0,2|0|0|1|0|0|0|0|0,,,115.0,-135.0,1.5,9.0,espn,401227968,HOU,BOS,regular,Jake Odorizzi,Nathan Eovaldi,,,,,,,,
2021,2021-06-09,Milwaukee Brewers,Cincinnati Reds,3.0,7.0,False,1|0|0|0|1|0|0|0|1,2|3|0|2|0|0|0|0,,,100.0,-120.0,1.5,10.0,espn,401227971,MIL,CIN,regular,Brett Anderson,Vladimir Gutierrez,,,,,,,,
2021,2021-06-09,Seattle Mariners,Detroit Tigers,9.0,6.0,False,0|0|0|0|0|3|0|0|0|1|5,0|0|1|0|2|0|0|0|0|1|2,,,115.0,-135.0,1.5,9.0,espn,401227974,SEA,DET,regular,Chris Flexen,Casey Mize,,,,,,,,
2021,2021-06-09,Washington Nationals,Tampa Bay Rays,9.0,7.0,False,2|0|1|0|2|0|0|0|0|2|2,3|0|0|0|0|0|1|1|0|2|0,,,150.0,-170.0,1.5,7.5,espn,401227977,WSH,TB,regular,Patrick Corbin,Shane McClanahan,,,,,,,,
2021,2021-06-09,New York Yankees,Minnesota Twins,9.0,6.0,False,1|1|3|0|3|0|1|0|0,0|0|1|0|1|0|0|0|4,,,-192.0,167.0,,8.5,espn,401227972,NYY,MIN,regular,Gerrit Cole,Randy Dobnak,,,,,,,,
2021,2021-06-09,Toronto Blue Jays,Chicago White Sox,6.0,2.0,False,0|1|0|0|0|0|0|3|2,1|0|0|0|1|0|0|0|0,,,135.0,-155.0,1.5,8.0,espn,401227976,TOR,CHW,regular,Alek Manoah,Lance Lynn,,,,,,,,
2021,2021-06-09,Cleveland Indians,St. Louis Cardinals,2.0,8.0,False,2|0|0|0|0|0|0|0|0,4|0|2|0|0|0|2|0,,,115.0,-135.0,1.5,8.0,espn,401227966,CLE,STL,regular,J.C. Mejia,Adam Wainwright,,,,,,,,
2021,2021-06-09,Kansas City Royals,Los Angeles Angels,1.0,6.0,False,0|0|0|1|0|0|0|0|0,0|0|2|0|0|3|0|1,,,130.0,-150.0,1.5,9.0,espn,401227969,KC,LAA,regular,Brad Keller,Griffin Canning,,,,,,,,
2021,2021-06-10,Los Angeles Dodgers,Pittsburgh Pirates,6.0,3.0,False,1|0|3|0|0|0|1|1,0|1|2|0|0|0|0,,,-240.0,200.0,,8.0,espn,401227982,LAD,PIT,regular,Julio Urias,Mitch Keller,,,,,,,,
2021,2021-06-10,Milwaukee Brewers,Cincinnati Reds,7.0,2.0,False,1|0|0|0|0|3|2|1|0,0|1|0|0|1|0|0|0|0,,,-110.0,-110.0,1.5,8.0,espn,401227983,MIL,CIN,regular,Freddy Peralta,Luis Castillo,,,,,,,,
2021,2021-06-10,Atlanta Braves,Philadelphia Phillies,3.0,4.0,False,0|0|0|0|0|0|0|0|1|2,0|0|0|0|0|0|0|1|0|3,,,115.0,-135.0,1.5,7.5,espn,401227978,ATL,PHI,regular,Ian Anderson,Zack Wheeler,,,,,,,,
2021,2021-06-10,Seattle Mariners,Detroit Tigers,3.0,8.0,False,1|0|0|1|1|0|0|0|0,2|1|0|2|0|2|1|0,,,100.0,-120.0,1.5,9.0,espn,401227985,SEA,DET,regular,Justus Sheffield,Tyler Alexander,,,,,,,,
2021,2021-06-10,Colorado Rockies,Miami Marlins,4.0,11.0,False,0|0|0|0|0|0|2|2|0,0|6|0|0|2|3|0|0,,,175.0,-210.0,1.5,7.5,espn,401227979,COL,MIA,regular,Chi Chi Gonzalez,Trevor Rogers,,,,,,,,
2021,2021-06-10,Houston Astros,Boston Red Sox,8.0,12.0,False,0|1|2|0|4|1|0|0|0,0|2|2|0|3|5|0|0,,,-115.0,-105.0,1.5,9.0,espn,401227980,HOU,BOS,regular,Zack Greinke,Eduardo Rodriguez,,,,,,,,
2021,2021-06-10,Toronto Blue Jays,Chicago White Sox,2.0,5.0,False,0|0|0|0|1|1|0|0|0,3|0|0|0|0|0|1|1,,,-115.0,-105.0,1.5,9.0,espn,401227987,TOR,CHW,regular,Hyun Jin Ryu,Dallas Keuchel,,,,,,,,
2021,2021-06-10,New York Yankees,Minnesota Twins,5.0,7.0,False,3|0|0|1|0|1|0|0|0,1|0|0|1|0|0|1|0|4,,,-140.0,120.0,,11.0,espn,401227984,NYY,MIN,regular,Michael King,J.A. Happ,,,,,,,,
2021,2021-06-10,Kansas City Royals,Oakland Athletics,6.0,1.0,False,0|0|0|0|0|0|3|3|0,0|0|0|1|0|0|0|0|0,,,130.0,-150.0,1.5,8.5,espn,401227981,KC,OAK,regular,Mike Minor,Frankie Montas,,,,,,,,
2021,2021-06-11,St. Louis Cardinals,Chicago Cubs,5.0,8.0,False,0|1|1|0|3|0|0|0|0,0|0|0|1|3|1|2|1,,,130.0,-150.0,1.5,9.5,espn,401227999,STL,CHC,regular,Johan Oviedo,Kohl Stewart,,,,,,,,
2021,2021-06-11,San Francisco Giants,Washington Nationals,1.0,0.0,False,0|0|0|1|0|0|0|0|0,0|0|0|0|0|0|0|0|0,,,155.0,-175.0,1.5,7.5,espn,401227998,SF,WSH,regular,Anthony DeSclafani,Max Scherzer,,,,,,,,
2021,2021-06-11,Atlanta Braves,Miami Marlins,3.0,4.0,False,1|0|1|0|0|0|1|0|0,1|0|0|3|0|0|0|0,,,-115.0,-105.0,1.5,7.0,espn,401227989,ATL,MIA,regular,Charlie Morton,Sandy Alcantara,,,,,,,,
2021,2021-06-11,Baltimore Orioles,Tampa Bay Rays,2.0,4.0,False,0|0|2|0|0|0|0|0|0,0|0|1|2|0|0|1|0,,,155.0,-175.0,1.5,8.0,espn,401227990,BAL,TB,regular,Keegan Akin,Ryan Yarbrough,,,,,,,,
2021,2021-06-11,Chicago White Sox,Detroit Tigers,5.0,4.0,False,0|1|0|1|1|1|0|0|0|1,0|1|0|0|1|0|0|0|2|0,,,-170.0,150.0,,8.0,espn,401227991,CHW,DET,regular,Lucas Giolito,Tarik Skubal,,,,,,,,
2021,2021-06-11,Colorado Rockies,Cincinnati Reds,5.0,11.0,False,0|0|0|0|0|4|0|1|0,2|2|3|1|1|2|0|0,,,180.0,-220.0,1.5,9.5,espn,401227992,COL,CIN,regular,Kyle Freeland,Tyler Mahle,,,,,,,,
2021,2021-06-11,San Diego Padres,New York Mets,2.0,3.0,False,0|0|0|0|0|0|2|0|0,0|0|0|0|3|0|0|0,,,150.0,-170.0,1.5,6.0,espn,401227996,SD,NYM,regular,Blake Snell,Jacob deGrom,,,,,,,,
2021,2021-06-11,Seattle Mariners,Cleveland Indians,0.0,7.0,False,0|0|0|0|0|0|0|0|0,3|1|1|0|0|2|0|0,,,140.0,-160.0,1.5,9.0,espn,401227997,SEA,CLE,regular,Justin Dunn,Aaron Civale,,,,,,,,
2021,2021-06-11,Toronto Blue Jays,Boston Red Sox,5.0,6.0,False,1|2|0|0|0|2|0|0|0,0|0|1|0|0|3|0|1|1,,,105.0,-125.0,1.5,9.5,espn,401228001,TOR,BOS,regular,Ross Stripling,Garrett Richards,,,,,,,,
2021,2021-06-11,Houston Astros,Minnesota Twins,6.0,4.0,False,0|0|1|0|1|1|1|0|2,1|1|1|0|0|0|0|1|0,,,-140.0,120.0,,10.5,espn,401227993,HOU,MIN,regular,Jose Urquidy,Bailey Ober,,,,,,,,
2021,2021-06-11,Pittsburgh Pirates,Milwaukee Brewers,4.0,7.0,False,0|1|0|0|0|1|0|2|0,0|2|0|0|0|0|5|0,,,265.0,-330.0,1.5,7.5,espn,401227995,PIT,MIL,regular,Chase De Jong,Brandon Woodruff,,,,,,,,
2021,2021-06-11,Los Angeles Angels,Arizona Diamondbacks,6.0,5.0,False,0|0|3|0|0|1|1|0|0|1,0|0|0|0|2|2|0|0|1|0,,,-145.0,125.0,,9.0,espn,401227988,LAA,ARI,regular,Shohei Ohtani,Merrill Kelly,,,,,,,,
2021,2021-06-11,Kansas City Royals,Oakland Athletics,3.0,4.0,False,0|0|0|0|0|0|2|1|0,0|0|0|3|0|0|0|0|1,,,110.0,-130.0,1.5,8.5,espn,401227994,KC,OAK,regular,Brady Singer,Cole Irvin,,,,,,,,
2021,2021-06-11,Texas Rangers,Los Angeles Dodgers,1.0,12.0,False,0|0|0|0|0|1|0|0|0,6|0|2|2|2|0|0|0,,,275.0,-350.0,1.5,7.5,espn,401228000,TEX,LAD,regular,Mike Foltynewicz,Clayton Kershaw,,,,,,,,
2021,2021-06-12,San Francisco Giants,Washington Nationals,0.0,2.0,False,0|0|0|0|0|0|0,1|0|0|1|0|0,,,-160.0,140.0,,6.0,espn,401334713,SF,WSH,regular,Kevin Gausman,Erick Fedde,,,,,,,,
2021,2021-06-12,New York Yankees,Philadelphia Phillies,7.0,8.0,False,0|2|0|0|0|1|0|1|3|0,4|0|0|1|2|0|0|0|0|1,,,-125.0,105.0,,9.0,espn,401228009,NYY,PHI,regular,Jameson Taillon,Vince Velasquez,,,,,,,,
2021,2021-06-12,Kansas City Royals,Oakland Athletics,2.0,11.0,False,0|0|0|0|0|0|0|2|0,1|3|0|0|1|1|0|5,,,140.0,-160.0,1.5,9.0,espn,401228008,KC,OAK,regular,Jackson Kowar,James Kaprielian,,,,,,,,
2021,2021-06-12,Los Angeles Angels,Arizona Diamondbacks,8.0,7.0,False,0|0|0|2|2|0|0|1|3,0|0|5|0|0|0|1|0|1,,,-120.0,100.0,,9.0,espn,401228002,LAA,ARI,regular,Alex Cobb,Caleb Smith,,,,,,,,
2021,2021-06-12,Atlanta Braves,Miami Marlins,2.0,4.0,False,0|0|0|0|0|0|0|2|0,1|0|0|1|1|0|0|1,,,-165.0,145.0,,8.0,espn,401228003,ATL,MIA,regular,Max Fried,Zach Thompson,,,,,,,,
2021,2021-06-12,Baltimore Orioles,Tampa Bay Rays,4.0,5.0,False,0|0|0|0|4|0|0|0|0,3|0|0|2|0|0|0|0,,,180.0,-220.0,1.5,8.0,espn,401228004,BAL,TB,regular,Jorge Lopez,Rich Hill,,,,,,,,
2021,2021-06-12,Chicago White Sox,Detroit Tigers,15.0,2.0,False,3|5|0|0|5|0|0|2|0,2|0|0|0|0|0|0|0|0,,,-175.0,155.0,,9.0,espn,401228005,CHW,DET,regular,Dylan Cease,Jose Urena,,,,,,,,
2021,2021-06-12,Pittsburgh Pirates,Milwaukee Brewers,4.0,7.0,False,3|1|0|0|0|0|0|0|0,0|1|1|5|0|0|0|0,,,250.0,-310.0,1.5,7.5,espn,401228010,PIT,MIL,regular,Chad Kuhl,Corbin Burnes,,,,,,,,
2021,2021-06-12,San Diego Padres,New York Mets,1.0,4.0,False,0|0|0|0|0|0|1|0|0,2|0|0|0|0|1|0|1,,,-140.0,120.0,,7.0,espn,401228011,SD,NYM,regular,Joe Musgrove,Marcus Stroman,,,,,,,,
2021,2021-06-12,Seattle Mariners,Cleveland Indians,4.0,5.0,False,1|0|2|0|0|0|1|0|0|0,0|0|0|0|0|0|0|1|3|1,,,-105.0,-115.0,1.5,8.0,espn,401228012,SEA,CLE,regular,Yusei Kikuchi,Triston McKenzie,,,,,,,,
2021,2021-06-12,Toronto Blue Jays,Boston Red Sox,7.0,2.0,False,2|0|0|0|4|0|0|0|1,0|0|0|0|0|1|0|1|0,,,100.0,-120.0,1.5,9.5,espn,401228016,TOR,BOS,regular,Steven Matz,Nick Pivetta,,,,,,,,
2021,2021-06-12,Colorado Rockies,Cincinnati Reds,3.0,10.0,False,0|3|0|0|0|0|0|0|0,2|0|2|0|3|2|1|0,,,130.0,-150.0,1.5,9.0,espn,401228006,COL,CIN,regular,German Marquez,Wade Miley,,,,,,,,
2021,2021-06-12,Houston Astros,Minnesota Twins,2.0,5.0,False,0|0|0|0|0|0|2|0|0,0|0|0|1|3|0|1|0,,,-115.0,-105.0,1.5,9.5,espn,401228007,HOU,MIN,regular,Luis Garcia,Jose Berrios,,,,,,,,
2021,2021-06-12,San Francisco Giants,Washington Nationals,2.0,1.0,False,0|0|0|0|0|0|0|2,0|0|0|0|0|0|0|1,,,-120.0,100.0,,6.5,espn,401228013,SF,WSH,regular,Conner Menez,Jefry Rodriguez,,,,,,,,
2021,2021-06-12,St. Louis Cardinals,Chicago Cubs,2.0,7.0,False,0|1|1|0|0|0|0|0|0,0|5|1|1|0|0|0|0,,,155.0,-175.0,1.5,8.5,espn,401228014,STL,CHC,regular,John Gant,Kyle Hendricks,,,,,,,,
2021,2021-06-12,Texas Rangers,Los Angeles Dodgers,12.0,1.0,False,0|0|2|2|0|0|2|2|4,0|0|0|0|0|0|1|0|0,,,235.0,-290.0,1.5,8.0,espn,401228015,TEX,LAD,regular,Kolby Allard,Trevor Bauer,,,,,,,,
2021,2021-06-13,New York Yankees,Philadelphia Phillies,0.0,7.0,False,0|0|0|0|0|0|0|0|0,1|3|0|0|3|0|0|0,,,105.0,-125.0,1.5,8.0,espn,401228024,NYY,PHI,regular,Domingo German,Aaron Nola,,,,,,,,
2021,2021-06-13,San Francisco Giants,Washington Nationals,0.0,5.0,False,0|0|0|0|0|0|0|0|0,1|3|0|0|1|0|0|0,,,-105.0,-115.0,1.5,9.0,espn,401228028,SF,WSH,regular,Johnny Cueto,Joe Ross,,,,,,,,
2021,2021-06-13,Atlanta Braves,Miami Marlins,6.0,4.0,False,3|0|1|0|1|1|0|0|0,0|0|0|0|2|0|2|0|0,,,115.0,-135.0,1.5,8.0,espn,401228018,ATL,MIA,regular,Drew Smyly,Pablo Lopez,,,,,,,,
2021,2021-06-13,Baltimore Orioles,Tampa Bay Rays,1.0,7.0,False,0|1|0|0|0|0|0|0|0,0|0|1|2|0|0|4|0,,,155.0,-175.0,1.5,8.0,espn,401228019,BAL,TB,regular,Bruce Zimmermann,Michael Wacha,,,,,,,,
2021,2021-06-13,Chicago White Sox,Detroit Tigers,4.0,1.0,False,0|0|0|1|1|2|0|0|0,0|0|0|0|0|0|1|0|0,,,-230.0,190.0,,9.0,espn,401228020,CHW,DET,regular,Carlos Rodon,Kyle Funkhouser,,,,,,,,
2021,2021-06-13,Colorado Rockies,Cincinnati Reds,2.0,6.0,False,1|0|0|0|0|0|1|0|0,0|3|0|0|0|0|3|0,,,140.0,-160.0,1.5,10.0,espn,401228021,COL,CIN,regular,Antonio Senzatela,Tony Santillan,,,,,,,,
2021,2021-06-13,San Diego Padres,New York Mets,7.0,3.0,False,1|0|0|0|0|0|6|0|0,0|0|0|0|2|0|0|1|0,,,-130.0,110.0,,8.0,espn,401228026,SD,NYM,regular,Chris Paddack,Joey Lucchesi,,,,,,,,
2021,2021-06-13,Seattle Mariners,Cleveland Indians,6.0,2.0,False,0|2|1|2|0|0|0|0|1,0|0|0|0|0|1|0|0|1,,,200.0,-240.0,1.5,7.5,espn,401228027,SEA,CLE,regular,Logan Gilbert,Shane Bieber,,,,,,,,
2021,2021-06-13,Toronto Blue Jays,Boston Red Sox,18.0,4.0,False,4|1|0|4|4|1|2|0|2,0|1|0|0|2|0|1|0|0,,,-135.0,115.0,,10.5,espn,401228031,TOR,BOS,regular,Robbie Ray,Martin Perez,,,,,,,,
2021,2021-06-13,Houston Astros,Minnesota Twins,14.0,3.0,False,1|0|0|2|2|4|2|2|1,0|0|0|0|1|1|0|1|0,,,-155.0,135.0,,10.0,espn,401228022,HOU,MIN,regular,Framber Valdez,Michael Pineda,,,,,,,,
2021,2021-06-13,Pittsburgh Pirates,Milwaukee Brewers,2.0,5.0,False,0|1|0|0|0|1|0|0|0,1|0|0|0|0|3|1|0,,,160.0,-180.0,1.5,9.0,espn,401228025,PIT,MIL,regular,Wil Crowe,Adrian Houser,,,,,,,,
2021,2021-06-13,Kansas City Royals,Oakland Athletics,3.0,6.0,False,0|1|1|0|0|0|1|0|0,1|2|1|0|1|1|0|0,,,175.0,-210.0,1.5,8.5,espn,401228023,KC,OAK,regular,Kris Bubic,Chris Bassitt,,,,,,,,
2021,2021-06-13,Los Angeles Angels,Arizona Diamondbacks,10.0,3.0,False,2|4|0|0|0|2|0|2|0,0|0|0|1|0|0|1|0|1,,,-135.0,115.0,,9.5,espn,401228017,LAA,ARI,regular,Patrick Sandoval,Jon Duplantier,,,,,,,,
2021,2021-06-13,Texas Rangers,Los Angeles Dodgers,3.0,5.0,False,0|0|0|0|0|0|0|0|3,1|0|3|0|0|0|1|0,,,175.0,-210.0,1.5,8.0,espn,401228030,TEX,LAD,regular,Dane Dunning,Walker Buehler,,,,,,,,
2021,2021-06-13,St. Louis Cardinals,Chicago Cubs,0.0,2.0,False,0|0|0|0|0|0|0|0|0,0|0|2|0|0|0|0|0,,,115.0,-135.0,1.5,9.5,espn,401228029,STL,CHC,regular,Carlos Martinez,Zach Davies,,,,,,,,
2021,2021-06-14,Chicago Cubs,New York Mets,2.0,5.0,False,0|0|0|0|0|0|2|0|0,0|0|0|3|1|1|0|0,,,115.0,-135.0,1.5,8.5,espn,401228035,CHC,NYM,regular,Jake Arrieta,David Peterson,,,,,,,,
2021,2021-06-14,Pittsburgh Pirates,Washington Nationals,2.0,3.0,False,0|1|0|0|0|1|0|0|0,0|0|2|0|0|0|1|0,,,105.0,-125.0,1.5,8.0,espn,401228041,PIT,WSH,regular,JT Brubaker,Jon Lester,,,,,,,,
2021,2021-06-14,Baltimore Orioles,Cleveland Indians,3.0,4.0,False,0|0|0|2|0|0|1|0|0,3|0|0|0|0|1|0|0,,,135.0,-155.0,1.5,8.5,espn,401228034,BAL,CLE,regular,Dean Kremer,J.C. Mejia,,,,,,,,
2021,2021-06-14,Toronto Blue Jays,Boston Red Sox,1.0,2.0,False,0|0|0|0|0|0|0|0|1,0|0|1|0|0|0|0|0|1,,,105.0,-125.0,1.5,9.5,espn,401228044,TOR,BOS,regular,Alek Manoah,Nathan Eovaldi,,,,,,,,
2021,2021-06-14,Cincinnati Reds,Milwaukee Brewers,10.0,2.0,False,1|3|0|0|0|0|2|0|4,1|1|0|0|0|0|0|0|0,,,120.0,-140.0,1.5,9.5,espn,401228036,CIN,MIL,regular,Vladimir Gutierrez,Eric Lauer,,,,,,,,
2021,2021-06-14,Detroit Tigers,Kansas City Royals,10.0,3.0,False,4|0|0|2|1|0|0|1|2,0|0|0|1|1|1|0|0|0,,,125.0,-145.0,1.5,9.5,espn,401228037,DET,KC,regular,Matthew Boyd,Brad Keller,,,,,,,,
2021,2021-06-14,Tampa Bay Rays,Chicago White Sox,5.0,2.0,False,2|0|1|0|0|0|0|1|1,0|0|2|0|0|0|0|0|0,,,-125.0,105.0,,7.0,espn,401228043,TB,CHW,regular,Tyler Glasnow,Lance Lynn,,,,,,,,
2021,2021-06-14,Miami Marlins,St. Louis Cardinals,2.0,4.0,False,0|0|2|0|0|0|0|0|0,0|1|0|0|1|0|0|2,,,175.0,-210.0,1.5,8.5,espn,401228038,MIA,STL,regular,Braxton Garrett,Adam Wainwright,,,,,,,,
2021,2021-06-14,San Diego Padres,Colorado Rockies,2.0,3.0,False,0|0|0|0|0|0|0|0|2,0|0|1|0|0|0|1|1,,,-230.0,190.0,,11.5,espn,401228042,SD,COL,regular,Dinelson Lamet,Austin Gomber,,,,,,,,
2021,2021-06-14,Los Angeles Angels,Oakland Athletics,5.0,8.0,False,0|1|0|0|0|0|4|0|0,0|2|5|0|1|0|0|0,,,130.0,-150.0,1.5,8.5,espn,401228032,LAA,OAK,regular,Dylan Bundy,Sean Manaea,,,,,,,,
2021,2021-06-14,Arizona Diamondbacks,San Francisco Giants,2.0,5.0,False,0|0|0|1|0|1|0|0|0,0|0|1|0|2|0|0|2,,,155.0,-175.0,1.5,8.0,espn,401228033,ARI,SF,regular,Matt Peacock,Alex Wood,,,,,,,,
2021,2021-06-14,Minnesota Twins,Seattle Mariners,3.0,4.0,False,1|0|0|2|0|0|0|0|0,0|0|1|0|2|0|0|1,,,-115.0,-105.0,1.5,8.5,espn,401228039,MIN,SEA,regular,Kenta Maeda,Marco Gonzales,,,,,,,,
2021,2021-06-14,Philadelphia Phillies,Los Angeles Dodgers,1.0,3.0,False,1|0|0|0|0|0|0|0|0,0|0|0|2|1|0|0|0,,,155.0,-175.0,1.5,9.0,espn,401228040,PHI,LAD,regular,Spencer Howard,Tony Gonsolin,,,,,,,,
2021,2021-06-15,Chicago Cubs,New York Mets,2.0,3.0,False,0|0|2|0|0|0|0|0|0,0|0|2|0|1|0|0|0,,,120.0,-140.0,1.5,8.5,espn,401228049,CHC,NYM,regular,Alec Mills,Taijuan Walker,,,,,,,,
2021,2021-06-15,Pittsburgh Pirates,Washington Nationals,1.0,8.0,False,0|0|0|0|0|0|1|0|0,5|0|0|1|0|0|0|2,,,145.0,-165.0,1.5,8.5,espn,401228056,PIT,WSH,regular,Tyler Anderson,Patrick Corbin,,,,,,,,
2021,2021-06-15,New York Yankees,Toronto Blue Jays,6.0,5.0,False,0|1|0|1|0|1|2|1|0,1|0|1|3|0|0|0|0|0,,,110.0,-130.0,1.5,8.5,espn,401228054,NYY,TOR,regular,Jordan Montgomery,Hyun Jin Ryu,,,,,,,,
2021,2021-06-15,Baltimore Orioles,Cleveland Indians,2.0,7.0,False,0|1|0|0|1|0|0|0|0,1|0|0|5|0|0|1|0,,,155.0,-175.0,1.5,8.5,espn,401228047,BAL,CLE,regular,Matt Harvey,Cal Quantrill,,,,,,,,
2021,2021-06-15,Boston Red Sox,Atlanta Braves,10.0,8.0,False,4|0|1|0|2|0|0|3|0,0|0|1|3|0|3|0|0|1,,,100.0,-120.0,1.5,9.5,espn,401228048,BOS,ATL,regular,Eduardo Rodriguez,Tucker Davidson,,,,,,,,
2021,2021-06-15,Cincinnati Reds,Milwaukee Brewers,2.0,1.0,False,0|0|0|0|0|0|0|0|0|2,0|0|0|0|0|0|0|0|0|1,,,-115.0,-105.0,1.5,9.0,espn,401228050,CIN,MIL,regular,Luis Castillo,Brett Anderson,,,,,,,,
2021,2021-06-15,Detroit Tigers,Kansas City Royals,4.0,3.0,False,1|0|2|0|0|1|0|0|0,0|0|2|0|0|0|1|0|0,,,115.0,-135.0,1.5,8.5,espn,401228051,DET,KC,regular,Casey Mize,Mike Minor,,,,,,,,
2021,2021-06-15,Tampa Bay Rays,Chicago White Sox,0.0,3.0,False,0|0|0|0|0|0|0|0|0,0|0|0|2|1|0|0|0,,,100.0,-120.0,1.5,8.5,espn,401228058,TB,CHW,regular,Shane McClanahan,Dallas Keuchel,,,,,,,,
2021,2021-06-15,Texas Rangers,Houston Astros,3.0,6.0,False,0|0|0|1|1|0|0|0|0|1,0|0|0|0|0|1|0|0|1|4,,,160.0,-180.0,1.5,8.5,espn,401228059,TEX,HOU,regular,Kyle Gibson,Lance McCullers Jr.,,,,,,,,
2021,2021-06-15,Miami Marlins,St. Louis Cardinals,1.0,2.0,False,0|0|1|0|0|0|0|0|0,0|0|0|0|0|1|0|0|1,,,110.0,-130.0,1.5,7.5,espn,401228052,MIA,STL,regular,Trevor Rogers,Kwang Hyun Kim,,,,,,,,
2021,2021-06-15,San Diego Padres,Colorado Rockies,4.0,8.0,False,2|2|0|0|0|0|0|0|0,0|0|0|2|0|2|2|2,,,-245.0,205.0,,11.5,espn,401228057,SD,COL,regular,Yu Darvish,Chi Chi Gonzalez,,,,,,,,
2021,2021-06-15,Los Angeles Angels,Oakland Athletics,4.0,6.0,False,0|0|1|0|1|0|0|1|1,0|0|2|0|0|3|0|1,,,110.0,-130.0,1.5,8.0,espn,401228045,LAA,OAK,regular,Andrew Heaney,Frankie Montas,,,,,,,,
2021,2021-06-15,Arizona Diamondbacks,San Francisco Giants,8.0,9.0,False,4|3|0|0|1|0|0|0|0,0|3|0|0|0|2|0|4,,,167.0,-192.0,1.5,7.5,espn,401228046,ARI,SF,regular,Alex Young,Zack Littell,,,,,,,,
2021,2021-06-15,Minnesota Twins,Seattle Mariners,0.0,10.0,False,0|0|0|0|0|0|0|0|0,1|4|0|1|0|2|1|1,,,-125.0,105.0,,8.5,espn,401228053,MIN,SEA,regular,J.A. Happ,Chris Flexen,,,,,,,,
2021,2021-06-15,Philadelphia Phillies,Los Angeles Dodgers,3.0,5.0,False,0|1|0|0|2|0|0|0|0,1|0|0|2|0|0|1|1,,,140.0,-160.0,1.5,8.5,espn,401228055,PHI,LAD,regular,Zach Eflin,Julio Urias,,,,,,,,
2021,2021-06-16,Miami Marlins,St. Louis Cardinals,0.0,1.0,False,0|0|0|0|0|0|0|0|0,0|0|0|0|0|0|0|0|1,,,-105.0,-115.0,1.5,7.5,espn,401228067,MIA,STL,regular,Sandy Alcantara,Johan Oviedo,,,,,,,,
2021,2021-06-16,Cincinnati Reds,Milwaukee Brewers,2.0,1.0,False,0|0|0|1|0|0|1|0|0,0|0|1|0|0|0|0|0|0,,,125.0,-145.0,1.5,8.0,espn,401228065,CIN,MIL,regular,Tyler Mahle,Freddy Peralta,,,,,,,,
2021,2021-06-16,Detroit Tigers,Kansas City Royals,6.0,5.0,False,0|0|1|0|0|0|3|1|1,0|1|2|0|0|0|0|0|2,,,120.0,-140.0,1.5,9.0,espn,401228066,DET,KC,regular,Tarik Skubal,Brady Singer,,,,,,,,
2021,2021-06-16,Tampa Bay Rays,Chicago White Sox,7.0,8.0,False,0|0|0|0|2|1|2|2|0|0,0|0|0|4|3|0|0|0|0|1,,,115.0,-135.0,1.5,7.5,espn,401228073,TB,CHW,regular,Ryan Yarbrough,Lucas Giolito,,,,,,,,
2021,2021-06-16,San Diego Padres,Colorado Rockies,7.0,8.0,False,0|0|3|2|0|1|0|0|1,3|0|1|3|0|0|0|0|1,,,-210.0,175.0,,12.0,espn,401228072,SD,COL,regular,Blake Snell,Kyle Freeland,,,,,,,,
2021,2021-06-16,Los Angeles Angels,Oakland Athletics,4.0,8.0,False,3|1|0|0|0|0|0|0|0,0|0|0|1|1|6|0|0,,,100.0,-120.0,1.5,9.0,espn,401228060,LAA,OAK,regular,Griffin Canning,Cole Irvin,,,,,,,,
2021,2021-06-16,Pittsburgh Pirates,Washington Nationals,1.0,3.0,False,0|0|0|0|0|0|0|1|0,0|1|0|0|0|0|2|0,,,135.0,-155.0,1.5,9.0,espn,401228071,PIT,WSH,regular,Chase De Jong,Paolo Espino,,,,,,,,
2021,2021-06-16,Boston Red Sox,Atlanta Braves,10.0,8.0,False,2|0|0|2|2|0|4|0|0,0|0|1|2|3|1|0|0|1,,,130.0,-150.0,1.5,9.5,espn,401228063,BOS,ATL,regular,Garrett Richards,Ian Anderson,,,,,,,,
2021,2021-06-16,New York Yankees,Toronto Blue Jays,3.0,2.0,False,1|0|0|0|0|0|2|0|0,1|0|0|0|1|0|0|0|0,,,-170.0,150.0,,8.5,espn,401228069,NYY,TOR,regular,Gerrit Cole,Ross Stripling,,,,,,,,
2021,2021-06-16,Baltimore Orioles,Cleveland Indians,7.0,8.0,False,2|0|1|0|2|0|2|0|0,1|0|5|0|0|2|0|0,,,140.0,-160.0,1.5,7.5,espn,401228062,BAL,CLE,regular,Keegan Akin,Aaron Civale,,,,,,,,
2021,2021-06-16,Chicago Cubs,New York Mets,3.0,6.0,False,0|0|0|1|0|0|0|0|2,0|2|1|2|1|0|0|0,,,255.0,-315.0,1.5,6.5,espn,401228064,CHC,NYM,regular,Robert Stock,Jacob deGrom,,,,,,,,
2021,2021-06-16,Texas Rangers,Houston Astros,4.0,8.0,False,0|0|1|0|0|2|1|0|0,1|3|0|1|0|1|1|1,,,200.0,-240.0,1.5,9.0,espn,401228074,TEX,HOU,regular,Jordan Lyles,Zack Greinke,,,,,,,,
2021,2021-06-16,Arizona Diamondbacks,San Francisco Giants,7.0,13.0,False,2|0|0|0|0|5|0|0|0,4|0|0|4|5|0|0|0,,,160.0,-180.0,1.5,7.5,espn,401228061,ARI,SF,regular,Merrill Kelly,Anthony DeSclafani,,,,,,,,
2021,2021-06-16,Minnesota Twins,Seattle Mariners,7.0,2.0,False,2|0|1|0|4|0|0|0|0,0|0|0|0|1|0|1|0|0,,,-140.0,120.0,,8.5,espn,401228068,MIN,SEA,regular,Bailey Ober,Justus Sheffield,,,,,,,,
2021,2021-06-16,Philadelphia Phillies,Los Angeles Dodgers,2.0,0.0,False,1|0|1|0|0|0|0|0|0,0|0|0|0|0|0|0|0|0,,,130.0,-150.0,1.5,7.0,espn,401228070,PHI,LAD,regular,Zack Wheeler,Clayton Kershaw,,,,,,,,
2021,2021-06-17,Baltimore Orioles,Cleveland Indians,3.0,10.0,False,0|1|0|2|0|0|0|0|0,3|0|1|1|0|2|0|3,,,100.0,-120.0,1.5,9.5,espn,401228076,BAL,CLE,regular,Jorge Lopez,Eli Morgan,,,,,,,,
2021,2021-06-17,Arizona Diamondbacks,San Francisco Giants,3.0,10.0,False,0|0|0|0|0|0|2|0|1,0|3|1|1|1|0|2|2,,,190.0,-230.0,1.5,7.0,espn,401228075,ARI,SF,regular,Zac Gallen,Kevin Gausman,,,,,,,,
2021,2021-06-17,New York Yankees,Toronto Blue Jays,8.0,4.0,False,0|1|2|0|0|0|4|0|1,0|0|2|0|1|1|0|0|0,,,-110.0,-110.0,1.5,10.5,espn,401228082,NYY,TOR,regular,Michael King,T.J. Zeuch,,,,,,,,
2021,2021-06-17,Chicago Cubs,New York Mets,2.0,0.0,False,2|0|0|0|0|0|0|0|0,0|0|0|0|0|0|0|0|0,,,100.0,-120.0,1.5,7.5,espn,401228078,CHC,NYM,regular,Kyle Hendricks,Marcus Stroman,,,,,,,,
2021,2021-06-17,St. Louis Cardinals,Atlanta Braves,0.0,4.0,False,0|0|0|0|0|0|0|0|0,0|0|0|0|1|2|1|0,,,160.0,-180.0,1.5,9.5,espn,401228083,STL,ATL,regular,John Gant,Charlie Morton,,,,,,,,
2021,2021-06-17,Chicago White Sox,Houston Astros,2.0,10.0,False,0|0|0|0|0|2|0|0|0,3|0|0|4|0|1|2|0,,,110.0,-130.0,1.5,8.5,espn,401228077,CHW,HOU,regular,Dylan Cease,Jose Urquidy,,,,,,,,
2021,2021-06-17,Cincinnati Reds,San Diego Padres,4.0,6.0,False,0|0|0|0|0|0|0|0|4,0|0|0|0|0|1|1|0|4,,,160.0,-180.0,1.5,7.5,espn,401228079,CIN,SD,regular,Wade Miley,Joe Musgrove,,,,,,,,
2021,2021-06-17,Milwaukee Brewers,Colorado Rockies,3.0,7.0,False,0|0|0|0|0|0|3|0|0,5|0|0|0|0|2|0|0,,,-155.0,135.0,,10.0,espn,401228081,MIL,COL,regular,Brandon Woodruff,German Marquez,,,,,,,,
2021,2021-06-17,Detroit Tigers,Los Angeles Angels,5.0,7.0,False,0|0|0|0|0|1|0|3|1,0|2|0|0|0|0|5|0,,,200.0,-240.0,1.5,8.5,espn,401228080,DET,LAA,regular,Matt Manning,Shohei Ohtani,,,,,,,,
2021,2021-06-17,Tampa Bay Rays,Seattle Mariners,5.0,6.0,False,0|0|0|2|1|2|0|0|0,0|0|1|0|1|2|0|0|2,,,-175.0,155.0,,8.0,espn,401228084,TB,SEA,regular,Rich Hill,Justin Dunn,,,,,,,,
2021,2021-06-18,Cleveland Indians,Pittsburgh Pirates,10.0,11.0,False,0|0|0|0|0|1|6|3|0,5|0|1|0|0|5|0|0,,,-135.0,115.0,,9.0,espn,401228088,CLE,PIT,regular,J.C. Mejia,Chad Kuhl,,,,,,,,
2021,2021-06-18,New York Mets,Washington Nationals,0.0,1.0,False,0|0|0|0|0|0|0|0|0,0|0|0|0|0|0|0|0|1,,,110.0,-130.0,1.5,9.0,espn,401228094,NYM,WSH,regular,Joey Lucchesi,Erick Fedde,,,,,,,,
2021,2021-06-18,Oakland Athletics,New York Yankees,5.0,3.0,False,1|0|1|0|0|3|0|0|0,0|0|2|0|1|0|0|0|0,,,125.0,-145.0,1.5,9.5,espn,401228095,OAK,NYY,regular,James Kaprielian,Jameson Taillon,,,,,,,,
2021,2021-06-18,Toronto Blue Jays,Baltimore Orioles,1.0,7.0,False,0|0|0|0|1|0|0|0|0,1|0|0|0|1|0|0|5,,,-210.0,175.0,,10.0,espn,401228099,TOR,BAL,regular,Robbie Ray,Thomas Eshelman,,,,,,,,
2021,2021-06-18,St. Louis Cardinals,Atlanta Braves,1.0,9.0,False,1|0|0|0|0|0|0|0|0,1|4|0|4|0|0|0|0,,,135.0,-155.0,1.5,9.5,espn,401228097,STL,ATL,regular,Carlos Martinez,Max Fried,,,,,,,,
2021,2021-06-18,Miami Marlins,Chicago Cubs,10.0,2.0,False,0|0|5|0|0|3|2|0|0,1|0|1|0|0|0|0|0|0,,,150.0,-170.0,1.5,8.5,espn,401228091,MIA,CHC,regular,Cody Poteet,Zach Davies,,,,,,,,
2021,2021-06-18,Minnesota Twins,Texas Rangers,7.0,5.0,False,3|0|0|0|1|0|0|0|0|3,2|0|0|1|0|0|1|0|0|1,,,-165.0,145.0,,9.0,espn,401228093,MIN,TEX,regular,Jose Berrios,Mike Foltynewicz,,,,,,,,
2021,2021-06-18,Boston Red Sox,Kansas City Royals,3.0,5.0,False,0|0|1|0|1|0|0|1|0,0|0|3|0|0|1|1|0,,,-155.0,135.0,,10.5,espn,401228085,BOS,KC,regular,Nick Pivetta,Kyle Zimmer,,,,,,,,
2021,2021-06-18,Chicago White Sox,Houston Astros,1.0,2.0,False,1|0|0|0|0|0|0|0|0,0|0|0|0|1|0|0|0|1,,,-115.0,-105.0,1.5,8.0,espn,401228086,CHW,HOU,regular,Carlos Rodon,Luis Garcia,,,,,,,,
2021,2021-06-18,Milwaukee Brewers,Colorado Rockies,5.0,6.0,False,0|0|1|0|3|0|0|0|1|0,0|1|0|0|1|2|1|0|0|1,,,-192.0,167.0,,10.5,espn,401228092,MIL,COL,regular,Corbin Burnes,Antonio Senzatela,,,,,,,,
2021,2021-06-18,Detroit Tigers,Los Angeles Angels,3.0,11.0,False,0|0|0|0|0|1|1|0|1,0|1|1|0|5|3|0|1,,,180.0,-220.0,1.5,9.5,espn,401228089,DET,LAA,regular,Jose Urena,Alex Cobb,,,,,,,,
2021,2021-06-18,Los Angeles Dodgers,Arizona Diamondbacks,3.0,0.0,False,0|0|0|0|0|0|0|3|0,0|0|0|0|0|0|0|0|0,,,-220.0,180.0,,9.5,espn,401228090,LAD,ARI,regular,Trevor Bauer,Caleb Smith,,,,,,,,
2021,2021-06-18,Philadelphia Phillies,San Francisco Giants,3.0,5.0,False,1|0|0|2|0|0|0|0|0,0|3|0|1|1|0|0|0,,,120.0,-140.0,1.5,8.5,espn,401228096,PHI,SF,regular,Vince Velasquez,Johnny Cueto,,,,,,,,
2021,2021-06-18,Cincinnati Reds,San Diego Padres,2.0,8.0,False,0|0|1|1|0|0|0|0|0,1|1|1|2|0|0|1|2,,,170.0,-200.0,1.5,9.0,espn,401228087,CIN,SD,regular,Tony Santillan,Chris Paddack,,,,,,,,
2021,2021-06-18,Tampa Bay Rays,Seattle Mariners,1.0,5.0,False,1|0|0|0|0|0|0|0|0,4|0|1|0|0|0|0|0,,,-110.0,-110.0,1.5,7.5,espn,401228098,TB,SEA,regular,Michael Wacha,Yusei Kikuchi,,,,,,,,
2021,2021-06-19,Oakland Athletics,New York Yankees,5.0,7.0,False,1|0|0|1|2|0|0|0|1,0|0|0|1|0|1|2|3,,,100.0,-120.0,1.5,9.5,espn,401228110,OAK,NYY,regular,Chris Bassitt,Domingo German,,,,,,,,
2021,2021-06-19,New York Mets,Washington Nationals,5.0,1.0,False,2|0|1|0|2|0|0,0|0|0|0|1|0|0,,,115.0,-135.0,1.5,6.5,espn,401319234,NYM,WSH,regular,David Peterson,Joe Ross,,,,,,,,
2021,2021-06-19,Miami Marlins,Chicago Cubs,11.0,1.0,False,3|1|2|0|1|1|1|2|0,0|0|0|0|0|0|0|1|0,,,110.0,-130.0,1.5,9.0,espn,401228106,MIA,CHC,regular,Pablo Lopez,Jake Arrieta,,,,,,,,
2021,2021-06-19,Cleveland Indians,Pittsburgh Pirates,3.0,6.0,False,0|1|1|0|0|0|0|0|1,0|0|0|0|0|0|6|0,,,-120.0,100.0,,9.0,espn,401228103,CLE,PIT,regular,Cal Quantrill,Wil Crowe,,,,,,,,
2021,2021-06-19,Minnesota Twins,Texas Rangers,3.0,2.0,False,0|0|0|2|0|0|1|0|0,0|0|2|0|0|0|0|0|0,,,-110.0,-110.0,1.5,9.0,espn,401228108,MIN,TEX,regular,Randy Dobnak,Kolby Allard,,,,,,,,
2021,2021-06-19,Philadelphia Phillies,San Francisco Giants,13.0,6.0,False,1|2|3|0|0|2|4|1|0,2|3|1|0|0|0|0|0|0,,,100.0,-120.0,1.5,7.5,espn,401228111,PHI,SF,regular,Aaron Nola,Alex Wood,,,,,,,,
2021,2021-06-19,Toronto Blue Jays,Baltimore Orioles,10.0,7.0,False,2|0|0|0|0|0|1|1|6,0|1|1|3|0|1|1|0|0,,,-165.0,145.0,,10.0,espn,401228114,TOR,BAL,regular,Alek Manoah,Dean Kremer,,,,,,,,
2021,2021-06-19,Boston Red Sox,Kansas City Royals,7.0,1.0,False,1|0|0|0|4|0|0|0|2,0|0|1|0|0|0|0|0|0,,,-120.0,100.0,,11.0,espn,401228100,BOS,KC,regular,Martin Perez,Brad Keller,,,,,,,,
2021,2021-06-19,New York Mets,Washington Nationals,2.0,6.0,False,0|0|0|0|0|0|2,1|0|1|4|0|0,,,-105.0,-115.0,1.5,7.0,espn,401228109,NYM,WSH,regular,Robert Gsellman,Jon Lester,,,,,,,,
2021,2021-06-19,Chicago White Sox,Houston Astros,3.0,7.0,False,0|0|1|0|0|0|2|0|0,1|0|4|1|0|0|0|1,,,115.0,-135.0,1.5,7.5,espn,401228101,CHW,HOU,regular,Lance Lynn,Framber Valdez,,,,,,,,
2021,2021-06-19,Cincinnati Reds,San Diego Padres,5.0,7.0,False,1|1|0|0|3|0|0|0|0,0|0|2|3|0|0|0|2,,,135.0,-155.0,1.5,8.5,espn,401228102,CIN,SD,regular,Vladimir Gutierrez,Miguel Diaz,,,,,,,,
2021,2021-06-19,Milwaukee Brewers,Colorado Rockies,6.0,5.0,False,2|0|1|0|0|0|1|0|2,2|1|0|0|2|0|0|0|0,,,100.0,-120.0,1.5,10.5,espn,401228107,MIL,COL,regular,Adrian Houser,Austin Gomber,,,,,,,,
2021,2021-06-19,Detroit Tigers,Los Angeles Angels,3.0,8.0,False,0|0|0|0|1|2|0|0|0,0|1|4|0|0|1|0|2,,,175.0,-210.0,1.5,9.5,espn,401228104,DET,LAA,regular,Wily Peralta,Patrick Sandoval,,,,,,,,
2021,2021-06-19,Los Angeles Dodgers,Arizona Diamondbacks,9.0,3.0,False,2|1|0|0|0|3|1|2|0,0|0|0|0|0|0|0|3|0,,,-250.0,210.0,,9.0,espn,401228105,LAD,ARI,regular,Walker Buehler,Matt Peacock,,,,,,,,
2021,2021-06-19,Tampa Bay Rays,Seattle Mariners,5.0,6.0,False,0|2|0|0|1|1|0|0|1|0,0|5|0|0|0|0|0|0|0|1,,,-145.0,125.0,,7.5,espn,401228113,TB,SEA,regular,Josh Fleming,Logan Gilbert,,,,,,,,
2021,2021-06-20,Cleveland Indians,Pittsburgh Pirates,2.0,1.0,False,0|0|0|0|1|0|1|0|0,0|0|0|0|0|1|0|0|0,,,110.0,-130.0,1.5,8.0,espn,401228118,CLE,PIT,regular,Sam Hentges,JT Brubaker,,,,,,,,
2021,2021-06-20,New York Mets,Washington Nationals,2.0,5.0,False,0|1|0|0|0|0|1|0|0,1|0|1|0|1|0|2|0,,,-105.0,-115.0,1.5,8.5,espn,401228124,NYM,WSH,regular,Taijuan Walker,Patrick Corbin,,,,,,,,
2021,2021-06-20,Oakland Athletics,New York Yankees,1.0,2.0,False,1|0|0|0|0|0|0|0|0,0|0|0|0|0|2|0|0,,,115.0,-135.0,1.5,10.0,espn,401228125,OAK,NYY,regular,Sean Manaea,Jordan Montgomery,,,,,,,,
2021,2021-06-20,Toronto Blue Jays,Baltimore Orioles,7.0,4.0,False,0|0|0|0|4|0|0|2|1,1|0|0|0|0|0|0|3|0,,,-180.0,160.0,,10.5,espn,401228129,TOR,BAL,regular,Hyun Jin Ryu,Matt Harvey,,,,,,,,
2021,2021-06-20,Boston Red Sox,Kansas City Royals,3.0,7.0,False,0|2|0|0|0|0|0|1|0,0|1|3|0|0|3|0|0,,,-135.0,115.0,,9.5,espn,401228115,BOS,KC,regular,Nathan Eovaldi,Mike Minor,,,,,,,,
2021,2021-06-20,Chicago White Sox,Houston Astros,2.0,8.0,False,0|2|0|0|0|0|0|0|0,1|0|5|1|1|0|0|0,,,125.0,-145.0,1.5,8.5,espn,401228116,CHW,HOU,regular,Dallas Keuchel,Lance McCullers Jr.,,,,,,,,
2021,2021-06-20,St. Louis Cardinals,Atlanta Braves,9.0,1.0,False,2|0|0|1|3|3|0,0|0|0|1|0|0|0,,,103.0,-113.0,-1.5,7.5,espn,401337348,STL,ATL,regular,Adam Wainwright,Bryse Wilson,,,,,,,,
2021,2021-06-20,Miami Marlins,Chicago Cubs,0.0,2.0,False,0|0|0|0|0|0|0|0|0,0|0|1|0|1|0|0|0,,,130.0,-150.0,1.5,9.0,espn,401228121,MIA,CHC,regular,Zach Thompson,Alec Mills,,,,,,,,
2021,2021-06-20,Minnesota Twins,Texas Rangers,4.0,2.0,False,2|0|2|0|0|0|0|0|0,0|0|0|0|0|2|0|0|0,,,-130.0,110.0,,8.5,espn,401228123,MIN,TEX,regular,Kenta Maeda,Dane Dunning,,,,,,,,
2021,2021-06-20,Milwaukee Brewers,Colorado Rockies,7.0,6.0,False,2|2|0|1|0|1|0|0|1,0|0|0|0|0|6|0|0|0,,,-135.0,115.0,,12.0,espn,401228122,MIL,COL,regular,Eric Lauer,Chi Chi Gonzalez,,,,,,,,
2021,2021-06-20,Philadelphia Phillies,San Francisco Giants,2.0,11.0,False,0|0|2|0|0|0|0|0|0,3|0|2|0|1|1|2|2,,,100.0,-120.0,1.5,8.0,espn,401228126,PHI,SF,regular,Zach Eflin,Sam Long,,,,,,,,
2021,2021-06-20,Detroit Tigers,Los Angeles Angels,5.0,3.0,False,0|0|1|0|2|0|0|0|0|2,0|0|0|1|2|0|0|0|0|0,,,135.0,-155.0,1.5,9.5,espn,401228119,DET,LAA,regular,Casey Mize,Dylan Bundy,,,,,,,,
2021,2021-06-20,Cincinnati Reds,San Diego Padres,2.0,3.0,False,0|0|0|0|0|0|0|2|0,0|0|3|0|0|0|0|0,,,100.0,-120.0,1.5,7.5,espn,401228117,CIN,SD,regular,Luis Castillo,Dinelson Lamet,,,,,,,,
2021,2021-06-20,Los Angeles Dodgers,Arizona Diamondbacks,9.0,8.0,False,0|0|5|2|2|0|0|0|0,0|0|0|1|0|1|0|6|0,,,-175.0,155.0,,9.0,espn,401228120,LAD,ARI,regular,Tony Gonsolin,Alex Young,,,,,,,,
2021,2021-06-20,Tampa Bay Rays,Seattle Mariners,2.0,6.0,False,0|0|0|0|0|1|1|0|0|0,0|0|1|0|0|0|1|0|0|4,,,-160.0,140.0,,8.5,espn,401228128,TB,SEA,regular,Shane McClanahan,Marco Gonzales,,,,,,,,
2021,2021-06-20,St. Louis Cardinals,Atlanta Braves,0.0,1.0,False,0|0|0|0|0|0|0,0|0|1|0|0|0,,,121.0,-131.0,-1.5,7.5,espn,401228127,STL,ATL,regular,Kwang Hyun Kim,Drew Smyly,,,,,,,,
2021,2021-06-21,Atlanta Braves,New York Mets,2.0,4.0,False,0|0|0|0|0|2|0,1|0|0|0|3|0,,,225.0,-275.0,1.5,5.0,espn,401331817,ATL,NYM,regular,Kyle Muller,Jacob deGrom,,,,,,,,
2021,2021-06-21,Houston Astros,Baltimore Orioles,10.0,2.0,False,0|0|5|0|0|0|2|3|0,0|0|0|0|0|0|0|2|0,,,-175.0,155.0,,10.5,espn,401228133,HOU,BAL,regular,Jake Odorizzi,Keegan Akin,,,,,,,,
2021,2021-06-21,Cleveland Indians,Chicago Cubs,4.0,0.0,False,0|1|0|0|2|0|0|1|0,0|0|0|0|0|0|0|0|0,,,125.0,-145.0,1.5,7.0,espn,401228132,CLE,CHC,regular,Aaron Civale,Adbert Alzolay,,,,,,,,
2021,2021-06-21,Oakland Athletics,Texas Rangers,3.0,8.0,False,0|0|0|0|1|1|1|0|0,5|0|0|0|0|3|0|0,,,-120.0,100.0,,8.0,espn,401228136,OAK,TEX,regular,Frankie Montas,Kyle Gibson,,,,,,,,
2021,2021-06-21,Atlanta Braves,New York Mets,1.0,0.0,False,0|0|0|0|1|0|0,0|0|0|0|0|0|0,,,-145.0,125.0,,6.5,espn,401228130,ATL,NYM,regular,Ian Anderson,Jerad Eickhoff,,,,,,,,
2021,2021-06-21,Cincinnati Reds,Minnesota Twins,5.0,7.0,False,0|0|0|3|0|0|0|0|0|2|0|0,0|3|0|0|0|0|0|0|0|2|0|2,,,-115.0,-105.0,1.5,9.5,espn,401228131,CIN,MIN,regular,Tyler Mahle,J.A. Happ,,,,,,,,
2021,2021-06-21,Milwaukee Brewers,Arizona Diamondbacks,1.0,5.0,False,1|0|0|0|0|0|0|0|0,0|3|0|2|0|0|0|0,,,-155.0,135.0,,9.5,espn,401228135,MIL,ARI,regular,Brett Anderson,Merrill Kelly,,,,,,,,
2021,2021-06-21,Los Angeles Dodgers,San Diego Padres,2.0,6.0,False,0|0|1|0|0|0|0|1|0,4|0|0|0|2|0|0|0,,,125.0,-145.0,1.5,7.0,espn,401228134,LAD,SD,regular,Julio Urias,Yu Darvish,,,,,,,,
2021,2021-06-22,Cincinnati Reds,Minnesota Twins,10.0,7.0,False,0|0|1|0|3|0|0|3|3,0|0|0|2|0|0|0|5|0,,,105.0,-125.0,1.5,9.0,espn,401228140,CIN,MIN,regular,Wade Miley,Bailey Ober,,,,,,,,
2021,2021-06-22,Chicago White Sox,Pittsburgh Pirates,3.0,6.0,False,0|0|0|0|0|0|3|0|0,0|0|1|0|0|1|4|0,,,-165.0,145.0,,7.5,espn,401228139,CHW,PIT,regular,Lucas Giolito,Tyler Anderson,,,,,,,,
2021,2021-06-22,Houston Astros,Baltimore Orioles,3.0,1.0,False,0|1|0|0|0|0|1|1|0,0|0|1|0|0|0|0|0|0,,,-200.0,170.0,,9.5,espn,401228143,HOU,BAL,regular,Zack Greinke,Jorge Lopez,,,,,,,,
2021,2021-06-22,Kansas City Royals,New York Yankees,6.0,5.0,False,0|0|1|1|0|0|0|4|0,1|1|0|0|0|0|1|2|0,,,220.0,-270.0,1.5,7.5,espn,401228144,KC,NYY,regular,Brady Singer,Gerrit Cole,,,,,,,,
2021,2021-06-22,Washington Nationals,Philadelphia Phillies,3.0,2.0,False,2|0|1|0|0|0|0|0|0,0|1|0|0|0|0|0|1|0,,,-110.0,-110.0,1.5,6.5,espn,401228151,WSH,PHI,regular,Max Scherzer,Zack Wheeler,,,,,,,,
2021,2021-06-22,Atlanta Braves,New York Mets,3.0,0.0,False,0|0|3|0|0|0|0|0|0,0|0|0|0|0|0|0|0|0,,,-110.0,-110.0,1.5,7.0,espn,401228137,ATL,NYM,regular,Charlie Morton,Marcus Stroman,,,,,,,,
2021,2021-06-22,Boston Red Sox,Tampa Bay Rays,9.0,5.0,False,0|0|5|0|0|0|0|0|0|0|4,2|0|0|0|3|0|0|0|0|0|0,,,100.0,-120.0,1.5,8.5,espn,401228138,BOS,TB,regular,Eduardo Rodriguez,Andrew Kittredge,,,,,,,,
2021,2021-06-22,St. Louis Cardinals,Detroit Tigers,2.0,8.0,False,0|0|0|0|2|0|0|0|0,0|0|0|6|2|0|0|0,,,-125.0,105.0,,9.0,espn,401228149,STL,DET,regular,Johan Oviedo,Tarik Skubal,,,,,,,,
2021,2021-06-22,Toronto Blue Jays,Miami Marlins,2.0,1.0,False,0|0|0|0|0|1|0|0|1,0|1|0|0|0|0|0|0|0,,,-105.0,-115.0,1.5,7.5,espn,401228150,TOR,MIA,regular,Ross Stripling,Sandy Alcantara,,,,,,,,
2021,2021-06-22,Cleveland Indians,Chicago Cubs,1.0,7.0,False,0|0|0|0|0|0|0|1|0,0|0|0|1|0|4|0|2,,,170.0,-200.0,1.5,8.5,espn,401228141,CLE,CHC,regular,Eli Morgan,Kyle Hendricks,,,,,,,,
2021,2021-06-22,Oakland Athletics,Texas Rangers,13.0,6.0,False,4|3|2|0|0|0|0|0|4,0|0|0|0|4|0|1|1|0,,,-135.0,115.0,,9.0,espn,401228147,OAK,TEX,regular,Cole Irvin,Taylor Hearn,,,,,,,,
2021,2021-06-22,San Francisco Giants,Los Angeles Angels,5.0,0.0,False,4|1|0|0|0|0|0|0|0,0|0|0|0|0|0|0|0|0,,,115.0,-135.0,1.5,9.0,espn,401228148,SF,LAA,regular,Anthony DeSclafani,Andrew Heaney,,,,,,,,
2021,2021-06-22,Milwaukee Brewers,Arizona Diamondbacks,5.0,0.0,False,1|0|0|0|0|3|0|1|0,0|0|0|0|0|0|0|0|0,,,-150.0,130.0,,8.0,espn,401228146,MIL,ARI,regular,Freddy Peralta,Zac Gallen,,,,,,,,
2021,2021-06-22,Los Angeles Dodgers,San Diego Padres,2.0,3.0,False,0|0|0|0|0|0|0|1|1,2|0|0|0|1|0|0|0,,,-130.0,110.0,,7.5,espn,401228145,LAD,SD,regular,Clayton Kershaw,Blake Snell,,,,,,,,
2021,2021-06-22,Colorado Rockies,Seattle Mariners,1.0,2.0,False,0|0|0|0|0|0|1|0|0,0|0|0|0|1|0|0|1,,,150.0,-170.0,1.5,8.5,espn,401228142,COL,SEA,regular,Kyle Freeland,Chris Flexen,,,,,,,,
2021,2021-06-23,Chicago White Sox,Pittsburgh Pirates,4.0,3.0,False,0|2|0|0|2|0|0|0|0,0|0|2|0|0|0|1|0|0,,,-165.0,145.0,,8.5,espn,401228154,CHW,PIT,regular,Dylan Cease,Chase De Jong,,,,,,,,
2021,2021-06-23,Washington Nationals,Philadelphia Phillies,13.0,12.0,False,0|0|0|0|5|6|0|0|2,0|3|1|1|4|0|1|2|0,,,-110.0,-110.0,1.5,9.0,espn,401228164,WSH,PHI,regular,Erick Fedde,Vince Velasquez,,,,,,,,
2021,2021-06-23,St. Louis Cardinals,Detroit Tigers,2.0,6.0,False,0|1|1|0|0|0|0|0|0,0|0|2|1|1|1|0|1,,,-125.0,105.0,,9.0,espn,401228162,STL,DET,regular,John Gant,Matt Manning,,,,,,,,
2021,2021-06-23,Milwaukee Brewers,Arizona Diamondbacks,3.0,2.0,False,0|0|0|0|1|0|2|0|0,0|0|0|0|0|0|1|1|0,,,-225.0,185.0,,7.5,espn,401228159,MIL,ARI,regular,Brandon Woodruff,Caleb Smith,,,,,,,,
2021,2021-06-23,San Francisco Giants,Los Angeles Angels,9.0,3.0,False,0|0|0|0|1|0|0|0|0|0|0|1|7,0|0|0|0|1|0|0|0|0|0|0|1|1,,,-125.0,105.0,,8.0,espn,401228161,SF,LAA,regular,Kevin Gausman,Shohei Ohtani,,,,,,,,
2021,2021-06-23,Colorado Rockies,Seattle Mariners,5.0,2.0,False,0|2|0|1|0|0|0|2|0,0|0|0|0|0|1|0|0|1,,,-115.0,-105.0,1.5,8.5,espn,401228155,COL,SEA,regular,German Marquez,Justus Sheffield,,,,,,,,
2021,2021-06-23,Houston Astros,Baltimore Orioles,13.0,0.0,False,3|1|0|2|0|1|4|2|0,0|0|0|0|0|0|0|0|0,,,-230.0,190.0,,9.5,espn,401228156,HOU,BAL,regular,Jose Urquidy,Thomas Eshelman,,,,,,,,
2021,2021-06-23,Kansas City Royals,New York Yankees,5.0,6.0,False,2|0|0|0|0|0|0|1|2,0|0|0|2|0|0|0|2|2,,,155.0,-175.0,1.5,10.0,espn,401228157,KC,NYY,regular,Danny Duffy,Michael King,,,,,,,,
2021,2021-06-23,Atlanta Braves,New York Mets,3.0,7.0,False,0|0|0|0|2|1|0|0|0,2|3|0|0|0|0|1|1,,,130.0,-150.0,1.5,8.5,espn,401228152,ATL,NYM,regular,Kyle Wright,Tylor Megill,,,,,,,,
2021,2021-06-23,Boston Red Sox,Tampa Bay Rays,2.0,8.0,False,1|0|0|0|0|0|0|1|0,2|3|0|0|0|0|3|0,,,135.0,-155.0,1.5,9.0,espn,401228153,BOS,TB,regular,Garrett Richards,Rich Hill,,,,,,,,
2021,2021-06-23,Toronto Blue Jays,Miami Marlins,3.0,1.0,False,2|0|0|0|1|0|0|0|0,0|0|0|0|0|1|0|0|0,,,-125.0,105.0,,7.5,espn,401228163,TOR,MIA,regular,Robbie Ray,Trevor Rogers,,,,,,,,
2021,2021-06-23,Oakland Athletics,Texas Rangers,3.0,5.0,False,0|0|0|0|0|0|3|0|0,0|0|0|0|1|1|2|1,,,-150.0,130.0,,9.0,espn,401228160,OAK,TEX,regular,James Kaprielian,Mike Foltynewicz,,,,,,,,
2021,2021-06-23,Los Angeles Dodgers,San Diego Padres,3.0,5.0,False,0|0|0|2|0|0|0|1|0,2|0|0|0|0|0|1|2,,,-105.0,-115.0,1.5,7.5,espn,401228158,LAD,SD,regular,Trevor Bauer,Joe Musgrove,,,,,,,,
2021,2021-06-24,Kansas City Royals,New York Yankees,1.0,8.0,False,0|0|0|0|1|0|0|0|0,2|1|1|0|0|3|0|1,,,175.0,-210.0,1.5,9.0,espn,401228171,KC,NYY,regular,Brad Keller,Jameson Taillon,,,,,,,,
2021,2021-06-24,Oakland Athletics,Texas Rangers,5.0,1.0,False,3|0|0|1|0|0|1|0|0,0|1|0|0|0|0|0|0|0,,,-145.0,125.0,,8.0,espn,401228172,OAK,TEX,regular,Chris Bassitt,Kolby Allard,,,,,,,,
2021,2021-06-24,Baltimore Orioles,Toronto Blue Jays,0.0,9.0,False,0|0|0|0|0|0|0|0|0,6|1|2|0|0|0|0|0,,,180.0,-220.0,1.5,10.5,espn,401228166,BAL,TOR,regular,Dean Kremer,Anthony Kay,,,,,,,,
2021,2021-06-24,Atlanta Braves,Cincinnati Reds,3.0,5.0,False,1|0|0|0|0|0|0|2|0,1|0|1|0|0|0|2|1,,,115.0,-135.0,1.5,10.5,espn,401228165,ATL,CIN,regular,Jesse Chavez,Tony Santillan,,,,,,,,
2021,2021-06-24,Boston Red Sox,Tampa Bay Rays,0.0,1.0,False,0|0|0|0|0|0|0|0|0,0|0|0|0|0|0|0|0|1,,,-110.0,-110.0,1.5,9.0,espn,401228167,BOS,TB,regular,Nick Pivetta,Michael Wacha,,,,,,,,
2021,2021-06-24,Houston Astros,Detroit Tigers,12.0,3.0,False,0|2|2|2|2|0|0|0|4,0|0|1|0|0|1|0|0|1,,,-245.0,205.0,,9.5,espn,401228170,HOU,DET,regular,Luis Garcia,Jose Urena,,,,,,,,
2021,2021-06-24,Washington Nationals,Miami Marlins,7.0,3.0,False,1|4|0|0|0|0|2|0|0,0|0|0|0|0|0|0|3|0,,,-120.0,100.0,,8.5,espn,401228174,WSH,MIA,regular,Joe Ross,Cody Poteet,,,,,,,,
2021,2021-06-24,Cleveland Indians,Minnesota Twins,4.0,1.0,False,0|1|0|0|0|0|0|3|0,1|0|0|0|0|0|0|0|0,,,170.0,-200.0,1.5,9.5,espn,401228169,CLE,MIN,regular,J.C. Mejia,Jose Berrios,,,,,,,,
2021,2021-06-24,Pittsburgh Pirates,St. Louis Cardinals,8.0,2.0,False,2|0|0|3|0|1|0|2|0,0|1|0|0|0|0|0|1|0,,,135.0,-155.0,1.5,8.5,espn,401228173,PIT,STL,regular,Chad Kuhl,Carlos Martinez,,,,,,,,
2021,2021-06-24,Chicago Cubs,Los Angeles Dodgers,4.0,0.0,False,1|0|0|0|0|2|1|0|0,0|0|0|0|0|0|0|0|0,,,215.0,-260.0,1.5,8.5,espn,401228168,CHC,LAD,regular,Zach Davies,Walker Buehler,,,,,,,,
2021,2021-06-25,Colorado Rockies,Milwaukee Brewers,4.0,5.0,False,0|0|0|0|0|1|3|0|0|0|0,0|0|0|0|0|0|1|1|2|0|1,,,230.0,-280.0,1.5,7.5,espn,401228181,COL,MIL,regular,Jon Gray,Corbin Burnes,,,,,,,,
2021,2021-06-25,Philadelphia Phillies,New York Mets,1.0,2.0,False,0|0|0|0|1|0|0|0,0|0|0|0|0|0|1|1,,,105.0,-125.0,1.5,5.5,espn,401320853,PHI,NYM,regular,Aaron Nola,Taijuan Walker,,,,,,,,
2021,2021-06-25,Baltimore Orioles,Toronto Blue Jays,6.0,5.0,False,0|0|1|0|0|0|0|4|0|1,0|1|1|1|0|0|2|0|0|0,,,215.0,-260.0,1.5,11.0,espn,401228178,BAL,TOR,regular,Matt Harvey,Alek Manoah,,,,,,,,
2021,2021-06-25,Los Angeles Angels,Tampa Bay Rays,3.0,4.0,False,2|0|1|0|0|0|0|0|0,3|0|0|0|0|0|1|0,,,155.0,-175.0,1.5,8.5,espn,401228175,LAA,TB,regular,Griffin Canning,Andrew Kittredge,,,,,,,,
2021,2021-06-25,Atlanta Braves,Cincinnati Reds,3.0,2.0,False,0|0|0|0|1|1|1|0|0,0|0|0|0|0|1|1|0|0,,,-110.0,-110.0,1.5,11.0,espn,401228177,ATL,CIN,regular,Drew Smyly,Vladimir Gutierrez,,,,,,,,
2021,2021-06-25,New York Yankees,Boston Red Sox,3.0,5.0,False,0|3|0|0|0|0|0|0|0,3|0|1|0|0|0|0|1,,,-125.0,105.0,,10.5,espn,401228184,NYY,BOS,regular,Domingo German,Martin Perez,,,,,,,,
2021,2021-06-25,Washington Nationals,Miami Marlins,2.0,11.0,False,0|0|2|0|0|0|0|0|0,4|0|3|1|1|0|0|2,,,125.0,-145.0,1.5,7.5,espn,401228189,WSH,MIA,regular,Jon Lester,Pablo Lopez,,,,,,,,
2021,2021-06-25,Philadelphia Phillies,New York Mets,2.0,1.0,False,0|0|0|0|0|1|0|1,0|0|0|0|0|0|1|0,,,134.0,-145.0,-1.5,7.0,espn,401228186,PHI,NYM,regular,Matt Moore,David Peterson,,,,,,,,
2021,2021-06-25,Kansas City Royals,Texas Rangers,4.0,9.0,False,0|0|1|0|1|0|0|0|2,0|0|0|4|0|5|0|0,,,100.0,-120.0,1.5,8.0,espn,401228183,KC,TEX,regular,Mike Minor,Dane Dunning,,,,,,,,
2021,2021-06-25,Cleveland Indians,Minnesota Twins,7.0,8.0,False,3|0|0|2|1|0|0|0|1,1|0|4|0|1|2|0|0,,,100.0,-120.0,1.5,9.5,espn,401228180,CLE,MIN,regular,Cal Quantrill,Danny Coulombe,,,,,,,,
2021,2021-06-25,Seattle Mariners,Chicago White Sox,9.0,3.0,False,0|2|1|0|0|2|2|1|1,0|1|0|0|0|0|0|2|0,,,165.0,-185.0,1.5,7.5,espn,401228188,SEA,CHW,regular,Yusei Kikuchi,Carlos Rodon,,,,,,,,
2021,2021-06-25,Pittsburgh Pirates,St. Louis Cardinals,5.0,4.0,False,0|0|4|0|1|0|0|0|0,0|1|2|1|0|0|0|0|0,,,150.0,-170.0,1.5,8.5,espn,401228187,PIT,STL,regular,Wil Crowe,Kwang Hyun Kim,,,,,,,,
2021,2021-06-25,Oakland Athletics,San Francisco Giants,0.0,2.0,False,0|0|0|0|0|0|0|0|0,0|0|0|1|0|0|1|0,,,-110.0,-110.0,1.5,8.0,espn,401228185,OAK,SF,regular,Sean Manaea,Johnny Cueto,,,,,,,,
2021,2021-06-25,Arizona Diamondbacks,San Diego Padres,5.0,11.0,False,0|3|2|0|0|0|0|0|0,4|2|0|2|0|0|2|1,,,265.0,-330.0,1.5,8.5,espn,401228176,ARI,SD,regular,Corbin Martin,Chris Paddack,,,,,,,,
2021,2021-06-25,Chicago Cubs,Los Angeles Dodgers,2.0,6.0,False,1|0|0|0|0|0|1|0|0,0|1|1|0|0|0|0|4,,,155.0,-175.0,1.5,9.0,espn,401228179,CHC,LAD,regular,Jake Arrieta,Tony Gonsolin,,,,,,,,
2021,2021-06-26,Houston Astros,Detroit Tigers,1.0,3.0,False,0|0|1|0|0|0|0,0|1|0|0|2|0,,,-225.0,185.0,,7.0,espn,401341478,HOU,DET,regular,Framber Valdez,Casey Mize,,,,,,,,
2021,2021-06-26,Seattle Mariners,Chicago White Sox,3.0,2.0,False,0|0|0|0|1|1|0|0|1,0|0|0|0|1|1|0|0|0,,,165.0,-185.0,1.5,8.5,espn,401228203,SEA,CHW,regular,Logan Gilbert,Lance Lynn,,,,,,,,
2021,2021-06-26,Pittsburgh Pirates,St. Louis Cardinals,1.0,3.0,False,0|0|0|1|0|0|0|0|0,1|1|0|0|1|0|0|0,,,145.0,-165.0,1.5,8.0,espn,401228202,PIT,STL,regular,JT Brubaker,Adam Wainwright,,,,,,,,
2021,2021-06-26,Baltimore Orioles,Toronto Blue Jays,4.0,12.0,False,0|0|0|0|0|0|4|0|0,0|0|4|0|4|4|0|0,,,225.0,-275.0,1.5,10.0,espn,401228193,BAL,TOR,regular,Keegan Akin,Hyun Jin Ryu,,,,,,,,
2021,2021-06-26,Kansas City Royals,Texas Rangers,0.0,8.0,False,0|0|0|0|0|0|0|0|0,0|3|0|3|0|0|0|2,,,135.0,-155.0,1.5,8.0,espn,401228198,KC,TEX,regular,Kyle Zimmer,Kyle Gibson,,,,,,,,
2021,2021-06-26,Los Angeles Angels,Tampa Bay Rays,3.0,13.0,False,0|0|3|0|0|0|0|0|0,0|2|0|4|1|1|5|0,,,135.0,-155.0,1.5,7.5,espn,401228190,LAA,TB,regular,Alex Cobb,Shane McClanahan,,,,,,,,
2021,2021-06-26,Atlanta Braves,Cincinnati Reds,1.0,4.0,False,0|0|0|0|0|0|0|1|0,1|0|2|0|0|0|0|1,,,110.0,-130.0,1.5,9.0,espn,401228192,ATL,CIN,regular,Ian Anderson,Luis Castillo,,,,,,,,
2021,2021-06-26,Colorado Rockies,Milwaukee Brewers,4.0,10.0,False,1|0|0|1|2|0|0|0|0,2|0|0|1|0|0|1|6,,,155.0,-175.0,1.5,8.0,espn,401228196,COL,MIL,regular,Antonio Senzatela,Adrian Houser,,,,,,,,
2021,2021-06-26,Philadelphia Phillies,New York Mets,3.0,4.0,False,0|1|0|0|0|1|0|0|1,0|1|0|0|0|0|1|0|2,,,220.0,-270.0,1.5,6.5,espn,401228201,PHI,NYM,regular,Zach Eflin,Jacob deGrom,,,,,,,,
2021,2021-06-26,Washington Nationals,Miami Marlins,2.0,3.0,False,1|0|0|1|0|0|0|0|0,2|0|0|0|1|0|0|0,,,-110.0,-110.0,1.5,7.5,espn,401228204,WSH,MIA,regular,Patrick Corbin,Zach Thompson,,,,,,,,
2021,2021-06-26,Houston Astros,Detroit Tigers,3.0,2.0,False,0|0|0|0|0|3|0,1|0|0|0|1|0|0,,,-240.0,200.0,,7.5,espn,401228197,HOU,DET,regular,Lance McCullers Jr.,Wily Peralta,,,,,,,,
2021,2021-06-26,Chicago Cubs,Los Angeles Dodgers,2.0,3.0,False,0|0|0|1|1|0|0|0|0,2|0|0|0|0|0|0|0|1,,,165.0,-185.0,1.5,9.0,espn,401228194,CHC,LAD,regular,Alec Mills,Julio Urias,,,,,,,,
2021,2021-06-26,New York Yankees,Boston Red Sox,2.0,4.0,False,0|0|0|0|0|0|0|1|1,0|2|1|0|0|0|1|0,,,105.0,-125.0,1.5,10.5,espn,401228199,NYY,BOS,regular,Jordan Montgomery,Nathan Eovaldi,,,,,,,,
2021,2021-06-26,Oakland Athletics,San Francisco Giants,5.0,6.0,False,0|0|1|0|0|1|2|0|0|1,0|0|0|0|2|0|1|1|0|2,,,110.0,-130.0,1.5,8.0,espn,401228200,OAK,SF,regular,Frankie Montas,Alex Wood,,,,,,,,
2021,2021-06-26,Arizona Diamondbacks,San Diego Padres,10.0,1.0,False,1|1|2|2|0|2|0|2|0,0|0|0|0|0|0|0|0|1,,,225.0,-275.0,1.5,7.5,espn,401228191,ARI,SD,regular,Merrill Kelly,Dinelson Lamet,,,,,,,,
2021,2021-06-27,Seattle Mariners,Chicago White Sox,3.0,2.0,False,0|0|0|0|1|1|0|0|1,0|0|0|0|1|1|0|0|0,,,165.0,-185.0,1.5,8.5,espn,401228203,SEA,CHW,regular,Logan Gilbert,Lance Lynn,,,,,,,,
2021,2021-06-27,Baltimore Orioles,Toronto Blue Jays,2.0,5.0,False,1|0|0|0|1|0|0|0|0,0|1|2|0|2|0|0|0,,,215.0,-260.0,1.5,10.5,espn,401228208,BAL,TOR,regular,Jorge Lopez,Ross Stripling,,,,,,,,
2021,2021-06-27,Los Angeles Angels,Tampa Bay Rays,6.0,4.0,False,0|0|0|1|0|1|2|1|1,0|0|0|0|1|3|0|0|0,,,130.0,-150.0,1.5,8.0,espn,401228205,LAA,TB,regular,Patrick Sandoval,Ryan Yarbrough,,,,,,,,
2021,2021-06-27,Atlanta Braves,Cincinnati Reds,4.0,0.0,False,0|0|2|0|1|1|0|0|0,0|0|0|0|0|0|0|0|0,,,120.0,-140.0,1.5,9.5,espn,401228207,ATL,CIN,regular,Kyle Muller,Tyler Mahle,,,,,,,,
2021,2021-06-27,Houston Astros,Detroit Tigers,1.0,2.0,False,0|0|0|1|0|0|0|0|0|0,0|0|0|0|0|0|1|0|0|1,,,-170.0,150.0,,9.0,espn,401228212,HOU,DET,regular,Jake Odorizzi,Tarik Skubal,,,,,,,,
2021,2021-06-27,New York Yankees,Boston Red Sox,2.0,9.0,False,0|0|0|0|0|2|0|0|0,4|0|2|0|0|0|1|2,,,-150.0,130.0,,9.5,espn,401228214,NYY,BOS,regular,Gerrit Cole,Eduardo Rodriguez,,,,,,,,
2021,2021-06-27,Philadelphia Phillies,New York Mets,4.0,2.0,False,0|1|3|0|0|0|0|0|0,0|0|0|0|0|0|0|1|1,,,100.0,-120.0,1.5,7.0,espn,401228216,PHI,NYM,regular,Zack Wheeler,Marcus Stroman,,,,,,,,
2021,2021-06-27,Washington Nationals,Miami Marlins,5.0,1.0,False,1|0|0|0|0|4|0|0|0,1|0|0|0|0|0|0|0|0,,,-135.0,115.0,,6.5,espn,401228219,WSH,MIA,regular,Max Scherzer,Sandy Alcantara,,,,,,,,
2021,2021-06-27,Cleveland Indians,Minnesota Twins,2.0,8.0,False,0|0|1|0|0|1|0|0|0,1|2|1|3|0|0|1|0,,,115.0,-135.0,1.5,10.0,espn,401228210,CLE,MIN,regular,Sam Hentges,J.A. Happ,,,,,,,,
2021,2021-06-27,Colorado Rockies,Milwaukee Brewers,0.0,5.0,False,0|0|0|0|0|0|0|0|0,0|0|1|0|0|4|0|0,,,165.0,-185.0,1.5,9.0,espn,401228211,COL,MIL,regular,Chi Chi Gonzalez,Eric Lauer,,,,,,,,
2021,2021-06-27,Pittsburgh Pirates,St. Louis Cardinals,7.0,2.0,False,3|0|0|2|2|0|0|0|0,0|0|0|0|0|0|1|1|0,,,125.0,-145.0,1.5,9.0,espn,401228217,PIT,STL,regular,Max Kranick,Johan Oviedo,,,,,,,,
2021,2021-06-27,Kansas City Royals,Texas Rangers,1.0,4.0,False,0|0|0|0|1|0|0|0|0,3|0|0|0|0|1|0|0,,,-110.0,-110.0,1.5,9.0,espn,401228213,KC,TEX,regular,Brady Singer,Jordan Lyles,,,,,,,,
2021,2021-06-27,Oakland Athletics,San Francisco Giants,6.0,2.0,False,2|0|0|0|0|3|1|0|0,0|0|0|0|0|0|0|0|2,,,145.0,-165.0,1.5,8.5,espn,401228215,OAK,SF,regular,Cole Irvin,Sam Long,,,,,,,,
2021,2021-06-27,Arizona Diamondbacks,San Diego Padres,4.0,5.0,False,0|0|0|1|0|0|3|0|0,2|0|0|0|0|0|3|0,,,225.0,-275.0,1.5,7.5,espn,401228206,ARI,SD,regular,Zac Gallen,Yu Darvish,,,,,,,,
2021,2021-06-27,Seattle Mariners,Chicago White Sox,5.0,7.0,False,0|0|1|0|0|1|3,2|0|1|4|0|0,,,150.0,-170.0,1.5,7.0,espn,401228218,SEA,CHW,regular,Robert Dugger,Ryan Burr,,,,,,,,
2021,2021-06-27,Chicago Cubs,Los Angeles Dodgers,1.0,7.0,False,0|0|0|1|0|0|0|0|0,0|6|0|0|0|1|0|0,,,175.0,-210.0,1.5,7.5,espn,401228209,CHC,LAD,regular,Adbert Alzolay,Clayton Kershaw,,,,,,,,
2021,2021-06-28,Pittsburgh Pirates,Colorado Rockies,0.0,2.0,False,0|0|0|0|0|0|0|0|0,0|0|1|0|1|0|0|0,,,100.0,-120.0,1.5,11.5,espn,401228227,PIT,COL,regular,Tyler Anderson,Kyle Freeland,,,,,,,,
2021,2021-06-28,Philadelphia Phillies,Cincinnati Reds,4.0,12.0,False,0|0|0|2|2|0|0|0|0,0|0|2|0|0|0|4|6,,,145.0,-165.0,1.5,9.5,espn,401332361,PHI,CIN,regular,Spencer Howard,Wade Miley,,,,,,,,
2021,2021-06-28,Los Angeles Angels,New York Yankees,5.0,3.0,False,2|0|0|0|1|1|0|1|0,1|1|0|0|0|1|0|0|0,,,135.0,-155.0,1.5,10.5,espn,401228220,LAA,NYY,regular,Dylan Bundy,Michael King,,,,,,,,
2021,2021-06-28,New York Mets,Washington Nationals,4.0,8.0,False,0|0|0|0|0|0|1|3|0,2|1|0|0|1|1|0|3,,,115.0,-135.0,1.5,10.0,espn,401319235,NYM,WSH,regular,Jerad Eickhoff,Paolo Espino,,,,,,,,
2021,2021-06-28,Detroit Tigers,Cleveland Indians,5.0,13.0,False,0|1|0|1|2|0|0|1|0,2|3|0|4|2|1|1|0,,,150.0,-170.0,1.5,9.5,espn,401228224,DET,CLE,regular,Matt Manning,Eli Morgan,,,,,,,,
2021,2021-06-28,Kansas City Royals,Boston Red Sox,5.0,6.0,False,3|2|0|0|0|0|0|0|0,1|1|0|3|0|1|0|0,,,135.0,-155.0,1.5,10.5,espn,401228225,KC,BOS,regular,Danny Duffy,Garrett Richards,,,,,,,,
2021,2021-06-28,Baltimore Orioles,Houston Astros,9.0,7.0,False,0|0|1|0|2|0|1|0|5,0|0|0|2|0|0|2|0|3,,,280.0,-360.0,1.5,9.0,espn,401228222,BAL,HOU,regular,Thomas Eshelman,Zack Greinke,,,,,,,,
2021,2021-06-28,Chicago Cubs,Milwaukee Brewers,4.0,14.0,False,2|0|0|0|0|0|2|0|0,2|0|1|0|0|1|0|10,,,167.0,-192.0,1.5,7.0,espn,401228223,CHC,MIL,regular,Kyle Hendricks,Freddy Peralta,,,,,,,,
2021,2021-06-28,Arizona Diamondbacks,St. Louis Cardinals,1.0,7.0,False,0|0|0|0|1|0|0|0|0,0|0|1|0|0|0|6|0,,,130.0,-150.0,1.5,8.5,espn,401228221,ARI,STL,regular,Jake Faria,Wade LeBlanc,,,,,,,,
2021,2021-06-28,San Francisco Giants,Los Angeles Dodgers,2.0,3.0,False,0|0|1|0|0|1|0|0|0,2|0|0|1|0|0|0|0,,,155.0,-175.0,1.5,7.0,espn,401228228,SF,LAD,regular,Anthony DeSclafani,Trevor Bauer,,,,,,,,
2021,2021-06-29,Los Angeles Angels,New York Yankees,5.0,11.0,False,0|2|1|0|2|0|0|0|0,1|4|0|5|0|1|0|0,,,135.0,-155.0,1.5,9.5,espn,401228229,LAA,NYY,regular,Andrew Heaney,Jameson Taillon,,,,,,,,
2021,2021-06-29,Miami Marlins,Philadelphia Phillies,3.0,4.0,False,0|0|0|0|0|0|0|1|2,1|0|0|0|0|1|2|0,,,-110.0,-110.0,1.5,9.0,espn,401228235,MIA,PHI,regular,Trevor Rogers,Vince Velasquez,,,,,,,,
2021,2021-06-29,Tampa Bay Rays,Washington Nationals,3.0,4.0,False,0|0|0|0|1|1|0|0|1,3|1|0|0|0|0|0|0,,,-110.0,-110.0,1.5,9.5,espn,401228242,TB,WSH,regular,Rich Hill,Joe Ross,,,,,,,,
2021,2021-06-29,Seattle Mariners,Toronto Blue Jays,3.0,9.0,False,0|0|0|0|0|3|0|0|0,0|2|0|0|1|3|3|0,,,195.0,-235.0,1.5,9.5,espn,401228240,SEA,TOR,regular,Chris Flexen,Robbie Ray,,,,,,,,
2021,2021-06-29,Kansas City Royals,Boston Red Sox,6.0,7.0,False,1|1|0|2|2|0|0|0|0,2|0|1|2|0|2|0|0,,,190.0,-230.0,1.5,10.5,espn,401228234,KC,BOS,regular,Brad Keller,Nick Pivetta,,,,,,,,
2021,2021-06-29,San Diego Padres,Cincinnati Reds,5.0,4.0,False,2|1|0|2|0|0|0|0|0,1|0|0|1|2|0|0|0|0,,,-160.0,140.0,,10.0,espn,401228239,SD,CIN,regular,Craig Stammen,Tony Santillan,,,,,,,,
2021,2021-06-29,New York Mets,Atlanta Braves,4.0,3.0,False,0|0|0|0|0|0|4|0|0,0|0|0|0|3|0|0|0|0,,,130.0,-150.0,1.5,8.5,espn,401228237,NYM,ATL,regular,Tylor Megill,Charlie Morton,,,,,,,,
2021,2021-06-29,Baltimore Orioles,Houston Astros,13.0,3.0,False,1|0|0|0|2|0|1|5|4,0|1|0|0|2|0|0|0|0,,,240.0,-300.0,1.5,9.0,espn,401228231,BAL,HOU,regular,Travis Lakins Sr.,Jose Urquidy,,,,,,,,
2021,2021-06-29,Chicago Cubs,Milwaukee Brewers,1.0,2.0,False,0|0|0|1|0|0|0|0|0,1|0|0|1|0|0|0|0,,,205.0,-245.0,1.5,7.5,espn,401228232,CHC,MIL,regular,Zach Davies,Brandon Woodruff,,,,,,,,
2021,2021-06-29,Minnesota Twins,Chicago White Sox,6.0,7.0,False,2|0|0|0|0|0|3|0|1,1|0|2|0|4|0|0|0,,,110.0,-130.0,1.5,8.5,espn,401228236,MIN,CHW,regular,Kenta Maeda,Lucas Giolito,,,,,,,,
2021,2021-06-29,Arizona Diamondbacks,St. Louis Cardinals,2.0,3.0,False,0|0|0|0|0|1|1|0|0,0|0|0|0|2|1|0|0,,,140.0,-160.0,1.5,8.5,espn,401228230,ARI,STL,regular,Caleb Smith,Carlos Martinez,,,,,,,,
2021,2021-06-29,Pittsburgh Pirates,Colorado Rockies,0.0,8.0,False,0|0|0|0|0|0|0|0|0,0|2|0|0|3|2|1|0,,,160.0,-180.0,1.5,10.5,espn,401228238,PIT,COL,regular,Chase De Jong,German Marquez,,,,,,,,
2021,2021-06-29,Texas Rangers,Oakland Athletics,5.0,4.0,False,0|0|0|1|1|1|0|0|2,1|0|0|1|0|0|0|0|2,,,170.0,-200.0,1.5,8.5,espn,401228243,TEX,OAK,regular,Mike Foltynewicz,James Kaprielian,,,,,,,,
2021,2021-06-29,San Francisco Giants,Los Angeles Dodgers,1.0,3.0,False,0|0|0|0|0|0|1|0|0,2|0|1|0|0|0|0|0,,,135.0,-155.0,1.5,7.5,espn,401228241,SF,LAD,regular,Kevin Gausman,Walker Buehler,,,,,,,,
2021,2021-06-30,Arizona Diamondbacks,St. Louis Cardinals,4.0,7.0,False,0|0|1|0|0|0|0|3|0,0|2|2|1|1|0|1|0,,,180.0,-220.0,1.5,8.5,espn,401228245,ARI,STL,regular,Riley Smith,Kwang Hyun Kim,,,,,,,,
2021,2021-06-30,Chicago Cubs,Milwaukee Brewers,7.0,15.0,False,7|0|0|0|0|0|0|0|0,1|5|0|8|0|1|0|0,,,135.0,-155.0,1.5,8.5,espn,401228247,CHC,MIL,regular,Jake Arrieta,Aaron Ashby,,,,,,,,
2021,2021-06-30,Pittsburgh Pirates,Colorado Rockies,2.0,6.0,False,2|0|0|0|0|0|0|0|0,0|0|0|1|2|2|1|0,,,145.0,-165.0,1.5,11.0,espn,401228253,PIT,COL,regular,Chad Kuhl,Jon Gray,,,,,,,,
2021,2021-06-30,Tampa Bay Rays,Washington Nationals,6.0,15.0,False,2|0|2|1|0|0|0|0|1,2|0|4|1|1|3|0|4,,,-130.0,110.0,,9.5,espn,401228256,TB,WSH,regular,Drew Rasmussen,Jon Lester,,,,,,,,
2021,2021-06-30,Detroit Tigers,Cleveland Indians,9.0,4.0,False,0|2|0|2|1|2|2,1|1|1|1|0|0|0,,,167.0,-192.0,1.5,8.0,espn,401228248,DET,CLE,regular,Jose Urena,Cal Quantrill,,,,,,,,
2021,2021-06-30,Los Angeles Angels,New York Yankees,11.0,8.0,False,2|1|0|0|1|0|0|0|7,7|0|0|0|0|0|0|1|0,,,100.0,-120.0,1.5,9.5,espn,401228244,LAA,NYY,regular,Shohei Ohtani,Domingo German,,,,,,,,
2021,2021-06-30,Miami Marlins,Philadelphia Phillies,11.0,6.0,False,0|1|0|1|6|2|0|1|0,0|4|0|1|0|0|1|0|0,,,200.0,-240.0,1.5,8.0,espn,401228250,MIA,PHI,regular,Jordan Holloway,Aaron Nola,,,,,,,,
2021,2021-06-30,Seattle Mariners,Toronto Blue Jays,9.0,7.0,False,0|0|4|0|2|0|0|0|0|3,0|1|2|1|1|0|0|1|0|1,,,210.0,-250.0,1.5,10.5,espn,401228255,SEA,TOR,regular,Justus Sheffield,Steven Matz,,,,,,,,
2021,2021-06-30,Kansas City Royals,Boston Red Sox,2.0,6.0,False,0|1|0|0|0|1|0|0|0,0|0|3|0|2|0|0|1,,,125.0,-145.0,1.5,11.0,espn,401228249,KC,BOS,regular,Mike Minor,Martin Perez,,,,,,,,
2021,2021-06-30,San Diego Padres,Cincinnati Reds,7.0,5.0,False,0|2|1|0|4|0,4|0|1|0|0,,,-200.0,170.0,,9.5,espn,401228254,SD,CIN,regular,Joe Musgrove,Vladimir Gutierrez,,,,,,,,
2021,2021-06-30,New York Mets,Atlanta Braves,2.0,20.0,False,2|0|0|0|0|0|0|0|0,2|0|2|7|2|0|1|6,,,140.0,-160.0,1.5,9.0,espn,401228252,NYM,ATL,regular,David Peterson,Max Fried,,,,,,,,
2021,2021-06-30,Baltimore Orioles,Houston Astros,5.0,2.0,False,4|0|0|0|0|0|0|1|0,0|0|0|2|0|0|0|0|0,,,250.0,-310.0,1.5,9.5,espn,401228246,BAL,HOU,regular,Matt Harvey,Luis Garcia,,,,,,,,
2021,2021-06-30,Minnesota Twins,Chicago White Sox,3.0,13.0,False,1|0|0|0|0|1|0|1|0,0|3|1|1|6|2|0|0,,,110.0,-130.0,1.5,9.0,espn,401228251,MIN,CHW,regular,Bailey Ober,Dylan Cease,,,,,,,,
2021,2021-06-30,Texas Rangers,Oakland Athletics,1.0,3.0,False,0|0|0|0|0|0|0|0|1,0|3|0|0|0|0|0|0,,,167.0,-192.0,1.5,8.0,espn,401228257,TEX,OAK,regular,Kolby Allard,Chris Bassitt,,,,,,,,
2021,2021-06-30,Detroit Tigers,Cleveland Indians,7.0,1.0,False,0|2|0|1|1|3|0,0|1|0|0|0|0|0,,,125.0,-145.0,1.5,8.5,espn,401341953,DET,CLE,regular,Wily Peralta,Logan Allen,,,,,,,,
2021,2021-07-01,Seattle Mariners,Toronto Blue Jays,7.0,2.0,False,2|1|2|0|0|0|0|0|2,1|0|0|0|0|0|0|1|0,,,170.0,-200.0,1.5,10.0,espn,401228267,SEA,TOR,regular,Yusei Kikuchi,Hyun Jin Ryu,,,,,,,,
2021,2021-07-01,Kansas City Royals,Boston Red Sox,1.0,15.0,False,0|0|0|0|0|0|0|0|1,1|0|0|4|4|3|1|2,,,210.0,-250.0,1.5,10.0,espn,401228260,KC,BOS,regular,Kris Bubic,Nathan Eovaldi,,,,,,,,
2021,2021-07-01,Minnesota Twins,Chicago White Sox,5.0,8.0,False,0|0|0|0|4|0|0|0|1,0|1|2|0|1|2|2|0,,,125.0,-145.0,1.5,8.5,espn,401228264,MIN,CHW,regular,Jose Berrios,Carlos Rodon,,,,,,,,
2021,2021-07-01,Texas Rangers,Oakland Athletics,8.0,3.0,False,1|0|0|1|2|1|2|1|0,0|0|0|0|0|0|0|3|0,,,167.0,-192.0,1.5,8.0,espn,401228270,TEX,OAK,regular,Dane Dunning,Sean Manaea,,,,,,,,
2021,2021-07-01,Los Angeles Dodgers,Washington Nationals,6.0,2.0,False,0|0|0|1|5|0,1|0|0|1|0,,,-140.0,120.0,,9.5,espn,401228261,LAD,WSH,regular,Victor Gonzalez,Patrick Corbin,,,,,,,,
2021,2021-07-01,Milwaukee Brewers,Pittsburgh Pirates,7.0,2.0,False,0|2|0|0|0|2|0|0|3,0|0|0|0|1|0|0|0|1,,,-260.0,215.0,,8.0,espn,401228263,MIL,PIT,regular,Corbin Burnes,Wil Crowe,,,,,,,,
2021,2021-07-01,Houston Astros,Cleveland Indians,7.0,2.0,False,0|0|0|1|5|0|1|0|0,0|1|1|0|0|0|0|0|0,,,-180.0,160.0,,8.5,espn,401228259,HOU,CLE,regular,Framber Valdez,J.C. Mejia,,,,,,,,
2021,2021-07-01,San Diego Padres,Cincinnati Reds,4.0,5.0,False,0|0|0|0|1|0|2|1|0,0|2|0|0|1|0|0|0|2,,,115.0,-135.0,1.5,9.5,espn,401228266,SD,CIN,regular,Ryan Weathers,Luis Castillo,,,,,,,,
2021,2021-07-01,New York Mets,Atlanta Braves,3.0,4.0,False,1|0|0|0|0|0|1|0|1,3|0|0|0|0|0|0|0|1,,,-170.0,150.0,,7.0,espn,401228265,NYM,ATL,regular,Jacob deGrom,Ian Anderson,,,,,,,,
2021,2021-07-01,St. Louis Cardinals,Colorado Rockies,2.0,5.0,False,0|1|1|0|0|0|0|0|0,0|2|0|0|0|0|0|0|3,,,-140.0,120.0,,11.0,espn,401228269,STL,COL,regular,Adam Wainwright,Antonio Senzatela,,,,,,,,
2021,2021-07-01,San Francisco Giants,Arizona Diamondbacks,3.0,5.0,False,1|0|0|2|0|0|0|0|0,0|2|0|2|1|0|0|0,,,-150.0,130.0,,9.0,espn,401228268,SF,ARI,regular,Johnny Cueto,Merrill Kelly,,,,,,,,
2021,2021-07-02,San Diego Padres,Philadelphia Phillies,3.0,4.0,False,0|0|0|0|0|0|0|0|3|0,2|0|0|0|1|0|0|0|0|1,,,100.0,-120.0,1.5,8.5,espn,401228281,SD,PHI,regular,Chris Paddack,Zack Wheeler,,,,,,,,
2021,2021-07-02,Los Angeles Dodgers,Washington Nationals,10.0,5.0,False,0|0|0|1|0|0|9|0|0,0|3|0|0|0|0|0|1|1,,,-125.0,105.0,,8.0,espn,401228276,LAD,WSH,regular,Julio Urias,Max Scherzer,,,,,,,,
2021,2021-07-02,Milwaukee Brewers,Pittsburgh Pirates,7.0,2.0,False,1|2|0|0|0|2|0|0|2,0|1|0|0|0|0|0|1|0,,,-120.0,100.0,,7.5,espn,401228278,MIL,PIT,regular,Adrian Houser,JT Brubaker,,,,,,,,
2021,2021-07-02,Tampa Bay Rays,Toronto Blue Jays,1.0,11.0,False,0|0|0|0|0|0|0|1|0,2|4|0|0|0|1|3|1,,,110.0,-130.0,1.5,10.0,espn,401228284,TB,TOR,regular,Luis Patino,Alek Manoah,,,,,,,,
2021,2021-07-02,Chicago White Sox,Detroit Tigers,8.0,2.0,False,2|0|0|0|0|0|1|0|5,0|0|0|0|1|0|0|0|1,,,-145.0,125.0,,8.5,espn,401228273,CHW,DET,regular,Lance Lynn,Casey Mize,,,,,,,,
2021,2021-07-02,Chicago Cubs,Cincinnati Reds,1.0,2.0,False,0|0|0|1|0|0|0|0|0,0|0|0|0|0|2|0|0,,,125.0,-145.0,1.5,9.5,espn,401228274,CHC,CIN,regular,Alec Mills,Sonny Gray,,,,,,,,
2021,2021-07-02,Houston Astros,Cleveland Indians,6.0,3.0,False,0|2|4|0|0|0|0|0|0,0|0|0|0|0|3|0|0|0,,,-160.0,140.0,,9.5,espn,401228275,HOU,CLE,regular,Lance McCullers Jr.,Sam Hentges,,,,,,,,
2021,2021-07-02,Miami Marlins,Atlanta Braves,0.0,1.0,False,0|0|0|0|0|0|0|0|0,1|0|0|0|0|0|0|0,,,-105.0,-115.0,1.5,9.0,espn,401228277,MIA,ATL,regular,Pablo Lopez,Drew Smyly,,,,,,,,
2021,2021-07-02,Minnesota Twins,Kansas City Royals,4.0,7.0,False,3|0|0|0|0|1|0|0|0,0|3|2|0|1|0|0|1,,,-110.0,-110.0,1.5,10.0,espn,401228279,MIN,KC,regular,J.A. Happ,Brady Singer,,,,,,,,
2021,2021-07-02,St. Louis Cardinals,Colorado Rockies,9.0,3.0,False,0|2|0|0|0|0|0|0|1|6,0|1|0|0|1|1|0|0|0|0,,,-115.0,-105.0,1.5,13.0,espn,401228283,STL,COL,regular,Johan Oviedo,Chi Chi Gonzalez,,,,,,,,
2021,2021-07-02,Baltimore Orioles,Los Angeles Angels,7.0,8.0,False,1|1|4|0|0|1|0|0|0,0|2|2|3|0|0|0|0|1,,,165.0,-185.0,1.5,10.0,espn,401228271,BAL,LAA,regular,Keegan Akin,Griffin Canning,,,,,,,,
2021,2021-07-02,Boston Red Sox,Oakland Athletics,3.0,2.0,False,0|0|0|1|1|0|0|0|0|1,0|0|0|0|0|0|1|0|1|0,,,-120.0,100.0,,8.0,espn,401228272,BOS,OAK,regular,Eduardo Rodriguez,Frankie Montas,,,,,,,,
2021,2021-07-02,San Francisco Giants,Arizona Diamondbacks,11.0,4.0,False,0|2|1|0|2|0|0|2|4,0|0|0|2|0|0|0|2|0,,,-155.0,135.0,,8.5,espn,401228282,SF,ARI,regular,Alex Wood,Zac Gallen,,,,,,,,
2021,2021-07-02,Texas Rangers,Seattle Mariners,4.0,5.0,False,0|0|2|0|1|0|0|0|1|0,0|0|0|0|1|0|1|2|0|1,,,110.0,-130.0,1.5,8.0,espn,401228285,TEX,SEA,regular,Kyle Gibson,Logan Gilbert,,,,,,,,
2021,2021-07-03,New York Mets,New York Yankees,8.0,3.0,False,0|0|0|0|3|5|0|0|0,0|0|0|0|0|3|0|0|0,,,130.0,-150.0,1.5,8.5,espn,401228295,NYM,NYY,regular,Taijuan Walker,Jordan Montgomery,,,,,,,,
2021,2021-07-03,Tampa Bay Rays,Toronto Blue Jays,3.0,6.0,False,0|0|0|1|0|0|0|0|2,0|1|0|0|0|5|0|0,,,105.0,-125.0,1.5,10.0,espn,401228299,TB,TOR,regular,Shane McClanahan,Ross Stripling,,,,,,,,
2021,2021-07-03,Milwaukee Brewers,Pittsburgh Pirates,11.0,2.0,False,3|2|0|0|0|2|0|2|2,0|1|0|0|0|0|0|1|0,,,-150.0,130.0,,9.5,espn,401228293,MIL,PIT,regular,Eric Lauer,Cody Ponce,,,,,,,,
2021,2021-07-03,San Diego Padres,Philadelphia Phillies,2.0,4.0,False,2|0|0|0|0|0|0|0|0,0|2|0|0|0|2|0|0,,,-160.0,140.0,,8.0,espn,401228296,SD,PHI,regular,Yu Darvish,Zach Eflin,,,,,,,,
2021,2021-07-03,Chicago White Sox,Detroit Tigers,5.0,11.0,False,2|0|0|0|3|0|0|0|0,0|0|0|3|4|0|3|1,,,-110.0,-110.0,1.5,9.0,espn,401228288,CHW,DET,regular,Dallas Keuchel,Tarik Skubal,,,,,,,,
2021,2021-07-03,Chicago Cubs,Cincinnati Reds,2.0,3.0,False,0|1|1|0|0|0|0|0|0,0|0|0|1|1|0|1|0,,,110.0,-130.0,1.5,9.5,espn,401228289,CHC,CIN,regular,Adbert Alzolay,Tyler Mahle,,,,,,,,
2021,2021-07-03,Miami Marlins,Atlanta Braves,3.0,2.0,False,0|0|2|0|0|1|0|0|0,0|0|0|0|1|0|1|0|0,,,105.0,-125.0,1.5,9.0,espn,401228292,MIA,ATL,regular,Sandy Alcantara,Kyle Muller,,,,,,,,
2021,2021-07-03,Minnesota Twins,Kansas City Royals,3.0,6.0,False,0|0|0|2|0|0|0|1|0,0|0|0|4|2|0|0|0,,,105.0,-125.0,1.5,10.0,espn,401228294,MIN,KC,regular,Griffin Jax,Danny Duffy,,,,,,,,
2021,2021-07-03,Boston Red Sox,Oakland Athletics,6.0,7.0,False,0|0|0|2|1|0|1|0|0|0|0|2,0|1|0|0|0|1|0|2|0|0|0|3,,,125.0,-145.0,1.5,9.5,espn,401228287,BOS,OAK,regular,Garrett Richards,Cole Irvin,,,,,,,,
2021,2021-07-03,Houston Astros,Cleveland Indians,3.0,2.0,False,1|0|0|2|0|0|0|0|0,0|0|0|1|0|0|1|0|0,,,-145.0,125.0,,9.0,espn,401228290,HOU,CLE,regular,Jake Odorizzi,Eli Morgan,,,,,,,,
2021,2021-07-03,Los Angeles Dodgers,Washington Nationals,5.0,3.0,False,0|0|0|3|0|1|0|0|1,0|0|0|3|0|0|0|0|0,,,-260.0,215.0,,8.5,espn,401228291,LAD,WSH,regular,Clayton Kershaw,Paolo Espino,,,,,,,,
2021,2021-07-03,St. Louis Cardinals,Colorado Rockies,2.0,3.0,False,0|0|0|0|0|0|0|2|0,0|0|0|0|0|0|3|0,,,-110.0,-110.0,1.5,12.5,espn,401228298,STL,COL,regular,Wade LeBlanc,Kyle Freeland,,,,,,,,
2021,2021-07-03,Baltimore Orioles,Los Angeles Angels,1.0,4.0,False,0|0|1|0|0|0|0|0|0,2|1|0|0|1|0|0|0,,,180.0,-220.0,1.5,9.5,espn,401228286,BAL,LAA,regular,Jorge Lopez,Alex Cobb,,,,,,,,
2021,2021-07-03,San Francisco Giants,Arizona Diamondbacks,6.0,5.0,False,0|0|4|0|0|0|0|2|0,0|0|2|2|1|0|0|0|0,,,-155.0,135.0,,9.0,espn,401228297,SF,ARI,regular,Sam Long,Jake Faria,,,,,,,,
2021,2021-07-03,Texas Rangers,Seattle Mariners,7.0,3.0,False,0|0|4|3|0|0|0|0|0,0|0|1|0|1|0|0|1|0,,,145.0,-165.0,1.5,9.0,espn,401228300,TEX,SEA,regular,Jordan Lyles,Marco Gonzales,,,,,,,,
2021,2021-07-04,Los Angeles Dodgers,Washington Nationals,5.0,1.0,False,0|0|0|1|0|0|2|0|2,0|0|1|0|0|0|0|0|0,,,-135.0,115.0,,9.0,espn,401228306,LAD,WSH,regular,Garrett Cleavinger,Joe Ross,,,,,,,,
2021,2021-07-04,Milwaukee Brewers,Pittsburgh Pirates,0.0,2.0,False,0|0|0|0|0|0|0|0|0,1|0|0|0|0|1|0|0,,,-185.0,165.0,,7.5,espn,401228308,MIL,PIT,regular,Freddy Peralta,Tyler Anderson,,,,,,,,
2021,2021-07-04,San Diego Padres,Philadelphia Phillies,11.0,1.0,False,2|0|3|0|0|0|0|0|6,0|0|0|0|0|1|0|0|0,,,-135.0,115.0,,9.0,espn,401228311,SD,PHI,regular,Blake Snell,Vince Velasquez,,,,,,,,
2021,2021-07-04,Tampa Bay Rays,Toronto Blue Jays,5.0,1.0,False,0|0|0|0|0|2|0|0|3,0|1|0|0|0|0|0|0|0,,,155.0,-175.0,1.5,10.0,espn,401228314,TB,TOR,regular,Ryan Yarbrough,Robbie Ray,,,,,,,,
2021,2021-07-04,Chicago White Sox,Detroit Tigers,5.0,6.0,False,0|0|2|0|0|0|0|0|3,1|3|0|0|2|0|0|0,,,-180.0,160.0,,9.5,espn,401228303,CHW,DET,regular,Lucas Giolito,Matt Manning,,,,,,,,
2021,2021-07-04,Chicago Cubs,Cincinnati Reds,2.0,3.0,False,1|1|0|0|0|0|0|0|0,0|1|0|0|0|0|2|0,,,-105.0,-115.0,1.5,9.5,espn,401228304,CHC,CIN,regular,Kyle Hendricks,Wade Miley,,,,,,,,
2021,2021-07-04,Houston Astros,Cleveland Indians,4.0,3.0,False,0|0|0|1|0|2|0|0|0|1,0|0|0|0|1|1|0|1|0|0,,,-150.0,130.0,,9.0,espn,401228305,HOU,CLE,regular,Zack Greinke,Cal Quantrill,,,,,,,,
2021,2021-07-04,Miami Marlins,Atlanta Braves,7.0,8.0,False,0|0|0|1|0|3|0|0|3|0,0|0|2|0|0|1|0|0|4|1,,,155.0,-175.0,1.5,8.5,espn,401228307,MIA,ATL,regular,Zach Thompson,Charlie Morton,,,,,,,,
2021,2021-07-04,New York Mets,New York Yankees,10.0,5.0,False,1|0|0|3|0|0|6,0|3|1|0|1|0|0,,,150.0,-170.0,1.5,6.0,espn,401343977,NYM,NYY,regular,Marcus Stroman,Gerrit Cole,,,,,,,,
2021,2021-07-04,Minnesota Twins,Kansas City Royals,6.0,2.0,False,0|0|1|0|0|1|3|0|1,0|0|0|0|0|0|0|0|2,,,-135.0,115.0,,10.0,espn,401228309,MIN,KC,regular,Kenta Maeda,Brad Keller,,,,,,,,
2021,2021-07-04,St. Louis Cardinals,Colorado Rockies,2.0,3.0,False,0|2|0|0|0|0|0|0|0,1|0|0|0|0|0|0|1|1,,,140.0,-160.0,1.5,11.0,espn,401228313,STL,COL,regular,Carlos Martinez,German Marquez,,,,,,,,
2021,2021-07-04,Baltimore Orioles,Los Angeles Angels,5.0,6.0,False,0|0|0|0|0|4|0|0|1,2|0|2|0|0|0|0|0|2,,,195.0,-235.0,1.5,11.0,espn,401228301,BAL,LAA,regular,Thomas Eshelman,Patrick Sandoval,,,,,,,,
2021,2021-07-04,Boston Red Sox,Oakland Athletics,1.0,0.0,False,0|0|0|0|0|1|0|0|0,0|0|0|0|0|0|0|0|0,,,-110.0,-110.0,1.5,9.0,espn,401228302,BOS,OAK,regular,Nick Pivetta,James Kaprielian,,,,,,,,
2021,2021-07-04,Texas Rangers,Seattle Mariners,1.0,4.0,False,0|0|0|0|0|1|0|0|0,0|0|0|3|1|0|0|0,,,125.0,-145.0,1.5,9.0,espn,401228315,TEX,SEA,regular,Mike Foltynewicz,Chris Flexen,,,,,,,,
2021,2021-07-04,New York Mets,New York Yankees,2.0,4.0,False,0|0|0|2|0|0|0,0|3|0|0|1|0,,,,,,,espn,401343904,NYM,NYY,regular,Corey Oswalt,Nestor Cortes,,,,,,,,
2021,2021-07-04,San Francisco Giants,Arizona Diamondbacks,5.0,2.0,False,2|0|1|0|0|2|0|0|0,0|0|0|0|0|0|1|0|1,,,-185.0,165.0,,9.0,espn,401228312,SF,ARI,regular,Anthony DeSclafani,Caleb Smith,,,,,,,,
2021,2021-07-05,St. Louis Cardinals,San Francisco Giants,5.0,3.0,False,0|0|0|0|0|0|2|1|2,0|0|0|0|0|0|0|1|2,,,175.0,-210.0,1.5,7.5,espn,401228325,STL,SF,regular,Kwang Hyun Kim,Kevin Gausman,,,,,,,,
2021,2021-07-05,Los Angeles Dodgers,Miami Marlins,4.0,5.0,False,0|0|2|0|0|0|0|2|0,0|0|3|1|0|0|0|1,,,-130.0,110.0,,6.5,espn,401228322,LAD,MIA,regular,Walker Buehler,Trevor Rogers,,,,,,,,
2021,2021-07-05,Chicago White Sox,Minnesota Twins,5.0,8.0,False,0|0|0|0|0|1|4|0|0,0|2|1|0|0|3|0|2,,,-135.0,115.0,,10.0,espn,401228318,CHW,MIN,regular,Dylan Cease,Bailey Ober,,,,,,,,
2021,2021-07-05,Atlanta Braves,Pittsburgh Pirates,1.0,11.0,False,1|0|0|0|0|0|0|0|0,0|0|0|2|0|4|3|2,,,-210.0,175.0,,8.5,espn,401228316,ATL,PIT,regular,Max Fried,Chase De Jong,,,,,,,,
2021,2021-07-05,Cleveland Indians,Tampa Bay Rays,8.0,9.0,False,0|0|0|1|4|3|0|0|0,0|4|0|1|0|1|1|0|2,,,170.0,-200.0,1.5,8.5,espn,401228320,CLE,TB,regular,Logan Allen,Rich Hill,,,,,,,,
2021,2021-07-05,Milwaukee Brewers,New York Mets,2.0,4.0,False,0|0|0|1|0|0|0|0|1,0|0|0|1|0|0|3|0,,,-130.0,110.0,,7.5,espn,401228323,MIL,NYM,regular,Brandon Woodruff,Tylor Megill,,,,,,,,
2021,2021-07-05,Detroit Tigers,Texas Rangers,7.0,3.0,False,0|0|0|1|0|5|0|1|0,0|0|0|0|0|0|0|0|3,,,145.0,-165.0,1.5,9.0,espn,401228321,DET,TEX,regular,Wily Peralta,Kolby Allard,,,,,,,,
2021,2021-07-05,Philadelphia Phillies,Chicago Cubs,13.0,3.0,False,0|0|1|1|0|2|0|6|3,0|1|1|0|0|0|0|1|0,,,130.0,-150.0,1.5,11.0,espn,401228324,PHI,CHC,regular,Matt Moore,Zach Davies,,,,,,,,
2021,2021-07-05,Cincinnati Reds,Kansas City Royals,6.0,2.0,False,0|1|0|0|0|0|4|0|1,0|0|1|0|0|1|0|0|0,,,110.0,-130.0,1.5,10.5,espn,401228319,CIN,KC,regular,Vladimir Gutierrez,Mike Minor,,,,,,,,
2021,2021-07-05,Boston Red Sox,Los Angeles Angels,5.0,4.0,False,0|2|0|2|1|0|0|0|0,0|1|0|0|1|0|1|0|1,,,-115.0,-105.0,1.5,10.0,espn,401228317,BOS,LAA,regular,Martin Perez,Jose Suarez,,,,,,,,
2021,2021-07-05,Washington Nationals,San Diego Padres,7.0,5.0,False,1|4|0|0|0|0|1|1|0,0|0|3|2|0|0|0|0|0,,,215.0,-260.0,1.5,8.5,espn,401228326,WSH,SD,regular,Jon Lester,Joe Musgrove,,,,,,,,
2021,2021-07-06,Atlanta Braves,Pittsburgh Pirates,1.0,2.0,False,0|0|0|0|1|0|0|0|0,0|0|1|0|0|0|0|0|1,,,-185.0,165.0,,9.0,espn,401228327,ATL,PIT,regular,Ian Anderson,Chad Kuhl,,,,,,,,
2021,2021-07-06,Toronto Blue Jays,Baltimore Orioles,5.0,7.0,False,1|0|0|0|0|0|1|1|2,0|0|0|2|5|0|0|0,,,-230.0,190.0,,11.0,espn,401228340,TOR,BAL,regular,Steven Matz,Spenser Watkins,,,,,,,,
2021,2021-07-06,Los Angeles Dodgers,Miami Marlins,1.0,2.0,False,0|0|0|1|0|0|0|0|0|0,0|0|0|0|0|1|0|0|0|1,,,-140.0,120.0,,8.0,espn,401228334,LAD,MIA,regular,Tony Gonsolin,Pablo Lopez,,,,,,,,
2021,2021-07-06,Detroit Tigers,Texas Rangers,5.0,10.0,False,0|0|0|1|0|1|3|0|0,0|0|0|4|1|0|3|2,,,160.0,-180.0,1.5,8.0,espn,401228333,DET,TEX,regular,Jose Urena,Dane Dunning,,,,,,,,
2021,2021-07-06,Philadelphia Phillies,Chicago Cubs,15.0,10.0,False,4|3|0|2|0|0|6|0|0,0|0|3|0|0|1|3|2|1,,,-140.0,120.0,,10.0,espn,401228338,PHI,CHC,regular,Aaron Nola,Jake Arrieta,,,,,,,,
2021,2021-07-06,Chicago White Sox,Minnesota Twins,4.0,1.0,False,0|2|0|0|0|0|0|2|0,0|0|0|0|0|1|0|0|0,,,-125.0,105.0,,8.0,espn,401228329,CHW,MIN,regular,Carlos Rodon,Jose Berrios,,,,,,,,
2021,2021-07-06,Cincinnati Reds,Kansas City Royals,6.0,7.0,False,0|0|3|2|0|0|1|0|0,0|0|0|0|1|0|0|2|4,,,-150.0,130.0,,9.5,espn,401228330,CIN,KC,regular,Luis Castillo,Kris Bubic,,,,,,,,
2021,2021-07-06,Oakland Athletics,Houston Astros,6.0,9.0,False,3|3|0|0|0|0|0|0|0,2|0|0|1|3|3|0|0,,,140.0,-160.0,1.5,8.5,espn,401228337,OAK,HOU,regular,Chris Bassitt,Framber Valdez,,,,,,,,
2021,2021-07-06,Boston Red Sox,Los Angeles Angels,3.0,5.0,False,1|0|0|0|0|1|0|0|1,3|0|0|0|0|2|0|0,,,-115.0,-105.0,1.5,8.5,espn,401228328,BOS,LAA,regular,Nathan Eovaldi,Shohei Ohtani,,,,,,,,
2021,2021-07-06,Colorado Rockies,Arizona Diamondbacks,3.0,4.0,False,0|0|0|1|1|0|1|0|0,3|0|0|0|0|0|0|0|1,,,115.0,-135.0,1.5,8.5,espn,401228332,COL,ARI,regular,Jon Gray,Merrill Kelly,,,,,,,,
2021,2021-07-06,St. Louis Cardinals,San Francisco Giants,6.0,5.0,False,2|0|0|2|0|0|1|1|0,0|0|2|0|1|0|0|2|0,,,115.0,-135.0,1.5,8.0,espn,401228339,STL,SF,regular,Adam Wainwright,Johnny Cueto,,,,,,,,
2021,2021-07-06,New York Yankees,Seattle Mariners,12.0,1.0,False,3|3|2|0|1|0|0|3|0,0|0|0|0|0|1|0|0|0,,,-170.0,150.0,,9.5,espn,401228336,NYY,SEA,regular,Jameson Taillon,Justus Sheffield,,,,,,,,
2021,2021-07-06,Washington Nationals,San Diego Padres,4.0,7.0,False,0|0|0|0|3|1|0|0|0,0|0|0|3|3|0|1|0,,,155.0,-170.0,1.5,9.0,espn,401228341,WSH,SD,regular,Erick Fedde,Ryan Weathers,,,,,,,,
2021,2021-07-07,Cleveland Indians,Tampa Bay Rays,1.0,8.0,False,0|1|0|0|0|0|0,3|0|3|1|0|1,,,135.0,-155.0,1.5,7.0,espn,401344255,CLE,TB,regular,J.C. Mejia,Michael Wacha,,,,,,,,
2021,2021-07-07,Atlanta Braves,Pittsburgh Pirates,14.0,3.0,False,1|0|1|0|0|5|0|7|0,3|0|0|0|0|0|0|0|0,,,-160.0,140.0,,9.5,espn,401228342,ATL,PIT,regular,Drew Smyly,Wil Crowe,,,,,,,,
2021,2021-07-07,Chicago White Sox,Minnesota Twins,6.0,1.0,False,0|2|0|0|1|2|1|0|0,0|0|0|1|0|0|0|0|0,,,-120.0,100.0,,8.5,espn,401228344,CHW,MIN,regular,Lance Lynn,Michael Pineda,,,,,,,,
2021,2021-07-07,Detroit Tigers,Texas Rangers,5.0,3.0,False,1|0|0|1|0|0|3|0|0,0|1|0|1|0|0|0|1|0,,,130.0,-150.0,1.5,8.0,espn,401228348,DET,TEX,regular,Casey Mize,Kyle Gibson,,,,,,,,
2021,2021-07-07,Cincinnati Reds,Kansas City Royals,5.0,2.0,False,0|0|0|0|0|0|3|1|1,0|0|0|2|0|0|0|0|0,,,-130.0,110.0,,9.5,espn,401228345,CIN,KC,regular,Sonny Gray,Brady Singer,,,,,,,,
2021,2021-07-07,Milwaukee Brewers,New York Mets,3.0,4.0,False,1|0|0|0|1|0|0|1,1|0|0|0|0|0|1|2,,,160.0,-180.0,1.5,4.5,espn,401344473,MIL,NYM,regular,Corbin Burnes,Jacob deGrom,,,,,,,,
2021,2021-07-07,Cleveland Indians,Tampa Bay Rays,0.0,4.0,False,0|0|0|0|0|0|0,0|1|0|1|2|0,,,163.0,-190.0,-1.5,6.5,espn,401228346,CLE,TB,regular,Sam Hentges,Collin McHugh,,,,,,,,
2021,2021-07-07,Boston Red Sox,Los Angeles Angels,4.0,5.0,False,0|0|0|0|2|1|0|1|0,2|0|0|0|2|0|1|0,,,-135.0,115.0,,9.0,espn,401228343,BOS,LAA,regular,Eduardo Rodriguez,Andrew Heaney,,,,,,,,
2021,2021-07-07,Los Angeles Dodgers,Miami Marlins,6.0,9.0,False,0|0|5|0|0|0|0|0|1,1|1|1|0|1|1|0|1|3,,,-165.0,145.0,,9.0,espn,401228349,LAD,MIA,regular,Jake Reed,Ross Detwiler,,,,,,,,
2021,2021-07-07,Toronto Blue Jays,Baltimore Orioles,10.0,2.0,False,3|0|0|3|1|2|0|1|0,0|0|0|0|1|0|0|1|0,,,-200.0,170.0,,11.0,espn,401228355,TOR,BAL,regular,Hyun Jin Ryu,Matt Harvey,,,,,,,,
2021,2021-07-07,Milwaukee Brewers,New York Mets,5.0,0.0,False,0|2|0|0|0|1|2,0|0|0|0|0|0|0,,,-105.0,-115.0,1.5,7.0,espn,401228350,MIL,NYM,regular,Brett Anderson,Robert Stock,,,,,,,,
2021,2021-07-07,Philadelphia Phillies,Chicago Cubs,3.0,8.0,False,0|0|0|0|0|3|0|0|0,3|2|0|0|0|3|0|0,,,-140.0,120.0,,7.0,espn,401228353,PHI,CHC,regular,Zack Wheeler,Alec Mills,,,,,,,,
2021,2021-07-07,Oakland Athletics,Houston Astros,3.0,4.0,False,1|0|0|0|0|2|0|0|0,0|0|3|0|0|0|1|0,,,135.0,-155.0,1.5,8.5,espn,401228352,OAK,HOU,regular,Sean Manaea,Luis Garcia,,,,,,,,
2021,2021-07-07,Colorado Rockies,Arizona Diamondbacks,4.0,6.0,False,0|0|0|0|0|0|1|3|0,0|3|0|0|0|0|3|0,,,-110.0,-110.0,1.5,9.5,espn,401228347,COL,ARI,regular,Antonio Senzatela,Humberto Castellanos,,,,,,,,
2021,2021-07-07,St. Louis Cardinals,San Francisco Giants,2.0,5.0,False,1|0|0|0|0|0|0|1|0,1|1|0|0|1|0|0|2,,,160.0,-180.0,1.5,9.0,espn,401228354,STL,SF,regular,Johan Oviedo,Alex Wood,,,,,,,,
2021,2021-07-07,New York Yankees,Seattle Mariners,5.0,4.0,False,3|2|0|0|0|0|0|0|0,1|0|0|0|0|3|0|0|0,,,100.0,-120.0,1.5,8.5,espn,401228351,NYY,SEA,regular,Nick Nelson,Yusei Kikuchi,,,,,,,,
2021,2021-07-07,Washington Nationals,San Diego Padres,15.0,5.0,False,3|4|2|1|0|0|0|4|1,0|0|0|0|1|1|0|0|3,,,155.0,-175.0,1.5,8.5,espn,401228356,WSH,SD,regular,Patrick Corbin,Chris Paddack,,,,,,,,
2021,2021-07-08,Los Angeles Dodgers,Miami Marlins,6.0,1.0,False,0|0|0|1|5|0|0|0|0,1|0|0|0|0|0|0|0|0,,,-165.0,145.0,,7.0,espn,401228361,LAD,MIA,regular,Julio Urias,Sandy Alcantara,,,,,,,,
2021,2021-07-08,Oakland Athletics,Houston Astros,2.0,1.0,False,2|0|0|0|0|0|0|0|0,0|0|0|0|0|0|1|0|0,,,160.0,-180.0,1.5,9.0,espn,401228363,OAK,HOU,regular,Frankie Montas,Lance McCullers Jr.,,,,,,,,
2021,2021-07-08,Colorado Rockies,Arizona Diamondbacks,9.0,3.0,False,0|1|0|1|0|2|4|0|1,0|0|0|1|2|0|0|0|0,,,100.0,-120.0,1.5,9.5,espn,401228358,COL,ARI,regular,Chi Chi Gonzalez,Jake Faria,,,,,,,,
2021,2021-07-08,New York Yankees,Seattle Mariners,0.0,4.0,False,0|0|0|0|0|0|0|0|0,1|2|0|0|0|0|0|1,,,-140.0,120.0,,8.5,espn,401228362,NYY,SEA,regular,Jordan Montgomery,Logan Gilbert,,,,,,,,
2021,2021-07-08,Kansas City Royals,Cleveland Indians,4.0,7.0,False,0|0|1|2|0|0|0|0|1,0|0|0|1|0|0|0|3|3,,,120.0,-140.0,1.5,9.0,espn,401228360,KC,CLE,regular,Danny Duffy,Zach Plesac,,,,,,,,
2021,2021-07-08,Philadelphia Phillies,Chicago Cubs,8.0,0.0,False,0|1|1|0|2|0|4|0|0,0|0|0|0|0|0|0|0|0,,,-110.0,-110.0,1.5,7.0,espn,401228364,PHI,CHC,regular,Zach Eflin,Adbert Alzolay,,,,,,,,
2021,2021-07-08,Cincinnati Reds,Milwaukee Brewers,3.0,5.0,False,0|0|0|0|3|0|0|0|0,2|0|0|0|0|1|0|2,,,-105.0,-115.0,1.5,8.5,espn,401228357,CIN,MIL,regular,Tyler Mahle,Adrian Houser,,,,,,,,
2021,2021-07-08,Detroit Tigers,Minnesota Twins,3.0,5.0,False,0|0|0|2|0|1|0|0|0,0|0|0|0|1|1|3|0,,,110.0,-130.0,1.5,9.5,espn,401228359,DET,MIN,regular,Tarik Skubal,J.A. Happ,,,,,,,,
2021,2021-07-08,Washington Nationals,San Diego Padres,8.0,9.0,False,3|0|3|2|0|0|0|0|0,0|0|0|7|0|1|0|0|1,,,135.0,-155.0,1.5,7.0,espn,401228367,WSH,SD,regular,Max Scherzer,Yu Darvish,,,,,,,,
2021,2021-07-09,St. Louis Cardinals,Chicago Cubs,5.0,10.0,False,0|0|2|0|0|0|0|0|3,3|0|0|1|0|0|5|1,,,135.0,-155.0,1.5,8.0,espn,401228380,STL,CHC,regular,Wade LeBlanc,Kyle Hendricks,,,,,,,,
2021,2021-07-09,Chicago White Sox,Baltimore Orioles,12.0,1.0,False,0|0|1|0|1|4|3|0|3,0|1|0|0|0|0|0|0|0,,,-210.0,175.0,,10.0,espn,401228371,CHW,BAL,regular,Dallas Keuchel,Jorge Lopez,,,,,,,,
2021,2021-07-09,Atlanta Braves,Miami Marlins,5.0,0.0,False,1|0|0|0|0|0|2|1|1,0|0|0|0|0|0|0|0|0,,,-150.0,130.0,,8.0,espn,401228370,ATL,MIA,regular,Charlie Morton,Anthony Bass,,,,,,,,
2021,2021-07-09,Kansas City Royals,Cleveland Indians,1.0,2.0,False,0|0|0|0|0|0|0|1|0,0|1|0|0|0|0|0|0|1,,,130.0,-150.0,1.5,9.5,espn,401228375,KC,CLE,regular,Brad Keller,Triston McKenzie,,,,,,,,
2021,2021-07-09,Philadelphia Phillies,Boston Red Sox,5.0,11.0,False,1|2|0|0|0|0|2|0|0,2|3|4|0|1|1|0|0,,,110.0,-130.0,1.5,11.0,espn,401228378,PHI,BOS,regular,Vince Velasquez,Garrett Richards,,,,,,,,
2021,2021-07-09,Pittsburgh Pirates,New York Mets,4.0,13.0,False,0|1|0|0|1|0|1|0|1,0|0|2|0|0|10|1|0,,,180.0,-220.0,1.5,8.0,espn,401228379,PIT,NYM,regular,JT Brubaker,Taijuan Walker,,,,,,,,
2021,2021-07-09,Toronto Blue Jays,Tampa Bay Rays,1.0,7.0,False,0|0|1|0|0|0|0|0|0,0|0|2|1|0|2|2|0,,,105.0,-125.0,1.5,9.0,espn,401228381,TOR,TB,regular,Alek Manoah,Shane McClanahan,,,,,,,,
2021,2021-07-09,Oakland Athletics,Texas Rangers,2.0,3.0,False,0|0|0|1|0|1|0|0|0,0|0|0|0|0|3|0|0,,,-135.0,115.0,,9.0,espn,401228377,OAK,TEX,regular,Cole Irvin,Jordan Lyles,,,,,,,,
2021,2021-07-09,Cincinnati Reds,Milwaukee Brewers,2.0,0.0,False,0|0|0|1|0|0|1|0|0,0|0|0|0|0|0|0|0|0,,,105.0,-125.0,1.5,8.0,espn,401228372,CIN,MIL,regular,Wade Miley,Eric Lauer,,,,,,,,
2021,2021-07-09,Detroit Tigers,Minnesota Twins,2.0,4.0,False,0|0|0|0|0|0|0|2|0,0|0|0|0|0|4|0|0,,,200.0,-240.0,1.5,9.5,espn,401228374,DET,MIN,regular,Matt Manning,Kenta Maeda,,,,,,,,
2021,2021-07-09,New York Yankees,Houston Astros,4.0,0.0,False,0|0|0|2|0|0|2|0|0,0|0|0|0|0|0|0|0|0,,,115.0,-135.0,1.5,9.0,espn,401228376,NYY,HOU,regular,Nestor Cortes,Jake Odorizzi,,,,,,,,
2021,2021-07-09,Washington Nationals,San Francisco Giants,3.0,5.0,False,0|0|0|3|0|0|0|0|0,1|2|0|0|1|0|1|0,,,140.0,-160.0,1.5,8.5,espn,401228382,WSH,SF,regular,Paolo Espino,Logan Webb,,,,,,,,
2021,2021-07-09,Los Angeles Angels,Seattle Mariners,3.0,7.0,False,1|1|1|0|0|0|0|0|0,0|0|0|2|0|0|1|4,,,-120.0,100.0,,8.5,espn,401228368,LAA,SEA,regular,Alex Cobb,Marco Gonzales,,,,,,,,
2021,2021-07-09,Arizona Diamondbacks,Los Angeles Dodgers,5.0,2.0,False,0|0|0|0|2|0|1|0|2,0|0|1|0|0|0|1|0|0,,,220.0,-270.0,1.5,9.0,espn,401228369,ARI,LAD,regular,Taylor Widener,David Price,,,,,,,,
2021,2021-07-09,Colorado Rockies,San Diego Padres,2.0,4.0,False,0|1|0|1|0|0|0|0|0,0|0|0|1|0|2|1|0,,,175.0,-210.0,1.5,9.0,espn,401228373,COL,SD,regular,Kyle Freeland,Reiss Knehr,,,,,,,,
2021,2021-07-10,Toronto Blue Jays,Tampa Bay Rays,2.0,5.0,False,0|0|2|0|0|0|0|0|0,1|0|3|0|0|0|0|1,,,-105.0,-115.0,1.5,9.0,espn,401228396,TOR,TB,regular,Ross Stripling,Ryan Yarbrough,,,,,,,,
2021,2021-07-10,Detroit Tigers,Minnesota Twins,4.0,9.0,False,0|2|0|2|0|0|0|0|0,0|0|0|0|0|2|3|4,,,165.0,-185.0,1.5,9.5,espn,401228389,DET,MIN,regular,Kyle Funkhouser,Bailey Ober,,,,,,,,
2021,2021-07-10,Chicago White Sox,Baltimore Orioles,8.0,3.0,False,0|1|3|0|2|0|2|0|0,0|0|0|1|0|1|0|1|0,,,-210.0,175.0,,10.5,espn,401228386,CHW,BAL,regular,Lucas Giolito,Thomas Eshelman,,,,,,,,
2021,2021-07-10,Oakland Athletics,Texas Rangers,8.0,4.0,False,0|2|0|1|0|0|0|0|0|1|4,2|0|0|0|0|0|0|1|0|1|0,,,-135.0,115.0,,9.0,espn,401228392,OAK,TEX,regular,James Kaprielian,Mike Foltynewicz,,,,,,,,
2021,2021-07-10,Washington Nationals,San Francisco Giants,4.0,10.0,False,0|0|0|0|0|0|3|0|1,3|0|5|0|0|1|0|1,,,175.0,-210.0,1.5,9.0,espn,401228397,WSH,SF,regular,Jon Lester,Anthony DeSclafani,,,,,,,,
2021,2021-07-10,Atlanta Braves,Miami Marlins,5.0,4.0,False,0|0|1|2|2|0|0|0|0,0|0|2|0|1|0|0|0|1,,,-110.0,-110.0,1.5,7.0,espn,401228385,ATL,MIA,regular,Max Fried,Trevor Rogers,,,,,,,,
2021,2021-07-10,Philadelphia Phillies,Boston Red Sox,11.0,2.0,False,1|2|0|0|0|0|0|8|0,0|1|1|0|0|0|0|0|0,,,145.0,-165.0,1.5,11.0,espn,401228393,PHI,BOS,regular,Matt Moore,Martin Perez,,,,,,,,
2021,2021-07-10,Pittsburgh Pirates,New York Mets,6.0,2.0,False,0|0|0|2|1|2|1,1|0|0|1|0|0|0,,,167.0,-192.0,1.5,6.0,espn,401228394,PIT,NYM,regular,Tyler Anderson,Marcus Stroman,,,,,,,,
2021,2021-07-10,Kansas City Royals,Cleveland Indians,6.0,14.0,False,0|0|0|2|0|1|3|0|0,0|0|0|6|1|2|4|1,,,105.0,-125.0,1.5,9.0,espn,401228390,KC,CLE,regular,Mike Minor,Cal Quantrill,,,,,,,,
2021,2021-07-10,Pittsburgh Pirates,New York Mets,2.0,4.0,False,0|0|1|0|0|1|0,2|0|1|0|0|1,,,200.0,-240.0,1.5,6.5,espn,401345794,PIT,NYM,regular,Max Kranick,Tylor Megill,,,,,,,,
2021,2021-07-10,Cincinnati Reds,Milwaukee Brewers,4.0,3.0,False,0|0|0|0|0|3|0|0|1,1|0|0|0|0|0|0|2|0,,,180.0,-220.0,1.5,8.5,espn,401228387,CIN,MIL,regular,Vladimir Gutierrez,Freddy Peralta,,,,,,,,
2021,2021-07-10,New York Yankees,Houston Astros,1.0,0.0,False,0|0|1|0|0|0|0|0|0,0|0|0|0|0|0|0|0|0,,,-110.0,-110.0,1.5,8.0,espn,401228391,NYY,HOU,regular,Gerrit Cole,Zack Greinke,,,,,,,,
2021,2021-07-10,St. Louis Cardinals,Chicago Cubs,6.0,0.0,False,1|0|0|0|5|0|0|0|0,0|0|0|0|0|0|0|0|0,,,-105.0,-115.0,1.5,8.5,espn,401228395,STL,CHC,regular,Kwang Hyun Kim,Zach Davies,,,,,,,,
2021,2021-07-10,Los Angeles Angels,Seattle Mariners,0.0,2.0,False,0|0|0|0|0|0|0|0|0,0|0|0|1|0|1|0|0,,,-110.0,-110.0,1.5,8.0,espn,401228383,LAA,SEA,regular,Patrick Sandoval,Chris Flexen,,,,,,,,
2021,2021-07-10,Arizona Diamondbacks,Los Angeles Dodgers,1.0,22.0,False,0|0|0|0|0|0|0|1|0,5|4|0|0|0|0|7|6,,,265.0,-330.0,1.5,8.0,espn,401228384,ARI,LAD,regular,Caleb Smith,Walker Buehler,,,,,,,,
2021,2021-07-10,Colorado Rockies,San Diego Padres,3.0,0.0,False,0|0|0|0|2|0|1|0|0,0|0|0|0|0|0|0|0|0,,,175.0,-210.0,1.5,7.5,espn,401228388,COL,SD,regular,German Marquez,Joe Musgrove,,,,,,,,
2021,2021-07-11,Chicago White Sox,Baltimore Orioles,7.0,5.0,False,0|0|0|1|0|3|0|0|0|3,2|0|0|0|0|0|0|0|2|1,,,-170.0,150.0,,10.5,espn,401228401,CHW,BAL,regular,Dylan Cease,Spenser Watkins,,,,,,,,
2021,2021-07-11,Atlanta Braves,Miami Marlins,4.0,7.0,False,0|0|0|2|0|1|0|0|1,3|0|1|2|0|1|0|0,,,115.0,-135.0,1.5,6.5,espn,401228400,ATL,MIA,regular,Ian Anderson,Pablo Lopez,,,,,,,,
2021,2021-07-11,Philadelphia Phillies,Boston Red Sox,5.0,4.0,False,0|0|2|3|0|0|0|0|0,0|1|0|0|1|2|0|0|0,,,170.0,-200.0,1.5,10.5,espn,401228408,PHI,BOS,regular,Brandon Kintzler,Nick Pivetta,,,,,,,,
2021,2021-07-11,Pittsburgh Pirates,New York Mets,6.0,5.0,False,0|0|0|0|2|2|0|0|2,5|0|0|0|0|0|0|0|0,,,185.0,-225.0,1.5,9.0,espn,401228409,PIT,NYM,regular,Chase De Jong,Aaron Loup,,,,,,,,
2021,2021-07-11,Toronto Blue Jays,Tampa Bay Rays,3.0,1.0,False,0|0|1|2|0|0|0|0|0,0|0|0|0|0|0|0|0|1,,,-135.0,115.0,,8.5,espn,401228411,TOR,TB,regular,Robbie Ray,Rich Hill,,,,,,,,
2021,2021-07-11,Cincinnati Reds,Milwaukee Brewers,3.0,1.0,False,1|0|0|0|0|0|0|0|2,0|0|0|0|0|1|0|0|0,,,150.0,-170.0,1.5,7.5,espn,401228402,CIN,MIL,regular,Luis Castillo,Brandon Woodruff,,,,,,,,
2021,2021-07-11,Detroit Tigers,Minnesota Twins,9.0,12.0,False,0|0|0|0|4|0|0|1|4|0,0|0|0|0|1|1|4|2|1|3,,,200.0,-240.0,1.5,9.0,espn,401228404,DET,MIN,regular,Wily Peralta,Jose Berrios,,,,,,,,
2021,2021-07-11,New York Yankees,Houston Astros,7.0,8.0,False,0|0|1|1|1|0|1|3|0,0|0|1|0|0|1|0|0|6,,,115.0,-135.0,1.5,8.5,espn,401228406,NYY,HOU,regular,Jameson Taillon,Framber Valdez,,,,,,,,
2021,2021-07-11,Oakland Athletics,Texas Rangers,4.0,1.0,False,0|2|0|1|0|1|0|0|0,0|0|0|0|1|0|0|0|0,,,-150.0,130.0,,8.0,espn,401228407,OAK,TEX,regular,Chris Bassitt,Kolby Allard,,,,,,,,
2021,2021-07-11,Washington Nationals,San Francisco Giants,1.0,3.0,False,0|0|0|0|0|0|1|0|0,0|3|0|0|0|0|0|0,,,170.0,-200.0,1.5,8.0,espn,401228412,WSH,SF,regular,Erick Fedde,Kevin Gausman,,,,,,,,
2021,2021-07-11,Los Angeles Angels,Seattle Mariners,7.0,1.0,False,0|0|1|0|2|0|1|0|3,1|0|0|0|0|0|0|0|0,,,100.0,-120.0,1.5,9.0,espn,401228398,LAA,SEA,regular,Jose Suarez,Hector Santiago,,,,,,,,
2021,2021-07-11,Arizona Diamondbacks,Los Angeles Dodgers,4.0,7.0,False,0|0|0|1|1|0|2|0|0,1|0|0|0|0|0|0|3|3,,,265.0,-330.0,1.5,9.0,espn,401228399,ARI,LAD,regular,Merrill Kelly,Tony Gonsolin,,,,,,,,
2021,2021-07-11,Colorado Rockies,San Diego Padres,3.0,1.0,False,0|0|0|1|0|0|1|0|1,0|1|0|0|0|0|0|0|0,,,167.0,-192.0,1.5,8.5,espn,401228403,COL,SD,regular,Jon Gray,Ryan Weathers,,,,,,,,
2021,2021-07-13,American All-Stars,National All-Stars,5.0,2.0,True,0|1|1|0|2|1|0|0|0,0|0|0|0|1|1|0|0|0,,,100.0,-120.0,1.5,11.0,espn,401227036,AL,NL,regular,Shohei Ohtani,Max Scherzer,,,,,,,,
2021,2021-07-16,Miami Marlins,Philadelphia Phillies,2.0,5.0,False,0|2|0|0|0|0|0,3|0|2|0|0|0,,,-130.0,110.0,,7.0,espn,401343177,MIA,PHI,regular,Sandy Alcantara,Matt Moore,,,,,,,,
2021,2021-07-16,Boston Red Sox,New York Yankees,4.0,0.0,False,0|3|0|0|0|0|0|1|0,0|0|0|0|0|0|0|0|0,,,-115.0,-105.0,1.5,9.5,espn,401228415,BOS,NYY,regular,Eduardo Rodriguez,Jordan Montgomery,,,,,,,,
2021,2021-07-16,New York Mets,Pittsburgh Pirates,1.0,4.0,False,0|0|0|1|0|0|0|0|0,0|2|0|0|0|1|1|0,,,-170.0,150.0,,8.5,espn,401228423,NYM,PIT,regular,Marcus Stroman,Chad Kuhl,,,,,,,,
2021,2021-07-16,San Diego Padres,Washington Nationals,24.0,8.0,False,3|7|1|1|1|6|0|4|1,3|0|0|1|0|4|0|0|0,,,-155.0,135.0,,9.5,espn,401228424,SD,WSH,regular,Chris Paddack,Erick Fedde,,,,,,,,
2021,2021-07-16,Texas Rangers,Toronto Blue Jays,2.0,10.0,False,0|0|0|0|0|0|0|0|2,1|0|4|1|0|4|0|0,,,220.0,-270.0,1.5,9.5,espn,401228428,TEX,TOR,regular,Jordan Lyles,Robbie Ray,,,,,,,,
2021,2021-07-16,Milwaukee Brewers,Cincinnati Reds,11.0,6.0,False,0|1|0|0|2|3|0|5|0,2|0|2|0|1|0|0|0|1,,,110.0,-130.0,1.5,9.5,espn,401228421,MIL,CIN,regular,Adrian Houser,Tyler Mahle,,,,,,,,
2021,2021-07-16,Tampa Bay Rays,Atlanta Braves,7.0,6.0,False,0|2|0|0|1|0|1|2|0|1,0|0|0|3|2|0|1|0|0|0,,,110.0,-130.0,1.5,8.5,espn,401228427,TB,ATL,regular,Michael Wacha,Charlie Morton,,,,,,,,
2021,2021-07-16,Miami Marlins,Philadelphia Phillies,7.0,0.0,False,2|0|1|4|0|0|0,0|0|0|0|0|0|0,,,150.0,-163.0,-1.5,6.5,espn,401228420,MIA,PHI,regular,Ross Detwiler,Zach Eflin,,,,,,,,
2021,2021-07-16,Baltimore Orioles,Kansas City Royals,2.0,9.0,False,0|0|0|1|0|0|0|1|0,1|4|1|0|0|0|3|0,,,140.0,-160.0,1.5,9.5,espn,401228414,BAL,KC,regular,Keegan Akin,Danny Duffy,,,,,,,,
2021,2021-07-16,Houston Astros,Chicago White Sox,7.0,1.0,False,0|0|2|0|1|0|4|0|0,1|0|0|0|0|0|0|0|0,,,-130.0,110.0,,9.0,espn,401228418,HOU,CHW,regular,Lance McCullers Jr.,Dylan Cease,,,,,,,,
2021,2021-07-16,San Francisco Giants,St. Louis Cardinals,7.0,2.0,False,0|0|0|1|3|0|3|0|0,0|0|0|1|0|0|1|0|0,,,-105.0,-115.0,1.5,8.0,espn,401228426,SF,STL,regular,Logan Webb,Adam Wainwright,,,,,,,,
2021,2021-07-16,Los Angeles Dodgers,Colorado Rockies,10.0,4.0,False,5|0|0|2|3|0|0|0|0,0|0|4|0|0|0|0|0|0,,,-275.0,225.0,,12.0,espn,401228419,LAD,COL,regular,Julio Urias,Chi Chi Gonzalez,,,,,,,,
2021,2021-07-16,Seattle Mariners,Los Angeles Angels,6.0,5.0,False,1|0|3|0|0|0|2|0|0,0|1|0|0|0|0|0|1|3,,,145.0,-165.0,1.5,8.5,espn,401228425,SEA,LAA,regular,Chris Flexen,Andrew Heaney,,,,,,,,
2021,2021-07-16,Chicago Cubs,Arizona Diamondbacks,5.0,1.0,False,0|1|0|1|0|0|3|0|0,0|0|1|0|0|0|0|0|0,,,-160.0,140.0,,9.5,espn,401228416,CHC,ARI,regular,Kyle Hendricks,Madison Bumgarner,,,,,,,,
2021,2021-07-16,Cleveland Indians,Oakland Athletics,4.0,5.0,False,0|0|0|0|1|2|1|0|0,0|0|2|1|0|0|0|0|2,,,167.0,-192.0,1.5,8.5,espn,401228417,CLE,OAK,regular,Eli Morgan,Sean Manaea,,,,,,,,
2021,2021-07-17,Minnesota Twins,Detroit Tigers,0.0,1.0,False,0|0|0|0|0|0|0,1|0|0|0|0|0,,,-135.0,115.0,,7.5,espn,401347953,MIN,DET,regular,Charlie Barnes,Jose Urena,,,,,,,,
2021,2021-07-17,Cleveland Indians,Oakland Athletics,3.0,2.0,False,0|0|0|0|2|0|0|1|0,1|0|0|0|0|0|0|0|1,,,155.0,-175.0,1.5,8.5,espn,401228432,CLE,OAK,regular,Cal Quantrill,Frankie Montas,,,,,,,,
2021,2021-07-17,Chicago Cubs,Arizona Diamondbacks,4.0,2.0,False,0|0|0|0|0|1|0|0|3,0|1|0|0|1|0|0|0|0,,,-130.0,110.0,,9.0,espn,401228431,CHC,ARI,regular,Adbert Alzolay,Zac Gallen,,,,,,,,
2021,2021-07-17,Miami Marlins,Philadelphia Phillies,2.0,4.0,False,0|0|0|0|0|0|0|0|2|0,2|0|0|0|0|0|0|0|0|2,,,100.0,-120.0,1.5,9.5,espn,401228435,MIA,PHI,regular,Zach Thompson,Vince Velasquez,,,,,,,,
2021,2021-07-17,Minnesota Twins,Detroit Tigers,4.0,5.0,False,1|0|0|1|1|0|0|1,0|3|0|0|0|0|0|2,,,-175.0,155.0,,7.0,espn,401228437,MIN,DET,regular,Kenta Maeda,Tyler Alexander,,,,,,,,
2021,2021-07-17,New York Mets,Pittsburgh Pirates,7.0,9.0,False,0|0|0|2|0|2|2|0|1,0|0|0|0|0|0|0|5|4,,,-170.0,150.0,,9.0,espn,401228438,NYM,PIT,regular,Tylor Megill,Wil Crowe,,,,,,,,
2021,2021-07-17,San Diego Padres,Washington Nationals,10.0,4.0,False,2|1|2|0|0|3|2|0|0,1|0|3|0|0|0|0|0|0,,,-140.0,120.0,,9.5,espn,401228439,SD,WSH,regular,Blake Snell,Patrick Corbin,,,,,,,,
2021,2021-07-17,Baltimore Orioles,Kansas City Royals,8.0,4.0,False,0|2|5|1|0|0|0|0|0,0|0|1|0|3|0|0|0|0,,,135.0,-155.0,1.5,9.5,espn,401228429,BAL,KC,regular,Jorge Lopez,Brady Singer,,,,,,,,
2021,2021-07-17,Milwaukee Brewers,Cincinnati Reds,7.0,4.0,False,0|0|0|0|0|0|3|0|0|1|3,0|2|0|0|0|0|0|1|0|1|0,,,-135.0,115.0,,8.0,espn,401228436,MIL,CIN,regular,Brandon Woodruff,Luis Castillo,,,,,,,,
2021,2021-07-17,Boston Red Sox,New York Yankees,1.0,3.0,False,0|1|0|0|0|0|0,0|0|0|0|1|2,,,115.0,-135.0,1.5,8.0,espn,401228430,BOS,NYY,regular,Nathan Eovaldi,Gerrit Cole,,,,,,,,
2021,2021-07-17,Houston Astros,Chicago White Sox,1.0,10.0,False,0|0|0|0|0|0|0|1|0,0|0|2|2|2|3|1|0,,,-105.0,-115.0,1.5,8.5,espn,401228433,HOU,CHW,regular,Jake Odorizzi,Lucas Giolito,,,,,,,,
2021,2021-07-17,San Francisco Giants,St. Louis Cardinals,1.0,3.0,False,0|0|0|0|0|0|1|0|0,0|1|0|0|0|2|0|0,,,-120.0,100.0,,8.0,espn,401228441,SF,STL,regular,Anthony DeSclafani,Kwang Hyun Kim,,,,,,,,
2021,2021-07-17,Tampa Bay Rays,Atlanta Braves,0.0,9.0,False,0|0|0|0|0|0|0|0|0,0|0|0|6|1|2|0|0,,,100.0,-120.0,1.5,8.5,espn,401228442,TB,ATL,regular,Josh Fleming,Max Fried,,,,,,,,
2021,2021-07-17,Los Angeles Dodgers,Colorado Rockies,9.0,2.0,False,1|0|1|0|0|1|1|1|4,0|1|1|0|0|0|0|0|0,,,-250.0,210.0,,11.5,espn,401228434,LAD,COL,regular,Walker Buehler,Kyle Freeland,,,,,,,,
2021,2021-07-17,Seattle Mariners,Los Angeles Angels,4.0,9.0,False,0|0|0|0|1|0|0|0|3,0|3|1|1|2|0|0|2,,,120.0,-140.0,1.5,8.5,espn,401228440,SEA,LAA,regular,Yusei Kikuchi,Alex Cobb,,,,,,,,
2021,2021-07-18,Miami Marlins,Philadelphia Phillies,2.0,4.0,False,0|0|0|0|0|0|0|0|2|0,2|0|0|0|0|0|0|0|0|2,,,100.0,-120.0,1.5,9.5,espn,401228435,MIA,PHI,regular,Zach Thompson,Vince Velasquez,,,,,,,,
2021,2021-07-18,San Diego Padres,Washington Nationals,10.0,4.0,False,2|1|2|0|0|3|2|0|0,1|0|3|0|0|0|0|0|0,,,-140.0,120.0,,9.5,espn,401228439,SD,WSH,regular,Blake Snell,Patrick Corbin,,,,,,,,
2021,2021-07-18,New York Mets,Pittsburgh Pirates,7.0,6.0,False,0|0|1|3|0|1|0|0|2,6|0|0|0|0|0|0|0|0,,,-150.0,130.0,,8.0,espn,401228453,NYM,PIT,regular,Taijuan Walker,JT Brubaker,,,,,,,,
2021,2021-07-18,Texas Rangers,Toronto Blue Jays,0.0,5.0,False,0|0|0|0|0|0|0,0|0|2|0|1|2,,,200.0,-240.0,1.5,7.5,espn,401228458,TEX,TOR,regular,Kolby Allard,Hyun Jin Ryu,,,,,,,,
2021,2021-07-18,Milwaukee Brewers,Cincinnati Reds,8.0,0.0,False,1|0|0|0|4|0|1|0|2,0|0|0|0|0|0|0|0|0,,,-120.0,100.0,,7.5,espn,401228451,MIL,CIN,regular,Corbin Burnes,Sonny Gray,,,,,,,,
2021,2021-07-18,Minnesota Twins,Detroit Tigers,0.0,7.0,False,0|0|0|0|0|0|0|0|0,0|0|3|0|2|0|2|0,,,-130.0,110.0,,10.0,espn,401228452,MIN,DET,regular,J.A. Happ,Wily Peralta,,,,,,,,
2021,2021-07-18,Tampa Bay Rays,Atlanta Braves,7.0,5.0,False,0|0|0|0|2|1|4|0|0,1|0|0|2|0|1|1|0|0,,,100.0,-120.0,1.5,9.0,espn,401228457,TB,ATL,regular,Rich Hill,Drew Smyly,,,,,,,,
2021,2021-07-18,Miami Marlins,Philadelphia Phillies,4.0,7.0,False,0|0|4|0|0|0|0|0|0,0|2|0|0|2|2|0|1,,,205.0,-245.0,1.5,8.0,espn,401228450,MIA,PHI,regular,Braxton Garrett,Zack Wheeler,,,,,,,,
2021,2021-07-18,Baltimore Orioles,Kansas City Royals,5.0,0.0,False,0|0|2|0|1|1|0|1|0,0|0|0|0|0|0|0|0|0,,,130.0,-150.0,1.5,10.0,espn,401228444,BAL,KC,regular,Matt Harvey,Carlos Hernandez,,,,,,,,
2021,2021-07-18,Houston Astros,Chicago White Sox,0.0,4.0,False,0|0|0|0|0|0|0|0|0,0|1|0|1|1|0|1|0,,,120.0,-140.0,1.5,8.0,espn,401228448,HOU,CHW,regular,Framber Valdez,Carlos Rodon,,,,,,,,
2021,2021-07-18,San Francisco Giants,St. Louis Cardinals,1.0,2.0,False,0|0|0|1|0|0|0|0|0,0|0|1|0|0|0|1|0,,,-120.0,100.0,,9.0,espn,401228456,SF,STL,regular,Johnny Cueto,Wade LeBlanc,,,,,,,,
2021,2021-07-18,San Diego Padres,Washington Nationals,7.0,8.0,False,0|0|0|3|0|0|1|2|1,0|0|4|0|0|0|0|3|1,,,-110.0,-110.0,1.5,8.0,espn,401228454,SD,WSH,regular,Joe Musgrove,Max Scherzer,,,,,,,,
2021,2021-07-18,Los Angeles Dodgers,Colorado Rockies,5.0,6.0,False,0|0|2|0|0|0|0|2|0|1,1|0|0|0|1|0|1|0|1|2,,,-160.0,140.0,,11.5,espn,401228449,LAD,COL,regular,David Price,Jon Gray,,,,,,,,
2021,2021-07-18,Texas Rangers,Toronto Blue Jays,0.0,10.0,False,0|0|0|0|0|0|0,6|4|0|0|0|0,,,175.0,-210.0,1.5,8.0,espn,401348133,TEX,TOR,regular,Mike Foltynewicz,Steven Matz,,,,,,,,
2021,2021-07-18,Cleveland Indians,Oakland Athletics,4.0,2.0,False,1|0|0|0|1|0|1|0|1,0|1|0|0|1|0|0|0|0,,,155.0,-175.0,1.5,8.0,espn,401228447,CLE,OAK,regular,Zach Plesac,Chris Bassitt,,,,,,,,
2021,2021-07-18,Seattle Mariners,Los Angeles Angels,7.0,4.0,False,2|0|0|1|3|0|0|1|0,0|0|0|0|0|2|0|0|2,,,120.0,-140.0,1.5,8.5,espn,401228455,SEA,LAA,regular,Logan Gilbert,Patrick Sandoval,,,,,,,,
2021,2021-07-18,Chicago Cubs,Arizona Diamondbacks,4.0,6.0,False,0|0|0|0|0|2|0|0|2,0|0|0|1|1|0|2|2,,,-115.0,-105.0,1.5,9.0,espn,401228446,CHC,ARI,regular,Zach Davies,Merrill Kelly,,,,,,,,
2021,2021-07-18,Boston Red Sox,New York Yankees,1.0,9.0,False,0|0|0|0|0|0|0|1|0,0|1|1|0|1|0|4|2,,,105.0,-125.0,1.5,9.5,espn,401228445,BOS,NYY,regular,Martin Perez,Jameson Taillon,,,,,,,,
2021,2021-07-19,Minnesota Twins,Chicago White Sox,3.0,2.0,False,0|0|0|0|0|1|0|2,0|0|1|0|0|0|0|1,,,200.0,-240.0,1.5,7.0,espn,401341573,MIN,CHW,regular,Griffin Jax,Lance Lynn,,,,,,,,
2021,2021-07-19,Miami Marlins,Washington Nationals,1.0,18.0,False,0|0|0|0|0|0|0|1|0,4|6|0|0|2|0|6|0,,,120.0,-140.0,1.5,9.5,espn,401228464,MIA,WSH,regular,Ross Detwiler,Jon Lester,,,,,,,,
2021,2021-07-19,Boston Red Sox,Toronto Blue Jays,13.0,4.0,False,8|3|0|1|0|1|0|0|0,0|0|0|4|0|0|0|0|0,,,110.0,-130.0,1.5,10.5,espn,401228461,BOS,TOR,regular,Nick Pivetta,Ross Stripling,,,,,,,,
2021,2021-07-19,Baltimore Orioles,Tampa Bay Rays,6.0,1.0,False,2|0|0|0|0|4|0|0|0,0|0|0|0|0|1|0|0|0,,,235.0,-290.0,1.5,9.0,espn,401228460,BAL,TB,regular,Spenser Watkins,Ryan Yarbrough,,,,,,,,
2021,2021-07-19,New York Mets,Cincinnati Reds,15.0,11.0,False,3|0|0|3|1|0|0|2|0|1|5,4|3|0|0|0|0|1|0|1|1|1,,,-105.0,-115.0,1.5,11.0,espn,401228466,NYM,CIN,regular,Jerad Eickhoff,Vladimir Gutierrez,,,,,,,,
2021,2021-07-19,Texas Rangers,Detroit Tigers,0.0,14.0,False,0|0|0|0|0|0|0|0|0,0|0|2|0|4|7|1|0,,,-105.0,-115.0,1.5,9.0,espn,401228470,TEX,DET,regular,Kyle Gibson,Casey Mize,,,,,,,,
2021,2021-07-19,Chicago Cubs,St. Louis Cardinals,3.0,8.0,False,0|0|0|0|1|0|1|1|0,0|0|1|4|0|3|0|0,,,-120.0,100.0,,8.5,espn,401228462,CHC,STL,regular,Alec Mills,Jake Woodford,,,,,,,,
2021,2021-07-19,Cleveland Indians,Houston Astros,3.0,4.0,False,0|0|0|1|0|1|0|1|0,1|0|0|1|2|0|0|0,,,180.0,-220.0,1.5,9.0,espn,401228463,CLE,HOU,regular,J.C. Mejia,Zack Greinke,,,,,,,,
2021,2021-07-19,Minnesota Twins,Chicago White Sox,3.0,5.0,False,1|1|0|0|1|0|0,1|0|0|0|0|1|3,,,-120.0,100.0,,7.0,espn,401228465,MIN,CHW,regular,Jose Berrios,Reynaldo Lopez,,,,,,,,
2021,2021-07-19,Los Angeles Angels,Oakland Athletics,1.0,4.0,False,0|0|0|0|0|0|0|0|1,0|0|0|0|0|0|3|1,,,100.0,-120.0,1.5,8.0,espn,401228459,LAA,OAK,regular,Shohei Ohtani,Cole Irvin,,,,,,,,
2021,2021-07-19,Pittsburgh Pirates,Arizona Diamondbacks,2.0,4.0,False,0|0|0|0|0|0|2|0|0,0|2|0|0|2|0|0|0,,,100.0,-120.0,1.5,9.5,espn,401228467,PIT,ARI,regular,Chase De Jong,Caleb Smith,,,,,,,,
2021,2021-07-19,San Francisco Giants,Los Angeles Dodgers,7.0,2.0,False,3|0|0|0|0|0|4|0|0,2|0|0|0|0|0|0|0|0,,,110.0,-130.0,1.5,8.0,espn,401228469,SF,LAD,regular,Kevin Gausman,Tony Gonsolin,,,,,,,,
2021,2021-07-20,Los Angeles Angels,Oakland Athletics,0.0,6.0,False,0|0|0|0|0|0|0|0|0,0|0|0|1|0|3|2|0,,,135.0,-155.0,1.5,8.5,espn,401228471,LAA,OAK,regular,Jose Suarez,James Kaprielian,,,,,,,,
2021,2021-07-20,Kansas City Royals,Milwaukee Brewers,5.0,2.0,False,1|0|0|1|0|0|2|1|0,0|2|0|0|0|0|0|0|0,,,140.0,-160.0,1.5,9.5,espn,401228476,KC,MIL,regular,Mike Minor,Brett Anderson,,,,,,,,
2021,2021-07-20,Miami Marlins,Washington Nationals,3.0,6.0,False,0|0|0|0|0|3|0|0|0,0|1|0|0|1|3|0|1,,,-110.0,-110.0,1.5,9.0,espn,401228477,MIA,WSH,regular,Trevor Rogers,Paolo Espino,,,,,,,,
2021,2021-07-20,Philadelphia Phillies,New York Yankees,4.0,6.0,False,0|1|0|1|0|0|0|1|1,0|0|1|0|2|1|1|1,,,-135.0,115.0,,9.0,espn,401228480,PHI,NYY,regular,Aaron Nola,Domingo German,,,,,,,,
2021,2021-07-20,Baltimore Orioles,Tampa Bay Rays,3.0,9.0,False,0|1|0|0|0|0|0|2|0,2|0|1|2|0|0|0|4,,,170.0,-200.0,1.5,7.5,espn,401228472,BAL,TB,regular,John Means,Shane McClanahan,,,,,,,,
2021,2021-07-20,New York Mets,Cincinnati Reds,3.0,4.0,False,1|0|0|0|0|0|1|1|0,1|0|2|0|0|0|1|0,,,130.0,-150.0,1.5,10.5,espn,401228479,NYM,CIN,regular,Robert Stock,Wade Miley,,,,,,,,
2021,2021-07-20,Texas Rangers,Detroit Tigers,1.0,4.0,False,0|0|0|0|1|0|0|0|0,1|0|0|0|2|1|0|0,,,100.0,-120.0,1.5,9.0,espn,401228485,TEX,DET,regular,Dane Dunning,Tarik Skubal,,,,,,,,
2021,2021-07-20,San Diego Padres,Atlanta Braves,1.0,2.0,False,0|0|0|1|0|0|0|0|0,0|1|0|0|0|1|0|0,,,-170.0,150.0,,9.0,espn,401228482,SD,ATL,regular,Yu Darvish,Touki Toussaint,,,,,,,,
2021,2021-07-20,Cleveland Indians,Houston Astros,3.0,9.0,False,0|0|0|0|0|0|0|3|0,1|0|1|0|6|1|0|0,,,185.0,-225.0,1.5,8.5,espn,401228475,CLE,HOU,regular,Triston McKenzie,Luis Garcia,,,,,,,,
2021,2021-07-20,Minnesota Twins,Chicago White Sox,5.0,9.0,False,0|1|0|0|1|1|0|2|0,2|0|2|0|0|0|0|5,,,120.0,-140.0,1.5,9.5,espn,401228478,MIN,CHW,regular,Bailey Ober,Dallas Keuchel,,,,,,,,
2021,2021-07-20,Chicago Cubs,St. Louis Cardinals,7.0,6.0,False,0|1|0|0|0|0|0|0|6,0|0|1|3|0|2|0|0|0,,,-105.0,-115.0,1.5,9.0,espn,401228474,CHC,STL,regular,Trevor Williams,Johan Oviedo,,,,,,,,
2021,2021-07-20,Seattle Mariners,Colorado Rockies,6.0,4.0,False,0|0|0|0|0|4|2|0|0,0|0|0|0|2|0|0|2|0,,,160.0,-180.0,1.5,11.0,espn,401228483,SEA,COL,regular,Marco Gonzales,German Marquez,,,,,,,,
2021,2021-07-20,Pittsburgh Pirates,Arizona Diamondbacks,6.0,11.0,False,0|0|0|2|3|0|0|0|1,0|0|0|1|1|1|8|0,,,-110.0,-110.0,1.5,9.0,espn,401228481,PIT,ARI,regular,Tyler Anderson,Taylor Widener,,,,,,,,
2021,2021-07-20,San Francisco Giants,Los Angeles Dodgers,6.0,8.0,False,0|2|1|0|3|0|0|0|0,1|0|0|0|1|3|0|0|3,,,128.0,-138.0,1.5,8.5,espn,401228484,SF,LAD,regular,Alex Wood,Darien Nunez,,,,,,,,
2021,2021-07-21,Baltimore Orioles,Tampa Bay Rays,4.0,5.0,False,1|0|1|1|0|1|0|0|0,1|1|0|0|1|0|0|0|2,,,200.0,-240.0,1.5,8.5,espn,401228486,BAL,TB,regular,Keegan Akin,Michael Wacha,,,,,,,,
2021,2021-07-21,San Diego Padres,Atlanta Braves,3.0,2.0,False,0|0|0|1|2|0|0,0|0|0|0|0|2|0,,,-120.0,100.0,,7.5,espn,401228496,SD,ATL,regular,Chris Paddack,Kyle Muller,,,,,,,,
2021,2021-07-21,New York Mets,Cincinnati Reds,7.0,0.0,False,0|1|4|0|2|0|0|0|0,0|0|0|0|0|0|0|0|0,,,-140.0,120.0,,10.5,espn,401228493,NYM,CIN,regular,Marcus Stroman,Jeff Hoffman,,,,,,,,
2021,2021-07-21,Kansas City Royals,Milwaukee Brewers,6.0,3.0,False,0|0|0|2|0|3|0|1|0,0|0|0|0|3|0|0|0|0,,,160.0,-180.0,1.5,9.5,espn,401228490,KC,MIL,regular,Brad Keller,Eric Lauer,,,,,,,,
2021,2021-07-21,Seattle Mariners,Colorado Rockies,3.0,6.0,False,0|1|0|0|1|1|0|0|0,5|0|0|1|0|0|0|0,,,130.0,-150.0,1.5,11.0,espn,401228497,SEA,COL,regular,Keynan Middleton,Austin Gomber,,,,,,,,
2021,2021-07-21,Pittsburgh Pirates,Arizona Diamondbacks,4.0,6.0,False,0|1|0|2|0|0|1|0|0,0|1|1|2|0|0|2|0,,,110.0,-130.0,1.5,9.0,espn,401228495,PIT,ARI,regular,Max Kranick,Madison Bumgarner,,,,,,,,
2021,2021-07-21,San Diego Padres,Atlanta Braves,6.0,5.0,False,4|1|0|0|0|0|1,0|4|0|0|0|1|0,,,100.0,-120.0,1.5,8.0,espn,401348713,SD,ATL,regular,Reiss Knehr,Bryse Wilson,,,,,,,,
2021,2021-07-21,Miami Marlins,Washington Nationals,3.0,1.0,False,0|0|0|1|0|0|0|0|0|2,0|0|0|1|0|0|0|0|0|0,,,140.0,-160.0,1.5,9.5,espn,401228491,MIA,WSH,regular,Nick Neidert,Erick Fedde,,,,,,,,
2021,2021-07-21,Philadelphia Phillies,New York Yankees,5.0,6.0,False,1|0|1|0|0|0|0|3|0|0,0|0|0|2|0|0|3|0|0|1,,,-110.0,-110.0,1.5,10.5,espn,401228494,PHI,NYY,regular,Spencer Howard,Asher Wojciechowski,,,,,,,,
2021,2021-07-21,Boston Red Sox,Toronto Blue Jays,7.0,4.0,False,0|0|2|1|1|1|0|2|0,0|0|0|1|0|3|0|0|0,,,180.0,-220.0,1.5,10.5,espn,401228487,BOS,TOR,regular,Garrett Richards,Robbie Ray,,,,,,,,
2021,2021-07-21,Texas Rangers,Detroit Tigers,2.0,4.0,False,0|1|0|1|0|0|0|0|0,1|2|0|0|1|0|0|0,,,100.0,-120.0,1.5,9.5,espn,401228499,TEX,DET,regular,Jordan Lyles,Matt Manning,,,,,,,,
2021,2021-07-21,Chicago Cubs,St. Louis Cardinals,2.0,3.0,False,0|0|1|0|0|0|0|0|1|0,0|0|0|0|0|0|2|0|0|1,,,115.0,-135.0,1.5,8.0,espn,401228488,CHC,STL,regular,Kyle Hendricks,Adam Wainwright,,,,,,,,
2021,2021-07-21,Cleveland Indians,Houston Astros,5.0,4.0,False,0|0|1|0|0|3|1|0|0,0|0|0|1|1|2|0|0|0,,,225.0,-275.0,1.5,8.5,espn,401228489,CLE,HOU,regular,Eli Morgan,Lance McCullers Jr.,,,,,,,,
2021,2021-07-21,Minnesota Twins,Chicago White Sox,7.0,2.0,False,0|0|1|0|2|3|0|0|1,0|0|1|0|0|0|0|1|0,,,135.0,-155.0,1.5,9.0,espn,401228492,MIN,CHW,regular,Michael Pineda,Dylan Cease,,,,,,,,
2021,2021-07-21,San Francisco Giants,Los Angeles Dodgers,4.0,2.0,False,1|0|0|0|0|0|0|0|3,1|0|0|1|0|0|0|0|0,,,145.0,-165.0,1.5,8.5,espn,401228498,SF,LAD,regular,Logan Webb,Julio Urias,,,,,,,,
2021,2021-07-22,Texas Rangers,Detroit Tigers,5.0,7.0,False,0|0|0|1|0|3|0|1|0,3|1|0|2|0|0|1|0,,,125.0,-145.0,1.5,9.5,espn,401228508,TEX,DET,regular,Mike Foltynewicz,Tyler Alexander,,,,,,,,
2021,2021-07-22,Atlanta Braves,Philadelphia Phillies,7.0,2.0,False,1|0|4|1|0|0|0|0|1,0|0|0|0|0|0|2|0|0,,,-145.0,125.0,,8.5,espn,401228501,ATL,PHI,regular,Charlie Morton,Matt Moore,,,,,,,,
2021,2021-07-22,New York Yankees,Boston Red Sox,4.0,5.0,False,0|0|0|1|0|0|0|2|0|1,0|0|0|0|0|0|1|0|2|2,,,-120.0,100.0,,9.5,espn,401228503,NYY,BOS,regular,Jordan Montgomery,Tanner Houck,,,,,,,,
2021,2021-07-22,San Diego Padres,Miami Marlins,3.0,2.0,False,0|1|0|1|1|0|0|0|0,0|0|0|0|0|0|2|0|0,,,-155.0,135.0,,8.5,espn,401228505,SD,MIA,regular,Blake Snell,Anthony Bender,,,,,,,,
2021,2021-07-22,Tampa Bay Rays,Cleveland Indians,5.0,4.0,False,0|0|0|1|0|0|1|0|2|1,0|0|3|1|0|0|0|0|0|0,,,-130.0,110.0,,9.5,espn,401228507,TB,CLE,regular,Luis Patino,Cal Quantrill,,,,,,,,
2021,2021-07-22,Chicago Cubs,St. Louis Cardinals,2.0,3.0,False,0|0|0|2|0|0|0|0|0,1|0|2|0|0|0|0|0,,,115.0,-135.0,1.5,8.5,espn,401228502,CHC,STL,regular,Adbert Alzolay,Kwang Hyun Kim,,,,,,,,
2021,2021-07-22,Los Angeles Angels,Minnesota Twins,3.0,2.0,False,0|0|0|0|3|0|0|0|0,0|0|0|2|0|0|0|0|0,,,100.0,-120.0,1.5,9.0,espn,401228500,LAA,MIN,regular,Andrew Heaney,Kenta Maeda,,,,,,,,
2021,2021-07-22,Oakland Athletics,Seattle Mariners,4.0,1.0,False,0|0|0|0|1|1|0|2|0,0|0|0|0|0|0|1|0|0,,,-145.0,125.0,,7.5,espn,401228504,OAK,SEA,regular,Sean Manaea,Chris Flexen,,,,,,,,
2021,2021-07-22,San Francisco Giants,Los Angeles Dodgers,5.0,3.0,False,1|0|0|0|0|0|0|0|4,1|0|0|2|0|0|0|0|0,,,167.0,-192.0,1.5,8.0,espn,401228506,SF,LAD,regular,Anthony DeSclafani,Walker Buehler,,,,,,,,
2021,2021-07-23,Arizona Diamondbacks,Chicago Cubs,3.0,8.0,False,0|0|0|0|0|2|0|0|1,3|0|3|1|0|1|0|0,,,115.0,-135.0,1.5,9.5,espn,401228510,ARI,CHC,regular,Zac Gallen,Zach Davies,,,,,,,,
2021,2021-07-23,Atlanta Braves,Philadelphia Phillies,1.0,5.0,False,0|0|1|0|0|0|0|0|0,1|0|0|2|1|0|1|0,,,135.0,-155.0,1.5,7.5,espn,401228511,ATL,PHI,regular,Max Fried,Zack Wheeler,,,,,,,,
2021,2021-07-23,Washington Nationals,Baltimore Orioles,1.0,6.0,False,0|0|0|1|0|0|0|0|0,0|0|0|2|1|2|1|0,,,-130.0,110.0,,10.5,espn,401228523,WSH,BAL,regular,Patrick Corbin,Jorge Lopez,,,,,,,,
2021,2021-07-23,New York Yankees,Boston Red Sox,2.0,6.0,False,0|1|0|0|0|0|0|0|1,0|0|0|0|3|0|3|0,,,-105.0,-115.0,1.5,8.5,espn,401228515,NYY,BOS,regular,Gerrit Cole,Eduardo Rodriguez,,,,,,,,
2021,2021-07-23,San Diego Padres,Miami Marlins,5.0,2.0,False,2|1|0|0|0|0|0|2|0,0|1|1|0|0|0|0|0|0,,,-145.0,125.0,,8.0,espn,401228518,SD,MIA,regular,Joe Musgrove,Zach Thompson,,,,,,,,
2021,2021-07-23,St. Louis Cardinals,Cincinnati Reds,5.0,6.0,False,1|1|0|0|0|3|0|0|0,2|0|0|1|0|0|2|1,,,140.0,-160.0,1.5,9.5,espn,401228519,STL,CIN,regular,Wade LeBlanc,Tyler Mahle,,,,,,,,
2021,2021-07-23,Tampa Bay Rays,Cleveland Indians,10.0,5.0,False,0|3|1|0|0|0|0|0|6,0|0|3|0|0|0|1|0|1,,,-125.0,105.0,,9.5,espn,401228520,TB,CLE,regular,Josh Fleming,Zach Plesac,,,,,,,,
2021,2021-07-23,Toronto Blue Jays,New York Mets,0.0,3.0,False,0|0|0|0|0|0|0|0|0,2|0|0|0|0|0|0|1,,,-105.0,-115.0,1.5,8.5,espn,401228522,TOR,NYM,regular,Steven Matz,Tylor Megill,,,,,,,,
2021,2021-07-23,Los Angeles Angels,Minnesota Twins,4.0,5.0,False,3|1|0|0|0|0|0|0|0,0|0|1|0|1|1|0|2,,,-110.0,-110.0,1.5,9.5,espn,401228509,LAA,MIN,regular,Alex Cobb,J.A. Happ,,,,,,,,
2021,2021-07-23,Chicago White Sox,Milwaukee Brewers,1.0,7.0,False,0|0|0|0|0|0|0|1|0,0|0|0|1|0|0|6|0,,,110.0,-130.0,1.5,7.5,espn,401228512,CHW,MIL,regular,Lucas Giolito,Freddy Peralta,,,,,,,,
2021,2021-07-23,Detroit Tigers,Kansas City Royals,3.0,5.0,False,0|0|1|0|0|0|2|0|0,0|0|1|3|1|0|0|0,,,-105.0,-115.0,1.5,10.5,espn,401228514,DET,KC,regular,Wily Peralta,Kris Bubic,,,,,,,,
2021,2021-07-23,Texas Rangers,Houston Astros,3.0,7.0,False,0|0|0|0|3|0|0|0|0,0|0|5|2|0|0|0|0,,,175.0,-210.0,1.5,8.5,espn,401228521,TEX,HOU,regular,Kolby Allard,Jake Odorizzi,,,,,,,,
2021,2021-07-23,Pittsburgh Pirates,San Francisco Giants,6.0,4.0,False,0|1|2|0|0|0|3|0|0,0|0|1|0|0|2|0|0|1,,,205.0,-245.0,1.5,8.5,espn,401228517,PIT,SF,regular,Chad Kuhl,Johnny Cueto,,,,,,,,
2021,2021-07-23,Colorado Rockies,Los Angeles Dodgers,9.0,6.0,False,0|0|1|0|0|2|0|2|1|3,3|0|1|0|0|1|0|0|1|0,,,200.0,-240.0,1.5,9.0,espn,401228513,COL,LAD,regular,Chi Chi Gonzalez,David Price,,,,,,,,
2021,2021-07-23,Oakland Athletics,Seattle Mariners,3.0,4.0,False,0|0|1|1|1|0|0|0|0,0|3|0|0|0|0|1|0,,,-125.0,105.0,,7.5,espn,401228516,OAK,SEA,regular,Frankie Montas,Yusei Kikuchi,,,,,,,,
2021,2021-07-24,Arizona Diamondbacks,Chicago Cubs,7.0,3.0,False,0|0|0|0|2|0|3|0|2,0|0|1|1|0|0|0|0|1,,,155.0,-175.0,1.5,10.5,espn,401228525,ARI,CHC,regular,Merrill Kelly,Alec Mills,,,,,,,,
2021,2021-07-24,New York Yankees,Boston Red Sox,4.0,3.0,False,0|0|0|0|0|0|0|4|0,1|1|1|0|0|0|0|0|0,,,155.0,-175.0,1.5,9.0,espn,401228530,NYY,BOS,regular,Jameson Taillon,Nathan Eovaldi,,,,,,,,
2021,2021-07-24,Atlanta Braves,Philadelphia Phillies,15.0,3.0,False,2|1|3|0|0|1|0|5|3,0|0|0|0|0|1|0|2|0,,,110.0,-130.0,1.5,10.5,espn,401228526,ATL,PHI,regular,Drew Smyly,Vince Velasquez,,,,,,,,
2021,2021-07-24,San Diego Padres,Miami Marlins,2.0,3.0,False,1|0|1|0|0|0|0|0|0,0|0|0|0|1|0|2|0,,,-160.0,140.0,,9.0,espn,401228533,SD,MIA,regular,Ryan Weathers,Braxton Garrett,,,,,,,,
2021,2021-07-24,Washington Nationals,Baltimore Orioles,3.0,5.0,False,0|0|0|0|0|0|1|2|0,1|0|0|1|0|3|0|0,,,-135.0,115.0,,11.0,espn,401228538,WSH,BAL,regular,Jon Lester,Matt Harvey,,,,,,,,
2021,2021-07-24,Los Angeles Angels,Minnesota Twins,2.0,1.0,False,2|0|0|0|0|0|0|0|0,0|0|0|0|0|0|0|0|1,,,110.0,-130.0,1.5,9.0,espn,401228524,LAA,MIN,regular,Patrick Sandoval,Jose Berrios,,,,,,,,
2021,2021-07-24,Chicago White Sox,Milwaukee Brewers,1.0,6.0,False,0|0|0|0|1|0|0|0|0,1|1|0|2|0|1|0|1,,,120.0,-140.0,1.5,7.0,espn,401228527,CHW,MIL,regular,Carlos Rodon,Corbin Burnes,,,,,,,,
2021,2021-07-24,Detroit Tigers,Kansas City Royals,8.0,9.0,False,0|1|4|0|1|0|0|0|2,0|0|0|0|4|0|5|0,,,120.0,-140.0,1.5,10.0,espn,401228529,DET,KC,regular,Casey Mize,Carlos Hernandez,,,,,,,,
2021,2021-07-24,St. Louis Cardinals,Cincinnati Reds,3.0,5.0,False,0|1|0|0|0|0|0|2|0,0|2|0|0|1|0|2|0,,,155.0,-175.0,1.5,9.0,espn,401228534,STL,CIN,regular,Jake Woodford,Luis Castillo,,,,,,,,
2021,2021-07-24,Tampa Bay Rays,Cleveland Indians,8.0,2.0,False,1|0|3|0|0|0|1|0|3,0|1|0|0|0|1|0|0|0,,,-160.0,140.0,,10.5,espn,401228535,TB,CLE,regular,Drew Rasmussen,J.C. Mejia,,,,,,,,
2021,2021-07-24,Texas Rangers,Houston Astros,1.0,4.0,False,0|0|0|0|0|0|0|0|1,1|0|2|0|0|0|1|0,,,180.0,-220.0,1.5,8.0,espn,401228536,TEX,HOU,regular,Kyle Gibson,Framber Valdez,,,,,,,,
2021,2021-07-24,Toronto Blue Jays,New York Mets,10.0,3.0,False,0|0|3|0|3|0|1|0|3,0|0|0|0|3|0|0|0|0,,,-120.0,100.0,,8.5,espn,401228537,TOR,NYM,regular,Hyun Jin Ryu,Taijuan Walker,,,,,,,,
2021,2021-07-24,Pittsburgh Pirates,San Francisco Giants,10.0,2.0,False,1|0|2|0|3|0|0|3|1,0|1|0|0|0|1|0|0|0,,,235.0,-290.0,1.5,8.0,espn,401228532,PIT,SF,regular,Wil Crowe,Kevin Gausman,,,,,,,,
2021,2021-07-24,Colorado Rockies,Los Angeles Dodgers,0.0,1.0,False,0|0|0|0|0|0|0|0|0,0|1|0|0|0|0|0|0,,,175.0,-210.0,1.5,8.5,espn,401228528,COL,LAD,regular,Kyle Freeland,Tony Gonsolin,,,,,,,,
2021,2021-07-24,Oakland Athletics,Seattle Mariners,4.0,5.0,False,0|0|3|0|0|0|1|0|0,1|0|1|0|2|0|0|0|1,,,-115.0,-105.0,1.5,7.5,espn,401228531,OAK,SEA,regular,Chris Bassitt,Logan Gilbert,,,,,,,,
2021,2021-07-25,Atlanta Braves,Philadelphia Phillies,1.0,2.0,False,0|0|0|0|0|0|0|0|1,0|0|0|1|0|0|0|1,,,145.0,-165.0,1.5,9.5,espn,401228541,ATL,PHI,regular,Touki Toussaint,Aaron Nola,,,,,,,,
2021,2021-07-25,Washington Nationals,Baltimore Orioles,4.0,5.0,False,1|0|0|0|0|3|0|0|0,1|1|0|1|0|0|0|0|2,,,-115.0,-105.0,1.5,10.5,espn,401228553,WSH,BAL,regular,Paolo Espino,John Means,,,,,,,,
2021,2021-07-25,New York Yankees,Boston Red Sox,4.0,5.0,False,0|0|1|1|0|1|0|1|0,0|0|0|0|0|0|0|5,,,120.0,-140.0,1.5,10.5,espn,401228545,NYY,BOS,regular,Domingo German,Martin Perez,,,,,,,,
2021,2021-07-25,San Diego Padres,Miami Marlins,3.0,9.0,False,0|1|0|1|0|0|0|0|1,0|0|1|1|2|5|0|0,,,-220.0,180.0,,7.5,espn,401228548,SD,MIA,regular,Yu Darvish,John Curtiss,,,,,,,,
2021,2021-07-25,St. Louis Cardinals,Cincinnati Reds,10.0,6.0,False,2|0|0|7|0|0|0|0|1,3|0|0|0|0|1|2|0|0,,,150.0,-170.0,1.5,10.0,espn,401228549,STL,CIN,regular,Johan Oviedo,Sonny Gray,,,,,,,,
2021,2021-07-25,Tampa Bay Rays,Cleveland Indians,2.0,3.0,False,1|0|0|0|0|1|0|0|0,1|0|0|0|0|0|0|2,,,-170.0,150.0,,9.0,espn,401228550,TB,CLE,regular,Ryan Yarbrough,Triston McKenzie,,,,,,,,
2021,2021-07-25,Toronto Blue Jays,New York Mets,4.0,5.0,False,0|0|0|0|0|3|0|1|0,0|1|0|0|0|4|0|0,,,-120.0,100.0,,9.5,espn,401228552,TOR,NYM,regular,Ross Stripling,Rich Hill,,,,,,,,
2021,2021-07-25,Los Angeles Angels,Minnesota Twins,6.0,2.0,False,0|1|0|0|1|1|0|0|3,2|0|0|0|0|0|0|0|0,,,105.0,-125.0,1.5,10.0,espn,401228539,LAA,MIN,regular,Jaime Barria,Bailey Ober,,,,,,,,
2021,2021-07-25,Detroit Tigers,Kansas City Royals,1.0,6.0,False,0|0|0|0|0|0|0|0|1,4|0|1|0|0|0|1|0,,,-110.0,-110.0,1.5,10.0,espn,401228544,DET,KC,regular,Tarik Skubal,Daniel Lynch IV,,,,,,,,
2021,2021-07-25,Texas Rangers,Houston Astros,1.0,3.0,False,0|0|0|0|1|0|0|0|0,0|0|0|0|2|1|0|0,,,220.0,-270.0,1.5,8.5,espn,401228551,TEX,HOU,regular,Taylor Hearn,Zack Greinke,,,,,,,,
2021,2021-07-25,Arizona Diamondbacks,Chicago Cubs,1.0,5.0,False,0|0|0|0|0|0|0|0|1,3|0|0|2|0|0|0|0,,,167.0,-192.0,1.5,9.0,espn,401228540,ARI,CHC,regular,Caleb Smith,Trevor Williams,,,,,,,,
2021,2021-07-25,Pittsburgh Pirates,San Francisco Giants,1.0,6.0,False,1|0|0|0|0|0|0|0|0,1|0|1|0|0|3|0|1,,,175.0,-210.0,1.5,8.0,espn,401228547,PIT,SF,regular,JT Brubaker,Alex Wood,,,,,,,,
2021,2021-07-25,Colorado Rockies,Los Angeles Dodgers,2.0,3.0,False,1|1|0|0|0|0|0|0|0,1|0|0|0|1|0|0|1,,,160.0,-180.0,1.5,8.5,espn,401228543,COL,LAD,regular,Jon Gray,Josiah Gray,,,,,,,,
2021,2021-07-25,Oakland Athletics,Seattle Mariners,3.0,4.0,False,0|1|1|0|0|0|1|0|0,0|0|4|0|0|0|0|0,,,-135.0,115.0,,8.5,espn,401228546,OAK,SEA,regular,Cole Irvin,Marco Gonzales,,,,,,,,
2021,2021-07-25,Chicago White Sox,Milwaukee Brewers,3.0,1.0,False,0|3|0|0|0|0|0|0|0,0|0|0|0|1|0|0|0|0,,,140.0,-160.0,1.5,7.5,espn,401228542,CHW,MIL,regular,Lance Lynn,Brandon Woodruff,,,,,,,,
2021,2021-07-26,Atlanta Braves,New York Mets,2.0,0.0,False,0|0|1|1|0|0|0,0|0|0|0|0|0|0,,,135.0,-155.0,1.5,6.5,espn,401331816,ATL,NYM,regular,Kyle Muller,Marcus Stroman,,,,,,,,
2021,2021-07-26,Toronto Blue Jays,Boston Red Sox,4.0,5.0,False,0|0|2|0|2|0|0|0|0,0|2|1|0|0|0|0|2,,,125.0,-145.0,1.5,11.5,espn,401228560,TOR,BOS,regular,Thomas Hatch,Nick Pivetta,,,,,,,,
2021,2021-07-26,Washington Nationals,Philadelphia Phillies,5.0,6.0,False,0|0|0|4|0|0|0|0|1,0|0|0|0|0|3|0|0|3,,,115.0,-135.0,1.5,9.5,espn,401228561,WSH,PHI,regular,Joe Ross,Spencer Howard,,,,,,,,
2021,2021-07-26,Cincinnati Reds,Chicago Cubs,5.0,6.0,False,0|1|1|1|2|0|0|0|0,2|0|1|0|0|0|1|1|1,,,120.0,-140.0,1.5,8.5,espn,401228556,CIN,CHC,regular,Wade Miley,Kyle Hendricks,,,,,,,,
2021,2021-07-26,Atlanta Braves,New York Mets,0.0,1.0,False,0|0|0|0|0|0|0,0|0|0|0|1|0,,,155.0,-175.0,1.5,7.0,espn,401228554,ATL,NYM,regular,Bryse Wilson,Aaron Loup,,,,,,,,
2021,2021-07-26,Chicago White Sox,Kansas City Royals,3.0,4.0,False,0|0|0|0|0|2|0|0|1,0|1|0|1|1|1|0|0,,,-120.0,100.0,,9.5,espn,401228555,CHW,KC,regular,Dallas Keuchel,Mike Minor,,,,,,,,
2021,2021-07-26,Detroit Tigers,Minnesota Twins,5.0,6.0,False,0|0|0|0|0|2|1|0|2|0,0|1|0|1|0|3|0|0|0|1,,,155.0,-175.0,1.5,10.0,espn,401228558,DET,MIN,regular,Matt Manning,Michael Pineda,,,,,,,,
2021,2021-07-26,Colorado Rockies,Los Angeles Angels,2.0,6.0,False,0|0|0|0|1|0|0|1|0,2|0|0|0|0|0|2|2,,,135.0,-155.0,1.5,7.5,espn,401228557,COL,LAA,regular,German Marquez,Shohei Ohtani,,,,,,,,
2021,2021-07-26,Houston Astros,Seattle Mariners,8.0,11.0,False,6|0|0|1|1|0|0|0|0,0|0|0|3|3|1|0|4,,,-155.0,135.0,,8.5,espn,401228559,HOU,SEA,regular,Luis Garcia,Darren McCaughan,,,,,,,,
2021,2021-07-27,Miami Marlins,Baltimore Orioles,7.0,3.0,False,0|3|0|1|1|0|1|1|0,0|0|0|1|0|1|1|0|0,,,-130.0,110.0,,9.0,espn,401228570,MIA,BAL,regular,Sandy Alcantara,Spenser Watkins,,,,,,,,
2021,2021-07-27,Milwaukee Brewers,Pittsburgh Pirates,9.0,0.0,False,3|5|0|0|0|0|0|0|1,0|0|0|0|0|0|0|0|0,,,-155.0,135.0,,9.0,espn,401228571,MIL,PIT,regular,Brett Anderson,Luis Oviedo,,,,,,,,
2021,2021-07-27,Washington Nationals,Philadelphia Phillies,6.0,4.0,False,3|3|0|0|0|0|0|0|0,1|0|0|1|2|0|0|0|0,,,105.0,-125.0,1.5,10.5,espn,401228576,WSH,PHI,regular,Erick Fedde,Matt Moore,,,,,,,,
2021,2021-07-27,Atlanta Braves,New York Mets,12.0,5.0,False,2|2|2|4|0|2|0|0|0,0|0|1|0|2|0|2|0|0,,,-160.0,140.0,,9.0,espn,401228563,ATL,NYM,regular,Charlie Morton,Jerad Eickhoff,,,,,,,,
2021,2021-07-27,New York Yankees,Tampa Bay Rays,4.0,3.0,False,0|0|0|0|1|2|0|1|0,0|0|0|0|0|2|0|1|0,,,120.0,-140.0,1.5,8.5,espn,401228572,NYY,TB,regular,Jordan Montgomery,Shane McClanahan,,,,,,,,
2021,2021-07-27,St. Louis Cardinals,Cleveland Indians,4.0,2.0,False,0|0|1|0|0|0|2|0|1,0|0|0|2|0|0|0|0|0,,,-120.0,100.0,,9.5,espn,401228574,STL,CLE,regular,Adam Wainwright,Cal Quantrill,,,,,,,,
2021,2021-07-27,Arizona Diamondbacks,Texas Rangers,4.0,5.0,False,0|0|1|1|0|0|0|2|0,0|0|0|5|0|0|0|0,,,130.0,-150.0,1.5,8.5,espn,401228562,ARI,TEX,regular,Taylor Widener,Dane Dunning,,,,,,,,
2021,2021-07-27,Cincinnati Reds,Chicago Cubs,7.0,4.0,False,2|1|1|0|0|1|0|0|2,2|0|0|0|0|0|0|0|2,,,150.0,-170.0,1.5,10.5,espn,401228565,CIN,CHC,regular,Vladimir Gutierrez,Adbert Alzolay,,,,,,,,
2021,2021-07-27,Chicago White Sox,Kansas City Royals,5.0,3.0,False,0|0|0|1|0|0|0|4|0,0|2|0|1|0|0|0|0|0,,,-155.0,135.0,,9.5,espn,401228564,CHW,KC,regular,Dylan Cease,Brad Keller,,,,,,,,
2021,2021-07-27,Detroit Tigers,Minnesota Twins,6.0,5.0,False,0|0|1|0|0|0|0|0|4|0|1,4|0|0|1|0|0|0|0|0|0|0,,,167.0,-192.0,1.5,9.0,espn,401228567,DET,MIN,regular,Tyler Alexander,Kenta Maeda,,,,,,,,
2021,2021-07-27,Colorado Rockies,Los Angeles Angels,12.0,3.0,False,2|0|3|4|1|2|0|0|0,0|0|0|0|2|0|1|0|0,,,120.0,-140.0,1.5,9.5,espn,401228566,COL,LAA,regular,Austin Gomber,Jose Suarez,,,,,,,,
2021,2021-07-27,Los Angeles Dodgers,San Francisco Giants,1.0,2.0,False,0|0|0|0|1|0|0|0|0,0|0|0|0|0|1|0|1,,,-125.0,105.0,,8.5,espn,401228569,LAD,SF,regular,Julio Urias,Logan Webb,,,,,,,,
2021,2021-07-27,Houston Astros,Seattle Mariners,8.0,6.0,False,3|0|0|4|1|0|0|0|0,2|0|0|0|0|2|0|0|2,,,-165.0,145.0,,8.5,espn,401228568,HOU,SEA,regular,Lance McCullers Jr.,Chris Flexen,,,,,,,,
2021,2021-07-27,Oakland Athletics,San Diego Padres,4.0,7.0,False,0|0|3|0|0|0|0|1|0,0|0|2|0|5|0|0|0,,,135.0,-155.0,1.5,8.5,espn,401228573,OAK,SD,regular,James Kaprielian,Chris Paddack,,,,,,,,
2021,2021-07-28,Detroit Tigers,Minnesota Twins,17.0,14.0,False,0|2|0|8|0|3|0|0|4,0|0|0|6|0|0|0|6|2,,,115.0,-135.0,1.5,10.0,espn,401228582,DET,MIN,regular,Wily Peralta,J.A. Happ,,,,,,,,
2021,2021-07-28,St. Louis Cardinals,Cleveland Indians,2.0,7.0,False,1|0|1|0|0|0|0|0|0,0|1|4|2|0|0|0|0,,,-120.0,100.0,,8.5,espn,401228589,STL,CLE,regular,Kwang Hyun Kim,Zach Plesac,,,,,,,,
2021,2021-07-28,Toronto Blue Jays,Boston Red Sox,4.0,1.0,False,0|1|0|2|1|0|0,1|0|0|0|0|0|0,,,-155.0,135.0,,8.5,espn,401352053,TOR,BOS,regular,Robbie Ray,Garrett Richards,,,,,,,,
2021,2021-07-28,Houston Astros,Seattle Mariners,11.0,4.0,False,0|1|1|1|1|4|1|2|0,0|0|0|0|0|3|1|0|0,,,-115.0,-105.0,1.5,8.5,espn,401228583,HOU,SEA,regular,Jake Odorizzi,Yusei Kikuchi,,,,,,,,
2021,2021-07-28,Oakland Athletics,San Diego Padres,10.0,4.0,False,4|1|0|2|0|0|3|0|0,0|0|0|0|0|0|1|0|3,,,110.0,-130.0,1.5,8.0,espn,401228588,OAK,SD,regular,Sean Manaea,Blake Snell,,,,,,,,
2021,2021-07-28,New York Yankees,Tampa Bay Rays,3.0,1.0,False,0|0|0|0|1|0|0|0|0|2,0|0|0|1|0|0|0|0|0|0,,,120.0,-140.0,1.5,8.5,espn,401228587,NYY,TB,regular,Nestor Cortes,Michael Wacha,,,,,,,,
2021,2021-07-28,Miami Marlins,Baltimore Orioles,7.0,8.0,False,2|3|0|2|0|0|0|0|0,0|3|2|0|0|0|0|2|1,,,115.0,-135.0,1.5,9.5,espn,401228585,MIA,BAL,regular,Jordan Holloway,Jorge Lopez,,,,,,,,
2021,2021-07-28,Milwaukee Brewers,Pittsburgh Pirates,7.0,3.0,False,1|0|0|2|0|3|1|0|0,0|0|0|0|0|0|1|0|2,,,-150.0,130.0,,9.0,espn,401228586,MIL,PIT,regular,Adrian Houser,Max Kranick,,,,,,,,
2021,2021-07-28,Atlanta Braves,New York Mets,1.0,2.0,False,0|0|0|0|0|1|0|0|0,0|0|1|0|0|0|1|0,,,115.0,-135.0,1.5,8.0,espn,401228578,ATL,NYM,regular,Max Fried,Tylor Megill,,,,,,,,
2021,2021-07-28,Toronto Blue Jays,Boston Red Sox,1.0,4.0,False,0|0|0|1|0|0|0,1|1|0|2|0|0,,,120.0,-140.0,1.5,8.0,espn,401228590,TOR,BOS,regular,Steven Matz,Tanner Houck,,,,,,,,
2021,2021-07-28,Arizona Diamondbacks,Texas Rangers,3.0,2.0,False,0|1|0|0|0|0|1|1|0,0|0|0|2|0|0|0|0|0,,,105.0,-125.0,1.5,9.0,espn,401228577,ARI,TEX,regular,Madison Bumgarner,Jordan Lyles,,,,,,,,
2021,2021-07-28,Cincinnati Reds,Chicago Cubs,8.0,2.0,False,0|1|1|0|2|0|0|1|3,0|0|0|0|0|0|0|0|2,,,-120.0,100.0,,10.0,espn,401228580,CIN,CHC,regular,Tyler Mahle,Zach Davies,,,,,,,,
2021,2021-07-28,Chicago White Sox,Kansas City Royals,2.0,3.0,False,0|0|0|0|2|0|0|0|0|0,0|0|0|0|0|0|1|0|1|1,,,-175.0,155.0,,9.5,espn,401228579,CHW,KC,regular,Lucas Giolito,Kris Bubic,,,,,,,,
2021,2021-07-28,Colorado Rockies,Los Angeles Angels,7.0,8.0,False,2|0|0|1|0|0|3|1|0,1|0|0|5|1|0|0|1,,,180.0,-220.0,1.5,9.0,espn,401228581,COL,LAA,regular,Lucas Gilbreath,Andrew Heaney,,,,,,,,
2021,2021-07-28,Los Angeles Dodgers,San Francisco Giants,8.0,0.0,False,0|0|4|0|0|0|3|1|0,0|0|0|0|0|0|0|0|0,,,-130.0,110.0,,7.5,espn,401228584,LAD,SF,regular,Walker Buehler,Anthony DeSclafani,,,,,,,,
2021,2021-07-29,Washington Nationals,Philadelphia Phillies,3.0,1.0,False,0|1|0|0|0|0|2,0|0|0|1|0|0|0,,,,,,,espn,401352333,WSH,PHI,regular,Max Scherzer,Zack Wheeler,,,,,,,,
2021,2021-07-29,Atlanta Braves,New York Mets,6.0,3.0,False,0|0|0|3|2|0|0|1|0,0|0|1|0|2|0|0|0|0,,,110.0,-130.0,1.5,8.5,espn,401228592,ATL,NYM,regular,Drew Smyly,Taijuan Walker,,,,,,,,
2021,2021-07-29,New York Yankees,Tampa Bay Rays,0.0,14.0,False,0|0|0|0|0|0|0|0|0,4|0|0|0|0|10|0|0,,,-130.0,110.0,,7.5,espn,401228599,NYY,TB,regular,Gerrit Cole,Luis Patino,,,,,,,,
2021,2021-07-29,Chicago White Sox,Kansas City Royals,0.0,5.0,False,0|0|0|0|0|0|0|0|0,2|1|1|0|1|0|0|0,,,-180.0,160.0,,9.0,espn,401228594,CHW,KC,regular,Carlos Rodon,Carlos Hernandez,,,,,,,,
2021,2021-07-29,Cincinnati Reds,Chicago Cubs,7.0,4.0,False,2|0|0|0|0|2|3|0|0,0|0|0|1|2|0|0|0|1,,,-135.0,115.0,,7.0,espn,401228595,CIN,CHC,regular,Luis Castillo,Alec Mills,,,,,,,,
2021,2021-07-29,Washington Nationals,Philadelphia Phillies,8.0,11.0,False,4|2|1|0|0|0|0|1,0|0|1|2|1|0|3|4,,,-150.0,130.0,,8.5,espn,401228602,WSH,PHI,regular,Patrick Corbin,Cristopher Sanchez,,,,,,,,
2021,2021-07-29,Los Angeles Dodgers,San Francisco Giants,0.0,5.0,False,0|0|0|0|0|0|0|0|0,2|1|0|1|0|0|1|0,,,-125.0,105.0,,8.5,espn,401228597,LAD,SF,regular,David Price,Johnny Cueto,,,,,,,,
2021,2021-07-29,Milwaukee Brewers,Pittsburgh Pirates,12.0,0.0,False,0|1|0|0|0|5|1|2|3,0|0|0|0|0|0|0|0|0,,,-210.0,175.0,,8.0,espn,401228598,MIL,PIT,regular,Freddy Peralta,Chad Kuhl,,,,,,,,
2021,2021-07-29,Baltimore Orioles,Detroit Tigers,2.0,6.0,False,0|0|0|0|0|0|1|1|0,2|0|1|0|1|0|2|0,,,135.0,-155.0,1.5,10.0,espn,401228593,BAL,DET,regular,Alexander Wells,Casey Mize,,,,,,,,
2021,2021-07-29,Toronto Blue Jays,Boston Red Sox,13.0,1.0,False,3|1|0|2|3|3|1|0|0,0|0|0|0|0|0|1|0|0,,,100.0,-120.0,1.5,10.5,espn,401228601,TOR,BOS,regular,Hyun Jin Ryu,Eduardo Rodriguez,,,,,,,,
2021,2021-07-29,Oakland Athletics,Los Angeles Angels,4.0,0.0,False,3|0|0|0|0|0|1|0|0,0|0|0|0|0|0|0|0|0,,,-144.0,134.0,,9.0,espn,401228600,OAK,LAA,regular,Frankie Montas,Dylan Bundy,,,,,,,,
2021,2021-07-29,Colorado Rockies,San Diego Padres,0.0,3.0,False,0|0|0|0|0|0|0|0|0,1|0|0|0|0|0|0|2,,,240.0,-300.0,1.5,8.5,espn,401228596,COL,SD,regular,Kyle Freeland,Joe Musgrove,,,,,,,,
2021,2021-07-30,Chicago Cubs,Washington Nationals,3.0,4.0,False,0|0|1|0|0|0|0|2|0,0|1|1|0|1|1|0|0,,,115.0,-135.0,1.5,9.0,espn,401228605,CHC,WSH,regular,Jake Arrieta,Paolo Espino,,,,,,,,
2021,2021-07-30,Philadelphia Phillies,Pittsburgh Pirates,0.0,7.0,False,0|0|0|0|0|0|0|0|0,3|2|0|0|2|0|0|0,,,-130.0,110.0,,9.0,espn,401228616,PHI,PIT,regular,Vince Velasquez,Wil Crowe,,,,,,,,
2021,2021-07-30,Kansas City Royals,Toronto Blue Jays,4.0,6.0,False,0|0|0|0|1|1|0|1|1,0|2|1|0|0|0|3|0,,,170.0,-200.0,1.5,10.5,espn,401228610,KC,TOR,regular,Daniel Lynch IV,Ross Stripling,,,,,,,,
2021,2021-07-30,Baltimore Orioles,Detroit Tigers,4.0,3.0,False,0|0|1|1|1|1|0|0|0,0|0|0|0|0|0|0|3|0,,,135.0,-155.0,1.5,9.0,espn,401228603,BAL,DET,regular,Matt Harvey,Tarik Skubal,,,,,,,,
2021,2021-07-30,Boston Red Sox,Tampa Bay Rays,3.0,7.0,False,0|0|0|2|1|0|0|0|0,2|0|2|2|1|0|0|0,,,120.0,-140.0,1.5,8.5,espn,401228604,BOS,TB,regular,Martin Perez,Josh Fleming,,,,,,,,
2021,2021-07-30,Cincinnati Reds,New York Mets,6.0,2.0,False,1|0|0|0|1|1|0|0|3,1|0|0|0|0|0|0|0|1,,,120.0,-140.0,1.5,8.0,espn,401228606,CIN,NYM,regular,Sonny Gray,Carlos Carrasco,,,,,,,,
2021,2021-07-30,New York Yankees,Miami Marlins,3.0,1.0,False,0|0|0|0|0|1|0|2|0,0|0|0|0|0|0|0|1|0,,,-175.0,155.0,,7.5,espn,401228614,NYY,MIA,regular,Jameson Taillon,Zach Thompson,,,,,,,,
2021,2021-07-30,Milwaukee Brewers,Atlanta Braves,9.0,5.0,False,0|0|4|4|0|0|0|0|1,4|0|0|0|1|0|0|0|0,,,-160.0,140.0,,8.5,espn,401228612,MIL,ATL,regular,Corbin Burnes,Touki Toussaint,,,,,,,,
2021,2021-07-30,Seattle Mariners,Texas Rangers,9.0,5.0,False,0|4|3|0|0|0|1|0|1,0|0|0|1|1|2|1|0|0,,,-160.0,140.0,,7.5,espn,401228617,SEA,TEX,regular,Logan Gilbert,Kolby Allard,,,,,,,,
2021,2021-07-30,Cleveland Indians,Chicago White Sox,4.0,6.0,False,2|0|0|0|1|0|0|1|0,0|1|0|2|1|0|0|2,,,210.0,-250.0,1.5,8.0,espn,401228607,CLE,CHW,regular,J.C. Mejia,Lance Lynn,,,,,,,,
2021,2021-07-30,Minnesota Twins,St. Louis Cardinals,1.0,5.0,False,0|1|0|0|0|0|0|0|0,0|0|0|1|0|3|1|0,,,135.0,-155.0,1.5,9.0,espn,401228613,MIN,STL,regular,Griffin Jax,Wade LeBlanc,,,,,,,,
2021,2021-07-30,Oakland Athletics,Los Angeles Angels,2.0,0.0,False,0|0|0|1|0|0|0|1|0,0|0|0|0|0|0|0|0|0,,,-115.0,-105.0,1.5,8.5,espn,401228615,OAK,LAA,regular,Chris Bassitt,Patrick Sandoval,,,,,,,,
2021,2021-07-30,Los Angeles Dodgers,Arizona Diamondbacks,5.0,6.0,False,0|0|0|0|0|2|2|1|0|0,0|2|0|1|0|2|0|0|0|1,,,-200.0,170.0,,9.0,espn,401228611,LAD,ARI,regular,Tony Gonsolin,Zac Gallen,,,,,,,,
2021,2021-07-30,Houston Astros,San Francisco Giants,9.0,6.0,False,2|0|0|0|1|4|0|1|1,0|0|2|0|0|1|2|0|1,,,110.0,-130.0,1.5,8.0,espn,401228609,HOU,SF,regular,Framber Valdez,Kevin Gausman,,,,,,,,
2021,2021-07-30,Colorado Rockies,San Diego Padres,9.0,4.0,False,4|0|0|4|1|0|0|0|0,0|0|0|0|0|2|0|2|0,,,175.0,-210.0,1.5,8.5,espn,401228608,COL,SD,regular,Jon Gray,Ryan Weathers,,,,,,,,
2021,2021-07-31,Kansas City Royals,Toronto Blue Jays,0.0,4.0,False,0|0|0|0|0|0|0|0|0,1|0|2|0|0|1|0|0,,,220.0,-270.0,1.5,9.0,espn,401228625,KC,TOR,regular,Mike Minor,Alek Manoah,,,,,,,,
2021,2021-07-31,Houston Astros,San Francisco Giants,6.0,8.0,False,0|0|3|0|2|1|0|0|0,0|1|2|2|1|1|0|1,,,100.0,-120.0,1.5,8.0,espn,401228624,HOU,SF,regular,Zack Greinke,Alex Wood,,,,,,,,
2021,2021-07-31,Oakland Athletics,Los Angeles Angels,0.0,1.0,False,0|0|0|0|0|0|0|0|0,0|0|1|0|0|0|0|0,,,-150.0,130.0,,10.0,espn,401228630,OAK,LAA,regular,Cole Irvin,Jaime Barria,,,,,,,,
2021,2021-07-31,Baltimore Orioles,Detroit Tigers,5.0,2.0,False,0|0|1|0|1|3|0|0|0,0|0|0|1|0|0|0|0|1,,,-105.0,-115.0,1.5,9.5,espn,401228618,BAL,DET,regular,John Means,Matt Manning,,,,,,,,
2021,2021-07-31,Boston Red Sox,Tampa Bay Rays,5.0,9.0,False,3|0|0|0|2|0|0|0|0,2|0|1|2|0|1|0|3,,,-105.0,-115.0,1.5,8.5,espn,401228619,BOS,TB,regular,Nathan Eovaldi,Ryan Yarbrough,,,,,,,,
2021,2021-07-31,New York Yankees,Miami Marlins,4.0,2.0,False,0|2|0|0|1|0|1|0|0,0|0|0|2|0|0|0|0|0,,,-140.0,120.0,,7.5,espn,401228629,NYY,MIA,regular,Domingo German,Trevor Rogers,,,,,,,,
2021,2021-07-31,Chicago Cubs,Washington Nationals,6.0,3.0,False,1|0|0|4|0|0|1|0|0,1|0|0|0|0|0|0|2|0,,,105.0,-125.0,1.5,8.0,espn,401228620,CHC,WSH,regular,Kyle Hendricks,Joe Ross,,,,,,,,
2021,2021-07-31,Philadelphia Phillies,Pittsburgh Pirates,2.0,3.0,False,0|0|0|0|1|0|0|1|0,0|0|2|0|0|0|0|0|1,,,-185.0,165.0,,7.5,espn,401228631,PHI,PIT,regular,Aaron Nola,JT Brubaker,,,,,,,,
2021,2021-07-31,Seattle Mariners,Texas Rangers,4.0,5.0,False,2|0|0|0|0|0|0|0|1|1,0|0|0|0|2|1|0|0|0|2,,,-140.0,120.0,,8.5,espn,401228632,SEA,TEX,regular,Tyler Anderson,Taylor Hearn,,,,,,,,
2021,2021-07-31,Cincinnati Reds,New York Mets,4.0,5.0,False,0|0|0|3|1|0|0|0|0|0,0|0|1|0|0|2|0|0|1|1,,,110.0,-130.0,1.5,9.0,espn,401228621,CIN,NYM,regular,Wade Miley,Rich Hill,,,,,,,,
2021,2021-07-31,Cleveland Indians,Chicago White Sox,12.0,11.0,False,0|0|0|1|2|5|2|2|0,0|1|1|4|0|0|2|3|0,,,135.0,-155.0,1.5,9.0,espn,401228622,CLE,CHW,regular,Triston McKenzie,Dallas Keuchel,,,,,,,,
2021,2021-07-31,Minnesota Twins,St. Louis Cardinals,8.0,1.0,False,2|0|5|0|1|0|0|0|0,0|0|0|1|0|0|0|0|0,,,110.0,-130.0,1.5,8.5,espn,401228628,MIN,STL,regular,Bailey Ober,Jake Woodford,,,,,,,,
2021,2021-07-31,Milwaukee Brewers,Atlanta Braves,1.0,8.0,False,0|1|0|0|0|0|0|0|0,0|0|0|1|0|2|5|0,,,-145.0,125.0,,9.0,espn,401228627,MIL,ATL,regular,Brandon Woodruff,Kyle Muller,,,,,,,,
2021,2021-07-31,Los Angeles Dodgers,Arizona Diamondbacks,8.0,3.0,False,0|3|0|0|0|0|4|0|1,0|0|0|2|1|0|0|0|0,,,-180.0,160.0,,9.5,espn,401228626,LAD,ARI,regular,Mitch White,Merrill Kelly,,,,,,,,
2021,2021-07-31,Colorado Rockies,San Diego Padres,5.0,3.0,False,0|0|2|0|2|1|0|0|0,0|0|2|0|0|0|0|0|1,,,175.0,-210.0,1.5,7.0,espn,401228623,COL,SD,regular,German Marquez,Yu Darvish,,,,,,,,
2021,2021-08-01,Chicago Cubs,Washington Nationals,5.0,6.0,False,1|0|0|0|0|2|0|2|0,0|0|3|1|0|0|1|0|1,,,-105.0,-115.0,1.5,8.5,espn,401228635,CHC,WSH,regular,Adbert Alzolay,Erick Fedde,,,,,,,,
2021,2021-08-01,Philadelphia Phillies,Pittsburgh Pirates,15.0,4.0,False,1|2|0|0|1|2|2|5|2,0|0|1|0|0|0|1|0|2,,,-160.0,140.0,,8.5,espn,401228646,PHI,PIT,regular,Kyle Gibson,Mitch Keller,,,,,,,,
2021,2021-08-01,Kansas City Royals,Toronto Blue Jays,1.0,5.0,False,0|0|0|0|0|0|0|0|1,0|0|3|1|1|0|0|0,,,215.0,-260.0,1.5,8.5,espn,401228640,KC,TOR,regular,Brad Keller,Jose Berrios,,,,,,,,
2021,2021-08-01,Baltimore Orioles,Detroit Tigers,2.0,6.0,False,2|0|0|0|0|0|0|0|0,3|0|0|0|0|1|2|0,,,130.0,-150.0,1.5,10.0,espn,401228633,BAL,DET,regular,Spenser Watkins,Tyler Alexander,,,,,,,,
2021,2021-08-01,Cincinnati Reds,New York Mets,7.0,1.0,False,0|0|0|1|0|3|0|0|3,0|0|0|0|0|1|0|0|0,,,167.0,-192.0,1.5,8.5,espn,401228636,CIN,NYM,regular,Vladimir Gutierrez,Marcus Stroman,,,,,,,,
2021,2021-08-01,New York Yankees,Miami Marlins,3.0,1.0,False,0|0|0|0|0|0|0|2|1,1|0|0|0|0|0|0|0|0,,,-165.0,145.0,,7.0,espn,401228644,NYY,MIA,regular,Jordan Montgomery,Sandy Alcantara,,,,,,,,
2021,2021-08-01,Milwaukee Brewers,Atlanta Braves,2.0,1.0,False,1|0|0|0|1|0|0|0|0,0|0|0|0|0|1|0|0|0,,,150.0,-170.0,1.5,9.0,espn,401228642,MIL,ATL,regular,Brett Anderson,Charlie Morton,,,,,,,,
2021,2021-08-01,Cleveland Indians,Chicago White Sox,1.0,2.0,False,0|0|1|0|0|0|0|0|0,0|0|0|0|1|0|0|0|1,,,150.0,-170.0,1.5,9.5,espn,401228637,CLE,CHW,regular,Cal Quantrill,Jimmy Lambert,,,,,,,,
2021,2021-08-01,Minnesota Twins,St. Louis Cardinals,3.0,7.0,False,0|2|0|0|0|1|0|0|0,0|0|2|1|1|1|0|2,,,140.0,-160.0,1.5,8.0,espn,401228643,MIN,STL,regular,Michael Pineda,Adam Wainwright,,,,,,,,
2021,2021-08-01,Seattle Mariners,Texas Rangers,3.0,4.0,False,0|2|0|0|0|0|1|0|0,0|1|0|0|0|0|0|0|3,,,-150.0,130.0,,9.0,espn,401228647,SEA,TEX,regular,Marco Gonzales,Mike Foltynewicz,,,,,,,,
2021,2021-08-01,Houston Astros,San Francisco Giants,3.0,5.0,False,2|0|0|0|0|0|0|1|0,0|0|3|0|2|0|0|0,,,105.0,-125.0,1.5,8.5,espn,401228639,HOU,SF,regular,Luis Garcia,Logan Webb,,,,,,,,
2021,2021-08-01,Oakland Athletics,Los Angeles Angels,8.0,3.0,False,0|0|5|0|1|2|0|0|0,2|1|0|0|0|0|0|0|0,,,100.0,-120.0,1.5,9.5,espn,401228645,OAK,LAA,regular,Daulton Jefferies,Reid Detmers,,,,,,,,
2021,2021-08-01,Colorado Rockies,San Diego Padres,1.0,8.0,False,0|1|0|0|0|0|0|0|0,4|0|0|1|1|1|1|0,,,140.0,-160.0,1.5,8.5,espn,401228638,COL,SD,regular,Austin Gomber,Reiss Knehr,,,,,,,,
2021,2021-08-01,Los Angeles Dodgers,Arizona Diamondbacks,13.0,0.0,False,0|5|0|0|2|1|3|1|1,0|0|0|0|0|0|0|0|0,,,-260.0,215.0,,9.5,espn,401228641,LAD,ARI,regular,Julio Urias,Caleb Smith,,,,,,,,
2021,2021-08-01,Boston Red Sox,Tampa Bay Rays,2.0,3.0,False,0|0|0|1|0|0|1|0|0,0|0|2|0|1|0|0|0,,,140.0,-160.0,1.5,8.5,espn,401228634,BOS,TB,regular,Nick Pivetta,Shane McClanahan,,,,,,,,
2021,2021-08-02,Cleveland Indians,Toronto Blue Jays,5.0,2.0,False,0|0|2|0|0|0|0|0|0|3,0|0|0|0|0|2|0|0|0|0,,,220.0,-270.0,1.5,9.0,espn,401228650,CLE,TOR,regular,Eli Morgan,Robbie Ray,,,,,,,,
2021,2021-08-02,Philadelphia Phillies,Washington Nationals,7.0,5.0,False,0|0|0|0|1|0|1|0|5,0|0|0|0|0|1|2|0|2,,,-130.0,110.0,,8.5,espn,401228652,PHI,WSH,regular,Ranger Suarez,Josiah Gray,,,,,,,,
2021,2021-08-02,Baltimore Orioles,New York Yankees,7.0,1.0,False,0|0|2|2|0|2|0|1|0,0|0|0|0|1|0|0|0|0,,,240.0,-300.0,1.5,9.0,espn,401228649,BAL,NYY,regular,Jorge Lopez,Andrew Heaney,,,,,,,,
2021,2021-08-02,New York Mets,Miami Marlins,3.0,6.0,False,0|2|1|0|0|0|0|0|0,4|0|1|0|0|0|0|1,,,-170.0,150.0,,7.5,espn,401228651,NYM,MIA,regular,Tylor Megill,Jesus Luzardo,,,,,,,,
2021,2021-08-02,Seattle Mariners,Tampa Bay Rays,8.0,2.0,False,0|0|5|1|0|0|2|0|0,0|0|0|1|1|0|0|0|0,,,150.0,-170.0,1.5,8.5,espn,401228654,SEA,TB,regular,Chris Flexen,Michael Wacha,,,,,,,,
2021,2021-08-02,Los Angeles Angels,Texas Rangers,1.0,4.0,False,0|0|0|1|0|0|0|0|0,0|1|0|0|1|0|2|0,,,-105.0,-115.0,1.5,8.5,espn,401228648,LAA,TEX,regular,Chris Rodriguez,Dane Dunning,,,,,,,,
2021,2021-08-02,Pittsburgh Pirates,Milwaukee Brewers,2.0,6.0,False,0|0|0|0|0|0|0|0|2,0|0|1|0|0|2|3|0,,,175.0,-210.0,1.5,9.0,espn,401228653,PIT,MIL,regular,Bryse Wilson,Eric Lauer,,,,,,,,
2021,2021-08-02,San Francisco Giants,Arizona Diamondbacks,11.0,8.0,False,0|0|2|0|5|1|0|0|0|3,0|0|1|0|4|0|3|0|0|0,,,-210.0,175.0,,9.5,espn,401228655,SF,ARI,regular,Anthony DeSclafani,Taylor Widener,,,,,,,,
2021,2021-08-03,Baltimore Orioles,New York Yankees,1.0,13.0,False,0|0|0|0|0|0|0|1|0,0|1|5|3|0|0|0|4,,,215.0,-260.0,1.5,10.5,espn,401228658,BAL,NYY,regular,Alexander Wells,Luis Gil,,,,,,,,
2021,2021-08-03,Philadelphia Phillies,Washington Nationals,5.0,4.0,False,1|0|0|0|0|0|3|1|0,0|0|0|0|0|0|2|2|0,,,-180.0,160.0,,8.0,espn,401228666,PHI,WSH,regular,Zack Wheeler,Patrick Corbin,,,,,,,,
2021,2021-08-03,Cleveland Indians,Toronto Blue Jays,2.0,7.0,False,0|0|0|1|0|1|0|0|0,3|0|0|1|2|1|0|0,,,175.0,-210.0,1.5,9.0,espn,401228661,CLE,TOR,regular,Zach Plesac,Hyun Jin Ryu,,,,,,,,
2021,2021-08-03,Boston Red Sox,Detroit Tigers,2.0,4.0,False,1|1|0|0|0|0|0|0|0,0|1|0|1|1|0|1|0,,,-165.0,145.0,,10.0,espn,401228659,BOS,DET,regular,Garrett Richards,Wily Peralta,,,,,,,,
2021,2021-08-03,Minnesota Twins,Cincinnati Reds,7.0,5.0,False,0|0|1|0|3|0|0|0|3,0|0|3|0|2|0|0|0|0,,,120.0,-140.0,1.5,9.0,espn,401228664,MIN,CIN,regular,Kenta Maeda,Tyler Mahle,,,,,,,,
2021,2021-08-03,New York Mets,Miami Marlins,4.0,5.0,False,0|0|0|1|0|2|0|0|1,0|1|3|0|0|0|0|1,,,-210.0,175.0,,8.0,espn,401228665,NYM,MIA,regular,Taijuan Walker,Nick Neidert,,,,,,,,
2021,2021-08-03,Seattle Mariners,Tampa Bay Rays,4.0,2.0,False,0|1|0|2|0|1|0|0|0,1|0|0|1|0|0|0|0|0,,,140.0,-160.0,1.5,8.0,espn,401228669,SEA,TB,regular,Yusei Kikuchi,Luis Patino,,,,,,,,
2021,2021-08-03,Los Angeles Angels,Texas Rangers,11.0,3.0,False,0|0|3|0|1|2|4|0|1,0|1|0|0|0|2|0|0|0,,,-130.0,110.0,,8.5,espn,401228656,LAA,TEX,regular,Jose Suarez,Jordan Lyles,,,,,,,,
2021,2021-08-03,Kansas City Royals,Chicago White Sox,1.0,7.0,False,0|0|0|0|0|0|1|0|0,0|1|2|0|0|0|4|0,,,195.0,-235.0,1.5,9.0,espn,401228663,KC,CHW,regular,Kris Bubic,Dylan Cease,,,,,,,,
2021,2021-08-03,Pittsburgh Pirates,Milwaukee Brewers,8.0,5.0,False,0|0|0|0|0|0|5|0|0|3,1|0|2|0|1|0|1|0|0|0,,,200.0,-240.0,1.5,8.5,espn,401228667,PIT,MIL,regular,Max Kranick,Adrian Houser,,,,,,,,
2021,2021-08-03,Atlanta Braves,St. Louis Cardinals,6.0,1.0,False,5|1|0|0|0|0|0|0|0,0|0|0|0|0|0|0|0|1,,,-140.0,120.0,,8.5,espn,401228657,ATL,STL,regular,Max Fried,Jon Lester,,,,,,,,
2021,2021-08-03,Chicago Cubs,Colorado Rockies,6.0,13.0,False,0|1|0|1|0|0|0|2|2,0|4|0|3|0|4|0|2,,,130.0,-150.0,1.5,11.0,espn,401228660,CHC,COL,regular,Zach Davies,Kyle Freeland,,,,,,,,
2021,2021-08-03,San Diego Padres,Oakland Athletics,8.0,1.0,False,1|3|0|0|2|0|2|0|0,0|0|0|0|1|0|0|0|0,,,140.0,-160.0,1.5,8.5,espn,401228668,SD,OAK,regular,Blake Snell,Sean Manaea,,,,,,,,
2021,2021-08-03,San Francisco Giants,Arizona Diamondbacks,1.0,3.0,False,0|0|0|0|1|0|0|0|0,0|3|0|0|0|0|0|0,,,-175.0,155.0,,9.5,espn,401228670,SF,ARI,regular,Johnny Cueto,Madison Bumgarner,,,,,,,,
2021,2021-08-03,Houston Astros,Los Angeles Dodgers,3.0,0.0,False,0|0|1|0|0|0|0|2|0,0|0|0|0|0|0|0|0|0,,,160.0,-180.0,1.5,8.5,espn,401228662,HOU,LAD,regular,Lance McCullers Jr.,Walker Buehler,,,,,,,,
2021,2021-08-04,Minnesota Twins,Cincinnati Reds,5.0,6.0,False,1|0|0|0|0|0|0|4|0,0|0|4|1|0|0|1|0,,,205.0,-245.0,1.5,9.5,espn,401228679,MIN,CIN,regular,Charlie Barnes,Luis Castillo,,,,,,,,
2021,2021-08-04,Seattle Mariners,Tampa Bay Rays,3.0,4.0,False,0|0|1|0|0|1|0|1|0,0|0|3|0|0|1|0|0,,,135.0,-155.0,1.5,8.0,espn,401228684,SEA,TB,regular,Logan Gilbert,Josh Fleming,,,,,,,,
2021,2021-08-04,Pittsburgh Pirates,Milwaukee Brewers,2.0,4.0,False,0|0|0|1|0|1|0|0|0,0|0|1|0|0|0|3|0,,,220.0,-270.0,1.5,8.0,espn,401228682,PIT,MIL,regular,Steven Brault,Freddy Peralta,,,,,,,,
2021,2021-08-04,San Diego Padres,Oakland Athletics,4.0,5.0,False,0|0|1|2|0|0|0|0|0|1,0|1|0|0|0|0|0|0|2|2,,,110.0,-130.0,1.5,8.0,espn,401228683,SD,OAK,regular,Joe Musgrove,Frankie Montas,,,,,,,,
2021,2021-08-04,Baltimore Orioles,New York Yankees,3.0,10.0,False,2|0|0|1|0|0|0|0|0,0|0|0|2|1|0|5|2,,,235.0,-290.0,1.5,9.0,espn,401228673,BAL,NYY,regular,Matt Harvey,Jameson Taillon,,,,,,,,
2021,2021-08-04,Philadelphia Phillies,Washington Nationals,9.0,5.0,False,0|0|4|0|2|0|2|1|0,1|2|0|0|0|0|1|0|1,,,-105.0,-115.0,1.5,9.0,espn,401228681,PHI,WSH,regular,Chase Anderson,Paolo Espino,,,,,,,,
2021,2021-08-04,Cleveland Indians,Toronto Blue Jays,6.0,8.0,False,0|0|0|0|0|0|0|4|2,4|1|3|0|0|0|0|0,,,175.0,-210.0,1.5,9.5,espn,401228676,CLE,TOR,regular,J.C. Mejia,Steven Matz,,,,,,,,
2021,2021-08-04,Boston Red Sox,Detroit Tigers,4.0,1.0,False,0|1|0|0|3|0|0|0|0,0|0|0|0|0|0|1|0|0,,,-150.0,130.0,,9.0,espn,401228674,BOS,DET,regular,Eduardo Rodriguez,Casey Mize,,,,,,,,
2021,2021-08-04,New York Mets,Miami Marlins,5.0,3.0,False,0|3|0|0|0|0|0|2|0,0|0|0|0|2|1|0|0|0,,,-155.0,135.0,,7.5,espn,401228680,NYM,MIA,regular,Carlos Carrasco,Zach Thompson,,,,,,,,
2021,2021-08-04,Atlanta Braves,St. Louis Cardinals,7.0,4.0,False,0|0|0|1|1|2|0|3|0,3|0|0|0|0|0|1|0|0,,,-115.0,-105.0,1.5,9.0,espn,401228672,ATL,STL,regular,Drew Smyly,J.A. Happ,,,,,,,,
2021,2021-08-04,Los Angeles Angels,Texas Rangers,2.0,1.0,False,0|0|1|0|1|0|0|0|0,0|0|0|0|0|1|0|0|0,,,-180.0,160.0,,8.0,espn,401228671,LAA,TEX,regular,Shohei Ohtani,Kolby Allard,,,,,,,,
2021,2021-08-04,Kansas City Royals,Chicago White Sox,9.0,1.0,False,1|2|2|1|0|0|2|1|0,0|0|0|1|0|0|0|0|0,,,240.0,-300.0,1.5,8.5,espn,401228678,KC,CHW,regular,Carlos Hernandez,Lucas Giolito,,,,,,,,
2021,2021-08-04,Chicago Cubs,Colorado Rockies,3.0,2.0,False,0|0|0|0|3|0|0|0|0,2|0|0|0|0|0|0|0|0,,,165.0,-185.0,1.5,11.0,espn,401228675,CHC,COL,regular,Alec Mills,Jon Gray,,,,,,,,
2021,2021-08-04,Houston Astros,Los Angeles Dodgers,5.0,7.0,False,1|0|0|1|0|0|0|1|2,4|1|2|0|0|0|0|0,,,200.0,-240.0,1.5,9.0,espn,401228677,HOU,LAD,regular,Jake Odorizzi,Max Scherzer,,,,,,,,
2021,2021-08-04,San Francisco Giants,Arizona Diamondbacks,7.0,1.0,False,0|0|0|1|0|2|4|0|0,0|0|0|0|0|1|0|0|0,,,-175.0,155.0,,8.5,espn,401228685,SF,ARI,regular,Kevin Gausman,Zac Gallen,,,,,,,,
2021,2021-08-05,New York Mets,Miami Marlins,2.0,4.0,False,0|0|0|0|0|1|0|0|1,0|0|1|0|0|0|0|3,,,-130.0,110.0,,8.0,espn,401228693,NYM,MIA,regular,Rich Hill,Braxton Garrett,,,,,,,,
2021,2021-08-05,Boston Red Sox,Detroit Tigers,1.0,8.0,False,0|0|0|0|0|0|0|1|0,1|2|0|0|3|1|1|0,,,-130.0,110.0,,10.0,espn,401228688,BOS,DET,regular,Martin Perez,Tarik Skubal,,,,,,,,
2021,2021-08-05,Los Angeles Angels,Texas Rangers,5.0,0.0,False,0|0|3|0|0|2|0|0|0,0|0|0|0|0|0|0|0|0,,,-115.0,-105.0,1.5,9.0,espn,401228686,LAA,TEX,regular,Dylan Bundy,Spencer Howard,,,,,,,,
2021,2021-08-05,Chicago Cubs,Colorado Rockies,5.0,6.0,False,0|0|0|0|4|1|0|0|0,1|1|1|1|2|0|0|0,,,130.0,-150.0,1.5,11.5,espn,401228689,CHC,COL,regular,Jake Arrieta,Antonio Senzatela,,,,,,,,
2021,2021-08-05,San Francisco Giants,Arizona Diamondbacks,5.0,4.0,False,0|0|0|0|0|0|0|0|4|1,2|0|2|0|0|0|0|0|0|0,,,-165.0,145.0,,9.0,espn,401228697,SF,ARI,regular,Alex Wood,Merrill Kelly,,,,,,,,
2021,2021-08-05,Philadelphia Phillies,Washington Nationals,7.0,6.0,False,0|1|1|0|0|0|1|0|4,0|0|0|2|3|0|0|0|1,,,-150.0,130.0,,8.5,espn,401228694,PHI,WSH,regular,Aaron Nola,Joe Ross,,,,,,,,
2021,2021-08-05,Seattle Mariners,New York Yankees,3.0,5.0,False,0|0|1|1|0|0|1|0|0,0|1|0|1|0|0|3|0,,,175.0,-210.0,1.5,9.5,espn,401228696,SEA,NYY,regular,Tyler Anderson,Nestor Cortes,,,,,,,,
2021,2021-08-05,Cleveland Indians,Toronto Blue Jays,0.0,3.0,False,0|0|0|0|0|0|0|0|0,0|0|0|2|0|1|0|0,,,170.0,-200.0,1.5,9.0,espn,401228690,CLE,TOR,regular,Triston McKenzie,Ross Stripling,,,,,,,,
2021,2021-08-05,Pittsburgh Pirates,Cincinnati Reds,4.0,7.0,False,0|0|0|0|4|0|0|0|0,1|6|0|0|0|0|0|0,,,200.0,-240.0,1.5,9.5,espn,401228695,PIT,CIN,regular,Wil Crowe,Sonny Gray,,,,,,,,
2021,2021-08-05,Kansas City Royals,Chicago White Sox,3.0,2.0,False,2|0|0|0|0|0|1|0|0,1|0|0|0|0|0|0|1|0,,,170.0,-200.0,1.5,9.5,espn,401228691,KC,CHW,regular,Daniel Lynch IV,Dallas Keuchel,,,,,,,,
2021,2021-08-05,Minnesota Twins,Houston Astros,5.0,3.0,False,0|4|0|0|0|0|0|1|0,0|0|0|0|0|1|0|0|2,,,195.0,-235.0,1.5,9.5,espn,401228692,MIN,HOU,regular,Griffin Jax,Framber Valdez,,,,,,,,
2021,2021-08-05,Atlanta Braves,St. Louis Cardinals,8.0,4.0,False,0|0|1|1|0|0|0|6|0,0|0|2|0|0|1|1|0|0,,,-120.0,100.0,,9.0,espn,401228687,ATL,STL,regular,Touki Toussaint,Wade LeBlanc,,,,,,,,
2021,2021-08-06,Chicago White Sox,Chicago Cubs,8.0,6.0,False,0|0|0|2|0|0|0|2|0|4,0|0|0|0|0|0|1|3|0|2,,,-210.0,175.0,,9.0,espn,401228701,CHW,CHC,regular,Lance Lynn,Kyle Hendricks,,,,,,,,
2021,2021-08-06,New York Mets,Philadelphia Phillies,2.0,4.0,False,0|0|1|0|0|0|0|0|1,0|1|0|0|1|0|0|2,,,100.0,-120.0,1.5,9.5,espn,401228706,NYM,PHI,regular,Marcus Stroman,Kyle Gibson,,,,,,,,
2021,2021-08-06,Seattle Mariners,New York Yankees,2.0,3.0,False,0|0|0|0|0|1|0|0|0|1|0,0|0|0|0|0|0|0|1|0|1|1,,,145.0,-165.0,1.5,9.5,espn,401228708,SEA,NYY,regular,Marco Gonzales,Wandy Peralta,,,,,,,,
2021,2021-08-06,Tampa Bay Rays,Baltimore Orioles,10.0,6.0,False,0|2|0|0|0|3|0|5|0,1|2|1|0|1|0|0|1|0,,,-150.0,130.0,,10.0,espn,401228710,TB,BAL,regular,Ryan Yarbrough,John Means,,,,,,,,
2021,2021-08-06,Boston Red Sox,Toronto Blue Jays,4.0,12.0,False,0|0|0|1|1|2|0|0|0,0|0|0|0|9|1|1|1,,,130.0,-150.0,1.5,9.0,espn,401228700,BOS,TOR,regular,Nathan Eovaldi,Alek Manoah,,,,,,,,
2021,2021-08-06,Detroit Tigers,Cleveland Indians,1.0,6.0,False,0|0|0|0|0|0|0|0|1,0|0|4|2|0|0|0|0,,,120.0,-140.0,1.5,9.5,espn,401228702,DET,CLE,regular,Matt Manning,Cal Quantrill,,,,,,,,
2021,2021-08-06,Pittsburgh Pirates,Cincinnati Reds,0.0,10.0,False,0|0|0|0|0|0|0|0|0,7|2|0|0|0|1|0|0,,,160.0,-180.0,1.5,9.5,espn,401228707,PIT,CIN,regular,JT Brubaker,Wade Miley,,,,,,,,
2021,2021-08-06,Washington Nationals,Atlanta Braves,4.0,8.0,False,0|0|1|1|1|0|0|0|1,2|0|0|0|3|0|0|3,,,180.0,-220.0,1.5,9.0,espn,401228712,WSH,ATL,regular,Erick Fedde,Kyle Muller,,,,,,,,
2021,2021-08-06,Minnesota Twins,Houston Astros,5.0,4.0,False,0|0|0|0|2|1|0|0|0|1|1,0|2|0|1|0|0|0|0|0|1|0,,,175.0,-210.0,1.5,9.0,espn,401228705,MIN,HOU,regular,Bailey Ober,Zack Greinke,,,,,,,,
2021,2021-08-06,San Francisco Giants,Milwaukee Brewers,1.0,2.0,False,0|0|0|0|0|1|0|0|0|0,0|1|0|0|0|0|0|0|0|1,,,130.0,-150.0,1.5,8.0,espn,401228709,SF,MIL,regular,Logan Webb,Corbin Burnes,,,,,,,,
2021,2021-08-06,Kansas City Royals,St. Louis Cardinals,2.0,4.0,False,0|0|0|0|0|2|0|0|0,1|1|0|1|1|0|0|0,,,145.0,-165.0,1.5,8.5,espn,401228703,KC,STL,regular,Mike Minor,Adam Wainwright,,,,,,,,
2021,2021-08-06,Miami Marlins,Colorado Rockies,2.0,14.0,False,0|0|0|0|0|0|1|1|0,0|1|1|9|0|0|0|3,,,120.0,-140.0,1.5,9.5,espn,401228704,MIA,COL,regular,Sandy Alcantara,German Marquez,,,,,,,,
2021,2021-08-06,Texas Rangers,Oakland Athletics,1.0,4.0,False,0|0|0|0|1|0|0|0|0|0|0,0|0|0|1|0|0|0|0|0|0|3,,,265.0,-330.0,1.5,8.0,espn,401228711,TEX,OAK,regular,Mike Foltynewicz,Chris Bassitt,,,,,,,,
2021,2021-08-06,Los Angeles Angels,Los Angeles Dodgers,4.0,3.0,False,0|0|0|0|1|1|0|0|0|2,1|0|0|1|0|0|0|0|0|1,,,180.0,-220.0,1.5,8.5,espn,401228698,LAA,LAD,regular,Patrick Sandoval,David Price,,,,,,,,
2021,2021-08-06,Arizona Diamondbacks,San Diego Padres,8.0,5.0,False,0|0|2|6|0|0|0|0|0,0|5|0|0|0|0|0|0|0,,,190.0,-230.0,1.5,9.0,espn,401228699,ARI,SD,regular,Caleb Smith,Ryan Weathers,,,,,,,,
2021,2021-08-07,Seattle Mariners,New York Yankees,4.0,5.0,False,2|2|0|0|0|0|0|0|0,1|0|0|0|0|4|0|0,,,167.0,-192.0,1.5,10.5,espn,401228723,SEA,NYY,regular,Chris Flexen,Andrew Heaney,,,,,,,,
2021,2021-08-07,Chicago White Sox,Chicago Cubs,4.0,0.0,False,2|0|0|0|0|0|0|2|0,0|0|0|0|0|0|0|0|0,,,-200.0,170.0,,8.5,espn,401228716,CHW,CHC,regular,Carlos Rodon,Adbert Alzolay,,,,,,,,
2021,2021-08-07,Boston Red Sox,Toronto Blue Jays,0.0,1.0,False,0|0|0|0|0|0|0,0|0|0|0|0|0|1,,,167.0,-192.0,1.5,7.0,espn,401228715,BOS,TOR,regular,Nick Pivetta,Robbie Ray,,,,,,,,
2021,2021-08-07,New York Mets,Philadelphia Phillies,3.0,5.0,False,0|0|0|0|0|0|0|0|3,0|0|0|0|4|0|0|1,,,100.0,-120.0,1.5,9.5,espn,401228721,NYM,PHI,regular,Tylor Megill,Ranger Suarez,,,,,,,,
2021,2021-08-07,Texas Rangers,Oakland Athletics,3.0,12.0,False,2|0|0|0|0|0|0|1|0,0|0|7|3|2|0|0|0,,,200.0,-240.0,1.5,8.5,espn,401228726,TEX,OAK,regular,Drew Anderson,Cole Irvin,,,,,,,,
2021,2021-08-07,Tampa Bay Rays,Baltimore Orioles,12.0,3.0,False,0|2|0|0|2|1|0|5|2,0|0|3|0|0|0|0|0|0,,,-235.0,195.0,,10.0,espn,401228725,TB,BAL,regular,Shane McClanahan,Spenser Watkins,,,,,,,,
2021,2021-08-07,Boston Red Sox,Toronto Blue Jays,2.0,1.0,False,0|0|0|0|0|1|0|1,0|0|0|1|0|0|0|0,,,145.0,-165.0,1.5,7.0,espn,401348934,BOS,TOR,regular,Tanner Houck,Jose Berrios,,,,,,,,
2021,2021-08-07,Detroit Tigers,Cleveland Indians,2.0,1.0,False,0|1|0|0|1|0|0|0|0,0|0|0|0|0|0|0|0|1,,,130.0,-150.0,1.5,9.5,espn,401228717,DET,CLE,regular,Tyler Alexander,Eli Morgan,,,,,,,,
2021,2021-08-07,Minnesota Twins,Houston Astros,0.0,4.0,False,0|0|0|0|0|0|0|0|0,0|1|0|1|0|0|0|2,,,205.0,-245.0,1.5,8.5,espn,401228720,MIN,HOU,regular,Michael Pineda,Luis Garcia,,,,,,,,
2021,2021-08-07,Pittsburgh Pirates,Cincinnati Reds,3.0,11.0,False,0|0|1|0|0|0|0|2|0,0|0|3|0|1|2|0|5,,,175.0,-210.0,1.5,10.5,espn,401228722,PIT,CIN,regular,Mitch Keller,Vladimir Gutierrez,,,,,,,,
2021,2021-08-07,San Francisco Giants,Milwaukee Brewers,9.0,6.0,False,0|0|0|1|0|0|0|0|1|3|4,0|0|1|1|0|0|0|0|0|3|1,,,167.0,-192.0,1.5,8.5,espn,401228724,SF,MIL,regular,Aaron Sanchez,Brandon Woodruff,,,,,,,,
2021,2021-08-07,Kansas City Royals,St. Louis Cardinals,2.0,5.0,False,0|0|0|2|0|0|0|0|0,2|0|0|1|1|1|0|0,,,130.0,-150.0,1.5,8.5,espn,401228718,KC,STL,regular,Brad Keller,Kwang Hyun Kim,,,,,,,,
2021,2021-08-07,Washington Nationals,Atlanta Braves,3.0,2.0,False,0|0|0|0|0|0|0|0|3,1|0|1|0|0|0|0|0|0,,,215.0,-260.0,1.5,8.5,espn,401228727,WSH,ATL,regular,Josiah Gray,Charlie Morton,,,,,,,,
2021,2021-08-07,Miami Marlins,Colorado Rockies,4.0,7.0,False,0|0|0|0|0|0|4|0|0,0|1|0|3|3|0|0|0,,,150.0,-170.0,1.5,10.5,espn,401228719,MIA,COL,regular,Jesus Luzardo,Austin Gomber,,,,,,,,
2021,2021-08-07,Arizona Diamondbacks,San Diego Padres,2.0,6.0,False,0|2|0|0|0|0|0|0|0,1|1|0|0|0|0|0|4,,,255.0,-315.0,1.5,8.5,espn,401228714,ARI,SD,regular,Taylor Widener,Yu Darvish,,,,,,,,
2021,2021-08-07,Los Angeles Angels,Los Angeles Dodgers,3.0,5.0,False,0|0|3|0|0|0|0|0|0,2|0|0|0|0|0|1|2,,,300.0,-380.0,1.5,8.5,espn,401228713,LAA,LAD,regular,Jaime Barria,Julio Urias,,,,,,,,
2021,2021-08-08,New York Mets,Philadelphia Phillies,0.0,3.0,False,0|0|0|0|0|0|0|0|0,2|0|0|0|0|1|0|0,,,160.0,-180.0,1.5,8.0,espn,401228736,NYM,PHI,regular,Taijuan Walker,Zack Wheeler,,,,,,,,
2021,2021-08-08,Seattle Mariners,New York Yankees,2.0,0.0,False,0|0|0|0|0|0|0|2|0,0|0|0|0|0|0|0|0|0,,,115.0,-135.0,1.5,9.0,espn,401228738,SEA,NYY,regular,Yusei Kikuchi,Luis Gil,,,,,,,,
2021,2021-08-08,Tampa Bay Rays,Baltimore Orioles,9.0,6.0,False,0|0|1|1|0|0|1|6|0,1|2|1|1|0|0|0|0|1,,,-185.0,165.0,,10.5,espn,401228740,TB,BAL,regular,Michael Wacha,Jorge Lopez,,,,,,,,
2021,2021-08-08,Boston Red Sox,Toronto Blue Jays,8.0,9.0,False,0|3|1|3|0|1|0|0|0,1|0|1|0|2|0|2|3,,,167.0,-192.0,1.5,9.5,espn,401228730,BOS,TOR,regular,Garrett Richards,Hyun Jin Ryu,,,,,,,,
2021,2021-08-08,Detroit Tigers,Cleveland Indians,5.0,7.0,False,0|3|2|0|0|0|0|0|0,1|1|0|3|0|0|2|0,,,135.0,-155.0,1.5,9.5,espn,401228732,DET,CLE,regular,Wily Peralta,Zach Plesac,,,,,,,,
2021,2021-08-08,Pittsburgh Pirates,Cincinnati Reds,2.0,3.0,False,0|0|0|1|0|1|0|0|0,0|0|0|3|0|0|0|0,,,220.0,-270.0,1.5,10.5,espn,401228737,PIT,CIN,regular,Bryse Wilson,Tyler Mahle,,,,,,,,
2021,2021-08-08,Washington Nationals,Atlanta Braves,4.0,5.0,False,0|0|1|0|0|0|2|0|1,0|0|2|0|0|3|0|0,,,175.0,-210.0,1.5,8.5,espn,401228742,WSH,ATL,regular,Patrick Corbin,Max Fried,,,,,,,,
2021,2021-08-08,Minnesota Twins,Houston Astros,7.0,5.0,False,0|1|0|2|1|3|0|0|0,1|0|0|1|1|0|1|1|0,,,160.0,-180.0,1.5,8.0,espn,401228735,MIN,HOU,regular,Kenta Maeda,Lance McCullers Jr.,,,,,,,,
2021,2021-08-08,San Francisco Giants,Milwaukee Brewers,5.0,4.0,False,1|0|0|0|0|1|2|1|0,0|0|0|2|1|1|0|0|0,,,-110.0,-110.0,1.5,9.5,espn,401228739,SF,MIL,regular,Johnny Cueto,Brett Anderson,,,,,,,,
2021,2021-08-08,Kansas City Royals,St. Louis Cardinals,6.0,5.0,False,0|0|0|2|1|2|0|0|1,1|0|0|0|0|0|1|3|0,,,115.0,-135.0,1.5,10.0,espn,401228733,KC,STL,regular,Kris Bubic,Jon Lester,,,,,,,,
2021,2021-08-08,Miami Marlins,Colorado Rockies,8.0,13.0,False,1|0|0|0|3|0|0|3|1,3|4|0|4|0|0|1|1,,,150.0,-170.0,1.5,11.0,espn,401228734,MIA,COL,regular,David Hess,Kyle Freeland,,,,,,,,
2021,2021-08-08,Texas Rangers,Oakland Athletics,3.0,6.0,False,1|0|0|0|0|1|0|1|0,3|0|0|2|0|1|0|0,,,220.0,-270.0,1.5,8.5,espn,401228741,TEX,OAK,regular,Jordan Lyles,James Kaprielian,,,,,,,,
2021,2021-08-08,Los Angeles Angels,Los Angeles Dodgers,2.0,8.0,False,0|0|1|0|0|0|0|1|0,2|3|0|0|0|1|2|0,,,280.0,-360.0,1.5,8.5,espn,401228728,LAA,LAD,regular,Reid Detmers,Walker Buehler,,,,,,,,
2021,2021-08-08,Arizona Diamondbacks,San Diego Padres,0.0,2.0,False,0|0|0|0|0|0|0|0|0,1|0|0|1|0|0|0|0,,,185.0,-225.0,1.5,8.5,espn,401228729,ARI,SD,regular,Madison Bumgarner,Blake Snell,,,,,,,,
2021,2021-08-08,Chicago White Sox,Chicago Cubs,9.0,3.0,False,5|2|0|0|1|0|1|0|0,0|2|1|0|0|0|0|0|0,,,-192.0,167.0,,10.0,espn,401228731,CHW,CHC,regular,Dylan Cease,Zach Davies,,,,,,,,
2021,2021-08-09,Cincinnati Reds,Cleveland Indians,3.0,9.0,False,1|0|0|0|1|0|0|0|1,1|2|2|3|0|0|1|0,,,-175.0,155.0,,9.5,espn,401325779,CIN,CLE,regular,Luis Castillo,Sam Hentges,,,,,,,,
2021,2021-08-09,Chicago White Sox,Minnesota Twins,11.0,1.0,False,4|3|0|0|1|0|1|1|1,0|0|0|0|0|0|0|1|0,,,-155.0,135.0,,10.0,espn,401228743,CHW,MIN,regular,Lucas Giolito,Beau Burrows,,,,,,,,
2021,2021-08-09,New York Yankees,Kansas City Royals,8.0,6.0,False,0|0|0|0|0|0|1|1|1|2|3,0|0|0|0|0|0|1|1|1|2|1,,,-175.0,155.0,,9.5,espn,401228746,NYY,KC,regular,Jameson Taillon,Carlos Hernandez,,,,,,,,
2021,2021-08-09,Miami Marlins,San Diego Padres,3.0,8.0,False,0|1|0|0|0|0|0|2|0,0|1|1|2|0|0|0|4,,,220.0,-270.0,1.5,7.5,espn,401228744,MIA,SD,regular,Zach Thompson,Joe Musgrove,,,,,,,,
2021,2021-08-10,Milwaukee Brewers,Chicago Cubs,4.0,2.0,False,0|0|0|3|0|1|0,0|0|1|0|0|1|0,,,-200.0,170.0,,7.0,espn,401357667,MIL,CHC,regular,Freddy Peralta,Justin Steele,,,,,,,,
2021,2021-08-10,Los Angeles Angels,Toronto Blue Jays,6.0,3.0,False,0|0|2|0|2|2|0,0|0|1|0|2|0|0,,,150.0,-170.0,1.5,7.5,espn,401320173,LAA,TOR,regular,Chris Rodriguez,Steven Matz,,,,,,,,
2021,2021-08-10,Detroit Tigers,Baltimore Orioles,9.0,4.0,False,0|2|4|0|0|0|0|2|1,0|1|0|2|1|0|0|0|0,,,-135.0,115.0,,10.0,espn,401228751,DET,BAL,regular,Casey Mize,Keegan Akin,,,,,,,,
2021,2021-08-10,Los Angeles Dodgers,Philadelphia Phillies,5.0,0.0,False,0|0|0|0|1|3|0|0|1,0|0|0|0|0|0|0|0|0,,,-145.0,125.0,,8.5,espn,401228752,LAD,PHI,regular,Max Scherzer,Aaron Nola,,,,,,,,
2021,2021-08-10,St. Louis Cardinals,Pittsburgh Pirates,4.0,1.0,False,1|1|0|0|0|2|0|0|0,0|0|0|1|0|0|0|0|0,,,-135.0,115.0,,9.5,espn,401228757,STL,PIT,regular,J.A. Happ,Steven Brault,,,,,,,,
2021,2021-08-10,Oakland Athletics,Cleveland Indians,4.0,3.0,False,0|1|0|1|0|0|0|1|0|1,1|2|0|0|0|0|0|0|0|0,,,-140.0,120.0,,9.5,espn,401228756,OAK,CLE,regular,Sean Manaea,Triston McKenzie,,,,,,,,
2021,2021-08-10,Tampa Bay Rays,Boston Red Sox,8.0,4.0,False,0|0|1|0|0|1|2|0|4,0|1|0|3|0|0|0|0|0,,,105.0,-125.0,1.5,10.0,espn,401228758,TB,BOS,regular,Luis Patino,Eduardo Rodriguez,,,,,,,,
2021,2021-08-10,Washington Nationals,New York Mets,7.0,8.0,False,3|1|0|0|3|0|0|0|0,1|0|3|0|1|0|1|2,,,185.0,-225.0,1.5,8.5,espn,401228761,WSH,NYM,regular,Paolo Espino,Carlos Carrasco,,,,,,,,
2021,2021-08-10,Cincinnati Reds,Atlanta Braves,2.0,3.0,False,0|2|0|0|0|0|0|0|0,0|0|0|2|0|1|0|0,,,100.0,-120.0,1.5,9.5,espn,401228749,CIN,ATL,regular,Sonny Gray,Drew Smyly,,,,,,,,
2021,2021-08-10,Milwaukee Brewers,Chicago Cubs,6.0,3.0,False,0|0|0|0|6|0|0,0|0|0|1|0|1|1,,,-150.0,130.0,,8.0,espn,401228754,MIL,CHC,regular,Aaron Ashby,Alec Mills,,,,,,,,
2021,2021-08-10,Chicago White Sox,Minnesota Twins,3.0,4.0,False,0|0|3|0|0|0|0|0|0,2|0|0|0|0|2|0|0,,,-155.0,135.0,,10.5,espn,401228748,CHW,MIN,regular,Dallas Keuchel,Griffin Jax,,,,,,,,
2021,2021-08-10,Colorado Rockies,Houston Astros,0.0,5.0,False,0|0|0|0|0|0|0|0|0,0|0|0|3|1|1|0|0,,,165.0,-185.0,1.5,9.0,espn,401228750,COL,HOU,regular,Jon Gray,Jake Odorizzi,,,,,,,,
2021,2021-08-10,New York Yankees,Kansas City Royals,4.0,8.0,False,0|0|1|2|0|1|0|0|0,2|0|0|0|1|2|2|1,,,-150.0,130.0,,10.0,espn,401228755,NYY,KC,regular,Nestor Cortes,Daniel Lynch IV,,,,,,,,
2021,2021-08-10,Arizona Diamondbacks,San Francisco Giants,7.0,8.0,False,0|0|0|0|0|5|0|0|2,4|0|0|0|1|0|0|2|1,,,200.0,-240.0,1.5,7.5,espn,401228747,ARI,SF,regular,Zac Gallen,Alex Wood,,,,,,,,
2021,2021-08-10,Toronto Blue Jays,Los Angeles Angels,4.0,0.0,False,2|0|0|0|0|2|0,0|0|0|0|0|0|0,,,-175.0,155.0,,7.5,espn,401228760,TOR,LAA,regular,Ross Stripling,Jose Suarez,,,,,,,,
2021,2021-08-10,Miami Marlins,San Diego Padres,5.0,6.0,False,3|1|0|0|0|0|1|0|0,2|1|0|2|0|0|1|0,,,215.0,-260.0,1.5,7.5,espn,401228753,MIA,SD,regular,Braxton Garrett,Craig Stammen,,,,,,,,
2021,2021-08-10,Texas Rangers,Seattle Mariners,5.0,4.0,False,0|1|0|0|1|0|0|0|1|2,0|0|0|2|0|0|0|0|1|1,,,180.0,-220.0,1.5,8.0,espn,401228759,TEX,SEA,regular,Kolby Allard,Logan Gilbert,,,,,,,,
2021,2021-08-11,Washington Nationals,New York Mets,7.0,8.0,False,3|1|0|0|3|0|0|0|0,1|0|3|0|1|0|1|2,,,185.0,-225.0,1.5,8.5,espn,401228761,WSH,NYM,regular,Paolo Espino,Carlos Carrasco,,,,,,,,
2021,2021-08-11,Chicago White Sox,Minnesota Twins,0.0,1.0,False,0|0|0|0|0|0|0|0|0,0|0|0|0|0|1|0|0,,,-145.0,125.0,,9.5,espn,401228763,CHW,MIN,regular,Reynaldo Lopez,Bailey Ober,,,,,,,,
2021,2021-08-11,Colorado Rockies,Houston Astros,1.0,5.0,False,1|0|0|0|0|0|0|0|0,1|0|1|0|0|1|2|0,,,215.0,-260.0,1.5,9.0,espn,401228765,COL,HOU,regular,Antonio Senzatela,Framber Valdez,,,,,,,,
2021,2021-08-11,New York Yankees,Kansas City Royals,5.0,2.0,False,3|0|0|2|0|0|0|0|0,1|0|0|0|1|0|0|0|0,,,-140.0,120.0,,10.0,espn,401228770,NYY,KC,regular,Lucas Luetge,Brady Singer,,,,,,,,
2021,2021-08-11,Miami Marlins,San Diego Padres,7.0,0.0,False,3|1|1|0|1|0|0|1|0,0|0|0|0|0|0|0|0|0,,,140.0,-160.0,1.5,8.0,espn,401228768,MIA,SD,regular,Sandy Alcantara,Ryan Weathers,,,,,,,,
2021,2021-08-11,Los Angeles Dodgers,Philadelphia Phillies,8.0,2.0,False,0|0|0|3|0|0|3|0|2,0|0|0|2|0|0|0|0|0,,,-125.0,105.0,,10.0,espn,401228767,LAD,PHI,regular,David Price,Kyle Gibson,,,,,,,,
2021,2021-08-11,Detroit Tigers,Baltimore Orioles,5.0,2.0,False,0|0|0|0|3|2|0|0|0,0|0|0|0|0|0|0|2|0,,,-115.0,-105.0,1.5,10.0,espn,401228766,DET,BAL,regular,Tarik Skubal,Matt Harvey,,,,,,,,
2021,2021-08-11,St. Louis Cardinals,Pittsburgh Pirates,4.0,0.0,False,0|0|0|1|0|3|0|0|0,0|0|0|0|0|0|0|0|0,,,-175.0,155.0,,9.0,espn,401228772,STL,PIT,regular,Adam Wainwright,Wil Crowe,,,,,,,,
2021,2021-08-11,Oakland Athletics,Cleveland Indians,6.0,3.0,False,0|0|0|0|0|0|2|4|0,2|0|0|0|0|0|1|0|0,,,-155.0,135.0,,9.5,espn,401228771,OAK,CLE,regular,Frankie Montas,Cal Quantrill,,,,,,,,
2021,2021-08-11,Tampa Bay Rays,Boston Red Sox,8.0,20.0,False,0|0|0|0|0|1|0|0|7,3|2|0|5|4|0|0|6,,,-105.0,-115.0,1.5,10.5,espn,401228773,TB,BOS,regular,Josh Fleming,Nathan Eovaldi,,,,,,,,
2021,2021-08-11,Cincinnati Reds,Atlanta Braves,6.0,8.0,False,0|0|0|0|0|2|0|1|2|0|1,1|2|2|0|0|0|0|0|0|0|3,,,105.0,-125.0,1.5,9.5,espn,401228764,CIN,ATL,regular,Wade Miley,Touki Toussaint,,,,,,,,
2021,2021-08-11,Milwaukee Brewers,Chicago Cubs,10.0,0.0,False,7|0|0|1|0|0|0|0|2,0|0|0|0|0|0|0|0|0,,,-275.0,225.0,,10.0,espn,401228769,MIL,CHC,regular,Corbin Burnes,Jake Arrieta,,,,,,,,
2021,2021-08-11,Toronto Blue Jays,Los Angeles Angels,10.0,2.0,False,0|0|2|0|5|0|0|2|1,0|0|2|0|0|0|0|0|0,,,-185.0,165.0,,9.5,espn,401228775,TOR,LAA,regular,Alek Manoah,Dylan Bundy,,,,,,,,
2021,2021-08-11,Arizona Diamondbacks,San Francisco Giants,2.0,7.0,False,0|1|0|1|0|0|0|0|0,1|1|1|2|0|0|1|1,,,240.0,-300.0,1.5,8.0,espn,401228762,ARI,SF,regular,Merrill Kelly,Kevin Gausman,,,,,,,,
2021,2021-08-11,Texas Rangers,Seattle Mariners,1.0,2.0,False,0|1|0|0|0|0|0|0|0,0|0|0|0|0|1|0|0|1,,,167.0,-192.0,1.5,8.5,espn,401228774,TEX,SEA,regular,Spencer Howard,Tyler Anderson,,,,,,,,
2021,2021-08-12,Washington Nationals,New York Mets,1.0,4.0,False,0|0|0|0|0|1|0,0|3|0|1|0|0,,,,,,,espn,401357934,WSH,NYM,regular,Sean Nolin,Marcus Stroman,,,,,,,,
2021,2021-08-12,St. Louis Cardinals,Pittsburgh Pirates,7.0,6.0,False,1|0|0|4|0|1|0|0|1,3|0|0|1|0|0|0|0|2,,,-140.0,120.0,,9.0,espn,401228784,STL,PIT,regular,Wade LeBlanc,JT Brubaker,,,,,,,,
2021,2021-08-12,Los Angeles Dodgers,Philadelphia Phillies,1.0,2.0,False,0|0|0|0|1|0|0|0|0,1|0|0|1|0|0|0|0,,,-140.0,120.0,,10.0,espn,401228780,LAD,PHI,regular,Mitch White,Ranger Suarez,,,,,,,,
2021,2021-08-12,Oakland Athletics,Cleveland Indians,17.0,0.0,False,0|3|0|2|5|2|0|4|1,0|0|0|0|0|0|0|0|0,,,-175.0,155.0,,9.5,espn,401228782,OAK,CLE,regular,Chris Bassitt,Eli Morgan,,,,,,,,
2021,2021-08-12,Milwaukee Brewers,Chicago Cubs,17.0,4.0,False,0|5|0|0|4|4|3|0|1,0|1|0|0|0|0|2|0|1,,,-235.0,195.0,,8.5,espn,401228781,MIL,CHC,regular,Brandon Woodruff,Kyle Hendricks,,,,,,,,
2021,2021-08-12,Washington Nationals,New York Mets,4.0,5.0,False,0|0|0|0|1|0|3,0|0|0|2|0|2|1,,,200.0,-240.0,1.5,6.5,espn,401228788,WSH,NYM,regular,Erick Fedde,Trevor Williams,,,,,,,,
2021,2021-08-12,Detroit Tigers,Baltimore Orioles,6.0,4.0,False,0|0|0|5|1|0|0|0|0,1|0|0|1|0|1|1|0|0,,,130.0,-150.0,1.5,10.5,espn,401228779,DET,BAL,regular,Matt Manning,John Means,,,,,,,,
2021,2021-08-12,Tampa Bay Rays,Boston Red Sox,8.0,1.0,False,0|0|1|0|0|3|0|4|0,0|0|0|1|0|0|0|0|0,,,100.0,-120.0,1.5,11.0,espn,401228785,TB,BOS,regular,Drew Rasmussen,Tanner Houck,,,,,,,,
2021,2021-08-12,Texas Rangers,Seattle Mariners,1.0,3.0,False,0|1|0|0|0|0|0|0|0,0|0|0|1|1|0|1|0,,,190.0,-230.0,1.5,8.5,espn,401228786,TEX,SEA,regular,Mike Foltynewicz,Marco Gonzales,,,,,,,,
2021,2021-08-12,Cincinnati Reds,Atlanta Braves,12.0,3.0,False,0|4|5|0|0|2|0|0|1,1|0|0|0|0|0|1|0|1,,,140.0,-160.0,1.5,10.0,espn,401228777,CIN,ATL,regular,Vladimir Gutierrez,Kyle Muller,,,,,,,,
2021,2021-08-12,New York Yankees,Chicago White Sox,8.0,9.0,True,0|0|3|0|0|1|0|0|4,1|0|4|2|0|0|0|0|2,,,160.0,-180.0,1.5,10.0,espn,401264942,NYY,CHW,regular,Andrew Heaney,Lance Lynn,,,,,,,,
2021,2021-08-12,Toronto Blue Jays,Los Angeles Angels,3.0,6.0,False,0|0|0|2|0|0|0|0|1,0|4|1|0|1|0|0|0,,,-140.0,120.0,,8.5,espn,401228787,TOR,LAA,regular,Jose Berrios,Shohei Ohtani,,,,,,,,
2021,2021-08-12,San Diego Padres,Arizona Diamondbacks,3.0,12.0,False,2|0|0|0|0|1|0|0|0,0|0|5|3|0|0|2|2,,,-270.0,220.0,,8.5,espn,401228783,SD,ARI,regular,Yu Darvish,Matt Peacock,,,,,,,,
2021,2021-08-12,Colorado Rockies,San Francisco Giants,0.0,7.0,False,0|0|0|0|0|0|0|0|0,0|1|0|6|0|0|0|0,,,170.0,-200.0,1.5,7.5,espn,401228778,COL,SF,regular,German Marquez,Logan Webb,,,,,,,,
2021,2021-08-13,Atlanta Braves,Washington Nationals,4.0,2.0,False,0|0|0|0|1|1|1|0|1,2|0|0|0|0|0|0|0|0,,,-180.0,160.0,,9.0,espn,401228789,ATL,WSH,regular,Charlie Morton,Josiah Gray,,,,,,,,
2021,2021-08-13,Cincinnati Reds,Philadelphia Phillies,6.0,1.0,False,0|0|0|3|0|1|0|0|2,0|0|0|0|0|0|0|0|1,,,150.0,-170.0,1.5,8.5,espn,401228792,CIN,PHI,regular,Tyler Mahle,Zack Wheeler,,,,,,,,
2021,2021-08-13,Baltimore Orioles,Boston Red Sox,1.0,8.0,False,0|0|1|0|0|0|0|0|0,0|4|1|1|0|1|1|0,,,220.0,-270.0,1.5,11.0,espn,401228790,BAL,BOS,regular,Spenser Watkins,Nick Pivetta,,,,,,,,
2021,2021-08-13,Chicago Cubs,Miami Marlins,10.0,14.0,False,2|2|0|0|1|0|0|4|1,1|11|2|0|0|0|0|0,,,100.0,-120.0,1.5,7.5,espn,401228791,CHC,MIA,regular,Adbert Alzolay,Jesus Luzardo,,,,,,,,
2021,2021-08-13,Cleveland Indians,Detroit Tigers,7.0,4.0,False,0|0|2|2|0|2|1|0|0,0|0|0|0|2|0|0|0|2,,,-130.0,110.0,,9.5,espn,401228793,CLE,DET,regular,Zach Plesac,Tyler Alexander,,,,,,,,
2021,2021-08-13,Los Angeles Dodgers,New York Mets,6.0,5.0,False,1|0|1|1|0|1|0|0|0|2,0|0|0|0|0|0|4|0|0|1,,,-170.0,150.0,,8.5,espn,401228796,LAD,NYM,regular,Julio Urias,Tylor Megill,,,,,,,,
2021,2021-08-13,Oakland Athletics,Texas Rangers,6.0,8.0,False,0|0|0|0|2|2|1|1|0,3|0|0|0|0|3|2|0,,,-200.0,170.0,,8.5,espn,401228799,OAK,TEX,regular,Cole Irvin,Dane Dunning,,,,,,,,
2021,2021-08-13,St. Louis Cardinals,Kansas City Royals,6.0,0.0,False,0|0|0|2|1|0|0|2|1,0|0|0|0|0|0|0|0|0,,,-125.0,105.0,,8.5,espn,401228801,STL,KC,regular,Jack Flaherty,Mike Minor,,,,,,,,
2021,2021-08-13,Tampa Bay Rays,Minnesota Twins,10.0,4.0,False,1|2|1|1|0|1|4|0|0,0|0|0|1|1|1|1|0|0,,,-170.0,150.0,,9.5,espn,401228802,TB,MIN,regular,Shane McClanahan,Michael Pineda,,,,,,,,
2021,2021-08-13,Houston Astros,Los Angeles Angels,4.0,1.0,False,0|0|0|4|0|0|0|0|0,0|0|0|0|0|0|0|1|0,,,-165.0,145.0,,9.0,espn,401228795,HOU,LAA,regular,Zack Greinke,Patrick Sandoval,,,,,,,,
2021,2021-08-13,San Diego Padres,Arizona Diamondbacks,2.0,3.0,False,0|0|0|0|0|0|2|0|0,0|1|0|0|1|0|0|0|1,,,-185.0,165.0,,8.5,espn,401228800,SD,ARI,regular,Blake Snell,Madison Bumgarner,,,,,,,,
2021,2021-08-13,Colorado Rockies,San Francisco Giants,4.0,5.0,False,0|1|1|0|0|0|0|0|2,4|1|0|0|0|0|0|0,,,190.0,-230.0,1.5,8.0,espn,401228794,COL,SF,regular,Austin Gomber,Anthony DeSclafani,,,,,,,,
2021,2021-08-13,Toronto Blue Jays,Seattle Mariners,2.0,3.0,False,0|0|0|2|0|0|0|0|0,0|0|2|0|0|0|0|0|1,,,-170.0,150.0,,8.5,espn,401228803,TOR,SEA,regular,Robbie Ray,Chris Flexen,,,,,,,,
2021,2021-08-14,Milwaukee Brewers,Pittsburgh Pirates,4.0,14.0,False,1|2|0|1|0|0|0,0|0|4|2|6|2,,,-210.0,175.0,,7.0,espn,401358393,MIL,PIT,regular,Brett Anderson,Bryse Wilson,,,,,,,,
2021,2021-08-14,Cincinnati Reds,Philadelphia Phillies,1.0,6.0,False,0|0|0|0|0|0|0|1|0,0|0|1|0|0|1|1|3,,,-135.0,115.0,,10.0,espn,401228807,CIN,PHI,regular,Luis Castillo,Matt Moore,,,,,,,,
2021,2021-08-14,Baltimore Orioles,Boston Red Sox,2.0,16.0,False,0|0|2|0|0|0|0|0|0,4|2|0|1|7|1|0|1,,,275.0,-350.0,1.5,10.0,espn,401228805,BAL,BOS,regular,Jorge Lopez,Chris Sale,,,,,,,,
2021,2021-08-14,Atlanta Braves,Washington Nationals,12.0,2.0,False,0|0|2|0|4|0|3|1|2,0|0|0|1|0|1|0|0|0,,,-170.0,150.0,,9.0,espn,401228804,ATL,WSH,regular,Max Fried,Patrick Corbin,,,,,,,,
2021,2021-08-14,Chicago Cubs,Miami Marlins,4.0,5.0,False,0|0|0|1|0|0|0|3|0,0|0|0|0|0|3|0|2,,,145.0,-165.0,1.5,8.0,espn,401228806,CHC,MIA,regular,Zach Davies,Zach Thompson,,,,,,,,
2021,2021-08-14,Cleveland Indians,Detroit Tigers,4.0,6.0,False,0|1|0|0|2|0|1|0|0,2|1|0|1|0|0|0|2,,,115.0,-135.0,1.5,9.5,espn,401228808,CLE,DET,regular,Sam Hentges,Wily Peralta,,,,,,,,
2021,2021-08-14,Milwaukee Brewers,Pittsburgh Pirates,6.0,0.0,False,0|0|0|2|0|3|1,0|0|0|0|0|0|0,,,-210.0,175.0,,7.5,espn,401228812,MIL,PIT,regular,Aaron Ashby,Mitch Keller,,,,,,,,
2021,2021-08-14,Oakland Athletics,Texas Rangers,8.0,3.0,False,1|1|0|0|0|1|4|0|1,1|0|0|0|0|2|0|0|0,,,-240.0,200.0,,9.0,espn,401228814,OAK,TEX,regular,James Kaprielian,Jordan Lyles,,,,,,,,
2021,2021-08-14,Los Angeles Dodgers,New York Mets,2.0,1.0,False,0|0|0|0|0|0|1|0|0|1,0|0|0|1|0|0|0|0|0|0,,,-200.0,170.0,,8.5,espn,401228811,LAD,NYM,regular,Walker Buehler,Taijuan Walker,,,,,,,,
2021,2021-08-14,New York Yankees,Chicago White Sox,7.0,5.0,False,2|0|1|0|0|0|0|1|0|3,1|1|1|0|0|0|0|0|1|1,,,120.0,-140.0,1.5,8.5,espn,401228813,NYY,CHW,regular,Jameson Taillon,Dylan Cease,,,,,,,,
2021,2021-08-14,St. Louis Cardinals,Kansas City Royals,9.0,4.0,False,0|0|0|0|2|0|4|0|3,0|0|0|1|0|0|0|0|3,,,100.0,-120.0,1.5,10.0,espn,401228816,STL,KC,regular,Jon Lester,Brad Keller,,,,,,,,
2021,2021-08-14,Tampa Bay Rays,Minnesota Twins,0.0,12.0,False,0|0|0|0|0|0|0|0|0,4|0|3|0|0|2|2|1,,,-110.0,-110.0,1.5,9.5,espn,401228817,TB,MIN,regular,Michael Wacha,Kenta Maeda,,,,,,,,
2021,2021-08-14,San Diego Padres,Arizona Diamondbacks,0.0,7.0,False,0|0|0|0|0|0|0|0|0,5|0|0|0|1|1|0|0,,,-240.0,200.0,,9.0,espn,401228815,SD,ARI,regular,Joe Musgrove,Tyler Gilbert,,,,,,,,
2021,2021-08-14,Colorado Rockies,San Francisco Giants,4.0,1.0,False,0|1|0|0|0|2|0|1|0,0|1|0|0|0|0|0|0|0,,,180.0,-220.0,1.5,8.5,espn,401228809,COL,SF,regular,Kyle Freeland,Sam Long,,,,,,,,
2021,2021-08-14,Houston Astros,Los Angeles Angels,8.0,2.0,False,0|0|3|0|1|4|0|0|0,2|0|0|0|0|0|0|0|0,,,-210.0,175.0,,9.5,espn,401228810,HOU,LAA,regular,Luis Garcia,Jaime Barria,,,,,,,,
2021,2021-08-14,Toronto Blue Jays,Seattle Mariners,3.0,9.0,False,0|1|1|0|1|0|0|0|0,2|0|0|0|0|0|4|3,,,-150.0,130.0,,8.5,espn,401228818,TOR,SEA,regular,Hyun Jin Ryu,Yusei Kikuchi,,,,,,,,
2021,2021-08-15,Atlanta Braves,Washington Nationals,6.0,5.0,False,0|1|2|0|3|0|0|0|0,0|0|3|0|2|0|0|0|0,,,-155.0,135.0,,9.5,espn,401228819,ATL,WSH,regular,Drew Smyly,Paolo Espino,,,,,,,,
2021,2021-08-15,Cincinnati Reds,Philadelphia Phillies,7.0,4.0,False,1|0|2|0|1|0|0|3|0,0|0|0|1|2|0|0|1|0,,,120.0,-140.0,1.5,8.0,espn,401228822,CIN,PHI,regular,Sonny Gray,Aaron Nola,,,,,,,,
2021,2021-08-15,Milwaukee Brewers,Pittsburgh Pirates,2.0,1.0,False,1|0|1|0|0|0|0|0|0,0|0|1|0|0|0|0|0|0,,,-210.0,175.0,,8.5,espn,401228827,MIL,PIT,regular,Eric Lauer,Dillon Peters,,,,,,,,
2021,2021-08-15,Baltimore Orioles,Boston Red Sox,2.0,6.0,False,1|0|0|0|0|0|1|0|0,3|0|0|0|0|3|0|0,,,245.0,-305.0,1.5,10.5,espn,401228820,BAL,BOS,regular,Keegan Akin,Eduardo Rodriguez,,,,,,,,
2021,2021-08-15,Chicago Cubs,Miami Marlins,1.0,4.0,False,0|0|0|0|0|1|0|0|0,0|0|0|0|1|1|2|0,,,125.0,-145.0,1.5,7.0,espn,401228821,CHC,MIA,regular,Alec Mills,Elieser Hernandez,,,,,,,,
2021,2021-08-15,Cleveland Indians,Detroit Tigers,11.0,0.0,False,0|6|5|0|0|0|0|0|0,0|0|0|0|0|0|0|0|0,,,-135.0,115.0,,9.0,espn,401228823,CLE,DET,regular,Triston McKenzie,Drew Hutchison,,,,,,,,
2021,2021-08-15,New York Yankees,Chicago White Sox,5.0,3.0,False,0|3|0|0|0|0|0|0|2,0|0|0|0|0|1|0|0|2,,,160.0,-180.0,1.5,8.5,espn,401228828,NYY,CHW,regular,Nestor Cortes,Lucas Giolito,,,,,,,,
2021,2021-08-15,St. Louis Cardinals,Kansas City Royals,7.0,2.0,False,3|4|0|0|0|0|0|0|0,0|0|0|0|0|0|0|2|0,,,-115.0,-105.0,1.5,10.0,espn,401228831,STL,KC,regular,J.A. Happ,Kris Bubic,,,,,,,,
2021,2021-08-15,Tampa Bay Rays,Minnesota Twins,4.0,5.0,False,0|0|0|0|1|2|1|0|0,2|0|0|2|0|0|0|0|1,,,-155.0,135.0,,10.5,espn,401228832,TB,MIN,regular,Luis Patino,Charlie Barnes,,,,,,,,
2021,2021-08-15,Oakland Athletics,Texas Rangers,4.0,7.0,False,0|1|0|0|0|1|1|1|0,3|1|1|0|2|0|0|0,,,-235.0,195.0,,8.5,espn,401228829,OAK,TEX,regular,Sean Manaea,Kolby Allard,,,,,,,,
2021,2021-08-15,Colorado Rockies,San Francisco Giants,2.0,5.0,False,0|0|0|0|0|0|2|0|0,0|0|0|0|3|0|2|0,,,167.0,-192.0,1.5,8.0,espn,401228824,COL,SF,regular,Jon Gray,Alex Wood,,,,,,,,
2021,2021-08-15,Houston Astros,Los Angeles Angels,1.0,3.0,False,0|0|1|0|0|0|0|0|0,0|0|0|0|1|1|0|1,,,-200.0,170.0,,9.0,espn,401228825,HOU,LAA,regular,Lance McCullers Jr.,Reid Detmers,,,,,,,,
2021,2021-08-15,San Diego Padres,Arizona Diamondbacks,8.0,2.0,False,0|0|1|0|3|0|0|4|0,0|0|1|0|1|0|0|0|0,,,-170.0,150.0,,9.5,espn,401228830,SD,ARI,regular,Craig Stammen,Zac Gallen,,,,,,,,
2021,2021-08-15,Toronto Blue Jays,Seattle Mariners,8.0,3.0,False,0|3|2|0|1|0|0|1|1,1|0|0|0|0|0|0|2|0,,,-115.0,-105.0,1.5,8.5,espn,401228833,TOR,SEA,regular,Steven Matz,Logan Gilbert,,,,,,,,
2021,2021-08-15,Los Angeles Dodgers,New York Mets,14.0,4.0,False,3|3|0|0|0|3|0|3|2,0|0|1|1|0|0|2|0|0,,,-192.0,167.0,,8.0,espn,401228826,LAD,NYM,regular,Max Scherzer,Carlos Carrasco,,,,,,,,
2021,2021-08-16,Los Angeles Angels,New York Yankees,1.0,2.0,False,1|0|0|0|0|0|0|0|0,2|0|0|0|0|0|0|0,,,240.0,-300.0,1.5,8.5,espn,401343034,LAA,NYY,regular,Jose Suarez,Gerrit Cole,,,,,,,,
2021,2021-08-16,Atlanta Braves,Miami Marlins,12.0,2.0,False,1|0|0|7|0|2|2|0|0,1|1|0|0|0|0|0|0|0,,,-165.0,145.0,,8.5,espn,401228834,ATL,MIA,regular,Touki Toussaint,Braxton Garrett,,,,,,,,
2021,2021-08-16,Baltimore Orioles,Tampa Bay Rays,2.0,9.0,False,0|0|1|0|0|0|0|1|0,0|0|0|2|3|3|1|0,,,220.0,-270.0,1.5,8.5,espn,401228835,BAL,TB,regular,Matt Harvey,Collin McHugh,,,,,,,,
2021,2021-08-16,Chicago Cubs,Cincinnati Reds,5.0,14.0,False,0|0|0|0|0|0|0|5|0,0|0|0|2|2|0|8|2,,,175.0,-210.0,1.5,9.5,espn,401228836,CHC,CIN,regular,Justin Steele,Wade Miley,,,,,,,,
2021,2021-08-16,Oakland Athletics,Chicago White Sox,2.0,5.0,False,0|2|0|0|0|0|0|0|0,0|0|1|1|1|1|0|1,,,-125.0,105.0,,9.0,espn,401228840,OAK,CHW,regular,Frankie Montas,Dallas Keuchel,,,,,,,,
2021,2021-08-16,Cleveland Indians,Minnesota Twins,4.0,5.0,False,0|2|0|0|1|1|0|0|0|0,1|0|1|1|0|1|0|0|0|1,,,110.0,-130.0,1.5,9.5,espn,401228837,CLE,MIN,regular,Cal Quantrill,Griffin Jax,,,,,,,,
2021,2021-08-16,Houston Astros,Kansas City Royals,6.0,7.0,False,1|0|0|0|2|1|0|1|1,0|2|1|0|0|1|1|2,,,-155.0,135.0,,10.0,espn,401228838,HOU,KC,regular,Jake Odorizzi,Carlos Hernandez,,,,,,,,
2021,2021-08-16,San Diego Padres,Colorado Rockies,5.0,6.0,False,0|1|0|0|0|1|0|0|3,1|0|4|0|0|0|0|0|1,,,-135.0,115.0,,13.0,espn,401289753,SD,COL,regular,Ryan Weathers,Antonio Senzatela,,,,,,,,
2021,2021-08-16,New York Mets,San Francisco Giants,5.0,7.0,False,0|0|0|0|3|0|0|2|0,0|0|0|2|2|0|3|0,,,200.0,-240.0,1.5,9.0,espn,401228839,NYM,SF,regular,Rich Hill,Kevin Gausman,,,,,,,,
2021,2021-08-16,Pittsburgh Pirates,Los Angeles Dodgers,1.0,2.0,False,0|0|0|0|0|0|1|0|0,0|0|0|0|0|0|1|1,,,225.0,-255.0,1.5,9.0,espn,401228841,PIT,LAD,regular,Steven Brault,Justin Bruihl,,,,,,,,
2021,2021-08-17,Boston Red Sox,New York Yankees,3.0,5.0,False,0|0|2|0|1|0|0,0|2|0|0|3|0,,,100.0,-120.0,1.5,7.0,espn,401347957,BOS,NYY,regular,Tanner Houck,Jordan Montgomery,,,,,,,,
2021,2021-08-17,Boston Red Sox,New York Yankees,0.0,2.0,False,0|0|0|0|0|0|0,0|1|0|1|0|0,,,-110.0,-110.0,1.5,7.0,espn,401228845,BOS,NYY,regular,Nathan Eovaldi,Luis Gil,,,,,,,,
2021,2021-08-17,Toronto Blue Jays,Washington Nationals,6.0,12.0,False,0|0|1|0|2|0|0|3|0,0|1|6|1|0|0|0|4,,,-175.0,155.0,,9.0,espn,401228856,TOR,WSH,regular,Alek Manoah,Erick Fedde,,,,,,,,
2021,2021-08-17,Los Angeles Angels,Detroit Tigers,8.0,2.0,False,1|0|1|0|0|0|0|0|6,0|0|1|0|1|0|0|0|0,,,125.0,-145.0,1.5,9.0,espn,401228842,LAA,DET,regular,Dylan Bundy,Casey Mize,,,,,,,,
2021,2021-08-17,Atlanta Braves,Miami Marlins,2.0,0.0,False,0|0|0|0|0|0|0|1|1,0|0|0|0|0|0|0|0|0,,,-140.0,120.0,,7.5,espn,401228843,ATL,MIA,regular,Huascar Ynoa,Sandy Alcantara,,,,,,,,
2021,2021-08-17,Baltimore Orioles,Tampa Bay Rays,0.0,10.0,False,0|0|0|0|0|0|0|0|0,0|0|0|3|5|2|0|0,,,220.0,-270.0,1.5,8.5,espn,401228844,BAL,TB,regular,John Means,Drew Rasmussen,,,,,,,,
2021,2021-08-17,Chicago Cubs,Cincinnati Reds,2.0,1.0,False,0|0|1|0|0|1|0|0|0,0|0|0|0|0|1|0|0|0,,,167.0,-192.0,1.5,9.5,espn,401228846,CHC,CIN,regular,Kyle Hendricks,Vladimir Gutierrez,,,,,,,,
2021,2021-08-17,Milwaukee Brewers,St. Louis Cardinals,2.0,0.0,False,0|1|1|0|0|0|0|0|0,0|0|0|0|0|0|0|0|0,,,-125.0,105.0,,7.0,espn,401228849,MIL,STL,regular,Corbin Burnes,Adam Wainwright,,,,,,,,
2021,2021-08-17,Seattle Mariners,Texas Rangers,3.0,1.0,False,0|0|1|0|1|0|0|0|1,0|0|1|0|0|0|0|0|0,,,-175.0,155.0,,8.5,espn,401228855,SEA,TEX,regular,Tyler Anderson,Spencer Howard,,,,,,,,
2021,2021-08-17,Cleveland Indians,Minnesota Twins,3.0,1.0,False,0|0|0|0|2|1|0|0|0,0|0|0|0|0|0|0|1|0,,,155.0,-175.0,1.5,9.5,espn,401228847,CLE,MIN,regular,Eli Morgan,Bailey Ober,,,,,,,,
2021,2021-08-17,Houston Astros,Kansas City Royals,1.0,3.0,False,0|0|1|0|0|0|0|0|0,0|0|0|1|0|2|0|0,,,-170.0,150.0,,9.5,espn,401228848,HOU,KC,regular,Framber Valdez,Daniel Lynch IV,,,,,,,,
2021,2021-08-17,Oakland Athletics,Chicago White Sox,0.0,9.0,False,0|0|0|0|0|0|0|0|0,0|5|0|3|0|1|0|0,,,-115.0,-105.0,1.5,8.5,espn,401228851,OAK,CHW,regular,Chris Bassitt,Reynaldo Lopez,,,,,,,,
2021,2021-08-17,San Diego Padres,Colorado Rockies,3.0,7.0,False,0|0|0|0|0|0|3|0|0,1|0|0|2|0|1|3|0,,,-110.0,-110.0,1.5,12.5,espn,401228854,SD,COL,regular,Matt Strahm,German Marquez,,,,,,,,
2021,2021-08-17,Philadelphia Phillies,Arizona Diamondbacks,2.0,3.0,False,0|0|1|0|0|0|0|0|1,0|0|0|0|1|2|0|0,,,-155.0,135.0,,9.5,espn,401228852,PHI,ARI,regular,Kyle Gibson,Taylor Widener,,,,,,,,
2021,2021-08-17,New York Mets,San Francisco Giants,2.0,3.0,False,0|0|0|0|0|0|0|2|0,2|0|0|0|0|0|1|0,,,130.0,-150.0,1.5,8.0,espn,401228850,NYM,SF,regular,Marcus Stroman,Logan Webb,,,,,,,,
2021,2021-08-17,Pittsburgh Pirates,Los Angeles Dodgers,3.0,4.0,False,0|0|0|2|0|0|0|0|1,0|0|2|0|2|0|0|0,,,270.0,-340.0,1.5,9.0,espn,401228853,PIT,LAD,regular,Wil Crowe,David Price,,,,,,,,
2021,2021-08-18,Chicago Cubs,Cincinnati Reds,7.0,1.0,False,1|4|0|0|0|1|0|0|1,0|1|0|0|0|0|0|0|0,,,275.0,-350.0,1.5,9.5,espn,401228861,CHC,CIN,regular,Adrian Sampson,Tyler Mahle,,,,,,,,
2021,2021-08-18,Cleveland Indians,Minnesota Twins,7.0,8.0,False,1|1|1|1|1|0|0|0|2|0|0,1|0|0|1|5|0|0|0|0|0|1,,,-105.0,-115.0,1.5,9.5,espn,401228862,CLE,MIN,regular,Zach Plesac,Lewis Thorpe,,,,,,,,
2021,2021-08-18,San Diego Padres,Colorado Rockies,5.0,7.0,False,0|2|1|1|0|1|0|0|0,3|0|1|1|2|0|0|0,,,-155.0,135.0,,14.0,espn,401228869,SD,COL,regular,Jake Arrieta,Chi Chi Gonzalez,,,,,,,,
2021,2021-08-18,New York Mets,San Francisco Giants,6.0,2.0,False,0|0|0|0|0|0|0|0|1|0|1|4,0|0|1|0|0|0|0|0|0|0|1|0,,,125.0,-145.0,1.5,9.0,espn,401228865,NYM,SF,regular,Tylor Megill,Anthony DeSclafani,,,,,,,,
2021,2021-08-18,Toronto Blue Jays,Washington Nationals,5.0,8.0,False,0|1|1|0|0|0|3|0|0,3|0|0|0|0|1|4|0,,,-170.0,150.0,,9.0,espn,401228871,TOR,WSH,regular,Jose Berrios,Josiah Gray,,,,,,,,
2021,2021-08-18,Boston Red Sox,New York Yankees,2.0,5.0,False,1|0|0|0|0|0|0|0|1,0|4|0|0|0|0|0|1,,,100.0,-120.0,1.5,10.0,espn,401228860,BOS,NYY,regular,Nick Pivetta,Andrew Heaney,,,,,,,,
2021,2021-08-18,Los Angeles Angels,Detroit Tigers,3.0,1.0,False,2|0|0|0|0|0|0|1|0,0|0|0|0|1|0|0|0|0,,,-130.0,110.0,,8.5,espn,401228857,LAA,DET,regular,Shohei Ohtani,Tarik Skubal,,,,,,,,
2021,2021-08-18,Atlanta Braves,Miami Marlins,11.0,9.0,False,0|0|0|4|1|2|0|4|0,0|0|0|0|2|0|1|0|6,,,-245.0,205.0,,7.5,espn,401228858,ATL,MIA,regular,Charlie Morton,Jesus Luzardo,,,,,,,,
2021,2021-08-18,Baltimore Orioles,Tampa Bay Rays,4.0,8.0,False,2|0|0|0|0|0|1|1|0,2|0|0|2|0|3|0|1,,,280.0,-360.0,1.5,9.0,espn,401228859,BAL,TB,regular,Spenser Watkins,Louis Head,,,,,,,,
2021,2021-08-18,Milwaukee Brewers,St. Louis Cardinals,6.0,4.0,False,0|0|0|1|1|0|0|0|1|3,2|1|0|0|0|0|0|0|0|1,,,-125.0,105.0,,7.0,espn,401228864,MIL,STL,regular,Freddy Peralta,Jack Flaherty,,,,,,,,
2021,2021-08-18,Seattle Mariners,Texas Rangers,3.0,1.0,False,2|0|0|0|0|0|0|1|0,0|0|0|0|0|0|1|0|0,,,-160.0,140.0,,8.5,espn,401228870,SEA,TEX,regular,Marco Gonzales,Mike Foltynewicz,,,,,,,,
2021,2021-08-18,Houston Astros,Kansas City Royals,2.0,3.0,False,0|0|0|0|0|0|2|0|0,0|0|0|1|0|0|2|0,,,-185.0,165.0,,9.0,espn,401228863,HOU,KC,regular,Zack Greinke,Brady Singer,,,,,,,,
2021,2021-08-18,Oakland Athletics,Chicago White Sox,2.0,3.0,False,0|0|0|1|0|0|1|0|0,1|0|0|1|0|1|0|0,,,180.0,-220.0,1.5,9.0,espn,401228866,OAK,CHW,regular,Paul Blackburn,Lance Lynn,,,,,,,,
2021,2021-08-18,Philadelphia Phillies,Arizona Diamondbacks,2.0,4.0,False,1|0|0|0|0|0|0|1|0,0|0|1|1|1|0|1|0,,,-175.0,155.0,,9.5,espn,401228867,PHI,ARI,regular,Ranger Suarez,Humberto Castellanos,,,,,,,,
2021,2021-08-18,Pittsburgh Pirates,Los Angeles Dodgers,0.0,9.0,False,0|0|0|0|0|0|0|0|0,3|1|0|3|0|2|0|0,,,250.0,-310.0,1.5,8.5,espn,401228868,PIT,LAD,regular,JT Brubaker,Justin Bruihl,,,,,,,,
2021,2021-08-19,Los Angeles Angels,Detroit Tigers,13.0,10.0,False,0|2|0|0|0|6|1|3|1,2|5|0|2|1|0|0|0|0,,,-115.0,-105.0,1.5,9.5,espn,401228872,LAA,DET,regular,Jose Quintana,Matt Manning,,,,,,,,
2021,2021-08-19,Baltimore Orioles,Tampa Bay Rays,2.0,7.0,False,0|0|0|0|1|0|0|0|1,2|2|0|3|0|0|0|0,,,300.0,-380.0,1.5,9.0,espn,401228873,BAL,TB,regular,Jorge Lopez,Shane McClanahan,,,,,,,,
2021,2021-08-19,Seattle Mariners,Texas Rangers,9.0,8.0,False,2|3|1|0|0|0|0|1|0|0|2,0|0|0|0|1|1|0|0|5|0|1,,,-140.0,120.0,,8.5,espn,401228882,SEA,TEX,regular,Chris Flexen,Spencer Howard,,,,,,,,
2021,2021-08-19,Houston Astros,Kansas City Royals,6.0,3.0,False,0|0|0|1|0|2|0|0|0|3,1|0|2|0|0|0|0|0|0|0,,,-175.0,155.0,,9.0,espn,401228874,HOU,KC,regular,Luis Garcia,Mike Minor,,,,,,,,
2021,2021-08-19,Oakland Athletics,Chicago White Sox,5.0,4.0,False,0|0|1|1|0|1|2|0|0,1|0|0|0|2|0|0|0|1,,,135.0,-155.0,1.5,9.0,espn,401228879,OAK,CHW,regular,Cole Irvin,Dylan Cease,,,,,,,,
2021,2021-08-19,Philadelphia Phillies,Arizona Diamondbacks,2.0,6.0,False,0|0|0|0|0|0|0|1|1,0|0|0|1|0|0|5|0,,,-210.0,175.0,,8.0,espn,401228880,PHI,ARI,regular,Zack Wheeler,Madison Bumgarner,,,,,,,,
2021,2021-08-19,Minnesota Twins,New York Yankees,5.0,7.0,False,0|0|0|0|0|3|0|1|1,0|0|4|2|0|0|0|1,,,210.0,-250.0,1.5,10.5,espn,401228877,MIN,NYY,regular,John Gant,Jameson Taillon,,,,,,,,
2021,2021-08-19,Miami Marlins,Cincinnati Reds,1.0,6.0,False,0|0|0|1|0|0|0|0|0,0|0|0|4|0|0|2|0,,,220.0,-270.0,1.5,8.5,espn,401228875,MIA,CIN,regular,Nick Neidert,Luis Castillo,,,,,,,,
2021,2021-08-19,Milwaukee Brewers,St. Louis Cardinals,4.0,8.0,False,0|0|0|4|0|0|0|0|0,1|0|0|0|5|1|1|0,,,-210.0,175.0,,8.0,espn,401228876,MIL,STL,regular,Brandon Woodruff,Jon Lester,,,,,,,,
2021,2021-08-19,New York Mets,Los Angeles Dodgers,1.0,4.0,False,0|0|0|1|0|0|0|0|0,0|2|0|0|2|0|0|0,,,175.0,-195.0,1.5,9.0,espn,401228878,NYM,LAD,regular,Taijuan Walker,Corey Knebel,,,,,,,,
2021,2021-08-20,Kansas City Royals,Chicago Cubs,6.0,2.0,False,0|0|0|1|1|2|0|1|1,0|1|1|0|0|0|0|0|0,,,-110.0,-110.0,1.5,8.5,espn,401228888,KC,CHC,regular,Brad Keller,Zach Davies,,,,,,,,
2021,2021-08-20,Atlanta Braves,Baltimore Orioles,3.0,0.0,False,0|2|1|0|0|0|0|0|0,0|0|0|0|0|0|0|0|0,,,-260.0,215.0,,10.5,espn,401228885,ATL,BAL,regular,Max Fried,Keegan Akin,,,,,,,,
2021,2021-08-20,Minnesota Twins,New York Yankees,2.0,10.0,False,0|0|0|0|0|2|0|0|0,4|2|0|1|0|0|1|2,,,180.0,-220.0,1.5,10.5,espn,401228890,MIN,NYY,regular,Charlie Barnes,Nestor Cortes,,,,,,,,
2021,2021-08-20,Detroit Tigers,Toronto Blue Jays,4.0,1.0,False,0|0|0|0|0|0|0|1|0|3,0|0|0|1|0|0|0|0|0|0,,,225.0,-275.0,1.5,9.5,espn,401228887,DET,TOR,regular,Tyler Alexander,Robbie Ray,,,,,,,,
2021,2021-08-20,Los Angeles Angels,Cleveland Indians,1.0,9.0,False,0|0|1|0|0|0|0|0|0,3|2|0|0|0|3|0|1,,,110.0,-130.0,1.5,9.5,espn,401228883,LAA,CLE,regular,Jaime Barria,Sam Hentges,,,,,,,,
2021,2021-08-20,Chicago White Sox,Tampa Bay Rays,7.0,5.0,False,1|0|0|0|3|0|0|0|1|0|2,0|1|0|0|1|0|0|3|0|0|0,,,-115.0,-105.0,1.5,8.5,espn,401228886,CHW,TB,regular,Lucas Giolito,Michael Wacha,,,,,,,,
2021,2021-08-20,Miami Marlins,Cincinnati Reds,3.0,5.0,False,0|0|0|0|0|0|0|3|0,2|0|0|0|3|0|0|0,,,160.0,-180.0,1.5,9.0,espn,401228889,MIA,CIN,regular,Elieser Hernandez,Sonny Gray,,,,,,,,
2021,2021-08-20,Texas Rangers,Boston Red Sox,0.0,6.0,False,0|0|0|0|0|0|0|0|0,1|1|0|0|3|1|0|0,,,240.0,-300.0,1.5,9.0,espn,401228896,TEX,BOS,regular,Dane Dunning,Chris Sale,,,,,,,,
2021,2021-08-20,Seattle Mariners,Houston Astros,3.0,12.0,False,0|0|0|1|0|1|0|1|0,2|2|3|3|2|0|0|0,,,160.0,-180.0,1.5,8.5,espn,401228894,SEA,HOU,regular,Yusei Kikuchi,Lance McCullers Jr.,,,,,,,,
2021,2021-08-20,Washington Nationals,Milwaukee Brewers,4.0,1.0,False,0|0|0|2|0|1|0|0|1,0|0|0|0|0|0|1|0|0,,,175.0,-210.0,1.5,9.0,espn,401228897,WSH,MIL,regular,Patrick Corbin,Brett Anderson,,,,,,,,
2021,2021-08-20,Pittsburgh Pirates,St. Louis Cardinals,4.0,0.0,False,0|0|0|2|0|1|0|0|1,0|0|0|0|0|0|0|0|0,,,185.0,-225.0,1.5,8.5,espn,401228893,PIT,STL,regular,Mitch Keller,Miles Mikolas,,,,,,,,
2021,2021-08-20,Arizona Diamondbacks,Colorado Rockies,4.0,9.0,False,0|0|2|1|0|1|0|0|0,0|2|1|1|0|2|0|3,,,170.0,-200.0,1.5,11.5,espn,401228884,ARI,COL,regular,Tyler Gilbert,Austin Gomber,,,,,,,,
2021,2021-08-20,San Francisco Giants,Oakland Athletics,1.0,4.0,False,0|0|0|0|1|0|0|0|0,0|0|0|2|0|0|2|0,,,-120.0,100.0,,8.5,espn,401228895,SF,OAK,regular,Alex Wood,James Kaprielian,,,,,,,,
2021,2021-08-20,New York Mets,Los Angeles Dodgers,2.0,3.0,False,0|0|0|1|0|0|0|1|0,1|0|2|0|0|0|0|0,,,205.0,-245.0,1.5,8.5,espn,401228891,NYM,LAD,regular,Carlos Carrasco,Walker Buehler,,,,,,,,
2021,2021-08-20,Philadelphia Phillies,San Diego Padres,4.0,3.0,False,0|0|3|0|0|0|0|1|0,0|0|2|0|0|0|0|1|0,,,175.0,-210.0,1.5,8.0,espn,401228892,PHI,SD,regular,Matt Moore,Blake Snell,,,,,,,,
2021,2021-08-21,Minnesota Twins,New York Yankees,1.0,7.0,False,0|0|0|0|0|0|0|1|0,0|1|0|0|5|0|0|1,,,210.0,-250.0,1.5,8.0,espn,401228905,MIN,NYY,regular,Kenta Maeda,Gerrit Cole,,,,,,,,
2021,2021-08-21,Chicago White Sox,Tampa Bay Rays,4.0,8.0,False,0|0|1|0|0|1|0|2|0,3|1|0|1|1|0|0|2,,,130.0,-150.0,1.5,9.0,espn,401228901,CHW,TB,regular,Dallas Keuchel,Luis Patino,,,,,,,,
2021,2021-08-21,Kansas City Royals,Chicago Cubs,4.0,2.0,False,1|1|0|0|1|0|1|0|0,0|0|0|0|0|0|2|0|0,,,115.0,-135.0,1.5,9.5,espn,401228903,KC,CHC,regular,Kris Bubic,Keegan Thompson,,,,,,,,
2021,2021-08-21,Detroit Tigers,Toronto Blue Jays,0.0,3.0,False,0|0|0|0|0|0|0|0|0,0|2|0|0|0|0|0|1,,,210.0,-250.0,1.5,9.5,espn,401228902,DET,TOR,regular,Wily Peralta,Hyun Jin Ryu,,,,,,,,
2021,2021-08-21,New York Mets,Los Angeles Dodgers,3.0,4.0,False,0|0|0|0|1|0|2|0|0,2|0|0|1|0|1|0|0,,,220.0,-270.0,1.5,8.5,espn,401228906,NYM,LAD,regular,Rich Hill,Max Scherzer,,,,,,,,
2021,2021-08-21,Washington Nationals,Milwaukee Brewers,6.0,9.0,False,2|0|0|0|1|1|0|0|2,1|0|0|0|3|0|0|5,,,200.0,-240.0,1.5,9.0,espn,401228912,WSH,MIL,regular,Paolo Espino,Eric Lauer,,,,,,,,
2021,2021-08-21,San Francisco Giants,Oakland Athletics,6.0,5.0,False,0|2|0|0|0|0|2|0|2,3|0|1|1|0|0|0|0|0,,,-115.0,-105.0,1.5,8.0,espn,401228910,SF,OAK,regular,Kevin Gausman,Sean Manaea,,,,,,,,
2021,2021-08-21,Los Angeles Angels,Cleveland Indians,1.0,5.0,False,0|0|0|0|0|0|0|1|0,0|0|3|0|0|0|2|0,,,115.0,-135.0,1.5,9.0,espn,401228898,LAA,CLE,regular,Reid Detmers,Triston McKenzie,,,,,,,,
2021,2021-08-21,Seattle Mariners,Houston Astros,1.0,15.0,False,0|0|0|0|0|1|0|0|0,1|0|4|1|6|3|0|0,,,125.0,-145.0,1.5,9.0,espn,401228909,SEA,HOU,regular,Logan Gilbert,Jake Odorizzi,,,,,,,,
2021,2021-08-21,Miami Marlins,Cincinnati Reds,4.0,7.0,False,0|0|0|0|2|0|0|2|0,2|0|0|0|0|4|0|1,,,170.0,-200.0,1.5,9.0,espn,401228904,MIA,CIN,regular,Zach Thompson,Wade Miley,,,,,,,,
2021,2021-08-21,Atlanta Braves,Baltimore Orioles,5.0,4.0,False,0|0|2|1|1|0|0|0|1,1|0|0|2|0|0|0|0|1,,,-165.0,145.0,,10.5,espn,401228900,ATL,BAL,regular,Drew Smyly,Matt Harvey,,,,,,,,
2021,2021-08-21,Texas Rangers,Boston Red Sox,10.0,1.0,False,0|2|0|3|1|0|0|4|0,0|0|1|0|0|0|0|0|0,,,275.0,-350.0,1.5,9.5,espn,401228911,TEX,BOS,regular,Jordan Lyles,Eduardo Rodriguez,,,,,,,,
2021,2021-08-21,Pittsburgh Pirates,St. Louis Cardinals,5.0,4.0,False,0|0|1|1|0|0|3|0|0,0|0|1|0|0|2|1|0|0,,,175.0,-210.0,1.5,8.5,espn,401228908,PIT,STL,regular,Dillon Peters,J.A. Happ,,,,,,,,
2021,2021-08-21,Arizona Diamondbacks,Colorado Rockies,2.0,5.0,False,0|0|0|0|2|0|0|0|0,0|0|0|0|0|0|0|2|3,,,135.0,-155.0,1.5,11.5,espn,401228899,ARI,COL,regular,Zac Gallen,Kyle Freeland,,,,,,,,
2021,2021-08-21,Philadelphia Phillies,San Diego Padres,3.0,4.0,False,1|0|0|0|0|0|0|2|0|0,0|0|0|0|0|0|1|0|2|1,,,140.0,-160.0,1.5,7.5,espn,401228907,PHI,SD,regular,Aaron Nola,Joe Musgrove,,,,,,,,
2021,2021-08-22,Atlanta Braves,Baltimore Orioles,3.0,1.0,False,0|0|0|3|0|0|0|0|0,0|0|0|1|0|0|0|0|0,,,-170.0,150.0,,9.5,espn,401228915,ATL,BAL,regular,Touki Toussaint,John Means,,,,,,,,
2021,2021-08-22,Detroit Tigers,Toronto Blue Jays,5.0,3.0,False,0|0|0|0|0|1|0|0|1|1|2,0|0|1|0|0|0|0|1|0|1|0,,,225.0,-275.0,1.5,10.0,espn,401228917,DET,TOR,regular,Drew Hutchison,Steven Matz,,,,,,,,
2021,2021-08-22,Chicago White Sox,Tampa Bay Rays,0.0,9.0,False,0|0|0|0|0|0|0|0|0,1|0|2|0|0|3|2|1,,,100.0,-120.0,1.5,9.0,espn,401228916,CHW,TB,regular,Reynaldo Lopez,Chris Archer,,,,,,,,
2021,2021-08-22,Miami Marlins,Cincinnati Reds,1.0,3.0,False,0|0|0|1|0|0|0|0|0,1|0|0|0|1|0|0|1,,,115.0,-135.0,1.5,8.5,espn,401228919,MIA,CIN,regular,Sandy Alcantara,Vladimir Gutierrez,,,,,,,,
2021,2021-08-22,Seattle Mariners,Houston Astros,6.0,3.0,False,0|0|0|0|0|0|0|1|1|0|4,0|2|0|0|0|0|0|0|0|0|1,,,170.0,-200.0,1.5,8.5,espn,401228924,SEA,HOU,regular,Tyler Anderson,Framber Valdez,,,,,,,,
2021,2021-08-22,Washington Nationals,Milwaukee Brewers,3.0,7.0,False,0|0|1|0|0|0|0|0|2,1|0|0|2|0|2|2|0,,,185.0,-225.0,1.5,9.5,espn,401228927,WSH,MIL,regular,Sean Nolin,Adrian Houser,,,,,,,,
2021,2021-08-22,Pittsburgh Pirates,St. Louis Cardinals,0.0,3.0,False,0|0|0|0|0|0|0|0|0,1|0|0|0|1|0|0|1,,,200.0,-240.0,1.5,8.5,espn,401228923,PIT,STL,regular,Steven Brault,Adam Wainwright,,,,,,,,
2021,2021-08-22,Kansas City Royals,Chicago Cubs,9.0,1.0,False,0|1|2|2|2|2|0|0|0,0|0|0|1|0|0|0|0|0,,,-105.0,-115.0,1.5,8.0,espn,401228918,KC,CHC,regular,Carlos Hernandez,Alec Mills,,,,,,,,
2021,2021-08-22,Arizona Diamondbacks,Colorado Rockies,8.0,4.0,False,0|3|0|0|0|2|1|1|1,1|0|0|0|0|0|0|2|1,,,160.0,-180.0,1.5,11.5,espn,401228914,ARI,COL,regular,Taylor Widener,Jon Gray,,,,,,,,
2021,2021-08-22,Philadelphia Phillies,San Diego Padres,7.0,4.0,False,0|0|0|3|1|0|3|0|0,1|0|0|0|0|0|0|0|3,,,140.0,-160.0,1.5,9.0,espn,401228922,PHI,SD,regular,Kyle Gibson,Craig Stammen,,,,,,,,
2021,2021-08-22,San Francisco Giants,Oakland Athletics,2.0,1.0,False,0|0|0|0|0|0|0|2|0,0|0|0|0|0|1|0|0|0,,,-115.0,-105.0,1.5,8.0,espn,401228925,SF,OAK,regular,Logan Webb,Frankie Montas,,,,,,,,
2021,2021-08-22,New York Mets,Los Angeles Dodgers,7.0,2.0,False,3|0|0|0|0|0|2|0|2,0|0|0|2|0|0|0|0|0,,,155.0,-175.0,1.5,8.5,espn,401228921,NYM,LAD,regular,Marcus Stroman,David Price,,,,,,,,
2021,2021-08-22,Los Angeles Angels,Cleveland Indians,0.0,3.0,True,0|0|0|0|0|0|0|0|0,2|0|0|1|0|0|0|0,,,-105.0,-115.0,1.5,9.0,espn,401228913,LAA,CLE,regular,Jose Suarez,Cal Quantrill,,,,,,,,
2021,2021-08-23,Texas Rangers,Boston Red Sox,4.0,8.0,False,0|0|0|0|1|0|0|0|2|1|0,0|2|0|0|0|1|0|0|0|1|4,,,240.0,-300.0,1.5,9.5,espn,401361178,TEX,BOS,regular,Kolby Allard,Nathan Eovaldi,,,,,,,,
2021,2021-08-23,Arizona Diamondbacks,Pittsburgh Pirates,5.0,6.0,False,0|1|0|0|4|0|0|0|0,0|0|0|1|1|0|3|1,,,-120.0,100.0,,9.5,espn,401228928,ARI,PIT,regular,Humberto Mejia,Wil Crowe,,,,,,,,
2021,2021-08-23,Chicago White Sox,Toronto Blue Jays,1.0,2.0,False,0|0|0|0|0|1|0|0|0,0|0|0|0|0|1|0|1,,,-105.0,-115.0,1.5,8.5,espn,401228929,CHW,TOR,regular,Lance Lynn,Alek Manoah,,,,,,,,
2021,2021-08-23,New York Yankees,Atlanta Braves,5.0,1.0,False,0|1|0|0|0|2|0|2|0,0|1|0|0|0|0|0|0|0,,,-110.0,-110.0,1.5,9.0,espn,401228932,NYY,ATL,regular,Jordan Montgomery,Huascar Ynoa,,,,,,,,
2021,2021-08-23,Colorado Rockies,Chicago Cubs,4.0,6.0,False,3|0|0|0|0|0|1|0|0,0|0|0|0|0|1|0|3|2,,,105.0,-125.0,1.5,8.5,espn,401228930,COL,CHC,regular,Antonio Senzatela,Kyle Hendricks,,,,,,,,
2021,2021-08-23,Kansas City Royals,Houston Astros,7.0,1.0,False,0|1|1|0|0|0|2|3|0,0|0|1|0|0|0|0|0|0,,,205.0,-245.0,1.5,9.0,espn,401228931,KC,HOU,regular,Daniel Lynch IV,Zack Greinke,,,,,,,,
2021,2021-08-23,Seattle Mariners,Oakland Athletics,5.0,3.0,False,0|0|0|0|0|2|0|0|3,1|0|0|1|0|1|0|0|0,,,115.0,-135.0,1.5,8.5,espn,401228933,SEA,OAK,regular,Marco Gonzales,Paul Blackburn,,,,,,,,
2021,2021-08-24,Seattle Mariners,Oakland Athletics,5.0,1.0,False,0|1|2|0|0|0|0|2|0,1|0|0|0|0|0|0|0|0,,,135.0,-155.0,1.5,8.5,espn,401228944,SEA,OAK,regular,Chris Flexen,Cole Irvin,,,,,,,,
2021,2021-08-24,Los Angeles Angels,Baltimore Orioles,14.0,8.0,False,0|5|3|5|0|0|0|1|0,1|0|1|0|3|3|0|0|0,,,-130.0,110.0,,10.0,espn,401228934,LAA,BAL,regular,Dylan Bundy,Spenser Watkins,,,,,,,,
2021,2021-08-24,Arizona Diamondbacks,Pittsburgh Pirates,2.0,4.0,False,0|0|0|0|0|0|0|2|0,0|0|2|2|0|0|0|0,,,-115.0,-105.0,1.5,8.5,espn,401228935,ARI,PIT,regular,Madison Bumgarner,JT Brubaker,,,,,,,,
2021,2021-08-24,Tampa Bay Rays,Philadelphia Phillies,3.0,1.0,False,0|0|0|1|0|0|0|2|0,0|0|0|1|0|0|0|0|0,,,-120.0,100.0,,9.0,espn,401228946,TB,PHI,regular,Drew Rasmussen,Ranger Suarez,,,,,,,,
2021,2021-08-24,Chicago White Sox,Toronto Blue Jays,5.0,2.0,False,4|0|0|1|0|0|0|0|0,0|0|0|0|0|0|1|0|1,,,110.0,-130.0,1.5,8.5,espn,401228936,CHW,TOR,regular,Dylan Cease,Jose Berrios,,,,,,,,
2021,2021-08-24,Minnesota Twins,Boston Red Sox,9.0,11.0,False,1|0|0|2|0|1|4|0|1,0|0|1|3|5|0|0|2,,,155.0,-175.0,1.5,10.5,espn,401228942,MIN,BOS,regular,Griffin Jax,Tanner Houck,,,,,,,,
2021,2021-08-24,San Francisco Giants,New York Mets,8.0,0.0,False,1|2|0|4|0|0|0|1|0,0|0|0|0|0|0|0|0|0,,,110.0,-130.0,1.5,8.5,espn,401228945,SF,NYM,regular,Sam Long,Tylor Megill,,,,,,,,
2021,2021-08-24,Texas Rangers,Cleveland Indians,7.0,3.0,False,3|0|0|0|1|0|0|0|3,0|0|1|0|1|1|0|0|0,,,150.0,-170.0,1.5,9.0,espn,401228947,TEX,CLE,regular,Taylor Hearn,Eli Morgan,,,,,,,,
2021,2021-08-24,Washington Nationals,Miami Marlins,5.0,1.0,False,0|0|0|3|2|0|0|0|0,0|0|0|0|0|0|1|0|0,,,-105.0,-115.0,1.5,8.5,espn,401228948,WSH,MIA,regular,Erick Fedde,Jesus Luzardo,,,,,,,,
2021,2021-08-24,New York Yankees,Atlanta Braves,5.0,4.0,False,0|1|0|1|2|0|1|0|0,2|0|0|0|1|0|0|0|1,,,120.0,-140.0,1.5,9.0,espn,401228943,NYY,ATL,regular,Andrew Heaney,Charlie Morton,,,,,,,,
2021,2021-08-24,Detroit Tigers,St. Louis Cardinals,4.0,3.0,False,0|2|2|0|0|0|0|0|0,0|0|0|0|0|0|0|3|0,,,200.0,-240.0,1.5,8.0,espn,401228939,DET,STL,regular,Casey Mize,Jack Flaherty,,,,,,,,
2021,2021-08-24,Cincinnati Reds,Milwaukee Brewers,4.0,7.0,False,0|0|0|3|0|1|0|0|0,1|0|0|0|0|0|4|2,,,175.0,-210.0,1.5,7.5,espn,401228937,CIN,MIL,regular,Tyler Mahle,Corbin Burnes,,,,,,,,
2021,2021-08-24,Kansas City Royals,Houston Astros,0.0,4.0,False,0|0|0|0|0|0|0|0|0,3|0|1|0|0|0|0|0,,,220.0,-270.0,1.5,8.5,espn,401228940,KC,HOU,regular,Brady Singer,Luis Garcia,,,,,,,,
2021,2021-08-24,Los Angeles Dodgers,San Diego Padres,5.0,2.0,False,0|1|0|0|0|0|2|2|0,0|0|0|0|0|0|0|2|0,,,-140.0,120.0,,8.5,espn,401228941,LAD,SD,regular,Julio Urias,Pierce Johnson,,,,,,,,
2021,2021-08-25,Detroit Tigers,St. Louis Cardinals,2.0,3.0,False,0|0|0|0|1|0|0|0|1|0,1|0|1|0|0|0|0|0|0|1,,,105.0,-125.0,1.5,9.0,espn,401228954,DET,STL,regular,Tarik Skubal,Jon Lester,,,,,,,,
2021,2021-08-25,Kansas City Royals,Houston Astros,5.0,6.0,False,0|0|0|1|0|0|4|0|0|0,0|0|1|1|0|1|1|1|0|1,,,215.0,-260.0,1.5,8.0,espn,401228955,KC,HOU,regular,Mike Minor,Lance McCullers Jr.,,,,,,,,
2021,2021-08-25,Colorado Rockies,Chicago Cubs,2.0,5.0,False,0|1|1|0|0|0|0,0|1|0|1|3|0,,,-135.0,115.0,,7.0,espn,401228953,COL,CHC,regular,Austin Gomber,Zach Davies,,,,,,,,
2021,2021-08-25,Colorado Rockies,Chicago Cubs,13.0,10.0,False,2|0|0|4|0|2|0|1|0|4,0|5|0|0|0|0|3|1|0|1,,,-145.0,125.0,,6.5,espn,401361417,COL,CHC,regular,German Marquez,Justin Steele,,,,,,,,
2021,2021-08-25,Los Angeles Angels,Baltimore Orioles,6.0,10.0,False,0|2|0|4|0|0|0|0|0,2|0|0|2|0|0|1|5,,,-230.0,190.0,,9.0,espn,401228949,LAA,BAL,regular,Shohei Ohtani,Chris Ellis,,,,,,,,
2021,2021-08-25,Arizona Diamondbacks,Pittsburgh Pirates,5.0,2.0,False,0|0|0|0|0|2|1|2|0,0|0|0|1|1|0|0|0|0,,,-110.0,-110.0,1.5,9.0,espn,401228950,ARI,PIT,regular,Tyler Gilbert,Bryse Wilson,,,,,,,,
2021,2021-08-25,Tampa Bay Rays,Philadelphia Phillies,7.0,4.0,False,0|0|0|2|1|0|0|1|3,0|1|0|0|2|0|0|1|0,,,135.0,-155.0,1.5,8.0,espn,401228959,TB,PHI,regular,Ryan Yarbrough,Zack Wheeler,,,,,,,,
2021,2021-08-25,Chicago White Sox,Toronto Blue Jays,1.0,3.0,False,0|0|1|0|0|0|0|0|0,0|0|0|1|0|0|0|2,,,-105.0,-115.0,1.5,8.5,espn,401228951,CHW,TOR,regular,Lucas Giolito,Robbie Ray,,,,,,,,
2021,2021-08-25,Minnesota Twins,Boston Red Sox,9.0,6.0,False,0|1|1|2|0|0|0|0|0|5,0|0|0|0|0|0|1|1|2|2,,,140.0,-160.0,1.5,10.5,espn,401228957,MIN,BOS,regular,Bailey Ober,Nick Pivetta,,,,,,,,
2021,2021-08-25,San Francisco Giants,New York Mets,3.0,2.0,False,0|0|0|1|0|0|2|0|0,0|0|0|0|1|1|0|0|0,,,-105.0,-115.0,1.5,8.5,espn,401228958,SF,NYM,regular,Johnny Cueto,Taijuan Walker,,,,,,,,
2021,2021-08-25,Texas Rangers,Cleveland Indians,2.0,7.0,False,0|0|0|0|0|2|0|0|0,0|1|0|0|2|2|1|1,,,170.0,-200.0,1.5,9.0,espn,401228960,TEX,CLE,regular,Jacob Latz,Zach Plesac,,,,,,,,
2021,2021-08-25,Washington Nationals,Miami Marlins,3.0,4.0,False,0|0|0|0|0|0|3|0|0|0,0|1|0|0|0|1|1|0|0|1,,,-110.0,-110.0,1.5,7.5,espn,401228961,WSH,MIA,regular,Josiah Gray,Edward Cabrera,,,,,,,,
2021,2021-08-25,Cincinnati Reds,Milwaukee Brewers,1.0,4.0,False,0|0|0|0|0|0|0|0|1,0|0|0|1|0|0|1|2,,,135.0,-155.0,1.5,7.5,espn,401228952,CIN,MIL,regular,Luis Castillo,Brandon Woodruff,,,,,,,,
2021,2021-08-25,Los Angeles Dodgers,San Diego Padres,5.0,3.0,False,0|0|0|0|0|0|0|1|0|0|0|0|0|0|2|2,0|1|0|0|0|0|0|0|0|0|0|0|0|0|2|0,,,-145.0,125.0,,8.0,espn,401228956,LAD,SD,regular,Walker Buehler,Blake Snell,,,,,,,,
2021,2021-08-26,Los Angeles Angels,Baltimore Orioles,1.0,13.0,False,1|0|0|0|0|0|0|0|0,0|0|1|0|6|0|1|5,,,-115.0,-105.0,1.5,10.5,espn,401228962,LAA,BAL,regular,Jaime Barria,Keegan Akin,,,,,,,,
2021,2021-08-26,Cincinnati Reds,Milwaukee Brewers,5.0,1.0,False,1|0|0|0|3|1|0|0|0,0|0|0|0|0|0|1|0|0,,,-115.0,-105.0,1.5,9.0,espn,401228965,CIN,MIL,regular,Sonny Gray,Brett Anderson,,,,,,,,
2021,2021-08-26,Chicago White Sox,Toronto Blue Jays,10.0,7.0,False,0|1|3|3|0|2|0|0|1,1|0|0|0|1|5|0|0|0,,,-110.0,-110.0,1.5,8.5,espn,401228964,CHW,TOR,regular,Carlos Rodon,Hyun Jin Ryu,,,,,,,,
2021,2021-08-26,Arizona Diamondbacks,Philadelphia Phillies,8.0,7.0,False,0|2|0|2|0|2|0|2|0,0|0|0|0|2|0|0|0|5,,,120.0,-140.0,1.5,8.5,espn,401228963,ARI,PHI,regular,Zac Gallen,Matt Moore,,,,,,,,
2021,2021-08-26,St. Louis Cardinals,Pittsburgh Pirates,7.0,11.0,False,2|3|2|0|0|0|0|0|0,0|1|2|0|0|0|8|0,,,-165.0,145.0,,8.5,espn,401228971,STL,PIT,regular,Miles Mikolas,Mitch Keller,,,,,,,,
2021,2021-08-26,Minnesota Twins,Boston Red Sox,2.0,12.0,False,0|0|0|0|2|0|0|0|0,0|3|1|0|1|5|2|0,,,230.0,-280.0,1.5,10.0,espn,401228968,MIN,BOS,regular,John Gant,Chris Sale,,,,,,,,
2021,2021-08-26,San Francisco Giants,New York Mets,3.0,2.0,False,2|0|0|0|0|0|0|1|0,0|0|0|0|0|2|0|0|0,,,-115.0,-105.0,1.5,8.5,espn,401228970,SF,NYM,regular,Alex Wood,Carlos Carrasco,,,,,,,,
2021,2021-08-26,Texas Rangers,Cleveland Indians,6.0,10.0,False,0|2|2|0|0|1|0|1|0,4|0|0|4|1|0|0|1,,,140.0,-160.0,1.5,9.5,espn,401228972,TEX,CLE,regular,Jordan Lyles,Sam Hentges,,,,,,,,
2021,2021-08-26,Washington Nationals,Miami Marlins,5.0,7.0,False,0|0|0|0|2|1|0|0|2,4|2|0|0|1|0|0|0,,,100.0,-120.0,1.5,7.5,espn,401228973,WSH,MIA,regular,Patrick Corbin,Elieser Hernandez,,,,,,,,
2021,2021-08-26,Los Angeles Dodgers,San Diego Padres,4.0,0.0,False,0|0|3|1|0|0|0|0|0,0|0|0|0|0|0|0|0|0,,,-140.0,120.0,,7.5,espn,401228967,LAD,SD,regular,Max Scherzer,Yu Darvish,,,,,,,,
2021,2021-08-26,New York Yankees,Oakland Athletics,7.0,6.0,False,0|2|4|0|0|0|0|0|1,0|0|2|3|1|0|0|0|0,,,-150.0,130.0,,8.5,espn,401228969,NYY,OAK,regular,Jameson Taillon,James Kaprielian,,,,,,,,
2021,2021-08-26,Kansas City Royals,Seattle Mariners,6.0,4.0,False,0|0|0|0|0|5|1|0|0,1|0|0|0|3|0|0|0|0,,,145.0,-165.0,1.5,8.0,espn,401228966,KC,SEA,regular,Brad Keller,Yusei Kikuchi,,,,,,,,
2021,2021-08-27,Arizona Diamondbacks,Philadelphia Phillies,6.0,7.0,False,0|0|0|0|0|2|0|0|2|2|0,0|0|2|0|0|0|2|0|0|2|1,,,215.0,-260.0,1.5,8.5,espn,401228974,ARI,PHI,regular,Taylor Widener,Aaron Nola,,,,,,,,
2021,2021-08-27,St. Louis Cardinals,Pittsburgh Pirates,4.0,3.0,False,0|0|0|0|3|0|1|0|0,0|0|0|0|1|1|0|1|0,,,-170.0,150.0,,8.5,espn,401228985,STL,PIT,regular,J.A. Happ,Dillon Peters,,,,,,,,
2021,2021-08-27,Tampa Bay Rays,Baltimore Orioles,6.0,3.0,False,3|0|0|0|0|0|3|0|0,0|0|0|2|0|0|0|0|1,,,-235.0,195.0,,10.0,espn,401228986,TB,BAL,regular,Shane McClanahan,Matt Harvey,,,,,,,,
2021,2021-08-27,Boston Red Sox,Cleveland Indians,4.0,3.0,False,0|0|0|0|1|0|0|3|0,0|0|0|2|0|0|1|0|0,,,-170.0,150.0,,9.5,espn,401228975,BOS,CLE,regular,Eduardo Rodriguez,Logan Allen,,,,,,,,
2021,2021-08-27,Cincinnati Reds,Miami Marlins,6.0,0.0,False,1|0|0|4|0|0|0|1|0,0|0|0|0|0|0|0|0|0,,,-135.0,115.0,,8.0,espn,401228977,CIN,MIA,regular,Wade Miley,Zach Thompson,,,,,,,,
2021,2021-08-27,Toronto Blue Jays,Detroit Tigers,1.0,2.0,False,0|0|1|0|0|0|0|0|0,0|0|0|1|0|0|0|1,,,-170.0,150.0,,9.5,espn,401228987,TOR,DET,regular,Steven Matz,Matt Manning,,,,,,,,
2021,2021-08-27,Washington Nationals,New York Mets,2.0,1.0,False,0|0|2|0|0|0|0|0|0,0|0|0|1|0|0|0|0|0,,,175.0,-210.0,1.5,8.5,espn,401228988,WSH,NYM,regular,Paolo Espino,Rich Hill,,,,,,,,
2021,2021-08-27,San Francisco Giants,Atlanta Braves,5.0,6.0,False,2|1|0|1|0|0|0|0|1,0|1|1|0|0|0|4|0,,,110.0,-130.0,1.5,8.5,espn,401228984,SF,ATL,regular,Kevin Gausman,Max Fried,,,,,,,,
2021,2021-08-27,Houston Astros,Texas Rangers,5.0,4.0,False,0|0|0|0|0|0|5|0|0,0|0|0|1|1|2|0|0|0,,,-250.0,210.0,,9.0,espn,401228979,HOU,TEX,regular,Jake Odorizzi,Glenn Otto,,,,,,,,
2021,2021-08-27,Chicago Cubs,Chicago White Sox,13.0,17.0,False,6|0|0|0|0|0|1|3|3,1|0|8|0|4|0|1|3,,,225.0,-275.0,1.5,9.5,espn,401228976,CHC,CHW,regular,Keegan Thompson,Dallas Keuchel,,,,,,,,
2021,2021-08-27,Milwaukee Brewers,Minnesota Twins,0.0,2.0,False,0|0|0|0|0|0|0|0|0,2|0|0|0|0|0|0|0,,,-135.0,115.0,,9.5,espn,401228981,MIL,MIN,regular,Eric Lauer,Andrew Albers,,,,,,,,
2021,2021-08-27,San Diego Padres,Los Angeles Angels,5.0,0.0,False,0|3|0|0|2|0|0|0|0,0|0|0|0|0|0|0|0|0,,,-210.0,175.0,,9.0,espn,401228983,SD,LAA,regular,Joe Musgrove,Cooper Criswell,,,,,,,,
2021,2021-08-27,New York Yankees,Oakland Athletics,8.0,2.0,False,0|0|0|2|3|0|0|0|3,0|0|0|0|0|0|2|0|0,,,-170.0,150.0,,7.5,espn,401228982,NYY,OAK,regular,Gerrit Cole,Sean Manaea,,,,,,,,
2021,2021-08-27,Colorado Rockies,Los Angeles Dodgers,4.0,2.0,False,2|0|0|0|0|1|0|0|1,0|0|2|0|0|0|0|0|0,,,230.0,-260.0,1.5,8.5,espn,401228978,COL,LAD,regular,Kyle Freeland,Brusdar Graterol,,,,,,,,
2021,2021-08-27,Kansas City Royals,Seattle Mariners,8.0,7.0,False,1|0|0|4|0|0|0|0|0|1|0|2,3|2|0|0|0|0|0|0|0|1|0|1,,,160.0,-180.0,1.5,8.5,espn,401228980,KC,SEA,regular,Kris Bubic,Logan Gilbert,,,,,,,,
2021,2021-08-28,Boston Red Sox,Cleveland Indians,5.0,3.0,False,2|0|0|0|0|0|0|0|0|3,0|2|0|0|0|0|0|0|0|1,,,-140.0,120.0,,9.0,espn,401228990,BOS,CLE,regular,Nathan Eovaldi,Cal Quantrill,,,,,,,,
2021,2021-08-28,New York Yankees,Oakland Athletics,2.0,3.0,False,0|0|0|0|0|0|0|0|2,0|2|0|1|0|0|0|0,,,105.0,-125.0,1.5,8.5,espn,401228997,NYY,OAK,regular,Nestor Cortes,Frankie Montas,,,,,,,,
2021,2021-08-28,Kansas City Royals,Seattle Mariners,4.0,2.0,False,1|0|0|0|2|0|0|0|1,0|0|0|0|1|0|0|0|1,,,140.0,-160.0,1.5,8.0,espn,401228995,KC,SEA,regular,Daniel Lynch IV,Tyler Anderson,,,,,,,,
2021,2021-08-28,Arizona Diamondbacks,Philadelphia Phillies,0.0,7.0,False,0|0|0|0|0|0|0|0|0,2|0|2|0|0|0|0|3,,,155.0,-175.0,1.5,8.5,espn,401228989,ARI,PHI,regular,Humberto Mejia,Kyle Gibson,,,,,,,,
2021,2021-08-28,Cincinnati Reds,Miami Marlins,1.0,6.0,False,0|0|1|0|0|0|0|0|0,5|0|0|0|0|1|0|0,,,-110.0,-110.0,1.5,7.5,espn,401228992,CIN,MIA,regular,Vladimir Gutierrez,Sandy Alcantara,,,,,,,,
2021,2021-08-28,Toronto Blue Jays,Detroit Tigers,3.0,2.0,False,0|0|0|0|0|1|1|0|0|1,0|0|0|0|0|0|2|0|0|0,,,-200.0,170.0,,9.5,espn,401229002,TOR,DET,regular,Alek Manoah,Jose Urena,,,,,,,,
2021,2021-08-28,Houston Astros,Texas Rangers,5.0,2.0,False,0|3|1|0|0|1|0|0|0,0|0|0|1|0|1|0|0|0,,,-235.0,195.0,,9.0,espn,401228994,HOU,TEX,regular,Framber Valdez,Kolby Allard,,,,,,,,
2021,2021-08-28,St. Louis Cardinals,Pittsburgh Pirates,13.0,0.0,False,0|2|5|0|0|1|2|3|0,0|0|0|0|0|0|0|0|0,,,-170.0,150.0,,8.5,espn,401229000,STL,PIT,regular,Adam Wainwright,Steven Brault,,,,,,,,
2021,2021-08-28,Tampa Bay Rays,Baltimore Orioles,4.0,3.0,False,0|0|0|0|0|0|2|2|0,0|0|0|0|1|2|0|0|0,,,-160.0,140.0,,9.5,espn,401229001,TB,BAL,regular,Michael Wacha,John Means,,,,,,,,
2021,2021-08-28,Chicago Cubs,Chicago White Sox,7.0,0.0,False,0|1|0|5|1|0|0|0|0,0|0|0|0|0|0|0|0|0,,,275.0,-350.0,1.5,9.0,espn,401228991,CHC,CHW,regular,Alec Mills,Lance Lynn,,,,,,,,
2021,2021-08-28,Milwaukee Brewers,Minnesota Twins,4.0,6.0,False,0|0|0|0|4|0|0|0|0,0|0|0|4|0|1|1|0,,,-145.0,125.0,,10.0,espn,401228996,MIL,MIN,regular,Adrian Houser,Charlie Barnes,,,,,,,,
2021,2021-08-28,Washington Nationals,New York Mets,3.0,5.0,False,0|2|0|0|0|0|1|0|0,0|0|1|0|1|0|3|0,,,190.0,-230.0,1.5,8.5,espn,401229003,WSH,NYM,regular,Sean Nolin,Marcus Stroman,,,,,,,,
2021,2021-08-28,San Francisco Giants,Atlanta Braves,5.0,0.0,False,1|0|1|0|0|0|1|2|0,0|0|0|0|0|0|0|0|0,,,-110.0,-110.0,1.5,8.5,espn,401228999,SF,ATL,regular,Logan Webb,Huascar Ynoa,,,,,,,,
2021,2021-08-28,San Diego Padres,Los Angeles Angels,2.0,10.0,False,0|0|0|2|0|0|0|0|0,0|1|2|2|2|3|0|0,,,-130.0,110.0,,10.0,espn,401228998,SD,LAA,regular,Ryan Weathers,Jose Suarez,,,,,,,,
2021,2021-08-28,Colorado Rockies,Los Angeles Dodgers,2.0,5.0,False,0|0|1|1|0|0|0|0|0,0|0|1|1|0|0|0|3,,,215.0,-260.0,1.5,9.0,espn,401228993,COL,LAD,regular,Jon Gray,Corey Knebel,,,,,,,,
2021,2021-08-29,Arizona Diamondbacks,Philadelphia Phillies,4.0,7.0,False,0|1|0|0|0|0|1|2|0,2|0|0|0|3|0|0|2,,,160.0,-180.0,1.5,8.5,espn,401229004,ARI,PHI,regular,Madison Bumgarner,Ranger Suarez,,,,,,,,
2021,2021-08-29,St. Louis Cardinals,Pittsburgh Pirates,3.0,4.0,False,0|0|1|0|2|0|0|0|0,0|0|0|1|0|0|0|0|3,,,-160.0,140.0,,9.0,espn,401229014,STL,PIT,regular,Kwang Hyun Kim,Wil Crowe,,,,,,,,
2021,2021-08-29,Tampa Bay Rays,Baltimore Orioles,12.0,8.0,False,2|1|0|0|0|3|4|2|0,1|0|1|0|0|2|2|2|0,,,-260.0,215.0,,10.0,espn,401229015,TB,BAL,regular,Chris Archer,Spenser Watkins,,,,,,,,
2021,2021-08-29,Boston Red Sox,Cleveland Indians,5.0,7.0,False,1|1|0|1|1|0|1|0|0,0|0|0|0|0|3|1|3,,,-155.0,135.0,,10.0,espn,401229005,BOS,CLE,regular,Tanner Houck,Eli Morgan,,,,,,,,
2021,2021-08-29,Cincinnati Reds,Miami Marlins,1.0,2.0,False,0|0|0|0|0|0|0|0|1,2|0|0|0|0|0|0|0,,,-200.0,170.0,,8.0,espn,401229007,CIN,MIA,regular,Tyler Mahle,Jesus Luzardo,,,,,,,,
2021,2021-08-29,Toronto Blue Jays,Detroit Tigers,2.0,1.0,False,1|0|0|1|0|0|0|0|0,0|0|0|0|0|1|0|0|0,,,-180.0,160.0,,9.0,espn,401229016,TOR,DET,regular,Jose Berrios,Matthew Boyd,,,,,,,,
2021,2021-08-29,Washington Nationals,New York Mets,4.0,9.0,False,0|0|0|2|0|1|0|1|0,1|0|0|2|1|3|0|2,,,160.0,-180.0,1.5,8.0,espn,401229017,WSH,NYM,regular,Erick Fedde,Tylor Megill,,,,,,,,
2021,2021-08-29,San Francisco Giants,Atlanta Braves,0.0,9.0,False,0|0|0|0|0|0|0|0|0,0|0|0|3|0|2|2|2,,,110.0,-130.0,1.5,9.0,espn,401229013,SF,ATL,regular,Anthony DeSclafani,Ian Anderson,,,,,,,,
2021,2021-08-29,Chicago Cubs,Chicago White Sox,1.0,13.0,False,0|0|0|1|0|0|0|0|0,1|2|0|0|7|2|1|0,,,220.0,-270.0,1.5,9.0,espn,401229006,CHC,CHW,regular,Kyle Hendricks,Dylan Cease,,,,,,,,
2021,2021-08-29,Milwaukee Brewers,Minnesota Twins,6.0,2.0,False,0|1|3|2|0|0|0|0|0,0|0|0|2|0|0|0|0|0,,,-155.0,135.0,,9.5,espn,401229011,MIL,MIN,regular,Aaron Ashby,Griffin Jax,,,,,,,,
2021,2021-08-29,Houston Astros,Texas Rangers,2.0,13.0,False,0|0|0|0|2|0|0|0|0,3|0|1|1|8|0|0|0,,,-225.0,185.0,,8.5,espn,401229009,HOU,TEX,regular,Zack Greinke,Taylor Hearn,,,,,,,,
2021,2021-08-29,Colorado Rockies,Los Angeles Dodgers,5.0,0.0,False,3|0|0|0|0|0|2|0|0,0|0|0|0|0|0|0|0|0,,,205.0,-245.0,1.5,9.0,espn,401229008,COL,LAD,regular,Antonio Senzatela,Mitch White,,,,,,,,
2021,2021-08-29,Kansas City Royals,Seattle Mariners,3.0,4.0,False,0|0|0|0|0|1|1|1|0,1|0|0|0|0|1|2|0,,,140.0,-160.0,1.5,8.5,espn,401229010,KC,SEA,regular,Brady Singer,Marco Gonzales,,,,,,,,
2021,2021-08-29,New York Yankees,Oakland Athletics,1.0,3.0,False,0|0|0|0|0|0|1|0|0,0|0|0|1|0|0|0|2,,,-160.0,140.0,,9.0,espn,401229012,NYY,OAK,regular,Jordan Montgomery,Paul Blackburn,,,,,,,,
2021,2021-08-30,Minnesota Twins,Detroit Tigers,3.0,2.0,False,0|0|0|3|0|0|0|0|0,0|0|1|0|1|0|0|0|0,,,-135.0,115.0,,9.0,espn,401347954,MIN,DET,regular,Bailey Ober,Casey Mize,,,,,,,,
2021,2021-08-30,St. Louis Cardinals,Cincinnati Reds,3.0,1.0,False,2|0|0|0|0|1|0|0|0,0|1|0|0|0|0|0|0|0,,,180.0,-220.0,1.5,9.5,espn,401229027,STL,CIN,regular,Jon Lester,Luis Castillo,,,,,,,,
2021,2021-08-30,Philadelphia Phillies,Washington Nationals,7.0,4.0,False,3|0|3|0|1|0|0|0|0,0|2|1|0|1|0|0|0|0,,,-150.0,130.0,,8.0,espn,401229025,PHI,WSH,regular,Zack Wheeler,Josiah Gray,,,,,,,,
2021,2021-08-30,Baltimore Orioles,Toronto Blue Jays,3.0,7.0,False,1|0|0|0|0|1|0|0|1,0|0|0|1|0|3|3|0,,,280.0,-360.0,1.5,9.5,espn,401229019,BAL,TOR,regular,Chris Ellis,Robbie Ray,,,,,,,,
2021,2021-08-30,Boston Red Sox,Tampa Bay Rays,1.0,6.0,False,0|1|0|0|0|0|0|0|0,1|0|1|1|0|1|0|2,,,130.0,-150.0,1.5,8.5,espn,401229020,BOS,TB,regular,Nick Pivetta,Luis Patino,,,,,,,,
2021,2021-08-30,Colorado Rockies,Texas Rangers,3.0,4.0,False,0|0|0|0|0|0|1|2|0,0|0|0|1|1|2|0|0,,,-150.0,130.0,,8.5,espn,401229021,COL,TEX,regular,German Marquez,A.J. Alexy,,,,,,,,
2021,2021-08-30,New York Yankees,Los Angeles Angels,7.0,8.0,False,2|0|0|0|3|0|2|0|0,0|0|0|5|1|1|0|1,,,-200.0,170.0,,9.0,espn,401229024,NYY,LAA,regular,Corey Kluber,Mike Mayers,,,,,,,,
2021,2021-08-30,San Diego Padres,Arizona Diamondbacks,7.0,5.0,False,2|2|1|0|0|0|1|0|1,0|0|0|0|1|0|4|0|0,,,-165.0,145.0,,9.5,espn,401229026,SD,ARI,regular,Chris Paddack,Tyler Gilbert,,,,,,,,
2021,2021-08-30,Milwaukee Brewers,San Francisco Giants,3.0,1.0,False,1|1|0|0|0|0|0|1|0,0|0|0|0|0|0|1|0|0,,,-145.0,125.0,,7.5,espn,401229023,MIL,SF,regular,Corbin Burnes,Jose Alvarez,,,,,,,,
2021,2021-08-30,Atlanta Braves,Los Angeles Dodgers,3.0,5.0,False,0|0|0|0|0|2|1|0|0,1|1|3|0|0|0|0|0,,,150.0,-170.0,1.5,8.5,espn,401229018,ATL,LAD,regular,Drew Smyly,Julio Urias,,,,,,,,
2021,2021-08-30,Houston Astros,Seattle Mariners,4.0,3.0,False,2|0|0|0|0|0|0|2|0,0|1|0|0|0|2|0|0|0,,,-155.0,135.0,,8.5,espn,401229022,HOU,SEA,regular,Luis Garcia,Chris Flexen,,,,,,,,
2021,2021-08-31,Miami Marlins,New York Mets,5.0,6.0,False,0|2|0|0|1|2|0|0|0,0|0|0|0|1|0|0|0|5,,,175.0,-210.0,1.5,8.0,espn,401227183,MIA,NYM,regular,John Curtiss,Marcus Stroman,,,,,,,,
2021,2021-08-31,Philadelphia Phillies,Washington Nationals,12.0,6.0,False,0|0|0|2|1|6|0|0|3,0|1|2|2|0|0|0|0|1,,,115.0,-135.0,1.5,9.5,espn,401229039,PHI,WSH,regular,Matt Moore,Patrick Corbin,,,,,,,,
2021,2021-08-31,Baltimore Orioles,Toronto Blue Jays,4.0,2.0,False,0|0|0|0|0|3|1|0|0,0|0|1|0|0|1|0|0|0,,,260.0,-320.0,1.5,10.0,espn,401229029,BAL,TOR,regular,Keegan Akin,Hyun Jin Ryu,,,,,,,,
2021,2021-08-31,Boston Red Sox,Tampa Bay Rays,5.0,8.0,False,1|0|0|0|0|1|0|1|2,0|1|6|0|0|1|0|0,,,130.0,-150.0,1.5,9.0,espn,401229030,BOS,TB,regular,Brad Peacock,Ryan Yarbrough,,,,,,,,
2021,2021-08-31,Miami Marlins,New York Mets,1.0,3.0,False,0|0|0|0|1|0|0,0|0|0|3|0|0,,,160.0,-180.0,1.5,6.5,espn,401229035,MIA,NYM,regular,Edward Cabrera,Trevor Williams,,,,,,,,
2021,2021-08-31,Oakland Athletics,Detroit Tigers,9.0,3.0,False,0|0|3|0|3|0|0|2|1,1|0|0|0|2|0|0|0|0,,,-120.0,100.0,,9.5,espn,401229038,OAK,DET,regular,Cole Irvin,Tarik Skubal,,,,,,,,
2021,2021-08-31,Colorado Rockies,Texas Rangers,3.0,4.0,False,0|0|1|0|0|0|2|0|0,0|1|1|1|1|0|0|0,,,-130.0,110.0,,8.5,espn,401229033,COL,TEX,regular,Austin Gomber,Jordan Lyles,,,,,,,,
2021,2021-08-31,Chicago Cubs,Minnesota Twins,3.0,1.0,False,1|1|0|0|0|0|0|1|0,1|0|0|0|0|0|0|0|0,,,135.0,-155.0,1.5,9.5,espn,401229031,CHC,MIN,regular,Zach Davies,John Gant,,,,,,,,
2021,2021-08-31,Cleveland Indians,Kansas City Royals,7.0,2.0,False,1|0|0|0|2|0|2|2|0,0|0|0|0|0|0|0|0|2,,,100.0,-120.0,1.5,8.5,espn,401229032,CLE,KC,regular,Zach Plesac,Jakob Junis,,,,,,,,
2021,2021-08-31,Pittsburgh Pirates,Chicago White Sox,2.0,4.0,False,0|0|0|0|2|0|0|0|0,0|1|1|0|0|2|0|0,,,290.0,-370.0,1.5,9.0,espn,401229040,PIT,CHW,regular,Bryse Wilson,Lucas Giolito,,,,,,,,
2021,2021-08-31,New York Yankees,Los Angeles Angels,4.0,6.0,False,0|0|0|1|1|0|0|2|0,0|0|0|3|3|0|0|0,,,-210.0,175.0,,9.5,espn,401229037,NYY,LAA,regular,Jameson Taillon,Jaime Barria,,,,,,,,
2021,2021-08-31,San Diego Padres,Arizona Diamondbacks,3.0,0.0,False,0|0|0|0|2|1|0|0|0,0|0|0|0|0|0|0|0|0,,,-170.0,150.0,,8.5,espn,401229041,SD,ARI,regular,Blake Snell,Zac Gallen,,,,,,,,
2021,2021-08-31,Milwaukee Brewers,San Francisco Giants,6.0,2.0,False,2|1|2|1|0|0|0|0|0,0|0|0|0|0|1|0|0|1,,,-135.0,115.0,,7.5,espn,401229036,MIL,SF,regular,Brandon Woodruff,Johnny Cueto,,,,,,,,
2021,2021-08-31,Atlanta Braves,Los Angeles Dodgers,2.0,3.0,False,0|0|1|1|0|0|0|0|0,0|0|0|1|0|0|1|1,,,167.0,-192.0,1.5,7.5,espn,401229028,ATL,LAD,regular,Charlie Morton,Walker Buehler,,,,,,,,
2021,2021-08-31,Houston Astros,Seattle Mariners,0.0,4.0,False,0|0|0|0|0|0|0|0|0,0|0|0|0|0|0|0|4,,,-165.0,145.0,,8.0,espn,401229034,HOU,SEA,regular,Lance McCullers Jr.,Yusei Kikuchi,,,,,,,,
2021,2021-09-01,St. Louis Cardinals,Cincinnati Reds,5.0,4.0,False,1|1|1|2|0|0|0,0|3|1|0|0|0|0,,,105.0,-125.0,1.5,7.0,espn,401362333,STL,CIN,regular,Miles Mikolas,Wade Miley,,,,,,,,
2021,2021-09-01,Colorado Rockies,Texas Rangers,9.0,5.0,False,0|0|0|2|2|0|0|0|5,0|5|0|0|0|0|0|0|0,,,-145.0,125.0,,8.5,espn,401229048,COL,TEX,regular,Kyle Freeland,Kohei Arihara,,,,,,,,
2021,2021-09-01,San Diego Padres,Arizona Diamondbacks,3.0,8.0,False,0|0|0|0|0|1|2|0|0,0|0|6|0|0|0|0|2,,,-220.0,180.0,,8.5,espn,401229056,SD,ARI,regular,Yu Darvish,Luke Weaver,,,,,,,,
2021,2021-09-01,Houston Astros,Seattle Mariners,0.0,1.0,False,0|0|0|0|0|0|0|0|0,0|0|0|0|0|1|0|0,,,-135.0,115.0,,8.5,espn,401229049,HOU,SEA,regular,Jake Odorizzi,Logan Gilbert,,,,,,,,
2021,2021-09-01,St. Louis Cardinals,Cincinnati Reds,2.0,12.0,False,1|0|0|1|0|0|0,2|7|2|0|1|0,,,150.0,-170.0,1.5,7.0,espn,401229057,STL,CIN,regular,J.A. Happ,Sonny Gray,,,,,,,,
2021,2021-09-01,Baltimore Orioles,Toronto Blue Jays,4.0,5.0,False,0|2|0|0|0|1|1|0|0,1|0|0|3|0|0|0|1,,,210.0,-250.0,1.5,9.5,espn,401229044,BAL,TOR,regular,Matt Harvey,Steven Matz,,,,,,,,
2021,2021-09-01,New York Yankees,Los Angeles Angels,4.0,1.0,False,0|0|2|1|0|0|0|1|0,0|0|0|0|0|1|0|0|0,,,-300.0,240.0,,8.5,espn,401229052,NYY,LAA,regular,Gerrit Cole,Packy Naughton,,,,,,,,
2021,2021-09-01,Boston Red Sox,Tampa Bay Rays,3.0,2.0,False,0|1|0|0|0|0|1|0|1,0|0|2|0|0|0|0|0|0,,,100.0,-120.0,1.5,7.5,espn,401229045,BOS,TB,regular,Chris Sale,Drew Rasmussen,,,,,,,,
2021,2021-09-01,Oakland Athletics,Detroit Tigers,6.0,8.0,False,1|0|0|2|3|0|0|0|0,0|1|0|2|1|1|2|1,,,-180.0,160.0,,9.5,espn,401229053,OAK,DET,regular,James Kaprielian,Wily Peralta,,,,,,,,
2021,2021-09-01,Chicago Cubs,Minnesota Twins,3.0,0.0,False,0|0|3|0|0|0|0|0|0,0|0|0|0|0|0|0|0|0,,,160.0,-180.0,1.5,9.0,espn,401229046,CHC,MIN,regular,Justin Steele,Joe Ryan,,,,,,,,
2021,2021-09-01,Cleveland Indians,Kansas City Royals,5.0,3.0,False,0|0|0|0|2|0|1|0|0|0|2,1|1|0|1|0|0|0|0|0|0|0,,,110.0,-130.0,1.5,9.0,espn,401229047,CLE,KC,regular,Logan Allen,Jackson Kowar,,,,,,,,
2021,2021-09-01,Pittsburgh Pirates,Chicago White Sox,3.0,6.0,False,0|0|0|0|1|0|1|1|0,0|0|0|3|2|0|0|1,,,310.0,-390.0,1.5,8.5,espn,401229055,PIT,CHW,regular,Max Kranick,Carlos Rodon,,,,,,,,
2021,2021-09-01,Milwaukee Brewers,San Francisco Giants,5.0,2.0,False,0|2|0|0|0|0|1|0|2,0|0|0|0|2|0|0|0|0,,,165.0,-185.0,1.5,8.0,espn,401229051,MIL,SF,regular,Brett Anderson,Kevin Gausman,,,,,,,,
2021,2021-09-01,Atlanta Braves,Los Angeles Dodgers,3.0,4.0,False,0|0|0|0|0|0|2|1|0,1|0|1|0|0|0|0|2,,,185.0,-225.0,1.5,7.5,espn,401229043,ATL,LAD,regular,Max Fried,Max Scherzer,,,,,,,,
2021,2021-09-02,Philadelphia Phillies,Washington Nationals,7.0,6.0,False,0|0|0|0|0|3|0|4|0,0|0|3|0|3|0|0|0|0,,,-160.0,140.0,,8.0,espn,401362410,PHI,WSH,regular,Aaron Nola,Paolo Espino,,,,,,,,
2021,2021-09-02,Oakland Athletics,Detroit Tigers,8.0,6.0,False,4|1|2|1|0|0|0|0|0,0|0|0|0|1|0|5|0|0,,,-220.0,180.0,,9.0,espn,401229063,OAK,DET,regular,Frankie Montas,Matt Manning,,,,,,,,
2021,2021-09-02,Milwaukee Brewers,San Francisco Giants,1.0,5.0,False,0|0|0|1|0|0|0|0|0,1|0|0|0|0|0|0|4,,,160.0,-180.0,1.5,7.5,espn,401229062,MIL,SF,regular,Eric Lauer,Logan Webb,,,,,,,,
2021,2021-09-02,Boston Red Sox,Tampa Bay Rays,4.0,0.0,False,1|1|0|0|2|0|0|0|0,0|0|0|0|0|0|0|0|0,,,145.0,-165.0,1.5,7.5,espn,401229059,BOS,TB,regular,Eduardo Rodriguez,Shane McClanahan,,,,,,,,
2021,2021-09-02,Miami Marlins,New York Mets,3.0,4.0,False,2|0|0|0|0|1|0|0|0,1|0|0|2|0|0|1|0,,,130.0,-150.0,1.5,6.5,espn,401229061,MIA,NYM,regular,Sandy Alcantara,Carlos Carrasco,,,,,,,,
2021,2021-09-02,Pittsburgh Pirates,Chicago Cubs,5.0,6.0,False,3|0|0|0|0|0|0|0|2|0|0,0|0|0|0|0|0|5|0|0|0|1,,,110.0,-130.0,1.5,8.0,espn,401229064,PIT,CHC,regular,Mitch Keller,Keegan Thompson,,,,,,,,
2021,2021-09-02,Cleveland Indians,Kansas City Royals,4.0,2.0,False,0|0|0|0|3|0|0|1|0,0|1|0|0|0|0|0|0|1,,,-110.0,-110.0,1.5,8.5,espn,401229060,CLE,KC,regular,Triston McKenzie,Mike Minor,,,,,,,,
2021,2021-09-02,Atlanta Braves,Colorado Rockies,6.0,5.0,False,1|0|2|0|3|0|0|0|0,0|0|5|0|0|0|0|0|0,,,-155.0,135.0,,12.5,espn,401229058,ATL,COL,regular,Touki Toussaint,Chi Chi Gonzalez,,,,,,,,
2021,2021-09-03,Pittsburgh Pirates,Chicago Cubs,5.0,6.0,False,0|0|0|0|2|3|0|0|0,0|3|1|1|0|1|0|0,,,130.0,-150.0,1.5,8.5,espn,401229076,PIT,CHC,regular,Steven Brault,Alec Mills,,,,,,,,
2021,2021-09-03,Baltimore Orioles,New York Yankees,3.0,4.0,False,0|0|0|0|0|1|1|0|0|1|0,0|0|0|1|1|0|0|0|0|1|1,,,205.0,-245.0,1.5,9.0,espn,401229066,BAL,NYY,regular,John Means,Nestor Cortes,,,,,,,,
2021,2021-09-03,New York Mets,Washington Nationals,6.0,2.0,False,0|1|1|0|0|0|0|0|0|4,0|0|0|0|0|0|0|0|2|0,,,-135.0,115.0,,9.0,espn,401229073,NYM,WSH,regular,Rich Hill,Sean Nolin,,,,,,,,
2021,2021-09-03,Oakland Athletics,Toronto Blue Jays,10.0,11.0,False,2|0|0|0|2|2|2|0|2,0|0|0|2|0|0|0|6|3,,,135.0,-155.0,1.5,9.0,espn,401229074,OAK,TOR,regular,Sean Manaea,Alek Manoah,,,,,,,,
2021,2021-09-03,Cleveland Indians,Boston Red Sox,5.0,8.0,False,0|0|0|1|0|0|2|1|1,1|1|0|1|0|0|5|0,,,155.0,-175.0,1.5,9.0,espn,401229068,CLE,BOS,regular,Cal Quantrill,Nathan Eovaldi,,,,,,,,
2021,2021-09-03,Detroit Tigers,Cincinnati Reds,15.0,5.0,False,0|2|1|1|0|6|4|1|0,0|1|0|0|2|1|1|0|0,,,155.0,-175.0,1.5,9.5,espn,401229069,DET,CIN,regular,Tyler Alexander,Vladimir Gutierrez,,,,,,,,
2021,2021-09-03,Minnesota Twins,Tampa Bay Rays,3.0,5.0,False,1|0|0|0|1|0|0|1|0,0|3|2|0|0|0|0|0,,,170.0,-200.0,1.5,9.0,espn,401229072,MIN,TB,regular,Randy Dobnak,Michael Wacha,,,,,,,,
2021,2021-09-03,Philadelphia Phillies,Miami Marlins,3.0,10.0,False,1|1|0|0|0|1|0|0|0,3|0|0|0|0|7|0|0,,,-150.0,130.0,,7.5,espn,401229075,PHI,MIA,regular,Kyle Gibson,Jesus Luzardo,,,,,,,,
2021,2021-09-03,Chicago White Sox,Kansas City Royals,2.0,7.0,False,0|0|0|0|0|2|0|0|0,0|2|4|0|1|0|0|0,,,-125.0,105.0,,9.5,espn,401229067,CHW,KC,regular,Dallas Keuchel,Carlos Hernandez,,,,,,,,
2021,2021-09-03,St. Louis Cardinals,Milwaukee Brewers,15.0,4.0,False,2|2|4|0|0|0|2|0|5,0|0|0|0|0|0|2|0|2,,,120.0,-140.0,1.5,7.5,espn,401229078,STL,MIL,regular,Adam Wainwright,Freddy Peralta,,,,,,,,
2021,2021-09-03,Atlanta Braves,Colorado Rockies,3.0,4.0,False,1|1|0|0|0|1|0|0|0,1|0|2|0|0|1|0|0,,,-140.0,120.0,,11.0,espn,401229065,ATL,COL,regular,Huascar Ynoa,Antonio Senzatela,,,,,,,,
2021,2021-09-03,Texas Rangers,Los Angeles Angels,2.0,3.0,False,0|2|0|0|0|0|0|0|0,2|0|0|0|0|1|0|0,,,160.0,-180.0,1.5,7.5,espn,401229079,TEX,LAA,regular,Glenn Otto,Shohei Ohtani,,,,,,,,
2021,2021-09-03,Seattle Mariners,Arizona Diamondbacks,6.0,5.0,False,1|0|0|0|2|2|0|0|0|1,0|0|0|1|0|0|4|0|0|0,,,-115.0,-105.0,1.5,8.5,espn,401229077,SEA,ARI,regular,Tyler Anderson,Madison Bumgarner,,,,,,,,
2021,2021-09-03,Los Angeles Dodgers,San Francisco Giants,2.0,3.0,False,0|0|0|0|0|0|0|0|1|1|0,0|0|1|0|0|0|0|0|0|1|1,,,-120.0,100.0,,8.5,espn,401229071,LAD,SF,regular,David Price,Anthony DeSclafani,,,,,,,,
2021,2021-09-03,Houston Astros,San Diego Padres,6.0,3.0,False,0|0|0|3|0|0|0|2|1,0|0|1|0|1|1|0|0|0,,,-125.0,105.0,,9.0,espn,401229070,HOU,SD,regular,Jose Urquidy,Jake Arrieta,,,,,,,,
2021,2021-09-04,Baltimore Orioles,New York Yankees,4.0,3.0,False,0|0|0|1|0|0|2|0|1,0|0|0|0|0|0|1|2|0,,,290.0,-370.0,1.5,9.5,espn,401229081,BAL,NYY,regular,Chris Ellis,Jordan Montgomery,,,,,,,,
2021,2021-09-04,New York Mets,Washington Nationals,11.0,9.0,False,2|4|1|2|0|0|0|0|2,0|0|0|3|0|4|2|0|0,,,-170.0,150.0,,6.5,espn,401319236,NYM,WSH,regular,Marcus Stroman,Erick Fedde,,,,,,,,
2021,2021-09-04,Pittsburgh Pirates,Chicago Cubs,6.0,7.0,False,1|0|0|0|5|0|0|0|0,0|0|0|3|1|0|0|0|3,,,130.0,-150.0,1.5,8.5,espn,401229091,PIT,CHC,regular,JT Brubaker,Kyle Hendricks,,,,,,,,
2021,2021-09-04,Oakland Athletics,Toronto Blue Jays,8.0,10.0,False,0|0|0|0|1|0|2|0|5,0|1|1|2|0|0|3|3,,,155.0,-175.0,1.5,9.0,espn,401229089,OAK,TOR,regular,Paul Blackburn,Jose Berrios,,,,,,,,
2021,2021-09-04,Cleveland Indians,Boston Red Sox,3.0,4.0,False,0|0|0|0|0|0|0|0|3,0|0|0|0|0|0|3|0|1,,,167.0,-192.0,1.5,9.5,espn,401229083,CLE,BOS,regular,Eli Morgan,Tanner Houck,,,,,,,,
2021,2021-09-04,Minnesota Twins,Tampa Bay Rays,4.0,11.0,False,0|0|0|2|2|0|0|0|0,2|5|2|2|0|0|0|0,,,185.0,-225.0,1.5,9.0,espn,401229087,MIN,TB,regular,Andrew Albers,Chris Archer,,,,,,,,
2021,2021-09-04,New York Mets,Washington Nationals,3.0,4.0,False,1|0|0|0|0|2|0,2|0|0|0|2|0,,,-160.0,140.0,,7.0,espn,401229088,NYM,WSH,regular,Tylor Megill,Josh Rogers,,,,,,,,
2021,2021-09-04,Philadelphia Phillies,Miami Marlins,2.0,3.0,False,0|0|0|2|0|0|0|0|0,0|0|0|0|0|0|0|3,,,-125.0,105.0,,7.5,espn,401229090,PHI,MIA,regular,Ranger Suarez,Trevor Rogers,,,,,,,,
2021,2021-09-04,Chicago White Sox,Kansas City Royals,10.0,7.0,False,3|0|3|2|1|0|0|1|0,0|0|3|0|3|1|0|0|0,,,-150.0,130.0,,9.0,espn,401229082,CHW,KC,regular,Reynaldo Lopez,Daniel Lynch IV,,,,,,,,
2021,2021-09-04,Detroit Tigers,Cincinnati Reds,4.0,7.0,False,0|0|3|0|1|0|0|0|0,0|0|5|0|0|0|2|0,,,175.0,-210.0,1.5,8.5,espn,401229084,DET,CIN,regular,Matthew Boyd,Tyler Mahle,,,,,,,,
2021,2021-09-04,St. Louis Cardinals,Milwaukee Brewers,0.0,4.0,False,0|0|0|0|0|0|0|0|0,1|3|0|0|0|0|0|0,,,105.0,-125.0,1.5,8.5,espn,401229093,STL,MIL,regular,Kwang Hyun Kim,Adrian Houser,,,,,,,,
2021,2021-09-04,Atlanta Braves,Colorado Rockies,6.0,7.0,False,2|0|1|0|1|0|0|1|1,0|2|2|0|0|2|1|0,,,-115.0,-105.0,1.5,11.0,espn,401229080,ATL,COL,regular,Ian Anderson,German Marquez,,,,,,,,
2021,2021-09-04,Seattle Mariners,Arizona Diamondbacks,8.0,5.0,False,3|0|0|2|0|3|0|0|0,4|0|0|1|0|0|0|0|0,,,-140.0,120.0,,8.5,espn,401229092,SEA,ARI,regular,Marco Gonzales,Humberto Castellanos,,,,,,,,
2021,2021-09-04,Houston Astros,San Diego Padres,2.0,10.0,False,1|1|0|0|0|0|0|0|0,0|4|0|0|0|0|4|2,,,-105.0,-115.0,1.5,7.5,espn,401229085,HOU,SD,regular,Framber Valdez,Joe Musgrove,,,,,,,,
2021,2021-09-04,Los Angeles Dodgers,San Francisco Giants,6.0,1.0,False,3|0|0|0|0|1|0|0|2,1|0|0|0|0|0|0|0|0,,,-165.0,145.0,,8.5,espn,401229086,LAD,SF,regular,Julio Urias,Jay Jackson,,,,,,,,
2021,2021-09-04,Texas Rangers,Los Angeles Angels,1.0,4.0,False,0|0|0|0|0|0|0|0|1,0|0|1|0|0|3|0|0,,,130.0,-150.0,1.5,9.0,espn,401229094,TEX,LAA,regular,Kolby Allard,Jose Suarez,,,,,,,,
2021,2021-09-05,Baltimore Orioles,New York Yankees,8.0,7.0,False,0|1|0|1|0|2|4|0|0,0|4|0|0|1|2|0|0|0,,,270.0,-340.0,1.5,9.5,espn,401229096,BAL,NYY,regular,Keegan Akin,Corey Kluber,,,,,,,,
2021,2021-09-05,New York Mets,Washington Nationals,13.0,6.0,False,4|1|1|0|0|0|0|1|6,3|0|0|0|3|0|0|0|0,,,-130.0,110.0,,9.0,espn,401229103,NYM,WSH,regular,Taijuan Walker,Josiah Gray,,,,,,,,
2021,2021-09-05,Oakland Athletics,Toronto Blue Jays,0.0,8.0,False,0|0|0|0|0|0|0|0|0,0|3|4|1|0|0|0|0,,,180.0,-220.0,1.5,9.5,espn,401229104,OAK,TOR,regular,Cole Irvin,Robbie Ray,,,,,,,,
2021,2021-09-05,Cleveland Indians,Boston Red Sox,11.0,5.0,False,2|1|3|0|0|0|0|0|5,0|0|0|0|3|2|0|0|0,,,115.0,-135.0,1.5,10.0,espn,401229098,CLE,BOS,regular,Zach Plesac,Kutter Crawford,,,,,,,,
2021,2021-09-05,Detroit Tigers,Cincinnati Reds,4.0,1.0,False,0|0|0|0|0|3|0|1|0,0|0|0|0|0|0|0|1|0,,,190.0,-230.0,1.5,9.0,espn,401229099,DET,CIN,regular,Casey Mize,Luis Castillo,,,,,,,,
2021,2021-09-05,Minnesota Twins,Tampa Bay Rays,6.0,5.0,False,0|3|1|0|0|0|1|0|1,0|0|2|0|3|0|0|0|0,,,185.0,-225.0,1.5,9.0,espn,401229102,MIN,TB,regular,Griffin Jax,Luis Patino,,,,,,,,
2021,2021-09-05,Philadelphia Phillies,Miami Marlins,4.0,3.0,False,0|0|0|3|0|0|0|0|0|1,0|1|0|1|0|1|0|0|0|0,,,-110.0,-110.0,1.5,7.5,espn,401229105,PHI,MIA,regular,Sam Coonrod,Elieser Hernandez,,,,,,,,
2021,2021-09-05,Chicago White Sox,Kansas City Royals,0.0,6.0,False,0|0|0|0|0|0|0|0|0,3|0|1|0|0|2|0|0,,,-150.0,130.0,,8.5,espn,401229097,CHW,KC,regular,Dylan Cease,Brady Singer,,,,,,,,
2021,2021-09-05,St. Louis Cardinals,Milwaukee Brewers,5.0,6.0,False,0|0|0|3|0|0|2|0|0,0|1|0|0|0|0|0|0|5,,,195.0,-235.0,1.5,7.5,espn,401229108,STL,MIL,regular,Jon Lester,Corbin Burnes,,,,,,,,
2021,2021-09-05,Pittsburgh Pirates,Chicago Cubs,8.0,11.0,False,1|0|4|0|2|1|0|0|0,0|2|5|0|0|0|4|0,,,125.0,-145.0,1.5,9.0,espn,401229106,PIT,CHC,regular,Wil Crowe,Zach Davies,,,,,,,,
2021,2021-09-05,Atlanta Braves,Colorado Rockies,9.0,2.0,False,1|0|5|0|0|0|3|0|0,0|0|0|1|0|0|1|0|0,,,-210.0,175.0,,11.5,espn,401229095,ATL,COL,regular,Charlie Morton,Ryan Feltner,,,,,,,,
2021,2021-09-05,Texas Rangers,Los Angeles Angels,7.0,3.0,False,0|1|4|0|1|1|0|0|0,0|0|0|1|0|2|0|0|0,,,110.0,-130.0,1.5,9.5,espn,401229109,TEX,LAA,regular,Taylor Hearn,Janson Junk,,,,,,,,
2021,2021-09-05,Houston Astros,San Diego Padres,3.0,4.0,False,1|0|0|0|0|0|2|0|0,3|0|0|0|0|0|0|0|1,,,-110.0,-110.0,1.5,8.5,espn,401229100,HOU,SD,regular,Luis Garcia,Chris Paddack,,,,,,,,
2021,2021-09-05,Seattle Mariners,Arizona Diamondbacks,10.0,4.0,False,0|0|0|2|0|0|1|0|0|0|7,0|0|0|0|0|3|0|0|0|0|1,,,-130.0,110.0,,9.0,espn,401229107,SEA,ARI,regular,Chris Flexen,Tyler Gilbert,,,,,,,,
2021,2021-09-05,Los Angeles Dodgers,San Francisco Giants,4.0,6.0,False,0|1|0|0|1|0|0|0|2,1|3|2|0|0|0|0|0,,,-192.0,167.0,,8.0,espn,401229101,LAD,SF,regular,Walker Buehler,Dominic Leone,,,,,,,,
2021,2021-09-06,Tampa Bay Rays,Boston Red Sox,11.0,10.0,False,1|0|0|4|0|1|1|1|1|2,1|6|0|0|0|1|1|0|0|1,,,125.0,-145.0,1.5,9.5,espn,401229119,TB,BOS,regular,Ryan Yarbrough,Chris Sale,,,,,,,,
2021,2021-09-06,Kansas City Royals,Baltimore Orioles,3.0,2.0,False,0|0|0|0|1|0|0|2|0,0|0|1|0|1|0|0|0|0,,,-115.0,-105.0,1.5,10.0,espn,401229112,KC,BAL,regular,Kris Bubic,Zac Lowther,,,,,,,,
2021,2021-09-06,New York Mets,Washington Nationals,3.0,4.0,False,1|0|0|1|0|1|0|0|0,1|0|0|1|0|0|0|0|2,,,-125.0,105.0,,9.5,espn,401229115,NYM,WSH,regular,Trevor Williams,Patrick Corbin,,,,,,,,
2021,2021-09-06,Toronto Blue Jays,New York Yankees,8.0,0.0,False,2|0|0|0|0|0|1|0|5,0|0|0|0|0|0|0|0|0,,,115.0,-135.0,1.5,10.0,espn,401229121,TOR,NYY,regular,Hyun Jin Ryu,Jameson Taillon,,,,,,,,
2021,2021-09-06,Detroit Tigers,Pittsburgh Pirates,3.0,6.0,False,0|0|0|0|0|3|0|0|0,2|0|0|0|0|0|4|0,,,-135.0,115.0,,8.5,espn,401229111,DET,PIT,regular,Tarik Skubal,Bryse Wilson,,,,,,,,
2021,2021-09-06,Philadelphia Phillies,Milwaukee Brewers,12.0,0.0,False,2|1|0|1|0|0|0|7|1,0|0|0|0|0|0|0|0|0,,,120.0,-140.0,1.5,7.0,espn,401229116,PHI,MIL,regular,Zack Wheeler,Brandon Woodruff,,,,,,,,
2021,2021-09-06,Cincinnati Reds,Chicago Cubs,3.0,4.0,False,0|0|0|0|0|3|0|0|0,3|0|0|0|0|0|0|1,,,-165.0,145.0,,8.0,espn,401229110,CIN,CHC,regular,Sonny Gray,Justin Steele,,,,,,,,
2021,2021-09-06,San Francisco Giants,Colorado Rockies,10.0,5.0,False,2|0|0|2|4|2|0|0|0,0|1|0|0|0|1|1|2|0,,,-150.0,130.0,,10.5,espn,401229118,SF,COL,regular,Kevin Gausman,Kyle Freeland,,,,,,,,
2021,2021-09-06,Los Angeles Dodgers,St. Louis Cardinals,5.0,1.0,False,4|0|1|0|0|0|0|0|0,0|0|0|0|0|1|0|0|0,,,-225.0,185.0,,7.5,espn,401229113,LAD,STL,regular,Max Scherzer,Miles Mikolas,,,,,,,,
2021,2021-09-06,Minnesota Twins,Cleveland Indians,5.0,2.0,False,2|0|1|0|1|1|0|0|0,0|0|0|2|0|0|0|0|0,,,-130.0,110.0,,9.5,espn,401229114,MIN,CLE,regular,Bailey Ober,Logan Allen,,,,,,,,
2021,2021-09-06,Seattle Mariners,Houston Astros,2.0,11.0,False,0|0|2|0|0|0|0|0|0,0|6|0|0|2|3|0|0,,,145.0,-165.0,1.5,8.5,espn,401229117,SEA,HOU,regular,Yusei Kikuchi,Lance McCullers Jr.,,,,,,,,
2021,2021-09-06,Texas Rangers,Los Angeles Angels,4.0,0.0,False,1|1|0|0|0|0|1|0|1,0|0|0|0|0|0|0|0|0,,,120.0,-140.0,1.5,9.0,espn,401229120,TEX,LAA,regular,A.J. Alexy,Jaime Barria,,,,,,,,
2021,2021-09-07,Minnesota Twins,Cleveland Indians,3.0,0.0,False,0|0|0|0|1|0|1|0|1,0|0|0|0|0|0|0|0|0,,,110.0,-130.0,1.5,9.5,espn,401229128,MIN,CLE,regular,John Gant,Aaron Civale,,,,,,,,
2021,2021-09-07,Detroit Tigers,Pittsburgh Pirates,2.0,3.0,False,0|0|2|0|0|0|0|0|0,1|0|0|0|0|2|0|0,,,-105.0,-115.0,1.5,9.0,espn,401229125,DET,PIT,regular,Wily Peralta,Dillon Peters,,,,,,,,
2021,2021-09-07,New York Mets,Miami Marlins,9.0,4.0,False,2|0|2|0|0|3|0|1|1,1|1|2|0|0|0|0|0|0,,,-175.0,155.0,,7.5,espn,401229129,NYM,MIA,regular,Carlos Carrasco,Edward Cabrera,,,,,,,,
2021,2021-09-07,Kansas City Royals,Baltimore Orioles,3.0,7.0,False,0|0|1|1|0|0|0|1|0,4|0|2|0|0|0|1|0,,,-125.0,105.0,,10.0,espn,401229126,KC,BAL,regular,Jackson Kowar,Alexander Wells,,,,,,,,
2021,2021-09-07,Toronto Blue Jays,New York Yankees,5.0,1.0,False,0|1|0|2|1|0|0|1|0,0|0|1|0|0|0|0|0|0,,,205.0,-245.0,1.5,8.0,espn,401229135,TOR,NYY,regular,Steven Matz,Gerrit Cole,,,,,,,,
2021,2021-09-07,Tampa Bay Rays,Boston Red Sox,12.0,7.0,False,0|3|2|1|1|1|4|0|0,0|1|0|0|0|0|0|4|2,,,-105.0,-115.0,1.5,9.5,espn,401229133,TB,BOS,regular,Drew Rasmussen,Eduardo Rodriguez,,,,,,,,
2021,2021-09-07,Washington Nationals,Atlanta Braves,5.0,8.0,False,1|0|0|0|0|0|4|0|0,3|0|1|1|0|0|2|1,,,220.0,-270.0,1.5,9.0,espn,401229136,WSH,ATL,regular,Paolo Espino,Max Fried,,,,,,,,
2021,2021-09-07,Cincinnati Reds,Chicago Cubs,4.0,3.0,False,2|0|0|0|0|0|0|2|0,0|0|1|0|0|0|0|2|0,,,-150.0,130.0,,9.5,espn,401229124,CIN,CHC,regular,Wade Miley,Adrian Sampson,,,,,,,,
2021,2021-09-07,Philadelphia Phillies,Milwaukee Brewers,0.0,10.0,False,0|0|0|0|0|0|0|0|0,0|0|3|0|0|3|2|2,,,-105.0,-115.0,1.5,8.5,espn,401229130,PHI,MIL,regular,Aaron Nola,Eric Lauer,,,,,,,,
2021,2021-09-07,Los Angeles Dodgers,St. Louis Cardinals,7.0,2.0,False,1|0|0|2|1|1|0|0|2,1|0|1|0|0|0|0|0|0,,,-150.0,130.0,,9.0,espn,401229127,LAD,STL,regular,Corey Knebel,J.A. Happ,,,,,,,,
2021,2021-09-07,Seattle Mariners,Houston Astros,4.0,5.0,False,0|0|0|0|2|1|0|0|1|0,0|0|2|0|0|0|0|0|2|1,,,155.0,-175.0,1.5,8.5,espn,401229131,SEA,HOU,regular,Logan Gilbert,Jake Odorizzi,,,,,,,,
2021,2021-09-07,San Francisco Giants,Colorado Rockies,12.0,3.0,False,3|2|0|0|3|0|3|0|1,0|0|0|1|0|0|2|0|0,,,-250.0,210.0,,12.0,espn,401229132,SF,COL,regular,Logan Webb,Chi Chi Gonzalez,,,,,,,,
2021,2021-09-07,Chicago White Sox,Oakland Athletics,6.0,3.0,False,1|0|0|0|3|0|0|2|0,1|0|0|0|0|0|0|2|0,,,110.0,-130.0,1.5,9.0,espn,401229123,CHW,OAK,regular,Jimmy Lambert,James Kaprielian,,,,,,,,
2021,2021-09-07,Texas Rangers,Arizona Diamondbacks,3.0,1.0,False,0|0|0|3|0|0|0|0|0,0|0|1|0|0|0|0|0|0,,,155.0,-175.0,1.5,8.5,espn,401229134,TEX,ARI,regular,Spencer Howard,Zac Gallen,,,,,,,,
2021,2021-09-07,Los Angeles Angels,San Diego Padres,4.0,0.0,False,0|0|0|0|0|0|2|0|2,0|0|0|0|0|0|0|0|0,,,275.0,-350.0,1.5,7.5,espn,401229122,LAA,SD,regular,Packy Naughton,Blake Snell,,,,,,,,
2021,2021-09-08,Seattle Mariners,Houston Astros,8.0,5.0,False,2|0|0|0|0|0|2|0|4,0|3|0|0|1|0|0|0|1,,,155.0,-175.0,1.5,8.5,espn,401229146,SEA,HOU,regular,Tyler Anderson,Jose Urquidy,,,,,,,,
2021,2021-09-08,San Francisco Giants,Colorado Rockies,7.0,4.0,False,0|0|0|0|0|3|0|0|4,0|0|0|0|3|1|0|0|0,,,-140.0,120.0,,11.5,espn,401229147,SF,COL,regular,Anthony DeSclafani,Jon Gray,,,,,,,,
2021,2021-09-08,Texas Rangers,Arizona Diamondbacks,8.0,5.0,False,0|0|0|3|0|2|0|3|0,0|2|0|0|0|1|0|0|2,,,130.0,-150.0,1.5,8.5,espn,401229149,TEX,ARI,regular,Kohei Arihara,Luke Weaver,,,,,,,,
2021,2021-09-08,Minnesota Twins,Cleveland Indians,3.0,0.0,False,0|0|0|0|1|0|1|1|0,0|0|0|0|0|0|0|0|0,,,110.0,-130.0,1.5,9.0,espn,401229143,MIN,CLE,regular,Joe Ryan,Triston McKenzie,,,,,,,,
2021,2021-09-08,Detroit Tigers,Pittsburgh Pirates,5.0,1.0,False,1|0|1|0|2|0|1|0|0,0|1|0|0|0|0|0|0|0,,,110.0,-130.0,1.5,9.0,espn,401229140,DET,PIT,regular,Matt Manning,Mitch Keller,,,,,,,,
2021,2021-09-08,New York Mets,Miami Marlins,1.0,2.0,False,0|0|0|0|0|0|1|0|0|0,0|1|0|0|0|0|0|0|0|1,,,-110.0,-110.0,1.5,7.0,espn,401229144,NYM,MIA,regular,Rich Hill,Sandy Alcantara,,,,,,,,
2021,2021-09-08,Kansas City Royals,Baltimore Orioles,8.0,9.0,False,1|0|1|0|2|0|1|0|3,0|0|0|0|0|0|0|9,,,-130.0,110.0,,9.5,espn,401229141,KC,BAL,regular,Mike Minor,Matt Harvey,,,,,,,,
2021,2021-09-08,Toronto Blue Jays,New York Yankees,6.0,3.0,False,0|0|0|3|0|0|1|1|1,0|0|0|0|3|0|0|0|0,,,110.0,-130.0,1.5,9.5,espn,401229150,TOR,NYY,regular,Alek Manoah,Luis Gil,,,,,,,,
2021,2021-09-08,Tampa Bay Rays,Boston Red Sox,1.0,2.0,False,0|0|0|0|0|0|0|1|0,0|0|0|0|0|0|0|2,,,-105.0,-115.0,1.5,10.0,espn,401229148,TB,BOS,regular,Shane McClanahan,Nathan Eovaldi,,,,,,,,
2021,2021-09-08,Washington Nationals,Atlanta Braves,4.0,2.0,False,1|0|0|1|0|0|1|1|0,0|0|0|1|0|1|0|0|0,,,175.0,-210.0,1.5,10.0,espn,401229151,WSH,ATL,regular,Sean Nolin,Touki Toussaint,,,,,,,,
2021,2021-09-08,Cincinnati Reds,Chicago Cubs,1.0,4.0,False,0|0|0|1|0|0|0|0|0|0,1|0|0|0|0|0|0|0|0|3,,,-115.0,-105.0,1.5,9.0,espn,401229139,CIN,CHC,regular,Vladimir Gutierrez,Alec Mills,,,,,,,,
2021,2021-09-08,Philadelphia Phillies,Milwaukee Brewers,3.0,4.0,False,1|0|2|0|0|0|0|0|0,2|1|0|0|0|1|0|0,,,145.0,-165.0,1.5,8.0,espn,401229145,PHI,MIL,regular,Kyle Gibson,Freddy Peralta,,,,,,,,
2021,2021-09-08,Los Angeles Dodgers,St. Louis Cardinals,4.0,5.0,False,1|0|0|0|0|1|0|0|2,3|0|0|1|0|0|0|1,,,-135.0,115.0,,8.0,espn,401229142,LAD,STL,regular,Mitch White,Adam Wainwright,,,,,,,,
2021,2021-09-08,Los Angeles Angels,San Diego Padres,5.0,8.0,False,0|0|0|1|0|0|2|2|0,0|8|0|0|0|0|0|0,,,235.0,-290.0,1.5,8.0,espn,401229137,LAA,SD,regular,Mike Mayers,Yu Darvish,,,,,,,,
2021,2021-09-08,Chicago White Sox,Oakland Athletics,1.0,5.0,False,0|0|0|0|1|0|0|0|0,0|1|0|1|1|2|0|0,,,140.0,-160.0,1.5,8.5,espn,401229138,CHW,OAK,regular,Dallas Keuchel,Frankie Montas,,,,,,,,
2021,2021-09-09,Los Angeles Dodgers,St. Louis Cardinals,1.0,2.0,False,0|0|1|0|0|0|0|0|0,0|1|0|0|1|0|0|0,,,-160.0,140.0,,8.5,espn,401229155,LAD,STL,regular,Tony Gonsolin,Jake Woodford,,,,,,,,
2021,2021-09-09,Chicago White Sox,Oakland Athletics,1.0,3.0,False,0|0|1|0|0|0|0|0|0,0|1|2|0|0|0|0|0,,,125.0,-145.0,1.5,8.0,espn,401229152,CHW,OAK,regular,Reynaldo Lopez,Sean Manaea,,,,,,,,
2021,2021-09-09,Minnesota Twins,Cleveland Indians,1.0,4.0,False,0|1|0|0|0|0|0|0|0,0|0|2|1|0|0|1|0,,,145.0,-165.0,1.5,9.0,espn,401229156,MIN,CLE,regular,Andrew Albers,Cal Quantrill,,,,,,,,
2021,2021-09-09,New York Mets,Miami Marlins,2.0,3.0,False,1|0|1|0|0|0|0|0|0,0|0|0|0|0|1|1|1,,,-175.0,155.0,,7.5,espn,401229157,NYM,MIA,regular,Marcus Stroman,Jesus Luzardo,,,,,,,,
2021,2021-09-09,Colorado Rockies,Philadelphia Phillies,4.0,3.0,False,0|0|0|1|0|0|0|0|3,1|0|0|0|0|1|0|0|1,,,165.0,-185.0,1.5,8.0,espn,401229153,COL,PHI,regular,Antonio Senzatela,Ranger Suarez,,,,,,,,
2021,2021-09-09,Kansas City Royals,Baltimore Orioles,6.0,0.0,False,1|0|0|0|0|0|0|3|2,0|0|0|0|0|0|0|0|0,,,100.0,-120.0,1.5,8.5,espn,401229154,KC,BAL,regular,Carlos Hernandez,John Means,,,,,,,,
2021,2021-09-09,Toronto Blue Jays,New York Yankees,6.0,4.0,False,1|0|0|0|1|0|1|1|2,0|0|0|0|0|2|0|0|2,,,100.0,-120.0,1.5,8.5,espn,401229158,TOR,NYY,regular,Jose Berrios,Nestor Cortes,,,,,,,,
2021,2021-09-09,Washington Nationals,Atlanta Braves,6.0,7.0,False,2|0|0|0|0|1|1|1|1|0,0|0|1|1|1|1|0|2|0|1,,,185.0,-225.0,1.5,9.0,espn,401229159,WSH,ATL,regular,Erick Fedde,Huascar Ynoa,,,,,,,,
2021,2021-09-10,San Francisco Giants,Chicago Cubs,6.0,1.0,False,0|0|0|0|0|1|4|1|0,0|0|0|1|0|0|0|0|0,,,-145.0,125.0,,9.5,espn,401229170,SF,CHC,regular,Dominic Leone,Kyle Hendricks,,,,,,,,
2021,2021-09-10,Washington Nationals,Pittsburgh Pirates,3.0,4.0,False,0|2|0|0|0|1|0|0|0,0|0|1|0|0|0|1|0|2,,,-130.0,110.0,,9.0,espn,401229174,WSH,PIT,regular,Josh Rogers,Steven Brault,,,,,,,,
2021,2021-09-10,Colorado Rockies,Philadelphia Phillies,11.0,2.0,False,0|3|0|1|0|0|2|0|5,0|0|0|0|0|0|0|0|2,,,130.0,-150.0,1.5,8.5,espn,401229164,COL,PHI,regular,German Marquez,Sam Coonrod,,,,,,,,
2021,2021-09-10,Toronto Blue Jays,Baltimore Orioles,3.0,6.0,False,0|0|0|0|1|2|0|0|0,3|0|0|0|0|0|3|0,,,-310.0,250.0,,9.0,espn,401229173,TOR,BAL,regular,Robbie Ray,Chris Ellis,,,,,,,,
2021,2021-09-10,Milwaukee Brewers,Cleveland Indians,10.0,3.0,False,1|0|0|2|6|1|0|0|0,2|0|0|0|0|0|0|1|0,,,-140.0,120.0,,9.0,espn,401229167,MIL,CLE,regular,Adrian Houser,Eli Morgan,,,,,,,,
2021,2021-09-10,New York Yankees,New York Mets,3.0,10.0,False,1|1|0|0|0|0|0|0|1,1|0|5|2|0|0|2|0,,,-135.0,115.0,,8.0,espn,401229168,NYY,NYM,regular,Jordan Montgomery,Tylor Megill,,,,,,,,
2021,2021-09-10,Tampa Bay Rays,Detroit Tigers,4.0,10.0,False,0|0|0|0|1|0|3|0|0,0|0|0|0|1|2|4|3,,,-160.0,140.0,,9.0,espn,401229171,TB,DET,regular,Michael Wacha,Tyler Alexander,,,,,,,,
2021,2021-09-10,Miami Marlins,Atlanta Braves,2.0,6.0,False,2|0|0|0|0|0|0|0|0,0|0|0|0|5|0|0|1,,,200.0,-240.0,1.5,8.0,espn,401229166,MIA,ATL,regular,Trevor Rogers,Ian Anderson,,,,,,,,
2021,2021-09-10,Los Angeles Angels,Houston Astros,5.0,10.0,False,1|1|0|2|1|0|0|0|0,0|0|3|6|0|0|1|0,,,170.0,-200.0,1.5,7.5,espn,401229160,LAA,HOU,regular,Shohei Ohtani,Framber Valdez,,,,,,,,
2021,2021-09-10,Boston Red Sox,Chicago White Sox,3.0,4.0,False,0|0|0|0|1|0|2|0|0,0|0|3|1|0|0|0|0,,,135.0,-155.0,1.5,8.5,espn,401229162,BOS,CHW,regular,Tanner Houck,Carlos Rodon,,,,,,,,
2021,2021-09-10,Kansas City Royals,Minnesota Twins,6.0,4.0,False,3|0|0|1|0|0|0|0|0|0|2,4|0|0|0|0|0|0|0|0|0|0,,,115.0,-135.0,1.5,9.5,espn,401229165,KC,MIN,regular,Daniel Lynch IV,Griffin Jax,,,,,,,,
2021,2021-09-10,Cincinnati Reds,St. Louis Cardinals,4.0,2.0,False,0|1|0|1|0|0|0|0|2,0|0|0|2|0|0|0|0|0,,,-130.0,110.0,,8.5,espn,401229163,CIN,STL,regular,Tyler Mahle,Jon Lester,,,,,,,,
2021,2021-09-10,Texas Rangers,Oakland Athletics,5.0,10.0,False,1|0|3|0|0|0|0|0|1,0|6|0|2|2|0|0|0,,,150.0,-170.0,1.5,8.5,espn,401229172,TEX,OAK,regular,Glenn Otto,Paul Blackburn,,,,,,,,
2021,2021-09-10,Arizona Diamondbacks,Seattle Mariners,4.0,5.0,False,0|2|1|0|0|0|0|1|0,1|2|0|0|1|1|0|0,,,135.0,-155.0,1.5,8.0,espn,401229161,ARI,SEA,regular,Madison Bumgarner,Marco Gonzales,,,,,,,,
2021,2021-09-10,San Diego Padres,Los Angeles Dodgers,0.0,3.0,False,0|0|0|0|0|0|0|0|0,0|0|2|1|0|0|0|0,,,135.0,-155.0,1.5,8.0,espn,401229169,SD,LAD,regular,Joe Musgrove,Julio Urias,,,,,,,,
2021,2021-09-11,San Francisco Giants,Chicago Cubs,15.0,4.0,False,0|5|1|0|6|0|0|2|1,1|0|2|0|0|0|0|0|1,,,-235.0,195.0,,10.5,espn,401229185,SF,CHC,regular,Kevin Gausman,Zach Davies,,,,,,,,
2021,2021-09-11,Texas Rangers,Oakland Athletics,8.0,6.0,False,0|0|0|2|0|0|0|5|1,1|1|1|3|0|0|0|0|0,,,175.0,-210.0,1.5,9.0,espn,401229187,TEX,OAK,regular,Wes Benjamin,Cole Irvin,,,,,,,,
2021,2021-09-11,Toronto Blue Jays,Baltimore Orioles,11.0,10.0,False,0|2|1|2|2|0|4,2|3|2|3|0|0|0,,,-260.0,215.0,,7.5,espn,401229188,TOR,BAL,regular,Hyun Jin Ryu,Dean Kremer,,,,,,,,
2021,2021-09-11,Colorado Rockies,Philadelphia Phillies,1.0,6.0,False,0|0|0|0|0|1|0|0|0,0|0|0|3|1|0|2|0,,,185.0,-225.0,1.5,7.5,espn,401229179,COL,PHI,regular,Kyle Freeland,Zack Wheeler,,,,,,,,
2021,2021-09-11,Milwaukee Brewers,Cleveland Indians,3.0,0.0,False,2|1|0|0|0|0|0|0|0,0|0|0|0|0|0|0|0|0,,,-180.0,160.0,,8.5,espn,401229182,MIL,CLE,regular,Corbin Burnes,Zach Plesac,,,,,,,,
2021,2021-09-11,Tampa Bay Rays,Detroit Tigers,7.0,2.0,False,0|3|0|2|1|0|0|0|1,0|0|0|1|0|0|0|0|1,,,-150.0,130.0,,9.0,espn,401229186,TB,DET,regular,Chris Archer,Casey Mize,,,,,,,,
2021,2021-09-11,Washington Nationals,Pittsburgh Pirates,7.0,10.0,False,0|0|0|3|2|0|1|1|0,0|0|2|0|3|4|1|0,,,-140.0,120.0,,9.0,espn,401229189,WSH,PIT,regular,Josiah Gray,Wil Crowe,,,,,,,,
2021,2021-09-11,Los Angeles Angels,Houston Astros,4.0,2.0,False,2|0|2|0|0|0|0|0|0,0|0|0|1|0|0|0|0|1,,,190.0,-230.0,1.5,8.5,espn,401229175,LAA,HOU,regular,Jose Suarez,Luis Garcia,,,,,,,,
2021,2021-09-11,Boston Red Sox,Chicago White Sox,9.0,8.0,False,0|0|7|0|0|0|0|1|0|1,0|2|0|5|1|0|0|0|0|0,,,155.0,-175.0,1.5,9.5,espn,401229177,BOS,CHW,regular,Connor Seabold,Dylan Cease,,,,,,,,
2021,2021-09-11,Kansas City Royals,Minnesota Twins,2.0,9.0,False,0|0|0|1|0|0|0|0|1,2|1|0|1|2|0|3|0,,,120.0,-140.0,1.5,9.0,espn,401229180,KC,MIN,regular,Brady Singer,Michael Pineda,,,,,,,,
2021,2021-09-11,Cincinnati Reds,St. Louis Cardinals,4.0,6.0,False,0|0|4|0|0|0|0|0|0,0|0|2|0|0|2|0|2,,,-120.0,100.0,,8.5,espn,401229178,CIN,STL,regular,Luis Castillo,Miles Mikolas,,,,,,,,
2021,2021-09-11,Miami Marlins,Atlanta Braves,6.0,4.0,False,2|1|0|0|0|0|0|2|1,0|0|0|0|3|0|0|0|1,,,220.0,-270.0,1.5,7.5,espn,401229181,MIA,ATL,regular,Elieser Hernandez,Charlie Morton,,,,,,,,
2021,2021-09-11,New York Yankees,New York Mets,8.0,7.0,False,0|5|0|0|0|0|0|3|0,0|3|1|0|0|2|1|0|0,,,-115.0,-105.0,1.5,8.0,espn,401229183,NYY,NYM,regular,Corey Kluber,Taijuan Walker,,,,,,,,
2021,2021-09-11,Toronto Blue Jays,Baltimore Orioles,11.0,2.0,False,0|0|0|0|0|0|11,0|0|1|0|0|0|1,,,-192.0,167.0,,8.0,espn,401345793,TOR,BAL,regular,Thomas Hatch,Keegan Akin,,,,,,,,
2021,2021-09-11,Arizona Diamondbacks,Seattle Mariners,7.0,3.0,False,1|0|0|4|0|2|0|0|0,2|0|0|1|0|0|0|0|0,,,150.0,-170.0,1.5,8.5,espn,401229176,ARI,SEA,regular,Humberto Castellanos,Chris Flexen,,,,,,,,
2021,2021-09-11,San Diego Padres,Los Angeles Dodgers,4.0,5.0,False,0|0|0|2|0|0|0|2|0,0|0|2|0|3|0|0|0,,,185.0,-225.0,1.5,7.5,espn,401229184,SD,LAD,regular,Chris Paddack,Walker Buehler,,,,,,,,
2021,2021-09-12,Tampa Bay Rays,Detroit Tigers,7.0,8.0,False,0|0|0|1|0|0|0|4|0|2|0,0|0|1|1|0|0|0|3|0|2|1,,,-150.0,130.0,,9.0,espn,401229201,TB,DET,regular,Luis Patino,Tarik Skubal,,,,,,,,
2021,2021-09-12,Colorado Rockies,Philadelphia Phillies,5.0,4.0,False,0|0|0|0|3|0|2|0|0,1|0|0|1|0|1|0|1|0,,,235.0,-290.0,1.5,9.0,espn,401229194,COL,PHI,regular,Ryan Feltner,Aaron Nola,,,,,,,,
2021,2021-09-12,Toronto Blue Jays,Baltimore Orioles,22.0,7.0,False,5|1|10|0|2|4|0|0|0,0|3|1|0|0|1|2|0|0,,,-210.0,175.0,,11.0,espn,401229203,TOR,BAL,regular,Steven Matz,Zac Lowther,,,,,,,,
2021,2021-09-12,Washington Nationals,Pittsburgh Pirates,6.0,2.0,False,0|1|0|4|0|0|1|0|0,0|1|1|0|0|0|0|0|0,,,-130.0,110.0,,9.0,espn,401229204,WSH,PIT,regular,Patrick Corbin,Bryse Wilson,,,,,,,,
2021,2021-09-12,Milwaukee Brewers,Cleveland Indians,11.0,1.0,False,1|3|3|0|0|1|0|3|0,0|0|0|0|0|1|0|0|0,,,-115.0,-105.0,1.5,9.5,espn,401229197,MIL,CLE,regular,Eric Lauer,Aaron Civale,,,,,,,,
2021,2021-09-12,Miami Marlins,Atlanta Braves,3.0,5.0,False,0|1|0|0|0|2|0|0|0,0|0|0|2|1|0|2|0,,,235.0,-290.0,1.5,8.5,espn,401229196,MIA,ATL,regular,Edward Cabrera,Max Fried,,,,,,,,
2021,2021-09-12,Los Angeles Angels,Houston Astros,1.0,3.0,False,0|0|0|0|1|0|0|0|0,1|0|0|0|2|0|0|0,,,240.0,-300.0,1.5,8.5,espn,401229190,LAA,HOU,regular,Jaime Barria,Lance McCullers Jr.,,,,,,,,
2021,2021-09-12,Boston Red Sox,Chicago White Sox,1.0,2.0,False,0|0|0|0|0|0|0|0|1,0|0|0|0|0|1|0|0|1,,,150.0,-170.0,1.5,9.0,espn,401229192,BOS,CHW,regular,Nick Pivetta,Lance Lynn,,,,,,,,
2021,2021-09-12,Kansas City Royals,Minnesota Twins,5.0,3.0,False,1|1|0|0|1|0|0|1|1,1|0|0|0|0|2|0|0|0,,,145.0,-165.0,1.5,8.5,espn,401229195,KC,MIN,regular,Kris Bubic,Bailey Ober,,,,,,,,
2021,2021-09-12,Cincinnati Reds,St. Louis Cardinals,0.0,2.0,False,0|0|0|0|0|0|0|0|0,2|0|0|0|0|0|0|0,,,-130.0,110.0,,9.0,espn,401229193,CIN,STL,regular,Sonny Gray,J.A. Happ,,,,,,,,
2021,2021-09-12,San Francisco Giants,Chicago Cubs,6.0,5.0,False,0|1|1|1|2|0|1|0|0,0|0|0|2|1|0|2|0|0,,,-225.0,185.0,,9.0,espn,401229200,SF,CHC,regular,Logan Webb,Justin Steele,,,,,,,,
2021,2021-09-12,Texas Rangers,Oakland Athletics,4.0,3.0,False,0|0|3|1|0|0|0|0|0,0|0|0|0|1|2|0|0|0,,,160.0,-180.0,1.5,8.0,espn,401229202,TEX,OAK,regular,Taylor Hearn,James Kaprielian,,,,,,,,
2021,2021-09-12,Arizona Diamondbacks,Seattle Mariners,5.0,4.0,False,0|0|1|0|0|3|1|0|0,0|0|0|1|0|1|0|0|2,,,155.0,-175.0,1.5,8.5,espn,401229191,ARI,SEA,regular,Tyler Gilbert,Yusei Kikuchi,,,,,,,,
2021,2021-09-12,San Diego Padres,Los Angeles Dodgers,0.0,8.0,False,0|0|0|0|0|0|0|0|0,0|0|0|1|1|0|4|2,,,145.0,-165.0,1.5,7.5,espn,401229199,SD,LAD,regular,Blake Snell,Max Scherzer,,,,,,,,
2021,2021-09-12,New York Yankees,New York Mets,6.0,7.0,False,2|0|0|0|0|2|2|0|0,1|3|0|0|1|1|0|1,,,100.0,-120.0,1.5,8.5,espn,401229198,NYY,NYM,regular,Clarke Schmidt,Carlos Carrasco,,,,,,,,
2021,2021-09-13,Minnesota Twins,New York Yankees,5.0,6.0,False,4|0|1|0|0|0|0|0|0|0,0|0|0|0|0|1|1|3|0|1,,,160.0,-180.0,1.5,10.0,espn,401361113,MIN,NYY,regular,John Gant,Luis Gil,,,,,,,,
2021,2021-09-13,Miami Marlins,Washington Nationals,3.0,0.0,False,1|0|0|0|0|0|0|0|2,0|0|0|0|0|0|0|0|0,,,-115.0,-105.0,1.5,7.5,espn,401229208,MIA,WSH,regular,Sandy Alcantara,Paolo Espino,,,,,,,,
2021,2021-09-13,Tampa Bay Rays,Toronto Blue Jays,1.0,8.0,False,0|0|0|0|0|0|0|0|1,0|0|0|4|3|1|0|0,,,125.0,-145.0,1.5,9.0,espn,401229210,TB,TOR,regular,Collin McHugh,Alek Manoah,,,,,,,,
2021,2021-09-13,St. Louis Cardinals,New York Mets,7.0,0.0,False,0|1|1|0|1|0|0|0|4,0|0|0|0|0|0|0|0|0,,,130.0,-150.0,1.5,8.0,espn,401229250,STL,NYM,regular,Adam Wainwright,Rich Hill,,,,,,,,
2021,2021-09-13,Houston Astros,Texas Rangers,15.0,1.0,False,3|4|2|0|0|4|1|1|0,0|0|1|0|0|0|0|0|0,,,-180.0,160.0,,9.0,espn,401229207,HOU,TEX,regular,Jake Odorizzi,Spencer Howard,,,,,,,,
2021,2021-09-13,San Diego Padres,San Francisco Giants,1.0,9.0,False,0|0|1|0|0|0|0|0|0,5|0|0|3|0|0|0|1,,,-115.0,-105.0,1.5,8.0,espn,401229209,SD,SF,regular,Yu Darvish,Dominic Leone,,,,,,,,
2021,2021-09-13,Arizona Diamondbacks,Los Angeles Dodgers,1.0,5.0,False,1|0|0|0|0|0|0|0|0,3|0|0|0|0|1|1|0,,,240.0,-300.0,1.5,8.5,espn,401229205,ARI,LAD,regular,Zac Gallen,Clayton Kershaw,,,,,,,,
2021,2021-09-13,Boston Red Sox,Seattle Mariners,4.0,5.0,False,0|0|1|0|1|0|0|2|0,1|1|0|0|0|0|3|0,,,-145.0,125.0,,8.0,espn,401229206,BOS,SEA,regular,Eduardo Rodriguez,Logan Gilbert,,,,,,,,
2021,2021-09-14,Cleveland Indians,Minnesota Twins,3.0,1.0,False,0|0|0|0|1|0|2,0|0|1|0|0|0|0,,,110.0,-130.0,1.5,6.0,espn,401340058,CLE,MIN,regular,Triston McKenzie,Joe Ryan,,,,,,,,
2021,2021-09-14,Cincinnati Reds,Pittsburgh Pirates,5.0,6.0,False,0|0|0|0|0|4|0|0|1,3|0|0|0|3|0|0|0,,,-165.0,145.0,,8.5,espn,401229215,CIN,PIT,regular,Wade Miley,Dillon Peters,,,,,,,,
2021,2021-09-14,Milwaukee Brewers,Detroit Tigers,0.0,1.0,False,0|0|0|0|0|0|0|0|0|0|0,0|0|0|0|0|0|0|0|0|0|1,,,-220.0,180.0,,9.0,espn,401229220,MIL,DET,regular,Freddy Peralta,Wily Peralta,,,,,,,,
2021,2021-09-14,Chicago Cubs,Philadelphia Phillies,6.0,3.0,False,0|0|0|0|4|0|2|0|0,1|0|0|0|0|2|0|0|0,,,167.0,-192.0,1.5,9.5,espn,401229214,CHC,PHI,regular,Adrian Sampson,Kyle Gibson,,,,,,,,
2021,2021-09-14,Miami Marlins,Washington Nationals,2.0,8.0,False,0|0|0|0|1|0|1|0|0,0|1|1|0|2|0|0|4,,,130.0,-150.0,1.5,8.5,espn,401229219,MIA,WSH,regular,Jesus Luzardo,Erick Fedde,,,,,,,,
2021,2021-09-14,New York Yankees,Baltimore Orioles,7.0,2.0,False,2|0|3|0|0|0|0|1|1,0|0|0|0|1|0|0|0|1,,,-350.0,275.0,,9.5,espn,401229221,NYY,BAL,regular,Gerrit Cole,Alexander Wells,,,,,,,,
2021,2021-09-14,Tampa Bay Rays,Toronto Blue Jays,2.0,0.0,False,0|1|0|0|0|0|0|1|0,0|0|0|0|0|0|0|0|0,,,125.0,-145.0,1.5,9.0,espn,401229225,TB,TOR,regular,Drew Rasmussen,Jose Berrios,,,,,,,,
2021,2021-09-14,St. Louis Cardinals,New York Mets,7.0,6.0,False,0|0|0|2|0|0|0|2|0|0|3,2|0|0|0|1|0|0|0|1|0|2,,,155.0,-175.0,1.5,8.0,espn,401229224,STL,NYM,regular,Jake Woodford,Marcus Stroman,,,,,,,,
2021,2021-09-14,Colorado Rockies,Atlanta Braves,5.0,4.0,False,0|2|0|0|2|1|0|0|0,1|0|0|1|0|0|0|2|0,,,167.0,-192.0,1.5,9.0,espn,401229217,COL,ATL,regular,Jon Gray,Touki Toussaint,,,,,,,,
2021,2021-09-14,Cleveland Indians,Minnesota Twins,3.0,6.0,False,0|0|3|0|0|0|0,0|0|0|4|0|2,,,110.0,-130.0,1.5,7.5,espn,401229216,CLE,MIN,regular,Logan Allen,Charlie Barnes,,,,,,,,
2021,2021-09-14,Houston Astros,Texas Rangers,1.0,8.0,False,0|0|0|0|0|0|0|0|1,2|0|2|0|0|4|0|0,,,-200.0,170.0,,9.0,espn,401229218,HOU,TEX,regular,Zack Greinke,Jordan Lyles,,,,,,,,
2021,2021-09-14,Los Angeles Angels,Chicago White Sox,3.0,9.0,False,1|0|0|2|0|0|0|0|0,0|2|4|1|2|0|0|0,,,230.0,-280.0,1.5,9.0,espn,401229211,LAA,CHW,regular,Packy Naughton,Lucas Giolito,,,,,,,,
2021,2021-09-14,Oakland Athletics,Kansas City Royals,7.0,10.0,False,2|3|1|0|1|0|0|0|0,0|0|3|1|0|4|2|0,,,-165.0,145.0,,8.5,espn,401229222,OAK,KC,regular,Frankie Montas,Jackson Kowar,,,,,,,,
2021,2021-09-14,San Diego Padres,San Francisco Giants,1.0,6.0,False,0|0|1|0|0|0|0|0|0,1|0|1|1|0|0|1|2,,,170.0,-200.0,1.5,9.0,espn,401229223,SD,SF,regular,Jake Arrieta,Anthony DeSclafani,,,,,,,,
2021,2021-09-14,Arizona Diamondbacks,Los Angeles Dodgers,4.0,8.0,False,0|0|0|0|0|1|3|0|0,1|0|3|0|1|1|2|0,,,220.0,-270.0,1.5,9.0,espn,401229212,ARI,LAD,regular,Luke Weaver,Tony Gonsolin,,,,,,,,
2021,2021-09-14,Boston Red Sox,Seattle Mariners,8.0,4.0,False,0|0|0|1|0|1|0|5|1,0|0|0|2|0|0|0|0|2,,,-135.0,115.0,,8.0,espn,401229213,BOS,SEA,regular,Nathan Eovaldi,Tyler Anderson,,,,,,,,
2021,2021-09-15,Miami Marlins,Washington Nationals,8.0,6.0,False,0|0|0|0|0|2|1|1|4,0|0|0|1|1|1|2|1|0,,,-125.0,105.0,,8.5,espn,401229234,MIA,WSH,regular,Trevor Rogers,Josh Rogers,,,,,,,,
2021,2021-09-15,Milwaukee Brewers,Detroit Tigers,1.0,4.0,False,0|1|0|0|0|0|0|0|0,0|0|0|1|2|0|1|0,,,-245.0,205.0,,8.5,espn,401229235,MIL,DET,regular,Brandon Woodruff,Matt Manning,,,,,,,,
2021,2021-09-15,Tampa Bay Rays,Toronto Blue Jays,3.0,6.0,False,0|0|0|0|1|0|0|2|0,3|0|1|0|2|0|0|0,,,155.0,-175.0,1.5,9.0,espn,401229240,TB,TOR,regular,Michael Wacha,Robbie Ray,,,,,,,,
2021,2021-09-15,Boston Red Sox,Seattle Mariners,9.0,4.0,False,1|2|0|0|0|0|0|0|0|6,0|0|3|0|0|0|0|0|0|1,,,-125.0,105.0,,8.5,espn,401229228,BOS,SEA,regular,Tanner Houck,Marco Gonzales,,,,,,,,
2021,2021-09-15,Cincinnati Reds,Pittsburgh Pirates,4.0,5.0,False,2|0|0|0|0|0|1|1|0,0|0|3|1|0|0|0|0|1,,,-130.0,110.0,,9.0,espn,401229230,CIN,PIT,regular,Vladimir Gutierrez,Mitch Keller,,,,,,,,
2021,2021-09-15,Chicago Cubs,Philadelphia Phillies,5.0,6.0,False,0|0|0|0|2|0|0|2|1,0|0|0|3|1|0|0|1|1,,,175.0,-210.0,1.5,9.0,espn,401229229,CHC,PHI,regular,Alec Mills,Ranger Suarez,,,,,,,,
2021,2021-09-15,New York Yankees,Baltimore Orioles,4.0,3.0,False,0|0|2|0|0|0|0|0|2,0|0|0|0|0|1|0|2|0,,,-160.0,140.0,,10.0,espn,401229236,NYY,BAL,regular,Nestor Cortes,John Means,,,,,,,,
2021,2021-09-15,St. Louis Cardinals,New York Mets,11.0,4.0,False,5|0|0|1|0|0|2|3|0,0|1|1|0|0|1|1|0|0,,,150.0,-170.0,1.5,8.5,espn,401229239,STL,NYM,regular,Jon Lester,Tylor Megill,,,,,,,,
2021,2021-09-15,Colorado Rockies,Atlanta Braves,3.0,2.0,False,0|0|0|0|2|0|0|0|0|1,0|1|0|0|1|0|0|0|0|0,,,180.0,-220.0,1.5,8.5,espn,401229232,COL,ATL,regular,Antonio Senzatela,Huascar Ynoa,,,,,,,,
2021,2021-09-15,Cleveland Indians,Minnesota Twins,12.0,3.0,False,0|0|0|1|4|0|5|1|1,0|0|0|0|0|0|3|0|0,,,-105.0,-115.0,1.5,9.0,espn,401229231,CLE,MIN,regular,Cal Quantrill,Griffin Jax,,,,,,,,
2021,2021-09-15,Houston Astros,Texas Rangers,7.0,2.0,False,0|3|0|2|1|0|0|1|0,0|0|1|0|0|0|0|0|1,,,-192.0,167.0,,9.0,espn,401229233,HOU,TEX,regular,Jose Urquidy,Kohei Arihara,,,,,,,,
2021,2021-09-15,Los Angeles Angels,Chicago White Sox,3.0,2.0,False,0|0|1|0|0|1|0|1|0,0|0|0|1|0|1|0|0|0,,,185.0,-225.0,1.5,9.0,espn,401229226,LAA,CHW,regular,Janson Junk,Dallas Keuchel,,,,,,,,
2021,2021-09-15,Oakland Athletics,Kansas City Royals,12.0,10.0,False,0|2|1|2|3|0|4|0|0,1|0|0|3|1|0|1|3|1,,,-140.0,120.0,,8.5,espn,401229237,OAK,KC,regular,Sean Manaea,Carlos Hernandez,,,,,,,,
2021,2021-09-15,San Diego Padres,San Francisco Giants,9.0,6.0,False,2|3|0|0|0|0|2|0|2,0|1|1|0|0|1|2|0|1,,,-110.0,-110.0,1.5,8.0,espn,401229238,SD,SF,regular,Joe Musgrove,Dominic Leone,,,,,,,,
2021,2021-09-15,Arizona Diamondbacks,Los Angeles Dodgers,3.0,5.0,False,0|0|0|2|0|1|0|0|0,0|1|0|2|1|1|0|0,,,325.0,-425.0,1.5,8.0,espn,401229227,ARI,LAD,regular,Merrill Kelly,Julio Urias,,,,,,,,
2021,2021-09-16,Cincinnati Reds,Pittsburgh Pirates,1.0,0.0,False,0|0|0|0|0|0|1|0|0,0|0|0|0|0|0|0|0|0,,,-165.0,145.0,,8.0,espn,401229243,CIN,PIT,regular,Tyler Mahle,Connor Overton,,,,,,,,
2021,2021-09-16,Los Angeles Angels,Chicago White Sox,9.0,3.0,False,0|2|0|5|2|0|0|0|0,0|0|0|0|0|1|2|0|0,,,155.0,-175.0,1.5,8.5,espn,401229241,LAA,CHW,regular,Alex Cobb,Reynaldo Lopez,,,,,,,,
2021,2021-09-16,Oakland Athletics,Kansas City Royals,7.0,2.0,False,0|0|4|0|0|0|0|0|3,2|0|0|0|0|0|0|0|0,,,-125.0,105.0,,10.5,espn,401229248,OAK,KC,regular,Paul Blackburn,Daniel Lynch IV,,,,,,,,
2021,2021-09-16,San Diego Padres,San Francisco Giants,7.0,4.0,False,0|1|1|0|2|0|0|3|0,0|0|0|0|0|1|1|1|1,,,160.0,-180.0,1.5,8.0,espn,401229249,SD,SF,regular,Pierce Johnson,Kevin Gausman,,,,,,,,
2021,2021-09-16,New York Yankees,Baltimore Orioles,2.0,3.0,False,0|2|0|0|0|0|0|0|0|0,0|0|0|0|0|1|0|0|1|1,,,-235.0,195.0,,10.5,espn,401229247,NYY,BAL,regular,Jordan Montgomery,Chris Ellis,,,,,,,,
2021,2021-09-16,Chicago Cubs,Philadelphia Phillies,8.0,17.0,False,0|0|7|0|0|0|1|0|0,0|0|0|7|0|3|5|2,,,135.0,-155.0,1.5,9.0,espn,401229242,CHC,PHI,regular,Kyle Hendricks,Cam Bedrosian,,,,,,,,
2021,2021-09-16,Detroit Tigers,Tampa Bay Rays,2.0,5.0,False,0|0|0|0|1|0|0|0|1,2|0|0|0|1|2|0|0,,,170.0,-200.0,1.5,8.5,espn,401229245,DET,TB,regular,Tyler Alexander,Louis Head,,,,,,,,
2021,2021-09-16,Houston Astros,Texas Rangers,12.0,1.0,False,0|0|0|7|0|2|0|3|0,0|0|0|0|0|1|0|0|0,,,-165.0,145.0,,8.5,espn,401229246,HOU,TEX,regular,Luis Garcia,Glenn Otto,,,,,,,,
2021,2021-09-17,Cleveland Indians,New York Yankees,0.0,8.0,False,0|0|0|0|0|0|0|0|0,0|1|0|1|0|0|4|2,,,160.0,-180.0,1.5,9.5,espn,401229256,CLE,NYY,regular,Zach Plesac,Corey Kluber,,,,,,,,
2021,2021-09-17,Colorado Rockies,Washington Nationals,9.0,8.0,False,2|0|0|0|2|3|0|0|2,2|0|0|4|0|0|0|2|0,,,-120.0,100.0,,9.0,espn,401229257,COL,WSH,regular,German Marquez,Josiah Gray,,,,,,,,
2021,2021-09-17,Minnesota Twins,Toronto Blue Jays,7.0,3.0,False,0|1|5|0|0|1|0|0|0,0|2|1|0|0|0|0|0|0,,,185.0,-225.0,1.5,9.5,espn,401229260,MIN,TOR,regular,Michael Pineda,Hyun Jin Ryu,,,,,,,,
2021,2021-09-17,Baltimore Orioles,Boston Red Sox,1.0,7.0,False,0|1|0|0|0|0|0|0|0,0|2|0|1|1|3|0|0,,,270.0,-340.0,1.5,9.5,espn,401229253,BAL,BOS,regular,Keegan Akin,Chris Sale,,,,,,,,
2021,2021-09-17,Detroit Tigers,Tampa Bay Rays,4.0,7.0,False,1|2|1|0|0|0|0|0|0|0,1|0|0|0|0|0|0|0|3|3,,,180.0,-220.0,1.5,8.5,espn,401229258,DET,TB,regular,Casey Mize,Luis Patino,,,,,,,,
2021,2021-09-17,Los Angeles Dodgers,Cincinnati Reds,1.0,3.0,False,0|0|0|0|0|0|0|0|1,0|0|0|0|1|2|0|0,,,-200.0,170.0,,8.5,espn,401229259,LAD,CIN,regular,Walker Buehler,Luis Castillo,,,,,,,,
2021,2021-09-17,Philadelphia Phillies,New York Mets,4.0,3.0,False,0|1|0|0|1|0|1|1|0,0|0|0|1|0|0|0|2|0,,,-135.0,115.0,,7.5,espn,401229262,PHI,NYM,regular,Zack Wheeler,Taijuan Walker,,,,,,,,
2021,2021-09-17,Pittsburgh Pirates,Miami Marlins,2.0,1.0,False,1|0|0|0|0|1|0|0|0,0|1|0|0|0|0|0|0|0,,,135.0,-155.0,1.5,7.5,espn,401229263,PIT,MIA,regular,Wil Crowe,Elieser Hernandez,,,,,,,,
2021,2021-09-17,Chicago White Sox,Texas Rangers,8.0,0.0,False,1|1|0|5|0|0|1|0|0,0|0|0|0|0|0|0|0|0,,,-235.0,195.0,,8.5,espn,401229254,CHW,TEX,regular,Dylan Cease,Taylor Hearn,,,,,,,,
2021,2021-09-17,Arizona Diamondbacks,Houston Astros,3.0,4.0,False,0|0|0|0|0|1|0|1|0|1,0|0|0|0|0|2|0|0|0|2,,,195.0,-235.0,1.5,9.0,espn,401229251,ARI,HOU,regular,Madison Bumgarner,Brandon Bielak,,,,,,,,
2021,2021-09-17,Chicago Cubs,Milwaukee Brewers,5.0,8.0,False,0|0|0|4|1|0|0|0|0,0|0|0|3|1|0|0|4,,,220.0,-270.0,1.5,8.0,espn,401229255,CHC,MIL,regular,Zach Davies,Adrian Houser,,,,,,,,
2021,2021-09-17,Seattle Mariners,Kansas City Royals,6.0,2.0,False,0|2|0|2|0|0|1|1|0,0|0|0|0|0|1|1|0|0,,,-125.0,105.0,,9.0,espn,401229265,SEA,KC,regular,Chris Flexen,Jonathan Heasley,,,,,,,,
2021,2021-09-17,San Diego Padres,St. Louis Cardinals,2.0,8.0,False,0|0|0|0|0|0|2|0|0,3|0|0|1|0|0|0|4,,,110.0,-130.0,1.5,9.0,espn,401229264,SD,STL,regular,Vince Velasquez,Miles Mikolas,,,,,,,,
2021,2021-09-17,Oakland Athletics,Los Angeles Angels,5.0,4.0,False,0|2|1|0|0|2|0|0|0,0|4|0|0|0|0|0|0|0,,,-130.0,120.0,,9.0,espn,401229261,OAK,LAA,regular,Cole Irvin,Jhonathan Diaz,,,,,,,,
2021,2021-09-17,Atlanta Braves,San Francisco Giants,5.0,6.0,False,2|0|0|0|0|0|0|0|3|0|0,2|1|0|1|0|0|0|0|1|0|1,,,150.0,-170.0,1.5,8.0,espn,401229252,ATL,SF,regular,Ian Anderson,Logan Webb,,,,,,,,
2021,2021-09-18,Cleveland Indians,New York Yankees,11.0,3.0,False,0|1|0|0|7|2|0|1|0,0|0|0|0|0|0|1|2|0,,,167.0,-192.0,1.5,9.5,espn,401229271,CLE,NYY,regular,Aaron Civale,Luis Gil,,,,,,,,
2021,2021-09-18,Baltimore Orioles,Boston Red Sox,3.0,9.0,False,2|1|0|0|0|0|0|0|0,3|0|0|0|1|4|1|0,,,235.0,-290.0,1.5,10.5,espn,401229268,BAL,BOS,regular,Zac Lowther,Nick Pivetta,,,,,,,,
2021,2021-09-18,Los Angeles Dodgers,Cincinnati Reds,5.0,1.0,False,0|0|0|0|3|1|0|0|1,0|0|0|0|0|0|0|0|1,,,-230.0,190.0,,8.0,espn,401229274,LAD,CIN,regular,Max Scherzer,Sonny Gray,,,,,,,,
2021,2021-09-18,Minnesota Twins,Toronto Blue Jays,2.0,6.0,False,2|0|0|0|0|0|0|0|0,0|0|0|4|0|0|2|0,,,150.0,-170.0,1.5,9.0,espn,401229275,MIN,TOR,regular,Bailey Ober,Steven Matz,,,,,,,,
2021,2021-09-18,Colorado Rockies,Washington Nationals,6.0,0.0,False,3|0|0|3|0|0|0|0|0,0|0|0|0|0|0|0|0|0,,,110.0,-130.0,1.5,9.0,espn,401229272,COL,WSH,regular,Kyle Freeland,Patrick Corbin,,,,,,,,
2021,2021-09-18,Detroit Tigers,Tampa Bay Rays,4.0,3.0,False,3|1|0|0|0|0|0|0|0,0|2|0|1|0|0|0|0|0,,,165.0,-185.0,1.5,8.5,espn,401229273,DET,TB,regular,Tarik Skubal,Ryan Yarbrough,,,,,,,,
2021,2021-09-18,Pittsburgh Pirates,Miami Marlins,6.0,3.0,False,1|0|0|2|2|0|1|0|0,0|0|0|0|2|0|0|0|1,,,115.0,-135.0,1.5,8.0,espn,401229278,PIT,MIA,regular,Bryse Wilson,Edward Cabrera,,,,,,,,
2021,2021-09-18,Chicago White Sox,Texas Rangers,1.0,2.0,False,0|0|0|0|0|1|0|0|0,0|0|0|1|0|1|0|0,,,-250.0,210.0,,8.5,espn,401229269,CHW,TEX,regular,Lance Lynn,Spencer Howard,,,,,,,,
2021,2021-09-18,Arizona Diamondbacks,Houston Astros,6.0,4.0,False,0|0|0|3|0|0|0|0|0|3,2|0|0|0|0|1|0|0|0|1,,,235.0,-290.0,1.5,8.5,espn,401229266,ARI,HOU,regular,Humberto Castellanos,Lance McCullers Jr.,,,,,,,,
2021,2021-09-18,Seattle Mariners,Kansas City Royals,1.0,8.0,False,0|0|0|0|0|0|1|0|0,2|0|1|0|1|0|0|4,,,100.0,-120.0,1.5,9.0,espn,401229280,SEA,KC,regular,Yusei Kikuchi,Kris Bubic,,,,,,,,
2021,2021-09-18,Chicago Cubs,Milwaukee Brewers,4.0,6.0,False,0|0|1|0|2|0|1|0|0,0|1|1|0|1|1|0|2,,,275.0,-350.0,1.5,7.5,espn,401229270,CHC,MIL,regular,Justin Steele,Corbin Burnes,,,,,,,,
2021,2021-09-18,Philadelphia Phillies,New York Mets,5.0,3.0,False,1|0|1|0|0|0|3|0|0,0|0|0|0|0|1|1|1|0,,,-115.0,-105.0,1.5,7.5,espn,401229277,PHI,NYM,regular,Aaron Nola,Carlos Carrasco,,,,,,,,
2021,2021-09-18,San Diego Padres,St. Louis Cardinals,2.0,3.0,False,0|0|0|2|0|0|0|0|0,0|0|0|0|0|0|0|3,,,105.0,-125.0,1.5,7.5,espn,401229279,SD,STL,regular,Yu Darvish,Adam Wainwright,,,,,,,,
2021,2021-09-18,Atlanta Braves,San Francisco Giants,0.0,2.0,False,0|0|0|0|0|0|0|0|0,0|0|0|2|0|0|0|0,,,-110.0,-110.0,1.5,7.5,espn,401229267,ATL,SF,regular,Charlie Morton,Alex Wood,,,,,,,,
2021,2021-09-18,Oakland Athletics,Los Angeles Angels,3.0,1.0,False,3|0|0|0|0|0|0|0|0,0|0|0|0|0|0|1|0|0,,,-120.0,100.0,,9.0,espn,401229276,OAK,LAA,regular,Daulton Jefferies,Jose Suarez,,,,,,,,
2021,2021-09-19,Cleveland Indians,New York Yankees,11.0,1.0,False,2|0|3|0|1|1|1|2|1,0|0|1|0|0|0|0|0|0,,,270.0,-340.0,1.5,8.5,espn,401229286,CLE,NYY,regular,Eli Morgan,Gerrit Cole,,,,,,,,
2021,2021-09-19,Colorado Rockies,Washington Nationals,0.0,3.0,False,0|0|0|0|0|0|0|0|0,1|0|1|0|0|1|0|0,,,-110.0,-110.0,1.5,9.0,espn,401229287,COL,WSH,regular,Jon Gray,Paolo Espino,,,,,,,,
2021,2021-09-19,Minnesota Twins,Toronto Blue Jays,3.0,5.0,False,0|0|0|2|0|0|1|0|0,5|0|0|0|0|0|0|0,,,195.0,-235.0,1.5,9.0,espn,401229290,MIN,TOR,regular,Luke Farrell,Jose Berrios,,,,,,,,
2021,2021-09-19,Baltimore Orioles,Boston Red Sox,6.0,8.0,False,0|0|3|0|0|0|3|0|0,3|1|1|0|0|0|3|0,,,265.0,-330.0,1.5,9.5,espn,401229283,BAL,BOS,regular,Alexander Wells,Nathan Eovaldi,,,,,,,,
2021,2021-09-19,Detroit Tigers,Tampa Bay Rays,2.0,0.0,False,0|0|0|1|0|0|1|0|0,0|0|0|0|0|0|0|0|0,,,225.0,-275.0,1.5,8.5,espn,401229288,DET,TB,regular,Wily Peralta,Shane McClanahan,,,,,,,,
2021,2021-09-19,Los Angeles Dodgers,Cincinnati Reds,8.0,5.0,False,0|3|3|0|0|0|0|0|2,0|0|0|1|0|1|0|2|1,,,-200.0,170.0,,9.0,espn,401229289,LAD,CIN,regular,Clayton Kershaw,Wade Miley,,,,,,,,
2021,2021-09-19,Pittsburgh Pirates,Miami Marlins,5.0,6.0,False,0|1|0|0|0|0|1|0|2|1,0|0|0|2|1|0|0|0|1|2,,,185.0,-225.0,1.5,7.0,espn,401229293,PIT,MIA,regular,Max Kranick,Sandy Alcantara,,,,,,,,
2021,2021-09-19,Arizona Diamondbacks,Houston Astros,6.0,7.0,False,0|0|1|4|1|0|0|0|0,3|0|0|1|0|0|0|3,,,170.0,-200.0,1.5,8.5,espn,401229281,ARI,HOU,regular,Zac Gallen,Zack Greinke,,,,,,,,
2021,2021-09-19,Chicago Cubs,Milwaukee Brewers,6.0,4.0,False,0|0|0|0|1|0|0|5|0,0|0|0|0|2|0|0|0|2,,,190.0,-230.0,1.5,9.0,espn,401229285,CHC,MIL,regular,Keegan Thompson,Eric Lauer,,,,,,,,
2021,2021-09-19,Seattle Mariners,Kansas City Royals,7.0,1.0,False,2|1|2|0|1|0|0|0|1,0|0|0|0|0|1|0|0|0,,,-125.0,105.0,,9.5,espn,401229295,SEA,KC,regular,Logan Gilbert,Jackson Kowar,,,,,,,,
2021,2021-09-19,San Diego Padres,St. Louis Cardinals,7.0,8.0,False,0|0|1|2|0|1|0|3|0,5|0|0|0|2|0|1|0,,,100.0,-120.0,1.5,9.0,espn,401229294,SD,STL,regular,Jake Arrieta,J.A. Happ,,,,,,,,
2021,2021-09-19,Chicago White Sox,Texas Rangers,7.0,2.0,False,0|0|0|5|0|0|2|0|0,0|0|0|0|1|0|0|1|0,,,-210.0,175.0,,8.5,espn,401229284,CHW,TEX,regular,Lucas Giolito,Jordan Lyles,,,,,,,,
2021,2021-09-19,Atlanta Braves,San Francisco Giants,3.0,0.0,False,0|0|0|0|0|0|3|0|0,0|0|0|0|0|0|0|0|0,,,110.0,-130.0,1.5,8.5,espn,401229282,ATL,SF,regular,Max Fried,Anthony DeSclafani,,,,,,,,
2021,2021-09-19,Oakland Athletics,Los Angeles Angels,3.0,2.0,False,0|0|1|1|0|0|0|0|0|1,0|0|0|0|0|0|0|0|2|0,,,-140.0,120.0,,8.5,espn,401229291,OAK,LAA,regular,Frankie Montas,Shohei Ohtani,,,,,,,,
2021,2021-09-19,Philadelphia Phillies,New York Mets,2.0,3.0,False,1|0|0|0|1|0|0|0|0,0|0|0|0|2|0|1|0,,,120.0,-140.0,1.5,8.5,espn,401229292,PHI,NYM,regular,Kyle Gibson,Rich Hill,,,,,,,,
2021,2021-09-20,Kansas City Royals,Cleveland Indians,7.0,2.0,False,0|2|2|1|2|0|0,0|0|0|0|2|0|0,,,140.0,-160.0,1.5,7.0,espn,401229300,KC,CLE,regular,Brady Singer,Triston McKenzie,,,,,,,,
2021,2021-09-20,Chicago White Sox,Detroit Tigers,3.0,4.0,False,0|0|3|0|0|0|0|0|0,0|0|3|0|0|0|0|1,,,-235.0,195.0,,8.5,espn,401229298,CHW,DET,regular,Carlos Rodon,Matt Manning,,,,,,,,
2021,2021-09-20,Pittsburgh Pirates,Cincinnati Reds,5.0,9.0,False,2|0|3|0|0|0|0|0|0,0|0|4|0|2|0|2|1,,,160.0,-180.0,1.5,9.5,espn,401229301,PIT,CIN,regular,Dillon Peters,Vladimir Gutierrez,,,,,,,,
2021,2021-09-20,Washington Nationals,Miami Marlins,7.0,8.0,False,2|1|0|0|3|0|1|0|0|0,0|0|3|0|1|0|3|0|0|1,,,-115.0,-105.0,1.5,8.0,espn,401229306,WSH,MIA,regular,Erick Fedde,Jesus Luzardo,,,,,,,,
2021,2021-09-20,Baltimore Orioles,Philadelphia Phillies,2.0,0.0,False,2|0|0|0|0|0|0|0|0,0|0|0|0|0|0|0|0|0,,,175.0,-210.0,1.5,8.0,espn,401229297,BAL,PHI,regular,John Means,Ranger Suarez,,,,,,,,
2021,2021-09-20,Texas Rangers,New York Yankees,3.0,4.0,False,0|0|0|0|3|0|0|0|0,0|1|3|0|0|0|0|0,,,230.0,-280.0,1.5,8.5,espn,401229304,TEX,NYY,regular,A.J. Alexy,Nestor Cortes,,,,,,,,
2021,2021-09-20,Kansas City Royals,Cleveland Indians,4.0,2.0,False,2|0|0|1|0|1|0,0|0|1|0|0|0|1,,,110.0,-130.0,1.5,7.5,espn,401346453,KC,CLE,regular,Joel Payamps,Nick Wittgren,,,,,,,,
2021,2021-09-20,Toronto Blue Jays,Tampa Bay Rays,4.0,6.0,False,0|1|0|0|1|0|0|0|2,0|0|0|0|3|1|1|1,,,-135.0,115.0,,8.0,espn,401229305,TOR,TB,regular,Robbie Ray,Shane Baz,,,,,,,,
2021,2021-09-20,St. Louis Cardinals,Milwaukee Brewers,5.0,2.0,False,2|0|0|0|0|1|1|1|0,0|2|0|0|0|0|0|0|0,,,167.0,-192.0,1.5,8.0,espn,401229303,STL,MIL,regular,Jon Lester,Freddy Peralta,,,,,,,,
2021,2021-09-20,Houston Astros,Los Angeles Angels,10.0,0.0,False,2|0|0|0|0|0|0|4|4,0|0|0|0|0|0|0|0|0,,,-220.0,180.0,,9.0,espn,401229299,HOU,LAA,regular,Framber Valdez,Jaime Barria,,,,,,,,
2021,2021-09-20,Atlanta Braves,Arizona Diamondbacks,11.0,4.0,False,0|0|2|0|7|0|0|0|2,0|0|3|0|0|0|1|0|0,,,-180.0,160.0,,9.5,espn,401229296,ATL,ARI,regular,Huascar Ynoa,Humberto Mejia,,,,,,,,
2021,2021-09-20,Seattle Mariners,Oakland Athletics,4.0,2.0,False,0|0|3|0|1|0|0|0|0,0|0|1|0|0|0|0|1|0,,,155.0,-175.0,1.5,8.5,espn,401229302,SEA,OAK,regular,Tyler Anderson,Sean Manaea,,,,,,,,
2021,2021-09-21,Chicago White Sox,Detroit Tigers,3.0,5.0,False,0|0|2|0|0|0|0|1|0,0|0|1|1|0|0|3|0,,,-165.0,145.0,,9.5,espn,401229309,CHW,DET,regular,Dallas Keuchel,Tyler Alexander,,,,,,,,
2021,2021-09-21,Kansas City Royals,Cleveland Indians,1.0,4.0,False,0|0|0|0|0|0|1|0|0,3|1|0|0|0|0|0|0,,,140.0,-160.0,1.5,9.5,espn,401229311,KC,CLE,regular,Daniel Lynch IV,Cal Quantrill,,,,,,,,
2021,2021-09-21,Pittsburgh Pirates,Cincinnati Reds,6.0,2.0,False,0|0|0|1|2|0|0|3|0,0|1|0|1|0|0|0|0|0,,,190.0,-230.0,1.5,9.0,espn,401229315,PIT,CIN,regular,Mitch Keller,Tyler Mahle,,,,,,,,
2021,2021-09-21,Washington Nationals,Miami Marlins,7.0,1.0,False,0|0|0|0|0|4|0|0|3,0|0|0|0|1|0|0|0|0,,,120.0,-140.0,1.5,8.0,espn,401229321,WSH,MIA,regular,Josh Rogers,Trevor Rogers,,,,,,,,
2021,2021-09-21,Baltimore Orioles,Philadelphia Phillies,2.0,3.0,False,0|0|0|1|0|0|0|0|0|1,0|0|0|0|0|1|0|0|0|2,,,175.0,-210.0,1.5,9.5,espn,401229308,BAL,PHI,regular,Conner Greene,Adonis Medina,,,,,,,,
2021,2021-09-21,Texas Rangers,New York Yankees,1.0,7.0,False,0|0|0|1|0|0|0|0|0,1|0|1|0|1|1|3|0,,,215.0,-260.0,1.5,8.5,espn,401229319,TEX,NYY,regular,Dane Dunning,Jordan Montgomery,,,,,,,,
2021,2021-09-21,New York Mets,Boston Red Sox,3.0,6.0,False,0|0|0|2|0|0|0|1|0,0|0|0|1|3|2|0|0,,,115.0,-135.0,1.5,9.5,espn,401229314,NYM,BOS,regular,Marcus Stroman,Eduardo Rodriguez,,,,,,,,
2021,2021-09-21,Toronto Blue Jays,Tampa Bay Rays,4.0,2.0,False,0|0|1|0|1|1|0|1|0,0|1|0|0|1|0|0|0|0,,,-115.0,-105.0,1.5,8.5,espn,401229320,TOR,TB,regular,Alek Manoah,Drew Rasmussen,,,,,,,,
2021,2021-09-21,Minnesota Twins,Chicago Cubs,9.0,5.0,False,2|0|0|3|2|0|2|0|0,1|1|1|0|0|2|0|0|0,,,105.0,-125.0,1.5,8.0,espn,401229313,MIN,CHC,regular,Griffin Jax,Alec Mills,,,,,,,,
2021,2021-09-21,St. Louis Cardinals,Milwaukee Brewers,2.0,1.0,False,1|0|0|0|0|0|0|1|0,0|0|0|0|0|0|0|1|0,,,170.0,-200.0,1.5,7.5,espn,401229318,STL,MIL,regular,Jake Woodford,Brandon Woodruff,,,,,,,,
2021,2021-09-21,Los Angeles Dodgers,Colorado Rockies,5.0,4.0,False,0|0|0|0|2|2|0|0|0|1,0|0|0|2|0|2|0|0|0|0,,,-200.0,170.0,,11.0,espn,401229312,LAD,COL,regular,Julio Urias,Antonio Senzatela,,,,,,,,
2021,2021-09-21,Houston Astros,Los Angeles Angels,10.0,5.0,False,0|3|0|0|4|3|0|0|0,0|1|0|0|0|3|0|1|0,,,-192.0,167.0,,9.0,espn,401229310,HOU,LAA,regular,Jose Urquidy,Packy Naughton,,,,,,,,
2021,2021-09-21,Atlanta Braves,Arizona Diamondbacks,6.0,1.0,False,2|0|2|0|1|0|0|0|1,0|0|1|0|0|0|0|0|0,,,-155.0,135.0,,9.5,espn,401229307,ATL,ARI,regular,Jesse Chavez,Luke Weaver,,,,,,,,
2021,2021-09-21,Seattle Mariners,Oakland Athletics,5.0,2.0,False,0|1|0|3|0|0|0|0|1,1|0|0|1|0|0|0|0|0,,,115.0,-135.0,1.5,8.5,espn,401229316,SEA,OAK,regular,Marco Gonzales,Paul Blackburn,,,,,,,,
2021,2021-09-21,San Francisco Giants,San Diego Padres,6.0,5.0,False,1|0|0|0|2|2|0|0|1,1|1|2|0|0|1|0|0|0,,,-105.0,-115.0,1.5,7.5,espn,401229317,SF,SD,regular,Kevin Gausman,Joe Musgrove,,,,,,,,
2021,2021-09-22,Toronto Blue Jays,Tampa Bay Rays,1.0,7.0,False,0|0|0|0|0|1|0|0|0,0|0|6|1|0|0|0|0,,,-115.0,-105.0,1.5,9.0,espn,401229335,TOR,TB,regular,Julian Merryweather,Luis Patino,,,,,,,,
2021,2021-09-22,Washington Nationals,Miami Marlins,7.0,5.0,False,0|1|2|1|0|0|3|0|0,0|0|0|1|0|1|0|0|3,,,115.0,-135.0,1.5,8.0,espn,401229336,WSH,MIA,regular,Josiah Gray,Elieser Hernandez,,,,,,,,
2021,2021-09-22,Baltimore Orioles,Philadelphia Phillies,3.0,4.0,False,0|0|0|0|0|1|1|1|0,0|0|0|0|0|2|2|0,,,280.0,-360.0,1.5,8.0,espn,401229323,BAL,PHI,regular,Keegan Akin,Zack Wheeler,,,,,,,,
2021,2021-09-22,Texas Rangers,New York Yankees,3.0,7.0,False,0|1|0|1|1|0|0|0|0,0|0|0|0|2|1|0|4,,,230.0,-280.0,1.5,9.0,espn,401229334,TEX,NYY,regular,Taylor Hearn,Corey Kluber,,,,,,,,
2021,2021-09-22,New York Mets,Boston Red Sox,5.0,12.0,False,0|1|0|0|1|1|1|0|1,2|4|3|1|1|1|0|0,,,160.0,-180.0,1.5,9.5,espn,401229329,NYM,BOS,regular,Taijuan Walker,Chris Sale,,,,,,,,
2021,2021-09-22,Minnesota Twins,Chicago Cubs,5.0,4.0,False,2|0|0|1|0|1|0|0|1,0|2|0|0|0|0|0|0|2,,,-115.0,-105.0,1.5,6.5,espn,401229328,MIN,CHC,regular,Joe Ryan,Kyle Hendricks,,,,,,,,
2021,2021-09-22,St. Louis Cardinals,Milwaukee Brewers,10.0,2.0,False,2|4|0|1|0|0|1|2|0,0|0|0|0|1|0|1|0|0,,,110.0,-130.0,1.5,9.0,espn,401229333,STL,MIL,regular,Miles Mikolas,Brett Anderson,,,,,,,,
2021,2021-09-22,Los Angeles Dodgers,Colorado Rockies,5.0,10.0,False,0|0|0|3|2|0|0|0|0,0|0|0|5|1|0|4|0,,,-192.0,167.0,,10.5,espn,401229327,LAD,COL,regular,Walker Buehler,German Marquez,,,,,,,,
2021,2021-09-22,Houston Astros,Los Angeles Angels,9.0,5.0,False,2|0|0|0|1|0|0|2|0|0|0|4,0|0|0|0|0|0|5|0|0|0|0|0,,,-200.0,170.0,,9.5,espn,401229325,HOU,LAA,regular,Luis Garcia,Janson Junk,,,,,,,,
2021,2021-09-22,Atlanta Braves,Arizona Diamondbacks,9.0,2.0,False,3|0|1|0|2|0|0|0|3,1|0|0|0|0|0|0|1|0,,,-170.0,150.0,,9.5,espn,401229322,ATL,ARI,regular,Ian Anderson,Merrill Kelly,,,,,,,,
2021,2021-09-22,Seattle Mariners,Oakland Athletics,4.0,1.0,False,0|0|0|2|1|0|1|0|0,0|0|0|0|1|0|0|0|0,,,125.0,-145.0,1.5,8.5,espn,401229331,SEA,OAK,regular,Chris Flexen,Cole Irvin,,,,,,,,
2021,2021-09-22,San Francisco Giants,San Diego Padres,8.0,6.0,False,3|0|0|0|0|2|3|0|0,0|0|0|0|1|0|3|0|2,,,-105.0,-115.0,1.5,9.5,espn,401229332,SF,SD,regular,Scott Kazmir,Vince Velasquez,,,,,,,,
2021,2021-09-23,Chicago White Sox,Cleveland Indians,7.0,2.0,False,1|6|0|0|0|0|0,0|0|1|1|0|0|0,,,-140.0,120.0,,6.5,espn,401332362,CHW,CLE,regular,Reynaldo Lopez,Aaron Civale,,,,,,,,
2021,2021-09-23,St. Louis Cardinals,Milwaukee Brewers,8.0,5.0,False,0|0|0|0|1|0|4|2|1,4|0|0|1|0|0|0|0|0,,,100.0,-120.0,1.5,7.5,espn,401229344,STL,MIL,regular,Adam Wainwright,Adrian Houser,,,,,,,,
2021,2021-09-23,Los Angeles Dodgers,Colorado Rockies,7.0,5.0,False,0|3|0|0|0|0|0|1|1|2,0|3|0|0|2|0|0|0|0|0,,,-270.0,220.0,,10.5,espn,401229340,LAD,COL,regular,Max Scherzer,Kyle Freeland,,,,,,,,
2021,2021-09-23,Seattle Mariners,Oakland Athletics,6.0,5.0,False,0|0|0|1|2|3|0|0|0,0|1|2|1|0|0|0|0|1,,,150.0,-170.0,1.5,8.5,espn,401229342,SEA,OAK,regular,Yusei Kikuchi,Chris Bassitt,,,,,,,,
2021,2021-09-23,Atlanta Braves,Arizona Diamondbacks,4.0,6.0,False,0|0|3|0|0|1|0|0|0,0|0|0|0|1|0|5|0,,,-200.0,170.0,,8.5,espn,401229337,ATL,ARI,regular,Charlie Morton,Madison Bumgarner,,,,,,,,
2021,2021-09-23,San Francisco Giants,San Diego Padres,6.0,7.0,False,0|2|0|0|0|3|1|0|0|0,4|0|0|0|0|2|0|0|0|1,,,-120.0,100.0,,7.5,espn,401229343,SF,SD,regular,Logan Webb,Yu Darvish,,,,,,,,
2021,2021-09-23,Chicago White Sox,Cleveland Indians,3.0,5.0,False,0|0|0|0|0|2|1,0|0|0|1|0|2|2,,,-120.0,100.0,,6.0,espn,401229338,CHW,CLE,regular,Michael Kopech,Zach Plesac,,,,,,,,
2021,2021-09-23,Washington Nationals,Cincinnati Reds,3.0,2.0,False,0|0|1|0|0|1|1|0|0,0|0|0|0|0|0|0|0|2,,,170.0,-200.0,1.5,9.0,espn,401229347,WSH,CIN,regular,Patrick Corbin,Luis Castillo,,,,,,,,
2021,2021-09-23,Pittsburgh Pirates,Philadelphia Phillies,6.0,12.0,False,0|5|1|0|0|0|0|0|0,0|0|5|0|0|3|2|2,,,230.0,-280.0,1.5,8.0,espn,401229341,PIT,PHI,regular,Connor Overton,Aaron Nola,,,,,,,,
2021,2021-09-23,Texas Rangers,Baltimore Orioles,0.0,3.0,False,0|0|0|0|0|0|0|0|0,0|0|0|1|1|0|0|1,,,-130.0,110.0,,9.0,espn,401229345,TEX,BAL,regular,Glenn Otto,Zac Lowther,,,,,,,,
2021,2021-09-23,Toronto Blue Jays,Minnesota Twins,2.0,7.0,False,0|1|0|1|0|0|0|0|0,0|0|2|0|4|0|1|0,,,-155.0,135.0,,9.5,espn,401229346,TOR,MIN,regular,Steven Matz,Michael Pineda,,,,,,,,
2021,2021-09-23,Houston Astros,Los Angeles Angels,2.0,3.0,False,0|0|0|0|0|1|0|0|1,0|0|0|1|0|2|0|0,,,-155.0,135.0,,8.5,espn,401229339,HOU,LAA,regular,Lance McCullers Jr.,Alex Cobb,,,,,,,,
2021,2021-09-24,San Diego Padres,Atlanta Braves,6.0,5.0,False,4|1|0|0|0|0|1,0|4|0|0|0|1|0,,,100.0,-120.0,1.5,8.0,espn,401348713,SD,ATL,regular,Reiss Knehr,Bryse Wilson,,,,,,,,
2021,2021-09-24,St. Louis Cardinals,Chicago Cubs,8.0,5.0,False,0|0|2|0|4|2|0,0|0|0|0|0|5|0,,,-145.0,125.0,,8.5,espn,401229359,STL,CHC,regular,J.A. Happ,Justin Steele,,,,,,,,
2021,2021-09-24,New York Yankees,Boston Red Sox,8.0,3.0,False,3|0|4|0|0|0|1|0|0,0|0|0|0|0|3|0|0|0,,,-120.0,100.0,,9.0,espn,401229354,NYY,BOS,regular,Gerrit Cole,Nathan Eovaldi,,,,,,,,
2021,2021-09-24,Pittsburgh Pirates,Philadelphia Phillies,6.0,8.0,False,0|0|0|4|0|0|2|0|0,0|0|1|1|1|2|3|0,,,195.0,-235.0,1.5,8.5,espn,401229356,PIT,PHI,regular,Sam Howard,Kyle Gibson,,,,,,,,
2021,2021-09-24,Texas Rangers,Baltimore Orioles,8.0,5.0,False,2|0|0|1|0|0|0|0|5,0|4|0|0|0|0|0|1|0,,,-110.0,-110.0,1.5,9.5,espn,401229360,TEX,BAL,regular,Spencer Howard,Alexander Wells,,,,,,,,
2021,2021-09-24,Chicago White Sox,Cleveland Indians,1.0,0.0,False,0|0|0|0|1|0|0|0|0,0|0|0|0|0|0|0|0|0,,,-120.0,100.0,,8.5,espn,401229349,CHW,CLE,regular,Dylan Cease,Shane Bieber,,,,,,,,
2021,2021-09-24,Kansas City Royals,Detroit Tigers,3.0,1.0,False,0|0|1|0|0|0|1|1|0,0|0|0|0|0|1|0|0|0,,,-110.0,-110.0,1.5,8.5,espn,401229351,KC,DET,regular,Carlos Hernandez,Casey Mize,,,,,,,,
2021,2021-09-24,Miami Marlins,Tampa Bay Rays,0.0,8.0,False,0|0|0|0|0|0|0|0|0,3|0|0|2|2|0|1|0,,,210.0,-250.0,1.5,8.5,espn,401229353,MIA,TB,regular,Edward Cabrera,David Robertson,,,,,,,,
2021,2021-09-24,Washington Nationals,Cincinnati Reds,7.0,8.0,False,1|1|2|0|0|0|0|0|3|0|0,0|0|2|0|1|3|1|0|0|0|1,,,145.0,-165.0,1.5,8.5,espn,401229362,WSH,CIN,regular,Paolo Espino,Sonny Gray,,,,,,,,
2021,2021-09-24,St. Louis Cardinals,Chicago Cubs,12.0,4.0,False,3|3|2|0|1|0|3,2|0|1|0|1|0|0,,,-180.0,160.0,,8.5,espn,401346454,STL,CHC,regular,Jack Flaherty,Zach Davies,,,,,,,,
2021,2021-09-24,New York Mets,Milwaukee Brewers,1.0,5.0,False,1|0|0|0|0|0|0|0|0,1|0|3|0|1|0|0|0,,,120.0,-140.0,1.5,8.0,espn,401229355,NYM,MIL,regular,Tylor Megill,Eric Lauer,,,,,,,,
2021,2021-09-24,San Francisco Giants,Colorado Rockies,7.0,2.0,False,1|1|0|0|0|1|4|0|0,2|0|0|0|0|0|0|0|0,,,-200.0,170.0,,12.0,espn,401229358,SF,COL,regular,Alex Wood,Peter Lambert,,,,,,,,
2021,2021-09-24,Toronto Blue Jays,Minnesota Twins,1.0,3.0,False,0|0|0|0|0|1|0|0|0,0|0|3|0|0|0|0|0,,,-160.0,140.0,,8.5,espn,401229361,TOR,MIN,regular,Jose Berrios,Bailey Ober,,,,,,,,
2021,2021-09-24,Seattle Mariners,Los Angeles Angels,6.0,5.0,False,1|0|2|0|0|1|2|0|0,0|0|0|2|0|2|1|0|0,,,-130.0,110.0,,8.5,espn,401229357,SEA,LAA,regular,Logan Gilbert,Jose Suarez,,,,,,,,
2021,2021-09-24,Houston Astros,Oakland Athletics,2.0,14.0,False,1|0|1|0|0|0|0|0|0,0|0|3|0|0|0|6|5,,,110.0,-130.0,1.5,8.5,espn,401229350,HOU,OAK,regular,Brandon Bielak,Frankie Montas,,,,,,,,
2021,2021-09-24,Los Angeles Dodgers,Arizona Diamondbacks,4.0,2.0,False,0|3|0|0|0|1|0|0|0,0|1|0|0|1|0|0|0|0,,,-245.0,205.0,,10.0,espn,401229352,LAD,ARI,regular,Tony Gonsolin,Humberto Castellanos,,,,,,,,
2021,2021-09-24,Atlanta Braves,San Diego Padres,4.0,0.0,False,1|2|0|0|0|1|0|0|0,0|0|0|0|0|0|0|0|0,,,-130.0,110.0,,8.5,espn,401229348,ATL,SD,regular,Max Fried,Reiss Knehr,,,,,,,,
2021,2021-09-25,St. Louis Cardinals,Chicago Cubs,8.0,5.0,False,0|1|0|1|0|0|3|0|3,0|0|2|2|0|0|0|0|1,,,-150.0,130.0,,10.0,espn,401229374,STL,CHC,regular,Jon Lester,Adrian Sampson,,,,,,,,
2021,2021-09-25,Pittsburgh Pirates,Philadelphia Phillies,0.0,3.0,False,0|0|0|0|0|0|0|0|0,0|0|2|0|1|0|0|0,,,230.0,-280.0,1.5,8.5,espn,401229371,PIT,PHI,regular,Wil Crowe,Ranger Suarez,,,,,,,,
2021,2021-09-25,Houston Astros,Oakland Athletics,1.0,2.0,False,0|0|0|0|0|0|1|0|0,0|0|0|0|0|0|1|0|1,,,-115.0,-105.0,1.5,8.0,espn,401229365,HOU,OAK,regular,Framber Valdez,Sean Manaea,,,,,,,,
2021,2021-09-25,New York Yankees,Boston Red Sox,5.0,3.0,False,0|0|0|0|0|1|0|4|0,0|0|1|0|1|0|0|0|1,,,-105.0,-115.0,1.5,10.0,espn,401229369,NYY,BOS,regular,Nestor Cortes,Nick Pivetta,,,,,,,,
2021,2021-09-25,Kansas City Royals,Detroit Tigers,1.0,5.0,False,0|0|0|0|1|0|0|0|0,0|0|0|0|0|3|0|2,,,110.0,-130.0,1.5,8.5,espn,401229366,KC,DET,regular,Jonathan Heasley,Tarik Skubal,,,,,,,,
2021,2021-09-25,Miami Marlins,Tampa Bay Rays,3.0,7.0,False,0|0|1|0|0|1|1|0|0,0|0|0|1|2|1|1|2,,,167.0,-192.0,1.5,7.0,espn,401229368,MIA,TB,regular,Sandy Alcantara,Shane McClanahan,,,,,,,,
2021,2021-09-25,Texas Rangers,Baltimore Orioles,2.0,3.0,False,0|0|0|0|0|0|0|1|1,0|0|0|0|0|0|3|0,,,-110.0,-110.0,1.5,8.5,espn,401229375,TEX,BAL,regular,Jordan Lyles,Chris Ellis,,,,,,,,
2021,2021-09-25,New York Mets,Milwaukee Brewers,1.0,2.0,False,0|0|0|1|0|0|0|0|0,0|0|2|0|0|0|0|0,,,175.0,-210.0,1.5,7.5,espn,401229370,NYM,MIL,regular,Rich Hill,Corbin Burnes,,,,,,,,
2021,2021-09-25,Toronto Blue Jays,Minnesota Twins,6.0,1.0,False,0|2|0|0|0|1|2|1|0,1|0|0|0|0|0|0|0|0,,,-185.0,165.0,,9.0,espn,401229376,TOR,MIN,regular,Robbie Ray,John Gant,,,,,,,,
2021,2021-09-25,Washington Nationals,Cincinnati Reds,6.0,7.0,False,1|0|3|1|0|0|1|0|0,0|2|1|0|2|0|1|0|1,,,105.0,-125.0,1.5,9.5,espn,401229377,WSH,CIN,regular,Erick Fedde,Vladimir Gutierrez,,,,,,,,
2021,2021-09-25,Atlanta Braves,San Diego Padres,10.0,8.0,False,0|0|2|0|1|4|0|0|1|2,1|2|0|0|4|1|0|0|0|0,,,-125.0,105.0,,8.5,espn,401229363,ATL,SD,regular,Huascar Ynoa,Vince Velasquez,,,,,,,,
2021,2021-09-25,Chicago White Sox,Cleveland Indians,0.0,6.0,False,0|0|0|0|0|0|0|0|0,2|0|1|0|0|3|0|0,,,-192.0,167.0,,8.5,espn,401229364,CHW,CLE,regular,Lance Lynn,Eli Morgan,,,,,,,,
2021,2021-09-25,Los Angeles Dodgers,Arizona Diamondbacks,2.0,7.0,False,0|0|0|0|0|1|0|0|1,1|1|0|1|1|0|1|2,,,-260.0,215.0,,8.5,espn,401229367,LAD,ARI,regular,Clayton Kershaw,Zac Gallen,,,,,,,,
2021,2021-09-25,San Francisco Giants,Colorado Rockies,7.0,2.0,False,1|0|0|0|3|0|0|3|0,2|0|0|0|0|0|0|0|0,,,-145.0,125.0,,11.5,espn,401229373,SF,COL,regular,Anthony DeSclafani,Jon Gray,,,,,,,,
2021,2021-09-25,Seattle Mariners,Los Angeles Angels,1.0,14.0,False,0|0|1|0|0|0|0|0|0,2|1|8|0|3|0|0|0,,,-140.0,120.0,,8.5,espn,401229372,SEA,LAA,regular,Tyler Anderson,Jaime Barria,,,,,,,,
2021,2021-09-26,Kansas City Royals,Detroit Tigers,2.0,1.0,False,1|0|0|1|0|0|0|0|0,0|0|0|0|0|0|0|0|1,,,-110.0,-110.0,1.5,9.0,espn,401229381,KC,DET,regular,Kris Bubic,Wily Peralta,,,,,,,,
2021,2021-09-26,Pittsburgh Pirates,Philadelphia Phillies,6.0,0.0,False,1|0|0|0|0|0|2|2|1,0|0|0|0|0|0|0|0|0,,,190.0,-230.0,1.5,9.0,espn,401229386,PIT,PHI,regular,Max Kranick,Hans Crouse,,,,,,,,
2021,2021-09-26,Texas Rangers,Baltimore Orioles,7.0,4.0,False,0|0|0|2|1|0|1|3|0,0|0|0|2|0|0|0|0|2,,,110.0,-130.0,1.5,8.5,espn,401229390,TEX,BAL,regular,Dane Dunning,John Means,,,,,,,,
2021,2021-09-26,Chicago White Sox,Cleveland Indians,5.0,2.0,False,1|0|2|0|0|1|0|1|0,0|0|0|0|0|0|1|1|0,,,-145.0,125.0,,8.5,espn,401229379,CHW,CLE,regular,Lucas Giolito,Triston McKenzie,,,,,,,,
2021,2021-09-26,Miami Marlins,Tampa Bay Rays,2.0,3.0,False,0|0|0|0|0|0|1|0|1,2|0|0|0|1|0|0|0,,,220.0,-270.0,1.5,8.0,espn,401229383,MIA,TB,regular,Jesus Luzardo,Shane Baz,,,,,,,,
2021,2021-09-26,Washington Nationals,Cincinnati Reds,2.0,9.0,False,0|0|0|0|1|0|0|0|1,0|0|0|0|3|4|0|2,,,160.0,-180.0,1.5,9.0,espn,401229392,WSH,CIN,regular,Josh Rogers,Tyler Mahle,,,,,,,,
2021,2021-09-26,New York Mets,Milwaukee Brewers,4.0,8.0,False,1|0|0|2|0|1|0|0|0,2|3|0|0|0|3|0|0,,,140.0,-160.0,1.5,8.0,espn,401229385,NYM,MIL,regular,Carlos Carrasco,Freddy Peralta,,,,,,,,
2021,2021-09-26,Toronto Blue Jays,Minnesota Twins,5.0,2.0,False,0|3|0|0|1|0|0|1|0,0|1|0|0|1|0|0|0|0,,,-170.0,150.0,,9.5,espn,401229391,TOR,MIN,regular,Alek Manoah,Griffin Jax,,,,,,,,
2021,2021-09-26,St. Louis Cardinals,Chicago Cubs,4.0,2.0,False,0|0|1|0|0|0|0|1|2,0|0|0|2|0|0|0|0|0,,,-150.0,130.0,,11.0,espn,401229389,STL,CHC,regular,Jake Woodford,Keegan Thompson,,,,,,,,
2021,2021-09-26,San Francisco Giants,Colorado Rockies,6.0,2.0,False,0|0|1|0|1|0|0|0|4,0|0|0|0|1|0|1|0|0,,,-165.0,145.0,,11.5,espn,401229388,SF,COL,regular,Kevin Gausman,Antonio Senzatela,,,,,,,,
2021,2021-09-26,Houston Astros,Oakland Athletics,3.0,4.0,False,0|0|0|0|1|2|0|0|0,0|1|0|0|0|0|2|0|1,,,-115.0,-105.0,1.5,9.0,espn,401229380,HOU,OAK,regular,Jake Odorizzi,Paul Blackburn,,,,,,,,
2021,2021-09-26,Seattle Mariners,Los Angeles Angels,5.0,1.0,False,0|0|0|0|0|0|1|4|0,0|1|0|0|0|0|0|0|0,,,110.0,-130.0,1.5,8.5,espn,401229387,SEA,LAA,regular,Marco Gonzales,Shohei Ohtani,,,,,,,,
2021,2021-09-26,Atlanta Braves,San Diego Padres,4.0,3.0,False,0|1|0|2|0|1|0|0|0,0|0|0|0|3|0|0|0|0,,,105.0,-125.0,1.5,8.0,espn,401229378,ATL,SD,regular,Jesse Chavez,Joe Musgrove,,,,,,,,
2021,2021-09-26,Los Angeles Dodgers,Arizona Diamondbacks,3.0,0.0,False,2|0|1|0|0|0|0|0|0,0|0|0|0|0|0|0|0|0,,,-280.0,230.0,,9.0,espn,401229382,LAD,ARI,regular,Julio Urias,Humberto Mejia,,,,,,,,
2021,2021-09-26,New York Yankees,Boston Red Sox,6.0,3.0,False,0|0|0|0|2|0|0|4|0,0|0|0|1|0|0|2|0|0,,,-110.0,-110.0,1.5,9.5,espn,401229384,NYY,BOS,regular,Jordan Montgomery,Eduardo Rodriguez,,,,,,,,
2021,2021-09-27,Chicago White Sox,Detroit Tigers,8.0,7.0,False,0|0|0|6|0|0|2|0|0,0|1|0|0|1|0|0|5|0,,,-150.0,130.0,,9.5,espn,401373110,CHW,DET,regular,Dallas Keuchel,Matt Manning,,,,,,,,
2021,2021-09-27,Pittsburgh Pirates,Cincinnati Reds,1.0,13.0,False,0|0|0|0|1|0|0|0|0,4|0|0|4|0|3|2|0,,,155.0,-175.0,1.5,9.5,espn,401373188,PIT,CIN,regular,Connor Overton,Reiver Sanmartin,,,,,,,,
2021,2021-09-27,Kansas City Royals,Cleveland Indians,3.0,8.0,False,1|0|2|0|0|0|0|0|0,2|1|1|0|1|1|0|2,,,155.0,-175.0,1.5,9.5,espn,401373189,KC,CLE,regular,Jackson Kowar,Cal Quantrill,,,,,,,,
2021,2021-09-27,Washington Nationals,Colorado Rockies,5.0,4.0,False,0|0|0|3|1|0|0|0|1,0|0|0|0|0|3|0|0|1,,,125.0,-145.0,1.5,11.5,espn,401229394,WSH,COL,regular,Josiah Gray,German Marquez,,,,,,,,
2021,2021-09-27,Oakland Athletics,Seattle Mariners,4.0,13.0,False,3|0|0|1|0|0|0|0|0,0|0|3|5|0|3|2|0,,,105.0,-125.0,1.5,8.5,espn,401229393,OAK,SEA,regular,Cole Irvin,Chris Flexen,,,,,,,,
2021,2021-09-28,Miami Marlins,New York Mets,2.0,5.0,False,0|0|0|2|0|0|0,1|0|2|0|0|2,,,175.0,-210.0,1.5,5.5,espn,401362373,MIA,NYM,regular,Zach Thompson,Marcus Stroman,,,,,,,,
2021,2021-09-28,Chicago Cubs,Pittsburgh Pirates,6.0,8.0,False,0|0|3|0|3|0|0|0|0,3|0|0|0|0|4|1|0,,,-110.0,-110.0,1.5,8.5,espn,401229398,CHC,PIT,regular,Alec Mills,Mitch Keller,,,,,,,,
2021,2021-09-28,Boston Red Sox,Baltimore Orioles,2.0,4.0,False,0|1|0|0|0|1|0|0|0,0|0|0|0|0|3|0|1,,,-270.0,220.0,,9.5,espn,401229397,BOS,BAL,regular,Chris Sale,Bruce Zimmermann,,,,,,,,
2021,2021-09-28,New York Yankees,Toronto Blue Jays,7.0,2.0,False,0|0|1|0|2|0|3|0|1,1|0|0|1|0|0|0|0|0,,,110.0,-130.0,1.5,9.0,espn,401229404,NYY,TOR,regular,Jameson Taillon,Hyun Jin Ryu,,,,,,,,
2021,2021-09-28,Miami Marlins,New York Mets,1.0,2.0,False,0|1|0|0|0|0|0|0|0,0|0|0|0|1|0|0|0|1,,,125.0,-145.0,1.5,6.0,espn,401229402,MIA,NYM,regular,Trevor Rogers,Noah Syndergaard,,,,,,,,
2021,2021-09-28,Philadelphia Phillies,Atlanta Braves,1.0,2.0,False,0|0|0|0|0|0|0|0|1,0|0|2|0|0|0|0|0,,,100.0,-120.0,1.5,7.5,espn,401229406,PHI,ATL,regular,Zack Wheeler,Charlie Morton,,,,,,,,
2021,2021-09-28,Detroit Tigers,Minnesota Twins,2.0,3.0,False,0|0|0|0|0|0|0|0|2,0|0|1|0|0|0|2|0,,,135.0,-145.0,1.5,9.5,espn,401229401,DET,MIN,regular,Tyler Alexander,Charlie Barnes,,,,,,,,
2021,2021-09-28,Milwaukee Brewers,St. Louis Cardinals,2.0,6.0,False,0|0|0|2|0|0|0|0|0,0|0|0|2|2|1|1|0,,,-120.0,100.0,,7.0,espn,401229403,MIL,STL,regular,Brandon Woodruff,Adam Wainwright,,,,,,,,
2021,2021-09-28,Los Angeles Angels,Texas Rangers,2.0,5.0,False,0|2|0|0|0|0|0|0|0,0|4|0|0|0|0|1|0,,,100.0,-120.0,1.5,9.0,espn,401229395,LAA,TEX,regular,Packy Naughton,A.J. Alexy,,,,,,,,
2021,2021-09-28,Cincinnati Reds,Chicago White Sox,1.0,7.0,False,0|0|0|0|1|0|0|0|0,1|1|0|1|0|2|0|2,,,150.0,-170.0,1.5,9.0,espn,401229399,CIN,CHW,regular,Riley O'Brien,Reynaldo Lopez,,,,,,,,
2021,2021-09-28,Cleveland Indians,Kansas City Royals,4.0,6.0,False,3|0|0|0|0|0|0|1|0,2|0|0|1|0|1|0|2,,,-125.0,105.0,,9.0,espn,401229400,CLE,KC,regular,Aaron Civale,Brady Singer,,,,,,,,
2021,2021-09-28,Tampa Bay Rays,Houston Astros,3.0,4.0,False,2|0|0|0|0|0|0|0|1,0|0|0|0|0|1|0|1|2,,,115.0,-135.0,1.5,9.0,espn,401229408,TB,HOU,regular,Michael Wacha,Jose Urquidy,,,,,,,,
2021,2021-09-28,Washington Nationals,Colorado Rockies,1.0,3.0,False,0|0|0|0|0|0|1|0|0,0|0|0|1|1|0|1|0,,,115.0,-135.0,1.5,11.5,espn,401229409,WSH,COL,regular,Patrick Corbin,Kyle Freeland,,,,,,,,
2021,2021-09-28,Arizona Diamondbacks,San Francisco Giants,4.0,6.0,False,0|0|1|0|0|0|1|2|0,1|0|0|0|0|4|1|0,,,215.0,-260.0,1.5,8.0,espn,401229396,ARI,SF,regular,Luke Weaver,Logan Webb,,,,,,,,
2021,2021-09-28,San Diego Padres,Los Angeles Dodgers,1.0,2.0,False,0|0|0|0|0|0|0|0|1,1|0|1|0|0|0|0|0,,,167.0,-192.0,1.5,7.5,espn,401229407,SD,LAD,regular,Yu Darvish,Walker Buehler,,,,,,,,
2021,2021-09-28,Oakland Athletics,Seattle Mariners,2.0,4.0,False,0|0|0|1|0|0|1|0|0,0|0|0|2|0|1|1|0,,,-115.0,-105.0,1.5,8.0,espn,401229405,OAK,SEA,regular,Chris Bassitt,Tyler Anderson,,,,,,,,
2021,2021-09-29,Washington Nationals,Colorado Rockies,5.0,10.0,False,2|0|3|0|0|0|0|0|0,4|0|2|0|3|0|0|1,,,105.0,-125.0,1.5,11.5,espn,401229424,WSH,COL,regular,Paolo Espino,Peter Lambert,,,,,,,,
2021,2021-09-29,Chicago Cubs,Pittsburgh Pirates,3.0,2.0,False,0|0|0|0|1|0|2|0|0,0|0|0|0|0|2|0|0|0,,,-125.0,105.0,,8.5,espn,401229413,CHC,PIT,regular,Kyle Hendricks,Roansy Contreras,,,,,,,,
2021,2021-09-29,New York Yankees,Toronto Blue Jays,5.0,6.0,False,0|0|0|0|2|1|2|0|0,2|1|1|0|1|0|0|1,,,-120.0,100.0,,8.5,espn,401229419,NYY,TOR,regular,Gerrit Cole,Jose Berrios,,,,,,,,
2021,2021-09-29,Boston Red Sox,Baltimore Orioles,6.0,0.0,False,0|1|0|0|0|2|0|2|1,0|0|0|0|0|0|0|0|0,,,-280.0,230.0,,9.5,espn,401229412,BOS,BAL,regular,Nathan Eovaldi,Zac Lowther,,,,,,,,
2021,2021-09-29,Miami Marlins,New York Mets,3.0,2.0,False,0|0|0|0|0|0|0|3|0,0|0|0|1|1|0|0|0|0,,,155.0,-175.0,1.5,7.5,espn,401229417,MIA,NYM,regular,Elieser Hernandez,Taijuan Walker,,,,,,,,
2021,2021-09-29,Philadelphia Phillies,Atlanta Braves,2.0,7.0,False,0|1|0|0|0|1|0|0|0,2|0|1|0|0|0|4|0,,,125.0,-145.0,1.5,8.0,espn,401229421,PHI,ATL,regular,Aaron Nola,Max Fried,,,,,,,,
2021,2021-09-29,Detroit Tigers,Minnesota Twins,2.0,5.0,False,0|0|0|1|0|0|0|0|1,3|0|0|0|0|0|0|2,,,155.0,-175.0,1.5,8.5,espn,401229416,DET,MIN,regular,Casey Mize,Michael Pineda,,,,,,,,
2021,2021-09-29,Milwaukee Brewers,St. Louis Cardinals,4.0,0.0,False,1|0|0|0|0|2|1|0|0,0|0|0|0|0|0|0|0|0,,,-105.0,-115.0,1.5,7.5,espn,401229418,MIL,STL,regular,Adrian Houser,Miles Mikolas,,,,,,,,
2021,2021-09-29,Los Angeles Angels,Texas Rangers,7.0,2.0,False,1|1|0|0|0|4|0|0|1,0|0|0|2|0|0|0|0|0,,,105.0,-125.0,1.5,8.5,espn,401229410,LAA,TEX,regular,Janson Junk,Taylor Hearn,,,,,,,,
2021,2021-09-29,Cincinnati Reds,Chicago White Sox,1.0,6.0,False,0|0|0|0|0|0|0|0|1,0|0|2|2|1|0|1|0,,,165.0,-185.0,1.5,7.5,espn,401229414,CIN,CHW,regular,Sonny Gray,Carlos Rodon,,,,,,,,
2021,2021-09-29,Cleveland Indians,Kansas City Royals,5.0,10.0,False,1|0|1|2|1|0|0|0|0,3|2|0|0|0|0|3|2,,,-120.0,100.0,,9.0,espn,401229415,CLE,KC,regular,Zach Plesac,Daniel Lynch IV,,,,,,,,
2021,2021-09-29,Tampa Bay Rays,Houston Astros,7.0,0.0,False,0|3|0|0|3|0|0|1|0,0|0|0|0|0|0|0|0|0,,,125.0,-145.0,1.5,9.0,espn,401229423,TB,HOU,regular,Drew Rasmussen,Luis Garcia,,,,,,,,
2021,2021-09-29,Arizona Diamondbacks,San Francisco Giants,0.0,1.0,False,0|0|0|0|0|0|0|0|0,0|0|0|0|0|0|1|0,,,220.0,-270.0,1.5,8.0,espn,401229411,ARI,SF,regular,Merrill Kelly,Alex Wood,,,,,,,,
2021,2021-09-29,San Diego Padres,Los Angeles Dodgers,9.0,11.0,False,0|1|2|2|0|1|3|0|0,4|1|0|0|0|0|1|5,,,260.0,-320.0,1.5,8.0,espn,401229422,SD,LAD,regular,Ryan Weathers,Max Scherzer,,,,,,,,
2021,2021-09-29,Oakland Athletics,Seattle Mariners,2.0,4.0,False,0|0|0|0|0|1|1|0|0,0|0|0|0|0|2|1|1,,,-105.0,-115.0,1.5,7.5,espn,401229420,OAK,SEA,regular,Frankie Montas,Logan Gilbert,,,,,,,,
2021,2021-09-30,Milwaukee Brewers,St. Louis Cardinals,3.0,4.0,False,0|0|1|2|0|0|0|0|0,0|1|1|0|0|2|0|0,,,100.0,-120.0,1.5,8.5,espn,401229432,MIL,STL,regular,Brett Anderson,J.A. Happ,,,,,,,,
2021,2021-09-30,Los Angeles Angels,Texas Rangers,6.0,7.0,False,5|0|0|0|1|0|0|0|0,0|0|3|0|2|0|0|2,,,-150.0,130.0,,8.0,espn,401229425,LAA,TEX,regular,Alex Cobb,Glenn Otto,,,,,,,,
2021,2021-09-30,Chicago Cubs,Pittsburgh Pirates,9.0,0.0,False,1|6|0|0|2|0|0|0|0,0|0|0|0|0|0|0|0|0,,,-115.0,-105.0,1.5,8.5,espn,401229428,CHC,PIT,regular,Justin Steele,Miguel Yajure,,,,,,,,
2021,2021-09-30,Boston Red Sox,Baltimore Orioles,2.0,6.0,False,1|0|0|0|0|0|1|0|0,0|0|3|0|0|3|0|0,,,-225.0,185.0,,10.0,espn,401229427,BOS,BAL,regular,Nick Pivetta,Alexander Wells,,,,,,,,
2021,2021-09-30,New York Yankees,Toronto Blue Jays,6.0,2.0,False,1|0|0|0|0|4|0|0|1,0|1|0|0|1|0|0|0|0,,,125.0,-145.0,1.5,8.5,espn,401229433,NYY,TOR,regular,Corey Kluber,Robbie Ray,,,,,,,,
2021,2021-09-30,Miami Marlins,New York Mets,3.0,12.0,False,0|0|2|1|0|0|0|0|0,0|1|1|4|0|0|0|6,,,175.0,-210.0,1.5,7.5,espn,401229431,MIA,NYM,regular,Edward Cabrera,Rich Hill,,,,,,,,
2021,2021-09-30,Tampa Bay Rays,Houston Astros,2.0,3.0,False,0|0|0|0|0|2|0|0|0,0|0|0|3|0|0|0|0,,,130.0,-150.0,1.5,8.5,espn,401229436,TB,HOU,regular,Collin McHugh,Lance McCullers Jr.,,,,,,,,
2021,2021-09-30,Philadelphia Phillies,Atlanta Braves,3.0,5.0,False,0|0|0|0|0|0|2|1|0,1|0|0|2|2|0|0|0,,,140.0,-160.0,1.5,8.5,espn,401229434,PHI,ATL,regular,Kyle Gibson,Ian Anderson,,,,,,,,
2021,2021-09-30,Detroit Tigers,Minnesota Twins,10.0,7.0,False,0|0|1|4|1|0|0|3|1,1|0|3|1|0|1|1|0|0,,,160.0,-180.0,1.5,8.5,espn,401229430,DET,MIN,regular,Tarik Skubal,Joe Ryan,,,,,,,,
2021,2021-09-30,Cleveland Indians,Kansas City Royals,6.0,1.0,False,0|0|2|0|0|1|2|0|1,0|1|0|0|0|0|0|0|0,,,-155.0,135.0,,8.5,espn,401229429,CLE,KC,regular,Shane Bieber,Angel Zerpa,,,,,,,,
2021,2021-09-30,Arizona Diamondbacks,San Francisco Giants,4.0,5.0,False,3|0|0|0|1|0|0|0|0,1|0|1|1|1|0|0|0|1,,,185.0,-225.0,1.5,8.5,espn,401229426,ARI,SF,regular,Madison Bumgarner,Scott Kazmir,,,,,,,,
2021,2021-09-30,San Diego Padres,Los Angeles Dodgers,3.0,8.0,False,0|1|0|0|2|0|0|0|0,2|0|0|2|0|3|1|0,,,205.0,-245.0,1.5,9.0,espn,401229435,SD,LAD,regular,Vince Velasquez,Tony Gonsolin,,,,,,,,
2021,2021-10-01,Cincinnati Reds,Pittsburgh Pirates,2.0,9.0,False,0|0|0|0|0|0|0|1|1,1|0|0|0|0|0|0|8,,,-200.0,170.0,,8.5,espn,401229441,CIN,PIT,regular,Luis Castillo,Wil Crowe,,,,,,,,
2021,2021-10-01,Boston Red Sox,Washington Nationals,4.0,2.0,False,0|0|0|0|0|4|0|0|0,0|0|0|0|0|0|1|1|0,,,-200.0,170.0,,9.0,espn,401229439,BOS,WSH,regular,Eduardo Rodriguez,Josh Rogers,,,,,,,,
2021,2021-10-01,Tampa Bay Rays,New York Yankees,4.0,3.0,False,1|1|0|0|0|0|0|0|2,1|0|0|0|0|0|0|0|2,,,110.0,-130.0,1.5,8.5,espn,401229451,TB,NYY,regular,Shane McClanahan,Nestor Cortes,,,,,,,,
2021,2021-10-01,Baltimore Orioles,Toronto Blue Jays,4.0,6.0,False,0|0|0|0|0|0|0|4|0,0|0|2|0|0|4|0|0,,,290.0,-370.0,1.5,10.0,espn,401229438,BAL,TOR,regular,Thomas Eshelman,Steven Matz,,,,,,,,
2021,2021-10-01,Philadelphia Phillies,Miami Marlins,5.0,0.0,False,0|0|3|0|1|0|0|0|1,0|0|0|0|0|0|0|0|0,,,-120.0,100.0,,6.5,espn,401229449,PHI,MIA,regular,Ranger Suarez,Sandy Alcantara,,,,,,,,
2021,2021-10-01,New York Mets,Atlanta Braves,4.0,3.0,False,0|0|0|2|1|0|1|0|0,0|0|0|0|0|1|1|1|0,,,100.0,-120.0,1.5,8.5,espn,401229447,NYM,ATL,regular,Tylor Megill,Huascar Ynoa,,,,,,,,
2021,2021-10-01,Cleveland Indians,Texas Rangers,9.0,6.0,False,0|0|4|5|0|0|0|0|0,0|2|1|0|0|1|0|0|2,,,-150.0,130.0,,8.5,espn,401229442,CLE,TEX,regular,Eli Morgan,Spencer Howard,,,,,,,,
2021,2021-10-01,Detroit Tigers,Chicago White Sox,1.0,8.0,False,0|0|0|1|0|0|0|0|0,0|0|1|3|0|1|3|0,,,220.0,-270.0,1.5,8.5,espn,401229444,DET,CHW,regular,Wily Peralta,Lance Lynn,,,,,,,,
2021,2021-10-01,Minnesota Twins,Kansas City Royals,6.0,11.0,False,0|0|0|1|0|3|2|0|0,2|0|2|2|2|3|0|0,,,-120.0,100.0,,9.5,espn,401229446,MIN,KC,regular,John Gant,Jonathan Heasley,,,,,,,,
2021,2021-10-01,Oakland Athletics,Houston Astros,8.0,6.0,False,0|0|1|1|0|2|0|4|0,1|0|0|0|0|1|0|4|0,,,115.0,-135.0,1.5,8.5,espn,401229448,OAK,HOU,regular,Sean Manaea,Framber Valdez,,,,,,,,
2021,2021-10-01,Chicago Cubs,St. Louis Cardinals,3.0,4.0,False,0|0|0|0|0|3|0|0|0,1|0|0|1|0|1|0|0|1,,,160.0,-175.0,1.5,8.0,espn,401229440,CHC,STL,regular,Cory Abbott,Dakota Hudson,,,,,,,,
2021,2021-10-01,Colorado Rockies,Arizona Diamondbacks,9.0,7.0,False,0|0|0|0|0|6|0|0|3,0|0|7|0|0|0|0|0|0,,,115.0,-135.0,1.5,8.5,espn,401229443,COL,ARI,regular,Jon Gray,Humberto Castellanos,,,,,,,,
2021,2021-10-01,San Diego Padres,San Francisco Giants,0.0,3.0,False,0|0|0|0|0|0|0|0|0,2|0|0|0|0|1|0|0,,,175.0,-210.0,1.5,9.0,espn,401229450,SD,SF,regular,Pedro Avila,Anthony DeSclafani,,,,,,,,
2021,2021-10-01,Los Angeles Angels,Seattle Mariners,2.0,1.0,False,0|0|2|0|0|0|0|0|0,0|1|0|0|0|0|0|0|0,,,145.0,-165.0,1.5,7.5,espn,401229437,LAA,SEA,regular,Jose Suarez,Marco Gonzales,,,,,,,,
2021,2021-10-01,Milwaukee Brewers,Los Angeles Dodgers,6.0,8.0,False,0|3|2|0|0|0|0|1|0,1|0|0|0|4|0|3|0,,,185.0,-225.0,1.5,8.0,espn,401229445,MIL,LAD,regular,Eric Lauer,Clayton Kershaw,,,,,,,,
2021,2021-10-02,Tampa Bay Rays,New York Yankees,12.0,2.0,False,3|0|4|0|0|1|4|0|0,1|0|0|1|0|0|0|0|0,,,115.0,-135.0,1.5,8.5,espn,401229466,TB,NYY,regular,Shane Baz,Jordan Montgomery,,,,,,,,
2021,2021-10-02,Baltimore Orioles,Toronto Blue Jays,1.0,10.0,False,0|1|0|0|0|0|0|0|0,3|3|1|0|3|0|0|0,,,220.0,-270.0,1.5,8.5,espn,401229453,BAL,TOR,regular,John Means,Alek Manoah,,,,,,,,
2021,2021-10-02,Boston Red Sox,Washington Nationals,5.0,3.0,False,0|0|0|1|0|0|0|0|4,0|0|0|0|0|0|0|1|2,,,-155.0,135.0,,9.5,espn,401229454,BOS,WSH,regular,Tanner Houck,Josiah Gray,,,,,,,,
2021,2021-10-02,San Diego Padres,San Francisco Giants,3.0,2.0,False,0|0|0|0|0|1|0|1|0|1,0|1|0|0|0|1|0|0|0|0,,,140.0,-160.0,1.5,7.5,espn,401229465,SD,SF,regular,Joe Musgrove,Kevin Gausman,,,,,,,,
2021,2021-10-02,Philadelphia Phillies,Miami Marlins,1.0,3.0,False,0|0|0|0|1|0|0|0|0,0|0|3|0|0|0|0|0,,,-130.0,110.0,,8.0,espn,401229464,PHI,MIA,regular,Hans Crouse,Jesus Luzardo,,,,,,,,
2021,2021-10-02,Cincinnati Reds,Pittsburgh Pirates,6.0,8.0,False,1|0|1|2|1|1|0|0|0,0|0|0|0|6|1|1|0,,,-150.0,130.0,,8.5,espn,401229456,CIN,PIT,regular,Tyler Mahle,Max Kranick,,,,,,,,
2021,2021-10-02,Cleveland Indians,Texas Rangers,2.0,7.0,False,0|0|1|0|0|0|0|0|1,1|0|0|3|0|0|0|3,,,-150.0,130.0,,8.5,espn,401229457,CLE,TEX,regular,Triston McKenzie,Jordan Lyles,,,,,,,,
2021,2021-10-02,Detroit Tigers,Chicago White Sox,4.0,5.0,False,0|0|0|1|0|0|3|0|0,0|0|0|0|0|0|3|2,,,230.0,-280.0,1.5,9.0,espn,401229459,DET,CHW,regular,Matt Manning,Lucas Giolito,,,,,,,,
2021,2021-10-02,Minnesota Twins,Kansas City Royals,4.0,0.0,False,1|0|0|1|1|0|0|1|0,0|0|0|0|0|0|0|0|0,,,110.0,-130.0,1.5,9.5,espn,401229461,MIN,KC,regular,Griffin Jax,Kris Bubic,,,,,,,,
2021,2021-10-02,Oakland Athletics,Houston Astros,4.0,10.0,False,2|0|0|0|1|0|0|1|0,3|2|1|0|0|2|2|0,,,150.0,-170.0,1.5,9.5,espn,401229463,OAK,HOU,regular,Paul Blackburn,Jake Odorizzi,,,,,,,,
2021,2021-10-02,Chicago Cubs,St. Louis Cardinals,6.0,5.0,False,0|0|0|0|4|0|0|0|2,1|0|0|0|1|0|3|0|0,,,155.0,-175.0,1.5,9.0,espn,401229455,CHC,STL,regular,Adrian Sampson,Jon Lester,,,,,,,,
2021,2021-10-02,New York Mets,Atlanta Braves,5.0,6.0,False,0|0|0|0|0|1|0|2|2,0|0|2|2|1|1|0|0,,,105.0,-125.0,1.5,8.5,espn,401229462,NYM,ATL,regular,Carlos Carrasco,Jesse Chavez,,,,,,,,
2021,2021-10-02,Colorado Rockies,Arizona Diamondbacks,2.0,11.0,False,0|0|1|0|1|0|0|0|0,6|0|2|0|0|1|2|0,,,120.0,-140.0,1.5,8.5,espn,401229458,COL,ARI,regular,Antonio Senzatela,Zac Gallen,,,,,,,,
2021,2021-10-02,Los Angeles Angels,Seattle Mariners,4.0,6.0,False,0|0|0|0|1|0|0|3|0,0|0|1|0|2|0|0|3,,,167.0,-192.0,1.5,8.0,espn,401229452,LAA,SEA,regular,Jhonathan Diaz,Chris Flexen,,,,,,,,
2021,2021-10-02,Milwaukee Brewers,Los Angeles Dodgers,3.0,8.0,False,1|0|0|0|0|0|0|0|2,3|0|0|3|1|0|0|1,,,125.0,-145.0,1.5,7.0,espn,401229460,MIL,LAD,regular,Corbin Burnes,Julio Urias,,,,,,,,
2021,2021-10-03,Boston Red Sox,Washington Nationals,7.0,5.0,False,0|0|0|1|0|1|3|0|2,0|1|1|0|3|0|0|0|0,,,-210.0,175.0,,9.5,espn,401229469,BOS,WSH,regular,Chris Sale,Joan Adon,,,,,,,,
2021,2021-10-03,Cincinnati Reds,Pittsburgh Pirates,6.0,3.0,False,0|0|1|0|4|1|0|0|0,1|0|0|0|0|0|0|0|2,,,-160.0,140.0,,9.0,espn,401229471,CIN,PIT,regular,Reiver Sanmartin,Mitch Keller,,,,,,,,
2021,2021-10-03,Cleveland Indians,Texas Rangers,6.0,0.0,False,1|0|3|0|2|0|0|0|0,0|0|0|0|0|0|0|0|0,,,-105.0,-115.0,1.5,8.0,espn,401229472,CLE,TEX,regular,Aaron Civale,Dane Dunning,,,,,,,,
2021,2021-10-03,San Diego Padres,San Francisco Giants,4.0,11.0,False,0|0|0|1|0|0|0|3|0,0|0|2|5|2|0|2|0,,,185.0,-225.0,1.5,8.5,espn,401229480,SD,SF,regular,Reiss Knehr,Logan Webb,,,,,,,,
2021,2021-10-03,Tampa Bay Rays,New York Yankees,0.0,1.0,False,0|0|0|0|0|0|0|0|0,0|0|0|0|0|0|0|0|1,,,110.0,-130.0,1.5,9.0,espn,401229481,TB,NYY,regular,Michael Wacha,Jameson Taillon,,,,,,,,
2021,2021-10-03,Baltimore Orioles,Toronto Blue Jays,4.0,12.0,False,0|0|1|0|1|0|1|1|0,3|2|4|2|1|0|0|0,,,290.0,-370.0,1.5,10.0,espn,401229468,BAL,TOR,regular,Bruce Zimmermann,Hyun Jin Ryu,,,,,,,,
2021,2021-10-03,Los Angeles Angels,Seattle Mariners,7.0,3.0,False,2|2|0|2|1|0|0|0|0,0|2|0|0|0|1|0|0|0,,,150.0,-170.0,1.5,7.5,espn,401229467,LAA,SEA,regular,Reid Detmers,Tyler Anderson,,,,,,,,
2021,2021-10-03,Colorado Rockies,Arizona Diamondbacks,4.0,5.0,False,0|3|0|0|1|0|0|0|0,0|0|0|0|1|0|1|2|1,,,-105.0,-115.0,1.5,9.0,espn,401229473,COL,ARI,regular,Ashton Goudeau,Humberto Mejia,,,,,,,,
2021,2021-10-03,Detroit Tigers,Chicago White Sox,5.0,2.0,False,1|0|0|0|1|0|0|0|3,1|0|0|0|0|0|1|0|0,,,215.0,-260.0,1.5,8.0,espn,401229474,DET,CHW,regular,Tyler Alexander,Dylan Cease,,,,,,,,
2021,2021-10-03,Milwaukee Brewers,Los Angeles Dodgers,3.0,10.0,False,0|0|0|1|0|0|0|2|0,0|0|0|0|6|1|0|3,,,230.0,-280.0,1.5,8.5,espn,401229475,MIL,LAD,regular,Brett Anderson,Walker Buehler,,,,,,,,
2021,2021-10-03,Minnesota Twins,Kansas City Royals,7.0,3.0,False,5|0|0|0|2|0|0|0|0,0|0|3|0|0|0|0|0|0,,,-115.0,-105.0,1.5,10.0,espn,401229476,MIN,KC,regular,Charlie Barnes,Jackson Kowar,,,,,,,,
2021,2021-10-03,Oakland Athletics,Houston Astros,6.0,7.0,False,0|1|1|0|1|0|0|0|3,0|1|1|0|0|2|1|1|1,,,140.0,-160.0,1.5,8.5,espn,401229478,OAK,HOU,regular,Cole Irvin,Jose Urquidy,,,,,,,,
2021,2021-10-03,Philadelphia Phillies,Miami Marlins,4.0,5.0,False,0|1|2|0|0|0|0|1|0,2|1|0|2|0|0|0|0,,,-115.0,-105.0,1.5,7.5,espn,401229479,PHI,MIA,regular,Bailey Falter,Pablo Lopez,,,,,,,,
2021,2021-10-03,Chicago Cubs,St. Louis Cardinals,3.0,2.0,False,1|0|0|0|2|0|0|0,1|1|0|0|0|0|0,,,145.0,-165.0,1.5,8.5,espn,401229470,CHC,STL,regular,Alec Mills,Jake Woodford,,,,,,,,
2021,2021-10-03,New York Mets,Atlanta Braves,0.0,5.0,False,0|0|0|0|0|0|0|0|0,2|0|3|0|0|0|0|0,,,150.0,-170.0,1.5,8.5,espn,401229477,NYM,ATL,regular,Noah Syndergaard,Charlie Morton,,,,,,,,
2021,2021-10-05,New York Yankees,Boston Red Sox,2.0,6.0,False,0|0|0|0|0|1|0|0|1,2|0|1|0|0|1|2|0,,,-135.0,115.0,,8.0,espn,401361933,NYY,BOS,post,Gerrit Cole,Nathan Eovaldi,,,,,,,,
2021,2021-10-06,St. Louis Cardinals,Los Angeles Dodgers,1.0,3.0,False,1|0|0|0|0|0|0|0|0,0|0|0|1|0|0|0|0|2,,,190.0,-230.0,1.5,7.5,espn,401361934,STL,LAD,post,Adam Wainwright,Max Scherzer,,,,,,,,
2021,2021-10-07,Chicago White Sox,Houston Astros,1.0,6.0,False,0|0|0|0|0|0|0|1|0,0|1|2|2|1|0|0|0,,,115.0,-135.0,1.5,7.5,espn,401361941,CHW,HOU,post,Lance Lynn,Lance McCullers Jr.,,,,,,,,
2021,2021-10-07,Boston Red Sox,Tampa Bay Rays,0.0,5.0,False,0|0|0|0|0|0|0|0|0,2|0|1|0|1|0|1|0,,,145.0,-165.0,1.5,8.0,espn,401361942,BOS,TB,post,Eduardo Rodriguez,Shane McClanahan,,,,,,,,
2021,2021-10-08,Chicago White Sox,Houston Astros,4.0,9.0,False,1|0|0|0|3|0|0|0|0,0|2|0|0|2|0|5|0,,,-110.0,-110.0,1.5,8.0,espn,401361943,CHW,HOU,post,Lucas Giolito,Framber Valdez,,,,,,,,
2021,2021-10-08,Atlanta Braves,Milwaukee Brewers,1.0,2.0,False,0|0|0|0|0|0|0|1|0,0|0|0|0|0|0|2|0,,,140.0,-160.0,1.5,7.5,espn,401361946,ATL,MIL,post,Charlie Morton,Corbin Burnes,,,,,,,,
2021,2021-10-08,Boston Red Sox,Tampa Bay Rays,14.0,6.0,False,2|0|2|0|4|0|1|2|3,5|0|0|0|0|1|0|0|0,,,125.0,-145.0,1.5,7.5,espn,401361944,BOS,TB,post,Chris Sale,Shane Baz,,,,,,,,
2021,2021-10-08,Los Angeles Dodgers,San Francisco Giants,0.0,4.0,False,0|0|0|0|0|0|0|0|0,2|0|0|0|0|0|1|1,,,-115.0,-105.0,1.5,7.0,espn,401361945,LAD,SF,post,Walker Buehler,Logan Webb,,,,,,,,
2021,2021-10-09,Atlanta Braves,Milwaukee Brewers,3.0,0.0,False,0|0|2|0|0|1|0|0|0,0|0|0|0|0|0|0|0|0,,,105.0,-125.0,1.5,7.0,espn,401361948,ATL,MIL,post,Max Fried,Brandon Woodruff,,,,,,,,
2021,2021-10-09,Los Angeles Dodgers,San Francisco Giants,9.0,2.0,False,0|2|0|0|0|4|0|3|0,0|1|0|0|0|1|0|0|0,,,-130.0,110.0,,7.5,espn,401361947,LAD,SF,post,Julio Urias,Kevin Gausman,,,,,,,,
2021,2021-10-10,Tampa Bay Rays,Boston Red Sox,4.0,6.0,False,2|0|0|0|0|0|0|2|0|0|0|0|0,1|0|2|0|1|0|0|0|0|0|0|0|2,,,100.0,-120.0,1.5,8.5,espn,401361950,TB,BOS,post,Drew Rasmussen,Nathan Eovaldi,,,,,,,,
2021,2021-10-10,Houston Astros,Chicago White Sox,6.0,12.0,False,0|3|2|1|0|0|0|0|0,1|0|5|3|0|0|0|3,,,105.0,-125.0,1.5,8.5,espn,401361949,HOU,CHW,post,Luis Garcia,Dylan Cease,,,,,,,,
2021,2021-10-11,Milwaukee Brewers,Atlanta Braves,0.0,3.0,False,0|0|0|0|0|0|0|0|0,0|0|0|0|3|0|0|0,,,-105.0,-115.0,1.5,8.0,espn,401361954,MIL,ATL,post,Freddy Peralta,Ian Anderson,,,,,,,,
2021,2021-10-11,Tampa Bay Rays,Boston Red Sox,5.0,6.0,False,0|0|0|0|1|2|0|2|0,0|0|5|0|0|0|0|0|1,,,-110.0,-110.0,1.5,9.5,espn,401361952,TB,BOS,post,Collin McHugh,Eduardo Rodriguez,,,,,,,,
2021,2021-10-11,San Francisco Giants,Los Angeles Dodgers,1.0,0.0,False,0|0|0|0|1|0|0|0|0,0|0|0|0|0|0|0|0|0,,,175.0,-210.0,1.5,7.5,espn,401361953,SF,LAD,post,Alex Wood,Max Scherzer,,,,,,,,
2021,2021-10-12,Houston Astros,Chicago White Sox,10.0,1.0,False,0|0|2|3|0|1|0|1|3,0|1|0|0|0|0|0|0|0,,,-110.0,-110.0,1.5,8.5,espn,401382030,HOU,CHW,post,Lance McCullers Jr.,Carlos Rodon,,,,,,,,
2021,2021-10-12,Milwaukee Brewers,Atlanta Braves,4.0,5.0,False,0|0|0|2|2|0|0|0|0,0|0|0|2|2|0|0|1,,,140.0,-160.0,1.5,8.0,espn,401361957,MIL,ATL,post,Eric Lauer,Charlie Morton,,,,,,,,
2021,2021-10-12,San Francisco Giants,Los Angeles Dodgers,2.0,7.0,False,0|0|0|0|1|0|0|1|0,1|1|0|2|1|0|0|2,,,165.0,-185.0,1.5,8.0,espn,401361955,SF,LAD,post,Anthony DeSclafani,Walker Buehler,,,,,,,,
2021,2021-10-14,Los Angeles Dodgers,San Francisco Giants,2.0,1.0,False,0|0|0|0|0|1|0|0|1,0|0|0|0|0|1|0|0|0,,,-105.0,-115.0,1.5,7.0,espn,401361960,LAD,SF,post,Corey Knebel,Logan Webb,,,,,,,,
2021,2021-10-15,Boston Red Sox,Houston Astros,4.0,5.0,False,0|0|3|0|0|0|0|0|1,1|0|0|0|0|2|1|1,,,125.0,-145.0,1.5,8.5,espn,401361962,BOS,HOU,post,Chris Sale,Framber Valdez,,,,,,,,
2021,2021-10-16,Boston Red Sox,Houston Astros,9.0,5.0,False,4|4|0|1|0|0|0|0|0,0|0|0|3|0|0|0|0|2,,,100.0,-120.0,1.5,8.5,espn,401361963,BOS,HOU,post,Nathan Eovaldi,Luis Garcia,,,,,,,,
2021,2021-10-16,Los Angeles Dodgers,Atlanta Braves,2.0,3.0,False,0|1|0|1|0|0|0|0|0,1|0|0|1|0|0|0|0|1,,,-110.0,-110.0,1.5,8.0,espn,401361964,LAD,ATL,post,Corey Knebel,Max Fried,,,,,,,,
2021,2021-10-17,Los Angeles Dodgers,Atlanta Braves,4.0,5.0,False,2|0|0|0|0|0|2|0|0,0|0|0|2|0|0|0|2|1,,,-175.0,155.0,,7.5,espn,401361965,LAD,ATL,post,Max Scherzer,Ian Anderson,,,,,,,,
2021,2021-10-18,Houston Astros,Boston Red Sox,3.0,12.0,False,0|0|0|3|0|0|0|0|0,0|6|3|0|0|2|0|1,,,100.0,-120.0,1.5,9.5,espn,401361966,HOU,BOS,post,Jose Urquidy,Eduardo Rodriguez,,,,,,,,
2021,2021-10-19,Atlanta Braves,Los Angeles Dodgers,5.0,6.0,False,0|0|0|4|1|0|0|0|0,2|0|0|0|0|0|0|4,,,155.0,-175.0,1.5,7.0,espn,401361968,ATL,LAD,post,Charlie Morton,Walker Buehler,,,,,,,,
2021,2021-10-19,Houston Astros,Boston Red Sox,9.0,2.0,False,1|0|0|0|0|0|0|1|7,2|0|0|0|0|0|0|0|0,,,115.0,-135.0,1.5,10.0,espn,401361967,HOU,BOS,post,Zack Greinke,Nick Pivetta,,,,,,,,
2021,2021-10-20,Houston Astros,Boston Red Sox,9.0,1.0,False,0|1|0|0|0|5|1|0|2,0|0|0|0|0|0|1|0|0,,,105.0,-125.0,1.5,9.5,espn,401361971,HOU,BOS,post,Framber Valdez,Chris Sale,,,,,,,,
2021,2021-10-20,Atlanta Braves,Los Angeles Dodgers,9.0,2.0,False,0|2|2|0|1|0|0|0|4,0|0|0|0|2|0|0|0|0,,,200.0,-240.0,1.5,8.5,espn,401361969,ATL,LAD,post,Jesse Chavez,Julio Urias,,,,,,,,
2021,2021-10-21,Atlanta Braves,Los Angeles Dodgers,2.0,11.0,False,2|0|0|0|0|0|0|0|0,0|3|1|0|2|0|1|4,,,115.0,-135.0,1.5,7.5,espn,401361970,ATL,LAD,post,Max Fried,Joe Kelly,,,,,,,,
2021,2021-10-22,Boston Red Sox,Houston Astros,0.0,5.0,False,0|0|0|0|0|0|0|0|0,1|0|0|0|0|1|0|3,,,100.0,-120.0,1.5,9.0,espn,401361972,BOS,HOU,post,Nathan Eovaldi,Luis Garcia,,,,,,,,
2021,2021-10-23,Los Angeles Dodgers,Atlanta Braves,2.0,4.0,False,0|0|0|1|0|0|1|0|0,1|0|0|3|0|0|0|0,,,-150.0,130.0,,8.0,espn,401361973,LAD,ATL,post,Walker Buehler,Ian Anderson,,,,,,,,
2021,2021-10-26,Atlanta Braves,Houston Astros,6.0,2.0,False,2|1|2|0|0|0|0|1|0,0|0|0|1|0|0|0|1|0,,,110.0,-130.0,1.5,8.5,espn,401361976,ATL,HOU,post,Charlie Morton,Framber Valdez,,,,,,,,
2021,2021-10-27,Atlanta Braves,Houston Astros,2.0,7.0,False,0|1|0|0|1|0|0|0|0,1|4|0|0|0|1|1|0,,,100.0,-120.0,1.5,9.0,espn,401361977,ATL,HOU,post,Max Fried,Jose Urquidy,,,,,,,,
2021,2021-10-29,Houston Astros,Atlanta Braves,0.0,2.0,False,0|0|0|0|0|0|0|0|0,0|0|1|0|0|0|0|1,,,110.0,-130.0,1.5,8.5,espn,401361978,HOU,ATL,post,Luis Garcia,Ian Anderson,,,,,,,,
2021,2021-10-30,Houston Astros,Atlanta Braves,2.0,3.0,False,1|0|0|1|0|0|0|0|0,0|0|0|0|0|1|2|0,,,-110.0,-110.0,1.5,9.0,espn,401361979,HOU,ATL,post,Zack Greinke,Dylan Lee,,,,,,,,
2021,2021-10-31,Houston Astros,Atlanta Braves,9.0,5.0,False,0|2|2|0|3|0|1|1|0,4|0|1|0|0|0|0|0|0,,,-125.0,105.0,,8.5,espn,401361980,HOU,ATL,post,Framber Valdez,Tucker Davidson,,,,,,,,
2021,2021-11-02,Atlanta Braves,Houston Astros,7.0,0.0,False,0|0|3|0|3|0|1|0|0,0|0|0|0|0|0|0|0|0,,,110.0,-130.0,1.5,8.5,espn,401361981,ATL,HOU,post,Max Fried,Luis Garcia,,,,,,,,
