season,date,away,home,away_score,home_score,neutral,periods_away,periods_home,ml_open_away,ml_open_home,ml_close_away,ml_close_home,spread_close_home,total_close,source,espn_id,away_abbr,home_abbr,season_type,away_pitcher,home_pitcher,away_qb,home_qb,away_rest,home_rest,div_game,roof,temp,wind
2020,2020-07-23,NYY,WAS,4.0,1.0,False,2|0|1|0|1|0|x|x|x,1|0|0|0|0|0|x|x|x,-126.0,114.0,-170.0,160.0,1.5,7.5,sbro,,,,,GCOLE-R,MSCHERZER-R,,,,,,,,
2020,2020-07-23,SFO,LAD,1.0,8.0,False,0|0|1|0|0|0|0|0|0,0|0|0|1|0|0|5|2|0,264.0,-300.0,250.0,-290.0,-1.5,9.0,sbro,,,,,JCUETO-R,DMAY-R,,,,,,,,
2020,2020-07-24,ATL,NYM,0.0,1.0,False,0|0|0|0|0|0|0|0|0,0|0|0|0|0|0|1|0|x,110.0,-130.0,157.0,-167.0,-1.5,7.5,sbro,,,,,MSOROKA-R,JDEGROM-R,,,,,,,,
2020,2020-07-24,DET,CIN,1.0,7.0,False,0|0|0|1|0|0|0|0|0,2|0|1|0|1|1|2|0|x,-200.0,170.0,163.0,-176.0,-1.5,9.0,sbro,,,,,MBOYD-L,SGRAY-R,,,,,,,,
2020,2020-07-24,TOR,TAM,6.0,4.0,False,0|0|0|3|3|0|0|0|0,0|0|0|1|2|0|0|1|0,-140.0,120.0,135.0,-145.0,-1.5,7.5,sbro,,,,,HRYU-L,CMORTON-R,,,,,,,,
2020,2020-07-24,MIA,PHI,5.0,2.0,False,0|0|1|0|0|4|0|0|0,0|0|0|0|1|0|1|0|0,-175.0,151.0,185.0,-205.0,-1.5,9.0,sbro,,,,,SALCANTARA-R,ANOLA-R,,,,,,,,
2020,2020-07-24,KAN,CLE,0.0,2.0,False,0|0|0|0|0|0|0|0|0,0|0|0|0|2|0|0|0|x,115.0,-135.0,205.0,-225.0,-1.5,9.0,sbro,,,,,DDUFFY-L,SBIEBER-R,,,,,,,,
2020,2020-07-24,MIL,CUB,0.0,3.0,False,0|0|0|0|0|0|0|0|0,0|0|2|0|0|0|0|1|x,-140.0,120.0,105.0,-115.0,-1.5,8.5,sbro,,,,,BWOODRUFF-R,KHENDRICKS-R,,,,,,,,
2020,2020-07-24,BAL,BOS,2.0,13.0,False,0|0|0|0|0|1|1|0|0,0|0|4|6|0|3|0|0|x,166.0,-185.0,195.0,-215.0,-1.5,10.0,sbro,,,,,TMILONE-L,NEOVALDI-R,,,,,,,,
2020,2020-07-24,COL,TEX,0.0,1.0,False,0|0|0|0|0|0|0|0|0,0|0|0|0|0|1|0|0|x,-140.0,120.0,-105.0,-105.0,-1.5,9.0,sbro,,,,,GMARQUEZ-R,LLYNN-R,,,,,,,,
2020,2020-07-24,MIN,CWS,10.0,5.0,False,4|1|0|2|0|0|3|0|0,1|4|0|0|0|0|0|0|0,-160.0,140.0,-117.0,107.0,1.5,9.0,sbro,,,,,JBERRIOS-R,LGIOLITO-R,,,,,,,,
2020,2020-07-24,PIT,STL,4.0,5.0,False,0|0|0|0|0|0|2|0|2,0|0|1|0|1|1|0|2|x,-110.0,-110.0,165.0,-180.0,-1.5,8.0,sbro,,,,,JMUSGROVE-R,JFLAHERTY-R,,,,,,,,
2020,2020-07-24,SEA,HOU,2.0,8.0,False,0|1|0|1|0|0|0|0|0,0|0|1|0|5|1|1|0|x,120.0,-140.0,250.0,-290.0,-1.5,8.5,sbro,,,,,MGONZALES-L,JVERLANDER-R,,,,,,,,
2020,2020-07-24,ARI,SDG,2.0,7.0,False,0|0|0|0|0|0|1|0|1,0|0|0|0|0|3|4|0|x,-140.0,120.0,130.0,-140.0,-1.5,8.0,sbro,,,,,MBUMGARNER-L,CPADDACK-R,,,,,,,,
2020,2020-07-24,SFO,LAD,1.0,9.0,False,0|0|1|0|0|0|0|0|0,1|1|0|1|1|1|2|2|x,213.0,-240.0,285.0,-330.0,-1.5,9.0,sbro,,,,,TANDERSON-L,RSTRIPLING-R,,,,,,,,
2020,2020-07-24,LAA,OAK,3.0,7.0,False,0|0|0|1|0|0|1|0|1,0|0|0|1|0|0|0|2|0,-140.0,120.0,136.0,-146.0,-1.5,8.5,sbro,,,,,AHEANEY-L,FMONTAS-R,,,,,,,,
2020,2020-07-25,MIL,CUB,8.0,3.0,False,0|1|0|2|1|2|2|0|0,1|0|0|0|2|0|0|0|0,131.0,-145.0,140.0,-150.0,-1.5,9.5,sbro,,,,,CBURNES-R,YDARVISH-R,,,,,,,,
2020,2020-07-25,BAL,BOS,7.0,2.0,False,3|2|0|0|0|0|2|0|0,0|0|0|0|0|2|0|0|0,157.0,-175.0,180.0,-200.0,-1.5,10.5,sbro,,,,,ACOBB-R,MPEREZ-L,,,,,,,,
2020,2020-07-25,MIN,CWS,3.0,10.0,False,0|0|0|0|0|3|0|0|0,0|0|1|0|4|1|4|0|x,-125.0,114.0,-110.0,100.0,1.5,10.0,sbro,,,,,RDOBNAK-R,DKEUCHEL-L,,,,,,,,
2020,2020-07-25,PIT,STL,1.0,9.0,False,0|1|0|0|0|0|0|0|0,1|0|0|2|0|0|4|2|x,144.0,-160.0,141.0,-151.0,-1.5,9.0,sbro,,,,,TWILLIAMS-R,AWAINWRIGHT-R,,,,,,,,
2020,2020-07-25,TOR,TAM,1.0,4.0,False,0|0|0|0|0|0|1|0|0,0|0|0|0|0|1|0|3|x,135.0,-155.0,135.0,-145.0,-1.5,8.5,sbro,,,,,MSHOEMAKER-R,RYARBROUGH-L,,,,,,,,
2020,2020-07-25,MIA,PHI,1.0,7.0,False,0|0|0|0|1|0|0|0|0,0|1|0|0|0|2|3|1|x,160.0,-185.0,170.0,-185.0,-1.5,9.0,sbro,,,,,CSMITH-L,ZWHEELER-R,,,,,,,,
2020,2020-07-25,COL,TEX,3.0,2.0,False,0|0|0|2|0|0|1|0|0,0|0|0|0|1|0|0|0|1,-115.0,-105.0,110.0,-120.0,-1.5,8.5,sbro,,,,,JGRAY-R,MMINOR-L,,,,,,,,
2020,2020-07-25,SEA,HOU,2.0,7.0,False,0|0|0|0|1|1|0|0|0,1|0|0|4|1|1|0|0|x,215.0,-260.0,260.0,-300.0,-1.5,9.5,sbro,,,,,TWALKER-R,LMCCULLERSJR-R,,,,,,,,
2020,2020-07-25,LAA,OAK,4.0,1.0,False,0|0|0|1|3|0|0|0|0,0|0|0|0|0|0|1|0|0,151.0,-175.0,114.0,-124.0,-1.5,8.5,sbro,,,,,DBUNDY-R,SMANAEA-L,,,,,,,,
2020,2020-07-25,SFO,LAD,5.0,4.0,False,1|1|1|2|0|0|0|0|0,1|0|0|0|0|0|0|2|1,245.0,-300.0,320.0,-380.0,-1.5,9.5,sbro,,,,,LWEBB-R,AWOOD-L,,,,,,,,
2020,2020-07-25,ATL,NYM,5.0,3.0,False,0|1|0|0|0|0|0|0|1,0|0|0|0|2|0|0|0|0,100.0,-120.0,-116.0,106.0,-1.5,9.0,sbro,,,,,MFRIED-L,SMATZ-L,,,,,,,,
2020,2020-07-25,DET,CIN,6.0,4.0,False,1|0|0|0|0|0|3|0|2,1|2|0|0|0|0|1|0|0,170.0,-200.0,245.0,-280.0,-1.5,9.0,sbro,,,,,INOVA-R,LCASTILLO-R,,,,,,,,
2020,2020-07-25,KAN,CLE,3.0,2.0,False,2|0|0|0|0|0|0|0|0,0|0|2|0|0|0|0|0|0,207.0,-250.0,230.0,-260.0,-1.5,9.0,sbro,,,,,BSINGER-R,MCLEVINGER-R,,,,,,,,
2020,2020-07-25,NYY,WAS,2.0,9.0,False,0|0|1|1|0|0|0|0|0,0|3|0|2|2|0|1|1|x,-120.0,100.0,-220.0,200.0,1.5,10.0,sbro,,,,,JPAXTON-L,EFEDDE-R,,,,,,,,
2020,2020-07-25,ARI,SDG,1.0,5.0,False,0|0|0|1|0|0|0|0|0,0|0|0|3|0|0|2|0|x,100.0,-120.0,118.0,-128.0,-1.5,8.0,sbro,,,,,RRAY-L,DLAMET-R,,,,,,,,
2020,2020-07-26,MIA,PHI,11.0,6.0,False,0|4|0|2|3|1|1|0|0,4|1|0|0|0|1|0|0|0,140.0,-155.0,185.0,-205.0,-1.5,9.5,sbro,,,,,RDUGGER-R,VVELASQUEZ-R,,,,,,,,
2020,2020-07-26,NYY,WAS,3.0,2.0,False,0|0|0|0|0|0|2|1|0,0|0|1|1|0|0|0|0|0,-110.0,100.0,-120.0,110.0,1.5,10.0,sbro,,,,,JLOAISIGA-R,PCORBIN-L,,,,,,,,
2020,2020-07-26,TOR,TAM,5.0,6.0,False,0|0|0|0|0|4|0|0|0,0|0|0|0|0|1|1|0|2,170.0,-200.0,170.0,-185.0,-1.5,8.0,sbro,,,,,THATCH-R,BSNELL-L,,,,,,,,
2020,2020-07-26,DET,CIN,3.0,2.0,False,0|0|1|0|0|0|0|0|2,0|0|0|0|1|0|0|0|1,213.0,-240.0,177.0,-194.0,-1.5,9.5,sbro,,,,,STURNBULL-R,TBAUER-R,,,,,,,,
2020,2020-07-26,KAN,CLE,2.0,9.0,False,0|0|0|1|1|0|0|0|0,2|0|2|3|0|1|1|0|x,213.0,-240.0,200.0,-220.0,-1.5,9.0,sbro,,,,,RBOLANOS-R,CCARRASCO-R,,,,,,,,
2020,2020-07-26,BAL,BOS,7.0,4.0,False,2|0|1|3|0|0|0|0|1,0|1|0|0|1|2|0|0|0,170.0,-190.0,178.0,-196.0,-1.5,11.0,sbro,,,,,WLEBLANC-L,RWEBER-R,,,,,,,,
2020,2020-07-26,MIN,CWS,14.0,2.0,False,4|5|0|1|0|0|0|3|1,0|0|0|0|2|0|0|0|0,-120.0,110.0,-150.0,140.0,1.5,10.0,sbro,,,,,KMAEDA-R,RLOPEZ-R,,,,,,,,
2020,2020-07-26,SEA,HOU,7.0,6.0,False,2|0|0|2|0|0|0|3|0,1|0|0|4|0|0|0|0|1,304.0,-350.0,235.0,-265.0,-1.5,9.0,sbro,,,,,YKIKUCHI-L,ZGREINKE-R,,,,,,,,
2020,2020-07-26,PIT,STL,5.0,1.0,False,0|0|0|3|1|0|0|1|0,0|0|1|0|0|0|0|0|0,188.0,-210.0,130.0,-140.0,-1.5,9.0,sbro,,,,,MKELLER-R,DHUDSON-R,,,,,,,,
2020,2020-07-26,MIL,CUB,1.0,9.0,False,0|0|0|0|1|0|0|0|0,0|1|0|4|0|0|1|3|x,-115.0,-105.0,-105.0,-105.0,-1.5,11.5,sbro,,,,,FPERALTA-R,TCHATWOOD-R,,,,,,,,
2020,2020-07-26,COL,TEX,5.0,2.0,False,0|0|0|3|0|1|0|0|1,0|1|1|0|0|0|0|0|0,157.0,-175.0,130.0,-140.0,-1.5,8.5,sbro,,,,,KFREELAND-L,CKLUBER-R,,,,,,,,
2020,2020-07-26,LAA,OAK,4.0,6.0,False,0|0|3|0|1|0|0|0|0,5|0|0|0|0|1|0|0|x,-115.0,105.0,100.0,-110.0,1.5,9.0,sbro,,,,,SOHTANI-R,MFIERS-R,,,,,,,,
2020,2020-07-26,ARI,SDG,4.0,3.0,False,0|0|0|0|0|0|0|2|2,0|0|1|0|0|0|0|1|1,105.0,-125.0,115.0,-125.0,-1.5,8.0,sbro,,,,,ZGALLEN-R,GRICHARDS-R,,,,,,,,
2020,2020-07-26,ATL,NYM,14.0,1.0,False,2|0|5|2|1|2|2|0|0,0|1|0|0|0|0|0|0|0,-115.0,-105.0,-105.0,-105.0,1.5,9.5,sbro,,,,,SNEWCOMB-L,RPORCELLO-R,,,,,,,,
2020,2020-07-26,SFO,LAD,3.0,1.0,False,0|0|1|0|0|1|1|0|0,0|0|1|0|0|0|0|0|0,304.0,-350.0,270.0,-310.0,-1.5,9.0,sbro,,,,,DSMYLY-L,JURIAS-L,,,,,,,,
2020,2020-07-27,LAA,OAK,0.0,3.0,False,0|0|0|0|0|0|0|0|0,0|0|2|1|0|0|0|0|x,105.0,-125.0,110.0,-120.0,-1.5,9.0,sbro,,,,,GCANNING-R,CBASSITT-R,,,,,,,,
2020,2020-07-27,ARI,SDG,2.0,6.0,False,0|0|2|0|0|0|0|0|0,1|0|0|5|0|0|0|0|x,118.0,-131.0,107.0,-117.0,-1.5,8.5,sbro,,,,,LWEAVER-R,JLUCCHESI-L,,,,,,,,
2020,2020-07-27,TOR,WAS,4.0,1.0,False,1|0|0|2|1|0|0|0|0,0|0|0|1|0|0|0|0|0,144.0,-165.0,110.0,-120.0,-1.5,10.5,sbro,,,,,TTHORNTON-R,ASANCHEZ-R,,,,,,,,
2020,2020-07-27,CUB,CIN,8.0,7.0,False,4|2|0|0|0|1|1|0|0,0|0|0|0|0|1|2|2|2,100.0,-120.0,-115.0,105.0,1.5,10.0,sbro,,,,,JLESTER-L,WMILEY-L,,,,,,,,
2020,2020-07-27,ATL,TAM,5.0,14.0,False,0|1|0|0|0|4|0|0|0,0|0|1|8|1|2|1|1|x,130.0,-150.0,130.0,-140.0,-1.5,8.0,sbro,,,,,MFOLTYNEWICZ-R,TGLASNOW-R,,,,,,,,
2020,2020-07-27,MIL,PIT,6.0,5.0,False,0|0|0|0|0|0|1|0|4,0|1|0|0|0|0|4|0|0,-135.0,115.0,-168.0,158.0,1.5,9.5,sbro,,,,,AHOUSER-R,SBRAULT-L,,,,,,,,
2020,2020-07-27,SEA,HOU,5.0,8.0,False,0|0|3|0|0|0|2|0|0,0|0|4|1|3|0|0|0|x,226.0,-275.0,210.0,-240.0,-1.5,9.0,sbro,,,,,KGRAVEMAN-R,JJAMES-R,,,,,,,,
2020,2020-07-27,KAN,DET,14.0,6.0,False,0|1|3|6|2|0|0|0|2,0|5|0|0|0|1|0|0|0,115.0,-135.0,107.0,-117.0,-1.5,9.5,sbro,,,,,MMONTGOMERY-L,MFULMER-R,,,,,,,,
2020,2020-07-27,NYM,BOS,7.0,4.0,False,0|2|2|3|0|0|0|0|0,0|0|0|1|0|1|0|2|0,100.0,-110.0,-113.0,103.0,1.5,11.5,sbro,,,,,MWACHA-R,JOSICH-L,,,,,,,,
2020,2020-07-28,TOR,WAS,5.0,1.0,False,0|1|0|1|1|0|0|2|0,0|0|1|0|0|0|0|0|0,115.0,-135.0,129.0,-139.0,-1.5,10.0,sbro,,,,,TROARK-R,AVOTH-R,,,,,,,,
2020,2020-07-28,ATL,TAM,2.0,5.0,False,0|0|1|0|0|0|1|0|0,0|0|5|0|0|0|0|0|x,125.0,-145.0,120.0,-130.0,-1.5,8.5,sbro,,,,,KWRIGHT-R,YCHIRINOS-R,,,,,,,,
2020,2020-07-28,CUB,CIN,8.0,5.0,False,0|0|1|1|1|1|1|1|2,0|0|0|2|0|0|0|1|2,-110.0,-110.0,119.0,-129.0,-1.5,10.5,sbro,,,,,AMILLS-R,TMAHLE-R,,,,,,,,
2020,2020-07-28,MIL,PIT,6.0,8.0,False,0|0|0|0|0|2|4|0|0,0|0|0|2|0|0|4|2|x,-145.0,125.0,-180.0,165.0,1.5,10.0,sbro,,,,,JLINDBLOM-R,DHOLLAND-L,,,,,,,,
2020,2020-07-28,CWS,CLE,3.0,5.0,False,0|1|0|0|0|1|0|1|0,3|0|0|2|0|0|0|0|x,-105.0,-115.0,118.0,-128.0,-1.5,10.5,sbro,,,,,CRODON-L,APLUTKO-R,,,,,,,,
2020,2020-07-28,KAN,DET,3.0,4.0,False,0|0|3|0|0|0|0|0|0,0|0|4|0|0|0|0|0|x,100.0,-110.0,-105.0,-105.0,-1.5,10.5,sbro,,,,,KZIMMER-R,RGARCIA-R,,,,,,,,
2020,2020-07-28,NYM,BOS,8.0,3.0,False,0|3|0|0|2|0|0|3|0,0|0|1|0|0|1|0|0|1,-115.0,105.0,-112.0,102.0,1.5,11.5,sbro,,,,,DPETERSON-L,MHALL-L,,,,,,,,
2020,2020-07-28,STL,MIN,3.0,6.0,False,0|0|0|0|2|0|0|1|0,0|5|0|1|0|0|0|0|x,115.0,-135.0,132.0,-142.0,-1.5,10.5,sbro,,,,,CMARTINEZ-R,HBAILEY-R,,,,,,,,
2020,2020-07-28,ARI,TEX,4.0,1.0,False,3|0|0|0|0|1|0|0|0,0|0|0|0|0|0|1|0|0,100.0,-120.0,-106.0,-104.0,-1.5,9.0,sbro,,,,,MKELLY-R,KGIBSON-R,,,,,,,,
2020,2020-07-28,LAD,HOU,5.0,2.0,False,0|0|0|0|5|0|0|0|0,0|1|0|1|0|0|0|0|0,-145.0,125.0,-144.0,134.0,1.5,10.0,sbro,,,,,WBUEHLER-R,FVALDEZ-L,,,,,,,,
2020,2020-07-28,SEA,LAA,2.0,10.0,False,0|0|0|1|1|0|0|0|0,0|0|2|3|1|2|0|2|x,155.0,-180.0,170.0,-185.0,-1.5,9.0,sbro,,,,,JSHEFFIELD-L,PSANDOVAL-L,,,,,,,,
2020,2020-07-28,COL,OAK,8.0,3.0,False,0|0|1|2|2|0|0|3|0,0|0|1|0|1|0|0|1|0,-145.0,125.0,148.0,-158.0,-1.5,9.5,sbro,,,,,ASENZATELA-R,DMENGDEN-R,,,,,,,,
2020,2020-07-28,SDG,SFO,5.0,3.0,False,0|0|3|2|0|0|0|0|0,1|0|0|0|0|2|0|0|0,-150.0,135.0,-148.0,138.0,1.5,9.0,sbro,,,,,ZDAVIES-R,JSAMARDZIJA-R,,,,,,,,
2020,2020-07-28,CWS,CLE,3.0,4.0,False,0|0|1|0|1|0|0|0|1,2|1|1|0|0|0|0|0|x,135.0,-150.0,119.0,-129.0,-1.5,9.0,sbro,,,,,DCEASE-R,ACIVALE-R,,,,,,,,
2020,2020-07-29,COL,OAK,5.0,1.0,False,0|1|0|1|0|0|0|1|2,1|0|0|0|0|0|0|0|0,110.0,-130.0,127.0,-137.0,-1.5,8.0,sbro,,,,,GMARQUEZ-R,FMONTAS-R,,,,,,,,
2020,2020-07-29,ARI,TEX,4.0,7.0,False,0|0|0|0|0|0|2|2|0,0|0|0|1|1|0|0|5|0,120.0,-140.0,110.0,-120.0,-1.5,8.0,sbro,,,,,MBUMGARNER-L,LLYNN-R,,,,,,,,
2020,2020-07-29,CWS,CLE,4.0,0.0,False,0|0|0|0|0|0|0|0|4,0|0|0|0|0|0|0|0|0,-110.0,-110.0,-114.0,104.0,1.5,9.5,sbro,,,,,LGIOLITO-R,ZPLESAC-R,,,,,,,,
2020,2020-07-29,WAS,TOR,4.0,0.0,False,0|0|0|0|0|0|0|0|0,0|0|0|0|0|0|0|0|0,-165.0,144.0,-174.0,162.0,1.5,8.5,sbro,,,,,MSCHERZER-R,NPEARSON-R-L,,,,,,,,
2020,2020-07-29,CUB,CIN,7.0,12.0,False,0|0|0|0|0|0|5|0|2,0|0|0|2|7|0|3|0|0,105.0,-125.0,100.0,-110.0,-1.5,9.0,sbro,,,,,KHENDRICKS-R,SGRAY-R,,,,,,,,
2020,2020-07-29,MIL,PIT,3.0,0.0,False,0|0|2|0|0|1|0|0|0,0|0|0|0|0|0|0|0|0,-175.0,151.0,-143.0,133.0,1.5,8.5,sbro,,,,,BWOODRUFF-R,JMUSGROVE-R,,,,,,,,
2020,2020-07-29,LAD,HOU,4.0,2.0,False,0|1|0|0|0|0|0|0|0,0|1|0|0|0|0|0|0|0,-130.0,118.0,-140.0,130.0,1.5,10.0,sbro,,,,,DMAY-R,CJAVIER-R,,,,,,,,
2020,2020-07-29,BOS,NYM,6.0,5.0,False,0|0|0|2|0|0|1|3|0,1|0|0|0|1|1|0|1|1,170.0,-200.0,180.0,-200.0,-1.5,7.5,sbro,,,,,NEOVALDI-R,JDEGROM-R,,,,,,,,
2020,2020-07-29,TAM,ATL,4.0,7.0,False,0|0|0|0|1|3|0|0|0,0|0|2|0|0|3|2|0|0,120.0,-140.0,115.0,-125.0,-1.5,8.5,sbro,,,,,CMORTON-R,MSOROKA-R,,,,,,,,
2020,2020-07-29,KAN,DET,4.0,5.0,False,1|1|2|0|0|0|0|0|0,0|0|1|0|3|0|1|0|0,110.0,-130.0,110.0,-120.0,-1.5,9.5,sbro,,,,,DDUFFY-L,MBOYD-L,,,,,,,,
2020,2020-07-29,STL,MIN,0.0,3.0,False,0|0|0|0|0|0|0|0|0,1|0|0|2|0|0|0|0|0,130.0,-150.0,146.0,-156.0,-1.5,10.0,sbro,,,,,DPONCEDELEON-R,RHILL-L,,,,,,,,
2020,2020-07-29,SDG,SFG,6.0,7.0,False,0|0|2|4|0|0|0|0|0,0|1|1|0|0|1|0|3|1,-165.0,144.0,-180.0,165.0,1.5,7.5,sbro,,,,,CPADDACK-R,JCUETO-R,,,,,,,,
2020,2020-07-29,SEA,LAA,10.0,7.0,False,0|0|0|1|0|5|2|2|0,0|0|0|3|1|3|0|0|0,160.0,-185.0,240.0,-270.0,-1.5,9.0,sbro,,,,,JDUNN-R,AHEANEY-L,,,,,,,,
2020,2020-07-29,NYY,BAL,9.0,3.0,False,2|0|3|0|0|2|0|0|2,1|0|0|0|0|0|2|0|0,-350.0,304.0,-360.0,310.0,1.5,9.0,sbro,,,,,GCOLE-R,AWOJCIECHOWSKI-R,,,,,,,,
2020,2020-07-30,WAS,TOR,6.0,4.0,False,0|0|2|2|1|0|0|1|0,1|0|0|1|0|0|1|1|0,118.0,-131.0,140.0,-150.0,-1.5,9.5,sbro,,,,,EFEDDE-R,HRYU-L,,,,,,,,
2020,2020-07-30,KAN,DET,5.0,3.0,False,1|1|0|0|0|0|1|2|0,1|0|0|1|0|0|0|1|0,-110.0,-110.0,-149.0,139.0,1.5,9.5,sbro,,,,,BSINGER-R,INOVA-R,,,,,,,,
2020,2020-07-30,TAM,ATL,1.0,2.0,False,0|0|0|0|0|0|1|0|0,0|2|0|0|0|0|0|0|x,110.0,-130.0,139.0,-149.0,-1.5,9.0,sbro,,,,,RYARBROUGH-L,MFRIED-L,,,,,,,,
2020,2020-07-30,BOS,NYM,4.0,2.0,False,0|1|0|2|0|0|0|0|1,0|0|2|0|0|0|0|0|0,148.0,-170.0,152.0,-162.0,-1.5,9.5,sbro,,,,,MPEREZ-L,SMATZ-L,,,,,,,,
2020,2020-07-30,CLE,MIN,2.0,0.0,False,0|0|2|0|0|0|0|0|0,0|0|0|0|0|0|0|0|0,-115.0,-105.0,113.0,-123.0,-1.5,8.5,sbro,,,,,SBIEBER-R,JBERRIOS-R,,,,,,,,
2020,2020-07-30,LAD,ARI,6.0,3.0,False,3|1|0|0|1|1|0|0|0,0|0|1|0|0|2|0|0|0,-161.0,141.0,-157.0,147.0,1.5,9.5,sbro,,,,,RSTRIPLING-R,RRAY-L,,,,,,,,
2020,2020-07-30,SEA,LAA,8.0,5.0,False,3|0|0|0|0|0|0|0|5,0|0|0|0|2|0|0|0|3,172.0,-205.0,163.0,-175.0,-1.5,9.0,sbro,,,,,MGONZALES-L,DBUNDY-R,,,,,,,,
2020,2020-07-30,SDG,SFO,12.0,7.0,False,0|0|1|2|0|2|1|0|0,0|0|0|0|1|0|3|2|0,-170.0,148.0,-160.0,150.0,1.5,8.0,sbro,,,,,DLAMET-R,UNDECIDED,,,,,,,,
2020,2020-07-30,NYY,BAL,8.0,6.0,False,5|0|0|0|0|0|0|0|3,2|2|0|0|0|0|0|2|0,-210.0,176.0,-240.0,210.0,1.5,11.0,sbro,,,,,JHAPP-L,JMEANS-L,,,,,,,,
2020,2020-07-31,TAM,BAL,3.0,6.0,False,1|0|1|0|1|0|0|0|0,0|0|0|3|1|0|1|1|x,-220.0,196.0,-188.0,173.0,1.5,8.5,sbro,,,,,BSNELL-L,ACOBB-R,,,,,,,,
2020,2020-07-31,BOS,NYY,1.0,5.0,False,0|0|1|0|0|0|0|0|0,0|0|2|1|0|0|0|2|x,213.0,-240.0,165.0,-180.0,-1.5,10.5,sbro,,,,,RWEBER-R,JMONTGOMERY-L,,,,,,,,
2020,2020-07-31,CIN,DET,2.0,7.0,False,0|0|0|0|2|0|0|0|0,0|0|1|0|2|0|2|2|x,-145.0,131.0,-170.0,160.0,1.5,8.5,sbro,,,,,LCASTILLO-R,STURNBULL-R,,,,,,,,
2020,2020-07-31,NYM,ATL,10.0,11.0,False,0|0|0|2|6|2|0|0|0,2|0|0|0|3|1|0|5|x,135.0,-150.0,117.0,-127.0,-1.5,10.5,sbro,,,,,RPORCELLO-R,SNEWCOMB-L,,,,,,,,
2020,2020-07-31,CWS,KAN,3.0,2.0,False,0|3|0|0|0|0|0|0|0,0|0|1|0|0|1|0|0|0,-140.0,126.0,-160.0,150.0,1.5,9.5,sbro,,,,,DKEUCHEL-L,KBUBIC-L,,,,,,,,
2020,2020-07-31,CLE,MIN,1.0,4.0,False,0|0|0|0|0|1|0|0|0,3|1|0|0|0|0|0|0|x,-126.0,114.0,-114.0,104.0,1.5,9.0,sbro,,,,,MCLEVINGER-R,RDOBNAK-R,,,,,,,,
2020,2020-07-31,SDG,COL,8.0,7.0,False,0|0|0|0|0|3|1|0|4,2|0|0|0|0|2|1|0|2,110.0,-120.0,-108.0,-102.0,-1.5,11.5,sbro,,,,,GRICHARDS-R,JGRAY-R,,,,,,,,
2020,2020-07-31,PIT,CUB,3.0,6.0,False,0|0|0|0|0|0|0|1|2,0|0|1|1|2|0|0|2|x,162.0,-180.0,180.0,-200.0,-1.5,8.5,sbro,,,,,TWILLIAMS-R,YDARVISH-R,,,,,,,,
2020,2020-07-31,HOU,LAA,9.0,6.0,False,0|4|0|1|1|0|2|0|1,0|0|1|3|0|0|1|1|0,-150.0,135.0,-180.0,165.0,1.5,9.5,sbro,,,,,LMCCULLERSJR-R,MANDRIESE-R,,,,,,,,
2020,2020-07-31,TEX,SFO,2.0,9.0,False,1|0|1|0|0|0|0|0|0,0|1|0|0|3|2|3|0|x,-155.0,140.0,-122.0,112.0,1.5,8.0,sbro,,,,,MMINOR-L,LWEBB-R,,,,,,,,
2020,2020-07-31,LAD,ARI,3.0,5.0,False,0|0|0|1|1|0|0|1|0,0|0|0|0|0|1|0|4|x,-140.0,126.0,-122.0,112.0,1.5,9.5,sbro,,,,,TGONSOLIN-R,ZGALLEN-R,,,,,,,,
2020,2020-07-31,OAK,SEA,3.0,5.0,False,0|0|0|0|0|0|0|3|0,0|0|0|3|2|0|0|0|x,-175.0,157.0,-194.0,177.0,1.5,9.5,sbro,,,,,SMANAEA-L,TWALKER-R,,,,,,,,
2020,2020-08-01,CWS,KAN,11.0,5.0,False,4|1|0|0|2|0|0|0|4,0|0|0|0|0|3|1|0|1,-135.0,115.0,-135.0,125.0,1.5,10.5,sbro,,,,,GGONZALEZ-L,RBOLANOS-R,,,,,,,,
2020,2020-08-01,TAM,BAL,4.0,5.0,False,0|0|0|0|0|1|0|3|0,0|0|0|2|0|2|0|0|0,-220.0,184.0,-240.0,210.0,1.5,9.0,sbro,,,,,TGLASNOW-R,WLEBLANC-L,,,,,,,,
2020,2020-08-01,CLE,MIN,0.0,3.0,False,0|0|0|0|0|0|0|0|0,0|0|1|1|1|0|0|0|0,100.0,-120.0,116.0,-126.0,-1.5,8.5,sbro,,,,,CCARRASCO-R,KMAEDA-R,,,,,,,,
2020,2020-08-01,NYM,ATL,1.0,7.0,False,0|0|0|0|1|0|0|0|0,2|3|0|0|1|1|0|0|0,105.0,-125.0,103.0,-113.0,-1.5,10.5,sbro,,,,,MWACHA-R,TTOUSSAINT-R,,,,,,,,
2020,2020-08-01,HOU,LAA,4.0,5.0,False,0|0|0|0|0|0|1|0|3,0|0|0|0|0|2|0|1|1,-165.0,144.0,-145.0,135.0,1.5,9.0,sbro,,,,,ZGREINKE-R,GCANNING-R,,,,,,,,
2020,2020-08-01,BOS,NYY,2.0,5.0,False,0|0|2|0|0|0|0|0|0,1|4|0|0|0|0|0|0|0,207.0,-250.0,170.0,-185.0,-1.5,10.0,sbro,,,,,ZGODLEY-R,MTANAKA-R,,,,,,,,
2020,2020-08-01,LAD,ARI,11.0,2.0,False,0|0|0|3|5|0|0|3|0,1|0|0|1|0|0|0|0|0,-145.0,125.0,-155.0,145.0,1.5,9.5,sbro,,,,,JURIAS-L,LWEAVER-R,,,,,,,,
2020,2020-08-01,SDG,COL,1.0,6.0,False,0|0|0|0|0|0|0|1|0,0|3|1|1|1|0|0|0|0,-110.0,-110.0,-110.0,100.0,1.5,12.5,sbro,,,,,JLUCCHESI-L,KFREELAND-L,,,,,,,,
2020,2020-08-01,PIT,CUB,3.0,4.0,False,0|0|0|0|0|0|0|0|3,0|0|2|0|0|0|0|2|0,160.0,-185.0,165.0,-180.0,-1.5,9.0,sbro,,,,,MKELLER-R,TCHATWOOD-R,,,,,,,,
2020,2020-08-01,OAK,SEA,3.0,2.0,False,0|0|0|0|0|0|2|0|0,0|0|2|0|0|0|0|0|0,-155.0,135.0,-148.0,138.0,1.5,9.5,sbro,,,,,MFIERS-R,YKIKUCHI-L,,,,,,,,
2020,2020-08-01,TEX,SFO,3.0,7.0,False,2|0|0|0|0|0|0|0|1,2|0|2|0|0|1|0|2|0,-130.0,110.0,113.0,-123.0,1.5,8.5,sbro,,,,,JLYLES-R,DSMYLY-L,,,,,,,,
2020,2020-08-02,TAM,BAL,1.0,5.0,False,0|0|0|0|0|1|0|0|0,0|0|1|0|0|0|3|1|x,-190.0,163.0,-200.0,180.0,1.5,9.5,sbro,,,,,YCHIRINOS-R,TMILONE-L,,,,,,,,
2020,2020-08-02,CIN,DET,4.0,3.0,False,2|0|1|0|0|0|1|x|x,0|0|0|0|0|3|0|x|x,-160.0,140.0,-150.0,140.0,1.5,7.5,sbro,,,,,ADESCLAFANI-R,RGARCIA-R,,,,,,,,
2020,2020-08-02,NYM,ATL,0.0,4.0,False,0|0|0|0|0|0|0|0|0,0|0|2|1|0|0|0|1|x,-110.0,-110.0,105.0,-115.0,-1.5,11.0,sbro,,,,,DPETERSON-L,KWRIGHT-R,,,,,,,,
2020,2020-08-02,CWS,KAN,9.0,2.0,False,0|0|0|1|1|0|7|0|0,0|1|0|0|1|0|0|0|0,-121.0,110.0,-120.0,110.0,1.5,9.5,sbro,,,,,DCEASE-R,JJUNIS-R,,,,,,,,
2020,2020-08-02,CLE,MIN,1.0,3.0,False,0|0|0|1|0|0|0|0|0,1|1|1|0|0|0|0|0|x,-105.0,-115.0,104.0,-114.0,-1.5,9.0,sbro,,,,,ACIVALE-R,TCLIPPARD-R,,,,,,,,
2020,2020-08-02,PIT,CUB,1.0,2.0,False,1|0|0|0|0|0|0|0|0,0|0|0|0|1|0|0|0|0,180.0,-215.0,165.0,-180.0,-1.5,9.0,sbro,,,,,SBRAULT-L,JLESTER-L,,,,,,,,
2020,2020-08-02,SDG,COL,6.0,9.0,False,0|0|0|0|0|1|0|4|1,0|1|0|2|0|2|4|0|x,-135.0,115.0,-117.0,107.0,1.5,13.0,sbro,,,,,ZDAVIES-R,ASENZATELA-R,,,,,,,,
2020,2020-08-02,TEX,SFO,9.0,5.0,False,0|3|0|0|2|0|4|0|0,0|1|0|0|1|3|0|0|0,-105.0,-115.0,100.0,-110.0,-1.5,9.0,sbro,,,,,KALLARD-L,JSAMARDZIJA-R,,,,,,,,
2020,2020-08-02,HOU,LAA,6.0,5.0,False,0|2|0|0|0|0|1|0|1,0|0|4|0|0|0|0|0|0,-120.0,100.0,-145.0,135.0,1.5,10.0,sbro,,,,,JJAMES-R,SOHTANI-R,,,,,,,,
2020,2020-08-02,LAD,ARI,3.0,0.0,False,2|0|0|0|1|0|0|0|0,0|0|0|0|0|0|0|0|0,-160.0,140.0,-185.0,170.0,1.5,9.0,sbro,,,,,CKERSHAW-L,MKELLY-R,,,,,,,,
2020,2020-08-02,OAK,SEA,3.0,2.0,False,0|0|0|0|3|0|0|0|0,1|0|0|0|0|0|0|1|0,-155.0,140.0,-160.0,150.0,1.5,9.0,sbro,,,,,CBASSITT-R,KGRAVEMAN-R,,,,,,,,
2020,2020-08-02,BOS,NYY,7.0,9.0,False,2|0|3|0|1|0|1|0|0,0|3|2|0|1|0|0|3|x,213.0,-240.0,200.0,-220.0,-1.5,10.5,sbro,,,,,ABRICE-R,JPAXTON-L,,,,,,,,
2020,2020-08-02,CIN,DET,4.0,0.0,False,1|1|0|0|0|0|2|x|x,0|0|0|0|0|0|0|x|x,-175.0,157.0,-176.0,163.0,1.5,7.0,sbro,,,,,TBAUER-R,DNORRIS-L,,,,,,,,
2020,2020-08-03,CLE,CIN,2.0,3.0,False,1|1|0|0|0|0|0|0|0,0|0|0|1|0|2|0|0|0,105.0,-125.0,144.0,-154.0,-1.5,8.0,sbro,,,,,ZPLESAC-R,SGRAY-R,,,,,,,,
2020,2020-08-03,NYM,ATL,7.0,2.0,False,0|0|4|1|2|0|0|0|0,0|0|0|0|2|0|0|0|0,-125.0,105.0,-126.0,116.0,1.5,8.0,sbro,,,,,JDEGROM-R,MSOROKA-R,,,,,,,,
2020,2020-08-03,PIT,MIN,4.0,5.0,False,1|1|0|1|1|0|0|0|0,0|0|0|0|0|4|0|0|1,207.0,-250.0,180.0,-200.0,-1.5,9.5,sbro,,,,,DHOLLAND-L,LTHORPE-L,,,,,,,,
2020,2020-08-03,CWS,MIL,6.0,4.0,False,2|0|0|0|0|0|2|1|1,1|0|0|0|2|1|0|0|0,-105.0,-105.0,106.0,-116.0,-1.5,9.5,sbro,,,,,CRODON-L,BANDERSON-L,,,,,,,,
2020,2020-08-03,KAN,CUB,0.0,2.0,False,0|0|0|0|0|0|0|0|0,0|0|0|0|1|0|1|0|0,140.0,-160.0,139.0,-149.0,-1.5,8.0,sbro,,,,,DDUFFY-L,AMILLS-R,,,,,,,,
2020,2020-08-03,SFO,COL,6.0,7.0,False,0|0|3|0|1|0|0|0|2,1|0|0|0|0|5|0|1|0,135.0,-155.0,115.0,-125.0,-1.5,13.5,sbro,,,,,JCUETO-R,CGONZALEZ-R,,,,,,,,
2020,2020-08-03,OAK,SEA,11.0,1.0,False,0|0|0|0|8|0|2|0|1,0|0|1|0|0|0|0|0|0,-175.0,151.0,-185.0,170.0,1.5,9.0,sbro,,,,,FMONTAS-R,JSHEFFIELD-L,,,,,,,,
2020,2020-08-03,LAD,SDG,4.0,5.0,False,1|0|0|0|2|0|0|0|1,1|0|0|1|1|2|0|0|0,-130.0,110.0,-133.0,123.0,1.5,8.0,sbro,,,,,WBUEHLER-R,CPADDACK-R,,,,,,,,
2020,2020-08-03,PHI,NYY,3.0,6.0,False,0|0|1|0|0|0|1|1|0,1|0|2|0|0|3|0|0|0,274.0,-340.0,245.0,-280.0,-1.5,9.0,sbro,,,,,JARRIETA-R,GCOLE-R,,,,,,,,
2020,2020-08-04,PIT,MIN,3.0,7.0,False,0|0|0|1|0|0|0|0|2,3|1|0|1|2|0|0|0|x,184.0,-220.0,177.0,-194.0,-1.5,8.5,sbro,,,,,JMUSGROVE-R,JBERRIOS-R,,,,,,,,
2020,2020-08-04,CLE,CIN,4.0,2.0,False,0|0|0|0|0|0|2|2|0,1|0|0|1|0|0|0|0|0,-175.0,151.0,-160.0,150.0,1.5,8.0,sbro,,,,,SBIEBER-R,TMAHLE-R,,,,,,,,
2020,2020-08-04,BOS,TAM,1.0,5.0,False,0|1|0|0|0|0|0|0|0,0|0|0|2|2|0|1|0|x,140.0,-160.0,125.0,-135.0,-1.5,8.0,sbro,,,,,NEOVALDI-R,CMORTON-R,,,,,,,,
2020,2020-08-04,NYM,WAS,3.0,5.0,False,0|0|0|2|1|0|0|0|0,1|1|3|0|0|0|0|0|x,130.0,-150.0,150.0,-160.0,-1.5,8.5,sbro,,,,,SMATZ-L,PCORBIN-L,,,,,,,,
2020,2020-08-04,TOR,ATL,1.0,10.0,False,0|0|0|0|1|0|0|0|0,0|2|0|0|4|0|0|4|x,130.0,-150.0,163.0,-176.0,-1.5,8.5,sbro,,,,,MSHOEMAKER-R,MFRIED-L,,,,,,,,
2020,2020-08-04,CWS,MIL,3.0,2.0,False,0|0|0|0|0|2|1|0|0,0|0|0|0|2|0|0|0|0,105.0,-125.0,114.0,-124.0,-1.5,8.0,sbro,,,,,LGIOLITO-R,BWOODRUFF-R,,,,,,,,
2020,2020-08-04,KAN,CUB,4.0,5.0,False,0|1|0|0|1|0|0|0|2,0|2|0|2|0|0|0|1|x,176.0,-210.0,195.0,-215.0,-1.5,8.0,sbro,,,,,BSINGER-R,KHENDRICKS-R,,,,,,,,
2020,2020-08-04,SFO,COL,2.0,5.0,False,0|0|0|0|2|0|0|0|0,1|0|0|2|0|1|1|0|x,180.0,-215.0,160.0,-170.0,-1.5,11.0,sbro,,,,,KGAUSMAN-R,GMARQUEZ-R,,,,,,,,
2020,2020-08-04,TEX,OAK,1.0,5.0,False,0|0|0|0|0|1|0|0|0,0|0|0|0|0|0|1|0|4,115.0,-135.0,150.0,-160.0,-1.5,7.5,sbro,,,,,LLYNN-R,JLUZARDO-L,,,,,,,,
2020,2020-08-04,LAD,SDG,5.0,2.0,False,0|0|0|0|0|2|1|1|1,0|0|1|1|0|0|0|0|0,-135.0,115.0,-116.0,106.0,1.5,8.0,sbro,,,,,DMAY-R,DLAMET-R,,,,,,,,
2020,2020-08-04,HOU,ARI,8.0,2.0,False,1|2|0|0|5|0|0|0|0,0|0|0|1|0|0|1|0|0,-119.0,-101.0,-130.0,120.0,1.5,9.5,sbro,,,,,CJAVIER-R,MBUMGARNER-L,,,,,,,,
2020,2020-08-04,LAA,SEA,5.0,3.0,False,3|0|0|0|0|0|2|0|0,0|0|0|0|0|1|1|1|0,-175.0,151.0,-185.0,170.0,1.5,9.0,sbro,,,,,AHEANEY-L,JDUNN-R,,,,,,,,
2020,2020-08-04,MIA,BAL,4.0,0.0,False,0|0|0|0|1|2|0|1|0,0|0|0|0|0|0|0|0|0,131.0,-145.0,105.0,-115.0,-1.5,9.0,sbro,,,,,PLOPEZ-R,JMEANS-L,,,,,,,,
2020,2020-08-05,NYM,WAS,3.0,1.0,False,1|0|0|1|0|0|1|0|0,1|0|0|0|0|0|0|0|0,170.0,-200.0,195.0,-215.0,-1.5,8.5,sbro,,,,,RPORCELLO-R,MSCHERZER-R,,,,,,,,
2020,2020-08-05,BOS,TAM,5.0,0.0,False,0|0|0|2|0|3|0|0|0,0|0|0|0|0|0|0|0|0,148.0,-170.0,130.0,-140.0,-1.5,8.5,sbro,,,,,MPEREZ-L,RYARBROUGH-L,,,,,,,,
2020,2020-08-05,MIN,PIT,5.0,2.0,False,0|1|0|0|0|0|0|0|4,0|0|0|0|0|0|0|0|2,-175.0,151.0,-163.0,153.0,1.5,9.5,sbro,,,,,RDOBNAK-R,TWILLIAMS-R,,,,,,,,
2020,2020-08-05,CIN,CLE,0.0,2.0,False,0|0|0|0|0|0|0|0|0,0|0|0|0|2|0|0|0|x,105.0,-125.0,152.0,-162.0,-1.5,8.5,sbro,,,,,TANTONE-R,MCLEVINGER-R,,,,,,,,
2020,2020-08-05,TOR,ATL,2.0,1.0,False,0|1|0|0|1|0|0|0|0,0|0|0|0|0|0|1|0|0,130.0,-150.0,108.0,-118.0,-1.5,9.0,sbro,,,,,HRYU-L,SNEWCOMB-L,,,,,,,,
2020,2020-08-05,CUB,KAN,6.0,1.0,False,0|0|0|2|0|0|0|2|2,0|0|1|0|0|0|0|0|0,-170.0,148.0,-198.0,179.0,1.5,9.0,sbro,,,,,YDARVISH-R,KBUBIC-L,,,,,,,,
2020,2020-08-05,MIL,CWS,1.0,0.0,False,0|0|1|0|0|0|0|0|0,0|0|0|0|0|0|0|0|0,130.0,-150.0,122.0,-132.0,-1.5,8.5,sbro,,,,,AHOUSER-R,DKEUCHEL-L,,,,,,,,
2020,2020-08-05,SFO,COL,4.0,3.0,False,0|0|0|3|0|1|0|0|0,1|0|1|0|0|0|1|0|0,176.0,-210.0,158.0,-168.0,-1.5,11.5,sbro,,,,,LWEBB-R,JGRAY-R,,,,,,,,
2020,2020-08-05,TEX,OAK,4.0,6.0,False,1|0|0|3|0|0|0|0|0,2|0|0|0|1|0|2|1|x,155.0,-180.0,153.0,-163.0,-1.5,8.0,sbro,,,,,KGIBSON-R,SMANAEA-L,,,,,,,,
2020,2020-08-05,LAD,SDG,7.0,6.0,False,0|2|0|0|2|3|0|0|0,0|0|0|0|2|2|0|1|1,-140.0,120.0,-125.0,115.0,1.5,8.0,sbro,,,,,RSTRIPLING-R,GRICHARDS-R,,,,,,,,
2020,2020-08-05,HOU,ARI,7.0,14.0,False,0|3|0|1|2|0|0|1|0,0|0|0|9|2|0|1|2|x,-165.0,144.0,-145.0,135.0,1.5,9.5,sbro,,,,,LMCCULLERSJR-R,RRAY-L,,,,,,,,
2020,2020-08-05,LAA,SEA,6.0,7.0,False,0|0|1|0|0|2|0|3|0,0|0|3|0|1|0|3|0|x,-160.0,140.0,-119.0,109.0,1.5,9.0,sbro,,,,,JTEHERAN-R,MGONZALES-L,,,,,,,,
2020,2020-08-05,PHI,NYY,11.0,7.0,False,0|0|4|0|1|6|0|x|x,1|2|0|0|0|0|4|x|x,130.0,-150.0,105.0,-115.0,-1.5,7.5,sbro,,,,,ZWHEELER-R,JHAPP-L,,,,,,,,
2020,2020-08-05,NYY,PHI,3.0,1.0,False,0|1|0|0|0|0|2|x|x,0|1|0|0|0|0|0|x|x,-125.0,105.0,-140.0,130.0,1.5,7.5,sbro,,,,,JLOAISIGA-R,ANOLA-R,,,,,,,,
2020,2020-08-05,MIA,BAL,1.0,0.0,False,0|0|0|1|0|0|0|x|x,0|0|0|0|0|0|0|x|x,-105.0,-115.0,104.0,-114.0,-1.5,7.0,sbro,,,,,EHERNANDEZ-R,ACOBB-R,,,,,,,,
2020,2020-08-05,BAL,MIA,1.0,2.0,False,0|0|0|0|0|1|0|x|x,2|0|0|0|0|0|x|x|x,-105.0,-115.0,100.0,-110.0,-1.5,7.5,sbro,,,,,AWOJCIECHOWSKI-R,JSMITH-R,,,,,,,,
2020,2020-08-06,MIN,PIT,5.0,6.0,False,3|0|0|1|1|0|0|0|0,0|3|0|0|0|0|0|1|2,-200.0,170.0,-215.0,195.0,1.5,8.5,sbro,,,,,KMAEDA-R,JTBRUBAKER-R,,,,,,,,
2020,2020-08-06,SFO,COL,4.0,6.0,False,0|0|0|0|0|0|3|1|0,0|0|0|0|0|1|5|0|0,163.0,-190.0,152.0,-162.0,-1.5,11.5,sbro,,,,,TANDERSON-L,KFREELAND-L,,,,,,,,
2020,2020-08-06,TEX,OAK,4.0,6.0,False,0|0|0|0|1|1|2|0|0,0|1|0|4|0|0|1|0|0,140.0,-160.0,150.0,-160.0,-1.5,9.0,sbro,,,,,MMINOR-L,MFIERS-R,,,,,,,,
2020,2020-08-06,LAA,SEA,6.0,1.0,False,0|1|0|3|0|0|0|2|0,0|0|0|1|0|0|0|0|0,-165.0,144.0,-155.0,145.0,1.5,8.5,sbro,,,,,DBUNDY-R,TWALKER-R,,,,,,,,
2020,2020-08-06,CIN,CLE,0.0,13.0,False,0|0|0|0|0|0|0|0|0,1|0|0|0|2|0|10|0|0,105.0,-125.0,103.0,-113.0,-1.5,7.0,sbro,,,,,LCASTILLO-R,CCARRASCO-R,,,,,,,,
2020,2020-08-06,TOR,ATL,3.0,4.0,False,0|0|0|1|0|0|2|0|0,2|0|0|1|0|0|0|0|1,120.0,-140.0,110.0,-120.0,-1.5,9.0,sbro,,,,,NPEARSON-R-R,TTOUSSAINT-R,,,,,,,,
2020,2020-08-06,CUB,KAN,2.0,13.0,False,0|0|0|0|0|0|0|0|2,1|2|6|0|2|0|1|1|0,-180.0,155.0,-165.0,155.0,1.5,9.5,sbro,,,,,TCHATWOOD-R,BKELLER-R,,,,,,,,
2020,2020-08-06,HOU,ARI,4.0,5.0,False,0|0|0|1|0|1|0|2|0,0|0|0|0|0|3|0|0|2,-140.0,120.0,105.0,-115.0,1.5,9.0,sbro,,,,,BBIELAK-R,ZGALLEN-R,,,,,,,,
2020,2020-08-06,MIL,CWS,8.0,3.0,False,0|0|1|0|4|0|0|3|0,0|2|0|0|0|0|0|0|1,125.0,-145.0,100.0,-110.0,-1.5,9.0,sbro,,,,,JLINDBLOM-R,GGONZALEZ-L,,,,,,,,
2020,2020-08-06,NYY,PHI,4.0,5.0,False,0|2|0|0|0|0|2|0|0,3|0|2|0|0|0|0|0|0,-165.0,145.0,-136.0,126.0,1.5,9.5,sbro,,,,,JMONTGOMERY-L,ZEFLIN-R,,,,,,,,
2020,2020-08-06,BAL,MIA,7.0,8.0,False,0|1|2|1|0|2|0|0|1,1|1|2|2|0|0|2|0|0,118.0,-131.0,108.0,-118.0,-1.5,8.5,sbro,,,,,WLEBLANC-L,JYAMAMOTO-R,,,,,,,,
2020,2020-08-07,BAL,WAS,11.0,0.0,False,1|2|0|1|0|4|3|0|0,0|0|0|0|0|0|0|0|0,180.0,-215.0,164.0,-178.0,-1.5,9.0,sbro,,,,,TMILONE-L,ASANCHEZ-R,,,,,,,,
2020,2020-08-07,NYY,TAM,0.0,1.0,False,0|0|0|0|0|0|0|0|0,0|0|0|0|0|0|0|1|x,-115.0,-105.0,-105.0,-105.0,-1.5,8.0,sbro,,,,,MTANAKA-R,BSNELL-L,,,,,,,,
2020,2020-08-07,DET,PIT,17.0,13.0,False,0|1|0|0|4|1|6|0|0,0|2|0|2|3|0|0|2|3,-115.0,-105.0,-107.0,-103.0,1.5,8.5,sbro,,,,,MBOYD-L,CKUHL-R,,,,,,,,
2020,2020-08-07,MIA,NYM,4.0,3.0,False,0|4|0|0|0|0|0|0|0,0|1|0|0|0|0|0|2|0,135.0,-150.0,175.0,-190.0,-1.5,9.0,sbro,,,,,HMejia-R,MWACHA-R,,,,,,,,
2020,2020-08-07,TOR,BOS,3.0,5.0,False,1|0|1|0|0|1|0|0|0,1|1|2|0|0|0|0|1|x,-119.0,109.0,-107.0,-103.0,-1.5,10.5,sbro,,,,,TROARK-R,RWEBER-R,,,,,,,,
2020,2020-08-07,MIN,KAN,2.0,3.0,False,0|0|1|1|0|0|0|0|0,0|0|1|0|1|1|0|0|x,-185.0,160.0,-135.0,125.0,1.5,9.5,sbro,,,,,DSMELTZER-L,JJUNIS-R,,,,,,,,
2020,2020-08-07,CLE,CWS,0.0,2.0,False,0|0|0|0|0|0|0|0|0,1|0|0|0|0|0|0|1|x,-105.0,-115.0,-133.0,123.0,1.5,8.5,sbro,,,,,ACIVALE-R,DCEASE-R,,,,,,,,
2020,2020-08-07,CIN,MIL,8.0,3.0,False,0|6|0|0|0|2|0|0|0,0|0|0|1|0|0|0|2|0,-135.0,115.0,-106.0,-104.0,1.5,8.0,sbro,,,,,TBAUER-R,ELAUER-L,,,,,,,,
2020,2020-08-07,LAA,TEX,3.0,4.0,False,2|0|0|1|0|0|0|0|0,0|1|0|3|0|0|0|0|x,-165.0,144.0,-172.0,161.0,1.5,9.0,sbro,,,,,GCANNING-R,JLYLES-R,,,,,,,,
2020,2020-08-07,ARI,SDG,0.0,3.0,False,0|0|0|0|0|0|0|0|0,1|1|0|0|1|0|0|0|x,120.0,-140.0,111.0,-121.0,-1.5,8.5,sbro,,,,,LWEAVER-R,ZDAVIES-R,,,,,,,,
2020,2020-08-07,HOU,OAK,2.0,3.0,False,0|0|1|0|0|0|0|0|0,0|0|0|0|0|0|1|0|0,-101.0,-119.0,112.0,-122.0,-1.5,8.5,sbro,,,,,ZGREINKE-R,CBASSITT-R,,,,,,,,
2020,2020-08-07,COL,SEA,8.0,4.0,False,0|0|2|0|0|2|1|3|0,0|1|0|0|0|2|0|1|0,-125.0,105.0,113.0,-123.0,-1.5,8.5,sbro,,,,,ASENZATELA-R,YKIKUCHI-L,,,,,,,,
2020,2020-08-07,SFO,LAD,2.0,7.0,False,0|0|1|0|0|1|0|0|0,0|0|2|3|1|0|0|1|x,207.0,-250.0,245.0,-275.0,-1.5,9.0,sbro,,,,,JSAMARDZIJA-R,JURIAS-L,,,,,,,,
2020,2020-08-08,CLE,CWS,7.0,1.0,False,0|0|0|6|0|0|0|1|0,0|0|0|0|0|0|0|1|0,-119.0,-101.0,-132.0,122.0,1.5,8.5,sbro,,,,,ZPLESAC-R,MFOSTER-R,,,,,,,,
2020,2020-08-08,DET,PIT,11.0,5.0,False,5|1|0|0|0|4|1|0|0,0|0|2|3|0|0|0|0|0,-101.0,-119.0,122.0,-132.0,-1.5,9.5,sbro,,,,,INOVA-R,DHOLLAND-L,,,,,,,,
2020,2020-08-08,HOU,OAK,1.0,3.0,False,0|0|0|0|0|0|0|0|1,1|0|0|0|0|1|0|1|x,115.0,-135.0,162.0,-174.0,-1.5,8.5,sbro,,,,,FVALDEZ-L,FMONTAS-R,,,,,,,,
2020,2020-08-08,ATL,PHI,0.0,5.0,False,0|0|0|0|0|0|0|0|0,0|0|0|4|0|0|0|1|x,-110.0,-110.0,104.0,-114.0,-1.5,10.0,sbro,,,,,KWRIGHT-R,JARRIETA-R,,,,,,,,
2020,2020-08-08,BAL,WAS,5.0,3.0,False,0|0|0|0|0|0|0|5|0,0|2|0|0|0|1|0|0|0,170.0,-200.0,170.0,-185.0,-1.5,9.5,sbro,,,,,TESHELMAN-R,AVOTH-R,,,,,,,,
2020,2020-08-08,NYY,TAM,3.0,5.0,False,0|0|0|1|0|0|2|x|x,1|0|0|2|2|0|x|x|x,-115.0,105.0,-125.0,115.0,1.5,7.0,sbro,,,,,MKING-R,RTHOMPSON-R,,,,,,,,
2020,2020-08-08,MIN,KAN,6.0,9.0,False,0|0|0|4|0|1|1|0|0,1|0|1|6|0|0|1|0|x,-180.0,155.0,-153.0,143.0,1.5,9.5,sbro,,,,,JODORIZZI-R,DDUFFY-L,,,,,,,,
2020,2020-08-08,LAA,TEX,0.0,2.0,False,0|0|0|0|0|0|0|0|0,0|0|0|0|0|2|0|0|x,-135.0,115.0,-136.0,126.0,1.5,9.0,sbro,,,,,PSANDOVAL-L,KALLARD-L,,,,,,,,
2020,2020-08-08,CIN,MIL,4.0,1.0,False,3|0|0|0|0|0|1|0|0,0|0|0|0|0|0|0|1|0,-115.0,-105.0,106.0,-116.0,-1.5,9.0,sbro,,,,,ADESCLAFANI-R,BANDERSON-L,,,,,,,,
2020,2020-08-08,MIA,NYM,4.0,8.0,False,1|0|0|0|1|2|0|0|0,0|2|2|0|1|0|3|0|x,126.0,-140.0,155.0,-165.0,-1.5,9.0,sbro,,,,,DCASTANO-L,DPETERSON-L,,,,,,,,
2020,2020-08-08,TOR,BOS,2.0,1.0,False,0|0|0|0|0|0|1|1|0,0|1|0|0|0|0|0|0|0,-112.0,-108.0,115.0,-125.0,-1.5,10.5,sbro,,,,,CANDERSON-R,ZGODLEY-R,,,,,,,,
2020,2020-08-08,ARI,SDG,3.0,2.0,False,0|0|0|1|0|2|0|0|0,1|0|0|0|0|0|0|1|0,144.0,-165.0,165.0,-180.0,-1.5,7.5,sbro,,,,,MKELLY-R,CPADDACK-R,,,,,,,,
2020,2020-08-08,COL,SEA,5.0,0.0,False,0|0|0|0|4|1|0|0|0,0|0|0|0|0|0|0|0|0,-125.0,105.0,104.0,-114.0,-1.5,9.5,sbro,,,,,RCASTELLANI-R,NMARGEVICIUS-L,,,,,,,,
2020,2020-08-08,SFO,LAD,5.0,4.0,False,0|0|2|0|2|1|0|0|0,0|0|0|0|0|4|0|0|0,249.0,-305.0,270.0,-310.0,-1.5,8.0,sbro,,,,,JCUETO-R,CKERSHAW-L,,,,,,,,
2020,2020-08-08,NYY,TAM,8.0,4.0,False,0|0|4|0|1|2|1|x|x,0|0|0|0|3|1|0|x|x,-161.0,145.0,-146.0,136.0,1.5,5.5,sbro,,,,,GCOLE-R,TGLASNOW-R,,,,,,,,
2020,2020-08-09,BAL,WAS,5.0,2.0,False,0|0|0|0|5|0|x|x|x,0|0|0|0|2|0|x|x|x,184.0,-220.0,200.0,-220.0,-1.5,8.5,sbro,,,,,AWOJCIECHOWSKI-R,SSTRASBURG-R,,,,,,,,
2020,2020-08-09,ATL,PHI,5.0,2.0,False,0|0|0|0|5|0|0|x|x,0|0|1|0|1|0|0|x|x,-111.0,-109.0,-108.0,-102.0,1.5,7.5,sbro,,,,,UNDECIDED,UNDECIDED,,,,,,,,
2020,2020-08-09,NYY,TAM,3.0,4.0,False,1|0|0|0|2|0|0|0|0,0|0|0|0|0|0|3|0|1,-105.0,-115.0,100.0,-110.0,-1.5,8.5,sbro,,,,,JPAXTON-L,CMORTON-R,,,,,,,,
2020,2020-08-09,MIA,NYM,2.0,4.0,False,0|0|0|0|2|0|0|0|0,0|0|2|1|0|1|0|0|x,207.0,-250.0,215.0,-245.0,-1.5,7.5,sbro,,,,,PLOPEZ-R,JDEGROM-R,,,,,,,,
2020,2020-08-09,DET,PIT,2.0,1.0,False,0|0|0|0|1|0|0|1|0,0|0|0|1|0|0|0|0|0,-110.0,-110.0,-140.0,130.0,1.5,9.0,sbro,,,,,STURNBULL-R,SBRAULT-L,,,,,,,,
2020,2020-08-09,TOR,BOS,3.0,5.0,False,0|0|1|1|0|1|0|0|0,0|1|1|0|0|1|0|0|2,130.0,-150.0,145.0,-155.0,-1.5,10.0,sbro,,,,,MSHOEMAKER-R,NEOVALDI-R,,,,,,,,
2020,2020-08-09,MIN,KAN,2.0,4.0,False,0|0|2|0|0|0|0|0|0,2|0|1|0|0|1|0|0|x,-180.0,155.0,-155.0,145.0,1.5,9.5,sbro,,,,,JBERRIOS-R,BSINGER-R,,,,,,,,
2020,2020-08-09,CLE,CWS,5.0,4.0,False,0|0|2|0|0|0|0|1|0,0|1|0|0|0|2|0|0|0,-140.0,120.0,-160.0,150.0,1.5,7.5,sbro,,,,,SBIEBER-R,LGIOLITO-R,,,,,,,,
2020,2020-08-09,CIN,MIL,3.0,9.0,False,1|0|0|1|0|0|0|0|1,0|0|1|0|0|6|2|0|x,100.0,-120.0,107.0,-117.0,-1.5,7.0,sbro,,,,,SGRAY-R,BWOODRUFF-R,,,,,,,,
2020,2020-08-09,LAA,TEX,3.0,7.0,False,0|0|0|0|2|1|0|0|0,0|0|1|4|1|0|0|1|x,-115.0,-105.0,-114.0,104.0,1.5,7.5,sbro,,,,,AHEANEY-L,LLYNN-R,,,,,,,,
2020,2020-08-09,COL,SEA,3.0,5.0,False,0|0|0|0|0|0|0|3|0,2|0|0|0|0|0|3|0|x,-185.0,160.0,-147.0,137.0,1.5,8.0,sbro,,,,,GMARQUEZ-R,JSHEFFIELD-L,,,,,,,,
2020,2020-08-09,SFO,LAD,2.0,6.0,False,0|0|0|0|2|0|0|0|0,0|0|0|0|0|0|3|3|x,263.0,-325.0,220.0,-250.0,-1.5,8.5,sbro,,,,,KGAUSMAN-R,WBUEHLER-R,,,,,,,,
2020,2020-08-09,ARI,SDG,5.0,9.0,False,0|0|0|0|0|0|1|0|4,3|3|3|0|0|0|0|0|x,125.0,-145.0,165.0,-180.0,-1.5,8.0,sbro,,,,,MBUMGARNER-L,DLAMET-R,,,,,,,,
2020,2020-08-09,HOU,OAK,2.0,7.0,False,0|0|0|2|0|0|0|0|0,0|1|4|0|1|0|1|0|x,120.0,-140.0,138.0,-148.0,-1.5,8.0,sbro,,,,,CJAVIER-R,JLUZARDO-L,,,,,,,,
2020,2020-08-09,ATL,PHI,8.0,0.0,False,0|0|2|0|2|4|0|x|x,0|0|0|0|0|0|0|x|x,-148.0,128.0,-145.0,135.0,1.5,6.5,sbro,,,,,MFRIED-L,UNDECIDED,,,,,,,,
2020,2020-08-10,ATL,PHI,8.0,13.0,False,0|1|0|0|0|0|0|0|7,3|7|0|2|1|0|0|0|x,130.0,-150.0,130.0,-140.0,-1.5,9.0,sbro,,,,,SNEWCOMB-L,ANOLA-R,,,,,,,,
2020,2020-08-10,CWS,DET,1.0,5.0,False,0|0|0|0|0|0|1|0|0,0|0|0|1|0|1|3|0|x,-150.0,130.0,-130.0,120.0,1.5,9.0,sbro,,,,,DKEUCHEL-L,MFULMER-R,,,,,,,,
2020,2020-08-10,WAS,NYM,16.0,4.0,False,0|1|4|0|7|2|2|0|0,0|0|0|0|0|2|0|1|1,-115.0,-105.0,-120.0,110.0,1.5,8.5,sbro,,,,,PCORBIN-L,SMATZ-L,,,,,,,,
2020,2020-08-10,TAM,BOS,8.0,7.0,False,0|1|0|2|1|1|2|1|0,3|0|1|0|0|1|0|2|0,-147.0,127.0,-125.0,115.0,1.5,9.5,sbro,,,,,RYARBROUGH-L,UNDECIDED,,,,,,,,
2020,2020-08-10,MIN,MIL,4.0,2.0,False,0|0|4|0|0|0|0|0|0,0|1|0|0|0|0|0|1|0,-110.0,-110.0,100.0,-110.0,1.5,8.5,sbro,,,,,RDOBNAK-R,AHOUSER-R,,,,,,,,
2020,2020-08-10,ARI,COL,12.0,8.0,False,2|0|3|3|0|0|3|0|1,1|0|2|3|1|0|0|0|1,130.0,-150.0,117.0,-127.0,-1.5,11.5,sbro,,,,,RRAY-L,JGRAY-R,,,,,,,,
2020,2020-08-10,SEA,TEX,10.0,2.0,False,0|0|1|0|3|5|1|0|0,1|0|1|0|0|0|0|0|0,125.0,-145.0,165.0,-180.0,-1.5,9.0,sbro,,,,,JDUNN-R,KGIBSON-R,,,,,,,,
2020,2020-08-10,SFO,HOU,4.0,6.0,False,0|0|0|0|0|0|0|1|3,0|1|4|0|0|1|0|0|x,200.0,-230.0,190.0,-210.0,-1.5,9.0,sbro,,,,,UNDECIDED,LMCCULLERSJR-R,,,,,,,,
2020,2020-08-10,OAK,LAA,9.0,10.0,False,0|3|2|4|0|0|0|0|0,3|0|1|3|0|2|0|1|x,-140.0,120.0,-122.0,112.0,1.5,9.5,sbro,,,,,SMANAEA-L,JTEHERAN-R,,,,,,,,
2020,2020-08-10,SDG,LAD,2.0,1.0,False,0|0|0|0|1|1|0|0|0,1|0|0|0|0|0|0|0|0,151.0,-175.0,185.0,-205.0,-1.5,8.5,sbro,,,,,GRICHARDS-R,DMAY-R,,,,,,,,
2020,2020-08-11,MIA,TOR,4.0,5.0,False,0|1|0|0|0|0|0|0|3,0|0|0|0|0|3|1|0|0,144.0,-165.0,144.0,-154.0,-1.5,8.0,sbro,,,,,EHERNANDEZ-R,HRYU-L,,,,,,,,
2020,2020-08-11,KAN,CIN,5.0,6.0,False,0|0|1|1|1|0|0|2|0,0|2|3|0|0|0|0|0|0,163.0,-190.0,161.0,-172.0,-1.5,8.5,sbro,,,,,KBUBIC-L-L,LCASTILLO-R,,,,,,,,
2020,2020-08-11,ATL,NYY,6.0,9.0,False,0|0|0|0|0|3|1|2|0,3|0|3|0|2|0|1|0|0,140.0,-160.0,127.0,-137.0,-1.5,9.5,sbro,,,,,TTOUSSAINT-R,JMONTGOMERY-L,,,,,,,,
2020,2020-08-11,BAL,PHI,10.0,9.0,False,0|0|0|0|0|3|2|0|3,0|0|2|0|1|0|0|3|2,144.0,-165.0,165.0,-180.0,-1.5,8.5,sbro,,,,,ACOBB-R,ZWHEELER-R,,,,,,,,
2020,2020-08-11,CUB,CLE,7.0,1.0,False,0|1|0|0|0|5|1|0|0,0|0|0|0|0|1|0|0|0,110.0,-130.0,-108.0,-102.0,1.5,9.0,sbro,,,,,JLESTER-L,APLUTKO-R,,,,,,,,
2020,2020-08-11,CWS,DET,8.0,4.0,False,4|0|0|1|0|1|2|0|0,0|0|0|0|2|0|0|0|2,-110.0,-110.0,-122.0,112.0,1.5,9.0,sbro,,,,,GGONZALEZ-L,TALEXANDER-L,,,,,,,,
2020,2020-08-11,WAS,NYM,2.0,1.0,False,1|1|0|0|0|0|0|0|0,0|0|0|1|0|0|0|0|0,-140.0,120.0,-155.0,145.0,1.5,8.5,sbro,,,,,MSCHERZER-R,RPORCELLO-R,,,,,,,,
2020,2020-08-11,TAM,BRS,8.0,2.0,False,1|0|1|0|0|0|6|0|0,0|1|0|0|0|0|0|1|0,-107.0,-113.0,-113.0,103.0,1.5,10.0,sbro,,,,,AKITTREDGE-R,MPEREZ-L,,,,,,,,
2020,2020-08-11,MIN,MIL,4.0,6.0,False,2|0|2|0|0|0|0|0|0,1|0|0|0|1|2|0|2|0,-111.0,-109.0,104.0,-114.0,-1.5,9.0,sbro,,,,,TCLIPPARD-R,JLINDBLOM-R,,,,,,,,
2020,2020-08-11,ARI,COL,7.0,8.0,False,0|0|0|1|0|0|1|0|5,0|0|0|2|0|0|0|6|0,100.0,-120.0,-114.0,104.0,-1.5,11.0,sbro,,,,,ZGALLEN-R,KFREELAND-L,,,,,,,,
2020,2020-08-11,SEA,TEX,2.0,4.0,False,0|0|0|0|2|0|0|0|0,2|0|2|0|0|0|0|0|0,130.0,-150.0,120.0,-130.0,-1.5,8.5,sbro,,,,,MGONZALES-L,MMINOR-L,,,,,,,,
2020,2020-08-11,SFO,HOU,7.0,6.0,False,0|1|0|0|1|0|3|0|1,0|3|1|0|0|2|0|0|0,176.0,-211.0,157.0,-167.0,-1.5,9.0,sbro,,,,,TANDERSON-L,BBIELAK-R,,,,,,,,
2020,2020-08-11,OAK,LAA,0.0,6.0,False,0|0|0|0|0|0|0|0|0,0|0|0|5|0|1|0|0|0,100.0,-120.0,145.0,-155.0,-1.5,9.0,sbro,,,,,MFIERS-R,DBUNDY-R,,,,,,,,
2020,2020-08-11,SDG,LAD,6.0,2.0,False,0|0|5|0|1|0|0|0|0,0|1|0|0|0|0|0|0|1,155.0,-180.0,148.0,-158.0,-1.5,8.5,sbro,,,,,GRICHARDS-R,RSTRIPLING-R,,,,,,,,
2020,2020-08-12,CWS,DET,7.0,5.0,False,2|0|1|0|4|0|0|0|0,1|0|0|4|0|0|0|0|0,-125.0,105.0,-133.0,123.0,1.5,9.0,sbro,,,,,DCEASE-R,MBOYD-L,,,,,,,,
2020,2020-08-12,ARI,COL,13.0,7.0,False,1|0|0|1|3|0|8|0|0,0|1|0|3|1|0|0|2|0,-105.0,-115.0,-109.0,-101.0,-1.5,12.5,sbro,,,,,LWEAVER-R,ASENZATELA-R,,,,,,,,
2020,2020-08-12,OAK,LAA,8.0,4.0,False,1|2|0|1|1|0|0|3|0,1|0|2|0|0|1|0|0|0,100.0,-120.0,-109.0,-101.0,1.5,9.5,sbro,,,,,CBASSITT-R,GCANNING-R,,,,,,,,
2020,2020-08-12,CUB,CLE,7.0,2.0,False,0|0|1|0|3|1|0|1|1,0|0|0|0|1|0|1|0|0,115.0,-135.0,110.0,-120.0,-1.5,7.5,sbro,,,,,KHENDRICKS-R,CCARRASCO-R,,,,,,,,
2020,2020-08-12,MIA,TOR,14.0,11.0,False,3|0|5|0|3|0|0|0|0,0|0|2|2|2|2|1|2|0,148.0,-170.0,148.0,-158.0,-1.5,8.5,sbro,,,,,JYAMAMOTO-R,NPEARSON-R,,,,,,,,
2020,2020-08-12,KAN,CIN,5.0,4.0,False,1|0|1|1|1|1|0|0|0,0|0|0|0|0|0|4|0|0,120.0,-140.0,105.0,-115.0,-1.5,9.5,sbro,,,,,BKELLER-R,WMILEY-L,,,,,,,,
2020,2020-08-12,ATL,NYY,3.0,6.0,False,0|2|0|0|0|0|0|0|1,0|2|0|2|2|0|0|0|x,179.0,-200.0,155.0,-165.0,-1.5,9.0,sbro,,,,,UNDECIDED,MTANAKA-R,,,,,,,,
2020,2020-08-12,BAL,PHI,5.0,4.0,False,0|0|1|2|1|0|1|0|0,0|1|2|0|0|0|0|1|0,148.0,-170.0,170.0,-185.0,-1.5,10.0,sbro,,,,,WLEBLANC-L,ZEFLIN-R,,,,,,,,
2020,2020-08-12,WAS,NYM,6.0,11.0,False,3|0|0|0|0|1|0|1|1,4|0|1|0|0|5|0|1|x,-115.0,105.0,117.0,-127.0,1.5,9.5,sbro,,,,,ASANCHEZ-R,UNDECIDED,,,,,,,,
2020,2020-08-12,MIN,MIL,12.0,2.0,False,0|5|1|1|4|1|0|0|0,0|0|0|0|0|2|0|0|0,-145.0,125.0,-135.0,125.0,1.5,9.0,sbro,,,,,KMAEDA-R,ELAUER-L,,,,,,,,
2020,2020-08-12,SFO,HOU,1.0,5.0,False,1|0|0|0|0|0|0|0|0,0|0|0|0|1|4|0|0|x,179.0,-200.0,177.0,-194.0,-1.5,9.0,sbro,,,,,UNDECIDED,ZGREINKE-R,,,,,,,,
2020,2020-08-12,TAM,BOS,9.0,5.0,False,1|3|2|2|0|0|0|0|1,0|0|0|0|0|0|0|5|0,-145.0,125.0,-143.0,133.0,1.5,9.0,sbro,,,,,BSNELL-L,ZGODLEY-R,,,,,,,,
2020,2020-08-12,SEA,TEX,4.0,7.0,False,0|4|0|0|0|0|0|0|0,0|0|0|0|0|1|1|5|x,105.0,-125.0,108.0,-118.0,-1.5,8.5,sbro,,,,,TWALKER-R,JLYLES-R,,,,,,,,
2020,2020-08-12,SDG,LAD,0.0,6.0,False,0|0|0|0|0|0|0|0|0,0|0|0|0|2|0|0|4|x,148.0,-170.0,158.0,-168.0,-1.5,9.5,sbro,,,,,ZDAVIES-R,JURIAS-L,,,,,,,,
2020,2020-08-13,WAS,NYM,2.0,8.0,False,1|0|0|0|0|1|0|0|0,0|1|0|2|4|0|0|1|0,-120.0,100.0,117.0,-127.0,-1.5,8.5,sbro,,,,,AVOTH-R,DPETERSON-L,,,,,,,,
2020,2020-08-13,MIL,CHC,2.0,4.0,False,0|0|0|0|0|0|1|0|1,1|1|0|0|0|2|0|0|0,160.0,-185.0,155.0,-165.0,-1.5,8.5,sbro,,,,,BANDERSON-L,YDARVISH-R,,,,,,,,
2020,2020-08-13,BAL,PHI,11.0,4.0,False,0|0|0|0|4|0|2|3|2,0|0|0|2|0|0|0|2|0,155.0,-180.0,180.0,-200.0,-1.5,9.5,sbro,,,,,TESHELMAN-R,JARRIETA-R,,,,,,,,
2020,2020-08-13,TAM,BOS,17.0,8.0,False,2|0|5|3|0|6|0|0|1,3|0|1|1|0|0|0|0|3,-150.0,130.0,-159.0,149.0,1.5,9.0,sbro,,,,,TGLASNOW-R,KHART-L,,,,,,,,
2020,2020-08-13,PIT,CIN,9.0,6.0,False,2|7|0|0|0|0|0|0|0,0|1|0|2|0|0|1|1|1,160.0,-185.0,157.0,-167.0,-1.5,9.0,sbro,,,,,TWILLIAMS-R,ADESCLAFANI-R,,,,,,,,
2020,2020-08-13,SDG,LAD,2.0,11.0,False,2|0|0|0|0|0|0|0|0,3|2|1|3|2|0|0|0|0,125.0,-145.0,137.0,-147.0,-1.5,8.0,sbro,,,,,CPADDACK-R,JURIAS-L,,,,,,,,
2020,2020-08-14,TAM,TOR,4.0,12.0,False,2|1|0|0|0|1|0|0|0,0|2|0|1|0|5|0|4|x,-131.0,118.0,-140.0,130.0,1.5,10.5,sbro,,,,,UNDECIDED,TROARK-R,,,,,,,,
2020,2020-08-14,WAS,BAL,15.0,3.0,False,0|2|3|1|0|0|1|6|2,1|0|0|0|0|0|1|1|0,-180.0,155.0,-162.0,152.0,1.5,9.0,sbro,,,,,SSTRASBURG-R,TMILONE-L,,,,,,,,
2020,2020-08-14,BOS,NYY,3.0,10.0,False,0|0|0|1|0|0|0|2|0,0|0|2|0|3|0|3|2|x,325.0,-375.0,260.0,-300.0,-1.5,9.0,sbro,,,,,UNDECIDED,GCOLE-R,,,,,,,,
2020,2020-08-14,NYM,PHI,5.0,6.0,False,1|1|2|0|0|0|0|0|1,0|2|0|0|3|0|0|0|1,-210.0,190.0,115.0,-125.0,1.5,10.0,sbro,,,,,JDEGROM-R,UNDECIDED,,,,,,,,
2020,2020-08-14,CLE,DET,10.0,5.0,False,0|2|0|6|0|0|2|0|0,0|1|2|0|0|1|0|0|1,-170.0,148.0,-200.0,180.0,1.5,8.5,sbro,,,,,ACIVALE-R,INOVA-R,,,,,,,,
2020,2020-08-14,PIT,CIN,1.0,8.0,False,0|0|0|1|0|0|0|0|0,0|1|0|2|0|0|4|1|x,176.0,-210.0,185.0,-205.0,-1.5,8.0,sbro,,,,,CKUHL-R,SGRAY-R,,,,,,,,
2020,2020-08-14,ATL,MIA,2.0,8.0,False,1|0|0|1|0|0|0|0|0,0|0|2|2|0|2|2|0|x,-119.0,-101.0,-104.0,-106.0,1.5,8.5,sbro,,,,,KWRIGHT-R,PLOPEZ-R,,,,,,,,
2020,2020-08-14,MIL,CUB,4.0,3.0,False,0|0|0|0|1|3|0|0|0,0|0|0|0|3|0|0|0|0,-115.0,-105.0,-125.0,115.0,1.5,8.0,sbro,,,,,BWOODRUFF-R,TCHATWOOD-R,,,,,,,,
2020,2020-08-14,TEX,COL,3.0,2.0,False,0|0|0|0|1|0|1|1|0,1|0|0|0|0|1|0|0|0,-101.0,-119.0,-129.0,119.0,1.5,12.5,sbro,,,,,LLYNN-R,RCASTELLANI-R,,,,,,,,
2020,2020-08-14,SEA,HOU,1.0,11.0,False,1|0|0|0|0|0|0|0|0,9|1|0|0|1|0|0|0|x,163.0,-190.0,220.0,-250.0,-1.5,9.5,sbro,,,,,YKIKUCHI-L,FVALDEZ-L,,,,,,,,
2020,2020-08-14,LAD,LAA,7.0,4.0,False,0|0|2|0|0|2|1|2|0,0|0|0|0|1|0|0|2|1,-155.0,135.0,-168.0,158.0,1.5,9.0,sbro,,,,,CKERSHAW-L,PSANDOVAL-L,,,,,,,,
2020,2020-08-14,SDG,ARI,1.0,5.0,False,0|0|0|0|0|0|0|0|1,0|0|0|0|0|1|0|4|x,-135.0,115.0,-148.0,138.0,1.5,9.0,sbro,,,,,DLAMET-R,MKELLY-R,,,,,,,,
2020,2020-08-14,OAK,SFO,8.0,7.0,False,0|0|0|0|0|0|2|0|5,1|0|3|2|0|0|0|1|0,-180.0,155.0,-200.0,180.0,1.5,8.5,sbro,,,,,FMONTAS-R,JCUETO-R,,,,,,,,
2020,2020-08-15,STL,CWS,6.0,3.0,False,0|0|0|1|4|0|1|x|x,0|0|1|2|0|0|0|x|x,109.0,-119.0,132.0,-142.0,-1.5,7.5,sbro,,,,,UNDECIDED,UNDECIDED,,,,,,,,
2020,2020-08-15,NYM,PHI,2.0,6.0,False,0|0|0|0|0|0|0|0|2,0|1|0|0|5|0|0|0|x,144.0,-165.0,155.0,-165.0,-1.5,9.0,sbro,,,,,SMATZ-L,ANOLA-R,,,,,,,,
2020,2020-08-15,CLE,DET,3.0,1.0,False,0|0|2|0|1|0|0|0|0,0|0|0|0|0|0|0|0|1,-185.0,160.0,-180.0,165.0,1.5,7.5,sbro,,,,,SBIEBER-R,STURNBULL-R,,,,,,,,
2020,2020-08-15,ATL,MIA,2.0,1.0,False,0|0|0|0|0|0|1|0|1,0|0|0|0|0|0|0|1|0,-175.0,151.0,-200.0,180.0,1.5,8.5,sbro,,,,,MFRIED-L,DCASTANO-L,,,,,,,,
2020,2020-08-15,WAS,BAL,3.0,7.0,False,0|0|0|2|0|1|0|0|0,2|2|0|1|0|1|0|1|x,-170.0,148.0,-174.0,162.0,1.5,9.0,sbro,,,,,PCORBIN-L,AWOJCIECHOWSKI-R,,,,,,,,
2020,2020-08-15,KAN,MIN,4.0,2.0,False,0|1|0|3|0|0|0|x|x,1|0|0|1|0|0|0|x|x,163.0,-190.0,170.0,-185.0,-1.5,7.5,sbro,,,,,DDUFFY-L,JBERRIOS-R,,,,,,,,
2020,2020-08-15,SEA,HOU,1.0,2.0,False,0|0|0|0|0|0|0|1|0,0|1|0|1|0|0|0|0|x,188.0,-225.0,205.0,-230.0,-1.5,10.0,sbro,,,,,NMARGEVICIUS-L,CJAVIER-R,,,,,,,,
2020,2020-08-15,OAK,SFO,7.0,6.0,False,0|0|2|0|0|1|0|0|4,0|0|0|3|0|0|3|0|0,-210.0,176.0,-113.0,103.0,1.5,8.5,sbro,,,,,UNDECIDED,KGAUSMAN-R,,,,,,,,
2020,2020-08-15,BOS,NYY,5.0,11.0,False,0|0|3|0|0|0|0|0|2,2|0|0|2|0|4|3|0|x,157.0,-175.0,145.0,-155.0,-1.5,9.0,sbro,,,,,NEOVALDI-R,JPAXTON-L,,,,,,,,
2020,2020-08-15,TEX,COL,6.0,4.0,False,0|0|1|0|2|0|0|3|0,0|2|0|0|0|0|0|1|1,140.0,-160.0,160.0,-170.0,-1.5,11.5,sbro,,,,,KGIBSON-R,GMARQUEZ-R,,,,,,,,
2020,2020-08-15,SDG,ARI,6.0,7.0,False,1|0|0|0|0|0|0|2|3,0|0|0|1|0|4|2|0|x,-125.0,114.0,-112.0,102.0,1.5,10.0,sbro,,,,,CQUANTRILL-R,AYOUNG-L,,,,,,,,
2020,2020-08-15,MIL,CUB,6.0,5.0,False,0|0|0|3|0|1|0|0|0,2|1|0|0|0|0|0|1|0,-110.0,-110.0,-107.0,-103.0,1.5,9.5,sbro,,,,,AHOUSER-R,UNDECIDED,,,,,,,,
2020,2020-08-15,LAD,LAA,6.0,5.0,False,0|2|2|0|0|0|1|0|0,2|0|1|0|2|0|0|0|0,-160.0,140.0,-145.0,135.0,1.5,9.5,sbro,,,,,WBUEHLER-R,AHEANEY-L,,,,,,,,
2020,2020-08-15,STL,CWS,5.0,1.0,False,4|0|0|1|0|0|0|x|x,0|0|1|0|0|0|0|x|x,144.0,-160.0,145.0,-155.0,-1.5,7.0,sbro,,,,,AWAINWRIGHT-R,LGIOLITO-R,,,,,,,,
2020,2020-08-15,KAN,MIN,2.0,4.0,False,0|0|0|0|2|0|0|x|x,0|0|2|1|1|0|x|x|x,162.0,-180.0,165.0,-180.0,-1.5,7.5,sbro,,,,,IKENNEDY-R,JODORIZZI-R,,,,,,,,
2020,2020-08-16,WAS,BAL,6.0,5.0,False,3|0|0|0|2|0|0|1|0,1|0|0|0|0|3|1|0|0,-185.0,160.0,-174.0,162.0,1.5,8.0,sbro,,,,,MSCHERZER-R,JMEANS-L,,,,,,,,
2020,2020-08-16,NYM,PHI,2.0,6.0,False,0|0|0|2|0|0|0|0|0,1|0|0|0|0|3|2|0|x,140.0,-160.0,132.0,-142.0,-1.5,9.0,sbro,,,,,RPORCELLO-R,ZWHEELER-R,,,,,,,,
2020,2020-08-16,CLE,DET,8.0,5.0,False,0|1|2|0|1|3|1|0|0,0|0|3|0|1|0|0|0|1,-155.0,135.0,-135.0,125.0,1.5,9.0,sbro,,,,,APLUTKO-R,MFULMER-R,,,,,,,,
2020,2020-08-16,ATL,MIA,4.0,0.0,False,0|0|0|0|0|1|3|0|0,0|0|0|0|0|0|0|0|0,-101.0,-119.0,-125.0,115.0,1.5,9.0,sbro,,,,,RERLIN-L,EHERNANDEZ-R,,,,,,,,
2020,2020-08-16,KAN,MIN,2.0,4.0,False,1|1|0|0|0|0|0|0|0,0|0|1|0|2|0|1|0|x,160.0,-185.0,163.0,-176.0,-1.5,9.5,sbro,,,,,BSINGER-R,RDOBNAK-R,,,,,,,,
2020,2020-08-16,STL,CWS,2.0,7.0,False,0|0|0|0|0|2|0|0|0,1|0|0|0|6|0|0|0|x,115.0,-135.0,135.0,-145.0,-1.5,9.5,sbro,,,,,DHUDSON-R,DKEUCHEL-L,,,,,,,,
2020,2020-08-16,SEA,HOU,2.0,3.0,False,0|0|2|0|0|0|0|0|0,0|1|0|1|0|0|0|0|1,199.0,-240.0,200.0,-220.0,-1.5,9.0,sbro,,,,,JSHEFFIELD-L,LMCCULLERSJR-R,,,,,,,,
2020,2020-08-16,MIL,CUB,6.0,5.0,False,0|0|3|0|2|0|1|0|0,3|0|0|0|0|2|0|0|0,130.0,-150.0,113.0,-123.0,-1.5,9.0,sbro,,,,,JLINDBLOM-R,JLESTER-L,,,,,,,,
2020,2020-08-16,TAM,TOR,7.0,5.0,False,0|0|0|3|1|0|1|2|x,2|0|0|3|0|0|0|0|x,-130.0,110.0,-117.0,107.0,1.5,7.5,sbro,,,,,YCHIRINOS-R,MSHOEMAKER-R,,,,,,,,
2020,2020-08-16,TEX,COL,6.0,10.0,False,0|2|0|1|0|0|0|1|2,0|5|1|2|2|0|0|0|x,130.0,-150.0,128.0,-138.0,-1.5,12.5,sbro,,,,,KALLARD-L,JGRAY-R,,,,,,,,
2020,2020-08-16,OAK,SFO,15.0,3.0,False,0|1|1|0|9|2|0|2|0,0|1|1|0|0|0|1|0|0,-131.0,118.0,-122.0,112.0,1.5,9.5,sbro,,,,,MFIERS-R,LWEBB-R,,,,,,,,
2020,2020-08-16,LAD,LAA,8.0,3.0,False,0|0|3|4|0|1|0|0|0,0|1|0|1|0|1|0|0|0,-160.0,140.0,-190.0,175.0,1.5,10.0,sbro,,,,,DMAY-R,JTEHERAN-R,,,,,,,,
2020,2020-08-16,SDG,ARI,4.0,5.0,False,0|0|0|0|0|3|1|0|0,0|0|2|0|0|0|0|3|x,-140.0,120.0,-117.0,107.0,1.5,9.5,sbro,,,,,GRICHARDS-R,RRAY-L,,,,,,,,
2020,2020-08-16,BOS,NYY,2.0,4.0,False,0|0|1|0|0|0|0|0|1,1|1|2|0|0|0|0|0|x,140.0,-155.0,147.0,-157.0,-1.5,10.5,sbro,,,,,CMAZZA-R,JHAPP-L,,,,,,,,
2020,2020-08-17,TOR,BAL,7.0,2.0,False,0|0|4|0|0|0|1|0|2,0|0|0|1|0|0|0|0|1,-125.0,105.0,-130.0,120.0,1.5,8.5,sbro,,,,,HRYU-L,ACOBB-R,,,,,,,,
2020,2020-08-17,BOS,NYY,3.0,6.0,False,0|0|0|1|0|1|0|0|1,0|3|0|1|1|0|1|0|x,140.0,-160.0,145.0,-155.0,-1.5,10.0,sbro,,,,,MPEREZ-L,JMONTGOMERY-L,,,,,,,,
2020,2020-08-17,WAS,ATL,6.0,7.0,False,0|3|1|0|1|0|0|0|1,0|2|1|0|0|0|0|0|4,105.0,-125.0,150.0,-160.0,-1.5,10.5,sbro,,,,,ASANCHEZ-R,TTOUSSAINT-R,,,,,,,,
2020,2020-08-17,NYM,MIA,11.0,4.0,False,0|3|2|0|1|4|0|0|1,1|0|0|0|1|0|0|0|2,-130.0,110.0,-155.0,145.0,1.5,9.0,sbro,,,,,RGSELLMAN-R,JYAMAMOTO-R,,,,,,,,
2020,2020-08-17,DET,CWS,2.0,7.0,False,0|0|0|2|0|0|0|0|0,2|1|0|0|0|2|0|2|x,125.0,-145.0,155.0,-165.0,-1.5,9.5,sbro,,,,,MBOYD-L,GGONZALEZ-L,,,,,,,,
2020,2020-08-17,KAN,MIN,1.0,4.0,False,0|0|0|0|0|0|0|0|1,0|0|0|2|0|1|1|0|x,172.0,-205.0,160.0,-170.0,-1.5,9.5,sbro,,,,,KBUBIC-L,MWISLER-R,,,,,,,,
2020,2020-08-17,STL,CUB,3.0,1.0,False,0|0|1|0|0|0|2|x|x,0|0|0|1|0|0|0|x|x,-175.0,157.0,150.0,-160.0,-1.5,6.5,sbro,,,,,KKIM-L,KHENDRICKS-R,,,,,,,,
2020,2020-08-17,SDG,TEX,14.0,4.0,False,0|5|1|1|0|0|3|4|0,0|0|0|2|0|1|0|1|0,-125.0,105.0,-140.0,130.0,1.5,9.0,sbro,,,,,ZDAVIES-R,JLYLES-R,,,,,,,,
2020,2020-08-17,COL,HOU,1.0,2.0,False,0|0|1|0|0|0|0|0|0,2|0|0|0|0|0|0|0|x,125.0,-145.0,145.0,-155.0,-1.5,9.5,sbro,,,,,KFREELAND-L,BBIELAK-R,,,,,,,,
2020,2020-08-17,OAK,ARI,3.0,4.0,False,0|0|0|0|0|0|1|2|0,0|0|1|0|0|2|0|0|1,-115.0,-105.0,102.0,-112.0,1.5,9.0,sbro,,,,,CBASSITT-R,ZGALLEN-R,,,,,,,,
2020,2020-08-17,SFO,LAA,6.0,7.0,False,2|0|0|0|1|3|0|0|0,0|0|2|0|3|0|0|0|2,157.0,-175.0,161.0,-172.0,-1.5,10.0,sbro,,,,,TANDERSON-L,GCANNING-R,,,,,,,,
2020,2020-08-17,SEA,LAD,9.0,11.0,False,2|0|5|1|0|0|0|1|0,1|5|0|0|0|0|5|0|x,230.0,-280.0,275.0,-315.0,-1.5,10.0,sbro,,,,,JDUNN-R,RSTRIPLING-R,,,,,,,,
2020,2020-08-17,CUB,STL,5.0,4.0,False,1|0|0|0|0|4|0|x|x,0|2|0|2|0|0|0|x|x,,,-118.0,108.0,1.5,7.0,sbro,,,,,TMILLER-R,AREYES-R,,,,,,,,
2020,2020-08-18,COL,HOU,1.0,2.0,False,0|0|0|0|0|0|0|0|0,0|0|0|0|0|0|0|0|0,160.0,-185.0,175.0,-190.0,-1.5,8.5,sbro,,,,,ASENZATELA-R,ZGREINKE-R,,,,,,,,
2020,2020-08-18,SDG,TEX,6.0,4.0,False,4|0|0|2|0|0|0|0|0,0|0|0|4|0|0|0|0|0,-135.0,115.0,-116.0,106.0,1.5,9.0,sbro,,,,,AMOREJON-L,MMINOR-L,,,,,,,,
2020,2020-08-18,SFO,LAA,8.0,2.0,False,1|2|1|0|2|0|0|0|2,1|0|0|0|0|0|0|0|1,199.0,-240.0,210.0,-240.0,-1.5,9.5,sbro,,,,,TCAHILL-R,DBUNDY-R,,,,,,,,
2020,2020-08-18,OAK,ARI,1.0,10.0,False,0|1|0|0|0|0|0|0|0,5|4|0|0|0|0|0|1|0,-165.0,144.0,-149.0,139.0,1.5,9.0,sbro,,,,,FMONTAS-R,LWEAVER-R,,,,,,,,
2020,2020-08-18,TOR,BAL,8.0,7.0,False,0|0|2|0|5|0|0|0|0,2|0|1|0|3|0|1|0|0,-135.0,115.0,-120.0,110.0,1.5,10.0,sbro,,,,,NPEARSON-R-R,WLEBLANC-L,,,,,,,,
2020,2020-08-18,TAM,NYY,6.0,3.0,False,0|0|4|1|1|0|0|0|0,0|0|0|1|2|0|0|0|0,115.0,-135.0,-123.0,113.0,1.5,8.5,sbro,,,,,BSNELL-L,MTANAKA-R,,,,,,,,
2020,2020-08-18,CLE,PIT,6.0,3.0,False,0|0|3|0|0|0|0|0|0,1|0|0|0|2|0|0|0|0,-185.0,160.0,-185.0,170.0,1.5,9.0,sbro,,,,,CCARRASCO-R,JTBRUBAKER-R,,,,,,,,
2020,2020-08-18,NYM,MIA,8.0,3.0,False,0|0|1|2|0|0|1|4|0,0|0|0|2|0|0|0|0|1,-165.0,149.0,-155.0,145.0,1.5,10.0,sbro,,,,,COSWALT-R,HMEJIA-R,,,,,,,,
2020,2020-08-18,WAS,ATL,8.0,5.0,False,0|1|1|0|4|0|0|1|1,1|0|2|2|0|0|0|0|0,-105.0,-115.0,118.0,-128.0,-1.5,9.5,sbro,,,,,AVOTH-R,JTOMLIN-R,,,,,,,,
2020,2020-08-18,SEA,LAD,1.0,2.0,False,0|0|0|0|0|0|1|0|0,0|0|0|0|0|1|0|1|0,215.0,-260.0,210.0,-240.0,-1.5,9.5,sbro,,,,,MGONZALES-L,TGONSOLIN-R,,,,,,,,
2020,2020-08-18,PHI,BOS,13.0,6.0,False,0|0|0|1|1|7|1|3|0,1|0|2|0|1|0|1|0|1,-120.0,100.0,-130.0,120.0,1.5,11.0,sbro,,,,,ZEFLIN-R,ZGODLEY-R,,,,,,,,
2020,2020-08-18,MIL,MIN,3.0,4.0,False,0|0|0|0|0|0|0|0|3,0|0|0|0|1|0|1|1|0,148.0,-170.0,135.0,-145.0,-1.5,9.0,sbro,,,,,CBURNES-R,KMAEDA-R,,,,,,,,
2020,2020-08-18,DET,CWS,4.0,10.0,False,0|1|1|0|0|0|0|2|0,1|3|0|2|0|0|0|4|0,148.0,-170.0,152.0,-162.0,-1.5,9.0,sbro,,,,,TSKUBAL-L,DCEASE-R,,,,,,,,
2020,2020-08-18,STL,CHC,3.0,6.0,False,0|0|0|0|1|0|0|2|0,0|0|1|1|2|0|2|0|0,155.0,-180.0,163.0,-176.0,-1.5,7.5,sbro,,,,,DPONCEDELEON-R,YDARVISH-R,,,,,,,,
2020,2020-08-19,TAM,NYY,4.0,2.0,False,0|1|1|0|0|0|0|2|0,0|0|1|0|0|1|0|0|0,155.0,-180.0,167.0,-182.0,-1.5,8.0,sbro,,,,,TGLASNOW-R,GCOLE-R,,,,,,,,
2020,2020-08-19,TOR,BAL,5.0,2.0,False,0|1|0|0|0|2|0|1|1,0|0|0|2|0|0|0|0|0,-115.0,-105.0,109.0,-119.0,-1.5,9.5,sbro,,,,,TROARK-R,TMILONE-L,,,,,,,,
2020,2020-08-19,CLE,PIT,6.0,1.0,False,0|0|0|0|0|3|0|3|0,0|0|0|0|0|0|0|0|1,-170.0,148.0,-185.0,170.0,1.5,9.0,sbro,,,,,ACIVALE-R,SBRAULT-L,,,,,,,,
2020,2020-08-19,NYM,MIA,5.0,3.0,False,0|1|0|0|0|0|1|1|2,0|0|0|0|0|0|1|2|0,-250.0,207.0,-210.0,190.0,1.5,7.5,sbro,,,,,JDEGROM-R,PLOPEZ-R,,,,,,,,
2020,2020-08-19,PHI,BOS,3.0,6.0,False,2|0|0|0|0|0|1|0|0,0|0|2|1|1|0|1|1|x,-155.0,135.0,-166.0,156.0,1.5,10.5,sbro,,,,,JARRIETA-R,KHART-L,,,,,,,,
2020,2020-08-19,CIN,KAN,5.0,0.0,False,0|0|3|0|1|1|0|x|x,0|0|0|0|0|0|0|x|x,,,-205.0,185.0,1.5,6.5,sbro,,,,,TBAUER-R,MHARVEY-R,,,,,,,,
2020,2020-08-19,MIL,MIN,9.0,3.0,False,0|0|4|0|4|0|0|0|1,0|1|0|0|0|0|0|0|2,151.0,-175.0,143.0,-153.0,-1.5,9.5,sbro,,,,,BANDERSON-L,RHILL-L,,,,,,,,
2020,2020-08-19,DET,CWS,3.0,5.0,False,0|0|0|0|3|0|0|0|0,0|1|0|0|2|0|0|2|x,140.0,-160.0,144.0,-154.0,-1.5,9.0,sbro,,,,,CMIZE-R,DDunning,,,,,,,,
2020,2020-08-19,STL,CUB,9.0,3.0,False,4|1|0|1|0|3|0|x|x,1|0|0|0|0|0|2|x|x,-126.0,114.0,-132.0,122.0,1.5,6.0,sbro,,,,,JFLAHERTY-R,AMILLS-R,,,,,,,,
2020,2020-08-19,HOU,COL,13.0,6.0,False,0|0|1|0|2|3|4|1|2,0|1|0|0|0|0|0|2|3,-130.0,110.0,-143.0,133.0,1.5,12.5,sbro,,,,,FVALDEZ-L,RCASTELLANI-R,,,,,,,,
2020,2020-08-19,TEX,SDG,3.0,6.0,False,0|1|0|0|0|0|0|0|1,0|0|2|0|0|0|0|0|0,115.0,-135.0,126.0,-136.0,-1.5,8.0,sbro,,,,,LLYNN-R,CPADDACK-R,,,,,,,,
2020,2020-08-19,ARI,OAK,1.0,4.0,False,0|0|0|0|0|0|0|1|0,2|0|2|0|0|0|0|0|x,148.0,-170.0,150.0,-160.0,-1.5,8.5,sbro,,,,,MKELLY-R,JLUZARDO-L,,,,,,,,
2020,2020-08-19,LAD,SEA,4.0,6.0,False,0|2|1|0|0|0|0|1|0,1|0|4|0|0|1|0|0|x,-240.0,199.0,-240.0,210.0,1.5,9.0,sbro,,,,,JURIAS-L,TWALKER-R,,,,,,,,
2020,2020-08-19,LAA,SFO,2.0,7.0,False,0|0|0|0|0|2|0|0|0,0|0|3|2|0|0|2|0|x,-119.0,109.0,-145.0,135.0,1.5,9.0,sbro,,,,,PSANDOVAL-L,JCUETO-R,,,,,,,,
2020,2020-08-19,CUB,STL,4.0,2.0,False,0|2|0|0|0|0|2|x|x,0|0|0|0|1|1|0|x|x,-124.0,113.0,-125.0,115.0,1.5,7.5,sbro,,,,,AALZOLAY-R,JOVIEDO-R,,,,,,,,
2020,2020-08-19,CIN,KAN,0.0,4.0,False,0|0|0|0|0|0|0|x|x,3|0|0|1|0|0|x|x|x,-140.0,126.0,-143.0,133.0,1.5,6.5,sbro,,,,,LCASTILLO-R,BKELLER-R,,,,,,,,
2020,2020-08-20,TAM,NYY,10.0,5.0,False,0|0|0|0|3|5|0|0|2,1|0|1|0|2|1|0|0|0,110.0,-130.0,129.0,-139.0,-1.5,9.0,sbro,,,,,JCURTISS-R,JPAXTON-L,,,,,,,,
2020,2020-08-20,DET,CWS,0.0,9.0,False,0|0|0|0|0|0|0|0|0,3|0|1|1|0|0|0|4|x,160.0,-185.0,150.0,-160.0,-1.5,8.5,sbro,,,,,STURNBULL-R,LGIOLITO-R,,,,,,,,
2020,2020-08-20,HOU,COL,10.0,8.0,False,0|5|0|0|5|0|0|0|0,0|2|1|0|2|2|0|0|1,-115.0,-105.0,114.0,-124.0,-1.5,11.5,sbro,,,,,CJAVIER-R,GMARQUEZ-R,,,,,,,,
2020,2020-08-20,BOS,BAL,7.0,1.0,False,0|2|1|0|0|0|0|0|4,0|0|0|0|0|0|1|0|0,-125.0,105.0,-145.0,135.0,1.5,9.5,sbro,,,,,NEOVALDI-R,AWOJCIECHOWSKI-R,,,,,,,,
2020,2020-08-20,CLE,PIT,2.0,0.0,False,0|1|0|0|0|0|0|1|0,0|0|0|0|0|0|0|0|0,-220.0,184.0,-280.0,245.0,1.5,7.5,sbro,,,,,SBIEBER-R,TWILLIAMS-R,,,,,,,,
2020,2020-08-20,LAD,SEA,6.0,1.0,False,0|0|4|0|1|0|0|1|0,0|0|0|1|0|0|0|0|0,-240.0,199.0,-330.0,285.0,1.5,8.5,sbro,,,,,CKERSHAW-L,YKIKUCHI-L,,,,,,,,
2020,2020-08-20,MIL,MIN,1.0,7.0,False,0|0|0|0|0|0|1|0|0,0|0|1|0|0|1|2|3|x,115.0,-135.0,-105.0,-105.0,-1.5,8.5,sbro,,,,,BWOODRUFF-R,JBERRIOS-R,,,,,,,,
2020,2020-08-20,TEX,SDG,7.0,8.0,False,0|0|0|0|2|0|3|1|1,1|0|0|0|4|0|0|2|0,160.0,-185.0,180.0,-200.0,-1.5,8.0,sbro,,,,,KGIBSON-R,DLAMET-R,,,,,,,,
2020,2020-08-20,CIN,STL,4.0,5.0,False,2|1|1|0|0|0|0|0|0,0|2|0|0|0|0|0|0|3,-130.0,110.0,-130.0,120.0,1.5,8.0,sbro,,,,,SGRAY-R,AWAINWRIGHT-R,,,,,,,,
2020,2020-08-20,ARI,OAK,1.0,5.0,False,0|0|0|0|1|0|0|0|0,1|0|0|2|0|0|0|2|x,130.0,-150.0,148.0,-158.0,-1.5,9.0,sbro,,,,,AYOUNG-L,SMANAEA-L,,,,,,,,
2020,2020-08-20,LAA,SFO,5.0,10.0,False,1|0|0|0|2|1|1|0|0,2|4|2|1|0|1|0|0|x,-130.0,110.0,115.0,-125.0,-1.5,9.0,sbro,,,,,JSUAREZ-L,KGAUSMAN-R,,,,,,,,
2020,2020-08-20,PHI,TOR,2.0,3.0,False,1|0|1|0|0|0|0|x|x,0|0|0|1|0|1|1|x|x,118.0,-130.0,-115.0,105.0,-1.5,8.5,sbro,,,,,SHOWARD-R,CANDERSON-R,,,,,,,,
2020,2020-08-20,PHI,TOR,8.0,9.0,False,7|0|0|0|0|0|1|x|x,2|0|0|0|0|7|x|x|x,110.0,-120.0,-113.0,103.0,-1.5,8.5,sbro,,,,,VVELASQUEZ-R,TTHORNTON-R,,,,,,,,
2020,2020-08-21,MIA,WAS,3.0,2.0,False,0|3|0|0|0|0|0|0|0,0|1|1|0|0|0|0|0|0,176.0,-210.0,178.0,-196.0,-1.5,8.5,sbro,,,,,EHERNANDEZ-R,PCORBIN-L,,,,,,,,
2020,2020-08-21,TOR,TAM,6.0,5.0,False,0|4|0|0|0|0|0|0|0,1|0|1|0|0|2|0|0|0,140.0,-160.0,143.0,-153.0,-1.5,8.5,sbro,,,,,MSHOEMAKER-R,RYARBROUGH-L,,,,,,,,
2020,2020-08-21,BOS,BAL,8.0,5.0,False,0|1|2|0|3|2|0|0|0,0|0|0|0|0|0|2|3|0,105.0,-115.0,-120.0,110.0,1.5,10.0,sbro,,,,,CBREWER-R,JMEANS-L,,,,,,,,
2020,2020-08-21,MIL,PIT,2.0,7.0,False,0|1|0|0|0|0|0|1|0,0|1|0|3|0|0|0|3|x,-165.0,144.0,-138.0,128.0,1.5,8.5,sbro,,,,,AHOUSER-R,CKUHL-R,,,,,,,,
2020,2020-08-21,DET,CLE,10.0,5.0,False,0|0|0|7|0|0|3|0|0,0|3|2|0|0|0|0|0|0,151.0,-175.0,180.0,-200.0,-1.5,9.5,sbro,,,,,MFULMER-R,APLUTKO-R,,,,,,,,
2020,2020-08-21,PHI,ATL,2.0,11.0,False,1|0|0|0|0|0|1|0|0,0|0|4|0|7|0|0|0|x,105.0,-125.0,104.0,-114.0,1.5,8.0,sbro,,,,,ANOLA-R,MFRIED-L,,,,,,,,
2020,2020-08-21,MIN,KAN,2.0,7.0,False,0|1|0|0|0|0|0|1|0,4|0|0|1|0|0|2|0|x,-140.0,120.0,-138.0,128.0,1.5,9.0,sbro,,,,,JODORIZZI-R,DDUFFY-L,,,,,,,,
2020,2020-08-21,CWS,CUB,10.0,1.0,False,0|2|3|3|0|0|1|0|1,0|0|0|0|0|0|0|1|0,-105.0,-115.0,-109.0,-101.0,1.5,9.5,sbro,,,,,DKEUCHEL-L,JLESTER-L,,,,,,,,
2020,2020-08-21,CIN,STL,4.0,2.0,False,0|0|0|0|0|4|0|0|0,0|0|1|0|1|0|0|0|0,-119.0,-101.0,105.0,-115.0,1.5,9.0,sbro,,,,,ADESCLAFANI-R,DHUDSON-R,,,,,,,,
2020,2020-08-21,TEX,SEA,4.0,7.0,False,0|0|0|0|2|2|0|0|0,4|1|1|0|0|0|1|0|x,-119.0,-101.0,-120.0,110.0,1.5,8.5,sbro,,,,,KALLARD-L,NMARGEVICIUS-L,,,,,,,,
2020,2020-08-21,HOU,SDG,3.0,4.0,False,1|0|0|0|0|1|1|0|0,1|0|0|1|2|0|0|0|x,-115.0,105.0,106.0,-116.0,-1.5,9.0,sbro,,,,,LMCCULLERSJR-R,GRICHARDS-R,,,,,,,,
2020,2020-08-21,LAA,OAK,3.0,5.0,False,0|0|0|0|1|2|0|0|0,3|0|0|0|2|0|0|0|x,135.0,-155.0,-111.0,101.0,1.5,9.5,sbro,,,,,AHEANEY-L,MFIERS-R,,,,,,,,
2020,2020-08-21,COL,LAD,1.0,5.0,False,0|0|0|0|0|1|0|0|0,1|0|0|3|0|1|0|0|x,180.0,-215.0,205.0,-230.0,-1.5,9.5,sbro,,,,,JGRAY-R,WBUEHLER-R,,,,,,,,
2020,2020-08-21,ARI,SFO,2.0,6.0,False,0|0|0|2|0|0|0|0|0,0|0|2|0|2|0|2|0|x,-110.0,-110.0,-115.0,105.0,1.5,9.5,sbro,,,,,RRAY-L,LWEBB-R,,,,,,,,
2020,2020-08-22,MIL,PIT,5.0,12.0,False,0|0|0|1|0|0|3|0|1,1|0|0|2|2|2|5|0|x,-165.0,144.0,-160.0,150.0,1.5,9.5,sbro,,,,,JLINDBLOM-R,DHOLLAND-L,,,,,,,,
2020,2020-08-22,LAA,OAK,4.0,3.0,False,1|3|0|0|0|0|0|0|0,0|1|0|1|1|0|0|0|0,135.0,-155.0,137.0,-147.0,-1.5,9.5,sbro,,,,,GCANNING-R,CBASSITT-R,,,,,,,,
2020,2020-08-22,MIA,WAS,4.0,5.0,False,0|0|0|0|4|0|0|x|x,2|0|1|2|0|0|x|x|x,213.0,-240.0,230.0,-260.0,-1.5,6.5,sbro,,,,,UNDECIDED,MSCHERZER-R,,,,,,,,
2020,2020-08-22,TOR,TAM,1.0,2.0,False,0|0|0|0|1|0|0|0|0,0|0|0|0|1|0|0|0|0,-111.0,101.0,-115.0,105.0,1.5,8.5,sbro,,,,,UNDECIDED,UNDECIDED,,,,,,,,
2020,2020-08-22,BOS,BAL,4.0,5.0,False,0|0|0|0|2|1|0|0|0,0|1|0|0|0|0|0|2|0,-119.0,-101.0,-113.0,103.0,1.5,10.0,sbro,,,,,MPEREZ-L,ACOBB-R,,,,,,,,
2020,2020-08-22,MIN,KAN,7.0,2.0,False,3|0|0|1|0|0|3|0|0,0|0|0|0|2|0|0|0|0,-165.0,144.0,-148.0,138.0,1.5,9.5,sbro,,,,,RDOBNAK-R,BSINGER-R,,,,,,,,
2020,2020-08-22,DET,CLE,1.0,6.0,False,0|0|0|1|0|0|0|0|0,0|0|0|0|0|4|1|1|x,151.0,-175.0,155.0,-165.0,-1.5,9.5,sbro,,,,,MBOYD-L,TMCKENZIE-R,,,,,,,,
2020,2020-08-22,PHI,ATL,5.0,6.0,False,2|0|0|0|1|0|1|0|1,0|0|0|0|0|0|2|3|1,-130.0,110.0,-113.0,103.0,1.5,9.0,sbro,,,,,ZWHEELER-R,RERLIN-L,,,,,,,,
2020,2020-08-22,CWS,CUB,7.0,4.0,False,0|2|0|0|0|1|0|2|2,0|2|0|0|0|0|0|1|1,157.0,-175.0,165.0,-180.0,-1.5,10.5,sbro,,,,,UNDECIDED,KHENDRICKS-R,,,,,,,,
2020,2020-08-22,CIN,STL,0.0,3.0,False,0|0|0|0|0|0|0|0|0,0|0|2|0|1|0|0|0|x,-101.0,-119.0,126.0,-136.0,-1.5,9.5,sbro,,,,,WMILEY-L,KKIM-L,,,,,,,,
2020,2020-08-22,HOU,SDG,2.0,13.0,False,1|0|0|0|1|0|0|0|0,2|9|0|0|0|0|2|0|x,105.0,-125.0,110.0,-120.0,-1.5,9.5,sbro,,,,,BBIELAK-R,ZDAVIES-R,,,,,,,,
2020,2020-08-22,TEX,SEA,1.0,10.0,False,0|0|1|0|0|0|0|0|0,3|0|5|0|0|0|1|1|x,110.0,-130.0,127.0,-137.0,-1.5,8.5,sbro,,,,,JLYLES-R,JSHEFFIELD-L,,,,,,,,
2020,2020-08-22,COL,LAD,3.0,4.0,False,0|0|1|0|0|1|1|0|0,1|1|0|0|0|0|1|0|1,172.0,-205.0,200.0,-220.0,-1.5,8.5,sbro,,,,,KFREELAND-L,DMAY-R,,,,,,,,
2020,2020-08-22,ARI,SFO,1.0,5.0,False,0|0|0|0|0|0|1|0|0,1|0|0|0|0|0|4|0|x,-165.0,144.0,-160.0,150.0,1.5,8.5,sbro,,,,,ZGALLEN-R,TANDERSON-L,,,,,,,,
2020,2020-08-22,WAS,MIA,3.0,5.0,False,0|0|1|0|2|0|0|x|x,0|0|2|2|1|0|x|x|x,-150.0,135.0,-130.0,120.0,1.5,7.5,sbro,,,,,UNDECIDED,UNDECIDED,,,,,,,,
2020,2020-08-23,MIA,WAS,3.0,9.0,False,0|1|0|0|0|0|0|0|2,1|1|0|2|5|0|0|0|x,144.0,-165.0,138.0,-148.0,-1.5,10.5,sbro,,,,,HMEJIA-R,ASANCHEZ-R,,,,,,,,
2020,2020-08-23,BOS,BAL,4.0,5.0,False,1|0|0|0|0|1|0|0|2,0|0|3|0|0|0|2|0|x,-110.0,-110.0,-122.0,112.0,1.5,10.5,sbro,,,,,ZGODLEY-R,WLEBLANC-L,,,,,,,,
2020,2020-08-23,DET,CLE,7.0,4.0,False,1|0|0|3|0|2|0|1|0,1|0|0|0|0|0|0|0|3,207.0,-250.0,230.0,-260.0,-1.5,8.5,sbro,,,,,TSKUBAL-L,CCARRASCO-R,,,,,,,,
2020,2020-08-23,TOR,TAM,4.0,5.0,False,0|1|0|1|0|0|0|2|0,0|0|0|0|3|0|2|0|x,131.0,-145.0,132.0,-142.0,-1.5,9.0,sbro,,,,,TTHORNTON-R,JFLEMING-L,,,,,,,,
2020,2020-08-23,MIL,PIT,4.0,5.0,False,0|0|0|1|1|2|0|0|0,1|1|0|0|0|1|0|2|x,-170.0,148.0,-180.0,165.0,1.5,9.0,sbro,,,,,CBURNES-R,JTBRUBAKER-R,,,,,,,,
2020,2020-08-23,MIN,KAN,5.0,4.0,False,2|0|2|0|0|0|0|0|1,0|0|2|0|0|0|1|0|1,-155.0,140.0,-140.0,130.0,1.5,10.0,sbro,,,,,UNDECIDED,KBUBIC-L,,,,,,,,
2020,2020-08-23,CIN,STL,2.0,6.0,False,2|0|0|0|0|0|0|0|0,0|2|1|0|0|0|3|0|x,-120.0,100.0,105.0,-115.0,1.5,9.0,sbro,,,,,TMAHLE-R,DPONCEDELEON-R,,,,,,,,
2020,2020-08-23,CWS,CUB,1.0,2.0,False,0|1|0|0|0|0|0|0|0,0|0|0|0|0|2|0|0|x,160.0,-185.0,163.0,-176.0,-1.5,10.0,sbro,,,,,DCEASE-R,YDARVISH-R,,,,,,,,
2020,2020-08-23,LAA,OAK,4.0,5.0,False,0|0|3|0|1|0|0|0|0,2|0|0|0|0|2|0|0|0,115.0,-135.0,130.0,-140.0,-1.5,8.5,sbro,,,,,DBUNDY-R,FMONTAS-R,,,,,,,,
2020,2020-08-23,TEX,SEA,1.0,4.0,False,0|0|0|0|0|0|0|1|0,1|1|0|0|2|0|0|0|x,-130.0,110.0,-125.0,115.0,1.5,9.0,sbro,,,,,MMINOR-L,JDUNN-R,,,,,,,,
2020,2020-08-23,HOU,SDG,3.0,5.0,False,3|0|0|0|0|0|0|0|0,0|0|0|3|0|0|0|2|x,-121.0,110.0,-118.0,108.0,1.5,8.5,sbro,,,,,ZGREINKE-R,UNDECIDED,,,,,,,,
2020,2020-08-23,ARI,SFO,1.0,6.0,False,0|0|0|0|0|1|0|0|0,0|0|0|0|1|1|3|1|x,-120.0,100.0,-118.0,108.0,1.5,9.0,sbro,,,,,LWEAVER-R,TCAHILL-R,,,,,,,,
2020,2020-08-23,PHI,ATL,5.0,4.0,False,0|1|3|1|0|0|0|0|0,0|0|3|0|0|0|0|0|1,115.0,-135.0,100.0,-110.0,-1.5,9.5,sbro,,,,,ZEFLIN-R,JTOMLIN-R,,,,,,,,
2020,2020-08-23,COL,LAD,3.0,11.0,False,0|0|1|1|0|0|0|0|1,1|0|1|3|0|1|2|3|x,180.0,-215.0,220.0,-250.0,-1.5,9.0,sbro,,,,,ASENZATELA-R,RSTRIPLING-R,,,,,,,,
2020,2020-08-24,TOR,TAM,6.0,4.0,False,0|0|1|0|0|1|3|0|1,0|1|0|2|0|0|0|1|0,170.0,-200.0,200.0,-220.0,-1.5,8.0,sbro,,,,,TROARK-R,BSNELL-L,,,,,,,,
2020,2020-08-24,MIA,WAS,11.0,8.0,False,0|0|1|6|0|0|2|2|0,0|0|0|0|3|0|2|3|0,125.0,-145.0,102.0,-112.0,-1.5,9.0,sbro,,,,,PLOPEZ-R,AVOTH-R,,,,,,,,
2020,2020-08-24,CHC,DET,9.0,3.0,False,0|2|0|4|0|0|0|0|3,0|0|1|0|0|0|2|0|0,-145.0,125.0,-122.0,112.0,1.5,9.5,sbro,,,,,AMILLS-R,CMIZE-R,,,,,,,,
2020,2020-08-24,MIN,CLE,3.0,2.0,False,0|0|0|1|0|2|0|0|0,1|0|0|0|0|0|1|0|0,-115.0,-105.0,-123.0,113.0,1.5,8.5,sbro,,,,,KMAEDA-R,ACIVALE-R,,,,,,,,
2020,2020-08-24,CIN,MIL,2.0,4.0,False,0|0|0|0|0|1|1|0|0,1|0|2|1|0|0|0|0|0,-140.0,120.0,-147.0,137.0,1.5,8.5,sbro,,,,,TBAUER-R,BANDERSON-L,,,,,,,,
2020,2020-08-24,KAN,STL,3.0,9.0,False,0|0|0|0|0|3|0|0|0,1|0|0|0|5|2|1|0|0,155.0,-180.0,162.0,-174.0,-1.5,8.0,sbro,,,,,BKELLER-R,JFLAHERTY-R,,,,,,,,
2020,2020-08-24,OAK,TEX,2.0,3.0,False,1|1|0|0|0|0|0|0|0,2|1|0|0|0|0|0|0|0,-130.0,110.0,-145.0,135.0,1.5,7.5,sbro,,,,,JLUZARDO-L,LLYNN-R,,,,,,,,
2020,2020-08-24,LAA,HOU,4.0,11.0,False,0|0|1|1|2|0|0|0|0,0|2|3|0|0|4|2|0|0,155.0,-180.0,150.0,-160.0,-1.5,9.5,sbro,,,,,PSANDOVAL-L,FVALDEZ-L,,,,,,,,
2020,2020-08-24,COL,ARI,3.0,2.0,False,1|0|1|0|1|0|0|0|0,0|0|1|1|0|0|0|0|0,120.0,-140.0,130.0,-140.0,-1.5,10.0,sbro,,,,,RCASTELLANI-R,TCLARKE-R,,,,,,,,
2020,2020-08-25,PHI,WAS,8.0,3.0,False,0|0|4|0|0|0|1|1|2,1|0|0|0|0|1|0|0|1,-101.0,-119.0,-122.0,112.0,1.5,11.0,sbro,,,,,JARRIETA-R,EFEDDE-R,,,,,,,,
2020,2020-08-25,BOS,TOR,9.0,7.0,False,0|1|0|2|0|6|0|0|0,4|0|0|2|0|0|0|0|1,115.0,-135.0,108.0,-118.0,-1.5,11.5,sbro,,,,,KHART-L,CANDERSON-R,,,,,,,,
2020,2020-08-25,BAL,TAM,2.0,4.0,False,1|0|0|1|0|0|0|0|0,0|3|0|0|0|1|0|0|0,176.0,-210.0,190.0,-210.0,-1.5,8.0,sbro,,,,,TMILONE-L,TGLASNOW-R,,,,,,,,
2020,2020-08-25,MIN,CLE,2.0,4.0,False,0|2|0|0|0|0|0|0|0,1|0|0|0|0|3|0|0|0,148.0,-170.0,160.0,-170.0,-1.5,8.0,sbro,,,,,RHILL-L,SBIEBER-R,,,,,,,,
2020,2020-08-25,CHC,DET,1.0,7.0,False,0|0|0|0|0|0|0|0|1,2|0|0|0|0|5|0|0|0,-140.0,126.0,-136.0,126.0,1.5,9.5,sbro,,,,,TCHATWOOD-R,STURNBULL-R,,,,,,,,
2020,2020-08-25,MIA,NYM,4.0,0.0,False,0|3|1|0|0|0|0|x|x,0|0|0|0|0|0|0|x|x,162.0,-180.0,175.0,-190.0,-1.5,7.5,sbro,,,,,DCASTANO-L,RPORCELLO-R,,,,,,,,
2020,2020-08-25,PIT,CWS,0.0,4.0,False,0|0|0|0|0|0|0|0|0,0|3|1|0|0|0|0|0|0,176.0,-210.0,220.0,-250.0,-1.5,8.5,sbro,,,,,SBRAULT-L,LGIOLITO-R,,,,,,,,
2020,2020-08-25,CIN,MIL,2.0,3.0,False,0|0|0|2|0|0|0|0|0,0|0|0|3|0|0|0|0|0,105.0,-125.0,103.0,-113.0,-1.5,8.0,sbro,,,,,LCASTILLO-R,BWOODRUFF-R,,,,,,,,
2020,2020-08-25,KAN,STL,5.0,4.0,False,0|1|1|0|1|1|0|1|0,0|0|4|0|0|0|0|0|0,170.0,-200.0,173.0,-188.0,-1.5,9.0,sbro,,,,,MHARVEY-R,AWAINWRIGHT-R,,,,,,,,
2020,2020-08-25,OAK,TEX,10.0,3.0,False,0|0|1|2|2|0|5|0|0,0|1|0|0|2|0|0|0|0,-175.0,151.0,-155.0,145.0,1.5,8.5,sbro,,,,,SMANAEA-L,KGIBSON-R,,,,,,,,
2020,2020-08-25,LAA,HOU,3.0,6.0,False,0|0|0|0|2|1|0|x|x,5|0|0|1|0|0|0|x|x,151.0,-175.0,132.0,-142.0,-1.5,7.5,sbro,,,,,JSUAREZ-L,CJAVIER-R,,,,,,,,
2020,2020-08-25,SEA,SDG,8.0,3.0,False,2|2|0|0|2|2|0|0|x,0|0|3|0|0|0|0|0|0,163.0,-190.0,180.0,-200.0,-1.5,8.0,sbro,,,,,MGONZALES-L,CPADDACK-R,,,,,,,,
2020,2020-08-25,COL,ARI,5.0,4.0,False,2|0|0|1|0|0|2|0|0,0|2|0|1|0|0|0|0|1,-119.0,-101.0,-111.0,101.0,-1.5,9.5,sbro,,,,,GMARQUEZ-R,AYOUNG-L,,,,,,,,
2020,2020-08-25,LAD,SFO,8.0,10.0,False,3|0|3|0|0|0|0|0|0,3|0|0|0|1|0|1|0|1,-205.0,172.0,-205.0,185.0,1.5,9.0,sbro,,,,,JURIAS-L,JCUETO-R,,,,,,,,
2020,2020-08-25,NYM,MIA,0.0,3.0,False,0|0|0|0|0|0|0|x|x,0|0|0|2|0|1|0|x|x,-180.0,162.0,-190.0,175.0,1.5,7.5,sbro,,,,,SLUGO-R,TROGERS-L,,,,,,,,
2020,2020-08-25,LAA,HOU,12.0,5.0,False,4|0|0|1|1|2|4|x|x,0|0|0|0|4|0|1|x|x,179.0,-200.0,130.0,-140.0,-1.5,8.0,sbro,,,,,JTEHERAN-R,BBIELAK-R,,,,,,,,
2020,2020-08-26,PIT,CWS,3.0,10.0,False,0|0|0|0|2|0|1|0|x,0|4|0|1|3|0|2|0|x,192.0,-230.0,195.0,-215.0,-1.5,9.0,sbro,,,,,TWILLIAMS-R,DKEUCHEL-L,,,,,,,,
2020,2020-08-26,PHI,WAS,3.0,2.0,False,0|0|1|0|0|0|2|0|0,0|1|0|1|0|0|0|0|0,-115.0,-105.0,-124.0,114.0,1.5,8.5,sbro,,,,,ANOLA-R,PCORBIN-L,,,,,,,,
2020,2020-08-26,BOS,TOR,1.0,9.0,False,0|0|0|1|0|0|0|0|0,1|1|0|2|0|0|5|0|0,109.0,-119.0,108.0,-118.0,-1.5,11.5,sbro,,,,,CBREWER-R,JMERRYWEATHER-R,,,,,,,,
2020,2020-08-26,BAL,TAM,3.0,4.0,False,2|0|0|0|0|0|1|0|0,0|0|2|0|1|0|0|1|0,162.0,-180.0,153.0,-163.0,-1.5,8.5,sbro,,,,,AWOJCIECHOWSKI-R,TRICHARDS-R,,,,,,,,
2020,2020-08-26,MIN,CLE,3.0,6.0,False,1|1|0|0|0|0|1|0|0,0|0|3|0|0|0|0|3|0,-130.0,110.0,-105.0,-105.0,-1.5,9.0,sbro,,,,,JBERRIOS-R,MCLEVINGER-R,,,,,,,,
2020,2020-08-26,CHC,DET,6.0,7.0,False,0|0|2|0|0|1|0|0|3,0|0|0|1|0|5|1|0|0,-145.0,125.0,-140.0,130.0,1.5,10.0,sbro,,,,,JLESTER-L,MFULMER-R,,,,,,,,
2020,2020-08-26,NYY,ATL,1.0,2.0,False,0|0|0|0|1|0|0|x|x,0|0|0|0|0|2|0|x|x,-105.0,-115.0,122.0,-132.0,-1.5,6.5,sbro,,,,,MTANAKA-R,MFRIED-L,,,,,,,,
2020,2020-08-26,MIA,NYM,4.0,5.0,False,0|0|0|1|0|0|0|3|0,1|0|1|0|2|0|0|1|0,207.0,-250.0,240.0,-270.0,-1.5,7.5,sbro,,,,,EHERNANDEZ-R,JDEGROM-R,,,,,,,,
2020,2020-08-26,KAN,STL,5.0,6.0,False,0|0|2|0|0|0|0|1|2,0|0|1|1|0|0|0|0|4,155.0,-180.0,155.0,-165.0,-1.5,9.0,sbro,,,,,JJUNIS-R,DHUDSON-R,,,,,,,,
2020,2020-08-26,OAK,TEX,3.0,1.0,False,0|0|0|0|0|2|0|1|0,0|0|1|0|0|0|0|0|0,-160.0,140.0,-133.0,123.0,1.5,10.0,sbro,,,,,MFIERS-R,KALLARD-L,,,,,,,,
2020,2020-08-26,COL,ARI,8.0,7.0,False,2|0|0|0|0|1|0|5|0,0|0|0|1|0|0|0|2|4,-110.0,-110.0,120.0,-130.0,-1.5,10.5,sbro,,,,,JGRAY-R,RRAY-L,,,,,,,,
2020,2020-08-26,NYY,ATL,1.0,5.0,False,0|0|0|0|0|1|0|x|x,1|0|3|0|0|1|0|x|x,-170.0,153.0,-169.0,159.0,1.5,6.5,sbro,,,,,GCOLE-R,IANDERSON-R,,,,,,,,
2020,2020-08-27,SEA,SDG,7.0,10.0,False,0|0|0|3|0|0|4|x|x,0|0|0|1|0|2|7|x|x,176.0,-210.0,225.0,-255.0,-1.5,6.0,sbro,,,,,LNEWSOME-R,DLAMET-R,,,,,,,,
2020,2020-08-27,CIN,MIL,6.0,1.0,False,0|1|2|0|2|1|0|x|x,0|0|0|0|0|1|0|x|x,110.0,-130.0,-125.0,115.0,1.5,6.5,sbro,,,,,SGRAY-R,AHOUSER-R,,,,,,,,
2020,2020-08-27,LAD,SFO,7.0,0.0,False,1|0|0|4|0|0|2|x|x,0|0|0|0|0|0|0|x|x,-240.0,199.0,-245.0,215.0,1.5,6.5,sbro,,,,,CKERSHAW-L,LWEBB-R,,,,,,,,
2020,2020-08-27,PIT,STL,4.0,3.0,False,0|0|0|1|0|0|0|3|x,0|0|0|0|1|0|0|2|x,151.0,-175.0,144.0,-154.0,-1.5,6.5,sbro,,,,,CKUHL-R,KKIM-L,,,,,,,,
2020,2020-08-27,PIT,STL,2.0,0.0,False,0|0|2|0|0|0|0|x|x,0|0|0|0|0|0|0|x|x,166.0,-195.0,160.0,-170.0,-1.5,7.0,sbro,,,,,CPONCE-R,JOVIEDO-R,,,,,,,,
2020,2020-08-27,SEA,SDG,8.0,3.0,False,6|0|0|0|0|0|2|x|x,1|1|0|0|1|0|0|x|x,196.0,-220.0,175.0,-190.0,-1.5,6.5,sbro,,,,,YKIKUCHI-L,GRICHARDS-R,,,,,,,,
2020,2020-08-27,LAD,SFO,2.0,0.0,False,0|1|0|1|0|0|0|x|x,0|0|0|0|0|0|0|x|x,-240.0,213.0,-158.0,148.0,1.5,6.5,sbro,,,,,CFERGUSON-L,KGAUSMAN-R,,,,,,,,
2020,2020-08-27,CIN,MIL,6.0,0.0,False,0|2|0|0|2|0|2|x|x,0|0|0|0|0|0|0|x|x,117.0,-129.0,152.0,-162.0,-1.5,7.0,sbro,,,,,WMILEY-L,JLINDBLOM-R,,,,,,,,
2020,2020-08-28,BAL,TOR,4.0,5.0,False,0|0|0|0|0|2|0|1|0,0|0|0|2|0|1|0|0|0,196.0,-220.0,185.0,-205.0,-1.5,9.5,sbro,,,,,JMEANS-L,HRYU-L,,,,,,,,
2020,2020-08-28,NYM,NYY,6.0,4.0,False,0|0|0|0|1|5|0|x|x,2|2|0|0|0|0|0|x|x,125.0,-145.0,120.0,-130.0,-1.5,8.0,sbro,,,,,MWACHA-R,JMONTGOMERY-L,,,,,,,,
2020,2020-08-28,ATL,PHI,4.0,7.0,False,0|0|0|1|0|1|2|0|0,0|0|2|2|0|0|0|0|0,115.0,-135.0,130.0,-140.0,-1.5,9.5,sbro,,,,,RERLIN-L,ZWHEELER-R,,,,,,,,
2020,2020-08-28,TAM,MIA,2.0,0.0,False,0|0|0|0|0|0|0|1|1,0|0|0|0|0|0|0|0|0,-150.0,135.0,-128.0,118.0,1.5,8.0,sbro,,,,,RYARBROUGH-L,SSANCHEZ-R,,,,,,,,
2020,2020-08-28,CHC,CIN,5.0,6.0,False,2|0|0|0|0|0|0|0|3,0|1|0|2|2|0|0|1|0,-131.0,118.0,-144.0,134.0,1.5,9.0,sbro,,,,,KHENDRICKS-R,TMAHLE-R,,,,,,,,
2020,2020-08-28,WAS,BOS,10.0,2.0,False,0|0|5|1|0|1|0|3|0,0|0|1|0|0|0|0|0|1,-170.0,153.0,-152.0,142.0,1.5,9.0,sbro,,,,,MSCHERZER-R,MPEREZ-L,,,,,,,,
2020,2020-08-28,KAN,CWS,5.0,6.0,False,0|0|2|0|0|0|2|0|1,0|1|0|0|2|1|1|0|1,122.0,-135.0,130.0,-140.0,-1.5,10.0,sbro,,,,,DDUFFY-L,RLOPEZ-R,,,,,,,,
2020,2020-08-28,PIT,MIL,1.0,9.0,False,0|0|0|0|0|0|1|0|0,1|0|3|2|2|0|1|0|0,170.0,-190.0,190.0,-210.0,-1.5,9.0,sbro,,,,,DHOLLAND-L,CBURNES-R,,,,,,,,
2020,2020-08-28,CLE,STL,14.0,2.0,False,4|2|0|0|2|4|2|0|0,0|2|0|0|0|0|0|0|0,-145.0,131.0,-130.0,120.0,1.5,8.5,sbro,,,,,TMCKENZIE-R,DPONCEDELEON-R,,,,,,,,
2020,2020-08-28,SDG,COL,10.0,4.0,False,0|0|0|1|3|4|0|2|0,4|0|0|0|0|0|0|0|0,-120.0,110.0,100.0,-110.0,1.5,11.5,sbro,,,,,ZDAVIES-R,KFREELAND-L,,,,,,,,
2020,2020-08-28,LAD,TEX,2.0,6.0,False,0|0|0|0|0|0|2|0|0,0|0|2|0|0|0|4|0|0,-230.0,205.0,-220.0,200.0,1.5,9.0,sbro,,,,,DMAY-R,MMINOR-L,,,,,,,,
2020,2020-08-28,SEA,LAA,2.0,3.0,False,0|0|0|0|0|1|0|0|1,0|0|0|0|0|2|0|1|0,175.0,-195.0,185.0,-205.0,-1.5,9.0,sbro,,,,,NMARGEVICIUS-L,AHEANEY-L,,,,,,,,
2020,2020-08-28,SFO,ARI,4.0,7.0,False,0|0|0|0|0|1|0|0|3,1|0|2|0|4|0|0|0|0,157.0,-175.0,173.0,-188.0,-1.5,9.0,sbro,,,,,TANDERSON-L,ZGALLEN-R,,,,,,,,
2020,2020-08-28,NYY,NYM,3.0,4.0,False,0|0|3|0|0|0|0|x|x,1|0|0|0|1|0|2|x|x,-121.0,110.0,-130.0,120.0,1.5,7.5,sbro,,,,,JLOAISIGA-R,DPETERSON-L,,,,,,,,
2020,2020-08-29,NYM,NYY,1.0,2.0,False,0|0|0|0|0|0|0|1|0,1|0|0|0|0|0|0|0|1,109.0,-119.0,-105.0,-105.0,-1.5,10.0,sbro,,,,,RGSELLMAN-R,JHAPP-L,,,,,,,,
2020,2020-08-29,CLE,STL,2.0,1.0,False,1|0|0|0|0|0|0|0|0,0|0|0|0|0|0|1|0|0,115.0,-135.0,123.0,-133.0,-1.5,7.5,sbro,,,,,CCARRASCO-R,JFLAHERTY-R,,,,,,,,
2020,2020-08-29,ATL,PHI,1.0,4.0,False,0|0|0|0|0|1|0|0|0,1|0|0|0|3|0|0|0|0,105.0,-115.0,109.0,-119.0,-1.5,10.5,sbro,,,,,JTOMLIN-R,ZEFLIN-R,,,,,,,,
2020,2020-08-29,KAN,CWS,9.0,6.0,False,0|1|0|0|0|1|5|2|0,0|0|1|2|0|0|0|0|3,144.0,-160.0,146.0,-156.0,-1.5,10.0,sbro,,,,,BSINGER-R-R,DCEASE-R,,,,,,,,
2020,2020-08-29,TAM,MIA,4.0,0.0,False,0|0|0|0|0|1|1|2|0,0|0|0|0|0|0|0|0|0,-121.0,110.0,104.0,-114.0,1.5,8.0,sbro,,,,,JFLEMING-L,PLOPEZ-R,,,,,,,,
2020,2020-08-29,MIN,DET,2.0,8.0,False,0|0|1|0|0|1|0|x|x,0|1|1|2|2|2|0|x|x,-175.0,157.0,-148.0,138.0,1.5,7.0,sbro,,,,,RDOBNAK-R,MBOYD-L,,,,,,,,
2020,2020-08-29,CHC,CIN,3.0,0.0,False,0|1|1|0|0|1|0|x|x,0|0|0|0|0|0|0|x|x,101.0,-111.0,-109.0,-101.0,-1.5,6.0,sbro,,,,,YDARVISH-R,TBAUER-R,,,,,,,,
2020,2020-08-29,BAL,TOR,0.0,5.0,False,0|0|0|0|0|0|0|0|0,2|0|0|3|0|0|0|0|0,144.0,-160.0,140.0,-150.0,-1.5,10.0,sbro,,,,,ACOBB-R,TWALKER-R,,,,,,,,
2020,2020-08-29,LAD,TEX,7.0,4.0,False,0|1|2|0|1|0|3|0|0,0|0|2|0|1|0|1|0|0,-150.0,130.0,-155.0,145.0,1.5,8.5,sbro,,,,,RSTRIPLING-R,LLYNN-R,,,,,,,,
2020,2020-08-29,PIT,MIL,6.0,7.0,False,1|0|1|0|2|0|0|0|2,1|1|0|0|0|0|1|2|2,155.0,-180.0,175.0,-190.0,-1.5,9.0,sbro,,,,,JTBRUBAKER-R,BANDERSON-L,,,,,,,,
2020,2020-08-29,OAK,HOU,3.0,6.0,False,1|0|0|1|1|0|0|x|x,3|2|0|0|0|1|0|x|x,115.0,-135.0,119.0,-129.0,-1.5,6.5,sbro,,,,,FMONTAS-R,ZGREINKE-R,,,,,,,,
2020,2020-08-29,WAS,BOS,3.0,5.0,False,0|0|3|0|0|0|0|0|0,3|1|0|1|0|0|0|0|0,-120.0,100.0,-112.0,102.0,1.5,11.5,sbro,,,,,ASANCHEZ-R,CMAZZA-R,,,,,,,,
2020,2020-08-29,SDG,COL,3.0,4.0,False,0|0|0|0|0|0|0|3|0,0|0|1|0|0|0|2|0|1,120.0,-140.0,-110.0,100.0,1.5,13.0,sbro,,,,,MBAEZ-R,ASENZATELA-R,,,,,,,,
2020,2020-08-29,SFO,ARI,5.0,2.0,False,2|1|1|0|0|0|0|0|1,0|0|0|2|0|0|0|0|0,120.0,-140.0,146.0,-156.0,-1.5,9.5,sbro,,,,,TCAHILL-R,LWEAVER-R,,,,,,,,
2020,2020-08-29,SEA,LAA,3.0,16.0,False,0|1|0|0|0|0|0|1|1,1|2|0|0|3|4|4|2|0,157.0,-175.0,170.0,-185.0,-1.5,9.0,sbro,,,,,JSHEFFIELD-L,DBUNDY-R,,,,,,,,
2020,2020-08-29,CHC,CIN,5.0,6.0,False,1|0|0|2|1|1|0|x|x,1|0|3|0|0|0|2|x|x,118.0,-131.0,108.0,-118.0,-1.5,7.5,sbro,,,,,AMILLS-R,TANTONE-R,,,,,,,,
2020,2020-08-29,MIN,DET,2.0,4.0,False,0|1|0|1|0|0|0|x|x,0|0|2|0|2|0|0|x|x,-165.0,149.0,-149.0,139.0,1.5,7.0,sbro,,,,,MWISLER-R,TSKUBAL-L,,,,,,,,
2020,2020-08-29,OAK,HOU,2.0,4.0,False,0|0|0|1|0|1|0|x|x,3|0|0|1|0|0|0|x|x,100.0,-110.0,100.0,-110.0,-1.5,7.0,sbro,,,,,CBASSITT-R,LMCCULLERSJR-R,,,,,,,,
2020,2020-08-30,NYM,NYY,7.0,8.0,False,0|0|0|2|2|3|0|0|x,1|0|0|1|0|0|5|1|x,110.0,-121.0,-111.0,101.0,1.5,8.0,sbro,,,,,RPORCELLO-R,MKING-R,,,,,,,,
2020,2020-08-30,TAM,MIA,12.0,7.0,False,3|0|0|2|7|0|0|0|0,0|0|0|1|1|1|4|0|0,-175.0,157.0,-170.0,160.0,1.5,7.0,sbro,,,,,BSNELL-L,SALCANTARA-R,,,,,,,,
2020,2020-08-30,CHC,CIN,10.0,1.0,False,0|0|0|2|2|1|1|0|4,0|0|0|0|0|1|0|0|0,125.0,-145.0,152.0,-162.0,-1.5,9.0,sbro,,,,,TCHATWOOD-R,LCASTILLO-R,,,,,,,,
2020,2020-08-30,MIN,DET,2.0,3.0,False,0|1|1|0|0|0|0|0|0,1|0|0|1|0|1|0|0|0,-210.0,176.0,-210.0,190.0,1.5,8.5,sbro,,,,,KMAEDA-R,CMIZE-R,,,,,,,,
2020,2020-08-30,WAS,BOS,5.0,9.0,False,0|0|2|1|2|0|0|0|0,3|2|3|0|0|0|0|1|0,-120.0,100.0,102.0,-112.0,1.5,11.0,sbro,,,,,AVOTH-R,ZGODLEY-R,,,,,,,,
2020,2020-08-30,KAN,CWS,2.0,5.0,False,0|0|0|0|0|1|0|1|0,0|1|1|0|0|0|0|0|0,170.0,-190.0,161.0,-172.0,-1.5,9.5,sbro,,,,,KBUBIC-L-L,DDUNNING-R,,,,,,,,
2020,2020-08-30,PIT,MIL,5.0,1.0,False,0|1|0|2|1|0|1|0|0,0|0|1|0|0|0|0|0|0,184.0,-220.0,240.0,-270.0,-1.5,8.0,sbro,,,,,SBRAULT-L,BWOODRUFF-R,,,,,,,,
2020,2020-08-30,CLE,STL,2.0,7.0,False,0|2|0|0|0|0|0|0|0,0|4|1|0|0|0|1|1|0,-110.0,-110.0,-120.0,110.0,1.5,8.0,sbro,,,,,ACIVALE-R,AWAINWRIGHT-R,,,,,,,,
2020,2020-08-30,LAD,TEX,7.0,2.0,False,1|1|2|1|0|1|0|1|0,0|0|1|1|0|0|0|0|0,-230.0,192.0,-220.0,200.0,1.5,9.0,sbro,,,,,TGONSOLIN-R,KGIBSON-R,,,,,,,,
2020,2020-08-30,BAL,TOR,5.0,6.0,False,0|1|0|0|0|3|0|0|1,0|0|0|1|2|0|0|1|2,131.0,-145.0,135.0,-145.0,-1.5,10.0,sbro,,,,,JLOPEZ-R,TROARK-R,,,,,,,,
2020,2020-08-30,SDG,COL,13.0,2.0,False,3|2|0|0|0|1|2|3|2,0|0|0|0|0|2|0|0|0,-150.0,130.0,-165.0,155.0,1.5,13.0,sbro,,,,,CPADDACK-R,RCASTELLANI-R,,,,,,,,
2020,2020-08-30,SEA,LAA,2.0,1.0,False,0|0|0|0|0|0|1|0|0,0|0|0|0|0|0|1|0|0,151.0,-175.0,180.0,-200.0,-1.5,10.0,sbro,,,,,JDUNN-R,GCANNING-R,,,,,,,,
2020,2020-08-30,SFO,ARI,4.0,1.0,False,1|0|0|0|0|0|0|3|0,0|0|0|0|0|0|1|0|0,115.0,-135.0,110.0,-120.0,-1.5,9.5,sbro,,,,,JCUETO-R,TCLARKE-R,,,,,,,,
2020,2020-08-30,ATL,PHI,12.0,10.0,False,0|10|0|0|1|0|0|0|1,0|1|6|1|0|0|0|2|0,122.0,-135.0,-114.0,104.0,-1.5,9.0,sbro,,,,,TMILONE-L,JARRIETA-R,,,,,,,,
2020,2020-08-30,NYY,NYM,5.0,2.0,False,0|0|1|0|0|0|0|4|x,0|0|0|0|0|1|0|1|x,122.0,-135.0,135.0,-145.0,-1.5,7.0,sbro,,,,,DGARCIA-R,SLUGO-R,,,,,,,,
2020,2020-08-31,BAL,TOR,4.0,3.0,False,1|0|0|0|0|1|0|0|0,0|0|0|0|2|0|0|0|0,170.0,-190.0,151.0,-161.0,-1.5,10.0,sbro,,,,,KAKIN-L,CANDERSON-R,,,,,,,,
2020,2020-08-31,SEA,LAA,2.0,1.0,False,0|0|1|0|0|1|0|0|0,0|1|0|0|0|0|0|0|0,135.0,-150.0,140.0,-150.0,-1.5,9.0,sbro,,,,,MGONZALES-L,JBARRIA-R,,,,,,,,
2020,2020-08-31,STL,CIN,7.0,5.0,False,1|1|1|4|0|0|0|0|0,1|0|0|0|0|1|0|0|3,-101.0,-119.0,100.0,-110.0,-1.5,9.5,sbro,,,,,DHUDSON-R,ADESCLAFANI-R,,,,,,,,
2020,2020-08-31,TAM,NYY,5.0,3.0,False,2|1|0|0|1|1|0|0|0,0|0|0|0|0|0|1|2|0,125.0,-145.0,136.0,-146.0,-1.5,7.5,sbro,,,,,TGLASNOW-R,GCOLE-R,,,,,,,,
2020,2020-08-31,WAS,PHI,6.0,8.0,False,0|0|0|0|2|0|2|0|2,1|1|0|4|0|0|2|0|0,-105.0,-115.0,128.0,-138.0,-1.5,10.5,sbro,,,,,EFEDDE-R,SHOWARD-R,,,,,,,,
2020,2020-08-31,ATL,BOS,6.0,3.0,False,1|0|0|1|3|1|0|0|0,1|0|1|0|0|0|0|1|0,-185.0,160.0,-196.0,178.0,1.5,9.0,sbro,,,,,MFRIED-L,CBREWER-R,,,,,,,,
2020,2020-08-31,PIT,MIL,5.0,6.0,False,0|0|2|0|1|2|0|0|0,0|2|1|1|1|0|0|1|0,157.0,-175.0,180.0,-200.0,-1.5,8.5,sbro,,,,,TWILLIAMS-R,BSUTER-L,,,,,,,,
2020,2020-08-31,CLE,KAN,1.0,2.0,False,0|0|0|0|0|0|1|0|0,0|0|0|0|0|0|0|2|0,-220.0,184.0,-240.0,210.0,1.5,7.5,sbro,,,,,SBIEBER-R,BKELLER-R,,,,,,,,
2020,2020-08-31,CWS,MIN,8.0,5.0,False,0|0|0|2|0|2|1|0|3,0|3|1|0|0|1|0|0|0,-119.0,-101.0,-112.0,102.0,1.5,8.5,sbro,,,,,LGIOLITO-R,RHILL-L,,,,,,,,
2020,2020-08-31,SDG,COL,6.0,0.0,False,0|0|3|2|0|0|1|0|0,0|0|0|0|0|0|0|0|0,218.0,-245.0,102.0,-112.0,1.5,12.0,sbro,,,,,GRICHARDS-R,GMARQUEZ-R,,,,,,,,
2020,2020-08-31,MIA,NYM,5.0,3.0,False,0|0|0|0|0|4|0|1|0,0|0|2|0|0|1|0|0|0,213.0,-240.0,240.0,-270.0,-1.5,7.5,sbro,,,,,TROGERS-L,JDEGROM-R,,,,,,,,
2020,2020-09-01,STL,CIN,16.0,2.0,False,6|2|1|0|2|2|1|2|0,0|0|0|0|0|1|0|0|1,131.0,-145.0,154.0,-164.0,-1.5,9.0,sbro,,,,,KKIM-L,SGRAY-R,,,,,,,,
2020,2020-09-01,TOR,MIA,2.0,3.0,False,1|0|0|1|0|0|0|0|0,0|0|1|0|0|1|0|1|0,-110.0,100.0,112.0,-122.0,-1.5,8.5,sbro,,,,,JMERRYWEATHER-R,EHERNANDEZ-R,,,,,,,,
2020,2020-09-01,CHC,PIT,8.0,7.0,False,1|1|0|1|3|0|0|0|0,0|1|0|0|0|4|0|1|0,-150.0,135.0,-163.0,153.0,1.5,9.5,sbro,,,,,JLESTER-L,CKUHL-R,,,,,,,,
2020,2020-09-01,NYM,BAL,5.0,9.0,False,0|2|1|0|0|2|0|0|0,3|2|0|0|0|3|1|0|0,-129.0,117.0,-132.0,122.0,1.5,10.5,sbro,,,,,AJURADO-R,AWOJCIECHOWSKI-R,,,,,,,,
2020,2020-09-01,TAM,NYY,3.0,5.0,False,0|0|0|0|2|0|1|0|0,1|0|1|0|0|3|0|0|0,114.0,-126.0,139.0,-149.0,-1.5,9.0,sbro,,,,,TRICHARDS-R,MTANAKA-R,,,,,,,,
2020,2020-09-01,WAS,PHI,0.0,6.0,False,0|0|0|0|0|0|0|0|0,0|0|0|0|2|4|0|0|0,135.0,-150.0,138.0,-148.0,-1.5,8.5,sbro,,,,,PCORBIN-L,ANOLA-R,,,,,,,,
2020,2020-09-01,ATL,BOS,10.0,3.0,False,2|0|0|0|0|2|1|5|0,0|0|2|0|0|0|0|1|0,-190.0,170.0,-168.0,158.0,1.5,9.5,sbro,,,,,IANDERSON-R,RWEBER-R,,,,,,,,
2020,2020-09-01,DET,MIL,12.0,1.0,False,0|0|2|2|0|2|0|4|2,0|0|0|0|0|1|0|0|0,144.0,-160.0,175.0,-190.0,-1.5,9.5,sbro,,,,,MFULMER-R,JLINDBLOM-R,,,,,,,,
2020,2020-09-01,CLE,KAN,10.0,1.0,False,3|2|0|0|0|1|3|1|0,0|0|0|0|0|1|0|0|0,-195.0,175.0,-200.0,180.0,1.5,9.0,sbro,,,,,ZPLESAC-R,MHARVEY-R,,,,,,,,
2020,2020-09-01,CWS,MIN,2.0,3.0,False,2|0|0|0|0|0|0|0|0,0|0|0|0|1|1|1|0|0,-130.0,118.0,-101.0,-109.0,1.5,9.0,sbro,,,,,DKEUCHEL-L,MPINEDA-R,,,,,,,,
2020,2020-09-01,TEX,HOU,6.0,5.0,False,2|0|0|1|0|0|0|0|1,0|0|0|0|0|1|3|0|0,243.0,-275.0,230.0,-260.0,-1.5,8.5,sbro,,,,,LGARCIA-R,FVALDEZ-L,,,,,,,,
2020,2020-09-01,SFO,COL,23.0,5.0,False,3|2|2|1|1|7|2|5|0,0|0|1|0|1|0|0|2|1,122.0,-135.0,-110.0,100.0,-1.5,11.5,sbro,,,,,KGAUSMAN-R,JGRAY-R,,,,,,,,
2020,2020-09-01,ARI,LAD,3.0,6.0,False,0|0|1|0|0|0|0|0|2,1|0|1|0|2|2|0|0|0,234.0,-265.0,200.0,-220.0,-1.5,8.5,sbro,,,,,AYOUNG-L,JURIAS-L,,,,,,,,
2020,2020-09-02,SFO,COL,6.0,9.0,False,4|0|1|1|0|0|0|0|0,0|1|0|0|1|2|5|0|0,120.0,-140.0,108.0,-118.0,-1.5,11.5,sbro,,,,,LWEBB-R,KFREELAND-L,,,,,,,,
2020,2020-09-02,STL,CIN,3.0,4.0,False,0|1|0|0|2|0|0|0|0,0|1|0|0|2|0|0|0|1,-110.0,-110.0,135.0,-145.0,-1.5,10.0,sbro,,,,,JOVIEDO-R,TMAHLE-R,,,,,,,,
2020,2020-09-02,TOR,MIA,2.0,1.0,False,0|0|0|0|2|0|0|0|0,0|0|0|0|1|0|0|0|0,-119.0,-101.0,-112.0,102.0,1.5,7.0,sbro,,,,,HRYU-L,SSANCHEZ-R,,,,,,,,
2020,2020-09-02,CHC,PIT,8.0,2.0,False,0|0|0|3|0|0|2|3|0,0|1|0|0|0|0|1|0|0,-200.0,170.0,-170.0,160.0,1.5,9.0,sbro,,,,,KHENDRICKS-R,JMUSGROVE-R,,,,,,,,
2020,2020-09-02,NYM,BAL,9.0,4.0,False,2|0|0|0|1|1|1|4|0,0|2|0|0|0|0|0|0|2,-126.0,114.0,-142.0,132.0,1.5,10.0,sbro,,,,,MWACHA-R,JMEANS-L,,,,,,,,
2020,2020-09-02,TAM,NYY,5.0,2.0,False,4|0|0|1|0|0|0|0|0,0|0|0|0|0|1|0|0|1,-110.0,-110.0,118.0,-128.0,-1.5,9.0,sbro,,,,,CMORTON-R,JMONTGOMERY-L,,,,,,,,
2020,2020-09-02,WAS,PHI,0.0,3.0,False,0|0|0|0|0|0|0|0|0,0|0|0|2|0|1|0|0|0,-110.0,-110.0,-117.0,107.0,1.5,8.5,sbro,,,,,MSCHERZER-R,ZWHEELER-R,,,,,,,,
2020,2020-09-02,ATL,BOS,7.0,5.0,False,0|3|0|0|0|2|1|1|0,3|0|0|1|1|0|0|0|0,-160.0,144.0,-147.0,137.0,1.5,11.0,sbro,,,,,RERLIN-L,RLEYER-R,,,,,,,,
2020,2020-09-02,DET,MIL,5.0,8.0,False,3|0|1|0|1|0|0|0|0,0|0|3|0|2|0|1|2|0,135.0,-155.0,161.0,-172.0,-1.5,9.0,sbro,,,,,STURNBULL-R,AHOUSER-R,,,,,,,,
2020,2020-09-02,CLE,KAN,5.0,0.0,False,0|2|0|0|0|0|0|0|3,0|0|0|0|0|0|0|0|0,-185.0,160.0,-160.0,150.0,1.5,9.0,sbro,,,,,TMCKENZIE-R,JJUNIS-R,,,,,,,,
2020,2020-09-02,CWS,MIN,1.0,8.0,False,0|0|1|0|0|0|0|0|0,0|3|1|0|2|2|0|0|0,125.0,-145.0,147.0,-157.0,-1.5,9.5,sbro,,,,,RLOPEZ-R,JBERRIOS-R,,,,,,,,
2020,2020-09-02,TEX,HOU,1.0,2.0,False,0|0|0|1|0|0|0|0|0,2|0|0|0|0|0|0|0|0,203.0,-245.0,165.0,-180.0,-1.5,9.0,sbro,,,,,KALLARD-L,CJAVIER-R,,,,,,,,
2020,2020-09-02,SDG,LAA,11.0,4.0,False,0|0|0|2|0|1|0|8|0,0|0|2|1|0|0|0|0|1,-155.0,135.0,-190.0,175.0,1.5,9.0,sbro,,,,,DLAMET-R,JTEHERAN-R,,,,,,,,
2020,2020-09-02,ARI,LAD,2.0,3.0,False,0|0|0|0|0|1|0|0|0,0|0|0|0|0|0|0|0|1,157.0,-175.0,180.0,-200.0,-1.5,8.0,sbro,,,,,ZGALLEN-R,WBUEHLER-R,,,,,,,,
2020,2020-09-03,CHC,PIT,2.0,6.0,False,0|1|1|0|0|0|0|0|0,0|0|4|0|0|2|0|0|0,-165.0,144.0,-155.0,145.0,1.5,10.0,sbro,,,,,AMILLS-R,JTBRUBAKER-R,,,,,,,,
2020,2020-09-03,TEX,HOU,4.0,8.0,False,0|1|0|1|0|1|0|1|0,4|0|0|0|1|1|0|2|0,148.0,-170.0,150.0,-160.0,-1.5,7.5,sbro,,,,,LLYNN-R,ZGREINKE-R,,,,,,,,
2020,2020-09-03,WAS,PHI,5.0,6.0,False,0|0|2|0|2|0|1|0|0,2|0|2|0|0|0|0|1|0,148.0,-170.0,162.0,-174.0,-1.5,10.5,sbro,,,,,ASANCHEZ-R,ZEFLIN-R,,,,,,,,
2020,2020-09-03,SDG,LAA,0.0,2.0,False,0|0|0|0|0|0|0|0|0,0|0|1|1|0|0|0|0|0,-165.0,149.0,-138.0,128.0,1.5,8.5,sbro,,,,,MCLEVINGER-R,AHEANEY-L,,,,,,,,
2020,2020-09-03,TOR,BOS,6.0,2.0,False,0|0|0|0|0|0|1|1|0,0|1|0|0|0|1|0|0|0,-130.0,110.0,-120.0,110.0,1.5,10.5,sbro,,,,,TWALKER-R,MPEREZ-L,,,,,,,,
2020,2020-09-03,CWS,KAN,11.0,6.0,False,0|5|0|1|0|0|5|0|0,1|0|0|0|0|3|0|2|0,-135.0,115.0,-135.0,125.0,1.5,9.5,sbro,,,,,DCEASE-R,DDUFFY-L,,,,,,,,
2020,2020-09-03,ARI,LAD,1.0,5.0,False,0|0|0|0|0|0|1|0|0,2|0|0|0|0|0|2|1|0,222.0,-270.0,260.0,-300.0,-1.5,8.5,sbro,,,,,LWEAVER-R,CKERSHAW-L,,,,,,,,
2020,2020-09-03,NYY,NYM,7.0,9.0,False,0|4|0|0|0|0|2|1|0,0|1|0|3|0|0|0|2|1,-115.0,105.0,105.0,-115.0,1.5,9.0,sbro,,,,,JHAPP-L,RGSELLMAN-R,,,,,,,,
2020,2020-09-04,MIA,TAM,4.0,5.0,False,0|0|1|1|2|0|0|0|0,0|1|0|4|0|0|0|0|0,130.0,-150.0,120.0,-130.0,-1.5,7.5,sbro,,,,,PLOPEZ-R,JFLEMING-L,,,,,,,,
2020,2020-09-04,NYY,BAL,6.0,5.0,False,0|1|3|0|0|0|0|0|2,1|0|0|2|1|0|0|0|1,-150.0,135.0,-148.0,138.0,1.5,8.0,sbro,,,,,MKING-R,TESHELMAN-R,,,,,,,,
2020,2020-09-04,CIN,PIT,4.0,2.0,False,0|1|2|0|1|0|0|x|x,0|0|2|0|0|0|0|x|x,-160.0,140.0,-185.0,170.0,1.5,6.5,sbro,,,,,LCASTILLO-R,SBRAULT-L,,,,,,,,
2020,2020-09-04,PHI,NYM,5.0,3.0,False,0|1|1|0|0|0|1|2|0,0|0|0|0|2|0|0|1|0,100.0,-120.0,125.0,-135.0,-1.5,10.0,sbro,,,,,JARRIETA-R,RPORCELLO-R,,,,,,,,
2020,2020-09-04,MIL,CLE,7.0,1.0,False,0|0|0|1|0|0|4|2|0,0|0|0|0|1|0|0|0|0,130.0,-150.0,130.0,-140.0,-1.5,7.5,sbro,,,,,CBURNES-R,CCARRASCO-R,,,,,,,,
2020,2020-09-04,WAS,ATL,10.0,9.0,False,1|1|5|0|0|1|2|x|x,1|2|0|4|0|0|2|x|x,140.0,-160.0,165.0,-180.0,-1.5,8.5,sbro,,,,,WCROWE-R,HYNOA-R,,,,,,,,
2020,2020-09-04,TOR,BOS,8.0,7.0,False,0|3|1|0|1|3|0|x|x,0|2|0|0|2|3|0|x|x,-135.0,115.0,-112.0,102.0,1.5,8.5,sbro,,,,,TROARK-R,ZGODLEY-R,,,,,,,,
2020,2020-09-04,CWS,KAN,7.0,4.0,False,1|1|0|1|1|2|1|0|0,0|1|0|2|0|0|0|0|1,-150.0,130.0,-160.0,150.0,1.5,9.0,sbro,,,,,DDUNNING-R,BSINGER-R-R,,,,,,,,
2020,2020-09-04,DET,MIN,0.0,2.0,False,0|0|0|0|0|0|0|x|x,2|0|0|0|0|0|0|x|x,151.0,-175.0,151.0,-161.0,-1.5,6.5,sbro,,,,,MBOYD-L,RDOBNAK-R,,,,,,,,
2020,2020-09-04,STL,CHC,1.0,4.0,False,0|0|0|0|0|1|0|0|0,2|0|1|0|0|1|0|0|0,120.0,-140.0,130.0,-140.0,-1.5,8.0,sbro,,,,,JFLAHERTY-R,YDARVISH-R,,,,,,,,
2020,2020-09-04,HOU,LAA,5.0,6.0,False,0|0|0|2|0|0|0|0|3,3|0|1|0|0|1|0|0|0,-110.0,-110.0,-115.0,105.0,1.5,8.5,sbro,,,,,LMCCULLERSJR-R,DBUNDY-R,,,,,,,,
2020,2020-09-04,TEX,SEA,3.0,6.0,False,0|0|0|0|1|0|0|0|2,0|1|0|2|0|0|0|3|0,-101.0,-119.0,115.0,-125.0,-1.5,8.5,sbro,,,,,KCODY-R,YKIKUCHI-L,,,,,,,,
2020,2020-09-04,SDG,OAK,7.0,0.0,False,0|0|0|0|4|0|2|1|0,0|0|0|0|0|0|0|0|0,100.0,-120.0,135.0,-145.0,-1.5,8.0,sbro,,,,,ZDAVIES-R,JLUZARDO-L,,,,,,,,
2020,2020-09-04,COL,LAD,6.0,10.0,False,1|0|0|0|1|0|0|4|0,1|0|0|0|0|1|3|5|0,207.0,-250.0,220.0,-250.0,-1.5,9.0,sbro,,,,,ASENZATELA-R,DMAY-R,,,,,,,,
2020,2020-09-04,ARI,SFO,6.0,5.0,False,1|0|1|2|2|0|0|0|0,1|0|1|1|1|0|1|0|0,-110.0,-110.0,140.0,-150.0,-1.5,9.0,sbro,,,,,TCLARKE-R,TANDERSON-L,,,,,,,,
2020,2020-09-04,PIT,CIN,4.0,3.0,False,0|0|0|3|1|0|0|x|x,2|0|0|1|0|0|0|x|x,179.0,-200.0,180.0,-200.0,-1.5,6.0,sbro,,,,,CPONCE-R,TBAUER-R,,,,,,,,
2020,2020-09-04,WAS,ATL,1.0,7.0,False,0|0|0|1|0|0|0|x|x,1|0|2|2|0|2|0|x|x,135.0,-150.0,155.0,-165.0,-1.5,8.0,sbro,,,,,AVOTH-R,TMILONE-L,,,,,,,,
2020,2020-09-04,NYY,BAL,3.0,6.0,False,0|0|1|2|0|0|0|x|x,0|2|0|0|4|0|0|x|x,-180.0,162.0,-170.0,160.0,1.5,7.5,sbro,,,,,DGARCIA-R,JLOPEZ-R,,,,,,,,
2020,2020-09-04,MIN,DET,3.0,2.0,False,0|0|1|0|0|0|1|1|x,0|0|2|0|0|0|0|0|x,-155.0,140.0,-152.0,142.0,1.5,7.0,sbro,,,,,MWISLER-R,TALEXANDER-L,,,,,,,,
2020,2020-09-04,BOS,TOR,3.0,2.0,False,0|1|1|0|1|0|0|x|x,0|0|0|1|0|1|0|x|x,118.0,-130.0,130.0,-140.0,-1.5,8.5,sbro,,,,,CMAZZA-R,RSTRIPLING-R,,,,,,,,
2020,2020-09-05,SDG,OAK,4.0,8.0,False,0|0|1|0|0|0|0|2|1,2|2|0|0|0|3|1|0|0,-110.0,-110.0,102.0,-112.0,-1.5,9.0,sbro,,,,,CPADDACK-R,SMANAEA-L,,,,,,,,
2020,2020-09-05,MIA,TAM,7.0,3.0,False,0|0|0|4|1|0|2|0|0,0|0|0|0|1|0|0|0|2,195.0,-235.0,190.0,-210.0,-1.5,7.5,sbro,,,,,SALCANTARA-R,BSNELL-L,,,,,,,,
2020,2020-09-05,NYY,BAL,1.0,6.0,False,0|0|0|0|0|0|0|1|0,0|0|0|0|0|5|1|0|0,-260.0,215.0,-240.0,210.0,1.5,9.0,sbro,,,,,GCOLE-R,KAKIN-L,,,,,,,,
2020,2020-09-05,CIN,PIT,6.0,2.0,False,0|0|4|0|0|1|0|1|0,0|0|1|1|0|0|0|0|0,-140.0,120.0,-122.0,112.0,1.5,9.5,sbro,,,,,ADESCLAFANI-R,TWILLIAMS-R,,,,,,,,
2020,2020-09-05,CWS,KAN,5.0,3.0,False,2|0|0|0|3|0|0|0|0,0|0|1|0|0|0|2|0|0,-220.0,184.0,-230.0,205.0,1.5,9.5,sbro,,,,,LGIOLITO-R,KBUBIC-L-L,,,,,,,,
2020,2020-09-05,DET,MIN,3.0,4.0,False,1|0|0|0|0|0|2|0|0,0|0|0|0|1|0|1|0|2,195.0,-235.0,245.0,-280.0,-1.5,8.5,sbro,,,,,TSKUBAL-L,KMAEDA-R,,,,,,,,
2020,2020-09-05,PHI,NYM,1.0,5.0,False,1|0|0|0|0|0|0|0|0,0|0|2|1|1|1|0|0|0,115.0,-135.0,145.0,-155.0,-1.5,9.0,sbro,,,,,SHOWARD-R,SLUGO-R,,,,,,,,
2020,2020-09-05,MIL,CLE,3.0,4.0,False,0|0|0|1|0|1|0|1|0,0|0|0|0|3|0|0|0|1,100.0,-120.0,104.0,-114.0,-1.5,7.5,sbro,,,,,BWOODRUFF-R,ACIVALE-R,,,,,,,,
2020,2020-09-05,WAS,ATL,10.0,4.0,False,2|0|0|0|1|2|0|0|5,1|0|2|1|0|0|0|0|0,199.0,-240.0,240.0,-270.0,-1.5,9.5,sbro,,,,,EFEDDE-R,MFRIED-L,,,,,,,,
2020,2020-09-05,TOR,BOS,8.0,9.0,False,0|1|0|1|0|3|3|0|0,0|4|0|2|0|0|1|0|2,-135.0,122.0,-125.0,115.0,1.5,10.5,sbro,,,,,CANDERSON-R,RWEBER-R,,,,,,,,
2020,2020-09-05,STL,CHC,4.0,2.0,False,0|0|2|2|0|0|0|x|x,1|0|0|0|1|0|0|x|x,-105.0,-105.0,103.0,-113.0,-1.5,6.0,sbro,,,,,AWAINWRIGHT-R,AALZOLAY-R,,,,,,,,
2020,2020-09-05,HOU,LAA,9.0,10.0,False,0|1|3|0|2|0|3|x|x,1|0|2|1|2|1|3|x|x,-111.0,101.0,-103.0,-107.0,-1.5,7.5,sbro,,,,,BBIELAK-R,GCANNING-R,,,,,,,,
2020,2020-09-05,TEX,SEA,3.0,5.0,False,0|0|0|1|0|0|1|0|1,0|0|2|0|0|0|0|3|0,130.0,-150.0,129.0,-139.0,-1.5,8.0,sbro,,,,,KGIBSON-R,JSHEFFIELD-L,,,,,,,,
2020,2020-09-05,COL,LAD,5.0,2.0,False,0|1|0|1|0|0|0|0|3,0|0|0|0|2|0|0|0|0,180.0,-215.0,163.0,-176.0,-1.5,9.0,sbro,,,,,GMARQUEZ-R,TGONSOLIN-R,,,,,,,,
2020,2020-09-05,ARI,SFO,3.0,4.0,False,1|0|0|0|0|0|1|1|0,0|2|0|0|0|2|0|0|0,100.0,-120.0,128.0,-138.0,-1.5,9.5,sbro,,,,,MBUMGARNER-L,TCAHILL-R,,,,,,,,
2020,2020-09-05,CHC,STL,1.0,5.0,False,0|0|0|0|1|0|0|x|x,0|3|1|1|0|0|0|x|x,122.0,-135.0,-108.0,-102.0,-1.5,7.0,sbro,,,,,CREA-R,AGOMBER-L,,,,,,,,
2020,2020-09-05,LAA,HOU,7.0,6.0,False,0|0|0|2|2|0|3|x|x,1|3|0|0|2|0|0|x|x,126.0,-140.0,154.0,-164.0,-1.5,7.5,sbro,,,,,DPETERS-L,JURQUIDY-R,,,,,,,,
2020,2020-09-06,NYY,BAL,1.0,5.0,False,0|1|0|0|0|0|0|0|0,2|0|0|0|0|2|1|0|x,-220.0,184.0,-200.0,180.0,1.5,9.0,sbro,,,,,MTANAKA-R,DKREMER-R,,,,,,,,
2020,2020-09-06,PHI,NYM,1.0,14.0,False,0|1|0|0|0|0|0|0|0,1|1|0|2|1|2|0|7|x,130.0,-150.0,147.0,-157.0,-1.5,7.5,sbro,,,,,ANOLA-R,JDEGROM-R,,,,,,,,
2020,2020-09-06,MIL,CLE,1.0,4.0,False,0|0|0|0|1|0|0|0|0,1|0|0|1|0|2|0|0|x,192.0,-230.0,230.0,-260.0,-1.5,7.0,sbro,,,,,BANDERSON-L,SBIEBER-R,,,,,,,,
2020,2020-09-06,WAS,ATL,3.0,10.0,False,0|1|0|0|0|0|0|0|2,0|0|0|2|1|4|3|0|x,115.0,-135.0,127.0,-137.0,-1.5,9.5,sbro,,,,,PCORBIN-L,JTOMLIN-R,,,,,,,,
2020,2020-09-06,MIA,TAM,4.0,5.0,False,2|0|1|0|0|0|0|0|0,1|0|0|0|1|1|0|0|0,176.0,-210.0,200.0,-220.0,-1.5,7.0,sbro,,,,,TROGERS-L,TGLASNOW-R,,,,,,,,
2020,2020-09-06,TOR,BOS,10.0,8.0,False,0|0|1|0|6|3|0|0|0,3|0|0|1|0|1|0|3|0,-145.0,125.0,-120.0,110.0,1.5,11.0,sbro,,,,,RRAY-L,ATRIGGS-R,,,,,,,,
2020,2020-09-06,CIN,PIT,2.0,3.0,False,0|0|2|0|0|0|0|0|0,0|0|1|0|0|0|0|0|2,-130.0,110.0,-155.0,145.0,1.5,9.0,sbro,,,,,TANTONE-R,CKUHL-R,,,,,,,,
2020,2020-09-06,CWS,KAN,8.0,2.0,False,0|0|1|0|0|1|3|3|0,0|0|0|0|0|0|2|0|0,-170.0,148.0,-210.0,190.0,1.5,11.0,sbro,,,,,DKEUCHEL-L,MHARVEY-R,,,,,,,,
2020,2020-09-06,DET,MIN,10.0,8.0,False,0|1|1|0|0|3|2|3|0,0|0|2|0|4|1|0|1|0,170.0,-200.0,170.0,-185.0,-1.5,9.0,sbro,,,,,CMIZE-R,RHILL-L,,,,,,,,
2020,2020-09-06,ARI,SFO,2.0,4.0,False,2|0|0|0|0|0|0|0|0,0|0|1|0|0|2|1|0|x,130.0,-150.0,140.0,-150.0,-1.5,9.0,sbro,,,,,AYOUNG-L,JCUETO-R,,,,,,,,
2020,2020-09-06,HOU,LAA,5.0,9.0,False,2|1|0|0|0|0|2|0|0,0|1|3|0|0|1|0|4|x,-125.0,105.0,-170.0,160.0,1.5,9.5,sbro,,,,,FVALDEZ-L,JBARRIA-R,,,,,,,,
2020,2020-09-06,SDG,OAK,5.0,3.0,False,0|0|2|1|0|0|2|0|0,1|0|1|0|0|0|1|0|0,-110.0,-110.0,-107.0,-103.0,1.5,10.5,sbro,,,,,GRICHARDS-R,MFIERS-R,,,,,,,,
2020,2020-09-06,TEX,SEA,3.0,4.0,False,0|1|0|0|1|0|0|0|1,2|0|0|1|0|0|1|0|x,130.0,-150.0,115.0,-125.0,-1.5,9.0,sbro,,,,,JLYLES-R,JDUNN-R,,,,,,,,
2020,2020-09-06,STL,CUB,7.0,3.0,False,1|0|4|0|0|2|0|0|0,1|2|0|0|0|0|0|0|0,-101.0,-109.0,-102.0,-108.0,1.5,12.5,sbro,,,,,DHUDSON-R,JLESTER-L,,,,,,,,
2020,2020-09-06,COL,LAD,7.0,6.0,False,0|2|0|0|2|1|0|2|0,1|1|0|0|2|2|0|0|0,207.0,-250.0,240.0,-270.0,-1.5,9.5,sbro,,,,,RCASTELLANI-R,JURIAS-L,,,,,,,,
2020,2020-09-07,MIA,ATL,5.0,4.0,False,0|1|1|2|0|0|0|0|0,2|1|0|0|0|0|0|0|1,170.0,-200.0,200.0,-220.0,-1.5,9.0,sbro,,,,,JURENA-R,IANDERSON-R,,,,,,,,
2020,2020-09-07,PHI,NYM,9.0,8.0,False,3|2|0|0|1|0|0|1|0,0|0|0|0|3|0|4|0|0,-119.0,-101.0,-125.0,115.0,1.5,9.5,sbro,,,,,ZWHEELER-R,DPETERSON-L,,,,,,,,
2020,2020-09-07,DET,MIN,2.0,6.0,False,0|0|0|1|0|0|1|0|0,0|0|4|1|0|0|0|1|x,170.0,-200.0,180.0,-200.0,-1.5,8.5,sbro,,,,,MFULMER-R,MPINEDA-R,,,,,,,,
2020,2020-09-07,TEX,SEA,4.0,8.0,False,0|0|0|2|0|0|0|0|2,2|0|1|5|0|0|0|0|x,125.0,-145.0,140.0,-150.0,-1.5,8.0,sbro,,,,,KALLARD-L,MGONZALES-L,,,,,,,,
2020,2020-09-07,STL,CUB,1.0,5.0,False,0|0|0|0|0|0|1|0|0,1|0|1|1|2|0|0|0|x,140.0,-160.0,167.0,-182.0,-1.5,7.5,sbro,,,,,JOVIEDO-R,KHENDRICKS-R,,,,,,,,
2020,2020-09-07,TAM,WAS,1.0,6.0,False,0|0|0|0|0|0|0|1|0,0|1|2|0|0|3|0|0|x,126.0,-140.0,100.0,-110.0,-1.5,8.0,sbro,,,,,CMORTON-R,MSCHERZER-R,,,,,,,,
2020,2020-09-07,KAN,CLE,2.0,5.0,False,0|0|0|0|0|0|1|1|0,0|2|0|1|0|0|2|0|x,180.0,-215.0,190.0,-210.0,-1.5,8.0,sbro,,,,,BKELLER-R,ZPLESAC-R,,,,,,,,
2020,2020-09-07,NYY,TOR,7.0,12.0,False,2|0|0|1|2|1|0|0|1,1|1|0|0|0|10|0|0|x,130.0,-150.0,115.0,-125.0,-1.5,9.0,sbro,,,,,JMONTGOMERY-L,HRYU-L,,,,,,,,
2020,2020-09-07,COL,SDG,0.0,1.0,False,0|0|0|0|0|0|0|0|0,0|0|0|0|0|0|0|0|1,180.0,-215.0,170.0,-185.0,-1.5,8.5,sbro,,,,,KFREELAND-L,DLAMET-R,,,,,,,,
2020,2020-09-07,HOU,OAK,0.0,6.0,False,0|0|0|0|0|0|0|0|0,0|2|0|0|0|0|1|3|x,130.0,-150.0,120.0,-130.0,-1.5,9.0,sbro,,,,,CJAVIER-R,CBASSITT-R,,,,,,,,
2020,2020-09-07,ARI,SFO,2.0,4.0,False,0|0|1|0|0|0|0|0|1,0|0|0|0|0|4|0|0|x,-150.0,130.0,100.0,-110.0,-1.5,7.5,sbro,,,,,ZGALLEN-R,KGAUSMAN-R,,,,,,,,
2020,2020-09-08,TAM,WAS,3.0,5.0,False,0|0|0|0|0|3|0|0|0,1|1|2|0|0|1|0|0|x,-150.0,130.0,-148.0,138.0,1.5,9.5,sbro,,,,,RYARBROUGH-L,ASANCHEZ-R,,,,,,,,
2020,2020-09-08,KAN,CLE,8.0,6.0,False,0|0|3|0|0|0|2|2|1,2|1|2|0|0|0|0|0|1,199.0,-240.0,185.0,-205.0,-1.5,8.5,sbro,,,,,JJUNIS-R,TMCKENZIE-R,,,,,,,,
2020,2020-09-08,NYY,TOR,1.0,2.0,False,0|0|0|0|1|0|0|0|0,0|2|0|0|0|0|0|0|x,125.0,-145.0,-109.0,-101.0,-1.5,10.0,sbro,,,,,JHAPP-L,TWALKER-R,,,,,,,,
2020,2020-09-08,BOS,PHI,5.0,6.0,False,0|0|1|0|2|2|0|x|x,0|1|3|0|0|0|2|x|x,151.0,-175.0,170.0,-185.0,-1.5,7.5,sbro,,,,,MPEREZ-L,ZEFLIN-R,,,,,,,,
2020,2020-09-08,CWS,PIT,4.0,5.0,False,0|0|0|0|3|0|0|1|0,0|0|0|0|2|0|0|2|1,-175.0,151.0,-134.0,124.0,1.5,9.5,sbro,,,,,DCEASE-R,JMUSGROVE-R,,,,,,,,
2020,2020-09-08,MIL,DET,3.0,8.0,False,0|0|0|0|0|0|0|0|3,0|0|0|1|5|0|2|0|x,-110.0,-110.0,-148.0,138.0,1.5,9.0,sbro,,,,,AHOUSER-R,STURNBULL-R,,,,,,,,
2020,2020-09-08,MIA,ATL,8.0,0.0,False,0|1|1|3|0|0|1|0|2,0|0|0|0|0|0|0|0|0,125.0,-145.0,107.0,-117.0,-1.5,9.0,sbro,,,,,SSANCHEZ-R,KWRIGHT-R,,,,,,,,
2020,2020-09-08,BAL,NYM,11.0,2.0,False,0|2|2|1|4|0|0|2|0,0|1|0|0|0|0|0|1|0,160.0,-185.0,165.0,-180.0,-1.5,9.0,sbro,,,,,JMEANS-L,MWACHA-R,,,,,,,,
2020,2020-09-08,CIN,CUB,0.0,3.0,False,0|0|0|0|0|0|0|0|0,0|2|1|0|0|0|0|0|x,105.0,-125.0,-107.0,-103.0,1.5,7.5,sbro,,,,,TMAHLE-R,AMILLS-R,,,,,,,,
2020,2020-09-08,MIN,STL,7.0,3.0,False,0|0|3|1|1|0|2|x|x,0|0|0|0|0|3|0|x|x,-128.0,108.0,-125.0,115.0,1.5,6.5,sbro,,,,,JBERRIOS-R,CMARTINEZ-R,,,,,,,,
2020,2020-09-08,LAA,TEX,1.0,7.0,False,0|0|0|0|1|0|0|0|0,0|1|0|2|2|1|0|1|x,-130.0,110.0,-128.0,118.0,1.5,8.0,sbro,,,,,AHEANEY-L,LLYNN-R,,,,,,,,
2020,2020-09-08,COL,SDG,5.0,14.0,False,3|0|0|0|1|1|0|0|0,5|5|1|0|0|0|3|0|x,320.0,-405.0,210.0,-240.0,-1.5,8.5,sbro,,,,,CGONZALEZ-R,MCLEVINGER-R,,,,,,,,
2020,2020-09-08,HOU,OAK,5.0,4.0,False,0|0|0|4|0|0|1|x|x,0|0|4|0|0|0|0|x|x,117.0,-137.0,136.0,-146.0,-1.5,8.0,sbro,,,,,CDEJONG-R,MMINOR-L,,,,,,,,
2020,2020-09-08,LAD,ARI,10.0,9.0,False,0|1|0|0|1|0|4|0|0,0|0|5|0|0|1|0|0|0,-225.0,188.0,-255.0,225.0,1.5,9.5,sbro,,,,,WBUEHLER-R,LWEAVER-R,,,,,,,,
2020,2020-09-08,SEA,SFO,5.0,6.0,False,1|3|1|0|0|0|0|0|0,1|0|2|2|0|0|1|0|x,144.0,-165.0,150.0,-160.0,-1.5,9.0,sbro,,,,,LNEWSOME-R,LWEBB-R,,,,,,,,
2020,2020-09-08,MIN,STL,4.0,6.0,False,0|2|0|0|1|0|1|x|x,0|0|5|0|0|1|x|x|x,-130.0,110.0,-134.0,124.0,1.5,7.0,sbro,,,,,RDOBNAK-R,DPONCEDELEON-R,,,,,,,,
2020,2020-09-08,BOS,PHI,5.0,2.0,False,0|1|0|1|0|2|1|x|x,2|0|0|0|0|0|0|x|x,157.0,-175.0,150.0,-160.0,-1.5,8.0,sbro,,,,,CMAZZA-R,VVELASQUEZ-R,,,,,,,,
2020,2020-09-08,OAK,HOU,4.0,2.0,False,0|0|2|0|0|2|0|x|x,0|0|0|0|2|0|0|x|x,-105.0,-115.0,118.0,-128.0,-1.5,6.5,sbro,,,,,FMONTAS-R,ZGREINKE-R,,,,,,,,
2020,2020-09-09,KAN,CLE,3.0,0.0,False,0|0|0|0|0|1|0|0|2,0|0|0|0|0|0|0|0|0,184.0,-220.0,190.0,-210.0,-1.5,8.0,sbro,,,,,DDUFFY-L,CCARRASCO-R,,,,,,,,
2020,2020-09-09,NYY,TOR,7.0,2.0,False,0|1|1|0|3|0|0|0|2,0|2|0|0|0|0|0|0|0,-125.0,105.0,-147.0,137.0,1.5,10.0,sbro,,,,,DGARCIA-R,TROARK-R,,,,,,,,
2020,2020-09-09,CWS,PIT,8.0,1.0,False,0|0|1|4|0|3|0|0|0,0|0|0|0|0|0|0|1|0,-180.0,155.0,-153.0,143.0,1.5,9.0,sbro,,,,,DDUNNING-R,JTBRUBAKER-R,,,,,,,,
2020,2020-09-09,MIA,ATL,9.0,29.0,False,0|2|3|3|0|0|1|0|0,0|11|2|3|6|3|4|0|x,120.0,-140.0,128.0,-138.0,-1.5,9.0,sbro,,,,,PLOPEZ-R,TMILONE-L,,,,,,,,
2020,2020-09-09,MIL,DET,19.0,0.0,False,0|3|1|3|0|5|3|0|4,0|0|0|0|0|0|0|0|0,-135.0,115.0,-152.0,142.0,1.5,7.5,sbro,,,,,CBURNES-R,MBOYD-L,,,,,,,,
2020,2020-09-09,BAL,NYM,6.0,7.0,False,2|0|3|0|1|0|0|0|0,0|1|0|2|2|1|0|1|x,150.0,-173.0,177.0,-194.0,-1.5,9.5,sbro,,,,,JLOPEZ-R,RPORCELLO-R,,,,,,,,
2020,2020-09-09,COL,SDG,3.0,5.0,False,1|0|0|0|0|2|0|0|0,2|0|0|0|0|2|0|1|x,170.0,-200.0,162.0,-174.0,-1.5,9.0,sbro,,,,,ASENZATELA-R,ZDAVIES-R,,,,,,,,
2020,2020-09-09,CIN,CUB,3.0,0.0,False,3|0|0|0|0|0|0|0|0,0|0|0|0|0|0|0|0|0,130.0,-150.0,140.0,-150.0,-1.5,6.5,sbro,,,,,TBAUER-R,YDARVISH-R,,,,,,,,
2020,2020-09-09,LAA,TEX,3.0,7.0,False,1|0|0|1|0|0|1|0|0,0|0|0|1|5|1|0|0|x,100.0,-120.0,-116.0,106.0,1.5,9.5,sbro,,,,,JTEHERAN-R,KCODY-R,,,,,,,,
2020,2020-09-09,HOU,OAK,2.0,3.0,False,1|0|0|0|0|1|0|0|0,0|0|0|0|0|0|2|0|1,140.0,-160.0,165.0,-180.0,-1.5,9.0,sbro,,,,,LGARCIA-R,JLUZARDO-L,,,,,,,,
2020,2020-09-09,LAD,ARI,6.0,4.0,False,1|1|0|2|0|0|0|0|0,0|3|0|0|1|0|0|0|0,-270.0,222.0,-310.0,270.0,1.5,9.0,sbro,,,,,CKERSHAW-L,TCLARKE-R,,,,,,,,
2020,2020-09-09,SEA,SFO,1.0,10.0,False,0|0|0|0|0|0|0|1|0,0|0|3|1|3|3|0|0|x,135.0,-150.0,125.0,-135.0,-1.5,9.0,sbro,,,,,NMARGEVICIUS-L,TANDERSON-L,,,,,,,,
2020,2020-09-10,HOU,OAK,1.0,3.0,False,0|0|0|0|0|1|0|0|0,0|0|0|0|0|2|1|0|x,130.0,-150.0,137.0,-147.0,-1.5,9.0,sbro,,,,,JURQUIDY-R,SMANAEA-L,,,,,,,,
2020,2020-09-10,LAA,TEX,6.0,2.0,False,3|0|0|0|1|1|1|0|0,1|0|0|0|0|0|0|1|0,-190.0,163.0,-159.0,149.0,1.5,8.5,sbro,,,,,DBUNDY-R,KGIBSON-R,,,,,,,,
2020,2020-09-10,ATL,WAS,7.0,6.0,False,0|0|0|2|2|0|2|1|0,3|2|0|0|1|0|0|0|0,-150.0,130.0,-146.0,136.0,1.5,11.0,sbro,,,,,RERLIN-L,AVOTH-R,,,,,,,,
2020,2020-09-10,KAN,CLE,11.0,1.0,False,0|0|3|0|0|1|3|4|0,0|0|0|0|0|0|0|0|1,176.0,-210.0,200.0,-220.0,-1.5,7.5,sbro,,,,,BSINGER-R,ACIVALE-R,,,,,,,,
2020,2020-09-10,PHI,MIA,6.0,7.0,False,1|2|0|2|1|0|0|0|0,1|0|1|1|0|0|0|3|1,100.0,-120.0,-105.0,-105.0,1.5,8.5,sbro,,,,,JARRIETA-R,SALCANTARA-R,,,,,,,,
2020,2020-09-10,BOS,TAM,4.0,3.0,False,0|0|2|0|1|0|1|0|0,0|0|0|2|1|0|0|0|0,192.0,-230.0,179.0,-198.0,-1.5,9.5,sbro,,,,,MKICKHAM-L,JFLEMING-L,,,,,,,,
2020,2020-09-10,CIN,CUB,5.0,8.0,False,2|1|0|0|0|0|0|2|0,0|0|0|5|2|0|0|1|x,-130.0,110.0,-125.0,115.0,1.5,7.5,sbro,,,,,SGRAY-R,AALZOLAY-R,,,,,,,,
2020,2020-09-10,SFO,SDG,1.0,6.0,False,0|1|0|0|0|0|0|0|0,3|0|1|1|0|0|1|0|x,176.0,-210.0,165.0,-180.0,-1.5,9.0,sbro,,,,,TCAHILL-R,CPADDACK-R,,,,,,,,
2020,2020-09-10,LAD,ARI,2.0,5.0,False,0|0|2|0|0|0|0|0|0,0|0|2|0|0|3|0|0|x,-190.0,163.0,-240.0,210.0,1.5,9.5,sbro,,,,,DMAY-R,MBUMGARNER-L,,,,,,,,
2020,2020-09-10,DET,STL,2.0,12.0,False,0|0|0|2|0|0|0|x|x,0|2|7|1|0|2|x|x|x,180.0,-215.0,205.0,-230.0,-1.5,5.5,sbro,,,,,TSKUBAL-L,JFLAHERTY-R,,,,,,,,
2020,2020-09-10,DET,STL,6.0,3.0,False,0|0|0|0|0|1|5|x|x,0|1|0|1|1|0|0|x|x,155.0,-180.0,175.0,-190.0,-1.5,7.0,sbro,,,,,JZIMMERMANN-R,AGOMBER-L,,,,,,,,
2020,2020-09-11,ATL,WAS,7.0,8.0,False,0|0|0|2|0|1|0|1|3,3|0|2|0|1|0|0|1|0,-150.0,130.0,-155.0,145.0,1.5,11.0,sbro,,,,,JTOMLIN-R,EFEDDE-R,,,,,,,,
2020,2020-09-11,NYM,TOR,18.0,1.0,False,0|0|4|10|0|0|2|1|1,1|0|0|0|0|0|0|0|0,-180.0,155.0,-215.0,195.0,1.5,8.5,sbro,,,,,JDEGROM-R,CANDERSON-R,,,,,,,,
2020,2020-09-11,BOS,TAM,1.0,11.0,False,0|0|0|0|0|0|0|0|1,0|1|1|2|0|1|4|2|x,230.0,-260.0,240.0,-270.0,-1.5,8.5,sbro,,,,,ATRIGGS-R,BSNELL-L,,,,,,,,
2020,2020-09-11,BAL,NYY,1.0,10.0,False,1|0|0|0|0|0|0|x|x,4|0|0|3|3|0|x|x|x,192.0,-215.0,175.0,-190.0,-1.5,6.5,sbro,,,,,KAKIN-L,MTANAKA-R,,,,,,,,
2020,2020-09-11,PHI,MIA,11.0,0.0,False,0|0|4|5|2|0|0|x|x,0|0|0|0|0|0|0|x|x,-140.0,120.0,-160.0,150.0,1.5,6.0,sbro,,,,,ANOLA-R,TROGERS-L,,,,,,,,
2020,2020-09-11,PIT,KAN,3.0,4.0,False,0|0|0|1|0|0|0|2|0,1|0|2|0|0|0|1|0|x,-101.0,-119.0,128.0,-138.0,-1.5,8.5,sbro,,,,,SBRAULT-L,KBUBIC-L,,,,,,,,
2020,2020-09-11,DET,CWS,3.0,4.0,False,0|0|0|0|0|3|0|0|0,0|0|0|0|0|4|0|0|x,222.0,-270.0,225.0,-255.0,-1.5,8.0,sbro,,,,,CMIZE-R,LGIOLITO-R,,,,,,,,
2020,2020-09-11,CUB,MIL,0.0,1.0,False,0|0|0|0|0|0|0|0|0,0|0|0|0|0|0|0|0|1,130.0,-150.0,156.0,-166.0,-1.5,9.0,sbro,,,,,JLESTER-L,BWOODRUFF-R,,,,,,,,
2020,2020-09-11,CLE,MIN,1.0,3.0,False,0|0|0|0|0|0|0|0|1,0|2|0|0|0|0|1|0|x,-115.0,105.0,-115.0,105.0,-1.5,6.5,sbro,,,,,SBIEBER-R,KMAEDA-R,,,,,,,,
2020,2020-09-11,CIN,STL,3.0,1.0,False,2|0|1|0|0|0|0|0|0,0|1|0|0|0|0|0|0|0,-101.0,-119.0,-112.0,102.0,1.5,7.5,sbro,,,,,LCASTILLO-R,AWAINWRIGHT-R,,,,,,,,
2020,2020-09-11,LAA,COL,4.0,8.0,False,2|0|0|0|0|0|0|1|1,0|0|2|0|1|0|0|0|5,115.0,-135.0,124.0,-134.0,-1.5,12.0,sbro,,,,,GCANNING-R,GMARQUEZ-R,,,,,,,,
2020,2020-09-11,OAK,TEX,10.0,6.0,False,4|3|1|0|0|1|0|0|1,1|0|0|0|0|0|3|2|0,-165.0,144.0,-176.0,163.0,1.5,9.5,sbro,,,,,MFIERS-R,LGARCIA-R,,,,,,,,
2020,2020-09-11,SEA,ARI,3.0,4.0,False,0|0|1|0|0|0|1|1|0,3|0|1|0|0|0|0|0|x,105.0,-115.0,-110.0,100.0,1.5,9.5,sbro,,,,,YKIKUCHI-L,CSMITH-L,,,,,,,,
2020,2020-09-11,PHI,MIA,3.0,5.0,False,0|0|1|0|1|0|1|x|x,0|0|1|3|0|1|x|x|x,-109.0,-101.0,-120.0,110.0,1.5,7.0,sbro,,,,,BPARKER-R,DCASTANO-L,,,,,,,,
2020,2020-09-11,BAL,NYY,0.0,6.0,False,0|0|0|0|0|0|0|x|x,3|2|0|0|0|1|x|x|x,208.0,-251.0,220.0,-250.0,-1.5,6.5,sbro,,,,,ACOBB-R,GCOLE-R,,,,,,,,
2020,2020-09-12,BAL,NYY,1.0,2.0,False,0|0|0|0|0|1|0|0|0,1|0|0|0|0|0|0|0|0,140.0,-160.0,170.0,-185.0,-1.5,9.0,sbro,,,,,DKREMER-R,JMONTGOMERY-L,,,,,,,,
2020,2020-09-12,ATL,WAS,2.0,1.0,False,1|0|0|1|0|0|0|0|0,0|0|0|0|0|0|0|1|0,-130.0,110.0,-145.0,135.0,1.5,9.0,sbro,,,,,IANDERSON-R,PCORBIN-L,,,,,,,,
2020,2020-09-12,PHI,MIA,12.0,6.0,False,4|0|1|0|1|0|1|5|0,0|0|0|3|0|1|1|1|0,100.0,-120.0,-120.0,110.0,1.5,9.5,sbro,,,,,SHOWARD-R,JURENA-R,,,,,,,,
2020,2020-09-12,NYM,TOR,2.0,3.0,False,0|0|0|1|0|0|1|0|0,0|0|0|1|1|1|0|0|x,-185.0,166.0,-161.0,151.0,1.5,10.0,sbro,,,,,SLUGO-R,UNDECIDED,,,,,,,,
2020,2020-09-12,BOS,TAM,4.0,5.0,False,0|0|1|1|0|0|2|0|0,1|0|0|3|0|0|1|0|x,205.0,-230.0,190.0,-210.0,-1.5,7.5,sbro,,,,,NEOVALDI-R,TGLASNOW-R,,,,,,,,
2020,2020-09-12,PIT,KAN,4.0,7.0,False,0|2|1|0|0|0|0|1|0,1|0|2|0|3|0|1|0|x,130.0,-150.0,102.0,-112.0,-1.5,9.5,sbro,,,,,TWILLIAMS-R,CHERNANDEZ-R,,,,,,,,
2020,2020-09-12,OAK,TEX,2.0,5.0,False,0|0|1|0|0|1|0|x|x,5|0|0|0|0|0|x|x|x,-190.0,170.0,-196.0,178.0,1.5,7.5,sbro,,,,,DJEFFERIES-R,UNDECIDED,,,,,,,,
2020,2020-09-12,DET,CWS,0.0,14.0,False,0|0|0|0|0|0|0|0|0,3|0|2|3|4|1|1|0|x,153.0,-170.0,175.0,-190.0,-1.5,10.5,sbro,,,,,MFULMER-R,RLOPEZ-R,,,,,,,,
2020,2020-09-12,CUB,MIL,4.0,2.0,False,0|0|0|0|0|0|0|0|4,0|0|0|2|0|0|0|0|0,-120.0,100.0,-106.0,-104.0,1.5,9.0,sbro,,,,,KHENDRICKS-R,BANDERSON-L,,,,,,,,
2020,2020-09-12,LAA,COL,5.0,2.0,False,0|0|0|1|0|1|0|0|0,0|0|1|1|0|0|0|0|0,115.0,-135.0,125.0,-135.0,-1.5,12.0,sbro,,,,,JBARRIA-R,KFREELAND-L,,,,,,,,
2020,2020-09-12,SEA,ARI,7.0,3.0,False,4|1|0|0|2|0|0|0|0,0|0|0|2|0|0|0|1|0,151.0,-175.0,141.0,-151.0,-1.5,8.5,sbro,,,,,JSHEFFIELD-L,ZGALLEN-R,,,,,,,,
2020,2020-09-12,CIN,STL,1.0,7.0,False,0|0|1|0|0|0|0|0|0,0|0|0|2|0|5|0|0|x,120.0,-140.0,118.0,-128.0,-1.5,8.0,sbro,,,,,TANTONE-R,DHUDSON-R,,,,,,,,
2020,2020-09-12,HOU,LAD,7.0,5.0,False,1|0|0|0|0|0|0|1|5,0|3|1|0|1|0|0|0|0,140.0,-160.0,145.0,-155.0,-1.5,9.5,sbro,,,,,FVALDEZ-L,JURIAS-L,,,,,,,,
2020,2020-09-12,CLE,MIN,4.0,8.0,False,0|0|0|2|0|1|0|1|0,0|3|0|2|0|0|0|3|x,-130.0,110.0,-110.0,100.0,1.5,8.0,sbro,,,,,ZPLESAC-R,RHILL-L,,,,,,,,
2020,2020-09-12,OAK,TEX,10.0,1.0,False,0|7|0|0|3|0|0|x|x,0|0|0|0|0|1|0|x|x,-190.0,170.0,-210.0,190.0,1.5,7.0,sbro,,,,,UNDECIDED,UNDECIDED,,,,,,,,
2020,2020-09-13,ATL,WAS,8.0,4.0,False,1|0|0|1|0|4|0|0|2,0|1|0|1|2|0|0|0|0,170.0,-200.0,155.0,-165.0,-1.5,9.0,sbro,,,,,KWRIGHT-R,MSCHERZER-R,,,,,,,,
2020,2020-09-13,BAL,NYY,1.0,3.0,False,0|1|0|0|0|0|0|0|0,0|0|1|0|0|0|0|2|x,184.0,-220.0,160.0,-170.0,-1.5,9.5,sbro,,,,,JMEANS-L,JHAPP-L,,,,,,,,
2020,2020-09-13,PHI,MIA,1.0,2.0,False,0|1|0|0|0|0|0|x|x,0|0|2|0|0|0|x|x|x,135.0,-150.0,155.0,-165.0,-1.5,6.5,sbro,,,,,UNDECIDED,UNDECIDED,,,,,,,,
2020,2020-09-13,BOS,TAM,6.0,3.0,False,2|0|0|0|2|2|0|0|0,1|0|0|2|0|0|0|0|0,163.0,-190.0,180.0,-200.0,-1.5,8.0,sbro,,,,,MPEREZ-L,CMORTON-R,,,,,,,,
2020,2020-09-13,PIT,KAN,0.0,11.0,False,0|0|0|0|0|0|0|0|0,4|0|6|0|0|1|0|0|x,135.0,-155.0,122.0,-132.0,-1.5,8.5,sbro,,,,,CKUHL-R,BKELLER-R,,,,,,,,
2020,2020-09-13,DET,CWS,2.0,5.0,False,1|0|0|0|0|0|0|0|1,0|1|0|1|3|0|0|0|x,130.0,-150.0,160.0,-170.0,-1.5,9.5,sbro,,,,,STURNBULL-R,UNDECIDED,,,,,,,,
2020,2020-09-13,CUB,MIL,12.0,0.0,False,0|0|0|5|4|0|1|0|2,0|0|0|0|0|0|0|0|0,110.0,-130.0,114.0,-124.0,-1.5,9.5,sbro,,,,,AMILLS-R,AHOUSER-R,,,,,,,,
2020,2020-09-13,CIN,STL,10.0,5.0,False,0|1|2|0|0|1|3|1|2,1|2|0|0|2|0|0|0|0,-110.0,-110.0,-105.0,-105.0,1.5,8.0,sbro,,,,,TMAHLE-R,CMARTINEZ-R,,,,,,,,
2020,2020-09-13,OAK,TEX,3.0,6.0,False,1|0|0|0|0|0|0|1|1,0|1|0|0|0|3|2|0|x,-125.0,105.0,-140.0,130.0,1.5,8.0,sbro,,,,,FMONTAS-R,LLYNN-R,,,,,,,,
2020,2020-09-13,HOU,LAD,1.0,8.0,False,0|0|0|0|0|1|0|0|0,1|0|0|0|4|0|0|3|x,-109.0,-101.0,127.0,-137.0,-1.5,9.0,sbro,,,,,ZGREINKE-R,UNDECIDED,,,,,,,,
2020,2020-09-13,NYM,TOR,3.0,7.0,False,1|0|0|0|0|0|0|2|0,0|2|0|0|0|5|0|0|x,120.0,-140.0,144.0,-154.0,-1.5,9.5,sbro,,,,,DPETERSON-L,HRYU-L,,,,,,,,
2020,2020-09-13,LAA,COL,5.0,3.0,False,0|1|0|0|0|0|1|2|1,0|1|2|0|0|0|0|0|0,-145.0,125.0,-155.0,145.0,1.5,12.5,sbro,,,,,AHEANEY-L,RCASTELLANI-R,,,,,,,,
2020,2020-09-13,CLE,MIN,5.0,7.0,False,1|0|2|0|0|1|0|1|0,0|0|2|1|3|1|0|0|x,120.0,-140.0,125.0,-135.0,-1.5,8.0,sbro,,,,,TMCKENZIE-R,MPINEDA-R,,,,,,,,
2020,2020-09-13,SFO,SDG,0.0,6.0,False,0|0|0|0|0|0|0|x|x,0|2|2|0|0|2|x|x|x,157.0,-175.0,162.0,-174.0,-1.5,6.0,sbro,,,,,UNDECIDED,UNDECIDED,,,,,,,,
2020,2020-09-13,SEA,ARI,7.0,3.0,False,1|1|0|0|0|2|0|2|1,1|0|0|0|0|0|2|0|0,125.0,-145.0,140.0,-150.0,-1.5,9.0,sbro,,,,,JDUNN-R,LWEAVER-R,,,,,,,,
2020,2020-09-13,PHI,MIA,1.0,8.0,False,0|1|0|0|0|0|0|x|x,3|0|1|0|0|4|x|x|x,-145.0,131.0,-150.0,140.0,1.5,7.0,sbro,,,,,UNDECIDED,SSANCHEZ-R,,,,,,,,
2020,2020-09-13,SFO,SDG,1.0,3.0,False,0|1|0|0|0|0|0|x|x,0|1|0|0|2|0|x|x|x,140.0,-155.0,150.0,-160.0,-1.5,6.5,sbro,,,,,LWEBB-R,GRICHARDS-R,,,,,,,,
2020,2020-09-14,PIT,CIN,1.0,3.0,False,0|0|0|0|0|0|1|x|x,0|0|0|1|0|0|2|x|x,,,225.0,-255.0,-1.5,6.0,sbro,,,,,MKELLER-R,TBAUER-R,,,,,,,,
2020,2020-09-14,ATL,BAL,1.0,14.0,False,0|0|0|0|0|1|0|0|0,1|0|9|0|3|0|1|0|x,-160.0,140.0,-164.0,154.0,1.5,10.0,sbro,,,,,TTOUSSAINT-R,JLOPEZ-R,,,,,,,,
2020,2020-09-14,STL,MIL,1.0,2.0,False,0|0|0|0|0|0|0|1|x,0|0|0|0|0|0|0|2|x,-119.0,109.0,104.0,-114.0,-1.5,6.5,sbro,,,,,KKIM-L,JLINDBLOM-R,,,,,,,,
2020,2020-09-14,MIN,CWS,1.0,3.0,False,0|0|0|0|1|0|0|0|0,0|1|0|0|0|0|0|2|x,-120.0,100.0,-136.0,126.0,1.5,9.0,sbro,,,,,JBERRIOS-R,DCEASE-R,,,,,,,,
2020,2020-09-14,LAD,SDG,2.0,7.0,False,0|0|1|0|0|0|0|0|1,0|0|0|0|0|1|5|1|x,-130.0,110.0,-140.0,130.0,1.5,7.5,sbro,,,,,UNDECIDED,DLAMET-R,,,,,,,,
2020,2020-09-14,PIT,CIN,4.0,9.0,False,1|0|0|1|2|0|0|x|x,0|2|1|0|3|3|x|x|x,170.0,-190.0,138.0,-148.0,-1.5,7.5,sbro,,,,,UNDECIDED,ADESCLAFANI-R,,,,,,,,
2020,2020-09-14,OAK,SEA,5.0,6.0,False,0|1|0|4|0|0|0|x|x,0|0|0|1|3|2|x|x|x,-140.0,126.0,-152.0,142.0,1.5,6.0,sbro,,,,,JLUZARDO-L,MGONZALES-L,,,,,,,,
2020,2020-09-14,OAK,SEA,9.0,0.0,False,1|0|5|0|0|3|0|x|x,0|0|0|0|0|0|0|x|x,-155.0,140.0,-170.0,160.0,1.5,7.0,sbro,,,,,MMINOR-L,UNDECIDED,,,,,,,,
2020,2020-09-14,STL,MIL,3.0,2.0,False,0|0|0|0|1|0|1|0|1,0|0|0|2|0|0|0|0|0,192.0,-215.0,180.0,-200.0,-1.5,6.5,sbro,,,,,DPONCEDELEON-R,CBURNES-R,,,,,,,,
2020,2020-09-14,PHI,MIA,2.0,6.0,False,1|0|0|0|0|0|0|1|0,0|1|2|1|0|1|1|0|x,131.0,-145.0,109.0,-119.0,-1.5,8.5,sbro,,,,,UNDECIDED,PLOPEZ-R,,,,,,,,
2020,2020-09-15,WAS,TAM,1.0,6.0,False,0|0|0|0|0|1|0|0|0,0|2|0|0|4|0|0|0|x,155.0,-180.0,163.0,-176.0,-1.5,9.0,sbro,,,,,ASANCHEZ-R,JCURTISS-R,,,,,,,,
2020,2020-09-15,PIT,CIN,1.0,4.0,False,0|0|0|1|0|0|0|0|0,3|1|0|0|0|0|0|0|x,120.0,-140.0,126.0,-136.0,-1.5,9.0,sbro,,,,,JMUSGROVE-R,MLORENZEN,,,,,,,,
2020,2020-09-15,BOS,MIA,2.0,0.0,False,0|0|0|0|0|1|0|1|0,0|0|0|0|0|0|0|0|0,151.0,-175.0,148.0,-158.0,-1.5,9.0,sbro,,,,,THOUCK,SALCANTARA-R,,,,,,,,
2020,2020-09-15,ATL,BAL,5.0,1.0,False,0|0|1|1|0|0|0|0|3,0|0|0|0|0|0|0|0|1,-160.0,144.0,-170.0,160.0,1.5,10.5,sbro,,,,,UNDECIDED,UNDECIDED,,,,,,,,
2020,2020-09-15,TOR,NYY,6.0,20.0,False,0|1|0|2|0|0|0|0|3,0|7|5|4|0|1|2|1|x,148.0,-170.0,150.0,-160.0,-1.5,9.0,sbro,,,,,TWALKER-R,DGARCIA-R,,,,,,,,
2020,2020-09-15,NYM,PHI,1.0,4.0,False,0|0|0|0|1|0|0|0|0,0|0|0|2|2|0|0|0|x,-105.0,-115.0,-117.0,107.0,1.5,9.5,sbro,,,,,RPORCELLO-R,JARRIETA-R,,,,,,,,
2020,2020-09-15,KAN,DET,0.0,6.0,False,0|0|0|0|0|0|0|0|0,3|0|2|0|0|1|0|0|x,-119.0,-101.0,105.0,-115.0,1.5,8.5,sbro,,,,,DDUFFY-L,MBOYD-L,,,,,,,,
2020,2020-09-15,STL,MIL,3.0,18.0,False,1|0|0|0|1|0|1|0|0,2|0|2|7|6|0|1|0|x,-140.0,120.0,-133.0,123.0,1.5,8.5,sbro,,,,,JFLAHERTY-R,BANDERSON-L,,,,,,,,
2020,2020-09-15,TEX,HOU,1.0,4.0,False,0|0|0|0|1|0|0|0|0,1|0|0|0|0|0|2|1|x,180.0,-215.0,178.0,-196.0,-1.5,9.0,sbro,,,,,KCODY-R,JURQUIDY-R,,,,,,,,
2020,2020-09-15,MIN,CWS,2.0,6.0,False,0|0|1|0|1|0|0|0|0,1|0|3|0|0|1|1|0|x,-101.0,-119.0,114.0,-124.0,-1.5,9.0,sbro,,,,,RDOBNAK-R,DDUNNING-R,,,,,,,,
2020,2020-09-15,CLE,CUB,5.0,6.0,False,0|0|2|0|1|0|0|0|2,0|1|0|0|2|0|1|1|1,130.0,-150.0,144.0,-154.0,-1.5,8.0,sbro,,,,,CCARRASCO-R,YDARVISH-R,,,,,,,,
2020,2020-09-15,OAK,COL,1.0,3.0,False,0|1|0|0|0|0|0|0|0,0|0|0|0|2|1|0|0|x,-155.0,135.0,-132.0,122.0,1.5,12.0,sbro,,,,,SMANAEA-L,ASENZATELA-R,,,,,,,,
2020,2020-09-15,LAD,SDG,3.0,1.0,False,1|0|1|0|1|0|0|0|0,0|0|1|0|0|0|0|0|0,-125.0,105.0,-128.0,118.0,1.5,8.5,sbro,,,,,TGONSOLIN-R,ZDAVIES-R,,,,,,,,
2020,2020-09-15,ARI,LAA,9.0,8.0,False,2|2|3|1|0|0|0|1|0,0|0|1|0|5|2|0|0|0,110.0,-130.0,135.0,-145.0,-1.5,10.0,sbro,,,,,MBUMGARNER-L,JTEHERAN-R,,,,,,,,
2020,2020-09-16,WAS,TAM,4.0,2.0,False,0|0|0|0|0|2|0|0|0,1|0|0|0|0|0|0|0|1,155.0,-180.0,164.0,-178.0,-1.5,9.0,sbro,,,,,AVOTH-R,PFAIRBANKS,,,,,,,,
2020,2020-09-16,OAK,COL,3.0,1.0,False,0|0|1|0|0|2|0|0|0,0|0|1|0|0|0|0|0|0,-110.0,-110.0,115.0,-125.0,-1.5,11.5,sbro,,,,,MFIERS-R,GMARQUEZ-R,,,,,,,,
2020,2020-09-16,LAD,SDG,7.0,5.0,False,0|1|2|0|3|1|0|0|0,0|1|0|0|0|0|2|1|1,-140.0,126.0,-114.0,104.0,1.5,9.0,sbro,,,,,BGRATEROL-R,AMOREJON-L,,,,,,,,
2020,2020-09-16,PIT,CIN,0.0,1.0,False,0|0|0|0|0|0|0|0|0,0|0|0|0|1|0|0|0|x,184.0,-220.0,220.0,-250.0,-1.5,8.0,sbro,,,,,JTBRUBAKER-R,LCASTILLO-R,,,,,,,,
2020,2020-09-16,BOS,MIA,4.0,8.0,False,0|0|1|0|1|0|2|0|0,2|0|4|0|2|0|0|0|x,120.0,-140.0,115.0,-125.0,-1.5,9.0,sbro,,,,,MKICKHAM-L,TROGERS-L,,,,,,,,
2020,2020-09-16,ATL,BAL,1.0,5.0,False,0|0|0|0|0|1|0|0|0,0|0|3|0|0|2|0|0|x,-175.0,151.0,-180.0,165.0,1.5,10.0,sbro,,,,,CHAMELS-L,KAKIN-L,,,,,,,,
2020,2020-09-16,TOR,NYY,2.0,13.0,False,0|0|0|0|0|1|0|0|1,1|0|2|3|1|4|2|0|x,218.0,-265.0,240.0,-270.0,-1.5,8.5,sbro,,,,,TROARK-R,GCOLE-R,,,,,,,,
2020,2020-09-16,NYM,PHI,5.0,4.0,False,0|0|0|1|0|2|0|1|1,0|3|1|0|0|0|0|0|0,-135.0,115.0,-176.0,163.0,1.5,7.5,sbro,,,,,JDEGROM-R,ZWHEELER-R,,,,,,,,
2020,2020-09-16,KAN,DET,4.0,0.0,False,2|0|0|0|0|1|0|1|0,0|0|0|0|0|0|0|0|0,-125.0,105.0,-114.0,104.0,1.5,9.0,sbro,,,,,BSINGER-R,TSKUBAL-L,,,,,,,,
2020,2020-09-16,STL,MIL,4.0,2.0,False,0|1|0|1|1|1|0|x|x,2|0|0|0|0|0|0|x|x,135.0,-150.0,140.0,-150.0,-1.5,6.0,sbro,,,,,AWAINWRIGHT-R,BWOODRUFF-R,,,,,,,,
2020,2020-09-16,MIN,CWS,5.0,1.0,False,0|1|0|2|0|0|0|2|0,0|0|0|1|0|0|0|0|0,135.0,-155.0,143.0,-153.0,-1.5,8.5,sbro,,,,,JODORIZZI-R,LGIOLITO-R,,,,,,,,
2020,2020-09-16,TEX,HOU,1.0,0.0,False,0|0|0|0|0|0|0|0|1,0|0|0|0|0|0|0|0|0,199.0,-240.0,205.0,-230.0,-1.5,9.0,sbro,,,,,KGIBSON-R,LMCCULLERSJR-R,,,,,,,,
2020,2020-09-16,CLE,CUB,2.0,3.0,False,1|0|0|0|1|0|0|0|0,0|1|0|1|0|0|0|0|0,-120.0,100.0,-107.0,-103.0,1.5,8.0,sbro,,,,,ACIVALE-R,JLESTER-L,,,,,,,,
2020,2020-09-16,ARI,LAA,9.0,6.0,False,0|4|2|0|0|0|3|0|0,0|2|0|0|1|1|2|0|0,155.0,-180.0,175.0,-190.0,-1.5,9.0,sbro,,,,,CSMITH-L,DBUNDY-R,,,,,,,,
2020,2020-09-16,STL,MIL,0.0,6.0,False,0|0|0|0|0|0|0|x|x,4|0|0|0|0|2|x|x|x,131.0,-145.0,160.0,-170.0,-1.5,7.0,sbro,,,,,JOVIEDO-R,BSUTER-L,,,,,,,,
2020,2020-09-16,SFO,SEA,9.0,3.0,False,1|1|3|3|0|0|1|0|0,0|0|0|3|0|0|0|0|0,-150.0,135.0,-152.0,142.0,1.5,8.5,sbro,,,,,DSMYLY-L,LNEWSOME-R,,,,,,,,
2020,2020-09-17,MIN,CWS,3.0,4.0,False,0|1|0|0|1|1|0|0|0,0|0|0|1|1|0|2|0|0,-155.0,140.0,-161.0,151.0,1.5,8.5,sbro,,,,,KMAEDA-R,RLOPEZ-R,,,,,,,,
2020,2020-09-17,ARI,LAA,3.0,7.0,False,0|0|0|1|1|0|0|0|1,3|2|1|0|0|0|0|1|0,135.0,-155.0,155.0,-165.0,-1.5,10.0,sbro,,,,,AYOUNG-L,GCANNING-R,,,,,,,,
2020,2020-09-17,TAM,BAL,3.0,1.0,False,0|1|0|0|0|0|2|x|x,0|0|0|0|0|1|0|x|x,-200.0,179.0,-180.0,165.0,1.5,6.0,sbro,,,,,BSNELL-L,DKREMER-R,,,,,,,,
2020,2020-09-17,TOR,NYY,7.0,10.0,False,0|0|2|0|1|0|0|0|4,2|0|0|7|0|0|1|0|0,176.0,-210.0,200.0,-220.0,-1.5,9.5,sbro,,,,,JMERRYWEATHER-R,MTANAKA-R,,,,,,,,
2020,2020-09-17,NYM,PHI,10.0,6.0,False,3|0|0|0|0|3|0|0|4,4|2|0|0|0|0|0|0|0,120.0,-140.0,105.0,-115.0,-1.5,8.0,sbro,,,,,SLUGO-R,ANOLA-R,,,,,,,,
2020,2020-09-17,STL,PIT,1.0,5.0,False,0|0|1|0|0|0|0|0|0,0|0|0|4|1|0|0|0|0,-165.0,144.0,-152.0,142.0,1.5,8.5,sbro,,,,,DHUDSON-R,SBRAULT-L,,,,,,,,
2020,2020-09-17,TEX,HOU,1.0,2.0,False,0|0|0|0|0|0|1|0|0,0|2|0|0|0|0|0|0|0,192.0,-230.0,220.0,-250.0,-1.5,9.0,sbro,,,,,JLYLES-R,FVALDEZ-L,,,,,,,,
2020,2020-09-17,CLE,DET,10.0,3.0,False,1|0|0|4|0|0|3|2|0,0|0|0|0|0|0|0|3|0,-270.0,222.0,-270.0,240.0,1.5,7.0,sbro,,,,,SBIEBER-R,CMIZE-R,,,,,,,,
2020,2020-09-17,LAD,COL,9.0,3.0,False,0|0|0|2|0|0|6|1|0,2|0|0|0|0|0|0|1|0,-165.0,144.0,-157.0,147.0,1.5,12.0,sbro,,,,,JURIAS-L,KFREELAND-L,,,,,,,,
2020,2020-09-17,SFO,SEA,6.0,4.0,False,0|1|0|0|0|2|3|0|0,0|4|0|0|0|0|0|0|0,-145.0,125.0,-124.0,114.0,1.5,9.0,sbro,,,,,TANDERSON-L,NMARGEVICIUS-L,,,,,,,,
2020,2020-09-17,BAL,TAM,6.0,10.0,False,0|0|2|4|0|0|0|x|x,3|0|1|2|4|0|0|x|x,157.0,-175.0,161.0,-172.0,-1.5,7.5,sbro,,,,,BZIMMERMANN-L,TRICHARDS-R,,,,,,,,
2020,2020-09-17,BOS,MIA,5.0,3.0,False,0|0|0|0|0|2|3|0|0,0|0|0|0|0|0|3|0|0,114.0,-126.0,-108.0,-102.0,-1.5,9.5,sbro,,,,,NEOVALDI-R,JURENA-R,,,,,,,,
2020,2020-09-18,TOR,PHI,7.0,8.0,False,0|0|0|5|2|0|0|x|x,1|0|1|3|0|3|x|x|x,170.0,157.0,200.0,175.0,1.5,7.0,sbro,,,,,RSTRIPLING-R,DHALE-R,,,,,,,,
2020,2020-09-18,TAM,BAL,2.0,1.0,False,1|0|1|0|0|0|0|0|0,0|0|0|1|0|0|0|0|0,-175.0,-181.0,-190.0,-210.0,-1.5,8.5,sbro,,,,,TGLASNOW-R,ACOBB-R,,,,,,,,
2020,2020-09-18,STL,PIT,6.0,5.0,False,1|2|2|1|0|0|0|x|x,2|0|0|3|0|0|0|x|x,156.0,126.0,190.0,145.0,1.5,6.5,sbro,,,,,CMARTINEZ-R,TWILLIAMS-R,,,,,,,,
2020,2020-09-18,CWS,CIN,1.0,7.0,False,0|0|0|0|0|1|0|0|0,1|0|5|0|0|0|1|0|x,-146.0,148.0,-155.0,161.0,1.5,9.5,sbro,,,,,JSTIEVER-R,TMAHLE-R,,,,,,,,
2020,2020-09-18,ATL,NYM,15.0,2.0,False,1|4|1|6|0|2|0|1|0,0|0|0|0|1|1|0|0|0,-171.0,-171.0,-172.0,-220.0,-1.5,8.5,sbro,,,,,MFRIED-L,SMATZ-L,,,,,,,,
2020,2020-09-18,CLE,DET,1.0,0.0,False,0|0|0|0|1|0|0|0|0,0|0|0|0|0|0|0|0|0,148.0,126.0,200.0,105.0,1.5,8.5,sbro,,,,,ZPLESAC-R,MFULMER-R,,,,,,,,
2020,2020-09-18,WAS,MIA,5.0,0.0,False,0|2|0|3|0|0|0|x|x,0|0|0|0|0|0|0|x|x,-146.0,131.0,-115.0,175.0,1.5,6.5,sbro,,,,,EFEDDE-R,SSANCHEZ-R,,,,,,,,
2020,2020-09-18,NYY,BOS,6.0,5.0,False,0|0|0|0|0|0|2|1|1,0|0|0|3|1|0|0|0|0,-151.0,144.0,-190.0,148.0,1.5,10.5,sbro,,,,,JMONTGOMERY-L,MPEREZ-L,,,,,,,,
2020,2020-09-18,KAN,MIL,5.0,9.0,False,3|0|1|0|0|0|0|0|1,0|0|0|6|3|0|0|0|x,-160.0,-180.0,-158.0,-180.0,-1.5,8.5,sbro,,,,,DDUFFY-L,AHOUSER-R,,,,,,,,
2020,2020-09-18,ARI,HOU,6.0,3.0,False,0|0|0|3|0|0|2|1|0,1|0|1|0|1|0|0|0|0,155.0,149.0,165.0,142.0,1.5,7.5,sbro,,,,,ZGALLEN-R,ZGREINKE-R,,,,,,,,
2020,2020-09-18,LAD,COL,15.0,6.0,False,0|4|0|0|5|2|4|0|0,0|3|0|0|0|3|0|0|0,-165.0,-110.0,-152.0,-123.0,-1.5,13.0,sbro,,,,,AWOOD-L,RCASTELLANI-R,,,,,,,,
2020,2020-09-18,MIN,CUB,0.0,1.0,False,0|0|0|0|0|0|0|0|0,1|0|0|0|0|0|0|0|x,100.0,135.0,113.0,116.0,1.5,7.0,sbro,,,,,RHILL-L,KHENDRICKS-R,,,,,,,,
2020,2020-09-18,TEX,LAA,2.0,6.0,False,0|0|0|0|0|0|2|0|0,0|1|0|0|1|1|1|2|x,-150.0,120.0,-126.0,143.0,1.5,9.5,sbro,,,,,JHERGET-R,JBARRIA-R,,,,,,,,
2020,2020-09-18,SFO,OAK,0.0,6.0,False,0|0|0|0|0|0|0|0|0,1|0|3|2|0|0|0|0|x,-140.0,-145.0,-153.0,-140.0,-1.5,8.5,sbro,,,,,LWEBB-R,CBASSITT-R,,,,,,,,
2020,2020-09-18,SDG,SEA,6.0,1.0,False,0|0|1|4|0|0|0|0|1,0|0|0|0|0|0|0|1|0,125.0,126.0,130.0,118.0,1.5,8.5,sbro,,,,,CPADDACK-R,YKIKUCHI-L,,,,,,,,
2020,2020-09-18,PIT,STL,2.0,7.0,False,0|0|0|0|2|0|0|x|x,0|0|0|1|0|6|x|x|x,-140.0,-105.0,-128.0,111.0,1.5,7.0,sbro,,,,,CKUHL-R,DPONCEDELEON-R,,,,,,,,
2020,2020-09-18,PHI,TOR,7.0,0.0,False,1|0|0|0|5|1|0|x|x,0|0|0|0|0|0|0|x|x,-115.0,-165.0,-121.0,-185.0,-1.5,6.5,sbro,,,,,ZEFLIN-R,RRAY-L,,,,,,,,
2020,2020-09-18,WAS,MIA,3.0,14.0,False,2|0|0|0|1|0|0|x|x,1|1|4|0|4|4|x|x|x,144.0,-170.0,170.0,-176.0,-1.5,7.0,sbro,,,,,WCROWE-R,DCASTANO-L,,,,,,,,
2020,2020-09-19,SFO,OAK,0.0,6.0,False,0|0|0|0|0|0|0|0|0,0|0|0|1|0|0|5|0|0,-101.0,-109.0,-106.0,-102.0,-1.5,8.0,sbro,,,,,KGAUSMAN-R,JLUZARDO-L,,,,,,,,
2020,2020-09-19,TOR,PHI,1.0,3.0,False,0|0|0|0|1|0|0|0|0,0|0|0|0|2|0|0|1|0,-201.0,170.0,-200.0,180.0,1.5,8.0,sbro,,,,,HRYU-L,VVELASQUEZ-R,,,,,,,,
2020,2020-09-19,CWS,CIN,5.0,0.0,False,0|0|0|0|2|0|0|3|0,0|0|0|0|0|0|0|0|0,-165.0,149.0,-170.0,160.0,1.5,8.0,sbro,,,,,DKEUCHEL-L,TBAUER-R,,,,,,,,
2020,2020-09-19,WAS,MIA,3.0,7.0,False,0|0|0|2|0|0|1|0|0,1|0|2|2|1|1|0|0|0,-116.0,-104.0,113.0,-123.0,-1.5,7.5,sbro,,,,,PCORBIN-L,PLOPEZ-R,,,,,,,,
2020,2020-09-19,CLE,DET,2.0,5.0,False,0|0|2|0|0|0|0|0|0,1|0|0|0|0|0|0|4|0,-166.0,145.0,-158.0,148.0,1.5,8.0,sbro,,,,,TMCKENZIE-R,STURNBULL-R,,,,,,,,
2020,2020-09-19,TAM,BAL,3.0,1.0,False,0|0|1|0|2|0|0|0|0,1|0|0|0|0|0|0|0|0,-201.0,148.0,-220.0,163.0,1.5,8.0,sbro,,,,,CMORTON-R,JLOPEZ-R,,,,,,,,
2020,2020-09-19,STL,PIT,5.0,4.0,False,0|0|0|0|0|0|5|0|0,1|0|1|0|0|2|0|0|0,-190.0,163.0,-164.0,154.0,1.5,8.0,sbro,,,,,KKIM-L,MKELLER-R,,,,,,,,
2020,2020-09-19,KAN,MIL,0.0,5.0,False,0|0|0|0|0|0|0|0|0,0|0|1|0|0|0|0|4|0,184.0,-220.0,180.0,-200.0,-1.5,7.5,sbro,,,,,KBUBIC-L-L,CBURNES-R,,,,,,,,
2020,2020-09-19,ARI,HOU,2.0,3.0,False,0|1|1|0|0|0|0|0|0,0|0|1|0|0|2|0|0|0,148.0,-170.0,156.0,-166.0,-1.5,9.5,sbro,,,,,LWEAVER-R,CJAVIER-R,,,,,,,,
2020,2020-09-19,ATL,NYM,2.0,7.0,False,0|0|0|0|0|1|0|1|0,2|0|0|1|0|0|0|4|0,-145.0,125.0,-149.0,139.0,1.5,9.0,sbro,,,,,IANDERSON-R,DPETERSON-L,,,,,,,,
2020,2020-09-19,TEX,LAA,3.0,4.0,False,3|0|0|0|0|0|0|0|0,0|1|0|0|2|0|0|1|0,148.0,-170.0,145.0,-155.0,-1.5,7.5,sbro,,,,,LLYNN-R,AHEANEY-L,,,,,,,,
2020,2020-09-19,NYY,BOS,8.0,0.0,False,2|0|0|2|3|0|0|0|1,0|0|0|0|0|0|0|0|0,-205.0,183.0,-205.0,185.0,1.5,10.5,sbro,,,,,JHAPP-L,CMAZZA-R,,,,,,,,
2020,2020-09-19,LAD,COL,6.0,1.0,False,2|0|0|1|0|0|3|0|0,1|0|0|0|0|0|0|0|0,-290.0,237.0,-280.0,245.0,1.5,12.0,sbro,,,,,CKERSHAW-L,CGONZALEZ-R,,,,,,,,
2020,2020-09-19,MIN,CHC,8.0,1.0,False,1|0|0|0|0|1|5|0|1,0|1|0|0|0|0|0|0|0,-135.0,115.0,-123.0,113.0,1.5,8.0,sbro,,,,,MPINEDA-R,AMILLS-R,,,,,,,,
2020,2020-09-19,SDG,SEA,1.0,4.0,False,0|0|1|0|0|0|0|0|0,1|0|2|0|1|0|0|0|0,-190.0,163.0,-160.0,150.0,1.5,8.5,sbro,,,,,LPATINO-R,JSHEFFIELD-L,,,,,,,,
2020,2020-09-20,TOR,PHI,6.0,3.0,False,2|0|0|0|0|2|2|0|0,1|0|0|0|0|0|2|0|0,104.0,-114.0,-110.0,100.0,-1.5,9.5,sbro,,,,,TWALKER-R,UNDECIDED,,,,,,,,
2020,2020-09-20,STL,PIT,2.0,1.0,False,0|0|0|0|0|0|2|0|0,0|0|0|1|0|0|0|0|0,-160.0,140.0,-160.0,150.0,1.5,7.5,sbro,,,,,JFLAHERTY-R,JMUSGROVE-R,,,,,,,,
2020,2020-09-20,TAM,BAL,1.0,2.0,False,0|0|0|1|0|0|0|0|0,2|0|0|0|0|0|0|0|x,-180.0,155.0,-152.0,142.0,1.5,8.5,sbro,,,,,UNDECIDED,JMEANS-L,,,,,,,,
2020,2020-09-20,CWS,CIN,3.0,7.0,False,0|0|0|0|2|0|0|1|0,0|0|0|5|2|0|0|0|x,-120.0,100.0,120.0,-130.0,-1.5,9.5,sbro,,,,,DCEASE-R,MLORENZEN,,,,,,,,
2020,2020-09-20,ATL,NYM,7.0,0.0,False,0|0|0|0|0|1|0|2|4,0|0|0|0|0|0|0|0|0,-101.0,-119.0,108.0,-118.0,-1.5,9.5,sbro,,,,,KWRIGHT-R,RPORCELLO-R,,,,,,,,
2020,2020-09-20,CLE,DET,7.0,4.0,False,0|0|0|0|3|2|2|0|0,0|0|0|0|0|0|0|3|1,-200.0,170.0,-194.0,177.0,1.5,7.5,sbro,,,,,CCARRASCO-R,MBOYD-L,,,,,,,,
2020,2020-09-20,WAS,MIA,1.0,2.0,False,0|0|0|0|1|0|0|x|x,1|0|0|0|0|1|x|x|x,-160.0,140.0,-140.0,130.0,1.5,6.0,sbro,,,,,MSCHERZER-R,UNDECIDED,,,,,,,,
2020,2020-09-20,NYY,BOS,2.0,10.0,False,0|0|0|0|0|1|0|0|1,0|2|4|0|0|0|3|1|x,-170.0,148.0,-196.0,178.0,1.5,9.0,sbro,,,,,DGARCIA-R,THOUCK,,,,,,,,
2020,2020-09-20,KAN,MIL,3.0,5.0,False,0|0|0|0|0|1|0|0|2,2|0|0|0|0|3|0|0|x,120.0,-140.0,145.0,-155.0,-1.5,8.5,sbro,,,,,BKELLER-R,JLINDBLOM-R,,,,,,,,
2020,2020-09-20,ARI,HOU,2.0,3.0,False,0|0|0|1|1|0|0|0|0,0|0|0|0|0|1|1|1|x,170.0,-200.0,180.0,-200.0,-1.5,9.5,sbro,,,,,MBUMGARNER-L,JURQUIDY-R,,,,,,,,
2020,2020-09-20,MIN,CUB,4.0,0.0,False,1|1|0|0|0|0|2|0|0,0|0|0|0|0|0|0|0|0,140.0,-160.0,143.0,-153.0,-1.5,7.5,sbro,,,,,JBERRIOS-R,YDARVISH-R,,,,,,,,
2020,2020-09-20,LAD,COL,3.0,6.0,False,0|0|0|0|0|0|1|0|2,0|0|0|2|0|3|0|1|x,-190.0,163.0,-200.0,180.0,1.5,12.0,sbro,,,,,TGONSOLIN-R,ASENZATELA-R,,,,,,,,
2020,2020-09-20,SFO,OAK,14.0,2.0,False,0|0|2|2|0|4|1|2|3,0|0|0|0|0|2|0|0|0,125.0,-145.0,162.0,-174.0,-1.5,9.0,sbro,,,,,TANDERSON-L,MMINOR-L,,,,,,,,
2020,2020-09-20,SDG,SEA,7.0,4.0,False,0|0|0|0|0|3|0|0|0,0|0|0|0|1|0|0|2|0,-220.0,184.0,-280.0,245.0,1.5,8.5,sbro,,,,,DLAMET-R,JDUNN-R,,,,,,,,
2020,2020-09-20,TEX,LAA,7.0,2.0,False,2|1|1|1|0|0|0|2|0,0|1|0|0|0|1|0|0|0,115.0,-135.0,140.0,-150.0,-1.5,10.0,sbro,,,,,KCODY-R,JTEHERAN-R,,,,,,,,
2020,2020-09-20,WAS,MIA,15.0,0.0,False,3|0|3|1|4|4|0|x|x,0|0|0|0|0|0|0|x|x,122.0,-135.0,125.0,-135.0,-1.5,7.0,sbro,,,,,BBRAYMER-L,BGARRETT-L,,,,,,,,
2020,2020-09-21,TEX,LAA,5.0,8.0,False,1|1|1|0|0|2|0|0|0,0|1|0|7|0|0|0|0|0,184.0,-220.0,190.0,-210.0,-1.5,8.5,sbro,,,,,KGIBSON-R,DBUNDY-R,,,,,,,,
2020,2020-09-21,PHI,WAS,1.0,5.0,False,0|0|0|0|1|0|0|0|0,2|0|0|0|0|1|2|0|0,-145.0,125.0,-155.0,145.0,1.5,8.5,sbro,,,,,ZWHEELER-R,ASANCHEZ-R,,,,,,,,
2020,2020-09-21,CWS,CLE,4.0,7.0,False,0|0|0|0|4|0|0|0|0,3|1|0|0|2|0|1|0|0,-115.0,-105.0,-101.0,-109.0,-1.5,8.0,sbro,,,,,DDUNNING-R,ACIVALE-R,,,,,,,,
2020,2020-09-21,NYY,TOR,5.0,11.0,False,0|1|0|0|0|0|1|0|3,0|0|5|4|0|1|1|0|0,-140.0,126.0,-143.0,133.0,1.5,11.0,sbro,,,,,MKING-R,MSHOEMAKER-R,,,,,,,,
2020,2020-09-21,MIL,CIN,3.0,6.0,False,0|0|0|0|1|0|0|0|2,0|0|0|0|0|2|0|4|0,110.0,-130.0,114.0,-124.0,-1.5,7.0,sbro,,,,,BWOODRUFF-R,LCASTILLO-R,,,,,,,,
2020,2020-09-21,CHC,PIT,5.0,0.0,False,0|1|0|0|1|0|0|3|0,0|0|0|0|0|0|0|0|0,-160.0,140.0,-146.0,136.0,1.5,8.5,sbro,,,,,JLESTER-L,JTBRUBAKER-R,,,,,,,,
2020,2020-09-21,MIA,ATL,4.0,5.0,False,3|0|0|0|0|0|0|1|0,4|1|0|0|0|0|0|0|0,148.0,-170.0,151.0,-161.0,-1.5,9.5,sbro,,,,,TROGERS-L,HYNOA-R,,,,,,,,
2020,2020-09-21,TAM,NYM,2.0,1.0,False,0|1|0|1|0|0|0|0|0,0|0|0|0|1|0|0|0|0,192.0,-230.0,165.0,-180.0,-1.5,7.0,sbro,,,,,PFAIRBANKS-R,JDEGROM-R,,,,,,,,
2020,2020-09-21,STL,KAN,1.0,4.0,False,0|1|0|0|0|0|0|0|0,0|0|0|0|1|2|0|1|0,-145.0,125.0,-185.0,170.0,1.5,9.0,sbro,,,,,AWAINWRIGHT-R,CHERNANDEZ-R,,,,,,,,
2020,2020-09-21,HOU,SEA,1.0,6.0,False,0|0|0|0|0|0|0|0|1,0|0|0|0|0|0|4|2|0,-145.0,125.0,-124.0,114.0,1.5,8.0,sbro,,,,,LMCCULLERSJR-R,MGONZALES-L,,,,,,,,
2020,2020-09-21,COL,SFO,7.0,2.0,False,2|0|1|1|3|0|0|0|0,0|0|0|0|1|0|1|0|0,-105.0,-115.0,108.0,-118.0,-1.5,8.0,sbro,,,,,GMARQUEZ-R,JCUETO-R,,,,,,,,
2020,2020-09-22,PHI,WAS,1.0,5.0,False,0|0|0|1|0|0|0|x|x,1|0|4|0|0|0|0|x|x,-185.0,160.0,-200.0,180.0,1.5,6.5,sbro,,,,,ANOLA-R,AVOTH-R,,,,,,,,
2020,2020-09-22,CWS,CLE,3.0,5.0,False,0|0|0|0|0|1|0|0|0,1|0|0|0|0|0|0|0|0,188.0,-225.0,112.0,-122.0,-1.5,9.5,sbro,,,,,RLOPEZ-R,CQUANTRILL-R,,,,,,,,
2020,2020-09-22,NYY,TOR,12.0,1.0,False,2|0|0|1|4|0|0|3|2,0|0|0|1|0|0|0|0|0,-245.0,203.0,-270.0,240.0,1.5,9.5,sbro,,,,,GCOLE-R,TROARK-R,,,,,,,,
2020,2020-09-22,MIL,CIN,3.0,2.0,False,0|0|0|0|1|0|2|0|0,2|0|0|0|0|0|0|0|0,135.0,-155.0,142.0,-152.0,-1.5,9.0,sbro,,,,,BANDERSON-L,SGRAY-R,,,,,,,,
2020,2020-09-22,CUB,PIT,2.0,3.0,False,0|0|0|0|0|0|0|2|0,0|1|0|0|1|0|0|0|1,-145.0,131.0,-155.0,145.0,1.5,8.5,sbro,,,,,JQUINTANA-L,SBRAULT-L,,,,,,,,
2020,2020-09-22,MIA,ATL,1.0,11.0,False,0|0|0|0|0|1|0|0|0,1|1|0|0|2|0|5|2|0,172.0,-205.0,150.0,-160.0,-1.5,10.5,sbro,,,,,JURENA-R,BWILSON-R,,,,,,,,
2020,2020-09-22,TAM,NYM,2.0,5.0,False,0|1|0|0|0|0|1|0|0,0|1|0|1|0|1|1|1|0,-135.0,115.0,-135.0,125.0,1.5,7.5,sbro,,,,,BSNELL-L,SLUGO-R,,,,,,,,
2020,2020-09-22,BAL,BOS,3.0,8.0,False,1|0|0|0|0|2|0|0|0,0|3|1|0|0|4|0|0|0,-115.0,-105.0,101.0,-111.0,-1.5,9.5,sbro,,,,,KAKIN-L,NPIVETTA-R,,,,,,,,
2020,2020-09-22,DET,MIN,4.0,5.0,False,0|0|0|1|0|1|1|0|0,1|0|0|1|0|0|0|1|0,175.0,-195.0,165.0,-180.0,-1.5,9.0,sbro,,,,,TSKUBAL-L,HBAILEY-R,,,,,,,,
2020,2020-09-22,STL,KAN,5.0,0.0,False,0|3|0|0|1|1|0|0|0,0|0|0|0|0|0|0|0|0,-125.0,105.0,-103.0,-107.0,1.5,8.5,sbro,,,,,AGOMBER-L,BSINGER-R-R,,,,,,,,
2020,2020-09-22,LAA,SDG,4.0,2.0,False,0|1|0|0|0|2|0|1|0,1|0|0|0|0|0|0|1|0,148.0,-170.0,149.0,-159.0,-1.5,9.0,sbro,,,,,GCANNING-R,ZDAVIES-R,,,,,,,,
2020,2020-09-22,HOU,SEA,6.0,1.0,False,1|0|0|0|0|5|0|0|0,1|0|0|0|0|0|0|0|0,-170.0,148.0,-196.0,178.0,1.5,9.0,sbro,,,,,FVALDEZ-L,LNEWSOME-R,,,,,,,,
2020,2020-09-22,TEX,ARI,0.0,7.0,False,0|0|0|0|0|0|0|0|0,0|0|0|2|1|4|0|0|0,105.0,-125.0,147.0,-157.0,-1.5,9.5,sbro,,,,,JLYLES-R,CSMITH-L,,,,,,,,
2020,2020-09-22,OAK,LAD,2.0,7.0,False,1|0|1|0|0|0|0|0|0,1|0|2|2|1|0|1|0|0,170.0,-200.0,163.0,-176.0,-1.5,9.0,sbro,,,,,FMONTAS-R,DMAY-R,,,,,,,,
2020,2020-09-22,COL,SFO,2.0,5.0,False,0|0|0|0|0|1|1|0|0,1|0|0|0|1|0|3|0|0,105.0,-125.0,150.0,-160.0,-1.5,7.5,sbro,,,,,KFREELAND-L,DSMYLY-L,,,,,,,,
2020,2020-09-22,PHI,WAS,7.0,8.0,False,0|2|0|1|2|1|0|1|x,0|0|4|2|0|0|0|2|x,-122.0,102.0,-127.0,117.0,1.5,8.0,sbro,,,,,DHALE-R,PESPINO-R,,,,,,,,
2020,2020-09-23,LAA,SDG,5.0,2.0,False,0|4|0|0|0|1|0|0|0,2|0|0|0|0|0|0|0|0,160.0,-185.0,152.0,-162.0,-1.5,8.5,sbro,,,,,JBARRIA-R,MCLEVINGER-R,,,,,,,,
2020,2020-09-23,PHI,WAS,12.0,3.0,False,1|0|1|0|0|1|0|3|6,0|0|0|0|1|0|0|0|2,-125.0,105.0,-160.0,150.0,1.5,9.5,sbro,,,,,ZEFLIN-R,EFEDDE-R,,,,,,,,
2020,2020-09-23,CWS,CLE,2.0,3.0,False,0|0|0|1|0|0|0|1|0,0|1|0|0|0|1|0|0|1,135.0,-155.0,154.0,-164.0,-1.5,6.5,sbro,,,,,LGIOLITO-R,SBIEBER-R,,,,,,,,
2020,2020-09-23,TEX,ARI,3.0,7.0,False,1|0|0|1|1|0|0|0|0,0|0|0|0|1|6|0|0|0,135.0,-150.0,139.0,-149.0,-1.5,9.0,sbro,,,,,WBENJAMIN-L,AYOUNG-L,,,,,,,,
2020,2020-09-23,NYY,TOR,1.0,14.0,False,0|1|0|0|0|0|0|0|0,2|0|1|2|0|8|0|1|0,-220.0,196.0,-215.0,195.0,1.5,10.5,sbro,,,,,MTANAKA-R,RRAY-L,,,,,,,,
2020,2020-09-23,HOU,SEA,2.0,3.0,False,0|0|0|0|0|0|0|0|2,1|0|0|0|2|0|0|0|0,-170.0,148.0,-205.0,185.0,1.5,8.5,sbro,,,,,ZGREINKE-R,NMARGEVICIUS-L,,,,,,,,
2020,2020-09-23,MIL,CIN,1.0,6.0,False,0|0|0|0|1|0|0|0|0,2|0|0|1|3|0|0|0|0,140.0,-160.0,158.0,-168.0,-1.5,8.5,sbro,,,,,AHOUSER-R,TBAUER-R,,,,,,,,
2020,2020-09-23,CUB,PIT,1.0,2.0,False,1|0|0|0|0|0|0|0|0,2|0|0|0|0|0|0|0|0,-200.0,179.0,-240.0,210.0,1.5,8.5,sbro,,,,,KHENDRICKS-R,TWILLIAMS-R,,,,,,,,
2020,2020-09-23,MIA,ATL,4.0,9.0,False,2|0|0|2|0|0|0|0|0,3|0|1|5|0|0|0|0|0,157.0,-175.0,158.0,-168.0,-1.5,8.0,sbro,,,,,SSANCHEZ-R,MFRIED-L,,,,,,,,
2020,2020-09-23,TAM,NYM,8.0,5.0,False,0|1|1|0|0|2|0|3|1,0|1|0|1|0|0|0|0|3,-180.0,162.0,-145.0,135.0,1.5,8.5,sbro,,,,,TGLASNOW-R,MWACHA-R,,,,,,,,
2020,2020-09-23,BAL,BOS,1.0,9.0,False,0|0|0|0|0|0|1|0|0,2|0|6|0|0|0|1|0|0,120.0,-140.0,155.0,-165.0,-1.5,9.0,sbro,,,,,DKREMER-R,NEOVALDI-R,,,,,,,,
2020,2020-09-23,DET,MIN,6.0,7.0,False,0|0|0|0|0|3|0|0|3,0|0|2|2|2|1|0|0|0,226.0,-275.0,285.0,-330.0,-1.5,8.0,sbro,,,,,CMIZE-R,KMAEDA-R,,,,,,,,
2020,2020-09-23,STL,KAN,3.0,12.0,False,0|0|0|0|1|0|0|0|2,2|1|3|0|0|5|1|0|0,-110.0,-110.0,-127.0,117.0,1.5,9.0,sbro,,,,,CMARTINEZ-R,DDUFFY-L,,,,,,,,
2020,2020-09-23,OAK,LAD,6.0,4.0,False,3|0|0|0|0|0|1|0|2,0|0|2|0|0|0|1|1|0,151.0,-175.0,154.0,-164.0,-1.5,8.5,sbro,,,,,SMANAEA-L,JKELLY-R,,,,,,,,
2020,2020-09-23,COL,SFO,2.0,7.0,False,0|0|1|0|1|0|0|0|0,0|0|0|1|4|0|0|2|0,144.0,-165.0,170.0,-185.0,-1.5,9.0,sbro,,,,,RCASTELLANI-R,CBARAGAR-L,,,,,,,,
2020,2020-09-24,COL,SFO,5.0,4.0,False,0|0|0|2|0|0|2|0|0,2|1|0|0|0|0|0|1|0,192.0,-230.0,210.0,-240.0,-1.5,9.0,sbro,,,,,CGONZALEZ-R,KGAUSMAN-R,,,,,,,,
2020,2020-09-24,NYM,WAS,3.0,2.0,False,0|0|0|0|2|1|0|0|0,0|0|0|1|0|0|0|0|1,-120.0,100.0,118.0,-128.0,-1.5,9.0,sbro,,,,,DPETERSON-L,PCORBIN-L,,,,,,,,
2020,2020-09-24,CWS,CLE,4.0,5.0,False,0|0|1|0|0|0|3|0|0,0|0|1|0|0|0|4|0|0,100.0,-120.0,120.0,-130.0,-1.5,7.5,sbro,,,,,DKEUCHEL-L,ZPLESAC-R,,,,,,,,
2020,2020-09-24,NYY,TOR,1.0,4.0,False,0|0|0|0|0|0|0|1|0,0|1|1|0|0|2|0|0|0,126.0,-140.0,-113.0,103.0,-1.5,9.5,sbro,,,,,JMONTGOMERY-L,HRYU-L,,,,,,,,
2020,2020-09-24,CUB,PIT,0.0,7.0,False,0|0|0|0|0|0|0|0|0,1|1|1|1|2|0|1|0|0,-190.0,163.0,-157.0,147.0,1.5,9.0,sbro,,,,,AMILLS-R,CKUHL-R,,,,,,,,
2020,2020-09-24,MIA,ATL,4.0,2.0,False,0|0|0|0|0|3|1|0|0,0|0|0|0|0|0|0|2|0,163.0,-190.0,154.0,-164.0,-1.5,9.0,sbro,,,,,PLOPEZ-R,IANDERSON-R,,,,,,,,
2020,2020-09-24,BAL,BOS,13.0,1.0,False,0|3|0|3|2|0|1|1|3,0|0|0|0|1|0|0|0|0,120.0,-140.0,145.0,-155.0,-1.5,9.5,sbro,,,,,ACOBB-R,MPEREZ-L,,,,,,,,
2020,2020-09-24,DET,KAN,7.0,8.0,False,0|0|2|0|2|0|0|3|0,3|0|1|0|0|4|0|0|0,130.0,-150.0,146.0,-156.0,-1.5,9.0,sbro,,,,,MFULMER-R,KBUBIC-L-L,,,,,,,,
2020,2020-09-24,HOU,TEX,12.0,4.0,False,2|3|0|0|2|3|0|0|2,0|0|0|0|0|3|1|0|0,-140.0,120.0,-119.0,109.0,1.5,8.0,sbro,,,,,CJAVIER-R,LLYNN-R,,,,,,,,
2020,2020-09-24,MIL,STL,2.0,4.0,False,0|0|0|1|0|0|0|0|1,0|0|1|2|0|1|0|0|0,-120.0,100.0,-140.0,130.0,1.5,7.0,sbro,,,,,CBURNES-R,KKIM-L,,,,,,,,
2020,2020-09-24,OAK,LAD,1.0,5.0,False,0|0|0|0|0|0|0|1|0,1|0|1|0|0|3|0|0|0,151.0,-175.0,200.0,-220.0,-1.5,9.0,sbro,,,,,MFIERS-R,WBUEHLER-R,,,,,,,,
2020,2020-09-25,BAL,TOR,5.0,10.0,False,0|0|0|0|2|2|0|0|1,0|6|2|2|0|0|0|0|0,162.0,-180.0,154.0,-164.0,-1.5,9.5,sbro,,,,,JLOPEZ-R,TWALKER-R,,,,,,,,
2020,2020-09-25,PHI,TAM,4.0,6.0,False,0|0|3|0|1|0|0|0|0,0|1|0|0|2|1|0|2|0,148.0,-170.0,115.0,-125.0,-1.5,8.5,sbro,,,,,VVELASQUEZ-R,CMORTON-R,,,,,,,,
2020,2020-09-25,MIA,NYY,4.0,3.0,False,3|0|0|0|0|0|0|0|0,0|0|2|0|0|0|0|1|0,160.0,-185.0,165.0,-180.0,-1.5,9.5,sbro,,,,,SALCANTARA-R,JHAPP-L,,,,,,,,
2020,2020-09-25,PIT,CLE,3.0,4.0,False,0|0|0|2|0|0|0|1|0,1|0|0|0|0|0|0|0|3,218.0,-265.0,210.0,-240.0,-1.5,7.5,sbro,,,,,MKELLER-R,CCARRASCO-R,,,,,,,,
2020,2020-09-25,BOS,ATL,7.0,8.0,False,0|0|0|0|1|0|1|0|2,1|0|0|0|0|0|0|3|0,140.0,-160.0,156.0,-166.0,-1.5,9.5,sbro,,,,,CMAZZA-R,KWRIGHT-R,,,,,,,,
2020,2020-09-25,HOU,TEX,4.0,5.0,False,0|0|0|0|1|1|0|1|0,0|1|0|0|1|0|0|0|1,-155.0,135.0,-165.0,155.0,1.5,9.0,sbro,,,,,JURQUIDY-R,KCODY-R,,,,,,,,
2020,2020-09-25,DET,KAN,2.0,3.0,False,0|0|0|0|0|0|2|0|0,1|1|0|0|1|0|0|0|0,148.0,-170.0,140.0,-150.0,-1.5,8.5,sbro,,,,,STURNBULL-R,BKELLER-R,,,,,,,,
2020,2020-09-25,CUB,CWS,10.0,0.0,False,0|1|3|1|0|2|1|1|1,0|0|0|0|0|0|0|0|0,-135.0,115.0,-166.0,156.0,1.5,8.0,sbro,,,,,YDARVISH-R,DCEASE-R,,,,,,,,
2020,2020-09-25,CIN,MIN,7.0,2.0,False,0|0|0|2|2|0|0|0|3,0|0|1|0|0|1|0|0|0,125.0,-145.0,144.0,-154.0,-1.5,8.5,sbro,,,,,TMAHLE-R,JBERRIOS-R,,,,,,,,
2020,2020-09-25,SEA,OAK,1.0,3.0,False,0|0|0|0|0|0|0|0|0,0|0|0|0|0|0|0|0|0,172.0,-205.0,190.0,-210.0,-1.5,7.5,sbro,,,,,YKIKUCHI-L,CBASSITT-R,,,,,,,,
2020,2020-09-25,LAA,LAD,5.0,9.0,False,0|0|3|1|1|0|0|0|0,1|0|1|1|3|0|1|2|0,199.0,-240.0,190.0,-210.0,-1.5,8.0,sbro,,,,,AHEANEY-L,CKERSHAW-L,,,,,,,,
2020,2020-09-25,COL,ARI,5.0,11.0,False,1|3|0|0|0|1|0|x|x,6|0|3|1|1|0|0|x|x,135.0,-150.0,125.0,-135.0,-1.5,7.5,sbro,,,,,ASANTOS-R,TCLARKE-R,,,,,,,,
2020,2020-09-25,SDG,SFO,4.0,5.0,False,0|1|0|0|0|0|3|x|x,0|1|0|4|0|0|0|x|x,-147.0,133.0,-150.0,140.0,1.5,6.5,sbro,,,,,CPADDACK-R,TANDERSON-L,,,,,,,,
2020,2020-09-25,STL,MIL,0.0,3.0,False,0|0|0|0|0|0|0|x|x,0|2|1|0|0|0|0|x|x,-119.0,109.0,-110.0,100.0,1.5,6.0,sbro,,,,,JFLAHERTY-R,BSUTER-L,,,,,,,,
2020,2020-09-25,COL,ARI,0.0,4.0,False,0|0|0|0|0|0|0|x|x,0|0|3|0|1|0|0|x|x,157.0,-175.0,156.0,-166.0,-1.5,6.0,sbro,,,,,ASENZATELA-R,ZGALLEN-R,,,,,,,,
2020,2020-09-25,SFO,SDG,5.0,6.0,False,0|1|0|1|0|3|0|x|x,0|0|3|0|0|0|3|x|x,153.0,-170.0,190.0,-210.0,-1.5,6.5,sbro,,,,,JSAMARDZIJA-R,DLAMET-R,,,,,,,,
2020,2020-09-25,STL,MIL,9.0,1.0,False,1|2|0|0|6|0|0|x|x,0|0|0|0|0|1|0|x|x,100.0,-110.0,-105.0,-105.0,-1.5,6.5,sbro,,,,,DPONCEDELEON-R,JLINDBLOM-R,,,,,,,,
2020,2020-09-26,MIA,NYY,4.0,11.0,False,0|0|3|0|0|0|1|0|0,0|0|0|0|3|7|1|0|0,163.0,-190.0,205.0,-230.0,-1.5,9.5,sbro,,,,,TROGERS-L,DGARCIA-R,,,,,,,,
2020,2020-09-26,BAL,TOR,2.0,5.0,False,0|0|0|0|0|0|0|2|0,0|0|0|0|0|1|3|1|0,125.0,-145.0,109.0,-119.0,-1.5,9.0,sbro,,,,,JMEANS-L,TZEUCH-R,,,,,,,,
2020,2020-09-26,PHI,TAM,3.0,4.0,False,1|0|0|0|1|0|1|0|0,0|0|0|1|3|0|0|0|0,-110.0,-110.0,-108.0,-102.0,1.5,7.5,sbro,,,,,ZWHEELER-R,JCURTISS-R,,,,,,,,
2020,2020-09-26,HOU,TEX,1.0,6.0,False,0|0|0|0|0|0|1|0|0,0|0|0|0|0|1|5|0|0,-200.0,170.0,-138.0,128.0,1.5,9.0,sbro,,,,,LMCCULLERSJR-R,KGIBSON-R,,,,,,,,
2020,2020-09-26,DET,KAN,4.0,3.0,False,3|1|0|0|0|0|0|0|0,1|0|2|0|0|0|0|0|0,110.0,-130.0,115.0,-125.0,-1.5,9.5,sbro,,,,,MBOYD-L,CHERNANDEZ-R,,,,,,,,
2020,2020-09-26,PIT,CLE,8.0,0.0,False,1|1|3|3|0|0|0|0|0,0|0|0|0|0|0|0|0|0,192.0,-230.0,150.0,-160.0,-1.5,8.0,sbro,,,,,JMUSGROVE-R,ACIVALE-R,,,,,,,,
2020,2020-09-26,BOS,ATL,8.0,2.0,False,0|8|0|0|0|0|0|0|0,0|0|0|0|1|0|0|1|0,110.0,-130.0,140.0,-150.0,-1.5,9.5,sbro,,,,,THOUCK-R,TDAVIDSON-L,,,,,,,,
2020,2020-09-26,CUB,CWS,5.0,9.0,False,0|1|4|0|0|0|0|0|0,0|2|0|5|0|2|0|0|0,125.0,-145.0,142.0,-152.0,-1.5,9.5,sbro,,,,,JLESTER-L,DDUNNING-R,,,,,,,,
2020,2020-09-26,CIN,MIN,3.0,7.0,False,2|0|0|0|0|0|1|0|0,1|0|2|1|1|0|2|0|0,125.0,-145.0,110.0,-120.0,-1.5,7.5,sbro,,,,,LCASTILLO-R,MPINEDA-R,,,,,,,,
2020,2020-09-26,NYM,WAS,3.0,5.0,False,0|0|2|0|1|0|-|x|x,0|0|5|0|0|0|-|x|x,-225.0,188.0,-130.0,120.0,1.5,7.0,sbro,,,,,RPORCELLO-R,ASANCHEZ-R,,,,,,,,
2020,2020-09-26,MIL,STL,3.0,0.0,False,0|0|0|2|0|0|1|0|0,0|0|0|0|0|0|0|0|0,-110.0,-110.0,-117.0,107.0,1.5,7.5,sbro,,,,,BWOODRUFF-R,AWAINWRIGHT-R,,,,,,,,
2020,2020-09-26,COL,ARI,10.0,3.0,False,0|0|0|3|2|2|0|0|3,1|0|0|0|1|1|0|0|0,151.0,-175.0,-105.0,-105.0,-1.5,9.0,sbro,,,,,GMARQUEZ-R,LWEAVER-R,,,,,,,,
2020,2020-09-26,LAA,LAD,6.0,7.0,False,0|0|4|0|0|0|0|0|2,3|0|0|0|0|2|1|1|0,151.0,-175.0,260.0,-300.0,-1.5,9.0,sbro,,,,,JTEHERAN-R,TGONSOLIN-R,,,,,,,,
2020,2020-09-26,SDG,SFO,6.0,2.0,False,0|0|0|3|0|0|0|0|3,0|0|0|0|0|0|0|2|0,-126.0,114.0,-130.0,120.0,1.5,9.0,sbro,,,,,ZDAVIES-R,JCUETO-R,,,,,,,,
2020,2020-09-26,NYM,WAS,3.0,4.0,False,0|0|2|1|0|0|0|x|x,0|0|1|1|1|1|0|x|x,144.0,-160.0,-131.0,121.0,1.5,5.0,sbro,,,,,JDEGROM-R,MSCHERZER-R,,,,,,,,
2020,2020-09-26,SEA,OAK,5.0,1.0,False,0|0|0|0|0|1|0|4|x,0|0|0|1|0|0|0|0|x,-140.0,126.0,134.0,-144.0,-1.5,6.0,sbro,,,,,JSHEFFIELD-L,MMINOR-L,,,,,,,,
2020,2020-09-26,OAK,SEA,3.0,12.0,False,1|0|0|1|1|0|0|x|x,0|0|8|1|2|1|0|x|x,-140.0,126.0,-138.0,128.0,1.5,7.0,sbro,,,,,PBLACKBURN-R,JDUNN-R,,,,,,,,
2020,2020-09-27,HOU,TEX,4.0,8.0,False,1|0|1|1|0|0|0|1|0,0|1|0|5|1|0|1|0|0,-126.0,114.0,-124.0,114.0,1.5,9.5,sbro,,,,,CDEJONG-R,JLYLES-R,,,,,,,,
2020,2020-09-27,DET,KAN,1.0,3.0,False,1|0|0|0|0|0|0|0|0,0|0|0|1|1|0|0|1|0,140.0,-160.0,160.0,-170.0,-1.5,8.0,sbro,,,,,JZIMMERMANN-R,BSINGER-R-R,,,,,,,,
2020,2020-09-27,MIA,NYY,5.0,0.0,False,0|3|0|0|1|0|0|1|0,0|0|0|0|0|0|0|0|0,148.0,-170.0,162.0,-174.0,-1.5,9.5,sbro,,,,,JURENA-R,CSCHMIDT-R,,,,,,,,
2020,2020-09-27,NYM,WAS,5.0,15.0,False,2|1|0|1|0|0|1|0|0,1|5|6|0|0|3|0|0|0,-150.0,135.0,-128.0,118.0,1.5,8.5,sbro,,,,,SLUGO-R,AVOTH-R,,,,,,,,
2020,2020-09-27,SDG,SFO,5.0,4.0,False,0|1|0|1|0|0|3|0|0,0|1|0|0|0|0|2|1|0,131.0,-145.0,109.0,-119.0,-1.5,8.5,sbro,,,,,AMOREJON-L,DSMYLY-L,,,,,,,,
2020,2020-09-27,BAL,TOR,7.0,5.0,False,0|0|1|3|3|0|0|0|0,0|1|3|0|0|0|0|1|0,115.0,-135.0,116.0,-126.0,-1.5,10.0,sbro,,,,,KAKIN-L,TROARK-R,,,,,,,,
2020,2020-09-27,CUB,CWS,10.0,8.0,False,0|6|0|1|0|0|3|0|0,0|0|0|0|1|0|0|5|2,110.0,-130.0,140.0,-150.0,-1.5,9.0,sbro,,,,,AALZOLAY-R,RLOPEZ-R,,,,,,,,
2020,2020-09-27,PIT,CLE,6.0,8.0,False,0|1|1|0|2|2|0|0|0,0|0|2|0|0|3|3|0|0,175.0,-195.0,136.0,-146.0,-1.5,8.0,sbro,,,,,JTBRUBAKER-R,CQUANTRILL-R,,,,,,,,
2020,2020-09-27,BOS,ATL,9.0,1.0,False,1|0|0|1|1|0|5|0|1,1|0|0|0|0|0|0|0|0,130.0,-150.0,133.0,-143.0,-1.5,9.5,sbro,,,,,NPIVETTA-R,BWILSON-R,,,,,,,,
2020,2020-09-27,CIN,MIN,5.0,3.0,False,0|0|0|0|0|1|1|0|0,0|0|0|0|1|1|0|0|0,114.0,-125.0,115.0,-125.0,-1.5,8.0,sbro,,,,,SGRAY-R,RHILL-L,,,,,,,,
2020,2020-09-27,SEA,OAK,2.0,6.0,False,1|1|0|0|0|0|0|0|0,1|0|0|0|1|0|3|1|0,120.0,-140.0,113.0,-123.0,-1.5,8.0,sbro,,,,,MGONZALES-L,FMONTAS-R,,,,,,,,
2020,2020-09-27,LAA,LAD,0.0,5.0,False,0|0|0|0|0|0|0|0|0,1|0|2|0|0|0|2|0|0,155.0,-180.0,190.0,-210.0,-1.5,8.5,sbro,,,,,PSANDOVAL-L,VGONZALEZ-L,,,,,,,,
2020,2020-09-27,COL,ARI,3.0,11.0,False,0|0|0|0|0|0|0|3|0,2|0|4|0|0|1|4|0|0,-115.0,-105.0,-102.0,-108.0,1.5,9.0,sbro,,,,,KFREELAND-L,MBUMGARNER-L,,,,,,,,
2020,2020-09-27,PHI,TAM,0.0,5.0,False,0|0|0|0|0|0|0|0|0,0|1|2|0|0|2|0|0|0,-150.0,135.0,-145.0,135.0,1.5,7.5,sbro,,,,,ANOLA-R,JFLEMING-L,,,,,,,,
2020,2020-09-27,MIL,STL,2.0,5.0,False,0|0|0|1|0|0|0|0|1,0|0|4|1|0|0|0|0|0,-114.0,104.0,-105.0,-105.0,1.5,8.0,sbro,,,,,BANDERSON-L,AGOMBER-L,,,,,,,,
2020,2020-09-29,NYY,CLE,12.0,3.0,True,2|0|1|2|2|0|4|0|1,0|0|1|1|0|0|0|0|1,-101.0,-109.0,-118.0,108.0,-1.5,6.5,sbro,,,,,GCOLE-R,SBIEBER-R,,,,,,,,
2020,2020-09-29,HOU,MIN,4.0,1.0,True,0|0|0|0|0|0|1|0|3,0|0|1|0|0|0|0|0|0,135.0,-150.0,150.0,-160.0,-1.5,7.5,sbro,,,,,ZGREINKE-R,KMAEDA-R,,,,,,,,
2020,2020-09-29,TOR,TAM,1.0,3.0,True,0|0|0|0|0|0|0|1|0,0|0|0|1|0|0|2|0|0,166.0,-185.0,170.0,-185.0,-1.5,7.5,sbro,,,,,MSHOEMAKER-R,BSNELL-L,,,,,,,,
2020,2020-09-29,CWS,OAK,4.0,1.0,True,0|1|2|0|0|0|0|1|0,0|0|0|0|0|0|0|1|0,-131.0,118.0,-110.0,100.0,1.5,7.5,sbro,,,,,LGIOLITO-R,JLUZARDO-L,,,,,,,,
2020,2020-09-30,NYY,CLE,10.0,9.0,True,0|1|0|4|1|2|0|0|2,4|0|0|0|2|0|2|1|0,-115.0,105.0,-135.0,125.0,1.5,8.5,sbro,,,,,MTANAKA-R,CCARRASCO-R,,,,,,,,
2020,2020-09-30,HOU,MIN,3.0,1.0,True,0|0|0|1|0|0|1|0|1,0|0|0|0|1|0|0|0|0,126.0,-140.0,143.0,-153.0,-1.5,8.5,sbro,,,,,JURQUIDY-R,JBERRIOS-R,,,,,,,,
2020,2020-09-30,TOR,TAM,2.0,8.0,True,0|0|1|0|1|0|0|0|0,1|6|1|0|0|0|0|0|0,126.0,-140.0,132.0,-142.0,-1.5,7.0,sbro,,,,,HRYU-L,TGLASNOW-R,,,,,,,,
2020,2020-09-30,CWS,OAK,3.0,5.0,True,0|0|0|0|0|0|0|2|1,2|2|0|1|0|0|0|0|0,113.0,-124.0,123.0,-133.0,-1.5,7.5,sbro,,,,,DKEUCHEL-L,CBASSITT-R,,,,,,,,
2020,2020-09-30,MIA,CUB,5.0,1.0,True,0|0|0|0|0|0|5|0|0,0|0|0|0|1|0|0|0|0,166.0,-185.0,151.0,-161.0,-1.5,8.5,sbro,,,,,SALCANTARA-R,KHENDRICKS-R,,,,,,,,
2020,2020-09-30,STL,SDG,7.0,4.0,True,4|0|2|0|0|0|0|0|1,1|1|1|0|0|1|0|0|0,166.0,-185.0,156.0,-166.0,-1.5,8.5,sbro,,,,,KKIM-L,CPADDACK-R,,,,,,,,
2020,2020-09-30,CIN,ATL,0.0,1.0,True,0|0|0|0|0|0|0|0|0,0|0|0|0|0|0|0|0|0,144.0,-160.0,124.0,-134.0,-1.5,7.5,sbro,,,,,TBAUER-R,MFRIED-L,,,,,,,,
2020,2020-09-30,MIL,LAD,2.0,4.0,True,0|0|0|2|0|0|0|0|0,2|1|0|0|0|0|1|0|0,209.0,-235.0,230.0,-260.0,-1.5,8.0,sbro,,,,,BSUTER-L,WBUEHLER-R,,,,,,,,
2020,2020-10-01,MIL,LAD,0.0,3.0,True,0|0|0|0|0|0|0|0|0,0|0|0|0|3|0|0|0|0,205.0,-230.0,210.0,-240.0,-1.5,7.0,sbro,,,,,BWOODRUFF-R,CKERSHAW-L,,,,,,,,
2020,2020-10-01,CIN,ATL,0.0,5.0,True,0|0|0|0|0|0|0|0|0,0|0|0|0|1|0|0|4|0,118.0,-130.0,119.0,-129.0,-1.5,7.5,sbro,,,,,LCASTILLO-R,IANDERSON-R,,,,,,,,
2020,2020-10-01,CWS,OAK,4.0,6.0,True,0|1|2|0|1|0|0|0|0,0|0|0|4|2|0|0|0|0,101.0,-111.0,-115.0,105.0,-1.5,8.5,sbro,,,,,DDUNNING-R,MFIERS-R,,,,,,,,
2020,2020-10-01,STL,SDG,9.0,11.0,True,1|3|0|0|0|2|0|2|1,0|0|0|2|0|4|3|2|0,144.0,-160.0,142.0,-152.0,-1.5,8.5,sbro,,,,,AWAINWRIGHT-R,ZDAVIES-R,,,,,,,,
2020,2020-10-02,MIA,CUB,2.0,0.0,True,0|0|0|0|0|0|2|0|0,0|0|0|0|0|0|0|0|0,179.0,-200.0,178.0,-196.0,-1.5,7.0,sbro,,,,,SSANCHEZ-R,YDARVISH-R,,,,,,,,
2020,2020-10-02,STL,SDG,0.0,4.0,True,0|0|0|0|0|0|0|0|0,0|0|0|0|1|0|2|1|0,105.0,-115.0,125.0,-135.0,-1.5,9.0,sbro,,,,,JFLAHERTY-R,CSTAMMEN-R,,,,,,,,
2020,2020-10-05,NYY,TAM,9.0,3.0,True,1|0|1|0|2|0|0|0|5,1|0|0|2|0|0|0|0|0,-124.0,113.0,-150.0,140.0,1.5,7.0,sbro,,,,,GCOLE-R,BSNELL-L,,,,,,,,
2020,2020-10-05,HOU,OAK,10.0,5.0,True,0|0|0|3|0|4|1|0|2,0|2|1|1|1|0|0|0|0,110.0,-121.0,109.0,-119.0,-1.5,8.5,sbro,,,,,LMCCULLERSJR-R,CBASSITT-R,,,,,,,,
2020,2020-10-06,NYY,TAM,5.0,7.0,True,0|1|0|3|0|0|0|0|1,1|2|2|0|1|1|0|0|0,117.0,-129.0,110.0,-120.0,-1.5,8.5,sbro,,,,,DGARCIA-R,TGLASNOW-R,,,,,,,,
2020,2020-10-06,HOU,OAK,5.0,2.0,True,0|0|2|1|2|0|0|0|0,0|1|0|1|0|0|0|0|0,110.0,-121.0,-108.0,-102.0,-1.5,9.0,sbro,,,,,FVALDEZ-L,SMANAEA-L,,,,,,,,
2020,2020-10-06,MIA,ATL,5.0,9.0,True,0|1|3|0|0|0|0|1|0,1|0|2|0|0|0|6|0|0,179.0,-200.0,180.0,-200.0,-1.5,8.0,sbro,,,,,SALCANTARA-R,MFRIED-L,,,,,,,,
2020,2020-10-06,SDG,LAD,1.0,5.0,True,0|0|0|1|0|0|0|0|0,0|0|0|0|1|4|0|0|0,149.0,-165.0,154.0,-164.0,-1.5,9.5,sbro,,,,,MCLEVINGER-R,WBUEHLER-R,,,,,,,,
2020,2020-10-07,TAM,NYY,8.0,4.0,True,0|1|0|3|1|3|0|0|0,0|0|1|0|1|0|0|2|0,110.0,-121.0,128.0,-138.0,-1.5,9.0,sbro,,,,,CMORTON-R,MTANAKA-R,,,,,,,,
2020,2020-10-07,OAK,HOU,9.0,7.0,True,1|1|0|1|1|0|3|2|0,2|0|0|0|5|0|0|0|0,118.0,-131.0,-105.0,-105.0,-1.5,9.0,sbro,,,,,JLUZARDO-L,JURQUIDY-R,,,,,,,,
2020,2020-10-07,MIA,ATL,0.0,2.0,True,0|0|0|0|0|0|0|0|0,0|1|0|1|0|0|0|0|0,183.0,-205.0,175.0,-190.0,-1.5,8.5,sbro,,,,,PLOPEZ-R,IANDERSON-R,,,,,,,,
2020,2020-10-07,SDG,LAD,5.0,6.0,True,0|1|0|0|0|2|0|0|2,0|0|3|1|0|0|2|0|0,179.0,-200.0,200.0,-220.0,-1.5,8.0,sbro,,,,,ZDAVIES-R,CKERSHAW-L,,,,,,,,
2020,2020-10-08,ATL,MIA,7.0,0.0,True,0|0|4|1|2|0|0|0|0,0|0|0|0|0|0|0|0|0,-131.0,118.0,-126.0,116.0,1.5,9.0,sbro,,,,,KWRIGHT-R,SSANCHEZ-R,,,,,,,,
2020,2020-10-08,OAK,HOU,6.0,11.0,True,0|3|0|0|1|0|0|0|2,0|0|0|5|2|2|2|0|0,101.0,-111.0,-105.0,-105.0,-1.5,9.5,sbro,,,,,FMONTAS-R,ZGREINKE-R,,,,,,,,
2020,2020-10-08,TAM,NYY,1.0,5.0,True,0|0|1|0|0|0|0|0|0,0|2|0|0|0|2|0|1|0,106.0,-116.0,123.0,-133.0,-1.5,9.0,sbro,,,,,RTHOMPSON-R,JMONTGOMERY-L,,,,,,,,
2020,2020-10-08,LAD,SDG,12.0,3.0,True,0|1|5|1|1|0|0|0|4,0|2|0|0|0|1|0|0|0,-200.0,179.0,-160.0,150.0,1.5,9.5,sbro,,,,,DMAY-R,AMOREJON-L,,,,,,,,
2020,2020-10-09,NYY,TAM,1.0,2.0,True,0|0|0|1|0|0|0|0|0,0|0|0|0|1|0|0|1|0,-150.0,135.0,-147.0,137.0,1.5,7.5,sbro,,,,,GCOLE-R,TGLASNOW-R,,,,,,,,
2020,2020-10-11,HOU,TAM,1.0,2.0,True,1|0|0|0|0|0|0|0|0,0|0|0|1|1|0|0|0|x,170.0,-190.0,115.0,-125.0,-1.5,8.0,sbro,,,,,FVALDEZ-L,BSNELL-L,,,,,,,,
2020,2020-10-12,HOU,TAM,2.0,4.0,True,0|0|0|0|0|1|0|0|1,3|0|0|0|0|0|1|0|0,170.0,-190.0,101.0,-111.0,-1.5,8.5,sbro,,,,,LMCCULLERSJR-R,CMORTON-R,,,,,,,,
2020,2020-10-12,ATL,LAD,5.0,1.0,True,1|0|0|0|0|0|0|0|4,0|0|0|0|1|0|0|0|0,135.0,-150.0,135.0,-145.0,-1.5,8.5,sbro,,,,,MFRIED-L,WBUEHLER-R,,,,,,,,
2020,2020-10-13,TAM,HOU,5.0,2.0,True,0|0|0|0|0|5|0|0|0,1|0|0|0|0|1|0|0|0,-101.0,-109.0,-105.0,-105.0,1.5,8.5,sbro,,,,,RYARBROUGH-L,JURQUIDY-R,,,,,,,,
2020,2020-10-13,ATL,LAD,8.0,7.0,True,0|0|0|2|4|0|1|0|1,0|0|0|0|0|0|3|0|4,140.0,-155.0,127.0,-137.0,-1.5,8.5,sbro,,,,,IANDERSON-R,TGONSOLIN-R,,,,,,,,
2020,2020-10-14,TAM,HOU,3.0,4.0,True,0|0|0|2|0|0|0|0|1,1|0|1|0|2|0|0|0|0,-145.0,131.0,-130.0,120.0,1.5,8.5,sbro,,,,,TGLASNOW-R,ZGREINKE-R,,,,,,,,
2020,2020-10-14,LOS,ATL,15.0,3.0,True,11|1|3|0|0|0|0|0|0,0|0|1|0|0|0|0|0|2,-165.0,149.0,-200.0,180.0,1.5,9.5,sbro,,,,,JURIAS-L,KWRIGHT-R,,,,,,,,
2020,2020-10-15,TAM,HOU,3.0,4.0,True,0|0|1|0|1|0|0|1|0,1|0|2|0|0|0|0|0|1,-131.0,111.0,-134.0,124.0,1.5,9.0,sbro,,,,,JCURTISS-R,LGARCIA-R,,,,,,,,
2020,2020-10-15,LAD,ATL,2.0,10.0,True,0|0|1|0|0|0|1|0|0,0|0|0|1|0|6|1|2|0,-200.0,170.0,-210.0,190.0,1.5,9.0,sbro,,,,,CKERSHAW-L,BWILSON-R,,,,,,,,
2020,2020-10-16,HOU,TAM,7.0,4.0,True,0|0|0|0|4|1|2|0|0,0|1|0|0|0|0|1|2|0,109.0,-129.0,120.0,-130.0,-1.5,8.0,sbro,,,,,FVALDEZ-L,BSNELL-L,,,,,,,,
2020,2020-10-16,LAD,ATL,7.0,3.0,True,0|0|0|1|0|3|3|0|0,1|1|0|0|0|0|0|1|0,-215.0,180.0,-180.0,165.0,1.5,9.0,sbro,,,,,DMAY-R,AMINTER-L,,,,,,,,
2020,2020-10-17,ATL,LAD,1.0,3.0,True,0|0|0|0|0|0|1|0|0,3|0|0|0|0|0|0|0|0,135.0,-150.0,138.0,-148.0,-1.5,8.5,sbro,,,,,MFRIED-L,WBUEHLER-R,,,,,,,,
2020,2020-10-17,HOU,TAM,2.0,4.0,True,0|0|0|0|0|0|0|2|0,2|1|0|0|0|1|0|0|0,109.0,-119.0,105.0,-115.0,-1.5,7.5,sbro,,,,,LMCCULLERSJR-R,CMORTON-R,,,,,,,,
2020,2020-10-18,ATL,LAD,3.0,4.0,True,1|1|0|1|0|0|0|0|0,0|0|2|0|0|1|1|0|0,111.0,-131.0,140.0,-150.0,-1.5,8.5,sbro,,,,,IANDERSON-R,DMAY-R,,,,,,,,
2020,2020-10-20,TAM,LAD,3.0,8.0,True,0|0|0|0|1|0|2|0|0,0|0|0|2|4|2|0|0|0,140.0,-160.0,145.0,-155.0,-1.5,7.5,sbro,,,,,TGLASNOW-R,CKERSHAW-L,,,,,,,,
2020,2020-10-21,TAM,LAD,6.0,4.0,True,1|0|0|2|2|1|0|0|0,0|0|0|0|2|1|0|1|0,130.0,-150.0,111.0,-121.0,-1.5,8.0,sbro,,,,,BSNELL-L,TGONSOLIN-R,,,,,,,,
2020,2020-10-23,LAD,TAM,6.0,2.0,True,1|0|2|2|0|1|0|0|0,0|0|0|0|1|0|0|0|1,-150.0,135.0,-155.0,145.0,1.5,7.5,sbro,,,,,WBUEHLER-R,CMORTON-R,,,,,,,,
2020,2020-10-24,LAD,TAM,7.0,8.0,True,1|0|1|0|1|1|2|1|0,0|0|0|1|1|3|1|0|2,-160.0,144.0,-158.0,148.0,1.5,8.0,sbro,,,,,JURIAS-L,RYARBROUGH-L,,,,,,,,
2020,2020-10-25,LAD,TAM,4.0,2.0,True,2|1|0|0|1|0|0|0|0,0|0|2|0|0|0|0|0|0,-155.0,140.0,-160.0,150.0,1.5,8.0,sbro,,,,,CKERSHAW-L,TGLASNOW-R,,,,,,,,
