season,date,away,home,away_score,home_score,neutral,periods_away,periods_home,ml_open_away,ml_open_home,ml_close_away,ml_close_home,spread_close_home,total_close,source,espn_id,away_abbr,home_abbr,season_type,away_pitcher,home_pitcher,away_qb,home_qb,away_rest,home_rest,div_game,roof,temp,wind
2011,2011-03-31,ATL,WAS,2.0,0.0,False,1|1|0|0|0|0|0|0|0,0|0|0|0|0|0|0|0|0,-142.0,122.0,-139.0,119.0,,8.5,sbro,,,,,DLOWE-R,LHERNADEZ-R,,,,,,,,
2011,2011-03-31,MIL,CIN,6.0,7.0,False,3|1|0|0|1|0|1|0|0,1|0|0|1|0|0|1|0|4,-107.0,-113.0,-110.0,-110.0,,8.0,sbro,,,,,YGALLARDO-R,EVOLQUEZ-R,,,,,,,,
2011,2011-03-31,SDG,STL,5.0,3.0,False,0|0|0|1|1|0|0|0|1,1|0|0|1|0|0|0|1|0,175.0,-205.0,158.0,-178.0,,7.0,sbro,,,,,TSTAUFFER-R,CARPENTER-R,,,,,,,,
2011,2011-03-31,SFO,LOS,1.0,2.0,False,0|0|0|0|0|0|0|0|1,0|0|0|0|0|1|0|1|x,-106.0,-114.0,-106.0,-114.0,,6.5,sbro,,,,,TLINCECUM-R,CKERSHAW-L,,,,,,,,
2011,2011-03-31,DET,NYY,3.0,6.0,False,0|1|0|1|1|0|0|0|0,0|0|3|0|0|0|2|1|x,127.0,-147.0,132.0,-152.0,,8.0,sbro,,,,,VERLANDER-R,CSABATHIA-L,,,,,,,,
2011,2011-03-31,LAA,KAN,4.0,2.0,False,0|0|0|2|0|2|0|0|0,0|0|0|0|0|0|1|1|0,-137.0,117.0,-145.0,125.0,,8.5,sbro,,,,,JERWEAVER-R,LHOCHEVAR-R,,,,,,,,
2011,2011-04-01,HOU,PHI,4.0,5.0,False,0|0|0|0|0|1|3|0|0,0|0|0|0|0|0|2|0|3,210.0,-250.0,230.0,-270.0,,7.0,sbro,,,,,BMYERS-R,RHALLADAY-R,,,,,,,,
2011,2011-04-01,PIT,CUB,6.0,3.0,False,0|0|0|0|4|0|2|0|0,1|0|1|0|0|0|1|0|0,152.0,-172.0,153.0,-173.0,,8.5,sbro,,,,,KCORREIA-R,RDEMPSTER-R,,,,,,,,
2011,2011-04-01,ARI,COL,7.0,6.0,False,0|1|0|0|3|2|0|0|0,2|1|0|0|0|1|2|0|0,170.0,-190.0,190.0,-220.0,,8.5,sbro,,,,,IKENNEDY-R,UJIMENEZ-R,,,,,,,,
2011,2011-04-01,NYM,MIA,2.0,6.0,False,0|0|0|0|0|0|2|0|0,0|0|0|4|1|0|0|1|x,149.0,-169.0,155.0,-175.0,,7.0,sbro,,,,,MPELFREY-R,JJOHNSON-R,,,,,,,,
2011,2011-04-01,SFO,LOS,3.0,4.0,False,0|0|0|3|0|0|0|0|0,0|0|1|0|0|3|0|0|x,-105.0,-115.0,-103.0,-117.0,,7.0,sbro,,,,,JSANCHEZ-L,BILLNGSLEY-R,,,,,,,,
2011,2011-04-01,CWS,CLE,15.0,10.0,False,2|0|4|8|0|0|0|1|0,0|0|0|0|0|4|3|2|1,-114.0,-106.0,-109.0,-111.0,,8.0,sbro,,,,,MBUEHRLE-L,FCARMONA-R,,,,,,,,
2011,2011-04-01,BOS,TEX,5.0,9.0,False,2|0|2|0|0|0|0|1|0,1|1|0|3|0|0|0|4|x,-118.0,-102.0,-114.0,-106.0,,8.5,sbro,,,,,JLESTER-L,CWILSON-L,,,,,,,,
2011,2011-04-01,MIN,TOR,3.0,13.0,False,0|0|0|0|0|0|3|0|0,4|0|0|2|4|0|0|3|x,110.0,-130.0,-102.0,-118.0,,8.5,sbro,,,,,CPAVANO-R,RROMERO-L,,,,,,,,
2011,2011-04-01,BAL,TAM,4.0,1.0,False,0|0|1|0|3|0|0|0|0,0|0|0|0|0|0|0|0|1,160.0,-180.0,155.0,-175.0,,8.5,sbro,,,,,JGUTHRIE-R,DPRICE-L,,,,,,,,
2011,2011-04-01,LAA,KAN,1.0,2.0,False,1|0|0|0|0|0|0|0|0,0|0|0|1|0|0|0|0|1,-142.0,122.0,-135.0,115.0,,8.0,sbro,,,,,DHAREN-R,JFRANCIS-L,,,,,,,,
2011,2011-04-01,SEA,OAK,6.0,2.0,False,0|0|1|0|0|2|3|0|0,2|0|0|0|0|0|0|0|0,-107.0,-113.0,-112.0,-108.0,,6.5,sbro,,,,,FHERNANDZ-R,TCAHILL-R,,,,,,,,
2011,2011-04-02,ATL,WAS,3.0,6.0,False,0|0|1|0|0|1|0|1|0,0|1|3|0|0|0|1|1|x,-154.0,134.0,-133.0,113.0,,7.5,sbro,,,,,THANSON-R,JLANNAN-L,,,,,,,,
2011,2011-04-02,PIT,CUB,3.0,5.0,False,1|0|1|0|0|0|1|0|0,0|0|0|0|0|0|0|5|x,160.0,-180.0,157.0,-177.0,,8.5,sbro,,,,,PMAHOLM-L,CZAMBRANO-R,,,,,,,,
2011,2011-04-02,SFO,LOS,10.0,0.0,False,0|0|1|0|3|4|0|1|1,0|0|0|0|0|0|0|0|0,-114.0,-106.0,-112.0,-108.0,,7.0,sbro,,,,,MCAIN-R,TLILLY-L,,,,,,,,
2011,2011-04-02,SDG,STL,11.0,3.0,False,0|2|0|1|6|0|0|0|2,2|0|1|0|0|0|0|0|0,125.0,-145.0,103.0,-123.0,,8.0,sbro,,,,,CRICHARD-L,WESTBROOK-R,,,,,,,,
2011,2011-04-02,HOU,PHI,4.0,9.0,False,0|0|0|1|0|2|0|1|0,2|0|0|2|3|0|1|1|x,215.0,-255.0,200.0,-240.0,,7.0,sbro,,,,,WRODRIGEZ-L,CLEE-L,,,,,,,,
2011,2011-04-02,NYM,MIA,6.0,4.0,False,0|0|0|1|0|1|0|0|1,2|0|0|0|0|0|0|0|1,152.0,-172.0,118.0,-138.0,,9.0,sbro,,,,,JNIESE-L,RNOLASCO-R,,,,,,,,
2011,2011-04-02,MIL,CIN,2.0,4.0,False,0|0|0|0|1|0|0|0|1,2|2|0|0|0|0|0|0|x,-101.0,-119.0,-109.0,-111.0,,8.5,sbro,,,,,SMARCUM-R,TWOOD-L,,,,,,,,
2011,2011-04-02,ARI,COL,1.0,3.0,False,0|0|0|0|0|0|0|0|1,0|0|1|2|0|0|0|0|x,129.0,-149.0,135.0,-155.0,,9.0,sbro,,,,,DHUDSON-R,DELAROSA-L,,,,,,,,
2011,2011-04-02,MIN,TOR,1.0,6.0,False,0|0|0|1|0|0|0|0|0,0|0|1|1|3|0|0|1|x,-130.0,110.0,-115.0,-105.0,,8.5,sbro,,,,,FLIRIANO-L,KDRABEK-R,,,,,,,,
2011,2011-04-02,CWS,CLE,8.0,3.0,False,1|4|0|0|0|1|2|0|0,0|3|0|0|0|0|0|0|0,-130.0,110.0,-124.0,104.0,,8.5,sbro,,,,,EJACKSON-R,CCARRASCO-R,,,,,,,,
2011,2011-04-02,LAA,KAN,4.0,5.0,False,0|0|0|1|0|3|0|0|0,0|0|0|0|2|1|0|2|x,-145.0,125.0,-136.0,116.0,,8.5,sbro,,,,,ESANTANA-R,KDAVIES-R,,,,,,,,
2011,2011-04-02,SEA,OAK,5.0,2.0,False,0|0|0|0|0|1|1|0|3,0|0|1|0|0|0|0|1|0,175.0,-195.0,150.0,-170.0,,7.0,sbro,,,,,JVARGAS-L,BANDERSON-L,,,,,,,,
2011,2011-04-02,DET,NYY,6.0,10.0,False,0|0|1|0|2|0|0|2|1,3|3|0|0|3|1|0|0|x,125.0,-145.0,164.0,-184.0,,9.5,sbro,,,,,BPENNY-R,ABURNETT-R,,,,,,,,
2011,2011-04-02,BAL,TAM,3.0,1.0,False,0|0|0|0|0|0|0|3|0,0|0|0|0|0|0|0|1|0,128.0,-148.0,162.0,-182.0,,9.0,sbro,,,,,CTILLMAN-R,JSHIELDS-R,,,,,,,,
2011,2011-04-02,BOS,TEX,5.0,12.0,False,0|2|0|1|0|0|2|0|0,1|0|2|6|2|1|0|0|x,-101.0,-119.0,-105.0,-105.0,,9.5,sbro,,,,,JLACKEY-R,CLEWIS-R,,,,,,,,
2011,2011-04-03,NYM,MIA,9.0,2.0,False,3|0|4|0|0|0|0|2|0,0|0|1|0|0|0|1|0|0,125.0,-145.0,106.0,-126.0,,8.5,sbro,,,,,RDICKEY-R,JVAZQUEZ-R,,,,,,,,
2011,2011-04-03,MIL,CIN,3.0,12.0,False,1|0|1|0|0|1|0|0|0,0|2|0|4|1|4|1|0|x,115.0,-135.0,100.0,-120.0,,8.5,sbro,,,,,RWOLF-L,BARROYO-R,,,,,,,,
2011,2011-04-03,HOU,PHI,3.0,7.0,False,0|0|0|1|0|1|0|0|1,4|0|1|0|0|2|0|0|x,200.0,-230.0,170.0,-200.0,,8.0,sbro,,,,,BNORRIS-R,ROSWALT-R,,,,,,,,
2011,2011-04-03,ATL,WAS,11.0,2.0,False,1|0|0|0|2|0|2|6|0,1|0|0|0|0|0|0|1|0,-160.0,140.0,-133.0,113.0,,7.5,sbro,,,,,THUDSON-R,JZIMMERMN-R,,,,,,,,
2011,2011-04-03,SDG,STL,0.0,2.0,False,0|0|0|0|0|0|0|0|0,0|0|0|0|1|0|0|1|x,165.0,-185.0,136.0,-156.0,,9.0,sbro,,,,,DMOSELEY-R,JGARCIA-L,,,,,,,,
2011,2011-04-03,PIT,CUB,5.0,4.0,False,0|1|1|0|1|0|0|0|2,0|0|0|2|1|1|0|0|0,170.0,-200.0,145.0,-165.0,,12.5,sbro,,,,,ROHLENDOR-R,MGARZA-R,,,,,,,,
2011,2011-04-03,SFO,LOS,5.0,7.0,False,0|1|0|0|0|1|1|1|1,3|0|0|0|0|0|4|0|x,120.0,-140.0,118.0,-138.0,,7.5,sbro,,,,,BZITO-L,HKURODA-R,,,,,,,,
2011,2011-04-03,DET,NYY,10.0,7.0,False,2|0|3|0|2|2|0|0|1,0|2|2|0|2|0|1|0|0,135.0,-155.0,139.0,-159.0,,9.5,sbro,,,,,MSCHERZER-R,PHUGHES-R,,,,,,,,
2011,2011-04-03,CWS,CLE,1.0,7.0,False,0|0|1|0|0|0|0|0|0,0|0|0|0|0|2|2|3|x,-140.0,120.0,-123.0,103.0,,9.0,sbro,,,,,JDANKS-L,MASTERSON-R,,,,,,,,
2011,2011-04-03,MIN,TOR,4.0,3.0,False,0|0|1|0|2|0|0|0|1,0|0|0|1|0|1|0|0|1,115.0,-135.0,102.0,-122.0,,9.5,sbro,,,,,NBLACKBUR-R,BCECIL-L,,,,,,,,
2011,2011-04-03,BAL,TAM,5.0,1.0,False,1|0|0|0|0|0|3|0|1,0|0|1|0|0|0|0|0|0,150.0,-170.0,-102.0,-118.0,,9.0,sbro,,,,,ZBRITTON-L,WDAVIS-R,,,,,,,,
2011,2011-04-03,LAA,KAN,9.0,12.0,False,0|0|2|2|1|0|2|1|1,2|3|0|1|0|0|1|0|2,-110.0,-110.0,-105.0,-105.0,,10.0,sbro,,,,,SKAZMIR-L,BCHEN-L,,,,,,,,
2011,2011-04-03,BOS,TEX,1.0,5.0,False,0|0|0|0|0|0|1|0|0,0|1|1|0|1|0|1|1|x,-140.0,120.0,-135.0,115.0,,10.0,sbro,,,,,CBUCHHOLZ-R,MHARRISON-L,,,,,,,,
2011,2011-04-03,SEA,OAK,1.0,7.0,False,0|1|0|0|0|0|0|0|0,0|0|1|1|0|1|4|0|x,165.0,-185.0,144.0,-164.0,,7.5,sbro,,,,,DFISTER-R,GGONZALEZ-L,,,,,,,,
2011,2011-04-04,ATL,MIL,2.0,1.0,False,0|0|0|0|0|0|0|2|0,0|0|1|0|0|0|0|0|0,-106.0,-114.0,-113.0,-107.0,,8.5,sbro,,,,,BBEACHY-R,CNARVESON-L,,,,,,,,
2011,2011-04-04,ARI,CUB,1.0,4.0,False,1|0|0|0|0|0|0|0|0,0|0|1|1|0|0|0|2|x,125.0,-145.0,140.0,-160.0,,9.0,sbro,,,,,JSAUNDERS-L,RWELLS-R,,,,,,,,
2011,2011-04-04,PIT,STL,4.0,3.0,False,0|0|0|0|0|4|0|0|0,0|1|0|0|0|0|0|2|0,139.0,-159.0,126.0,-146.0,,9.0,sbro,,,,,CMORTON-R,KLOHSE-R,,,,,,,,
2011,2011-04-04,DET,BAL,1.0,5.0,False,0|0|1|0|0|0|0|0|0,0|1|0|0|4|0|0|0|x,101.0,-121.0,-102.0,-118.0,,10.0,sbro,,,,,RPORCELLO-R,JARRIETA-R,,,,,,,,
2011,2011-04-04,MIN,NYY,3.0,4.0,False,0|0|0|2|1|0|0|0|0,2|2|0|0|0|0|0|0|x,128.0,-148.0,145.0,-165.0,,10.0,sbro,,,,,SBAKER-R,INOVA-R,,,,,,,,
2011,2011-04-04,SEA,TEX,4.0,6.0,False,0|0|0|2|1|0|0|1|0,1|2|0|1|1|1|0|0|x,139.0,-159.0,142.0,-162.0,,9.0,sbro,,,,,EBEDARD-L,DHOLLAND-L,,,,,,,,
2011,2011-04-05,ARI,CUB,5.0,6.0,False,0|0|1|0|0|0|3|0|1,0|2|2|0|0|0|2|0|x,113.0,-133.0,115.0,-135.0,,9.5,sbro,,,,,BENRIGHT-R,ACASHNER-R,,,,,,,,
2011,2011-04-05,SFO,SDG,1.0,3.0,False,1|0|0|0|0|0|0|0|0,0|0|3|0|0|0|0|0|x,-117.0,-103.0,-124.0,104.0,,7.0,sbro,,,,,MBUMGARNR-L,AHARANG-R,,,,,,,,
2011,2011-04-05,NYM,PHI,7.0,1.0,False,0|0|6|0|0|1|0|0|0,0|0|0|0|1|0|0|0|0,180.0,-210.0,165.0,-185.0,,8.0,sbro,,,,,CYOUNG-R,CHAMELS-L,,,,,,,,
2011,2011-04-05,HOU,CIN,2.0,8.0,False,0|0|0|0|2|0|0|0|0,3|2|0|2|1|0|0|0|x,140.0,-160.0,134.0,-154.0,,8.5,sbro,,,,,JHAPP-L,MLEAKE-R,,,,,,,,
2011,2011-04-05,WAS,MIA,2.0,3.0,False,1|0|1|0|0|0|0|0|0,0|1|0|0|0|0|1|0|0,140.0,-160.0,134.0,-154.0,,9.0,sbro,,,,,JMARQUIS-R,ASANCHEZ-R,,,,,,,,
2011,2011-04-05,ATL,MIL,0.0,1.0,False,0|0|0|0|0|0|0|0|0,0|0|1|0|0|0|0|0|x,100.0,-120.0,100.0,-120.0,,8.0,sbro,,,,,DLOWE-R,YGALLARDO-R,,,,,,,,
2011,2011-04-05,PIT,STL,2.0,3.0,False,2|0|0|0|0|0|0|0|0,0|0|0|1|1|0|1|0|x,137.0,-157.0,123.0,-143.0,,8.0,sbro,,,,,JMCDONALD-R,KMCCLELLA-R,,,,,,,,
2011,2011-04-05,LOS,COL,0.0,3.0,False,0|0|0|0|0|0|0|0|0,0|0|0|1|1|1|0|0|x,-114.0,-106.0,-107.0,-113.0,,8.0,sbro,,,,,CKERSHAW-L,JCHACIN-R,,,,,,,,
2011,2011-04-05,LAA,TAM,5.0,3.0,False,3|1|0|0|1|0|0|0|0,0|0|1|0|0|0|0|2|0,-113.0,-107.0,-110.0,-110.0,,7.5,sbro,,,,,JERWEAVER-R,JNIEMANN-R,,,,,,,,
2011,2011-04-05,MIN,NYY,5.0,4.0,False,0|0|0|0|0|0|0|4|0,3|1|0|0|0|0|0|0|0,174.0,-204.0,190.0,-220.0,,8.5,sbro,,,,,BDUENSING-L,CSABATHIA-L,,,,,,,,
2011,2011-04-05,OAK,TOR,6.0,7.0,False,0|0|3|2|0|0|0|0|0,0|0|0|1|0|4|0|0|0,-115.0,-105.0,-105.0,-105.0,,9.0,sbro,,,,,BMCCARTHY-R,JJREYES-L,,,,,,,,
2011,2011-04-05,BOS,CLE,1.0,3.0,False,0|1|0|0|0|0|0|0|0,0|0|0|2|1|0|0|0|x,-145.0,125.0,-163.0,143.0,,9.0,sbro,,,,,JBECKETT-R,JTOMLIN-R,,,,,,,,
2011,2011-04-05,SEA,TEX,2.0,3.0,False,0|0|0|0|0|0|2|0|0,0|1|0|0|0|2|0|0|x,147.0,-167.0,138.0,-158.0,,8.5,sbro,,,,,MPINEDA-R,AOGANDO-R,,,,,,,,
2011,2011-04-05,CWS,KAN,6.0,7.0,False,4|0|0|0|0|2|0|0|0,2|2|0|0|0|0|0|2|0,-130.0,110.0,-115.0,-105.0,,9.0,sbro,,,,,GFLOYD-R,LHOCHEVAR-R,,,,,,,,
2011,2011-04-06,PIT,STL,3.0,1.0,False,0|0|0|1|1|0|0|0|1,0|0|0|0|0|0|0|0|1,178.0,-208.0,165.0,-185.0,,7.5,sbro,,,,,KCORREIA-R,CARPENTER-R,,,,,,,,
2011,2011-04-06,ARI,CUB,6.0,4.0,False,0|0|2|0|3|0|0|1|0,0|0|0|2|0|0|1|1|0,153.0,-173.0,140.0,-160.0,,8.5,sbro,,,,,AGALARRAG-R,RDEMPSTER-R,,,,,,,,
2011,2011-04-06,LOS,COL,5.0,7.0,False,0|1|3|0|0|0|0|1|0,2|0|3|2|0|0|0|0|x,100.0,-120.0,103.0,-123.0,,9.0,sbro,,,,,BILLNGSLEY-R,JHAMMEL-R,,,,,,,,
2011,2011-04-06,SFO,SDG,8.0,4.0,False,3|0|0|0|1|4|0|0|0,0|0|1|0|0|0|0|0|3,-150.0,130.0,-145.0,125.0,,6.5,sbro,,,,,TLINCECUM-R,TSTAUFFER-R,,,,,,,,
2011,2011-04-06,NYM,PHI,7.0,10.0,False,0|0|0|2|5|0|0|0|0,2|1|4|0|2|1|0|0|x,138.0,-158.0,121.0,-141.0,,9.5,sbro,,,,,MPELFREY-R,JBLANTON-R,,,,,,,,
2011,2011-04-06,HOU,CIN,4.0,12.0,False,4|0|0|0|0|0|0|0|0,0|1|5|0|0|4|0|2|x,175.0,-195.0,161.0,-181.0,,8.5,sbro,,,,,NFIGUEROA-R,EVOLQUEZ-R,,,,,,,,
2011,2011-04-06,WAS,MIA,4.0,7.0,False,0|3|0|1|0|0|0|0|0,0|0|0|0|4|2|0|1|x,125.0,-145.0,-103.0,-117.0,,9.0,sbro,,,,,LHERNADEZ-R,CVOLSTAD-R,,,,,,,,
2011,2011-04-06,ATL,MIL,4.0,5.0,False,1|0|0|0|0|3|0|0|0,2|0|0|1|2|0|0|0|x,-114.0,-106.0,-107.0,-113.0,,9.0,sbro,,,,,MMINOR-L,SMITRE-R,,,,,,,,
2011,2011-04-06,LAA,TAM,5.0,1.0,False,1|0|0|1|0|1|0|1|1,0|0|0|0|1|0|0|0|0,-115.0,-105.0,-106.0,-114.0,,7.5,sbro,,,,,DHAREN-R,JHELLICKS-R,,,,,,,,
2011,2011-04-06,SEA,TEX,3.0,7.0,False,0|1|0|0|1|1|0|0|0,0|3|0|0|0|0|1|3|x,115.0,-135.0,-103.0,-117.0,,7.5,sbro,,,,,FHERNANDZ-R,CWILSON-L,,,,,,,,
2011,2011-04-06,CWS,KAN,10.0,7.0,False,0|0|0|0|0|0|2|1|4,2|0|0|3|0|0|0|1|1,-115.0,-105.0,-113.0,-107.0,,8.5,sbro,,,,,MBUEHRLE-L,JFRANCIS-L,,,,,,,,
2011,2011-04-06,DET,BAL,7.0,3.0,False,0|2|0|2|2|0|0|1|0,0|0|0|2|0|1|0|0|0,-135.0,115.0,-137.0,117.0,,8.5,sbro,,,,,VERLANDER-R,BBERGESEN-R,,,,,,,,
2011,2011-04-06,BOS,CLE,4.0,8.0,False,0|2|0|0|0|0|2|0|0,2|1|0|0|0|4|0|1|x,-148.0,128.0,-162.0,142.0,,9.5,sbro,,,,,DMATSUZAK-R,MTALBOT-R,,,,,,,,
2011,2011-04-06,OAK,TOR,3.0,5.0,False,0|0|0|2|1|0|0|0|0,1|0|0|3|0|0|0|1|x,-105.0,-105.0,-108.0,-112.0,,9.0,sbro,,,,,DBRADEN-L,JLITSCH-R,,,,,,,,
2011,2011-04-07,HOU,CIN,3.0,2.0,False,1|0|0|1|0|0|0|0|1,0|1|0|0|0|0|1|0|0,113.0,-133.0,116.0,-136.0,,8.0,sbro,,,,,BMYERS-R,SLECURE-R,,,,,,,,
2011,2011-04-07,COL,PIT,7.0,1.0,False,2|0|0|1|0|2|2|0|0,1|0|0|0|0|0|0|0|0,-113.0,-107.0,-108.0,-112.0,,8.0,sbro,,,,,EROGERS-R,PMAHOLM-L,,,,,,,,
2011,2011-04-07,ATL,MIL,2.0,4.0,False,0|2|0|0|0|0|0|0|0,2|1|0|0|0|0|1|0|x,-113.0,-107.0,-112.0,-108.0,,7.5,sbro,,,,,THANSON-R,SMARCUM-R,,,,,,,,
2011,2011-04-07,NYM,PHI,0.0,11.0,False,0|0|0|0|0|0|0|0|0,0|0|2|4|2|0|2|1|x,185.0,-215.0,170.0,-200.0,,7.5,sbro,,,,,JNIESE-L,RHALLADAY-R,,,,,,,,
2011,2011-04-07,WAS,MIA,5.0,3.0,False,0|0|0|1|1|1|0|0|0,2|0|0|0|0|1|0|0|0,171.0,-201.0,165.0,-185.0,,7.5,sbro,,,,,JLANNAN-L,JJOHNSON-R,,,,,,,,
2011,2011-04-07,BOS,CLE,0.0,1.0,False,0|0|0|0|0|0|0|0|0,0|0|0|0|0|0|0|1|x,-162.0,142.0,-179.0,159.0,,8.0,sbro,,,,,JLESTER-L,FCARMONA-R,,,,,,,,
2011,2011-04-07,OAK,TOR,2.0,1.0,False,0|0|0|0|0|0|0|2|0,0|0|0|0|0|1|0|0|0,102.0,-122.0,-104.0,-116.0,,8.0,sbro,,,,,TCAHILL-R,RROMERO-L,,,,,,,,
2011,2011-04-07,MIN,NYY,3.0,4.0,False,0|0|0|2|0|0|1|0|0,0|0|1|3|0|0|0|0|x,120.0,-140.0,123.0,-143.0,,9.5,sbro,,,,,FLIRIANO-L,ABURNETT-R,,,,,,,,
2011,2011-04-07,TAM,CWS,1.0,5.0,False,0|0|0|0|0|0|0|1|0,2|0|1|0|0|0|0|2|x,-111.0,-109.0,108.0,-128.0,,7.5,sbro,,,,,DPRICE-L,EJACKSON-R,,,,,,,,
2011,2011-04-07,DET,BAL,5.0,9.0,False,2|0|0|0|2|0|1|0|0,0|2|0|0|0|2|5|0|x,114.0,-134.0,109.0,-129.0,,9.0,sbro,,,,,BPENNY-R,CTILLMAN-R,,,,,,,,
2011,2011-04-08,WAS,NYM,6.0,2.0,False,0|2|0|0|1|0|0|3|0,0|0|0|1|1|0|0|0|0,120.0,-140.0,132.0,-152.0,,7.5,sbro,,,,,JZIMMERMN-R,RDICKEY-R,,,,,,,,
2011,2011-04-08,STL,SFO,4.0,5.0,False,0|1|0|0|0|0|0|1|2,0|0|2|0|0|1|0|0|1,136.0,-156.0,144.0,-164.0,,7.5,sbro,,,,,WESTBROOK-R,JSANCHEZ-L,,,,,,,,
2011,2011-04-08,MIA,HOU,4.0,3.0,False,0|0|0|0|0|0|1|2|1,0|0|1|0|0|0|1|0|1,-123.0,103.0,-105.0,-105.0,,8.0,sbro,,,,,RNOLASCO-R,WRODRIGEZ-L,,,,,,,,
2011,2011-04-08,COL,PIT,3.0,4.0,False,3|0|0|0|0|0|0|0|0,0|0|0|1|1|1|0|0|0,-123.0,103.0,-143.0,123.0,,8.0,sbro,,,,,DELAROSA-L,ROHLENDOR-R,,,,,,,,
2011,2011-04-08,PHI,ATL,3.0,6.0,False,2|1|0|0|0|0|0|0|0,0|3|0|3|0|0|0|0|x,-128.0,108.0,-110.0,-110.0,,7.0,sbro,,,,,CLEE-L,THUDSON-R,,,,,,,,
2011,2011-04-08,CUB,MIL,7.0,4.0,False,0|0|0|5|0|1|0|0|1,0|2|0|1|1|0|0|0|0,-101.0,-119.0,-108.0,-112.0,,8.5,sbro,,,,,CZAMBRANO-R,RWOLF-L,,,,,,,,
2011,2011-04-08,CIN,ARI,2.0,13.0,False,0|0|1|0|0|0|0|0|1,2|1|0|0|0|3|1|6|x,-114.0,-106.0,-124.0,104.0,,9.0,sbro,,,,,TWOOD-L,IKENNEDY-R,,,,,,,,
2011,2011-04-08,LOS,SDG,2.0,2.0,False,0|0|0|1|0|1|0|0|0,0|0|0|0|2|0|0|0|,100.0,-120.0,-104.0,-116.0,,7.0,sbro,,,,,TLILLY-L,CRICHARD-L,,,,,,,,
2011,2011-04-08,KAN,DET,2.0,5.0,False,0|0|1|0|0|0|1|0|0,4|0|1|0|0|0|0|0|x,137.0,-157.0,156.0,-176.0,,9.0,sbro,,,,,KDAVIES-R,MSCHERZER-R,,,,,,,,
2011,2011-04-08,OAK,MIN,1.0,2.0,False,1|0|0|0|0|0|0|0|0,0|0|0|0|0|0|0|2|x,-106.0,-114.0,-111.0,-109.0,,8.0,sbro,,,,,BANDERSON-L,CPAVANO-R,,,,,,,,
2011,2011-04-08,NYY,BOS,6.0,9.0,False,2|1|1|1|1|0|0|0|0,1|5|0|0|1|0|2|0|x,-104.0,-116.0,117.0,-137.0,,10.0,sbro,,,,,PHUGHES-R,JLACKEY-R,,,,,,,,
2011,2011-04-08,TAM,CWS,9.0,7.0,False,0|0|0|1|0|2|1|0|5,1|0|2|1|0|1|0|2|0,130.0,-150.0,125.0,-145.0,,7.5,sbro,,,,,JSHIELDS-R,JDANKS-L,,,,,,,,
2011,2011-04-08,TOR,LAA,3.0,2.0,False,0|0|0|0|0|2|0|1|0,1|0|1|0|0|0|0|0|0,113.0,-133.0,109.0,-129.0,,7.5,sbro,,,,,KDRABEK-R,ESANTANA-R,,,,,,,,
2011,2011-04-08,CLE,SEA,12.0,3.0,False,1|0|0|10|1|0|0|0|0,0|0|0|0|1|0|0|0|2,100.0,-120.0,118.0,-138.0,,7.5,sbro,,,,,CCARRASCO-R,JVARGAS-L,,,,,,,,
2011,2011-04-09,PHI,ATL,10.0,2.0,False,1|0|0|2|0|0|5|2|0,0|0|2|0|0|0|0|0|0,-114.0,-106.0,-110.0,-110.0,,7.5,sbro,,,,,ROSWALT-R,BBEACHY-R,,,,,,,,
2011,2011-04-09,MIA,HOU,7.0,5.0,False,0|1|0|0|0|3|2|1|0,1|2|0|0|1|0|0|1|0,-118.0,-102.0,-111.0,-109.0,,8.5,sbro,,,,,JVAZQUEZ-R,BNORRIS-R,,,,,,,,
2011,2011-04-09,COL,PIT,6.0,4.0,False,1|0|1|0|0|1|0|3|0,0|2|0|0|0|0|1|1|0,-113.0,-107.0,-112.0,-108.0,,8.5,sbro,,,,,GREYNOLDS-R,CMORTON-R,,,,,,,,
2011,2011-04-09,CUB,MIL,0.0,6.0,False,0|0|0|0|0|0|0|0|0,2|0|2|0|1|0|0|1|x,-112.0,-108.0,-110.0,-110.0,,8.5,sbro,,,,,MGARZA-R,CNARVESON-L,,,,,,,,
2011,2011-04-09,WAS,NYM,4.0,8.0,False,0|3|0|0|1|0|0|0|0,2|0|0|1|0|3|0|2|x,103.0,-123.0,109.0,-129.0,,8.0,sbro,,,,,GORZELANNY-L,CCAPUANO-L,,,,,,,,
2011,2011-04-09,CIN,ARI,6.0,1.0,False,2|0|0|0|0|0|0|0|4,0|0|0|0|0|1|0|0|0,-114.0,-106.0,-114.0,-106.0,,8.5,sbro,,,,,BARROYO-R,DHUDSON-R,,,,,,,,
2011,2011-04-09,STL,SFO,2.0,3.0,False,0|0|0|0|0|1|1|0|0,0|0|0|0|1|0|0|0|2,138.0,-158.0,125.0,-145.0,,6.5,sbro,,,,,JGARCIA-L,MCAIN-R,,,,,,,,
2011,2011-04-09,LOS,SDG,4.0,0.0,False,1|0|0|0|2|0|0|1|0,0|0|0|0|0|0|0|0|0,-124.0,104.0,-122.0,102.0,,7.0,sbro,,,,,HKURODA-R,DMOSELEY-R,,,,,,,,
2011,2011-04-09,KAN,DET,3.0,1.0,False,0|2|0|0|0|0|0|0|1,0|0|0|0|0|0|0|0|1,128.0,-148.0,142.0,-162.0,,9.5,sbro,,,,,BCHEN-L,PCOKE-L,,,,,,,,
2011,2011-04-09,NYY,BOS,9.0,4.0,False,0|2|0|3|2|1|1|0|0,0|0|1|3|0|0|0|0|0,128.0,-148.0,128.0,-148.0,,10.5,sbro,,,,,INOVA-R,CBUCHHOLZ-R,,,,,,,,
2011,2011-04-09,TAM,CWS,2.0,4.0,False,0|1|0|0|0|0|0|0|1,0|0|1|1|0|0|2|0|x,110.0,-130.0,-113.0,-107.0,,9.0,sbro,,,,,WDAVIS-R,PHUMBER-R,,,,,,,,
2011,2011-04-09,TEX,BAL,13.0,1.0,False,0|0|6|2|0|0|1|0|4,0|1|0|0|0|0|0|0|0,-114.0,-106.0,-113.0,-107.0,,9.0,sbro,,,,,MHARRISON-L,JARRIETA-R,,,,,,,,
2011,2011-04-09,OAK,MIN,1.0,0.0,False,0|0|0|0|0|1|0|0|0,0|0|0|0|0|0|0|0|0,-111.0,-109.0,-107.0,-113.0,,8.0,sbro,,,,,GGONZALEZ-L,NBLACKBUR-R,,,,,,,,
2011,2011-04-09,TOR,LAA,5.0,6.0,False,0|1|1|3|0|0|0|0|0,1|0|3|1|0|0|0|0|0,-113.0,-107.0,-105.0,-105.0,,9.0,sbro,,,,,BCECIL-L,MPALMER-R,,,,,,,,
2011,2011-04-09,CLE,SEA,2.0,1.0,False,0|0|0|2|0|0|0|0|0,0|0|0|0|0|0|1|0|0,-103.0,-117.0,-110.0,-110.0,,7.5,sbro,,,,,MASTERSON-R,DFISTER-R,,,,,,,,
2011,2011-04-09,TEX,BAL,0.0,5.0,False,0|0|0|0|0|0|0|0|0,1|3|1|0|0|0|0|0|x,-113.0,-107.0,-113.0,-107.0,,8.5,sbro,,,,,CLEWIS-R,ZBRITTON-L,,,,,,,,
2011,2011-04-10,WAS,NYM,7.0,3.0,False,0|1|0|0|0|0|0|2|0,2|0|0|0|1|0|0|0|0,113.0,-133.0,126.0,-146.0,,7.5,sbro,,,,,JMARQUIS-R,CYOUNG-R,,,,,,,,
2011,2011-04-10,PHI,ATL,3.0,0.0,False,0|0|0|1|0|1|0|0|1,0|0|0|0|0|0|0|0|0,-107.0,-113.0,-107.0,-113.0,,8.0,sbro,,,,,CHAMELS-L,DLOWE-R,,,,,,,,
2011,2011-04-10,COL,PIT,6.0,5.0,False,4|0|0|0|0|0|2|0|0,0|1|3|1|0|0|0|0|0,-113.0,-107.0,-125.0,105.0,,7.5,sbro,,,,,JCHACIN-R,JMCDONALD-R,,,,,,,,
2011,2011-04-10,MIA,HOU,1.0,7.0,False,1|0|0|0|0|0|0|0|0,1|0|0|2|3|0|0|1|x,-114.0,-106.0,-110.0,-110.0,,8.5,sbro,,,,,ASANCHEZ-R,JHAPP-L,,,,,,,,
2011,2011-04-10,CUB,MIL,5.0,6.0,False,2|1|1|0|0|0|1|0|0,2|0|2|0|0|0|0|2|x,-168.0,148.0,160.0,-180.0,,8.5,sbro,,,,,CCOLEMAN-R,YGALLARDO-R,,,,,,,,
2011,2011-04-10,LOS,SDG,2.0,7.0,False,1|0|0|0|0|0|1|0|0,0|0|1|1|0|2|1|2|x,105.0,-125.0,112.0,-132.0,,7.0,sbro,,,,,JELY-R,AHARANG-R,,,,,,,,
2011,2011-04-10,STL,SFO,6.0,1.0,False,0|1|0|0|0|3|1|1|0,1|0|0|0|0|0|0|0|0,126.0,-146.0,102.0,-122.0,,8.5,sbro,,,,,KLOHSE-R,BZITO-L,,,,,,,,
2011,2011-04-10,CIN,ARI,8.0,10.0,False,3|1|1|0|0|0|2|0|1,0|0|1|0|5|0|0|4|x,-107.0,-113.0,-116.0,-104.0,,10.0,sbro,,,,,MLEAKE-R,JSAUNDERS-L,,,,,,,,
2011,2011-04-10,KAN,DET,9.0,5.0,False,0|0|2|1|2|0|2|1|1,0|0|1|0|0|1|2|0|1,129.0,-149.0,137.0,-157.0,,9.0,sbro,,,,,LHOCHEVAR-R,RPORCELLO-R,,,,,,,,
2011,2011-04-10,TEX,BAL,3.0,0.0,False,0|0|0|1|0|0|2|0|0,0|0|0|0|0|0|0|0|0,-143.0,123.0,-105.0,-105.0,,9.0,sbro,,,,,DHOLLAND-L,JGUTHRIE-R,,,,,,,,
2011,2011-04-10,OAK,MIN,5.0,3.0,False,0|0|0|1|0|4|0|0|0,0|0|0|0|0|0|0|3|0,105.0,-125.0,120.0,-140.0,,8.5,sbro,,,,,BMCCARTHY-R,SBAKER-R,,,,,,,,
2011,2011-04-10,TAM,CWS,1.0,6.0,False,0|0|0|0|0|1|0|0|0,2|2|1|0|1|0|0|0|x,123.0,-143.0,128.0,-148.0,,9.0,sbro,,,,,JNIEMANN-R,GFLOYD-R,,,,,,,,
2011,2011-04-10,TOR,LAA,1.0,3.0,False,0|0|0|0|0|1|0|0|0,1|0|0|2|0|0|0|0|x,148.0,-168.0,169.0,-189.0,,8.0,sbro,,,,,JJREYES-L,JERWEAVER-R,,,,,,,,
2011,2011-04-10,CLE,SEA,6.0,4.0,False,2|2|1|1|0|0|0|0|0,0|0|0|1|0|0|3|0|0,104.0,-124.0,108.0,-128.0,,7.5,sbro,,,,,JTOMLIN-R,EBEDARD-L,,,,,,,,
2011,2011-04-10,NYY,BOS,0.0,4.0,False,0|0|0|0|0|0|0|0|0,0|0|1|0|0|0|2|1|x,-116.0,-104.0,-121.0,101.0,,9.5,sbro,,,,,CSABATHIA-L,JBECKETT-R,,,,,,,,
2011,2011-04-11,COL,NYM,7.0,6.0,False,0|0|1|1|0|2|0|3|0,1|0|1|2|0|0|0|2|0,-105.0,-105.0,-107.0,-113.0,,8.5,sbro,,,,,JHAMMEL-R,MPELFREY-R,,,,,,,,
2011,2011-04-11,CUB,HOU,5.0,4.0,False,2|2|0|1|0|0|0|0|0,0|0|0|0|1|0|3|0|0,-124.0,104.0,-129.0,109.0,,8.5,sbro,,,,,RDEMPSTER-R,NFIGUEROA-R,,,,,,,,
2011,2011-04-11,STL,ARI,8.0,2.0,False,0|0|1|3|0|0|1|0|3,0|0|0|1|0|0|1|0|0,-110.0,-110.0,-115.0,-105.0,,10.0,sbro,,,,,KMCCLELLA-R,BENRIGHT-R,,,,,,,,
2011,2011-04-11,CIN,SDG,3.0,2.0,False,0|0|0|1|2|0|0|0|0,2|0|0|0|0|0|0|0|0,-107.0,-113.0,102.0,-122.0,,6.5,sbro,,,,,EVOLQUEZ-R,MLATOS-R,,,,,,,,
2011,2011-04-11,LOS,SFO,6.0,1.0,False,0|1|0|0|4|0|1|0|0,0|0|0|0|0|0|0|0|1,-113.0,-107.0,-113.0,-107.0,,6.5,sbro,,,,,CKERSHAW-L,MBUMGARNR-L,,,,,,,,
2011,2011-04-11,TEX,DET,2.0,0.0,False,0|0|0|0|0|0|2|0|0,0|0|0|0|0|0|0|0|0,120.0,-140.0,117.0,-137.0,,8.0,sbro,,,,,AOGANDO-R,VERLANDER-R,,,,,,,,
2011,2011-04-11,TAM,BOS,16.0,5.0,False,1|6|0|1|1|3|0|0|4,0|0|1|1|0|0|1|1|1,130.0,-150.0,135.0,-155.0,,9.5,sbro,,,,,JHELLICKS-R,DMATSUZAK-R,,,,,,,,
2011,2011-04-11,OAK,CWS,2.0,1.0,False,0|0|0|0|0|0|0|0|1,0|0|0|0|1|0|0|0|0,100.0,-120.0,102.0,-122.0,,9.0,sbro,,,,,DBRADEN-L,MBUEHRLE-L,,,,,,,,
2011,2011-04-11,CLE,LAA,4.0,0.0,False,1|3|0|0|0|0|0|0|0,0|0|0|0|0|0|0|0|0,160.0,-180.0,106.0,-126.0,,8.5,sbro,,,,,MTALBOT-R,TCHATWOOD-R,,,,,,,,
2011,2011-04-11,TOR,SEA,7.0,8.0,False,0|1|2|2|0|2|0|0|0,0|0|0|0|0|0|1|5|2,148.0,-168.0,152.0,-172.0,,6.5,sbro,,,,,JLITSCH-R,FHERNANDZ-R,,,,,,,,
2011,2011-04-12,PHI,WAS,4.0,7.0,False,0|1|0|0|0|0|0|2|1,0|1|0|3|1|0|1|1|x,-130.0,110.0,-132.0,112.0,,8.5,sbro,,,,,JBLANTON-R,LHERNADEZ-R,,,,,,,,
2011,2011-04-12,MIA,ATL,0.0,5.0,False,0|0|0|0|0|0|0|0|0,0|0|2|1|2|0|0|0|x,145.0,-165.0,148.0,-168.0,,8.0,sbro,,,,,CVOLSTAD-R,THANSON-R,,,,,,,,
2011,2011-04-12,CUB,HOU,2.0,11.0,False,0|0|0|0|0|0|1|0|1,3|2|0|2|0|0|0|4|x,106.0,-126.0,115.0,-135.0,,8.0,sbro,,,,,JRUSSELL-L,BMYERS-R,,,,,,,,
2011,2011-04-12,STL,ARI,8.0,13.0,False,0|2|1|0|2|3|0|0|0,2|3|1|2|1|4|0|0|x,-145.0,125.0,-147.0,127.0,,9.0,sbro,,,,,CARPENTER-R,AGALARRAG-R,,,,,,,,
2011,2011-04-12,CIN,SDG,8.0,2.0,False,1|0|0|0|1|0|0|0|0,0|1|0|0|0|0|0|1|0,-103.0,-117.0,-112.0,-108.0,,7.0,sbro,,,,,SLECURE-R,CRICHARD-L,,,,,,,,
2011,2011-04-12,LOS,SFO,4.0,5.0,False,0|0|0|3|0|0|1|0|0,0|0|0|2|2|0|1|0|x,145.0,-165.0,147.0,-167.0,,6.5,sbro,,,,,BILLNGSLEY-R,TLINCECUM-R,,,,,,,,
2011,2011-04-12,TEX,DET,4.0,5.0,False,1|0|1|0|0|1|0|1|0,1|0|0|1|0|2|0|0|1,-140.0,120.0,-142.0,122.0,,9.0,sbro,,,,,CWILSON-L,BPENNY-R,,,,,,,,
2011,2011-04-12,TAM,BOS,3.0,2.0,False,0|0|0|0|3|0|0|0|0,0|0|1|0|0|1|0|0|0,143.0,-163.0,153.0,-173.0,,8.0,sbro,,,,,DPRICE-L,JLESTER-L,,,,,,,,
2011,2011-04-12,KAN,MIN,3.0,4.0,False,0|0|0|2|0|0|1|0|0,0|0|1|2|0|0|0|0|0,125.0,-145.0,126.0,-146.0,,8.0,sbro,,,,,JFRANCIS-L,BDUENSING-L,,,,,,,,
2011,2011-04-12,OAK,CWS,5.0,6.0,False,0|1|1|0|1|2|0|0|0,0|4|0|0|0|1|0|0|0,105.0,-125.0,102.0,-122.0,,8.0,sbro,,,,,TCAHILL-R,EJACKSON-R,,,,,,,,
2011,2011-04-12,CLE,LAA,0.0,2.0,False,0|0|0|0|0|0|0|0|0,0|0|1|0|0|0|1|0|x,155.0,-175.0,133.0,-153.0,,7.0,sbro,,,,,FCARMONA-R,DHAREN-R,,,,,,,,
2011,2011-04-12,TOR,SEA,2.0,3.0,False,0|0|0|0|0|0|0|2|0,0|0|3|0|0|0|0|0|x,-115.0,-105.0,-118.0,-102.0,,6.5,sbro,,,,,RROMERO-L,MPINEDA-R,,,,,,,,
2011,2011-04-13,CIN,SDG,2.0,3.0,False,0|0|0|1|1|0|0|0|0,0|0|0|0|0|0|1|1|1,-108.0,-112.0,-113.0,-107.0,,7.0,sbro,,,,,TWOOD-L,TSTAUFFER-R,,,,,,,,
2011,2011-04-13,MIL,PIT,6.0,0.0,False,0|0|0|0|0|4|2|0|0,0|0|0|0|0|0|0|0|0,-115.0,-105.0,-120.0,100.0,,7.5,sbro,,,,,SMARCUM-R,KCORREIA-R,,,,,,,,
2011,2011-04-13,PHI,WAS,3.0,2.0,False,0|0|0|1|2|0|0|0|0,0|0|0|0|0|0|0|0|2,-182.0,162.0,-189.0,169.0,,7.0,sbro,,,,,RHALLADAY-R,JLANNAN-L,,,,,,,,
2011,2011-04-13,MIA,ATL,5.0,1.0,False,1|3|1|0|0|0|0|0|0,0|0|0|0|0|0|0|0|1,105.0,-125.0,100.0,-120.0,,6.5,sbro,,,,,JJOHNSON-R,THUDSON-R,,,,,,,,
2011,2011-04-13,COL,NYM,5.0,4.0,False,0|0|0|1|3|1|0|0|0,1|1|0|1|0|0|1|0|0,-111.0,-109.0,-108.0,-112.0,,7.5,sbro,,,,,EROGERS-R,JNIESE-L,,,,,,,,
2011,2011-04-13,CUB,HOU,9.0,5.0,False,5|0|0|0|0|1|0|0|3,0|0|0|0|0|5|0|0|0,-116.0,-104.0,-113.0,-107.0,,7.5,sbro,,,,,CZAMBRANO-R,WRODRIGEZ-L,,,,,,,,
2011,2011-04-13,STL,ARI,15.0,5.0,False,2|6|1|3|3|0|0|0|0,0|0|0|2|3|0|0|0|0,100.0,-120.0,104.0,-124.0,,10.0,sbro,,,,,WESTBROOK-R,IKENNEDY-R,,,,,,,,
2011,2011-04-13,LOS,SFO,3.0,4.0,False,0|0|0|2|0|1|0|0|0,1|1|0|0|0|2|0|0|x,116.0,-136.0,122.0,-142.0,,7.0,sbro,,,,,TLILLY-L,JSANCHEZ-L,,,,,,,,
2011,2011-04-13,TEX,DET,2.0,3.0,False,0|0|0|0|0|2|0|0|0,0|0|0|0|0|2|0|0|1,104.0,-124.0,112.0,-132.0,,9.0,sbro,,,,,DBUSH-R,MSCHERZER-R,,,,,,,,
2011,2011-04-13,KAN,MIN,10.0,5.0,False,0|0|0|6|0|1|0|0|3,1|0|0|0|4|0|0|0|0,154.0,-174.0,155.0,-175.0,,8.5,sbro,,,,,KDAVIES-R,FLIRIANO-L,,,,,,,,
2011,2011-04-13,OAK,CWS,7.0,4.0,False,0|0|0|1|0|0|0|0|3,0|0|0|0|1|2|0|1|0,-111.0,-109.0,-106.0,-114.0,,7.5,sbro,,,,,BANDERSON-L,JDANKS-L,,,,,,,,
2011,2011-04-13,TOR,SEA,8.0,3.0,False,0|0|1|0|0|0|0|6|1,0|0|1|0|0|1|0|1|0,-109.0,-111.0,-124.0,104.0,,7.0,sbro,,,,,KDRABEK-R,JVARGAS-L,,,,,,,,
2011,2011-04-13,BAL,NYY,4.0,7.0,False,0|0|0|0|0|0|4|0|0,3|3|0|0|1|0|0|0|x,165.0,-185.0,155.0,-175.0,,9.5,sbro,,,,,CTILLMAN-R,ABURNETT-R,,,,,,,,
2011,2011-04-13,CLE,LAA,3.0,4.0,False,1|0|0|0|1|0|0|1|0,0|0|0|3|0|0|0|0|0,135.0,-155.0,128.0,-148.0,,8.0,sbro,,,,,CCARRASCO-R,ESANTANA-R,,,,,,,,
2011,2011-04-14,COL,NYM,6.0,5.0,False,0|0|0|0|1|2|3|0|0,0|0|0|2|0|0|0|1|2,110.0,-130.0,107.0,-127.0,,7.5,sbro,,,,,GREYNOLDS-R,RDICKEY-R,,,,,,,,
2011,2011-04-14,MIL,PIT,4.0,1.0,False,2|0|0|0|0|0|0|0|2,0|0|0|0|0|0|0|0|1,-113.0,-107.0,-112.0,-108.0,,8.5,sbro,,,,,RWOLF-L,PMAHOLM-L,,,,,,,,
2011,2011-04-14,PHI,WAS,4.0,0.0,False,0|0|0|0|0|2|0|2|0,0|0|0|0|0|0|0|0|0,-161.0,141.0,-155.0,135.0,,7.0,sbro,,,,,CLEE-L,JZIMMERMN-R,,,,,,,,
2011,2011-04-14,MIA,ATL,6.0,5.0,False,3|1|1|0|0|0|1|0|0,4|0|0|1|0|0|0|0|0,100.0,-120.0,114.0,-134.0,,8.0,sbro,,,,,RNOLASCO-R,BBEACHY-R,,,,,,,,
2011,2011-04-14,SDG,HOU,0.0,1.0,False,0|0|0|0|0|0|0|0|0,0|0|0|0|0|1|0|0|x,-103.0,-117.0,-111.0,-109.0,,8.5,sbro,,,,,DMOSELEY-R,BNORRIS-R,,,,,,,,
2011,2011-04-14,STL,LOS,9.0,5.0,False,0|2|1|1|2|0|3|0|0,1|0|1|1|0|0|0|1|1,110.0,-130.0,-105.0,-105.0,,6.5,sbro,,,,,JGARCIA-L,HKURODA-R,,,,,,,,
2011,2011-04-14,BAL,NYY,5.0,6.0,False,0|0|2|1|2|0|0|0|0,0|0|0|0|1|2|1|0|1,156.0,-176.0,162.0,-182.0,,10.5,sbro,,,,,JARRIETA-R,PHUGHES-R,,,,,,,,
2011,2011-04-14,MIN,TAM,3.0,4.0,False,0|0|0|0|0|2|0|0|0,0|0|0|0|0|0|0|0|2,111.0,-131.0,109.0,-129.0,,8.5,sbro,,,,,CPAVANO-R,JSHIELDS-R,,,,,,,,
2011,2011-04-14,SEA,KAN,0.0,5.0,False,0|0|0|0|0|0|0|x|x,0|0|3|1|0|1|x|x|x,100.0,-120.0,110.0,-130.0,,9.0,sbro,,,,,DFISTER-R,BCHEN-L,,,,,,,,
2011,2011-04-14,DET,OAK,3.0,0.0,False,0|0|0|0|0|0|1|2|0,0|0|0|0|0|0|0|0|0,125.0,-145.0,136.0,-156.0,,7.5,sbro,,,,,PCOKE-L,GGONZALEZ-L,,,,,,,,
2011,2011-04-14,COL,NYM,9.0,4.0,False,0|0|2|0|0|6|0|0|1,0|2|0|2|0|0|0|0|0,-110.0,-110.0,-111.0,-109.0,,7.5,sbro,,,,,DELAROSA-L,CCAPUANO-L,,,,,,,,
2011,2011-04-15,MIA,PHI,4.0,3.0,False,0|0|0|0|1|1|2|0|0,2|0|0|0|1|0|0|0|0,170.0,-200.0,160.0,-180.0,,8.0,sbro,,,,,JVAZQUEZ-R,ROSWALT-R,,,,,,,,
2011,2011-04-15,MIL,WAS,3.0,4.0,False,0|0|0|0|2|0|0|0|1,0|3|0|0|0|0|0|0|0,-135.0,115.0,-122.0,102.0,,8.0,sbro,,,,,CNARVESON-L,GORZELANNY-L,,,,,,,,
2011,2011-04-15,PIT,CIN,6.0,1.0,False,0|1|1|3|0|0|0|0|1,0|0|0|0|0|0|0|0|1,155.0,-175.0,162.0,-182.0,,8.5,sbro,,,,,CMORTON-R,BARROYO-R,,,,,,,,
2011,2011-04-15,SDG,HOU,4.0,2.0,False,0|0|0|0|1|0|3|0|0,0|0|0|0|0|1|0|0|1,-110.0,-110.0,-105.0,-105.0,,8.5,sbro,,,,,AHARANG-R,JHAPP-L,,,,,,,,
2011,2011-04-15,CUB,COL,0.0,5.0,False,0|0|0|0|0|0|0|0|0,0|4|0|0|1|0|0|0|x,140.0,-160.0,130.0,-150.0,,8.5,sbro,,,,,MGARZA-R,JCHACIN-R,,,,,,,,
2011,2011-04-15,SFO,ARI,5.0,2.0,False,3|0|0|1|1|0|0|0|0,0|0|0|0|0|0|1|0|1,-130.0,110.0,-106.0,-114.0,,8.5,sbro,,,,,MCAIN-R,DHUDSON-R,,,,,,,,
2011,2011-04-15,STL,LOS,11.0,2.0,False,0|3|0|1|2|0|1|0|4,0|0|0|2|0|0|0|0|0,105.0,-125.0,-112.0,-108.0,,8.5,sbro,,,,,KLOHSE-R,JGARLAND-R,,,,,,,,
2011,2011-04-15,TEX,NYY,5.0,3.0,False,0|1|1|0|3|0|0|0|0,0|0|1|0|0|0|0|1|1,120.0,-140.0,114.0,-134.0,,9.5,sbro,,,,,MHARRISON-L,INOVA-R,,,,,,,,
2011,2011-04-15,BAL,CLE,2.0,8.0,False,0|0|0|1|0|0|0|0|1,0|0|4|0|0|1|3|0|x,100.0,-120.0,-105.0,-105.0,,7.5,sbro,,,,,ZBRITTON-L,MASTERSON-R,,,,,,,,
2011,2011-04-15,TOR,BOS,7.0,6.0,False,0|0|0|0|2|1|4|0|0,0|0|3|0|0|0|0|3|0,155.0,-175.0,157.0,-177.0,,9.5,sbro,,,,,BCECIL-L,CBUCHHOLZ-R,,,,,,,,
2011,2011-04-15,MIN,TAM,2.0,5.0,False,0|0|0|0|1|0|0|0|1,0|0|0|0|0|3|2|0|x,100.0,-120.0,108.0,-128.0,,8.5,sbro,,,,,NBLACKBUR-R,WDAVIS-R,,,,,,,,
2011,2011-04-15,SEA,KAN,5.0,6.0,False,1|0|0|0|0|0|0|1|3,1|0|2|1|1|1|0|0|x,115.0,-135.0,106.0,-126.0,,8.5,sbro,,,,,EBEDARD-L,LHOCHEVAR-R,,,,,,,,
2011,2011-04-15,LAA,CWS,4.0,3.0,False,0|0|0|4|0|0|0|0|0,0|0|1|0|0|2|0|0|0,-130.0,110.0,-129.0,109.0,,7.5,sbro,,,,,JERWEAVER-R,PHUMBER-R,,,,,,,,
2011,2011-04-15,DET,OAK,8.0,4.0,False,0|0|0|0|0|0|0|0|1,0|0|1|0|0|0|0|0|0,125.0,-145.0,116.0,-136.0,,8.0,sbro,,,,,RPORCELLO-R,BMCCARTHY-R,,,,,,,,
2011,2011-04-16,PIT,CIN,2.0,11.0,False,0|0|0|2|0|0|0|0|0,0|1|1|0|7|2|0|0|x,155.0,-175.0,122.0,-142.0,,9.0,sbro,,,,,JMCDONALD-R,MLEAKE-R,,,,,,,,
2011,2011-04-16,NYM,ATL,2.0,4.0,False,0|0|0|0|1|1|0|0|0,1|1|0|1|0|1|0|0|x,150.0,-170.0,165.0,-185.0,,8.0,sbro,,,,,DCARRASCO-R,DLOWE-R,,,,,,,,
2011,2011-04-16,SDG,HOU,3.0,5.0,False,2|0|0|1|0|0|0|0|0,1|0|0|2|0|0|2|0|x,-134.0,114.0,-148.0,128.0,,7.5,sbro,,,,,MLATOS-R,NFIGUEROA-R,,,,,,,,
2011,2011-04-16,SFO,ARI,5.0,3.0,False,2|0|0|0|0|1|2|0|0,0|2|0|1|0|0|0|0|0,-120.0,100.0,-110.0,-110.0,,10.5,sbro,,,,,BZITO-L,JSAUNDERS-L,,,,,,,,
2011,2011-04-16,CUB,COL,8.0,3.0,False,0|1|0|0|1|1|5|0|0,0|1|0|0|0|0|0|2|0,150.0,-170.0,146.0,-166.0,,10.0,sbro,,,,,CCOLEMAN-R,JHAMMEL-R,,,,,,,,
2011,2011-04-16,STL,LOS,9.0,2.0,False,0|0|1|1|3|1|0|1|2,0|0|0|1|0|0|0|1|0,130.0,-150.0,132.0,-152.0,,6.5,sbro,,,,,KMCCLELLA-R,CKERSHAW-L,,,,,,,,
2011,2011-04-16,BAL,CLE,3.0,8.0,False,0|0|1|0|1|0|1|0|0,0|2|4|0|0|0|2|0|x,-106.0,-114.0,-105.0,-105.0,,8.5,sbro,,,,,JGUTHRIE-R,JTOMLIN-R,,,,,,,,
2011,2011-04-16,TEX,NYY,2.0,5.0,False,0|0|0|0|0|0|0|2|0,2|0|1|0|0|0|0|2|x,116.0,-136.0,103.0,-123.0,,9.5,sbro,,,,,DHOLLAND-L,FGARCIA-R,,,,,,,,
2011,2011-04-16,SEA,KAN,0.0,7.0,False,0|0|0|0|0|0|0|0|0,0|1|0|1|3|0|0|2|x,-138.0,118.0,-154.0,134.0,,7.5,sbro,,,,,FHERNANDZ-R,O'SULLIVAN-R,,,,,,,,
2011,2011-04-16,DET,OAK,2.0,6.0,False,0|1|0|0|0|0|0|0|1,0|0|0|3|0|1|0|2|x,-124.0,104.0,-122.0,102.0,,6.5,sbro,,,,,VERLANDER-R,DBRADEN-L,,,,,,,,
2011,2011-04-16,MIN,TAM,3.0,4.0,False,0|1|1|0|1|0|0|0|0,0|0|1|0|0|0|0|1|2,100.0,-120.0,110.0,-130.0,,8.5,sbro,,,,,SBAKER-R,JNIEMANN-R,,,,,,,,
2011,2011-04-16,LAA,CWS,7.0,2.0,False,0|1|2|0|0|3|1|0|0,0|0|0|0|1|0|0|0|1,150.0,-170.0,147.0,-167.0,,9.0,sbro,,,,,TCHATWOOD-R,GFLOYD-R,,,,,,,,
2011,2011-04-16,TOR,BOS,1.0,4.0,False,0|1|0|0|0|0|0|0|0,2|2|0|0|0|0|0|0|x,184.0,-214.0,180.0,-210.0,,9.0,sbro,,,,,JJREYES-L,JBECKETT-R,,,,,,,,
2011,2011-04-16,NYM,ATL,0.0,4.0,False,0|0|0|0|0|0|0|0|0,1|0|1|0|1|1|0|0|x,147.0,-167.0,150.0,-170.0,,8.5,sbro,,,,,MPELFREY-R,JJURRJENS-R,,,,,,,,
2011,2011-04-17,PIT,CIN,7.0,6.0,False,4|0|0|0|0|2|0|1|0,0|1|0|1|3|0|1|0|0,165.0,-185.0,148.0,-168.0,,9.0,sbro,,,,,JKARSTENS-R,EVOLQUEZ-R,,,,,,,,
2011,2011-04-17,MIL,WAS,4.0,8.0,False,1|0|0|1|0|0|0|0|2,0|0|0|1|3|3|0|1|x,-155.0,135.0,-136.0,116.0,,8.0,sbro,,,,,YGALLARDO-R,JMARQUIS-R,,,,,,,,
2011,2011-04-17,MIA,PHI,2.0,3.0,False,0|0|0|0|0|2|0|0|0,2|0|0|0|0|0|0|1|x,174.0,-204.0,156.0,-176.0,,8.5,sbro,,,,,ASANCHEZ-R,CHAMELS-L,,,,,,,,
2011,2011-04-17,NYM,ATL,3.0,2.0,False,2|0|0|0|1|0|0|0|0,0|1|0|0|0|0|0|1|0,160.0,-180.0,175.0,-195.0,,8.0,sbro,,,,,DGEE-R,THANSON-R,,,,,,,,
2011,2011-04-17,SDG,HOU,8.0,6.0,False,0|1|0|0|2|0|1|4|0,0|2|2|0|0|2|0|0|0,105.0,-125.0,-104.0,-116.0,,7.5,sbro,,,,,CRICHARD-L,BMYERS-R,,,,,,,,
2011,2011-04-17,CUB,COL,5.0,9.0,False,1|1|2|1|0|0|0|0|0,4|0|0|1|0|0|0|4|x,115.0,-135.0,-108.0,-112.0,,9.5,sbro,,,,,RDEMPSTER-R,AJOHNSON-R,,,,,,,,
2011,2011-04-17,SFO,ARI,5.0,6.0,False,0|0|0|1|0|4|0|0|0,0|0|3|0|1|0|0|1|0,-125.0,105.0,-108.0,-112.0,,10.0,sbro,,,,,MBUMGARNR-L,BENRIGHT-R,,,,,,,,
2011,2011-04-17,STL,LOS,1.0,2.0,False,0|0|0|0|0|0|0|0|1,0|0|0|0|0|0|0|0|2,-130.0,110.0,-121.0,101.0,,7.5,sbro,,,,,CARPENTER-R,BILLNGSLEY-R,,,,,,,,
2011,2011-04-17,TOR,BOS,1.0,8.0,False,0|1|0|0|0|0|0|0|0,0|4|0|0|0|2|0|2|x,200.0,-230.0,200.0,-230.0,,9.0,sbro,,,,,JLITSCH-R,JLESTER-L,,,,,,,,
2011,2011-04-17,BAL,CLE,2.0,4.0,False,0|0|0|1|0|0|1|0|0,0|1|1|1|0|1|0|0|x,120.0,-140.0,113.0,-133.0,,8.5,sbro,,,,,BBERGESEN-R,FCARMONA-R,,,,,,,,
2011,2011-04-17,MIN,TAM,4.0,2.0,False,0|0|0|1|3|0|0|0|0,0|0|1|1|0|0|0|0|0,108.0,-128.0,129.0,-149.0,,8.0,sbro,,,,,BDUENSING-L,JHELLICKS-R,,,,,,,,
2011,2011-04-17,LAA,CWS,4.0,2.0,False,1|0|1|1|0|1|0|0|0,0|0|0|0|0|0|2|0|0,-109.0,-111.0,-108.0,-112.0,,8.0,sbro,,,,,DHAREN-R,MBUEHRLE-L,,,,,,,,
2011,2011-04-17,SEA,KAN,3.0,2.0,False,0|0|0|0|0|1|2|0|0,0|0|0|0|1|0|0|0|1,115.0,-135.0,103.0,-123.0,,7.5,sbro,,,,,MPINEDA-R,JFRANCIS-L,,,,,,,,
2011,2011-04-17,DET,OAK,1.0,5.0,False,0|0|0|0|0|1|0|0|0,0|0|0|1|3|1|0|0|x,140.0,-160.0,134.0,-154.0,,8.0,sbro,,,,,BPENNY-R,TCAHILL-R,,,,,,,,
2011,2011-04-17,TEX,NYY,5.0,6.0,False,2|0|0|1|0|1|1|0|0,0|1|0|0|2|2|0|1|x,127.0,-147.0,145.0,-165.0,,8.5,sbro,,,,,AOGANDO-R,CSABATHIA-L,,,,,,,,
2011,2011-04-17,MIL,WAS,1.0,5.0,False,0|0|0|1|0|0|0|0|0,0|1|0|0|0|0|3|1|x,100.0,-120.0,-113.0,-107.0,,8.5,sbro,,,,,MESTRADA-R,LHERNADEZ-R,,,,,,,,
2011,2011-04-18,MIL,PHI,6.0,3.0,False,0|0|2|0|0|0|0|1|0,1|0|0|0|0|0|1|0|1,105.0,-125.0,-105.0,-115.0,,9.0,sbro,,,,,SMARCUM-R,JBLANTON-R,,,,,,,,
2011,2011-04-18,PIT,CIN,9.0,3.0,False,3|0|0|5|1|0|0|0|0,0|1|0|0|0|0|0|0|2,139.0,-159.0,150.0,-170.0,,8.5,sbro,,,,,KCORREIA-R,TWOOD-L,,,,,,,,
2011,2011-04-18,SDG,CUB,0.0,1.0,False,0|0|0|0|0|0|0|0|0,0|0|0|0|0|0|0|0|0,119.0,-139.0,115.0,-135.0,,7.0,sbro,,,,,TSTAUFFER-R,CZAMBRANO-R,,,,,,,,
2011,2011-04-18,SFO,COL,8.0,1.0,False,5|1|2|0|0|0|0|0|0,0|0|0|0|0|0|1|0|0,-130.0,110.0,-124.0,104.0,,8.5,sbro,,,,,TLINCECUM-R,EROGERS-R,,,,,,,,
2011,2011-04-18,ATL,LOS,2.0,4.0,False,0|0|0|0|0|0|0|0|2,3|0|1|0|0|0|0|0|x,-130.0,110.0,-115.0,-105.0,,7.0,sbro,,,,,THUDSON-R,TLILLY-L,,,,,,,,
2011,2011-04-18,TOR,BOS,1.0,9.0,False,0|0|0|0|0|0|0|0|1,2|0|1|0|2|3|1|0|x,107.0,-127.0,101.0,-121.0,,9.5,sbro,,,,,RROMERO-L,DMATSUZAK-R,,,,,,,,
2011,2011-04-18,CWS,TAM,0.0,5.0,False,0|0|0|0|0|0|0|0|0,3|0|0|0|1|0|0|1|x,100.0,-120.0,-104.0,-116.0,,7.5,sbro,,,,,EJACKSON-R,DPRICE-L,,,,,,,,
2011,2011-04-18,MIN,BAL,5.0,3.0,False,0|2|0|1|0|0|0|0|2,0|0|0|0|0|0|2|0|1,-107.0,-113.0,-112.0,-108.0,,8.5,sbro,,,,,FLIRIANO-L,CTILLMAN-R,,,,,,,,
2011,2011-04-18,LAA,TEX,1.0,7.0,False,0|0|0|0|0|0|1|0|0,0|0|0|2|4|0|0|1|x,113.0,-133.0,118.0,-138.0,,9.0,sbro,,,,,ESANTANA-R,CWILSON-L,,,,,,,,
2011,2011-04-18,CLE,KAN,7.0,3.0,False,1|0|1|0|0|0|1|0|0,0|1|0|0|0|2|0|0|0,-105.0,-105.0,-115.0,-105.0,,9.5,sbro,,,,,CCARRASCO-R,KDAVIES-R,,,,,,,,
2011,2011-04-18,DET,SEA,8.0,3.0,False,0|1|0|0|0|1|6|0|0,0|0|2|0|0|0|0|1|0,-113.0,-107.0,-121.0,101.0,,7.0,sbro,,,,,MSCHERZER-R,JVARGAS-L,,,,,,,,
2011,2011-04-19,MIL,PHI,9.0,0.0,False,0|1|1|0|0|1|6|0|0,0|0|0|0|0|0|0|0|0,190.0,-220.0,180.0,-210.0,,7.5,sbro,,,,,RWOLF-L,RHALLADAY-R,,,,,,,,
2011,2011-04-19,ARI,CIN,5.0,4.0,False,1|0|1|0|2|1|0|0|0,0|1|2|0|0|0|0|1|0,150.0,-170.0,132.0,-152.0,,9.5,sbro,,,,,AGALARRAG-R,SLECURE-R,,,,,,,,
2011,2011-04-19,PIT,MIA,0.0,6.0,False,0|0|0|0|0|0|0|0|0,0|2|0|4|0|0|0|0|x,170.0,-200.0,170.0,-200.0,,7.0,sbro,,,,,PMAHOLM-L,JJOHNSON-R,,,,,,,,
2011,2011-04-19,HOU,NYM,6.0,1.0,False,1|0|0|1|0|0|1|3|0,0|0|0|0|0|0|1|0|0,100.0,-120.0,118.0,-138.0,,7.5,sbro,,,,,WRODRIGEZ-L,JNIESE-L,,,,,,,,
2011,2011-04-19,SFO,COL,6.0,3.0,False,4|0|0|0|0|0|2|0|0,0|0|0|0|1|0|2|0|0,130.0,-150.0,122.0,-142.0,,8.5,sbro,,,,,JSANCHEZ-L,UJIMENEZ-R,,,,,,,,
2011,2011-04-19,ATL,LOS,10.0,1.0,False,0|0|0|0|0|1|1|0|8,0|0|0|0|0|0|1|0|0,105.0,-125.0,-107.0,-113.0,,7.0,sbro,,,,,BBEACHY-R,HKURODA-R,,,,,,,,
2011,2011-04-19,CWS,TAM,1.0,2.0,False,0|0|0|0|1|0|0|0|0,1|0|0|0|1|0|0|0|x,-115.0,-105.0,-105.0,-105.0,,7.5,sbro,,,,,JDANKS-L,JSHIELDS-R,,,,,,,,
2011,2011-04-19,MIN,BAL,0.0,11.0,False,0|0|0|0|0|0|0|0|0,0|3|0|1|4|0|0|3|x,-115.0,-105.0,-108.0,-112.0,,8.0,sbro,,,,,CPAVANO-R,JARRIETA-R,,,,,,,,
2011,2011-04-19,NYY,TOR,5.0,6.0,False,0|2|0|0|0|2|1|0|0,1|0|1|0|0|1|0|0|2,-105.0,-115.0,-113.0,-107.0,,9.0,sbro,,,,,ABURNETT-R,KDRABEK-R,,,,,,,,
2011,2011-04-19,LAA,TEX,15.0,4.0,False,0|1|0|2|1|4|5|1|1,0|0|1|0|0|0|1|0|2,150.0,-170.0,165.0,-185.0,,10.0,sbro,,,,,MPALMER-R,CLEWIS-R,,,,,,,,
2011,2011-04-19,CLE,KAN,4.0,5.0,False,0|0|0|0|0|0|2|1|1,0|0|2|1|2|0|0|0|x,115.0,-135.0,-101.0,-119.0,,9.0,sbro,,,,,JGOMEZ-R,BCHEN-L,,,,,,,,
2011,2011-04-19,BOS,OAK,0.0,5.0,False,0|0|0|0|0|0|0|0|0,1|0|0|0|0|0|0|4|x,115.0,-135.0,-104.0,-116.0,,7.5,sbro,,,,,JLACKEY-R,BANDERSON-L,,,,,,,,
2011,2011-04-19,DET,SEA,3.0,13.0,False,0|1|0|0|0|0|1|1|0,4|0|0|2|0|0|5|2|x,-120.0,100.0,-114.0,-106.0,,7.0,sbro,,,,,PCOKE-L,DFISTER-R,,,,,,,,
2011,2011-04-20,MIL,PHI,3.0,4.0,False,1|0|1|1|0|0|0|0|0,0|0|0|0|0|3|0|1|x,178.0,-198.0,180.0,-210.0,,7.5,sbro,,,,,CNARVESON-L,CLEE-L,,,,,,,,
2011,2011-04-20,SDG,CUB,1.0,2.0,False,0|0|0|0|0|0|0|0|1,0|0|1|0|0|0|0|0|0,120.0,-140.0,132.0,-152.0,,7.5,sbro,,,,,DMOSELEY-R,MGARZA-R,,,,,,,,
2011,2011-04-20,SFO,COL,2.0,10.0,False,1|0|0|0|0|1|0|0|0,0|4|0|0|2|0|4|0|x,-102.0,-118.0,-108.0,-112.0,,8.0,sbro,,,,,MCAIN-R,DELAROSA-L,,,,,,,,
2011,2011-04-20,ARI,CIN,3.0,1.0,False,1|1|0|0|0|0|1|0|0,0|0|0|0|0|1|0|0|0,125.0,-145.0,130.0,-150.0,,9.0,sbro,,,,,IKENNEDY-R,BARROYO-R,,,,,,,,
2011,2011-04-20,PIT,MIA,0.0,6.0,False,0|0|0|0|0|0|0|0|0,0|4|2|0|0|0|0|0|x,132.0,-152.0,126.0,-146.0,,8.0,sbro,,,,,CMORTON-R,RNOLASCO-R,,,,,,,,
2011,2011-04-20,HOU,NYM,4.0,3.0,False,0|3|0|0|0|0|0|1|0,0|0|1|0|0|2|0|0|0,118.0,-138.0,128.0,-148.0,,7.5,sbro,,,,,BNORRIS-R,RDICKEY-R,,,,,,,,
2011,2011-04-20,WAS,STL,3.0,5.0,False,0|0|0|1|2|0|0|0|0,0|0|1|2|2|0|0|0|x,144.0,-164.0,142.0,-162.0,,7.5,sbro,,,,,JZIMMERMN-R,JGARCIA-L,,,,,,,,
2011,2011-04-20,ATL,LOS,1.0,6.0,False,0|0|1|0|0|0|0|0|0,2|3|0|1|0|0|0|0|x,-140.0,120.0,-130.0,110.0,,7.0,sbro,,,,,DLOWE-R,JGARLAND-R,,,,,,,,
2011,2011-04-20,BOS,OAK,5.0,3.0,False,0|1|0|1|0|2|1|0|0,1|0|0|0|0|0|0|1|1,-103.0,-117.0,-105.0,-105.0,,7.5,sbro,,,,,CBUCHHOLZ-R,GGONZALEZ-L,,,,,,,,
2011,2011-04-20,DET,SEA,3.0,2.0,False,1|0|1|0|1|0|0|0|0,0|0|1|0|0|0|0|0|1,-108.0,-112.0,-105.0,-105.0,,7.5,sbro,,,,,RPORCELLO-R,EBEDARD-L,,,,,,,,
2011,2011-04-20,CWS,TAM,1.0,4.0,False,0|0|0|0|0|1|0|0|0,0|2|0|1|1|0|0|0|x,102.0,-122.0,111.0,-131.0,,8.5,sbro,,,,,PHUMBER-R,WDAVIS-R,,,,,,,,
2011,2011-04-20,NYY,TOR,6.0,2.0,False,1|2|0|0|2|0|0|0|1,0|1|0|0|0|0|1|0|0,-116.0,-104.0,-120.0,100.0,,9.5,sbro,,,,,BCOLON-R,BCECIL-L,,,,,,,,
2011,2011-04-20,MIN,BAL,4.0,5.0,False,0|1|0|0|0|2|0|1|0,0|4|1|0|0|0|0|0|x,-102.0,-118.0,122.0,-142.0,,8.5,sbro,,,,,NBLACKBUR-R,ZBRITTON-L,,,,,,,,
2011,2011-04-20,LAA,TEX,4.0,1.0,False,0|0|0|1|1|0|1|1|0,0|0|0|0|0|1|0|0|0,-110.0,-110.0,-114.0,-106.0,,8.0,sbro,,,,,JERWEAVER-R,MHARRISON-L,,,,,,,,
2011,2011-04-20,CLE,KAN,7.0,5.0,False,0|0|0|0|0|4|2|0|1,2|0|0|0|0|0|0|0|3,-114.0,-106.0,-106.0,-114.0,,8.5,sbro,,,,,MASTERSON-R,LHOCHEVAR-R,,,,,,,,
2011,2011-04-20,SDG,CUB,5.0,4.0,False,0|2|0|1|1|1|0|0|0,0|0|0|0|2|0|0|2|0,-110.0,-110.0,-118.0,-102.0,,8.5,sbro,,,,,AHARANG-R,JRUSSELL-L,,,,,,,,
2011,2011-04-20,WAS,STL,8.0,6.0,False,1|0|6|0|0|0|0|1|0,0|0|1|0|1|3|0|1|0,125.0,-145.0,126.0,-146.0,,8.5,sbro,,,,,JLANNAN-L,WESTBROOK-R,,,,,,,,
2011,2011-04-21,ARI,CIN,4.0,7.0,False,1|1|0|0|1|0|0|0|1,4|0|0|0|1|2|0|0|x,110.0,-130.0,105.0,-125.0,,8.5,sbro,,,,,DHUDSON-R,MLEAKE-R,,,,,,,,
2011,2011-04-21,WAS,STL,0.0,5.0,False,0|0|0|0|0|0|0|0|0,2|0|0|0|0|0|0|3|x,145.0,-165.0,140.0,-160.0,,8.0,sbro,,,,,GORZELANNY-L,KLOHSE-R,,,,,,,,
2011,2011-04-21,ATL,LOS,3.0,5.0,False,0|0|0|0|1|0|0|0|2,0|0|0|0|0|1|1|0|1,115.0,-135.0,123.0,-143.0,,6.5,sbro,,,,,JJURRJENS-R,CKERSHAW-L,,,,,,,,
2011,2011-04-21,HOU,NYM,1.0,9.0,False,0|0|0|0|0|0|1|0|0,0|0|1|3|2|0|0|3|x,100.0,-120.0,115.0,-135.0,,7.5,sbro,,,,,JHAPP-L,CCAPUANO-L,,,,,,,,
2011,2011-04-21,PIT,MIA,5.0,9.0,False,0|1|0|0|1|3|0|0|0,0|5|3|0|1|0|0|0|x,125.0,-145.0,121.0,-141.0,,8.5,sbro,,,,,JMCDONALD-R,CVOLSTAD-R,,,,,,,,
2011,2011-04-21,PHI,SDG,3.0,0.0,False,0|2|1|0|0|0|0|0|0,0|0|0|0|0|0|0|0|0,-130.0,110.0,-113.0,-107.0,,6.0,sbro,,,,,ROSWALT-R,MLATOS-R,,,,,,,,
2011,2011-04-21,CWS,TAM,9.0,2.0,False,1|0|4|0|1|2|0|1|0,0|0|0|2|0|0|0|0|0,-120.0,100.0,-105.0,-105.0,,8.0,sbro,,,,,GFLOYD-R,JNIEMANN-R,,,,,,,,
2011,2011-04-21,MIN,BAL,3.0,1.0,False,0|1|0|0|0|1|0|1|0,0|0|0|0|0|0|0|1|0,125.0,-145.0,116.0,-136.0,,8.0,sbro,,,,,SBAKER-R,JGUTHRIE-R,,,,,,,,
2011,2011-04-21,CLE,KAN,2.0,3.0,False,0|0|0|0|2|0|0|0|0,0|0|0|0|0|0|0|1|2,-125.0,105.0,-118.0,-102.0,,9.0,sbro,,,,,JTOMLIN-R,O'SULLIVAN-R,,,,,,,,
2011,2011-04-21,BOS,LAA,4.0,2.0,False,0|0|0|0|0|2|0|0|0,0|0|0|0|0|0|2|0|0,-150.0,130.0,-152.0,132.0,,8.0,sbro,,,,,JBECKETT-R,TCHATWOOD-R,,,,,,,,
2011,2011-04-21,OAK,SEA,0.0,1.0,False,0|0|0|0|0|0|0|0|0,0|0|0|1|0|0|0|0|x,135.0,-155.0,126.0,-146.0,,6.5,sbro,,,,,BMCCARTHY-R,FHERNANDZ-R,,,,,,,,
2011,2011-04-22,LOS,CUB,12.0,2.0,False,0|0|6|2|0|1|0|0|3,0|0|0|1|0|0|1|0|0,-120.0,100.0,-110.0,-110.0,,8.0,sbro,,,,,BILLNGSLEY-R,CCOLEMAN-R,,,,,,,,
2011,2011-04-22,COL,MIA,1.0,4.0,False,1|0|0|0|0|0|0|0|0,1|2|1|0|0|0|0|0|x,-120.0,100.0,-110.0,-110.0,,8.5,sbro,,,,,JCHACIN-R,ASANCHEZ-R,,,,,,,,
2011,2011-04-22,ARI,NYM,1.0,4.0,False,0|0|1|0|0|0|0|0|0,0|0|0|0|0|0|2|2|x,100.0,-120.0,102.0,-122.0,,8.5,sbro,,,,,JSAUNDERS-L,MPELFREY-R,,,,,,,,
2011,2011-04-22,HOU,MIL,7.0,14.0,False,0|0|2|1|1|0|2|1|0,0|1|3|1|2|4|3|0|x,180.0,-210.0,170.0,-200.0,,8.5,sbro,,,,,NFIGUEROA-R,YGALLARDO-R,,,,,,,,
2011,2011-04-22,CIN,STL,2.0,4.0,False,0|0|0|0|1|0|1|0|0,1|1|1|0|1|0|0|0|x,120.0,-140.0,-108.0,-112.0,,8.5,sbro,,,,,MMALONEY-L,MBATISTA-R,,,,,,,,
2011,2011-04-22,PHI,SDG,2.0,0.0,False,0|0|2|0|0|0|0|0|0,0|0|0|0|0|0|0|0|0,-130.0,110.0,-135.0,115.0,,6.5,sbro,,,,,CHAMELS-L,CRICHARD-L,,,,,,,,
2011,2011-04-22,ATL,SFO,4.0,1.0,False,0|0|4|0|0|0|0|0|0,0|0|0|0|0|0|1|0|0,-110.0,-110.0,-105.0,-105.0,,7.5,sbro,,,,,THANSON-R,MBUMGARNR-L,,,,,,,,
2011,2011-04-22,CWS,DET,3.0,9.0,False,0|0|0|1|0|0|2|0|0,0|2|2|1|0|1|0|3|x,130.0,-150.0,143.0,-163.0,,7.5,sbro,,,,,MBUEHRLE-L,VERLANDER-R,,,,,,,,
2011,2011-04-22,TAM,TOR,4.0,6.0,False,1|0|1|0|2|0|0|0|0,1|0|0|1|1|0|0|1|0,-120.0,100.0,-109.0,-111.0,,9.0,sbro,,,,,JHELLICKS-R,JJREYES-L,,,,,,,,
2011,2011-04-22,KAN,TEX,6.0,11.0,False,0|0|0|5|0|0|0|1|0,1|0|4|1|2|1|2|0|x,140.0,-160.0,152.0,-172.0,,9.0,sbro,,,,,JFRANCIS-L,DHOLLAND-L,,,,,,,,
2011,2011-04-22,BOS,LAA,4.0,3.0,False,0|0|1|2|0|1|0|0|0,0|0|0|0|0|0|1|2|0,-110.0,-110.0,-114.0,-106.0,,7.0,sbro,,,,,JLESTER-L,DHAREN-R,,,,,,,,
2011,2011-04-22,OAK,SEA,0.0,4.0,False,0|0|0|0|0|0|0|0|0,0|1|0|0|3|0|0|0|x,110.0,-130.0,110.0,-130.0,,7.0,sbro,,,,,TROSS-R,MPINEDA-R,,,,,,,,
2011,2011-04-23,LOS,CUB,8.0,10.0,False,0|0|1|0|3|3|1|0|0,1|0|1|3|0|0|0|5|x,-106.0,-114.0,102.0,-122.0,,9.5,sbro,,,,,TLILLY-L,RDEMPSTER-R,,,,,,,,
2011,2011-04-23,ARI,NYM,4.0,6.0,False,1|0|0|2|0|1|0|0|0,2|0|2|0|0|1|0|1|x,103.0,-123.0,108.0,-128.0,,8.5,sbro,,,,,BENRIGHT-R,DGEE-R,,,,,,,,
2011,2011-04-23,CIN,STL,5.0,3.0,False,0|0|0|0|0|2|0|3|0,0|1|1|0|0|1|0|0|0,130.0,-150.0,140.0,-160.0,,7.5,sbro,,,,,TWOOD-L,CARPENTER-R,,,,,,,,
2011,2011-04-23,ATL,SFO,5.0,2.0,False,0|0|1|0|1|0|3|0|0,0|1|0|0|0|0|0|0|1,120.0,-140.0,140.0,-160.0,,6.0,sbro,,,,,THUDSON-R,TLINCECUM-R,,,,,,,,
2011,2011-04-23,WAS,PIT,2.0,7.0,False,0|1|0|1|0|0|0|0|0,5|1|0|0|0|1|0|0|x,112.0,-132.0,-106.0,-114.0,,8.5,sbro,,,,,LHERNADEZ-R,JKARSTENS-R,,,,,,,,
2011,2011-04-23,HOU,MIL,9.0,6.0,False,3|0|1|0|0|0|2|0|0,0|1|2|0|0|0|2|0|1,140.0,-160.0,146.0,-166.0,,7.5,sbro,,,,,BMYERS-R,SMARCUM-R,,,,,,,,
2011,2011-04-23,COL,MIA,3.0,1.0,False,1|0|0|0|0|2|0|0|0,0|0|1|0|0|0|0|0|0,-112.0,-108.0,-108.0,-112.0,,8.5,sbro,,,,,JHAMMEL-R,JVAZQUEZ-R,,,,,,,,
2011,2011-04-23,PHI,SDG,4.0,2.0,False,0|0|0|1|0|1|0|0|0,1|0|0|0|1|0|0|0|0,-113.0,-107.0,-109.0,-111.0,,7.0,sbro,,,,,JBLANTON-R,TSTAUFFER-R,,,,,,,,
2011,2011-04-23,TAM,TOR,6.0,4.0,False,2|0|0|0|0|3|1|0|0,1|0|0|1|0|0|0|0|2,-126.0,106.0,-130.0,110.0,,7.5,sbro,,,,,DPRICE-L,BMORROW-R,,,,,,,,
2011,2011-04-23,CLE,MIN,3.0,10.0,False,0|0|0|1|0|0|0|2|0,0|0|3|0|3|2|2|0|x,107.0,-127.0,100.0,-120.0,,8.0,sbro,,,,,FCARMONA-R,BDUENSING-L,,,,,,,,
2011,2011-04-23,CWS,DET,0.0,9.0,False,0|0|0|0|0|0|0|0|0,0|0|0|5|0|3|0|1|x,-121.0,101.0,-116.0,-104.0,,9.0,sbro,,,,,EJACKSON-R,BPENNY-R,,,,,,,,
2011,2011-04-23,NYY,BAL,15.0,3.0,False,3|0|0|0|0|3|0|7|2,0|0|0|0|0|0|3|0|0,-127.0,107.0,-180.0,160.0,,9.0,sbro,,,,,CSABATHIA-L,BBERGESEN-R,,,,,,,,
2011,2011-04-23,KAN,TEX,1.0,3.0,False,0|0|0|0|0|0|1|0|0,0|1|2|0|0|0|0|0|x,180.0,-210.0,180.0,-210.0,,9.5,sbro,,,,,KDAVIES-R,AOGANDO-R,,,,,,,,
2011,2011-04-23,BOS,LAA,5.0,0.0,False,0|1|1|0|2|1|0|0|0,0|0|0|0|0|0|0|0|0,-106.0,-114.0,-110.0,-110.0,,9.0,sbro,,,,,DMATSUZAK-R,ESANTANA-R,,,,,,,,
2011,2011-04-23,OAK,SEA,9.0,1.0,False,0|0|1|3|0|5|0|0|0,0|1|0|0|0|0|0|0|0,-122.0,102.0,-125.0,105.0,,6.5,sbro,,,,,TCAHILL-R,JVARGAS-L,,,,,,,,
2011,2011-04-24,COL,MIA,3.0,6.0,False,0|0|0|0|0|1|0|2|0,0|0|0|0|3|0|0|3|x,125.0,-145.0,124.0,-144.0,,6.5,sbro,,,,,UJIMENEZ-R,JJOHNSON-R,,,,,,,,
2011,2011-04-24,ARI,NYM,4.0,8.0,False,0|0|0|1|0|1|1|1|0,2|0|4|2|0|0|0|0|x,100.0,-120.0,115.0,-135.0,,8.5,sbro,,,,,AGALARRAG-R,JNIESE-L,,,,,,,,
2011,2011-04-24,WAS,PIT,6.0,3.0,False,0|0|4|0|1|0|0|1|0,1|0|0|2|0|0|0|0|0,125.0,-145.0,107.0,-127.0,,8.0,sbro,,,,,JMARQUIS-R,KCORREIA-R,,,,,,,,
2011,2011-04-24,HOU,MIL,1.0,4.0,False,0|0|0|0|0|0|0|1|0,0|1|3|0|0|0|0|0|x,125.0,-145.0,137.0,-157.0,,8.5,sbro,,,,,WRODRIGEZ-L,RWOLF-L,,,,,,,,
2011,2011-04-24,LOS,CUB,7.0,3.0,False,5|0|1|0|0|1|0|0|0,2|0|0|0|0|0|1|0|0,101.0,-121.0,-107.0,-113.0,,7.0,sbro,,,,,HKURODA-R,CZAMBRANO-R,,,,,,,,
2011,2011-04-24,PHI,SDG,3.0,1.0,False,0|0|0|0|0|2|1|0|0,0|0|0|0|0|0|0|0|1,-210.0,180.0,-178.0,158.0,,6.5,sbro,,,,,RHALLADAY-R,WLEBLANC-L,,,,,,,,
2011,2011-04-24,ATL,SFO,9.0,6.0,False,2|0|0|0|0|0|3|1|0,0|0|0|2|0|0|4|0|0,110.0,-130.0,109.0,-129.0,,7.5,sbro,,,,,BBEACHY-R,JSANCHEZ-L,,,,,,,,
2011,2011-04-24,CIN,STL,0.0,3.0,False,0|0|0|0|0|0|0|0|0,0|0|0|0|0|3|0|0|x,-102.0,-118.0,-106.0,-114.0,,8.5,sbro,,,,,UNDECIDED,WESTBROOK-R,,,,,,,,
2011,2011-04-24,CWS,DET,0.0,3.0,False,0|0|0|0|0|0|0|0|0,0|0|0|1|0|2|0|0|x,-102.0,-118.0,-101.0,-119.0,,8.0,sbro,,,,,JDANKS-L,MSCHERZER-R,,,,,,,,
2011,2011-04-24,TAM,TOR,2.0,0.0,False,2|0|0|0|0|0|0|0|0,0|0|0|0|0|0|0|0|0,110.0,-130.0,117.0,-137.0,,8.0,sbro,,,,,JSHIELDS-R,RROMERO-L,,,,,,,,
2011,2011-04-24,NYY,BAL,6.0,3.0,False,2|0|0|0|1|0|0|0|0,0|0|0|0|0|0|2|0|1,-135.0,115.0,-130.0,110.0,,9.5,sbro,,,,,FGARCIA-R,JARRIETA-R,,,,,,,,
2011,2011-04-24,CLE,MIN,3.0,4.0,False,0|0|0|3|0|0|0|0|0,0|0|2|0|0|0|2|0|x,105.0,-125.0,108.0,-128.0,,8.5,sbro,,,,,CCARRASCO-R,CPAVANO-R,,,,,,,,
2011,2011-04-24,KAN,TEX,7.0,8.0,False,0|0|0|1|1|0|2|0|3,0|1|0|1|6|0|0|0|x,170.0,-200.0,170.0,-200.0,,9.0,sbro,,,,,BCHEN-L,CWILSON-L,,,,,,,,
2011,2011-04-24,BOS,LAA,7.0,0.0,False,3|0|0|0|1|2|1|0|0,0|0|0|0|0|0|0|0|0,-130.0,110.0,-130.0,110.0,,9.0,sbro,,,,,JLACKEY-R,MPALMER-R,,,,,,,,
2011,2011-04-24,OAK,SEA,5.0,2.0,False,1|0|0|0|0|0|2|0|2,1|0|0|0|0|0|1|0|0,-135.0,115.0,-135.0,115.0,,6.5,sbro,,,,,BANDERSON-L,DFISTER-R,,,,,,,,
2011,2011-04-25,LOS,MIA,4.0,5.0,False,0|0|0|1|0|0|2|1|0,0|0|1|0|0|1|0|1|2,120.0,-140.0,123.0,-143.0,,7.5,sbro,,,,,JGARLAND-R,RNOLASCO-R,,,,,,,,
2011,2011-04-25,COL,CUB,5.0,3.0,False,0|3|0|0|2|0|0|0|0,3|0|0|0|0|0|0|0|0,101.0,-121.0,109.0,-129.0,,7.0,sbro,,,,,EROGERS-R,MGARZA-R,,,,,,,,
2011,2011-04-25,CIN,MIL,9.0,5.0,False,0|1|6|0|0|0|0|0|2,0|0|0|0|1|0|1|1|2,105.0,-125.0,109.0,-129.0,,8.5,sbro,,,,,BARROYO-R,CNARVESON-L,,,,,,,,
2011,2011-04-25,PHI,ARI,0.0,4.0,False,0|0|0|0|0|0|0|0|0,0|0|2|0|1|1|0|0|x,-147.0,127.0,-140.0,120.0,,8.5,sbro,,,,,CLEE-L,IKENNEDY-R,,,,,,,,
2011,2011-04-25,ATL,SDG,3.0,5.0,False,1|0|0|0|2|0|0|0|0,0|1|1|0|0|0|1|0|0,-117.0,-103.0,-132.0,112.0,,7.0,sbro,,,,,DLOWE-R,DMOSELEY-R,,,,,,,,
2011,2011-04-25,CWS,NYY,2.0,0.0,False,0|0|0|1|0|0|0|0|1,0|0|0|0|0|0|0|0|0,158.0,-178.0,175.0,-195.0,,10.0,sbro,,,,,PHUMBER-R,ABURNETT-R,,,,,,,,
2011,2011-04-25,TOR,TEX,6.0,4.0,False,0|0|0|0|6|0|0|0|0,0|0|0|0|1|2|0|0|1,122.0,-142.0,127.0,-147.0,,9.5,sbro,,,,,KDRABEK-R,CLEWIS-R,,,,,,,,
2011,2011-04-25,OAK,LAA,0.0,5.0,False,0|0|0|0|0|0|0|0|0,0|2|1|2|0|0|0|0|x,140.0,-160.0,129.0,-149.0,,6.5,sbro,,,,,GGONZALEZ-L,JERWEAVER-R,,,,,,,,
2011,2011-04-25,WAS,PIT,2.0,4.0,False,2|0|0|0|0|0|0|0|0,0|0|0|4|0|0|0|0|x,-102.0,-118.0,104.0,-124.0,,8.0,sbro,,,,,JLANNAN-L,PMAHOLM-L,,,,,,,,
2011,2011-04-26,NYM,WAS,6.0,4.0,False,0|2|1|0|0|2|0|0|1,0|1|0|2|0|0|0|1|0,-102.0,-118.0,-109.0,-111.0,,7.5,sbro,,,,,CYOUNG-R,JZIMMERMN-R,,,,,,,,
2011,2011-04-26,SFO,PIT,3.0,2.0,False,0|0|0|0|0|1|0|1|0,0|1|0|0|0|1|0|0|0,-136.0,116.0,-125.0,105.0,,7.5,sbro,,,,,MCAIN-R,CMORTON-R,,,,,,,,
2011,2011-04-26,LOS,MIA,2.0,4.0,False,1|0|0|1|0|0|0|0|0,0|1|0|1|0|2|0|0|x,-138.0,118.0,-132.0,112.0,,7.5,sbro,,,,,CKERSHAW-L,CVOLSTAD-R,,,,,,,,
2011,2011-04-26,COL,CUB,4.0,3.0,False,1|0|1|1|1|0|0|0|0,2|0|0|0|0|0|0|0|1,-135.0,115.0,-132.0,112.0,,12.5,sbro,,,,,DELAROSA-L,JRUSSELL-L,,,,,,,,
2011,2011-04-26,STL,HOU,5.0,6.0,False,0|0|0|3|0|0|0|1|1,0|0|0|1|0|3|0|0|2,-130.0,110.0,-126.0,106.0,,7.5,sbro,,,,,JGARCIA-L,BNORRIS-R,,,,,,,,
2011,2011-04-26,CIN,MIL,2.0,3.0,False,0|0|0|2|0|0|0|0|0,0|1|0|1|0|0|0|1|x,-112.0,-108.0,-106.0,-114.0,,8.5,sbro,,,,,MLEAKE-R,MESTRADA-R,,,,,,,,
2011,2011-04-26,PHI,ARI,5.0,7.0,False,1|0|1|0|0|1|0|0|2,0|3|2|0|0|1|1|0|x,-133.0,113.0,-116.0,-104.0,,8.0,sbro,,,,,ROSWALT-R,DHUDSON-R,,,,,,,,
2011,2011-04-26,ATL,SDG,8.0,2.0,False,2|1|0|0|0|5|0|0|0,0|0|0|1|0|0|0|0|1,-125.0,105.0,-115.0,-105.0,,6.5,sbro,,,,,JJURRJENS-R,AHARANG-R,,,,,,,,
2011,2011-04-26,SEA,DET,7.0,3.0,False,0|1|0|2|4|0|0|0|0,1|0|0|2|0|0|0|0|0,-120.0,100.0,-113.0,-107.0,,7.0,sbro,,,,,FHERNANDZ-R,PCOKE-L,,,,,,,,
2011,2011-04-26,KAN,CLE,4.0,9.0,False,0|0|0|2|0|1|0|0|1,1|0|1|0|2|0|3|2|x,145.0,-165.0,133.0,-153.0,,8.5,sbro,,,,,LHOCHEVAR-R,MASTERSON-R,,,,,,,,
2011,2011-04-26,CWS,NYY,3.0,2.0,False,0|0|0|0|1|0|0|2|0,0|1|0|0|1|0|0|0|0,130.0,-150.0,113.0,-133.0,,10.0,sbro,,,,,GFLOYD-R,INOVA-R,,,,,,,,
2011,2011-04-26,BOS,BAL,1.0,4.0,False,0|0|0|1|0|0|0|0|0,0|1|1|0|1|0|1|0|x,-130.0,110.0,-128.0,108.0,,9.0,sbro,,,,,CBUCHHOLZ-R,ZBRITTON-L,,,,,,,,
2011,2011-04-26,TOR,TEX,10.0,3.0,False,5|0|2|3|0|0|0|0|0,0|3|0|0|0|0|0|0|0,155.0,-175.0,155.0,-175.0,,9.5,sbro,,,,,JLITSCH-R,MHARRISON-L,,,,,,,,
2011,2011-04-26,OAK,LAA,3.0,8.0,False,0|0|3|0|0|0|0|0|0,0|2|3|0|2|0|0|1|x,-110.0,-110.0,-114.0,-106.0,,7.5,sbro,,,,,BMCCARTHY-R,TCHATWOOD-R,,,,,,,,
2011,2011-04-27,LOS,MIA,5.0,4.0,False,0|0|0|3|0|0|1|0|0,0|4|0|0|0|0|0|0|0,-102.0,-118.0,-103.0,-117.0,,7.5,sbro,,,,,BILLNGSLEY-R,ASANCHEZ-R,,,,,,,,
2011,2011-04-27,CIN,MIL,7.0,6.0,False,4|0|0|0|0|2|0|0|0,0|0|2|1|1|2|0|0|0,115.0,-135.0,122.0,-142.0,,8.0,sbro,,,,,SLECURE-R,YGALLARDO-R,,,,,,,,
2011,2011-04-27,ATL,SDG,7.0,0.0,False,1|5|0|0|0|0|0|0|1,0|0|0|0|0|0|0|0|0,-108.0,-112.0,-112.0,-108.0,,6.0,sbro,,,,,THANSON-R,MLATOS-R,,,,,,,,
2011,2011-04-27,PHI,ARI,8.0,4.0,False,3|1|0|0|2|0|1|0|1,0|1|0|0|0|2|0|1|0,-150.0,130.0,-142.0,122.0,,9.0,sbro,,,,,CHAMELS-L,JSAUNDERS-L,,,,,,,,
2011,2011-04-27,NYM,WAS,6.0,3.0,False,0|0|1|0|0|0|0|1|4,0|0|0|1|1|0|0|1|0,-106.0,-114.0,-107.0,-113.0,,8.5,sbro,,,,,RDICKEY-R,GORZELANNY-L,,,,,,,,
2011,2011-04-27,SFO,PIT,0.0,2.0,False,0|0|0|0|0|0|0|0|0,0|1|0|0|0|0|1|0|x,-120.0,100.0,-113.0,-107.0,,8.5,sbro,,,,,MBUMGARNR-L,JMCDONALD-R,,,,,,,,
2011,2011-04-27,STL,HOU,6.0,5.0,False,0|0|0|1|1|0|4|0|0,0|0|0|0|0|0|0|3|2,-118.0,-102.0,-137.0,117.0,,8.5,sbro,,,,,KLOHSE-R,JHAPP-L,,,,,,,,
2011,2011-04-27,SEA,DET,10.0,1.0,False,3|0|0|0|1|0|0|0|6,1|0|0|0|0|0|0|0|0,180.0,-210.0,180.0,-210.0,,7.5,sbro,,,,,EBEDARD-L,VERLANDER-R,,,,,,,,
2011,2011-04-27,OAK,LAA,2.0,1.0,False,0|0|1|0|0|0|0|0|0,0|0|0|0|0|0|0|0|1,150.0,-170.0,145.0,-165.0,,7.5,sbro,,,,,TROSS-R,DHAREN-R,,,,,,,,
2011,2011-04-27,KAN,CLE,2.0,7.0,False,0|2|0|0|0|0|0|0|0,5|0|1|0|0|1|0|0|x,115.0,-135.0,115.0,-135.0,,8.5,sbro,,,,,JFRANCIS-L,JTOMLIN-R,,,,,,,,
2011,2011-04-27,CWS,NYY,1.0,3.0,False,0|0|0|0|0|1|0|0|0,3|0|0|0|0|0|0|0|x,130.0,-150.0,147.0,-167.0,,9.5,sbro,,,,,MBUEHRLE-L,BCOLON-R,,,,,,,,
2011,2011-04-27,BOS,BAL,4.0,5.0,False,0|0|0|0|0|0|0|4|0,0|0|0|3|1|0|0|1|x,-150.0,130.0,-135.0,115.0,,8.0,sbro,,,,,JBECKETT-R,JGUTHRIE-R,,,,,,,,
2011,2011-04-27,TOR,TEX,6.0,7.0,False,0|0|2|3|0|0|1|0|0,0|0|6|0|0|0|1|0|x,150.0,-170.0,150.0,-170.0,,9.5,sbro,,,,,JJREYES-L,DHOLLAND-L,,,,,,,,
2011,2011-04-27,TAM,MIN,8.0,2.0,False,4|0|0|3|0|0|1|0|0,0|0|1|0|0|0|1|0|0,108.0,-128.0,109.0,-129.0,,7.5,sbro,,,,,WDAVIS-R,FLIRIANO-L,,,,,,,,
2011,2011-04-28,SFO,PIT,5.0,2.0,False,0|0|4|0|0|0|1|0|0,1|0|0|0|0|1|0|0|0,-113.0,-107.0,-108.0,-112.0,,8.5,sbro,,,,,VOGELSONG-R,JKARSTENS-R,,,,,,,,
2011,2011-04-28,NYM,WAS,3.0,4.0,False,0|0|0|1|1|1|0|0|0,0|0|1|2|1|0|0|0|x,100.0,-120.0,-108.0,-112.0,,8.0,sbro,,,,,CCAPUANO-L,LHERNADEZ-R,,,,,,,,
2011,2011-04-28,STL,HOU,11.0,7.0,False,0|0|0|0|1|9|0|0|1,0|2|1|0|1|1|0|2|0,-140.0,120.0,-152.0,132.0,,9.0,sbro,,,,,KMCCLELLA-R,NFIGUEROA-R,,,,,,,,
2011,2011-04-28,CUB,ARI,2.0,11.0,False,0|0|1|0|0|0|1|0|0,7|1|2|0|0|0|1|0|x,-114.0,-106.0,-105.0,-105.0,,10.0,sbro,,,,,RDEMPSTER-R,BENRIGHT-R,,,,,,,,
2011,2011-04-28,SEA,DET,7.0,2.0,False,0|0|2|1|0|1|0|3|0,0|2|0|0|0|0|0|0|0,-110.0,-110.0,-101.0,-119.0,,8.0,sbro,,,,,MPINEDA-R,BPENNY-R,,,,,,,,
2011,2011-04-28,CWS,NYY,3.0,12.0,False,0|0|0|0|0|0|3|0|0,0|0|2|0|6|1|3|0|x,171.0,-191.0,170.0,-200.0,,8.5,sbro,,,,,EJACKSON-R,CSABATHIA-L,,,,,,,,
2011,2011-04-28,TAM,MIN,15.0,3.0,False,2|1|2|2|0|3|3|0|2,0|0|0|1|0|0|2|0|0,-107.0,-113.0,-109.0,-111.0,,8.0,sbro,,,,,JHELLICKS-R,NBLACKBUR-R,,,,,,,,
2011,2011-04-28,TOR,TEX,5.0,2.0,False,2|0|0|0|0|0|0|0|3,1|0|1|0|0|0|0|0|0,142.0,-162.0,123.0,-143.0,,8.5,sbro,,,,,BMORROW-R,AOGANDO-R,,,,,,,,
2011,2011-04-28,BOS,BAL,6.0,2.0,False,1|0|1|0|0|0|1|3|0,1|0|0|0|0|1|0|0|0,-176.0,156.0,-183.0,163.0,,8.5,sbro,,,,,JLESTER-L,BBERGESEN-R,,,,,,,,
2011,2011-04-28,KAN,CLE,2.0,8.0,False,0|0|0|0|0|0|2|0|0,2|0|1|5|0|0|0|0|x,140.0,-160.0,134.0,-154.0,,9.0,sbro,,,,,KDAVIES-R,FCARMONA-R,,,,,,,,
2011,2011-04-28,TAM,MIN,6.0,1.0,False,0|2|0|1|0|2|0|1|0,0|0|0|0|0|0|1|0|0,-105.0,-115.0,-108.0,-112.0,,9.0,sbro,,,,,JNIEMANN-R,ASWARZAK-R,,,,,,,,
2011,2011-04-29,NYM,PHI,3.0,10.0,False,0|0|0|0|0|0|0|0|3,0|0|0|2|2|4|2|0|x,132.0,-152.0,122.0,-142.0,,9.0,sbro,,,,,MPELFREY-R,VWORLEY-R,,,,,,,,
2011,2011-04-29,SFO,WAS,0.0,3.0,False,0|0|0|0|0|0|0|0|0,0|2|0|0|1|0|0|0|x,-175.0,155.0,-156.0,136.0,,6.5,sbro,,,,,TLINCECUM-R,JMARQUIS-R,,,,,,,,
2011,2011-04-29,MIA,CIN,7.0,6.0,False,5|0|0|2|0|0|0|0|0,1|0|0|3|0|0|0|0|2,135.0,-155.0,122.0,-142.0,,8.5,sbro,,,,,JVAZQUEZ-R,TWOOD-L,,,,,,,,
2011,2011-04-29,STL,ATL,5.0,3.0,False,0|0|0|2|0|0|0|0|1,2|0|0|0|0|0|1|0|0,100.0,-120.0,-112.0,-108.0,,7.0,sbro,,,,,CARPENTER-R,THUDSON-R,,,,,,,,
2011,2011-04-29,MIL,HOU,5.0,0.0,False,2|0|1|1|0|0|1|0|0,0|0|0|0|0|0|0|0|0,-130.0,110.0,-135.0,115.0,,8.5,sbro,,,,,SMARCUM-R,BMYERS-R,,,,,,,,
2011,2011-04-29,PIT,COL,3.0,0.0,False,0|0|1|0|0|1|1|0|0,0|0|0|0|0|0|0|0|0,170.0,-200.0,170.0,-200.0,,8.5,sbro,,,,,KCORREIA-R,JCHACIN-R,,,,,,,,
2011,2011-04-29,CUB,ARI,4.0,2.0,False,0|0|0|0|2|0|1|1|0,2|0|0|0|0|0|0|0|0,-125.0,105.0,-105.0,-105.0,,9.5,sbro,,,,,CZAMBRANO-R,AGALARRAG-R,,,,,,,,
2011,2011-04-29,SDG,LOS,2.0,3.0,False,0|0|1|0|0|0|0|0|1,1|0|0|1|0|0|1|0|x,110.0,-130.0,113.0,-133.0,,6.5,sbro,,,,,CRICHARD-L,TLILLY-L,,,,,,,,
2011,2011-04-29,SEA,BOS,5.0,4.0,False,2|0|0|0|1|0|2|0|0,0|1|2|1|0|0|0|0|0,170.0,-190.0,164.0,-184.0,,9.0,sbro,,,,,JVARGAS-L,DMATSUZAK-R,,,,,,,,
2011,2011-04-29,DET,CLE,5.0,9.0,False,2|0|0|1|0|0|2|0|0,0|0|0|0|0|2|3|0|4,-113.0,-107.0,-110.0,-110.0,,8.5,sbro,,,,,MSCHERZER-R,JGOMEZ-R,,,,,,,,
2011,2011-04-29,TOR,NYY,5.0,3.0,False,0|0|2|1|0|2|0|0|0,0|1|0|1|0|0|0|1|0,125.0,-145.0,117.0,-137.0,,9.0,sbro,,,,,RROMERO-L,FGARCIA-R,,,,,,,,
2011,2011-04-29,LAA,TAM,8.0,5.0,False,0|1|0|3|1|0|2|0|1,0|1|3|0|0|0|0|1|0,110.0,-130.0,140.0,-160.0,,7.5,sbro,,,,,ESANTANA-R,DPRICE-L,,,,,,,,
2011,2011-04-29,BAL,CWS,10.0,4.0,False,0|0|2|1|0|2|5|0|0,0|3|0|0|0|1|0|0|0,145.0,-165.0,122.0,-142.0,,8.5,sbro,,,,,JARRIETA-R,JDANKS-L,,,,,,,,
2011,2011-04-29,MIN,KAN,3.0,4.0,False,0|0|0|0|1|2|0|0|0,0|0|0|0|1|0|1|2|x,-106.0,-114.0,-105.0,-105.0,,8.5,sbro,,,,,SBAKER-R,BCHEN-L,,,,,,,,
2011,2011-04-29,TEX,OAK,1.0,3.0,False,0|0|0|0|0|0|0|0|1,0|0|1|0|1|0|1|0|x,-112.0,-108.0,-114.0,-106.0,,6.5,sbro,,,,,CWILSON-L,TCAHILL-R,,,,,,,,
2011,2011-04-30,STL,ATL,3.0,2.0,False,0|0|0|0|0|0|0|2|1,0|0|0|0|2|0|0|0|0,114.0,-134.0,133.0,-153.0,,8.5,sbro,,,,,WESTBROOK-R,BBEACHY-R,,,,,,,,
2011,2011-04-30,NYM,PHI,1.0,2.0,False,0|0|0|1|0|0|0|0|0,0|0|0|0|0|0|2|0|x,189.0,-219.0,180.0,-210.0,,7.0,sbro,,,,,JNIESE-L,RHALLADAY-R,,,,,,,,
2011,2011-04-30,SFO,WAS,2.0,1.0,False,0|0|1|0|0|0|1|0|0,0|1|0|0|0|0|0|0|0,-138.0,118.0,-127.0,107.0,,7.5,sbro,,,,,JSANCHEZ-L,JLANNAN-L,,,,,,,,
2011,2011-04-30,MIL,HOU,1.0,2.0,False,0|0|0|0|0|0|0|0|1,1|0|0|0|0|0|0|0|1,-118.0,-102.0,-116.0,-104.0,,8.5,sbro,,,,,RWOLF-L,WRODRIGEZ-L,,,,,,,,
2011,2011-04-30,MIA,CIN,3.0,4.0,False,1|0|0|0|0|0|0|2|0,0|0|0|0|0|0|0|3|0,-130.0,110.0,-119.0,-101.0,,7.0,sbro,,,,,JJOHNSON-R,EVOLQUEZ-R,,,,,,,,
2011,2011-04-30,CUB,ARI,5.0,3.0,False,0|1|0|1|1|0|0|0|2,1|0|0|0|0|2|0|0|0,103.0,-123.0,-104.0,-116.0,,8.5,sbro,,,,,MGARZA-R,IKENNEDY-R,,,,,,,,
2011,2011-04-30,PIT,COL,1.0,4.0,False,1|0|0|0|0|0|0|0|0,0|4|0|0|0|0|0|0|x,152.0,-172.0,150.0,-170.0,,9.0,sbro,,,,,PMAHOLM-L,JHAMMEL-R,,,,,,,,
2011,2011-04-30,SDG,LOS,5.0,2.0,False,0|0|0|0|2|0|0|3|0,0|0|0|1|0|0|1|0|0,125.0,-145.0,122.0,-142.0,,6.5,sbro,,,,,TSTAUFFER-R,HKURODA-R,,,,,,,,
2011,2011-04-30,LAA,TAM,1.0,2.0,False,0|0|0|0|0|0|0|0|1,0|0|0|0|1|0|0|0|0,125.0,-145.0,145.0,-165.0,,7.5,sbro,,,,,JPINEIRO-R,JSHIELDS-R,,,,,,,,
2011,2011-04-30,TEX,OAK,11.0,2.0,False,1|0|2|0|4|0|0|1|3,0|1|0|1|0|0|0|0|0,116.0,-136.0,120.0,-140.0,,7.5,sbro,,,,,CLEWIS-R,BANDERSON-L,,,,,,,,
2011,2011-04-30,TOR,NYY,4.0,5.0,False,1|0|1|0|1|1|0|0|0,0|3|2|0|0|0|0|0|x,125.0,-145.0,133.0,-153.0,,9.5,sbro,,,,,KDRABEK-R,ABURNETT-R,,,,,,,,
2011,2011-04-30,DET,CLE,2.0,3.0,False,0|0|0|2|0|0|0|0|0,0|0|0|1|0|1|0|0|0,-105.0,-115.0,100.0,-120.0,,9.0,sbro,,,,,RPORCELLO-R,AWHITE-R,,,,,,,,
2011,2011-04-30,SEA,BOS,2.0,0.0,False,0|0|1|0|0|1|0|0|0,0|0|0|0|0|0|0|0|0,175.0,-195.0,162.0,-182.0,,9.0,sbro,,,,,DFISTER-R,JLACKEY-R,,,,,,,,
2011,2011-04-30,BAL,CWS,6.0,2.0,False,1|0|1|0|0|0|0|4|0,0|0|0|0|0|1|0|0|1,125.0,-145.0,108.0,-128.0,,9.5,sbro,,,,,CTILLMAN-R,PHUMBER-R,,,,,,,,
2011,2011-04-30,MIN,KAN,2.0,11.0,False,2|0|0|0|0|0|0|0|0,0|0|1|1|0|0|1|8|x,-106.0,-114.0,-110.0,-110.0,,9.0,sbro,,,,,BDUENSING-L,O'SULLIVAN-R,,,,,,,,
2011,2011-05-01,STL,ATL,5.0,6.0,False,3|0|0|0|1|0|0|1|0,0|0|0|0|3|0|2|0|1,-112.0,-108.0,-110.0,-110.0,,7.5,sbro,,,,,JGARCIA-L,DLOWE-R,,,,,,,,
2011,2011-05-01,SFO,WAS,2.0,5.0,False,0|2|0|0|0|0|0|0|0,0|1|1|1|0|0|0|2|x,-130.0,110.0,-120.0,100.0,,6.5,sbro,,,,,MCAIN-R,JZIMMERMN-R,,,,,,,,
2011,2011-05-01,MIL,HOU,0.0,5.0,False,0|0|0|0|0|0|0|0|0,0|1|0|0|0|3|1|0|x,-125.0,105.0,-114.0,-106.0,,9.0,sbro,,,,,CNARVESON-L,BNORRIS-R,,,,,,,,
2011,2011-05-01,PIT,COL,8.0,4.0,False,0|4|0|0|4|0|0|0|0,0|0|1|1|0|2|0|0|0,170.0,-200.0,165.0,-185.0,,8.5,sbro,,,,,CMORTON-R,UJIMENEZ-R,,,,,,,,
2011,2011-05-01,CUB,ARI,3.0,4.0,False,0|1|0|0|0|0|2|0|0,0|1|0|3|0|0|0|0|x,145.0,-165.0,150.0,-170.0,,9.5,sbro,,,,,CCOLEMAN-R,DHUDSON-R,,,,,,,,
2011,2011-05-01,SDG,LOS,7.0,0.0,False,0|3|0|0|0|0|0|0|4,0|0|0|0|0|0|0|0|0,120.0,-140.0,112.0,-132.0,,7.5,sbro,,,,,DMOSELEY-R,JGARLAND-R,,,,,,,,
2011,2011-05-01,MIA,CIN,9.0,5.0,False,2|1|0|0|0|0|2|4|0,2|0|0|0|0|1|0|0|2,-110.0,-110.0,-101.0,-119.0,,8.0,sbro,,,,,RNOLASCO-R,BARROYO-R,,,,,,,,
2011,2011-05-01,NYM,PHI,2.0,1.0,False,0|0|0|0|1|0|0|0|0,0|0|0|0|0|0|0|1|0,157.0,-177.0,175.0,-195.0,,7.0,sbro,,,,,CYOUNG-R,CLEE-L,,,,,,,,
2011,2011-05-01,SEA,BOS,2.0,3.0,False,0|0|0|0|0|2|0|0|0,0|0|2|0|0|0|0|0|1,105.0,-125.0,-113.0,-107.0,,8.0,sbro,,,,,FHERNANDZ-R,WAKEFIELD-R,,,,,,,,
2011,2011-05-01,TOR,NYY,2.0,5.0,False,0|1|1|0|0|0|0|0|0,1|0|0|0|4|0|0|0|x,120.0,-140.0,152.0,-172.0,,10.0,sbro,,,,,JLITSCH-R,INOVA-R,,,,,,,,
2011,2011-05-01,DET,CLE,4.0,5.0,False,2|0|0|0|0|0|0|1|1,0|2|0|0|0|0|0|3|x,125.0,-145.0,122.0,-142.0,,8.5,sbro,,,,,PCOKE-L,MASTERSON-R,,,,,,,,
2011,2011-05-01,LAA,TAM,6.0,5.0,False,0|1|0|0|4|0|0|1|0,5|0|0|0|0|0|0|0|0,-135.0,115.0,117.0,-137.0,,8.5,sbro,,,,,JERWEAVER-R,ACOBB-R,,,,,,,,
2011,2011-05-01,MIN,KAN,3.0,10.0,False,0|0|0|0|1|1|1|0|0,0|1|0|1|3|2|0|3|x,-105.0,-115.0,-107.0,-113.0,,8.5,sbro,,,,,CPAVANO-R,LHOCHEVAR-R,,,,,,,,
2011,2011-05-01,BAL,CWS,6.0,4.0,False,0|0|0|1|5|0|0|0|0,0|0|0|0|1|0|1|2|0,100.0,-120.0,103.0,-123.0,,8.5,sbro,,,,,ZBRITTON-L,GFLOYD-R,,,,,,,,
2011,2011-05-01,TEX,OAK,2.0,7.0,False,0|0|0|0|0|1|1|0|0,3|1|2|0|0|0|1|0|x,100.0,-120.0,109.0,-129.0,,7.5,sbro,,,,,MHARRISON-L,GGONZALEZ-L,,,,,,,,
2011,2011-05-02,SFO,WAS,0.0,2.0,False,0|0|0|0|0|0|0|0|0,0|0|0|0|0|0|2|0|x,-113.0,-107.0,-108.0,-112.0,,7.5,sbro,,,,,MBUMGARNR-L,GORZELANNY-L,,,,,,,,
2011,2011-05-02,MIL,ATL,2.0,6.0,False,0|0|0|2|0|0|0|0|0,0|0|1|0|0|4|1|0|x,112.0,-132.0,115.0,-135.0,,7.5,sbro,,,,,YGALLARDO-R,JJURRJENS-R,,,,,,,,
2011,2011-05-02,MIA,STL,6.0,5.0,False,0|0|4|0|1|0|0|1|0,2|0|3|0|0|0|0|0|0,132.0,-152.0,134.0,-154.0,,8.0,sbro,,,,,CVOLSTAD-R,KLOHSE-R,,,,,,,,
2011,2011-05-02,PIT,SDG,4.0,3.0,False,4|0|0|0|0|0|0|0|0,0|0|0|0|0|2|0|1|0,130.0,-150.0,125.0,-145.0,,7.0,sbro,,,,,JMCDONALD-R,AHARANG-R,,,,,,,,
2011,2011-05-02,CUB,LOS,2.0,5.0,False,1|0|0|0|0|0|1|0|0,0|2|0|0|3|0|0|0|x,175.0,-195.0,190.0,-220.0,,7.5,sbro,,,,,JRUSSELL-L,CKERSHAW-L,,,,,,,,
2011,2011-05-02,TEX,OAK,4.0,5.0,False,0|0|2|0|2|0|0|0|0,0|1|0|1|1|0|0|1|0,-111.0,-109.0,-110.0,-110.0,,8.0,sbro,,,,,DHOLLAND-L,BMCCARTHY-R,,,,,,,,
2011,2011-05-02,LAA,BOS,5.0,9.0,False,0|0|1|0|1|0|0|2|1,1|0|0|0|2|0|6|0|x,-107.0,-113.0,-107.0,-113.0,,8.0,sbro,,,,,JERWEAVER-R,CBUCHHOLZ-R,,,,,,,,
2011,2011-05-02,NYY,DET,5.0,3.0,False,2|1|0|0|0|0|0|0|2,0|1|1|0|0|0|1|0|0,-101.0,-119.0,114.0,-134.0,,8.0,sbro,,,,,BCOLON-R,VERLANDER-R,,,,,,,,
2011,2011-05-02,BAL,CWS,2.0,6.0,False,0|0|0|0|0|0|0|0|2,0|0|1|1|0|1|1|2|x,-107.0,-113.0,-114.0,-106.0,,8.5,sbro,,,,,JGUTHRIE-R,MBUEHRLE-L,,,,,,,,
2011,2011-05-03,WAS,PHI,1.0,4.0,False,0|0|0|0|0|0|1|0|0,0|0|1|0|1|0|2|0|x,190.0,-220.0,180.0,-210.0,,8.0,sbro,,,,,LHERNADEZ-R,CHAMELS-L,,,,,,,,
2011,2011-05-03,HOU,CIN,10.0,4.0,False,0|1|0|6|2|0|0|0|1,1|0|0|0|2|0|1|0|0,155.0,-175.0,157.0,-177.0,,8.5,sbro,,,,,JHAPP-L,MLEAKE-R,,,,,,,,
2011,2011-05-03,SFO,NYM,7.0,6.0,False,0|0|4|1|0|1|0|0|0,3|0|2|0|0|1|0|0|0,101.0,-121.0,114.0,-134.0,,7.5,sbro,,,,,VOGELSONG-R,RDICKEY-R,,,,,,,,
2011,2011-05-03,MIA,STL,5.0,7.0,False,0|0|2|2|0|0|1|0|0,2|1|0|0|1|0|3|0|x,115.0,-135.0,106.0,-126.0,,8.0,sbro,,,,,ASANCHEZ-R,KMCCLELLA-R,,,,,,,,
2011,2011-05-03,COL,ARI,3.0,4.0,False,0|1|0|1|1|0|0|0|0,0|0|3|0|0|0|0|1|x,-132.0,112.0,-126.0,106.0,,9.5,sbro,,,,,DELAROSA-L,JSAUNDERS-L,,,,,,,,
2011,2011-05-03,PIT,SDG,5.0,6.0,False,2|0|0|0|0|0|3|0|0,0|0|3|0|0|0|2|1|x,121.0,-141.0,138.0,-158.0,,6.5,sbro,,,,,JKARSTENS-R,MLATOS-R,,,,,,,,
2011,2011-05-03,CUB,LOS,4.0,1.0,False,0|0|0|0|0|0|1|0|3,0|0|0|0|0|1|0|0|0,135.0,-155.0,130.0,-150.0,,7.5,sbro,,,,,RDEMPSTER-R,BILLNGSLEY-R,,,,,,,,
2011,2011-05-03,TOR,TAM,2.0,3.0,False,1|0|0|1|0|0|0|0|0,0|1|0|0|0|0|0|0|2,145.0,-165.0,154.0,-174.0,,8.5,sbro,,,,,JJREYES-L,WDAVIS-R,,,,,,,,
2011,2011-05-03,NYY,DET,2.0,4.0,False,0|0|0|1|0|0|0|1|0,2|0|0|0|2|0|0|0|x,-156.0,136.0,-159.0,139.0,,8.5,sbro,,,,,CSABATHIA-L,BPENNY-R,,,,,,,,
2011,2011-05-03,LAA,BOS,3.0,7.0,False,0|1|0|0|0|0|0|0|2,0|0|0|0|0|2|1|4|x,125.0,-145.0,138.0,-158.0,,7.0,sbro,,,,,DHAREN-R,JLESTER-L,,,,,,,,
2011,2011-05-03,MIN,CWS,1.0,0.0,False,0|0|0|1|0|0|0|0|0,0|0|0|0|0|0|0|0|0,110.0,-130.0,116.0,-136.0,,9.0,sbro,,,,,FLIRIANO-L,EJACKSON-R,,,,,,,,
2011,2011-05-03,BAL,KAN,5.0,6.0,False,0|0|0|3|0|2|0|0|0,0|3|0|0|1|1|0|0|0,105.0,-125.0,-104.0,-116.0,,9.0,sbro,,,,,BBERGESEN-R,JFRANCIS-L,,,,,,,,
2011,2011-05-03,CLE,OAK,4.0,1.0,False,0|0|0|0|0|0|1|0|3,0|0|0|1|0|0|0|0|0,-114.0,-106.0,104.0,-124.0,,7.5,sbro,,,,,FCARMONA-R,TROSS-R,,,,,,,,
2011,2011-05-03,TEX,SEA,3.0,4.0,False,1|0|0|0|0|1|0|1|0,0|0|1|0|0|0|1|2|x,-135.0,115.0,-120.0,100.0,,7.0,sbro,,,,,AOGANDO-R,EBEDARD-L,,,,,,,,
2011,2011-05-04,HOU,CIN,2.0,3.0,False,0|0|2|0|0|0|0|0|0,0|0|0|0|0|0|0|0|3,180.0,-210.0,165.0,-185.0,,8.5,sbro,,,,,ARODRIGUE-R,TWOOD-L,,,,,,,,
2011,2011-05-04,CUB,LOS,5.0,1.0,False,0|0|0|0|1|4|0|0|0,0|0|0|0|0|1|0|0|0,105.0,-125.0,-104.0,-116.0,,7.5,sbro,,,,,CZAMBRANO-R,TLILLY-L,,,,,,,,
2011,2011-05-04,PIT,SDG,7.0,4.0,False,0|1|6|0|0|0|0|0|0,0|0|0|1|0|0|1|0|2,120.0,-140.0,112.0,-132.0,,6.5,sbro,,,,,KCORREIA-R,CRICHARD-L,,,,,,,,
2011,2011-05-04,WAS,PHI,4.0,7.0,False,0|0|0|0|0|1|0|0|3,0|0|0|0|3|4|0|0|x,145.0,-165.0,128.0,-148.0,,8.5,sbro,,,,,JMARQUIS-R,VWORLEY-R,,,,,,,,
2011,2011-05-04,MIL,ATL,0.0,8.0,False,0|0|0|0|0|0|0|0|0,1|1|0|3|1|0|0|2|x,115.0,-135.0,118.0,-138.0,,7.5,sbro,,,,,ZGREINKE-R,THUDSON-R,,,,,,,,
2011,2011-05-04,SFO,NYM,2.0,0.0,False,0|0|0|0|0|1|1|0|0,0|0|0|0|0|0|0|0|0,-150.0,130.0,-139.0,119.0,,6.5,sbro,,,,,TLINCECUM-R,CCAPUANO-L,,,,,,,,
2011,2011-05-04,MIA,STL,8.0,7.0,False,2|0|4|0|0|0|0|0|2,2|0|2|0|0|2|0|0|1,170.0,-200.0,160.0,-180.0,,7.5,sbro,,,,,JVAZQUEZ-R,CARPENTER-R,,,,,,,,
2011,2011-05-04,COL,ARI,6.0,4.0,False,0|0|0|3|3|0|0|0|0,0|0|1|0|0|1|0|0|2,-135.0,115.0,-140.0,120.0,,9.5,sbro,,,,,JCHACIN-R,BENRIGHT-R,,,,,,,,
2011,2011-05-04,MIN,CWS,3.0,2.0,False,1|0|0|0|0|2|0|0|0,0|0|1|0|0|0|0|1|0,140.0,-160.0,145.0,-165.0,,8.5,sbro,,,,,NBLACKBUR-R,JDANKS-L,,,,,,,,
2011,2011-05-04,TOR,TAM,3.0,2.0,False,2|0|0|1|0|0|0|0|0,0|0|0|0|0|1|0|0|1,-105.0,-115.0,102.0,-122.0,,7.5,sbro,,,,,BMORROW-R,JNIEMANN-R,,,,,,,,
2011,2011-05-04,NYY,DET,0.0,4.0,False,0|0|0|0|0|0|0|0|0,0|1|3|0|0|0|0|0|x,-105.0,-115.0,-112.0,-108.0,,9.0,sbro,,,,,FGARCIA-R,MSCHERZER-R,,,,,,,,
2011,2011-05-04,LAA,BOS,5.0,3.0,False,0|0|0|0|0|0|2|0|1,0|0|0|0|0|0|0|1|2,150.0,-170.0,150.0,-170.0,,8.5,sbro,,,,,ESANTANA-R,JBECKETT-R,,,,,,,,
2011,2011-05-04,BAL,KAN,3.0,2.0,False,1|1|0|0|0|0|1|0|0,0|1|0|0|0|0|0|1|0,-110.0,-110.0,-109.0,-111.0,,9.0,sbro,,,,,JARRIETA-R,KDAVIES-R,,,,,,,,
2011,2011-05-04,CLE,OAK,1.0,3.0,False,0|0|1|0|0|0|0|0|0,1|0|0|1|0|0|0|1|x,130.0,-150.0,117.0,-137.0,,7.5,sbro,,,,,JTOMLIN-R,TCAHILL-R,,,,,,,,
2011,2011-05-04,TEX,SEA,5.0,2.0,False,2|0|0|0|1|0|1|1|0,1|0|1|0|0|0|0|0|0,-110.0,-110.0,-104.0,-116.0,,6.5,sbro,,,,,CWILSON-L,MPINEDA-R,,,,,,,,
2011,2011-05-04,MIL,ATL,3.0,8.0,False,0|1|0|1|0|0|0|1|0,0|0|2|2|0|4|0|0|x,140.0,-160.0,153.0,-173.0,,8.0,sbro,,,,,MESTRADA-R,THANSON-R,,,,,,,,
2011,2011-05-05,SFO,NYM,2.0,5.0,False,0|0|0|1|1|0|0|0|0,0|3|0|0|2|0|0|0|x,-117.0,-103.0,-110.0,-110.0,,7.0,sbro,,,,,JSANCHEZ-L,MPELFREY-R,,,,,,,,
2011,2011-05-05,MIA,STL,3.0,6.0,False,0|0|0|0|2|0|1|0|0,1|0|0|0|0|1|0|4|x,-133.0,113.0,-134.0,114.0,,7.0,sbro,,,,,JJOHNSON-R,WESTBROOK-R,,,,,,,,
2011,2011-05-05,WAS,PHI,3.0,7.0,False,0|0|0|2|0|0|0|1|0,0|0|6|0|1|0|0|0|x,205.0,-245.0,200.0,-240.0,,7.0,sbro,,,,,JLANNAN-L,RHALLADAY-R,,,,,,,,
2011,2011-05-05,MIL,ATL,1.0,2.0,False,0|0|0|0|1|0|0|0|0,0|1|0|0|0|0|0|1|x,-102.0,-118.0,111.0,-131.0,,7.0,sbro,,,,,SMARCUM-R,BBEACHY-R,,,,,,,,
2011,2011-05-05,COL,ARI,2.0,3.0,False,0|1|0|1|0|0|0|0|0,0|0|0|0|0|0|0|0|2,-105.0,-105.0,-110.0,-110.0,,9.0,sbro,,,,,JHAMMEL-R,IKENNEDY-R,,,,,,,,
2011,2011-05-05,NYY,DET,3.0,6.0,False,0|0|0|2|0|0|0|0|1,1|0|0|0|0|1|3|1|x,-111.0,-109.0,-110.0,-110.0,,9.0,sbro,,,,,ABURNETT-R,RPORCELLO-R,,,,,,,,
2011,2011-05-05,TOR,TAM,1.0,3.0,False,0|0|0|0|0|0|0|0|1,0|0|3|0|0|0|0|0|x,115.0,-135.0,157.0,-177.0,,7.0,sbro,,,,,KDRABEK-R,DPRICE-L,,,,,,,,
2011,2011-05-05,LAA,BOS,11.0,0.0,False,0|0|3|3|3|0|2|0|0,0|0|0|0|0|0|0|0|0,135.0,-155.0,141.0,-161.0,,8.5,sbro,,,,,JPINEIRO-R,JLACKEY-R,,,,,,,,
2011,2011-05-05,BAL,KAN,1.0,9.0,False,1|0|0|0|0|0|0|0|0,4|1|0|3|0|0|0|1|x,-110.0,-110.0,-111.0,-109.0,,9.0,sbro,,,,,CTILLMAN-R,BCHEN-L,,,,,,,,
2011,2011-05-05,CLE,OAK,4.0,3.0,False,0|0|0|0|0|2|0|0|0,0|0|0|0|1|0|0|1|0,150.0,-170.0,153.0,-173.0,,7.5,sbro,,,,,JGOMEZ-R,BANDERSON-L,,,,,,,,
2011,2011-05-05,TEX,SEA,1.0,3.0,False,0|0|0|0|0|0|0|1|0,0|1|1|0|0|0|1|0|x,-115.0,-105.0,-113.0,-107.0,,7.0,sbro,,,,,CLEWIS-R,JVARGAS-L,,,,,,,,
2011,2011-05-05,HOU,CIN,4.0,10.0,False,0|0|0|0|0|1|3|0|0,0|1|0|2|1|2|0|4|x,110.0,-130.0,137.0,-157.0,,7.5,sbro,,,,,BMYERS-R,HBAILEY-R,,,,,,,,
2011,2011-05-06,CIN,CUB,5.0,4.0,False,0|0|0|3|2|0|0|0|0,0|0|1|1|1|1|0|0|0,110.0,-130.0,102.0,-122.0,,9.0,sbro,,,,,EVOLQUEZ-R,MGARZA-R,,,,,,,,
2011,2011-05-06,ATL,PHI,5.0,0.0,False,0|0|3|0|0|0|0|0|2,0|0|0|0|0|0|0|0|0,140.0,-160.0,125.0,-145.0,,7.5,sbro,,,,,DLOWE-R,CLEE-L,,,,,,,,
2011,2011-05-06,HOU,PIT,3.0,2.0,False,1|0|0|0|0|0|0|2|0,0|0|0|0|1|0|1|0|0,100.0,-120.0,-105.0,-105.0,,7.5,sbro,,,,,WRODRIGEZ-L,PMAHOLM-L,,,,,,,,
2011,2011-05-06,WAS,MIA,3.0,2.0,False,0|1|0|1|0|0|0|0|0,0|0|0|0|1|1|0|0|0,130.0,-150.0,135.0,-155.0,,7.0,sbro,,,,,JZIMMERMN-R,RNOLASCO-R,,,,,,,,
2011,2011-05-06,LOS,NYM,3.0,6.0,False,1|1|0|0|1|0|0|0|0,1|1|0|0|0|3|1|0|x,-103.0,-117.0,105.0,-125.0,,7.5,sbro,,,,,HKURODA-R,JNIESE-L,,,,,,,,
2011,2011-05-06,MIL,STL,0.0,6.0,False,0|0|0|0|0|0|0|0|0,1|0|2|3|0|0|0|0|x,120.0,-140.0,128.0,-148.0,,8.0,sbro,,,,,RWOLF-L,JGARCIA-L,,,,,,,,
2011,2011-05-06,ARI,SDG,3.0,4.0,False,0|0|0|0|0|0|0|0|3,0|0|2|0|1|0|0|0|0,120.0,-140.0,122.0,-142.0,,7.0,sbro,,,,,AGALARRAG-R,TSTAUFFER-R,,,,,,,,
2011,2011-05-06,COL,SFO,3.0,4.0,False,0|1|2|0|0|0|0|0|0,0|0|0|0|0|1|0|2|1,-107.0,-113.0,-111.0,-109.0,,6.5,sbro,,,,,UJIMENEZ-R,MCAIN-R,,,,,,,,
2011,2011-05-06,MIN,BOS,9.0,2.0,False,1|3|0|0|4|1|0|0|0,0|1|0|1|0|0|0|0|0,127.0,-147.0,140.0,-160.0,,9.0,sbro,,,,,SBAKER-R,WAKEFIELD-R,,,,,,,,
2011,2011-05-06,DET,TOR,4.0,7.0,False,0|0|0|1|0|0|0|0|3,3|0|1|0|0|0|1|2|x,-114.0,-106.0,-109.0,-111.0,,8.5,sbro,,,,,PCOKE-L,JLITSCH-R,,,,,,,,
2011,2011-05-06,TAM,BAL,6.0,2.0,False,0|3|0|0|0|0|0|1|2,0|0|0|0|0|1|0|0|1,-113.0,-107.0,-111.0,-109.0,,8.0,sbro,,,,,JSHIELDS-R,ZBRITTON-L,,,,,,,,
2011,2011-05-06,NYY,TEX,4.0,1.0,False,2|1|0|0|0|0|1|0|0,0|0|0|0|0|0|0|1|0,-110.0,-110.0,-112.0,-108.0,,10.5,sbro,,,,,INOVA-R,MHARRISON-L,,,,,,,,
2011,2011-05-06,OAK,KAN,3.0,2.0,False,0|0|0|0|3|0|0|0|0,1|0|1|0|0|0|0|0|0,-123.0,103.0,-124.0,104.0,,8.5,sbro,,,,,GGONZALEZ-L,O'SULLIVAN-R,,,,,,,,
2011,2011-05-06,CLE,LAA,1.0,2.0,False,0|0|0|1|0|0|0|0|0,0|0|0|0|0|1|0|0|0,-110.0,-110.0,-120.0,100.0,,8.0,sbro,,,,,MASTERSON-R,TCHATWOOD-R,,,,,,,,
2011,2011-05-06,CWS,SEA,2.0,3.0,False,0|0|0|1|0|0|1|0|0,0|0|0|0|0|2|0|0|1,150.0,-170.0,157.0,-177.0,,6.5,sbro,,,,,PHUMBER-R,FHERNANDZ-R,,,,,,,,
2011,2011-05-07,LOS,NYM,2.0,4.0,False,0|0|0|1|0|1|0|0|0,0|2|0|0|0|0|0|2|x,110.0,-130.0,113.0,-133.0,,7.5,sbro,,,,,JGARLAND-R,DGEE-R,,,,,,,,
2011,2011-05-07,CIN,CUB,2.0,3.0,False,0|0|0|0|0|0|2|0|0,0|0|0|1|0|0|0|0|2,-125.0,105.0,-138.0,118.0,,8.5,sbro,,,,,BARROYO-R,CCOLEMAN-R,,,,,,,,
2011,2011-05-07,MIL,STL,4.0,0.0,False,0|0|1|0|0|0|0|0|3,0|0|0|0|0|0|0|0|0,107.0,-127.0,110.0,-130.0,,8.5,sbro,,,,,YGALLARDO-R,KLOHSE-R,,,,,,,,
2011,2011-05-07,ATL,PHI,0.0,3.0,False,0|0|0|0|0|0|0|0|0,0|1|0|1|1|0|0|0|x,107.0,-127.0,-113.0,-107.0,,9.0,sbro,,,,,JTEHERAN-R,KKENDRICK-R,,,,,,,,
2011,2011-05-07,HOU,PIT,1.0,6.0,False,0|0|0|0|0|0|0|1|0,0|3|0|0|0|0|0|3|x,-105.0,-115.0,-102.0,-118.0,,7.5,sbro,,,,,BNORRIS-R,CMORTON-R,,,,,,,,
2011,2011-05-07,WAS,MIA,5.0,2.0,False,2|0|0|0|1|0|0|0|2,0|2|0|0|0|0|0|0|0,110.0,-130.0,115.0,-135.0,,8.5,sbro,,,,,GORZELANNY-L,CVOLSTAD-R,,,,,,,,
2011,2011-05-07,ARI,SDG,6.0,0.0,False,1|0|3|2|0|0|0|0|0,0|0|0|0|0|0|0|0|0,-114.0,-106.0,-114.0,-106.0,,6.5,sbro,,,,,DHUDSON-R,DMOSELEY-R,,,,,,,,
2011,2011-05-07,COL,SFO,2.0,3.0,False,0|0|0|0|0|0|2|0|0,1|0|0|0|1|0|0|0|1,-106.0,-114.0,116.0,-136.0,,7.5,sbro,,,,,CMORTENSE-R,MBUMGARNR-L,,,,,,,,
2011,2011-05-07,TAM,BAL,8.0,2.0,False,1|0|3|0|3|1|0|0|0,0|0|0|0|0|0|1|0|1,-104.0,-116.0,-107.0,-113.0,,8.5,sbro,,,,,JHELLICKS-R,JGUTHRIE-R,,,,,,,,
2011,2011-05-07,MIN,BOS,0.0,4.0,False,0|0|0|0|0|0|0|0|0,1|0|1|0|0|0|0|2|x,137.0,-157.0,147.0,-167.0,,9.0,sbro,,,,,BDUENSING-L,CBUCHHOLZ-R,,,,,,,,
2011,2011-05-07,DET,TOR,9.0,0.0,False,0|0|3|3|1|0|0|0|2,0|0|0|0|0|0|0|0|0,-125.0,105.0,-120.0,100.0,,7.5,sbro,,,,,VERLANDER-R,RROMERO-L,,,,,,,,
2011,2011-05-07,OAK,KAN,3.0,4.0,False,0|0|0|0|0|0|0|3|0,0|0|0|0|0|3|0|0|1,-114.0,-106.0,-114.0,-106.0,,8.0,sbro,,,,,BMCCARTHY-R,LHOCHEVAR-R,,,,,,,,
2011,2011-05-07,NYY,TEX,5.0,7.0,False,0|0|4|0|0|1|0|0|0,1|4|0|0|0|2|0|0|x,-106.0,-114.0,-108.0,-112.0,,9.5,sbro,,,,,BCOLON-R,DHOLLAND-L,,,,,,,,
2011,2011-05-07,CLE,LAA,4.0,3.0,False,0|0|0|1|3|0|0|0|0,0|2|0|0|0|1|0|0|0,156.0,-176.0,166.0,-186.0,,7.0,sbro,,,,,AWHITE-R,JERWEAVER-R,,,,,,,,
2011,2011-05-07,CWS,SEA,6.0,0.0,False,1|0|0|0|2|2|0|0|1,0|0|0|0|0|0|0|0|0,-110.0,-110.0,-105.0,-105.0,,6.5,sbro,,,,,GFLOYD-R,DFISTER-R,,,,,,,,
2011,2011-05-08,WAS,MIA,0.0,8.0,False,0|0|0|0|0|0|0|0|0,0|1|0|1|4|0|1|1|x,135.0,-155.0,144.0,-164.0,,8.0,sbro,,,,,LHERNADEZ-R,ASANCHEZ-R,,,,,,,,
2011,2011-05-08,LOS,NYM,4.0,2.0,False,0|0|1|1|0|0|2|0|0,1|0|0|0|0|0|0|0|1,-130.0,110.0,-125.0,105.0,,7.0,sbro,,,,,CKERSHAW-L,RDICKEY-R,,,,,,,,
2011,2011-05-08,HOU,PIT,4.0,5.0,False,0|0|0|0|0|0|3|1|0,1|0|0|1|0|0|0|3|x,100.0,-120.0,116.0,-136.0,,8.0,sbro,,,,,JHAPP-L,JMCDONALD-R,,,,,,,,
2011,2011-05-08,MIL,STL,1.0,3.0,False,0|0|0|0|0|0|0|0|1,0|0|0|0|2|1|0|0|x,110.0,-130.0,109.0,-129.0,,8.5,sbro,,,,,CNARVESON-L,KMCCLELLA-R,,,,,,,,
2011,2011-05-08,CIN,CUB,2.0,0.0,False,0|1|0|0|1|0|0|0|0,0|0|0|0|0|0|0|0|0,-115.0,-105.0,-114.0,-106.0,,7.5,sbro,,,,,JCUETO-R,RDEMPSTER-R,,,,,,,,
2011,2011-05-08,ARI,SDG,3.0,4.0,False,0|2|0|0|0|0|0|1|0,4|0|0|0|0|0|0|0|x,120.0,-140.0,104.0,-124.0,,6.5,sbro,,,,,JSAUNDERS-L,AHARANG-R,,,,,,,,
2011,2011-05-08,COL,SFO,0.0,3.0,False,0|0|0|0|0|0|0|0|0,0|0|0|1|0|2|0|0|x,-130.0,110.0,-139.0,119.0,,7.5,sbro,,,,,DELAROSA-L,VOGELSONG-R,,,,,,,,
2011,2011-05-08,ATL,PHI,5.0,2.0,False,0|2|0|0|1|0|0|2|0,0|0|1|0|0|0|0|1|0,130.0,-150.0,120.0,-140.0,,7.0,sbro,,,,,JJURRJENS-R,CHAMELS-L,,,,,,,,
2011,2011-05-08,DET,TOR,5.0,2.0,False,0|0|0|2|0|0|2|1|0,0|0|2|0|0|0|0|0|0,-113.0,-107.0,-105.0,-105.0,,9.0,sbro,,,,,BPENNY-R,JJREYES-L,,,,,,,,
2011,2011-05-08,TAM,BAL,5.0,3.0,False,0|0|0|3|2|0|0|0|0,0|0|0|2|1|0|0|0|0,-130.0,110.0,-122.0,102.0,,9.0,sbro,,,,,WDAVIS-R,BBERGESEN-R,,,,,,,,
2011,2011-05-08,MIN,BOS,5.0,9.0,False,3|0|0|1|0|0|0|1|0,0|1|4|0|2|0|2|0|x,150.0,-170.0,167.0,-187.0,,9.5,sbro,,,,,CPAVANO-R,DMATSUZAK-R,,,,,,,,
2011,2011-05-08,OAK,KAN,5.0,2.0,False,2|0|0|0|0|1|0|1|1,0|0|0|0|0|2|0|0|0,-110.0,-110.0,-114.0,-106.0,,9.0,sbro,,,,,TROSS-R,JFRANCIS-L,,,,,,,,
2011,2011-05-08,NYY,TEX,12.0,5.0,False,0|0|2|0|2|0|2|6|0,3|1|0|0|0|0|1|0|0,-162.0,142.0,-162.0,142.0,,9.5,sbro,,,,,CSABATHIA-L,DBUSH-R,,,,,,,,
2011,2011-05-08,CLE,LAA,5.0,6.0,False,0|1|0|0|1|0|0|2|1,0|0|0|0|0|3|0|3|x,130.0,-150.0,132.0,-152.0,,7.0,sbro,,,,,FCARMONA-R,DHAREN-R,,,,,,,,
2011,2011-05-08,CWS,SEA,5.0,2.0,False,0|0|0|2|0|0|0|0|0,0|0|0|0|2|0|0|0|0,-105.0,-115.0,108.0,-128.0,,7.0,sbro,,,,,MBUEHRLE-L,EBEDARD-L,,,,,,,,
2011,2011-05-09,LOS,PIT,1.0,4.0,False,1|0|0|0|0|0|0|0|0,0|0|1|0|0|0|0|3|x,-123.0,103.0,-122.0,102.0,,7.5,sbro,,,,,BILLNGSLEY-R,JKARSTENS-R,,,,,,,,
2011,2011-05-09,PHI,MIA,6.0,4.0,False,1|0|3|0|2|0|0|0|0,2|1|0|0|0|0|0|1|0,-108.0,-112.0,-112.0,-108.0,,8.5,sbro,,,,,JBLANTON-R,JVAZQUEZ-R,,,,,,,,
2011,2011-05-09,CIN,HOU,6.0,1.0,False,0|0|3|2|0|1|0|0|0,0|0|0|0|0|0|0|1|0,-125.0,105.0,-131.0,111.0,,8.5,sbro,,,,,TWOOD-L,ARODRIGUE-R,,,,,,,,
2011,2011-05-09,SDG,MIL,3.0,4.0,False,0|0|0|1|0|1|0|1|0,1|1|0|0|1|1|0|0|x,122.0,-142.0,117.0,-137.0,,7.0,sbro,,,,,MLATOS-R,ZGREINKE-R,,,,,,,,
2011,2011-05-09,NYM,COL,1.0,2.0,False,0|0|0|0|0|1|0|0|0,0|0|0|0|1|0|1|0|x,152.0,-172.0,147.0,-167.0,,9.5,sbro,,,,,CCAPUANO-L,JCHACIN-R,,,,,,,,
2011,2011-05-09,DET,TOR,10.0,5.0,False,0|0|0|6|0|0|4|0|0,1|0|1|0|0|0|0|0|3,-105.0,-115.0,-112.0,-108.0,,7.0,sbro,,,,,MSCHERZER-R,BMORROW-R,,,,,,,,
2011,2011-05-09,MIN,BOS,1.0,2.0,False,0|0|0|0|0|0|0|1|0,0|0|0|0|1|0|0|0|0,190.0,-220.0,210.0,-250.0,,8.5,sbro,,,,,NBLACKBUR-R,JBECKETT-R,,,,,,,,
2011,2011-05-09,OAK,TEX,7.0,2.0,False,0|0|3|0|0|0|0|4|0,0|0|0|0|1|0|0|1|0,105.0,-125.0,-103.0,-117.0,,8.5,sbro,,,,,TCAHILL-R,CWILSON-L,,,,,,,,
2011,2011-05-09,CWS,LAA,8.0,0.0,False,0|2|1|0|1|0|4|0|0,0|0|0|0|0|0|0|0|0,125.0,-145.0,122.0,-142.0,,7.5,sbro,,,,,EJACKSON-R,ESANTANA-R,,,,,,,,
2011,2011-05-10,LOS,PIT,10.0,3.0,False,0|0|0|0|0|4|1|5|0,0|0|0|0|0|2|0|1|0,-107.0,-113.0,-105.0,-115.0,,7.5,sbro,,,,,TLILLY-L,KCORREIA-R,,,,,,,,
2011,2011-05-10,WAS,ATL,7.0,6.0,False,1|0|0|3|3|0|0|0|0,0|0|0|1|0|0|0|5|0,173.0,-203.0,180.0,-210.0,,7.0,sbro,,,,,JMARQUIS-R,THUDSON-R,,,,,,,,
2011,2011-05-10,PHI,MIA,1.0,2.0,False,0|1|0|0|0|0|0|0|0,0|0|1|0|0|0|0|1|x,-115.0,-105.0,-112.0,-108.0,,6.0,sbro,,,,,RHALLADAY-R,JJOHNSON-R,,,,,,,,
2011,2011-05-10,STL,CUB,6.0,4.0,False,1|0|0|2|0|0|1|2|0,2|0|0|0|0|0|2|0|0,-113.0,-107.0,-116.0,-104.0,,7.5,sbro,,,,,CARPENTER-R,CZAMBRANO-R,,,,,,,,
2011,2011-05-10,CIN,HOU,7.0,3.0,False,4|2|0|0|0|0|1|0|0,0|0|0|0|0|0|0|3|0,-120.0,100.0,-140.0,120.0,,8.0,sbro,,,,,HBAILEY-R,BMYERS-R,,,,,,,,
2011,2011-05-10,SDG,MIL,6.0,8.0,False,0|0|0|0|0|1|4|0|1,0|3|3|2|0|0|0|0|x,143.0,-163.0,133.0,-153.0,,7.5,sbro,,,,,CRICHARD-L,SMARCUM-R,,,,,,,,
2011,2011-05-10,NYM,COL,4.0,3.0,False,2|0|0|2|0|0|0|0|0,0|2|0|0|0|1|0|0|0,140.0,-160.0,133.0,-153.0,,9.0,sbro,,,,,MPELFREY-R,JHAMMEL-R,,,,,,,,
2011,2011-05-10,ARI,SFO,0.0,1.0,False,0|0|0|0|0|0|0|0|0,0|0|0|0|0|0|0|0|1,170.0,-190.0,151.0,-171.0,,6.0,sbro,,,,,IKENNEDY-R,TLINCECUM-R,,,,,,,,
2011,2011-05-10,KAN,NYY,1.0,3.0,False,0|0|0|1|0|0|0|0|0,0|0|1|0|2|0|0|0|x,190.0,-220.0,180.0,-210.0,,10.0,sbro,,,,,KDAVIES-R,FGARCIA-R,,,,,,,,
2011,2011-05-10,TAM,CLE,4.0,5.0,False,0|0|0|1|0|1|1|1|0,1|0|0|1|0|2|0|0|1,110.0,-130.0,113.0,-133.0,,8.5,sbro,,,,,SONNANSTIN-R,JTOMLIN-R,,,,,,,,
2011,2011-05-10,BOS,TOR,6.0,7.0,False,0|1|0|1|2|0|0|1|1,3|0|0|0|1|1|0|1|0,-150.0,130.0,-161.0,141.0,,7.5,sbro,,,,,JLESTER-L,KDRABEK-R,,,,,,,,
2011,2011-05-10,SEA,BAL,6.0,7.0,False,0|2|0|0|0|0|2|0|1,0|0|1|0|0|2|0|2|0,-106.0,-114.0,-113.0,-107.0,,7.5,sbro,,,,,MPINEDA-R,JARRIETA-R,,,,,,,,
2011,2011-05-10,OAK,TEX,2.0,7.0,False,0|0|0|0|0|1|0|0|1,0|0|0|2|3|2|0|0|x,-111.0,-109.0,-110.0,-110.0,,8.0,sbro,,,,,BANDERSON-L,CLEWIS-R,,,,,,,,
2011,2011-05-10,DET,MIN,10.0,2.0,False,0|2|2|1|1|0|2|2|0,0|0|0|0|1|0|1|0|0,107.0,-127.0,-108.0,-112.0,,8.0,sbro,,,,,RPORCELLO-R,FLIRIANO-L,,,,,,,,
2011,2011-05-10,CWS,LAA,2.0,6.0,False,0|1|0|0|0|1|0|0|0,3|0|2|0|1|0|0|0|x,114.0,-134.0,-106.0,-114.0,,7.5,sbro,,,,,JDANKS-L,JPINEIRO-R,,,,,,,,
2011,2011-05-11,SDG,MIL,13.0,6.0,False,3|0|2|0|0|0|0|8|0,0|0|0|2|3|1|0|0|0,125.0,-145.0,102.0,-122.0,,7.5,sbro,,,,,TSTAUFFER-R,RWOLF-L,,,,,,,,
2011,2011-05-11,CIN,HOU,3.0,4.0,False,0|0|0|1|0|0|2|0|0,0|2|1|0|0|0|0|0|1,-130.0,110.0,-111.0,-109.0,,7.5,sbro,,,,,EVOLQUEZ-R,WRODRIGEZ-L,,,,,,,,
2011,2011-05-11,LOS,PIT,2.0,0.0,False,0|0|0|0|0|2|0|0|0,0|0|0|0|0|0|0|0|0,-105.0,-115.0,-107.0,-113.0,,7.5,sbro,,,,,HKURODA-R,PMAHOLM-L,,,,,,,,
2011,2011-05-11,PHI,MIA,5.0,3.0,False,0|0|0|0|0|0|2|1|2,1|0|0|0|0|2|0|0|0,-120.0,100.0,-111.0,-109.0,,7.0,sbro,,,,,CLEE-L,RNOLASCO-R,,,,,,,,
2011,2011-05-11,WAS,ATL,7.0,3.0,False,0|1|0|0|0|0|0|0|2,2|0|0|0|0|0|1|0|0,190.0,-220.0,180.0,-210.0,,7.5,sbro,,,,,JLANNAN-L,THANSON-R,,,,,,,,
2011,2011-05-11,STL,CUB,4.0,11.0,False,0|0|1|0|0|0|3|0|0,0|0|6|0|4|0|1|0|x,-105.0,-115.0,109.0,-129.0,,8.5,sbro,,,,,WESTBROOK-R,MGARZA-R,,,,,,,,
2011,2011-05-11,ARI,SFO,3.0,4.0,False,1|1|0|1|0|0|0|0|0,0|0|0|2|1|1|0|0|x,160.0,-180.0,131.0,-151.0,,7.5,sbro,,,,,AGALARRAG-R,JSANCHEZ-L,,,,,,,,
2011,2011-05-11,DET,MIN,9.0,7.0,False,1|0|0|1|3|0|0|2|2,0|1|1|0|0|0|4|1|0,-105.0,-115.0,100.0,-120.0,,8.0,sbro,,,,,PCOKE-L,SBAKER-R,,,,,,,,
2011,2011-05-11,KAN,NYY,4.0,3.0,False,0|0|0|1|0|0|0|1|0,0|1|1|0|0|0|0|0|0,170.0,-200.0,185.0,-215.0,,9.5,sbro,,,,,VMAZZARO-R,ABURNETT-R,,,,,,,,
2011,2011-05-11,BOS,TOR,3.0,9.0,False,1|0|0|0|0|2|0|0|0,0|0|2|2|0|0|5|0|x,-125.0,105.0,-130.0,110.0,,9.0,sbro,,,,,JLACKEY-R,JLITSCH-R,,,,,,,,
2011,2011-05-11,TAM,CLE,8.0,2.0,False,0|1|0|3|0|0|3|0|1,0|0|0|0|0|0|0|2|0,-130.0,110.0,-143.0,123.0,,8.0,sbro,,,,,DPRICE-L,CCARRASCO-R,,,,,,,,
2011,2011-05-11,SEA,BAL,2.0,4.0,False,0|0|1|0|0|0|1|0|0,0|0|1|0|3|0|0|0|x,-145.0,125.0,-134.0,114.0,,7.5,sbro,,,,,FHERNANDZ-R,CTILLMAN-R,,,,,,,,
2011,2011-05-11,CWS,LAA,6.0,4.0,False,0|0|1|0|0|0|0|1|2,1|0|2|0|0|1|0|0|0,100.0,-120.0,-110.0,-110.0,,8.0,sbro,,,,,JPEAVY-R,TCHATWOOD-R,,,,,,,,
2011,2011-05-12,STL,CUB,9.0,1.0,False,0|5|0|0|1|0|3|0|0,0|0|0|0|0|1|0|0|0,-141.0,121.0,-151.0,131.0,,9.0,sbro,,,,,JGARCIA-L,CCOLEMAN-R,,,,,,,,
2011,2011-05-12,ARI,SFO,2.0,3.0,False,0|0|0|0|0|0|0|2|0,0|1|0|0|0|0|2|0|x,116.0,-136.0,101.0,-121.0,,6.5,sbro,,,,,DHUDSON-R,MCAIN-R,,,,,,,,
2011,2011-05-12,WAS,ATL,5.0,6.0,False,0|2|0|2|0|1|0|0|0,0|0|1|0|0|0|4|0|0,159.0,-179.0,152.0,-172.0,,7.5,sbro,,,,,JZIMMERMN-R,DLOWE-R,,,,,,,,
2011,2011-05-12,TAM,CLE,7.0,4.0,False,0|4|0|0|0|1|0|0|2,0|0|0|0|0|2|0|1|1,-110.0,-110.0,-110.0,-110.0,,7.5,sbro,,,,,JSHIELDS-R,MASTERSON-R,,,,,,,,
2011,2011-05-12,KAN,NYY,11.0,5.0,False,0|6|0|2|0|1|0|2|0,0|0|0|0|4|0|0|1|0,174.0,-194.0,170.0,-200.0,,9.5,sbro,,,,,O'SULLIVAN-R,INOVA-R,,,,,,,,
2011,2011-05-12,SEA,BAL,1.0,2.0,False,0|0|0|0|0|0|0|0|0,0|0|0|0|0|0|0|0|0,116.0,-136.0,133.0,-153.0,,8.0,sbro,,,,,JVARGAS-L,ZBRITTON-L,,,,,,,,
2011,2011-05-12,NYM,COL,9.0,5.0,False,2|0|0|3|0|0|2|0|2,1|0|0|1|0|0|3|0|0,152.0,-172.0,165.0,-185.0,,8.0,sbro,,,,,JNIESE-L,UJIMENEZ-R,,,,,,,,
2011,2011-05-13,SFO,CUB,4.0,11.0,False,1|0|0|0|1|0|0|2|0,0|3|0|0|0|0|5|3|x,-110.0,-110.0,-113.0,-107.0,,7.0,sbro,,,,,MBUMGARNR-L,RDEMPSTER-R,,,,,,,,
2011,2011-05-13,MIA,WAS,6.0,5.0,False,3|0|0|1|0|0|0|1|0,0|0|1|3|0|0|0|1|0,110.0,-130.0,-110.0,-110.0,,8.0,sbro,,,,,CVOLSTAD-R,GORZELANNY-L,,,,,,,,
2011,2011-05-13,STL,CIN,5.0,6.0,False,0|0|0|3|0|1|1|0|0,0|0|0|0|0|2|2|0|1,-101.0,-119.0,-114.0,-106.0,,9.0,sbro,,,,,KLOHSE-R,BARROYO-R,,,,,,,,
2011,2011-05-13,PHI,ATL,5.0,4.0,False,3|0|0|0|0|0|1|1|0,1|0|0|0|2|1|0|0|0,-110.0,-110.0,-105.0,-105.0,,7.0,sbro,,,,,CHAMELS-L,BBEACHY-R,,,,,,,,
2011,2011-05-13,NYM,HOU,6.0,4.0,False,0|0|0|0|0|0|1|4|1,0|0|1|0|0|3|0|0|0,-113.0,-107.0,-111.0,-109.0,,7.5,sbro,,,,,DGEE-R,BNORRIS-R,,,,,,,,
2011,2011-05-13,PIT,MIL,2.0,5.0,False,0|0|0|2|0|0|0|0|0,0|0|2|3|0|0|0|0|x,150.0,-170.0,140.0,-160.0,,8.0,sbro,,,,,JMCDONALD-R,YGALLARDO-R,,,,,,,,
2011,2011-05-13,SDG,COL,7.0,12.0,False,0|1|0|1|1|2|2|0|0,3|2|0|1|2|1|0|3|x,143.0,-163.0,160.0,-180.0,,8.5,sbro,,,,,DMOSELEY-R,DELAROSA-L,,,,,,,,
2011,2011-05-13,ARI,LOS,3.0,4.0,False,0|0|0|0|0|0|0|1|2,0|0|0|0|1|1|2|0|x,160.0,-180.0,165.0,-185.0,,6.5,sbro,,,,,JSAUNDERS-L,CKERSHAW-L,,,,,,,,
2011,2011-05-13,SEA,CLE,4.0,5.0,False,0|0|0|0|1|0|3|0|0,1|0|1|0|0|0|0|0|3,160.0,-180.0,142.0,-162.0,,8.0,sbro,,,,,DFISTER-R,FCARMONA-R,,,,,,,,
2011,2011-05-13,KAN,DET,1.0,3.0,False,0|0|0|0|0|1|0|0|0,1|1|0|1|0|0|0|0|x,170.0,-200.0,167.0,-187.0,,7.5,sbro,,,,,LHOCHEVAR-R,VERLANDER-R,,,,,,,,
2011,2011-05-13,BOS,NYY,5.0,4.0,False,0|0|0|2|0|0|3|0|0,0|0|0|0|2|0|0|1|1,115.0,-135.0,-110.0,-110.0,,9.5,sbro,,,,,CBUCHHOLZ-R,BCOLON-R,,,,,,,,
2011,2011-05-13,BAL,TAM,0.0,3.0,False,0|0|0|0|0|0|0|0|0,0|2|0|0|0|0|0|1|x,140.0,-160.0,129.0,-149.0,,8.0,sbro,,,,,JGUTHRIE-R,JHELLICKS-R,,,,,,,,
2011,2011-05-13,LAA,TEX,1.0,4.0,False,0|0|1|0|0|0|0|0|0,1|0|0|1|1|1|0|0|x,-110.0,-110.0,-108.0,-112.0,,7.5,sbro,,,,,JERWEAVER-R,AOGANDO-R,,,,,,,,
2011,2011-05-13,TOR,MIN,2.0,0.0,False,0|0|0|0|0|0|1|0|1,0|0|0|0|0|0|0|0|0,-125.0,105.0,-127.0,107.0,,7.5,sbro,,,,,RROMERO-L,CPAVANO-R,,,,,,,,
2011,2011-05-13,CWS,OAK,4.0,3.0,False,0|4|0|0|0|0|0|0|0,0|0|0|0|0|0|3|0|0,110.0,-130.0,107.0,-127.0,,7.5,sbro,,,,,PHUMBER-R,BMCCARTHY-R,,,,,,,,
2011,2011-05-14,MIA,WAS,1.0,0.0,False,0|0|0|0|0|0|1|0|0,0|0|0|0|0|0|0|0|0,-127.0,107.0,-133.0,113.0,,7.5,sbro,,,,,ASANCHEZ-R,LHERNADEZ-R,,,,,,,,
2011,2011-05-14,PHI,ATL,3.0,5.0,False,0|0|0|0|0|1|0|2|0,2|0|0|0|0|3|0|0|x,127.0,-147.0,142.0,-162.0,,8.0,sbro,,,,,JBLANTON-R,JJURRJENS-R,,,,,,,,
2011,2011-05-14,SDG,COL,9.0,7.0,False,0|1|0|0|0|0|4|2|2,0|0|4|1|2|0|0|0|0,134.0,-154.0,175.0,-195.0,,8.5,sbro,,,,,AHARANG-R,JCHACIN-R,,,,,,,,
2011,2011-05-14,NYM,HOU,3.0,7.0,False,0|0|1|1|0|0|0|0|1,4|0|0|0|0|2|1|0|x,-106.0,-114.0,-111.0,-109.0,,8.5,sbro,,,,,RDICKEY-R,JHAPP-L,,,,,,,,
2011,2011-05-14,PIT,MIL,2.0,8.0,False,0|0|0|0|1|0|0|1|0,0|0|0|2|0|0|5|1|x,132.0,-152.0,136.0,-156.0,,8.5,sbro,,,,,JKARSTENS-R,CNARVESON-L,,,,,,,,
2011,2011-05-14,STL,CIN,3.0,7.0,False,0|0|0|0|0|0|0|3|0,0|1|1|0|2|0|1|2|x,101.0,-121.0,100.0,-120.0,,9.0,sbro,,,,,KMCCLELLA-R,JCUETO-R,,,,,,,,
2011,2011-05-14,ARI,LOS,1.0,0.0,False,0|1|0|0|0|0|0|0|0,0|0|0|0|0|0|0|0|0,119.0,-139.0,117.0,-137.0,,6.5,sbro,,,,,JCOLLMENT-R,BILLNGSLEY-R,,,,,,,,
2011,2011-05-14,SFO,CUB,3.0,0.0,False,1|0|2|0|0|0|0||,0|0|0|0|0|0|0||,-116.0,-104.0,-116.0,-104.0,,8.0,sbro,,,,,VOGELSONG-R,DDAVIS-L,,,,,,,,
2011,2011-05-14,CWS,OAK,2.0,6.0,False,0|0|0|0|0|2|0|0|0,0|2|0|0|3|0|1|0|x,-101.0,-119.0,100.0,-120.0,,7.0,sbro,,,,,GFLOYD-R,TROSS-R,,,,,,,,
2011,2011-05-14,KAN,DET,0.0,3.0,False,0|0|0|0|0|0|0|0|0,3|0|0|0|0|0|0|0|x,110.0,-130.0,143.0,-163.0,,9.0,sbro,,,,,JFRANCIS-L,BPENNY-R,,,,,,,,
2011,2011-05-14,TOR,MIN,9.0,3.0,False,1|1|0|0|0|0|0|1|0,2|0|0|0|0|1|0|0|0,-113.0,-107.0,-108.0,-112.0,,8.0,sbro,,,,,JJREYES-L,NBLACKBUR-R,,,,,,,,
2011,2011-05-14,LAA,TEX,3.0,2.0,False,0|0|0|1|0|1|0|0|1,0|1|0|0|0|0|0|1|0,-113.0,-107.0,-120.0,100.0,,7.5,sbro,,,,,DHAREN-R,DHOLLAND-L,,,,,,,,
2011,2011-05-14,BAL,TAM,6.0,0.0,False,1|0|0|0|1|2|1|1|0,0|0|0|0|0|0|0|0|0,140.0,-160.0,146.0,-166.0,,8.5,sbro,,,,,BBERGESEN-R,WDAVIS-R,,,,,,,,
2011,2011-05-14,BOS,NYY,6.0,0.0,False,0|0|0|0|2|0|4|0|0,0|0|0|0|0|0|0|0|0,103.0,-123.0,120.0,-140.0,,8.0,sbro,,,,,JBECKETT-R,CSABATHIA-L,,,,,,,,
2011,2011-05-15,STL,CIN,7.0,9.0,False,0|2|0|0|0|0|0|0|5,0|0|1|2|0|1|4|1|x,-113.0,-107.0,-108.0,-112.0,,8.0,sbro,,,,,CARPENTER-R,TWOOD-L,,,,,,,,
2011,2011-05-15,MIA,WAS,4.0,8.0,False,0|2|0|0|0|0|2|0|0,6|0|0|0|1|0|0|1|x,-110.0,-110.0,114.0,-134.0,,8.0,sbro,,,,,JVAZQUEZ-R,JMARQUIS-R,,,,,,,,
2011,2011-05-15,PHI,ATL,2.0,3.0,False,0|0|0|0|0|2|0|0|0,0|0|0|1|0|1|0|1|x,-110.0,-110.0,-118.0,-102.0,,6.5,sbro,,,,,RHALLADAY-R,THUDSON-R,,,,,,,,
2011,2011-05-15,NYM,HOU,7.0,4.0,False,0|0|0|0|4|3|0|0|0,0|1|0|1|0|1|0|1|0,-107.0,-113.0,-120.0,100.0,,8.5,sbro,,,,,CCAPUANO-L,ARODRIGUE-R,,,,,,,,
2011,2011-05-15,PIT,MIL,6.0,9.0,False,0|0|0|0|5|0|0|0|1,4|1|1|0|2|0|1|0|x,144.0,-164.0,147.0,-167.0,,7.5,sbro,,,,,KCORREIA-R,ZGREINKE-R,,,,,,,,
2011,2011-05-15,SDG,COL,8.0,2.0,False,0|0|0|3|0|0|5|0|0,1|0|0|0|0|1|0|0|0,118.0,-138.0,129.0,-149.0,,8.5,sbro,,,,,MLATOS-R,JHAMMEL-R,,,,,,,,
2011,2011-05-15,ARI,LOS,4.0,1.0,False,0|4|0|0|0|0|0|0|0,0|0|1|0|0|0|0|0|0,-113.0,-107.0,-115.0,-105.0,,7.0,sbro,,,,,IKENNEDY-R,TLILLY-L,,,,,,,,
2011,2011-05-15,BAL,TAM,9.0,3.0,False,0|1|2|0|1|4|0|0|1,0|0|1|1|0|0|0|1|0,110.0,-130.0,100.0,-120.0,,8.5,sbro,,,,,JARRIETA-R,SONNANSTIN-R,,,,,,,,
2011,2011-05-15,TOR,MIN,11.0,3.0,False,2|1|4|1|0|3|0|0|0,0|0|0|1|2|0|0|0|0,-113.0,-107.0,-134.0,114.0,,7.5,sbro,,,,,BMORROW-R,BDUENSING-L,,,,,,,,
2011,2011-05-15,LAA,TEX,4.0,5.0,False,1|0|0|0|1|2|0|0|0,0|0|3|1|0|0|0|1|x,120.0,-140.0,119.0,-139.0,,8.0,sbro,,,,,ESANTANA-R,CWILSON-L,,,,,,,,
2011,2011-05-15,CWS,OAK,4.0,3.0,False,0|0|0|1|0|1|2|0|0,0|0|0|0|1|0|2|0|0,140.0,-160.0,136.0,-156.0,,7.0,sbro,,,,,MBUEHRLE-L,TCAHILL-R,,,,,,,,
2011,2011-05-15,BOS,NYY,7.0,5.0,False,0|1|3|0|1|0|1|1|0,1|3|0|0|0|0|1|0|0,-122.0,102.0,-131.0,111.0,,8.5,sbro,,,,,JLESTER-L,FGARCIA-R,,,,,,,,
2011,2011-05-16,PIT,WAS,2.0,4.0,False,1|0|0|0|0|0|1|0|0,1|0|0|0|1|0|2|0|x,-107.0,-113.0,-110.0,-110.0,,8.0,sbro,,,,,PMAHOLM-L,JLANNAN-L,,,,,,,,
2011,2011-05-16,CUB,CIN,4.0,7.0,False,0|0|0|0|2|2|0|0|0,0|0|0|0|0|7|0|0|x,116.0,-136.0,138.0,-158.0,,7.5,sbro,,,,,CZAMBRANO-R,HBAILEY-R,,,,,,,,
2011,2011-05-16,HOU,ATL,2.0,3.0,False,0|0|0|0|1|0|1|0|0,0|0|0|0|0|2|1|0|x,190.0,-220.0,200.0,-230.0,,7.0,sbro,,,,,BMYERS-R,THANSON-R,,,,,,,,
2011,2011-05-16,MIA,NYM,2.0,1.0,False,0|0|0|0|0|0|1|0|0,0|0|0|1|0|0|0|0|0,-150.0,130.0,-155.0,135.0,,6.5,sbro,,,,,JJOHNSON-R,MPELFREY-R,,,,,,,,
2011,2011-05-16,PHI,STL,1.0,3.0,False,0|1|0|0|0|0|0|0|0,0|0|0|2|0|0|1|0|x,-130.0,110.0,-145.0,125.0,,7.0,sbro,,,,,CLEE-L,WESTBROOK-R,,,,,,,,
2011,2011-05-16,SFO,COL,4.0,7.0,False,0|0|1|0|0|3|0|0|0,0|0|0|0|2|5|0|0|x,-133.0,113.0,-149.0,129.0,,8.0,sbro,,,,,TLINCECUM-R,CMORTENSE-R,,,,,,,,
2011,2011-05-16,SDG,ARI,8.0,4.0,False,2|3|0|0|3|0|0|0|0,0|0|1|0|2|0|0|1|0,-110.0,-110.0,-102.0,-118.0,,9.5,sbro,,,,,CRICHARD-L,AGALARRAG-R,,,,,,,,
2011,2011-05-16,MIL,LOS,2.0,1.0,False,0|0|1|0|0|1|0|0|0,0|0|0|1|0|0|0|0|0,-113.0,-107.0,-122.0,102.0,,7.0,sbro,,,,,SMARCUM-R,JGARLAND-R,,,,,,,,
2011,2011-05-16,NYY,TAM,5.0,6.0,False,0|2|0|0|3|0|0|0|0,0|0|0|1|0|5|0|0|x,107.0,-127.0,122.0,-142.0,,8.0,sbro,,,,,ABURNETT-R,DPRICE-L,,,,,,,,
2011,2011-05-16,TOR,DET,4.0,2.0,False,0|0|0|0|0|0|1|3|0,1|0|0|0|0|0|0|0|1,122.0,-142.0,138.0,-158.0,,8.0,sbro,,,,,KDRABEK-R,MSCHERZER-R,,,,,,,,
2011,2011-05-16,BAL,BOS,7.0,8.0,False,2|0|1|0|2|1|1|0|0,0|0|0|0|0|5|1|0|2,165.0,-185.0,148.0,-168.0,,9.5,sbro,,,,,CTILLMAN-R,DMATSUZAK-R,,,,,,,,
2011,2011-05-16,CLE,KAN,19.0,1.0,False,2|1|0|10|4|2|0|0|0,0|0|0|1|0|0|0|0|0,-108.0,-112.0,-108.0,-112.0,,8.5,sbro,,,,,JTOMLIN-R,KDAVIES-R,,,,,,,,
2011,2011-05-16,TEX,CWS,4.0,0.0,False,0|0|2|0|0|2|0|0|0,0|0|0|0|0|0|0|0|0,100.0,-120.0,110.0,-130.0,,8.5,sbro,,,,,CLEWIS-R,EJACKSON-R,,,,,,,,
2011,2011-05-16,LAA,OAK,4.0,5.0,False,0|0|0|0|0|2|2|0|0,0|0|0|0|3|0|0|0|1,113.0,-133.0,124.0,-144.0,,6.5,sbro,,,,,JPINEIRO-R,BANDERSON-L,,,,,,,,
2011,2011-05-16,MIN,SEA,2.0,5.0,False,0|0|0|0|0|0|0|0|2,1|0|1|0|0|2|0|1|x,165.0,-185.0,142.0,-162.0,,6.5,sbro,,,,,SBAKER-R,MPINEDA-R,,,,,,,,
2011,2011-05-17,HOU,ATL,1.0,3.0,False,0|0|0|0|0|0|1|0|0,0|0|0|0|0|0|0|0|1,159.0,-179.0,147.0,-167.0,,7.0,sbro,,,,,WRODRIGEZ-L,DLOWE-R,,,,,,,,
2011,2011-05-17,SFO,COL,3.0,5.0,False,0|1|2|0|0|0|0|0|0,0|1|0|0|0|0|0|4|x,112.0,-132.0,130.0,-150.0,,8.5,sbro,,,,,JSANCHEZ-L,UJIMENEZ-R,,,,,,,,
2011,2011-05-17,CUB,CIN,5.0,7.0,False,3|0|0|0|0|0|1|1|0,0|0|0|3|0|0|0|4|x,110.0,-130.0,106.0,-126.0,,7.5,sbro,,,,,MGARZA-R,EVOLQUEZ-R,,,,,,,,
2011,2011-05-17,PHI,STL,1.0,2.0,False,0|0|0|0|0|0|0|1|0,0|0|0|1|0|0|0|0|1,110.0,-130.0,135.0,-155.0,,7.0,sbro,,,,,ROSWALT-R,JGARCIA-L,,,,,,,,
2011,2011-05-17,SDG,ARI,1.0,6.0,False,1|0|0|0|0|0|0|0|0,1|0|0|1|0|2|2|0|x,110.0,-130.0,129.0,-149.0,,8.5,sbro,,,,,TSTAUFFER-R,DHUDSON-R,,,,,,,,
2011,2011-05-17,MIL,LOS,0.0,3.0,False,0|0|0|0|0|0|0|0|0,2|0|0|0|0|0|0|1|x,110.0,-130.0,-106.0,-114.0,,7.0,sbro,,,,,RWOLF-L,HKURODA-R,,,,,,,,
2011,2011-05-17,NYY,TAM,6.0,2.0,False,0|0|0|1|0|1|2|0|2,0|0|1|0|0|0|0|0|1,130.0,-150.0,123.0,-143.0,,8.5,sbro,,,,,INOVA-R,JSHIELDS-R,,,,,,,,
2011,2011-05-17,CLE,KAN,7.0,3.0,False,3|0|0|1|2|0|1|0|0,0|1|0|0|0|1|0|0|1,-115.0,-105.0,-108.0,-112.0,,9.0,sbro,,,,,CCARRASCO-R,O'SULLIVAN-R,,,,,,,,
2011,2011-05-17,TEX,CWS,3.0,4.0,False,1|1|0|1|0|0|0|0|0,0|0|0|0|3|0|0|1|x,103.0,-123.0,120.0,-140.0,,9.0,sbro,,,,,MHARRISON-L,JDANKS-L,,,,,,,,
2011,2011-05-17,LAA,OAK,0.0,14.0,False,0|0|0|0|0|0|0|0|0,0|3|4|1|0|6|0|0|x,127.0,-147.0,128.0,-148.0,,7.0,sbro,,,,,TCHATWOOD-R,GGONZALEZ-L,,,,,,,,
2011,2011-05-17,MIN,SEA,2.0,1.0,False,2|0|0|0|0|0|0|0|0,0|0|0|0|1|0|0|0|0,160.0,-180.0,160.0,-180.0,,6.5,sbro,,,,,FLIRIANO-L,FHERNANDZ-R,,,,,,,,
2011,2011-05-18,COL,PHI,1.0,2.0,False,0|0|0|0|0|0|1|0|0,0|0|0|0|1|0|0|1|x,119.0,-139.0,124.0,-144.0,,7.0,sbro,,,,,DELAROSA-L,CHAMELS-L,,,,,,,,
2011,2011-05-18,CUB,MIA,7.0,5.0,False,0|0|1|0|2|2|0|2|0,1|0|0|0|4|0|0|0|0,-102.0,-118.0,127.0,-147.0,,7.5,sbro,,,,,RDEMPSTER-R,RNOLASCO-R,,,,,,,,
2011,2011-05-18,PIT,CIN,5.0,0.0,False,0|0|0|3|0|0|2|0|0,0|0|0|0|0|0|0|0|0,132.0,-152.0,130.0,-150.0,,8.0,sbro,,,,,CMORTON-R,BARROYO-R,,,,,,,,
2011,2011-05-18,WAS,NYM,0.0,3.0,False,0|0|0|0|0|0|0|0|0,1|0|0|0|0|2|0|0|x,-109.0,-111.0,100.0,-120.0,,7.5,sbro,,,,,GORZELANNY-L,JNIESE-L,,,,,,,,
2011,2011-05-18,HOU,STL,1.0,5.0,False,0|0|0|0|0|0|1|0|0,0|0|4|0|1|0|0|0|x,158.0,-178.0,152.0,-172.0,,7.5,sbro,,,,,BNORRIS-R,KLOHSE-R,,,,,,,,
2011,2011-05-18,ATL,ARI,4.0,5.0,False,0|0|0|0|0|1|2|0|0,1|0|0|1|0|0|1|0|0,-113.0,-107.0,-119.0,-101.0,,9.5,sbro,,,,,JTEHERAN-R,JSAUNDERS-L,,,,,,,,
2011,2011-05-18,MIL,SDG,5.0,2.0,False,0|0|0|1|0|2|2|0|0,0|0|0|2|0|0|0|0|0,-122.0,102.0,-130.0,110.0,,6.5,sbro,,,,,YGALLARDO-R,DMOSELEY-R,,,,,,,,
2011,2011-05-18,SFO,LOS,8.0,5.0,False,0|0|1|3|0|0|0|1|3,0|0|0|0|1|0|1|3|0,118.0,-138.0,112.0,-132.0,,6.0,sbro,,,,,MCAIN-R,CKERSHAW-L,,,,,,,,
2011,2011-05-18,DET,BOS,0.0,1.0,False,0|0|0|0|0|0|0|0|0,0|0|0|0|0|0|0|1|x,130.0,-150.0,160.0,-180.0,,9.0,sbro,,,,,PCOKE-L,CBUCHHOLZ-R,,,,,,,,
2011,2011-05-18,TAM,TOR,6.0,5.0,False,0|3|3|0|0|0|0|0|0,0|0|0|1|1|2|0|0|1,105.0,-125.0,-112.0,-108.0,,8.0,sbro,,,,,JHELLICKS-R,JLITSCH-R,,,,,,,,
2011,2011-05-18,NYY,BAL,4.0,1.0,False,0|0|0|1|0|0|0|0|0,0|0|0|0|0|0|0|0|1,-109.0,-111.0,-104.0,-116.0,,8.5,sbro,,,,,BCOLON-R,ZBRITTON-L,,,,,,,,
2011,2011-05-18,CLE,CWS,0.0,1.0,False,0|0|0|0|0|0|0|0|0,1|0|0|0|0|0|0|0|x,-106.0,-114.0,-110.0,-110.0,,7.5,sbro,,,,,MASTERSON-R,JPEAVY-R,,,,,,,,
2011,2011-05-18,TEX,KAN,5.0,4.0,False,0|0|1|1|0|0|0|0|1,0|2|0|0|0|0|0|0|1,-142.0,122.0,-125.0,105.0,,7.5,sbro,,,,,AOGANDO-R,DDUFFY-L,,,,,,,,
2011,2011-05-18,MIN,OAK,4.0,3.0,False,1|0|2|0|0|0|0|0|0,0|2|0|0|0|1|0|0|0,145.0,-165.0,156.0,-176.0,,7.0,sbro,,,,,CPAVANO-R,BMCCARTHY-R,,,,,,,,
2011,2011-05-18,LAA,SEA,0.0,3.0,False,0|0|0|0|0|0|0|0|0,1|0|2|0|0|0|0|0|x,-134.0,114.0,-147.0,127.0,,6.0,sbro,,,,,JERWEAVER-R,JVARGAS-L,,,,,,,,
2011,2011-05-19,PIT,CIN,5.0,3.0,False,0|0|0|0|3|1|0|1|0,0|1|0|0|0|0|0|1|1,170.0,-200.0,156.0,-176.0,,8.0,sbro,,,,,JMCDONALD-R,JCUETO-R,,,,,,,,
2011,2011-05-19,WAS,NYM,0.0,1.0,False,0|0|0|0|0|0|0|0|0,0|0|0|1|0|0|0|0|x,110.0,-130.0,106.0,-126.0,,7.5,sbro,,,,,LHERNADEZ-R,DGEE-R,,,,,,,,
2011,2011-05-19,HOU,STL,2.0,4.0,False,0|0|0|1|0|0|0|1|0,0|2|0|0|0|1|1|0|x,170.0,-200.0,134.0,-154.0,,8.0,sbro,,,,,JHAPP-L,KMCCLELLA-R,,,,,,,,
2011,2011-05-19,COL,PHI,7.0,1.0,False,3|0|2|0|2|0|0|0|0,0|0|0|1|0|0|0|0|0,-110.0,-110.0,-130.0,110.0,,8.0,sbro,,,,,JCHACIN-R,KKENDRICK-R,,,,,,,,
2011,2011-05-19,CUB,MIA,5.0,1.0,False,0|1|0|2|0|0|0|0|2,0|0|0|0|0|0|0|1|0,145.0,-165.0,137.0,-157.0,,9.0,sbro,,,,,CCOLEMAN-R,CVOLSTAD-R,,,,,,,,
2011,2011-05-19,ATL,ARI,1.0,2.0,False,0|0|0|0|0|0|0|0|1,0|0|0|0|0|2|0|0|x,-125.0,105.0,-113.0,-107.0,,8.0,sbro,,,,,JJURRJENS-R,JCOLLMENT-R,,,,,,,,
2011,2011-05-19,MIL,SDG,0.0,1.0,False,0|0|0|0|0|0|0|0|0,0|0|0|0|0|0|0|0|1,-115.0,-105.0,-111.0,-109.0,,6.5,sbro,,,,,CNARVESON-L,AHARANG-R,,,,,,,,
2011,2011-05-19,SFO,LOS,3.0,1.0,False,0|1|1|0|0|1|0|0|0,0|0|0|0|0|0|0|0|1,110.0,-130.0,-103.0,-117.0,,6.5,sbro,,,,,MBUMGARNR-L,BILLNGSLEY-R,,,,,,,,
2011,2011-05-19,MIN,OAK,11.0,1.0,False,1|1|0|0|2|0|0|6|1,0|0|0|0|0|0|1|0|0,170.0,-200.0,141.0,-161.0,,7.5,sbro,,,,,NBLACKBUR-R,TROSS-R,,,,,,,,
2011,2011-05-19,LAA,SEA,1.0,2.0,False,0|0|0|1|0|0|0|0|0,0|0|0|0|1|0|0|0|1,-145.0,125.0,-140.0,120.0,,6.5,sbro,,,,,DHAREN-R,DFISTER-R,,,,,,,,
2011,2011-05-19,DET,BOS,3.0,4.0,False,0|1|0|0|0|0|0|2|0,0|1|0|1|0|0|1|0|1,125.0,-145.0,116.0,-136.0,,7.0,sbro,,,,,VERLANDER-R,JBECKETT-R,,,,,,,,
2011,2011-05-19,NYY,BAL,13.0,2.0,False,5|0|0|4|1|1|0|0|2,0|0|0|0|0|0|0|0|2,-165.0,145.0,-172.0,152.0,,8.5,sbro,,,,,CSABATHIA-L,BBERGESEN-R,,,,,,,,
2011,2011-05-19,TAM,TOR,2.0,3.0,False,0|0|0|0|1|0|0|1|0,0|1|0|0|0|0|2|0|x,125.0,-145.0,118.0,-138.0,,8.0,sbro,,,,,WDAVIS-R,RROMERO-L,,,,,,,,
2011,2011-05-19,CLE,CWS,2.0,8.0,False,1|0|0|0|0|0|0|0|1,2|4|0|0|2|0|0|0|x,-105.0,-115.0,112.0,-132.0,,8.0,sbro,,,,,FCARMONA-R,GFLOYD-R,,,,,,,,
2011,2011-05-19,TEX,KAN,1.0,2.0,False,0|1|0|0|0|0|0|0|0,0|0|0|0|0|0|0|0|1,-110.0,-110.0,-105.0,-105.0,,8.5,sbro,,,,,DHOLLAND-L,LHOCHEVAR-R,,,,,,,,
2011,2011-05-20,COL,MIL,6.0,7.0,False,0|0|2|0|1|1|0|0|0,1|0|0|1|0|1|0|1|0,110.0,-130.0,115.0,-135.0,,7.5,sbro,,,,,JHAMMEL-R,ZGREINKE-R,,,,,,,,
2011,2011-05-20,CUB,BOS,5.0,15.0,False,0|0|2|0|3|0|0|0|0,2|0|2|4|2|0|0|5|x,195.0,-225.0,220.0,-260.0,,8.5,sbro,,,,,DDAVIS-L,JLESTER-L,,,,,,,,
2011,2011-05-20,CIN,CLE,4.0,5.0,False,0|0|2|0|0|2|0|0|0,0|0|0|0|0|4|0|1|x,-106.0,-114.0,-105.0,-105.0,,8.5,sbro,,,,,TWOOD-L,AWHITE-R,,,,,,,,
2011,2011-05-20,TEX,PHI,2.0,3.0,False,1|0|0|0|0|0|0|1|0,0|2|0|1|0|0|0|0|x,148.0,-168.0,139.0,-159.0,,7.0,sbro,,,,,CWILSON-L,RHALLADAY-R,,,,,,,,
2011,2011-05-20,WAS,BAL,17.0,5.0,False,0|3|0|3|6|1|1|1|2,0|0|3|2|0|0|0|0|0,127.0,-147.0,123.0,-143.0,,8.0,sbro,,,,,JMARQUIS-R,JARRIETA-R,,,,,,,,
2011,2011-05-20,HOU,TOR,5.0,2.0,False,0|0|0|0|0|0|0|2|3,0|1|0|0|0|1|0|0|0,130.0,-150.0,158.0,-178.0,,9.0,sbro,,,,,ARODRIGUE-R,JJREYES-L,,,,,,,,
2011,2011-05-20,NYM,NYY,2.0,1.0,False,0|0|0|1|0|1|0|0|0,0|0|1|0|0|0|0|0|0,145.0,-165.0,170.0,-200.0,,9.5,sbro,,,,,RDICKEY-R,FGARCIA-R,,,,,,,,
2011,2011-05-20,DET,PIT,1.0,10.0,False,0|0|0|0|0|1|0|0|0,0|0|0|1|0|6|0|3|x,-124.0,104.0,-114.0,-106.0,,8.0,sbro,,,,,BPENNY-R,JKARSTENS-R,,,,,,,,
2011,2011-05-20,TAM,MIA,3.0,5.0,False,2|0|0|0|0|0|1|0|0,1|0|0|2|0|0|0|2|x,134.0,-154.0,135.0,-155.0,,8.0,sbro,,,,,SONNANSTIN-R,ASANCHEZ-R,,,,,,,,
2011,2011-05-20,STL,KAN,0.0,3.0,False,0|0|0|0|0|0|0|0|0,0|0|0|0|0|0|3|0|x,-130.0,110.0,-127.0,107.0,,9.0,sbro,,,,,CARPENTER-R,JFRANCIS-L,,,,,,,,
2011,2011-05-20,LOS,CWS,6.0,4.0,False,2|0|0|0|0|0|0|0|1,0|3|0|0|0|0|0|0|0,118.0,-138.0,133.0,-153.0,,8.0,sbro,,,,,TLILLY-L,PHUMBER-R,,,,,,,,
2011,2011-05-20,MIN,ARI,7.0,8.0,False,0|1|0|0|0|1|0|2|3,0|0|0|0|1|0|5|2|x,155.0,-175.0,141.0,-161.0,,8.0,sbro,,,,,BDUENSING-L,IKENNEDY-R,,,,,,,,
2011,2011-05-20,ATL,LAA,0.0,9.0,False,0|0|0|0|0|0|0|0|0,0|0|6|2|0|1|0|0|x,-122.0,102.0,-106.0,-114.0,,7.0,sbro,,,,,THUDSON-R,ESANTANA-R,,,,,,,,
2011,2011-05-20,SEA,SDG,4.0,1.0,False,0|2|0|1|0|1|0|0|0,0|0|0|0|0|0|0|0|1,115.0,-135.0,116.0,-136.0,,6.0,sbro,,,,,EBEDARD-L,MLATOS-R,,,,,,,,
2011,2011-05-20,OAK,SFO,1.0,2.0,False,0|0|0|0|1|0|0|0|0,1|0|0|0|0|0|0|0|0,-106.0,-114.0,-114.0,-106.0,,6.5,sbro,,,,,TCAHILL-R,VOGELSONG-R,,,,,,,,
2011,2011-05-21,COL,MIL,2.0,3.0,False,1|0|0|0|0|0|0|0|1,2|0|0|0|1|0|0|0|x,134.0,-154.0,135.0,-155.0,,7.5,sbro,,,,,CMORTENSE-R,SMARCUM-R,,,,,,,,
2011,2011-05-21,HOU,TOR,5.0,7.0,False,2|0|1|0|1|0|0|0|1,0|0|0|0|0|3|3|1|x,170.0,-190.0,175.0,-195.0,,7.5,sbro,,,,,BMYERS-R,BMORROW-R,,,,,,,,
2011,2011-05-21,STL,KAN,3.0,0.0,False,0|0|0|0|0|0|0|2|1,0|0|0|0|0|0|0|0|0,-125.0,105.0,-122.0,102.0,,9.5,sbro,,,,,WESTBROOK-R,NADCOCK-R,,,,,,,,
2011,2011-05-21,LOS,CWS,2.0,9.0,False,0|0|1|0|0|1|0|0|0,1|0|0|6|0|0|2|0|x,118.0,-138.0,130.0,-150.0,,8.0,sbro,,,,,JGARLAND-R,MBUEHRLE-L,,,,,,,,
2011,2011-05-21,CIN,CLE,1.0,2.0,False,0|0|0|0|0|0|1|0|0,0|0|0|0|0|0|2|0|x,-110.0,-110.0,-107.0,-113.0,,7.5,sbro,,,,,HBAILEY-R,JTOMLIN-R,,,,,,,,
2011,2011-05-21,WAS,BAL,3.0,8.0,False,0|0|2|0|0|0|0|0|1,0|0|4|0|0|0|4|0|x,135.0,-155.0,118.0,-138.0,,8.5,sbro,,,,,JLANNAN-L,JGUTHRIE-R,,,,,,,,
2011,2011-05-21,DET,PIT,2.0,6.0,False,0|0|0|2|0|0|0|0|0,0|0|0|0|0|3|2|1|x,-124.0,104.0,-127.0,107.0,,7.5,sbro,,,,,MSCHERZER-R,KCORREIA-R,,,,,,,,
2011,2011-05-21,OAK,SFO,0.0,3.0,False,0|0|0|0|0|0|0|0|0,1|0|0|0|0|0|0|2|x,130.0,-150.0,123.0,-143.0,,6.0,sbro,,,,,BANDERSON-L,TLINCECUM-R,,,,,,,,
2011,2011-05-21,TAM,MIA,3.0,5.0,False,0|0|0|0|0|0|0|3|0,2|0|0|0|0|1|2|0|x,-150.0,130.0,-162.0,142.0,,8.0,sbro,,,,,DPRICE-L,JVAZQUEZ-R,,,,,,,,
2011,2011-05-21,TEX,PHI,0.0,2.0,False,0|0|0|0|0|0|0|0|0,0|1|0|0|0|1|0|0|x,139.0,-159.0,132.0,-152.0,,7.0,sbro,,,,,CLEWIS-R,CLEE-L,,,,,,,,
2011,2011-05-21,NYM,NYY,3.0,7.0,False,2|0|0|0|1|0|0|0|0,0|2|2|0|0|2|0|1|x,153.0,-173.0,175.0,-195.0,,9.0,sbro,,,,,CCAPUANO-L,ABURNETT-R,,,,,,,,
2011,2011-05-21,CUB,BOS,9.0,3.0,False,0|0|1|0|0|0|0|8|0,0|0|0|2|0|1|0|0|0,122.0,-142.0,138.0,-158.0,,9.0,sbro,,,,,CZAMBRANO-R,AACEVES-R,,,,,,,,
2011,2011-05-21,MIN,ARI,6.0,9.0,False,0|1|0|0|1|2|0|2|0,0|0|0|1|0|2|0|6|x,-105.0,-115.0,-105.0,-105.0,,9.5,sbro,,,,,SBAKER-R,MOWINGS-R,,,,,,,,
2011,2011-05-21,SEA,SDG,4.0,0.0,False,0|2|0|1|0|1|0|0|0,0|0|0|0|0|0|0|0|0,-122.0,102.0,-120.0,100.0,,5.5,sbro,,,,,MPINEDA-R,CRICHARD-L,,,,,,,,
2011,2011-05-21,ATL,LAA,5.0,4.0,False,0|0|0|0|0|0|4|0|0,2|0|0|0|2|0|0|0|0,-127.0,107.0,-117.0,-103.0,,7.0,sbro,,,,,THANSON-R,JPINEIRO-R,,,,,,,,
2011,2011-05-22,COL,MIL,1.0,3.0,False,0|0|1|0|0|0|0|0|0,0|0|3|0|0|0|0|0|x,-115.0,-105.0,-123.0,103.0,,7.5,sbro,,,,,UJIMENEZ-R,RWOLF-L,,,,,,,,
2011,2011-05-22,CIN,CLE,4.0,12.0,False,1|0|0|1|0|2|0|0|0,4|1|2|0|0|1|4|0|x,-105.0,-115.0,-110.0,-110.0,,8.5,sbro,,,,,EVOLQUEZ-R,CCARRASCO-R,,,,,,,,
2011,2011-05-22,NYM,NYY,3.0,9.0,False,0|3|0|0|0|0|0|0|0,1|0|0|0|0|0|8|0|x,155.0,-175.0,160.0,-180.0,,9.0,sbro,,,,,MPELFREY-R,INOVA-R,,,,,,,,
2011,2011-05-22,HOU,TOR,3.0,2.0,False,0|0|1|0|2|0|0|0|0,0|0|1|0|0|1|0|0|0,115.0,-135.0,118.0,-138.0,,7.5,sbro,,,,,WRODRIGEZ-L,KDRABEK-R,,,,,,,,
2011,2011-05-22,TAM,MIA,4.0,0.0,False,0|2|2|0|0|0|0|0|0,0|0|0|0|0|0|0|0|0,-130.0,110.0,-143.0,123.0,,8.0,sbro,,,,,JSHIELDS-R,JBUENTE-R,,,,,,,,
2011,2011-05-22,DET,PIT,2.0,0.0,False,0|1|0|1|0|0|0|0|0,0|0|0|0|0|0|0|0|0,-110.0,-110.0,-130.0,110.0,,8.0,sbro,,,,,RPORCELLO-R,PMAHOLM-L,,,,,,,,
2011,2011-05-22,TEX,PHI,2.0,0.0,False,0|0|0|0|0|1|0|1|0,0|0|0|0|0|0|0|0|0,145.0,-165.0,120.0,-140.0,,8.0,sbro,,,,,MHARRISON-L,ROSWALT-R,,,,,,,,
2011,2011-05-22,WAS,BAL,1.0,2.0,False,0|0|0|1|0|0|0|0|0,0|0|0|0|0|0|2|0|x,-105.0,-115.0,-109.0,-111.0,,8.5,sbro,,,,,JZIMMERMN-R,CTILLMAN-R,,,,,,,,
2011,2011-05-22,STL,KAN,9.0,8.0,False,0|0|3|3|1|0|0|0|0,0|0|1|0|1|3|2|0|0,-155.0,135.0,-168.0,148.0,,8.5,sbro,,,,,JGARCIA-L,O'SULLIVAN-R,,,,,,,,
2011,2011-05-22,LOS,CWS,3.0,8.0,False,0|0|0|0|1|0|2|0|0,3|1|0|2|0|0|0|2|x,107.0,-127.0,105.0,-125.0,,8.0,sbro,,,,,HKURODA-R,EJACKSON-R,,,,,,,,
2011,2011-05-22,ATL,LAA,1.0,4.0,False,0|1|0|0|0|0|0|0|0,0|0|0|2|0|1|1|0|x,-140.0,120.0,-128.0,108.0,,8.0,sbro,,,,,DLOWE-R,TCHATWOOD-R,,,,,,,,
2011,2011-05-22,SEA,SDG,6.0,1.0,False,0|1|2|0|0|0|2|0|1,0|0|0|0|0|0|1|0|0,-140.0,120.0,-137.0,117.0,,5.5,sbro,,,,,FHERNANDZ-R,TSTAUFFER-R,,,,,,,,
2011,2011-05-22,OAK,SFO,4.0,5.0,False,0|0|0|0|0|1|2|1|0,1|0|1|0|0|0|0|2|0,110.0,-130.0,-105.0,-105.0,,6.5,sbro,,,,,GGONZALEZ-L,JSANCHEZ-L,,,,,,,,
2011,2011-05-22,MIN,ARI,2.0,3.0,False,0|0|0|0|1|0|1|0|0,0|0|0|2|0|0|1|0|x,140.0,-160.0,134.0,-154.0,,8.0,sbro,,,,,FLIRIANO-L,DHUDSON-R,,,,,,,,
2011,2011-05-22,CUB,BOS,1.0,5.0,False,0|0|0|0|0|0|1|0|0,0|0|0|2|1|0|2|0|x,120.0,-140.0,170.0,-200.0,,10.0,sbro,,,,,JRUSSELL-L,WAKEFIELD-R,,,,,,,,
2011,2011-05-23,CIN,PHI,3.0,10.0,False,0|0|0|3|0|0|0|0|0,2|0|7|1|0|0|0|0|x,145.0,-165.0,146.0,-166.0,,7.5,sbro,,,,,BARROYO-R,CHAMELS-L,,,,,,,,
2011,2011-05-23,LOS,HOU,3.0,4.0,False,0|1|0|0|0|0|2|0|0,0|0|1|0|0|0|0|0|3,-137.0,117.0,-125.0,105.0,,6.5,sbro,,,,,CKERSHAW-L,BNORRIS-R,,,,,,,,
2011,2011-05-23,WAS,MIL,3.0,11.0,False,0|1|0|0|0|0|0|0|2,3|0|0|0|3|0|0|5|x,139.0,-159.0,152.0,-172.0,,7.5,sbro,,,,,GORZELANNY-L,YGALLARDO-R,,,,,,,,
2011,2011-05-23,STL,SDG,3.0,1.0,False,0|0|0|0|0|1|0|0|2,0|0|0|0|0|0|1|0|0,-123.0,103.0,-121.0,101.0,,6.5,sbro,,,,,KLOHSE-R,DMOSELEY-R,,,,,,,,
2011,2011-05-23,TAM,DET,3.0,6.0,False,0|0|0|1|0|0|0|0|2,0|0|0|0|1|1|0|4|x,-113.0,-107.0,-112.0,-108.0,,8.0,sbro,,,,,JHELLICKS-R,PCOKE-L,,,,,,,,
2011,2011-05-23,BOS,CLE,2.0,3.0,False,0|0|1|0|1|0|0|0|0,0|0|0|1|0|0|0|2|x,-110.0,-110.0,-118.0,-102.0,,8.0,sbro,,,,,CBUCHHOLZ-R,MASTERSON-R,,,,,,,,
2011,2011-05-23,TOR,NYY,7.0,3.0,False,1|0|0|0|0|5|0|1|0,0|0|0|1|0|1|0|1|0,140.0,-160.0,169.0,-189.0,,8.5,sbro,,,,,VILLANUEVA-R,BCOLON-R,,,,,,,,
2011,2011-05-23,CWS,TEX,0.0,4.0,False,0|0|0|0|0|0|0|0|0,1|0|0|0|0|2|0|1|x,134.0,-154.0,132.0,-152.0,,8.0,sbro,,,,,JDANKS-L,AOGANDO-R,,,,,,,,
2011,2011-05-23,SEA,MIN,8.0,7.0,False,2|1|1|0|0|0|0|2|1,1|0|0|3|1|0|2|0|0,-114.0,-106.0,-113.0,-107.0,,7.5,sbro,,,,,JVARGAS-L,CPAVANO-R,,,,,,,,
2011,2011-05-23,OAK,LAA,1.0,4.0,False,0|0|1|0|0|0|0|0|0,1|0|0|0|0|0|0|3|x,170.0,-190.0,175.0,-195.0,,7.0,sbro,,,,,JOUTMAN-L,JERWEAVER-R,,,,,,,,
2011,2011-05-24,ATL,PIT,2.0,0.0,False,0|1|1|0|0|0|0|0|0,0|0|0|0|0|0|0|0|0,-130.0,110.0,-113.0,-107.0,,7.0,sbro,,,,,JJURRJENS-R,CMORTON-R,,,,,,,,
2011,2011-05-24,CIN,PHI,6.0,3.0,False,1|0|0|0|2|0|0|0|3,0|2|0|1|0|0|0|0|0,110.0,-130.0,-102.0,-118.0,,8.0,sbro,,,,,JCUETO-R,VWORLEY-R,,,,,,,,
2011,2011-05-24,LOS,HOU,5.0,4.0,False,0|1|4|0|0|0|0|0|0,0|0|3|0|0|1|0|0|0,-135.0,115.0,-123.0,103.0,,7.0,sbro,,,,,BILLNGSLEY-R,JHAPP-L,,,,,,,,
2011,2011-05-24,NYM,CUB,1.0,11.0,False,0|0|0|0|1|0|0|0|0,0|5|0|0|1|1|4|0|x,105.0,-125.0,115.0,-135.0,,7.0,sbro,,,,,JNIESE-L,RDEMPSTER-R,,,,,,,,
2011,2011-05-24,WAS,MIL,6.0,7.0,False,0|1|4|1|0|0|0|0|0,2|0|0|1|0|0|2|2|x,135.0,-155.0,147.0,-167.0,,8.5,sbro,,,,,LHERNADEZ-R,CNARVESON-L,,,,,,,,
2011,2011-05-24,ARI,COL,5.0,2.0,False,1|0|0|1|0|3|0|0|0,0|1|0|0|0|0|1|0|0,130.0,-150.0,152.0,-172.0,,8.0,sbro,,,,,JSAUNDERS-L,JCHACIN-R,,,,,,,,
2011,2011-05-24,STL,SDG,3.0,2.0,False,1|0|0|0|0|0|1|0|0,2|0|0|0|0|0|0|0|0,-140.0,120.0,-110.0,-110.0,,6.5,sbro,,,,,KMCCLELLA-R,AHARANG-R,,,,,,,,
2011,2011-05-24,MIA,SFO,5.0,1.0,False,0|0|3|1|0|0|0|0|1,0|0|0|0|0|0|0|0|1,130.0,-150.0,114.0,-134.0,,6.5,sbro,,,,,RNOLASCO-R,MCAIN-R,,,,,,,,
2011,2011-05-24,KAN,BAL,3.0,5.0,False,1|0|1|0|0|1|0|0|0,0|0|0|0|0|2|0|0|3,155.0,-175.0,145.0,-165.0,,8.5,sbro,,,,,DDUFFY-L,ZBRITTON-L,,,,,,,,
2011,2011-05-24,TOR,NYY,4.0,5.0,False,0|0|1|3|0|0|0|0|0,0|1|0|0|0|0|0|2|2,150.0,-170.0,140.0,-160.0,,7.5,sbro,,,,,RROMERO-L,CSABATHIA-L,,,,,,,,
2011,2011-05-24,BOS,CLE,4.0,2.0,False,0|0|2|0|0|0|2|0|0,0|1|0|0|0|0|0|0|1,-130.0,110.0,-142.0,122.0,,7.5,sbro,,,,,JBECKETT-R,FCARMONA-R,,,,,,,,
2011,2011-05-24,TAM,DET,6.0,7.0,False,0|0|1|2|0|3|0|0|0,0|1|0|0|3|1|0|2|x,155.0,-175.0,141.0,-161.0,,7.5,sbro,,,,,WDAVIS-R,VERLANDER-R,,,,,,,,
2011,2011-05-24,CWS,TEX,8.0,6.0,False,1|0|3|0|0|2|1|0|1,1|0|1|0|2|1|0|1|0,-105.0,-115.0,112.0,-132.0,,9.0,sbro,,,,,JPEAVY-R,DHOLLAND-L,,,,,,,,
2011,2011-05-24,SEA,MIN,2.0,4.0,False,0|0|0|2|0|0|0|0|0,1|0|1|0|0|0|2|0|x,-110.0,-110.0,-108.0,-112.0,,7.5,sbro,,,,,DFISTER-R,NBLACKBUR-R,,,,,,,,
2011,2011-05-24,OAK,LAA,6.0,1.0,False,0|1|2|2|0|0|0|0|1,0|0|0|0|0|0|0|1|0,175.0,-195.0,175.0,-195.0,,7.0,sbro,,,,,GMOSCOSO-R,DHAREN-R,,,,,,,,
2011,2011-05-24,ARI,COL,4.0,12.0,False,0|0|3|0|0|0|0|1|0,0|0|0|2|3|2|5|0|x,165.0,-185.0,145.0,-165.0,,8.0,sbro,,,,,JCOLLMENT-R,DELAROSA-L,,,,,,,,
2011,2011-05-25,ATL,PIT,4.0,2.0,False,1|0|0|0|0|1|0|0|0,0|0|1|0|0|0|1|0|0,-110.0,-110.0,-110.0,-110.0,,8.0,sbro,,,,,MMINOR-L,JMCDONALD-R,,,,,,,,
2011,2011-05-25,WAS,MIL,4.0,6.0,False,0|0|0|3|0|0|0|1|0,2|0|1|0|1|0|1|1|x,147.0,-167.0,150.0,-170.0,,7.5,sbro,,,,,JMARQUIS-R,ZGREINKE-R,,,,,,,,
2011,2011-05-25,STL,SDG,1.0,3.0,False,1|0|0|0|0|0|0|0|0,0|1|0|0|0|0|0|2|x,-130.0,110.0,-112.0,-108.0,,6.5,sbro,,,,,CARPENTER-R,MLATOS-R,,,,,,,,
2011,2011-05-25,CIN,PHI,4.0,5.0,False,0|0|0|0|1|0|2|0|0,2|1|0|0|0|0|0|0|0,170.0,-200.0,163.0,-183.0,,7.0,sbro,,,,,TWOOD-L,RHALLADAY-R,,,,,,,,
2011,2011-05-25,NYM,CUB,7.0,4.0,False,1|5|0|0|1|0|x|x|x,4|0|0|0|0|0|x|x|x,-120.0,100.0,-107.0,-113.0,,9.0,sbro,,,,,DGEE-R,CCOLEMAN-R,,,,,,,,
2011,2011-05-25,LOS,HOU,1.0,2.0,False,0|0|0|0|0|1|0|0|0,1|0|0|0|0|0|0|0|1,-130.0,110.0,-118.0,-102.0,,8.0,sbro,,,,,TLILLY-L,ARODRIGUE-R,,,,,,,,
2011,2011-05-25,ARI,COL,2.0,1.0,False,0|0|0|0|0|2|0|0|0,0|0|0|1|0|0|0|0|0,-105.0,-115.0,103.0,-123.0,,8.5,sbro,,,,,IKENNEDY-R,JHAMMEL-R,,,,,,,,
2011,2011-05-25,MIA,SFO,7.0,6.0,False,2|0|0|0|1|0|0|0|3,0|0|2|0|0|0|0|0|4,121.0,-141.0,118.0,-138.0,,7.5,sbro,,,,,CVOLSTAD-R,MBUMGARNR-L,,,,,,,,
2011,2011-05-25,BOS,CLE,14.0,2.0,False,7|0|1|1|0|5|0|0|0,0|0|0|0|0|0|0|2|0,-164.0,144.0,-169.0,149.0,,8.0,sbro,,,,,JLESTER-L,MTALBOT-R,,,,,,,,
2011,2011-05-25,TOR,NYY,3.0,7.0,False,0|0|0|0|0|1|2|0|0,1|2|2|0|0|2|0|0|x,152.0,-172.0,137.0,-157.0,,9.0,sbro,,,,,JJREYES-L,FGARCIA-R,,,,,,,,
2011,2011-05-25,SEA,MIN,3.0,0.0,False,0|2|0|1|0|0|0|0|0,0|0|0|0|0|0|0|0|0,-107.0,-113.0,-105.0,-105.0,,7.5,sbro,,,,,EBEDARD-L,BDUENSING-L,,,,,,,,
2011,2011-05-25,CWS,TEX,1.0,2.0,False,0|0|0|0|0|0|1|0|0,0|0|2|0|0|0|0|0|x,116.0,-136.0,142.0,-162.0,,8.5,sbro,,,,,GFLOYD-R,CWILSON-L,,,,,,,,
2011,2011-05-25,KAN,BAL,2.0,9.0,False,0|0|0|0|2|0|0|0|0,0|0|0|8|0|0|0|1|x,118.0,-138.0,125.0,-145.0,,8.5,sbro,,,,,LHOCHEVAR-R,JARRIETA-R,,,,,,,,
2011,2011-05-25,OAK,LAA,1.0,4.0,False,0|0|0|0|1|0|0|0|0,0|1|0|0|3|0|0|0|x,-105.0,-115.0,-108.0,-112.0,,6.5,sbro,,,,,TCAHILL-R,ESANTANA-R,,,,,,,,
2011,2011-05-26,CIN,PHI,4.0,10.0,False,0|0|0|2|0|2|0|0|0,1|0|3|0|0|3|2|1|x,134.0,-154.0,123.0,-143.0,,7.0,sbro,,,,,HBAILEY-R,CLEE-L,,,,,,,,
2011,2011-05-26,NYM,CUB,3.0,9.0,False,0|0|1|0|1|0|0|1|0,0|0|0|4|2|1|1|1|x,128.0,-148.0,115.0,-135.0,,6.5,sbro,,,,,RDICKEY-R,CZAMBRANO-R,,,,,,,,
2011,2011-05-26,MIA,SFO,1.0,0.0,False,0|0|0|0|0|1|0|0|0,0|0|0|0|0|0|0|0|0,-113.0,-107.0,-105.0,-105.0,,7.0,sbro,,,,,ASANCHEZ-R,VOGELSONG-R,,,,,,,,
2011,2011-05-26,ARI,COL,6.0,3.0,False,0|0|0|3|0|1|0|0|2,0|0|0|1|0|0|2|0|0,136.0,-156.0,140.0,-160.0,,9.5,sbro,,,,,MOWINGS-R,CMORTENSE-R,,,,,,,,
2011,2011-05-26,KAN,BAL,5.0,6.0,False,0|4|0|1|0|0|0|0|0,0|1|4|0|0|0|0|0|0,117.0,-137.0,128.0,-148.0,,8.5,sbro,,,,,JFRANCIS-L,JGUTHRIE-R,,,,,,,,
2011,2011-05-26,BOS,DET,14.0,1.0,False,0|5|2|0|0|1|1|5|x,0|0|0|1|0|0|0|0|x,-107.0,-113.0,-111.0,-109.0,,8.0,sbro,,,,,AACEVES-R,MSCHERZER-R,,,,,,,,
2011,2011-05-26,OAK,LAA,4.0,3.0,False,0|1|0|3|0|0|0|0|0,0|0|0|0|0|0|0|0|3,-113.0,-107.0,-108.0,-112.0,,7.0,sbro,,,,,BANDERSON-L,JPINEIRO-R,,,,,,,,
2011,2011-05-26,CWS,TOR,3.0,1.0,False,0|0|0|0|1|0|0|0|2,0|0|0|0|0|1|0|0|0,110.0,-130.0,126.0,-146.0,,8.0,sbro,,,,,PHUMBER-R,BMORROW-R,,,,,,,,
2011,2011-05-27,PIT,CUB,4.0,2.0,False,0|2|0|2|0|0|0|0|0,0|0|0|0|0|0|0|0|2,-105.0,-105.0,-108.0,-112.0,,7.5,sbro,,,,,KCORREIA-R,DDAVIS-L,,,,,,,,
2011,2011-05-27,SDG,WAS,1.0,2.0,False,0|0|0|0|0|0|0|0|1,0|0|0|0|1|0|0|0|1,-105.0,-115.0,106.0,-126.0,,8.0,sbro,,,,,CRICHARD-L,JLANNAN-L,,,,,,,,
2011,2011-05-27,PHI,NYM,6.0,4.0,False,0|0|1|0|1|0|0|1|3,0|0|0|0|1|1|1|0|1,-133.0,113.0,-141.0,121.0,,7.0,sbro,,,,,ROSWALT-R,CCAPUANO-L,,,,,,,,
2011,2011-05-27,CIN,ATL,5.0,1.0,False,0|1|0|1|1|0|0|0|2,0|0|0|0|0|1|0|0|0,146.0,-166.0,141.0,-161.0,,7.5,sbro,,,,,MLEAKE-R,THANSON-R,,,,,,,,
2011,2011-05-27,ARI,HOU,7.0,6.0,False,0|0|0|0|2|2|3|0|0,2|3|0|1|0|0|0|0|0,-124.0,104.0,-141.0,121.0,,7.5,sbro,,,,,DHUDSON-R,BMYERS-R,,,,,,,,
2011,2011-05-27,SFO,MIL,5.0,4.0,False,0|0|0|0|0|1|4|0|0,0|0|2|0|1|0|0|0|1,-113.0,-107.0,110.0,-130.0,,6.0,sbro,,,,,TLINCECUM-R,SMARCUM-R,,,,,,,,
2011,2011-05-27,STL,COL,10.0,3.0,False,1|0|2|0|0|3|3|0|1,0|2|1|0|0|0|0|0|0,125.0,-145.0,137.0,-157.0,,8.5,sbro,,,,,WESTBROOK-R,UJIMENEZ-R,,,,,,,,
2011,2011-05-27,MIA,LOS,2.0,3.0,False,0|0|0|0|0|1|0|1|0,0|1|0|0|0|1|0|0|1,-107.0,-113.0,-108.0,-112.0,,7.5,sbro,,,,,JVAZQUEZ-R,JGARLAND-R,,,,,,,,
2011,2011-05-27,CWS,TOR,2.0,4.0,False,0|0|1|0|1|0|0|0|0,1|0|0|1|0|0|1|1|x,110.0,-130.0,103.0,-123.0,,8.5,sbro,,,,,MBUEHRLE-L,KDRABEK-R,,,,,,,,
2011,2011-05-27,BOS,DET,6.0,3.0,False,1|0|5|0|0|0|0|0|0,1|1|0|0|0|0|0|0|1,-113.0,-107.0,-105.0,-105.0,,9.0,sbro,,,,,WAKEFIELD-R,RPORCELLO-R,,,,,,,,
2011,2011-05-27,CLE,TAM,0.0,5.0,False,0|0|0|0|0|0|0|0|0,0|4|0|0|0|0|1|0|x,130.0,-150.0,150.0,-170.0,,7.5,sbro,,,,,JTOMLIN-R,DPRICE-L,,,,,,,,
2011,2011-05-27,KAN,TEX,12.0,7.0,False,3|3|0|0|0|0|0|0|1,5|2|0|0|0|0|0|0|0,152.0,-172.0,175.0,-195.0,,9.5,sbro,,,,,NADCOCK-R,CLEWIS-R,,,,,,,,
2011,2011-05-27,LAA,MIN,6.0,5.0,False,0|0|0|0|0|0|0|5|1,1|0|1|0|2|0|1|0|0,-106.0,-114.0,113.0,-133.0,,8.0,sbro,,,,,TCHATWOOD-R,SBAKER-R,,,,,,,,
2011,2011-05-27,BAL,OAK,2.0,6.0,False,0|1|0|0|1|0|0|0|0,1|1|0|0|0|3|0|1|x,145.0,-165.0,142.0,-162.0,,7.0,sbro,,,,,CTILLMAN-R,GGONZALEZ-L,,,,,,,,
2011,2011-05-27,NYY,SEA,3.0,4.0,False,1|0|0|0|2|0|0|0|0,0|0|0|0|2|2|0|0|x,-107.0,-113.0,-107.0,-113.0,,7.0,sbro,,,,,ABURNETT-R,MPINEDA-R,,,,,,,,
2011,2011-05-28,PIT,CUB,10.0,0.0,False,0|0|0|5|0|2|2|0|1,0|0|0|0|0|0|0|0|0,120.0,-140.0,-104.0,-116.0,,9.5,sbro,,,,,PMAHOLM-L,RWELLS-R,,,,,,,,
2011,2011-05-28,SDG,WAS,2.0,1.0,False,0|0|0|2|0|0|0|0|0,0|0|0|0|0|0|1|0|0,120.0,-140.0,119.0,-139.0,,7.0,sbro,,,,,TSTAUFFER-R,JZIMMERMN-R,,,,,,,,
2011,2011-05-28,SFO,MIL,2.0,3.0,False,0|0|0|0|0|0|0|2|0,1|0|0|1|0|0|0|0|1,110.0,-130.0,122.0,-142.0,,7.5,sbro,,,,,JSANCHEZ-L,RWOLF-L,,,,,,,,
2011,2011-05-28,ARI,HOU,11.0,3.0,False,0|2|0|4|0|0|0|3|2,0|0|0|0|0|0|0|0|3,110.0,-130.0,114.0,-134.0,,8.0,sbro,,,,,ZDUKE-L,BNORRIS-R,,,,,,,,
2011,2011-05-28,CIN,ATL,6.0,7.0,False,0|0|0|5|1|0|0|0|0,1|2|2|0|1|0|0|0|0,135.0,-155.0,128.0,-148.0,,8.0,sbro,,,,,BARROYO-R,DLOWE-R,,,,,,,,
2011,2011-05-28,PHI,NYM,5.0,2.0,False,0|0|0|1|0|0|0|3|1,1|0|1|0|0|0|0|0|0,-160.0,140.0,-149.0,129.0,,7.0,sbro,,,,,CHAMELS-L,MPELFREY-R,,,,,,,,
2011,2011-05-28,STL,COL,4.0,15.0,False,0|0|0|0|1|0|0|3|0,6|1|0|5|0|0|1|2|x,-140.0,120.0,-120.0,100.0,,9.0,sbro,,,,,JGARCIA-L,JNICASIO-R,,,,,,,,
2011,2011-05-28,MIA,LOS,6.0,1.0,False,2|0|0|1|0|2|1|0|0,0|0|1|0|0|0|0|0|0,110.0,-130.0,105.0,-125.0,,7.0,sbro,,,,,BSANCHES-R,HKURODA-R,,,,,,,,
2011,2011-05-28,CWS,TOR,8.0,9.0,False,0|3|0|0|3|0|0|1|1,3|0|2|0|0|0|3|0|0,115.0,-135.0,-102.0,-118.0,,8.0,sbro,,,,,EJACKSON-R,VILLANUEVA-R,,,,,,,,
2011,2011-05-28,KAN,TEX,1.0,10.0,False,0|0|0|0|0|0|1|0|0,2|3|1|0|1|3|0|0|x,160.0,-180.0,170.0,-200.0,,10.0,sbro,,,,,O'SULLIVAN-R,MHARRISON-L,,,,,,,,
2011,2011-05-28,CLE,TAM,7.0,3.0,False,2|1|0|0|0|0|0|4|0,0|0|1|1|0|0|0|0|1,160.0,-180.0,169.0,-189.0,,7.5,sbro,,,,,CCARRASCO-R,JSHIELDS-R,,,,,,,,
2011,2011-05-28,LAA,MIN,0.0,1.0,False,0|0|0|0|0|0|0|0|0,0|0|0|0|0|0|0|0|0,-150.0,130.0,-168.0,148.0,,7.5,sbro,,,,,JERWEAVER-R,ASWARZAK-R,,,,,,,,
2011,2011-05-28,BAL,OAK,2.0,4.0,False,0|0|1|1|0|0|0|0|0,0|1|1|0|0|1|0|1|x,130.0,-150.0,125.0,-145.0,,7.5,sbro,,,,,BBERGESEN-R,JOUTMAN-L,,,,,,,,
2011,2011-05-28,NYY,SEA,4.0,5.0,False,0|1|2|0|0|0|1|0|0,0|1|0|3|0|0|0|0|0,115.0,-135.0,120.0,-140.0,,7.0,sbro,,,,,INOVA-R,FHERNANDZ-R,,,,,,,,
2011,2011-05-29,PHI,NYM,5.0,9.0,False,0|0|1|0|0|0|0|3|1,4|4|0|0|1|0|0|0|x,-135.0,115.0,-105.0,-115.0,,7.5,sbro,,,,,VWORLEY-R,JNIESE-L,,,,,,,,
2011,2011-05-29,SDG,WAS,5.0,4.0,False,0|0|0|1|3|0|0|0|1,2|0|0|0|1|1|0|0|0,100.0,-120.0,-114.0,-106.0,,8.0,sbro,,,,,DMOSELEY-R,YMAYA-R,,,,,,,,
2011,2011-05-29,ARI,HOU,4.0,2.0,False,0|0|0|0|0|1|0|3|0,0|0|0|1|1|0|0|0|0,-135.0,115.0,-115.0,-105.0,,7.5,sbro,,,,,JCOLLMENT-R,JHAPP-L,,,,,,,,
2011,2011-05-29,SFO,MIL,0.0,6.0,False,0|0|0|0|0|0|0|0|0,2|0|1|0|0|2|1|0|x,115.0,-135.0,135.0,-155.0,,7.0,sbro,,,,,MCAIN-R,YGALLARDO-R,,,,,,,,
2011,2011-05-29,PIT,CUB,2.0,3.0,False,2|0|0|0|0|0|0|0|0,0|2|1|0|0|0|0|0|x,130.0,-150.0,114.0,-134.0,,8.0,sbro,,,,,JKARSTENS-R,RDEMPSTER-R,,,,,,,,
2011,2011-05-29,STL,COL,4.0,3.0,False,3|0|0|1|0|0|0|0|0,0|0|1|0|0|0|1|0|1,100.0,-120.0,120.0,-140.0,,9.5,sbro,,,,,KLOHSE-R,JCHACIN-R,,,,,,,,
2011,2011-05-29,MIA,LOS,0.0,8.0,False,0|0|0|0|0|0|0|0|0,0|0|4|0|4|0|0|0|x,110.0,-130.0,101.0,-121.0,,6.5,sbro,,,,,RNOLASCO-R,CKERSHAW-L,,,,,,,,
2011,2011-05-29,CIN,ATL,1.0,2.0,False,0|1|0|0|0|0|0|0|0,0|0|0|0|0|2|0|0|x,125.0,-145.0,111.0,-131.0,,7.5,sbro,,,,,JCUETO-R,JJURRJENS-R,,,,,,,,
2011,2011-05-29,BOS,DET,0.0,3.0,False,0|0|0|0|0|0|0|0|0,2|0|0|0|0|0|0|1|x,-125.0,105.0,-107.0,-113.0,,7.0,sbro,,,,,JBECKETT-R,VERLANDER-R,,,,,,,,
2011,2011-05-29,CWS,TOR,4.0,13.0,False,1|0|1|0|0|0|0|0|2,6|0|0|3|3|1|0|0|x,140.0,-160.0,132.0,-152.0,,7.5,sbro,,,,,JDANKS-L,RROMERO-L,,,,,,,,
2011,2011-05-29,CLE,TAM,0.0,7.0,False,0|0|0|0|0|0|0|0|0,0|0|2|2|3|0|0|0|x,115.0,-135.0,123.0,-143.0,,7.5,sbro,,,,,MASTERSON-R,JHELLICKS-R,,,,,,,,
2011,2011-05-29,LAA,MIN,6.0,5.0,False,0|0|3|0|1|0|0|1|1,1|0|1|0|0|0|1|0|2,-140.0,120.0,-145.0,125.0,,7.0,sbro,,,,,DHAREN-R,CPAVANO-R,,,,,,,,
2011,2011-05-29,KAN,TEX,6.0,7.0,False,0|0|0|5|0|0|0|0|1,0|1|1|0|1|0|0|2|2,200.0,-230.0,180.0,-210.0,,9.0,sbro,,,,,DDUFFY-L,AOGANDO-R,,,,,,,,
2011,2011-05-29,BAL,OAK,4.0,6.0,False,0|0|0|0|4|0|0|0|0,1|0|0|0|4|1|0|0|x,-105.0,-115.0,-113.0,-107.0,,7.5,sbro,,,,,ZBRITTON-L,GMOSCOSO-R,,,,,,,,
2011,2011-05-29,NYY,SEA,7.0,1.0,False,0|1|5|1|0|0|0|0|0,0|0|0|0|0|1|0|0|0,-150.0,130.0,-165.0,145.0,,7.0,sbro,,,,,CSABATHIA-L,JVARGAS-L,,,,,,,,
2011,2011-05-29,BOS,DET,4.0,3.0,False,1|1|1|0|0|0|0|0|1,0|0|0|1|0|2|0|0|0,-125.0,105.0,-153.0,133.0,,8.5,sbro,,,,,CBUCHHOLZ-R,AOLIVER-L,,,,,,,,
2011,2011-05-30,PHI,WAS,5.0,4.0,False,0|0|0|3|0|0|2|0|0,0|2|0|0|1|1|0|0|0,-180.0,160.0,-195.0,175.0,,7.0,sbro,,,,,RHALLADAY-R,LHERNADEZ-R,,,,,,,,
2011,2011-05-30,SDG,ATL,3.0,2.0,False,1|0|1|0|0|0|0|0|0,1|0|1|0|0|0|0|0|0,160.0,-180.0,148.0,-168.0,,7.0,sbro,,,,,AHARANG-R,THUDSON-R,,,,,,,,
2011,2011-05-30,HOU,CUB,12.0,7.0,False,2|0|1|0|3|1|2|0|3,3|1|1|1|0|0|0|0|1,105.0,-125.0,133.0,-153.0,,13.0,sbro,,,,,ARODRIGUE-R,RLOPEZ-R,,,,,,,,
2011,2011-05-30,SFO,STL,7.0,3.0,False,0|1|1|5|0|0|0|0|0,0|0|2|0|0|0|0|1|0,129.0,-149.0,134.0,-154.0,,8.0,sbro,,,,,MBUMGARNR-L,KMCCLELLA-R,,,,,,,,
2011,2011-05-30,PIT,NYM,3.0,7.0,False,0|2|0|0|0|0|1|0|0,0|2|0|0|1|0|2|2|x,-107.0,-113.0,-110.0,-110.0,,7.5,sbro,,,,,CMORTON-R,DGEE-R,,,,,,,,
2011,2011-05-30,MIL,CIN,3.0,7.0,False,0|0|0|0|3|0|0|0|0,0|1|0|4|0|2|0|0|x,104.0,-124.0,-101.0,-119.0,,9.0,sbro,,,,,CNARVESON-L,TWOOD-L,,,,,,,,
2011,2011-05-30,COL,LOS,1.0,7.0,False,0|0|0|1|0|0|0|0|0,0|0|4|0|3|0|0|0|x,-103.0,-117.0,-102.0,-118.0,,7.0,sbro,,,,,JHAMMEL-R,BILLNGSLEY-R,,,,,,,,
2011,2011-05-30,MIA,ARI,4.0,15.0,False,0|0|2|0|2|0|0|0|0,0|0|4|0|2|5|4|0|x,-114.0,-106.0,112.0,-132.0,,9.5,sbro,,,,,CVOLSTAD-R,JSAUNDERS-L,,,,,,,,
2011,2011-05-30,MIN,DET,5.0,6.0,False,0|0|0|1|4|0|0|0|0,2|0|1|0|0|2|0|1|x,125.0,-145.0,120.0,-140.0,,9.0,sbro,,,,,NBLACKBUR-R,BPENNY-R,,,,,,,,
2011,2011-05-30,NYY,OAK,5.0,0.0,False,3|0|0|0|0|0|1|0|1,0|0|0|0|0|0|0|0|0,-104.0,-116.0,-111.0,-109.0,,7.5,sbro,,,,,BCOLON-R,TCAHILL-R,,,,,,,,
2011,2011-05-30,BAL,SEA,3.0,4.0,False,0|0|1|0|0|0|0|2|0,2|0|2|0|0|0|0|0|x,-112.0,-108.0,-101.0,-119.0,,7.0,sbro,,,,,JARRIETA-R,DFISTER-R,,,,,,,,
2011,2011-05-30,LAA,KAN,10.0,8.0,False,1|0|2|0|1|0|1|2|3,3|3|0|0|0|0|2|0|0,-118.0,-102.0,-110.0,-110.0,,9.0,sbro,,,,,ESANTANA-R,LHOCHEVAR-R,,,,,,,,
2011,2011-05-30,TEX,TAM,11.0,5.0,False,2|0|5|1|0|1|0|2|0,0|0|0|1|0|4|0|0|0,-107.0,-113.0,-110.0,-110.0,,8.5,sbro,,,,,DHOLLAND-L,WDAVIS-R,,,,,,,,
2011,2011-05-30,CLE,TOR,1.0,11.0,False,0|0|0|1|0|0|0|0|0,0|0|2|7|2|0|0|0|x,-107.0,-113.0,-113.0,-107.0,,8.5,sbro,,,,,FCARMONA-R,JJREYES-L,,,,,,,,
2011,2011-05-30,CWS,BOS,7.0,3.0,False,2|0|1|0|0|4|0|0|0,1|0|2|0|0|0|0|0|0,152.0,-172.0,175.0,-195.0,,8.0,sbro,,,,,JPEAVY-R,JLESTER-L,,,,,,,,
2011,2011-05-31,PHI,WAS,2.0,10.0,False,0|0|0|0|2|0|0|0|0,0|0|5|0|0|1|3|1|x,-180.0,160.0,-165.0,145.0,,7.5,sbro,,,,,CLEE-L,JMARQUIS-R,,,,,,,,
2011,2011-05-31,SDG,ATL,5.0,4.0,False,0|0|1|0|1|0|3|0|0,0|0|0|2|0|0|1|0|1,104.0,-124.0,100.0,-120.0,,7.0,sbro,,,,,MLATOS-R,MMINOR-L,,,,,,,,
2011,2011-05-31,MIL,CIN,7.0,2.0,False,0|0|4|0|0|1|1|0|1,1|0|0|1|0|0|0|0|0,-124.0,104.0,-136.0,116.0,,8.5,sbro,,,,,ZGREINKE-R,CREINEKE-R,,,,,,,,
2011,2011-05-31,PIT,NYM,5.0,1.0,False,0|0|0|0|0|0|0|3|2,1|0|0|0|0|0|0|0|0,105.0,-125.0,-113.0,-107.0,,7.5,sbro,,,,,JMCDONALD-R,RDICKEY-R,,,,,,,,
2011,2011-05-31,HOU,CUB,7.0,3.0,False,0|0|0|1|0|0|0|0|6,0|0|0|0|0|0|0|3|0,155.0,-175.0,145.0,-165.0,,10.5,sbro,,,,,JLYLES-R,CZAMBRANO-R,,,,,,,,
2011,2011-05-31,SFO,STL,3.0,4.0,False,0|1|0|0|1|0|1|0|0,0|0|1|0|0|0|0|3|x,148.0,-168.0,142.0,-162.0,,7.5,sbro,,,,,VOGELSONG-R,CARPENTER-R,,,,,,,,
2011,2011-05-31,MIA,ARI,5.0,2.0,False,0|0|0|2|1|1|1|0|0,1|0|0|0|0|0|0|1|0,101.0,-121.0,116.0,-136.0,,8.5,sbro,,,,,ASANCHEZ-R,IKENNEDY-R,,,,,,,,
2011,2011-05-31,COL,LOS,2.0,8.0,False,0|0|1|0|0|0|1|0|0,2|0|2|1|0|0|3|0|x,103.0,-123.0,-103.0,-117.0,,7.5,sbro,,,,,CMORTENSE-R,TLILLY-L,,,,,,,,
2011,2011-05-31,TEX,TAM,4.0,5.0,False,0|0|1|0|0|0|2|1|0,0|0|1|0|0|0|2|2|x,-139.0,119.0,-130.0,110.0,,8.0,sbro,,,,,CWILSON-L,ACOBB-R,,,,,,,,
2011,2011-05-31,CLE,TOR,6.0,3.0,False,0|1|2|0|3|0|0|0|0,0|0|0|0|0|0|2|0|1,154.0,-174.0,140.0,-160.0,,8.5,sbro,,,,,MTALBOT-R,BMORROW-R,,,,,,,,
2011,2011-05-31,MIN,DET,7.0,8.0,False,0|1|2|0|0|1|3|0|0,0|0|0|0|6|0|1|1|x,150.0,-170.0,158.0,-178.0,,8.5,sbro,,,,,BDUENSING-L,MSCHERZER-R,,,,,,,,
2011,2011-05-31,CWS,BOS,10.0,7.0,False,0|4|1|1|0|4|0|0|0,0|0|1|0|0|0|0|4|2,140.0,-160.0,160.0,-180.0,,9.0,sbro,,,,,PHUMBER-R,AACEVES-R,,,,,,,,
2011,2011-05-31,LAA,KAN,3.0,7.0,False,2|0|0|0|0|1|0|0|0,0|0|5|0|1|0|1|0|x,-113.0,-107.0,-105.0,-105.0,,8.5,sbro,,,,,JPINEIRO-R,JFRANCIS-L,,,,,,,,
2011,2011-05-31,NYY,OAK,10.0,3.0,False,2|0|1|2|2|3|0|0|0,0|0|1|0|2|0|0|0|0,-101.0,-119.0,101.0,-121.0,,7.0,sbro,,,,,FGARCIA-R,BANDERSON-L,,,,,,,,
2011,2011-05-31,BAL,SEA,2.0,3.0,False,0|0|0|0|0|1|1|0|0,0|0|0|0|0|0|0|3|x,112.0,-132.0,105.0,-125.0,,6.5,sbro,,,,,JGUTHRIE-R,EBEDARD-L,,,,,,,,
2011,2011-06-01,PHI,WAS,1.0,2.0,False,0|1|0|0|0|0|0|0|0,1|0|1|0|0|0|0|0|x,-165.0,145.0,-142.0,122.0,,8.5,sbro,,,,,ROSWALT-R,JLANNAN-L,,,,,,,,
2011,2011-06-01,HOU,CUB,3.0,1.0,False,0|1|0|0|0|0|2|0|0,1|0|0|0|0|0|0|0|0,130.0,-150.0,102.0,-122.0,,9.5,sbro,,,,,BMYERS-R,DDAVIS-L,,,,,,,,
2011,2011-06-01,SDG,ATL,3.0,4.0,False,0|2|0|0|0|0|1|0|0,2|0|1|0|0|1|0|0|x,170.0,-200.0,163.0,-183.0,,7.0,sbro,,,,,CRICHARD-L,THANSON-R,,,,,,,,
2011,2011-06-01,PIT,NYM,9.0,3.0,False,0|0|0|0|0|0|5|4|0,0|0|0|2|0|0|0|1|0,100.0,-120.0,105.0,-125.0,,7.5,sbro,,,,,KCORREIA-R,CCAPUANO-L,,,,,,,,
2011,2011-06-01,MIL,CIN,3.0,4.0,False,2|0|0|1|0|0|0|0|0,0|0|0|0|0|0|2|2|x,-125.0,105.0,-109.0,-111.0,,8.0,sbro,,,,,SMARCUM-R,MLEAKE-R,,,,,,,,
2011,2011-06-01,MIA,ARI,5.0,6.0,False,0|3|1|0|0|0|0|0|1,0|0|0|0|0|3|1|1|1,140.0,-160.0,136.0,-156.0,,9.0,sbro,,,,,JVAZQUEZ-R,DHUDSON-R,,,,,,,,
2011,2011-06-01,SFO,STL,7.0,5.0,False,0|0|0|0|0|3|1|0|1,0|0|1|2|0|0|2|0|0,-125.0,105.0,-112.0,-108.0,,7.0,sbro,,,,,TLINCECUM-R,WESTBROOK-R,,,,,,,,
2011,2011-06-01,COL,LOS,3.0,0.0,False,0|1|1|1|0|0|0|0|0,0|0|0|0|0|0|0|0|0,-125.0,105.0,-130.0,110.0,,7.0,sbro,,,,,UJIMENEZ-R,JGARLAND-R,,,,,,,,
2011,2011-06-01,TEX,TAM,3.0,0.0,False,0|0|0|0|1|0|0|2|0,0|0|0|0|0|0|0|0|0,135.0,-155.0,121.0,-141.0,,7.5,sbro,,,,,CLEWIS-R,DPRICE-L,,,,,,,,
2011,2011-06-01,CWS,BOS,7.0,4.0,False,0|0|0|1|2|1|1|0|2,0|3|0|0|0|1|0|0|0,130.0,-150.0,126.0,-146.0,,10.0,sbro,,,,,GFLOYD-R,WAKEFIELD-R,,,,,,,,
2011,2011-06-01,NYY,OAK,4.0,2.0,False,1|0|0|3|0|0|0|0|0,2|0|0|0|0|0|0|0|0,110.0,-130.0,-113.0,-107.0,,7.5,sbro,,,,,ABURNETT-R,GGONZALEZ-L,,,,,,,,
2011,2011-06-01,BAL,SEA,2.0,1.0,False,0|1|0|0|0|0|0|1|0,0|1|0|0|0|0|0|0|0,155.0,-175.0,134.0,-154.0,,6.5,sbro,,,,,BMATUSZ-L,MPINEDA-R,,,,,,,,
2011,2011-06-01,LAA,KAN,0.0,2.0,False,0|0|0|0|0|0|0|0|0,0|0|0|0|0|0|0|0|2,-110.0,-110.0,-105.0,-115.0,,9.0,sbro,,,,,TCHATWOOD-R,FPAULINO-R,,,,,,,,
2011,2011-06-01,MIN,DET,2.0,4.0,False,0|0|0|0|0|0|2|0|0,0|1|3|0|0|0|0|0|x,140.0,-160.0,125.0,-145.0,,8.5,sbro,,,,,SBAKER-R,RPORCELLO-R,,,,,,,,
2011,2011-06-01,CLE,TOR,13.0,9.0,False,4|0|8|0|0|1|0|0|0,0|0|0|0|3|3|1|0|2,105.0,-125.0,-105.0,-105.0,,9.0,sbro,,,,,JTOMLIN-R,KDRABEK-R,,,,,,,,
2011,2011-06-02,PIT,NYM,8.0,9.0,False,3|3|1|0|0|0|0|0|1,0|0|3|0|0|4|0|2|x,-101.0,-119.0,116.0,-136.0,,7.5,sbro,,,,,PMAHOLM-L,MPELFREY-R,,,,,,,,
2011,2011-06-02,SFO,STL,12.0,7.0,False,0|0|0|2|0|3|5|0|2,1|0|2|0|0|0|4|0|0,145.0,-165.0,-103.0,-117.0,,7.5,sbro,,,,,JSANCHEZ-L,LLYNN-R,,,,,,,,
2011,2011-06-02,WAS,ARI,6.0,1.0,False,3|0|0|0|1|0|0|0|2,0|0|0|0|0|0|1|0|0,105.0,-125.0,-101.0,-119.0,,9.0,sbro,,,,,JZIMMERMN-R,ZDUKE-L,,,,,,,,
2011,2011-06-02,HOU,SDG,7.0,4.0,False,0|1|5|0|1|0|0|0|0,0|0|2|0|0|0|2|0|0,107.0,-127.0,108.0,-128.0,,6.0,sbro,,,,,BNORRIS-R,TSTAUFFER-R,,,,,,,,
2011,2011-06-02,TEX,CLE,7.0,4.0,False,0|0|0|0|3|3|0|0|1,0|3|0|0|0|0|1|0|0,110.0,-130.0,101.0,-121.0,,9.0,sbro,,,,,DBUSH-R,CCARRASCO-R,,,,,,,,
2011,2011-06-02,MIN,KAN,8.0,2.0,False,1|0|6|0|0|0|1|0|0,1|0|0|0|1|0|0|0|0,-107.0,-113.0,107.0,-127.0,,9.5,sbro,,,,,ASWARZAK-R,O'SULLIVAN-R,,,,,,,,
2011,2011-06-02,TAM,SEA,2.0,8.0,False,0|0|0|0|0|1|0|1|0,0|5|1|2|0|0|0|0|x,-102.0,-118.0,-103.0,-117.0,,6.5,sbro,,,,,JSHIELDS-R,FHERNANDZ-R,,,,,,,,
2011,2011-06-03,PHI,PIT,1.0,2.0,False,0|0|0|0|0|1|0|0|0,0|0|0|0|0|1|0|0|0,-160.0,140.0,-168.0,148.0,,7.5,sbro,,,,,CHAMELS-L,JKARSTENS-R,,,,,,,,
2011,2011-06-03,ATL,NYM,6.0,3.0,False,0|1|0|0|0|0|0|2|3,0|0|0|3|0|0|0|0|0,-125.0,105.0,-108.0,-112.0,,7.5,sbro,,,,,DLOWE-R,JNIESE-L,,,,,,,,
2011,2011-06-03,LOS,CIN,1.0,2.0,False,0|0|0|1|0|0|0|0|0,0|0|0|0|2|0|0|0|x,115.0,-135.0,109.0,-129.0,,8.5,sbro,,,,,HKURODA-R,BARROYO-R,,,,,,,,
2011,2011-06-03,MIL,MIA,6.0,5.0,False,2|0|2|0|0|0|0|0|2,0|1|0|3|0|1|0|0|0,105.0,-125.0,110.0,-130.0,,7.5,sbro,,,,,RWOLF-L,RNOLASCO-R,,,,,,,,
2011,2011-06-03,CUB,STL,1.0,6.0,False,0|0|0|0|1|0|0|0|0,3|0|0|1|2|0|0|0|x,170.0,-190.0,147.0,-167.0,,7.5,sbro,,,,,RDEMPSTER-R,JGARCIA-L,,,,,,,,
2011,2011-06-03,WAS,ARI,0.0,4.0,False,0|0|0|0|0|0|0|0|0,0|1|0|0|3|0|0|0|x,170.0,-190.0,140.0,-160.0,,9.0,sbro,,,,,YMAYA-R,JCOLLMENT-R,,,,,,,,
2011,2011-06-03,HOU,SDG,1.0,3.0,False,0|0|0|1|0|0|0|0|0,0|0|0|2|1|0|0|0|x,110.0,-130.0,107.0,-127.0,,6.5,sbro,,,,,JHAPP-L,DMOSELEY-R,,,,,,,,
2011,2011-06-03,COL,SFO,1.0,3.0,False,0|0|0|1|0|0|0|0|0,0|0|0|3|0|0|0|0|x,125.0,-145.0,-101.0,-119.0,,7.0,sbro,,,,,JNICASIO-R,MCAIN-R,,,,,,,,
2011,2011-06-03,TEX,CLE,11.0,2.0,False,0|1|1|0|0|0|5|3|1,0|0|0|0|0|1|0|0|1,-130.0,110.0,-105.0,-105.0,,8.0,sbro,,,,,AOGANDO-R,MASTERSON-R,,,,,,,,
2011,2011-06-03,TOR,BAL,8.0,4.0,False,0|2|1|0|4|1|0|0|0,0|0|0|0|2|0|0|2|0,110.0,-130.0,107.0,-127.0,,8.5,sbro,,,,,VILLANUEVA-R,ZBRITTON-L,,,,,,,,
2011,2011-06-03,OAK,BOS,6.0,8.0,False,4|0|0|1|1|0|0|0|0,2|1|2|0|0|0|2|1|x,155.0,-175.0,170.0,-200.0,,8.5,sbro,,,,,JOUTMAN-L,CBUCHHOLZ-R,,,,,,,,
2011,2011-06-03,DET,CWS,4.0,6.0,False,0|0|0|0|3|0|0|1|0,1|0|0|3|1|0|0|1|x,125.0,-145.0,112.0,-132.0,,9.5,sbro,,,,,AOLIVER-L,MBUEHRLE-L,,,,,,,,
2011,2011-06-03,MIN,KAN,5.0,2.0,False,0|2|1|0|0|1|0|1|0,0|0|0|2|0|0|0|0|0,115.0,-135.0,136.0,-156.0,,10.0,sbro,,,,,CPAVANO-R,DDUFFY-L,,,,,,,,
2011,2011-06-03,NYY,LAA,2.0,3.0,False,0|1|0|1|0|0|0|0|0,2|0|0|1|0|0|0|0|x,145.0,-165.0,113.0,-133.0,,7.5,sbro,,,,,INOVA-R,JERWEAVER-R,,,,,,,,
2011,2011-06-03,TAM,SEA,0.0,7.0,False,0|0|0|0|0|0|0|0|0,1|0|3|0|3|0|0|0|x,110.0,-130.0,103.0,-123.0,,7.5,sbro,,,,,SONNANSTIN-R,JVARGAS-L,,,,,,,,
2011,2011-06-04,COL,SFO,2.0,1.0,False,0|0|0|0|1|1|0|0|0,0|0|0|0|0|1|0|0|0,-110.0,-110.0,-114.0,-106.0,,6.5,sbro,,,,,JCHACIN-R,MBUMGARNR-L,,,,,,,,
2011,2011-06-04,CUB,STL,4.0,5.0,False,0|0|0|0|0|4|0|0|0,0|0|0|2|0|2|0|0|0,170.0,-190.0,154.0,-174.0,,8.5,sbro,,,,,RWELLS-R,KLOHSE-R,,,,,,,,
2011,2011-06-04,LOS,CIN,11.0,8.0,False,0|0|1|0|0|0|1|5|0,0|0|0|0|0|4|3|0|0,105.0,-125.0,-111.0,-109.0,,7.5,sbro,,,,,CKERSHAW-L,JCUETO-R,,,,,,,,
2011,2011-06-04,PHI,PIT,3.0,6.0,False,1|0|0|1|0|0|0|0|1,2|0|0|2|0|0|1|1|x,-120.0,100.0,-108.0,-112.0,,8.5,sbro,,,,,KKENDRICK-R,CMORTON-R,,,,,,,,
2011,2011-06-04,MIL,MIA,3.0,2.0,False,0|0|1|0|0|0|2|0|0,1|0|0|0|0|1|0|0|0,-140.0,120.0,-134.0,114.0,,8.0,sbro,,,,,YGALLARDO-R,CVOLSTAD-R,,,,,,,,
2011,2011-06-04,ATL,NYM,0.0,5.0,False,0|0|0|0|0|0|0|0|0,0|0|0|0|0|0|5|0|x,-130.0,110.0,-118.0,-102.0,,7.0,sbro,,,,,JJURRJENS-R,DGEE-R,,,,,,,,
2011,2011-06-04,WAS,ARI,0.0,2.0,False,0|0|0|0|0|0|0|0|0,1|0|0|0|0|0|1|0|x,120.0,-140.0,120.0,-140.0,,9.5,sbro,,,,,LHERNADEZ-R,JSAUNDERS-L,,,,,,,,
2011,2011-06-04,HOU,SDG,3.0,6.0,False,0|1|1|0|0|0|0|0|1,2|0|1|0|0|0|0|3|x,125.0,-145.0,130.0,-150.0,,6.5,sbro,,,,,ARODRIGUE-R,AHARANG-R,,,,,,,,
2011,2011-06-04,TAM,SEA,3.0,2.0,False,0|3|0|0|0|0|0|0|0,0|0|0|0|0|0|0|2|0,-135.0,115.0,-123.0,103.0,,7.5,sbro,,,,,JHELLICKS-R,DFISTER-R,,,,,,,,
2011,2011-06-04,TEX,CLE,4.0,0.0,False,2|0|0|0|0|0|2|0|0,0|0|0|0|0|0|0|0|0,120.0,-140.0,-105.0,-105.0,,9.0,sbro,,,,,DHOLLAND-L,FCARMONA-R,,,,,,,,
2011,2011-06-04,TOR,BAL,3.0,5.0,False,1|1|0|1|0|0|0|0|0,0|1|0|0|0|4|0|0|x,-130.0,110.0,-118.0,-102.0,,8.0,sbro,,,,,RROMERO-L,JARRIETA-R,,,,,,,,
2011,2011-06-04,DET,CWS,4.0,2.0,False,2|0|0|0|0|0|0|0|2,0|0|0|0|2|0|0|0|0,-135.0,115.0,-129.0,109.0,,8.0,sbro,,,,,VERLANDER-R,EJACKSON-R,,,,,,,,
2011,2011-06-04,MIN,KAN,7.0,2.0,False,0|0|1|0|0|2|3|0|1,0|0|2|0|0|0|0|0|0,130.0,-150.0,124.0,-144.0,,9.0,sbro,,,,,NBLACKBUR-R,LHOCHEVAR-R,,,,,,,,
2011,2011-06-04,OAK,BOS,8.0,9.0,False,0|0|0|0|0|2|1|0|4,1|0|0|0|1|3|0|2|0,170.0,-190.0,149.0,-169.0,,8.0,sbro,,,,,TCAHILL-R,JBECKETT-R,,,,,,,,
2011,2011-06-04,NYY,LAA,3.0,2.0,False,0|0|0|1|0|2|0|0|0,0|0|0|1|0|0|0|0|1,-125.0,105.0,-142.0,122.0,,7.5,sbro,,,,,CSABATHIA-L,ESANTANA-R,,,,,,,,
2011,2011-06-05,ATL,NYM,4.0,6.0,False,0|0|0|0|0|0|1|0|3,2|2|0|1|1|0|0|0|x,-140.0,120.0,-115.0,-105.0,,7.0,sbro,,,,,THUDSON-R,RDICKEY-R,,,,,,,,
2011,2011-06-05,LOS,CIN,9.0,6.0,False,3|1|3|0|1|1|0|0|0,1|2|0|1|0|1|0|0|1,100.0,-120.0,110.0,-130.0,,8.5,sbro,,,,,BILLNGSLEY-R,TWOOD-L,,,,,,,,
2011,2011-06-05,MIL,MIA,6.0,5.0,False,0|0|3|2|0|0|0|0|0,0|0|0|0|0|5|0|0|0,130.0,-150.0,114.0,-134.0,,8.0,sbro,,,,,CNARVESON-L,ASANCHEZ-R,,,,,,,,
2011,2011-06-05,PHI,PIT,7.0,3.0,False,0|0|0|1|2|1|0|1|2,2|0|0|0|0|0|0|1|0,-210.0,180.0,-180.0,160.0,,7.0,sbro,,,,,RHALLADAY-R,JMCDONALD-R,,,,,,,,
2011,2011-06-05,CUB,STL,2.0,3.0,False,0|0|0|2|0|0|0|0|0,0|0|0|0|0|1|0|0|1,140.0,-160.0,127.0,-147.0,,7.5,sbro,,,,,CZAMBRANO-R,CARPENTER-R,,,,,,,,
2011,2011-06-05,COL,SFO,1.0,2.0,False,0|0|0|0|1|0|0|0|0,0|0|0|0|0|1|0|1|x,103.0,-123.0,-105.0,-105.0,,7.0,sbro,,,,,JHAMMEL-R,VOGELSONG-R,,,,,,,,
2011,2011-06-05,WAS,ARI,9.0,4.0,False,0|0|1|0|0|0|0|3|0,0|0|0|0|0|0|0|1|3,160.0,-180.0,145.0,-165.0,,8.5,sbro,,,,,JMARQUIS-R,IKENNEDY-R,,,,,,,,
2011,2011-06-05,HOU,SDG,2.0,7.0,False,0|0|1|0|1|0|0|0|0,3|0|1|0|0|0|2|1|x,125.0,-145.0,145.0,-165.0,,6.5,sbro,,,,,JLYLES-R,MLATOS-R,,,,,,,,
2011,2011-06-05,TEX,CLE,2.0,0.0,False,0|1|1|0|0|0|0|0|0,0|0|0|0|0|0|0|0|0,-150.0,130.0,-135.0,115.0,,9.0,sbro,,,,,CWILSON-L,MTALBOT-R,,,,,,,,
2011,2011-06-05,TOR,BAL,7.0,4.0,False,1|0|1|3|1|0|1|0|0,2|0|0|0|1|0|0|0|1,105.0,-125.0,125.0,-145.0,,9.5,sbro,,,,,JJREYES-L,JGUTHRIE-R,,,,,,,,
2011,2011-06-05,OAK,BOS,3.0,6.0,False,0|0|1|1|0|1|0|0|0,0|3|0|2|0|1|0|0|x,105.0,-125.0,105.0,-125.0,,8.5,sbro,,,,,BANDERSON-L,JLACKEY-R,,,,,,,,
2011,2011-06-05,MIN,KAN,6.0,0.0,False,3|0|0|0|0|1|0|0|2,0|0|0|0|0|0|0|0|0,140.0,-160.0,126.0,-146.0,,9.0,sbro,,,,,BDUENSING-L,JFRANCIS-L,,,,,,,,
2011,2011-06-05,DET,CWS,7.0,3.0,False,0|0|0|6|0|1|0|0|0,2|0|0|1|0|0|0|0|0,135.0,-155.0,127.0,-147.0,,8.5,sbro,,,,,BPENNY-R,JPEAVY-R,,,,,,,,
2011,2011-06-05,NYY,LAA,5.0,3.0,False,0|1|1|0|2|0|0|1|0,0|0|2|0|1|0|0|0|0,-140.0,120.0,-118.0,-102.0,,8.0,sbro,,,,,BCOLON-R,JPINEIRO-R,,,,,,,,
2011,2011-06-05,TAM,SEA,6.0,9.0,False,0|1|2|0|0|0|0|3|0,0|0|3|0|0|0|2|4|x,113.0,-133.0,127.0,-147.0,,7.0,sbro,,,,,WDAVIS-R,EBEDARD-L,,,,,,,,
2011,2011-06-06,LOS,PHI,1.0,3.0,False,0|0|0|0|0|0|0|0|1,0|0|2|0|0|0|0|1|x,170.0,-190.0,169.0,-189.0,,7.5,sbro,,,,,TLILLY-L,CLEE-L,,,,,,,,
2011,2011-06-06,MIL,MIA,7.0,2.0,False,1|0|3|2|0|0|1|0|0,1|0|1|0|0|0|0|0|0,-130.0,110.0,-130.0,110.0,,8.0,sbro,,,,,ZGREINKE-R,JVAZQUEZ-R,,,,,,,,
2011,2011-06-06,CUB,CIN,2.0,8.0,False,1|0|0|0|1|0|0|0|0,0|1|1|2|3|0|1|0|x,115.0,-135.0,110.0,-130.0,,9.0,sbro,,,,,MGARZA-R,MLEAKE-R,,,,,,,,
2011,2011-06-06,COL,SDG,3.0,0.0,False,1|0|0|0|0|0|0|0|2,0|0|0|0|0|0|0|0|0,-115.0,-105.0,-113.0,-107.0,,6.5,sbro,,,,,CMORTENSE-R,CRICHARD-L,,,,,,,,
2011,2011-06-06,WAS,SFO,4.0,5.0,False,0|1|3|0|0|0|0|0|0,0|0|0|0|0|0|1|3|0,170.0,-200.0,165.0,-185.0,,6.0,sbro,,,,,JLANNAN-L,TLINCECUM-R,,,,,,,,
2011,2011-06-06,OAK,BAL,2.0,4.0,False,0|0|0|2|0|0|0|0|0,1|3|0|0|0|0|0|0|x,-105.0,-115.0,-114.0,-106.0,,8.0,sbro,,,,,GGONZALEZ-L,BMATUSZ-L,,,,,,,,
2011,2011-06-06,MIN,CLE,6.0,4.0,False,0|2|0|0|3|1|0|0|0,2|0|0|0|1|0|0|1|0,145.0,-165.0,130.0,-150.0,,8.5,sbro,,,,,SBAKER-R,JTOMLIN-R,,,,,,,,
2011,2011-06-06,DET,TEX,13.0,7.0,False,3|0|4|2|0|1|1|0|2,0|0|2|3|0|0|0|2|0,135.0,-155.0,135.0,-155.0,,9.5,sbro,,,,,MSCHERZER-R,CLEWIS-R,,,,,,,,
2011,2011-06-06,TOR,KAN,2.0,3.0,False,0|0|0|1|0|0|1|0|0,0|0|0|1|0|0|1|0|0,-135.0,115.0,-115.0,-105.0,,8.5,sbro,,,,,BMORROW-R,FPAULINO-R,,,,,,,,
2011,2011-06-06,SEA,CWS,1.0,3.0,False,0|0|0|0|0|0|0|1|0,0|0|0|1|0|0|1|1|x,-115.0,-105.0,-112.0,-108.0,,8.0,sbro,,,,,MPINEDA-R,JDANKS-L,,,,,,,,
2011,2011-06-06,TAM,LAA,5.0,1.0,False,2|0|0|0|0|2|1|0|0,0|0|0|0|0|0|0|1|0,-145.0,125.0,-140.0,120.0,,7.5,sbro,,,,,DPRICE-L,TCHATWOOD-R,,,,,,,,
2011,2011-06-07,LOS,PHI,6.0,2.0,False,0|1|3|0|0|0|0|2|0,0|1|0|0|0|0|1|0|0,155.0,-175.0,149.0,-169.0,,8.0,sbro,,,,,RDELARO-R,ROSWALT-R,,,,,,,,
2011,2011-06-07,ARI,PIT,5.0,8.0,False,1|0|0|0|3|0|0|1|0,0|2|0|1|0|0|0|5|x,-125.0,105.0,-125.0,105.0,,7.5,sbro,,,,,DHUDSON-R,KCORREIA-R,,,,,,,,
2011,2011-06-07,CUB,CIN,2.0,8.0,False,0|1|0|0|0|0|0|0|1,0|0|1|1|2|0|4|0|x,140.0,-160.0,141.0,-161.0,,9.0,sbro,,,,,DDAVIS-L,EVOLQUEZ-R,,,,,,,,
2011,2011-06-07,ATL,MIA,1.0,0.0,False,0|0|0|1|0|0|0|0|0,0|0|0|0|0|0|0|0|0,-145.0,125.0,-138.0,118.0,,7.5,sbro,,,,,THANSON-R,BHAND-L,,,,,,,,
2011,2011-06-07,STL,HOU,7.0,4.0,False,2|0|0|3|0|0|0|1|1,2|0|0|0|0|1|0|0|1,-145.0,125.0,-135.0,115.0,,8.5,sbro,,,,,WESTBROOK-R,BMYERS-R,,,,,,,,
2011,2011-06-07,NYM,MIL,2.0,1.0,False,0|0|0|0|0|0|2|0|0,0|0|0|0|0|1|0|0|0,170.0,-190.0,161.0,-181.0,,8.5,sbro,,,,,CCAPUANO-L,SMARCUM-R,,,,,,,,
2011,2011-06-07,COL,SDG,0.0,2.0,False,0|0|0|0|0|0|0|0|0,0|0|0|0|2|0|0|0|x,-145.0,125.0,-146.0,126.0,,6.0,sbro,,,,,UJIMENEZ-R,TSTAUFFER-R,,,,,,,,
2011,2011-06-07,WAS,SFO,2.0,1.0,False,0|0|1|1|0|0|0|0|0,0|1|0|0|0|0|0|0|0,125.0,-145.0,104.0,-124.0,,6.5,sbro,,,,,JZIMMERMN-R,JSANCHEZ-L,,,,,,,,
2011,2011-06-07,BOS,NYY,6.0,4.0,False,3|1|0|0|2|0|0|0|0,1|0|0|0|2|0|0|0|1,-110.0,-110.0,-123.0,103.0,,10.0,sbro,,,,,JLESTER-L,FGARCIA-R,,,,,,,,
2011,2011-06-07,OAK,BAL,0.0,4.0,False,0|0|0|0|0|0|0|0|0,1|0|0|0|1|1|1|0|x,-115.0,-105.0,-105.0,-105.0,,9.5,sbro,,,,,GMOSCOSO-R,CJAKUBAUS-R,,,,,,,,
2011,2011-06-07,MIN,CLE,0.0,1.0,False,0|0|0|0|0|0|0|0|0,0|0|0|1|0|0|0|0|x,120.0,-140.0,107.0,-127.0,,9.0,sbro,,,,,FLIRIANO-L,CCARRASCO-R,,,,,,,,
2011,2011-06-07,DET,TEX,8.0,1.0,False,0|0|0|4|0|0|2|1|1,0|0|0|0|0|1|0|0|0,130.0,-150.0,104.0,-124.0,,10.0,sbro,,,,,RPORCELLO-R,MHARRISON-L,,,,,,,,
2011,2011-06-07,TOR,KAN,8.0,5.0,False,3|1|0|0|2|0|0|2|0,1|0|1|0|2|1|0|0|0,-135.0,115.0,-108.0,-112.0,,10.0,sbro,,,,,KDRABEK-R,VMAZZARO-R,,,,,,,,
2011,2011-06-07,SEA,CWS,1.0,5.0,False,0|0|0|1|0|0|0|0|0,0|1|4|0|0|0|0|0|x,-115.0,-105.0,-126.0,106.0,,7.5,sbro,,,,,FHERNANDZ-R,PHUMBER-R,,,,,,,,
2011,2011-06-07,TAM,LAA,4.0,1.0,False,1|0|1|1|0|0|0|1|0,0|0|0|0|0|1|0|0|0,130.0,-150.0,143.0,-163.0,,7.5,sbro,,,,,ACOBB-R,DHAREN-R,,,,,,,,
2011,2011-06-08,CUB,CIN,4.0,1.0,False,0|0|0|3|0|0|1|0|0,0|0|1|0|0|0|0|0|0,130.0,-150.0,118.0,-138.0,,9.0,sbro,,,,,RDEMPSTER-R,BARROYO-R,,,,,,,,
2011,2011-06-08,WAS,SFO,1.0,3.0,False,0|0|0|0|0|0|1|0|0,0|0|0|0|0|1|2|0|x,170.0,-200.0,150.0,-170.0,,7.5,sbro,,,,,YMAYA-R,MCAIN-R,,,,,,,,
2011,2011-06-08,COL,SDG,5.0,3.0,False,0|0|2|0|1|0|0|0|2,0|1|0|0|0|2|0|0|0,-110.0,-110.0,-110.0,-110.0,,6.5,sbro,,,,,ACOOK-R,DMOSELEY-R,,,,,,,,
2011,2011-06-08,ARI,PIT,2.0,3.0,False,0|0|0|0|0|0|0|1|0,0|0|1|0|0|0|0|0|0,-105.0,-115.0,-106.0,-114.0,,8.5,sbro,,,,,ZDUKE-L,PMAHOLM-L,,,,,,,,
2011,2011-06-08,LOS,PHI,0.0,2.0,False,0|0|0|0|0|0|0|0|0,0|0|0|0|0|1|1|0|x,170.0,-190.0,158.0,-178.0,,7.5,sbro,,,,,HKURODA-R,CHAMELS-L,,,,,,,,
2011,2011-06-08,ATL,MIA,3.0,2.0,False,1|0|0|0|1|0|0|0|0,0|0|0|0|0|0|0|0|2,-105.0,-115.0,-103.0,-117.0,,7.5,sbro,,,,,DLOWE-R,RNOLASCO-R,,,,,,,,
2011,2011-06-08,STL,HOU,1.0,4.0,False,0|0|0|0|0|0|1|0|0,0|0|2|0|1|0|0|1|x,-165.0,145.0,-138.0,118.0,,7.5,sbro,,,,,JGARCIA-L,BNORRIS-R,,,,,,,,
2011,2011-06-08,NYM,MIL,6.0,7.0,False,0|0|0|1|0|0|0|5|0,0|0|0|2|0|0|0|4|1,150.0,-170.0,138.0,-158.0,,9.0,sbro,,,,,MPELFREY-R,RWOLF-L,,,,,,,,
2011,2011-06-08,MIN,CLE,3.0,2.0,False,0|0|1|0|0|1|0|0|0,0|0|0|0|0|1|0|0|1,135.0,-155.0,139.0,-159.0,,8.5,sbro,,,,,CPAVANO-R,MASTERSON-R,,,,,,,,
2011,2011-06-08,OAK,BAL,2.0,3.0,False,0|0|0|0|0|1|0|1|0,0|0|0|0|3|0|0|0|x,120.0,-140.0,127.0,-147.0,,8.5,sbro,,,,,JOUTMAN-L,ZBRITTON-L,,,,,,,,
2011,2011-06-08,BOS,NYY,11.0,6.0,False,3|1|0|3|0|1|0|0|3,0|0|0|1|3|1|0|0|1,110.0,-130.0,122.0,-142.0,,10.5,sbro,,,,,WAKEFIELD-R,ABURNETT-R,,,,,,,,
2011,2011-06-08,DET,TEX,3.0,7.0,False,1|0|0|0|0|0|0|0|2,0|0|4|1|1|0|1|0|x,170.0,-190.0,154.0,-174.0,,9.0,sbro,,,,,PCOKE-L,AOGANDO-R,,,,,,,,
2011,2011-06-08,SEA,CWS,7.0,4.0,False,0|0|0|0|0|3|0|1|0,1|0|0|0|0|0|1|2|0,130.0,-150.0,128.0,-148.0,,8.5,sbro,,,,,JVARGAS-L,GFLOYD-R,,,,,,,,
2011,2011-06-08,TOR,KAN,9.0,8.0,False,1|0|1|3|0|4|0|0|0,0|0|4|0|0|0|0|3|1,-120.0,100.0,-106.0,-114.0,,9.0,sbro,,,,,VILLANUEVA-R,DDUFFY-L,,,,,,,,
2011,2011-06-08,TAM,LAA,4.0,3.0,False,0|0|1|0|0|0|1|1|0,0|0|0|0|0|0|0|3|0,130.0,-150.0,115.0,-135.0,,6.5,sbro,,,,,JSHIELDS-R,JERWEAVER-R,,,,,,,,
2011,2011-06-09,ARI,PIT,2.0,0.0,False,0|0|0|0|0|0|0|2|0,0|0|0|0|0|0|0|0|0,-115.0,-105.0,-118.0,-102.0,,7.5,sbro,,,,,JCOLLMENT-R,JKARSTENS-R,,,,,,,,
2011,2011-06-09,CUB,PHI,4.0,3.0,False,0|0|0|0|0|1|0|1|1,0|3|0|0|0|0|0|0|0,132.0,-152.0,124.0,-144.0,,9.5,sbro,,,,,RWELLS-R,KKENDRICK-R,,,,,,,,
2011,2011-06-09,ATL,MIA,3.0,2.0,False,0|0|0|0|0|1|2|0|0,0|0|0|0|0|0|2|0|0,-130.0,110.0,-115.0,-105.0,,7.5,sbro,,,,,JJURRJENS-R,CVOLSTAD-R,,,,,,,,
2011,2011-06-09,STL,HOU,9.0,2.0,False,1|0|0|0|0|5|1|1|1,1|0|0|0|0|0|1|0|0,-106.0,-114.0,-114.0,-106.0,,8.5,sbro,,,,,LLYNN-R,JHAPP-L,,,,,,,,
2011,2011-06-09,NYM,MIL,4.0,1.0,False,0|1|0|1|2|0|0|0|0,0|0|0|1|0|0|0|0|0,146.0,-166.0,152.0,-172.0,,7.5,sbro,,,,,JNIESE-L,YGALLARDO-R,,,,,,,,
2011,2011-06-09,LOS,COL,7.0,9.0,False,0|0|0|1|3|0|3|0|0,0|0|0|0|0|3|5|1|x,110.0,-130.0,-110.0,-110.0,,8.0,sbro,,,,,CKERSHAW-L,JNICASIO-R,,,,,,,,
2011,2011-06-09,WAS,SDG,3.0,7.0,False,0|1|0|0|0|1|0|0|1,2|0|0|0|1|3|1|0|x,101.0,-121.0,109.0,-129.0,,6.5,sbro,,,,,LHERNADEZ-R,AHARANG-R,,,,,,,,
2011,2011-06-09,CIN,SFO,3.0,0.0,False,0|0|0|1|0|0|0|1|1,0|0|0|0|0|0|0|0|0,-107.0,-113.0,-105.0,-105.0,,7.0,sbro,,,,,JCUETO-R,MBUMGARNR-L,,,,,,,,
2011,2011-06-09,TOR,KAN,2.0,3.0,False,0|0|0|2|0|0|0|0|0,0|0|3|0|0|0|0|0|x,-130.0,110.0,-128.0,108.0,,8.5,sbro,,,,,RROMERO-L,LHOCHEVAR-R,,,,,,,,
2011,2011-06-09,BOS,NYY,8.0,3.0,False,0|0|0|0|0|0|7|0|1,2|0|0|0|0|0|0|0|1,-103.0,-117.0,130.0,-150.0,,8.5,sbro,,,,,JBECKETT-R,CSABATHIA-L,,,,,,,,
2011,2011-06-09,SEA,DET,1.0,4.0,False,0|0|0|0|1|0|0|0|0,0|0|0|0|4|0|0|0|x,170.0,-200.0,175.0,-195.0,,7.5,sbro,,,,,DFISTER-R,VERLANDER-R,,,,,,,,
2011,2011-06-09,TEX,MIN,4.0,5.0,False,1|0|0|0|0|2|0|1|0,0|1|0|0|3|0|0|0|1,-130.0,110.0,-126.0,106.0,,8.5,sbro,,,,,DHOLLAND-L,NBLACKBUR-R,,,,,,,,
2011,2011-06-09,OAK,CWS,4.0,9.0,False,0|1|0|0|0|0|2|0|1,0|3|3|0|0|0|0|3|x,-113.0,-107.0,-105.0,-105.0,,7.5,sbro,,,,,TCAHILL-R,MBUEHRLE-L,,,,,,,,
2011,2011-06-10,CUB,PHI,5.0,7.0,False,0|0|0|0|0|0|0|5|0,1|2|0|0|0|0|4|0|x,175.0,-205.0,180.0,-210.0,,7.0,sbro,,,,,CZAMBRANO-R,RHALLADAY-R,,,,,,,,
2011,2011-06-10,NYM,PIT,8.0,1.0,False,1|0|0|5|1|1|0|0|0,1|0|0|0|0|0|0|0|0,-105.0,-115.0,-108.0,-112.0,,7.5,sbro,,,,,DGEE-R,CMORTON-R,,,,,,,,
2011,2011-06-10,ARI,MIA,4.0,6.0,False,0|0|0|0|0|0|4|0|0,2|0|0|0|0|3|1|0|x,129.0,-149.0,123.0,-143.0,,8.0,sbro,,,,,JSAUNDERS-L,ASANCHEZ-R,,,,,,,,
2011,2011-06-10,ATL,HOU,11.0,4.0,False,1|0|4|0|4|0|1|1|0,0|0|1|0|1|0|0|0|2,-166.0,146.0,-144.0,124.0,,7.5,sbro,,,,,THUDSON-R,ARODRIGUE-R,,,,,,,,
2011,2011-06-10,STL,MIL,0.0,8.0,False,0|0|0|0|0|0|0|0|0,0|0|2|0|2|2|0|2|x,-114.0,-106.0,-108.0,-112.0,,8.0,sbro,,,,,KLOHSE-R,CNARVESON-L,,,,,,,,
2011,2011-06-10,LOS,COL,5.0,6.0,False,0|0|0|0|0|0|0|0|5,0|1|0|0|5|0|0|0|x,130.0,-150.0,140.0,-160.0,,8.0,sbro,,,,,BILLNGSLEY-R,JCHACIN-R,,,,,,,,
2011,2011-06-10,WAS,SDG,2.0,1.0,False,0|2|0|0|0|0|0|0|0,0|0|0|0|0|1|0|0|0,130.0,-150.0,120.0,-140.0,,6.0,sbro,,,,,JMARQUIS-R,MLATOS-R,,,,,,,,
2011,2011-06-10,CIN,SFO,2.0,3.0,False,0|0|0|1|1|0|0|0|0,1|0|0|0|1|0|0|0|1,100.0,-120.0,-108.0,-112.0,,7.0,sbro,,,,,TWOOD-L,VOGELSONG-R,,,,,,,,
2011,2011-06-10,SEA,DET,3.0,2.0,False,1|0|0|0|1|0|1|0|0,0|0|0|2|0|0|0|0|0,-103.0,-117.0,105.0,-125.0,,8.0,sbro,,,,,EBEDARD-L,BPENNY-R,,,,,,,,
2011,2011-06-10,BOS,TOR,5.0,1.0,False,0|0|2|0|2|0|0|0|1,0|0|0|1|0|0|0|0|0,-140.0,120.0,-143.0,123.0,,9.0,sbro,,,,,CBUCHHOLZ-R,JJREYES-L,,,,,,,,
2011,2011-06-10,TAM,BAL,0.0,7.0,False,0|0|0|0|0|0|0|0|0,1|4|0|0|0|0|0|2|x,-130.0,110.0,-120.0,100.0,,8.5,sbro,,,,,JHELLICKS-R,JARRIETA-R,,,,,,,,
2011,2011-06-10,CLE,NYY,7.0,11.0,False,0|0|0|0|1|1|0|1|4,3|1|1|1|0|1|4|0|x,126.0,-146.0,135.0,-155.0,,10.0,sbro,,,,,FCARMONA-R,INOVA-R,,,,,,,,
2011,2011-06-10,OAK,CWS,7.0,5.0,False,1|0|1|0|0|0|1|0|4,2|0|0|0|3|0|0|0|0,112.0,-132.0,117.0,-137.0,,8.5,sbro,,,,,GGODFREY-R,EJACKSON-R,,,,,,,,
2011,2011-06-10,TEX,MIN,9.0,3.0,False,0|7|0|1|0|1|0|0|0,0|1|0|0|1|1|0|0|0,-155.0,135.0,-154.0,134.0,,8.0,sbro,,,,,CWILSON-L,BDUENSING-L,,,,,,,,
2011,2011-06-10,KAN,LAA,4.0,2.0,False,1|0|0|1|0|2|0|0|0,0|0|0|0|0|2|0|0|0,130.0,-150.0,136.0,-156.0,,8.0,sbro,,,,,JFRANCIS-L,ESANTANA-R,,,,,,,,
2011,2011-06-11,CIN,SFO,10.0,2.0,False,0|1|2|0|4|0|1|0|2,0|0|0|0|0|0|0|0|2,145.0,-165.0,133.0,-153.0,,6.5,sbro,,,,,MLEAKE-R,TLINCECUM-R,,,,,,,,
2011,2011-06-11,CUB,PHI,1.0,7.0,False,0|0|1|0|0|0|0|0|0,2|0|0|0|0|0|2|3|x,170.0,-200.0,175.0,-195.0,,7.5,sbro,,,,,MGARZA-R,CLEE-L,,,,,,,,
2011,2011-06-11,NYM,PIT,2.0,3.0,False,1|0|0|0|1|0|0|0|0,0|1|2|0|0|0|0|0|x,-105.0,-115.0,-105.0,-105.0,,8.0,sbro,,,,,RDICKEY-R,JMCDONALD-R,,,,,,,,
2011,2011-06-11,ATL,HOU,6.0,3.0,False,0|0|1|1|0|0|0|0|0,2|0|0|0|0|0|0|0|0,-130.0,110.0,-127.0,107.0,,8.0,sbro,,,,,MMINOR-L,JLYLES-R,,,,,,,,
2011,2011-06-11,ARI,MIA,9.0,5.0,False,1|0|0|6|2|0|0|0|0,1|0|1|0|3|0|0|0|0,-140.0,120.0,-128.0,108.0,,7.5,sbro,,,,,IKENNEDY-R,JVAZQUEZ-R,,,,,,,,
2011,2011-06-11,STL,MIL,3.0,5.0,False,0|0|0|1|0|1|1|0|0,0|1|0|0|0|4|0|0|x,-105.0,-115.0,118.0,-138.0,,7.5,sbro,,,,,CARPENTER-R,ZGREINKE-R,,,,,,,,
2011,2011-06-11,LOS,COL,11.0,7.0,False,0|0|0|0|1|3|3|0|4,0|1|0|0|0|0|0|5|1,130.0,-150.0,125.0,-145.0,,9.0,sbro,,,,,TLILLY-L,JHAMMEL-R,,,,,,,,
2011,2011-06-11,WAS,SDG,2.0,1.0,False,2|0|0|0|0|0|0|0|0,0|1|0|0|0|0|0|0|0,100.0,-120.0,-108.0,-112.0,,6.5,sbro,,,,,JLANNAN-L,CRICHARD-L,,,,,,,,
2011,2011-06-11,CLE,NYY,0.0,4.0,False,0|0|0|0|0|0|0|0|0,0|0|0|1|0|1|1|1|x,170.0,-200.0,170.0,-200.0,,9.5,sbro,,,,,MTALBOT-R,BCOLON-R,,,,,,,,
2011,2011-06-11,BOS,TOR,16.0,4.0,False,0|0|4|1|7|1|0|3|0,0|0|0|2|0|2|0|0|0,100.0,-120.0,106.0,-126.0,,8.5,sbro,,,,,JLACKEY-R,BMORROW-R,,,,,,,,
2011,2011-06-11,TEX,MIN,1.0,8.0,False,0|0|0|0|0|0|0|1|0,5|1|0|1|0|0|1|0|x,-145.0,125.0,-138.0,118.0,,8.0,sbro,,,,,CLEWIS-R,SBAKER-R,,,,,,,,
2011,2011-06-11,TAM,BAL,7.0,5.0,False,1|0|0|0|2|0|1|0|1,0|0|0|0|2|2|0|1|0,-135.0,115.0,-132.0,112.0,,8.0,sbro,,,,,DPRICE-L,JGUTHRIE-R,,,,,,,,
2011,2011-06-11,SEA,DET,1.0,8.0,False,0|0|0|0|0|1|0|0|0,2|1|0|0|0|3|1|1|x,-105.0,-115.0,-102.0,-118.0,,7.5,sbro,,,,,MPINEDA-R,MSCHERZER-R,,,,,,,,
2011,2011-06-11,OAK,CWS,2.0,3.0,False,0|0|0|1|0|1|0|0|0,0|0|1|1|0|1|0|0|x,100.0,-120.0,-108.0,-112.0,,7.5,sbro,,,,,GGONZALEZ-L,JDANKS-L,,,,,,,,
2011,2011-06-11,KAN,LAA,5.0,7.0,False,0|0|2|1|1|1|0|0|0,0|4|1|0|0|0|2|0|x,120.0,-140.0,120.0,-140.0,,8.0,sbro,,,,,FPAULINO-R,JPINEIRO-R,,,,,,,,
2011,2011-06-12,ARI,MIA,5.0,1.0,False,2|0|2|0|0|0|0|0|1,0|0|0|0|0|0|1|0|0,-113.0,-107.0,-122.0,102.0,,7.5,sbro,,,,,DHUDSON-R,BHAND-L,,,,,,,,
2011,2011-06-12,NYM,PIT,7.0,0.0,False,0|0|0|0|0|0|1|4|2,0|0|0|0|0|0|0|0|0,100.0,-120.0,-114.0,-106.0,,8.0,sbro,,,,,CCAPUANO-L,KCORREIA-R,,,,,,,,
2011,2011-06-12,ATL,HOU,4.0,1.0,False,2|0|0|0|0|2|0|0|0,0|0|0|0|0|1|0|0|0,-149.0,129.0,-153.0,133.0,,7.5,sbro,,,,,THANSON-R,BMYERS-R,,,,,,,,
2011,2011-06-12,STL,MIL,3.0,4.0,False,0|0|0|2|0|1|0|0|0,0|0|0|0|0|4|0|0|x,125.0,-145.0,136.0,-156.0,,8.5,sbro,,,,,WESTBROOK-R,SMARCUM-R,,,,,,,,
2011,2011-06-12,LOS,COL,10.0,8.0,False,0|0|5|0|2|0|2|1|0,3|0|0|0|0|0|4|0|1,155.0,-175.0,169.0,-189.0,,9.0,sbro,,,,,RDELARO-R,UJIMENEZ-R,,,,,,,,
2011,2011-06-12,CIN,SFO,2.0,4.0,False,0|0|0|2|0|0|0|0|0,0|0|0|1|0|1|2|0|x,110.0,-130.0,-114.0,-106.0,,7.0,sbro,,,,,EVOLQUEZ-R,JSANCHEZ-L,,,,,,,,
2011,2011-06-12,WAS,SDG,2.0,0.0,False,0|0|0|0|0|0|0|0|2,0|0|0|0|0|0|0|0|0,-111.0,-109.0,-110.0,-110.0,,6.0,sbro,,,,,JZIMMERMN-R,TSTAUFFER-R,,,,,,,,
2011,2011-06-12,CUB,PHI,3.0,4.0,False,3|0|0|0|0|0|0|0|0,1|0|1|0|0|0|2|0|x,178.0,-198.0,170.0,-200.0,,8.5,sbro,,,,,DDAVIS-L,ROSWALT-R,,,,,,,,
2011,2011-06-12,SEA,DET,7.0,3.0,False,0|0|0|0|3|0|0|2|2,0|1|1|0|0|0|0|1|0,-107.0,-113.0,-107.0,-113.0,,7.0,sbro,,,,,FHERNANDZ-R,RPORCELLO-R,,,,,,,,
2011,2011-06-12,CLE,NYY,1.0,9.0,False,0|0|0|0|0|0|1|0|0,0|0|1|0|5|0|0|3|x,125.0,-145.0,132.0,-152.0,,10.0,sbro,,,,,JTOMLIN-R,FGARCIA-R,,,,,,,,
2011,2011-06-12,BOS,TOR,14.0,1.0,False,1|0|2|0|6|3|0|0|2,0|0|0|1|0|0|0|0|0,-149.0,129.0,-175.0,155.0,,9.0,sbro,,,,,JLESTER-L,KDRABEK-R,,,,,,,,
2011,2011-06-12,TAM,BAL,9.0,6.0,False,3|1|1|0|0|0|2|2|0,2|0|1|0|0|0|2|1|0,-103.0,-117.0,107.0,-127.0,,9.0,sbro,,,,,WDAVIS-R,BMATUSZ-L,,,,,,,,
2011,2011-06-12,OAK,CWS,4.0,5.0,False,1|0|0|0|0|1|1|0|1,0|0|0|3|0|0|2|0|x,125.0,-145.0,122.0,-142.0,,9.0,sbro,,,,,GMOSCOSO-R,PHUMBER-R,,,,,,,,
2011,2011-06-12,TEX,MIN,1.0,6.0,False,0|0|0|0|0|0|0|1|0,1|0|0|0|0|0|5|0|x,-118.0,-102.0,-120.0,100.0,,7.5,sbro,,,,,MHARRISON-L,FLIRIANO-L,,,,,,,,
2011,2011-06-12,KAN,LAA,9.0,0.0,False,0|1|0|4|0|1|2|1|0,0|0|0|0|0|0|0|0|0,-110.0,-110.0,130.0,-150.0,,9.0,sbro,,,,,VMAZZARO-R,TCHATWOOD-R,,,,,,,,
2011,2011-06-13,NYM,PIT,1.0,3.0,False,0|0|0|0|0|0|0|1|0,1|0|0|0|1|0|0|1|x,102.0,-122.0,-105.0,-105.0,,7.5,sbro,,,,,MPELFREY-R,PMAHOLM-L,,,,,,,,
2011,2011-06-13,ARI,MIA,12.0,9.0,False,4|0|5|3|0|0|0|0|0,0|0|3|1|3|0|0|2|0,115.0,-135.0,122.0,-142.0,,8.0,sbro,,,,,ZDUKE-L,RNOLASCO-R,,,,,,,,
2011,2011-06-13,ATL,HOU,3.0,8.0,False,0|0|0|0|0|0|0|0|3,0|0|2|0|0|5|1|0|x,-132.0,112.0,-119.0,-101.0,,7.5,sbro,,,,,DLOWE-R,WRODRIGEZ-L,,,,,,,,
2011,2011-06-13,MIL,CUB,0.0,1.0,False,0|0|0|0|0|0|0|0|0,0|0|0|0|0|0|0|1|x,-106.0,-114.0,-111.0,-109.0,,7.5,sbro,,,,,RWOLF-L,RDEMPSTER-R,,,,,,,,
2011,2011-06-13,SDG,COL,3.0,1.0,False,1|0|0|0|0|1|0|0|1,0|0|0|1|0|0|0|0|0,152.0,-172.0,145.0,-165.0,,10.0,sbro,,,,,ABASS-R,ACOOK-R,,,,,,,,
2011,2011-06-13,CIN,LOS,6.0,4.0,False,0|1|0|0|0|1|4|0|0,1|0|0|1|0|0|0|2|0,100.0,-120.0,-110.0,-110.0,,7.5,sbro,,,,,BARROYO-R,HKURODA-R,,,,,,,,
2011,2011-06-13,CLE,NYY,1.0,0.0,False,0|0|0|1|0|0|0|0|0,0|0|0|0|0|0|0|0|0,145.0,-165.0,158.0,-178.0,,9.5,sbro,,,,,CCARRASCO-R,ABURNETT-R,,,,,,,,
2011,2011-06-13,LAA,SEA,6.0,3.0,False,1|0|1|0|0|0|3|0|1,1|1|0|0|1|0|0|0|0,-132.0,112.0,-123.0,103.0,,6.5,sbro,,,,,DHAREN-R,JVARGAS-L,,,,,,,,
2011,2011-06-13,TAM,DET,1.0,2.0,False,0|0|0|0|0|0|0|1|0,0|0|0|0|1|0|0|0|0,-101.0,-119.0,-104.0,-116.0,,8.5,sbro,,,,,ACOBB-R,PCOKE-L,,,,,,,,
2011,2011-06-14,STL,WAS,6.0,8.0,False,2|0|0|1|3|0|0|0|0,0|0|0|1|0|1|6|0|x,-150.0,130.0,-133.0,113.0,,7.5,sbro,,,,,JGARCIA-L,YMAYA-R,,,,,,,,
2011,2011-06-14,MIA,PHI,1.0,9.0,False,1|0|0|0|0|0|0|0|0,2|0|2|1|1|2|1|0|x,170.0,-200.0,180.0,-210.0,,8.0,sbro,,,,,CVOLSTAD-R,CHAMELS-L,,,,,,,,
2011,2011-06-14,NYM,ATL,4.0,3.0,False,1|0|2|0|0|1|0|0|0,0|1|0|0|0|0|1|1|0,131.0,-151.0,115.0,-135.0,,7.0,sbro,,,,,JNIESE-L,JJURRJENS-R,,,,,,,,
2011,2011-06-14,PIT,HOU,1.0,0.0,False,0|1|0|0|0|0|0|0|0,0|0|0|0|0|0|0|0|0,-102.0,-118.0,120.0,-140.0,,7.5,sbro,,,,,JKARSTENS-R,BNORRIS-R,,,,,,,,
2011,2011-06-14,MIL,CUB,4.0,5.0,False,0|0|2|1|0|0|0|1|0,0|0|0|0|0|0|1|3|0,-140.0,120.0,-147.0,127.0,,8.0,sbro,,,,,YGALLARDO-R,RWELLS-R,,,,,,,,
2011,2011-06-14,SDG,COL,3.0,6.0,False,1|0|0|1|0|0|0|0|1,0|0|0|3|0|3|0|0|x,140.0,-160.0,143.0,-163.0,,10.0,sbro,,,,,WLEBLANC-L,JNICASIO-R,,,,,,,,
2011,2011-06-14,SFO,ARI,6.0,5.0,False,1|0|0|1|3|0|1|0|0,0|0|0|0|1|3|1|0|0,-109.0,-111.0,-105.0,-115.0,,7.5,sbro,,,,,MCAIN-R,JCOLLMENT-R,,,,,,,,
2011,2011-06-14,CIN,LOS,3.0,2.0,False,0|0|0|1|0|0|0|1|1,1|0|0|0|0|0|0|0|1,107.0,-127.0,110.0,-130.0,,6.5,sbro,,,,,JCUETO-R,CKERSHAW-L,,,,,,,,
2011,2011-06-14,TEX,NYY,4.0,12.0,False,0|0|0|2|2|0|0|0|0,0|6|1|2|0|3|0|0|x,125.0,-145.0,122.0,-142.0,,8.0,sbro,,,,,AOGANDO-R,CSABATHIA-L,,,,,,,,
2011,2011-06-14,CLE,DET,0.0,4.0,False,0|0|0|0|0|0|0|0|0,0|0|3|0|0|0|1|0|x,152.0,-172.0,160.0,-180.0,,7.5,sbro,,,,,MASTERSON-R,VERLANDER-R,,,,,,,,
2011,2011-06-14,BAL,TOR,5.0,6.0,False,1|0|0|0|0|0|2|2|0,1|0|1|2|0|0|1|0|0,133.0,-153.0,128.0,-148.0,,9.5,sbro,,,,,CJAKUBAUS-R,VILLANUEVA-R,,,,,,,,
2011,2011-06-14,BOS,TAM,0.0,4.0,False,0|0|0|0|0|0|0|0|0,0|0|0|0|1|1|0|2|x,-102.0,-118.0,108.0,-128.0,,8.5,sbro,,,,,WAKEFIELD-R,JSHIELDS-R,,,,,,,,
2011,2011-06-14,KAN,OAK,7.0,4.0,False,0|1|0|1|2|0|0|2|1,0|0|0|1|1|0|0|2|0,145.0,-165.0,143.0,-163.0,,7.5,sbro,,,,,DDUFFY-L,TCAHILL-R,,,,,,,,
2011,2011-06-14,LAA,SEA,4.0,0.0,False,4|0|0|0|0|0|0|0|0,0|0|0|0|0|0|0|0|0,-135.0,115.0,-143.0,123.0,,6.5,sbro,,,,,JERWEAVER-R,DFISTER-R,,,,,,,,
2011,2011-06-15,SDG,COL,3.0,6.0,False,0|0|0|0|1|0|1|0|1,0|0|0|0|1|5|0|0|x,130.0,-150.0,126.0,-146.0,,8.5,sbro,,,,,MLATOS-R,JCHACIN-R,,,,,,,,
2011,2011-06-15,CIN,LOS,7.0,2.0,False,0|2|4|1|0|0|0|0|0,1|0|0|0|0|0|1|0|0,103.0,-123.0,-112.0,-108.0,,7.5,sbro,,,,,TWOOD-L,BILLNGSLEY-R,,,,,,,,
2011,2011-06-15,MIA,PHI,4.0,5.0,False,2|0|0|2|0|0|0|0|0,1|0|0|0|1|0|0|0|2,165.0,-185.0,175.0,-195.0,,7.0,sbro,,,,,ASANCHEZ-R,RHALLADAY-R,,,,,,,,
2011,2011-06-15,STL,WAS,0.0,10.0,False,0|0|0|0|0|0|0|0|0,0|1|1|3|0|1|3|1|x,-125.0,105.0,-105.0,-105.0,,8.5,sbro,,,,,KMCCLELLA-R,LHERNADEZ-R,,,,,,,,
2011,2011-06-15,NYM,ATL,4.0,0.0,False,1|0|0|2|0|0|1|0|0,0|0|0|0|0|0|0|0|0,135.0,-155.0,114.0,-134.0,,7.0,sbro,,,,,DGEE-R,THUDSON-R,,,,,,,,
2011,2011-06-15,PIT,HOU,7.0,3.0,False,1|0|1|0|0|3|2|0|0,0|0|1|1|1|0|0|0|0,-112.0,-108.0,-113.0,-107.0,,7.5,sbro,,,,,CMORTON-R,JHAPP-L,,,,,,,,
2011,2011-06-15,MIL,CUB,9.0,5.0,False,0|0|0|2|3|0|2|1|1,1|0|0|0|3|0|0|1|0,-107.0,-113.0,-105.0,-105.0,,8.5,sbro,,,,,CNARVESON-L,CZAMBRANO-R,,,,,,,,
2011,2011-06-15,SFO,ARI,5.0,2.0,False,1|0|0|1|0|1|0|0|2,0|0|1|1|0|0|0|0|0,-106.0,-114.0,-110.0,-110.0,,9.0,sbro,,,,,MBUMGARNR-L,JSAUNDERS-L,,,,,,,,
2011,2011-06-15,TEX,NYY,4.0,12.0,False,2|0|2|0|0|0|0|0|0,2|1|0|1|2|3|0|3|x,110.0,-130.0,-102.0,-118.0,,10.0,sbro,,,,,DHOLLAND-L,INOVA-R,,,,,,,,
2011,2011-06-15,CLE,DET,6.0,4.0,False,0|0|0|4|1|0|1|0|0,3|0|0|1|0|0|0|0|0,110.0,-130.0,108.0,-128.0,,9.0,sbro,,,,,FCARMONA-R,BPENNY-R,,,,,,,,
2011,2011-06-15,BAL,TOR,1.0,4.0,False,0|0|0|0|0|0|0|0|1,1|0|0|0|0|1|2|0|x,135.0,-155.0,132.0,-152.0,,8.5,sbro,,,,,JARRIETA-R,RROMERO-L,,,,,,,,
2011,2011-06-15,BOS,TAM,3.0,0.0,False,0|0|0|0|0|0|3|0|0,0|0|0|0|0|0|0|0|0,-125.0,105.0,-131.0,111.0,,7.5,sbro,,,,,JBECKETT-R,JHELLICKS-R,,,,,,,,
2011,2011-06-15,CWS,MIN,1.0,4.0,False,0|0|0|0|0|1|0|0|0,0|0|3|0|0|0|0|1|x,-120.0,100.0,-132.0,112.0,,8.0,sbro,,,,,GFLOYD-R,CPAVANO-R,,,,,,,,
2011,2011-06-15,KAN,OAK,1.0,2.0,False,0|0|0|0|0|0|0|1|0,0|0|0|0|0|1|1|0|x,113.0,-133.0,125.0,-145.0,,8.0,sbro,,,,,LHOCHEVAR-R,JOUTMAN-L,,,,,,,,
2011,2011-06-15,LAA,SEA,1.0,3.0,False,0|0|0|0|0|0|0|1|0,0|0|0|0|0|0|2|1|x,100.0,-120.0,-103.0,-117.0,,6.5,sbro,,,,,ESANTANA-R,EBEDARD-L,,,,,,,,
2011,2011-06-15,MIA,PHI,1.0,8.0,False,1|0|0|0|0|0|0|0|0,1|1|6|0|0|0|0|0|x,135.0,-155.0,136.0,-156.0,,9.0,sbro,,,,,VILLANUEVA-R,KKENDRICK-R,,,,,,,,
2011,2011-06-16,MIA,PHI,0.0,3.0,False,0|0|0|0|0|0|0|0|0,0|0|0|1|1|1|0|0|x,200.0,-230.0,200.0,-240.0,,8.0,sbro,,,,,JVAZQUEZ-R,CLEE-L,,,,,,,,
2011,2011-06-16,PIT,HOU,5.0,4.0,False,3|0|0|0|0|2|0|0|0,0|0|0|2|1|0|0|0|1,-105.0,-115.0,-105.0,-105.0,,8.0,sbro,,,,,JMCDONALD-R,JLYLES-R,,,,,,,,
2011,2011-06-16,MIL,CUB,7.0,12.0,False,2|2|1|0|0|0|0|0|2,2|3|1|0|0|3|2|1|x,-130.0,110.0,-131.0,111.0,,8.0,sbro,,,,,ZGREINKE-R,MGARZA-R,,,,,,,,
2011,2011-06-16,STL,WAS,4.0,7.0,False,0|1|0|1|0|0|0|1|1,2|0|0|1|0|1|0|0|0,-135.0,115.0,-105.0,-105.0,,8.5,sbro,,,,,KLOHSE-R,JLANNAN-L,,,,,,,,
2011,2011-06-16,NYM,ATL,8.0,9.0,False,0|0|2|0|4|0|1|1|0,1|0|3|2|0|0|0|0|2,110.0,-130.0,113.0,-133.0,,8.0,sbro,,,,,RDICKEY-R,MMINOR-L,,,,,,,,
2011,2011-06-16,SFO,ARI,2.0,3.0,False,0|0|0|0|1|0|0|0|1,0|0|0|2|0|0|0|0|0,110.0,-130.0,116.0,-136.0,,8.5,sbro,,,,,VOGELSONG-R,IKENNEDY-R,,,,,,,,
2011,2011-06-16,BAL,TOR,4.0,3.0,False,0|0|0|0|0|2|0|0|2,0|0|0|0|0|2|0|0|1,-105.0,-115.0,-112.0,-108.0,,9.0,sbro,,,,,JGUTHRIE-R,ZSTEWART-R,,,,,,,,
2011,2011-06-16,CLE,DET,2.0,6.0,False,2|0|0|0|0|0|0|0|0,2|0|0|2|2|0|0|0|x,145.0,-165.0,148.0,-168.0,,8.5,sbro,,,,,MTALBOT-R,MSCHERZER-R,,,,,,,,
2011,2011-06-16,TEX,NYY,2.0,3.0,False,0|0|0|0|2|0|0|0|0,0|1|0|0|0|1|0|0|0,-127.0,107.0,-112.0,-108.0,,9.5,sbro,,,,,CWILSON-L,BGORDON-R,,,,,,,,
2011,2011-06-16,CWS,MIN,0.0,1.0,False,0|0|0|0|0|0|0|0|0,0|1|0|0|0|0|0|0|x,-125.0,105.0,-106.0,-114.0,,8.5,sbro,,,,,MBUEHRLE-L,NBLACKBUR-R,,,,,,,,
2011,2011-06-16,KAN,OAK,4.0,8.0,False,0|0|0|0|2|0|0|2|0,0|4|2|0|1|0|1|0|x,130.0,-150.0,118.0,-138.0,,7.5,sbro,,,,,JFRANCIS-L,GGONZALEZ-L,,,,,,,,
2011,2011-06-16,BOS,TAM,4.0,2.0,False,1|2|0|0|0|0|0|0|1,0|1|0|0|0|1|0|0|0,100.0,-120.0,102.0,-122.0,,7.5,sbro,,,,,CBUCHHOLZ-R,DPRICE-L,,,,,,,,
2011,2011-06-17,HOU,LOS,7.0,3.0,False,0|0|0|1|0|6|0|0|x,1|0|0|0|0|0|0|2|x,130.0,-150.0,134.0,-154.0,,7.0,sbro,,,,,BMYERS-R,TLILLY-L,,,,,,,,
2011,2011-06-17,NYY,CUB,1.0,3.0,False,0|0|0|0|0|0|0|1|0,2|0|1|0|0|0|0|0|x,-134.0,114.0,-164.0,144.0,,9.5,sbro,,,,,FGARCIA-R,DDAVIS-L,,,,,,,,
2011,2011-06-17,BAL,WAS,4.0,8.0,False,0|0|0|2|0|2|0|0|0,0|0|0|0|4|3|0|1|x,-107.0,-113.0,102.0,-122.0,,8.5,sbro,,,,,ZBRITTON-L,JMARQUIS-R,,,,,,,,
2011,2011-06-17,PIT,CLE,1.0,5.0,False,0|0|0|0|0|1|0|0|0,0|0|1|1|0|0|0|3|x,112.0,-132.0,125.0,-145.0,,8.0,sbro,,,,,KCORREIA-R,JTOMLIN-R,,,,,,,,
2011,2011-06-17,LAA,NYM,4.0,3.0,False,0|1|1|0|0|1|1|0|0,0|1|1|0|0|0|0|1|0,112.0,-132.0,104.0,-124.0,,7.5,sbro,,,,,JPINEIRO-R,CCAPUANO-L,,,,,,,,
2011,2011-06-17,MIA,TAM,1.0,5.0,False,0|0|0|0|1|0|0|0|0,0|2|1|0|0|0|0|2|x,114.0,-134.0,122.0,-142.0,,9.5,sbro,,,,,BHAND-L,WDAVIS-R,,,,,,,,
2011,2011-06-17,TOR,CIN,3.0,2.0,False,0|0|0|0|0|0|3|0|0,0|0|0|0|0|1|1|0|0,125.0,-145.0,133.0,-153.0,,9.5,sbro,,,,,JJREYES-L,MLEAKE-R,,,,,,,,
2011,2011-06-17,MIL,BOS,4.0,10.0,False,2|0|2|0|0|0|0|0|0,2|2|0|0|1|2|3|0|x,-107.0,-113.0,112.0,-132.0,,9.0,sbro,,,,,SMARCUM-R,JLACKEY-R,,,,,,,,
2011,2011-06-17,TEX,ATL,6.0,2.0,False,0|1|0|0|4|0|0|0|1,0|0|0|1|0|1|0|0|0,120.0,-140.0,-113.0,-107.0,,8.5,sbro,,,,,CLEWIS-R,RDELGADO-R,,,,,,,,
2011,2011-06-17,SDG,MIN,5.0,6.0,False,0|0|1|0|1|0|3|0|0,5|0|0|1|0|0|0|0|x,101.0,-121.0,110.0,-130.0,,8.0,sbro,,,,,CRICHARD-L,BDUENSING-L,,,,,,,,
2011,2011-06-17,KAN,STL,5.0,4.0,False,1|2|0|1|0|0|0|1|0,0|0|4|0|0|0|0|0|0,142.0,-162.0,146.0,-166.0,,8.0,sbro,,,,,FPAULINO-R,CARPENTER-R,,,,,,,,
2011,2011-06-17,DET,COL,6.0,13.0,False,1|0|0|0|0|4|1|0|0,0|6|3|2|1|1|0|0|x,-107.0,-113.0,100.0,-120.0,,10.0,sbro,,,,,RPORCELLO-R,JHAMMEL-R,,,,,,,,
2011,2011-06-17,CWS,ARI,1.0,4.0,False,0|0|0|0|0|0|1|0|0,2|0|0|0|0|0|2|0|x,115.0,-135.0,114.0,-134.0,,9.0,sbro,,,,,EJACKSON-R,DHUDSON-R,,,,,,,,
2011,2011-06-17,SFO,OAK,2.0,5.0,False,0|1|0|0|0|1|0|0|0,1|0|2|0|0|0|0|2|x,-150.0,130.0,-146.0,126.0,,7.0,sbro,,,,,TLINCECUM-R,GGODFREY-R,,,,,,,,
2011,2011-06-17,PHI,SEA,2.0,4.0,False,0|0|0|0|0|1|0|1|0,0|0|1|1|1|0|1|0|x,-113.0,-107.0,-114.0,-106.0,,6.5,sbro,,,,,ROSWALT-R,MPINEDA-R,,,,,,,,
2011,2011-06-18,HOU,LOS,7.0,0.0,False,0|0|0|0|5|0|0|2|0,0|0|0|0|0|0|0|0|0,100.0,-120.0,107.0,-127.0,,7.0,sbro,,,,,WRODRIGEZ-L,RDELARO-R,,,,,,,,
2011,2011-06-18,BAL,WAS,2.0,4.0,False,1|0|0|0|0|0|1|0|0,1|0|0|0|0|3|0|0|x,125.0,-145.0,126.0,-146.0,,8.0,sbro,,,,,BMATUSZ-L,JZIMMERMN-R,,,,,,,,
2011,2011-06-18,MIL,BOS,4.0,2.0,False,2|0|2|0|0|0|0|0|0,0|2|0|0|0|0|0|0|0,157.0,-177.0,161.0,-181.0,,8.5,sbro,,,,,RWOLF-L,JLESTER-L,,,,,,,,
2011,2011-06-18,TEX,ATL,5.0,4.0,False,2|0|2|0|0|0|0|0|0,0|0|2|0|0|1|0|1|0,104.0,-124.0,-105.0,-105.0,,8.5,sbro,,,,,MHARRISON-L,DLOWE-R,,,,,,,,
2011,2011-06-18,NYY,CUB,4.0,3.0,False,0|0|2|0|0|1|0|0|1,0|0|0|2|0|0|0|0|1,-133.0,113.0,-146.0,126.0,,8.0,sbro,,,,,ABURNETT-R,RDEMPSTER-R,,,,,,,,
2011,2011-06-18,PIT,CLE,1.0,5.0,False,0|0|0|0|0|0|1|0|0,1|1|0|0|0|1|2|0|x,114.0,-134.0,120.0,-140.0,,8.0,sbro,,,,,PMAHOLM-L,CCARRASCO-R,,,,,,,,
2011,2011-06-18,SDG,MIN,0.0,1.0,False,0|0|0|0|0|0|0|0|0,0|1|0|0|0|0|0|0|x,103.0,-123.0,125.0,-145.0,,7.5,sbro,,,,,TSTAUFFER-R,SBAKER-R,,,,,,,,
2011,2011-06-18,MIA,TAM,4.0,7.0,False,1|0|0|0|0|0|1|1|1,1|2|1|0|1|2|0|0|x,102.0,-122.0,123.0,-143.0,,8.5,sbro,,,,,RNOLASCO-R,ACOBB-R,,,,,,,,
2011,2011-06-18,LAA,NYM,1.0,6.0,False,0|0|0|0|0|1|0|0|0,0|0|1|2|3|0|0|0|x,-122.0,102.0,-127.0,107.0,,6.5,sbro,,,,,DHAREN-R,MPELFREY-R,,,,,,,,
2011,2011-06-18,TOR,CIN,4.0,0.0,False,0|0|1|2|1|0|0|0|0,0|0|0|0|0|0|0|0|0,-103.0,-117.0,106.0,-126.0,,9.0,sbro,,,,,BMORROW-R,EVOLQUEZ-R,,,,,,,,
2011,2011-06-18,KAN,STL,4.0,5.0,False,0|2|0|1|0|0|1|0|0,1|1|1|0|0|0|0|2|x,132.0,-152.0,140.0,-160.0,,9.0,sbro,,,,,VMAZZARO-R,WESTBROOK-R,,,,,,,,
2011,2011-06-18,DET,COL,4.0,5.0,False,0|0|0|1|0|2|0|0|1,0|3|0|0|1|1|0|0|x,134.0,-154.0,131.0,-151.0,,9.0,sbro,,,,,PCOKE-L,UJIMENEZ-R,,,,,,,,
2011,2011-06-18,CWS,ARI,6.0,2.0,False,0|1|1|0|0|1|0|3|0,0|0|0|2|0|0|0|0|0,-112.0,-108.0,-110.0,-110.0,,9.5,sbro,,,,,JDANKS-L,ZDUKE-L,,,,,,,,
2011,2011-06-18,SFO,OAK,2.0,4.0,False,0|0|0|0|2|0|0|0|0,0|0|0|0|4|0|0|0|x,-116.0,-104.0,-110.0,-110.0,,7.5,sbro,,,,,JSANCHEZ-L,GMOSCOSO-R,,,,,,,,
2011,2011-06-18,PHI,SEA,5.0,1.0,False,1|0|0|0|0|0|2|0|2,0|1|0|0|0|0|0|0|0,125.0,-145.0,110.0,-130.0,,6.5,sbro,,,,,VWORLEY-R,FHERNANDZ-R,,,,,,,,
2011,2011-06-19,HOU,LOS,0.0,1.0,False,0|0|0|0|0|0|0|0|0,0|0|0|0|0|0|0|1|x,118.0,-138.0,122.0,-142.0,,7.0,sbro,,,,,BNORRIS-R,HKURODA-R,,,,,,,,
2011,2011-06-19,PIT,CLE,2.0,5.0,False,2|0|0|0|0|0|0|0|0,0|2|0|0|0|0|0|0|0,123.0,-143.0,142.0,-162.0,,8.0,sbro,,,,,JKARSTENS-R,MASTERSON-R,,,,,,,,
2011,2011-06-19,TOR,CIN,1.0,2.0,False,0|0|0|0|1|0|0|0|0,0|0|0|0|0|2|0|0|x,100.0,-120.0,113.0,-133.0,,9.0,sbro,,,,,VILLANUEVA-R,BARROYO-R,,,,,,,,
2011,2011-06-19,LAA,NYM,7.0,3.0,False,1|3|0|0|1|1|1|0|0,0|0|0|0|0|0|0|0|3,120.0,-140.0,125.0,-145.0,,7.5,sbro,,,,,TCHATWOOD-R,JNIESE-L,,,,,,,,
2011,2011-06-19,TEX,ATL,2.0,4.0,False,0|0|0|1|0|0|1|0|0,0|0|3|0|0|0|1|0|x,-114.0,-106.0,-110.0,-110.0,,7.5,sbro,,,,,AOGANDO-R,JJURRJENS-R,,,,,,,,
2011,2011-06-19,BAL,WAS,7.0,4.0,False,0|1|1|1|2|1|0|1|0,0|0|0|2|1|0|0|0|1,118.0,-138.0,119.0,-139.0,,9.0,sbro,,,,,CJAKUBAUS-R,GORZELANNY-L,,,,,,,,
2011,2011-06-19,MIL,BOS,3.0,12.0,False,0|2|0|0|0|0|1|0|0,6|0|0|2|1|2|1|0|x,-111.0,-109.0,-104.0,-116.0,,9.0,sbro,,,,,YGALLARDO-R,WAKEFIELD-R,,,,,,,,
2011,2011-06-19,MIA,TAM,1.0,2.0,False,1|0|0|0|0|0|0|0|0,0|0|1|0|0|0|0|1|x,170.0,-190.0,180.0,-210.0,,7.5,sbro,,,,,CVOLSTAD-R,JSHIELDS-R,,,,,,,,
2011,2011-06-19,SDG,MIN,4.0,5.0,False,0|0|0|1|2|0|0|1|0,1|0|0|0|0|0|3|0|1,130.0,-150.0,127.0,-147.0,,7.5,sbro,,,,,DMOSELEY-R,FLIRIANO-L,,,,,,,,
2011,2011-06-19,KAN,STL,4.0,5.0,False,1|1|0|0|0|1|0|0|1,2|0|0|0|1|1|0|0|1,170.0,-190.0,167.0,-187.0,,8.0,sbro,,,,,DDUFFY-L,JGARCIA-L,,,,,,,,
2011,2011-06-19,DET,COL,9.0,1.0,False,0|1|2|1|0|0|3|0|2,0|0|0|0|1|0|0|0|0,-136.0,116.0,-138.0,118.0,,9.0,sbro,,,,,VERLANDER-R,ACOOK-R,,,,,,,,
2011,2011-06-19,SFO,OAK,1.0,2.0,False,0|1|0|0|0|0|0|0|0,0|0|0|0|0|1|0|1|x,-106.0,-114.0,-108.0,-112.0,,7.0,sbro,,,,,MCAIN-R,TCAHILL-R,,,,,,,,
2011,2011-06-19,CWS,ARI,8.0,2.0,False,0|0|0|1|0|0|2|5|0,0|0|0|0|0|0|0|2|0,100.0,-120.0,108.0,-128.0,,8.0,sbro,,,,,PHUMBER-R,JCOLLMENT-R,,,,,,,,
2011,2011-06-19,PHI,SEA,0.0,2.0,False,0|0|0|0|0|0|0|0|0,0|0|0|0|0|1|1|0|x,-150.0,130.0,-162.0,142.0,,6.5,sbro,,,,,CHAMELS-L,JVARGAS-L,,,,,,,,
2011,2011-06-19,NYY,CUB,10.0,4.0,False,1|0|0|2|0|1|0|3|3,1|0|3|0|0|0|0|0|0,-168.0,148.0,-200.0,170.0,,8.5,sbro,,,,,CSABATHIA-L,RWELLS-R,,,,,,,,
2011,2011-06-20,BAL,PIT,8.0,3.0,False,5|2|1|0|0|0|0|0|0,0|1|0|2|0|0|0|0|0,-113.0,-107.0,-105.0,-105.0,,8.0,sbro,,,,,JARRIETA-R,CMORTON-R,,,,,,,,
2011,2011-06-20,COL,CLE,8.0,7.0,False,1|0|0|0|6|0|0|1|0,3|0|0|1|2|0|0|1|0,-112.0,-108.0,-107.0,-113.0,,8.5,sbro,,,,,JNICASIO-R,FCARMONA-R,,,,,,,,
2011,2011-06-20,SDG,BOS,5.0,14.0,False,0|0|0|0|0|3|0|1|1,1|0|1|1|0|0|10|1|x,170.0,-190.0,170.0,-200.0,,10.5,sbro,,,,,WLEBLANC-L,AMILLER-L,,,,,,,,
2011,2011-06-20,NYY,CIN,5.0,3.0,False,4|0|0|0|0|0|0|1|0,1|0|0|0|0|0|0|0|2,105.0,-125.0,-105.0,-105.0,,9.5,sbro,,,,,INOVA-R,TWOOD-L,,,,,,,,
2011,2011-06-20,TOR,ATL,0.0,2.0,False,0|0|0|0|0|0|0|0|0,0|0|0|0|0|0|2|0|x,-103.0,-117.0,-101.0,-119.0,,7.0,sbro,,,,,RROMERO-L,THUDSON-R,,,,,,,,
2011,2011-06-20,LAA,MIA,2.0,1.0,False,0|0|0|0|0|1|0|1|0,0|1|0|0|0|0|0|0|0,-117.0,-103.0,-127.0,107.0,,6.5,sbro,,,,,JERWEAVER-R,ASANCHEZ-R,,,,,,,,
2011,2011-06-20,HOU,TEX,3.0,8.0,False,0|0|0|2|0|0|0|1|0,3|3|1|0|0|0|0|1|x,139.0,-159.0,167.0,-187.0,,10.0,sbro,,,,,JHAPP-L,DHOLLAND-L,,,,,,,,
2011,2011-06-20,CUB,CWS,6.0,3.0,False,0|0|2|0|0|4|0|0|0,3|0|0|0|0|0|0|0|0,114.0,-134.0,139.0,-159.0,,8.5,sbro,,,,,CZAMBRANO-R,GFLOYD-R,,,,,,,,
2011,2011-06-20,TAM,MIL,8.0,4.0,False,1|0|0|0|0|0|4|3|0,0|0|0|0|0|0|1|2|1,113.0,-133.0,118.0,-138.0,,8.5,sbro,,,,,JNIEMANN-R,CNARVESON-L,,,,,,,,
2011,2011-06-20,DET,LOS,0.0,4.0,False,0|0|0|0|0|0|0|0|0,1|0|0|0|0|1|0|2|x,125.0,-145.0,123.0,-143.0,,7.0,sbro,,,,,BPENNY-R,CKERSHAW-L,,,,,,,,
2011,2011-06-21,PHI,STL,10.0,2.0,False,0|0|0|0|0|0|1|9|0,0|0|0|0|1|0|1|0|0,-155.0,135.0,-168.0,148.0,,7.0,sbro,,,,,RHALLADAY-R,KMCCLELLA-R,,,,,,,,
2011,2011-06-21,SEA,WAS,5.0,6.0,False,2|0|1|1|1|0|0|0|0,0|0|0|0|0|1|0|0|5,-103.0,-117.0,112.0,-132.0,,8.0,sbro,,,,,DFISTER-R,LHERNADEZ-R,,,,,,,,
2011,2011-06-21,BAL,PIT,3.0,9.0,False,0|0|0|0|3|0|0|0|0,3|1|1|0|0|0|2|2|x,-107.0,-113.0,-115.0,-105.0,,7.5,sbro,,,,,JGUTHRIE-R,JMCDONALD-R,,,,,,,,
2011,2011-06-21,COL,CLE,4.0,3.0,False,0|0|0|0|1|2|0|0|1,0|0|0|0|0|1|0|2|0,-126.0,106.0,-129.0,109.0,,8.5,sbro,,,,,JCHACIN-R,MTALBOT-R,,,,,,,,
2011,2011-06-21,SDG,BOS,5.0,4.0,False,0|2|2|0|0|0|1|0|0,1|0|1|1|0|1|0|0|0,182.0,-212.0,157.0,-177.0,,9.0,sbro,,,,,MLATOS-R,AACEVES-R,,,,,,,,
2011,2011-06-21,LAA,MIA,2.0,5.0,False,0|0|0|0|0|0|0|0|2,1|1|0|0|0|1|0|2|x,-130.0,110.0,-125.0,105.0,,8.0,sbro,,,,,ESANTANA-R,JVAZQUEZ-R,,,,,,,,
2011,2011-06-21,TOR,ATL,1.0,5.0,False,1|0|0|0|0|0|0|0|0,1|0|3|1|0|0|0|0|x,103.0,-123.0,110.0,-130.0,,8.5,sbro,,,,,ZSTEWART-R,MMINOR-L,,,,,,,,
2011,2011-06-21,OAK,NYM,7.0,3.0,False,2|0|2|0|2|1|0|0|0,0|0|0|1|0|1|0|1|0,112.0,-132.0,113.0,-133.0,,7.0,sbro,,,,,JOUTMAN-L,DGEE-R,,,,,,,,
2011,2011-06-21,HOU,TEX,4.0,5.0,False,1|0|2|0|0|0|1|0|0,0|1|0|1|0|0|1|1|0,190.0,-220.0,200.0,-230.0,,8.5,sbro,,,,,JLYLES-R,CWILSON-L,,,,,,,,
2011,2011-06-21,CUB,CWS,2.0,3.0,False,0|0|0|0|1|1|0|0|0,0|1|1|0|0|0|1|0|x,105.0,-125.0,104.0,-124.0,,8.5,sbro,,,,,MGARZA-R,MBUEHRLE-L,,,,,,,,
2011,2011-06-21,ARI,KAN,7.0,2.0,False,0|0|0|0|1|1|3|2|0,1|0|0|0|0|0|1|0|0,100.0,-120.0,106.0,-126.0,,9.0,sbro,,,,,JSAUNDERS-L,LHOCHEVAR-R,,,,,,,,
2011,2011-06-21,TAM,MIL,1.0,5.0,False,0|0|0|0|0|0|1|0|0,1|1|0|0|0|0|3|0|x,110.0,-130.0,115.0,-135.0,,7.5,sbro,,,,,JHELLICKS-R,ZGREINKE-R,,,,,,,,
2011,2011-06-21,DET,LOS,1.0,6.0,False,0|0|0|1|0|0|0|0|0,0|1|0|1|2|2|0|0|x,-117.0,-103.0,-111.0,-109.0,,7.5,sbro,,,,,MSCHERZER-R,BILLNGSLEY-R,,,,,,,,
2011,2011-06-21,MIN,SFO,9.0,2.0,False,8|0|0|0|0|0|0|0|1,0|0|0|0|0|0|1|1|0,130.0,-150.0,121.0,-141.0,,6.5,sbro,,,,,CPAVANO-R,MBUMGARNR-L,,,,,,,,
2011,2011-06-22,PHI,STL,4.0,0.0,False,0|0|0|3|0|0|0|0|1,0|0|0|0|0|0|0|0|0,-155.0,135.0,-150.0,130.0,,7.5,sbro,,,,,CLEE-L,KLOHSE-R,,,,,,,,
2011,2011-06-22,BAL,PIT,4.0,5.0,False,0|0|2|2|0|0|0|0|0,2|0|0|1|2|0|0|0|x,-110.0,-110.0,-108.0,-112.0,,7.5,sbro,,,,,ZBRITTON-L,KCORREIA-R,,,,,,,,
2011,2011-06-22,NYY,CIN,4.0,2.0,False,0|0|2|0|0|2|0|0|0,0|0|0|0|2|0|0|0|0,-110.0,-110.0,100.0,-120.0,,9.0,sbro,,,,,FGARCIA-R,MLEAKE-R,,,,,,,,
2011,2011-06-22,TOR,ATL,1.0,5.0,False,0|0|1|0|0|0|0|0|0,0|2|2|0|0|0|1|0|x,130.0,-150.0,130.0,-150.0,,8.0,sbro,,,,,JJREYES-L,BBEACHY-R,,,,,,,,
2011,2011-06-22,SDG,BOS,5.0,1.0,False,1|0|0|4|0|0|0|0|x,0|0|0|0|1|0|0|0|x,170.0,-200.0,180.0,-210.0,,10.5,sbro,,,,,CRICHARD-L,JLACKEY-R,,,,,,,,
2011,2011-06-22,TAM,MIL,6.0,3.0,False,0|2|0|0|0|1|3|0|0,2|0|0|0|0|0|0|0|1,-107.0,-113.0,-113.0,-107.0,,7.5,sbro,,,,,DPRICE-L,SMARCUM-R,,,,,,,,
2011,2011-06-22,DET,LOS,7.0,5.0,False,1|2|2|0|1|0|0|1|0,2|0|0|1|2|0|0|0|0,100.0,-120.0,-110.0,-110.0,,7.5,sbro,,,,,RPORCELLO-R,TLILLY-L,,,,,,,,
2011,2011-06-22,SEA,WAS,1.0,2.0,False,0|0|0|1|0|0|0|0|0,1|0|0|1|0|0|0|0|x,-110.0,-110.0,-106.0,-114.0,,7.5,sbro,,,,,EBEDARD-L,JLANNAN-L,,,,,,,,
2011,2011-06-22,COL,CLE,3.0,4.0,False,0|0|0|0|1|0|2|0|0,0|0|2|0|0|2|0|0|x,110.0,-130.0,110.0,-130.0,,9.0,sbro,,,,,JHAMMEL-R,JTOMLIN-R,,,,,,,,
2011,2011-06-22,LAA,MIA,6.0,5.0,False,0|0|4|0|0|0|0|1|0,1|0|0|2|0|0|1|1|0,-108.0,-112.0,-105.0,-105.0,,8.0,sbro,,,,,JPINEIRO-R,BSANCHES-R,,,,,,,,
2011,2011-06-22,OAK,NYM,2.0,3.0,False,0|0|0|0|1|0|0|0|1,0|1|0|0|0|0|0|1|0,100.0,-120.0,-112.0,-108.0,,7.5,sbro,,,,,GGONZALEZ-L,RDICKEY-R,,,,,,,,
2011,2011-06-22,HOU,TEX,5.0,3.0,False,0|0|0|0|0|0|0|1|4,1|0|0|0|1|0|0|1|0,170.0,-200.0,166.0,-186.0,,9.5,sbro,,,,,BMYERS-R,CLEWIS-R,,,,,,,,
2011,2011-06-22,CUB,CWS,3.0,4.0,False,0|0|0|0|1|2|0|0|0,0|0|0|3|1|0|0|0|x,170.0,-190.0,158.0,-178.0,,8.5,sbro,,,,,DDAVIS-L,JPEAVY-R,,,,,,,,
2011,2011-06-22,ARI,KAN,3.0,2.0,False,0|0|0|0|3|0|0|0|0,0|0|1|0|0|0|1|0|0,-130.0,110.0,-118.0,-102.0,,8.0,sbro,,,,,IKENNEDY-R,JFRANCIS-L,,,,,,,,
2011,2011-06-22,MIN,SFO,1.0,5.0,False,0|0|0|0|0|0|1|0|0,0|2|0|0|0|1|1|1|x,130.0,-150.0,113.0,-133.0,,6.5,sbro,,,,,NBLACKBUR-R,VOGELSONG-R,,,,,,,,
2011,2011-06-22,NYY,CIN,2.0,10.0,False,0|1|0|0|0|0|0|1|0,1|1|0|0|2|0|3|3|x,112.0,-132.0,120.0,-140.0,,9.0,sbro,,,,,BGORDON-R,JCUETO-R,,,,,,,,
2011,2011-06-23,PHI,STL,2.0,12.0,False,0|0|0|0|0|1|0|0|1,1|3|1|0|0|1|0|6|x,-113.0,-107.0,-109.0,-111.0,,7.5,sbro,,,,,ROSWALT-R,CARPENTER-R,,,,,,,,
2011,2011-06-23,SEA,WAS,0.0,1.0,False,0|0|0|0|0|0|0|0|0,0|0|0|0|0|0|0|0|1,-120.0,100.0,-109.0,-111.0,,7.5,sbro,,,,,MPINEDA-R,JMARQUIS-R,,,,,,,,
2011,2011-06-23,OAK,NYM,1.0,4.0,False,0|0|0|0|0|0|0|1|0,0|2|0|0|1|1|0|0|x,118.0,-138.0,112.0,-132.0,,8.0,sbro,,,,,GGODFREY-R,CCAPUANO-L,,,,,,,,
2011,2011-06-23,MIN,SFO,1.0,2.0,False,0|0|0|0|0|0|0|0|1,0|1|0|0|0|0|0|1|x,162.0,-182.0,147.0,-167.0,,6.5,sbro,,,,,BDUENSING-L,TLINCECUM-R,,,,,,,,
2011,2011-06-23,ARI,KAN,5.0,3.0,False,2|1|1|1|0|0|0|0|0,0|2|0|1|0|0|0|0|0,-113.0,-107.0,-114.0,-106.0,,8.0,sbro,,,,,DHUDSON-R,FPAULINO-R,,,,,,,,
2011,2011-06-24,ATL,SDG,2.0,11.0,False,0|0|0|0|0|0|2|0|0,0|1|1|0|0|3|6|0|x,-113.0,-107.0,-107.0,-113.0,,6.5,sbro,,,,,DLOWE-R,TSTAUFFER-R,,,,,,,,
2011,2011-06-24,BOS,PIT,1.0,3.0,False,1|0|0|0|0|0|0|0|0,0|0|2|0|0|1|0|0|x,-159.0,139.0,-164.0,144.0,,7.5,sbro,,,,,JLESTER-L,PMAHOLM-L,,,,,,,,
2011,2011-06-24,OAK,PHI,0.0,1.0,False,0|0|0|0|0|0|0|0|0,0|0|0|0|0|0|0|0|1,135.0,-155.0,149.0,-169.0,,9.0,sbro,,,,,GMOSCOSO-R,VWORLEY-R,,,,,,,,
2011,2011-06-24,ARI,DET,7.0,6.0,False,0|0|0|3|3|0|0|1|0,2|0|2|2|0|0|0|0|0,135.0,-155.0,120.0,-140.0,,9.5,sbro,,,,,ZDUKE-L,PCOKE-L,,,,,,,,
2011,2011-06-24,CIN,BAL,4.0,5.0,False,0|0|0|0|3|1|0|0|0,0|2|1|1|0|0|0|0|0,-125.0,105.0,-116.0,-104.0,,9.5,sbro,,,,,EVOLQUEZ-R,CJAKUBAUS-R,,,,,,,,
2011,2011-06-24,COL,NYY,4.0,2.0,False,0|1|1|1|1|0|0|0|0,1|0|1|0|0|0|0|0|0,125.0,-145.0,115.0,-135.0,,9.5,sbro,,,,,UJIMENEZ-R,ABURNETT-R,,,,,,,,
2011,2011-06-24,NYM,TEX,1.0,8.0,False,0|0|0|0|1|0|0|0|0,3|0|0|1|0|0|2|2|x,126.0,-146.0,146.0,-166.0,,9.5,sbro,,,,,MPELFREY-R,MHARRISON-L,,,,,,,,
2011,2011-06-24,TAM,HOU,5.0,1.0,False,0|0|4|0|1|0|0|0|0,0|0|0|0|0|0|1|0|0,-132.0,112.0,-130.0,110.0,,6.5,sbro,,,,,JSHIELDS-R,WRODRIGEZ-L,,,,,,,,
2011,2011-06-24,WAS,CWS,9.0,5.0,False,0|0|0|0|0|0|0|2|1,0|0|0|0|0|0|0|0|3,-107.0,-113.0,-106.0,-114.0,,8.0,sbro,,,,,JZIMMERMN-R,EJACKSON-R,,,,,,,,
2011,2011-06-24,MIN,MIL,3.0,4.0,False,0|0|0|0|0|3|0|0|0,0|0|0|1|1|0|2|0|x,130.0,-150.0,118.0,-138.0,,8.0,sbro,,,,,SBAKER-R,RWOLF-L,,,,,,,,
2011,2011-06-24,CUB,KAN,6.0,4.0,False,1|0|0|2|0|0|1|0|2,0|1|0|3|0|0|0|0|0,-107.0,-113.0,-111.0,-109.0,,8.5,sbro,,,,,RDEMPSTER-R,BCHEN-L,,,,,,,,
2011,2011-06-24,TOR,STL,5.0,4.0,False,2|0|0|0|2|0|0|0|1,0|1|1|0|0|2|0|0|0,-114.0,-106.0,-105.0,-105.0,,8.0,sbro,,,,,BMORROW-R,WESTBROOK-R,,,,,,,,
2011,2011-06-24,LAA,LOS,8.0,3.0,False,0|1|0|0|3|1|0|2|1,2|0|0|0|1|0|0|0|0,-132.0,112.0,-125.0,105.0,,7.0,sbro,,,,,DHAREN-R,RDELARO-R,,,,,,,,
2011,2011-06-24,CLE,SFO,3.0,4.0,False,2|0|0|1|0|0|0|0|0,0|0|0|1|0|3|0|0|x,100.0,-120.0,-104.0,-116.0,,7.0,sbro,,,,,CCARRASCO-R,JSANCHEZ-L,,,,,,,,
2011,2011-06-24,SEA,MIA,5.0,1.0,False,0|0|0|0|0|0|3|0|2,0|0|0|1|0|0|0|0|0,-160.0,140.0,-157.0,137.0,,6.5,sbro,,,,,FHERNANDZ-R,RNOLASCO-R,,,,,,,,
2011,2011-06-25,ATL,SDG,10.0,1.0,False,1|1|0|0|0|1|0|3|4,0|0|1|0|0|0|0|0|0,-133.0,113.0,-145.0,125.0,,6.0,sbro,,,,,JJURRJENS-R,DMOSELEY-R,,,,,,,,
2011,2011-06-25,COL,NYY,3.0,8.0,False,0|0|0|0|0|0|0|1|2,2|0|3|0|0|1|0|2|x,170.0,-190.0,220.0,-260.0,,9.0,sbro,,,,,ACOOK-R,CSABATHIA-L,,,,,,,,
2011,2011-06-25,LAA,LOS,6.0,1.0,False,0|0|1|1|0|0|0|4|0,0|0|0|0|1|0|0|0|0,115.0,-135.0,116.0,-136.0,,7.5,sbro,,,,,TCHATWOOD-R,HKURODA-R,,,,,,,,
2011,2011-06-25,WAS,CWS,0.0,3.0,False,0|0|0|0|0|0|0|0|0,1|0|0|0|0|0|0|2|x,118.0,-138.0,136.0,-156.0,,8.5,sbro,,,,,GORZELANNY-L,JDANKS-L,,,,,,,,
2011,2011-06-25,NYM,TEX,14.0,5.0,False,3|0|3|0|0|8|0|0|0,0|0|0|2|0|0|1|2|0,145.0,-165.0,150.0,-170.0,,9.0,sbro,,,,,JNIESE-L,AOGANDO-R,,,,,,,,
2011,2011-06-25,CIN,BAL,10.0,5.0,False,0|1|3|0|2|0|2|2|0,1|0|2|1|0|0|1|0|0,-108.0,-112.0,-105.0,-105.0,,9.5,sbro,,,,,BARROYO-R,BMATUSZ-L,,,,,,,,
2011,2011-06-25,ARI,DET,0.0,6.0,False,0|0|0|0|0|0|0|0|0,0|1|0|4|0|0|1|0|x,145.0,-165.0,169.0,-189.0,,7.0,sbro,,,,,JCOLLMENT-R,VERLANDER-R,,,,,,,,
2011,2011-06-25,OAK,PHI,4.0,1.0,False,0|0|1|1|0|0|0|0|2,0|1|0|0|0|0|0|0|0,165.0,-185.0,168.0,-188.0,,7.0,sbro,,,,,TCAHILL-R,CHAMELS-L,,,,,,,,
2011,2011-06-25,BOS,PIT,4.0,6.0,False,1|0|1|0|0|0|2|0|0,0|0|0|4|1|0|1|0|x,-134.0,114.0,-138.0,118.0,,8.0,sbro,,,,,WAKEFIELD-R,JKARSTENS-R,,,,,,,,
2011,2011-06-25,TAM,HOU,7.0,2.0,False,1|1|1|0|0|1|0|0|3,0|0|0|1|0|0|0|1|0,-107.0,-113.0,-105.0,-115.0,,8.0,sbro,,,,,WDAVIS-R,BNORRIS-R,,,,,,,,
2011,2011-06-25,MIN,MIL,1.0,11.0,False,0|1|0|0|0|0|0|0|0,0|0|5|1|1|3|0|1|x,122.0,-142.0,125.0,-145.0,,7.5,sbro,,,,,FLIRIANO-L,YGALLARDO-R,,,,,,,,
2011,2011-06-25,CUB,KAN,2.0,3.0,False,0|0|0|0|0|2|0|0|0,0|0|0|0|2|0|0|1|x,-113.0,-107.0,-106.0,-114.0,,8.5,sbro,,,,,CZAMBRANO-R,DDUFFY-L,,,,,,,,
2011,2011-06-25,TOR,STL,6.0,3.0,False,0|0|5|0|0|0|0|0|1,1|0|0|1|0|0|0|0|1,117.0,-137.0,120.0,-140.0,,8.0,sbro,,,,,VILLANUEVA-R,JGARCIA-L,,,,,,,,
2011,2011-06-25,CLE,SFO,0.0,1.0,False,0|0|0|0|0|0|0|0|0,0|0|0|0|0|0|1|0|x,114.0,-134.0,112.0,-132.0,,6.0,sbro,,,,,MASTERSON-R,MCAIN-R,,,,,,,,
2011,2011-06-25,SEA,MIA,2.0,4.0,False,0|0|0|0|1|0|1|0|0,3|0|0|0|0|1|0|0|x,-134.0,114.0,-128.0,108.0,,7.0,sbro,,,,,JVARGAS-L,CVOLSTAD-R,,,,,,,,
2011,2011-06-26,ATL,SDG,1.0,4.0,False,0|0|0|0|0|0|0|1|0,0|0|0|0|0|0|0|4|x,-130.0,110.0,-120.0,100.0,,6.0,sbro,,,,,THUDSON-R,CLUEBKE-L,,,,,,,,
2011,2011-06-26,ARI,DET,3.0,8.0,False,0|0|0|0|0|0|2|0|1,0|1|0|0|0|0|0|7|x,118.0,-138.0,117.0,-137.0,,9.5,sbro,,,,,JSAUNDERS-L,BPENNY-R,,,,,,,,
2011,2011-06-26,CIN,BAL,5.0,7.0,False,0|0|0|0|1|3|0|0|1,0|0|1|4|0|1|1|0|x,-113.0,-107.0,-112.0,-108.0,,9.0,sbro,,,,,HBAILEY-R,JGUTHRIE-R,,,,,,,,
2011,2011-06-26,OAK,PHI,1.0,3.0,False,0|0|0|1|0|0|0|0|0,2|0|0|0|1|0|0|0|x,178.0,-208.0,210.0,-250.0,,7.0,sbro,,,,,JOUTMAN-L,RHALLADAY-R,,,,,,,,
2011,2011-06-26,BOS,PIT,4.0,2.0,False,0|0|0|1|0|1|2|0|0,0|0|0|1|1|0|0|0|0,-123.0,103.0,-150.0,130.0,,9.5,sbro,,,,,AMILLER-L,JMCDONALD-R,,,,,,,,
2011,2011-06-26,COL,NYY,4.0,6.0,False,0|1|0|0|2|1|0|0|0,0|0|0|0|3|1|1|1|x,140.0,-160.0,135.0,-155.0,,10.0,sbro,,,,,JNICASIO-R,INOVA-R,,,,,,,,
2011,2011-06-26,TAM,HOU,14.0,10.0,False,3|0|1|1|0|2|0|4|3,1|2|2|2|0|0|1|2|0,-120.0,100.0,-130.0,110.0,,8.5,sbro,,,,,JNIEMANN-R,JHAPP-L,,,,,,,,
2011,2011-06-26,WAS,CWS,2.0,1.0,False,0|0|0|0|0|0|2|0|0,0|0|1|0|0|0|0|0|0,130.0,-150.0,140.0,-160.0,,8.0,sbro,,,,,LHERNADEZ-R,PHUMBER-R,,,,,,,,
2011,2011-06-26,MIN,MIL,2.0,6.0,False,0|1|0|0|0|0|1|0|0,0|0|0|0|3|2|1|0|x,130.0,-150.0,150.0,-170.0,,8.0,sbro,,,,,CPAVANO-R,CNARVESON-L,,,,,,,,
2011,2011-06-26,CUB,KAN,3.0,6.0,False,0|0|1|2|0|0|0|0|0,4|0|0|2|0|0|0|0|x,112.0,-132.0,115.0,-135.0,,9.0,sbro,,,,,RWELLS-R,LHOCHEVAR-R,,,,,,,,
2011,2011-06-26,TOR,STL,5.0,0.0,False,0|1|0|0|0|4|0|0|0,0|0|0|0|0|0|0|0|0,-115.0,-105.0,-107.0,-113.0,,7.5,sbro,,,,,RROMERO-L,KMCCLELLA-R,,,,,,,,
2011,2011-06-26,CLE,SFO,1.0,3.0,False,0|0|0|0|0|1|0|0|0,0|2|1|0|0|0|0|0|x,110.0,-130.0,119.0,-139.0,,7.0,sbro,,,,,FCARMONA-R,MBUMGARNR-L,,,,,,,,
2011,2011-06-26,LAA,LOS,2.0,3.0,False,0|0|0|0|0|0|1|0|1,0|0|0|0|0|0|1|0|2,-112.0,-108.0,-105.0,-105.0,,6.0,sbro,,,,,JERWEAVER-R,CKERSHAW-L,,,,,,,,
2011,2011-06-26,NYM,TEX,8.0,5.0,False,1|4|0|0|0|2|0|0|1,2|0|0|0|1|0|0|0|2,110.0,-130.0,125.0,-145.0,,10.0,sbro,,,,,DGEE-R,DHOLLAND-L,,,,,,,,
2011,2011-06-26,SEA,MIA,2.0,1.0,False,0|0|0|0|1|0|0|0|0,0|0|0|0|0|0|0|1|0,-114.0,-106.0,104.0,-124.0,,6.5,sbro,,,,,DFISTER-R,ASANCHEZ-R,,,,,,,,
2011,2011-06-27,CIN,TAM,5.0,0.0,False,2|0|0|2|0|0|1|0|0,0|0|0|0|0|0|0|0|0,-113.0,-107.0,118.0,-138.0,,8.0,sbro,,,,,MLEAKE-R,JHELLICKS-R,,,,,,,,
2011,2011-06-27,LOS,MIN,15.0,0.0,False,2|0|1|2|3|2|2|3|0,0|0|0|0|0|0|0|0|0,-110.0,-110.0,-101.0,-119.0,,8.0,sbro,,,,,BILLNGSLEY-R,NBLACKBUR-R,,,,,,,,
2011,2011-06-27,CLE,ARI,5.0,4.0,False,2|0|0|0|0|2|0|0|1,3|0|0|0|0|0|0|1|0,144.0,-164.0,150.0,-170.0,,8.5,sbro,,,,,MTALBOT-R,IKENNEDY-R,,,,,,,,
2011,2011-06-27,KAN,SDG,3.0,4.0,False,0|0|1|0|0|2|0|0|0,2|0|1|1|0|0|0|0|x,105.0,-125.0,135.0,-155.0,,6.5,sbro,,,,,JFRANCIS-L,MLATOS-R,,,,,,,,
2011,2011-06-27,WAS,LAA,3.0,4.0,False,0|1|0|1|0|0|0|0|1,0|0|0|1|1|1|0|0|0,113.0,-133.0,115.0,-135.0,,7.0,sbro,,,,,JLANNAN-L,ESANTANA-R,,,,,,,,
2011,2011-06-27,ATL,SEA,3.0,1.0,False,1|0|0|0|0|0|2|0|0,0|0|0|1|0|0|0|0|0,-111.0,-109.0,-105.0,-115.0,,6.0,sbro,,,,,BBEACHY-R,EBEDARD-L,,,,,,,,
2011,2011-06-27,COL,CUB,3.0,7.0,False,1|0|0|0|0|1|0|1|0,2|0|0|2|2|0|1|0|x,-117.0,-103.0,-113.0,-107.0,,11.0,sbro,,,,,JCHACIN-R,MGARZA-R,,,,,,,,
2011,2011-06-27,TOR,DET,2.0,4.0,False,0|0|0|2|0|0|0|0|0,0|1|1|0|0|0|0|2|x,142.0,-162.0,155.0,-175.0,,9.0,sbro,,,,,ZSTEWART-R,MSCHERZER-R,,,,,,,,
2011,2011-06-28,SFO,CUB,6.0,3.0,False,0|1|0|0|5|0|0|0|0,0|0|2|0|0|0|0|0|1,-116.0,-104.0,-106.0,-114.0,,9.0,sbro,,,,,BZITO-L,RLOPEZ-R,,,,,,,,
2011,2011-06-28,MIL,NYY,2.0,12.0,False,0|0|0|2|0|0|0|0|0,2|5|0|0|0|4|0|1|x,125.0,-145.0,103.0,-123.0,,9.0,sbro,,,,,ZGREINKE-R,FGARCIA-R,,,,,,,,
2011,2011-06-28,PIT,TOR,7.0,6.0,False,0|0|2|4|0|0|1|0|0,0|0|1|2|0|1|2|0|0,105.0,-125.0,114.0,-134.0,,8.5,sbro,,,,,KCORREIA-R,JJREYES-L,,,,,,,,
2011,2011-06-28,NYM,DET,14.0,3.0,False,2|0|0|7|4|0|0|1|0,0|0|0|0|2|0|1|0|0,115.0,-135.0,110.0,-130.0,,9.0,sbro,,,,,RDICKEY-R,RPORCELLO-R,,,,,,,,
2011,2011-06-28,STL,BAL,6.0,2.0,False,0|3|0|0|0|1|2|0|0,0|0|0|0|0|0|0|2|0,105.0,-125.0,116.0,-136.0,,8.5,sbro,,,,,KLOHSE-R,ZBRITTON-L,,,,,,,,
2011,2011-06-28,BOS,PHI,0.0,5.0,False,0|0|0|0|0|0|0|0|0,0|2|0|0|1|2|0|0|x,105.0,-125.0,119.0,-139.0,,7.0,sbro,,,,,JBECKETT-R,CLEE-L,,,,,,,,
2011,2011-06-28,CIN,TAM,3.0,4.0,False,0|0|0|0|0|0|0|2|1,0|0|0|1|0|0|0|2|1,105.0,-125.0,128.0,-148.0,,7.0,sbro,,,,,JCUETO-R,DPRICE-L,,,,,,,,
2011,2011-06-28,TEX,HOU,7.0,3.0,False,0|0|3|0|0|2|0|1|1,1|0|0|0|0|1|0|0|1,-165.0,145.0,-162.0,142.0,,8.0,sbro,,,,,CWILSON-L,JLYLES-R,,,,,,,,
2011,2011-06-28,LOS,MIN,4.0,6.0,False,0|0|0|1|3|0|0|0|0,1|1|1|1|2|0|0|0|x,-110.0,-110.0,-110.0,-110.0,,8.0,sbro,,,,,TLILLY-L,BDUENSING-L,,,,,,,,
2011,2011-06-28,CWS,COL,2.0,3.0,False,0|1|0|0|1|0|0|0|0,0|0|0|1|0|1|0|0|0,105.0,-125.0,108.0,-128.0,,9.5,sbro,,,,,GFLOYD-R,JHAMMEL-R,,,,,,,,
2011,2011-06-28,CLE,ARI,4.0,6.0,False,0|0|1|0|1|0|0|0|2,0|0|0|0|1|1|0|2|2,120.0,-140.0,135.0,-155.0,,8.0,sbro,,,,,JTOMLIN-R,DHUDSON-R,,,,,,,,
2011,2011-06-28,KAN,SDG,2.0,4.0,False,0|1|0|0|0|0|1|0|0,1|2|0|1|0|0|0|0|x,105.0,-125.0,-112.0,-108.0,,6.5,sbro,,,,,FPAULINO-R,CRICHARD-L,,,,,,,,
2011,2011-06-28,WAS,LAA,5.0,11.0,False,1|0|0|0|0|4|0|0|0,0|0|0|1|2|3|0|5|x,110.0,-130.0,106.0,-126.0,,7.5,sbro,,,,,JMARQUIS-R,JPINEIRO-R,,,,,,,,
2011,2011-06-28,MIA,OAK,0.0,1.0,False,0|0|0|0|0|0|0|0|0,0|1|0|0|0|0|0|0|x,150.0,-170.0,142.0,-162.0,,7.0,sbro,,,,,JVAZQUEZ-R,GGONZALEZ-L,,,,,,,,
2011,2011-06-28,ATL,SEA,5.0,4.0,False,0|0|0|0|1|1|3|0|0,1|1|0|1|0|0|1|0|0,-105.0,-115.0,-109.0,-111.0,,6.0,sbro,,,,,THANSON-R,MPINEDA-R,,,,,,,,
2011,2011-06-28,SFO,CUB,13.0,7.0,False,3|0|3|0|5|1|0|0|1,0|3|0|0|3|0|1|0|0,-145.0,125.0,-127.0,107.0,,8.5,sbro,,,,,VOGELSONG-R,DDAVIS-L,,,,,,,,
2011,2011-06-29,SFO,CUB,1.0,2.0,False,0|0|0|0|0|0|0|0|1,0|0|0|0|0|0|1|0|1,-126.0,106.0,-137.0,117.0,,6.5,sbro,,,,,TLINCECUM-R,RDEMPSTER-R,,,,,,,,
2011,2011-06-29,CIN,TAM,4.0,3.0,False,0|0|0|3|0|0|1|0|0,0|0|0|0|0|2|1|0|0,140.0,-160.0,152.0,-172.0,,7.5,sbro,,,,,EVOLQUEZ-R,JSHIELDS-R,,,,,,,,
2011,2011-06-29,LOS,MIN,0.0,1.0,False,0|0|0|0|0|0|0|0|0,1|0|0|0|0|0|0|0|x,118.0,-138.0,127.0,-147.0,,8.0,sbro,,,,,RDELARO-R,SBAKER-R,,,,,,,,
2011,2011-06-29,KAN,SDG,1.0,4.0,False,0|0|1|0|0|0|0|0|0,0|0|4|0|0|0|0|0|x,125.0,-145.0,118.0,-138.0,,6.5,sbro,,,,,BCHEN-L,TSTAUFFER-R,,,,,,,,
2011,2011-06-29,ATL,SEA,5.0,3.0,False,0|0|0|1|3|0|1|0|0,0|0|0|0|1|0|0|2|0,120.0,-140.0,129.0,-149.0,,6.0,sbro,,,,,DLOWE-R,FHERNANDZ-R,,,,,,,,
2011,2011-06-29,CLE,ARI,6.0,2.0,False,1|2|1|0|0|0|0|1|1,0|0|0|1|0|1|0|0|0,-108.0,-112.0,-108.0,-112.0,,9.0,sbro,,,,,CCARRASCO-R,ZDUKE-L,,,,,,,,
2011,2011-06-29,WAS,LAA,0.0,1.0,False,0|0|0|0|0|0|0|0|0,0|0|0|1|0|0|0|0|x,125.0,-145.0,116.0,-136.0,,6.5,sbro,,,,,JZIMMERMN-R,DHAREN-R,,,,,,,,
2011,2011-06-29,NYM,DET,16.0,9.0,False,4|0|1|0|3|0|2|4|2,0|0|1|1|0|4|2|1|0,110.0,-130.0,101.0,-121.0,,9.5,sbro,,,,,CCAPUANO-L,PCOKE-L,,,,,,,,
2011,2011-06-29,STL,BAL,5.0,1.0,False,0|2|2|0|1|0|0|0|0,0|0|1|0|0|0|0|0|0,-133.0,113.0,-129.0,109.0,,9.0,sbro,,,,,CARPENTER-R,CJAKUBAUS-R,,,,,,,,
2011,2011-06-29,BOS,PHI,1.0,2.0,False,0|0|0|0|1|0|0|0|0,0|1|0|0|0|0|1|0|x,102.0,-122.0,-112.0,-108.0,,10.0,sbro,,,,,JLACKEY-R,VWORLEY-R,,,,,,,,
2011,2011-06-29,PIT,TOR,1.0,2.0,False,0|0|0|0|1|0|0|0|0,0|0|0|0|0|1|1|0|x,139.0,-159.0,160.0,-180.0,,8.5,sbro,,,,,PMAHOLM-L,BMORROW-R,,,,,,,,
2011,2011-06-29,MIL,NYY,2.0,5.0,False,1|0|0|0|0|1|0|0|0,0|0|0|4|0|1|0|0|x,111.0,-131.0,129.0,-149.0,,9.5,sbro,,,,,SMARCUM-R,ABURNETT-R,,,,,,,,
2011,2011-06-29,TEX,HOU,3.0,2.0,False,2|0|1|0|0|0|0|0|0,0|0|0|0|0|0|2|0|0,-138.0,118.0,-134.0,114.0,,8.5,sbro,,,,,CLEWIS-R,BMYERS-R,,,,,,,,
2011,2011-06-29,CWS,COL,3.0,2.0,False,0|0|0|2|0|0|0|0|1,0|0|0|0|0|1|1|0|0,130.0,-150.0,126.0,-146.0,,9.0,sbro,,,,,MBUEHRLE-L,UJIMENEZ-R,,,,,,,,
2011,2011-06-29,MIA,OAK,3.0,0.0,False,2|0|0|1|0|0|0|0|0,0|0|0|0|0|0|0|0|0,-113.0,-107.0,-106.0,-114.0,,7.0,sbro,,,,,RNOLASCO-R,GMOSCOSO-R,,,,,,,,
2011,2011-06-30,SFO,CUB,2.0,5.0,False,0|1|0|0|0|0|0|0|0,0|0|0|0|0|0|0|0|1,-120.0,100.0,-110.0,-110.0,,9.0,sbro,,,,,MCAIN-R,CZAMBRANO-R,,,,,,,,
2011,2011-06-30,MIL,NYY,0.0,5.0,False,0|0|0|0|0|0|0|0|0,2|0|2|0|0|0|0|1|x,162.0,-182.0,160.0,-180.0,,8.5,sbro,,,,,RWOLF-L,CSABATHIA-L,,,,,,,,
2011,2011-06-30,NYM,DET,2.0,5.0,False,0|1|0|0|0|0|0|1|0,0|1|3|0|1|0|0|0|x,185.0,-215.0,200.0,-230.0,,7.5,sbro,,,,,MPELFREY-R,VERLANDER-R,,,,,,,,
2011,2011-06-30,BOS,PHI,5.0,2.0,False,0|0|0|0|2|1|0|2|0,0|0|0|0|0|0|0|0|2,105.0,-125.0,105.0,-125.0,,7.0,sbro,,,,,JLESTER-L,CHAMELS-L,,,,,,,,
2011,2011-06-30,CWS,COL,6.0,4.0,False,0|1|0|0|0|0|1|2|0,3|0|0|0|0|1|0|0|0,-113.0,-107.0,-105.0,-105.0,,9.5,sbro,,,,,JPEAVY-R,ACOOK-R,,,,,,,,
2011,2011-06-30,MIA,OAK,5.0,4.0,False,0|1|0|0|4|0|0|0|0,0|0|0|0|0|0|1|1|2,136.0,-156.0,135.0,-155.0,,7.0,sbro,,,,,CVOLSTAD-R,TCAHILL-R,,,,,,,,
2011,2011-06-30,STL,BAL,9.0,6.0,False,0|2|2|4|0|0|1|0|0,0|0|0|3|0|2|0|1|0,-126.0,106.0,-132.0,112.0,,9.0,sbro,,,,,JGARCIA-L,BMATUSZ-L,,,,,,,,
2011,2011-06-30,PIT,TOR,6.0,2.0,False,1|0|0|0|1|3|1|0|0,0|0|0|0|2|0|0|0|0,-109.0,-111.0,128.0,-148.0,,8.5,sbro,,,,,JKARSTENS-R,BCECIL-L,,,,,,,,
2011,2011-06-30,TEX,HOU,0.0,7.0,False,0|0|0|0|0|0|0|0|0,0|0|0|1|4|0|2|0|x,-130.0,110.0,-113.0,-107.0,,7.5,sbro,,,,,MHARRISON-L,WRODRIGEZ-L,,,,,,,,
2011,2011-07-01,PIT,WAS,1.0,2.0,False,0|0|1|0|0|0|0|0|0,0|0|0|0|0|1|0|0|1,113.0,-133.0,127.0,-147.0,,8.0,sbro,,,,,CMORTON-R,GORZELANNY-L,,,,,,,,
2011,2011-07-01,PHI,TOR,7.0,6.0,False,0|1|1|0|0|1|2|0|2,2|0|0|0|2|0|2|0|0,125.0,-145.0,125.0,-145.0,,9.0,sbro,,,,,KKENDRICK-R,RROMERO-L,,,,,,,,
2011,2011-07-01,CWS,CUB,6.0,4.0,False,2|0|0|0|0|0|4|0|0,0|1|2|0|0|1|0|0|0,-113.0,-107.0,-112.0,-108.0,,12.5,sbro,,,,,EJACKSON-R,RWELLS-R,,,,,,,,
2011,2011-07-01,SFO,DET,4.0,3.0,False,0|0|0|0|1|0|0|0|3,0|0|0|0|0|0|0|1|2,-106.0,-114.0,100.0,-120.0,,8.0,sbro,,,,,MBUMGARNR-L,BPENNY-R,,,,,,,,
2011,2011-07-01,CLE,CIN,8.0,2.0,False,0|1|3|0|4|0|0|0|0,0|0|0|1|0|0|0|0|1,102.0,-122.0,100.0,-120.0,,8.5,sbro,,,,,MASTERSON-R,BARROYO-R,,,,,,,,
2011,2011-07-01,NYY,NYM,5.0,1.0,False,3|0|0|0|0|0|0|1|1,0|1|0|0|0|0|0|0|0,-118.0,-102.0,-108.0,-112.0,,8.5,sbro,,,,,INOVA-R,JNIESE-L,,,,,,,,
2011,2011-07-01,STL,TAM,5.0,3.0,False,0|2|0|0|0|0|0|3|0,0|0|0|0|0|0|0|3|0,110.0,-130.0,112.0,-132.0,,8.5,sbro,,,,,WESTBROOK-R,WDAVIS-R,,,,,,,,
2011,2011-07-01,BAL,ATL,0.0,4.0,False,0|0|0|0|0|0|0|0|0,0|0|0|0|0|2|0|2|x,147.0,-167.0,155.0,-175.0,,7.5,sbro,,,,,JGUTHRIE-R,JJURRJENS-R,,,,,,,,
2011,2011-07-01,BOS,HOU,7.0,5.0,False,1|0|0|0|0|0|6|0|0,1|2|0|0|1|1|0|0|0,-127.0,107.0,-130.0,110.0,,8.5,sbro,,,,,WAKEFIELD-R,BNORRIS-R,,,,,,,,
2011,2011-07-01,MIA,TEX,5.0,15.0,False,0|0|0|0|0|0|2|0|3,0|1|4|2|0|2|0|6|x,152.0,-172.0,132.0,-152.0,,8.5,sbro,,,,,ASANCHEZ-R,AOGANDO-R,,,,,,,,
2011,2011-07-01,KAN,COL,0.0,9.0,False,0|0|0|0|0|0|0|0|0,1|0|2|0|2|3|0|1|x,135.0,-155.0,133.0,-153.0,,10.0,sbro,,,,,DDUFFY-L,JNICASIO-R,,,,,,,,
2011,2011-07-01,MIL,MIN,2.0,6.0,False,1|0|1|0|0|0|0|0|0,3|0|0|0|2|0|0|1|x,-113.0,-107.0,-118.0,-102.0,,7.5,sbro,,,,,YGALLARDO-R,FLIRIANO-L,,,,,,,,
2011,2011-07-01,ARI,OAK,4.0,5.0,False,0|1|0|0|0|1|0|2|0,0|0|0|1|4|0|0|0|x,-105.0,-105.0,-109.0,-111.0,,7.0,sbro,,,,,JCOLLMENT-R,RHARDEN-R,,,,,,,,
2011,2011-07-01,LOS,LAA,5.0,0.0,False,1|1|1|1|0|0|1|0|0,0|0|0|0|0|0|0|0|0,-114.0,-106.0,-104.0,-116.0,,7.0,sbro,,,,,HKURODA-R,TCHATWOOD-R,,,,,,,,
2011,2011-07-01,SDG,SEA,0.0,6.0,False,0|0|0|0|0|0|0|0|0,1|0|3|0|1|1|0|0|x,110.0,-130.0,114.0,-134.0,,6.5,sbro,,,,,DMOSELEY-R,JVARGAS-L,,,,,,,,
2011,2011-07-02,PIT,WAS,3.0,4.0,False,0|0|2|0|0|0|1|0|0,0|1|1|0|0|0|0|2|x,140.0,-160.0,155.0,-175.0,,8.5,sbro,,,,,BLINCOLN-R,JLANNAN-L,,,,,,,,
2011,2011-07-02,PHI,TOR,5.0,3.0,False,1|0|0|0|1|0|2|0|1,0|0|0|1|2|0|0|0|0,-160.0,140.0,-164.0,144.0,,7.5,sbro,,,,,RHALLADAY-R,VILLANUEVA-R,,,,,,,,
2011,2011-07-02,NYY,NYM,5.0,2.0,False,0|0|0|0|0|4|0|0|1,0|0|0|0|0|0|0|0|2,-135.0,115.0,-122.0,102.0,,8.5,sbro,,,,,BCOLON-R,DGEE-R,,,,,,,,
2011,2011-07-02,CWS,CUB,1.0,0.0,False,0|0|0|0|0|1|0|0|0,0|0|0|0|0|0|0|0|0,-115.0,-105.0,-105.0,-115.0,,8.0,sbro,,,,,PHUMBER-R,MGARZA-R,,,,,,,,
2011,2011-07-02,BOS,HOU,10.0,4.0,False,3|0|0|0|1|0|1|4|1,1|0|0|0|0|1|1|0|1,-150.0,130.0,-153.0,133.0,,9.0,sbro,,,,,AMILLER-L,JHAPP-L,,,,,,,,
2011,2011-07-02,SFO,DET,15.0,3.0,False,5|0|5|0|2|3|0|0|0,0|0|0|0|0|0|2|0|1,140.0,-160.0,165.0,-185.0,,8.5,sbro,,,,,BZITO-L,MSCHERZER-R,,,,,,,,
2011,2011-07-02,STL,TAM,1.0,5.0,False,0|0|0|1|0|0|0|0|0,0|0|0|0|0|5|0|0|x,100.0,-120.0,106.0,-126.0,,8.5,sbro,,,,,KMCCLELLA-R,JNIEMANN-R,,,,,,,,
2011,2011-07-02,BAL,ATL,4.0,5.0,False,0|0|0|2|0|1|1|0|0,0|0|0|5|0|0|0|0|x,160.0,-180.0,140.0,-160.0,,7.5,sbro,,,,,JARRIETA-R,THUDSON-R,,,,,,,,
2011,2011-07-02,MIL,MIN,8.0,7.0,False,0|0|0|0|1|2|0|1|4,1|0|2|4|0|0|0|0|0,-130.0,110.0,-111.0,-109.0,,8.5,sbro,,,,,CNARVESON-L,CPAVANO-R,,,,,,,,
2011,2011-07-02,CLE,CIN,3.0,1.0,False,0|0|3|0|0|0|0|0|0,0|0|0|0|0|0|0|1|0,140.0,-160.0,134.0,-154.0,,9.0,sbro,,,,,FCARMONA-R,HBAILEY-R,,,,,,,,
2011,2011-07-02,MIA,TEX,9.0,5.0,False,5|1|0|0|0|1|2|0|0,0|0|2|0|2|1|0|0|0,142.0,-162.0,144.0,-164.0,,10.5,sbro,,,,,BHAND-L,DHOLLAND-L,,,,,,,,
2011,2011-07-02,KAN,COL,6.0,9.0,False,0|0|1|3|1|0|0|0|1,1|6|0|1|0|1|0|0|x,200.0,-230.0,124.0,-144.0,,10.5,sbro,,,,,KDAVIES-R,GREYNOLDS-R,,,,,,,,
2011,2011-07-02,ARI,OAK,4.0,2.0,False,1|0|1|0|2|0|0|0|0,0|0|0|0|0|0|0|2|0,115.0,-135.0,102.0,-122.0,,7.5,sbro,,,,,JSAUNDERS-L,JOUTMAN-L,,,,,,,,
2011,2011-07-02,LOS,LAA,1.0,7.0,False,0|0|0|0|1|0|0|0|0,0|0|3|3|0|1|0|0|x,120.0,-140.0,110.0,-130.0,,6.0,sbro,,,,,CKERSHAW-L,JERWEAVER-R,,,,,,,,
2011,2011-07-02,SDG,SEA,1.0,0.0,False,0|0|0|0|1|0|0|0|0,0|0|0|0|0|0|0|0|0,105.0,-125.0,100.0,-120.0,,6.0,sbro,,,,,CLUEBKE-L,DFISTER-R,,,,,,,,
2011,2011-07-02,PIT,WAS,5.0,3.0,False,2|0|0|0|0|0|0|2|1,0|1|0|0|0|0|1|0|1,135.0,-155.0,141.0,-161.0,,8.5,sbro,,,,,JMCDONALD-R,LHERNADEZ-R,,,,,,,,
2011,2011-07-03,PIT,WAS,10.0,2.0,False,3|5|0|0|0|2|0|0|0,0|2|0|0|0|0|0|0|0,120.0,-140.0,127.0,-147.0,,8.5,sbro,,,,,KCORREIA-R,JMARQUIS-R,,,,,,,,
2011,2011-07-03,SFO,DET,3.0,6.0,False,0|0|0|1|2|0|0|0|0,0|0|0|1|0|1|2|2|x,101.0,-121.0,-102.0,-118.0,,8.5,sbro,,,,,VOGELSONG-R,RPORCELLO-R,,,,,,,,
2011,2011-07-03,PHI,TOR,4.0,7.0,False,0|4|0|0|0|0|0|0|0,0|0|1|0|1|1|0|4|x,-172.0,152.0,-182.0,162.0,,8.0,sbro,,,,,CLEE-L,JJREYES-L,,,,,,,,
2011,2011-07-03,NYY,NYM,2.0,3.0,False,0|0|0|0|1|0|0|1|0,1|0|0|0|0|0|0|0|1,-122.0,102.0,-133.0,113.0,,8.5,sbro,,,,,FGARCIA-R,RDICKEY-R,,,,,,,,
2011,2011-07-03,CLE,CIN,5.0,7.0,False,0|2|0|0|0|2|1|0|0,0|3|0|3|1|0|0|0|x,152.0,-172.0,152.0,-172.0,,9.0,sbro,,,,,MTALBOT-R,MLEAKE-R,,,,,,,,
2011,2011-07-03,BAL,ATL,5.0,4.0,False,0|0|2|0|1|0|2|0|0,0|0|0|0|0|4|0|0|0,139.0,-159.0,137.0,-157.0,,7.0,sbro,,,,,ZBRITTON-L,BBEACHY-R,,,,,,,,
2011,2011-07-03,STL,TAM,3.0,8.0,False,0|1|0|0|0|2|0|0|0,0|0|1|0|2|2|0|3|x,113.0,-133.0,125.0,-145.0,,8.0,sbro,,,,,KLOHSE-R,JHELLICKS-R,,,,,,,,
2011,2011-07-03,BOS,HOU,2.0,1.0,False,0|0|0|1|0|0|0|0|1,0|0|0|0|1|0|0|0|0,-185.0,165.0,-200.0,170.0,,8.0,sbro,,,,,JBECKETT-R,JLYLES-R,,,,,,,,
2011,2011-07-03,MIL,MIN,7.0,9.0,False,0|0|1|5|0|1|0|0|0,0|1|0|3|1|0|4|0|x,-126.0,106.0,-116.0,-104.0,,8.0,sbro,,,,,ZGREINKE-R,NBLACKBUR-R,,,,,,,,
2011,2011-07-03,CWS,CUB,1.0,3.0,False,0|0|0|0|0|0|0|1|0,0|0|0|3|0|0|0|0|x,-135.0,115.0,-130.0,110.0,,8.0,sbro,,,,,GFLOYD-R,RLOPEZ-R,,,,,,,,
2011,2011-07-03,KAN,COL,16.0,8.0,False,1|0|3|2|0|6|4|0|0,0|0|0|0|5|3|0|0|0,127.0,-147.0,130.0,-150.0,,10.0,sbro,,,,,LHOCHEVAR-R,JHAMMEL-R,,,,,,,,
2011,2011-07-03,LOS,LAA,1.0,3.0,False,0|0|0|0|0|1|0|0|0,0|0|0|0|0|0|3|0|x,119.0,-139.0,124.0,-144.0,,7.5,sbro,,,,,BILLNGSLEY-R,ESANTANA-R,,,,,,,,
2011,2011-07-03,ARI,OAK,2.0,7.0,False,0|0|0|1|0|0|0|1|0,0|0|0|2|0|5|0|0|x,-103.0,-117.0,-103.0,-117.0,,6.5,sbro,,,,,IKENNEDY-R,GGONZALEZ-L,,,,,,,,
2011,2011-07-03,SDG,SEA,1.0,3.0,False,0|0|1|0|0|0|0|0|0,1|0|2|0|0|0|0|0|x,-117.0,-103.0,-120.0,100.0,,6.5,sbro,,,,,MLATOS-R,BBEAVAN-R,,,,,,,,
2011,2011-07-03,MIA,TEX,6.0,4.0,False,0|0|0|0|0|1|0|4|1,0|1|0|1|0|0|0|1|1,175.0,-195.0,170.0,-200.0,,9.0,sbro,,,,,JVAZQUEZ-R,CWILSON-L,,,,,,,,
2011,2011-07-04,CUB,WAS,4.0,5.0,False,0|1|0|2|0|1|0|0|0,2|0|0|0|0|1|1|0|0,120.0,-140.0,158.0,-178.0,,8.0,sbro,,,,,CCOLEMAN-R,JZIMMERMN-R,,,,,,,,
2011,2011-07-04,HOU,PIT,3.0,5.0,False,1|0|2|0|0|0|0|0|0,0|1|2|0|1|1|0|0|x,110.0,-130.0,110.0,-130.0,,7.5,sbro,,,,,BMYERS-R,PMAHOLM-L,,,,,,,,
2011,2011-07-04,ARI,MIL,8.0,6.0,False,0|0|0|1|1|2|1|1|2,0|0|1|5|0|0|0|0|0,110.0,-130.0,-102.0,-118.0,,7.0,sbro,,,,,DHUDSON-R,SMARCUM-R,,,,,,,,
2011,2011-07-04,SDG,SFO,5.0,3.0,False,2|0|0|0|1|0|0|1|1,0|0|0|0|0|2|0|0|1,178.0,-198.0,175.0,-195.0,,6.0,sbro,,,,,CRICHARD-L,TLINCECUM-R,,,,,,,,
2011,2011-07-04,PHI,MIA,1.0,0.0,False,0|0|0|0|0|0|1|0|0,0|0|0|0|0|0|0|0|0,-109.0,-111.0,-110.0,-110.0,,8.0,sbro,,,,,VWORLEY-R,RNOLASCO-R,,,,,,,,
2011,2011-07-04,CIN,STL,0.0,1.0,False,0|0|0|0|0|0|0|0|0,0|0|0|0|0|0|0|1|x,-106.0,-114.0,102.0,-122.0,,7.0,sbro,,,,,JCUETO-R,CARPENTER-R,,,,,,,,
2011,2011-07-04,COL,ATL,1.0,4.0,False,0|0|0|1|0|0|0|0|0,2|0|0|0|0|1|0|1|x,104.0,-124.0,112.0,-132.0,,6.5,sbro,,,,,UJIMENEZ-R,THANSON-R,,,,,,,,
2011,2011-07-04,NYM,LOS,5.0,2.0,False,0|0|0|0|0|3|0|2|0,0|1|0|1|0|0|0|0|0,-106.0,-114.0,-103.0,-117.0,,7.5,sbro,,,,,CCAPUANO-L,RDELARO-R,,,,,,,,
2011,2011-07-04,TOR,BOS,9.0,7.0,False,1|2|4|0|0|0|1|1|0,0|0|0|0|4|0|0|3|0,110.0,-130.0,128.0,-148.0,,9.5,sbro,,,,,BMORROW-R,JLACKEY-R,,,,,,,,
2011,2011-07-04,TAM,MIN,0.0,7.0,False,0|0|0|0|0|0|0|0|0,0|3|1|0|0|0|0|3|x,-155.0,135.0,-149.0,129.0,,7.5,sbro,,,,,DPRICE-L,BDUENSING-L,,,,,,,,
2011,2011-07-04,SEA,OAK,2.0,1.0,False,0|0|0|0|0|1|1|0|0,0|1|0|0|0|0|0|0|0,-119.0,-101.0,-114.0,-106.0,,7.0,sbro,,,,,MPINEDA-R,BMCCARTHY-R,,,,,,,,
2011,2011-07-04,NYY,CLE,3.0,6.0,False,0|0|0|0|0|0|2|1|0,0|0|0|0|0|0|4|2|x,-125.0,105.0,-123.0,103.0,,9.0,sbro,,,,,ABURNETT-R,JTOMLIN-R,,,,,,,,
2011,2011-07-04,KAN,CWS,4.0,5.0,False,2|0|1|0|0|0|0|0|1,0|0|0|1|1|0|0|2|1,130.0,-150.0,123.0,-143.0,,9.0,sbro,,,,,JFRANCIS-L,MBUEHRLE-L,,,,,,,,
2011,2011-07-04,BAL,TEX,4.0,13.0,False,0|2|0|0|0|0|1|1|0,0|4|4|1|0|1|2|1|x,165.0,-185.0,170.0,-200.0,,10.5,sbro,,,,,CJAKUBAUS-R,CLEWIS-R,,,,,,,,
2011,2011-07-04,DET,LAA,1.0,5.0,False,0|0|0|1|0|0|0|0|0,1|0|1|0|1|1|0|1|x,-102.0,-118.0,107.0,-127.0,,8.5,sbro,,,,,CFURBUSH-L,JPINEIRO-R,,,,,,,,
2011,2011-07-05,HOU,PIT,1.0,5.0,False,0|0|0|0|1|0|0|0|0,0|2|0|1|0|2|0|0|x,105.0,-125.0,-106.0,-114.0,,7.0,sbro,,,,,WRODRIGEZ-L,JKARSTENS-R,,,,,,,,
2011,2011-07-05,CUB,WAS,2.0,3.0,False,0|0|0|0|0|2|0|0|0,3|0|0|0|0|0|0|0|x,120.0,-140.0,105.0,-125.0,,9.0,sbro,,,,,RMORTIZ-R,RDETWILER-L,,,,,,,,
2011,2011-07-05,COL,ATL,3.0,5.0,False,0|0|0|0|2|1|0|0|0,0|1|0|3|0|1|0|0|x,105.0,-125.0,127.0,-147.0,,7.0,sbro,,,,,JCHACIN-R,DLOWE-R,,,,,,,,
2011,2011-07-05,PHI,MIA,14.0,2.0,False,0|0|5|2|0|1|0|0|6,0|0|0|2|0|0|0|0|0,-170.0,150.0,-144.0,124.0,,7.5,sbro,,,,,CHAMELS-L,CVOLSTAD-R,,,,,,,,
2011,2011-07-05,ARI,MIL,7.0,3.0,False,4|0|3|0|0|0|0|0|0,1|0|0|0|0|1|0|1|0,152.0,-172.0,130.0,-150.0,,9.0,sbro,,,,,ZDUKE-L,RWOLF-L,,,,,,,,
2011,2011-07-05,CIN,STL,1.0,8.0,False,0|0|0|1|0|0|0|0|0,2|0|0|0|3|3|0|0|x,135.0,-155.0,115.0,-135.0,,8.0,sbro,,,,,EVOLQUEZ-R,JGARCIA-L,,,,,,,,
2011,2011-07-05,NYM,LOS,6.0,0.0,False,0|0|0|0|2|1|0|3|0,0|0|0|0|0|0|0|0|0,110.0,-130.0,105.0,-125.0,,7.5,sbro,,,,,MPELFREY-R,TLILLY-L,,,,,,,,
2011,2011-07-05,SDG,SFO,5.0,3.0,False,0|2|0|0|0|3|0|0|0,2|0|0|1|0|0|0|0|0,145.0,-165.0,128.0,-148.0,,6.0,sbro,,,,,TSTAUFFER-R,MCAIN-R,,,,,,,,
2011,2011-07-05,NYY,CLE,9.0,2.0,False,0|5|0|1|0|0|0|3|0,0|0|0|0|0|0|0|0|2,-155.0,135.0,-160.0,140.0,,7.5,sbro,,,,,CSABATHIA-L,CCARRASCO-R,,,,,,,,
2011,2011-07-05,TOR,BOS,2.0,3.0,False,0|0|0|0|0|0|0|0|2,0|2|1|0|0|0|0|0|x,179.0,-209.0,200.0,-230.0,,9.0,sbro,,,,,BCECIL-L,JLESTER-L,,,,,,,,
2011,2011-07-05,BAL,TEX,2.0,4.0,False,1|0|0|1|0|0|0|0|0,0|0|0|0|0|1|3|0|x,180.0,-210.0,175.0,-195.0,,11.0,sbro,,,,,MATKINS-R,MHARRISON-L,,,,,,,,
2011,2011-07-05,KAN,CWS,5.0,3.0,False,0|3|0|0|0|2|0|0|0,0|1|2|0|0|0|0|0|0,140.0,-160.0,125.0,-145.0,,8.5,sbro,,,,,FPAULINO-R,JPEAVY-R,,,,,,,,
2011,2011-07-05,TAM,MIN,2.0,3.0,False,0|0|0|1|0|0|0|0|1,1|0|2|0|0|0|0|0|x,-114.0,-106.0,-112.0,-108.0,,7.5,sbro,,,,,JSHIELDS-R,SBAKER-R,,,,,,,,
2011,2011-07-05,DET,LAA,0.0,1.0,False,0|0|0|0|0|0|0|0|0,0|1|0|0|0|0|0|0|x,-130.0,110.0,-117.0,-103.0,,6.0,sbro,,,,,VERLANDER-R,DHAREN-R,,,,,,,,
2011,2011-07-05,SEA,OAK,4.0,2.0,False,0|1|0|0|0|0|1|0|0,0|0|0|0|0|0|0|1|1,-105.0,-105.0,-112.0,-108.0,,6.5,sbro,,,,,FHERNANDZ-R,TCAHILL-R,,,,,,,,
2011,2011-07-06,ARI,MIL,1.0,3.0,False,1|0|0|0|0|0|0|0|0,0|0|0|0|0|0|3|0|x,115.0,-135.0,132.0,-152.0,,8.0,sbro,,,,,JCOLLMENT-R,YGALLARDO-R,,,,,,,,
2011,2011-07-06,CUB,WAS,4.0,5.0,False,0|2|0|0|0|2|0|0|0,2|0|0|0|2|0|1|0|x,130.0,-150.0,122.0,-142.0,,8.5,sbro,,,,,RWELLS-R,GORZELANNY-L,,,,,,,,
2011,2011-07-06,HOU,PIT,8.0,2.0,False,0|0|0|0|0|5|0|0|3,1|0|0|0|0|1|0|0|0,-105.0,-115.0,100.0,-120.0,,7.0,sbro,,,,,BNORRIS-R,CMORTON-R,,,,,,,,
2011,2011-07-06,PHI,MIA,6.0,7.0,False,0|2|2|1|0|1|0|0|0,0|0|3|0|0|2|1|0|0,-101.0,-119.0,113.0,-133.0,,7.5,sbro,,,,,KKENDRICK-R,ASANCHEZ-R,,,,,,,,
2011,2011-07-06,COL,ATL,1.0,9.0,False,0|0|0|0|1|0|0|0|0,3|0|2|0|0|2|0|2|x,170.0,-190.0,170.0,-200.0,,7.5,sbro,,,,,ACOOK-R,JJURRJENS-R,,,,,,,,
2011,2011-07-06,CIN,STL,9.0,8.0,False,5|0|0|1|2|0|0|0|0,0|0|0|0|0|2|5|0|1,100.0,-120.0,110.0,-130.0,,8.5,sbro,,,,,BARROYO-R,WESTBROOK-R,,,,,,,,
2011,2011-07-06,NYM,LOS,5.0,3.0,False,0|0|0|1|0|3|0|0|1,0|0|0|1|0|2|0|0|0,100.0,-120.0,112.0,-132.0,,7.0,sbro,,,,,JNIESE-L,HKURODA-R,,,,,,,,
2011,2011-07-06,SDG,SFO,5.0,6.0,False,2|0|1|1|0|1|0|0|0,1|0|0|2|0|0|0|2|0,129.0,-149.0,141.0,-161.0,,6.5,sbro,,,,,DMOSELEY-R,MBUMGARNR-L,,,,,,,,
2011,2011-07-06,TAM,MIN,12.0,5.0,False,0|2|0|2|1|0|0|4|3,0|0|2|0|2|0|1|0|0,-101.0,-119.0,-106.0,-114.0,,7.5,sbro,,,,,WDAVIS-R,FLIRIANO-L,,,,,,,,
2011,2011-07-06,KAN,CWS,4.0,1.0,False,1|1|0|1|0|1|0|0|0,0|0|0|0|0|1|0|0|0,112.0,-132.0,126.0,-146.0,,9.0,sbro,,,,,BCHEN-L,EJACKSON-R,,,,,,,,
2011,2011-07-06,DET,LAA,5.0,4.0,False,0|0|2|0|0|0|3|0|0,3|0|0|0|0|0|1|0|0,-104.0,-116.0,100.0,-120.0,,9.0,sbro,,,,,BPENNY-R,TCHATWOOD-R,,,,,,,,
2011,2011-07-06,SEA,OAK,0.0,2.0,False,0|0|0|0|0|0|0|0|0,1|0|0|0|1|0|0|0|x,-105.0,-115.0,-103.0,-117.0,,7.0,sbro,,,,,JVARGAS-L,GMOSCOSO-R,,,,,,,,
2011,2011-07-06,NYY,CLE,3.0,5.0,False,0|0|0|0|0|0|0|0|3,2|0|0|0|0|0|1|2|x,-114.0,-106.0,-108.0,-112.0,,8.5,sbro,,,,,PHUGHES-R,MASTERSON-R,,,,,,,,
2011,2011-07-06,TOR,BOS,4.0,6.0,False,1|0|2|0|0|0|0|0|1,1|1|0|4|0|0|0|0|x,102.0,-122.0,-103.0,-117.0,,10.0,sbro,,,,,RROMERO-L,WAKEFIELD-R,,,,,,,,
2011,2011-07-06,BAL,TEX,5.0,13.0,False,0|2|0|0|0|0|1|2|0,4|0|0|0|2|2|4|1|x,170.0,-190.0,158.0,-178.0,,9.0,sbro,,,,,JGUTHRIE-R,AOGANDO-R,,,,,,,,
2011,2011-07-07,COL,ATL,3.0,6.0,False,1|0|1|0|0|0|0|1|0,0|0|5|0|1|0|0|0|x,150.0,-170.0,155.0,-175.0,,7.5,sbro,,,,,JNICASIO-R,THUDSON-R,,,,,,,,
2011,2011-07-07,CUB,WAS,10.0,9.0,False,0|0|0|0|0|6|2|1|1,0|0|7|1|0|0|0|1|0,105.0,-125.0,-105.0,-105.0,,7.5,sbro,,,,,MGARZA-R,LHERNADEZ-R,,,,,,,,
2011,2011-07-07,HOU,MIA,0.0,5.0,False,0|0|0|0|0|0|0|0|0,0|2|0|0|2|1|0|0|x,117.0,-137.0,120.0,-140.0,,8.5,sbro,,,,,JHAPP-L,BHAND-L,,,,,,,,
2011,2011-07-07,CIN,MIL,4.0,5.0,False,0|0|1|1|0|0|0|1|1,0|1|0|0|4|0|0|0|x,-102.0,-118.0,-104.0,-116.0,,8.5,sbro,,,,,HBAILEY-R,CNARVESON-L,,,,,,,,
2011,2011-07-07,ARI,STL,4.0,1.0,False,0|1|0|0|0|2|1|0|0,0|0|0|0|0|1|0|0|0,125.0,-145.0,112.0,-132.0,,8.5,sbro,,,,,JSAUNDERS-L,KMCCLELLA-R,,,,,,,,
2011,2011-07-07,NYM,LOS,0.0,6.0,False,0|0|0|0|0|0|0|0|0,0|1|0|0|0|5|0|0|x,120.0,-140.0,135.0,-155.0,,6.5,sbro,,,,,DGEE-R,CKERSHAW-L,,,,,,,,
2011,2011-07-07,SDG,SFO,1.0,2.0,False,0|0|0|0|0|0|1|0|0,0|0|1|0|0|1|0|0|x,-107.0,-113.0,-112.0,-108.0,,6.5,sbro,,,,,CLUEBKE-L,BZITO-L,,,,,,,,
2011,2011-07-07,TAM,NYY,5.0,1.0,False,1|0|2|0|2|0|0|0|0,0|0|0|0|0|1|0|0|0,142.0,-162.0,164.0,-184.0,,9.5,sbro,,,,,JNIEMANN-R,BCOLON-R,,,,,,,,
2011,2011-07-07,TOR,CLE,4.0,5.0,False,0|1|0|2|0|0|0|0|1,0|0|0|0|0|0|0|0|5,-105.0,-105.0,-108.0,-112.0,,8.5,sbro,,,,,VILLANUEVA-R,ZMCALLIST-R,,,,,,,,
2011,2011-07-07,BAL,BOS,4.0,10.0,False,2|0|0|1|0|0|0|1|0,0|0|3|1|1|2|3|0|x,132.0,-152.0,138.0,-158.0,,10.5,sbro,,,,,JARRIETA-R,AMILLER-L,,,,,,,,
2011,2011-07-07,DET,KAN,3.0,1.0,False,0|2|0|0|0|0|0|0|1,0|0|0|0|1|0|0|0|0,-130.0,110.0,-120.0,100.0,,8.5,sbro,,,,,MSCHERZER-R,DDUFFY-L,,,,,,,,
2011,2011-07-07,MIN,CWS,6.0,2.0,False,1|2|0|3|0|0|0|0|0,0|0|0|0|2|0|0|0|0,125.0,-145.0,128.0,-148.0,,8.0,sbro,,,,,CPAVANO-R,PHUMBER-R,,,,,,,,
2011,2011-07-07,SEA,LAA,1.0,5.0,False,0|0|1|0|0|0|0|0|0,0|0|3|0|0|0|0|2|x,149.0,-169.0,166.0,-186.0,,6.0,sbro,,,,,DFISTER-R,JERWEAVER-R,,,,,,,,
2011,2011-07-07,OAK,TEX,0.0,6.0,False,0|0|0|0|0|0|0|0|0,1|0|1|2|1|1|0|0|x,115.0,-135.0,111.0,-131.0,,9.5,sbro,,,,,RHARDEN-R,DHOLLAND-L,,,,,,,,
2011,2011-07-08,ATL,PHI,2.0,3.0,False,0|1|0|1|0|0|0|0|0,0|1|0|1|0|0|0|0|0,155.0,-175.0,135.0,-155.0,,6.5,sbro,,,,,BBEACHY-R,RHALLADAY-R,,,,,,,,
2011,2011-07-08,CUB,PIT,4.0,7.0,False,1|0|0|0|0|2|0|1|0,0|0|2|0|0|1|0|4|x,115.0,-135.0,104.0,-124.0,,8.5,sbro,,,,,RLOPEZ-R,JMCDONALD-R,,,,,,,,
2011,2011-07-08,COL,WAS,3.0,2.0,False,0|0|0|3|0|0|0|0|0,1|0|0|1|0|0|0|0|0,120.0,-140.0,106.0,-126.0,,8.5,sbro,,,,,JHAMMEL-R,JLANNAN-L,,,,,,,,
2011,2011-07-08,HOU,MIA,3.0,6.0,False,2|0|0|0|0|0|0|0|1,2|0|1|0|2|0|1|0|x,115.0,-135.0,137.0,-157.0,,8.0,sbro,,,,,JLYLES-R,JVAZQUEZ-R,,,,,,,,
2011,2011-07-08,CIN,MIL,7.0,8.0,False,2|0|2|0|0|0|3|0|0,0|0|1|0|3|1|0|0|3,110.0,-130.0,117.0,-137.0,,8.0,sbro,,,,,MLEAKE-R,ZGREINKE-R,,,,,,,,
2011,2011-07-08,ARI,STL,7.0,6.0,False,0|0|0|3|0|0|4|0|0,0|1|2|0|0|0|0|3|0,115.0,-135.0,109.0,-129.0,,7.5,sbro,,,,,IKENNEDY-R,KLOHSE-R,,,,,,,,
2011,2011-07-08,SDG,LOS,0.0,1.0,False,0|0|0|0|0|0|0|0|0,0|0|0|0|0|0|0|1|x,110.0,-130.0,102.0,-122.0,,6.5,sbro,,,,,MLATOS-R,BILLNGSLEY-R,,,,,,,,
2011,2011-07-08,NYM,SFO,5.0,2.0,False,0|0|0|0|2|0|0|0|3,0|0|0|1|0|1|0|0|0,125.0,-145.0,122.0,-142.0,,6.5,sbro,,,,,RDICKEY-R,VOGELSONG-R,,,,,,,,
2011,2011-07-08,TOR,CLE,11.0,7.0,False,0|3|0|2|0|3|0|1|2,0|2|0|0|0|1|0|3|1,100.0,-120.0,-106.0,-114.0,,9.5,sbro,,,,,JJREYES-L,MTALBOT-R,,,,,,,,
2011,2011-07-08,BAL,BOS,3.0,10.0,False,0|0|0|0|3|0|0|0|0,8|0|0|0|0|1|0|1|x,190.0,-220.0,180.0,-210.0,,8.5,sbro,,,,,ZBRITTON-L,JBECKETT-R,,,,,,,,
2011,2011-07-08,OAK,TEX,5.0,8.0,False,0|1|0|1|0|2|0|0|1,5|2|0|0|1|0|0|0|x,135.0,-155.0,127.0,-147.0,,8.5,sbro,,,,,GGONZALEZ-L,CWILSON-L,,,,,,,,
2011,2011-07-08,MIN,CWS,8.0,5.0,False,1|0|1|6|0|0|0|0|0,5|0|0|0|0|0|0|0|0,150.0,-170.0,137.0,-157.0,,8.5,sbro,,,,,NBLACKBUR-R,GFLOYD-R,,,,,,,,
2011,2011-07-08,DET,KAN,6.0,4.0,False,2|1|2|0|0|0|0|0|1,2|0|1|0|0|0|1|0|0,-135.0,115.0,-112.0,-108.0,,9.5,sbro,,,,,RPORCELLO-R,KDAVIES-R,,,,,,,,
2011,2011-07-08,SEA,LAA,3.0,4.0,False,0|0|1|1|1|0|0|0|0,1|0|0|1|0|0|1|0|1,130.0,-150.0,153.0,-173.0,,7.5,sbro,,,,,BBEAVAN-R,ESANTANA-R,,,,,,,,
2011,2011-07-09,ATL,PHI,4.0,1.0,False,0|0|0|0|1|0|0|0|0,0|0|1|0|0|0|0|0|0,130.0,-150.0,128.0,-148.0,,6.5,sbro,,,,,THANSON-R,CLEE-L,,,,,,,,
2011,2011-07-09,NYM,SFO,1.0,3.0,False,1|0|0|0|0|0|0|0|0,2|0|0|0|0|0|1|0|x,150.0,-170.0,156.0,-176.0,,6.5,sbro,,,,,CCAPUANO-L,TLINCECUM-R,,,,,,,,
2011,2011-07-09,COL,WAS,2.0,1.0,False,0|0|0|1|1|0|0|0|0,0|0|0|0|0|1|0|0|0,-120.0,100.0,-123.0,103.0,,8.0,sbro,,,,,UJIMENEZ-R,JMARQUIS-R,,,,,,,,
2011,2011-07-09,CUB,PIT,6.0,3.0,False,2|1|1|1|0|0|0|0|1,0|0|1|2|0|0|0|0|0,110.0,-130.0,-106.0,-114.0,,7.5,sbro,,,,,RDEMPSTER-R,KCORREIA-R,,,,,,,,
2011,2011-07-09,HOU,MIA,1.0,6.0,False,0|0|0|0|0|0|1|0|0,1|1|0|0|4|0|0|0|x,130.0,-150.0,164.0,-184.0,,7.5,sbro,,,,,BMYERS-R,RNOLASCO-R,,,,,,,,
2011,2011-07-09,CIN,MIL,8.0,4.0,False,0|3|0|0|0|0|0|0|0,2|1|0|0|0|0|0|0|0,-110.0,-110.0,-105.0,-105.0,,7.5,sbro,,,,,JCUETO-R,SMARCUM-R,,,,,,,,
2011,2011-07-09,ARI,STL,6.0,7.0,False,0|3|1|0|0|1|1|0|0,1|0|0|0|0|2|0|3|1,125.0,-145.0,122.0,-142.0,,7.0,sbro,,,,,DHUDSON-R,CARPENTER-R,,,,,,,,
2011,2011-07-09,SDG,LOS,0.0,1.0,False,0|0|0|0|0|0|0|0|0,0|0|0|0|0|0|0|0|1,110.0,-130.0,112.0,-132.0,,7.0,sbro,,,,,AHARANG-R,RDELARO-R,,,,,,,,
2011,2011-07-09,TAM,NYY,4.0,5.0,False,0|1|0|2|0|0|0|1|0,0|0|2|0|2|0|0|1|x,110.0,-130.0,-114.0,-106.0,,8.5,sbro,,,,,DPRICE-L,ABURNETT-R,,,,,,,,
2011,2011-07-09,MIN,CWS,3.0,4.0,False,0|0|2|0|0|0|0|1|0,1|0|0|0|0|1|0|1|1,135.0,-155.0,123.0,-143.0,,8.5,sbro,,,,,BDUENSING-L,MBUEHRLE-L,,,,,,,,
2011,2011-07-09,TOR,CLE,5.0,4.0,False,1|0|1|1|1|0|0|0|0,0|1|0|2|0|0|0|0|1,110.0,-130.0,-107.0,-113.0,,8.5,sbro,,,,,BMORROW-R,JTOMLIN-R,,,,,,,,
2011,2011-07-09,DET,KAN,6.0,13.0,False,0|0|2|4|0|0|0|0|0,1|3|5|0|1|3|0|0|x,-110.0,-110.0,-105.0,-115.0,,9.0,sbro,,,,,CFURBUSH-L,LHOCHEVAR-R,,,,,,,,
2011,2011-07-09,BAL,BOS,0.0,4.0,False,0|0|0|0|0|0|0|0|0,0|0|0|0|3|0|1|0|x,165.0,-185.0,166.0,-186.0,,10.5,sbro,,,,,ASIMON-R,JLACKEY-R,,,,,,,,
2011,2011-07-09,OAK,TEX,6.0,7.0,False,0|4|0|0|1|0|1|0|0,0|1|0|0|4|0|0|0|2,140.0,-160.0,144.0,-164.0,,9.0,sbro,,,,,BMCCARTHY-R,CLEWIS-R,,,,,,,,
2011,2011-07-09,SEA,LAA,3.0,9.0,False,0|0|0|1|2|0|0|0|0,0|0|4|0|3|0|1|1|x,-125.0,105.0,-105.0,-105.0,,6.5,sbro,,,,,MPINEDA-R,JPINEIRO-R,,,,,,,,
2011,2011-07-10,HOU,MIA,4.0,5.0,False,2|0|0|1|0|0|0|1|0,0|0|1|4|0|0|0|0|x,102.0,-122.0,122.0,-142.0,,8.0,sbro,,,,,WRODRIGEZ-L,CVOLSTAD-R,,,,,,,,
2011,2011-07-10,ATL,PHI,1.0,14.0,False,0|1|0|0|0|0|0|0|0,0|1|2|1|0|0|6|4|x,147.0,-167.0,155.0,-175.0,,7.0,sbro,,,,,DLOWE-R,CHAMELS-L,,,,,,,,
2011,2011-07-10,CUB,PIT,1.0,9.0,False,0|0|0|1|0|0|0|0|0,1|0|4|0|1|0|0|3|x,114.0,-134.0,103.0,-123.0,,8.0,sbro,,,,,RMORTIZ-R,PMAHOLM-L,,,,,,,,
2011,2011-07-10,COL,WAS,0.0,2.0,False,0|0|0|0|0|0|0|0|0,0|0|0|0|0|1|0|1|x,116.0,-136.0,112.0,-132.0,,7.0,sbro,,,,,JCHACIN-R,JZIMMERMN-R,,,,,,,,
2011,2011-07-10,CIN,MIL,3.0,4.0,False,1|1|0|1|0|0|0|0|0,1|1|0|0|0|0|0|0|2,120.0,-140.0,120.0,-140.0,,9.5,sbro,,,,,DWILLIS-L,RWOLF-L,,,,,,,,
2011,2011-07-10,ARI,STL,2.0,4.0,False,0|2|0|0|0|0|0|0|0,2|0|2|0|0|0|0|0|x,155.0,-175.0,155.0,-175.0,,8.5,sbro,,,,,ZDUKE-L,JGARCIA-L,,,,,,,,
2011,2011-07-10,SDG,LOS,1.0,4.0,False,0|0|1|0|0|0|0|0|0,0|0|2|0|1|0|0|1|x,-103.0,-117.0,-112.0,-108.0,,6.5,sbro,,,,,TSTAUFFER-R,TLILLY-L,,,,,,,,
2011,2011-07-10,NYM,SFO,2.0,4.0,False,0|0|0|0|0|0|0|1|1,0|0|2|0|0|0|2|0|x,132.0,-152.0,138.0,-158.0,,6.5,sbro,,,,,MPELFREY-R,MCAIN-R,,,,,,,,
2011,2011-07-10,TOR,CLE,7.0,1.0,False,0|0|5|0|0|2|0|0|0,0|0|0|0|0|1|0|0|0,110.0,-130.0,107.0,-127.0,,8.5,sbro,,,,,BCECIL-L,CCARRASCO-R,,,,,,,,
2011,2011-07-10,TAM,NYY,0.0,1.0,False,0|0|0|0|0|0|0|0|0,0|0|0|0|0|0|1|0|x,135.0,-155.0,138.0,-158.0,,7.0,sbro,,,,,JSHIELDS-R,CSABATHIA-L,,,,,,,,
2011,2011-07-10,BAL,BOS,6.0,8.0,False,0|6|0|0|0|0|0|0|0,2|4|0|1|0|0|1|0|x,135.0,-155.0,144.0,-164.0,,11.0,sbro,,,,,MATKINS-R,KWEILAND-R,,,,,,,,
2011,2011-07-10,DET,KAN,2.0,1.0,False,0|0|0|1|0|1|0|0|0,0|0|0|0|0|0|0|1|0,-180.0,160.0,-169.0,149.0,,7.5,sbro,,,,,VERLANDER-R,JFRANCIS-L,,,,,,,,
2011,2011-07-10,MIN,CWS,6.0,3.0,False,0|0|0|2|3|0|0|0|1,0|0|0|0|0|1|2|0|0,145.0,-165.0,135.0,-155.0,,9.0,sbro,,,,,ASWARZAK-R,JPEAVY-R,,,,,,,,
2011,2011-07-10,OAK,TEX,0.0,2.0,False,0|0|0|0|0|0|0|0|0,0|0|0|0|0|2|0|0|x,125.0,-145.0,125.0,-145.0,,9.0,sbro,,,,,TCAHILL-R,MHARRISON-L,,,,,,,,
2011,2011-07-10,SEA,LAA,2.0,4.0,False,2|0|0|0|0|0|0|0|0,0|0|0|2|0|0|0|2|x,105.0,-125.0,119.0,-139.0,,6.5,sbro,,,,,FHERNANDZ-R,DHAREN-R,,,,,,,,
2011,2011-07-14,MIA,CUB,6.0,3.0,False,0|0|0|0|0|0|0|0|6,0|1|0|0|0|0|1|0|1,-106.0,-114.0,-114.0,-106.0,,7.5,sbro,,,,,ASANCHEZ-R,MGARZA-R,,,,,,,,
2011,2011-07-14,MIL,COL,3.0,12.0,False,1|1|0|0|0|0|0|0|1,1|1|0|4|0|1|4|1|x,109.0,-129.0,115.0,-135.0,,8.5,sbro,,,,,YGALLARDO-R,UJIMENEZ-R,,,,,,,,
2011,2011-07-14,SFO,SDG,6.0,2.0,False,0|0|0|0|0|0|0|0|1,0|0|1|0|0|0|0|0|0,-110.0,-110.0,-112.0,-108.0,,6.0,sbro,,,,,MBUMGARNR-L,AHARANG-R,,,,,,,,
2011,2011-07-14,CLE,BAL,8.0,4.0,False,3|0|1|0|0|4|0|0|0,0|0|2|0|0|2|0|0|0,-120.0,100.0,-114.0,-106.0,,8.5,sbro,,,,,MASTERSON-R,JGUTHRIE-R,,,,,,,,
2011,2011-07-14,NYY,TOR,7.0,16.0,False,0|0|4|0|0|3|0|0|0,8|1|0|0|0|2|2|3|x,-150.0,130.0,-139.0,119.0,,9.5,sbro,,,,,BCOLON-R,JJREYES-L,,,,,,,,
2011,2011-07-14,KAN,MIN,4.0,8.0,False,2|0|0|1|0|0|0|0|1,0|0|0|0|4|0|4|0|x,130.0,-150.0,127.0,-147.0,,8.0,sbro,,,,,BCHEN-L,FLIRIANO-L,,,,,,,,
2011,2011-07-14,TEX,SEA,5.0,0.0,False,1|1|1|0|0|2|0|0|0,0|0|0|0|0|0|0|0|0,-105.0,-115.0,-126.0,106.0,,7.0,sbro,,,,,DHOLLAND-L,JVARGAS-L,,,,,,,,
2011,2011-07-15,MIA,CUB,1.0,2.0,False,0|0|0|0|0|0|0|0|1,0|0|0|2|0|0|0|0|x,105.0,-125.0,-107.0,-113.0,,7.5,sbro,,,,,RNOLASCO-R,RDEMPSTER-R,,,,,,,,
2011,2011-07-15,PHI,NYM,7.0,2.0,False,0|3|0|0|0|1|0|3|0,0|0|0|0|0|1|0|1|0,-125.0,105.0,-110.0,-110.0,,8.0,sbro,,,,,VWORLEY-R,RDICKEY-R,,,,,,,,
2011,2011-07-15,STL,CIN,5.0,6.0,False,0|0|0|0|0|0|3|2|0,1|0|0|0|1|0|2|0|2,140.0,-160.0,125.0,-145.0,,9.0,sbro,,,,,WESTBROOK-R,JCUETO-R,,,,,,,,
2011,2011-07-15,WAS,ATL,1.0,11.0,False,1|0|0|0|0|0|0|0|0,4|0|1|1|0|3|2|0|x,170.0,-190.0,148.0,-168.0,,7.5,sbro,,,,,LHERNADEZ-R,THUDSON-R,,,,,,,,
2011,2011-07-15,PIT,HOU,4.0,0.0,False,1|0|2|0|0|0|0|1|0,0|0|0|0|0|0|0|0|0,-105.0,-115.0,-110.0,-110.0,,7.5,sbro,,,,,JKARSTENS-R,BMYERS-R,,,,,,,,
2011,2011-07-15,MIL,COL,0.0,4.0,False,0|0|0|0|0|0|0|0|0,1|0|1|0|1|0|1|0|x,115.0,-135.0,105.0,-125.0,,10.5,sbro,,,,,CNARVESON-L,JNICASIO-R,,,,,,,,
2011,2011-07-15,LOS,ARI,6.0,4.0,False,0|1|0|1|0|2|2|0|0,0|0|0|0|0|0|4|0|0,-125.0,105.0,-133.0,113.0,,8.0,sbro,,,,,CKERSHAW-L,JSAUNDERS-L,,,,,,,,
2011,2011-07-15,SFO,SDG,6.0,1.0,False,1|1|0|0|2|0|2|0|0,0|0|0|1|0|0|0|0|0,-150.0,130.0,-144.0,124.0,,5.5,sbro,,,,,TLINCECUM-R,DMOSELEY-R,,,,,,,,
2011,2011-07-15,CLE,BAL,6.0,5.0,False,0|1|2|0|2|1|0|0|0,0|2|1|0|2|0|0|0|0,-105.0,-115.0,-110.0,-110.0,,9.0,sbro,,,,,JTOMLIN-R,JARRIETA-R,,,,,,,,
2011,2011-07-15,CWS,DET,8.0,2.0,False,0|0|4|0|1|0|3|0|0,0|0|0|2|0|0|0|0|0,180.0,-210.0,180.0,-210.0,,7.5,sbro,,,,,GFLOYD-R,VERLANDER-R,,,,,,,,
2011,2011-07-15,NYY,TOR,1.0,7.0,False,0|1|0|0|0|0|0|0|0,1|0|0|2|3|0|0|1|x,-110.0,-110.0,-108.0,-112.0,,9.0,sbro,,,,,FGARCIA-R,BMORROW-R,,,,,,,,
2011,2011-07-15,BOS,TAM,6.0,9.0,False,0|1|1|0|0|1|2|1|0,1|4|2|0|0|2|0|0|x,130.0,-150.0,135.0,-155.0,,8.0,sbro,,,,,AMILLER-L,DPRICE-L,,,,,,,,
2011,2011-07-15,KAN,MIN,2.0,1.0,False,0|0|0|0|0|0|0|0|2,0|0|0|1|0|0|0|0|0,115.0,-135.0,105.0,-125.0,,9.0,sbro,,,,,LHOCHEVAR-R,NBLACKBUR-R,,,,,,,,
2011,2011-07-15,LAA,OAK,3.0,5.0,False,0|0|0|0|1|2|0|0|0,0|0|3|1|0|0|0|1|x,-130.0,110.0,-125.0,105.0,,6.5,sbro,,,,,DHAREN-R,BMCCARTHY-R,,,,,,,,
2011,2011-07-15,TEX,SEA,4.0,0.0,False,1|1|0|0|0|0|0|2|0,0|0|0|0|0|0|0|0|0,-130.0,110.0,-125.0,105.0,,6.5,sbro,,,,,CLEWIS-R,DFISTER-R,,,,,,,,
2011,2011-07-16,MIA,CUB,13.0,3.0,False,3|0|0|1|4|3|0|0|2,0|0|0|0|0|3|0|0|0,-103.0,-117.0,-111.0,-109.0,,8.5,sbro,,,,,JVAZQUEZ-R,CZAMBRANO-R,,,,,,,,
2011,2011-07-16,PHI,NYM,2.0,11.0,False,0|0|0|0|0|0|2|0|0,1|0|2|1|3|0|4|0|x,-150.0,130.0,-142.0,122.0,,7.0,sbro,,,,,CHAMELS-L,JNIESE-L,,,,,,,,
2011,2011-07-16,PIT,HOU,4.0,6.0,False,0|0|0|0|1|3|0|0|0,0|1|2|0|0|0|0|3|x,100.0,-120.0,106.0,-126.0,,7.0,sbro,,,,,PMAHOLM-L,BNORRIS-R,,,,,,,,
2011,2011-07-16,STL,CIN,4.0,1.0,False,0|0|0|0|3|0|1|0|0,0|0|1|0|0|0|0|0|0,-115.0,-105.0,-126.0,106.0,,8.5,sbro,,,,,CARPENTER-R,BARROYO-R,,,,,,,,
2011,2011-07-16,WAS,ATL,5.0,2.0,False,0|3|0|0|0|2|0|0|0,0|2|0|0|0|0|0|0|0,170.0,-190.0,156.0,-176.0,,7.0,sbro,,,,,JLANNAN-L,THANSON-R,,,,,,,,
2011,2011-07-16,MIL,COL,8.0,7.0,False,0|0|0|0|2|0|3|1|2,0|3|0|0|0|0|3|0|1,115.0,-135.0,102.0,-122.0,,9.5,sbro,,,,,ZGREINKE-R,JCHACIN-R,,,,,,,,
2011,2011-07-16,LOS,ARI,2.0,3.0,False,0|1|0|0|1|0|0|0|0,0|3|0|0|0|0|0|0|x,115.0,-135.0,114.0,-134.0,,8.0,sbro,,,,,HKURODA-R,IKENNEDY-R,,,,,,,,
2011,2011-07-16,SFO,SDG,3.0,11.0,False,0|0|0|1|0|1|0|0|1,3|0|4|1|0|0|3|0|x,110.0,-130.0,115.0,-135.0,,5.5,sbro,,,,,BZITO-L,CLUEBKE-L,,,,,,,,
2011,2011-07-16,NYY,TOR,4.0,1.0,False,0|2|1|1|0|0|0|0|0,1|0|0|0|0|0|0|0|0,-140.0,120.0,-153.0,133.0,,8.0,sbro,,,,,CSABATHIA-L,RROMERO-L,,,,,,,,
2011,2011-07-16,LAA,OAK,4.0,2.0,False,1|0|0|0|0|1|1|0|1,0|0|0|0|0|0|2|0|0,-125.0,105.0,-118.0,-102.0,,6.0,sbro,,,,,JERWEAVER-R,TCAHILL-R,,,,,,,,
2011,2011-07-16,LAA,OAK,3.0,4.0,False,0|2|0|0|0|1|0|0|0,0|0|0|2|1|0|0|0|0,-115.0,-105.0,-108.0,-112.0,,7.0,sbro,,,,,ESANTANA-R,RHARDEN-R,,,,,,,,
2011,2011-07-16,BOS,TAM,9.0,5.0,False,0|2|3|1|0|0|1|0|2,3|0|0|0|1|0|0|0|1,125.0,-145.0,121.0,-141.0,,8.0,sbro,,,,,JLACKEY-R,JSHIELDS-R,,,,,,,,
2011,2011-07-16,CWS,DET,5.0,0.0,False,0|1|1|0|0|0|0|0|3,0|0|0|0|0|0|0|0|0,130.0,-150.0,120.0,-140.0,,8.5,sbro,,,,,EJACKSON-R,MSCHERZER-R,,,,,,,,
2011,2011-07-16,CLE,BAL,5.0,6.0,False,0|0|0|0|0|2|0|0|3,1|0|0|1|0|1|0|3|x,-125.0,105.0,-117.0,-103.0,,9.5,sbro,,,,,CCARRASCO-R,ASIMON-R,,,,,,,,
2011,2011-07-16,KAN,MIN,3.0,4.0,False,0|0|0|0|2|1|0|0|0,2|0|0|1|0|0|0|1|x,120.0,-140.0,106.0,-126.0,,8.5,sbro,,,,,JFRANCIS-L,CPAVANO-R,,,,,,,,
2011,2011-07-16,TEX,SEA,5.0,1.0,False,1|0|0|0|0|1|0|3|0,0|0|0|0|1|0|0|0|0,-105.0,-115.0,-110.0,-110.0,,6.0,sbro,,,,,CWILSON-L,FHERNANDZ-R,,,,,,,,
2011,2011-07-17,STL,CIN,1.0,3.0,False,0|1|0|0|0|0|0|0|0,0|0|0|0|0|1|1|1|x,-112.0,-108.0,-107.0,-113.0,,9.0,sbro,,,,,JGARCIA-L,HBAILEY-R,,,,,,,,
2011,2011-07-17,PHI,NYM,8.0,5.0,False,1|0|0|0|3|0|1|3|0,0|0|0|0|0|0|1|3|1,-113.0,-107.0,-110.0,-110.0,,8.5,sbro,,,,,KKENDRICK-R,MPELFREY-R,,,,,,,,
2011,2011-07-17,WAS,ATL,8.0,9.0,False,0|0|2|4|0|2|0|0|0,2|0|0|0|5|0|0|1|1,168.0,-188.0,147.0,-167.0,,7.5,sbro,,,,,GORZELANNY-L,JJURRJENS-R,,,,,,,,
2011,2011-07-17,PIT,HOU,7.0,5.0,False,0|2|0|1|0|1|0|0|0,1|0|2|0|0|0|0|1|0,104.0,-124.0,108.0,-128.0,,7.0,sbro,,,,,KCORREIA-R,WRODRIGEZ-L,,,,,,,,
2011,2011-07-17,MIA,CUB,7.0,5.0,False,3|0|0|1|0|0|0|3|0,2|2|0|0|0|0|0|1|0,-108.0,-112.0,-113.0,-107.0,,10.5,sbro,,,,,CVOLSTAD-R,RWELLS-R,,,,,,,,
2011,2011-07-17,MIL,COL,4.0,3.0,False,0|1|0|0|2|1|0|0|0,0|0|0|1|0|1|0|0|1,-113.0,-107.0,-107.0,-113.0,,10.5,sbro,,,,,SMARCUM-R,ACOOK-R,,,,,,,,
2011,2011-07-17,SFO,SDG,4.0,3.0,False,0|1|0|0|0|1|1|0|0,1|0|0|0|0|2|0|0|0,-110.0,-110.0,-107.0,-113.0,,5.5,sbro,,,,,MCAIN-R,MLATOS-R,,,,,,,,
2011,2011-07-17,LOS,ARI,1.0,4.0,False,0|0|0|0|0|0|1|0|0,0|1|0|0|0|1|2|0|x,127.0,-147.0,135.0,-155.0,,9.0,sbro,,,,,TLILLY-L,DHUDSON-R,,,,,,,,
2011,2011-07-17,CWS,DET,3.0,4.0,False,0|3|0|0|0|0|0|0|0,0|0|0|1|0|3|0|0|x,-107.0,-113.0,-105.0,-115.0,,9.0,sbro,,,,,PHUMBER-R,BPENNY-R,,,,,,,,
2011,2011-07-17,NYY,TOR,7.0,2.0,False,1|0|0|4|0|0|1|0|1,0|1|0|1|0|0|0|0|0,-110.0,-110.0,-122.0,102.0,,9.5,sbro,,,,,PHUGHES-R,VILLANUEVA-R,,,,,,,,
2011,2011-07-17,CLE,BAL,3.0,8.0,False,3|0|0|0|0|0|0|0|0,0|1|0|0|3|1|2|1|x,-113.0,-107.0,-105.0,-105.0,,10.5,sbro,,,,,JGOMEZ-R,MATKINS-R,,,,,,,,
2011,2011-07-17,KAN,MIN,3.0,4.0,False,1|0|0|0|0|0|2|0|0,1|0|0|0|0|3|0|0|x,106.0,-126.0,113.0,-133.0,,8.5,sbro,,,,,FPAULINO-R,BDUENSING-L,,,,,,,,
2011,2011-07-17,LAA,OAK,1.0,9.0,False,0|0|0|0|0|0|0|0|1,8|0|1|0|0|0|0|0|x,118.0,-138.0,116.0,-136.0,,7.0,sbro,,,,,JPINEIRO-R,GGONZALEZ-L,,,,,,,,
2011,2011-07-17,TEX,SEA,3.0,1.0,False,0|3|0|0|0|0|0|0|0,0|0|0|0|0|0|0|1|0,-122.0,102.0,-138.0,118.0,,7.5,sbro,,,,,MHARRISON-L,BBEAVAN-R,,,,,,,,
2011,2011-07-17,BOS,TAM,1.0,0.0,False,0|0|0|0|0|0|0|0|0,0|0|0|0|0|0|0|0|0,-133.0,113.0,-141.0,121.0,,8.0,sbro,,,,,JBECKETT-R,JNIEMANN-R,,,,,,,,
2011,2011-07-18,CIN,PIT,0.0,2.0,False,0|0|0|0|0|0|0|0|0,0|0|0|2|0|0|0|0|x,-105.0,-115.0,-113.0,-107.0,,9.0,sbro,,,,,DWILLIS-L,CMORTON-R,,,,,,,,
2011,2011-07-18,WAS,HOU,5.0,2.0,False,0|0|0|0|1|0|1|0|3,0|0|0|0|1|1|0|0|0,-120.0,100.0,-118.0,-102.0,,8.0,sbro,,,,,JMARQUIS-R,JLYLES-R,,,,,,,,
2011,2011-07-18,PHI,CUB,1.0,6.0,False,0|0|0|1|0|0|0|0|0,1|0|2|0|0|2|1|0|x,-200.0,170.0,-210.0,180.0,,8.5,sbro,,,,,RHALLADAY-R,RLOPEZ-R,,,,,,,,
2011,2011-07-18,ATL,COL,7.0,4.0,False,0|2|3|0|1|1|0|0|0,0|0|1|0|0|0|3|0|0,-105.0,-115.0,107.0,-127.0,,10.0,sbro,,,,,DLOWE-R,JHAMMEL-R,,,,,,,,
2011,2011-07-18,MIL,ARI,0.0,3.0,False,0|0|0|0|0|0|0|0|0,0|0|1|0|0|2|0|0|x,105.0,-125.0,102.0,-122.0,,9.0,sbro,,,,,RWOLF-L,JCOLLMENT-R,,,,,,,,
2011,2011-07-18,LOS,SFO,0.0,5.0,False,0|0|0|0|0|0|0|0|0,0|0|0|1|0|4|0|0|x,115.0,-135.0,110.0,-130.0,,6.5,sbro,,,,,BILLNGSLEY-R,VOGELSONG-R,,,,,,,,
2011,2011-07-18,BOS,BAL,15.0,10.0,False,0|0|3|2|1|0|1|8|0,2|0|0|0|5|0|0|3|0,-150.0,130.0,-125.0,105.0,,10.0,sbro,,,,,WAKEFIELD-R,BBERGESEN-R,,,,,,,,
2011,2011-07-18,NYY,TAM,5.0,4.0,False,1|0|0|0|1|0|0|2|1,3|1|0|0|0|0|0|0|0,-125.0,105.0,-138.0,118.0,,8.5,sbro,,,,,ABURNETT-R,ACOBB-R,,,,,,,,
2011,2011-07-18,CLE,MIN,6.0,3.0,False,0|0|0|0|2|0|2|0|2,0|0|1|0|0|1|0|0|1,105.0,-125.0,-105.0,-105.0,,9.0,sbro,,,,,FCARMONA-R,SDIAMOND-L,,,,,,,,
2011,2011-07-18,CWS,KAN,5.0,2.0,False,1|0|1|0|0|2|0|1|0,0|0|0|0|2|0|0|0|0,-130.0,110.0,-125.0,105.0,,9.0,sbro,,,,,MBUEHRLE-L,KDAVIES-R,,,,,,,,
2011,2011-07-18,CLE,MIN,5.0,2.0,False,0|0|4|0|0|0|0|0|1,0|0|0|0|0|0|0|0|2,135.0,-155.0,123.0,-143.0,,9.0,sbro,,,,,DHUFF-L,ASWARZAK-R,,,,,,,,
2011,2011-07-18,MIA,NYM,4.0,1.0,False,0|0|0|3|0|0|0|1|0,0|0|0|0|0|0|0|0|1,125.0,-145.0,100.0,-120.0,,8.0,sbro,,,,,CHENSLEY-R,CCAPUANO-L,,,,,,,,
2011,2011-07-19,CIN,PIT,0.0,1.0,False,0|0|0|0|0|0|0|0|0,1|0|0|0|0|0|0|0|x,-125.0,105.0,-115.0,-105.0,,8.5,sbro,,,,,MLEAKE-R,JMCDONALD-R,,,,,,,,
2011,2011-07-19,SDG,MIA,4.0,0.0,False,2|0|0|0|0|0|1|0|1,0|0|0|0|0|0|0|0|0,120.0,-140.0,139.0,-159.0,,7.0,sbro,,,,,TSTAUFFER-R,ASANCHEZ-R,,,,,,,,
2011,2011-07-19,STL,NYM,2.0,4.0,False,0|0|0|0|1|0|1|0|0,0|0|0|0|2|2|0|0|x,105.0,-125.0,-110.0,-110.0,,8.0,sbro,,,,,KLOHSE-R,DGEE-R,,,,,,,,
2011,2011-07-19,PHI,CUB,4.0,2.0,False,0|0|0|0|0|0|0|2|2,2|0|0|0|0|0|0|0|0,-155.0,135.0,-145.0,125.0,,7.0,sbro,,,,,CLEE-L,MGARZA-R,,,,,,,,
2011,2011-07-19,WAS,HOU,6.0,7.0,False,0|0|2|0|0|3|1|0|0,0|2|0|4|0|1|0|0|x,-145.0,125.0,-148.0,128.0,,7.5,sbro,,,,,JZIMMERMN-R,JHAPP-L,,,,,,,,
2011,2011-07-19,ATL,COL,3.0,12.0,False,0|0|0|1|0|1|0|1|0,3|2|1|0|0|4|2|0|x,120.0,-140.0,118.0,-138.0,,9.0,sbro,,,,,BBEACHY-R,UJIMENEZ-R,,,,,,,,
2011,2011-07-19,MIL,ARI,11.0,3.0,False,5|0|1|0|0|3|0|0|2,2|0|0|0|1|0|0|0|0,-125.0,105.0,-118.0,-102.0,,9.0,sbro,,,,,YGALLARDO-R,BENRIGHT-R,,,,,,,,
2011,2011-07-19,LOS,SFO,3.0,5.0,False,0|0|3|0|0|0|0|0|0,0|2|0|0|1|0|2|0|x,130.0,-150.0,115.0,-135.0,,6.5,sbro,,,,,RDELARO-R,MBUMGARNR-L,,,,,,,,
2011,2011-07-19,SEA,TOR,5.0,6.0,False,1|4|0|0|0|0|0|0|0,2|0|0|0|0|0|3|0|0,-110.0,-110.0,100.0,-120.0,,7.5,sbro,,,,,MPINEDA-R,BCECIL-L,,,,,,,,
2011,2011-07-19,OAK,DET,3.0,8.0,False,0|0|0|0|3|0|0|0|0,0|0|0|1|6|1|0|0|x,125.0,-145.0,116.0,-136.0,,9.0,sbro,,,,,GMOSCOSO-R,RPORCELLO-R,,,,,,,,
2011,2011-07-19,BOS,BAL,2.0,6.0,False,0|0|0|0|2|0|0|0|0,0|2|1|0|0|0|0|3|x,-125.0,105.0,-116.0,-104.0,,10.0,sbro,,,,,KWEILAND-R,JGUTHRIE-R,,,,,,,,
2011,2011-07-19,NYY,TAM,2.0,3.0,False,0|0|2|0|0|0|0|0|0,0|0|0|0|1|0|2|0|x,-120.0,100.0,-108.0,-112.0,,8.5,sbro,,,,,BCOLON-R,JHELLICKS-R,,,,,,,,
2011,2011-07-19,CLE,MIN,1.0,2.0,False,0|0|0|0|1|0|0|0|0,0|0|0|0|0|0|0|0|2,105.0,-125.0,110.0,-130.0,,7.5,sbro,,,,,MASTERSON-R,FLIRIANO-L,,,,,,,,
2011,2011-07-19,CWS,KAN,2.0,4.0,False,2|0|0|0|0|0|0|0|0,0|1|0|0|0|2|1|0|x,-120.0,100.0,-108.0,-112.0,,8.5,sbro,,,,,JPEAVY-R,DDUFFY-L,,,,,,,,
2011,2011-07-19,TEX,LAA,7.0,0.0,False,1|0|0|1|1|0|0|2|2,0|0|0|0|0|0|0|0|0,-140.0,120.0,-147.0,127.0,,8.0,sbro,,,,,AOGANDO-R,TCHATWOOD-R,,,,,,,,
2011,2011-07-20,CIN,PIT,3.0,1.0,False,1|1|0|0|1|0|0|0|0,0|0|0|1|0|0|0|0|0,-120.0,100.0,-126.0,106.0,,7.5,sbro,,,,,JCUETO-R,JKARSTENS-R,,,,,,,,
2011,2011-07-20,WAS,HOU,2.0,3.0,False,0|0|0|0|0|2|0|0|0,1|1|0|0|0|0|0|0|0,100.0,-120.0,-110.0,-110.0,,8.0,sbro,,,,,LHERNADEZ-R,BMYERS-R,,,,,,,,
2011,2011-07-20,PHI,CUB,9.0,1.0,False,2|3|1|1|0|1|0|1|0,0|0|0|0|0|0|1|0|0,-106.0,-114.0,-114.0,-106.0,,11.0,sbro,,,,,VWORLEY-R,RDEMPSTER-R,,,,,,,,
2011,2011-07-20,LOS,SFO,1.0,0.0,False,0|0|0|0|0|0|1|0|0,0|0|0|0|0|0|0|0|0,115.0,-135.0,104.0,-124.0,,5.5,sbro,,,,,CKERSHAW-L,TLINCECUM-R,,,,,,,,
2011,2011-07-20,SDG,MIA,14.0,3.0,False,4|9|0|0|0|0|1|0|0,0|0|0|1|0|2|0|0|0,115.0,-135.0,149.0,-169.0,,7.0,sbro,,,,,AHARANG-R,RNOLASCO-R,,,,,,,,
2011,2011-07-20,STL,NYM,5.0,6.0,False,1|0|3|0|0|0|0|1|0,0|0|2|0|2|0|0|1|0,100.0,-120.0,104.0,-124.0,,8.5,sbro,,,,,KMCCLELLA-R,RDICKEY-R,,,,,,,,
2011,2011-07-20,ATL,COL,2.0,3.0,False,0|1|0|0|0|0|0|1|0,2|0|0|0|0|0|0|0|1,-115.0,-105.0,-110.0,-110.0,,9.0,sbro,,,,,THUDSON-R,JNICASIO-R,,,,,,,,
2011,2011-07-20,MIL,ARI,5.0,2.0,False,1|0|0|0|0|0|1|0|0,0|0|0|0|0|0|0|2|0,100.0,-120.0,-104.0,-116.0,,9.0,sbro,,,,,CNARVESON-L,JSAUNDERS-L,,,,,,,,
2011,2011-07-20,BOS,BAL,4.0,0.0,False,0|0|1|1|0|0|1|1|0,0|0|0|0|0|0|0|0|0,-125.0,105.0,-125.0,105.0,,10.5,sbro,,,,,AMILLER-L,JARRIETA-R,,,,,,,,
2011,2011-07-20,CLE,MIN,5.0,7.0,False,0|0|0|3|0|1|0|0|1,2|0|0|2|0|0|0|3|x,100.0,-120.0,-114.0,-106.0,,9.0,sbro,,,,,JTOMLIN-R,NBLACKBUR-R,,,,,,,,
2011,2011-07-20,OAK,DET,7.0,5.0,False,0|0|2|0|0|1|4|0|0,0|0|2|0|0|3|0|0|0,106.0,-126.0,105.0,-125.0,,9.0,sbro,,,,,BMCCARTHY-R,DBELOW-L,,,,,,,,
2011,2011-07-20,SEA,TOR,6.0,11.0,False,0|0|0|2|0|0|1|1|2,0|4|1|3|0|2|1|0|x,135.0,-155.0,152.0,-172.0,,7.5,sbro,,,,,JVARGAS-L,BMORROW-R,,,,,,,,
2011,2011-07-20,NYY,TAM,4.0,0.0,False,2|0|0|0|0|0|0|0|2,0|0|0|0|0|0|0|0|0,130.0,-150.0,125.0,-145.0,,7.5,sbro,,,,,FGARCIA-R,DPRICE-L,,,,,,,,
2011,2011-07-20,CWS,KAN,1.0,2.0,False,0|0|0|0|1|0|0|0|0,0|0|0|0|0|0|0|1|0,-125.0,105.0,-112.0,-108.0,,8.5,sbro,,,,,JDANKS-L,BCHEN-L,,,,,,,,
2011,2011-07-20,TEX,LAA,8.0,9.0,False,1|0|0|2|5|0|0|0|0,2|0|1|0|0|6|0|0|x,125.0,-145.0,103.0,-123.0,,7.0,sbro,,,,,DHOLLAND-L,DHAREN-R,,,,,,,,
2011,2011-07-21,STL,NYM,6.0,2.0,False,2|0|0|0|3|0|0|0|1,0|0|0|1|0|0|0|1|0,100.0,-120.0,-102.0,-118.0,,9.0,sbro,,,,,WESTBROOK-R,JNIESE-L,,,,,,,,
2011,2011-07-21,SDG,MIA,5.0,3.0,False,3|0|1|0|1|0|0|0|0,0|0|0|0|3|0|0|0|0,130.0,-150.0,152.0,-172.0,,7.5,sbro,,,,,DMOSELEY-R,JVAZQUEZ-R,,,,,,,,
2011,2011-07-21,ATL,COL,9.0,6.0,False,0|0|3|0|2|0|4|0|0,1|3|0|0|0|2|0|0|0,-105.0,-115.0,-110.0,-110.0,,8.5,sbro,,,,,THANSON-R,JCHACIN-R,,,,,,,,
2011,2011-07-21,MIL,ARI,0.0,4.0,False,0|0|0|0|0|0|0|0|0,0|0|0|2|0|0|0|2|x,100.0,-120.0,-105.0,-105.0,,8.5,sbro,,,,,ZGREINKE-R,IKENNEDY-R,,,,,,,,
2011,2011-07-21,SEA,TOR,5.0,7.0,False,0|0|0|0|1|0|0|4|0,0|0|0|0|1|1|3|2|x,155.0,-175.0,154.0,-174.0,,7.5,sbro,,,,,DFISTER-R,RROMERO-L,,,,,,,,
2011,2011-07-21,TEX,LAA,0.0,1.0,False,0|0|0|0|0|0|0|0|0,0|1|0|0|0|0|0|0|x,105.0,-125.0,-101.0,-119.0,,6.5,sbro,,,,,CWILSON-L,JERWEAVER-R,,,,,,,,
2011,2011-07-21,NYY,TAM,1.0,2.0,False,0|0|0|0|0|0|0|1|0,1|0|0|0|1|0|0|0|x,-140.0,120.0,-140.0,120.0,,7.0,sbro,,,,,CSABATHIA-L,JSHIELDS-R,,,,,,,,
2011,2011-07-21,DET,MIN,6.0,2.0,False,0|0|0|1|2|2|0|1|0,0|0|0|0|0|1|0|0|1,-165.0,145.0,-164.0,144.0,,7.5,sbro,,,,,VERLANDER-R,CPAVANO-R,,,,,,,,
2011,2011-07-22,HOU,CUB,2.0,4.0,False,0|1|0|1|0|0|0|0|0,0|0|0|0|4|0|0|0|x,130.0,-150.0,132.0,-152.0,,9.0,sbro,,,,,BNORRIS-R,CZAMBRANO-R,,,,,,,,
2011,2011-07-22,STL,PIT,6.0,4.0,False,4|0|1|0|0|0|0|1|0,0|2|0|0|0|2|0|0|0,-130.0,110.0,-139.0,119.0,,7.5,sbro,,,,,CARPENTER-R,PMAHOLM-L,,,,,,,,
2011,2011-07-22,SDG,PHI,1.0,3.0,False,0|0|0|0|1|0|0|0|0,0|1|0|2|0|0|0|0|x,170.0,-190.0,169.0,-189.0,,7.0,sbro,,,,,CLUEBKE-L,CHAMELS-L,,,,,,,,
2011,2011-07-22,NYM,MIA,7.0,6.0,False,3|0|0|1|0|0|1|2|0,1|1|1|0|0|1|1|1|0,110.0,-130.0,104.0,-124.0,,9.0,sbro,,,,,MPELFREY-R,CVOLSTAD-R,,,,,,,,
2011,2011-07-22,ATL,CIN,6.0,4.0,False,0|0|0|2|0|1|1|0|2,1|0|0|0|0|3|0|0|0,-125.0,105.0,-117.0,-103.0,,9.0,sbro,,,,,JJURRJENS-R,BARROYO-R,,,,,,,,
2011,2011-07-22,COL,ARI,8.0,4.0,False,0|0|2|1|0|0|2|2|1,0|3|0|0|0|1|0|0|0,150.0,-170.0,147.0,-167.0,,8.5,sbro,,,,,ACOOK-R,DHUDSON-R,,,,,,,,
2011,2011-07-22,WAS,LOS,7.0,2.0,False,1|2|0|0|0|0|0|0|4,0|0|0|2|0|0|0|0|0,125.0,-145.0,115.0,-135.0,,6.5,sbro,,,,,JLANNAN-L,HKURODA-R,,,,,,,,
2011,2011-07-22,MIL,SFO,4.0,2.0,False,0|3|0|0|0|1|0|0|0,1|0|0|0|0|1|0|0|0,115.0,-135.0,115.0,-135.0,,6.5,sbro,,,,,SMARCUM-R,MCAIN-R,,,,,,,,
2011,2011-07-22,LAA,BAL,6.0,1.0,False,0|0|0|0|0|0|2|0|4,0|0|0|0|0|0|0|1|0,-120.0,100.0,-120.0,100.0,,9.0,sbro,,,,,ESANTANA-R,ASIMON-R,,,,,,,,
2011,2011-07-22,OAK,NYY,7.0,17.0,False,1|1|0|3|2|0|0|0|0,0|5|9|0|0|0|2|1|x,145.0,-165.0,152.0,-172.0,,9.0,sbro,,,,,TCAHILL-R,PHUGHES-R,,,,,,,,
2011,2011-07-22,CWS,CLE,3.0,0.0,False,0|0|0|0|3|0|0|0|0,0|0|0|0|0|0|0|0|0,100.0,-120.0,-110.0,-110.0,,8.5,sbro,,,,,GFLOYD-R,CCARRASCO-R,,,,,,,,
2011,2011-07-22,SEA,BOS,4.0,7.0,False,1|0|0|0|0|0|0|3|0,1|0|1|0|0|0|5|0|x,115.0,-135.0,129.0,-149.0,,8.5,sbro,,,,,FHERNANDZ-R,JLACKEY-R,,,,,,,,
2011,2011-07-22,TOR,TEX,2.0,12.0,False,0|0|0|0|0|1|0|1|0,0|2|0|3|3|4|0|0|x,160.0,-180.0,170.0,-200.0,,10.5,sbro,,,,,JJREYES-L,CLEWIS-R,,,,,,,,
2011,2011-07-22,TAM,KAN,4.0,10.0,False,1|0|0|0|0|3|0|0|0,3|0|1|0|1|3|2|0|x,-115.0,-105.0,-105.0,-105.0,,9.5,sbro,,,,,WDAVIS-R,LHOCHEVAR-R,,,,,,,,
2011,2011-07-22,DET,MIN,8.0,2.0,False,1|1|2|0|3|1|0|0|0,0|1|0|0|0|0|0|0|1,-120.0,100.0,-110.0,-110.0,,8.5,sbro,,,,,MSCHERZER-R,BDUENSING-L,,,,,,,,
2011,2011-07-23,HOU,CUB,1.0,5.0,False,0|0|0|0|0|1|0|0|0,0|1|0|0|1|0|0|3|x,-107.0,-113.0,102.0,-122.0,,9.0,sbro,,,,,WRODRIGEZ-L,RWELLS-R,,,,,,,,
2011,2011-07-23,ATL,CIN,2.0,11.0,False,0|2|0|0|0|0|0|0|0,1|0|0|0|0|3|7|0|x,100.0,-120.0,108.0,-128.0,,8.5,sbro,,,,,DLOWE-R,HBAILEY-R,,,,,,,,
2011,2011-07-23,SDG,PHI,6.0,8.0,False,0|0|0|0|0|3|1|2|0,3|0|0|0|0|0|5|0|x,120.0,-140.0,115.0,-135.0,,8.0,sbro,,,,,MLATOS-R,KKENDRICK-R,,,,,,,,
2011,2011-07-23,STL,PIT,9.0,1.0,False,0|2|0|0|5|0|0|0|2,0|1|0|0|0|0|0|0|0,-125.0,105.0,-136.0,116.0,,7.5,sbro,,,,,JGARCIA-L,KCORREIA-R,,,,,,,,
2011,2011-07-23,NYM,MIA,5.0,8.0,False,0|0|0|0|2|0|1|0|2,0|0|0|0|0|4|3|1|x,110.0,-130.0,-102.0,-118.0,,8.5,sbro,,,,,CCAPUANO-L,CHENSLEY-R,,,,,,,,
2011,2011-07-23,COL,ARI,3.0,12.0,False,0|1|0|2|0|0|0|0|0,5|2|0|0|0|1|4|0|x,120.0,-140.0,114.0,-134.0,,8.5,sbro,,,,,JHAMMEL-R,JCOLLMENT-R,,,,,,,,
2011,2011-07-23,MIL,SFO,2.0,4.0,False,0|0|0|1|1|0|0|0|0,0|0|0|2|1|0|0|1|x,114.0,-134.0,112.0,-132.0,,7.0,sbro,,,,,RWOLF-L,VOGELSONG-R,,,,,,,,
2011,2011-07-23,WAS,LOS,6.0,7.0,False,3|0|3|0|0|0|0|0|0,1|1|3|0|0|0|1|0|1,113.0,-133.0,104.0,-124.0,,7.0,sbro,,,,,GORZELANNY-L,TLILLY-L,,,,,,,,
2011,2011-07-23,OAK,NYY,4.0,3.0,False,0|0|2|0|0|1|1|0|0,0|1|0|0|0|1|0|0|1,152.0,-172.0,169.0,-189.0,,10.0,sbro,,,,,RHARDEN-R,ABURNETT-R,,,,,,,,
2011,2011-07-23,DET,MIN,1.0,4.0,False,0|0|0|0|0|1|0|0|0,1|1|0|2|0|0|0|0|x,110.0,-130.0,108.0,-128.0,,9.0,sbro,,,,,BPENNY-R,SBAKER-R,,,,,,,,
2011,2011-07-23,LAA,BAL,2.0,3.0,False,2|0|0|0|0|0|0|0|0,0|0|0|1|2|0|0|0|x,-113.0,-107.0,-112.0,-108.0,,9.5,sbro,,,,,JPINEIRO-R,BBERGESEN-R,,,,,,,,
2011,2011-07-23,SEA,BOS,1.0,3.0,False,0|0|0|0|0|0|1|0|0,0|0|0|0|0|0|3|0|x,200.0,-240.0,250.0,-300.0,,8.5,sbro,,,,,BBEAVAN-R,JBECKETT-R,,,,,,,,
2011,2011-07-23,TAM,KAN,4.0,5.0,False,1|1|0|0|1|1|0|0|0,0|0|0|2|0|1|0|0|1,-113.0,-107.0,-118.0,-102.0,,9.0,sbro,,,,,JNIEMANN-R,JFRANCIS-L,,,,,,,,
2011,2011-07-23,TOR,TEX,4.0,5.0,False,1|0|0|0|0|3|0|0|0,0|0|1|1|1|0|0|0|2,140.0,-160.0,141.0,-161.0,,10.0,sbro,,,,,VILLANUEVA-R,MHARRISON-L,,,,,,,,
2011,2011-07-24,ATL,CIN,3.0,4.0,False,0|0|0|2|0|0|1|0|0,2|1|0|0|0|0|0|0|1,-125.0,105.0,-125.0,105.0,,9.0,sbro,,,,,BBEACHY-R,DWILLIS-L,,,,,,,,
2011,2011-07-24,NYM,MIA,4.0,5.0,False,1|0|0|0|0|1|2|0|0,1|2|0|0|0|0|0|2|x,110.0,-130.0,110.0,-130.0,,8.5,sbro,,,,,DGEE-R,ASANCHEZ-R,,,,,,,,
2011,2011-07-24,STL,PIT,3.0,4.0,False,0|1|0|0|1|1|0|0|0,0|0|1|0|1|0|1|0|0,-120.0,100.0,-114.0,-106.0,,8.0,sbro,,,,,KLOHSE-R,CMORTON-R,,,,,,,,
2011,2011-07-24,HOU,CUB,4.0,5.0,False,1|0|0|0|1|0|0|2|0,0|3|0|0|0|0|0|1|0,155.0,-175.0,148.0,-168.0,,8.5,sbro,,,,,JLYLES-R,MGARZA-R,,,,,,,,
2011,2011-07-24,MIL,SFO,1.0,2.0,False,1|0|0|0|0|0|0|0|0,0|0|1|1|0|0|0|0|x,100.0,-120.0,-110.0,-110.0,,7.0,sbro,,,,,YGALLARDO-R,MBUMGARNR-L,,,,,,,,
2011,2011-07-24,COL,ARI,0.0,7.0,False,0|0|0|0|0|0|0|0|0,0|0|2|1|2|2|0|0|x,-145.0,125.0,-130.0,110.0,,8.5,sbro,,,,,UJIMENEZ-R,MOWINGS-R,,,,,,,,
2011,2011-07-24,WAS,LOS,1.0,3.0,False,1|0|0|0|0|0|0|0|0,2|0|1|0|0|0|0|0|x,120.0,-140.0,115.0,-135.0,,7.0,sbro,,,,,JMARQUIS-R,BILLNGSLEY-R,,,,,,,,
2011,2011-07-24,SDG,PHI,3.0,5.0,False,1|0|0|2|0|0|0|0|0,2|0|3|0|0|0|0|0|x,200.0,-230.0,210.0,-250.0,,7.0,sbro,,,,,TSTAUFFER-R,RHALLADAY-R,,,,,,,,
2011,2011-07-24,CWS,CLE,4.0,2.0,False,1|0|0|0|0|2|1|0|0,0|0|0|0|1|1|0|0|0,115.0,-135.0,113.0,-133.0,,7.5,sbro,,,,,EJACKSON-R,MASTERSON-R,,,,,,,,
2011,2011-07-24,OAK,NYY,5.0,7.0,False,0|2|0|0|0|0|0|2|1,0|1|0|2|3|0|0|1|x,145.0,-165.0,143.0,-163.0,,9.0,sbro,,,,,GGONZALEZ-L,BCOLON-R,,,,,,,,
2011,2011-07-24,LAA,BAL,9.0,3.0,False,0|0|1|2|0|0|0|5|1,0|0|0|0|0|2|0|0|1,105.0,-125.0,-105.0,-115.0,,9.5,sbro,,,,,TCHATWOOD-R,JGUTHRIE-R,,,,,,,,
2011,2011-07-24,SEA,BOS,8.0,12.0,False,2|0|0|0|1|0|4|0|1,5|0|0|0|5|1|1|0|x,125.0,-145.0,135.0,-155.0,,9.0,sbro,,,,,MPINEDA-R,WAKEFIELD-R,,,,,,,,
2011,2011-07-24,TAM,KAN,5.0,0.0,False,0|0|2|0|0|2|0|1|0,0|0|0|0|0|0|0|0|0,-115.0,-105.0,-107.0,-113.0,,9.0,sbro,,,,,ACOBB-R,FPAULINO-R,,,,,,,,
2011,2011-07-24,DET,MIN,5.0,2.0,False,0|1|3|0|0|1|0|0|0,0|0|0|2|0|0|0|0|0,115.0,-135.0,-105.0,-115.0,,8.5,sbro,,,,,RPORCELLO-R,FLIRIANO-L,,,,,,,,
2011,2011-07-24,TOR,TEX,3.0,0.0,False,0|0|0|0|0|3|0|0|0,0|0|0|0|0|0|0|0|0,170.0,-200.0,180.0,-210.0,,9.5,sbro,,,,,BCECIL-L,AOGANDO-R,,,,,,,,
2011,2011-07-25,SDG,PHI,5.0,4.0,False,0|4|0|1|0|0|0|0|0,1|0|0|2|0|1|0|0|0,200.0,-230.0,210.0,-250.0,,7.5,sbro,,,,,AHARANG-R,CLEE-L,,,,,,,,
2011,2011-07-25,PIT,ATL,3.0,1.0,False,0|2|0|0|0|1|0|0|0,0|0|0|0|0|0|0|1|0,168.0,-188.0,175.0,-195.0,,7.0,sbro,,,,,JMCDONALD-R,THUDSON-R,,,,,,,,
2011,2011-07-25,NYM,CIN,4.0,2.0,False,0|0|0|0|0|0|4|0|0,0|0|0|0|0|1|1|0|0,122.0,-142.0,110.0,-130.0,,8.5,sbro,,,,,RDICKEY-R,MLEAKE-R,,,,,,,,
2011,2011-07-25,HOU,STL,5.0,10.0,False,0|1|0|0|0|0|0|4|0,0|3|0|1|4|0|0|2|x,157.0,-177.0,169.0,-189.0,,8.5,sbro,,,,,JHAPP-L,KMCCLELLA-R,,,,,,,,
2011,2011-07-25,COL,LOS,5.0,8.0,False,0|1|0|0|0|0|0|0|4,0|0|3|0|0|2|0|3|x,-107.0,-113.0,-106.0,-114.0,,7.0,sbro,,,,,JNICASIO-R,RDELARO-R,,,,,,,,
2011,2011-07-25,SEA,NYY,3.0,10.0,False,0|0|1|0|0|0|1|1|0,2|0|1|5|0|1|0|1|x,170.0,-190.0,185.0,-215.0,,9.5,sbro,,,,,JVARGAS-L,FGARCIA-R,,,,,,,,
2011,2011-07-25,LAA,CLE,2.0,3.0,False,0|0|0|0|0|0|0|2|0,1|0|0|0|0|0|0|0|2,-125.0,105.0,-132.0,112.0,,7.5,sbro,,,,,DHAREN-R,FCARMONA-R,,,,,,,,
2011,2011-07-25,KAN,BOS,3.0,1.0,False,0|0|0|0|0|1|0|0|0,0|1|0|0|0|0|0|0|0,230.0,-270.0,250.0,-300.0,,9.5,sbro,,,,,KDAVIES-R,JLESTER-L,,,,,,,,
2011,2011-07-25,MIN,TEX,6.0,20.0,False,0|0|0|1|0|0|1|3|1,3|3|3|5|4|0|2|0|x,152.0,-172.0,157.0,-177.0,,10.0,sbro,,,,,NBLACKBUR-R,DHOLLAND-L,,,,,,,,
2011,2011-07-25,DET,CWS,3.0,6.0,False,0|0|2|0|0|0|1|0|0,0|0|1|0|3|1|1|0|x,125.0,-145.0,114.0,-134.0,,9.0,sbro,,,,,DBELOW-L,MBUEHRLE-L,,,,,,,,
2011,2011-07-25,TAM,OAK,5.0,7.0,False,1|0|1|0|2|1|0|0|0,0|2|0|0|0|1|3|1|x,-109.0,-111.0,-118.0,-102.0,,7.5,sbro,,,,,JHELLICKS-R,GMOSCOSO-R,,,,,,,,
2011,2011-07-26,MIA,WAS,11.0,2.0,False,1|0|3|0|1|0|1|0|5,0|0|0|0|1|1|0|0|0,135.0,-155.0,105.0,-125.0,,7.0,sbro,,,,,RNOLASCO-R,JZIMMERMN-R,,,,,,,,
2011,2011-07-26,SFO,PHI,2.0,7.0,False,1|0|0|0|0|0|0|1|0,4|0|0|1|0|1|0|1|x,100.0,-120.0,135.0,-155.0,,8.0,sbro,,,,,BZITO-L,VWORLEY-R,,,,,,,,
2011,2011-07-26,PIT,ATL,3.0,4.0,False,2|1|0|0|0|0|0|0|0,0|0|3|0|0|0|0|0|0,160.0,-180.0,164.0,-184.0,,7.0,sbro,,,,,JKARSTENS-R,THANSON-R,,,,,,,,
2011,2011-07-26,NYM,CIN,8.0,6.0,False,2|0|2|0|0|2|2|0|0,0|0|0|1|4|0|0|1|0,145.0,-165.0,121.0,-141.0,,8.0,sbro,,,,,JNIESE-L,JCUETO-R,,,,,,,,
2011,2011-07-26,CUB,MIL,2.0,3.0,False,2|0|0|0|0|0|0|0|0,3|0|0|0|0|0|0|0|x,125.0,-145.0,123.0,-143.0,,8.0,sbro,,,,,RDEMPSTER-R,CNARVESON-L,,,,,,,,
2011,2011-07-26,HOU,STL,1.0,3.0,False,0|0|1|0|0|0|0|0|0,2|0|0|0|0|1|0|0|x,150.0,-170.0,158.0,-178.0,,8.5,sbro,,,,,BMYERS-R,WESTBROOK-R,,,,,,,,
2011,2011-07-26,ARI,SDG,6.0,1.0,False,0|0|2|0|0|2|1|0|1,0|0|0|0|0|0|0|0|1,105.0,-125.0,-101.0,-119.0,,6.5,sbro,,,,,JSAUNDERS-L,DMOSELEY-R,,,,,,,,
2011,2011-07-26,COL,LOS,2.0,3.0,False,0|0|0|0|1|0|1|0|0,0|0|0|3|0|0|0|0|x,130.0,-150.0,145.0,-165.0,,6.0,sbro,,,,,JCHACIN-R,CKERSHAW-L,,,,,,,,
2011,2011-07-26,LAA,CLE,2.0,1.0,False,0|0|0|0|0|0|2|0|0,0|0|0|0|0|0|1|0|0,-140.0,120.0,-135.0,115.0,,7.0,sbro,,,,,JERWEAVER-R,JTOMLIN-R,,,,,,,,
2011,2011-07-26,SEA,NYY,1.0,4.0,False,0|0|0|0|0|0|0|1|0,0|0|0|1|2|0|0|1|x,270.0,-320.0,270.0,-320.0,,8.0,sbro,,,,,DFISTER-R,CSABATHIA-L,,,,,,,,
2011,2011-07-26,BAL,TOR,12.0,4.0,False,0|2|2|3|3|0|0|2|0,0|0|3|1|0|0|0|0|0,160.0,-180.0,153.0,-173.0,,8.5,sbro,,,,,JARRIETA-R,BMORROW-R,,,,,,,,
2011,2011-07-26,KAN,BOS,9.0,13.0,False,2|2|0|3|0|0|0|0|2,2|0|3|1|6|0|1|0|x,170.0,-200.0,140.0,-160.0,,10.0,sbro,,,,,DDUFFY-L,AMILLER-L,,,,,,,,
2011,2011-07-26,MIN,TEX,9.0,8.0,False,0|3|0|0|3|1|0|0|2,0|2|0|5|1|0|0|0|0,180.0,-210.0,190.0,-220.0,,9.5,sbro,,,,,CPAVANO-R,CWILSON-L,,,,,,,,
2011,2011-07-26,DET,CWS,5.0,4.0,False,0|0|0|1|0|3|0|1|0,2|0|0|0|0|2|0|0|0,-155.0,135.0,-147.0,127.0,,7.0,sbro,,,,,VERLANDER-R,JPEAVY-R,,,,,,,,
2011,2011-07-26,TAM,OAK,1.0,6.0,False,0|0|0|0|0|0|0|1|0,0|0|1|1|1|1|0|2|x,-145.0,125.0,-124.0,104.0,,6.5,sbro,,,,,DPRICE-L,BMCCARTHY-R,,,,,,,,
2011,2011-07-27,MIA,WAS,7.0,5.0,False,0|1|0|2|1|0|0|1|2,0|0|0|1|0|0|0|0|4,100.0,-120.0,-108.0,-112.0,,8.5,sbro,,,,,JVAZQUEZ-R,LHERNADEZ-R,,,,,,,,
2011,2011-07-27,SFO,PHI,2.0,1.0,False,0|0|1|0|0|0|1|0|0,0|0|0|0|0|0|1|0|0,148.0,-168.0,140.0,-160.0,,7.0,sbro,,,,,MCAIN-R,CHAMELS-L,,,,,,,,
2011,2011-07-27,PIT,ATL,1.0,2.0,False,0|0|0|0|0|1|0|0|0,0|0|0|0|0|1|0|0|0,170.0,-190.0,145.0,-165.0,,7.0,sbro,,,,,PMAHOLM-L,JJURRJENS-R,,,,,,,,
2011,2011-07-27,NYM,CIN,8.0,2.0,False,2|0|0|0|2|1|3|0|0,0|0|0|1|0|0|1|0|0,110.0,-130.0,126.0,-146.0,,9.5,sbro,,,,,MPELFREY-R,BARROYO-R,,,,,,,,
2011,2011-07-27,CUB,MIL,0.0,2.0,False,0|0|0|0|0|0|0|0|0,0|2|0|0|0|0|0|0|x,135.0,-155.0,158.0,-178.0,,8.0,sbro,,,,,CZAMBRANO-R,ZGREINKE-R,,,,,,,,
2011,2011-07-27,HOU,STL,4.0,2.0,False,0|2|0|0|0|0|0|0|2,0|0|0|1|0|1|0|0|0,170.0,-190.0,170.0,-200.0,,7.5,sbro,,,,,BNORRIS-R,CARPENTER-R,,,,,,,,
2011,2011-07-27,ARI,SDG,4.0,3.0,False,0|0|0|1|0|1|2|0|0,0|0|0|0|2|0|1|0|0,110.0,-130.0,-109.0,-111.0,,5.5,sbro,,,,,IKENNEDY-R,CLUEBKE-L,,,,,,,,
2011,2011-07-27,COL,LOS,3.0,1.0,False,0|0|0|0|1|0|1|0|1,0|0|0|0|0|0|0|0|1,150.0,-170.0,126.0,-146.0,,7.5,sbro,,,,,ACOOK-R,HKURODA-R,,,,,,,,
2011,2011-07-27,LAA,CLE,3.0,1.0,False,0|0|0|0|1|1|0|0|1,1|0|0|0|0|0|0|0|0,-115.0,-105.0,-119.0,-101.0,,8.0,sbro,,,,,ESANTANA-R,DHUFF-L,,,,,,,,
2011,2011-07-27,SEA,NYY,9.0,2.0,False,0|0|1|0|1|0|5|0|2,0|0|0|0|1|0|0|1|0,130.0,-150.0,122.0,-142.0,,8.5,sbro,,,,,FHERNANDZ-R,PHUGHES-R,,,,,,,,
2011,2011-07-27,DET,CWS,1.0,2.0,False,0|0|0|0|0|0|1|0|0,0|2|0|0|0|0|0|0|x,105.0,-125.0,-110.0,-110.0,,8.5,sbro,,,,,MSCHERZER-R,JDANKS-L,,,,,,,,
2011,2011-07-27,BAL,TOR,0.0,3.0,False,0|0|0|0|0|0|0|0|0,1|1|0|1|0|0|0|0|x,160.0,-180.0,151.0,-171.0,,8.5,sbro,,,,,ASIMON-R,RROMERO-L,,,,,,,,
2011,2011-07-27,KAN,BOS,5.0,12.0,False,3|0|0|0|1|0|0|1|0,2|3|0|5|0|1|0|1|x,170.0,-190.0,175.0,-195.0,,10.0,sbro,,,,,BCHEN-L,JLACKEY-R,,,,,,,,
2011,2011-07-27,MIN,TEX,7.0,2.0,False,1|0|0|1|2|0|0|0|3,0|0|0|1|0|0|0|0|1,170.0,-200.0,170.0,-200.0,,10.0,sbro,,,,,BDUENSING-L,CLEWIS-R,,,,,,,,
2011,2011-07-27,TAM,OAK,4.0,13.0,False,0|0|0|0|0|0|0|0|4,0|0|1|9|2|1|0|0|x,-130.0,110.0,-130.0,110.0,,6.5,sbro,,,,,JSHIELDS-R,TCAHILL-R,,,,,,,,
2011,2011-07-28,NYM,CIN,10.0,9.0,False,1|0|0|4|4|0|0|0|1,2|0|0|1|0|4|1|0|1,114.0,-134.0,130.0,-150.0,,8.5,sbro,,,,,CCAPUANO-L,HBAILEY-R,,,,,,,,
2011,2011-07-28,MIA,WAS,5.0,2.0,False,0|0|1|1|0|2|0|1|0,0|0|1|0|0|0|1|0|0,112.0,-132.0,130.0,-150.0,,9.0,sbro,,,,,BHAND-L,JLANNAN-L,,,,,,,,
2011,2011-07-28,CUB,MIL,2.0,4.0,False,1|0|0|0|0|1|0|0|0,2|0|1|0|1|0|0|0|x,152.0,-172.0,162.0,-182.0,,8.0,sbro,,,,,RWELLS-R,SMARCUM-R,,,,,,,,
2011,2011-07-28,ARI,SDG,3.0,4.0,False,0|2|0|0|0|1|0|0|0,0|1|0|1|0|2|0|0|x,-113.0,-107.0,-107.0,-113.0,,6.0,sbro,,,,,DHUDSON-R,MLATOS-R,,,,,,,,
2011,2011-07-28,SFO,PHI,4.0,1.0,False,0|1|0|1|0|0|2|0|0,0|0|0|0|0|0|1|0|0,-115.0,-105.0,-123.0,103.0,,7.5,sbro,,,,,TLINCECUM-R,KKENDRICK-R,,,,,,,,
2011,2011-07-28,PIT,ATL,5.0,2.0,False,0|1|0|0|2|0|0|0|2,1|0|0|0|0|1|0|0|0,134.0,-154.0,138.0,-158.0,,7.5,sbro,,,,,KCORREIA-R,DLOWE-R,,,,,,,,
2011,2011-07-28,HOU,STL,5.0,3.0,False,1|0|0|2|1|1|0|0|0,0|2|1|0|0|0|0|0|0,165.0,-185.0,175.0,-195.0,,7.5,sbro,,,,,WRODRIGEZ-L,JGARCIA-L,,,,,,,,
2011,2011-07-28,LAA,DET,12.0,7.0,False,0|3|0|4|0|0|5|0|0,0|1|1|4|0|0|0|1|0,100.0,-120.0,113.0,-133.0,,9.5,sbro,,,,,JPINEIRO-R,BPENNY-R,,,,,,,,
2011,2011-07-28,KAN,BOS,4.0,3.0,False,0|0|0|4|0|0|0|0|0,0|0|2|0|0|0|0|1|0,230.0,-270.0,250.0,-290.0,,9.0,sbro,,,,,LHOCHEVAR-R,JBECKETT-R,,,,,,,,
2011,2011-07-28,TAM,OAK,10.0,8.0,False,0|0|0|0|0|2|7|1|0,5|0|0|0|0|0|1|1|1,103.0,-123.0,100.0,-120.0,,8.0,sbro,,,,,WDAVIS-R,RHARDEN-R,,,,,,,,
2011,2011-07-28,BAL,TOR,5.0,8.0,False,2|0|0|0|2|0|0|0|1,2|0|4|0|2|0|0|0|x,132.0,-152.0,147.0,-167.0,,9.0,sbro,,,,,BBERGESEN-R,VILLANUEVA-R,,,,,,,,
2011,2011-07-28,MIN,TEX,1.0,4.0,False,0|0|0|0|0|1|0|0|0,0|0|0|1|1|0|0|2|x,129.0,-149.0,135.0,-155.0,,9.5,sbro,,,,,SBAKER-R,MHARRISON-L,,,,,,,,
2011,2011-07-29,NYM,WAS,8.0,5.0,False,4|0|0|2|0|2|0|0|0,0|0|0|2|1|0|0|2|0,-114.0,-106.0,-123.0,103.0,,8.5,sbro,,,,,DGEE-R,CWANG-R,,,,,,,,
2011,2011-07-29,PIT,PHI,3.0,10.0,False,0|0|0|0|0|0|0|3|0,3|5|0|0|0|0|2|0|x,210.0,-250.0,230.0,-270.0,,7.0,sbro,,,,,CMORTON-R,RHALLADAY-R,,,,,,,,
2011,2011-07-29,SFO,CIN,3.0,4.0,False,1|0|0|0|0|1|0|1|0,2|1|0|0|0|0|0|0|0,-112.0,-108.0,-120.0,100.0,,9.0,sbro,,,,,VOGELSONG-R,DWILLIS-L,,,,,,,,
2011,2011-07-29,MIA,ATL,0.0,5.0,False,0|0|0|0|0|0|0|0|0,0|0|0|0|0|0|3|2|x,142.0,-162.0,134.0,-154.0,,8.0,sbro,,,,,CHENSLEY-R,BBEACHY-R,,,,,,,,
2011,2011-07-29,HOU,MIL,0.0,4.0,False,0|0|0|0|0|0|0|0|0,0|0|0|0|2|0|2|0|x,152.0,-172.0,155.0,-175.0,,8.5,sbro,,,,,JLYLES-R,RWOLF-L,,,,,,,,
2011,2011-07-29,CUB,STL,2.0,9.0,False,0|1|0|0|0|0|0|1|0,0|0|0|3|0|3|0|3|x,102.0,-122.0,116.0,-136.0,,7.5,sbro,,,,,MGARZA-R,EJACKSON-R,,,,,,,,
2011,2011-07-29,COL,SDG,3.0,2.0,False,0|3|0|0|0|0|0|0|0,0|0|2|0|0|0|0|0|0,101.0,-121.0,104.0,-124.0,,6.5,sbro,,,,,JHAMMEL-R,TSTAUFFER-R,,,,,,,,
2011,2011-07-29,ARI,LOS,5.0,9.0,False,0|1|0|1|1|1|1|0|0,0|0|3|2|0|1|3|0|x,-106.0,-114.0,-108.0,-112.0,,7.0,sbro,,,,,JCOLLMENT-R,TLILLY-L,,,,,,,,
2011,2011-07-29,LAA,DET,2.0,12.0,False,1|0|0|0|1|0|0|0|0,1|0|0|0|1|4|2|4|x,110.0,-130.0,120.0,-140.0,,9.0,sbro,,,,,TCHATWOOD-R,RPORCELLO-R,,,,,,,,
2011,2011-07-29,TEX,TOR,2.0,3.0,False,0|1|0|0|0|0|0|0|1,0|0|0|0|3|0|0|0|x,-130.0,110.0,-134.0,114.0,,8.5,sbro,,,,,AOGANDO-R,BCECIL-L,,,,,,,,
2011,2011-07-29,KAN,CLE,12.0,0.0,False,2|1|0|4|1|2|2|0|x,0|0|0|0|0|0|0|0|x,110.0,-130.0,108.0,-128.0,,8.5,sbro,,,,,JFRANCIS-L,CCARRASCO-R,,,,,,,,
2011,2011-07-29,BAL,NYY,4.0,2.0,False,0|2|0|1|0|1|0|0|0,0|0|0|0|0|1|0|0|1,170.0,-200.0,170.0,-200.0,,10.0,sbro,,,,,JGUTHRIE-R,ABURNETT-R,,,,,,,,
2011,2011-07-29,BOS,CWS,1.0,3.0,False,0|0|0|1|0|0|0|0|0,0|0|0|0|0|1|2|0|x,-113.0,-107.0,-106.0,-114.0,,9.0,sbro,,,,,WAKEFIELD-R,GFLOYD-R,,,,,,,,
2011,2011-07-29,MIN,OAK,9.0,5.0,False,2|0|1|0|1|1|0|4|0,2|0|0|0|0|0|0|3|0,113.0,-133.0,123.0,-143.0,,7.0,sbro,,,,,FLIRIANO-L,GGONZALEZ-L,,,,,,,,
2011,2011-07-29,TAM,SEA,8.0,0.0,False,0|8|0|0|0|0|0|0|0,0|0|0|0|0|0|0|0|0,-114.0,-106.0,-107.0,-113.0,,6.5,sbro,,,,,JNIEMANN-R,EBEDARD-L,,,,,,,,
2011,2011-07-30,CUB,STL,5.0,13.0,False,5|0|0|0|0|0|0|0|0,2|0|0|0|8|2|1|0|x,160.0,-180.0,152.0,-172.0,,8.0,sbro,,,,,RLOPEZ-R,KLOHSE-R,,,,,,,,
2011,2011-07-30,PIT,PHI,4.0,7.0,False,0|0|0|2|0|0|0|2|0,0|1|2|2|0|0|1|1|x,210.0,-250.0,210.0,-250.0,,7.0,sbro,,,,,JMCDONALD-R,CLEE-L,,,,,,,,
2011,2011-07-30,NYM,WAS,0.0,3.0,False,0|0|0|0|0|0|0|0|0,3|0|0|0|0|0|0|0|x,-120.0,100.0,-120.0,100.0,,9.0,sbro,,,,,RDICKEY-R,YMAYA-R,,,,,,,,
2011,2011-07-30,MIA,ATL,1.0,5.0,False,0|0|0|0|0|1|0|0|0,0|0|4|0|0|0|0|1|x,140.0,-160.0,112.0,-132.0,,7.0,sbro,,,,,ASANCHEZ-R,THUDSON-R,,,,,,,,
2011,2011-07-30,HOU,MIL,2.0,6.0,False,0|0|0|0|0|1|0|1|0,1|0|1|0|3|0|1|0|x,210.0,-250.0,220.0,-260.0,,8.5,sbro,,,,,JHAPP-L,YGALLARDO-R,,,,,,,,
2011,2011-07-30,SFO,CIN,2.0,7.0,False,0|1|0|0|1|0|0|0|0,5|0|0|2|0|0|0|0|x,105.0,-125.0,-108.0,-112.0,,8.0,sbro,,,,,MBUMGARNR-L,MLEAKE-R,,,,,,,,
2011,2011-07-30,COL,SDG,10.0,6.0,False,2|0|0|1|0|4|2|1|0,4|0|0|0|0|1|0|1|0,-130.0,110.0,104.0,-124.0,,7.0,sbro,,,,,UJIMENEZ-R,AHARANG-R,,,,,,,,
2011,2011-07-30,ARI,LOS,6.0,4.0,False,0|1|0|0|0|5|0|0|0,0|0|3|1|0|0|0|0|0,120.0,-140.0,118.0,-138.0,,7.5,sbro,,,,,MOWINGS-R,BILLNGSLEY-R,,,,,,,,
2011,2011-07-30,TEX,TOR,3.0,0.0,False,0|2|0|0|0|0|0|1|0,0|0|0|0|0|0|0|0|0,-130.0,110.0,-105.0,-105.0,,9.0,sbro,,,,,DHOLLAND-L,BMILLS-L,,,,,,,,
2011,2011-07-30,BAL,NYY,3.0,8.0,False,0|0|0|2|0|0|0|1|0,0|0|2|3|3|0|0|0|x,195.0,-225.0,200.0,-240.0,,9.5,sbro,,,,,CTILLMAN-R,BCOLON-R,,,,,,,,
2011,2011-07-30,TAM,SEA,2.0,3.0,False,0|0|0|1|0|1|0|0|0,2|0|0|0|0|1|0|0|x,-110.0,-110.0,-108.0,-112.0,,6.5,sbro,,,,,ACOBB-R,MPINEDA-R,,,,,,,,
2011,2011-07-30,LAA,DET,5.0,1.0,False,0|0|0|0|1|2|0|2|0,0|0|0|1|0|0|0|0|0,-140.0,120.0,-115.0,-105.0,,8.5,sbro,,,,,DHAREN-R,JTURNER-R,,,,,,,,
2011,2011-07-30,KAN,CLE,2.0,5.0,False,1|0|0|0|0|0|0|0|1,0|0|0|0|0|0|0|1|4,140.0,-160.0,131.0,-151.0,,7.5,sbro,,,,,FPAULINO-R,MASTERSON-R,,,,,,,,
2011,2011-07-30,BOS,CWS,10.0,2.0,False,0|0|0|0|4|0|0|1|5,0|0|0|0|0|0|1|1|0,-155.0,135.0,-153.0,133.0,,8.0,sbro,,,,,JLESTER-L,PHUMBER-R,,,,,,,,
2011,2011-07-30,MIN,OAK,3.0,8.0,False,1|1|0|0|0|0|0|0|1,1|2|0|0|4|1|0|0|x,120.0,-140.0,107.0,-127.0,,8.5,sbro,,,,,NBLACKBUR-R,GMOSCOSO-R,,,,,,,,
2011,2011-07-30,BAL,NYY,3.0,17.0,False,0|0|1|0|0|1|0|1|0,12|3|1|0|0|1|0|0|x,170.0,-200.0,158.0,-178.0,,10.0,sbro,,,,,ZBRITTON-L,INOVA-R,,,,,,,,
2011,2011-07-31,SFO,CIN,0.0,9.0,False,0|0|0|0|0|0|0|0|0,3|0|0|1|1|0|3|1|x,145.0,-165.0,133.0,-153.0,,8.0,sbro,,,,,BZITO-L,JCUETO-R,,,,,,,,
2011,2011-07-31,PIT,PHI,5.0,6.0,False,0|0|0|0|2|2|1|0|0,0|1|0|0|2|0|0|2|0,170.0,-200.0,166.0,-186.0,,8.0,sbro,,,,,JKARSTENS-R,VWORLEY-R,,,,,,,,
2011,2011-07-31,MIA,ATL,3.0,1.0,False,0|1|1|0|1|0|0|0|0,1|0|0|0|0|0|0|0|0,155.0,-175.0,130.0,-150.0,,7.5,sbro,,,,,RNOLASCO-R,THANSON-R,,,,,,,,
2011,2011-07-31,NYM,WAS,2.0,3.0,False,0|0|0|0|0|0|1|0|1,0|0|0|0|0|2|0|0|1,110.0,-130.0,-102.0,-118.0,,8.0,sbro,,,,,JNIESE-L,JZIMMERMN-R,,,,,,,,
2011,2011-07-31,HOU,MIL,4.0,5.0,False,0|0|0|3|0|0|0|1|0,0|2|0|1|0|1|0|1|x,170.0,-200.0,169.0,-189.0,,8.5,sbro,,,,,BMYERS-R,CNARVESON-L,,,,,,,,
2011,2011-07-31,CUB,STL,6.0,3.0,False,0|0|0|0|0|4|0|0|2,0|0|0|0|0|3|0|0|0,130.0,-150.0,139.0,-159.0,,8.0,sbro,,,,,RDEMPSTER-R,WESTBROOK-R,,,,,,,,
2011,2011-07-31,COL,SDG,3.0,8.0,False,0|1|1|0|1|0|0|0|0,0|0|0|1|0|1|0|6|x,100.0,-120.0,-107.0,-113.0,,7.0,sbro,,,,,JNICASIO-R,WLEBLANC-L,,,,,,,,
2011,2011-07-31,ARI,LOS,6.0,3.0,False,0|2|0|1|1|0|0|2|0,0|0|0|1|0|0|0|1|1,100.0,-120.0,105.0,-125.0,,7.5,sbro,,,,,JSAUNDERS-L,RDELARO-R,,,,,,,,
2011,2011-07-31,LAA,DET,2.0,3.0,False,0|0|0|0|0|0|0|2|0,0|0|2|0|0|0|1|0|x,110.0,-130.0,123.0,-143.0,,6.5,sbro,,,,,JERWEAVER-R,VERLANDER-R,,,,,,,,
2011,2011-07-31,TEX,TOR,3.0,7.0,False,0|0|0|0|0|2|0|1|0,2|1|1|3|0|0|0|0|x,-125.0,105.0,-106.0,-114.0,,8.0,sbro,,,,,CWILSON-L,BMORROW-R,,,,,,,,
2011,2011-07-31,KAN,CLE,5.0,3.0,False,0|1|0|1|1|0|0|1|1,0|0|0|0|2|0|0|1|0,130.0,-150.0,103.0,-123.0,,9.0,sbro,,,,,DDUFFY-L,FCARMONA-R,,,,,,,,
2011,2011-07-31,BAL,NYY,2.0,4.0,False,0|0|1|0|0|1|0|0|0,0|0|0|4|0|0|0|0|x,170.0,-190.0,180.0,-210.0,,10.0,sbro,,,,,JARRIETA-R,FGARCIA-R,,,,,,,,
2011,2011-07-31,BOS,CWS,5.0,3.0,False,0|2|0|0|0|0|2|0|1,0|1|1|1|0|0|0|0|0,100.0,-120.0,-101.0,-119.0,,10.0,sbro,,,,,AMILLER-L,MBUEHRLE-L,,,,,,,,
2011,2011-07-31,MIN,OAK,3.0,7.0,False,2|0|1|0|0|0|0|0|0,0|0|6|1|0|0|0|0|x,125.0,-145.0,120.0,-140.0,,8.0,sbro,,,,,CPAVANO-R,BMCCARTHY-R,,,,,,,,
2011,2011-07-31,TAM,SEA,8.0,1.0,False,1|0|1|2|1|2|0|1|0,0|0|0|0|0|0|1|0|0,-125.0,105.0,-127.0,107.0,,7.0,sbro,,,,,JHELLICKS-R,JVARGAS-L,,,,,,,,
2011,2011-08-01,ATL,WAS,3.0,5.0,False,0|1|0|0|0|0|1|0|1,1|1|0|0|1|2|0|0|x,-138.0,118.0,-142.0,122.0,,8.0,sbro,,,,,JJURRJENS-R,LHERNADEZ-R,,,,,,,,
2011,2011-08-01,CUB,PIT,5.0,3.0,False,0|0|1|0|0|3|0|0|1,0|0|0|1|0|0|0|2|0,114.0,-134.0,115.0,-135.0,,7.5,sbro,,,,,CZAMBRANO-R,PMAHOLM-L,,,,,,,,
2011,2011-08-01,MIA,NYM,7.0,3.0,False,1|0|1|1|0|0|0|0|0,0|0|0|1|0|0|0|0|2,-103.0,-117.0,-113.0,-107.0,,8.0,sbro,,,,,JVAZQUEZ-R,MPELFREY-R,,,,,,,,
2011,2011-08-01,CIN,HOU,3.0,4.0,False,0|0|2|0|1|0|0|0|0,0|3|0|0|0|0|0|0|0,-120.0,100.0,-137.0,117.0,,8.0,sbro,,,,,BARROYO-R,BNORRIS-R,,,,,,,,
2011,2011-08-01,STL,MIL,2.0,6.0,False,2|0|0|0|0|0|0|0|0,0|0|0|0|5|0|1|0|x,-103.0,-117.0,109.0,-129.0,,7.5,sbro,,,,,CARPENTER-R,ZGREINKE-R,,,,,,,,
2011,2011-08-01,PHI,COL,4.0,3.0,False,0|0|0|0|0|0|1|0|2,0|2|0|0|0|0|1|0|0,-130.0,110.0,-150.0,130.0,,8.0,sbro,,,,,CHAMELS-L,JCHACIN-R,,,,,,,,
2011,2011-08-01,LOS,SDG,6.0,2.0,False,0|1|0|1|2|0|0|2|0,1|0|0|0|0|0|1|0|0,-124.0,104.0,-124.0,104.0,,5.5,sbro,,,,,CKERSHAW-L,CLUEBKE-L,,,,,,,,
2011,2011-08-01,ARI,SFO,5.0,2.0,False,0|0|0|0|0|5|0|0|0,1|0|0|0|0|0|1|0|0,110.0,-130.0,116.0,-136.0,,6.0,sbro,,,,,IKENNEDY-R,MCAIN-R,,,,,,,,
2011,2011-08-01,CLE,BOS,9.0,6.0,False,0|0|1|1|0|3|0|3|1,0|1|2|0|0|2|0|0|1,140.0,-160.0,167.0,-187.0,,10.5,sbro,,,,,JTOMLIN-R,JLACKEY-R,,,,,,,,
2011,2011-08-01,NYY,CWS,3.0,2.0,False,2|0|1|0|0|0|0|0|0,0|0|0|2|0|0|0|0|0,-159.0,139.0,-181.0,161.0,,7.5,sbro,,,,,CSABATHIA-L,JPEAVY-R,,,,,,,,
2011,2011-08-01,OAK,SEA,4.0,8.0,False,0|0|1|0|0|0|2|0|1,0|5|0|1|1|0|1|0|x,-110.0,-110.0,-128.0,108.0,,7.0,sbro,,,,,TCAHILL-R,BBEAVAN-R,,,,,,,,
2011,2011-08-02,CUB,PIT,11.0,6.0,False,1|4|3|2|0|0|1|0|0,2|0|0|0|0|0|0|3|1,135.0,-155.0,119.0,-139.0,,8.5,sbro,,,,,RWELLS-R,KCORREIA-R,,,,,,,,
2011,2011-08-02,ATL,WAS,3.0,9.0,False,0|0|2|1|0|0|0|0|0,0|1|0|5|2|1|0|0|x,-120.0,100.0,-110.0,-110.0,,8.5,sbro,,,,,DLOWE-R,JLANNAN-L,,,,,,,,
2011,2011-08-02,MIA,NYM,4.0,3.0,False,1|0|0|0|1|0|0|0|2,0|0|1|0|1|1|0|0|0,115.0,-135.0,115.0,-135.0,,8.5,sbro,,,,,BHAND-L,CCAPUANO-L,,,,,,,,
2011,2011-08-02,CIN,HOU,5.0,1.0,False,0|0|0|0|5|0|0|0|0,0|0|0|0|1|0|0|0|0,-125.0,105.0,-129.0,109.0,,7.5,sbro,,,,,HBAILEY-R,WRODRIGEZ-L,,,,,,,,
2011,2011-08-02,STL,MIL,8.0,7.0,False,0|1|0|5|0|0|1|0|0,2|1|0|0|4|0|0|0|0,120.0,-140.0,-106.0,-114.0,,7.5,sbro,,,,,JGARCIA-L,SMARCUM-R,,,,,,,,
2011,2011-08-02,PHI,COL,5.0,0.0,False,2|0|0|2|0|0|0|1|0,0|0|0|0|0|0|0|0|0,-120.0,100.0,-115.0,-105.0,,10.5,sbro,,,,,KKENDRICK-R,ACOOK-R,,,,,,,,
2011,2011-08-02,LOS,SDG,1.0,0.0,False,0|0|0|1|0|0|0|0|0,0|0|0|0|0|0|0|0|0,-110.0,-110.0,-108.0,-112.0,,6.0,sbro,,,,,HKURODA-R,MLATOS-R,,,,,,,,
2011,2011-08-02,ARI,SFO,6.0,1.0,False,0|0|0|0|2|0|0|2|2,0|0|0|1|0|0|0|0|0,140.0,-160.0,149.0,-169.0,,6.0,sbro,,,,,DHUDSON-R,TLINCECUM-R,,,,,,,,
2011,2011-08-02,TEX,DET,5.0,6.0,False,0|0|0|1|1|0|0|3|0,0|1|1|1|2|0|0|1|x,100.0,-120.0,-102.0,-118.0,,9.0,sbro,,,,,CLEWIS-R,MSCHERZER-R,,,,,,,,
2011,2011-08-02,CLE,BOS,2.0,3.0,False,1|0|0|1|0|0|0|0|0,0|1|0|0|0|1|0|0|1,200.0,-240.0,220.0,-260.0,,9.0,sbro,,,,,DHUFF-L,JBECKETT-R,,,,,,,,
2011,2011-08-02,TOR,TAM,3.0,1.0,False,0|0|0|1|0|1|1|0|0,0|0|0|0|0|1|0|0|0,125.0,-145.0,121.0,-141.0,,7.5,sbro,,,,,RROMERO-L,DPRICE-L,,,,,,,,
2011,2011-08-02,NYY,CWS,4.0,0.0,False,1|1|2|0|0|0|x|x|x,0|0|0|0|0|0|x|x|x,-110.0,-110.0,-107.0,-113.0,,9.0,sbro,,,,,PHUGHES-R,JDANKS-L,,,,,,,,
2011,2011-08-02,BAL,KAN,8.0,2.0,False,0|0|2|0|1|1|0|0|4,1|0|0|0|0|0|0|1|0,115.0,-135.0,125.0,-145.0,,9.5,sbro,,,,,ASIMON-R,BCHEN-L,,,,,,,,
2011,2011-08-02,MIN,LAA,1.0,5.0,False,0|0|0|1|0|0|0|0|0,0|0|1|3|1|0|0|0|x,150.0,-170.0,132.0,-152.0,,8.0,sbro,,,,,BDUENSING-L,ESANTANA-R,,,,,,,,
2011,2011-08-02,OAK,SEA,2.0,4.0,False,0|0|0|0|0|0|2|0|0,2|0|0|0|0|2|0|0|x,145.0,-165.0,126.0,-146.0,,6.5,sbro,,,,,RHARDEN-R,FHERNANDZ-R,,,,,,,,
2011,2011-08-03,ATL,WAS,6.0,4.0,False,2|0|0|0|4|0|0|0|0,0|0|0|0|0|4|0|0|0,-170.0,150.0,-147.0,127.0,,8.5,sbro,,,,,BBEACHY-R,CWANG-R,,,,,,,,
2011,2011-08-03,STL,MIL,5.0,10.0,False,1|3|0|0|0|1|0|0|0,3|0|2|0|2|2|1|0|x,110.0,-130.0,-108.0,-112.0,,8.5,sbro,,,,,EJACKSON-R,RWOLF-L,,,,,,,,
2011,2011-08-03,PHI,COL,8.0,6.0,False,1|4|0|1|0|2|0|0|0,2|1|1|0|1|0|0|1|0,-200.0,170.0,-195.0,175.0,,8.0,sbro,,,,,RHALLADAY-R,JHAMMEL-R,,,,,,,,
2011,2011-08-03,ARI,SFO,1.0,8.0,False,0|0|0|0|0|0|1|0|0,0|0|4|0|4|0|0|0|x,130.0,-150.0,144.0,-164.0,,7.0,sbro,,,,,JMARQUIS-R,VOGELSONG-R,,,,,,,,
2011,2011-08-03,CUB,PIT,1.0,0.0,False,0|0|0|0|0|0|0|1|0,0|0|0|0|0|0|0|0|0,-115.0,-105.0,-108.0,-112.0,,7.5,sbro,,,,,MGARZA-R,CMORTON-R,,,,,,,,
2011,2011-08-03,CIN,HOU,4.0,5.0,False,0|0|0|0|1|1|1|0|1,2|0|0|0|0|0|2|1|x,-135.0,115.0,-140.0,120.0,,8.5,sbro,,,,,DWILLIS-L,JLYLES-R,,,,,,,,
2011,2011-08-03,LOS,SDG,0.0,3.0,False,0|0|0|0|0|0|0|0|0,0|0|0|0|0|1|1|1|x,115.0,-135.0,105.0,-125.0,,6.5,sbro,,,,,TLILLY-L,TSTAUFFER-R,,,,,,,,
2011,2011-08-03,OAK,SEA,4.0,7.0,False,0|0|0|0|1|0|0|0|3,0|0|0|2|2|0|2|1|x,-140.0,120.0,-149.0,129.0,,7.0,sbro,,,,,GGONZALEZ-L,CFURBUSH-L,,,,,,,,
2011,2011-08-03,TEX,DET,4.0,5.0,False,0|0|0|2|1|0|0|0|1,0|2|1|0|0|1|0|1|x,-125.0,105.0,-107.0,-113.0,,9.0,sbro,,,,,MHARRISON-L,DFISTER-R,,,,,,,,
2011,2011-08-03,CLE,BOS,3.0,4.0,False,0|0|0|2|0|0|1|0|0,2|0|0|1|0|0|0|0|1,170.0,-190.0,155.0,-175.0,,10.5,sbro,,,,,CCARRASCO-R,WAKEFIELD-R,,,,,,,,
2011,2011-08-03,TOR,TAM,1.0,9.0,False,0|0|1|0|0|0|0|0|0,0|4|4|0|0|0|1|0|x,140.0,-160.0,137.0,-157.0,,7.5,sbro,,,,,VILLANUEVA-R,JSHIELDS-R,,,,,,,,
2011,2011-08-03,BAL,KAN,2.0,6.0,False,1|0|1|0|0|0|0|0|0,1|2|0|0|0|0|3|0|x,105.0,-125.0,-105.0,-115.0,,9.0,sbro,,,,,JGUTHRIE-R,LHOCHEVAR-R,,,,,,,,
2011,2011-08-03,NYY,CWS,18.0,7.0,False,4|2|7|0|0|0|4|1|0,1|0|0|5|1|0|0|0|0,-120.0,100.0,-108.0,-112.0,,8.5,sbro,,,,,ABURNETT-R,GFLOYD-R,,,,,,,,
2011,2011-08-03,MIN,LAA,11.0,4.0,False,1|2|0|1|4|0|1|0|2,0|0|4|0|0|0|0|0|0,100.0,-120.0,-107.0,-113.0,,8.0,sbro,,,,,SBAKER-R,JPINEIRO-R,,,,,,,,
2011,2011-08-04,CUB,PIT,7.0,6.0,False,0|0|1|3|0|0|0|3|0,0|0|0|6|0|0|0|0|0,135.0,-155.0,135.0,-155.0,,8.0,sbro,,,,,RLOPEZ-R,JMCDONALD-R,,,,,,,,
2011,2011-08-04,STL,MIA,7.0,4.0,False,3|0|3|1|0|0|0|0|0,3|0|0|0|0|0|0|1|0,100.0,-120.0,-110.0,-110.0,,8.5,sbro,,,,,KLOHSE-R,CHENSLEY-R,,,,,,,,
2011,2011-08-04,WAS,COL,3.0,6.0,False,1|0|0|0|0|0|0|0|2,0|0|0|1|1|1|0|3|x,120.0,-140.0,112.0,-132.0,,10.5,sbro,,,,,RDETWILER-L,EROGERS-R,,,,,,,,
2011,2011-08-04,PHI,SFO,3.0,0.0,False,0|2|0|0|0|0|0|0|1,0|0|0|0|0|0|0|0|0,-145.0,125.0,-133.0,113.0,,6.0,sbro,,,,,CLEE-L,MBUMGARNR-L,,,,,,,,
2011,2011-08-04,TOR,TAM,6.0,7.0,False,2|0|0|0|0|0|0|1|0,0|0|0|0|3|0|0|0|0,100.0,-120.0,-108.0,-112.0,,8.5,sbro,,,,,BCECIL-L,WDAVIS-R,,,,,,,,
2011,2011-08-04,TEX,DET,5.0,2.0,False,0|1|0|3|0|0|1|0|0,0|0|0|0|0|0|2|0|0,-145.0,125.0,-149.0,129.0,,8.5,sbro,,,,,AOGANDO-R,BPENNY-R,,,,,,,,
2011,2011-08-04,CLE,BOS,7.0,3.0,False,0|2|1|0|0|2|1|0|1,2|0|0|1|0|0|0|0|0,150.0,-170.0,138.0,-158.0,,9.0,sbro,,,,,MASTERSON-R,EBEDARD-L,,,,,,,,
2011,2011-08-04,NYY,CWS,7.0,2.0,False,0|1|0|0|0|1|2|0|3,0|0|1|0|0|0|0|0|1,-120.0,100.0,-114.0,-106.0,,9.0,sbro,,,,,INOVA-R,PHUMBER-R,,,,,,,,
2011,2011-08-04,BAL,KAN,4.0,9.0,False,0|0|1|1|1|1|0|0|0,3|0|0|0|0|6|0|0|x,125.0,-145.0,112.0,-132.0,,9.0,sbro,,,,,ZBRITTON-L,JFRANCIS-L,,,,,,,,
2011,2011-08-04,MIN,LAA,1.0,7.0,False,0|0|0|0|0|0|0|1|0,0|2|3|1|1|0|0|0|x,100.0,-120.0,144.0,-164.0,,7.5,sbro,,,,,FLIRIANO-L,DHAREN-R,,,,,,,,
2011,2011-08-05,CIN,CUB,3.0,4.0,False,0|0|0|2|0|0|0|1|0,2|1|0|0|0|0|1|0|x,-130.0,110.0,-109.0,-111.0,,8.0,sbro,,,,,MLEAKE-R,RDEMPSTER-R,,,,,,,,
2011,2011-08-05,SDG,PIT,15.0,5.0,False,0|2|1|6|1|0|3|2|0,2|1|1|0|0|0|1|0|0,135.0,-155.0,115.0,-135.0,,7.5,sbro,,,,,AHARANG-R,JKARSTENS-R,,,,,,,,
2011,2011-08-05,ATL,NYM,4.0,1.0,False,0|0|2|0|0|0|0|2|0,1|0|0|0|0|0|0|0|0,-120.0,100.0,-117.0,-103.0,,7.5,sbro,,,,,THUDSON-R,RDICKEY-R,,,,,,,,
2011,2011-08-05,STL,MIA,3.0,2.0,False,0|0|0|2|0|0|0|1|0,0|0|1|1|0|0|0|0|0,120.0,-140.0,-108.0,-112.0,,8.5,sbro,,,,,WESTBROOK-R,ASANCHEZ-R,,,,,,,,
2011,2011-08-05,MIL,HOU,8.0,1.0,False,3|0|3|0|0|1|0|0|1,0|1|0|0|0|0|0|0|0,-200.0,170.0,-210.0,180.0,,8.0,sbro,,,,,YGALLARDO-R,JHAPP-L,,,,,,,,
2011,2011-08-05,WAS,COL,5.0,3.0,False,2|0|0|1|1|0|0|0|1,0|0|0|0|0|3|0|0|0,110.0,-130.0,111.0,-131.0,,9.0,sbro,,,,,JZIMMERMN-R,JNICASIO-R,,,,,,,,
2011,2011-08-05,LOS,ARI,7.0,4.0,False,0|0|6|0|0|0|0|1|0,0|0|0|0|0|1|2|1|0,120.0,-140.0,113.0,-133.0,,8.5,sbro,,,,,BILLNGSLEY-R,JCOLLMENT-R,,,,,,,,
2011,2011-08-05,PHI,SFO,9.0,2.0,False,0|0|0|4|1|3|1|0|0,1|0|0|0|1|0|0|0|0,-125.0,105.0,-112.0,-108.0,,7.0,sbro,,,,,VWORLEY-R,JSANCHEZ-L,,,,,,,,
2011,2011-08-05,TOR,BAL,5.0,4.0,False,0|2|2|0|0|0|0|1|0,2|0|0|0|0|1|0|0|1,-120.0,100.0,-112.0,-108.0,,9.5,sbro,,,,,BMILLS-L,THUNTER-R,,,,,,,,
2011,2011-08-05,NYY,BOS,3.0,2.0,False,0|0|0|0|0|3|0|0|0,0|0|1|1|0|0|0|0|0,145.0,-165.0,128.0,-148.0,,9.0,sbro,,,,,BCOLON-R,JLESTER-L,,,,,,,,
2011,2011-08-05,OAK,TAM,4.0,8.0,False,0|0|0|0|0|2|0|0|2,0|0|0|1|3|3|0|1|x,130.0,-150.0,151.0,-171.0,,8.5,sbro,,,,,GMOSCOSO-R,JNIEMANN-R,,,,,,,,
2011,2011-08-05,CLE,TEX,7.0,8.0,False,3|3|1|0|0|0|0|0|0,1|1|1|0|0|2|0|0|2,115.0,-135.0,133.0,-153.0,,9.0,sbro,,,,,UJIMENEZ-R,DHOLLAND-L,,,,,,,,
2011,2011-08-05,CWS,MIN,5.0,3.0,False,1|0|1|0|2|0|0|1|0,3|0|0|0|0|0|0|0|0,-120.0,100.0,-107.0,-113.0,,8.5,sbro,,,,,MBUEHRLE-L,NBLACKBUR-R,,,,,,,,
2011,2011-08-05,DET,KAN,4.0,3.0,False,2|0|0|0|1|0|0|0|0,0|0|0|0|0|0|3|0|0,-120.0,100.0,-106.0,-114.0,,9.0,sbro,,,,,RPORCELLO-R,FPAULINO-R,,,,,,,,
2011,2011-08-05,SEA,LAA,0.0,1.0,False,0|0|0|0|0|0|0|0|0,0|0|0|0|0|0|0|0|0,200.0,-240.0,220.0,-260.0,,6.5,sbro,,,,,JVARGAS-L,JERWEAVER-R,,,,,,,,
2011,2011-08-06,CIN,CUB,4.0,11.0,False,0|0|2|0|0|1|0|0|1,0|0|2|3|5|1|0|0|x,-150.0,130.0,-126.0,106.0,,7.5,sbro,,,,,JCUETO-R,CZAMBRANO-R,,,,,,,,
2011,2011-08-06,PHI,SFO,2.0,1.0,False,2|0|0|0|0|0|0|0|0,0|0|0|0|0|0|0|0|1,-135.0,115.0,-122.0,102.0,,6.5,sbro,,,,,CHAMELS-L,MCAIN-R,,,,,,,,
2011,2011-08-06,MIL,HOU,7.0,5.0,False,3|0|2|0|0|1|0|0|1,0|1|3|0|0|0|0|0|1,-155.0,135.0,-148.0,128.0,,8.5,sbro,,,,,CNARVESON-L,BMYERS-R,,,,,,,,
2011,2011-08-06,SDG,PIT,13.0,2.0,False,0|2|0|3|0|0|6|2|0,0|0|0|1|0|0|0|1|0,110.0,-130.0,-110.0,-110.0,,7.5,sbro,,,,,CLUEBKE-L,PMAHOLM-L,,,,,,,,
2011,2011-08-06,STL,MIA,2.0,1.0,False,2|0|0|0|0|0|0|0|0,0|0|0|1|0|0|0|0|0,-130.0,110.0,-127.0,107.0,,7.5,sbro,,,,,CARPENTER-R,RNOLASCO-R,,,,,,,,
2011,2011-08-06,ATL,NYM,7.0,11.0,False,0|0|5|0|0|0|1|0|1,2|0|2|3|0|0|3|1|x,-130.0,110.0,-108.0,-112.0,,7.5,sbro,,,,,THANSON-R,JNIESE-L,,,,,,,,
2011,2011-08-06,WAS,COL,7.0,15.0,False,0|0|0|2|1|4|0|0|0,0|0|4|5|0|1|3|2|x,160.0,-180.0,147.0,-167.0,,9.0,sbro,,,,,LHERNADEZ-R,JCHACIN-R,,,,,,,,
2011,2011-08-06,LOS,ARI,5.0,3.0,False,0|1|1|0|0|2|1|0|0,0|2|0|0|0|0|0|1|0,126.0,-146.0,126.0,-146.0,,9.5,sbro,,,,,NEOVALDI-R,JSAUNDERS-L,,,,,,,,
2011,2011-08-06,NYY,BOS,4.0,10.0,False,0|0|0|2|1|0|0|1|0,0|0|2|5|0|0|0|3|x,-165.0,145.0,-153.0,133.0,,9.5,sbro,,,,,CSABATHIA-L,JLACKEY-R,,,,,,,,
2011,2011-08-06,TOR,BAL,2.0,6.0,False,0|1|0|0|0|1|0|0|0,0|0|0|0|0|4|0|2|x,-150.0,130.0,-142.0,122.0,,9.5,sbro,,,,,BMORROW-R,CTILLMAN-R,,,,,,,,
2011,2011-08-06,CWS,MIN,6.0,1.0,False,0|0|0|0|2|0|0|0|4,0|0|0|0|0|1|0|0|0,-120.0,100.0,108.0,-128.0,,9.0,sbro,,,,,ZSTEWART-R,CPAVANO-R,,,,,,,,
2011,2011-08-06,DET,KAN,4.0,3.0,False,2|0|1|0|0|0|1|0|0,0|0|0|0|1|0|2|0|0,-200.0,170.0,-183.0,163.0,,7.5,sbro,,,,,VERLANDER-R,DDUFFY-L,,,,,,,,
2011,2011-08-06,OAK,TAM,8.0,0.0,False,0|2|1|1|1|0|0|2|1,0|0|0|0|0|0|0|0|0,140.0,-160.0,115.0,-135.0,,8.0,sbro,,,,,BMCCARTHY-R,ACOBB-R,,,,,,,,
2011,2011-08-06,CLE,TEX,7.0,5.0,False,0|0|0|0|0|0|3|0|4,0|0|0|0|0|0|4|0|1,180.0,-210.0,180.0,-210.0,,10.0,sbro,,,,,FCARMONA-R,CWILSON-L,,,,,,,,
2011,2011-08-06,SEA,LAA,5.0,1.0,False,2|0|2|0|0|0|1|0|0,0|0|0|0|0|0|1|0|0,130.0,-150.0,128.0,-148.0,,7.5,sbro,,,,,BBEAVAN-R,TCHATWOOD-R,,,,,,,,
2011,2011-08-07,ATL,NYM,6.0,5.0,False,0|1|0|1|3|0|0|0|1,0|2|0|0|0|2|1|0|0,103.0,-123.0,-102.0,-118.0,,8.0,sbro,,,,,MMINOR-L,DGEE-R,,,,,,,,
2011,2011-08-07,STL,MIA,8.0,4.0,False,0|0|0|1|0|3|3|0|1,0|0|1|0|1|2|0|0|0,-124.0,104.0,-123.0,103.0,,8.5,sbro,,,,,JGARCIA-L,JVAZQUEZ-R,,,,,,,,
2011,2011-08-07,SDG,PIT,7.0,3.0,False,0|1|0|0|0|3|1|2|0,0|0|0|0|0|0|0|3|0,-114.0,-106.0,-110.0,-110.0,,7.5,sbro,,,,,MLATOS-R,KCORREIA-R,,,,,,,,
2011,2011-08-07,MIL,HOU,7.0,3.0,False,2|0|2|0|2|0|1|0|0,0|0|0|0|0|1|0|2|0,-166.0,146.0,-168.0,148.0,,7.0,sbro,,,,,ZGREINKE-R,BNORRIS-R,,,,,,,,
2011,2011-08-07,CIN,CUB,8.0,7.0,False,0|1|0|3|2|0|0|2|0,0|0|2|0|0|2|3|0|0,-113.0,-107.0,-105.0,-105.0,,10.0,sbro,,,,,BARROYO-R,RWELLS-R,,,,,,,,
2011,2011-08-07,WAS,COL,3.0,2.0,False,0|2|0|0|0|0|0|1|0,0|0|0|0|0|0|2|0|0,-103.0,-117.0,100.0,-120.0,,10.5,sbro,,,,,JLANNAN-L,ACOOK-R,,,,,,,,
2011,2011-08-07,PHI,SFO,1.0,3.0,False,0|0|1|0|0|0|0|0|0,0|0|0|1|1|1|0|0|x,117.0,-137.0,123.0,-143.0,,6.5,sbro,,,,,ROSWALT-R,TLINCECUM-R,,,,,,,,
2011,2011-08-07,LOS,ARI,3.0,4.0,False,0|0|0|0|1|2|0|0|0,2|0|0|0|0|0|2|0|x,-111.0,-109.0,-105.0,-105.0,,7.0,sbro,,,,,CKERSHAW-L,IKENNEDY-R,,,,,,,,
2011,2011-08-07,TOR,BAL,7.0,2.0,False,0|0|2|3|0|1|0|1|0,0|0|0|0|1|0|1|0|0,-133.0,113.0,-142.0,122.0,,8.5,sbro,,,,,RROMERO-L,ASIMON-R,,,,,,,,
2011,2011-08-07,OAK,TAM,5.0,4.0,False,0|0|0|1|3|0|0|0|0,0|0|1|2|0|0|1|0|0,152.0,-172.0,148.0,-168.0,,7.5,sbro,,,,,TCAHILL-R,DPRICE-L,,,,,,,,
2011,2011-08-07,DET,KAN,3.0,4.0,False,0|0|0|0|0|3|0|0|0,0|0|0|3|1|0|0|0|x,-125.0,105.0,-125.0,105.0,,9.0,sbro,,,,,MSCHERZER-R,BCHEN-L,,,,,,,,
2011,2011-08-07,CWS,MIN,7.0,0.0,False,0|1|0|3|0|0|2|1|0,0|0|0|0|0|0|0|0|0,-115.0,-105.0,-106.0,-114.0,,8.5,sbro,,,,,JPEAVY-R,BDUENSING-L,,,,,,,,
2011,2011-08-07,SEA,LAA,1.0,2.0,False,0|0|0|0|0|0|0|0|1,0|0|1|0|0|0|1|0|x,-103.0,-117.0,105.0,-125.0,,6.5,sbro,,,,,FHERNANDZ-R,ESANTANA-R,,,,,,,,
2011,2011-08-07,CLE,TEX,3.0,5.0,False,0|1|0|0|1|0|0|1|0,0|0|0|0|0|0|0|5|x,152.0,-172.0,144.0,-164.0,,9.5,sbro,,,,,JTOMLIN-R,CLEWIS-R,,,,,,,,
2011,2011-08-07,NYY,BOS,2.0,3.0,False,0|0|0|0|1|0|1|0|0,0|1|0|0|0|0|0|0|1,135.0,-155.0,140.0,-160.0,,9.0,sbro,,,,,FGARCIA-R,JBECKETT-R,,,,,,,,
2011,2011-08-08,ATL,MIA,8.0,5.0,False,0|4|0|0|3|1|0|0|0,0|0|2|0|0|0|0|1|2,-108.0,-112.0,-113.0,-107.0,,8.5,sbro,,,,,DLOWE-R,BHAND-L,,,,,,,,
2011,2011-08-08,COL,CIN,10.0,7.0,False,0|2|3|0|2|0|0|2|1,3|0|3|0|0|0|1|0|0,139.0,-159.0,119.0,-139.0,,9.0,sbro,,,,,JHAMMEL-R,HBAILEY-R,,,,,,,,
2011,2011-08-08,SDG,NYM,8.0,9.0,False,1|0|0|0|0|3|0|4|0,1|1|2|0|0|0|0|2|3,-110.0,-110.0,-109.0,-111.0,,7.0,sbro,,,,,TSTAUFFER-R,MPELFREY-R,,,,,,,,
2011,2011-08-08,HOU,ARI,9.0,1.0,False,5|2|0|0|0|2|0|0|0,0|0|0|0|0|0|1|0|0,152.0,-172.0,180.0,-210.0,,8.0,sbro,,,,,WRODRIGEZ-L,DHUDSON-R,,,,,,,,
2011,2011-08-08,PHI,LOS,5.0,3.0,False,1|2|0|0|0|0|1|0|1,0|0|0|0|1|0|0|2|0,-159.0,139.0,-158.0,138.0,,6.0,sbro,,,,,RHALLADAY-R,HKURODA-R,,,,,,,,
2011,2011-08-08,PIT,SFO,5.0,0.0,False,2|0|1|0|2|0|0|0|0,0|0|0|0|0|0|0|0|0,143.0,-163.0,165.0,-185.0,,7.0,sbro,,,,,CMORTON-R,VOGELSONG-R,,,,,,,,
2011,2011-08-08,CWS,BAL,7.0,6.0,False,0|4|0|0|0|1|0|2|0,0|0|2|0|1|0|3|0|0,-113.0,-107.0,-125.0,105.0,,8.5,sbro,,,,,JDANKS-L,JGUTHRIE-R,,,,,,,,
2011,2011-08-08,KAN,TAM,1.0,2.0,False,1|0|0|0|0|0|0|0|0,0|0|0|0|0|0|1|0|1,145.0,-165.0,135.0,-155.0,,8.0,sbro,,,,,LHOCHEVAR-R,JHELLICKS-R,,,,,,,,
2011,2011-08-08,SEA,TEX,2.0,9.0,False,0|0|2|0|0|0|0|0|0,0|2|0|2|3|2|0|0|x,190.0,-220.0,200.0,-240.0,,9.5,sbro,,,,,CFURBUSH-L,MHARRISON-L,,,,,,,,
2011,2011-08-08,BOS,MIN,8.0,6.0,False,0|1|0|0|0|4|0|1|2,0|3|0|1|1|0|0|1|0,-120.0,100.0,-105.0,-105.0,,9.0,sbro,,,,,WAKEFIELD-R,SBAKER-R,,,,,,,,
2011,2011-08-09,ATL,MIA,4.0,3.0,False,0|1|0|0|1|1|0|0|0,0|0|0|0|0|0|3|0|0,-130.0,110.0,-128.0,108.0,,8.0,sbro,,,,,BBEACHY-R,CHENSLEY-R,,,,,,,,
2011,2011-08-09,SDG,NYM,4.0,5.0,False,0|0|0|2|2|0|0|0|0,0|0|0|2|0|0|0|3|x,120.0,-140.0,114.0,-134.0,,8.0,sbro,,,,,WLEBLANC-L,CCAPUANO-L,,,,,,,,
2011,2011-08-09,COL,CIN,3.0,2.0,False,0|0|0|2|1|0|0|0|0,0|1|0|1|0|0|0|0|0,130.0,-150.0,102.0,-122.0,,9.5,sbro,,,,,EROGERS-R,DWILLIS-L,,,,,,,,
2011,2011-08-09,WAS,CUB,3.0,1.0,False,0|0|0|0|0|3|0|0|0,0|0|0|0|0|0|0|1|0,110.0,-130.0,139.0,-159.0,,9.5,sbro,,,,,CWANG-R,MGARZA-R,,,,,,,,
2011,2011-08-09,MIL,STL,5.0,3.0,False,0|0|2|0|0|1|0|0|0,0|0|0|0|1|2|0|0|0,105.0,-125.0,-108.0,-112.0,,8.0,sbro,,,,,SMARCUM-R,EJACKSON-R,,,,,,,,
2011,2011-08-09,HOU,ARI,9.0,11.0,False,0|1|3|3|0|0|1|0|1,1|0|0|0|4|0|4|2|x,160.0,-180.0,165.0,-185.0,,9.0,sbro,,,,,JLYLES-R,JMARQUIS-R,,,,,,,,
2011,2011-08-09,PHI,LOS,2.0,1.0,False,0|0|1|0|0|0|1|0|0,0|0|0|0|0|0|0|0|1,-180.0,160.0,-169.0,149.0,,6.5,sbro,,,,,CLEE-L,TLILLY-L,,,,,,,,
2011,2011-08-09,PIT,SFO,0.0,6.0,False,0|0|0|0|0|0|0|0|0,0|0|0|1|1|1|0|3|x,160.0,-180.0,155.0,-175.0,,7.0,sbro,,,,,JMCDONALD-R,MBUMGARNR-L,,,,,,,,
2011,2011-08-09,DET,CLE,2.0,3.0,False,0|2|0|0|0|0|0|0|0,2|0|0|0|0|0|0|0|0,115.0,-135.0,107.0,-127.0,,7.5,sbro,,,,,DFISTER-R,MASTERSON-R,,,,,,,,
2011,2011-08-09,LAA,NYY,6.0,4.0,False,0|0|0|0|0|4|0|0|2,1|0|0|0|0|0|3|0|0,100.0,-120.0,-101.0,-119.0,,8.5,sbro,,,,,DHAREN-R,ABURNETT-R,,,,,,,,
2011,2011-08-09,OAK,TOR,4.0,1.0,False,0|0|0|0|0|2|1|0|1,0|1|0|0|0|0|0|0|0,125.0,-145.0,118.0,-138.0,,8.5,sbro,,,,,RHARDEN-R,BCECIL-L,,,,,,,,
2011,2011-08-09,CWS,BAL,4.0,3.0,False,0|2|1|1|0|0|0|0|0,0|0|0|0|3|0|0|0|0,-150.0,130.0,-133.0,113.0,,9.0,sbro,,,,,GFLOYD-R,JJREYES-L,,,,,,,,
2011,2011-08-09,KAN,TAM,0.0,4.0,False,0|0|0|0|0|0|0|0|0,2|0|0|0|0|2|0|0|x,170.0,-200.0,158.0,-178.0,,7.5,sbro,,,,,JFRANCIS-L,JSHIELDS-R,,,,,,,,
2011,2011-08-09,SEA,TEX,6.0,7.0,False,2|1|3|0|0|0|0|0|0,2|1|0|0|0|0|2|1|1,170.0,-190.0,168.0,-188.0,,8.5,sbro,,,,,MPINEDA-R,AOGANDO-R,,,,,,,,
2011,2011-08-09,BOS,MIN,4.0,3.0,False,0|0|0|0|2|1|1|0|0,2|0|0|0|0|1|0|0|0,-140.0,120.0,-134.0,114.0,,8.5,sbro,,,,,EBEDARD-L,FLIRIANO-L,,,,,,,,
2011,2011-08-10,PHI,LOS,9.0,8.0,False,0|0|0|3|2|4|0|0|0,5|0|1|0|1|0|0|0|1,-132.0,112.0,-114.0,-106.0,,7.0,sbro,,,,,VWORLEY-R,BILLNGSLEY-R,,,,,,,,
2011,2011-08-10,PIT,SFO,9.0,2.0,False,1|0|3|0|1|0|3|0|1,1|0|0|1|0|0|0|0|0,125.0,-145.0,136.0,-156.0,,7.5,sbro,,,,,JKARSTENS-R,JSANCHEZ-L,,,,,,,,
2011,2011-08-10,ATL,MIA,6.0,2.0,False,2|3|1|0|0|0|0|0|0,0|0|0|0|0|0|0|2|0,-120.0,100.0,-115.0,-105.0,,7.5,sbro,,,,,THUDSON-R,ASANCHEZ-R,,,,,,,,
2011,2011-08-10,COL,CIN,2.0,3.0,False,0|0|0|0|1|1|0|0|0,0|0|0|2|0|1|0|0|x,148.0,-168.0,131.0,-151.0,,9.0,sbro,,,,,KMILLWOOD-R,MLEAKE-R,,,,,,,,
2011,2011-08-10,SDG,NYM,9.0,5.0,False,1|2|2|0|0|0|1|0|3,0|0|0|1|0|2|0|1|1,116.0,-136.0,125.0,-145.0,,8.0,sbro,,,,,AHARANG-R,RDICKEY-R,,,,,,,,
2011,2011-08-10,WAS,CUB,2.0,4.0,False,1|0|0|0|0|1|0|0|0,0|1|0|1|1|1|0|0|x,-102.0,-118.0,-105.0,-105.0,,9.0,sbro,,,,,RDETWILER-L,RLOPEZ-R,,,,,,,,
2011,2011-08-10,MIL,STL,5.0,1.0,False,1|0|2|0|0|0|0|0|2,1|0|0|0|0|0|0|0|0,-102.0,-118.0,109.0,-129.0,,8.5,sbro,,,,,RWOLF-L,WESTBROOK-R,,,,,,,,
2011,2011-08-10,HOU,ARI,3.0,6.0,False,0|0|0|0|2|0|0|1|0,3|0|0|0|1|0|1|1|x,178.0,-198.0,190.0,-220.0,,9.0,sbro,,,,,HSOSA-R,JCOLLMENT-R,,,,,,,,
2011,2011-08-10,CWS,BAL,4.0,6.0,False,0|0|0|0|0|1|3|0|0,1|2|0|0|1|0|0|0|0,-125.0,105.0,-112.0,-108.0,,8.5,sbro,,,,,PHUMBER-R,THUNTER-R,,,,,,,,
2011,2011-08-10,LAA,NYY,3.0,9.0,False,0|0|0|0|1|0|2|0|0,3|0|0|2|1|1|2|0|x,155.0,-175.0,175.0,-195.0,,9.5,sbro,,,,,GRICHARDS-R,INOVA-R,,,,,,,,
2011,2011-08-10,OAK,TOR,4.0,8.0,False,0|0|0|3|0|0|0|0|1,1|0|0|0|0|5|1|1|x,-110.0,-110.0,-112.0,-108.0,,8.5,sbro,,,,,GGONZALEZ-L,HALVAREZ-R,,,,,,,,
2011,2011-08-10,DET,CLE,3.0,10.0,False,0|0|0|3|0|0|0|0|0,1|3|0|4|0|2|0|0|x,125.0,-145.0,108.0,-128.0,,8.0,sbro,,,,,RPORCELLO-R,UJIMENEZ-R,,,,,,,,
2011,2011-08-10,KAN,TAM,7.0,8.0,False,0|0|0|2|1|0|1|0|3,0|0|0|0|1|1|0|1|5,116.0,-136.0,113.0,-133.0,,8.5,sbro,,,,,FPAULINO-R,WDAVIS-R,,,,,,,,
2011,2011-08-10,SEA,TEX,4.0,3.0,False,0|1|2|0|0|0|1|0|0,0|0|0|1|2|0|0|0|0,178.0,-198.0,190.0,-220.0,,9.5,sbro,,,,,JVARGAS-L,DHOLLAND-L,,,,,,,,
2011,2011-08-10,BOS,MIN,2.0,5.0,False,0|0|0|0|0|0|1|1|0,1|0|0|0|0|1|0|3|x,-185.0,165.0,-189.0,169.0,,8.5,sbro,,,,,JLESTER-L,NBLACKBUR-R,,,,,,,,
2011,2011-08-11,SDG,NYM,3.0,2.0,False,0|0|0|0|0|1|1|1|0,0|0|2|0|0|0|0|0|0,100.0,-120.0,-111.0,-109.0,,7.0,sbro,,,,,CLUEBKE-L,JNIESE-L,,,,,,,,
2011,2011-08-11,COL,CIN,1.0,2.0,False,0|0|0|0|0|0|0|0|1,2|0|0|0|0|0|0|0|x,125.0,-145.0,120.0,-140.0,,7.5,sbro,,,,,JCHACIN-R,JCUETO-R,,,,,,,,
2011,2011-08-11,MIL,STL,2.0,5.0,False,2|0|0|0|0|0|0|0|0,2|0|1|0|2|0|0|0|x,110.0,-130.0,105.0,-125.0,,7.5,sbro,,,,,YGALLARDO-R,CARPENTER-R,,,,,,,,
2011,2011-08-11,HOU,ARI,5.0,8.0,False,0|0|1|0|3|0|1|0|0,0|0|0|0|1|0|0|2|2,170.0,-190.0,167.0,-187.0,,9.0,sbro,,,,,BMYERS-R,JSAUNDERS-L,,,,,,,,
2011,2011-08-11,KAN,TAM,1.0,4.0,False,1|0|0|0|0|0|0|0|0,0|0|2|0|1|0|0|1|x,155.0,-175.0,169.0,-189.0,,8.0,sbro,,,,,DDUFFY-L,JNIEMANN-R,,,,,,,,
2011,2011-08-11,OAK,TOR,10.0,3.0,False,0|0|6|0|0|4|0|0|0,0|0|0|2|0|0|1|0|0,125.0,-145.0,123.0,-143.0,,9.0,sbro,,,,,GMOSCOSO-R,BMILLS-L,,,,,,,,
2011,2011-08-11,LAA,NYY,5.0,6.0,False,0|0|0|0|2|0|0|0|3,0|0|0|0|0|2|4|0|x,170.0,-190.0,185.0,-215.0,,9.5,sbro,,,,,TCHATWOOD-R,BCOLON-R,,,,,,,,
2011,2011-08-11,DET,CLE,4.0,3.0,False,1|3|0|0|0|0|0|0|0,0|1|2|0|0|0|0|0|0,-180.0,160.0,-174.0,154.0,,7.5,sbro,,,,,VERLANDER-R,FCARMONA-R,,,,,,,,
2011,2011-08-11,CWS,BAL,6.0,3.0,False,4|0|2|0|0|0|0|0|0,0|0|3|0|0|0|0|0|0,-145.0,125.0,-122.0,102.0,,8.5,sbro,,,,,MBUEHRLE-L,CTILLMAN-R,,,,,,,,
2011,2011-08-11,WAS,CUB,3.0,4.0,False,1|0|0|0|0|0|0|1|1,0|0|0|1|0|0|3|0|x,-105.0,-115.0,-111.0,-109.0,,7.5,sbro,,,,,JZIMMERMN-R,RDEMPSTER-R,,,,,,,,
2011,2011-08-12,WAS,PHI,4.0,2.0,False,0|2|0|0|1|1|0|0|0,0|1|0|0|0|0|0|0|1,250.0,-290.0,230.0,-270.0,,8.0,sbro,,,,,LHERNADEZ-R,CHAMELS-L,,,,,,,,
2011,2011-08-12,SFO,MIA,1.0,2.0,False,1|0|0|0|0|0|0|0|0,2|0|0|0|0|0|0|0|x,-135.0,115.0,-112.0,-108.0,,7.0,sbro,,,,,MCAIN-R,RNOLASCO-R,,,,,,,,
2011,2011-08-12,SDG,CIN,3.0,5.0,False,1|1|0|0|0|0|0|1|0,0|0|0|1|0|0|1|3|x,105.0,-125.0,-112.0,-108.0,,8.0,sbro,,,,,MLATOS-R,BARROYO-R,,,,,,,,
2011,2011-08-12,CUB,ATL,4.0,10.0,False,0|0|1|0|0|2|0|0|1,0|2|3|1|2|2|0|0|x,130.0,-150.0,121.0,-141.0,,8.5,sbro,,,,,CZAMBRANO-R,MMINOR-L,,,,,,,,
2011,2011-08-12,PIT,MIL,2.0,7.0,False,0|0|0|0|0|0|0|2|0,0|1|2|0|1|0|0|3|x,126.0,-146.0,180.0,-210.0,,8.0,sbro,,,,,PMAHOLM-L,ZGREINKE-R,,,,,,,,
2011,2011-08-12,COL,STL,1.0,6.0,False,0|0|0|1|0|0|0|0|0,0|1|0|0|0|5|0|0|x,140.0,-160.0,134.0,-154.0,,8.5,sbro,,,,,ACOOK-R,KLOHSE-R,,,,,,,,
2011,2011-08-12,NYM,ARI,3.0,4.0,False,0|0|0|0|1|0|0|1|1,1|3|0|0|0|0|0|0|x,135.0,-155.0,146.0,-166.0,,8.5,sbro,,,,,DGEE-R,IKENNEDY-R,,,,,,,,
2011,2011-08-12,HOU,LOS,0.0,1.0,False,0|0|0|0|0|0|0|0|0,0|0|0|0|0|0|0|0|0,135.0,-155.0,134.0,-154.0,,7.0,sbro,,,,,BNORRIS-R,NEOVALDI-R,,,,,,,,
2011,2011-08-12,MIN,CLE,2.0,3.0,False,0|0|1|0|0|0|0|1|0,0|0|0|0|0|1|0|2|x,155.0,-175.0,125.0,-145.0,,8.0,sbro,,,,,CPAVANO-R,MASTERSON-R,,,,,,,,
2011,2011-08-12,TAM,NYY,5.0,1.0,False,0|0|3|0|1|0|0|1|0,0|0|0|1|0|0|0|0|0,170.0,-190.0,157.0,-177.0,,8.0,sbro,,,,,DPRICE-L,CSABATHIA-L,,,,,,,,
2011,2011-08-12,DET,BAL,5.0,4.0,False,1|1|0|2|0|1|0|0|0,2|0|0|0|2|0|0|0|0,-125.0,105.0,-112.0,-108.0,,9.5,sbro,,,,,BPENNY-R,ASIMON-R,,,,,,,,
2011,2011-08-12,LAA,TOR,5.0,1.0,False,0|1|3|0|0|1|0|0|0,0|0|0|0|0|0|0|0|1,105.0,-125.0,-105.0,-115.0,,8.0,sbro,,,,,ESANTANA-R,BMORROW-R,,,,,,,,
2011,2011-08-12,KAN,CWS,5.0,1.0,False,1|0|0|0|0|1|0|0|3,0|0|0|0|0|0|0|0|1,130.0,-150.0,113.0,-133.0,,9.0,sbro,,,,,BCHEN-L,ZSTEWART-R,,,,,,,,
2011,2011-08-12,TEX,OAK,9.0,1.0,False,0|6|0|3|0|0|0|0|0,0|0|0|0|0|1|0|0|0,-140.0,120.0,-127.0,107.0,,7.5,sbro,,,,,CWILSON-L,BMCCARTHY-R,,,,,,,,
2011,2011-08-12,BOS,SEA,6.0,4.0,False,0|2|0|0|1|2|1|0|0,2|1|0|1|0|0|0|0|0,-145.0,125.0,-153.0,133.0,,8.0,sbro,,,,,JLACKEY-R,BBEAVAN-R,,,,,,,,
2011,2011-08-13,COL,STL,6.0,1.0,False,0|0|3|0|2|0|0|0|1,0|0|0|0|0|0|1|0|0,152.0,-172.0,152.0,-172.0,,9.0,sbro,,,,,JHAMMEL-R,JGARCIA-L,,,,,,,,
2011,2011-08-13,WAS,PHI,3.0,11.0,False,0|2|0|0|0|1|0|0|0,2|0|5|0|0|1|0|3|x,185.0,-215.0,149.0,-169.0,,8.5,sbro,,,,,JLANNAN-L,ROSWALT-R,,,,,,,,
2011,2011-08-13,PIT,MIL,0.0,1.0,False,0|0|0|0|0|0|0|0|0,0|1|0|0|0|0|0|0|x,139.0,-159.0,144.0,-164.0,,8.5,sbro,,,,,KCORREIA-R,MESTRADA-R,,,,,,,,
2011,2011-08-13,CUB,ATL,8.0,4.0,False,1|0|0|0|2|2|0|3|0,0|0|0|1|0|1|0|1|1,152.0,-172.0,152.0,-172.0,,8.5,sbro,,,,,RWELLS-R,DLOWE-R,,,,,,,,
2011,2011-08-13,SFO,MIA,3.0,0.0,False,1|0|0|0|1|1|0|0|0,0|0|0|0|0|0|0|0|0,-147.0,127.0,-138.0,118.0,,7.0,sbro,,,,,TLINCECUM-R,JVAZQUEZ-R,,,,,,,,
2011,2011-08-13,SDG,CIN,1.0,13.0,False,0|0|0|1|0|0|0|0|0,3|1|5|0|2|0|0|2|x,110.0,-130.0,115.0,-135.0,,8.5,sbro,,,,,TSTAUFFER-R,HBAILEY-R,,,,,,,,
2011,2011-08-13,NYM,ARI,4.0,6.0,False,0|2|0|2|0|0|0|0|0,2|0|0|0|3|1|0|0|x,144.0,-164.0,145.0,-165.0,,8.5,sbro,,,,,MPELFREY-R,DHUDSON-R,,,,,,,,
2011,2011-08-13,HOU,LOS,1.0,6.0,False,0|0|0|0|0|0|0|1|0,2|0|0|0|2|1|1|0|x,180.0,-210.0,190.0,-220.0,,6.0,sbro,,,,,WRODRIGEZ-L,CKERSHAW-L,,,,,,,,
2011,2011-08-13,LAA,TOR,2.0,11.0,False,0|0|0|0|1|0|0|0|1,2|1|0|0|5|3|0|0|x,-113.0,-107.0,-132.0,112.0,,6.5,sbro,,,,,JERWEAVER-R,RROMERO-L,,,,,,,,
2011,2011-08-13,TEX,OAK,7.0,1.0,False,0|0|0|0|0|1|1|3|2,0|0|0|0|0|0|1|0|0,-113.0,-107.0,-117.0,-103.0,,7.5,sbro,,,,,CLEWIS-R,TCAHILL-R,,,,,,,,
2011,2011-08-13,TAM,NYY,2.0,9.0,False,0|0|0|0|0|2|0|0|0,0|2|0|0|5|2|0|0|x,118.0,-138.0,132.0,-152.0,,9.5,sbro,,,,,JHELLICKS-R,PHUGHES-R,,,,,,,,
2011,2011-08-13,MIN,CLE,1.0,3.0,False,0|0|0|0|0|0|1|0|0,0|0|3|0|0|0|0|0|x,122.0,-142.0,106.0,-126.0,,7.5,sbro,,,,,BDUENSING-L,JTOMLIN-R,,,,,,,,
2011,2011-08-13,DET,BAL,6.0,5.0,False,0|0|0|1|0|5|0|0|0,0|5|0|0|0|0|0|0|0,-130.0,110.0,-132.0,112.0,,9.0,sbro,,,,,MSCHERZER-R,JGUTHRIE-R,,,,,,,,
2011,2011-08-13,KAN,CWS,4.0,5.0,False,0|0|0|0|4|0|0|0|0,0|0|2|0|1|0|2|0|x,139.0,-159.0,126.0,-146.0,,8.0,sbro,,,,,LHOCHEVAR-R,JPEAVY-R,,,,,,,,
2011,2011-08-13,BOS,SEA,4.0,5.0,False,0|0|0|0|0|4|0|0|0,5|0|0|0|0|0|0|0|x,-138.0,118.0,-145.0,125.0,,6.5,sbro,,,,,JBECKETT-R,FHERNANDZ-R,,,,,,,,
2011,2011-08-14,SDG,CIN,7.0,3.0,False,0|0|4|0|0|0|1|1|1,0|0|0|3|0|0|0|0|0,125.0,-145.0,134.0,-154.0,,9.0,sbro,,,,,WLEBLANC-L,DWILLIS-L,,,,,,,,
2011,2011-08-14,SFO,MIA,5.0,2.0,False,0|0|2|1|0|1|0|1|0,1|0|0|0|0|0|0|1|0,-122.0,102.0,-144.0,124.0,,8.0,sbro,,,,,VOGELSONG-R,CVOLSTAD-R,,,,,,,,
2011,2011-08-14,CUB,ATL,6.0,5.0,False,0|0|0|0|0|4|2|0|0,1|2|0|1|0|1|0|0|0,129.0,-149.0,142.0,-162.0,,7.5,sbro,,,,,MGARZA-R,BBEACHY-R,,,,,,,,
2011,2011-08-14,PIT,MIL,1.0,2.0,False,1|0|0|0|0|0|0|0|0,0|0|0|0|0|0|0|1|0,165.0,-185.0,165.0,-185.0,,8.0,sbro,,,,,CMORTON-R,SMARCUM-R,,,,,,,,
2011,2011-08-14,COL,STL,2.0,6.0,False,2|0|0|0|0|0|0|0|0,4|0|0|0|0|0|2|0|x,135.0,-155.0,129.0,-149.0,,8.5,sbro,,,,,EROGERS-R,EJACKSON-R,,,,,,,,
2011,2011-08-14,HOU,LOS,0.0,7.0,False,0|0|0|0|0|0|0|0|0,0|2|1|0|0|4|0|0|x,175.0,-195.0,190.0,-220.0,,7.0,sbro,,,,,JLYLES-R,HKURODA-R,,,,,,,,
2011,2011-08-14,NYM,ARI,3.0,5.0,False,0|0|0|1|2|0|0|0|0,0|0|0|2|1|1|0|1|x,116.0,-136.0,115.0,-135.0,,9.5,sbro,,,,,CCAPUANO-L,JMARQUIS-R,,,,,,,,
2011,2011-08-14,LAA,TOR,4.0,5.0,False,2|0|1|0|1|0|0|0|0,0|0|0|2|0|1|0|0|1,-130.0,110.0,-125.0,105.0,,7.5,sbro,,,,,DHAREN-R,BCECIL-L,,,,,,,,
2011,2011-08-14,DET,BAL,5.0,8.0,False,0|0|1|0|0|0|0|0|4,2|1|0|0|3|2|0|0|x,-145.0,125.0,-135.0,115.0,,9.5,sbro,,,,,DFISTER-R,JJREYES-L,,,,,,,,
2011,2011-08-14,KAN,CWS,2.0,6.0,False,0|0|0|0|0|2|0|0|0,4|0|0|2|0|0|0|0|x,135.0,-155.0,137.0,-157.0,,8.0,sbro,,,,,JFRANCIS-L,JDANKS-L,,,,,,,,
2011,2011-08-14,TEX,OAK,7.0,6.0,False,3|0|0|1|2|0|0|0|1,0|0|0|0|2|4|0|0|0,-130.0,110.0,-123.0,103.0,,7.5,sbro,,,,,MHARRISON-L,RHARDEN-R,,,,,,,,
2011,2011-08-14,BOS,SEA,3.0,5.0,False,0|0|0|1|0|0|0|2|0,0|0|3|0|1|1|0|0|x,-159.0,139.0,-155.0,135.0,,8.5,sbro,,,,,WAKEFIELD-R,CFURBUSH-L,,,,,,,,
2011,2011-08-15,STL,PIT,2.0,6.0,False,0|0|1|0|0|1|0|0|0,1|0|0|3|0|1|1|0|x,-135.0,115.0,-129.0,109.0,,8.5,sbro,,,,,WESTBROOK-R,JMCDONALD-R,,,,,,,,
2011,2011-08-15,SFO,ATL,4.0,5.0,False,0|0|0|2|0|1|0|1|0,1|1|0|0|0|0|0|0|3,145.0,-165.0,123.0,-143.0,,6.5,sbro,,,,,MBUMGARNR-L,THUDSON-R,,,,,,,,
2011,2011-08-15,CUB,HOU,4.0,3.0,False,2|0|0|0|0|2|0|0|0,0|0|0|1|0|2|0|0|0,-125.0,105.0,-128.0,108.0,,8.5,sbro,,,,,RLOPEZ-R,HSOSA-R,,,,,,,,
2011,2011-08-15,LOS,MIL,0.0,3.0,False,0|0|0|0|0|0|0|0|0,0|0|0|1|0|0|0|2|x,145.0,-165.0,136.0,-156.0,,8.0,sbro,,,,,TLILLY-L,RWOLF-L,,,,,,,,
2011,2011-08-15,MIA,COL,4.0,7.0,False,2|0|0|2|0|0|0|0|0,0|1|2|0|0|0|0|0|4,125.0,-145.0,120.0,-140.0,,10.5,sbro,,,,,CHENSLEY-R,KMILLWOOD-R,,,,,,,,
2011,2011-08-15,NYM,SDG,5.0,4.0,False,0|3|0|1|0|0|0|0|0,0|0|1|0|0|0|2|1|0,-115.0,-105.0,-102.0,-118.0,,7.0,sbro,,,,,RDICKEY-R,AHARANG-R,,,,,,,,
2011,2011-08-15,MIN,DET,9.0,6.0,False,0|0|3|0|0|3|3|0|0,1|0|2|0|0|2|1|0|0,130.0,-150.0,123.0,-143.0,,9.0,sbro,,,,,FLIRIANO-L,RPORCELLO-R,,,,,,,,
2011,2011-08-15,NYY,KAN,7.0,4.0,False,0|2|0|0|0|3|1|1|0,0|0|0|0|3|0|1|0|0,-155.0,135.0,-157.0,137.0,,9.5,sbro,,,,,ABURNETT-R,FPAULINO-R,,,,,,,,
2011,2011-08-15,BAL,OAK,6.0,2.0,False,0|1|0|0|0|0|4|0|1,0|2|0|0|0|0|0|0|0,155.0,-175.0,150.0,-170.0,,7.5,sbro,,,,,THUNTER-R,GGONZALEZ-L,,,,,,,,
2011,2011-08-15,TEX,LAA,8.0,4.0,False,1|0|1|0|6|0|0|0|0,0|1|0|0|1|0|2|0|0,-155.0,135.0,-171.0,151.0,,8.0,sbro,,,,,AOGANDO-R,GRICHARDS-R,,,,,,,,
2011,2011-08-15,TOR,SEA,5.0,6.0,False,2|0|2|1|0|0|0|0|0,0|3|1|0|0|0|0|2|x,135.0,-155.0,110.0,-130.0,,7.0,sbro,,,,,HALVAREZ-R,MPINEDA-R,,,,,,,,
2011,2011-08-16,STL,PIT,4.0,5.0,False,0|1|0|0|0|2|0|0|1,0|0|3|0|0|0|0|0|1,-160.0,140.0,-146.0,126.0,,7.5,sbro,,,,,CARPENTER-R,JKARSTENS-R,,,,,,,,
2011,2011-08-16,CIN,WAS,4.0,6.0,False,2|0|0|0|0|1|1|0|0,3|0|1|1|1|0|0|0|x,-135.0,115.0,-114.0,-106.0,,8.5,sbro,,,,,MLEAKE-R,CWANG-R,,,,,,,,
2011,2011-08-16,ARI,PHI,3.0,2.0,False,0|1|0|0|0|0|0|0|2,0|0|0|0|2|0|0|0|0,200.0,-230.0,210.0,-250.0,,7.0,sbro,,,,,JCOLLMENT-R,RHALLADAY-R,,,,,,,,
2011,2011-08-16,SFO,ATL,1.0,2.0,False,0|0|0|0|0|0|1|0|0,0|0|1|0|0|0|0|0|0,115.0,-135.0,121.0,-141.0,,8.5,sbro,,,,,JSANCHEZ-L,RDELGADO-R,,,,,,,,
2011,2011-08-16,CUB,HOU,5.0,6.0,False,2|0|0|0|0|2|0|1|0,1|0|0|0|0|0|1|0|4,-140.0,120.0,-143.0,123.0,,7.5,sbro,,,,,RDEMPSTER-R,BMYERS-R,,,,,,,,
2011,2011-08-16,LOS,MIL,1.0,2.0,False,0|1|0|0|0|0|0|0|0,0|1|0|0|0|0|0|0|1,160.0,-180.0,142.0,-162.0,,8.0,sbro,,,,,BILLNGSLEY-R,YGALLARDO-R,,,,,,,,
2011,2011-08-16,MIA,COL,6.0,5.0,False,3|0|0|2|0|0|1|0|0,0|2|0|1|0|0|0|0|2,145.0,-165.0,138.0,-158.0,,9.0,sbro,,,,,ASANCHEZ-R,JCHACIN-R,,,,,,,,
2011,2011-08-16,NYM,SDG,1.0,6.0,False,0|0|0|1|0|0|0|0|0,2|0|0|1|0|0|2|1|x,115.0,-135.0,113.0,-133.0,,6.5,sbro,,,,,JNIESE-L,CLUEBKE-L,,,,,,,,
2011,2011-08-16,TAM,BOS,1.0,3.0,False,1|0|0|0|0|0|0|0|0,0|0|3|0|0|0|0|0|x,140.0,-160.0,145.0,-165.0,,8.0,sbro,,,,,JSHIELDS-R,JLESTER-L,,,,,,,,
2011,2011-08-16,TAM,BOS,6.0,2.0,False,0|2|0|0|1|0|0|3|0,0|0|1|0|0|1|0|0|0,150.0,-170.0,121.0,-141.0,,9.0,sbro,,,,,JNIEMANN-R,EBEDARD-L,,,,,,,,
2011,2011-08-16,MIN,DET,1.0,7.0,False,0|0|0|0|0|0|0|1|0,0|0|2|0|3|1|1|0|x,220.0,-260.0,250.0,-290.0,,8.0,sbro,,,,,NBLACKBUR-R,VERLANDER-R,,,,,,,,
2011,2011-08-16,NYY,KAN,9.0,7.0,False,0|0|3|5|0|0|1|0|0,2|0|3|0|0|2|0|0|0,-165.0,145.0,-158.0,138.0,,9.5,sbro,,,,,INOVA-R,DDUFFY-L,,,,,,,,
2011,2011-08-16,CLE,CWS,7.0,8.0,False,0|0|0|1|1|3|0|1|1,1|1|0|1|2|2|0|0|0,110.0,-130.0,-105.0,-105.0,,8.0,sbro,,,,,UJIMENEZ-R,GFLOYD-R,,,,,,,,
2011,2011-08-16,BAL,OAK,4.0,8.0,False,0|0|1|1|1|0|0|0|1,0|3|1|0|0|0|3|1|x,135.0,-155.0,110.0,-130.0,,8.5,sbro,,,,,BMATUSZ-L,GMOSCOSO-R,,,,,,,,
2011,2011-08-16,TEX,LAA,7.0,3.0,False,2|0|3|0|1|1|0|0|0,0|0|1|0|0|0|0|0|2,-140.0,120.0,-129.0,109.0,,9.0,sbro,,,,,DHOLLAND-L,TCHATWOOD-R,,,,,,,,
2011,2011-08-16,TOR,SEA,13.0,7.0,False,6|0|0|0|4|3|0|0|0,0|3|3|0|1|0|0|0|0,-115.0,-105.0,-107.0,-113.0,,8.5,sbro,,,,,BMILLS-L,JVARGAS-L,,,,,,,,
2011,2011-08-17,CUB,HOU,3.0,4.0,False,0|0|2|1|0|0|0|0|0,0|0|2|2|0|0|0|0|x,100.0,-120.0,-107.0,-113.0,,8.0,sbro,,,,,CCOLEMAN-R,BNORRIS-R,,,,,,,,
2011,2011-08-17,NYM,SDG,7.0,3.0,False,0|0|3|0|0|0|1|3|0,0|0|0|0|0|0|1|0|2,120.0,-140.0,128.0,-148.0,,6.5,sbro,,,,,DGEE-R,MLATOS-R,,,,,,,,
2011,2011-08-17,STL,PIT,7.0,2.0,False,3|0|0|0|0|1|1|2|0,0|0|0|0|2|0|0|0|0,-120.0,100.0,-149.0,129.0,,8.5,sbro,,,,,KLOHSE-R,PMAHOLM-L,,,,,,,,
2011,2011-08-17,ARI,PHI,2.0,9.0,False,0|2|0|0|0|0|0|0|0,1|1|0|0|0|0|3|4|x,200.0,-240.0,200.0,-240.0,,7.5,sbro,,,,,JSAUNDERS-L,CLEE-L,,,,,,,,
2011,2011-08-17,CIN,WAS,2.0,1.0,False,1|0|0|0|0|0|0|1|0,0|0|0|0|0|0|0|0|1,-132.0,112.0,-142.0,122.0,,8.0,sbro,,,,,JCUETO-R,RDETWILER-L,,,,,,,,
2011,2011-08-17,SFO,ATL,7.0,5.0,False,1|0|0|4|0|0|0|0|2,1|0|0|0|0|0|0|0|4,118.0,-138.0,112.0,-132.0,,7.0,sbro,,,,,MCAIN-R,JJURRJENS-R,,,,,,,,
2011,2011-08-17,LOS,MIL,1.0,3.0,False,0|0|0|0|0|0|1|0|0,0|0|0|0|0|2|1|0|x,165.0,-185.0,175.0,-195.0,,7.5,sbro,,,,,NEOVALDI-R,ZGREINKE-R,,,,,,,,
2011,2011-08-17,MIA,COL,5.0,12.0,False,0|0|0|0|0|0|0|3|2,5|0|6|0|0|0|0|1|x,-112.0,-108.0,-104.0,-116.0,,9.5,sbro,,,,,RNOLASCO-R,ACOOK-R,,,,,,,,
2011,2011-08-17,TAM,BOS,4.0,0.0,False,1|0|0|1|1|0|1|0|0,0|0|0|0|0|0|0|0|0,-104.0,-116.0,-112.0,-108.0,,9.5,sbro,,,,,DPRICE-L,JLACKEY-R,,,,,,,,
2011,2011-08-17,BAL,OAK,5.0,6.0,False,2|0|0|0|0|1|1|0|1,3|1|1|0|0|1|0|0|x,133.0,-153.0,141.0,-161.0,,8.5,sbro,,,,,ASIMON-R,BMCCARTHY-R,,,,,,,,
2011,2011-08-17,MIN,DET,6.0,5.0,False,0|1|0|0|0|0|2|1|2,0|0|1|0|0|1|1|1|1,120.0,-140.0,120.0,-140.0,,9.0,sbro,,,,,CPAVANO-R,BPENNY-R,,,,,,,,
2011,2011-08-17,NYY,KAN,4.0,5.0,False,1|0|1|0|0|1|0|0|1,0|0|4|0|1|0|0|0|x,-162.0,142.0,-159.0,139.0,,9.5,sbro,,,,,BCOLON-R,BCHEN-L,,,,,,,,
2011,2011-08-17,CLE,CWS,4.0,1.0,False,0|1|0|0|0|1|2|0|0,0|1|0|0|0|0|0|0|0,125.0,-145.0,123.0,-143.0,,8.5,sbro,,,,,FCARMONA-R,MBUEHRLE-L,,,,,,,,
2011,2011-08-17,TEX,LAA,4.0,3.0,False,0|0|0|0|1|1|0|2|0,2|0|0|0|0|0|0|1|0,-114.0,-106.0,-105.0,-105.0,,7.5,sbro,,,,,CWILSON-L,ESANTANA-R,,,,,,,,
2011,2011-08-17,TOR,SEA,5.0,1.0,False,0|1|3|1|0|0|0|0|0,0|0|0|0|0|1|0|0|0,-130.0,110.0,-155.0,135.0,,7.5,sbro,,,,,BMORROW-R,BBEAVAN-R,,,,,,,,
2011,2011-08-18,LOS,MIL,5.0,1.0,False,0|1|0|0|0|0|2|2|0,0|0|0|0|0|0|0|0|1,-125.0,105.0,-118.0,-102.0,,7.0,sbro,,,,,CKERSHAW-L,MESTRADA-R,,,,,,,,
2011,2011-08-18,ARI,PHI,1.0,4.0,False,0|0|0|0|0|0|0|1|0,0|1|2|0|1|0|0|0|x,135.0,-155.0,112.0,-132.0,,8.0,sbro,,,,,IKENNEDY-R,VWORLEY-R,,,,,,,,
2011,2011-08-18,CIN,WAS,1.0,3.0,False,0|0|0|0|0|0|1|0|0,0|0|0|0|1|2|0|0|x,120.0,-140.0,111.0,-131.0,,8.0,sbro,,,,,BARROYO-R,JZIMMERMN-R,,,,,,,,
2011,2011-08-18,SFO,ATL,0.0,1.0,False,0|0|0|0|0|0|0|0|0,0|0|0|0|1|0|0|0|x,-140.0,120.0,-121.0,101.0,,7.0,sbro,,,,,TLINCECUM-R,MMINOR-L,,,,,,,,
2011,2011-08-18,MIA,SDG,1.0,3.0,False,0|0|0|0|0|0|1|0|0,2|1|0|0|0|0|0|0|x,125.0,-145.0,-104.0,-116.0,,7.0,sbro,,,,,JVAZQUEZ-R,TSTAUFFER-R,,,,,,,,
2011,2011-08-18,NYY,MIN,8.0,4.0,False,0|1|2|0|3|0|0|0|2,0|2|0|0|0|0|2|0|0,-200.0,170.0,-220.0,190.0,,8.0,sbro,,,,,CSABATHIA-L,BDUENSING-L,,,,,,,,
2011,2011-08-18,BOS,KAN,4.0,3.0,False,0|1|2|0|1|0|0|0|0,1|0|2|0|0|0|0|0|0,-190.0,170.0,-170.0,150.0,,8.5,sbro,,,,,JBECKETT-R,LHOCHEVAR-R,,,,,,,,
2011,2011-08-18,CLE,CWS,4.0,2.0,False,0|0|0|2|0|2|0|0|0,0|0|1|1|0|0|0|0|0,-130.0,110.0,-125.0,105.0,,8.0,sbro,,,,,MASTERSON-R,PHUMBER-R,,,,,,,,
2011,2011-08-18,TOR,OAK,7.0,0.0,False,0|1|0|3|1|2|0|0|0,0|0|0|0|0|0|0|0|0,-120.0,100.0,-113.0,-107.0,,7.0,sbro,,,,,RROMERO-L,TCAHILL-R,,,,,,,,
2011,2011-08-18,TEX,LAA,1.0,2.0,False,0|0|0|0|0|0|1|0|0,0|0|0|0|0|0|0|0|2,130.0,-150.0,119.0,-139.0,,6.5,sbro,,,,,CLEWIS-R,JERWEAVER-R,,,,,,,,
2011,2011-08-19,STL,CUB,4.0,5.0,False,0|3|0|1|0|0|0|0|0,0|0|1|0|1|0|1|1|0,-155.0,135.0,-154.0,134.0,,9.0,sbro,,,,,JGARCIA-L,RWELLS-R,,,,,,,,
2011,2011-08-19,PHI,WAS,4.0,8.0,False,0|0|4|0|0|0|0|0|0,0|0|1|0|1|0|0|0|6,-160.0,140.0,-140.0,120.0,,8.5,sbro,,,,,KKENDRICK-R,LHERNADEZ-R,,,,,,,,
2011,2011-08-19,CIN,PIT,11.0,8.0,False,0|0|0|2|4|0|1|1|3,0|0|0|2|1|1|2|2|0,-145.0,125.0,-130.0,110.0,,8.5,sbro,,,,,HBAILEY-R,KCORREIA-R,,,,,,,,
2011,2011-08-19,MIL,NYM,6.0,1.0,False,1|0|0|0|3|2|0|0|0,0|0|0|0|0|0|1|0|0,-155.0,135.0,-134.0,114.0,,8.0,sbro,,,,,SMARCUM-R,MPELFREY-R,,,,,,,,
2011,2011-08-19,ARI,ATL,2.0,4.0,False,0|0|0|0|0|0|2|0|0,1|0|2|0|0|1|0|0|x,100.0,-120.0,-104.0,-116.0,,7.5,sbro,,,,,DHUDSON-R,DLOWE-R,,,,,,,,
2011,2011-08-19,SFO,HOU,0.0,6.0,False,0|0|0|0|0|0|0|0|0,0|0|2|0|0|3|0|1|x,-140.0,120.0,-139.0,119.0,,7.0,sbro,,,,,VOGELSONG-R,WRODRIGEZ-L,,,,,,,,
2011,2011-08-19,LOS,COL,8.0,2.0,False,1|1|4|1|0|0|1|0|0,0|0|1|0|0|1|0|0|0,-110.0,-110.0,-106.0,-114.0,,9.5,sbro,,,,,HKURODA-R,JHAMMEL-R,,,,,,,,
2011,2011-08-19,MIA,SDG,3.0,4.0,False,1|0|0|1|0|1|0|0|0,1|0|0|2|1|0|0|0|x,115.0,-135.0,105.0,-125.0,,7.0,sbro,,,,,CVOLSTAD-R,WLEBLANC-L,,,,,,,,
2011,2011-08-19,CLE,DET,1.0,4.0,False,0|0|0|0|0|0|1|0|0,0|0|0|0|0|2|2|0|x,120.0,-140.0,117.0,-137.0,,9.0,sbro,,,,,JTOMLIN-R,MSCHERZER-R,,,,,,,,
2011,2011-08-19,SEA,TAM,2.0,3.0,False,0|0|1|0|0|0|1|0|0,0|0|0|0|1|0|0|2|x,-130.0,110.0,-105.0,-105.0,,7.5,sbro,,,,,FHERNANDZ-R,WDAVIS-R,,,,,,,,
2011,2011-08-19,NYY,MIN,8.0,1.0,False,0|0|1|1|2|2|0|0|2,1|0|0|0|0|0|0|0|0,-175.0,155.0,-160.0,140.0,,9.0,sbro,,,,,PHUGHES-R,KSLOWEY-R,,,,,,,,
2011,2011-08-19,BOS,KAN,7.0,1.0,False,0|0|0|2|3|0|0|2|0,0|0|1|0|0|0|0|0|0,-140.0,120.0,-122.0,102.0,,9.5,sbro,,,,,AMILLER-L,JFRANCIS-L,,,,,,,,
2011,2011-08-19,TEX,CWS,7.0,4.0,False,0|0|0|4|0|3|0|0|0,2|1|0|0|1|0|0|0|0,-120.0,100.0,-116.0,-104.0,,8.5,sbro,,,,,MHARRISON-L,JPEAVY-R,,,,,,,,
2011,2011-08-19,TOR,OAK,0.0,2.0,False,0|0|0|0|0|0|0|0|0,2|0|0|0|0|0|0|0|x,-110.0,-110.0,-112.0,-108.0,,8.0,sbro,,,,,BCECIL-L,RHARDEN-R,,,,,,,,
2011,2011-08-19,BAL,LAA,3.0,8.0,False,0|0|1|0|1|0|1|0|0,4|1|0|0|0|0|2|1|x,200.0,-240.0,220.0,-260.0,,7.5,sbro,,,,,JJREYES-L,DHAREN-R,,,,,,,,
2011,2011-08-20,STL,CUB,0.0,3.0,False,0|0|0|0|0|0|0|0|0,0|0|0|3|0|0|0|0|x,100.0,-120.0,-112.0,-108.0,,8.0,sbro,,,,,EJACKSON-R,MGARZA-R,,,,,,,,
2011,2011-08-20,LOS,COL,6.0,7.0,False,2|0|0|2|0|0|0|0|0,1|1|1|0|0|0|1|0|0,110.0,-130.0,-101.0,-119.0,,10.0,sbro,,,,,TLILLY-L,EROGERS-R,,,,,,,,
2011,2011-08-20,SFO,HOU,5.0,7.0,False,0|0|0|2|0|0|1|0|2,1|0|4|0|0|0|2|0|x,-165.0,145.0,-177.0,157.0,,7.0,sbro,,,,,MBUMGARNR-L,JLYLES-R,,,,,,,,
2011,2011-08-20,PHI,WAS,5.0,0.0,False,0|0|0|2|0|3|0|0|0,0|0|0|0|0|0|0|0|0,-135.0,115.0,-135.0,115.0,,8.5,sbro,,,,,ROSWALT-R,JLANNAN-L,,,,,,,,
2011,2011-08-20,CIN,PIT,3.0,5.0,False,1|0|0|0|0|1|1|0|0,0|0|0|1|2|0|2|0|x,-120.0,100.0,-106.0,-114.0,,9.0,sbro,,,,,DWILLIS-L,CMORTON-R,,,,,,,,
2011,2011-08-20,MIL,NYM,11.0,9.0,False,2|0|3|0|0|2|0|0|4,1|0|0|0|0|0|5|3|0,-135.0,115.0,-118.0,-102.0,,8.0,sbro,,,,,RWOLF-L,CCAPUANO-L,,,,,,,,
2011,2011-08-20,ARI,ATL,1.0,8.0,False,1|0|0|0|0|0|0|0|0,2|1|0|0|2|1|2|0|x,170.0,-190.0,140.0,-160.0,,7.5,sbro,,,,,WMILEY-L,BBEACHY-R,,,,,,,,
2011,2011-08-20,MIA,SDG,1.0,14.0,False,0|0|0|0|0|1|0|0|0,4|0|0|3|3|4|0|0|x,110.0,-130.0,103.0,-123.0,,7.0,sbro,,,,,CHENSLEY-R,AHARANG-R,,,,,,,,
2011,2011-08-20,SEA,TAM,0.0,8.0,False,0|0|0|0|0|0|0|0|0,2|0|3|0|0|0|0|3|x,180.0,-210.0,175.0,-195.0,,8.0,sbro,,,,,CFURBUSH-L,JHELLICKS-R,,,,,,,,
2011,2011-08-20,CLE,DET,1.0,10.0,False,0|0|1|0|0|0|0|0|0,2|2|1|0|2|0|3|0|x,125.0,-145.0,118.0,-138.0,,9.0,sbro,,,,,DHUFF-L,DFISTER-R,,,,,,,,
2011,2011-08-20,BOS,KAN,4.0,9.0,False,0|0|1|2|0|1|0|0|0,0|0|1|0|0|8|0|0|x,-140.0,120.0,-124.0,104.0,,9.0,sbro,,,,,WAKEFIELD-R,FPAULINO-R,,,,,,,,
2011,2011-08-20,NYY,MIN,4.0,9.0,False,0|0|1|0|0|0|0|2|1,2|5|0|0|2|0|0|0|x,-155.0,135.0,-142.0,122.0,,9.0,sbro,,,,,ABURNETT-R,FLIRIANO-L,,,,,,,,
2011,2011-08-20,TEX,CWS,2.0,3.0,False,1|0|1|0|0|0|0|0|0,1|1|0|0|0|0|0|1|x,-140.0,120.0,-127.0,107.0,,8.0,sbro,,,,,AOGANDO-R,JDANKS-L,,,,,,,,
2011,2011-08-20,TOR,OAK,1.0,5.0,False,1|0|0|0|0|0|0|0|0,1|0|0|1|0|0|0|3|x,140.0,-160.0,115.0,-135.0,,8.0,sbro,,,,,HALVAREZ-R,GGONZALEZ-L,,,,,,,,
2011,2011-08-20,BAL,LAA,8.0,9.0,False,0|3|0|0|1|0|0|2|0,0|1|4|0|0|0|1|0|0,140.0,-160.0,120.0,-140.0,,9.0,sbro,,,,,THUNTER-R,JPINEIRO-R,,,,,,,,
2011,2011-08-21,MIL,NYM,6.0,2.0,False,0|0|0|1|0|1|0|2|2,0|0|0|0|0|0|2|0|0,-140.0,120.0,-128.0,108.0,,7.5,sbro,,,,,YGALLARDO-R,RDICKEY-R,,,,,,,,
2011,2011-08-21,ARI,ATL,0.0,1.0,False,0|0|0|0|0|0|0|0|0,0|0|1|0|0|0|0|0|x,150.0,-170.0,146.0,-166.0,,7.5,sbro,,,,,JCOLLMENT-R,THUDSON-R,,,,,,,,
2011,2011-08-21,CIN,PIT,5.0,4.0,False,0|0|0|0|0|3|0|0|2,2|0|0|0|0|2|0|0|0,-130.0,110.0,-110.0,-110.0,,8.5,sbro,,,,,MLEAKE-R,JMCDONALD-R,,,,,,,,
2011,2011-08-21,PHI,WAS,4.0,5.0,False,0|2|1|0|0|0|0|0|1,2|0|0|0|0|1|0|0|1,-230.0,200.0,-215.0,185.0,,7.5,sbro,,,,,RHALLADAY-R,CWANG-R,,,,,,,,
2011,2011-08-21,SFO,HOU,6.0,4.0,False,0|3|0|1|0|0|0|0|0,0|4|0|0|0|0|0|0|0,-123.0,103.0,-132.0,112.0,,8.5,sbro,,,,,DRUNZLER-L,HSOSA-R,,,,,,,,
2011,2011-08-21,LOS,COL,3.0,5.0,False,0|1|1|1|0|0|0|0|0,2|0|0|0|0|0|2|1|x,-120.0,100.0,-106.0,-114.0,,10.0,sbro,,,,,BILLNGSLEY-R,KMILLWOOD-R,,,,,,,,
2011,2011-08-21,MIA,SDG,3.0,4.0,False,0|0|0|1|0|0|0|1|1,3|0|0|0|0|0|0|0|1,120.0,-140.0,110.0,-130.0,,6.0,sbro,,,,,ASANCHEZ-R,CLUEBKE-L,,,,,,,,
2011,2011-08-21,STL,CUB,6.0,2.0,False,0|2|0|0|1|3|0|0|0,0|0|1|0|1|0|0|0|0,-130.0,110.0,-154.0,134.0,,8.5,sbro,,,,,WESTBROOK-R,RLOPEZ-R,,,,,,,,
2011,2011-08-21,CLE,DET,7.0,8.0,False,0|0|0|5|1|1|0|0|0,0|0|7|1|0|0|0|0|x,110.0,-130.0,-114.0,-106.0,,8.5,sbro,,,,,UJIMENEZ-R,RPORCELLO-R,,,,,,,,
2011,2011-08-21,SEA,TAM,7.0,8.0,False,3|1|0|1|0|0|0|2|0,0|2|0|0|0|1|4|0|1,170.0,-190.0,170.0,-200.0,,7.0,sbro,,,,,MPINEDA-R,JSHIELDS-R,,,,,,,,
2011,2011-08-21,BOS,KAN,6.0,1.0,False,0|0|0|0|1|1|1|3|0,0|0|0|0|0|0|1|0|0,-230.0,200.0,-210.0,180.0,,8.0,sbro,,,,,JLESTER-L,DDUFFY-L,,,,,,,,
2011,2011-08-21,NYY,MIN,3.0,0.0,False,0|0|0|0|0|1|2|0|0,0|0|0|0|0|0|0|0|0,-175.0,155.0,-172.0,152.0,,9.0,sbro,,,,,INOVA-R,NBLACKBUR-R,,,,,,,,
2011,2011-08-21,TEX,CWS,0.0,10.0,False,0|0|0|0|0|0|0|0|0,0|0|4|1|2|0|0|3|x,-125.0,105.0,-119.0,-101.0,,9.0,sbro,,,,,DHOLLAND-L,GFLOYD-R,,,,,,,,
2011,2011-08-21,BAL,LAA,1.0,7.0,False,0|0|0|0|0|0|1|0|0,0|2|1|3|0|1|0|0|x,135.0,-155.0,122.0,-142.0,,9.0,sbro,,,,,BMATUSZ-L,JWILLIAMS-R,,,,,,,,
2011,2011-08-21,TOR,OAK,1.0,0.0,False,0|0|0|0|0|0|1|0|0,0|0|0|0|0|0|0|0|0,115.0,-135.0,112.0,-132.0,,8.5,sbro,,,,,LPEREZ-L,GMOSCOSO-R,,,,,,,,
2011,2011-08-22,MIL,PIT,8.0,1.0,False,0|0|0|2|0|0|0|4|2,0|0|0|0|0|0|0|1|0,-115.0,-105.0,-118.0,-102.0,,8.5,sbro,,,,,CNARVESON-L,JKARSTENS-R,,,,,,,,
2011,2011-08-22,MIL,PIT,2.0,9.0,False,2|0|0|0|0|0|0|0|0,1|0|0|1|0|0|7|0|x,-180.0,160.0,-200.0,170.0,,8.0,sbro,,,,,ZGREINKE-R,BLINCOLN-R,,,,,,,,
2011,2011-08-22,NYM,PHI,0.0,10.0,False,0|0|0|0|0|0|0|0|0,0|3|2|3|0|2|0|0|x,200.0,-230.0,200.0,-240.0,,7.5,sbro,,,,,DGEE-R,CLEE-L,,,,,,,,
2011,2011-08-22,ARI,WAS,1.0,4.0,False,0|0|0|0|0|0|1|0|0,0|1|0|3|0|0|0|0|x,-125.0,105.0,-109.0,-111.0,,9.0,sbro,,,,,JSAUNDERS-L,RDETWILER-L,,,,,,,,
2011,2011-08-22,ATL,CUB,3.0,0.0,False,0|1|1|0|0|1|0|0|0,0|0|0|0|0|0|0|0|0,-135.0,115.0,-115.0,-105.0,,8.0,sbro,,,,,JJURRJENS-R,RDEMPSTER-R,,,,,,,,
2011,2011-08-22,LOS,STL,2.0,1.0,False,0|0|0|0|0|0|0|0|2,0|1|0|0|0|0|0|0|0,170.0,-190.0,165.0,-185.0,,7.0,sbro,,,,,NEOVALDI-R,CARPENTER-R,,,,,,,,
2011,2011-08-22,HOU,COL,5.0,9.0,False,0|0|0|1|0|0|0|0|4,6|1|0|0|0|0|0|2|x,170.0,-200.0,190.0,-220.0,,9.0,sbro,,,,,BMYERS-R,JCHACIN-R,,,,,,,,
2011,2011-08-22,SEA,CLE,3.0,2.0,False,1|1|0|0|0|0|0|0|1,0|2|0|0|0|0|0|0|0,140.0,-160.0,147.0,-167.0,,8.0,sbro,,,,,JVARGAS-L,FCARMONA-R,,,,,,,,
2011,2011-08-22,DET,TAM,5.0,2.0,False,0|2|0|0|0|0|0|2|1,1|0|0|0|0|0|0|0|1,-150.0,130.0,-128.0,108.0,,7.0,sbro,,,,,VERLANDER-R,JNIEMANN-R,,,,,,,,
2011,2011-08-22,BOS,TEX,0.0,4.0,False,0|0|0|0|0|0|0|0|0,0|0|1|0|0|3|0|0|x,125.0,-145.0,129.0,-149.0,,8.5,sbro,,,,,EBEDARD-L,CWILSON-L,,,,,,,,
2011,2011-08-22,BAL,MIN,4.0,1.0,False,0|0|1|0|1|1|1|0|0,0|0|1|0|0|0|0|0|0,115.0,-135.0,119.0,-139.0,,8.5,sbro,,,,,ZBRITTON-L,CPAVANO-R,,,,,,,,
2011,2011-08-23,MIL,PIT,11.0,4.0,False,0|7|0|0|0|1|0|1|2,0|0|1|0|1|0|0|2|0,-150.0,130.0,-135.0,115.0,,8.5,sbro,,,,,MESTRADA-R,ROHLENDOR-R,,,,,,,,
2011,2011-08-23,ARI,WAS,2.0,0.0,False,0|0|0|0|0|0|2|0|0,0|0|0|0|0|0|0|0|0,-120.0,100.0,100.0,-120.0,,7.0,sbro,,,,,IKENNEDY-R,JZIMMERMN-R,,,,,,,,
2011,2011-08-23,NYM,PHI,4.0,9.0,False,0|0|0|0|0|0|1|2|1,0|0|4|1|4|0|0|0|x,170.0,-200.0,167.0,-187.0,,8.0,sbro,,,,,JNIESE-L,VWORLEY-R,,,,,,,,
2011,2011-08-23,CIN,MIA,8.0,6.0,False,0|1|1|0|0|0|2|0|4,0|0|0|0|3|2|0|1|0,-145.0,125.0,-130.0,110.0,,7.0,sbro,,,,,JCUETO-R,RNOLASCO-R,,,,,,,,
2011,2011-08-23,ATL,CUB,5.0,4.0,False,0|0|0|5|0|0|0|0|0,0|0|0|0|4|0|0|0|0,-145.0,125.0,-145.0,125.0,,11.0,sbro,,,,,MMINOR-L,CCOLEMAN-R,,,,,,,,
2011,2011-08-23,LOS,STL,13.0,2.0,False,3|4|1|0|3|0|0|0|2,0|0|0|0|0|0|0|0|2,-130.0,110.0,-110.0,-110.0,,7.0,sbro,,,,,CKERSHAW-L,KLOHSE-R,,,,,,,,
2011,2011-08-23,HOU,COL,6.0,8.0,False,0|1|2|0|0|2|1|0|0,2|0|1|0|2|1|2|0|x,130.0,-150.0,152.0,-172.0,,9.5,sbro,,,,,BNORRIS-R,AWHITE-R,,,,,,,,
2011,2011-08-23,SDG,SFO,7.0,5.0,False,1|2|1|0|0|0|1|0|2,0|0|0|0|0|2|0|3|0,130.0,-150.0,115.0,-135.0,,6.0,sbro,,,,,MLATOS-R,MCAIN-R,,,,,,,,
2011,2011-08-23,KAN,TOR,6.0,4.0,False,0|3|0|0|3|0|0|0|0,0|0|0|0|0|3|0|0|1,170.0,-190.0,175.0,-195.0,,8.5,sbro,,,,,BCHEN-L,BMORROW-R,,,,,,,,
2011,2011-08-23,SEA,CLE,12.0,7.0,False,0|0|5|5|1|0|0|1|0,0|1|1|2|0|2|0|1|0,139.0,-159.0,136.0,-156.0,,9.0,sbro,,,,,AVASQUEZ-L,ZMCALLIST-R,,,,,,,,
2011,2011-08-23,OAK,NYY,6.0,5.0,False,0|1|1|0|0|1|2|1|0,0|0|0|0|0|0|0|3|2,170.0,-200.0,180.0,-210.0,,9.5,sbro,,,,,BMCCARTHY-R,BCOLON-R,,,,,,,,
2011,2011-08-23,DET,TAM,2.0,1.0,False,0|0|0|0|0|0|2|0|0,0|0|1|0|0|0|0|0|0,170.0,-200.0,175.0,-195.0,,8.0,sbro,,,,,BPENNY-R,DPRICE-L,,,,,,,,
2011,2011-08-23,BOS,TEX,11.0,5.0,False,2|2|2|1|0|0|0|4|0,0|0|3|0|1|0|0|0|1,140.0,-160.0,122.0,-142.0,,10.0,sbro,,,,,JLACKEY-R,CLEWIS-R,,,,,,,,
2011,2011-08-23,BAL,MIN,8.0,1.0,False,0|4|3|0|1|0|0|0|0,0|0|1|0|0|0|0|0|0,130.0,-150.0,126.0,-146.0,,9.0,sbro,,,,,ASIMON-R,BDUENSING-L,,,,,,,,
2011,2011-08-23,CWS,LAA,4.0,5.0,False,0|0|2|0|1|0|0|1|0,1|1|1|1|0|0|0|0|1,130.0,-150.0,130.0,-150.0,,7.0,sbro,,,,,MBUEHRLE-L,ESANTANA-R,,,,,,,,
2011,2011-08-23,SEA,CLE,5.0,7.0,False,0|1|0|0|2|0|0|0|2,1|0|0|1|0|1|1|0|3,200.0,-230.0,180.0,-210.0,,7.5,sbro,,,,,BBEAVAN-R,MASTERSON-R,,,,,,,,
2011,2011-08-24,MIL,PIT,0.0,2.0,False,0|0|0|0|0|0|0|0|0,1|0|0|1|0|0|0|0|x,-172.0,152.0,-182.0,162.0,,8.5,sbro,,,,,SMARCUM-R,ATHOMPSON-L,,,,,,,,
2011,2011-08-24,NYM,PHI,7.0,4.0,False,4|0|1|1|1|0|0|0|0,0|3|0|0|0|0|1|0|0,175.0,-195.0,161.0,-181.0,,9.0,sbro,,,,,MPELFREY-R,KKENDRICK-R,,,,,,,,
2011,2011-08-24,LOS,STL,9.0,4.0,False,0|0|6|0|1|2|0|0|0,0|1|0|0|0|0|2|0|1,120.0,-140.0,140.0,-160.0,,7.5,sbro,,,,,HKURODA-R,JGARCIA-L,,,,,,,,
2011,2011-08-24,HOU,COL,6.0,7.0,False,2|2|1|0|1|0|0|0|0,4|0|0|2|0|0|0|0|0,130.0,-150.0,153.0,-173.0,,9.5,sbro,,,,,WRODRIGEZ-L,ACOOK-R,,,,,,,,
2011,2011-08-24,ARI,WAS,4.0,2.0,False,0|0|0|2|0|0|0|2|0,0|0|0|0|0|0|0|0|2,-130.0,110.0,-112.0,-108.0,,8.0,sbro,,,,,DHUDSON-R,LHERNADEZ-R,,,,,,,,
2011,2011-08-24,CIN,MIA,3.0,2.0,False,2|0|1|0|0|0|0|0|0,0|0|0|0|0|0|0|0|2,-116.0,-104.0,-115.0,-105.0,,8.5,sbro,,,,,BARROYO-R,CVOLSTAD-R,,,,,,,,
2011,2011-08-24,ATL,CUB,2.0,3.0,False,0|0|0|0|0|0|1|1|0,0|3|0|0|0|0|0|0|x,-140.0,120.0,-122.0,102.0,,8.5,sbro,,,,,DLOWE-R,RWELLS-R,,,,,,,,
2011,2011-08-24,SDG,SFO,1.0,2.0,False,0|0|0|0|0|1|0|0|0,0|0|0|1|1|0|0|0|x,165.0,-185.0,162.0,-182.0,,6.0,sbro,,,,,TSTAUFFER-R,TLINCECUM-R,,,,,,,,
2011,2011-08-24,SEA,CLE,9.0,2.0,False,0|0|0|2|4|0|3|0|0,0|0|1|1|0|0|0|0|0,-113.0,-107.0,-109.0,-111.0,,7.0,sbro,,,,,FHERNANDZ-R,JTOMLIN-R,,,,,,,,
2011,2011-08-24,OAK,NYY,6.0,4.0,False,1|0|0|0|0|0|0|2|0,0|0|1|0|0|1|0|1|0,200.0,-240.0,250.0,-290.0,,9.0,sbro,,,,,TCAHILL-R,CSABATHIA-L,,,,,,,,
2011,2011-08-24,KAN,TOR,3.0,4.0,False,1|0|1|0|1|0|0|0|0,0|0|0|3|0|0|1|0|x,170.0,-190.0,158.0,-178.0,,8.0,sbro,,,,,LHOCHEVAR-R,RROMERO-L,,,,,,,,
2011,2011-08-24,DET,TAM,2.0,3.0,False,0|0|1|0|0|0|1|0|0,0|0|0|1|1|0|0|0|0,-113.0,-107.0,-112.0,-108.0,,8.5,sbro,,,,,MSCHERZER-R,WDAVIS-R,,,,,,,,
2011,2011-08-24,BOS,TEX,13.0,2.0,False,4|1|0|1|1|2|2|2|0,0|0|0|1|0|0|0|1|0,-113.0,-107.0,-112.0,-108.0,,9.5,sbro,,,,,JBECKETT-R,MHARRISON-L,,,,,,,,
2011,2011-08-24,BAL,MIN,6.0,1.0,False,0|0|0|0|5|0|0|0|1,0|0|1|0|0|0|0|0|0,102.0,-122.0,108.0,-128.0,,9.0,sbro,,,,,JGUTHRIE-R,KSLOWEY-R,,,,,,,,
2011,2011-08-24,CWS,LAA,0.0,8.0,False,0|0|0|0|0|0|0|0|0,0|3|1|0|0|0|4|0|x,185.0,-215.0,190.0,-220.0,,7.0,sbro,,,,,ZSTEWART-R,JERWEAVER-R,,,,,,,,
2011,2011-08-24,CIN,MIA,5.0,6.0,False,0|0|2|0|1|0|0|0|2,0|0|0|3|0|0|0|3|x,-113.0,-107.0,-110.0,-110.0,,8.0,sbro,,,,,HBAILEY-R,JVAZQUEZ-R,,,,,,,,
2011,2011-08-25,ATL,CUB,8.0,3.0,False,3|0|2|0|1|0|1|1|0,1|2|0|0|0|0|0|0|0,-130.0,110.0,-112.0,-108.0,,7.0,sbro,,,,,BBEACHY-R,MGARZA-R,,,,,,,,
2011,2011-08-25,ARI,WAS,8.0,1.0,False,0|0|0|0|0|2|0|3|3,0|0|0|0|0|0|1|0|0,125.0,-145.0,113.0,-133.0,,9.0,sbro,,,,,WMILEY-L,JLANNAN-L,,,,,,,,
2011,2011-08-25,PIT,STL,4.0,8.0,False,0|0|3|1|0|0|0|0|0,2|1|0|0|2|0|0|3|x,140.0,-160.0,147.0,-167.0,,8.0,sbro,,,,,CMORTON-R,EJACKSON-R,,,,,,,,
2011,2011-08-25,HOU,SFO,3.0,1.0,False,1|0|1|0|0|0|1|0|0,0|0|1|0|0|0|0|0|0,200.0,-230.0,250.0,-290.0,,7.5,sbro,,,,,HSOSA-R,VOGELSONG-R,,,,,,,,
2011,2011-08-25,OAK,NYY,9.0,22.0,False,1|1|5|0|0|0|0|1|1,1|0|0|1|4|4|6|6|x,170.0,-200.0,200.0,-230.0,,9.5,sbro,,,,,RHARDEN-R,PHUGHES-R,,,,,,,,
2011,2011-08-25,DET,TAM,2.0,0.0,False,1|0|0|0|1|0|0|0|0,0|0|0|0|0|0|0|0|0,130.0,-150.0,149.0,-169.0,,7.5,sbro,,,,,DFISTER-R,JHELLICKS-R,,,,,,,,
2011,2011-08-25,BAL,MIN,6.0,1.0,False,0|1|0|0|0|2|3|0|0,0|0|1|0|0|0|0|0|0,150.0,-170.0,150.0,-170.0,,8.5,sbro,,,,,JJREYES-L,FLIRIANO-L,,,,,,,,
2011,2011-08-25,KAN,TOR,9.0,6.0,False,0|0|1|1|0|2|1|2|2,0|0|0|0|0|0|2|2|2,155.0,-175.0,146.0,-166.0,,9.0,sbro,,,,,JFRANCIS-L,BCECIL-L,,,,,,,,
2011,2011-08-25,BOS,TEX,6.0,0.0,False,1|1|2|2|0|0|0|0|0,0|0|0|0|0|0|0|0|0,150.0,-170.0,132.0,-152.0,,10.0,sbro,,,,,AMILLER-L,AOGANDO-R,,,,,,,,
2011,2011-08-26,MIA,PHI,6.0,5.0,False,1|0|0|1|0|4|0|0|0,0|0|1|0|0|3|0|0|1,190.0,-220.0,220.0,-260.0,,8.5,sbro,,,,,CHENSLEY-R,ROSWALT-R,,,,,,,,
2011,2011-08-26,ATL,NYM,0.0,6.0,False,0|0|0|0|0|0|0|0|0,0|0|0|0|2|0|2|2|x,-155.0,135.0,-136.0,116.0,,7.5,sbro,,,,,THUDSON-R,CCAPUANO-L,,,,,,,,
2011,2011-08-26,WAS,CIN,3.0,4.0,False,0|0|0|3|0|0|0|0|0,0|1|0|0|0|1|1|0|1,130.0,-150.0,116.0,-136.0,,9.5,sbro,,,,,CWANG-R,DWILLIS-L,,,,,,,,
2011,2011-08-26,CUB,MIL,2.0,5.0,False,1|0|1|0|0|0|0|0|0,0|0|0|1|3|0|1|0|x,170.0,-190.0,156.0,-176.0,,9.0,sbro,,,,,RLOPEZ-R,RWOLF-L,,,,,,,,
2011,2011-08-26,PIT,STL,4.0,5.0,False,3|0|0|1|0|0|0|0|0,0|3|0|0|0|0|0|2|x,145.0,-165.0,154.0,-174.0,,8.5,sbro,,,,,JMCDONALD-R,WESTBROOK-R,,,,,,,,
2011,2011-08-26,SDG,ARI,0.0,5.0,False,0|0|0|0|0|0|0|0|0,4|1|0|0|0|0|0|0|x,160.0,-180.0,139.0,-159.0,,9.0,sbro,,,,,WLEBLANC-L,JCOLLMENT-R,,,,,,,,
2011,2011-08-26,COL,LOS,1.0,6.0,False,1|0|0|0|0|0|0|0|0,0|0|0|0|0|0|6|0|x,130.0,-150.0,104.0,-124.0,,7.5,sbro,,,,,EROGERS-R,TLILLY-L,,,,,,,,
2011,2011-08-26,HOU,SFO,1.0,2.0,False,0|0|0|0|0|0|1|0|0,0|0|0|0|2|0|0|0|x,200.0,-240.0,210.0,-250.0,,7.5,sbro,,,,,JHAPP-L,MBUMGARNR-L,,,,,,,,
2011,2011-08-26,NYY,BAL,5.0,12.0,False,0|0|0|0|1|0|3|1|0,0|6|0|1|2|3|0|0|x,-160.0,140.0,-170.0,150.0,,10.0,sbro,,,,,ABURNETT-R,THUNTER-R,,,,,,,,
2011,2011-08-26,TAM,TOR,6.0,1.0,False,0|0|2|1|0|1|1|0|1,0|1|0|0|0|0|0|0|0,-150.0,130.0,-138.0,118.0,,8.5,sbro,,,,,JSHIELDS-R,HALVAREZ-R,,,,,,,,
2011,2011-08-26,KAN,CLE,1.0,2.0,False,0|0|0|1|0|0|0|0|0,0|0|0|0|0|0|2|0|x,130.0,-150.0,139.0,-159.0,,8.5,sbro,,,,,FPAULINO-R,UJIMENEZ-R,,,,,,,,
2011,2011-08-26,OAK,BOS,15.0,5.0,False,0|2|0|6|0|0|1|4|2,1|0|0|2|1|0|0|0|1,125.0,-145.0,130.0,-150.0,,9.5,sbro,,,,,GGONZALEZ-L,WAKEFIELD-R,,,,,,,,
2011,2011-08-26,LAA,TEX,7.0,11.0,False,0|0|0|0|0|0|1|4|2,0|2|0|1|4|4|0|0|x,-120.0,100.0,-107.0,-113.0,,9.0,sbro,,,,,DHAREN-R,DHOLLAND-L,,,,,,,,
2011,2011-08-26,DET,MIN,8.0,1.0,False,0|0|2|0|0|0|3|3|0,0|1|0|0|0|0|0|0|0,-105.0,-115.0,-135.0,115.0,,9.5,sbro,,,,,RPORCELLO-R,SDIAMOND-L,,,,,,,,
2011,2011-08-26,CWS,SEA,4.0,2.0,False,2|0|0|0|2|0|0|0|0,0|1|0|1|0|0|0|0|0,-150.0,130.0,-127.0,107.0,,8.0,sbro,,,,,JPEAVY-R,CFURBUSH-L,,,,,,,,
2011,2011-08-27,COL,LOS,6.0,7.0,False,0|0|3|1|0|0|2|0|0,0|0|0|0|0|5|0|0|1,135.0,-155.0,107.0,-127.0,,8.5,sbro,,,,,KMILLWOOD-R,BILLNGSLEY-R,,,,,,,,
2011,2011-08-27,WAS,CIN,3.0,6.0,False,0|0|2|0|0|0|0|1|0,1|0|3|0|1|1|0|0|x,125.0,-145.0,131.0,-151.0,,9.0,sbro,,,,,RDETWILER-L,MLEAKE-R,,,,,,,,
2011,2011-08-27,CUB,MIL,4.0,6.0,False,0|1|0|0|0|0|0|3|0,3|1|1|0|0|0|1|0|x,170.0,-200.0,161.0,-181.0,,7.5,sbro,,,,,RDEMPSTER-R,YGALLARDO-R,,,,,,,,
2011,2011-08-27,PIT,STL,7.0,0.0,False,0|1|0|4|1|1|0|0|0,0|0|0|0|0|0|0|0|0,200.0,-230.0,210.0,-250.0,,7.5,sbro,,,,,BLINCOLN-R,CARPENTER-R,,,,,,,,
2011,2011-08-27,SDG,ARI,1.0,3.0,False,0|0|0|0|0|0|1|0|0,0|0|0|2|0|1|0|0|x,135.0,-155.0,121.0,-141.0,,9.5,sbro,,,,,AHARANG-R,JSAUNDERS-L,,,,,,,,
2011,2011-08-27,HOU,SFO,1.0,2.0,False,0|0|0|0|1|0|0|0|0,1|0|0|0|0|0|0|0|0,158.0,-178.0,167.0,-187.0,,7.0,sbro,,,,,BMYERS-R,ESURKAMP-L,,,,,,,,
2011,2011-08-27,TAM,TOR,6.0,5.0,False,0|0|0|2|0|1|3|0|0,1|0|0|1|0|0|1|2|0,-110.0,-110.0,-125.0,105.0,,8.5,sbro,,,,,JNIEMANN-R,LPEREZ-L,,,,,,,,
2011,2011-08-27,OAK,BOS,0.0,4.0,False,0|0|0|0|0|0|0|0|0,0|2|0|1|0|1|0|0|x,210.0,-250.0,210.0,-250.0,,9.5,sbro,,,,,GGODFREY-R,EBEDARD-L,,,,,,,,
2011,2011-08-27,DET,MIN,6.0,4.0,False,0|2|0|0|2|0|2|0|0,0|0|0|0|2|2|0|0|0,-200.0,170.0,-210.0,180.0,,7.0,sbro,,,,,VERLANDER-R,CPAVANO-R,,,,,,,,
2011,2011-08-27,KAN,CLE,7.0,8.0,False,0|0|0|3|1|0|3|0|0,0|1|0|2|0|1|1|3|x,135.0,-155.0,124.0,-144.0,,8.5,sbro,,,,,DDUFFY-L,FCARMONA-R,,,,,,,,
2011,2011-08-27,LAA,TEX,8.0,4.0,False,0|1|1|2|2|0|2|0|0,0|0|0|2|2|0|0|0|0,128.0,-148.0,143.0,-163.0,,8.5,sbro,,,,,ESANTANA-R,CWILSON-L,,,,,,,,
2011,2011-08-27,CWS,SEA,3.0,0.0,False,0|0|0|2|0|0|0|1|0,0|0|0|0|0|0|0|0|0,-110.0,-110.0,-105.0,-105.0,,7.0,sbro,,,,,JDANKS-L,MPINEDA-R,,,,,,,,
2011,2011-08-27,OAK,BOS,3.0,9.0,False,0|1|1|0|0|0|0|0|1,1|3|3|1|1|0|0|0|x,230.0,-270.0,220.0,-260.0,,8.5,sbro,,,,,GMOSCOSO-R,JLESTER-L,,,,,,,,
2011,2011-08-28,WAS,CIN,4.0,5.0,False,1|0|0|0|1|0|0|1|1,1|0|0|1|1|0|0|0|1,145.0,-165.0,125.0,-145.0,,7.5,sbro,,,,,JZIMMERMN-R,JCUETO-R,,,,,,,,
2011,2011-08-28,CUB,MIL,2.0,3.0,False,0|0|0|0|0|0|0|1|1,1|0|0|0|2|0|0|0|x,220.0,-260.0,240.0,-280.0,,8.0,sbro,,,,,CCOLEMAN-R,ZGREINKE-R,,,,,,,,
2011,2011-08-28,PIT,STL,4.0,7.0,False,1|3|0|0|0|0|0|0|0,3|0|1|1|0|0|2|0|x,135.0,-155.0,120.0,-140.0,,7.5,sbro,,,,,JKARSTENS-R,KLOHSE-R,,,,,,,,
2011,2011-08-28,HOU,SFO,4.0,3.0,False,0|0|0|1|0|0|0|1|0,0|0|0|0|0|0|2|0|0,170.0,-200.0,180.0,-210.0,,6.5,sbro,,,,,BNORRIS-R,MCAIN-R,,,,,,,,
2011,2011-08-28,SDG,ARI,1.0,6.0,False,0|1|0|0|0|0|0|0|0,0|1|2|0|0|0|0|3|x,130.0,-150.0,129.0,-149.0,,7.5,sbro,,,,,CLUEBKE-L,IKENNEDY-R,,,,,,,,
2011,2011-08-28,COL,LOS,7.0,6.0,False,5|0|0|0|2|0|0|0|0,1|0|1|0|0|2|2|0|0,110.0,-130.0,-108.0,-112.0,,7.5,sbro,,,,,JCHACIN-R,NEOVALDI-R,,,,,,,,
2011,2011-08-28,TAM,TOR,12.0,0.0,False,1|4|0|0|0|0|1|0|6,0|0|0|0|0|0|0|0|0,-120.0,100.0,-122.0,102.0,,7.5,sbro,,,,,DPRICE-L,BMORROW-R,,,,,,,,
2011,2011-08-28,KAN,CLE,2.0,1.0,False,1|0|1|0|0|0|0|0|0,1|0|0|0|0|0|0|0|0,160.0,-180.0,145.0,-165.0,,7.5,sbro,,,,,BCHEN-L,MASTERSON-R,,,,,,,,
2011,2011-08-28,NYY,BAL,0.0,2.0,False,0|0|0|0|0|0|0|0|0,0|0|0|0|0|0|1|1|x,-180.0,160.0,-172.0,152.0,,9.5,sbro,,,,,BCOLON-R,ZBRITTON-L,,,,,,,,
2011,2011-08-28,DET,MIN,4.0,11.0,False,0|2|0|0|0|2|0|0|0,2|0|1|3|0|1|4|0|x,-125.0,105.0,-120.0,100.0,,9.5,sbro,,,,,BPENNY-R,BDUENSING-L,,,,,,,,
2011,2011-08-28,CWS,SEA,9.0,3.0,False,0|0|0|3|0|6|0|0|0,0|0|0|0|0|0|0|2|1,-135.0,115.0,-118.0,-102.0,,7.5,sbro,,,,,GFLOYD-R,JVARGAS-L,,,,,,,,
2011,2011-08-28,LAA,TEX,5.0,9.0,False,1|1|2|0|1|0|0|0|0,0|1|3|0|0|0|4|1|x,-110.0,-110.0,100.0,-120.0,,8.5,sbro,,,,,JERWEAVER-R,CLEWIS-R,,,,,,,,
2011,2011-08-28,NYY,BAL,8.0,3.0,False,0|0|3|0|0|4|1|0|0,1|1|1|0|0|0|0|0|0,-200.0,170.0,-220.0,190.0,,9.0,sbro,,,,,INOVA-R,BMATUSZ-L,,,,,,,,
2011,2011-08-29,MIA,NYM,1.0,5.0,False,0|0|0|0|0|1|0|0|0,0|0|0|1|0|2|1|1|x,-102.0,-118.0,-110.0,-110.0,,8.0,sbro,,,,,RNOLASCO-R,DGEE-R,,,,,,,,
2011,2011-08-29,PHI,CIN,3.0,2.0,False,0|0|0|0|1|0|0|2|0,0|0|0|1|0|0|0|1|0,-145.0,125.0,-146.0,126.0,,8.0,sbro,,,,,CHAMELS-L,HBAILEY-R,,,,,,,,
2011,2011-08-29,PIT,HOU,4.0,7.0,False,0|0|0|3|0|0|0|0|1,0|0|0|1|1|0|4|1|x,111.0,-131.0,105.0,-125.0,,8.0,sbro,,,,,ROHLENDOR-R,WRODRIGEZ-L,,,,,,,,
2011,2011-08-29,COL,ARI,1.0,5.0,False,0|0|0|0|0|0|0|0|1,1|0|0|0|0|4|0|0|x,148.0,-168.0,124.0,-144.0,,9.0,sbro,,,,,AWHITE-R,DHUDSON-R,,,,,,,,
2011,2011-08-29,SDG,LOS,1.0,4.0,False,0|0|0|1|0|0|0|0|0,1|0|2|1|0|0|0|0|x,135.0,-155.0,148.0,-168.0,,6.0,sbro,,,,,MLATOS-R,CKERSHAW-L,,,,,,,,
2011,2011-08-29,CUB,SFO,7.0,0.0,False,0|0|0|0|1|0|5|0|1,0|0|0|0|0|0|0|0|0,206.0,-236.0,200.0,-230.0,,6.5,sbro,,,,,RWELLS-R,TLINCECUM-R,,,,,,,,
2011,2011-08-29,OAK,CLE,1.0,2.0,False,0|0|0|0|0|0|0|1|0,0|0|0|0|0|1|1|0|x,103.0,-123.0,-113.0,-107.0,,8.0,sbro,,,,,BMCCARTHY-R,DHUFF-L,,,,,,,,
2011,2011-08-29,KAN,DET,9.0,5.0,False,1|1|3|2|0|2|0|0|0,0|0|3|0|1|0|0|1|0,145.0,-165.0,152.0,-172.0,,8.5,sbro,,,,,LHOCHEVAR-R,MSCHERZER-R,,,,,,,,
2011,2011-08-29,TAM,TOR,3.0,7.0,False,2|0|0|0|1|0|0|0|0,0|0|3|2|1|1|0|0|x,135.0,-155.0,125.0,-145.0,,8.0,sbro,,,,,WDAVIS-R,RROMERO-L,,,,,,,,
2011,2011-08-29,NYY,BAL,3.0,2.0,False,1|0|0|2|0|0|0|0|0,0|0|0|0|1|0|0|1|0,-168.0,148.0,-174.0,154.0,,9.5,sbro,,,,,FGARCIA-R,ASIMON-R,,,,,,,,
2011,2011-08-29,MIN,CWS,0.0,3.0,False,0|0|0|0|0|0|0|0|0,0|1|0|0|0|0|1|1|x,173.0,-203.0,161.0,-181.0,,8.5,sbro,,,,,KSLOWEY-R,MBUEHRLE-L,,,,,,,,
2011,2011-08-29,LAA,SEA,3.0,5.0,False,0|0|0|3|0|0|0|0|0,1|1|0|0|1|0|0|2|x,-113.0,-107.0,-126.0,106.0,,8.0,sbro,,,,,JPINEIRO-R,BBEAVAN-R,,,,,,,,
2011,2011-08-29,MIA,NYM,1.0,2.0,False,0|0|0|0|0|0|0|0|1,0|1|1|0|0|0|0|0|x,105.0,-125.0,-107.0,-113.0,,8.0,sbro,,,,,ASANCHEZ-R,RDICKEY-R,,,,,,,,
2011,2011-08-30,PHI,CIN,9.0,0.0,False,0|0|0|2|0|4|2|0|1,0|0|0|0|0|0|0|0|0,-200.0,170.0,-172.0,152.0,,8.0,sbro,,,,,RHALLADAY-R,BARROYO-R,,,,,,,,
2011,2011-08-30,WAS,ATL,9.0,2.0,False,0|1|1|0|3|1|3|0|0,0|1|0|0|0|0|1|0|0,170.0,-200.0,162.0,-182.0,,9.0,sbro,,,,,LHERNADEZ-R,JJURRJENS-R,,,,,,,,
2011,2011-08-30,MIA,NYM,6.0,0.0,False,0|0|0|0|0|0|5|0|1,0|0|0|0|0|0|0|0|0,110.0,-130.0,-107.0,-113.0,,8.0,sbro,,,,,JVAZQUEZ-R,MPELFREY-R,,,,,,,,
2011,2011-08-30,PIT,HOU,2.0,8.0,False,0|0|1|0|0|0|0|0|1,0|0|0|0|1|6|1|0|x,-135.0,115.0,-122.0,102.0,,8.0,sbro,,,,,CMORTON-R,HSOSA-R,,,,,,,,
2011,2011-08-30,STL,MIL,2.0,1.0,False,0|0|0|0|2|0|0|0|0,0|0|0|0|0|1|0|0|0,140.0,-160.0,120.0,-140.0,,8.5,sbro,,,,,EJACKSON-R,SMARCUM-R,,,,,,,,
2011,2011-08-30,COL,ARI,4.0,9.0,False,1|0|0|1|0|0|0|1|1,0|0|3|0|3|1|0|2|x,135.0,-155.0,108.0,-128.0,,9.5,sbro,,,,,ACOOK-R,WMILEY-L,,,,,,,,
2011,2011-08-30,SDG,LOS,5.0,8.0,False,0|0|0|0|0|4|1|0|0,0|8|0|0|0|0|0|0|x,135.0,-155.0,131.0,-151.0,,7.0,sbro,,,,,TSTAUFFER-R,HKURODA-R,,,,,,,,
2011,2011-08-30,CUB,SFO,5.0,2.0,False,0|1|2|0|0|0|2|0|0,0|0|0|0|1|0|1|0|0,125.0,-145.0,116.0,-136.0,,6.5,sbro,,,,,MGARZA-R,VOGELSONG-R,,,,,,,,
2011,2011-08-30,OAK,CLE,2.0,6.0,False,0|0|0|0|1|0|0|0|1,0|0|2|0|0|4|0|0|x,-120.0,100.0,-115.0,-105.0,,8.5,sbro,,,,,TCAHILL-R,JGOMEZ-R,,,,,,,,
2011,2011-08-30,KAN,DET,1.0,2.0,False,0|0|0|0|0|0|1|0|0,0|0|0|0|0|0|0|1|0,170.0,-190.0,157.0,-177.0,,8.5,sbro,,,,,JFRANCIS-L,DFISTER-R,,,,,,,,
2011,2011-08-30,TOR,BAL,5.0,6.0,False,0|3|0|0|0|0|0|0|1,0|2|0|1|1|0|0|0|0,-114.0,-106.0,-108.0,-112.0,,9.0,sbro,,,,,BCECIL-L,JGUTHRIE-R,,,,,,,,
2011,2011-08-30,NYY,BOS,5.0,2.0,False,0|1|0|2|1|0|1|0|0,0|0|0|2|0|0|0|0|0,-160.0,140.0,-136.0,116.0,,9.0,sbro,,,,,CSABATHIA-L,JLACKEY-R,,,,,,,,
2011,2011-08-30,TAM,TEX,0.0,2.0,False,0|0|0|0|0|0|0|0|0,0|0|0|0|0|2|0|0|x,110.0,-130.0,101.0,-121.0,,9.5,sbro,,,,,JHELLICKS-R,SFELDMAN-R,,,,,,,,
2011,2011-08-30,MIN,CWS,6.0,8.0,False,0|0|0|3|3|0|0|0|0,0|0|0|3|5|0|0|0|x,135.0,-155.0,128.0,-148.0,,9.0,sbro,,,,,ASWARZAK-R,ZSTEWART-R,,,,,,,,
2011,2011-08-30,LAA,SEA,13.0,6.0,False,0|1|0|3|8|0|0|0|1,0|0|0|2|0|0|2|2|0,-135.0,115.0,-135.0,115.0,,8.0,sbro,,,,,JWILLIAMS-R,AVASQUEZ-L,,,,,,,,
2011,2011-08-31,SDG,LOS,2.0,4.0,False,0|1|0|0|0|1|0|0|0,1|2|0|1|0|0|0|0|x,135.0,-155.0,127.0,-147.0,,7.5,sbro,,,,,WLEBLANC-L,TLILLY-L,,,,,,,,
2011,2011-08-31,CUB,SFO,0.0,4.0,False,0|0|0|0|0|0|0|0|0,0|0|0|2|1|1|0|0|x,170.0,-200.0,155.0,-175.0,,7.0,sbro,,,,,RLOPEZ-R,MBUMGARNR-L,,,,,,,,
2011,2011-08-31,MIA,NYM,2.0,3.0,False,2|0|0|0|0|0|0|0|0,0|0|0|1|0|1|1|0|x,120.0,-140.0,115.0,-135.0,,8.5,sbro,,,,,CVOLSTAD-R,CCAPUANO-L,,,,,,,,
2011,2011-08-31,WAS,ATL,1.0,3.0,False,0|0|0|0|0|0|1|0|0,0|1|2|0|0|0|0|0|x,145.0,-165.0,133.0,-153.0,,8.5,sbro,,,,,JLANNAN-L,DLOWE-R,,,,,,,,
2011,2011-08-31,PHI,CIN,3.0,0.0,False,1|0|0|0|0|1|1|0|0,0|0|0|0|0|0|0|0|0,-190.0,170.0,-175.0,155.0,,8.5,sbro,,,,,CLEE-L,DWILLIS-L,,,,,,,,
2011,2011-08-31,PIT,HOU,0.0,2.0,False,0|0|0|0|0|0|0|0|0,0|0|0|2|0|0|0|0|x,-125.0,105.0,-122.0,102.0,,8.5,sbro,,,,,JMCDONALD-R,JHAPP-L,,,,,,,,
2011,2011-08-31,STL,MIL,8.0,3.0,False,2|0|0|4|0|2|0|0|0,1|0|1|1|0|0|0|0|0,140.0,-160.0,105.0,-125.0,,9.0,sbro,,,,,WESTBROOK-R,RWOLF-L,,,,,,,,
2011,2011-08-31,COL,ARI,2.0,4.0,False,0|1|1|0|0|0|0|0|0,3|0|0|0|0|1|0|0|x,160.0,-180.0,127.0,-147.0,,9.0,sbro,,,,,EROGERS-R,JCOLLMENT-R,,,,,,,,
2011,2011-08-31,KAN,DET,4.0,5.0,False,0|1|0|1|0|2|0|0|0,1|0|1|0|0|0|0|3|x,135.0,-155.0,156.0,-176.0,,9.0,sbro,,,,,NADCOCK-R,RPORCELLO-R,,,,,,,,
2011,2011-08-31,MIN,CWS,7.0,6.0,False,6|0|0|0|0|0|1|0|0,0|0|2|0|0|1|0|1|2,170.0,-200.0,170.0,-200.0,,9.0,sbro,,,,,SDIAMOND-L,JPEAVY-R,,,,,,,,
2011,2011-08-31,TOR,BAL,13.0,0.0,False,0|1|6|4|0|2|0|0|0,0|0|0|0|0|0|0|0|0,-115.0,-105.0,-122.0,102.0,,9.5,sbro,,,,,HALVAREZ-R,JJREYES-L,,,,,,,,
2011,2011-08-31,OAK,CLE,3.0,4.0,False,0|1|1|1|0|0|0|0|0,1|1|0|0|0|1|0|0|0,120.0,-140.0,108.0,-128.0,,8.0,sbro,,,,,RHARDEN-R,UJIMENEZ-R,,,,,,,,
2011,2011-08-31,NYY,BOS,5.0,9.0,False,0|0|1|0|0|4|0|0|0,0|0|2|0|2|3|0|2|x,155.0,-175.0,150.0,-170.0,,9.0,sbro,,,,,PHUGHES-R,JBECKETT-R,,,,,,,,
2011,2011-08-31,TAM,TEX,4.0,1.0,False,0|2|1|0|0|0|1|0|0,0|0|0|0|0|0|0|0|1,110.0,-130.0,100.0,-120.0,,8.5,sbro,,,,,JSHIELDS-R,AOGANDO-R,,,,,,,,
2011,2011-08-31,LAA,SEA,1.0,2.0,False,0|0|1|0|0|0|0|0|0,0|0|0|0|0|0|0|2|x,-125.0,105.0,-110.0,-110.0,,6.0,sbro,,,,,DHAREN-R,FHERNANDZ-R,,,,,,,,
2011,2011-09-01,PHI,CIN,6.0,4.0,False,0|3|0|0|0|1|2|0|0,0|0|1|0|0|0|3|0|0,-135.0,115.0,-126.0,106.0,,8.5,sbro,,,,,VWORLEY-R,MLEAKE-R,,,,,,,,
2011,2011-09-01,STL,MIL,8.0,4.0,False,2|0|4|0|2|0|0|0|0,0|0|3|0|0|0|0|1|0,155.0,-175.0,169.0,-189.0,,8.5,sbro,,,,,BDICKSON-R,YGALLARDO-R,,,,,,,,
2011,2011-09-01,WAS,ATL,2.0,5.0,False,0|0|0|0|0|1|0|1|0,1|1|0|1|0|1|0|1|x,175.0,-205.0,170.0,-200.0,,8.0,sbro,,,,,CWANG-R,THUDSON-R,,,,,,,,
2011,2011-09-01,MIA,NYM,5.0,7.0,False,1|1|0|0|0|0|0|0|3,0|0|4|0|0|0|0|3|x,-110.0,-110.0,-108.0,-112.0,,9.0,sbro,,,,,CHENSLEY-R,MBATISTA-R,,,,,,,,
2011,2011-09-01,OAK,CLE,7.0,0.0,False,0|0|0|0|2|0|2|3|0,0|0|0|0|0|0|0|0|0,-105.0,-115.0,-110.0,-110.0,,7.5,sbro,,,,,GGONZALEZ-L,FCARMONA-R,,,,,,,,
2011,2011-09-01,KAN,DET,11.0,8.0,False,0|2|0|0|4|0|4|1|0,0|0|3|0|2|3|0|0|0,140.0,-160.0,153.0,-173.0,,9.0,sbro,,,,,DDUFFY-L,JTURNER-R,,,,,,,,
2011,2011-09-01,TOR,BAL,8.0,6.0,False,0|0|2|2|0|2|0|2|0,0|1|0|2|0|2|1|0|0,-115.0,-105.0,-111.0,-109.0,,9.5,sbro,,,,,LPEREZ-L,THUNTER-R,,,,,,,,
2011,2011-09-01,NYY,BOS,4.0,2.0,False,1|0|0|0|0|0|3|0|0,0|0|0|2|0|0|0|0|0,170.0,-200.0,175.0,-195.0,,9.5,sbro,,,,,ABURNETT-R,JLESTER-L,,,,,,,,
2011,2011-09-01,TAM,TEX,2.0,7.0,False,0|0|0|0|0|1|1|0|0,0|3|0|0|2|0|1|1|x,125.0,-145.0,135.0,-155.0,,8.5,sbro,,,,,JNIEMANN-R,CWILSON-L,,,,,,,,
2011,2011-09-01,LAA,SEA,4.0,3.0,False,3|0|1|0|0|0|0|0|0,0|0|3|0|0|0|0|0|0,-160.0,140.0,-165.0,145.0,,7.5,sbro,,,,,ESANTANA-R,CFURBUSH-L,,,,,,,,
2011,2011-09-01,LOS,PIT,6.0,4.0,False,3|0|0|0|0|0|1|2|0,0|1|0|0|0|0|0|0|3,105.0,-125.0,103.0,-123.0,,8.5,sbro,,,,,DEVELAND-L,BLINCOLN-R,,,,,,,,
2011,2011-09-02,PIT,CUB,3.0,1.0,False,0|0|2|0|0|0|1|0|0,0|1|0|0|0|0|0|0|0,145.0,-165.0,152.0,-172.0,,12.5,sbro,,,,,BBURRES-L,RDEMPSTER-R,,,,,,,,
2011,2011-09-02,NYM,WAS,7.0,3.0,False,3|1|2|0|0|0|1|0|0,1|0|0|0|2|0|0|0|0,-114.0,-106.0,-103.0,-117.0,,8.0,sbro,,,,,RDICKEY-R,RDETWILER-L,,,,,,,,
2011,2011-09-02,PHI,MIA,5.0,3.0,False,1|0|0|0|2|1|1|0|0,1|0|1|0|0|1|0|0|0,-170.0,150.0,-158.0,138.0,,8.0,sbro,,,,,ROSWALT-R,BHAND-L,,,,,,,,
2011,2011-09-02,LOS,ATL,8.0,6.0,False,0|0|0|2|0|1|5|0|0,0|3|2|0|0|0|0|0|1,130.0,-150.0,150.0,-170.0,,7.5,sbro,,,,,BILLNGSLEY-R,BBEACHY-R,,,,,,,,
2011,2011-09-02,MIL,HOU,8.0,2.0,False,0|0|0|0|0|0|3|2|3,0|0|0|2|0|0|0|0|0,-205.0,175.0,-230.0,200.0,,8.0,sbro,,,,,ZGREINKE-R,LHARRELL-R,,,,,,,,
2011,2011-09-02,CIN,STL,11.0,8.0,False,0|5|0|0|0|1|2|0|3,0|2|1|0|2|1|0|1|1,117.0,-137.0,134.0,-154.0,,7.5,sbro,,,,,JCUETO-R,CARPENTER-R,,,,,,,,
2011,2011-09-02,COL,SDG,3.0,0.0,False,0|0|0|2|0|1|0|0|0,0|0|0|0|0|0|0|0|0,102.0,-122.0,-114.0,-106.0,,7.0,sbro,,,,,KMILLWOOD-R,AHARANG-R,,,,,,,,
2011,2011-09-02,ARI,SFO,2.0,6.0,False,1|0|0|0|1|0|0|0|0,0|0|3|0|1|0|2|0|x,133.0,-153.0,138.0,-158.0,,7.0,sbro,,,,,JSAUNDERS-L,MCAIN-R,,,,,,,,
2011,2011-09-02,CWS,DET,1.0,8.0,False,0|0|0|0|0|0|0|1|0,3|0|0|0|5|0|0|0|x,175.0,-195.0,170.0,-200.0,,7.0,sbro,,,,,JDANKS-L,VERLANDER-R,,,,,,,,
2011,2011-09-02,TOR,NYY,2.0,3.0,False,2|0|0|0|0|0|0|0|0,0|0|2|0|1|0|0|0|x,152.0,-172.0,136.0,-156.0,,9.5,sbro,,,,,BMORROW-R,INOVA-R,,,,,,,,
2011,2011-09-02,BAL,TAM,3.0,2.0,False,0|0|0|0|0|0|3|0|0,2|0|0|0|0|0|0|0|0,180.0,-210.0,180.0,-210.0,,7.0,sbro,,,,,ZBRITTON-L,DPRICE-L,,,,,,,,
2011,2011-09-02,TEX,BOS,10.0,0.0,False,2|4|0|1|3|0|0|0|0,0|0|0|0|0|0|0|0|0,113.0,-133.0,-108.0,-112.0,,10.0,sbro,,,,,DHOLLAND-L,AMILLER-L,,,,,,,,
2011,2011-09-02,CLE,KAN,5.0,4.0,False,2|0|2|1|0|0|0|0|0,0|0|0|0|1|1|2|0|0,-123.0,103.0,-116.0,-104.0,,8.0,sbro,,,,,MASTERSON-R,BCHEN-L,,,,,,,,
2011,2011-09-02,SEA,OAK,2.0,9.0,False,1|1|0|0|0|0|0|0|0,0|0|4|0|1|0|4|0|x,120.0,-140.0,125.0,-145.0,,8.0,sbro,,,,,JVARGAS-L,GMOSCOSO-R,,,,,,,,
2011,2011-09-02,MIN,LAA,13.0,5.0,False,1|0|0|5|0|1|1|4|1,1|0|1|0|0|1|1|0|1,185.0,-215.0,160.0,-180.0,,8.5,sbro,,,,,CPAVANO-R,TCHATWOOD-R,,,,,,,,
2011,2011-09-03,PIT,CUB,7.0,5.0,False,1|0|0|1|0|0|1|0|4,0|0|1|0|2|0|2|0|0,-110.0,-110.0,102.0,-122.0,,10.0,sbro,,,,,ROHLENDOR-R,CCOLEMAN-R,,,,,,,,
2011,2011-09-03,CIN,STL,4.0,6.0,False,1|1|0|0|0|0|0|2|0,0|3|2|0|1|0|0|0|x,135.0,-155.0,133.0,-153.0,,8.5,sbro,,,,,HBAILEY-R,JGARCIA-L,,,,,,,,
2011,2011-09-03,MIL,HOU,8.0,2.0,False,1|0|0|1|2|2|2|0|0,0|0|0|0|2|0|0|0|0,-135.0,115.0,-141.0,121.0,,8.5,sbro,,,,,CNARVESON-L,BNORRIS-R,,,,,,,,
2011,2011-09-03,NYM,WAS,7.0,8.0,False,0|0|0|4|0|2|1|0|0,1|4|0|0|1|0|0|0|2,-125.0,105.0,-110.0,-110.0,,9.0,sbro,,,,,DGEE-R,TMILONE-L,,,,,,,,
2011,2011-09-03,PHI,MIA,4.0,8.0,False,0|3|0|1|0|0|0|0|0,0|2|1|0|0|0|0|5|x,-175.0,155.0,-167.0,147.0,,7.5,sbro,,,,,CHAMELS-L,RNOLASCO-R,,,,,,,,
2011,2011-09-03,LOS,ATL,2.0,1.0,False,0|1|0|0|0|0|0|0|0,0|1|0|0|0|0|0|0|0,130.0,-150.0,133.0,-153.0,,8.0,sbro,,,,,NEOVALDI-R,MMINOR-L,,,,,,,,
2011,2011-09-03,COL,SDG,5.0,4.0,False,1|0|0|3|1|0|0|0|0,2|0|0|0|2|0|0|0|0,135.0,-155.0,122.0,-142.0,,6.5,sbro,,,,,AWHITE-R,CLUEBKE-L,,,,,,,,
2011,2011-09-03,ARI,SFO,7.0,2.0,False,0|0|1|1|1|2|0|0|2,0|0|1|0|0|0|0|1|0,135.0,-155.0,127.0,-147.0,,6.0,sbro,,,,,IKENNEDY-R,TLINCECUM-R,,,,,,,,
2011,2011-09-03,TOR,NYY,4.0,6.0,False,0|2|1|0|1|0|0|0|0,0|3|0|0|0|0|3|0|x,125.0,-145.0,118.0,-138.0,,9.0,sbro,,,,,RROMERO-L,BCOLON-R,,,,,,,,
2011,2011-09-03,SEA,OAK,0.0,3.0,False,0|0|0|0|0|0|0|0|0,0|0|0|2|1|0|0|0|x,115.0,-135.0,116.0,-136.0,,7.5,sbro,,,,,MPINEDA-R,BMCCARTHY-R,,,,,,,,
2011,2011-09-03,CWS,DET,8.0,9.0,False,1|0|0|5|2|0|0|0|0,1|0|0|0|3|0|1|1|3,-110.0,-110.0,-108.0,-112.0,,9.5,sbro,,,,,GFLOYD-R,BPENNY-R,,,,,,,,
2011,2011-09-03,BAL,TAM,3.0,6.0,False,2|0|0|0|0|1|0|0|0,2|0|1|0|3|0|0|0|x,145.0,-165.0,150.0,-170.0,,9.0,sbro,,,,,ASIMON-R,WDAVIS-R,,,,,,,,
2011,2011-09-03,CLE,KAN,1.0,5.0,False,1|0|0|0|0|0|0|0|0,2|1|0|0|1|1|0|0|x,110.0,-130.0,112.0,-132.0,,8.5,sbro,,,,,DHUFF-L,LHOCHEVAR-R,,,,,,,,
2011,2011-09-03,TEX,BOS,7.0,12.0,False,0|1|2|0|0|0|0|3|1,0|0|1|8|0|3|0|0|x,140.0,-160.0,130.0,-150.0,,9.0,sbro,,,,,CLEWIS-R,EBEDARD-L,,,,,,,,
2011,2011-09-03,MIN,LAA,6.0,10.0,False,0|3|0|3|0|0|0|0|0,4|1|1|0|1|3|0|0|x,240.0,-280.0,250.0,-290.0,,8.0,sbro,,,,,BDUENSING-L,JERWEAVER-R,,,,,,,,
2011,2011-09-04,PHI,MIA,4.0,5.0,False,0|2|0|0|0|0|2|0|0,1|0|1|0|0|1|1|0|0,-220.0,190.0,-220.0,190.0,,7.0,sbro,,,,,RHALLADAY-R,ASANCHEZ-R,,,,,,,,
2011,2011-09-04,NYM,WAS,6.0,3.0,False,0|0|2|0|0|4|0|0|0,0|0|0|3|0|0|0|0|0,100.0,-120.0,107.0,-127.0,,9.0,sbro,,,,,MPELFREY-R,LHERNADEZ-R,,,,,,,,
2011,2011-09-04,LOS,ATL,3.0,4.0,False,0|0|3|0|0|0|0|0|0,0|0|0|0|0|0|3|0|1,-140.0,120.0,-142.0,122.0,,6.5,sbro,,,,,CKERSHAW-L,RDELGADO-R,,,,,,,,
2011,2011-09-04,MIL,HOU,4.0,0.0,False,1|1|0|0|1|0|1|0|0,0|0|0|0|0|0|0|0|0,-160.0,140.0,-158.0,138.0,,7.5,sbro,,,,,SMARCUM-R,WRODRIGEZ-L,,,,,,,,
2011,2011-09-04,CIN,STL,3.0,2.0,False,2|0|0|0|0|0|0|0|0,1|0|0|1|0|0|0|0|0,140.0,-160.0,140.0,-160.0,,8.5,sbro,,,,,BARROYO-R,EJACKSON-R,,,,,,,,
2011,2011-09-04,PIT,CUB,3.0,6.0,False,1|0|0|0|0|0|0|2|0,0|0|1|1|2|1|0|1|x,105.0,-125.0,116.0,-136.0,,8.5,sbro,,,,,CMORTON-R,RWELLS-R,,,,,,,,
2011,2011-09-04,ARI,SFO,4.0,1.0,False,0|0|0|0|0|0|0|4|0,1|0|0|0|0|0|0|0|0,110.0,-130.0,-114.0,-106.0,,7.0,sbro,,,,,DHUDSON-R,VOGELSONG-R,,,,,,,,
2011,2011-09-04,COL,SDG,2.0,7.0,False,0|0|0|2|0|0|0|0|0,1|0|2|0|0|0|0|4|x,135.0,-155.0,123.0,-143.0,,7.0,sbro,,,,,ACOOK-R,MLATOS-R,,,,,,,,
2011,2011-09-04,TOR,NYY,3.0,9.0,False,0|0|0|2|0|0|0|1|0,1|0|3|0|0|1|0|4|x,220.0,-260.0,230.0,-270.0,,9.0,sbro,,,,,BCECIL-L,CSABATHIA-L,,,,,,,,
2011,2011-09-04,CWS,DET,2.0,18.0,False,0|0|0|0|0|0|0|0|2,1|0|3|5|0|7|0|2|x,120.0,-140.0,118.0,-138.0,,8.5,sbro,,,,,MBUEHRLE-L,MSCHERZER-R,,,,,,,,
2011,2011-09-04,TEX,BOS,11.0,4.0,False,0|1|1|0|0|7|0|0|2,0|0|0|0|0|0|2|2|0,115.0,-135.0,106.0,-126.0,,10.5,sbro,,,,,MHARRISON-L,JLACKEY-R,,,,,,,,
2011,2011-09-04,BAL,TAM,1.0,8.0,False,0|0|0|0|1|0|0|0|0,0|2|4|1|0|1|0|0|x,170.0,-190.0,164.0,-184.0,,8.0,sbro,,,,,JGUTHRIE-R,JHELLICKS-R,,,,,,,,
2011,2011-09-04,CLE,KAN,9.0,6.0,False,1|3|0|0|0|3|0|2|0,0|0|0|1|0|0|2|0|3,115.0,-135.0,115.0,-135.0,,8.5,sbro,,,,,JGOMEZ-R,JFRANCIS-L,,,,,,,,
2011,2011-09-04,MIN,LAA,1.0,4.0,False,0|0|0|1|0|0|0|0|0,1|0|1|0|0|0|0|2|x,140.0,-160.0,133.0,-153.0,,9.0,sbro,,,,,KSLOWEY-R,JPINEIRO-R,,,,,,,,
2011,2011-09-04,SEA,OAK,5.0,8.0,False,0|0|0|0|1|0|2|2|0,0|1|1|0|2|0|4|0|x,150.0,-170.0,148.0,-168.0,,8.5,sbro,,,,,BBEAVAN-R,TCAHILL-R,,,,,,,,
2011,2011-09-05,LOS,WAS,2.0,7.0,False,1|0|0|0|0|0|0|0|1,4|0|0|0|0|1|1|1|x,-125.0,105.0,-113.0,-107.0,,7.5,sbro,,,,,HKURODA-R,JLANNAN-L,,,,,,,,
2011,2011-09-05,HOU,PIT,1.0,3.0,False,0|0|1|0|0|0|0|0|0,0|0|0|2|0|0|0|1|x,130.0,-150.0,142.0,-162.0,,7.5,sbro,,,,,HSOSA-R,JMCDONALD-R,,,,,,,,
2011,2011-09-05,CIN,CUB,3.0,4.0,False,1|0|0|0|0|0|1|1|0,0|0|0|1|3|0|0|0|x,125.0,-145.0,115.0,-135.0,,7.0,sbro,,,,,DWILLIS-L,MGARZA-R,,,,,,,,
2011,2011-09-05,ARI,COL,10.0,7.0,False,1|0|0|2|0|5|1|0|1,1|0|1|0|0|0|0|1|4,105.0,-125.0,109.0,-129.0,,10.5,sbro,,,,,WMILEY-L,EROGERS-R,,,,,,,,
2011,2011-09-05,SFO,SDG,7.0,2.0,False,1|1|0|2|0|0|0|3|0,1|0|0|0|0|0|0|0|1,-115.0,-105.0,-109.0,-111.0,,6.5,sbro,,,,,MBUMGARNR-L,TSTAUFFER-R,,,,,,,,
2011,2011-09-05,MIL,STL,4.0,1.0,False,0|1|1|0|0|1|1|0|0,0|0|0|0|1|0|0|0|0,100.0,-120.0,100.0,-120.0,,8.5,sbro,,,,,RWOLF-L,WESTBROOK-R,,,,,,,,
2011,2011-09-05,ATL,PHI,0.0,9.0,False,0|0|0|0|0|0|0|0|0,2|0|0|2|3|0|1|1|x,170.0,-200.0,190.0,-220.0,,7.0,sbro,,,,,DLOWE-R,CLEE-L,,,,,,,,
2011,2011-09-05,NYM,MIA,3.0,9.0,False,0|0|0|1|0|0|0|0|2,2|0|1|3|1|2|0|0|x,115.0,-135.0,103.0,-123.0,,8.0,sbro,,,,,CCAPUANO-L,JVAZQUEZ-R,,,,,,,,
2011,2011-09-05,DET,CLE,4.0,2.0,False,0|0|0|3|0|0|0|1|0,0|0|0|0|1|0|0|1|0,105.0,-125.0,-102.0,-118.0,,8.0,sbro,,,,,DFISTER-R,UJIMENEZ-R,,,,,,,,
2011,2011-09-05,BAL,NYY,10.0,11.0,False,1|4|2|0|1|0|0|1|1,2|6|0|0|1|0|2|0|x,220.0,-260.0,230.0,-270.0,,10.0,sbro,,,,,BMATUSZ-L,FGARCIA-R,,,,,,,,
2011,2011-09-05,BOS,TOR,0.0,1.0,False,0|0|0|0|0|0|0|0|0,0|0|0|0|0|0|0|0|0,-175.0,155.0,-167.0,147.0,,8.5,sbro,,,,,JBECKETT-R,HALVAREZ-R,,,,,,,,
2011,2011-09-05,TEX,TAM,1.0,5.0,False,0|0|0|0|0|0|0|0|1,1|0|0|2|1|0|1|0|x,125.0,-145.0,130.0,-150.0,,7.5,sbro,,,,,SFELDMAN-R,JSHIELDS-R,,,,,,,,
2011,2011-09-05,CWS,MIN,2.0,1.0,False,0|1|1|0|0|0|0|0|0,0|0|0|0|0|0|0|0|1,-125.0,105.0,-106.0,-114.0,,9.0,sbro,,,,,PHUMBER-R,ASWARZAK-R,,,,,,,,
2011,2011-09-05,KAN,OAK,11.0,6.0,False,3|0|1|0|0|0|2|0|5,0|4|0|0|2|0|0|0|0,143.0,-163.0,143.0,-163.0,,8.5,sbro,,,,,FPAULINO-R,RHARDEN-R,,,,,,,,
2011,2011-09-05,SEA,LAA,3.0,7.0,False,1|1|0|0|1|0|0|0|0,3|0|3|0|0|1|0|0|x,250.0,-290.0,250.0,-300.0,,8.5,sbro,,,,,AVASQUEZ-L,DHAREN-R,,,,,,,,
2011,2011-09-05,CWS,MIN,4.0,0.0,False,0|1|0|0|1|0|2|0|0,0|0|0|0|0|0|0|0|0,-135.0,115.0,-114.0,-106.0,,8.5,sbro,,,,,ZSTEWART-R,SDIAMOND-L,,,,,,,,
2011,2011-09-06,ATL,PHI,3.0,6.0,False,0|0|0|1|0|1|1|0|0,2|0|0|0|0|2|2|0|x,115.0,-135.0,-105.0,-115.0,,7.0,sbro,,,,,THUDSON-R,VWORLEY-R,,,,,,,,
2011,2011-09-06,HOU,PIT,4.0,1.0,False,0|2|0|0|0|0|0|0|2,0|1|0|0|0|0|0|0|0,135.0,-155.0,130.0,-150.0,,8.0,sbro,,,,,BMYERS-R,BLINCOLN-R,,,,,,,,
2011,2011-09-06,LOS,WAS,7.0,3.0,False,0|0|0|0|0|3|0|2|2,0|3|0|0|0|0|0|0|0,135.0,-155.0,125.0,-145.0,,7.5,sbro,,,,,TLILLY-L,SSTRASBUR-R,,,,,,,,
2011,2011-09-06,NYM,MIA,7.0,4.0,False,0|0|0|0|1|1|0|1|1,0|0|0|0|1|0|1|0|2,105.0,-125.0,102.0,-122.0,,8.5,sbro,,,,,MBATISTA-R,CVOLSTAD-R,,,,,,,,
2011,2011-09-06,CIN,CUB,4.0,2.0,False,0|0|0|0|0|2|0|0|0,0|0|0|0|0|0|0|0|2,-135.0,115.0,-125.0,105.0,,7.5,sbro,,,,,MLEAKE-R,RLOPEZ-R,,,,,,,,
2011,2011-09-06,MIL,STL,2.0,4.0,False,0|0|0|0|0|0|0|1|1,1|0|2|0|0|0|1|0|x,-120.0,100.0,-134.0,114.0,,8.0,sbro,,,,,YGALLARDO-R,KLOHSE-R,,,,,,,,
2011,2011-09-06,ARI,COL,3.0,8.0,False,1|0|0|0|0|0|1|1|0,0|0|0|0|1|0|0|7|x,-105.0,-115.0,-113.0,-107.0,,10.0,sbro,,,,,JCOLLMENT-R,JHAMMEL-R,,,,,,,,
2011,2011-09-06,SFO,SDG,6.0,4.0,False,0|2|1|0|1|0|0|1|1,0|2|1|0|0|0|0|0|1,-120.0,100.0,-107.0,-113.0,,7.0,sbro,,,,,ESURKAMP-L,WLEBLANC-L,,,,,,,,
2011,2011-09-06,DET,CLE,10.0,1.0,False,5|3|0|0|0|0|0|2|0,0|0|0|0|0|0|1|0|0,100.0,-120.0,-113.0,-107.0,,8.5,sbro,,,,,RPORCELLO-R,FCARMONA-R,,,,,,,,
2011,2011-09-06,BAL,NYY,3.0,5.0,False,0|0|0|0|0|2|1|0|0,0|0|1|0|1|1|2|0|x,200.0,-240.0,210.0,-250.0,,10.0,sbro,,,,,THUNTER-R,PHUGHES-R,,,,,,,,
2011,2011-09-06,BOS,TOR,14.0,0.0,False,4|2|2|3|2|0|0|1|0,0|0|0|0|0|0|0|0|0,-190.0,170.0,-184.0,164.0,,9.0,sbro,,,,,JLESTER-L,LPEREZ-L,,,,,,,,
2011,2011-09-06,TEX,TAM,8.0,0.0,False,1|1|3|0|2|0|0|1|0,0|0|0|0|0|0|0|0|0,-120.0,100.0,-133.0,113.0,,8.0,sbro,,,,,CWILSON-L,JNIEMANN-R,,,,,,,,
2011,2011-09-06,CWS,MIN,3.0,0.0,False,0|1|0|1|1|0|0|0|0,0|0|0|0|0|0|0|0|0,-135.0,115.0,-141.0,121.0,,8.0,sbro,,,,,JPEAVY-R,LHENDRIKS-R,,,,,,,,
2011,2011-09-06,SEA,LAA,2.0,1.0,False,0|1|0|1|0|0|0|0|0,0|0|0|0|0|1|0|0|0,130.0,-150.0,111.0,-131.0,,6.5,sbro,,,,,FHERNANDZ-R,ESANTANA-R,,,,,,,,
2011,2011-09-06,KAN,OAK,7.0,4.0,False,0|4|0|0|3|0|0|0|0,0|0|2|0|0|0|1|0|1,155.0,-175.0,165.0,-185.0,,8.0,sbro,,,,,DDUFFY-L,GGONZALEZ-L,,,,,,,,
2011,2011-09-07,SFO,SDG,1.0,3.0,False,0|0|0|0|1|0|0|0|0,1|0|0|0|0|1|0|1|x,-150.0,130.0,-138.0,118.0,,6.0,sbro,,,,,MCAIN-R,AHARANG-R,,,,,,,,
2011,2011-09-07,HOU,PIT,4.0,5.0,False,3|0|0|1|0|0|0|0|0,1|0|0|0|3|0|0|1|x,125.0,-145.0,118.0,-138.0,,8.5,sbro,,,,,JHAPP-L,BBURRES-L,,,,,,,,
2011,2011-09-07,ATL,PHI,2.0,3.0,False,0|0|0|0|0|1|1|0|0,0|1|0|0|0|0|0|1|1,120.0,-140.0,103.0,-123.0,,8.0,sbro,,,,,BBEACHY-R,ROSWALT-R,,,,,,,,
2011,2011-09-07,NYM,MIA,1.0,0.0,False,1|0|0|0|0|0|0|0|0,0|0|0|0|0|0|0|0|0,-125.0,105.0,-124.0,104.0,,8.5,sbro,,,,,RDICKEY-R,BHAND-L,,,,,,,,
2011,2011-09-07,CIN,CUB,3.0,6.0,False,1|0|0|0|0|0|2|0|0,0|0|0|0|1|2|0|3|x,-130.0,110.0,-110.0,-110.0,,6.0,sbro,,,,,JCUETO-R,RDEMPSTER-R,,,,,,,,
2011,2011-09-07,MIL,STL,0.0,2.0,False,0|0|0|0|0|0|0|0|0,0|0|0|1|1|0|0|0|x,110.0,-130.0,-105.0,-105.0,,7.5,sbro,,,,,ZGREINKE-R,CARPENTER-R,,,,,,,,
2011,2011-09-07,ARI,COL,5.0,3.0,False,0|0|2|0|0|2|1|0|0,0|0|2|1|0|0|0|0|0,120.0,-140.0,105.0,-125.0,,9.5,sbro,,,,,JSAUNDERS-L,KMILLWOOD-R,,,,,,,,
2011,2011-09-07,DET,CLE,8.0,6.0,False,0|0|0|2|0|0|5|0|1,0|2|0|2|0|0|2|0|0,-165.0,145.0,-169.0,149.0,,6.5,sbro,,,,,VERLANDER-R,MASTERSON-R,,,,,,,,
2011,2011-09-07,TEX,TAM,4.0,5.0,False,0|0|0|1|1|0|0|1|1,2|1|0|0|0|1|0|0|0,145.0,-165.0,111.0,-131.0,,7.5,sbro,,,,,DHOLLAND-L,DPRICE-L,,,,,,,,
2011,2011-09-07,KAN,OAK,0.0,7.0,False,0|0|0|0|0|0|0|0|0,1|0|0|1|2|3|0|0|x,130.0,-150.0,127.0,-147.0,,8.5,sbro,,,,,BCHEN-L,GMOSCOSO-R,,,,,,,,
2011,2011-09-07,BAL,NYY,5.0,4.0,False,1|1|2|0|0|0|0|0|0,2|0|0|2|0|0|0|0|0,170.0,-190.0,157.0,-177.0,,9.0,sbro,,,,,ZBRITTON-L,ABURNETT-R,,,,,,,,
2011,2011-09-07,BOS,TOR,10.0,11.0,False,3|0|0|4|1|0|0|0|2,1|2|2|0|0|0|1|5|x,-110.0,-110.0,-110.0,-110.0,,9.5,sbro,,,,,WAKEFIELD-R,BMORROW-R,,,,,,,,
2011,2011-09-07,CWS,MIN,4.0,5.0,False,0|0|0|0|2|1|0|1|0,0|0|4|0|0|1|0|0|x,-130.0,110.0,-140.0,120.0,,8.0,sbro,,,,,JDANKS-L,CPAVANO-R,,,,,,,,
2011,2011-09-07,SEA,LAA,1.0,3.0,False,0|0|0|0|0|1|0|0|0,0|0|0|0|0|0|0|3|x,170.0,-200.0,169.0,-189.0,,9.0,sbro,,,,,CFURBUSH-L,JWILLIAMS-R,,,,,,,,
2011,2011-09-08,LOS,WAS,7.0,4.0,False,2|0|2|0|0|0|0|0|3,0|0|4|0|0|0|0|0|0,-104.0,-116.0,-108.0,-112.0,,8.0,sbro,,,,,BILLNGSLEY-R,CWANG-R,,,,,,,,
2011,2011-09-08,PHI,MIL,7.0,2.0,False,0|0|0|0|0|6|0|0|1,0|0|0|0|1|1|0|0|0,-155.0,135.0,-121.0,101.0,,7.5,sbro,,,,,CHAMELS-L,CNARVESON-L,,,,,,,,
2011,2011-09-08,SDG,ARI,1.0,4.0,False,0|0|0|0|0|0|0|1|0,0|0|0|1|0|1|2|0|x,155.0,-175.0,165.0,-185.0,,7.5,sbro,,,,,CLUEBKE-L,IKENNEDY-R,,,,,,,,
2011,2011-09-08,BOS,TOR,4.0,7.0,False,0|0|0|0|0|0|3|0|1,0|4|1|0|0|0|1|1|x,130.0,-150.0,113.0,-133.0,,9.5,sbro,,,,,AMILLER-L,RROMERO-L,,,,,,,,
2011,2011-09-08,CLE,CWS,1.0,8.0,False,1|0|0|0|0|0|0|0|0,0|0|1|0|0|0|7|0|x,135.0,-155.0,135.0,-155.0,,8.5,sbro,,,,,DHUFF-L,GFLOYD-R,,,,,,,,
2011,2011-09-08,KAN,SEA,1.0,4.0,False,0|0|0|0|0|1|0|0|0,1|0|0|0|0|2|1|0|x,-120.0,100.0,-112.0,-108.0,,8.0,sbro,,,,,LHOCHEVAR-R,JVARGAS-L,,,,,,,,
2011,2011-09-08,ATL,NYM,6.0,5.0,False,3|0|2|0|0|0|0|1|0,4|0|0|0|0|0|0|1|0,-125.0,105.0,-144.0,124.0,,8.5,sbro,,,,,MMINOR-L,CSCHWINDE-R,,,,,,,,
2011,2011-09-08,ATL,NYM,5.0,1.0,False,1|0|0|0|1|0|1|0|2,1|0|0|0|0|0|0|0|0,100.0,-120.0,-113.0,-107.0,,8.0,sbro,,,,,JTEHERAN-R,DGEE-R,,,,,,,,
2011,2011-09-08,NYY,BAL,4.0,5.0,False,0|3|1|0|0|0|0|0|0,0|1|0|1|0|1|0|1|0,-200.0,170.0,-200.0,170.0,,9.5,sbro,,,,,INOVA-R,ASIMON-R,,,,,,,,
2011,2011-09-09,MIA,PIT,13.0,4.0,False,1|1|9|0|2|0|0|0|0,0|1|0|0|1|1|0|1|0,-117.0,-103.0,-123.0,103.0,,8.5,sbro,,,,,RNOLASCO-R,ROHLENDOR-R,,,,,,,,
2011,2011-09-09,HOU,WAS,3.0,4.0,False,0|0|1|1|0|1|0|0|0,2|0|0|0|0|0|1|0|0,-110.0,-110.0,106.0,-126.0,,8.5,sbro,,,,,BNORRIS-R,TMILONE-L,,,,,,,,
2011,2011-09-09,CUB,NYM,4.0,5.0,False,0|0|2|1|0|0|0|0|1,0|0|0|3|1|0|0|0|1,113.0,-133.0,126.0,-146.0,,9.0,sbro,,,,,CCOLEMAN-R,MPELFREY-R,,,,,,,,
2011,2011-09-09,PHI,MIL,5.0,3.0,False,3|0|0|0|0|0|2|0|0,0|0|0|0|0|0|1|0|2,-142.0,122.0,-128.0,108.0,,6.5,sbro,,,,,RHALLADAY-R,SMARCUM-R,,,,,,,,
2011,2011-09-09,ATL,STL,3.0,4.0,False,2|0|0|0|0|0|0|0|1,1|0|0|0|0|0|0|0|2,105.0,-125.0,123.0,-143.0,,8.5,sbro,,,,,RDELGADO-R,EJACKSON-R,,,,,,,,
2011,2011-09-09,CIN,COL,4.0,1.0,False,0|0|0|0|0|4|0|0|0,0|0|1|0|0|0|0|0|0,116.0,-136.0,116.0,-136.0,,9.5,sbro,,,,,HBAILEY-R,JCHACIN-R,,,,,,,,
2011,2011-09-09,SDG,ARI,2.0,3.0,False,0|0|1|0|0|1|0|0|0,0|0|0|0|0|1|1|1|x,132.0,-152.0,142.0,-162.0,,8.0,sbro,,,,,MLATOS-R,DHUDSON-R,,,,,,,,
2011,2011-09-09,LOS,SFO,2.0,1.0,False,0|0|0|0|0|0|0|1|1,1|0|0|0|0|0|0|0|0,100.0,-120.0,-110.0,-110.0,,5.5,sbro,,,,,CKERSHAW-L,TLINCECUM-R,,,,,,,,
2011,2011-09-09,BAL,TOR,2.0,0.0,False,0|0|0|0|0|1|0|1|0,0|0|0|0|0|0|0|0|0,125.0,-145.0,136.0,-156.0,,9.5,sbro,,,,,JGUTHRIE-R,BCECIL-L,,,,,,,,
2011,2011-09-09,MIN,DET,4.0,8.0,False,4|0|0|0|0|0|0|0|0,0|3|0|3|1|0|0|1|x,125.0,-145.0,148.0,-168.0,,9.5,sbro,,,,,KSLOWEY-R,BPENNY-R,,,,,,,,
2011,2011-09-09,BOS,TAM,2.0,7.0,False,0|0|0|0|0|2|0|0|0,0|3|2|0|0|2|0|0|x,-114.0,-106.0,-120.0,100.0,,9.5,sbro,,,,,JLACKEY-R,WDAVIS-R,,,,,,,,
2011,2011-09-09,OAK,TEX,4.0,13.0,False,2|0|0|0|0|0|0|2|0,2|0|0|0|2|0|4|5|x,145.0,-165.0,152.0,-172.0,,9.0,sbro,,,,,BMCCARTHY-R,CLEWIS-R,,,,,,,,
2011,2011-09-09,CLE,CWS,8.0,4.0,False,0|2|0|0|0|5|0|1|0,0|0|2|0|0|0|0|1|1,139.0,-159.0,140.0,-160.0,,8.5,sbro,,,,,JGOMEZ-R,MBUEHRLE-L,,,,,,,,
2011,2011-09-09,NYY,LAA,1.0,2.0,False,0|0|1|0|0|0|0|0|0,0|0|0|0|1|0|0|0|1,114.0,-134.0,107.0,-127.0,,7.5,sbro,,,,,BCOLON-R,JERWEAVER-R,,,,,,,,
2011,2011-09-09,KAN,SEA,3.0,7.0,False,2|0|0|0|0|0|1|0|0,2|0|2|1|2|0|0|0|x,-105.0,-105.0,-110.0,-110.0,,8.0,sbro,,,,,JFRANCIS-L,BBEAVAN-R,,,,,,,,
2011,2011-09-10,CUB,NYM,5.0,4.0,False,1|0|0|0|1|0|0|1|2,0|0|0|0|0|0|0|4|0,125.0,-145.0,-102.0,-118.0,,8.5,sbro,,,,,RWELLS-R,CCAPUANO-L,,,,,,,,
2011,2011-09-10,LOS,SFO,3.0,0.0,False,0|1|0|2|0|0|0|0|0,0|0|0|0|0|0|0|0|0,100.0,-120.0,130.0,-150.0,,7.5,sbro,,,,,DEVELAND-L,VOGELSONG-R,,,,,,,,
2011,2011-09-10,CIN,COL,7.0,12.0,False,1|0|3|0|3|0|0|0|0,4|2|0|1|1|0|0|4|x,110.0,-130.0,104.0,-124.0,,10.5,sbro,,,,,BARROYO-R,AWHITE-R,,,,,,,,
2011,2011-09-10,MIA,PIT,3.0,0.0,False,0|0|3|0|0|0|0|0|0,0|0|0|0|0|0|0|0|0,-130.0,110.0,-121.0,101.0,,8.0,sbro,,,,,ASANCHEZ-R,JLOCKE-L,,,,,,,,
2011,2011-09-10,HOU,WAS,9.0,3.0,False,0|0|6|0|2|0|0|0|1,0|0|0|2|0|1|0|0|0,110.0,-130.0,137.0,-157.0,,7.5,sbro,,,,,WRODRIGEZ-L,JLANNAN-L,,,,,,,,
2011,2011-09-10,PHI,MIL,3.0,2.0,False,1|0|0|0|1|0|0|0|0,0|1|0|1|0|0|0|0|0,-155.0,135.0,-153.0,133.0,,7.0,sbro,,,,,CLEE-L,RWOLF-L,,,,,,,,
2011,2011-09-10,ATL,STL,3.0,4.0,False,0|0|0|2|1|0|0|0|0,2|0|2|0|0|0|0|0|x,140.0,-160.0,130.0,-150.0,,8.0,sbro,,,,,DLOWE-R,JGARCIA-L,,,,,,,,
2011,2011-09-10,SDG,ARI,5.0,6.0,False,0|2|0|0|0|3|0|0|0,0|2|0|0|0|1|0|0|2,128.0,-148.0,130.0,-150.0,,9.0,sbro,,,,,TSTAUFFER-R,WMILEY-L,,,,,,,,
2011,2011-09-10,BAL,TOR,4.0,5.0,False,1|1|1|0|0|0|0|1|0,2|1|0|0|0|0|0|0|2,160.0,-180.0,180.0,-210.0,,9.0,sbro,,,,,VANDENHURK-R,HALVAREZ-R,,,,,,,,
2011,2011-09-10,MIN,DET,2.0,3.0,False,0|0|0|1|0|1|0|0|0,0|0|1|1|0|0|0|0|1,170.0,-190.0,190.0,-220.0,,8.5,sbro,,,,,ASWARZAK-R,MSCHERZER-R,,,,,,,,
2011,2011-09-10,BOS,TAM,5.0,6.0,False,0|1|0|0|2|0|0|0|2,1|1|1|0|1|1|0|0|0,135.0,-155.0,120.0,-140.0,,9.0,sbro,,,,,KWEILAND-R,JHELLICKS-R,,,,,,,,
2011,2011-09-10,CLE,CWS,3.0,7.0,False,0|0|0|0|2|0|1|0|0,0|1|0|0|0|2|0|0|0,125.0,-145.0,130.0,-150.0,,8.5,sbro,,,,,FCARMONA-R,PHUMBER-R,,,,,,,,
2011,2011-09-10,OAK,TEX,8.0,7.0,False,0|3|0|0|0|5|0|0|0,0|0|1|2|0|2|2|0|0,155.0,-175.0,164.0,-184.0,,9.0,sbro,,,,,TCAHILL-R,AOGANDO-R,,,,,,,,
2011,2011-09-10,NYY,LAA,0.0,6.0,False,0|0|0|0|0|0|0|0|0,0|1|0|0|0|0|4|1|x,-135.0,115.0,-139.0,119.0,,7.0,sbro,,,,,CSABATHIA-L,DHAREN-R,,,,,,,,
2011,2011-09-10,KAN,SEA,4.0,2.0,False,3|0|0|0|0|0|0|0|1,0|1|0|1|0|0|0|0|0,125.0,-145.0,130.0,-150.0,,7.0,sbro,,,,,FPAULINO-R,MPINEDA-R,,,,,,,,
2011,2011-09-11,CUB,NYM,10.0,6.0,False,1|0|2|0|1|0|0|0|0,1|0|0|0|0|2|0|1|0,-125.0,105.0,-121.0,101.0,,8.0,sbro,,,,,MGARZA-R,MBATISTA-R,,,,,,,,
2011,2011-09-11,MIA,PIT,4.0,1.0,False,0|0|0|0|4|0|0|0|0,0|0|0|0|0|0|1|0|0,-110.0,-110.0,-112.0,-108.0,,7.5,sbro,,,,,JVAZQUEZ-R,JMCDONALD-R,,,,,,,,
2011,2011-09-11,HOU,WAS,2.0,8.0,False,1|0|0|0|0|0|0|0|1,0|1|4|0|0|1|2|0|x,170.0,-200.0,200.0,-230.0,,7.0,sbro,,,,,HSOSA-R,SSTRASBUR-R,,,,,,,,
2011,2011-09-11,PHI,MIL,2.0,3.0,False,0|0|0|0|0|2|0|0|0,0|1|0|0|0|0|2|0|x,-110.0,-110.0,120.0,-140.0,,8.0,sbro,,,,,VWORLEY-R,YGALLARDO-R,,,,,,,,
2011,2011-09-11,ATL,STL,3.0,6.0,False,0|0|0|0|0|2|0|1|0,0|0|5|0|1|0|0|0|x,-130.0,110.0,-110.0,-110.0,,8.0,sbro,,,,,THUDSON-R,WESTBROOK-R,,,,,,,,
2011,2011-09-11,CIN,COL,1.0,4.0,False,0|0|0|0|0|0|0|0|1,0|0|0|1|1|0|2|0|x,110.0,-130.0,-105.0,-115.0,,9.5,sbro,,,,,EVOLQUEZ-R,DPOMERANZ-L,,,,,,,,
2011,2011-09-11,SDG,ARI,7.0,6.0,False,0|1|3|0|2|1|0|0|0,0|0|0|0|0|5|1|0|0,170.0,-200.0,170.0,-200.0,,8.5,sbro,,,,,WLEBLANC-L,JCOLLMENT-R,,,,,,,,
2011,2011-09-11,LOS,SFO,1.0,8.0,False,0|1|0|0|0|0|0|0|0,0|1|0|0|2|5|0|0|x,115.0,-135.0,121.0,-141.0,,6.0,sbro,,,,,HKURODA-R,MBUMGARNR-L,,,,,,,,
2011,2011-09-11,MIN,DET,1.0,2.0,False,0|0|0|0|0|0|0|0|1,2|0|0|0|0|0|0|0|x,200.0,-230.0,210.0,-250.0,,9.0,sbro,,,,,SDIAMOND-L,DFISTER-R,,,,,,,,
2011,2011-09-11,BAL,TOR,5.0,6.0,False,1|1|0|2|0|1|0|0|0,2|0|1|0|0|0|3|0|x,150.0,-170.0,145.0,-165.0,,9.5,sbro,,,,,THUNTER-R,DMCGOWAN-R,,,,,,,,
2011,2011-09-11,BOS,TAM,1.0,9.0,False,0|0|1|0|0|0|0|0|0,3|0|1|0|4|0|1|0|x,-120.0,100.0,-121.0,101.0,,7.0,sbro,,,,,JLESTER-L,JSHIELDS-R,,,,,,,,
2011,2011-09-11,CLE,CWS,7.0,3.0,False,0|3|0|0|0|1|0|3|0,0|0|2|0|0|0|0|0|1,115.0,-135.0,-110.0,-110.0,,8.0,sbro,,,,,UJIMENEZ-R,ZSTEWART-R,,,,,,,,
2011,2011-09-11,OAK,TEX,1.0,8.0,False,0|0|0|0|0|0|0|0|1,0|0|0|0|4|0|3|1|x,180.0,-210.0,220.0,-260.0,,9.0,sbro,,,,,JOUTMAN-L,CWILSON-L,,,,,,,,
2011,2011-09-11,NYY,LAA,6.0,5.0,False,0|1|0|1|2|0|2|0|0,2|0|1|2|0|0|0|0|0,105.0,-125.0,-105.0,-105.0,,8.5,sbro,,,,,FGARCIA-R,ESANTANA-R,,,,,,,,
2011,2011-09-11,KAN,SEA,2.0,1.0,False,0|0|1|0|0|0|1|0|0,0|0|0|0|0|0|0|1|0,-120.0,100.0,-110.0,-110.0,,9.0,sbro,,,,,ETEAFORD-L,AVASQUEZ-L,,,,,,,,
2011,2011-09-12,STL,PIT,5.0,6.0,False,1|0|1|0|0|2|0|0|1,2|0|0|0|1|0|0|3|x,-135.0,115.0,-143.0,123.0,,8.5,sbro,,,,,KLOHSE-R,BLINCOLN-R,,,,,,,,
2011,2011-09-12,MIA,ATL,5.0,4.0,False,1|0|1|0|0|2|0|0|0,0|0|0|1|1|1|0|1|0,180.0,-210.0,200.0,-230.0,,8.0,sbro,,,,,CVOLSTAD-R,BBEACHY-R,,,,,,,,
2011,2011-09-12,WAS,NYM,3.0,2.0,False,0|0|0|0|1|1|1|0|0,0|0|0|0|0|2|0|0|0,130.0,-150.0,121.0,-141.0,,8.0,sbro,,,,,RDETWILER-L,RDICKEY-R,,,,,,,,
2011,2011-09-12,CUB,CIN,12.0,8.0,False,3|0|2|3|2|1|0|1|0,0|3|0|0|1|1|0|2|1,140.0,-160.0,137.0,-157.0,,9.5,sbro,,,,,RLOPEZ-R,DWILLIS-L,,,,,,,,
2011,2011-09-12,PHI,HOU,1.0,5.0,False,0|1|0|0|0|0|0|0|0,0|0|0|2|2|0|1|0|x,-175.0,155.0,-185.0,165.0,,7.5,sbro,,,,,ROSWALT-R,BMYERS-R,,,,,,,,
2011,2011-09-12,ARI,LOS,7.0,2.0,False,0|0|0|0|0|5|0|2|0,1|0|0|0|0|0|1|0|0,115.0,-135.0,-107.0,-113.0,,7.5,sbro,,,,,JSAUNDERS-L,TLILLY-L,,,,,,,,
2011,2011-09-12,SDG,SFO,3.0,8.0,False,0|0|0|1|0|2|0|0|0,2|0|2|0|0|0|4|0|x,125.0,-145.0,117.0,-137.0,,7.0,sbro,,,,,AHARANG-R,ESURKAMP-L,,,,,,,,
2011,2011-09-12,TAM,BAL,5.0,2.0,False,0|0|3|0|1|0|1|0|0,0|0|0|0|1|1|0|0|0,-125.0,105.0,-143.0,123.0,,8.5,sbro,,,,,JNIEMANN-R,ZBRITTON-L,,,,,,,,
2011,2011-09-12,DET,CWS,14.0,4.0,False,0|3|2|1|2|6|0|0|0,1|1|0|0|0|0|1|0|1,110.0,-130.0,-108.0,-112.0,,9.0,sbro,,,,,RPORCELLO-R,JDANKS-L,,,,,,,,
2011,2011-09-12,LAA,OAK,3.0,6.0,False,0|1|0|0|0|0|1|0|1,3|0|0|2|0|0|1|0|x,125.0,-145.0,118.0,-138.0,,8.0,sbro,,,,,JPINEIRO-R,GGONZALEZ-L,,,,,,,,
2011,2011-09-12,NYY,SEA,9.0,3.0,False,0|0|1|5|0|0|3|0|0,0|0|1|0|0|0|0|2|0,-114.0,-106.0,101.0,-121.0,,7.0,sbro,,,,,PHUGHES-R,FHERNANDZ-R,,,,,,,,
2011,2011-09-13,STL,PIT,6.0,4.0,False,0|3|0|0|1|0|0|0|2,0|1|1|0|0|0|2|0|0,-170.0,150.0,-160.0,140.0,,8.0,sbro,,,,,CARPENTER-R,JKARSTENS-R,,,,,,,,
2011,2011-09-13,MIA,ATL,1.0,7.0,False,0|0|0|0|1|0|0|0|0,0|0|0|0|0|3|3|1|x,160.0,-180.0,175.0,-195.0,,8.5,sbro,,,,,BHAND-L,MMINOR-L,,,,,,,,
2011,2011-09-13,WAS,NYM,3.0,2.0,False,0|0|0|0|0|2|1|0|0,0|0|0|0|2|0|0|0|0,135.0,-155.0,125.0,-145.0,,8.5,sbro,,,,,CWANG-R,DGEE-R,,,,,,,,
2011,2011-09-13,CUB,CIN,1.0,2.0,False,0|0|0|0|0|1|0|0|0,1|0|0|0|1|0|0|0|x,135.0,-155.0,114.0,-134.0,,8.5,sbro,,,,,RDEMPSTER-R,MLEAKE-R,,,,,,,,
2011,2011-09-13,PHI,HOU,2.0,5.0,False,0|0|0|1|0|0|0|0|1,1|0|0|4|0|0|0|0|x,-240.0,200.0,-230.0,200.0,,7.5,sbro,,,,,CHAMELS-L,JHAPP-L,,,,,,,,
2011,2011-09-13,COL,MIL,1.0,2.0,False,0|0|0|1|0|0|0|0|0,0|0|0|0|0|1|0|0|0,200.0,-230.0,200.0,-230.0,,8.5,sbro,,,,,EROGERS-R,ZGREINKE-R,,,,,,,,
2011,2011-09-13,ARI,LOS,5.0,4.0,False,2|0|1|0|0|0|1|0|0,4|0|0|0|0|0|0|0|0,-130.0,110.0,-138.0,118.0,,6.5,sbro,,,,,IKENNEDY-R,BILLNGSLEY-R,,,,,,,,
2011,2011-09-13,SDG,SFO,2.0,3.0,False,0|0|0|0|0|0|2|0|0,1|0|0|1|0|0|0|0|0,140.0,-160.0,131.0,-151.0,,6.0,sbro,,,,,CLUEBKE-L,MCAIN-R,,,,,,,,
2011,2011-09-13,TAM,BAL,2.0,4.0,False,0|0|0|0|0|2|0|0|0,1|0|0|0|0|0|1|2|x,-230.0,200.0,-220.0,190.0,,8.5,sbro,,,,,DPRICE-L,ASIMON-R,,,,,,,,
2011,2011-09-13,TOR,BOS,6.0,18.0,False,0|3|2|0|0|0|0|0|1,2|2|0|2|0|4|1|7|x,135.0,-155.0,145.0,-165.0,,11.0,sbro,,,,,BMORROW-R,WAKEFIELD-R,,,,,,,,
2011,2011-09-13,CLE,TEX,4.0,10.0,False,0|0|0|1|1|1|0|1|0,0|1|0|1|2|4|2|0|x,135.0,-155.0,141.0,-161.0,,9.0,sbro,,,,,MASTERSON-R,MHARRISON-L,,,,,,,,
2011,2011-09-13,DET,CWS,5.0,0.0,False,0|1|0|0|0|3|1|0|0,0|0|0|0|0|0|0|0|0,-190.0,170.0,-175.0,155.0,,7.0,sbro,,,,,VERLANDER-R,GFLOYD-R,,,,,,,,
2011,2011-09-13,MIN,KAN,0.0,4.0,False,0|0|0|0|0|0|0|0|0,0|1|2|1|0|0|0|0|x,125.0,-145.0,111.0,-131.0,,9.0,sbro,,,,,CPAVANO-R,BCHEN-L,,,,,,,,
2011,2011-09-13,LAA,OAK,6.0,3.0,False,0|0|3|0|0|0|1|0|2,0|0|2|0|1|0|0|0|0,120.0,-140.0,-112.0,-108.0,,7.5,sbro,,,,,JWILLIAMS-R,GMOSCOSO-R,,,,,,,,
2011,2011-09-13,NYY,SEA,3.0,2.0,False,0|2|0|0|0|1|0|0|0,0|1|1|0|0|0|0|0|0,-190.0,170.0,-165.0,145.0,,9.0,sbro,,,,,ABURNETT-R,CFURBUSH-L,,,,,,,,
2011,2011-09-14,MIA,ATL,1.0,4.0,False,0|1|0|0|0|0|0|0|0,0|0|0|0|0|0|4|0|x,135.0,-155.0,152.0,-172.0,,8.5,sbro,,,,,RNOLASCO-R,RDELGADO-R,,,,,,,,
2011,2011-09-14,STL,PIT,3.0,2.0,False,1|0|0|2|0|0|0|0|0,0|0|1|0|0|1|0|0|0,-145.0,125.0,-148.0,128.0,,9.0,sbro,,,,,EJACKSON-R,CMORTON-R,,,,,,,,
2011,2011-09-14,PHI,HOU,1.0,0.0,False,1|0|0|0|0|0|0|0|0,0|0|0|0|0|0|0|0|0,-250.0,210.0,-270.0,230.0,,7.0,sbro,,,,,RHALLADAY-R,BNORRIS-R,,,,,,,,
2011,2011-09-14,SDG,SFO,1.0,3.0,False,1|0|0|0|0|0|0|0|0,1|0|0|0|0|1|1|0|x,145.0,-165.0,145.0,-165.0,,5.5,sbro,,,,,MLATOS-R,TLINCECUM-R,,,,,,,,
2011,2011-09-14,WAS,NYM,2.0,0.0,False,0|0|2|0|0|0|0|0|0,0|0|0|0|0|0|0|0|0,120.0,-140.0,117.0,-137.0,,8.5,sbro,,,,,BPEACOCK-R,MPELFREY-R,,,,,,,,
2011,2011-09-14,CUB,CIN,2.0,7.0,False,0|0|0|0|0|2|0|0|0,0|3|2|1|0|0|0|1|x,170.0,-190.0,169.0,-189.0,,8.5,sbro,,,,,CCOLEMAN-R,JCUETO-R,,,,,,,,
2011,2011-09-14,COL,MIL,6.0,2.0,False,0|0|3|1|2|0|0|0|0,1|0|0|0|0|1|0|0|0,170.0,-190.0,160.0,-180.0,,8.0,sbro,,,,,KMILLWOOD-R,SMARCUM-R,,,,,,,,
2011,2011-09-14,ARI,LOS,2.0,3.0,False,0|0|0|0|0|0|0|1|1,2|0|0|0|0|0|0|1|x,125.0,-145.0,113.0,-133.0,,5.5,sbro,,,,,DHUDSON-R,CKERSHAW-L,,,,,,,,
2011,2011-09-14,TOR,BOS,5.0,4.0,False,2|0|0|0|0|0|0|3|0,0|2|1|0|0|1|0|0|0,100.0,-120.0,114.0,-134.0,,10.5,sbro,,,,,RROMERO-L,JLACKEY-R,,,,,,,,
2011,2011-09-14,DET,CWS,6.0,5.0,False,0|1|0|0|0|1|0|0|3,0|4|0|0|0|1|0|0|0,100.0,-120.0,-108.0,-112.0,,9.5,sbro,,,,,BPENNY-R,DAXELROD-R,,,,,,,,
2011,2011-09-14,LAA,OAK,4.0,1.0,False,0|0|0|0|0|3|0|1|0,0|0|1|0|0|0|0|0|0,-155.0,135.0,-156.0,136.0,,7.0,sbro,,,,,JERWEAVER-R,RHARDEN-R,,,,,,,,
2011,2011-09-14,MIN,KAN,3.0,7.0,False,0|0|0|1|0|1|1|0|0,0|2|0|3|0|2|0|0|x,130.0,-150.0,135.0,-155.0,,8.5,sbro,,,,,LHENDRIKS-R,LHOCHEVAR-R,,,,,,,,
2011,2011-09-14,TAM,BAL,2.0,6.0,False,0|0|0|2|0|0|0|0|0,0|0|1|3|0|0|0|2|x,-140.0,120.0,-155.0,135.0,,8.5,sbro,,,,,WDAVIS-R,JGUTHRIE-R,,,,,,,,
2011,2011-09-14,CLE,TEX,1.0,9.0,False,0|0|0|0|1|0|0|0|0,0|0|0|8|0|1|0|0|x,170.0,-190.0,200.0,-240.0,,10.0,sbro,,,,,DHUFF-L,DHOLLAND-L,,,,,,,,
2011,2011-09-14,NYY,SEA,1.0,2.0,False,0|0|0|0|0|0|1|0|0,0|0|0|1|0|0|0|0|0,-200.0,170.0,-180.0,160.0,,8.5,sbro,,,,,INOVA-R,JVARGAS-L,,,,,,,,
2011,2011-09-15,WAS,NYM,10.0,1.0,False,0|0|0|0|2|0|1|3|4,0|0|0|0|0|1|0|0|0,105.0,-125.0,-110.0,-110.0,,9.0,sbro,,,,,TMILONE-L,CSCHWINDE-R,,,,,,,,
2011,2011-09-15,CUB,CIN,6.0,8.0,False,4|0|0|0|0|0|0|0|2,0|0|1|1|3|1|0|0|0,140.0,-160.0,117.0,-137.0,,8.0,sbro,,,,,RWELLS-R,HBAILEY-R,,,,,,,,
2011,2011-09-15,SFO,COL,8.0,5.0,False,2|3|0|0|0|2|0|0|1,0|0|1|1|0|0|3|0|0,115.0,-135.0,101.0,-121.0,,8.5,sbro,,,,,VOGELSONG-R,JCHACIN-R,,,,,,,,
2011,2011-09-15,PIT,LOS,6.0,2.0,False,0|4|0|0|0|0|0|2|0,1|0|0|0|1|0|0|0|0,150.0,-170.0,160.0,-180.0,,8.0,sbro,,,,,ROHLENDOR-R,DEVELAND-L,,,,,,,,
2011,2011-09-15,TAM,BOS,9.0,2.0,False,0|0|4|0|0|2|3|0|0,0|0|1|0|0|0|0|0|1,-120.0,100.0,-108.0,-112.0,,9.5,sbro,,,,,JHELLICKS-R,KWEILAND-R,,,,,,,,
2011,2011-09-15,CLE,TEX,4.0,7.0,False,0|0|0|0|0|0|1|1|2,0|0|1|0|5|0|1|0|x,190.0,-220.0,200.0,-240.0,,9.5,sbro,,,,,FCARMONA-R,AOGANDO-R,,,,,,,,
2011,2011-09-15,CWS,KAN,2.0,7.0,False,0|0|1|0|0|1|0|0|0,2|0|0|0|1|3|1|0|x,-130.0,110.0,-107.0,-113.0,,8.5,sbro,,,,,MBUEHRLE-L,JFRANCIS-L,,,,,,,,
2011,2011-09-15,DET,OAK,1.0,6.0,False,0|0|1|0|0|0|0|0|0,3|1|0|0|1|0|0|1|x,-120.0,100.0,-115.0,-105.0,,7.5,sbro,,,,,MSCHERZER-R,BMCCARTHY-R,,,,,,,,
2011,2011-09-15,MIA,PHI,1.0,3.0,False,0|0|0|0|1|0|0|0|0,2|0|0|0|0|0|1|0|x,135.0,-155.0,117.0,-137.0,,8.5,sbro,,,,,ASANCHEZ-R,KKENDRICK-R,,,,,,,,
2011,2011-09-15,MIA,PHI,1.0,2.0,False,0|0|0|0|0|0|0|0|1,0|0|0|0|0|1|0|0|0,270.0,-320.0,280.0,-330.0,,7.5,sbro,,,,,ASANABIA-R,CLEE-L,,,,,,,,
2011,2011-09-16,HOU,CUB,3.0,4.0,False,0|1|0|0|0|0|0|0|2,0|0|1|0|0|2|0|0|0,145.0,-165.0,142.0,-162.0,,7.0,sbro,,,,,WRODRIGEZ-L,MGARZA-R,,,,,,,,
2011,2011-09-16,STL,PHI,4.0,2.0,False,0|1|0|0|0|0|0|1|0,0|1|0|0|0|0|0|0|1,125.0,-145.0,105.0,-125.0,,8.0,sbro,,,,,JGARCIA-L,VWORLEY-R,,,,,,,,
2011,2011-09-16,MIA,WAS,3.0,0.0,False,0|1|2|0|0|0|0|0|0,0|0|0|0|0|0|0|0|0,105.0,-125.0,101.0,-121.0,,7.5,sbro,,,,,JVAZQUEZ-R,JLANNAN-L,,,,,,,,
2011,2011-09-16,MIL,CIN,6.0,3.0,False,0|1|3|0|0|0|1|1|0,1|0|0|0|0|0|0|2|0,-110.0,-110.0,-112.0,-108.0,,9.0,sbro,,,,,RWOLF-L,BARROYO-R,,,,,,,,
2011,2011-09-16,NYM,ATL,12.0,2.0,False,4|0|2|4|0|1|0|0|1,1|1|0|0|0|0|0|0|0,150.0,-170.0,139.0,-159.0,,8.0,sbro,,,,,CCAPUANO-L,DLOWE-R,,,,,,,,
2011,2011-09-16,SFO,COL,9.0,1.0,False,0|0|0|2|1|3|3|0|0,0|0|0|0|1|0|0|0|0,-130.0,110.0,-143.0,123.0,,9.0,sbro,,,,,MBUMGARNR-L,AWHITE-R,,,,,,,,
2011,2011-09-16,ARI,SDG,0.0,2.0,False,0|0|0|0|0|0|0|0|0,2|0|0|0|0|0|0|0|x,-105.0,-115.0,-107.0,-113.0,,7.0,sbro,,,,,WMILEY-L,TSTAUFFER-R,,,,,,,,
2011,2011-09-16,PIT,LOS,2.0,7.0,False,0|1|0|0|0|1|0|0|0,0|1|2|0|0|4|0|0|x,170.0,-190.0,160.0,-180.0,,7.5,sbro,,,,,JLOCKE-L,HKURODA-R,,,,,,,,
2011,2011-09-16,LAA,BAL,3.0,8.0,False,0|0|0|0|0|0|0|0|3,0|0|2|0|3|3|0|0|x,-190.0,170.0,-175.0,155.0,,8.0,sbro,,,,,DHAREN-R,THUNTER-R,,,,,,,,
2011,2011-09-16,NYY,TOR,4.0,5.0,False,0|0|0|3|0|1|0|0|0,1|0|0|0|3|0|0|0|1,-190.0,170.0,-230.0,200.0,,9.0,sbro,,,,,CSABATHIA-L,DMCGOWAN-R,,,,,,,,
2011,2011-09-16,TAM,BOS,3.0,4.0,False,2|0|1|0|0|0|0|0|0,2|0|1|1|0|0|0|0|x,130.0,-150.0,117.0,-137.0,,7.5,sbro,,,,,JSHIELDS-R,JBECKETT-R,,,,,,,,
2011,2011-09-16,CWS,KAN,6.0,7.0,False,1|0|1|0|1|0|1|2|0,2|0|0|3|0|1|0|0|1,105.0,-125.0,-110.0,-110.0,,8.5,sbro,,,,,PHUMBER-R,FPAULINO-R,,,,,,,,
2011,2011-09-16,CLE,MIN,7.0,6.0,False,0|1|1|3|0|1|0|0|1,0|0|0|0|2|0|2|0|2,-140.0,120.0,-129.0,109.0,,8.0,sbro,,,,,UJIMENEZ-R,KSLOWEY-R,,,,,,,,
2011,2011-09-16,DET,OAK,3.0,1.0,False,0|0|1|0|0|1|1|0|0,0|1|0|0|0|0|0|0|0,-125.0,105.0,-136.0,116.0,,7.5,sbro,,,,,DFISTER-R,TCAHILL-R,,,,,,,,
2011,2011-09-16,TEX,SEA,0.0,4.0,False,0|0|0|0|0|0|0|0|0,0|0|3|0|0|0|1|0|x,-200.0,170.0,-210.0,180.0,,7.5,sbro,,,,,CWILSON-L,BBEAVAN-R,,,,,,,,
2011,2011-09-17,HOU,CUB,1.0,2.0,False,1|0|0|0|0|0|0|0|0,1|0|0|1|0|0|0|0|x,125.0,-145.0,126.0,-146.0,,8.5,sbro,,,,,HSOSA-R,RLOPEZ-R,,,,,,,,
2011,2011-09-17,STL,PHI,2.0,9.0,False,0|0|0|0|0|0|0|2|0,1|0|0|1|0|1|0|6|x,135.0,-155.0,121.0,-141.0,,8.5,sbro,,,,,WESTBROOK-R,ROSWALT-R,,,,,,,,
2011,2011-09-17,MIA,WAS,4.0,1.0,False,0|0|1|0|0|0|0|0|0,0|0|0|0|1|0|0|0|0,200.0,-230.0,180.0,-210.0,,7.0,sbro,,,,,CVOLSTAD-R,SSTRASBUR-R,,,,,,,,
2011,2011-09-17,NYM,ATL,0.0,1.0,False,0|0|0|0|0|0|0|0|0,0|0|0|0|0|0|0|1|x,155.0,-175.0,147.0,-167.0,,7.5,sbro,,,,,RDICKEY-R,THUDSON-R,,,,,,,,
2011,2011-09-17,MIL,CIN,10.0,1.0,False,1|0|0|1|0|1|3|4|0,0|1|0|0|0|0|0|0|0,-140.0,120.0,-130.0,110.0,,8.0,sbro,,,,,YGALLARDO-R,EVOLQUEZ-R,,,,,,,,
2011,2011-09-17,SFO,COL,6.0,5.0,False,0|1|0|0|0|1|0|4|0,0|0|0|0|1|2|0|0|2,120.0,-140.0,100.0,-120.0,,9.0,sbro,,,,,ESURKAMP-L,DPOMERANZ-L,,,,,,,,
2011,2011-09-17,ARI,SDG,1.0,3.0,False,1|0|0|0|0|0|0|0|0,0|1|0|1|0|0|1|0|x,-155.0,135.0,-142.0,122.0,,7.0,sbro,,,,,JCOLLMENT-R,WLEBLANC-L,,,,,,,,
2011,2011-09-17,PIT,LOS,1.0,6.0,False,0|1|0|0|0|0|0|0|0,3|0|2|0|1|0|0|0|x,145.0,-165.0,130.0,-150.0,,7.0,sbro,,,,,JMCDONALD-R,TLILLY-L,,,,,,,,
2011,2011-09-17,NYY,TOR,7.0,6.0,False,0|0|0|1|0|4|2|0|0,0|4|0|2|0|0|0|0|0,-150.0,130.0,-140.0,120.0,,9.0,sbro,,,,,BCOLON-R,HALVAREZ-R,,,,,,,,
2011,2011-09-17,CLE,MIN,10.0,4.0,False,2|6|0|0|0|0|0|0|2,0|0|1|0|1|0|0|2|0,105.0,-125.0,-108.0,-112.0,,8.5,sbro,,,,,JGOMEZ-R,ASWARZAK-R,,,,,,,,
2011,2011-09-17,DET,OAK,3.0,5.0,False,0|0|0|0|0|1|0|0|2,0|2|1|0|0|0|0|2|x,145.0,-165.0,128.0,-148.0,,7.5,sbro,,,,,RPORCELLO-R,GGONZALEZ-L,,,,,,,,
2011,2011-09-17,LAA,BAL,2.0,6.0,False,0|0|0|0|1|0|0|0|1,5|0|0|0|0|0|0|1|x,-165.0,145.0,-148.0,128.0,,8.5,sbro,,,,,ESANTANA-R,ZBRITTON-L,,,,,,,,
2011,2011-09-17,CWS,KAN,3.0,10.0,False,0|1|0|0|0|0|2|0|0,0|0|0|3|2|1|1|3|x,125.0,-145.0,111.0,-131.0,,9.0,sbro,,,,,ZSTEWART-R,ETEAFORD-L,,,,,,,,
2011,2011-09-17,TAM,BOS,4.0,3.0,False,2|0|1|0|1|0|0|0|0,0|0|2|0|0|0|1|0|0,150.0,-170.0,153.0,-173.0,,7.5,sbro,,,,,JNIEMANN-R,JLESTER-L,,,,,,,,
2011,2011-09-17,TEX,SEA,7.0,6.0,False,0|1|3|3|0|0|0|0|0,0|4|0|0|2|0|0|0|0,-200.0,170.0,-200.0,170.0,,8.0,sbro,,,,,CLEWIS-R,AVASQUEZ-L,,,,,,,,
2011,2011-09-18,MIL,CIN,8.0,1.0,False,4|3|0|0|0|1|0|0|0,0|0|0|0|1|0|0|0|0,-180.0,160.0,-171.0,151.0,,9.0,sbro,,,,,ZGREINKE-R,MMALONEY-L,,,,,,,,
2011,2011-09-18,MIA,WAS,3.0,4.0,False,0|0|0|0|1|0|2|0|0,0|1|0|3|0|0|0|0|x,110.0,-130.0,126.0,-146.0,,8.5,sbro,,,,,BHAND-L,CWANG-R,,,,,,,,
2011,2011-09-18,NYM,ATL,7.0,5.0,False,0|0|0|4|0|0|0|2|1,0|0|1|3|0|0|1|0|0,170.0,-190.0,167.0,-187.0,,8.0,sbro,,,,,DGEE-R,BBEACHY-R,,,,,,,,
2011,2011-09-18,HOU,CUB,3.0,2.0,False,3|0|0|0|0|0|0|0|0,1|0|0|0|0|0|0|1|0,135.0,-155.0,125.0,-145.0,,8.5,sbro,,,,,BMYERS-R,RDEMPSTER-R,,,,,,,,
2011,2011-09-18,SFO,COL,12.0,5.0,False,2|0|0|8|1|1|0|0|0,0|0|1|2|2|0|0|0|0,-155.0,135.0,-155.0,135.0,,9.0,sbro,,,,,MCAIN-R,EROGERS-R,,,,,,,,
2011,2011-09-18,ARI,SDG,5.0,1.0,False,0|0|0|1|0|1|2|0|1,0|0|1|0|0|0|0|0|0,-105.0,-115.0,-105.0,-105.0,,7.5,sbro,,,,,JSAUNDERS-L,AHARANG-R,,,,,,,,
2011,2011-09-18,PIT,LOS,1.0,15.0,False,0|0|0|0|1|0|0|0|0,3|6|2|0|1|3|0|0|x,140.0,-160.0,133.0,-153.0,,7.5,sbro,,,,,BLINCOLN-R,BILLNGSLEY-R,,,,,,,,
2011,2011-09-18,STL,PHI,5.0,0.0,False,2|0|0|0|0|2|0|1|0,0|0|0|0|0|0|0|0|0,-106.0,-114.0,101.0,-121.0,,7.0,sbro,,,,,CARPENTER-R,CHAMELS-L,,,,,,,,
2011,2011-09-18,NYY,TOR,0.0,3.0,False,0|0|0|0|0|0|0|0|0,0|1|0|1|1|0|0|0|x,-145.0,125.0,-107.0,-113.0,,9.0,sbro,,,,,FGARCIA-R,BMORROW-R,,,,,,,,
2011,2011-09-18,TAM,BOS,8.0,5.0,False,0|3|0|1|2|0|2|0|0,0|0|0|2|0|0|3|0|0,-145.0,125.0,-138.0,118.0,,9.0,sbro,,,,,DPRICE-L,WAKEFIELD-R,,,,,,,,
2011,2011-09-18,LAA,BAL,11.0,2.0,False,1|0|1|4|0|2|0|3|0,1|0|0|0|0|1|0|0|0,-210.0,180.0,-170.0,150.0,,8.0,sbro,,,,,JERWEAVER-R,ASIMON-R,,,,,,,,
2011,2011-09-18,CLE,MIN,6.0,5.0,False,0|0|0|0|0|0|6|0|0,0|1|0|1|0|1|0|2|0,-145.0,125.0,-140.0,120.0,,8.0,sbro,,,,,MASTERSON-R,CPAVANO-R,,,,,,,,
2011,2011-09-18,CWS,KAN,10.0,5.0,False,0|2|0|2|0|0|2|4|0,0|0|0|0|2|1|1|0|1,-115.0,-105.0,-110.0,-110.0,,8.5,sbro,,,,,JDANKS-L,BCHEN-L,,,,,,,,
2011,2011-09-18,DET,OAK,3.0,0.0,False,0|0|0|0|0|1|0|1|1,0|0|0|0|0|0|0|0|0,-180.0,160.0,-175.0,155.0,,7.0,sbro,,,,,VERLANDER-R,GMOSCOSO-R,,,,,,,,
2011,2011-09-18,TEX,SEA,3.0,0.0,False,0|0|0|2|0|1|0|0|0,0|0|0|0|0|0|0|0|0,105.0,-125.0,-113.0,-107.0,,7.0,sbro,,,,,MHARRISON-L,FHERNANDZ-R,,,,,,,,
2011,2011-09-19,STL,PHI,4.0,3.0,False,2|0|1|0|0|0|1|0|0,0|1|0|0|0|0|0|0|2,200.0,-230.0,185.0,-215.0,,7.5,sbro,,,,,KLOHSE-R,RHALLADAY-R,,,,,,,,
2011,2011-09-19,ATL,MIA,5.0,6.0,False,0|0|0|0|0|1|4|0|0,1|0|1|0|0|2|0|0|2,-110.0,-110.0,-119.0,-101.0,,8.0,sbro,,,,,MMINOR-L,RNOLASCO-R,,,,,,,,
2011,2011-09-19,HOU,CIN,3.0,2.0,False,0|0|0|0|0|2|0|1|0,1|1|0|0|0|0|0|0|0,129.0,-149.0,138.0,-158.0,,9.5,sbro,,,,,JHAPP-L,TWOOD-L,,,,,,,,
2011,2011-09-19,MIL,CUB,2.0,5.0,False,0|0|1|0|0|0|0|0|1,0|0|2|1|0|2|0|0|x,-160.0,140.0,-146.0,126.0,,9.0,sbro,,,,,CNARVESON-L,CCOLEMAN-R,,,,,,,,
2011,2011-09-19,SDG,COL,8.0,2.0,False,0|1|2|4|0|1|0|0|0,0|0|0|0|0|2|0|0|0,110.0,-130.0,-108.0,-112.0,,8.5,sbro,,,,,CLUEBKE-L,KMILLWOOD-R,,,,,,,,
2011,2011-09-19,PIT,ARI,0.0,1.0,False,0|0|0|0|0|0|0|0|0,0|0|0|0|0|1|0|0|x,210.0,-250.0,200.0,-230.0,,8.5,sbro,,,,,JKARSTENS-R,IKENNEDY-R,,,,,,,,
2011,2011-09-19,MIN,NYY,4.0,6.0,False,0|0|0|1|3|0|0|0|0,2|1|2|0|0|1|0|0|x,200.0,-230.0,230.0,-270.0,,10.0,sbro,,,,,SDIAMOND-L,ABURNETT-R,,,,,,,,
2011,2011-09-19,LAA,TOR,2.0,3.0,False,0|1|0|0|1|0|0|0|0,0|0|0|2|0|0|0|0|0,130.0,-150.0,118.0,-138.0,,8.5,sbro,,,,,JWILLIAMS-R,RROMERO-L,,,,,,,,
2011,2011-09-19,BAL,BOS,9.0,18.0,False,3|0|2|1|2|1|0|0|0,4|2|5|0|0|0|7|0|x,210.0,-250.0,200.0,-240.0,,11.0,sbro,,,,,BMATUSZ-L,JLACKEY-R,,,,,,,,
2011,2011-09-19,SEA,CLE,12.0,6.0,False,0|2|9|0|0|1|0|x|x,3|1|0|0|2|0|0|x|x,145.0,-165.0,130.0,-150.0,,9.0,sbro,,,,,CFURBUSH-L,DHUFF-L,,,,,,,,
2011,2011-09-19,BAL,BOS,6.0,5.0,False,0|0|2|3|1|0|0|0|0,0|0|1|1|2|0|1|0|0,168.0,-188.0,140.0,-160.0,,10.5,sbro,,,,,JGUTHRIE-R,KWEILAND-R,,,,,,,,
2011,2011-09-20,WAS,PHI,3.0,0.0,False,0|1|0|0|0|1|1|0|0,0|0|0|0|0|0|0|0|0,230.0,-270.0,200.0,-240.0,,7.5,sbro,,,,,RDETWILER-L,CLEE-L,,,,,,,,
2011,2011-09-20,ATL,MIA,4.0,0.0,False,0|3|0|0|0|1|0|0|0,0|0|0|0|0|0|0|0|0,-105.0,-105.0,-114.0,-106.0,,7.5,sbro,,,,,RDELGADO-R,ASANCHEZ-R,,,,,,,,
2011,2011-09-20,HOU,CIN,4.0,6.0,False,0|0|2|0|0|0|0|2|0,0|3|0|0|2|0|0|1|x,140.0,-160.0,145.0,-165.0,,8.0,sbro,,,,,BNORRIS-R,HBAILEY-R,,,,,,,,
2011,2011-09-20,MIL,CUB,5.0,1.0,False,0|0|4|0|1|0|0|0|0,0|0|0|0|0|1|0|0|0,-145.0,125.0,-148.0,128.0,,9.0,sbro,,,,,SMARCUM-R,RWELLS-R,,,,,,,,
2011,2011-09-20,NYM,STL,6.0,11.0,False,1|0|3|0|1|0|1|0|0,0|0|3|0|2|0|6|0|x,152.0,-172.0,159.0,-179.0,,8.5,sbro,,,,,MPELFREY-R,EJACKSON-R,,,,,,,,
2011,2011-09-20,SDG,COL,2.0,1.0,False,1|0|0|0|0|1|0|0|0,0|0|0|0|0|0|0|0|1,-107.0,-113.0,-124.0,104.0,,8.0,sbro,,,,,MLATOS-R,JCHACIN-R,,,,,,,,
2011,2011-09-20,PIT,ARI,5.0,3.0,False,1|1|0|0|1|0|0|2|0,0|0|0|0|0|0|1|2|0,200.0,-240.0,170.0,-200.0,,8.5,sbro,,,,,CMORTON-R,DHUDSON-R,,,,,,,,
2011,2011-09-20,SFO,LOS,1.0,2.0,False,0|0|0|0|0|0|0|1|0,1|1|0|0|0|0|0|0|x,108.0,-128.0,100.0,-120.0,,5.5,sbro,,,,,TLINCECUM-R,CKERSHAW-L,,,,,,,,
2011,2011-09-20,LAA,TOR,10.0,6.0,False,0|1|3|5|0|1|0|0|0,1|1|0|0|0|0|3|0|1,115.0,-135.0,-105.0,-115.0,,9.5,sbro,,,,,JPINEIRO-R,BCECIL-L,,,,,,,,
2011,2011-09-20,TAM,NYY,0.0,5.0,False,0|0|0|0|0|0|0|0|0,0|4|0|0|1|0|0|0|x,150.0,-170.0,134.0,-154.0,,9.0,sbro,,,,,WDAVIS-R,INOVA-R,,,,,,,,
2011,2011-09-20,CWS,CLE,5.0,4.0,False,0|0|0|0|1|2|2|0|0,0|0|0|4|0|0|0|0|0,-110.0,-110.0,-110.0,-110.0,,9.0,sbro,,,,,DAXELROD-R,ZMCALLIST-R,,,,,,,,
2011,2011-09-20,BAL,BOS,7.0,5.0,False,0|0|4|0|0|0|0|3|0,1|0|2|2|0|0|0|0|0,205.0,-245.0,210.0,-250.0,,10.5,sbro,,,,,VANDENHURK-R,EBEDARD-L,,,,,,,,
2011,2011-09-20,DET,KAN,2.0,10.0,False,0|0|0|0|1|0|1|0|0,1|0|0|6|2|0|0|1|x,-105.0,-105.0,-105.0,-115.0,,10.0,sbro,,,,,BPENNY-R,LMENDOZA-R,,,,,,,,
2011,2011-09-20,SEA,MIN,5.0,4.0,False,2|0|0|0|0|2|1|0|0,2|0|0|1|1|0|0|0|0,-113.0,-107.0,-113.0,-107.0,,8.0,sbro,,,,,JVARGAS-L,LHENDRIKS-R,,,,,,,,
2011,2011-09-20,TEX,OAK,7.0,2.0,False,3|1|2|0|0|0|0|1|0,0|0|0|0|1|0|0|0|1,-140.0,120.0,-154.0,134.0,,8.0,sbro,,,,,DHOLLAND-L,RHARDEN-R,,,,,,,,
2011,2011-09-20,CWS,CLE,3.0,4.0,False,0|2|0|0|0|1|0|0|0,2|0|0|1|1|0|0|0|x,-110.0,-110.0,-113.0,-107.0,,8.5,sbro,,,,,GFLOYD-R,FCARMONA-R,,,,,,,,
2011,2011-09-20,WAS,PHI,4.0,3.0,False,0|0|0|0|0|0|3|0|0,0|0|0|0|0|0|3|0|0,151.0,-171.0,148.0,-168.0,,8.5,sbro,,,,,TMILONE-L,KKENDRICK-R,,,,,,,,
2011,2011-09-21,HOU,CIN,0.0,2.0,False,0|0|0|0|0|0|0|0|0,1|1|0|0|0|0|0|0|x,120.0,-140.0,118.0,-138.0,,9.0,sbro,,,,,WRODRIGEZ-L,BARROYO-R,,,,,,,,
2011,2011-09-21,MIL,CUB,1.0,7.0,False,0|0|1|0|0|0|0|0|0,0|0|1|0|2|3|1|0|x,-125.0,105.0,-110.0,-110.0,,10.5,sbro,,,,,RWOLF-L,MGARZA-R,,,,,,,,
2011,2011-09-21,SDG,COL,4.0,0.0,False,4|0|0|0|0|0|0|0|0,0|0|0|0|0|0|0|0|0,-110.0,-110.0,-104.0,-116.0,,9.5,sbro,,,,,ABASS-R,ACOOK-R,,,,,,,,
2011,2011-09-21,PIT,ARI,5.0,8.0,False,0|1|0|1|0|1|1|1|0,3|0|5|0|0|0|0|0|x,170.0,-190.0,145.0,-165.0,,9.5,sbro,,,,,ROHLENDOR-R,WMILEY-L,,,,,,,,
2011,2011-09-21,WAS,PHI,7.0,5.0,False,0|2|0|0|0|2|0|3|0,0|2|1|0|0|0|0|2|0,170.0,-200.0,158.0,-178.0,,8.0,sbro,,,,,JLANNAN-L,VWORLEY-R,,,,,,,,
2011,2011-09-21,ATL,MIA,0.0,4.0,False,0|0|0|0|0|0|0|0|0,0|1|0|0|1|1|0|1|x,120.0,-140.0,-113.0,-107.0,,7.5,sbro,,,,,DLOWE-R,JVAZQUEZ-R,,,,,,,,
2011,2011-09-21,NYM,STL,5.0,6.0,False,0|0|4|0|0|0|0|0|1,2|1|0|0|0|0|3|0|x,170.0,-200.0,200.0,-230.0,,9.0,sbro,,,,,CSCHWINDE-R,JGARCIA-L,,,,,,,,
2011,2011-09-21,SFO,LOS,8.0,5.0,False,3|0|0|2|0|1|2|0|0,0|0|0|0|4|0|0|0|1,-110.0,-110.0,-125.0,105.0,,7.0,sbro,,,,,VOGELSONG-R,DEVELAND-L,,,,,,,,
2011,2011-09-21,TAM,NYY,2.0,4.0,False,0|0|2|0|0|0|0|0|0,1|0|0|0|0|0|0|3|x,-110.0,-110.0,-151.0,131.0,,8.5,sbro,,,,,JSHIELDS-R,HNOESI-R,,,,,,,,
2011,2011-09-21,CWS,CLE,8.0,4.0,False,0|0|0|0|1|0|3|4|0,0|0|0|0|0|2|0|2|0,125.0,-145.0,131.0,-151.0,,8.0,sbro,,,,,MBUEHRLE-L,UJIMENEZ-R,,,,,,,,
2011,2011-09-21,LAA,TOR,7.0,2.0,False,0|0|1|0|1|2|0|3|0,0|0|0|0|0|1|0|0|1,-180.0,160.0,-143.0,123.0,,8.5,sbro,,,,,DHAREN-R,DMCGOWAN-R,,,,,,,,
2011,2011-09-21,BAL,BOS,6.0,4.0,False,0|1|0|0|0|1|2|2|0,0|0|1|2|1|0|0|0|0,250.0,-300.0,220.0,-260.0,,9.0,sbro,,,,,THUNTER-R,JBECKETT-R,,,,,,,,
2011,2011-09-21,SEA,MIN,5.0,4.0,False,0|0|0|0|0|2|3|0|0,1|0|0|1|0|0|0|1|1,-140.0,120.0,-137.0,117.0,,7.5,sbro,,,,,MPINEDA-R,KSLOWEY-R,,,,,,,,
2011,2011-09-21,DET,KAN,6.0,3.0,False,1|0|0|0|1|0|1|3|0,2|0|0|0|0|1|0|0|0,-135.0,115.0,-113.0,-107.0,,8.5,sbro,,,,,MSCHERZER-R,FPAULINO-R,,,,,,,,
2011,2011-09-21,TEX,OAK,3.0,2.0,False,0|1|0|0|0|0|0|2|0,0|0|0|0|2|0|0|0|0,-155.0,135.0,-173.0,153.0,,7.0,sbro,,,,,CWILSON-L,BMCCARTHY-R,,,,,,,,
2011,2011-09-21,TAM,NYY,2.0,4.0,False,0|0|0|0|1|0|1|0|0,0|1|0|1|0|0|0|2|x,165.0,-185.0,144.0,-164.0,,8.0,sbro,,,,,JHELLICKS-R,CSABATHIA-L,,,,,,,,
2011,2011-09-22,NYM,STL,8.0,6.0,False,0|0|0|0|1|0|0|1|6,2|0|0|0|2|0|2|0|0,150.0,-170.0,166.0,-186.0,,9.0,sbro,,,,,CCAPUANO-L,WESTBROOK-R,,,,,,,,
2011,2011-09-22,WAS,PHI,6.0,1.0,False,0|0|2|0|0|0|0|4|0,0|0|0|0|0|0|0|0|1,170.0,-200.0,170.0,-200.0,,8.0,sbro,,,,,BPEACOCK-R,ROSWALT-R,,,,,,,,
2011,2011-09-22,COL,HOU,6.0,9.0,False,0|1|1|0|0|0|1|3|0,0|1|3|0|1|0|3|1|x,105.0,-125.0,101.0,-121.0,,9.0,sbro,,,,,AWHITE-R,HSOSA-R,,,,,,,,
2011,2011-09-22,SFO,LOS,2.0,8.0,False,1|0|0|0|0|0|1|0|0,2|0|1|1|2|0|0|2|x,100.0,-120.0,-133.0,113.0,,6.5,sbro,,,,,MBUMGARNR-L,HKURODA-R,,,,,,,,
2011,2011-09-22,SEA,MIN,2.0,3.0,False,1|1|0|0|0|0|0|0|0,0|0|1|0|1|0|0|0|1,100.0,-120.0,-120.0,100.0,,8.5,sbro,,,,,BBEAVAN-R,ASWARZAK-R,,,,,,,,
2011,2011-09-22,TEX,OAK,3.0,4.0,False,0|2|0|0|0|1|0|0|0,1|0|0|0|0|1|1|1|x,-155.0,135.0,-145.0,125.0,,8.5,sbro,,,,,CLEWIS-R,TCAHILL-R,,,,,,,,
2011,2011-09-22,LAA,TOR,3.0,4.0,False,0|1|0|0|0|2|0|0|0,0|0|0|0|1|0|2|0|0,-120.0,100.0,-118.0,-102.0,,8.5,sbro,,,,,ESANTANA-R,HALVAREZ-R,,,,,,,,
2011,2011-09-22,CWS,CLE,2.0,11.0,False,0|0|0|0|2|0|0|0|0,2|0|0|0|2|1|4|2|x,105.0,-125.0,-107.0,-113.0,,8.5,sbro,,,,,PHUMBER-R,JGOMEZ-R,,,,,,,,
2011,2011-09-22,BAL,DET,6.0,5.0,False,1|0|1|3|0|1|0|0|0,0|0|0|1|4|0|0|0|0,140.0,-160.0,129.0,-149.0,,9.5,sbro,,,,,ZBRITTON-L,JTURNER-R,,,,,,,,
2011,2011-09-22,TAM,NYY,15.0,8.0,False,3|2|2|5|1|0|0|2|0,0|0|0|0|0|2|4|2|0,-118.0,-102.0,-137.0,117.0,,9.0,sbro,,,,,MMOORE-L,BCOLON-R,,,,,,,,
2011,2011-09-23,ATL,WAS,7.0,4.0,False,3|0|0|0|3|0|0|0|1,0|1|0|0|0|2|0|1|0,105.0,-125.0,-113.0,-107.0,,6.5,sbro,,,,,THUDSON-R,SSTRASBUR-R,,,,,,,,
2011,2011-09-23,CIN,PIT,3.0,4.0,False,0|0|0|0|1|1|0|0|1,0|2|1|0|0|0|0|0|1,-140.0,120.0,-137.0,117.0,,9.0,sbro,,,,,EVOLQUEZ-R,JLOCKE-L,,,,,,,,
2011,2011-09-23,COL,HOU,2.0,11.0,False,1|0|0|0|0|0|1|0|0,5|1|0|2|1|1|1|0|x,120.0,-140.0,120.0,-140.0,,8.0,sbro,,,,,DPOMERANZ-L,BMYERS-R,,,,,,,,
2011,2011-09-23,MIA,MIL,1.0,4.0,False,0|0|0|1|0|0|0|0|0,0|1|0|0|0|0|0|3|x,200.0,-230.0,200.0,-230.0,,8.0,sbro,,,,,CVOLSTAD-R,YGALLARDO-R,,,,,,,,
2011,2011-09-23,CUB,STL,5.0,1.0,False,0|0|0|0|0|1|0|3|1,0|1|0|0|0|0|0|0|0,190.0,-220.0,170.0,-200.0,,7.5,sbro,,,,,RDEMPSTER-R,CARPENTER-R,,,,,,,,
2011,2011-09-23,SFO,ARI,1.0,3.0,False,0|0|0|0|1|0|0|0|0,0|0|0|0|0|0|1|2|x,150.0,-170.0,-110.0,-110.0,,8.5,sbro,,,,,MCAIN-R,JSAUNDERS-L,,,,,,,,
2011,2011-09-23,LOS,SDG,2.0,0.0,False,0|1|0|0|0|0|1|0|0,0|0|0|0|0|0|0|0|0,-130.0,110.0,-112.0,-108.0,,6.5,sbro,,,,,TLILLY-L,WLEBLANC-L,,,,,,,,
2011,2011-09-23,BAL,DET,3.0,4.0,False,1|0|2|0|0|0|0|0|0,2|0|0|0|1|0|0|0|0,155.0,-175.0,153.0,-173.0,,9.5,sbro,,,,,ASIMON-R,RPORCELLO-R,,,,,,,,
2011,2011-09-23,MIN,CLE,5.0,6.0,False,2|0|2|0|0|0|1|0|0,1|1|2|0|0|1|0|0|1,170.0,-190.0,168.0,-188.0,,8.0,sbro,,,,,CPAVANO-R,MASTERSON-R,,,,,,,,
2011,2011-09-23,TOR,TAM,5.0,1.0,False,0|0|3|0|1|1|0|0|0,0|0|0|0|0|0|0|0|1,170.0,-190.0,170.0,-200.0,,7.0,sbro,,,,,BMORROW-R,DPRICE-L,,,,,,,,
2011,2011-09-23,SEA,TEX,3.0,5.0,False,0|0|0|0|0|3|0|0|0,0|2|1|2|0|0|0|0|x,240.0,-280.0,250.0,-300.0,,10.0,sbro,,,,,AVASQUEZ-L,MHARRISON-L,,,,,,,,
2011,2011-09-23,KAN,CWS,11.0,1.0,False,0|1|2|4|2|0|0|2|0,0|0|0|0|0|0|1|0|0,105.0,-125.0,-112.0,-108.0,,9.0,sbro,,,,,BCHEN-L,ZSTEWART-R,,,,,,,,
2011,2011-09-23,OAK,LAA,3.0,1.0,False,1|0|0|0|0|0|0|1|1,0|0|0|0|0|0|1|0|0,170.0,-190.0,163.0,-183.0,,7.0,sbro,,,,,GGONZALEZ-L,JERWEAVER-R,,,,,,,,
2011,2011-09-24,ATL,WAS,1.0,4.0,False,0|0|0|0|1|0|0|0|0,0|1|0|3|0|0|0|0|x,-165.0,145.0,-150.0,130.0,,8.5,sbro,,,,,BBEACHY-R,CWANG-R,,,,,,,,
2011,2011-09-24,PHI,NYM,1.0,2.0,False,0|0|0|0|0|0|1|0|0,0|0|0|0|0|0|1|1|x,-130.0,110.0,-139.0,119.0,,7.0,sbro,,,,,CHAMELS-L,RDICKEY-R,,,,,,,,
2011,2011-09-24,CUB,STL,1.0,2.0,False,1|0|0|0|0|0|0|0|0,0|0|0|0|0|0|0|0|2,170.0,-200.0,180.0,-210.0,,8.5,sbro,,,,,RLOPEZ-R,KLOHSE-R,,,,,,,,
2011,2011-09-24,CIN,PIT,3.0,4.0,False,1|0|0|0|1|0|0|1|0,0|1|3|0|0|0|0|0|x,-125.0,105.0,-120.0,100.0,,9.0,sbro,,,,,TWOOD-L,BLINCOLN-R,,,,,,,,
2011,2011-09-24,COL,HOU,4.0,2.0,False,0|0|0|2|0|0|0|0|0,1|1|0|0|0|0|0|0|0,100.0,-120.0,-103.0,-117.0,,8.5,sbro,,,,,JHAMMEL-R,JHAPP-L,,,,,,,,
2011,2011-09-24,MIA,MIL,4.0,6.0,False,1|0|0|2|1|0|0|0|0,1|0|1|1|0|0|3|0|x,160.0,-180.0,175.0,-195.0,,7.5,sbro,,,,,ASANABIA-R,ZGREINKE-R,,,,,,,,
2011,2011-09-24,SFO,ARI,2.0,15.0,False,1|0|0|0|0|1|0|0|0,6|0|0|0|0|5|3|1|x,150.0,-170.0,155.0,-175.0,,7.5,sbro,,,,,ESURKAMP-L,IKENNEDY-R,,,,,,,,
2011,2011-09-24,LOS,SDG,0.0,3.0,False,0|0|0|0|0|0|0|0|0,0|0|0|0|3|0|0|0|x,-105.0,-115.0,-106.0,-114.0,,6.5,sbro,,,,,BILLNGSLEY-R,AHARANG-R,,,,,,,,
2011,2011-09-24,BOS,NYY,1.0,9.0,False,0|0|0|0|0|0|1|0|0,0|6|2|0|0|1|0|0|x,-105.0,-115.0,-138.0,118.0,,9.5,sbro,,,,,JLESTER-L,FGARCIA-R,,,,,,,,
2011,2011-09-24,BAL,DET,6.0,5.0,False,1|3|1|0|0|0|0|0|1,0|0|1|2|0|1|0|1|0,230.0,-270.0,230.0,-270.0,,7.5,sbro,,,,,JGUTHRIE-R,VERLANDER-R,,,,,,,,
2011,2011-09-24,MIN,CLE,6.0,7.0,False,1|2|0|0|0|3|0|0|0,0|0|0|0|0|5|2|0|x,113.0,-133.0,117.0,-137.0,,9.0,sbro,,,,,SDIAMOND-L,MTALBOT-R,,,,,,,,
2011,2011-09-24,TOR,TAM,2.0,6.0,False,2|0|0|0|0|0|0|0|0,2|0|0|1|0|0|0|3|x,120.0,-140.0,117.0,-137.0,,7.5,sbro,,,,,RROMERO-L,JNIEMANN-R,,,,,,,,
2011,2011-09-24,KAN,CWS,3.0,6.0,False,0|0|0|0|0|3|0|0|0,0|4|0|1|0|0|0|1|x,115.0,-135.0,112.0,-132.0,,8.5,sbro,,,,,ETEAFORD-L,JDANKS-L,,,,,,,,
2011,2011-09-24,SEA,TEX,3.0,7.0,False,0|0|0|2|1|0|0|0|0,0|1|0|6|0|0|0|0|x,-110.0,-110.0,-113.0,-107.0,,7.5,sbro,,,,,FHERNANDZ-R,AOGANDO-R,,,,,,,,
2011,2011-09-24,OAK,LAA,2.0,4.0,False,0|0|0|0|1|0|0|0|1,1|0|0|0|0|3|0|0|x,130.0,-150.0,120.0,-140.0,,8.0,sbro,,,,,GMOSCOSO-R,JWILLIAMS-R,,,,,,,,
2011,2011-09-24,MIN,CLE,2.0,8.0,False,0|0|0|1|0|1|0|0|0,2|0|0|0|0|6|0|0|x,133.0,-153.0,126.0,-146.0,,9.0,sbro,,,,,BDUENSING-L,DHUFF-L,,,,,,,,
2011,2011-09-24,PHI,NYM,3.0,6.0,False,0|2|1|0|0|0|0|0|0,0|0|5|1|0|0|0|0|x,-130.0,110.0,-114.0,-106.0,,8.5,sbro,,,,,JBLANTON-R,DGEE-R,,,,,,,,
2011,2011-09-25,PHI,NYM,9.0,4.0,False,3|1|1|4|0|0|0|0|0,0|0|0|0|0|0|3|1|0,-190.0,170.0,-200.0,170.0,,7.0,sbro,,,,,RHALLADAY-R,MPELFREY-R,,,,,,,,
2011,2011-09-25,ATL,WAS,0.0,3.0,False,0|0|0|0|0|0|0|0|0,0|0|0|1|0|0|2|0|x,-125.0,105.0,-109.0,-111.0,,8.0,sbro,,,,,MMINOR-L,RDETWILER-L,,,,,,,,
2011,2011-09-25,CIN,PIT,5.0,4.0,False,1|2|0|0|0|2|0|0|0,0|3|0|0|0|0|0|0|1,115.0,-135.0,-101.0,-119.0,,9.0,sbro,,,,,DWILLIS-L,JMCDONALD-R,,,,,,,,
2011,2011-09-25,COL,HOU,19.0,3.0,False,0|3|2|3|1|2|3|5|0,0|0|1|0|0|0|0|0|2,100.0,-120.0,-107.0,-113.0,,8.5,sbro,,,,,JCHACIN-R,LHARRELL-R,,,,,,,,
2011,2011-09-25,MIA,MIL,5.0,9.0,False,1|0|0|0|1|0|2|1|0,0|3|4|1|0|0|1|0|x,125.0,-145.0,124.0,-144.0,,8.0,sbro,,,,,RNOLASCO-R,CNARVESON-L,,,,,,,,
2011,2011-09-25,CUB,STL,2.0,3.0,False,0|0|0|1|0|0|1|0|0,0|0|0|0|1|0|1|1|x,170.0,-190.0,180.0,-210.0,,8.5,sbro,,,,,RWELLS-R,EJACKSON-R,,,,,,,,
2011,2011-09-25,LOS,SDG,6.0,2.0,False,2|0|0|0|2|0|0|2|0,0|0|0|0|1|0|0|1|0,-145.0,125.0,-140.0,120.0,,5.5,sbro,,,,,CKERSHAW-L,CLUEBKE-L,,,,,,,,
2011,2011-09-25,SFO,ARI,2.0,5.0,False,0|0|0|0|0|2|0|0|0,2|0|0|1|2|0|0|0|x,-130.0,110.0,-125.0,105.0,,7.5,sbro,,,,,TLINCECUM-R,JCOLLMENT-R,,,,,,,,
2011,2011-09-25,BAL,DET,6.0,10.0,False,0|0|0|0|3|0|0|3|0,2|0|1|0|3|3|0|1|x,130.0,-150.0,134.0,-154.0,,10.5,sbro,,,,,BMATUSZ-L,BPENNY-R,,,,,,,,
2011,2011-09-25,MIN,CLE,6.0,4.0,False,2|0|0|0|1|1|0|0|0,2|0|2|0|0|0|0|0|0,155.0,-175.0,148.0,-168.0,,9.0,sbro,,,,,LHENDRIKS-R,FCARMONA-R,,,,,,,,
2011,2011-09-25,TOR,TAM,2.0,5.0,False,0|1|0|0|1|0|0|0|0,2|0|2|0|0|1|0|0|x,130.0,-150.0,145.0,-165.0,,8.5,sbro,,,,,BCECIL-L,WDAVIS-R,,,,,,,,
2011,2011-09-25,KAN,CWS,2.0,1.0,False,0|0|0|0|0|2|0|0|0,0|0|0|0|0|0|0|1|0,115.0,-135.0,124.0,-144.0,,8.5,sbro,,,,,LMENDOZA-R,GFLOYD-R,,,,,,,,
2011,2011-09-25,SEA,TEX,5.0,12.0,False,0|0|1|2|0|1|0|0|1,0|1|3|0|2|1|4|1|x,200.0,-230.0,185.0,-215.0,,9.5,sbro,,,,,CFURBUSH-L,DHOLLAND-L,,,,,,,,
2011,2011-09-25,OAK,LAA,6.0,5.0,False,0|0|0|0|0|0|0|2|4,1|0|1|0|0|1|0|2|0,125.0,-145.0,-112.0,-108.0,,8.5,sbro,,,,,RHARDEN-R,JPINEIRO-R,,,,,,,,
2011,2011-09-25,BOS,NYY,2.0,6.0,False,0|0|0|1|0|1|0|0|0,2|0|2|0|1|1|0|0|x,-107.0,-113.0,-105.0,-105.0,,10.5,sbro,,,,,WAKEFIELD-R,ABURNETT-R,,,,,,,,
2011,2011-09-25,BOS,NYY,7.0,4.0,False,0|0|0|0|1|1|2|0|0,3|0|0|0|0|0|1|0|0,125.0,-145.0,118.0,-138.0,,10.0,sbro,,,,,JLACKEY-R,INOVA-R,,,,,,,,
2011,2011-09-26,CIN,NYM,6.0,5.0,False,1|1|0|1|0|0|3|0|0,0|0|3|1|0|0|0|1|0,-125.0,105.0,-117.0,-103.0,,8.5,sbro,,,,,HBAILEY-R,CSCHWINDE-R,,,,,,,,
2011,2011-09-26,WAS,MIA,6.0,4.0,False,0|0|1|2|0|0|0|0|3,0|1|1|0|1|0|1|0|0,125.0,-145.0,132.0,-152.0,,7.5,sbro,,,,,TMILONE-L,ASANCHEZ-R,,,,,,,,
2011,2011-09-26,PHI,ATL,4.0,2.0,False,0|0|0|1|1|1|0|1|0,1|1|0|0|0|0|0|0|0,-130.0,110.0,-138.0,118.0,,7.0,sbro,,,,,CLEE-L,RDELGADO-R,,,,,,,,
2011,2011-09-26,STL,HOU,4.0,5.0,False,0|0|1|0|1|0|0|2|0,0|0|2|2|0|0|0|0|0,-155.0,135.0,-154.0,134.0,,7.5,sbro,,,,,JGARCIA-L,WRODRIGEZ-L,,,,,,,,
2011,2011-09-26,PIT,MIL,9.0,8.0,False,1|3|0|0|3|1|1|0|0,1|0|0|2|2|3|0|0|0,170.0,-200.0,161.0,-181.0,,7.5,sbro,,,,,CMORTON-R,SMARCUM-R,,,,,,,,
2011,2011-09-26,LOS,ARI,4.0,2.0,False,3|0|0|0|0|0|1|0|0,0|0|0|0|0|0|0|2|0,155.0,-175.0,149.0,-169.0,,9.0,sbro,,,,,DEVELAND-L,DHUDSON-R,,,,,,,,
2011,2011-09-26,CUB,SDG,0.0,2.0,False,0|0|0|0|0|0|0|0|0,0|0|0|0|0|2|0|0|x,160.0,-180.0,158.0,-178.0,,6.5,sbro,,,,,CCOLEMAN-R,MLATOS-R,,,,,,,,
2011,2011-09-26,COL,SFO,1.0,3.0,False,0|0|0|0|0|0|0|1|0,0|0|2|0|0|0|0|1|x,115.0,-135.0,106.0,-126.0,,7.0,sbro,,,,,JCHACIN-R,VOGELSONG-R,,,,,,,,
2011,2011-09-26,BOS,BAL,3.0,6.0,False,0|1|0|1|0|0|0|0|1,0|1|0|0|1|4|0|0|x,-230.0,200.0,-195.0,175.0,,9.0,sbro,,,,,JBECKETT-R,THUNTER-R,,,,,,,,
2011,2011-09-26,CLE,DET,0.0,14.0,False,0|0|0|0|0|0|0|0|0,0|1|3|0|2|0|0|8|x,130.0,-150.0,130.0,-150.0,,8.0,sbro,,,,,UJIMENEZ-R,DFISTER-R,,,,,,,,
2011,2011-09-26,NYY,TAM,2.0,5.0,False,1|0|1|0|0|0|0|0|0,0|0|3|1|0|0|1|0|x,180.0,-210.0,180.0,-210.0,,8.5,sbro,,,,,HNOESI-R,JSHIELDS-R,,,,,,,,
2011,2011-09-26,TOR,CWS,3.0,4.0,False,0|0|0|0|0|0|0|1|2,0|3|0|0|0|0|1|0|x,100.0,-120.0,105.0,-125.0,,8.0,sbro,,,,,DMCGOWAN-R,DAXELROD-R,,,,,,,,
2011,2011-09-26,KAN,MIN,7.0,3.0,False,1|0|0|0|0|4|0|1|1,0|0|0|1|2|0|0|0|0,-110.0,-110.0,-128.0,108.0,,8.5,sbro,,,,,FPAULINO-R,KSLOWEY-R,,,,,,,,
2011,2011-09-26,TEX,LAA,4.0,3.0,False,1|0|0|2|0|0|0|1|0,0|0|0|0|0|2|0|0|1,115.0,-135.0,-103.0,-117.0,,7.0,sbro,,,,,CWILSON-L,DHAREN-R,,,,,,,,
2011,2011-09-26,OAK,SEA,2.0,4.0,False,1|0|0|0|0|0|0|0|1,0|0|0|0|1|3|0|0|x,-130.0,110.0,-133.0,113.0,,7.0,sbro,,,,,BMCCARTHY-R,JVARGAS-L,,,,,,,,
2011,2011-09-27,PHI,ATL,7.0,1.0,False,1|0|2|1|2|0|1|0|0,0|0|0|0|0|0|0|0|1,-113.0,-107.0,-111.0,-109.0,,8.0,sbro,,,,,ROSWALT-R,DLOWE-R,,,,,,,,
2011,2011-09-27,WAS,MIA,2.0,3.0,False,0|0|0|0|1|1|0|0|0,0|0|1|0|0|1|0|0|1,139.0,-159.0,141.0,-161.0,,7.5,sbro,,,,,JLANNAN-L,JVAZQUEZ-R,,,,,,,,
2011,2011-09-27,CIN,NYM,5.0,4.0,False,2|0|0|0|0|1|0|0|1,1|0|1|0|1|1|0|0|0,102.0,-122.0,-109.0,-111.0,,8.5,sbro,,,,,BARROYO-R,CCAPUANO-L,,,,,,,,
2011,2011-09-27,STL,HOU,13.0,6.0,False,0|0|0|5|0|0|4|3|1,0|1|4|0|1|0|0|0|0,-159.0,139.0,-200.0,170.0,,9.0,sbro,,,,,WESTBROOK-R,HSOSA-R,,,,,,,,
2011,2011-09-27,PIT,MIL,4.0,6.0,False,0|1|0|0|2|1|0|0|0,0|0|2|0|2|0|2|0|x,165.0,-185.0,175.0,-195.0,,8.5,sbro,,,,,ROHLENDOR-R,RWOLF-L,,,,,,,,
2011,2011-09-27,LOS,ARI,6.0,7.0,False,0|0|0|0|0|0|1|0|0,0|0|0|0|0|0|1|0|0,-112.0,-108.0,-105.0,-105.0,,8.5,sbro,,,,,HKURODA-R,JPARKER-R,,,,,,,,
2011,2011-09-27,CUB,SDG,6.0,2.0,False,0|0|0|1|0|0|0|3|2,0|2|0|0|0|0|0|0|0,-120.0,100.0,-120.0,100.0,,6.0,sbro,,,,,MGARZA-R,ABASS-R,,,,,,,,
2011,2011-09-27,COL,SFO,0.0,7.0,False,0|0|0|0|0|0|0|0|0,1|0|0|2|0|2|2|0|x,168.0,-188.0,169.0,-189.0,,7.0,sbro,,,,,AWHITE-R,MBUMGARNR-L,,,,,,,,
2011,2011-09-27,CLE,DET,6.0,9.0,False,0|0|0|1|1|2|2|0|0,3|1|0|2|2|1|0|0|x,142.0,-162.0,160.0,-180.0,,9.0,sbro,,,,,JGOMEZ-R,MSCHERZER-R,,,,,,,,
2011,2011-09-27,BOS,BAL,8.0,7.0,False,0|0|2|3|0|2|0|1|0,1|0|0|2|0|1|0|2|1,-159.0,139.0,-159.0,139.0,,9.5,sbro,,,,,EBEDARD-L,ZBRITTON-L,,,,,,,,
2011,2011-09-27,NYY,TAM,3.0,5.0,False,0|0|1|0|1|1|0|0|0,0|2|0|0|0|0|3|0|x,152.0,-172.0,160.0,-180.0,,8.5,sbro,,,,,BCOLON-R,JHELLICKS-R,,,,,,,,
2011,2011-09-27,KAN,MIN,4.0,7.0,False,0|1|0|0|0|1|0|0|2,0|1|0|0|2|4|0|0|x,-111.0,-109.0,-114.0,-106.0,,9.0,sbro,,,,,O'SULLIVAN-R,ASWARZAK-R,,,,,,,,
2011,2011-09-27,TOR,CWS,1.0,2.0,False,0|0|0|0|0|0|0|1|0,0|1|0|0|0|1|0|0|x,110.0,-130.0,-105.0,-105.0,,8.5,sbro,,,,,HALVAREZ-R,MBUEHRLE-L,,,,,,,,
2011,2011-09-27,TEX,LAA,10.0,3.0,False,0|0|4|1|3|0|2|0|0,1|0|1|0|0|0|1|0|0,-105.0,-115.0,-140.0,120.0,,8.5,sbro,,,,,CLEWIS-R,TCHATWOOD-R,,,,,,,,
2011,2011-09-27,OAK,SEA,7.0,0.0,False,3|0|2|0|2|0|0|0|0,0|0|0|0|0|0|0|0|0,-113.0,-107.0,-110.0,-110.0,,7.5,sbro,,,,,TCAHILL-R,BBEAVAN-R,,,,,,,,
2011,2011-09-28,CIN,NYM,0.0,3.0,False,0|0|0|0|0|0|0|0|0,0|0|0|1|0|2|0|0|x,-125.0,105.0,-117.0,-103.0,,8.5,sbro,,,,,EVOLQUEZ-R,MBATISTA-R,,,,,,,,
2011,2011-09-28,COL,SFO,6.0,3.0,False,2|0|0|0|2|0|2|0|0,0|0|0|0|0|3|0|0|0,155.0,-175.0,115.0,-135.0,,8.0,sbro,,,,,DPOMERANZ-L,ESURKAMP-L,,,,,,,,
2011,2011-09-28,WAS,MIA,3.0,1.0,False,0|0|0|0|2|0|0|1|0,0|0|0|0|0|0|1|0|0,-150.0,130.0,-141.0,121.0,,7.0,sbro,,,,,SSTRASBUR-R,CVOLSTAD-R,,,,,,,,
2011,2011-09-28,PHI,ATL,4.0,3.0,False,1|0|0|0|0|0|1|0|1,1|0|2|0|0|0|0|0|0,170.0,-190.0,153.0,-173.0,,8.0,sbro,,,,,JBLANTON-R,THUDSON-R,,,,,,,,
2011,2011-09-28,STL,HOU,8.0,0.0,False,5|0|1|0|1|0|0|0|1,0|0|0|0|0|0|0|0|0,-200.0,170.0,-180.0,160.0,,7.0,sbro,,,,,CARPENTER-R,BMYERS-R,,,,,,,,
2011,2011-09-28,PIT,MIL,3.0,7.0,False,0|0|0|1|0|1|0|1|0,0|0|2|3|1|1|0|0|x,175.0,-195.0,200.0,-230.0,,8.5,sbro,,,,,JLOCKE-L,ZGREINKE-R,,,,,,,,
2011,2011-09-28,CUB,SDG,2.0,9.0,False,0|0|0|1|1|0|0|0|0,0|0|4|1|0|4|0|0|x,-113.0,-107.0,100.0,-120.0,,6.5,sbro,,,,,RDEMPSTER-R,WLEBLANC-L,,,,,,,,
2011,2011-09-28,LOS,ARI,7.0,5.0,False,1|0|1|2|0|1|2|0|0,0|0|0|0|0|0|0|0|5,-105.0,-115.0,109.0,-129.0,,8.5,sbro,,,,,TLILLY-L,JSAUNDERS-L,,,,,,,,
2011,2011-09-28,TOR,CWS,3.0,2.0,False,1|0|0|0|0|0|0|0|2,0|0|0|1|1|0|0|0|0,-113.0,-107.0,-132.0,112.0,,8.0,sbro,,,,,BMORROW-R,PHUMBER-R,,,,,,,,
2011,2011-09-28,CLE,DET,4.0,5.0,False,0|0|1|2|0|0|0|1|0,0|0|0|1|0|2|1|1|x,155.0,-175.0,158.0,-178.0,,9.5,sbro,,,,,ZMCALLIST-R,RPORCELLO-R,,,,,,,,
2011,2011-09-28,BOS,BAL,3.0,4.0,False,0|0|1|1|1|0|0|0|0,0|0|2|0|0|0|0|0|2,-230.0,200.0,-182.0,162.0,,9.0,sbro,,,,,JLESTER-L,ASIMON-R,,,,,,,,
2011,2011-09-28,NYY,TAM,7.0,8.0,False,1|4|0|1|1|0|0|0|0,0|0|0|0|0|0|0|6|1,200.0,-240.0,200.0,-240.0,,8.5,sbro,,,,,DBETANCES-R,DPRICE-L,,,,,,,,
2011,2011-09-28,KAN,MIN,0.0,1.0,False,0|0|0|0|0|0|0|0|0,0|0|0|0|0|0|0|0|1,-117.0,-103.0,-115.0,-105.0,,8.0,sbro,,,,,BCHEN-L,CPAVANO-R,,,,,,,,
2011,2011-09-28,TEX,LAA,3.0,1.0,False,0|1|0|0|0|0|0|0|2,0|0|0|0|1|0|0|0|0,-130.0,110.0,-155.0,135.0,,8.5,sbro,,,,,MHARRISON-L,GRICHARDS-R,,,,,,,,
2011,2011-09-28,OAK,SEA,2.0,0.0,False,0|2|0|0|0|0|0|0|0,0|0|0|0|0|0|0|0|0,-150.0,130.0,-167.0,147.0,,7.5,sbro,,,,,GGONZALEZ-L,AVASQUEZ-L,,,,,,,,
2011,2011-09-30,TAM,TEX,9.0,0.0,False,0|3|3|0|2|0|0|0|1,0|0|0|0|0|0|0|0|0,140.0,-160.0,153.0,-173.0,,8.5,sbro,,,,,MMOORE-L,CWILSON-L,,,,,,,,
2011,2011-10-01,ARI,MIL,1.0,4.0,False,0|0|0|0|0|0|0|1|0,0|0|0|1|0|1|2|0|x,107.0,-127.0,128.0,-148.0,,7.0,sbro,,,,,IKENNEDY-R,YGALLARDO-R,,,,,,,,
2011,2011-10-01,STL,PHI,6.0,11.0,False,3|0|0|0|0|0|0|0|3,0|0|0|1|0|5|3|2|0,183.0,-213.0,190.0,-220.0,,7.0,sbro,,,,,KLOHSE-R,RHALLADAY-R,,,,,,,,
2011,2011-10-01,TAM,TEX,6.0,8.0,False,1|0|0|2|0|0|3|0|0,0|0|0|5|0|2|0|1|x,-102.0,-118.0,106.0,-126.0,,8.5,sbro,,,,,JSHIELDS-R,DHOLLAND-L,,,,,,,,
2011,2011-10-01,DET,NYY,3.0,9.0,False,1|0|0|0|0|0|0|0|2,1|0|0|0|1|6|0|1|x,137.0,-157.0,142.0,-162.0,,9.0,sbro,,,,,DFISTER-R,INOVA-R,,,,,,,,
2011,2011-10-02,DET,NYY,5.0,3.0,False,2|0|0|0|0|2|0|0|1,0|0|0|0|0|0|0|1|2,126.0,-146.0,120.0,-140.0,,9.0,sbro,,,,,MSCHERZER-R,FGARCIA-R,,,,,,,,
2011,2011-10-02,ARI,MIL,4.0,9.0,False,0|1|0|1|2|0|0|0|0,2|0|2|0|0|5|0|0|x,130.0,-150.0,145.0,-165.0,,7.0,sbro,,,,,DHUDSON-R,ZGREINKE-R,,,,,,,,
2011,2011-10-02,STL,PHI,5.0,4.0,False,0|0|0|3|0|1|1|0|0,3|1|0|0|0|0|0|0|0,150.0,-170.0,159.0,-179.0,,7.0,sbro,,,,,CARPENTER-R,CLEE-L,,,,,,,,
2011,2011-10-03,TEX,TAM,4.0,3.0,False,0|0|0|0|0|0|4|0|0,0|0|0|1|0|0|1|1|0,115.0,-135.0,-104.0,-116.0,,8.0,sbro,,,,,CLEWIS-R,DPRICE-L,,,,,,,,
2011,2011-10-03,NYY,DET,4.0,5.0,False,2|0|0|0|0|0|2|0|0,0|0|2|0|1|1|1|0|x,110.0,-130.0,103.0,-123.0,,7.0,sbro,,,,,CSABATHIA-L,VERLANDER-R,,,,,,,,
2011,2011-10-04,TEX,TAM,4.0,3.0,False,1|1|0|1|0|0|1|0|0,0|1|0|1|0|0|0|0|1,-105.0,-115.0,-110.0,-110.0,,8.5,sbro,,,,,MHARRISON-L,JHELLICKS-R,,,,,,,,
2011,2011-10-04,NYY,DET,10.0,1.0,False,0|0|2|0|2|0|0|6|0,0|0|0|1|0|0|0|0|0,-105.0,-115.0,-120.0,100.0,,10.0,sbro,,,,,ABURNETT-R,RPORCELLO-R,,,,,,,,
2011,2011-10-04,PHI,STL,3.0,2.0,False,0|0|0|0|0|0|3|0|0,0|0|0|0|0|0|1|0|1,-133.0,113.0,-121.0,101.0,,7.0,sbro,,,,,CHAMELS-L,JGARCIA-L,,,,,,,,
2011,2011-10-04,MIL,ARI,1.0,8.0,False,0|0|1|0|0|0|0|0|0,2|0|1|0|5|0|0|0|x,-110.0,-110.0,-120.0,100.0,,9.0,sbro,,,,,SMARCUM-R,JCOLLMENT-R,,,,,,,,
2011,2011-10-05,PHI,STL,3.0,5.0,False,2|0|0|0|0|0|0|1|0,1|0|0|2|0|2|0|0|x,-114.0,-106.0,-117.0,-103.0,,7.5,sbro,,,,,ROSWALT-R,EJACKSON-R,,,,,,,,
2011,2011-10-05,MIL,ARI,6.0,10.0,False,1|1|1|0|0|1|0|2|0,5|0|2|0|0|1|2|0|x,-113.0,-107.0,-105.0,-105.0,,9.0,sbro,,,,,RWOLF-L,JSAUNDERS-L,,,,,,,,
2011,2011-10-06,DET,NYY,3.0,2.0,False,2|0|0|0|1|0|0|0|0,0|0|0|0|1|0|1|0|0,140.0,-160.0,151.0,-171.0,,9.0,sbro,,,,,DFISTER-R,INOVA-R,,,,,,,,
2011,2011-10-07,ARI,MIL,2.0,3.0,False,0|0|1|0|0|0|0|0|1,0|0|0|1|0|1|0|0|0,126.0,-146.0,136.0,-156.0,,7.0,sbro,,,,,IKENNEDY-R,YGALLARDO-R,,,,,,,,
2011,2011-10-07,STL,PHI,1.0,0.0,False,1|0|0|0|0|0|0|0|0,0|0|0|0|0|0|0|0|0,167.0,-187.0,159.0,-179.0,,6.5,sbro,,,,,CARPENTER-R,RHALLADAY-R,,,,,,,,
2011,2011-10-08,DET,TEX,2.0,3.0,False,0|0|0|0|2|0|0|0|0,0|2|0|1|0|0|0|0|x,-113.0,-107.0,-110.0,-110.0,,7.5,sbro,,,,,VERLANDER-R,CWILSON-L,,,,,,,,
2011,2011-10-09,STL,MIL,6.0,9.0,False,1|0|0|3|1|0|1|0|0,2|0|0|0|6|0|1|0|x,120.0,-140.0,123.0,-143.0,,7.5,sbro,,,,,JGARCIA-L,ZGREINKE-R,,,,,,,,
2011,2011-10-10,STL,MIL,12.0,3.0,False,2|0|2|1|2|0|4|0|1,0|0|0|2|0|0|0|1|0,119.0,-139.0,113.0,-133.0,,8.5,sbro,,,,,EJACKSON-R,SMARCUM-R,,,,,,,,
2011,2011-10-10,DET,TEX,3.0,7.0,False,0|0|3|0|0|0|0|0|0,2|0|0|0|0|0|1|0|0,125.0,-145.0,131.0,-151.0,,9.0,sbro,,,,,MSCHERZER-R,DHOLLAND-L,,,,,,,,
2011,2011-10-11,TEX,DET,2.0,5.0,False,1|0|0|0|0|0|0|1|0,0|0|0|1|1|2|1|0|x,105.0,-125.0,108.0,-128.0,,8.5,sbro,,,,,CLEWIS-R,DFISTER-R,,,,,,,,
2011,2011-10-12,MIL,STL,3.0,4.0,False,0|2|1|0|0|0|0|0|0,4|0|0|0|0|0|0|0|x,120.0,-140.0,130.0,-150.0,,7.0,sbro,,,,,YGALLARDO-R,CARPENTER-R,,,,,,,,
2011,2011-10-12,TEX,DET,7.0,3.0,False,0|0|0|0|0|3|0|0|0,0|0|2|0|0|0|1|0|0,-110.0,-110.0,-121.0,101.0,,9.0,sbro,,,,,MHARRISON-L,RPORCELLO-R,,,,,,,,
2011,2011-10-13,MIL,STL,4.0,2.0,False,0|0|0|2|1|1|0|0|0,0|1|1|0|0|0|0|0|0,105.0,-125.0,124.0,-144.0,,8.5,sbro,,,,,RWOLF-L,KLOHSE-R,,,,,,,,
2011,2011-10-13,TEX,DET,5.0,7.0,False,1|0|0|0|1|0|0|2|1,0|0|1|1|0|4|1|0|x,135.0,-155.0,130.0,-150.0,,7.0,sbro,,,,,CWILSON-L,VERLANDER-R,,,,,,,,
2011,2011-10-14,MIL,STL,1.0,7.0,False,0|0|0|0|1|0|0|0|0,0|3|0|1|0|1|0|2|x,-105.0,-115.0,102.0,-122.0,,7.5,sbro,,,,,ZGREINKE-R,JGARCIA-L,,,,,,,,
2011,2011-10-15,DET,TEX,5.0,15.0,False,1|1|0|0|2|0|0|1|0,0|0|9|0|1|2|3|0|x,117.0,-137.0,137.0,-157.0,,9.0,sbro,,,,,MSCHERZER-R,DHOLLAND-L,,,,,,,,
2011,2011-10-16,STL,MIL,12.0,6.0,False,4|1|4|0|2|0|0|1|0,1|3|0|1|1|0|0|0|0,110.0,-130.0,105.0,-125.0,,8.5,sbro,,,,,EJACKSON-R,SMARCUM-R,,,,,,,,
2011,2011-10-19,TEX,STL,2.0,3.0,False,0|0|0|0|2|0|0|0|0,0|0|0|2|0|1|0|0|x,110.0,-130.0,106.0,-126.0,,7.5,sbro,,,,,CWILSON-L,CARPENTER-R,,,,,,,,
2011,2011-10-20,TEX,STL,2.0,1.0,False,0|0|0|0|0|0|0|0|2,0|0|0|0|0|0|1|0|0,-114.0,-106.0,-119.0,-101.0,,8.0,sbro,,,,,CLEWIS-R,JGARCIA-L,,,,,,,,
2011,2011-10-22,STL,TEX,16.0,7.0,False,1|0|0|4|3|4|2|1|1,0|0|0|3|3|0|1|0|0,153.0,-173.0,163.0,-183.0,,9.5,sbro,,,,,KLOHSE-R,MHARRISON-L,,,,,,,,
2011,2011-10-23,STL,TEX,0.0,4.0,False,0|0|0|0|0|0|0|0|0,1|0|0|0|0|3|0|0|x,140.0,-160.0,151.0,-171.0,,9.5,sbro,,,,,EJACKSON-R,DHOLLAND-L,,,,,,,,
2011,2011-10-24,STL,TEX,2.0,4.0,False,0|2|0|0|0|0|0|0|0,0|0|1|0|0|1|0|2|x,100.0,-120.0,110.0,-130.0,,8.5,sbro,,,,,CARPENTER-R,CWILSON-L,,,,,,,,
2011,2011-10-27,TEX,STL,9.0,10.0,False,1|1|0|1|1|0|3|0|0,2|0|0|1|0|1|0|1|2,-110.0,-110.0,-106.0,-114.0,,7.0,sbro,,,,,CLEWIS-R,JGARCIA-L,,,,,,,,
2011,2011-10-28,TEX,STL,2.0,6.0,False,2|0|0|0|0|0|0|0|0,2|0|1|0|2|0|1|0|x,101.0,-121.0,110.0,-130.0,,8.0,sbro,,,,,MHARRISON-L,CARPENTER-R,,,,,,,,
