season,date,away,home,away_score,home_score,neutral,periods_away,periods_home,ml_open_away,ml_open_home,ml_close_away,ml_close_home,spread_close_home,total_close,source,espn_id,away_abbr,home_abbr,season_type,away_pitcher,home_pitcher,away_qb,home_qb,away_rest,home_rest,div_game,roof,temp,wind
2010,2010-04-04,NYY,BOS,7.0,9.0,False,0|2|0|3|0|0|2|0|0,0|1|0|0|1|3|3|1|x,-106.0,-114.0,-103.0,-117.0,,9.0,sbro,,,,,CSABATHIA-L,JBECKETT-R,,,,,,,,
2010,2010-04-05,PHI,WAS,11.0,1.0,False,0|0|0|5|0|2|4|0|0,1|0|0|0|0|0|0|0|0,-200.0,170.0,-200.0,170.0,,7.5,sbro,,,,,RHALLADAY-R,JLANNAN-L,,,,,,,,
2010,2010-04-05,MIA,NYM,1.0,7.0,False,0|0|0|0|0|1|0|0|0,2|0|0|0|0|4|1|0|x,-105.0,-115.0,-112.0,-108.0,,7.0,sbro,,,,,JJOHNSON-R,JOSANTANA-L,,,,,,,,
2010,2010-04-05,STL,CIN,11.0,6.0,False,1|0|0|2|1|0|2|0|5,0|0|0|2|0|0|1|1|2,-155.0,135.0,-143.0,123.0,,7.5,sbro,,,,,CARPENTER-R,AHARANG-R,,,,,,,,
2010,2010-04-05,LOS,PIT,5.0,11.0,False,2|0|0|0|0|0|3|0|0,2|0|1|0|5|0|0|3|x,-155.0,135.0,-126.0,106.0,,8.5,sbro,,,,,VPADILLA-R,ZDUKE-L,,,,,,,,
2010,2010-04-05,COL,MIL,5.0,3.0,False,0|2|0|1|1|0|0|0|1,0|0|0|0|1|0|1|0|1,105.0,-125.0,-105.0,-105.0,,7.5,sbro,,,,,UJIMENEZ-R,YGALLARDO-R,,,,,,,,
2010,2010-04-05,CUB,ATL,5.0,16.0,False,3|0|2|0|0|0|0|0|0,6|2|0|0|0|0|6|2|x,110.0,-130.0,105.0,-125.0,,8.5,sbro,,,,,CZAMBRANO-R,DLOWE-R,,,,,,,,
2010,2010-04-05,SDG,ARI,3.0,6.0,False,0|0|0|0|0|0|1|0|2,2|0|2|2|0|0|0|0|x,155.0,-175.0,166.0,-186.0,,8.0,sbro,,,,,JGARLAND-R,DHAREN-R,,,,,,,,
2010,2010-04-05,SFO,HOU,5.0,2.0,False,0|3|0|0|0|0|1|1|0,0|0|0|0|0|0|0|0|2,-130.0,110.0,-147.0,127.0,,7.0,sbro,,,,,TLINCECUM-R,ROSWALT-R,,,,,,,,
2010,2010-04-05,CLE,CWS,0.0,6.0,False,0|0|0|0|0|0|0|0|0,2|0|2|0|1|0|0|1|x,150.0,-170.0,122.0,-142.0,,9.0,sbro,,,,,WESTBROOK-R,MBUEHRLE-L,,,,,,,,
2010,2010-04-05,TOR,TEX,4.0,5.0,False,2|0|1|0|0|0|0|1|0,0|0|0|0|0|0|3|0|2,115.0,-135.0,130.0,-150.0,,9.0,sbro,,,,,SMARCUM-R,SFELDMAN-R,,,,,,,,
2010,2010-04-05,DET,KAN,8.0,4.0,False,1|0|0|0|0|1|6|0|0,0|2|0|0|2|0|0|0|0,-105.0,-115.0,102.0,-122.0,,7.0,sbro,,,,,VERLANDER-R,ZGREINKE-R,,,,,,,,
2010,2010-04-05,MIN,LAA,3.0,6.0,False,0|2|0|0|1|0|0|0|0,2|1|0|0|1|0|0|2|x,115.0,-135.0,108.0,-128.0,,8.5,sbro,,,,,SBAKER-R,JERWEAVER-R,,,,,,,,
2010,2010-04-05,SEA,OAK,5.0,3.0,False,1|1|1|0|0|0|0|0|2,0|0|0|0|0|1|2|0|0,-125.0,105.0,-152.0,132.0,,7.0,sbro,,,,,FHERNANDZ-R,BSHEETS-R,,,,,,,,
2010,2010-04-06,SFO,HOU,3.0,0.0,False,0|0|0|0|0|3|0|0|0,0|0|0|0|0|0|0|0|0,125.0,-145.0,104.0,-124.0,,8.0,sbro,,,,,BZITO-L,WRODRIGEZ-L,,,,,,,,
2010,2010-04-06,COL,MIL,5.0,7.0,False,1|1|0|0|1|0|1|0|1,3|0|0|1|1|0|0|2|x,120.0,-140.0,138.0,-158.0,,9.0,sbro,,,,,GSMITH-L,RWOLF-L,,,,,,,,
2010,2010-04-06,SDG,ARI,6.0,3.0,False,0|2|0|1|0|2|0|0|1,0|0|0|0|0|0|3|0|0,150.0,-170.0,122.0,-142.0,,9.5,sbro,,,,,CYOUNG-R,EJACKSON-R,,,,,,,,
2010,2010-04-06,BAL,TAM,3.0,4.0,False,0|0|1|1|0|1|0|0|0,0|0|0|0|1|1|0|0|2,135.0,-155.0,200.0,-230.0,,9.0,sbro,,,,,KMILLWOOD-R,JSHIELDS-R,,,,,,,,
2010,2010-04-06,NYY,BOS,6.0,4.0,False,0|1|0|0|3|0|0|1|1,1|0|2|0|1|0|0|0|0,115.0,-135.0,114.0,-134.0,,9.5,sbro,,,,,ABURNETT-R,JLESTER-L,,,,,,,,
2010,2010-04-06,MIN,LAA,5.0,3.0,False,3|0|1|1|0|0|0|0|0,0|0|1|0|2|0|0|0|0,105.0,-125.0,119.0,-139.0,,10.0,sbro,,,,,NBLACKBUR-R,JSAUNDERS-L,,,,,,,,
2010,2010-04-06,SEA,OAK,1.0,1.0,False,0|0|0|1|0|0|0|0|0,0|0|0|1|0|0|0|0|0,130.0,-150.0,105.0,-125.0,,8.5,sbro,,,,,ISNELL-R,DBRADEN-L,,,,,,,,
2010,2010-04-07,COL,MIL,4.0,5.0,False,3|0|1|0|0|0|0|0|0,0|1|0|1|1|2|0|0|x,-105.0,-105.0,-114.0,-106.0,,9.0,sbro,,,,,ACOOK-R,DDAVIS-L,,,,,,,,
2010,2010-04-07,SFO,HOU,10.0,4.0,False,0|2|1|0|0|0|1|2|4,0|0|0|1|0|0|3|0|0,-130.0,110.0,-134.0,114.0,,7.5,sbro,,,,,MCAIN-R,BMYERS-R,,,,,,,,
2010,2010-04-07,LOS,PIT,3.0,4.0,False,0|0|0|0|3|0|0|0|0,3|0|0|0|0|0|0|0|0,-132.0,112.0,-170.0,150.0,,8.0,sbro,,,,,CKERSHAW-L,ROHLENDOR-R,,,,,,,,
2010,2010-04-07,PHI,WAS,8.0,4.0,False,2|0|0|1|3|0|1|0|1,0|0|2|1|0|0|0|1|0,-157.0,137.0,-185.0,165.0,,9.0,sbro,,,,,CHAMELS-L,JMARQUIS-R,,,,,,,,
2010,2010-04-07,CUB,ATL,2.0,3.0,False,0|0|0|0|2|0|0|0|0,0|1|0|0|0|0|0|2|x,140.0,-160.0,123.0,-143.0,,8.0,sbro,,,,,RDEMPSTER-R,JJURRJENS-R,,,,,,,,
2010,2010-04-07,STL,CIN,6.0,3.0,False,0|1|1|0|0|0|4|0|0,0|0|0|0|0|2|0|1|0,-125.0,105.0,-144.0,124.0,,8.0,sbro,,,,,WAINWRIGHT-R,JCUETO-R,,,,,,,,
2010,2010-04-07,MIA,NYM,7.0,6.0,False,1|0|2|0|1|1|1|0|0,1|0|0|0|0|0|2|3|0,-110.0,-110.0,-132.0,112.0,,8.5,sbro,,,,,RNOLASCO-R,JMAINE-R,,,,,,,,
2010,2010-04-07,SDG,ARI,3.0,5.0,False,0|3|0|0|0|0|0|0|0,1|0|0|0|2|1|0|1|x,101.0,-121.0,111.0,-131.0,,9.5,sbro,,,,,KCORREIA-R,IKENNEDY-R,,,,,,,,
2010,2010-04-07,NYY,BOS,3.0,1.0,False,0|0|0|0|0|0|1|0|0,0|0|1|0|0|0|0|0|0,115.0,-135.0,118.0,-138.0,,10.0,sbro,,,,,APETTITTE-L,JLACKEY-R,,,,,,,,
2010,2010-04-07,BAL,TAM,3.0,4.0,False,2|0|0|0|0|0|0|0|1,0|0|0|1|2|0|0|1|x,165.0,-185.0,190.0,-220.0,,9.0,sbro,,,,,JGUTHRIE-R,MGARZA-R,,,,,,,,
2010,2010-04-07,TOR,TEX,7.0,4.0,False,0|0|1|2|2|0|1|0|1,1|0|0|2|0|0|1|0|0,138.0,-158.0,156.0,-176.0,,9.0,sbro,,,,,BTALLET-L,RHARDEN-R,,,,,,,,
2010,2010-04-07,CLE,CWS,5.0,3.0,False,0|0|0|3|0|0|1|0|1,1|0|2|0|0|0|0|0|0,145.0,-165.0,130.0,-150.0,,8.0,sbro,,,,,FCARMONA-R,JPEAVY-R,,,,,,,,
2010,2010-04-07,DET,KAN,2.0,3.0,False,0|0|0|0|0|0|0|0|1,0|0|0|0|0|0|1|0|0,-118.0,-102.0,-127.0,107.0,,8.5,sbro,,,,,MSCHERZER-R,LHOCHEVAR-R,,,,,,,,
2010,2010-04-07,MIN,LAA,4.0,2.0,False,0|0|0|2|2|0|0|0|0,0|0|0|0|0|1|0|0|1,110.0,-130.0,115.0,-135.0,,9.5,sbro,,,,,CPAVANO-R,ESANTANA-R,,,,,,,,
2010,2010-04-07,SEA,OAK,5.0,6.0,False,2|0|0|0|2|1|0|0|0,1|0|1|1|1|0|1|0|1,-105.0,-105.0,102.0,-122.0,,7.5,sbro,,,,,RWLND-SMTH-L,DUCHSHERER-R,,,,,,,,
2010,2010-04-08,LOS,PIT,10.0,2.0,False,1|0|1|0|2|0|4|0|2,0|0|0|0|0|1|0|1|0,124.0,-144.0,-144.0,124.0,,8.0,sbro,,,,,BILLNGSLEY-R,PMAHOLM-L,,,,,,,,
2010,2010-04-08,STL,CIN,1.0,2.0,False,0|0|0|0|0|0|1|0|0,0|0|0|0|1|0|0|0|1,-110.0,-110.0,-107.0,-113.0,,9.0,sbro,,,,,BPENNY-R,BARROYO-R,,,,,,,,
2010,2010-04-08,PHI,WAS,5.0,6.0,False,0|1|1|0|2|1|0|0|0,3|0|0|2|0|0|1|0|x,-150.0,130.0,-153.0,133.0,,10.5,sbro,,,,,KKENDRICK-R,CSTAMMEN-R,,,,,,,,
2010,2010-04-08,CUB,ATL,2.0,0.0,False,0|1|0|1|0|0|0|0|0,0|0|0|0|0|0|0|0|0,148.0,-168.0,154.0,-174.0,,8.0,sbro,,,,,RWELLS-R,THANSON-R,,,,,,,,
2010,2010-04-08,MIA,NYM,3.0,1.0,False,1|0|0|0|1|1|0|0|0,0|0|0|1|0|0|0|0|0,-105.0,-105.0,-106.0,-114.0,,9.0,sbro,,,,,ROBERTSON-L,JNIESE-L,,,,,,,,
2010,2010-04-08,TOR,TEX,3.0,1.0,False,0|0|0|0|0|0|0|0|3,0|0|0|0|0|0|1|0|0,110.0,-130.0,131.0,-151.0,,9.0,sbro,,,,,RROMERO-L,CWILSON-L,,,,,,,,
2010,2010-04-08,DET,KAN,7.0,3.0,False,0|0|0|0|0|1|0|3|3,1|0|1|0|0|0|0|1|0,-105.0,-105.0,-101.0,-119.0,,9.0,sbro,,,,,DWILLIS-L,BBANNISTR-R,,,,,,,,
2010,2010-04-08,SEA,OAK,2.0,6.0,False,0|0|0|0|0|0|0|0|2,0|0|1|1|0|2|0|2|x,125.0,-145.0,131.0,-151.0,,8.0,sbro,,,,,DFISTER-R,BANDERSON-L,,,,,,,,
2010,2010-04-08,BAL,TAM,5.0,4.0,False,0|0|1|0|0|4|0|0|0,0|0|2|0|0|0|1|1|0,169.0,-189.0,140.0,-160.0,,9.5,sbro,,,,,BMATUSZ-L,JNIEMANN-R,,,,,,,,
2010,2010-04-08,CLE,CWS,5.0,3.0,False,0|0|1|0|1|0|0|1|0,0|0|0|0|1|0|2|0|0,123.0,-143.0,118.0,-138.0,,8.5,sbro,,,,,MASTERSON-R,GFLOYD-R,,,,,,,,
2010,2010-04-08,MIN,LAA,10.0,1.0,False,0|0|0|0|3|0|0|3|4,0|1|0|0|0|0|0|0|0,118.0,-138.0,102.0,-122.0,,9.5,sbro,,,,,KSLOWEY-R,JPINEIRO-R,,,,,,,,
2010,2010-04-09,SDG,COL,0.0,7.0,False,0|0|0|0|0|0|0|0|0,0|0|0|2|1|0|0|4|x,145.0,-165.0,160.0,-180.0,,9.5,sbro,,,,,CRICHARD-L,DELAROSA-L,,,,,,,,
2010,2010-04-09,ATL,SFO,4.0,5.0,False,0|0|2|0|1|0|0|1|0,0|0|0|0|0|0|2|0|2,-120.0,100.0,100.0,-120.0,,8.0,sbro,,,,,THUDSON-R,JSANCHEZ-L,,,,,,,,
2010,2010-04-09,CUB,CIN,4.0,5.0,False,1|0|1|1|0|0|0|0|1,1|0|0|0|0|0|0|4|x,-102.0,-118.0,119.0,-139.0,,9.0,sbro,,,,,CSILVA-R,HBAILEY-R,,,,,,,,
2010,2010-04-09,WAS,NYM,2.0,8.0,False,0|2|0|0|0|0|0|0|0,0|1|0|1|0|1|3|2|x,140.0,-160.0,112.0,-132.0,,9.0,sbro,,,,,GMOCK-R,MPELFREY-R,,,,,,,,
2010,2010-04-09,LOS,MIA,7.0,3.0,False,0|0|0|0|0|0|4|0|3,0|0|0|0|0|1|0|0|2,-109.0,-111.0,-120.0,100.0,,8.5,sbro,,,,,HKURODA-R,CVOLSTAD-R,,,,,,,,
2010,2010-04-09,PHI,HOU,8.0,0.0,False,3|0|0|2|2|0|1|0|0,0|0|0|0|0|0|0|0|0,-152.0,132.0,-164.0,144.0,,8.5,sbro,,,,,JHAPP-L,BNORRIS-R,,,,,,,,
2010,2010-04-09,STL,MIL,5.0,4.0,False,0|1|0|0|0|2|0|0|2,0|0|1|2|1|0|0|0|0,-110.0,-110.0,-105.0,-105.0,,9.5,sbro,,,,,KLOHSE-R,DBUSH-R,,,,,,,,
2010,2010-04-09,PIT,ARI,1.0,9.0,False,0|0|0|0|0|1|0|0|0,0|0|6|2|0|0|1|0|x,108.0,-128.0,145.0,-165.0,,10.0,sbro,,,,,CMORTON-R,RLOPEZ-R,,,,,,,,
2010,2010-04-09,CLE,DET,2.0,5.0,False,0|1|0|0|1|0|0|0|0,0|0|0|0|4|0|1|0|x,112.0,-132.0,157.0,-177.0,,9.0,sbro,,,,,DHUFF-L,RPORCELLO-R,,,,,,,,
2010,2010-04-09,TOR,BAL,7.0,6.0,False,3|0|1|0|1|0|0|0|2,3|0|0|0|2|0|0|1|0,115.0,-135.0,135.0,-155.0,,9.0,sbro,,,,,BMORROW-R,BBERGESEN-R,,,,,,,,
2010,2010-04-09,NYY,TAM,3.0,9.0,False,0|0|0|2|0|0|0|1|0,0|0|0|5|0|4|0|0|x,-106.0,-114.0,-115.0,-105.0,,9.5,sbro,,,,,JVAZQUEZ-R,DPRICE-L,,,,,,,,
2010,2010-04-09,SEA,TEX,2.0,6.0,False,1|0|0|0|0|0|0|1|0,0|0|0|1|0|4|1|0|x,120.0,-140.0,116.0,-136.0,,9.0,sbro,,,,,JVARGAS-L,CLEWIS-R,,,,,,,,
2010,2010-04-09,BOS,KAN,3.0,4.0,False,0|0|0|3|0|0|0|0|0,0|0|0|0|0|2|0|2|x,-149.0,129.0,-151.0,131.0,,9.5,sbro,,,,,WAKEFIELD-R,KDAVIES-R,,,,,,,,
2010,2010-04-09,MIN,CWS,4.0,3.0,False,0|0|0|0|0|2|1|0|0,0|0|1|0|0|2|0|0|0,110.0,-130.0,-110.0,-110.0,,8.0,sbro,,,,,FLIRIANO-L,JDANKS-L,,,,,,,,
2010,2010-04-09,OAK,LAA,10.0,4.0,False,3|1|0|0|1|2|3|0|0,0|1|0|0|1|0|0|0|2,125.0,-145.0,112.0,-132.0,,9.0,sbro,,,,,GGONZALEZ-L,MPALMER-R,,,,,,,,
2010,2010-04-10,CUB,CIN,4.0,3.0,False,0|0|0|2|1|0|0|1|0,0|1|2|0|0|0|0|0|0,100.0,-120.0,-110.0,-110.0,,8.5,sbro,,,,,CZAMBRANO-R,AHARANG-R,,,,,,,,
2010,2010-04-10,WAS,NYM,4.0,3.0,False,0|2|0|2|0|0|0|0|0,0|2|0|0|1|0|0|0|0,102.0,-122.0,-103.0,-117.0,,8.5,sbro,,,,,JLANNAN-L,OLPEREZ-L,,,,,,,,
2010,2010-04-10,STL,MIL,7.0,1.0,False,0|4|0|0|2|1|0|0|0,0|0|0|0|0|1|0|0|0,127.0,-147.0,132.0,-152.0,,8.5,sbro,,,,,JGARCIA-L,YGALLARDO-R,,,,,,,,
2010,2010-04-10,PHI,HOU,9.0,6.0,False,0|1|3|0|0|0|3|0|2,0|0|5|0|0|0|0|0|1,-135.0,115.0,-155.0,135.0,,9.5,sbro,,,,,JMOYER-L,FPAULINO-R,,,,,,,,
2010,2010-04-10,LOS,MIA,6.0,7.0,False,0|0|3|0|0|0|0|2|1,1|0|0|3|0|0|0|0|3,115.0,-135.0,133.0,-153.0,,8.5,sbro,,,,,VPADILLA-R,JJOHNSON-R,,,,,,,,
2010,2010-04-10,SDG,COL,5.0,4.0,False,0|0|0|4|0|0|0|0|0,0|0|2|1|0|1|0|0|0,136.0,-156.0,142.0,-162.0,,9.5,sbro,,,,,MLATOS-R,JHAMMEL-R,,,,,,,,
2010,2010-04-10,PIT,ARI,6.0,3.0,False,1|1|0|3|0|0|1|0|0,0|0|0|0|0|0|2|1|0,203.0,-243.0,220.0,-260.0,,8.5,sbro,,,,,ZDUKE-L,DHAREN-R,,,,,,,,
2010,2010-04-10,ATL,SFO,7.0,2.0,False,0|0|0|0|0|1|3|1|2,0|0|0|1|0|0|0|0|1,-120.0,100.0,-117.0,-103.0,,9.0,sbro,,,,,DLOWE-R,WELLEMEYER-R,,,,,,,,
2010,2010-04-10,CLE,DET,2.0,4.0,False,0|0|0|1|0|1|0|0|0,2|0|2|0|0|0|0|0|x,147.0,-167.0,102.0,-122.0,,9.5,sbro,,,,,MTALBOT-R,BONDERMAN-R,,,,,,,,
2010,2010-04-10,MIN,CWS,2.0,1.0,False,0|0|0|0|0|0|2|0|0,0|0|0|0|1|0|0|0|0,-113.0,-107.0,-137.0,117.0,,9.5,sbro,,,,,SBAKER-R,FGARCIA-R,,,,,,,,
2010,2010-04-10,NYY,TAM,10.0,0.0,False,0|0|0|2|2|0|0|4|2,0|0|0|0|0|0|0|0|0,-142.0,122.0,-145.0,125.0,,9.0,sbro,,,,,CSABATHIA-L,WDAVIS-R,,,,,,,,
2010,2010-04-10,SEA,TEX,4.0,3.0,False,1|0|0|0|0|0|0|0|3,0|0|0|0|2|1|0|0|0,-135.0,115.0,-141.0,121.0,,8.5,sbro,,,,,FHERNANDZ-R,MHARRISON-L,,,,,,,,
2010,2010-04-10,TOR,BAL,3.0,0.0,False,0|0|0|1|0|1|0|0|1,0|0|0|0|0|0|0|0|0,132.0,-152.0,120.0,-140.0,,9.5,sbro,,,,,DEVELAND-L,DHERNANDZ-R,,,,,,,,
2010,2010-04-10,BOS,KAN,8.0,3.0,False,0|0|0|0|2|0|2|1|3,1|0|0|0|0|0|2|0|0,-120.0,100.0,-110.0,-110.0,,7.5,sbro,,,,,JBECKETT-R,ZGREINKE-R,,,,,,,,
2010,2010-04-10,OAK,LAA,3.0,4.0,False,0|0|0|1|0|0|1|1|0,0|0|1|2|0|0|0|0|1,121.0,-141.0,146.0,-166.0,,8.0,sbro,,,,,BSHEETS-R,JERWEAVER-R,,,,,,,,
2010,2010-04-11,WAS,NYM,5.0,2.0,False,4|0|1|0|0|0|0|0|0,0|0|0|0|0|0|0|2|0,200.0,-230.0,220.0,-260.0,,7.5,sbro,,,,,LHERNADEZ-R,JOSANTANA-L,,,,,,,,
2010,2010-04-11,LOS,MIA,5.0,6.0,False,0|0|0|4|0|1|0|0|0,0|0|0|3|0|1|2|0|x,100.0,-120.0,120.0,-140.0,,9.0,sbro,,,,,CHAEGER-R,ASANCHEZ-R,,,,,,,,
2010,2010-04-11,CUB,CIN,1.0,3.0,False,0|0|0|0|1|0|0|0|0,0|0|0|0|0|0|1|2|x,100.0,-120.0,-113.0,-107.0,,9.0,sbro,,,,,GORZELANNY-L,MLEAKE-R,,,,,,,,
2010,2010-04-11,PHI,HOU,2.0,1.0,False,1|1|0|0|0|0|0|0|0,0|0|0|0|0|1|0|0|0,-180.0,160.0,-220.0,190.0,,7.5,sbro,,,,,RHALLADAY-R,ROSWALT-R,,,,,,,,
2010,2010-04-11,SDG,COL,2.0,4.0,False,0|0|0|0|0|2|0|0|0,0|0|2|1|1|0|0|0|x,205.0,-235.0,210.0,-250.0,,9.0,sbro,,,,,JGARLAND-R,UJIMENEZ-R,,,,,,,,
2010,2010-04-11,ATL,SFO,3.0,6.0,False,2|0|0|0|0|0|0|0|1,0|0|0|1|0|2|0|3|x,171.0,-201.0,160.0,-180.0,,7.0,sbro,,,,,KKAWAKAMI-R,TLINCECUM-R,,,,,,,,
2010,2010-04-11,PIT,ARI,6.0,15.0,False,1|0|3|0|0|0|0|0|2,0|2|0|13|0|0|0|0|x,170.0,-200.0,170.0,-200.0,,9.5,sbro,,,,,DMCCUTCHE-R,EJACKSON-R,,,,,,,,
2010,2010-04-11,STL,MIL,7.0,8.0,False,0|0|0|2|0|0|2|0|3,1|1|2|0|3|0|0|0|1,-130.0,110.0,-140.0,120.0,,7.0,sbro,,,,,CARPENTER-R,RWOLF-L,,,,,,,,
2010,2010-04-11,CLE,DET,8.0,9.0,False,5|0|0|0|0|2|1|0|0,0|0|0|0|1|2|1|2|3,170.0,-200.0,190.0,-220.0,,8.0,sbro,,,,,WESTBROOK-R,VERLANDER-R,,,,,,,,
2010,2010-04-11,TOR,BAL,5.0,2.0,False,0|0|0|1|0|0|0|3|1,2|0|0|0|0|0|0|0|0,110.0,-130.0,-107.0,-113.0,,8.5,sbro,,,,,SMARCUM-R,KMILLWOOD-R,,,,,,,,
2010,2010-04-11,NYY,TAM,7.0,3.0,False,0|1|0|0|0|3|2|1|0,2|0|0|0|0|0|0|1|0,105.0,-125.0,-115.0,-105.0,,9.0,sbro,,,,,ABURNETT-R,JSHIELDS-R,,,,,,,,
2010,2010-04-11,MIN,CWS,4.0,5.0,False,2|0|2|0|0|0|0|0|0,2|0|0|1|0|1|0|1|x,-103.0,-117.0,111.0,-131.0,,8.5,sbro,,,,,NBLACKBUR-R,MBUEHRLE-L,,,,,,,,
2010,2010-04-11,BOS,KAN,8.0,6.0,False,4|1|0|3|0|0|0|0|0,1|1|1|0|0|0|0|3|0,-120.0,100.0,-167.0,147.0,,9.0,sbro,,,,,CBUCHHOLZ-R,GMECHE-R,,,,,,,,
2010,2010-04-11,SEA,TEX,2.0,9.0,False,0|1|0|0|1|0|0|0|0,1|4|0|0|2|1|0|1|x,125.0,-145.0,146.0,-166.0,,9.0,sbro,,,,,ISNELL-R,SFELDMAN-R,,,,,,,,
2010,2010-04-11,OAK,LAA,9.0,4.0,False,0|1|0|0|0|0|3|3|2,2|0|0|0|0|1|0|0|1,110.0,-130.0,132.0,-152.0,,9.0,sbro,,,,,DBRADEN-L,JSAUNDERS-L,,,,,,,,
2010,2010-04-12,MIL,CUB,5.0,9.0,False,0|0|0|1|3|0|1|0|0,0|0|5|3|1|0|0|0|x,125.0,-145.0,146.0,-166.0,,9.0,sbro,,,,,DDAVIS-L,RDEMPSTER-R,,,,,,,,
2010,2010-04-12,WAS,PHI,4.0,7.0,False,0|1|0|3|0|0|0|0|0,0|0|0|2|5|0|0|0|x,230.0,-270.0,230.0,-270.0,,9.0,sbro,,,,,JMARQUIS-R,CHAMELS-L,,,,,,,,
2010,2010-04-12,HOU,STL,0.0,5.0,False,0|0|0|0|0|0|0|0|0,1|0|3|0|0|0|1|0|x,170.0,-200.0,190.0,-220.0,,7.0,sbro,,,,,WRODRIGEZ-L,WAINWRIGHT-R,,,,,,,,
2010,2010-04-12,ATL,SDG,2.0,17.0,False,0|0|0|0|0|2|0|0|0,0|1|0|10|3|0|3|0|x,-145.0,125.0,-130.0,110.0,,7.0,sbro,,,,,JJURRJENS-R,KCORREIA-R,,,,,,,,
2010,2010-04-12,CIN,MIA,6.0,5.0,False,0|2|0|1|2|0|0|0|0,0|1|3|0|0|0|1|0|0,130.0,-150.0,116.0,-136.0,,7.5,sbro,,,,,JCUETO-R,RNOLASCO-R,,,,,,,,
2010,2010-04-12,PIT,SFO,3.0,9.0,False,0|1|0|0|1|0|1|0|0,3|0|2|1|0|1|0|2|x,155.0,-175.0,168.0,-188.0,,8.5,sbro,,,,,BBURRES-L,BZITO-L,,,,,,,,
2010,2010-04-12,KAN,DET,10.0,5.0,False,0|0|0|4|1|3|0|2|0,0|0|2|1|0|2|0|0|0,163.0,-183.0,165.0,-185.0,,8.0,sbro,,,,,LHOCHEVAR-R,MSCHERZER-R,,,,,,,,
2010,2010-04-12,TEX,CLE,4.0,2.0,False,0|0|0|0|2|0|0|0|0,1|0|0|0|0|1|0|0|0,-112.0,-108.0,-126.0,106.0,,8.0,sbro,,,,,RHARDEN-R,FCARMONA-R,,,,,,,,
2010,2010-04-12,BOS,MIN,2.0,5.0,False,0|0|0|1|0|0|0|1|0,2|1|0|1|0|0|1|0|x,-143.0,123.0,-126.0,106.0,,9.0,sbro,,,,,JLESTER-L,CPAVANO-R,,,,,,,,
2010,2010-04-12,OAK,SEA,4.0,0.0,False,0|0|0|1|0|1|2|0|0,0|0|0|0|0|0|0|0|0,-106.0,-114.0,104.0,-124.0,,7.5,sbro,,,,,DUCHSHERER-R,RWLND-SMTH-L,,,,,,,,
2010,2010-04-12,TAM,BAL,5.0,1.0,False,0|0|1|0|0|2|0|1|1,1|0|0|0|0|0|0|0|0,-155.0,135.0,-144.0,124.0,,9.0,sbro,,,,,MGARZA-R,JGUTHRIE-R,,,,,,,,
2010,2010-04-12,CWS,TOR,8.0,7.0,False,0|2|2|0|0|2|0|0|1,0|2|4|0|0|1|0|0|0,-118.0,-102.0,-127.0,107.0,,8.0,sbro,,,,,JPEAVY-R,BTALLET-L,,,,,,,,
2010,2010-04-13,ARI,LOS,5.0,9.0,False,0|0|0|1|0|1|3|0|0,0|1|0|3|2|3|0|0|x,160.0,-180.0,149.0,-169.0,,8.0,sbro,,,,,IKENNEDY-R,CKERSHAW-L,,,,,,,,
2010,2010-04-13,CIN,MIA,10.0,8.0,False,0|3|0|3|0|0|0|2|0,0|1|0|0|4|0|0|3|0,-105.0,-105.0,-102.0,-118.0,,9.0,sbro,,,,,BARROYO-R,ROBERTSON-L,,,,,,,,
2010,2010-04-13,NYM,COL,3.0,11.0,False,0|0|0|0|0|1|1|1|0,2|0|6|0|0|0|3|0|x,118.0,-138.0,127.0,-147.0,,10.5,sbro,,,,,JMAINE-R,GSMITH-L,,,,,,,,
2010,2010-04-13,PIT,SFO,6.0,5.0,False,1|0|2|0|0|0|0|1|2,0|0|1|0|1|1|0|0|2,165.0,-185.0,170.0,-200.0,,7.5,sbro,,,,,PMAHOLM-L,MCAIN-R,,,,,,,,
2010,2010-04-13,KAN,DET,5.0,6.0,False,0|0|3|0|1|0|1|0|0,0|0|0|0|0|0|6|0|x,110.0,-130.0,-104.0,-116.0,,9.5,sbro,,,,,BBANNISTR-R,DWILLIS-L,,,,,,,,
2010,2010-04-13,LAA,NYY,5.0,7.0,False,0|0|0|0|0|0|0|1|4,1|0|1|1|0|2|0|2|x,135.0,-155.0,170.0,-200.0,,10.0,sbro,,,,,ESANTANA-R,APETTITTE-L,,,,,,,,
2010,2010-04-13,TAM,BAL,8.0,6.0,False,0|0|0|0|0|0|0|5|0,0|0|1|0|0|2|0|2|0,-110.0,-110.0,-120.0,100.0,,8.5,sbro,,,,,JNIEMANN-R,BMATUSZ-L,,,,,,,,
2010,2010-04-13,CWS,TOR,2.0,4.0,False,0|0|0|0|0|0|0|2|0,0|0|2|0|2|0|0|0|x,-107.0,-113.0,102.0,-122.0,,8.5,sbro,,,,,GFLOYD-R,RROMERO-L,,,,,,,,
2010,2010-04-13,OAK,SEA,0.0,3.0,False,0|0|0|0|0|0|0|0|0,0|0|0|0|0|0|0|3|x,-117.0,-103.0,-143.0,123.0,,7.5,sbro,,,,,BANDERSON-L,DFISTER-R,,,,,,,,
2010,2010-04-14,MIL,CUB,6.0,7.0,False,0|0|0|0|2|1|1|2|0,0|1|0|0|1|0|1|4|x,120.0,-140.0,118.0,-138.0,,10.5,sbro,,,,,DBUSH-R,RWELLS-R,,,,,,,,
2010,2010-04-14,PIT,SFO,0.0,6.0,False,0|0|0|0|0|0|0|0|0,0|4|0|0|2|0|0|0|x,146.0,-166.0,160.0,-180.0,,8.5,sbro,,,,,CMORTON-R,JSANCHEZ-L,,,,,,,,
2010,2010-04-14,WAS,PHI,7.0,14.0,False,3|3|1|0|0|0|0|0|0,4|3|0|0|2|1|4|0|x,200.0,-230.0,158.0,-178.0,,10.0,sbro,,,,,CSTAMMEN-R,KKENDRICK-R,,,,,,,,
2010,2010-04-14,CIN,MIA,3.0,5.0,False,0|0|0|1|0|0|2|0|0,1|1|0|1|1|1|0|0|x,-108.0,-112.0,120.0,-140.0,,9.0,sbro,,,,,HBAILEY-R,CVOLSTAD-R,,,,,,,,
2010,2010-04-14,HOU,STL,1.0,2.0,False,1|0|0|0|0|0|0|0|0,2|0|0|0|0|0|0|0|x,165.0,-185.0,210.0,-250.0,,8.5,sbro,,,,,BMYERS-R,BPENNY-R,,,,,,,,
2010,2010-04-14,NYM,COL,5.0,6.0,False,0|1|2|0|0|0|0|1|1,0|1|3|1|0|0|0|0|0,170.0,-200.0,152.0,-172.0,,9.5,sbro,,,,,JNIESE-L,ACOOK-R,,,,,,,,
2010,2010-04-14,ATL,SDG,6.0,1.0,False,0|0|0|0|0|3|3|0|0,0|0|0|0|1|0|0|0|0,-148.0,128.0,-133.0,113.0,,7.0,sbro,,,,,THANSON-R,CRICHARD-L,,,,,,,,
2010,2010-04-14,ARI,LOS,9.0,7.0,False,0|0|0|3|2|1|1|0|0,2|0|1|2|0|1|0|0|1,135.0,-155.0,155.0,-175.0,,8.0,sbro,,,,,RLOPEZ-R,BILLNGSLEY-R,,,,,,,,
2010,2010-04-14,KAN,DET,7.0,3.0,False,0|2|1|0|0|0|2|1|1,1|0|0|0|2|0|0|0|0,155.0,-175.0,156.0,-176.0,,9.5,sbro,,,,,KDAVIES-R,RPORCELLO-R,,,,,,,,
2010,2010-04-14,LAA,NYY,5.0,3.0,False,0|0|2|0|0|2|1|0|0,0|0|0|0|1|0|0|2|0,160.0,-180.0,175.0,-195.0,,10.0,sbro,,,,,JPINEIRO-R,JVAZQUEZ-R,,,,,,,,
2010,2010-04-14,BOS,MIN,6.0,3.0,False,1|1|0|0|1|0|0|3|0,0|0|2|0|0|0|0|1|0,-130.0,110.0,-115.0,-105.0,,9.0,sbro,,,,,JLACKEY-R,KSLOWEY-R,,,,,,,,
2010,2010-04-14,TAM,BAL,9.0,1.0,False,3|0|3|2|0|0|1|0|0,0|0|0|1|0|0|0|0|0,-150.0,130.0,-155.0,135.0,,9.0,sbro,,,,,DPRICE-L,BBERGESEN-R,,,,,,,,
2010,2010-04-14,CWS,TOR,11.0,1.0,False,0|1|1|1|4|4|0|0|0,0|0|0|0|1|0|0|0|0,-106.0,-114.0,-121.0,101.0,,8.0,sbro,,,,,JDANKS-L,BMORROW-R,,,,,,,,
2010,2010-04-14,TEX,CLE,6.0,2.0,False,1|1|2|0|0|0|0|2|0,0|0|0|0|0|2|0|0|0,-107.0,-113.0,-106.0,-114.0,,8.5,sbro,,,,,CLEWIS-R,MASTERSON-R,,,,,,,,
2010,2010-04-14,OAK,SEA,2.0,4.0,False,0|2|0|0|0|0|0|0|0,0|0|0|0|2|2|0|0|x,-111.0,-109.0,-105.0,-105.0,,7.5,sbro,,,,,GGONZALEZ-L,JVARGAS-L,,,,,,,,
2010,2010-04-15,HOU,STL,5.0,1.0,False,0|0|2|0|0|0|0|3|0,0|0|0|1|0|0|0|0|0,190.0,-220.0,180.0,-210.0,,8.5,sbro,,,,,BNORRIS-R,KLOHSE-R,,,,,,,,
2010,2010-04-15,MIL,CUB,8.0,6.0,False,1|0|2|1|0|1|1|1|1,1|1|0|2|0|1|0|0|1,138.0,-158.0,143.0,-163.0,,11.5,sbro,,,,,JSUPPAN-R,CZAMBRANO-R,,,,,,,,
2010,2010-04-15,WAS,PHI,7.0,5.0,False,0|0|1|0|0|0|1|3|2,1|0|0|0|0|3|0|0|1,215.0,-255.0,220.0,-260.0,,9.5,sbro,,,,,SOLSEN-L,JHAPP-L,,,,,,,,
2010,2010-04-15,NYM,COL,5.0,0.0,False,1|0|1|2|1|0|0|0|0,0|0|0|0|0|0|0|0|0,170.0,-190.0,175.0,-195.0,,9.0,sbro,,,,,MPELFREY-R,DELAROSA-L,,,,,,,,
2010,2010-04-15,ATL,SDG,6.0,2.0,False,1|0|0|1|1|0|0|3|0,0|0|0|0|0|2|0|0|0,-130.0,110.0,-125.0,105.0,,7.0,sbro,,,,,THUDSON-R,MLATOS-R,,,,,,,,
2010,2010-04-15,CIN,MIA,2.0,10.0,False,0|0|1|0|0|0|0|0|1,0|1|2|1|4|1|0|1|x,130.0,-150.0,128.0,-148.0,,8.0,sbro,,,,,AHARANG-R,JJOHNSON-R,,,,,,,,
2010,2010-04-15,ARI,LOS,5.0,6.0,False,0|2|0|0|1|0|0|1|1,0|0|0|0|0|1|2|0|2,-113.0,-107.0,113.0,-133.0,,7.5,sbro,,,,,DHAREN-R,HKURODA-R,,,,,,,,
2010,2010-04-15,TEX,CLE,2.0,3.0,False,0|0|0|2|0|0|0|0|0,0|0|0|0|0|0|0|3|x,-125.0,105.0,-112.0,-108.0,,8.5,sbro,,,,,MHARRISON-L,DHUFF-L,,,,,,,,
2010,2010-04-15,BOS,MIN,0.0,8.0,False,0|0|0|0|0|0|0|0|0,0|1|0|0|3|2|2|0|x,110.0,-130.0,101.0,-121.0,,9.5,sbro,,,,,WAKEFIELD-R,FLIRIANO-L,,,,,,,,
2010,2010-04-15,CWS,TOR,3.0,7.0,False,0|0|0|0|1|0|2|0|0,0|1|3|3|0|0|0|0|x,103.0,-123.0,-102.0,-118.0,,9.0,sbro,,,,,FGARCIA-R,DEVELAND-L,,,,,,,,
2010,2010-04-15,LAA,NYY,2.0,6.0,False,0|1|0|0|0|1|0|0|0,0|1|1|2|2|0|0|0|x,160.0,-180.0,140.0,-160.0,,10.0,sbro,,,,,SKAZMIR-L,PHUGHES-R,,,,,,,,
2010,2010-04-15,BAL,OAK,2.0,6.0,False,0|0|0|0|0|0|1|0|1,2|1|0|1|1|0|0|1|x,110.0,-130.0,135.0,-155.0,,8.5,sbro,,,,,DHERNANDZ-R,BSHEETS-R,,,,,,,,
2010,2010-04-16,HOU,CUB,2.0,7.0,False,0|0|0|2|0|0|0|0|0,0|0|1|0|0|0|6|0|x,159.0,-179.0,151.0,-171.0,,9.0,sbro,,,,,FPAULINO-R,CSILVA-R,,,,,,,,
2010,2010-04-16,CIN,PIT,3.0,4.0,False,0|0|0|0|0|0|0|2|1,2|1|0|0|0|0|0|0|1,-110.0,-110.0,108.0,-128.0,,8.0,sbro,,,,,MLEAKE-R,ZDUKE-L,,,,,,,,
2010,2010-04-16,MIL,WAS,3.0,5.0,False,0|1|0|0|1|0|0|1|0,0|0|1|0|0|1|0|3|x,-157.0,137.0,-148.0,128.0,,9.5,sbro,,,,,YGALLARDO-R,JLANNAN-L,,,,,,,,
2010,2010-04-16,MIA,PHI,6.0,8.0,False,0|0|0|1|0|0|0|1|4,3|1|1|0|0|0|3|0|x,200.0,-240.0,250.0,-300.0,,8.5,sbro,,,,,ASANCHEZ-R,RHALLADAY-R,,,,,,,,
2010,2010-04-16,COL,ATL,5.0,9.0,False,0|0|0|1|3|0|1|0|0,0|7|1|0|1|0|0|0|x,109.0,-129.0,120.0,-140.0,,8.5,sbro,,,,,JHAMMEL-R,DLOWE-R,,,,,,,,
2010,2010-04-16,NYM,STL,3.0,4.0,False,0|1|0|0|0|0|0|0|2,0|0|0|0|0|0|4|0|x,209.0,-249.0,200.0,-230.0,,8.5,sbro,,,,,OLPEREZ-L,CARPENTER-R,,,,,,,,
2010,2010-04-16,ARI,SDG,3.0,6.0,False,0|0|3|0|0|0|0|0|0,0|0|0|0|0|0|1|1|4,-110.0,-110.0,-109.0,-111.0,,7.5,sbro,,,,,EJACKSON-R,JGARLAND-R,,,,,,,,
2010,2010-04-16,SFO,LOS,8.0,10.0,False,0|0|0|0|2|1|0|0|5,3|4|0|0|2|0|1|0|x,125.0,-145.0,132.0,-152.0,,9.0,sbro,,,,,WELLEMEYER-R,VPADILLA-R,,,,,,,,
2010,2010-04-16,TEX,NYY,1.0,5.0,False,1|0|0|0|0|0|x|x|x,1|0|0|3|0|1|x|x|x,180.0,-210.0,190.0,-220.0,,8.5,sbro,,,,,CWILSON-L,CSABATHIA-L,,,,,,,,
2010,2010-04-16,CWS,CLE,2.0,6.0,False,0|1|0|0|0|1|0|0|0,0|0|0|3|0|3|0|0|x,-145.0,125.0,-155.0,135.0,,8.5,sbro,,,,,MBUEHRLE-L,MTALBOT-R,,,,,,,,
2010,2010-04-16,LAA,TOR,7.0,5.0,False,0|0|1|1|2|0|0|3|0,0|1|0|0|0|0|0|4|0,-115.0,-105.0,-117.0,-103.0,,8.5,sbro,,,,,JERWEAVER-R,SMARCUM-R,,,,,,,,
2010,2010-04-16,TAM,BOS,1.0,1.0,False,0|0|1|0|0|0|0|0|x,0|0|0|0|1|0|0|0|x,146.0,-166.0,145.0,-165.0,,9.0,sbro,,,,,WDAVIS-R,JBECKETT-R,,,,,,,,
2010,2010-04-16,KAN,MIN,3.0,10.0,False,0|0|0|0|1|1|0|0|1,0|0|2|0|2|1|0|5|x,-102.0,-118.0,114.0,-134.0,,7.5,sbro,,,,,ZGREINKE-R,SBAKER-R,,,,,,,,
2010,2010-04-16,BAL,OAK,2.0,4.0,False,0|0|0|0|2|0|0|0|0,0|1|1|2|0|0|0|0|x,135.0,-155.0,131.0,-151.0,,7.5,sbro,,,,,KMILLWOOD-R,DBRADEN-L,,,,,,,,
2010,2010-04-16,DET,SEA,3.0,11.0,False,0|0|0|2|0|0|0|0|1,0|0|3|2|6|0|0|0|x,160.0,-180.0,148.0,-168.0,,7.0,sbro,,,,,BONDERMAN-R,FHERNANDZ-R,,,,,,,,
2010,2010-04-17,HOU,CUB,4.0,3.0,False,0|2|0|0|1|0|1|0|0,0|0|0|0|0|0|0|3|0,120.0,-140.0,119.0,-139.0,,7.5,sbro,,,,,ROSWALT-R,GORZELANNY-L,,,,,,,,
2010,2010-04-17,MIL,WAS,0.0,8.0,False,0|0|0|0|0|0|0|0|0,0|3|0|0|1|3|1|0|x,-152.0,132.0,-153.0,133.0,,10.0,sbro,,,,,RWOLF-L,LHERNADEZ-R,,,,,,,,
2010,2010-04-17,NYM,STL,2.0,1.0,False,0|0|0|0|0|0|0|0|0,0|0|0|0|0|0|0|0|0,-112.0,-108.0,-110.0,-110.0,,7.5,sbro,,,,,JOSANTANA-L,JGARCIA-L,,,,,,,,
2010,2010-04-17,SFO,LOS,9.0,0.0,False,0|1|4|2|0|0|2|0|0,0|0|0|0|0|0|0|0|0,-150.0,130.0,-155.0,135.0,,7.5,sbro,,,,,TLINCECUM-R,CHAEGER-R,,,,,,,,
2010,2010-04-17,MIA,PHI,5.0,1.0,False,5|0|0|0|0|0|0|0|0,0|0|0|0|0|0|0|0|1,108.0,-128.0,-110.0,-110.0,,10.5,sbro,,,,,RNOLASCO-R,JMOYER-L,,,,,,,,
2010,2010-04-17,CIN,PIT,4.0,5.0,False,1|0|2|0|1|0|0|0|0,2|1|0|0|0|0|0|0|2,-135.0,115.0,-133.0,113.0,,8.5,sbro,,,,,JCUETO-R,DMCCUTCHE-R,,,,,,,,
2010,2010-04-17,COL,ATL,4.0,0.0,False,1|0|0|3|0|0|0|0|0,0|0|0|0|0|0|0|0|0,-110.0,-110.0,-130.0,110.0,,8.0,sbro,,,,,UJIMENEZ-R,KKAWAKAMI-R,,,,,,,,
2010,2010-04-17,ARI,SDG,0.0,5.0,False,0|0|0|0|0|0|0|0|0,1|0|0|1|0|0|3|0|x,110.0,-130.0,130.0,-150.0,,8.0,sbro,,,,,KBENSON-R,KCORREIA-R,,,,,,,,
2010,2010-04-17,LAA,TOR,6.0,3.0,False,2|1|1|0|0|0|0|1|1,0|0|2|0|0|0|0|0|1,-124.0,104.0,-109.0,-111.0,,10.0,sbro,,,,,JSAUNDERS-L,BTALLET-L,,,,,,,,
2010,2010-04-17,TEX,NYY,3.0,7.0,False,0|0|0|0|0|0|0|3|0,0|2|4|1|0|0|0|0|x,151.0,-171.0,150.0,-170.0,,9.5,sbro,,,,,SFELDMAN-R,ABURNETT-R,,,,,,,,
2010,2010-04-17,KAN,MIN,5.0,6.0,False,0|2|0|1|2|0|0|0|0,0|5|0|0|0|0|1|0|x,150.0,-170.0,162.0,-182.0,,9.5,sbro,,,,,GMECHE-R,NBLACKBUR-R,,,,,,,,
2010,2010-04-17,BAL,OAK,3.0,4.0,False,0|0|0|0|0|2|0|1|0,0|0|0|1|1|0|0|0|2,138.0,-158.0,138.0,-158.0,,7.5,sbro,,,,,JGUTHRIE-R,DUCHSHERER-R,,,,,,,,
2010,2010-04-17,CWS,CLE,2.0,3.0,False,0|0|0|0|0|1|1|0|0,1|0|0|0|0|0|0|2|x,-115.0,-105.0,-132.0,112.0,,8.0,sbro,,,,,JPEAVY-R,WESTBROOK-R,,,,,,,,
2010,2010-04-17,TAM,BOS,6.0,5.0,False,4|0|0|0|0|1|1|0|0,0|0|0|0|1|0|4|0|0,107.0,-127.0,105.0,-125.0,,9.0,sbro,,,,,JSHIELDS-R,CBUCHHOLZ-R,,,,,,,,
2010,2010-04-17,DET,SEA,2.0,4.0,False,0|0|0|1|0|0|1|0|0,1|0|1|0|0|0|1|1|x,-124.0,104.0,-140.0,120.0,,7.5,sbro,,,,,VERLANDER-R,RWLND-SMTH-L,,,,,,,,
2010,2010-04-18,MIA,PHI,2.0,0.0,False,0|1|0|0|0|0|0|0|1,0|0|0|0|0|0|0|0|0,170.0,-200.0,167.0,-187.0,,9.5,sbro,,,,,ROBERTSON-L,CHAMELS-L,,,,,,,,
2010,2010-04-18,CIN,PIT,3.0,5.0,False,0|0|0|0|1|0|1|0|1,0|0|0|5|0|0|0|0|x,-119.0,-101.0,-117.0,-103.0,,8.0,sbro,,,,,BARROYO-R,PMAHOLM-L,,,,,,,,
2010,2010-04-18,MIL,WAS,11.0,7.0,False,10|0|0|0|0|0|0|1|0,0|1|0|0|4|0|2|0|0,-119.0,-101.0,-105.0,-115.0,,9.5,sbro,,,,,DDAVIS-L,JMARQUIS-R,,,,,,,,
2010,2010-04-18,COL,ATL,3.0,4.0,False,0|1|0|0|0|0|1|1|0,1|0|1|0|0|0|0|0|2,124.0,-144.0,122.0,-142.0,,9.0,sbro,,,,,GSMITH-L,JJURRJENS-R,,,,,,,,
2010,2010-04-18,HOU,CUB,3.0,2.0,False,0|0|0|0|0|0|0|1|1,0|0|2|0|0|0|0|0|0,145.0,-165.0,169.0,-189.0,,7.0,sbro,,,,,WRODRIGEZ-L,RDEMPSTER-R,,,,,,,,
2010,2010-04-18,ARI,SDG,3.0,5.0,False,1|0|0|0|0|1|0|0|1,0|0|0|0|0|0|5|0|x,-101.0,-119.0,-105.0,-105.0,,8.0,sbro,,,,,IKENNEDY-R,WLEBLANC-L,,,,,,,,
2010,2010-04-18,SFO,LOS,1.0,2.0,False,0|0|0|0|0|0|1|0|0,0|0|0|0|0|0|0|2|x,133.0,-153.0,147.0,-167.0,,8.5,sbro,,,,,BZITO-L,CKERSHAW-L,,,,,,,,
2010,2010-04-18,NYM,STL,3.0,5.0,False,0|3|0|0|0|0|0|0|0,0|0|0|0|3|0|0|2|x,201.0,-241.0,240.0,-280.0,,7.5,sbro,,,,,JMAINE-R,WAINWRIGHT-R,,,,,,,,
2010,2010-04-18,TEX,NYY,2.0,5.0,False,0|0|2|0|0|0|0|0|0,1|0|3|0|0|0|1|0|x,140.0,-160.0,148.0,-168.0,,9.0,sbro,,,,,RHARDEN-R,APETTITTE-L,,,,,,,,
2010,2010-04-18,CWS,CLE,4.0,7.0,False,0|0|0|0|3|0|0|0|1,3|4|0|0|0|0|0|0|x,-104.0,-116.0,-109.0,-111.0,,7.5,sbro,,,,,GFLOYD-R,FCARMONA-R,,,,,,,,
2010,2010-04-18,LAA,TOR,3.0,1.0,False,0|0|0|0|0|1|0|0|2,0|0|0|0|0|0|0|0|1,118.0,-138.0,119.0,-139.0,,8.5,sbro,,,,,ESANTANA-R,RROMERO-L,,,,,,,,
2010,2010-04-18,TAM,BOS,7.0,1.0,False,0|2|2|0|0|3|0|0|0,0|0|0|0|0|0|0|0|1,117.0,-137.0,117.0,-137.0,,8.5,sbro,,,,,MGARZA-R,JLESTER-L,,,,,,,,
2010,2010-04-18,KAN,MIN,10.0,5.0,False,0|0|6|1|0|0|0|0|3,2|0|1|0|0|0|2|0|0,161.0,-181.0,162.0,-182.0,,9.5,sbro,,,,,LHOCHEVAR-R,CPAVANO-R,,,,,,,,
2010,2010-04-18,BAL,OAK,8.0,3.0,False,0|0|3|1|2|0|0|0|2,0|0|0|1|0|1|1|0|0,154.0,-174.0,156.0,-176.0,,7.0,sbro,,,,,BMATUSZ-L,BANDERSON-L,,,,,,,,
2010,2010-04-18,DET,SEA,4.0,2.0,False,0|0|3|0|0|0|0|1|0,0|1|0|0|1|0|0|0|0,-121.0,101.0,-128.0,108.0,,8.0,sbro,,,,,MSCHERZER-R,ISNELL-R,,,,,,,,
2010,2010-04-19,COL,WAS,2.0,5.0,False,0|0|1|1|0|0|0|0|0,0|3|2|0|0|0|0|0|x,-165.0,145.0,-144.0,124.0,,9.5,sbro,,,,,ACOOK-R,CSTAMMEN-R,,,,,,,,
2010,2010-04-19,CUB,NYM,1.0,6.0,False,0|0|0|0|0|1|0|0|0,0|0|0|0|1|0|5|0|x,-133.0,113.0,-140.0,120.0,,8.0,sbro,,,,,RWELLS-R,JNIESE-L,,,,,,,,
2010,2010-04-19,STL,ARI,4.0,2.0,False,0|0|0|0|2|0|0|1|1,2|0|0|0|0|0|0|0|0,-138.0,118.0,-134.0,114.0,,10.0,sbro,,,,,BPENNY-R,RLOPEZ-R,,,,,,,,
2010,2010-04-19,SFO,SDG,2.0,3.0,False,0|0|0|1|0|0|0|0|1,1|0|0|0|0|1|0|0|0,-146.0,126.0,-115.0,-105.0,,7.0,sbro,,,,,MCAIN-R,CRICHARD-L,,,,,,,,
2010,2010-04-19,TAM,BOS,8.0,2.0,False,1|0|5|2|0|0|0|0|0,0|0|0|0|0|0|2|0|0,148.0,-168.0,150.0,-170.0,,8.5,sbro,,,,,JNIEMANN-R,JLACKEY-R,,,,,,,,
2010,2010-04-19,KAN,TOR,1.0,8.0,False,0|0|0|0|0|1|0|0|0,0|0|1|1|3|1|2|0|x,-107.0,-113.0,-107.0,-113.0,,9.5,sbro,,,,,BBANNISTR-R,BMORROW-R,,,,,,,,
2010,2010-04-19,DET,LAA,0.0,2.0,False,0|0|0|0|0|0|0|0|0,0|0|2|0|0|0|0|0|x,145.0,-165.0,161.0,-181.0,,9.5,sbro,,,,,DWILLIS-L,JPINEIRO-R,,,,,,,,
2010,2010-04-19,BAL,SEA,2.0,8.0,False,0|0|0|0|0|0|1|0|1,0|0|7|0|0|0|1|0|x,152.0,-172.0,135.0,-155.0,,8.0,sbro,,,,,BBERGESEN-R,DFISTER-R,,,,,,,,
2010,2010-04-20,COL,WAS,10.0,4.0,False,0|2|8|0|0|0|0|0|0,0|0|0|0|2|2|0|0|0,-150.0,130.0,-155.0,135.0,,9.0,sbro,,,,,DELAROSA-L,SOLSEN-L,,,,,,,,
2010,2010-04-20,MIL,PIT,8.0,1.0,False,3|3|1|0|1|0|0|0|0,0|0|0|0|0|0|0|1|0,-122.0,102.0,-118.0,-102.0,,9.0,sbro,,,,,DBUSH-R,CMORTON-R,,,,,,,,
2010,2010-04-20,LOS,CIN,9.0,11.0,False,3|0|0|0|0|2|0|4|0,0|6|1|2|0|0|0|2|x,-126.0,106.0,-137.0,117.0,,9.5,sbro,,,,,BILLNGSLEY-R,HBAILEY-R,,,,,,,,
2010,2010-04-20,CUB,NYM,0.0,4.0,False,0|0|0|0|0|0|0|0|0,0|2|0|0|0|0|0|2|x,-116.0,-104.0,-105.0,-105.0,,8.0,sbro,,,,,CZAMBRANO-R,MPELFREY-R,,,,,,,,
2010,2010-04-20,PHI,ATL,3.0,4.0,False,0|0|0|1|1|0|1|0|0,0|0|0|0|0|0|0|0|3,130.0,-150.0,135.0,-155.0,,8.5,sbro,,,,,KKENDRICK-R,THANSON-R,,,,,,,,
2010,2010-04-20,MIA,HOU,5.0,7.0,False,2|1|0|0|0|1|0|0|1,1|1|0|0|0|1|1|3|x,-105.0,-105.0,-110.0,-110.0,,8.5,sbro,,,,,CVOLSTAD-R,BMYERS-R,,,,,,,,
2010,2010-04-20,STL,ARI,7.0,9.0,False,2|0|2|3|0|0|0|0|0,2|0|3|3|0|1|0|0|x,111.0,-131.0,132.0,-152.0,,8.5,sbro,,,,,KLOHSE-R,DHAREN-R,,,,,,,,
2010,2010-04-20,SFO,SDG,0.0,1.0,False,0|0|0|0|0|0|0|0|0,0|0|0|1|0|0|0|0|x,-113.0,-107.0,-117.0,-103.0,,7.0,sbro,,,,,JSANCHEZ-L,MLATOS-R,,,,,,,,
2010,2010-04-20,KAN,TOR,3.0,4.0,False,0|2|1|0|0|0|0|0|0,1|0|0|1|0|0|2|0|x,108.0,-128.0,126.0,-146.0,,9.0,sbro,,,,,KDAVIES-R,DEVELAND-L,,,,,,,,
2010,2010-04-20,TEX,BOS,6.0,7.0,False,1|0|1|3|1|0|0|0|0,1|0|0|1|0|2|0|2|1,120.0,-140.0,115.0,-135.0,,9.5,sbro,,,,,CLEWIS-R,WAKEFIELD-R,,,,,,,,
2010,2010-04-20,CLE,MIN,1.0,5.0,False,0|1|0|0|0|0|0|0|0,1|0|4|0|0|0|0|0|x,137.0,-157.0,132.0,-152.0,,9.5,sbro,,,,,MASTERSON-R,KSLOWEY-R,,,,,,,,
2010,2010-04-20,TAM,CWS,1.0,4.0,False,1|0|0|0|0|0|0|0|0,1|1|0|0|0|1|0|1|x,-113.0,-107.0,-113.0,-107.0,,8.0,sbro,,,,,DPRICE-L,JDANKS-L,,,,,,,,
2010,2010-04-20,NYY,OAK,7.0,3.0,False,3|0|0|0|3|0|1|0|0,0|0|0|0|1|2|0|0|0,-142.0,122.0,-160.0,140.0,,8.5,sbro,,,,,JVAZQUEZ-R,GGONZALEZ-L,,,,,,,,
2010,2010-04-20,DET,LAA,5.0,6.0,False,0|0|0|0|0|2|3|0|0,0|3|0|1|2|0|0|0|x,108.0,-128.0,110.0,-130.0,,9.0,sbro,,,,,RPORCELLO-R,SKAZMIR-L,,,,,,,,
2010,2010-04-20,BAL,SEA,1.0,3.0,False,1|0|0|0|0|0|0|0|0,2|0|0|0|0|0|1|0|x,114.0,-134.0,126.0,-146.0,,8.0,sbro,,,,,DHERNANDZ-R,JVARGAS-L,,,,,,,,
2010,2010-04-21,SFO,SDG,2.0,5.0,False,0|0|0|0|1|0|0|0|1,1|1|0|0|2|1|0|0|x,-102.0,-118.0,108.0,-128.0,,8.0,sbro,,,,,WELLEMEYER-R,JGARLAND-R,,,,,,,,
2010,2010-04-21,COL,WAS,4.0,6.0,False,2|0|1|1|0|0|0|0|0,0|0|4|0|0|0|0|2|x,-114.0,-106.0,-109.0,-111.0,,9.0,sbro,,,,,JHAMMEL-R,JLANNAN-L,,,,,,,,
2010,2010-04-21,MIL,PIT,8.0,0.0,False,1|0|0|1|3|2|0|0|1,0|0|0|0|0|0|0|0|0,-125.0,105.0,-131.0,111.0,,8.5,sbro,,,,,YGALLARDO-R,ZDUKE-L,,,,,,,,
2010,2010-04-21,LOS,CIN,14.0,6.0,False,1|2|1|0|1|4|3|1|1,3|0|0|1|0|2|0|0|0,-115.0,-105.0,-155.0,135.0,,8.5,sbro,,,,,HKURODA-R,AHARANG-R,,,,,,,,
2010,2010-04-21,PHI,ATL,2.0,0.0,False,0|1|0|0|0|1|0|0|0,0|0|0|0|0|0|0|0|0,-130.0,110.0,-155.0,135.0,,7.5,sbro,,,,,RHALLADAY-R,THUDSON-R,,,,,,,,
2010,2010-04-21,CUB,NYM,9.0,3.0,False,0|0|1|1|1|0|3|0|3,0|1|0|0|0|0|0|2|0,-107.0,-113.0,-105.0,-105.0,,8.5,sbro,,,,,CSILVA-R,OLPEREZ-L,,,,,,,,
2010,2010-04-21,MIA,HOU,4.0,5.0,False,0|0|0|0|4|0|0|0|0,1|0|0|0|1|1|2|0|x,-143.0,123.0,-155.0,135.0,,8.5,sbro,,,,,JJOHNSON-R,BNORRIS-R,,,,,,,,
2010,2010-04-21,STL,ARI,9.0,4.0,False,3|0|0|0|0|1|0|0|5,0|0|2|0|0|0|0|2|0,-140.0,120.0,-140.0,120.0,,9.0,sbro,,,,,CARPENTER-R,EJACKSON-R,,,,,,,,
2010,2010-04-21,KAN,TOR,4.0,3.0,False,3|0|0|0|0|0|0|0|0,0|0|0|2|0|0|0|1|0,-107.0,-113.0,-107.0,-113.0,,7.5,sbro,,,,,ZGREINKE-R,SMARCUM-R,,,,,,,,
2010,2010-04-21,TEX,BOS,7.0,8.0,False,1|3|0|0|0|0|3|0|0,0|1|4|1|1|0|0|0|0,160.0,-180.0,175.0,-195.0,,8.5,sbro,,,,,MHARRISON-L,JBECKETT-R,,,,,,,,
2010,2010-04-21,CLE,MIN,0.0,6.0,False,0|0|0|0|0|0|0|0|0,0|3|0|0|0|1|0|2|x,149.0,-169.0,155.0,-175.0,,8.5,sbro,,,,,DHUFF-L,FLIRIANO-L,,,,,,,,
2010,2010-04-21,TAM,CWS,12.0,0.0,False,0|0|1|4|1|6|0|0|0,0|0|0|0|0|0|0|0|0,-110.0,-110.0,-111.0,-109.0,,8.0,sbro,,,,,WDAVIS-R,MBUEHRLE-L,,,,,,,,
2010,2010-04-21,NYY,OAK,3.0,1.0,False,0|0|0|2|0|0|0|0|1,0|0|0|0|0|0|0|1|0,-135.0,115.0,-155.0,135.0,,8.5,sbro,,,,,PHUGHES-R,BSHEETS-R,,,,,,,,
2010,2010-04-21,DET,LAA,4.0,3.0,False,0|0|0|0|1|1|0|0|2,3|0|0|0|0|0|0|0|0,144.0,-164.0,150.0,-170.0,,9.0,sbro,,,,,BONDERMAN-R,JERWEAVER-R,,,,,,,,
2010,2010-04-21,BAL,SEA,1.0,4.0,False,1|0|0|0|0|0|0|0|0,0|0|0|4|0|0|0|0|x,170.0,-190.0,170.0,-200.0,,7.0,sbro,,,,,KMILLWOOD-R,FHERNANDZ-R,,,,,,,,
2010,2010-04-22,MIL,PIT,20.0,0.0,False,0|1|3|3|3|0|6|0|4,0|0|0|0|0|0|0|0|0,-155.0,135.0,-170.0,150.0,,9.0,sbro,,,,,RWOLF-L,DMCCUTCHE-R,,,,,,,,
2010,2010-04-22,COL,WAS,2.0,0.0,False,0|1|0|0|0|0|1|0|0,0|0|0|0|0|0|0|0|0,-172.0,152.0,-167.0,147.0,,8.5,sbro,,,,,UJIMENEZ-R,LHERNADEZ-R,,,,,,,,
2010,2010-04-22,LOS,CIN,5.0,8.0,False,2|0|0|0|1|0|2|0|0,1|0|0|0|1|2|4|0|x,-106.0,-114.0,-120.0,100.0,,10.0,sbro,,,,,VPADILLA-R,MLEAKE-R,,,,,,,,
2010,2010-04-22,CUB,NYM,2.0,5.0,False,0|0|0|0|0|0|1|1|0,0|0|0|0|0|4|0|1|x,135.0,-155.0,145.0,-165.0,,7.0,sbro,,,,,GORZELANNY-L,JOSANTANA-L,,,,,,,,
2010,2010-04-22,PHI,ATL,8.0,3.0,False,2|0|3|0|0|1|2|0|0,0|0|0|0|2|0|1|0|0,114.0,-134.0,133.0,-153.0,,9.5,sbro,,,,,JMOYER-L,DLOWE-R,,,,,,,,
2010,2010-04-22,MIA,HOU,5.0,1.0,False,3|0|0|0|0|2|0|0|0,0|0|0|0|0|0|1|0|0,-127.0,107.0,-110.0,-110.0,,9.5,sbro,,,,,ASANCHEZ-R,FPAULINO-R,,,,,,,,
2010,2010-04-22,CLE,MIN,8.0,1.0,False,1|0|0|2|0|3|2|0|0,0|0|0|1|0|0|0|0|0,170.0,-200.0,170.0,-200.0,,9.0,sbro,,,,,MTALBOT-R,SBAKER-R,,,,,,,,
2010,2010-04-22,NYY,OAK,2.0,4.0,False,0|0|0|0|1|1|0|0|0,3|0|0|1|0|0|0|0|x,-162.0,142.0,-185.0,165.0,,7.5,sbro,,,,,CSABATHIA-L,DBRADEN-L,,,,,,,,
2010,2010-04-22,TEX,BOS,3.0,0.0,False,0|0|0|0|0|0|3|0|0,0|0|0|0|0|0|0|0|0,122.0,-142.0,130.0,-150.0,,9.0,sbro,,,,,CWILSON-L,CBUCHHOLZ-R,,,,,,,,
2010,2010-04-22,TAM,CWS,10.0,2.0,False,0|0|3|0|4|0|0|3|0,1|1|0|0|0|0|0|0|0,-108.0,-112.0,-110.0,-110.0,,8.0,sbro,,,,,JSHIELDS-R,JPEAVY-R,,,,,,,,
2010,2010-04-22,DET,LAA,5.0,4.0,False,2|1|2|0|0|0|0|0|0,2|0|1|0|1|0|0|0|0,-118.0,-102.0,-109.0,-111.0,,8.5,sbro,,,,,VERLANDER-R,JSAUNDERS-L,,,,,,,,
2010,2010-04-23,LOS,WAS,1.0,5.0,False,0|0|0|1|0|0|0|0|0,1|0|0|1|0|2|1|0|x,-134.0,114.0,-127.0,107.0,,10.0,sbro,,,,,CHAEGER-R,LATILANO-R,,,,,,,,
2010,2010-04-23,ATL,NYM,2.0,5.0,False,0|0|1|0|0|0|1|0|0,0|0|0|0|1|2|2|0|x,-130.0,110.0,-125.0,105.0,,8.5,sbro,,,,,KKAWAKAMI-R,JMAINE-R,,,,,,,,
2010,2010-04-23,SDG,CIN,10.0,4.0,False,0|4|0|6|0|0|0|0|0,0|0|0|0|0|2|0|0|2,-102.0,-118.0,111.0,-131.0,,8.0,sbro,,,,,KCORREIA-R,BARROYO-R,,,,,,,,
2010,2010-04-23,PIT,HOU,3.0,4.0,False,0|0|0|0|0|0|3|0|0,0|0|1|0|0|3|0|0|x,145.0,-165.0,138.0,-158.0,,7.5,sbro,,,,,PMAHOLM-L,ROSWALT-R,,,,,,,,
2010,2010-04-23,CUB,MIL,8.0,1.0,False,2|0|1|1|2|0|0|0|2,0|0|0|0|0|0|1|0|0,-110.0,-110.0,-114.0,-106.0,,9.0,sbro,,,,,RDEMPSTER-R,JSUPPAN-R,,,,,,,,
2010,2010-04-23,PHI,ARI,4.0,7.0,False,0|0|1|1|0|0|1|0|1,0|0|0|5|1|0|1|0|x,-170.0,150.0,-179.0,159.0,,10.5,sbro,,,,,CHAMELS-L,KBENSON-R,,,,,,,,
2010,2010-04-23,STL,SFO,1.0,4.0,False,0|0|0|0|0|1|0|0|0,1|0|2|0|1|0|0|0|x,145.0,-165.0,135.0,-155.0,,6.5,sbro,,,,,JGARCIA-L,TLINCECUM-R,,,,,,,,
2010,2010-04-23,TOR,TAM,6.0,5.0,False,4|0|0|1|0|1|0|0|0,0|0|0|0|1|1|2|1|0,200.0,-230.0,200.0,-240.0,,8.5,sbro,,,,,BCECIL-L,MGARZA-R,,,,,,,,
2010,2010-04-23,BAL,BOS,3.0,4.0,False,0|0|0|0|0|0|2|1|0,0|1|1|0|1|0|0|1|x,185.0,-215.0,200.0,-230.0,,8.5,sbro,,,,,JGUTHRIE-R,JLESTER-L,,,,,,,,
2010,2010-04-23,DET,TEX,4.0,5.0,False,0|0|0|0|2|0|0|0|2,2|0|0|1|1|0|0|0|1,100.0,-120.0,101.0,-121.0,,9.0,sbro,,,,,MSCHERZER-R,RHARDEN-R,,,,,,,,
2010,2010-04-23,MIN,KAN,8.0,3.0,False,2|0|1|1|1|0|0|1|2,0|0|1|0|0|1|0|1|0,-145.0,125.0,-128.0,108.0,,10.0,sbro,,,,,CPAVANO-R,GMECHE-R,,,,,,,,
2010,2010-04-23,SEA,CWS,6.0,7.0,False,0|0|2|0|0|0|4|0|0,1|1|1|0|0|2|1|0|1,105.0,-125.0,130.0,-150.0,,8.5,sbro,,,,,RWLND-SMTH-L,GFLOYD-R,,,,,,,,
2010,2010-04-23,CLE,OAK,0.0,10.0,False,0|0|0|0|0|0|0|0|0,0|0|0|1|0|3|0|6|x,135.0,-155.0,130.0,-150.0,,7.5,sbro,,,,,WESTBROOK-R,DUCHSHERER-R,,,,,,,,
2010,2010-04-23,NYY,LAA,4.0,6.0,False,0|0|3|1|0|0|0|0|0,1|0|3|0|0|0|0|2|x,-130.0,110.0,-135.0,115.0,,9.5,sbro,,,,,ABURNETT-R,ESANTANA-R,,,,,,,,
2010,2010-04-24,LOS,WAS,4.0,3.0,False,0|2|0|0|0|0|1|0|0,1|0|0|0|0|1|0|1|0,-151.0,131.0,-170.0,150.0,,9.0,sbro,,,,,CKERSHAW-L,CSTAMMEN-R,,,,,,,,
2010,2010-04-24,ATL,NYM,1.0,3.0,False,0|0|0|0|0|1|0|0|0,0|0|0|0|0|1|2|0|x,-135.0,115.0,-130.0,110.0,,8.5,sbro,,,,,JJURRJENS-R,JNIESE-L,,,,,,,,
2010,2010-04-24,SDG,CIN,5.0,0.0,False,1|0|0|2|0|2|0|0|0,0|0|0|0|0|0|0|0|0,110.0,-130.0,-106.0,-114.0,,9.0,sbro,,,,,WLEBLANC-L,JCUETO-R,,,,,,,,
2010,2010-04-24,PIT,HOU,2.0,5.0,False,0|0|1|0|0|0|1|0|0,2|0|0|1|2|0|0|x|x,135.0,-155.0,160.0,-180.0,,9.0,sbro,,,,,CJAKUBAUS-R,WRODRIGEZ-L,,,,,,,,
2010,2010-04-24,CUB,MIL,5.0,1.0,False,0|0|1|0|0|1|0|3|0,0|0|0|0|0|0|0|1|0,-109.0,-111.0,-110.0,-110.0,,9.0,sbro,,,,,TLILLY-L,DDAVIS-L,,,,,,,,
2010,2010-04-24,PHI,ARI,3.0,2.0,False,0|1|0|0|0|0|1|0|1,0|0|0|0|2|0|0|0|0,-117.0,-103.0,-111.0,-109.0,,11.0,sbro,,,,,NFIGUEROA-R,IKENNEDY-R,,,,,,,,
2010,2010-04-24,MIA,COL,1.0,8.0,False,0|0|0|0|0|1|0|0|0,2|0|3|0|0|2|0|1|x,135.0,-155.0,130.0,-150.0,,10.0,sbro,,,,,ROBERTSON-L,ACOOK-R,,,,,,,,
2010,2010-04-24,STL,SFO,0.0,2.0,False,0|0|0|0|0|0|0|0|0,0|0|0|0|0|0|0|2|x,-145.0,125.0,-160.0,140.0,,7.0,sbro,,,,,WAINWRIGHT-R,BZITO-L,,,,,,,,
2010,2010-04-24,CLE,OAK,6.0,1.0,False,0|0|0|0|0|1|0|2|3,0|0|1|0|0|0|0|0|0,121.0,-141.0,153.0,-173.0,,7.5,sbro,,,,,FCARMONA-R,BANDERSON-L,,,,,,,,
2010,2010-04-24,SEA,CWS,4.0,5.0,False,0|0|0|1|0|0|1|0|2,0|0|0|0|2|0|0|0|3,-106.0,-114.0,-108.0,-112.0,,8.5,sbro,,,,,DFISTER-R,FGARCIA-R,,,,,,,,
2010,2010-04-24,NYY,LAA,7.0,1.0,False,0|1|0|3|2|0|1|0|0,0|0|0|0|0|1|0|0|0,-108.0,-112.0,-132.0,112.0,,9.5,sbro,,,,,APETTITTE-L,JPINEIRO-R,,,,,,,,
2010,2010-04-24,TOR,TAM,3.0,9.0,False,0|0|0|0|1|2|0|0|0,0|0|0|0|2|0|0|7|x,115.0,-135.0,132.0,-152.0,,8.5,sbro,,,,,RROMERO-L,JNIEMANN-R,,,,,,,,
2010,2010-04-24,BAL,BOS,6.0,7.0,False,0|2|0|0|0|1|0|0|3,0|0|0|0|1|0|6|0|x,190.0,-220.0,154.0,-174.0,,8.5,sbro,,,,,BMATUSZ-L,JLACKEY-R,,,,,,,,
2010,2010-04-24,MIN,KAN,9.0,7.0,False,0|0|1|2|1|0|2|0|0,2|2|1|0|1|0|0|0|0,-122.0,102.0,-112.0,-108.0,,10.0,sbro,,,,,NBLACKBUR-R,LHOCHEVAR-R,,,,,,,,
2010,2010-04-24,DET,TEX,8.0,4.0,False,0|0|3|5|0|0|0|0|0,2|2|0|0|0|0|0|0|0,145.0,-165.0,163.0,-183.0,,9.5,sbro,,,,,BTHOMAS-L,SFELDMAN-R,,,,,,,,
2010,2010-04-24,MIA,COL,4.0,1.0,False,0|1|2|0|0|1|0|0|0,0|0|0|1|0|0|0|0|0,-108.0,-112.0,-104.0,-116.0,,10.0,sbro,,,,,RNOLASCO-R,GSMITH-L,,,,,,,,
2010,2010-04-25,SDG,CIN,4.0,5.0,False,0|0|0|2|0|2|0|0|0,0|0|0|2|0|1|0|2|x,-108.0,-112.0,-113.0,-107.0,,9.0,sbro,,,,,CRICHARD-L,HBAILEY-R,,,,,,,,
2010,2010-04-25,LOS,WAS,0.0,1.0,False,0|0|0|0|0|0|0|0|0,1|0|0|0|0|0|0|0|x,-145.0,125.0,-150.0,130.0,,9.5,sbro,,,,,BILLNGSLEY-R,SOLSEN-L,,,,,,,,
2010,2010-04-25,PIT,HOU,3.0,10.0,False,0|1|0|0|0|1|0|1|0,0|2|3|3|0|0|2|0|x,155.0,-175.0,130.0,-150.0,,9.0,sbro,,,,,CMORTON-R,BMYERS-R,,,,,,,,
2010,2010-04-25,CUB,MIL,12.0,2.0,False,3|2|1|3|2|0|1|0|0,0|0|0|1|0|0|1|0|0,-106.0,-114.0,100.0,-120.0,,8.5,sbro,,,,,RWELLS-R,DBUSH-R,,,,,,,,
2010,2010-04-25,MIA,COL,4.0,8.0,False,0|0|0|0|2|0|1|1|0,0|1|0|3|4|0|0|0|x,151.0,-171.0,135.0,-155.0,,9.5,sbro,,,,,CVOLSTAD-R,DELAROSA-L,,,,,,,,
2010,2010-04-25,STL,SFO,2.0,0.0,False,1|0|0|1|0|0|0|0|0,0|0|0|0|0|0|0|0|0,101.0,-121.0,-116.0,-104.0,,7.5,sbro,,,,,BPENNY-R,MCAIN-R,,,,,,,,
2010,2010-04-25,PHI,ARI,6.0,8.0,False,2|0|0|0|1|3|0|0|0,0|0|0|0|5|0|1|2|x,-114.0,-106.0,-108.0,-112.0,,11.0,sbro,,,,,KKENDRICK-R,RLOPEZ-R,,,,,,,,
2010,2010-04-25,ATL,NYM,0.0,1.0,False,0|0|0|0|0|0|x|x|x,1|0|0|0|0|x|x|x|x,-122.0,102.0,-116.0,-104.0,,7.0,sbro,,,,,THANSON-R,MPELFREY-R,,,,,,,,
2010,2010-04-25,BAL,BOS,7.0,6.0,False,0|1|0|0|0|0|3|0|0,0|0|0|0|0|4|0|0|0,140.0,-160.0,137.0,-157.0,,10.5,sbro,,,,,DHERNANDZ-R,WAKEFIELD-R,,,,,,,,
2010,2010-04-25,TOR,TAM,0.0,6.0,False,0|0|0|0|0|0|0|0|0,0|0|0|0|2|0|0|4|x,190.0,-220.0,170.0,-200.0,,8.5,sbro,,,,,BMORROW-R,DPRICE-L,,,,,,,,
2010,2010-04-25,SEA,CWS,2.0,3.0,False,0|0|0|1|1|0|0|0|0,1|0|0|0|0|1|0|1|x,130.0,-150.0,150.0,-170.0,,8.0,sbro,,,,,JVARGAS-L,JDANKS-L,,,,,,,,
2010,2010-04-25,MIN,KAN,3.0,4.0,False,0|2|0|0|0|0|0|0|1,1|0|0|1|1|1|0|0|x,-128.0,108.0,-138.0,118.0,,9.0,sbro,,,,,KSLOWEY-R,BBANNISTR-R,,,,,,,,
2010,2010-04-25,DET,TEX,4.0,8.0,False,3|1|0|0|0|0|0|0|0,2|4|0|0|2|0|0|0|x,106.0,-126.0,130.0,-150.0,,9.5,sbro,,,,,RPORCELLO-R,CLEWIS-R,,,,,,,,
2010,2010-04-25,NYY,LAA,4.0,8.0,False,0|3|0|0|0|1|0|0|0,0|0|1|4|0|0|3|0|x,-135.0,115.0,-120.0,100.0,,9.5,sbro,,,,,JVAZQUEZ-R,SKAZMIR-L,,,,,,,,
2010,2010-04-25,CLE,OAK,0.0,11.0,False,0|0|0|0|0|0|0|0|0,2|0|1|1|4|0|3|0|x,-105.0,-115.0,117.0,-137.0,,8.5,sbro,,,,,MASTERSON-R,GGONZALEZ-L,,,,,,,,
2010,2010-04-26,SDG,MIA,1.0,10.0,False,0|0|0|0|0|0|0|1|0,1|2|4|2|0|1|0|0|x,129.0,-149.0,139.0,-159.0,,8.0,sbro,,,,,MLATOS-R,JJOHNSON-R,,,,,,,,
2010,2010-04-26,WAS,CUB,3.0,4.0,False,0|0|0|2|0|1|0|0|0,0|2|1|0|0|0|0|0|0,140.0,-160.0,135.0,-155.0,,8.0,sbro,,,,,JLANNAN-L,CSILVA-R,,,,,,,,
2010,2010-04-26,PIT,MIL,3.0,17.0,False,0|0|0|2|0|0|0|0|1,0|2|5|1|0|0|0|9|x,180.0,-210.0,180.0,-210.0,,8.5,sbro,,,,,ZDUKE-L,YGALLARDO-R,,,,,,,,
2010,2010-04-26,ATL,STL,3.0,4.0,False,0|0|2|1|0|0|0|0|0,0|0|0|0|0|1|2|1|x,102.0,-122.0,-110.0,-110.0,,8.0,sbro,,,,,THUDSON-R,KLOHSE-R,,,,,,,,
2010,2010-04-26,ARI,COL,5.0,3.0,False,3|2|0|0|0|0|0|0|0,1|0|0|0|0|0|0|1|1,-112.0,-108.0,-110.0,-110.0,,9.0,sbro,,,,,DHAREN-R,JHAMMEL-R,,,,,,,,
2010,2010-04-26,PHI,SFO,1.0,5.0,False,0|0|0|0|1|0|0|0|0,2|1|0|0|0|1|1|0|x,-165.0,145.0,-148.0,128.0,,6.5,sbro,,,,,RHALLADAY-R,JSANCHEZ-L,,,,,,,,
2010,2010-04-26,BOS,TOR,13.0,12.0,False,1|0|4|3|1|4|0|0|0,0|0|6|2|1|1|0|2|0,-138.0,118.0,-140.0,120.0,,9.0,sbro,,,,,JBECKETT-R,DEVELAND-L,,,,,,,,
2010,2010-04-26,DET,TEX,8.0,6.0,False,4|0|0|0|2|0|0|0|2,0|0|0|1|1|2|2|0|0,125.0,-145.0,113.0,-133.0,,10.0,sbro,,,,,BONDERMAN-R,MHARRISON-L,,,,,,,,
2010,2010-04-26,SEA,KAN,1.0,3.0,False,0|0|0|0|0|0|0|0|1,1|0|0|1|0|0|1|0|x,-180.0,160.0,-165.0,145.0,,7.5,sbro,,,,,FHERNANDZ-R,KDAVIES-R,,,,,,,,
2010,2010-04-26,CLE,LAA,2.0,5.0,False,0|1|0|0|0|0|0|1|0,3|0|0|0|0|2|0|0|x,155.0,-175.0,175.0,-195.0,,8.5,sbro,,,,,DHUFF-L,JERWEAVER-R,,,,,,,,
2010,2010-04-27,LOS,NYM,5.0,10.0,False,0|0|0|3|0|0|1|0|1,3|0|0|0|3|4|0|0|x,140.0,-160.0,-112.0,-108.0,,9.0,sbro,,,,,CHAEGER-R,OLPEREZ-L,,,,,,,,
2010,2010-04-27,SDG,MIA,4.0,1.0,False,0|1|1|0|0|0|2|0|0,0|0|0|0|0|1|0|0|0,104.0,-124.0,109.0,-129.0,,9.0,sbro,,,,,JGARLAND-R,ASANCHEZ-R,,,,,,,,
2010,2010-04-27,WAS,CUB,3.0,1.0,False,2|0|0|0|0|0|0|1|0,0|1|0|0|0|0|0|0|0,135.0,-155.0,140.0,-160.0,,8.0,sbro,,,,,LHERNADEZ-R,GORZELANNY-L,,,,,,,,
2010,2010-04-27,CIN,HOU,6.0,2.0,False,0|2|0|0|0|3|0|1|0,1|0|0|0|0|1|0|0|0,-105.0,-115.0,112.0,-132.0,,9.0,sbro,,,,,AHARANG-R,BNORRIS-R,,,,,,,,
2010,2010-04-27,PIT,MIL,7.0,3.0,False,0|1|0|1|0|0|0|0|5,0|0|1|0|0|0|1|1|0,200.0,-240.0,200.0,-230.0,,9.0,sbro,,,,,JKARSTENS-R,RWOLF-L,,,,,,,,
2010,2010-04-27,ATL,STL,4.0,5.0,False,0|2|0|0|0|0|2|0|0,0|0|0|1|0|4|0|0|x,150.0,-170.0,156.0,-176.0,,7.5,sbro,,,,,DLOWE-R,CARPENTER-R,,,,,,,,
2010,2010-04-27,ARI,COL,1.0,12.0,False,0|0|0|0|0|0|0|1|0,3|4|4|0|1|0|0|0|x,172.0,-192.0,180.0,-210.0,,8.5,sbro,,,,,EJACKSON-R,UJIMENEZ-R,,,,,,,,
2010,2010-04-27,PHI,SFO,2.0,6.0,False,0|1|0|0|0|0|0|1|0,0|2|0|0|2|0|2|0|x,-113.0,-107.0,-143.0,123.0,,9.5,sbro,,,,,JMOYER-L,WELLEMEYER-R,,,,,,,,
2010,2010-04-27,BOS,TOR,2.0,1.0,False,0|1|0|0|0|0|0|1|0,1|0|0|0|0|0|0|0|0,-108.0,-112.0,-105.0,-105.0,,8.5,sbro,,,,,CBUCHHOLZ-R,SMARCUM-R,,,,,,,,
2010,2010-04-27,MIN,DET,2.0,0.0,False,0|0|0|0|0|1|1|0|0,0|0|0|0|0|0|0|0|0,110.0,-130.0,-110.0,-110.0,,8.5,sbro,,,,,FLIRIANO-L,VERLANDER-R,,,,,,,,
2010,2010-04-27,NYY,BAL,4.0,5.0,False,0|0|1|1|0|0|0|0|2,0|1|0|0|0|3|0|1|x,-150.0,130.0,-183.0,163.0,,9.0,sbro,,,,,PHUGHES-R,KMILLWOOD-R,,,,,,,,
2010,2010-04-27,OAK,TAM,6.0,8.0,False,0|0|4|0|0|1|0|1|0,0|4|3|1|0|0|0|0|x,135.0,-155.0,156.0,-176.0,,8.5,sbro,,,,,BSHEETS-R,WDAVIS-R,,,,,,,,
2010,2010-04-27,CWS,TEX,2.0,4.0,False,0|0|0|0|1|1|0|0|0,0|1|0|2|0|1|0|0|x,-102.0,-118.0,117.0,-137.0,,9.0,sbro,,,,,MBUEHRLE-L,CWILSON-L,,,,,,,,
2010,2010-04-27,SEA,KAN,3.0,2.0,False,0|0|0|0|0|0|0|3|0,0|0|0|1|1|0|0|0|0,145.0,-165.0,170.0,-200.0,,7.5,sbro,,,,,ISNELL-R,ZGREINKE-R,,,,,,,,
2010,2010-04-27,CLE,LAA,9.0,2.0,False,0|0|2|0|1|1|0|4|1,0|0|1|0|0|0|0|0|1,135.0,-155.0,133.0,-153.0,,9.5,sbro,,,,,MTALBOT-R,JSAUNDERS-L,,,,,,,,
2010,2010-04-27,LOS,NYM,0.0,4.0,False,0|0|0|0|0|0|0|0|0,0|1|0|1|0|0|2|0|x,120.0,-140.0,119.0,-139.0,,7.0,sbro,,,,,HKURODA-R,JOSANTANA-L,,,,,,,,
2010,2010-04-28,SDG,MIA,6.0,4.0,False,0|0|0|0|5|0|0|1|0,2|1|1|0|0|0|0|0|0,-105.0,-115.0,-136.0,116.0,,8.5,sbro,,,,,KCORREIA-R,ROBERTSON-L,,,,,,,,
2010,2010-04-28,PIT,MIL,6.0,5.0,False,3|0|0|0|0|0|0|0|1,3|0|0|1|0|0|0|0|0,116.0,-136.0,131.0,-151.0,,9.5,sbro,,,,,PMAHOLM-L,CNARVESON-L,,,,,,,,
2010,2010-04-28,LOS,NYM,3.0,7.0,False,0|0|1|0|2|0|0|0|0,0|4|1|0|0|0|2|0|x,-106.0,-114.0,-106.0,-114.0,,9.0,sbro,,,,,JELY-R,JMAINE-R,,,,,,,,
2010,2010-04-28,WAS,CUB,3.0,2.0,False,1|1|0|1|0|0|0|0|0,1|1|0|0|0|0|0|0|0,180.0,-210.0,170.0,-200.0,,8.0,sbro,,,,,LATILANO-R,RDEMPSTER-R,,,,,,,,
2010,2010-04-28,ARI,COL,12.0,11.0,False,6|0|0|0|3|0|0|2|0,0|1|6|4|0|0|0|0|0,135.0,-155.0,128.0,-148.0,,11.0,sbro,,,,,KBENSON-R,GSMITH-L,,,,,,,,
2010,2010-04-28,PHI,SFO,7.0,6.0,False,0|0|0|0|1|0|0|0|3,0|0|0|0|1|3|0|0|0,134.0,-154.0,127.0,-147.0,,7.0,sbro,,,,,CHAMELS-L,TLINCECUM-R,,,,,,,,
2010,2010-04-28,CIN,HOU,6.0,4.0,False,1|0|1|4|0|0|0|0|0,0|0|0|0|1|0|0|0|3,-102.0,-118.0,-105.0,-105.0,,9.0,sbro,,,,,MLEAKE-R,FPAULINO-R,,,,,,,,
2010,2010-04-28,ATL,STL,0.0,6.0,False,0|0|0|0|0|0|0|0|0,2|0|1|0|3|0|0|0|x,124.0,-144.0,132.0,-152.0,,8.5,sbro,,,,,KKAWAKAMI-R,JGARCIA-L,,,,,,,,
2010,2010-04-28,SEA,KAN,6.0,5.0,False,0|1|0|0|3|1|0|1|0,1|0|0|0|0|4|0|0|0,-110.0,-110.0,-117.0,-103.0,,9.5,sbro,,,,,RWLND-SMTH-L,GMECHE-R,,,,,,,,
2010,2010-04-28,MIN,DET,6.0,11.0,False,2|0|1|3|0|0|0|0|0,1|0|0|4|0|6|0|0|x,-114.0,-106.0,-108.0,-112.0,,8.5,sbro,,,,,SBAKER-R,MSCHERZER-R,,,,,,,,
2010,2010-04-28,CLE,LAA,3.0,4.0,False,0|1|0|0|0|2|0|0|0,0|0|0|0|0|3|0|0|1,132.0,-152.0,149.0,-169.0,,9.0,sbro,,,,,WESTBROOK-R,ESANTANA-R,,,,,,,,
2010,2010-04-28,NYY,BAL,8.0,3.0,False,2|3|1|0|1|1|0|0|0,0|0|1|0|0|1|1|0|0,-200.0,170.0,-250.0,210.0,,8.5,sbro,,,,,CSABATHIA-L,JGUTHRIE-R,,,,,,,,
2010,2010-04-28,BOS,TOR,2.0,0.0,False,0|0|0|0|0|1|1|0|0,0|0|0|0|0|0|0|0|0,-157.0,137.0,-146.0,126.0,,8.5,sbro,,,,,JLESTER-L,BCECIL-L,,,,,,,,
2010,2010-04-28,OAK,TAM,3.0,10.0,False,1|0|0|1|0|0|0|0|1,0|2|0|0|6|2|0|0|x,138.0,-158.0,135.0,-155.0,,8.5,sbro,,,,,DBRADEN-L,JSHIELDS-R,,,,,,,,
2010,2010-04-28,CWS,TEX,5.0,6.0,False,0|0|0|0|0|3|0|0|2,5|0|0|0|0|0|1|0|x,-102.0,-118.0,100.0,-120.0,,9.0,sbro,,,,,JPEAVY-R,RHARDEN-R,,,,,,,,
2010,2010-04-29,ATL,STL,4.0,10.0,False,0|0|0|1|0|2|1|0|0,3|0|0|1|4|1|1|0|x,170.0,-200.0,141.0,-161.0,,7.0,sbro,,,,,JJURRJENS-R,WAINWRIGHT-R,,,,,,,,
2010,2010-04-29,ARI,CUB,13.0,5.0,False,0|0|0|5|1|0|7|0|0,0|0|1|0|0|0|0|4|0,134.0,-154.0,135.0,-155.0,,13.0,sbro,,,,,IKENNEDY-R,TLILLY-L,,,,,,,,
2010,2010-04-29,CIN,HOU,4.0,2.0,False,0|0|0|0|1|0|2|1|0,0|0|0|0|0|0|2|0|0,150.0,-170.0,145.0,-165.0,,7.5,sbro,,,,,BARROYO-R,ROSWALT-R,,,,,,,,
2010,2010-04-29,MIL,SDG,0.0,9.0,False,0|0|0|0|0|0|0|0|0,0|0|0|4|5|0|0|0|x,112.0,-132.0,117.0,-137.0,,7.5,sbro,,,,,DDAVIS-L,WLEBLANC-L,,,,,,,,
2010,2010-04-29,PIT,LOS,2.0,0.0,False,2|0|0|0|0|0|0|0|0,0|0|0|0|0|0|0|0|0,189.0,-219.0,250.0,-300.0,,8.5,sbro,,,,,BBURRES-L,CKERSHAW-L,,,,,,,,
2010,2010-04-29,MIN,DET,0.0,3.0,False,0|0|0|0|0|0|0|0|0,1|0|0|0|1|0|0|1|x,-145.0,125.0,-128.0,108.0,,9.5,sbro,,,,,CPAVANO-R,DWILLIS-L,,,,,,,,
2010,2010-04-29,CWS,TEX,7.0,5.0,False,0|0|0|1|0|0|3|1|2,0|0|2|1|0|0|0|0|2,110.0,-130.0,101.0,-121.0,,9.0,sbro,,,,,GFLOYD-R,SFELDMAN-R,,,,,,,,
2010,2010-04-29,NYY,BAL,4.0,0.0,False,1|0|0|1|0|1|0|1|0,0|0|0|0|0|0|0|0|0,-190.0,170.0,-152.0,132.0,,8.5,sbro,,,,,ABURNETT-R,BMATUSZ-L,,,,,,,,
2010,2010-04-29,OAK,TOR,3.0,6.0,False,1|0|2|0|0|0|0|0|0,0|0|2|3|0|1|0|0|x,115.0,-135.0,138.0,-158.0,,7.5,sbro,,,,,DUCHSHERER-R,RROMERO-L,,,,,,,,
2010,2010-04-29,KAN,TAM,1.0,11.0,False,0|0|0|1|0|0|0|0|0,0|5|4|1|0|0|1|0|x,200.0,-240.0,200.0,-240.0,,8.5,sbro,,,,,LHOCHEVAR-R,MGARZA-R,,,,,,,,
2010,2010-04-30,ARI,CUB,5.0,11.0,False,0|0|0|3|1|0|1|0|0,0|0|0|1|1|4|3|2|x,135.0,-155.0,140.0,-160.0,,14.5,sbro,,,,,RLOPEZ-R,RWELLS-R,,,,,,,,
2010,2010-04-30,NYM,PHI,9.0,1.0,False,0|3|0|0|1|0|4|0|1,0|1|0|0|0|0|0|0|0,130.0,-150.0,115.0,-135.0,,10.5,sbro,,,,,JNIESE-L,KKENDRICK-R,,,,,,,,
2010,2010-04-30,WAS,MIA,7.0,1.0,False,2|0|2|1|0|0|0|0|2,0|0|0|0|0|0|1|0|0,190.0,-220.0,180.0,-210.0,,8.5,sbro,,,,,SOLSEN-L,RNOLASCO-R,,,,,,,,
2010,2010-04-30,HOU,ATL,2.0,4.0,False,0|2|0|0|0|0|0|0|0,2|0|2|0|0|0|0|0|x,170.0,-200.0,180.0,-210.0,,8.0,sbro,,,,,BMYERS-R,THANSON-R,,,,,,,,
2010,2010-04-30,CIN,STL,3.0,2.0,False,0|0|0|1|0|2|0|0|0,0|0|2|0|0|0|0|0|0,170.0,-190.0,170.0,-200.0,,8.0,sbro,,,,,JCUETO-R,BPENNY-R,,,,,,,,
2010,2010-04-30,MIL,SDG,0.0,3.0,False,0|0|0|0|0|0|0|0|0,0|0|1|0|0|0|2|0|x,-104.0,-116.0,114.0,-134.0,,7.5,sbro,,,,,DBUSH-R,CRICHARD-L,,,,,,,,
2010,2010-04-30,PIT,LOS,2.0,6.0,False,1|0|0|1|0|0|0|0|0,2|0|3|0|0|1|0|0|x,215.0,-255.0,220.0,-260.0,,8.5,sbro,,,,,CMORTON-R,BILLNGSLEY-R,,,,,,,,
2010,2010-04-30,COL,SFO,2.0,5.0,False,1|0|0|0|1|0|0|0|0,0|0|0|2|3|0|0|0|x,104.0,-124.0,113.0,-133.0,,7.5,sbro,,,,,ACOOK-R,BZITO-L,,,,,,,,
2010,2010-04-30,CWS,NYY,4.0,6.0,False,3|1|0|0|0|0|0|0|0,2|0|0|0|2|0|2|0|x,195.0,-225.0,210.0,-250.0,,9.5,sbro,,,,,FGARCIA-R,APETTITTE-L,,,,,,,,
2010,2010-04-30,MIN,CLE,9.0,3.0,False,2|3|0|0|1|0|2|0|1,0|0|0|0|3|0|0|0|0,100.0,-120.0,-114.0,-106.0,,9.0,sbro,,,,,KSLOWEY-R,FCARMONA-R,,,,,,,,
2010,2010-04-30,OAK,TOR,2.0,10.0,False,1|0|0|1|0|0|0|0|0,0|3|0|2|2|3|0|0|x,113.0,-133.0,105.0,-125.0,,9.0,sbro,,,,,TCAHILL-R,BMORROW-R,,,,,,,,
2010,2010-04-30,BOS,BAL,4.0,5.0,False,0|1|0|0|0|1|1|1|0,2|0|0|1|0|0|0|1|0,-152.0,132.0,-155.0,135.0,,9.0,sbro,,,,,JLACKEY-R,DHERNANDZ-R,,,,,,,,
2010,2010-04-30,LAA,DET,6.0,10.0,False,1|0|3|0|0|1|0|1|0,2|0|0|8|0|0|0|0|x,-117.0,-103.0,-110.0,-110.0,,9.0,sbro,,,,,JPINEIRO-R,RPORCELLO-R,,,,,,,,
2010,2010-04-30,KAN,TAM,3.0,2.0,False,0|0|0|0|0|0|1|0|2,0|1|0|0|0|0|0|0|1,175.0,-205.0,220.0,-260.0,,9.5,sbro,,,,,BBANNISTR-R,JNIEMANN-R,,,,,,,,
2010,2010-04-30,TEX,SEA,2.0,0.0,False,0|0|0|0|0|0|0|0|0,0|0|0|0|0|0|0|0|0,128.0,-148.0,113.0,-133.0,,7.0,sbro,,,,,CLEWIS-R,CLEE-L,,,,,,,,
2010,2010-05-01,ARI,CUB,5.0,7.0,False,0|0|1|1|3|0|0|0|0,0|0|1|1|1|0|2|2|x,-106.0,-114.0,-113.0,-107.0,,11.0,sbro,,,,,DHAREN-R,CSILVA-R,,,,,,,,
2010,2010-05-01,CIN,STL,3.0,6.0,False,0|0|0|0|0|0|1|2|0,0|0|0|1|0|0|2|3|x,150.0,-170.0,137.0,-157.0,,9.0,sbro,,,,,HBAILEY-R,KLOHSE-R,,,,,,,,
2010,2010-05-01,HOU,ATL,1.0,10.0,False,1|0|0|0|0|0|0|0|0,0|0|2|0|3|1|4|0|x,170.0,-190.0,135.0,-155.0,,8.0,sbro,,,,,WRODRIGEZ-L,THUDSON-R,,,,,,,,
2010,2010-05-01,NYM,PHI,0.0,10.0,False,0|0|0|0|0|0|0|0|0,0|0|0|6|2|0|2|0|x,170.0,-200.0,190.0,-220.0,,7.5,sbro,,,,,MPELFREY-R,RHALLADAY-R,,,,,,,,
2010,2010-05-01,COL,SFO,1.0,6.0,False,0|0|0|0|0|0|0|0|1,0|4|1|0|0|0|0|1|x,127.0,-147.0,129.0,-149.0,,8.0,sbro,,,,,EROGERS-R,MCAIN-R,,,,,,,,
2010,2010-05-01,WAS,MIA,1.0,7.0,False,0|1|0|0|0|0|0|0|0,0|0|1|2|2|0|2|0|x,144.0,-164.0,124.0,-144.0,,9.5,sbro,,,,,CSTAMMEN-R,CVOLSTAD-R,,,,,,,,
2010,2010-05-01,MIL,SDG,2.0,1.0,False,0|0|1|0|1|0|0|0|0,0|0|1|0|0|0|0|0|0,-124.0,104.0,-123.0,103.0,,7.0,sbro,,,,,YGALLARDO-R,MLATOS-R,,,,,,,,
2010,2010-05-01,PIT,LOS,1.0,5.0,False,1|0|0|0|0|0|0|0|0,0|0|3|1|0|0|1|0|x,152.0,-172.0,150.0,-170.0,,9.0,sbro,,,,,ZDUKE-L,CMONASTER-R,,,,,,,,
2010,2010-05-01,CWS,NYY,7.0,6.0,False,1|1|1|2|0|0|2|0|0,0|0|1|0|1|4|0|0|0,134.0,-154.0,130.0,-150.0,,9.0,sbro,,,,,JDANKS-L,JVAZQUEZ-R,,,,,,,,
2010,2010-05-01,OAK,TOR,4.0,3.0,False,0|1|0|3|0|0|0|0|0,0|0|0|1|0|0|2|0|0,-102.0,-118.0,-112.0,-108.0,,9.0,sbro,,,,,GGONZALEZ-L,DEVELAND-L,,,,,,,,
2010,2010-05-01,LAA,DET,2.0,3.0,False,0|0|0|1|1|0|0|0|0,1|0|0|0|1|0|0|0|1,-106.0,-114.0,-104.0,-116.0,,9.5,sbro,,,,,SKAZMIR-L,BONDERMAN-R,,,,,,,,
2010,2010-05-01,TEX,SEA,6.0,3.0,False,0|3|0|0|2|0|0|1|0,0|0|2|0|1|0|0|0|0,190.0,-220.0,180.0,-210.0,,7.0,sbro,,,,,MHARRISON-L,FHERNANDZ-R,,,,,,,,
2010,2010-05-01,KAN,TAM,4.0,2.0,False,0|2|0|0|0|0|0|0|0,0|1|1|0|0|0|0|0|0,210.0,-250.0,250.0,-290.0,,9.0,sbro,,,,,KDAVIES-R,DPRICE-L,,,,,,,,
2010,2010-05-01,BOS,BAL,9.0,12.0,False,0|1|1|2|0|0|4|1|0,1|0|0|0|6|4|1|0|x,-161.0,141.0,-158.0,138.0,,10.0,sbro,,,,,DMATSUZAK-R,BBERGESEN-R,,,,,,,,
2010,2010-05-01,MIN,CLE,4.0,5.0,False,2|1|0|0|0|0|0|1|0,0|1|1|0|0|0|0|2|0,-112.0,-108.0,-112.0,-108.0,,10.0,sbro,,,,,JMANSHIP-R,MASTERSON-R,,,,,,,,
2010,2010-05-02,WAS,MIA,3.0,9.0,False,0|2|0|0|0|0|0|1|0,0|0|4|0|2|1|0|2|x,170.0,-200.0,180.0,-210.0,,8.5,sbro,,,,,JLANNAN-L,JJOHNSON-R,,,,,,,,
2010,2010-05-02,HOU,ATL,1.0,7.0,False,0|0|0|0|1|0|0|0|0,0|1|0|3|3|0|0|0|x,150.0,-170.0,150.0,-170.0,,9.0,sbro,,,,,BNORRIS-R,DLOWE-R,,,,,,,,
2010,2010-05-02,CIN,STL,0.0,6.0,False,0|0|0|0|0|0|0|0|0,0|1|1|0|1|0|3|0|x,201.0,-241.0,200.0,-230.0,,7.5,sbro,,,,,AHARANG-R,CARPENTER-R,,,,,,,,
2010,2010-05-02,ARI,CUB,5.0,10.0,False,0|0|0|2|0|0|0|0|3,4|0|3|1|2|0|0|0|x,123.0,-143.0,113.0,-133.0,,10.0,sbro,,,,,EJACKSON-R,GORZELANNY-L,,,,,,,,
2010,2010-05-02,MIL,SDG,0.0,8.0,False,0|0|0|0|0|0|0|0|0,0|0|2|0|2|0|1|3|x,-120.0,100.0,-108.0,-112.0,,7.0,sbro,,,,,RWOLF-L,JGARLAND-R,,,,,,,,
2010,2010-05-02,COL,SFO,4.0,1.0,False,0|0|0|1|3|0|0|0|0,0|0|0|0|0|0|0|0|1,155.0,-175.0,128.0,-148.0,,8.0,sbro,,,,,JCHACIN-R,JSANCHEZ-L,,,,,,,,
2010,2010-05-02,PIT,LOS,3.0,9.0,False,0|0|0|1|0|0|0|0|2,0|2|1|0|3|0|2|1|x,200.0,-230.0,210.0,-250.0,,8.5,sbro,,,,,JKARSTENS-R,HKURODA-R,,,,,,,,
2010,2010-05-02,NYM,PHI,5.0,11.0,False,3|0|0|2|0|0|0|0|0,2|0|0|9|0|0|0|0|x,-136.0,116.0,-134.0,114.0,,9.0,sbro,,,,,JOSANTANA-L,JMOYER-L,,,,,,,,
2010,2010-05-02,MIN,CLE,8.0,3.0,False,2|0|0|0|2|0|2|0|2,2|0|0|0|1|0|0|0|0,-175.0,155.0,-154.0,134.0,,8.0,sbro,,,,,FLIRIANO-L,DHUFF-L,,,,,,,,
2010,2010-05-02,LAA,DET,1.0,5.0,False,0|0|0|0|0|0|0|0|1,0|0|0|0|4|1|0|0|x,100.0,-120.0,-106.0,-114.0,,8.0,sbro,,,,,JERWEAVER-R,VERLANDER-R,,,,,,,,
2010,2010-05-02,CWS,NYY,3.0,12.0,False,0|0|0|0|0|0|0|0|3,0|1|0|1|3|2|5|0|x,171.0,-191.0,180.0,-210.0,,9.5,sbro,,,,,MBUEHRLE-L,PHUGHES-R,,,,,,,,
2010,2010-05-02,OAK,TOR,3.0,9.0,False,0|0|0|1|0|0|0|2|0,4|2|0|3|0|0|0|0|x,130.0,-150.0,140.0,-160.0,,8.5,sbro,,,,,BSHEETS-R,SMARCUM-R,,,,,,,,
2010,2010-05-02,BOS,BAL,2.0,3.0,False,0|0|0|0|1|0|1|0|0,0|0|0|2|0|0|0|0|0,-155.0,135.0,-154.0,134.0,,9.0,sbro,,,,,JBECKETT-R,KMILLWOOD-R,,,,,,,,
2010,2010-05-02,KAN,TAM,0.0,1.0,False,0|0|0|0|0|0|0|0|0,0|0|0|1|0|0|0|0|x,120.0,-140.0,124.0,-144.0,,8.0,sbro,,,,,ZGREINKE-R,WDAVIS-R,,,,,,,,
2010,2010-05-02,TEX,SEA,3.0,1.0,False,0|0|0|0|0|0|0|0|1,0|0|0|1|0|0|0|0|0,-108.0,-112.0,-105.0,-115.0,,7.5,sbro,,,,,CWILSON-L,DFISTER-R,,,,,,,,
2010,2010-05-03,STL,PHI,6.0,3.0,False,0|1|0|0|0|0|5|0|0,0|0|0|0|1|0|1|0|1,-135.0,115.0,-111.0,-109.0,,9.5,sbro,,,,,JGARCIA-L,JBLANTON-R,,,,,,,,
2010,2010-05-03,NYM,CIN,2.0,3.0,False,0|1|0|0|0|1|0|0|0,1|0|0|0|1|0|0|0|0,-105.0,-115.0,128.0,-148.0,,9.5,sbro,,,,,OLPEREZ-L,MLEAKE-R,,,,,,,,
2010,2010-05-03,ARI,HOU,9.0,1.0,False,0|1|0|3|0|0|2|3|0,1|0|0|0|0|0|0|0|0,-120.0,100.0,-105.0,-105.0,,9.5,sbro,,,,,CVALDEZ-R,FPAULINO-R,,,,,,,,
2010,2010-05-03,COL,SDG,5.0,2.0,False,0|2|0|0|0|0|1|2|0,0|0|0|1|0|0|0|0|1,-154.0,134.0,-140.0,120.0,,6.5,sbro,,,,,UJIMENEZ-R,KCORREIA-R,,,,,,,,
2010,2010-05-03,BAL,NYY,1.0,4.0,False,0|1|0|0|0|0|0|0|0,0|0|0|4|0|0|0|0|x,250.0,-300.0,270.0,-320.0,,9.0,sbro,,,,,JGUTHRIE-R,CSABATHIA-L,,,,,,,,
2010,2010-05-03,TOR,CLE,5.0,1.0,False,0|2|1|1|0|0|0|0|1,0|0|0|0|0|0|1|0|0,105.0,-125.0,-113.0,-107.0,,9.0,sbro,,,,,BCECIL-L,MTALBOT-R,,,,,,,,
2010,2010-05-03,LAA,BOS,8.0,17.0,False,0|0|0|3|0|1|0|0|4,0|3|2|2|0|7|3|0|x,140.0,-160.0,157.0,-177.0,,10.0,sbro,,,,,JSAUNDERS-L,CBUCHHOLZ-R,,,,,,,,
2010,2010-05-03,KAN,CWS,1.0,5.0,False,0|0|0|0|0|0|0|0|1,0|0|2|0|3|0|0|0|x,150.0,-170.0,156.0,-176.0,,9.0,sbro,,,,,GMECHE-R,JPEAVY-R,,,,,,,,
2010,2010-05-03,DET,MIN,4.0,10.0,False,0|0|0|1|2|0|0|0|1,4|3|0|0|3|0|0|0|x,115.0,-135.0,113.0,-133.0,,9.0,sbro,,,,,MSCHERZER-R,SBAKER-R,,,,,,,,
2010,2010-05-03,TEX,OAK,4.0,2.0,False,0|0|0|1|2|0|0|0|1,0|0|0|0|0|0|0|0|2,104.0,-124.0,114.0,-134.0,,8.0,sbro,,,,,RHARDEN-R,DBRADEN-L,,,,,,,,
2010,2010-05-04,ATL,WAS,3.0,6.0,False,1|0|0|1|0|0|0|0|1,0|2|0|0|1|1|1|1|x,-108.0,-112.0,-117.0,-103.0,,9.0,sbro,,,,,KKAWAKAMI-R,LHERNADEZ-R,,,,,,,,
2010,2010-05-04,CUB,PIT,2.0,3.0,False,0|0|0|1|0|1|0|0|0,1|0|0|0|0|2|0|0|x,-154.0,134.0,-153.0,133.0,,8.0,sbro,,,,,RDEMPSTER-R,PMAHOLM-L,,,,,,,,
2010,2010-05-04,STL,PHI,1.0,2.0,False,0|0|0|0|0|0|0|0|1,0|0|0|0|0|0|1|0|0,-136.0,116.0,-106.0,-114.0,,8.5,sbro,,,,,WAINWRIGHT-R,CHAMELS-L,,,,,,,,
2010,2010-05-04,NYM,CIN,5.0,4.0,False,1|0|0|1|0|2|0|0|1,1|1|0|0|0|0|0|2|0,107.0,-127.0,110.0,-130.0,,9.0,sbro,,,,,JMAINE-R,BARROYO-R,,,,,,,,
2010,2010-05-04,SFO,MIA,9.0,6.0,False,0|0|1|0|2|0|0|2|1,0|0|0|0|0|3|0|3|0,-169.0,149.0,-170.0,150.0,,7.5,sbro,,,,,TLINCECUM-R,ASANCHEZ-R,,,,,,,,
2010,2010-05-04,ARI,HOU,1.0,0.0,False,0|0|1|0|0|0|0|0|0,0|0|0|0|0|0|0|0|0,120.0,-140.0,-103.0,-117.0,,8.0,sbro,,,,,IKENNEDY-R,ROSWALT-R,,,,,,,,
2010,2010-05-04,COL,SDG,2.0,3.0,False,0|0|0|0|2|0|0|0|0,0|0|0|1|0|0|0|1|1,118.0,-138.0,121.0,-141.0,,7.0,sbro,,,,,GSMITH-L,WLEBLANC-L,,,,,,,,
2010,2010-05-04,MIL,LOS,11.0,6.0,False,0|9|0|1|0|0|0|1|0,0|0|0|0|2|1|0|3|0,170.0,-200.0,160.0,-180.0,,8.5,sbro,,,,,CNARVESON-L,CKERSHAW-L,,,,,,,,
2010,2010-05-04,TOR,CLE,8.0,5.0,False,1|0|0|3|1|1|2|0|0,0|0|4|1|0|0|0|0|0,-125.0,105.0,-130.0,110.0,,8.0,sbro,,,,,RROMERO-L,WESTBROOK-R,,,,,,,,
2010,2010-05-04,BAL,NYY,1.0,4.0,False,0|0|1|0|0|0|0|0|0,0|0|1|0|2|0|0|1|x,200.0,-230.0,200.0,-240.0,,9.0,sbro,,,,,BMATUSZ-L,ABURNETT-R,,,,,,,,
2010,2010-05-04,LAA,BOS,1.0,5.0,False,0|0|0|1|0|0|0|0|0,1|0|0|0|0|0|0|4|x,160.0,-180.0,155.0,-175.0,,9.0,sbro,,,,,ESANTANA-R,JLESTER-L,,,,,,,,
2010,2010-05-04,DET,MIN,3.0,4.0,False,0|0|0|2|0|0|0|0|1,2|0|0|0|0|1|0|0|1,114.0,-134.0,113.0,-133.0,,10.0,sbro,,,,,DWILLIS-L,NBLACKBUR-R,,,,,,,,
2010,2010-05-04,KAN,CWS,7.0,2.0,False,1|1|0|0|0|0|4|0|1,0|0|1|0|0|0|1|0|0,158.0,-178.0,151.0,-171.0,,9.5,sbro,,,,,LHOCHEVAR-R,GFLOYD-R,,,,,,,,
2010,2010-05-04,TEX,OAK,6.0,7.0,False,0|0|4|0|1|0|1|0|0,2|3|0|2|0|0|0|0|x,-120.0,100.0,-110.0,-110.0,,8.0,sbro,,,,,SFELDMAN-R,VMAZZARO-R,,,,,,,,
2010,2010-05-04,TAM,SEA,5.0,2.0,False,0|0|1|1|1|0|1|1|0,0|0|0|0|0|1|0|0|1,-138.0,118.0,-142.0,122.0,,7.5,sbro,,,,,JSHIELDS-R,JVARGAS-L,,,,,,,,
2010,2010-05-05,NYM,CIN,4.0,5.0,False,0|0|1|0|1|1|0|0|1,0|0|0|2|2|0|0|0|0,100.0,-120.0,-102.0,-118.0,,8.5,sbro,,,,,JNIESE-L,JCUETO-R,,,,,,,,
2010,2010-05-05,CUB,PIT,2.0,4.0,False,0|0|0|2|0|0|0|0|0,1|0|2|0|0|1|0|0|x,-160.0,140.0,-160.0,140.0,,9.0,sbro,,,,,TLILLY-L,CMORTON-R,,,,,,,,
2010,2010-05-05,STL,PHI,0.0,4.0,False,0|0|0|0|0|0|0|0|0,0|0|0|2|0|1|1|0|x,-128.0,108.0,-125.0,105.0,,10.0,sbro,,,,,BPENNY-R,KKENDRICK-R,,,,,,,,
2010,2010-05-05,ATL,WAS,7.0,6.0,False,0|2|1|0|1|2|0|0|0,1|2|0|0|1|0|0|2|0,-144.0,124.0,-172.0,152.0,,8.0,sbro,,,,,THANSON-R,LATILANO-R,,,,,,,,
2010,2010-05-05,SFO,MIA,3.0,2.0,False,0|0|1|0|0|2|0|0|0,0|0|0|0|0|0|0|1|1,-133.0,113.0,-120.0,100.0,,8.5,sbro,,,,,BZITO-L,ROBERTSON-L,,,,,,,,
2010,2010-05-05,ARI,HOU,2.0,4.0,False,0|1|0|1|0|0|0|0|0,0|2|0|0|0|0|0|0|2,-110.0,-110.0,-105.0,-105.0,,9.0,sbro,,,,,RLOPEZ-R,BMYERS-R,,,,,,,,
2010,2010-05-05,COL,SDG,6.0,5.0,False,0|0|3|0|0|2|0|0|0,0|1|0|4|0|0|0|0|0,-106.0,-114.0,122.0,-142.0,,7.0,sbro,,,,,ACOOK-R,CRICHARD-L,,,,,,,,
2010,2010-05-05,MIL,LOS,11.0,3.0,False,4|0|0|0|0|0|0|5|2,2|0|0|0|0|1|0|0|0,155.0,-175.0,144.0,-164.0,,9.0,sbro,,,,,DDAVIS-L,BILLNGSLEY-R,,,,,,,,
2010,2010-05-05,TOR,CLE,5.0,4.0,False,0|0|1|0|1|0|0|0|3,0|0|1|1|0|1|0|1|0,-101.0,-119.0,114.0,-134.0,,8.5,sbro,,,,,BMORROW-R,FCARMONA-R,,,,,,,,
2010,2010-05-05,DET,MIN,4.0,5.0,False,0|0|1|1|0|1|0|0|1,2|0|1|2|0|0|0|0|x,125.0,-145.0,123.0,-143.0,,9.5,sbro,,,,,RPORCELLO-R,KSLOWEY-R,,,,,,,,
2010,2010-05-05,TEX,OAK,1.0,4.0,False,0|0|0|0|0|1|0|0|0,2|0|0|0|1|0|1|0|x,-126.0,106.0,-133.0,113.0,,8.5,sbro,,,,,CLEWIS-R,TCAHILL-R,,,,,,,,
2010,2010-05-05,BAL,NYY,5.0,7.0,False,0|0|0|1|0|0|0|2|2,1|1|1|3|0|0|0|1|x,230.0,-270.0,250.0,-300.0,,9.5,sbro,,,,,DHERNANDZ-R,APETTITTE-L,,,,,,,,
2010,2010-05-05,LAA,BOS,1.0,3.0,False,0|0|0|0|1|0|0|0|0,0|1|0|1|0|0|0|1|x,145.0,-165.0,140.0,-160.0,,9.5,sbro,,,,,JPINEIRO-R,JLACKEY-R,,,,,,,,
2010,2010-05-05,KAN,CWS,2.0,9.0,False,0|0|0|0|1|1|0|0|0,4|1|0|2|0|2|0|0|x,114.0,-134.0,120.0,-140.0,,9.0,sbro,,,,,BBANNISTR-R,FGARCIA-R,,,,,,,,
2010,2010-05-05,TAM,SEA,8.0,3.0,False,0|0|0|0|2|0|0|3|3,0|0|0|2|0|0|0|0|1,-113.0,-107.0,-111.0,-109.0,,6.5,sbro,,,,,MGARZA-R,CLEE-L,,,,,,,,
2010,2010-05-06,STL,PHI,2.0,7.0,False,0|1|0|0|0|0|1|0|0,3|2|0|0|1|0|1|0|x,210.0,-250.0,190.0,-220.0,,8.0,sbro,,,,,KLOHSE-R,RHALLADAY-R,,,,,,,,
2010,2010-05-06,ATL,WAS,2.0,3.0,False,0|0|0|0|0|0|0|2|0,0|0|0|0|1|0|1|0|1,-140.0,120.0,-132.0,112.0,,8.5,sbro,,,,,THUDSON-R,SOLSEN-L,,,,,,,,
2010,2010-05-06,CUB,PIT,1.0,11.0,False,0|0|0|0|0|0|0|1|0,5|2|0|4|0|0|0|0|x,-155.0,135.0,-195.0,175.0,,8.5,sbro,,,,,RWELLS-R,BBURRES-L,,,,,,,,
2010,2010-05-06,SFO,MIA,6.0,3.0,False,0|1|1|0|1|0|3|0|0,0|0|0|0|0|0|1|1|1,100.0,-120.0,102.0,-122.0,,7.5,sbro,,,,,MCAIN-R,RNOLASCO-R,,,,,,,,
2010,2010-05-06,ARI,HOU,6.0,3.0,False,1|0|3|1|1|0|0|0|0,0|0|0|2|0|0|0|1|0,-140.0,120.0,-126.0,106.0,,7.5,sbro,,,,,DHAREN-R,WRODRIGEZ-L,,,,,,,,
2010,2010-05-06,MIL,LOS,3.0,7.0,False,0|0|0|0|0|0|1|0|2,1|2|0|0|0|0|0|0|4,105.0,-125.0,108.0,-128.0,,9.0,sbro,,,,,DBUSH-R,JELY-R,,,,,,,,
2010,2010-05-06,LAA,BOS,6.0,11.0,False,4|0|0|0|0|2|0|0|0,0|0|2|0|5|4|0|0|x,125.0,-145.0,108.0,-128.0,,10.5,sbro,,,,,SKAZMIR-L,DMATSUZAK-R,,,,,,,,
2010,2010-05-06,KAN,TEX,12.0,13.0,False,0|0|0|2|2|5|2|1|0,2|0|6|0|1|2|0|2|x,150.0,-170.0,127.0,-147.0,,9.5,sbro,,,,,KDAVIES-R,MHARRISON-L,,,,,,,,
2010,2010-05-06,BAL,MIN,2.0,0.0,False,0|2|0|0|0|0|0|0|0,0|0|0|0|0|0|0|0|0,199.0,-229.0,180.0,-210.0,,9.5,sbro,,,,,BBERGESEN-R,CPAVANO-R,,,,,,,,
2010,2010-05-06,TOR,CWS,2.0,0.0,False,0|0|0|0|2|0|0|0|0,0|0|0|0|0|0|0|0|0,164.0,-184.0,155.0,-175.0,,8.5,sbro,,,,,DEVELAND-L,JDANKS-L,,,,,,,,
2010,2010-05-06,TAM,SEA,8.0,0.0,False,0|2|0|1|3|0|0|2|0,0|0|0|0|0|0|0|0|0,-150.0,130.0,-150.0,130.0,,8.0,sbro,,,,,JNIEMANN-R,RWLND-SMTH-L,,,,,,,,
2010,2010-05-07,ATL,PHI,0.0,7.0,False,0|0|0|0|0|0|0|0|0,0|0|3|0|4|0|0|0|x,108.0,-128.0,105.0,-125.0,,10.0,sbro,,,,,DLOWE-R,JMOYER-L,,,,,,,,
2010,2010-05-07,MIA,WAS,4.0,2.0,False,0|1|0|0|0|0|1|2|0,1|0|0|0|0|1|0|0|0,-117.0,-103.0,-107.0,-113.0,,9.0,sbro,,,,,CVOLSTAD-R,CSTAMMEN-R,,,,,,,,
2010,2010-05-07,STL,PIT,4.0,3.0,False,2|0|0|0|0|1|0|0|1,0|0|0|1|0|1|0|1|0,-230.0,200.0,-183.0,163.0,,8.0,sbro,,,,,CARPENTER-R,ZDUKE-L,,,,,,,,
2010,2010-05-07,SFO,NYM,4.0,6.0,False,0|0|1|0|2|0|0|0|1,1|2|0|1|0|0|0|0|2,-103.0,-117.0,100.0,-120.0,,7.5,sbro,,,,,JSANCHEZ-L,MPELFREY-R,,,,,,,,
2010,2010-05-07,CUB,CIN,14.0,7.0,False,0|3|2|0|4|1|0|4|0,0|0|0|0|4|0|0|0|3,-114.0,-106.0,105.0,-125.0,,9.0,sbro,,,,,CSILVA-R,HBAILEY-R,,,,,,,,
2010,2010-05-07,SDG,HOU,7.0,0.0,False,0|1|3|1|0|0|0|2|0,0|0|0|0|0|0|0|0|0,-117.0,-103.0,-123.0,103.0,,8.5,sbro,,,,,MLATOS-R,BNORRIS-R,,,,,,,,
2010,2010-05-07,MIL,ARI,3.0,2.0,False,0|0|1|1|1|0|0|0|0,0|0|2|0|0|0|0|0|0,-134.0,114.0,-133.0,113.0,,10.0,sbro,,,,,YGALLARDO-R,EJACKSON-R,,,,,,,,
2010,2010-05-07,COL,LOS,5.0,6.0,False,0|1|0|1|1|2|0|0|0,0|1|1|0|3|1|0|0|x,144.0,-164.0,145.0,-165.0,,8.5,sbro,,,,,EROGERS-R,HKURODA-R,,,,,,,,
2010,2010-05-07,NYY,BOS,10.0,3.0,False,0|0|0|3|0|6|0|1|0,0|0|0|1|0|1|0|1|0,-111.0,-109.0,-108.0,-112.0,,9.5,sbro,,,,,PHUGHES-R,JBECKETT-R,,,,,,,,
2010,2010-05-07,KAN,TEX,1.0,4.0,False,0|0|1|0|0|0|0|0|0,0|2|1|0|1|0|0|0|x,100.0,-120.0,-110.0,-110.0,,8.0,sbro,,,,,ZGREINKE-R,CWILSON-L,,,,,,,,
2010,2010-05-07,TOR,CWS,7.0,4.0,False,0|0|0|0|2|0|0|1|1,0|0|0|0|2|1|0|0|1,-113.0,-107.0,-107.0,-113.0,,8.5,sbro,,,,,SMARCUM-R,MBUEHRLE-L,,,,,,,,
2010,2010-05-07,TAM,OAK,4.0,1.0,False,0|0|0|1|0|0|2|0|1,0|0|0|0|0|0|0|1|0,-150.0,130.0,-130.0,110.0,,7.5,sbro,,,,,DPRICE-L,GGONZALEZ-L,,,,,,,,
2010,2010-05-07,LAA,SEA,8.0,0.0,False,4|0|0|4|0|0|0|0|0,0|0|0|0|0|0|0|0|0,121.0,-141.0,107.0,-127.0,,6.5,sbro,,,,,JERWEAVER-R,FHERNANDZ-R,,,,,,,,
2010,2010-05-08,MIA,WAS,4.0,5.0,False,0|0|0|0|0|2|2|0|0,0|0|0|3|0|0|1|1|x,-168.0,148.0,-189.0,169.0,,8.5,sbro,,,,,JJOHNSON-R,MCHICO-L,,,,,,,,
2010,2010-05-08,SFO,NYM,4.0,5.0,False,0|0|0|2|0|0|0|2|0,1|2|0|0|1|0|0|0|0,160.0,-180.0,170.0,-200.0,,8.0,sbro,,,,,WELLEMEYER-R,JOSANTANA-L,,,,,,,,
2010,2010-05-08,ATL,PHI,4.0,1.0,False,0|0|0|0|0|3|0|0|1,0|1|0|0|0|0|0|0|0,130.0,-150.0,133.0,-153.0,,10.0,sbro,,,,,KMEDLEN-R,JBLANTON-R,,,,,,,,
2010,2010-05-08,SDG,HOU,2.0,1.0,False,0|0|0|0|1|1|0|0|0,0|0|0|0|0|0|0|1|0,-124.0,104.0,-150.0,130.0,,8.5,sbro,,,,,JGARLAND-R,FPAULINO-R,,,,,,,,
2010,2010-05-08,STL,PIT,0.0,2.0,False,0|0|0|0|0|0|0|0|0,0|1|0|0|0|0|0|1|x,-173.0,153.0,-183.0,163.0,,8.0,sbro,,,,,JGARCIA-L,JKARSTENS-R,,,,,,,,
2010,2010-05-08,CUB,CIN,2.0,14.0,False,0|0|0|0|0|1|1|0|0,2|0|1|0|0|0|5|6|x,-114.0,-106.0,-108.0,-112.0,,8.5,sbro,,,,,GORZELANNY-L,AHARANG-R,,,,,,,,
2010,2010-05-08,MIL,ARI,17.0,3.0,False,0|1|4|0|6|1|1|0|4,2|0|0|0|0|1|0|0|0,-110.0,-110.0,-112.0,-108.0,,11.0,sbro,,,,,RWOLF-L,CVALDEZ-R,,,,,,,,
2010,2010-05-08,COL,LOS,8.0,0.0,False,6|1|0|0|0|1|0|0|0,0|0|0|0|0|0|0|0|0,-112.0,-108.0,-113.0,-107.0,,8.5,sbro,,,,,JCHACIN-R,CHAEGER-R,,,,,,,,
2010,2010-05-08,DET,CLE,6.0,4.0,False,0|0|0|3|0|0|2|1|0,0|0|0|1|0|2|0|1|0,-144.0,124.0,-153.0,133.0,,8.0,sbro,,,,,VERLANDER-R,MASTERSON-R,,,,,,,,
2010,2010-05-08,BAL,MIN,7.0,3.0,False,0|0|2|3|0|0|1|1|0,2|0|0|1|0|0|0|0|0,190.0,-220.0,230.0,-270.0,,8.0,sbro,,,,,JGUTHRIE-R,FLIRIANO-L,,,,,,,,
2010,2010-05-08,NYY,BOS,14.0,3.0,False,0|0|2|1|3|0|2|4|2,0|0|3|0|0|0|0|0|0,-135.0,115.0,-136.0,116.0,,9.0,sbro,,,,,CSABATHIA-L,CBUCHHOLZ-R,,,,,,,,
2010,2010-05-08,TAM,OAK,2.0,4.0,False,0|2|0|0|0|0|0|0|0,2|1|0|0|0|0|1|0|x,-144.0,124.0,-159.0,139.0,,8.5,sbro,,,,,WDAVIS-R,BSHEETS-R,,,,,,,,
2010,2010-05-08,TOR,CWS,3.0,7.0,False,0|0|0|0|0|1|0|1|1,2|1|0|0|0|0|4|0|x,110.0,-130.0,116.0,-136.0,,8.0,sbro,,,,,BCECIL-L,JPEAVY-R,,,,,,,,
2010,2010-05-08,KAN,TEX,2.0,3.0,False,0|0|0|1|1|0|0|0|0,1|1|0|0|0|0|0|1|x,164.0,-184.0,170.0,-200.0,,9.5,sbro,,,,,GMECHE-R,RHARDEN-R,,,,,,,,
2010,2010-05-08,LAA,SEA,4.0,3.0,False,0|0|0|1|2|0|0|0|0,0|0|0|0|2|1|0|0|0,111.0,-131.0,114.0,-134.0,,8.0,sbro,,,,,JSAUNDERS-L,DFISTER-R,,,,,,,,
2010,2010-05-08,BAL,MIN,1.0,6.0,False,0|0|0|0|1|0|0|0|0,0|1|0|0|0|2|0|3|x,175.0,-195.0,160.0,-180.0,,8.5,sbro,,,,,KMILLWOOD-R,SBAKER-R,,,,,,,,
2010,2010-05-09,CUB,CIN,3.0,5.0,False,0|0|0|0|0|0|3|0|0,0|2|0|0|0|0|3|0|x,-135.0,115.0,-118.0,-102.0,,8.0,sbro,,,,,RDEMPSTER-R,MLEAKE-R,,,,,,,,
2010,2010-05-09,SFO,NYM,6.0,5.0,False,0|2|0|2|0|0|0|2|0,0|0|0|0|0|2|3|0|0,-190.0,170.0,-195.0,175.0,,7.5,sbro,,,,,TLINCECUM-R,OLPEREZ-L,,,,,,,,
2010,2010-05-09,MIA,WAS,2.0,3.0,False,0|0|0|0|0|1|0|1|0,1|0|1|0|0|0|0|1|x,104.0,-124.0,-110.0,-110.0,,9.0,sbro,,,,,ASANCHEZ-R,LHERNADEZ-R,,,,,,,,
2010,2010-05-09,STL,PIT,11.0,4.0,False,0|0|4|2|0|5|0|0|0,0|0|0|2|0|0|0|0|2,-200.0,170.0,-180.0,160.0,,7.5,sbro,,,,,WAINWRIGHT-R,PMAHOLM-L,,,,,,,,
2010,2010-05-09,ATL,PHI,3.0,5.0,False,0|0|0|0|3|0|0|0|0,2|1|1|0|0|0|1|0|x,160.0,-180.0,190.0,-220.0,,9.0,sbro,,,,,KKAWAKAMI-R,CHAMELS-L,,,,,,,,
2010,2010-05-09,SDG,HOU,3.0,4.0,False,0|0|0|0|3|0|0|0|0,0|0|0|0|0|2|0|0|1,100.0,-120.0,122.0,-142.0,,7.5,sbro,,,,,TSTAUFFER-R,ROSWALT-R,,,,,,,,
2010,2010-05-09,COL,LOS,0.0,2.0,False,0|0|0|0|0|0|0|0|0,0|0|1|0|0|0|0|1|x,-135.0,115.0,-122.0,102.0,,7.0,sbro,,,,,UJIMENEZ-R,CKERSHAW-L,,,,,,,,
2010,2010-05-09,MIL,ARI,6.0,1.0,False,0|1|0|0|1|0|0|4|0,0|0|0|0|0|1|0|0|0,140.0,-160.0,122.0,-142.0,,10.5,sbro,,,,,CNARVESON-L,IKENNEDY-R,,,,,,,,
2010,2010-05-09,DET,CLE,4.0,7.0,False,1|0|1|0|2|0|0|0|0,0|4|0|0|1|0|2|0|x,-112.0,-108.0,-112.0,-108.0,,9.0,sbro,,,,,MSCHERZER-R,MTALBOT-R,,,,,,,,
2010,2010-05-09,TOR,CWS,9.0,7.0,False,0|1|4|0|0|0|0|0|4,0|3|1|0|0|0|2|1|0,-125.0,105.0,-109.0,-111.0,,8.5,sbro,,,,,RROMERO-L,GFLOYD-R,,,,,,,,
2010,2010-05-09,BAL,MIN,0.0,6.0,False,0|0|0|0|0|0|0|0|0,0|0|3|3|0|0|0|0|x,124.0,-144.0,130.0,-150.0,,8.5,sbro,,,,,BMATUSZ-L,NBLACKBUR-R,,,,,,,,
2010,2010-05-09,KAN,TEX,4.0,6.0,False,0|2|0|2|0|0|0|0|0,0|0|4|0|1|0|0|1|x,145.0,-165.0,145.0,-165.0,,9.5,sbro,,,,,LHOCHEVAR-R,SFELDMAN-R,,,,,,,,
2010,2010-05-09,TAM,OAK,0.0,4.0,False,0|0|0|0|0|0|0|0|0,0|1|1|2|0|0|0|0|x,-150.0,130.0,-149.0,129.0,,7.5,sbro,,,,,JSHIELDS-R,DBRADEN-L,,,,,,,,
2010,2010-05-09,LAA,SEA,1.0,8.0,False,0|0|0|0|0|0|0|1|0,0|0|0|4|1|0|0|3|x,-105.0,-115.0,-126.0,106.0,,7.5,sbro,,,,,ESANTANA-R,JVARGAS-L,,,,,,,,
2010,2010-05-09,NYY,BOS,3.0,9.0,False,0|0|0|2|0|0|0|1|0,0|1|5|1|2|0|0|0|x,-106.0,-114.0,-105.0,-105.0,,9.0,sbro,,,,,ABURNETT-R,JLESTER-L,,,,,,,,
2010,2010-05-10,CIN,PIT,2.0,1.0,False,0|0|0|1|0|0|0|1|0,0|0|0|0|0|0|0|1|0,-113.0,-107.0,-118.0,-102.0,,8.5,sbro,,,,,BARROYO-R,ROHLENDOR-R,,,,,,,,
2010,2010-05-10,WAS,NYM,3.0,2.0,False,0|0|2|0|0|0|0|1|0,0|0|0|0|0|0|1|0|1,116.0,-136.0,150.0,-170.0,,8.5,sbro,,,,,LATILANO-R,JMAINE-R,,,,,,,,
2010,2010-05-10,MIA,CUB,4.0,2.0,False,0|0|0|0|0|1|3|0|0,0|1|0|0|0|1|0|0|0,130.0,-150.0,131.0,-151.0,,9.0,sbro,,,,,ROBERTSON-L,TLILLY-L,,,,,,,,
2010,2010-05-10,ATL,MIL,8.0,2.0,False,0|0|0|0|1|6|0|0|1,0|0|0|0|0|0|0|0|2,-138.0,118.0,-133.0,113.0,,8.5,sbro,,,,,THANSON-R,DDAVIS-L,,,,,,,,
2010,2010-05-10,PHI,COL,9.0,5.0,False,1|0|0|0|2|2|0|0|4,1|0|1|0|2|0|1|0|0,-107.0,-113.0,-111.0,-109.0,,11.0,sbro,,,,,KKENDRICK-R,GSMITH-L,,,,,,,,
2010,2010-05-10,LOS,ARI,7.0,3.0,False,0|1|1|0|2|0|0|0|3,0|1|0|0|0|1|0|0|1,-118.0,-102.0,-110.0,-110.0,,10.5,sbro,,,,,BILLNGSLEY-R,RLOPEZ-R,,,,,,,,
2010,2010-05-10,NYY,DET,4.0,5.0,False,0|0|2|0|0|0|0|2|0,2|1|0|0|1|0|1|0|x,-125.0,105.0,-155.0,135.0,,10.5,sbro,,,,,SMITRE-R,BTHOMAS-L,,,,,,,,
2010,2010-05-10,TOR,BOS,6.0,7.0,False,0|4|0|0|2|0|0|0|0,2|4|1|0|0|0|0|0|x,150.0,-170.0,165.0,-185.0,,9.5,sbro,,,,,BMORROW-R,JLACKEY-R,,,,,,,,
2010,2010-05-10,TAM,LAA,4.0,5.0,False,0|0|0|0|0|0|0|1|3,1|0|1|2|0|0|0|0|0,-150.0,130.0,-145.0,125.0,,8.5,sbro,,,,,MGARZA-R,JPINEIRO-R,,,,,,,,
2010,2010-05-11,CIN,PIT,9.0,0.0,False,2|0|0|0|0|1|2|4|0,0|0|0|0|0|0|0|0|0,-124.0,104.0,-121.0,101.0,,8.5,sbro,,,,,JCUETO-R,CMORTON-R,,,,,,,,
2010,2010-05-11,WAS,NYM,6.0,8.0,False,3|0|0|0|3|0|0|0|0,0|1|0|0|0|1|0|6|x,118.0,-138.0,116.0,-136.0,,8.0,sbro,,,,,SOLSEN-L,JNIESE-L,,,,,,,,
2010,2010-05-11,MIA,CUB,3.0,2.0,False,0|2|1|0|0|0|0|0|0,0|0|0|0|0|1|0|1|0,-113.0,-107.0,105.0,-125.0,,8.5,sbro,,,,,RNOLASCO-R,RWELLS-R,,,,,,,,
2010,2010-05-11,HOU,STL,6.0,3.0,False,0|0|0|0|0|0|4|2|0,1|0|1|0|0|0|1|0|0,180.0,-210.0,200.0,-230.0,,7.5,sbro,,,,,BMYERS-R,BPENNY-R,,,,,,,,
2010,2010-05-11,ATL,MIL,11.0,3.0,False,0|1|0|1|0|1|3|4|1,0|1|0|0|0|0|2|0|0,-109.0,-111.0,-125.0,105.0,,9.0,sbro,,,,,THUDSON-R,DBUSH-R,,,,,,,,
2010,2010-05-11,LOS,ARI,13.0,3.0,False,0|0|0|2|0|1|1|7|2,0|0|0|0|0|0|3|0|0,140.0,-160.0,147.0,-167.0,,9.0,sbro,,,,,JELY-R,DHAREN-R,,,,,,,,
2010,2010-05-11,SDG,SFO,3.0,2.0,False,0|2|0|0|1|0|0|0|0,0|0|1|0|1|0|0|0|0,116.0,-136.0,125.0,-145.0,,7.5,sbro,,,,,WLEBLANC-L,BZITO-L,,,,,,,,
2010,2010-05-11,SEA,BAL,5.0,1.0,False,0|0|0|0|2|3|0|0|0,0|0|0|0|0|0|1|0|0,-134.0,114.0,-161.0,141.0,,8.0,sbro,,,,,CLEE-L,DHERNANDZ-R,,,,,,,,
2010,2010-05-11,TOR,BOS,1.0,6.0,False,0|0|0|0|0|1|0|0|0,2|1|0|1|2|0|0|0|x,144.0,-164.0,126.0,-146.0,,10.5,sbro,,,,,DEVELAND-L,DMATSUZAK-R,,,,,,,,
2010,2010-05-11,OAK,TEX,7.0,6.0,False,0|0|0|0|2|0|1|0|2,0|0|1|1|0|0|0|2|1,140.0,-160.0,156.0,-176.0,,9.0,sbro,,,,,TCAHILL-R,CLEWIS-R,,,,,,,,
2010,2010-05-11,CLE,KAN,8.0,2.0,False,0|2|0|2|0|0|3|0|1,0|0|1|0|0|0|0|1|0,-113.0,-107.0,100.0,-120.0,,9.0,sbro,,,,,WESTBROOK-R,BBANNISTR-R,,,,,,,,
2010,2010-05-11,CWS,MIN,5.0,2.0,False,0|0|0|0|5|0|0|0|0,0|0|0|1|0|1|0|0|0,137.0,-157.0,155.0,-175.0,,9.0,sbro,,,,,FGARCIA-R,KSLOWEY-R,,,,,,,,
2010,2010-05-11,TAM,LAA,7.0,2.0,False,0|0|2|0|1|0|3|0|1,0|0|0|0|0|0|0|2|0,-114.0,-106.0,-143.0,123.0,,9.0,sbro,,,,,JNIEMANN-R,SKAZMIR-L,,,,,,,,
2010,2010-05-12,CIN,PIT,5.0,0.0,False,2|2|0|1|0|0|0|0|0,0|0|0|0|0|0|0|0|0,-106.0,-114.0,-110.0,-110.0,,9.0,sbro,,,,,HBAILEY-R,ZDUKE-L,,,,,,,,
2010,2010-05-12,WAS,NYM,6.0,4.0,False,0|2|0|2|0|0|0|0|2,0|2|0|0|2|0|0|0|0,140.0,-160.0,145.0,-165.0,,8.5,sbro,,,,,CSTAMMEN-R,MPELFREY-R,,,,,,,,
2010,2010-05-12,ATL,MIL,9.0,2.0,False,0|0|0|1|0|1|2|2|3,0|0|0|0|0|2|0|0|0,124.0,-144.0,143.0,-163.0,,8.5,sbro,,,,,DLOWE-R,YGALLARDO-R,,,,,,,,
2010,2010-05-12,MIA,CUB,3.0,4.0,False,0|0|0|2|0|0|0|0|1,0|2|0|0|2|0|0|0|x,102.0,-122.0,-102.0,-118.0,,8.0,sbro,,,,,CVOLSTAD-R,CSILVA-R,,,,,,,,
2010,2010-05-12,PHI,COL,3.0,4.0,False,0|0|0|1|2|0|0|0|0,1|0|0|0|0|0|2|0|0,-110.0,-110.0,-184.0,164.0,,8.5,sbro,,,,,RHALLADAY-R,ACOOK-R,,,,,,,,
2010,2010-05-12,HOU,STL,9.0,6.0,False,0|0|1|5|1|2|0|0|0,1|0|0|0|0|4|0|0|1,142.0,-162.0,154.0,-174.0,,8.0,sbro,,,,,WRODRIGEZ-L,KLOHSE-R,,,,,,,,
2010,2010-05-12,LOS,ARI,6.0,3.0,False,0|0|0|2|1|0|3|0|0,0|0|0|2|0|0|0|1|0,-114.0,-106.0,-125.0,105.0,,10.0,sbro,,,,,HKURODA-R,EJACKSON-R,,,,,,,,
2010,2010-05-12,SDG,SFO,5.0,2.0,False,0|2|0|1|0|1|1|0|0,0|2|0|0|0|0|0|0|0,124.0,-144.0,145.0,-165.0,,7.0,sbro,,,,,CRICHARD-L,MCAIN-R,,,,,,,,
2010,2010-05-12,CWS,MIN,2.0,3.0,False,2|0|0|0|0|0|0|0|0,0|0|2|1|0|0|0|0|x,102.0,-122.0,120.0,-140.0,,8.0,sbro,,,,,JDANKS-L,CPAVANO-R,,,,,,,,
2010,2010-05-12,TOR,BOS,3.0,2.0,False,0|0|0|0|1|0|2|0|0,0|0|0|0|0|0|0|0|2,-103.0,-117.0,-114.0,-106.0,,9.5,sbro,,,,,SMARCUM-R,WAKEFIELD-R,,,,,,,,
2010,2010-05-12,TAM,LAA,4.0,3.0,False,2|0|0|0|1|1|0|0|0,0|0|1|0|0|1|1|0|0,-113.0,-107.0,-108.0,-112.0,,8.0,sbro,,,,,DPRICE-L,JERWEAVER-R,,,,,,,,
2010,2010-05-12,NYY,DET,8.0,0.0,False,1|0|1|0|0|0|0|0|6,0|0|0|0|0|0|0|0|0,-160.0,140.0,-170.0,150.0,,9.5,sbro,,,,,PHUGHES-R,BONDERMAN-R,,,,,,,,
2010,2010-05-12,OAK,TEX,1.0,10.0,False,0|0|0|0|0|0|0|1|0,0|0|0|2|3|2|2|1|x,100.0,-120.0,123.0,-143.0,,9.0,sbro,,,,,GGONZALEZ-L,DHOLLAND-L,,,,,,,,
2010,2010-05-12,SEA,BAL,2.0,5.0,False,0|0|0|0|0|0|0|1|1,0|0|2|1|0|2|0|0|x,-105.0,-105.0,-101.0,-119.0,,9.0,sbro,,,,,RWLND-SMTH-L,BBERGESEN-R,,,,,,,,
2010,2010-05-12,CLE,KAN,4.0,0.0,False,0|0|0|0|2|2|0|0|0,0|0|0|0|0|0|0|0|0,-107.0,-113.0,-108.0,-112.0,,9.0,sbro,,,,,FCARMONA-R,KDAVIES-R,,,,,,,,
2010,2010-05-12,NYY,DET,0.0,2.0,False,0|0|0|0|0|0|0|0|0,0|0|0|0|0|2|0|0|x,-145.0,125.0,-145.0,125.0,,10.0,sbro,,,,,JVAZQUEZ-R,RPORCELLO-R,,,,,,,,
2010,2010-05-13,HOU,STL,4.0,1.0,False,0|0|4|0|0|0|0|0|0,0|0|0|0|0|0|1|0|0,230.0,-270.0,270.0,-320.0,,7.5,sbro,,,,,BNORRIS-R,CARPENTER-R,,,,,,,,
2010,2010-05-13,SDG,SFO,1.0,0.0,False,0|0|0|0|1|0|0|0|0,0|0|0|0|0|0|0|0|0,120.0,-140.0,142.0,-162.0,,7.5,sbro,,,,,MLATOS-R,JSANCHEZ-L,,,,,,,,
2010,2010-05-13,NYM,MIA,1.0,2.0,False,0|1|0|0|0|0|0|0|0,0|0|1|0|0|0|0|0|1,100.0,-120.0,108.0,-128.0,,7.0,sbro,,,,,JOSANTANA-L,JJOHNSON-R,,,,,,,,
2010,2010-05-13,WAS,COL,14.0,6.0,False,2|0|0|0|4|1|0|7|0,0|0|0|0|4|0|2|0|0,165.0,-185.0,163.0,-183.0,,10.0,sbro,,,,,JLANNAN-L,JCHACIN-R,,,,,,,,
2010,2010-05-13,SEA,BAL,5.0,6.0,False,0|0|0|0|3|1|1|0|0,0|0|0|1|0|0|0|5|x,-140.0,120.0,-135.0,115.0,,7.5,sbro,,,,,FHERNANDZ-R,KMILLWOOD-R,,,,,,,,
2010,2010-05-13,NYY,DET,0.0,6.0,False,0|0|0|0|0|0|0|0|0,0|1|0|2|0|3|0|0|x,-120.0,100.0,-128.0,108.0,,7.5,sbro,,,,,CSABATHIA-L,VERLANDER-R,,,,,,,,
2010,2010-05-13,OAK,TEX,1.0,2.0,False,0|0|0|1|0|0|0|0|0,0|0|1|0|0|0|0|0|0,155.0,-175.0,168.0,-188.0,,8.5,sbro,,,,,BSHEETS-R,CWILSON-L,,,,,,,,
2010,2010-05-13,CLE,KAN,4.0,6.0,False,0|0|3|0|0|0|0|1|0,0|0|0|3|2|1|0|0|x,170.0,-200.0,175.0,-195.0,,8.0,sbro,,,,,DHUFF-L,ZGREINKE-R,,,,,,,,
2010,2010-05-14,PIT,CUB,10.0,6.0,False,3|0|1|0|1|1|0|3|1,4|0|1|1|0|0|0|0|0,170.0,-200.0,170.0,-200.0,,10.0,sbro,,,,,BBURRES-L,GORZELANNY-L,,,,,,,,
2010,2010-05-14,STL,CIN,4.0,3.0,False,0|0|2|0|2|0|0|0|0,0|0|0|0|0|0|2|0|1,-134.0,114.0,-124.0,104.0,,8.5,sbro,,,,,JGARCIA-L,AHARANG-R,,,,,,,,
2010,2010-05-14,NYM,MIA,2.0,7.0,False,0|0|0|0|2|0|0|0|0,0|0|4|3|0|0|0|0|x,115.0,-135.0,120.0,-140.0,,9.0,sbro,,,,,OLPEREZ-L,ASANCHEZ-R,,,,,,,,
2010,2010-05-14,ARI,ATL,5.0,6.0,False,1|0|0|1|2|0|0|0|1,0|0|0|0|0|0|4|0|2,-105.0,-115.0,107.0,-127.0,,9.0,sbro,,,,,IKENNEDY-R,KKAWAKAMI-R,,,,,,,,
2010,2010-05-14,PHI,MIL,9.0,5.0,False,2|1|0|3|0|2|0|0|1,0|3|0|0|0|0|2|0|0,100.0,-120.0,100.0,-120.0,,9.5,sbro,,,,,JMOYER-L,RWOLF-L,,,,,,,,
2010,2010-05-14,LOS,SDG,4.0,3.0,False,0|0|1|0|1|0|2|0|0,1|0|1|0|1|0|0|0|0,125.0,-145.0,115.0,-135.0,,7.5,sbro,,,,,RORTIZ-R,JGARLAND-R,,,,,,,,
2010,2010-05-14,HOU,SFO,2.0,8.0,False,0|0|0|1|0|0|0|1|0,1|3|0|0|3|0|0|1|x,114.0,-134.0,118.0,-138.0,,8.5,sbro,,,,,FPAULINO-R,WELLEMEYER-R,,,,,,,,
2010,2010-05-14,CLE,BAL,1.0,8.0,False,1|0|0|0|0|0|0|0|0,0|0|2|0|0|4|1|1|x,114.0,-134.0,-103.0,-117.0,,8.5,sbro,,,,,MASTERSON-R,JGUTHRIE-R,,,,,,,,
2010,2010-05-14,TEX,TOR,10.0,16.0,False,3|5|1|1|0|0|0|0|0,3|0|8|4|0|0|1|0|x,115.0,-135.0,-110.0,-110.0,,8.5,sbro,,,,,RHARDEN-R,BCECIL-L,,,,,,,,
2010,2010-05-14,BOS,DET,7.0,2.0,False,5|0|0|1|0|0|0|0|1,1|0|0|0|0|0|0|1|0,-124.0,104.0,-121.0,101.0,,9.0,sbro,,,,,CBUCHHOLZ-R,MSCHERZER-R,,,,,,,,
2010,2010-05-14,MIN,NYY,4.0,8.0,False,0|1|0|0|1|0|2|0|0,0|0|0|2|1|0|4|1|x,150.0,-170.0,145.0,-165.0,,9.5,sbro,,,,,SBAKER-R,ABURNETT-R,,,,,,,,
2010,2010-05-14,SEA,TAM,4.0,3.0,False,2|0|0|0|1|0|0|1|0,0|0|1|0|0|0|0|2|0,145.0,-165.0,160.0,-180.0,,8.5,sbro,,,,,DFISTER-R,WDAVIS-R,,,,,,,,
2010,2010-05-14,CWS,KAN,1.0,6.0,False,0|0|0|0|1|0|0|0|0,0|0|0|0|0|1|5|0|x,-140.0,120.0,-130.0,110.0,,9.0,sbro,,,,,MBUEHRLE-L,GMECHE-R,,,,,,,,
2010,2010-05-14,OAK,LAA,0.0,4.0,False,0|0|0|0|0|0|0|0|0,0|0|0|0|0|4|0|0|x,-110.0,-110.0,-103.0,-117.0,,9.0,sbro,,,,,DBRADEN-L,JSAUNDERS-L,,,,,,,,
2010,2010-05-15,PIT,CUB,4.0,3.0,False,3|0|0|0|0|0|0|0|1,0|0|2|0|0|0|0|0|1,170.0,-200.0,200.0,-230.0,,7.5,sbro,,,,,PMAHOLM-L,RDEMPSTER-R,,,,,,,,
2010,2010-05-15,HOU,SFO,1.0,2.0,False,1|0|0|0|0|0|0|0|0,0|0|0|2|0|0|0|0|x,170.0,-200.0,170.0,-200.0,,6.0,sbro,,,,,ROSWALT-R,TLINCECUM-R,,,,,,,,
2010,2010-05-15,PHI,MIL,10.0,6.0,False,0|2|0|0|0|2|5|1|0,0|0|0|0|1|1|3|0|1,-113.0,-107.0,-114.0,-106.0,,10.0,sbro,,,,,JBLANTON-R,CNARVESON-L,,,,,,,,
2010,2010-05-15,NYM,MIA,5.0,7.0,False,0|1|2|0|0|0|1|0|1,3|0|0|0|3|1|0|0|x,-104.0,-116.0,-111.0,-109.0,,9.5,sbro,,,,,JMAINE-R,ROBERTSON-L,,,,,,,,
2010,2010-05-15,ARI,ATL,11.0,1.0,False,1|0|0|0|4|0|0|1|5,0|0|0|0|0|0|1|0|0,175.0,-195.0,170.0,-200.0,,8.5,sbro,,,,,RLOPEZ-R,THANSON-R,,,,,,,,
2010,2010-05-15,STL,CIN,3.0,4.0,False,0|1|1|0|0|0|0|0|1,0|1|0|1|0|2|0|0|x,-147.0,127.0,-141.0,121.0,,7.5,sbro,,,,,WAINWRIGHT-R,MLEAKE-R,,,,,,,,
2010,2010-05-15,WAS,COL,3.0,4.0,False,0|0|0|2|0|1|0|0|0,0|0|3|0|0|0|1|0|x,144.0,-164.0,124.0,-144.0,,10.5,sbro,,,,,LATILANO-R,JHAMMEL-R,,,,,,,,
2010,2010-05-15,LOS,SDG,4.0,1.0,False,0|1|0|0|2|1|0|0|0,1|0|0|0|0|0|0|0|0,-114.0,-106.0,-115.0,-105.0,,7.0,sbro,,,,,CKERSHAW-L,KCORREIA-R,,,,,,,,
2010,2010-05-15,TEX,TOR,0.0,6.0,False,0|0|0|0|0|0|0|0|0,1|0|0|0|1|1|0|3|x,111.0,-131.0,119.0,-139.0,,9.0,sbro,,,,,SFELDMAN-R,RROMERO-L,,,,,,,,
2010,2010-05-15,MIN,NYY,1.0,7.0,False,0|0|0|0|0|0|0|1|0,1|1|0|0|0|1|4|0|x,111.0,-131.0,119.0,-139.0,,9.0,sbro,,,,,FLIRIANO-L,APETTITTE-L,,,,,,,,
2010,2010-05-15,SEA,TAM,2.0,3.0,False,1|0|0|1|0|0|0|0|0,0|0|0|0|0|0|0|2|1,175.0,-205.0,190.0,-220.0,,8.5,sbro,,,,,JVARGAS-L,JSHIELDS-R,,,,,,,,
2010,2010-05-15,CLE,BAL,8.0,2.0,False,0|0|0|0|0|0|0|0|8,0|1|0|0|0|0|1|0|0,112.0,-132.0,120.0,-140.0,,8.5,sbro,,,,,MTALBOT-R,BMATUSZ-L,,,,,,,,
2010,2010-05-15,BOS,DET,6.0,7.0,False,0|0|3|1|2|0|0|0|0,0|0|1|0|0|3|0|2|0,-156.0,136.0,-178.0,158.0,,9.0,sbro,,,,,JLESTER-L,DWILLIS-L,,,,,,,,
2010,2010-05-15,CWS,KAN,5.0,4.0,False,0|1|0|0|0|0|4|0|0,3|0|1|0|0|0|0|0|0,-130.0,110.0,-144.0,124.0,,8.0,sbro,,,,,JPEAVY-R,LHOCHEVAR-R,,,,,,,,
2010,2010-05-15,OAK,LAA,3.0,12.0,False,1|0|1|0|0|1|0|0|0,0|0|0|3|4|1|4|0|x,110.0,-130.0,120.0,-140.0,,8.5,sbro,,,,,TROSS,ESANTANA-R,,,,,,,,
2010,2010-05-15,WAS,COL,2.0,6.0,False,1|0|0|0|0|1|0|0|0,0|1|0|1|0|1|0|3|x,134.0,-154.0,210.0,-250.0,,8.5,sbro,,,,,LHERNADEZ-R,UJIMENEZ-R,,,,,,,,
2010,2010-05-16,NYM,MIA,8.0,10.0,False,0|0|0|0|0|3|3|1|1,0|0|6|0|1|0|3|0|x,170.0,-200.0,145.0,-165.0,,8.5,sbro,,,,,JNIESE-L,RNOLASCO-R,,,,,,,,
2010,2010-05-16,STL,CIN,2.0,7.0,False,0|0|0|0|1|0|1|0|0,2|0|2|0|3|0|0|0|x,-135.0,115.0,-120.0,100.0,,8.0,sbro,,,,,BPENNY-R,BARROYO-R,,,,,,,,
2010,2010-05-16,ARI,ATL,1.0,13.0,False,0|1|0|0|0|0|0|0|0,2|0|0|1|4|2|0|4|x,110.0,-130.0,102.0,-122.0,,8.0,sbro,,,,,DHAREN-R,THUDSON-R,,,,,,,,
2010,2010-05-16,PIT,CUB,3.0,4.0,False,0|3|0|0|0|0|0|0|0,0|1|0|0|0|0|2|1|x,180.0,-210.0,180.0,-210.0,,8.0,sbro,,,,,ROHLENDOR-R,TLILLY-L,,,,,,,,
2010,2010-05-16,WAS,COL,1.0,2.0,False,1|0|0|0|0|0|0|0|0,0|1|0|0|0|0|0|1|x,130.0,-150.0,108.0,-128.0,,9.5,sbro,,,,,SOLSEN-L,JFRANCIS-L,,,,,,,,
2010,2010-05-16,LOS,SDG,1.0,0.0,False,0|0|0|0|0|1|0|0|0,0|0|0|0|0|0|0|0|0,-110.0,-110.0,-110.0,-110.0,,7.0,sbro,,,,,BILLNGSLEY-R,WLEBLANC-L,,,,,,,,
2010,2010-05-16,HOU,SFO,3.0,4.0,False,1|0|0|1|0|0|1|0|0,2|0|0|0|0|2|0|0|x,170.0,-200.0,142.0,-162.0,,7.0,sbro,,,,,BMYERS-R,BZITO-L,,,,,,,,
2010,2010-05-16,PHI,MIL,4.0,2.0,False,1|1|1|0|0|0|0|1|0,0|0|0|0|0|2|0|0|0,-145.0,125.0,-152.0,132.0,,10.0,sbro,,,,,CHAMELS-L,DBUSH-R,,,,,,,,
2010,2010-05-16,TEX,TOR,2.0,5.0,False,0|1|0|0|0|0|1|0|0,0|0|0|4|0|1|0|0|x,-119.0,-101.0,-121.0,101.0,,9.0,sbro,,,,,CLEWIS-R,BMORROW-R,,,,,,,,
2010,2010-05-16,MIN,NYY,6.0,3.0,False,0|1|0|0|0|0|0|5|0,0|2|0|0|1|0|0|0|0,130.0,-150.0,112.0,-132.0,,10.5,sbro,,,,,NBLACKBUR-R,SMITRE-R,,,,,,,,
2010,2010-05-16,BOS,DET,1.0,5.0,False,0|0|1|0|0|0|0|0|0,0|2|1|2|0|0|0|0|x,-150.0,130.0,-134.0,114.0,,9.5,sbro,,,,,JLACKEY-R,AGALARRAG-R,,,,,,,,
2010,2010-05-16,CLE,BAL,5.0,1.0,False,0|0|1|0|2|0|0|0|2,0|0|0|0|0|0|0|0|1,-105.0,-115.0,-118.0,-102.0,,9.5,sbro,,,,,WESTBROOK-R,HENDRIKSON-L,,,,,,,,
2010,2010-05-16,SEA,TAM,1.0,2.0,False,0|0|0|0|1|0|0|0|0,0|0|0|0|0|0|1|1|x,115.0,-135.0,127.0,-147.0,,6.5,sbro,,,,,CLEE-L,MGARZA-R,,,,,,,,
2010,2010-05-16,CWS,KAN,3.0,5.0,False,0|2|0|0|0|0|1|0|0,0|0|0|3|2|0|0|0|x,-105.0,-115.0,-106.0,-114.0,,9.0,sbro,,,,,GFLOYD-R,BBANNISTR-R,,,,,,,,
2010,2010-05-16,OAK,LAA,0.0,4.0,False,0|0|0|0|0|0|0|0|0,0|1|0|0|0|2|0|1|x,130.0,-150.0,137.0,-157.0,,9.0,sbro,,,,,TCAHILL-R,JPINEIRO-R,,,,,,,,
2010,2010-05-17,PIT,PHI,2.0,12.0,False,1|0|0|0|1|0|0|0|0,1|0|5|0|0|1|1|4|x,175.0,-205.0,175.0,-195.0,,10.0,sbro,,,,,CMORTON-R,KKENDRICK-R,,,,,,,,
2010,2010-05-17,NYM,ATL,3.0,2.0,False,0|2|0|0|0|1|0|0|0,0|0|0|0|1|1|0|0|0,104.0,-124.0,134.0,-154.0,,8.5,sbro,,,,,MPELFREY-R,DLOWE-R,,,,,,,,
2010,2010-05-17,MIL,CIN,3.0,6.0,False,0|0|0|1|0|0|0|0|2,0|0|0|0|0|1|5|0|x,-107.0,-113.0,-113.0,-107.0,,8.0,sbro,,,,,YGALLARDO-R,JCUETO-R,,,,,,,,
2010,2010-05-17,ARI,MIA,5.0,1.0,False,1|3|0|0|0|0|0|0|1,0|0|0|0|0|0|0|0|1,120.0,-140.0,124.0,-144.0,,9.0,sbro,,,,,EJACKSON-R,CVOLSTAD-R,,,,,,,,
2010,2010-05-17,COL,CUB,2.0,4.0,False,0|0|1|0|0|0|0|1|0,1|0|0|1|0|0|0|0|0,118.0,-138.0,103.0,-123.0,,7.5,sbro,,,,,ACOOK-R,RWELLS-R,,,,,,,,
2010,2010-05-17,WAS,STL,2.0,6.0,False,0|0|0|0|2|0|0|0|0,4|0|0|0|0|0|0|2|x,140.0,-160.0,138.0,-158.0,,8.5,sbro,,,,,CSTAMMEN-R,KLOHSE-R,,,,,,,,
2010,2010-05-17,SFO,SDG,1.0,3.0,False,0|0|0|1|0|0|0|0|0,1|0|0|0|1|0|1|0|x,-120.0,100.0,-116.0,-104.0,,6.5,sbro,,,,,MCAIN-R,CRICHARD-L,,,,,,,,
2010,2010-05-17,HOU,LOS,2.0,6.0,False,1|0|0|0|1|0|0|0|0,3|0|0|1|0|0|0|2|x,139.0,-159.0,135.0,-155.0,,7.5,sbro,,,,,WRODRIGEZ-L,JELY-R,,,,,,,,
2010,2010-05-17,MIN,TOR,8.0,3.0,False,0|1|0|4|0|1|0|2|0,0|2|0|0|1|0|0|0|0,-120.0,100.0,-107.0,-113.0,,9.5,sbro,,,,,KSLOWEY-R,DEVELAND-L,,,,,,,,
2010,2010-05-17,KAN,BAL,4.0,3.0,False,1|1|0|0|0|1|1|0|0,1|0|0|0|1|0|1|0|0,107.0,-127.0,112.0,-132.0,,9.0,sbro,,,,,KDAVIES-R,BBERGESEN-R,,,,,,,,
2010,2010-05-17,BOS,NYY,9.0,11.0,False,0|1|0|1|3|1|0|3|0,5|1|0|0|1|0|0|0|4,170.0,-190.0,160.0,-180.0,,9.0,sbro,,,,,DMATSUZAK-R,PHUGHES-R,,,,,,,,
2010,2010-05-17,CLE,TAM,3.0,4.0,False,0|1|0|1|0|1|0|0|0,2|0|0|0|0|0|0|1|0,170.0,-190.0,169.0,-189.0,,8.5,sbro,,,,,FCARMONA-R,JNIEMANN-R,,,,,,,,
2010,2010-05-17,LAA,TEX,3.0,4.0,False,0|0|0|0|2|1|0|0|0,0|0|4|0|0|0|0|0|x,110.0,-130.0,138.0,-158.0,,9.5,sbro,,,,,SKAZMIR-L,DHOLLAND-L,,,,,,,,
2010,2010-05-17,SEA,OAK,4.0,8.0,False,1|0|0|1|0|1|0|1|0,2|3|2|0|0|1|0|0|x,109.0,-129.0,142.0,-162.0,,7.5,sbro,,,,,RWLND-SMTH-L,GGONZALEZ-L,,,,,,,,
2010,2010-05-18,MIL,CIN,4.0,5.0,False,2|0|0|0|0|0|0|2|0,1|0|0|0|0|0|0|1|3,100.0,-120.0,115.0,-135.0,,9.5,sbro,,,,,MPARRA-L,HBAILEY-R,,,,,,,,
2010,2010-05-18,ARI,MIA,0.0,8.0,False,0|0|0|0|0|0|0|0|0,0|0|0|1|1|5|0|1|x,170.0,-200.0,156.0,-176.0,,8.0,sbro,,,,,BBUCKNER-R,JJOHNSON-R,,,,,,,,
2010,2010-05-18,PIT,PHI,2.0,1.0,False,0|1|0|0|0|1|0|0|0,0|0|0|0|1|0|0|0|0,260.0,-310.0,290.0,-350.0,,8.0,sbro,,,,,ZDUKE-L,RHALLADAY-R,,,,,,,,
2010,2010-05-18,NYM,ATL,2.0,3.0,False,0|0|0|0|2|0|0|0|0,0|0|2|0|0|0|0|0|1,-113.0,-107.0,-105.0,-105.0,,7.5,sbro,,,,,JOSANTANA-L,KMEDLEN-R,,,,,,,,
2010,2010-05-18,COL,CUB,2.0,6.0,False,0|0|0|0|0|0|2|0|0,0|0|0|3|0|0|0|3|x,-107.0,-113.0,-106.0,-114.0,,8.0,sbro,,,,,JCHACIN-R,CSILVA-R,,,,,,,,
2010,2010-05-18,WAS,STL,2.0,3.0,False,0|0|0|0|1|0|0|1|0,0|0|2|0|0|0|0|1|x,220.0,-260.0,230.0,-270.0,,8.0,sbro,,,,,JLANNAN-L,CARPENTER-R,,,,,,,,
2010,2010-05-18,SFO,SDG,7.0,6.0,False,0|0|0|2|0|0|0|2|0,0|0|0|0|4|0|0|0|0,-106.0,-114.0,-102.0,-118.0,,6.0,sbro,,,,,JSANCHEZ-L,MLATOS-R,,,,,,,,
2010,2010-05-18,HOU,LOS,3.0,7.0,False,0|1|2|0|0|0|0|0|0,3|0|0|1|2|0|0|1|x,180.0,-210.0,169.0,-189.0,,7.0,sbro,,,,,BNORRIS-R,HKURODA-R,,,,,,,,
2010,2010-05-18,MIN,TOR,2.0,11.0,False,0|0|0|1|0|0|0|1|0,2|2|1|1|0|5|0|0|x,-103.0,-117.0,-102.0,-118.0,,8.0,sbro,,,,,CPAVANO-R,SMARCUM-R,,,,,,,,
2010,2010-05-18,CWS,DET,6.0,2.0,False,1|0|0|3|0|0|0|2|0,1|1|0|0|0|0|0|0|0,116.0,-136.0,123.0,-143.0,,9.0,sbro,,,,,FGARCIA-R,RPORCELLO-R,,,,,,,,
2010,2010-05-18,CLE,TAM,2.0,6.0,False,0|0|0|0|1|0|0|1|0,0|0|1|0|0|4|0|1|x,200.0,-240.0,220.0,-260.0,,8.5,sbro,,,,,DHUFF-L,DPRICE-L,,,,,,,,
2010,2010-05-18,BOS,NYY,7.0,6.0,False,0|0|0|0|0|1|0|4|2,0|2|0|1|2|0|0|0|1,160.0,-180.0,158.0,-178.0,,8.5,sbro,,,,,JBECKETT-R,CSABATHIA-L,,,,,,,,
2010,2010-05-18,KAN,BAL,3.0,4.0,False,0|0|0|0|3|0|0|0|0,0|0|0|0|1|0|1|1|0,-114.0,-106.0,-142.0,122.0,,7.5,sbro,,,,,ZGREINKE-R,KMILLWOOD-R,,,,,,,,
2010,2010-05-18,LAA,TEX,7.0,8.0,False,0|0|0|5|2|0|0|0|0,0|0|2|1|4|1|0|0|x,104.0,-124.0,110.0,-130.0,,8.5,sbro,,,,,JERWEAVER-R,CWILSON-L,,,,,,,,
2010,2010-05-18,SEA,OAK,5.0,6.0,False,0|0|1|0|0|2|1|1|0,1|0|2|0|0|0|2|0|0,-134.0,114.0,-113.0,-107.0,,7.0,sbro,,,,,FHERNANDZ-R,BSHEETS-R,,,,,,,,
2010,2010-05-19,NYM,WAS,3.0,5.0,False,0|0|0|1|0|1|0|0|1,0|0|0|2|0|0|3|0|x,110.0,-130.0,118.0,-138.0,,9.0,sbro,,,,,RDICKEY-R,LHERNADEZ-R,,,,,,,,
2010,2010-05-19,MIL,PIT,4.0,6.0,False,0|0|0|2|0|1|1|0|0,0|2|0|1|0|0|3|0|x,-155.0,135.0,-133.0,113.0,,9.0,sbro,,,,,RWOLF-L,BBURRES-L,,,,,,,,
2010,2010-05-19,CUB,PHI,4.0,1.0,False,0|0|1|0|0|0|1|0|2,0|0|0|0|0|0|0|1|0,114.0,-134.0,116.0,-136.0,,9.5,sbro,,,,,GORZELANNY-L,JMOYER-L,,,,,,,,
2010,2010-05-19,CIN,ATL,4.0,5.0,False,0|0|0|0|0|0|0|3|1,3|0|0|0|1|0|0|0|1,116.0,-136.0,-106.0,-114.0,,8.5,sbro,,,,,AHARANG-R,KKAWAKAMI-R,,,,,,,,
2010,2010-05-19,COL,HOU,3.0,7.0,False,1|0|0|1|0|0|1|0|0,1|1|0|0|1|0|0|4|x,-114.0,-106.0,-107.0,-113.0,,9.0,sbro,,,,,GSMITH-L,FPAULINO-R,,,,,,,,
2010,2010-05-19,MIA,STL,5.0,1.0,False,0|0|0|0|0|2|2|0|1,0|0|0|0|0|0|0|0|1,146.0,-166.0,145.0,-165.0,,7.5,sbro,,,,,ASANCHEZ-R,JGARCIA-L,,,,,,,,
2010,2010-05-19,SFO,ARI,1.0,13.0,False,1|0|0|0|0|0|0|0|0,0|1|0|1|3|2|0|6|x,130.0,-150.0,142.0,-162.0,,10.0,sbro,,,,,WELLEMEYER-R,IKENNEDY-R,,,,,,,,
2010,2010-05-19,SDG,LOS,10.0,5.0,False,1|0|2|5|0|0|0|0|2,1|2|0|1|0|0|1|0|0,-110.0,-110.0,-106.0,-114.0,,8.0,sbro,,,,,JGARLAND-R,RMORTIZ-R,,,,,,,,
2010,2010-05-19,TAM,NYY,10.0,6.0,False,1|0|1|4|0|0|0|4|0,0|0|0|1|0|1|0|0|4,128.0,-148.0,130.0,-150.0,,9.5,sbro,,,,,WDAVIS-R,ABURNETT-R,,,,,,,,
2010,2010-05-19,KAN,CLE,8.0,4.0,False,0|0|2|0|0|1|0|0|5,0|1|0|0|1|1|1|0|0,100.0,-120.0,115.0,-135.0,,9.0,sbro,,,,,GMECHE-R,MASTERSON-R,,,,,,,,
2010,2010-05-19,MIN,BOS,2.0,3.0,False,0|0|0|1|0|0|0|0|1,0|0|0|2|0|1|0|0|x,113.0,-133.0,100.0,-120.0,,9.5,sbro,,,,,SBAKER-R,CBUCHHOLZ-R,,,,,,,,
2010,2010-05-19,BAL,TEX,3.0,4.0,False,0|2|0|0|0|0|0|1|0,0|1|0|0|0|0|2|0|1,136.0,-156.0,150.0,-170.0,,9.5,sbro,,,,,JGUTHRIE-R,RHARDEN-R,,,,,,,,
2010,2010-05-19,LAA,CWS,3.0,2.0,False,0|0|0|2|0|0|0|1|0,0|1|0|0|0|0|0|0|1,118.0,-138.0,128.0,-148.0,,8.5,sbro,,,,,JSAUNDERS-L,JDANKS-L,,,,,,,,
2010,2010-05-19,DET,OAK,5.0,1.0,False,0|0|0|0|0|0|4|1|0,0|0|0|0|0|0|0|1|0,-119.0,-101.0,-115.0,-105.0,,7.0,sbro,,,,,VERLANDER-R,DBRADEN-L,,,,,,,,
2010,2010-05-19,TOR,SEA,3.0,2.0,False,0|0|1|2|0|0|0|0|0,0|0|0|0|0|0|2|0|0,110.0,-130.0,-104.0,-116.0,,7.5,sbro,,,,,BCECIL-L,DFISTER-R,,,,,,,,
2010,2010-05-20,CIN,ATL,9.0,10.0,False,0|8|0|0|1|0|0|0|0,0|0|1|0|2|0|0|0|7,150.0,-170.0,144.0,-164.0,,7.5,sbro,,,,,MLEAKE-R,THANSON-R,,,,,,,,
2010,2010-05-20,CUB,PHI,4.0,5.0,False,0|0|0|0|1|0|2|1|0,1|0|0|0|0|3|0|1|x,-110.0,-110.0,125.0,-145.0,,9.0,sbro,,,,,RDEMPSTER-R,JBLANTON-R,,,,,,,,
2010,2010-05-20,MIA,STL,2.0,4.0,False,2|0|0|0|0|0|0|0|0,1|3|0|0|0|0|0|0|x,200.0,-230.0,200.0,-230.0,,7.5,sbro,,,,,ROBERTSON-L,WAINWRIGHT-R,,,,,,,,
2010,2010-05-20,MIL,PIT,4.0,3.0,False,0|2|0|2|0|0|0|0|0,3|0|0|0|0|0|0|0|0,-120.0,100.0,-113.0,-107.0,,9.0,sbro,,,,,CNARVESON-L,PMAHOLM-L,,,,,,,,
2010,2010-05-20,NYM,WAS,10.0,7.0,False,3|0|0|0|5|2|0|0|0,0|1|0|0|0|2|0|3|1,-105.0,-115.0,-108.0,-112.0,,9.5,sbro,,,,,JMAINE-R,LATILANO-R,,,,,,,,
2010,2010-05-20,COL,HOU,4.0,0.0,False,3|0|0|0|0|0|0|1|0,0|0|0|0|0|0|0|0|0,-165.0,145.0,-141.0,121.0,,6.0,sbro,,,,,UJIMENEZ-R,ROSWALT-R,,,,,,,,
2010,2010-05-20,SFO,ARI,7.0,8.0,False,1|0|0|1|0|5|0|0|0,0|0|0|0|5|0|2|1|x,-180.0,160.0,-160.0,140.0,,8.0,sbro,,,,,TLINCECUM-R,RLOPEZ-R,,,,,,,,
2010,2010-05-20,SDG,LOS,1.0,4.0,False,0|0|1|0|0|0|0|0|0,0|1|0|0|0|3|0|0|x,150.0,-170.0,131.0,-151.0,,7.0,sbro,,,,,KCORREIA-R,CKERSHAW-L,,,,,,,,
2010,2010-05-20,KAN,CLE,9.0,3.0,False,0|2|4|0|0|0|3|0|0,1|0|0|0|0|2|0|0|0,115.0,-135.0,120.0,-140.0,,9.0,sbro,,,,,LHOCHEVAR-R,MTALBOT-R,,,,,,,,
2010,2010-05-20,DET,OAK,5.0,2.0,False,0|0|2|1|2|0|0|0|0,0|0|1|0|0|0|1|0|0,-130.0,110.0,-105.0,-105.0,,8.0,sbro,,,,,BONDERMAN-R,TROSS-R,,,,,,,,
2010,2010-05-20,TOR,SEA,3.0,4.0,False,0|0|0|0|2|0|1|0|0,0|0|1|0|0|0|0|0|3,-115.0,-105.0,-118.0,-102.0,,7.0,sbro,,,,,RROMERO-L,JVARGAS-L,,,,,,,,
2010,2010-05-20,TAM,NYY,8.0,6.0,False,3|0|0|1|2|1|0|1|0,0|2|1|1|0|0|0|0|2,135.0,-155.0,119.0,-139.0,,9.0,sbro,,,,,JSHIELDS-R,APETTITTE-L,,,,,,,,
2010,2010-05-20,MIN,BOS,2.0,6.0,False,0|0|0|0|0|0|0|1|1,0|1|3|0|1|1|0|0|x,115.0,-135.0,119.0,-139.0,,8.0,sbro,,,,,FLIRIANO-L,JLESTER-L,,,,,,,,
2010,2010-05-20,BAL,TEX,7.0,13.0,False,0|3|0|0|1|0|0|1|2,4|2|1|1|0|0|0|5|x,115.0,-135.0,126.0,-146.0,,9.5,sbro,,,,,BMATUSZ-L,SFELDMAN-R,,,,,,,,
2010,2010-05-20,LAA,CWS,6.0,5.0,False,2|0|2|0|0|2|0|0|0,0|0|0|0|1|0|0|4|0,115.0,-135.0,120.0,-140.0,,8.5,sbro,,,,,ESANTANA-R,JPEAVY-R,,,,,,,,
2010,2010-05-21,ATL,PIT,7.0,0.0,False,1|0|2|3|0|0|1|0|0,0|0|0|0|0|0|0|0|0,-164.0,144.0,-150.0,130.0,,8.0,sbro,,,,,THUDSON-R,ROHLENDOR-R,,,,,,,,
2010,2010-05-21,CIN,CLE,7.0,4.0,False,0|0|1|3|0|2|0|0|1,1|0|0|0|3|0|0|0|0,-115.0,-105.0,-110.0,-110.0,,9.0,sbro,,,,,BARROYO-R,WESTBROOK-R,,,,,,,,
2010,2010-05-21,BOS,PHI,1.0,5.0,False,1|0|0|0|0|0|0|0|0,0|0|0|2|2|1|0|0|x,117.0,-137.0,126.0,-146.0,,9.5,sbro,,,,,JLACKEY-R,CHAMELS-L,,,,,,,,
2010,2010-05-21,BAL,WAS,5.0,3.0,False,0|2|2|0|0|0|0|1|0,0|0|0|0|0|1|2|0|0,145.0,-165.0,138.0,-158.0,,9.0,sbro,,,,,DHERNANDZ-R,SOLSEN-L,,,,,,,,
2010,2010-05-21,NYY,NYM,2.0,1.0,False,0|0|0|0|0|0|2|0|0,0|0|0|0|0|0|0|0|1,-170.0,150.0,-160.0,140.0,,9.0,sbro,,,,,JVAZQUEZ-R,HTAKAHASH-L,,,,,,,,
2010,2010-05-21,TAM,HOU,1.0,2.0,False,1|0|0|0|0|0|0|0|0,0|0|1|0|0|1|0|0|x,-175.0,155.0,-172.0,152.0,,7.5,sbro,,,,,MGARZA-R,BMYERS-R,,,,,,,,
2010,2010-05-21,CUB,TEX,1.0,2.0,False,0|1|0|0|0|0|0|0|0,0|0|0|2|0|0|0|0|x,117.0,-137.0,145.0,-165.0,,9.0,sbro,,,,,TLILLY-L,CLEWIS-R,,,,,,,,
2010,2010-05-21,MIA,CWS,0.0,8.0,False,0|0|0|0|0|0|0|0|0,0|2|0|1|0|5|0|0|x,-106.0,-114.0,-103.0,-117.0,,8.0,sbro,,,,,RNOLASCO-R,MBUEHRLE-L,,,,,,,,
2010,2010-05-21,COL,KAN,2.0,9.0,False,0|0|0|0|0|0|0|2|0,0|0|0|2|0|0|4|3|x,-114.0,-106.0,-119.0,-101.0,,9.5,sbro,,,,,JHAMMEL-R,BBANNISTR-R,,,,,,,,
2010,2010-05-21,MIL,MIN,3.0,15.0,False,0|0|0|0|0|0|0|3|0,7|0|0|5|1|0|2|0|x,135.0,-155.0,156.0,-176.0,,9.5,sbro,,,,,DBUSH-R,NBLACKBUR-R,,,,,,,,
2010,2010-05-21,LAA,STL,5.0,9.0,False,0|4|0|1|0|0|0|0|0,2|2|5|0|0|0|0|0|x,134.0,-154.0,112.0,-132.0,,8.0,sbro,,,,,JPINEIRO-R,BPENNY-R,,,,,,,,
2010,2010-05-21,TOR,ARI,6.0,8.0,False,1|0|0|0|1|0|1|1|2,0|2|0|4|0|1|1|0|x,160.0,-180.0,126.0,-146.0,,9.5,sbro,,,,,BMORROW-R,DHAREN-R,,,,,,,,
2010,2010-05-21,SFO,OAK,1.0,6.0,False,0|0|0|0|0|0|1|0|0,0|0|3|0|0|1|2|0|x,-130.0,110.0,-105.0,-105.0,,7.5,sbro,,,,,BZITO-L,TCAHILL-R,,,,,,,,
2010,2010-05-21,DET,LOS,1.0,4.0,False,1|0|0|0|0|0|0|0|0,0|0|0|1|2|1|0|0|x,160.0,-180.0,158.0,-178.0,,8.5,sbro,,,,,DWILLIS-L,BILLNGSLEY-R,,,,,,,,
2010,2010-05-21,SDG,SEA,8.0,15.0,False,2|0|2|0|0|0|4|0|0,0|7|1|5|2|0|0|0|x,160.0,-180.0,145.0,-165.0,,6.5,sbro,,,,,WLEBLANC-L,CLEE-L,,,,,,,,
2010,2010-05-22,ATL,PIT,4.0,2.0,False,0|2|1|0|0|0|0|0|1,0|0|0|2|0|0|0|0|0,-138.0,118.0,-150.0,130.0,,9.0,sbro,,,,,DLOWE-R,CMORTON-R,,,,,,,,
2010,2010-05-22,MIA,CWS,1.0,4.0,False,0|0|0|0|0|0|1|0|0,0|0|1|0|2|0|0|1|x,100.0,-120.0,108.0,-128.0,,9.0,sbro,,,,,CVOLSTAD-R,GFLOYD-R,,,,,,,,
2010,2010-05-22,LAA,STL,10.0,7.0,False,0|1|5|0|2|0|0|2|0,0|2|0|0|0|0|1|1|3,116.0,-136.0,120.0,-140.0,,9.0,sbro,,,,,SKAZMIR-L,KLOHSE-R,,,,,,,,
2010,2010-05-22,BAL,WAS,6.0,7.0,False,2|0|0|2|0|2|0|0|0,0|0|2|1|0|4|0|0|x,104.0,-124.0,123.0,-143.0,,9.0,sbro,,,,,BBERGESEN-R,CSTAMMEN-R,,,,,,,,
2010,2010-05-22,SFO,OAK,0.0,1.0,False,0|0|0|0|0|0|0|0|0,0|0|1|0|0|0|0|0|x,-113.0,-107.0,-106.0,-114.0,,7.5,sbro,,,,,MCAIN-R,GGONZALEZ-L,,,,,,,,
2010,2010-05-22,COL,KAN,3.0,0.0,False,0|0|0|0|0|1|2|0|0,0|0|0|0|0|0|0|0|0,-118.0,-102.0,-116.0,-104.0,,9.0,sbro,,,,,JFRANCIS-L,KDAVIES-R,,,,,,,,
2010,2010-05-22,MIL,MIN,7.0,8.0,False,0|0|0|0|1|1|0|0|5,4|0|0|0|0|0|2|0|1,-103.0,-117.0,108.0,-128.0,,9.0,sbro,,,,,YGALLARDO-R,KSLOWEY-R,,,,,,,,
2010,2010-05-22,TAM,HOU,4.0,2.0,False,0|0|0|2|1|0|0|0|1,1|0|0|0|0|1|0|0|0,-147.0,127.0,-153.0,133.0,,8.0,sbro,,,,,JNIEMANN-R,WRODRIGEZ-L,,,,,,,,
2010,2010-05-22,CIN,CLE,6.0,4.0,False,2|0|0|2|1|0|1|0|0,0|0|0|0|0|2|0|0|2,-113.0,-107.0,-107.0,-113.0,,8.5,sbro,,,,,JCUETO-R,FCARMONA-R,,,,,,,,
2010,2010-05-22,CUB,TEX,5.0,4.0,False,0|2|1|0|0|0|0|0|0,0|1|0|2|0|0|0|0|0,124.0,-144.0,127.0,-147.0,,9.5,sbro,,,,,RWELLS-R,DHOLLAND-L,,,,,,,,
2010,2010-05-22,DET,LOS,4.0,6.0,False,2|0|0|0|0|0|0|1|1,1|1|0|3|1|0|0|0|x,120.0,-140.0,115.0,-135.0,,8.0,sbro,,,,,AGALARRAG-R,JELY-R,,,,,,,,
2010,2010-05-22,BOS,PHI,5.0,0.0,False,0|0|0|1|4|0|0|0|0,0|0|0|0|0|0|0|0|0,108.0,-128.0,100.0,-120.0,,10.5,sbro,,,,,DMATSUZAK-R,KKENDRICK-R,,,,,,,,
2010,2010-05-22,NYY,NYM,3.0,5.0,False,0|0|0|0|0|1|0|2|0,2|0|1|0|0|1|1|0|x,-154.0,134.0,-162.0,142.0,,7.5,sbro,,,,,PHUGHES-R,MPELFREY-R,,,,,,,,
2010,2010-05-22,TOR,ARI,5.0,8.0,False,0|1|0|0|0|0|0|4|0,4|4|0|0|0|0|0|0|x,104.0,-124.0,138.0,-158.0,,11.0,sbro,,,,,DEVELAND-L,EJACKSON-R,,,,,,,,
2010,2010-05-22,SDG,SEA,2.0,1.0,False,0|0|0|1|0|1|0|0|0,0|0|0|0|0|1|0|0|0,-108.0,-112.0,-130.0,110.0,,8.0,sbro,,,,,CRICHARD-L,ISNELL-R,,,,,,,,
2010,2010-05-23,ATL,PIT,2.0,3.0,False,0|1|0|0|0|0|0|1|0,0|0|0|0|0|2|0|0|0,-155.0,135.0,-128.0,108.0,,8.0,sbro,,,,,KMEDLEN-R,ZDUKE-L,,,,,,,,
2010,2010-05-23,CIN,CLE,3.0,4.0,False,2|0|0|0|0|1|0|0|0,2|0|1|0|0|1|0|0|x,-140.0,120.0,-133.0,113.0,,9.5,sbro,,,,,HBAILEY-R,DHUFF-L,,,,,,,,
2010,2010-05-23,BAL,WAS,3.0,4.0,False,1|0|0|0|0|0|0|0|2,3|0|0|0|0|0|0|0|0,-110.0,-110.0,101.0,-121.0,,8.5,sbro,,,,,KMILLWOOD-R,JLANNAN-L,,,,,,,,
2010,2010-05-23,BOS,PHI,8.0,3.0,False,0|1|0|2|0|4|0|0|1,0|0|0|0|0|0|0|0|3,200.0,-230.0,175.0,-195.0,,8.0,sbro,,,,,WAKEFIELD-R,RHALLADAY-R,,,,,,,,
2010,2010-05-23,TAM,HOU,10.0,6.0,False,0|0|2|0|3|2|0|3|0,4|0|0|0|1|0|1|0|0,-200.0,170.0,-175.0,155.0,,7.5,sbro,,,,,DPRICE-L,BNORRIS-R,,,,,,,,
2010,2010-05-23,CUB,TEX,5.0,4.0,False,4|0|0|0|0|1|0|0|0,0|0|2|1|0|0|1|0|0,155.0,-175.0,164.0,-184.0,,9.5,sbro,,,,,CSILVA-R,CWILSON-L,,,,,,,,
2010,2010-05-23,MIA,CWS,13.0,0.0,False,4|1|2|0|1|1|3|1|0,0|0|0|0|0|0|0|0|0,-129.0,109.0,-141.0,121.0,,8.5,sbro,,,,,JJOHNSON-R,FGARCIA-R,,,,,,,,
2010,2010-05-23,COL,KAN,11.0,7.0,False,0|0|3|5|1|2|0|0|0,0|0|0|0|4|0|2|1|0,125.0,-145.0,128.0,-148.0,,8.0,sbro,,,,,ACOOK-R,ZGREINKE-R,,,,,,,,
2010,2010-05-23,MIL,MIN,4.0,3.0,False,1|0|0|2|0|1|0|0|0,0|0|2|0|0|0|0|0|1,160.0,-180.0,158.0,-178.0,,10.0,sbro,,,,,MESTRADA-R,CPAVANO-R,,,,,,,,
2010,2010-05-23,LAA,STL,5.0,6.0,False,0|1|0|3|1|0|0|0|0,0|0|0|3|0|0|0|2|0,140.0,-160.0,110.0,-130.0,,7.0,sbro,,,,,JERWEAVER-R,CARPENTER-R,,,,,,,,
2010,2010-05-23,SFO,OAK,0.0,3.0,False,0|0|0|0|0|0|0|0|0,0|0|0|0|0|0|1|2|x,-120.0,100.0,-105.0,-115.0,,7.5,sbro,,,,,JSANCHEZ-L,BSHEETS-R,,,,,,,,
2010,2010-05-23,SDG,SEA,8.0,1.0,False,1|0|0|0|1|0|1|5|0,0|0|0|0|0|0|1|0|0,125.0,-145.0,118.0,-138.0,,7.0,sbro,,,,,MLATOS-R,FHERNANDZ-R,,,,,,,,
2010,2010-05-23,DET,LOS,6.0,2.0,False,3|0|0|0|0|0|0|1|2,0|0|0|0|2|0|0|0|0,140.0,-160.0,133.0,-153.0,,8.0,sbro,,,,,RPORCELLO-R,HKURODA-R,,,,,,,,
2010,2010-05-23,TOR,ARI,12.0,4.0,False,0|0|2|1|5|3|1|0|0,1|0|0|1|1|0|0|0|1,-145.0,125.0,-130.0,110.0,,10.0,sbro,,,,,SMARCUM-R,BBUCKNER-R,,,,,,,,
2010,2010-05-23,NYY,NYM,4.0,6.0,False,0|0|0|0|0|0|1|0|3,0|4|0|0|2|0|0|0|x,-145.0,125.0,-140.0,120.0,,7.0,sbro,,,,,CSABATHIA-L,JOSANTANA-L,,,,,,,,
2010,2010-05-24,PIT,CIN,5.0,7.0,False,0|2|0|0|0|0|3|0|0,0|1|0|5|1|0|0|0|0,165.0,-185.0,159.0,-179.0,,9.5,sbro,,,,,BBURRES-L,AHARANG-R,,,,,,,,
2010,2010-05-24,CWS,CLE,7.0,2.0,False,4|0|0|1|0|0|1|0|1,0|0|0|2|0|0|0|0|0,-154.0,134.0,-134.0,114.0,,8.0,sbro,,,,,JDANKS-L,MASTERSON-R,,,,,,,,
2010,2010-05-24,BOS,TAM,6.0,1.0,False,0|1|3|2|0|0|0|0|0,0|0|0|1|0|0|0|0|0,100.0,-120.0,116.0,-136.0,,9.0,sbro,,,,,CBUCHHOLZ-R,WDAVIS-R,,,,,,,,
2010,2010-05-24,TOR,LAA,6.0,0.0,False,1|0|0|1|0|0|4|0|0,0|0|0|0|0|0|0|0|0,-101.0,-119.0,110.0,-130.0,,9.0,sbro,,,,,BCECIL-L,JSAUNDERS-L,,,,,,,,
2010,2010-05-25,PIT,CIN,2.0,1.0,False,0|0|0|0|0|0|0|1|1,0|0|0|0|0|0|0|1|0,135.0,-155.0,148.0,-168.0,,8.5,sbro,,,,,PMAHOLM-L,MLEAKE-R,,,,,,,,
2010,2010-05-25,ATL,MIA,4.0,6.0,False,0|0|2|0|0|0|0|0|2,1|0|1|0|1|0|0|3|0,-103.0,-117.0,107.0,-127.0,,9.0,sbro,,,,,KKAWAKAMI-R,ASANCHEZ-R,,,,,,,,
2010,2010-05-25,PHI,NYM,0.0,8.0,False,0|0|0|0|0|0|0|0|0,1|1|0|1|1|1|0|3|0,-122.0,102.0,-128.0,108.0,,9.5,sbro,,,,,JMOYER-L,RDICKEY-R,,,,,,,,
2010,2010-05-25,LOS,CUB,0.0,3.0,False,0|0|0|0|0|0|0|0|0,0|0|0|0|0|1|0|2|0,-114.0,-106.0,-112.0,-108.0,,7.5,sbro,,,,,CKERSHAW-L,RDEMPSTER-R,,,,,,,,
2010,2010-05-25,HOU,MIL,1.0,6.0,False,0|0|0|0|0|0|0|0|1,2|0|0|0|0|0|4|0|0,144.0,-164.0,138.0,-158.0,,9.5,sbro,,,,,FPAULINO-R,RWOLF-L,,,,,,,,
2010,2010-05-25,ARI,COL,2.0,3.0,False,0|0|0|0|0|2|0|0|0,0|2|1|0|0|0|0|0|0,-128.0,108.0,120.0,-140.0,,9.5,sbro,,,,,IKENNEDY-R,JCHACIN-R,,,,,,,,
2010,2010-05-25,STL,SDG,0.0,1.0,False,0|0|0|0|0|0|0|0|0,0|1|0|0|0|0|0|0|0,-130.0,110.0,-140.0,120.0,,6.5,sbro,,,,,WAINWRIGHT-R,JGARLAND-R,,,,,,,,
2010,2010-05-25,WAS,SFO,2.0,4.0,False,0|0|0|0|0|0|2|0|0,0|0|0|0|4|0|0|0|0,-105.0,-115.0,102.0,-122.0,,8.5,sbro,,,,,LHERNADEZ-R,WELLEMEYER-R,,,,,,,,
2010,2010-05-25,CWS,CLE,3.0,7.0,False,0|0|0|0|0|0|2|1|0,0|0|3|0|0|3|0|1|0,-124.0,104.0,-135.0,115.0,,9.0,sbro,,,,,JPEAVY-R,MTALBOT-R,,,,,,,,
2010,2010-05-25,OAK,BAL,1.0,5.0,False,0|1|0|0|0|0|0|0|0,0|0|0|1|0|2|0|2|0,-113.0,-107.0,-118.0,-102.0,,8.0,sbro,,,,,DBRADEN-L,JGUTHRIE-R,,,,,,,,
2010,2010-05-25,BOS,TAM,2.0,0.0,False,0|0|2|0|0|0|0|0|0,0|0|0|0|0|0|0|0|0,-110.0,-110.0,-112.0,-108.0,,8.0,sbro,,,,,JLESTER-L,JSHIELDS-R,,,,,,,,
2010,2010-05-25,NYY,MIN,0.0,0.0,False,0|0|0|0|0|0|x|x|x,0|0|0|0|0|0|x|x|x,-119.0,-101.0,-105.0,-105.0,,9.5,sbro,,,,,ABURNETT-R,SBAKER-R,,,,,,,,
2010,2010-05-25,TEX,KAN,8.0,7.0,False,2|0|0|2|2|0|2|0|0,0|0|2|0|1|3|1|0|0,-138.0,118.0,-140.0,120.0,,9.5,sbro,,,,,RHARDEN-R,GMECHE-R,,,,,,,,
2010,2010-05-25,TOR,LAA,3.0,8.0,False,0|0|0|0|1|1|0|1|0,1|4|0|0|0|2|1|0|0,-107.0,-113.0,-111.0,-109.0,,8.0,sbro,,,,,RROMERO-L,ESANTANA-R,,,,,,,,
2010,2010-05-25,DET,SEA,3.0,5.0,False,0|2|0|0|0|1|0|0|0,2|0|0|0|0|1|0|2|0,-113.0,-107.0,-120.0,100.0,,6.5,sbro,,,,,VERLANDER-R,DFISTER-R,,,,,,,,
2010,2010-05-26,ATL,MIA,7.0,3.0,False,0|0|0|0|1|0|6|0|0,1|0|0|0|1|0|0|1|0,-147.0,127.0,-145.0,125.0,,8.5,sbro,,,,,THANSON-R,ROBERTSON-L,,,,,,,,
2010,2010-05-26,PIT,CIN,0.0,4.0,False,0|0|0|0|0|0|0|0|0,0|1|0|0|1|1|0|1|0,147.0,-167.0,150.0,-170.0,,9.0,sbro,,,,,ROHLENDOR-R,BARROYO-R,,,,,,,,
2010,2010-05-26,PHI,NYM,0.0,5.0,False,0|0|0|0|0|0|0|0|0,0|1|1|0|0|3|0|0|0,-114.0,-106.0,-120.0,100.0,,8.5,sbro,,,,,JBLANTON-R,HTAKAHASH-L,,,,,,,,
2010,2010-05-26,LOS,CUB,8.0,5.0,False,3|2|0|0|0|2|0|0|1,0|1|1|0|0|1|2|0|0,-113.0,-107.0,-113.0,-107.0,,7.5,sbro,,,,,BILLNGSLEY-R,GORZELANNY-L,,,,,,,,
2010,2010-05-26,HOU,MIL,5.0,0.0,False,1|0|2|1|1|0|0|0|0,0|0|0|0|0|0|0|0|0,-113.0,-107.0,-113.0,-107.0,,8.0,sbro,,,,,ROSWALT-R,CNARVESON-L,,,,,,,,
2010,2010-05-26,ARI,COL,3.0,7.0,False,0|0|0|0|0|0|0|0|3,1|0|2|0|0|1|3|0|0,200.0,-240.0,220.0,-260.0,,8.5,sbro,,,,,RLOPEZ-R,UJIMENEZ-R,,,,,,,,
2010,2010-05-26,STL,SDG,1.0,2.0,False,0|0|0|0|0|0|0|0|1,0|0|0|0|0|0|0|1|0,-117.0,-103.0,-138.0,118.0,,6.5,sbro,,,,,JGARCIA-L,KCORREIA-R,,,,,,,,
2010,2010-05-26,WAS,SFO,7.0,3.0,False,0|0|3|0|3|0|1|0|0,0|0|0|0|1|1|1|0|0,210.0,-250.0,220.0,-260.0,,7.0,sbro,,,,,LATILANO-R,TLINCECUM-R,,,,,,,,
2010,2010-05-26,CWS,CLE,5.0,4.0,False,0|0|0|3|0|2|0|0|0,0|0|0|1|0|0|0|0|3,-114.0,-106.0,-111.0,-109.0,,8.0,sbro,,,,,MBUEHRLE-L,WESTBROOK-R,,,,,,,,
2010,2010-05-26,TEX,KAN,2.0,5.0,False,0|1|0|0|0|1|0|0|0,0|1|1|0|0|2|0|1|0,-114.0,-106.0,-117.0,-103.0,,9.5,sbro,,,,,SFELDMAN-R,LHOCHEVAR-R,,,,,,,,
2010,2010-05-26,DET,SEA,4.0,5.0,False,0|0|2|0|0|2|0|0|0,0|1|0|0|0|0|0|4|0,-112.0,-108.0,-103.0,-117.0,,7.5,sbro,,,,,BONDERMAN-R,JVARGAS-L,,,,,,,,
2010,2010-05-26,TOR,LAA,5.0,6.0,False,0|3|0|0|0|0|1|0|1,0|0|2|1|0|2|0|0|1,134.0,-154.0,117.0,-137.0,,9.5,sbro,,,,,BMORROW-R,JPINEIRO-R,,,,,,,,
2010,2010-05-26,OAK,BAL,6.0,1.0,False,4|1|0|0|0|1|0|0|0,0|0|1|0|0|0|0|0|0,-113.0,-107.0,-110.0,-110.0,,9.0,sbro,,,,,TCAHILL-R,BMATUSZ-L,,,,,,,,
2010,2010-05-26,BOS,TAM,11.0,3.0,False,0|1|3|0|2|0|0|0|5,0|1|0|1|0|0|0|0|1,134.0,-154.0,146.0,-166.0,,8.5,sbro,,,,,JLACKEY-R,MGARZA-R,,,,,,,,
2010,2010-05-26,NYY,MIN,3.0,2.0,False,0|0|0|1|0|1|0|0|1,1|0|0|0|0|0|1|0|0,-113.0,-107.0,114.0,-134.0,,8.5,sbro,,,,,APETTITTE-L,FLIRIANO-L,,,,,,,,
2010,2010-05-27,HOU,MIL,3.0,4.0,False,2|0|0|0|0|1|0|0|0,0|0|1|0|1|0|0|0|1,120.0,-140.0,110.0,-130.0,,9.0,sbro,,,,,BMYERS-R,DBUSH-R,,,,,,,,
2010,2010-05-27,LOS,CUB,0.0,1.0,False,0|0|0|0|0|0|0|0|0,0|0|0|0|0|0|0|1|0,105.0,-125.0,105.0,-125.0,,7.0,sbro,,,,,JELY-R,TLILLY-L,,,,,,,,
2010,2010-05-27,ARI,COL,2.0,8.0,False,0|0|0|0|0|2|0|0|0,3|0|0|0|0|1|4|0|0,-120.0,100.0,-112.0,-108.0,,9.5,sbro,,,,,DHAREN-R,JHAMMEL-R,,,,,,,,
2010,2010-05-27,WAS,SFO,4.0,5.0,False,1|2|0|0|0|0|1|0|0,1|0|0|1|0|0|3|0|0,155.0,-175.0,139.0,-159.0,,7.5,sbro,,,,,CSTAMMEN-R,BZITO-L,,,,,,,,
2010,2010-05-27,STL,SDG,8.0,3.0,False,0|0|1|0|2|1|2|2|0,0|0|0|0|0|0|3|0|0,105.0,-125.0,-105.0,-115.0,,7.0,sbro,,,,,PWALTERS-R,WLEBLANC-L,,,,,,,,
2010,2010-05-27,PIT,CIN,2.0,8.0,False,0|0|0|0|0|0|1|0|1,4|3|0|1|0|0|0|0|0,170.0,-200.0,150.0,-170.0,,8.0,sbro,,,,,CMORTON-R,JCUETO-R,,,,,,,,
2010,2010-05-27,ATL,MIA,8.0,3.0,False,1|0|0|2|0|1|1|3|0,1|0|0|1|0|0|1|0|0,-110.0,-110.0,-113.0,-107.0,,8.0,sbro,,,,,THUDSON-R,RNOLASCO-R,,,,,,,,
2010,2010-05-27,PHI,NYM,0.0,3.0,False,0|0|0|0|0|0|0|0|0,1|0|0|0|0|0|2|0|0,-135.0,115.0,-125.0,105.0,,7.5,sbro,,,,,CHAMELS-L,MPELFREY-R,,,,,,,,
2010,2010-05-27,OAK,BAL,7.0,5.0,False,0|2|0|0|0|0|0|5|0,0|0|2|0|0|1|2|0|0,-120.0,100.0,-142.0,122.0,,9.0,sbro,,,,,GGONZALEZ-L,BBERGESEN-R,,,,,,,,
2010,2010-05-27,CWS,TAM,1.0,5.0,False,0|0|0|0|0|0|0|1|0,1|0|0|0|1|1|0|2|0,145.0,-165.0,163.0,-183.0,,8.5,sbro,,,,,GFLOYD-R,JNIEMANN-R,,,,,,,,
2010,2010-05-27,KAN,BOS,4.0,3.0,False,0|0|0|0|3|1|0|0|0,0|0|0|1|1|1|0|0|0,150.0,-170.0,180.0,-210.0,,9.5,sbro,,,,,BBANNISTR-R,DMATSUZAK-R,,,,,,,,
2010,2010-05-27,NYY,MIN,2.0,8.0,False,0|0|0|1|0|1|0|0|0,1|2|0|0|1|1|3|0|0,-125.0,105.0,-109.0,-111.0,,9.0,sbro,,,,,JVAZQUEZ-R,NBLACKBUR-R,,,,,,,,
2010,2010-05-28,STL,CUB,7.0,1.0,False,5|0|0|0|0|0|0|0|2,0|0|0|0|1|0|0|0|0,-129.0,109.0,-110.0,-110.0,,6.5,sbro,,,,,CARPENTER-R,RWELLS-R,,,,,,,,
2010,2010-05-28,HOU,CIN,6.0,15.0,False,1|0|1|0|0|0|1|3|0,2|0|3|3|0|6|0|1|0,101.0,-121.0,110.0,-130.0,,8.5,sbro,,,,,WRODRIGEZ-L,SLECURE-R,,,,,,,,
2010,2010-05-28,PHI,MIA,3.0,2.0,False,0|0|0|1|1|0|1|0|0,0|0|2|0|0|0|0|0|0,104.0,-124.0,-109.0,-111.0,,9.5,sbro,,,,,KKENDRICK-R,CVOLSTAD-R,,,,,,,,
2010,2010-05-28,PIT,ATL,3.0,7.0,False,0|0|0|1|0|0|0|2|0,4|1|0|0|0|2|0|0|0,150.0,-170.0,151.0,-171.0,,8.5,sbro,,,,,ZDUKE-L,DLOWE-R,,,,,,,,
2010,2010-05-28,NYM,MIL,0.0,2.0,False,0|0|0|0|0|0|0|0|0,0|0|0|0|0|0|0|0|2,-110.0,-110.0,-105.0,-115.0,,7.5,sbro,,,,,JOSANTANA-L,YGALLARDO-R,,,,,,,,
2010,2010-05-28,LOS,COL,5.0,4.0,False,0|0|0|0|1|4|0|0|0,2|0|0|2|0|0|0|0|0,122.0,-142.0,135.0,-155.0,,10.0,sbro,,,,,CMONASTER-R,JFRANCIS-L,,,,,,,,
2010,2010-05-28,WAS,SDG,5.0,3.0,False,0|0|0|3|0|0|1|0|1,0|0|0|1|0|0|1|0|1,135.0,-155.0,121.0,-141.0,,6.5,sbro,,,,,JLANNAN-L,CRICHARD-L,,,,,,,,
2010,2010-05-28,ARI,SFO,0.0,5.0,False,0|0|0|0|0|0|0|0|0,1|0|1|0|1|0|0|2|0,120.0,-140.0,122.0,-142.0,,7.5,sbro,,,,,EJACKSON-R,MCAIN-R,,,,,,,,
2010,2010-05-28,BAL,TOR,0.0,5.0,False,0|0|0|0|0|0|0|0|0,3|0|0|0|0|2|0|0|0,150.0,-170.0,159.0,-179.0,,8.0,sbro,,,,,KMILLWOOD-R,SMARCUM-R,,,,,,,,
2010,2010-05-28,CLE,NYY,2.0,8.0,False,0|0|0|1|0|0|1|0|0,0|2|0|0|0|2|4|0|0,220.0,-260.0,210.0,-250.0,,9.0,sbro,,,,,FCARMONA-R,PHUGHES-R,,,,,,,,
2010,2010-05-28,OAK,DET,5.0,4.0,False,1|0|1|1|0|0|0|0|2,2|0|0|1|0|0|0|0|1,-103.0,-117.0,-105.0,-105.0,,9.0,sbro,,,,,BSHEETS-R,DWILLIS-L,,,,,,,,
2010,2010-05-28,CWS,TAM,4.0,2.0,False,0|0|0|2|1|0|0|0|1,0|0|1|0|0|1|0|0|0,171.0,-201.0,190.0,-220.0,,8.5,sbro,,,,,FGARCIA-R,DPRICE-L,,,,,,,,
2010,2010-05-28,KAN,BOS,12.0,5.0,False,0|0|2|7|0|0|1|2|0,3|0|2|0|0|0|0|0|0,159.0,-179.0,165.0,-185.0,,9.5,sbro,,,,,KDAVIES-R,WAKEFIELD-R,,,,,,,,
2010,2010-05-28,TEX,MIN,1.0,2.0,False,0|0|0|1|0|0|0|0|0,0|0|1|0|1|0|0|0|0,100.0,-120.0,106.0,-126.0,,9.0,sbro,,,,,CLEWIS-R,KSLOWEY-R,,,,,,,,
2010,2010-05-28,SEA,LAA,8.0,3.0,False,0|0|3|1|2|0|0|0|2,2|0|0|0|1|0|0|0|0,-111.0,-109.0,-109.0,-111.0,,7.5,sbro,,,,,CLEE-L,SKAZMIR-L,,,,,,,,
2010,2010-05-29,STL,CUB,0.0,5.0,False,0|0|0|0|0|0|0|0|0,0|0|0|3|0|1|0|1|0,110.0,-130.0,110.0,-130.0,,8.5,sbro,,,,,AOTTAVINO-R,CSILVA-R,,,,,,,,
2010,2010-05-29,NYM,MIL,6.0,8.0,False,1|1|1|3|0|0|0|0|0,4|1|2|1|0|0|0|0|0,105.0,-125.0,105.0,-125.0,,10.0,sbro,,,,,FNIEVE-R,MPARRA-L,,,,,,,,
2010,2010-05-29,PIT,ATL,3.0,6.0,False,0|0|1|2|0|0|0|0|0,1|0|0|0|2|1|0|2|0,170.0,-200.0,180.0,-210.0,,9.0,sbro,,,,,BBURRES-L,KMEDLEN-R,,,,,,,,
2010,2010-05-29,HOU,CIN,2.0,12.0,False,0|1|0|0|0|0|0|0|1,0|2|6|1|2|0|1|0|0,155.0,-175.0,148.0,-168.0,,9.0,sbro,,,,,BMOEHLER-R,AHARANG-R,,,,,,,,
2010,2010-05-29,PHI,MIA,1.0,0.0,False,0|0|1|0|0|0|0|0|0,0|0|0|0|0|0|0|0|0,-125.0,105.0,-114.0,-106.0,,6.5,sbro,,,,,RHALLADAY-R,JJOHNSON-R,,,,,,,,
2010,2010-05-29,LOS,COL,3.0,11.0,False,0|0|0|0|0|0|3|0|0,2|1|2|0|3|0|0|3|0,110.0,-130.0,-101.0,-119.0,,9.5,sbro,,,,,HKURODA-R,ACOOK-R,,,,,,,,
2010,2010-05-29,WAS,SDG,2.0,4.0,False,0|2|0|0|0|0|0|0|0,3|0|0|1|0|0|0|0|0,160.0,-180.0,166.0,-186.0,,7.0,sbro,,,,,JMARTIN-R,MLATOS-R,,,,,,,,
2010,2010-05-29,ARI,SFO,1.0,12.0,False,0|0|1|0|0|0|0|0|0,2|0|1|1|3|0|3|2|0,145.0,-165.0,135.0,-155.0,,8.0,sbro,,,,,BBUCKNER-R,JSANCHEZ-L,,,,,,,,
2010,2010-05-29,BAL,TOR,2.0,5.0,False,0|0|0|0|0|2|0|0|0,0|1|0|0|0|1|0|3|0,170.0,-190.0,149.0,-169.0,,9.0,sbro,,,,,CTILLMAN-R,BCECIL-L,,,,,,,,
2010,2010-05-29,CLE,NYY,13.0,11.0,False,0|0|0|3|1|1|7|1|0,1|0|2|6|1|0|0|0|1,270.0,-320.0,280.0,-330.0,,9.0,sbro,,,,,DHUFF-L,CSABATHIA-L,,,,,,,,
2010,2010-05-29,SEA,LAA,1.0,5.0,False,0|0|0|1|0|0|0|0|0,0|0|0|0|0|0|0|1|0,165.0,-185.0,116.0,-136.0,,7.5,sbro,,,,,FHERNANDZ-R,JERWEAVER-R,,,,,,,,
2010,2010-05-29,TEX,MIN,3.0,8.0,False,0|0|1|0|1|0|0|1|0,0|0|0|0|0|2|6|0|0,105.0,-125.0,101.0,-121.0,,8.5,sbro,,,,,CWILSON-L,CPAVANO-R,,,,,,,,
2010,2010-05-29,OAK,DET,6.0,0.0,False,0|0|0|0|2|0|0|4|0,0|0|0|0|0|0|0|0|0,105.0,-125.0,100.0,-120.0,,9.0,sbro,,,,,BANDERSON-L,RPORCELLO-R,,,,,,,,
2010,2010-05-29,CWS,TAM,5.0,8.0,False,0|2|0|0|0|0|1|2|0,1|0|1|4|2|0|0|0|0,110.0,-130.0,123.0,-143.0,,8.0,sbro,,,,,JDANKS-L,WDAVIS-R,,,,,,,,
2010,2010-05-29,KAN,BOS,0.0,1.0,False,0|0|0|0|0|0|0|0|0,0|1|0|0|0|0|0|0|0,115.0,-135.0,129.0,-149.0,,8.5,sbro,,,,,ZGREINKE-R,CBUCHHOLZ-R,,,,,,,,
2010,2010-05-30,PHI,MIA,0.0,1.0,False,0|0|0|0|0|0|0|0|0,0|0|0|0|0|1|0|0|0,105.0,-125.0,115.0,-135.0,,8.5,sbro,,,,,JMOYER-L,ASANCHEZ-R,,,,,,,,
2010,2010-05-30,HOU,CIN,2.0,0.0,False,0|0|0|0|0|0|0|0|0,0|0|0|0|0|0|0|0|0,155.0,-175.0,170.0,-200.0,,8.5,sbro,,,,,FPAULINO-R,MLEAKE-R,,,,,,,,
2010,2010-05-30,PIT,ATL,2.0,5.0,False,0|0|0|0|0|0|2|0|0,1|0|1|0|0|0|0|3|0,155.0,-175.0,142.0,-162.0,,8.5,sbro,,,,,PMAHOLM-L,KKAWAKAMI-R,,,,,,,,
2010,2010-05-30,NYM,MIL,10.0,4.0,False,1|0|0|1|0|2|2|0|4,1|1|0|0|0|0|2|0|0,115.0,-135.0,121.0,-141.0,,10.0,sbro,,,,,RDICKEY-R,RWOLF-L,,,,,,,,
2010,2010-05-30,STL,CUB,9.0,1.0,False,1|0|0|0|3|0|2|0|3,0|0|0|0|0|0|1|0|0,-110.0,-110.0,-117.0,-103.0,,7.0,sbro,,,,,WAINWRIGHT-R,RDEMPSTER-R,,,,,,,,
2010,2010-05-30,LOS,COL,4.0,3.0,False,1|0|1|0|0|2|0|0|0,2|0|0|0|0|0|0|0|1,-110.0,-110.0,-105.0,-115.0,,9.0,sbro,,,,,CKERSHAW-L,JCHACIN-R,,,,,,,,
2010,2010-05-30,WAS,SDG,2.0,3.0,False,1|0|0|0|0|1|0|0|0,0|0|0|2|0|0|0|0|0,120.0,-140.0,144.0,-164.0,,7.0,sbro,,,,,LHERNADEZ-R,JGARLAND-R,,,,,,,,
2010,2010-05-30,ARI,SFO,5.0,6.0,False,0|2|0|0|0|0|0|2|1,2|0|0|0|0|0|0|1|2,-105.0,-115.0,-112.0,-108.0,,8.5,sbro,,,,,IKENNEDY-R,WELLEMEYER-R,,,,,,,,
2010,2010-05-30,CLE,NYY,3.0,7.0,False,0|0|1|0|0|0|2|0|0,0|0|0|0|0|0|5|2|0,245.0,-285.0,250.0,-290.0,,10.0,sbro,,,,,MASTERSON-R,ABURNETT-R,,,,,,,,
2010,2010-05-30,OAK,DET,2.0,10.0,False,0|0|0|0|0|0|2|0|0,1|1|1|1|0|1|0|5|0,105.0,-125.0,108.0,-128.0,,8.5,sbro,,,,,DBRADEN-L,MSCHERZER-R,,,,,,,,
2010,2010-05-30,BAL,TOR,1.0,6.0,False,1|0|0|0|0|0|0|0|0,3|0|0|0|0|1|0|2|0,170.0,-190.0,150.0,-170.0,,8.0,sbro,,,,,JGUTHRIE-R,RROMERO-L,,,,,,,,
2010,2010-05-30,KAN,BOS,1.0,8.0,False,0|1|0|0|0|0|0|0|0,0|0|1|0|3|3|0|1|0,250.0,-300.0,250.0,-290.0,,9.0,sbro,,,,,BCHEN-L,JLESTER-L,,,,,,,,
2010,2010-05-30,CWS,TAM,8.0,5.0,False,2|0|1|0|0|4|0|1|0,0|0|1|0|2|2|0|0|0,155.0,-175.0,157.0,-177.0,,8.0,sbro,,,,,JPEAVY-R,JSHIELDS-R,,,,,,,,
2010,2010-05-30,SEA,LAA,7.0,9.0,False,0|1|0|3|3|0|0|0|0,2|0|0|0|1|2|1|0|3,145.0,-165.0,125.0,-145.0,,9.0,sbro,,,,,ISNELL-R,JSAUNDERS-L,,,,,,,,
2010,2010-05-30,TEX,MIN,3.0,6.0,False,0|0|2|0|0|1|0|0|0,1|2|2|0|0|0|1|0|0,120.0,-140.0,111.0,-131.0,,8.5,sbro,,,,,DHOLLAND-L,SBAKER-R,,,,,,,,
2010,2010-05-31,PHI,ATL,3.0,9.0,False,0|0|0|0|0|0|3|0|0,3|0|3|0|0|0|3|0|0,130.0,-150.0,138.0,-158.0,,7.5,sbro,,,,,JBLANTON-R,THANSON-R,,,,,,,,
2010,2010-05-31,MIL,MIA,5.0,13.0,False,1|2|0|0|0|1|0|0|1,0|0|0|0|0|7|4|2|0,110.0,-130.0,105.0,-125.0,,9.5,sbro,,,,,CNARVESON-L,ROBERTSON-L,,,,,,,,
2010,2010-05-31,CUB,PIT,1.0,2.0,False,0|1|0|0|0|0|0|0|0,0|0|0|0|0|1|0|1|0,-130.0,110.0,-131.0,111.0,,8.5,sbro,,,,,RWELLS-R,ROHLENDOR-R,,,,,,,,
2010,2010-05-31,WAS,HOU,14.0,4.0,False,1|0|3|0|1|0|9|0|0,1|0|1|0|0|0|2|0|0,170.0,-190.0,134.0,-154.0,,7.5,sbro,,,,,LATILANO-R,ROSWALT-R,,,,,,,,
2010,2010-05-31,COL,SFO,4.0,0.0,False,0|2|0|0|1|1|0|0|0,0|0|0|0|0|0|0|0|0,-114.0,-106.0,-106.0,-114.0,,6.0,sbro,,,,,UJIMENEZ-R,TLINCECUM-R,,,,,,,,
2010,2010-05-31,CIN,STL,4.0,12.0,False,2|0|0|1|0|0|0|1|0,0|1|0|3|3|5|0|0|0,120.0,-140.0,148.0,-168.0,,7.5,sbro,,,,,BARROYO-R,JGARCIA-L,,,,,,,,
2010,2010-05-31,ARI,LOS,4.0,5.0,False,2|2|0|0|0|0|0|0|0,0|1|1|0|0|0|0|2|1,140.0,-160.0,166.0,-186.0,,8.5,sbro,,,,,RLOPEZ-R,BILLNGSLEY-R,,,,,,,,
2010,2010-05-31,NYM,SDG,6.0,18.0,False,0|1|0|0|3|2|0|0|0,0|4|2|0|4|6|1|1|0,-111.0,-109.0,-105.0,-115.0,,6.5,sbro,,,,,HTAKAHASH-L,KCORREIA-R,,,,,,,,
2010,2010-05-31,CLE,NYY,2.0,11.0,False,0|1|0|0|0|0|0|0|1,1|0|0|1|0|0|6|3|0,220.0,-260.0,210.0,-250.0,,9.5,sbro,,,,,MTALBOT-R,APETTITTE-L,,,,,,,,
2010,2010-05-31,OAK,DET,4.0,1.0,False,2|0|0|0|0|0|1|1|0,0|0|0|0|0|0|1|0|0,145.0,-165.0,161.0,-181.0,,8.0,sbro,,,,,TCAHILL-R,VERLANDER-R,,,,,,,,
2010,2010-05-31,LAA,KAN,7.0,1.0,False,0|2|1|0|1|1|0|2|0,0|0|0|0|1|0|0|0|0,-113.0,-107.0,-110.0,-110.0,,9.0,sbro,,,,,ESANTANA-R,LHOCHEVAR-R,,,,,,,,
2010,2010-05-31,TAM,TOR,2.0,3.0,False,0|0|0|0|0|0|0|2|0,2|0|0|0|1|0|0|0|0,-140.0,120.0,-135.0,115.0,,9.0,sbro,,,,,MGARZA-R,BMORROW-R,,,,,,,,
2010,2010-05-31,MIN,SEA,5.0,4.0,False,0|3|0|2|0|0|0|0|0,0|0|1|0|2|0|0|0|1,-113.0,-107.0,-125.0,105.0,,7.0,sbro,,,,,FLIRIANO-L,DFISTER-R,,,,,,,,
2010,2010-06-01,CUB,PIT,2.0,3.0,False,0|0|2|0|0|0|0|0|0,0|0|0|1|0|0|0|2|0,-153.0,133.0,-145.0,125.0,,8.0,sbro,,,,,TLILLY-L,JKARSTENS-R,,,,,,,,
2010,2010-06-01,PHI,ATL,3.0,7.0,False,0|0|0|0|0|2|0|0|1,3|0|2|0|1|0|0|1|0,115.0,-135.0,102.0,-122.0,,7.5,sbro,,,,,CHAMELS-L,THUDSON-R,,,,,,,,
2010,2010-06-01,MIL,MIA,4.0,6.0,False,0|0|0|0|0|3|0|1|0,3|0|0|0|0|0|3|0|0,131.0,-151.0,130.0,-150.0,,9.0,sbro,,,,,DBUSH-R,RNOLASCO-R,,,,,,,,
2010,2010-06-01,WAS,HOU,7.0,8.0,False,0|0|0|0|4|0|0|1|2,3|0|1|0|1|1|0|0|2,103.0,-123.0,100.0,-120.0,,8.5,sbro,,,,,CSTAMMEN-R,BMYERS-R,,,,,,,,
2010,2010-06-01,CIN,STL,9.0,8.0,False,3|0|2|2|0|0|2|0|0,3|0|0|1|0|4|0|0|0,-110.0,-110.0,-104.0,-116.0,,8.0,sbro,,,,,JCUETO-R,PWALTERS-R,,,,,,,,
2010,2010-06-01,NYM,SDG,4.0,2.0,False,1|0|0|0|0|1|2|0|0,0|0|0|0|0|1|0|0|1,-125.0,105.0,-114.0,-106.0,,6.5,sbro,,,,,MPELFREY-R,WLEBLANC-L,,,,,,,,
2010,2010-06-01,ARI,LOS,0.0,1.0,False,0|0|0|0|0|0|0|0|0,0|0|0|0|0|0|0|0|0,110.0,-130.0,118.0,-138.0,,7.5,sbro,,,,,DHAREN-R,JELY-R,,,,,,,,
2010,2010-06-01,COL,SFO,2.0,1.0,False,0|0|0|0|0|0|1|0|0,0|0|0|1|0|0|0|0|0,125.0,-145.0,113.0,-133.0,,8.0,sbro,,,,,JHAMMEL-R,BZITO-L,,,,,,,,
2010,2010-06-01,BAL,NYY,1.0,3.0,False,0|0|0|0|0|1|0|0|0,0|0|0|0|1|0|2|0|0,200.0,-230.0,200.0,-230.0,,10.0,sbro,,,,,BMATUSZ-L,JVAZQUEZ-R,,,,,,,,
2010,2010-06-01,CLE,DET,3.0,2.0,False,0|0|0|0|1|1|0|1|0,0|1|0|0|0|0|0|0|1,128.0,-148.0,157.0,-177.0,,9.0,sbro,,,,,WESTBROOK-R,BONDERMAN-R,,,,,,,,
2010,2010-06-01,TAM,TOR,7.0,6.0,False,0|0|0|0|0|0|3|0|4,1|0|0|0|3|1|0|0|1,-165.0,145.0,-152.0,132.0,,9.0,sbro,,,,,JNIEMANN-R,BTALLET-L,,,,,,,,
2010,2010-06-01,OAK,BOS,4.0,9.0,False,0|0|2|0|2|0|0|0|0,0|0|0|0|3|2|1|3|0,125.0,-145.0,137.0,-157.0,,9.0,sbro,,,,,GGONZALEZ-L,JLACKEY-R,,,,,,,,
2010,2010-06-01,LAA,KAN,3.0,6.0,False,0|2|0|0|0|1|0|0|0,1|0|0|0|4|0|0|1|0,-105.0,-105.0,-109.0,-111.0,,9.5,sbro,,,,,JPINEIRO-R,BBANNISTR-R,,,,,,,,
2010,2010-06-01,TEX,CWS,9.0,6.0,False,0|0|0|1|1|5|1|0|1,1|3|0|0|0|2|0|0|0,105.0,-125.0,105.0,-125.0,,8.5,sbro,,,,,RHARDEN-R,MBUEHRLE-L,,,,,,,,
2010,2010-06-01,MIN,SEA,1.0,7.0,False,0|0|1|0|0|0|0|0|0,1|0|0|4|0|0|2|0|0,-105.0,-115.0,-111.0,-109.0,,8.0,sbro,,,,,NBLACKBUR-R,JVARGAS-L,,,,,,,,
2010,2010-06-02,PHI,ATL,1.0,2.0,False,0|0|1|0|0|0|0|0|0,1|0|0|0|0|0|0|1|0,114.0,-134.0,126.0,-146.0,,9.0,sbro,,,,,KKENDRICK-R,DLOWE-R,,,,,,,,
2010,2010-06-02,ARI,LOS,0.0,1.0,False,0|0|0|0|0|0|0|0|0,0|0|0|0|0|0|0|0|0,125.0,-145.0,123.0,-143.0,,8.5,sbro,,,,,EJACKSON-R,CMONASTER-R,,,,,,,,
2010,2010-06-02,NYM,SDG,1.0,5.0,False,0|0|0|1|0|0|0|0|0,0|0|0|0|0|0|0|0|1,-110.0,-110.0,-120.0,100.0,,6.0,sbro,,,,,JOSANTANA-L,CRICHARD-L,,,,,,,,
2010,2010-06-02,MIL,MIA,7.0,4.0,False,0|0|0|0|0|1|1|3|2,1|0|1|0|0|0|0|1|1,-114.0,-106.0,-122.0,102.0,,8.5,sbro,,,,,YGALLARDO-R,CVOLSTAD-R,,,,,,,,
2010,2010-06-02,WAS,HOU,1.0,5.0,False,1|0|0|0|0|0|0|0|0,0|0|2|0|0|1|2|0|0,-111.0,-109.0,-107.0,-113.0,,8.5,sbro,,,,,JLANNAN-L,WRODRIGEZ-L,,,,,,,,
2010,2010-06-02,CIN,STL,1.0,4.0,False,0|0|0|0|0|0|1|0|0,0|0|0|1|0|2|1|0|0,170.0,-200.0,180.0,-210.0,,8.0,sbro,,,,,SLECURE-R,CARPENTER-R,,,,,,,,
2010,2010-06-02,COL,SFO,1.0,4.0,False,0|0|0|1|0|0|0|0|0,0|0|0|0|2|2|0|0|0,100.0,-120.0,122.0,-142.0,,7.0,sbro,,,,,JFRANCIS-L,MCAIN-R,,,,,,,,
2010,2010-06-02,BAL,NYY,1.0,9.0,False,0|0|0|0|0|1|0|0|0,0|4|2|0|0|0|2|1|0,265.0,-315.0,280.0,-330.0,,9.5,sbro,,,,,BBERGESEN-R,PHUGHES-R,,,,,,,,
2010,2010-06-02,CLE,DET,0.0,3.0,False,0|0|0|0|0|0|0|0|0,0|1|0|0|0|0|0|2|0,108.0,-128.0,140.0,-160.0,,9.0,sbro,,,,,FCARMONA-R,AGALARRAG-R,,,,,,,,
2010,2010-06-02,TAM,TOR,7.0,3.0,False,0|0|0|0|1|0|0|0|6,1|1|0|0|0|0|0|0|1,-106.0,-114.0,-113.0,-107.0,,7.5,sbro,,,,,DPRICE-L,SMARCUM-R,,,,,,,,
2010,2010-06-02,OAK,BOS,4.0,6.0,False,3|0|0|0|0|0|0|0|1,2|0|0|0|2|0|1|1|0,129.0,-149.0,127.0,-147.0,,9.5,sbro,,,,,BSHEETS-R,DMATSUZAK-R,,,,,,,,
2010,2010-06-02,LAA,KAN,7.0,2.0,False,3|0|0|2|1|0|1|0|0,0|0|1|0|0|0|0|0|1,-106.0,-114.0,-106.0,-114.0,,9.5,sbro,,,,,SKAZMIR-L,KDAVIES-R,,,,,,,,
2010,2010-06-02,TEX,CWS,9.0,5.0,False,3|2|1|0|2|1|0|0|0,2|0|0|0|0|1|0|2|0,100.0,-120.0,107.0,-127.0,,9.0,sbro,,,,,SFELDMAN-R,GFLOYD-R,,,,,,,,
2010,2010-06-02,MIN,SEA,1.0,2.0,False,0|0|0|0|0|0|1|0|0,0|0|0|0|1|0|0|0|0,121.0,-141.0,118.0,-138.0,,7.0,sbro,,,,,KSLOWEY-R,CLEE-L,,,,,,,,
2010,2010-06-03,WAS,HOU,4.0,6.0,False,0|0|0|1|0|1|0|0|2,1|1|1|0|0|0|0|0|3,-115.0,-105.0,-131.0,111.0,,9.0,sbro,,,,,JMARTIN-R,BMOEHLER-R,,,,,,,,
2010,2010-06-03,MIL,MIA,2.0,3.0,False,0|0|0|0|0|0|1|0|1,0|1|0|2|0|0|0|0|0,200.0,-240.0,210.0,-250.0,,8.5,sbro,,,,,CCAPUANO-L,JJOHNSON-R,,,,,,,,
2010,2010-06-03,ATL,LOS,4.0,3.0,False,1|0|0|2|0|1|0|0|0,0|0|0|0|0|0|0|3|0,110.0,-130.0,115.0,-135.0,,8.0,sbro,,,,,KMEDLEN-R,HKURODA-R,,,,,,,,
2010,2010-06-03,BAL,NYY,3.0,6.0,False,0|0|1|0|0|0|2|0|0,2|0|3|0|0|1|0|0|0,270.0,-320.0,250.0,-300.0,,9.0,sbro,,,,,KMILLWOOD-R,CSABATHIA-L,,,,,,,,
2010,2010-06-03,CLE,DET,6.0,12.0,False,0|0|1|5|0|0|0|0|0,0|2|3|0|1|1|5|0|0,170.0,-200.0,169.0,-189.0,,9.5,sbro,,,,,DHUFF-L,RPORCELLO-R,,,,,,,,
2010,2010-06-03,OAK,BOS,9.0,8.0,False,0|1|0|4|0|1|1|2|0,1|1|0|1|0|2|1|1|1,110.0,-130.0,-107.0,-113.0,,9.0,sbro,,,,,BANDERSON-L,WAKEFIELD-R,,,,,,,,
2010,2010-06-03,LAA,KAN,5.0,4.0,False,0|1|0|0|2|1|0|0|1,0|0|0|0|0|0|0|2|2,100.0,-120.0,-104.0,-116.0,,7.0,sbro,,,,,JERWEAVER-R,ZGREINKE-R,,,,,,,,
2010,2010-06-03,TEX,CWS,3.0,4.0,False,0|0|0|1|1|1|0|0|0,0|1|0|0|0|1|2|0|0,-125.0,105.0,-116.0,-104.0,,9.0,sbro,,,,,CLEWIS-R,FGARCIA-R,,,,,,,,
2010,2010-06-03,MIN,SEA,1.0,4.0,False,1|0|0|0|0|0|0|0|0,0|0|4|0|0|0|0|0|0,115.0,-135.0,105.0,-125.0,,7.0,sbro,,,,,CPAVANO-R,FHERNANDZ-R,,,,,,,,
2010,2010-06-04,SDG,PHI,2.0,3.0,False,0|1|0|0|1|0|0|0|0,0|0|2|0|1|0|0|0|0,170.0,-190.0,180.0,-210.0,,7.0,sbro,,,,,MLATOS-R,RHALLADAY-R,,,,,,,,
2010,2010-06-04,CIN,WAS,2.0,4.0,False,0|1|0|0|1|0|0|0|0,0|1|1|0|0|0|2|0|0,-106.0,-114.0,-115.0,-105.0,,8.5,sbro,,,,,AHARANG-R,LHERNADEZ-R,,,,,,,,
2010,2010-06-04,SFO,PIT,6.0,4.0,False,0|0|0|0|2|4|0|0|0,0|4|0|0|0|0|0|0|0,-130.0,110.0,-123.0,103.0,,7.5,sbro,,,,,JSANCHEZ-L,ZDUKE-L,,,,,,,,
2010,2010-06-04,MIA,NYM,3.0,4.0,False,0|1|2|0|0|0|0|0|0,0|0|2|0|0|2|0|0|0,-120.0,100.0,-113.0,-107.0,,8.5,sbro,,,,,ASANCHEZ-R,RDICKEY-R,,,,,,,,
2010,2010-06-04,CUB,HOU,1.0,3.0,False,0|0|0|0|1|0|0|0|0,1|0|0|0|2|0|0|0|0,-119.0,-101.0,-127.0,107.0,,8.0,sbro,,,,,CZAMBRANO-R,FPAULINO-R,,,,,,,,
2010,2010-06-04,MIL,STL,0.0,8.0,False,0|0|0|0|0|0|0|0|0,0|0|2|0|0|2|1|3|0,170.0,-200.0,200.0,-230.0,,8.0,sbro,,,,,RWOLF-L,WAINWRIGHT-R,,,,,,,,
2010,2010-06-04,COL,ARI,6.0,7.0,False,1|0|2|0|0|3|0|0|0,2|0|1|0|0|1|1|0|2,-105.0,-115.0,-104.0,-116.0,,10.0,sbro,,,,,ACOOK-R,IKENNEDY-R,,,,,,,,
2010,2010-06-04,ATL,LOS,4.0,5.0,False,0|0|2|0|0|0|2|0|0,2|2|0|0|0|0|1|0|0,145.0,-165.0,162.0,-182.0,,7.5,sbro,,,,,KKAWAKAMI-R,CKERSHAW-L,,,,,,,,
2010,2010-06-04,NYY,TOR,1.0,6.0,False,0|0|0|0|0|1|0|0|0,0|1|0|2|1|2|0|0|0,-132.0,112.0,-133.0,113.0,,9.0,sbro,,,,,ABURNETT-R,BCECIL-L,,,,,,,,
2010,2010-06-04,BOS,BAL,11.0,0.0,False,3|1|0|3|1|0|0|1|2,0|0|0|0|0|0|0|0|0,-180.0,160.0,-172.0,152.0,,9.5,sbro,,,,,CBUCHHOLZ-R,CTILLMAN-R,,,,,,,,
2010,2010-06-04,TAM,TEX,6.0,9.0,False,0|4|0|0|0|1|1|0|0,0|2|0|7|0|0|0|0|0,100.0,-120.0,110.0,-130.0,,10.0,sbro,,,,,WDAVIS-R,CWILSON-L,,,,,,,,
2010,2010-06-04,CLE,CWS,10.0,1.0,False,0|0|0|0|0|4|2|4|0,0|0|0|1|0|0|0|0|0,190.0,-220.0,158.0,-178.0,,8.5,sbro,,,,,MASTERSON-R,JDANKS-L,,,,,,,,
2010,2010-06-04,DET,KAN,3.0,7.0,False,0|0|0|0|0|3|0|0|0,0|3|0|0|1|3|0|0|0,-139.0,119.0,-139.0,119.0,,9.0,sbro,,,,,MSCHERZER-R,BCHEN-L,,,,,,,,
2010,2010-06-04,MIN,OAK,5.0,4.0,False,2|0|0|0|0|2|0|0|0,0|0|0|1|0|0|2|1|0,-113.0,-107.0,-111.0,-109.0,,7.5,sbro,,,,,SBAKER-R,DBRADEN-L,,,,,,,,
2010,2010-06-04,LAA,SEA,7.0,1.0,False,0|2|2|0|0|0|3|0|0,0|0|0|0|1|0|0|0|0,-110.0,-110.0,-106.0,-114.0,,8.5,sbro,,,,,JSAUNDERS-L,ISNELL-R,,,,,,,,
2010,2010-06-05,MIA,NYM,1.0,6.0,False,0|0|0|0|0|0|1|0|0,0|2|3|0|1|0|0|0|0,107.0,-127.0,102.0,-122.0,,9.5,sbro,,,,,ROBERTSON-L,JNIESE-L,,,,,,,,
2010,2010-06-05,MIL,STL,4.0,5.0,False,1|0|0|0|0|3|0|0|0,4|0|0|0|0|0|0|0|0,125.0,-145.0,122.0,-142.0,,9.5,sbro,,,,,CNARVESON-L,AOTTAVINO-R,,,,,,,,
2010,2010-06-05,CUB,HOU,8.0,5.0,False,0|1|0|2|0|1|2|2|0,1|0|1|0|0|0|1|0|2,-105.0,-105.0,-106.0,-114.0,,6.5,sbro,,,,,RDEMPSTER-R,ROSWALT-R,,,,,,,,
2010,2010-06-05,CIN,WAS,5.0,1.0,False,1|0|0|0|1|0|0|3|0,0|0|0|0|0|1|0|0|0,-117.0,-103.0,-135.0,115.0,,9.0,sbro,,,,,MLEAKE-R,LATILANO-R,,,,,,,,
2010,2010-06-05,SDG,PHI,2.0,6.0,False,0|2|0|0|0|0|0|0|0,0|0|4|0|2|0|0|0|0,118.0,-138.0,112.0,-132.0,,9.0,sbro,,,,,JGARLAND-R,JMOYER-L,,,,,,,,
2010,2010-06-05,SFO,PIT,3.0,6.0,False,0|0|0|0|0|2|0|0|1,1|0|3|2|0|0|0|0|0,-114.0,-106.0,106.0,-126.0,,8.0,sbro,,,,,WELLEMEYER-R,PMAHOLM-L,,,,,,,,
2010,2010-06-05,COL,ARI,3.0,4.0,False,0|0|0|0|0|0|3|0|0,0|0|1|0|0|3|0|0|x,-120.0,100.0,-133.0,113.0,,10.5,sbro,,,,,JCHACIN-R,DWILLIS-L,,,,,,,,
2010,2010-06-05,ATL,LOS,9.0,3.0,False,0|0|0|0|0|0|7|2|0,0|1|1|0|0|0|0|0|1,-112.0,-108.0,106.0,-126.0,,7.0,sbro,,,,,THANSON-R,BILLNGSLEY-R,,,,,,,,
2010,2010-06-05,NYY,TOR,2.0,3.0,False,0|0|0|0|2|0|0|0|0,0|1|0|0|0|0|1|0|0,-115.0,-105.0,-134.0,114.0,,8.5,sbro,,,,,APETTITTE-L,RROMERO-L,,,,,,,,
2010,2010-06-05,LAA,SEA,11.0,2.0,False,0|0|1|0|0|6|4|0|0,0|0|0|0|1|0|0|0|1,-106.0,-114.0,-145.0,125.0,,8.5,sbro,,,,,ESANTANA-R,RWLND-SMTH-L,,,,,,,,
2010,2010-06-05,CLE,CWS,3.0,1.0,False,0|0|0|2|0|0|0|1|0,0|0|0|1|0|0|0|0|0,150.0,-170.0,134.0,-154.0,,9.0,sbro,,,,,MTALBOT-R,JPEAVY-R,,,,,,,,
2010,2010-06-05,BOS,BAL,8.0,0.0,False,0|0|0|0|0|0|1|1|6,0|0|0|0|0|0|0|0|0,-180.0,160.0,-200.0,170.0,,8.5,sbro,,,,,JLESTER-L,JGUTHRIE-R,,,,,,,,
2010,2010-06-05,DET,KAN,4.0,2.0,False,0|0|0|0|0|1|0|3|0,0|0|0|0|0|0|0|2|0,-138.0,118.0,-151.0,131.0,,8.5,sbro,,,,,VERLANDER-R,LHOCHEVAR-R,,,,,,,,
2010,2010-06-05,TAM,TEX,1.0,6.0,False,0|1|0|0|0|0|0|0|0,3|1|0|0|0|2|0|0|0,-130.0,110.0,-145.0,125.0,,9.5,sbro,,,,,JSHIELDS-R,THUNTER-R,,,,,,,,
2010,2010-06-05,MIN,OAK,4.0,3.0,False,0|1|0|0|0|2|0|0|1,1|0|0|0|0|0|0|2|0,-120.0,100.0,-113.0,-107.0,,7.5,sbro,,,,,FLIRIANO-L,TCAHILL-R,,,,,,,,
2010,2010-06-06,MIA,NYM,6.0,7.0,False,0|0|0|1|0|4|1|0|0,0|0|0|0|0|3|3|1|0,-110.0,-110.0,-110.0,-110.0,,8.0,sbro,,,,,RNOLASCO-R,HTAKAHASH-L,,,,,,,,
2010,2010-06-06,SDG,PHI,6.0,5.0,False,3|0|0|1|1|0|0|0|0,1|4|0|0|0|0|0|0|0,111.0,-131.0,132.0,-152.0,,9.5,sbro,,,,,KCORREIA-R,JBLANTON-R,,,,,,,,
2010,2010-06-06,CIN,WAS,5.0,4.0,False,1|0|0|0|0|0|0|0|3,1|0|0|1|0|0|0|0|2,-135.0,115.0,-113.0,-107.0,,9.0,sbro,,,,,BARROYO-R,CSTAMMEN-R,,,,,,,,
2010,2010-06-06,SFO,PIT,6.0,5.0,False,1|0|1|0|1|0|0|0|2,0|0|0|2|0|1|0|0|2,-180.0,160.0,-170.0,150.0,,7.0,sbro,,,,,TLINCECUM-R,ROHLENDOR-R,,,,,,,,
2010,2010-06-06,CUB,HOU,3.0,6.0,False,0|1|0|1|0|0|0|1|0,3|0|0|0|0|3|0|0|0,-135.0,115.0,-119.0,-101.0,,7.5,sbro,,,,,RWELLS-R,BMYERS-R,,,,,,,,
2010,2010-06-06,MIL,STL,4.0,3.0,False,2|0|1|0|0|0|0|0|0,0|0|1|0|0|1|0|1|0,195.0,-225.0,170.0,-200.0,,8.5,sbro,,,,,MPARRA-L,JGARCIA-L,,,,,,,,
2010,2010-06-06,COL,ARI,3.0,2.0,False,0|0|0|0|2|1|0|0|0,0|0|0|0|0|0|0|2|0,-210.0,180.0,-220.0,190.0,,8.0,sbro,,,,,UJIMENEZ-R,RLOPEZ-R,,,,,,,,
2010,2010-06-06,ATL,LOS,4.0,5.0,False,0|0|1|0|3|0|0|0|0,0|0|0|1|3|0|0|0|0,105.0,-125.0,-102.0,-118.0,,7.0,sbro,,,,,THUDSON-R,JELY-R,,,,,,,,
2010,2010-06-06,NYY,TOR,4.0,3.0,False,0|0|0|0|0|0|0|4|0,0|0|0|0|0|2|0|1|0,-120.0,100.0,-132.0,112.0,,9.5,sbro,,,,,JVAZQUEZ-R,BMORROW-R,,,,,,,,
2010,2010-06-06,BOS,BAL,3.0,4.0,False,0|2|0|0|0|0|0|0|1,0|2|0|0|0|0|0|1|0,-175.0,155.0,-161.0,141.0,,9.5,sbro,,,,,JLACKEY-R,BMATUSZ-L,,,,,,,,
2010,2010-06-06,CLE,CWS,7.0,8.0,False,3|0|3|0|0|0|0|1|0,2|0|0|1|3|0|2|0|0,140.0,-160.0,140.0,-160.0,,9.0,sbro,,,,,WESTBROOK-R,MBUEHRLE-L,,,,,,,,
2010,2010-06-06,DET,KAN,2.0,7.0,False,0|0|0|1|0|0|0|1|0,3|2|0|0|0|2|0|0|0,-135.0,115.0,-124.0,104.0,,9.0,sbro,,,,,BONDERMAN-R,BBANNISTR-R,,,,,,,,
2010,2010-06-06,TAM,TEX,9.0,5.0,False,0|0|2|1|1|1|0|3|1,0|1|0|1|0|2|0|0|1,-130.0,110.0,-135.0,115.0,,10.0,sbro,,,,,MGARZA-R,RHARDEN-R,,,,,,,,
2010,2010-06-06,MIN,OAK,4.0,5.0,False,0|1|1|0|0|0|0|2|0,2|1|2|0|0|0|0|0|0,105.0,-125.0,135.0,-155.0,,8.0,sbro,,,,,NBLACKBUR-R,GGONZALEZ-L,,,,,,,,
2010,2010-06-06,LAA,SEA,9.0,4.0,False,1|0|0|1|1|1|2|0|3,3|0|0|0|0|1|0|0|0,-101.0,-119.0,-103.0,-117.0,,8.0,sbro,,,,,JPINEIRO-R,JVARGAS-L,,,,,,,,
2010,2010-06-07,SDG,PHI,3.0,1.0,False,0|0|0|0|0|0|2|0|1,0|0|0|0|0|0|0|0|1,155.0,-175.0,158.0,-178.0,,9.0,sbro,,,,,WLEBLANC-L,CHAMELS-L,,,,,,,,
2010,2010-06-07,SFO,CIN,6.0,5.0,False,0|2|2|0|0|0|2|0|0,0|1|0|2|0|2|0|0|0,110.0,-130.0,122.0,-142.0,,8.0,sbro,,,,,BZITO-L,JCUETO-R,,,,,,,,
2010,2010-06-07,HOU,COL,1.0,5.0,False,0|0|0|0|0|0|0|0|1,0|2|1|0|0|0|0|2|x,134.0,-154.0,165.0,-185.0,,9.0,sbro,,,,,WRODRIGEZ-L,JHAMMEL-R,,,,,,,,
2010,2010-06-07,ATL,ARI,4.0,7.0,False,0|0|0|1|0|2|0|1|0,2|0|0|5|0|0|0|0|x,105.0,-125.0,101.0,-121.0,,8.5,sbro,,,,,DLOWE-R,DHAREN-R,,,,,,,,
2010,2010-06-07,STL,LOS,4.0,12.0,False,0|1|0|0|0|0|3|0|0,2|0|0|4|4|0|2|0|x,123.0,-143.0,124.0,-144.0,,8.5,sbro,,,,,BHAWKSWOR-R,CMONASTER-R,,,,,,,,
2010,2010-06-07,BOS,CLE,4.0,1.0,False,1|0|1|0|0|0|1|1|0,0|0|0|0|0|0|0|0|1,-139.0,119.0,-150.0,130.0,,9.0,sbro,,,,,DMATSUZAK-R,FCARMONA-R,,,,,,,,
2010,2010-06-07,SEA,TEX,4.0,2.0,False,0|3|1|0|0|0|0|0|0,0|0|0|0|0|0|0|0|2,-117.0,-103.0,-113.0,-107.0,,9.0,sbro,,,,,CLEE-L,SFELDMAN-R,,,,,,,,
2010,2010-06-07,LAA,OAK,4.0,2.0,False,2|0|0|0|2|0|0|0|0,0|0|0|0|0|0|1|1|0,-103.0,-117.0,110.0,-130.0,,8.5,sbro,,,,,SKAZMIR-L,BSHEETS-R,,,,,,,,
2010,2010-06-07,CUB,PIT,6.0,1.0,False,1|0|1|1|0|0|1|0|2,0|0|0|0|0|0|1|0|0,-138.0,118.0,-149.0,129.0,,8.5,sbro,,,,,CSILVA-R,DEVELAND-L,,,,,,,,
2010,2010-06-08,PIT,WAS,2.0,5.0,False,0|0|0|2|0|0|0|0|0,1|0|0|0|0|3|0|1|x,144.0,-164.0,170.0,-200.0,,8.5,sbro,,,,,JKARSTENS-R,SSTRASBUR-R,,,,,,,,
2010,2010-06-08,MIA,PHI,8.0,10.0,False,1|1|2|2|0|0|1|1|0,0|0|3|1|2|1|0|3|x,118.0,-138.0,123.0,-143.0,,9.5,sbro,,,,,CVOLSTAD-R,KKENDRICK-R,,,,,,,,
2010,2010-06-08,SFO,CIN,3.0,0.0,False,0|0|0|1|0|0|0|2|0,0|0|0|0|0|0|0|0|0,-117.0,-103.0,-119.0,-101.0,,8.5,sbro,,,,,MCAIN-R,SLECURE-R,,,,,,,,
2010,2010-06-08,SDG,NYM,1.0,2.0,False,1|0|0|0|0|0|0|0|0,0|0|0|0|0|0|1|0|0,120.0,-140.0,125.0,-145.0,,7.0,sbro,,,,,CRICHARD-L,MPELFREY-R,,,,,,,,
2010,2010-06-08,CUB,MIL,2.0,3.0,False,0|0|0|0|0|0|0|1|1,0|0|0|0|0|0|0|1|2,-103.0,-117.0,136.0,-156.0,,7.5,sbro,,,,,TLILLY-L,YGALLARDO-R,,,,,,,,
2010,2010-06-08,HOU,COL,4.0,3.0,False,0|0|0|1|0|0|1|2|0,3|0|0|0|0|0|0|0|0,180.0,-210.0,200.0,-240.0,,9.5,sbro,,,,,BMOEHLER-R,JFRANCIS-L,,,,,,,,
2010,2010-06-08,ATL,ARI,7.0,5.0,False,1|2|0|0|0|1|1|1|1,2|1|0|0|1|0|1|0|0,-115.0,-105.0,-106.0,-114.0,,9.5,sbro,,,,,KMEDLEN-R,EJACKSON-R,,,,,,,,
2010,2010-06-08,STL,LOS,0.0,1.0,False,0|0|0|0|0|0|0|0|0,0|0|0|0|0|0|0|1|x,-125.0,105.0,-127.0,107.0,,7.0,sbro,,,,,CARPENTER-R,HKURODA-R,,,,,,,,
2010,2010-06-08,BOS,CLE,3.0,2.0,False,0|0|0|3|0|0|0|0|0,1|0|0|0|0|0|1|0|0,-165.0,145.0,-160.0,140.0,,9.5,sbro,,,,,WAKEFIELD-R,DHUFF-L,,,,,,,,
2010,2010-06-08,NYY,BAL,12.0,7.0,False,2|0|4|0|0|0|6|0|0,0|0|0|2|1|0|0|2|2,-220.0,190.0,-220.0,190.0,,8.5,sbro,,,,,PHUGHES-R,KMILLWOOD-R,,,,,,,,
2010,2010-06-08,TOR,TAM,0.0,9.0,False,0|0|0|0|0|0|0|0|0,0|0|0|1|7|1|0|0|x,170.0,-200.0,154.0,-174.0,,9.0,sbro,,,,,BTALLET-L,JNIEMANN-R,,,,,,,,
2010,2010-06-08,SEA,TEX,1.0,7.0,False,0|0|0|1|0|0|0|0|0,2|0|0|0|0|3|2|0|x,100.0,-120.0,108.0,-128.0,,8.0,sbro,,,,,FHERNANDZ-R,CLEWIS-R,,,,,,,,
2010,2010-06-08,DET,CWS,7.0,2.0,False,0|0|0|0|0|1|6|0|0,0|0|0|2|0|0|0|0|0,105.0,-125.0,103.0,-123.0,,9.0,sbro,,,,,AGALARRAG-R,GFLOYD-R,,,,,,,,
2010,2010-06-08,KAN,MIN,3.0,7.0,False,0|0|0|0|0|0|0|1|2,3|0|0|2|1|1|0|0|x,105.0,-125.0,123.0,-143.0,,8.0,sbro,,,,,ZGREINKE-R,KSLOWEY-R,,,,,,,,
2010,2010-06-08,LAA,OAK,1.0,10.0,False,0|0|0|0|1|0|0|0|0,1|1|1|0|0|0|4|3|x,-150.0,130.0,-149.0,129.0,,8.0,sbro,,,,,JERWEAVER-R,VMAZZARO-R,,,,,,,,
2010,2010-06-09,PIT,WAS,5.0,7.0,False,0|0|3|1|1|0|0|0|0,2|0|0|3|0|0|1|1|x,138.0,-158.0,115.0,-135.0,,9.0,sbro,,,,,BLINCOLN-R,JLANNAN-L,,,,,,,,
2010,2010-06-09,SFO,CIN,3.0,6.0,False,0|2|0|0|0|0|0|0|1,1|0|1|0|1|1|2|0|x,-111.0,-109.0,100.0,-120.0,,8.0,sbro,,,,,JSANCHEZ-L,AHARANG-R,,,,,,,,
2010,2010-06-09,CUB,MIL,9.0,4.0,False,2|1|0|0|5|0|0|0|1,1|0|0|2|0|0|1|0|0,-107.0,-113.0,-108.0,-112.0,,8.5,sbro,,,,,CZAMBRANO-R,RWOLF-L,,,,,,,,
2010,2010-06-09,HOU,COL,6.0,2.0,False,0|0|0|0|2|0|0|0|0,0|1|0|0|0|1|0|0|0,145.0,-165.0,159.0,-179.0,,9.0,sbro,,,,,FPAULINO-R,ACOOK-R,,,,,,,,
2010,2010-06-09,ATL,ARI,1.0,2.0,False,0|0|0|0|0|0|0|1|0,0|0|0|0|0|0|0|2|x,-110.0,-110.0,-105.0,-115.0,,9.5,sbro,,,,,KKAWAKAMI-R,IKENNEDY-R,,,,,,,,
2010,2010-06-09,STL,LOS,3.0,4.0,False,0|0|0|3|0|0|0|0|0,2|0|2|0|0|0|0|0|x,-107.0,-113.0,-120.0,100.0,,6.5,sbro,,,,,WAINWRIGHT-R,CKERSHAW-L,,,,,,,,
2010,2010-06-09,NYY,BAL,4.0,2.0,False,0|0|0|1|0|2|0|1|0,0|1|1|0|0|0|0|0|0,-240.0,200.0,-260.0,220.0,,9.0,sbro,,,,,CSABATHIA-L,CTILLMAN-R,,,,,,,,
2010,2010-06-09,BOS,CLE,0.0,11.0,False,0|0|0|0|0|0|0|0|0,1|0|1|1|0|0|0|8|x,-160.0,140.0,-175.0,155.0,,9.0,sbro,,,,,CBUCHHOLZ-R,MASTERSON-R,,,,,,,,
2010,2010-06-09,TOR,TAM,1.0,10.0,False,0|0|0|0|0|1|0|0|0,2|0|3|2|2|1|0|0|x,120.0,-140.0,129.0,-149.0,,7.5,sbro,,,,,SMARCUM-R,DPRICE-L,,,,,,,,
2010,2010-06-09,SEA,TEX,2.0,12.0,False,2|0|0|0|0|0|0|0|0,2|6|0|2|1|0|1|0|x,160.0,-180.0,180.0,-210.0,,9.5,sbro,,,,,ISNELL-R,CWILSON-L,,,,,,,,
2010,2010-06-09,DET,CWS,3.0,15.0,False,0|1|0|0|0|2|0|0|0,0|0|1|7|0|0|0|7|x,-109.0,-111.0,100.0,-120.0,,9.5,sbro,,,,,RPORCELLO-R,FGARCIA-R,,,,,,,,
2010,2010-06-09,KAN,MIN,2.0,6.0,False,0|0|2|0|0|0|0|0|0,0|1|1|1|0|1|1|1|x,165.0,-185.0,154.0,-174.0,,9.0,sbro,,,,,KDAVIES-R,CPAVANO-R,,,,,,,,
2010,2010-06-09,LAA,OAK,7.0,1.0,False,0|0|1|0|0|4|0|1|1,0|0|0|0|0|0|0|0|1,-106.0,-114.0,105.0,-125.0,,8.0,sbro,,,,,JSAUNDERS-L,DBRADEN-L,,,,,,,,
2010,2010-06-10,SFO,CIN,6.0,7.0,False,1|1|2|0|1|0|1|0|0,0|0|4|0|0|0|0|3|x,134.0,-154.0,167.0,-187.0,,8.5,sbro,,,,,WELLEMEYER-R,MLEAKE-R,,,,,,,,
2010,2010-06-10,SDG,NYM,0.0,3.0,False,0|0|0|0|0|0|0|0|0,0|1|2|0|0|0|0|0|x,-106.0,-114.0,102.0,-122.0,,8.0,sbro,,,,,JGARLAND-R,JNIESE-L,,,,,,,,
2010,2010-06-10,CUB,MIL,4.0,5.0,False,0|0|0|1|1|2|0|0|0,0|1|0|1|1|1|0|0|0,-110.0,-110.0,-142.0,122.0,,8.5,sbro,,,,,RDEMPSTER-R,DBUSH-R,,,,,,,,
2010,2010-06-10,HOU,COL,5.0,4.0,False,0|2|0|0|1|2|0|0|0,0|0|0|2|0|0|0|2|0,105.0,-125.0,138.0,-158.0,,8.5,sbro,,,,,ROSWALT-R,JCHACIN-R,,,,,,,,
2010,2010-06-10,ATL,ARI,11.0,7.0,False,0|0|0|2|5|0|0|0|4,0|0|2|0|0|0|2|3|0,-164.0,144.0,-166.0,146.0,,9.5,sbro,,,,,THANSON-R,DWILLIS-L,,,,,,,,
2010,2010-06-10,PIT,WAS,2.0,4.0,False,0|0|0|0|0|2|0|0|0,0|0|0|2|1|0|0|1|x,131.0,-151.0,131.0,-151.0,,8.5,sbro,,,,,ZDUKE-L,LHERNADEZ-R,,,,,,,,
2010,2010-06-10,MIA,PHI,2.0,0.0,False,1|0|0|0|0|0|0|0|1,0|0|0|0|0|0|0|0|0,110.0,-130.0,140.0,-160.0,,6.5,sbro,,,,,JJOHNSON-R,RHALLADAY-R,,,,,,,,
2010,2010-06-10,DET,CWS,0.0,3.0,False,0|0|0|0|0|0|0|0|0,1|0|0|0|0|1|0|1|x,104.0,-124.0,108.0,-128.0,,9.0,sbro,,,,,MSCHERZER-R,JDANKS-L,,,,,,,,
2010,2010-06-10,LAA,OAK,1.0,6.0,False,0|0|0|0|1|0|0|0|0,0|0|0|2|3|0|1|0|x,-110.0,-110.0,-108.0,-112.0,,8.0,sbro,,,,,ESANTANA-R,TCAHILL-R,,,,,,,,
2010,2010-06-10,BOS,CLE,7.0,8.0,False,4|1|0|0|0|0|0|0|2,0|0|3|0|0|3|0|0|2,-200.0,170.0,-210.0,180.0,,8.5,sbro,,,,,JLESTER-L,MTALBOT-R,,,,,,,,
2010,2010-06-10,NYY,BAL,3.0,4.0,False,0|1|2|0|0|0|0|0|0,2|0|0|0|1|1|0|0|x,-250.0,210.0,-220.0,190.0,,9.5,sbro,,,,,ABURNETT-R,JARRIETA-R,,,,,,,,
2010,2010-06-10,TOR,TAM,3.0,2.0,False,0|1|1|0|0|0|0|1|0,0|1|0|0|0|0|0|0|1,120.0,-140.0,117.0,-137.0,,9.0,sbro,,,,,BCECIL-L,WDAVIS-R,,,,,,,,
2010,2010-06-10,SEA,TEX,3.0,12.0,False,0|0|2|1|0|0|0|0|0,3|0|4|0|0|5|0|0|x,149.0,-169.0,180.0,-210.0,,10.0,sbro,,,,,RWLND-SMTH-L,THUNTER-R,,,,,,,,
2010,2010-06-10,KAN,MIN,9.0,8.0,False,0|3|0|1|1|3|0|0|1,0|0|0|1|0|0|5|0|2,170.0,-200.0,175.0,-195.0,,9.0,sbro,,,,,BCHEN-L,SBAKER-R,,,,,,,,
2010,2010-06-10,SDG,NYM,4.0,2.0,False,0|0|0|1|2|0|1|0|0,0|2|0|0|0|0|0|0|0,-106.0,-114.0,129.0,-149.0,,6.5,sbro,,,,,MLATOS-R,JOSANTANA-L,,,,,,,,
2010,2010-06-11,STL,ARI,5.0,2.0,False,0|2|0|0|0|0|3|0|0,0|0|0|0|1|0|1|0|0,-130.0,110.0,-149.0,129.0,,9.5,sbro,,,,,JGARCIA-L,RLOPEZ-R,,,,,,,,
2010,2010-06-11,CWS,CUB,10.0,5.0,False,2|0|0|0|3|0|1|4|0,0|2|0|0|0|0|0|3|0,-102.0,-118.0,-112.0,-108.0,,10.5,sbro,,,,,JPEAVY-R,RWELLS-R,,,,,,,,
2010,2010-06-11,HOU,NYY,3.0,4.0,False,0|2|0|0|0|0|0|1|0,3|0|0|0|1|0|0|0|x,240.0,-280.0,200.0,-240.0,,8.5,sbro,,,,,BMYERS-R,APETTITTE-L,,,,,,,,
2010,2010-06-11,NYM,BAL,5.0,1.0,False,1|0|0|3|0|0|0|1|0,0|0|0|0|0|0|1|0|0,-113.0,-107.0,-108.0,-112.0,,9.0,sbro,,,,,RDICKEY-R,JGUTHRIE-R,,,,,,,,
2010,2010-06-11,WAS,CLE,2.0,7.0,False,1|0|0|0|0|0|0|1|0,3|0|0|1|0|3|0|0|x,-107.0,-113.0,101.0,-121.0,,9.5,sbro,,,,,LATILANO-R,WESTBROOK-R,,,,,,,,
2010,2010-06-11,PIT,DET,2.0,6.0,False,0|0|1|0|0|0|0|1|0,0|0|0|3|0|3|0|0|x,208.0,-248.0,220.0,-260.0,,8.0,sbro,,,,,ROHLENDOR-R,VERLANDER-R,,,,,,,,
2010,2010-06-11,MIA,TAM,14.0,9.0,False,1|0|5|4|1|0|3|0|0,0|0|0|2|0|1|1|4|1,155.0,-175.0,162.0,-182.0,,8.5,sbro,,,,,ASANCHEZ-R,JSHIELDS-R,,,,,,,,
2010,2010-06-11,PHI,BOS,2.0,12.0,False,0|0|0|1|0|0|1|0|0,5|4|3|0|0|0|0|0|x,130.0,-150.0,122.0,-142.0,,10.0,sbro,,,,,JMOYER-L,JLACKEY-R,,,,,,,,
2010,2010-06-11,KAN,CIN,6.0,5.0,False,0|0|0|0|3|2|0|0|0,1|2|0|1|0|0|0|1|0,135.0,-155.0,137.0,-157.0,,9.0,sbro,,,,,LHOCHEVAR-R,BARROYO-R,,,,,,,,
2010,2010-06-11,ATL,MIN,1.0,2.0,False,0|1|0|0|0|0|0|0|0,0|0|0|0|0|0|2|0|x,105.0,-125.0,132.0,-152.0,,7.5,sbro,,,,,THUDSON-R,FLIRIANO-L,,,,,,,,
2010,2010-06-11,TEX,MIL,2.0,6.0,False,0|1|1|0|0|0|0|0|0,2|0|0|1|3|0|0|0|x,-125.0,105.0,-113.0,-107.0,,9.5,sbro,,,,,RHARDEN-R,CNARVESON-L,,,,,,,,
2010,2010-06-11,TOR,COL,3.0,5.0,False,0|1|2|0|0|0|0|x|x,0|2|0|1|1|1|x|x|x,173.0,-203.0,159.0,-179.0,,7.0,sbro,,,,,RROMERO-L,UJIMENEZ-R,,,,,,,,
2010,2010-06-11,SEA,SDG,3.0,4.0,False,0|0|0|0|2|1|0|0|0,0|0|2|0|0|0|0|0|2,110.0,-130.0,120.0,-140.0,,6.5,sbro,,,,,JVARGAS-L,KCORREIA-R,,,,,,,,
2010,2010-06-11,LAA,LOS,10.0,1.0,False,0|0|1|0|3|4|0|0|2,0|0|0|1|0|0|0|0|0,130.0,-150.0,153.0,-173.0,,8.0,sbro,,,,,JPINEIRO-R,BILLNGSLEY-R,,,,,,,,
2010,2010-06-11,OAK,SFO,2.0,6.0,False,1|0|0|0|0|0|0|1|0,0|0|2|0|0|2|2|0|x,155.0,-175.0,159.0,-179.0,,6.5,sbro,,,,,GGONZALEZ-L,TLINCECUM-R,,,,,,,,
2010,2010-06-12,STL,ARI,2.0,7.0,False,0|0|0|0|1|1|0|0|0,1|0|2|3|1|0|0|0|x,120.0,-140.0,126.0,-146.0,,9.5,sbro,,,,,AOTTAVINO-R,DHAREN-R,,,,,,,,
2010,2010-06-12,HOU,NYY,3.0,9.0,False,0|1|1|0|0|1|0|0|0,1|0|5|0|0|3|0|0|x,190.0,-220.0,220.0,-260.0,,9.0,sbro,,,,,WRODRIGEZ-L,JVAZQUEZ-R,,,,,,,,
2010,2010-06-12,CWS,CUB,2.0,1.0,False,1|0|0|0|0|0|1|0|0,0|0|0|0|0|0|0|0|1,122.0,-142.0,128.0,-148.0,,8.5,sbro,,,,,MBUEHRLE-L,CSILVA-R,,,,,,,,
2010,2010-06-12,PHI,BOS,2.0,10.0,False,0|2|0|0|0|0|0|0|0,0|5|3|1|0|1|0|0|x,122.0,-142.0,135.0,-155.0,,10.0,sbro,,,,,JBLANTON-R,SATCHISON-R,,,,,,,,
2010,2010-06-12,WAS,CLE,1.0,7.0,False,0|0|0|0|0|0|0|1|0,1|4|0|0|1|0|0|1|x,110.0,-130.0,102.0,-122.0,,9.0,sbro,,,,,JMARTIN-R,FCARMONA-R,,,,,,,,
2010,2010-06-12,NYM,BAL,3.0,1.0,False,1|0|0|0|0|1|0|1|0,1|0|0|0|0|0|0|0|0,-112.0,-108.0,-106.0,-114.0,,9.0,sbro,,,,,HTAKAHASH-L,BMATUSZ-L,,,,,,,,
2010,2010-06-12,PIT,DET,3.0,4.0,False,0|1|0|1|0|0|0|1|0,0|1|0|0|0|0|2|0|0,155.0,-175.0,154.0,-174.0,,8.5,sbro,,,,,PMAHOLM-L,BONDERMAN-R,,,,,,,,
2010,2010-06-12,MIA,TAM,5.0,6.0,False,1|0|0|2|1|0|0|1|0,2|3|0|0|0|0|1|0|x,146.0,-166.0,169.0,-189.0,,8.5,sbro,,,,,RNOLASCO-R,MGARZA-R,,,,,,,,
2010,2010-06-12,ATL,MIN,3.0,2.0,False,0|0|0|0|2|0|0|0|1,0|1|0|0|0|1|0|0|0,-103.0,-117.0,-102.0,-118.0,,9.5,sbro,,,,,DLOWE-R,NBLACKBUR-R,,,,,,,,
2010,2010-06-12,TEX,MIL,4.0,3.0,False,2|0|0|0|0|1|0|1|0,0|0|0|0|0|0|0|1|2,-105.0,-105.0,-110.0,-110.0,,10.5,sbro,,,,,SFELDMAN-R,MPARRA-L,,,,,,,,
2010,2010-06-12,KAN,CIN,5.0,11.0,False,0|5|0|0|0|0|0|0|0,4|0|4|3|0|0|0|0|x,152.0,-172.0,155.0,-175.0,,8.5,sbro,,,,,BBANNISTR-R,JCUETO-R,,,,,,,,
2010,2010-06-12,TOR,COL,0.0,1.0,False,0|0|0|0|0|0|0|0|0,0|0|0|0|0|1|0|0|x,110.0,-130.0,105.0,-125.0,,9.0,sbro,,,,,BMORROW-R,JHAMMEL-R,,,,,,,,
2010,2010-06-12,SEA,SDG,1.0,7.0,False,0|1|0|0|0|0|0|0|0,2|0|0|1|0|0|0|4|x,-120.0,100.0,-140.0,120.0,,6.0,sbro,,,,,CLEE-L,WLEBLANC-L,,,,,,,,
2010,2010-06-12,OAK,SFO,4.0,5.0,False,0|1|0|0|0|0|1|2|0,1|1|2|0|0|1|0|0|x,-102.0,-118.0,100.0,-120.0,,7.5,sbro,,,,,BSHEETS-R,BZITO-L,,,,,,,,
2010,2010-06-12,LAA,LOS,4.0,2.0,False,0|0|0|3|1|0|0|0|0,0|0|0|0|2|0|0|0|0,130.0,-150.0,130.0,-150.0,,8.0,sbro,,,,,SKAZMIR-L,JELY-R,,,,,,,,
2010,2010-06-13,STL,ARI,5.0,7.0,False,0|0|0|0|0|0|2|0|3,2|0|0|1|0|0|2|0|2,-150.0,130.0,-142.0,122.0,,8.5,sbro,,,,,CARPENTER-R,EJACKSON-R,,,,,,,,
2010,2010-06-13,WAS,CLE,9.0,4.0,False,0|1|0|1|0|4|0|3|0,0|1|0|0|0|0|0|0|3,-200.0,170.0,-180.0,160.0,,8.0,sbro,,,,,SSTRASBUR-R,DHUFF-L,,,,,,,,
2010,2010-06-13,HOU,NYY,5.0,9.0,False,1|0|0|0|0|4|0|0|0,0|0|0|1|6|2|0|0|x,250.0,-300.0,290.0,-350.0,,9.0,sbro,,,,,BMOEHLER-R,PHUGHES-R,,,,,,,,
2010,2010-06-13,PIT,DET,3.0,4.0,False,0|1|0|1|0|0|0|0|1,0|0|0|0|0|0|1|3|x,170.0,-190.0,164.0,-184.0,,9.0,sbro,,,,,JKARSTENS-R,AGALARRAG-R,,,,,,,,
2010,2010-06-13,KAN,CIN,7.0,3.0,False,1|0|0|0|2|0|2|1|1,2|0|0|0|0|0|0|0|1,-106.0,-114.0,-109.0,-111.0,,8.5,sbro,,,,,ZGREINKE-R,SLECURE-R,,,,,,,,
2010,2010-06-13,PHI,BOS,5.0,3.0,False,0|0|0|4|0|0|0|0|1,0|1|0|0|0|0|0|0|2,-103.0,-117.0,-108.0,-112.0,,9.5,sbro,,,,,CHAMELS-L,WAKEFIELD-R,,,,,,,,
2010,2010-06-13,NYM,BAL,11.0,4.0,False,5|0|1|0|1|3|1|0|0,2|1|0|0|0|0|1|0|0,-133.0,113.0,-136.0,116.0,,8.5,sbro,,,,,MPELFREY-R,KMILLWOOD-R,,,,,,,,
2010,2010-06-13,MIA,TAM,6.0,1.0,False,0|0|0|1|0|4|1|0|0,0|0|0|1|0|0|0|0|0,170.0,-190.0,180.0,-210.0,,9.0,sbro,,,,,CVOLSTAD-R,JNIEMANN-R,,,,,,,,
2010,2010-06-13,ATL,MIN,7.0,3.0,False,4|1|0|0|1|0|1|0|0,0|0|0|0|0|0|3|0|0,120.0,-140.0,120.0,-140.0,,8.5,sbro,,,,,KMEDLEN-R,KSLOWEY-R,,,,,,,,
2010,2010-06-13,TEX,MIL,7.0,2.0,False,0|0|0|2|0|2|1|2|0,1|0|0|0|0|1|0|0|0,116.0,-136.0,115.0,-135.0,,8.0,sbro,,,,,CLEWIS-R,YGALLARDO-R,,,,,,,,
2010,2010-06-13,CWS,CUB,0.0,1.0,False,0|0|0|0|0|0|0|0|0,0|0|0|0|0|0|1|0|x,128.0,-148.0,116.0,-136.0,,8.5,sbro,,,,,GFLOYD-R,TLILLY-L,,,,,,,,
2010,2010-06-13,TOR,COL,3.0,10.0,False,0|0|3|0|0|0|0|0|0,4|0|3|0|0|3|0|0|x,150.0,-170.0,136.0,-156.0,,9.5,sbro,,,,,JLITSCH-R,JFRANCIS-L,,,,,,,,
2010,2010-06-13,OAK,SFO,2.0,6.0,False,0|0|0|1|0|0|0|1|0,0|1|0|0|0|3|0|2|x,165.0,-185.0,159.0,-179.0,,8.0,sbro,,,,,VMAZZARO-R,MCAIN-R,,,,,,,,
2010,2010-06-13,SEA,SDG,4.0,2.0,False,0|0|0|2|0|0|0|1|1,0|0|2|0|0|0|0|0|0,102.0,-122.0,-107.0,-113.0,,6.0,sbro,,,,,FHERNANDZ-R,CRICHARD-L,,,,,,,,
2010,2010-06-13,LAA,LOS,6.0,5.0,False,2|0|2|0|1|0|0|1|0,1|0|0|0|0|0|2|2|0,102.0,-122.0,-105.0,-105.0,,8.0,sbro,,,,,JERWEAVER-R,CMONASTER-R,,,,,,,,
2010,2010-06-14,SEA,STL,3.0,9.0,False,2|0|0|0|0|0|0|1|0,3|0|1|0|4|0|0|1|x,225.0,-265.0,250.0,-300.0,,7.5,sbro,,,,,LFRENCH-L,WAINWRIGHT-R,,,,,,,,
2010,2010-06-14,TOR,SDG,6.0,3.0,False,0|4|0|0|0|1|0|1|0,0|0|1|1|0|0|1|0|0,-105.0,-115.0,-106.0,-114.0,,6.5,sbro,,,,,SMARCUM-R,JGARLAND-R,,,,,,,,
2010,2010-06-14,MIL,LAA,12.0,2.0,False,0|0|5|0|0|1|5|0|1,0|2|0|0|0|0|0|0|0,140.0,-160.0,126.0,-146.0,,10.0,sbro,,,,,RWOLF-L,JSAUNDERS-L,,,,,,,,
2010,2010-06-14,BAL,SFO,2.0,10.0,False,0|1|0|0|0|0|0|1|0,1|5|0|0|0|0|0|4|x,164.0,-184.0,180.0,-210.0,,7.5,sbro,,,,,CTILLMAN-R,JSANCHEZ-L,,,,,,,,
2010,2010-06-15,LOS,CIN,12.0,0.0,False,3|0|0|0|3|0|5|1|0,0|0|0|0|0|0|0|0|0,-106.0,-114.0,-120.0,100.0,,9.0,sbro,,,,,HKURODA-R,AHARANG-R,,,,,,,,
2010,2010-06-15,CWS,PIT,6.0,4.0,False,0|2|0|2|0|1|0|0|1,2|0|0|0|2|0|0|0|0,-122.0,102.0,-119.0,-101.0,,8.5,sbro,,,,,FGARCIA-R,BLINCOLN-R,,,,,,,,
2010,2010-06-15,PHI,NYY,3.0,8.0,False,0|0|0|3|0|0|0|0|0,0|2|3|0|1|0|2|0|x,-101.0,-119.0,-107.0,-113.0,,7.5,sbro,,,,,RHALLADAY-R,CSABATHIA-L,,,,,,,,
2010,2010-06-15,WAS,DET,4.0,7.0,False,1|0|2|1|0|0|0|0|0,0|1|1|2|3|0|0|0|x,127.0,-147.0,154.0,-174.0,,9.5,sbro,,,,,JLANNAN-L,MSCHERZER-R,,,,,,,,
2010,2010-06-15,NYM,CLE,7.0,6.0,False,1|0|0|0|5|0|1|0|0,0|3|0|1|0|0|0|0|2,-140.0,120.0,-133.0,113.0,,8.0,sbro,,,,,JOSANTANA-L,MASTERSON-R,,,,,,,,
2010,2010-06-15,TEX,MIA,3.0,2.0,False,1|0|0|0|0|0|0|0|2,0|0|0|0|0|2|0|0|0,128.0,-148.0,143.0,-163.0,,7.5,sbro,,,,,CWILSON-L,JJOHNSON-R,,,,,,,,
2010,2010-06-15,TAM,ATL,10.0,4.0,False,4|1|0|0|0|2|3|0|0,1|0|1|0|1|0|0|1|0,-121.0,101.0,-128.0,108.0,,8.5,sbro,,,,,DPRICE-L,KKAWAKAMI-R,,,,,,,,
2010,2010-06-15,ARI,BOS,3.0,6.0,False,1|0|0|2|0|0|0|0|0,2|0|3|0|1|0|0|0|x,152.0,-172.0,169.0,-189.0,,9.5,sbro,,,,,IKENNEDY-R,CBUCHHOLZ-R,,,,,,,,
2010,2010-06-15,OAK,CUB,9.0,5.0,False,0|0|0|4|0|1|3|0|1,0|0|0|0|2|2|0|1|0,114.0,-134.0,103.0,-123.0,,8.5,sbro,,,,,TCAHILL-R,CZAMBRANO-R,,,,,,,,
2010,2010-06-15,HOU,KAN,7.0,15.0,False,0|1|0|5|0|0|0|1|0,1|2|0|0|7|2|0|3|x,-107.0,-113.0,-107.0,-113.0,,9.0,sbro,,,,,FPAULINO-R,KDAVIES-R,,,,,,,,
2010,2010-06-15,COL,MIN,3.0,9.0,False,1|0|1|0|0|1|0|0|0,0|0|0|5|3|0|0|1|x,123.0,-143.0,135.0,-155.0,,9.0,sbro,,,,,ACOOK-R,CPAVANO-R,,,,,,,,
2010,2010-06-15,SEA,STL,2.0,4.0,False,0|0|0|1|0|0|0|0|1,0|0|0|3|1|0|0|0|x,130.0,-150.0,150.0,-170.0,,9.5,sbro,,,,,RWLND-SMTH-L,JSUPPAN-R,,,,,,,,
2010,2010-06-15,TOR,SDG,2.0,8.0,False,0|0|0|2|0|0|0|0|0,0|4|1|0|0|0|0|3|x,110.0,-130.0,100.0,-120.0,,6.0,sbro,,,,,BCECIL-L,MLATOS-R,,,,,,,,
2010,2010-06-15,MIL,LAA,7.0,1.0,False,2|4|0|0|0|0|0|1|0,0|0|0|0|0|0|0|1|0,134.0,-154.0,167.0,-187.0,,9.5,sbro,,,,,DBUSH-R,ESANTANA-R,,,,,,,,
2010,2010-06-15,BAL,SFO,4.0,1.0,False,1|0|1|1|1|0|0|0|0,0|0|1|0|0|0|0|0|0,120.0,-140.0,130.0,-150.0,,8.5,sbro,,,,,JARRIETA-R,JMARTINEZ-R,,,,,,,,
2010,2010-06-16,LOS,CIN,6.0,2.0,False,0|0|0|0|2|3|0|0|1,0|0|0|0|0|1|0|0|1,-113.0,-107.0,-120.0,100.0,,8.5,sbro,,,,,CKERSHAW-L,MLEAKE-R,,,,,,,,
2010,2010-06-16,BAL,SFO,3.0,6.0,False,0|0|0|1|1|0|1|0|0,2|0|0|0|0|2|0|2|x,210.0,-250.0,240.0,-280.0,,6.5,sbro,,,,,JGUTHRIE-R,TLINCECUM-R,,,,,,,,
2010,2010-06-16,TOR,SDG,7.0,1.0,False,1|0|0|0|3|1|0|0|2,0|1|0|0|0|0|0|0|0,-114.0,-106.0,-114.0,-106.0,,6.5,sbro,,,,,RROMERO-L,KCORREIA-R,,,,,,,,
2010,2010-06-16,MIL,LAA,1.0,5.0,False,0|0|1|0|0|0|0|0|0,1|3|0|0|1|0|0|0|x,128.0,-148.0,126.0,-146.0,,9.5,sbro,,,,,CNARVESON-L,JPINEIRO-R,,,,,,,,
2010,2010-06-16,WAS,DET,3.0,8.0,False,1|1|0|0|0|1|0|0|0,0|4|1|0|0|0|3|0|x,160.0,-180.0,190.0,-220.0,,8.0,sbro,,,,,LHERNADEZ-R,VERLANDER-R,,,,,,,,
2010,2010-06-16,CWS,PIT,7.0,2.0,False,0|0|0|3|0|2|0|0|2,0|0|0|0|1|0|0|1|0,-130.0,110.0,-140.0,120.0,,7.5,sbro,,,,,JDANKS-L,ZDUKE-L,,,,,,,,
2010,2010-06-16,PHI,NYY,6.0,3.0,False,0|4|2|0|0|0|0|0|0,0|1|0|0|1|0|0|0|1,145.0,-165.0,170.0,-200.0,,10.0,sbro,,,,,JMOYER-L,ABURNETT-R,,,,,,,,
2010,2010-06-16,NYM,CLE,8.0,4.0,False,0|0|5|0|0|3|0|0|0,0|0|0|2|1|0|0|1|0,-107.0,-113.0,-110.0,-110.0,,9.0,sbro,,,,,JNIESE-L,MTALBOT-R,,,,,,,,
2010,2010-06-16,TEX,MIA,6.0,3.0,False,1|1|1|0|0|0|0|2|1,0|0|1|0|1|0|0|1|0,-101.0,-119.0,-106.0,-114.0,,8.5,sbro,,,,,THUNTER-R,ASANCHEZ-R,,,,,,,,
2010,2010-06-16,TAM,ATL,2.0,6.0,False,0|0|0|0|0|0|0|0|2,0|0|3|0|0|1|0|2|x,113.0,-133.0,117.0,-137.0,,8.5,sbro,,,,,WDAVIS-R,THANSON-R,,,,,,,,
2010,2010-06-16,ARI,BOS,2.0,6.0,False,0|2|0|0|0|0|0|0|0,2|0|2|0|0|0|2|0|x,210.0,-250.0,250.0,-290.0,,9.0,sbro,,,,,RLOPEZ-R,JLESTER-L,,,,,,,,
2010,2010-06-16,OAK,CUB,2.0,6.0,False,1|0|0|0|0|0|1|0|0,0|2|0|1|3|0|0|0|x,117.0,-137.0,114.0,-134.0,,8.0,sbro,,,,,GGONZALEZ-L,RDEMPSTER-R,,,,,,,,
2010,2010-06-16,HOU,KAN,4.0,2.0,False,1|0|0|2|0|1|0|0|0,1|0|1|0|0|0|0|0|0,-121.0,101.0,-115.0,-105.0,,8.5,sbro,,,,,ROSWALT-R,BCHEN-L,,,,,,,,
2010,2010-06-16,COL,MIN,1.0,2.0,False,0|0|0|0|0|0|0|1|0,0|2|0|0|0|0|0|0|x,128.0,-148.0,121.0,-141.0,,9.0,sbro,,,,,JCHACIN-R,SBAKER-R,,,,,,,,
2010,2010-06-16,SEA,STL,2.0,1.0,False,0|0|0|1|1|0|0|0|0,0|0|0|1|0|0|0|0|0,160.0,-180.0,175.0,-195.0,,7.5,sbro,,,,,JVARGAS-L,JGARCIA-L,,,,,,,,
2010,2010-06-17,LOS,CIN,1.0,7.0,False,0|1|0|0|0|0|0|0|0,0|3|2|0|2|0|0|0|x,-105.0,-105.0,-103.0,-117.0,,9.0,sbro,,,,,JELY-R,BARROYO-R,,,,,,,,
2010,2010-06-17,WAS,DET,3.0,8.0,False,0|0|0|0|0|1|1|1|0,0|2|0|0|3|2|0|1|x,157.0,-177.0,164.0,-184.0,,9.0,sbro,,,,,LATILANO-R,BONDERMAN-R,,,,,,,,
2010,2010-06-17,COL,MIN,5.0,1.0,False,3|0|0|0|0|0|0|2|0,0|0|0|0|0|0|0|1|0,-118.0,-102.0,-113.0,-107.0,,7.0,sbro,,,,,UJIMENEZ-R,FLIRIANO-L,,,,,,,,
2010,2010-06-17,OAK,CUB,2.0,3.0,False,0|0|0|0|1|0|1|0|0,1|0|0|0|0|0|0|1|1,-104.0,-116.0,111.0,-131.0,,8.5,sbro,,,,,DBRADEN-L,RWELLS-R,,,,,,,,
2010,2010-06-17,CWS,PIT,5.0,4.0,False,0|1|2|0|0|0|2|0|0,0|0|0|0|0|1|0|3|0,-130.0,110.0,-128.0,108.0,,8.5,sbro,,,,,MBUEHRLE-L,ROHLENDOR-R,,,,,,,,
2010,2010-06-17,NYM,CLE,6.0,4.0,False,3|0|0|2|0|0|0|1|0,0|1|1|0|1|0|1|0|0,-107.0,-113.0,-112.0,-108.0,,9.0,sbro,,,,,RDICKEY-R,WESTBROOK-R,,,,,,,,
2010,2010-06-17,PHI,NYY,7.0,1.0,False,0|0|0|1|2|0|0|0|4,0|0|0|0|0|1|0|0|0,170.0,-190.0,200.0,-230.0,,10.0,sbro,,,,,KKENDRICK-R,APETTITTE-L,,,,,,,,
2010,2010-06-17,TEX,MIA,6.0,4.0,False,0|0|0|1|3|0|2|0|0,0|3|0|0|0|0|0|1|0,125.0,-145.0,125.0,-145.0,,9.0,sbro,,,,,DNIPPERT-R,RNOLASCO-R,,,,,,,,
2010,2010-06-17,TAM,ATL,1.0,3.0,False,0|0|0|1|0|0|0|0|0,0|0|0|1|0|2|0|0|x,-107.0,-113.0,100.0,-120.0,,8.5,sbro,,,,,JSHIELDS-R,THUDSON-R,,,,,,,,
2010,2010-06-17,ARI,BOS,5.0,8.0,False,1|0|1|1|1|0|0|0|1,1|0|2|0|1|2|0|2|x,115.0,-135.0,126.0,-146.0,,9.0,sbro,,,,,DHAREN-R,JLACKEY-R,,,,,,,,
2010,2010-06-17,HOU,KAN,2.0,5.0,False,2|0|0|0|0|0|0|0|0,0|0|0|0|0|0|4|1|x,-105.0,-115.0,-110.0,-110.0,,9.5,sbro,,,,,BMYERS-R,ALEREW-R,,,,,,,,
2010,2010-06-18,MIL,COL,0.0,2.0,False,0|0|0|0|0|0|0|0|0,1|1|0|0|0|0|0|0|x,134.0,-154.0,137.0,-157.0,,9.5,sbro,,,,,MPARRA-L,JHAMMEL-R,,,,,,,,
2010,2010-06-18,LAA,CUB,7.0,6.0,False,0|0|0|2|0|1|3|1|0,0|0|0|1|1|0|0|0|4,121.0,-141.0,105.0,-125.0,,11.5,sbro,,,,,SKAZMIR-L,CSILVA-R,,,,,,,,
2010,2010-06-18,MIN,PHI,5.0,9.0,False,0|0|0|0|0|1|2|0|2,3|5|0|0|1|0|0|0|x,104.0,-124.0,114.0,-134.0,,10.0,sbro,,,,,NBLACKBUR-R,JBLANTON-R,,,,,,,,
2010,2010-06-18,NYM,NYY,4.0,0.0,False,1|0|0|0|0|0|0|2|1,0|0|0|0|0|0|0|0|0,160.0,-180.0,170.0,-200.0,,9.5,sbro,,,,,HTAKAHASH-L,JVAZQUEZ-R,,,,,,,,
2010,2010-06-18,CWS,WAS,2.0,1.0,False,1|0|0|0|0|0|0|0|0,0|0|0|0|0|0|1|0|0,133.0,-153.0,153.0,-173.0,,7.5,sbro,,,,,GFLOYD-R,SSTRASBUR-R,,,,,,,,
2010,2010-06-18,CLE,PIT,4.0,3.0,False,0|0|0|0|0|0|4|0|0,0|0|0|0|0|0|3|0|0,-110.0,-110.0,100.0,-120.0,,8.0,sbro,,,,,FCARMONA-R,PMAHOLM-L,,,,,,,,
2010,2010-06-18,ARI,DET,5.0,7.0,False,0|0|0|1|3|1|0|0|0,2|2|0|0|1|0|0|2|x,170.0,-190.0,180.0,-210.0,,9.5,sbro,,,,,DWILLIS-L,AGALARRAG-R,,,,,,,,
2010,2010-06-18,SFO,TOR,2.0,3.0,False,1|0|0|0|0|1|0|0|0,0|0|0|0|2|0|0|1|x,105.0,-125.0,130.0,-150.0,,8.5,sbro,,,,,BZITO-L,BMORROW-R,,,,,,,,
2010,2010-06-18,LOS,BOS,6.0,10.0,False,0|0|3|0|0|2|0|0|1,3|0|0|0|7|0|0|0|x,116.0,-136.0,116.0,-136.0,,10.5,sbro,,,,,CMONASTER-R,FDOUBRONT-L,,,,,,,,
2010,2010-06-18,TAM,MIA,4.0,7.0,False,2|0|0|1|0|0|1|0|0,5|2|0|0|0|0|0|0|x,-160.0,140.0,-168.0,148.0,,9.0,sbro,,,,,MGARZA-R,ROBERTSON-L,,,,,,,,
2010,2010-06-18,KAN,ATL,4.0,6.0,False,0|0|1|1|0|0|1|1|0,0|2|0|3|0|1|0|0|x,170.0,-190.0,180.0,-210.0,,9.0,sbro,,,,,BBANNISTR-R,DLOWE-R,,,,,,,,
2010,2010-06-18,TEX,HOU,9.0,3.0,False,0|0|6|0|2|1|0|0|0,0|0|0|0|0|3|0|0|0,-135.0,115.0,-136.0,116.0,,9.0,sbro,,,,,SFELDMAN-R,WRODRIGEZ-L,,,,,,,,
2010,2010-06-18,OAK,STL,4.0,6.0,False,0|4|0|0|0|0|0|0|0,2|0|0|0|2|0|2|0|x,200.0,-240.0,210.0,-250.0,,8.0,sbro,,,,,VMAZZARO-R,CARPENTER-R,,,,,,,,
2010,2010-06-18,BAL,SDG,2.0,3.0,False,0|0|0|1|0|0|0|0|1,0|0|0|0|0|1|0|0|2,145.0,-165.0,145.0,-165.0,,7.0,sbro,,,,,BMATUSZ-L,WLEBLANC-L,,,,,,,,
2010,2010-06-18,CIN,SEA,0.0,1.0,False,0|0|0|0|0|0|0|0|0,0|0|0|0|0|1|0|0|x,124.0,-144.0,134.0,-154.0,,6.5,sbro,,,,,JCUETO-R,CLEE-L,,,,,,,,
2010,2010-06-19,MIL,COL,7.0,8.0,False,0|0|0|0|1|1|2|0|3,1|0|0|0|0|0|3|4|x,-107.0,-113.0,-105.0,-105.0,,8.5,sbro,,,,,YGALLARDO-R,JFRANCIS-L,,,,,,,,
2010,2010-06-19,LAA,CUB,12.0,0.0,False,4|0|0|0|2|2|1|0|3,0|0|0|0|0|0|0|0|0,-111.0,-109.0,-107.0,-113.0,,8.5,sbro,,,,,JERWEAVER-R,TLILLY-L,,,,,,,,
2010,2010-06-19,SFO,TOR,0.0,3.0,False,0|0|0|0|0|0|0|0|0,0|0|0|0|0|0|0|3|x,-129.0,109.0,-159.0,139.0,,8.5,sbro,,,,,MCAIN-R,JLITSCH-R,,,,,,,,
2010,2010-06-19,NYM,NYY,3.0,5.0,False,1|0|2|0|0|0|0|0|0,1|0|2|2|0|0|0|0|x,160.0,-180.0,175.0,-195.0,,8.5,sbro,,,,,MPELFREY-R,PHUGHES-R,,,,,,,,
2010,2010-06-19,MIN,PHI,13.0,10.0,False,3|0|0|0|0|1|0|0|5,3|4|1|0|0|0|1|0|0,125.0,-145.0,140.0,-160.0,,9.5,sbro,,,,,KSLOWEY-R,CHAMELS-L,,,,,,,,
2010,2010-06-19,LOS,BOS,4.0,5.0,False,0|1|0|0|0|1|2|0|0,0|1|0|2|0|1|0|0|1,115.0,-135.0,130.0,-150.0,,11.0,sbro,,,,,VPADILLA-R,WAKEFIELD-R,,,,,,,,
2010,2010-06-19,ARI,DET,6.0,5.0,False,0|2|0|0|0|4|0|0|0,1|1|0|0|0|1|1|0|1,110.0,-130.0,114.0,-134.0,,9.5,sbro,,,,,EJACKSON-R,RPORCELLO-R,,,,,,,,
2010,2010-06-19,CLE,PIT,4.0,6.0,False,1|0|0|0|0|3|0|0|0,1|0|2|0|2|0|0|1|x,-107.0,-113.0,105.0,-125.0,,9.0,sbro,,,,,DHUFF-L,JKARSTENS-R,,,,,,,,
2010,2010-06-19,CWS,WAS,1.0,0.0,False,0|0|0|1|0|0|0|0|0,0|0|0|0|0|0|0|0|0,-109.0,-111.0,-120.0,100.0,,8.5,sbro,,,,,JPEAVY-R,JMARTIN-R,,,,,,,,
2010,2010-06-19,TEX,HOU,5.0,1.0,False,0|2|0|0|0|0|0|2|1,0|0|0|0|0|0|1|0|0,-162.0,142.0,-210.0,180.0,,9.0,sbro,,,,,CLEWIS-R,BMOEHLER-R,,,,,,,,
2010,2010-06-19,KAN,ATL,4.0,5.0,False,0|0|0|0|2|0|2|0|0,2|0|0|1|0|1|0|0|1,110.0,-130.0,120.0,-140.0,,7.5,sbro,,,,,ZGREINKE-R,KMEDLEN-R,,,,,,,,
2010,2010-06-19,TAM,MIA,9.0,8.0,False,0|0|0|1|0|3|0|1|0,0|0|0|1|0|1|0|3|0,-144.0,124.0,-146.0,126.0,,9.0,sbro,,,,,JNIEMANN-R,CVOLSTAD-R,,,,,,,,
2010,2010-06-19,OAK,STL,3.0,4.0,False,1|0|0|0|0|0|0|0|2,0|0|0|0|2|0|2|0|x,180.0,-210.0,200.0,-230.0,,7.0,sbro,,,,,BSHEETS-R,WAINWRIGHT-R,,,,,,,,
2010,2010-06-19,BAL,SDG,5.0,4.0,False,1|0|2|0|0|2|0|0|0,3|0|0|0|0|0|0|0|1,147.0,-167.0,170.0,-200.0,,6.5,sbro,,,,,KMILLWOOD-R,CRICHARD-L,,,,,,,,
2010,2010-06-19,CIN,SEA,1.0,5.0,False,0|0|0|1|0|0|0|0|0,0|0|1|0|0|4|0|0|x,154.0,-174.0,160.0,-180.0,,7.0,sbro,,,,,SLECURE-R,FHERNANDZ-R,,,,,,,,
2010,2010-06-20,MIL,COL,6.0,1.0,False,0|0|1|0|0|0|0|0|5,0|1|0|0|0|0|0|0|0,135.0,-155.0,104.0,-124.0,,10.0,sbro,,,,,RWOLF-L,ACOOK-R,,,,,,,,
2010,2010-06-20,ARI,DET,1.0,3.0,False,1|0|0|0|0|0|0|0|0,0|0|0|0|0|0|3|0|x,140.0,-160.0,131.0,-151.0,,9.0,sbro,,,,,IKENNEDY-R,MSCHERZER-R,,,,,,,,
2010,2010-06-20,SFO,TOR,9.0,6.0,False,0|0|1|1|0|5|0|2|0,0|2|1|0|0|0|0|0|3,114.0,-134.0,127.0,-147.0,,7.5,sbro,,,,,JSANCHEZ-L,SMARCUM-R,,,,,,,,
2010,2010-06-20,TAM,MIA,1.0,4.0,False,0|0|0|1|0|0|0|0|0,0|1|0|0|1|2|0|0|x,115.0,-135.0,-106.0,-114.0,,7.0,sbro,,,,,DPRICE-L,JJOHNSON-R,,,,,,,,
2010,2010-06-20,KAN,ATL,5.0,8.0,False,0|2|3|0|0|0|0|0|0,4|0|0|0|0|1|0|3|x,160.0,-180.0,155.0,-175.0,,9.5,sbro,,,,,KDAVIES-R,KKAWAKAMI-R,,,,,,,,
2010,2010-06-20,MIN,PHI,4.0,1.0,False,1|0|0|0|1|1|0|1|0,0|0|0|0|1|0|0|0|0,170.0,-190.0,170.0,-200.0,,8.0,sbro,,,,,CPAVANO-R,RHALLADAY-R,,,,,,,,
2010,2010-06-20,CWS,WAS,6.0,3.0,False,1|0|0|0|4|0|0|0|1,0|0|0|3|0|0|0|0|0,-110.0,-110.0,-115.0,-105.0,,9.5,sbro,,,,,FGARCIA-R,JLANNAN-L,,,,,,,,
2010,2010-06-20,CLE,PIT,3.0,5.0,False,2|0|1|0|0|0|0|0|0,2|0|0|0|0|0|1|2|x,-130.0,110.0,-123.0,103.0,,8.5,sbro,,,,,MASTERSON-R,BLINCOLN-R,,,,,,,,
2010,2010-06-20,LOS,BOS,0.0,2.0,False,0|0|0|0|0|0|0|0|0,1|0|1|0|0|0|0|0|x,135.0,-155.0,129.0,-149.0,,9.5,sbro,,,,,HKURODA-R,CBUCHHOLZ-R,,,,,,,,
2010,2010-06-20,TEX,HOU,5.0,4.0,False,0|1|1|0|0|1|0|0|1,2|2|0|0|0|0|0|0|0,-160.0,140.0,-173.0,153.0,,8.0,sbro,,,,,CWILSON-L,FPAULINO-R,,,,,,,,
2010,2010-06-20,OAK,STL,3.0,2.0,False,0|0|0|1|1|0|0|1|0,0|0|0|1|0|1|0|0|0,100.0,-120.0,-114.0,-106.0,,9.0,sbro,,,,,TCAHILL-R,JSUPPAN-R,,,,,,,,
2010,2010-06-20,LAA,CUB,1.0,12.0,False,0|0|0|1|0|0|0|0|0,2|2|4|0|1|0|0|3|x,102.0,-122.0,120.0,-140.0,,9.0,sbro,,,,,JSAUNDERS-L,CZAMBRANO-R,,,,,,,,
2010,2010-06-20,BAL,SDG,4.0,9.0,False,4|0|0|0|0|0|0|0|0,1|1|4|0|1|0|2|0|x,145.0,-165.0,140.0,-160.0,,7.0,sbro,,,,,JARRIETA-R,JGARLAND-R,,,,,,,,
2010,2010-06-20,CIN,SEA,0.0,1.0,False,0|0|0|0|0|0|0|0|0,0|0|0|1|0|0|0|0|x,-130.0,110.0,-122.0,102.0,,8.5,sbro,,,,,AHARANG-R,RWLND-SMTH-L,,,,,,,,
2010,2010-06-20,NYM,NYY,0.0,4.0,False,0|0|0|0|0|0|0|0|0,0|0|4|0|0|0|0|0|x,127.0,-147.0,160.0,-180.0,,8.5,sbro,,,,,JOSANTANA-L,CSABATHIA-L,,,,,,,,
2010,2010-06-21,KAN,WAS,1.0,2.0,False,0|0|1|0|0|0|0|0|0,0|1|0|0|0|1|0|0|x,125.0,-145.0,119.0,-139.0,,9.0,sbro,,,,,BCHEN-L,LHERNADEZ-R,,,,,,,,
2010,2010-06-21,NYY,ARI,4.0,10.0,False,0|0|1|0|0|2|0|0|1,5|1|0|1|0|0|0|3|x,-158.0,138.0,-164.0,144.0,,10.5,sbro,,,,,ABURNETT-R,RLOPEZ-R,,,,,,,,
2010,2010-06-21,CIN,OAK,6.0,4.0,False,1|0|0|0|0|0|0|0|1,0|0|0|0|1|0|0|0|1,100.0,-120.0,115.0,-135.0,,7.5,sbro,,,,,MLEAKE-R,GGONZALEZ-L,,,,,,,,
2010,2010-06-22,SFO,HOU,3.0,1.0,False,0|0|0|0|0|0|2|0|1,0|0|1|0|0|0|0|0|0,-141.0,121.0,-140.0,120.0,,6.5,sbro,,,,,TLINCECUM-R,ROSWALT-R,,,,,,,,
2010,2010-06-22,STL,TOR,9.0,4.0,False,0|1|1|0|4|0|0|2|1,0|2|0|0|0|1|1|0|0,-113.0,-107.0,-105.0,-105.0,,8.0,sbro,,,,,JGARCIA-L,BCECIL-L,,,,,,,,
2010,2010-06-22,KAN,WAS,3.0,4.0,False,0|0|0|0|1|0|0|0|2,0|0|1|2|1|0|0|0|x,-105.0,-105.0,-110.0,-110.0,,9.0,sbro,,,,,ALEREW-R,LATILANO-R,,,,,,,,
2010,2010-06-22,MIA,BAL,10.0,4.0,False,0|4|0|0|0|0|2|1|3,0|3|0|0|0|0|0|1|0,-126.0,106.0,-116.0,-104.0,,8.5,sbro,,,,,ASANCHEZ-R,JGUTHRIE-R,,,,,,,,
2010,2010-06-22,CLE,PHI,1.0,2.0,False,0|1|0|0|0|0|0|0|0,2|0|0|0|0|0|0|0|x,145.0,-165.0,169.0,-189.0,,10.0,sbro,,,,,MTALBOT-R,JMOYER-L,,,,,,,,
2010,2010-06-22,DET,NYM,6.0,14.0,False,0|0|0|2|4|0|0|0|0,2|0|8|1|0|3|0|0|x,-124.0,104.0,-141.0,121.0,,7.5,sbro,,,,,VERLANDER-R,JNIESE-L,,,,,,,,
2010,2010-06-22,SDG,TAM,2.0,1.0,False,0|0|2|0|0|0|0|0|0,0|0|0|0|0|0|0|1|0,107.0,-127.0,119.0,-139.0,,8.0,sbro,,,,,MLATOS-R,WDAVIS-R,,,,,,,,
2010,2010-06-22,PIT,TEX,3.0,6.0,False,1|0|0|1|0|1|0|0|0,0|0|0|1|3|1|0|1|x,190.0,-220.0,210.0,-250.0,,10.5,sbro,,,,,ROHLENDOR-R,THUNTER-R,,,,,,,,
2010,2010-06-22,MIN,MIL,5.0,7.0,False,3|0|0|0|0|0|0|2|0,0|0|0|4|0|1|2|0|x,-124.0,104.0,-135.0,115.0,,9.0,sbro,,,,,SBAKER-R,CNARVESON-L,,,,,,,,
2010,2010-06-22,ATL,CWS,6.0,9.0,False,1|2|0|0|0|0|0|1|2,0|5|1|3|0|0|0|0|x,-110.0,-110.0,-113.0,-107.0,,8.0,sbro,,,,,THANSON-R,JDANKS-L,,,,,,,,
2010,2010-06-22,BOS,COL,1.0,2.0,False,0|0|0|0|0|0|0|0|1,0|0|0|0|1|0|0|1|x,-134.0,114.0,-142.0,122.0,,8.5,sbro,,,,,JLESTER-L,JCHACIN-R,,,,,,,,
2010,2010-06-22,NYY,ARI,9.0,3.0,False,2|0|1|0|0|0|0|6|0,0|2|0|0|0|0|0|0|1,-130.0,110.0,-130.0,110.0,,9.5,sbro,,,,,APETTITTE-L,DHAREN-R,,,,,,,,
2010,2010-06-22,CIN,OAK,4.0,2.0,False,0|2|1|0|1|0|0|0|0,0|0|2|0|0|0|0|0|0,-109.0,-111.0,110.0,-130.0,,7.5,sbro,,,,,BARROYO-R,DBRADEN-L,,,,,,,,
2010,2010-06-22,LOS,LAA,3.0,6.0,False,0|0|2|1|0|0|0|0|0,0|0|0|0|0|3|3|0|x,-114.0,-106.0,-133.0,113.0,,8.0,sbro,,,,,CKERSHAW-L,ESANTANA-R,,,,,,,,
2010,2010-06-22,CUB,SEA,0.0,2.0,False,0|0|0|0|0|0|0|0|0,0|2|0|0|0|0|0|0|x,-113.0,-107.0,-106.0,-114.0,,7.0,sbro,,,,,RDEMPSTER-R,JVARGAS-L,,,,,,,,
2010,2010-06-23,SFO,HOU,3.0,6.0,False,0|0|0|0|2|0|1|0|0,1|3|0|1|0|1|0|0|x,-110.0,-110.0,-120.0,100.0,,7.5,sbro,,,,,BZITO-L,BMYERS-R,,,,,,,,
2010,2010-06-23,CIN,OAK,3.0,0.0,False,2|0|0|0|0|0|0|1|0,0|0|0|0|0|0|0|0|0,-106.0,-114.0,-112.0,-108.0,,8.5,sbro,,,,,JCUETO-R,VMAZZARO-R,,,,,,,,
2010,2010-06-23,KAN,WAS,1.0,0.0,False,0|0|0|0|1|0|0|0|0,0|0|0|0|0|0|0|0|0,195.0,-225.0,210.0,-250.0,,7.5,sbro,,,,,BBANNISTR-R,SSTRASBUR-R,,,,,,,,
2010,2010-06-23,MIA,BAL,7.0,5.0,False,0|0|4|0|0|0|2|0|1,0|4|0|0|0|0|0|1|0,-124.0,104.0,-120.0,100.0,,9.0,sbro,,,,,RNOLASCO-R,BMATUSZ-L,,,,,,,,
2010,2010-06-23,CLE,PHI,6.0,7.0,False,2|0|1|0|2|0|0|0|1,1|1|0|2|0|0|1|0|2,157.0,-177.0,164.0,-184.0,,10.0,sbro,,,,,WESTBROOK-R,KKENDRICK-R,,,,,,,,
2010,2010-06-23,STL,TOR,1.0,0.0,False,0|0|0|0|0|0|0|0|1,0|0|0|0|0|0|0|0|0,-106.0,-114.0,-110.0,-110.0,,7.5,sbro,,,,,CARPENTER-R,RROMERO-L,,,,,,,,
2010,2010-06-23,DET,NYM,0.0,5.0,False,0|0|0|0|0|0|0|0|0,0|0|1|0|1|0|3|0|x,-110.0,-110.0,-102.0,-118.0,,8.5,sbro,,,,,BONDERMAN-R,RDICKEY-R,,,,,,,,
2010,2010-06-23,SDG,TAM,5.0,4.0,False,0|0|0|0|2|1|1|0|1,0|0|0|0|0|3|0|0|1,160.0,-180.0,175.0,-195.0,,8.5,sbro,,,,,KCORREIA-R,JSHIELDS-R,,,,,,,,
2010,2010-06-23,PIT,TEX,3.0,13.0,False,0|1|1|0|0|0|1|0|0,2|5|0|6|0|0|0|0|x,147.0,-167.0,155.0,-175.0,,10.5,sbro,,,,,PMAHOLM-L,DNIPPERT-R,,,,,,,,
2010,2010-06-23,MIN,MIL,3.0,5.0,False,0|0|0|2|0|0|0|0|1,0|0|1|2|0|0|1|1|x,-136.0,116.0,-137.0,117.0,,8.5,sbro,,,,,FLIRIANO-L,MPARRA-L,,,,,,,,
2010,2010-06-23,ATL,CWS,2.0,4.0,False,0|1|0|0|1|0|0|0|0,0|0|0|3|0|0|1|0|x,-110.0,-110.0,-115.0,-105.0,,8.5,sbro,,,,,THUDSON-R,MBUEHRLE-L,,,,,,,,
2010,2010-06-23,BOS,COL,6.0,8.0,False,0|0|0|2|0|4|0|0|0,0|2|2|1|0|0|0|0|3,148.0,-168.0,143.0,-163.0,,8.0,sbro,,,,,JLACKEY-R,UJIMENEZ-R,,,,,,,,
2010,2010-06-23,NYY,ARI,6.0,5.0,False,1|0|1|0|0|2|0|0|1,2|0|0|2|0|1|0|0|0,-190.0,170.0,-210.0,180.0,,10.5,sbro,,,,,JVAZQUEZ-R,DWILLIS-L,,,,,,,,
2010,2010-06-23,LOS,LAA,1.0,2.0,False,0|0|1|0|0|0|0|0|0,0|0|0|1|1|0|0|0|x,-106.0,-114.0,100.0,-120.0,,9.0,sbro,,,,,JELY-R,JPINEIRO-R,,,,,,,,
2010,2010-06-23,CUB,SEA,1.0,8.0,False,0|1|0|0|0|0|0|0|0,0|0|0|4|0|2|0|2|x,144.0,-164.0,156.0,-176.0,,6.5,sbro,,,,,RWELLS-R,CLEE-L,,,,,,,,
2010,2010-06-24,SFO,HOU,5.0,7.0,False,0|0|0|2|0|0|2|0|1,3|3|1|0|0|0|0|0|x,-155.0,135.0,-152.0,132.0,,7.5,sbro,,,,,MCAIN-R,WRODRIGEZ-L,,,,,,,,
2010,2010-06-24,SDG,TAM,3.0,5.0,False,0|3|0|0|0|0|0|0|0,1|0|0|0|2|1|1|0|x,160.0,-180.0,157.0,-177.0,,8.0,sbro,,,,,WLEBLANC-L,MGARZA-R,,,,,,,,
2010,2010-06-24,CLE,PHI,3.0,12.0,False,0|0|0|0|2|0|0|1|0,0|5|0|0|2|5|0|0|x,135.0,-155.0,130.0,-150.0,,9.5,sbro,,,,,FCARMONA-R,JBLANTON-R,,,,,,,,
2010,2010-06-24,ATL,CWS,0.0,2.0,False,0|0|0|0|0|0|0|0|0,0|0|0|0|0|0|0|2|x,-110.0,-110.0,-107.0,-113.0,,9.0,sbro,,,,,DLOWE-R,GFLOYD-R,,,,,,,,
2010,2010-06-24,MIN,MIL,0.0,5.0,False,0|0|0|0|0|0|0|0|0,0|0|4|1|0|0|0|0|x,160.0,-180.0,139.0,-159.0,,8.5,sbro,,,,,NBLACKBUR-R,YGALLARDO-R,,,,,,,,
2010,2010-06-24,CUB,SEA,3.0,2.0,False,0|1|0|0|0|0|1|0|0,0|0|0|1|0|0|1|0|0,130.0,-150.0,141.0,-161.0,,6.5,sbro,,,,,TLILLY-L,FHERNANDZ-R,,,,,,,,
2010,2010-06-24,MIA,BAL,5.0,11.0,False,2|1|0|0|1|0|0|0|1,0|0|5|0|1|1|3|1|x,-120.0,100.0,-110.0,-110.0,,9.5,sbro,,,,,ROBERTSON-L,KMILLWOOD-R,,,,,,,,
2010,2010-06-24,STL,TOR,0.0,5.0,False,0|0|0|0|0|0|0|0|0,3|1|1|0|0|0|0|0|x,-135.0,115.0,-136.0,116.0,,7.5,sbro,,,,,WAINWRIGHT-R,BMORROW-R,,,,,,,,
2010,2010-06-24,DET,NYM,6.0,5.0,False,1|0|2|0|3|0|0|0|0,0|0|0|1|0|3|1|0|0,100.0,-120.0,110.0,-130.0,,8.0,sbro,,,,,AGALARRAG-R,HTAKAHASH-L,,,,,,,,
2010,2010-06-24,PIT,TEX,5.0,6.0,False,4|0|0|1|0|0|0|0|0,0|1|0|2|0|0|2|0|1,210.0,-250.0,240.0,-280.0,,10.5,sbro,,,,,JKARSTENS-R,SFELDMAN-R,,,,,,,,
2010,2010-06-24,BOS,COL,13.0,11.0,False,0|0|0|4|2|0|3|2|0,2|0|0|0|0|6|0|1|2,-105.0,-115.0,-109.0,-111.0,,9.5,sbro,,,,,DMATSUZAK-R,JHAMMEL-R,,,,,,,,
2010,2010-06-24,LOS,LAA,10.0,6.0,False,0|0|0|5|1|0|2|2|0,1|0|0|1|2|0|0|0|2,130.0,-150.0,125.0,-145.0,,10.5,sbro,,,,,CHAEGER-R,SKAZMIR-L,,,,,,,,
2010,2010-06-25,SDG,MIA,3.0,0.0,False,0|0|0|0|0|0|3|0|0,0|0|0|0|0|0|0|0|0,-107.0,-113.0,-113.0,-107.0,,8.5,sbro,,,,,CRICHARD-L,CVOLSTAD-R,,,,,,,,
2010,2010-06-25,CUB,CWS,0.0,6.0,False,0|0|0|0|0|0|0|0|0,4|0|0|0|1|1|0|0|x,118.0,-138.0,142.0,-162.0,,8.5,sbro,,,,,CZAMBRANO-R,JPEAVY-R,,,,,,,,
2010,2010-06-25,PHI,TOR,9.0,0.0,False,0|1|0|1|6|0|0|1|0,0|0|0|0|0|0|0|0|0,-240.0,200.0,-200.0,170.0,,8.5,sbro,,,,,RHALLADAY-R,JLITSCH-R,,,,,,,,
2010,2010-06-25,WAS,BAL,6.0,7.0,False,1|0|2|3|0|0|0|0|0,0|0|0|0|3|0|0|3|1,-115.0,-105.0,-112.0,-108.0,,9.0,sbro,,,,,JMARTIN-R,JARRIETA-R,,,,,,,,
2010,2010-06-25,MIN,NYM,2.0,5.0,False,1|0|0|0|1|0|0|0|0,0|0|0|3|1|1|0|0|x,111.0,-131.0,100.0,-120.0,,8.0,sbro,,,,,KSLOWEY-R,MPELFREY-R,,,,,,,,
2010,2010-06-25,CLE,CIN,3.0,10.0,False,0|0|0|0|2|1|0|0|0,0|2|3|0|4|0|1|0|x,148.0,-168.0,170.0,-200.0,,9.5,sbro,,,,,ALAFFEY-L,AHARANG-R,,,,,,,,
2010,2010-06-25,ARI,TAM,1.0,0.0,False,0|1|0|0|0|0|0|0|0,0|0|0|0|0|0|0|0|0,171.0,-191.0,162.0,-182.0,,8.5,sbro,,,,,EJACKSON-R,JNIEMANN-R,,,,,,,,
2010,2010-06-25,DET,ATL,1.0,3.0,False,1|0|0|0|0|0|0|0|0,0|1|0|1|0|0|0|1|x,140.0,-160.0,139.0,-159.0,,9.0,sbro,,,,,AOLIVER-L,KMEDLEN-R,,,,,,,,
2010,2010-06-25,HOU,TEX,7.0,4.0,False,0|1|0|1|0|3|2|0|0,0|0|0|1|2|0|0|1|0,250.0,-300.0,250.0,-300.0,,9.5,sbro,,,,,BMOEHLER-R,CLEWIS-R,,,,,,,,
2010,2010-06-25,STL,KAN,2.0,4.0,False,0|0|0|0|0|0|0|0|2,0|0|3|0|0|0|0|1|x,135.0,-155.0,132.0,-152.0,,8.5,sbro,,,,,JSUPPAN-R,ZGREINKE-R,,,,,,,,
2010,2010-06-25,SEA,MIL,3.0,8.0,False,0|1|2|0|0|0|0|0|0,0|0|0|4|0|1|1|2|x,130.0,-150.0,139.0,-159.0,,9.5,sbro,,,,,RWLND-SMTH-L,DBUSH-R,,,,,,,,
2010,2010-06-25,PIT,OAK,4.0,14.0,False,2|0|1|0|1|0|0|0|0,2|0|2|1|0|0|7|2|x,160.0,-180.0,159.0,-179.0,,8.0,sbro,,,,,BLINCOLN-R,BSHEETS-R,,,,,,,,
2010,2010-06-25,COL,LAA,4.0,3.0,False,0|0|0|0|2|0|0|1|0,0|1|0|0|0|1|1|0|0,140.0,-160.0,149.0,-169.0,,7.5,sbro,,,,,JFRANCIS-L,JERWEAVER-R,,,,,,,,
2010,2010-06-25,NYY,LOS,2.0,1.0,False,0|1|0|0|0|1|0|0|0,1|0|0|0|0|0|0|0|0,-190.0,170.0,-158.0,138.0,,8.5,sbro,,,,,CSABATHIA-L,VPADILLA-R,,,,,,,,
2010,2010-06-25,BOS,SFO,4.0,5.0,False,3|0|0|0|0|0|0|0|1,0|3|1|0|0|0|0|1|x,-101.0,-119.0,107.0,-127.0,,8.0,sbro,,,,,WAKEFIELD-R,JSANCHEZ-L,,,,,,,,
2010,2010-06-26,SDG,MIA,2.0,1.0,False,0|0|0|1|1|0|0|0|0,0|1|0|0|0|0|0|0|0,170.0,-200.0,180.0,-210.0,,7.0,sbro,,,,,JGARLAND-R,JJOHNSON-R,,,,,,,,
2010,2010-06-26,PHI,TOR,1.0,5.0,False,0|0|0|0|0|1|0|0|0,0|2|1|2|0|0|0|0|x,-134.0,114.0,-135.0,115.0,,9.0,sbro,,,,,CHAMELS-L,SMARCUM-R,,,,,,,,
2010,2010-06-26,MIN,NYM,6.0,0.0,False,4|0|0|1|0|0|0|0|1,0|0|0|0|0|0|0|0|0,110.0,-130.0,107.0,-127.0,,7.5,sbro,,,,,CPAVANO-R,JOSANTANA-L,,,,,,,,
2010,2010-06-26,STL,KAN,5.0,3.0,False,0|0|0|3|2|0|0|0|0,0|0|0|0|0|2|0|1|0,-120.0,100.0,-118.0,-102.0,,10.0,sbro,,,,,BHAWKSWOR-R,KDAVIES-R,,,,,,,,
2010,2010-06-26,HOU,TEX,2.0,7.0,False,0|0|0|2|0|0|0|0|0,0|0|1|4|2|0|0|0|x,220.0,-260.0,250.0,-300.0,,10.5,sbro,,,,,JBANKS-R,CWILSON-L,,,,,,,,
2010,2010-06-26,ARI,TAM,3.0,5.0,False,0|0|0|1|0|0|1|0|1,0|1|0|0|0|3|1|0|x,170.0,-200.0,170.0,-200.0,,8.5,sbro,,,,,IKENNEDY-R,DPRICE-L,,,,,,,,
2010,2010-06-26,DET,ATL,3.0,4.0,False,0|0|0|0|0|1|0|0|2,0|0|0|0|0|0|3|1|x,-101.0,-119.0,-105.0,-105.0,,9.0,sbro,,,,,MSCHERZER-R,KKAWAKAMI-R,,,,,,,,
2010,2010-06-26,SEA,MIL,5.0,4.0,False,0|1|1|3|0|0|0|0|0,0|0|4|0|0|0|0|0|0,110.0,-130.0,129.0,-149.0,,9.0,sbro,,,,,DFISTER-R,RWOLF-L,,,,,,,,
2010,2010-06-26,WAS,BAL,5.0,6.0,False,0|0|4|1|0|0|0|0|0,0|0|0|1|4|0|1|0|x,-113.0,-107.0,-122.0,102.0,,9.5,sbro,,,,,LHERNADEZ-R,BBERGESEN-R,,,,,,,,
2010,2010-06-26,CLE,CIN,4.0,6.0,False,1|0|0|2|0|0|0|0|1,1|0|0|0|2|3|0|0|x,114.0,-134.0,118.0,-138.0,,9.5,sbro,,,,,MASTERSON-R,SLECURE-R,,,,,,,,
2010,2010-06-26,BOS,SFO,4.0,2.0,False,1|3|0|0|0|0|0|0|0,0|0|0|1|0|1|0|0|0,-149.0,129.0,-142.0,122.0,,8.0,sbro,,,,,CBUCHHOLZ-R,MBUMGARNR-L,,,,,,,,
2010,2010-06-26,NYY,LOS,4.0,9.0,False,3|0|1|0|0|0|0|0|0,2|0|3|2|0|0|2|0|x,-113.0,-107.0,-105.0,-115.0,,8.5,sbro,,,,,ABURNETT-R,HKURODA-R,,,,,,,,
2010,2010-06-26,CUB,CWS,2.0,3.0,False,0|0|0|0|0|1|1|0|0,0|0|1|0|0|1|0|1|x,-101.0,-119.0,113.0,-133.0,,9.0,sbro,,,,,CSILVA-R,FGARCIA-R,,,,,,,,
2010,2010-06-26,PIT,OAK,0.0,5.0,False,0|0|0|0|0|0|0|0|0,1|2|0|0|1|0|1|0|x,154.0,-174.0,200.0,-240.0,,8.5,sbro,,,,,DMCCUTCHE-R,TCAHILL-R,,,,,,,,
2010,2010-06-26,COL,LAA,2.0,4.0,False,0|0|1|1|0|0|0|0|0,4|0|0|0|0|0|0|0|x,110.0,-130.0,122.0,-142.0,,9.5,sbro,,,,,ACOOK-R,JSAUNDERS-L,,,,,,,,
2010,2010-06-27,SDG,MIA,4.0,2.0,False,1|0|0|0|0|1|0|2|0,0|0|0|0|0|1|1|0|0,-108.0,-112.0,-113.0,-107.0,,7.5,sbro,,,,,MLATOS-R,ASANCHEZ-R,,,,,,,,
2010,2010-06-27,PHI,TOR,11.0,2.0,False,0|4|0|2|1|0|4|0|0,0|0|2|0|0|0|0|0|0,-133.0,113.0,-105.0,-105.0,,9.5,sbro,,,,,JMOYER-L,BCECIL-L,,,,,,,,
2010,2010-06-27,CLE,CIN,5.0,3.0,False,1|0|0|0|3|0|0|1|0,1|0|0|0|0|0|0|2|0,155.0,-175.0,155.0,-175.0,,9.5,sbro,,,,,MTALBOT-R,BARROYO-R,,,,,,,,
2010,2010-06-27,MIN,NYM,0.0,6.0,False,0|0|0|0|0|0|0|0|0,0|0|0|2|4|0|0|0|x,-110.0,-110.0,-113.0,-107.0,,8.0,sbro,,,,,SBAKER-R,JNIESE-L,,,,,,,,
2010,2010-06-27,DET,ATL,10.0,4.0,False,1|0|0|5|2|2|0|0|0,0|0|0|2|2|0|0|0|0,108.0,-128.0,-107.0,-113.0,,7.0,sbro,,,,,VERLANDER-R,THANSON-R,,,,,,,,
2010,2010-06-27,WAS,BAL,3.0,4.0,False,0|0|0|3|0|0|0|0|0,0|0|0|0|3|0|0|1|x,100.0,-120.0,-105.0,-115.0,,9.5,sbro,,,,,LATILANO-R,JGUTHRIE-R,,,,,,,,
2010,2010-06-27,ARI,TAM,2.0,1.0,False,0|0|0|0|2|0|0|0|0,0|0|0|0|0|1|0|0|0,175.0,-195.0,162.0,-182.0,,9.5,sbro,,,,,RLOPEZ-R,WDAVIS-R,,,,,,,,
2010,2010-06-27,CUB,CWS,8.0,6.0,False,0|0|3|0|2|1|0|2|0,2|0|0|0|0|1|0|0|3,112.0,-132.0,120.0,-140.0,,7.5,sbro,,,,,RDEMPSTER-R,JDANKS-L,,,,,,,,
2010,2010-06-27,SEA,MIL,0.0,3.0,False,0|0|0|0|0|0|0|0|0,1|0|0|0|2|0|0|0|x,100.0,-120.0,-104.0,-116.0,,8.5,sbro,,,,,JVARGAS-L,CNARVESON-L,,,,,,,,
2010,2010-06-27,STL,KAN,3.0,10.0,False,1|0|0|0|1|0|0|0|1,0|3|2|2|0|0|0|3|x,-165.0,145.0,-142.0,122.0,,9.0,sbro,,,,,JGARCIA-L,BCHEN-L,,,,,,,,
2010,2010-06-27,COL,LAA,3.0,10.0,False,0|1|0|1|0|0|1|0|0,0|0|0|4|1|0|0|5|x,120.0,-140.0,116.0,-136.0,,8.5,sbro,,,,,JCHACIN-R,ESANTANA-R,,,,,,,,
2010,2010-06-27,PIT,OAK,2.0,3.0,False,0|0|0|0|0|0|2|0|0,0|0|1|0|1|0|0|1|x,200.0,-230.0,200.0,-240.0,,8.5,sbro,,,,,ROHLENDOR-R,GGONZALEZ-L,,,,,,,,
2010,2010-06-27,BOS,SFO,5.0,1.0,False,1|2|1|0|0|0|0|0|1,1|0|0|0|0|0|0|0|0,108.0,-128.0,-102.0,-118.0,,6.5,sbro,,,,,JLESTER-L,TLINCECUM-R,,,,,,,,
2010,2010-06-27,HOU,TEX,1.0,10.0,False,0|0|0|0|1|0|0|0|0,0|2|2|1|3|2|0|0|x,140.0,-160.0,153.0,-173.0,,9.0,sbro,,,,,ROSWALT-R,THUNTER-R,,,,,,,,
2010,2010-06-27,NYY,LOS,8.0,6.0,False,0|0|0|0|0|2|0|0|4,0|0|3|2|0|0|0|1|0,-110.0,-110.0,-112.0,-108.0,,7.0,sbro,,,,,APETTITTE-L,CKERSHAW-L,,,,,,,,
2010,2010-06-28,NYM,MIA,3.0,10.0,False,0|1|0|0|0|0|2|0|0,1|0|4|0|0|1|1|3|x,-106.0,-114.0,-109.0,-111.0,,8.5,sbro,,,,,RDICKEY-R,RNOLASCO-R,,,,,,,,
2010,2010-06-28,PHI,CIN,3.0,7.0,False,0|0|0|0|0|0|1|0|2,0|0|0|2|0|2|2|1|x,110.0,-130.0,108.0,-128.0,,9.5,sbro,,,,,KKENDRICK-R,JCUETO-R,,,,,,,,
2010,2010-06-28,WAS,ATL,0.0,5.0,False,0|0|0|0|0|0|0|0|0,0|0|0|0|0|0|5|0|x,-101.0,-119.0,102.0,-122.0,,6.5,sbro,,,,,SSTRASBUR-R,THUDSON-R,,,,,,,,
2010,2010-06-28,PIT,CUB,2.0,1.0,False,0|0|1|0|0|0|0|0|1,0|1|0|0|0|0|0|0|0,170.0,-190.0,165.0,-185.0,,8.0,sbro,,,,,PMAHOLM-L,RWELLS-R,,,,,,,,
2010,2010-06-28,HOU,MIL,9.0,5.0,False,0|0|2|0|0|3|2|2|0,1|3|1|0|0|0|0|0|0,158.0,-178.0,175.0,-195.0,,8.5,sbro,,,,,BNORRIS-R,MPARRA-L,,,,,,,,
2010,2010-06-28,ARI,STL,5.0,6.0,False,0|0|0|0|0|2|1|2|0,2|0|0|0|0|0|0|1|3,150.0,-170.0,157.0,-177.0,,7.0,sbro,,,,,DHAREN-R,CARPENTER-R,,,,,,,,
2010,2010-06-28,COL,SDG,10.0,6.0,False,2|0|2|0|2|2|0|0|2,0|0|0|0|0|4|2|0|0,-149.0,129.0,-150.0,130.0,,6.0,sbro,,,,,UJIMENEZ-R,KCORREIA-R,,,,,,,,
2010,2010-06-28,LOS,SFO,4.0,2.0,False,0|0|2|0|0|0|0|2|0,1|0|0|0|0|1|0|0|0,-106.0,-114.0,-112.0,-108.0,,7.5,sbro,,,,,BILLNGSLEY-R,BZITO-L,,,,,,,,
2010,2010-06-28,TOR,CLE,1.0,2.0,False,1|0|0|0|0|0|0|0|0,1|0|0|0|0|1|0|0|x,-145.0,125.0,-157.0,137.0,,8.5,sbro,,,,,RROMERO-L,WESTBROOK-R,,,,,,,,
2010,2010-06-28,DET,MIN,7.0,5.0,False,4|1|0|0|0|0|1|1|0,1|0|0|2|0|1|1|0|0,132.0,-152.0,149.0,-169.0,,8.0,sbro,,,,,BONDERMAN-R,FLIRIANO-L,,,,,,,,
2010,2010-06-28,CWS,KAN,1.0,3.0,False,0|0|0|1|0|0|0|0|0,2|1|0|0|0|0|0|0|x,-127.0,107.0,-125.0,105.0,,9.5,sbro,,,,,MBUEHRLE-L,ALEREW-R,,,,,,,,
2010,2010-06-29,NYM,MIA,6.0,7.0,False,1|0|2|0|0|0|1|0|2,0|0|6|0|0|0|0|0|1,-120.0,100.0,-113.0,-107.0,,10.0,sbro,,,,,HTAKAHASH-L,ROBERTSON-L,,,,,,,,
2010,2010-06-29,PHI,CIN,9.0,6.0,False,0|3|0|3|0|0|0|0|0,1|0|0|0|0|2|0|0|3,-107.0,-113.0,104.0,-124.0,,9.5,sbro,,,,,JBLANTON-R,MLEAKE-R,,,,,,,,
2010,2010-06-29,WAS,ATL,7.0,2.0,False,0|0|0|0|3|1|2|1|0,0|0|1|0|0|0|0|1|0,160.0,-180.0,180.0,-210.0,,9.0,sbro,,,,,CSTAMMEN-R,DLOWE-R,,,,,,,,
2010,2010-06-29,PIT,CUB,1.0,3.0,False,0|0|0|0|1|0|0|0|0,0|1|0|1|0|1|0|0|x,200.0,-230.0,170.0,-200.0,,7.5,sbro,,,,,JKARSTENS-R,TLILLY-L,,,,,,,,
2010,2010-06-29,HOU,MIL,5.0,7.0,False,0|0|0|0|3|1|0|0|1,0|0|3|2|1|1|0|0|x,190.0,-220.0,200.0,-230.0,,7.5,sbro,,,,,BMYERS-R,YGALLARDO-R,,,,,,,,
2010,2010-06-29,ARI,STL,0.0,8.0,False,0|0|0|0|0|0|0|0|0,0|0|2|0|4|2|0|0|x,240.0,-280.0,280.0,-330.0,,8.5,sbro,,,,,DWILLIS-L,WAINWRIGHT-R,,,,,,,,
2010,2010-06-29,COL,SDG,6.0,3.0,False,0|0|0|1|0|0|3|0|2,0|0|0|0|0|0|3|0|0,-109.0,-111.0,-102.0,-118.0,,7.0,sbro,,,,,JHAMMEL-R,WLEBLANC-L,,,,,,,,
2010,2010-06-29,LOS,SFO,4.0,2.0,False,1|0|0|0|3|0|0|0|0,1|0|0|0|0|0|0|0|1,123.0,-143.0,114.0,-134.0,,7.5,sbro,,,,,JELY-R,MCAIN-R,,,,,,,,
2010,2010-06-29,SEA,NYY,7.0,4.0,False,0|1|1|1|1|3|0|0|0,1|0|0|0|0|1|0|0|2,118.0,-138.0,142.0,-162.0,,7.5,sbro,,,,,CLEE-L,PHUGHES-R,,,,,,,,
2010,2010-06-29,OAK,BAL,4.0,2.0,False,0|0|1|0|1|0|1|0|1,0|0|0|0|1|0|0|1|0,-106.0,-114.0,-107.0,-113.0,,8.5,sbro,,,,,VMAZZARO-R,BMATUSZ-L,,,,,,,,
2010,2010-06-29,TOR,CLE,4.0,5.0,False,0|0|0|0|0|2|2|0|0,2|1|0|0|1|1|0|0|x,-111.0,-109.0,-117.0,-103.0,,8.0,sbro,,,,,BMORROW-R,FCARMONA-R,,,,,,,,
2010,2010-06-29,TAM,BOS,5.0,8.0,False,0|0|0|0|0|0|1|2|2,0|0|0|0|3|2|3|0|x,101.0,-121.0,-110.0,-110.0,,9.5,sbro,,,,,JSHIELDS-R,JLACKEY-R,,,,,,,,
2010,2010-06-29,DET,MIN,4.0,11.0,False,0|0|3|0|0|1|0|0|0,2|0|1|2|5|0|1|0|x,104.0,-124.0,123.0,-143.0,,9.5,sbro,,,,,AGALARRAG-R,NBLACKBUR-R,,,,,,,,
2010,2010-06-29,CWS,KAN,4.0,3.0,False,0|3|0|1|0|0|0|0|0,0|0|0|0|3|0|0|0|0,104.0,-124.0,-129.0,109.0,,8.5,sbro,,,,,GFLOYD-R,BBANNISTR-R,,,,,,,,
2010,2010-06-29,TEX,LAA,5.0,6.0,False,1|0|1|0|1|0|2|0|0,1|0|0|1|0|4|0|0|x,100.0,-120.0,100.0,-120.0,,9.5,sbro,,,,,SFELDMAN-R,JPINEIRO-R,,,,,,,,
2010,2010-06-30,PHI,CIN,3.0,4.0,False,0|0|0|3|0|0|0|0|0,0|0|0|0|0|1|1|2|x,-160.0,140.0,-152.0,132.0,,7.5,sbro,,,,,RHALLADAY-R,AHARANG-R,,,,,,,,
2010,2010-06-30,HOU,MIL,5.0,1.0,False,0|0|0|1|0|1|3|0|0,0|1|0|0|0|0|0|0|0,141.0,-161.0,126.0,-146.0,,9.0,sbro,,,,,WRODRIGEZ-L,DBUSH-R,,,,,,,,
2010,2010-06-30,ARI,STL,4.0,2.0,False,0|1|0|0|2|1|0|0|0,1|0|0|0|0|0|1|0|0,115.0,-135.0,133.0,-153.0,,9.5,sbro,,,,,BENRIGHT-R,JSUPPAN-R,,,,,,,,
2010,2010-06-30,PIT,CUB,2.0,0.0,False,0|0|0|0|0|0|0|2|0,0|0|0|0|0|0|0|0|0,171.0,-191.0,151.0,-171.0,,9.0,sbro,,,,,BLINCOLN-R,GORZELANNY-L,,,,,,,,
2010,2010-06-30,COL,SDG,3.0,13.0,False,0|2|0|0|0|0|0|1|0,2|0|1|6|0|4|0|0|x,110.0,-130.0,117.0,-137.0,,6.5,sbro,,,,,JFRANCIS-L,CRICHARD-L,,,,,,,,
2010,2010-06-30,LOS,SFO,8.0,2.0,False,0|0|2|0|3|0|3|0|0,0|0|0|0|0|1|0|0|1,-105.0,-115.0,108.0,-128.0,,7.5,sbro,,,,,VPADILLA-R,JSANCHEZ-L,,,,,,,,
2010,2010-06-30,NYM,MIA,6.0,5.0,False,3|1|0|0|0|1|1|0|0,2|0|0|0|2|0|0|1|0,-111.0,-109.0,-119.0,-101.0,,9.5,sbro,,,,,MPELFREY-R,CVOLSTAD-R,,,,,,,,
2010,2010-06-30,WAS,ATL,1.0,4.0,False,0|0|0|0|0|1|0|0|0,1|0|0|2|0|0|1|0|x,150.0,-170.0,145.0,-165.0,,8.5,sbro,,,,,JMARTIN-R,JJURRJENS-R,,,,,,,,
2010,2010-06-30,DET,MIN,1.0,5.0,False,0|0|0|1|0|0|0|0|0,0|0|0|1|2|2|0|0|x,135.0,-155.0,118.0,-138.0,,9.0,sbro,,,,,AOLIVER-L,KSLOWEY-R,,,,,,,,
2010,2010-06-30,OAK,BAL,6.0,9.0,False,0|0|0|6|0|0|0|0|0,0|2|1|1|0|0|3|2|x,-118.0,-102.0,-114.0,-106.0,,9.0,sbro,,,,,BSHEETS-R,KMILLWOOD-R,,,,,,,,
2010,2010-06-30,TOR,CLE,1.0,3.0,False,0|0|0|0|0|0|1|0|0,1|0|0|0|0|1|1|0|x,110.0,-130.0,-122.0,102.0,,10.0,sbro,,,,,JLITSCH-R,ALAFFEY-L,,,,,,,,
2010,2010-06-30,SEA,NYY,7.0,0.0,False,0|1|2|0|0|0|2|2|0,0|0|0|0|0|0|0|0|0,120.0,-140.0,135.0,-155.0,,8.0,sbro,,,,,FHERNANDZ-R,JVAZQUEZ-R,,,,,,,,
2010,2010-06-30,TAM,BOS,9.0,4.0,False,0|0|0|3|0|0|0|6|0,0|0|0|0|0|1|0|3|0,-106.0,-114.0,-111.0,-109.0,,9.5,sbro,,,,,MGARZA-R,DMATSUZAK-R,,,,,,,,
2010,2010-06-30,CWS,KAN,6.0,7.0,False,0|0|0|1|0|0|0|5|0,1|0|0|0|0|2|4|0|x,-105.0,-115.0,102.0,-122.0,,7.0,sbro,,,,,JPEAVY-R,ZGREINKE-R,,,,,,,,
2010,2010-06-30,TEX,LAA,6.0,4.0,False,0|0|0|4|1|0|0|1|0,1|2|0|0|0|1|0|0|0,103.0,-123.0,-104.0,-116.0,,10.0,sbro,,,,,OBELTRE-R,SKAZMIR-L,,,,,,,,
2010,2010-06-30,CIN,CUB,3.0,2.0,False,1|0|0|0|0|0|0|1|0,0|0|0|0|0|0|0|2|0,110.0,-130.0,112.0,-132.0,,8.0,sbro,,,,,TWOOD-L,CSILVA-R,,,,,,,,
2010,2010-07-01,PHI,PIT,2.0,3.0,False,0|0|1|0|1|0|0|0|0,0|1|1|1|0|0|0|0|x,-200.0,170.0,-180.0,160.0,,8.5,sbro,,,,,CHAMELS-L,DMCCUTCHE-R,,,,,,,,
2010,2010-07-01,NYM,WAS,1.0,2.0,False,1|0|0|0|0|0|0|0|0,0|0|0|0|0|0|1|0|1,-135.0,115.0,-130.0,110.0,,8.0,sbro,,,,,JOSANTANA-L,LHERNADEZ-R,,,,,,,,
2010,2010-07-01,MIL,STL,4.0,1.0,False,0|1|0|0|2|0|0|1|0,0|0|0|0|0|0|1|0|0,105.0,-125.0,118.0,-138.0,,9.5,sbro,,,,,RWOLF-L,BHAWKSWOR-R,,,,,,,,
2010,2010-07-01,SFO,COL,3.0,7.0,False,0|2|0|0|0|1|0|0|0,2|0|0|1|1|0|0|3|x,130.0,-150.0,124.0,-144.0,,9.0,sbro,,,,,MBUMGARNR-L,ACOOK-R,,,,,,,,
2010,2010-07-01,HOU,SDG,6.0,3.0,False,0|3|0|0|0|0|0|0|0,0|0|0|0|1|0|2|0|0,170.0,-200.0,190.0,-220.0,,7.5,sbro,,,,,BMOEHLER-R,JGARLAND-R,,,,,,,,
2010,2010-07-01,TOR,CLE,1.0,6.0,False,0|0|0|0|0|0|0|0|1,0|0|0|6|0|0|0|0|x,-150.0,130.0,-127.0,107.0,,8.0,sbro,,,,,SMARCUM-R,MASTERSON-R,,,,,,,,
2010,2010-07-01,SEA,NYY,2.0,4.0,False,0|0|0|0|0|0|0|2|0,1|0|0|1|0|0|0|2|x,270.0,-320.0,320.0,-400.0,,8.5,sbro,,,,,RWLND-SMTH-L,CSABATHIA-L,,,,,,,,
2010,2010-07-01,OAK,BAL,8.0,1.0,False,0|3|0|0|1|0|4|0|0,1|0|0|0|0|0|0|0|0,-150.0,130.0,-142.0,122.0,,8.5,sbro,,,,,TCAHILL-R,JARRIETA-R,,,,,,,,
2010,2010-07-01,TAM,MIN,5.0,4.0,False,0|0|0|1|1|0|1|0|1,0|2|0|0|0|0|1|1|0,-105.0,-115.0,-103.0,-117.0,,8.0,sbro,,,,,JNIEMANN-R,CPAVANO-R,,,,,,,,
2010,2010-07-01,TEX,LAA,1.0,2.0,False,0|0|0|0|0|0|0|1|0,1|0|0|0|0|1|0|0|x,105.0,-125.0,110.0,-130.0,,8.5,sbro,,,,,CWILSON-L,JERWEAVER-R,,,,,,,,
2010,2010-07-02,CIN,CUB,12.0,0.0,False,0|0|1|0|0|0|9|2|0,0|0|0|0|0|0|0|0|0,107.0,-127.0,118.0,-138.0,,9.0,sbro,,,,,BARROYO-R,RDEMPSTER-R,,,,,,,,
2010,2010-07-02,PHI,PIT,0.0,2.0,False,0|0|0|0|0|0|0|0|0,0|0|0|2|0|0|0|0|x,-160.0,140.0,-140.0,120.0,,8.5,sbro,,,,,JMOYER-L,ROHLENDOR-R,,,,,,,,
2010,2010-07-02,NYM,WAS,5.0,3.0,False,1|0|0|4|0|0|0|0|0,0|0|0|0|0|0|1|0|2,-116.0,-104.0,-115.0,-105.0,,8.5,sbro,,,,,JNIESE-L,LATILANO-R,,,,,,,,
2010,2010-07-02,MIA,ATL,3.0,4.0,False,1|0|0|0|0|0|0|0|1,0|0|0|0|1|0|1|0|0,-125.0,105.0,-115.0,-105.0,,7.0,sbro,,,,,JJOHNSON-R,KMEDLEN-R,,,,,,,,
2010,2010-07-02,SFO,COL,3.0,6.0,False,2|0|0|0|0|1|0|0|0,0|2|0|0|1|1|0|2|x,-130.0,110.0,-106.0,-114.0,,8.0,sbro,,,,,TLINCECUM-R,JCHACIN-R,,,,,,,,
2010,2010-07-02,MIL,STL,0.0,5.0,False,0|0|0|0|0|0|0|0|0,2|0|1|0|1|0|0|1|x,153.0,-173.0,144.0,-164.0,,8.5,sbro,,,,,CNARVESON-L,JGARCIA-L,,,,,,,,
2010,2010-07-02,LOS,ARI,5.0,12.0,False,0|2|1|0|1|1|0|0|0,3|3|3|0|0|0|3|0|x,-105.0,-105.0,-129.0,109.0,,9.0,sbro,,,,,HKURODA-R,EJACKSON-R,,,,,,,,
2010,2010-07-02,HOU,SDG,0.0,3.0,False,0|0|0|0|0|0|0|0|0,0|0|0|0|0|0|0|3|x,140.0,-160.0,146.0,-166.0,,6.0,sbro,,,,,ROSWALT-R,MLATOS-R,,,,,,,,
2010,2010-07-02,TOR,NYY,6.0,1.0,False,0|0|0|0|0|0|0|1|0,1|0|0|0|0|0|0|0|0,128.0,-148.0,159.0,-179.0,,9.5,sbro,,,,,BCECIL-L,ABURNETT-R,,,,,,,,
2010,2010-07-02,SEA,DET,1.0,7.0,False,0|1|0|0|0|0|0|0|0,0|4|0|0|1|0|2|0|x,123.0,-143.0,145.0,-165.0,,8.0,sbro,,,,,DFISTER-R,MSCHERZER-R,,,,,,,,
2010,2010-07-02,OAK,CLE,3.0,0.0,False,1|0|0|0|0|2|0|0|0,0|0|0|0|0|0|0|0|0,-110.0,-110.0,-115.0,-105.0,,8.5,sbro,,,,,GGONZALEZ-L,MTALBOT-R,,,,,,,,
2010,2010-07-02,BAL,BOS,2.0,3.0,False,0|0|0|1|1|0|0|0|0,0|1|0|0|1|0|0|1|x,185.0,-215.0,200.0,-230.0,,10.0,sbro,,,,,BBERGESEN-R,WAKEFIELD-R,,,,,,,,
2010,2010-07-02,CWS,TEX,5.0,3.0,False,0|0|1|0|0|0|2|0|2,0|0|2|0|0|1|0|0|0,150.0,-170.0,168.0,-188.0,,9.5,sbro,,,,,FGARCIA-R,CLEWIS-R,,,,,,,,
2010,2010-07-02,TAM,MIN,1.0,2.0,False,1|0|0|0|0|0|0|0|0,0|0|0|0|0|0|2|0|x,-113.0,-107.0,-122.0,102.0,,8.0,sbro,,,,,DPRICE-L,SBAKER-R,,,,,,,,
2010,2010-07-02,KAN,LAA,2.0,1.0,False,0|0|0|0|0|0|0|0|1,0|0|0|1|0|0|0|0|0,140.0,-160.0,135.0,-155.0,,9.5,sbro,,,,,KDAVIES-R,JSAUNDERS-L,,,,,,,,
2010,2010-07-03,CIN,CUB,1.0,3.0,False,0|0|0|0|0|0|0|1|0,0|0|0|0|0|3|0|0|x,-113.0,-107.0,-121.0,101.0,,9.0,sbro,,,,,JCUETO-R,RWELLS-R,,,,,,,,
2010,2010-07-03,MIL,STL,12.0,5.0,False,1|1|4|2|3|0|0|1|0,0|0|0|0|3|2|0|0|0,180.0,-210.0,170.0,-200.0,,8.0,sbro,,,,,MPARRA-L,CARPENTER-R,,,,,,,,
2010,2010-07-03,MIA,ATL,1.0,4.0,False,0|1|0|0|0|0|0|0|0,0|0|0|4|0|0|0|0|x,147.0,-167.0,137.0,-157.0,,8.0,sbro,,,,,ASANCHEZ-R,THANSON-R,,,,,,,,
2010,2010-07-03,NYM,WAS,5.0,6.0,False,1|0|1|0|0|0|0|3|0,0|0|0|0|0|2|0|1|3,170.0,-190.0,165.0,-185.0,,6.5,sbro,,,,,RDICKEY-R,SSTRASBUR-R,,,,,,,,
2010,2010-07-03,PHI,PIT,12.0,4.0,False,2|0|5|1|2|1|1|0|0,0|1|0|0|1|0|0|1|1,-122.0,102.0,-110.0,-110.0,,8.0,sbro,,,,,KKENDRICK-R,PMAHOLM-L,,,,,,,,
2010,2010-07-03,SFO,COL,11.0,8.0,False,0|0|7|0|0|0|2|0|2,1|0|2|1|0|4|0|0|0,180.0,-210.0,200.0,-230.0,,7.5,sbro,,,,,BZITO-L,UJIMENEZ-R,,,,,,,,
2010,2010-07-03,HOU,SDG,0.0,1.0,False,0|0|0|0|0|0|0|0|0,0|0|0|0|0|0|0|1|x,134.0,-154.0,127.0,-147.0,,7.0,sbro,,,,,BNORRIS-R,KCORREIA-R,,,,,,,,
2010,2010-07-03,LOS,ARI,14.0,1.0,False,0|6|1|2|2|3|0|0|0,0|0|0|0|0|0|0|0|1,-146.0,126.0,-155.0,135.0,,9.0,sbro,,,,,CKERSHAW-L,RLOPEZ-R,,,,,,,,
2010,2010-07-03,TOR,NYY,3.0,11.0,False,2|0|0|0|0|1|0|0|0,0|0|11|0|0|0|0|0|x,148.0,-168.0,155.0,-175.0,,8.5,sbro,,,,,RROMERO-L,APETTITTE-L,,,,,,,,
2010,2010-07-03,TAM,MIN,8.0,6.0,False,0|0|1|0|0|0|0|7|0,0|1|2|1|0|0|0|0|2,125.0,-145.0,125.0,-145.0,,8.5,sbro,,,,,WDAVIS-R,FLIRIANO-L,,,,,,,,
2010,2010-07-03,OAK,CLE,4.0,5.0,False,0|0|3|0|0|0|1|0|0,2|0|0|2|0|0|0|0|0,-108.0,-112.0,-110.0,-110.0,,9.0,sbro,,,,,CMORTENSE-R,WESTBROOK-R,,,,,,,,
2010,2010-07-03,SEA,DET,1.0,6.0,False,0|0|0|0|0|0|1|0|0,0|0|0|2|4|0|0|0|x,154.0,-174.0,167.0,-187.0,,7.5,sbro,,,,,JVARGAS-L,VERLANDER-R,,,,,,,,
2010,2010-07-03,BAL,BOS,3.0,9.0,False,0|0|0|0|1|0|0|0|2,4|0|0|0|2|0|0|3|x,240.0,-280.0,250.0,-300.0,,8.5,sbro,,,,,JGUTHRIE-R,JLESTER-L,,,,,,,,
2010,2010-07-03,CWS,TEX,1.0,3.0,False,0|0|0|0|0|0|0|1|0,0|1|0|0|1|0|1|0|x,-103.0,-117.0,143.0,-163.0,,9.5,sbro,,,,,JDANKS-L,THUNTER-R,,,,,,,,
2010,2010-07-03,KAN,LAA,4.0,2.0,False,0|0|0|0|0|0|0|2|2,0|0|0|0|0|0|0|1|1,151.0,-171.0,159.0,-179.0,,9.0,sbro,,,,,BCHEN-L,ESANTANA-R,,,,,,,,
2010,2010-07-04,NYM,WAS,9.0,5.0,False,2|1|2|3|0|0|1|0|0,0|0|0|0|0|3|1|1|0,-113.0,-107.0,-106.0,-114.0,,8.5,sbro,,,,,HTAKAHASH-L,CSTAMMEN-R,,,,,,,,
2010,2010-07-04,PHI,PIT,5.0,8.0,False,0|1|3|0|0|0|1|0|0,2|0|0|0|0|0|6|0|x,-130.0,110.0,-136.0,116.0,,8.5,sbro,,,,,JBLANTON-R,JKARSTENS-R,,,,,,,,
2010,2010-07-04,MIL,STL,1.0,7.0,False,0|0|0|1|0|0|0|0|0,1|0|5|0|0|0|0|1|x,125.0,-145.0,140.0,-160.0,,6.5,sbro,,,,,YGALLARDO-R,WAINWRIGHT-R,,,,,,,,
2010,2010-07-04,CIN,CUB,14.0,3.0,False,0|0|1|2|0|2|8|0|1,0|2|0|0|0|1|0|0|0,104.0,-124.0,106.0,-126.0,,11.0,sbro,,,,,MLEAKE-R,TLILLY-L,,,,,,,,
2010,2010-07-04,SFO,COL,3.0,4.0,False,0|0|0|0|0|0|0|3|0,0|0|1|0|1|1|0|0|0,-106.0,-114.0,-105.0,-115.0,,8.0,sbro,,,,,MCAIN-R,JHAMMEL-R,,,,,,,,
2010,2010-07-04,HOU,SDG,2.0,3.0,False,1|0|0|0|0|0|0|1|0,0|0|0|2|0|0|0|0|1,134.0,-154.0,135.0,-155.0,,7.0,sbro,,,,,BMYERS-R,WLEBLANC-L,,,,,,,,
2010,2010-07-04,LOS,ARI,3.0,1.0,False,0|0|0|0|0|1|0|2|0,0|0|0|1|0|0|0|0|0,-111.0,-109.0,104.0,-124.0,,8.5,sbro,,,,,BILLNGSLEY-R,DHAREN-R,,,,,,,,
2010,2010-07-04,MIA,ATL,3.0,2.0,False,2|0|0|1|0|0|0|0|0,1|0|0|0|0|1|0|0|0,146.0,-166.0,143.0,-163.0,,7.5,sbro,,,,,RNOLASCO-R,THUDSON-R,,,,,,,,
2010,2010-07-04,SEA,DET,8.0,1.0,False,0|0|3|0|4|0|0|1|0,1|0|0|0|0|0|0|0|0,-116.0,-104.0,-118.0,-102.0,,7.5,sbro,,,,,CLEE-L,BONDERMAN-R,,,,,,,,
2010,2010-07-04,OAK,CLE,3.0,1.0,False,1|0|0|1|0|0|1|0|0,0|0|1|0|0|0|0|0|0,110.0,-130.0,-107.0,-113.0,,9.0,sbro,,,,,VMAZZARO-R,FCARMONA-R,,,,,,,,
2010,2010-07-04,TOR,NYY,6.0,7.0,False,0|0|1|0|3|1|0|0|1,0|0|2|1|0|2|1|0|0,180.0,-210.0,200.0,-230.0,,9.0,sbro,,,,,BMORROW-R,PHUGHES-R,,,,,,,,
2010,2010-07-04,BAL,BOS,6.0,1.0,False,0|0|0|2|0|0|0|2|2,0|0|0|0|0|0|0|0|1,180.0,-210.0,180.0,-210.0,,9.5,sbro,,,,,BMATUSZ-L,JLACKEY-R,,,,,,,,
2010,2010-07-04,TAM,MIN,7.0,4.0,False,1|0|1|0|0|0|5|0|0,1|0|0|0|0|0|3|0|0,-119.0,-101.0,-113.0,-107.0,,9.5,sbro,,,,,JSHIELDS-R,NBLACKBUR-R,,,,,,,,
2010,2010-07-04,CWS,TEX,5.0,3.0,False,0|1|0|0|1|3|0|0|0,0|0|0|2|1|0|0|0|0,125.0,-145.0,134.0,-154.0,,10.0,sbro,,,,,MBUEHRLE-L,SFELDMAN-R,,,,,,,,
2010,2010-07-04,KAN,LAA,0.0,11.0,False,0|0|0|0|0|0|0|0|0,0|0|4|0|0|3|2|2|x,158.0,-178.0,168.0,-188.0,,9.0,sbro,,,,,ALEREW-R,JPINEIRO-R,,,,,,,,
2010,2010-07-05,SFO,MIL,6.0,1.0,False,0|0|0|0|0|1|4|1|0,0|1|0|0|0|0|0|0|0,100.0,-120.0,-106.0,-114.0,,9.0,sbro,,,,,JSANCHEZ-L,DBUSH-R,,,,,,,,
2010,2010-07-05,CUB,ARI,9.0,4.0,False,1|3|0|0|1|2|0|0|2,0|0|1|1|1|1|0|0|0,-107.0,-113.0,105.0,-125.0,,9.0,sbro,,,,,GORZELANNY-L,IKENNEDY-R,,,,,,,,
2010,2010-07-05,ATL,PHI,1.0,3.0,False,1|0|0|0|0|0|0|0|0,0|0|0|0|0|2|0|1|x,140.0,-160.0,167.0,-187.0,,7.5,sbro,,,,,DLOWE-R,RHALLADAY-R,,,,,,,,
2010,2010-07-05,CIN,NYM,8.0,6.0,False,1|0|0|0|6|1|0|0|0,1|0|0|0|5|0|0|0|0,110.0,-130.0,136.0,-156.0,,8.5,sbro,,,,,TWOOD-L,MPELFREY-R,,,,,,,,
2010,2010-07-05,MIA,LOS,6.0,5.0,False,2|1|3|0|0|0|0|0|0,0|1|1|2|0|0|0|1|0,150.0,-170.0,160.0,-180.0,,8.5,sbro,,,,,ROBERTSON-L,JELY-R,,,,,,,,
2010,2010-07-05,BAL,DET,9.0,12.0,False,1|5|1|0|0|0|0|0|2,5|3|0|0|2|0|2|0|x,152.0,-172.0,169.0,-189.0,,9.0,sbro,,,,,KMILLWOOD-R,AOLIVER-L,,,,,,,,
2010,2010-07-05,LAA,CWS,2.0,9.0,False,0|0|0|0|0|1|0|1|0,1|1|0|0|0|3|2|2|x,130.0,-150.0,134.0,-154.0,,9.0,sbro,,,,,SKAZMIR-L,GFLOYD-R,,,,,,,,
2010,2010-07-05,BOS,TAM,5.0,6.0,False,0|0|4|1|0|0|0|0|0,1|0|0|0|2|2|1|0|x,113.0,-133.0,145.0,-165.0,,9.0,sbro,,,,,DMATSUZAK-R,MGARZA-R,,,,,,,,
2010,2010-07-05,CLE,TEX,9.0,3.0,False,0|1|3|1|1|1|2|0|0,0|0|1|0|1|1|0|0|0,152.0,-172.0,180.0,-210.0,,10.5,sbro,,,,,ALAFFEY-L,OBELTRE-R,,,,,,,,
2010,2010-07-05,NYY,OAK,3.0,1.0,False,0|2|0|0|0|1|0|0|0,0|0|1|0|0|0|0|0|0,-148.0,128.0,-145.0,125.0,,8.0,sbro,,,,,JVAZQUEZ-R,BSHEETS-R,,,,,,,,
2010,2010-07-05,KAN,SEA,6.0,4.0,False,0|0|0|1|0|1|0|2|0,1|0|0|0|3|0|0|0|0,172.0,-192.0,190.0,-220.0,,7.0,sbro,,,,,BBANNISTR-R,FHERNANDZ-R,,,,,,,,
2010,2010-07-06,SDG,WAS,5.0,6.0,False,1|0|1|0|0|0|0|3|0,3|0|0|1|1|0|0|0|1,-107.0,-113.0,-116.0,-104.0,,7.5,sbro,,,,,CRICHARD-L,LHERNADEZ-R,,,,,,,,
2010,2010-07-06,ATL,PHI,6.0,3.0,False,1|0|0|1|0|0|1|0|0,2|0|0|0|0|0|1|0|0,112.0,-132.0,111.0,-131.0,,8.5,sbro,,,,,JJURRJENS-R,CHAMELS-L,,,,,,,,
2010,2010-07-06,CIN,NYM,0.0,3.0,False,0|0|0|0|0|0|0|0|0,0|0|1|0|0|2|0|0|x,125.0,-145.0,156.0,-176.0,,8.5,sbro,,,,,MMALONEY-L,JOSANTANA-L,,,,,,,,
2010,2010-07-06,PIT,HOU,2.0,6.0,False,0|0|0|1|0|0|0|1|0,2|0|3|0|0|0|1|0|x,117.0,-137.0,124.0,-144.0,,8.0,sbro,,,,,BLINCOLN-R,WRODRIGEZ-L,,,,,,,,
2010,2010-07-06,SFO,MIL,6.0,1.0,False,0|0|0|0|0|5|0|0|1,0|0|0|0|0|0|0|0|1,127.0,-147.0,117.0,-137.0,,8.5,sbro,,,,,MBUMGARNR-L,RWOLF-L,,,,,,,,
2010,2010-07-06,STL,COL,9.0,12.0,False,0|0|3|2|1|3|0|0|0,0|0|2|0|0|0|1|0|9,116.0,-136.0,119.0,-139.0,,9.5,sbro,,,,,BHAWKSWOR-R,JFRANCIS-L,,,,,,,,
2010,2010-07-06,CUB,ARI,6.0,4.0,False,0|0|0|0|0|3|1|2|0,0|1|0|0|0|1|0|2|0,-106.0,-114.0,-114.0,-106.0,,9.5,sbro,,,,,CSILVA-R,BENRIGHT-R,,,,,,,,
2010,2010-07-06,MIA,LOS,3.0,7.0,False,0|0|0|0|0|0|2|0|1,0|4|1|0|1|0|0|1|x,134.0,-154.0,148.0,-168.0,,8.5,sbro,,,,,CVOLSTAD-R,VPADILLA-R,,,,,,,,
2010,2010-07-06,MIN,TOR,7.0,6.0,False,0|2|0|0|0|3|1|1|0,0|0|1|0|4|0|1|0|0,-127.0,107.0,-132.0,112.0,,9.0,sbro,,,,,CPAVANO-R,JLITSCH-R,,,,,,,,
2010,2010-07-06,BAL,DET,5.0,7.0,False,0|0|0|0|0|0|3|1|1,0|1|0|0|0|0|0|2|2,152.0,-172.0,169.0,-189.0,,10.0,sbro,,,,,JARRIETA-R,AGALARRAG-R,,,,,,,,
2010,2010-07-06,BOS,TAM,2.0,3.0,False,0|0|0|1|0|0|0|0|1,0|0|1|0|1|0|0|1|x,135.0,-155.0,150.0,-170.0,,9.0,sbro,,,,,FDOUBRONT-L,JNIEMANN-R,,,,,,,,
2010,2010-07-06,CLE,TEX,1.0,12.0,False,1|0|0|0|0|0|0|0|0,0|1|0|2|0|5|3|1|x,200.0,-240.0,200.0,-230.0,,9.5,sbro,,,,,MASTERSON-R,CWILSON-L,,,,,,,,
2010,2010-07-06,LAA,CWS,1.0,4.0,False,0|0|0|1|0|0|0|0|0,1|0|0|0|0|1|2|0|x,-114.0,-106.0,-108.0,-112.0,,7.5,sbro,,,,,JERWEAVER-R,JPEAVY-R,,,,,,,,
2010,2010-07-06,NYY,OAK,6.0,1.0,False,0|0|5|0|0|1|0|0|0,1|0|0|0|0|0|0|0|0,-150.0,130.0,-149.0,129.0,,7.5,sbro,,,,,CSABATHIA-L,TCAHILL-R,,,,,,,,
2010,2010-07-06,KAN,SEA,3.0,2.0,False,0|0|0|0|1|1|0|1|0,0|0|1|0|0|0|0|1|0,-105.0,-105.0,-145.0,125.0,,7.5,sbro,,,,,ZGREINKE-R,RWLND-SMTH-L,,,,,,,,
2010,2010-07-07,SDG,WAS,6.0,7.0,False,1|0|1|0|0|0|1|2|1,4|0|1|0|0|1|0|1|x,-114.0,-106.0,-110.0,-110.0,,8.5,sbro,,,,,JGARLAND-R,JMARTIN-R,,,,,,,,
2010,2010-07-07,ATL,PHI,7.0,5.0,False,1|0|0|0|0|6|0|0|0,0|1|0|0|2|0|1|1|0,-109.0,-111.0,-105.0,-105.0,,9.0,sbro,,,,,KMEDLEN-R,JMOYER-L,,,,,,,,
2010,2010-07-07,CIN,NYM,3.0,1.0,False,0|0|1|0|0|0|2|0|0,1|0|0|0|0|0|0|0|0,-101.0,-119.0,106.0,-126.0,,8.5,sbro,,,,,BARROYO-R,JNIESE-L,,,,,,,,
2010,2010-07-07,PIT,HOU,3.0,6.0,False,0|0|0|3|0|0|0|0|0,1|0|2|0|1|1|1|0|x,-105.0,-115.0,110.0,-130.0,,9.0,sbro,,,,,DMCCUTCHE-R,BMOEHLER-R,,,,,,,,
2010,2010-07-07,SFO,MIL,15.0,2.0,False,4|0|0|7|0|4|0|0|0,0|0|1|0|0|0|0|1|0,-134.0,114.0,-132.0,112.0,,8.0,sbro,,,,,TLINCECUM-R,CNARVESON-L,,,,,,,,
2010,2010-07-07,STL,COL,7.0,8.0,False,2|0|1|0|2|1|1|0|0,0|0|0|0|3|1|0|3|1,-113.0,-107.0,-106.0,-114.0,,8.5,sbro,,,,,JGARCIA-L,ACOOK-R,,,,,,,,
2010,2010-07-07,CUB,ARI,8.0,3.0,False,0|0|0|3|2|0|0|0|3,0|0|0|3|0|0|0|0|0,-107.0,-113.0,-105.0,-105.0,,9.0,sbro,,,,,RDEMPSTER-R,EJACKSON-R,,,,,,,,
2010,2010-07-07,MIA,LOS,4.0,0.0,False,0|4|0|0|0|0|0|0|0,0|0|0|0|0|0|0|0|0,-113.0,-107.0,-122.0,102.0,,6.5,sbro,,,,,JJOHNSON-R,HKURODA-R,,,,,,,,
2010,2010-07-07,MIN,TOR,5.0,6.0,False,0|0|0|2|1|1|1|0|0,1|0|0|1|2|0|2|0|x,-114.0,-106.0,-110.0,-110.0,,9.0,sbro,,,,,KSLOWEY-R,RZEPZNSKI-L,,,,,,,,
2010,2010-07-07,BAL,DET,2.0,4.0,False,0|0|0|0|0|0|1|0|1,1|0|1|0|2|0|0|0|x,200.0,-240.0,200.0,-230.0,,9.5,sbro,,,,,BBERGESEN-R,MSCHERZER-R,,,,,,,,
2010,2010-07-07,BOS,TAM,4.0,6.0,False,0|0|0|0|0|1|1|0|2,0|0|0|2|3|1|0|0|x,148.0,-168.0,155.0,-175.0,,8.5,sbro,,,,,WAKEFIELD-R,DPRICE-L,,,,,,,,
2010,2010-07-07,CLE,TEX,3.0,4.0,False,0|0|0|2|1|0|0|0|0,1|0|0|0|2|1|0|0|x,200.0,-240.0,200.0,-230.0,,9.5,sbro,,,,,MTALBOT-R,CLEWIS-R,,,,,,,,
2010,2010-07-07,LAA,CWS,2.0,5.0,False,0|0|0|0|1|0|0|1|0,0|0|2|0|0|3|0|0|x,-107.0,-113.0,106.0,-126.0,,9.5,sbro,,,,,JSAUNDERS-L,FGARCIA-R,,,,,,,,
2010,2010-07-07,NYY,OAK,6.0,2.0,False,0|0|0|5|0|1|0|0|0,0|0|1|0|0|1|0|0|0,-108.0,-112.0,-122.0,102.0,,8.0,sbro,,,,,ABURNETT-R,GGONZALEZ-L,,,,,,,,
2010,2010-07-07,KAN,SEA,7.0,3.0,False,1|0|0|0|0|0|1|4|1,0|1|0|0|0|2|0|0|0,120.0,-140.0,130.0,-150.0,,8.0,sbro,,,,,KDAVIES-R,DFISTER-R,,,,,,,,
2010,2010-07-08,PIT,HOU,0.0,2.0,False,0|0|0|0|0|0|0|0|0,1|0|0|1|0|0|0|0|x,160.0,-180.0,150.0,-170.0,,7.0,sbro,,,,,ROHLENDOR-R,ROSWALT-R,,,,,,,,
2010,2010-07-08,SFO,MIL,9.0,3.0,False,1|0|2|3|0|0|0|1|2,0|0|0|1|1|1|0|0|0,-114.0,-106.0,-108.0,-112.0,,9.0,sbro,,,,,BZITO-L,MPARRA-L,,,,,,,,
2010,2010-07-08,STL,COL,2.0,4.0,False,0|0|0|0|1|0|0|0|1,2|0|1|0|1|0|0|0|x,120.0,-140.0,118.0,-138.0,,7.5,sbro,,,,,CARPENTER-R,UJIMENEZ-R,,,,,,,,
2010,2010-07-08,SDG,WAS,7.0,1.0,False,1|0|0|2|0|1|2|0|1,0|0|0|0|0|0|0|1|0,-130.0,110.0,-162.0,142.0,,7.5,sbro,,,,,MLATOS-R,LATILANO-R,,,,,,,,
2010,2010-07-08,CIN,PHI,3.0,4.0,False,1|0|0|0|0|0|0|1|1,1|0|1|0|0|0|0|1|0,-114.0,-106.0,-114.0,-106.0,,9.5,sbro,,,,,JCUETO-R,KKENDRICK-R,,,,,,,,
2010,2010-07-08,MIA,ARI,4.0,10.0,False,0|0|1|0|0|1|2|0|0,1|0|0|5|0|4|0|0|x,-113.0,-107.0,-115.0,-105.0,,10.0,sbro,,,,,ASANCHEZ-R,RLOPEZ-R,,,,,,,,
2010,2010-07-08,CUB,LOS,2.0,3.0,False,0|1|0|1|0|0|0|0|0,1|0|0|0|0|0|2|0|x,160.0,-180.0,160.0,-180.0,,7.0,sbro,,,,,RWELLS-R,CKERSHAW-L,,,,,,,,
2010,2010-07-08,LAA,CWS,0.0,1.0,False,0|0|0|0|0|0|0|0|0,1|0|0|0|0|0|0|0|x,120.0,-140.0,107.0,-127.0,,8.0,sbro,,,,,ESANTANA-R,JDANKS-L,,,,,,,,
2010,2010-07-08,MIN,TOR,1.0,8.0,False,0|0|0|1|0|0|0|0|0,1|4|0|0|0|0|2|1|x,-102.0,-118.0,-106.0,-114.0,,9.0,sbro,,,,,SBAKER-R,BCECIL-L,,,,,,,,
2010,2010-07-08,CLE,TAM,2.0,5.0,False,1|1|0|0|0|0|0|0|0,2|0|3|0|0|0|0|0|x,180.0,-210.0,180.0,-210.0,,9.0,sbro,,,,,WESTBROOK-R,WDAVIS-R,,,,,,,,
2010,2010-07-08,BAL,TEX,6.0,4.0,False,0|0|0|0|1|0|2|3|0,0|3|1|0|0|0|0|0|0,219.0,-259.0,220.0,-260.0,,9.5,sbro,,,,,JGUTHRIE-R,THUNTER-R,,,,,,,,
2010,2010-07-08,NYY,SEA,3.0,1.0,False,0|0|0|0|0|0|0|1|2,0|0|0|0|0|1|0|0|0,-154.0,134.0,-157.0,137.0,,7.5,sbro,,,,,APETTITTE-L,JVARGAS-L,,,,,,,,
2010,2010-07-09,SFO,WAS,1.0,8.0,False,1|0|0|0|0|0|0|0|0,1|0|0|1|0|0|6|0|x,120.0,-140.0,130.0,-150.0,,6.5,sbro,,,,,MCAIN-R,SSTRASBUR-R,,,,,,,,
2010,2010-07-09,CIN,PHI,7.0,9.0,False,3|1|0|0|2|0|0|0|1,0|0|0|1|0|0|0|0|6,-110.0,-110.0,-108.0,-112.0,,9.0,sbro,,,,,MLEAKE-R,JBLANTON-R,,,,,,,,
2010,2010-07-09,ATL,NYM,4.0,2.0,False,1|0|0|0|1|0|2|0|0,0|0|1|0|1|0|0|0|0,-110.0,-110.0,-115.0,-105.0,,7.5,sbro,,,,,THANSON-R,RDICKEY-R,,,,,,,,
2010,2010-07-09,STL,HOU,8.0,0.0,False,1|1|0|0|0|0|0|3|3,0|0|0|0|0|0|0|0|0,-190.0,170.0,-176.0,156.0,,7.5,sbro,,,,,WAINWRIGHT-R,BNORRIS-R,,,,,,,,
2010,2010-07-09,PIT,MIL,4.0,5.0,False,0|0|1|1|2|0|0|0|0,2|0|0|0|0|0|0|1|1,123.0,-143.0,131.0,-151.0,,9.0,sbro,,,,,PMAHOLM-L,DDAVIS-L,,,,,,,,
2010,2010-07-09,SDG,COL,8.0,10.0,False,0|1|2|1|3|0|1|0|0,0|0|5|0|0|0|5|0|x,138.0,-158.0,134.0,-154.0,,9.5,sbro,,,,,KCORREIA-R,DELAROSA-L,,,,,,,,
2010,2010-07-09,MIA,ARI,3.0,2.0,False,0|0|2|0|0|0|1|0|0,0|0|0|1|0|0|1|0|0,110.0,-130.0,128.0,-148.0,,8.5,sbro,,,,,RNOLASCO-R,DHAREN-R,,,,,,,,
2010,2010-07-09,CUB,LOS,7.0,9.0,False,0|1|1|0|1|0|0|2|2,0|3|3|1|1|1|0|0|x,120.0,-140.0,136.0,-156.0,,7.0,sbro,,,,,TLILLY-L,BILLNGSLEY-R,,,,,,,,
2010,2010-07-09,BOS,TOR,14.0,3.0,False,0|3|7|3|0|1|0|0|0,0|0|0|0|0|2|1|0|0,-127.0,107.0,-138.0,118.0,,7.5,sbro,,,,,JLESTER-L,RROMERO-L,,,,,,,,
2010,2010-07-09,MIN,DET,3.0,7.0,False,0|0|0|1|0|1|0|0|1,2|5|0|0|0|0|0|0|x,101.0,-121.0,120.0,-140.0,,7.5,sbro,,,,,FLIRIANO-L,VERLANDER-R,,,,,,,,
2010,2010-07-09,CLE,TAM,9.0,3.0,False,0|2|0|0|1|0|1|4|1,0|0|1|0|0|0|1|0|1,175.0,-205.0,170.0,-200.0,,8.0,sbro,,,,,FCARMONA-R,JSHIELDS-R,,,,,,,,
2010,2010-07-09,BAL,TEX,7.0,6.0,False,0|0|0|1|1|0|0|0|4,0|0|4|0|0|0|0|2|0,190.0,-220.0,170.0,-200.0,,10.0,sbro,,,,,BMATUSZ-L,SFELDMAN-R,,,,,,,,
2010,2010-07-09,KAN,CWS,2.0,8.0,False,0|0|0|0|0|0|0|0|2,0|2|0|1|1|0|0|4|x,132.0,-152.0,130.0,-150.0,,9.0,sbro,,,,,BCHEN-L,MBUEHRLE-L,,,,,,,,
2010,2010-07-09,LAA,OAK,6.0,5.0,False,2|0|0|0|0|1|0|2|0,0|0|2|0|0|1|0|2|0,-113.0,-107.0,-113.0,-107.0,,8.0,sbro,,,,,JPINEIRO-R,VMAZZARO-R,,,,,,,,
2010,2010-07-09,NYY,SEA,6.0,1.0,False,1|0|0|0|0|4|0|0|1,0|0|0|0|0|1|0|0|0,-107.0,-113.0,-185.0,165.0,,8.5,sbro,,,,,PHUGHES-R,DPAULEY-R,,,,,,,,
2010,2010-07-10,ATL,NYM,4.0,0.0,False,0|0|0|0|4|0|0|0|0,0|0|0|0|0|0|0|0|0,-114.0,-106.0,-118.0,-102.0,,7.5,sbro,,,,,THUDSON-R,MPELFREY-R,,,,,,,,
2010,2010-07-10,CUB,LOS,7.0,3.0,False,0|3|3|0|0|0|1|0|0,0|0|0|0|2|0|0|0|1,128.0,-148.0,123.0,-143.0,,8.0,sbro,,,,,GORZELANNY-L,JELY-R,,,,,,,,
2010,2010-07-10,SFO,WAS,10.0,5.0,False,0|3|0|0|0|1|4|0|2,2|1|0|2|0|0|0|0|0,-108.0,-112.0,-110.0,-110.0,,8.5,sbro,,,,,JSANCHEZ-L,CSTAMMEN-R,,,,,,,,
2010,2010-07-10,CIN,PHI,0.0,1.0,False,0|0|0|0|0|0|0|0|0,0|0|0|0|0|0|0|0|0,190.0,-220.0,180.0,-210.0,,7.5,sbro,,,,,TWOOD-L,RHALLADAY-R,,,,,,,,
2010,2010-07-10,STL,HOU,1.0,4.0,False,0|0|0|1|0|0|0|0|0,3|0|0|0|1|0|0|0|x,-110.0,-110.0,110.0,-130.0,,9.0,sbro,,,,,JSUPPAN-R,BMYERS-R,,,,,,,,
2010,2010-07-10,PIT,MIL,3.0,4.0,False,0|0|0|0|0|1|1|0|1,1|0|2|0|1|0|0|0|x,160.0,-180.0,149.0,-169.0,,9.5,sbro,,,,,JKARSTENS-R,DBUSH-R,,,,,,,,
2010,2010-07-10,SDG,COL,2.0,4.0,False,0|0|0|0|0|0|2|0|0,0|1|1|0|0|2|0|0|x,130.0,-150.0,125.0,-145.0,,9.5,sbro,,,,,WLEBLANC-L,JHAMMEL-R,,,,,,,,
2010,2010-07-10,MIA,ARI,4.0,5.0,False,0|0|0|0|1|1|0|0|2,1|0|1|1|0|2|0|0|x,115.0,-135.0,130.0,-150.0,,10.5,sbro,,,,,ROBERTSON-L,IKENNEDY-R,,,,,,,,
2010,2010-07-10,BOS,TOR,5.0,9.0,False,1|3|1|0|0|0|0|0|0,3|0|0|2|2|1|0|1|x,-110.0,-110.0,-107.0,-113.0,,9.0,sbro,,,,,JLACKEY-R,BMORROW-R,,,,,,,,
2010,2010-07-10,MIN,DET,4.0,7.0,False,0|0|2|1|0|0|1|0|0,2|1|1|0|3|0|0|0|x,120.0,-140.0,118.0,-138.0,,9.5,sbro,,,,,NBLACKBUR-R,BONDERMAN-R,,,,,,,,
2010,2010-07-10,KAN,CWS,1.0,5.0,False,0|0|0|0|0|0|0|1|0,0|1|0|0|4|0|0|0|x,160.0,-180.0,159.0,-179.0,,8.5,sbro,,,,,BBANNISTR-R,GFLOYD-R,,,,,,,,
2010,2010-07-10,CLE,TAM,0.0,4.0,False,0|0|0|0|0|0|0|0|0,0|0|0|2|1|0|0|1|x,210.0,-250.0,210.0,-250.0,,9.0,sbro,,,,,ALAFFEY-L,MGARZA-R,,,,,,,,
2010,2010-07-10,BAL,TEX,6.0,1.0,False,1|0|0|1|1|2|0|0|1,0|0|0|0|0|0|0|1|0,200.0,-240.0,320.0,-400.0,,8.5,sbro,,,,,CTILLMAN-R,CLEE-L,,,,,,,,
2010,2010-07-10,LAA,OAK,1.0,15.0,False,0|0|0|0|0|0|0|1|0,0|0|8|0|5|0|0|2|x,100.0,-120.0,115.0,-135.0,,8.5,sbro,,,,,SKAZMIR-L,BSHEETS-R,,,,,,,,
2010,2010-07-10,NYY,SEA,1.0,4.0,False,0|0|1|0|0|0|0|0|0,0|0|0|0|0|0|0|4|x,-105.0,-105.0,-117.0,-103.0,,7.0,sbro,,,,,JVAZQUEZ-R,FHERNANDZ-R,,,,,,,,
2010,2010-07-11,ATL,NYM,0.0,3.0,False,0|0|0|0|0|0|0|0|0,0|0|1|0|0|1|0|1|x,130.0,-150.0,120.0,-140.0,,7.0,sbro,,,,,DLOWE-R,JOSANTANA-L,,,,,,,,
2010,2010-07-11,SFO,WAS,6.0,2.0,False,2|0|3|0|0|0|0|1|0,0|0|0|0|0|0|2|0|0,100.0,-120.0,-110.0,-110.0,,8.5,sbro,,,,,MBUMGARNR-L,LHERNADEZ-R,,,,,,,,
2010,2010-07-11,CIN,PHI,0.0,1.0,False,0|0|0|0|0|0|0|0|0,0|0|1|0|0|0|0|0|x,150.0,-170.0,145.0,-165.0,,9.0,sbro,,,,,MMALONEY-L,CHAMELS-L,,,,,,,,
2010,2010-07-11,STL,HOU,4.0,2.0,False,0|0|0|3|0|0|0|1|0,2|0|0|0|0|0|0|0|0,-110.0,-110.0,-103.0,-117.0,,8.5,sbro,,,,,BHAWKSWOR-R,WRODRIGEZ-L,,,,,,,,
2010,2010-07-11,PIT,MIL,5.0,6.0,False,0|3|0|0|0|1|0|0|1,0|0|1|2|0|0|0|1|2,170.0,-200.0,164.0,-184.0,,9.5,sbro,,,,,BLINCOLN-R,RWOLF-L,,,,,,,,
2010,2010-07-11,SDG,COL,9.0,7.0,False,1|1|0|1|0|0|2|2|2,0|0|0|2|1|3|0|0|1,110.0,-130.0,-101.0,-119.0,,9.0,sbro,,,,,CRICHARD-L,JFRANCIS-L,,,,,,,,
2010,2010-07-11,MIA,ARI,2.0,0.0,False,0|0|0|2|0|0|0|0|0,0|0|0|0|0|0|0|0|0,-113.0,-107.0,-114.0,-106.0,,10.5,sbro,,,,,ASANABIA-R,BENRIGHT-R,,,,,,,,
2010,2010-07-11,CUB,LOS,0.0,7.0,False,0|0|0|0|0|0|0|0|0,3|3|0|1|0|0|0|0|x,120.0,-140.0,125.0,-145.0,,7.5,sbro,,,,,CSILVA-R,VPADILLA-R,,,,,,,,
2010,2010-07-11,MIN,DET,6.0,3.0,False,2|0|0|0|2|0|0|2|0,0|0|0|0|0|0|2|1|0,-125.0,105.0,-105.0,-105.0,,9.0,sbro,,,,,CPAVANO-R,AOLIVER-L,,,,,,,,
2010,2010-07-11,BOS,TOR,3.0,2.0,False,0|0|0|0|0|3|0|0|0,0|0|0|0|0|0|2|0|0,-130.0,110.0,-116.0,-104.0,,10.0,sbro,,,,,DMATSUZAK-R,JLITSCH-R,,,,,,,,
2010,2010-07-11,CLE,TAM,5.0,6.0,False,3|0|0|0|0|2|0|0|0,1|0|0|1|3|0|0|0|0,200.0,-240.0,200.0,-240.0,,8.5,sbro,,,,,MASTERSON-R,JNIEMANN-R,,,,,,,,
2010,2010-07-11,KAN,CWS,5.0,15.0,False,0|1|0|2|2|0|0|0|0,0|1|7|0|0|5|2|0|x,-130.0,110.0,150.0,-170.0,,9.5,sbro,,,,,ALEREW-R,DHUDSON-R,,,,,,,,
2010,2010-07-11,BAL,TEX,4.0,1.0,False,0|3|0|0|0|0|0|0|1,1|0|0|0|0|0|0|0|0,250.0,-290.0,220.0,-260.0,,10.0,sbro,,,,,JARRIETA-R,CWILSON-L,,,,,,,,
2010,2010-07-11,LAA,OAK,2.0,5.0,False,0|0|0|0|1|0|0|1|0,1|0|0|2|0|2|0|0|x,-115.0,-105.0,-111.0,-109.0,,7.0,sbro,,,,,JERWEAVER-R,TCAHILL-R,,,,,,,,
2010,2010-07-11,NYY,SEA,8.0,2.0,False,2|0|1|3|2|0|0|0|0,0|0|0|0|0|1|0|0|1,-230.0,200.0,-270.0,230.0,,8.0,sbro,,,,,CSABATHIA-L,RWLND-SMTH-L,,,,,,,,
2010,2010-07-15,MIL,ATL,1.0,2.0,False,1|0|0|0|0|0|0|0|0,0|0|2|0|0|0|0|0|0,130.0,-150.0,156.0,-176.0,,8.5,sbro,,,,,DBUSH-R,JJURRJENS-R,,,,,,,,
2010,2010-07-15,PHI,CUB,6.0,12.0,False,2|0|0|0|0|0|0|0|4,2|1|3|0|0|0|5|1|0,105.0,-125.0,113.0,-133.0,,8.5,sbro,,,,,JMOYER-L,RDEMPSTER-R,,,,,,,,
2010,2010-07-15,LOS,STL,1.0,7.0,False,0|0|0|1|0|0|0|0|0,2|0|0|2|1|0|2|0|0,105.0,-125.0,105.0,-125.0,,7.0,sbro,,,,,CKERSHAW-L,CARPENTER-R,,,,,,,,
2010,2010-07-15,NYM,SFO,0.0,2.0,False,0|0|0|0|0|0|0|0|0,0|1|0|0|0|0|0|1|0,155.0,-175.0,151.0,-171.0,,7.0,sbro,,,,,RDICKEY-R,TLINCECUM-R,,,,,,,,
2010,2010-07-15,TEX,BOS,7.0,2.0,False,6|0|1|0|0|0|0|0|0,0|0|0|1|0|0|1|0|0,-114.0,-106.0,-113.0,-107.0,,9.5,sbro,,,,,THUNTER-R,WAKEFIELD-R,,,,,,,,
2010,2010-07-15,CWS,MIN,8.0,7.0,False,2|2|0|1|3|0|0|0|0,0|6|0|0|0|0|0|0|1,-107.0,-113.0,-106.0,-114.0,,8.5,sbro,,,,,JDANKS-L,KSLOWEY-R,,,,,,,,
2010,2010-07-15,SEA,LAA,3.0,8.0,False,0|0|0|0|3|0|0|0|0,1|3|0|0|0|3|1|0|0,140.0,-160.0,138.0,-158.0,,8.5,sbro,,,,,DFISTER-R,JPINEIRO-R,,,,,,,,
2010,2010-07-16,PHI,CUB,3.0,4.0,False,0|0|0|1|0|2|0|0|0,0|0|0|0|1|2|0|1|0,100.0,-120.0,105.0,-125.0,,10.0,sbro,,,,,JBLANTON-R,TLILLY-L,,,,,,,,
2010,2010-07-16,HOU,PIT,5.0,2.0,False,1|1|0|0|0|2|1|0|0,0|0|0|1|0|0|0|1|0,-115.0,-105.0,-110.0,-110.0,,8.0,sbro,,,,,BMYERS-R,ZDUKE-L,,,,,,,,
2010,2010-07-16,COL,CIN,2.0,3.0,False,0|0|0|0|0|0|1|1|0,0|0|2|0|1|0|0|0|0,104.0,-124.0,106.0,-126.0,,8.5,sbro,,,,,JHAMMEL-R,BARROYO-R,,,,,,,,
2010,2010-07-16,WAS,MIA,4.0,0.0,False,0|0|0|0|0|4|0|0|0,0|0|0|0|0|0|0|0|0,-130.0,110.0,-122.0,102.0,,7.0,sbro,,,,,SSTRASBUR-R,RNOLASCO-R,,,,,,,,
2010,2010-07-16,MIL,ATL,9.0,3.0,False,0|2|2|0|0|2|0|3|0,0|0|0|1|0|1|1|0|0,154.0,-174.0,162.0,-182.0,,8.5,sbro,,,,,RWOLF-L,THANSON-R,,,,,,,,
2010,2010-07-16,LOS,STL,4.0,8.0,False,0|0|2|0|0|0|0|2|0,3|1|1|1|2|0|0|0|0,120.0,-140.0,111.0,-131.0,,7.5,sbro,,,,,BILLNGSLEY-R,JGARCIA-L,,,,,,,,
2010,2010-07-16,ARI,SDG,1.0,12.0,False,1|0|0|0|0|0|0|0|0,0|0|0|5|1|0|2|4|0,-106.0,-114.0,-110.0,-110.0,,6.5,sbro,,,,,DHAREN-R,JGARLAND-R,,,,,,,,
2010,2010-07-16,NYM,SFO,0.0,1.0,False,0|0|0|0|0|0|0|0|0,0|0|0|1|0|0|0|0|0,104.0,-124.0,-105.0,-115.0,,7.5,sbro,,,,,JNIESE-L,BZITO-L,,,,,,,,
2010,2010-07-16,DET,CLE,2.0,8.0,False,1|0|0|1|0|0|0|0|0,0|2|0|2|0|4|0|0|0,-130.0,110.0,-150.0,130.0,,8.5,sbro,,,,,MSCHERZER-R,WESTBROOK-R,,,,,,,,
2010,2010-07-16,TOR,BAL,4.0,2.0,False,1|1|1|0|0|1|0|0|0,0|0|0|0|2|0|0|0|0,-159.0,139.0,-150.0,130.0,,9.5,sbro,,,,,RROMERO-L,BBERGESEN-R,,,,,,,,
2010,2010-07-16,TAM,NYY,4.0,5.0,False,0|1|1|0|1|0|1|0|0,0|0|1|0|0|2|0|1|1,150.0,-170.0,154.0,-174.0,,8.5,sbro,,,,,JSHIELDS-R,CSABATHIA-L,,,,,,,,
2010,2010-07-16,TEX,BOS,8.0,4.0,False,2|0|0|0|5|0|0|1|0,0|2|0|1|0|1|0|0|0,-124.0,104.0,-127.0,107.0,,9.5,sbro,,,,,CLEWIS-R,FDOUBRONT-L,,,,,,,,
2010,2010-07-16,OAK,KAN,5.0,1.0,False,1|1|3|0|0|0|0|0|0,1|0|0|0|0|0|0|0|0,115.0,-135.0,141.0,-161.0,,7.5,sbro,,,,,GGONZALEZ-L,ZGREINKE-R,,,,,,,,
2010,2010-07-16,CWS,MIN,4.0,7.0,False,0|0|0|0|1|0|0|1|2,0|0|0|4|0|0|0|3|0,110.0,-130.0,115.0,-135.0,,8.0,sbro,,,,,GFLOYD-R,FLIRIANO-L,,,,,,,,
2010,2010-07-16,SEA,LAA,2.0,3.0,False,0|0|0|0|0|0|2|0|0,0|1|2|0|0|0|0|0|0,105.0,-125.0,113.0,-133.0,,6.5,sbro,,,,,FHERNANDZ-R,JERWEAVER-R,,,,,,,,
2010,2010-07-17,PHI,CUB,4.0,1.0,False,0|0|0|0|0|0|0|0|4,0|0|0|0|0|0|1|0|0,-117.0,-103.0,-116.0,-104.0,,9.0,sbro,,,,,CHAMELS-L,RWELLS-R,,,,,,,,
2010,2010-07-17,LOS,STL,0.0,2.0,False,0|0|0|0|0|0|0|0|0,0|0|0|1|0|0|0|1|0,144.0,-164.0,147.0,-167.0,,7.5,sbro,,,,,HKURODA-R,WAINWRIGHT-R,,,,,,,,
2010,2010-07-17,HOU,PIT,6.0,12.0,False,0|4|0|0|2|0|0|0|0,3|2|0|0|2|2|0|3|0,-106.0,-114.0,113.0,-133.0,,8.0,sbro,,,,,BNORRIS-R,ROHLENDOR-R,,,,,,,,
2010,2010-07-17,WAS,MIA,0.0,2.0,False,0|0|0|0|0|0|0|0|0,0|2|0|0|0|0|0|0|0,200.0,-230.0,210.0,-250.0,,7.0,sbro,,,,,LHERNADEZ-R,JJOHNSON-R,,,,,,,,
2010,2010-07-17,COL,CIN,1.0,8.0,False,1|0|0|0|0|0|0|0|0,0|2|1|4|1|0|0|0|0,-106.0,-114.0,103.0,-123.0,,8.5,sbro,,,,,DELAROSA-L,EVOLQUEZ-R,,,,,,,,
2010,2010-07-17,MIL,ATL,6.0,3.0,False,0|0|0|1|0|0|5|0|0,0|0|0|2|0|0|1|0|0,171.0,-191.0,180.0,-210.0,,8.0,sbro,,,,,CNARVESON-L,THUDSON-R,,,,,,,,
2010,2010-07-17,ARI,SDG,5.0,8.0,False,0|0|3|1|0|0|1|0|0,1|0|3|0|1|1|2|0|0,139.0,-159.0,135.0,-155.0,,7.0,sbro,,,,,RLOPEZ-R,CRICHARD-L,,,,,,,,
2010,2010-07-17,NYM,SFO,4.0,8.0,False,0|0|0|0|0|0|2|1|1,0|5|1|0|0|0|2|0|0,110.0,-130.0,130.0,-150.0,,7.0,sbro,,,,,HTAKAHASH-L,MCAIN-R,,,,,,,,
2010,2010-07-17,TAM,NYY,10.0,5.0,False,1|2|1|0|4|1|0|1|0,0|2|0|0|1|1|0|0|1,110.0,-130.0,111.0,-131.0,,9.5,sbro,,,,,JNIEMANN-R,ABURNETT-R,,,,,,,,
2010,2010-07-17,TOR,BAL,3.0,2.0,False,1|0|0|0|0|0|0|2|0,0|0|0|0|2|0|0|0|0,-126.0,106.0,-135.0,115.0,,9.5,sbro,,,,,BMORROW-R,JGUTHRIE-R,,,,,,,,
2010,2010-07-17,DET,CLE,1.0,2.0,False,0|1|0|0|0|0|0|0|0,0|0|0|1|0|0|0|0|0,-120.0,100.0,-130.0,110.0,,9.5,sbro,,,,,RPORCELLO-R,MTALBOT-R,,,,,,,,
2010,2010-07-17,OAK,KAN,6.0,5.0,False,3|0|0|0|0|1|1|0|1,0|5|0|0|0|0|0|0|0,-114.0,-106.0,-125.0,105.0,,8.5,sbro,,,,,TCAHILL-R,BCHEN-L,,,,,,,,
2010,2010-07-17,CWS,MIN,2.0,3.0,False,1|0|0|1|0|0|0|0|0,0|3|0|0|0|0|0|0|0,125.0,-145.0,123.0,-143.0,,8.5,sbro,,,,,MBUEHRLE-L,CPAVANO-R,,,,,,,,
2010,2010-07-17,TEX,BOS,2.0,3.0,False,0|0|0|0|0|2|0|0|0,1|0|0|0|0|0|0|0|1,-120.0,100.0,-143.0,123.0,,9.0,sbro,,,,,CLEE-L,JLACKEY-R,,,,,,,,
2010,2010-07-17,SEA,LAA,6.0,7.0,False,0|1|0|3|0|1|1|0|0,0|4|2|0|0|0|1|0|0,155.0,-175.0,160.0,-180.0,,9.0,sbro,,,,,RWLND-SMTH-L,JSAUNDERS-L,,,,,,,,
2010,2010-07-17,DET,CLE,3.0,4.0,False,3|0|0|0|0|0|0|0|0,0|0|2|0|0|1|1|0|0,-147.0,127.0,-150.0,130.0,,8.0,sbro,,,,,VERLANDER-R,FCARMONA-R,,,,,,,,
2010,2010-07-18,WAS,MIA,0.0,1.0,False,0|0|0|0|0|0|0|0|0,0|0|0|0|1|0|0|0|0,125.0,-145.0,120.0,-140.0,,9.0,sbro,,,,,CSTAMMEN-R,ASANABIA-R,,,,,,,,
2010,2010-07-18,COL,CIN,1.0,0.0,False,0|0|0|0|0|1|0|0|0,0|0|0|0|0|0|0|0|0,120.0,-140.0,123.0,-143.0,,8.5,sbro,,,,,ACOOK-R,TWOOD-L,,,,,,,,
2010,2010-07-18,HOU,PIT,0.0,9.0,False,0|0|0|0|0|0|0|0|0,0|2|0|0|2|2|0|3|0,-155.0,135.0,-130.0,110.0,,7.0,sbro,,,,,ROSWALT-R,PMAHOLM-L,,,,,,,,
2010,2010-07-18,MIL,ATL,6.0,11.0,False,1|0|0|0|0|2|0|1|2,0|2|5|0|1|3|0|0|0,160.0,-180.0,156.0,-176.0,,9.0,sbro,,,,,MPARRA-L,DLOWE-R,,,,,,,,
2010,2010-07-18,LOS,STL,4.0,5.0,False,0|0|0|0|1|0|3|0|0,0|0|0|0|0|0|0|3|2,-127.0,107.0,-155.0,135.0,,9.0,sbro,,,,,VPADILLA-R,JSUPPAN-R,,,,,,,,
2010,2010-07-18,NYM,SFO,4.0,3.0,False,0|0|1|1|0|0|0|1|0,1|0|0|0|0|0|0|0|2,-120.0,100.0,-113.0,-107.0,,6.5,sbro,,,,,JOSANTANA-L,JSANCHEZ-L,,,,,,,,
2010,2010-07-18,ARI,SDG,4.0,6.0,False,2|0|0|0|1|0|0|0|1,0|1|1|1|0|1|0|2|0,120.0,-140.0,115.0,-135.0,,7.5,sbro,,,,,EJACKSON-R,KCORREIA-R,,,,,,,,
2010,2010-07-18,PHI,CUB,6.0,11.0,False,0|0|0|0|2|0|1|1|2,0|4|0|0|0|2|5|0|0,-165.0,145.0,-179.0,159.0,,7.5,sbro,,,,,RHALLADAY-R,GORZELANNY-L,,,,,,,,
2010,2010-07-18,DET,CLE,2.0,7.0,False,0|0|0|0|0|2|0|0|0,3|0|0|2|0|0|1|1|0,-130.0,110.0,-137.0,117.0,,10.0,sbro,,,,,AOLIVER-L,JGOMEZ-R,,,,,,,,
2010,2010-07-18,TAM,NYY,5.0,9.0,False,3|0|0|0|0|0|1|0|1,2|0|1|0|4|1|1|0|0,110.0,-130.0,112.0,-132.0,,8.5,sbro,,,,,DPRICE-L,APETTITTE-L,,,,,,,,
2010,2010-07-18,TOR,BAL,10.0,1.0,False,0|6|1|1|1|0|0|0|1,1|0|0|0|0|0|0|0|0,-140.0,120.0,-135.0,115.0,,9.0,sbro,,,,,SMARCUM-R,BMATUSZ-L,,,,,,,,
2010,2010-07-18,TEX,BOS,4.0,2.0,False,0|0|0|2|1|0|0|1|0,0|1|0|0|0|0|0|0|1,130.0,-150.0,137.0,-157.0,,8.5,sbro,,,,,CWILSON-L,JLESTER-L,,,,,,,,
2010,2010-07-18,OAK,KAN,9.0,6.0,False,0|0|0|3|1|0|1|1|3,1|0|0|0|0|0|0|0|5,-120.0,100.0,-105.0,-105.0,,9.5,sbro,,,,,VMAZZARO-R,BBANNISTR-R,,,,,,,,
2010,2010-07-18,CWS,MIN,6.0,7.0,False,0|0|1|0|1|4|0|0|0,0|2|1|0|0|0|0|0|4,-110.0,-110.0,-105.0,-105.0,,9.5,sbro,,,,,FGARCIA-R,NBLACKBUR-R,,,,,,,,
2010,2010-07-18,SEA,LAA,2.0,1.0,False,0|0|0|0|1|0|0|0|0,0|1|0|0|0|0|0|0|0,125.0,-145.0,138.0,-158.0,,8.5,sbro,,,,,JVARGAS-L,ESANTANA-R,,,,,,,,
2010,2010-07-19,MIL,PIT,3.0,1.0,False,0|0|0|0|1|2|0|0|0,0|0|0|0|1|0|0|0|0,-114.0,-106.0,-116.0,-104.0,,9.5,sbro,,,,,CCAPUANO-L,JKARSTENS-R,,,,,,,,
2010,2010-07-19,COL,MIA,8.0,9.0,False,0|0|2|0|0|2|0|4|0,0|0|3|0|0|3|1|0|2,-145.0,125.0,-158.0,138.0,,7.0,sbro,,,,,UJIMENEZ-R,ASANCHEZ-R,,,,,,,,
2010,2010-07-19,WAS,CIN,2.0,7.0,False,0|0|2|0|0|0|0|0|0,0|4|0|0|0|2|0|1|x,152.0,-172.0,153.0,-173.0,,9.0,sbro,,,,,JMARTIN-R,JCUETO-R,,,,,,,,
2010,2010-07-19,HOU,CUB,11.0,5.0,False,5|0|3|0|0|0|2|1|0,0|0|1|1|0|3|0|0|0,143.0,-163.0,140.0,-160.0,,8.0,sbro,,,,,WRODRIGEZ-L,CSILVA-R,,,,,,,,
2010,2010-07-19,PHI,STL,4.0,8.0,False,3|0|0|1|0|0|0|0|0,1|1|0|0|5|1|0|0|x,-103.0,-117.0,-105.0,-115.0,,9.0,sbro,,,,,KKENDRICK-R,BHAWKSWOR-R,,,,,,,,
2010,2010-07-19,NYM,ARI,2.0,13.0,False,0|0|0|0|1|0|0|0|1,4|2|0|0|0|5|0|2|x,-107.0,-113.0,100.0,-120.0,,9.5,sbro,,,,,MPELFREY-R,IKENNEDY-R,,,,,,,,
2010,2010-07-19,SFO,LOS,5.0,2.0,False,0|0|2|2|0|0|0|1|0,0|0|0|0|0|2|0|0|0,-102.0,-118.0,-114.0,-106.0,,8.0,sbro,,,,,MBUMGARNR-L,JMCDONALD-R,,,,,,,,
2010,2010-07-19,TEX,DET,8.0,6.0,False,2|0|3|0|0|0|1|0|0,1|1|1|0|2|0|0|1|0,-107.0,-113.0,100.0,-120.0,,9.5,sbro,,,,,SFELDMAN-R,BONDERMAN-R,,,,,,,,
2010,2010-07-19,TAM,BAL,8.0,1.0,False,0|1|7|0|0|0|0|0|0,0|0|0|0|1|0|0|0|0,-172.0,152.0,-162.0,142.0,,9.5,sbro,,,,,WDAVIS-R,CTILLMAN-R,,,,,,,,
2010,2010-07-19,TOR,KAN,4.0,5.0,False,0|0|2|0|0|0|1|0|0,0|1|0|0|0|0|2|0|0,-133.0,113.0,-132.0,112.0,,9.0,sbro,,,,,BCECIL-L,KDAVIES-R,,,,,,,,
2010,2010-07-19,CLE,MIN,10.0,4.0,False,0|2|0|0|5|0|0|1|2,0|0|0|1|0|2|0|0|1,180.0,-210.0,169.0,-189.0,,9.0,sbro,,,,,ALAFFEY-L,SBAKER-R,,,,,,,,
2010,2010-07-19,BOS,OAK,2.0,1.0,False,0|0|0|2|0|0|0|0|0,0|0|1|0|0|0|0|0|0,-110.0,-110.0,-104.0,-116.0,,8.0,sbro,,,,,DMATSUZAK-R,BSHEETS-R,,,,,,,,
2010,2010-07-19,CWS,SEA,6.0,1.0,False,0|0|1|0|2|0|1|2|0,1|0|0|0|0|0|0|0|0,-113.0,-107.0,-109.0,-111.0,,8.5,sbro,,,,,DHUDSON-R,DPAULEY-R,,,,,,,,
2010,2010-07-20,MIL,PIT,9.0,11.0,False,0|3|4|0|0|2|0|0|0,9|1|0|0|0|1|0|0|x,-125.0,105.0,-122.0,102.0,,9.0,sbro,,,,,DBUSH-R,BLINCOLN-R,,,,,,,,
2010,2010-07-20,SDG,ATL,1.0,4.0,False,0|1|0|0|0|0|0|0|0,0|0|0|2|0|0|2|0|x,140.0,-160.0,134.0,-154.0,,8.0,sbro,,,,,WLEBLANC-L,JJURRJENS-R,,,,,,,,
2010,2010-07-20,COL,MIA,10.0,0.0,False,0|0|6|0|2|0|2|0|0,0|0|0|0|0|0|0|0|0,-120.0,100.0,-110.0,-110.0,,9.5,sbro,,,,,JFRANCIS-L,ROBERTSON-L,,,,,,,,
2010,2010-07-20,WAS,CIN,7.0,8.0,False,0|0|1|0|0|6|0|0|0,3|0|0|2|3|0|0|0|x,152.0,-172.0,160.0,-180.0,,9.0,sbro,,,,,LATILANO-R,MLEAKE-R,,,,,,,,
2010,2010-07-20,HOU,CUB,7.0,14.0,False,0|4|0|2|1|0|0|0|0,0|0|0|1|5|1|2|5|x,190.0,-220.0,200.0,-240.0,,9.0,sbro,,,,,WWRIGHT-L,RDEMPSTER-R,,,,,,,,
2010,2010-07-20,PHI,STL,1.0,7.0,False,0|0|0|0|0|0|1|0|0,0|0|2|1|3|0|0|1|x,170.0,-190.0,154.0,-174.0,,8.0,sbro,,,,,JMOYER-L,CARPENTER-R,,,,,,,,
2010,2010-07-20,NYM,ARI,2.0,3.0,False,0|0|0|0|0|0|0|1|1,0|0|1|2|0|0|0|0|x,-115.0,-105.0,-127.0,107.0,,9.5,sbro,,,,,RDICKEY-R,BENRIGHT-R,,,,,,,,
2010,2010-07-20,SFO,LOS,7.0,5.0,False,0|1|0|0|0|3|0|0|3,3|0|2|0|0|0|0|0|0,100.0,-120.0,-107.0,-113.0,,6.5,sbro,,,,,TLINCECUM-R,CKERSHAW-L,,,,,,,,
2010,2010-07-20,TEX,DET,8.0,0.0,False,2|1|0|0|0|1|0|0|4,0|0|0|0|0|0|0|0|0,-124.0,104.0,-120.0,100.0,,9.5,sbro,,,,,THUNTER-R,AGALARRAG-R,,,,,,,,
2010,2010-07-20,LAA,NYY,10.0,2.0,False,0|1|1|2|0|2|2|0|2,2|0|0|0|0|0|0|0|0,219.0,-259.0,220.0,-260.0,,10.0,sbro,,,,,O'SULLIVAN-R,PHUGHES-R,,,,,,,,
2010,2010-07-20,TAM,BAL,10.0,11.0,False,0|0|1|1|0|4|2|1|0,0|3|1|0|0|0|3|0|2,-177.0,157.0,-195.0,175.0,,9.0,sbro,,,,,MGARZA-R,JARRIETA-R,,,,,,,,
2010,2010-07-20,TOR,KAN,13.0,1.0,False,2|2|2|0|0|0|0|5|2,0|0|0|0|0|1|0|0|0,-114.0,-106.0,-110.0,-110.0,,10.0,sbro,,,,,JLITSCH-R,ALEREW-R,,,,,,,,
2010,2010-07-20,CLE,MIN,4.0,3.0,False,0|0|0|0|1|2|0|1|0,1|0|0|0|0|0|2|0|0,152.0,-172.0,158.0,-178.0,,9.5,sbro,,,,,MASTERSON-R,KSLOWEY-R,,,,,,,,
2010,2010-07-20,BOS,OAK,4.0,5.0,False,1|3|0|0|0|0|0|0|0,0|0|4|0|0|0|0|0|0,-107.0,-113.0,-103.0,-117.0,,8.5,sbro,,,,,WAKEFIELD-R,DBRADEN-L,,,,,,,,
2010,2010-07-20,CWS,SEA,4.0,0.0,False,0|0|0|1|2|0|0|0|1,0|0|0|0|0|0|0|0|0,-130.0,110.0,-122.0,102.0,,7.5,sbro,,,,,JDANKS-L,DFISTER-R,,,,,,,,
2010,2010-07-21,HOU,CUB,4.0,3.0,False,0|0|0|0|0|0|0|1|0,0|0|0|0|1|0|0|0|0,125.0,-145.0,151.0,-171.0,,7.5,sbro,,,,,BMYERS-R,TLILLY-L,,,,,,,,
2010,2010-07-21,MIL,PIT,3.0,15.0,False,1|1|1|0|0|0|0|0|0,2|0|0|6|2|2|2|1|x,-124.0,104.0,-136.0,116.0,,8.5,sbro,,,,,RWOLF-L,ZDUKE-L,,,,,,,,
2010,2010-07-21,SDG,ATL,6.0,4.0,False,0|2|0|0|0|0|0|0|2,0|0|4|0|0|0|0|0|0,135.0,-155.0,152.0,-172.0,,8.0,sbro,,,,,JGARLAND-R,THANSON-R,,,,,,,,
2010,2010-07-21,COL,MIA,2.0,5.0,False,0|0|0|0|0|0|0|2|0,2|3|0|0|0|0|0|0|x,100.0,-120.0,-108.0,-112.0,,7.5,sbro,,,,,JHAMMEL-R,RNOLASCO-R,,,,,,,,
2010,2010-07-21,WAS,CIN,8.0,5.0,False,0|0|0|1|2|4|0|0|1,0|0|1|0|0|2|1|1|0,-123.0,103.0,-120.0,100.0,,7.0,sbro,,,,,SSTRASBUR-R,BARROYO-R,,,,,,,,
2010,2010-07-21,PHI,STL,1.0,5.0,False,0|0|0|0|1|0|0|0|0,0|0|0|1|0|0|1|3|x,130.0,-150.0,126.0,-146.0,,8.5,sbro,,,,,JBLANTON-R,JGARCIA-L,,,,,,,,
2010,2010-07-21,NYM,ARI,3.0,4.0,False,1|0|1|0|0|1|0|0|0,1|1|0|1|0|0|0|0|0,104.0,-124.0,110.0,-130.0,,8.5,sbro,,,,,JNIESE-L,DHAREN-R,,,,,,,,
2010,2010-07-21,SFO,LOS,0.0,2.0,False,0|0|0|0|0|0|0|0|0,0|1|0|0|0|0|0|1|x,115.0,-135.0,120.0,-140.0,,7.5,sbro,,,,,BZITO-L,BILLNGSLEY-R,,,,,,,,
2010,2010-07-21,TAM,BAL,5.0,4.0,False,1|2|1|0|0|1|0|0|0,0|0|0|3|1|0|0|0|0,-193.0,173.0,-200.0,170.0,,9.5,sbro,,,,,JSHIELDS-R,BBERGESEN-R,,,,,,,,
2010,2010-07-21,LAA,NYY,6.0,10.0,False,0|0|0|0|3|2|0|1|0,1|0|4|1|0|0|4|0|x,152.0,-172.0,169.0,-189.0,,9.0,sbro,,,,,JPINEIRO-R,JVAZQUEZ-R,,,,,,,,
2010,2010-07-21,CLE,MIN,0.0,6.0,False,0|0|0|0|0|0|0|0|0,0|0|4|0|0|0|0|2|x,180.0,-210.0,170.0,-200.0,,8.0,sbro,,,,,WESTBROOK-R,FLIRIANO-L,,,,,,,,
2010,2010-07-21,TOR,KAN,2.0,5.0,False,0|0|1|0|0|0|1|0|0,0|0|2|0|3|0|0|0|x,158.0,-178.0,132.0,-152.0,,8.0,sbro,,,,,RZEPZNSKI-L,ZGREINKE-R,,,,,,,,
2010,2010-07-21,BOS,OAK,4.0,6.0,False,1|0|0|0|1|2|0|0|0,0|1|2|0|3|0|0|0|x,-107.0,-113.0,-110.0,-110.0,,7.5,sbro,,,,,CBUCHHOLZ-R,GGONZALEZ-L,,,,,,,,
2010,2010-07-21,TEX,DET,1.0,4.0,False,0|0|0|0|0|0|0|0|1,0|2|0|0|0|0|2|0|x,-106.0,-114.0,-113.0,-107.0,,8.5,sbro,,,,,CLEWIS-R,MSCHERZER-R,,,,,,,,
2010,2010-07-21,CWS,SEA,1.0,2.0,False,0|0|0|0|0|0|0|0|0,0|0|0|0|0|0|0|0|0,120.0,-140.0,113.0,-133.0,,6.5,sbro,,,,,GFLOYD-R,FHERNANDZ-R,,,,,,,,
2010,2010-07-22,COL,MIA,2.0,3.0,False,0|1|0|0|0|0|0|1|0,1|1|0|0|0|0|0|0|1,190.0,-220.0,190.0,-220.0,,7.0,sbro,,,,,DELAROSA-L,JJOHNSON-R,,,,,,,,
2010,2010-07-22,WAS,CIN,7.0,1.0,False,1|2|3|0|0|0|1|0|0,0|0|0|1|0|0|0|0|0,170.0,-200.0,155.0,-175.0,,8.5,sbro,,,,,LHERNADEZ-R,EVOLQUEZ-R,,,,,,,,
2010,2010-07-22,SDG,ATL,0.0,8.0,False,0|0|0|0|0|0|0|0|0,2|1|1|0|0|0|4|0|x,145.0,-165.0,150.0,-170.0,,7.5,sbro,,,,,CRICHARD-L,THUDSON-R,,,,,,,,
2010,2010-07-22,PHI,STL,2.0,0.0,False,0|0|0|0|0|0|0|0|0,0|0|0|0|0|0|0|0|0,150.0,-170.0,142.0,-162.0,,7.0,sbro,,,,,CHAMELS-L,WAINWRIGHT-R,,,,,,,,
2010,2010-07-22,MIL,PIT,3.0,2.0,False,0|0|0|1|0|0|2|0|0,0|0|0|0|0|0|2|0|0,-155.0,135.0,-160.0,140.0,,8.0,sbro,,,,,YGALLARDO-R,ROHLENDOR-R,,,,,,,,
2010,2010-07-22,SFO,ARI,3.0,0.0,False,1|0|1|0|0|0|1|0|0,0|0|0|0|0|0|0|0|0,-135.0,115.0,-132.0,112.0,,9.0,sbro,,,,,MCAIN-R,RLOPEZ-R,,,,,,,,
2010,2010-07-22,NYM,LOS,0.0,2.0,False,0|0|0|0|0|0|0|0|0,1|0|0|0|0|0|1|0|x,155.0,-175.0,158.0,-178.0,,8.0,sbro,,,,,HTAKAHASH-L,HKURODA-R,,,,,,,,
2010,2010-07-22,TOR,DET,2.0,5.0,False,0|2|0|0|0|0|0|0|0,0|0|0|1|1|0|0|3|x,120.0,-140.0,136.0,-156.0,,7.5,sbro,,,,,RROMERO-L,VERLANDER-R,,,,,,,,
2010,2010-07-22,MIN,BAL,5.0,0.0,False,3|0|0|1|0|0|1|0|0,0|0|0|0|0|0|0|0|0,-165.0,145.0,-151.0,131.0,,9.0,sbro,,,,,CPAVANO-R,KMILLWOOD-R,,,,,,,,
2010,2010-07-22,KAN,NYY,4.0,10.0,False,2|1|0|0|0|1|0|0|0,2|0|1|0|2|0|1|4|x,275.0,-325.0,250.0,-290.0,,9.0,sbro,,,,,BCHEN-L,CSABATHIA-L,,,,,,,,
2010,2010-07-22,LAA,TEX,2.0,3.0,False,0|0|0|0|1|0|1|0|0,1|0|0|0|0|2|0|0|x,137.0,-157.0,155.0,-175.0,,8.0,sbro,,,,,JERWEAVER-R,CLEE-L,,,,,,,,
2010,2010-07-22,BOS,SEA,8.0,6.0,False,0|0|3|0|0|2|1|0|0,0|1|0|0|0|0|0|0|5,-161.0,141.0,-156.0,136.0,,8.5,sbro,,,,,JLACKEY-R,RWLND-SMTH-L,,,,,,,,
2010,2010-07-23,STL,CUB,0.0,5.0,False,0|0|0|0|0|0|0|0|0,1|0|0|1|2|1|0|0|x,134.0,-154.0,137.0,-157.0,,12.0,sbro,,,,,JSUPPAN-R,RWELLS-R,,,,,,,,
2010,2010-07-23,COL,PHI,0.0,6.0,False,0|0|0|0|0|0|0|0|0,0|0|0|0|5|0|0|1|x,170.0,-200.0,190.0,-220.0,,7.5,sbro,,,,,ACOOK-R,RHALLADAY-R,,,,,,,,
2010,2010-07-23,SDG,PIT,5.0,3.0,False,0|4|0|0|0|0|1|0|0,0|0|0|2|1|0|0|0|0,-109.0,-111.0,-116.0,-104.0,,8.5,sbro,,,,,KCORREIA-R,PMAHOLM-L,,,,,,,,
2010,2010-07-23,ATL,MIA,6.0,7.0,False,0|0|0|0|1|0|3|0|2,2|0|0|0|0|2|1|0|2,-105.0,-105.0,-110.0,-110.0,,8.0,sbro,,,,,DLOWE-R,ASANABIA-R,,,,,,,,
2010,2010-07-23,CIN,HOU,6.0,4.0,False,0|0|0|3|1|0|0|2|0,1|0|0|1|0|2|0|0|0,-155.0,135.0,-145.0,125.0,,8.0,sbro,,,,,TWOOD-L,BNORRIS-R,,,,,,,,
2010,2010-07-23,WAS,MIL,5.0,7.0,False,0|3|1|1|0|0|0|0|0,1|0|0|0|2|2|2|0|x,110.0,-130.0,122.0,-142.0,,9.5,sbro,,,,,CSTAMMEN-R,CNARVESON-L,,,,,,,,
2010,2010-07-23,SFO,ARI,7.0,4.0,False,1|0|0|1|0|1|3|0|1,1|0|0|0|0|3|0|0|0,-111.0,-109.0,-115.0,-105.0,,9.0,sbro,,,,,JSANCHEZ-L,EJACKSON-R,,,,,,,,
2010,2010-07-23,NYM,LOS,6.0,1.0,False,1|1|0|0|0|0|0|4|0,0|0|0|0|1|0|0|0|0,-105.0,-115.0,-107.0,-113.0,,6.5,sbro,,,,,JOSANTANA-L,VPADILLA-R,,,,,,,,
2010,2010-07-23,MIN,BAL,2.0,3.0,False,0|0|0|0|0|2|0|0|0,1|0|0|0|0|2|0|0|x,-131.0,111.0,-134.0,114.0,,9.5,sbro,,,,,BDUENSING-L,JGUTHRIE-R,,,,,,,,
2010,2010-07-23,TAM,CLE,1.0,3.0,False,0|1|0|0|0|0|0||,1|0|1|0|0|1|x||,-150.0,130.0,-157.0,137.0,,9.0,sbro,,,,,JNIEMANN-R,FCARMONA-R,,,,,,,,
2010,2010-07-23,KAN,NYY,1.0,7.0,False,0|0|0|0|0|0|0|1|0,4|0|0|0|0|2|1|0|x,200.0,-230.0,220.0,-260.0,,10.0,sbro,,,,,BBANNISTR-R,ABURNETT-R,,,,,,,,
2010,2010-07-23,LAA,TEX,0.0,1.0,False,0|0|0|0|0|0|0|0|0,1|0|0|0|0|0|0|0|x,171.0,-191.0,175.0,-195.0,,10.0,sbro,,,,,JSAUNDERS-L,CWILSON-L,,,,,,,,
2010,2010-07-23,CWS,OAK,5.0,1.0,False,0|0|0|1|0|2|0|0|2,0|0|0|0|0|0|1|0|0,114.0,-134.0,126.0,-146.0,,7.0,sbro,,,,,MBUEHRLE-L,TCAHILL-R,,,,,,,,
2010,2010-07-23,BOS,SEA,2.0,1.0,False,0|0|0|1|0|0|1|0|0,1|0|0|0|0|0|0|0|0,-121.0,101.0,-122.0,102.0,,7.5,sbro,,,,,JBECKETT-R,JVARGAS-L,,,,,,,,
2010,2010-07-24,STL,CUB,5.0,6.0,False,0|2|0|0|1|0|1|1|0,1|0|3|0|2|0|0|0|x,100.0,-120.0,112.0,-132.0,,12.0,sbro,,,,,BHAWKSWOR-R,GORZELANNY-L,,,,,,,,
2010,2010-07-24,COL,PHI,2.0,10.0,False,0|0|0|0|1|0|0|1|0,0|0|7|0|0|2|1|0|x,-145.0,125.0,-149.0,129.0,,8.5,sbro,,,,,UJIMENEZ-R,KKENDRICK-R,,,,,,,,
2010,2010-07-24,NYM,LOS,2.0,3.0,False,0|0|0|0|0|2|0|0|0,1|0|0|1|0|0|0|0|0,-105.0,-115.0,110.0,-130.0,,8.5,sbro,,,,,MPELFREY-R,CMONASTER-R,,,,,,,,
2010,2010-07-24,SDG,PIT,9.0,2.0,False,0|0|0|0|1|3|0|5|0,0|0|1|0|1|0|0|0|0,-163.0,143.0,-180.0,160.0,,7.5,sbro,,,,,MLATOS-R,JKARSTENS-R,,,,,,,,
2010,2010-07-24,CIN,HOU,7.0,0.0,False,2|1|3|0|0|0|0|0|1,0|0|0|0|0|0|0|0|0,-112.0,-108.0,-110.0,-110.0,,6.5,sbro,,,,,JCUETO-R,ROSWALT-R,,,,,,,,
2010,2010-07-24,WAS,MIL,3.0,4.0,False,0|0|0|0|1|1|0|0|1,1|0|0|1|0|1|0|0|1,107.0,-127.0,114.0,-134.0,,9.5,sbro,,,,,JMARTIN-R,MPARRA-L,,,,,,,,
2010,2010-07-24,ATL,MIA,10.0,5.0,False,1|0|1|0|0|0|0|8|0,1|0|3|0|0|1|0|0|0,-106.0,-114.0,-112.0,-108.0,,8.0,sbro,,,,,KMEDLEN-R,ASANCHEZ-R,,,,,,,,
2010,2010-07-24,SFO,ARI,10.0,4.0,False,1|0|0|0|2|0|4|3|0,0|0|0|0|0|1|1|2|0,-110.0,-110.0,-110.0,-110.0,,8.5,sbro,,,,,MBUMGARNR-L,IKENNEDY-R,,,,,,,,
2010,2010-07-24,KAN,NYY,7.0,4.0,False,2|0|1|3|1|0|0|0|0,0|0|0|2|2|0|0|0|0,180.0,-210.0,200.0,-230.0,,11.0,sbro,,,,,KDAVIES-R,SMITRE-R,,,,,,,,
2010,2010-07-24,CWS,OAK,2.0,10.0,False,0|2|0|0|0|0|0|0|0,2|3|0|2|0|2|0|1|x,-106.0,-114.0,106.0,-126.0,,8.0,sbro,,,,,FGARCIA-R,VMAZZARO-R,,,,,,,,
2010,2010-07-24,MIN,BAL,7.0,2.0,False,1|0|0|0|2|1|3|0|0,0|0|0|2|0|0|0|0|0,-135.0,115.0,-130.0,110.0,,9.0,sbro,,,,,SBAKER-R,BMATUSZ-L,,,,,,,,
2010,2010-07-24,TAM,CLE,6.0,3.0,False,0|0|0|0|3|2|1|0|0,1|2|0|0|0|0|0|0|0,-172.0,152.0,-168.0,148.0,,8.5,sbro,,,,,DPRICE-L,MTALBOT-R,,,,,,,,
2010,2010-07-24,TOR,DET,3.0,2.0,False,1|0|1|0|1|0|0|0|0,0|0|1|0|0|1|0|0|0,-109.0,-111.0,-105.0,-105.0,,8.5,sbro,,,,,SMARCUM-R,RPORCELLO-R,,,,,,,,
2010,2010-07-24,LAA,TEX,6.0,2.0,False,0|0|0|0|2|1|3|0|0,0|0|0|0|0|1|1|0|0,104.0,-124.0,100.0,-120.0,,10.0,sbro,,,,,ESANTANA-R,SFELDMAN-R,,,,,,,,
2010,2010-07-24,BOS,SEA,1.0,5.0,False,0|0|0|1|0|0|0|0|0,0|0|0|0|0|2|0|3|x,-194.0,174.0,-210.0,180.0,,7.5,sbro,,,,,JLESTER-L,DPAULEY-R,,,,,,,,
2010,2010-07-25,COL,PHI,3.0,4.0,False,0|1|0|2|0|0|0|0|0,0|2|0|0|0|0|2|0|x,110.0,-130.0,118.0,-138.0,,9.0,sbro,,,,,JFRANCIS-L,JHAPP-L,,,,,,,,
2010,2010-07-25,ATL,MIA,4.0,5.0,False,1|0|1|0|0|1|0|1|0,0|0|0|4|0|0|0|0|0,-138.0,118.0,-136.0,116.0,,8.5,sbro,,,,,JJURRJENS-R,CVOLSTAD-R,,,,,,,,
2010,2010-07-25,SDG,PIT,6.0,3.0,False,0|0|5|0|0|0|1|0|0,0|2|0|1|0|0|0|0|0,-160.0,140.0,-141.0,121.0,,8.5,sbro,,,,,WLEBLANC-L,BLINCOLN-R,,,,,,,,
2010,2010-07-25,CIN,HOU,0.0,4.0,False,0|0|0|0|0|0|0|0|0,0|1|0|0|0|0|3|0|x,-115.0,-105.0,-126.0,106.0,,8.0,sbro,,,,,MLEAKE-R,WRODRIGEZ-L,,,,,,,,
2010,2010-07-25,WAS,MIL,3.0,8.0,False,0|0|0|0|0|2|1|0|0,2|0|0|3|0|0|3|0|x,120.0,-140.0,124.0,-144.0,,9.5,sbro,,,,,RDETWILER-L,DBUSH-R,,,,,,,,
2010,2010-07-25,STL,CUB,4.0,3.0,False,0|2|0|0|0|1|0|0|0,0|0|0|1|2|0|0|0|0,-116.0,-104.0,-130.0,110.0,,6.5,sbro,,,,,CARPENTER-R,RDEMPSTER-R,,,,,,,,
2010,2010-07-25,SFO,ARI,3.0,2.0,False,1|0|0|0|1|0|0|0|0,0|2|0|0|0|0|0|0|0,-150.0,130.0,-149.0,129.0,,8.0,sbro,,,,,TLINCECUM-R,BENRIGHT-R,,,,,,,,
2010,2010-07-25,NYM,LOS,0.0,1.0,False,0|0|0|0|0|0|0|0|0,0|0|0|0|0|0|0|1|x,140.0,-160.0,156.0,-176.0,,6.5,sbro,,,,,RDICKEY-R,CKERSHAW-L,,,,,,,,
2010,2010-07-25,TOR,DET,5.0,3.0,False,0|0|0|0|0|2|1|0|2,0|0|0|0|0|2|0|1|0,-115.0,-105.0,-114.0,-106.0,,8.5,sbro,,,,,BCECIL-L,AGALARRAG-R,,,,,,,,
2010,2010-07-25,TAM,CLE,4.0,2.0,False,0|3|0|0|1|0|0|0|0,1|1|0|0|0|0|0|0|0,-155.0,135.0,-137.0,117.0,,9.0,sbro,,,,,WDAVIS-R,MASTERSON-R,,,,,,,,
2010,2010-07-25,KAN,NYY,6.0,12.0,False,0|0|2|1|0|0|0|2|1,0|0|4|1|0|1|1|5|x,240.0,-280.0,250.0,-290.0,,10.0,sbro,,,,,O'SULLIVAN-R,PHUGHES-R,,,,,,,,
2010,2010-07-25,MIN,BAL,10.0,4.0,False,0|0|4|1|1|3|0|0|1,1|0|0|0|0|0|0|0|3,-130.0,110.0,-122.0,102.0,,9.5,sbro,,,,,KSLOWEY-R,JARRIETA-R,,,,,,,,
2010,2010-07-25,CWS,OAK,4.0,6.0,False,1|0|0|0|0|0|3|0|0,0|4|0|1|0|1|0|0|x,125.0,-145.0,130.0,-150.0,,8.0,sbro,,,,,DHUDSON-R,DBRADEN-L,,,,,,,,
2010,2010-07-25,BOS,SEA,2.0,4.0,False,0|0|0|2|0|0|0|0|0,0|0|1|0|0|0|0|3|x,-160.0,140.0,-140.0,120.0,,7.5,sbro,,,,,DMATSUZAK-R,DFISTER-R,,,,,,,,
2010,2010-07-25,LAA,TEX,4.0,6.0,False,0|1|0|0|0|0|2|0|1,2|0|1|1|1|1|0|0|x,210.0,-250.0,200.0,-230.0,,10.0,sbro,,,,,TBELL-R,THUNTER-R,,,,,,,,
2010,2010-07-25,TOR,DET,5.0,6.0,False,0|0|0|0|1|3|0|0|1,0|0|0|0|0|2|0|4|x,100.0,-120.0,-104.0,-116.0,,9.0,sbro,,,,,JLITSCH-R,BONDERMAN-R,,,,,,,,
2010,2010-07-26,COL,PHI,4.0,5.0,False,2|0|0|0|0|0|0|0|2,0|3|0|0|0|2|0|0|x,-103.0,-117.0,119.0,-139.0,,9.0,sbro,,,,,JHAMMEL-R,JBLANTON-R,,,,,,,,
2010,2010-07-26,CUB,HOU,5.0,2.0,False,0|2|2|0|0|1|0|0|0,1|0|0|0|0|0|1|0|0,-147.0,127.0,-134.0,114.0,,9.0,sbro,,,,,CSILVA-R,WWRIGHT-L,,,,,,,,
2010,2010-07-26,CIN,MIL,2.0,3.0,False,0|2|0|0|0|0|0|0|0,0|0|2|0|0|0|0|1|x,-107.0,-113.0,-110.0,-110.0,,8.5,sbro,,,,,BARROYO-R,RWOLF-L,,,,,,,,
2010,2010-07-26,MIA,SFO,4.0,3.0,False,0|0|0|1|1|1|0|1|0,0|0|0|0|0|0|2|0|1,110.0,-130.0,106.0,-126.0,,7.0,sbro,,,,,RNOLASCO-R,BZITO-L,,,,,,,,
2010,2010-07-26,BAL,TOR,5.0,9.0,False,0|0|0|0|0|2|2|1|0,0|1|0|3|4|0|0|1|x,170.0,-200.0,185.0,-215.0,,9.0,sbro,,,,,BBERGESEN-R,BMORROW-R,,,,,,,,
2010,2010-07-26,NYY,CLE,3.0,2.0,False,0|0|0|1|0|0|0|2|0,0|1|0|0|0|1|0|0|0,-180.0,160.0,-175.0,155.0,,9.0,sbro,,,,,JVAZQUEZ-R,WESTBROOK-R,,,,,,,,
2010,2010-07-26,DET,TAM,0.0,5.0,False,0|0|0|0|0|0|0|0|0,0|0|0|0|0|4|0|1|x,135.0,-155.0,166.0,-186.0,,8.0,sbro,,,,,MSCHERZER-R,MGARZA-R,,,,,,,,
2010,2010-07-26,MIN,KAN,19.0,1.0,False,6|0|0|2|0|6|3|2|0,0|0|0|0|0|0|0|0|1,-114.0,-106.0,-109.0,-111.0,,7.0,sbro,,,,,FLIRIANO-L,ZGREINKE-R,,,,,,,,
2010,2010-07-26,SEA,CWS,1.0,6.0,False,0|0|1|0|0|0|0|0|0,0|0|2|0|0|2|0|2|x,105.0,-125.0,104.0,-124.0,,6.5,sbro,,,,,FHERNANDZ-R,JDANKS-L,,,,,,,,
2010,2010-07-26,BOS,LAA,6.0,3.0,False,0|1|1|0|0|0|0|2|2,1|0|0|0|0|0|0|2|0,-115.0,-105.0,110.0,-130.0,,8.0,sbro,,,,,CBUCHHOLZ-R,DHAREN-R,,,,,,,,
2010,2010-07-27,ARI,PHI,5.0,9.0,False,1|0|0|1|1|2|0|0|0,0|0|2|0|2|3|2|0|x,190.0,-220.0,210.0,-250.0,,8.5,sbro,,,,,RLOPEZ-R,CHAMELS-L,,,,,,,,
2010,2010-07-27,ATL,WAS,0.0,3.0,False,0|0|0|0|0|0|0|0|0,1|2|0|0|0|0|0|0|x,120.0,-140.0,122.0,-142.0,,6.5,sbro,,,,,THANSON-R,MBATISTA-R,,,,,,,,
2010,2010-07-27,STL,NYM,2.0,8.0,False,1|0|0|0|0|0|0|1|0,0|1|0|3|2|2|0|0|x,-149.0,129.0,-148.0,128.0,,7.0,sbro,,,,,WAINWRIGHT-R,JNIESE-L,,,,,,,,
2010,2010-07-27,CUB,HOU,1.0,6.0,False,0|0|0|0|0|0|0|0|1,0|0|0|0|0|0|6|0|x,-113.0,-107.0,-113.0,-107.0,,7.0,sbro,,,,,TLILLY-L,BMYERS-R,,,,,,,,
2010,2010-07-27,CIN,MIL,12.0,4.0,False,2|3|1|1|0|3|2|0|0,1|2|0|1|0|0|0|0|0,115.0,-135.0,138.0,-158.0,,7.5,sbro,,,,,EVOLQUEZ-R,YGALLARDO-R,,,,,,,,
2010,2010-07-27,PIT,COL,4.0,2.0,False,2|0|0|0|0|1|0|1|0,0|0|0|0|2|0|0|0|0,165.0,-185.0,200.0,-230.0,,9.5,sbro,,,,,ZDUKE-L,DELAROSA-L,,,,,,,,
2010,2010-07-27,LOS,SDG,2.0,0.0,False,0|0|0|0|0|0|2|0|0,0|0|0|0|0|0|0|0|0,-114.0,-106.0,-105.0,-105.0,,6.5,sbro,,,,,BILLNGSLEY-R,JGARLAND-R,,,,,,,,
2010,2010-07-27,MIA,SFO,4.0,6.0,False,0|0|0|0|2|0|1|0|1,0|0|2|0|1|0|0|3|x,-115.0,-105.0,-116.0,-104.0,,6.0,sbro,,,,,JJOHNSON-R,MCAIN-R,,,,,,,,
2010,2010-07-27,NYY,CLE,1.0,4.0,False,0|0|0|0|0|0|0|1|0,0|0|0|2|0|2|0|0|x,-240.0,200.0,-270.0,230.0,,9.0,sbro,,,,,CSABATHIA-L,,,,,,,,,
2010,2010-07-27,BAL,TOR,2.0,8.0,False,0|0|0|0|0|0|0|2|0,3|0|1|2|0|0|0|2|x,180.0,-210.0,200.0,-230.0,,8.5,sbro,,,,,KMILLWOOD-R,RROMERO-L,,,,,,,,
2010,2010-07-27,DET,TAM,2.0,3.0,False,0|0|0|0|0|2|0|0|0,2|0|0|0|0|1|0|0|x,105.0,-125.0,125.0,-145.0,,7.5,sbro,,,,,VERLANDER-R,JSHIELDS-R,,,,,,,,
2010,2010-07-27,OAK,TEX,1.0,3.0,False,0|0|0|0|0|1|0|0|0,1|0|0|0|0|0|0|0|0,195.0,-225.0,200.0,-240.0,,8.0,sbro,,,,,GGONZALEZ-L,CLEE-L,,,,,,,,
2010,2010-07-27,MIN,KAN,11.0,2.0,False,2|0|2|0|0|2|1|4|0,0|0|0|0|1|1|0|0|0,-137.0,117.0,-150.0,130.0,,9.0,sbro,,,,,CPAVANO-R,BCHEN-L,,,,,,,,
2010,2010-07-27,SEA,CWS,0.0,11.0,False,0|0|0|0|0|0|0|0|0,4|3|1|0|3|0|0|0|x,200.0,-230.0,220.0,-260.0,,8.5,sbro,,,,,RWLND-SMTH-L,GFLOYD-R,,,,,,,,
2010,2010-07-27,BOS,LAA,4.0,2.0,False,0|0|0|0|0|0|2|1|1,0|0|1|0|0|0|0|1|0,113.0,-133.0,134.0,-154.0,,7.5,sbro,,,,,JLACKEY-R,JERWEAVER-R,,,,,,,,
2010,2010-07-28,CUB,HOU,1.0,8.0,False,1|0|0|0|0|0|0|0|0,0|0|0|0|0|3|2|3|x,-136.0,116.0,-141.0,121.0,,7.5,sbro,,,,,RWELLS-R,BNORRIS-R,,,,,,,,
2010,2010-07-28,CIN,MIL,10.0,2.0,False,0|0|0|0|0|5|0|5|0,0|0|0|2|0|0|0|0|0,-121.0,101.0,-119.0,-101.0,,8.5,sbro,,,,,TWOOD-L,CNARVESON-L,,,,,,,,
2010,2010-07-28,ATL,WAS,3.0,1.0,False,2|0|0|0|1|0|0|0|0,0|0|0|0|1|0|0|0|0,-135.0,115.0,-152.0,132.0,,7.5,sbro,,,,,THUDSON-R,LHERNADEZ-R,,,,,,,,
2010,2010-07-28,MIA,SFO,9.0,10.0,False,0|0|1|1|0|0|5|0|2,4|0|3|0|0|2|0|0|0,113.0,-133.0,135.0,-155.0,,8.0,sbro,,,,,ASANABIA-R,JSANCHEZ-L,,,,,,,,
2010,2010-07-28,ARI,PHI,1.0,7.0,False,0|0|0|0|0|0|0|0|1,0|2|0|0|0|3|2|0|x,240.0,-280.0,240.0,-280.0,,7.5,sbro,,,,,EJACKSON-R,RHALLADAY-R,,,,,,,,
2010,2010-07-28,STL,NYM,8.0,7.0,False,6|0|0|0|0|1|0|0|0,2|0|0|0|0|1|0|4|0,107.0,-127.0,121.0,-141.0,,6.5,sbro,,,,,JGARCIA-L,JOSANTANA-L,,,,,,,,
2010,2010-07-28,PIT,COL,6.0,2.0,False,0|1|4|0|0|0|0|1|0,1|0|0|0|0|1|0|0|0,175.0,-205.0,180.0,-210.0,,9.5,sbro,,,,,ROHLENDOR-R,ACOOK-R,,,,,,,,
2010,2010-07-28,LOS,SDG,1.0,6.0,False,0|0|1|0|0|0|0|0|0,0|0|0|0|0|2|2|2|x,-103.0,-117.0,-107.0,-113.0,,6.5,sbro,,,,,HKURODA-R,CRICHARD-L,,,,,,,,
2010,2010-07-28,MIN,KAN,6.0,4.0,False,3|1|0|1|0|0|0|0|1,0|0|0|0|2|0|0|2|0,-125.0,105.0,-137.0,117.0,,9.5,sbro,,,,,BDUENSING-L,BBANNISTR-R,,,,,,,,
2010,2010-07-28,BOS,LAA,7.0,3.0,False,0|2|0|0|0|0|1|4|0,0|2|0|0|1|0|0|0|0,-114.0,-106.0,-109.0,-111.0,,8.5,sbro,,,,,JBECKETT-R,SSHIELDS-R,,,,,,,,
2010,2010-07-28,NYY,CLE,8.0,0.0,False,1|3|3|1|0|0|0|0|0,0|0|0|0|0|0|0|0|0,-155.0,135.0,-157.0,137.0,,9.0,sbro,,,,,ABURNETT-R,FCARMONA-R,,,,,,,,
2010,2010-07-28,BAL,TOR,0.0,5.0,False,0|0|0|0|0|0|0|0|0,0|1|0|0|0|0|0|4|x,132.0,-152.0,123.0,-143.0,,9.0,sbro,,,,,JGUTHRIE-R,BMILLS-L,,,,,,,,
2010,2010-07-28,DET,TAM,4.0,7.0,False,2|0|1|0|0|1|0|0|0,1|0|2|2|0|0|0|2|x,185.0,-215.0,200.0,-230.0,,8.5,sbro,,,,,EBONINE-R,JNIEMANN-R,,,,,,,,
2010,2010-07-28,OAK,TEX,3.0,1.0,False,0|0|0|0|0|1|0|2|0,0|0|0|0|0|0|0|0|1,132.0,-152.0,133.0,-153.0,,8.5,sbro,,,,,TCAHILL-R,CLEWIS-R,,,,,,,,
2010,2010-07-28,SEA,CWS,5.0,6.0,False,3|2|0|0|0|0|0|0|0,1|2|0|0|2|0|1|0|x,138.0,-158.0,150.0,-170.0,,8.5,sbro,,,,,JVARGAS-L,MBUEHRLE-L,,,,,,,,
2010,2010-07-29,STL,NYM,0.0,4.0,False,0|0|0|0|0|0|0|0|0,0|0|3|0|1|0|0|0|x,120.0,-140.0,129.0,-149.0,,8.5,sbro,,,,,BHAWKSWOR-R,RDICKEY-R,,,,,,,,
2010,2010-07-29,ATL,WAS,3.0,5.0,False,0|0|0|2|0|1|0|0|0,0|2|0|2|0|0|0|1|x,-140.0,120.0,-139.0,119.0,,8.5,sbro,,,,,DLOWE-R,SOLSEN-L,,,,,,,,
2010,2010-07-29,PIT,COL,3.0,9.0,False,1|0|0|0|0|0|0|2|0,1|4|0|0|1|2|1|0|x,240.0,-280.0,230.0,-270.0,,8.5,sbro,,,,,PMAHOLM-L,UJIMENEZ-R,,,,,,,,
2010,2010-07-29,MIA,SFO,5.0,0.0,False,0|1|0|2|0|0|0|2|0,0|0|0|0|0|0|0|0|0,130.0,-150.0,132.0,-152.0,,7.5,sbro,,,,,ASANCHEZ-R,MBUMGARNR-L,,,,,,,,
2010,2010-07-29,LOS,SDG,2.0,3.0,False,0|1|0|0|1|0|0|0|0,1|0|0|1|0|0|0|0|1,120.0,-140.0,132.0,-152.0,,6.0,sbro,,,,,VPADILLA-R,MLATOS-R,,,,,,,,
2010,2010-07-29,ARI,PHI,2.0,3.0,False,0|0|0|0|0|0|1|0|1,0|0|0|0|1|1|0|0|0,150.0,-170.0,133.0,-153.0,,9.5,sbro,,,,,JSAUNDERS-L,KKENDRICK-R,,,,,,,,
2010,2010-07-29,DET,TAM,2.0,4.0,False,0|0|1|0|0|0|1|0|0,0|1|2|0|0|0|0|1|x,200.0,-240.0,200.0,-240.0,,8.0,sbro,,,,,RPORCELLO-R,DPRICE-L,,,,,,,,
2010,2010-07-29,NYY,CLE,11.0,4.0,False,0|0|1|0|0|1|7|2|0,1|0|0|0|0|0|0|0|3,-150.0,130.0,-148.0,128.0,,9.5,sbro,,,,,DMOSELEY-R,MTALBOT-R,,,,,,,,
2010,2010-07-29,OAK,TEX,4.0,7.0,False,1|0|0|0|0|2|0|0|1,2|0|1|0|1|3|0|0|x,170.0,-200.0,170.0,-200.0,,8.5,sbro,,,,,VMAZZARO-R,CWILSON-L,,,,,,,,
2010,2010-07-29,BAL,KAN,6.0,5.0,False,1|1|1|0|0|1|0|1|0,0|0|0|5|0|0|0|0|0,110.0,-130.0,107.0,-127.0,,9.5,sbro,,,,,BMATUSZ-L,KDAVIES-R,,,,,,,,
2010,2010-07-29,SEA,CWS,5.0,9.0,False,1|0|1|0|0|1|2|0|0,0|0|4|1|0|2|2|0|x,155.0,-175.0,152.0,-172.0,,9.0,sbro,,,,,DPAULEY-R,FGARCIA-R,,,,,,,,
2010,2010-07-30,PHI,WAS,1.0,8.0,False,0|0|0|0|0|0|1|0|0,1|0|2|0|2|0|3|0|x,-155.0,135.0,-169.0,149.0,,8.0,sbro,,,,,ROSWALT-R,CSTAMMEN-R,,,,,,,,
2010,2010-07-30,ATL,CIN,6.0,4.0,False,0|0|1|0|2|1|0|0|0,0|0|3|0|0|0|0|1|0,110.0,-130.0,115.0,-135.0,,8.5,sbro,,,,,KMEDLEN-R,JCUETO-R,,,,,,,,
2010,2010-07-30,ARI,NYM,9.0,6.0,False,3|0|1|0|0|5|0|0|0,3|0|2|0|0|0|1|0|0,120.0,-140.0,123.0,-143.0,,8.0,sbro,,,,,IKENNEDY-R,MPELFREY-R,,,,,,,,
2010,2010-07-30,MIL,HOU,0.0,5.0,False,0|0|0|0|0|0|0|0|0,0|1|0|3|0|0|0|1|x,-109.0,-111.0,-113.0,-107.0,,9.0,sbro,,,,,MPARRA-L,JHAPP-L,,,,,,,,
2010,2010-07-30,PIT,STL,0.0,1.0,False,0|0|0|0|0|0|0|0|0,0|0|0|0|0|0|0|0|0,250.0,-300.0,280.0,-330.0,,7.5,sbro,,,,,JKARSTENS-R,CARPENTER-R,,,,,,,,
2010,2010-07-30,CUB,COL,2.0,17.0,False,0|0|0|0|0|2|0|0|0,0|0|3|0|2|0|0|12|x,-107.0,-113.0,107.0,-127.0,,9.0,sbro,,,,,RDEMPSTER-R,JFRANCIS-L,,,,,,,,
2010,2010-07-30,MIA,SDG,4.0,2.0,False,0|0|2|1|0|1|0|0|0,1|0|0|0|0|1|0|0|0,113.0,-133.0,130.0,-150.0,,7.0,sbro,,,,,CVOLSTAD-R,WLEBLANC-L,,,,,,,,
2010,2010-07-30,LOS,SFO,5.0,6.0,False,0|1|1|0|0|0|0|0|3,0|1|2|0|0|2|1|0|x,157.0,-177.0,180.0,-210.0,,7.0,sbro,,,,,CMONASTER-R,TLINCECUM-R,,,,,,,,
2010,2010-07-30,CLE,TOR,1.0,8.0,False,0|0|0|0|1|0|0|0|0,0|0|1|6|0|1|0|0|x,160.0,-180.0,169.0,-189.0,,8.5,sbro,,,,,MASTERSON-R,SMARCUM-R,,,,,,,,
2010,2010-07-30,DET,BOS,6.0,5.0,False,1|1|0|0|2|0|0|2|0,0|0|0|0|1|0|0|0|4,230.0,-270.0,220.0,-260.0,,8.5,sbro,,,,,AGALARRAG-R,JLESTER-L,,,,,,,,
2010,2010-07-30,NYY,TAM,2.0,3.0,False,2|0|0|0|0|0|0|0|0,0|0|0|0|0|3|0|0|x,-120.0,100.0,-112.0,-108.0,,9.0,sbro,,,,,PHUGHES-R,WDAVIS-R,,,,,,,,
2010,2010-07-30,BAL,KAN,5.0,7.0,False,0|1|1|0|0|1|0|2|0,3|0|0|0|0|1|0|0|3,115.0,-135.0,112.0,-132.0,,9.5,sbro,,,,,JARRIETA-R,O'SULLIVAN-R,,,,,,,,
2010,2010-07-30,OAK,CWS,1.0,6.0,False,0|0|0|1|0|0|0|0|0,1|0|0|3|0|1|1|0|x,-120.0,100.0,-116.0,-104.0,,9.0,sbro,,,,,BANDERSON-L,LHARRELL-R,,,,,,,,
2010,2010-07-30,SEA,MIN,3.0,5.0,False,0|0|0|0|0|3|0|0|0,0|2|1|0|2|0|0|0|x,160.0,-180.0,169.0,-189.0,,8.0,sbro,,,,,DFISTER-R,SBAKER-R,,,,,,,,
2010,2010-07-30,TEX,LAA,7.0,9.0,False,3|2|1|1|0|0|0|0|0,0|4|0|4|0|1|0|0|x,120.0,-140.0,-105.0,-115.0,,8.5,sbro,,,,,THUNTER-R,ESANTANA-R,,,,,,,,
2010,2010-07-31,LOS,SFO,1.0,2.0,False,0|0|0|0|0|0|1|0|0,0|0|0|0|0|0|0|2|x,-105.0,-105.0,-110.0,-110.0,,7.5,sbro,,,,,BILLNGSLEY-R,BZITO-L,,,,,,,,
2010,2010-07-31,PHI,WAS,5.0,7.0,False,0|0|0|1|0|1|2|0|1,3|0|0|0|0|1|0|0|3,-130.0,110.0,-132.0,112.0,,9.0,sbro,,,,,JBLANTON-R,RDETWILER-L,,,,,,,,
2010,2010-07-31,MIL,HOU,0.0,6.0,False,0|0|0|0|0|0|0|0|0,2|3|0|0|1|0|0|0|x,-111.0,-109.0,-103.0,-117.0,,8.0,sbro,,,,,DBUSH-R,WRODRIGEZ-L,,,,,,,,
2010,2010-07-31,ATL,CIN,2.0,5.0,False,2|0|0|0|0|0|0|0|0,0|0|0|1|0|0|4|0|x,-105.0,-105.0,-110.0,-110.0,,8.5,sbro,,,,,JJURRJENS-R,BARROYO-R,,,,,,,,
2010,2010-07-31,ARI,NYM,4.0,5.0,False,0|0|1|0|0|0|3|0|0,0|0|1|0|1|0|2|0|1,110.0,-130.0,126.0,-146.0,,8.5,sbro,,,,,BENRIGHT-R,HTAKAHASH-L,,,,,,,,
2010,2010-07-31,PIT,STL,1.0,11.0,False,0|0|0|0|0|0|0|1|0,0|1|0|1|1|1|2|5|x,152.0,-172.0,167.0,-187.0,,9.5,sbro,,,,,DMCCUTCHE-R,JSUPPAN-R,,,,,,,,
2010,2010-07-31,CUB,COL,5.0,6.0,False,0|0|0|0|2|0|0|3|0,0|3|1|0|0|0|1|0|1,125.0,-145.0,141.0,-161.0,,9.0,sbro,,,,,GORZELANNY-L,JHAMMEL-R,,,,,,,,
2010,2010-07-31,MIA,SDG,6.0,3.0,False,0|2|0|0|0|1|1|0|2,0|0|0|0|0|1|0|0|2,-113.0,-107.0,-105.0,-115.0,,6.5,sbro,,,,,RNOLASCO-R,KCORREIA-R,,,,,,,,
2010,2010-07-31,CLE,TOR,2.0,1.0,False,0|0|0|1|0|0|1|0|0,0|0|0|0|1|0|0|0|0,152.0,-172.0,180.0,-210.0,,8.5,sbro,,,,,JTOMLIN-R,BCECIL-L,,,,,,,,
2010,2010-07-31,SEA,MIN,0.0,4.0,False,0|0|0|0|0|0|0|0|0,3|0|0|0|0|0|0|1|x,-110.0,-110.0,-104.0,-116.0,,7.5,sbro,,,,,FHERNANDZ-R,KSLOWEY-R,,,,,,,,
2010,2010-07-31,DET,BOS,4.0,5.0,False,2|1|0|1|0|0|0|0|0,0|0|0|0|0|0|2|0|3,134.0,-154.0,162.0,-182.0,,8.5,sbro,,,,,MSCHERZER-R,DMATSUZAK-R,,,,,,,,
2010,2010-07-31,OAK,CWS,6.0,2.0,False,0|4|1|0|0|0|0|1|0,0|0|0|0|0|0|2|0|0,117.0,-137.0,142.0,-162.0,,7.5,sbro,,,,,DBRADEN-L,JDANKS-L,,,,,,,,
2010,2010-07-31,BAL,KAN,3.0,4.0,False,0|0|0|0|0|3|0|0|0,0|0|1|0|0|0|1|2|x,190.0,-220.0,200.0,-240.0,,8.5,sbro,,,,,BBERGESEN-R,ZGREINKE-R,,,,,,,,
2010,2010-07-31,NYY,TAM,5.0,4.0,False,0|1|0|0|0|2|1|0|1,1|0|1|0|1|1|0|0|0,-106.0,-114.0,-105.0,-115.0,,8.5,sbro,,,,,JVAZQUEZ-R,MGARZA-R,,,,,,,,
2010,2010-07-31,TEX,LAA,2.0,1.0,False,0|0|0|2|0|0|0|0|0,0|0|0|0|0|0|1|0|0,120.0,-140.0,130.0,-150.0,,9.0,sbro,,,,,RHARDEN-R,DHAREN-R,,,,,,,,
2010,2010-08-01,ATL,CIN,1.0,2.0,False,0|1|0|0|0|0|0|0|0,0|0|0|0|2|0|0|0|x,-120.0,100.0,-119.0,-101.0,,8.5,sbro,,,,,THANSON-R,EVOLQUEZ-R,,,,,,,,
2010,2010-08-01,ARI,NYM,14.0,1.0,False,0|0|0|3|5|0|2|1|3,0|0|0|1|0|0|0|0|0,145.0,-165.0,153.0,-173.0,,8.5,sbro,,,,,DHUDSON-R,JNIESE-L,,,,,,,,
2010,2010-08-01,PHI,WAS,6.0,4.0,False,2|0|0|0|0|0|2|0|0,0|0|0|2|0|2|0|0|0,-165.0,145.0,-173.0,153.0,,9.0,sbro,,,,,CHAMELS-L,JLANNAN-L,,,,,,,,
2010,2010-08-01,MIL,HOU,2.0,5.0,False,0|0|0|0|0|2|0|0|0,0|0|0|0|0|0|4|1|x,-140.0,120.0,-130.0,110.0,,9.0,sbro,,,,,RWOLF-L,WWRIGHT-L,,,,,,,,
2010,2010-08-01,PIT,STL,1.0,9.0,False,0|1|0|0|0|0|0|0|0,0|0|1|0|5|0|0|3|x,270.0,-320.0,270.0,-320.0,,7.0,sbro,,,,,ZDUKE-L,WAINWRIGHT-R,,,,,,,,
2010,2010-08-01,CUB,COL,7.0,8.0,False,0|1|0|0|0|0|2|1|3,2|4|0|0|2|0|0|0|x,125.0,-145.0,130.0,-150.0,,9.0,sbro,,,,,CSILVA-R,DELAROSA-L,,,,,,,,
2010,2010-08-01,MIA,SDG,4.0,5.0,False,0|1|1|0|0|1|0|0|1,2|0|0|0|0|3|0|0|x,-130.0,110.0,-140.0,120.0,,6.0,sbro,,,,,JJOHNSON-R,JGARLAND-R,,,,,,,,
2010,2010-08-01,LOS,SFO,0.0,2.0,False,0|0|0|0|0|0|0|0|0,0|0|0|0|0|2|0|0|x,-105.0,-115.0,-110.0,-110.0,,6.5,sbro,,,,,CKERSHAW-L,MCAIN-R,,,,,,,,
2010,2010-08-01,CLE,TOR,5.0,4.0,False,2|0|0|0|2|1|0|0|0,0|1|1|0|0|0|2|0|0,155.0,-175.0,142.0,-162.0,,9.0,sbro,,,,,JGOMEZ-R,JLITSCH-R,,,,,,,,
2010,2010-08-01,DET,BOS,3.0,4.0,False,0|0|0|0|0|0|0|0|3,0|1|2|0|0|0|0|0|1,130.0,-150.0,119.0,-139.0,,8.0,sbro,,,,,VERLANDER-R,CBUCHHOLZ-R,,,,,,,,
2010,2010-08-01,NYY,TAM,0.0,3.0,False,0|0|0|0|0|0|0|0|0,0|1|2|0|0|0|0|0|x,-140.0,120.0,-137.0,117.0,,8.0,sbro,,,,,CSABATHIA-L,JSHIELDS-R,,,,,,,,
2010,2010-08-01,OAK,CWS,1.0,4.0,False,0|0|0|0|0|1|0|0|0,0|0|0|0|4|0|0|0|x,130.0,-150.0,146.0,-166.0,,8.0,sbro,,,,,GGONZALEZ-L,GFLOYD-R,,,,,,,,
2010,2010-08-01,BAL,KAN,4.0,5.0,False,0|1|1|0|0|1|1|0|0,3|0|0|1|0|1|0|0|x,125.0,-145.0,120.0,-140.0,,10.0,sbro,,,,,KMILLWOOD-R,BCHEN-L,,,,,,,,
2010,2010-08-01,SEA,MIN,0.0,4.0,False,0|0|0|0|0|0|0|0|0,0|0|0|0|0|4|0|0|x,270.0,-320.0,250.0,-300.0,,8.0,sbro,,,,,LFRENCH-L,FLIRIANO-L,,,,,,,,
2010,2010-08-01,TEX,LAA,1.0,4.0,False,0|0|0|0|0|1|0|0|0,2|0|0|1|0|0|0|1|x,-140.0,120.0,-127.0,107.0,,7.0,sbro,,,,,CLEE-L,JERWEAVER-R,,,,,,,,
2010,2010-08-02,CIN,PIT,4.0,0.0,False,1|0|1|1|0|0|0|1|0,0|0|0|0|0|0|0|0|0,-159.0,139.0,-137.0,117.0,,8.0,sbro,,,,,TWOOD-L,ROHLENDOR-R,,,,,,,,
2010,2010-08-02,NYM,ATL,1.0,4.0,False,0|0|0|0|1|0|0|0|0,3|0|0|0|0|0|1|0|x,110.0,-130.0,120.0,-140.0,,6.5,sbro,,,,,JOSANTANA-L,THUDSON-R,,,,,,,,
2010,2010-08-02,MIL,CUB,18.0,1.0,False,0|0|0|5|5|1|2|3|2,0|0|0|1|0|0|0|0|0,-110.0,-110.0,-115.0,-105.0,,8.0,sbro,,,,,YGALLARDO-R,RWELLS-R,,,,,,,,
2010,2010-08-02,HOU,STL,9.0,4.0,False,0|0|0|2|0|0|0|3|4,1|0|0|2|0|0|1|0|0,125.0,-145.0,140.0,-160.0,,7.5,sbro,,,,,BMYERS-R,WESTBROOK-R,,,,,,,,
2010,2010-08-02,WAS,ARI,3.0,1.0,False,1|1|1|0|0|0|0|0|0,0|1|0|0|0|0|0|0|0,-101.0,-119.0,105.0,-125.0,,9.5,sbro,,,,,LHERNADEZ-R,RLOPEZ-R,,,,,,,,
2010,2010-08-02,SDG,LOS,10.0,5.0,False,0|0|0|5|2|3|0|0|0,0|0|0|2|0|2|0|1|0,110.0,-130.0,114.0,-134.0,,6.5,sbro,,,,,CRICHARD-L,HKURODA-R,,,,,,,,
2010,2010-08-02,TOR,NYY,8.0,6.0,False,0|1|0|0|7|0|0|0|0,2|0|0|0|2|1|0|0|1,157.0,-177.0,169.0,-189.0,,9.5,sbro,,,,,BMORROW-R,ABURNETT-R,,,,,,,,
2010,2010-08-02,MIN,TAM,2.0,4.0,False,0|0|0|1|0|1|0|0|0,0|0|1|0|3|0|0|0|x,-113.0,-107.0,100.0,-120.0,,8.0,sbro,,,,,CPAVANO-R,JHELLICKS-R,,,,,,,,
2010,2010-08-02,CLE,BOS,6.0,5.0,False,0|0|0|2|1|3|0|0|0,0|1|0|0|0|0|1|3|0,170.0,-200.0,170.0,-200.0,,9.0,sbro,,,,,FCARMONA-R,JLACKEY-R,,,,,,,,
2010,2010-08-02,KAN,OAK,0.0,6.0,False,0|0|0|0|0|0|0|0|0,1|0|0|2|2|0|0|1|x,173.0,-193.0,200.0,-230.0,,7.5,sbro,,,,,BBANNISTR-R,TCAHILL-R,,,,,,,,
2010,2010-08-03,CIN,PIT,6.0,7.0,False,0|0|0|1|0|2|1|2|0,0|6|0|0|1|0|0|0|x,-134.0,114.0,-130.0,110.0,,8.0,sbro,,,,,MLEAKE-R,PMAHOLM-L,,,,,,,,
2010,2010-08-03,NYM,ATL,3.0,2.0,False,0|0|1|0|0|0|1|0|1,0|1|0|0|0|1|0|0|0,120.0,-140.0,118.0,-138.0,,7.5,sbro,,,,,RDICKEY-R,DLOWE-R,,,,,,,,
2010,2010-08-03,PHI,MIA,6.0,1.0,False,0|2|0|2|1|0|1|0|0,0|1|0|0|0|0|0|0|0,-210.0,180.0,-185.0,165.0,,7.5,sbro,,,,,RHALLADAY-R,SWEST-L,,,,,,,,
2010,2010-08-03,MIL,CUB,4.0,3.0,False,1|0|1|1|0|0|1|0|0,1|0|0|0|0|0|1|0|1,-110.0,-110.0,-112.0,-108.0,,9.5,sbro,,,,,CNARVESON-L,TDIAMOND-R,,,,,,,,
2010,2010-08-03,HOU,STL,18.0,4.0,False,0|5|1|0|0|4|4|4|0,1|0|0|2|0|1|0|0|0,190.0,-220.0,190.0,-220.0,,7.5,sbro,,,,,BNORRIS-R,JGARCIA-L,,,,,,,,
2010,2010-08-03,SFO,COL,10.0,0.0,False,4|0|1|1|0|1|0|0|3,0|0|0|0|0|0|0|0|0,110.0,-130.0,117.0,-137.0,,9.5,sbro,,,,,JSANCHEZ-L,ACOOK-R,,,,,,,,
2010,2010-08-03,WAS,ARI,1.0,6.0,False,1|0|0|0|0|0|0|0|0,0|0|1|3|0|1|1|0|x,110.0,-130.0,114.0,-134.0,,9.5,sbro,,,,,SOLSEN-L,JSAUNDERS-L,,,,,,,,
2010,2010-08-03,SDG,LOS,1.0,2.0,False,1|0|0|0|0|0|0|0|0,0|2|0|0|0|0|0|0|x,-113.0,-107.0,-113.0,-107.0,,6.5,sbro,,,,,MLATOS-R,TLILLY-L,,,,,,,,
2010,2010-08-03,LAA,BAL,3.0,6.0,False,0|0|0|0|2|0|1|0|0,0|0|0|0|1|4|0|1|x,-114.0,-106.0,-112.0,-108.0,,9.5,sbro,,,,,TBELL-R,JGUTHRIE-R,,,,,,,,
2010,2010-08-03,CWS,DET,1.0,7.0,False,0|0|0|0|0|0|1|0|0,1|4|0|0|0|0|0|2|x,-105.0,-115.0,-105.0,-115.0,,9.0,sbro,,,,,CTORRES-R,BONDERMAN-R,,,,,,,,
2010,2010-08-03,TOR,NYY,8.0,2.0,False,0|1|0|3|0|0|0|2|2,2|0|0|0|0|0|0|0|0,120.0,-140.0,133.0,-153.0,,9.5,sbro,,,,,RROMERO-L,DMOSELEY-R,,,,,,,,
2010,2010-08-03,CLE,BOS,1.0,3.0,False,0|0|1|0|0|0|0|0|0,0|2|0|1|0|0|0|0|x,220.0,-260.0,220.0,-260.0,,9.5,sbro,,,,,DHUFF-L,JBECKETT-R,,,,,,,,
2010,2010-08-03,MIN,TAM,4.0,6.0,False,1|0|1|0|0|0|1|0|1,3|0|0|0|0|0|3|0|x,125.0,-145.0,137.0,-157.0,,8.0,sbro,,,,,BDUENSING-L,JNIEMANN-R,,,,,,,,
2010,2010-08-03,KAN,OAK,3.0,2.0,False,0|1|0|0|1|0|0|0|1,0|0|0|1|1|0|0|0|0,160.0,-180.0,157.0,-177.0,,8.0,sbro,,,,,KDAVIES-R,VMAZZARO-R,,,,,,,,
2010,2010-08-03,TEX,SEA,2.0,3.0,False,0|0|1|1|0|0|0|0|0,0|0|1|1|1|0|0|0|x,-140.0,120.0,-151.0,131.0,,7.0,sbro,,,,,CLEWIS-R,JVARGAS-L,,,,,,,,
2010,2010-08-03,CWS,DET,12.0,2.0,False,0|0|4|1|2|0|4|1|0,0|0|1|0|0|0|0|1|0,-115.0,-105.0,-114.0,-106.0,,8.5,sbro,,,,,MBUEHRLE-L,RPORCELLO-R,,,,,,,,
2010,2010-08-04,CIN,PIT,9.0,4.0,False,0|1|0|1|1|0|6|0|0,1|0|0|0|0|0|2|0|1,-147.0,127.0,-159.0,139.0,,7.5,sbro,,,,,JCUETO-R,JKARSTENS-R,,,,,,,,
2010,2010-08-04,MIL,CUB,3.0,15.0,False,0|0|0|0|3|0|0|0|0,0|0|1|0|0|6|3|5|x,122.0,-142.0,125.0,-145.0,,9.0,sbro,,,,,MPARRA-L,RDEMPSTER-R,,,,,,,,
2010,2010-08-04,SFO,COL,1.0,6.0,False,0|0|0|0|0|1|0|0|0,0|2|0|0|2|2|0|0|x,155.0,-175.0,156.0,-176.0,,8.0,sbro,,,,,MBUMGARNR-L,UJIMENEZ-R,,,,,,,,
2010,2010-08-04,PHI,MIA,7.0,2.0,False,2|0|0|0|2|1|0|0|2,0|1|0|0|1|0|0|0|0,-104.0,-116.0,116.0,-136.0,,8.5,sbro,,,,,KKENDRICK-R,ASANCHEZ-R,,,,,,,,
2010,2010-08-04,NYM,ATL,3.0,8.0,False,0|1|1|0|0|0|1|0|0,1|0|2|0|2|2|0|1|x,125.0,-145.0,145.0,-165.0,,8.5,sbro,,,,,MPELFREY-R,KMEDLEN-R,,,,,,,,
2010,2010-08-04,HOU,STL,4.0,8.0,False,0|2|0|0|0|0|0|0|2,4|3|0|0|0|0|0|1|x,205.0,-235.0,200.0,-240.0,,7.0,sbro,,,,,JHAPP-L,CARPENTER-R,,,,,,,,
2010,2010-08-04,WAS,ARI,7.0,2.0,False,2|0|1|1|0|0|2|1|0,1|0|0|0|0|0|0|1|0,117.0,-137.0,126.0,-146.0,,9.0,sbro,,,,,CSTAMMEN-R,IKENNEDY-R,,,,,,,,
2010,2010-08-04,SDG,LOS,0.0,9.0,False,0|0|0|0|0|0|0|0|0,0|3|1|0|0|0|0|5|x,113.0,-133.0,121.0,-141.0,,7.0,sbro,,,,,WLEBLANC-L,VPADILLA-R,,,,,,,,
2010,2010-08-04,TOR,NYY,1.0,5.0,False,0|0|0|1|0|0|0|0|0,2|0|1|0|2|0|0|0|x,160.0,-180.0,162.0,-182.0,,9.5,sbro,,,,,SMARCUM-R,PHUGHES-R,,,,,,,,
2010,2010-08-04,KAN,OAK,3.0,4.0,False,2|0|0|0|0|0|0|1|0,0|0|0|0|0|4|0|0|x,152.0,-172.0,169.0,-189.0,,7.5,sbro,,,,,O'SULLIVAN-R,BANDERSON-L,,,,,,,,
2010,2010-08-04,CWS,DET,4.0,1.0,False,1|0|0|2|0|1|0|0|0,0|0|0|0|0|0|0|1|0,-113.0,-107.0,-104.0,-116.0,,9.0,sbro,,,,,EJACKSON-R,AGALARRAG-R,,,,,,,,
2010,2010-08-04,LAA,BAL,7.0,9.0,False,0|0|0|1|0|0|5|0|1,0|3|1|5|0|0|0|0|x,-140.0,120.0,-145.0,125.0,,9.0,sbro,,,,,ESANTANA-R,BMATUSZ-L,,,,,,,,
2010,2010-08-04,CLE,BOS,9.0,1.0,False,0|0|1|0|2|1|5|0|0,0|0|0|0|0|1|0|0|0,240.0,-280.0,210.0,-250.0,,8.5,sbro,,,,,MASTERSON-R,JLESTER-L,,,,,,,,
2010,2010-08-04,MIN,TAM,2.0,1.0,False,0|1|0|0|0|0|0|0|0,0|0|0|0|0|0|0|0|1,152.0,-172.0,164.0,-184.0,,8.0,sbro,,,,,SBAKER-R,DPRICE-L,,,,,,,,
2010,2010-08-04,TEX,SEA,11.0,6.0,False,0|0|2|0|5|0|4|0|0,2|0|2|1|0|1|0|0|0,-145.0,125.0,-155.0,135.0,,7.0,sbro,,,,,CWILSON-L,DFISTER-R,,,,,,,,
2010,2010-08-05,COL,PIT,1.0,5.0,False,0|0|0|0|0|0|0|1|0,0|3|1|0|0|1|0|0|x,-149.0,129.0,-158.0,138.0,,8.5,sbro,,,,,JFRANCIS-L,JMCDONALD-R,,,,,,,,
2010,2010-08-05,SFO,ATL,2.0,3.0,False,1|1|0|0|0|0|0|0|0,0|2|0|0|0|1|0|0|x,-108.0,-112.0,-108.0,-112.0,,7.0,sbro,,,,,TLINCECUM-R,JJURRJENS-R,,,,,,,,
2010,2010-08-05,PHI,MIA,5.0,4.0,False,0|0|0|0|0|2|0|0|2,0|0|0|0|0|0|4|0|0,-116.0,-104.0,-125.0,105.0,,7.5,sbro,,,,,ROSWALT-R,CVOLSTAD-R,,,,,,,,
2010,2010-08-05,WAS,ARI,4.0,8.0,False,0|0|1|0|1|0|1|1|0,0|2|0|2|3|0|0|1|x,110.0,-130.0,118.0,-138.0,,9.5,sbro,,,,,RDETWILER-L,BENRIGHT-R,,,,,,,,
2010,2010-08-05,SDG,LOS,5.0,0.0,False,0|0|0|3|0|0|0|0|2,0|0|0|0|0|0|0|0|0,130.0,-150.0,143.0,-163.0,,7.0,sbro,,,,,KCORREIA-R,BILLNGSLEY-R,,,,,,,,
2010,2010-08-05,MIN,TAM,8.0,6.0,False,4|0|0|0|1|1|0|0|2,0|0|0|0|0|0|0|6|0,130.0,-150.0,129.0,-149.0,,8.5,sbro,,,,,KSLOWEY-R,WDAVIS-R,,,,,,,,
2010,2010-08-05,CWS,DET,6.0,4.0,False,0|0|0|0|2|0|0|0|2,0|0|0|0|0|0|1|0|3,113.0,-133.0,130.0,-150.0,,8.5,sbro,,,,,FGARCIA-R,MSCHERZER-R,,,,,,,,
2010,2010-08-05,LAA,BAL,4.0,5.0,False,0|0|0|0|0|0|0|4|0,0|0|0|0|0|2|2|0|1,-160.0,140.0,-175.0,155.0,,9.0,sbro,,,,,DHAREN-R,JARRIETA-R,,,,,,,,
2010,2010-08-05,CLE,BOS,2.0,6.0,False,1|0|0|0|0|0|0|0|1,0|0|0|4|0|0|0|2|x,170.0,-200.0,170.0,-200.0,,9.0,sbro,,,,,JTOMLIN-R,DMATSUZAK-R,,,,,,,,
2010,2010-08-05,TEX,SEA,6.0,0.0,False,0|0|0|0|0|0|3|3|0,0|0|0|0|0|0|0|0|0,-107.0,-113.0,100.0,-120.0,,6.5,sbro,,,,,THUNTER-R,FHERNANDZ-R,,,,,,,,
2010,2010-08-06,CIN,CUB,3.0,0.0,False,0|2|0|0|0|0|1|0|0,0|0|0|0|0|0|0|0|0,-115.0,-105.0,-122.0,102.0,,8.5,sbro,,,,,BARROYO-R,GORZELANNY-L,,,,,,,,
2010,2010-08-06,NYM,PHI,5.0,7.0,False,0|0|1|1|0|0|0|0|3,1|0|0|0|0|0|0|6|x,105.0,-125.0,109.0,-129.0,,8.5,sbro,,,,,JNIESE-L,JBLANTON-R,,,,,,,,
2010,2010-08-06,COL,PIT,6.0,3.0,False,1|0|2|0|0|0|1|0|2,0|0|0|0|0|3|0|0|0,-150.0,130.0,-136.0,116.0,,7.5,sbro,,,,,JHAMMEL-R,ZDUKE-L,,,,,,,,
2010,2010-08-06,STL,MIA,7.0,0.0,False,3|0|1|3|0|0|0|0|0,0|0|0|0|0|0|0|0|0,-150.0,130.0,-126.0,106.0,,6.5,sbro,,,,,WAINWRIGHT-R,RNOLASCO-R,,,,,,,,
2010,2010-08-06,SFO,ATL,3.0,2.0,False,1|0|0|0|0|0|0|0|1,0|0|0|0|1|1|0|0|0,130.0,-150.0,134.0,-154.0,,7.0,sbro,,,,,BZITO-L,THANSON-R,,,,,,,,
2010,2010-08-06,HOU,MIL,5.0,6.0,False,0|0|2|0|1|0|1|0|1,0|1|0|0|1|0|0|0|4,105.0,-125.0,106.0,-126.0,,8.0,sbro,,,,,WRODRIGEZ-L,DBUSH-R,,,,,,,,
2010,2010-08-06,SDG,ARI,1.0,2.0,False,0|0|1|0|0|0|0|0|0,0|1|1|0|0|0|0|0|x,-120.0,100.0,-110.0,-110.0,,9.5,sbro,,,,,JGARLAND-R,DHUDSON-R,,,,,,,,
2010,2010-08-06,WAS,LOS,6.0,3.0,False,3|0|3|0|0|0|0|0|0,0|0|0|3|0|0|0|0|0,210.0,-250.0,190.0,-220.0,,7.5,sbro,,,,,JLANNAN-L,CKERSHAW-L,,,,,,,,
2010,2010-08-06,LAA,DET,4.0,2.0,False,2|2|0|0|0|0|0|0|0,0|0|1|1|0|0|0|0|0,-103.0,-117.0,-101.0,-119.0,,7.0,sbro,,,,,JERWEAVER-R,VERLANDER-R,,,,,,,,
2010,2010-08-06,CWS,BAL,1.0,2.0,False,0|0|1|0|0|0|0|0|0,1|0|0|0|0|0|0|0|0,-167.0,147.0,-166.0,146.0,,9.0,sbro,,,,,JDANKS-L,BBERGESEN-R,,,,,,,,
2010,2010-08-06,MIN,CLE,6.0,7.0,False,0|0|1|0|0|0|2|1|2,3|1|0|0|0|1|0|1|1,-170.0,150.0,-170.0,150.0,,8.0,sbro,,,,,FLIRIANO-L,JGOMEZ-R,,,,,,,,
2010,2010-08-06,TAM,TOR,1.0,2.0,False,1|0|0|0|0|0|0|0|0,0|0|1|0|0|0|1|0|x,-120.0,100.0,-119.0,-101.0,,8.5,sbro,,,,,MGARZA-R,BCECIL-L,,,,,,,,
2010,2010-08-06,BOS,NYY,6.0,3.0,False,1|3|0|0|0|2|0|0|0,2|0|0|0|1|0|0|0|0,130.0,-150.0,138.0,-158.0,,9.0,sbro,,,,,CBUCHHOLZ-R,JVAZQUEZ-R,,,,,,,,
2010,2010-08-06,TEX,OAK,5.0,1.0,False,0|0|1|1|2|0|0|1|0,1|0|0|0|0|0|0|0|0,-170.0,150.0,-152.0,132.0,,6.5,sbro,,,,,CLEE-L,DBRADEN-L,,,,,,,,
2010,2010-08-06,KAN,SEA,1.0,7.0,False,0|0|1|0|0|0|0|0|0,0|0|2|2|0|2|0|1|x,-170.0,150.0,-150.0,130.0,,7.0,sbro,,,,,ZGREINKE-R,LFRENCH-L,,,,,,,,
2010,2010-08-07,CIN,CUB,4.0,3.0,False,0|0|1|0|0|0|0|2|1,0|0|1|0|0|0|0|0|2,-111.0,-109.0,-113.0,-107.0,,9.0,sbro,,,,,EVOLQUEZ-R,RWELLS-R,,,,,,,,
2010,2010-08-07,SFO,ATL,0.0,3.0,False,0|0|0|0|0|0|0|0|0,0|0|0|3|0|0|0|0|x,120.0,-140.0,113.0,-133.0,,7.0,sbro,,,,,MCAIN-R,THUDSON-R,,,,,,,,
2010,2010-08-07,COL,PIT,7.0,8.0,False,0|0|0|1|0|0|1|0|3,0|0|0|0|0|3|1|1|0,-135.0,115.0,-144.0,124.0,,8.0,sbro,,,,,DELAROSA-L,ROHLENDOR-R,,,,,,,,
2010,2010-08-07,NYM,PHI,1.0,0.0,False,0|0|0|0|0|0|1|0|0,0|0|0|0|0|0|0|0|0,104.0,-124.0,107.0,-127.0,,7.0,sbro,,,,,JOSANTANA-L,CHAMELS-L,,,,,,,,
2010,2010-08-07,HOU,MIL,2.0,5.0,False,0|0|0|0|0|0|2|0|0,2|0|0|0|0|2|1|0|x,110.0,-130.0,111.0,-131.0,,8.0,sbro,,,,,BMYERS-R,RWOLF-L,,,,,,,,
2010,2010-08-07,STL,MIA,4.0,5.0,False,0|0|0|2|0|0|0|0|2,1|0|0|1|0|0|1|0|1,160.0,-180.0,142.0,-162.0,,6.5,sbro,,,,,WESTBROOK-R,JJOHNSON-R,,,,,,,,
2010,2010-08-07,SDG,ARI,5.0,6.0,False,0|0|0|0|0|3|0|0|2,1|0|0|4|0|0|0|0|1,-120.0,100.0,-141.0,121.0,,9.0,sbro,,,,,CRICHARD-L,RLOPEZ-R,,,,,,,,
2010,2010-08-07,WAS,LOS,2.0,3.0,False,2|0|0|0|0|0|0|0|0,0|0|0|2|0|0|0|0|0,154.0,-174.0,150.0,-170.0,,7.5,sbro,,,,,LHERNADEZ-R,HKURODA-R,,,,,,,,
2010,2010-08-07,TAM,TOR,11.0,17.0,False,0|0|2|0|3|0|2|0|4,1|2|3|2|5|1|3|0|x,-181.0,161.0,-138.0,118.0,,9.0,sbro,,,,,JSHIELDS-R,BMILLS-L,,,,,,,,
2010,2010-08-07,BOS,NYY,2.0,5.0,False,0|2|0|0|0|0|0|0|0,0|2|0|0|2|1|0|0|x,165.0,-185.0,190.0,-220.0,,9.0,sbro,,,,,JLACKEY-R,CSABATHIA-L,,,,,,,,
2010,2010-08-07,MIN,CLE,7.0,2.0,False,0|1|1|0|0|0|1|3|1,0|0|0|2|0|0|0|0|0,-134.0,114.0,-137.0,117.0,,8.0,sbro,,,,,CPAVANO-R,FCARMONA-R,,,,,,,,
2010,2010-08-07,CWS,BAL,4.0,2.0,False,0|0|0|1|0|0|1|1|1,0|1|1|0|0|0|0|0|0,-157.0,137.0,-169.0,149.0,,9.0,sbro,,,,,GFLOYD-R,KMILLWOOD-R,,,,,,,,
2010,2010-08-07,LAA,DET,10.0,1.0,False,2|0|0|0|5|0|2|1|0,1|0|0|0|0|0|0|0|0,103.0,-123.0,118.0,-138.0,,9.5,sbro,,,,,SKAZMIR-L,BONDERMAN-R,,,,,,,,
2010,2010-08-07,TEX,OAK,2.0,6.0,False,0|0|0|0|0|0|0|1|1,2|1|0|1|0|2|0|0|x,-111.0,-109.0,-106.0,-114.0,,8.0,sbro,,,,,RHARDEN-R,GGONZALEZ-L,,,,,,,,
2010,2010-08-07,KAN,SEA,2.0,1.0,False,0|2|0|0|0|0|0|0|0,0|0|0|1|0|0|0|0|0,-106.0,-114.0,100.0,-120.0,,8.0,sbro,,,,,BCHEN-L,DPAULEY-R,,,,,,,,
2010,2010-08-08,NYM,PHI,5.0,6.0,False,2|0|0|0|0|1|2|0|0,0|1|5|0|0|0|0|0|x,175.0,-205.0,185.0,-215.0,,6.5,sbro,,,,,RDICKEY-R,RHALLADAY-R,,,,,,,,
2010,2010-08-08,COL,PIT,8.0,4.0,False,2|4|2|0|0|0|0|0|0,0|1|1|0|2|0|0|0|0,-105.0,-105.0,-107.0,-113.0,,9.0,sbro,,,,,EROGERS-R,PMAHOLM-L,,,,,,,,
2010,2010-08-08,SFO,ATL,3.0,6.0,False,0|1|0|0|0|1|1|0|0,0|3|0|1|1|0|0|1|x,110.0,-130.0,107.0,-127.0,,7.5,sbro,,,,,JSANCHEZ-L,DLOWE-R,,,,,,,,
2010,2010-08-08,HOU,MIL,6.0,11.0,False,2|0|0|2|0|0|0|1|1,4|0|4|3|0|0|0|0|x,190.0,-220.0,200.0,-240.0,,8.0,sbro,,,,,WWRIGHT-L,YGALLARDO-R,,,,,,,,
2010,2010-08-08,CIN,CUB,11.0,4.0,False,2|1|2|0|2|0|1|2|1,0|0|0|0|0|0|4|0|0,-130.0,110.0,-127.0,107.0,,11.5,sbro,,,,,TWOOD-L,TDIAMOND-R,,,,,,,,
2010,2010-08-08,WAS,LOS,3.0,8.0,False,0|2|0|0|1|0|0|0|0,4|0|0|1|0|1|0|2|x,164.0,-184.0,160.0,-180.0,,7.5,sbro,,,,,JMARQUIS-R,TLILLY-L,,,,,,,,
2010,2010-08-08,SDG,ARI,10.0,1.0,False,0|1|1|0|4|0|2|0|2,0|0|0|0|0|0|1|0|0,-132.0,112.0,-154.0,134.0,,8.5,sbro,,,,,MLATOS-R,JSAUNDERS-L,,,,,,,,
2010,2010-08-08,LAA,DET,4.0,9.0,False,0|0|0|1|0|2|1|0|0,0|0|0|0|3|3|0|3|x,110.0,-130.0,110.0,-130.0,,9.5,sbro,,,,,TBELL-R,RPORCELLO-R,,,,,,,,
2010,2010-08-08,MIN,CLE,5.0,4.0,False,0|0|0|0|5|0|0|0|0,3|1|0|0|0|0|0|0|0,-148.0,128.0,-155.0,135.0,,9.5,sbro,,,,,BDUENSING-L,DHUFF-L,,,,,,,,
2010,2010-08-08,TAM,TOR,0.0,1.0,False,0|0|0|0|0|0|0|0|0,1|0|0|0|0|0|0|0|x,-124.0,104.0,108.0,-128.0,,9.5,sbro,,,,,SONNANSTIN-R,BMORROW-R,,,,,,,,
2010,2010-08-08,CWS,BAL,3.0,4.0,False,0|0|0|0|1|0|0|0|2,0|1|0|0|0|2|1|0|x,-130.0,110.0,-125.0,105.0,,8.5,sbro,,,,,MBUEHRLE-L,JGUTHRIE-R,,,,,,,,
2010,2010-08-08,TEX,OAK,2.0,3.0,False,0|0|0|0|0|2|0|0|0,0|0|0|0|0|1|2|0|x,-107.0,-113.0,-107.0,-113.0,,7.0,sbro,,,,,CLEWIS-R,TCAHILL-R,,,,,,,,
2010,2010-08-08,KAN,SEA,2.0,3.0,False,0|0|0|0|0|1|0|0|1,0|0|0|0|0|2|0|1|x,125.0,-145.0,133.0,-153.0,,7.5,sbro,,,,,KDAVIES-R,JVARGAS-L,,,,,,,,
2010,2010-08-08,BOS,NYY,2.0,7.0,False,0|0|0|0|1|0|1|0|0,0|2|0|0|5|0|0|0|x,118.0,-138.0,-108.0,-112.0,,9.0,sbro,,,,,JBECKETT-R,DMOSELEY-R,,,,,,,,
2010,2010-08-09,STL,CIN,7.0,3.0,False,0|0|0|7|0|0|0|0|0,0|0|0|0|0|0|2|0|1,-134.0,114.0,-139.0,119.0,,7.5,sbro,,,,,CARPENTER-R,MLEAKE-R,,,,,,,,
2010,2010-08-09,ATL,HOU,4.0,10.0,False,0|1|1|0|0|2|0|0|0,0|0|0|3|0|1|6|0|x,-120.0,100.0,-138.0,118.0,,8.5,sbro,,,,,MMINOR-L,BNORRIS-R,,,,,,,,
2010,2010-08-09,ARI,MIL,7.0,4.0,False,1|0|1|0|0|1|0|0|1,1|1|2|0|0|0|0|0|0,101.0,-121.0,118.0,-138.0,,9.5,sbro,,,,,IKENNEDY-R,CNARVESON-L,,,,,,,,
2010,2010-08-09,CUB,SFO,3.0,4.0,False,2|0|0|0|0|1|0|0|0,0|0|0|0|2|1|0|0|0,132.0,-152.0,145.0,-165.0,,7.5,sbro,,,,,CZAMBRANO-R,MBUMGARNR-L,,,,,,,,
2010,2010-08-09,BOS,NYY,2.0,1.0,False,0|2|0|0|0|0|0|0|0,0|0|0|0|0|0|0|1|0,-113.0,-107.0,108.0,-128.0,,8.5,sbro,,,,,JLESTER-L,PHUGHES-R,,,,,,,,
2010,2010-08-09,TAM,DET,6.0,3.0,False,0|0|2|1|1|0|0|0|2,0|1|0|0|1|0|0|1|0,-150.0,130.0,-163.0,143.0,,8.5,sbro,,,,,DPRICE-L,AGALARRAG-R,,,,,,,,
2010,2010-08-09,CWS,BAL,2.0,3.0,False,0|0|1|0|0|0|0|0|1,0|0|0|0|0|2|0|0|0,-137.0,117.0,-133.0,113.0,,9.0,sbro,,,,,EJACKSON-R,BMATUSZ-L,,,,,,,,
2010,2010-08-09,KAN,LAA,4.0,6.0,False,0|0|0|0|1|0|2|1|0,1|2|0|2|0|0|1|0|x,170.0,-200.0,180.0,-210.0,,8.5,sbro,,,,,O'SULLIVAN-R,ESANTANA-R,,,,,,,,
2010,2010-08-09,OAK,SEA,1.0,3.0,False,0|0|0|0|0|1|0|0|0,2|0|0|1|0|0|0|0|x,-109.0,-111.0,-105.0,-105.0,,7.5,sbro,,,,,VMAZZARO-R,DFISTER-R,,,,,,,,
2010,2010-08-10,MIA,WAS,8.0,2.0,False,2|0|2|0|3|1|0|0|0,0|0|1|0|0|0|1|0|0,165.0,-185.0,158.0,-178.0,,7.0,sbro,,,,,ASANCHEZ-R,SSTRASBUR-R,,,,,,,,
2010,2010-08-10,LOS,PHI,15.0,9.0,False,1|0|2|4|0|4|2|0|2,0|0|0|1|3|1|2|0|2,-113.0,-107.0,-112.0,-108.0,,8.5,sbro,,,,,VPADILLA-R,KKENDRICK-R,,,,,,,,
2010,2010-08-10,COL,NYM,0.0,1.0,False,0|0|0|0|0|0|0|0|0,0|0|0|0|0|0|1|0|x,-150.0,130.0,-158.0,138.0,,7.5,sbro,,,,,UJIMENEZ-R,MPELFREY-R,,,,,,,,
2010,2010-08-10,STL,CIN,8.0,4.0,False,1|1|0|0|0|3|3|0|0,0|0|2|0|0|2|0|0|0,100.0,-120.0,112.0,-132.0,,8.5,sbro,,,,,JGARCIA-L,JCUETO-R,,,,,,,,
2010,2010-08-10,ATL,HOU,4.0,2.0,False,0|0|0|0|0|0|1|0|3,0|0|0|0|0|0|0|2|0,-130.0,110.0,-146.0,126.0,,8.0,sbro,,,,,JJURRJENS-R,JHAPP-L,,,,,,,,
2010,2010-08-10,ARI,MIL,2.0,1.0,False,0|0|0|0|1|0|0|1|0,0|1|0|0|0|0|0|0|0,110.0,-130.0,113.0,-133.0,,9.0,sbro,,,,,BENRIGHT-R,MPARRA-L,,,,,,,,
2010,2010-08-10,PIT,SDG,1.0,4.0,False,0|0|1|0|0|0|0|0|0,0|2|0|0|0|0|1|1|x,173.0,-193.0,180.0,-210.0,,7.0,sbro,,,,,JKARSTENS-R,WLEBLANC-L,,,,,,,,
2010,2010-08-10,CUB,SFO,8.0,6.0,False,4|0|0|2|0|0|0|2|0,1|1|0|0|0|0|2|0|2,155.0,-175.0,170.0,-200.0,,6.5,sbro,,,,,RDEMPSTER-R,TLINCECUM-R,,,,,,,,
2010,2010-08-10,TAM,DET,8.0,0.0,False,0|0|0|0|1|0|1|1|5,0|0|0|0|0|0|0|0|0,-107.0,-113.0,-109.0,-111.0,,8.5,sbro,,,,,JHELLICKS-R,MSCHERZER-R,,,,,,,,
2010,2010-08-10,BAL,CLE,14.0,8.0,False,0|0|0|4|3|1|0|6|0,0|0|1|5|0|0|0|0|2,110.0,-130.0,116.0,-136.0,,9.0,sbro,,,,,JARRIETA-R,MASTERSON-R,,,,,,,,
2010,2010-08-10,BOS,TOR,7.0,5.0,False,0|3|1|0|1|0|0|2|0,0|1|3|0|0|0|1|0|0,105.0,-125.0,105.0,-125.0,,8.0,sbro,,,,,DMATSUZAK-R,RROMERO-L,,,,,,,,
2010,2010-08-10,NYY,TEX,3.0,4.0,False,0|0|0|0|1|1|0|1|0,0|0|0|1|0|2|0|0|0,103.0,-123.0,122.0,-142.0,,10.0,sbro,,,,,ABURNETT-R,CWILSON-L,,,,,,,,
2010,2010-08-10,MIN,CWS,12.0,6.0,False,1|4|1|2|0|2|0|2|0,0|3|0|0|0|2|0|0|1,-107.0,-113.0,-113.0,-107.0,,9.0,sbro,,,,,SBAKER-R,FGARCIA-R,,,,,,,,
2010,2010-08-10,KAN,LAA,1.0,3.0,False,0|1|0|0|0|0|0|0|0,1|0|0|0|2|0|0|0|x,200.0,-240.0,200.0,-240.0,,8.5,sbro,,,,,BULLINGTON-R,DHAREN-R,,,,,,,,
2010,2010-08-10,OAK,SEA,0.0,2.0,False,0|0|0|0|0|0|0|0|0,0|0|0|0|0|1|0|1|x,114.0,-134.0,112.0,-132.0,,6.5,sbro,,,,,BANDERSON-L,FHERNANDZ-R,,,,,,,,
2010,2010-08-11,STL,CIN,6.0,1.0,False,0|0|0|0|4|0|2|0|0,0|0|0|0|0|0|0|1|0,-130.0,110.0,-129.0,109.0,,7.5,sbro,,,,,WAINWRIGHT-R,BARROYO-R,,,,,,,,
2010,2010-08-11,ATL,HOU,8.0,2.0,False,1|0|0|0|1|0|0|0|0,0|0|0|1|0|0|0|0|1,-130.0,110.0,-129.0,109.0,,7.0,sbro,,,,,THANSON-R,WRODRIGEZ-L,,,,,,,,
2010,2010-08-11,MIA,WAS,9.0,5.0,False,4|3|1|0|0|0|1|0|0,1|0|1|0|1|1|1|0|0,-110.0,-110.0,-114.0,-106.0,,9.5,sbro,,,,,CVOLSTAD-R,SOLSEN-L,,,,,,,,
2010,2010-08-11,LOS,PHI,0.0,2.0,False,0|0|0|0|0|0|0|0|0,0|0|0|1|0|1|0|0|x,112.0,-132.0,110.0,-130.0,,7.5,sbro,,,,,BILLNGSLEY-R,ROSWALT-R,,,,,,,,
2010,2010-08-11,COL,NYM,6.0,2.0,False,0|0|0|0|0|0|1|5|0,2|0|0|0|0|0|0|0|0,-105.0,-115.0,-105.0,-115.0,,7.5,sbro,,,,,JFRANCIS-L,JNIESE-L,,,,,,,,
2010,2010-08-11,ARI,MIL,8.0,2.0,False,0|0|0|4|0|4|0|0|0,0|2|0|0|0|0|0|0|0,115.0,-135.0,101.0,-121.0,,9.0,sbro,,,,,DHUDSON-R,DBUSH-R,,,,,,,,
2010,2010-08-11,PIT,SDG,5.0,8.0,False,0|0|0|0|0|0|4|1|0,0|0|0|1|3|3|0|1|x,170.0,-190.0,166.0,-186.0,,7.0,sbro,,,,,JMCDONALD-R,KCORREIA-R,,,,,,,,
2010,2010-08-11,CUB,SFO,4.0,5.0,False,0|0|0|1|0|2|1|0|0,3|0|0|0|0|1|0|1|x,140.0,-160.0,148.0,-168.0,,7.0,sbro,,,,,GORZELANNY-L,BZITO-L,,,,,,,,
2010,2010-08-11,TAM,DET,2.0,3.0,False,0|0|0|0|0|1|0|0|1,0|1|0|0|0|2|0|0|x,-110.0,-110.0,-114.0,-106.0,,7.5,sbro,,,,,MGARZA-R,VERLANDER-R,,,,,,,,
2010,2010-08-11,KAN,LAA,1.0,2.0,False,0|0|0|0|0|1|0|0|0,0|0|1|0|0|0|0|0|0,125.0,-145.0,150.0,-170.0,,7.0,sbro,,,,,ZGREINKE-R,JERWEAVER-R,,,,,,,,
2010,2010-08-11,OAK,SEA,5.0,1.0,False,0|1|0|1|2|0|0|1|0,0|0|0|0|0|0|1|0|0,-125.0,105.0,-126.0,106.0,,7.5,sbro,,,,,DBRADEN-L,LFRENCH-L,,,,,,,,
2010,2010-08-11,BAL,CLE,3.0,1.0,False,1|0|0|1|1|0|0|0|0,0|0|0|0|1|0|0|0|0,125.0,-145.0,117.0,-137.0,,9.0,sbro,,,,,BBERGESEN-R,JTOMLIN-R,,,,,,,,
2010,2010-08-11,BOS,TOR,10.0,1.0,False,1|1|0|2|5|0|0|1|0,1|0|0|0|0|0|0|0|0,-106.0,-114.0,-110.0,-110.0,,8.0,sbro,,,,,CBUCHHOLZ-R,SMARCUM-R,,,,,,,,
2010,2010-08-11,NYY,TEX,7.0,6.0,False,0|0|0|1|0|1|2|1|2,1|0|0|2|3|0|0|0|0,134.0,-154.0,150.0,-170.0,,8.0,sbro,,,,,JVAZQUEZ-R,CLEE-L,,,,,,,,
2010,2010-08-11,MIN,CWS,1.0,6.0,False,0|0|0|0|0|1|0|0|0,0|2|1|0|3|0|0|0|x,140.0,-160.0,152.0,-172.0,,9.5,sbro,,,,,GPERKINS-L,JDANKS-L,,,,,,,,
2010,2010-08-12,COL,NYM,0.0,4.0,False,0|0|0|0|0|0|0|0|0,2|0|0|0|0|0|2|0|x,145.0,-165.0,123.0,-143.0,,7.0,sbro,,,,,JHAMMEL-R,JOSANTANA-L,,,,,,,,
2010,2010-08-12,ARI,MIL,4.0,8.0,False,0|0|0|4|0|0|0|0|0,3|3|0|0|1|0|1|0|x,130.0,-150.0,130.0,-150.0,,9.5,sbro,,,,,RLOPEZ-R,RWOLF-L,,,,,,,,
2010,2010-08-12,CUB,SFO,7.0,8.0,False,2|0|0|1|0|0|1|3|0,0|1|0|2|4|0|0|0|1,170.0,-190.0,168.0,-188.0,,7.0,sbro,,,,,RWELLS-R,MCAIN-R,,,,,,,,
2010,2010-08-12,PIT,SDG,0.0,3.0,False,0|0|0|0|0|0|0|0|0,0|0|1|0|0|2|0|0|x,170.0,-200.0,175.0,-195.0,,7.0,sbro,,,,,ZDUKE-L,JGARLAND-R,,,,,,,,
2010,2010-08-12,MIA,WAS,5.0,0.0,False,0|2|1|0|0|0|0|1|1,0|0|0|0|0|0|0|0|0,-105.0,-115.0,-108.0,-112.0,,8.0,sbro,,,,,RNOLASCO-R,LHERNADEZ-R,,,,,,,,
2010,2010-08-12,LOS,PHI,9.0,10.0,False,3|0|0|0|1|0|2|3|0,0|1|0|1|0|0|0|4|4,-130.0,110.0,-118.0,-102.0,,8.5,sbro,,,,,CKERSHAW-L,JBLANTON-R,,,,,,,,
2010,2010-08-12,BOS,TOR,5.0,6.0,False,0|0|2|0|2|0|0|1|0,0|0|0|1|0|1|0|0|4,-110.0,-110.0,-108.0,-112.0,,10.0,sbro,,,,,JLACKEY-R,BMILLS-L,,,,,,,,
2010,2010-08-12,BAL,CLE,1.0,4.0,False,0|0|0|0|0|1|0|0|0,1|1|0|0|1|0|0|1|x,130.0,-150.0,104.0,-124.0,,9.5,sbro,,,,,KMILLWOOD-R,JGOMEZ-R,,,,,,,,
2010,2010-08-12,NYY,KAN,4.0,3.0,False,0|1|1|1|0|0|1|0|0,0|0|0|1|0|0|0|0|2,-230.0,200.0,-260.0,220.0,,9.0,sbro,,,,,CSABATHIA-L,BCHEN-L,,,,,,,,
2010,2010-08-12,MIN,CWS,6.0,1.0,False,1|1|1|0|0|0|3|0|0,1|0|0|0|0|0|0|0|0,105.0,-125.0,104.0,-124.0,,7.5,sbro,,,,,FLIRIANO-L,GFLOYD-R,,,,,,,,
2010,2010-08-13,ARI,WAS,2.0,4.0,False,0|0|0|0|2|0|0|0|0,3|1|0|0|0|0|0|0|x,-114.0,-106.0,-105.0,-105.0,,9.0,sbro,,,,,JSAUNDERS-L,JLANNAN-L,,,,,,,,
2010,2010-08-13,MIA,CIN,2.0,7.0,False,0|0|0|0|0|1|0|1|0,3|0|1|2|1|0|0|0|x,-135.0,115.0,-132.0,112.0,,7.5,sbro,,,,,JJOHNSON-R,EVOLQUEZ-R,,,,,,,,
2010,2010-08-13,PHI,NYM,0.0,1.0,False,0|0|0|0|0|0|0|0|0,0|0|0|0|0|1|0|0|x,-130.0,110.0,-123.0,103.0,,7.0,sbro,,,,,CHAMELS-L,RDICKEY-R,,,,,,,,
2010,2010-08-13,LOS,ATL,0.0,1.0,False,0|0|0|0|0|0|0|0|0,0|0|0|0|0|0|1|0|x,135.0,-155.0,145.0,-165.0,,7.0,sbro,,,,,HKURODA-R,THUDSON-R,,,,,,,,
2010,2010-08-13,PIT,HOU,1.0,4.0,False,0|0|1|0|0|0|0|0|0,0|0|0|0|0|0|0|4|x,150.0,-170.0,135.0,-155.0,,7.5,sbro,,,,,ROHLENDOR-R,BMYERS-R,,,,,,,,
2010,2010-08-13,CUB,STL,3.0,6.0,False,2|0|0|0|0|0|0|1|0,1|0|2|1|0|0|2|0|x,180.0,-210.0,200.0,-230.0,,9.0,sbro,,,,,TDIAMOND-R,WESTBROOK-R,,,,,,,,
2010,2010-08-13,MIL,COL,4.0,5.0,False,0|0|0|0|0|3|1|0|0,0|0|0|1|0|0|1|3|x,-109.0,-111.0,-107.0,-113.0,,9.0,sbro,,,,,YGALLARDO-R,DELAROSA-L,,,,,,,,
2010,2010-08-13,SDG,SFO,3.0,2.0,False,0|2|0|0|0|1|0|0|0,2|0|0|0|0|0|0|0|0,104.0,-124.0,115.0,-135.0,,7.5,sbro,,,,,CRICHARD-L,JSANCHEZ-L,,,,,,,,
2010,2010-08-13,SEA,CLE,3.0,2.0,False,1|0|0|1|0|1|0|0|0,0|1|0|0|1|0|0|0|0,125.0,-145.0,132.0,-152.0,,8.5,sbro,,,,,DPAULEY-R,FCARMONA-R,,,,,,,,
2010,2010-08-13,BAL,TAM,5.0,0.0,False,3|0|0|1|0|0|1|0|0,0|0|0|0|0|0|0|0|0,180.0,-210.0,170.0,-200.0,,8.5,sbro,,,,,JGUTHRIE-R,JSHIELDS-R,,,,,,,,
2010,2010-08-13,BOS,TEX,9.0,10.0,False,0|0|1|7|0|1|0|0|0,1|1|0|2|2|0|2|1|0,115.0,-135.0,108.0,-128.0,,9.5,sbro,,,,,JBECKETT-R,THUNTER-R,,,,,,,,
2010,2010-08-13,DET,CWS,4.0,8.0,False,0|0|0|0|0|2|1|1|0,0|0|0|0|4|2|1|1|x,140.0,-160.0,125.0,-145.0,,9.5,sbro,,,,,BONDERMAN-R,MBUEHRLE-L,,,,,,,,
2010,2010-08-13,NYY,KAN,3.0,4.0,False,0|0|3|0|0|0|0|0|0,0|3|0|0|1|0|0|0|x,-175.0,155.0,-182.0,162.0,,10.0,sbro,,,,,DMOSELEY-R,KDAVIES-R,,,,,,,,
2010,2010-08-13,OAK,MIN,3.0,4.0,False,0|0|2|0|0|0|0|0|1,2|0|0|2|0|0|0|0|x,135.0,-155.0,134.0,-154.0,,8.0,sbro,,,,,GGONZALEZ-L,CPAVANO-R,,,,,,,,
2010,2010-08-13,TOR,LAA,3.0,0.0,False,0|1|0|1|0|0|1|0|0,0|0|0|0|0|0|0|0|0,120.0,-140.0,105.0,-125.0,,9.5,sbro,,,,,RZEPZNSKI-L,SKAZMIR-L,,,,,,,,
2010,2010-08-14,CUB,STL,3.0,2.0,False,0|2|1|0|0|0|0|0|0,1|0|0|0|0|1|0|0|0,200.0,-240.0,210.0,-250.0,,7.5,sbro,,,,,CZAMBRANO-R,CARPENTER-R,,,,,,,,
2010,2010-08-14,SDG,SFO,2.0,3.0,False,1|0|0|0|1|0|0|0|0,0|0|0|0|0|0|1|1|0,-109.0,-111.0,-120.0,100.0,,7.0,sbro,,,,,MLATOS-R,MBUMGARNR-L,,,,,,,,
2010,2010-08-14,ARI,WAS,9.0,2.0,False,0|3|1|0|1|3|0|0|1,0|1|0|1|0|0|0|0|0,-113.0,-107.0,-114.0,-106.0,,9.0,sbro,,,,,IKENNEDY-R,JMARQUIS-R,,,,,,,,
2010,2010-08-14,PIT,HOU,2.0,3.0,False,2|0|0|0|0|0|0|0|0,0|0|0|1|0|0|2|0|x,110.0,-130.0,118.0,-138.0,,8.5,sbro,,,,,PMAHOLM-L,BNORRIS-R,,,,,,,,
2010,2010-08-14,PHI,NYM,4.0,0.0,False,0|0|1|0|1|2|0|0|0,0|0|0|0|0|0|0|0|0,-220.0,190.0,-215.0,185.0,,7.5,sbro,,,,,RHALLADAY-R,PMISCH-L,,,,,,,,
2010,2010-08-14,MIA,CIN,4.0,5.0,False,0|0|0|0|2|1|0|0|1,0|0|0|3|1|0|0|1|x,130.0,-150.0,147.0,-167.0,,9.5,sbro,,,,,SWEST-L,MLEAKE-R,,,,,,,,
2010,2010-08-14,LOS,ATL,2.0,1.0,False,0|0|0|1|0|0|1|0|0,0|0|0|0|0|0|1|0|0,110.0,-130.0,120.0,-140.0,,7.5,sbro,,,,,TLILLY-L,DLOWE-R,,,,,,,,
2010,2010-08-14,MIL,COL,5.0,4.0,False,0|3|0|0|0|1|0|0|0,0|0|0|3|1|0|0|0|0,116.0,-136.0,124.0,-144.0,,10.5,sbro,,,,,CNARVESON-L,EROGERS-R,,,,,,,,
2010,2010-08-14,BAL,TAM,3.0,7.0,False,0|0|3|0|0|0|0|0|0,0|0|0|5|1|0|0|1|x,170.0,-200.0,159.0,-179.0,,9.0,sbro,,,,,BMATUSZ-L,SONNANSTIN-R,,,,,,,,
2010,2010-08-14,DET,CWS,3.0,2.0,False,0|0|0|0|0|1|0|0|2,0|0|0|0|1|0|1|0|0,127.0,-147.0,139.0,-159.0,,9.0,sbro,,,,,RPORCELLO-R,EJACKSON-R,,,,,,,,
2010,2010-08-14,SEA,CLE,9.0,3.0,False,1|0|0|1|5|2|0|0|0,0|0|0|2|0|1|0|0|0,-111.0,-109.0,-103.0,-117.0,,8.5,sbro,,,,,JVARGAS-L,MTALBOT-R,,,,,,,,
2010,2010-08-14,NYY,KAN,8.0,3.0,False,0|0|0|0|1|3|2|0|2,1|0|0|0|0|2|0|0|0,-230.0,200.0,-240.0,200.0,,9.5,sbro,,,,,PHUGHES-R,O'SULLIVAN-R,,,,,,,,
2010,2010-08-14,OAK,MIN,0.0,2.0,False,0|0|0|0|0|0|0|0|0,0|0|1|0|0|0|0|1|x,104.0,-124.0,110.0,-130.0,,8.0,sbro,,,,,TCAHILL-R,BDUENSING-L,,,,,,,,
2010,2010-08-14,BOS,TEX,3.0,1.0,False,0|0|0|0|1|0|0|0|2,0|0|0|0|0|0|0|0|1,-105.0,-105.0,-105.0,-105.0,,9.0,sbro,,,,,JLESTER-L,CLEWIS-R,,,,,,,,
2010,2010-08-14,TOR,LAA,2.0,7.0,False,0|0|0|0|1|0|0|1|0,0|2|0|3|0|0|2|0|x,104.0,-124.0,104.0,-124.0,,8.0,sbro,,,,,BCECIL-L,ESANTANA-R,,,,,,,,
2010,2010-08-15,MIA,CIN,0.0,2.0,False,0|0|0|0|0|0|0|0|0,0|0|0|0|0|2|0|0|x,105.0,-125.0,-101.0,-119.0,,9.5,sbro,,,,,ASANCHEZ-R,HBAILEY-R,,,,,,,,
2010,2010-08-15,PHI,NYM,3.0,1.0,False,0|0|1|0|1|1|0|0|0,0|0|1|0|0|0|0|0|0,-110.0,-110.0,109.0,-129.0,,8.5,sbro,,,,,KKENDRICK-R,MPELFREY-R,,,,,,,,
2010,2010-08-15,ARI,WAS,3.0,5.0,False,0|3|0|0|0|0|0|0|0,0|1|0|2|0|0|1|1|x,170.0,-190.0,159.0,-179.0,,7.5,sbro,,,,,BENRIGHT-R,SSTRASBUR-R,,,,,,,,
2010,2010-08-15,LOS,ATL,1.0,13.0,False,0|0|0|0|0|0|1|0|0,0|0|4|0|4|1|0|4|x,120.0,-140.0,116.0,-136.0,,7.0,sbro,,,,,VPADILLA-R,JJURRJENS-R,,,,,,,,
2010,2010-08-15,PIT,HOU,2.0,8.0,False,0|0|0|2|0|0|0|0|0,0|0|1|0|0|4|2|1|x,150.0,-170.0,131.0,-151.0,,8.0,sbro,,,,,JKARSTENS-R,JHAPP-L,,,,,,,,
2010,2010-08-15,CUB,STL,9.0,7.0,False,1|0|1|6|0|0|0|0|1,1|0|0|0|1|0|0|0|5,140.0,-160.0,113.0,-133.0,,8.5,sbro,,,,,RDEMPSTER-R,KLOHSE-R,,,,,,,,
2010,2010-08-15,MIL,COL,5.0,6.0,False,0|0|3|0|0|0|0|0|2,0|1|2|1|0|1|0|0|1,220.0,-260.0,230.0,-270.0,,9.0,sbro,,,,,MPARRA-L,UJIMENEZ-R,,,,,,,,
2010,2010-08-15,SDG,SFO,8.0,2.0,False,0|4|1|1|1|1|0|0|0,0|0|2|0|0|0|0|0|0,160.0,-180.0,144.0,-164.0,,7.0,sbro,,,,,WLEBLANC-L,TLINCECUM-R,,,,,,,,
2010,2010-08-15,SEA,CLE,1.0,9.0,False,0|0|0|0|0|0|0|1|0,0|0|0|0|0|0|7|2|x,-150.0,130.0,-142.0,122.0,,7.5,sbro,,,,,FHERNANDZ-R,MASTERSON-R,,,,,,,,
2010,2010-08-15,BAL,TAM,2.0,3.0,False,0|1|0|0|0|0|1|0|0,1|0|2|0|0|0|0|0|x,210.0,-250.0,200.0,-240.0,,8.5,sbro,,,,,JARRIETA-R,JHELLICKS-R,,,,,,,,
2010,2010-08-15,DET,CWS,13.0,8.0,False,0|0|2|1|2|0|1|3|4,0|0|1|0|3|3|0|1|0,130.0,-150.0,119.0,-139.0,,10.0,sbro,,,,,AGALARRAG-R,FGARCIA-R,,,,,,,,
2010,2010-08-15,NYY,KAN,0.0,1.0,False,0|0|0|0|0|0|0|0|0,1|0|0|0|0|0|0|0|x,-210.0,180.0,-220.0,190.0,,10.0,sbro,,,,,ABURNETT-R,BULLINGTON-R,,,,,,,,
2010,2010-08-15,OAK,MIN,2.0,4.0,False,0|0|0|0|0|0|0|2|0,0|0|1|0|0|0|3|0|x,130.0,-150.0,132.0,-152.0,,8.5,sbro,,,,,VMAZZARO-R,KSLOWEY-R,,,,,,,,
2010,2010-08-15,BOS,TEX,3.0,7.0,False,0|0|0|0|0|0|0|3|0,0|1|0|0|0|0|4|2|x,135.0,-155.0,120.0,-140.0,,9.5,sbro,,,,,DMATSUZAK-R,CWILSON-L,,,,,,,,
2010,2010-08-15,TOR,LAA,4.0,1.0,False,0|1|0|1|0|2|0|0|0,0|0|0|0|1|0|0|0|0,125.0,-145.0,120.0,-140.0,,7.5,sbro,,,,,RROMERO-L,DHAREN-R,,,,,,,,
2010,2010-08-16,MIA,PIT,1.0,7.0,False,0|0|0|1|0|0|0|0|0,2|0|0|0|0|4|1|0|x,-125.0,105.0,-115.0,-105.0,,8.5,sbro,,,,,CVOLSTAD-R,JMCDONALD-R,,,,,,,,
2010,2010-08-16,LOS,ATL,3.0,4.0,False,1|0|0|0|0|0|0|2|0,0|0|0|0|0|1|0|0|3,121.0,-141.0,131.0,-151.0,,7.0,sbro,,,,,BILLNGSLEY-R,THANSON-R,,,,,,,,
2010,2010-08-16,NYM,HOU,3.0,1.0,False,0|0|0|1|0|0|0|0|2,0|0|0|0|0|1|0|0|0,-113.0,-107.0,103.0,-123.0,,7.5,sbro,,,,,JNIESE-L,WRODRIGEZ-L,,,,,,,,
2010,2010-08-16,SDG,CUB,9.0,5.0,False,0|0|0|0|1|1|3|2|2,0|0|0|0|0|0|2|3|0,-114.0,-106.0,-114.0,-106.0,,9.0,sbro,,,,,KCORREIA-R,GORZELANNY-L,,,,,,,,
2010,2010-08-16,SEA,BAL,4.0,5.0,False,0|1|2|0|0|0|0|0|0,1|2|0|0|0|0|0|0|0,-101.0,-119.0,107.0,-127.0,,8.5,sbro,,,,,DFISTER-R,BBERGESEN-R,,,,,,,,
2010,2010-08-16,DET,NYY,3.0,1.0,False,0|2|0|0|0|0|0|0|1,0|0|0|0|0|0|0|0|1,152.0,-172.0,157.0,-177.0,,9.0,sbro,,,,,MSCHERZER-R,JVAZQUEZ-R,,,,,,,,
2010,2010-08-16,TEX,TAM,4.0,6.0,False,0|0|0|0|0|0|2|2|0,0|0|0|0|2|0|0|4|x,-109.0,-111.0,-111.0,-109.0,,7.0,sbro,,,,,CLEE-L,DPRICE-L,,,,,,,,
2010,2010-08-16,TOR,OAK,3.0,1.0,False,0|0|0|1|2|0|0|0|0,0|0|0|0|0|0|1|0|0,108.0,-128.0,108.0,-128.0,,7.0,sbro,,,,,SMARCUM-R,BANDERSON-L,,,,,,,,
2010,2010-08-17,MIA,PIT,6.0,0.0,False,0|0|0|0|4|1|0|0|1,0|0|0|0|0|0|0|0|0,-150.0,130.0,-135.0,115.0,,8.0,sbro,,,,,RNOLASCO-R,ZDUKE-L,,,,,,,,
2010,2010-08-17,SFO,PHI,3.0,9.0,False,2|0|0|0|0|0|1|0|0,0|0|0|0|2|2|0|5|x,125.0,-145.0,140.0,-160.0,,8.0,sbro,,,,,BZITO-L,ROSWALT-R,,,,,,,,
2010,2010-08-17,WAS,ATL,2.0,10.0,False,0|0|0|0|0|2|0|0|0,0|0|0|0|0|4|4|2|x,160.0,-180.0,159.0,-179.0,,8.5,sbro,,,,,SOLSEN-L,MMINOR-L,,,,,,,,
2010,2010-08-17,NYM,HOU,3.0,4.0,False,1|1|0|0|0|0|0|1|0,3|0|0|0|0|0|0|1|x,-160.0,140.0,-156.0,136.0,,7.0,sbro,,,,,JOSANTANA-L,NFIGUEROA-R,,,,,,,,
2010,2010-08-17,SDG,CUB,1.0,0.0,False,1|0|0|0|0|0|0|0|0,0|0|0|0|0|0|0|0|0,-120.0,100.0,-120.0,100.0,,9.0,sbro,,,,,JGARLAND-R,RWELLS-R,,,,,,,,
2010,2010-08-17,MIL,STL,3.0,2.0,False,0|0|3|0|0|0|0|0|0,0|0|0|1|0|0|0|1|0,170.0,-200.0,160.0,-180.0,,9.0,sbro,,,,,DBUSH-R,JGARCIA-L,,,,,,,,
2010,2010-08-17,CIN,ARI,6.0,2.0,False,0|0|0|0|0|2|1|0|3,2|0|0|0|0|0|0|0|0,-120.0,100.0,-108.0,-112.0,,9.0,sbro,,,,,BARROYO-R,DHUDSON-R,,,,,,,,
2010,2010-08-17,COL,LOS,0.0,6.0,False,0|0|0|0|0|0|0|0|0,0|0|0|0|5|0|0|1|x,160.0,-180.0,150.0,-170.0,,7.0,sbro,,,,,JCHACIN-R,CKERSHAW-L,,,,,,,,
2010,2010-08-17,SEA,BAL,4.0,0.0,False,0|0|0|0|1|0|0|0|3,0|0|0|0|0|0|0|0|0,105.0,-125.0,-103.0,-117.0,,9.0,sbro,,,,,LFRENCH-L,KMILLWOOD-R,,,,,,,,
2010,2010-08-17,DET,NYY,2.0,6.0,False,1|0|0|0|0|0|1|0|0,2|1|0|0|0|1|2|0|x,160.0,-180.0,158.0,-178.0,,7.5,sbro,,,,,VERLANDER-R,CSABATHIA-L,,,,,,,,
2010,2010-08-17,LAA,BOS,0.0,6.0,False,0|0|0|0|0|0|0|0|0,0|0|1|4|1|0|0|0|x,120.0,-140.0,122.0,-142.0,,8.0,sbro,,,,,JERWEAVER-R,CBUCHHOLZ-R,,,,,,,,
2010,2010-08-17,TEX,TAM,1.0,10.0,False,0|0|0|0|0|0|0|1|0,3|0|0|2|0|0|5|0|x,125.0,-145.0,145.0,-165.0,,8.0,sbro,,,,,THUNTER-R,MGARZA-R,,,,,,,,
2010,2010-08-17,CWS,MIN,6.0,7.0,False,0|3|0|1|0|0|0|0|1,4|0|0|0|1|0|0|0|0,100.0,-120.0,-101.0,-119.0,,7.5,sbro,,,,,JDANKS-L,SBAKER-R,,,,,,,,
2010,2010-08-17,CLE,KAN,1.0,2.0,False,0|1|0|0|0|0|0|0|0,0|0|0|0|1|1|0|0|x,155.0,-175.0,140.0,-160.0,,7.5,sbro,,,,,JGOMEZ-R,ZGREINKE-R,,,,,,,,
2010,2010-08-17,TOR,OAK,2.0,6.0,False,1|0|0|0|0|0|1|0|0,2|0|0|0|0|0|3|1|x,-120.0,100.0,-112.0,-108.0,,7.0,sbro,,,,,BMORROW-R,DBRADEN-L,,,,,,,,
2010,2010-08-18,MIL,STL,3.0,2.0,False,0|0|0|0|1|0|2|0|0,0|0|0|0|0|0|0|0|2,196.0,-226.0,250.0,-290.0,,7.5,sbro,,,,,RWOLF-L,WAINWRIGHT-R,,,,,,,,
2010,2010-08-18,SDG,CUB,5.0,1.0,False,2|0|1|0|0|0|0|1|1,0|1|0|0|0|0|0|0|0,-138.0,118.0,-139.0,119.0,,9.5,sbro,,,,,CRICHARD-L,CCOLEMAN-R,,,,,,,,
2010,2010-08-18,MIA,PIT,3.0,2.0,False,0|1|0|0|1|0|0|1|0,0|1|0|0|0|0|0|1|0,-180.0,160.0,-165.0,145.0,,7.0,sbro,,,,,JJOHNSON-R,ROHLENDOR-R,,,,,,,,
2010,2010-08-18,SFO,PHI,2.0,8.0,False,1|0|0|0|0|1|0|0|0,0|0|1|4|0|0|2|1|x,-106.0,-114.0,-110.0,-110.0,,9.0,sbro,,,,,MCAIN-R,JBLANTON-R,,,,,,,,
2010,2010-08-18,WAS,ATL,2.0,3.0,False,0|0|2|0|0|0|0|0|0,0|0|0|2|0|0|0|0|1,190.0,-220.0,200.0,-230.0,,7.5,sbro,,,,,LHERNADEZ-R,THUDSON-R,,,,,,,,
2010,2010-08-18,NYM,HOU,3.0,2.0,False,0|0|0|0|0|0|2|0|0,0|0|0|0|0|0|0|1|1,-114.0,-106.0,-110.0,-110.0,,7.0,sbro,,,,,RDICKEY-R,BMYERS-R,,,,,,,,
2010,2010-08-18,CIN,ARI,11.0,7.0,False,1|0|1|1|0|0|0|4|4,0|1|0|0|4|0|2|0|0,-122.0,102.0,-127.0,107.0,,9.5,sbro,,,,,EVOLQUEZ-R,RLOPEZ-R,,,,,,,,
2010,2010-08-18,COL,LOS,3.0,2.0,False,0|1|0|1|0|0|0|0|0,1|1|0|0|0|0|0|0|0,117.0,-137.0,119.0,-139.0,,7.0,sbro,,,,,JHAMMEL-R,HKURODA-R,,,,,,,,
2010,2010-08-18,TEX,TAM,6.0,8.0,False,0|0|0|0|1|1|0|2|2,1|0|0|1|3|1|1|1|x,140.0,-160.0,141.0,-161.0,,9.0,sbro,,,,,DHOLLAND-L,JSHIELDS-R,,,,,,,,
2010,2010-08-18,TOR,OAK,4.0,5.0,False,0|0|0|0|1|0|0|0|3,2|1|0|0|0|0|1|0|1,-102.0,-118.0,112.0,-132.0,,7.5,sbro,,,,,RZEPZNSKI-L,GGONZALEZ-L,,,,,,,,
2010,2010-08-18,DET,NYY,5.0,9.0,False,0|1|0|1|2|0|0|1|0,3|0|0|3|1|0|2|0|x,170.0,-190.0,157.0,-177.0,,9.5,sbro,,,,,BONDERMAN-R,DMOSELEY-R,,,,,,,,
2010,2010-08-18,SEA,BAL,6.0,5.0,False,0|3|0|0|2|0|0|1|0,2|0|0|0|0|0|2|1|0,125.0,-145.0,128.0,-148.0,,8.5,sbro,,,,,DPAULEY-R,JGUTHRIE-R,,,,,,,,
2010,2010-08-18,LAA,BOS,5.0,7.0,False,0|0|1|1|3|0|0|0|0,1|0|0|1|2|0|2|1|x,145.0,-165.0,160.0,-180.0,,10.0,sbro,,,,,SKAZMIR-L,JLACKEY-R,,,,,,,,
2010,2010-08-18,CWS,MIN,6.0,7.0,False,0|3|0|0|2|0|0|0|1,2|0|1|0|1|3|0|0|x,121.0,-141.0,131.0,-151.0,,7.0,sbro,,,,,GFLOYD-R,FLIRIANO-L,,,,,,,,
2010,2010-08-18,CLE,KAN,7.0,9.0,False,0|1|0|0|1|2|0|3|0,1|2|0|2|2|2|0|0|x,-112.0,-108.0,-105.0,-105.0,,8.5,sbro,,,,,FCARMONA-R,BCHEN-L,,,,,,,,
2010,2010-08-19,WAS,ATL,6.0,2.0,False,0|1|1|0|0|2|0|0|2,0|0|0|0|0|2|0|0|0,170.0,-200.0,180.0,-210.0,,8.5,sbro,,,,,JLANNAN-L,DLOWE-R,,,,,,,,
2010,2010-08-19,SDG,CUB,5.0,3.0,False,0|1|0|0|0|0|4|0|0,0|0|0|0|0|2|0|0|1,-145.0,125.0,-177.0,157.0,,8.0,sbro,,,,,MLATOS-R,CZAMBRANO-R,,,,,,,,
2010,2010-08-19,MIA,PIT,4.0,2.0,False,0|0|0|0|0|4|0|0|0,0|0|0|0|0|0|0|1|1,-110.0,-110.0,-107.0,-113.0,,8.5,sbro,,,,,ASANABIA-R,PMAHOLM-L,,,,,,,,
2010,2010-08-19,SFO,PHI,5.0,2.0,False,3|0|1|1|0|0|0|0|0,0|0|0|0|0|0|0|0|2,155.0,-175.0,159.0,-179.0,,8.5,sbro,,,,,JSANCHEZ-L,CHAMELS-L,,,,,,,,
2010,2010-08-19,NYM,HOU,2.0,3.0,False,0|0|0|2|0|0|0|0|0,0|0|0|0|0|0|3|0|x,-110.0,-110.0,111.0,-131.0,,8.5,sbro,,,,,PMISCH-L,BNORRIS-R,,,,,,,,
2010,2010-08-19,CIN,ARI,9.0,5.0,False,0|0|0|4|0|0|0|5|0,0|0|0|0|1|0|0|4|0,-125.0,105.0,-135.0,115.0,,9.0,sbro,,,,,TWOOD-L,JSAUNDERS-L,,,,,,,,
2010,2010-08-19,COL,LOS,0.0,2.0,False,0|0|0|0|0|0|0|0|0,0|2|0|0|0|0|0|0|x,130.0,-150.0,116.0,-136.0,,7.0,sbro,,,,,DELAROSA-L,TLILLY-L,,,,,,,,
2010,2010-08-19,DET,NYY,5.0,11.0,False,2|0|0|0|0|0|2|1|0,0|0|0|2|0|9|0|0|x,220.0,-260.0,210.0,-250.0,,9.5,sbro,,,,,RPORCELLO-R,PHUGHES-R,,,,,,,,
2010,2010-08-19,TEX,BAL,0.0,4.0,False,0|0|0|0|0|0|0|0|0,0|0|0|0|0|0|4|0|x,-165.0,145.0,-166.0,146.0,,9.0,sbro,,,,,CLEWIS-R,BMATUSZ-L,,,,,,,,
2010,2010-08-19,LAA,BOS,7.0,2.0,False,0|0|0|0|0|4|3|0|0,0|0|0|1|0|0|0|1|0,130.0,-150.0,132.0,-152.0,,9.5,sbro,,,,,ESANTANA-R,JBECKETT-R,,,,,,,,
2010,2010-08-19,CWS,MIN,11.0,0.0,False,2|0|2|0|1|0|2|4|0,0|0|0|0|0|0|0|0|0,140.0,-160.0,136.0,-156.0,,8.0,sbro,,,,,MBUEHRLE-L,CPAVANO-R,,,,,,,,
2010,2010-08-19,CLE,KAN,7.0,3.0,False,0|0|0|0|0|0|0|5|2,0|0|0|1|2|0|0|0|0,105.0,-125.0,-110.0,-110.0,,9.0,sbro,,,,,MTALBOT-R,KDAVIES-R,,,,,,,,
2010,2010-08-19,TAM,OAK,3.0,4.0,False,0|0|0|2|0|1|0|0|0,1|0|0|0|0|3|0|0|x,103.0,-123.0,115.0,-135.0,,7.5,sbro,,,,,SONNANSTIN-R,TCAHILL-R,,,,,,,,
2010,2010-08-20,ATL,CUB,5.0,3.0,False,0|0|1|1|0|0|0|0|3,0|1|0|1|0|1|0|0|0,-123.0,103.0,-133.0,113.0,,10.5,sbro,,,,,JJURRJENS-R,RDEMPSTER-R,,,,,,,,
2010,2010-08-20,NYM,PIT,7.0,2.0,False,3|0|2|2|0|0|0|0|0,0|1|1|0|0|0|0|0|0,-118.0,-102.0,-128.0,108.0,,8.0,sbro,,,,,MPELFREY-R,JKARSTENS-R,,,,,,,,
2010,2010-08-20,WAS,PHI,0.0,1.0,False,0|0|0|0|0|0|0|0|0,0|0|1|0|0|0|0|0|x,285.0,-335.0,300.0,-360.0,,8.0,sbro,,,,,JMARQUIS-R,RHALLADAY-R,,,,,,,,
2010,2010-08-20,HOU,MIA,0.0,9.0,False,0|0|0|0|0|0|0|0|0,1|0|0|0|0|2|4|2|x,113.0,-133.0,160.0,-180.0,,7.5,sbro,,,,,JHAPP-L,ASANCHEZ-R,,,,,,,,
2010,2010-08-20,SDG,MIL,6.0,10.0,False,3|2|0|1|0|0|0|0|0,2|0|3|2|1|1|1|0|x,120.0,-140.0,124.0,-144.0,,8.0,sbro,,,,,WLEBLANC-L,YGALLARDO-R,,,,,,,,
2010,2010-08-20,SFO,STL,6.0,3.0,False,0|2|1|0|0|0|2|1|0,0|1|0|0|0|0|0|2|0,120.0,-140.0,128.0,-148.0,,8.0,sbro,,,,,MBUMGARNR-L,WESTBROOK-R,,,,,,,,
2010,2010-08-20,COL,ARI,3.0,4.0,False,0|0|1|2|0|0|0|0|0,0|0|0|1|0|0|0|0|2,103.0,-123.0,104.0,-124.0,,9.5,sbro,,,,,EROGERS-R,IKENNEDY-R,,,,,,,,
2010,2010-08-20,CIN,LOS,3.0,1.0,False,0|1|0|2|0|0|0|0|0,0|0|1|0|0|0|0|0|0,110.0,-130.0,-110.0,-110.0,,8.0,sbro,,,,,HBAILEY-R,CMONASTER-R,,,,,,,,
2010,2010-08-20,SEA,NYY,6.0,0.0,False,3|0|1|1|0|1|0|0|0,0|0|0|0|0|0|0|0|0,118.0,-138.0,130.0,-150.0,,8.0,sbro,,,,,FHERNANDZ-R,ABURNETT-R,,,,,,,,
2010,2010-08-20,TEX,BAL,2.0,0.0,False,0|1|0|0|0|0|1|0|0,0|0|0|0|0|0|0|0|0,-170.0,150.0,-195.0,175.0,,9.0,sbro,,,,,CWILSON-L,JARRIETA-R,,,,,,,,
2010,2010-08-20,CLE,DET,0.0,6.0,False,0|0|0|0|0|0|0|0|0,2|2|0|1|0|0|0|1|x,115.0,-135.0,120.0,-140.0,,9.5,sbro,,,,,MASTERSON-R,AGALARRAG-R,,,,,,,,
2010,2010-08-20,TOR,BOS,16.0,2.0,False,5|1|3|0|2|3|1|1|0,0|0|0|0|0|0|2|0|0,160.0,-180.0,163.0,-183.0,,8.5,sbro,,,,,BCECIL-L,JLESTER-L,,,,,,,,
2010,2010-08-20,LAA,MIN,2.0,7.0,False,0|0|0|1|0|0|0|0|1,1|0|3|3|0|0|0|0|x,118.0,-138.0,115.0,-135.0,,8.0,sbro,,,,,DHAREN-R,BDUENSING-L,,,,,,,,
2010,2010-08-20,TAM,OAK,4.0,5.0,False,2|1|0|0|0|0|1|0|0,0|0|2|0|0|1|0|2|x,-133.0,113.0,-150.0,130.0,,7.0,sbro,,,,,JHELLICKS-R,VMAZZARO-R,,,,,,,,
2010,2010-08-21,ATL,CUB,4.0,5.0,False,0|0|0|0|0|1|0|3|0,2|0|3|0|0|0|0|0|x,-155.0,135.0,-159.0,139.0,,7.5,sbro,,,,,THANSON-R,GORZELANNY-L,,,,,,,,
2010,2010-08-21,NYM,PIT,5.0,1.0,False,1|0|0|1|3|0|x|x|x,0|0|1|0|0|0|x|x|x,-107.0,-113.0,-118.0,-102.0,,7.5,sbro,,,,,JNIESE-L,JMCDONALD-R,,,,,,,,
2010,2010-08-21,WAS,PHI,8.0,1.0,False,3|0|2|0|0|0|0|0|3,0|0|0|1|0|0|0|0|0,-106.0,-114.0,-112.0,-108.0,,8.0,sbro,,,,,SSTRASBUR-R,KKENDRICK-R,,,,,,,,
2010,2010-08-21,HOU,MIA,3.0,6.0,False,2|0|0|0|0|0|0|0|1,0|0|0|0|0|3|3|0|x,-110.0,-110.0,111.0,-131.0,,8.0,sbro,,,,,WRODRIGEZ-L,CVOLSTAD-R,,,,,,,,
2010,2010-08-21,SDG,MIL,5.0,6.0,False,0|0|0|3|0|0|0|2|0,1|0|2|0|2|1|0|0|x,-113.0,-107.0,-115.0,-105.0,,9.0,sbro,,,,,KCORREIA-R,CNARVESON-L,,,,,,,,
2010,2010-08-21,SFO,STL,1.0,5.0,False,0|0|0|0|0|0|0|1|0,0|0|0|1|2|1|0|1|x,134.0,-154.0,125.0,-145.0,,7.0,sbro,,,,,TLINCECUM-R,CARPENTER-R,,,,,,,,
2010,2010-08-21,COL,ARI,1.0,3.0,False,0|1|0|0|0|0|0|0|0,0|0|0|1|0|2|0|0|x,-159.0,139.0,-163.0,143.0,,8.5,sbro,,,,,UJIMENEZ-R,BENRIGHT-R,,,,,,,,
2010,2010-08-21,CIN,LOS,5.0,8.0,False,0|0|0|1|0|2|2|0|0,1|2|2|0|2|0|1|0|x,-101.0,-119.0,-102.0,-118.0,,7.0,sbro,,,,,JCUETO-R,BILLNGSLEY-R,,,,,,,,
2010,2010-08-21,SEA,NYY,5.0,9.0,False,2|0|2|0|0|0|0|0|1,4|0|0|0|0|0|3|2|x,205.0,-235.0,180.0,-210.0,,9.0,sbro,,,,,JVARGAS-L,JVAZQUEZ-R,,,,,,,,
2010,2010-08-21,LAA,MIN,9.0,3.0,False,0|4|0|0|1|2|0|0|2,3|0|0|0|0|0|0|0|0,173.0,-193.0,169.0,-189.0,,9.5,sbro,,,,,TBELL-R,KSLOWEY-R,,,,,,,,
2010,2010-08-21,TEX,BAL,6.0,8.0,False,0|0|0|2|1|0|2|1|0,0|0|2|5|0|1|0|0|x,-240.0,200.0,-230.0,200.0,,7.5,sbro,,,,,CLEE-L,BBERGESEN-R,,,,,,,,
2010,2010-08-21,CLE,DET,2.0,5.0,False,1|0|1|0|0|0|0|0|0,2|0|0|1|2|0|0|0|x,165.0,-185.0,152.0,-172.0,,8.0,sbro,,,,,JTOMLIN-R,MSCHERZER-R,,,,,,,,
2010,2010-08-21,TOR,BOS,4.0,5.0,False,0|0|0|1|0|3|0|0|0,0|0|2|0|2|0|0|0|0,110.0,-130.0,119.0,-139.0,,8.5,sbro,,,,,RROMERO-L,DMATSUZAK-R,,,,,,,,
2010,2010-08-21,CWS,KAN,5.0,6.0,False,0|0|0|1|1|3|0|0|0,0|0|0|0|1|0|4|0|0,-117.0,-103.0,-125.0,105.0,,9.5,sbro,,,,,FGARCIA-R,PHUMBER-R,,,,,,,,
2010,2010-08-21,TAM,OAK,5.0,4.0,False,0|1|0|0|0|1|0|3|0,2|0|0|0|0|2|0|0|0,-124.0,104.0,-129.0,109.0,,6.5,sbro,,,,,DPRICE-L,BANDERSON-L,,,,,,,,
2010,2010-08-21,CWS,KAN,7.0,6.0,False,2|0|0|1|0|3|0|0|0,0|0|0|4|0|0|0|1|1,-125.0,105.0,-104.0,-116.0,,9.5,sbro,,,,,TPENA-R,BULLINGTON-R,,,,,,,,
2010,2010-08-22,HOU,MIA,2.0,1.0,False,0|0|1|0|0|0|0|1|0,0|0|0|0|0|1|0|0|0,170.0,-200.0,100.0,-120.0,,9.0,sbro,,,,,NFIGUEROA-R,AMILLER-L,,,,,,,,
2010,2010-08-22,NYM,PIT,1.0,2.0,False,1|0|0|0|0|0|0|0|0,0|0|0|0|1|1|0|0|x,-180.0,160.0,-157.0,137.0,,7.5,sbro,,,,,JOSANTANA-L,ZDUKE-L,,,,,,,,
2010,2010-08-22,WAS,PHI,0.0,6.0,False,0|0|0|0|0|0|0|0|0,1|0|1|0|0|2|2|0|x,200.0,-240.0,200.0,-230.0,,9.0,sbro,,,,,SOLSEN-L,ROSWALT-R,,,,,,,,
2010,2010-08-22,SDG,MIL,7.0,3.0,False,1|1|0|0|2|3|0|0|0,0|0|0|0|2|0|0|0|1,-120.0,100.0,-130.0,110.0,,9.0,sbro,,,,,JGARLAND-R,MPARRA-L,,,,,,,,
2010,2010-08-22,SFO,STL,0.0,9.0,False,0|0|0|0|0|0|0|0|0,0|0|3|2|3|0|0|1|x,125.0,-145.0,125.0,-145.0,,8.0,sbro,,,,,BZITO-L,JGARCIA-L,,,,,,,,
2010,2010-08-22,ATL,CUB,16.0,5.0,False,1|0|1|3|0|0|4|5|2,1|0|2|0|0|0|0|2|0,-140.0,120.0,-132.0,112.0,,7.5,sbro,,,,,MMINOR-L,RWELLS-R,,,,,,,,
2010,2010-08-22,CIN,LOS,5.0,2.0,False,2|0|0|0|0|1|0|0|2,0|1|0|0|1|0|0|0|0,125.0,-145.0,127.0,-147.0,,7.0,sbro,,,,,BARROYO-R,CKERSHAW-L,,,,,,,,
2010,2010-08-22,COL,ARI,1.0,0.0,False,0|0|0|0|0|0|0|1|0,0|0|0|0|0|0|0|0|0,115.0,-135.0,102.0,-122.0,,8.5,sbro,,,,,JCHACIN-R,DHUDSON-R,,,,,,,,
2010,2010-08-22,CLE,DET,1.0,8.0,False,1|0|0|0|0|0|0|0|0,3|3|2|0|0|0|0|0|x,170.0,-200.0,169.0,-189.0,,7.5,sbro,,,,,JGOMEZ-R,VERLANDER-R,,,,,,,,
2010,2010-08-22,SEA,NYY,0.0,10.0,False,0|0|0|0|0|0|0|0|0,0|0|0|1|4|3|1|1|x,290.0,-340.0,290.0,-340.0,,8.5,sbro,,,,,LFRENCH-L,CSABATHIA-L,,,,,,,,
2010,2010-08-22,TEX,BAL,6.0,4.0,False,3|0|0|0|3|0|0|0|0,0|0|0|1|0|2|0|0|1,-175.0,155.0,-130.0,110.0,,9.5,sbro,,,,,THUNTER-R,KMILLWOOD-R,,,,,,,,
2010,2010-08-22,TOR,BOS,0.0,5.0,False,0|0|0|0|0|0|0|0|0,0|0|0|0|3|0|0|2|x,130.0,-150.0,122.0,-142.0,,8.0,sbro,,,,,SMARCUM-R,CBUCHHOLZ-R,,,,,,,,
2010,2010-08-22,LAA,MIN,0.0,4.0,False,0|0|0|0|0|0|0|0|0,0|0|0|0|4|0|0|0|x,100.0,-120.0,-101.0,-119.0,,8.0,sbro,,,,,JERWEAVER-R,SBAKER-R,,,,,,,,
2010,2010-08-22,CWS,KAN,2.0,3.0,False,0|1|0|1|0|0|0|0|0,0|1|1|0|0|0|0|0|0,-115.0,-105.0,-110.0,-110.0,,7.5,sbro,,,,,JDANKS-L,ZGREINKE-R,,,,,,,,
2010,2010-08-22,TAM,OAK,3.0,2.0,False,0|0|1|0|0|2|0|0|0,0|0|0|0|1|0|0|0|1,-130.0,110.0,-125.0,105.0,,7.0,sbro,,,,,MGARZA-R,DBRADEN-L,,,,,,,,
2010,2010-08-23,STL,PIT,10.0,2.0,False,4|0|0|0|3|0|1|0|2,0|0|0|0|0|2|0|0|0,-125.0,105.0,-116.0,-104.0,,8.5,sbro,,,,,KLOHSE-R,ROHLENDOR-R,,,,,,,,
2010,2010-08-23,CUB,WAS,9.0,1.0,False,0|0|5|0|2|1|1|0|0,0|0|0|0|0|0|1|0|0,127.0,-147.0,152.0,-172.0,,8.5,sbro,,,,,CCOLEMAN-R,LHERNADEZ-R,,,,,,,,
2010,2010-08-23,HOU,PHI,3.0,2.0,False,1|0|0|0|0|0|0|2|0,0|0|2|0|0|0|0|0|0,125.0,-145.0,155.0,-175.0,,8.5,sbro,,,,,BMYERS-R,JBLANTON-R,,,,,,,,
2010,2010-08-23,ATL,COL,4.0,5.0,False,0|0|0|0|2|0|1|1|0,0|0|1|2|0|1|0|1|x,-130.0,110.0,-115.0,-105.0,,8.0,sbro,,,,,THUDSON-R,JHAMMEL-R,,,,,,,,
2010,2010-08-23,CIN,SFO,2.0,11.0,False,0|0|2|0|0|0|0|0|0,5|0|2|0|0|0|0|4|x,120.0,-140.0,119.0,-139.0,,7.5,sbro,,,,,EVOLQUEZ-R,MCAIN-R,,,,,,,,
2010,2010-08-23,NYY,TOR,2.0,3.0,False,1|0|0|0|0|1|0|0|0,0|0|2|0|0|0|0|1|x,-113.0,-107.0,105.0,-125.0,,9.0,sbro,,,,,INOVA-R,BMORROW-R,,,,,,,,
2010,2010-08-23,KAN,DET,3.0,12.0,False,1|0|0|0|1|0|0|0|1,2|0|0|1|2|7|0|0|x,130.0,-150.0,145.0,-165.0,,9.5,sbro,,,,,BCHEN-L,BONDERMAN-R,,,,,,,,
2010,2010-08-23,SEA,BOS,3.0,6.0,False,0|0|1|0|0|2|0|0|0,0|0|0|0|3|0|3|0|x,155.0,-175.0,175.0,-195.0,,9.0,sbro,,,,,DFISTER-R,JLACKEY-R,,,,,,,,
2010,2010-08-23,MIN,TEX,0.0,4.0,False,0|0|0|0|0|0|0|0|0,2|0|0|0|1|0|0|1|x,118.0,-138.0,124.0,-144.0,,10.5,sbro,,,,,NBLACKBUR-R,RHARDEN-R,,,,,,,,
2010,2010-08-23,TAM,LAA,4.0,3.0,False,3|1|0|0|0|0|0|0|0,0|0|2|0|0|0|1|0|0,-134.0,114.0,-142.0,122.0,,9.0,sbro,,,,,JSHIELDS-R,SKAZMIR-L,,,,,,,,
2010,2010-08-24,CUB,WAS,5.0,4.0,False,0|3|0|2|0|0|0|0|0,0|0|1|0|0|0|0|0|3,105.0,-125.0,110.0,-130.0,,8.5,sbro,,,,,CZAMBRANO-R,JLANNAN-L,,,,,,,,
2010,2010-08-24,STL,PIT,3.0,4.0,False,2|0|0|0|0|0|0|0|1,0|0|0|0|0|2|2|0|x,-260.0,220.0,-240.0,200.0,,7.0,sbro,,,,,WAINWRIGHT-R,PMAHOLM-L,,,,,,,,
2010,2010-08-24,HOU,PHI,4.0,2.0,False,0|0|0|2|0|0|0|0|0,0|0|0|0|0|1|0|0|1,200.0,-240.0,240.0,-280.0,,7.5,sbro,,,,,BNORRIS-R,CHAMELS-L,,,,,,,,
2010,2010-08-24,MIA,NYM,5.0,6.0,False,0|0|2|0|0|0|3|0|0,0|1|1|0|2|0|0|1|1,-125.0,105.0,-112.0,-108.0,,6.5,sbro,,,,,JJOHNSON-R,RDICKEY-R,,,,,,,,
2010,2010-08-24,LOS,MIL,5.0,3.0,False,0|2|0|0|0|3|0|0|0,0|1|0|0|2|0|0|0|0,-135.0,115.0,-121.0,101.0,,8.5,sbro,,,,,TLILLY-L,DBUSH-R,,,,,,,,
2010,2010-08-24,ATL,COL,2.0,5.0,False,0|1|0|0|0|0|1|0|0,2|0|0|0|0|1|0|2|x,-110.0,-110.0,102.0,-122.0,,9.0,sbro,,,,,DLOWE-R,DELAROSA-L,,,,,,,,
2010,2010-08-24,ARI,SDG,0.0,5.0,False,0|0|0|0|0|0|0|0|0,0|2|0|2|1|0|0|0|x,170.0,-200.0,180.0,-210.0,,8.0,sbro,,,,,RLOPEZ-R,CRICHARD-L,,,,,,,,
2010,2010-08-24,CIN,SFO,5.0,16.0,False,0|0|1|1|3|0|0|0|0,3|1|0|3|6|3|0|0|x,-110.0,-110.0,-111.0,-109.0,,7.5,sbro,,,,,TWOOD-L,JSANCHEZ-L,,,,,,,,
2010,2010-08-24,NYY,TOR,11.0,5.0,False,1|1|4|0|4|1|0|0|0,0|0|0|1|0|1|3|0|0,-125.0,105.0,-110.0,-110.0,,10.0,sbro,,,,,DMOSELEY-R,RZEPZNSKI-L,,,,,,,,
2010,2010-08-24,KAN,DET,1.0,9.0,False,0|0|0|0|0|0|0|0|1,1|0|0|2|4|2|0|0|x,135.0,-155.0,148.0,-168.0,,9.0,sbro,,,,,KDAVIES-R,RPORCELLO-R,,,,,,,,
2010,2010-08-24,OAK,CLE,5.0,0.0,False,0|2|0|0|1|0|2|0|0,0|0|0|0|0|0|0|0|0,-110.0,-110.0,-115.0,-105.0,,7.5,sbro,,,,,GGONZALEZ-L,FCARMONA-R,,,,,,,,
2010,2010-08-24,MIN,TEX,3.0,4.0,False,2|0|0|0|0|0|1|0|0,0|0|1|2|0|0|1|0|x,110.0,-130.0,120.0,-140.0,,8.5,sbro,,,,,CPAVANO-R,CLEWIS-R,,,,,,,,
2010,2010-08-24,BAL,CWS,5.0,7.0,False,0|0|0|2|0|0|0|0|3,0|0|0|1|1|0|4|1|x,160.0,-180.0,147.0,-167.0,,8.5,sbro,,,,,JGUTHRIE-R,GFLOYD-R,,,,,,,,
2010,2010-08-24,TAM,LAA,10.0,3.0,False,0|4|1|0|0|1|1|0|3,0|1|0|0|0|1|1|0|0,-110.0,-110.0,-107.0,-113.0,,8.5,sbro,,,,,WDAVIS-R,ESANTANA-R,,,,,,,,
2010,2010-08-25,ATL,COL,10.0,12.0,False,3|4|3|0|0|0|0|0|0,0|1|0|1|3|3|0|4|x,-109.0,-111.0,-120.0,100.0,,9.0,sbro,,,,,JJURRJENS-R,EROGERS-R,,,,,,,,
2010,2010-08-25,CIN,SFO,12.0,11.0,False,4|0|4|1|1|0|0|0|1,0|1|0|0|2|2|0|6|0,-107.0,-113.0,-102.0,-118.0,,7.5,sbro,,,,,HBAILEY-R,MBUMGARNR-L,,,,,,,,
2010,2010-08-25,CUB,WAS,4.0,0.0,False,0|0|0|0|0|0|0|3|1,0|0|0|0|0|0|0|0|0,-114.0,-106.0,-114.0,-106.0,,8.5,sbro,,,,,RDEMPSTER-R,JMARQUIS-R,,,,,,,,
2010,2010-08-25,HOU,PHI,3.0,2.0,False,0|0|0|1|0|1|1|0|0,0|0|0|0|1|1|0|0|0,280.0,-330.0,300.0,-360.0,,7.0,sbro,,,,,JHAPP-L,RHALLADAY-R,,,,,,,,
2010,2010-08-25,STL,PIT,2.0,5.0,False,0|0|0|0|0|0|1|0|1,0|0|3|1|0|0|0|1|x,-150.0,130.0,-168.0,148.0,,8.5,sbro,,,,,WESTBROOK-R,DMCCUTCHE-R,,,,,,,,
2010,2010-08-25,MIA,NYM,5.0,4.0,False,1|1|1|0|0|1|1|0|0,0|1|0|0|0|0|2|0|1,104.0,-124.0,-105.0,-105.0,,8.0,sbro,,,,,ASANABIA-R,PMISCH-L,,,,,,,,
2010,2010-08-25,LOS,MIL,5.0,4.0,False,0|0|1|0|3|1|0|0|0,0|0|0|3|0|1|0|0|0,-107.0,-113.0,-109.0,-111.0,,8.0,sbro,,,,,HKURODA-R,RWOLF-L,,,,,,,,
2010,2010-08-25,ARI,SDG,3.0,9.0,False,1|0|0|1|0|0|1|0|0,2|0|4|3|0|0|0|0|x,139.0,-159.0,155.0,-175.0,,7.5,sbro,,,,,JSAUNDERS-L,WLEBLANC-L,,,,,,,,
2010,2010-08-25,KAN,DET,4.0,3.0,False,0|0|0|0|0|0|1|2|0,0|3|0|0|0|0|0|0|0,145.0,-165.0,169.0,-189.0,,9.0,sbro,,,,,O'SULLIVAN-R,AGALARRAG-R,,,,,,,,
2010,2010-08-25,SEA,BOS,4.0,2.0,False,1|0|2|0|0|1|0|0|0,0|0|1|0|0|1|0|0|0,118.0,-138.0,-105.0,-105.0,,8.0,sbro,,,,,FHERNANDZ-R,WAKEFIELD-R,,,,,,,,
2010,2010-08-25,TAM,LAA,3.0,12.0,False,1|0|0|0|0|0|2|0|0,4|0|4|3|0|1|0|0|x,102.0,-122.0,-109.0,-111.0,,8.5,sbro,,,,,JNIEMANN-R,DHAREN-R,,,,,,,,
2010,2010-08-25,NYY,TOR,3.0,6.0,False,0|0|0|2|0|0|0|0|1,2|0|2|1|1|0|0|0|x,-133.0,113.0,-133.0,113.0,,8.5,sbro,,,,,PHUGHES-R,BCECIL-L,,,,,,,,
2010,2010-08-25,OAK,CLE,6.0,1.0,False,5|0|0|0|0|1|0|0|0,0|0|0|0|1|0|0|0|0,-133.0,113.0,-140.0,120.0,,7.5,sbro,,,,,TCAHILL-R,MTALBOT-R,,,,,,,,
2010,2010-08-25,MIN,TEX,3.0,4.0,False,0|1|0|0|2|0|0|0|0,2|0|1|0|0|1|0|0|x,125.0,-145.0,129.0,-149.0,,8.5,sbro,,,,,BDUENSING-L,CWILSON-L,,,,,,,,
2010,2010-08-25,BAL,CWS,4.0,2.0,False,0|0|0|0|2|1|1|0|0,0|0|0|0|0|1|0|0|1,152.0,-172.0,156.0,-176.0,,9.0,sbro,,,,,BMATUSZ-L,MBUEHRLE-L,,,,,,,,
2010,2010-08-25,SEA,BOS,3.0,5.0,False,0|0|0|0|0|0|3|0|0,0|0|0|0|0|4|0|1|x,125.0,-145.0,185.0,-215.0,,9.0,sbro,,,,,DPAULEY-R,JBECKETT-R,,,,,,,,
2010,2010-08-26,HOU,PHI,5.0,1.0,False,1|1|1|1|0|0|1|0|0,0|0|0|0|0|1|0|0|0,145.0,-165.0,146.0,-166.0,,8.5,sbro,,,,,WRODRIGEZ-L,KKENDRICK-R,,,,,,,,
2010,2010-08-26,LOS,MIL,7.0,1.0,False,1|0|0|0|1|2|3|0|0,0|0|0|1|0|0|0|0|0,150.0,-170.0,149.0,-169.0,,8.5,sbro,,,,,CMONASTER-R,YGALLARDO-R,,,,,,,,
2010,2010-08-26,ARI,SDG,11.0,5.0,False,1|3|0|5|0|0|2|0|0,0|0|0|0|0|0|0|5|0,145.0,-165.0,140.0,-160.0,,7.5,sbro,,,,,IKENNEDY-R,KCORREIA-R,,,,,,,,
2010,2010-08-26,STL,WAS,10.0,11.0,False,0|1|0|4|0|0|0|1|4,0|0|3|0|1|2|2|0|2,-210.0,180.0,-174.0,154.0,,7.5,sbro,,,,,CARPENTER-R,JZIMMERMN-R,,,,,,,,
2010,2010-08-26,MIA,NYM,11.0,4.0,False,0|0|0|2|0|7|0|0|2,2|1|1|0|0|0|0|0|0,-110.0,-110.0,107.0,-127.0,,7.5,sbro,,,,,ASANCHEZ-R,JNIESE-L,,,,,,,,
2010,2010-08-26,DET,TOR,7.0,1.0,False,0|0|0|6|0|0|1|0|0,0|0|0|0|0|0|1|0|0,110.0,-130.0,115.0,-135.0,,7.5,sbro,,,,,MSCHERZER-R,RROMERO-L,,,,,,,,
2010,2010-08-26,OAK,CLE,2.0,3.0,False,0|1|0|0|0|1|0|0|0,0|0|0|0|1|2|0|0|x,-120.0,100.0,-118.0,-102.0,,8.0,sbro,,,,,VMAZZARO-R,MASTERSON-R,,,,,,,,
2010,2010-08-26,MIN,TEX,6.0,4.0,False,0|3|2|0|0|1|0|0|0,0|0|0|0|0|0|2|2|0,140.0,-160.0,130.0,-150.0,,7.5,sbro,,,,,FLIRIANO-L,CLEE-L,,,,,,,,
2010,2010-08-26,BAL,CWS,0.0,8.0,False,0|0|0|0|0|0|0|0|0,1|0|2|1|2|0|0|2|x,180.0,-210.0,166.0,-186.0,,9.0,sbro,,,,,JARRIETA-R,EJACKSON-R,,,,,,,,
2010,2010-08-27,STL,WAS,4.0,2.0,False,1|0|2|0|0|0|0|1|0,0|0|0|0|0|0|0|1|1,-180.0,160.0,-152.0,132.0,,8.5,sbro,,,,,JGARCIA-L,SOLSEN-L,,,,,,,,
2010,2010-08-27,CUB,CIN,1.0,7.0,False,0|0|0|1|0|0|0|0|0,1|0|1|0|4|0|1|0|x,155.0,-175.0,145.0,-165.0,,8.5,sbro,,,,,GORZELANNY-L,JCUETO-R,,,,,,,,
2010,2010-08-27,HOU,NYM,1.0,2.0,False,0|0|0|0|0|0|0|0|1,1|0|0|1|0|0|0|0|x,115.0,-135.0,122.0,-142.0,,7.0,sbro,,,,,NFIGUEROA-R,MPELFREY-R,,,,,,,,
2010,2010-08-27,MIA,ATL,7.0,1.0,False,2|2|1|0|0|2|0|0|0,0|0|0|0|0|0|0|1|0,170.0,-200.0,180.0,-210.0,,8.0,sbro,,,,,CVOLSTAD-R,THANSON-R,,,,,,,,
2010,2010-08-27,PIT,MIL,2.0,7.0,False,0|1|0|0|1|0|0|0|0,0|0|0|0|0|1|6|0|x,125.0,-145.0,145.0,-165.0,,9.0,sbro,,,,,JMCDONALD-R,CNARVESON-L,,,,,,,,
2010,2010-08-27,LOS,COL,6.0,2.0,False,0|0|0|0|0|0|0|5|1,0|1|0|0|0|0|0|1|0,125.0,-145.0,136.0,-156.0,,7.5,sbro,,,,,CKERSHAW-L,UJIMENEZ-R,,,,,,,,
2010,2010-08-27,PHI,SDG,3.0,2.0,False,0|0|1|0|0|0|0|1|0,0|0|1|0|0|0|0|0|1,105.0,-125.0,110.0,-130.0,,6.5,sbro,,,,,ROSWALT-R,MLATOS-R,,,,,,,,
2010,2010-08-27,ARI,SFO,6.0,0.0,False,3|0|1|0|0|0|0|0|2,0|0|0|0|0|0|0|0|0,155.0,-175.0,160.0,-180.0,,7.5,sbro,,,,,BENRIGHT-R,TLINCECUM-R,,,,,,,,
2010,2010-08-27,DET,TOR,2.0,3.0,False,0|0|0|0|0|1|0|0|1,0|0|0|1|0|0|1|0|0,105.0,-125.0,109.0,-129.0,,7.5,sbro,,,,,VERLANDER-R,SMARCUM-R,,,,,,,,
2010,2010-08-27,KAN,CLE,4.0,15.0,False,0|0|0|3|0|0|0|0|1,0|6|0|1|3|0|0|5|x,120.0,-140.0,118.0,-138.0,,8.5,sbro,,,,,BULLINGTON-R,JTOMLIN-R,,,,,,,,
2010,2010-08-27,BOS,TAM,3.0,1.0,False,1|0|0|1|0|0|1|0|0,0|0|0|1|0|0|0|0|0,110.0,-130.0,117.0,-137.0,,7.0,sbro,,,,,JLESTER-L,DPRICE-L,,,,,,,,
2010,2010-08-27,OAK,TEX,3.0,7.0,False,0|0|0|0|0|2|0|1|0,3|1|0|3|0|0|0|0|x,120.0,-140.0,113.0,-133.0,,8.5,sbro,,,,,BANDERSON-L,THUNTER-R,,,,,,,,
2010,2010-08-27,NYY,CWS,4.0,9.0,False,1|0|1|0|0|0|0|0|2,4|0|1|4|0|0|0|0|x,-140.0,120.0,-133.0,113.0,,10.0,sbro,,,,,ABURNETT-R,FGARCIA-R,,,,,,,,
2010,2010-08-27,BAL,LAA,3.0,1.0,False,1|0|0|0|0|1|0|1|0,1|0|0|0|0|0|0|0|0,135.0,-155.0,120.0,-140.0,,9.5,sbro,,,,,BBERGESEN-R,TBELL-R,,,,,,,,
2010,2010-08-27,MIN,SEA,6.0,3.0,False,1|1|0|0|0|3|1|0|0,0|0|1|0|0|0|1|0|1,-135.0,115.0,-120.0,100.0,,7.0,sbro,,,,,SBAKER-R,JVARGAS-L,,,,,,,,
2010,2010-08-28,MIA,ATL,3.0,12.0,False,0|0|0|1|0|0|0|1|1,0|6|2|2|0|0|2|0|x,160.0,-180.0,158.0,-178.0,,7.0,sbro,,,,,RNOLASCO-R,THUDSON-R,,,,,,,,
2010,2010-08-28,PHI,SDG,3.0,1.0,False,0|0|0|0|1|0|2|0|0,0|0|0|0|1|0|0|0|0,110.0,-130.0,-102.0,-118.0,,8.0,sbro,,,,,JBLANTON-R,JGARLAND-R,,,,,,,,
2010,2010-08-28,STL,WAS,5.0,14.0,False,3|0|0|0|2|0|0|0|0,0|1|4|0|3|0|0|6|x,-110.0,-110.0,-108.0,-112.0,,9.0,sbro,,,,,KLOHSE-R,LHERNADEZ-R,,,,,,,,
2010,2010-08-28,CUB,CIN,3.0,2.0,False,0|1|0|0|2|0|0|0|0,0|0|0|1|0|1|0|0|0,160.0,-180.0,165.0,-185.0,,8.5,sbro,,,,,RWELLS-R,BARROYO-R,,,,,,,,
2010,2010-08-28,HOU,NYM,4.0,1.0,False,2|0|0|0|2|0|0|0|0,0|0|0|0|0|0|0|1|0,140.0,-160.0,155.0,-175.0,,6.5,sbro,,,,,BMYERS-R,JOSANTANA-L,,,,,,,,
2010,2010-08-28,PIT,MIL,7.0,8.0,False,1|2|3|0|0|0|1|0|0,2|0|1|0|0|1|3|0|0,145.0,-165.0,144.0,-164.0,,8.5,sbro,,,,,ZDUKE-L,CCAPUANO-L,,,,,,,,
2010,2010-08-28,LOS,COL,3.0,5.0,False,0|1|0|0|0|0|0|0|2,0|0|0|2|0|1|2|0|x,110.0,-130.0,108.0,-128.0,,8.5,sbro,,,,,BILLNGSLEY-R,JCHACIN-R,,,,,,,,
2010,2010-08-28,ARI,SFO,11.0,3.0,False,6|0|0|3|0|0|0|0|2,1|0|0|1|0|0|0|1|0,125.0,-145.0,115.0,-135.0,,7.5,sbro,,,,,DHUDSON-R,BZITO-L,,,,,,,,
2010,2010-08-28,DET,TOR,4.0,5.0,False,0|1|0|0|0|0|0|0|3,3|0|1|0|0|1|0|0|x,140.0,-160.0,175.0,-195.0,,9.0,sbro,,,,,AFIGARO-R,BMORROW-R,,,,,,,,
2010,2010-08-28,MIN,SEA,1.0,0.0,False,0|0|1|0|0|0|0|0|0,0|0|0|0|0|0|0|0|0,-110.0,-110.0,-113.0,-107.0,,8.5,sbro,,,,,NBLACKBUR-R,DFISTER-R,,,,,,,,
2010,2010-08-28,KAN,CLE,3.0,4.0,False,0|0|0|0|0|2|0|1|0,1|2|0|0|0|0|0|0|0,-130.0,110.0,-126.0,106.0,,7.5,sbro,,,,,ZGREINKE-R,JGOMEZ-R,,,,,,,,
2010,2010-08-28,NYY,CWS,12.0,9.0,False,2|2|2|0|4|0|0|1|1,1|0|2|2|0|0|0|2|2,-130.0,110.0,-136.0,116.0,,8.5,sbro,,,,,CSABATHIA-L,JDANKS-L,,,,,,,,
2010,2010-08-28,BOS,TAM,2.0,3.0,False,0|0|0|1|0|0|0|1|0,0|0|0|0|0|0|1|1|0,105.0,-125.0,122.0,-142.0,,7.5,sbro,,,,,CBUCHHOLZ-R,MGARZA-R,,,,,,,,
2010,2010-08-28,OAK,TEX,5.0,0.0,False,1|0|2|0|1|0|1|0|0,0|0|0|0|0|0|0|0|0,125.0,-145.0,116.0,-136.0,,8.5,sbro,,,,,DBRADEN-L,RHARDEN-R,,,,,,,,
2010,2010-08-28,BAL,LAA,5.0,0.0,False,0|0|0|0|2|2|0|1|0,0|0|0|0|0|0|0|0|0,145.0,-165.0,148.0,-168.0,,8.5,sbro,,,,,KMILLWOOD-R,SKAZMIR-L,,,,,,,,
2010,2010-08-29,CUB,CIN,5.0,7.0,False,0|1|0|0|2|0|0|2|0,1|1|1|0|0|1|1|2|x,190.0,-220.0,180.0,-210.0,,9.0,sbro,,,,,CCOLEMAN-R,TWOOD-L,,,,,,,,
2010,2010-08-29,HOU,NYM,1.0,5.0,False,0|0|1|0|0|0|0|0|0,0|4|0|0|0|1|0|0|x,140.0,-160.0,144.0,-164.0,,7.0,sbro,,,,,BNORRIS-R,RDICKEY-R,,,,,,,,
2010,2010-08-29,MIA,ATL,6.0,7.0,False,3|0|2|1|0|0|0|0|0,1|0|0|0|0|0|0|3|3,-110.0,-110.0,-105.0,-105.0,,7.5,sbro,,,,,JJOHNSON-R,DLOWE-R,,,,,,,,
2010,2010-08-29,STL,WAS,2.0,4.0,False,0|0|0|0|0|0|1|0|1,0|2|2|0|0|0|0|0|x,-190.0,170.0,-176.0,156.0,,7.5,sbro,,,,,WAINWRIGHT-R,JLANNAN-L,,,,,,,,
2010,2010-08-29,PIT,MIL,4.0,8.0,False,2|0|0|1|0|0|1|0|0,3|0|3|2|0|0|0|0|x,152.0,-172.0,146.0,-166.0,,9.5,sbro,,,,,CMORTON-R,DBUSH-R,,,,,,,,
2010,2010-08-29,LOS,COL,5.0,10.0,False,0|0|0|0|1|1|0|3|0,0|1|1|5|1|0|0|2|x,-107.0,-113.0,108.0,-128.0,,8.5,sbro,,,,,TLILLY-L,JHAMMEL-R,,,,,,,,
2010,2010-08-29,ARI,SFO,7.0,9.0,False,0|0|1|0|1|0|4|1|0,0|0|4|1|0|0|3|1|x,200.0,-230.0,170.0,-200.0,,7.5,sbro,,,,,RLOPEZ-R,MCAIN-R,,,,,,,,
2010,2010-08-29,PHI,SDG,5.0,0.0,False,0|0|1|0|0|0|2|1|1,0|0|0|0|0|0|0|0|0,-106.0,-114.0,-108.0,-112.0,,6.5,sbro,,,,,CHAMELS-L,CRICHARD-L,,,,,,,,
2010,2010-08-29,KAN,CLE,6.0,2.0,False,0|0|0|2|0|0|1|1|2,0|0|0|0|0|2|0|0|0,120.0,-140.0,128.0,-148.0,,9.0,sbro,,,,,BCHEN-L,FCARMONA-R,,,,,,,,
2010,2010-08-29,DET,TOR,10.0,4.0,False,1|0|0|1|0|2|3|3|0,0|0|0|0|0|1|0|0|3,-114.0,-106.0,112.0,-132.0,,9.5,sbro,,,,,RPORCELLO-R,RZEPZNSKI-L,,,,,,,,
2010,2010-08-29,BOS,TAM,3.0,5.0,False,0|0|0|0|2|1|0|0|0,0|0|0|1|0|3|1|0|x,125.0,-145.0,122.0,-142.0,,8.5,sbro,,,,,JLACKEY-R,JSHIELDS-R,,,,,,,,
2010,2010-08-29,NYY,CWS,2.0,1.0,False,0|1|1|0|0|0|0|0|0,0|0|0|0|1|0|0|0|0,104.0,-124.0,100.0,-120.0,,9.5,sbro,,,,,INOVA-R,GFLOYD-R,,,,,,,,
2010,2010-08-29,OAK,TEX,8.0,2.0,False,0|0|1|1|2|3|0|0|1,0|0|1|0|0|1|0|0|0,125.0,-145.0,131.0,-151.0,,8.0,sbro,,,,,GGONZALEZ-L,CLEWIS-R,,,,,,,,
2010,2010-08-29,BAL,LAA,1.0,0.0,False,0|0|0|0|0|0|1|0|0,0|0|0|0|0|0|0|0|0,170.0,-190.0,163.0,-183.0,,7.5,sbro,,,,,JGUTHRIE-R,JERWEAVER-R,,,,,,,,
2010,2010-08-29,MIN,SEA,1.0,2.0,False,0|0|0|0|0|0|1|0|0,0|0|0|0|0|0|2|0|x,-160.0,140.0,-138.0,118.0,,8.0,sbro,,,,,CPAVANO-R,LFRENCH-L,,,,,,,,
2010,2010-08-30,WAS,MIA,9.0,3.0,False,0|1|3|0|0|0|4|0|1,1|0|0|0|0|2|0|0|0,142.0,-162.0,136.0,-156.0,,8.5,sbro,,,,,JMARQUIS-R,ASANABIA-R,,,,,,,,
2010,2010-08-30,MIL,CIN,4.0,5.0,False,0|1|2|0|0|1|0|0|0,1|0|0|1|1|1|0|0|0,125.0,-145.0,126.0,-146.0,,9.5,sbro,,,,,RWOLF-L,HBAILEY-R,,,,,,,,
2010,2010-08-30,NYM,ATL,3.0,9.0,False,0|2|0|0|0|1|0|0|0,2|3|0|0|0|3|1|0|x,165.0,-185.0,170.0,-200.0,,8.0,sbro,,,,,PMISCH-L,JJURRJENS-R,,,,,,,,
2010,2010-08-30,PIT,CUB,2.0,14.0,False,0|0|0|0|0|1|0|1|0,2|0|0|7|4|0|1|0|x,152.0,-172.0,132.0,-152.0,,10.0,sbro,,,,,PMAHOLM-L,CZAMBRANO-R,,,,,,,,
2010,2010-08-30,STL,HOU,0.0,3.0,False,0|0|0|0|0|0|0|0|0,1|0|0|0|0|0|2|0|x,-115.0,-105.0,-125.0,105.0,,7.5,sbro,,,,,WESTBROOK-R,JHAPP-L,,,,,,,,
2010,2010-08-30,SDG,ARI,2.0,7.0,False,2|0|0|0|0|0|0|0|0,4|0|2|0|0|0|0|1|x,-130.0,110.0,-120.0,100.0,,9.5,sbro,,,,,WLEBLANC-L,JSAUNDERS-L,,,,,,,,
2010,2010-08-30,PHI,LOS,0.0,3.0,False,0|0|0|0|0|0|0|0|0,1|1|0|0|1|0|0|0|x,-140.0,120.0,-147.0,127.0,,6.5,sbro,,,,,RHALLADAY-R,HKURODA-R,,,,,,,,
2010,2010-08-30,COL,SFO,2.0,1.0,False,0|0|0|0|0|0|0|0|2,0|0|0|1|0|0|0|0|0,104.0,-124.0,107.0,-127.0,,7.5,sbro,,,,,DELAROSA-L,JSANCHEZ-L,,,,,,,,
2010,2010-08-30,CWS,CLE,10.0,6.0,False,2|3|0|0|0|1|0|0|0,0|0|0|2|1|0|0|0|3,-142.0,122.0,-130.0,110.0,,9.0,sbro,,,,,MBUEHRLE-L,MTALBOT-R,,,,,,,,
2010,2010-08-30,OAK,NYY,5.0,11.0,False,3|0|0|1|0|0|0|1|0,3|0|2|1|5|0|0|0|x,102.0,-122.0,109.0,-129.0,,9.5,sbro,,,,,TCAHILL-R,DMOSELEY-R,,,,,,,,
2010,2010-08-30,TOR,TAM,2.0,6.0,False,0|0|1|0|1|0|0|0|0,2|0|3|0|0|0|0|1|x,118.0,-138.0,126.0,-146.0,,8.5,sbro,,,,,BCECIL-L,WDAVIS-R,,,,,,,,
2010,2010-08-30,TEX,KAN,3.0,0.0,False,0|1|0|0|1|0|0|0|1,0|0|0|0|0|0|0|0|0,-175.0,155.0,-171.0,151.0,,9.0,sbro,,,,,CWILSON-L,KDAVIES-R,,,,,,,,
2010,2010-08-30,LAA,SEA,5.0,3.0,False,0|0|0|0|0|4|0|1|0,0|0|0|0|0|0|2|0|1,-117.0,-103.0,-127.0,107.0,,7.5,sbro,,,,,ESANTANA-R,DPAULEY-R,,,,,,,,
2010,2010-08-31,MIL,CIN,4.0,8.0,False,1|0|0|0|2|0|0|0|1,2|0|0|2|1|3|0|0|x,-103.0,-117.0,-107.0,-113.0,,9.0,sbro,,,,,YGALLARDO-R,AHARANG-R,,,,,,,,
2010,2010-08-31,NYM,ATL,2.0,9.0,False,0|0|0|0|2|0|0|0|0,0|0|0|1|7|0|1|0|x,130.0,-150.0,137.0,-157.0,,7.5,sbro,,,,,JNIESE-L,MMINOR-L,,,,,,,,
2010,2010-08-31,WAS,MIA,0.0,1.0,False,0|0|0|0|0|0|0|0|0,0|0|0|0|0|0|0|0|0,155.0,-175.0,133.0,-153.0,,8.5,sbro,,,,,JZIMMERMN-R,ASANCHEZ-R,,,,,,,,
2010,2010-08-31,PIT,CUB,14.0,7.0,False,4|1|2|2|0|2|3|0|0,0|0|0|0|2|0|0|5|0,190.0,-220.0,170.0,-200.0,,10.5,sbro,,,,,JKARSTENS-R,RDEMPSTER-R,,,,,,,,
2010,2010-08-31,STL,HOU,0.0,3.0,False,0|0|0|0|0|0|0|0|0,0|0|0|3|0|0|0|0|x,-152.0,132.0,-135.0,115.0,,6.5,sbro,,,,,CARPENTER-R,WRODRIGEZ-L,,,,,,,,
2010,2010-08-31,SDG,ARI,4.0,7.0,False,2|0|0|1|0|0|0|0|1,0|2|0|0|5|0|0|0|x,-114.0,-106.0,100.0,-120.0,,9.5,sbro,,,,,KCORREIA-R,IKENNEDY-R,,,,,,,,
2010,2010-08-31,PHI,LOS,8.0,4.0,False,0|3|3|0|0|0|2|0|0,1|0|0|0|1|2|0|0|0,-112.0,-108.0,-105.0,-105.0,,8.5,sbro,,,,,KKENDRICK-R,CMONASTER-R,,,,,,,,
2010,2010-08-31,COL,SFO,2.0,5.0,False,0|1|0|0|0|0|0|1|0,1|0|0|0|1|0|0|3|x,113.0,-133.0,119.0,-139.0,,8.0,sbro,,,,,EROGERS-R,MBUMGARNR-L,,,,,,,,
2010,2010-08-31,BOS,BAL,2.0,5.0,False,0|0|0|0|2|0|0|0|0,1|0|2|0|0|0|0|2|x,-138.0,118.0,-140.0,120.0,,8.5,sbro,,,,,JBECKETT-R,BMATUSZ-L,,,,,,,,
2010,2010-08-31,CWS,CLE,4.0,3.0,False,0|0|0|0|0|0|0|1|3,0|0|0|0|0|0|1|0|2,-130.0,110.0,-126.0,106.0,,8.5,sbro,,,,,EJACKSON-R,MASTERSON-R,,,,,,,,
2010,2010-08-31,OAK,NYY,3.0,9.0,False,0|0|1|1|0|0|1|0|0,3|0|2|4|0|0|0|0|x,170.0,-190.0,180.0,-210.0,,9.0,sbro,,,,,VMAZZARO-R,PHUGHES-R,,,,,,,,
2010,2010-08-31,TOR,TAM,13.0,5.0,False,0|0|1|0|0|10|0|2|0,0|0|0|0|3|0|0|2|0,125.0,-145.0,125.0,-145.0,,8.5,sbro,,,,,RROMERO-L,JNIEMANN-R,,,,,,,,
2010,2010-08-31,DET,MIN,3.0,4.0,False,2|1|0|0|0|0|0|0|0,0|0|0|0|0|2|2|0|x,152.0,-172.0,149.0,-169.0,,8.5,sbro,,,,,AGALARRAG-R,BDUENSING-L,,,,,,,,
2010,2010-08-31,TEX,KAN,9.0,10.0,False,1|0|1|1|3|3|0|0|0,0|1|3|0|5|0|0|0|1,-210.0,180.0,-200.0,170.0,,8.0,sbro,,,,,CLEE-L,O'SULLIVAN-R,,,,,,,,
2010,2010-08-31,LAA,SEA,1.0,3.0,False,0|0|0|0|0|0|0|1|0,0|0|0|0|0|0|0|3|x,110.0,-130.0,113.0,-133.0,,6.0,sbro,,,,,DHAREN-R,FHERNANDZ-R,,,,,,,,
2010,2010-09-01,STL,HOU,2.0,5.0,False,2|0|0|0|0|0|0|0|0,0|0|0|0|4|0|1|0|x,-110.0,-110.0,-104.0,-116.0,,8.5,sbro,,,,,JSUPPAN-R,NFIGUEROA-R,,,,,,,,
2010,2010-09-01,PIT,CUB,3.0,5.0,False,0|0|1|0|1|0|0|1|0,0|1|2|0|0|0|2|0|x,170.0,-200.0,135.0,-155.0,,10.5,sbro,,,,,JMCDONALD-R,GORZELANNY-L,,,,,,,,
2010,2010-09-01,PHI,LOS,5.0,1.0,False,1|1|0|0|0|0|1|0|2,0|0|0|0|0|0|0|1|0,-105.0,-115.0,-114.0,-106.0,,6.5,sbro,,,,,ROSWALT-R,CKERSHAW-L,,,,,,,,
2010,2010-09-01,SDG,ARI,2.0,5.0,False,0|0|0|1|0|0|1|0|0,0|0|0|0|0|1|4|0|x,-140.0,120.0,-142.0,122.0,,8.0,sbro,,,,,MLATOS-R,BENRIGHT-R,,,,,,,,
2010,2010-09-01,MIL,CIN,1.0,6.0,False,0|0|0|0|1|0|0|0|0,0|0|0|0|0|0|6|0|x,160.0,-180.0,142.0,-162.0,,9.5,sbro,,,,,CNARVESON-L,JCUETO-R,,,,,,,,
2010,2010-09-01,NYM,ATL,1.0,4.0,False,0|0|0|0|0|0|0|1|0,2|2|0|0|0|0|0|0|x,150.0,-170.0,153.0,-173.0,,8.0,sbro,,,,,MPELFREY-R,THANSON-R,,,,,,,,
2010,2010-09-01,WAS,MIA,10.0,16.0,False,1|2|0|1|1|3|2|0|0,5|5|4|1|0|0|1|0|x,135.0,-155.0,132.0,-152.0,,8.5,sbro,,,,,SOLSEN-L,CVOLSTAD-R,,,,,,,,
2010,2010-09-01,COL,SFO,1.0,2.0,False,0|0|0|1|0|0|0|0|0,0|0|0|0|1|0|0|1|x,-120.0,100.0,-105.0,-105.0,,7.0,sbro,,,,,UJIMENEZ-R,TLINCECUM-R,,,,,,,,
2010,2010-09-01,CWS,CLE,6.0,4.0,False,1|0|0|0|0|0|0|4|1,0|0|1|1|2|0|0|0|0,-150.0,130.0,-131.0,111.0,,9.5,sbro,,,,,FGARCIA-R,CCARRASCO-R,,,,,,,,
2010,2010-09-01,BOS,BAL,9.0,6.0,False,1|1|0|0|1|0|6|0|0,4|1|0|0|0|0|0|1|0,-230.0,200.0,-210.0,180.0,,8.5,sbro,,,,,JLESTER-L,JARRIETA-R,,,,,,,,
2010,2010-09-01,OAK,NYY,3.0,4.0,False,0|0|0|2|1|0|0|0|0,1|3|0|0|0|0|0|0|x,130.0,-150.0,118.0,-138.0,,9.5,sbro,,,,,BANDERSON-L,ABURNETT-R,,,,,,,,
2010,2010-09-01,TOR,TAM,1.0,2.0,False,0|0|0|0|1|0|0|0|0,0|0|0|0|1|0|0|1|x,150.0,-170.0,150.0,-170.0,,7.5,sbro,,,,,SMARCUM-R,DPRICE-L,,,,,,,,
2010,2010-09-01,DET,MIN,1.0,2.0,False,0|0|0|0|0|0|0|1|0,0|0|0|0|1|0|0|0|0,140.0,-160.0,118.0,-138.0,,7.0,sbro,,,,,MSCHERZER-R,FLIRIANO-L,,,,,,,,
2010,2010-09-01,TEX,KAN,4.0,3.0,False,2|0|0|1|0|1|0|0|0,0|0|1|1|0|0|1|0|0,-180.0,160.0,-160.0,140.0,,9.5,sbro,,,,,THUNTER-R,BULLINGTON-R,,,,,,,,
2010,2010-09-01,LAA,SEA,4.0,2.0,False,1|0|0|0|0|0|2|1|0,0|0|1|0|1|0|0|0|0,100.0,-120.0,-102.0,-118.0,,7.5,sbro,,,,,TBELL-R,JVARGAS-L,,,,,,,,
2010,2010-09-02,NYM,ATL,4.0,2.0,False,2|0|0|0|0|1|1|0|0,0|1|0|0|0|0|0|1|0,145.0,-165.0,137.0,-157.0,,6.5,sbro,,,,,JOSANTANA-L,THUDSON-R,,,,,,,,
2010,2010-09-02,OAK,NYY,0.0,5.0,False,0|0|0|0|0|0|0|0|0,0|1|0|0|0|1|2|1|x,180.0,-210.0,190.0,-220.0,,8.0,sbro,,,,,DBRADEN-L,CSABATHIA-L,,,,,,,,
2010,2010-09-02,BOS,BAL,6.0,4.0,False,0|5|0|0|0|0|1|0|0,0|0|0|0|0|4|0|0|0,-150.0,130.0,-134.0,114.0,,9.0,sbro,,,,,DMATSUZAK-R,BBERGESEN-R,,,,,,,,
2010,2010-09-02,DET,MIN,10.0,9.0,False,1|1|0|0|1|0|0|4|1,0|2|0|1|3|0|1|1|0,100.0,-120.0,-105.0,-115.0,,7.0,sbro,,,,,VERLANDER-R,SBAKER-R,,,,,,,,
2010,2010-09-02,CLE,SEA,6.0,3.0,False,0|0|0|0|0|4|0|0|2,0|0|3|0|0|0|0|0|0,115.0,-135.0,133.0,-153.0,,7.5,sbro,,,,,JTOMLIN-R,DFISTER-R,,,,,,,,
2010,2010-09-02,PHI,COL,12.0,11.0,False,0|0|0|1|1|1|9|0|0,0|4|0|0|2|1|3|0|1,120.0,-140.0,-103.0,-117.0,,9.0,sbro,,,,,JBLANTON-R,JCHACIN-R,,,,,,,,
2010,2010-09-03,NYM,CUB,6.0,7.0,False,3|0|0|0|0|1|1|1|0,0|0|0|4|0|3|0|0|x,-110.0,-110.0,-105.0,-105.0,,10.0,sbro,,,,,RDICKEY-R,RWELLS-R,,,,,,,,
2010,2010-09-03,MIL,PHI,0.0,1.0,False,0|0|0|0|0|0|0|0|0,0|1|0|0|0|0|0|0|x,220.0,-260.0,200.0,-230.0,,8.5,sbro,,,,,CCAPUANO-L,CHAMELS-L,,,,,,,,
2010,2010-09-03,WAS,PIT,5.0,8.0,False,0|0|1|0|0|4|0|0|0,0|0|3|1|4|0|0|0|x,-113.0,-107.0,-110.0,-110.0,,8.5,sbro,,,,,LHERNADEZ-R,ZDUKE-L,,,,,,,,
2010,2010-09-03,ATL,MIA,1.0,6.0,False,0|1|0|0|0|0|0|0|0,2|0|3|1|0|0|0|0|x,-117.0,-103.0,-120.0,100.0,,9.5,sbro,,,,,KKAWAKAMI-R,AMILLER-L,,,,,,,,
2010,2010-09-03,CIN,STL,2.0,3.0,False,0|0|1|1|0|0|0|0|0,2|1|0|0|0|0|0|0|x,110.0,-130.0,115.0,-135.0,,7.5,sbro,,,,,BARROYO-R,JGARCIA-L,,,,,,,,
2010,2010-09-03,HOU,ARI,3.0,4.0,False,0|0|0|1|1|0|1|0|0,1|0|0|0|2|0|0|1|x,114.0,-134.0,126.0,-146.0,,8.0,sbro,,,,,BMYERS-R,DHUDSON-R,,,,,,,,
2010,2010-09-03,COL,SDG,4.0,3.0,False,0|2|2|0|0|0|0|0|0,0|0|0|0|0|1|2|0|0,104.0,-124.0,120.0,-140.0,,7.5,sbro,,,,,ACOOK-R,CLUEBKE-L,,,,,,,,
2010,2010-09-03,SFO,LOS,2.0,4.0,False,0|0|0|2|0|0|0|0|0,0|2|0|2|0|0|0|0|x,110.0,-130.0,125.0,-145.0,,7.5,sbro,,,,,BZITO-L,BILLNGSLEY-R,,,,,,,,
2010,2010-09-03,TOR,NYY,3.0,7.0,False,1|0|0|2|0|0|0|0|0,2|2|1|0|0|2|0|0|x,125.0,-145.0,118.0,-138.0,,9.0,sbro,,,,,BMORROW-R,INOVA-R,,,,,,,,
2010,2010-09-03,TAM,BAL,4.0,1.0,False,0|0|2|2|0|0|0|0|0,0|0|0|1|0|0|0|0|0,-200.0,170.0,-187.0,167.0,,8.5,sbro,,,,,MGARZA-R,KMILLWOOD-R,,,,,,,,
2010,2010-09-03,DET,KAN,9.0,5.0,False,0|0|0|0|0|0|4|1|0,0|4|0|0|0|0|0|1|0,134.0,-154.0,148.0,-168.0,,8.0,sbro,,,,,BONDERMAN-R,ZGREINKE-R,,,,,,,,
2010,2010-09-03,TEX,MIN,3.0,4.0,False,0|1|0|0|0|1|1|0|0,1|0|0|0|0|1|2|0|x,104.0,-124.0,-112.0,-108.0,,9.0,sbro,,,,,DHOLLAND-L,MFOX-R,,,,,,,,
2010,2010-09-03,LAA,OAK,0.0,8.0,False,0|0|0|0|0|0|0|0|0,1|0|0|0|0|1|6|0|x,155.0,-175.0,144.0,-164.0,,7.5,sbro,,,,,SKAZMIR-L,GGONZALEZ-L,,,,,,,,
2010,2010-09-03,CLE,SEA,0.0,1.0,False,0|0|0|0|0|0|0|0|0,1|0|0|0|0|0|0|0|x,-113.0,-107.0,101.0,-121.0,,7.0,sbro,,,,,FCARMONA-R,LFRENCH-L,,,,,,,,
2010,2010-09-04,NYM,CUB,3.0,5.0,False,0|0|0|1|0|0|1|1|0,0|1|1|0|2|0|1|0|x,134.0,-154.0,120.0,-140.0,,8.5,sbro,,,,,JMEJIA-R,CZAMBRANO-R,,,,,,,,
2010,2010-09-04,MIL,PHI,4.0,5.0,False,0|2|1|0|0|0|1|0|0,0|2|1|0|0|0|2|0|x,250.0,-290.0,240.0,-280.0,,7.5,sbro,,,,,DBUSH-R,RHALLADAY-R,,,,,,,,
2010,2010-09-04,WAS,PIT,9.0,2.0,False,0|0|0|5|2|1|0|1|0,0|0|0|0|1|0|0|1|0,-113.0,-107.0,-106.0,-114.0,,8.5,sbro,,,,,JLANNAN-L,PMAHOLM-L,,,,,,,,
2010,2010-09-04,ATL,MIA,2.0,0.0,False,0|1|0|0|0|1|0|0|0,0|0|0|0|0|0|0|0|0,114.0,-134.0,137.0,-157.0,,7.0,sbro,,,,,JJURRJENS-R,JJOHNSON-R,,,,,,,,
2010,2010-09-04,CIN,STL,6.0,1.0,False,3|1|0|1|0|0|0|0|1,1|0|0|0|0|0|0|0|0,154.0,-174.0,147.0,-167.0,,7.0,sbro,,,,,TWOOD-L,WAINWRIGHT-R,,,,,,,,
2010,2010-09-04,HOU,ARI,6.0,5.0,False,1|0|0|0|0|1|0|4|0,1|1|0|0|3|0|0|0|0,120.0,-140.0,118.0,-138.0,,9.0,sbro,,,,,BNORRIS-R,JSAUNDERS-L,,,,,,,,
2010,2010-09-04,COL,SDG,6.0,2.0,False,0|0|2|0|1|0|0|3|0,1|0|0|0|0|0|1|0|0,120.0,-140.0,112.0,-132.0,,7.0,sbro,,,,,JHAMMEL-R,JGARLAND-R,,,,,,,,
2010,2010-09-04,SFO,LOS,5.0,4.0,False,0|0|0|0|0|0|1|2|2,0|0|0|4|0|0|0|0|0,105.0,-125.0,-103.0,-117.0,,6.5,sbro,,,,,MCAIN-R,TLILLY-L,,,,,,,,
2010,2010-09-04,TOR,NYY,5.0,7.0,False,0|3|0|0|2|0|0|0|0,0|0|3|2|0|0|2|0|x,175.0,-195.0,170.0,-200.0,,10.0,sbro,,,,,RZEPZNSKI-L,JVAZQUEZ-R,,,,,,,,
2010,2010-09-04,LAA,OAK,1.0,3.0,False,0|0|0|0|0|0|0|1|0,1|1|0|0|0|1|0|0|x,114.0,-134.0,107.0,-127.0,,6.5,sbro,,,,,JERWEAVER-R,TCAHILL-R,,,,,,,,
2010,2010-09-04,TEX,MIN,4.0,12.0,False,0|0|0|0|1|2|0|0|1,5|0|1|3|0|0|3|0|x,100.0,-120.0,-113.0,-107.0,,7.5,sbro,,,,,CLEWIS-R,CPAVANO-R,,,,,,,,
2010,2010-09-04,TAM,BAL,4.0,8.0,False,1|0|0|1|0|0|0|0|2,2|0|3|0|2|1|0|0|x,-150.0,130.0,-143.0,123.0,,8.5,sbro,,,,,JSHIELDS-R,JGUTHRIE-R,,,,,,,,
2010,2010-09-04,CWS,BOS,3.0,1.0,False,0|0|1|0|0|0|2|0|0,0|0|0|0|1|0|0|0|0,100.0,-120.0,109.0,-129.0,,9.0,sbro,,,,,GFLOYD-R,JLACKEY-R,,,,,,,,
2010,2010-09-04,DET,KAN,6.0,4.0,False,2|0|1|0|1|0|0|2|0,0|0|2|0|0|2|0|0|0,-114.0,-106.0,-118.0,-102.0,,9.0,sbro,,,,,RPORCELLO-R,BCHEN-L,,,,,,,,
2010,2010-09-04,CLE,SEA,4.0,2.0,False,1|0|2|1|0|0|0|0|0,0|0|0|0|0|0|1|1|0,-106.0,-114.0,103.0,-123.0,,7.5,sbro,,,,,MTALBOT-R,DPAULEY-R,,,,,,,,
2010,2010-09-04,CWS,BOS,3.0,1.0,False,0|1|0|1|0|0|1|0|0,0|0|0|0|1|0|0|0|0,120.0,-140.0,135.0,-155.0,,8.0,sbro,,,,,JDANKS-L,CBUCHHOLZ-R,,,,,,,,
2010,2010-09-05,ATL,MIA,6.0,7.0,False,0|0|0|0|1|5|0|0|0,1|2|3|0|0|0|0|0|0,-120.0,100.0,-122.0,102.0,,8.5,sbro,,,,,MMINOR-L,ASANABIA-R,,,,,,,,
2010,2010-09-05,MIL,PHI,6.0,2.0,False,3|0|1|1|0|0|0|0|1,0|2|0|0|0|0|0|0|0,130.0,-150.0,125.0,-145.0,,9.5,sbro,,,,,RWOLF-L,KKENDRICK-R,,,,,,,,
2010,2010-09-05,WAS,PIT,8.0,1.0,False,1|0|0|5|0|2|0|0|0,0|0|0|1|0|0|0|0|0,-125.0,105.0,-108.0,-112.0,,9.0,sbro,,,,,JMARQUIS-R,CMORTON-R,,,,,,,,
2010,2010-09-05,CIN,STL,2.0,4.0,False,0|0|0|0|2|0|0|0|0,0|0|0|0|1|3|0|0|x,157.0,-177.0,151.0,-171.0,,7.5,sbro,,,,,HBAILEY-R,CARPENTER-R,,,,,,,,
2010,2010-09-05,NYM,CUB,18.0,5.0,False,0|2|0|0|5|0|1|5|5,1|0|2|1|0|0|1|0|0,125.0,-145.0,132.0,-152.0,,9.0,sbro,,,,,JNIESE-L,RDEMPSTER-R,,,,,,,,
2010,2010-09-05,COL,SDG,4.0,2.0,False,0|0|0|1|1|0|2|0|0,0|0|0|0|0|2|0|0|0,105.0,-125.0,114.0,-134.0,,7.0,sbro,,,,,DELAROSA-L,CRICHARD-L,,,,,,,,
2010,2010-09-05,HOU,ARI,3.0,2.0,False,3|0|0|0|0|0|0|0|0,0|0|1|1|0|0|0|0|0,-110.0,-110.0,-105.0,-105.0,,9.0,sbro,,,,,JHAPP-L,RLOPEZ-R,,,,,,,,
2010,2010-09-05,SFO,LOS,3.0,0.0,False,0|1|0|0|0|0|2|0|0,0|0|0|0|0|0|0|0|0,125.0,-145.0,114.0,-134.0,,7.0,sbro,,,,,JSANCHEZ-L,HKURODA-R,,,,,,,,
2010,2010-09-05,TOR,NYY,7.0,3.0,False,2|0|2|0|1|1|1|0|0,0|0|1|0|0|1|1|0|0,160.0,-180.0,149.0,-169.0,,9.0,sbro,,,,,BCECIL-L,PHUGHES-R,,,,,,,,
2010,2010-09-05,CWS,BOS,7.0,5.0,False,0|1|0|0|0|0|2|0|4,0|0|2|0|0|0|2|1|0,120.0,-140.0,120.0,-140.0,,9.0,sbro,,,,,MBUEHRLE-L,JBECKETT-R,,,,,,,,
2010,2010-09-05,TAM,BAL,7.0,8.0,False,0|0|1|0|0|4|2|0|0,2|0|2|0|0|4|0|0|x,-180.0,160.0,-160.0,140.0,,9.5,sbro,,,,,WDAVIS-R,CTILLMAN-R,,,,,,,,
2010,2010-09-05,DET,KAN,1.0,2.0,False,0|0|0|0|1|0|0|0|0,1|0|0|0|0|1|0|0|x,-130.0,110.0,-125.0,105.0,,9.0,sbro,,,,,AGALARRAG-R,KDAVIES-R,,,,,,,,
2010,2010-09-05,TEX,MIN,5.0,6.0,False,0|2|0|0|0|0|0|0|3,2|1|0|0|0|3|0|0|x,-121.0,101.0,-127.0,107.0,,8.5,sbro,,,,,CWILSON-L,NBLACKBUR-R,,,,,,,,
2010,2010-09-05,LAA,OAK,7.0,4.0,False,0|0|4|0|1|0|2|0|0,0|0|1|2|0|0|0|0|1,-110.0,-110.0,-108.0,-112.0,,8.0,sbro,,,,,ESANTANA-R,VMAZZARO-R,,,,,,,,
2010,2010-09-05,CLE,SEA,0.0,3.0,False,0|0|0|0|0|0|0|0|0,0|1|0|0|0|1|0|1|x,170.0,-200.0,175.0,-195.0,,6.5,sbro,,,,,JGOMEZ-R,FHERNANDZ-R,,,,,,,,
2010,2010-09-06,MIA,PHI,7.0,1.0,False,1|1|0|0|0|0|0|2|3,0|0|0|0|0|0|0|0|1,140.0,-160.0,140.0,-160.0,,10.0,sbro,,,,,AMENDEZ-R,VWORLEY-R,,,,,,,,
2010,2010-09-06,MIA,PHI,4.0,7.0,False,0|1|2|0|1|0|0|0|0,0|5|0|0|2|0|0|0|x,155.0,-175.0,167.0,-187.0,,8.0,sbro,,,,,ASANCHEZ-R,ROSWALT-R,,,,,,,,
2010,2010-09-06,NYM,WAS,3.0,13.0,False,2|0|1|0|0|0|0|0|0,0|0|1|5|1|5|1|0|x,-113.0,-107.0,115.0,-135.0,,8.0,sbro,,,,,MPELFREY-R,JZIMMERMN-R,,,,,,,,
2010,2010-09-06,ATL,PIT,1.0,3.0,False,0|1|0|0|0|0|0|0|0,1|0|0|0|0|2|0|0|x,-191.0,171.0,-200.0,170.0,,8.0,sbro,,,,,THANSON-R,BBURRES-L,,,,,,,,
2010,2010-09-06,STL,MIL,8.0,6.0,False,1|0|0|0|0|1|0|6|0,0|0|1|0|1|0|0|2|2,105.0,-125.0,107.0,-127.0,,8.5,sbro,,,,,WESTBROOK-R,YGALLARDO-R,,,,,,,,
2010,2010-09-06,HOU,CUB,4.0,5.0,False,0|4|0|0|0|0|0|0|0,0|0|3|0|1|0|0|1|x,-118.0,-102.0,-120.0,100.0,,13.0,sbro,,,,,WRODRIGEZ-L,CCOLEMAN-R,,,,,,,,
2010,2010-09-06,CIN,COL,5.0,10.0,False,0|0|4|0|0|0|0|1|0,0|0|4|0|1|3|2|0|x,160.0,-180.0,170.0,-200.0,,8.5,sbro,,,,,AHARANG-R,UJIMENEZ-R,,,,,,,,
2010,2010-09-06,SFO,ARI,2.0,0.0,False,0|0|0|0|0|0|0|0|0,0|0|0|0|0|0|0|0|0,-110.0,-110.0,-114.0,-106.0,,9.0,sbro,,,,,MBUMGARNR-L,IKENNEDY-R,,,,,,,,
2010,2010-09-06,LOS,SDG,2.0,4.0,False,0|0|0|1|0|0|1|0|0,0|0|1|2|0|0|1|0|x,133.0,-153.0,110.0,-130.0,,6.5,sbro,,,,,VPADILLA-R,TSTAUFFER-R,,,,,,,,
2010,2010-09-06,TEX,TOR,2.0,7.0,False,0|0|0|1|0|0|0|0|1,0|1|5|0|0|0|1|0|x,116.0,-136.0,117.0,-137.0,,8.5,sbro,,,,,THUNTER-R,RROMERO-L,,,,,,,,
2010,2010-09-06,BAL,NYY,4.0,3.0,False,0|0|1|0|1|1|1|0|0,0|0|0|1|0|2|0|0|0,185.0,-215.0,170.0,-200.0,,9.5,sbro,,,,,BMATUSZ-L,ABURNETT-R,,,,,,,,
2010,2010-09-06,CWS,DET,5.0,4.0,False,0|2|0|1|0|0|0|1|0,2|0|0|2|0|0|0|0|0,-102.0,-118.0,109.0,-129.0,,7.5,sbro,,,,,EJACKSON-R,MSCHERZER-R,,,,,,,,
2010,2010-09-06,KAN,MIN,4.0,5.0,False,0|2|0|0|0|2|0|0|0,0|1|0|1|3|0|0|0|x,170.0,-200.0,180.0,-210.0,,8.5,sbro,,,,,O'SULLIVAN-R,KSLOWEY-R,,,,,,,,
2010,2010-09-06,SEA,OAK,2.0,6.0,False,0|0|0|0|0|0|1|0|1,2|0|0|2|1|0|1|0|x,155.0,-175.0,157.0,-177.0,,7.0,sbro,,,,,JVARGAS-L,BANDERSON-L,,,,,,,,
2010,2010-09-06,TAM,BOS,5.0,12.0,False,1|0|1|0|0|0|3|0|0,3|3|0|5|0|0|1|0|x,142.0,-162.0,135.0,-155.0,,8.5,sbro,,,,,JNIEMANN-R,JLESTER-L,,,,,,,,
2010,2010-09-06,CLE,LAA,3.0,2.0,False,0|0|0|1|0|1|0|0|1,0|0|0|0|1|1|0|0|0,148.0,-168.0,158.0,-178.0,,7.5,sbro,,,,,CCARRASCO-R,DHAREN-R,,,,,,,,
2010,2010-09-07,ATL,PIT,0.0,5.0,False,0|0|0|0|0|0|0|0|0,0|0|0|0|0|0|5|0|x,-235.0,205.0,-189.0,169.0,,7.5,sbro,,,,,THUDSON-R,JMCDONALD-R,,,,,,,,
2010,2010-09-07,MIA,PHI,7.0,8.0,False,0|0|2|1|0|0|1|3|0,0|1|0|1|3|0|2|1|x,145.0,-165.0,144.0,-164.0,,10.0,sbro,,,,,CVOLSTAD-R,JBLANTON-R,,,,,,,,
2010,2010-09-07,NYM,WAS,4.0,1.0,False,3|1|0|0|0|0|0|0|0,0|0|0|0|0|1|0|0|0,-104.0,-116.0,120.0,-140.0,,8.5,sbro,,,,,DGEE-R,YMAYA-R,,,,,,,,
2010,2010-09-07,HOU,CUB,7.0,3.0,False,1|3|0|0|2|1|0|0|0,2|0|1|0|0|0|0|0|0,101.0,-121.0,104.0,-124.0,,11.0,sbro,,,,,NFIGUEROA-R,CSILVA-R,,,,,,,,
2010,2010-09-07,STL,MIL,2.0,4.0,False,0|0|0|2|0|0|0|0|0,2|0|0|0|2|0|0|0|x,-106.0,-114.0,102.0,-122.0,,9.5,sbro,,,,,KLOHSE-R,CNARVESON-L,,,,,,,,
2010,2010-09-07,CIN,COL,3.0,4.0,False,0|0|0|2|0|0|0|1|0,3|0|0|0|0|1|0|0|x,101.0,-121.0,112.0,-132.0,,9.0,sbro,,,,,JCUETO-R,JCHACIN-R,,,,,,,,
2010,2010-09-07,SFO,ARI,6.0,3.0,False,3|0|0|0|1|2|0|0|0,0|0|0|0|0|0|3|0|0,-121.0,101.0,-139.0,119.0,,8.0,sbro,,,,,TLINCECUM-R,BENRIGHT-R,,,,,,,,
2010,2010-09-07,LOS,SDG,1.0,2.0,False,0|0|0|0|0|1|0|0|0,0|1|1|0|0|0|0|0|x,-131.0,111.0,123.0,-143.0,,5.5,sbro,,,,,CKERSHAW-L,MLATOS-R,,,,,,,,
2010,2010-09-07,TEX,TOR,5.0,8.0,False,0|0|0|2|0|0|1|0|2,0|1|0|1|2|1|3|0|x,135.0,-155.0,153.0,-173.0,,9.0,sbro,,,,,SFELDMAN-R,SMARCUM-R,,,,,,,,
2010,2010-09-07,CWS,DET,1.0,9.0,False,0|0|1|0|0|0|0|0|0,2|0|4|0|0|0|0|3|x,132.0,-152.0,140.0,-160.0,,8.5,sbro,,,,,FGARCIA-R,VERLANDER-R,,,,,,,,
2010,2010-09-07,BAL,NYY,6.0,2.0,False,3|0|2|0|0|0|1|0|0,1|0|0|0|1|0|0|0|0,290.0,-340.0,320.0,-380.0,,9.0,sbro,,,,,JARRIETA-R,CSABATHIA-L,,,,,,,,
2010,2010-09-07,TAM,BOS,14.0,5.0,False,0|0|2|4|6|2|0|0|0,2|0|0|0|0|0|0|3|0,-123.0,103.0,-119.0,-101.0,,8.5,sbro,,,,,DPRICE-L,DMATSUZAK-R,,,,,,,,
2010,2010-09-07,KAN,MIN,3.0,10.0,False,0|0|0|1|1|0|0|0|1,0|1|6|2|0|1|0|0|x,250.0,-290.0,250.0,-300.0,,8.0,sbro,,,,,BBANNISTR-R,FLIRIANO-L,,,,,,,,
2010,2010-09-07,SEA,OAK,7.0,5.0,False,0|5|1|0|0|0|1|0|0,0|0|0|0|2|0|0|0|3,148.0,-168.0,163.0,-183.0,,7.0,sbro,,,,,DFISTER-R,DBRADEN-L,,,,,,,,
2010,2010-09-07,CLE,LAA,6.0,1.0,False,0|0|1|0|0|5|0|0|0,0|0|0|0|1|0|0|0|0,101.0,-121.0,114.0,-134.0,,8.5,sbro,,,,,MASTERSON-R,TBELL-R,,,,,,,,
2010,2010-09-08,NYM,WAS,3.0,2.0,False,0|0|2|0|0|0|1|0|0,0|0|0|0|2|0|0|0|0,-107.0,-113.0,-105.0,-105.0,,8.0,sbro,,,,,RDICKEY-R,LHERNADEZ-R,,,,,,,,
2010,2010-09-08,ATL,PIT,9.0,3.0,False,3|1|4|0|1|0|0|0|0,0|0|0|0|1|0|0|0|2,-154.0,134.0,-153.0,133.0,,8.5,sbro,,,,,DLOWE-R,ZDUKE-L,,,,,,,,
2010,2010-09-08,MIA,PHI,6.0,10.0,False,0|0|0|0|0|0|0|6|0,2|1|1|3|2|0|1|0|x,206.0,-236.0,210.0,-250.0,,8.5,sbro,,,,,AMILLER-L,CHAMELS-L,,,,,,,,
2010,2010-09-08,HOU,CUB,4.0,0.0,False,0|1|1|0|1|1|0|0|0,0|0|0|0|0|0|0|0|0,110.0,-130.0,-104.0,-116.0,,7.5,sbro,,,,,BMYERS-R,RWELLS-R,,,,,,,,
2010,2010-09-08,STL,MIL,1.0,8.0,False,1|0|0|0|0|0|0|0|0,0|0|3|4|0|0|0|1|x,-121.0,101.0,-131.0,111.0,,8.5,sbro,,,,,JGARCIA-L,CCAPUANO-L,,,,,,,,
2010,2010-09-08,CIN,COL,2.0,9.0,False,1|0|0|0|0|0|1|0|0,0|2|3|0|4|0|0|0|x,102.0,-122.0,-105.0,-115.0,,10.0,sbro,,,,,BARROYO-R,ACOOK-R,,,,,,,,
2010,2010-09-08,SFO,ARI,1.0,3.0,False,1|0|0|0|0|0|0|0|0,0|1|1|0|0|0|1|0|x,110.0,-130.0,110.0,-130.0,,8.5,sbro,,,,,BZITO-L,DHUDSON-R,,,,,,,,
2010,2010-09-08,LOS,SDG,0.0,4.0,False,0|0|0|0|0|0|0|0|0,0|0|1|0|0|3|0|0|x,-106.0,-114.0,-110.0,-110.0,,6.5,sbro,,,,,BILLNGSLEY-R,CLUEBKE-L,,,,,,,,
2010,2010-09-08,BAL,NYY,2.0,3.0,False,0|0|0|0|2|0|0|0|0,0|0|1|0|0|0|0|0|2,180.0,-210.0,200.0,-240.0,,10.0,sbro,,,,,BBERGESEN-R,INOVA-R,,,,,,,,
2010,2010-09-08,CWS,DET,1.0,5.0,False,0|0|0|1|0|0|0|0|0,0|0|0|4|1|0|0|0|x,-118.0,-102.0,-143.0,123.0,,8.5,sbro,,,,,JDANKS-L,BONDERMAN-R,,,,,,,,
2010,2010-09-08,CLE,LAA,3.0,4.0,False,0|0|0|0|1|0|1|0|1,0|0|0|0|2|1|0|0|0,125.0,-145.0,120.0,-140.0,,9.0,sbro,,,,,JTOMLIN-R,SKAZMIR-L,,,,,,,,
2010,2010-09-08,TEX,TOR,8.0,1.0,False,2|0|0|0|1|1|0|1|3,0|0|0|0|0|0|0|1|0,110.0,-130.0,-103.0,-117.0,,10.0,sbro,,,,,DHOLLAND-L,RZEPZNSKI-L,,,,,,,,
2010,2010-09-08,TAM,BOS,5.0,11.0,False,1|3|0|1|0|0|0|0|0,0|2|2|0|3|1|3|0|x,-105.0,-115.0,-150.0,130.0,,9.0,sbro,,,,,MGARZA-R,WAKEFIELD-R,,,,,,,,
2010,2010-09-08,KAN,MIN,3.0,4.0,False,0|1|0|0|0|0|0|0|2,0|0|0|0|3|0|1|0|x,125.0,-145.0,134.0,-154.0,,7.5,sbro,,,,,ZGREINKE-R,BDUENSING-L,,,,,,,,
2010,2010-09-08,SEA,OAK,3.0,4.0,False,2|1|0|0|0|0|0|0|0,0|0|2|0|0|2|0|0|x,173.0,-193.0,170.0,-200.0,,7.0,sbro,,,,,LFRENCH-L,GGONZALEZ-L,,,,,,,,
2010,2010-09-09,CIN,COL,5.0,6.0,False,1|4|0|0|0|0|0|0|0,0|0|0|2|1|0|1|2|x,102.0,-122.0,106.0,-126.0,,8.5,sbro,,,,,TWOOD-L,JHAMMEL-R,,,,,,,,
2010,2010-09-09,STL,ATL,11.0,4.0,False,0|5|0|2|1|2|0|0|1,3|0|0|0|0|0|0|0|1,-113.0,-107.0,-107.0,-113.0,,7.0,sbro,,,,,WAINWRIGHT-R,JJURRJENS-R,,,,,,,,
2010,2010-09-09,LOS,HOU,2.0,3.0,False,2|0|0|0|0|0|0|0|0,0|0|0|0|0|3|0|0|x,-125.0,105.0,-118.0,-102.0,,7.5,sbro,,,,,TLILLY-L,BNORRIS-R,,,,,,,,
2010,2010-09-09,SFO,SDG,7.0,3.0,False,1|0|2|1|2|1|0|0|0,0|0|1|0|0|0|0|0|2,-105.0,-105.0,-108.0,-112.0,,6.5,sbro,,,,,MCAIN-R,JGARLAND-R,,,,,,,,
2010,2010-09-09,CWS,DET,3.0,6.0,False,0|0|0|2|0|0|1|0|0,2|0|2|1|0|0|1|0|x,-117.0,-103.0,-126.0,106.0,,8.5,sbro,,,,,GFLOYD-R,RPORCELLO-R,,,,,,,,
2010,2010-09-09,TEX,TOR,4.0,2.0,False,0|0|0|2|0|2|0|0|0,0|0|0|0|0|0|1|1|0,-110.0,-110.0,-105.0,-105.0,,9.0,sbro,,,,,CLEWIS-R,SHILL-R,,,,,,,,
2010,2010-09-10,MIA,WAS,3.0,1.0,False,2|0|0|0|0|0|1|0|0,0|0|0|0|0|0|0|1|0,-105.0,-115.0,105.0,-125.0,,8.5,sbro,,,,,ASANABIA-R,JLANNAN-L,,,,,,,,
2010,2010-09-10,PHI,NYM,8.0,4.0,False,0|2|0|4|0|0|2|0|0,0|0|3|0|0|0|0|1|0,-235.0,205.0,-200.0,170.0,,7.5,sbro,,,,,RHALLADAY-R,JMEJIA-R,,,,,,,,
2010,2010-09-10,PIT,CIN,3.0,4.0,False,0|0|1|0|0|0|0|0|2,0|0|3|0|0|0|0|0|0,200.0,-240.0,200.0,-230.0,,8.5,sbro,,,,,PMAHOLM-L,HBAILEY-R,,,,,,,,
2010,2010-09-10,STL,ATL,6.0,8.0,False,0|1|2|1|0|0|2|0|0,0|1|0|1|0|6|0|0|x,-134.0,114.0,-122.0,102.0,,7.5,sbro,,,,,CARPENTER-R,MMINOR-L,,,,,,,,
2010,2010-09-10,LOS,HOU,4.0,2.0,False,0|0|0|0|1|1|0|0|0,0|0|0|0|1|0|1|0|0,-106.0,-114.0,-105.0,-105.0,,7.0,sbro,,,,,HKURODA-R,JHAPP-L,,,,,,,,
2010,2010-09-10,CUB,MIL,4.0,0.0,False,0|0|2|0|0|1|0|1|0,0|0|0|0|0|0|0|0|0,-114.0,-106.0,100.0,-120.0,,9.0,sbro,,,,,CZAMBRANO-R,DBUSH-R,,,,,,,,
2010,2010-09-10,ARI,COL,4.0,13.0,False,0|1|0|0|1|0|0|0|2,2|0|6|1|1|2|0|1|x,157.0,-177.0,180.0,-210.0,,9.5,sbro,,,,,JSAUNDERS-L,DELAROSA-L,,,,,,,,
2010,2010-09-10,SFO,SDG,1.0,0.0,False,0|0|0|0|0|0|1|0|0,0|0|0|0|0|0|0|0|0,-113.0,-107.0,-108.0,-112.0,,6.5,sbro,,,,,JSANCHEZ-L,CRICHARD-L,,,,,,,,
2010,2010-09-10,MIN,CLE,0.0,2.0,False,0|0|0|0|0|0|0|0|0,0|1|0|0|1|0|0|0|x,-145.0,125.0,-135.0,115.0,,8.5,sbro,,,,,CPAVANO-R,FCARMONA-R,,,,,,,,
2010,2010-09-10,TAM,TOR,9.0,8.0,False,6|1|0|1|0|0|0|0|1,1|0|0|2|2|0|3|0|0,100.0,-120.0,-101.0,-119.0,,9.0,sbro,,,,,JSHIELDS-R,BCECIL-L,,,,,,,,
2010,2010-09-10,BAL,DET,6.0,3.0,False,0|1|0|0|2|0|0|2|1,1|0|0|0|0|2|0|0|0,145.0,-165.0,124.0,-144.0,,9.0,sbro,,,,,KMILLWOOD-R,AGALARRAG-R,,,,,,,,
2010,2010-09-10,NYY,TEX,5.0,6.0,False,0|0|4|0|0|1|0|0|0,0|1|0|2|0|1|0|1|0,115.0,-135.0,115.0,-135.0,,9.5,sbro,,,,,JVAZQUEZ-R,CWILSON-L,,,,,,,,
2010,2010-09-10,KAN,CWS,3.0,4.0,False,0|0|0|1|0|2|0|0|0,0|0|1|0|0|0|0|3|x,175.0,-205.0,200.0,-230.0,,9.0,sbro,,,,,BCHEN-L,MBUEHRLE-L,,,,,,,,
2010,2010-09-10,BOS,OAK,0.0,5.0,False,0|0|0|0|0|0|0|0|0,3|2|0|0|0|0|0|0|x,-105.0,-105.0,-110.0,-110.0,,6.5,sbro,,,,,CBUCHHOLZ-R,TCAHILL-R,,,,,,,,
2010,2010-09-10,SEA,LAA,3.0,4.0,False,0|0|0|0|1|0|0|0|2,0|0|0|2|0|1|0|0|0,175.0,-205.0,190.0,-220.0,,7.0,sbro,,,,,DPAULEY-R,JERWEAVER-R,,,,,,,,
2010,2010-09-11,MIA,WAS,4.0,1.0,False,0|0|0|0|2|0|0|1|1,0|0|0|0|0|0|0|1|0,-108.0,-112.0,-115.0,-105.0,,8.5,sbro,,,,,ASANCHEZ-R,JMARQUIS-R,,,,,,,,
2010,2010-09-11,PHI,NYM,3.0,4.0,False,0|0|0|0|0|0|0|3|0,1|0|1|0|0|0|2|0|x,-107.0,-113.0,-105.0,-105.0,,8.5,sbro,,,,,KKENDRICK-R,MPELFREY-R,,,,,,,,
2010,2010-09-11,STL,ATL,3.0,6.0,False,0|0|0|0|0|2|0|1|0,1|0|0|0|1|0|1|0|0,115.0,-135.0,122.0,-142.0,,8.0,sbro,,,,,WESTBROOK-R,THANSON-R,,,,,,,,
2010,2010-09-11,LOS,HOU,6.0,3.0,False,0|0|0|3|0|0|0|0|3,0|0|0|1|2|0|0|0|0,130.0,-150.0,126.0,-146.0,,7.5,sbro,,,,,JELY-R,WRODRIGEZ-L,,,,,,,,
2010,2010-09-11,CUB,MIL,1.0,0.0,False,0|0|0|0|0|0|1|0|0,0|0|0|0|0|0|0|0|0,-105.0,-115.0,-102.0,-118.0,,8.5,sbro,,,,,RDEMPSTER-R,RWOLF-L,,,,,,,,
2010,2010-09-11,PIT,CIN,4.0,5.0,False,0|0|0|0|0|0|0|4|0,0|1|0|0|0|0|2|0|1,210.0,-250.0,200.0,-240.0,,9.0,sbro,,,,,CMORTON-R,EVOLQUEZ-R,,,,,,,,
2010,2010-09-11,ARI,COL,1.0,2.0,False,0|0|0|0|1|0|0|0|0,0|0|0|0|0|0|2|0|x,250.0,-300.0,260.0,-310.0,,9.0,sbro,,,,,RLOPEZ-R,UJIMENEZ-R,,,,,,,,
2010,2010-09-11,SFO,SDG,0.0,1.0,False,0|0|0|0|0|0|0|0|0,0|0|1|0|0|0|0|0|x,-105.0,-115.0,-108.0,-112.0,,7.0,sbro,,,,,MBUMGARNR-L,TSTAUFFER-R,,,,,,,,
2010,2010-09-11,TAM,TOR,13.0,1.0,False,0|0|0|6|1|2|0|4|0,0|0|0|1|0|0|0|0|0,115.0,-135.0,103.0,-123.0,,8.5,sbro,,,,,WDAVIS-R,RROMERO-L,,,,,,,,
2010,2010-09-11,SEA,LAA,4.0,7.0,False,0|0|0|0|0|0|0|3|1,0|1|0|1|3|0|2|0|x,-120.0,100.0,-110.0,-110.0,,6.5,sbro,,,,,FHERNANDZ-R,ESANTANA-R,,,,,,,,
2010,2010-09-11,BAL,DET,5.0,3.0,False,0|0|0|0|0|4|0|0|1,0|0|0|0|0|0|0|3|0,150.0,-170.0,143.0,-163.0,,7.5,sbro,,,,,JGUTHRIE-R,MSCHERZER-R,,,,,,,,
2010,2010-09-11,KAN,CWS,8.0,2.0,False,1|2|1|0|1|1|0|2|0,0|0|0|1|0|0|0|1|0,200.0,-240.0,200.0,-230.0,,9.0,sbro,,,,,KDAVIES-R,EJACKSON-R,,,,,,,,
2010,2010-09-11,MIN,CLE,1.0,0.0,False,0|0|0|0|0|0|0|0|0,0|0|0|0|0|0|0|0|0,-135.0,115.0,-112.0,-108.0,,9.0,sbro,,,,,NBLACKBUR-R,CCARRASCO-R,,,,,,,,
2010,2010-09-11,NYY,TEX,6.0,7.0,False,0|2|0|0|0|0|1|3|0,1|0|1|0|0|2|1|0|2,-105.0,-115.0,-106.0,-114.0,,10.5,sbro,,,,,ABURNETT-R,THUNTER-R,,,,,,,,
2010,2010-09-11,BOS,OAK,3.0,4.0,False,0|0|1|0|0|1|0|0|1,0|0|0|0|0|0|3|1|x,110.0,-130.0,120.0,-140.0,,7.5,sbro,,,,,JLACKEY-R,BANDERSON-L,,,,,,,,
2010,2010-09-12,PHI,NYM,3.0,0.0,False,1|0|1|0|0|0|1|0|0,0|0|0|0|0|0|0|0|0,-165.0,145.0,-159.0,139.0,,7.5,sbro,,,,,ROSWALT-R,JNIESE-L,,,,,,,,
2010,2010-09-12,PIT,CIN,3.0,1.0,False,0|0|0|0|0|0|0|0|3,0|0|0|1|0|0|0|0|0,230.0,-270.0,200.0,-240.0,,9.0,sbro,,,,,BBURRES-L,JCUETO-R,,,,,,,,
2010,2010-09-12,MIA,WAS,6.0,5.0,False,0|3|2|1|0|0|0|0|0,0|2|1|1|1|0|0|0|0,125.0,-145.0,115.0,-135.0,,8.5,sbro,,,,,CVOLSTAD-R,JZIMMERMN-R,,,,,,,,
2010,2010-09-12,STL,ATL,7.0,3.0,False,1|0|1|0|4|1|0|0|0,0|0|1|0|0|1|0|1|0,200.0,-240.0,190.0,-220.0,,8.5,sbro,,,,,KLOHSE-R,THUDSON-R,,,,,,,,
2010,2010-09-12,LOS,HOU,4.0,7.0,False,0|0|0|4|0|0|0|0|0,4|0|0|0|2|0|0|1|x,-110.0,-110.0,106.0,-126.0,,8.0,sbro,,,,,CMONASTER-R,NFIGUEROA-R,,,,,,,,
2010,2010-09-12,CUB,MIL,0.0,2.0,False,0|0|0|0|0|0|0|0|0,0|0|0|0|1|0|0|1|x,160.0,-180.0,169.0,-189.0,,8.5,sbro,,,,,CCOLEMAN-R,YGALLARDO-R,,,,,,,,
2010,2010-09-12,ARI,COL,2.0,4.0,False,0|0|2|0|0|0|0|0|0,0|0|0|0|0|0|2|0|2,170.0,-190.0,148.0,-168.0,,9.0,sbro,,,,,IKENNEDY-R,JCHACIN-R,,,,,,,,
2010,2010-09-12,SFO,SDG,6.0,1.0,False,2|0|1|2|0|0|0|1|0,0|0|0|0|1|0|0|0|0,120.0,-140.0,122.0,-142.0,,5.5,sbro,,,,,TLINCECUM-R,MLATOS-R,,,,,,,,
2010,2010-09-12,TAM,TOR,4.0,5.0,False,0|0|0|1|0|2|0|0|1,0|0|0|3|0|0|0|0|2,130.0,-150.0,129.0,-149.0,,9.0,sbro,,,,,JNIEMANN-R,SMARCUM-R,,,,,,,,
2010,2010-09-12,BAL,DET,2.0,6.0,False,0|0|0|0|2|0|0|0|0,0|1|0|0|0|0|0|5|x,220.0,-260.0,190.0,-220.0,,8.5,sbro,,,,,CTILLMAN-R,VERLANDER-R,,,,,,,,
2010,2010-09-12,MIN,CLE,6.0,2.0,False,5|0|0|0|0|1|0|0|0,0|2|0|0|0|0|0|0|0,-130.0,110.0,-143.0,123.0,,9.0,sbro,,,,,KSLOWEY-R,MTALBOT-R,,,,,,,,
2010,2010-09-12,KAN,CWS,6.0,12.0,False,6|0|0|0|0|0|0|0|0,2|0|2|2|0|6|0|0|x,160.0,-180.0,153.0,-173.0,,9.5,sbro,,,,,O'SULLIVAN-R,LHARRELL-R,,,,,,,,
2010,2010-09-12,NYY,TEX,1.0,4.0,False,0|0|0|0|0|1|0|0|0,0|0|0|0|0|1|3|0|x,150.0,-170.0,146.0,-166.0,,9.5,sbro,,,,,DMOSELEY-R,CLEE-L,,,,,,,,
2010,2010-09-12,SEA,LAA,0.0,3.0,False,0|0|0|0|0|0|0|0|0,1|0|0|0|0|1|0|1|x,160.0,-180.0,153.0,-173.0,,7.5,sbro,,,,,JVARGAS-L,DHAREN-R,,,,,,,,
2010,2010-09-12,BOS,OAK,5.0,3.0,False,0|0|0|0|0|4|0|1|0,0|0|1|0|2|0|0|0|0,100.0,-120.0,109.0,-129.0,,7.5,sbro,,,,,JBECKETT-R,DBRADEN-L,,,,,,,,
2010,2010-09-13,ARI,CIN,2.0,7.0,False,0|2|0|0|0|0|0|0|0,0|2|3|0|1|0|1|0|x,140.0,-160.0,150.0,-170.0,,8.5,sbro,,,,,BENRIGHT-R,BARROYO-R,,,,,,,,
2010,2010-09-13,PHI,MIA,11.0,4.0,False,0|1|1|2|3|3|1|0|0,0|0|0|0|0|1|0|3|0,-140.0,120.0,-135.0,115.0,,9.5,sbro,,,,,JBLANTON-R,AMILLER-L,,,,,,,,
2010,2010-09-13,PIT,NYM,0.0,1.0,False,0|0|0|0|0|0|0|0|0,0|0|0|0|0|0|0|0|0,140.0,-160.0,135.0,-155.0,,7.5,sbro,,,,,JMCDONALD-R,DGEE-R,,,,,,,,
2010,2010-09-13,WAS,ATL,0.0,4.0,False,0|0|0|0|0|0|0|0|0,0|4|0|0|0|0|0|0|x,155.0,-175.0,170.0,-200.0,,8.5,sbro,,,,,YMAYA-R,DLOWE-R,,,,,,,,
2010,2010-09-13,MIL,HOU,2.0,4.0,False,0|0|0|1|0|0|0|1|0,1|0|0|0|0|0|3|0|x,110.0,-130.0,117.0,-137.0,,7.5,sbro,,,,,CNARVESON-L,BMYERS-R,,,,,,,,
2010,2010-09-13,CUB,STL,5.0,1.0,False,0|2|2|0|0|0|0|1|0,0|0|0|0|0|0|1|0|0,149.0,-169.0,200.0,-230.0,,9.0,sbro,,,,,JSAMARDZI-R,JGARCIA-L,,,,,,,,
2010,2010-09-13,SDG,COL,6.0,4.0,False,2|0|0|0|3|0|0|0|1,0|0|0|0|4|0|0|0|0,114.0,-134.0,136.0,-156.0,,9.5,sbro,,,,,CLUEBKE-L,JFRANCIS-L,,,,,,,,
2010,2010-09-13,OAK,KAN,3.0,1.0,False,1|1|0|0|0|1|0|0|0,0|0|0|1|0|0|0|0|0,-108.0,-112.0,-111.0,-109.0,,8.5,sbro,,,,,BCRAMER-L,LHOCHEVAR-R,,,,,,,,
2010,2010-09-13,TOR,BAL,3.0,4.0,False,0|0|0|0|0|1|0|2|0,1|1|0|0|0|0|1|0|0,-103.0,-117.0,115.0,-135.0,,9.0,sbro,,,,,RZEPZNSKI-L,BMATUSZ-L,,,,,,,,
2010,2010-09-13,NYY,TAM,0.0,1.0,False,0|0|0|0|0|0|0|0|0,0|0|0|0|0|0|0|0|0,-107.0,-113.0,102.0,-122.0,,7.5,sbro,,,,,CSABATHIA-L,DPRICE-L,,,,,,,,
2010,2010-09-13,BOS,SEA,5.0,1.0,False,0|3|0|0|0|0|0|2|0,0|0|0|0|0|0|1|0|0,-172.0,152.0,-170.0,150.0,,6.5,sbro,,,,,JLESTER-L,DFISTER-R,,,,,,,,
2010,2010-09-14,PIT,NYM,1.0,9.0,False,0|0|0|0|0|0|0|0|1,1|3|2|3|0|0|0|0|x,180.0,-210.0,163.0,-183.0,,7.5,sbro,,,,,ZDUKE-L,RDICKEY-R,,,,,,,,
2010,2010-09-14,PHI,MIA,2.0,1.0,False,1|0|0|0|1|0|0|0|0,1|0|0|0|0|0|0|0|0,-160.0,140.0,-155.0,135.0,,8.0,sbro,,,,,CHAMELS-L,AMENDEZ-R,,,,,,,,
2010,2010-09-14,WAS,ATL,6.0,0.0,False,0|3|0|1|0|0|1|0|1,0|0|0|0|0|0|0|0|0,180.0,-210.0,180.0,-210.0,,8.0,sbro,,,,,LHERNADEZ-R,JJURRJENS-R,,,,,,,,
2010,2010-09-14,ARI,CIN,3.0,1.0,False,0|0|0|2|1|0|0|0|0,0|0|0|0|0|0|0|0|1,145.0,-165.0,132.0,-152.0,,8.0,sbro,,,,,DHUDSON-R,TWOOD-L,,,,,,,,
2010,2010-09-14,MIL,HOU,2.0,3.0,False,1|0|0|0|0|0|0|0|1,3|0|0|0|0|0|0|0|x,-110.0,-110.0,100.0,-120.0,,7.5,sbro,,,,,CCAPUANO-L,BNORRIS-R,,,,,,,,
2010,2010-09-14,CUB,STL,7.0,2.0,False,0|2|1|2|0|0|0|0|2,0|0|0|1|0|0|0|0|1,180.0,-210.0,200.0,-240.0,,7.0,sbro,,,,,RWELLS-R,WAINWRIGHT-R,,,,,,,,
2010,2010-09-14,SDG,COL,7.0,6.0,False,2|0|0|2|0|0|0|2|1,0|0|0|3|0|0|0|1|2,135.0,-155.0,145.0,-165.0,,9.5,sbro,,,,,JGARLAND-R,JHAMMEL-R,,,,,,,,
2010,2010-09-14,LOS,SFO,1.0,0.0,False,0|0|0|0|0|1|0|0|0,0|0|0|0|0|0|0|0|0,-110.0,-110.0,-105.0,-115.0,,7.0,sbro,,,,,CKERSHAW-L,BZITO-L,,,,,,,,
2010,2010-09-14,LAA,CLE,3.0,4.0,False,1|0|0|0|0|0|2|0|0,1|0|0|1|0|2|0|0|x,100.0,-120.0,-105.0,-115.0,,9.0,sbro,,,,,SKAZMIR-L,JTOMLIN-R,,,,,,,,
2010,2010-09-14,TOR,BAL,3.0,11.0,False,0|0|0|0|0|0|0|3|0,0|0|0|1|2|0|6|2|x,-110.0,-110.0,-110.0,-110.0,,9.5,sbro,,,,,SHILL-R,JARRIETA-R,,,,,,,,
2010,2010-09-14,NYY,TAM,8.0,7.0,False,0|0|4|0|2|1|0|0|0,0|0|0|0|7|0|0|0|0,120.0,-140.0,109.0,-129.0,,8.5,sbro,,,,,INOVA-R,MGARZA-R,,,,,,,,
2010,2010-09-14,DET,TEX,4.0,11.0,False,0|1|2|1|0|0|0|0|0,1|0|0|3|0|3|4|0|x,135.0,-155.0,140.0,-160.0,,9.5,sbro,,,,,BONDERMAN-R,DHOLLAND-L,,,,,,,,
2010,2010-09-14,MIN,CWS,9.0,3.0,False,0|0|0|0|2|0|2|5|0,0|0|0|0|2|1|0|0|0,-105.0,-115.0,-109.0,-111.0,,8.0,sbro,,,,,FLIRIANO-L,JDANKS-L,,,,,,,,
2010,2010-09-14,OAK,KAN,3.0,11.0,False,0|0|0|0|0|3|0|0|0,3|3|5|0|0|0|0|0|x,-112.0,-108.0,-111.0,-109.0,,7.0,sbro,,,,,GGONZALEZ-L,ZGREINKE-R,,,,,,,,
2010,2010-09-14,BOS,SEA,9.0,6.0,False,0|2|1|1|0|0|0|3|2,1|0|1|0|2|0|1|0|1,-130.0,110.0,-133.0,113.0,,7.5,sbro,,,,,DMATSUZAK-R,LFRENCH-L,,,,,,,,
2010,2010-09-15,WAS,ATL,4.0,2.0,False,0|4|0|0|0|0|0|0|0,0|0|0|1|1|0|0|0|0,165.0,-185.0,152.0,-172.0,,8.0,sbro,,,,,JLANNAN-L,MMINOR-L,,,,,,,,
2010,2010-09-15,MIL,HOU,8.0,6.0,False,3|0|0|0|2|0|0|0|1,0|0|0|0|6|0|0|0|0,125.0,-145.0,112.0,-132.0,,7.5,sbro,,,,,DBUSH-R,JHAPP-L,,,,,,,,
2010,2010-09-15,SDG,COL,6.0,9.0,False,0|0|1|1|0|1|0|3|0,1|0|4|4|0|0|0|0|x,125.0,-145.0,127.0,-147.0,,9.5,sbro,,,,,CRICHARD-L,DELAROSA-L,,,,,,,,
2010,2010-09-15,ARI,CIN,5.0,7.0,False,0|0|3|0|0|0|1|0|1,4|1|0|0|0|0|0|2|x,160.0,-180.0,159.0,-179.0,,9.0,sbro,,,,,JSAUNDERS-L,HBAILEY-R,,,,,,,,
2010,2010-09-15,PHI,MIA,10.0,5.0,False,3|0|3|2|1|0|0|0|1,1|0|0|1|0|1|1|0|1,-250.0,210.0,-240.0,200.0,,8.0,sbro,,,,,RHALLADAY-R,JSOSA-R,,,,,,,,
2010,2010-09-15,PIT,NYM,7.0,8.0,False,0|0|1|4|0|0|0|1|1,0|0|0|7|0|1|0|0|x,130.0,-150.0,134.0,-154.0,,8.0,sbro,,,,,PMAHOLM-L,JMEJIA-R,,,,,,,,
2010,2010-09-15,CUB,STL,7.0,3.0,False,0|0|1|0|0|0|4|2|0,0|0|1|0|0|1|1|0|0,178.0,-198.0,150.0,-170.0,,7.0,sbro,,,,,CZAMBRANO-R,CARPENTER-R,,,,,,,,
2010,2010-09-15,LOS,SFO,1.0,2.0,False,0|0|0|0|0|0|0|0|1,0|0|0|0|0|0|1|1|x,122.0,-142.0,126.0,-146.0,,6.5,sbro,,,,,BILLNGSLEY-R,MCAIN-R,,,,,,,,
2010,2010-09-15,BOS,SEA,5.0,1.0,False,0|0|0|1|0|1|2|1|0,1|0|0|0|0|0|0|0|0,-165.0,145.0,-166.0,146.0,,7.0,sbro,,,,,CBUCHHOLZ-R,DPAULEY-R,,,,,,,,
2010,2010-09-15,LAA,CLE,7.0,0.0,False,4|3|0|0|0|0|0|0|0,0|0|0|0|0|0|0|0|0,-122.0,102.0,-140.0,120.0,,7.5,sbro,,,,,JERWEAVER-R,JGOMEZ-R,,,,,,,,
2010,2010-09-15,TOR,BAL,1.0,3.0,False,1|0|0|0|0|0|0|0|0,1|0|0|2|0|0|0|0|x,-107.0,-113.0,-108.0,-112.0,,9.0,sbro,,,,,KDRABEK-R,BBERGESEN-R,,,,,,,,
2010,2010-09-15,NYY,TAM,3.0,4.0,False,1|0|0|0|0|0|2|0|0,0|0|0|0|2|0|2|0|x,-114.0,-106.0,-106.0,-114.0,,9.5,sbro,,,,,PHUGHES-R,JSHIELDS-R,,,,,,,,
2010,2010-09-15,DET,TEX,7.0,11.0,False,2|0|0|0|3|0|2|0|0,0|2|2|4|1|0|2|0|x,152.0,-172.0,152.0,-172.0,,9.5,sbro,,,,,AGALARRAG-R,CLEWIS-R,,,,,,,,
2010,2010-09-15,MIN,CWS,9.0,3.0,False,0|0|0|0|3|3|3|0|0,0|0|0|0|0|2|1|0|0,-111.0,-109.0,-109.0,-111.0,,8.5,sbro,,,,,BDUENSING-L,GFLOYD-R,,,,,,,,
2010,2010-09-15,OAK,KAN,3.0,6.0,False,2|1|0|0|0|0|0|0|0,0|0|4|0|2|0|0|0|x,-146.0,126.0,-142.0,122.0,,8.0,sbro,,,,,TCAHILL-R,BCHEN-L,,,,,,,,
2010,2010-09-16,ARI,CIN,3.0,1.0,False,0|0|0|0|3|0|0|0|0,1|0|0|0|0|0|0|0|0,160.0,-180.0,153.0,-173.0,,9.0,sbro,,,,,RLOPEZ-R,EVOLQUEZ-R,,,,,,,,
2010,2010-09-16,PIT,NYM,2.0,6.0,False,0|1|0|1|0|0|0|0|0,0|0|0|2|0|1|1|2|x,180.0,-210.0,165.0,-185.0,,8.0,sbro,,,,,CMORTON-R,MPELFREY-R,,,,,,,,
2010,2010-09-16,SDG,STL,0.0,4.0,False,0|0|0|0|0|0|0|0|0,1|0|0|0|0|3|0|0|x,100.0,-120.0,105.0,-125.0,,7.5,sbro,,,,,TSTAUFFER-R,WESTBROOK-R,,,,,,,,
2010,2010-09-16,LOS,SFO,2.0,10.0,False,1|0|0|0|1|0|0|0|0,1|0|4|1|2|0|0|2|x,120.0,-140.0,124.0,-144.0,,6.5,sbro,,,,,TLILLY-L,JSANCHEZ-L,,,,,,,,
2010,2010-09-16,LAA,CLE,2.0,3.0,False,0|0|0|0|0|0|2|0|0,0|0|2|0|0|0|0|0|0,-105.0,-115.0,-105.0,-105.0,,7.5,sbro,,,,,ESANTANA-R,FCARMONA-R,,,,,,,,
2010,2010-09-16,MIN,CWS,8.0,5.0,False,0|3|0|0|3|0|0|0|2,0|0|1|1|0|3|0|0|0,-110.0,-110.0,-109.0,-111.0,,8.5,sbro,,,,,CPAVANO-R,MBUEHRLE-L,,,,,,,,
2010,2010-09-17,WAS,PHI,1.0,9.0,False,1|0|0|0|0|0|0|0|0,6|0|0|0|1|0|0|2|x,240.0,-280.0,220.0,-260.0,,8.0,sbro,,,,,JMARQUIS-R,ROSWALT-R,,,,,,,,
2010,2010-09-17,ARI,PIT,3.0,4.0,False,0|0|2|0|0|0|1|0|0,1|0|0|0|1|0|1|0|1,-150.0,130.0,-115.0,-105.0,,7.5,sbro,,,,,IKENNEDY-R,BBURRES-L,,,,,,,,
2010,2010-09-17,ATL,NYM,6.0,4.0,False,0|0|0|6|0|0|0|0|0,0|3|0|1|0|0|0|0|0,-150.0,130.0,-136.0,116.0,,7.0,sbro,,,,,THANSON-R,JNIESE-L,,,,,,,,
2010,2010-09-17,CUB,MIA,2.0,0.0,False,0|1|0|0|0|1|0|0|0,0|0|0|0|0|0|0|0|0,-110.0,-110.0,-106.0,-114.0,,8.0,sbro,,,,,RDEMPSTER-R,ASANABIA-R,,,,,,,,
2010,2010-09-17,CIN,HOU,3.0,5.0,False,0|0|0|0|0|3|0|0|0,1|1|0|0|0|1|2|0|x,-115.0,-105.0,-108.0,-112.0,,7.0,sbro,,,,,JCUETO-R,WRODRIGEZ-L,,,,,,,,
2010,2010-09-17,SDG,STL,4.0,14.0,False,1|1|0|1|0|0|0|0|1,3|5|0|1|0|2|0|3|x,-170.0,150.0,-145.0,125.0,,7.5,sbro,,,,,MLATOS-R,KLOHSE-R,,,,,,,,
2010,2010-09-17,COL,LOS,7.0,5.0,False,2|0|0|3|0|0|2|0|0,0|2|0|1|1|0|0|0|1,-130.0,110.0,-138.0,118.0,,6.0,sbro,,,,,UJIMENEZ-R,HKURODA-R,,,,,,,,
2010,2010-09-17,MIL,SFO,3.0,0.0,False,1|0|0|0|1|0|1|0|0,0|0|0|0|0|0|0|0|0,140.0,-160.0,118.0,-138.0,,7.5,sbro,,,,,RWOLF-L,MBUMGARNR-L,,,,,,,,
2010,2010-09-17,NYY,BAL,4.0,3.0,False,0|1|0|0|0|0|0|0|3,0|0|1|1|0|0|1|0|0,-165.0,145.0,-152.0,132.0,,9.5,sbro,,,,,ABURNETT-R,KMILLWOOD-R,,,,,,,,
2010,2010-09-17,LAA,TAM,4.0,3.0,False,0|1|2|0|0|0|0|0|1,0|1|0|0|0|2|0|0|0,125.0,-145.0,135.0,-155.0,,8.5,sbro,,,,,DHAREN-R,WDAVIS-R,,,,,,,,
2010,2010-09-17,TOR,BOS,11.0,9.0,False,0|2|0|0|5|3|1|0|0,2|0|0|0|0|3|0|2|2,110.0,-130.0,122.0,-142.0,,9.5,sbro,,,,,BCECIL-L,JLACKEY-R,,,,,,,,
2010,2010-09-17,CLE,KAN,11.0,4.0,False,0|0|0|4|0|5|0|1|1,0|0|0|0|0|3|1|0|0,-110.0,-110.0,-113.0,-107.0,,8.5,sbro,,,,,CCARRASCO-R,KDAVIES-R,,,,,,,,
2010,2010-09-17,DET,CWS,9.0,2.0,False,0|0|0|0|0|0|6|0|3,0|0|0|1|1|0|0|0|0,105.0,-125.0,-105.0,-105.0,,8.5,sbro,,,,,MSCHERZER-R,EJACKSON-R,,,,,,,,
2010,2010-09-17,OAK,MIN,3.0,1.0,False,0|1|0|0|1|1|0|0|0,0|0|0|0|1|0|0|0|0,100.0,-120.0,-110.0,-110.0,,8.0,sbro,,,,,BANDERSON-L,NBLACKBUR-R,,,,,,,,
2010,2010-09-17,TEX,SEA,1.0,2.0,False,0|0|0|0|0|0|0|1|0,0|1|1|0|0|0|0|0|x,-110.0,-110.0,-110.0,-110.0,,6.0,sbro,,,,,CWILSON-L,FHERNANDZ-R,,,,,,,,
2010,2010-09-18,ATL,NYM,4.0,2.0,False,0|1|0|2|0|0|0|0|1,0|0|1|0|1|0|0|0|0,-140.0,120.0,-139.0,119.0,,7.0,sbro,,,,,THUDSON-R,DGEE-R,,,,,,,,
2010,2010-09-18,COL,LOS,12.0,2.0,False,2|0|1|0|3|0|0|6|0,0|0|0|0|0|0|0|0|2,-130.0,110.0,-130.0,110.0,,8.0,sbro,,,,,JCHACIN-R,JELY-R,,,,,,,,
2010,2010-09-18,ARI,PIT,6.0,9.0,False,0|0|0|1|1|0|3|0|1,0|0|2|5|2|0|0|0|x,-115.0,-105.0,-101.0,-119.0,,8.0,sbro,,,,,BENRIGHT-R,JMCDONALD-R,,,,,,,,
2010,2010-09-18,CIN,HOU,11.0,1.0,False,0|0|2|1|4|0|1|0|3,0|1|0|0|0|0|0|0|0,-140.0,120.0,-132.0,112.0,,8.0,sbro,,,,,BARROYO-R,NFIGUEROA-R,,,,,,,,
2010,2010-09-18,WAS,PHI,2.0,5.0,False,1|0|0|0|0|1|0|0|0,0|2|3|0|0|0|0|0|x,145.0,-165.0,132.0,-152.0,,9.5,sbro,,,,,JZIMMERMN-R,KKENDRICK-R,,,,,,,,
2010,2010-09-18,CUB,MIA,5.0,3.0,False,0|0|0|0|4|0|0|1|0,1|0|0|0|0|0|2|0|0,150.0,-170.0,141.0,-161.0,,8.5,sbro,,,,,CCOLEMAN-R,ASANCHEZ-R,,,,,,,,
2010,2010-09-18,SDG,STL,8.0,4.0,False,0|0|0|0|1|0|3|0|4,0|0|1|0|1|0|2|0|0,-130.0,110.0,-112.0,-108.0,,9.0,sbro,,,,,CYOUNG-R,JSUPPAN-R,,,,,,,,
2010,2010-09-18,MIL,SFO,2.0,1.0,False,0|0|0|2|0|0|0|0|0,0|0|0|0|1|0|0|0|0,130.0,-150.0,124.0,-144.0,,6.5,sbro,,,,,YGALLARDO-R,TLINCECUM-R,,,,,,,,
2010,2010-09-18,OAK,MIN,2.0,4.0,False,0|1|0|0|0|0|1|0|0,0|0|0|0|1|3|0|0|x,120.0,-140.0,113.0,-133.0,,8.0,sbro,,,,,DBRADEN-L,KSLOWEY-R,,,,,,,,
2010,2010-09-18,DET,CWS,6.0,3.0,False,2|0|0|1|0|0|0|3|0,0|0|0|0|3|0|0|0|0,-150.0,130.0,-155.0,135.0,,8.5,sbro,,,,,VERLANDER-R,LHARRELL-R,,,,,,,,
2010,2010-09-18,LAA,TAM,3.0,4.0,False,0|0|0|0|0|0|3|0|0,0|0|0|0|2|0|0|0|1,210.0,-250.0,200.0,-230.0,,8.0,sbro,,,,,JPINEIRO-R,DPRICE-L,,,,,,,,
2010,2010-09-18,NYY,BAL,11.0,3.0,False,2|1|0|1|2|1|0|1|3,0|1|1|0|1|0|0|0|0,-200.0,170.0,-187.0,167.0,,8.0,sbro,,,,,CSABATHIA-L,JGUTHRIE-R,,,,,,,,
2010,2010-09-18,CLE,KAN,6.0,4.0,False,0|0|0|5|0|0|0|1|0,0|0|0|0|4|0|0|0|0,-125.0,105.0,-120.0,100.0,,9.0,sbro,,,,,MASTERSON-R,O'SULLIVAN-R,,,,,,,,
2010,2010-09-18,TOR,BOS,4.0,3.0,False,1|0|0|1|0|2|0|0|0,0|1|0|0|0|2|0|0|0,115.0,-135.0,118.0,-138.0,,9.0,sbro,,,,,RROMERO-L,JBECKETT-R,,,,,,,,
2010,2010-09-18,TEX,SEA,6.0,1.0,False,0|0|1|2|0|2|1|0|0,0|0|0|0|0|0|1|0|0,-190.0,170.0,-177.0,157.0,,6.5,sbro,,,,,CLEE-L,JVARGAS-L,,,,,,,,
2010,2010-09-19,ATL,NYM,6.0,3.0,False,0|1|0|0|0|1|4|0|0,2|0|0|0|0|0|1|0|0,-110.0,-110.0,-105.0,-105.0,,7.0,sbro,,,,,DLOWE-R,RDICKEY-R,,,,,,,,
2010,2010-09-19,CUB,MIA,13.0,3.0,False,2|6|0|0|1|0|0|0|4,0|0|0|2|1|0|0|0|0,100.0,-120.0,105.0,-125.0,,9.5,sbro,,,,,JSAMARDZI-R,AMILLER-L,,,,,,,,
2010,2010-09-19,ARI,PIT,3.0,4.0,False,0|0|0|2|0|0|0|1|0,1|0|0|0|0|0|0|3|x,-145.0,125.0,-133.0,113.0,,8.0,sbro,,,,,DHUDSON-R,ZDUKE-L,,,,,,,,
2010,2010-09-19,WAS,PHI,6.0,7.0,False,0|0|1|0|0|3|1|1|0,0|0|0|2|1|0|0|0|4,170.0,-200.0,180.0,-210.0,,9.5,sbro,,,,,YMAYA-R,JBLANTON-R,,,,,,,,
2010,2010-09-19,CIN,HOU,3.0,4.0,False,0|0|0|0|0|0|0|3|0,0|0|0|0|3|0|1|0|x,-120.0,100.0,-105.0,-105.0,,7.0,sbro,,,,,TWOOD-L,BMYERS-R,,,,,,,,
2010,2010-09-19,SDG,STL,1.0,4.0,False,0|0|0|0|0|0|0|1|0,2|0|0|1|0|1|0|0|x,150.0,-170.0,148.0,-168.0,,7.5,sbro,,,,,JGARLAND-R,WAINWRIGHT-R,,,,,,,,
2010,2010-09-19,MIL,SFO,2.0,9.0,False,0|0|0|0|0|2|0|0|0,4|0|0|0|2|0|3|0|x,130.0,-150.0,128.0,-148.0,,8.0,sbro,,,,,CNARVESON-L,BZITO-L,,,,,,,,
2010,2010-09-19,COL,LOS,6.0,7.0,False,3|3|0|0|0|0|0|0|0,1|0|0|3|0|0|1|0|1,120.0,-140.0,118.0,-138.0,,6.5,sbro,,,,,JHAMMEL-R,CKERSHAW-L,,,,,,,,
2010,2010-09-19,TOR,BOS,0.0,6.0,False,0|0|0|0|0|0|0|0|0,0|0|0|1|5|0|0|0|x,150.0,-170.0,150.0,-170.0,,8.0,sbro,,,,,SMARCUM-R,JLESTER-L,,,,,,,,
2010,2010-09-19,NYY,BAL,3.0,4.0,False,1|0|0|2|0|0|0|0|0,1|0|0|0|0|0|0|1|1,-180.0,160.0,-168.0,148.0,,9.0,sbro,,,,,APETTITTE-L,CTILLMAN-R,,,,,,,,
2010,2010-09-19,LAA,TAM,6.0,3.0,False,1|0|0|3|1|0|1|0|0,0|1|0|0|0|0|0|1|1,155.0,-175.0,170.0,-200.0,,9.0,sbro,,,,,SKAZMIR-L,JNIEMANN-R,,,,,,,,
2010,2010-09-19,DET,CWS,9.0,7.0,False,0|0|0|1|0|0|6|0|0,2|0|0|0|0|1|0|0|4,135.0,-155.0,122.0,-142.0,,9.0,sbro,,,,,BONDERMAN-R,JDANKS-L,,,,,,,,
2010,2010-09-19,CLE,KAN,4.0,6.0,False,2|1|0|0|0|0|0|1|0,0|4|0|0|0|2|0|0|x,105.0,-125.0,102.0,-122.0,,9.0,sbro,,,,,JTOMLIN-R,LHOCHEVAR-R,,,,,,,,
2010,2010-09-19,OAK,MIN,6.0,2.0,False,3|0|0|0|2|0|0|0|1,0|0|0|0|0|2|0|0|0,170.0,-200.0,170.0,-200.0,,7.5,sbro,,,,,BCRAMER-L,FLIRIANO-L,,,,,,,,
2010,2010-09-19,TEX,SEA,1.0,2.0,False,0|0|0|0|0|1|0|0|0,0|0|0|0|0|1|1|0|x,-140.0,120.0,-126.0,106.0,,7.5,sbro,,,,,THUNTER-R,DFISTER-R,,,,,,,,
2010,2010-09-20,ATL,PHI,1.0,3.0,False,0|1|0|0|0|0|0|0|0,0|1|0|0|2|0|0|0|x,135.0,-155.0,175.0,-195.0,,8.0,sbro,,,,,BBEACHY-R,CHAMELS-L,,,,,,,,
2010,2010-09-20,HOU,WAS,8.0,2.0,False,0|0|1|0|7|0|0|0|0,2|0|0|0|0|0|0|0|0,110.0,-130.0,112.0,-132.0,,8.0,sbro,,,,,BNORRIS-R,LHERNADEZ-R,,,,,,,,
2010,2010-09-20,CIN,MIL,5.0,2.0,False,0|2|0|0|0|0|0|3|0,0|0|1|0|1|0|0|0|0,-113.0,-107.0,-105.0,-105.0,,8.5,sbro,,,,,HBAILEY-R,CCAPUANO-L,,,,,,,,
2010,2010-09-20,TAM,NYY,6.0,8.0,False,0|0|0|0|0|4|1|0|1,0|0|2|0|2|4|0|0|x,-103.0,-117.0,100.0,-120.0,,9.5,sbro,,,,,MGARZA-R,INOVA-R,,,,,,,,
2010,2010-09-20,KAN,DET,5.0,7.0,False,0|0|0|0|5|0|0|0|0,0|1|3|0|0|2|0|1|x,-103.0,-117.0,-102.0,-118.0,,7.5,sbro,,,,,ZGREINKE-R,RPORCELLO-R,,,,,,,,
2010,2010-09-20,BAL,BOS,4.0,2.0,False,1|0|0|1|0|0|2|0|0,1|0|0|0|0|1|0|0|0,130.0,-150.0,123.0,-143.0,,9.0,sbro,,,,,BMATUSZ-L,DMATSUZAK-R,,,,,,,,
2010,2010-09-20,CLE,MIN,3.0,9.0,False,0|1|0|0|0|2|0|0|0,1|0|0|2|1|4|1|0|x,173.0,-203.0,165.0,-185.0,,8.5,sbro,,,,,JGOMEZ-R,BDUENSING-L,,,,,,,,
2010,2010-09-20,CWS,OAK,0.0,3.0,False,0|0|0|0|0|0|0|0|0,0|0|0|0|0|0|3|0|x,120.0,-140.0,110.0,-130.0,,7.0,sbro,,,,,GFLOYD-R,GGONZALEZ-L,,,,,,,,
2010,2010-09-20,TEX,LAA,4.0,7.0,False,0|0|0|1|0|0|2|1|0,0|1|0|3|0|2|1|0|x,125.0,-145.0,130.0,-150.0,,7.0,sbro,,,,,DHOLLAND-L,JERWEAVER-R,,,,,,,,
2010,2010-09-20,STL,MIA,0.0,4.0,False,0|0|0|0|0|0|0|0|0,0|4|0|0|0|0|0|0|x,-133.0,113.0,-159.0,139.0,,8.0,sbro,,,,,CARPENTER-R,CVOLSTAD-R,,,,,,,,
2010,2010-09-21,ATL,PHI,3.0,5.0,False,0|0|0|0|1|1|1|0|0,0|0|3|0|0|2|0|0|x,190.0,-220.0,190.0,-220.0,,8.0,sbro,,,,,MMINOR-L,RHALLADAY-R,,,,,,,,
2010,2010-09-21,HOU,WAS,4.0,8.0,False,3|0|0|0|0|0|0|0|1,0|0|0|0|0|0|1|7|x,-106.0,-114.0,-111.0,-109.0,,7.5,sbro,,,,,JHAPP-L,JLANNAN-L,,,,,,,,
2010,2010-09-21,STL,PIT,2.0,5.0,False,0|0|1|0|1|0|0|0|0,3|0|0|2|0|0|0|0|x,-143.0,123.0,-138.0,118.0,,8.5,sbro,,,,,WESTBROOK-R,PMAHOLM-L,,,,,,,,
2010,2010-09-21,NYM,MIA,2.0,5.0,False,0|1|0|0|0|0|0|1|0,0|1|0|0|0|0|1|3|x,-107.0,-113.0,-112.0,-108.0,,8.0,sbro,,,,,MPELFREY-R,AMENDEZ-R,,,,,,,,
2010,2010-09-21,SFO,CUB,1.0,0.0,False,0|0|0|0|0|0|0|1|0,0|0|0|0|0|0|0|0|0,-118.0,-102.0,-122.0,102.0,,8.5,sbro,,,,,MCAIN-R,CZAMBRANO-R,,,,,,,,
2010,2010-09-21,CIN,MIL,4.0,3.0,False,0|2|2|0|0|0|0|0|0,0|0|0|0|0|1|0|0|2,-122.0,102.0,-126.0,106.0,,9.0,sbro,,,,,EVOLQUEZ-R,DBUSH-R,,,,,,,,
2010,2010-09-21,COL,ARI,1.0,3.0,False,0|0|0|0|0|0|0|1|0,0|0|3|0|0|0|0|0|x,-143.0,123.0,-137.0,117.0,,9.5,sbro,,,,,DELAROSA-L,JSAUNDERS-L,,,,,,,,
2010,2010-09-21,SDG,LOS,6.0,0.0,False,0|0|2|0|3|0|0|0|1,0|0|0|0|0|0|0|0|0,-102.0,-118.0,109.0,-129.0,,7.0,sbro,,,,,CRICHARD-L,BILLNGSLEY-R,,,,,,,,
2010,2010-09-21,TAM,NYY,3.0,8.0,False,0|1|1|0|0|0|1|0|0,5|0|0|0|0|0|2|1|x,123.0,-143.0,120.0,-140.0,,9.5,sbro,,,,,JSHIELDS-R,PHUGHES-R,,,,,,,,
2010,2010-09-21,SEA,TOR,3.0,5.0,False,1|0|0|0|1|0|0|0|1,2|1|0|2|0|0|0|0|x,110.0,-130.0,126.0,-146.0,,9.0,sbro,,,,,LFRENCH-L,RZEPZNSKI-L,,,,,,,,
2010,2010-09-21,KAN,DET,9.0,6.0,False,0|0|0|0|4|1|0|2|2,0|0|1|2|0|0|0|0|3,140.0,-160.0,135.0,-155.0,,9.5,sbro,,,,,BCHEN-L,AGALARRAG-R,,,,,,,,
2010,2010-09-21,BAL,BOS,9.0,1.0,False,0|0|0|0|0|1|3|1|4,0|1|0|0|0|0|0|0|0,175.0,-195.0,180.0,-210.0,,8.5,sbro,,,,,BBERGESEN-R,CBUCHHOLZ-R,,,,,,,,
2010,2010-09-21,CLE,MIN,4.0,6.0,False,1|0|0|0|1|2|0|0|0,0|1|0|0|0|1|0|4|x,130.0,-150.0,124.0,-144.0,,7.5,sbro,,,,,FCARMONA-R,SBAKER-R,,,,,,,,
2010,2010-09-21,CWS,OAK,2.0,7.0,False,0|0|0|0|1|1|0|0|0,1|0|1|3|0|0|0|2|x,125.0,-145.0,128.0,-148.0,,7.0,sbro,,,,,MBUEHRLE-L,TCAHILL-R,,,,,,,,
2010,2010-09-21,TEX,LAA,0.0,2.0,False,0|0|0|0|0|0|0|0|0,0|1|0|1|0|0|0|0|x,-106.0,-114.0,-107.0,-113.0,,7.5,sbro,,,,,CLEWIS-R,ESANTANA-R,,,,,,,,
2010,2010-09-22,ATL,PHI,0.0,1.0,False,0|0|0|0|0|0|0|0|0,0|0|0|0|0|0|0|1|x,127.0,-147.0,127.0,-147.0,,7.5,sbro,,,,,THANSON-R,ROSWALT-R,,,,,,,,
2010,2010-09-22,HOU,WAS,3.0,4.0,False,0|0|0|1|0|0|2|0|0,0|0|1|1|0|0|2|0|x,-106.0,-114.0,-118.0,-102.0,,8.0,sbro,,,,,WRODRIGEZ-L,JMARQUIS-R,,,,,,,,
2010,2010-09-22,STL,PIT,6.0,11.0,False,0|1|0|0|0|1|0|3|1,2|1|3|0|4|1|0|0|x,-113.0,-107.0,-120.0,100.0,,9.5,sbro,,,,,KLOHSE-R,CMORTON-R,,,,,,,,
2010,2010-09-22,NYM,MIA,5.0,7.0,False,0|0|1|2|0|0|0|2|0,5|0|0|0|1|0|0|1|x,104.0,-124.0,-103.0,-117.0,,8.0,sbro,,,,,JNIESE-L,ASANABIA-R,,,,,,,,
2010,2010-09-22,SFO,CUB,0.0,2.0,False,0|0|0|0|0|0|0|0|0,0|0|1|0|1|0|0|0|x,-106.0,-114.0,-124.0,104.0,,7.5,sbro,,,,,JSANCHEZ-L,RWELLS-R,,,,,,,,
2010,2010-09-22,CIN,MIL,1.0,13.0,False,1|0|0|0|0|0|0|0|0,0|8|2|2|1|0|0|0|x,-112.0,-108.0,-105.0,-105.0,,8.0,sbro,,,,,JCUETO-R,RWOLF-L,,,,,,,,
2010,2010-09-22,COL,ARI,4.0,8.0,False,4|0|0|0|0|0|0|0|0,1|0|2|2|0|0|0|3|x,-180.0,160.0,-170.0,150.0,,9.0,sbro,,,,,UJIMENEZ-R,RLOPEZ-R,,,,,,,,
2010,2010-09-22,SDG,LOS,3.0,1.0,False,0|0|3|0|0|0|0|0|0,0|1|0|0|0|0|0|0|0,102.0,-122.0,111.0,-131.0,,7.0,sbro,,,,,TSTAUFFER-R,TLILLY-L,,,,,,,,
2010,2010-09-22,CLE,MIN,1.0,5.0,False,1|0|0|0|0|0|0|0|0,0|0|0|0|0|3|2|0|x,-113.0,-107.0,-105.0,-105.0,,8.0,sbro,,,,,CCARRASCO-R,NBLACKBUR-R,,,,,,,,
2010,2010-09-22,CWS,OAK,4.0,3.0,False,0|0|0|0|0|0|1|1|2,0|0|1|0|0|1|1|0|0,132.0,-152.0,154.0,-174.0,,7.0,sbro,,,,,EJACKSON-R,BANDERSON-L,,,,,,,,
2010,2010-09-22,KAN,DET,2.0,4.0,False,0|0|0|0|0|0|0|0|2,0|0|0|0|3|0|0|1|x,184.0,-214.0,190.0,-220.0,,8.5,sbro,,,,,KDAVIES-R,MSCHERZER-R,,,,,,,,
2010,2010-09-22,TAM,NYY,7.0,2.0,False,1|0|0|0|1|1|2|1|1,0|0|0|0|1|1|0|0|0,104.0,-124.0,117.0,-137.0,,10.5,sbro,,,,,WDAVIS-R,ABURNETT-R,,,,,,,,
2010,2010-09-22,SEA,TOR,6.0,3.0,False,0|2|1|0|0|1|0|2|0,0|0|0|2|0|0|0|0|1,125.0,-145.0,157.0,-177.0,,8.5,sbro,,,,,DPAULEY-R,KDRABEK-R,,,,,,,,
2010,2010-09-22,BAL,BOS,1.0,6.0,False,0|0|0|1|0|0|0|0|0,0|0|0|3|1|2|0|0|x,135.0,-155.0,142.0,-162.0,,9.5,sbro,,,,,KMILLWOOD-R,JLACKEY-R,,,,,,,,
2010,2010-09-22,TEX,LAA,2.0,1.0,False,0|0|1|0|0|0|0|0|0,0|0|0|0|0|0|1|0|0,-107.0,-113.0,-105.0,-115.0,,7.0,sbro,,,,,CWILSON-L,DHAREN-R,,,,,,,,
2010,2010-09-23,STL,PIT,9.0,2.0,False,0|0|4|2|1|2|0|0|0,0|0|0|1|0|0|1|0|0,100.0,-120.0,100.0,-120.0,,9.0,sbro,,,,,JSUPPAN-R,BBURRES-L,,,,,,,,
2010,2010-09-23,HOU,WAS,2.0,7.0,False,1|0|0|0|1|0|0|0|0,0|1|0|0|0|4|2|0|x,-102.0,-118.0,-103.0,-117.0,,8.0,sbro,,,,,NFIGUEROA-R,RDETWILER-L,,,,,,,,
2010,2010-09-23,SFO,CUB,13.0,0.0,False,1|9|1|0|0|1|0|1|0,0|0|0|0|0|0|0|0|0,-106.0,-114.0,-108.0,-112.0,,12.5,sbro,,,,,MBUMGARNR-L,RDEMPSTER-R,,,,,,,,
2010,2010-09-23,MIA,MIL,3.0,8.0,False,0|0|0|0|0|0|3|0|0,1|0|0|0|2|2|3|0|x,116.0,-136.0,153.0,-173.0,,7.5,sbro,,,,,ASANCHEZ-R,YGALLARDO-R,,,,,,,,
2010,2010-09-23,COL,ARI,9.0,10.0,False,0|0|1|0|1|0|4|0|3,0|0|2|1|4|1|1|1|x,-106.0,-114.0,-112.0,-108.0,,9.0,sbro,,,,,JFRANCIS-L,IKENNEDY-R,,,,,,,,
2010,2010-09-23,SDG,LOS,1.0,3.0,False,1|0|0|0|0|0|0|0|0,1|0|1|0|0|1|0|0|x,-114.0,-106.0,-112.0,-108.0,,6.5,sbro,,,,,MLATOS-R,HKURODA-R,,,,,,,,
2010,2010-09-23,SEA,TOR,0.0,1.0,False,0|0|0|0|0|0|0|0|0,1|0|0|0|0|0|0|0|x,-135.0,115.0,-138.0,118.0,,7.0,sbro,,,,,FHERNANDZ-R,SHILL-R,,,,,,,,
2010,2010-09-23,TAM,NYY,10.0,3.0,False,0|0|1|0|0|7|2|0|0,0|2|0|0|1|0|0|0|0,113.0,-133.0,123.0,-143.0,,8.0,sbro,,,,,DPRICE-L,CSABATHIA-L,,,,,,,,
2010,2010-09-23,KAN,CLE,4.0,2.0,False,2|0|1|0|0|0|0|1|0,0|0|0|0|0|0|2|0|0,114.0,-134.0,129.0,-149.0,,9.5,sbro,,,,,O'SULLIVAN-R,MTALBOT-R,,,,,,,,
2010,2010-09-23,TEX,OAK,0.0,5.0,False,0|0|0|0|0|0|0|0|0,0|0|0|2|2|1|0|0|x,-124.0,104.0,-130.0,110.0,,6.5,sbro,,,,,CLEE-L,DBRADEN-L,,,,,,,,
2010,2010-09-24,STL,CUB,7.0,1.0,False,3|1|2|1|0|0|0|0|0,0|1|0|0|0|0|0|0|0,-145.0,125.0,-176.0,156.0,,11.5,sbro,,,,,WAINWRIGHT-R,GORZELANNY-L,,,,,,,,
2010,2010-09-24,ATL,WAS,3.0,8.0,False,0|0|0|0|1|0|0|2|0,0|1|2|0|0|3|1|1|x,-170.0,150.0,-176.0,156.0,,7.5,sbro,,,,,THUDSON-R,JZIMMERMN-R,,,,,,,,
2010,2010-09-24,HOU,PIT,10.0,7.0,False,2|1|0|0|1|4|0|0|2,1|0|2|0|2|1|1|0|0,-105.0,-105.0,-103.0,-117.0,,7.0,sbro,,,,,BMYERS-R,JMCDONALD-R,,,,,,,,
2010,2010-09-24,NYM,PHI,2.0,3.0,False,0|0|0|2|0|0|0|0|0,1|1|0|1|0|0|0|0|x,125.0,-145.0,125.0,-145.0,,8.5,sbro,,,,,RDICKEY-R,JBLANTON-R,,,,,,,,
2010,2010-09-24,MIA,MIL,2.0,6.0,False,0|0|0|0|0|0|1|0|1,0|0|2|0|2|0|0|2|x,135.0,-155.0,138.0,-158.0,,10.0,sbro,,,,,AMILLER-L,MROGERS-R,,,,,,,,
2010,2010-09-24,SFO,COL,2.0,1.0,False,0|0|0|0|0|0|2|0|0,0|0|0|0|0|1|0|0|0,105.0,-125.0,-110.0,-110.0,,8.0,sbro,,,,,TLINCECUM-R,JCHACIN-R,,,,,,,,
2010,2010-09-24,LOS,ARI,3.0,1.0,False,0|0|1|1|0|0|0|0|1,0|0|0|0|0|0|0|0|1,-132.0,112.0,-132.0,112.0,,8.5,sbro,,,,,CKERSHAW-L,BENRIGHT-R,,,,,,,,
2010,2010-09-24,CIN,SDG,3.0,4.0,False,0|1|0|0|0|2|0|0|0,0|0|0|1|1|0|2|0|x,100.0,-120.0,-104.0,-116.0,,7.0,sbro,,,,,BARROYO-R,CYOUNG-R,,,,,,,,
2010,2010-09-24,BAL,TOR,4.0,6.0,False,0|1|0|0|0|0|2|0|1,1|0|0|2|0|2|0|1|x,156.0,-176.0,143.0,-163.0,,9.0,sbro,,,,,CTILLMAN-R,BCECIL-L,,,,,,,,
2010,2010-09-24,KAN,CLE,3.0,7.0,False,0|0|0|1|0|0|0|0|2,1|1|1|0|1|0|1|2|x,100.0,-120.0,100.0,-120.0,,9.0,sbro,,,,,LHOCHEVAR-R,JTOMLIN-R,,,,,,,,
2010,2010-09-24,MIN,DET,1.0,10.0,False,0|0|0|0|0|0|0|0|1,0|0|0|2|0|4|4|0|x,115.0,-135.0,140.0,-160.0,,7.5,sbro,,,,,FLIRIANO-L,VERLANDER-R,,,,,,,,
2010,2010-09-24,BOS,NYY,10.0,8.0,False,0|3|0|4|3|0|0|0|0,0|0|1|0|0|2|4|0|1,160.0,-180.0,154.0,-174.0,,9.5,sbro,,,,,JBECKETT-R,APETTITTE-L,,,,,,,,
2010,2010-09-24,SEA,TAM,3.0,5.0,False,0|0|0|2|0|1|0|0|0,0|1|1|0|3|0|0|0|x,170.0,-190.0,175.0,-195.0,,8.5,sbro,,,,,JVARGAS-L,JNIEMANN-R,,,,,,,,
2010,2010-09-24,CWS,LAA,2.0,1.0,False,0|0|0|0|1|0|0|0|1,0|0|0|1|0|0|0|0|0,130.0,-150.0,120.0,-140.0,,8.5,sbro,,,,,FGARCIA-R,JPINEIRO-R,,,,,,,,
2010,2010-09-24,TEX,OAK,10.0,3.0,False,0|1|0|1|0|0|5|3|0,0|0|0|0|0|1|1|1|0,-110.0,-110.0,-107.0,-113.0,,7.5,sbro,,,,,THUNTER-R,BCRAMER-L,,,,,,,,
2010,2010-09-25,ATL,WAS,5.0,0.0,False,0|0|1|0|0|4|0|0|0,0|0|0|0|0|0|0|0|0,-160.0,140.0,-155.0,135.0,,8.5,sbro,,,,,DLOWE-R,YMAYA-R,,,,,,,,
2010,2010-09-25,STL,CUB,3.0,7.0,False,0|1|2|0|0|0|0|0|0,0|0|4|1|2|0|0|0|x,-160.0,140.0,-162.0,142.0,,7.5,sbro,,,,,CARPENTER-R,CCOLEMAN-R,,,,,,,,
2010,2010-09-25,NYM,PHI,5.0,2.0,False,0|0|0|0|0|0|5|0|0,2|0|0|0|0|0|0|0|0,140.0,-160.0,133.0,-153.0,,9.0,sbro,,,,,DGEE-R,KKENDRICK-R,,,,,,,,
2010,2010-09-25,HOU,PIT,4.0,6.0,False,0|1|0|2|0|0|0|0|1,0|0|3|0|2|0|0|1|x,-120.0,100.0,-107.0,-113.0,,8.0,sbro,,,,,BNORRIS-R,ZDUKE-L,,,,,,,,
2010,2010-09-25,MIA,MIL,4.0,0.0,False,1|0|0|0|0|0|1|1|1,0|0|0|0|0|0|0|0|0,120.0,-140.0,123.0,-143.0,,9.0,sbro,,,,,CVOLSTAD-R,CNARVESON-L,,,,,,,,
2010,2010-09-25,LOS,ARI,2.0,5.0,False,0|0|0|1|0|0|0|0|1,0|0|0|0|1|3|1|0|x,170.0,-190.0,152.0,-172.0,,8.5,sbro,,,,,JELY-R,DHUDSON-R,,,,,,,,
2010,2010-09-25,SFO,COL,9.0,10.0,False,1|0|2|0|1|5|0|0|0,2|0|0|0|4|1|0|2|0,120.0,-140.0,115.0,-135.0,,9.0,sbro,,,,,BZITO-L,JHAMMEL-R,,,,,,,,
2010,2010-09-25,CIN,SDG,3.0,4.0,False,1|0|0|1|1|0|0|0|0,0|2|1|0|0|0|0|0|1,-110.0,-110.0,-105.0,-105.0,,7.0,sbro,,,,,TWOOD-L,JGARLAND-R,,,,,,,,
2010,2010-09-25,BAL,TOR,4.0,5.0,False,0|3|0|0|0|0|1|0|0,0|1|1|0|0|1|1|0|0,145.0,-165.0,130.0,-150.0,,8.5,sbro,,,,,JGUTHRIE-R,RROMERO-L,,,,,,,,
2010,2010-09-25,TEX,OAK,4.0,3.0,False,0|0|1|0|0|1|1|1|0,1|0|0|0|0|0|2|0|0,125.0,-145.0,113.0,-133.0,,8.0,sbro,,,,,DHOLLAND-L,GGONZALEZ-L,,,,,,,,
2010,2010-09-25,BOS,NYY,7.0,3.0,False,0|0|3|0|1|0|2|0|1,0|0|0|0|0|0|0|2|1,-110.0,-110.0,-115.0,-105.0,,9.0,sbro,,,,,JLESTER-L,INOVA-R,,,,,,,,
2010,2010-09-25,KAN,CLE,1.0,7.0,False,0|0|1|0|0|0|0|0|0,0|0|3|4|0|0|0|0|x,-140.0,120.0,-125.0,105.0,,7.5,sbro,,,,,ZGREINKE-R,JGOMEZ-R,,,,,,,,
2010,2010-09-25,MIN,DET,10.0,11.0,False,5|0|0|0|5|0|0|0|0,1|1|0|5|2|0|1|0|0,-110.0,-110.0,-108.0,-112.0,,8.5,sbro,,,,,CPAVANO-R,BONDERMAN-R,,,,,,,,
2010,2010-09-25,SEA,TAM,1.0,9.0,False,0|0|0|0|0|1|0|0|0,4|0|0|0|0|0|2|3|x,200.0,-240.0,190.0,-220.0,,8.0,sbro,,,,,DFISTER-R,MGARZA-R,,,,,,,,
2010,2010-09-25,CWS,LAA,6.0,2.0,False,0|0|4|1|0|0|1|0|0,2|0|0|0|0|0|0|0|0,-125.0,105.0,-115.0,-105.0,,8.0,sbro,,,,,JDANKS-L,SKAZMIR-L,,,,,,,,
2010,2010-09-26,NYM,PHI,7.0,3.0,False,0|1|0|3|1|0|0|0|2,0|0|0|0|3|0|0|0|0,235.0,-275.0,235.0,-275.0,,8.0,sbro,,,,,PMISCH-L,CHAMELS-L,,,,,,,,
2010,2010-09-26,ATL,WAS,2.0,4.0,False,0|0|0|0|1|0|1|0|0,1|1|0|0|0|0|2|0|x,-120.0,100.0,-141.0,121.0,,8.0,sbro,,,,,BBEACHY-R,LHERNADEZ-R,,,,,,,,
2010,2010-09-26,HOU,PIT,3.0,9.0,False,1|0|0|0|0|0|0|2|0,0|0|0|0|0|2|4|3|x,-130.0,110.0,-111.0,-109.0,,7.5,sbro,,,,,JHAPP-L,PMAHOLM-L,,,,,,,,
2010,2010-09-26,MIA,MIL,1.0,7.0,False,1|0|0|0|0|0|0|0|0,2|1|4|0|0|0|0|0|x,115.0,-135.0,140.0,-160.0,,8.5,sbro,,,,,AMENDEZ-R,CCAPUANO-L,,,,,,,,
2010,2010-09-26,STL,CUB,8.0,7.0,False,4|0|0|0|4|0|0|0|0,0|0|0|0|2|3|2|0|0,-135.0,115.0,-135.0,115.0,,8.0,sbro,,,,,WESTBROOK-R,JSAMARDZI-R,,,,,,,,
2010,2010-09-26,SFO,COL,4.0,2.0,False,2|0|1|0|0|0|1|0|0,0|0|0|0|0|0|0|2|0,-105.0,-115.0,101.0,-121.0,,8.5,sbro,,,,,MCAIN-R,DELAROSA-L,,,,,,,,
2010,2010-09-26,CIN,SDG,12.0,2.0,False,1|0|0|3|0|2|0|6|0,0|2|0|0|0|0|0|0|0,115.0,-135.0,108.0,-128.0,,7.0,sbro,,,,,HBAILEY-R,CRICHARD-L,,,,,,,,
2010,2010-09-26,LOS,ARI,4.0,5.0,False,0|0|0|0|2|0|0|2|0,0|0|0|0|1|0|0|4|x,-115.0,-105.0,-115.0,-105.0,,9.0,sbro,,,,,BILLNGSLEY-R,JSAUNDERS-L,,,,,,,,
2010,2010-09-26,KAN,CLE,3.0,5.0,False,1|0|0|0|1|0|1|0|0,0|0|0|0|0|0|0|5|x,130.0,-150.0,125.0,-145.0,,8.0,sbro,,,,,BCHEN-L,FCARMONA-R,,,,,,,,
2010,2010-09-26,MIN,DET,1.0,5.0,False,0|0|0|1|0|0|0|0|0,0|0|0|3|0|0|2|0|x,-110.0,-110.0,102.0,-122.0,,8.5,sbro,,,,,BDUENSING-L,RPORCELLO-R,,,,,,,,
2010,2010-09-26,BAL,TOR,2.0,5.0,False,0|1|0|0|0|0|0|1|0,1|1|1|0|0|2|0|0|x,180.0,-210.0,170.0,-200.0,,8.5,sbro,,,,,VANDENHURK-R,SMARCUM-R,,,,,,,,
2010,2010-09-26,SEA,TAM,6.0,2.0,False,0|0|0|0|2|3|1|0|0,0|0|0|0|2|0|0|0|0,180.0,-210.0,200.0,-230.0,,8.5,sbro,,,,,LFRENCH-L,JSHIELDS-R,,,,,,,,
2010,2010-09-26,CWS,LAA,4.0,3.0,False,0|1|0|0|0|1|2|0|0,3|0|0|0|0|0|0|0|0,170.0,-200.0,205.0,-235.0,,8.0,sbro,,,,,TPENA-R,JERWEAVER-R,,,,,,,,
2010,2010-09-26,TEX,OAK,16.0,9.0,False,1|2|3|1|0|2|0|0|7,0|0|0|0|1|0|0|6|2,152.0,-172.0,170.0,-200.0,,7.0,sbro,,,,,CLEWIS-R,TCAHILL-R,,,,,,,,
2010,2010-09-26,BOS,NYY,3.0,4.0,False,0|0|1|0|0|0|0|0|2,0|0|0|0|0|0|2|0|1,120.0,-140.0,170.0,-200.0,,9.5,sbro,,,,,DMATSUZAK-R,DMOSELEY-R,,,,,,,,
2010,2010-09-27,PHI,WAS,8.0,0.0,False,0|1|0|0|0|3|0|0|4,0|0|0|0|0|0|0|0|0,-215.0,185.0,-210.0,180.0,,7.0,sbro,,,,,RHALLADAY-R,JLANNAN-L,,,,,,,,
2010,2010-09-27,MIA,ATL,1.0,2.0,False,0|0|0|0|0|0|0|1|0,0|0|0|1|0|0|0|0|0,161.0,-181.0,175.0,-195.0,,8.0,sbro,,,,,ASANABIA-R,THANSON-R,,,,,,,,
2010,2010-09-27,PIT,STL,4.0,6.0,False,0|1|0|1|2|0|0|0|0,0|0|2|0|0|2|1|1|x,130.0,-150.0,130.0,-150.0,,9.0,sbro,,,,,CMORTON-R,KLOHSE-R,,,,,,,,
2010,2010-09-27,LOS,COL,3.0,1.0,False,2|0|0|0|0|0|0|0|1,0|0|0|1|0|0|0|0|0,161.0,-181.0,169.0,-189.0,,8.5,sbro,,,,,TLILLY-L,UJIMENEZ-R,,,,,,,,
2010,2010-09-27,CUB,SDG,1.0,0.0,False,0|0|0|0|0|0|1|0|0,0|0|0|0|0|0|0|0|0,121.0,-141.0,112.0,-132.0,,6.5,sbro,,,,,CZAMBRANO-R,TSTAUFFER-R,,,,,,,,
2010,2010-09-27,NYY,TOR,5.0,7.0,False,0|0|0|0|2|0|3|0|0,1|1|5|0|0|0|0|0|x,-141.0,121.0,-130.0,110.0,,9.5,sbro,,,,,ABURNETT-R,RZEPZNSKI-L,,,,,,,,
2010,2010-09-27,DET,CLE,3.0,6.0,False,0|0|1|1|0|1|0|0|0,0|0|0|0|5|0|1|0|x,-107.0,-113.0,116.0,-136.0,,8.5,sbro,,,,,AGALARRAG-R,CCARRASCO-R,,,,,,,,
2010,2010-09-27,BAL,TAM,4.0,0.0,False,0|0|0|0|1|0|3|0|0,0|0|0|0|0|0|0|0|0,175.0,-195.0,150.0,-170.0,,8.5,sbro,,,,,BMATUSZ-L,WDAVIS-R,,,,,,,,
2010,2010-09-27,SEA,TEX,7.0,5.0,False,0|2|1|0|3|0|0|1|0,0|1|0|0|1|0|3|0|0,153.0,-173.0,170.0,-200.0,,8.5,sbro,,,,,DPAULEY-R,CWILSON-L,,,,,,,,
2010,2010-09-27,BOS,CWS,6.0,1.0,False,2|0|1|0|1|0|1|0|1,0|0|0|0|1|0|0|0|0,-117.0,-103.0,-123.0,103.0,,8.5,sbro,,,,,CBUCHHOLZ-R,MBUEHRLE-L,,,,,,,,
2010,2010-09-27,MIN,KAN,8.0,10.0,False,3|0|0|5|0|0|0|0|0,0|6|1|3|0|0|0|0|x,-125.0,105.0,-123.0,103.0,,8.5,sbro,,,,,KSLOWEY-R,KDAVIES-R,,,,,,,,
2010,2010-09-27,OAK,LAA,5.0,6.0,False,1|2|0|1|0|0|0|1|0,0|3|0|0|0|0|3|0|x,-109.0,-111.0,-107.0,-113.0,,7.0,sbro,,,,,BANDERSON-L,ESANTANA-R,,,,,,,,
2010,2010-09-28,PHI,WAS,1.0,2.0,False,0|0|0|1|0|0|0|0|0,1|0|0|0|0|0|0|0|1,-117.0,-103.0,-143.0,123.0,,7.0,sbro,,,,,ROSWALT-R,JMARQUIS-R,,,,,,,,
2010,2010-09-28,MIA,ATL,2.0,3.0,False,0|0|1|0|0|0|0|1|0,0|0|0|0|0|0|3|0|x,160.0,-180.0,160.0,-180.0,,7.0,sbro,,,,,ASANCHEZ-R,THUDSON-R,,,,,,,,
2010,2010-09-28,HOU,CIN,2.0,3.0,False,0|2|0|0|0|0|0|0|0,1|0|0|0|0|1|0|0|1,135.0,-155.0,144.0,-164.0,,7.5,sbro,,,,,WRODRIGEZ-L,EVOLQUEZ-R,,,,,,,,
2010,2010-09-28,MIL,NYM,3.0,4.0,False,0|0|0|1|0|1|0|1|0,0|0|0|0|0|2|0|0|2,-135.0,115.0,-101.0,-119.0,,8.0,sbro,,,,,RWOLF-L,MPELFREY-R,,,,,,,,
2010,2010-09-28,PIT,STL,7.0,2.0,False,3|0|0|0|0|1|0|3|0,0|1|1|0|0|0|0|0|0,135.0,-155.0,130.0,-150.0,,9.0,sbro,,,,,BBURRES-L,JSUPPAN-R,,,,,,,,
2010,2010-09-28,LOS,COL,9.0,7.0,False,0|0|5|0|0|0|1|2|1,1|0|1|0|0|0|4|1|0,120.0,-140.0,115.0,-135.0,,9.0,sbro,,,,,HKURODA-R,JFRANCIS-L,,,,,,,,
2010,2010-09-28,CUB,SDG,5.0,2.0,False,0|0|0|0|2|2|0|1|0,0|0|0|0|2|0|0|0|0,150.0,-170.0,149.0,-169.0,,6.5,sbro,,,,,RDEMPSTER-R,MLATOS-R,,,,,,,,
2010,2010-09-28,ARI,SFO,2.0,4.0,False,0|1|1|0|0|0|0|0|0,0|0|1|1|0|1|1|0|x,200.0,-230.0,190.0,-220.0,,8.0,sbro,,,,,RLOPEZ-R,JSANCHEZ-L,,,,,,,,
2010,2010-09-28,NYY,TOR,6.0,1.0,False,1|0|1|0|1|0|0|2|1,0|0|1|0|0|0|0|0|0,-200.0,170.0,-186.0,166.0,,8.5,sbro,,,,,CSABATHIA-L,KDRABEK-R,,,,,,,,
2010,2010-09-28,BAL,TAM,0.0,5.0,False,0|0|0|0|0|0|0|0|0,0|1|1|1|2|0|0|0|x,220.0,-260.0,210.0,-250.0,,7.5,sbro,,,,,BBERGESEN-R,DPRICE-L,,,,,,,,
2010,2010-09-28,SEA,TEX,3.0,1.0,False,1|0|0|2|0|0|0|0|0,0|0|1|0|0|0|0|0|0,-120.0,100.0,-133.0,113.0,,7.5,sbro,,,,,FHERNANDZ-R,SFELDMAN-R,,,,,,,,
2010,2010-09-28,BOS,CWS,4.0,5.0,False,0|1|2|0|0|1|0|0|0,0|0|0|2|0|0|1|1|1,-113.0,-107.0,-105.0,-105.0,,8.5,sbro,,,,,JLACKEY-R,EJACKSON-R,,,,,,,,
2010,2010-09-28,MIN,KAN,1.0,10.0,False,0|0|0|0|1|0|0|0|0,3|2|1|0|2|0|2|0|x,-140.0,120.0,-125.0,105.0,,9.5,sbro,,,,,NBLACKBUR-R,O'SULLIVAN-R,,,,,,,,
2010,2010-09-28,OAK,LAA,2.0,4.0,False,0|0|0|1|1|0|0|0|0,0|1|0|0|0|2|1|0|x,115.0,-135.0,121.0,-141.0,,7.0,sbro,,,,,DBRADEN-L,DHAREN-R,,,,,,,,
2010,2010-09-29,PIT,STL,1.0,4.0,False,0|0|0|0|0|0|0|0|1,0|0|0|1|0|0|1|2|x,-110.0,-110.0,-106.0,-114.0,,8.5,sbro,,,,,JMCDONALD-R,PWALTERS-R,,,,,,,,
2010,2010-09-29,LOS,COL,7.0,6.0,False,0|0|5|1|1|0|0|0|0,0|1|1|1|2|0|0|0|1,145.0,-165.0,165.0,-185.0,,9.5,sbro,,,,,CMONASTER-R,JCHACIN-R,,,,,,,,
2010,2010-09-29,MIA,ATL,1.0,5.0,False,0|0|0|0|0|1|0|0|0,0|0|4|0|0|0|0|1|x,200.0,-230.0,200.0,-230.0,,8.5,sbro,,,,,AMILLER-L,DLOWE-R,,,,,,,,
2010,2010-09-29,PHI,WAS,7.0,1.0,False,0|2|0|3|2|0|0|0|0,0|0|0|1|0|0|0|0|0,-120.0,100.0,-110.0,-110.0,,8.5,sbro,,,,,JBLANTON-R,RDETWILER-L,,,,,,,,
2010,2010-09-29,HOU,CIN,2.0,0.0,False,1|0|0|0|0|0|1|0|0,0|0|0|0|0|0|0|0|0,100.0,-120.0,-105.0,-105.0,,7.5,sbro,,,,,NFIGUEROA-R,JCUETO-R,,,,,,,,
2010,2010-09-29,MIL,NYM,3.0,1.0,False,0|0|1|0|0|0|0|2|0,0|0|0|0|0|0|0|1|0,140.0,-160.0,132.0,-152.0,,8.0,sbro,,,,,DBUSH-R,RDICKEY-R,,,,,,,,
2010,2010-09-29,CUB,SDG,0.0,3.0,False,0|0|0|0|0|0|0|0|0,0|1|0|1|1|0|0|0|x,135.0,-155.0,124.0,-144.0,,6.5,sbro,,,,,RWELLS-R,CYOUNG-R,,,,,,,,
2010,2010-09-29,ARI,SFO,1.0,3.0,False,1|0|0|0|0|0|0|0|0,0|0|0|3|0|0|0|0|x,130.0,-150.0,180.0,-210.0,,7.0,sbro,,,,,IKENNEDY-R,TLINCECUM-R,,,,,,,,
2010,2010-09-29,SEA,TEX,5.0,6.0,False,2|0|0|0|2|1|0|0|0,0|1|0|0|0|0|1|3|1,135.0,-155.0,128.0,-148.0,,8.5,sbro,,,,,JVARGAS-L,RHARDEN-R,,,,,,,,
2010,2010-09-29,OAK,LAA,1.0,2.0,False,0|0|0|0|1|0|0|0|0,0|0|1|0|0|0|0|0|0,120.0,-140.0,123.0,-143.0,,8.0,sbro,,,,,BCRAMER-L,JPINEIRO-R,,,,,,,,
2010,2010-09-29,DET,CLE,3.0,4.0,False,2|1|0|0|0|0|0|0|0,0|1|0|1|2|0|0|0|x,-155.0,135.0,-137.0,117.0,,7.5,sbro,,,,,VERLANDER-R,JTOMLIN-R,,,,,,,,
2010,2010-09-29,NYY,TOR,4.0,8.0,False,0|0|0|0|0|3|0|0|1,1|2|0|1|3|0|1|0|x,-130.0,110.0,-105.0,-115.0,,9.0,sbro,,,,,JVAZQUEZ-R,BCECIL-L,,,,,,,,
2010,2010-09-29,BAL,TAM,2.0,0.0,False,0|0|0|0|0|0|2|0|0,0|0|0|0|0|0|0|0|0,180.0,-210.0,175.0,-195.0,,9.0,sbro,,,,,KMILLWOOD-R,JNIEMANN-R,,,,,,,,
2010,2010-09-29,BOS,CWS,2.0,5.0,False,0|0|0|1|0|0|0|1|0,0|0|0|1|0|0|3|1|x,-106.0,-114.0,-134.0,114.0,,9.0,sbro,,,,,JBECKETT-R,FGARCIA-R,,,,,,,,
2010,2010-09-29,MIN,KAN,4.0,2.0,False,0|0|0|0|0|2|1|0|1,0|2|0|0|0|0|0|0|0,-110.0,-110.0,-105.0,-105.0,,8.5,sbro,,,,,SBAKER-R,LHOCHEVAR-R,,,,,,,,
2010,2010-09-29,MIL,NYM,8.0,7.0,False,0|0|6|0|0|0|0|2|0,0|0|2|5|0|0|0|0|0,-131.0,111.0,-124.0,104.0,,8.0,sbro,,,,,YGALLARDO-R,JNIESE-L,,,,,,,,
2010,2010-09-29,DET,CLE,0.0,4.0,False,0|0|0|0|0|0|0|0|0,0|0|2|0|2|0|0|0|x,-135.0,115.0,-134.0,114.0,,8.0,sbro,,,,,MSCHERZER-R,MTALBOT-R,,,,,,,,
2010,2010-09-30,ARI,SFO,1.0,4.0,False,0|0|0|1|0|0|0|0|0,0|1|0|0|1|2|0|0|x,170.0,-190.0,175.0,-195.0,,7.5,sbro,,,,,BENRIGHT-R,MBUMGARNR-L,,,,,,,,
2010,2010-09-30,CUB,SDG,1.0,0.0,False,0|0|0|0|0|0|0|0|1,0|0|0|0|0|0|0|0|0,140.0,-160.0,145.0,-165.0,,7.5,sbro,,,,,GORZELANNY-L,JGARLAND-R,,,,,,,,
2010,2010-09-30,HOU,CIN,1.0,9.0,False,0|0|1|0|0|0|0|0|0,0|2|0|0|3|3|1|0|x,115.0,-135.0,115.0,-135.0,,7.5,sbro,,,,,BMYERS-R,BARROYO-R,,,,,,,,
2010,2010-09-30,MIL,NYM,9.0,2.0,False,0|2|0|0|2|0|0|0|5,0|0|0|1|0|0|0|1|0,125.0,-145.0,-102.0,-118.0,,8.0,sbro,,,,,CNARVESON-L,DGEE-R,,,,,,,,
2010,2010-09-30,PIT,MIA,9.0,11.0,False,0|0|0|2|0|0|1|3|3,4|1|0|4|0|1|0|1|x,155.0,-175.0,150.0,-170.0,,8.5,sbro,,,,,ZDUKE-L,CVOLSTAD-R,,,,,,,,
2010,2010-09-30,COL,STL,1.0,6.0,False,0|0|0|0|0|1|0|0|0,1|2|2|0|0|0|1|0|x,104.0,-124.0,148.0,-168.0,,7.5,sbro,,,,,JHAMMEL-R,CARPENTER-R,,,,,,,,
2010,2010-09-30,LAA,TEX,2.0,3.0,False,0|0|0|0|0|1|0|1|0,0|0|1|1|0|0|0|1|x,155.0,-175.0,154.0,-174.0,,8.5,sbro,,,,,SKAZMIR-L,CLEE-L,,,,,,,,
2010,2010-09-30,BOS,CWS,2.0,8.0,False,0|0|2|0|0|0|0|0|0,1|0|1|4|2|0|0|0|x,-130.0,110.0,-145.0,125.0,,7.5,sbro,,,,,JLESTER-L,JDANKS-L,,,,,,,,
2010,2010-09-30,TAM,KAN,2.0,3.0,False,0|0|0|1|0|0|1|0|0,1|1|1|0|0|0|0|0|x,-130.0,110.0,-124.0,104.0,,7.5,sbro,,,,,MGARZA-R,ZGREINKE-R,,,,,,,,
2010,2010-09-30,TOR,MIN,13.0,2.0,False,0|2|0|0|2|1|4|2|2,0|0|0|0|1|1|0|0|0,140.0,-160.0,140.0,-160.0,,8.0,sbro,,,,,SHILL-R,FLIRIANO-L,,,,,,,,
2010,2010-09-30,OAK,SEA,8.0,1.0,False,0|0|0|0|4|3|0|1|0,0|0|0|0|0|0|0|1|0,-130.0,110.0,-110.0,-110.0,,7.0,sbro,,,,,GGONZALEZ-L,DFISTER-R,,,,,,,,
2010,2010-10-01,WAS,NYM,1.0,2.0,False,0|0|0|0|0|0|1|0|0,0|0|0|1|0|0|0|0|0,105.0,-125.0,-111.0,-109.0,,7.5,sbro,,,,,JZIMMERMN-R,PMISCH-L,,,,,,,,
2010,2010-10-01,PIT,MIA,5.0,1.0,False,0|1|0|0|2|2|0|0|0,1|0|0|0|0|0|0|0|0,115.0,-135.0,133.0,-153.0,,9.0,sbro,,,,,DMCCUTCHE-R,AMENDEZ-R,,,,,,,,
2010,2010-10-01,MIL,CIN,4.0,3.0,False,0|0|0|0|0|1|2|0|0,1|0|0|0|1|1|0|0|0,125.0,-145.0,136.0,-156.0,,8.5,sbro,,,,,MROGERS-R,TWOOD-L,,,,,,,,
2010,2010-10-01,PHI,ATL,11.0,5.0,False,0|0|0|2|0|5|0|4|0,1|0|0|0|1|0|0|0|3,150.0,-170.0,137.0,-157.0,,8.0,sbro,,,,,KKENDRICK-R,BBEACHY-R,,,,,,,,
2010,2010-10-01,CUB,HOU,2.0,0.0,False,0|1|0|1|0|0|0|0|0,0|0|0|0|0|0|0|0|0,-105.0,-115.0,117.0,-137.0,,8.0,sbro,,,,,CCOLEMAN-R,BNORRIS-R,,,,,,,,
2010,2010-10-01,COL,STL,0.0,3.0,False,0|0|0|0|0|0|0|0|0,1|1|0|0|0|1|0|0|x,105.0,-125.0,-106.0,-114.0,,7.5,sbro,,,,,DELAROSA-L,WESTBROOK-R,,,,,,,,
2010,2010-10-01,ARI,LOS,7.0,5.0,False,2|0|3|0|2|0|0|0|0,0|0|0|1|0|3|1|0|0,130.0,-150.0,113.0,-133.0,,8.5,sbro,,,,,ZKROENKE-L,JELY-R,,,,,,,,
2010,2010-10-01,SDG,SFO,6.0,4.0,False,0|1|3|1|1|0|0|0|0,0|0|0|0|1|3|0|0|0,139.0,-159.0,147.0,-167.0,,6.5,sbro,,,,,CRICHARD-L,MCAIN-R,,,,,,,,
2010,2010-10-01,DET,BAL,1.0,2.0,False,0|0|0|0|0|0|0|0|1,0|0|1|0|0|0|1|0|x,125.0,-145.0,123.0,-143.0,,8.0,sbro,,,,,RPORCELLO-R,JGUTHRIE-R,,,,,,,,
2010,2010-10-01,LAA,TEX,5.0,4.0,False,0|0|0|1|0|0|0|2|1,0|0|0|0|1|0|1|0|2,-110.0,-110.0,-106.0,-114.0,,8.0,sbro,,,,,JERWEAVER-R,THUNTER-R,,,,,,,,
2010,2010-10-01,CLE,CWS,7.0,3.0,False,3|0|3|0|0|0|1|0|0,1|1|0|0|0|0|0|0|1,-110.0,-110.0,-122.0,102.0,,8.0,sbro,,,,,FCARMONA-R,TPENA-R,,,,,,,,
2010,2010-10-01,TAM,KAN,0.0,7.0,False,0|0|0|0|0|0|0|0|0,1|0|3|0|1|2|0|0|x,-145.0,125.0,-145.0,125.0,,8.5,sbro,,,,,JSHIELDS-R,BCHEN-L,,,,,,,,
2010,2010-10-01,TOR,MIN,6.0,3.0,False,0|0|0|0|1|0|1|4|0,0|1|0|0|0|1|0|0|1,115.0,-135.0,106.0,-126.0,,8.5,sbro,,,,,RROMERO-L,CPAVANO-R,,,,,,,,
2010,2010-10-01,OAK,SEA,9.0,0.0,False,1|6|0|1|0|1|0|0|0,0|0|0|0|0|0|0|0|0,-140.0,120.0,-125.0,105.0,,6.5,sbro,,,,,TCAHILL-R,LFRENCH-L,,,,,,,,
2010,2010-10-01,DET,BAL,6.0,10.0,False,0|1|0|0|0|0|0|4|1,0|0|0|6|3|0|0|1|x,118.0,-138.0,102.0,-122.0,,8.5,sbro,,,,,BONDERMAN-R,CTILLMAN-R,,,,,,,,
2010,2010-10-02,MIL,CIN,4.0,7.0,False,0|0|0|1|0|0|3|0|0,0|0|2|1|1|0|3|0|x,105.0,-125.0,-103.0,-117.0,,8.0,sbro,,,,,CCAPUANO-L,HBAILEY-R,,,,,,,,
2010,2010-10-02,COL,STL,0.0,1.0,False,0|0|0|0|0|0|0|0|0,0|0|0|0|0|0|0|0|0,-180.0,160.0,-169.0,149.0,,8.0,sbro,,,,,UJIMENEZ-R,KLOHSE-R,,,,,,,,
2010,2010-10-02,WAS,NYM,2.0,7.0,False,0|0|0|0|0|1|1|0|0,0|0|1|1|0|0|3|2|x,100.0,-120.0,105.0,-125.0,,8.5,sbro,,,,,YMAYA-R,RVALDES-L,,,,,,,,
2010,2010-10-02,CUB,HOU,8.0,3.0,False,2|2|0|4|0|0|0|0|0,0|0|0|0|0|0|3|0|0,100.0,-120.0,-105.0,-105.0,,7.0,sbro,,,,,CZAMBRANO-R,JHAPP-L,,,,,,,,
2010,2010-10-02,PHI,ATL,7.0,0.0,False,0|0|0|0|0|0|4|1|2,0|0|0|0|0|0|0|0|0,187.0,-217.0,180.0,-210.0,,8.0,sbro,,,,,VWORLEY-R,THANSON-R,,,,,,,,
2010,2010-10-02,PIT,MIA,0.0,2.0,False,0|0|0|0|0|0|0|0|0,0|0|0|2|0|0|0|0|x,160.0,-180.0,111.0,-131.0,,9.5,sbro,,,,,CMORTON-R,ASANABIA-R,,,,,,,,
2010,2010-10-02,SDG,SFO,4.0,2.0,False,2|0|1|1|0|0|0|0|0,0|0|0|0|0|0|1|0|1,-108.0,-112.0,104.0,-124.0,,7.5,sbro,,,,,TSTAUFFER-R,BZITO-L,,,,,,,,
2010,2010-10-02,ARI,LOS,2.0,3.0,False,0|0|0|0|0|0|0|2|0,0|0|0|0|2|1|0|0|x,155.0,-175.0,146.0,-166.0,,7.5,sbro,,,,,JSAUNDERS-L,BILLNGSLEY-R,,,,,,,,
2010,2010-10-02,TOR,MIN,4.0,5.0,False,1|2|0|1|0|0|0|0|0,1|0|0|0|2|0|0|0|2,100.0,-120.0,-110.0,-110.0,,7.5,sbro,,,,,SMARCUM-R,BDUENSING-L,,,,,,,,
2010,2010-10-02,OAK,SEA,5.0,3.0,False,0|0|0|2|2|0|0|1|0,0|0|0|1|0|1|0|0|1,-145.0,125.0,-138.0,118.0,,7.0,sbro,,,,,BANDERSON-L,DPAULEY-R,,,,,,,,
2010,2010-10-02,NYY,BOS,6.0,5.0,False,0|0|3|0|2|0|0|0|0,2|0|1|0|0|0|1|1|0,130.0,-150.0,-139.0,119.0,,9.5,sbro,,,,,APETTITTE-L,WAKEFIELD-R,,,,,,,,
2010,2010-10-02,CLE,CWS,2.0,6.0,False,0|0|2|0|0|0|0|x|x,1|1|0|3|0|1|x|x|x,100.0,-120.0,-105.0,-105.0,,8.5,sbro,,,,,CCARRASCO-R,MBUEHRLE-L,,,,,,,,
2010,2010-10-02,DET,BAL,1.0,2.0,False,0|1|0|0|0|0|0|0|0,0|0|0|1|1|0|0|0|x,150.0,-170.0,145.0,-165.0,,8.5,sbro,,,,,AGALARRAG-R,BMATUSZ-L,,,,,,,,
2010,2010-10-02,TAM,KAN,4.0,0.0,False,2|0|1|0|1|0|0|0|0,0|0|0|0|0|0|0|0|0,-145.0,125.0,-144.0,124.0,,9.0,sbro,,,,,SONNANSTIN-R,KDAVIES-R,,,,,,,,
2010,2010-10-02,LAA,TEX,2.0,6.0,False,2|0|0|0|0|0|0|0|0,0|0|0|0|3|0|3|0|x,135.0,-155.0,126.0,-146.0,,8.0,sbro,,,,,ESANTANA-R,CWILSON-L,,,,,,,,
2010,2010-10-02,NYY,BOS,6.0,7.0,False,1|2|1|0|0|0|2|0|0,1|0|1|1|0|1|0|2|0,110.0,-130.0,-113.0,-107.0,,9.5,sbro,,,,,ABURNETT-R,DMATSUZAK-R,,,,,,,,
2010,2010-10-03,MIL,CIN,2.0,3.0,False,0|0|2|0|0|0|0|0|0,2|0|0|1|0|0|0|0|x,101.0,-121.0,-106.0,-114.0,,8.5,sbro,,,,,RWOLF-L,AHARANG-R,,,,,,,,
2010,2010-10-03,PIT,MIA,2.0,5.0,False,0|1|0|0|1|0|0|0|0,2|0|0|0|0|1|2|0|x,163.0,-183.0,163.0,-183.0,,8.5,sbro,,,,,BBURRES-L,ASANCHEZ-R,,,,,,,,
2010,2010-10-03,WAS,NYM,2.0,1.0,False,0|0|0|0|1|0|0|0|0,0|0|0|0|1|0|0|0|0,138.0,-158.0,130.0,-150.0,,7.5,sbro,,,,,LHERNADEZ-R,MPELFREY-R,,,,,,,,
2010,2010-10-03,PHI,ATL,7.0,8.0,False,0|0|2|0|0|0|2|3|0,0|0|1|4|2|1|0|0|x,139.0,-159.0,120.0,-140.0,,7.5,sbro,,,,,CHAMELS-L,THUDSON-R,,,,,,,,
2010,2010-10-03,CUB,HOU,0.0,4.0,False,0|0|0|0|0|0|0|0|0,0|2|1|1|0|0|0|0|x,118.0,-138.0,-114.0,-106.0,,8.0,sbro,,,,,RDEMPSTER-R,NFIGUEROA-R,,,,,,,,
2010,2010-10-03,COL,STL,1.0,6.0,False,0|0|0|0|0|0|0|1|0,0|0|2|2|0|1|1|0|x,-103.0,-117.0,-105.0,-115.0,,8.5,sbro,,,,,EROGERS-R,JSUPPAN-R,,,,,,,,
2010,2010-10-03,SDG,SFO,0.0,3.0,False,0|0|0|0|0|0|0|0|0,0|0|2|0|0|0|0|1|x,118.0,-138.0,109.0,-129.0,,6.5,sbro,,,,,MLATOS-R,JSANCHEZ-L,,,,,,,,
2010,2010-10-03,ARI,LOS,1.0,3.0,False,0|0|0|1|0|0|0|0|0,2|0|0|0|0|0|1|0|x,157.0,-177.0,156.0,-176.0,,8.0,sbro,,,,,RLOPEZ-R,TLILLY-L,,,,,,,,
2010,2010-10-03,DET,BAL,4.0,2.0,False,0|0|0|0|2|1|0|0|1,1|1|0|0|0|0|0|0|0,-111.0,-109.0,137.0,-157.0,,8.5,sbro,,,,,PCOKE-L,BBERGESEN-R,,,,,,,,
2010,2010-10-03,NYY,BOS,4.0,8.0,False,0|1|1|0|0|0|0|1|1,2|0|0|0|2|3|1|0|x,-103.0,-117.0,100.0,-120.0,,9.5,sbro,,,,,DMOSELEY-R,JLACKEY-R,,,,,,,,
2010,2010-10-03,CLE,CWS,5.0,6.0,False,0|1|0|0|1|1|0|0|2,2|3|0|0|0|0|0|1|x,107.0,-127.0,113.0,-133.0,,8.0,sbro,,,,,JGERMANO-R,EJACKSON-R,,,,,,,,
2010,2010-10-03,TAM,KAN,3.0,2.0,False,0|0|0|0|0|0|0|0|2,0|0|0|2|0|0|0|0|0,-165.0,145.0,-152.0,132.0,,9.0,sbro,,,,,WDAVIS-R,O'SULLIVAN-R,,,,,,,,
2010,2010-10-03,TOR,MIN,2.0,1.0,False,0|0|0|0|1|0|1|0|0,0|0|0|1|0|0|0|0|0,100.0,-120.0,103.0,-123.0,,8.5,sbro,,,,,RZEPZNSKI-L,NBLACKBUR-R,,,,,,,,
2010,2010-10-03,LAA,TEX,6.0,2.0,False,0|0|0|2|0|1|0|0|3,0|0|0|0|2|0|0|0|0,118.0,-138.0,122.0,-142.0,,8.0,sbro,,,,,DHAREN-R,CLEWIS-R,,,,,,,,
2010,2010-10-03,OAK,SEA,4.0,3.0,False,0|0|1|1|0|1|0|1|0,0|0|0|0|2|0|0|1|0,-157.0,137.0,-146.0,126.0,,7.5,sbro,,,,,DBRADEN-L,RWLND-SMTH-L,,,,,,,,
2010,2010-10-06,CIN,PHI,0.0,4.0,False,0|0|0|0|0|0|0|0|0,1|3|0|0|0|0|0|0|x,180.0,-210.0,170.0,-200.0,,7.0,sbro,,,,,EVOLQUEZ-R,RHALLADAY-R,,,,,,,,
2010,2010-10-06,TEX,TAM,5.0,1.0,False,0|2|1|1|1|0|0|0|0,0|0|0|0|0|0|1|0|0,104.0,-124.0,115.0,-135.0,,6.5,sbro,,,,,CLEE-L,DPRICE-L,,,,,,,,
2010,2010-10-06,NYY,MIN,6.0,4.0,False,0|0|0|0|0|4|2|0|0,0|2|1|0|0|1|0|0|0,-135.0,115.0,-147.0,127.0,,7.5,sbro,,,,,CSABATHIA-L,FLIRIANO-L,,,,,,,,
2010,2010-10-07,ATL,SFO,0.0,1.0,False,0|0|0|0|0|0|0|0|0,0|0|0|1|0|0|0|0|x,130.0,-150.0,139.0,-159.0,,6.5,sbro,,,,,DLOWE-R,TLINCECUM-R,,,,,,,,
2010,2010-10-07,TEX,TAM,6.0,0.0,False,0|0|1|1|4|0|0|0|0,0|0|0|0|0|0|0|0|0,-105.0,-115.0,111.0,-131.0,,8.5,sbro,,,,,CWILSON-L,JSHIELDS-R,,,,,,,,
2010,2010-10-07,NYY,MIN,5.0,2.0,False,0|0|0|1|1|0|2|0|1,0|1|0|0|0|1|0|0|0,-114.0,-106.0,-116.0,-104.0,,9.0,sbro,,,,,APETTITTE-L,CPAVANO-R,,,,,,,,
2010,2010-10-08,CIN,PHI,4.0,7.0,False,1|1|0|1|1|0|0|0|0,0|0|0|0|2|1|3|1|x,169.0,-189.0,165.0,-185.0,,7.5,sbro,,,,,BARROYO-R,ROSWALT-R,,,,,,,,
2010,2010-10-08,ATL,SFO,5.0,4.0,False,0|0|0|0|0|1|0|3|0,3|1|0|0|0|0|0|0|0,-156.0,136.0,-106.0,-114.0,,6.5,sbro,,,,,THANSON-R,MCAIN-R,,,,,,,,
2010,2010-10-09,TAM,TEX,6.0,3.0,False,0|0|0|0|0|1|0|2|3,0|0|1|0|0|0|1|0|1,110.0,-130.0,-105.0,-115.0,,8.5,sbro,,,,,MGARZA-R,CLEWIS-R,,,,,,,,
2010,2010-10-09,MIN,NYY,1.0,6.0,False,0|0|0|0|0|0|0|1|0,0|1|1|3|0|0|1|0|x,150.0,-170.0,158.0,-178.0,,9.0,sbro,,,,,BDUENSING-L,PHUGHES-R,,,,,,,,
2010,2010-10-10,PHI,CIN,2.0,0.0,False,1|0|0|0|1|0|0|0|0,0|0|0|0|0|0|0|0|0,-130.0,110.0,-129.0,109.0,,7.5,sbro,,,,,CHAMELS-L,JCUETO-R,,,,,,,,
2010,2010-10-10,SFO,ATL,3.0,2.0,False,0|1|0|0|0|0|0|0|2,0|0|0|0|0|0|0|2|0,110.0,-130.0,107.0,-127.0,,7.0,sbro,,,,,JSANCHEZ-L,THUDSON-R,,,,,,,,
2010,2010-10-10,TAM,TEX,5.0,2.0,False,0|1|0|2|2|0|0|0|0,0|0|0|0|0|2|0|0|0,105.0,-125.0,-110.0,-110.0,,9.0,sbro,,,,,WDAVIS-R,THUNTER-R,,,,,,,,
2010,2010-10-11,SFO,ATL,3.0,2.0,False,0|0|0|0|0|1|2|0|0,0|0|1|0|0|1|0|0|0,125.0,-145.0,120.0,-140.0,,7.0,sbro,,,,,MBUMGARNR-L,DLOWE-R,,,,,,,,
2010,2010-10-12,TEX,TAM,5.0,1.0,False,1|0|0|1|0|1|0|0|2,0|0|1|0|0|0|0|0|0,-109.0,-111.0,-103.0,-117.0,,6.5,sbro,,,,,CLEE-L,DPRICE-L,,,,,,,,
2010,2010-10-15,NYY,TEX,6.0,5.0,False,0|0|0|0|0|0|1|5|0,3|0|0|2|0|0|0|0|0,-135.0,115.0,-133.0,113.0,,8.5,sbro,,,,,CSABATHIA-L,CWILSON-L,,,,,,,,
2010,2010-10-16,SFO,PHI,4.0,3.0,False,0|0|1|0|1|2|0|0|0,0|0|1|0|0|2|0|0|0,150.0,-170.0,147.0,-167.0,,6.0,sbro,,,,,TLINCECUM-R,RHALLADAY-R,,,,,,,,
2010,2010-10-16,NYY,TEX,2.0,7.0,False,0|0|0|1|0|1|0|0|0,1|2|2|0|2|0|0|0|x,-120.0,100.0,-118.0,-102.0,,9.0,sbro,,,,,PHUGHES-R,CLEWIS-R,,,,,,,,
2010,2010-10-17,SFO,PHI,1.0,6.0,False,0|0|0|0|1|0|0|0|0,1|0|0|0|1|0|4|0|x,130.0,-150.0,142.0,-162.0,,7.0,sbro,,,,,JSANCHEZ-L,ROSWALT-R,,,,,,,,
2010,2010-10-18,TEX,NYY,8.0,0.0,False,2|0|0|0|0|0|0|0|6,0|0|0|0|0|0|0|0|0,-117.0,-103.0,-112.0,-108.0,,7.5,sbro,,,,,CLEE-L,APETTITTE-L,,,,,,,,
2010,2010-10-19,PHI,SFO,0.0,3.0,False,0|0|0|0|0|0|0|0|0,0|0|0|2|1|0|0|0|x,-113.0,-107.0,-123.0,103.0,,6.5,sbro,,,,,CHAMELS-L,MCAIN-R,,,,,,,,
2010,2010-10-19,TEX,NYY,10.0,3.0,False,0|0|2|0|0|3|2|0|3,0|1|1|1|0|0|0|0|0,123.0,-143.0,140.0,-160.0,,9.5,sbro,,,,,THUNTER-R,ABURNETT-R,,,,,,,,
2010,2010-10-20,PHI,SFO,5.0,6.0,False,0|0|0|0|4|0|0|1|0,1|0|1|0|1|2|0|0|1,-105.0,-115.0,-113.0,-107.0,,7.5,sbro,,,,,JBLANTON-R,MBUMGARNR-L,,,,,,,,
2010,2010-10-20,TEX,NYY,2.0,7.0,False,0|0|0|0|1|1|0|0|0,0|3|2|0|1|0|0|1|x,152.0,-172.0,154.0,-174.0,,7.5,sbro,,,,,CWILSON-L,CSABATHIA-L,,,,,,,,
2010,2010-10-21,PHI,SFO,4.0,2.0,False,0|0|3|0|0|0|0|0|1,1|0|0|1|0|0|0|0|0,-115.0,-105.0,-118.0,-102.0,,5.5,sbro,,,,,RHALLADAY-R,TLINCECUM-R,,,,,,,,
2010,2010-10-22,NYY,TEX,1.0,6.0,False,0|0|0|0|1|0|0|0|0,1|0|0|0|4|0|1|0|x,-105.0,-105.0,-111.0,-109.0,,9.0,sbro,,,,,PHUGHES-R,CLEWIS-R,,,,,,,,
2010,2010-10-23,SFO,PHI,3.0,2.0,False,0|0|2|0|0|0|0|1|0,2|0|0|0|0|0|0|0|0,135.0,-155.0,137.0,-157.0,,7.0,sbro,,,,,JSANCHEZ-L,ROSWALT-R,,,,,,,,
2010,2010-10-27,TEX,SFO,7.0,11.0,False,1|1|0|0|0|2|0|0|3,0|0|2|0|6|0|0|3|x,-119.0,-101.0,-125.0,105.0,,5.5,sbro,,,,,CLEE-L,TLINCECUM-R,,,,,,,,
2010,2010-10-28,TEX,SFO,0.0,9.0,False,0|0|0|0|0|0|0|0|0,0|0|0|0|1|0|1|7|x,102.0,-122.0,-105.0,-115.0,,7.0,sbro,,,,,CWILSON-L,MCAIN-R,,,,,,,,
2010,2010-10-30,SFO,TEX,2.0,4.0,False,0|0|0|0|0|0|1|1|0,0|3|0|0|1|0|0|0|x,125.0,-145.0,143.0,-163.0,,8.5,sbro,,,,,JSANCHEZ-L,CLEWIS-R,,,,,,,,
2010,2010-10-31,SFO,TEX,4.0,0.0,False,0|0|2|0|0|0|1|1|0,0|0|0|0|0|0|0|0|0,118.0,-138.0,125.0,-145.0,,9.0,sbro,,,,,MBUMGARNR-L,THUNTER-R,,,,,,,,
2010,2010-11-01,SFO,TEX,3.0,1.0,False,0|0|0|0|0|0|3|0|0,0|0|0|0|0|0|1|0|0,157.0,-177.0,150.0,-170.0,,6.5,sbro,,,,,TLINCECUM-R,CLEE-L,,,,,,,,
