season,date,away,home,away_score,home_score,neutral,periods_away,periods_home,ml_open_away,ml_open_home,ml_close_away,ml_close_home,spread_close_home,total_close,source,espn_id,away_abbr,home_abbr,season_type,away_pitcher,home_pitcher,away_qb,home_qb,away_rest,home_rest,div_game,roof,temp,wind
2014,2014-03-22,LOS,ARI,3.0,1.0,False,0|1|0|2|0|0|0|0|0,0|0|0|0|0|1|0|0|0,-170.0,150.0,-170.0,150.0,1.5,6.5,sbro,,,,,CKERSHAW-L,WMILEY-L,,,,,,,,
2014,2014-03-22,LOS,ARI,7.0,5.0,False,1|0|2|0|2|1|1|0|0,0|0|0|0|0|0|0|1|4,-120.0,100.0,-119.0,109.0,1.5,7.5,sbro,,,,,HRYU-L,TCAHILL-R,,,,,,,,
2014,2014-03-30,LOS,SDG,1.0,3.0,False,0|0|0|0|1|0|0|0|0,0|0|0|0|0|0|0|3|x,-105.0,-105.0,-115.0,105.0,1.5,6.5,sbro,,,,,HRYU-L,ACASHNER-R,,,,,,,,
2014,2014-03-31,CUB,PIT,0.0,1.0,False,0|0|0|0|0|0|0|0|0,0|0|0|0|0|0|0|0|0,145.0,-165.0,170.0,-190.0,-1.5,6.5,sbro,,,,,SAMARDZIJA-R,FLIRIANO-L,,,,,,,,
2014,2014-03-31,WAS,NYM,9.0,7.0,False,0|2|0|0|0|0|2|0|1,3|1|0|0|0|0|0|1|0,-165.0,145.0,-179.0,159.0,1.5,6.5,sbro,,,,,STRASBURG-R,DGEE-R,,,,,,,,
2014,2014-03-31,ATL,MIL,0.0,2.0,False,0|0|0|0|0|0|0|0|0,0|0|0|2|0|0|0|0|x,-115.0,-105.0,-113.0,103.0,1.5,8.0,sbro,,,,,JTEHERAN-R,YGALLARDO-R,,,,,,,,
2014,2014-03-31,STL,CIN,1.0,0.0,False,0|0|0|0|0|0|1|0|0,0|0|0|0|0|0|0|0|0,-115.0,-105.0,-120.0,110.0,1.5,7.0,sbro,,,,,WAINWRIGHT-R,JCUETO-R,,,,,,,,
2014,2014-03-31,COL,MIA,1.0,10.0,False,0|0|0|0|0|1|0|0|0,0|0|1|0|5|1|0|3|x,135.0,-155.0,130.0,-145.0,-1.5,6.5,sbro,,,,,DELAROSA-L,JFERNANDZ-R,,,,,,,,
2014,2014-03-31,SFO,ARI,9.0,8.0,False,0|0|1|0|1|1|4|0|2,0|0|0|4|2|1|0|0|1,-140.0,120.0,-118.0,108.0,1.5,8.0,sbro,,,,,BUMGARNER-L,BMCCARTHY-R,,,,,,,,
2014,2014-03-31,KAN,DET,3.0,4.0,False,0|0|0|3|0|0|0|0|0,0|1|0|0|0|0|2|0|1,140.0,-160.0,133.0,-148.0,-1.5,7.0,sbro,,,,,JSHIELDS-R,JVERLANDE-R,,,,,,,,
2014,2014-03-31,BOS,BAL,1.0,2.0,False,0|0|0|1|0|0|0|0|0,0|1|0|0|0|0|1|0|x,-115.0,-105.0,-115.0,105.0,1.5,9.0,sbro,,,,,JLESTER-L,CTILLMAN-R,,,,,,,,
2014,2014-03-31,TOR,TAM,2.0,9.0,False,0|0|0|0|0|0|0|2|0,1|2|1|0|2|0|0|3|x,145.0,-165.0,149.0,-164.0,-1.5,7.0,sbro,,,,,RDICKEY-R,DPRICE-L,,,,,,,,
2014,2014-03-31,MIN,CWS,3.0,5.0,False,0|0|2|0|0|0|0|1|0,0|2|2|0|0|1|0|0|x,145.0,-165.0,155.0,-175.0,-1.5,7.0,sbro,,,,,RNOLASCO-R,CSALE-L,,,,,,,,
2014,2014-03-31,CLE,OAK,2.0,0.0,False,0|0|0|0|0|0|0|0|2,0|0|0|0|0|0|0|0|0,115.0,-135.0,130.0,-145.0,-1.5,7.0,sbro,,,,,JMASTERSO-R,SGRAY-R,,,,,,,,
2014,2014-03-31,SEA,LAA,10.0,3.0,False,0|1|0|0|0|1|2|0|6,2|0|1|0|0|0|0|0|0,115.0,-135.0,104.0,-114.0,-1.5,7.0,sbro,,,,,FHERNANDZ-R,JWEAVER-R,,,,,,,,
2014,2014-03-31,PHI,TEX,14.0,10.0,False,0|6|0|1|2|4|0|1|0,0|4|3|0|1|0|2|0|0,-115.0,-105.0,-105.0,-105.0,-1.5,7.5,sbro,,,,,CLEE-L,TSCHEPPER-R,,,,,,,,
2014,2014-04-01,LOS,SDG,3.0,2.0,False,2|0|0|1|0|0|0|0|0,0|0|0|1|1|0|0|0|0,-155.0,135.0,-150.0,135.0,1.5,6.5,sbro,,,,,ZGREINKE-R,IKENNEDY-R,,,,,,,,
2014,2014-04-01,COL,MIA,3.0,4.0,False,0|0|0|2|0|0|0|1|0,0|2|0|0|0|2|0|0|x,100.0,-120.0,-122.0,112.0,1.5,7.0,sbro,,,,,BANDERSON-L,NEOVALDI-R,,,,,,,,
2014,2014-04-01,ATL,MIL,5.0,2.0,False,0|0|0|0|2|1|0|1|1,1|0|0|0|0|0|0|1|0,105.0,-125.0,104.0,-114.0,-1.5,8.5,sbro,,,,,AWOOD-L,KLOHSE-R,,,,,,,,
2014,2014-04-01,SFO,ARI,4.0,5.0,False,4|0|0|0|0|0|0|0|0,2|0|0|0|1|2|0|0|x,-115.0,-105.0,107.0,-117.0,-1.5,8.5,sbro,,,,,MCAIN-R,WMILEY-L,,,,,,,,
2014,2014-04-01,NYY,HOU,2.0,6.0,False,0|0|0|0|0|0|0|2|0,4|2|0|0|0|0|0|0|x,-160.0,140.0,-150.0,135.0,1.5,8.5,sbro,,,,,CSABATHIA-L,SFELDMAN-R,,,,,,,,
2014,2014-04-01,TOR,TAM,4.0,2.0,False,3|0|0|1|0|0|0|0|0,0|0|0|0|0|0|0|1|1,140.0,-160.0,150.0,-165.0,-1.5,7.5,sbro,,,,,DHUTCHISO-R,ACOBB-R,,,,,,,,
2014,2014-04-01,SEA,LAA,8.0,3.0,False,0|0|4|0|1|1|0|0|2,0|0|0|2|0|0|0|1|0,150.0,-170.0,150.0,-170.0,-1.5,7.5,sbro,,,,,ERAMIREZ-R,CWILSON-L,,,,,,,,
2014,2014-04-01,PHI,TEX,2.0,3.0,False,0|0|0|0|0|2|0|0|0,0|0|0|0|0|1|1|0|1,105.0,-125.0,131.0,-146.0,-1.5,8.5,sbro,,,,,ABURNETT-R,MPEREZ-L,,,,,,,,
2014,2014-04-02,ATL,MIL,1.0,0.0,False,0|0|0|0|0|0|1|0|0,0|0|0|0|0|0|0|0|0,120.0,-140.0,114.0,-124.0,-1.5,9.0,sbro,,,,,AHARANG-R,MGARZA-R,,,,,,,,
2014,2014-04-02,CUB,PIT,3.0,4.0,False,0|0|0|0|0|0|0|1|1,0|1|0|0|0|1|0|0|0,145.0,-165.0,140.0,-155.0,-1.5,7.0,sbro,,,,,EJACKSON-R,CMORTON-R,,,,,,,,
2014,2014-04-02,COL,MIA,6.0,5.0,False,3|0|0|3|0|0|0|0|0,1|0|0|0|0|3|0|0|1,100.0,-120.0,113.0,-123.0,-1.5,7.5,sbro,,,,,JLYLES-R,HALVAREZ-R,,,,,,,,
2014,2014-04-02,WAS,NYM,5.0,1.0,False,0|0|0|1|2|0|1|0|1,1|0|0|0|0|0|0|0|0,-140.0,120.0,-122.0,112.0,1.5,6.5,sbro,,,,,GGONZALEZ-L,BCOLON-R,,,,,,,,
2014,2014-04-02,STL,CIN,0.0,1.0,False,0|0|0|0|0|0|0|0|0,0|0|0|0|0|0|0|0|1,-120.0,100.0,-116.0,106.0,1.5,7.0,sbro,,,,,MWACHA-R,TCINGRANI-L,,,,,,,,
2014,2014-04-02,SFO,ARI,2.0,0.0,False,0|0|0|0|1|1|0|0|0,0|0|0|0|0|0|0|0|0,-105.0,-115.0,-105.0,-105.0,-1.5,8.5,sbro,,,,,THUDSON-R,TCAHILL-R,,,,,,,,
2014,2014-04-02,LOS,SDG,5.0,1.0,False,3|0|0|0|1|0|0|1|0,0|0|0|1|0|0|0|0|0,-115.0,-105.0,100.0,-110.0,-1.5,6.5,sbro,,,,,DHAREN-R,TROSS-R,,,,,,,,
2014,2014-04-02,KAN,DET,1.0,2.0,False,0|0|0|0|0|0|0|0|1,0|0|0|1|0|0|0|0|0,170.0,-200.0,170.0,-200.0,-1.5,7.5,sbro,,,,,JVARGAS-L,MSCHERZER-R,,,,,,,,
2014,2014-04-02,MIN,CWS,6.0,7.0,False,0|1|1|0|0|0|3|0|1,0|3|0|0|0|0|0|1|2,120.0,-140.0,125.0,-140.0,-1.5,8.0,sbro,,,,,KCORREIA-R,FPAULINO-R,,,,,,,,
2014,2014-04-02,CLE,OAK,1.0,6.0,False,0|0|0|0|0|0|0|0|1,1|2|2|0|0|1|0|0|x,100.0,-120.0,130.0,-145.0,-1.5,7.5,sbro,,,,,CKLUBER-R,SKAZMIR-L,,,,,,,,
2014,2014-04-02,BOS,BAL,6.0,2.0,False,0|0|2|0|2|0|2|0|0,0|0|0|2|0|0|0|0|0,-113.0,-107.0,-117.0,107.0,1.5,8.5,sbro,,,,,JLACKEY-R,UJIMENEZ-R,,,,,,,,
2014,2014-04-02,TOR,TAM,3.0,0.0,False,0|0|0|2|0|0|1|0|0,0|0|0|0|0|0|0|0|0,150.0,-170.0,138.0,-153.0,-1.5,8.0,sbro,,,,,MBUEHRLE-L,MMOORE-L,,,,,,,,
2014,2014-04-02,NYY,HOU,1.0,3.0,False,0|0|0|0|0|0|1|0|0,1|0|1|0|0|0|1|0|x,-165.0,145.0,-170.0,150.0,1.5,8.0,sbro,,,,,HKURODA-R,JCOSART-R,,,,,,,,
2014,2014-04-02,SEA,LAA,8.0,2.0,False,0|0|1|0|1|4|0|0|2,0|0|0|0|0|0|0|0|2,115.0,-135.0,127.0,-142.0,-1.5,7.5,sbro,,,,,JPAXTON-L,HSANTIAGO-L,,,,,,,,
2014,2014-04-02,PHI,TEX,3.0,4.0,False,1|0|2|0|0|0|0|0|0,0|0|0|0|0|0|1|0|3,135.0,-155.0,150.0,-170.0,-1.5,9.5,sbro,,,,,KKENDRICK-R,RROSS-L,,,,,,,,
2014,2014-04-02,CLE,OAK,6.0,4.0,False,0|0|0|2|0|0|1|0|3,2|0|0|1|0|0|1|0|0,115.0,-135.0,118.0,-128.0,-1.5,8.0,sbro,,,,,ZMCALLIST-R,JLINDBLOM-R,,,,,,,,
2014,2014-04-03,STL,CIN,7.0,6.0,False,0|2|0|1|1|0|3|0|0,3|0|0|0|0|0|3|0|0,100.0,-120.0,102.0,-112.0,-1.5,7.5,sbro,,,,,LLYNN-R,HBAILEY-R,,,,,,,,
2014,2014-04-03,CUB,PIT,3.0,2.0,False,1|1|1|0|0|0|0|0|0,0|0|0|0|0|0|2|0|0,155.0,-175.0,144.0,-159.0,-1.5,7.0,sbro,,,,,JHAMMEL-R,WRODRIGUE-L,,,,,,,,
2014,2014-04-03,COL,MIA,5.0,8.0,False,1|0|3|0|1|0|0|0|0,1|0|1|0|0|1|1|4|x,-115.0,-105.0,-113.0,103.0,1.5,7.5,sbro,,,,,FMORALES-L,JTURNER-R,,,,,,,,
2014,2014-04-03,WAS,NYM,8.0,2.0,False,0|1|0|0|2|0|4|1|0,2|0|0|0|0|0|0|0|0,-150.0,130.0,-117.0,107.0,1.5,7.0,sbro,,,,,TROARK-R,ZWHEELER-R,,,,,,,,
2014,2014-04-03,SFO,ARI,8.0,5.0,False,1|0|0|1|0|0|1|5|0,2|0|0|0|0|2|1|0|0,100.0,-120.0,107.0,-117.0,-1.5,8.5,sbro,,,,,TLINCECUM-R,BARROYO-R,,,,,,,,
2014,2014-04-03,MIN,CWS,10.0,9.0,False,0|0|3|0|2|0|2|1|2,0|1|0|0|3|4|0|1|0,125.0,-145.0,125.0,-140.0,-1.5,7.5,sbro,,,,,PHUGHES-R,JQUINTANA-L,,,,,,,,
2014,2014-04-03,BOS,BAL,4.0,3.0,False,0|1|1|1|0|1|0|0|0,0|0|0|2|0|1|0|0|0,-105.0,-115.0,-101.0,-109.0,-1.5,9.0,sbro,,,,,FDOUBRO-L,WCHEN-L,,,,,,,,
2014,2014-04-03,TOR,TAM,2.0,7.0,False,0|0|0|2|0|0|0|0|0,0|1|3|0|0|0|3|0|x,135.0,-155.0,141.0,-156.0,-1.5,8.0,sbro,,,,,BMORROW-R,CARCHER-R,,,,,,,,
2014,2014-04-03,NYY,HOU,4.0,2.0,False,0|0|2|0|1|0|1|0|0,1|0|0|0|1|0|0|0|0,-145.0,125.0,-152.0,137.0,1.5,8.5,sbro,,,,,INOVA-R,BOBERHO-L,,,,,,,,
2014,2014-04-03,SEA,OAK,2.0,3.0,False,1|0|0|0|1|0|0|0|0,0|0|0|0|1|0|0|1|0,115.0,-135.0,125.0,-140.0,-1.5,8.0,sbro,,,,,RELIAS-L,JCHAVEZ-R,,,,,,,,
2014,2014-04-04,ATL,WAS,2.0,1.0,False,0|0|0|0|1|0|0|1|0,0|0|0|0|0|1|0|0|0,145.0,-165.0,152.0,-172.0,-1.5,7.5,sbro,,,,,DHALE-R,JZIMMERMA-R,,,,,,,,
2014,2014-04-04,PHI,CUB,7.0,2.0,False,0|0|0|1|2|0|1|2|1,0|1|1|0|0|0|0|0|0,110.0,-130.0,135.0,-150.0,-1.5,11.0,sbro,,,,,RHERNANDE-R,TWOOD-L,,,,,,,,
2014,2014-04-04,SFO,LOS,8.0,4.0,False,6|2|0|0|0|0|0|0|0,0|0|0|2|2|0|0|0|0,145.0,-165.0,165.0,-185.0,-1.5,7.5,sbro,,,,,RVOGELSON-R,HRYU-L,,,,,,,,
2014,2014-04-04,ARI,COL,2.0,12.0,False,0|0|0|0|1|0|0|1|0,1|0|3|2|0|2|2|2|x,110.0,-130.0,116.0,-126.0,-1.5,10.0,sbro,,,,,RDELGADO-R,JNICASIO-R,,,,,,,,
2014,2014-04-04,STL,PIT,2.0,12.0,False,0|0|0|0|2|0|0|0|0,0|1|0|2|0|3|1|5|x,-105.0,-115.0,-102.0,-108.0,-1.5,7.0,sbro,,,,,SMILLER-R,GCOLE-R,,,,,,,,
2014,2014-04-04,CIN,NYM,3.0,4.0,False,0|0|1|0|0|0|2|0|0,0|0|0|2|0|2|0|0|x,-120.0,100.0,-101.0,-109.0,-1.5,7.0,sbro,,,,,MLEAKE-R,JMEJIA-R,,,,,,,,
2014,2014-04-04,SDG,MIA,2.0,8.0,False,0|0|0|0|0|2|0|0|0,2|0|3|0|2|0|0|1|x,-112.0,-108.0,-103.0,-107.0,-1.5,7.5,sbro,,,,,ESTULTS-L,TKOEHLER-R,,,,,,,,
2014,2014-04-04,BAL,DET,4.0,10.0,False,2|0|0|0|0|0|0|0|2,0|3|0|4|0|1|0|2|x,145.0,-165.0,152.0,-167.0,-1.5,7.5,sbro,,,,,MGONZAL-R,ASANCHEZ-R,,,,,,,,
2014,2014-04-04,MIN,CLE,2.0,7.0,False,2|0|0|0|0|0|0|0|0,0|0|0|0|0|3|4|0|x,160.0,-180.0,170.0,-190.0,-1.5,7.5,sbro,,,,,MPELFREY-R,DSALAZAR-R,,,,,,,,
2014,2014-04-04,CWS,KAN,5.0,7.0,False,1|0|0|0|1|2|1|0|0,3|1|0|0|3|0|0|0|x,125.0,-145.0,137.0,-152.0,-1.5,8.5,sbro,,,,,EJOHNSON-R,JGUTHRIE-R,,,,,,,,
2014,2014-04-04,NYY,TOR,7.0,3.0,False,2|0|2|1|0|0|0|1|1,1|2|0|0|0|0|0|0|0,-130.0,110.0,-143.0,128.0,1.5,8.5,sbro,,,,,MTANAKA-R,DMCGOWAN-R,,,,,,,,
2014,2014-04-04,TEX,TAM,1.0,8.0,False,0|0|0|0|0|0|0|1|0,1|0|3|1|3|0|0|0|x,120.0,-140.0,139.0,-154.0,-1.5,8.5,sbro,,,,,JSAUNDERS-L,JODORIZZI-R,,,,,,,,
2014,2014-04-04,LAA,HOU,11.0,1.0,False,1|1|3|0|0|3|3|0|0,0|0|0|0|1|0|0|0|0,-140.0,120.0,-180.0,160.0,1.5,9.5,sbro,,,,,GRICHARDS-R,LHARRELL-R,,,,,,,,
2014,2014-04-04,MIL,BOS,6.0,2.0,False,0|2|0|0|0|0|0|0|4,0|1|1|0|0|0|0|0|0,145.0,-165.0,128.0,-143.0,-1.5,8.5,sbro,,,,,MESTRADA-R,JPEAVY-R,,,,,,,,
2014,2014-04-05,CIN,NYM,3.0,6.0,False,0|0|0|0|1|0|0|2|0,0|0|0|0|0|2|0|0|4,-140.0,120.0,-130.0,115.0,1.5,6.5,sbro,,,,,JCUETO-R,DGEE-R,,,,,,,,
2014,2014-04-05,PHI,CUB,2.0,0.0,False,1|0|0|1|0|0|0|0|0,0|0|0|0|0|0|0|0|0,-135.0,115.0,-116.0,106.0,1.5,6.5,sbro,,,,,CLEE-L,SAMARDZIJA-R,,,,,,,,
2014,2014-04-05,SFO,LOS,7.0,2.0,False,0|1|0|1|4|1|0|0|0,0|1|0|0|0|0|1|0|0,-115.0,-105.0,-112.0,102.0,1.5,7.5,sbro,,,,,BUMGARNER-L,PMAHOLM-L,,,,,,,,
2014,2014-04-05,ATL,WAS,6.0,2.0,False,0|0|0|2|4|0|0|0|0,2|0|0|0|0|0|0|0|0,155.0,-175.0,143.0,-158.0,-1.5,6.5,sbro,,,,,JTEHERAN-R,STRASBURG-R,,,,,,,,
2014,2014-04-05,STL,PIT,6.0,1.0,False,3|0|0|0|0|1|0|0|2,0|0|1|0|0|0|0|0|0,125.0,-145.0,130.0,-145.0,-1.5,7.0,sbro,,,,,JKELLY-R,FLIRIANO-L,,,,,,,,
2014,2014-04-05,SDG,MIA,0.0,5.0,False,0|0|0|0|0|0|0|0|0,0|0|1|0|0|1|1|2|x,130.0,-150.0,135.0,-150.0,-1.5,6.5,sbro,,,,,ACASHNER-R,JFERNANDZ-R,,,,,,,,
2014,2014-04-05,ARI,COL,4.0,9.0,False,1|1|2|0|0|0|0|0|0,0|0|0|3|2|1|1|2|x,120.0,-140.0,107.0,-117.0,-1.5,9.5,sbro,,,,,BMCCARTHY-R,DELAROSA-L,,,,,,,,
2014,2014-04-05,MIN,CLE,7.0,3.0,False,3|0|2|0|0|0|0|0|2,0|0|1|0|0|0|0|0|2,145.0,-165.0,143.0,-158.0,-1.5,8.5,sbro,,,,,KGIBSON-R,CCARRASCO-R,,,,,,,,
2014,2014-04-05,NYY,TOR,0.0,4.0,False,0|0|0|0|0|0|0|0|0,0|1|0|0|0|0|0|3|x,-109.0,-111.0,119.0,-129.0,-1.5,9.0,sbro,,,,,MPINEDA-R,RDICKEY-R,,,,,,,,
2014,2014-04-05,BAL,DET,6.0,7.0,False,1|0|0|0|0|0|0|0|5,0|0|3|0|2|2|0|0|x,125.0,-145.0,118.0,-133.0,-1.5,8.5,sbro,,,,,BNORRIS-R,RPORCELLO-R,,,,,,,,
2014,2014-04-05,CWS,KAN,3.0,4.0,False,0|0|0|0|1|0|0|2|0,0|0|0|2|1|0|0|1|x,130.0,-150.0,136.0,-151.0,-1.5,8.0,sbro,,,,,JDANKS-L,BCHEN-L,,,,,,,,
2014,2014-04-05,SEA,OAK,3.0,1.0,False,0|0|0|0|3|0|0|0|0,0|0|0|0|0|0|0|0|1,-135.0,115.0,-122.0,112.0,1.5,7.0,sbro,,,,,FHERNANDZ-R,DSTRAILY-R,,,,,,,,
2014,2014-04-05,TEX,TAM,4.0,5.0,False,2|1|0|1|0|0|0|0|0,0|0|1|2|0|0|0|2|x,160.0,-180.0,160.0,-180.0,-1.5,7.5,sbro,,,,,NMARTINEZ-R,DPRICE-L,,,,,,,,
2014,2014-04-05,LAA,HOU,5.0,1.0,False,0|1|0|0|3|0|0|1|0,1|0|0|0|0|0|0|0|0,-145.0,125.0,-150.0,135.0,1.5,9.0,sbro,,,,,TSKAGGS-L,DKEUCHEL-L,,,,,,,,
2014,2014-04-05,MIL,BOS,7.0,6.0,False,1|2|3|0|0|0|0|0|0,0|2|3|0|0|1|0|0|0,165.0,-185.0,170.0,-190.0,-1.5,8.5,sbro,,,,,WPERALTA-R,CBUCHHOLZ-R,,,,,,,,
2014,2014-04-06,SDG,MIA,4.0,2.0,False,0|0|0|0|0|0|3|1|0,0|0|0|1|0|0|1|0|0,105.0,-125.0,109.0,-119.0,-1.5,7.5,sbro,,,,,IKENNEDY-R,NEOVALDI-R,,,,,,,,
2014,2014-04-06,CIN,NYM,2.0,1.0,False,0|0|0|0|0|2|0|0|0,0|1|0|0|0|0|0|0|0,-120.0,100.0,-104.0,-106.0,-1.5,7.0,sbro,,,,,ASIMON-R,JNIESE-L,,,,,,,,
2014,2014-04-06,STL,PIT,1.0,2.0,False,0|0|0|0|0|1|0|0|0,0|0|0|1|0|0|1|0|x,-160.0,140.0,-165.0,150.0,1.5,7.0,sbro,,,,,WAINWRIGHT-R,EVOLQUEZ-R,,,,,,,,
2014,2014-04-06,ATL,WAS,1.0,2.0,False,0|0|0|0|0|1|0|0|0,1|0|0|0|0|0|1|0|x,105.0,-125.0,-107.0,-103.0,-1.5,7.0,sbro,,,,,AWOOD-L,TJORDAN-R,,,,,,,,
2014,2014-04-06,PHI,CUB,3.0,8.0,False,0|0|0|0|1|0|0|0|2,4|0|0|0|0|4|0|0|x,-130.0,110.0,-114.0,104.0,1.5,7.5,sbro,,,,,ABURNETT-R,VILLANUEVA-R,,,,,,,,
2014,2014-04-06,ARI,COL,5.0,3.0,False,0|0|2|1|2|0|0|0|0,0|0|0|0|1|0|1|0|1,105.0,-125.0,116.0,-126.0,-1.5,9.0,sbro,,,,,WMILEY-L,BANDERSON-L,,,,,,,,
2014,2014-04-06,SFO,LOS,2.0,6.0,False,0|0|0|0|0|2|0|0|0,0|1|0|3|0|1|0|1|x,130.0,-150.0,132.0,-147.0,-1.5,6.5,sbro,,,,,MCAIN-R,ZGREINKE-R,,,,,,,,
2014,2014-04-06,MIN,CLE,10.0,7.0,False,0|2|3|1|0|3|0|0|1,0|2|0|3|1|1|0|0|0,160.0,-180.0,175.0,-195.0,-1.5,7.5,sbro,,,,,RNOLASCO-R,MASTERSON-R,,,,,,,,
2014,2014-04-06,BAL,DET,3.0,1.0,False,0|0|0|0|0|1|0|1|1,0|0|0|1|0|0|0|0|0,155.0,-175.0,139.0,-154.0,-1.5,7.5,sbro,,,,,CTILLMAN-R,VERLANDER-R,,,,,,,,
2014,2014-04-06,NYY,TOR,6.0,4.0,False,3|0|0|3|0|0|0|0|0,1|0|0|0|0|3|0|0|0,-108.0,-112.0,111.0,-121.0,-1.5,8.5,sbro,,,,,CSABATHIA-L,HUTCHISON-R,,,,,,,,
2014,2014-04-06,TEX,TAM,3.0,0.0,False,0|0|0|0|0|0|0|2|1,0|0|0|0|0|0|0|0|0,-115.0,-105.0,-108.0,-102.0,1.5,7.0,sbro,,,,,YDARVISH-R,ACOBB-R,,,,,,,,
2014,2014-04-06,LAA,HOU,4.0,7.0,False,0|0|0|0|1|0|0|0|3,2|1|0|1|1|0|2|0|x,-165.0,145.0,-156.0,141.0,1.5,8.0,sbro,,,,,JWEAVER-R,SFELDMAN-R,,,,,,,,
2014,2014-04-06,CWS,KAN,5.0,1.0,False,0|0|0|0|0|0|1|0|4,0|0|0|0|0|0|0|0|1,110.0,-130.0,106.0,-116.0,-1.5,7.0,sbro,,,,,CSALE-L,JSHIELDS-R,,,,,,,,
2014,2014-04-06,SEA,OAK,3.0,6.0,False,0|2|1|0|0|0|0|0|0,0|0|3|0|2|0|0|1|x,135.0,-155.0,132.0,-147.0,-1.5,7.5,sbro,,,,,ERAMIREZ-R,SGRAY-R,,,,,,,,
2014,2014-04-06,MIL,BOS,4.0,0.0,False,0|2|0|0|0|0|1|1|0,0|0|0|0|0|0|0|0|0,145.0,-165.0,141.0,-156.0,-1.5,9.0,sbro,,,,,YGALLARDO-R,JLESTER-L,,,,,,,,
2014,2014-04-07,CIN,STL,3.0,5.0,False,0|0|0|0|1|0|0|0|2,3|0|0|0|0|0|2|0|x,130.0,-150.0,138.0,-153.0,-1.5,6.5,sbro,,,,,TCINGRANI-L,MWACHA-R,,,,,,,,
2014,2014-04-07,BAL,NYY,2.0,4.0,False,0|0|0|1|0|0|1|0|0,0|0|1|1|2|0|0|0|x,130.0,-150.0,127.0,-142.0,-1.5,8.0,sbro,,,,,UJIMENEZ-R,HKURODA-R,,,,,,,,
2014,2014-04-07,LAA,HOU,9.0,1.0,False,3|0|0|0|1|1|3|0|1,0|0|0|0|0|0|0|1|0,-150.0,130.0,-160.0,145.0,1.5,8.5,sbro,,,,,CWILSON-L,JCOSART-R,,,,,,,,
2014,2014-04-07,OAK,MIN,8.0,3.0,False,0|2|3|0|0|1|2|0|0,0|1|2|0|0|0|0|0|0,-135.0,115.0,-144.0,129.0,1.5,8.0,sbro,,,,,SKAZMIR-L,KCORREIA-R,,,,,,,,
2014,2014-04-07,TEX,BOS,1.0,5.0,False,0|0|0|1|0|0|0|0|0,0|1|0|1|0|0|0|3|x,135.0,-155.0,138.0,-153.0,-1.5,9.0,sbro,,,,,SCHEPPERS-R,JLACKEY-R,,,,,,,,
2014,2014-04-07,TAM,KAN,2.0,4.0,False,0|0|0|0|0|0|0|0|2,1|0|0|0|0|3|0|0|x,-130.0,110.0,-101.0,-109.0,-1.5,7.5,sbro,,,,,MMOORE-L,JVARGAS-L,,,,,,,,
2014,2014-04-07,CWS,COL,1.0,8.0,False,0|0|0|0|0|0|1|0|0,1|1|1|0|3|1|0|1|x,115.0,-135.0,136.0,-151.0,-1.5,9.5,sbro,,,,,FPAULINO-R,JLYLES-R,,,,,,,,
2014,2014-04-08,ARI,SFO,3.0,7.0,False,0|1|0|1|0|0|0|1|0,2|0|3|0|2|0|0|0|x,140.0,-160.0,140.0,-155.0,-1.5,7.5,sbro,,,,,TCAHILL-R,THUDSON-R,,,,,,,,
2014,2014-04-08,MIA,WAS,0.0,5.0,False,0|0|0|0|0|0|0|0|0,1|0|0|0|0|2|0|2|x,170.0,-190.0,170.0,-200.0,-1.5,7.0,sbro,,,,,HALVAREZ-R,GGONZALEZ-L,,,,,,,,
2014,2014-04-08,NYM,ATL,4.0,0.0,False,0|0|1|0|0|0|2|1|0,0|0|0|0|0|0|0|0|0,120.0,-140.0,119.0,-129.0,-1.5,7.0,sbro,,,,,BCOLON-R,AHARANG-R,,,,,,,,
2014,2014-04-08,PIT,CUB,7.0,6.0,False,4|0|0|1|1|0|0|1|0,0|1|3|0|0|1|1|0|0,-135.0,115.0,-118.0,108.0,1.5,7.0,sbro,,,,,CMORTON-R,EJACKSON-R,,,,,,,,
2014,2014-04-08,CIN,STL,5.0,7.0,False,3|1|0|0|1|0|0|0|0,0|4|0|0|0|2|1|0|x,120.0,-140.0,118.0,-133.0,-1.5,7.0,sbro,,,,,HBAILEY-R,LLYNN-R,,,,,,,,
2014,2014-04-08,BAL,NYY,14.0,5.0,False,3|1|0|3|0|4|0|3|0,1|0|0|3|0|0|0|1|0,130.0,-150.0,-105.0,-105.0,-1.5,9.0,sbro,,,,,WCHEN-L,INOVA-R,,,,,,,,
2014,2014-04-08,TEX,BOS,10.0,7.0,False,0|0|5|3|1|0|0|0|1,0|0|0|1|0|0|3|0|3,120.0,-140.0,118.0,-128.0,-1.5,9.5,sbro,,,,,MPEREZ-L,FDOUBRONT-L,,,,,,,,
2014,2014-04-08,HOU,TOR,2.0,5.0,False,0|1|0|0|0|0|1|0|0,1|0|0|1|0|1|2|0|x,150.0,-170.0,175.0,-205.0,-1.5,9.5,sbro,,,,,OBERHOLTZR-L,MBUEHRLE-L,,,,,,,,
2014,2014-04-08,TAM,KAN,1.0,0.0,False,0|0|0|0|0|0|0|0|1,0|0|0|0|0|0|0|0|0,-125.0,105.0,-109.0,-101.0,1.5,7.5,sbro,,,,,CARCHER-R,YVENTURA-R,,,,,,,,
2014,2014-04-08,LAA,SEA,3.0,5.0,False,3|0|0|0|0|0|0|0|0,0|0|4|0|0|0|1|0|x,115.0,-135.0,110.0,-120.0,-1.5,7.5,sbro,,,,,HSANTIAGO-L,JPAXTON-L,,,,,,,,
2014,2014-04-08,SDG,CLE,6.0,8.0,False,0|0|0|2|0|1|0|0|3,0|0|3|3|0|2|0|0|x,130.0,-150.0,119.0,-129.0,-1.5,7.5,sbro,,,,,TROSS-R,CKLUBER-R,,,,,,,,
2014,2014-04-08,CWS,COL,15.0,3.0,False,0|3|1|0|0|0|3|6|2,0|0|0|1|0|1|0|1|0,105.0,-125.0,140.0,-155.0,-1.5,9.5,sbro,,,,,JQUINTANA-L,FMORALES-L,,,,,,,,
2014,2014-04-08,DET,LOS,2.0,3.0,False,0|1|0|0|0|0|0|0|1,1|0|0|0|0|0|1|0|0,-130.0,110.0,-122.0,112.0,1.5,7.0,sbro,,,,,MSCHERZER-R,DHAREN-R,,,,,,,,
2014,2014-04-08,MIL,PHI,10.0,4.0,False,0|1|4|1|0|0|1|3|0,1|0|0|1|1|1|0|0|0,-105.0,-115.0,-129.0,119.0,1.5,9.0,sbro,,,,,KLOHSE-R,KKENDRICK-R,,,,,,,,
2014,2014-04-09,CIN,STL,4.0,0.0,False,0|0|0|2|1|0|0|0|1,0|0|0|0|0|0|0|0|0,140.0,-160.0,128.0,-143.0,-1.5,7.5,sbro,,,,,MLEAKE-R,SMILLER-R,,,,,,,,
2014,2014-04-09,MIA,WAS,7.0,10.0,False,2|3|0|0|0|0|1|1|0,0|0|0|3|1|2|0|4|x,160.0,-180.0,170.0,-200.0,-1.5,7.0,sbro,,,,,BHAND-L,JZIMMERMA-R,,,,,,,,
2014,2014-04-09,MIL,PHI,9.0,4.0,False,2|1|0|1|0|0|0|3|2,3|0|0|0|1|0|0|0|0,-135.0,115.0,-126.0,116.0,1.5,7.5,sbro,,,,,MGARZA-R,RHERNANDE-R,,,,,,,,
2014,2014-04-09,NYM,ATL,3.0,4.0,False,0|0|0|0|0|0|0|0|3,1|0|0|0|3|0|0|0|x,125.0,-145.0,152.0,-167.0,-1.5,7.0,sbro,,,,,ZWHEELER-R,ESANTANA-R,,,,,,,,
2014,2014-04-09,PIT,CUB,5.0,7.0,False,0|0|0|0|1|0|2|0|2,1|0|0|0|3|3|0|0|x,-130.0,110.0,-109.0,-101.0,1.5,9.0,sbro,,,,,WRODRIGUE-L,JHAMMEL-R,,,,,,,,
2014,2014-04-09,ARI,SFO,7.0,3.0,False,3|0|2|2|0|0|0|0|0,0|1|1|0|1|0|0|0|0,130.0,-150.0,116.0,-126.0,-1.5,7.5,sbro,,,,,BARROYO-R,TLINCECUM-R,,,,,,,,
2014,2014-04-09,OAK,MIN,7.0,4.0,False,4|0|0|0|0|0|0|0|0,0|1|0|0|0|0|0|1|2,-125.0,105.0,-140.0,125.0,1.5,8.5,sbro,,,,,JCHAVEZ-R,PHUGHES-R,,,,,,,,
2014,2014-04-09,TAM,KAN,3.0,7.0,False,0|0|0|1|0|0|0|0|2,0|0|0|2|5|0|0|0|x,-112.0,-108.0,-117.0,107.0,1.5,9.0,sbro,,,,,JODORIZZI-R,JGUTHRIE-R,,,,,,,,
2014,2014-04-09,TEX,BOS,2.0,4.0,False,0|0|0|0|0|0|1|1|0,0|0|1|0|0|0|0|3|x,140.0,-160.0,130.0,-145.0,-1.5,8.5,sbro,,,,,RROSS-L,JPEAVY-R,,,,,,,,
2014,2014-04-09,HOU,TOR,3.0,7.0,False,0|0|0|0|0|3|0|0|0,2|0|0|0|3|0|2|0|x,165.0,-185.0,175.0,-205.0,-1.5,9.0,sbro,,,,,LHARRELL-R,BMORROW-R,,,,,,,,
2014,2014-04-09,BAL,NYY,5.0,4.0,False,0|3|0|0|0|0|0|0|2,0|2|0|1|0|0|0|0|1,145.0,-165.0,157.0,-177.0,-1.5,8.0,sbro,,,,,MGONZAL-R,MTANAKA-R,,,,,,,,
2014,2014-04-09,LAA,SEA,2.0,0.0,False,0|0|2|0|0|0|0|0|0,0|0|0|0|0|0|0|0|0,-110.0,-110.0,-108.0,-102.0,1.5,8.5,sbro,,,,,GRICHARDS-R,RELIAS-L,,,,,,,,
2014,2014-04-09,SDG,CLE,0.0,2.0,False,0|0|0|0|0|0|0|0|0,0|0|0|0|0|2|0|0|x,125.0,-145.0,135.0,-150.0,-1.5,8.0,sbro,,,,,ESTULTS-L,ZMCALLIST-R,,,,,,,,
2014,2014-04-09,CWS,COL,4.0,10.0,False,0|2|0|0|2|0|0|0|0,1|1|1|0|0|1|0|6|x,145.0,-165.0,150.0,-170.0,-1.5,10.0,sbro,,,,,EJOHNSON-R,JNICASIO-R,,,,,,,,
2014,2014-04-09,DET,LOS,7.0,6.0,False,1|1|3|0|0|0|1|0|0,2|1|0|0|0|0|0|0|3,-114.0,-106.0,-116.0,106.0,1.5,7.0,sbro,,,,,ASANCHEZ-R,JBECKETT-R,,,,,,,,
2014,2014-04-09,SDG,CLE,2.0,1.0,False,1|0|0|0|0|1|0|0|0,0|0|1|0|0|0|0|0|0,120.0,-140.0,109.0,-119.0,-1.5,8.5,sbro,,,,,RERLIN-L,TBAUER-R,,,,,,,,
2014,2014-04-10,PIT,CUB,5.0,4.0,False,0|0|0|0|0|0|5|0|0,0|0|1|3|0|0|0|0|0,-135.0,115.0,-130.0,115.0,1.5,7.5,sbro,,,,,GCOLE-R,TWOOD-L,,,,,,,,
2014,2014-04-10,MIA,WAS,1.0,7.0,False,0|0|0|0|0|0|1|0|0,0|0|2|0|0|0|0|5|x,200.0,-230.0,190.0,-220.0,-1.5,7.0,sbro,,,,,TKOEHLER-R,STRASBURG-R,,,,,,,,
2014,2014-04-10,MIL,PHI,6.0,2.0,False,0|0|0|2|0|1|3|0|0,0|1|0|0|0|1|0|0|0,110.0,-130.0,108.0,-118.0,-1.5,7.0,sbro,,,,,MESTRADA-R,CLEE-L,,,,,,,,
2014,2014-04-10,NYM,ATL,6.0,4.0,False,1|0|2|0|1|0|1|1|0,0|1|3|0|0|0|0|0|0,120.0,-140.0,125.0,-140.0,-1.5,7.5,sbro,,,,,JMEJIA-R,DHALE-R,,,,,,,,
2014,2014-04-10,ARI,SFO,6.0,5.0,False,0|2|2|0|0|0|0|1|0,0|1|1|1|2|0|0|0|0,120.0,-140.0,107.0,-117.0,-1.5,8.0,sbro,,,,,RDELGADO-R,RVOGELSON-R,,,,,,,,
2014,2014-04-10,OAK,MIN,6.0,1.0,False,0|1|2|2|0|1|0|0|0,1|0|0|0|0|0|0|0|0,-140.0,120.0,-140.0,125.0,1.5,8.5,sbro,,,,,DSTRAILY-R,MPELFREY-R,,,,,,,,
2014,2014-04-10,BOS,NYY,1.0,4.0,False,0|0|0|0|0|0|1|0|0,0|0|0|2|2|0|0|0|x,-111.0,-109.0,-101.0,-109.0,-1.5,8.5,sbro,,,,,CBUCHHOLZ-R,MPINEDA-R,,,,,,,,
2014,2014-04-10,HOU,TOR,6.0,4.0,False,0|0|0|0|2|0|3|1|0,0|0|0|0|1|0|0|0|3,185.0,-215.0,173.0,-203.0,-1.5,9.5,sbro,,,,,DKEUCHEL-L,RDICKEY-R,,,,,,,,
2014,2014-04-10,CLE,CWS,3.0,7.0,False,2|0|1|0|0|0|0|0|0,0|1|2|2|1|0|1|0|x,-115.0,-105.0,-126.0,116.0,1.5,8.0,sbro,,,,,DSALAZAR-R,JDANKS-L,,,,,,,,
2014,2014-04-11,MIA,PHI,3.0,6.0,False,0|2|0|0|0|0|0|1|0,2|0|1|0|3|0|0|0|x,-120.0,100.0,-140.0,125.0,1.5,7.0,sbro,,,,,JFERNANDZ-R,ABURNETT-R,,,,,,,,
2014,2014-04-11,WAS,ATL,6.0,7.0,False,0|0|0|1|3|1|0|1|0,0|4|0|0|1|0|0|1|0,105.0,-125.0,114.0,-124.0,-1.5,7.5,sbro,,,,,TROARK-R,JTEHERAN-R,,,,,,,,
2014,2014-04-11,PIT,MIL,2.0,4.0,False,0|0|0|0|0|0|2|0|0,0|0|0|2|2|0|0|0|x,-106.0,-114.0,105.0,-115.0,-1.5,8.5,sbro,,,,,FLIRIANO-L,WPERALTA-R,,,,,,,,
2014,2014-04-11,CUB,STL,6.0,3.0,False,0|0|0|0|0|0|1|2|0,0|1|0|0|0|0|0|0|2,135.0,-155.0,126.0,-141.0,-1.5,7.0,sbro,,,,,SAMARDZIJA-R,JKELLY-R,,,,,,,,
2014,2014-04-11,LOS,ARI,6.0,0.0,False,2|0|2|0|0|0|0|2|0,0|0|0|0|0|0|0|0|0,-120.0,100.0,-115.0,105.0,1.5,8.5,sbro,,,,,HRYU-L,BMCCARTHY-R,,,,,,,,
2014,2014-04-11,COL,SFO,5.0,6.0,False,1|0|2|0|0|1|0|1|0,0|0|1|5|0|0|0|0|x,150.0,-170.0,146.0,-161.0,-1.5,6.5,sbro,,,,,DELAROSA-L,BUMGARNER-L,,,,,,,,
2014,2014-04-11,BOS,NYY,4.0,2.0,False,0|0|0|0|0|4|0|0|0,0|1|0|0|0|0|1|0|0,-120.0,100.0,-126.0,116.0,1.5,8.0,sbro,,,,,JLESTER-L,CSABATHIA-L,,,,,,,,
2014,2014-04-11,TOR,BAL,2.0,0.0,False,0|0|0|2|0|0|0|0|0,0|0|0|0|0|0|0|0|0,125.0,-145.0,142.0,-157.0,-1.5,8.5,sbro,,,,,DMCGOWAN-R,CTILLMAN-R,,,,,,,,
2014,2014-04-11,HOU,TEX,0.0,1.0,False,0|0|0|0|0|0|0|0|0,0|0|0|0|0|0|0|0|0,195.0,-225.0,190.0,-220.0,-1.5,8.0,sbro,,,,,SFELDMAN-R,YDARVISH-R,,,,,,,,
2014,2014-04-11,CLE,CWS,6.0,9.0,False,0|0|0|0|3|1|1|0|1,0|0|2|1|2|2|1|1|x,150.0,-170.0,143.0,-158.0,-1.5,7.5,sbro,,,,,CCARRASCO-R,CSALE-L,,,,,,,,
2014,2014-04-11,KAN,MIN,1.0,10.0,False,1|0|0|0|0|0|0|0|0,2|0|0|5|0|0|2|1|x,-135.0,115.0,-120.0,110.0,1.5,8.0,sbro,,,,,BCHEN-L,KGIBSON-R,,,,,,,,
2014,2014-04-11,OAK,SEA,4.0,6.0,False,0|0|0|0|0|0|0|4|0,1|0|0|2|0|3|0|0|x,155.0,-175.0,136.0,-151.0,-1.5,6.5,sbro,,,,,TMILONE-L,FHERNANDZ-R,,,,,,,,
2014,2014-04-11,TAM,CIN,2.0,1.0,False,1|0|1|0|0|0|0|0|0,0|0|0|0|0|0|0|0|1,-115.0,-105.0,-123.0,113.0,1.5,7.0,sbro,,,,,DPRICE-L,JCUETO-R,,,,,,,,
2014,2014-04-11,NYM,LAA,4.0,5.0,False,1|0|1|2|0|0|0|0|0,1|1|0|0|0|2|0|0|0,120.0,-140.0,145.0,-160.0,-1.5,8.0,sbro,,,,,DGEE-R,TSKAGGS-L,,,,,,,,
2014,2014-04-11,DET,SDG,0.0,6.0,False,0|0|0|0|0|0|0|0|0,2|0|0|0|0|2|2|0|x,-105.0,-115.0,102.0,-112.0,-1.5,7.0,sbro,,,,,RPORCELLO-R,ACASHNER-R,,,,,,,,
2014,2014-04-12,CUB,STL,4.0,10.0,False,1|0|0|1|0|2|0|0|0,0|4|1|4|0|1|0|0|x,179.0,-209.0,200.0,-230.0,-1.5,7.0,sbro,,,,,VILLANUEVA-R,WAINWRIGHT-R,,,,,,,,
2014,2014-04-12,COL,SFO,1.0,0.0,False,0|0|1|0|0|0|0|0|0,0|0|0|0|0|0|0|0|0,115.0,-135.0,116.0,-126.0,-1.5,7.5,sbro,,,,,BANDERSON-L,MCAIN-R,,,,,,,,
2014,2014-04-12,MIA,PHI,4.0,5.0,False,0|1|0|0|1|0|2|0|0,2|0|2|0|0|0|0|0|0,-120.0,100.0,-102.0,-108.0,-1.5,8.0,sbro,,,,,NEOVALDI-R,PETTIBONE-R,,,,,,,,
2014,2014-04-12,PIT,MIL,2.0,3.0,False,0|0|2|0|0|0|0|0|0,1|1|0|0|0|0|0|1|x,135.0,-155.0,130.0,-145.0,-1.5,8.5,sbro,,,,,EVOLQUEZ-R,YGALLARDO-R,,,,,,,,
2014,2014-04-12,WAS,ATL,3.0,6.0,False,1|0|0|0|0|1|0|1|0,4|0|0|0|1|0|0|1|x,105.0,-125.0,128.0,-143.0,-1.5,7.0,sbro,,,,,TJORDAN-R,AWOOD-L,,,,,,,,
2014,2014-04-12,LOS,ARI,8.0,5.0,False,0|2|2|1|0|1|0|1|1,0|0|0|0|1|0|0|1|3,-125.0,105.0,-116.0,106.0,1.5,8.0,sbro,,,,,ZGREINKE-R,WMILEY-L,,,,,,,,
2014,2014-04-12,BOS,NYY,4.0,7.0,False,0|2|0|0|0|0|2|0|0,2|0|0|2|0|2|0|1|x,100.0,-120.0,102.0,-112.0,-1.5,8.5,sbro,,,,,JLACKEY-R,HKURODA-R,,,,,,,,
2014,2014-04-12,KAN,MIN,1.0,7.0,False,0|0|0|0|1|0|0|0|0,1|6|0|0|0|0|0|0|x,-150.0,130.0,-141.0,126.0,1.5,7.5,sbro,,,,,JSHIELDS-R,RNOLASCO-R,,,,,,,,
2014,2014-04-12,CLE,CWS,12.0,6.0,False,3|1|0|0|2|0|2|0|4,4|1|0|0|1|0|0|0|0,-115.0,-105.0,-125.0,115.0,1.5,9.0,sbro,,,,,MASTERSON-R,FPAULINO-R,,,,,,,,
2014,2014-04-12,TOR,BAL,1.0,2.0,False,0|0|0|0|0|0|0|0|1,0|0|0|0|0|0|1|0|0,110.0,-130.0,101.0,-111.0,-1.5,9.0,sbro,,,,,HUTCHISON-R,BNORRIS-R,,,,,,,,
2014,2014-04-12,HOU,TEX,6.0,5.0,False,0|0|0|5|0|0|0|0|0,1|1|0|1|0|0|0|1|1,155.0,-175.0,150.0,-170.0,-1.5,9.5,sbro,,,,,JCOSART-R,SCHEPPERS-R,,,,,,,,
2014,2014-04-12,OAK,SEA,3.0,1.0,False,2|0|1|0|0|0|0|0|0,1|0|0|0|0|0|0|0|0,-135.0,115.0,-122.0,112.0,1.5,7.5,sbro,,,,,SGRAY-R,ERAMIREZ-R,,,,,,,,
2014,2014-04-12,TAM,CIN,1.0,0.0,False,0|1|0|0|0|0|0|0|0,0|0|0|0|0|0|0|0|0,-125.0,105.0,-130.0,115.0,1.5,7.5,sbro,,,,,ACOBB-R,ASIMON-R,,,,,,,,
2014,2014-04-12,DET,SDG,6.0,2.0,False,1|0|1|2|0|0|0|0|2,1|0|0|1|0|0|0|0|0,-155.0,135.0,-131.0,116.0,1.5,6.5,sbro,,,,,VERLANDER-R,IKENNEDY-R,,,,,,,,
2014,2014-04-12,NYM,LAA,7.0,6.0,False,0|1|0|0|0|0|3|0|2,1|0|0|0|1|1|0|0|3,155.0,-175.0,150.0,-170.0,-1.5,7.5,sbro,,,,,JNIESE-L,JWEAVER-R,,,,,,,,
2014,2014-04-13,MIA,PHI,3.0,4.0,False,1|1|0|0|1|0|0|0|0,0|0|1|0|2|0|0|1|x,115.0,-135.0,107.0,-117.0,-1.5,8.5,sbro,,,,,HALVAREZ-R,KKENDRICK-R,,,,,,,,
2014,2014-04-13,WAS,ATL,2.0,10.0,False,0|0|0|0|1|0|0|0|1,3|3|0|0|0|0|0|4|x,-120.0,100.0,-130.0,115.0,1.5,7.0,sbro,,,,,GGONZALEZ-L,AHARANG-R,,,,,,,,
2014,2014-04-13,PIT,MIL,1.0,4.0,False,0|0|0|1|0|0|0|0|0,0|0|1|1|0|2|0|0|x,110.0,-130.0,108.0,-118.0,-1.5,8.5,sbro,,,,,CMORTON-R,KLOHSE-R,,,,,,,,
2014,2014-04-13,CUB,STL,4.0,6.0,False,2|0|0|1|0|0|0|0|1,0|3|0|1|0|0|0|2|x,200.0,-240.0,205.0,-245.0,-1.5,7.5,sbro,,,,,EJACKSON-R,MWACHA-R,,,,,,,,
2014,2014-04-13,COL,SFO,4.0,5.0,False,0|1|0|0|0|0|1|2|0,0|0|0|0|3|1|0|0|0,150.0,-170.0,142.0,-157.0,-1.5,7.5,sbro,,,,,TCHATWOOD-R,THUDSON-R,,,,,,,,
2014,2014-04-13,LOS,ARI,8.0,6.0,False,0|1|4|0|2|0|1|0|0,0|0|3|0|0|0|3|0|0,-120.0,100.0,-120.0,110.0,1.5,9.0,sbro,,,,,DHAREN-R,TCAHILL-R,,,,,,,,
2014,2014-04-13,TOR,BAL,11.0,3.0,False,1|0|0|2|0|5|0|3|0,1|0|0|0|0|0|0|2|0,-115.0,-105.0,-105.0,-105.0,-1.5,9.0,sbro,,,,,MBUEHRLE-L,UJIMENEZ-R,,,,,,,,
2014,2014-04-13,KAN,MIN,3.0,4.0,False,0|0|0|0|0|0|0|3|0,0|0|0|0|0|0|2|2|x,-120.0,100.0,-118.0,108.0,1.5,8.0,sbro,,,,,JVARGAS-L,KCORREIA-R,,,,,,,,
2014,2014-04-13,CLE,CWS,3.0,4.0,False,0|0|0|1|0|0|0|0|2,0|0|0|1|0|0|0|1|2,110.0,-130.0,104.0,-114.0,-1.5,9.0,sbro,,,,,CKLUBER-R,JQUINTANA-L,,,,,,,,
2014,2014-04-13,HOU,TEX,0.0,1.0,False,0|0|0|0|0|0|0|0|0,0|0|0|0|0|1|0|0|x,160.0,-180.0,145.0,-160.0,-1.5,9.0,sbro,,,,,OBERHOLTZR-L,MPEREZ-L,,,,,,,,
2014,2014-04-13,OAK,SEA,3.0,0.0,False,0|0|0|0|0|0|0|2|1,0|0|0|0|0|0|0|0|0,-120.0,100.0,-139.0,124.0,1.5,7.5,sbro,,,,,SKAZMIR-L,CYOUNG-R,,,,,,,,
2014,2014-04-13,BOS,NYY,2.0,3.0,False,0|1|0|0|0|1|0|0|0,0|0|2|1|0|0|0|0|x,-105.0,-115.0,108.0,-118.0,-1.5,9.0,sbro,,,,,FDOUBRONT-L,INOVA-R,,,,,,,,
2014,2014-04-13,TAM,CIN,4.0,12.0,False,0|0|2|0|0|0|2|0|0,0|2|5|0|1|0|0|4|x,115.0,-135.0,112.0,-122.0,-1.5,7.5,sbro,,,,,CRAMOS-L,TCINGRANI-L,,,,,,,,
2014,2014-04-13,NYM,LAA,2.0,14.0,False,1|0|0|0|1|0|0|0|0,4|0|0|3|2|2|0|3|x,130.0,-150.0,129.0,-144.0,-1.5,8.0,sbro,,,,,BCOLON-R,CWILSON-L,,,,,,,,
2014,2014-04-13,DET,SDG,1.0,5.0,False,0|0|0|1|0|0|0|0|0,0|1|0|3|0|0|1|0|x,-160.0,140.0,-164.0,149.0,1.5,6.5,sbro,,,,,MSCHERZER-R,TROSS-R,,,,,,,,
2014,2014-04-14,ATL,PHI,9.0,6.0,False,0|0|0|0|0|2|0|3|4,0|1|0|0|0|0|0|5|0,-140.0,120.0,-121.0,111.0,1.5,8.5,sbro,,,,,ESANTANA-R,RHERNANDE-R,,,,,,,,
2014,2014-04-14,WAS,MIA,9.0,2.0,False,1|3|1|0|0|0|4|0|0,0|1|0|0|0|1|0|0|0,-125.0,105.0,-155.0,140.0,1.5,7.5,sbro,,,,,JZIMMERMN-R,BHAND-L,,,,,,,,
2014,2014-04-14,PIT,CIN,7.0,7.0,False,1|2|0|0|2|2|0|x|x,2|0|0|2|2|1|0|x|x,105.0,-125.0,113.0,-123.0,-1.5,7.5,sbro,,,,,WRODRIGUE-L,HBAILEY-R,,,,,,,,
2014,2014-04-14,STL,MIL,4.0,0.0,False,0|1|0|0|0|3|0|0|0,0|0|0|0|0|0|0|0|0,105.0,-125.0,113.0,-123.0,-1.5,8.5,sbro,,,,,LLYNN-R,MGARZA-R,,,,,,,,
2014,2014-04-14,NYM,ARI,7.0,3.0,False,0|1|2|0|2|0|0|2|0,1|0|1|0|0|0|0|1|0,100.0,-120.0,115.0,-130.0,-1.5,9.0,sbro,,,,,ZWHEELER-R,JCOLLMENT-R,,,,,,,,
2014,2014-04-14,COL,SDG,4.0,5.0,False,0|0|1|1|2|0|0|0|0,0|0|0|0|3|0|0|2|x,100.0,-120.0,107.0,-117.0,-1.5,7.5,sbro,,,,,JLYLES-R,ESTULTS-L,,,,,,,,
2014,2014-04-14,TAM,BAL,1.0,7.0,False,0|0|0|0|0|1|0|0|0,1|3|2|0|1|0|0|0|x,-125.0,105.0,-113.0,103.0,1.5,8.5,sbro,,,,,CARCHER-R,WCHEN-L,,,,,,,,
2014,2014-04-14,SEA,TEX,7.0,1.0,False,0|0|0|0|1|6|0|0|0,0|0|0|0|0|0|1|0|0,130.0,-150.0,100.0,-110.0,-1.5,9.0,sbro,,,,,RELIAS-L,CLEWIS-R,,,,,,,,
2014,2014-04-14,OAK,LAA,3.0,2.0,False,0|0|0|1|0|0|0|0|2,1|0|1|0|0|0|0|0|0,-115.0,-105.0,-113.0,103.0,1.5,8.5,sbro,,,,,JCHAVEZ-R,HSANTIAGO-L,,,,,,,,
2014,2014-04-15,WAS,MIA,2.0,11.0,False,0|0|0|0|0|0|0|1|1,3|3|0|0|5|0|0|0|x,-175.0,155.0,-178.0,158.0,1.5,7.0,sbro,,,,,STRASBURG-R,TKOEHLER-R,,,,,,,,
2014,2014-04-15,PIT,CIN,5.0,7.0,False,0|1|0|1|0|0|1|2|0,0|0|1|0|0|4|2|0|x,-114.0,-106.0,-109.0,-101.0,1.5,7.0,sbro,,,,,GCOLE-R,MLEAKE-R,,,,,,,,
2014,2014-04-15,STL,MIL,6.0,1.0,False,0|1|1|1|0|0|0|0|3,0|0|0|1|0|0|0|0|0,100.0,-120.0,104.0,-114.0,-1.5,8.0,sbro,,,,,SMILLER-R,MESTRADA-R,,,,,,,,
2014,2014-04-15,NYM,ARI,9.0,0.0,False,3|0|0|6|0|0|0|0|0,0|0|0|0|0|0|0|0|0,115.0,-135.0,125.0,-140.0,-1.5,9.0,sbro,,,,,JMEJIA-R,BARROYO-R,,,,,,,,
2014,2014-04-15,COL,SDG,3.0,2.0,False,0|1|0|1|1|0|0|0|0,2|0|0|0|0|0|0|0|0,100.0,-120.0,102.0,-112.0,-1.5,7.0,sbro,,,,,JNICASIO-R,RERLIN-L,,,,,,,,
2014,2014-04-15,LOS,SFO,2.0,3.0,False,0|1|0|0|0|0|1|0|0,0|0|0|0|0|1|0|0|1,-105.0,-115.0,-105.0,-105.0,1.5,8.0,sbro,,,,,JBECKETT-R,TLINCECUM-R,,,,,,,,
2014,2014-04-15,SEA,TEX,0.0,5.0,False,0|0|0|0|0|0|0|0|0,0|2|0|0|0|0|0|3|x,130.0,-150.0,140.0,-155.0,-1.5,8.5,sbro,,,,,BBEAVAN-R,RROSS-L,,,,,,,,
2014,2014-04-15,BOS,CWS,1.0,2.0,False,0|0|0|1|0|0|0|0|0,0|1|0|0|0|0|0|0|1,-150.0,130.0,-140.0,125.0,1.5,8.0,sbro,,,,,JPEAVY-R,EJOHNSON-R,,,,,,,,
2014,2014-04-15,TOR,MIN,9.0,3.0,False,0|0|0|0|0|5|0|0|4,1|1|0|0|0|0|0|0|1,-135.0,115.0,-122.0,112.0,1.5,8.0,sbro,,,,,BMORROW-R,PHUGHES-R,,,,,,,,
2014,2014-04-15,KAN,HOU,4.0,2.0,False,1|0|2|0|1|0|0|0|0,1|0|0|0|1|0|0|0|0,-140.0,120.0,-174.0,154.0,1.5,8.0,sbro,,,,,YVENTURA-R,LHARRELL-R,,,,,,,,
2014,2014-04-15,OAK,LAA,10.0,9.0,False,0|0|3|0|0|0|2|4|0,2|0|0|4|0|0|0|1|2,100.0,-120.0,102.0,-112.0,-1.5,8.5,sbro,,,,,DSTRAILY-R,GRICHARDS-R,,,,,,,,
2014,2014-04-16,PIT,CIN,0.0,4.0,False,0|0|0|0|0|0|0|0|0,1|0|0|0|0|0|2|1|x,110.0,-130.0,103.0,-113.0,-1.5,7.0,sbro,,,,,FLIRIANO-L,JCUETO-R,,,,,,,,
2014,2014-04-16,STL,MIL,1.0,5.0,False,0|0|0|0|0|1|0|0|0,0|0|1|0|3|0|0|1|x,100.0,-120.0,-104.0,-106.0,-1.5,8.5,sbro,,,,,JKELLY-R,WPERALTA-R,,,,,,,,
2014,2014-04-16,NYM,ARI,5.0,2.0,False,0|1|0|1|0|1|0|0|2,0|0|0|0|0|0|0|0|2,110.0,-130.0,133.0,-148.0,-1.5,9.0,sbro,,,,,DGEE-R,BMCCARTHY-R,,,,,,,,
2014,2014-04-16,ATL,PHI,1.0,0.0,False,0|0|0|1|0|0|0|0|0,0|0|0|0|0|0|0|0|0,-120.0,100.0,117.0,-132.0,-1.5,6.5,sbro,,,,,JTEHERAN-R,CLEE-L,,,,,,,,
2014,2014-04-16,WAS,MIA,6.0,3.0,False,0|0|0|0|0|3|0|3|0,0|0|0|3|0|0|0|0|0,125.0,-145.0,152.0,-172.0,-1.5,6.5,sbro,,,,,TROARK-R,JFERNANDZ-R,,,,,,,,
2014,2014-04-16,COL,SDG,2.0,4.0,False,0|1|0|0|0|0|0|1|0,0|1|0|0|2|0|1|0|x,120.0,-140.0,117.0,-132.0,-1.5,6.5,sbro,,,,,DELAROSA-L,ACASHNER-R,,,,,,,,
2014,2014-04-16,LOS,SFO,1.0,2.0,False,0|0|0|0|0|1|0|0|0,0|0|1|0|0|0|1|0|x,100.0,-120.0,-102.0,-108.0,-1.5,8.5,sbro,,,,,PMAHOLM-L,RVOGELSON-R,,,,,,,,
2014,2014-04-16,TAM,BAL,0.0,3.0,False,0|0|0|0|0|0|0|0|0,0|0|0|2|1|0|0|0|x,-125.0,105.0,-101.0,-109.0,-1.5,8.0,sbro,,,,,JODORIZZI-R,MGONZALEZ-R,,,,,,,,
2014,2014-04-16,CLE,DET,3.0,2.0,False,1|2|0|0|0|0|0|0|0,1|0|0|0|0|0|0|1|0,135.0,-155.0,126.0,-141.0,-1.5,7.5,sbro,,,,,ZMCALLIST-R,ASANCHEZ-R,,,,,,,,
2014,2014-04-16,SEA,TEX,2.0,3.0,False,0|2|0|0|0|0|0|0|0,0|0|0|0|0|0|0|1|2,120.0,-140.0,113.0,-123.0,-1.5,6.5,sbro,,,,,FHERNANDZ-R,YDARVISH-R,,,,,,,,
2014,2014-04-16,KAN,HOU,6.0,4.0,False,0|1|0|1|0|0|2|0|0,0|0|2|0|0|2|0|0|0,-140.0,120.0,-116.0,106.0,1.5,8.0,sbro,,,,,JGUTHRIE-R,DKEUCHEL-L,,,,,,,,
2014,2014-04-16,BOS,CWS,6.0,4.0,False,1|0|0|0|0|0|0|1|1,1|0|0|0|0|2|0|0|0,-150.0,130.0,-126.0,116.0,1.5,7.5,sbro,,,,,CBUCHHOLZ-R,JDANKS-L,,,,,,,,
2014,2014-04-16,OAK,LAA,4.0,5.0,False,0|0|0|4|0|0|0|0|0,0|0|1|0|0|0|2|0|1,110.0,-130.0,117.0,-127.0,-1.5,8.0,sbro,,,,,TMILONE-L,TSKAGGS-L,,,,,,,,
2014,2014-04-16,CUB,NYY,0.0,2.0,False,0|0|0|0|0|0|0|0|0,0|0|0|1|1|0|0|0|x,152.0,-172.0,135.0,-150.0,-1.5,7.0,sbro,,,,,TWOOD-L,MPINEDA-R,,,,,,,,
2014,2014-04-16,CUB,NYY,0.0,3.0,False,0|0|0|0|0|0|0|0|0,1|0|0|1|1|0|0|0|x,174.0,-194.0,170.0,-190.0,-1.5,7.0,sbro,,,,,JHAMMEL-R,MTANAKA-R,,,,,,,,
2014,2014-04-17,ATL,PHI,0.0,1.0,False,0|0|0|0|0|0|0|0|0,0|0|0|0|0|0|0|1|x,-130.0,110.0,-145.0,130.0,1.5,7.0,sbro,,,,,AWOOD-L,ABURNETT-R,,,,,,,,
2014,2014-04-17,LOS,SFO,2.0,1.0,False,0|1|0|0|1|0|0|0|0,0|0|0|0|0|0|0|0|1,-111.0,-109.0,113.0,-123.0,-1.5,6.5,sbro,,,,,HRYU-L,BUMGARNER-L,,,,,,,,
2014,2014-04-17,COL,SDG,3.0,1.0,False,0|0|0|0|0|0|3|0|0,0|0|0|1|0|0|0|0|0,110.0,-130.0,117.0,-127.0,-1.5,7.0,sbro,,,,,FMORALES-L,IKENNEDY-R,,,,,,,,
2014,2014-04-17,MIL,PIT,2.0,11.0,False,1|0|1|0|0|0|0|0|0,2|0|0|0|0|0|3|6|x,-120.0,100.0,-102.0,-108.0,-1.5,7.0,sbro,,,,,YGALLARDO-R,EVOLQUEZ-R,,,,,,,,
2014,2014-04-17,STL,WAS,8.0,0.0,False,3|0|0|1|0|3|1|0|0,0|0|0|0|0|0|0|0|0,-155.0,135.0,-141.0,126.0,1.5,6.5,sbro,,,,,WAINWRIGHT-R,TJORDAN-R,,,,,,,,
2014,2014-04-17,CLE,DET,5.0,7.0,False,0|0|0|1|2|0|2|0|0,0|0|0|1|4|1|0|1|x,150.0,-170.0,139.0,-154.0,-1.5,7.5,sbro,,,,,DSALAZAR-R,VERLANDER-R,,,,,,,,
2014,2014-04-17,TOR,MIN,0.0,7.0,False,0|0|0|0|0|0|0|0|0,0|0|0|0|5|2|0|0|x,-115.0,-105.0,-120.0,110.0,1.5,7.0,sbro,,,,,RDICKEY-R,KGIBSON-R,,,,,,,,
2014,2014-04-17,SEA,TEX,6.0,8.0,False,0|0|6|0|0|0|0|0|0,3|1|2|0|2|0|0|0|x,105.0,-125.0,110.0,-120.0,-1.5,9.0,sbro,,,,,ERAMIREZ-R,SCHEPPERS-R,,,,,,,,
2014,2014-04-17,NYY,TAM,10.0,2.0,False,1|3|0|0|2|1|1|0|2,0|0|0|1|0|0|1|0|0,150.0,-170.0,151.0,-166.0,-1.5,6.5,sbro,,,,,CSABATHIA-L,DPRICE-L,,,,,,,,
2014,2014-04-17,KAN,HOU,5.0,1.0,False,1|1|0|2|1|0|0|0|0,0|0|0|0|1|0|0|0|0,-105.0,-115.0,-131.0,116.0,1.5,7.5,sbro,,,,,JSHIELDS-R,SFELDMAN-R,,,,,,,,
2014,2014-04-17,BOS,CWS,3.0,1.0,False,0|0|0|0|0|1|0|0|2,0|0|0|0|0|1|0|0|0,-105.0,-115.0,-102.0,-108.0,-1.5,7.0,sbro,,,,,JLESTER-L,CSALE-L,,,,,,,,
2014,2014-04-17,TOR,MIN,5.0,9.0,False,2|0|0|0|3|0|0|0|0,1|0|0|0|2|0|0|6|x,-127.0,107.0,-125.0,115.0,1.5,7.0,sbro,,,,,DMCGOWAN-R,MPELFREY-R,,,,,,,,
2014,2014-04-18,CIN,CUB,4.0,1.0,False,0|0|0|0|1|2|0|1|0,0|0|0|0|0|0|1|0|0,-115.0,-105.0,-102.0,-108.0,-1.5,6.5,sbro,,,,,ASIMON-R,SAMARDZIJA-R,,,,,,,,
2014,2014-04-18,STL,WAS,1.0,3.0,False,0|0|0|1|0|0|0|0|0,0|0|1|0|0|0|2|0|x,-114.0,-106.0,-110.0,100.0,1.5,6.5,sbro,,,,,MWACHA-R,GGONZALEZ-L,,,,,,,,
2014,2014-04-18,MIL,PIT,5.0,3.0,False,0|0|0|3|1|1|0|0|0,1|0|1|0|0|0|1|0|0,-115.0,-105.0,108.0,-118.0,-1.5,7.0,sbro,,,,,KLOHSE-R,CMORTON-R,,,,,,,,
2014,2014-04-18,ATL,NYM,6.0,0.0,False,0|1|0|0|0|0|0|4|1,0|0|0|0|0|0|0|0|0,-115.0,-105.0,-107.0,-103.0,1.5,7.0,sbro,,,,,AHARANG-R,JNIESE-L,,,,,,,,
2014,2014-04-18,PHI,COL,1.0,12.0,False,0|0|0|0|1|0|0|0|0,4|3|0|1|0|1|1|2|x,135.0,-155.0,137.0,-152.0,-1.5,10.5,sbro,,,,,PETTIBONE-R,TCHATWOOD-R,,,,,,,,
2014,2014-04-18,SFO,SDG,1.0,2.0,False,0|0|0|0|0|0|0|0|1,1|0|0|0|0|0|0|1|x,-120.0,100.0,100.0,-110.0,-1.5,6.5,sbro,,,,,MCAIN-R,TROSS-R,,,,,,,,
2014,2014-04-18,ARI,LOS,4.0,2.0,False,0|0|0|0|0|1|0|0|1,0|0|0|0|0|0|1|0|1,170.0,-200.0,160.0,-180.0,-1.5,6.5,sbro,,,,,WMILEY-L,ZGREINKE-R,,,,,,,,
2014,2014-04-18,LAA,DET,11.0,6.0,False,0|2|2|4|0|3|0|0|0,0|0|1|0|0|0|5|0|0,115.0,-135.0,116.0,-126.0,-1.5,8.0,sbro,,,,,JWEAVER-R,DSMYLY-L,,,,,,,,
2014,2014-04-18,TOR,CLE,3.0,2.0,False,0|0|0|1|0|0|2|0|0,0|0|0|0|0|2|0|0|0,105.0,-125.0,125.0,-140.0,-1.5,8.0,sbro,,,,,HUTCHISON-R,MASTERSON-R,,,,,,,,
2014,2014-04-18,NYY,TAM,5.0,11.0,False,0|4|0|0|0|0|1|0|0,0|0|0|2|0|1|3|5|x,-115.0,-105.0,-110.0,100.0,1.5,7.5,sbro,,,,,HKURODA-R,EBEDARD-L,,,,,,,,
2014,2014-04-18,BAL,BOS,8.0,4.0,False,1|0|3|0|2|0|1|0|1,0|0|0|1|2|0|1|0|0,115.0,-135.0,115.0,-130.0,-1.5,7.5,sbro,,,,,CTILLMAN-R,JLACKEY-R,,,,,,,,
2014,2014-04-18,CWS,TEX,0.0,12.0,False,0|0|0|0|0|0|0|0|0,2|0|7|1|0|1|1|0|x,145.0,-165.0,140.0,-155.0,-1.5,8.5,sbro,,,,,FPAULINO-R,MPEREZ-L,,,,,,,,
2014,2014-04-18,MIN,KAN,0.0,5.0,False,0|0|0|0|0|0|0|0|0,0|0|2|0|1|2|0|0|x,135.0,-155.0,128.0,-143.0,-1.5,7.5,sbro,,,,,RNOLASCO-R,JVARGAS-L,,,,,,,,
2014,2014-04-18,HOU,OAK,3.0,11.0,False,0|0|0|0|3|0|0|0|0,7|1|0|0|2|0|1|0|x,175.0,-205.0,204.0,-234.0,-1.5,7.0,sbro,,,,,JCOSART-R,SGRAY-R,,,,,,,,
2014,2014-04-18,SEA,MIA,4.0,8.0,False,0|2|0|0|1|0|1|0|0,2|1|1|0|0|0|0|0|4,-115.0,-105.0,106.0,-116.0,-1.5,7.5,sbro,,,,,CYOUNG-R,NEOVALDI-R,,,,,,,,
2014,2014-04-19,STL,WAS,4.0,3.0,False,0|3|0|0|0|0|1|0|0,0|0|0|0|1|0|0|1|1,100.0,-120.0,110.0,-120.0,-1.5,7.0,sbro,,,,,LLYNN-R,JZIMMERMN-R,,,,,,,,
2014,2014-04-19,CIN,CUB,4.0,8.0,False,0|0|0|0|0|2|2|0|0,1|1|1|0|0|3|2|0|x,-145.0,125.0,-146.0,131.0,1.5,7.5,sbro,,,,,TCINGRANI-L,EJACKSON-R,,,,,,,,
2014,2014-04-19,MIL,PIT,8.0,7.0,False,0|1|2|1|1|0|1|0|2,0|1|0|5|0|1|0|0|0,-125.0,105.0,-101.0,-109.0,-1.5,7.0,sbro,,,,,MGARZA-R,WRODRIGUE-L,,,,,,,,
2014,2014-04-19,ATL,NYM,7.0,5.0,False,0|0|2|0|1|0|0|1|3,1|0|0|0|0|0|0|2|2,-135.0,115.0,-128.0,118.0,1.5,7.0,sbro,,,,,ESANTANA-R,BCOLON-R,,,,,,,,
2014,2014-04-19,PHI,COL,1.0,3.0,False,0|0|0|0|0|0|0|1|0,0|0|1|2|0|0|0|0|x,130.0,-150.0,128.0,-143.0,-1.5,10.5,sbro,,,,,KKENDRICK-R,JLYLES-R,,,,,,,,
2014,2014-04-19,ARI,LOS,6.0,8.0,False,0|0|4|0|0|0|0|2|0,0|0|0|3|5|0|0|0|x,175.0,-205.0,175.0,-195.0,-1.5,7.5,sbro,,,,,BOLSINGER-R,DHAREN-R,,,,,,,,
2014,2014-04-19,SFO,SDG,1.0,3.0,False,0|0|0|0|1|0|0|0|0,0|1|0|0|1|0|0|1|x,-130.0,110.0,-124.0,114.0,1.5,7.0,sbro,,,,,THUDSON-R,ESTULTS-L,,,,,,,,
2014,2014-04-19,TOR,CLE,5.0,0.0,False,2|1|0|0|0|0|2|0|0,0|0|0|0|0|0|0|0|0,-107.0,-113.0,107.0,-117.0,-1.5,7.5,sbro,,,,,MBUEHRLE-L,CKLUBER-R,,,,,,,,
2014,2014-04-19,LAA,DET,2.0,5.0,False,1|0|0|0|0|0|0|0|1,0|2|1|0|1|0|0|1|x,125.0,-145.0,149.0,-164.0,-1.5,7.5,sbro,,,,,CWILSON-L,MSCHERZER-R,,,,,,,,
2014,2014-04-19,BAL,BOS,2.0,4.0,False,1|0|0|0|0|1|0|0|0,1|0|0|1|0|0|2|0|x,105.0,-125.0,126.0,-141.0,-1.5,9.0,sbro,,,,,BNORRIS-R,FDOUBRONT-L,,,,,,,,
2014,2014-04-19,MIN,KAN,4.0,5.0,False,0|1|0|1|2|0|0|0|0,0|0|0|5|0|0|0|0|x,115.0,-135.0,130.0,-145.0,-1.5,8.5,sbro,,,,,KCORREIA-R,BCHEN-L,,,,,,,,
2014,2014-04-19,HOU,OAK,3.0,4.0,False,0|0|1|1|1|0|0|0|0,0|0|1|0|0|0|0|0|3,185.0,-215.0,185.0,-215.0,-1.5,7.5,sbro,,,,,OBERHOLTZR-L,SKAZMIR-L,,,,,,,,
2014,2014-04-19,NYY,TAM,1.0,16.0,False,0|0|0|0|1|0|0|0|0,0|1|3|2|4|4|0|2|x,115.0,-135.0,125.0,-140.0,-1.5,7.5,sbro,,,,,INOVA-R,CARCHER-R,,,,,,,,
2014,2014-04-19,CWS,TEX,3.0,6.0,False,0|1|0|0|0|0|0|2|0,1|0|0|4|0|0|0|1|x,-115.0,-105.0,114.0,-124.0,-1.5,8.5,sbro,,,,,JQUINTANA-L,CLEWIS-R,,,,,,,,
2014,2014-04-19,SEA,MIA,0.0,7.0,False,0|0|0|0|0|0|0|0|0,0|0|1|1|0|4|0|1|x,-125.0,105.0,-107.0,-103.0,1.5,7.5,sbro,,,,,RELIAS-L,HALVAREZ-R,,,,,,,,
2014,2014-04-20,ATL,NYM,3.0,4.0,False,0|0|0|0|3|0|0|0|0,1|1|0|0|0|1|0|0|0,-120.0,100.0,-102.0,-108.0,-1.5,7.0,sbro,,,,,DHALE-R,ZWHEELER-R,,,,,,,,
2014,2014-04-20,STL,WAS,2.0,3.0,False,0|1|0|0|1|0|0|0|0,0|0|0|0|0|0|2|0|1,125.0,-145.0,130.0,-145.0,-1.5,7.0,sbro,,,,,SMILLER-R,STRASBURG-R,,,,,,,,
2014,2014-04-20,MIL,PIT,3.0,2.0,False,0|0|0|0|0|0|0|1|1,0|0|0|1|0|0|0|1|0,100.0,-120.0,113.0,-123.0,-1.5,6.5,sbro,,,,,MESTRADA-R,GCOLE-R,,,,,,,,
2014,2014-04-20,CIN,CUB,8.0,2.0,False,0|0|0|3|2|0|3|0|0,0|0|0|0|0|0|2|0|0,-114.0,-106.0,-140.0,125.0,1.5,9.0,sbro,,,,,HBAILEY-R,VILLANUEVA-R,,,,,,,,
2014,2014-04-20,PHI,COL,10.0,9.0,False,1|0|2|0|0|2|3|2|0,1|0|3|0|2|0|2|1|0,145.0,-165.0,137.0,-152.0,-1.5,9.5,sbro,,,,,RHERNANDE-R,JNICASIO-R,,,,,,,,
2014,2014-04-20,ARI,LOS,1.0,4.0,False,0|0|0|0|0|0|1|0|0,0|0|0|0|0|4|0|0|x,135.0,-155.0,129.0,-144.0,-1.5,7.5,sbro,,,,,JCOLLMENT-R,JBECKETT-R,,,,,,,,
2014,2014-04-20,SFO,SDG,4.0,3.0,False,2|2|0|0|0|0|0|0|0,0|0|2|0|0|0|1|0|0,-105.0,-115.0,-102.0,-108.0,-1.5,7.0,sbro,,,,,TLINCECUM-R,RERLIN-L,,,,,,,,
2014,2014-04-20,LAA,DET,1.0,2.0,False,1|0|0|0|0|0|0|0|0,1|0|0|0|0|1|0|0|x,125.0,-145.0,126.0,-141.0,-1.5,9.0,sbro,,,,,HSANTIAGO-L,RPORCELLO-R,,,,,,,,
2014,2014-04-20,TOR,CLE,4.0,6.0,False,0|0|0|3|1|0|0|0|0,0|1|0|1|0|3|1|0|x,-115.0,-105.0,-114.0,104.0,1.5,8.5,sbro,,,,,BMORROW-R,CCARRASCO-R,,,,,,,,
2014,2014-04-20,NYY,TAM,5.0,1.0,False,0|0|0|1|0|0|0|0|0,0|0|0|0|0|0|1|0|0,105.0,-125.0,125.0,-140.0,-1.5,8.5,sbro,,,,,VNUNO-L,CRAMOS-L,,,,,,,,
2014,2014-04-20,MIN,KAN,8.0,3.0,False,2|0|0|1|2|0|3|0|0,0|0|0|0|1|0|2|0|0,180.0,-210.0,163.0,-183.0,-1.5,8.0,sbro,,,,,PHUGHES-R,YVENTURA-R,,,,,,,,
2014,2014-04-20,CWS,TEX,16.0,2.0,False,0|0|2|0|3|3|1|0|7,0|0|1|1|0|0|0|0|0,160.0,-180.0,156.0,-176.0,-1.5,9.0,sbro,,,,,EJOHNSON-R,RROSS-L,,,,,,,,
2014,2014-04-20,HOU,OAK,1.0,4.0,False,0|0|0|1|0|0|0|0|0,2|0|0|0|0|0|2|0|x,195.0,-225.0,235.0,-275.0,-1.5,8.0,sbro,,,,,BPEACOCK-R,JCHAVEZ-R,,,,,,,,
2014,2014-04-20,BAL,BOS,5.0,6.0,False,3|0|0|0|1|1|0|0|0,0|0|0|0|0|3|2|0|1,145.0,-165.0,146.0,-161.0,-1.5,8.0,sbro,,,,,UJIMENEZ-R,JPEAVY-R,,,,,,,,
2014,2014-04-20,SEA,MIA,2.0,3.0,False,0|1|0|1|0|0|0|0|0,0|0|0|0|1|0|0|2|x,-105.0,-115.0,-101.0,-109.0,-1.5,8.0,sbro,,,,,BMAURER-R,KSLOWEY-R,,,,,,,,
2014,2014-04-21,CIN,PIT,5.0,6.0,False,1|0|1|0|0|0|1|2|0,0|0|0|4|0|0|0|1|1,115.0,-135.0,138.0,-153.0,-1.5,7.5,sbro,,,,,MLEAKE-R,FLIRIANO-L,,,,,,,,
2014,2014-04-21,STL,NYM,0.0,2.0,False,0|0|0|0|0|0|0|0|0,0|0|1|0|0|1|0|0|x,-112.0,-108.0,-116.0,106.0,1.5,7.5,sbro,,,,,TLYONS-L,JMEJIA-R,,,,,,,,
2014,2014-04-21,MIA,ATL,2.0,4.0,False,0|1|0|0|0|0|0|0|1,0|0|0|0|1|0|1|0|0,160.0,-180.0,160.0,-180.0,-1.5,7.5,sbro,,,,,TKOEHLER-R,JTEHERAN-R,,,,,,,,
2014,2014-04-21,ARI,CUB,1.0,5.0,False,0|0|0|0|0|0|1|0|0,0|4|0|1|0|0|0|0|x,120.0,-140.0,105.0,-115.0,-1.5,9.0,sbro,,,,,BARROYO-R,TWOOD-L,,,,,,,,
2014,2014-04-21,SDG,MIL,3.0,4.0,False,0|0|0|2|0|0|1|0|0,0|0|3|0|1|0|0|0|x,-105.0,-115.0,-103.0,-107.0,-1.5,7.5,sbro,,,,,ACASHNER-R,WPERALTA-R,,,,,,,,
2014,2014-04-21,SFO,COL,2.0,8.0,False,0|0|1|0|0|0|0|0|1,4|1|2|0|0|0|0|1|x,115.0,-135.0,131.0,-146.0,-1.5,10.5,sbro,,,,,RVOGELSON-R,DELAROSA-L,,,,,,,,
2014,2014-04-21,PHI,LOS,7.0,0.0,False,2|0|0|0|3|0|0|0|2,0|0|0|0|0|0|0|0|0,105.0,-125.0,100.0,-110.0,-1.5,6.5,sbro,,,,,CLEE-L,PMAHOLM-L,,,,,,,,
2014,2014-04-21,BAL,BOS,7.0,6.0,False,0|0|6|0|0|0|0|1|0,0|0|0|0|3|0|1|1|1,134.0,-154.0,143.0,-158.0,-1.5,7.5,sbro,,,,,WCHEN-L,CBUCHHOLZ-R,,,,,,,,
2014,2014-04-21,CWS,DET,3.0,1.0,False,0|0|0|0|0|0|3|0|0,0|1|0|0|0|0|0|0|0,145.0,-165.0,171.0,-191.0,-1.5,8.5,sbro,,,,,JDANKS-L,ASANCHEZ-R,,,,,,,,
2014,2014-04-21,KAN,CLE,3.0,4.0,False,0|0|0|0|3|0|0|0|0,0|0|0|2|0|2|0|0|x,129.0,-149.0,133.0,-148.0,-1.5,8.5,sbro,,,,,JGUTHRIE-R,ZMCALLIST-R,,,,,,,,
2014,2014-04-21,TEX,OAK,4.0,3.0,False,1|0|0|1|1|0|0|1|0,0|3|0|0|0|0|0|0|0,-135.0,115.0,-108.0,-102.0,1.5,7.0,sbro,,,,,YDARVISH-R,DSTRAILY-R,,,,,,,,
2014,2014-04-21,HOU,SEA,7.0,2.0,False,0|0|0|0|2|4|0|1|0,0|0|0|0|2|0|0|0|0,215.0,-255.0,215.0,-255.0,-1.5,6.0,sbro,,,,,DKEUCHEL-L,FHERNANDZ-R,,,,,,,,
2014,2014-04-21,LAA,WAS,4.0,2.0,False,0|0|0|0|0|0|0|4|0,0|0|0|1|0|0|0|0|1,-105.0,-115.0,105.0,-115.0,-1.5,8.0,sbro,,,,,GRICHARDS-R,TROARK-R,,,,,,,,
2014,2014-04-22,CIN,PIT,4.0,1.0,False,0|0|0|0|0|0|2|1|1,0|0|0|0|0|0|0|0|1,-125.0,105.0,-110.0,100.0,1.5,7.0,sbro,,,,,JCUETO-R,EVOLQUEZ-R,,,,,,,,
2014,2014-04-22,STL,NYM,3.0,0.0,False,0|0|0|2|0|0|0|0|1,0|0|0|0|0|0|0|0|0,-160.0,140.0,-165.0,150.0,1.5,7.0,sbro,,,,,WAINWRIGHT-R,DGEE-R,,,,,,,,
2014,2014-04-22,MIA,ATL,1.0,0.0,False,0|0|0|1|0|0|0|0|0,0|0|0|0|0|0|0|0|0,115.0,-135.0,118.0,-128.0,-1.5,6.5,sbro,,,,,JFERNANDZ-R,AWOOD-L,,,,,,,,
2014,2014-04-22,ARI,CUB,2.0,9.0,False,0|0|0|0|0|1|0|0|1,0|0|1|0|4|0|0|4|x,110.0,-130.0,105.0,-115.0,-1.5,6.5,sbro,,,,,BMCCARTHY-R,JHAMMEL-R,,,,,,,,
2014,2014-04-22,SDG,MIL,2.0,1.0,False,0|0|0|0|1|0|0|0|0,0|0|0|0|1|0|0|0|0,130.0,-150.0,125.0,-140.0,-1.5,8.0,sbro,,,,,IKENNEDY-R,YGALLARDO-R,,,,,,,,
2014,2014-04-22,SFO,COL,1.0,2.0,False,0|0|0|0|1|0|0|0|0,0|0|0|1|1|0|0|0|x,-130.0,110.0,-110.0,100.0,1.5,10.0,sbro,,,,,BUMGARNER-L,FMORALES-L,,,,,,,,
2014,2014-04-22,PHI,LOS,3.0,2.0,False,0|0|0|0|2|0|0|0|0,0|0|0|0|1|0|1|0|0,155.0,-175.0,172.0,-192.0,-1.5,6.5,sbro,,,,,ABURNETT-R,HRYU-L,,,,,,,,
2014,2014-04-22,CWS,DET,6.0,8.0,False,1|0|0|0|0|1|0|1|3,1|0|5|0|2|0|0|0|x,130.0,-150.0,200.0,-240.0,-1.5,8.5,sbro,,,,,CLEESMAN-L,VERLANDER-R,,,,,,,,
2014,2014-04-22,KAN,CLE,8.0,2.0,False,0|0|0|4|1|0|1|0|2,0|1|0|0|0|1|0|0|0,-108.0,-112.0,-108.0,-102.0,1.5,7.0,sbro,,,,,JSHIELDS-R,DSALAZAR-R,,,,,,,,
2014,2014-04-22,BAL,TOR,3.0,9.0,False,0|0|0|0|0|3|0|0|0,0|0|0|0|0|3|0|6|x,115.0,-135.0,137.0,-152.0,-1.5,9.5,sbro,,,,,MGONZALEZ-R,RDICKEY-R,,,,,,,,
2014,2014-04-22,MIN,TAM,3.0,7.0,False,0|0|0|3|0|0|0|0|0,3|0|2|2|0|0|0|0|x,195.0,-225.0,202.0,-232.0,-1.5,7.5,sbro,,,,,KGIBSON-R,DPRICE-L,,,,,,,,
2014,2014-04-22,NYY,BOS,9.0,3.0,False,2|0|2|0|4|0|0|1|0,0|0|0|2|0|0|0|0|1,110.0,-130.0,102.0,-112.0,-1.5,8.0,sbro,,,,,MTANAKA-R,JLESTER-L,,,,,,,,
2014,2014-04-22,TEX,OAK,5.0,4.0,False,2|0|1|0|0|0|0|0|2,2|0|0|2|0|0|0|0|0,129.0,-149.0,150.0,-165.0,-1.5,7.5,sbro,,,,,NMARTINEZ-R,TMILONE-L,,,,,,,,
2014,2014-04-22,HOU,SEA,5.0,2.0,False,2|1|0|0|0|0|1|1|0,0|0|0|0|0|0|2|0|0,119.0,-139.0,145.0,-160.0,-1.5,8.5,sbro,,,,,CMCHUGH-R,ERAMIREZ-R,,,,,,,,
2014,2014-04-22,LAA,WAS,7.0,2.0,False,4|0|0|0|2|0|0|1|0,0|0|2|0|0|0|0|0|0,105.0,-125.0,102.0,-112.0,-1.5,8.0,sbro,,,,,TSKAGGS-L,TJORDAN-R,,,,,,,,
2014,2014-04-23,MIA,ATL,1.0,3.0,False,0|0|0|0|0|1|0|0|0,0|0|0|1|0|0|0|2|x,150.0,-170.0,125.0,-140.0,-1.5,7.0,sbro,,,,,NEOVALDI-R,AHARANG-R,,,,,,,,
2014,2014-04-23,ARI,CUB,7.0,5.0,False,0|1|0|0|0|1|0|0|5,0|0|0|0|3|2|0|0|0,105.0,-125.0,105.0,-115.0,-1.5,6.5,sbro,,,,,WMILEY-L,SAMARDZIJA-R,,,,,,,,
2014,2014-04-23,SFO,COL,12.0,10.0,False,0|1|4|0|0|0|2|1|0,2|3|0|1|0|0|1|1|0,-120.0,100.0,100.0,-110.0,-1.5,9.5,sbro,,,,,MCAIN-R,TCHATWOOD-R,,,,,,,,
2014,2014-04-23,CIN,PIT,5.0,2.0,False,0|1|0|0|3|0|0|1|0,1|0|1|0|0|0|0|0|0,105.0,-125.0,112.0,-122.0,-1.5,7.5,sbro,,,,,ASIMON-R,CMORTON-R,,,,,,,,
2014,2014-04-23,STL,NYM,2.0,3.0,False,1|0|0|0|0|0|0|0|1,0|0|0|2|0|1|0|0|x,-145.0,125.0,-146.0,131.0,1.5,6.5,sbro,,,,,MWACHA-R,JNIESE-L,,,,,,,,
2014,2014-04-23,SDG,MIL,2.0,5.0,False,1|0|0|0|0|0|1|0|0,1|3|0|1|0|0|0|0|x,125.0,-145.0,116.0,-131.0,-1.5,7.5,sbro,,,,,TROSS-R,KLOHSE-R,,,,,,,,
2014,2014-04-23,PHI,LOS,2.0,5.0,False,0|0|0|1|0|0|0|1|0,0|1|0|0|1|0|1|2|x,160.0,-180.0,151.0,-171.0,-1.5,6.5,sbro,,,,,CHAMELS-L,ZGREINKE-R,,,,,,,,
2014,2014-04-23,TEX,OAK,3.0,0.0,False,1|0|0|0|1|1|0|0|0,0|0|0|0|0|0|0|0|0,130.0,-150.0,151.0,-171.0,-1.5,7.0,sbro,,,,,MPEREZ-L,SGRAY-R,,,,,,,,
2014,2014-04-23,HOU,SEA,3.0,5.0,False,0|0|2|0|0|0|1|0|0,0|0|0|0|0|0|2|0|3,145.0,-165.0,135.0,-150.0,-1.5,8.0,sbro,,,,,JCOSART-R,CYOUNG-R,,,,,,,,
2014,2014-04-23,BAL,TOR,10.0,8.0,False,1|0|2|0|6|0|1|0|0,0|6|0|0|0|1|1|0|0,-111.0,-109.0,-101.0,-109.0,-1.5,8.5,sbro,,,,,CTILLMAN-R,DMCGOWAN-R,,,,,,,,
2014,2014-04-23,KAN,CLE,3.0,5.0,False,0|2|0|0|0|1|0|0|0,0|2|0|0|0|1|1|1|x,120.0,-140.0,109.0,-119.0,-1.5,7.0,sbro,,,,,JVARGAS-L,MASTERSON-R,,,,,,,,
2014,2014-04-23,CWS,DET,6.0,4.0,False,2|0|0|0|0|0|4|0|0,0|0|0|4|0|0|0|0|0,160.0,-180.0,171.0,-191.0,-1.5,8.5,sbro,,,,,ARIENZO-R,DSMYLY-L,,,,,,,,
2014,2014-04-23,MIN,TAM,6.0,4.0,False,0|0|0|4|0|0|0|0|0,1|0|1|0|1|1|0|0|0,160.0,-180.0,160.0,-180.0,-1.5,8.5,sbro,,,,,MPELFREY-R,JODORIZZI-R,,,,,,,,
2014,2014-04-23,NYY,BOS,1.0,5.0,False,0|0|0|0|0|1|0|0|0,2|0|2|0|0|0|0|1|x,110.0,-130.0,-102.0,-108.0,-1.5,8.5,sbro,,,,,MPINEDA-R,JLACKEY-R,,,,,,,,
2014,2014-04-23,LAA,WAS,4.0,5.0,False,0|0|0|0|0|2|1|0|1,0|1|0|0|0|0|0|0|4,110.0,-130.0,114.0,-124.0,-1.5,7.0,sbro,,,,,JWEAVER-R,GGONZALEZ-L,,,,,,,,
2014,2014-04-24,CIN,PIT,2.0,1.0,False,0|0|0|0|0|2|0|0|0,1|0|0|0|0|0|0|0|0,-120.0,100.0,100.0,-110.0,-1.5,7.0,sbro,,,,,TCINGRANI-L,BCUMPTON-R,,,,,,,,
2014,2014-04-24,STL,NYM,1.0,4.0,False,0|0|0|0|1|0|0|0|0,0|0|0|0|1|1|2|0|x,-134.0,114.0,-127.0,117.0,1.5,7.0,sbro,,,,,LLYNN-R,BCOLON-R,,,,,,,,
2014,2014-04-24,ARI,CUB,5.0,2.0,False,1|2|0|0|0|0|0|2|0,1|0|0|0|0|0|0|1|0,104.0,-124.0,113.0,-123.0,-1.5,10.0,sbro,,,,,BOLSINGER-R,EJACKSON-R,,,,,,,,
2014,2014-04-24,SDG,WAS,4.0,3.0,False,0|0|0|1|0|2|0|0|0,0|0|1|0|0|1|1|0|0,144.0,-164.0,140.0,-155.0,-1.5,7.0,sbro,,,,,ESTULTS-L,JZIMMERMN-R,,,,,,,,
2014,2014-04-24,PHI,LOS,7.0,3.0,False,0|0|0|0|3|0|0|0|4,0|0|0|2|0|0|1|0|0,139.0,-159.0,154.0,-169.0,-1.5,7.0,sbro,,,,,KKENDRICK-R,DHAREN-R,,,,,,,,
2014,2014-04-24,KAN,CLE,1.0,5.0,False,0|0|0|0|0|0|1|0|0,0|0|0|0|5|0|0|0|x,109.0,-129.0,115.0,-125.0,-1.5,7.5,sbro,,,,,BCHEN-L,CKLUBER-R,,,,,,,,
2014,2014-04-24,CWS,DET,4.0,7.0,False,0|1|0|0|0|1|0|2|0,0|1|1|0|1|0|2|2|x,179.0,-199.0,190.0,-220.0,-1.5,7.5,sbro,,,,,JQUINTANA-L,MSCHERZER-R,,,,,,,,
2014,2014-04-24,MIN,TAM,9.0,7.0,False,3|1|0|0|4|1|0|0|0,0|3|0|0|0|1|2|1|0,134.0,-154.0,145.0,-160.0,-1.5,7.5,sbro,,,,,RNOLASCO-R,EBEDARD-L,,,,,,,,
2014,2014-04-24,BAL,TOR,11.0,4.0,False,0|0|0|0|2|0|5|4|0,0|3|0|0|0|0|0|1|0,104.0,-124.0,125.0,-140.0,-1.5,8.5,sbro,,,,,BNORRIS-R,HUTCHISON-R,,,,,,,,
2014,2014-04-24,NYY,BOS,14.0,5.0,False,1|3|3|0|0|0|5|1|1,0|0|2|0|0|0|3|0|0,-111.0,-109.0,107.0,-117.0,-1.5,8.5,sbro,,,,,CSABATHIA-L,FDOUBRONT-L,,,,,,,,
2014,2014-04-24,OAK,HOU,10.0,1.0,False,2|1|3|0|2|0|2|0|0,1|0|0|0|0|0|0|0|0,-164.0,144.0,-171.0,151.0,1.5,8.5,sbro,,,,,SKAZMIR-L,OBERHOLTZR-L,,,,,,,,
2014,2014-04-25,SDG,WAS,1.0,11.0,False,0|0|0|0|0|0|0|1|0,2|0|4|0|0|2|2|1|x,180.0,-210.0,170.0,-190.0,-1.5,6.5,sbro,,,,,RERLIN-L,STRASBURG-R,,,,,,,,
2014,2014-04-25,MIA,NYM,3.0,4.0,False,0|0|0|0|1|0|0|2|0,0|0|2|0|0|0|0|0|2,-106.0,-114.0,104.0,-114.0,-1.5,7.0,sbro,,,,,HALVAREZ-R,ZWHEELER-R,,,,,,,,
2014,2014-04-25,CIN,ATL,4.0,5.0,False,0|0|0|0|0|2|2|0|0,3|1|1|0|0|0|0|0|x,135.0,-155.0,118.0,-133.0,-1.5,7.0,sbro,,,,,HBAILEY-R,ESANTANA-R,,,,,,,,
2014,2014-04-25,CUB,MIL,2.0,5.0,False,0|0|1|0|0|0|1|0|0,2|0|1|1|1|0|0|0|x,165.0,-185.0,162.0,-182.0,-1.5,8.0,sbro,,,,,VILLANUEVA-R,MGARZA-R,,,,,,,,
2014,2014-04-25,PIT,STL,0.0,1.0,False,0|0|0|0|0|0|0|0|0,1|0|0|0|0|0|0|0|x,100.0,-120.0,101.0,-111.0,-1.5,7.5,sbro,,,,,GCOLE-R,SMILLER-R,,,,,,,,
2014,2014-04-25,PHI,ARI,4.0,5.0,False,0|0|0|0|0|0|3|0|1,0|0|0|2|2|0|0|1|x,105.0,-125.0,116.0,-126.0,-1.5,9.0,sbro,,,,,RHERNANDE-R,JCOLLMENT-R,,,,,,,,
2014,2014-04-25,COL,LOS,5.0,4.0,False,0|2|0|0|0|0|0|0|0,1|0|1|0|0|0|0|0|0,125.0,-145.0,128.0,-143.0,-1.5,7.0,sbro,,,,,JLYLES-R,JBECKETT-R,,,,,,,,
2014,2014-04-25,LAA,NYY,13.0,1.0,False,0|3|2|0|3|0|4|0|1,0|0|0|0|0|1|0|0|0,100.0,-120.0,110.0,-120.0,-1.5,8.0,sbro,,,,,CWILSON-L,HKURODA-R,,,,,,,,
2014,2014-04-25,KAN,BAL,5.0,0.0,False,2|0|0|0|0|0|2|0|1,0|0|0|0|0|0|0|0|0,-112.0,-108.0,-103.0,-107.0,-1.5,8.0,sbro,,,,,YVENTURA-R,UJIMENEZ-R,,,,,,,,
2014,2014-04-25,BOS,TOR,8.0,1.0,False,0|4|1|0|0|2|0|0|1,0|0|0|0|0|0|1|0|0,110.0,-130.0,103.0,-113.0,-1.5,9.5,sbro,,,,,JPEAVY-R,MBUEHRLE-L,,,,,,,,
2014,2014-04-25,TAM,CWS,6.0,9.0,False,0|4|0|0|0|0|0|0|2,1|0|1|2|0|0|0|0|5,-135.0,115.0,-140.0,125.0,1.5,8.5,sbro,,,,,CARCHER-R,EJOHNSON-R,,,,,,,,
2014,2014-04-25,OAK,HOU,12.0,5.0,False,0|4|0|1|0|0|0|0|7,0|0|1|4|0|0|0|0|0,-185.0,165.0,-183.0,163.0,1.5,9.0,sbro,,,,,JCHAVEZ-R,BPEACOCK-R,,,,,,,,
2014,2014-04-25,DET,MIN,10.0,6.0,False,0|2|7|0|0|1|0|0|0,0|1|0|0|0|4|1|0|0,-130.0,110.0,-124.0,114.0,1.5,8.5,sbro,,,,,RPORCELLO-R,KCORREIA-R,,,,,,,,
2014,2014-04-25,TEX,SEA,5.0,6.0,False,0|0|1|1|0|1|0|0|2,0|0|0|0|2|0|0|4|x,-120.0,100.0,-113.0,103.0,1.5,7.0,sbro,,,,,RROSS-L,RELIAS-L,,,,,,,,
2014,2014-04-25,CLE,SFO,1.0,5.0,False,0|0|1|0|0|0|0|0|0,2|0|2|0|0|0|1|0|x,145.0,-165.0,138.0,-153.0,-1.5,7.5,sbro,,,,,CCARRASCO-R,THUDSON-R,,,,,,,,
2014,2014-04-26,SDG,WAS,0.0,4.0,False,0|0|0|0|0|0|0|0|0,3|0|0|0|0|1|0|0|x,-105.0,-115.0,100.0,-110.0,-1.5,7.0,sbro,,,,,ACASHNER-R,TROARK-R,,,,,,,,
2014,2014-04-26,PIT,STL,6.0,1.0,False,0|0|0|4|0|0|0|0|2,0|0|0|0|1|0|0|0|0,-110.0,-110.0,103.0,-113.0,-1.5,8.0,sbro,,,,,FLIRIANO-L,TLYONS-L,,,,,,,,
2014,2014-04-26,CUB,MIL,3.0,5.0,False,0|0|0|1|0|0|0|2|0,1|2|0|1|0|1|0|0|x,135.0,-155.0,152.0,-167.0,-1.5,8.0,sbro,,,,,TWOOD-L,MESTRADA-R,,,,,,,,
2014,2014-04-26,MIA,NYM,7.0,6.0,False,0|1|0|0|0|5|0|0|0,3|0|2|0|0|1|0|0|0,119.0,-139.0,126.0,-141.0,-1.5,7.0,sbro,,,,,KSLOWEY-R,JMEJIA-R,,,,,,,,
2014,2014-04-26,CIN,ATL,1.0,4.0,False,1|0|0|0|0|0|0|0|0,2|0|2|0|0|0|0|0|x,-105.0,-115.0,113.0,-123.0,-1.5,7.5,sbro,,,,,MLEAKE-R,DHALE-R,,,,,,,,
2014,2014-04-26,PHI,ARI,6.0,5.0,False,0|0|0|0|0|0|2|4|0,2|1|2|0|0|0|0|0|0,-140.0,120.0,-149.0,134.0,1.5,8.0,sbro,,,,,CLEE-L,BARROYO-R,,,,,,,,
2014,2014-04-26,COL,LOS,3.0,6.0,False,0|0|1|0|1|0|0|0|1,0|0|3|1|1|0|0|1|x,100.0,-120.0,-101.0,-109.0,-1.5,7.0,sbro,,,,,JNICASIO-R,PMAHOLM-L,,,,,,,,
2014,2014-04-26,LAA,NYY,3.0,4.0,False,1|0|0|2|0|0|0|0|0,0|3|0|0|1|0|0|0|x,-105.0,-115.0,101.0,-111.0,-1.5,9.0,sbro,,,,,HSANTIAGO-L,VNUNO-L,,,,,,,,
2014,2014-04-26,BOS,TOR,7.0,6.0,False,0|0|6|0|1|0|0|0|0,3|0|0|0|0|0|0|2|1,-112.0,-108.0,-105.0,-105.0,-1.5,9.0,sbro,,,,,CBUCHHOLZ-R,BMORROW-R,,,,,,,,
2014,2014-04-26,DET,MIN,3.0,5.0,False,2|0|0|0|0|0|0|0|1,0|0|0|0|4|0|0|1|x,-165.0,145.0,-140.0,125.0,1.5,8.0,sbro,,,,,ASANCHEZ-R,PHUGHES-R,,,,,,,,
2014,2014-04-26,KAN,BAL,2.0,3.0,False,0|0|1|0|0|1|0|0|0,2|0|0|0|0|0|0|0|0,120.0,-140.0,125.0,-140.0,-1.5,8.5,sbro,,,,,JGUTHRIE-R,WCHEN-L,,,,,,,,
2014,2014-04-26,OAK,HOU,6.0,7.0,False,2|0|0|0|0|0|1|0|3,1|2|0|0|0|0|0|4|x,-170.0,150.0,-141.0,126.0,1.5,9.0,sbro,,,,,DSTRAILY-R,DKEUCHEL-L,,,,,,,,
2014,2014-04-26,TAM,CWS,4.0,0.0,False,0|2|1|0|0|1|0|0|0,0|0|0|0|0|0|0|0|0,100.0,-120.0,-112.0,102.0,1.5,8.5,sbro,,,,,CRAMOS-L,JDANKS-L,,,,,,,,
2014,2014-04-26,TEX,SEA,6.0,3.0,False,0|0|0|0|3|0|0|1|2,1|1|0|1|0|0|0|0|0,160.0,-180.0,152.0,-172.0,-1.5,7.0,sbro,,,,,CLEWIS-R,FHERNANDZ-R,,,,,,,,
2014,2014-04-26,CLE,SFO,3.0,5.0,False,1|0|1|0|1|0|0|0|0,0|0|0|0|4|1|0|0|x,-110.0,-110.0,100.0,-110.0,-1.5,7.5,sbro,,,,,ZMCALLIST-R,TLINCECUM-R,,,,,,,,
2014,2014-04-27,MIA,NYM,0.0,4.0,False,0|0|0|0|0|0|0|0|0,0|1|0|0|3|0|0|0|x,105.0,-125.0,109.0,-119.0,-1.5,7.0,sbro,,,,,TKOEHLER-R,DGEE-R,,,,,,,,
2014,2014-04-27,CIN,ATL,0.0,1.0,False,0|0|0|0|0|0|0|0|0,0|0|0|0|0|0|0|0|0,-114.0,-106.0,-105.0,-105.0,-1.5,6.5,sbro,,,,,JCUETO-R,JTEHERAN-R,,,,,,,,
2014,2014-04-27,SDG,WAS,4.0,2.0,False,0|0|0|1|1|2|0|0|0,1|0|0|0|0|0|0|1|0,-105.0,-115.0,106.0,-116.0,-1.5,7.0,sbro,,,,,IKENNEDY-R,TJORDAN-R,,,,,,,,
2014,2014-04-27,CUB,MIL,4.0,0.0,False,0|2|0|0|0|1|0|1|0,0|0|0|0|0|0|0|0|0,125.0,-145.0,130.0,-145.0,-1.5,7.5,sbro,,,,,JHAMMEL-R,WPERALTA-R,,,,,,,,
2014,2014-04-27,PIT,STL,0.0,7.0,False,0|0|0|0|0|0|0|0|0,1|0|0|0|1|4|0|1|x,160.0,-180.0,170.0,-190.0,-1.5,7.5,sbro,,,,,EVOLQUEZ-R,WAINWRIGHT-R,,,,,,,,
2014,2014-04-27,COL,LOS,6.0,1.0,False,0|2|0|0|1|3|0|0|0,1|0|0|0|0|0|0|0|0,170.0,-200.0,132.0,-147.0,-1.5,7.0,sbro,,,,,DELAROSA-L,HRYU-L,,,,,,,,
2014,2014-04-27,PHI,ARI,2.0,0.0,False,1|0|0|0|0|1|0|0|0,0|0|0|0|0|0|0|0|0,-115.0,-105.0,118.0,-133.0,-1.5,8.5,sbro,,,,,ABURNETT-R,BMCCARTHY-R,,,,,,,,
2014,2014-04-27,BOS,TOR,1.0,7.0,False,0|1|0|0|0|0|0|0|0,0|1|1|0|0|0|2|3|x,-120.0,100.0,-110.0,100.0,1.5,8.5,sbro,,,,,JLESTER-L,RDICKEY-R,,,,,,,,
2014,2014-04-27,KAN,BAL,9.0,3.0,False,1|0|1|0|2|0|4|0|1,0|0|0|0|0|2|0|0|1,-120.0,100.0,-130.0,115.0,1.5,7.5,sbro,,,,,JSHIELDS-R,MGONZALEZ-R,,,,,,,,
2014,2014-04-27,OAK,HOU,1.0,5.0,False,0|0|0|0|0|0|0|0|1,0|0|1|0|0|0|4|0|x,-140.0,120.0,-147.0,132.0,1.5,9.5,sbro,,,,,TMILONE-L,CMCHUGH-R,,,,,,,,
2014,2014-04-27,TAM,CWS,2.0,9.0,False,0|0|0|0|1|0|0|1|0,0|0|0|0|0|5|4|0|x,-165.0,145.0,-176.0,156.0,1.5,8.0,sbro,,,,,DPRICE-L,SCARROLL-R,,,,,,,,
2014,2014-04-27,TEX,SEA,5.0,6.0,False,0|2|0|3|0|0|0|0|0,0|0|0|1|0|1|1|3|x,-106.0,-114.0,-106.0,-104.0,1.5,7.5,sbro,,,,,MHARRISON-L,BMAURER-R,,,,,,,,
2014,2014-04-27,LAA,NYY,2.0,3.0,False,0|0|0|1|0|1|0|0|0,0|0|0|0|1|0|1|1|x,130.0,-150.0,149.0,-164.0,-1.5,7.5,sbro,,,,,GRICHARDS-R,MTANAKA-R,,,,,,,,
2014,2014-04-27,CLE,SFO,1.0,4.0,False,0|0|0|0|0|0|0|1|0,0|0|0|1|0|0|0|0|3,-114.0,-106.0,-116.0,106.0,1.5,8.0,sbro,,,,,DSALAZAR-R,RVOGELSON-R,,,,,,,,
2014,2014-04-28,MIL,STL,5.0,3.0,False,0|0|0|0|0|0|3|0|0,1|0|0|0|0|2|0|0|0,135.0,-155.0,150.0,-170.0,-1.5,7.0,sbro,,,,,YGALLARDO-R,MWACHA-R,,,,,,,,
2014,2014-04-28,COL,ARI,8.0,5.0,False,1|0|2|1|0|3|0|0|1,0|1|2|0|1|0|1|0|0,105.0,-125.0,116.0,-131.0,-1.5,8.5,sbro,,,,,FMORALES-L,WMILEY-L,,,,,,,,
2014,2014-04-28,SDG,SFO,6.0,4.0,False,0|0|0|2|3|0|0|0|1,0|0|0|3|1|0|0|0|0,135.0,-155.0,153.0,-173.0,-1.5,6.0,sbro,,,,,TROSS-R,BUMGARNER-L,,,,,,,,
2014,2014-04-28,TAM,CWS,3.0,7.0,False,2|0|0|1|0|0|0|0|0,0|2|0|2|0|2|0|1|x,-114.0,-106.0,-128.0,118.0,1.5,9.0,sbro,,,,,JODORIZZI-R,ARIENZO-R,,,,,,,,
2014,2014-04-28,OAK,TEX,4.0,0.0,False,0|0|2|2|0|0|0|0|0,0|0|0|0|0|0|0|0|0,130.0,-150.0,117.0,-127.0,-1.5,8.0,sbro,,,,,SGRAY-R,YDARVISH-R,,,,,,,,
2014,2014-04-28,CLE,LAA,3.0,6.0,False,0|0|0|3|0|0|0|0|0,1|0|0|0|2|0|0|3|x,110.0,-130.0,118.0,-128.0,-1.5,8.5,sbro,,,,,MASTERSON-R,TSKAGGS-L,,,,,,,,
2014,2014-04-29,NYM,PHI,6.0,1.0,False,0|0|1|2|3|0|0|0|0,0|0|0|1|0|0|0|0|0,145.0,-165.0,125.0,-140.0,-1.5,6.5,sbro,,,,,JNIESE-L,CHAMELS-L,,,,,,,,
2014,2014-04-29,ATL,MIA,0.0,9.0,False,0|0|0|0|0|0|0|0|0,0|0|3|0|0|5|1|0|x,105.0,-125.0,118.0,-133.0,-1.5,6.0,sbro,,,,,AWOOD-L,JFERNANDZ-R,,,,,,,,
2014,2014-04-29,CUB,CIN,2.0,3.0,False,0|0|2|0|0|0|0|0|0,1|0|0|0|1|1|0|0|x,160.0,-180.0,117.0,-132.0,-1.5,7.5,sbro,,,,,SAMARDZIJA-R,ASIMON-R,,,,,,,,
2014,2014-04-29,MIL,STL,5.0,4.0,False,0|0|0|3|0|0|1|0|0,3|0|0|0|0|0|1|0|0,130.0,-150.0,150.0,-165.0,-1.5,6.5,sbro,,,,,KLOHSE-R,LLYNN-R,,,,,,,,
2014,2014-04-29,COL,ARI,5.0,4.0,False,0|0|0|2|0|2|0|0|1,0|2|0|1|0|0|0|1|0,-115.0,-105.0,-110.0,100.0,1.5,8.5,sbro,,,,,TCHATWOOD-R,BOLSINGER-R,,,,,,,,
2014,2014-04-29,SDG,SFO,0.0,6.0,False,0|0|0|0|0|0|0|0|0,2|0|3|0|1|0|0|0|x,140.0,-160.0,135.0,-150.0,-1.5,7.0,sbro,,,,,ESTULTS-L,YPETIT-R,,,,,,,,
2014,2014-04-29,SEA,NYY,6.0,3.0,False,0|0|0|0|4|0|2|0|0,0|1|1|0|0|0|0|0|1,145.0,-165.0,154.0,-174.0,-1.5,8.0,sbro,,,,,CYOUNG-R,CSABATHIA-L,,,,,,,,
2014,2014-04-29,TAM,BOS,4.0,7.0,False,0|0|0|0|0|1|1|0|2,0|0|0|0|1|5|0|1|x,135.0,-155.0,152.0,-167.0,-1.5,8.5,sbro,,,,,EBEDARD-L,JLACKEY-R,,,,,,,,
2014,2014-04-29,OAK,TEX,9.0,3.0,False,2|1|1|0|5|0|0|0|0,0|0|0|1|2|0|0|0|0,100.0,-120.0,-109.0,-101.0,1.5,8.0,sbro,,,,,SKAZMIR-L,MPEREZ-L,,,,,,,,
2014,2014-04-29,DET,CWS,4.0,3.0,False,0|0|0|1|0|2|0|0|1,0|0|3|0|0|0|0|0|0,-150.0,130.0,-140.0,125.0,1.5,8.5,sbro,,,,,VERLANDER-R,JQUINTANA-L,,,,,,,,
2014,2014-04-29,TOR,KAN,7.0,10.0,False,1|0|0|0|2|0|2|0|2,0|2|0|0|0|0|2|6|x,115.0,-135.0,129.0,-144.0,-1.5,8.5,sbro,,,,,DMCGOWAN-R,JVARGAS-L,,,,,,,,
2014,2014-04-29,CLE,LAA,4.0,6.0,False,0|0|0|0|0|2|2|0|0,0|1|0|1|2|1|0|1|x,130.0,-150.0,119.0,-129.0,-1.5,8.5,sbro,,,,,CKLUBER-R,JWEAVER-R,,,,,,,,
2014,2014-04-29,WAS,HOU,4.0,3.0,False,1|0|1|0|0|0|0|1|1,0|0|3|0|0|0|0|0|0,-155.0,135.0,-144.0,129.0,1.5,8.5,sbro,,,,,GGONZALEZ-L,JCOSART-R,,,,,,,,
2014,2014-04-30,MIL,STL,3.0,9.0,False,0|2|1|0|0|0|0|0|0,1|0|3|2|2|1|0|0|x,130.0,-150.0,126.0,-141.0,-1.5,7.0,sbro,,,,,MGARZA-R,SMILLER-R,,,,,,,,
2014,2014-04-30,ATL,MIA,3.0,9.0,False,0|0|0|0|0|1|0|0|2,0|4|1|2|2|0|0|0|x,-120.0,100.0,-106.0,-104.0,1.5,7.0,sbro,,,,,AHARANG-R,NEOVALDI-R,,,,,,,,
2014,2014-04-30,CUB,CIN,9.0,4.0,False,2|0|1|0|2|0|0|0|4,2|1|0|0|1|0|0|0|0,165.0,-185.0,164.0,-184.0,-1.5,7.5,sbro,,,,,EJACKSON-R,TCINGRANI-L,,,,,,,,
2014,2014-04-30,COL,ARI,4.0,5.0,False,2|0|2|0|0|0|0|0|0,0|0|0|0|0|1|0|1|2,105.0,-125.0,105.0,-115.0,-1.5,8.5,sbro,,,,,JLYLES-R,JCOLLMENT-R,,,,,,,,
2014,2014-04-30,SDG,SFO,2.0,3.0,False,0|0|0|0|0|0|0|1|1,1|1|0|0|0|0|1|0|x,160.0,-180.0,150.0,-170.0,-1.5,7.0,sbro,,,,,RERLIN-L,THUDSON-R,,,,,,,,
2014,2014-04-30,DET,CWS,5.0,1.0,False,0|0|0|4|0|0|0|0|1,0|0|0|0|0|0|0|0|1,-175.0,155.0,-177.0,157.0,1.5,8.0,sbro,,,,,MSCHERZER-R,HNOESI-R,,,,,,,,
2014,2014-04-30,CLE,LAA,1.0,7.0,False,0|1|0|0|0|0|0|0|0,0|2|1|0|2|2|0|0|x,130.0,-150.0,132.0,-147.0,-1.5,9.0,sbro,,,,,ZMCALLIST-R,CWILSON-L,,,,,,,,
2014,2014-04-30,OAK,TEX,12.0,1.0,False,0|0|7|3|1|1|0|0|0,0|0|0|0|0|0|0|1|0,100.0,-120.0,110.0,-120.0,-1.5,8.0,sbro,,,,,JCHAVEZ-R,RROSS-L,,,,,,,,
2014,2014-04-30,TOR,KAN,2.0,4.0,False,0|0|0|0|0|2|0|0|0,1|0|0|1|0|0|2|0|x,-105.0,-115.0,119.0,-134.0,-1.5,7.0,sbro,,,,,HUTCHISON-R,YVENTURA-R,,,,,,,,
2014,2014-04-30,LOS,MIN,6.0,4.0,False,0|0|2|0|0|0|3|1|0,0|1|0|0|0|0|0|0|3,-150.0,130.0,-161.0,146.0,1.5,7.5,sbro,,,,,ZGREINKE-R,KGIBSON-R,,,,,,,,
2014,2014-04-30,WAS,HOU,7.0,0.0,False,0|0|1|4|1|1|0|0|0,0|0|0|0|0|0|0|0|0,-155.0,135.0,-142.0,127.0,1.5,8.5,sbro,,,,,JZIMMERMN-R,OBERHOLTZR-L,,,,,,,,
2014,2014-05-01,ATL,MIA,4.0,5.0,False,0|0|3|0|0|1|0|0|0,1|1|0|1|0|0|2|0|x,-125.0,105.0,-132.0,117.0,1.5,7.5,sbro,,,,,ESANTANA-R,HALVAREZ-R,,,,,,,,
2014,2014-05-01,MIL,CIN,3.0,8.0,False,0|1|0|0|0|0|2|0|0,0|0|0|0|1|2|0|5|x,-111.0,-109.0,109.0,-119.0,-1.5,7.0,sbro,,,,,MESTRADA-R,HBAILEY-R,,,,,,,,
2014,2014-05-01,NYM,COL,4.0,7.0,False,0|0|0|0|0|0|0|1|3,1|2|0|3|1|0|0|0|x,120.0,-140.0,125.0,-140.0,-1.5,9.5,sbro,,,,,BCOLON-R,JNICASIO-R,,,,,,,,
2014,2014-05-01,SEA,NYY,4.0,2.0,False,1|0|1|2|0|0|0|0|0,1|0|0|0|0|1|0|0|0,-130.0,110.0,134.0,-149.0,-1.5,9.0,sbro,,,,,RELIAS-L,HKURODA-R,,,,,,,,
2014,2014-05-01,TAM,BOS,6.0,5.0,False,0|1|1|0|0|2|0|1|1,0|0|0|0|5|0|0|0|0,120.0,-140.0,103.0,-113.0,-1.5,9.0,sbro,,,,,CARCHER-R,FDOUBRONT-L,,,,,,,,
2014,2014-05-01,TOR,KAN,7.0,3.0,False,1|0|0|2|0|1|0|3|0,0|1|1|0|1|0|0|0|0,-111.0,-109.0,-109.0,-101.0,1.5,8.0,sbro,,,,,MBUEHRLE-L,JGUTHRIE-R,,,,,,,,
2014,2014-05-01,LOS,MIN,9.0,4.0,False,0|3|2|0|0|0|3|0|1,2|0|0|0|2|0|0|0|0,-145.0,125.0,-155.0,140.0,1.5,8.5,sbro,,,,,DHAREN-R,MPELFREY-R,,,,,,,,
2014,2014-05-01,LOS,MIN,4.0,3.0,False,0|0|0|0|0|1|1|0|0,1|0|0|0|0|1|0|0|0,-120.0,100.0,102.0,-112.0,-1.5,9.0,sbro,,,,,RPATTERSN-R,KJOHNSON-L,,,,,,,,
2014,2014-05-01,PIT,BAL,5.0,6.0,False,2|0|0|0|1|1|1|0|0,0|0|0|0|0|4|1|0|0,105.0,-125.0,118.0,-128.0,-1.5,8.5,sbro,,,,,BCUMPTON-R,CTILLMAN-R,,,,,,,,
2014,2014-05-01,PIT,BAL,1.0,5.0,False,0|0|1|0|0|0|0|0|0,0|0|0|0|3|1|1|0|x,105.0,-125.0,108.0,-118.0,-1.5,9.0,sbro,,,,,CMORTON-R,BNORRIS-R,,,,,,,,
2014,2014-05-01,TAM,BOS,2.0,1.0,False,0|0|1|1|0|0|0|0|0,1|0|0|0|0|0|0|0|0,130.0,-150.0,143.0,-158.0,-1.5,9.0,sbro,,,,,CRAMOS-L,JPEAVY-R,,,,,,,,
2014,2014-05-02,STL,CUB,5.0,6.0,False,0|0|2|1|0|0|0|2|0,2|0|3|0|1|0|0|0|x,-175.0,155.0,-165.0,150.0,1.5,8.0,sbro,,,,,WAINWRIGHT-R,TWOOD-L,,,,,,,,
2014,2014-05-02,WAS,PHI,5.0,3.0,False,0|0|1|0|1|0|0|3|0,3|0|0|0|0|0|0|0|0,-110.0,-110.0,-102.0,-108.0,-1.5,6.5,sbro,,,,,STRASBURG-R,CLEE-L,,,,,,,,
2014,2014-05-02,MIL,CIN,2.0,0.0,False,0|0|0|0|2|0|0|0|0,0|0|0|0|0|0|0|0|0,105.0,-125.0,107.0,-117.0,-1.5,7.5,sbro,,,,,WPERALTA-R,MLEAKE-R,,,,,,,,
2014,2014-05-02,LOS,MIA,3.0,6.0,False,0|0|0|0|0|0|0|2|1,0|1|0|1|0|0|4|0|x,-135.0,115.0,-115.0,105.0,1.5,7.5,sbro,,,,,JBECKETT-R,TKOEHLER-R,,,,,,,,
2014,2014-05-02,SFO,ATL,2.0,1.0,False,1|0|0|0|0|1|0|0|0,0|0|0|0|1|0|0|0|0,130.0,-150.0,119.0,-134.0,-1.5,7.5,sbro,,,,,TLINCECUM-R,MMINOR-L,,,,,,,,
2014,2014-05-02,NYM,COL,3.0,10.0,False,1|0|0|0|0|2|0|0|0,4|2|0|1|0|0|3|0|x,120.0,-140.0,117.0,-132.0,-1.5,10.0,sbro,,,,,ZWHEELER-R,DELAROSA-L,,,,,,,,
2014,2014-05-02,ARI,SDG,2.0,0.0,False,0|0|2|0|0|0|0|0|0,0|0|0|0|0|0|0|0|0,140.0,-160.0,129.0,-144.0,-1.5,7.0,sbro,,,,,BARROYO-R,ACASHNER-R,,,,,,,,
2014,2014-05-02,TAM,NYY,10.0,5.0,False,0|1|0|2|1|0|0|0|1,0|2|0|0|0|0|0|2|1,-150.0,130.0,-142.0,127.0,1.5,8.5,sbro,,,,,DPRICE-L,VNUNO-L,,,,,,,,
2014,2014-05-02,CWS,CLE,5.0,12.0,False,0|3|0|0|1|1|0|0|0,5|1|1|0|1|4|0|0|x,106.0,-126.0,136.0,-151.0,-1.5,8.0,sbro,,,,,JDANKS-L,DSALAZAR-R,,,,,,,,
2014,2014-05-02,OAK,BOS,1.0,7.0,False,0|0|1|0|0|0|0|0|0,0|2|0|0|0|4|0|1|x,105.0,-125.0,107.0,-117.0,-1.5,9.5,sbro,,,,,DSTRAILY-R,CBUCHHOLZ-R,,,,,,,,
2014,2014-05-02,DET,KAN,8.0,2.0,False,0|0|2|3|0|0|3|0|0,1|0|0|1|0|0|0|0|0,129.0,-149.0,123.0,-138.0,-1.5,7.5,sbro,,,,,RPORCELLO-R,JSHIELDS-R,,,,,,,,
2014,2014-05-02,BAL,MIN,3.0,0.0,False,0|0|0|1|0|2|0|0|0,0|0|0|0|0|0|0|0|0,-112.0,-108.0,101.0,-111.0,-1.5,8.5,sbro,,,,,UJIMENEZ-R,RNOLASCO-R,,,,,,,,
2014,2014-05-02,SEA,HOU,4.0,5.0,False,0|0|0|0|2|2|0|0|0,0|0|2|0|1|0|0|1|0,-200.0,170.0,-203.0,173.0,1.5,8.0,sbro,,,,,FHERNANDZ-R,BPEACOCK-R,,,,,,,,
2014,2014-05-02,TEX,LAA,5.0,2.0,False,0|0|0|0|0|3|2|0|0,0|1|0|1|0|0|0|0|0,120.0,-140.0,119.0,-134.0,-1.5,9.0,sbro,,,,,CLEWIS-R,HSANTIAGO-L,,,,,,,,
2014,2014-05-02,TOR,PIT,5.0,6.0,False,1|0|0|2|1|1|0|0|0,0|1|1|0|1|0|0|0|3,115.0,-135.0,125.0,-140.0,-1.5,7.5,sbro,,,,,BMORROW-R,GCOLE-R,,,,,,,,
2014,2014-05-03,STL,CUB,0.0,3.0,False,0|0|0|0|0|0|0|0|0,0|0|0|0|0|2|0|1|x,-160.0,140.0,-190.0,170.0,1.5,8.0,sbro,,,,,MWACHA-R,JARRIETA-R,,,,,,,,
2014,2014-05-03,WAS,PHI,2.0,7.0,False,0|0|0|0|0|1|1|0|0,3|1|0|1|2|0|0|0|x,100.0,-120.0,-102.0,-108.0,-1.5,7.5,sbro,,,,,TROARK-R,ABURNETT-R,,,,,,,,
2014,2014-05-03,SFO,ATL,3.0,1.0,False,0|1|0|1|0|0|1|0|0,0|0|1|0|0|0|0|0|0,160.0,-180.0,157.0,-177.0,-1.5,7.5,sbro,,,,,RVOGELSON-R,JTEHERAN-R,,,,,,,,
2014,2014-05-03,LOS,MIA,9.0,7.0,False,0|1|1|4|0|1|0|0|0,0|1|1|0|0|1|3|0|1,-115.0,-105.0,-118.0,108.0,1.5,8.5,sbro,,,,,PMAHOLM-L,JTURNER-R,,,,,,,,
2014,2014-05-03,MIL,CIN,2.0,6.0,False,0|1|0|0|1|0|0|0|0,0|0|0|3|0|1|2|0|x,140.0,-160.0,139.0,-154.0,-1.5,7.0,sbro,,,,,YGALLARDO-R,JCUETO-R,,,,,,,,
2014,2014-05-03,NYM,COL,10.0,11.0,False,3|0|3|0|0|2|0|1|1,0|0|0|0|8|0|1|0|2,111.0,-131.0,116.0,-126.0,-1.5,10.5,sbro,,,,,JMEJIA-R,FMORALES-L,,,,,,,,
2014,2014-05-03,ARI,SDG,4.0,3.0,False,0|2|0|0|1|0|1|0|0,0|0|0|0|0|0|0|0|3,130.0,-150.0,117.0,-132.0,-1.5,6.5,sbro,,,,,BMCCARTHY-R,IKENNEDY-R,,,,,,,,
2014,2014-05-03,TAM,NYY,3.0,9.0,False,1|1|0|1|0|0|0|0|0,0|0|0|2|1|1|2|3|x,175.0,-205.0,170.0,-200.0,-1.5,8.5,sbro,,,,,JODORIZZI-R,MTANAKA-R,,,,,,,,
2014,2014-05-03,OAK,BOS,3.0,6.0,False,0|0|0|0|0|0|0|0|3,4|0|1|1|0|0|0|0|x,115.0,-135.0,125.0,-140.0,-1.5,9.0,sbro,,,,,TMILONE-L,JLESTER-L,,,,,,,,
2014,2014-05-03,BAL,MIN,1.0,6.0,False,0|1|0|0|0|0|0|0|0,1|0|1|0|1|0|3|0|x,-120.0,100.0,-120.0,110.0,1.5,8.0,sbro,,,,,WCHEN-L,KCORREIA-R,,,,,,,,
2014,2014-05-03,SEA,HOU,9.0,8.0,False,0|0|0|0|0|1|8|0|0,0|0|2|0|0|0|4|2|0,-150.0,130.0,-122.0,112.0,1.5,8.0,sbro,,,,,HIWAKUMA-R,DKEUCHEL-L,,,,,,,,
2014,2014-05-03,CWS,CLE,0.0,2.0,False,0|0|0|0|0|0|0|0|0,0|1|0|0|1|0|0|0|x,130.0,-150.0,148.0,-163.0,-1.5,8.5,sbro,,,,,SCARROLL-R,MASTERSON-R,,,,,,,,
2014,2014-05-03,DET,KAN,9.0,2.0,False,0|0|0|1|0|2|0|0|6,0|0|0|0|0|0|0|0|2,-114.0,-106.0,-109.0,-101.0,1.5,8.0,sbro,,,,,DSMYLY-L,DDUFFY-L,,,,,,,,
2014,2014-05-03,TEX,LAA,3.0,5.0,False,0|0|0|3|0|0|0|0|0,1|0|1|1|0|1|0|1|x,130.0,-150.0,130.0,-145.0,-1.5,8.5,sbro,,,,,MHARRISON-L,GRICHARDS-R,,,,,,,,
2014,2014-05-03,TOR,PIT,6.0,8.0,False,0|0|1|4|0|1|0|0|0,0|0|0|2|0|0|4|2|x,105.0,-125.0,111.0,-121.0,-1.5,7.0,sbro,,,,,RDICKEY-R,FLIRIANO-L,,,,,,,,
2014,2014-05-04,WAS,PHI,0.0,1.0,False,0|0|0|0|0|0|0|0|0,1|0|0|0|0|0|0|0|x,-125.0,105.0,-130.0,115.0,1.5,7.5,sbro,,,,,GGONZALEZ-L,RHERNANDE-R,,,,,,,,
2014,2014-05-04,LOS,MIA,4.0,5.0,False,0|0|2|0|0|1|0|0|1,2|0|0|0|1|1|0|0|1,175.0,-195.0,161.0,-181.0,-1.5,7.0,sbro,,,,,SFIFE-R,JFERNANDZ-R,,,,,,,,
2014,2014-05-04,SFO,ATL,4.0,1.0,False,1|0|0|1|0|0|0|2|0,0|0|1|0|0|0|0|0|0,115.0,-135.0,115.0,-130.0,-1.5,7.0,sbro,,,,,BUMGARNER-L,AWOOD-L,,,,,,,,
2014,2014-05-04,ARI,SDG,3.0,4.0,False,0|0|0|3|0|0|0|0|0,0|0|1|2|0|0|0|0|1,100.0,-120.0,114.0,-124.0,-1.5,6.5,sbro,,,,,WMILEY-L,TROSS-R,,,,,,,,
2014,2014-05-04,MIL,CIN,3.0,4.0,False,1|0|1|1|0|0|0|0|0,0|0|1|1|0|0|0|1|0,120.0,-140.0,100.0,-110.0,-1.5,7.5,sbro,,,,,KLOHSE-R,ASIMON-R,,,,,,,,
2014,2014-05-04,NYM,COL,5.0,1.0,False,1|0|2|1|0|0|1|0|0,0|0|0|0|0|0|0|0|1,130.0,-150.0,116.0,-126.0,-1.5,11.0,sbro,,,,,DGEE-R,JCHACIN-R,,,,,,,,
2014,2014-05-04,STL,CUB,5.0,4.0,False,0|2|1|0|0|0|0|0|2,0|0|0|2|0|0|1|0|1,-125.0,105.0,-132.0,117.0,1.5,7.0,sbro,,,,,LLYNN-R,JHAMMEL-R,,,,,,,,
2014,2014-05-04,TAM,NYY,5.0,1.0,False,1|0|3|1|0|0|0|0|0,0|1|0|0|0|0|0|0|0,130.0,-150.0,126.0,-141.0,-1.5,9.0,sbro,,,,,EBEDARD-L,CSABATHIA-L,,,,,,,,
2014,2014-05-04,CWS,CLE,4.0,3.0,False,1|0|0|0|0|0|0|0|3,0|0|2|1|0|0|0|0|0,135.0,-155.0,138.0,-153.0,-1.5,8.5,sbro,,,,,ARIENZO-R,CKLUBER-R,,,,,,,,
2014,2014-05-04,OAK,BOS,3.0,2.0,False,1|0|0|0|0|1|0|0|0,0|0|0|0|1|0|1|0|0,-115.0,-105.0,-105.0,-105.0,1.5,8.5,sbro,,,,,SGRAY-R,JLACKEY-R,,,,,,,,
2014,2014-05-04,SEA,HOU,8.0,7.0,False,1|0|4|1|1|0|0|1|0,0|1|0|2|1|0|0|2|1,100.0,-120.0,-101.0,-109.0,-1.5,8.5,sbro,,,,,BMAURER-R,CMCHUGH-R,,,,,,,,
2014,2014-05-04,DET,KAN,9.0,4.0,False,0|1|1|3|2|0|0|2|0,0|0|0|0|0|0|3|0|1,-130.0,110.0,-134.0,119.0,1.5,8.5,sbro,,,,,VERLANDER-R,JVARGAS-L,,,,,,,,
2014,2014-05-04,BAL,MIN,2.0,5.0,False,0|0|0|0|0|2|0|0|0,0|0|2|0|1|0|2|0|x,-113.0,-107.0,100.0,-110.0,-1.5,8.0,sbro,,,,,MGONZALEZ-R,PHUGHES-R,,,,,,,,
2014,2014-05-04,TEX,LAA,14.0,3.0,False,3|2|1|3|0|0|0|0|5,2|0|0|0|0|0|1|0|0,-115.0,-105.0,-111.0,101.0,1.5,7.5,sbro,,,,,YDARVISH-R,TSKAGGS-L,,,,,,,,
2014,2014-05-04,TOR,PIT,7.0,2.0,False,0|4|0|0|2|0|0|1|0,1|0|0|0|0|0|0|1|0,115.0,-135.0,113.0,-123.0,-1.5,8.5,sbro,,,,,DMCGOWAN-R,EVOLQUEZ-R,,,,,,,,
2014,2014-05-05,LOS,WAS,0.0,4.0,False,0|0|0|0|0|0|0|0|0,2|0|0|0|0|0|0|2|x,-114.0,-106.0,-112.0,102.0,1.5,7.0,sbro,,,,,ZGREINKE-R,JZIMMERMN-R,,,,,,,,
2014,2014-05-05,SFO,PIT,11.0,10.0,False,2|0|0|0|0|5|2|0|1,0|0|4|0|4|1|1|0|0,-106.0,-114.0,-104.0,-106.0,1.5,7.0,sbro,,,,,YPETIT-R,JLOCKE-L,,,,,,,,
2014,2014-05-05,STL,ATL,4.0,3.0,False,0|0|0|0|3|1|0|0|0,0|0|0|0|0|2|1|0|0,105.0,-125.0,-101.0,-109.0,-1.5,7.5,sbro,,,,,SMILLER-R,AHARANG-R,,,,,,,,
2014,2014-05-05,NYM,MIA,3.0,4.0,False,2|0|0|1|0|0|0|0|0,0|0|0|0|0|0|0|3|1,115.0,-135.0,119.0,-134.0,-1.5,7.0,sbro,,,,,JNIESE-L,NEOVALDI-R,,,,,,,,
2014,2014-05-05,ARI,MIL,3.0,8.0,False,1|0|2|0|0|0|0|0|0,1|2|0|0|1|4|0|0|x,150.0,-170.0,135.0,-150.0,-1.5,8.0,sbro,,,,,BOLSINGER-R,MGARZA-R,,,,,,,,
2014,2014-05-05,MIN,CLE,1.0,0.0,False,0|0|0|0|0|0|0|0|0,0|0|0|0|0|0|0|0|0,135.0,-155.0,143.0,-158.0,-1.5,8.0,sbro,,,,,KGIBSON-R,ZMCALLIST-R,,,,,,,,
2014,2014-05-05,HOU,DET,0.0,2.0,False,0|0|0|0|0|0|0|0|0,0|0|0|0|0|0|1|1|x,220.0,-260.0,245.0,-285.0,-1.5,7.5,sbro,,,,,JCOSART-R,MSCHERZER-R,,,,,,,,
2014,2014-05-05,SEA,OAK,4.0,2.0,False,2|0|0|0|1|1|0|0|0,0|0|0|2|0|0|0|0|0,165.0,-185.0,171.0,-201.0,-1.5,7.5,sbro,,,,,CYOUNG-R,SKAZMIR-L,,,,,,,,
2014,2014-05-05,NYY,LAA,1.0,4.0,False,0|0|0|0|0|0|1|0|0,0|0|0|0|1|0|0|3|x,175.0,-195.0,130.0,-145.0,-1.5,8.0,sbro,,,,,DPHELPS-R,JWEAVER-R,,,,,,,,
2014,2014-05-05,TOR,PHI,3.0,0.0,False,2|1|0|0|0|0|0|0|0,0|0|0|0|0|0|0|0|0,-112.0,-108.0,-111.0,101.0,1.5,8.5,sbro,,,,,JHAPP-L,KKENDRICK-R,,,,,,,,
2014,2014-05-05,CWS,CUB,3.0,1.0,False,1|0|0|0|0|0|0|0|0,0|0|0|0|0|1|0|0|0,-102.0,-118.0,114.0,-124.0,-1.5,6.5,sbro,,,,,JQUINTANA-L,SAMARDZIJA-R,,,,,,,,
2014,2014-05-05,TEX,COL,2.0,8.0,False,0|0|0|0|0|1|0|0|1,0|2|1|0|2|0|2|1|x,115.0,-135.0,106.0,-116.0,-1.5,10.5,sbro,,,,,MPEREZ-L,JLYLES-R,,,,,,,,
2014,2014-05-05,KAN,SDG,5.0,6.0,False,0|1|0|0|2|0|1|0|0,0|0|0|0|0|3|0|0|1,-130.0,110.0,-123.0,113.0,1.5,6.5,sbro,,,,,YVENTURA-R,ESTULTS-L,,,,,,,,
2014,2014-05-06,LOS,WAS,8.0,3.0,False,0|0|0|0|0|3|1|4|0,0|0|0|0|0|0|0|3|0,-165.0,145.0,-164.0,149.0,1.5,7.0,sbro,,,,,CKERSHAW-L,BTREINEN-R,,,,,,,,
2014,2014-05-06,SFO,PIT,1.0,2.0,False,0|1|0|0|0|0|0|0|0,0|1|0|0|0|0|0|0|1,-120.0,100.0,-113.0,103.0,1.5,7.5,sbro,,,,,THUDSON-R,CMORTON-R,,,,,,,,
2014,2014-05-06,NYM,MIA,0.0,3.0,False,0|0|0|0|0|0|0|0|0,2|0|0|0|1|0|0|0|x,110.0,-130.0,109.0,-119.0,-1.5,7.5,sbro,,,,,BCOLON-R,HALVAREZ-R,,,,,,,,
2014,2014-05-06,STL,ATL,1.0,2.0,False,0|0|0|0|0|1|0|0|0,0|0|0|1|0|0|0|1|x,-105.0,-115.0,106.0,-116.0,-1.5,8.0,sbro,,,,,TLYONS-L,GFLOYD-R,,,,,,,,
2014,2014-05-06,ARI,MIL,7.0,5.0,False,2|0|0|0|1|1|0|3|0,5|0|0|0|0|0|0|0|0,130.0,-150.0,131.0,-146.0,-1.5,7.5,sbro,,,,,COLLMENTER-R,MESTRADA-R,,,,,,,,
2014,2014-05-06,HOU,DET,4.0,11.0,False,0|0|0|0|0|1|0|0|3,1|0|2|1|0|0|2|5|x,170.0,-200.0,159.0,-179.0,-1.5,9.0,sbro,,,,,OBERHOLTZR-L,RRAY-L,,,,,,,,
2014,2014-05-06,MIN,CLE,2.0,4.0,False,0|0|0|0|0|0|1|0|1,2|2|0|0|0|0|0|0|x,130.0,-150.0,133.0,-148.0,-1.5,7.5,sbro,,,,,SDEDUNO-R,JTOMLIN-R,,,,,,,,
2014,2014-05-06,BAL,TAM,5.0,3.0,False,0|0|1|1|1|0|0|2|0,2|0|0|0|0|0|1|0|0,125.0,-145.0,125.0,-140.0,-1.5,7.5,sbro,,,,,CTILLMAN-R,CARCHER-R,,,,,,,,
2014,2014-05-06,NYY,LAA,4.0,3.0,False,0|0|0|0|2|0|0|1|1,0|0|2|0|0|0|0|1|0,120.0,-140.0,119.0,-134.0,-1.5,7.5,sbro,,,,,HKURODA-R,CWILSON-L,,,,,,,,
2014,2014-05-06,SEA,OAK,8.0,3.0,False,3|0|0|0|0|1|0|0|4,0|2|0|0|0|1|0|0|0,150.0,-170.0,158.0,-178.0,-1.5,7.0,sbro,,,,,RELIAS-L,JCHAVEZ-R,,,,,,,,
2014,2014-05-06,TOR,PHI,6.0,5.0,False,0|1|0|3|0|1|0|0|0,0|0|0|0|0|5|0|0|0,115.0,-135.0,105.0,-115.0,-1.5,7.5,sbro,,,,,HUTCHISON-R,CHAMELS-L,,,,,,,,
2014,2014-05-06,CIN,BOS,3.0,4.0,False,0|1|0|0|0|0|0|2|0,1|0|2|0|0|0|0|0|0,110.0,-130.0,115.0,-130.0,-1.5,8.5,sbro,,,,,HBAILEY-R,FDOUBRONT-L,,,,,,,,
2014,2014-05-06,CWS,CUB,5.0,1.0,False,0|0|0|1|0|0|0|1|3,0|0|0|0|1|0|0|0|0,110.0,-130.0,125.0,-140.0,-1.5,7.0,sbro,,,,,HNOESI-R,EJACKSON-R,,,,,,,,
2014,2014-05-06,TEX,COL,1.0,12.0,False,1|0|0|0|0|0|0|0|0,2|0|1|0|1|6|2|0|x,110.0,-130.0,114.0,-124.0,-1.5,10.5,sbro,,,,,RROSS-L,JNICASIO-R,,,,,,,,
2014,2014-05-06,KAN,SDG,3.0,1.0,False,0|0|0|0|0|1|0|0|0,0|0|0|1|0|0|0|0|0,-106.0,-114.0,104.0,-114.0,-1.5,6.5,sbro,,,,,JGUTHRIE-R,RERLIN-L,,,,,,,,
2014,2014-05-07,SFO,PIT,3.0,4.0,False,1|0|0|0|2|0|0|0|0,2|2|0|0|0|0|0|0|x,115.0,-135.0,142.0,-157.0,-1.5,7.0,sbro,,,,,TLINCECUM-R,GCOLE-R,,,,,,,,
2014,2014-05-07,NYM,MIA,0.0,1.0,False,0|0|0|0|0|0|0|0|0,0|0|0|0|0|0|0|0|1,105.0,-125.0,102.0,-112.0,-1.5,7.5,sbro,,,,,ZWHEELER-R,TKOEHLER-R,,,,,,,,
2014,2014-05-07,LOS,WAS,2.0,3.0,False,2|0|0|0|0|0|0|0|0,2|0|0|0|1|0|0|0|x,125.0,-145.0,125.0,-140.0,-1.5,6.5,sbro,,,,,DHAREN-R,STRASBURG-R,,,,,,,,
2014,2014-05-07,ARI,MIL,3.0,2.0,False,0|0|2|0|0|0|0|1|0,1|0|0|0|0|0|0|0|1,125.0,-145.0,135.0,-150.0,-1.5,8.0,sbro,,,,,BARROYO-R,WPERALTA-R,,,,,,,,
2014,2014-05-07,STL,ATL,7.0,1.0,False,0|1|1|3|1|0|0|0|1,0|0|1|0|0|0|0|0|0,-130.0,110.0,-114.0,104.0,1.5,6.5,sbro,,,,,WAINWRIGHT-R,MMINOR-L,,,,,,,,
2014,2014-05-07,SEA,OAK,6.0,4.0,False,0|1|0|0|1|1|0|1|0,0|0|0|1|0|0|3|0|0,-130.0,110.0,-120.0,110.0,1.5,7.0,sbro,,,,,FHERNANDZ-R,DSTRAILY-R,,,,,,,,
2014,2014-05-07,HOU,DET,2.0,3.0,False,0|0|1|0|0|0|1|0|0,2|0|0|0|0|1|0|0|x,200.0,-240.0,179.0,-209.0,-1.5,8.5,sbro,,,,,BPEACOCK-R,RPORCELLO-R,,,,,,,,
2014,2014-05-07,MIN,CLE,3.0,4.0,False,0|0|1|0|0|0|2|0|0,0|0|2|0|1|0|0|0|1,140.0,-160.0,143.0,-158.0,-1.5,7.5,sbro,,,,,RNOLASCO-R,DSALAZAR-R,,,,,,,,
2014,2014-05-07,BAL,TAM,4.0,3.0,False,0|1|0|1|0|0|2|0|0,0|0|0|0|1|1|0|0|1,125.0,-145.0,114.0,-124.0,-1.5,8.0,sbro,,,,,BNORRIS-R,CRAMOS-L,,,,,,,,
2014,2014-05-07,NYY,LAA,9.0,2.0,False,5|1|0|0|0|0|0|3|0,0|1|0|0|0|0|0|1|0,115.0,-135.0,125.0,-140.0,-1.5,8.5,sbro,,,,,VNUNO-L,HSANTIAGO-L,,,,,,,,
2014,2014-05-07,KAN,SDG,8.0,0.0,False,3|0|1|0|0|1|0|2|1,0|0|0|0|0|0|0|0|0,-105.0,-115.0,-117.0,107.0,1.5,5.5,sbro,,,,,JSHIELDS-R,ACASHNER-R,,,,,,,,
2014,2014-05-07,PHI,TOR,0.0,10.0,False,0|0|0|0|0|0|0|0|0,0|0|1|0|0|0|9|0|x,100.0,-120.0,-102.0,-108.0,-1.5,8.0,sbro,,,,,CLEE-L,MBUEHRLE-L,,,,,,,,
2014,2014-05-07,CIN,BOS,3.0,4.0,False,0|0|2|0|0|0|1|0|0,0|0|0|0|0|2|0|2|x,135.0,-155.0,143.0,-158.0,-1.5,8.5,sbro,,,,,MLEAKE-R,JPEAVY-R,,,,,,,,
2014,2014-05-07,COL,TEX,9.0,2.0,False,2|0|0|5|2|0|0|0|0,0|0|0|2|0|0|0|0|0,110.0,-130.0,113.0,-123.0,-1.5,9.5,sbro,,,,,DELAROSA-L,CLEWIS-R,,,,,,,,
2014,2014-05-07,CUB,CWS,3.0,8.0,False,0|1|0|0|2|0|0|0|0,1|0|0|3|4|0|0|0|x,110.0,-130.0,-108.0,-102.0,1.5,9.0,sbro,,,,,TWOOD-L,JDANKS-L,,,,,,,,
2014,2014-05-07,SEA,OAK,0.0,2.0,False,0|0|0|0|0|0|0|0|0,0|0|1|1|0|0|0|0|x,135.0,-155.0,150.0,-165.0,-1.5,7.5,sbro,,,,,ERAMIREZ-R,DPOMERANZ-L,,,,,,,,
2014,2014-05-08,SFO,LOS,3.0,1.0,False,0|0|0|0|0|0|1|0|0,0|0|0|0|1|0|0|0|0,140.0,-160.0,133.0,-148.0,-1.5,7.0,sbro,,,,,VOGELSONG-R,JBECKETT-R,,,,,,,,
2014,2014-05-08,MIA,SDG,3.0,1.0,False,0|0|0|0|0|1|0|0|0,0|1|0|0|0|0|0|0|0,125.0,-145.0,140.0,-155.0,-1.5,7.0,sbro,,,,,JTURNER-R,IKENNEDY-R,,,,,,,,
2014,2014-05-08,MIN,CLE,4.0,9.0,False,0|0|0|0|0|2|2|0|0,1|1|0|0|2|1|3|1|x,150.0,-170.0,150.0,-170.0,-1.5,8.5,sbro,,,,,KCORREIA-R,MASTERSON-R,,,,,,,,
2014,2014-05-08,HOU,DET,6.0,2.0,False,0|0|0|0|3|0|1|0|2,0|1|0|1|0|0|0|0|0,200.0,-230.0,171.0,-191.0,-1.5,9.0,sbro,,,,,DKEUCHEL-L,DSMYLY-L,,,,,,,,
2014,2014-05-08,BAL,TAM,3.0,1.0,False,0|2|0|1|0|0|0|0|0,1|0|0|0|0|0|0|0|0,145.0,-165.0,153.0,-173.0,-1.5,7.0,sbro,,,,,UJIMENEZ-R,DPRICE-L,,,,,,,,
2014,2014-05-08,KAN,SEA,0.0,1.0,False,0|0|0|0|0|0|0|0|0,0|0|1|0|0|0|0|0|x,120.0,-140.0,112.0,-122.0,-1.5,6.5,sbro,,,,,DDUFFY-L,HIWAKUMA-R,,,,,,,,
2014,2014-05-08,PHI,TOR,6.0,12.0,False,0|1|0|0|1|0|1|0|3,0|3|1|0|1|2|3|2|x,-105.0,-115.0,135.0,-150.0,-1.5,9.0,sbro,,,,,ABURNETT-R,RDICKEY-R,,,,,,,,
2014,2014-05-08,COL,TEX,0.0,5.0,False,0|0|0|0|0|0|0|0|0,0|2|0|0|0|1|2|0|x,115.0,-135.0,119.0,-129.0,-1.5,9.0,sbro,,,,,FMORALES-L,MHARRISON-L,,,,,,,,
2014,2014-05-08,CUB,CWS,12.0,5.0,False,0|0|4|2|0|0|0|5|1,0|2|0|2|0|0|0|0|1,110.0,-130.0,110.0,-120.0,-1.5,9.0,sbro,,,,,JARRIETA-R,SCARROLL-R,,,,,,,,
2014,2014-05-09,STL,PIT,4.0,6.0,False,0|0|0|3|0|0|1|0|0,2|0|0|0|1|0|3|0|x,-130.0,110.0,-119.0,109.0,1.5,7.0,sbro,,,,,MWACHA-R,FLIRIANO-L,,,,,,,,
2014,2014-05-09,PHI,NYM,3.0,2.0,False,0|0|1|0|1|0|0|0|0,1|0|0|0|0|0|0|1|0,105.0,-125.0,112.0,-122.0,-1.5,7.0,sbro,,,,,RHERNANDE-R,JMEJIA-R,,,,,,,,
2014,2014-05-09,COL,CIN,3.0,4.0,False,0|0|0|1|1|0|0|0|1,1|1|0|0|0|0|0|1|1,160.0,-180.0,154.0,-169.0,-1.5,7.0,sbro,,,,,JCHACIN-R,JCUETO-R,,,,,,,,
2014,2014-05-09,CUB,ATL,2.0,3.0,False,0|0|1|0|0|0|0|0|1,0|0|2|0|0|0|0|0|0,155.0,-175.0,157.0,-177.0,-1.5,6.5,sbro,,,,,JHAMMEL-R,JTEHERAN-R,,,,,,,,
2014,2014-05-09,SFO,LOS,3.0,1.0,False,0|0|0|0|2|1|0|0|0,0|0|0|0|0|1|0|0|0,-120.0,100.0,-131.0,116.0,1.5,7.0,sbro,,,,,BUMGARNER-L,PMAHOLM-L,,,,,,,,
2014,2014-05-09,MIA,SDG,1.0,10.0,False,0|0|0|0|0|0|1|0|0,0|2|0|0|0|6|0|2|x,-150.0,130.0,-140.0,125.0,1.5,5.5,sbro,,,,,JFERNANDZ-R,TROSS-R,,,,,,,,
2014,2014-05-09,HOU,BAL,3.0,4.0,False,0|0|1|0|0|0|1|0|1,0|0|2|0|0|0|2|0|x,150.0,-170.0,147.0,-162.0,-1.5,8.5,sbro,,,,,SFELDMAN-R,WCHEN-L,,,,,,,,
2014,2014-05-09,LAA,TOR,4.0,3.0,False,0|1|1|0|0|0|1|0|1,1|0|1|0|0|0|0|1|0,-115.0,-105.0,-111.0,101.0,1.5,10.0,sbro,,,,,GRICHARDS-R,DMCGOWAN-R,,,,,,,,
2014,2014-05-09,MIN,DET,2.0,1.0,False,0|0|0|0|0|0|2|0|0,0|0|0|0|0|0|0|0|1,181.0,-211.0,190.0,-220.0,-1.5,8.5,sbro,,,,,PHUGHES-R,VERLANDER-R,,,,,,,,
2014,2014-05-09,CLE,TAM,6.0,3.0,False,0|0|0|0|0|1|5|0|0,0|0|0|1|1|0|0|0|1,-115.0,-105.0,107.0,-117.0,-1.5,7.5,sbro,,,,,CKLUBER-R,JODORIZZI-R,,,,,,,,
2014,2014-05-09,BOS,TEX,0.0,8.0,False,0|0|0|0|0|0|0|0|0,1|0|2|0|5|0|0|0|x,135.0,-155.0,150.0,-165.0,-1.5,8.5,sbro,,,,,CBUCHHOLZ-R,YDARVISH-R,,,,,,,,
2014,2014-05-09,KAN,SEA,6.0,1.0,False,1|0|1|2|0|1|0|1|0,0|0|0|0|0|0|0|1|0,-125.0,105.0,-110.0,100.0,1.5,7.0,sbro,,,,,JVARGAS-L,BMAURER-R,,,,,,,,
2014,2014-05-09,NYY,MIL,5.0,3.0,False,0|0|0|4|0|0|0|1|0,0|0|0|0|0|2|0|0|1,-115.0,-105.0,-130.0,115.0,1.5,7.5,sbro,,,,,MTANAKA-R,YGALLARDO-R,,,,,,,,
2014,2014-05-09,ARI,CWS,3.0,9.0,False,0|0|2|0|1|0|0|0|0,0|0|0|7|0|0|1|1|x,115.0,-135.0,-134.0,119.0,1.5,9.0,sbro,,,,,BMCCARTHY-R,ARIENZO-R,,,,,,,,
2014,2014-05-09,WAS,OAK,0.0,8.0,False,0|0|0|0|0|0|0|0|0,1|0|1|2|3|0|1|0|x,105.0,-125.0,118.0,-128.0,-1.5,7.0,sbro,,,,,DFISTER-R,TMILONE-L,,,,,,,,
2014,2014-05-10,SFO,LOS,2.0,6.0,False,0|2|0|0|0|0|0|0|0,0|0|0|0|0|2|2|2|x,130.0,-150.0,143.0,-158.0,-1.5,7.0,sbro,,,,,MCAIN-R,ZGREINKE-R,,,,,,,,
2014,2014-05-10,STL,PIT,3.0,4.0,False,0|3|0|0|0|0|0|0|0,0|0|0|4|0|0|0|0|x,-125.0,105.0,-122.0,112.0,1.5,7.0,sbro,,,,,LLYNN-R,EVOLQUEZ-R,,,,,,,,
2014,2014-05-10,PHI,NYM,5.0,4.0,False,2|1|0|0|0|0|1|0|1,2|0|0|0|0|2|0|0|0,130.0,-150.0,116.0,-126.0,-1.5,7.0,sbro,,,,,KKENDRICK-R,DGEE-R,,,,,,,,
2014,2014-05-10,CUB,ATL,0.0,2.0,False,0|0|0|0|0|0|0|0|0,0|0|0|0|0|0|2|0|x,115.0,-135.0,148.0,-163.0,-1.5,7.0,sbro,,,,,SAMARDZIJA-R,ESANTANA-R,,,,,,,,
2014,2014-05-10,COL,CIN,11.0,2.0,False,2|0|3|2|0|3|0|0|1,0|1|0|0|0|1|0|0|0,-105.0,-115.0,105.0,-115.0,-1.5,8.0,sbro,,,,,JLYLES-R,ASIMON-R,,,,,,,,
2014,2014-05-10,MIA,SDG,3.0,9.0,False,2|0|0|0|0|0|1|0|0,1|0|1|0|0|4|2|1|x,-130.0,110.0,-113.0,103.0,1.5,6.5,sbro,,,,,NEOVALDI-R,ESTULTS-L,,,,,,,,
2014,2014-05-10,LAA,TOR,5.0,3.0,False,0|3|1|0|0|1|0|0|0,1|0|0|0|0|0|0|0|2,-112.0,-108.0,-105.0,-105.0,-1.5,10.0,sbro,,,,,TSKAGGS-L,JHAPP-L,,,,,,,,
2014,2014-05-10,MIN,DET,3.0,9.0,False,0|0|3|0|0|0|0|0|0,0|6|0|0|0|0|3|0|x,175.0,-205.0,235.0,-275.0,-1.5,8.0,sbro,,,,,KGIBSON-R,MSCHERZER-R,,,,,,,,
2014,2014-05-10,HOU,BAL,4.0,5.0,False,0|1|1|0|0|0|0|0|2,0|0|0|0|0|1|1|1|1,155.0,-175.0,131.0,-146.0,-1.5,8.5,sbro,,,,,CMCHUGH-R,MGONZALEZ-R,,,,,,,,
2014,2014-05-10,CLE,TAM,1.0,7.0,False,0|0|0|0|0|0|0|0|1,0|0|1|2|2|0|2|0|x,110.0,-130.0,116.0,-126.0,-1.5,8.0,sbro,,,,,ZMCALLIST-R,EBEDARD-L,,,,,,,,
2014,2014-05-10,BOS,TEX,8.0,3.0,False,0|1|1|4|0|0|0|2|0,0|0|0|2|1|0|0|0|0,-130.0,110.0,-129.0,119.0,1.5,9.0,sbro,,,,,JLESTER-L,MPEREZ-L,,,,,,,,
2014,2014-05-10,KAN,SEA,1.0,3.0,False,0|0|1|0|0|0|0|0|0,0|0|0|2|0|1|0|0|x,-115.0,-105.0,-141.0,126.0,1.5,6.5,sbro,,,,,YVENTURA-R,CYOUNG-R,,,,,,,,
2014,2014-05-10,NYY,MIL,4.0,5.0,False,0|0|2|0|0|1|1|0|0,1|0|3|0|0|0|1|0|x,120.0,-140.0,112.0,-122.0,-1.5,7.5,sbro,,,,,CSABATHIA-L,KLOHSE-R,,,,,,,,
2014,2014-05-10,ARI,CWS,4.0,3.0,False,0|0|0|0|3|0|1|0|0,0|0|0|0|2|0|0|0|1,105.0,-125.0,107.0,-117.0,-1.5,8.5,sbro,,,,,WMILEY-L,JQUINTANA-L,,,,,,,,
2014,2014-05-10,WAS,OAK,3.0,4.0,False,0|0|3|0|0|0|0|0|0,0|0|1|0|0|0|0|0|2,150.0,-170.0,155.0,-175.0,-1.5,7.0,sbro,,,,,TROARK-R,SGRAY-R,,,,,,,,
2014,2014-05-11,PHI,NYM,4.0,5.0,False,0|1|0|2|0|0|0|0|1,1|0|0|0|0|0|0|0|3,115.0,-135.0,116.0,-126.0,-1.5,6.5,sbro,,,,,CHAMELS-L,JNIESE-L,,,,,,,,
2014,2014-05-11,COL,CIN,1.0,4.0,False,0|0|0|1|0|0|0|0|0,1|0|1|1|1|0|0|0|x,100.0,-120.0,118.0,-128.0,-1.5,7.5,sbro,,,,,JNICASIO-R,HBAILEY-R,,,,,,,,
2014,2014-05-11,CUB,ATL,2.0,5.0,False,0|0|0|2|0|0|0|0|0,0|2|0|1|0|0|2|0|x,160.0,-180.0,135.0,-150.0,-1.5,7.0,sbro,,,,,EJACKSON-R,AHARANG-R,,,,,,,,
2014,2014-05-11,SFO,LOS,7.0,4.0,False,1|0|0|0|0|0|2|1|0,0|0|0|0|0|2|0|0|2,145.0,-165.0,153.0,-173.0,-1.5,6.0,sbro,,,,,THUDSON-R,CKERSHAW-L,,,,,,,,
2014,2014-05-11,MIA,SDG,4.0,5.0,False,0|0|0|0|0|0|0|4|0,1|0|0|4|0|0|0|0|x,-115.0,-105.0,117.0,-127.0,-1.5,7.0,sbro,,,,,HALVAREZ-R,RERLIN-L,,,,,,,,
2014,2014-05-11,STL,PIT,6.0,5.0,False,4|0|0|0|0|0|0|2|0,0|0|0|2|0|0|1|1|1,-105.0,-115.0,-115.0,105.0,1.5,7.5,sbro,,,,,SMILLER-R,CMORTON-R,,,,,,,,
2014,2014-05-11,LAA,TOR,9.0,3.0,False,0|0|0|2|1|4|0|0|2,1|0|0|0|0|0|0|2|0,-106.0,-114.0,118.0,-128.0,-1.5,9.0,sbro,,,,,JWEAVER-R,HUTCHISON-R,,,,,,,,
2014,2014-05-11,MIN,DET,4.0,3.0,False,0|0|0|0|0|0|1|3|0,1|0|0|1|1|0|0|0|0,165.0,-185.0,140.0,-155.0,-1.5,9.5,sbro,,,,,SDEDUNO-R,RRAY-L,,,,,,,,
2014,2014-05-11,HOU,BAL,5.0,2.0,False,3|0|0|0|0|0|2|0|0,0|0|2|0|0|0|0|0|0,150.0,-170.0,163.0,-183.0,-1.5,8.5,sbro,,,,,JCOSART-R,CTILLMAN-R,,,,,,,,
2014,2014-05-11,CLE,TAM,6.0,5.0,False,0|3|0|0|0|2|0|1|0,1|0|0|1|0|0|0|3|0,125.0,-145.0,125.0,-140.0,-1.5,7.5,sbro,,,,,JTOMLIN-R,CARCHER-R,,,,,,,,
2014,2014-05-11,BOS,TEX,5.0,2.0,False,3|1|0|0|0|0|1|0|0,0|0|0|1|0|0|1|0|0,-120.0,100.0,-108.0,-102.0,1.5,9.5,sbro,,,,,JLACKEY-R,RROSS-L,,,,,,,,
2014,2014-05-11,KAN,SEA,9.0,7.0,False,0|4|0|1|0|0|4|0|0,0|0|3|3|1|0|0|0|0,-105.0,-115.0,125.0,-140.0,-1.5,7.0,sbro,,,,,JGUTHRIE-R,RELIAS-L,,,,,,,,
2014,2014-05-11,NYY,MIL,5.0,6.0,False,3|0|0|0|0|0|1|0|1,0|0|2|0|0|3|0|0|1,115.0,-135.0,-102.0,-108.0,-1.5,7.5,sbro,,,,,DPHELPS-R,MGARZA-R,,,,,,,,
2014,2014-05-11,ARI,CWS,5.0,1.0,False,1|0|0|0|2|0|0|0|2,0|0|0|0|0|1|0|0|0,-105.0,-115.0,-106.0,-104.0,1.5,9.0,sbro,,,,,CANDERSON-R,HNOESI-R,,,,,,,,
2014,2014-05-11,WAS,OAK,1.0,9.0,False,0|0|0|0|0|0|0|0|1,4|3|0|0|0|0|2|0|x,120.0,-140.0,125.0,-140.0,-1.5,7.0,sbro,,,,,GGONZALEZ-L,SKAZMIR-L,,,,,,,,
2014,2014-05-12,CUB,STL,17.0,5.0,False,4|3|0|2|0|2|0|0|6,0|2|0|0|3|0|0|0|0,150.0,-170.0,153.0,-173.0,-1.5,7.5,sbro,,,,,TWOOD-L,TLYONS-L,,,,,,,,
2014,2014-05-12,WAS,ARI,6.0,5.0,False,1|1|0|2|0|0|0|0|2,0|0|3|0|0|2|0|0|0,-120.0,100.0,-117.0,107.0,1.5,8.0,sbro,,,,,JZIMMERMN-R,COLLMENTER-R,,,,,,,,
2014,2014-05-12,MIA,LOS,5.0,6.0,False,1|0|2|0|0|0|0|2|0,0|1|0|3|2|0|0|0|x,140.0,-160.0,130.0,-145.0,-1.5,7.0,sbro,,,,,TKOEHLER-R,DHAREN-R,,,,,,,,
2014,2014-05-12,ATL,SFO,2.0,4.0,False,0|0|0|0|1|0|0|0|1,0|1|0|0|0|0|3|0|x,-103.0,-117.0,-105.0,-105.0,1.5,7.0,sbro,,,,,GFLOYD-R,TLINCECUM-R,,,,,,,,
2014,2014-05-12,LAA,TOR,3.0,7.0,False,0|0|2|0|0|0|0|1|0,3|0|0|0|0|2|0|2|x,-112.0,-108.0,103.0,-113.0,-1.5,9.0,sbro,,,,,CWILSON-L,MBUEHRLE-L,,,,,,,,
2014,2014-05-12,DET,BAL,4.0,1.0,False,0|0|0|2|0|0|0|2|0,0|1|0|0|0|0|0|0|0,-115.0,-105.0,-105.0,-105.0,-1.5,9.0,sbro,,,,,RPORCELLO-R,BNORRIS-R,,,,,,,,
2014,2014-05-12,TEX,HOU,4.0,0.0,False,0|0|2|1|0|1|0|0|0,0|0|0|0|0|0|0|0|0,-135.0,115.0,-140.0,125.0,1.5,9.0,sbro,,,,,CLEWIS-R,BPEACOCK-R,,,,,,,,
2014,2014-05-12,CWS,OAK,4.0,5.0,False,0|1|0|0|0|0|0|0|3,0|1|0|0|2|0|2|0|x,160.0,-180.0,180.0,-210.0,-1.5,8.0,sbro,,,,,JDANKS-L,JCHAVEZ-R,,,,,,,,
2014,2014-05-12,TAM,SEA,5.0,12.0,False,0|0|0|0|0|0|4|0|1,3|5|1|0|0|0|0|3|x,145.0,-165.0,141.0,-156.0,-1.5,7.0,sbro,,,,,CRAMOS-L,FHERNANDZ-R,,,,,,,,
2014,2014-05-12,NYM,NYY,9.0,7.0,False,1|0|0|0|1|2|2|3|0,0|4|0|0|0|3|0|0|0,130.0,-150.0,153.0,-173.0,-1.5,8.5,sbro,,,,,BCOLON-R,HKURODA-R,,,,,,,,
2014,2014-05-13,SDG,CIN,2.0,1.0,False,0|0|0|1|0|0|0|0|1,1|0|0|0|0|0|0|0|0,110.0,-130.0,102.0,-112.0,-1.5,7.0,sbro,,,,,ACASHNER-R,MLEAKE-R,,,,,,,,
2014,2014-05-13,PIT,MIL,2.0,5.0,False,1|0|0|0|0|0|0|1|0,0|0|2|0|0|1|2|0|x,105.0,-125.0,103.0,-113.0,-1.5,7.5,sbro,,,,,GCOLE-R,MESTRADA-R,,,,,,,,
2014,2014-05-13,CUB,STL,3.0,4.0,False,0|0|2|0|0|0|0|0|1,0|0|1|0|0|2|0|0|0,210.0,-250.0,200.0,-230.0,-1.5,6.5,sbro,,,,,JARRIETA-R,WAINWRIGHT-R,,,,,,,,
2014,2014-05-13,WAS,ARI,1.0,3.0,False,0|1|0|0|0|0|0|0|0,0|0|0|1|2|0|0|0|x,-135.0,115.0,-134.0,119.0,1.5,8.0,sbro,,,,,STRASBURG-R,BARROYO-R,,,,,,,,
2014,2014-05-13,MIA,LOS,1.0,7.0,False,0|0|0|0|0|0|1|0|0,0|0|0|0|0|5|1|1|x,150.0,-170.0,145.0,-160.0,-1.5,8.0,sbro,,,,,JTURNER-R,JBECKETT-R,,,,,,,,
2014,2014-05-13,ATL,SFO,5.0,0.0,False,0|0|0|1|0|3|1|0|0,0|0|0|0|0|0|0|0|0,-105.0,-115.0,-110.0,100.0,1.5,7.0,sbro,,,,,MMINOR-L,VOGELSONG-R,,,,,,,,
2014,2014-05-13,CLE,TOR,4.0,5.0,False,0|0|1|0|0|0|3|0|0,0|0|0|1|1|3|0|0|x,110.0,-130.0,118.0,-133.0,-1.5,9.0,sbro,,,,,MASTERSON-R,RDICKEY-R,,,,,,,,
2014,2014-05-13,DET,BAL,4.0,1.0,False,0|0|0|0|0|0|0|0|4,1|0|0|0|0|0|0|0|0,-105.0,-115.0,-108.0,-102.0,1.5,9.0,sbro,,,,,DSMYLY-L,UJIMENEZ-R,,,,,,,,
2014,2014-05-13,BOS,MIN,6.0,8.0,False,1|0|0|1|0|1|3|0|0,0|5|0|0|1|0|0|0|2,-120.0,100.0,-134.0,119.0,1.5,7.5,sbro,,,,,JPEAVY-R,RNOLASCO-R,,,,,,,,
2014,2014-05-13,TEX,HOU,0.0,8.0,False,0|0|0|0|0|0|0|0|0,0|3|0|1|4|0|0|0|x,-140.0,120.0,-114.0,104.0,1.5,8.0,sbro,,,,,MHARRISON-L,DKEUCHEL-L,,,,,,,,
2014,2014-05-13,CWS,OAK,0.0,11.0,False,0|0|0|0|0|0|0|0|0,1|0|0|1|4|3|0|2|x,150.0,-170.0,175.0,-195.0,-1.5,8.5,sbro,,,,,SCARROLL-R,DPOMERANZ-L,,,,,,,,
2014,2014-05-13,TAM,SEA,2.0,1.0,False,0|0|0|0|0|0|0|0|2,1|0|0|0|0|0|0|0|0,-115.0,-105.0,-122.0,112.0,1.5,6.5,sbro,,,,,DPRICE-L,HIWAKUMA-R,,,,,,,,
2014,2014-05-13,LAA,PHI,4.0,3.0,False,0|0|0|0|0|4|0|0|0,0|0|0|2|0|0|1|0|0,140.0,-160.0,160.0,-180.0,-1.5,7.5,sbro,,,,,SHOEMAKER-R,CLEE-L,,,,,,,,
2014,2014-05-13,NYM,NYY,12.0,7.0,False,4|0|1|2|4|0|0|0|1,3|0|0|1|1|0|0|1|1,115.0,-135.0,126.0,-141.0,-1.5,8.5,sbro,,,,,ZWHEELER-R,VNUNO-L,,,,,,,,
2014,2014-05-13,COL,KAN,1.0,5.0,False,0|0|0|1|0|0|0|0|0,0|1|0|2|1|0|0|1|x,145.0,-165.0,135.0,-150.0,-1.5,7.0,sbro,,,,,FMORALES-L,JSHIELDS-R,,,,,,,,
2014,2014-05-14,WAS,ARI,5.0,1.0,False,0|0|0|0|0|0|1|0|4,0|0|0|1|0|0|0|0|0,-105.0,-115.0,111.0,-121.0,-1.5,7.5,sbro,,,,,DFISTER-R,BMCCARTHY-R,,,,,,,,
2014,2014-05-14,ATL,SFO,4.0,10.0,False,2|0|0|2|0|0|0|0|0,3|1|0|1|2|1|0|2|x,105.0,-125.0,118.0,-133.0,-1.5,7.0,sbro,,,,,JTEHERAN-R,BUMGARNER-L,,,,,,,,
2014,2014-05-14,PIT,MIL,4.0,1.0,False,0|0|0|1|0|0|0|0|3,0|0|0|0|1|0|0|0|0,110.0,-130.0,107.0,-117.0,-1.5,7.5,sbro,,,,,FLIRIANO-L,WPERALTA-R,,,,,,,,
2014,2014-05-14,MIA,LOS,13.0,3.0,False,0|6|0|6|0|1|0|0|0,0|0|0|0|1|1|0|1|0,140.0,-160.0,142.0,-157.0,-1.5,8.5,sbro,,,,,DESCLAFANI-R,PMAHOLM-L,,,,,,,,
2014,2014-05-14,DET,BAL,7.0,5.0,False,0|0|2|3|1|1|0|0|0,0|0|0|0|5|0|0|0|0,-145.0,125.0,-113.0,103.0,1.5,7.5,sbro,,,,,VERLANDER-R,KGAUSMAN-R,,,,,,,,
2014,2014-05-14,CWS,OAK,4.0,2.0,False,1|0|0|0|0|0|0|3|0,1|0|0|1|0|0|0|0|0,160.0,-180.0,170.0,-200.0,-1.5,9.0,sbro,,,,,ARIENZO-R,TMILONE-L,,,,,,,,
2014,2014-05-14,TAM,SEA,2.0,0.0,False,0|0|0|2|0|0|0|0|0,0|0|0|0|0|0|0|0|0,-114.0,-106.0,-117.0,107.0,1.5,8.0,sbro,,,,,JODORIZZI-R,BMAURER-R,,,,,,,,
2014,2014-05-14,CLE,TOR,15.0,4.0,False,0|1|0|1|2|0|2|3|6,0|0|0|0|1|1|0|0|2,105.0,-125.0,-102.0,-108.0,-1.5,9.0,sbro,,,,,CKLUBER-R,DMCGOWAN-R,,,,,,,,
2014,2014-05-14,BOS,MIN,9.0,4.0,False,2|0|2|1|1|1|0|0|2,0|0|1|0|0|0|0|1|2,-125.0,105.0,-127.0,117.0,1.5,8.5,sbro,,,,,FDOUBRONT-L,KCORREIA-R,,,,,,,,
2014,2014-05-14,TEX,HOU,4.0,5.0,False,0|1|1|0|2|0|0|0|0,0|0|0|0|0|2|2|0|1,-114.0,-106.0,-116.0,106.0,1.5,8.5,sbro,,,,,NTEPESCH-R,SFELDMAN-R,,,,,,,,
2014,2014-05-14,LAA,PHI,3.0,0.0,False,1|1|1|0|0|0|0|0|0,0|0|0|0|0|0|0|0|0,-105.0,-115.0,-109.0,-101.0,1.5,7.5,sbro,,,,,GRICHARDS-R,ABURNETT-R,,,,,,,,
2014,2014-05-14,COL,KAN,2.0,3.0,False,0|0|0|0|0|0|2|0|0,0|3|0|0|0|0|0|0|x,110.0,-130.0,115.0,-130.0,-1.5,7.5,sbro,,,,,JCHACIN-R,JVARGAS-L,,,,,,,,
2014,2014-05-14,NYY,NYM,4.0,0.0,False,0|1|0|1|0|1|1|0|0,0|0|0|0|0|0|0|0|0,-170.0,150.0,-155.0,140.0,1.5,6.5,sbro,,,,,MTANAKA-R,RMONTERO-R,,,,,,,,
2014,2014-05-15,SDG,CIN,0.0,5.0,False,0|0|0|0|0|0|0|0|0,0|0|0|0|3|2|0|0|x,120.0,-140.0,125.0,-140.0,-1.5,6.5,sbro,,,,,IKENNEDY-R,JCUETO-R,,,,,,,,
2014,2014-05-15,PIT,MIL,3.0,4.0,False,0|0|0|0|2|1|0|0|0,0|0|1|0|1|0|0|0|2,150.0,-170.0,137.0,-152.0,-1.5,8.0,sbro,,,,,WRODRIGEZ-L,YGALLARDO-R,,,,,,,,
2014,2014-05-15,CUB,STL,3.0,5.0,False,0|0|0|2|0|0|0|1|0,0|4|0|0|0|1|0|0|x,130.0,-150.0,175.0,-195.0,-1.5,6.5,sbro,,,,,JHAMMEL-R,MWACHA-R,,,,,,,,
2014,2014-05-15,MIA,SFO,4.0,6.0,False,1|2|1|0|0|0|0|0|0,0|1|2|0|3|0|0|0|x,110.0,-130.0,131.0,-146.0,-1.5,7.0,sbro,,,,,NEOVALDI-R,MCAIN-R,,,,,,,,
2014,2014-05-15,BOS,MIN,3.0,4.0,False,0|0|0|1|0|0|0|0|2,0|3|0|0|0|0|0|0|0,-125.0,105.0,-121.0,111.0,1.5,7.5,sbro,,,,,CBUCHHOLZ-R,PHUGHES-R,,,,,,,,
2014,2014-05-15,CLE,TOR,2.0,4.0,False,0|0|0|0|1|0|0|1|0,0|2|0|0|2|0|0|0|x,110.0,-130.0,-105.0,-105.0,-1.5,9.5,sbro,,,,,DSALAZAR-R,JHAPP-L,,,,,,,,
2014,2014-05-15,BAL,KAN,2.0,1.0,False,0|0|0|2|0|0|0|0|0,0|0|0|1|0|0|0|0|0,110.0,-130.0,125.0,-140.0,-1.5,7.0,sbro,,,,,WCHEN-L,YVENTURA-R,,,,,,,,
2014,2014-05-15,TAM,LAA,5.0,6.0,False,0|1|0|0|0|3|1|0|0,0|0|0|0|0|2|0|0|4,120.0,-140.0,131.0,-146.0,-1.5,9.0,sbro,,,,,EBEDARD-L,TSKAGGS-L,,,,,,,,
2014,2014-05-15,NYY,NYM,1.0,0.0,False,0|0|0|0|0|0|1|0|0,0|0|0|0|0|0|0|0|0,110.0,-130.0,-114.0,104.0,1.5,7.0,sbro,,,,,CWHITLEY-R,JDEGROM-R,,,,,,,,
2014,2014-05-15,SDG,CIN,6.0,1.0,False,0|2|1|0|0|1|1|1|0,1|0|0|0|0|0|0|0|0,100.0,-120.0,-115.0,105.0,1.5,7.0,sbro,,,,,TROSS-R,JFRANCIS-L,,,,,,,,
2014,2014-05-16,MIL,CUB,4.0,3.0,False,2|2|0|0|0|0|0|0|0,0|2|1|0|0|0|0|0|0,-105.0,-115.0,116.0,-126.0,-1.5,6.5,sbro,,,,,KLOHSE-R,SAMARDZIJA-R,,,,,,,,
2014,2014-05-16,NYM,WAS,2.0,5.0,False,0|0|0|0|2|0|0|0|0,3|0|2|0|0|0|0|0|x,115.0,-135.0,131.0,-146.0,-1.5,7.5,sbro,,,,,JNIESE-L,TROARK-R,,,,,,,,
2014,2014-05-16,CIN,PHI,3.0,0.0,False,3|0|0|0|0|0|0|0|0,0|0|0|0|0|0|0|0|0,-115.0,-105.0,118.0,-133.0,-1.5,8.0,sbro,,,,,ASIMON-R,KKENDRICK-R,,,,,,,,
2014,2014-05-16,ATL,STL,2.0,5.0,False,0|1|0|1|0|0|0|0|0,0|1|0|1|3|0|0|0|x,-110.0,-110.0,100.0,-110.0,-1.5,6.5,sbro,,,,,ESANTANA-R,LLYNN-R,,,,,,,,
2014,2014-05-16,SDG,COL,1.0,3.0,False,0|0|0|0|0|0|0|0|1,0|0|0|0|1|0|1|1|x,150.0,-170.0,145.0,-160.0,-1.5,9.5,sbro,,,,,ESTULTS-L,DELAROSA-L,,,,,,,,
2014,2014-05-16,LOS,ARI,7.0,0.0,False,0|0|1|2|0|1|2|1|0,0|0|0|0|0|0|0|0|0,-155.0,135.0,-146.0,131.0,1.5,8.5,sbro,,,,,ZGREINKE-R,WMILEY-L,,,,,,,,
2014,2014-05-16,MIA,SFO,7.0,5.0,False,1|0|2|1|1|0|0|0|2,1|0|0|2|1|1|0|0|0,155.0,-175.0,128.0,-143.0,-1.5,7.0,sbro,,,,,HALVAREZ-R,YPETIT-R,,,,,,,,
2014,2014-05-16,OAK,CLE,11.0,1.0,False,0|8|1|0|0|0|2|0|0,1|0|0|0|0|0|0|0|0,-145.0,125.0,-134.0,119.0,1.5,7.5,sbro,,,,,SGRAY-R,ZMCALLIST-R,,,,,,,,
2014,2014-05-16,DET,BOS,1.0,0.0,False,1|0|0|0|0|0|0|0|0,0|0|0|0|0|0|0|0|0,-115.0,-105.0,-105.0,-105.0,1.5,8.0,sbro,,,,,MSCHERZER-R,JLESTER-L,,,,,,,,
2014,2014-05-16,TOR,TEX,2.0,0.0,False,0|0|0|0|0|0|0|2|0,0|0|0|0|0|0|0|0|0,145.0,-165.0,151.0,-171.0,-1.5,8.5,sbro,,,,,HUTCHISON-R,YDARVISH-R,,,,,,,,
2014,2014-05-16,BAL,KAN,4.0,0.0,False,0|0|0|2|0|1|0|1|0,0|0|0|0|0|0|0|0|0,-115.0,-105.0,-109.0,-101.0,1.5,7.0,sbro,,,,,CTILLMAN-R,JGUTHRIE-R,,,,,,,,
2014,2014-05-16,CWS,HOU,7.0,2.0,False,0|0|0|0|0|4|0|3|0,0|0|0|0|2|0|0|0|0,100.0,-120.0,-104.0,-106.0,-1.5,8.0,sbro,,,,,JQUINTANA-L,CMCHUGH-R,,,,,,,,
2014,2014-05-16,SEA,MIN,4.0,5.0,False,0|0|0|0|1|0|0|3|0,0|0|2|1|1|1|0|0|x,-125.0,105.0,-102.0,-108.0,-1.5,8.5,sbro,,,,,CYOUNG-R,KGIBSON-R,,,,,,,,
2014,2014-05-16,TAM,LAA,3.0,0.0,False,0|0|0|0|1|0|1|1|0,0|0|0|0|0|0|0|0|0,140.0,-160.0,126.0,-141.0,-1.5,8.5,sbro,,,,,CARCHER-R,JWEAVER-R,,,,,,,,
2014,2014-05-17,ATL,STL,1.0,4.0,False,0|1|0|0|0|0|0|0|0,0|0|0|1|0|2|1|0|x,110.0,-130.0,113.0,-123.0,-1.5,7.0,sbro,,,,,AHARANG-R,SMILLER-R,,,,,,,,
2014,2014-05-17,MIL,CUB,0.0,3.0,False,0|0|0|0|0|0|0|0|0,3|0|0|0|0|0|0|0|x,-130.0,110.0,-117.0,107.0,1.5,7.5,sbro,,,,,MGARZA-R,EJACKSON-R,,,,,,,,
2014,2014-05-17,NYM,WAS,5.0,2.0,False,3|0|2|0|0|0|0|0|0,0|0|0|2|0|0|0|0|0,140.0,-160.0,137.0,-152.0,-1.5,7.0,sbro,,,,,BCOLON-R,GGONZALEZ-L,,,,,,,,
2014,2014-05-17,CIN,PHI,1.0,12.0,False,1|0|0|0|0|0|0|0|0,0|0|0|6|0|0|5|1|x,-105.0,-115.0,129.0,-144.0,-1.5,7.0,sbro,,,,,HBAILEY-R,CHAMELS-L,,,,,,,,
2014,2014-05-17,SDG,COL,8.0,5.0,False,2|2|2|0|0|0|2|0|0,1|0|0|1|1|2|0|0|0,145.0,-165.0,119.0,-129.0,-1.5,9.5,sbro,,,,,RERLIN-L,JLYLES-R,,,,,,,,
2014,2014-05-17,LOS,ARI,7.0,18.0,False,0|0|2|0|0|5|0|0|0,0|7|0|2|0|1|4|4|x,-155.0,135.0,-179.0,159.0,1.5,8.0,sbro,,,,,CKERSHAW-L,CANDERSON-R,,,,,,,,
2014,2014-05-17,MIA,SFO,5.0,0.0,False,0|1|0|0|0|2|1|0|1,0|0|0|0|0|0|0|0|0,110.0,-130.0,130.0,-145.0,-1.5,7.5,sbro,,,,,TKOEHLER-R,TLINCECUM-R,,,,,,,,
2014,2014-05-17,CWS,HOU,5.0,6.0,False,0|2|1|0|0|0|0|2|0,4|0|0|0|1|0|1|0|x,110.0,-130.0,106.0,-116.0,-1.5,9.0,sbro,,,,,HNOESI-R,JCOSART-R,,,,,,,,
2014,2014-05-17,OAK,CLE,6.0,2.0,False,0|0|3|0|0|0|3|0|0,0|1|0|0|0|1|0|0|0,-145.0,125.0,-141.0,126.0,1.5,7.5,sbro,,,,,SKAZMIR-L,JTOMLIN-R,,,,,,,,
2014,2014-05-17,DET,BOS,6.0,1.0,False,0|1|1|0|2|2|0|0|0,0|0|0|0|1|0|0|0|0,100.0,-120.0,125.0,-140.0,-1.5,9.0,sbro,,,,,RPORCELLO-R,JLACKEY-R,,,,,,,,
2014,2014-05-17,BAL,KAN,0.0,1.0,False,0|0|0|0|0|0|0|0|0,1|0|0|0|0|0|0|0|x,110.0,-130.0,116.0,-126.0,-1.5,7.0,sbro,,,,,BNORRIS-R,DDUFFY-L,,,,,,,,
2014,2014-05-17,SEA,MIN,3.0,4.0,False,0|0|2|0|0|0|0|1|0,1|0|0|0|3|0|0|0|x,100.0,-120.0,-110.0,100.0,1.5,8.5,sbro,,,,,RELIAS-L,SDEDUNO-R,,,,,,,,
2014,2014-05-17,TOR,TEX,4.0,2.0,False,1|0|0|0|0|0|1|1|1,0|0|1|0|0|0|1|0|0,-115.0,-105.0,-105.0,-105.0,-1.5,9.0,sbro,,,,,MBUEHRLE-L,RROSS-L,,,,,,,,
2014,2014-05-17,TAM,LAA,0.0,6.0,False,0|0|0|0|0|0|0|0|0,2|2|2|0|0|0|0|0|x,140.0,-160.0,151.0,-171.0,-1.5,8.5,sbro,,,,,CRAMOS-L,CWILSON-L,,,,,,,,
2014,2014-05-17,PIT,NYY,1.0,7.0,False,0|0|0|0|0|1|0|0|0,2|0|1|0|0|1|1|2|x,109.0,-129.0,125.0,-140.0,-1.5,9.0,sbro,,,,,EVOLQUEZ-R,DPHELPS-R,,,,,,,,
2014,2014-05-18,CIN,PHI,3.0,8.0,False,2|0|0|0|0|0|0|1|0,2|0|0|0|1|1|4|0|x,115.0,-135.0,125.0,-140.0,-1.5,6.5,sbro,,,,,TCINGRANI-L,CLEE-L,,,,,,,,
2014,2014-05-18,NYM,WAS,3.0,6.0,False,0|1|0|0|0|2|0|0|0,0|1|2|0|2|0|0|1|x,140.0,-160.0,150.0,-170.0,-1.5,6.5,sbro,,,,,ZWHEELER-R,JZIMMERMN-R,,,,,,,,
2014,2014-05-18,ATL,STL,6.0,5.0,False,1|0|0|1|0|2|0|0|2,0|3|0|0|1|0|1|0|0,100.0,-120.0,100.0,-110.0,-1.5,7.0,sbro,,,,,GFLOYD-R,JGARCIA-L,,,,,,,,
2014,2014-05-18,MIL,CUB,2.0,4.0,False,0|0|0|0|2|0|0|0|0,0|2|1|1|0|0|0|0|x,-130.0,110.0,-119.0,109.0,1.5,9.0,sbro,,,,,MESTRADA-R,TWOOD-L,,,,,,,,
2014,2014-05-18,MIA,SFO,1.0,4.0,False,0|0|0|0|0|0|0|1|0,3|0|0|0|1|0|0|0|x,140.0,-160.0,150.0,-165.0,-1.5,7.5,sbro,,,,,JTURNER-R,VOGELSONG-R,,,,,,,,
2014,2014-05-18,LOS,ARI,3.0,5.0,False,1|0|2|0|0|0|0|0|0,0|1|1|1|2|0|0|0|x,-130.0,110.0,-111.0,101.0,1.5,9.0,sbro,,,,,DHAREN-R,COLLMENTER-R,,,,,,,,
2014,2014-05-18,SDG,COL,6.0,8.0,False,1|0|0|2|0|1|0|0|2,0|0|4|0|1|0|1|0|0,105.0,-125.0,160.0,-180.0,-1.5,10.5,sbro,,,,,DROACH-R,JNICASIO-R,,,,,,,,
2014,2014-05-18,OAK,CLE,13.0,3.0,False,0|1|0|2|4|2|1|3|0,1|0|0|0|1|1|0|0|0,-130.0,110.0,-115.0,105.0,1.5,7.0,sbro,,,,,JCHAVEZ-R,MASTERSON-R,,,,,,,,
2014,2014-05-18,CWS,HOU,2.0,8.0,False,0|0|1|0|0|0|1|0|0,0|4|2|0|2|0|0|0|x,-115.0,-105.0,117.0,-127.0,-1.5,9.5,sbro,,,,,JDANKS-L,BPEACOCK-R,,,,,,,,
2014,2014-05-18,BAL,KAN,6.0,8.0,False,0|0|3|0|0|0|0|0|3,1|0|0|1|3|0|3|0|x,140.0,-160.0,132.0,-147.0,-1.5,7.0,sbro,,,,,UJIMENEZ-R,JSHIELDS-R,,,,,,,,
2014,2014-05-18,SEA,MIN,6.0,2.0,False,0|0|0|1|2|1|1|0|1,0|0|2|0|0|0|0|0|0,-160.0,140.0,-157.0,142.0,1.5,7.5,sbro,,,,,FHERNANDZ-R,RNOLASCO-R,,,,,,,,
2014,2014-05-18,TOR,TEX,2.0,6.0,False,0|0|0|1|0|1|0|0|0,0|0|0|2|0|0|2|2|x,-120.0,100.0,-121.0,111.0,1.5,9.0,sbro,,,,,RDICKEY-R,NMARTINEZ-R,,,,,,,,
2014,2014-05-18,TAM,LAA,2.0,6.0,False,0|0|0|0|0|0|2|0|0,1|0|1|3|0|0|1|0|x,-135.0,115.0,-124.0,114.0,1.5,7.5,sbro,,,,,DPRICE-L,SHOEMAKER-R,,,,,,,,
2014,2014-05-18,DET,BOS,6.0,2.0,False,0|0|3|0|1|1|1|0|0,0|1|0|0|1|0|0|0|0,-105.0,-115.0,107.0,-117.0,-1.5,8.5,sbro,,,,,ASANCHEZ-R,JPEAVY-R,,,,,,,,
2014,2014-05-18,PIT,NYY,3.0,4.0,False,1|0|0|0|2|0|0|0|0,3|1|0|0|0|0|0|0|x,115.0,-135.0,142.0,-157.0,-1.5,8.5,sbro,,,,,CMORTON-R,HKURODA-R,,,,,,,,
2014,2014-05-18,PIT,NYY,5.0,3.0,False,0|1|0|0|0|2|1|0|1,0|2|0|0|0|1|0|0|0,-125.0,105.0,-127.0,117.0,1.5,9.0,sbro,,,,,GCOLE-R,VNUNO-L,,,,,,,,
2014,2014-05-19,CIN,WAS,4.0,3.0,False,0|0|0|1|1|0|0|0|0,0|0|0|0|0|0|1|0|1,135.0,-155.0,155.0,-175.0,-1.5,6.5,sbro,,,,,MLEAKE-R,STRASBURG-R,,,,,,,,
2014,2014-05-19,MIL,ATL,3.0,9.0,False,0|0|0|0|2|0|0|1|0,1|1|1|0|0|1|0|5|x,100.0,-120.0,109.0,-119.0,-1.5,7.0,sbro,,,,,WPERALTA-R,MMINOR-L,,,,,,,,
2014,2014-05-19,DET,CLE,4.0,5.0,False,0|1|0|0|0|0|2|0|1,1|0|0|0|2|0|1|0|0,-125.0,105.0,107.0,-117.0,-1.5,7.0,sbro,,,,,DSMYLY-L,CKLUBER-R,,,,,,,,
2014,2014-05-19,CWS,KAN,7.0,6.0,False,0|0|3|1|3|0|0|0|0,5|0|0|1|0|0|0|0|0,150.0,-170.0,170.0,-200.0,-1.5,8.5,sbro,,,,,SCARROLL-R,JVARGAS-L,,,,,,,,
2014,2014-05-19,HOU,LAA,5.0,2.0,False,3|1|1|0|0|0|0|0|0,0|0|0|0|0|0|0|0|2,180.0,-210.0,175.0,-195.0,-1.5,7.5,sbro,,,,,DKEUCHEL-L,GRICHARDS-R,,,,,,,,
2014,2014-05-20,CIN,WAS,4.0,9.0,False,1|0|0|0|0|0|1|0|2,0|0|2|0|0|7|0|0|x,-115.0,-105.0,-107.0,-103.0,1.5,6.5,sbro,,,,,JCUETO-R,DFISTER-R,,,,,,,,
2014,2014-05-20,PHI,MIA,6.0,5.0,False,2|0|0|0|2|2|0|0|0,2|0|1|0|0|0|0|1|1,-114.0,-106.0,105.0,-115.0,-1.5,7.5,sbro,,,,,ABURNETT-R,DESCLAFANI-R,,,,,,,,
2014,2014-05-20,MIL,ATL,0.0,5.0,False,0|0|0|0|0|0|0|0|0,0|0|3|1|1|0|0|0|x,130.0,-150.0,125.0,-140.0,-1.5,6.5,sbro,,,,,YGALLARDO-R,JTEHERAN-R,,,,,,,,
2014,2014-05-20,LOS,NYM,9.0,4.0,False,0|1|0|0|4|1|0|0|3,0|1|0|0|0|3|0|0|0,-140.0,120.0,-124.0,114.0,1.5,7.0,sbro,,,,,JBECKETT-R,RMONTERO-R,,,,,,,,
2014,2014-05-20,ARI,STL,0.0,5.0,False,0|0|0|0|0|0|0|0|0,2|0|0|1|1|1|0|0|x,170.0,-200.0,170.0,-190.0,-1.5,7.5,sbro,,,,,BARROYO-R,WAINWRIGHT-R,,,,,,,,
2014,2014-05-20,SFO,COL,4.0,5.0,False,0|0|0|0|3|0|0|0|1,0|0|0|1|0|2|0|0|2,-130.0,110.0,-101.0,-109.0,1.5,9.5,sbro,,,,,BUMGARNER-L,FMORALES-L,,,,,,,,
2014,2014-05-20,DET,CLE,2.0,6.0,False,1|0|0|0|1|0|0|0|0,1|4|0|0|0|0|1|0|x,-150.0,130.0,-126.0,116.0,1.5,8.0,sbro,,,,,VERLANDER-R,TBAUER-R,,,,,,,,
2014,2014-05-20,OAK,TAM,3.0,0.0,False,0|3|0|0|0|0|0|0|0,0|0|0|0|0|0|0|0|0,-120.0,100.0,-110.0,100.0,1.5,7.5,sbro,,,,,DPOMERANZ-L,JODORIZZI-R,,,,,,,,
2014,2014-05-20,TOR,BOS,7.0,4.0,False,0|0|2|1|3|1|0|0|0,0|0|0|0|2|2|0|0|0,120.0,-140.0,119.0,-134.0,-1.5,9.5,sbro,,,,,JHAPP-L,FDOUBRONT-L,,,,,,,,
2014,2014-05-20,SEA,TEX,6.0,2.0,False,0|0|4|1|0|0|1|0|0,0|1|0|1|0|0|0|0|0,-105.0,-105.0,-112.0,102.0,1.5,8.5,sbro,,,,,HIWAKUMA-R,CLEWIS-R,,,,,,,,
2014,2014-05-20,CWS,KAN,7.0,6.0,False,1|0|0|0|3|0|0|3|0,0|2|0|0|0|0|0|3|1,160.0,-180.0,155.0,-175.0,-1.5,8.5,sbro,,,,,ARIENZO-R,YVENTURA-R,,,,,,,,
2014,2014-05-20,HOU,LAA,3.0,9.0,False,0|0|0|1|0|0|0|2|0,3|1|0|1|3|1|0|0|x,150.0,-170.0,155.0,-175.0,-1.5,8.0,sbro,,,,,SFELDMAN-R,TSKAGGS-L,,,,,,,,
2014,2014-05-20,BAL,PIT,9.0,2.0,False,0|0|0|2|4|0|1|0|2,0|0|1|0|0|0|1|0|0,120.0,-140.0,133.0,-148.0,-1.5,7.0,sbro,,,,,MGONZALEZ-R,FLIRIANO-L,,,,,,,,
2014,2014-05-20,NYY,CUB,1.0,6.0,False,0|0|0|0|0|1|0|0|0,0|0|1|1|0|2|2|0|x,-165.0,145.0,-172.0,152.0,1.5,8.5,sbro,,,,,MTANAKA-R,JHAMMEL-R,,,,,,,,
2014,2014-05-20,MIN,SDG,5.0,3.0,False,0|1|1|0|0|1|1|1|0,0|0|0|0|3|0|0|0|0,145.0,-165.0,162.0,-182.0,-1.5,7.0,sbro,,,,,KCORREIA-R,IKENNEDY-R,,,,,,,,
2014,2014-05-21,CIN,WAS,2.0,1.0,False,0|0|0|2|0|0|0|0|0,1|0|0|0|0|0|0|0|0,120.0,-140.0,125.0,-140.0,-1.5,7.0,sbro,,,,,ASIMON-R,TROARK-R,,,,,,,,
2014,2014-05-21,PHI,MIA,5.0,14.0,False,2|0|0|1|0|0|0|2|0,2|0|1|2|0|1|4|4|x,120.0,-140.0,130.0,-145.0,-1.5,7.5,sbro,,,,,KKENDRICK-R,NEOVALDI-R,,,,,,,,
2014,2014-05-21,MIL,ATL,6.0,1.0,False,4|0|0|2|0|0|0|0|0,1|0|0|0|0|0|0|0|0,130.0,-150.0,119.0,-134.0,-1.5,6.5,sbro,,,,,KLOHSE-R,ESANTANA-R,,,,,,,,
2014,2014-05-21,LOS,NYM,4.0,3.0,False,0|1|0|0|0|2|0|1|0,0|0|0|0|0|2|0|0|1,-140.0,120.0,-123.0,113.0,1.5,7.0,sbro,,,,,HRYU-L,JDEGROM-R,,,,,,,,
2014,2014-05-21,ARI,STL,2.0,3.0,False,0|0|0|0|0|0|0|2|0,0|0|0|1|0|0|0|1|0,155.0,-175.0,145.0,-160.0,-1.5,7.0,sbro,,,,,BMCCARTHY-R,MWACHA-R,,,,,,,,
2014,2014-05-21,SFO,COL,5.0,1.0,False,0|0|0|1|0|2|1|1|0,0|0|0|0|0|0|0|1|0,100.0,-120.0,119.0,-129.0,-1.5,10.0,sbro,,,,,MCAIN-R,JCHACIN-R,,,,,,,,
2014,2014-05-21,DET,CLE,10.0,11.0,False,4|0|1|0|2|0|0|2|0,1|5|1|0|0|0|0|0|2,-155.0,135.0,-151.0,136.0,1.5,7.5,sbro,,,,,MSCHERZER-R,ZMCALLIST-R,,,,,,,,
2014,2014-05-21,SEA,TEX,3.0,4.0,False,0|0|0|3|0|0|0|0|0,3|0|0|0|1|0|0|0|x,110.0,-130.0,135.0,-150.0,-1.5,9.0,sbro,,,,,CYOUNG-R,NTEPESCH-R,,,,,,,,
2014,2014-05-21,OAK,TAM,3.0,2.0,False,0|2|0|1|0|0|0|0|0,0|0|0|0|0|2|0|0|0,-107.0,-113.0,-112.0,102.0,1.5,7.5,sbro,,,,,TMILONE-L,EBEDARD-L,,,,,,,,
2014,2014-05-21,TOR,BOS,6.0,4.0,False,0|2|2|0|1|0|1|0|0,0|0|0|1|0|0|0|3|0,120.0,-140.0,102.0,-112.0,-1.5,9.0,sbro,,,,,HUTCHISON-R,CBUCHHOLZ-R,,,,,,,,
2014,2014-05-21,CWS,KAN,1.0,3.0,False,0|1|0|0|0|0|0|0|0,0|0|1|0|0|0|0|2|x,120.0,-140.0,108.0,-118.0,-1.5,8.0,sbro,,,,,JQUINTANA-L,JGUTHRIE-R,,,,,,,,
2014,2014-05-21,HOU,LAA,1.0,2.0,False,0|0|0|1|0|0|0|0|0,0|0|1|0|0|1|0|0|x,180.0,-210.0,151.0,-166.0,-1.5,7.5,sbro,,,,,CMCHUGH-R,JWEAVER-R,,,,,,,,
2014,2014-05-21,NYY,CUB,4.0,2.0,False,0|0|0|0|0|0|0|0|2,0|0|0|1|0|0|1|0|0,100.0,-120.0,-103.0,-107.0,-1.5,7.5,sbro,,,,,CWHITLEY-R,SAMARDZIJA-R,,,,,,,,
2014,2014-05-21,BAL,PIT,8.0,9.0,False,0|6|0|0|0|0|2|0|0,4|4|0|0|0|0|1|0|x,-105.0,-115.0,110.0,-120.0,-1.5,7.5,sbro,,,,,CTILLMAN-R,WRODRIGEZ-L,,,,,,,,
2014,2014-05-21,MIN,SDG,2.0,0.0,False,0|0|0|0|0|1|0|1|0,0|0|0|0|0|0|0|0|0,130.0,-150.0,118.0,-133.0,-1.5,6.5,sbro,,,,,PHUGHES-R,TROSS-R,,,,,,,,
2014,2014-05-22,PHI,MIA,3.0,4.0,False,0|0|0|0|0|0|0|3|0,0|0|0|0|0|1|2|0|1,-105.0,-115.0,-108.0,-102.0,1.5,7.0,sbro,,,,,CHAMELS-L,HALVAREZ-R,,,,,,,,
2014,2014-05-22,SFO,COL,2.0,2.0,False,0|0|0|2|0||||,0|1|0|0|1||||,-105.0,-115.0,111.0,-121.0,-1.5,9.5,sbro,,,,,THUDSON-R,DELAROSA-L,,,,,,,,
2014,2014-05-22,WAS,PIT,1.0,3.0,False,0|0|0|1|0|0|0|0|0,0|0|1|0|1|0|0|1|x,100.0,-120.0,111.0,-121.0,-1.5,7.5,sbro,,,,,BTREINEN-R,EVOLQUEZ-R,,,,,,,,
2014,2014-05-22,LOS,NYM,3.0,5.0,False,1|0|0|0|0|0|2|0|0,0|1|0|0|2|0|1|1|x,-145.0,125.0,-150.0,135.0,1.5,7.0,sbro,,,,,ZGREINKE-R,JNIESE-L,,,,,,,,
2014,2014-05-22,MIL,ATL,4.0,5.0,False,1|0|1|1|0|1|0|0|0,0|0|1|0|0|1|3|0|x,115.0,-135.0,127.0,-142.0,-1.5,7.0,sbro,,,,,MGARZA-R,AHARANG-R,,,,,,,,
2014,2014-05-22,ARI,STL,2.0,4.0,False,2|0|0|0|0|0|0|0|0,0|0|0|0|0|2|1|1|x,145.0,-165.0,141.0,-156.0,-1.5,7.0,sbro,,,,,WMILEY-L,LLYNN-R,,,,,,,,
2014,2014-05-22,CUB,SDG,5.0,1.0,False,0|0|0|2|3|0|0|0|0,1|0|0|0|0|0|0|0|0,120.0,-140.0,125.0,-140.0,-1.5,7.0,sbro,,,,,JARRIETA-R,ESTULTS-L,,,,,,,,
2014,2014-05-22,TEX,DET,9.0,2.0,False,0|2|3|4|0|0|0|0|0,0|0|0|0|0|2|0|0|0,-115.0,-105.0,-117.0,107.0,1.5,7.5,sbro,,,,,YDARVISH-R,RRAY-L,,,,,,,,
2014,2014-05-22,TOR,BOS,7.0,2.0,False,2|5|0|0|0|0|0|0|0,1|1|0|0|0|0|0|0|0,114.0,-134.0,135.0,-150.0,-1.5,8.5,sbro,,,,,MBUEHRLE-L,JLESTER-L,,,,,,,,
2014,2014-05-22,OAK,TAM,2.0,5.0,False,0|0|0|0|0|0|0|0|1,0|0|0|0|0|0|1|0|0,-125.0,105.0,-103.0,-107.0,-1.5,7.0,sbro,,,,,SGRAY-R,ACOBB-R,,,,,,,,
2014,2014-05-22,CLE,BAL,8.0,7.0,False,0|1|2|0|0|0|2|1|0,0|0|0|0|0|5|1|0|0,120.0,-140.0,130.0,-145.0,-1.5,9.0,sbro,,,,,MASTERSON-R,WCHEN-L,,,,,,,,
2014,2014-05-22,NYY,CWS,2.0,3.0,False,0|0|0|0|0|0|0|0|2,0|2|0|0|0|0|0|1|x,-125.0,105.0,136.0,-151.0,-1.5,7.0,sbro,,,,,DPHELPS-R,CSALE-L,,,,,,,,
2014,2014-05-22,HOU,SEA,1.0,3.0,False,1|0|0|0|0|0|0|0|0,1|0|0|0|0|0|2|0|x,135.0,-155.0,149.0,-164.0,-1.5,7.5,sbro,,,,,JCOSART-R,RELIAS-L,,,,,,,,
2014,2014-05-23,WAS,PIT,3.0,4.0,False,0|0|0|0|0|1|0|2|0,0|2|0|2|0|0|0|0|x,-105.0,-115.0,115.0,-125.0,-1.5,7.0,sbro,,,,,JZIMMERMN-R,CMORTON-R,,,,,,,,
2014,2014-05-23,LOS,PHI,2.0,0.0,False,1|1|0|0|0|0|0|0|0,0|0|0|0|0|0|0|0|0,-165.0,145.0,-172.0,152.0,1.5,7.0,sbro,,,,,CKERSHAW-L,RHERNANDE-R,,,,,,,,
2014,2014-05-23,MIL,MIA,9.0,5.0,False,1|0|0|2|4|1|1|0|0,1|0|0|0|1|0|3|0|0,-105.0,-115.0,106.0,-116.0,-1.5,7.0,sbro,,,,,MESTRADA-R,TKOEHLER-R,,,,,,,,
2014,2014-05-23,STL,CIN,3.0,5.0,False,0|0|0|2|0|1|0|0|0,0|0|3|1|0|1|0|0|x,-120.0,100.0,-101.0,-109.0,-1.5,7.0,sbro,,,,,SMILLER-R,HBAILEY-R,,,,,,,,
2014,2014-05-23,COL,ATL,2.0,3.0,False,0|1|0|0|0|1|0|0|0,0|1|1|0|0|0|0|1|x,105.0,-125.0,125.0,-140.0,-1.5,7.5,sbro,,,,,JLYLES-R,GFLOYD-R,,,,,,,,
2014,2014-05-23,CUB,SDG,1.0,11.0,False,0|0|0|0|0|0|1|0|0,4|3|0|1|0|0|3|0|x,125.0,-145.0,117.0,-132.0,-1.5,6.5,sbro,,,,,EJACKSON-R,TSTAUFFER-R,,,,,,,,
2014,2014-05-23,TEX,DET,2.0,7.0,False,0|2|0|0|0|0|0|0|0,0|2|1|0|2|1|1|0|x,160.0,-180.0,170.0,-190.0,-1.5,8.0,sbro,,,,,SBAKER-R,ASANCHEZ-R,,,,,,,,
2014,2014-05-23,OAK,TOR,2.0,3.0,False,0|0|0|1|0|0|0|1|0,0|2|1|0|0|0|0|0|x,-120.0,100.0,-117.0,107.0,1.5,9.5,sbro,,,,,SKAZMIR-L,LHENDRIKS-R,,,,,,,,
2014,2014-05-23,CLE,BAL,4.0,8.0,False,0|0|0|4|0|0|0|0|0,0|1|2|0|2|0|3|0|x,130.0,-150.0,118.0,-133.0,-1.5,8.5,sbro,,,,,THOUSE-L,BNORRIS-R,,,,,,,,
2014,2014-05-23,BOS,TAM,0.0,1.0,False,0|0|0|0|0|0|0|0|0,0|0|0|0|0|0|0|0|1,-105.0,-115.0,-102.0,-108.0,-1.5,7.0,sbro,,,,,JLACKEY-R,CARCHER-R,,,,,,,,
2014,2014-05-23,NYY,CWS,5.0,6.0,False,3|0|0|0|0|0|2|0|0,1|0|0|1|2|0|0|0|2,-130.0,110.0,-144.0,129.0,1.5,8.5,sbro,,,,,HKURODA-R,HNOESI-R,,,,,,,,
2014,2014-05-23,KAN,LAA,1.0,6.0,False,1|0|0|0|0|0|0|0|0,0|2|1|0|0|2|1|0|x,120.0,-140.0,145.0,-160.0,-1.5,7.0,sbro,,,,,DDUFFY-L,CWILSON-L,,,,,,,,
2014,2014-05-23,HOU,SEA,1.0,6.0,False,0|0|1|0|0|0|0|0|0,2|0|0|1|0|2|1|0|x,205.0,-245.0,210.0,-250.0,-1.5,6.5,sbro,,,,,ROWENS-L,FHERNANDZ-R,,,,,,,,
2014,2014-05-23,MIN,SFO,2.0,6.0,False,0|0|2|0|0|0|0|0|0,3|0|1|1|0|0|1|0|x,130.0,-150.0,145.0,-160.0,-1.5,7.0,sbro,,,,,KGIBSON-R,TLINCECUM-R,,,,,,,,
2014,2014-05-24,LOS,PHI,3.0,5.0,False,0|0|0|1|1|1|0|0|0,2|2|0|0|1|0|0|0|x,-136.0,116.0,-131.0,116.0,1.5,8.5,sbro,,,,,DHAREN-R,DBUCHANAN-R,,,,,,,,
2014,2014-05-24,COL,ATL,3.0,1.0,False,0|1|0|0|0|1|1|0|0,0|0|0|0|0|0|0|1|0,115.0,-135.0,141.0,-156.0,-1.5,7.5,sbro,,,,,JNICASIO-R,MMINOR-L,,,,,,,,
2014,2014-05-24,MIL,MIA,1.0,2.0,False,0|0|0|0|0|0|0|1|0,0|1|0|0|0|0|1|0|x,-111.0,-109.0,-105.0,-105.0,-1.5,8.0,sbro,,,,,WPERALTA-R,JTURNER-R,,,,,,,,
2014,2014-05-24,ARI,NYM,3.0,2.0,False,0|2|1|0|0|0|0|0|0,0|0|1|0|1|0|0|0|0,105.0,-125.0,105.0,-115.0,-1.5,7.0,sbro,,,,,COLLMENTER-R,ZWHEELER-R,,,,,,,,
2014,2014-05-24,STL,CIN,6.0,3.0,False,1|0|0|1|0|2|0|2|0,0|0|0|0|1|1|0|0|1,-111.0,-109.0,-123.0,113.0,1.5,7.0,sbro,,,,,JGARCIA-L,TCINGRANI-L,,,,,,,,
2014,2014-05-24,WAS,PIT,2.0,3.0,False,0|0|0|1|1|0|0|0|0,0|0|0|1|0|0|2|0|x,-109.0,-111.0,-110.0,100.0,-1.5,6.5,sbro,,,,,STRASBURG-R,GCOLE-R,,,,,,,,
2014,2014-05-24,CUB,SDG,3.0,2.0,False,0|0|0|1|0|2|0|0|0,0|0|0|0|0|0|0|2|0,-111.0,-109.0,-105.0,-105.0,-1.5,6.5,sbro,,,,,TWOOD-L,BBUCKNER-R,,,,,,,,
2014,2014-05-24,OAK,TOR,2.0,5.0,False,0|1|0|0|0|0|0|0|1,0|0|1|0|3|0|1|0|x,-129.0,109.0,-104.0,-106.0,-1.5,9.0,sbro,,,,,JCHAVEZ-R,RDICKEY-R,,,,,,,,
2014,2014-05-24,NYY,CWS,4.0,3.0,False,0|0|0|0|0|0|0|0|3,3|0|0|0|0|0|0|0|0,-111.0,-109.0,-124.0,114.0,1.5,9.0,sbro,,,,,VNUNO-L,JDANKS-L,,,,,,,,
2014,2014-05-24,TEX,DET,12.0,2.0,False,0|0|0|4|1|3|3|0|1,0|1|0|0|0|0|0|0|1,161.0,-181.0,153.0,-173.0,-1.5,9.0,sbro,,,,,NMARTINEZ-R,RPORCELLO-R,,,,,,,,
2014,2014-05-24,BOS,TAM,5.0,6.0,False,5|0|0|0|0|0|0|0|0,0|1|0|1|3|0|0|0|0,121.0,-141.0,145.0,-160.0,-1.5,6.5,sbro,,,,,JPEAVY-R,DPRICE-L,,,,,,,,
2014,2014-05-24,CLE,BAL,9.0,0.0,False,0|0|0|0|5|0|4|0|0,0|0|0|0|0|0|0|0|0,-105.0,-115.0,-106.0,-104.0,1.5,8.0,sbro,,,,,CKLUBER-R,UJIMENEZ-R,,,,,,,,
2014,2014-05-24,KAN,LAA,7.0,4.0,False,0|0|2|1|0|0|1|0|0,0|0|0|2|2|0|0|0|0,-121.0,101.0,-105.0,-105.0,-1.5,7.5,sbro,,,,,JSHIELDS-R,SHOEMAKER-R,,,,,,,,
2014,2014-05-24,HOU,SEA,9.0,4.0,False,2|0|0|0|5|2|0|0|0,2|0|0|0|0|1|0|1|0,-111.0,-109.0,105.0,-115.0,-1.5,7.5,sbro,,,,,OBERHOLTZR-L,BMAURER-R,,,,,,,,
2014,2014-05-24,MIN,SFO,1.0,2.0,False,0|0|0|0|0|0|0|0|1,0|1|0|0|0|1|0|0|x,150.0,-170.0,125.0,-140.0,-1.5,7.5,sbro,,,,,SDEDUNO-R,VOGELSONG-R,,,,,,,,
2014,2014-05-25,MIL,MIA,7.0,1.0,False,3|2|1|0|0|0|0|1|0,0|0|0|0|0|0|0|0|1,-112.0,-108.0,-126.0,116.0,1.5,8.0,sbro,,,,,JNELSON-R,RWOLF-L,,,,,,,,
2014,2014-05-25,ARI,NYM,2.0,1.0,False,1|0|0|0|0|0|0|0|1,1|0|0|0|0|0|0|0|0,-112.0,-108.0,-111.0,101.0,1.5,7.0,sbro,,,,,BARROYO-R,RMONTERO-R,,,,,,,,
2014,2014-05-25,LOS,PHI,6.0,0.0,False,1|1|0|0|0|1|3|0|0,0|0|0|0|0|0|0|0|0,-115.0,-105.0,-113.0,103.0,1.5,7.5,sbro,,,,,JBECKETT-R,ABURNETT-R,,,,,,,,
2014,2014-05-25,WAS,PIT,5.0,2.0,False,2|0|0|0|2|0|1|0|0,0|0|0|0|0|1|0|1|0,100.0,-120.0,110.0,-120.0,-1.5,7.0,sbro,,,,,DFISTER-R,FLIRIANO-L,,,,,,,,
2014,2014-05-25,CUB,SDG,3.0,4.0,False,0|0|0|0|0|1|0|0|2,0|0|0|0|0|4|0|0|x,110.0,-130.0,126.0,-141.0,-1.5,6.5,sbro,,,,,JHAMMEL-R,IKENNEDY-R,,,,,,,,
2014,2014-05-25,COL,ATL,0.0,7.0,False,0|0|0|0|0|0|0|0|0,0|1|0|2|2|0|0|2|x,145.0,-165.0,154.0,-169.0,-1.5,7.0,sbro,,,,,FMORALES-L,JTEHERAN-R,,,,,,,,
2014,2014-05-25,STL,CIN,4.0,0.0,False,0|0|1|0|0|1|2|0|0,0|0|0|0|0|0|0|0|0,-145.0,125.0,-141.0,126.0,1.5,6.5,sbro,,,,,WAINWRIGHT-R,MLEAKE-R,,,,,,,,
2014,2014-05-25,TEX,DET,12.0,4.0,False,1|2|0|0|5|1|3|0|0,1|1|0|0|0|0|2|0|0,170.0,-190.0,149.0,-164.0,-1.5,8.5,sbro,,,,,CLEWIS-R,VERLANDER-R,,,,,,,,
2014,2014-05-25,OAK,TOR,1.0,3.0,False,0|0|0|0|0|0|0|1|0,0|0|0|1|1|0|1|0|x,-130.0,110.0,-114.0,104.0,1.5,9.5,sbro,,,,,DPOMERANZ-L,JHAPP-L,,,,,,,,
2014,2014-05-25,CLE,BAL,2.0,4.0,False,2|0|0|0|0|0|0|0|0,0|1|1|0|2|0|0|0|x,105.0,-125.0,102.0,-112.0,-1.5,8.5,sbro,,,,,TBAUER-R,MGONZALEZ-R,,,,,,,,
2014,2014-05-25,BOS,TAM,5.0,8.0,False,0|0|1|0|0|0|2|0|2,0|0|0|2|1|0|5|0|x,105.0,-125.0,111.0,-121.0,-1.5,7.5,sbro,,,,,BWORKMAN-R,JODORIZZI-R,,,,,,,,
2014,2014-05-25,NYY,CWS,7.0,1.0,False,0|4|0|1|0|1|0|1|0,0|0|0|0|0|1|0|0|0,-170.0,150.0,-195.0,175.0,1.5,7.5,sbro,,,,,MTANAKA-R,ARIENZO-R,,,,,,,,
2014,2014-05-25,KAN,LAA,3.0,4.0,False,0|0|3|0|0|0|0|0|0,0|0|0|0|0|0|3|1|x,140.0,-160.0,144.0,-159.0,-1.5,8.0,sbro,,,,,JVARGAS-L,GRICHARDS-R,,,,,,,,
2014,2014-05-25,HOU,SEA,4.0,1.0,False,0|0|0|0|0|2|2|0|0,0|1|0|0|0|0|0|0|0,150.0,-170.0,124.0,-139.0,-1.5,6.5,sbro,,,,,DKEUCHEL-L,HIWAKUMA-R,,,,,,,,
2014,2014-05-25,MIN,SFO,1.0,8.0,False,0|0|1|0|0|0|0|0|0,2|0|1|1|3|0|0|1|x,164.0,-184.0,160.0,-180.0,-1.5,7.0,sbro,,,,,RNOLASCO-R,BUMGARNER-L,,,,,,,,
2014,2014-05-25,ARI,NYM,2.0,4.0,False,0|2|0|0|0|0|0|0|0,0|1|0|0|1|1|0|1|x,100.0,-120.0,111.0,-121.0,-1.5,7.5,sbro,,,,,ZSPRUILL-R,DMATSUZKA-R,,,,,,,,
2014,2014-05-26,PIT,NYM,5.0,3.0,False,0|0|0|0|0|0|0|2|3,0|0|0|0|2|0|0|0|1,-112.0,-108.0,-108.0,-102.0,1.5,7.5,sbro,,,,,BCUMPTON-R,JDEGROM-R,,,,,,,,
2014,2014-05-26,MIA,WAS,3.0,2.0,False,1|0|2|0|0|0|0|0|0,0|0|0|0|0|2|0|0|0,105.0,-125.0,128.0,-143.0,-1.5,7.5,sbro,,,,,NEOVALDI-R,TROARK-R,,,,,,,,
2014,2014-05-26,CUB,SFO,8.0,4.0,False,0|0|1|0|3|2|2|0|0,1|0|0|2|0|0|1|0|0,105.0,-125.0,117.0,-127.0,-1.5,7.0,sbro,,,,,SAMARDZIJA-R,YPETIT-R,,,,,,,,
2014,2014-05-26,COL,PHI,0.0,9.0,False,0|0|0|0|0|0|0|0|0,0|0|0|1|1|2|5|0|x,-115.0,-105.0,-106.0,-104.0,-1.5,9.0,sbro,,,,,JCHACIN-R,KKENDRICK-R,,,,,,,,
2014,2014-05-26,SDG,ARI,5.0,7.0,False,0|0|0|0|4|0|1|0|0,0|2|0|0|0|3|0|0|2,110.0,-130.0,114.0,-124.0,-1.5,8.0,sbro,,,,,TROSS-R,BMCCARTHY-R,,,,,,,,
2014,2014-05-26,CIN,LOS,3.0,4.0,False,0|0|0|0|0|0|0|3|0,0|0|1|0|0|0|3|0|x,-114.0,-106.0,110.0,-120.0,-1.5,6.0,sbro,,,,,JCUETO-R,HRYU-L,,,,,,,,
2014,2014-05-26,TEX,MIN,7.0,2.0,False,0|2|0|0|2|0|0|3|0,1|1|0|0|0|0|0|0|0,-112.0,-108.0,-122.0,112.0,1.5,9.0,sbro,,,,,NTEPESCH-R,KCORREIA-R,,,,,,,,
2014,2014-05-26,CLE,CWS,2.0,6.0,False,0|0|1|0|0|1|0|0|0,0|0|3|0|0|2|1|0|x,100.0,-120.0,108.0,-118.0,-1.5,8.5,sbro,,,,,JTOMLIN-R,JQUINTANA-L,,,,,,,,
2014,2014-05-26,DET,OAK,0.0,10.0,False,0|0|0|0|0|0|0|0|0,0|2|2|2|0|0|0|4|x,105.0,-125.0,118.0,-133.0,-1.5,8.0,sbro,,,,,DSMYLY-L,TMILONE-L,,,,,,,,
2014,2014-05-26,LAA,SEA,1.0,5.0,False,0|0|0|0|0|0|1|0|0,2|3|0|0|0|0|0|0|x,-130.0,110.0,-151.0,136.0,1.5,7.5,sbro,,,,,TSKAGGS-L,CYOUNG-R,,,,,,,,
2014,2014-05-26,TAM,TOR,5.0,10.0,False,0|0|2|0|3|0|0|0|0,2|0|0|3|4|1|0|0|x,115.0,-135.0,130.0,-145.0,-1.5,9.0,sbro,,,,,EBEDARD-L,HUTCHISON-R,,,,,,,,
2014,2014-05-26,HOU,KAN,9.0,2.0,False,2|3|0|1|1|1|0|1|0,0|0|0|1|0|1|0|0|0,140.0,-160.0,171.0,-191.0,-1.5,7.5,sbro,,,,,SFELDMAN-R,YVENTURA-R,,,,,,,,
2014,2014-05-26,BOS,ATL,8.0,6.0,False,0|0|1|0|5|0|2|0|0,0|0|3|3|0|0|0|0|0,125.0,-145.0,117.0,-132.0,-1.5,7.0,sbro,,,,,CBUCHHOLZ-R,ESANTANA-R,,,,,,,,
2014,2014-05-26,BAL,MIL,7.0,6.0,False,0|0|3|0|0|0|1|0|2,1|0|1|2|0|2|0|0|0,120.0,-140.0,147.0,-162.0,-1.5,7.5,sbro,,,,,CTILLMAN-R,KLOHSE-R,,,,,,,,
2014,2014-05-26,NYY,STL,6.0,4.0,False,1|0|0|0|2|0|0|0|0,1|0|0|0|0|2|0|0|0,150.0,-170.0,173.0,-193.0,-1.5,7.0,sbro,,,,,CWHITLEY-R,MWACHA-R,,,,,,,,
2014,2014-05-27,COL,PHI,6.0,2.0,False,0|0|0|1|0|0|3|2|0,0|0|0|1|0|0|1|0|0,-105.0,-115.0,106.0,-116.0,-1.5,7.5,sbro,,,,,JDELAROSA-L,CHAMELS-L,,,,,,,,
2014,2014-05-27,PIT,NYM,2.0,4.0,False,0|0|0|0|0|2|0|0|0,0|0|1|1|0|2|0|0|x,-105.0,-115.0,-116.0,106.0,1.5,7.5,sbro,,,,,EVOLQUEZ-R,JNIESE-L,,,,,,,,
2014,2014-05-27,SDG,ARI,4.0,3.0,False,0|0|3|0|0|0|0|1|0,0|1|0|0|0|1|1|0|0,115.0,-135.0,115.0,-130.0,-1.5,9.0,sbro,,,,,ESTULTS-L,WMILEY-L,,,,,,,,
2014,2014-05-27,CIN,LOS,3.0,6.0,False,0|0|0|0|1|0|0|2|0,0|1|0|4|0|0|1|0|x,140.0,-160.0,162.0,-182.0,-1.5,6.5,sbro,,,,,ASIMON-R,ZGREINKE-R,,,,,,,,
2014,2014-05-27,CUB,SFO,0.0,4.0,False,0|0|0|0|0|0|0|0|0,2|0|0|0|2|0|0|0|x,170.0,-190.0,151.0,-171.0,-1.5,6.5,sbro,,,,,JARRIETA-R,THUDSON-R,,,,,,,,
2014,2014-05-27,TAM,TOR,6.0,9.0,False,0|0|0|2|0|1|1|2|0,0|0|0|2|4|2|1|0|x,-110.0,-110.0,-105.0,-105.0,-1.5,8.5,sbro,,,,,ACOBB-R,MBUEHRLE-L,,,,,,,,
2014,2014-05-27,CLE,CWS,1.0,2.0,False,0|0|0|0|0|0|1|0|0,0|0|1|0|1|0|0|0|x,155.0,-175.0,153.0,-173.0,-1.5,7.5,sbro,,,,,MASTERSON-R,CSALE-L,,,,,,,,
2014,2014-05-27,HOU,KAN,3.0,0.0,False,0|0|0|1|0|0|0|2|0,0|0|0|0|0|0|0|0|0,120.0,-140.0,116.0,-131.0,-1.5,8.5,sbro,,,,,CMCHUGH-R,JGUTHRIE-R,,,,,,,,
2014,2014-05-27,TEX,MIN,3.0,4.0,False,0|2|0|0|0|1|0|0|0,0|1|1|0|0|0|0|0|2,-145.0,125.0,110.0,-120.0,-1.5,8.5,sbro,,,,,SBAKER-R,PHUGHES-R,,,,,,,,
2014,2014-05-27,DET,OAK,6.0,5.0,False,2|0|1|1|0|0|1|1|0,0|2|0|3|0|0|0|0|0,105.0,-125.0,115.0,-130.0,-1.5,7.0,sbro,,,,,MSCHERZER-R,SGRAY-R,,,,,,,,
2014,2014-05-27,LAA,SEA,6.0,4.0,False,0|3|0|1|0|0|1|1|0,0|1|0|2|0|0|0|0|1,-145.0,125.0,-130.0,115.0,1.5,7.0,sbro,,,,,JWEAVER-R,RELIAS-L,,,,,,,,
2014,2014-05-27,BOS,ATL,6.0,3.0,False,1|0|0|1|0|0|4|0|0,1|0|1|0|1|0|0|0|0,100.0,-120.0,-101.0,-109.0,-1.5,7.0,sbro,,,,,JLESTER-L,AHARANG-R,,,,,,,,
2014,2014-05-27,BAL,MIL,6.0,7.0,False,0|0|0|0|1|2|3|0|0,3|1|0|1|0|0|0|0|1,115.0,-135.0,118.0,-128.0,-1.5,8.0,sbro,,,,,WCHEN-L,MGARZA-R,,,,,,,,
2014,2014-05-27,NYY,STL,0.0,6.0,False,0|0|0|0|0|0|0|0|0,0|0|4|0|1|0|1|0|x,125.0,-145.0,137.0,-152.0,-1.5,7.5,sbro,,,,,DPHELPS-R,LLYNN-R,,,,,,,,
2014,2014-05-28,PIT,NYM,0.0,5.0,False,0|0|0|0|0|0|0|0|0,0|1|1|0|0|1|0|2|x,-113.0,-107.0,-104.0,-106.0,1.5,7.0,sbro,,,,,CMORTON-R,BCOLON-R,,,,,,,,
2014,2014-05-28,CUB,SFO,0.0,5.0,False,0|0|0|0|0|0|0|0|0,0|0|0|0|0|2|3|0|x,150.0,-170.0,140.0,-155.0,-1.5,7.5,sbro,,,,,EJACKSON-R,TLINCECUM-R,,,,,,,,
2014,2014-05-28,COL,PHI,3.0,6.0,False,0|0|2|0|0|0|0|1|0,0|0|1|0|1|0|0|0|4,-105.0,-105.0,115.0,-130.0,-1.5,8.0,sbro,,,,,JLYLES-R,RHERNANDZ-R,,,,,,,,
2014,2014-05-28,MIA,WAS,8.0,5.0,False,0|0|0|4|0|0|0|0|0,0|0|0|0|0|3|1|0|0,145.0,-165.0,130.0,-145.0,-1.5,7.5,sbro,,,,,HALVAREZ-R,JZIMMERMN-R,,,,,,,,
2014,2014-05-28,SDG,ARI,6.0,12.0,False,0|0|0|1|3|0|0|2|0,8|2|0|0|0|0|2|0|x,100.0,-120.0,106.0,-116.0,-1.5,9.0,sbro,,,,,TSTAUFFER-R,CANDERSON-R,,,,,,,,
2014,2014-05-28,CIN,LOS,3.0,2.0,False,2|0|0|0|0|1|0|0|0,0|0|0|0|1|1|0|0|0,170.0,-200.0,170.0,-200.0,-1.5,6.0,sbro,,,,,HBAILEY-R,CKERSHAW-L,,,,,,,,
2014,2014-05-28,HOU,KAN,9.0,3.0,False,2|2|1|0|1|3|0|0|0,0|0|0|1|1|0|1|0|0,150.0,-170.0,127.0,-142.0,-1.5,8.5,sbro,,,,,JCOSART-R,DDUFFY-L,,,,,,,,
2014,2014-05-28,TAM,TOR,2.0,3.0,False,0|2|0|0|0|0|0|0|0,2|0|0|0|0|0|0|0|1,-113.0,-107.0,-101.0,-109.0,-1.5,9.0,sbro,,,,,CARCHER-R,LHENDRIKS-R,,,,,,,,
2014,2014-05-28,CLE,CWS,2.0,3.0,False,0|1|0|0|0|0|0|0|1,0|0|0|0|0|0|1|1|1,-105.0,-115.0,-121.0,111.0,1.5,9.0,sbro,,,,,THOUSE-L,HNOESI-R,,,,,,,,
2014,2014-05-28,TEX,MIN,1.0,0.0,False,0|0|0|0|0|0|1|0|0,0|0|0|0|0|0|0|0|0,100.0,-120.0,-101.0,-109.0,-1.5,9.0,sbro,,,,,JSAUNDERS-L,KGIBSON-R,,,,,,,,
2014,2014-05-28,DET,OAK,1.0,3.0,False,0|0|0|1|0|0|0|0|0,0|0|0|0|0|0|0|0|3,110.0,-130.0,115.0,-130.0,-1.5,7.5,sbro,,,,,ASANCHEZ-R,SKAZMIR-L,,,,,,,,
2014,2014-05-28,LAA,SEA,1.0,3.0,False,0|0|0|0|0|0|0|0|1,0|2|0|0|0|0|0|1|x,110.0,-130.0,114.0,-124.0,-1.5,6.5,sbro,,,,,CWILSON-L,FHERNANDZ-R,,,,,,,,
2014,2014-05-28,ATL,BOS,0.0,4.0,False,0|0|0|0|0|0|0|0|0,0|1|1|0|0|1|1|0|x,115.0,-135.0,125.0,-140.0,-1.5,8.0,sbro,,,,,GFLOYD-R,JLACKEY-R,,,,,,,,
2014,2014-05-28,BAL,MIL,3.0,8.0,False,0|1|0|0|0|1|1|0|0,1|2|1|0|0|0|0|4|x,115.0,-135.0,118.0,-128.0,-1.5,8.0,sbro,,,,,BNORRIS-R,YGALLARDO-R,,,,,,,,
2014,2014-05-28,NYY,STL,7.0,4.0,False,0|0|4|3|0|0|0|0|0,0|0|0|1|1|1|0|1|0,120.0,-140.0,116.0,-131.0,-1.5,7.0,sbro,,,,,HKURODA-R,SMILLER-R,,,,,,,,
2014,2014-05-29,NYM,PHI,4.0,1.0,False,0|1|0|2|1|0|0|0|0,0|0|0|0|0|0|1|0|0,100.0,-120.0,-110.0,100.0,1.5,7.5,sbro,,,,,ZWHEELER-R,DBUCHANAN-R,,,,,,,,
2014,2014-05-29,SFO,STL,6.0,5.0,False,0|2|0|0|0|1|0|3|0,1|0|0|2|0|1|0|0|1,115.0,-135.0,135.0,-150.0,-1.5,7.5,sbro,,,,,VOGELSONG-R,JGARCIA-L,,,,,,,,
2014,2014-05-29,CIN,ARI,0.0,4.0,False,0|0|0|0|0|0|0|0|0,1|0|0|1|0|1|1|0|x,-105.0,-115.0,118.0,-128.0,-1.5,8.5,sbro,,,,,TCINGRANI-L,COLLMENTER-R,,,,,,,,
2014,2014-05-29,PIT,LOS,6.0,3.0,False,0|1|0|0|1|1|3|0|0,1|1|0|0|0|1|0|0|0,105.0,-125.0,100.0,-110.0,-1.5,7.0,sbro,,,,,GCOLE-R,DHAREN-R,,,,,,,,
2014,2014-05-29,TEX,MIN,5.0,4.0,False,0|3|0|0|0|1|0|1|0,0|0|2|0|2|0|0|0|0,100.0,-120.0,112.0,-122.0,-1.5,8.5,sbro,,,,,NMARTINEZ-R,SDEDUNO-R,,,,,,,,
2014,2014-05-29,DET,OAK,5.0,4.0,False,0|0|1|0|2|0|2|0|0,0|0|0|2|0|0|0|0|2,125.0,-145.0,128.0,-143.0,-1.5,8.0,sbro,,,,,RPORCELLO-R,JCHAVEZ-R,,,,,,,,
2014,2014-05-29,KAN,TOR,8.0,6.0,False,0|1|0|1|3|0|0|0|1,2|0|0|2|0|2|0|0|0,-105.0,-115.0,118.0,-128.0,-1.5,8.0,sbro,,,,,JSHIELDS-R,RDICKEY-R,,,,,,,,
2014,2014-05-29,BAL,HOU,1.0,3.0,False,0|0|0|1|0|0|0|0|0,0|1|0|0|0|0|2|0|x,-135.0,115.0,-120.0,110.0,1.5,9.0,sbro,,,,,UJIMENEZ-R,BPEACOCK-R,,,,,,,,
2014,2014-05-29,LAA,SEA,7.0,5.0,False,1|0|0|4|0|1|0|0|1,0|0|0|2|0|1|0|0|2,-130.0,110.0,-122.0,112.0,1.5,8.0,sbro,,,,,SHOEMAKER-R,BMAURER-R,,,,,,,,
2014,2014-05-29,ATL,BOS,3.0,4.0,False,0|0|1|1|0|0|0|1|0,0|0|0|0|1|0|0|2|1,-110.0,-110.0,-117.0,107.0,1.5,8.0,sbro,,,,,MMINOR-L,JPEAVY-R,,,,,,,,
2014,2014-05-30,NYM,PHI,5.0,6.0,False,0|3|0|0|2|0|0|0|0,0|0|1|3|1|0|0|0|0,120.0,-140.0,119.0,-134.0,-1.5,7.5,sbro,,,,,RMONTERO-R,ABURNETT-R,,,,,,,,
2014,2014-05-30,ATL,MIA,3.0,2.0,False,0|0|0|0|0|1|2|0|0,2|0|0|0|0|0|0|0|0,-125.0,105.0,-130.0,115.0,1.5,7.5,sbro,,,,,JTEHERAN-R,TKOEHLER-R,,,,,,,,
2014,2014-05-30,CUB,MIL,5.0,11.0,False,0|0|2|0|0|1|0|0|2,5|1|1|0|4|0|0|0|x,150.0,-170.0,151.0,-171.0,-1.5,8.0,sbro,,,,,TWOOD-L,MESTRADA-R,,,,,,,,
2014,2014-05-30,SFO,STL,9.0,4.0,False,1|4|0|0|2|0|2|0|0,0|0|0|0|0|0|0|4|0,135.0,-155.0,135.0,-150.0,-1.5,6.5,sbro,,,,,BUMGARNER-L,WAINWRIGHT-R,,,,,,,,
2014,2014-05-30,CIN,ARI,6.0,4.0,False,0|4|0|0|0|1|0|0|1,1|0|2|0|0|1|0|0|0,105.0,-125.0,107.0,-117.0,-1.5,8.5,sbro,,,,,MLEAKE-R,BARROYO-R,,,,,,,,
2014,2014-05-30,PIT,LOS,2.0,1.0,False,0|0|1|1|0|0|0|0|0,0|0|0|0|0|0|0|1|0,125.0,-145.0,-101.0,-109.0,-1.5,7.0,sbro,,,,,FLIRIANO-L,JBECKETT-R,,,,,,,,
2014,2014-05-30,MIN,NYY,6.0,1.0,False,0|1|0|3|0|0|0|2|0,0|0|1|0|0|0|0|0|0,135.0,-155.0,130.0,-145.0,-1.5,9.0,sbro,,,,,RNOLASCO-R,VNUNO-L,,,,,,,,
2014,2014-05-30,KAN,TOR,6.0,1.0,False,0|1|0|2|0|1|0|2|0,0|0|0|0|1|0|0|0|0,120.0,-140.0,115.0,-125.0,-1.5,8.5,sbro,,,,,JVARGAS-L,JHAPP-L,,,,,,,,
2014,2014-05-30,TAM,BOS,2.0,3.0,False,1|0|0|0|1|0|0|0|0,0|0|0|0|1|0|1|0|0,-125.0,105.0,-145.0,130.0,1.5,8.0,sbro,,,,,DPRICE-L,BWORKMAN-R,,,,,,,,
2014,2014-05-30,BAL,HOU,1.0,2.0,False,0|1|0|0|0|0|0|0|0,0|0|0|0|0|0|2|0|x,-120.0,100.0,-110.0,100.0,1.5,9.0,sbro,,,,,MGONZALEZ-R,OBERHOLTZR-L,,,,,,,,
2014,2014-05-30,LAA,OAK,5.0,9.0,False,0|0|0|3|0|2|0|0|0,5|1|1|0|2|0|0|0|x,110.0,-130.0,108.0,-118.0,-1.5,7.5,sbro,,,,,GRICHARDS-R,DPOMERANZ-L,,,,,,,,
2014,2014-05-30,DET,SEA,6.0,3.0,False,0|0|2|0|3|0|1|0|0,0|0|0|2|0|0|0|1|0,-115.0,-105.0,-101.0,-109.0,-1.5,7.0,sbro,,,,,VERLANDER-R,HIWAKUMA-R,,,,,,,,
2014,2014-05-30,TEX,WAS,2.0,9.0,False,0|2|0|0|0|0|0|0|0,0|0|0|3|1|2|2|1|x,155.0,-175.0,154.0,-174.0,-1.5,7.0,sbro,,,,,CLEWIS-R,STRASBURG-R,,,,,,,,
2014,2014-05-30,COL,CLE,2.0,5.0,False,0|0|0|2|0|0|0|0|0,1|0|0|0|4|0|0|0|x,125.0,-145.0,150.0,-165.0,-1.5,7.5,sbro,,,,,JNICASIO-R,CKLUBER-R,,,,,,,,
2014,2014-05-30,SDG,CWS,4.0,1.0,False,0|0|1|0|1|0|0|2|0,0|0|0|1|0|0|0|0|0,-105.0,-115.0,-123.0,113.0,1.5,8.0,sbro,,,,,IKENNEDY-R,JDANKS-L,,,,,,,,
2014,2014-05-31,SFO,STL,0.0,2.0,False,0|0|0|0|0|0|0|0|0,0|0|0|0|1|0|1|0|x,150.0,-170.0,175.0,-195.0,-1.5,7.5,sbro,,,,,YPETIT-R,MWACHA-R,,,,,,,,
2014,2014-05-31,NYM,PHI,5.0,4.0,False,2|0|0|1|0|1|0|0|0,0|0|0|0|0|0|3|0|1,110.0,-130.0,103.0,-113.0,-1.5,8.0,sbro,,,,,JDEGROM-R,KKENDRICK-R,,,,,,,,
2014,2014-05-31,ATL,MIA,9.0,5.0,False,0|0|3|2|0|0|1|0|3,0|0|0|1|0|2|0|2|0,-120.0,100.0,-114.0,104.0,1.5,8.0,sbro,,,,,ESANTANA-R,JTURNER-R,,,,,,,,
2014,2014-05-31,CUB,MIL,8.0,0.0,False,0|0|0|2|0|5|0|0|1,0|0|0|0|0|0|0|0|0,130.0,-150.0,130.0,-145.0,-1.5,7.5,sbro,,,,,JHAMMEL-R,WPERALTA-R,,,,,,,,
2014,2014-05-31,PIT,LOS,2.0,12.0,False,0|0|0|1|0|1|0|0|0,2|0|4|5|0|1|0|0|x,140.0,-160.0,136.0,-151.0,-1.5,7.0,sbro,,,,,BCUMPTON-R,HRYU-L,,,,,,,,
2014,2014-05-31,CIN,ARI,5.0,0.0,False,0|0|0|3|2|0|0|0|0,0|0|0|0|0|0|0|0|0,-120.0,100.0,113.0,-123.0,-1.5,7.5,sbro,,,,,JCUETO-R,BMCCARTHY-R,,,,,,,,
2014,2014-05-31,KAN,TOR,2.0,12.0,False,0|1|0|0|0|0|1|0|0,7|1|0|3|0|0|0|1|x,140.0,-160.0,150.0,-170.0,-1.5,9.0,sbro,,,,,ABROOKS-R,MSTROMAN-R,,,,,,,,
2014,2014-05-31,MIN,NYY,1.0,3.0,False,1|0|0|0|0|0|0|0|0,0|0|0|1|0|0|0|2|x,210.0,-250.0,240.0,-280.0,-1.5,8.5,sbro,,,,,KCORREIA-R,MTANAKA-R,,,,,,,,
2014,2014-05-31,BAL,HOU,4.0,1.0,False,1|0|0|0|2|0|0|1|0,0|1|0|0|0|0|0|0|0,105.0,-125.0,103.0,-113.0,-1.5,8.0,sbro,,,,,CTILLMAN-R,DKEUCHEL-L,,,,,,,,
2014,2014-05-31,TAM,BOS,1.0,7.0,False,0|0|0|0|0|0|0|1|0,0|0|3|2|2|0|0|0|x,-105.0,-115.0,-105.0,-105.0,1.5,8.5,sbro,,,,,JODORIZZI-R,RDELAROSA-R,,,,,,,,
2014,2014-05-31,LAA,OAK,3.0,11.0,False,0|0|0|3|0|0|0|0|0,0|0|0|1|0|0|6|4|x,111.0,-131.0,119.0,-134.0,-1.5,7.5,sbro,,,,,TSKAGGS-L,TMILONE-L,,,,,,,,
2014,2014-05-31,DET,SEA,2.0,3.0,False,0|0|0|1|0|0|1|0|0,0|2|0|1|0|0|0|0|x,-109.0,-111.0,-151.0,136.0,1.5,7.5,sbro,,,,,DSMYLY-L,CYOUNG-R,,,,,,,,
2014,2014-05-31,TEX,WAS,2.0,10.0,False,0|0|0|0|1|1|0|0|0,1|4|0|3|0|2|0|0|x,110.0,-130.0,116.0,-126.0,-1.5,7.0,sbro,,,,,NTEPESCH-R,DFISTER-R,,,,,,,,
2014,2014-05-31,SDG,CWS,4.0,2.0,False,0|2|1|0|0|1|0|0|0,0|1|0|0|1|0|0|0|0,-105.0,-105.0,-132.0,117.0,1.5,8.5,sbro,,,,,TROSS-R,ARIENZO-R,,,,,,,,
2014,2014-05-31,COL,CLE,6.0,7.0,False,0|0|2|0|0|0|4|0|0,0|4|0|0|0|2|0|1|x,104.0,-124.0,115.0,-130.0,-1.5,8.5,sbro,,,,,FMORALES-L,TBAUER-R,,,,,,,,
2014,2014-06-01,ATL,MIA,4.0,2.0,False,0|0|2|0|0|0|0|0|2,0|2|0|0|0|0|0|0|0,100.0,-120.0,110.0,-120.0,-1.5,7.5,sbro,,,,,AHARANG-R,NEOVALDI-R,,,,,,,,
2014,2014-06-01,NYM,PHI,4.0,3.0,False,0|0|0|1|0|1|0|0|0,0|0|0|2|0|0|0|0|0,110.0,-130.0,118.0,-133.0,-1.5,7.0,sbro,,,,,JNIESE-L,CHAMELS-L,,,,,,,,
2014,2014-06-01,CUB,MIL,0.0,9.0,False,0|0|0|0|0|0|0|0|0,2|1|5|0|1|0|0|0|x,110.0,-130.0,133.0,-148.0,-1.5,7.0,sbro,,,,,SAMARDZIJA-R,KLOHSE-R,,,,,,,,
2014,2014-06-01,SFO,STL,8.0,0.0,False,4|0|2|1|0|1|0|0|0,0|0|0|0|0|0|0|0|0,105.0,-125.0,-103.0,-107.0,-1.5,7.5,sbro,,,,,THUDSON-R,LLYNN-R,,,,,,,,
2014,2014-06-01,CIN,ARI,4.0,3.0,False,0|0|2|1|1|0|0|0|0,0|0|0|3|0|0|0|0|0,-105.0,-115.0,125.0,-140.0,-1.5,8.0,sbro,,,,,ASIMON-R,WMILEY-L,,,,,,,,
2014,2014-06-01,PIT,LOS,5.0,3.0,False,2|0|1|0|0|1|1|0|0,0|1|0|1|0|0|0|0|1,151.0,-171.0,175.0,-195.0,-1.5,7.0,sbro,,,,,EVOLQUEZ-R,ZGREINKE-R,,,,,,,,
2014,2014-06-01,KAN,TOR,0.0,4.0,False,0|0|0|0|0|0|0|0|0,0|1|0|1|0|0|0|2|x,150.0,-170.0,139.0,-154.0,-1.5,9.0,sbro,,,,,JGUTHRIE-R,MBUEHRLE-L,,,,,,,,
2014,2014-06-01,MIN,NYY,7.0,2.0,False,0|0|1|0|0|0|0|0|6,0|0|0|2|0|0|0|0|0,115.0,-135.0,116.0,-131.0,-1.5,8.5,sbro,,,,,PHUGHES-R,CWHITLEY-R,,,,,,,,
2014,2014-06-01,TAM,BOS,0.0,4.0,False,0|0|0|0|0|0|0|0|0,0|0|0|3|0|0|1|0|x,130.0,-150.0,148.0,-163.0,-1.5,8.0,sbro,,,,,EBEDARD-L,JLESTER-L,,,,,,,,
2014,2014-06-01,BAL,HOU,9.0,4.0,False,0|2|1|0|0|6|0|0|0,0|0|0|1|0|0|1|2|0,100.0,-120.0,-114.0,104.0,1.5,9.0,sbro,,,,,WCHEN-L,SFELDMAN-R,,,,,,,,
2014,2014-06-01,LAA,OAK,3.0,6.0,False,0|0|0|0|2|0|1|0|0,0|0|4|0|1|1|0|0|x,115.0,-135.0,138.0,-153.0,-1.5,7.5,sbro,,,,,JWEAVER-R,SGRAY-R,,,,,,,,
2014,2014-06-01,DET,SEA,0.0,4.0,False,0|0|0|0|0|0|0|0|0,1|0|0|0|2|0|1|0|x,-160.0,140.0,-158.0,143.0,1.5,7.5,sbro,,,,,MSCHERZER-R,RELIAS-L,,,,,,,,
2014,2014-06-01,COL,CLE,4.0,6.0,False,0|2|1|0|0|0|1|0|0,3|0|1|0|0|0|0|0|2,100.0,-120.0,113.0,-123.0,-1.5,9.0,sbro,,,,,JCHACIN-R,JTOMLIN-R,,,,,,,,
2014,2014-06-01,TEX,WAS,2.0,0.0,False,0|0|0|0|0|0|1|1|0,0|0|0|0|0|0|0|0|0,-130.0,110.0,-122.0,112.0,1.5,6.5,sbro,,,,,YDARVISH-R,TROARK-R,,,,,,,,
2014,2014-06-01,SDG,CWS,1.0,4.0,False,0|0|0|0|1|0|0|0|0,0|1|0|0|1|2|0|0|x,165.0,-185.0,170.0,-190.0,-1.5,8.0,sbro,,,,,ESTULTS-L,CSALE-L,,,,,,,,
2014,2014-06-02,PIT,SDG,10.0,3.0,False,0|0|2|1|0|1|3|3|0,0|0|0|0|2|0|1|0|0,-111.0,-109.0,108.0,-118.0,-1.5,7.0,sbro,,,,,CMORTON-R,TSTAUFFER-R,,,,,,,,
2014,2014-06-02,BOS,CLE,2.0,3.0,False,0|0|0|0|0|0|0|2|0,2|0|1|0|0|0|0|0|x,-115.0,-105.0,-118.0,108.0,1.5,8.0,sbro,,,,,JLACKEY-R,MASTERSON-R,,,,,,,,
2014,2014-06-02,TAM,MIA,1.0,3.0,False,0|0|0|0|1|0|0|0|0,3|0|0|0|0|0|0|0|x,-135.0,115.0,-140.0,125.0,1.5,7.0,sbro,,,,,ACOBB-R,RWOLF-L,,,,,,,,
2014,2014-06-02,MIN,MIL,2.0,6.0,False,0|0|0|0|0|0|0|1|1,0|0|0|2|2|0|1|1|x,130.0,-150.0,152.0,-172.0,-1.5,8.5,sbro,,,,,KGIBSON-R,MGARZA-R,,,,,,,,
2014,2014-06-02,KAN,STL,6.0,0.0,False,0|0|0|0|0|0|3|3|0,0|0|0|0|0|0|0|0|0,130.0,-150.0,133.0,-148.0,-1.5,7.5,sbro,,,,,DDUFFY-L,SMILLER-R,,,,,,,,
2014,2014-06-02,CWS,LOS,2.0,5.0,False,0|0|0|2|0|0|0|0|0,0|0|0|0|0|5|0|0|x,180.0,-210.0,170.0,-200.0,-1.5,6.0,sbro,,,,,JQUINTANA-L,CKERSHAW-L,,,,,,,,
2014,2014-06-02,NYM,PHI,11.0,2.0,False,0|1|0|0|0|4|0|0|6,0|0|0|0|0|1|0|1|0,-110.0,-110.0,-110.0,100.0,1.5,8.5,sbro,,,,,BCOLON-R,RHERNANDZ-R,,,,,,,,
2014,2014-06-02,SEA,NYY,10.0,2.0,False,0|1|0|1|0|0|4|0|4,0|0|0|2|0|0|0|0|0,-130.0,110.0,-131.0,116.0,1.5,7.5,sbro,,,,,FHERNANDZ-R,DPHELPS-R,,,,,,,,
2014,2014-06-03,PHI,WAS,0.0,7.0,False,0|0|0|0|0|0|0|0|0,0|0|3|0|1|3|0|0|x,150.0,-170.0,180.0,-210.0,-1.5,8.0,sbro,,,,,DBUCHANAN-R,JZIMMERMN-R,,,,,,,,
2014,2014-06-03,SFO,CIN,3.0,8.0,False,1|1|1|0|0|0|0|0|0,4|0|0|0|4|0|0|0|x,-105.0,-115.0,117.0,-132.0,-1.5,7.5,sbro,,,,,TLINCECUM-R,HBAILEY-R,,,,,,,,
2014,2014-06-03,NYM,CUB,1.0,2.0,False,1|0|0|0|0|0|0|0|0,0|0|0|0|0|0|0|1|1,-115.0,-105.0,102.0,-112.0,-1.5,7.5,sbro,,,,,ZWHEELER-R,JARRIETA-R,,,,,,,,
2014,2014-06-03,ARI,COL,4.0,2.0,False,0|0|0|3|0|0|0|1|0,0|0|0|0|1|0|0|0|1,140.0,-160.0,153.0,-168.0,-1.5,10.5,sbro,,,,,CANDERSON-R,JDELAROSA-L,,,,,,,,
2014,2014-06-03,PIT,SDG,4.0,1.0,False,0|0|2|2|0|0|0|0|0,0|0|0|0|0|1|0|0|0,-135.0,115.0,-126.0,116.0,1.5,6.5,sbro,,,,,GCOLE-R,JHAHN-R,,,,,,,,
2014,2014-06-03,OAK,NYY,5.0,2.0,False,0|0|0|0|1|0|0|1|0,1|0|0|0|0|1|0|0|0,-115.0,-105.0,-117.0,107.0,1.5,8.5,sbro,,,,,SKAZMIR-L,HKURODA-R,,,,,,,,
2014,2014-06-03,TOR,DET,5.0,3.0,False,0|0|0|0|0|0|0|0|5,0|0|0|0|0|0|0|0|3,125.0,-145.0,130.0,-145.0,-1.5,9.0,sbro,,,,,HUTCHISON-R,ASANCHEZ-R,,,,,,,,
2014,2014-06-03,BOS,CLE,3.0,5.0,False,0|0|1|0|0|1|1|0|0,3|0|0|0|0|0|2|0|x,-120.0,100.0,108.0,-118.0,-1.5,8.5,sbro,,,,,JPEAVY-R,THOUSE-L,,,,,,,,
2014,2014-06-03,BAL,TEX,8.0,3.0,False,0|0|0|1|0|1|0|6|0,0|0|0|1|0|0|1|0|1,100.0,-120.0,-101.0,-109.0,-1.5,9.5,sbro,,,,,UJIMENEZ-R,JSAUNDERS-L,,,,,,,,
2014,2014-06-03,LAA,HOU,2.0,7.0,False,0|0|0|0|0|0|0|2|0,0|0|5|0|0|0|0|2|x,-135.0,115.0,-134.0,119.0,1.5,9.0,sbro,,,,,CWILSON-L,CMCHUGH-R,,,,,,,,
2014,2014-06-03,SEA,ATL,7.0,5.0,False,0|2|0|3|0|0|2|0|0,4|1|0|0|0|0|0|0|0,145.0,-165.0,151.0,-171.0,-1.5,7.5,sbro,,,,,ERAMIREZ-R,GFLOYD-R,,,,,,,,
2014,2014-06-03,TAM,MIA,0.0,1.0,False,0|0|0|0|0|0|0|0|0,0|0|0|0|1|0|0|0|x,-119.0,-101.0,-117.0,107.0,1.5,7.0,sbro,,,,,CARCHER-R,HALVAREZ-R,,,,,,,,
2014,2014-06-03,KAN,STL,8.0,7.0,False,0|0|0|0|6|0|0|1|1,0|4|0|0|2|1|0|0|0,110.0,-130.0,111.0,-121.0,-1.5,7.0,sbro,,,,,JSHIELDS-R,JGARCIA-L,,,,,,,,
2014,2014-06-03,MIN,MIL,6.0,4.0,False,0|1|3|0|2|0|0|0|0,1|0|0|1|0|0|0|1|1,140.0,-160.0,139.0,-154.0,-1.5,8.5,sbro,,,,,SDEDUNO-R,YGALLARDO-R,,,,,,,,
2014,2014-06-03,CWS,LOS,4.0,1.0,False,2|0|1|1|0|0|0|0|0,0|1|0|0|0|0|0|0|0,160.0,-180.0,155.0,-175.0,-1.5,7.5,sbro,,,,,HNOESI-R,DHAREN-R,,,,,,,,
2014,2014-06-04,PIT,SDG,2.0,3.0,False,0|0|0|1|1|0|0|0|0,2|0|0|1|0|0|0|0|x,100.0,-120.0,105.0,-115.0,-1.5,6.5,sbro,,,,,FLIRIANO-L,IKENNEDY-R,,,,,,,,
2014,2014-06-04,PHI,WAS,4.0,8.0,False,0|0|0|0|2|0|2|0|0,0|0|0|4|1|3|0|0|x,160.0,-180.0,170.0,-200.0,-1.5,7.0,sbro,,,,,ABURNETT-R,STRASBURG-R,,,,,,,,
2014,2014-06-04,SFO,CIN,3.0,2.0,False,0|0|0|0|0|3|0|0|0,0|0|2|0|0|0|0|0|0,-105.0,-115.0,101.0,-111.0,-1.5,8.0,sbro,,,,,VOGELSONG-R,TCINGRANI-L,,,,,,,,
2014,2014-06-04,NYM,CUB,4.0,5.0,False,3|0|0|1|0|0|0|0|0,2|0|0|0|3|0|0|0|x,100.0,-120.0,112.0,-122.0,-1.5,7.0,sbro,,,,,DMATSUZKA-R,EJACKSON-R,,,,,,,,
2014,2014-06-04,ARI,COL,16.0,8.0,False,3|0|1|0|0|0|1|6|5,0|0|0|0|4|0|4|0|0,120.0,-140.0,117.0,-132.0,-1.5,10.5,sbro,,,,,COLLMENTER-R,JLYLES-R,,,,,,,,
2014,2014-06-04,OAK,NYY,7.0,4.0,False,0|0|0|1|1|2|1|0|2,0|0|4|0|0|0|0|0|0,-135.0,115.0,-134.0,119.0,1.5,9.0,sbro,,,,,JCHAVEZ-R,VNUNO-L,,,,,,,,
2014,2014-06-04,TOR,DET,8.0,2.0,False,1|0|0|0|0|2|0|3|2,1|0|1|0|0|0|0|0|0,110.0,-130.0,-101.0,-109.0,-1.5,9.0,sbro,,,,,RDICKEY-R,RPORCELLO-R,,,,,,,,
2014,2014-06-04,BOS,CLE,4.0,7.0,False,0|0|0|0|0|2|2|0|0,1|0|0|0|0|3|0|0|0,140.0,-160.0,132.0,-147.0,-1.5,7.5,sbro,,,,,BWORKMAN-R,CKLUBER-R,,,,,,,,
2014,2014-06-04,BAL,TEX,6.0,5.0,False,1|0|3|0|1|1|0|0|0,2|0|0|0|3|0|0|0|0,-115.0,-105.0,-110.0,100.0,1.5,9.5,sbro,,,,,BNORRIS-R,NMARTINEZ-R,,,,,,,,
2014,2014-06-04,LAA,HOU,4.0,0.0,False,0|0|0|0|1|2|0|0|1,0|0|0|0|0|0|0|0|0,-125.0,105.0,-120.0,110.0,1.5,9.0,sbro,,,,,GRICHARDS-R,JCOSART-R,,,,,,,,
2014,2014-06-04,SEA,ATL,2.0,0.0,False,0|0|0|1|0|0|0|1|0,0|0|0|0|0|0|0|0|0,120.0,-140.0,125.0,-140.0,-1.5,6.5,sbro,,,,,HIWAKUMA-R,MMINOR-L,,,,,,,,
2014,2014-06-04,MIA,TAM,5.0,4.0,False,1|0|4|0|0|0|0|0|0,3|0|0|0|0|0|0|0|1,160.0,-180.0,195.0,-225.0,-1.5,7.0,sbro,,,,,TKOEHLER-R,DPRICE-L,,,,,,,,
2014,2014-06-04,STL,KAN,5.0,2.0,False,0|1|0|0|0|0|1|0|0,0|0|0|0|0|0|0|0|2,-140.0,120.0,-124.0,114.0,1.5,7.0,sbro,,,,,WAINWRIGHT-R,JVARGAS-L,,,,,,,,
2014,2014-06-04,MIL,MIN,4.0,6.0,False,0|1|0|0|0|0|3|0|0,0|0|0|3|1|0|2|0|x,-120.0,100.0,-122.0,112.0,1.5,8.5,sbro,,,,,MESTRADA-R,RNOLASCO-R,,,,,,,,
2014,2014-06-04,CWS,LOS,2.0,1.0,False,0|0|1|1|0|0|0|0|0,0|0|0|0|0|0|0|1|0,170.0,-190.0,163.0,-183.0,-1.5,7.5,sbro,,,,,JDANKS-L,JBECKETT-R,,,,,,,,
2014,2014-06-05,SFO,CIN,6.0,1.0,False,0|2|0|3|0|0|1|0|0,1|0|0|0|0|0|0|0|0,-125.0,105.0,-126.0,116.0,1.5,7.0,sbro,,,,,BUMGARNER-L,MLEAKE-R,,,,,,,,
2014,2014-06-05,PHI,WAS,2.0,4.0,False,1|0|0|0|0|0|1|0|0,1|0|0|0|3|0|0|0|x,160.0,-180.0,185.0,-215.0,-1.5,7.5,sbro,,,,,KKENDRICK-R,DFISTER-R,,,,,,,,
2014,2014-06-05,NYM,CUB,4.0,7.0,False,0|0|0|0|0|2|2|0|0,0|3|0|1|0|0|1|2|x,-105.0,-115.0,108.0,-118.0,-1.5,7.5,sbro,,,,,JDEGROM-R,TWOOD-L,,,,,,,,
2014,2014-06-05,ARI,COL,12.0,7.0,False,2|0|1|1|1|2|0|2|3,1|0|0|0|1|1|3|1|0,125.0,-145.0,115.0,-130.0,-1.5,10.0,sbro,,,,,BARROYO-R,JNICASIO-R,,,,,,,,
2014,2014-06-05,OAK,NYY,1.0,2.0,False,1|0|0|0|0|0|0|0|0,0|1|1|0|0|0|0|0|x,140.0,-160.0,135.0,-150.0,-1.5,8.0,sbro,,,,,DPOMERANZ-L,MTANAKA-R,,,,,,,,
2014,2014-06-05,TOR,DET,7.0,3.0,False,0|0|0|3|0|3|0|0|1,0|0|2|0|1|0|0|0|0,150.0,-170.0,153.0,-168.0,-1.5,9.0,sbro,,,,,JHAPP-L,VERLANDER-R,,,,,,,,
2014,2014-06-05,LAA,HOU,5.0,8.0,False,1|0|0|0|2|0|0|0|2,1|0|0|3|0|0|0|4|x,-140.0,120.0,-143.0,128.0,1.5,9.5,sbro,,,,,TSKAGGS-L,BPEACOCK-R,,,,,,,,
2014,2014-06-05,BAL,TEX,6.0,8.0,False,0|0|2|0|3|0|0|1|0,2|3|0|0|0|0|3|0|x,-105.0,-115.0,-101.0,-109.0,-1.5,9.5,sbro,,,,,CTILLMAN-R,CLEWIS-R,,,,,,,,
2014,2014-06-05,MIA,TAM,11.0,6.0,False,0|0|0|3|0|3|3|0|2,1|0|0|0|2|2|1|0|0,125.0,-145.0,156.0,-176.0,-1.5,7.5,sbro,,,,,JTURNER-R,JODORIZZI-R,,,,,,,,
2014,2014-06-05,STL,KAN,2.0,3.0,False,0|1|0|1|0|0|0|0|0,0|0|0|0|0|3|0|0|x,-120.0,100.0,-107.0,-103.0,1.5,7.5,sbro,,,,,MWACHA-R,YVENTURA-R,,,,,,,,
2014,2014-06-05,MIL,MIN,8.0,5.0,False,0|0|0|3|0|3|0|0|2,0|0|4|0|0|0|0|1|0,-125.0,105.0,-132.0,117.0,1.5,9.0,sbro,,,,,WPERALTA-R,KCORREIA-R,,,,,,,,
2014,2014-06-06,MIA,CUB,3.0,5.0,False,0|0|0|0|0|0|0|0|3,0|0|0|0|1|0|0|2|0,-113.0,-107.0,113.0,-123.0,-1.5,7.0,sbro,,,,,NEOVALDI-R,JHAMMEL-R,,,,,,,,
2014,2014-06-06,MIL,PIT,5.0,15.0,False,0|0|0|2|0|1|0|0|2,2|0|1|0|2|8|0|2|x,-115.0,-105.0,-109.0,-101.0,1.5,7.5,sbro,,,,,KLOHSE-R,BCUMPTON-R,,,,,,,,
2014,2014-06-06,PHI,CIN,8.0,0.0,False,0|0|0|3|1|0|0|0|4,0|0|0|0|0|0|0|0|0,140.0,-160.0,116.0,-131.0,-1.5,6.5,sbro,,,,,CHAMELS-L,JCUETO-R,,,,,,,,
2014,2014-06-06,LOS,COL,7.0,2.0,False,1|1|0|0|2|2|0|0|1,0|0|0|0|0|2|0|0|0,-135.0,115.0,-120.0,110.0,1.5,10.0,sbro,,,,,HRYU-L,EBUTLER-R,,,,,,,,
2014,2014-06-06,ATL,ARI,5.0,2.0,False,0|0|0|0|2|0|1|0|2,1|0|0|0|1|0|0|0|0,-125.0,105.0,-114.0,104.0,1.5,7.5,sbro,,,,,JTEHERAN-R,BMCCARTHY-R,,,,,,,,
2014,2014-06-06,WAS,SDG,6.0,0.0,False,2|0|0|0|0|4|0|0|0,0|0|0|0|0|0|0|0|0,-110.0,-110.0,105.0,-115.0,-1.5,7.0,sbro,,,,,TROARK-R,TROSS-R,,,,,,,,
2014,2014-06-06,NYM,SFO,2.0,4.0,False,0|0|0|0|0|0|2|0|0,0|0|0|0|1|0|1|2|x,130.0,-150.0,142.0,-157.0,-1.5,7.0,sbro,,,,,JNIESE-L,MCAIN-R,,,,,,,,
2014,2014-06-06,OAK,BAL,4.0,3.0,False,1|1|0|0|0|0|0|1|0,0|1|0|1|1|0|0|0|0,-115.0,-105.0,-109.0,-101.0,1.5,9.0,sbro,,,,,TMILONE-L,WCHEN-L,,,,,,,,
2014,2014-06-06,BOS,DET,2.0,6.0,False,1|0|0|0|0|1|0|0|0,0|0|1|1|2|0|0|2|x,115.0,-135.0,134.0,-149.0,-1.5,8.0,sbro,,,,,RDELAROSA-R,DSMYLY-L,,,,,,,,
2014,2014-06-06,SEA,TAM,0.0,4.0,False,0|0|0|0|0|0|0|0|0,0|0|0|1|2|0|1|0|x,115.0,-135.0,135.0,-150.0,-1.5,8.0,sbro,,,,,CYOUNG-R,EBEDARD-L,,,,,,,,
2014,2014-06-06,CLE,TEX,4.0,6.0,False,0|0|3|1|0|0|0|0|0,0|4|0|0|0|0|1|1|x,165.0,-185.0,145.0,-160.0,-1.5,8.0,sbro,,,,,TBAUER-R,YDARVISH-R,,,,,,,,
2014,2014-06-06,NYY,KAN,4.0,2.0,False,0|1|3|0|0|0|0|0|0,0|1|0|0|1|0|0|0|0,100.0,-120.0,-112.0,102.0,1.5,8.0,sbro,,,,,CWHITLEY-R,JGUTHRIE-R,,,,,,,,
2014,2014-06-06,HOU,MIN,5.0,4.0,False,0|0|1|1|0|3|0|0|0,0|0|0|0|0|0|3|1|0,110.0,-130.0,104.0,-114.0,-1.5,8.0,sbro,,,,,DKEUCHEL-L,PHUGHES-R,,,,,,,,
2014,2014-06-06,CWS,LAA,4.0,8.0,False,0|0|1|0|1|0|0|0|2,2|0|0|5|0|0|0|1|x,170.0,-200.0,175.0,-205.0,-1.5,8.5,sbro,,,,,ARIENZO-R,JWEAVER-R,,,,,,,,
2014,2014-06-06,STL,TOR,1.0,3.0,False,1|0|0|0|0|0|0|0|0,0|0|1|0|1|0|0|1|x,110.0,-130.0,142.0,-157.0,-1.5,9.5,sbro,,,,,LLYNN-R,MSTROMAN-R,,,,,,,,
2014,2014-06-07,MIA,CUB,2.0,5.0,False,0|0|1|0|0|1|0|0|0,0|0|2|0|1|1|1|0|x,130.0,-150.0,128.0,-143.0,-1.5,7.5,sbro,,,,,RWOLF-L,SAMARDZIJA-R,,,,,,,,
2014,2014-06-07,MIL,PIT,9.0,3.0,False,1|0|0|3|0|0|0|4|1,0|0|2|0|0|1|0|0|0,-115.0,-105.0,104.0,-114.0,-1.5,8.0,sbro,,,,,MGARZA-R,EVOLQUEZ-R,,,,,,,,
2014,2014-06-07,LOS,COL,4.0,5.0,False,0|0|0|0|0|0|4|0|0,0|1|0|0|2|0|1|0|0,-140.0,120.0,-131.0,116.0,1.5,9.5,sbro,,,,,ZGREINKE-R,JCHACIN-R,,,,,,,,
2014,2014-06-07,PHI,CIN,5.0,6.0,False,0|2|0|0|0|1|2|0|0,1|1|0|2|2|0|0|0|x,140.0,-160.0,130.0,-145.0,-1.5,8.0,sbro,,,,,RHERNANDZ-R,ASIMON-R,,,,,,,,
2014,2014-06-07,NYM,SFO,4.0,5.0,False,0|1|2|0|0|1|0|0|0,0|0|0|0|1|2|0|0|2,140.0,-160.0,149.0,-164.0,-1.5,6.5,sbro,,,,,BCOLON-R,THUDSON-R,,,,,,,,
2014,2014-06-07,WAS,SDG,3.0,4.0,False,0|0|0|0|0|0|3|0|0,0|0|0|2|0|0|0|0|1,120.0,-140.0,115.0,-130.0,-1.5,6.5,sbro,,,,,BTREINEN-R,ACASHNER-R,,,,,,,,
2014,2014-06-07,ATL,ARI,3.0,4.0,False,0|0|1|0|0|1|0|0|0,0|1|0|0|0|0|0|0|1,-115.0,-105.0,-119.0,109.0,1.5,8.0,sbro,,,,,ESANTANA-R,WMILEY-L,,,,,,,,
2014,2014-06-07,HOU,MIN,0.0,8.0,False,0|0|0|0|0|0|0|0|0,0|3|0|4|0|0|1|0|x,115.0,-135.0,109.0,-119.0,-1.5,8.5,sbro,,,,,SFELDMAN-R,KGIBSON-R,,,,,,,,
2014,2014-06-07,CLE,TEX,8.0,3.0,False,0|0|0|1|0|3|4|0|0,0|0|1|0|0|2|0|0|0,106.0,-126.0,-101.0,-109.0,-1.5,9.5,sbro,,,,,JTOMLIN-R,NTEPESCH-R,,,,,,,,
2014,2014-06-07,SEA,TAM,7.0,4.0,False,0|1|0|2|4|0|0|0|0,0|2|0|0|0|0|0|2|0,130.0,-150.0,142.0,-157.0,-1.5,7.0,sbro,,,,,RELIAS-L,ACOBB-R,,,,,,,,
2014,2014-06-07,OAK,BAL,3.0,6.0,False,0|0|1|0|0|0|0|2|0,1|0|0|0|3|2|0|0|x,-150.0,130.0,-129.0,119.0,1.5,8.5,sbro,,,,,SGRAY-R,KGAUSMAN-R,,,,,,,,
2014,2014-06-07,NYY,KAN,4.0,8.0,False,0|0|0|0|0|3|0|0|1,0|3|0|0|0|4|1|0|x,115.0,-135.0,108.0,-118.0,-1.5,8.0,sbro,,,,,DPHELPS-R,DDUFFY-L,,,,,,,,
2014,2014-06-07,BOS,DET,6.0,8.0,False,0|0|0|1|1|1|1|0|2,2|1|1|1|0|2|1|0|x,120.0,-140.0,116.0,-126.0,-1.5,7.5,sbro,,,,,JLESTER-L,MSCHERZER-R,,,,,,,,
2014,2014-06-07,CWS,LAA,5.0,6.0,False,0|0|2|1|0|2|0|0|0,0|0|0|0|0|0|0|6|x,-135.0,115.0,-117.0,107.0,1.5,7.0,sbro,,,,,CSALE-L,SHOEMAKER-R,,,,,,,,
2014,2014-06-07,STL,TOR,5.0,0.0,False,0|0|0|0|1|0|0|4|0,0|0|0|0|0|0|0|0|0,130.0,-150.0,145.0,-160.0,-1.5,9.5,sbro,,,,,SMILLER-R,MBUEHRLE-L,,,,,,,,
2014,2014-06-08,PHI,CIN,1.0,4.0,False,0|0|1|0|0|0|0|0|0,0|0|0|0|4|0|0|0|x,130.0,-150.0,150.0,-165.0,-1.5,7.5,sbro,,,,,DBUCHANAN-R,HBAILEY-R,,,,,,,,
2014,2014-06-08,MIL,PIT,1.0,0.0,False,0|0|0|0|0|0|1|0|0,0|0|0|0|0|0|0|0|0,-105.0,-115.0,-115.0,105.0,1.5,8.5,sbro,,,,,YGALLARDO-R,JLOCKE-L,,,,,,,,
2014,2014-06-08,MIA,CUB,4.0,3.0,False,0|0|0|0|0|0|2|2|0,0|0|0|0|0|2|1|0|0,-120.0,100.0,-107.0,-103.0,1.5,6.5,sbro,,,,,HALVAREZ-R,JARRIETA-R,,,,,,,,
2014,2014-06-08,NYM,SFO,4.0,6.0,False,2|0|0|0|0|1|0|1|0,0|3|1|0|0|0|1|1|x,114.0,-134.0,111.0,-121.0,-1.5,7.5,sbro,,,,,ZWHEELER-R,TLINCECUM-R,,,,,,,,
2014,2014-06-08,ATL,ARI,5.0,6.0,False,0|0|0|0|0|2|0|2|1,0|0|0|0|0|0|6|0|x,-112.0,-108.0,-105.0,-105.0,1.5,8.5,sbro,,,,,AHARANG-R,CANDERSON-R,,,,,,,,
2014,2014-06-08,WAS,SDG,6.0,0.0,False,1|2|3|0|0|0|0|0|0,0|0|0|0|0|0|0|0|0,-130.0,110.0,-122.0,112.0,1.5,7.5,sbro,,,,,JZIMMERMN-R,ESTULTS-L,,,,,,,,
2014,2014-06-08,LOS,COL,2.0,1.0,False,2|0|0|0|0|x|x|x|x,0|0|0|1|0|x|x|x|x,-150.0,130.0,-127.0,117.0,1.5,8.5,sbro,,,,,CKERSHAW-L,JDELAROSA-L,,,,,,,,
2014,2014-06-08,BOS,DET,5.0,3.0,False,0|0|1|0|0|1|0|0|3,0|0|1|1|0|0|1|0|0,140.0,-160.0,119.0,-129.0,-1.5,7.5,sbro,,,,,JLACKEY-R,ASANCHEZ-R,,,,,,,,
2014,2014-06-08,OAK,BAL,11.0,1.0,False,0|0|6|1|3|0|0|0|1,0|0|0|0|0|0|0|1|0,-140.0,120.0,-126.0,116.0,1.5,9.0,sbro,,,,,SKAZMIR-L,UJIMENEZ-R,,,,,,,,
2014,2014-06-08,SEA,TAM,5.0,0.0,False,0|0|0|0|0|0|0|0|5,0|0|0|0|0|0|0|0|0,-125.0,105.0,-119.0,109.0,1.5,6.5,sbro,,,,,FHERNANDZ-R,CARCHER-R,,,,,,,,
2014,2014-06-08,HOU,MIN,14.0,5.0,False,0|1|1|3|0|0|4|1|4,0|0|0|1|2|0|2|0|0,-115.0,-105.0,103.0,-113.0,-1.5,8.0,sbro,,,,,CMCHUGH-R,SDEDUNO-R,,,,,,,,
2014,2014-06-08,NYY,KAN,1.0,2.0,False,0|0|0|0|0|1|0|0|0,0|2|0|0|0|0|0|0|x,110.0,-130.0,116.0,-126.0,-1.5,7.0,sbro,,,,,HKURODA-R,JSHIELDS-R,,,,,,,,
2014,2014-06-08,CLE,TEX,3.0,2.0,False,0|0|0|0|1|2|0|0|0,0|0|0|1|0|1|0|0|0,-115.0,-105.0,-118.0,108.0,-1.5,9.5,sbro,,,,,MASTERSON-R,JSAUNDERS-L,,,,,,,,
2014,2014-06-08,CWS,LAA,2.0,4.0,False,0|0|0|0|0|0|0|2|0,0|0|1|0|3|0|0|0|x,150.0,-170.0,146.0,-161.0,-1.5,8.5,sbro,,,,,JQUINTANA-L,CWILSON-L,,,,,,,,
2014,2014-06-08,STL,TOR,5.0,0.0,False,0|4|1|0|0|0|0|0|0,0|0|0|0|0|0|0|0|0,130.0,-150.0,117.0,-132.0,-1.5,9.0,sbro,,,,,JGARCIA-L,HUTCHISON-R,,,,,,,,
2014,2014-06-09,CUB,PIT,2.0,6.0,False,0|0|0|0|0|1|0|0|1,0|1|2|0|1|0|0|2|x,125.0,-145.0,134.0,-149.0,-1.5,7.5,sbro,,,,,EJACKSON-R,CMORTON-R,,,,,,,,
2014,2014-06-09,LOS,CIN,6.0,2.0,False,0|1|0|2|3|0|0|0|0,0|1|0|1|0|0|0|0|0,-115.0,-105.0,106.0,-116.0,-1.5,8.0,sbro,,,,,DHAREN-R,TCINGRANI-L,,,,,,,,
2014,2014-06-09,ATL,COL,3.0,1.0,False,0|0|0|2|0|0|0|1|0,0|0|0|0|0|0|1|0|0,-120.0,100.0,-128.0,118.0,1.5,10.0,sbro,,,,,GFLOYD-R,CBERGMAN-R,,,,,,,,
2014,2014-06-09,WAS,SFO,9.0,2.0,False,1|1|2|0|0|0|5|0|0,0|1|0|0|0|0|0|1|0,-109.0,-111.0,-127.0,117.0,1.5,6.5,sbro,,,,,STRASBURG-R,VOGELSONG-R,,,,,,,,
2014,2014-06-09,SEA,TAM,3.0,0.0,False,0|0|3|0|0|0|0|0|0,0|0|0|0|0|0|0|0|0,170.0,-200.0,180.0,-210.0,-1.5,7.0,sbro,,,,,ERAMIREZ-R,DPRICE-L,,,,,,,,
2014,2014-06-09,MIN,TOR,4.0,5.0,False,2|0|0|0|0|0|0|0|2,3|0|0|0|1|0|0|0|1,175.0,-195.0,161.0,-181.0,-1.5,9.5,sbro,,,,,RNOLASCO-R,RDICKEY-R,,,,,,,,
2014,2014-06-09,BOS,BAL,0.0,4.0,False,0|0|0|0|0|0|0|0|0,1|0|0|0|2|0|1|0|x,110.0,-130.0,-102.0,-108.0,-1.5,8.5,sbro,,,,,JPEAVY-R,BNORRIS-R,,,,,,,,
2014,2014-06-09,CLE,TEX,17.0,7.0,False,3|5|1|3|0|1|0|4|0,1|0|3|2|0|0|0|1|0,-112.0,-108.0,-110.0,100.0,1.5,9.5,sbro,,,,,THOUSE-L,NMARTINEZ-R,,,,,,,,
2014,2014-06-09,DET,CWS,5.0,6.0,False,0|0|0|1|1|2|0|0|1,1|0|1|0|3|1|0|0|x,-125.0,105.0,-126.0,116.0,1.5,8.5,sbro,,,,,RPORCELLO-R,HNOESI-R,,,,,,,,
2014,2014-06-09,OAK,LAA,1.0,4.0,False,0|1|0|0|0|0|0|0|0,0|0|1|1|1|0|0|1|x,100.0,-120.0,113.0,-123.0,-1.5,8.5,sbro,,,,,JCHAVEZ-R,GRICHARDS-R,,,,,,,,
2014,2014-06-09,HOU,ARI,4.0,3.0,False,2|2|0|0|0|0|0|0|0,0|0|0|1|0|2|0|0|0,125.0,-145.0,133.0,-148.0,-1.5,8.5,sbro,,,,,JCOSART-R,COLLMENTER-R,,,,,,,,
2014,2014-06-10,CUB,PIT,7.0,3.0,False,2|0|0|1|0|2|2|0|0,0|0|2|1|0|0|0|0|0,145.0,-165.0,159.0,-179.0,-1.5,7.5,sbro,,,,,TWOOD-L,FLIRIANO-L,,,,,,,,
2014,2014-06-10,SDG,PHI,2.0,5.0,False,0|0|1|0|0|0|1|0|0,0|0|0|4|0|1|0|0|x,100.0,-120.0,-114.0,104.0,1.5,7.5,sbro,,,,,IKENNEDY-R,ABURNETT-R,,,,,,,,
2014,2014-06-10,MIL,NYM,2.0,6.0,False,0|0|0|1|0|0|0|1|0,0|0|2|0|0|4|0|0|x,-120.0,100.0,-132.0,117.0,1.5,7.5,sbro,,,,,MESTRADA-R,DMATSUZKA-R,,,,,,,,
2014,2014-06-10,LOS,CIN,6.0,1.0,False,0|1|0|0|3|1|1|0|0,0|0|0|0|0|0|1|0|0,-105.0,-115.0,119.0,-134.0,-1.5,8.0,sbro,,,,,JBECKETT-R,MLEAKE-R,,,,,,,,
2014,2014-06-10,ATL,COL,13.0,10.0,False,7|0|1|2|0|3|0|0|0,3|0|2|1|2|0|1|1|0,-130.0,110.0,-118.0,108.0,1.5,10.0,sbro,,,,,MMINOR-L,JNICASIO-R,,,,,,,,
2014,2014-06-10,WAS,SFO,2.0,1.0,False,0|0|0|0|2|0|0|0|0,0|0|0|0|0|0|0|0|1,125.0,-145.0,118.0,-133.0,-1.5,6.5,sbro,,,,,DFISTER-R,BUMGARNER-L,,,,,,,,
2014,2014-06-10,MIN,TOR,4.0,0.0,False,2|0|0|2|0|0|0|0|0,0|0|0|0|0|0|0|0|0,150.0,-170.0,172.0,-192.0,-1.5,10.0,sbro,,,,,KCORREIA-R,JHAPP-L,,,,,,,,
2014,2014-06-10,BOS,BAL,1.0,0.0,False,0|0|1|0|0|0|0|0|0,0|0|0|0|0|0|0|0|0,110.0,-130.0,110.0,-120.0,-1.5,9.0,sbro,,,,,BWORKMAN-R,CTILLMAN-R,,,,,,,,
2014,2014-06-10,CLE,KAN,5.0,9.0,False,0|0|0|0|0|0|0|3|2,0|0|4|0|2|0|0|3|x,100.0,-120.0,-110.0,100.0,1.5,7.0,sbro,,,,,CKLUBER-R,JVARGAS-L,,,,,,,,
2014,2014-06-10,OAK,LAA,1.0,2.0,False,0|0|0|0|0|0|0|1|0,0|0|0|0|0|1|0|0|0,-105.0,-115.0,-118.0,108.0,1.5,8.5,sbro,,,,,DPOMERANZ-L,HSANTIAGO-L,,,,,,,,
2014,2014-06-10,NYY,SEA,3.0,2.0,False,2|0|0|0|0|0|0|1|0,1|0|0|0|0|0|1|0|0,-120.0,100.0,132.0,-147.0,-1.5,7.0,sbro,,,,,VNUNO-L,HIWAKUMA-R,,,,,,,,
2014,2014-06-10,HOU,ARI,1.0,4.0,False,0|0|0|0|0|1|0|0|0,1|0|0|0|0|0|2|1|x,130.0,-150.0,119.0,-134.0,-1.5,9.0,sbro,,,,,BPEACOCK-R,BARROYO-R,,,,,,,,
2014,2014-06-10,STL,TAM,1.0,0.0,False,0|0|0|0|0|1|0|0|0,0|0|0|0|0|0|0|0|0,-150.0,130.0,-129.0,119.0,1.5,6.5,sbro,,,,,WAINWRIGHT-R,JODORIZZI-R,,,,,,,,
2014,2014-06-10,MIA,TEX,8.0,5.0,False,0|0|1|2|0|1|2|2|0,0|1|0|0|0|4|0|0|0,110.0,-130.0,147.0,-162.0,-1.5,9.0,sbro,,,,,TKOEHLER-R,CLEWIS-R,,,,,,,,
2014,2014-06-11,CUB,PIT,2.0,4.0,False,0|2|0|0|0|0|0|0|0,2|1|1|0|0|0|0|0|x,110.0,-130.0,119.0,-134.0,-1.5,7.5,sbro,,,,,JHAMMEL-R,BCUMPTON-R,,,,,,,,
2014,2014-06-11,SDG,PHI,0.0,3.0,False,0|0|0|0|0|0|0|0|0,0|0|0|0|0|0|0|0|3,120.0,-140.0,114.0,-124.0,-1.5,7.0,sbro,,,,,TROSS-R,CHAMELS-L,,,,,,,,
2014,2014-06-11,MIL,NYM,3.0,1.0,False,0|0|1|1|1|0|0|0|0,0|1|0|0|0|0|0|0|0,-120.0,100.0,-115.0,105.0,1.5,7.0,sbro,,,,,WPERALTA-R,JDEGROM-R,,,,,,,,
2014,2014-06-11,LOS,CIN,0.0,5.0,False,0|0|0|0|0|0|0|0|0,0|0|3|0|0|1|1|0|x,105.0,-125.0,126.0,-141.0,-1.5,7.0,sbro,,,,,HRYU-L,JCUETO-R,,,,,,,,
2014,2014-06-11,ATL,COL,2.0,8.0,False,0|0|0|0|0|0|0|2|0,3|0|1|0|1|1|2|0|x,-150.0,130.0,-134.0,119.0,1.5,10.0,sbro,,,,,JTEHERAN-R,TMATZEK-L,,,,,,,,
2014,2014-06-11,WAS,SFO,6.0,2.0,False,3|0|0|0|1|0|0|0|2,0|0|0|1|0|0|1|0|0,115.0,-135.0,107.0,-117.0,-1.5,6.5,sbro,,,,,TROARK-R,MCAIN-R,,,,,,,,
2014,2014-06-11,MIN,TOR,7.0,2.0,False,2|0|0|0|0|1|3|0|1,0|0|0|0|0|0|0|2|0,145.0,-165.0,145.0,-160.0,-1.5,9.0,sbro,,,,,PHUGHES-R,MSTROMAN-R,,,,,,,,
2014,2014-06-11,CLE,KAN,1.0,4.0,False,0|0|0|0|0|1|0|0|0,0|0|2|1|0|0|1|0|x,115.0,-135.0,107.0,-117.0,-1.5,8.0,sbro,,,,,TBAUER-R,YVENTURA-R,,,,,,,,
2014,2014-06-11,BOS,BAL,0.0,6.0,False,0|0|0|0|0|0|0|0|0,3|0|0|1|0|0|2|x|,115.0,-135.0,118.0,-133.0,-1.5,8.5,sbro,,,,,RDELAROSA-R,WCHEN-L,,,,,,,,
2014,2014-06-11,DET,CWS,2.0,8.0,False,0|0|0|1|0|0|1|0|0,0|1|0|0|0|7|0|0|x,-140.0,120.0,-150.0,135.0,1.5,9.0,sbro,,,,,VERLANDER-R,JDANKS-L,,,,,,,,
2014,2014-06-11,OAK,LAA,7.0,1.0,False,0|0|1|0|0|3|0|0|3,0|0|0|1|0|0|0|0|0,120.0,-140.0,125.0,-140.0,-1.5,8.0,sbro,,,,,TMILONE-L,JWEAVER-R,,,,,,,,
2014,2014-06-11,NYY,SEA,4.0,2.0,False,0|0|1|0|3|0|0|0|0,0|0|0|0|0|0|0|0|2,-165.0,145.0,-190.0,170.0,1.5,7.0,sbro,,,,,MTANAKA-R,CYOUNG-R,,,,,,,,
2014,2014-06-11,STL,TAM,3.0,6.0,False,0|0|2|1|0|0|0|0|0,0|0|0|4|0|0|2|0|x,-130.0,110.0,-118.0,108.0,1.5,7.0,sbro,,,,,MWACHA-R,EBEDARD-L,,,,,,,,
2014,2014-06-11,MIA,TEX,0.0,6.0,False,0|0|0|0|0|0|0|0|0,0|0|4|1|1|0|0|0|x,200.0,-230.0,200.0,-240.0,-1.5,8.5,sbro,,,,,JTURNER-R,YDARVISH-R,,,,,,,,
2014,2014-06-11,ARI,HOU,1.0,5.0,False,0|0|0|1|0|0|0|0|0,1|0|1|1|0|0|2|0|x,110.0,-130.0,111.0,-121.0,-1.5,7.5,sbro,,,,,BMCCARTHY-R,DKEUCHEL-L,,,,,,,,
2014,2014-06-12,LOS,CIN,1.0,4.0,False,1|0|0|0|0|0|0|0|0,2|0|0|0|0|0|0|2|x,-140.0,120.0,-123.0,113.0,1.5,7.5,sbro,,,,,ZGREINKE-R,ASIMON-R,,,,,,,,
2014,2014-06-12,SDG,PHI,3.0,7.0,False,2|0|0|0|0|0|0|0|1,1|0|0|1|0|2|3|0|x,100.0,-120.0,-110.0,100.0,1.5,8.0,sbro,,,,,ESTULTS-L,KKENDRICK-R,,,,,,,,
2014,2014-06-12,ATL,COL,3.0,10.0,False,0|0|0|0|0|0|0|3|0,0|0|2|0|0|1|5|2|x,-125.0,105.0,-108.0,-102.0,1.5,9.5,sbro,,,,,ESANTANA-R,JCHACIN-R,,,,,,,,
2014,2014-06-12,WAS,SFO,1.0,7.0,False,0|0|0|1|0|0|0|0|0,0|2|0|0|0|2|1|2|x,130.0,-150.0,141.0,-156.0,-1.5,7.0,sbro,,,,,BTREINEN-R,THUDSON-R,,,,,,,,
2014,2014-06-12,CUB,PIT,0.0,4.0,False,0|0|0|0|0|0|0|0|0,0|0|0|2|2|0|0|0|x,-105.0,-115.0,110.0,-120.0,-1.5,7.0,sbro,,,,,SAMARDZIJA-R,EVOLQUEZ-R,,,,,,,,
2014,2014-06-12,MIL,NYM,5.0,1.0,False,0|1|0|0|0|0|0|0|0,0|0|0|1|0|0|0|0|0,-114.0,-106.0,-133.0,118.0,1.5,7.0,sbro,,,,,KLOHSE-R,JNIESE-L,,,,,,,,
2014,2014-06-12,TOR,BAL,2.0,4.0,False,0|0|0|0|1|0|0|1|0,2|1|0|0|0|0|1|0|x,-120.0,100.0,-101.0,-109.0,-1.5,9.0,sbro,,,,,MBUEHRLE-L,KGAUSMAN-R,,,,,,,,
2014,2014-06-12,CLE,BOS,2.0,5.0,False,0|0|0|0|0|2|0|0|0,0|1|0|0|2|2|0|0|x,130.0,-150.0,147.0,-162.0,-1.5,8.5,sbro,,,,,JTOMLIN-R,JLESTER-L,,,,,,,,
2014,2014-06-12,DET,CWS,4.0,0.0,False,0|0|0|0|1|0|0|2|1,0|0|0|0|0|0|0|0|0,-105.0,-115.0,109.0,-119.0,-1.5,7.5,sbro,,,,,MSCHERZER-R,CSALE-L,,,,,,,,
2014,2014-06-12,NYY,SEA,6.0,3.0,False,2|0|2|2|0|0|0|0|0,0|1|0|0|1|0|0|0|1,100.0,-120.0,102.0,-112.0,-1.5,7.0,sbro,,,,,CWHITLEY-R,RELIAS-L,,,,,,,,
2014,2014-06-12,ARI,HOU,4.0,5.0,False,0|0|1|0|0|1|1|0|1,1|0|1|2|0|0|0|0|0,-113.0,-107.0,-114.0,104.0,1.5,9.0,sbro,,,,,WMILEY-L,SFELDMAN-R,,,,,,,,
2014,2014-06-13,CUB,PHI,2.0,1.0,False,0|0|0|2|0|0|0|0|0,0|0|0|0|0|0|0|0|1,105.0,-125.0,-103.0,-107.0,-1.5,8.0,sbro,,,,,JARRIETA-R,RHERNANDZ-R,,,,,,,,
2014,2014-06-13,PIT,MIA,8.0,6.0,False,2|0|1|0|3|0|0|0|0,0|1|1|0|0|0|0|0|4,110.0,-130.0,117.0,-132.0,-1.5,7.5,sbro,,,,,JLOCKE-L,NEOVALDI-R,,,,,,,,
2014,2014-06-13,SDG,NYM,2.0,6.0,False,0|2|0|0|0|0|0|0|0,0|1|0|2|1|0|2|0|x,-108.0,-112.0,-106.0,-104.0,1.5,6.5,sbro,,,,,ACASHNER-R,BCOLON-R,,,,,,,,
2014,2014-06-13,CIN,MIL,6.0,5.0,False,1|0|0|0|4|0|0|0|1,0|0|0|1|0|0|4|0|0,120.0,-140.0,106.0,-116.0,-1.5,7.5,sbro,,,,,HBAILEY-R,MGARZA-R,,,,,,,,
2014,2014-06-13,WAS,STL,0.0,1.0,False,0|0|0|0|0|0|0|0|0,0|1|0|0|0|0|0|0|x,-105.0,-105.0,112.0,-122.0,-1.5,7.0,sbro,,,,,JZIMMERMN-R,LLYNN-R,,,,,,,,
2014,2014-06-13,ARI,LOS,3.0,4.0,False,0|0|1|0|0|0|0|1|1,0|2|0|0|0|0|1|1|x,180.0,-210.0,185.0,-215.0,-1.5,6.5,sbro,,,,,CANDERSON-R,CKERSHAW-L,,,,,,,,
2014,2014-06-13,COL,SFO,7.0,4.0,False,0|0|2|0|0|0|0|0|5,0|0|2|0|1|0|1|0|0,105.0,-125.0,118.0,-128.0,-1.5,7.0,sbro,,,,,JDELAROSA-L,TLINCECUM-R,,,,,,,,
2014,2014-06-13,TOR,BAL,4.0,0.0,False,0|2|0|0|0|0|0|2|0,0|0|0|0|0|0|0|0|0,-115.0,-105.0,-110.0,100.0,1.5,9.0,sbro,,,,,HUTCHISON-R,UJIMENEZ-R,,,,,,,,
2014,2014-06-13,MIN,DET,2.0,0.0,False,0|0|1|0|0|0|0|0|1,0|0|0|0|0|0|0|0|0,140.0,-160.0,144.0,-159.0,-1.5,9.0,sbro,,,,,KGIBSON-R,DSMYLY-L,,,,,,,,
2014,2014-06-13,CLE,BOS,3.0,10.0,False,0|2|1|0|0|0|0|0|0,0|3|2|0|0|0|4|1|x,130.0,-150.0,119.0,-134.0,-1.5,8.5,sbro,,,,,MASTERSON-R,JLACKEY-R,,,,,,,,
2014,2014-06-13,KAN,CWS,7.0,2.0,False,5|1|0|0|0|0|1|0|0,1|1|0|0|0|0|0|0|0,110.0,-130.0,116.0,-126.0,-1.5,7.5,sbro,,,,,JGUTHRIE-R,JQUINTANA-L,,,,,,,,
2014,2014-06-13,TAM,HOU,6.0,1.0,False,0|2|0|0|2|0|0|0|2,0|0|0|1|0|0|0|0|0,-113.0,-107.0,-128.0,118.0,1.5,7.5,sbro,,,,,ACOBB-R,CMCHUGH-R,,,,,,,,
2014,2014-06-13,NYY,OAK,7.0,0.0,False,2|1|0|0|0|0|0|4|0,0|0|0|0|0|0|0|0|0,165.0,-185.0,170.0,-200.0,-1.5,7.5,sbro,,,,,DPHELPS-R,SGRAY-R,,,,,,,,
2014,2014-06-13,TEX,SEA,1.0,0.0,False,0|0|0|0|0|0|0|0|1,0|0|0|0|0|0|0|0|0,180.0,-210.0,170.0,-200.0,-1.5,6.5,sbro,,,,,NTEPESCH-R,FHERNANDZ-R,,,,,,,,
2014,2014-06-13,LAA,ATL,3.0,4.0,False,0|0|1|0|0|0|0|2|0,4|0|0|0|0|0|0|0|x,-115.0,-105.0,-108.0,-102.0,1.5,7.5,sbro,,,,,CWILSON-L,AHARANG-R,,,,,,,,
2014,2014-06-14,CUB,PHI,4.0,7.0,False,0|1|1|1|0|0|0|1|0,1|3|0|0|3|0|0|0|x,-105.0,-115.0,111.0,-121.0,-1.5,8.0,sbro,,,,,EJACKSON-R,DBUCHANAN-R,,,,,,,,
2014,2014-06-14,COL,SFO,5.0,4.0,False,0|2|1|0|0|0|0|0|2,1|0|0|0|2|0|1|0|0,145.0,-165.0,148.0,-163.0,-1.5,7.5,sbro,,,,,CBERGMAN-R,VOGELSONG-R,,,,,,,,
2014,2014-06-14,PIT,MIA,8.0,6.0,False,0|2|0|3|3|0|0|0|0,0|0|0|2|0|0|0|0|4,-114.0,-106.0,-119.0,109.0,1.5,7.5,sbro,,,,,CMORTON-R,RWOLF-L,,,,,,,,
2014,2014-06-14,SDG,NYM,5.0,0.0,False,2|0|1|1|0|0|0|1|0,0|0|0|0|0|0|0|0|0,120.0,-140.0,122.0,-137.0,-1.5,7.0,sbro,,,,,JHAHN-R,ZWHEELER-R,,,,,,,,
2014,2014-06-14,WAS,STL,1.0,4.0,False,1|0|0|0|0|0|0|0|0,0|0|1|0|0|0|3|0|x,-125.0,105.0,-125.0,115.0,1.5,7.0,sbro,,,,,STRASBURG-R,SMILLER-R,,,,,,,,
2014,2014-06-14,CIN,MIL,2.0,4.0,False,1|0|0|0|0|0|0|1|0,0|0|0|0|0|0|2|2|x,115.0,-135.0,113.0,-123.0,-1.5,7.5,sbro,,,,,MLATOS-R,YGALLARDO-R,,,,,,,,
2014,2014-06-14,ARI,LOS,4.0,6.0,False,2|0|0|1|0|0|0|0|1,0|0|2|4|0|0|0|0|x,125.0,-145.0,117.0,-132.0,-1.5,7.0,sbro,,,,,COLLMENTER-R,DHAREN-R,,,,,,,,
2014,2014-06-14,KAN,CWS,9.0,1.0,False,0|0|0|5|0|0|0|1|3,0|0|0|0|0|0|0|0|1,-105.0,-105.0,-134.0,119.0,1.5,8.5,sbro,,,,,DDUFFY-L,HNOESI-R,,,,,,,,
2014,2014-06-14,CLE,BOS,3.0,2.0,False,0|0|1|0|0|0|2|0|0,1|0|0|0|0|1|0|0|0,125.0,-145.0,134.0,-149.0,-1.5,9.5,sbro,,,,,THOUSE-L,JPEAVY-R,,,,,,,,
2014,2014-06-14,TOR,BAL,2.0,3.0,False,0|1|0|0|0|0|0|1|0,0|0|0|1|2|0|0|0|x,-115.0,-105.0,-109.0,-101.0,1.5,9.0,sbro,,,,,RDICKEY-R,BNORRIS-R,,,,,,,,
2014,2014-06-14,MIN,DET,9.0,12.0,False,0|1|0|0|0|0|3|3|2,0|0|7|1|2|1|1|0|x,160.0,-180.0,177.0,-197.0,-1.5,8.5,sbro,,,,,SDEDUNO-R,ASANCHEZ-R,,,,,,,,
2014,2014-06-14,TAM,HOU,3.0,7.0,False,1|0|0|0|2|0|0|0|0,0|0|5|2|0|0|0|0|x,-115.0,-105.0,-143.0,128.0,1.5,8.0,sbro,,,,,CARCHER-R,JCOSART-R,,,,,,,,
2014,2014-06-14,NYY,OAK,1.0,5.0,False,0|0|1|0|0|0|0|0|0,0|2|0|0|2|1|0|0|x,150.0,-170.0,137.0,-152.0,-1.5,7.0,sbro,,,,,HKURODA-R,SKAZMIR-L,,,,,,,,
2014,2014-06-14,TEX,SEA,4.0,3.0,False,0|0|0|0|0|3|0|0|1,0|0|0|0|1|1|1|0|0,105.0,-125.0,-108.0,-102.0,-1.5,7.0,sbro,,,,,JSAUNDERS-L,ERAMIREZ-R,,,,,,,,
2014,2014-06-14,LAA,ATL,11.0,6.0,False,0|0|0|1|0|2|1|1|0,0|0|0|0|0|0|0|1|4,-114.0,-106.0,-116.0,106.0,1.5,7.5,sbro,,,,,GRICHARDS-R,GFLOYD-R,,,,,,,,
2014,2014-06-15,PIT,MIA,2.0,3.0,False,0|0|1|1|0|0|0|0|0,0|0|0|0|0|0|0|2|0,125.0,-145.0,-105.0,-105.0,1.5,7.5,sbro,,,,,VWORLEY-R,HALVAREZ-R,,,,,,,,
2014,2014-06-15,SDG,NYM,1.0,3.0,False,0|1|0|0|0|0|0|0|0,2|1|0|0|0|0|0|0|x,-115.0,-105.0,-120.0,110.0,1.5,7.0,sbro,,,,,IKENNEDY-R,DMATSUZKA-R,,,,,,,,
2014,2014-06-15,CUB,PHI,3.0,0.0,False,1|0|1|0|0|1|0|0|0,0|0|0|0|0|0|0|0|0,115.0,-135.0,116.0,-126.0,-1.5,8.0,sbro,,,,,TWOOD-L,ABURNETT-R,,,,,,,,
2014,2014-06-15,CIN,MIL,13.0,4.0,False,3|0|0|0|2|0|0|5|3,0|0|0|3|1|0|0|0|0,105.0,-125.0,113.0,-123.0,-1.5,8.0,sbro,,,,,MLEAKE-R,MESTRADA-R,,,,,,,,
2014,2014-06-15,WAS,STL,2.0,5.0,False,0|0|0|0|1|0|0|0|1,0|2|1|0|1|0|1|0|x,-109.0,-111.0,103.0,-113.0,-1.5,7.5,sbro,,,,,DFISTER-R,JGARCIA-L,,,,,,,,
2014,2014-06-15,COL,SFO,8.0,7.0,False,0|0|2|0|1|0|1|4|0,0|3|0|2|1|1|0|0|0,165.0,-185.0,170.0,-190.0,-1.5,7.0,sbro,,,,,JNICASIO-R,BUMGARNER-L,,,,,,,,
2014,2014-06-15,ARI,LOS,6.0,3.0,False,1|0|0|0|1|0|2|0|2,0|1|0|0|0|0|1|0|1,140.0,-160.0,135.0,-150.0,-1.5,7.5,sbro,,,,,BARROYO-R,JBECKETT-R,,,,,,,,
2014,2014-06-15,MIN,DET,3.0,4.0,False,0|0|0|0|0|3|0|0|0,1|1|0|0|0|1|0|0|1,140.0,-160.0,133.0,-148.0,-1.5,9.0,sbro,,,,,RNOLASCO-R,RPORCELLO-R,,,,,,,,
2014,2014-06-15,TOR,BAL,5.0,2.0,False,1|0|0|1|1|0|0|2|0,0|0|0|0|0|1|0|1|0,105.0,-125.0,105.0,-115.0,-1.5,9.0,sbro,,,,,JHAPP-L,CTILLMAN-R,,,,,,,,
2014,2014-06-15,CLE,BOS,3.0,2.0,False,1|0|0|0|0|0|1|0|0,1|0|0|0|1|0|0|0|0,100.0,-120.0,-109.0,-101.0,1.5,8.5,sbro,,,,,CKLUBER-R,BWORKMAN-R,,,,,,,,
2014,2014-06-15,KAN,CWS,6.0,3.0,False,2|0|3|1|0|0|0|0|0,1|0|0|2|0|0|0|0|0,-135.0,115.0,-152.0,137.0,1.5,8.0,sbro,,,,,JSHIELDS-R,ARIENZO-R,,,,,,,,
2014,2014-06-15,TAM,HOU,4.0,3.0,False,0|1|0|1|0|1|0|1|0,2|0|1|0|0|0|0|0|0,-160.0,140.0,-160.0,145.0,1.5,7.5,sbro,,,,,DPRICE-L,BPEACOCK-R,,,,,,,,
2014,2014-06-15,NYY,OAK,5.0,10.0,False,0|0|0|0|0|1|2|0|2,3|3|0|4|0|0|0|0|x,155.0,-175.0,145.0,-160.0,-1.5,8.0,sbro,,,,,VNUNO-L,JCHAVEZ-R,,,,,,,,
2014,2014-06-15,TEX,SEA,1.0,5.0,False,0|1|0|0|0|0|0|0|0,0|0|0|0|2|0|0|3|x,170.0,-190.0,157.0,-177.0,-1.5,7.0,sbro,,,,,NMARTINEZ-R,HIWAKUMA-R,,,,,,,,
2014,2014-06-15,LAA,ATL,3.0,7.0,False,0|1|2|0|0|0|0|0|0,0|0|0|0|0|4|2|1|x,110.0,-130.0,109.0,-119.0,-1.5,8.0,sbro,,,,,HSANTIAGO-L,MMINOR-L,,,,,,,,
2014,2014-06-16,PHI,ATL,6.0,1.0,False,0|1|0|0|0|0|0|0|0,0|0|0|0|0|0|0|0|1,115.0,-135.0,119.0,-129.0,-1.5,6.5,sbro,,,,,CHAMELS-L,JTEHERAN-R,,,,,,,,
2014,2014-06-16,CUB,MIA,5.0,4.0,False,0|0|0|0|0|4|0|0|0,2|0|1|0|0|1|0|0|0,100.0,-120.0,-109.0,-101.0,1.5,7.0,sbro,,,,,JHAMMEL-R,TKOEHLER-R,,,,,,,,
2014,2014-06-16,NYM,STL,2.0,6.0,False,0|0|1|0|0|0|0|1|0,1|0|1|0|4|0|0|0|x,125.0,-145.0,145.0,-160.0,-1.5,8.5,sbro,,,,,JDEGROM-R,CMARTINEZ-R,,,,,,,,
2014,2014-06-16,MIL,ARI,9.0,3.0,False,0|2|1|0|0|0|0|3|3,0|3|0|0|0|0|0|0|0,-110.0,-110.0,113.0,-123.0,-1.5,8.5,sbro,,,,,WPERALTA-R,BMCCARTHY-R,,,,,,,,
2014,2014-06-16,COL,LOS,1.0,6.0,False,0|0|0|1|0|0|0|0|0,0|0|2|0|1|2|0|1|x,155.0,-175.0,140.0,-155.0,-1.5,7.0,sbro,,,,,TMATZEK-L,HRYU-L,,,,,,,,
2014,2014-06-16,LAA,CLE,3.0,4.0,False,0|2|0|1|0|0|0|0|0,2|0|1|1|0|0|0|0|x,-120.0,100.0,-109.0,-101.0,1.5,9.5,sbro,,,,,JWEAVER-R,TBAUER-R,,,,,,,,
2014,2014-06-16,KAN,DET,11.0,8.0,False,0|0|0|0|4|3|4|0|0,0|0|1|1|0|0|0|0|6,130.0,-150.0,124.0,-139.0,-1.5,8.5,sbro,,,,,JVARGAS-L,VERLANDER-R,,,,,,,,
2014,2014-06-16,MIN,BOS,0.0,1.0,False,0|0|0|0|0|0|0|0|0,0|0|0|0|1|0|0|0|x,130.0,-150.0,155.0,-175.0,-1.5,9.0,sbro,,,,,KCORREIA-R,RDELAROSA-R,,,,,,,,
2014,2014-06-16,BAL,TAM,4.0,5.0,False,0|0|0|0|0|2|0|1|1,1|0|0|2|0|0|0|2|x,-111.0,-109.0,117.0,-127.0,-1.5,7.0,sbro,,,,,WCHEN-L,JODORIZZI-R,,,,,,,,
2014,2014-06-16,TEX,OAK,14.0,8.0,False,0|2|0|6|2|1|0|1|2,2|0|0|0|1|4|1|0|0,140.0,-160.0,154.0,-174.0,-1.5,8.0,sbro,,,,,CLEWIS-R,DPOMERANZ-L,,,,,,,,
2014,2014-06-16,SDG,SEA,1.0,5.0,False,0|0|0|0|0|0|0|0|1,3|2|0|0|0|0|0|0|x,105.0,-125.0,-127.0,117.0,1.5,7.0,sbro,,,,,TROSS-R,CYOUNG-R,,,,,,,,
2014,2014-06-17,CIN,PIT,6.0,5.0,False,1|0|0|2|0|0|2|0|1,0|1|1|0|0|0|3|0|0,-130.0,110.0,-117.0,107.0,1.5,7.0,sbro,,,,,JCUETO-R,BCUMPTON-R,,,,,,,,
2014,2014-06-17,PHI,ATL,5.0,2.0,False,2|0|0|2|0|0|0|0|1,0|0|0|0|1|0|1|0|0,145.0,-165.0,157.0,-177.0,-1.5,7.0,sbro,,,,,KKENDRICK-R,ESANTANA-R,,,,,,,,
2014,2014-06-17,CUB,MIA,5.0,6.0,False,0|3|0|0|0|0|1|0|1,1|0|0|2|0|0|3|0|x,-120.0,100.0,-110.0,100.0,1.5,7.0,sbro,,,,,SAMARDZIJA-R,DESCLAFANI-R,,,,,,,,
2014,2014-06-17,NYM,STL,2.0,5.0,False,0|0|0|1|0|0|0|0|1,0|1|0|0|2|2|0|0|x,160.0,-180.0,155.0,-175.0,-1.5,7.5,sbro,,,,,JNIESE-L,MWACHA-R,,,,,,,,
2014,2014-06-17,MIL,ARI,7.0,5.0,False,0|1|0|0|0|1|5|0|0,3|0|0|0|1|0|0|0|1,-114.0,-106.0,-123.0,113.0,1.5,9.0,sbro,,,,,KLOHSE-R,BOLSINGER-R,,,,,,,,
2014,2014-06-17,COL,LOS,2.0,4.0,False,0|0|0|0|0|1|1|0|0,0|0|2|1|0|0|1|0|x,170.0,-190.0,155.0,-175.0,-1.5,7.0,sbro,,,,,JCHACIN-R,ZGREINKE-R,,,,,,,,
2014,2014-06-17,LAA,CLE,9.0,3.0,False,1|0|0|0|4|1|1|0|2,0|1|0|1|0|0|0|0|1,100.0,-120.0,110.0,-120.0,-1.5,9.5,sbro,,,,,SHOEMAKER-R,JTOMLIN-R,,,,,,,,
2014,2014-06-17,TOR,NYY,1.0,3.0,False,1|0|0|0|0|0|0|0|0,0|0|2|0|1|0|0|0|x,160.0,-180.0,157.0,-177.0,-1.5,8.0,sbro,,,,,MSTROMAN-R,MTANAKA-R,,,,,,,,
2014,2014-06-17,KAN,DET,11.0,4.0,False,0|7|0|0|3|0|1|0|0,0|2|0|0|1|0|0|1|0,134.0,-154.0,135.0,-150.0,-1.5,8.0,sbro,,,,,YVENTURA-R,MSCHERZER-R,,,,,,,,
2014,2014-06-17,MIN,BOS,1.0,2.0,False,0|0|0|0|0|1|0|0|0,1|0|1|0|0|0|0|0|x,140.0,-160.0,150.0,-165.0,-1.5,8.5,sbro,,,,,PHUGHES-R,JLESTER-L,,,,,,,,
2014,2014-06-17,BAL,TAM,7.0,5.0,False,0|0|5|0|0|0|2|0|0,0|0|2|0|2|0|0|1|0,100.0,-120.0,108.0,-118.0,-1.5,7.5,sbro,,,,,MGONZALEZ-R,EBEDARD-L,,,,,,,,
2014,2014-06-17,TEX,OAK,6.0,10.0,False,1|0|0|0|1|1|3|0|0,0|2|1|1|1|3|0|2|x,-115.0,-105.0,-109.0,-101.0,1.5,7.0,sbro,,,,,YDARVISH-R,TMILONE-L,,,,,,,,
2014,2014-06-17,SDG,SEA,1.0,6.0,False,0|1|0|0|0|0|0|0|0,0|2|0|0|2|0|2|0|x,100.0,-120.0,115.0,-130.0,-1.5,7.0,sbro,,,,,ESTULTS-L,RELIAS-L,,,,,,,,
2014,2014-06-17,HOU,WAS,5.0,6.0,False,0|0|0|1|0|0|0|4|0,2|0|2|0|0|2|0|0|x,120.0,-140.0,138.0,-153.0,-1.5,7.5,sbro,,,,,DKEUCHEL-L,TROARK-R,,,,,,,,
2014,2014-06-17,SFO,CWS,2.0,8.0,False,1|0|1|0|0|0|0|0|0,0|0|2|3|3|0|0|0|x,-130.0,110.0,-115.0,105.0,1.5,9.0,sbro,,,,,MCAIN-R,JDANKS-L,,,,,,,,
2014,2014-06-18,PHI,ATL,10.0,5.0,False,2|5|0|1|1|0|0|1|0,4|0|0|1|0|0|0|0|0,140.0,-160.0,170.0,-190.0,-1.5,7.5,sbro,,,,,RHERNANDZ-R,AHARANG-R,,,,,,,,
2014,2014-06-18,CUB,MIA,6.0,1.0,False,1|0|0|0|0|4|0|1|0,1|0|0|0|0|0|0|0|0,110.0,-130.0,116.0,-126.0,-1.5,7.0,sbro,,,,,JARRIETA-R,NEOVALDI-R,,,,,,,,
2014,2014-06-18,NYM,STL,3.0,2.0,False,0|0|0|0|0|2|1|0|0,1|0|0|0|0|0|0|0|1,145.0,-165.0,125.0,-140.0,-1.5,7.5,sbro,,,,,BCOLON-R,LLYNN-R,,,,,,,,
2014,2014-06-18,CIN,PIT,11.0,4.0,False,0|1|7|1|0|0|0|0|2,0|0|0|0|1|0|2|0|1,100.0,-120.0,117.0,-132.0,-1.5,8.0,sbro,,,,,ASIMON-R,EVOLQUEZ-R,,,,,,,,
2014,2014-06-18,MIL,ARI,3.0,4.0,False,0|0|0|3|0|0|0|0|0,2|0|1|0|0|0|0|0|1,-120.0,100.0,-110.0,100.0,1.5,9.0,sbro,,,,,MGARZA-R,WMILEY-L,,,,,,,,
2014,2014-06-18,COL,LOS,0.0,8.0,False,0|0|0|0|0|0|0|0|0,2|0|5|1|0|0|0|0|x,170.0,-200.0,185.0,-215.0,-1.5,6.5,sbro,,,,,JDELAROSA-L,CKERSHAW-L,,,,,,,,
2014,2014-06-18,KAN,DET,2.0,1.0,False,1|0|0|0|1|0|0|0|0,0|0|0|0|0|0|1|0|0,125.0,-145.0,125.0,-140.0,-1.5,8.5,sbro,,,,,JGUTHRIE-R,DSMYLY-L,,,,,,,,
2014,2014-06-18,BAL,TAM,2.0,0.0,False,0|0|0|0|1|0|0|1|0,0|0|0|0|0|0|0|0|0,125.0,-145.0,129.0,-144.0,-1.5,7.0,sbro,,,,,KGAUSMAN-R,ACOBB-R,,,,,,,,
2014,2014-06-18,MIN,BOS,1.0,2.0,False,0|0|0|0|0|0|0|0|0,0|0|0|0|0|0|0|0|0,145.0,-165.0,174.0,-194.0,-1.5,9.0,sbro,,,,,KGIBSON-R,JLACKEY-R,,,,,,,,
2014,2014-06-18,TEX,OAK,2.0,4.0,False,0|0|0|0|2|0|0|0|0,0|0|2|0|2|0|0|0|x,160.0,-180.0,160.0,-180.0,-1.5,8.0,sbro,,,,,NTEPESCH-R,SGRAY-R,,,,,,,,
2014,2014-06-18,TOR,NYY,3.0,7.0,False,0|0|0|2|0|0|0|1|0,1|0|0|2|0|0|4|0|x,-105.0,-115.0,103.0,-113.0,-1.5,9.0,sbro,,,,,MBUEHRLE-L,CWHITLEY-R,,,,,,,,
2014,2014-06-18,SFO,CWS,6.0,7.0,False,0|0|0|0|2|0|1|2|1,2|0|0|2|3|0|0|0|x,105.0,-125.0,136.0,-151.0,-1.5,7.0,sbro,,,,,THUDSON-R,CSALE-L,,,,,,,,
2014,2014-06-18,HOU,WAS,5.0,6.0,False,0|0|0|4|0|0|1|0|0,1|0|1|0|0|0|4|0|x,150.0,-170.0,150.0,-170.0,-1.5,8.0,sbro,,,,,SFELDMAN-R,GGONZALEZ-L,,,,,,,,
2014,2014-06-18,SEA,SDG,1.0,2.0,False,0|1|0|0|0|0|0|0|0,0|0|0|0|0|1|0|1|x,-125.0,105.0,-141.0,126.0,1.5,6.0,sbro,,,,,FHERNANDZ-R,ACASHNER-R,,,,,,,,
2014,2014-06-19,CIN,PIT,3.0,4.0,False,1|0|0|1|0|0|0|0|1,0|0|0|0|3|0|0|0|0,100.0,-120.0,-113.0,103.0,1.5,7.0,sbro,,,,,HBAILEY-R,JLOCKE-L,,,,,,,,
2014,2014-06-19,MIL,ARI,4.0,1.0,False,0|0|0|0|2|1|0|1|0,0|0|0|0|1|0|0|0|0,-130.0,110.0,101.0,-111.0,-1.5,7.5,sbro,,,,,YGALLARDO-R,CANDERSON-R,,,,,,,,
2014,2014-06-19,ATL,WAS,3.0,0.0,False,0|0|0|2|0|0|0|1|0,0|0|0|0|0|0|0|0|0,130.0,-150.0,124.0,-139.0,-1.5,7.5,sbro,,,,,GFLOYD-R,JZIMMERMN-R,,,,,,,,
2014,2014-06-19,NYM,MIA,1.0,0.0,False,1|0|0|0|0|0|0|0|0,0|0|0|0|0|0|0|0|0,100.0,-120.0,118.0,-133.0,-1.5,7.5,sbro,,,,,ZWHEELER-R,AHEANEY-L,,,,,,,,
2014,2014-06-19,PHI,STL,4.0,1.0,False,0|0|0|2|0|2|0|0|0,0|0|0|0|0|0|0|1|0,180.0,-210.0,152.0,-167.0,-1.5,8.0,sbro,,,,,DBUCHANAN-R,SMILLER-R,,,,,,,,
2014,2014-06-19,LAA,CLE,3.0,5.0,False,0|1|0|0|0|0|0|0|0,0|0|1|0|0|0|0|0|0,-130.0,110.0,-124.0,114.0,1.5,8.5,sbro,,,,,CWILSON-L,MASTERSON-R,,,,,,,,
2014,2014-06-19,KAN,DET,1.0,2.0,False,1|0|0|0|0|0|0|0|0,0|0|0|2|0|0|0|0|x,130.0,-150.0,150.0,-165.0,-1.5,8.0,sbro,,,,,DDUFFY-L,ASANCHEZ-R,,,,,,,,
2014,2014-06-19,TOR,NYY,4.0,6.0,False,0|0|2|0|0|0|0|2|0,1|1|1|0|1|1|1|0|x,-114.0,-106.0,-109.0,-101.0,1.5,9.0,sbro,,,,,HUTCHISON-R,DPHELPS-R,,,,,,,,
2014,2014-06-19,HOU,TAM,0.0,5.0,False,0|0|0|0|0|0|0|0|0,0|0|0|2|0|0|3|0|x,130.0,-150.0,146.0,-161.0,-1.5,7.0,sbro,,,,,CMCHUGH-R,CARCHER-R,,,,,,,,
2014,2014-06-19,CWS,MIN,2.0,4.0,False,0|0|2|0|0|0|0|0|0,0|1|1|0|0|0|0|2|x,-114.0,-106.0,-106.0,-104.0,1.5,8.5,sbro,,,,,JQUINTANA-L,YPINO-R,,,,,,,,
2014,2014-06-19,BOS,OAK,2.0,4.0,False,0|0|0|0|0|2|0|0|0,0|1|0|2|0|0|1|0|x,145.0,-165.0,150.0,-170.0,-1.5,7.5,sbro,,,,,JPEAVY-R,SKAZMIR-L,,,,,,,,
2014,2014-06-19,SEA,SDG,1.0,4.0,False,0|0|0|0|1|0|0|0|0,0|0|0|0|0|0|4|0|x,110.0,-130.0,132.0,-147.0,-1.5,7.0,sbro,,,,,ERAMIREZ-R,JHAHN-R,,,,,,,,
2014,2014-06-20,PIT,CUB,3.0,6.0,False,0|0|0|0|3|0|0|0|0,0|0|5|0|1|0|0|0|x,-130.0,110.0,-124.0,114.0,1.5,8.5,sbro,,,,,CMORTON-R,EJACKSON-R,,,,,,,,
2014,2014-06-20,ATL,WAS,6.0,4.0,False,1|0|0|1|2|0|0|0|0,0|1|0|0|0|0|1|0|2,150.0,-170.0,135.0,-150.0,-1.5,7.0,sbro,,,,,MMINOR-L,STRASBURG-R,,,,,,,,
2014,2014-06-20,NYM,MIA,2.0,3.0,False,0|0|0|0|0|0|0|2|0,1|0|0|0|0|0|2|0|x,120.0,-140.0,137.0,-152.0,-1.5,7.5,sbro,,,,,DMATSUZKA-R,HALVAREZ-R,,,,,,,,
2014,2014-06-20,PHI,STL,5.0,1.0,False,0|0|0|0|2|3|0|0|0,0|0|1|0|0|0|0|0|0,140.0,-160.0,161.0,-181.0,-1.5,7.5,sbro,,,,,ABURNETT-R,JGARCIA-L,,,,,,,,
2014,2014-06-20,MIL,COL,13.0,10.0,False,3|1|3|1|0|3|1|0|1,2|4|0|0|0|2|2|0|0,-113.0,-107.0,-102.0,-108.0,-1.5,11.0,sbro,,,,,MESTRADA-R,CBERGMAN-R,,,,,,,,
2014,2014-06-20,SFO,ARI,1.0,4.0,False,1|0|0|0|0|0|0|0|0,0|0|0|2|1|1|0|0|x,-105.0,-115.0,108.0,-118.0,-1.5,8.5,sbro,,,,,TLINCECUM-R,COLLMENTER-R,,,,,,,,
2014,2014-06-20,LOS,SDG,5.0,6.0,False,2|0|0|0|3|0|0|0|0,1|0|0|0|1|1|0|0|3,-120.0,100.0,104.0,-114.0,-1.5,7.0,sbro,,,,,DHAREN-R,IKENNEDY-R,,,,,,,,
2014,2014-06-20,BAL,NYY,3.0,5.0,False,0|0|0|0|0|2|0|0|1,1|0|0|0|0|0|0|0|4,110.0,-130.0,132.0,-147.0,-1.5,8.5,sbro,,,,,UJIMENEZ-R,HKURODA-R,,,,,,,,
2014,2014-06-20,DET,CLE,6.0,4.0,False,0|0|0|2|0|0|0|3|1,0|0|0|0|0|0|0|4|0,100.0,-120.0,139.0,-154.0,-1.5,8.0,sbro,,,,,RPORCELLO-R,CKLUBER-R,,,,,,,,
2014,2014-06-20,HOU,TAM,3.0,1.0,False,0|0|2|0|0|0|0|0|1,0|0|0|0|0|0|0|0|1,155.0,-175.0,160.0,-180.0,-1.5,7.0,sbro,,,,,JCOSART-R,DPRICE-L,,,,,,,,
2014,2014-06-20,SEA,KAN,7.0,5.0,False,1|0|0|1|3|0|0|0|2,0|0|0|0|3|2|0|0|0,115.0,-135.0,126.0,-141.0,-1.5,7.5,sbro,,,,,HIWAKUMA-R,JSHIELDS-R,,,,,,,,
2014,2014-06-20,CWS,MIN,4.0,5.0,False,2|0|0|0|0|0|0|0|2,0|3|1|0|0|0|0|0|1,100.0,-120.0,135.0,-150.0,-1.5,9.0,sbro,,,,,HNOESI-R,RNOLASCO-R,,,,,,,,
2014,2014-06-20,BOS,OAK,3.0,4.0,False,0|2|1|0|0|0|0|0|0,3|0|0|0|0|0|0|1|x,110.0,-130.0,150.0,-165.0,-1.5,8.5,sbro,,,,,FDOUBRONT-L,BMILLS-L,,,,,,,,
2014,2014-06-20,TEX,LAA,3.0,7.0,False,0|0|1|0|0|0|1|1|0,0|0|1|3|3|0|0|0|x,145.0,-165.0,173.0,-193.0,-1.5,8.5,sbro,,,,,JSAUNDERS-L,GRICHARDS-R,,,,,,,,
2014,2014-06-20,TOR,CIN,14.0,9.0,False,0|0|3|0|0|2|3|1|5,0|8|0|0|1|0|0|0|0,120.0,-140.0,135.0,-150.0,-1.5,8.5,sbro,,,,,LHENDRIKS-R,MLATOS-R,,,,,,,,
2014,2014-06-21,PHI,STL,1.0,4.0,False,0|0|1|0|0|0|0|0|0,0|1|0|0|0|0|0|3|x,140.0,-160.0,130.0,-145.0,-1.5,7.0,sbro,,,,,CHAMELS-L,WAINWRIGHT-R,,,,,,,,
2014,2014-06-21,NYM,MIA,4.0,0.0,False,0|0|0|1|0|1|0|0|2,0|0|0|0|0|0|0|0|0,110.0,-130.0,100.0,-110.0,-1.5,7.5,sbro,,,,,JDEGROM-R,TKOEHLER-R,,,,,,,,
2014,2014-06-21,MIL,COL,9.0,4.0,False,0|4|4|0|1|0|0|0|0,2|0|0|0|0|2|0|0|0,-125.0,105.0,-145.0,130.0,1.5,12.0,sbro,,,,,WPERALTA-R,FRIEDRICH-L,,,,,,,,
2014,2014-06-21,PIT,CUB,5.0,3.0,False,0|0|1|0|2|0|2|0|0,0|0|0|2|0|0|1|0|0,-114.0,-106.0,-115.0,105.0,1.5,8.5,sbro,,,,,VWORLEY-R,TWOOD-L,,,,,,,,
2014,2014-06-21,ATL,WAS,0.0,3.0,False,0|0|0|0|0|0|0|0|0,0|0|1|0|0|1|1|0|x,110.0,-130.0,102.0,-112.0,-1.5,7.0,sbro,,,,,JTEHERAN-R,DFISTER-R,,,,,,,,
2014,2014-06-21,SFO,ARI,6.0,4.0,False,3|1|0|0|1|1|0|0|0,0|2|0|0|2|0|0|0|0,100.0,-120.0,113.0,-123.0,-1.5,8.0,sbro,,,,,VOGELSONG-R,BMCCARTHY-R,,,,,,,,
2014,2014-06-21,LOS,SDG,4.0,2.0,False,0|0|2|0|1|0|0|1|0,0|0|0|0|0|0|0|2|0,-115.0,-105.0,-109.0,-101.0,1.5,6.5,sbro,,,,,JBECKETT-R,TROSS-R,,,,,,,,
2014,2014-06-21,BAL,NYY,6.0,1.0,False,1|0|0|2|2|0|0|1|0,0|0|0|1|0|0|0|0|0,100.0,-120.0,-114.0,104.0,1.5,9.0,sbro,,,,,BNORRIS-R,VNUNO-L,,,,,,,,
2014,2014-06-21,CWS,MIN,3.0,4.0,False,1|1|0|0|0|0|0|0|1,0|1|0|0|3|0|0|0|x,110.0,-130.0,117.0,-127.0,-1.5,9.5,sbro,,,,,ARIENZO-R,KCORREIA-R,,,,,,,,
2014,2014-06-21,SEA,KAN,2.0,1.0,False,0|0|1|0|0|0|0|0|1,0|0|0|0|1|0|0|0|0,130.0,-150.0,158.0,-178.0,-1.5,9.0,sbro,,,,,CYOUNG-R,JVARGAS-L,,,,,,,,
2014,2014-06-21,BOS,OAK,1.0,2.0,False,0|0|0|0|0|0|0|1|0,0|0|1|0|0|0|0|0|0,130.0,-150.0,129.0,-144.0,-1.5,8.0,sbro,,,,,RDELAROSA-R,JCHAVEZ-R,,,,,,,,
2014,2014-06-21,HOU,TAM,0.0,8.0,False,0|0|0|0|0|0|0|0|0,2|0|0|0|3|0|0|3|x,140.0,-160.0,175.0,-195.0,-1.5,7.5,sbro,,,,,JBUCHANAN-R,JODORIZZI-R,,,,,,,,
2014,2014-06-21,DET,CLE,5.0,4.0,False,0|1|0|0|0|1|2|0|0,0|1|0|1|0|0|0|1|1,-113.0,-107.0,-106.0,-104.0,1.5,8.5,sbro,,,,,VERLANDER-R,TBAUER-R,,,,,,,,
2014,2014-06-21,TEX,LAA,2.0,3.0,False,1|0|0|0|0|0|0|0|1,0|0|0|0|0|1|0|1|0,165.0,-185.0,170.0,-200.0,-1.5,8.5,sbro,,,,,NMARTINEZ-R,JWEAVER-R,,,,,,,,
2014,2014-06-21,TOR,CIN,1.0,11.0,False,0|0|0|0|0|0|1|0|0,3|0|1|4|0|0|3|0|x,115.0,-135.0,114.0,-124.0,-1.5,9.0,sbro,,,,,JHAPP-L,MLEAKE-R,,,,,,,,
2014,2014-06-22,NYM,MIA,11.0,5.0,False,0|2|2|3|0|0|4|0|0,0|0|0|0|0|3|0|0|2,-115.0,-105.0,106.0,-116.0,-1.5,7.5,sbro,,,,,JNIESE-L,DESCLAFANI-R,,,,,,,,
2014,2014-06-22,ATL,WAS,1.0,4.0,False,0|0|0|0|0|1|0|0|0,2|0|0|0|1|0|0|1|x,120.0,-140.0,109.0,-119.0,-1.5,7.0,sbro,,,,,ESANTANA-R,TROARK-R,,,,,,,,
2014,2014-06-22,PHI,STL,3.0,5.0,False,0|3|0|0|0|0|0|0|0,0|0|0|4|0|1|0|0|x,130.0,-150.0,140.0,-155.0,-1.5,8.5,sbro,,,,,KKENDRICK-R,CMARTINEZ-R,,,,,,,,
2014,2014-06-22,PIT,CUB,2.0,1.0,False,0|0|2|0|0|0|0|0|0,0|0|0|0|0|0|0|0|1,105.0,-125.0,109.0,-119.0,-1.5,7.0,sbro,,,,,BCUMPTON-R,JHAMMEL-R,,,,,,,,
2014,2014-06-22,MIL,COL,6.0,5.0,False,0|3|0|0|2|0|0|0|1,0|1|2|0|0|0|0|1|1,-125.0,105.0,-124.0,114.0,1.5,11.0,sbro,,,,,KLOHSE-R,TMATZEK-L,,,,,,,,
2014,2014-06-22,SFO,ARI,4.0,1.0,False,0|0|0|0|1|0|0|0|3,0|0|0|0|0|0|0|0|1,-150.0,130.0,-126.0,116.0,1.5,8.0,sbro,,,,,BUMGARNER-L,BOLSINGER-R,,,,,,,,
2014,2014-06-22,LOS,SDG,2.0,1.0,False,1|1|0|0|0|0|0|0|0,0|0|0|0|0|1|0|0|0,-140.0,120.0,-162.0,147.0,1.5,7.0,sbro,,,,,HRYU-L,ESTULTS-L,,,,,,,,
2014,2014-06-22,BAL,NYY,8.0,0.0,False,0|1|0|0|0|0|2|4|1,0|0|0|0|0|0|0|0|0,170.0,-200.0,205.0,-235.0,-1.5,7.5,sbro,,,,,CTILLMAN-R,MTANAKA-R,,,,,,,,
2014,2014-06-22,DET,CLE,10.0,4.0,False,1|0|1|0|7|1|0|0|0,0|0|0|0|1|0|0|0|3,-125.0,105.0,-106.0,-104.0,1.5,8.0,sbro,,,,,MSCHERZER-R,JTOMLIN-R,,,,,,,,
2014,2014-06-22,HOU,TAM,2.0,5.0,False,1|0|1|0|0|0|0|0|0,1|0|0|0|0|3|0|1|x,-113.0,-107.0,119.0,-129.0,-1.5,7.0,sbro,,,,,DKEUCHEL-L,EBEDARD-L,,,,,,,,
2014,2014-06-22,SEA,KAN,2.0,1.0,False,0|0|0|0|1|0|1|0|0,0|1|0|0|0|0|0|0|0,120.0,-140.0,125.0,-140.0,-1.5,8.5,sbro,,,,,RELIAS-L,YVENTURA-R,,,,,,,,
2014,2014-06-22,CWS,MIN,5.0,6.0,False,0|0|5|0|0|0|0|0|0,1|2|0|3|0|0|0|0|x,120.0,-140.0,135.0,-150.0,-1.5,8.0,sbro,,,,,JDANKS-L,PHUGHES-R,,,,,,,,
2014,2014-06-22,BOS,OAK,7.0,6.0,False,2|1|1|0|1|0|0|1|0,0|1|0|0|0|0|0|3|2,110.0,-130.0,110.0,-120.0,-1.5,7.5,sbro,,,,,JLESTER-L,TMILONE-L,,,,,,,,
2014,2014-06-22,TEX,LAA,2.0,5.0,False,0|0|0|0|0|1|0|0|1,1|0|0|4|0|0|0|0|x,-125.0,105.0,-114.0,104.0,1.5,7.0,sbro,,,,,YDARVISH-R,SHOEMAKER-R,,,,,,,,
2014,2014-06-22,TOR,CIN,3.0,4.0,False,0|0|2|0|0|0|0|1|0,1|0|0|1|2|0|0|0|x,145.0,-165.0,123.0,-138.0,-1.5,7.5,sbro,,,,,RDICKEY-R,JCUETO-R,,,,,,,,
2014,2014-06-23,MIA,PHI,4.0,0.0,False,2|0|0|0|0|0|0|0|2,0|0|0|0|0|0|0|0|0,-114.0,-106.0,-104.0,-106.0,-1.5,8.5,sbro,,,,,NEOVALDI-R,RHERNANDZ-R,,,,,,,,
2014,2014-06-23,CIN,CUB,6.0,1.0,False,1|0|0|0|0|0|0|0|5,0|0|0|0|0|1|0|0|0,-105.0,-115.0,101.0,-111.0,-1.5,8.5,sbro,,,,,ASIMON-R,SAMARDZIJA-R,,,,,,,,
2014,2014-06-23,WAS,MIL,3.0,0.0,False,0|0|3|0|0|0|0|0|0,0|0|0|0|0|0|0|0|0,110.0,-130.0,125.0,-140.0,-1.5,8.5,sbro,,,,,GGONZALEZ-L,MGARZA-R,,,,,,,,
2014,2014-06-23,STL,COL,8.0,0.0,False,0|0|3|1|1|0|3|0|0,0|0|0|0|0|0|0|0|0,-115.0,-105.0,-105.0,-105.0,1.5,10.0,sbro,,,,,LLYNN-R,JCHACIN-R,,,,,,,,
2014,2014-06-23,SDG,SFO,6.0,0.0,False,0|0|0|3|0|0|0|3|0,0|0|0|0|0|0|0|0|0,115.0,-135.0,148.0,-163.0,-1.5,7.0,sbro,,,,,DESPAIGNE-R,MCAIN-R,,,,,,,,
2014,2014-06-23,NYY,TOR,3.0,8.0,False,0|0|0|1|0|0|0|0|2,1|6|0|1|0|0|0|0|x,-105.0,-115.0,114.0,-124.0,-1.5,9.0,sbro,,,,,CWHITLEY-R,MSTROMAN-R,,,,,,,,
2014,2014-06-23,CWS,BAL,4.0,6.0,False,0|0|1|0|0|2|1|0|0,2|0|0|0|0|0|0|1|3,-130.0,110.0,-110.0,100.0,1.5,7.0,sbro,,,,,CSALE-L,WCHEN-L,,,,,,,,
2014,2014-06-23,BOS,SEA,3.0,12.0,False,1|0|0|1|0|0|0|0|1,0|1|0|6|1|0|4|0|x,135.0,-155.0,130.0,-145.0,-1.5,6.0,sbro,,,,,JLACKEY-R,FHERNANDZ-R,,,,,,,,
2014,2014-06-23,PIT,TAM,8.0,1.0,False,2|0|4|0|0|0|0|1|1,1|0|0|0|0|0|0|0|0,130.0,-150.0,143.0,-158.0,-1.5,7.0,sbro,,,,,EVOLQUEZ-R,ACOBB-R,,,,,,,,
2014,2014-06-23,LOS,KAN,3.0,5.0,False,0|0|0|0|0|0|0|2|1,0|2|0|0|1|2|0|0|x,-135.0,115.0,-104.0,-106.0,-1.5,7.5,sbro,,,,,ZGREINKE-R,JGUTHRIE-R,,,,,,,,
2014,2014-06-24,MIA,PHI,4.0,7.0,False,0|1|0|0|1|0|0|2|0,3|1|0|0|0|3|0|0|x,-114.0,-106.0,-120.0,110.0,1.5,8.0,sbro,,,,,AHEANEY-L,DBUCHANAN-R,,,,,,,,
2014,2014-06-24,CIN,CUB,3.0,7.0,False,0|0|0|0|0|0|2|0|1,0|0|0|1|1|2|0|3|x,-114.0,-106.0,-119.0,109.0,1.5,7.0,sbro,,,,,HBAILEY-R,JARRIETA-R,,,,,,,,
2014,2014-06-24,WAS,MIL,4.0,2.0,False,1|0|0|0|0|0|0|1|0,0|0|0|0|2|0|0|0|0,105.0,-125.0,105.0,-115.0,-1.5,7.5,sbro,,,,,JZIMMERMN-R,YGALLARDO-R,,,,,,,,
2014,2014-06-24,STL,COL,5.0,10.0,False,0|0|1|3|1|0|0|0|0,3|0|0|3|0|0|2|2|x,-115.0,-105.0,110.0,-120.0,-1.5,10.5,sbro,,,,,SMILLER-R,JDELAROSA-L,,,,,,,,
2014,2014-06-24,SDG,SFO,7.0,2.0,False,0|0|1|0|2|3|0|1|0,0|0|0|0|1|1|0|0|0,140.0,-160.0,133.0,-148.0,-1.5,6.5,sbro,,,,,JHAHN-R,THUDSON-R,,,,,,,,
2014,2014-06-24,NYY,TOR,6.0,7.0,False,0|0|0|0|0|1|5|0|0,0|0|0|3|3|0|0|0|1,115.0,-135.0,119.0,-129.0,-1.5,9.0,sbro,,,,,DPHELPS-R,MBUEHRLE-L,,,,,,,,
2014,2014-06-24,CWS,BAL,4.0,2.0,False,1|1|0|1|0|0|0|1|0,0|0|0|0|0|1|0|0|1,125.0,-145.0,114.0,-124.0,-1.5,8.5,sbro,,,,,JQUINTANA-L,MGONZALEZ-R,,,,,,,,
2014,2014-06-24,DET,TEX,8.0,2.0,False,1|0|0|0|0|0|5|2|0,0|0|1|0|0|0|0|0|1,-130.0,110.0,-113.0,103.0,1.5,9.5,sbro,,,,,DSMYLY-L,CLEWIS-R,,,,,,,,
2014,2014-06-24,MIN,LAA,6.0,8.0,False,0|5|0|0|1|0|0|0|0,5|2|0|0|0|0|0|1|x,165.0,-185.0,155.0,-175.0,-1.5,8.0,sbro,,,,,KGIBSON-R,CWILSON-L,,,,,,,,
2014,2014-06-24,BOS,SEA,2.0,8.0,False,0|0|0|2|0|0|0|0|0,2|1|0|0|4|0|0|1|x,-120.0,100.0,-107.0,-103.0,1.5,7.5,sbro,,,,,JPEAVY-R,ERAMIREZ-R,,,,,,,,
2014,2014-06-24,OAK,NYM,1.0,10.0,False,1|0|0|0|0|0|0|0|0,0|3|4|0|1|2|0|0|x,-135.0,115.0,-125.0,115.0,1.5,7.0,sbro,,,,,SKAZMIR-L,BCOLON-R,,,,,,,,
2014,2014-06-24,PIT,TAM,6.0,5.0,False,1|0|3|0|0|1|0|1|0,0|0|0|0|1|0|0|2|2,130.0,-150.0,116.0,-126.0,-1.5,7.0,sbro,,,,,JLOCKE-L,CARCHER-R,,,,,,,,
2014,2014-06-24,LOS,KAN,2.0,0.0,False,1|0|0|0|0|0|0|0|1,0|0|0|0|0|0|0|0|0,-140.0,120.0,-150.0,135.0,1.5,7.0,sbro,,,,,CKERSHAW-L,DDUFFY-L,,,,,,,,
2014,2014-06-24,ATL,HOU,3.0,2.0,False,0|1|1|1|0|0|0|0|0,1|0|0|1|0|0|0|0|0,-120.0,100.0,-119.0,109.0,1.5,8.5,sbro,,,,,AHARANG-R,SFELDMAN-R,,,,,,,,
2014,2014-06-24,CLE,ARI,8.0,9.0,False,0|4|1|0|0|0|0|0|1,1|1|0|2|1|1|0|0|0,-105.0,-115.0,119.0,-129.0,-1.5,8.0,sbro,,,,,MASTERSON-R,WMILEY-L,,,,,,,,
2014,2014-06-25,WAS,MIL,2.0,9.0,False,0|1|0|1|0|0|0|0|0,0|4|0|1|2|2|0|0|x,-130.0,110.0,-145.0,130.0,1.5,7.0,sbro,,,,,STRASBURG-R,MESTRADA-R,,,,,,,,
2014,2014-06-25,STL,COL,9.0,6.0,False,0|0|1|0|3|0|1|2|2,0|0|0|5|0|1|0|0|0,-115.0,-105.0,-132.0,117.0,1.5,11.5,sbro,,,,,MGONZALES-L,YFLANDE-L,,,,,,,,
2014,2014-06-25,SDG,SFO,0.0,4.0,False,0|0|0|0|0|0|0|0|0,0|1|1|0|0|0|2|0|x,115.0,-135.0,102.0,-112.0,-1.5,7.0,sbro,,,,,IKENNEDY-R,TLINCECUM-R,,,,,,,,
2014,2014-06-25,CIN,CUB,4.0,1.0,False,1|0|0|0|0|3|0|0|0,0|0|0|1|0|0|0|0|0,-140.0,120.0,-145.0,130.0,1.5,7.0,sbro,,,,,MLATOS-R,EJACKSON-R,,,,,,,,
2014,2014-06-25,MIA,PHI,3.0,2.0,False,0|0|0|3|0|0|0|0|0,0|0|0|0|1|1|0|0|0,104.0,-124.0,100.0,-110.0,-1.5,8.0,sbro,,,,,HALVAREZ-R,ABURNETT-R,,,,,,,,
2014,2014-06-25,CWS,BAL,4.0,5.0,False,0|0|0|1|1|0|2|0|0,0|0|0|0|0|0|0|4|0,140.0,-160.0,129.0,-144.0,-1.5,9.0,sbro,,,,,HNOESI-R,UJIMENEZ-R,,,,,,,,
2014,2014-06-25,NYY,TOR,5.0,3.0,False,0|0|4|0|0|0|1|0|0,1|0|0|0|2|0|0|0|0,105.0,-125.0,105.0,-115.0,-1.5,9.0,sbro,,,,,HKURODA-R,HUTCHISON-R,,,,,,,,
2014,2014-06-25,DET,TEX,8.0,6.0,False,3|0|2|0|2|0|0|1|0,0|0|0|3|0|1|1|0|1,-140.0,120.0,-140.0,125.0,1.5,9.0,sbro,,,,,ASANCHEZ-R,JSAUNDERS-L,,,,,,,,
2014,2014-06-25,MIN,LAA,2.0,6.0,False,0|1|0|0|0|0|0|1|0,0|3|2|0|0|0|0|1|x,175.0,-195.0,175.0,-195.0,-1.5,8.0,sbro,,,,,YPINO-R,GRICHARDS-R,,,,,,,,
2014,2014-06-25,BOS,SEA,5.0,4.0,False,2|0|2|0|1|0|0|0|0,0|3|0|0|0|0|0|1|0,120.0,-140.0,116.0,-126.0,-1.5,7.5,sbro,,,,,CBUCHHOLZ-R,HIWAKUMA-R,,,,,,,,
2014,2014-06-25,PIT,TAM,1.0,5.0,False,0|0|0|0|0|0|0|0|1,3|0|0|0|0|0|0|2|x,135.0,-155.0,149.0,-164.0,-1.5,6.5,sbro,,,,,CMORTON-R,DPRICE-L,,,,,,,,
2014,2014-06-25,OAK,NYM,8.0,5.0,False,2|4|0|1|0|1|0|0|0,0|0|0|0|0|0|3|2|0,-115.0,-105.0,-111.0,101.0,1.5,8.0,sbro,,,,,BMILLS-L,ZWHEELER-R,,,,,,,,
2014,2014-06-25,ATL,HOU,4.0,0.0,False,0|1|0|0|0|0|2|1|0,0|0|0|0|0|0|0|0|0,-115.0,-105.0,-123.0,113.0,1.5,7.5,sbro,,,,,AWOOD-L,CMCHUGH-R,,,,,,,,
2014,2014-06-25,LOS,KAN,5.0,4.0,False,0|1|2|0|1|0|0|1|0,1|0|0|1|2|0|0|0|0,115.0,-135.0,146.0,-161.0,-1.5,8.0,sbro,,,,,DHAREN-R,JSHIELDS-R,,,,,,,,
2014,2014-06-25,CLE,ARI,6.0,1.0,False,1|1|1|0|1|0|2|0|0,0|0|0|0|0|0|0|0|1,-115.0,-105.0,-143.0,128.0,1.5,8.0,sbro,,,,,CKLUBER-R,CANDERSON-R,,,,,,,,
2014,2014-06-26,MIA,PHI,3.0,5.0,False,0|0|1|1|0|0|1|0|0,0|0|0|1|1|0|1|0|0,140.0,-160.0,150.0,-170.0,-1.5,7.0,sbro,,,,,TKOEHLER-R,CHAMELS-L,,,,,,,,
2014,2014-06-26,NYM,PIT,2.0,5.0,False,0|0|0|1|0|0|0|1|0,0|0|1|0|4|0|0|0|x,130.0,-150.0,150.0,-170.0,-1.5,8.0,sbro,,,,,DMATSUZKA-R,VWORLEY-R,,,,,,,,
2014,2014-06-26,WAS,CUB,3.0,5.0,False,0|0|0|0|0|1|2|0|0,0|0|0|3|0|0|2|0|x,-130.0,110.0,-140.0,125.0,1.5,7.0,sbro,,,,,DFISTER-R,TWOOD-L,,,,,,,,
2014,2014-06-26,COL,MIL,4.0,7.0,False,0|0|0|4|0|0|0|0|0,3|0|0|0|2|0|0|2|x,170.0,-190.0,190.0,-220.0,-1.5,9.0,sbro,,,,,FRIEDRICH-L,WPERALTA-R,,,,,,,,
2014,2014-06-26,STL,LOS,0.0,1.0,False,0|0|0|0|0|0|0|0|0,0|0|0|0|0|0|0|1|x,-120.0,100.0,-113.0,103.0,1.5,6.5,sbro,,,,,WAINWRIGHT-R,JBECKETT-R,,,,,,,,
2014,2014-06-26,CIN,SFO,3.0,1.0,False,0|0|0|0|1|0|2|0|0,0|0|0|0|0|0|1|0|0,-105.0,-115.0,-116.0,106.0,1.5,7.0,sbro,,,,,MLEAKE-R,VOGELSONG-R,,,,,,,,
2014,2014-06-26,MIN,LAA,4.0,6.0,False,0|0|0|0|0|1|0|0|3,2|0|2|0|0|0|2|0|x,170.0,-200.0,179.0,-199.0,-1.5,8.5,sbro,,,,,RNOLASCO-R,JWEAVER-R,,,,,,,,
2014,2014-06-26,CWS,TOR,0.0,7.0,False,0|0|0|0|0|0|0|0|0,2|1|0|2|0|0|1|1|x,144.0,-164.0,170.0,-190.0,-1.5,10.0,sbro,,,,,SCARROLL-R,JHAPP-L,,,,,,,,
2014,2014-06-26,DET,TEX,6.0,0.0,False,0|1|3|1|0|0|0|1|0,0|0|0|0|0|0|0|0|0,-135.0,115.0,-114.0,104.0,1.5,10.0,sbro,,,,,RPORCELLO-R,NMARTINEZ-R,,,,,,,,
2014,2014-06-26,ATL,HOU,1.0,6.0,False,1|0|0|0|0|0|0|0|0,1|0|0|1|3|0|1|0|x,-125.0,105.0,-110.0,100.0,1.5,8.5,sbro,,,,,MMINOR-L,JCOSART-R,,,,,,,,
2014,2014-06-27,WAS,CUB,2.0,7.0,False,0|1|0|1|0|0|0|0|0,0|2|0|2|0|0|3|0|0,-108.0,-112.0,-119.0,109.0,1.5,7.5,sbro,,,,,TROARK-R,JHAMMEL-R,,,,,,,,
2014,2014-06-27,ATL,PHI,4.0,2.0,False,3|1|0|0|0|0|0|0|0,0|0|0|2|0|0|0|0|0,-140.0,120.0,-144.0,129.0,1.5,7.5,sbro,,,,,JTEHERAN-R,KKENDRICK-R,,,,,,,,
2014,2014-06-27,NYM,PIT,2.0,3.0,False,0|0|0|2|0|0|0|0|0,0|0|0|2|0|0|0|0|0,120.0,-140.0,130.0,-145.0,-1.5,8.0,sbro,,,,,JDEGROM-R,BCUMPTON-R,,,,,,,,
2014,2014-06-27,COL,MIL,2.0,3.0,False,0|0|0|0|0|0|1|0|1,0|0|0|0|0|1|1|0|1,170.0,-190.0,175.0,-195.0,-1.5,9.0,sbro,,,,,TMATZEK-L,KLOHSE-R,,,,,,,,
2014,2014-06-27,ARI,SDG,2.0,1.0,False,0|0|0|2|0|0|0|0|0,0|0|0|0|1|0|0|0|0,120.0,-140.0,114.0,-124.0,-1.5,6.5,sbro,,,,,BMCCARTHY-R,TROSS-R,,,,,,,,
2014,2014-06-27,STL,LOS,3.0,1.0,False,0|0|0|1|2|0|0|0|0,0|1|0|0|0|0|0|0|0,130.0,-150.0,115.0,-130.0,-1.5,7.0,sbro,,,,,CMARTINEZ-R,HRYU-L,,,,,,,,
2014,2014-06-27,CIN,SFO,6.0,2.0,False,0|0|0|0|5|0|1|0|0,0|0|0|0|0|2|0|0|0,-105.0,-115.0,109.0,-119.0,-1.5,5.5,sbro,,,,,JCUETO-R,BUMGARNER-L,,,,,,,,
2014,2014-06-27,CWS,TOR,5.0,4.0,False,0|0|0|0|2|0|3|0|0,0|0|0|0|0|2|0|0|2,145.0,-165.0,138.0,-153.0,-1.5,8.5,sbro,,,,,JDANKS-L,RDICKEY-R,,,,,,,,
2014,2014-06-27,BOS,NYY,0.0,6.0,False,0|0|0|0|0|0|0|0|0,1|0|0|3|0|0|0|2|x,-115.0,-105.0,113.0,-123.0,-1.5,9.0,sbro,,,,,BWORKMAN-R,VNUNO-L,,,,,,,,
2014,2014-06-27,TAM,BAL,1.0,4.0,False,0|1|0|0|0|0|0|0|0,0|1|0|0|0|1|2|0|x,105.0,-125.0,-110.0,100.0,1.5,8.0,sbro,,,,,JODORIZZI-R,CTILLMAN-R,,,,,,,,
2014,2014-06-27,MIN,TEX,4.0,5.0,False,0|0|0|0|0|0|0|0|4,2|0|0|0|2|0|0|1|x,110.0,-130.0,119.0,-134.0,-1.5,9.5,sbro,,,,,KCORREIA-R,NTEPESCH-R,,,,,,,,
2014,2014-06-27,DET,HOU,3.0,4.0,False,0|1|0|1|0|0|0|1|0,1|0|0|0|2|0|0|0|0,-145.0,125.0,-142.0,127.0,1.5,8.5,sbro,,,,,VERLANDER-R,BPEACOCK-R,,,,,,,,
2014,2014-06-27,LAA,KAN,6.0,8.0,False,1|1|0|0|4|0|0|0|0,0|0|7|1|0|0|0|0|x,-112.0,-108.0,115.0,-125.0,-1.5,8.5,sbro,,,,,SHOEMAKER-R,JVARGAS-L,,,,,,,,
2014,2014-06-27,CLE,SEA,2.0,3.0,False,0|0|1|0|0|0|0|0|1,1|0|0|1|0|0|1|0|x,109.0,-129.0,-122.0,112.0,1.5,8.0,sbro,,,,,TBAUER-R,CYOUNG-R,,,,,,,,
2014,2014-06-27,OAK,MIA,9.0,5.0,False,2|0|0|1|1|0|0|1|4,0|0|0|0|0|5|0|0|0,-155.0,135.0,-161.0,146.0,1.5,8.0,sbro,,,,,JCHAVEZ-R,DESCLAFANI-R,,,,,,,,
2014,2014-06-27,TAM,BAL,5.0,2.0,False,0|2|0|1|0|2|0|0|0,1|0|0|0|0|0|1|0|0,140.0,-160.0,119.0,-134.0,-1.5,8.5,sbro,,,,,ACOLOME-R,KGAUSMAN-R,,,,,,,,
2014,2014-06-28,WAS,CUB,3.0,0.0,False,0|0|0|0|0|1|0|2|0,0|0|0|0|0|0|0|0|0,-140.0,120.0,-161.0,146.0,1.5,9.0,sbro,,,,,GGONZALEZ-L,DBEELER-R,,,,,,,,
2014,2014-06-28,WAS,CUB,7.0,2.0,False,0|1|1|0|4|0|0|0|1,0|0|0|2|0|0|0|0|0,111.0,-131.0,116.0,-131.0,-1.5,8.5,sbro,,,,,BTREINEN-R,SAMARDZIJA-R,,,,,,,,
2014,2014-06-28,ATL,PHI,10.0,3.0,False,0|0|0|2|0|2|0|5|1,1|1|0|0|0|0|0|1|0,-125.0,105.0,-127.0,117.0,1.5,8.0,sbro,,,,,ESANTANA-R,RHERNANDZ-R,,,,,,,,
2014,2014-06-28,ATL,PHI,5.0,1.0,False,1|0|0|0|0|3|0|1|0,0|0|1|0|0|0|0|0|0,-125.0,105.0,-127.0,117.0,1.5,8.5,sbro,,,,,DHALE-R,O'SULLIVAN-R,,,,,,,,
2014,2014-06-28,NYM,PIT,5.0,3.0,False,3|2|0|0|0|0|0|0|0,0|0|0|2|1|0|0|0|0,130.0,-150.0,149.0,-164.0,-1.5,7.5,sbro,,,,,JNIESE-L,GCOLE-R,,,,,,,,
2014,2014-06-28,COL,MIL,4.0,7.0,False,0|0|0|0|0|2|2|0|0,3|0|0|0|3|1|0|0|x,155.0,-175.0,130.0,-145.0,-1.5,9.0,sbro,,,,,JCHACIN-R,MGARZA-R,,,,,,,,
2014,2014-06-28,STL,LOS,1.0,9.0,False,0|0|1|0|0|0|0|0|0,1|6|0|0|0|0|0|2|x,130.0,-150.0,127.0,-142.0,-1.5,6.5,sbro,,,,,LLYNN-R,ZGREINKE-R,,,,,,,,
2014,2014-06-28,CIN,SFO,7.0,3.0,False,0|0|0|0|0|0|0|0|2,0|0|0|0|1|0|0|0|1,-110.0,-110.0,-110.0,100.0,1.5,7.0,sbro,,,,,ASIMON-R,MCAIN-R,,,,,,,,
2014,2014-06-28,ARI,SDG,3.0,1.0,False,0|0|1|0|0|2|0|0|0,1|0|0|0|0|0|0|0|0,-130.0,110.0,102.0,-112.0,-1.5,7.0,sbro,,,,,COLLMENTER-R,ESTULTS-L,,,,,,,,
2014,2014-06-28,CWS,TOR,4.0,3.0,False,0|0|0|0|0|0|3|1|0,0|0|0|2|0|0|0|0|1,-115.0,-105.0,-120.0,110.0,1.5,7.5,sbro,,,,,CSALE-L,MSTROMAN-R,,,,,,,,
2014,2014-06-28,LAA,KAN,6.0,2.0,False,0|0|1|1|0|4|0|0|0,0|0|0|0|0|2|0|0|0,105.0,-125.0,118.0,-133.0,-1.5,8.5,sbro,,,,,HSANTIAGO-L,YVENTURA-R,,,,,,,,
2014,2014-06-28,MIN,TEX,0.0,5.0,False,0|0|0|0|0|0|0|0|0,0|1|1|0|0|0|0|3|x,150.0,-170.0,152.0,-172.0,-1.5,7.5,sbro,,,,,PHUGHES-R,YDARVISH-R,,,,,,,,
2014,2014-06-28,TAM,BAL,5.0,4.0,False,1|2|0|2|0|0|0|0|0,0|0|0|0|0|1|0|3|0,110.0,-130.0,131.0,-146.0,-1.5,8.5,sbro,,,,,EBEDARD-L,WCHEN-L,,,,,,,,
2014,2014-06-28,DET,HOU,4.0,3.0,False,0|0|0|0|1|0|0|0|3,2|0|0|0|0|0|0|0|1,-130.0,110.0,-180.0,160.0,1.5,8.0,sbro,,,,,MSCHERZER-R,OBERHOLTZR-L,,,,,,,,
2014,2014-06-28,BOS,NYY,2.0,1.0,False,0|0|1|0|0|0|0|0|1,0|0|1|0|0|0|0|0|0,130.0,-150.0,137.0,-152.0,-1.5,7.0,sbro,,,,,JLESTER-L,MTANAKA-R,,,,,,,,
2014,2014-06-28,CLE,SEA,5.0,0.0,False,2|0|0|0|2|1|0|0|0,0|0|0|0|0|0|0|0|0,130.0,-150.0,114.0,-124.0,-1.5,7.5,sbro,,,,,JTOMLIN-R,RELIAS-L,,,,,,,,
2014,2014-06-28,OAK,MIA,7.0,6.0,False,4|0|0|0|1|0|0|1|0,0|3|0|2|0|0|0|0|1,-140.0,120.0,-157.0,142.0,1.5,7.0,sbro,,,,,SGRAY-R,NEOVALDI-R,,,,,,,,
2014,2014-06-29,ATL,PHI,3.0,2.0,False,0|2|0|1|0|0|0|0|0,0|1|0|1|0|0|0|0|0,-115.0,-105.0,-118.0,108.0,1.5,8.0,sbro,,,,,AHARANG-R,DBUCHANAN-R,,,,,,,,
2014,2014-06-29,NYM,PIT,2.0,5.0,False,0|0|0|0|0|0|0|0|2,3|0|0|2|0|0|0|0|x,-110.0,-110.0,113.0,-123.0,-1.5,7.5,sbro,,,,,BCOLON-R,EVOLQUEZ-R,,,,,,,,
2014,2014-06-29,COL,MIL,10.0,4.0,False,3|1|1|0|3|0|0|2|0,0|0|0|2|0|2|0|0|0,170.0,-190.0,141.0,-156.0,-1.5,8.5,sbro,,,,,JDELAROSA-L,YGALLARDO-R,,,,,,,,
2014,2014-06-29,CIN,SFO,4.0,0.0,False,0|0|1|0|0|0|0|0|3,0|0|0|0|0|0|0|0|0,120.0,-140.0,117.0,-127.0,-1.5,7.0,sbro,,,,,HBAILEY-R,THUDSON-R,,,,,,,,
2014,2014-06-29,STL,LOS,0.0,6.0,False,0|0|0|0|0|0|0|0|0,0|0|0|2|4|0|0|0|x,170.0,-200.0,180.0,-210.0,-1.5,6.5,sbro,,,,,SMILLER-R,CKERSHAW-L,,,,,,,,
2014,2014-06-29,ARI,SDG,1.0,2.0,False,1|0|0|0|0|0|0|0|0,0|0|0|2|0|0|0|0|x,110.0,-130.0,105.0,-115.0,-1.5,7.0,sbro,,,,,BOLSINGER-R,DESPAIGNE-R,,,,,,,,
2014,2014-06-29,CWS,TOR,4.0,0.0,False,0|0|1|1|0|0|0|0|2,0|0|0|0|0|0|0|0|0,130.0,-150.0,116.0,-126.0,-1.5,8.5,sbro,,,,,JQUINTANA-L,MBUEHRLE-L,,,,,,,,
2014,2014-06-29,TAM,BAL,12.0,7.0,False,1|0|1|0|1|7|2|0|0,0|0|1|2|1|0|0|0|3,-114.0,-106.0,-115.0,105.0,1.5,8.0,sbro,,,,,ACOBB-R,MGONZALEZ-R,,,,,,,,
2014,2014-06-29,DET,HOU,4.0,6.0,False,0|0|1|0|1|0|0|2|0,3|0|1|0|0|1|0|1|x,-140.0,120.0,-128.0,118.0,1.5,8.5,sbro,,,,,DSMYLY-L,SFELDMAN-R,,,,,,,,
2014,2014-06-29,LAA,KAN,4.0,5.0,False,2|0|1|0|0|1|0|0|0,0|0|0|4|0|0|0|0|1,-120.0,100.0,-115.0,105.0,1.5,8.5,sbro,,,,,CWILSON-L,JGUTHRIE-R,,,,,,,,
2014,2014-06-29,MIN,TEX,3.0,2.0,False,0|0|2|0|0|0|0|0|1,1|0|0|0|1|0|0|0|0,100.0,-120.0,112.0,-122.0,-1.5,9.0,sbro,,,,,KGIBSON-R,CLEWIS-R,,,,,,,,
2014,2014-06-29,CLE,SEA,0.0,3.0,False,0|0|0|0|0|0|0|0|0,0|0|0|0|0|2|0|1|x,175.0,-205.0,151.0,-171.0,-1.5,6.5,sbro,,,,,THOUSE-L,FHERNANDZ-R,,,,,,,,
2014,2014-06-29,BOS,NYY,8.0,5.0,False,0|1|3|0|3|1|0|0|0,0|0|1|2|2|0|0|0|0,-114.0,-106.0,-102.0,-108.0,-1.5,7.5,sbro,,,,,JLACKEY-R,CWHITLEY-R,,,,,,,,
2014,2014-06-29,OAK,MIA,4.0,3.0,False,0|0|0|0|0|4|0|0|0,1|0|0|0|0|1|1|0|0,-130.0,110.0,-116.0,106.0,1.5,7.5,sbro,,,,,TMILONE-L,AHEANEY-L,,,,,,,,
2014,2014-06-30,COL,WAS,3.0,7.0,False,0|0|0|0|0|2|0|1|0,0|0|0|1|0|5|1|0|x,185.0,-215.0,210.0,-250.0,-1.5,8.5,sbro,,,,,YFLANDE-L,JZIMMERMN-R,,,,,,,,
2014,2014-06-30,NYM,ATL,3.0,5.0,False,1|1|1|0|0|0|0|0|0,0|0|0|0|1|0|0|4|x,145.0,-165.0,155.0,-175.0,-1.5,7.0,sbro,,,,,ZWHEELER-R,AWOOD-L,,,,,,,,
2014,2014-06-30,CIN,SDG,0.0,1.0,False,0|0|0|0|0|0|0|0|0,0|0|0|0|1|0|0|0|x,-125.0,105.0,-105.0,-105.0,-1.5,6.5,sbro,,,,,MLATOS-R,JHAHN-R,,,,,,,,
2014,2014-06-30,TEX,BAL,1.0,7.0,False,0|0|0|0|1|0|0|0|0,3|1|0|2|1|0|0|0|x,135.0,-155.0,115.0,-130.0,-1.5,9.0,sbro,,,,,JSAUNDERS-L,UJIMENEZ-R,,,,,,,,
2014,2014-06-30,OAK,DET,4.0,5.0,False,0|0|0|0|0|1|0|3|0,0|0|0|0|0|1|0|0|4,104.0,-124.0,115.0,-130.0,-1.5,9.0,sbro,,,,,SKAZMIR-L,ASANCHEZ-R,,,,,,,,
2014,2014-06-30,TAM,NYY,4.0,3.0,False,1|0|1|0|0|0|0|1|0,0|0|2|0|0|0|0|0|1,-110.0,-110.0,104.0,-114.0,-1.5,8.0,sbro,,,,,CARCHER-R,DPHELPS-R,,,,,,,,
2014,2014-06-30,KAN,MIN,6.0,1.0,False,0|2|0|1|0|1|0|2|0,0|0|0|0|1|0|0|0|0,-130.0,110.0,-140.0,125.0,1.5,8.5,sbro,,,,,DDUFFY-L,YPINO-R,,,,,,,,
2014,2014-06-30,SEA,HOU,10.0,4.0,False,0|2|0|3|0|0|3|0|2,2|1|0|0|0|0|0|0|1,-114.0,-106.0,-106.0,-104.0,1.5,7.5,sbro,,,,,TWALKER-R,CMCHUGH-R,,,,,,,,
2014,2014-06-30,CUB,BOS,2.0,0.0,False,0|0|0|2|0|0|0|0|0,0|0|0|0|0|0|0|0|0,115.0,-135.0,147.0,-162.0,-1.5,9.0,sbro,,,,,JARRIETA-R,JPEAVY-R,,,,,,,,
2014,2014-06-30,CLE,LOS,0.0,1.0,False,0|0|0|0|0|0|0|0|0,0|0|0|0|0|0|1|0|x,-105.0,-105.0,-130.0,115.0,1.5,7.0,sbro,,,,,CKLUBER-R,DHAREN-R,,,,,,,,
2014,2014-07-01,ARI,PIT,2.0,3.0,False,0|0|0|0|2|0|0|0|0,0|0|0|0|0|0|0|0|3,115.0,-135.0,126.0,-141.0,-1.5,8.0,sbro,,,,,WMILEY-L,JLOCKE-L,,,,,,,,
2014,2014-07-01,COL,WAS,1.0,7.0,False,0|0|0|0|0|0|0|1|0,3|0|0|4|0|0|0|0|x,220.0,-260.0,205.0,-245.0,-1.5,8.0,sbro,,,,,FRIEDRICH-L,STRASBURG-R,,,,,,,,
2014,2014-07-01,NYM,ATL,4.0,5.0,False,0|0|2|0|2|0|0|0|0,0|1|1|3|0|0|0|0|x,150.0,-170.0,160.0,-180.0,-1.5,7.5,sbro,,,,,DMATSUZKA-R,MMINOR-L,,,,,,,,
2014,2014-07-01,PHI,MIA,4.0,5.0,False,1|0|0|1|0|0|0|2|0,0|0|0|2|2|0|0|0|0,115.0,-135.0,135.0,-150.0,-1.5,7.5,sbro,,,,,ABURNETT-R,HALVAREZ-R,,,,,,,,
2014,2014-07-01,CIN,SDG,2.0,8.0,False,0|0|0|0|1|0|0|0|1,1|1|0|0|1|0|4|1|x,-115.0,-105.0,-108.0,-102.0,1.5,6.0,sbro,,,,,MLEAKE-R,IKENNEDY-R,,,,,,,,
2014,2014-07-01,STL,SFO,0.0,5.0,False,0|0|0|0|0|0|0|0|0,0|0|0|3|2|0|0|0|x,110.0,-130.0,100.0,-110.0,-1.5,7.0,sbro,,,,,MGONZALES-L,TLINCECUM-R,,,,,,,,
2014,2014-07-01,OAK,DET,0.0,3.0,False,0|0|0|0|0|0|0|0|0,0|0|0|1|0|2|0|0|x,120.0,-140.0,111.0,-121.0,-1.5,9.5,sbro,,,,,BMILLS-L,RPORCELLO-R,,,,,,,,
2014,2014-07-01,TEX,BAL,3.0,8.0,False,0|2|0|0|0|1|0|0|0,2|2|0|4|0|0|0|0|x,110.0,-130.0,143.0,-158.0,-1.5,9.0,sbro,,,,,NMARTINEZ-R,MCFARLAND-L,,,,,,,,
2014,2014-07-01,TAM,NYY,2.0,1.0,False,0|0|0|1|0|1|0|0|0,0|0|0|1|0|0|0|0|0,-120.0,100.0,-124.0,114.0,1.5,7.5,sbro,,,,,DPRICE-L,HKURODA-R,,,,,,,,
2014,2014-07-01,KAN,MIN,2.0,10.0,False,0|1|0|0|0|0|0|1|0,1|0|1|3|0|5|0|0|x,-130.0,110.0,-146.0,131.0,1.5,7.5,sbro,,,,,JSHIELDS-R,RNOLASCO-R,,,,,,,,
2014,2014-07-01,SEA,HOU,13.0,2.0,False,2|1|0|0|0|7|2|0|1,1|0|0|0|0|0|1|0|0,-115.0,-105.0,-130.0,115.0,1.5,7.5,sbro,,,,,HIWAKUMA-R,JCOSART-R,,,,,,,,
2014,2014-07-01,LAA,CWS,7.0,5.0,False,0|3|0|0|2|1|1|0|0,0|2|0|0|0|3|0|0|0,-165.0,145.0,-174.0,154.0,1.5,9.5,sbro,,,,,JWEAVER-R,SCARROLL-R,,,,,,,,
2014,2014-07-01,MIL,TOR,1.0,4.0,False,0|0|0|0|0|1|0|0|0,1|0|0|0|1|0|0|2|x,105.0,-125.0,129.0,-144.0,-1.5,10.5,sbro,,,,,MESTRADA-R,HUTCHISON-R,,,,,,,,
2014,2014-07-01,CUB,BOS,2.0,1.0,False,0|0|0|0|0|1|0|0|1,0|0|0|0|1|0|0|0|0,135.0,-155.0,156.0,-176.0,-1.5,9.5,sbro,,,,,EJACKSON-R,CBUCHHOLZ-R,,,,,,,,
2014,2014-07-01,CLE,LOS,10.0,3.0,False,3|0|2|0|0|2|0|3|0,2|0|0|1|0|0|0|0|0,160.0,-180.0,115.0,-130.0,-1.5,7.0,sbro,,,,,MASTERSON-R,JBECKETT-R,,,,,,,,
2014,2014-07-01,LAA,CWS,8.0,4.0,False,0|0|0|0|4|1|1|1|1,3|0|0|0|0|0|0|0|1,-160.0,140.0,-170.0,150.0,1.5,9.5,sbro,,,,,GRICHARDS-R,HNOESI-R,,,,,,,,
2014,2014-07-02,CIN,SDG,0.0,3.0,False,0|0|0|0|0|0|0|0|0,3|0|0|0|0|0|0|0|x,-130.0,110.0,-118.0,108.0,1.5,5.5,sbro,,,,,JCUETO-R,TROSS-R,,,,,,,,
2014,2014-07-02,COL,WAS,3.0,4.0,False,0|3|0|0|0|0|0|0|0,0|0|0|3|0|0|1|0|x,195.0,-225.0,170.0,-190.0,-1.5,8.5,sbro,,,,,TMATZEK-L,DFISTER-R,,,,,,,,
2014,2014-07-02,ARI,PIT,1.0,5.0,False,0|0|1|0|0|0|0|0|0,1|2|0|0|0|0|0|2|x,140.0,-160.0,150.0,-170.0,-1.5,8.0,sbro,,,,,CANDERSON-R,CMORTON-R,,,,,,,,
2014,2014-07-02,NYM,ATL,1.0,3.0,False,0|0|0|1|0|0|0|0|0,3|0|0|0|0|0|0|0|x,170.0,-190.0,170.0,-200.0,-1.5,7.0,sbro,,,,,JDEGROM-R,JTEHERAN-R,,,,,,,,
2014,2014-07-02,PHI,MIA,0.0,5.0,False,0|0|0|0|0|0|0|0|0,0|0|0|1|2|0|0|2|x,-130.0,110.0,-112.0,102.0,1.5,7.0,sbro,,,,,CHAMELS-L,TKOEHLER-R,,,,,,,,
2014,2014-07-02,STL,SFO,2.0,0.0,False,0|0|2|0|0|0|0|0|0,0|0|0|0|0|0|0|0|0,-145.0,125.0,-150.0,135.0,1.5,6.0,sbro,,,,,WAINWRIGHT-R,VOGELSONG-R,,,,,,,,
2014,2014-07-02,OAK,DET,3.0,9.0,False,2|0|0|0|0|0|1|0|0,1|0|1|1|0|6|0|0|x,115.0,-135.0,114.0,-124.0,-1.5,9.0,sbro,,,,,JCHAVEZ-R,VERLANDER-R,,,,,,,,
2014,2014-07-02,TAM,NYY,6.0,3.0,False,0|0|1|1|1|2|0|0|1,1|0|1|1|0|0|0|0|0,-105.0,-105.0,-110.0,100.0,1.5,9.0,sbro,,,,,JODORIZZI-R,VNUNO-L,,,,,,,,
2014,2014-07-02,KAN,MIN,4.0,0.0,False,0|2|0|0|0|0|0|1|1,0|0|0|0|0|0|0|0|0,-125.0,105.0,-141.0,126.0,1.5,7.5,sbro,,,,,JVARGAS-L,KCORREIA-R,,,,,,,,
2014,2014-07-02,SEA,HOU,5.0,2.0,False,0|0|0|0|0|4|1|0|0,0|0|1|0|1|0|0|0|0,-115.0,-105.0,-108.0,-102.0,1.5,8.5,sbro,,,,,CYOUNG-R,BPEACOCK-R,,,,,,,,
2014,2014-07-02,TEX,BAL,4.0,6.0,False,1|0|3|0|0|0|0|0|0,0|0|0|1|0|3|2|0|x,129.0,-149.0,116.0,-131.0,-1.5,9.0,sbro,,,,,MMIKOLAS-R,CTILLMAN-R,,,,,,,,
2014,2014-07-02,LAA,CWS,2.0,3.0,False,0|0|0|0|0|0|1|1|0,0|0|0|2|0|0|0|0|1,-130.0,110.0,-158.0,143.0,1.5,9.0,sbro,,,,,TSKAGGS-L,JDANKS-L,,,,,,,,
2014,2014-07-02,MIL,TOR,4.0,7.0,False,1|0|3|0|0|0|0|0|0,1|0|1|2|0|0|0|0|3,-114.0,-106.0,117.0,-127.0,-1.5,9.5,sbro,,,,,WPERALTA-R,JHAPP-L,,,,,,,,
2014,2014-07-02,CLE,LOS,5.0,4.0,False,0|0|0|2|0|0|0|3|0,0|0|0|0|3|0|0|1|0,140.0,-160.0,125.0,-140.0,-1.5,7.0,sbro,,,,,TBAUER-R,HRYU-L,,,,,,,,
2014,2014-07-02,CUB,BOS,16.0,9.0,False,3|0|0|3|2|1|0|1|6,0|0|1|2|2|0|0|1|3,125.0,-145.0,170.0,-190.0,-1.5,9.0,sbro,,,,,TWOOD-L,BWORKMAN-R,,,,,,,,
2014,2014-07-03,STL,SFO,7.0,2.0,False,2|0|0|3|0|1|1|0|0,0|0|1|0|0|1|0|0|0,130.0,-150.0,145.0,-160.0,-1.5,6.5,sbro,,,,,CMARTINEZ-R,BUMGARNER-L,,,,,,,,
2014,2014-07-03,PHI,MIA,5.0,4.0,False,0|0|0|0|0|3|0|0|2,0|0|1|0|1|0|0|2|0,-105.0,-115.0,126.0,-141.0,-1.5,7.5,sbro,,,,,KKENDRICK-R,BHAND-L,,,,,,,,
2014,2014-07-03,ARI,PIT,10.0,2.0,False,0|0|0|0|0|3|0|0|7,0|0|1|1|0|0|0|0|0,130.0,-150.0,140.0,-155.0,-1.5,7.5,sbro,,,,,BMCCARTHY-R,VWORLEY-R,,,,,,,,
2014,2014-07-03,LOS,COL,3.0,2.0,False,0|0|1|1|0|0|0|0|1,0|0|0|0|1|0|0|1|0,-160.0,140.0,-144.0,129.0,1.5,10.5,sbro,,,,,ZGREINKE-R,FMORALES-L,,,,,,,,
2014,2014-07-03,TEX,BAL,2.0,5.0,False,0|0|0|1|1|0|0|0|0,0|0|1|0|2|0|2|0|x,-125.0,105.0,150.0,-170.0,-1.5,9.0,sbro,,,,,SBAKER-R,WCHEN-L,,,,,,,,
2014,2014-07-03,TAM,DET,1.0,8.0,False,1|0|0|0|0|0|0|0|0,5|1|0|1|0|1|0|0|x,170.0,-190.0,173.0,-203.0,-1.5,8.0,sbro,,,,,EBEDARD-L,MSCHERZER-R,,,,,,,,
2014,2014-07-03,NYY,MIN,7.0,4.0,False,0|0|0|0|4|0|3|0|0,1|0|1|0|0|1|1|0|0,-160.0,140.0,-157.0,142.0,1.5,6.5,sbro,,,,,MTANAKA-R,PHUGHES-R,,,,,,,,
2014,2014-07-03,TOR,OAK,1.0,4.0,False,0|1|0|0|0|0|0|0|0,0|2|0|0|0|0|0|2|x,155.0,-175.0,118.0,-133.0,-1.5,8.0,sbro,,,,,RDICKEY-R,SGRAY-R,,,,,,,,
2014,2014-07-03,HOU,LAA,2.0,5.0,False,0|0|2|0|0|0|0|0|0,1|0|0|4|0|0|0|0|x,140.0,-160.0,175.0,-195.0,-1.5,8.5,sbro,,,,,OBERHOLTZR-L,SHOEMAKER-R,,,,,,,,
2014,2014-07-04,CUB,WAS,7.0,2.0,False,1|1|1|0|1|0|0|0|3,1|0|0|0|0|0|1|0|0,145.0,-165.0,140.0,-155.0,-1.5,7.0,sbro,,,,,JHAMMEL-R,TROARK-R,,,,,,,,
2014,2014-07-04,PHI,PIT,2.0,8.0,False,0|0|0|0|0|2|0|0|0,4|0|0|1|0|0|2|1|x,150.0,-170.0,170.0,-200.0,-1.5,7.5,sbro,,,,,RHERNANDZ-R,GCOLE-R,,,,,,,,
2014,2014-07-04,SFO,SDG,0.0,2.0,False,0|0|0|0|0|0|0|0|0,0|0|2|0|0|0|0|0|x,-120.0,100.0,-108.0,-102.0,1.5,7.0,sbro,,,,,MCAIN-R,ESTULTS-L,,,,,,,,
2014,2014-07-04,MIL,CIN,2.0,4.0,False,0|0|0|0|0|0|1|1|0,0|0|2|1|1|0|0|0|x,105.0,-125.0,108.0,-118.0,-1.5,7.5,sbro,,,,,KLOHSE-R,ASIMON-R,,,,,,,,
2014,2014-07-04,MIA,STL,2.0,3.0,False,0|0|0|0|0|0|0|0|2,0|0|0|0|0|3|0|0|x,135.0,-155.0,130.0,-145.0,-1.5,7.5,sbro,,,,,NEOVALDI-R,LLYNN-R,,,,,,,,
2014,2014-07-04,ARI,ATL,2.0,5.0,False,0|1|0|0|0|0|0|1|0,2|2|0|0|0|0|1|0|x,130.0,-150.0,150.0,-165.0,-1.5,7.0,sbro,,,,,COLLMENTER-R,ESANTANA-R,,,,,,,,
2014,2014-07-04,LOS,COL,9.0,0.0,False,3|0|0|0|5|0|0|0|1,0|0|0|0|0|0|0|0|0,-170.0,150.0,-210.0,180.0,1.5,9.0,sbro,,,,,CKERSHAW-L,JJURRJENS-R,,,,,,,,
2014,2014-07-04,NYY,MIN,6.0,5.0,False,3|3|0|0|0|0|0|0|0,1|1|2|0|0|0|0|1|0,-114.0,-106.0,-102.0,-108.0,-1.5,8.0,sbro,,,,,CWHITLEY-R,KGIBSON-R,,,,,,,,
2014,2014-07-04,TOR,OAK,0.0,1.0,False,0|0|0|0|0|0|0|0|0,0|0|0|0|0|0|0|0|0,120.0,-140.0,115.0,-125.0,-1.5,8.0,sbro,,,,,MSTROMAN-R,TMILONE-L,,,,,,,,
2014,2014-07-04,TAM,DET,6.0,3.0,False,0|0|1|1|1|2|1|0|0,0|0|0|1|0|2|0|0|0,110.0,-130.0,110.0,-120.0,-1.5,8.0,sbro,,,,,ACOBB-R,DSMYLY-L,,,,,,,,
2014,2014-07-04,KAN,CLE,7.0,1.0,False,0|0|1|0|1|3|0|0|2,0|0|0|0|0|0|0|0|1,-105.0,-115.0,100.0,-110.0,-1.5,7.0,sbro,,,,,YVENTURA-R,JTOMLIN-R,,,,,,,,
2014,2014-07-04,SEA,CWS,1.0,7.0,False,0|0|0|0|0|0|0|0|1,0|0|0|1|4|0|0|2|x,150.0,-170.0,155.0,-175.0,-1.5,7.0,sbro,,,,,RELIAS-L,CSALE-L,,,,,,,,
2014,2014-07-04,HOU,LAA,6.0,7.0,False,0|1|0|5|0|0|0|0|0,0|1|2|2|0|0|1|0|1,155.0,-175.0,170.0,-190.0,-1.5,8.0,sbro,,,,,DKEUCHEL-L,CWILSON-L,,,,,,,,
2014,2014-07-04,TEX,NYM,5.0,6.0,False,1|0|1|0|1|0|1|0|1,3|0|0|1|0|0|0|2|x,110.0,-130.0,-151.0,136.0,1.5,6.0,sbro,,,,,YDARVISH-R,JNIESE-L,,,,,,,,
2014,2014-07-05,MIA,STL,6.0,5.0,False,1|0|0|0|0|3|0|0|2,1|0|0|4|0|0|0|0|0,130.0,-150.0,137.0,-152.0,-1.5,7.5,sbro,,,,,AHEANEY-L,SMILLER-R,,,,,,,,
2014,2014-07-05,PHI,PIT,2.0,3.0,False,0|0|0|1|0|0|0|0|1,2|1|0|0|0|0|0|0|x,145.0,-165.0,164.0,-184.0,-1.5,8.0,sbro,,,,,DBUCHANAN-R,EVOLQUEZ-R,,,,,,,,
2014,2014-07-05,CUB,WAS,0.0,13.0,False,0|0|0|0|0|0|0|0|0,0|1|6|0|0|2|4|0|x,130.0,-150.0,171.0,-201.0,-1.5,7.5,sbro,,,,,VILLANUEVA-R,GGONZALEZ-L,,,,,,,,
2014,2014-07-05,MIL,CIN,1.0,0.0,False,1|0|0|0|0|0|0|0|0,0|0|0|0|0|0|0|0|0,105.0,-125.0,114.0,-124.0,-1.5,7.5,sbro,,,,,MGARZA-R,HBAILEY-R,,,,,,,,
2014,2014-07-05,LOS,COL,7.0,8.0,False,2|0|0|0|0|0|5|0|0,2|0|3|0|1|2|0|0|x,-120.0,100.0,-104.0,-106.0,1.5,11.0,sbro,,,,,DHAREN-R,JDELAROSA-L,,,,,,,,
2014,2014-07-05,ARI,ATL,4.0,10.0,False,3|0|0|0|1|0|0|0|0,1|0|1|5|0|2|1|0|x,145.0,-165.0,132.0,-147.0,-1.5,7.0,sbro,,,,,BOLSINGER-R,AHARANG-R,,,,,,,,
2014,2014-07-05,SFO,SDG,5.0,3.0,False,0|1|0|0|0|0|1|0|1,0|0|0|0|0|1|2|0|0,-115.0,-105.0,-140.0,125.0,1.5,6.5,sbro,,,,,THUDSON-R,DESPAIGNE-R,,,,,,,,
2014,2014-07-05,NYY,MIN,1.0,2.0,False,0|0|0|0|1|0|0|0|0,0|0|0|0|0|0|1|0|0,-120.0,100.0,100.0,-110.0,-1.5,8.5,sbro,,,,,DPHELPS-R,YPINO-R,,,,,,,,
2014,2014-07-05,SEA,CWS,3.0,2.0,False,0|0|0|0|0|0|0|0|2,0|0|0|0|0|0|0|2|0,-150.0,130.0,-150.0,135.0,1.5,7.0,sbro,,,,,FHERNANDZ-R,JQUINTANA-L,,,,,,,,
2014,2014-07-05,TAM,DET,7.0,2.0,False,0|0|0|0|3|4|0|0|0,0|0|0|0|0|0|1|0|1,140.0,-160.0,116.0,-126.0,-1.5,7.5,sbro,,,,,CARCHER-R,ASANCHEZ-R,,,,,,,,
2014,2014-07-05,KAN,CLE,3.0,7.0,False,1|0|0|0|0|1|1|0|0,0|0|3|0|3|0|0|1|x,-105.0,-105.0,107.0,-117.0,-1.5,8.0,sbro,,,,,JGUTHRIE-R,THOUSE-L,,,,,,,,
2014,2014-07-05,BAL,BOS,7.0,4.0,False,0|0|0|2|1|4|0|0|0,0|0|0|4|0|0|0|0|0,125.0,-145.0,150.0,-170.0,-1.5,9.0,sbro,,,,,UJIMENEZ-R,JLACKEY-R,,,,,,,,
2014,2014-07-05,TOR,OAK,1.0,5.0,False,1|0|0|0|0|0|0|0|0,0|0|1|2|0|0|0|2|x,120.0,-140.0,135.0,-150.0,-1.5,7.0,sbro,,,,,MBUEHRLE-L,SKAZMIR-L,,,,,,,,
2014,2014-07-05,HOU,LAA,5.0,11.0,False,0|0|5|0|0|0|0|0|0,1|0|0|1|0|0|8|1|x,145.0,-165.0,175.0,-195.0,-1.5,8.5,sbro,,,,,SFELDMAN-R,HSANTIAGO-L,,,,,,,,
2014,2014-07-05,TEX,NYM,5.0,3.0,False,4|0|1|0|0|0|0|0|0,0|0|2|1|0|0|0|0|0,130.0,-150.0,105.0,-115.0,-1.5,7.0,sbro,,,,,CLEWIS-R,BCOLON-R,,,,,,,,
2014,2014-07-05,BAL,BOS,2.0,3.0,False,0|0|2|0|0|0|0|0|0,0|2|0|0|0|0|0|0|1,140.0,-160.0,139.0,-154.0,-1.5,8.5,sbro,,,,,MGONZALEZ-R,JLESTER-L,,,,,,,,
2014,2014-07-06,MIL,CIN,2.0,4.0,False,0|0|0|0|0|1|0|1|0,2|0|0|0|0|0|0|2|x,120.0,-140.0,110.0,-120.0,-1.5,7.5,sbro,,,,,YGALLARDO-R,MLATOS-R,,,,,,,,
2014,2014-07-06,CUB,WAS,1.0,2.0,False,0|0|0|0|0|0|1|0|0,1|0|0|0|0|0|0|1|x,145.0,-165.0,161.0,-181.0,-1.5,7.0,sbro,,,,,JARRIETA-R,JZIMMERMN-R,,,,,,,,
2014,2014-07-06,ARI,ATL,3.0,1.0,False,0|0|2|0|0|0|0|0|1,0|0|0|1|0|0|0|0|0,150.0,-170.0,153.0,-173.0,-1.5,6.5,sbro,,,,,WMILEY-L,AWOOD-L,,,,,,,,
2014,2014-07-06,PHI,PIT,2.0,6.0,False,1|0|0|0|0|0|1|0|0,2|0|1|0|0|0|0|3|x,140.0,-160.0,145.0,-160.0,-1.5,7.5,sbro,,,,,ABURNETT-R,JLOCKE-L,,,,,,,,
2014,2014-07-06,MIA,STL,8.0,4.0,False,1|0|0|0|0|3|0|4|0,0|0|0|0|0|0|1|2|1,-107.0,-113.0,105.0,-115.0,-1.5,8.0,sbro,,,,,HALVAREZ-R,MGONZALES-L,,,,,,,,
2014,2014-07-06,SFO,SDG,5.0,3.0,False,1|0|2|0|0|0|0|2|0,0|0|0|0|0|0|1|2|0,105.0,-125.0,128.0,-143.0,-1.5,6.5,sbro,,,,,TLINCECUM-R,JHAHN-R,,,,,,,,
2014,2014-07-06,LOS,COL,8.0,2.0,False,0|0|0|0|5|0|0|3|0,0|0|0|0|0|1|0|1|0,-160.0,140.0,-118.0,108.0,1.5,11.0,sbro,,,,,JBECKETT-R,YFLANDE-L,,,,,,,,
2014,2014-07-06,TAM,DET,7.0,3.0,False,3|0|0|0|1|3|0|0|0,1|0|0|0|0|0|1|0|1,-105.0,-115.0,-114.0,104.0,1.5,7.5,sbro,,,,,DPRICE-L,RPORCELLO-R,,,,,,,,
2014,2014-07-06,KAN,CLE,1.0,4.0,False,0|0|0|0|1|0|0|0|0,0|3|0|0|1|0|0|0|x,-101.0,-119.0,142.0,-157.0,-1.5,7.0,sbro,,,,,DDUFFY-L,CKLUBER-R,,,,,,,,
2014,2014-07-06,BAL,BOS,7.0,6.0,False,0|0|0|1|0|1|4|0|0,0|0|0|0|0|1|5|0|0,105.0,-125.0,119.0,-134.0,-1.5,9.0,sbro,,,,,KGAUSMAN-R,JPEAVY-R,,,,,,,,
2014,2014-07-06,NYY,MIN,9.0,7.0,False,2|4|0|3|0|0|0|0|0,0|0|0|4|0|0|1|1|1,-120.0,100.0,-140.0,125.0,1.5,9.0,sbro,,,,,HKURODA-R,RNOLASCO-R,,,,,,,,
2014,2014-07-06,SEA,CWS,0.0,1.0,False,0|0|0|0|0|0|0|0|0,1|0|0|0|0|0|0|0|x,-130.0,110.0,-140.0,125.0,1.5,9.5,sbro,,,,,TWALKER-R,HNOESI-R,,,,,,,,
2014,2014-07-06,HOU,LAA,1.0,6.0,False,0|0|0|0|0|0|1|0|0,0|0|3|0|0|0|1|2|x,170.0,-190.0,200.0,-230.0,-1.5,7.5,sbro,,,,,CMCHUGH-R,GRICHARDS-R,,,,,,,,
2014,2014-07-06,TOR,OAK,2.0,4.0,False,0|0|0|0|0|1|0|0|1,0|1|0|2|0|0|0|1|x,149.0,-169.0,130.0,-145.0,-1.5,7.5,sbro,,,,,HUTCHISON-R,SAMARDZIJA-R,,,,,,,,
2014,2014-07-06,TEX,NYM,4.0,8.0,False,0|0|0|1|0|0|0|3|0,5|0|0|0|0|1|1|1|x,100.0,-120.0,115.0,-125.0,-1.5,7.5,sbro,,,,,NTEPESCH-R,ZWHEELER-R,,,,,,,,
2014,2014-07-07,ATL,NYM,3.0,4.0,False,0|0|0|0|0|0|0|3|0,0|1|1|0|0|0|0|1|0,-125.0,105.0,-120.0,110.0,1.5,7.5,sbro,,,,,MMINOR-L,DMATSUZKA-R,,,,,,,,
2014,2014-07-07,CUB,CIN,3.0,9.0,False,0|0|0|0|1|0|2|0|0,1|0|0|0|2|1|2|3|x,155.0,-175.0,143.0,-158.0,-1.5,7.5,sbro,,,,,EJACKSON-R,MLEAKE-R,,,,,,,,
2014,2014-07-07,PHI,MIL,3.0,2.0,False,2|0|1|0|0|0|0|0|0,0|0|0|0|2|0|0|0|0,-113.0,-107.0,126.0,-141.0,-1.5,8.0,sbro,,,,,CHAMELS-L,MESTRADA-R,,,,,,,,
2014,2014-07-07,PIT,STL,0.0,2.0,False,0|0|0|0|0|0|0|0|0,0|0|0|0|0|0|0|0|2,180.0,-210.0,173.0,-193.0,-1.5,7.5,sbro,,,,,CMORTON-R,WAINWRIGHT-R,,,,,,,,
2014,2014-07-07,SDG,COL,6.0,1.0,False,0|0|0|1|0|2|3|0|0,0|0|0|1|0|0|0|0|0,-114.0,-106.0,100.0,-110.0,-1.5,10.5,sbro,,,,,IKENNEDY-R,TMATZEK-L,,,,,,,,
2014,2014-07-07,MIA,ARI,1.0,9.0,False,0|0|0|0|0|1|0|0|0,0|5|0|3|0|0|1|0|x,-110.0,-110.0,105.0,-115.0,-1.5,9.0,sbro,,,,,TKOEHLER-R,CANDERSON-R,,,,,,,,
2014,2014-07-07,NYY,CLE,5.0,3.0,False,0|3|2|0|0|0|0|0|0,0|0|0|0|1|1|0|1|0,140.0,-160.0,142.0,-157.0,-1.5,9.0,sbro,,,,,SGREENE-R,MASTERSON-R,,,,,,,,
2014,2014-07-07,KAN,TAM,6.0,0.0,False,0|0|2|0|0|0|0|2|2,0|0|0|0|0|0|0|0|0,100.0,-120.0,117.0,-127.0,-1.5,6.5,sbro,,,,,JSHIELDS-R,JODORIZZI-R,,,,,,,,
2014,2014-07-07,CWS,BOS,4.0,0.0,False,0|1|0|3|0|0|0|0|0,0|0|0|0|0|0|0|0|0,155.0,-175.0,185.0,-215.0,-1.5,10.0,sbro,,,,,SCARROLL-R,CBUCHHOLZ-R,,,,,,,,
2014,2014-07-07,HOU,TEX,12.0,7.0,False,0|6|0|3|0|1|0|2|0,0|1|1|3|1|0|0|0|1,-110.0,-110.0,132.0,-147.0,-1.5,9.5,sbro,,,,,JCOSART-R,MMIKOLAS-R,,,,,,,,
2014,2014-07-07,TOR,LAA,2.0,5.0,False,0|0|0|1|1|0|0|0|0,0|0|1|0|4|0|0|0|x,145.0,-165.0,164.0,-184.0,-1.5,8.5,sbro,,,,,JHAPP-L,JWEAVER-R,,,,,,,,
2014,2014-07-07,MIN,SEA,0.0,2.0,False,0|0|0|0|0|0|0|0|0,0|1|0|0|0|0|1|0|x,175.0,-195.0,178.0,-208.0,-1.5,7.5,sbro,,,,,KCORREIA-R,HIWAKUMA-R,,,,,,,,
2014,2014-07-07,BAL,WAS,8.0,2.0,False,0|0|0|2|0|0|0|0|0,0|0|0|0|0|2|0|0|0,155.0,-175.0,179.0,-199.0,-1.5,8.0,sbro,,,,,CTILLMAN-R,STRASBURG-R,,,,,,,,
2014,2014-07-07,SFO,OAK,0.0,5.0,False,0|0|0|0|0|0|0|0|0,0|0|0|0|1|2|2|0|x,140.0,-160.0,151.0,-171.0,-1.5,7.5,sbro,,,,,VOGELSONG-R,JCHAVEZ-R,,,,,,,,
2014,2014-07-08,CUB,CIN,5.0,6.0,False,0|2|3|0|0|0|0|0|0,0|0|0|0|1|1|2|1|1,120.0,-140.0,-110.0,100.0,1.5,8.0,sbro,,,,,TWADA-L,DHOLMBERG-L,,,,,,,,
2014,2014-07-08,ATL,NYM,3.0,8.0,False,0|0|0|0|0|0|0|1|2,1|3|1|0|0|1|1|1|x,-145.0,125.0,-148.0,133.0,1.5,7.0,sbro,,,,,JTEHERAN-R,JDEGROM-R,,,,,,,,
2014,2014-07-08,PHI,MIL,9.0,7.0,False,1|5|1|0|2|0|0|0|0,5|0|0|0|0|2|0|0|0,150.0,-170.0,160.0,-180.0,-1.5,8.5,sbro,,,,,KKENDRICK-R,WPERALTA-R,,,,,,,,
2014,2014-07-08,PIT,STL,4.0,5.0,False,0|0|0|2|2|0|0|0|0,0|2|0|0|2|0|0|0|1,110.0,-130.0,-101.0,-109.0,-1.5,8.0,sbro,,,,,VWORLEY-R,CMARTINEZ-R,,,,,,,,
2014,2014-07-08,SDG,COL,1.0,2.0,False,0|0|0|0|0|1|0|0|0,0|0|2|0|0|0|0|0|x,-120.0,100.0,-115.0,105.0,1.5,10.0,sbro,,,,,TROSS-R,FMORALES-L,,,,,,,,
2014,2014-07-08,MIA,ARI,2.0,1.0,False,0|0|0|0|0|0|0|0|2,0|0|0|0|1|0|0|0|0,-115.0,-105.0,112.0,-122.0,-1.5,8.5,sbro,,,,,BHAND-L,VNUNO-L,,,,,,,,
2014,2014-07-08,NYY,CLE,3.0,5.0,False,2|1|0|0|0|0|0|0|0,1|0|0|0|1|2|1|0|x,-165.0,145.0,-158.0,143.0,1.5,7.5,sbro,,,,,MTANAKA-R,TBAUER-R,,,,,,,,
2014,2014-07-08,CWS,BOS,8.0,3.0,False,0|2|0|1|0|2|0|0|3,0|0|0|0|3|0|0|0|0,120.0,-140.0,152.0,-172.0,-1.5,9.5,sbro,,,,,JDANKS-L,BWORKMAN-R,,,,,,,,
2014,2014-07-08,KAN,TAM,3.0,4.0,False,0|0|0|0|1|0|0|0|2,0|0|0|0|0|2|0|2|x,-120.0,100.0,-115.0,105.0,1.5,7.0,sbro,,,,,JVARGAS-L,JHELLICKS-R,,,,,,,,
2014,2014-07-08,HOU,TEX,8.0,3.0,False,2|0|1|0|0|1|1|3|0,0|1|0|1|0|0|1|0|0,105.0,-125.0,134.0,-149.0,-1.5,9.5,sbro,,,,,BPEACOCK-R,PIRWIN-R,,,,,,,,
2014,2014-07-08,TOR,LAA,4.0,0.0,False,0|0|0|0|1|0|2|1|0,0|0|0|0|0|0|0|0|0,140.0,-160.0,159.0,-179.0,-1.5,8.0,sbro,,,,,RDICKEY-R,TSKAGGS-L,,,,,,,,
2014,2014-07-08,MIN,SEA,2.0,0.0,False,0|0|0|0|1|0|0|1|0,0|0|0|0|0|0|0|0|0,100.0,-120.0,100.0,-110.0,-1.5,7.0,sbro,,,,,PHUGHES-R,CYOUNG-R,,,,,,,,
2014,2014-07-08,LOS,DET,5.0,14.0,False,5|0|0|0|0|0|0|0|0,0|5|2|4|1|0|2|0|x,-105.0,-115.0,112.0,-122.0,-1.5,8.5,sbro,,,,,HRYU-L,VERLANDER-R,,,,,,,,
2014,2014-07-08,SFO,OAK,1.0,6.0,False,0|0|0|0|0|0|1|0|0,0|0|4|0|0|0|0|2|x,110.0,-130.0,134.0,-149.0,-1.5,6.5,sbro,,,,,BUMGARNER-L,SGRAY-R,,,,,,,,
2014,2014-07-08,CUB,CIN,2.0,4.0,False,0|0|0|0|0|2|0|0|0,3|0|0|0|0|1|0|0|x,195.0,-225.0,200.0,-230.0,-1.5,7.0,sbro,,,,,TWOOD-L,JCUETO-R,,,,,,,,
2014,2014-07-09,SDG,COL,3.0,6.0,False,0|0|0|1|2|0|0|0|0,2|0|0|1|0|0|0|3|x,-105.0,-105.0,119.0,-129.0,-1.5,11.0,sbro,,,,,ESTULTS-L,JJURRJENS-R,,,,,,,,
2014,2014-07-09,MIA,ARI,3.0,4.0,False,0|0|0|0|0|1|0|0|0,0|0|0|0|0|0|0|1|0,110.0,-130.0,102.0,-112.0,-1.5,7.5,sbro,,,,,NEOVALDI-R,COLLMENTER-R,,,,,,,,
2014,2014-07-09,ATL,NYM,1.0,4.0,False,0|0|0|0|0|1|0|0|0,1|0|0|0|0|0|3|0|x,-130.0,110.0,-126.0,116.0,1.5,7.0,sbro,,,,,ESANTANA-R,DGEE-R,,,,,,,,
2014,2014-07-09,CUB,CIN,1.0,4.0,False,0|0|1|0|0|0|0|0|0,0|1|0|0|3|0|0|0|x,200.0,-230.0,140.0,-155.0,-1.5,7.5,sbro,,,,,DBEELER-R,ASIMON-R,,,,,,,,
2014,2014-07-09,PHI,MIL,4.0,1.0,False,1|0|0|0|0|2|1|0|0,0|1|0|0|0|0|0|0|0,170.0,-200.0,170.0,-190.0,-1.5,8.0,sbro,,,,,RHERNANDZ-R,KLOHSE-R,,,,,,,,
2014,2014-07-09,PIT,STL,2.0,5.0,False,0|1|0|1|0|0|0|0|0,2|0|1|1|0|0|1|0|x,120.0,-140.0,121.0,-136.0,-1.5,7.5,sbro,,,,,BCUMPTON-R,LLYNN-R,,,,,,,,
2014,2014-07-09,TOR,LAA,7.0,8.0,False,0|0|1|5|0|1|0|0|0,0|2|1|3|0|0|2|0|x,140.0,-160.0,133.0,-148.0,-1.5,7.5,sbro,,,,,MSTROMAN-R,CWILSON-L,,,,,,,,
2014,2014-07-09,NYY,CLE,5.0,4.0,False,0|0|0|1|3|0|0|0|0,3|0|0|0|1|0|0|0|0,-105.0,-115.0,117.0,-127.0,-1.5,8.0,sbro,,,,,BMCCARTHY-R,JTOMLIN-R,,,,,,,,
2014,2014-07-09,CWS,BOS,4.0,5.0,False,1|1|0|1|0|0|1|0|0,0|0|0|0|0|0|0|3|2,-120.0,100.0,-114.0,104.0,1.5,7.5,sbro,,,,,CSALE-L,RDELAROSA-R,,,,,,,,
2014,2014-07-09,KAN,TAM,5.0,4.0,False,1|0|0|1|0|0|0|0|3,0|0|0|4|0|0|0|0|0,115.0,-135.0,110.0,-120.0,-1.5,6.5,sbro,,,,,YVENTURA-R,ACOBB-R,,,,,,,,
2014,2014-07-09,HOU,TEX,8.0,4.0,False,0|2|1|0|1|2|2|0|0,1|3|0|0|0|0|0|0|0,170.0,-190.0,188.0,-218.0,-1.5,7.5,sbro,,,,,DKEUCHEL-L,YDARVISH-R,,,,,,,,
2014,2014-07-09,MIN,SEA,8.0,1.0,False,1|4|0|3|0|0|0|0|0,0|0|0|0|0|0|1|0|0,130.0,-150.0,135.0,-150.0,-1.5,7.5,sbro,,,,,KGIBSON-R,RELIAS-L,,,,,,,,
2014,2014-07-09,LOS,DET,1.0,4.0,False,0|0|0|0|1|0|0|0|0,2|0|0|1|0|0|0|1|x,110.0,-130.0,100.0,-110.0,-1.5,7.0,sbro,,,,,ZGREINKE-R,MSCHERZER-R,,,,,,,,
2014,2014-07-09,WAS,BAL,6.0,2.0,False,2|1|0|1|1|0|1|0|0,1|0|0|1|0|0|0|0|0,-105.0,-115.0,-105.0,-105.0,1.5,8.5,sbro,,,,,DFISTER-R,BNORRIS-R,,,,,,,,
2014,2014-07-09,OAK,SFO,2.0,5.0,False,0|0|0|1|0|1|0|0|0,0|1|1|1|0|2|0|0|x,-113.0,-107.0,-123.0,113.0,1.5,7.0,sbro,,,,,JHAMMEL-R,MCAIN-R,,,,,,,,
2014,2014-07-10,CUB,CIN,6.0,4.0,False,0|0|1|0|2|0|0|1|0,3|0|1|0|0|0|0|0|0,160.0,-180.0,115.0,-130.0,-1.5,7.0,sbro,,,,,KHENDRICK-R,HBAILEY-R,,,,,,,,
2014,2014-07-10,PHI,MIL,9.0,1.0,False,0|0|0|0|0|0|0|7|2,0|0|0|0|0|1|0|0|0,180.0,-210.0,200.0,-230.0,-1.5,8.0,sbro,,,,,DBUCHANAN-R,MGARZA-R,,,,,,,,
2014,2014-07-10,ATL,NYM,3.0,1.0,False,2|0|1|0|0|0|0|0|0,0|0|1|0|0|0|0|0|0,-112.0,-108.0,114.0,-124.0,-1.5,7.0,sbro,,,,,AHARANG-R,BCOLON-R,,,,,,,,
2014,2014-07-10,PIT,STL,9.0,1.0,False,1|0|0|0|3|4|0|0|1,0|0|1|0|0|0|0|0|0,110.0,-130.0,-104.0,-106.0,-1.5,8.0,sbro,,,,,EVOLQUEZ-R,SMILLER-R,,,,,,,,
2014,2014-07-10,SDG,LOS,1.0,2.0,False,0|0|0|0|0|1|0|0|0,0|0|0|1|0|1|0|0|x,220.0,-260.0,240.0,-280.0,-1.5,6.0,sbro,,,,,DESPAIGNE-R,CKERSHAW-L,,,,,,,,
2014,2014-07-10,CWS,BOS,3.0,4.0,False,1|0|0|0|0|0|0|0|2,0|0|0|0|0|3|0|0|0,140.0,-160.0,149.0,-164.0,-1.5,8.0,sbro,,,,,JQUINTANA-L,JLESTER-L,,,,,,,,
2014,2014-07-10,NYY,CLE,3.0,9.0,False,0|0|0|2|1|0|0|0|0,0|0|0|0|0|0|4|5|x,-101.0,-119.0,137.0,-152.0,-1.5,8.0,sbro,,,,,DPHELPS-R,THOUSE-L,,,,,,,,
2014,2014-07-10,LAA,TEX,15.0,6.0,False,4|6|3|0|0|0|0|2|0,2|0|0|1|0|1|0|0|2,-135.0,115.0,-128.0,118.0,1.5,9.5,sbro,,,,,HSANTIAGO-L,CLEWIS-R,,,,,,,,
2014,2014-07-10,DET,KAN,16.0,4.0,False,3|0|0|3|8|0|1|0|1,0|1|0|1|0|0|2|0|0,-112.0,-108.0,-101.0,-109.0,-1.5,8.0,sbro,,,,,DSMYLY-L,JGUTHRIE-R,,,,,,,,
2014,2014-07-10,MIN,SEA,4.0,2.0,False,0|0|2|0|2|0|0|0|0,0|1|0|0|0|0|1|0|0,132.0,-152.0,140.0,-155.0,-1.5,7.5,sbro,,,,,YPINO-R,TWILHELMS-R,,,,,,,,
2014,2014-07-10,OAK,SFO,6.0,1.0,False,0|1|0|0|1|4|0|0|0,0|0|0|0|0|0|0|1|0,-109.0,-111.0,-109.0,-101.0,1.5,7.0,sbro,,,,,SKAZMIR-L,THUDSON-R,,,,,,,,
2014,2014-07-10,WAS,BAL,3.0,4.0,False,0|0|0|1|0|2|0|0|0,1|0|3|0|0|0|0|0|x,-121.0,101.0,-113.0,103.0,1.5,8.0,sbro,,,,,GGONZALEZ-L,WCHEN-L,,,,,,,,
2014,2014-07-11,ATL,CUB,4.0,5.0,False,0|0|0|2|0|1|0|0|1,0|0|2|0|0|2|0|0|1,-105.0,-105.0,100.0,-110.0,-1.5,7.5,sbro,,,,,AWOOD-L,JARRIETA-R,,,,,,,,
2014,2014-07-11,WAS,PHI,2.0,6.0,False,0|0|0|0|0|0|1|1|0,0|2|2|0|0|1|1|0|x,-140.0,120.0,-154.0,139.0,1.5,7.5,sbro,,,,,JZIMMERMN-R,ABURNETT-R,,,,,,,,
2014,2014-07-11,PIT,CIN,5.0,6.0,False,0|0|0|4|0|1|0|0|0,1|0|0|0|0|0|2|3|x,110.0,-130.0,-109.0,-101.0,1.5,7.5,sbro,,,,,JLOCKE-L,MLATOS-R,,,,,,,,
2014,2014-07-11,MIA,NYM,1.0,7.0,False,0|0|0|0|1|0|0|0|0,0|2|2|0|2|1|0|0|x,-114.0,-106.0,107.0,-117.0,-1.5,7.0,sbro,,,,,HALVAREZ-R,ZWHEELER-R,,,,,,,,
2014,2014-07-11,STL,MIL,7.0,6.0,False,0|0|0|2|0|4|0|0|1,3|3|0|0|0|0|0|0|0,110.0,-130.0,125.0,-140.0,-1.5,8.0,sbro,,,,,JKELLY-R,YGALLARDO-R,,,,,,,,
2014,2014-07-11,SDG,LOS,6.0,3.0,False,0|2|0|0|2|2|0|0|0,1|0|0|0|0|0|2|0|0,-101.0,-119.0,-101.0,-109.0,-1.5,7.0,sbro,,,,,JHAHN-R,DHAREN-R,,,,,,,,
2014,2014-07-11,ARI,SFO,0.0,5.0,False,0|0|0|0|0|0|0|0|0,2|2|0|0|1|0|0|0|x,140.0,-160.0,113.0,-123.0,-1.5,7.0,sbro,,,,,BOLSINGER-R,TLINCECUM-R,,,,,,,,
2014,2014-07-11,CWS,CLE,4.0,7.0,False,0|2|0|1|1|0|0|0|0,0|2|0|1|3|0|1|0|x,170.0,-200.0,200.0,-230.0,-1.5,7.5,sbro,,,,,HNOESI-R,CKLUBER-R,,,,,,,,
2014,2014-07-11,NYY,BAL,2.0,3.0,False,0|1|1|0|0|0|0|0|0,0|0|0|2|0|0|0|0|0,105.0,-125.0,-107.0,-103.0,1.5,8.5,sbro,,,,,HKURODA-R,MGONZALEZ-R,,,,,,,,
2014,2014-07-11,TOR,TAM,8.0,5.0,False,0|0|3|2|0|0|0|0|3,1|0|0|1|0|0|3|0|0,120.0,-140.0,115.0,-130.0,-1.5,7.0,sbro,,,,,MBUEHRLE-L,CARCHER-R,,,,,,,,
2014,2014-07-11,LAA,TEX,3.0,0.0,False,0|0|0|1|0|0|2|0|0,0|0|0|0|0|0|0|0|0,-160.0,140.0,-192.0,172.0,1.5,9.5,sbro,,,,,GRICHARDS-R,NTEPESCH-R,,,,,,,,
2014,2014-07-11,BOS,HOU,8.0,3.0,False,0|0|2|1|0|5|0|0|0,0|0|0|1|0|1|0|1|0,-120.0,100.0,-130.0,115.0,1.5,7.5,sbro,,,,,JLACKEY-R,SFELDMAN-R,,,,,,,,
2014,2014-07-11,DET,KAN,2.0,1.0,False,1|0|1|0|0|0|0|0|0,1|0|0|0|0|0|0|0|0,-120.0,100.0,-121.0,111.0,1.5,8.5,sbro,,,,,ASANCHEZ-R,DDUFFY-L,,,,,,,,
2014,2014-07-11,OAK,SEA,2.0,3.0,False,2|0|0|0|0|0|0|0|0,0|1|1|0|0|1|0|0|x,100.0,-120.0,127.0,-142.0,-1.5,6.0,sbro,,,,,SAMARDZIJA-R,FHERNANDZ-R,,,,,,,,
2014,2014-07-11,MIN,COL,2.0,6.0,False,0|1|0|0|0|0|0|1|0,2|1|2|0|0|0|1|0|x,125.0,-145.0,170.0,-190.0,-1.5,10.0,sbro,,,,,KJOHNSON-L,JDELAROSA-L,,,,,,,,
2014,2014-07-12,ATL,CUB,11.0,6.0,False,0|2|1|6|0|0|0|0|2,2|0|1|0|3|0|0|0|0,-130.0,110.0,-128.0,118.0,1.5,9.0,sbro,,,,,MMINOR-L,EJACKSON-R,,,,,,,,
2014,2014-07-12,ARI,SFO,2.0,0.0,False,0|0|0|1|0|0|1|0|0,0|0|0|0|0|0|0|0|0,105.0,-125.0,110.0,-120.0,-1.5,7.0,sbro,,,,,WMILEY-L,VOGELSONG-R,,,,,,,,
2014,2014-07-12,STL,MIL,10.0,2.0,False,3|2|1|0|2|1|1|0|0,0|0|0|0|1|0|1|0|0,-145.0,125.0,-121.0,111.0,1.5,7.5,sbro,,,,,WAINWRIGHT-R,JNELSON-R,,,,,,,,
2014,2014-07-12,MIA,NYM,4.0,5.0,False,0|0|1|0|1|2|0|0|0,0|0|0|0|2|0|2|1|x,-105.0,-115.0,105.0,-115.0,-1.5,8.0,sbro,,,,,TKOEHLER-R,DMATSUZKA-R,,,,,,,,
2014,2014-07-12,WAS,PHI,5.0,3.0,False,1|0|0|0|0|2|0|0|0,0|0|0|0|0|2|0|1|0,-120.0,100.0,-130.0,115.0,1.5,7.0,sbro,,,,,STRASBURG-R,CHAMELS-L,,,,,,,,
2014,2014-07-12,PIT,CIN,6.0,5.0,False,1|0|1|2|0|0|0|0|1,0|0|0|0|0|5|0|0|0,-106.0,-114.0,101.0,-111.0,-1.5,7.5,sbro,,,,,CMORTON-R,MLEAKE-R,,,,,,,,
2014,2014-07-12,SDG,LOS,0.0,1.0,False,0|0|0|0|0|0|0|0|0,0|0|0|0|0|0|0|0|1,-120.0,100.0,-109.0,-101.0,1.5,7.0,sbro,,,,,IKENNEDY-R,PMAHOLM-L,,,,,,,,
2014,2014-07-12,CWS,CLE,6.0,2.0,False,0|0|0|2|0|1|0|0|3,0|0|0|0|0|0|1|1|0,130.0,-150.0,171.0,-191.0,-1.5,9.0,sbro,,,,,SCARROLL-R,ZMCALLIST-R,,,,,,,,
2014,2014-07-12,NYY,BAL,3.0,0.0,False,0|0|1|0|0|0|2|0|0,0|0|0|0|0|0|0|0|0,115.0,-135.0,130.0,-145.0,-1.5,9.0,sbro,,,,,SGREENE-R,CTILLMAN-R,,,,,,,,
2014,2014-07-12,BOS,HOU,2.0,3.0,False,0|0|0|1|0|0|1|0|0,0|0|2|0|0|0|0|1|x,-117.0,-103.0,-131.0,116.0,1.5,8.0,sbro,,,,,JPEAVY-R,OBERHOLTZR-L,,,,,,,,
2014,2014-07-12,TOR,TAM,3.0,10.0,False,0|1|0|1|0|0|1|0|0,1|0|0|1|0|6|2|0|x,140.0,-160.0,112.0,-122.0,-1.5,7.5,sbro,,,,,HUTCHISON-R,JODORIZZI-R,,,,,,,,
2014,2014-07-12,DET,KAN,5.0,1.0,False,0|0|1|1|0|0|0|0|3,0|0|0|0|0|1|0|0|0,-105.0,-115.0,117.0,-132.0,-1.5,8.0,sbro,,,,,RPORCELLO-R,JSHIELDS-R,,,,,,,,
2014,2014-07-12,LAA,TEX,5.0,2.0,False,0|0|1|0|0|4|0|0|0,0|2|0|0|0|0|0|0|0,-175.0,155.0,-161.0,146.0,1.5,9.5,sbro,,,,,JWEAVER-R,MMIKOLAS-R,,,,,,,,
2014,2014-07-12,OAK,SEA,2.0,6.0,False,0|0|0|0|0|0|0|0|2,0|1|0|0|2|0|0|3|x,-112.0,-108.0,-106.0,-104.0,1.5,7.0,sbro,,,,,JCHAVEZ-R,HIWAKUMA-R,,,,,,,,
2014,2014-07-12,MIN,COL,9.0,3.0,False,2|0|1|1|0|0|0|3|2,0|0|0|0|1|0|0|0|2,140.0,-160.0,155.0,-175.0,-1.5,10.5,sbro,,,,,KCORREIA-R,TMATZEK-L,,,,,,,,
2014,2014-07-13,MIA,NYM,1.0,9.0,False,0|0|0|1|0|0|0|0|0,0|1|0|2|1|1|0|4|x,125.0,-145.0,140.0,-155.0,-1.5,8.0,sbro,,,,,BHAND-L,JDEGROM-R,,,,,,,,
2014,2014-07-13,PIT,CIN,3.0,6.0,False,0|0|0|1|1|1|0|0|0,0|3|0|0|1|2|0|0|x,140.0,-160.0,113.0,-123.0,-1.5,7.0,sbro,,,,,FLIRIANO-L,JCUETO-R,,,,,,,,
2014,2014-07-13,WAS,PHI,10.0,3.0,False,3|0|0|0|0|4|0|1|2,0|0|0|0|0|1|0|0|2,-140.0,120.0,-142.0,127.0,1.5,8.5,sbro,,,,,TROARK-R,KKENDRICK-R,,,,,,,,
2014,2014-07-13,STL,MIL,2.0,11.0,False,0|0|0|1|0|0|0|0|1,2|0|0|2|1|3|1|2|x,100.0,-120.0,100.0,-110.0,-1.5,8.5,sbro,,,,,CMARTINEZ-R,WPERALTA-R,,,,,,,,
2014,2014-07-13,ATL,CUB,10.0,7.0,False,0|3|4|0|0|0|3|0|0,0|0|0|0|0|2|2|3|0,-140.0,120.0,-159.0,144.0,1.5,8.0,sbro,,,,,JTEHERAN-R,TWOOD-L,,,,,,,,
2014,2014-07-13,ARI,SFO,4.0,8.0,False,0|0|1|0|0|0|3|0|0,0|0|0|0|4|4|0|0|x,170.0,-190.0,172.0,-192.0,-1.5,6.5,sbro,,,,,VNUNO-L,BUMGARNER-L,,,,,,,,
2014,2014-07-13,SDG,LOS,0.0,1.0,False,0|0|0|0|0|0|0|0|0,0|0|0|0|0|1|0|0|x,130.0,-150.0,133.0,-148.0,-1.5,6.5,sbro,,,,,TROSS-R,HRYU-L,,,,,,,,
2014,2014-07-13,CWS,CLE,2.0,3.0,False,0|0|0|0|0|0|0|2|0,0|1|0|0|0|0|0|2|x,140.0,-160.0,150.0,-170.0,-1.5,8.5,sbro,,,,,JDANKS-L,TBAUER-R,,,,,,,,
2014,2014-07-13,TOR,TAM,0.0,3.0,False,0|0|0|0|0|0|0|0|0,0|1|0|0|0|1|1|0|x,155.0,-175.0,164.0,-184.0,-1.5,6.5,sbro,,,,,RDICKEY-R,DPRICE-L,,,,,,,,
2014,2014-07-13,BOS,HOU,11.0,0.0,False,1|1|2|0|2|0|2|0|3,0|0|0|0|0|0|0|0|0,-115.0,-105.0,-130.0,115.0,1.5,8.0,sbro,,,,,CBUCHHOLZ-R,BPEACOCK-R,,,,,,,,
2014,2014-07-13,DET,KAN,2.0,5.0,False,0|0|2|0|0|0|0|0|0,0|0|0|0|0|0|5|0|x,-130.0,110.0,-134.0,119.0,1.5,8.5,sbro,,,,,VERLANDER-R,BCHEN-L,,,,,,,,
2014,2014-07-13,LAA,TEX,10.0,7.0,False,0|3|1|1|2|1|0|1|1,1|0|3|0|0|2|1|0|0,-165.0,145.0,-154.0,139.0,1.5,10.0,sbro,,,,,TSKAGGS-L,SBAKER-R,,,,,,,,
2014,2014-07-13,OAK,SEA,4.0,1.0,False,0|0|0|0|2|1|0|0|1,1|0|0|0|0|0|0|0|0,-160.0,140.0,-150.0,135.0,1.5,7.5,sbro,,,,,SGRAY-R,CYOUNG-R,,,,,,,,
2014,2014-07-13,NYY,BAL,1.0,3.0,False,1|0|0|0|0|x|x|x|x,0|0|0|3|x|x|x|x|x,140.0,-160.0,132.0,-147.0,-1.5,8.5,sbro,,,,,CWHITLEY-R,KGAUSMAN-R,,,,,,,,
2014,2014-07-13,MIN,COL,13.0,5.0,False,5|0|0|0|1|0|2|1|4,2|2|0|0|1|0|0|0|0,105.0,-125.0,119.0,-129.0,-1.5,9.5,sbro,,,,,PHUGHES-R,BANDERSON-L,,,,,,,,
2014,2014-07-18,COL,PIT,2.0,4.0,False,0|1|0|0|0|1|0|0|0,0|0|0|0|1|0|1|2|x,130.0,-150.0,137.0,-152.0,-1.5,7.5,sbro,,,,,JDELAROSA-L,FLIRIANO-L,,,,,,,,
2014,2014-07-18,MIL,WAS,4.0,2.0,False,1|1|2|0|0|0|0|0|0,0|0|0|1|0|0|0|0|1,140.0,-160.0,159.0,-179.0,-1.5,7.0,sbro,,,,,KLOHSE-R,STRASBURG-R,,,,,,,,
2014,2014-07-18,SFO,MIA,9.0,1.0,False,0|2|2|0|5|0|0|0|0,0|0|0|0|0|1|0|0|0,-130.0,110.0,-127.0,117.0,1.5,7.0,sbro,,,,,BUMGARNER-L,NEOVALDI-R,,,,,,,,
2014,2014-07-18,PHI,ATL,4.0,6.0,False,0|2|0|0|0|2|0|0|0,0|4|0|0|2|0|0|0|x,140.0,-160.0,157.0,-177.0,-1.5,7.0,sbro,,,,,ABURNETT-R,ESANTANA-R,,,,,,,,
2014,2014-07-18,LOS,STL,2.0,3.0,False,0|0|0|0|0|0|2|0|0,1|0|0|0|2|0|0|0|x,110.0,-130.0,115.0,-130.0,-1.5,8.0,sbro,,,,,DHAREN-R,LLYNN-R,,,,,,,,
2014,2014-07-18,CUB,ARI,4.0,5.0,False,0|0|0|3|0|1|0|0|0,0|0|0|0|2|3|0|0|x,120.0,-140.0,119.0,-129.0,-1.5,8.5,sbro,,,,,EJACKSON-R,TCAHILL-R,,,,,,,,
2014,2014-07-18,NYM,SDG,5.0,4.0,False,3|0|1|0|0|0|0|0|1,0|0|0|0|4|0|0|0|0,110.0,-130.0,115.0,-130.0,-1.5,6.5,sbro,,,,,BCOLON-R,IKENNEDY-R,,,,,,,,
2014,2014-07-18,TEX,TOR,5.0,1.0,False,0|0|0|0|2|0|3|0|0,0|0|0|0|0|0|1|0|0,-111.0,-109.0,-107.0,-103.0,1.5,7.5,sbro,,,,,YDARVISH-R,RDICKEY-R,,,,,,,,
2014,2014-07-18,CLE,DET,9.0,3.0,False,0|0|0|0|0|0|7|0|2,0|0|1|2|0|0|0|0|0,150.0,-170.0,154.0,-174.0,-1.5,8.5,sbro,,,,,TBAUER-R,ASANCHEZ-R,,,,,,,,
2014,2014-07-18,KAN,BOS,4.0,5.0,False,1|0|0|2|1|0|0|0|0,0|1|0|0|0|4|0|0|x,105.0,-125.0,115.0,-125.0,-1.5,8.0,sbro,,,,,JSHIELDS-R,CBUCHHOLZ-R,,,,,,,,
2014,2014-07-18,TAM,MIN,6.0,2.0,False,0|0|3|0|2|0|1|0|0,0|0|2|0|0|0|0|0|0,-130.0,110.0,-120.0,110.0,1.5,8.0,sbro,,,,,ACOBB-R,KGIBSON-R,,,,,,,,
2014,2014-07-18,HOU,CWS,2.0,3.0,False,0|2|0|0|0|0|0|0|0,0|0|0|0|0|2|1|0|x,130.0,-150.0,148.0,-163.0,-1.5,8.5,sbro,,,,,SFELDMAN-R,JQUINTANA-L,,,,,,,,
2014,2014-07-18,SEA,LAA,2.0,3.0,False,0|0|0|0|0|0|2|0|0,0|0|0|0|2|0|0|0|0,125.0,-145.0,126.0,-141.0,-1.5,7.5,sbro,,,,,HIWAKUMA-R,JWEAVER-R,,,,,,,,
2014,2014-07-18,BAL,OAK,4.0,5.0,False,0|0|0|0|2|0|2|0|0,0|0|1|0|1|0|0|0|3,145.0,-165.0,148.0,-163.0,-1.5,7.0,sbro,,,,,CTILLMAN-R,SAMARDZIJA-R,,,,,,,,
2014,2014-07-18,CIN,NYY,3.0,4.0,False,0|0|1|1|0|0|1|0|0,1|0|1|0|2|0|0|0|x,-105.0,-115.0,125.0,-140.0,-1.5,8.0,sbro,,,,,MLEAKE-R,DPHELPS-R,,,,,,,,
2014,2014-07-19,LOS,STL,2.0,4.0,False,0|0|1|0|0|0|0|1|0,4|0|0|0|0|0|0|0|x,-125.0,105.0,-149.0,134.0,1.5,7.5,sbro,,,,,ZGREINKE-R,JKELLY-R,,,,,,,,
2014,2014-07-19,COL,PIT,2.0,3.0,False,0|0|0|0|0|0|2|0|0,0|0|0|1|0|0|0|1|0,130.0,-150.0,138.0,-153.0,-1.5,7.5,sbro,,,,,BANDERSON-L,CMORTON-R,,,,,,,,
2014,2014-07-19,MIL,WAS,3.0,8.0,False,0|1|0|0|0|0|0|2|0,5|0|1|1|0|1|0|0|x,125.0,-145.0,114.0,-124.0,-1.5,7.5,sbro,,,,,MGARZA-R,TROARK-R,,,,,,,,
2014,2014-07-19,SFO,MIA,5.0,3.0,False,0|2|0|3|0|0|0|0|0,1|0|0|0|0|0|0|0|2,-115.0,-105.0,-114.0,104.0,1.5,7.0,sbro,,,,,THUDSON-R,HALVAREZ-R,,,,,,,,
2014,2014-07-19,PHI,ATL,2.0,1.0,False,0|0|0|0|0|0|2|0|0,0|0|0|0|0|0|1|0|0,100.0,-120.0,-105.0,-105.0,-1.5,7.0,sbro,,,,,CHAMELS-L,AHARANG-R,,,,,,,,
2014,2014-07-19,CUB,ARI,3.0,9.0,False,1|0|0|2|0|0|0|0|0,0|0|1|0|4|2|0|2|x,130.0,-150.0,137.0,-152.0,-1.5,8.0,sbro,,,,,TWOOD-L,WMILEY-L,,,,,,,,
2014,2014-07-19,NYM,SDG,0.0,6.0,False,0|0|0|0|0|0|0|0|0,0|1|2|1|0|1|0|1|x,110.0,-130.0,119.0,-134.0,-1.5,6.0,sbro,,,,,DGEE-R,TROSS-R,,,,,,,,
2014,2014-07-19,TEX,TOR,1.0,4.0,False,0|0|0|0|0|0|0|1|0,0|0|0|2|0|0|2|0|x,150.0,-170.0,150.0,-170.0,-1.5,9.0,sbro,,,,,CLEWIS-R,MSTROMAN-R,,,,,,,,
2014,2014-07-19,CLE,DET,5.0,2.0,False,0|0|1|0|0|1|0|0|3,0|1|0|0|0|0|1|0|0,155.0,-175.0,175.0,-195.0,-1.5,8.5,sbro,,,,,MCALLISTER-R,MSCHERZER-R,,,,,,,,
2014,2014-07-19,KAN,BOS,1.0,2.0,False,0|0|1|0|0|0|0|0|0,0|0|0|1|0|1|0|0|x,100.0,-120.0,116.0,-131.0,-1.5,8.0,sbro,,,,,DDUFFY-L,RDELAROSA-R,,,,,,,,
2014,2014-07-19,TAM,MIN,5.0,1.0,False,0|3|0|0|0|0|2|0|0,0|0|0|0|0|0|0|0|1,-165.0,145.0,-148.0,133.0,1.5,7.0,sbro,,,,,DPRICE-L,PHUGHES-R,,,,,,,,
2014,2014-07-19,HOU,CWS,3.0,4.0,False,0|0|0|1|2|0|0|0|0,0|1|2|0|1|0|0|0|x,100.0,-120.0,-107.0,-103.0,1.5,8.5,sbro,,,,,DKEUCHEL-L,HNOESI-R,,,,,,,,
2014,2014-07-19,SEA,LAA,3.0,2.0,False,0|0|0|0|0|1|0|0|0,0|0|0|0|0|0|1|0|0,100.0,-120.0,-105.0,-105.0,1.5,6.5,sbro,,,,,FHERNANDZ-R,GRICHARDS-R,,,,,,,,
2014,2014-07-19,BAL,OAK,8.0,4.0,False,4|0|1|2|0|0|0|0|1,0|0|1|2|0|1|0|0|0,130.0,-150.0,141.0,-156.0,-1.5,7.5,sbro,,,,,WCHEN-L,JHAMMEL-R,,,,,,,,
2014,2014-07-19,CIN,NYY,1.0,7.0,False,0|0|0|0|1|0|0|0|0,0|1|1|0|2|3|0|0|x,100.0,-120.0,143.0,-158.0,-1.5,7.5,sbro,,,,,ASIMON-R,BMCCARTHY-R,,,,,,,,
2014,2014-07-19,CLE,DET,6.0,2.0,False,0|0|0|0|3|0|1|0|2,0|0|0|0|1|0|0|0|1,-120.0,100.0,-140.0,125.0,1.5,8.5,sbro,,,,,CKLUBER-R,DVERHAGEN-R,,,,,,,,
2014,2014-07-20,SFO,MIA,2.0,3.0,False,0|0|2|0|0|0|0|0|0,2|0|0|0|0|0|1|0|x,-130.0,110.0,-128.0,118.0,1.5,7.5,sbro,,,,,TLINCECUM-R,BHAND-L,,,,,,,,
2014,2014-07-20,MIL,WAS,4.0,5.0,False,0|0|2|1|0|0|0|0|1,0|1|0|3|0|0|0|0|1,130.0,-150.0,115.0,-125.0,-1.5,7.5,sbro,,,,,YGALLARDO-R,GGONZALEZ-L,,,,,,,,
2014,2014-07-20,COL,PIT,3.0,5.0,False,2|1|0|0|0|0|0|0|0,0|2|0|0|0|1|2|0|x,155.0,-175.0,160.0,-180.0,-1.5,7.5,sbro,,,,,TMATZEK-L,JLOCKE-L,,,,,,,,
2014,2014-07-20,PHI,ATL,2.0,8.0,False,0|1|0|0|0|0|0|0|1,0|2|4|0|0|2|0|0|x,160.0,-180.0,173.0,-193.0,-1.5,7.0,sbro,,,,,KKENDRICK-R,AWOOD-L,,,,,,,,
2014,2014-07-20,NYM,SDG,1.0,2.0,False,0|0|0|0|0|0|0|1|0,0|0|0|1|0|0|0|0|1,100.0,-120.0,-113.0,103.0,1.5,7.0,sbro,,,,,ZWHEELER-R,DESPAIGNE-R,,,,,,,,
2014,2014-07-20,CUB,ARI,2.0,3.0,False,0|0|0|0|0|1|0|1|0,0|0|0|0|0|2|1|0|x,100.0,-120.0,103.0,-113.0,-1.5,7.5,sbro,,,,,JARRIETA-R,COLLMENTER-R,,,,,,,,
2014,2014-07-20,LOS,STL,4.0,3.0,False,0|1|2|0|0|0|0|0|1,0|1|0|0|0|2|0|0|0,-170.0,150.0,-180.0,160.0,1.5,6.5,sbro,,,,,CKERSHAW-L,CMARTINEZ-R,,,,,,,,
2014,2014-07-20,TEX,TOR,6.0,9.0,False,0|0|2|0|0|3|0|0|1,0|3|1|0|1|0|1|3|x,150.0,-170.0,150.0,-170.0,-1.5,8.5,sbro,,,,,NTEPESCH-R,MBUEHRLE-L,,,,,,,,
2014,2014-07-20,CLE,DET,1.0,5.0,False,0|0|0|0|0|0|1|0|0,2|0|0|2|0|0|0|1|x,125.0,-145.0,110.0,-120.0,-1.5,9.0,sbro,,,,,JTOMLIN-R,DSMYLY-L,,,,,,,,
2014,2014-07-20,KAN,BOS,0.0,6.0,False,0|0|0|0|0|0|0|0|0,1|0|2|3|0|0|0|0|x,125.0,-145.0,144.0,-159.0,-1.5,7.0,sbro,,,,,YVENTURA-R,JLESTER-L,,,,,,,,
2014,2014-07-20,TAM,MIN,5.0,3.0,False,2|1|1|0|0|1|0|0|0,0|1|0|0|0|2|0|0|0,-140.0,120.0,-131.0,116.0,1.5,8.5,sbro,,,,,CARCHER-R,KCORREIA-R,,,,,,,,
2014,2014-07-20,HOU,CWS,11.0,7.0,False,1|0|3|0|3|0|4|0|0,0|0|1|2|1|3|0|0|0,125.0,-145.0,117.0,-127.0,-1.5,9.0,sbro,,,,,JCOSART-R,JDANKS-L,,,,,,,,
2014,2014-07-20,SEA,LAA,5.0,6.0,False,3|0|0|0|0|0|2|0|0,1|0|2|0|0|0|1|0|2,145.0,-165.0,163.0,-183.0,-1.5,8.5,sbro,,,,,CYOUNG-R,TSKAGGS-L,,,,,,,,
2014,2014-07-20,BAL,OAK,2.0,10.0,False,0|0|0|0|1|0|1|0|0,2|0|1|1|3|3|0|0|x,145.0,-165.0,134.0,-149.0,-1.5,7.5,sbro,,,,,KGAUSMAN-R,SGRAY-R,,,,,,,,
2014,2014-07-20,CIN,NYY,2.0,3.0,False,0|0|0|0|1|0|0|1|0,0|0|0|0|2|0|0|0|1,-115.0,-105.0,112.0,-122.0,-1.5,7.0,sbro,,,,,JCUETO-R,HKURODA-R,,,,,,,,
2014,2014-07-21,SFO,PHI,7.0,4.0,False,0|1|2|0|0|3|0|1|0,0|2|0|2|0|0|0|0|0,120.0,-140.0,118.0,-128.0,-1.5,7.0,sbro,,,,,VOGELSONG-R,CLEE-L,,,,,,,,
2014,2014-07-21,LOS,PIT,5.0,2.0,False,0|0|2|3|0|0|0|0|0,0|0|0|2|0|0|0|0|0,-111.0,-109.0,104.0,-114.0,-1.5,7.5,sbro,,,,,HRYU-L,EVOLQUEZ-R,,,,,,,,
2014,2014-07-21,MIA,ATL,3.0,1.0,False,0|0|0|0|1|0|0|0|0,0|1|0|0|0|0|0|0|0,170.0,-200.0,175.0,-195.0,-1.5,7.0,sbro,,,,,TKOEHLER-R,JTEHERAN-R,,,,,,,,
2014,2014-07-21,CIN,MIL,2.0,5.0,False,0|0|0|0|0|1|0|1|0,0|0|3|2|0|0|0|0|x,100.0,-120.0,137.0,-152.0,-1.5,8.0,sbro,,,,,MLATOS-R,WPERALTA-R,,,,,,,,
2014,2014-07-21,WAS,COL,7.0,2.0,False,0|0|0|4|0|0|2|0|1,0|0|0|0|0|2|0|0|0,-140.0,120.0,-141.0,126.0,1.5,11.0,sbro,,,,,DFISTER-R,FMORALES-L,,,,,,,,
2014,2014-07-21,TEX,NYY,4.0,2.0,False,0|0|1|0|0|3|0|0|0,1|0|0|1|0|0|0|0|0,145.0,-165.0,143.0,-158.0,-1.5,8.5,sbro,,,,,MMIKOLAS-R,SGREENE-R,,,,,,,,
2014,2014-07-21,BOS,TOR,14.0,1.0,False,0|2|4|2|6|0|0|0|0,0|0|1|0|0|0|0|0|0,100.0,-120.0,-101.0,-109.0,1.5,8.0,sbro,,,,,JLACKEY-R,HUTCHISON-R,,,,,,,,
2014,2014-07-21,CLE,MIN,3.0,4.0,False,0|0|1|0|1|0|0|1|0,0|2|1|0|0|0|0|1|x,-125.0,105.0,-110.0,100.0,1.5,9.5,sbro,,,,,THOUSE-L,KJOHNSON-L,,,,,,,,
2014,2014-07-21,KAN,CWS,1.0,3.0,False,0|0|0|1|0|0|0|0|0,2|0|0|0|0|1|0|0|x,150.0,-170.0,158.0,-178.0,-1.5,7.0,sbro,,,,,JGUTHRIE-R,CSALE-L,,,,,,,,
2014,2014-07-21,BAL,LAA,4.0,2.0,False,2|0|0|0|0|2|0|0|0,1|0|0|1|0|0|0|0|0,120.0,-140.0,120.0,-135.0,-1.5,8.5,sbro,,,,,BNORRIS-R,SHOEMAKER-R,,,,,,,,
2014,2014-07-21,DET,ARI,4.0,3.0,False,0|2|1|0|0|0|1|0|0,0|0|0|2|0|1|0|0|0,-145.0,125.0,-130.0,115.0,1.5,9.0,sbro,,,,,VERLANDER-R,VNUNO-L,,,,,,,,
2014,2014-07-21,NYM,SEA,2.0,5.0,False,0|0|1|0|0|0|0|0|1,1|0|2|1|0|0|0|1|x,105.0,-125.0,112.0,-122.0,-1.5,7.0,sbro,,,,,JNIESE-L,RELIAS-L,,,,,,,,
2014,2014-07-22,LOS,PIT,7.0,12.0,False,0|0|2|0|0|2|2|1|0,0|2|2|0|0|4|0|4|x,-106.0,-114.0,104.0,-114.0,-1.5,8.0,sbro,,,,,JBECKETT-R,VWORLEY-R,,,,,,,,
2014,2014-07-22,SFO,PHI,9.0,6.0,False,1|1|0|0|1|0|1|0|1,2|0|0|0|3|0|0|0|0,-120.0,100.0,-114.0,104.0,1.5,8.5,sbro,,,,,YPETIT-R,RHERNANDZ-R,,,,,,,,
2014,2014-07-22,MIA,ATL,6.0,5.0,False,1|0|3|2|0|0|0|0|0,1|0|1|0|0|0|0|3|0,165.0,-185.0,161.0,-181.0,-1.5,7.5,sbro,,,,,JTURNER-R,MMINOR-L,,,,,,,,
2014,2014-07-22,SDG,CUB,0.0,6.0,False,0|0|0|0|0|0|0|0|0,1|0|1|0|1|0|3|0|x,100.0,-120.0,115.0,-130.0,-1.5,9.5,sbro,,,,,ESTULTS-L,KHENDRICK-R,,,,,,,,
2014,2014-07-22,CIN,MIL,3.0,4.0,False,0|0|0|1|0|0|2|0|0,2|0|0|0|0|1|0|0|1,110.0,-130.0,119.0,-129.0,-1.5,8.0,sbro,,,,,HBAILEY-R,JNELSON-R,,,,,,,,
2014,2014-07-22,WAS,COL,7.0,4.0,False,0|0|0|0|2|2|3|0|0,0|1|2|0|1|0|0|0|0,-165.0,145.0,-195.0,175.0,1.5,11.0,sbro,,,,,JZIMMERMN-R,YFLANDE-L,,,,,,,,
2014,2014-07-22,TEX,NYY,1.0,2.0,False,0|0|0|0|0|0|0|0|0,0|0|0|0|0|0|0|0|0,145.0,-165.0,160.0,-180.0,-1.5,9.0,sbro,,,,,NMARTINEZ-R,CWHITLEY-R,,,,,,,,
2014,2014-07-22,BOS,TOR,3.0,7.0,False,0|0|0|0|0|0|0|1|2,0|0|1|0|0|3|2|1|x,-111.0,-109.0,-114.0,104.0,1.5,8.5,sbro,,,,,JPEAVY-R,JHAPP-L,,,,,,,,
2014,2014-07-22,KAN,CWS,7.0,1.0,False,0|1|0|0|0|4|0|2|0,0|0|0|1|0|0|0|0|0,-115.0,-105.0,-150.0,135.0,1.5,9.0,sbro,,,,,BCHEN-L,SCARROLL-R,,,,,,,,
2014,2014-07-22,CLE,MIN,8.0,2.0,False,0|3|0|0|1|0|0|0|4,0|0|0|1|0|0|1|0|0,-135.0,115.0,-143.0,128.0,1.5,9.0,sbro,,,,,DSALAZAR-R,YPINO-R,,,,,,,,
2014,2014-07-22,BAL,LAA,4.0,2.0,False,0|0|0|0|0|3|0|1|0,0|0|0|0|0|0|0|2|0,125.0,-145.0,125.0,-140.0,-1.5,9.0,sbro,,,,,MGONZALEZ-R,HSANTIAGO-L,,,,,,,,
2014,2014-07-22,HOU,OAK,3.0,2.0,False,0|0|2|0|0|0|0|0|0,0|0|1|0|0|1|0|0|0,200.0,-230.0,225.0,-265.0,-1.5,7.0,sbro,,,,,OBERHOLTZR-L,SKAZMIR-L,,,,,,,,
2014,2014-07-22,TAM,STL,7.0,2.0,False,0|1|0|0|5|0|0|0|1,1|0|0|0|0|1|0|0|0,150.0,-170.0,132.0,-147.0,-1.5,7.0,sbro,,,,,JODORIZZI-R,WAINWRIGHT-R,,,,,,,,
2014,2014-07-22,DET,ARI,4.0,5.0,False,1|0|1|0|0|0|0|2|0,1|0|1|0|0|1|0|2|x,-135.0,115.0,-115.0,105.0,1.5,8.5,sbro,,,,,RPORCELLO-R,CANDERSON-R,,,,,,,,
2014,2014-07-22,NYM,SEA,3.0,1.0,False,0|2|0|0|0|0|0|1|0,0|0|0|0|1|0|0|0|0,110.0,-130.0,103.0,-113.0,-1.5,7.0,sbro,,,,,JDEGROM-R,ERAMIREZ-R,,,,,,,,
2014,2014-07-23,CIN,MIL,1.0,5.0,False,0|0|0|0|1|0|0|0|0,0|0|0|0|2|2|0|1|x,140.0,-160.0,130.0,-145.0,-1.5,7.5,sbro,,,,,MLEAKE-R,KLOHSE-R,,,,,,,,
2014,2014-07-23,WAS,COL,4.0,6.0,False,1|0|0|0|1|0|0|0|2,3|0|0|0|0|1|2|0|x,-165.0,145.0,-140.0,125.0,1.5,9.5,sbro,,,,,STRASBURG-R,JDELAROSA-L,,,,,,,,
2014,2014-07-23,SFO,PHI,3.0,1.0,False,0|0|0|0|0|0|0|0|3,0|0|0|0|0|0|0|0|1,-140.0,120.0,-143.0,128.0,1.5,7.5,sbro,,,,,BUMGARNER-L,ABURNETT-R,,,,,,,,
2014,2014-07-23,LOS,PIT,1.0,6.0,False,0|0|0|0|0|1|0|0|0,4|1|0|0|0|0|1|0|x,125.0,-145.0,148.0,-163.0,-1.5,7.5,sbro,,,,,DHAREN-R,FLIRIANO-L,,,,,,,,
2014,2014-07-23,MIA,ATL,1.0,6.0,False,0|0|1|0|0|0|0|0|0,1|4|0|0|0|0|0|1|x,150.0,-170.0,157.0,-177.0,-1.5,7.0,sbro,,,,,NEOVALDI-R,ESANTANA-R,,,,,,,,
2014,2014-07-23,SDG,CUB,8.0,3.0,False,2|0|0|1|2|0|0|3|0,0|0|0|3|0|0|0|0|0,-120.0,100.0,101.0,-111.0,-1.5,6.5,sbro,,,,,IKENNEDY-R,TWADA-L,,,,,,,,
2014,2014-07-23,CLE,MIN,1.0,3.0,False,0|0|1|0|0|0|0|0|0,0|0|1|0|1|1|0|0|x,-120.0,100.0,-149.0,134.0,1.5,8.0,sbro,,,,,TBAUER-R,ASWARZAK-R,,,,,,,,
2014,2014-07-23,KAN,CWS,2.0,1.0,False,1|0|0|0|0|0|0|0|1,1|0|0|0|0|0|0|0|0,-105.0,-105.0,100.0,-110.0,-1.5,7.0,sbro,,,,,JSHIELDS-R,JQUINTANA-L,,,,,,,,
2014,2014-07-23,BOS,TOR,4.0,6.0,False,3|0|0|0|1|0|0|0|0,3|0|0|0|0|2|1|0|x,-105.0,-115.0,-112.0,102.0,1.5,8.5,sbro,,,,,CBUCHHOLZ-R,RDICKEY-R,,,,,,,,
2014,2014-07-23,TEX,NYY,1.0,2.0,False,0|0|1|0|0|x|x|x|x,0|0|2|0|x|x|x|x|x,-120.0,100.0,-118.0,108.0,1.5,7.0,sbro,,,,,YDARVISH-R,DPHELPS-R,,,,,,,,
2014,2014-07-23,HOU,OAK,7.0,9.0,False,0|0|0|0|1|1|0|5|0,0|5|0|2|1|0|1|0|x,200.0,-240.0,225.0,-265.0,-1.5,8.0,sbro,,,,,BPEACOCK-R,JCHAVEZ-R,,,,,,,,
2014,2014-07-23,BAL,LAA,2.0,3.0,False,0|0|1|0|0|1|0|0|0,1|0|0|0|0|0|0|2|x,140.0,-160.0,150.0,-170.0,-1.5,8.5,sbro,,,,,CTILLMAN-R,JWEAVER-R,,,,,,,,
2014,2014-07-23,DET,ARI,11.0,5.0,False,0|2|0|5|0|0|0|4|0,0|0|0|0|3|1|1|0|0,-150.0,130.0,-140.0,125.0,1.5,8.5,sbro,,,,,ASANCHEZ-R,TCAHILL-R,,,,,,,,
2014,2014-07-23,NYM,SEA,3.0,2.0,False,1|0|0|0|0|1|1|0|0,0|0|0|0|0|0|0|2|0,105.0,-125.0,115.0,-130.0,-1.5,7.0,sbro,,,,,BCOLON-R,TWALKER-R,,,,,,,,
2014,2014-07-23,TAM,STL,3.0,0.0,False,0|1|0|0|0|0|1|0|1,0|0|0|0|0|0|0|0|0,105.0,-125.0,-120.0,110.0,1.5,7.0,sbro,,,,,ACOBB-R,LLYNN-R,,,,,,,,
2014,2014-07-24,SFO,PHI,1.0,2.0,False,0|0|0|0|1|0|0|0|0,1|0|0|0|1|0|0|0|x,100.0,-120.0,115.0,-125.0,-1.5,7.0,sbro,,,,,THUDSON-R,CHAMELS-L,,,,,,,,
2014,2014-07-24,MIA,ATL,3.0,2.0,False,0|0|0|0|2|0|0|0|1,0|2|0|0|0|0|0|0|0,140.0,-160.0,119.0,-129.0,-1.5,7.5,sbro,,,,,HALVAREZ-R,AHARANG-R,,,,,,,,
2014,2014-07-24,SDG,CUB,13.0,3.0,False,2|0|0|0|1|9|0|0|1,0|0|0|1|0|0|0|2|0,-115.0,-105.0,-119.0,109.0,1.5,7.0,sbro,,,,,TROSS-R,EJACKSON-R,,,,,,,,
2014,2014-07-24,NYM,MIL,1.0,9.0,False,0|0|0|0|0|0|1|0|0,1|4|1|0|0|1|2|0|x,140.0,-160.0,135.0,-150.0,-1.5,8.0,sbro,,,,,DGEE-R,MGARZA-R,,,,,,,,
2014,2014-07-24,BOS,TOR,0.0,8.0,False,0|0|0|0|0|0|0|0|0,1|2|2|0|2|0|0|1|x,100.0,-120.0,-102.0,-108.0,-1.5,8.5,sbro,,,,,RDELAROSA-R,MSTROMAN-R,,,,,,,,
2014,2014-07-24,TEX,NYY,2.0,4.0,False,0|0|1|0|0|0|1|0|0,0|0|0|1|2|0|0|1|x,170.0,-200.0,162.0,-182.0,-1.5,8.5,sbro,,,,,CLEWIS-R,BMCCARTHY-R,,,,,,,,
2014,2014-07-24,HOU,OAK,1.0,13.0,False,0|0|0|1|0|0|0|0|0,0|0|3|1|0|5|0|4|x,220.0,-260.0,230.0,-270.0,-1.5,8.0,sbro,,,,,SFELDMAN-R,SAMARDZIJA-R,,,,,,,,
2014,2014-07-24,CLE,KAN,1.0,2.0,False,0|0|0|0|0|0|0|0|1,0|0|0|0|0|0|0|1|0,-120.0,100.0,109.0,-119.0,-1.5,7.0,sbro,,,,,CKLUBER-R,DDUFFY-L,,,,,,,,
2014,2014-07-24,CWS,MIN,5.0,2.0,False,0|0|1|3|0|1|0|0|0,0|0|0|0|0|0|0|2|0,140.0,-160.0,150.0,-165.0,-1.5,8.5,sbro,,,,,HNOESI-R,PHUGHES-R,,,,,,,,
2014,2014-07-24,DET,LAA,6.0,4.0,False,0|0|1|0|0|3|1|1|0,0|0|0|0|3|0|0|1|0,110.0,-130.0,111.0,-121.0,-1.5,7.5,sbro,,,,,MSCHERZER-R,GRICHARDS-R,,,,,,,,
2014,2014-07-24,BAL,SEA,4.0,0.0,False,0|0|4|0|0|0|0|0|0,0|0|0|0|0|0|0|0|0,120.0,-140.0,130.0,-145.0,-1.5,6.5,sbro,,,,,WCHEN-L,HIWAKUMA-R,,,,,,,,
2014,2014-07-25,STL,CUB,6.0,7.0,False,3|0|0|0|2|1|0|0|0,0|3|1|1|0|0|2|0|x,-130.0,110.0,-113.0,103.0,1.5,9.5,sbro,,,,,JKELLY-R,TWOOD-L,,,,,,,,
2014,2014-07-25,ARI,PHI,5.0,9.0,False,0|0|0|0|0|4|0|0|1,2|1|2|0|1|0|2|1|x,-120.0,100.0,-122.0,112.0,1.5,7.5,sbro,,,,,WMILEY-L,KKENDRICK-R,,,,,,,,
2014,2014-07-25,WAS,CIN,4.0,1.0,False,0|0|0|3|0|1|0|0|0,0|0|0|1|0|0|0|0|0,-114.0,-106.0,-121.0,111.0,1.5,7.5,sbro,,,,,TROARK-R,ASIMON-R,,,,,,,,
2014,2014-07-25,SDG,ATL,5.0,2.0,False,1|0|1|2|1|0|0|0|0,0|0|0|0|0|1|0|1|0,145.0,-165.0,159.0,-179.0,-1.5,6.5,sbro,,,,,JHAHN-R,AWOOD-L,,,,,,,,
2014,2014-07-25,NYM,MIL,3.0,2.0,False,0|0|0|0|0|0|0|0|3,0|0|0|0|0|1|1|0|0,130.0,-150.0,116.0,-126.0,-1.5,8.0,sbro,,,,,ZWHEELER-R,YGALLARDO-R,,,,,,,,
2014,2014-07-25,PIT,COL,1.0,8.0,False,0|0|0|0|0|0|0|0|1,0|0|1|0|0|0|7|0|x,-135.0,115.0,-114.0,104.0,1.5,10.0,sbro,,,,,CMORTON-R,BANDERSON-L,,,,,,,,
2014,2014-07-25,LOS,SFO,8.0,1.0,False,1|0|0|0|5|1|0|1|0,0|0|0|0|0|0|0|0|1,-115.0,-105.0,-129.0,119.0,1.5,6.5,sbro,,,,,ZGREINKE-R,TLINCECUM-R,,,,,,,,
2014,2014-07-25,TOR,NYY,4.0,6.0,False,3|0|1|0|0|0|0|0|0,0|2|4|0|0|0|0|0|x,120.0,-140.0,116.0,-126.0,-1.5,8.0,sbro,,,,,MBUEHRLE-L,HKURODA-R,,,,,,,,
2014,2014-07-25,BOS,TAM,4.0,6.0,False,0|1|0|0|0|2|0|0|1,0|0|0|0|2|0|4|0|x,130.0,-150.0,129.0,-144.0,-1.5,6.0,sbro,,,,,JLESTER-L,DPRICE-L,,,,,,,,
2014,2014-07-25,OAK,TEX,1.0,4.0,False,0|0|0|0|0|1|0|0|0,0|1|1|0|0|2|0|0|x,-160.0,140.0,-175.0,155.0,1.5,10.0,sbro,,,,,JHAMMEL-R,JWILLIAMS-R,,,,,,,,
2014,2014-07-25,CWS,MIN,9.0,5.0,False,3|0|2|2|0|1|1|0|0,0|1|0|0|0|2|1|0|1,100.0,-120.0,113.0,-123.0,-1.5,9.0,sbro,,,,,JDANKS-L,KCORREIA-R,,,,,,,,
2014,2014-07-25,CLE,KAN,4.0,6.0,False,0|0|0|1|0|2|1|0|0,0|2|0|2|0|0|0|2|x,115.0,-135.0,111.0,-121.0,-1.5,9.0,sbro,,,,,JTOMLIN-R,YVENTURA-R,,,,,,,,
2014,2014-07-25,DET,LAA,1.0,2.0,False,0|0|0|1|0|0|0|0|0,0|0|0|0|0|2|0|0|x,115.0,-135.0,116.0,-131.0,-1.5,8.5,sbro,,,,,DSMYLY-L,TSKAGGS-L,,,,,,,,
2014,2014-07-25,BAL,SEA,2.0,1.0,False,0|1|0|0|0|0|0|0|0,0|0|0|0|0|1|0|0|0,155.0,-175.0,175.0,-195.0,-1.5,6.0,sbro,,,,,KGAUSMAN-R,FHERNANDZ-R,,,,,,,,
2014,2014-07-25,MIA,HOU,2.0,0.0,False,0|0|0|0|0|0|2|0|0,0|0|0|0|0|0|0|0|0,110.0,-130.0,117.0,-132.0,-1.5,8.5,sbro,,,,,BHAND-L,DKEUCHEL-L,,,,,,,,
2014,2014-07-26,STL,CUB,6.0,3.0,False,2|0|0|0|0|0|4|0|0,0|0|0|1|0|1|0|1|0,-105.0,-115.0,116.0,-126.0,-1.5,9.0,sbro,,,,,SMILLER-R,JARRIETA-R,,,,,,,,
2014,2014-07-26,WAS,CIN,0.0,1.0,False,0|0|0|0|0|0|0|0|0,0|0|0|0|1|0|0|0|x,100.0,-120.0,-113.0,103.0,1.5,7.0,sbro,,,,,GGONZALEZ-L,JCUETO-R,,,,,,,,
2014,2014-07-26,ARI,PHI,10.0,6.0,False,1|0|1|1|0|2|1|0|0,0|4|2|0|0|0|0|0|0,130.0,-150.0,137.0,-152.0,-1.5,7.0,sbro,,,,,COLLMENTER-R,CLEE-L,,,,,,,,
2014,2014-07-26,SDG,ATL,3.0,5.0,False,0|0|0|2|1|0|0|0|0,0|1|0|4|0|0|0|0|x,155.0,-175.0,169.0,-189.0,-1.5,7.0,sbro,,,,,DESPAIGNE-R,JTEHERAN-R,,,,,,,,
2014,2014-07-26,NYM,MIL,2.0,5.0,False,0|0|1|0|1|0|0|0|0,0|0|0|0|3|1|0|1|x,140.0,-160.0,147.0,-162.0,-1.5,8.5,sbro,,,,,JNIESE-L,WPERALTA-R,,,,,,,,
2014,2014-07-26,PIT,COL,1.0,8.0,False,0|0|0|0|0|0|0|0|1,0|0|1|1|2|0|2|2|x,-150.0,130.0,-115.0,105.0,1.5,10.0,sbro,,,,,JLOCKE-L,TMATZEK-L,,,,,,,,
2014,2014-07-26,LOS,SFO,5.0,0.0,False,0|0|0|1|1|2|1|0|0,0|0|0|0|0|0|0|0|0,-175.0,155.0,-196.0,176.0,1.5,6.5,sbro,,,,,CKERSHAW-L,VOGELSONG-R,,,,,,,,
2014,2014-07-26,TOR,NYY,6.0,4.0,False,0|0|0|0|2|0|1|0|3,0|0|0|2|0|0|0|0|2,115.0,-135.0,125.0,-140.0,-1.5,8.5,sbro,,,,,HUTCHISON-R,CCAPUANO-L,,,,,,,,
2014,2014-07-26,BAL,SEA,3.0,4.0,False,0|0|0|0|0|0|0|3|0,0|0|3|0|1|0|0|0|x,-105.0,-115.0,-103.0,-107.0,-1.5,7.5,sbro,,,,,BNORRIS-R,CYOUNG-R,,,,,,,,
2014,2014-07-26,BOS,TAM,0.0,3.0,False,0|0|0|0|0|0|0|0|0,1|0|0|1|0|0|1|0|x,100.0,-120.0,-104.0,-106.0,1.5,7.0,sbro,,,,,JLACKEY-R,HELLICKSON-R,,,,,,,,
2014,2014-07-26,CLE,KAN,5.0,7.0,False,0|5|0|0|0|0|0|0|0,0|0|1|4|2|0|0|0|x,100.0,-120.0,-102.0,-108.0,-1.5,9.0,sbro,,,,,MCALLISTER-R,JGUTHRIE-R,,,,,,,,
2014,2014-07-26,CWS,MIN,7.0,0.0,False,0|1|1|0|2|3|0|0|0,0|0|0|0|0|0|0|0|0,-165.0,145.0,-182.0,162.0,1.5,7.5,sbro,,,,,CSALE-L,LDARNELL-L,,,,,,,,
2014,2014-07-26,OAK,TEX,5.0,1.0,False,0|0|0|0|0|3|2|0|0,0|0|0|1|0|0|0|0|0,-180.0,160.0,-195.0,175.0,1.5,9.5,sbro,,,,,SGRAY-R,NTEPESCH-R,,,,,,,,
2014,2014-07-26,DET,LAA,0.0,4.0,False,0|0|0|0|0|0|0|0|0,0|1|0|0|0|2|0|1|x,-105.0,-105.0,103.0,-113.0,-1.5,8.5,sbro,,,,,VERLANDER-R,SHOEMAKER-R,,,,,,,,
2014,2014-07-26,MIA,HOU,7.0,3.0,False,1|4|0|0|0|0|0|0|2,2|0|0|0|1|0|0|0|0,100.0,-120.0,-109.0,-101.0,1.5,8.5,sbro,,,,,TKOEHLER-R,JCOSART-R,,,,,,,,
2014,2014-07-27,WAS,CIN,4.0,2.0,False,0|0|0|0|3|0|0|0|1,0|0|0|0|0|0|0|0|2,-114.0,-106.0,-122.0,112.0,1.5,8.0,sbro,,,,,DFISTER-R,MLATOS-R,,,,,,,,
2014,2014-07-27,ARI,PHI,2.0,4.0,False,0|1|0|0|0|1|0|0|0,2|0|0|0|0|0|2|0|x,100.0,-120.0,-122.0,112.0,1.5,8.5,sbro,,,,,VNUNO-L,RHERNANDZ-R,,,,,,,,
2014,2014-07-27,NYM,MIL,2.0,0.0,False,0|0|0|0|0|2|0|0|0,0|0|0|0|0|0|0|0|0,125.0,-145.0,119.0,-129.0,-1.5,8.0,sbro,,,,,JDEGROM-R,JNELSON-R,,,,,,,,
2014,2014-07-27,STL,CUB,1.0,0.0,False,1|0|0|0|0|0|0|0|0,0|0|0|0|0|0|0|0|0,-175.0,155.0,-150.0,135.0,1.5,8.0,sbro,,,,,WAINWRIGHT-R,KHENDRICK-R,,,,,,,,
2014,2014-07-27,LOS,SFO,4.0,3.0,False,0|0|0|1|3|0|0|0|0,0|0|1|1|1|0|0|0|0,-112.0,-108.0,-123.0,113.0,1.5,7.0,sbro,,,,,HRYU-L,JPEAVY-R,,,,,,,,
2014,2014-07-27,PIT,COL,7.0,5.0,False,0|2|0|0|0|3|0|2|0,0|1|0|3|0|0|1|0|0,-135.0,115.0,-119.0,109.0,1.5,10.5,sbro,,,,,EVOLQUEZ-R,FMORALES-L,,,,,,,,
2014,2014-07-27,SDG,ATL,3.0,8.0,False,0|0|1|0|0|1|1|0|0,0|0|6|0|0|0|2|0|x,160.0,-180.0,150.0,-170.0,-1.5,7.5,sbro,,,,,ESTULTS-L,MMINOR-L,,,,,,,,
2014,2014-07-27,TOR,NYY,5.0,4.0,False,1|0|0|0|1|1|0|1|1,0|0|0|0|2|1|0|1|0,120.0,-140.0,110.0,-120.0,-1.5,9.0,sbro,,,,,JHAPP-L,SGREENE-R,,,,,,,,
2014,2014-07-27,BOS,TAM,3.0,2.0,False,0|0|3|0|0|0|0|0|0,0|0|2|0|0|0|0|0|0,140.0,-160.0,126.0,-141.0,-1.5,7.0,sbro,,,,,AWEBSTER-R,CARCHER-R,,,,,,,,
2014,2014-07-27,CWS,MIN,3.0,4.0,False,0|0|0|0|0|2|0|1|0,0|0|1|0|0|0|3|0|x,105.0,-125.0,115.0,-130.0,-1.5,9.0,sbro,,,,,SCARROLL-R,YPINO-R,,,,,,,,
2014,2014-07-27,CLE,KAN,10.0,3.0,False,0|0|0|1|4|1|1|0|3,0|1|1|0|0|1|0|0|0,-112.0,-108.0,102.0,-112.0,-1.5,8.0,sbro,,,,,DSALAZAR-R,BCHEN-L,,,,,,,,
2014,2014-07-27,BAL,SEA,3.0,2.0,False,0|0|1|0|0|0|0|1|0,0|1|0|0|0|0|0|1|0,100.0,-120.0,105.0,-115.0,-1.5,7.5,sbro,,,,,MGONZALEZ-R,RELIAS-L,,,,,,,,
2014,2014-07-27,OAK,TEX,9.0,3.0,False,0|5|0|0|3|1|0|0|0,0|2|0|0|0|0|0|1|0,-185.0,165.0,-205.0,175.0,1.5,9.0,sbro,,,,,SKAZMIR-L,MMIKOLAS-R,,,,,,,,
2014,2014-07-27,DET,LAA,1.0,2.0,False,1|0|0|0|0|0|0|0|0,0|0|0|0|1|0|0|1|x,100.0,-120.0,114.0,-124.0,-1.5,9.0,sbro,,,,,RPORCELLO-R,HSANTIAGO-L,,,,,,,,
2014,2014-07-27,MIA,HOU,4.0,2.0,False,3|0|0|0|0|1|0|0|0,1|0|0|0|0|0|0|0|1,100.0,-120.0,111.0,-121.0,-1.5,8.0,sbro,,,,,JTURNER-R,CMCHUGH-R,,,,,,,,
2014,2014-07-28,SDG,ATL,0.0,2.0,False,0|0|0|0|0|0|0|0|0,0|0|0|0|0|0|1|1|x,140.0,-160.0,171.0,-201.0,-1.5,7.5,sbro,,,,,JLANE-L,ESANTANA-R,,,,,,,,
2014,2014-07-28,ARI,CIN,2.0,1.0,False,0|0|0|1|0|0|0|0|0,0|1|0|0|0|0|0|0|0,115.0,-135.0,128.0,-143.0,-1.5,7.0,sbro,,,,,CANDERSON-R,HBAILEY-R,,,,,,,,
2014,2014-07-28,PHI,NYM,1.0,7.0,False,0|0|0|0|0|0|0|1|0,4|0|0|0|3|0|0|0|x,120.0,-140.0,124.0,-139.0,-1.5,7.5,sbro,,,,,ABURNETT-R,BCOLON-R,,,,,,,,
2014,2014-07-28,WAS,MIA,6.0,7.0,False,1|0|0|0|0|5|0|0|0,0|0|0|0|0|0|2|1|4,-140.0,120.0,-135.0,120.0,1.5,7.0,sbro,,,,,JZIMMERMN-R,NEOVALDI-R,,,,,,,,
2014,2014-07-28,COL,CUB,1.0,4.0,False,0|0|0|0|0|1|0|0|0,0|0|0|2|0|0|0|2|x,120.0,-140.0,126.0,-141.0,-1.5,7.5,sbro,,,,,YFLANDE-L,TWADA-L,,,,,,,,
2014,2014-07-28,PIT,SFO,5.0,0.0,False,4|1|0|0|0|0|0|0|0,0|0|0|0|0|0|0|0|0,145.0,-165.0,135.0,-150.0,-1.5,6.5,sbro,,,,,VWORLEY-R,BUMGARNER-L,,,,,,,,
2014,2014-07-28,TOR,BOS,14.0,1.0,False,2|0|0|2|0|9|1|0|0,0|0|0|0|0|1|0|0|0,115.0,-135.0,130.0,-145.0,-1.5,9.0,sbro,,,,,RDICKEY-R,CBUCHHOLZ-R,,,,,,,,
2014,2014-07-28,NYY,TEX,2.0,4.0,False,0|0|1|0|1|0|0|0|0,0|0|0|0|4|0|0|0|x,130.0,-150.0,138.0,-153.0,-1.5,7.5,sbro,,,,,DPHELPS-R,YDARVISH-R,,,,,,,,
2014,2014-07-28,OAK,HOU,3.0,7.0,False,0|1|1|0|1|0|0|0|0,0|0|3|0|0|4|0|0|x,-180.0,160.0,-195.0,175.0,1.5,8.0,sbro,,,,,JCHAVEZ-R,OBERHOLTZR-L,,,,,,,,
2014,2014-07-28,MIL,TAM,1.0,2.0,False,0|0|1|0|0|0|0|0|0,0|0|0|0|0|2|0|0|x,115.0,-135.0,130.0,-145.0,-1.5,7.0,sbro,,,,,KLOHSE-R,JODORIZZI-R,,,,,,,,
2014,2014-07-29,ARI,CIN,0.0,3.0,False,0|0|0|0|0|0|0|0|0,1|0|1|0|0|1|0|0|x,115.0,-135.0,110.0,-120.0,-1.5,7.0,sbro,,,,,TCAHILL-R,MLEAKE-R,,,,,,,,
2014,2014-07-29,WAS,MIA,0.0,3.0,False,0|0|0|0|0|0|0|0|0,0|0|0|0|0|1|0|2|x,-145.0,125.0,-134.0,119.0,1.5,7.0,sbro,,,,,STRASBURG-R,HALVAREZ-R,,,,,,,,
2014,2014-07-29,PHI,NYM,6.0,0.0,False,0|0|1|1|0|0|4|0|0,0|0|0|0|0|0|0|0|0,-115.0,-105.0,-126.0,116.0,1.5,6.5,sbro,,,,,CHAMELS-L,DGEE-R,,,,,,,,
2014,2014-07-29,COL,CUB,3.0,4.0,False,3|0|0|0|0|0|0|0|0,1|0|0|2|0|0|0|0|0,-112.0,-108.0,-105.0,-105.0,-1.5,8.0,sbro,,,,,JDELAROSA-L,EJACKSON-R,,,,,,,,
2014,2014-07-29,STL,SDG,1.0,3.0,False,0|0|0|0|1|0|0|0|0,0|0|1|0|0|1|1|0|x,-111.0,-109.0,104.0,-114.0,-1.5,6.0,sbro,,,,,LLYNN-R,TROSS-R,,,,,,,,
2014,2014-07-29,ATL,LOS,4.0,8.0,False,1|0|2|0|1|0|0|0|0,0|2|0|0|2|0|3|1|x,121.0,-141.0,134.0,-149.0,-1.5,7.5,sbro,,,,,AHARANG-R,JBECKETT-R,,,,,,,,
2014,2014-07-29,PIT,SFO,3.0,1.0,False,1|2|0|0|0|0|0|0|0,0|1|0|0|0|0|0|0|0,115.0,-135.0,109.0,-119.0,-1.5,6.5,sbro,,,,,FLIRIANO-L,THUDSON-R,,,,,,,,
2014,2014-07-29,LAA,BAL,6.0,7.0,False,1|2|0|1|1|0|1|0|0,2|1|0|3|0|0|0|0|0,-120.0,100.0,-132.0,117.0,1.5,8.5,sbro,,,,,JWEAVER-R,CTILLMAN-R,,,,,,,,
2014,2014-07-29,SEA,CLE,5.0,2.0,False,0|0|0|4|1|0|0|0|0,0|0|0|0|2|0|0|0|0,-115.0,-105.0,105.0,-115.0,-1.5,7.5,sbro,,,,,HIWAKUMA-R,TBAUER-R,,,,,,,,
2014,2014-07-29,CWS,DET,11.0,4.0,False,0|0|0|2|0|0|7|2|0,0|2|0|0|0|0|0|2|0,145.0,-165.0,147.0,-162.0,-1.5,8.0,sbro,,,,,JQUINTANA-L,ASANCHEZ-R,,,,,,,,
2014,2014-07-29,TOR,BOS,4.0,2.0,False,0|1|0|2|0|0|0|0|1,0|0|1|0|0|0|0|0|1,-105.0,-115.0,-105.0,-105.0,-1.5,8.0,sbro,,,,,MSTROMAN-R,RDELAROSA-R,,,,,,,,
2014,2014-07-29,NYY,TEX,12.0,11.0,False,1|0|0|0|0|7|2|2|0,0|0|3|0|1|0|4|1|2,-150.0,130.0,-179.0,159.0,1.5,9.0,sbro,,,,,BMCCARTHY-R,NMARTINEZ-R,,,,,,,,
2014,2014-07-29,MIN,KAN,2.0,1.0,False,0|0|1|0|1|0|0|0|0,0|0|0|0|0|0|0|0|1,150.0,-170.0,175.0,-205.0,-1.5,7.5,sbro,,,,,KGIBSON-R,JSHIELDS-R,,,,,,,,
2014,2014-07-29,OAK,HOU,7.0,4.0,False,0|0|0|0|1|0|0|0|6,1|0|0|0|2|0|1|0|0,-220.0,190.0,-202.0,172.0,1.5,8.0,sbro,,,,,SAMARDZIJA-R,SFELDMAN-R,,,,,,,,
2014,2014-07-29,MIL,TAM,1.0,5.0,False,0|0|0|0|1|0|0|0|0,0|0|0|0|0|1|0|4|x,110.0,-130.0,147.0,-162.0,-1.5,7.0,sbro,,,,,MGARZA-R,ACOBB-R,,,,,,,,
2014,2014-07-30,PHI,NYM,2.0,11.0,False,0|0|0|0|1|0|1|0|0,0|0|0|0|4|0|5|2|x,132.0,-152.0,154.0,-174.0,-1.5,7.0,sbro,,,,,KKENDRICK-R,ZWHEELER-R,,,,,,,,
2014,2014-07-30,ARI,CIN,5.0,4.0,False,0|0|0|0|0|2|0|1|2,0|0|0|0|0|0|0|1|3,105.0,-125.0,-106.0,-104.0,1.5,7.0,sbro,,,,,WMILEY-L,ASIMON-R,,,,,,,,
2014,2014-07-30,WAS,MIA,4.0,3.0,False,1|0|0|0|0|0|0|3|0,0|0|0|1|0|0|0|0|2,-145.0,125.0,-149.0,134.0,1.5,7.5,sbro,,,,,TROARK-R,BHAND-L,,,,,,,,
2014,2014-07-30,PIT,SFO,5.0,7.0,False,0|1|2|2|0|0|0|0|0,3|0|1|0|0|0|2|1|x,100.0,-120.0,107.0,-117.0,-1.5,7.0,sbro,,,,,CMORTON-R,TLINCECUM-R,,,,,,,,
2014,2014-07-30,COL,CUB,6.0,4.0,False,1|2|0|0|0|1|0|0|0,0|0|0|0|1|1|0|2|0,-114.0,-106.0,-108.0,-102.0,1.5,7.5,sbro,,,,,BANDERSON-L,TWOOD-L,,,,,,,,
2014,2014-07-30,ATL,LOS,2.0,3.0,False,0|1|0|0|0|0|0|0|1,0|1|0|0|0|0|0|1|0,132.0,-152.0,155.0,-175.0,-1.5,6.5,sbro,,,,,AWOOD-L,ZGREINKE-R,,,,,,,,
2014,2014-07-30,STL,SDG,1.0,12.0,False,0|0|0|0|0|0|1|0|0,1|0|1|2|0|0|8|0|x,105.0,-125.0,106.0,-116.0,-1.5,6.5,sbro,,,,,JKELLY-R,JHAHN-R,,,,,,,,
2014,2014-07-30,OAK,HOU,1.0,8.0,False,0|1|0|0|0|0|0|0|0,6|0|0|0|2|0|0|0|x,-170.0,150.0,-145.0,130.0,1.5,8.0,sbro,,,,,JHAMMEL-R,DKEUCHEL-L,,,,,,,,
2014,2014-07-30,CWS,DET,2.0,7.0,False,0|0|0|0|0|0|1|0|1,6|0|0|0|0|0|1|0|x,200.0,-240.0,200.0,-240.0,-1.5,8.5,sbro,,,,,HNOESI-R,MSCHERZER-R,,,,,,,,
2014,2014-07-30,SEA,CLE,0.0,2.0,False,0|0|0|0|0|0|0|0|0,0|0|0|0|2|0|0|0|x,-125.0,105.0,-109.0,-101.0,1.5,6.0,sbro,,,,,FHERNANDZ-R,CKLUBER-R,,,,,,,,
2014,2014-07-30,LAA,BAL,3.0,4.0,False,0|0|0|0|3|0|0|0|0,2|0|0|2|0|0|0|0|x,-130.0,110.0,-141.0,126.0,1.5,8.0,sbro,,,,,GRICHARDS-R,KGAUSMAN-R,,,,,,,,
2014,2014-07-30,TOR,BOS,6.0,1.0,False,2|0|0|0|3|1|0|0|0,0|0|0|0|1|0|0|0|0,140.0,-160.0,104.0,-114.0,-1.5,8.5,sbro,,,,,MBUEHRLE-L,BWORKMAN-R,,,,,,,,
2014,2014-07-30,NYY,TEX,2.0,3.0,False,1|0|1|0|0|0|0|0|0,3|0|0|0|0|0|0|0|x,-150.0,130.0,-128.0,118.0,1.5,9.0,sbro,,,,,HKURODA-R,CLEWIS-R,,,,,,,,
2014,2014-07-30,MIN,KAN,2.0,3.0,False,0|1|0|0|0|0|1|0|0,0|0|0|0|0|3|0|0|x,140.0,-160.0,145.0,-160.0,-1.5,7.0,sbro,,,,,PHUGHES-R,DDUFFY-L,,,,,,,,
2014,2014-07-30,MIL,TAM,5.0,0.0,False,0|2|1|0|0|1|0|1|0,0|0|0|0|0|0|0|0|0,160.0,-180.0,158.0,-178.0,-1.5,7.0,sbro,,,,,YGALLARDO-R,DPRICE-L,,,,,,,,
2014,2014-07-31,COL,CUB,1.0,3.0,False,0|0|0|0|0|0|1|0|0,0|0|0|0|0|3|0|0|x,150.0,-170.0,175.0,-205.0,-1.5,8.5,sbro,,,,,PHERNANDE-L,JARRIETA-R,,,,,,,,
2014,2014-07-31,STL,SDG,6.0,2.0,False,0|2|2|0|0|2|0|0|0,0|2|0|0|0|0|0|0|0,100.0,-120.0,-113.0,103.0,1.5,7.5,sbro,,,,,SMILLER-R,DESPAIGNE-R,,,,,,,,
2014,2014-07-31,PHI,WAS,10.0,4.0,False,0|0|0|5|0|2|0|3|0,0|0|0|1|2|0|1|0|0,145.0,-165.0,156.0,-176.0,-1.5,7.0,sbro,,,,,CLEE-L,GGONZALEZ-L,,,,,,,,
2014,2014-07-31,CIN,MIA,3.0,1.0,False,0|0|0|0|0|0|0|3|0,1|0|0|0|0|0|0|0|0,-125.0,105.0,-114.0,104.0,1.5,6.5,sbro,,,,,JCUETO-R,TKOEHLER-R,,,,,,,,
2014,2014-07-31,PIT,ARI,4.0,7.0,False,0|2|0|0|0|1|1|0|0,0|0|0|2|1|3|0|1|x,-115.0,-105.0,-130.0,115.0,1.5,8.5,sbro,,,,,JLOCKE-L,COLLMENTER-R,,,,,,,,
2014,2014-07-31,ATL,LOS,1.0,2.0,False,0|0|0|0|0|0|0|0|1,1|0|1|0|0|0|0|0|x,170.0,-200.0,185.0,-215.0,-1.5,6.0,sbro,,,,,JTEHERAN-R,CKERSHAW-L,,,,,,,,
2014,2014-07-31,CWS,DET,7.0,4.0,False,0|3|0|1|0|0|1|2|0,0|2|2|0|0|0|0|0|0,170.0,-190.0,175.0,-195.0,-1.5,9.0,sbro,,,,,JDANKS-L,DSMYLY-L,,,,,,,,
2014,2014-07-31,LAA,BAL,1.0,0.0,False,0|0|0|0|0|0|0|0|0,0|0|0|0|0|0|0|0|0,-120.0,100.0,-115.0,105.0,1.5,9.0,sbro,,,,,TSKAGGS-L,BNORRIS-R,,,,,,,,
2014,2014-07-31,SEA,CLE,6.0,5.0,False,0|1|3|0|0|0|0|2|0,1|0|3|0|0|0|1|0|0,105.0,-125.0,126.0,-141.0,-1.5,8.5,sbro,,,,,CYOUNG-R,MCALLISTER-R,,,,,,,,
2014,2014-07-31,MIN,KAN,3.0,6.0,False,1|0|1|0|0|0|0|1|0,0|0|0|0|2|0|4|0|x,165.0,-185.0,180.0,-210.0,-1.5,7.5,sbro,,,,,KCORREIA-R,YVENTURA-R,,,,,,,,
2014,2014-07-31,TOR,HOU,6.0,5.0,False,1|1|0|0|1|1|0|1|1,0|1|3|0|0|1|0|0|0,-135.0,115.0,-153.0,138.0,1.5,9.0,sbro,,,,,HUTCHISON-R,JBUCHANAN-R,,,,,,,,
2014,2014-08-01,PHI,WAS,2.0,1.0,False,0|1|0|0|0|1|0|0|0,0|1|0|0|0|0|0|0|0,190.0,-220.0,190.0,-220.0,-1.5,8.0,sbro,,,,,RHERNANDZ-R,DFISTER-R,,,,,,,,
2014,2014-08-01,CIN,MIA,5.0,2.0,False,0|0|0|1|0|3|0|0|1,0|0|0|0|1|0|0|1|0,-125.0,105.0,101.0,-111.0,-1.5,7.0,sbro,,,,,MLATOS-R,JCOSART-R,,,,,,,,
2014,2014-08-01,SFO,NYM,5.0,1.0,False,0|2|0|0|0|0|3|0|0,0|0|0|0|0|0|0|1|0,100.0,-120.0,106.0,-116.0,-1.5,7.0,sbro,,,,,VOGELSONG-R,JNIESE-L,,,,,,,,
2014,2014-08-01,MIL,STL,7.0,4.0,False,0|1|1|0|1|4|0|0|0,0|0|0|0|0|1|1|0|2,150.0,-170.0,147.0,-162.0,-1.5,7.0,sbro,,,,,WPERALTA-R,WAINWRIGHT-R,,,,,,,,
2014,2014-08-01,PIT,ARI,9.0,4.0,False,0|0|0|0|0|1|0|3|5,0|0|0|0|4|0|0|0|0,-115.0,-105.0,-122.0,112.0,1.5,8.5,sbro,,,,,EVOLQUEZ-R,VNUNO-L,,,,,,,,
2014,2014-08-01,CUB,LOS,8.0,2.0,False,0|1|3|0|3|1|0|0|0,1|0|0|0|0|1|0|0|0,190.0,-220.0,131.0,-146.0,-1.5,7.5,sbro,,,,,KHENDRICK-R,DHAREN-R,,,,,,,,
2014,2014-08-01,ATL,SDG,1.0,10.0,False,0|0|0|1|0|0|0|0|0,2|0|3|0|0|1|3|1|x,-140.0,120.0,-129.0,119.0,1.5,7.0,sbro,,,,,MMINOR-L,ESTULTS-L,,,,,,,,
2014,2014-08-01,SEA,BAL,1.0,2.0,False,0|0|0|1|0|0|0|0|0,0|0|1|0|0|1|0|0|x,115.0,-135.0,115.0,-130.0,-1.5,8.0,sbro,,,,,RELIAS-L,WCHEN-L,,,,,,,,
2014,2014-08-01,TEX,CLE,2.0,12.0,False,0|0|0|0|1|0|0|0|1,1|0|2|2|6|1|0|0|x,155.0,-175.0,154.0,-174.0,-1.5,8.0,sbro,,,,,JWILLIAMS-R,DSALAZAR-R,,,,,,,,
2014,2014-08-01,LAA,TAM,5.0,3.0,False,3|0|1|0|0|1|0|0|0,0|1|0|0|2|0|0|0|0,-105.0,-115.0,102.0,-112.0,-1.5,7.5,sbro,,,,,SHOEMAKER-R,HELLICKSON-R,,,,,,,,
2014,2014-08-01,NYY,BOS,3.0,4.0,False,0|0|0|1|0|1|0|1|0,0|0|2|1|0|0|1|0|x,110.0,-130.0,115.0,-130.0,-1.5,9.0,sbro,,,,,CCAPUANO-L,ARANAUDO-R,,,,,,,,
2014,2014-08-01,TOR,HOU,1.0,3.0,False,1|0|0|0|0|0|0|0|0,0|0|0|1|0|0|0|2|x,-120.0,100.0,109.0,-119.0,-1.5,8.0,sbro,,,,,JHAPP-L,CMCHUGH-R,,,,,,,,
2014,2014-08-01,MIN,CWS,8.0,10.0,False,0|0|5|0|0|0|1|1|1,0|2|1|1|1|1|0|4|x,230.0,-270.0,240.0,-280.0,-1.5,7.5,sbro,,,,,LDARNELL-L,CSALE-L,,,,,,,,
2014,2014-08-01,KAN,OAK,1.0,0.0,False,0|0|0|0|1|0|0|0|0,0|0|0|0|0|0|0|0|0,185.0,-215.0,205.0,-235.0,-1.5,7.0,sbro,,,,,JGUTHRIE-R,SGRAY-R,,,,,,,,
2014,2014-08-01,COL,DET,2.0,4.0,False,0|0|0|0|0|0|2|0|0,0|0|0|0|3|0|1|0|x,185.0,-215.0,205.0,-235.0,-1.5,9.5,sbro,,,,,FMORALES-L,VERLANDER-R,,,,,,,,
2014,2014-08-02,PHI,WAS,0.0,11.0,False,0|0|0|0|0|0|0|0|0,1|4|1|5|0|0|0|0|x,190.0,-220.0,164.0,-184.0,-1.5,7.0,sbro,,,,,ABURNETT-R,JZIMMERMN-R,,,,,,,,
2014,2014-08-02,CIN,MIA,1.0,2.0,False,0|0|0|0|0|0|0|1|0,0|0|1|0|0|0|0|0|0,100.0,-120.0,104.0,-114.0,-1.5,7.0,sbro,,,,,HBAILEY-R,NEOVALDI-R,,,,,,,,
2014,2014-08-02,SFO,NYM,2.0,4.0,False,0|0|0|0|0|0|0|2|0,0|0|0|0|0|0|4|0|x,120.0,-140.0,110.0,-120.0,-1.5,6.5,sbro,,,,,JPEAVY-R,JDEGROM-R,,,,,,,,
2014,2014-08-02,MIL,STL,7.0,9.0,False,1|0|0|3|1|0|2|0|0,1|5|0|1|2|0|0|0|x,100.0,-120.0,-112.0,102.0,1.5,7.5,sbro,,,,,KLOHSE-R,MASTERSON-R,,,,,,,,
2014,2014-08-02,PIT,ARI,8.0,3.0,False,0|0|1|0|0|0|0|4|3,0|0|0|0|1|0|0|0|2,-125.0,105.0,-126.0,116.0,1.5,8.0,sbro,,,,,VWORLEY-R,CANDERSON-R,,,,,,,,
2014,2014-08-02,ATL,SDG,2.0,3.0,False,1|0|0|0|0|0|0|1|0,0|0|0|0|0|0|2|0|0,-120.0,100.0,-117.0,107.0,1.5,6.5,sbro,,,,,ESANTANA-R,IKENNEDY-R,,,,,,,,
2014,2014-08-02,CUB,LOS,2.0,5.0,False,1|0|0|0|0|0|1|0|0,0|0|0|2|0|0|0|0|0,170.0,-200.0,175.0,-195.0,-1.5,7.0,sbro,,,,,TWADA-L,HRYU-L,,,,,,,,
2014,2014-08-02,KAN,OAK,3.0,8.0,False,0|0|1|0|0|0|2|0|0,0|0|0|0|8|0|0|0|x,185.0,-215.0,159.0,-179.0,-1.5,6.5,sbro,,,,,JVARGAS-L,JLESTER-L,,,,,,,,
2014,2014-08-02,NYY,BOS,6.0,4.0,False,0|0|4|0|1|0|1|0|0,0|3|0|0|0|0|1|0|0,-113.0,-107.0,104.0,-114.0,-1.5,8.5,sbro,,,,,SGREENE-R,AWEBSTER-R,,,,,,,,
2014,2014-08-02,TEX,CLE,0.0,2.0,False,0|0|0|0|0|0|0|0|0,0|0|0|0|0|2|0|0|x,140.0,-160.0,150.0,-170.0,-1.5,8.5,sbro,,,,,MMIKOLAS-R,THOUSE-L,,,,,,,,
2014,2014-08-02,SEA,BAL,6.0,3.0,False,0|0|1|0|3|0|0|0|2,1|0|0|0|1|0|0|0|1,110.0,-130.0,105.0,-115.0,-1.5,8.0,sbro,,,,,JPAXTON-L,MGONZALEZ-R,,,,,,,,
2014,2014-08-02,LAA,TAM,3.0,10.0,False,0|0|0|3|0|0|0|0|0,2|4|0|0|0|0|0|4|x,100.0,-120.0,105.0,-115.0,-1.5,7.5,sbro,,,,,CWILSON-L,CARCHER-R,,,,,,,,
2014,2014-08-02,TOR,HOU,2.0,8.0,False,1|0|1|0|0|0|0|0|0,2|0|0|0|2|0|0|4|x,-145.0,125.0,-130.0,115.0,1.5,8.0,sbro,,,,,RDICKEY-R,OBERHOLTZR-L,,,,,,,,
2014,2014-08-02,MIN,CWS,8.0,6.0,False,2|0|1|1|0|0|0|3|1,0|0|1|1|0|0|4|0|0,100.0,-120.0,108.0,-118.0,-1.5,9.0,sbro,,,,,YPINO-R,SCARROLL-R,,,,,,,,
2014,2014-08-02,COL,DET,5.0,11.0,False,0|2|0|0|0|0|0|0|3,1|1|1|2|3|1|1|1|x,180.0,-210.0,200.0,-230.0,-1.5,9.0,sbro,,,,,TMATZEK-L,RPORCELLO-R,,,,,,,,
2014,2014-08-03,SFO,NYM,9.0,0.0,False,0|0|2|1|3|0|2|0|1,0|0|0|0|0|0|0|0|0,-120.0,100.0,-126.0,116.0,1.5,6.5,sbro,,,,,BUMGARNER-L,BCOLON-R,,,,,,,,
2014,2014-08-03,CIN,MIA,7.0,3.0,False,0|1|2|2|0|2|0|0|0,0|0|0|1|0|0|0|2|0,-114.0,-106.0,-110.0,100.0,1.5,7.0,sbro,,,,,MLEAKE-R,JTURNER-R,,,,,,,,
2014,2014-08-03,PHI,WAS,0.0,4.0,False,0|0|0|0|0|0|0|0|0,0|0|1|0|0|0|0|3|x,130.0,-150.0,131.0,-146.0,-1.5,6.5,sbro,,,,,CHAMELS-L,STRASBURG-R,,,,,,,,
2014,2014-08-03,MIL,STL,2.0,3.0,False,1|1|0|0|0|0|0|0|0,0|0|0|0|0|0|3|0|x,100.0,-120.0,118.0,-133.0,-1.5,7.5,sbro,,,,,MGARZA-R,JLACKEY-R,,,,,,,,
2014,2014-08-03,CUB,LOS,7.0,3.0,False,1|0|0|0|2|0|0|3|1,1|0|0|0|0|1|0|1|0,180.0,-210.0,173.0,-193.0,-1.5,8.0,sbro,,,,,EJACKSON-R,JBECKETT-R,,,,,,,,
2014,2014-08-03,PIT,ARI,2.0,3.0,False,0|1|0|0|0|0|0|1|0,0|0|2|0|0|0|0|0|0,-135.0,115.0,-171.0,151.0,1.5,7.5,sbro,,,,,FLIRIANO-L,TCAHILL-R,,,,,,,,
2014,2014-08-03,ATL,SDG,3.0,4.0,False,0|0|0|0|0|0|2|0|1,0|1|0|1|0|0|0|1|0,110.0,-130.0,117.0,-132.0,-1.5,6.5,sbro,,,,,AHARANG-R,TROSS-R,,,,,,,,
2014,2014-08-03,TEX,CLE,3.0,4.0,False,1|2|0|0|0|0|0|0|0,0|1|0|0|0|0|0|0|2,-115.0,-105.0,-115.0,105.0,1.5,7.0,sbro,,,,,YDARVISH-R,TBAUER-R,,,,,,,,
2014,2014-08-03,SEA,BAL,0.0,1.0,False,0|0|0|0|0|0|0|0|0,1|0|0|0|0|0|0|0|x,-105.0,-115.0,-123.0,113.0,1.5,7.5,sbro,,,,,HIWAKUMA-R,CTILLMAN-R,,,,,,,,
2014,2014-08-03,LAA,TAM,7.0,5.0,False,5|0|0|0|0|1|1|0|0,0|0|0|1|1|0|3|0|0,-114.0,-106.0,-103.0,-107.0,-1.5,7.0,sbro,,,,,JWEAVER-R,JODORIZZI-R,,,,,,,,
2014,2014-08-03,MIN,CWS,16.0,3.0,False,1|0|0|0|0|3|0|9|3,0|0|0|3|0|0|0|0|0,145.0,-165.0,135.0,-150.0,-1.5,8.0,sbro,,,,,KGIBSON-R,JQUINTANA-L,,,,,,,,
2014,2014-08-03,TOR,HOU,1.0,6.0,False,0|1|0|0|0|0|0|0|0,0|0|2|3|1|0|0|0|x,-160.0,140.0,-161.0,146.0,1.5,8.5,sbro,,,,,MSTROMAN-R,SFELDMAN-R,,,,,,,,
2014,2014-08-03,KAN,OAK,4.0,2.0,False,0|0|0|0|4|0|0|0|0,0|0|0|0|0|1|0|1|0,150.0,-170.0,145.0,-160.0,-1.5,6.5,sbro,,,,,JSHIELDS-R,SKAZMIR-L,,,,,,,,
2014,2014-08-03,NYY,BOS,8.0,7.0,False,0|3|0|1|3|1|0|0|0,3|2|0|2|0|0|0|0|0,105.0,-125.0,-110.0,100.0,1.5,8.5,sbro,,,,,DPHELPS-R,CBUCHHOLZ-R,,,,,,,,
2014,2014-08-03,COL,DET,0.0,4.0,False,0|0|0|0|0|0|0|0|0,0|0|4|0|0|0|0|0|x,180.0,-210.0,201.0,-231.0,-1.5,8.5,sbro,,,,,JDELAROSA-L,ASANCHEZ-R,,,,,,,,
2014,2014-08-04,SFO,NYM,4.0,3.0,False,0|0|2|0|0|0|1|0|1,2|0|0|0|1|0|0|0|0,-125.0,105.0,-126.0,116.0,1.5,7.0,sbro,,,,,THUDSON-R,DGEE-R,,,,,,,,
2014,2014-08-04,DET,NYY,1.0,2.0,False,0|0|0|0|1|0|0|0|0,0|0|2|0|0|0|0|0|x,-135.0,115.0,-115.0,105.0,1.5,7.5,sbro,,,,,MSCHERZER-R,BMCCARTHY-R,,,,,,,,
2014,2014-08-04,TEX,CWS,3.0,5.0,False,1|2|0|0|0|0|0|x|x,0|0|2|0|1|2|x|x|x,130.0,-150.0,125.0,-140.0,-1.5,9.5,sbro,,,,,NMARTINEZ-R,HNOESI-R,,,,,,,,
2014,2014-08-04,TAM,OAK,2.0,3.0,False,0|1|0|0|1|0|0|0|0,0|0|1|0|0|1|0|0|0,140.0,-160.0,117.0,-132.0,-1.5,6.5,sbro,,,,,ACOBB-R,SAMARDZIJA-R,,,,,,,,
2014,2014-08-04,CIN,CLE,1.0,7.0,False,0|0|0|0|0|0|0|1|0,1|0|0|3|1|0|0|2|x,145.0,-165.0,185.0,-215.0,-1.5,7.0,sbro,,,,,ASIMON-R,CKLUBER-R,,,,,,,,
2014,2014-08-04,LAA,LOS,5.0,0.0,False,4|0|0|0|0|1|0|0|0,0|0|0|0|0|0|0|0|0,100.0,-120.0,105.0,-115.0,-1.5,6.5,sbro,,,,,GRICHARDS-R,ZGREINKE-R,,,,,,,,
2014,2014-08-04,BAL,WAS,7.0,3.0,False,0|0|1|0|1|0|3|2|0,0|1|1|1|0|0|0|0|0,120.0,-140.0,125.0,-140.0,-1.5,7.0,sbro,,,,,KGAUSMAN-R,TROARK-R,,,,,,,,
2014,2014-08-05,MIA,PIT,6.0,3.0,False,0|0|0|1|0|0|0|5|0,0|0|1|0|0|0|1|0|1,140.0,-160.0,118.0,-128.0,-1.5,7.5,sbro,,,,,BHAND-L,CMORTON-R,,,,,,,,
2014,2014-08-05,NYM,WAS,6.0,1.0,False,1|1|0|0|0|0|3|1|0,0|1|0|0|0|0|0|0|0,150.0,-170.0,143.0,-158.0,-1.5,7.5,sbro,,,,,ZWHEELER-R,GGONZALEZ-L,,,,,,,,
2014,2014-08-05,SFO,MIL,3.0,4.0,False,0|0|0|0|0|3|0|0|0,0|0|2|0|1|0|1|0|x,110.0,-130.0,120.0,-135.0,-1.5,8.0,sbro,,,,,TLINCECUM-R,JNELSON-R,,,,,,,,
2014,2014-08-05,CUB,COL,6.0,5.0,False,0|0|0|0|0|1|3|0|0,0|2|0|0|1|0|1|0|0,130.0,-150.0,118.0,-128.0,-1.5,10.0,sbro,,,,,TWOOD-L,BANDERSON-L,,,,,,,,
2014,2014-08-05,DET,NYY,4.0,3.0,False,1|0|0|0|0|1|1|0|0,0|1|1|0|1|0|0|0|0,-135.0,115.0,-115.0,105.0,1.5,7.5,sbro,,,,,DPRICE-L,HKURODA-R,,,,,,,,
2014,2014-08-05,BAL,TOR,9.0,3.0,False,0|0|1|3|1|1|0|3|0,0|0|0|2|0|0|1|0|0,105.0,-125.0,-105.0,-105.0,-1.5,9.0,sbro,,,,,BNORRIS-R,MBUEHRLE-L,,,,,,,,
2014,2014-08-05,TEX,CWS,16.0,0.0,False,3|4|0|0|2|1|4|1|1,0|0|0|0|0|0|0|0|0,125.0,-145.0,-101.0,-109.0,-1.5,8.5,sbro,,,,,CLEWIS-R,JDANKS-L,,,,,,,,
2014,2014-08-05,TAM,OAK,0.0,3.0,False,0|0|0|0|0|0|0|0|0,0|0|0|0|1|2|0|0|x,120.0,-140.0,108.0,-118.0,-1.5,7.5,sbro,,,,,DSMYLY-L,JHAMMEL-R,,,,,,,,
2014,2014-08-05,HOU,PHI,1.0,2.0,False,0|0|0|0|0|0|1|0|0,0|1|0|0|0|0|0|0|0,100.0,-120.0,-102.0,-108.0,1.5,7.5,sbro,,,,,DKEUCHEL-L,KKENDRICK-R,,,,,,,,
2014,2014-08-05,CIN,CLE,9.0,2.0,False,1|3|0|1|1|0|0|0|3,1|0|0|0|0|0|1|0|0,-120.0,100.0,117.0,-127.0,-1.5,7.0,sbro,,,,,JCUETO-R,JTOMLIN-R,,,,,,,,
2014,2014-08-05,SDG,MIN,1.0,3.0,False,0|0|0|0|1|0|0|0|0,0|0|0|0|0|3|0|0|x,-105.0,-115.0,118.0,-128.0,-1.5,7.5,sbro,,,,,JHAHN-R,PHUGHES-R,,,,,,,,
2014,2014-08-05,BOS,STL,2.0,3.0,False,0|0|0|0|1|0|1|0|0,0|0|0|1|0|0|1|1|x,140.0,-160.0,140.0,-155.0,-1.5,7.5,sbro,,,,,RDELAROSA-R,LLYNN-R,,,,,,,,
2014,2014-08-05,KAN,ARI,12.0,2.0,False,0|0|3|0|8|0|0|0|1,1|0|0|0|0|0|0|1|0,-125.0,105.0,-125.0,115.0,1.5,7.0,sbro,,,,,DDUFFY-L,WMILEY-L,,,,,,,,
2014,2014-08-05,LAA,LOS,4.0,5.0,False,0|2|1|0|0|0|0|1|0,0|3|0|0|0|1|0|0|1,200.0,-240.0,180.0,-210.0,-1.5,6.5,sbro,,,,,HSANTIAGO-L,CKERSHAW-L,,,,,,,,
2014,2014-08-05,ATL,SEA,2.0,4.0,False,0|1|0|0|0|0|0|0|1,0|0|0|4|0|0|0|0|x,155.0,-175.0,160.0,-180.0,-1.5,6.0,sbro,,,,,AWOOD-L,FHERNANDZ-R,,,,,,,,
2014,2014-08-06,MIA,PIT,3.0,7.0,False,1|2|0|0|0|0|0|0|0,4|0|0|0|0|0|3|0|x,120.0,-140.0,115.0,-130.0,-1.5,7.5,sbro,,,,,TKOEHLER-R,JLOCKE-L,,,,,,,,
2014,2014-08-06,NYM,WAS,1.0,7.0,False,0|0|0|0|0|0|0|1|0,3|0|0|0|0|3|0|1|x,140.0,-160.0,139.0,-154.0,-1.5,7.0,sbro,,,,,JNIESE-L,DFISTER-R,,,,,,,,
2014,2014-08-06,SFO,MIL,7.0,4.0,False,3|0|0|1|0|0|0|3|0,1|0|0|0|0|0|2|0|1,125.0,-145.0,119.0,-129.0,-1.5,8.0,sbro,,,,,VOGELSONG-R,YGALLARDO-R,,,,,,,,
2014,2014-08-06,CUB,COL,4.0,13.0,False,1|0|0|2|1|0|0|0|0,0|0|0|3|0|6|4|0|x,-115.0,-105.0,-122.0,112.0,1.5,9.5,sbro,,,,,JARRIETA-R,JLYLES-R,,,,,,,,
2014,2014-08-06,TEX,CWS,3.0,1.0,False,0|2|0|0|0|0|1|0|0,0|0|0|0|0|0|1|0|0,205.0,-245.0,205.0,-235.0,-1.5,7.5,sbro,,,,,NTEPESCH-R,CSALE-L,,,,,,,,
2014,2014-08-06,TAM,OAK,7.0,3.0,False,0|1|0|3|3|0|0|0|0,0|0|0|0|0|1|0|0|2,170.0,-190.0,175.0,-195.0,-1.5,7.0,sbro,,,,,HELLICKSON-R,SGRAY-R,,,,,,,,
2014,2014-08-06,BAL,TOR,1.0,5.0,False,0|1|0|0|0|0|0|0|0,2|2|0|0|0|1|0|0|x,-112.0,-108.0,-114.0,104.0,1.5,8.5,sbro,,,,,WCHEN-L,HUTCHISON-R,,,,,,,,
2014,2014-08-06,DET,NYY,1.0,5.0,False,1|0|0|0|0|0|0|0|0,0|0|0|0|1|0|1|3|x,-140.0,120.0,-101.0,-109.0,-1.5,9.0,sbro,,,,,VERLANDER-R,CCAPUANO-L,,,,,,,,
2014,2014-08-06,SDG,MIN,5.0,4.0,False,0|0|0|1|0|2|0|0|1,2|0|0|0|1|1|0|0|0,105.0,-125.0,-105.0,-105.0,1.5,8.0,sbro,,,,,DESPAIGNE-R,KCORREIA-R,,,,,,,,
2014,2014-08-06,ATL,SEA,3.0,7.0,False,0|0|3|0|0|0|0|0|0,1|0|4|0|1|0|1|0|x,-120.0,100.0,-115.0,105.0,1.5,7.0,sbro,,,,,JTEHERAN-R,CYOUNG-R,,,,,,,,
2014,2014-08-06,HOU,PHI,3.0,10.0,False,1|0|0|1|0|0|1|0|0,5|0|0|3|0|0|1|1|x,120.0,-140.0,125.0,-140.0,-1.5,8.5,sbro,,,,,BPEACOCK-R,DBUCHANAN-R,,,,,,,,
2014,2014-08-06,CLE,CIN,3.0,8.0,False,0|0|0|0|0|0|0|3|0,0|3|0|2|0|0|3|0|x,100.0,-120.0,-105.0,-105.0,1.5,7.5,sbro,,,,,DSALAZAR-R,MLATOS-R,,,,,,,,
2014,2014-08-06,BOS,STL,2.0,1.0,False,0|0|0|1|0|0|0|0|1,1|0|0|0|0|0|0|0|0,140.0,-160.0,119.0,-134.0,-1.5,8.0,sbro,,,,,JKELLY-R,SMILLER-R,,,,,,,,
2014,2014-08-06,KAN,ARI,4.0,3.0,False,0|2|0|1|0|0|0|0|1,0|1|1|0|0|0|0|0|1,-125.0,105.0,-148.0,133.0,1.5,8.0,sbro,,,,,YVENTURA-R,COLLMENTER-R,,,,,,,,
2014,2014-08-06,LOS,LAA,2.0,1.0,False,0|2|0|0|0|0|0|0|0,0|0|0|0|0|0|0|1|0,120.0,-140.0,145.0,-160.0,-1.5,8.5,sbro,,,,,DHAREN-R,SHOEMAKER-R,,,,,,,,
2014,2014-08-07,NYM,WAS,3.0,5.0,False,0|0|1|0|0|0|2|0|0,0|2|0|1|0|0|0|0|0,125.0,-145.0,148.0,-163.0,-1.5,7.0,sbro,,,,,JDEGROM-R,JZIMMERMN-R,,,,,,,,
2014,2014-08-07,SFO,MIL,1.0,3.0,False,0|0|0|0|1|0|0|0|0,1|0|0|0|0|2|0|0|x,110.0,-130.0,116.0,-131.0,-1.5,8.0,sbro,,,,,JPEAVY-R,WPERALTA-R,,,,,,,,
2014,2014-08-07,CUB,COL,6.0,2.0,False,0|1|1|0|0|2|0|2|0,0|0|0|1|0|1|0|0|0,-114.0,-106.0,109.0,-119.0,-1.5,10.5,sbro,,,,,KHENDRICK-R,YFLANDE-L,,,,,,,,
2014,2014-08-07,MIA,PIT,2.0,7.0,False,0|0|0|0|0|0|0|0|2,0|0|0|3|2|0|0|2|x,110.0,-130.0,125.0,-140.0,-1.5,8.0,sbro,,,,,BFLYNN-L,EVOLQUEZ-R,,,,,,,,
2014,2014-08-07,DET,NYY,0.0,1.0,False,0|0|0|0|0|0|0|0|0,0|0|0|1|0|0|0|0|x,-120.0,100.0,105.0,-115.0,-1.5,8.0,sbro,,,,,RPORCELLO-R,SGREENE-R,,,,,,,,
2014,2014-08-07,BAL,TOR,2.0,1.0,False,0|0|0|2|0|0|0|0|0,0|0|0|0|1|0|0|0|0,-114.0,-106.0,108.0,-118.0,-1.5,9.0,sbro,,,,,MGONZALEZ-R,JHAPP-L,,,,,,,,
2014,2014-08-07,MIN,OAK,0.0,3.0,False,0|0|0|0|0|0|0|0|0,0|0|2|1|0|0|0|0|x,210.0,-250.0,235.0,-275.0,-1.5,7.5,sbro,,,,,YPINO-R,JLESTER-L,,,,,,,,
2014,2014-08-07,CWS,SEA,3.0,13.0,False,0|0|0|0|0|2|0|1|0,1|0|0|2|2|3|3|2|x,145.0,-165.0,175.0,-195.0,-1.5,7.5,sbro,,,,,SCARROLL-R,RELIAS-L,,,,,,,,
2014,2014-08-07,HOU,PHI,5.0,6.0,False,3|0|2|0|0|0|0|0|0,0|1|0|0|0|0|0|5|x,110.0,-130.0,-105.0,-105.0,1.5,8.0,sbro,,,,,CMCHUGH-R,O'SULLIVAN-R,,,,,,,,
2014,2014-08-07,CLE,CIN,0.0,4.0,False,0|0|0|0|0|0|0|0|0,2|1|0|0|0|1|0|0|x,105.0,-125.0,108.0,-118.0,-1.5,7.5,sbro,,,,,THOUSE-L,HBAILEY-R,,,,,,,,
2014,2014-08-07,BOS,STL,2.0,5.0,False,0|0|2|0|0|0|0|0|0,3|0|0|0|1|0|1|0|x,170.0,-190.0,151.0,-171.0,-1.5,7.0,sbro,,,,,BWORKMAN-R,WAINWRIGHT-R,,,,,,,,
2014,2014-08-07,KAN,ARI,6.0,2.0,False,0|2|2|1|0|0|0|0|1,1|0|1|0|0|0|0|0|0,-114.0,-106.0,-110.0,100.0,1.5,8.0,sbro,,,,,JGUTHRIE-R,VNUNO-L,,,,,,,,
2014,2014-08-07,LOS,LAA,7.0,0.0,False,0|0|3|0|0|1|0|2|1,0|0|0|0|0|0|0|0|0,-105.0,-115.0,-107.0,-103.0,1.5,8.0,sbro,,,,,HRYU-L,CWILSON-L,,,,,,,,
2014,2014-08-08,SDG,PIT,1.0,2.0,False,1|0|0|0|0|0|0|0|0,2|0|0|0|0|0|0|0|x,125.0,-145.0,108.0,-118.0,-1.5,7.0,sbro,,,,,IKENNEDY-R,VWORLEY-R,,,,,,,,
2014,2014-08-08,NYM,PHI,5.0,4.0,False,0|0|0|4|1|0|0|0|0,0|0|0|0|0|0|1|0|3,-112.0,-108.0,-108.0,-102.0,1.5,7.5,sbro,,,,,BCOLON-R,ABURNETT-R,,,,,,,,
2014,2014-08-08,MIA,CIN,2.0,1.0,False,0|0|0|0|0|1|1|0|0,0|0|0|0|0|0|0|0|1,105.0,-125.0,115.0,-130.0,-1.5,7.0,sbro,,,,,NEOVALDI-R,MLEAKE-R,,,,,,,,
2014,2014-08-08,WAS,ATL,6.0,7.0,False,0|0|0|0|0|4|2|0|0,2|4|0|0|1|0|0|0|x,-115.0,-105.0,-115.0,105.0,1.5,6.5,sbro,,,,,STRASBURG-R,ESANTANA-R,,,,,,,,
2014,2014-08-08,LOS,MIL,3.0,9.0,False,0|0|0|0|0|1|2|0|0,2|0|0|0|0|0|4|3|x,115.0,-135.0,135.0,-150.0,-1.5,8.5,sbro,,,,,RHERNANDZ-R,KLOHSE-R,,,,,,,,
2014,2014-08-08,COL,ARI,3.0,5.0,False,0|0|0|0|1|0|0|0|2,3|0|0|0|0|0|2|0|x,115.0,-135.0,113.0,-123.0,-1.5,8.0,sbro,,,,,TMATZEK-L,CANDERSON-R,,,,,,,,
2014,2014-08-08,CLE,NYY,6.0,10.0,False,1|0|0|0|0|1|4|0|0,5|0|0|0|0|5|0|0|x,100.0,-120.0,128.0,-143.0,-1.5,8.5,sbro,,,,,TBAUER-R,EROGERS-R,,,,,,,,
2014,2014-08-08,DET,TOR,5.0,4.0,False,0|0|2|0|0|0|0|0|3,1|3|0|0|0|0|0|0|0,-135.0,115.0,-131.0,116.0,1.5,8.0,sbro,,,,,ASANCHEZ-R,RDICKEY-R,,,,,,,,
2014,2014-08-08,TEX,HOU,3.0,4.0,False,2|0|0|0|0|0|0|0|1,0|0|0|0|1|0|0|3|x,100.0,-120.0,105.0,-115.0,-1.5,8.5,sbro,,,,,MMIKOLAS-R,OBERHOLTZR-L,,,,,,,,
2014,2014-08-08,BOS,LAA,4.0,2.0,False,0|0|3|0|1|0|0|0|0,0|0|2|0|0|0|0|0|0,170.0,-190.0,175.0,-195.0,-1.5,8.5,sbro,,,,,AWEBSTER-R,JWEAVER-R,,,,,,,,
2014,2014-08-08,MIN,OAK,5.0,6.0,False,0|0|0|0|0|0|5|0|0,0|0|0|0|4|2|0|0|x,190.0,-220.0,190.0,-220.0,-1.5,7.0,sbro,,,,,KGIBSON-R,SKAZMIR-L,,,,,,,,
2014,2014-08-08,CWS,SEA,1.0,4.0,False,0|0|0|1|0|0|0|0|0,0|0|0|0|4|0|0|0|x,130.0,-150.0,151.0,-171.0,-1.5,6.5,sbro,,,,,JQUINTANA-L,HIWAKUMA-R,,,,,,,,
2014,2014-08-08,TAM,CUB,4.0,3.0,False,0|0|1|0|0|0|1|1|0,1|0|0|1|0|0|0|0|1,-140.0,120.0,-124.0,114.0,1.5,7.0,sbro,,,,,CARCHER-R,TWADA-L,,,,,,,,
2014,2014-08-08,STL,BAL,2.0,12.0,False,0|0|0|0|0|0|2|0|0,0|4|1|3|1|3|0|0|x,140.0,-160.0,115.0,-125.0,-1.5,8.0,sbro,,,,,MASTERSON-R,CTILLMAN-R,,,,,,,,
2014,2014-08-08,SFO,KAN,2.0,4.0,False,0|0|2|0|0|0|0|0|0,2|0|0|0|0|2|0|0|x,-120.0,100.0,102.0,-112.0,-1.5,7.0,sbro,,,,,BUMGARNER-L,JVARGAS-L,,,,,,,,
2014,2014-08-09,SDG,PIT,2.0,1.0,False,2|0|0|0|0|0|0|0|0,1|0|0|0|0|0|0|0|0,150.0,-170.0,157.0,-177.0,-1.5,7.0,sbro,,,,,ESTULTS-L,FLIRIANO-L,,,,,,,,
2014,2014-08-09,NYM,PHI,2.0,1.0,False,0|0|0|0|1|0|0|0|0,0|0|0|0|0|0|1|0|0,140.0,-160.0,160.0,-180.0,-1.5,7.0,sbro,,,,,DGEE-R,CHAMELS-L,,,,,,,,
2014,2014-08-09,MIA,CIN,4.0,3.0,False,1|1|0|0|0|2|0|0|0,1|0|1|0|0|0|0|1|0,125.0,-145.0,121.0,-136.0,-1.5,8.0,sbro,,,,,BPENNY-R,ASIMON-R,,,,,,,,
2014,2014-08-09,WAS,ATL,4.0,1.0,False,0|0|0|0|0|1|0|0|0,0|0|0|0|0|1|0|0|0,-120.0,100.0,-116.0,106.0,1.5,7.5,sbro,,,,,TROARK-R,AHARANG-R,,,,,,,,
2014,2014-08-09,LOS,MIL,1.0,4.0,False,0|0|0|1|0|0|0|0|0,0|2|0|0|0|2|0|0|x,-145.0,125.0,-130.0,115.0,1.5,7.5,sbro,,,,,ZGREINKE-R,MFIERS-R,,,,,,,,
2014,2014-08-09,COL,ARI,4.0,14.0,False,2|0|1|0|0|0|0|1|0,1|0|3|0|0|0|1|9|x,-114.0,-106.0,-110.0,100.0,1.5,8.0,sbro,,,,,JDELAROSA-L,TCAHILL-R,,,,,,,,
2014,2014-08-09,CLE,NYY,3.0,0.0,False,0|2|0|0|0|0|0|1|0,0|0|0|0|0|0|0|0|0,-115.0,-105.0,-110.0,100.0,1.5,7.5,sbro,,,,,CKLUBER-R,BMCCARTHY-R,,,,,,,,
2014,2014-08-09,DET,TOR,2.0,3.0,False,0|0|0|0|0|2|0|0|0,0|0|0|0|0|1|0|0|1,-120.0,100.0,-117.0,107.0,1.5,7.5,sbro,,,,,MSCHERZER-R,MSTROMAN-R,,,,,,,,
2014,2014-08-09,TEX,HOU,3.0,8.0,False,0|0|0|0|0|2|1|0|0,2|0|0|0|4|1|0|1|x,-160.0,140.0,-190.0,170.0,1.5,7.0,sbro,,,,,YDARVISH-R,SFELDMAN-R,,,,,,,,
2014,2014-08-09,MIN,OAK,4.0,9.0,False,1|0|0|0|1|0|0|2|0,1|3|0|0|2|3|0|0|x,210.0,-250.0,210.0,-250.0,-1.5,7.0,sbro,,,,,TMAY-R,SAMARDZIJA-R,,,,,,,,
2014,2014-08-09,BOS,LAA,4.0,5.0,False,0|0|0|0|0|0|3|0|0,2|0|0|0|0|0|0|1|0,170.0,-200.0,171.0,-201.0,-1.5,7.5,sbro,,,,,CBUCHHOLZ-R,GRICHARDS-R,,,,,,,,
2014,2014-08-09,CWS,SEA,2.0,1.0,False,0|0|0|0|0|0|1|0|0,0|0|0|1|0|0|0|0|0,150.0,-170.0,175.0,-195.0,-1.5,7.5,sbro,,,,,HNOESI-R,JPAXTON-L,,,,,,,,
2014,2014-08-09,TAM,CUB,4.0,0.0,False,0|0|0|2|0|2|0|0|0,0|0|0|0|0|0|0|0|0,-125.0,105.0,-140.0,125.0,1.5,7.0,sbro,,,,,JODORIZZI-R,EJACKSON-R,,,,,,,,
2014,2014-08-09,STL,BAL,3.0,10.0,False,1|1|0|1|0|0|0|0|0,0|3|2|0|3|1|0|1|x,-114.0,-106.0,-105.0,-105.0,1.5,8.5,sbro,,,,,JLACKEY-R,UJIMENEZ-R,,,,,,,,
2014,2014-08-09,SFO,KAN,0.0,5.0,False,0|0|0|0|0|0|0|0|0,0|0|0|0|1|0|4|0|x,105.0,-125.0,135.0,-150.0,-1.5,7.0,sbro,,,,,THUDSON-R,JSHIELDS-R,,,,,,,,
2014,2014-08-10,MIA,CIN,2.0,7.0,False,1|0|0|1|0|0|0|0|0,2|0|0|0|5|0|0|0|x,150.0,-170.0,179.0,-199.0,-1.5,7.0,sbro,,,,,BHAND-L,JCUETO-R,,,,,,,,
2014,2014-08-10,NYM,PHI,6.0,7.0,False,1|1|2|0|2|0|0|0|0,1|0|0|0|0|2|2|0|2,-125.0,105.0,-116.0,106.0,1.5,8.0,sbro,,,,,ZWHEELER-R,KKENDRICK-R,,,,,,,,
2014,2014-08-10,WAS,ATL,1.0,3.0,False,0|0|0|1|0|0|0|0|0,0|0|0|1|1|0|0|1|x,-112.0,-108.0,108.0,-118.0,-1.5,6.5,sbro,,,,,GGONZALEZ-L,AWOOD-L,,,,,,,,
2014,2014-08-10,SDG,PIT,8.0,2.0,False,0|0|0|1|4|0|1|0|2,2|0|0|0|0|0|0|0|0,-101.0,-119.0,108.0,-118.0,-1.5,7.0,sbro,,,,,TROSS-R,CMORTON-R,,,,,,,,
2014,2014-08-10,LOS,MIL,5.0,1.0,False,0|0|1|0|1|0|1|2|0,1|0|0|0|0|0|0|0|0,-180.0,160.0,-156.0,141.0,1.5,7.0,sbro,,,,,CKERSHAW-L,JNELSON-R,,,,,,,,
2014,2014-08-10,COL,ARI,5.0,3.0,False,0|2|0|0|0|1|0|0|0,2|0|0|1|0|0|0|0|0,140.0,-160.0,145.0,-160.0,-1.5,8.0,sbro,,,,,FMORALES-L,WMILEY-L,,,,,,,,
2014,2014-08-10,CLE,NYY,4.0,1.0,False,1|0|1|0|1|0|1|0|0,0|0|0|0|0|0|0|0|1,124.0,-144.0,125.0,-140.0,-1.5,8.5,sbro,,,,,CCARRASCO-R,HKURODA-R,,,,,,,,
2014,2014-08-10,DET,TOR,5.0,6.0,False,3|0|1|1|0|0|0|0|0,0|0|0|0|0|2|2|0|1,-150.0,130.0,-157.0,142.0,1.5,8.0,sbro,,,,,DPRICE-L,MBUEHRLE-L,,,,,,,,
2014,2014-08-10,TEX,HOU,6.0,2.0,False,0|0|0|2|2|1|1|0|0,1|0|1|0|0|0|0|0|0,140.0,-160.0,130.0,-145.0,-1.5,8.5,sbro,,,,,NMARTINEZ-R,DKEUCHEL-L,,,,,,,,
2014,2014-08-10,MIN,OAK,6.0,1.0,False,1|0|0|0|0|0|0|3|2,1|0|0|0|0|0|0|0|0,145.0,-165.0,160.0,-180.0,-1.5,7.0,sbro,,,,,PHUGHES-R,JHAMMEL-R,,,,,,,,
2014,2014-08-10,CWS,SEA,2.0,4.0,False,0|0|0|0|0|0|0|1|1,0|3|0|0|0|0|1|0|x,145.0,-165.0,144.0,-159.0,-1.5,8.0,sbro,,,,,JDANKS-L,ERAMIREZ-R,,,,,,,,
2014,2014-08-10,BOS,LAA,3.0,1.0,False,0|0|0|0|0|0|0|3|0,0|0|0|0|0|0|0|1|0,145.0,-165.0,140.0,-155.0,-1.5,8.5,sbro,,,,,RDELAROSA-R,HSANTIAGO-L,,,,,,,,
2014,2014-08-10,STL,BAL,8.0,3.0,False,2|0|1|0|0|1|0|1|3,1|0|0|0|1|1|0|0|0,110.0,-130.0,113.0,-123.0,-1.5,8.0,sbro,,,,,LLYNN-R,KGAUSMAN-R,,,,,,,,
2014,2014-08-10,SFO,KAN,4.0,7.0,False,0|1|0|0|0|0|3|0|0,4|0|0|3|0|0|0|0|x,125.0,-145.0,146.0,-161.0,-1.5,7.5,sbro,,,,,TLINCECUM-R,DDUFFY-L,,,,,,,,
2014,2014-08-10,TAM,CUB,2.0,3.0,False,0|0|0|0|1|0|1|0|0,0|0|0|0|1|0|1|0|0,-145.0,125.0,-160.0,145.0,1.5,7.0,sbro,,,,,ACOBB-R,TWOOD-L,,,,,,,,
2014,2014-08-11,NYM,PHI,5.0,3.0,False,0|0|0|1|0|0|4|0|0,0|0|0|2|0|0|0|0|1,-118.0,-102.0,-124.0,114.0,1.5,8.0,sbro,,,,,JNIESE-L,DBUCHANAN-R,,,,,,,,
2014,2014-08-11,STL,MIA,5.0,6.0,False,0|0|0|3|0|0|0|0|2,2|0|1|2|0|0|1|0|x,-102.0,-118.0,-103.0,-107.0,-1.5,7.5,sbro,,,,,SMILLER-R,TKOEHLER-R,,,,,,,,
2014,2014-08-11,LOS,ATL,6.0,2.0,False,0|0|0|0|0|3|0|3|0,0|0|0|1|0|0|0|0|1,140.0,-160.0,170.0,-190.0,-1.5,7.5,sbro,,,,,KCORREIA-R,JTEHERAN-R,,,,,,,,
2014,2014-08-11,MIL,CUB,3.0,1.0,False,0|1|0|0|0|0|1|0|1,0|0|0|0|1|0|0|0|0,-105.0,-115.0,-105.0,-105.0,1.5,7.5,sbro,,,,,YGALLARDO-R,JARRIETA-R,,,,,,,,
2014,2014-08-11,COL,SDG,3.0,4.0,False,0|0|0|0|0|3|0|0|0,0|0|0|1|0|1|2|0|x,145.0,-165.0,151.0,-171.0,-1.5,6.5,sbro,,,,,JLYLES-R,JHAHN-R,,,,,,,,
2014,2014-08-11,NYY,BAL,3.0,11.0,False,1|2|0|0|0|0|0|0|0,1|0|1|0|2|0|3|4|x,116.0,-136.0,109.0,-119.0,-1.5,8.5,sbro,,,,,CCAPUANO-L,BNORRIS-R,,,,,,,,
2014,2014-08-11,TAM,TEX,7.0,0.0,False,0|3|0|2|0|0|0|1|1,0|0|0|0|0|0|0|0|0,-136.0,116.0,-119.0,109.0,1.5,8.5,sbro,,,,,DSMYLY-L,CLEWIS-R,,,,,,,,
2014,2014-08-11,MIN,HOU,4.0,2.0,False,1|0|0|1|0|0|0|0|2,1|0|0|0|1|0|0|0|0,-115.0,-105.0,-111.0,101.0,1.5,8.5,sbro,,,,,TMILONE-L,BPEACOCK-R,,,,,,,,
2014,2014-08-11,OAK,KAN,2.0,3.0,False,0|0|2|0|0|0|0|0|0,1|1|0|0|0|0|1|0|x,-140.0,120.0,102.0,-112.0,-1.5,7.0,sbro,,,,,SGRAY-R,YVENTURA-R,,,,,,,,
2014,2014-08-11,TOR,SEA,1.0,11.0,False,0|0|0|1|0|0|0|0|0,0|0|0|2|0|7|2|0|x,180.0,-210.0,210.0,-250.0,-1.5,6.5,sbro,,,,,HUTCHISON-R,FHERNANDZ-R,,,,,,,,
2014,2014-08-11,DET,PIT,6.0,11.0,False,1|0|0|0|0|3|0|2|0,5|3|0|0|0|2|0|1|x,-120.0,100.0,-105.0,-105.0,1.5,7.5,sbro,,,,,VERLANDER-R,JLOCKE-L,,,,,,,,
2014,2014-08-12,STL,MIA,0.0,3.0,False,0|0|0|0|0|0|0|0|0,0|0|0|3|0|0|0|0|x,-150.0,130.0,-133.0,118.0,1.5,7.0,sbro,,,,,WAINWRIGHT-R,JCOSART-R,,,,,,,,
2014,2014-08-12,WAS,NYM,7.0,1.0,False,0|2|0|0|0|5|0|0|0,0|0|0|0|0|0|0|1|0,-135.0,115.0,-128.0,118.0,1.5,7.0,sbro,,,,,DFISTER-R,RMONTERO-R,,,,,,,,
2014,2014-08-12,LOS,ATL,4.0,2.0,False,0|1|0|0|2|0|0|0|1,0|0|1|1|0|0|0|0|0,110.0,-130.0,117.0,-127.0,-1.5,8.0,sbro,,,,,DHAREN-R,MMINOR-L,,,,,,,,
2014,2014-08-12,MIL,CUB,0.0,3.0,False,0|0|0|0|0|0|0|0|0,0|1|0|1|0|1|0|0|x,-130.0,110.0,-118.0,108.0,1.5,7.5,sbro,,,,,WPERALTA-R,KHENDRICK-R,,,,,,,,
2014,2014-08-12,COL,SDG,1.0,4.0,False,0|0|0|0|0|0|0|0|1,0|1|0|1|0|0|0|2|x,140.0,-160.0,118.0,-128.0,-1.5,7.0,sbro,,,,,YFLANDE-L,DESPAIGNE-R,,,,,,,,
2014,2014-08-12,TAM,TEX,2.0,3.0,False,0|0|0|0|0|2|0|0|0,0|0|0|0|0|0|2|0|0,-125.0,105.0,-111.0,101.0,1.5,9.0,sbro,,,,,HELLICKSON-R,NTEPESCH-R,,,,,,,,
2014,2014-08-12,MIN,HOU,4.0,10.0,False,0|1|0|0|0|0|0|0|3,0|0|3|0|4|2|0|1|x,110.0,-130.0,132.0,-147.0,-1.5,7.5,sbro,,,,,YPINO-R,CMCHUGH-R,,,,,,,,
2014,2014-08-12,OAK,KAN,11.0,3.0,False,1|0|2|1|2|0|1|4|0,0|0|0|0|3|0|0|0|0,-150.0,130.0,-143.0,128.0,1.5,7.0,sbro,,,,,JLESTER-L,JGUTHRIE-R,,,,,,,,
2014,2014-08-12,TOR,SEA,3.0,6.0,False,1|0|0|0|0|0|0|2|0,0|0|1|1|2|1|0|1|x,115.0,-135.0,107.0,-117.0,-1.5,8.0,sbro,,,,,JHAPP-L,CYOUNG-R,,,,,,,,
2014,2014-08-12,DET,PIT,2.0,4.0,False,1|0|0|1|0|0|0|0|0,0|2|1|0|0|1|0|0|x,110.0,-130.0,109.0,-119.0,-1.5,8.5,sbro,,,,,RRAY-L,EVOLQUEZ-R,,,,,,,,
2014,2014-08-12,BOS,CIN,3.0,2.0,False,0|0|0|0|0|0|1|2|0,2|0|0|0|0|0|0|0|0,130.0,-150.0,117.0,-127.0,-1.5,7.5,sbro,,,,,JKELLY-R,MLATOS-R,,,,,,,,
2014,2014-08-12,PHI,LAA,2.0,7.0,False,0|0|0|1|0|1|0|0|0,0|0|0|0|0|7|0|0|x,185.0,-215.0,210.0,-250.0,-1.5,8.5,sbro,,,,,JWILLIAMS-R,CWILSON-L,,,,,,,,
2014,2014-08-12,CWS,SFO,3.0,2.0,False,2|0|0|0|0|0|0|0|0,0|0|0|0|0|0|0|0|2,-135.0,115.0,-121.0,111.0,1.5,6.0,sbro,,,,,CSALE-L,VOGELSONG-R,,,,,,,,
2014,2014-08-13,COL,SDG,3.0,5.0,False,0|0|1|0|2|0|0|0|0,1|0|0|2|1|1|0|0|x,160.0,-180.0,135.0,-150.0,-1.5,6.5,sbro,,,,,TMATZEK-L,IKENNEDY-R,,,,,,,,
2014,2014-08-13,LOS,ATL,2.0,3.0,False,0|2|0|0|0|0|0|0|0,0|1|0|1|1|0|0|0|x,-112.0,-108.0,117.0,-127.0,-1.5,6.5,sbro,,,,,HRYU-L,ESANTANA-R,,,,,,,,
2014,2014-08-13,STL,MIA,5.0,2.0,False,0|0|2|0|1|1|0|1|0,0|0|0|0|0|0|0|0|2,105.0,-125.0,102.0,-112.0,-1.5,8.0,sbro,,,,,MASTERSON-R,NEOVALDI-R,,,,,,,,
2014,2014-08-13,WAS,NYM,3.0,2.0,False,0|0|0|0|0|0|2|1|0,0|0|0|1|0|0|0|0|1,-125.0,105.0,-115.0,105.0,1.5,7.0,sbro,,,,,JZIMMERMN-R,BCOLON-R,,,,,,,,
2014,2014-08-13,MIL,CUB,2.0,4.0,False,0|0|0|0|0|0|2|0|0,2|0|2|0|0|0|0|0|x,-140.0,120.0,-123.0,113.0,1.5,7.5,sbro,,,,,KLOHSE-R,TWADA-L,,,,,,,,
2014,2014-08-13,MIN,HOU,3.0,1.0,False,0|0|0|0|0|1|0|2|0,0|0|0|0|0|0|0|1|0,100.0,-120.0,-109.0,-101.0,1.5,8.0,sbro,,,,,KGIBSON-R,OBERHOLTZR-L,,,,,,,,
2014,2014-08-13,NYY,BAL,3.0,5.0,False,0|0|2|0|0|0|0|0|1,0|0|0|0|1|0|0|4|x,120.0,-140.0,100.0,-110.0,-1.5,8.0,sbro,,,,,MPINEDA-R,CTILLMAN-R,,,,,,,,
2014,2014-08-13,TAM,TEX,10.0,1.0,False,1|4|0|0|0|2|3|0|0,0|0|0|0|1|0|0|0|0,-152.0,132.0,-140.0,125.0,1.5,8.5,sbro,,,,,CARCHER-R,MMIKOLAS-R,,,,,,,,
2014,2014-08-13,OAK,KAN,0.0,3.0,False,0|0|0|0|0|0|0|0|0,0|0|2|0|1|0|0|0|x,-130.0,110.0,-104.0,-106.0,-1.5,7.0,sbro,,,,,SKAZMIR-L,JVARGAS-L,,,,,,,,
2014,2014-08-13,TOR,SEA,0.0,2.0,False,0|0|0|0|0|0|0|0|0,2|0|0|0|0|0|0|0|x,140.0,-160.0,141.0,-156.0,-1.5,6.5,sbro,,,,,RDICKEY-R,HIWAKUMA-R,,,,,,,,
2014,2014-08-13,BOS,CIN,5.0,4.0,False,2|0|0|0|3|0|0|0|0,0|0|1|2|1|0|0|0|0,130.0,-150.0,117.0,-132.0,-1.5,7.0,sbro,,,,,ARANAUDO-R,MLEAKE-R,,,,,,,,
2014,2014-08-13,CWS,SFO,1.0,7.0,False,0|0|0|1|0|0|0|0|0,0|0|0|0|0|0|7|0|x,125.0,-145.0,108.0,-118.0,-1.5,7.0,sbro,,,,,JQUINTANA-L,JPEAVY-R,,,,,,,,
2014,2014-08-13,PIT,DET,4.0,8.0,False,0|0|1|3|0|0|0|0|0,0|1|0|0|3|1|3|0|x,100.0,-120.0,107.0,-117.0,-1.5,9.0,sbro,,,,,VWORLEY-R,BFARMER-R,,,,,,,,
2014,2014-08-13,ARI,CLE,1.0,0.0,False,0|0|0|0|0|0|0|0|0,0|0|0|0|0|0|0|0|0,150.0,-170.0,155.0,-175.0,-1.5,7.5,sbro,,,,,ACHAFIN-L,JTOMLIN-R,,,,,,,,
2014,2014-08-13,PHI,LAA,3.0,4.0,False,0|0|1|1|0|0|0|1|0,0|1|0|0|0|3|0|0|x,180.0,-210.0,170.0,-200.0,-1.5,8.0,sbro,,,,,ABURNETT-R,JWEAVER-R,,,,,,,,
2014,2014-08-13,ARI,CLE,2.0,3.0,False,0|0|0|0|0|1|1|0|0,0|0|0|0|0|2|0|0|1,160.0,-180.0,141.0,-156.0,-1.5,8.0,sbro,,,,,VNUNO-L,TBAUER-R,,,,,,,,
2014,2014-08-14,LOS,ATL,6.0,4.0,False,1|2|1|0|1|0|0|0|1,0|0|0|1|0|0|0|3|0,-105.0,-115.0,119.0,-134.0,-1.5,7.5,sbro,,,,,RHERNANDZ-R,AHARANG-R,,,,,,,,
2014,2014-08-14,MIL,CUB,6.0,2.0,False,2|0|1|2|0|0|0|1|0,0|0|0|0|0|0|2|0|0,-130.0,110.0,-125.0,115.0,1.5,7.0,sbro,,,,,MFIERS-R,EJACKSON-R,,,,,,,,
2014,2014-08-14,ARI,MIA,4.0,5.0,False,1|0|2|0|0|1|0|0|0,0|0|2|0|0|1|0|1|0,110.0,-130.0,103.0,-113.0,-1.5,7.5,sbro,,,,,CANDERSON-R,BPENNY-R,,,,,,,,
2014,2014-08-14,WAS,NYM,4.0,1.0,False,2|0|0|2|0|0|0|0|0,0|0|0|1|0|0|0|0|0,-135.0,115.0,-150.0,135.0,1.5,7.0,sbro,,,,,STRASBURG-R,DGEE-R,,,,,,,,
2014,2014-08-14,SDG,STL,3.0,4.0,False,0|0|0|0|0|2|0|0|1,0|2|0|0|0|0|0|2|x,145.0,-165.0,171.0,-201.0,-1.5,7.5,sbro,,,,,ESTULTS-L,JLACKEY-R,,,,,,,,
2014,2014-08-14,CIN,COL,3.0,7.0,False,0|2|0|0|0|1|0|0|0,0|1|1|2|3|0|0|0|x,100.0,-120.0,119.0,-129.0,-1.5,9.0,sbro,,,,,ASIMON-R,JDELAROSA-L,,,,,,,,
2014,2014-08-14,OAK,KAN,3.0,7.0,False,0|0|0|1|0|2|0|0|0,0|0|1|1|0|0|5|0|x,-115.0,-105.0,-105.0,-105.0,-1.5,7.0,sbro,,,,,SAMARDZIJA-R,JSHIELDS-R,,,,,,,,
2014,2014-08-14,HOU,BOS,4.0,9.0,False,0|1|1|2|0|0|0|0|0,0|0|0|1|0|7|0|1|x,130.0,-150.0,151.0,-166.0,-1.5,9.0,sbro,,,,,SFELDMAN-R,AWEBSTER-R,,,,,,,,
2014,2014-08-14,TAM,TEX,6.0,3.0,False,0|2|2|0|2|0|0|0|0,0|0|0|2|0|0|0|1|0,120.0,-140.0,-123.0,113.0,1.5,8.5,sbro,,,,,JODORIZZI-R,RROSS-L,,,,,,,,
2014,2014-08-14,PIT,DET,2.0,5.0,False,0|0|0|0|0|0|0|0|2,0|0|0|0|1|1|0|3|x,145.0,-165.0,170.0,-200.0,-1.5,7.5,sbro,,,,,FLIRIANO-L,MSCHERZER-R,,,,,,,,
2014,2014-08-15,PIT,WAS,4.0,5.0,False,0|0|0|3|0|0|0|0|1,3|0|2|0|0|0|0|0|x,130.0,-150.0,141.0,-156.0,-1.5,7.5,sbro,,,,,CMORTON-R,TROARK-R,,,,,,,,
2014,2014-08-15,CUB,NYM,2.0,3.0,False,0|0|2|0|0|0|0|0|0,0|0|0|3|0|0|0|0|x,130.0,-150.0,137.0,-152.0,-1.5,7.0,sbro,,,,,TWOOD-L,ZWHEELER-R,,,,,,,,
2014,2014-08-15,ARI,MIA,3.0,2.0,False,3|0|0|0|0|0|0|0|0,2|0|0|0|0|0|0|0|0,120.0,-140.0,119.0,-134.0,-1.5,7.0,sbro,,,,,TCAHILL-R,BHAND-L,,,,,,,,
2014,2014-08-15,SDG,STL,2.0,4.0,False,0|0|0|0|1|0|0|0|1,2|0|0|1|0|0|0|1|x,110.0,-130.0,125.0,-140.0,-1.5,7.0,sbro,,,,,TROSS-R,LLYNN-R,,,,,,,,
2014,2014-08-15,CIN,COL,3.0,2.0,False,0|0|1|1|0|0|0|0|1,0|1|0|0|0|1|0|0|0,-150.0,130.0,-149.0,134.0,1.5,9.0,sbro,,,,,JCUETO-R,MBELISLE-R,,,,,,,,
2014,2014-08-15,MIL,LOS,6.0,3.0,False,0|0|0|0|0|0|0|5|1,1|0|0|0|1|0|0|1|0,140.0,-160.0,161.0,-181.0,-1.5,6.5,sbro,,,,,JNELSON-R,ZGREINKE-R,,,,,,,,
2014,2014-08-15,PHI,SFO,5.0,3.0,False,0|0|0|0|1|0|0|2|0,0|0|0|3|0|0|0|0|0,110.0,-130.0,137.0,-152.0,-1.5,5.5,sbro,,,,,CHAMELS-L,BUMGARNER-L,,,,,,,,
2014,2014-08-15,SEA,DET,7.0,2.0,False,0|3|1|1|1|0|0|0|1,0|0|1|0|0|0|0|1|0,110.0,-130.0,119.0,-129.0,-1.5,8.5,sbro,,,,,JPAXTON-L,RPORCELLO-R,,,,,,,,
2014,2014-08-15,BAL,CLE,1.0,2.0,False,0|0|0|0|0|0|0|1|0,0|0|0|0|1|0|0|0|0,155.0,-175.0,139.0,-154.0,-1.5,6.5,sbro,,,,,WCHEN-L,CKLUBER-R,,,,,,,,
2014,2014-08-15,NYY,TAM,0.0,5.0,False,0|0|0|0|0|0|0|0|0,2|0|0|0|0|0|2|1|x,115.0,-135.0,116.0,-126.0,-1.5,6.5,sbro,,,,,BMCCARTHY-R,ACOBB-R,,,,,,,,
2014,2014-08-15,HOU,BOS,5.0,3.0,False,0|0|0|0|1|0|1|1|0,0|0|0|2|0|0|1|0|0,115.0,-135.0,138.0,-153.0,-1.5,8.0,sbro,,,,,DKEUCHEL-L,CBUCHHOLZ-R,,,,,,,,
2014,2014-08-15,LAA,TEX,5.0,4.0,False,0|0|1|0|3|0|1|0|0,1|0|0|0|0|0|0|3|0,-200.0,170.0,-195.0,175.0,1.5,9.5,sbro,,,,,GRICHARDS-R,NMARTINEZ-R,,,,,,,,
2014,2014-08-15,KAN,MIN,6.0,5.0,False,0|0|0|5|0|0|0|1|0,0|0|2|1|0|0|0|0|2,-160.0,140.0,-142.0,127.0,1.5,8.0,sbro,,,,,DDUFFY-L,RNOLASCO-R,,,,,,,,
2014,2014-08-15,TOR,CWS,5.0,11.0,False,1|3|0|0|0|1|0|0|0,5|1|0|0|5|0|0|0|x,-140.0,120.0,-144.0,129.0,1.5,9.0,sbro,,,,,MSTROMAN-R,HNOESI-R,,,,,,,,
2014,2014-08-15,OAK,ATL,2.0,7.0,False,0|0|0|2|0|0|0|0|0,0|2|3|0|0|2|0|0|x,100.0,-120.0,127.0,-142.0,-1.5,7.0,sbro,,,,,JHAMMEL-R,AWOOD-L,,,,,,,,
2014,2014-08-16,PHI,SFO,5.0,6.0,False,0|0|2|0|3|0|0|0|0,1|0|0|0|0|4|0|1|x,170.0,-200.0,175.0,-205.0,-1.5,7.5,sbro,,,,,KKENDRICK-R,THUDSON-R,,,,,,,,
2014,2014-08-16,PIT,WAS,3.0,4.0,False,0|0|3|0|0|0|0|0|0,0|0|0|0|0|0|0|3|1,150.0,-170.0,136.0,-151.0,-1.5,7.5,sbro,,,,,JLOCKE-L,GGONZALEZ-L,,,,,,,,
2014,2014-08-16,CUB,NYM,3.0,7.0,False,0|0|0|0|1|0|2|0|0,0|3|0|0|0|4|0|0|x,140.0,-160.0,125.0,-140.0,-1.5,7.0,sbro,,,,,DSTRAILY-R,JNIESE-L,,,,,,,,
2014,2014-08-16,ARI,MIA,1.0,2.0,False,1|0|0|0|0|0|0|0|0,0|0|0|1|0|0|1|0|x,145.0,-165.0,131.0,-146.0,-1.5,7.0,sbro,,,,,WMILEY-L,HALVAREZ-R,,,,,,,,
2014,2014-08-16,SDG,STL,9.0,5.0,False,0|0|4|0|0|0|4|1|0,0|4|0|0|1|0|0|0|0,115.0,-135.0,115.0,-130.0,-1.5,7.5,sbro,,,,,JHAHN-R,SMILLER-R,,,,,,,,
2014,2014-08-16,MIL,LOS,3.0,2.0,False,0|0|0|2|0|1|0|0|0,0|0|0|1|0|0|0|0|1,170.0,-200.0,170.0,-200.0,-1.5,6.0,sbro,,,,,YGALLARDO-R,CKERSHAW-L,,,,,,,,
2014,2014-08-16,NYY,TAM,3.0,2.0,False,0|2|0|0|0|0|0|0|1,0|0|0|0|0|1|1|0|0,115.0,-135.0,130.0,-145.0,-1.5,7.0,sbro,,,,,SGREENE-R,DSMYLY-L,,,,,,,,
2014,2014-08-16,BAL,CLE,0.0,6.0,False,0|0|0|0|0|0|0|0|0,3|0|0|0|3|0|0|0|x,100.0,-120.0,134.0,-149.0,-1.5,8.0,sbro,,,,,UJIMENEZ-R,CCARRASCO-R,,,,,,,,
2014,2014-08-16,SEA,DET,2.0,4.0,False,0|0|0|1|0|0|0|0|1,0|1|0|1|0|0|2|0|x,-109.0,-111.0,-108.0,-102.0,1.5,6.5,sbro,,,,,FHERNANDZ-R,DPRICE-L,,,,,,,,
2014,2014-08-16,HOU,BOS,7.0,10.0,False,2|1|2|1|0|0|0|0|1,0|1|2|0|4|0|0|3|x,150.0,-170.0,161.0,-181.0,-1.5,9.0,sbro,,,,,BPEACOCK-R,RDELAROSA-R,,,,,,,,
2014,2014-08-16,TOR,CWS,6.0,3.0,False,0|2|0|0|1|0|3|0|0,0|0|0|0|0|3|0|0|0,-120.0,100.0,-139.0,124.0,1.5,9.5,sbro,,,,,MBUEHRLE-L,JDANKS-L,,,,,,,,
2014,2014-08-16,KAN,MIN,1.0,4.0,False,0|0|0|1|0|0|0|0|0,0|0|0|0|0|0|3|1|x,-115.0,-105.0,-111.0,101.0,1.5,7.5,sbro,,,,,YVENTURA-R,PHUGHES-R,,,,,,,,
2014,2014-08-16,LAA,TEX,5.0,4.0,False,1|2|0|2|0|0|0|0|0,0|0|0|2|0|0|2|0|0,-160.0,140.0,-155.0,140.0,1.5,9.5,sbro,,,,,SHOEMAKER-R,CLEWIS-R,,,,,,,,
2014,2014-08-16,OAK,ATL,3.0,4.0,False,0|0|0|0|0|2|0|1|0,2|0|0|1|0|1|0|0|x,-120.0,100.0,-111.0,101.0,1.5,7.0,sbro,,,,,SGRAY-R,JTEHERAN-R,,,,,,,,
2014,2014-08-17,CUB,NYM,2.0,1.0,False,0|0|0|1|0|0|0|0|1,0|0|0|0|0|0|0|1|0,-120.0,100.0,-113.0,103.0,1.5,7.0,sbro,,,,,JARRIETA-R,RMONTERO-R,,,,,,,,
2014,2014-08-17,ARI,MIA,3.0,10.0,False,0|0|0|0|0|2|0|0|1,4|0|0|1|0|0|5|0|x,130.0,-150.0,130.0,-145.0,-1.5,7.0,sbro,,,,,COLLMENTER-R,TKOEHLER-R,,,,,,,,
2014,2014-08-17,SDG,STL,6.0,7.0,False,0|0|0|0|2|2|0|0|2,4|1|0|0|0|2|0|0|x,170.0,-190.0,185.0,-215.0,-1.5,7.0,sbro,,,,,DESPAIGNE-R,WAINWRIGHT-R,,,,,,,,
2014,2014-08-17,PHI,SFO,2.0,5.0,False,1|0|1|0|0|0|0|0|0,0|2|0|1|0|0|0|2|x,145.0,-165.0,135.0,-150.0,-1.5,7.5,sbro,,,,,DBUCHANAN-R,TLINCECUM-R,,,,,,,,
2014,2014-08-17,CIN,COL,9.0,10.0,False,0|0|0|2|3|2|0|0|2,2|1|0|0|0|0|2|0|5,-145.0,125.0,-104.0,-106.0,1.5,9.5,sbro,,,,,MLATOS-R,JLYLES-R,,,,,,,,
2014,2014-08-17,MIL,LOS,7.0,2.0,False,2|3|1|1|0|0|0|0|0,0|0|0|0|0|0|0|2|0,-115.0,-105.0,-105.0,-105.0,-1.5,7.5,sbro,,,,,WPERALTA-R,DHAREN-R,,,,,,,,
2014,2014-08-17,PIT,WAS,5.0,6.0,False,0|0|0|0|0|2|0|0|3,0|0|0|0|0|1|3|0|1,150.0,-170.0,140.0,-155.0,-1.5,8.0,sbro,,,,,EVOLQUEZ-R,DFISTER-R,,,,,,,,
2014,2014-08-17,SEA,DET,8.0,1.0,False,2|0|1|0|1|3|0|1|0,0|0|0|0|0|0|0|1|0,-105.0,-115.0,107.0,-117.0,-1.5,8.5,sbro,,,,,CYOUNG-R,RRAY-L,,,,,,,,
2014,2014-08-17,BAL,CLE,4.0,1.0,False,0|0|0|0|0|2|1|0|1,0|0|0|1|0|0|0|0|0,-115.0,-105.0,118.0,-128.0,-1.5,8.0,sbro,,,,,KGAUSMAN-R,DSALAZAR-R,,,,,,,,
2014,2014-08-17,HOU,BOS,8.0,1.0,False,0|6|1|0|0|0|0|0|1,0|0|1|0|0|0|0|0|0,130.0,-150.0,113.0,-123.0,-1.5,9.0,sbro,,,,,CMCHUGH-R,JKELLY-R,,,,,,,,
2014,2014-08-17,NYY,TAM,4.0,2.0,False,0|0|0|0|3|0|0|1|0,1|0|0|0|0|0|1|0|0,105.0,-125.0,-102.0,-108.0,-1.5,7.0,sbro,,,,,HKURODA-R,HELLICKSON-R,,,,,,,,
2014,2014-08-17,TOR,CWS,5.0,7.0,False,1|0|0|0|3|1|0|0|0,6|0|0|0|0|1|0|0|x,-120.0,100.0,-140.0,125.0,1.5,9.5,sbro,,,,,HUTCHISON-R,SCARROLL-R,,,,,,,,
2014,2014-08-17,KAN,MIN,12.0,6.0,False,0|7|0|0|2|0|2|0|1,1|0|1|0|2|0|0|2|0,-115.0,-105.0,-107.0,-103.0,1.5,8.0,sbro,,,,,JGUTHRIE-R,TMILONE-L,,,,,,,,
2014,2014-08-17,LAA,TEX,2.0,3.0,False,0|2|0|0|0|0|0|0|0,0|0|0|0|1|0|0|0|2,-160.0,140.0,-140.0,125.0,1.5,9.5,sbro,,,,,HSANTIAGO-L,NTEPESCH-R,,,,,,,,
2014,2014-08-17,OAK,ATL,3.0,4.0,False,0|1|0|0|0|0|1|1|0,0|1|0|2|0|0|1|0|x,-150.0,130.0,-140.0,125.0,1.5,7.0,sbro,,,,,JLESTER-L,MMINOR-L,,,,,,,,
2014,2014-08-17,CIN,COL,5.0,10.0,False,1|0|0|0|0|3|1|0|0,0|0|0|0|1|1|3|5|x,100.0,-120.0,120.0,-135.0,-1.5,10.5,sbro,,,,,DAXELROD-R,YFLANDE-L,,,,,,,,
2014,2014-08-18,CUB,NYM,4.0,1.0,False,0|0|0|0|0|1|0|1|2,0|0|0|1|0|0|0|0|0,100.0,-120.0,102.0,-112.0,-1.5,7.0,sbro,,,,,KHENDRICK-R,CTORRES-R,,,,,,,,
2014,2014-08-18,ATL,PIT,7.0,3.0,False,6|0|0|0|0|0|0|1|0,0|1|1|1|0|0|0|0|0,-105.0,-115.0,-109.0,-101.0,1.5,7.5,sbro,,,,,ESANTANA-R,VWORLEY-R,,,,,,,,
2014,2014-08-18,ARI,WAS,4.0,5.0,False,0|0|0|0|1|0|0|2|1,0|0|0|0|0|0|2|2|0,170.0,-200.0,220.0,-260.0,-1.5,7.0,sbro,,,,,VNUNO-L,JZIMMERMN-R,,,,,,,,
2014,2014-08-18,CIN,STL,5.0,6.0,False,0|0|0|0|4|0|0|0|1,2|0|1|0|0|0|1|1|0,120.0,-140.0,117.0,-127.0,-1.5,8.0,sbro,,,,,MLEAKE-R,MASTERSON-R,,,,,,,,
2014,2014-08-18,LAA,BOS,4.0,2.0,False,0|0|2|0|0|0|0|2|0,0|0|0|1|0|0|0|0|1,-115.0,-105.0,102.0,-112.0,-1.5,10.0,sbro,,,,,CWILSON-L,BWORKMAN-R,,,,,,,,
2014,2014-08-18,KAN,MIN,6.0,4.0,False,0|0|0|0|3|0|1|1|1,0|0|0|0|0|0|1|0|3,-150.0,130.0,-162.0,147.0,1.5,8.0,sbro,,,,,JVARGAS-L,TMAY-R,,,,,,,,
2014,2014-08-18,BAL,CWS,8.0,2.0,False,0|1|0|0|1|1|0|5|0,0|0|0|0|0|0|2|0|0,150.0,-170.0,143.0,-158.0,-1.5,7.5,sbro,,,,,BNORRIS-R,CSALE-L,,,,,,,,
2014,2014-08-18,SEA,PHI,1.0,4.0,False,0|0|0|0|0|0|0|1|0,0|0|1|0|3|0|0|0|x,-145.0,125.0,-145.0,130.0,1.5,8.5,sbro,,,,,RELIAS-L,JWILLIAMS-R,,,,,,,,
2014,2014-08-19,ATL,PIT,11.0,3.0,False,0|1|3|1|5|0|0|0|1,0|0|0|1|1|0|0|0|1,120.0,-140.0,149.0,-164.0,-1.5,7.5,sbro,,,,,AHARANG-R,FLIRIANO-L,,,,,,,,
2014,2014-08-19,ARI,WAS,1.0,8.0,False,1|0|0|0|0|0|0|0|0,0|0|6|0|0|2|0|0|x,200.0,-240.0,200.0,-230.0,-1.5,7.0,sbro,,,,,CANDERSON-R,STRASBURG-R,,,,,,,,
2014,2014-08-19,SFO,CUB,0.0,2.0,False,0|0|0|0|0|x|x|x|x,2|0|0|0|x|x|x|x|x,-113.0,-107.0,-110.0,100.0,1.5,8.5,sbro,,,,,VOGELSONG-R,TWADA-L,,,,,,,,
2014,2014-08-19,CIN,STL,4.0,5.0,False,0|0|0|2|0|2|0|0|0,0|0|1|0|0|2|0|1|1,150.0,-170.0,150.0,-170.0,-1.5,8.0,sbro,,,,,ASIMON-R,JLACKEY-R,,,,,,,,
2014,2014-08-19,SDG,LOS,6.0,8.0,False,3|0|0|0|1|0|0|1|1,0|2|0|3|1|0|2|0|x,110.0,-130.0,-105.0,-105.0,-1.5,7.0,sbro,,,,,IKENNEDY-R,KCORREIA-R,,,,,,,,
2014,2014-08-19,HOU,NYY,7.0,4.0,False,0|0|0|0|1|3|0|0|3,0|0|0|2|0|2|0|0|0,140.0,-160.0,153.0,-168.0,-1.5,8.5,sbro,,,,,OBERHOLTZR-L,CCAPUANO-L,,,,,,,,
2014,2014-08-19,LAA,BOS,4.0,3.0,False,0|0|3|0|0|0|0|0|1,1|0|0|0|1|1|0|0|0,-150.0,130.0,-125.0,115.0,1.5,9.5,sbro,,,,,JWEAVER-R,AWEBSTER-R,,,,,,,,
2014,2014-08-19,DET,TAM,8.0,6.0,False,0|0|0|0|3|1|0|1|0,3|1|0|0|0|0|0|1|0,-115.0,-105.0,-113.0,103.0,1.5,6.5,sbro,,,,,MSCHERZER-R,CARCHER-R,,,,,,,,
2014,2014-08-19,CLE,MIN,7.0,5.0,False,0|1|0|2|1|3|0|0|0,5|0|0|0|0|0|0|0|0,-120.0,100.0,-110.0,100.0,1.5,8.5,sbro,,,,,TBAUER-R,KGIBSON-R,,,,,,,,
2014,2014-08-19,BAL,CWS,5.0,1.0,False,1|0|0|0|0|3|1|0|0,1|0|0|0|0|0|0|0|0,-120.0,100.0,100.0,-110.0,-1.5,8.5,sbro,,,,,CTILLMAN-R,JQUINTANA-L,,,,,,,,
2014,2014-08-19,SEA,PHI,5.0,2.0,False,2|0|0|0|0|1|0|2|0,0|0|0|0|0|0|0|0|2,-150.0,130.0,-154.0,139.0,1.5,7.5,sbro,,,,,HIWAKUMA-R,ABURNETT-R,,,,,,,,
2014,2014-08-19,TEX,MIA,3.0,4.0,False,0|0|0|1|0|0|2|0|0,0|0|0|1|0|2|0|0|0,145.0,-165.0,126.0,-141.0,-1.5,8.0,sbro,,,,,MMIKOLAS-R,JCOSART-R,,,,,,,,
2014,2014-08-19,TOR,MIL,1.0,6.0,False,0|1|0|0|0|0|0|0|0,2|0|2|0|2|0|0|0|x,140.0,-160.0,135.0,-150.0,-1.5,9.0,sbro,,,,,JHAPP-L,MFIERS-R,,,,,,,,
2014,2014-08-19,KAN,COL,7.0,4.0,False,0|0|0|1|0|0|3|3|0,1|0|0|0|1|0|0|0|2,-165.0,145.0,-145.0,130.0,1.5,9.5,sbro,,,,,JSHIELDS-R,TMATZEK-L,,,,,,,,
2014,2014-08-19,NYM,OAK,2.0,6.0,False,0|0|0|1|0|0|1|0|0,0|0|0|4|0|0|0|2|x,170.0,-200.0,200.0,-240.0,-1.5,7.0,sbro,,,,,DGEE-R,SKAZMIR-L,,,,,,,,
2014,2014-08-20,ATL,PIT,2.0,3.0,False,1|0|0|0|0|1|0|0|0,0|0|0|0|0|0|0|2|1,105.0,-125.0,104.0,-114.0,-1.5,7.0,sbro,,,,,AWOOD-L,GCOLE-R,,,,,,,,
2014,2014-08-20,ARI,WAS,2.0,3.0,False,0|0|0|0|0|0|0|2|0,0|1|0|0|0|1|0|0|1,170.0,-200.0,158.0,-178.0,-1.5,7.0,sbro,,,,,TCAHILL-R,TROARK-R,,,,,,,,
2014,2014-08-20,CIN,STL,3.0,7.0,False,0|0|0|0|0|0|0|0|3,0|0|1|0|3|1|0|2|x,100.0,-120.0,-105.0,-105.0,-1.5,6.5,sbro,,,,,JCUETO-R,LLYNN-R,,,,,,,,
2014,2014-08-20,SFO,CUB,8.0,3.0,False,4|0|3|1|0|0|0|0|0,0|2|0|0|0|0|0|1|0,-125.0,105.0,-129.0,119.0,1.5,8.5,sbro,,,,,JPEAVY-R,EJACKSON-R,,,,,,,,
2014,2014-08-20,SDG,LOS,4.0,1.0,False,0|3|0|1|0|0|0|0|0,0|0|1|0|0|0|0|0|0,125.0,-145.0,122.0,-137.0,-1.5,7.5,sbro,,,,,ESTULTS-L,RHERNANDZ-R,,,,,,,,
2014,2014-08-20,HOU,NYY,5.0,2.0,False,0|0|0|1|0|0|4|0|0,0|0|0|1|1|0|0|0|0,170.0,-190.0,185.0,-215.0,-1.5,8.5,sbro,,,,,SFELDMAN-R,MPINEDA-R,,,,,,,,
2014,2014-08-20,DET,TAM,6.0,0.0,False,1|0|0|0|0|0|5|0|0,0|0|0|0|0|0|0|0|0,110.0,-130.0,118.0,-128.0,-1.5,7.0,sbro,,,,,RPORCELLO-R,JODORIZZI-R,,,,,,,,
2014,2014-08-20,LAA,BOS,8.0,3.0,False,0|0|0|1|5|0|1|0|1,1|1|1|0|0|0|0|0|0,-145.0,125.0,-125.0,115.0,1.5,8.5,sbro,,,,,GRICHARDS-R,CBUCHHOLZ-R,,,,,,,,
2014,2014-08-20,CLE,MIN,5.0,0.0,False,0|1|0|2|0|0|1|0|1,0|0|0|0|0|0|0|0|0,-120.0,100.0,-111.0,101.0,1.5,8.5,sbro,,,,,THOUSE-L,RNOLASCO-R,,,,,,,,
2014,2014-08-20,BAL,CWS,4.0,3.0,False,0|0|0|3|0|1|0|0|0,2|0|0|0|0|1|0|0|0,-150.0,130.0,-155.0,140.0,1.5,8.5,sbro,,,,,WCHEN-L,HNOESI-R,,,,,,,,
2014,2014-08-20,TEX,MIA,5.0,4.0,False,3|2|0|0|0|0|0|0|0,0|0|0|2|0|0|0|0|2,150.0,-170.0,133.0,-148.0,-1.5,7.5,sbro,,,,,NMARTINEZ-R,NEOVALDI-R,,,,,,,,
2014,2014-08-20,SEA,PHI,3.0,4.0,False,0|1|0|2|0|0|0|0|0,0|0|1|3|0|0|0|0|x,120.0,-140.0,111.0,-121.0,-1.5,6.5,sbro,,,,,JPAXTON-L,CHAMELS-L,,,,,,,,
2014,2014-08-20,TOR,MIL,9.0,5.0,False,0|0|0|0|2|5|0|0|2,0|1|0|1|1|2|0|0|0,120.0,-140.0,109.0,-119.0,-1.5,8.5,sbro,,,,,RDICKEY-R,JNELSON-R,,,,,,,,
2014,2014-08-20,NYM,OAK,8.0,5.0,False,0|0|5|2|1|0|0|0|0,0|0|2|2|0|0|0|1|0,170.0,-190.0,170.0,-190.0,-1.5,7.0,sbro,,,,,ZWHEELER-R,SAMARDZIJA-R,,,,,,,,
2014,2014-08-20,KAN,COL,2.0,5.0,False,0|1|0|1|0|0|0|0|0,0|0|0|1|0|4|0|0|x,-130.0,110.0,-110.0,100.0,1.5,9.5,sbro,,,,,DDUFFY-L,JDELAROSA-L,,,,,,,,
2014,2014-08-21,ARI,WAS,0.0,1.0,False,0|0|0|0|0|0|0|0|0,0|0|0|0|0|0|0|0|1,170.0,-190.0,174.0,-204.0,-1.5,7.5,sbro,,,,,WMILEY-L,GGONZALEZ-L,,,,,,,,
2014,2014-08-21,ATL,CIN,8.0,0.0,False,0|1|5|1|1|0|0|0|0,0|0|0|0|0|0|0|0|0,-148.0,128.0,-184.0,164.0,1.5,8.0,sbro,,,,,JTEHERAN-R,DHOLMBERG-L,,,,,,,,
2014,2014-08-21,SFO,CUB,5.0,3.0,False,1|0|1|1|1|0|1|0|0,3|0|0|0|0|0|0|0|0,-150.0,130.0,-171.0,151.0,1.5,8.5,sbro,,,,,BUMGARNER-L,TWOOD-L,,,,,,,,
2014,2014-08-21,SDG,LOS,1.0,2.0,False,0|0|0|0|0|0|1|0|0,0|0|0|0|0|0|0|2|x,140.0,-160.0,205.0,-245.0,-1.5,5.5,sbro,,,,,TROSS-R,CKERSHAW-L,,,,,,,,
2014,2014-08-21,HOU,NYY,0.0,3.0,False,0|0|0|0|0|0|0|0|0,0|3|0|0|0|0|0|0|x,145.0,-165.0,151.0,-171.0,-1.5,7.5,sbro,,,,,DKEUCHEL-L,BMCCARTHY-R,,,,,,,,
2014,2014-08-21,CLE,MIN,1.0,4.0,False,0|0|0|0|1|0|0|0|0,0|0|0|1|0|2|0|1|x,-150.0,130.0,-140.0,125.0,1.5,7.0,sbro,,,,,CKLUBER-R,PHUGHES-R,,,,,,,,
2014,2014-08-21,DET,TAM,0.0,1.0,False,0|0|0|0|0|0|0|0|0,1|0|0|0|0|0|0|0|x,-125.0,105.0,-101.0,-109.0,-1.5,6.5,sbro,,,,,DPRICE-L,ACOBB-R,,,,,,,,
2014,2014-08-21,LAA,BOS,2.0,0.0,False,1|0|0|0|0|0|1|0|0,0|0|0|0|0|0|0|0|0,-125.0,105.0,-130.0,115.0,1.5,9.0,sbro,,,,,SHOEMAKER-R,RDELAROSA-R,,,,,,,,
2014,2014-08-22,STL,PHI,4.0,5.0,False,3|0|1|0|0|0|0|0|0,1|0|4|0|0|0|0|0|x,-175.0,155.0,-162.0,147.0,1.5,7.5,sbro,,,,,WAINWRIGHT-R,KKENDRICK-R,,,,,,,,
2014,2014-08-22,SFO,WAS,10.0,3.0,False,0|0|0|3|0|1|0|2|4,1|0|0|1|0|0|0|0|1,140.0,-160.0,132.0,-147.0,-1.5,7.0,sbro,,,,,THUDSON-R,DFISTER-R,,,,,,,,
2014,2014-08-22,ATL,CIN,3.0,1.0,False,0|0|1|0|0|0|0|0|0,0|0|0|0|0|0|0|1|0,115.0,-135.0,-102.0,-108.0,-1.5,7.5,sbro,,,,,MMINOR-L,MLATOS-R,,,,,,,,
2014,2014-08-22,PIT,MIL,8.0,3.0,False,0|3|1|1|1|0|0|2|0,2|0|0|0|0|0|0|1|0,145.0,-165.0,138.0,-153.0,-1.5,8.5,sbro,,,,,JLOCKE-L,YGALLARDO-R,,,,,,,,
2014,2014-08-22,MIA,COL,13.0,5.0,False,0|2|2|0|2|0|1|0|6,0|0|2|0|2|0|0|0|1,-135.0,115.0,-120.0,110.0,1.5,10.5,sbro,,,,,HALVAREZ-R,FMORALES-L,,,,,,,,
2014,2014-08-22,SDG,ARI,1.0,5.0,False,0|0|0|0|0|0|0|0|1,3|1|0|0|0|0|0|1|x,100.0,-120.0,110.0,-120.0,-1.5,8.5,sbro,,,,,DESPAIGNE-R,COLLMENTER-R,,,,,,,,
2014,2014-08-22,NYM,LOS,2.0,6.0,False,1|0|0|0|0|0|0|0|1,0|0|1|0|1|0|3|1|x,120.0,-140.0,118.0,-128.0,-1.5,7.5,sbro,,,,,JNIESE-L,DHAREN-R,,,,,,,,
2014,2014-08-22,HOU,CLE,5.0,1.0,False,0|0|0|0|1|0|0|0|4,0|0|0|0|1|0|0|0|0,180.0,-210.0,188.0,-218.0,-1.5,8.5,sbro,,,,,BPEACOCK-R,CCARRASCO-R,,,,,,,,
2014,2014-08-22,CWS,NYY,3.0,4.0,False,3|0|0|0|0|0|0|0|0,0|0|2|0|1|0|0|0|1,165.0,-185.0,171.0,-191.0,-1.5,8.0,sbro,,,,,JDANKS-L,SGREENE-R,,,,,,,,
2014,2014-08-22,TAM,TOR,8.0,0.0,False,0|1|0|1|1|4|0|1|0,0|0|0|0|0|0|0|0|0,120.0,-140.0,109.0,-119.0,-1.5,8.5,sbro,,,,,DSMYLY-L,MSTROMAN-R,,,,,,,,
2014,2014-08-22,SEA,BOS,5.0,3.0,False,0|0|0|0|0|0|0|0|5,0|0|0|0|0|3|0|0|0,-160.0,140.0,-180.0,160.0,1.5,7.5,sbro,,,,,FHERNANDZ-R,JKELLY-R,,,,,,,,
2014,2014-08-22,KAN,TEX,6.0,3.0,False,0|3|0|1|0|0|1|0|1,1|0|0|0|0|0|2|0|0,-140.0,120.0,-130.0,115.0,1.5,9.0,sbro,,,,,YVENTURA-R,CLEWIS-R,,,,,,,,
2014,2014-08-22,DET,MIN,6.0,20.0,False,1|0|0|0|4|0|0|1|0,0|6|0|0|0|9|2|3|x,-105.0,-105.0,-105.0,-105.0,-1.5,9.0,sbro,,,,,RRAY-L,TMILONE-L,,,,,,,,
2014,2014-08-22,LAA,OAK,3.0,5.0,False,1|0|0|1|0|0|0|0|1,1|0|0|0|1|2|0|1|x,140.0,-160.0,135.0,-150.0,-1.5,7.5,sbro,,,,,HSANTIAGO-L,SGRAY-R,,,,,,,,
2014,2014-08-22,BAL,CUB,1.0,4.0,False,0|0|0|0|0|0|1|0|0,0|0|0|2|1|0|1|0|x,105.0,-125.0,-103.0,-107.0,-1.5,7.5,sbro,,,,,KGAUSMAN-R,JARRIETA-R,,,,,,,,
2014,2014-08-23,SFO,WAS,2.0,6.0,False,2|0|0|0|0|0|0|0|0,2|3|1|0|0|0|0|0|x,170.0,-200.0,171.0,-191.0,-1.5,7.5,sbro,,,,,TLINCECUM-R,JZIMMERMN-R,,,,,,,,
2014,2014-08-23,STL,PHI,6.0,5.0,False,0|1|0|0|1|3|0|0|0,0|0|0|2|0|1|0|2|0,-128.0,108.0,-116.0,106.0,1.5,8.0,sbro,,,,,SMILLER-R,DBUCHANAN-R,,,,,,,,
2014,2014-08-23,PIT,MIL,10.0,2.0,False,0|0|0|3|5|1|0|1|0,0|1|1|0|0|0|0|0|0,125.0,-145.0,115.0,-125.0,-1.5,8.5,sbro,,,,,EVOLQUEZ-R,WPERALTA-R,,,,,,,,
2014,2014-08-23,ATL,CIN,0.0,1.0,False,0|0|0|0|0|0|0|0|0,0|0|0|0|0|1|0|0|x,-125.0,105.0,-125.0,115.0,1.5,7.5,sbro,,,,,ESANTANA-R,MLEAKE-R,,,,,,,,
2014,2014-08-23,MIA,COL,4.0,5.0,False,0|0|1|1|1|0|0|0|1,0|0|3|0|0|0|0|0|1,-110.0,-110.0,-101.0,-109.0,-1.5,10.5,sbro,,,,,TKOEHLER-R,JLYLES-R,,,,,,,,
2014,2014-08-23,SDG,ARI,2.0,5.0,False,0|0|0|0|0|0|0|2|0,1|1|0|0|0|0|0|3|x,-125.0,105.0,-113.0,103.0,1.5,7.5,sbro,,,,,ACASHNER-R,VNUNO-L,,,,,,,,
2014,2014-08-23,NYM,LOS,4.0,7.0,False,0|0|0|3|0|1|0|0|0,0|0|0|2|3|0|2|0|x,140.0,-160.0,142.0,-157.0,-1.5,6.5,sbro,,,,,JDEGROM-R,ZGREINKE-R,,,,,,,,
2014,2014-08-23,TAM,TOR,4.0,5.0,False,0|0|1|0|0|0|2|0|1,0|0|2|0|0|0|2|0|0,100.0,-120.0,105.0,-115.0,-1.5,9.0,sbro,,,,,HELLICKSON-R,MBUEHRLE-L,,,,,,,,
2014,2014-08-23,CWS,NYY,3.0,5.0,False,0|1|0|0|1|0|1|0|0,0|1|0|2|0|2|0|0|x,170.0,-190.0,205.0,-235.0,-1.5,9.0,sbro,,,,,SCARROLL-R,HKURODA-R,,,,,,,,
2014,2014-08-23,DET,MIN,4.0,12.0,False,0|1|0|0|3|0|0|0|0,1|6|2|0|0|0|3|0|x,-120.0,100.0,106.0,-116.0,-1.5,9.0,sbro,,,,,BFARMER-R,YPINO-R,,,,,,,,
2014,2014-08-23,DET,MIN,8.0,6.0,False,0|1|1|0|1|2|2|1|0,0|1|3|0|0|0|1|0|1,-160.0,140.0,-131.0,116.0,1.5,9.0,sbro,,,,,VERLANDER-R,TMAY-R,,,,,,,,
2014,2014-08-23,SEA,BOS,7.0,3.0,False,0|0|0|7|0|0|0|0|0,1|1|1|0|0|0|0|0|0,-120.0,100.0,115.0,-125.0,-1.5,8.5,sbro,,,,,CYOUNG-R,BWORKMAN-R,,,,,,,,
2014,2014-08-23,HOU,CLE,2.0,3.0,False,0|0|2|0|0|0|0|0|0,0|0|1|1|0|0|0|0|1,140.0,-160.0,131.0,-146.0,-1.5,7.5,sbro,,,,,CMCHUGH-R,DSALAZAR-R,,,,,,,,
2014,2014-08-23,KAN,TEX,6.0,3.0,False,1|0|0|0|3|0|2|0|0,1|0|0|0|0|0|0|0|2,-120.0,100.0,-120.0,110.0,1.5,9.0,sbro,,,,,JGUTHRIE-R,NTEPESCH-R,,,,,,,,
2014,2014-08-23,LAA,OAK,1.0,2.0,False,0|0|0|0|0|0|1|0|0,0|1|0|0|0|0|0|1|x,145.0,-165.0,150.0,-170.0,-1.5,7.0,sbro,,,,,CWILSON-L,JLESTER-L,,,,,,,,
2014,2014-08-23,BAL,CUB,2.0,7.0,False,1|1|0|0|0|0|0|0|0,0|4|0|0|0|1|1|1|x,-112.0,-108.0,-110.0,100.0,1.5,7.0,sbro,,,,,BNORRIS-R,KHENDRICK-R,,,,,,,,
2014,2014-08-24,ATL,CIN,3.0,5.0,False,0|0|0|0|0|0|1|0|2,0|0|0|3|0|1|1|0|x,-120.0,100.0,-113.0,103.0,1.5,7.5,sbro,,,,,AHARANG-R,ASIMON-R,,,,,,,,
2014,2014-08-24,STL,PHI,1.0,7.0,False,0|0|0|1|0|0|0|0|0,1|2|2|0|0|0|2|0|x,-135.0,115.0,-124.0,114.0,1.5,8.5,sbro,,,,,MASTERSON-R,JWILLIAMS-R,,,,,,,,
2014,2014-08-24,SFO,WAS,6.0,14.0,False,1|1|3|0|0|1|0|0|0,0|0|0|2|0|6|1|5|x,160.0,-180.0,142.0,-157.0,-1.5,7.0,sbro,,,,,VOGELSONG-R,STRASBURG-R,,,,,,,,
2014,2014-08-24,PIT,MIL,3.0,4.0,False,0|2|0|0|0|0|0|0|1,2|2|0|0|0|0|0|0|x,130.0,-150.0,116.0,-131.0,-1.5,8.5,sbro,,,,,VWORLEY-R,MFIERS-R,,,,,,,,
2014,2014-08-24,NYM,LOS,11.0,3.0,False,0|2|5|0|0|0|3|0|1,1|0|0|0|0|1|0|1|0,115.0,-135.0,104.0,-114.0,-1.5,8.0,sbro,,,,,BCOLON-R,KCORREIA-R,,,,,,,,
2014,2014-08-24,MIA,COL,4.0,7.0,False,0|2|0|0|0|0|2|0|0,3|0|0|0|1|1|2|0|x,-125.0,105.0,107.0,-117.0,-1.5,11.0,sbro,,,,,BHAND-L,CBERGMAN-R,,,,,,,,
2014,2014-08-24,SDG,ARI,7.0,4.0,False,2|0|0|0|3|0|0|2|0,0|0|0|0|2|1|0|1|0,-120.0,100.0,-110.0,100.0,1.5,7.5,sbro,,,,,IKENNEDY-R,CANDERSON-R,,,,,,,,
2014,2014-08-24,HOU,CLE,1.0,3.0,False,0|0|0|0|0|0|0|1|0,0|0|1|1|0|0|1|0|x,140.0,-160.0,129.0,-144.0,-1.5,7.5,sbro,,,,,OBERHOLTZR-L,TBAUER-R,,,,,,,,
2014,2014-08-24,TAM,TOR,2.0,1.0,False,1|0|0|0|0|0|0|0|0,0|0|0|0|0|0|1|0|0,-125.0,105.0,100.0,-110.0,-1.5,8.5,sbro,,,,,CARCHER-R,HUTCHISON-R,,,,,,,,
2014,2014-08-24,CWS,NYY,4.0,7.0,False,1|0|0|0|0|2|0|0|1,0|0|0|0|0|4|0|0|0,-140.0,120.0,-111.0,101.0,1.5,7.0,sbro,,,,,CSALE-L,CCAPUANO-L,,,,,,,,
2014,2014-08-24,SEA,BOS,8.0,6.0,False,3|0|0|1|2|0|0|1|1,3|0|2|0|0|0|0|1|0,-150.0,130.0,-150.0,135.0,1.5,8.5,sbro,,,,,HIWAKUMA-R,AWEBSTER-R,,,,,,,,
2014,2014-08-24,DET,MIN,13.0,4.0,False,0|0|3|0|2|2|2|4|0,0|0|3|0|0|0|1|0|0,-170.0,150.0,-140.0,125.0,1.5,7.5,sbro,,,,,MSCHERZER-R,KGIBSON-R,,,,,,,,
2014,2014-08-24,KAN,TEX,1.0,3.0,False,0|0|0|1|0|0|0|0|0,1|1|1|0|0|0|0|0|x,-161.0,141.0,-160.0,145.0,1.5,9.0,sbro,,,,,JVARGAS-L,SBAKER-R,,,,,,,,
2014,2014-08-24,LAA,OAK,9.0,4.0,False,0|3|2|3|0|1|0|0|0,0|0|0|0|0|0|3|0|1,130.0,-150.0,107.0,-117.0,-1.5,7.5,sbro,,,,,JWEAVER-R,SKAZMIR-L,,,,,,,,
2014,2014-08-24,BAL,CUB,1.0,2.0,False,0|0|0|0|0|0|1|0|0,0|0|0|0|1|1|0|0|x,-114.0,-106.0,-115.0,105.0,1.5,8.0,sbro,,,,,MGONZALEZ-R,TWADA-L,,,,,,,,
2014,2014-08-25,WAS,PHI,2.0,3.0,False,0|0|0|0|0|1|0|0|1,0|0|0|1|1|0|1|0|x,-150.0,130.0,-126.0,116.0,1.5,8.0,sbro,,,,,TROARK-R,ABURNETT-R,,,,,,,,
2014,2014-08-25,STL,PIT,3.0,2.0,False,0|0|0|0|0|0|3|0|0,0|1|0|0|0|0|0|0|1,110.0,-130.0,126.0,-141.0,-1.5,7.5,sbro,,,,,JLACKEY-R,FLIRIANO-L,,,,,,,,
2014,2014-08-25,MIL,SDG,10.0,1.0,False,1|0|2|0|1|3|1|0|2,0|1|0|0|0|0|0|0|0,-130.0,110.0,-140.0,125.0,1.5,7.0,sbro,,,,,KLOHSE-R,ESTULTS-L,,,,,,,,
2014,2014-08-25,COL,SFO,3.0,2.0,False,1|0|0|2|0|0|0|0|0,1|1|0|0|0|0|0|0|0,180.0,-210.0,170.0,-200.0,-1.5,7.5,sbro,,,,,TMATZEK-L,JPEAVY-R,,,,,,,,
2014,2014-08-25,TAM,BAL,1.0,9.0,False,0|0|1|0|0|0|0|0|0,0|0|3|0|6|0|0|0|x,115.0,-135.0,101.0,-111.0,-1.5,7.5,sbro,,,,,JODORIZZI-R,CTILLMAN-R,,,,,,,,
2014,2014-08-25,BOS,TOR,4.0,3.0,False,0|0|0|0|3|0|0|0|0,0|0|0|0|0|0|0|0|3,115.0,-135.0,108.0,-118.0,-1.5,9.0,sbro,,,,,CBUCHHOLZ-R,JHAPP-L,,,,,,,,
2014,2014-08-25,OAK,HOU,8.0,2.0,False,0|0|1|2|0|0|0|0|5,0|0|0|0|0|0|0|2|0,-175.0,155.0,-170.0,150.0,1.5,8.5,sbro,,,,,SAMARDZIJA-R,SFELDMAN-R,,,,,,,,
2014,2014-08-25,NYY,KAN,8.0,1.0,False,0|0|1|1|0|0|4|0|2,0|0|1|0|0|0|0|0|0,115.0,-135.0,115.0,-130.0,-1.5,7.5,sbro,,,,,MPINEDA-R,JSHIELDS-R,,,,,,,,
2014,2014-08-25,TEX,SEA,2.0,0.0,False,0|0|0|1|0|0|1|0|0,0|0|0|0|0|0|0|0|0,170.0,-190.0,160.0,-180.0,-1.5,8.0,sbro,,,,,MMIKOLAS-R,RELIAS-L,,,,,,,,
2014,2014-08-25,MIA,LAA,7.0,1.0,False,0|0|3|4|0|0|0|0|0,0|0|0|0|0|0|0|1|0,140.0,-160.0,153.0,-168.0,-1.5,8.5,sbro,,,,,JCOSART-R,WLEBLANC-L,,,,,,,,
2014,2014-08-26,STL,PIT,2.0,5.0,False,0|0|0|0|0|0|2|0|0,0|0|0|1|1|0|0|3|x,114.0,-134.0,115.0,-130.0,-1.5,7.5,sbro,,,,,LLYNN-R,GCOLE-R,,,,,,,,
2014,2014-08-26,WAS,PHI,3.0,4.0,False,0|0|0|0|0|0|2|1|0,0|0|0|0|2|1|0|1|x,-114.0,-106.0,-108.0,-102.0,1.5,7.0,sbro,,,,,GGONZALEZ-L,CHAMELS-L,,,,,,,,
2014,2014-08-26,ATL,NYM,2.0,3.0,False,0|0|0|1|0|0|1|0|0,0|1|0|2|0|0|0|0|x,-133.0,113.0,-150.0,135.0,1.5,7.0,sbro,,,,,AWOOD-L,DGEE-R,,,,,,,,
2014,2014-08-26,CUB,CIN,3.0,0.0,False,1|0|0|0|0|0|2|0|0,0|0|0|0|0|0|0|0|0,175.0,-205.0,156.0,-176.0,-1.5,7.0,sbro,,,,,TWOOD-L,JCUETO-R,,,,,,,,
2014,2014-08-26,LOS,ARI,9.0,5.0,False,2|0|0|6|0|0|1|0|0,0|2|0|1|0|0|0|1|1,-125.0,105.0,-106.0,-104.0,1.5,8.5,sbro,,,,,RHERNANDZ-R,TCAHILL-R,,,,,,,,
2014,2014-08-26,MIL,SDG,1.0,4.0,False,0|0|0|1|0|0|0|0|0,1|0|3|0|0|0|0|0|x,103.0,-123.0,100.0,-110.0,-1.5,6.5,sbro,,,,,JNELSON-R,TROSS-R,,,,,,,,
2014,2014-08-26,COL,SFO,0.0,3.0,False,0|0|0|0|0|0|0|0|0,0|0|0|0|0|2|0|1|x,160.0,-180.0,200.0,-240.0,-1.5,6.5,sbro,,,,,JDELAROSA-L,BUMGARNER-L,,,,,,,,
2014,2014-08-26,BOS,TOR,11.0,7.0,False,3|0|0|0|0|0|1|0|0,0|0|1|1|1|0|1|0|0,115.0,-135.0,140.0,-155.0,-1.5,9.0,sbro,,,,,RDELAROSA-R,RDICKEY-R,,,,,,,,
2014,2014-08-26,NYY,DET,2.0,5.0,False,0|0|0|0|1|0|0|1|0,0|1|1|0|0|2|1|0|x,105.0,-125.0,-110.0,100.0,1.5,8.0,sbro,,,,,BMCCARTHY-R,RPORCELLO-R,,,,,,,,
2014,2014-08-26,TAM,BAL,2.0,4.0,False,1|0|0|0|1|0|0|0|0,0|0|0|2|0|1|1|0|x,-110.0,-110.0,100.0,-110.0,-1.5,7.5,sbro,,,,,ACOBB-R,WCHEN-L,,,,,,,,
2014,2014-08-26,MIN,KAN,1.0,2.0,False,0|0|0|0|0|0|1|0|0,0|0|0|0|0|0|0|0|2,157.0,-177.0,154.0,-174.0,-1.5,8.0,sbro,,,,,RNOLASCO-R,DDUFFY-L,,,,,,,,
2014,2014-08-26,OAK,HOU,2.0,4.0,False,1|0|0|1|0|0|0|0|0,0|0|0|1|0|0|0|3|x,-129.0,109.0,-112.0,102.0,1.5,8.0,sbro,,,,,JHAMMEL-R,DKEUCHEL-L,,,,,,,,
2014,2014-08-26,CLE,CWS,8.0,6.0,False,3|1|0|0|0|2|0|0|0,2|0|0|0|3|0|1|0|0,-109.0,-111.0,139.0,-154.0,-1.5,8.0,sbro,,,,,THOUSE-L,JQUINTANA-L,,,,,,,,
2014,2014-08-26,TEX,SEA,0.0,5.0,False,0|0|0|0|0|0|0|0|0,1|1|0|3|0|0|0|0|x,160.0,-180.0,185.0,-215.0,-1.5,7.5,sbro,,,,,NMARTINEZ-R,JPAXTON-L,,,,,,,,
2014,2014-08-26,MIA,LAA,2.0,8.0,False,0|0|0|0|0|0|0|0|2,1|0|0|5|1|0|1|0|x,149.0,-169.0,160.0,-180.0,-1.5,8.0,sbro,,,,,NEOVALDI-R,SHOEMAKER-R,,,,,,,,
2014,2014-08-27,STL,PIT,1.0,3.0,False,0|0|1|0|0|0|0|0|0,0|2|1|0|0|0|0|0|x,-130.0,110.0,-106.0,-104.0,1.5,7.5,sbro,,,,,WAINWRIGHT-R,JLOCKE-L,,,,,,,,
2014,2014-08-27,WAS,PHI,4.0,8.0,False,2|0|1|0|1|0|0|0|0,2|0|0|0|0|3|2|1|x,-160.0,140.0,-150.0,135.0,1.5,8.0,sbro,,,,,DFISTER-R,KKENDRICK-R,,,,,,,,
2014,2014-08-27,ATL,NYM,3.0,2.0,False,1|0|2|0|0|0|0|0|0,0|1|0|0|0|0|0|1|0,-140.0,120.0,-119.0,109.0,1.5,6.5,sbro,,,,,JTEHERAN-R,ZWHEELER-R,,,,,,,,
2014,2014-08-27,CUB,CIN,5.0,7.0,False,0|2|0|0|0|0|0|3|0,0|2|0|4|0|0|0|1|x,152.0,-172.0,144.0,-159.0,-1.5,7.5,sbro,,,,,JTURNER-R,MLATOS-R,,,,,,,,
2014,2014-08-27,MIL,SDG,2.0,3.0,False,0|0|0|0|0|0|2|0|0,0|0|0|0|0|0|1|0|1,-140.0,120.0,-141.0,126.0,1.5,7.0,sbro,,,,,YGALLARDO-R,DESPAIGNE-R,,,,,,,,
2014,2014-08-27,LOS,ARI,3.0,1.0,False,0|0|3|0|0|0|0|0|0,0|0|0|1|0|0|0|0|0,-205.0,175.0,-230.0,200.0,1.5,7.0,sbro,,,,,CKERSHAW-L,WMILEY-L,,,,,,,,
2014,2014-08-27,COL,SFO,2.0,4.0,False,0|0|0|0|1|0|0|0|1,0|0|0|1|0|0|1|0|2,170.0,-200.0,180.0,-210.0,-1.5,7.0,sbro,,,,,FMORALES-L,THUDSON-R,,,,,,,,
2014,2014-08-27,TEX,SEA,12.0,4.0,False,0|4|4|2|0|2|0|0|0,0|1|0|0|0|2|0|0|1,150.0,-170.0,153.0,-173.0,-1.5,7.5,sbro,,,,,CLEWIS-R,ERAMIREZ-R,,,,,,,,
2014,2014-08-27,TAM,BAL,3.0,1.0,False,2|1|0|0|0|0|0|0|0,0|1|0|0|0|0|0|0|0,105.0,-125.0,-105.0,-105.0,1.5,8.0,sbro,,,,,DSMYLY-L,KGAUSMAN-R,,,,,,,,
2014,2014-08-27,NYY,DET,8.0,4.0,False,0|0|8|0|0|0|0|0|0,0|0|0|1|0|1|0|1|1,150.0,-170.0,147.0,-162.0,-1.5,7.5,sbro,,,,,SGREENE-R,DPRICE-L,,,,,,,,
2014,2014-08-27,BOS,TOR,2.0,5.0,False,0|0|0|0|0|2|0|0|0,1|0|0|0|0|0|4|0|x,120.0,-140.0,125.0,-140.0,-1.5,9.0,sbro,,,,,JKELLY-R,MSTROMAN-R,,,,,,,,
2014,2014-08-27,CLE,CWS,2.0,3.0,False,0|0|1|0|0|0|1|0|0,0|0|2|0|0|0|1|0|x,-180.0,160.0,-180.0,160.0,1.5,7.5,sbro,,,,,CKLUBER-R,HNOESI-R,,,,,,,,
2014,2014-08-27,MIN,KAN,1.0,6.0,False,0|0|0|0|0|0|1|0|0,0|0|0|0|0|0|0|6|x,140.0,-160.0,109.0,-119.0,-1.5,7.5,sbro,,,,,PHUGHES-R,LHENDRIKS-R,,,,,,,,
2014,2014-08-27,OAK,HOU,5.0,4.0,False,0|0|0|0|0|1|1|0|3,0|0|0|0|0|1|2|0|1,-160.0,140.0,-175.0,155.0,1.5,9.0,sbro,,,,,DPOMERANZ-L,BPEACOCK-R,,,,,,,,
2014,2014-08-27,MIA,LAA,1.0,6.0,False,0|0|1|0|0|0|0|0|0,0|0|3|1|0|0|1|1|x,130.0,-150.0,136.0,-151.0,-1.5,8.0,sbro,,,,,HALVAREZ-R,HSANTIAGO-L,,,,,,,,
2014,2014-08-28,CUB,CIN,2.0,7.0,False,0|0|0|0|0|0|0|0|2,0|3|0|3|0|1|0|0|x,-130.0,110.0,102.0,-112.0,1.5,7.0,sbro,,,,,JARRIETA-R,DAXELROD-R,,,,,,,,
2014,2014-08-28,COL,SFO,1.0,4.0,False,0|0|1|0|0|0|0|0|0,0|2|0|0|0|1|0|1|x,155.0,-175.0,170.0,-200.0,-1.5,7.0,sbro,,,,,JLYLES-R,YPETIT-R,,,,,,,,
2014,2014-08-28,ATL,NYM,6.0,1.0,False,0|1|0|0|0|0|0|2|3,0|0|0|0|0|0|0|1|0,-120.0,100.0,-108.0,-102.0,1.5,7.0,sbro,,,,,MMINOR-L,JNIESE-L,,,,,,,,
2014,2014-08-28,NYY,DET,2.0,3.0,False,0|0|1|1|0|0|0|0|0,0|1|0|0|1|0|0|0|1,-120.0,100.0,-124.0,114.0,1.5,8.5,sbro,,,,,HKURODA-R,KLOBSTEIN-L,,,,,,,,
2014,2014-08-28,TAM,BAL,4.0,5.0,False,2|0|0|0|2|0|0|0|0,2|0|0|0|2|0|1|0|x,100.0,-120.0,114.0,-124.0,-1.5,8.0,sbro,,,,,HELLICKSON-R,BNORRIS-R,,,,,,,,
2014,2014-08-28,MIN,KAN,11.0,5.0,False,2|0|0|2|0|1|0|0|0,2|0|0|1|1|0|1|0|0,130.0,-150.0,152.0,-167.0,-1.5,8.0,sbro,,,,,TMILONE-L,JGUTHRIE-R,,,,,,,,
2014,2014-08-28,CLE,CWS,3.0,2.0,False,1|0|0|0|0|1|1|0|0,0|0|1|0|0|0|0|1|0,-150.0,130.0,-118.0,108.0,1.5,8.0,sbro,,,,,CCARRASCO-R,JDANKS-L,,,,,,,,
2014,2014-08-28,TEX,HOU,2.0,4.0,False,1|0|1|0|0|0|0|0|0,0|0|0|0|4|0|0|0|x,125.0,-145.0,125.0,-140.0,-1.5,8.0,sbro,,,,,NTEPESCH-R,CMCHUGH-R,,,,,,,,
2014,2014-08-28,OAK,LAA,3.0,4.0,False,0|0|0|0|2|1|0|0|0,0|3|0|0|0|0|0|0|0,-120.0,100.0,-102.0,-108.0,-1.5,8.0,sbro,,,,,SGRAY-R,CWILSON-L,,,,,,,,
2014,2014-08-29,CIN,PIT,1.0,2.0,False,0|0|0|0|0|0|0|1|0,0|0|0|0|0|0|0|2|x,130.0,-150.0,126.0,-141.0,-1.5,7.5,sbro,,,,,MLEAKE-R,EVOLQUEZ-R,,,,,,,,
2014,2014-08-29,PHI,NYM,1.0,4.0,False,0|0|0|0|0|0|1|0|0,0|0|0|1|0|0|3|0|x,130.0,-150.0,132.0,-147.0,-1.5,7.0,sbro,,,,,DBUCHANAN-R,JDEGROM-R,,,,,,,,
2014,2014-08-29,MIA,ATL,2.0,5.0,False,0|0|0|0|0|1|1|0|0,0|0|0|0|0|2|3|0|x,140.0,-160.0,150.0,-170.0,-1.5,7.0,sbro,,,,,TKOEHLER-R,ESANTANA-R,,,,,,,,
2014,2014-08-29,CUB,STL,7.0,2.0,False,0|1|0|0|0|0|1|4|1,2|0|0|0|0|0|0|0|0,120.0,-140.0,135.0,-150.0,-1.5,8.0,sbro,,,,,KHENDRICK-R,SMILLER-R,,,,,,,,
2014,2014-08-29,COL,ARI,2.0,5.0,False,0|0|0|0|0|0|1|1|0,0|0|0|0|0|1|0|4|x,125.0,-145.0,136.0,-151.0,-1.5,8.5,sbro,,,,,CBERGMAN-R,COLLMENTER-R,,,,,,,,
2014,2014-08-29,LOS,SDG,2.0,3.0,False,0|0|1|0|0|0|0|1|0,0|1|0|1|0|0|0|0|0,100.0,-120.0,-101.0,-109.0,-1.5,7.0,sbro,,,,,DHAREN-R,ACASHNER-R,,,,,,,,
2014,2014-08-29,MIL,SFO,2.0,13.0,False,0|1|0|0|1|0|0|0|0,3|2|1|2|5|0|0|0|x,-105.0,-115.0,105.0,-115.0,-1.5,7.0,sbro,,,,,WPERALTA-R,VOGELSONG-R,,,,,,,,
2014,2014-08-29,MIN,BAL,1.0,9.0,False,0|0|0|0|0|0|1|0|0,0|0|0|5|3|1|0|0|x,170.0,-190.0,153.0,-173.0,-1.5,8.5,sbro,,,,,TMAY-R,MGONZALEZ-R,,,,,,,,
2014,2014-08-29,NYY,TOR,6.0,3.0,False,0|0|0|0|0|0|5|0|1,0|0|0|1|0|0|2|0|0,105.0,-125.0,111.0,-121.0,-1.5,8.5,sbro,,,,,CCAPUANO-L,MBUEHRLE-L,,,,,,,,
2014,2014-08-29,BOS,TAM,8.0,4.0,False,3|5|0|0|0|0|0|0|0,0|1|0|0|2|0|0|0|1,140.0,-160.0,152.0,-172.0,-1.5,7.5,sbro,,,,,ARANAUDO-R,CARCHER-R,,,,,,,,
2014,2014-08-29,DET,CWS,7.0,1.0,False,0|0|2|5|0|0|0|0|0,1|0|0|0|0|0|0|0|0,-160.0,140.0,-140.0,125.0,1.5,9.0,sbro,,,,,VERLANDER-R,SCARROLL-R,,,,,,,,
2014,2014-08-29,CLE,KAN,6.0,1.0,False,0|1|3|0|0|0|0|0|2,0|0|0|0|0|0|0|0|1,115.0,-135.0,125.0,-140.0,-1.5,7.5,sbro,,,,,DSALAZAR-R,JVARGAS-L,,,,,,,,
2014,2014-08-29,TEX,HOU,13.0,6.0,False,1|0|1|4|1|1|5|0|0,1|0|0|0|0|0|1|1|3,120.0,-140.0,116.0,-126.0,-1.5,8.5,sbro,,,,,SBAKER-R,OBERHOLTZR-L,,,,,,,,
2014,2014-08-29,OAK,LAA,0.0,4.0,False,0|0|0|0|0|0|0|0|0,0|0|0|0|2|1|1|0|x,-120.0,100.0,-114.0,104.0,1.5,7.0,sbro,,,,,JLESTER-L,JWEAVER-R,,,,,,,,
2014,2014-08-29,WAS,SEA,8.0,3.0,False,1|0|2|2|0|0|0|2|1,2|0|0|0|0|0|0|0|1,140.0,-160.0,149.0,-164.0,-1.5,6.0,sbro,,,,,JZIMMERMN-R,FHERNANDZ-R,,,,,,,,
2014,2014-08-30,CUB,STL,5.0,1.0,False,0|2|0|2|1|0|0|0|0,0|1|0|0|0|0|0|0|0,140.0,-160.0,160.0,-180.0,-1.5,7.5,sbro,,,,,FDOUBRONT-L,MASTERSON-R,,,,,,,,
2014,2014-08-30,CUB,STL,2.0,13.0,False,1|0|0|0|0|0|0|0|1,1|0|0|0|3|0|0|9|x,105.0,-125.0,117.0,-127.0,-1.5,7.5,sbro,,,,,TWADA-L,MGONZALES-L,,,,,,,,
2014,2014-08-30,CIN,PIT,2.0,3.0,False,0|0|0|1|0|0|1|0|0,3|0|0|0|0|0|0|0|x,110.0,-130.0,129.0,-144.0,-1.5,8.0,sbro,,,,,ASIMON-R,VWORLEY-R,,,,,,,,
2014,2014-08-30,MIA,ATL,4.0,0.0,False,1|0|1|0|1|1|0|0|0,0|0|0|0|0|0|0|0|0,115.0,-135.0,117.0,-132.0,-1.5,7.5,sbro,,,,,JCOSART-R,AHARANG-R,,,,,,,,
2014,2014-08-30,PHI,NYM,7.0,2.0,False,0|0|0|0|1|5|0|0|1,0|0|0|0|0|0|2|0|0,140.0,-160.0,142.0,-157.0,-1.5,7.0,sbro,,,,,JWILLIAMS-R,BCOLON-R,,,,,,,,
2014,2014-08-30,COL,ARI,2.0,0.0,False,0|1|0|0|0|0|0|0|1,0|0|0|0|0|0|0|0|0,130.0,-150.0,117.0,-132.0,-1.5,8.0,sbro,,,,,TMATZEK-L,VNUNO-L,,,,,,,,
2014,2014-08-30,LOS,SDG,1.0,2.0,False,0|0|0|0|0|1|0|0|0,0|0|1|0|0|0|0|0|0,-125.0,105.0,-140.0,125.0,1.5,6.5,sbro,,,,,ZGREINKE-R,IKENNEDY-R,,,,,,,,
2014,2014-08-30,MIL,SFO,1.0,3.0,False,0|0|0|0|0|0|0|0|1,0|0|0|3|0|0|0|0|x,-114.0,-106.0,-107.0,-103.0,1.5,7.0,sbro,,,,,MFIERS-R,JPEAVY-R,,,,,,,,
2014,2014-08-30,NYY,TOR,0.0,2.0,False,0|0|0|0|0|0|0|0|0,2|0|0|0|0|0|0|0|x,-125.0,105.0,-113.0,103.0,1.5,8.5,sbro,,,,,MPINEDA-R,HUTCHISON-R,,,,,,,,
2014,2014-08-30,DET,CWS,3.0,6.0,False,3|0|0|0|0|0|0|0|0,1|0|4|1|0|0|0|0|x,-115.0,-105.0,111.0,-121.0,-1.5,7.0,sbro,,,,,MSCHERZER-R,CSALE-L,,,,,,,,
2014,2014-08-30,DET,CWS,8.0,4.0,False,0|0|2|3|0|0|0|0|3,0|0|0|0|0|0|0|4|0,-120.0,100.0,-110.0,100.0,1.5,9.5,sbro,,,,,KRYAN-L,CBASSITT-R,,,,,,,,
2014,2014-08-30,MIN,BAL,2.0,3.0,False,0|0|0|0|1|0|1|0|0,0|0|0|1|0|1|1|0|x,155.0,-175.0,130.0,-145.0,-1.5,8.0,sbro,,,,,KGIBSON-R,CTILLMAN-R,,,,,,,,
2014,2014-08-30,BOS,TAM,0.0,7.0,False,0|0|0|0|0|0|0|0|0,0|3|0|1|3|0|0|0|x,140.0,-160.0,147.0,-162.0,-1.5,7.5,sbro,,,,,AWEBSTER-R,JODORIZZI-R,,,,,,,,
2014,2014-08-30,CLE,KAN,3.0,2.0,False,0|0|0|1|0|0|0|0|0,0|0|0|0|0|0|0|1|0,140.0,-160.0,129.0,-144.0,-1.5,7.5,sbro,,,,,TBAUER-R,JSHIELDS-R,,,,,,,,
2014,2014-08-30,TEX,HOU,0.0,2.0,False,0|0|0|0|0|0|0|0|0,0|0|0|0|0|0|2|0|x,115.0,-135.0,105.0,-115.0,-1.5,8.5,sbro,,,,,RROSS-L,SFELDMAN-R,,,,,,,,
2014,2014-08-30,OAK,LAA,0.0,2.0,False,0|0|0|0|0|0|0|0|0,0|0|0|2|0|0|0|0|x,-130.0,110.0,-118.0,108.0,1.5,8.0,sbro,,,,,SAMARDZIJA-R,CRASMUS-R,,,,,,,,
2014,2014-08-30,WAS,SEA,3.0,1.0,False,2|0|0|0|1|0|0|0|0,0|0|0|0|0|0|0|1|0,-135.0,115.0,-118.0,108.0,1.5,6.5,sbro,,,,,STRASBURG-R,RELIAS-L,,,,,,,,
2014,2014-08-31,PHI,NYM,5.0,6.0,False,0|0|0|1|0|1|1|1|1,0|0|0|0|2|3|0|1|x,115.0,-135.0,-105.0,-105.0,1.5,7.0,sbro,,,,,ABURNETT-R,DGEE-R,,,,,,,,
2014,2014-08-31,CIN,PIT,3.0,2.0,False,0|0|0|0|2|0|0|0|1,1|1|0|0|0|0|0|0|0,100.0,-120.0,116.0,-131.0,-1.5,6.5,sbro,,,,,JCUETO-R,FLIRIANO-L,,,,,,,,
2014,2014-08-31,CUB,STL,6.0,9.0,False,0|5|0|0|0|0|1|0|0,0|0|0|1|3|0|2|3|x,140.0,-160.0,170.0,-190.0,-1.5,7.5,sbro,,,,,TWOOD-L,JLACKEY-R,,,,,,,,
2014,2014-08-31,MIL,SFO,5.0,15.0,False,1|0|0|0|0|0|1|1|2,0|1|3|0|2|1|7|1|x,140.0,-160.0,125.0,-140.0,-1.5,7.0,sbro,,,,,KLOHSE-R,BUMGARNER-L,,,,,,,,
2014,2014-08-31,LOS,SDG,7.0,1.0,False,1|0|0|0|1|0|0|4|1,1|0|0|0|0|0|0|0|0,-140.0,120.0,-171.0,151.0,1.5,7.0,sbro,,,,,HRYU-L,ESTULTS-L,,,,,,,,
2014,2014-08-31,COL,ARI,2.0,6.0,False,0|0|0|1|0|0|0|0|1,1|0|1|0|0|0|4|0|x,-105.0,-115.0,102.0,-112.0,-1.5,7.5,sbro,,,,,JDELAROSA-L,CANDERSON-R,,,,,,,,
2014,2014-08-31,MIA,ATL,0.0,1.0,False,0|0|0|0|0|0|0|0|0,0|1|0|0|0|0|0|0|x,130.0,-150.0,150.0,-170.0,-1.5,7.0,sbro,,,,,NEOVALDI-R,AWOOD-L,,,,,,,,
2014,2014-08-31,NYY,TOR,3.0,4.0,False,1|0|0|1|1|0|0|0|0,0|0|0|0|0|2|2|0|x,-120.0,100.0,-107.0,-103.0,1.5,8.5,sbro,,,,,BMCCARTHY-R,JHAPP-L,,,,,,,,
2014,2014-08-31,MIN,BAL,8.0,12.0,False,0|0|0|2|0|0|3|0|3,0|0|4|0|0|7|1|0|x,155.0,-175.0,150.0,-170.0,-1.5,8.0,sbro,,,,,RNOLASCO-R,WCHEN-L,,,,,,,,
2014,2014-08-31,BOS,TAM,3.0,0.0,False,0|0|1|0|1|0|0|1|0,0|0|0|0|0|0|0|0|0,140.0,-160.0,140.0,-155.0,-1.5,6.5,sbro,,,,,CBUCHHOLZ-R,ACOBB-R,,,,,,,,
2014,2014-08-31,CLE,KAN,2.0,2.0,False,0|0|1|1|0|0|0|0|0,1|0|0|0|0|0|0|0|1,140.0,-160.0,138.0,-153.0,-1.5,8.0,sbro,,,,,THOUSE-L,DDUFFY-L,,,,,,,,
2014,2014-08-31,DET,CWS,2.0,6.0,False,0|0|0|0|0|2|0|0|0,1|4|0|0|0|1|0|0|x,-130.0,110.0,-105.0,-105.0,1.5,8.0,sbro,,,,,RPORCELLO-R,JQUINTANA-L,,,,,,,,
2014,2014-08-31,TEX,HOU,2.0,3.0,False,1|0|0|0|0|1|0|0|0,0|1|0|0|0|0|0|2|x,130.0,-150.0,145.0,-160.0,-1.5,8.0,sbro,,,,,NMARTINEZ-R,DKEUCHEL-L,,,,,,,,
2014,2014-08-31,OAK,LAA,1.0,8.0,False,0|0|0|0|0|0|0|1|0,0|6|0|0|0|0|1|1|x,100.0,-120.0,115.0,-125.0,-1.5,8.0,sbro,,,,,SKAZMIR-L,SHOEMAKER-R,,,,,,,,
2014,2014-08-31,WAS,SEA,3.0,5.0,False,0|1|1|1|0|0|0|0|0,0|0|1|0|3|0|0|1|x,120.0,-140.0,137.0,-152.0,-1.5,6.5,sbro,,,,,TROARK-R,HIWAKUMA-R,,,,,,,,
2014,2014-09-01,PHI,ATL,7.0,0.0,False,0|0|1|0|0|1|3|0|2,0|0|0|0|0|0|0|0|0,125.0,-145.0,110.0,-120.0,-1.5,6.5,sbro,,,,,CHAMELS-L,JTEHERAN-R,,,,,,,,
2014,2014-09-01,NYM,MIA,6.0,9.0,False,0|0|4|0|0|2|0|0|0,1|1|0|0|3|1|0|3|x,105.0,-125.0,114.0,-124.0,-1.5,7.0,sbro,,,,,ZWHEELER-R,HALVAREZ-R,,,,,,,,
2014,2014-09-01,PIT,STL,4.0,5.0,False,2|1|0|0|0|0|1|0|0,0|0|2|0|0|0|3|0|x,100.0,-120.0,-103.0,-107.0,-1.5,7.5,sbro,,,,,GCOLE-R,LLYNN-R,,,,,,,,
2014,2014-09-01,MIL,CUB,2.0,4.0,False,0|0|0|0|0|0|2|0|0,0|1|0|2|0|0|0|1|x,-135.0,115.0,-142.0,127.0,1.5,10.0,sbro,,,,,JNELSON-R,JTURNER-R,,,,,,,,
2014,2014-09-01,ARI,SDG,1.0,3.0,False,0|0|0|0|0|1|0|0|0,0|0|0|1|2|0|0|0|x,140.0,-160.0,154.0,-174.0,-1.5,6.5,sbro,,,,,TCAHILL-R,TROSS-R,,,,,,,,
2014,2014-09-01,SFO,COL,9.0,10.0,False,4|0|0|1|2|0|0|0|2,0|2|0|0|0|4|3|0|1,-150.0,130.0,-134.0,119.0,1.5,10.5,sbro,,,,,THUDSON-R,FMORALES-L,,,,,,,,
2014,2014-09-01,WAS,LOS,6.0,4.0,False,1|0|2|0|2|0|1|0|0,2|0|0|0|0|0|1|0|1,-114.0,-106.0,-120.0,110.0,1.5,8.0,sbro,,,,,GGONZALEZ-L,RHERNANDZ-R,,,,,,,,
2014,2014-09-01,BOS,TAM,3.0,4.0,False,0|0|1|1|0|0|0|1|0,0|0|3|0|0|0|0|0|0,139.0,-159.0,159.0,-179.0,-1.5,7.0,sbro,,,,,RDELAROSA-R,DSMYLY-L,,,,,,,,
2014,2014-09-01,MIN,BAL,6.0,4.0,False,0|0|0|0|0|3|0|3|0,0|0|0|0|0|0|3|0|1,125.0,-145.0,107.0,-117.0,-1.5,8.0,sbro,,,,,PHUGHES-R,KGAUSMAN-R,,,,,,,,
2014,2014-09-01,DET,CLE,12.0,1.0,False,2|0|3|0|0|0|2|2|3,1|0|0|0|0|0|0|0|0,-107.0,-113.0,107.0,-117.0,-1.5,7.0,sbro,,,,,DPRICE-L,CKLUBER-R,,,,,,,,
2014,2014-09-01,SEA,OAK,1.0,6.0,False,0|0|0|0|0|1|0|0|0,5|0|0|0|0|1|0|0|x,115.0,-135.0,135.0,-150.0,-1.5,8.0,sbro,,,,,CYOUNG-R,JHAMMEL-R,,,,,,,,
2014,2014-09-01,TEX,KAN,3.0,4.0,False,0|0|0|0|0|1|2|0|0,1|0|2|1|0|0|0|0|x,170.0,-190.0,180.0,-210.0,-1.5,8.0,sbro,,,,,CLEWIS-R,YVENTURA-R,,,,,,,,
2014,2014-09-02,PHI,ATL,4.0,0.0,False,0|0|0|0|1|1|0|2|0,0|0|0|0|0|0|0|0|0,160.0,-180.0,170.0,-190.0,-1.5,7.5,sbro,,,,,KKENDRICK-R,MMINOR-L,,,,,,,,
2014,2014-09-02,NYM,MIA,8.0,6.0,False,2|2|0|3|0|1|0|0|0,0|0|3|2|0|1|0|0|0,-120.0,100.0,-105.0,-105.0,1.5,8.0,sbro,,,,,JNIESE-L,BPENNY-R,,,,,,,,
2014,2014-09-02,MIL,CUB,1.0,7.0,False,0|0|1|0|0|0|0|0|0,4|0|0|0|3|0|0|0|x,-108.0,-112.0,-105.0,-105.0,-1.5,7.5,sbro,,,,,YGALLARDO-R,JARRIETA-R,,,,,,,,
2014,2014-09-02,PIT,STL,4.0,6.0,False,0|1|1|0|0|0|2|0|0,0|2|0|3|0|0|1|0|x,140.0,-160.0,131.0,-146.0,-1.5,7.5,sbro,,,,,JLOCKE-L,WAINWRIGHT-R,,,,,,,,
2014,2014-09-02,SFO,COL,12.0,7.0,False,0|0|0|0|1|3|6|2|0,2|0|4|0|1|0|0|0|0,-150.0,130.0,-145.0,130.0,1.5,10.0,sbro,,,,,YPETIT-R,JLYLES-R,,,,,,,,
2014,2014-09-02,ARI,SDG,1.0,2.0,False,0|0|0|1|0|0|0|0|0,0|0|0|0|1|0|0|0|1,110.0,-130.0,-113.0,103.0,1.5,6.0,sbro,,,,,WMILEY-L,DESPAIGNE-R,,,,,,,,
2014,2014-09-02,WAS,LOS,1.0,4.0,False,0|0|0|0|0|0|1|0|0,0|0|0|0|2|2|0|0|x,170.0,-200.0,175.0,-205.0,-1.5,6.0,sbro,,,,,DFISTER-R,CKERSHAW-L,,,,,,,,
2014,2014-09-02,DET,CLE,4.0,2.0,False,0|1|0|0|0|0|0|0|3,2|0|0|0|0|0|0|0|0,125.0,-145.0,131.0,-146.0,-1.5,8.0,sbro,,,,,KLOBSTEIN-L,CCARRASCO-R,,,,,,,,
2014,2014-09-02,BOS,NYY,9.0,4.0,False,2|0|4|1|0|0|0|0|2,0|0|1|0|1|1|0|0|1,130.0,-150.0,135.0,-150.0,-1.5,9.0,sbro,,,,,JKELLY-R,SGREENE-R,,,,,,,,
2014,2014-09-02,TOR,TAM,8.0,2.0,False,0|1|1|3|0|0|0|3|0,0|2|0|0|0|0|0|0|0,105.0,-125.0,110.0,-120.0,-1.5,7.5,sbro,,,,,RDICKEY-R,HELLICKSON-R,,,,,,,,
2014,2014-09-02,LAA,HOU,3.0,8.0,False,0|0|0|0|0|1|2|0|0,3|0|1|1|2|0|0|1|x,-180.0,160.0,-163.0,148.0,1.5,9.0,sbro,,,,,CWILSON-L,BPEACOCK-R,,,,,,,,
2014,2014-09-02,CWS,MIN,6.0,3.0,False,0|3|0|0|0|0|0|0|0,2|1|0|0|0|0|0|0|0,110.0,-130.0,125.0,-140.0,-1.5,8.5,sbro,,,,,HNOESI-R,TMILONE-L,,,,,,,,
2014,2014-09-02,TEX,KAN,1.0,2.0,False,0|0|0|0|1|0|0|0|0,0|0|1|0|0|0|0|1|x,145.0,-165.0,132.0,-147.0,-1.5,7.5,sbro,,,,,DHOLLAND-L,JGUTHRIE-R,,,,,,,,
2014,2014-09-02,SEA,OAK,6.0,5.0,False,0|0|2|2|2|0|0|0|0,0|0|0|0|0|0|0|3|2,130.0,-150.0,125.0,-140.0,-1.5,7.0,sbro,,,,,JPAXTON-L,SGRAY-R,,,,,,,,
2014,2014-09-02,CIN,BAL,4.0,5.0,False,0|0|0|0|0|0|0|4|0,4|1|0|0|0|0|0|0|x,115.0,-135.0,127.0,-142.0,-1.5,7.5,sbro,,,,,MLATOS-R,BNORRIS-R,,,,,,,,
2014,2014-09-03,PHI,ATL,4.0,7.0,False,1|0|2|0|1|0|0|0|0,0|3|0|1|1|2|0|0|x,155.0,-175.0,169.0,-189.0,-1.5,7.0,sbro,,,,,DBUCHANAN-R,ESANTANA-R,,,,,,,,
2014,2014-09-03,PIT,STL,0.0,1.0,False,0|0|0|0|0|0|0|0|0,0|0|0|0|0|0|0|0|1,105.0,-125.0,-105.0,-105.0,-1.5,8.0,sbro,,,,,EVOLQUEZ-R,SMILLER-R,,,,,,,,
2014,2014-09-03,WAS,LOS,8.0,5.0,False,0|0|0|0|0|0|0|0|3,0|0|0|0|0|0|2|0|1,-130.0,110.0,-152.0,137.0,1.5,7.5,sbro,,,,,JZIMMERMN-R,CFRIAS-R,,,,,,,,
2014,2014-09-03,SFO,COL,2.0,9.0,False,1|0|0|0|1|0|0|0|0,0|1|0|0|4|4|0|0|x,-150.0,130.0,-120.0,110.0,1.5,11.0,sbro,,,,,VOGELSONG-R,CBERGMAN-R,,,,,,,,
2014,2014-09-03,NYM,MIA,4.0,3.0,False,0|0|0|2|0|0|0|2|0,0|0|1|0|0|0|1|1|0,100.0,-120.0,100.0,-110.0,-1.5,7.0,sbro,,,,,JDEGROM-R,TKOEHLER-R,,,,,,,,
2014,2014-09-03,MIL,CUB,2.0,6.0,False,0|1|0|0|0|1|0|0|0,0|2|4|0|0|0|0|0|x,-115.0,-105.0,-109.0,-101.0,1.5,8.5,sbro,,,,,MGARZA-R,KHENDRICK-R,,,,,,,,
2014,2014-09-03,ARI,SDG,6.0,1.0,False,1|0|0|0|3|0|0|1|1,0|0|1|0|0|0|0|0|0,140.0,-160.0,115.0,-130.0,-1.5,6.0,sbro,,,,,COLLMENTER-R,ACASHNER-R,,,,,,,,
2014,2014-09-03,SEA,OAK,2.0,1.0,False,0|0|0|0|0|0|2|0|0,0|0|0|1|0|0|0|0|0,100.0,-120.0,112.0,-122.0,-1.5,6.5,sbro,,,,,FHERNANDZ-R,JLESTER-L,,,,,,,,
2014,2014-09-03,DET,CLE,0.0,7.0,False,0|0|0|0|0|0|0|0|0,2|0|0|2|0|0|3|0|x,105.0,-125.0,116.0,-126.0,-1.5,8.0,sbro,,,,,VERLANDER-R,DSALAZAR-R,,,,,,,,
2014,2014-09-03,BOS,NYY,1.0,5.0,False,0|0|0|0|0|1|0|0|0,0|2|0|0|1|0|2|0|x,140.0,-160.0,175.0,-195.0,-1.5,9.0,sbro,,,,,ARANAUDO-R,HKURODA-R,,,,,,,,
2014,2014-09-03,TOR,TAM,7.0,4.0,False,0|2|0|1|3|0|1|0|0,0|0|0|0|0|2|0|2|0,110.0,-130.0,107.0,-117.0,-1.5,7.0,sbro,,,,,MSTROMAN-R,CARCHER-R,,,,,,,,
2014,2014-09-03,LAA,HOU,1.0,4.0,False,0|0|1|0|0|0|0|0|0,0|1|0|1|0|0|0|2|x,-160.0,140.0,-125.0,115.0,1.5,8.0,sbro,,,,,JWEAVER-R,CMCHUGH-R,,,,,,,,
2014,2014-09-03,CWS,MIN,4.0,11.0,False,0|0|0|2|1|0|0|1|0,3|0|0|0|5|2|0|1|x,100.0,-120.0,-101.0,-109.0,-1.5,9.0,sbro,,,,,JDANKS-L,TMAY-R,,,,,,,,
2014,2014-09-03,TEX,KAN,1.0,4.0,False,0|0|0|0|0|0|0|1|0,0|0|0|2|0|0|2|0|x,160.0,-180.0,161.0,-181.0,-1.5,8.0,sbro,,,,,NTEPESCH-R,JVARGAS-L,,,,,,,,
2014,2014-09-03,CIN,BAL,0.0,6.0,False,0|0|0|0|0|0|0|0|0,0|0|1|3|0|0|2|0|x,145.0,-165.0,140.0,-155.0,-1.5,8.0,sbro,,,,,DAXELROD-R,MGONZALEZ-R,,,,,,,,
2014,2014-09-04,STL,MIL,3.0,2.0,False,2|0|1|0|0|0|0|0|0,1|0|0|0|0|1|0|0|0,-113.0,-107.0,-115.0,105.0,1.5,8.5,sbro,,,,,MWACHA-R,WPERALTA-R,,,,,,,,
2014,2014-09-04,ARI,SDG,5.0,1.0,False,0|3|1|0|0|0|1|0|0,0|0|0|0|0|0|0|1|0,125.0,-145.0,130.0,-145.0,-1.5,6.0,sbro,,,,,RDELGADO-R,IKENNEDY-R,,,,,,,,
2014,2014-09-04,BOS,NYY,4.0,5.0,False,1|0|2|0|1|0|0|0|0,0|0|3|0|0|0|0|0|2,145.0,-165.0,134.0,-149.0,-1.5,8.5,sbro,,,,,BWORKMAN-R,CCAPUANO-L,,,,,,,,
2014,2014-09-04,DET,CLE,11.0,4.0,False,4|0|0|0|0|0|0|0|0,0|0|0|1|0|2|1|0|0,-125.0,105.0,-119.0,109.0,1.5,7.5,sbro,,,,,MSCHERZER-R,TBAUER-R,,,,,,,,
2014,2014-09-04,TOR,TAM,1.0,0.0,False,0|0|0|0|0|0|0|0|0,0|0|0|0|0|0|0|0|0,110.0,-130.0,132.0,-147.0,-1.5,7.5,sbro,,,,,MBUEHRLE-L,JODORIZZI-R,,,,,,,,
2014,2014-09-04,SEA,TEX,10.0,2.0,False,0|6|3|0|0|0|1|0|0,0|0|1|0|0|0|0|0|1,-135.0,115.0,-123.0,113.0,1.5,9.0,sbro,,,,,RELIAS-L,RROSS-L,,,,,,,,
2014,2014-09-04,LAA,MIN,5.0,4.0,False,0|0|0|4|0|0|0|0|1,0|0|0|0|1|3|0|0|0,-125.0,105.0,-129.0,119.0,1.5,9.0,sbro,,,,,HSANTIAGO-L,KGIBSON-R,,,,,,,,
2014,2014-09-04,CIN,BAL,7.0,9.0,False,0|0|2|0|0|1|4|0|0,6|0|0|1|0|0|2|0|x,130.0,-150.0,173.0,-203.0,-1.5,7.5,sbro,,,,,MLEAKE-R,CTILLMAN-R,,,,,,,,
2014,2014-09-05,PIT,CUB,3.0,3.0,False,1|0|0|2|0|0|0|x|x,0|0|2|0|1|0|0|x|x,-120.0,100.0,-131.0,116.0,1.5,8.5,sbro,,,,,VWORLEY-R,TWADA-L,,,,,,,,
2014,2014-09-05,PHI,WAS,9.0,8.0,False,0|0|0|0|0|1|1|2|3,2|0|0|1|2|0|2|0|0,205.0,-235.0,211.0,-251.0,-1.5,7.5,sbro,,,,,JWILLIAMS-R,STRASBURG-R,,,,,,,,
2014,2014-09-05,ATL,MIA,3.0,11.0,False,0|0|0|0|0|0|1|2|0,2|0|2|2|0|1|2|2|x,110.0,-130.0,108.0,-118.0,-1.5,7.5,sbro,,,,,AHARANG-R,JCOSART-R,,,,,,,,
2014,2014-09-05,NYM,CIN,14.0,5.0,False,2|1|0|3|1|3|1|1|2,1|1|0|0|0|0|0|1|2,100.0,-120.0,-104.0,-106.0,-1.5,7.5,sbro,,,,,BCOLON-R,ASIMON-R,,,,,,,,
2014,2014-09-05,STL,MIL,2.0,6.0,False,0|0|0|0|0|1|1|0|0,0|0|2|0|2|2|0|0|x,105.0,-125.0,110.0,-120.0,-1.5,7.5,sbro,,,,,JLACKEY-R,MFIERS-R,,,,,,,,
2014,2014-09-05,SDG,COL,0.0,3.0,False,0|0|0|0|0|0|0|0|0,1|0|0|0|1|1|0|0|x,100.0,-120.0,118.0,-128.0,-1.5,9.5,sbro,,,,,ESTULTS-L,TMATZEK-L,,,,,,,,
2014,2014-09-05,ARI,LOS,1.0,2.0,False,0|0|0|0|1|0|0|0|0,0|1|1|0|0|0|0|0|x,140.0,-160.0,148.0,-163.0,-1.5,7.5,sbro,,,,,VNUNO-L,DHAREN-R,,,,,,,,
2014,2014-09-05,CWS,CLE,1.0,2.0,False,0|0|1|0|0|0|0|0|0,1|0|0|0|0|0|0|0|0,-130.0,110.0,-156.0,141.0,1.5,7.0,sbro,,,,,CSALE-L,THOUSE-L,,,,,,,,
2014,2014-09-05,KAN,NYY,1.0,0.0,False,0|0|1|0|0|0|0|0|0,0|0|0|0|0|0|0|0|0,105.0,-125.0,110.0,-120.0,-1.5,7.5,sbro,,,,,JSHIELDS-R,MPINEDA-R,,,,,,,,
2014,2014-09-05,TOR,BOS,8.0,9.0,False,2|0|0|0|0|2|0|2|0,1|1|1|0|0|0|0|3|0,-106.0,-114.0,-108.0,-102.0,1.5,10.0,sbro,,,,,HUTCHISON-R,AWEBSTER-R,,,,,,,,
2014,2014-09-05,BAL,TAM,0.0,3.0,False,0|0|0|0|0|0|0|0|0,0|0|0|0|0|0|0|3|x,120.0,-140.0,127.0,-142.0,-1.5,7.0,sbro,,,,,WCHEN-L,ACOBB-R,,,,,,,,
2014,2014-09-05,SEA,TEX,7.0,5.0,False,0|2|0|0|3|2|0|0|0,0|0|0|1|1|2|0|0|1,-160.0,140.0,-190.0,170.0,1.5,8.5,sbro,,,,,HIWAKUMA-R,SBAKER-R,,,,,,,,
2014,2014-09-05,LAA,MIN,7.0,6.0,False,1|1|0|1|0|0|0|3|0,1|1|0|1|0|1|0|0|2,-160.0,140.0,-149.0,134.0,1.5,8.5,sbro,,,,,SHOEMAKER-R,RNOLASCO-R,,,,,,,,
2014,2014-09-05,HOU,OAK,4.0,3.0,False,0|0|1|1|0|2|0|0|0,0|0|3|0|0|0|0|0|0,190.0,-220.0,189.0,-219.0,-1.5,7.0,sbro,,,,,OBERHOLTZR-L,SAMARDZIJA-R,,,,,,,,
2014,2014-09-05,SFO,DET,8.0,2.0,False,1|3|2|1|0|1|0|0|0,0|0|0|0|2|0|0|0|0,105.0,-125.0,125.0,-140.0,-1.5,9.0,sbro,,,,,JPEAVY-R,RPORCELLO-R,,,,,,,,
2014,2014-09-06,PHI,WAS,3.0,1.0,False,0|0|2|0|0|1|0|0|0,0|0|0|0|1|0|0|0|0,160.0,-180.0,150.0,-170.0,-1.5,8.0,sbro,,,,,ABURNETT-R,TROARK-R,,,,,,,,
2014,2014-09-06,PIT,CUB,5.0,0.0,False,1|0|1|0|0|0|1|1|1,0|0|0|0|0|0|0|0|0,-145.0,125.0,-160.0,145.0,1.5,7.0,sbro,,,,,FLIRIANO-L,FDOUBRONT-L,,,,,,,,
2014,2014-09-06,NYM,CIN,1.0,2.0,False,0|1|0|0|0|0|0|0|0,0|0|0|0|0|1|1|0|x,150.0,-170.0,141.0,-156.0,-1.5,7.0,sbro,,,,,DGEE-R,JCUETO-R,,,,,,,,
2014,2014-09-06,STL,MIL,5.0,3.0,False,2|0|0|3|0|0|0|0|0,2|0|0|0|0|1|0|0|0,-110.0,-110.0,-108.0,-102.0,1.5,7.5,sbro,,,,,LLYNN-R,KLOHSE-R,,,,,,,,
2014,2014-09-06,ATL,MIA,4.0,3.0,False,0|0|0|3|0|0|0|0|0,0|0|0|1|0|0|0|2|0,-115.0,-105.0,-111.0,101.0,1.5,7.0,sbro,,,,,AWOOD-L,NEOVALDI-R,,,,,,,,
2014,2014-09-06,SDG,COL,6.0,7.0,False,0|0|0|1|1|1|2|1|0,0|1|3|0|2|0|0|0|0,130.0,-150.0,119.0,-134.0,-1.5,9.0,sbro,,,,,JWIELAND-R,JDELAROSA-L,,,,,,,,
2014,2014-09-06,ARI,LOS,2.0,5.0,False,0|0|0|0|0|0|2|0|0,2|0|0|0|0|0|0|3|x,200.0,-230.0,175.0,-205.0,-1.5,7.0,sbro,,,,,CANDERSON-R,HRYU-L,,,,,,,,
2014,2014-09-06,BAL,TAM,2.0,3.0,False,0|1|0|0|0|0|0|1|0,0|0|2|0|0|0|0|0|1,120.0,-140.0,134.0,-149.0,-1.5,7.0,sbro,,,,,KGAUSMAN-R,DSMYLY-L,,,,,,,,
2014,2014-09-06,KAN,NYY,2.0,6.0,False,0|0|1|0|0|0|1|0|0,1|0|2|1|2|0|0|0|x,-105.0,-115.0,110.0,-120.0,-1.5,7.5,sbro,,,,,DDUFFY-L,BMCCARTHY-R,,,,,,,,
2014,2014-09-06,HOU,OAK,3.0,4.0,False,0|0|0|0|0|2|1|0|0,0|0|1|0|0|0|0|0|3,180.0,-210.0,184.0,-214.0,-1.5,7.5,sbro,,,,,SFELDMAN-R,SKAZMIR-L,,,,,,,,
2014,2014-09-06,CWS,CLE,1.0,3.0,False,0|0|1|0|0|0|0|0|0,0|0|0|1|0|0|2|0|x,145.0,-165.0,140.0,-155.0,-1.5,7.0,sbro,,,,,JQUINTANA-L,CKLUBER-R,,,,,,,,
2014,2014-09-06,TOR,BOS,3.0,4.0,False,1|0|0|0|0|0|2|0|0,1|1|1|1|0|0|0|0|x,105.0,-125.0,119.0,-134.0,-1.5,9.5,sbro,,,,,JHAPP-L,CBUCHHOLZ-R,,,,,,,,
2014,2014-09-06,LAA,MIN,8.0,5.0,False,1|1|1|0|0|0|0|2|3,0|2|1|2|0|0|0|0|0,-109.0,-111.0,-102.0,-108.0,-1.5,8.0,sbro,,,,,CRASMUS-R,PHUGHES-R,,,,,,,,
2014,2014-09-06,SEA,TEX,4.0,2.0,False,0|0|0|0|0|2|0|2|0,0|0|0|2|0|0|0|0|0,-150.0,130.0,-140.0,125.0,1.5,9.5,sbro,,,,,CYOUNG-R,NMARTINEZ-R,,,,,,,,
2014,2014-09-06,SFO,DET,5.0,4.0,False,4|0|0|0|1|0|0|0|0,2|0|1|0|0|0|0|1|0,-101.0,-119.0,125.0,-140.0,-1.5,7.0,sbro,,,,,BUMGARNER-L,DPRICE-L,,,,,,,,
2014,2014-09-07,ATL,MIA,0.0,4.0,False,0|0|0|0|0|0|0|0|0,0|0|0|0|1|3|0|0|x,-150.0,130.0,-145.0,130.0,1.5,7.0,sbro,,,,,JTEHERAN-R,BHAND-L,,,,,,,,
2014,2014-09-07,NYM,CIN,4.0,3.0,False,0|0|0|0|0|3|0|1|0,0|0|0|0|1|0|0|0|2,105.0,-125.0,109.0,-119.0,-1.5,7.0,sbro,,,,,ZWHEELER-R,MLATOS-R,,,,,,,,
2014,2014-09-07,PHI,WAS,2.0,3.0,False,1|0|0|1|0|0|0|0|0,0|1|0|1|0|1|0|0|x,120.0,-140.0,127.0,-142.0,-1.5,6.5,sbro,,,,,CHAMELS-L,GGONZALEZ-L,,,,,,,,
2014,2014-09-07,STL,MIL,9.0,1.0,False,0|0|0|4|0|0|2|0|3,0|0|0|0|0|0|0|0|1,-135.0,115.0,-123.0,113.0,1.5,7.5,sbro,,,,,WAINWRIGHT-R,JNELSON-R,,,,,,,,
2014,2014-09-07,PIT,CUB,10.0,4.0,False,2|5|0|1|0|0|2|0|0,0|0|0|0|1|1|2|0|0,-160.0,140.0,-161.0,146.0,1.5,8.0,sbro,,,,,GCOLE-R,TWOOD-L,,,,,,,,
2014,2014-09-07,ARI,LOS,2.0,7.0,False,0|1|1|0|0|0|0|0|0,0|0|0|0|0|3|4|0|x,180.0,-210.0,200.0,-240.0,-1.5,7.0,sbro,,,,,TCAHILL-R,ZGREINKE-R,,,,,,,,
2014,2014-09-07,SDG,COL,0.0,6.0,False,0|0|0|0|0|0|0|0|0,0|3|0|0|0|0|2|1|x,-125.0,105.0,-132.0,117.0,1.5,9.5,sbro,,,,,TROSS-R,FMORALES-L,,,,,,,,
2014,2014-09-07,CWS,CLE,0.0,2.0,False,0|0|0|0|0|0|0|0|0,1|0|0|0|0|0|0|1|x,170.0,-200.0,171.0,-201.0,-1.5,7.5,sbro,,,,,SCARROLL-R,CCARRASCO-R,,,,,,,,
2014,2014-09-07,KAN,NYY,2.0,0.0,False,0|1|1|0|0|0|0|0|0,0|0|0|0|0|0|0|0|0,-112.0,-108.0,-102.0,-108.0,-1.5,7.5,sbro,,,,,YVENTURA-R,SGREENE-R,,,,,,,,
2014,2014-09-07,TOR,BOS,3.0,1.0,False,0|0|0|0|3|0|0|0|0,0|0|0|0|0|1|0|0|0,-112.0,-108.0,-120.0,110.0,1.5,8.5,sbro,,,,,RDICKEY-R,RDELAROSA-R,,,,,,,,
2014,2014-09-07,BAL,TAM,7.0,5.0,False,0|0|0|0|0|2|0|0|3,2|0|0|1|0|1|0|0|1,-112.0,-108.0,-111.0,101.0,-1.5,7.5,sbro,,,,,BNORRIS-R,HELLICKSON-R,,,,,,,,
2014,2014-09-07,LAA,MIN,14.0,4.0,False,0|1|2|0|3|6|2|0|0,0|3|0|0|0|0|0|1|0,-160.0,140.0,-156.0,141.0,1.5,9.5,sbro,,,,,CWILSON-L,LDARNELL-L,,,,,,,,
2014,2014-09-07,SEA,TEX,0.0,1.0,False,0|0|0|0|0|0|0|0|0,0|0|0|0|0|1|0|0|x,-145.0,125.0,-126.0,116.0,1.5,8.0,sbro,,,,,JPAXTON-L,DHOLLAND-L,,,,,,,,
2014,2014-09-07,HOU,OAK,4.0,3.0,False,0|0|0|0|0|0|2|0|2,0|0|0|0|0|1|2|0|0,130.0,-150.0,143.0,-158.0,-1.5,7.5,sbro,,,,,DKEUCHEL-L,JHAMMEL-R,,,,,,,,
2014,2014-09-07,SFO,DET,1.0,6.0,False,0|0|0|0|1|0|0|0|0,0|0|3|0|0|0|3|0|x,-112.0,-108.0,113.0,-123.0,-1.5,8.5,sbro,,,,,THUDSON-R,KLOBSTEIN-L,,,,,,,,
2014,2014-09-08,ATL,WAS,1.0,2.0,False,0|0|0|0|0|0|0|1|0,1|0|0|0|0|0|1|0|x,130.0,-150.0,137.0,-152.0,-1.5,7.0,sbro,,,,,MMINOR-L,DFISTER-R,,,,,,,,
2014,2014-09-08,PIT,PHI,6.0,4.0,False,0|0|0|0|2|0|0|4|0,0|0|0|1|0|0|0|3|0,-115.0,-105.0,-120.0,110.0,1.5,8.5,sbro,,,,,JLOCKE-L,KKENDRICK-R,,,,,,,,
2014,2014-09-08,STL,CIN,5.0,0.0,False,0|0|0|0|0|0|2|0|3,0|0|0|0|0|0|0|0|0,-135.0,115.0,-127.0,117.0,1.5,8.0,sbro,,,,,SMILLER-R,DAXELROD-R,,,,,,,,
2014,2014-09-08,COL,NYM,2.0,3.0,False,0|1|0|0|0|0|0|1|0,1|0|0|0|0|0|0|0|2,125.0,-145.0,130.0,-145.0,-1.5,7.0,sbro,,,,,JLYLES-R,JNIESE-L,,,,,,,,
2014,2014-09-08,MIA,MIL,6.0,4.0,False,1|3|2|0|0|0|0|0|0,2|0|0|0|0|0|0|2|0,160.0,-180.0,170.0,-190.0,-1.5,8.5,sbro,,,,,BPENNY-R,YGALLARDO-R,,,,,,,,
2014,2014-09-08,SDG,LOS,4.0,9.0,False,0|0|0|1|0|2|0|0|1,1|1|0|2|4|0|0|1|x,140.0,-160.0,285.0,-335.0,-1.5,6.0,sbro,,,,,DESPAIGNE-R,CKERSHAW-L,,,,,,,,
2014,2014-09-08,LAA,CLE,12.0,3.0,False,0|0|0|0|6|0|2|0|4,0|0|0|0|2|1|0|0|0,-112.0,-108.0,114.0,-124.0,-1.5,7.5,sbro,,,,,JWEAVER-R,DSALAZAR-R,,,,,,,,
2014,2014-09-08,KAN,DET,5.0,9.0,False,0|0|2|0|0|0|2|1|0,0|2|6|0|0|0|0|1|x,125.0,-145.0,125.0,-140.0,-1.5,8.0,sbro,,,,,JGUTHRIE-R,VERLANDER-R,,,,,,,,
2014,2014-09-08,BAL,BOS,4.0,0.0,False,0|1|0|0|0|2|1|0|0,0|0|0|0|0|0|0|0|0,-120.0,100.0,110.0,-120.0,-1.5,8.5,sbro,,,,,MGONZALEZ-R,JKELLY-R,,,,,,,,
2014,2014-09-08,OAK,CWS,4.0,5.0,False,0|0|0|0|3|0|0|1|0,2|0|0|0|0|1|0|0|1,-170.0,150.0,-170.0,150.0,1.5,8.5,sbro,,,,,SGRAY-R,HNOESI-R,,,,,,,,
2014,2014-09-08,HOU,SEA,1.0,4.0,False,0|0|0|0|0|0|1|0|0,0|0|0|0|0|1|0|3|x,220.0,-260.0,260.0,-310.0,-1.5,6.5,sbro,,,,,BPEACOCK-R,FHERNANDZ-R,,,,,,,,
2014,2014-09-08,CUB,TOR,0.0,8.0,False,0|0|0|0|0|0|0|0|0,0|1|0|1|3|0|1|2|x,160.0,-180.0,185.0,-215.0,-1.5,8.0,sbro,,,,,JTURNER-R,MSTROMAN-R,,,,,,,,
2014,2014-09-09,PIT,PHI,3.0,4.0,False,0|1|2|0|0|0|0|0|0,1|1|0|0|1|0|1|0|x,-140.0,120.0,-134.0,119.0,1.5,8.0,sbro,,,,,EVOLQUEZ-R,DBUCHANAN-R,,,,,,,,
2014,2014-09-09,ATL,WAS,4.0,6.0,False,0|0|0|2|0|2|0|0|0,4|1|0|1|0|0|0|0|x,125.0,-145.0,141.0,-156.0,-1.5,7.0,sbro,,,,,ESANTANA-R,JZIMMERMN-R,,,,,,,,
2014,2014-09-09,STL,CIN,5.0,9.0,False,0|0|0|1|0|0|3|0|1,2|0|0|1|4|0|0|2|x,-140.0,120.0,-140.0,125.0,1.5,7.0,sbro,,,,,MWACHA-R,MLEAKE-R,,,,,,,,
2014,2014-09-09,COL,NYM,0.0,2.0,False,0|0|0|0|0|0|0|0|0,0|0|0|0|1|1|0|0|x,150.0,-170.0,162.0,-182.0,-1.5,7.0,sbro,,,,,CBERGMAN-R,JDEGROM-R,,,,,,,,
2014,2014-09-09,MIA,MIL,6.0,3.0,False,0|0|2|0|0|1|0|0|3,0|0|2|0|0|0|1|0|0,140.0,-160.0,126.0,-141.0,-1.5,8.0,sbro,,,,,TKOEHLER-R,MGARZA-R,,,,,,,,
2014,2014-09-09,SDG,LOS,6.0,3.0,False,0|3|2|0|0|0|0|1|0,0|0|0|0|0|2|0|0|1,120.0,-140.0,110.0,-120.0,-1.5,7.0,sbro,,,,,ACASHNER-R,RHERNANDZ-R,,,,,,,,
2014,2014-09-09,ARI,SFO,1.0,5.0,False,0|0|0|1|0|0|0|0|0,1|2|0|0|0|2|0|0|x,155.0,-175.0,152.0,-172.0,-1.5,6.5,sbro,,,,,WMILEY-L,YPETIT-R,,,,,,,,
2014,2014-09-09,KAN,DET,2.0,4.0,False,0|0|0|0|1|0|0|1|0,1|2|0|0|1|0|0|0|x,140.0,-160.0,150.0,-170.0,-1.5,7.5,sbro,,,,,JVARGAS-L,MSCHERZER-R,,,,,,,,
2014,2014-09-09,MIN,CLE,4.0,3.0,False,0|0|0|4|0|0|0|0|0,0|2|0|0|0|0|0|1|0,155.0,-175.0,151.0,-171.0,-1.5,9.0,sbro,,,,,TMAY-R,TBAUER-R,,,,,,,,
2014,2014-09-09,TAM,NYY,4.0,3.0,False,0|1|2|1|0|0|0|0|0,0|0|0|1|2|0|0|0|0,110.0,-130.0,117.0,-127.0,-1.5,7.0,sbro,,,,,CARCHER-R,HKURODA-R,,,,,,,,
2014,2014-09-09,BAL,BOS,4.0,1.0,False,2|0|2|0|0|0|0|0|0,0|0|0|1|0|0|0|0|0,-130.0,110.0,-124.0,114.0,1.5,9.0,sbro,,,,,CTILLMAN-R,ARANAUDO-R,,,,,,,,
2014,2014-09-09,LAA,TEX,9.0,3.0,False,1|0|0|1|0|0|0|7|0,0|0|0|1|0|0|0|2|0,-160.0,140.0,-145.0,130.0,1.5,9.5,sbro,,,,,HSANTIAGO-L,CLEWIS-R,,,,,,,,
2014,2014-09-09,OAK,CWS,11.0,2.0,False,0|0|0|2|2|0|1|1|5,0|0|0|0|0|0|2|0|0,-185.0,165.0,-200.0,170.0,1.5,8.5,sbro,,,,,JLESTER-L,JDANKS-L,,,,,,,,
2014,2014-09-09,HOU,SEA,2.0,1.0,False,0|0|0|1|0|0|0|0|1,0|0|0|0|0|0|0|1|0,140.0,-160.0,130.0,-145.0,-1.5,7.0,sbro,,,,,CMCHUGH-R,RELIAS-L,,,,,,,,
2014,2014-09-09,CUB,TOR,2.0,9.0,False,1|0|0|0|1|0|0|0|0,0|0|0|0|1|0|3|5|x,120.0,-140.0,120.0,-135.0,-1.5,7.5,sbro,,,,,JARRIETA-R,MBUEHRLE-L,,,,,,,,
2014,2014-09-10,ATL,WAS,6.0,2.0,False,0|0|0|0|1|2|3|0|0,0|0|0|0|1|0|0|0|1,170.0,-200.0,175.0,-195.0,-1.5,7.0,sbro,,,,,AHARANG-R,STRASBURG-R,,,,,,,,
2014,2014-09-10,PIT,PHI,6.0,3.0,False,2|0|0|0|2|2|0|0|0,0|1|0|2|0|0|0|0|0,-130.0,110.0,-150.0,135.0,1.5,8.5,sbro,,,,,VWORLEY-R,JWILLIAMS-R,,,,,,,,
2014,2014-09-10,COL,NYM,0.0,2.0,False,0|0|0|0|0|0|0|0|0,0|1|0|0|0|0|1|0|x,120.0,-140.0,113.0,-123.0,-1.5,7.0,sbro,,,,,TMATZEK-L,RMONTERO-R,,,,,,,,
2014,2014-09-10,STL,CIN,2.0,4.0,False,2|0|0|0|0|0|0|0|0,1|1|0|1|1|0|0|0|x,-130.0,110.0,-134.0,119.0,1.5,8.0,sbro,,,,,JLACKEY-R,ASIMON-R,,,,,,,,
2014,2014-09-10,MIA,MIL,1.0,4.0,False,0|0|0|0|0|0|1|0|0,0|0|1|1|0|0|2|0|x,110.0,-130.0,115.0,-125.0,-1.5,8.0,sbro,,,,,JCOSART-R,WPERALTA-R,,,,,,,,
2014,2014-09-10,SDG,LOS,0.0,4.0,False,0|0|0|0|0|0|0|0|0,0|1|0|0|0|1|1|1|x,130.0,-150.0,136.0,-151.0,-1.5,7.0,sbro,,,,,IKENNEDY-R,DHAREN-R,,,,,,,,
2014,2014-09-10,ARI,SFO,0.0,5.0,False,0|0|0|0|0|0|0|0|0,0|0|0|0|0|0|4|1|x,150.0,-170.0,135.0,-150.0,-1.5,6.5,sbro,,,,,COLLMENTER-R,VOGELSONG-R,,,,,,,,
2014,2014-09-10,BAL,BOS,10.0,6.0,False,0|0|6|0|2|0|0|0|2,0|0|0|0|0|0|1|0|5,-135.0,115.0,-131.0,116.0,1.5,8.5,sbro,,,,,WCHEN-L,BWORKMAN-R,,,,,,,,
2014,2014-09-10,KAN,DET,3.0,0.0,False,0|0|0|2|0|0|0|0|1,0|0|0|0|0|0|0|0|0,100.0,-120.0,106.0,-116.0,-1.5,8.5,sbro,,,,,JSHIELDS-R,RPORCELLO-R,,,,,,,,
2014,2014-09-10,TAM,NYY,5.0,8.0,False,4|0|0|0|0|0|0|0|1,1|0|2|1|2|0|0|2|x,-105.0,-115.0,-108.0,-102.0,1.5,7.5,sbro,,,,,JODORIZZI-R,CCAPUANO-L,,,,,,,,
2014,2014-09-10,LAA,TEX,8.0,1.0,False,2|0|0|0|1|0|1|3|1,0|0|0|0|0|0|1|0|0,-165.0,145.0,-198.0,178.0,1.5,9.5,sbro,,,,,SHOEMAKER-R,NTEPESCH-R,,,,,,,,
2014,2014-09-10,OAK,CWS,1.0,2.0,False,0|0|0|1|0|0|0|0|0,0|0|0|0|0|0|0|2|x,-170.0,150.0,-205.0,175.0,1.5,8.5,sbro,,,,,SAMARDZIJA-R,CBASSITT-R,,,,,,,,
2014,2014-09-10,HOU,SEA,5.0,2.0,False,0|3|0|0|1|0|0|1|0,0|2|0|0|0|0|0|0|0,210.0,-250.0,215.0,-255.0,-1.5,7.0,sbro,,,,,NTROPEANO-R,HIWAKUMA-R,,,,,,,,
2014,2014-09-10,CUB,TOR,1.0,11.0,False,0|0|0|0|0|0|1|0|0,0|0|1|0|0|3|5|2|x,130.0,-150.0,158.0,-178.0,-1.5,8.0,sbro,,,,,KHENDRICK-R,HUTCHISON-R,,,,,,,,
2014,2014-09-11,STL,CIN,0.0,1.0,False,0|0|0|0|0|0|0|0|0,0|0|0|0|0|0|0|1|x,105.0,-125.0,102.0,-112.0,-1.5,7.0,sbro,,,,,LLYNN-R,JCUETO-R,,,,,,,,
2014,2014-09-11,ARI,SFO,2.0,6.0,False,0|0|0|0|0|1|0|0|1,1|0|1|1|0|3|0|0|x,160.0,-180.0,175.0,-205.0,-1.5,7.0,sbro,,,,,RDELGADO-R,JPEAVY-R,,,,,,,,
2014,2014-09-11,PIT,PHI,4.0,1.0,False,0|1|0|0|0|3|0|0|0,0|0|0|0|0|0|0|0|1,-135.0,115.0,-140.0,125.0,1.5,7.5,sbro,,,,,FLIRIANO-L,ABURNETT-R,,,,,,,,
2014,2014-09-11,WAS,NYM,6.0,2.0,False,2|0|2|2|0|0|0|0|0,0|0|0|0|1|0|1|0|0,-135.0,115.0,-120.0,110.0,1.5,7.0,sbro,,,,,TROARK-R,BCOLON-R,,,,,,,,
2014,2014-09-11,MIA,MIL,2.0,4.0,False,0|0|0|0|0|0|0|2|0,0|1|1|2|0|0|0|0|x,140.0,-160.0,139.0,-154.0,-1.5,7.0,sbro,,,,,NEOVALDI-R,MFIERS-R,,,,,,,,
2014,2014-09-11,MIN,CLE,2.0,8.0,False,1|0|0|0|0|0|0|0|1,2|1|4|0|0|1|0|0|x,200.0,-230.0,183.0,-213.0,-1.5,7.0,sbro,,,,,KGIBSON-R,CKLUBER-R,,,,,,,,
2014,2014-09-11,OAK,CWS,0.0,1.0,False,0|0|0|0|0|0|0|0|0,0|0|0|0|0|1|0|0|x,105.0,-125.0,137.0,-152.0,-1.5,7.0,sbro,,,,,SKAZMIR-L,CSALE-L,,,,,,,,
2014,2014-09-11,TAM,NYY,4.0,5.0,False,0|0|0|3|0|0|1|0|0,0|0|0|0|0|0|0|2|3,105.0,-125.0,-105.0,-105.0,1.5,7.0,sbro,,,,,ACOBB-R,MPINEDA-R,,,,,,,,
2014,2014-09-11,LAA,TEX,7.0,3.0,False,0|2|2|0|0|0|1|2|0,1|0|0|0|0|0|1|1|0,-160.0,140.0,-190.0,170.0,1.5,9.0,sbro,,,,,CRASMUS-R,NMARTINEZ-R,,,,,,,,
2014,2014-09-11,BOS,KAN,6.0,3.0,False,0|1|2|1|0|0|0|2|0,0|2|0|0|0|1|0|0|0,120.0,-140.0,114.0,-124.0,-1.5,7.0,sbro,,,,,CBUCHHOLZ-R,LHENDRIKS-R,,,,,,,,
2014,2014-09-11,MIN,CLE,0.0,2.0,False,0|0|0|0|0|0|0|0|0,0|0|0|1|0|0|0|1|x,150.0,-170.0,146.0,-161.0,-1.5,8.0,sbro,,,,,RNOLASCO-R,THOUSE-L,,,,,,,,
2014,2014-09-12,MIA,PHI,1.0,3.0,False,0|0|0|0|0|1|0|0|0,0|0|0|0|0|1|0|0|0,125.0,-145.0,143.0,-158.0,-1.5,6.5,sbro,,,,,HALVAREZ-R,CHAMELS-L,,,,,,,,
2014,2014-09-12,CUB,PIT,3.0,7.0,False,0|0|0|1|1|1|0|0|0,0|1|1|1|1|2|0|1|x,170.0,-190.0,198.0,-228.0,-1.5,6.5,sbro,,,,,TWADA-L,GCOLE-R,,,,,,,,
2014,2014-09-12,WAS,NYM,3.0,4.0,False,0|0|2|0|1|0|0|0|0,3|0|0|0|1|0|0|0|x,-140.0,120.0,-144.0,129.0,1.5,6.5,sbro,,,,,GGONZALEZ-L,DGEE-R,,,,,,,,
2014,2014-09-12,CIN,MIL,2.0,3.0,False,1|0|0|0|0|0|1|0|0,0|0|0|2|0|0|0|0|1,120.0,-140.0,170.0,-190.0,-1.5,8.0,sbro,,,,,DCORCINO-R,KLOHSE-R,,,,,,,,
2014,2014-09-12,COL,STL,1.0,5.0,False,0|0|1|0|0|0|0|0|0,3|0|1|0|0|0|0|1|x,170.0,-200.0,210.0,-250.0,-1.5,6.5,sbro,,,,,JDELAROSA-L,WAINWRIGHT-R,,,,,,,,
2014,2014-09-12,SDG,ARI,6.0,5.0,False,0|2|2|1|1|0|0|0|0,1|0|0|0|4|0|0|0|0,115.0,-135.0,119.0,-134.0,-1.5,7.5,sbro,,,,,ESTULTS-L,VNUNO-L,,,,,,,,
2014,2014-09-12,LOS,SFO,0.0,9.0,False,0|0|0|0|0|0|0|0|0,4|0|0|0|2|0|3|0|x,115.0,-135.0,114.0,-124.0,-1.5,6.5,sbro,,,,,HRYU-L,BUMGARNER-L,,,,,,,,
2014,2014-09-12,NYY,BAL,0.0,5.0,False,0|0|0|0|0|0|0|0|0,0|0|0|2|0|0|2|1|x,140.0,-160.0,145.0,-160.0,-1.5,8.0,sbro,,,,,BMITCHELL-R,BNORRIS-R,,,,,,,,
2014,2014-09-12,TAM,TOR,1.0,0.0,False,0|0|1|0|0|0|0|0|0,0|0|0|0|0|0|0|0|0,120.0,-140.0,115.0,-130.0,-1.5,8.5,sbro,,,,,NKARNS-R,JHAPP-L,,,,,,,,
2014,2014-09-12,CLE,DET,2.0,7.0,False,0|1|0|0|0|0|0|0|1,0|0|1|2|0|0|4|0|x,140.0,-160.0,140.0,-155.0,-1.5,7.0,sbro,,,,,CCARRASCO-R,DPRICE-L,,,,,,,,
2014,2014-09-12,BOS,KAN,4.0,2.0,False,0|0|3|0|1|0|0|0|0,0|0|0|2|0|0|0|0|0,165.0,-185.0,180.0,-210.0,-1.5,7.0,sbro,,,,,AWEBSTER-R,YVENTURA-R,,,,,,,,
2014,2014-09-12,HOU,LAA,3.0,11.0,False,1|1|0|1|0|0|0|0|0,0|0|0|2|7|2|0|0|x,170.0,-200.0,170.0,-190.0,-1.5,9.0,sbro,,,,,OBERHOLTZR-L,CWILSON-L,,,,,,,,
2014,2014-09-12,OAK,SEA,2.0,4.0,False,0|0|1|1|0|0|0|0|0,1|1|0|0|1|1|0|0|x,130.0,-150.0,129.0,-144.0,-1.5,7.0,sbro,,,,,JHAMMEL-R,JPAXTON-L,,,,,,,,
2014,2014-09-12,ATL,TEX,1.0,2.0,False,0|0|1|0|0|0|0|0|0,0|0|0|0|0|1|0|1|x,-140.0,120.0,-122.0,112.0,1.5,7.0,sbro,,,,,AWOOD-L,DHOLLAND-L,,,,,,,,
2014,2014-09-12,NYY,BAL,1.0,2.0,False,0|0|0|0|0|0|0|0|0,0|0|0|0|0|0|0|0|0,115.0,-135.0,111.0,-121.0,-1.5,7.5,sbro,,,,,BMCCARTHY-R,KGAUSMAN-R,,,,,,,,
2014,2014-09-13,MIA,PHI,1.0,2.0,False,0|1|0|0|0|0|0|0|0,2|0|0|0|0|0|0|0|x,120.0,-140.0,107.0,-117.0,-1.5,7.5,sbro,,,,,BHAND-L,KKENDRICK-R,,,,,,,,
2014,2014-09-13,CUB,PIT,6.0,4.0,False,0|0|3|0|0|0|2|1|0,0|0|0|0|0|0|0|3|1,165.0,-185.0,185.0,-215.0,-1.5,7.0,sbro,,,,,FDOUBRONT-L,JLOCKE-L,,,,,,,,
2014,2014-09-13,CIN,MIL,5.0,1.0,False,0|0|0|2|0|0|2|1|0,0|0|0|1|0|0|0|0|0,170.0,-200.0,184.0,-214.0,-1.5,8.5,sbro,,,,,DHOLMBERG-L,YGALLARDO-R,,,,,,,,
2014,2014-09-13,WAS,NYM,10.0,3.0,False,0|2|0|1|3|1|0|1|2,0|0|0|0|2|1|0|0|0,-120.0,100.0,-130.0,115.0,1.5,6.5,sbro,,,,,DFISTER-R,ZWHEELER-R,,,,,,,,
2014,2014-09-13,COL,STL,4.0,5.0,False,0|0|0|1|0|0|0|0|3,1|3|0|0|0|1|0|0|x,175.0,-205.0,170.0,-190.0,-1.5,7.0,sbro,,,,,FMORALES-L,SMILLER-R,,,,,,,,
2014,2014-09-13,SDG,ARI,4.0,10.0,False,0|0|0|2|0|1|1|0|0,3|3|0|0|1|0|3|0|x,-130.0,110.0,-110.0,100.0,1.5,7.0,sbro,,,,,TROSS-R,CANDERSON-R,,,,,,,,
2014,2014-09-13,LOS,SFO,17.0,0.0,False,4|4|1|2|0|4|2|0|0,0|0|0|0|0|0|0|0|0,-120.0,100.0,-112.0,102.0,1.5,6.5,sbro,,,,,ZGREINKE-R,THUDSON-R,,,,,,,,
2014,2014-09-13,NYY,BAL,3.0,2.0,False,0|3|0|0|0|0|0|0|0,0|0|1|0|0|1|0|0|0,125.0,-145.0,115.0,-130.0,-1.5,7.5,sbro,,,,,SGREENE-R,MGONZALEZ-R,,,,,,,,
2014,2014-09-13,TAM,TOR,3.0,6.0,False,1|0|1|0|0|1|0|0|0,0|0|3|0|0|0|3|0|x,115.0,-135.0,113.0,-123.0,-1.5,8.0,sbro,,,,,HELLICKSON-R,RDICKEY-R,,,,,,,,
2014,2014-09-13,CLE,DET,4.0,5.0,False,2|0|0|0|2|0|0|0|0,0|0|2|1|0|0|0|2|x,-105.0,-115.0,-101.0,-109.0,-1.5,8.0,sbro,,,,,DSALAZAR-R,KLOBSTEIN-L,,,,,,,,
2014,2014-09-13,MIN,CWS,6.0,7.0,False,4|0|0|0|0|1|0|0|1,3|0|0|0|1|0|1|0|2,-111.0,-109.0,113.0,-123.0,-1.5,8.5,sbro,,,,,LDARNELL-L,SCARROLL-R,,,,,,,,
2014,2014-09-13,BOS,KAN,1.0,7.0,False,0|0|1|0|0|0|0|0|0,2|0|0|3|0|0|0|2|x,130.0,-150.0,126.0,-141.0,-1.5,7.0,sbro,,,,,RDELAROSA-R,JGUTHRIE-R,,,,,,,,
2014,2014-09-13,HOU,LAA,2.0,5.0,False,0|0|1|0|0|0|0|1|0,1|0|1|0|0|0|3|0|x,190.0,-220.0,205.0,-235.0,-1.5,8.5,sbro,,,,,SFELDMAN-R,JWEAVER-R,,,,,,,,
2014,2014-09-13,OAK,SEA,3.0,2.0,False,0|0|0|0|0|1|1|0|0,0|0|1|0|0|0|1|0|0,140.0,-160.0,141.0,-156.0,-1.5,6.0,sbro,,,,,SGRAY-R,FHERNANDZ-R,,,,,,,,
2014,2014-09-13,ATL,TEX,2.0,3.0,False,0|0|2|0|0|0|0|0|0,0|0|0|0|0|3|0|0|x,-160.0,140.0,-161.0,146.0,1.5,7.5,sbro,,,,,JTEHERAN-R,LBONILLA-R,,,,,,,,
2014,2014-09-13,MIN,CWS,1.0,5.0,False,0|0|0|0|0|0|0|1|0,0|0|2|0|0|0|1|2|x,-105.0,-105.0,-105.0,-105.0,-1.5,7.0,sbro,,,,,PHUGHES-R,JQUINTANA-L,,,,,,,,
2014,2014-09-14,WAS,NYM,3.0,0.0,False,0|0|0|0|0|0|2|0|1,0|0|0|0|0|0|0|0|0,-145.0,125.0,-163.0,148.0,1.5,6.0,sbro,,,,,JZIMMERMN-R,JNIESE-L,,,,,,,,
2014,2014-09-14,CUB,PIT,3.0,7.0,False,0|2|1|0|0|0|0|0|0,0|0|0|1|6|0|0|0|x,185.0,-215.0,175.0,-205.0,-1.5,7.0,sbro,,,,,JTURNER-R,EVOLQUEZ-R,,,,,,,,
2014,2014-09-14,MIA,PHI,5.0,4.0,False,0|0|0|1|0|0|0|0|4,0|0|1|2|0|0|0|1|0,105.0,-125.0,-105.0,-105.0,-1.5,7.0,sbro,,,,,TKOEHLER-R,DBUCHANAN-R,,,,,,,,
2014,2014-09-14,CIN,MIL,2.0,9.0,False,0|0|0|0|0|1|0|0|1,0|1|0|2|0|0|5|1|x,145.0,-165.0,135.0,-150.0,-1.5,7.5,sbro,,,,,MLEAKE-R,MGARZA-R,,,,,,,,
2014,2014-09-14,COL,STL,1.0,4.0,False,0|1|0|0|0|0|0|0|0,0|0|3|0|0|0|0|1|x,155.0,-175.0,161.0,-181.0,-1.5,7.5,sbro,,,,,JLYLES-R,MGONZALES-L,,,,,,,,
2014,2014-09-14,LOS,SFO,4.0,2.0,False,0|2|0|0|0|2|0|0|0,0|0|1|0|0|0|1|0|0,-180.0,160.0,-175.0,155.0,1.5,5.5,sbro,,,,,CKERSHAW-L,YPETIT-R,,,,,,,,
2014,2014-09-14,SDG,ARI,6.0,8.0,False,0|1|1|2|0|0|0|0|2,0|0|5|0|0|0|0|3|x,110.0,-130.0,107.0,-117.0,-1.5,8.0,sbro,,,,,DESPAIGNE-R,TCAHILL-R,,,,,,,,
2014,2014-09-14,CLE,DET,4.0,6.0,False,0|0|0|0|1|2|0|0|1,0|0|0|1|0|1|2|2|x,125.0,-145.0,119.0,-134.0,-1.5,8.0,sbro,,,,,TBAUER-R,VERLANDER-R,,,,,,,,
2014,2014-09-14,TAM,TOR,6.0,5.0,False,0|0|2|2|0|0|0|1|0,0|0|0|0|0|0|1|3|1,100.0,-120.0,105.0,-115.0,-1.5,8.0,sbro,,,,,CARCHER-R,MBUEHRLE-L,,,,,,,,
2014,2014-09-14,NYY,BAL,2.0,3.0,False,0|1|0|0|0|0|0|0|1,0|0|0|0|0|1|0|0|2,130.0,-150.0,115.0,-125.0,-1.5,7.0,sbro,,,,,HKURODA-R,CTILLMAN-R,,,,,,,,
2014,2014-09-14,BOS,KAN,8.0,4.0,False,0|0|3|0|0|4|1|0|0,0|4|0|0|0|0|0|0|0,140.0,-160.0,145.0,-160.0,-1.5,7.0,sbro,,,,,JKELLY-R,JVARGAS-L,,,,,,,,
2014,2014-09-14,MIN,CWS,6.0,4.0,False,0|2|0|2|0|0|1|0|1,0|0|0|2|1|0|0|0|1,120.0,-140.0,118.0,-128.0,-1.5,8.5,sbro,,,,,TMAY-R,HNOESI-R,,,,,,,,
2014,2014-09-14,HOU,LAA,6.0,1.0,False,0|3|0|0|2|1|0|0|0,0|0|0|0|0|0|0|1|0,155.0,-175.0,149.0,-164.0,-1.5,8.5,sbro,,,,,DKEUCHEL-L,HSANTIAGO-L,,,,,,,,
2014,2014-09-14,OAK,SEA,4.0,0.0,False,1|0|0|0|0|0|1|2|0,0|0|0|0|0|0|0|0|0,-160.0,140.0,-159.0,144.0,1.5,7.0,sbro,,,,,JLESTER-L,CYOUNG-R,,,,,,,,
2014,2014-09-14,ATL,TEX,3.0,10.0,False,0|0|0|0|0|0|1|2|0,0|1|0|1|6|2|0|0|x,-140.0,120.0,-128.0,118.0,1.5,7.5,sbro,,,,,MMINOR-L,CLEWIS-R,,,,,,,,
2014,2014-09-15,WAS,ATL,4.0,2.0,False,0|0|1|0|1|0|1|1|0,0|0|0|0|0|0|0|0|2,-120.0,100.0,-144.0,129.0,1.5,6.5,sbro,,,,,STRASBURG-R,ESANTANA-R,,,,,,,,
2014,2014-09-15,MIA,NYM,6.0,5.0,False,0|0|0|0|0|0|3|3|0,2|0|0|0|0|0|3|0|0,125.0,-145.0,145.0,-160.0,-1.5,6.0,sbro,,,,,JCOSART-R,JDEGROM-R,,,,,,,,
2014,2014-09-15,CIN,CUB,0.0,1.0,False,0|0|0|0|0|0|0|0|0,0|0|0|0|0|0|0|0|1,-115.0,-105.0,118.0,-128.0,-1.5,7.0,sbro,,,,,ASIMON-R,TWOOD-L,,,,,,,,
2014,2014-09-15,LOS,COL,11.0,3.0,False,2|0|0|0|1|8|0|0|0,1|1|0|0|1|0|0|0|0,-140.0,120.0,-125.0,115.0,1.5,11.0,sbro,,,,,RHERNANDZ-R,CBERGMAN-R,,,,,,,,
2014,2014-09-15,SFO,ARI,2.0,6.0,False,0|0|0|0|0|0|1|1|0,0|0|4|0|0|0|2|0|x,-135.0,115.0,-105.0,-105.0,1.5,8.0,sbro,,,,,VOGELSONG-R,WMILEY-L,,,,,,,,
2014,2014-09-15,PHI,SDG,0.0,1.0,False,0|0|0|0|0|0|0|0|0,0|1|0|0|0|0|0|0|x,145.0,-165.0,160.0,-180.0,-1.5,6.5,sbro,,,,,JWILLIAMS-R,ACASHNER-R,,,,,,,,
2014,2014-09-15,TOR,BAL,2.0,5.0,False,1|0|0|0|1|0|0|0|0,2|0|1|2|0|0|0|0|x,105.0,-125.0,111.0,-121.0,-1.5,7.5,sbro,,,,,MSTROMAN-R,WCHEN-L,,,,,,,,
2014,2014-09-15,NYY,TAM,0.0,1.0,False,0|0|0|0|0|0|0|0|0,0|0|0|0|0|0|0|0|1,120.0,-140.0,100.0,-110.0,-1.5,7.5,sbro,,,,,CCAPUANO-L,ACOLOME-R,,,,,,,,
2014,2014-09-15,DET,MIN,8.0,6.0,False,2|0|0|3|1|0|0|0|2,0|0|0|0|1|3|0|2|0,-170.0,150.0,-178.0,158.0,1.5,7.5,sbro,,,,,MSCHERZER-R,ASWARZAK-R,,,,,,,,
2014,2014-09-15,CWS,KAN,3.0,4.0,False,1|0|2|0|0|0|0|0|0,0|0|0|0|0|0|1|1|2,190.0,-220.0,205.0,-235.0,-1.5,7.0,sbro,,,,,JDANKS-L,JSHIELDS-R,,,,,,,,
2014,2014-09-15,CLE,HOU,1.0,3.0,False,1|0|0|0|0|0|0|0|0,0|0|2|0|0|0|0|1|x,-135.0,115.0,112.0,-122.0,-1.5,8.0,sbro,,,,,MCALLISTER-R,CMCHUGH-R,,,,,,,,
2014,2014-09-15,SEA,LAA,1.0,8.0,False,0|0|0|0|0|0|0|1|0,0|0|4|3|1|0|0|0|x,110.0,-130.0,101.0,-111.0,-1.5,7.5,sbro,,,,,HIWAKUMA-R,SHOEMAKER-R,,,,,,,,
2014,2014-09-16,WAS,ATL,3.0,0.0,False,0|0|0|0|0|2|0|0|1,0|0|0|0|0|0|0|0|0,-135.0,115.0,-125.0,115.0,1.5,7.5,sbro,,,,,TROARK-R,AHARANG-R,,,,,,,,
2014,2014-09-16,MIA,NYM,1.0,9.0,False,0|0|1|0|0|0|0|0|0,0|0|0|4|3|0|2|0|x,125.0,-145.0,128.0,-143.0,-1.5,6.5,sbro,,,,,NEOVALDI-R,BCOLON-R,,,,,,,,
2014,2014-09-16,CIN,CUB,0.0,7.0,False,0|0|0|0|0|0|0|0|0,0|0|1|0|0|5|1|0|x,-125.0,105.0,-114.0,104.0,1.5,6.0,sbro,,,,,JCUETO-R,JARRIETA-R,,,,,,,,
2014,2014-09-16,MIL,STL,3.0,2.0,False,0|0|0|1|0|0|0|0|1,2|0|0|0|0|0|0|0|0,140.0,-160.0,140.0,-155.0,-1.5,7.0,sbro,,,,,WPERALTA-R,LLYNN-R,,,,,,,,
2014,2014-09-16,LOS,COL,4.0,10.0,False,0|0|0|0|0|2|0|0|2,2|1|0|2|0|2|0|3|x,-140.0,120.0,-123.0,113.0,1.5,11.0,sbro,,,,,DHAREN-R,TMATZEK-L,,,,,,,,
2014,2014-09-16,SFO,ARI,2.0,1.0,False,0|0|0|1|0|0|1|0|0,0|0|0|0|0|1|0|0|0,-140.0,120.0,-120.0,110.0,1.5,7.5,sbro,,,,,JPEAVY-R,COLLMENTER-R,,,,,,,,
2014,2014-09-16,PHI,SDG,4.0,5.0,False,0|1|0|0|2|0|0|0|1,2|0|0|0|0|3|0|0|x,115.0,-135.0,125.0,-140.0,-1.5,6.5,sbro,,,,,ABURNETT-R,IKENNEDY-R,,,,,,,,
2014,2014-09-16,TOR,BAL,2.0,8.0,False,1|1|0|0|0|0|0|0|0,3|1|0|0|0|0|3|1|x,-105.0,-115.0,-105.0,-105.0,-1.5,8.0,sbro,,,,,HUTCHISON-R,UJIMENEZ-R,,,,,,,,
2014,2014-09-16,NYY,TAM,1.0,6.0,False,0|1|0|0|0|0|0|0|0,0|0|0|0|1|1|4|0|x,105.0,-125.0,115.0,-130.0,-1.5,6.5,sbro,,,,,MPINEDA-R,JODORIZZI-R,,,,,,,,
2014,2014-09-16,CLE,HOU,4.0,2.0,False,1|0|0|1|0|2|0|0|0,1|0|0|0|0|0|0|1|0,-180.0,160.0,-180.0,160.0,1.5,7.5,sbro,,,,,CKLUBER-R,NTROPEANO-R,,,,,,,,
2014,2014-09-16,CWS,KAN,7.0,5.0,False,1|0|1|2|0|0|3|0|0,0|1|2|0|1|1|0|0|0,160.0,-180.0,160.0,-180.0,-1.5,7.5,sbro,,,,,CBASSITT-R,LHENDRIKS-R,,,,,,,,
2014,2014-09-16,DET,MIN,3.0,4.0,False,0|0|0|0|0|0|0|0|3,0|0|0|1|0|1|0|0|2,-145.0,125.0,-127.0,117.0,1.5,8.0,sbro,,,,,RPORCELLO-R,RNOLASCO-R,,,,,,,,
2014,2014-09-16,SEA,LAA,13.0,2.0,False,0|0|0|0|4|6|1|0|2,2|0|0|0|0|0|0|0|0,110.0,-130.0,130.0,-145.0,-1.5,8.5,sbro,,,,,RELIAS-L,CRASMUS-R,,,,,,,,
2014,2014-09-16,TEX,OAK,6.0,3.0,False,0|0|0|3|3|0|0|0|0,0|0|0|2|0|1|0|0|0,200.0,-230.0,225.0,-265.0,-1.5,7.0,sbro,,,,,NTEPESCH-R,SKAZMIR-L,,,,,,,,
2014,2014-09-16,BOS,PIT,0.0,4.0,False,0|0|0|0|0|0|0|0|0,0|2|0|0|0|1|1|0|x,150.0,-170.0,170.0,-190.0,-1.5,7.5,sbro,,,,,ARANAUDO-R,CMORTON-R,,,,,,,,
2014,2014-09-17,LOS,COL,2.0,16.0,False,0|0|0|0|0|0|0|1|1,8|0|1|3|2|1|0|1|x,100.0,-120.0,100.0,-110.0,-1.5,10.5,sbro,,,,,CFRIAS-R,JDELAROSA-L,,,,,,,,
2014,2014-09-17,SFO,ARI,4.0,2.0,False,0|1|0|0|1|0|0|0|2,0|1|0|0|1|0|0|0|0,-175.0,155.0,-191.0,171.0,1.5,7.0,sbro,,,,,BUMGARNER-L,ACHAFIN-L,,,,,,,,
2014,2014-09-17,WAS,ATL,1.0,3.0,False,0|0|0|0|1|0|0|0|0,0|0|0|0|0|3|0|0|x,-105.0,-115.0,164.0,-184.0,-1.5,6.5,sbro,,,,,BTREINEN-R,AWOOD-L,,,,,,,,
2014,2014-09-17,MIA,NYM,4.0,3.0,False,2|1|0|0|0|0|1|0|0,0|0|0|0|2|0|0|1|0,105.0,-125.0,119.0,-129.0,-1.5,6.5,sbro,,,,,HALVAREZ-R,DGEE-R,,,,,,,,
2014,2014-09-17,CIN,CUB,1.0,3.0,False,1|0|0|0|0|0|0|0|0,0|2|0|0|0|0|0|1|x,125.0,-145.0,175.0,-195.0,-1.5,7.0,sbro,,,,,DCORCINO-R,KHENDRICK-R,,,,,,,,
2014,2014-09-17,MIL,STL,0.0,2.0,False,0|0|0|0|0|0|0|0|0,0|0|0|0|0|0|2|0|x,130.0,-150.0,135.0,-150.0,-1.5,6.5,sbro,,,,,MFIERS-R,WAINWRIGHT-R,,,,,,,,
2014,2014-09-17,PHI,SDG,5.0,2.0,False,0|0|0|0|4|1|0|0|0,0|0|0|1|0|0|0|0|1,-135.0,115.0,-147.0,132.0,1.5,6.0,sbro,,,,,CHAMELS-L,ESTULTS-L,,,,,,,,
2014,2014-09-17,TOR,BAL,1.0,6.0,False,0|0|0|0|0|0|1|0|0,0|0|1|0|3|0|1|1|x,125.0,-145.0,115.0,-125.0,-1.5,8.0,sbro,,,,,JHAPP-L,BNORRIS-R,,,,,,,,
2014,2014-09-17,NYY,TAM,3.0,2.0,False,0|0|0|0|2|1|0|0|0,0|0|0|1|0|1|0|0|0,130.0,-150.0,124.0,-139.0,-1.5,6.0,sbro,,,,,BMCCARTHY-R,ACOBB-R,,,,,,,,
2014,2014-09-17,DET,MIN,4.0,8.0,False,2|2|0|0|0|0|0|0|0,3|0|0|0|0|3|0|2|x,-175.0,155.0,-172.0,152.0,1.5,7.5,sbro,,,,,DPRICE-L,KGIBSON-R,,,,,,,,
2014,2014-09-17,CLE,HOU,2.0,0.0,False,0|0|0|1|0|1|0|0|0,0|0|0|0|0|0|0|0|0,-135.0,115.0,-122.0,112.0,1.5,7.5,sbro,,,,,CCARRASCO-R,OBERHOLTZR-L,,,,,,,,
2014,2014-09-17,CWS,KAN,2.0,6.0,False,0|0|1|0|0|0|0|1|0,0|0|4|1|0|0|1|0|x,-105.0,-115.0,-103.0,-107.0,-1.5,6.5,sbro,,,,,CSALE-L,YVENTURA-R,,,,,,,,
2014,2014-09-17,SEA,LAA,0.0,5.0,False,0|0|0|0|0|0|0|0|0,0|0|0|0|0|0|5|0|x,110.0,-130.0,110.0,-120.0,-1.5,8.0,sbro,,,,,JPAXTON-L,CWILSON-L,,,,,,,,
2014,2014-09-17,TEX,OAK,6.0,1.0,False,0|0|0|0|0|0|0|0|6,0|0|0|0|1|0|0|0|0,175.0,-195.0,170.0,-190.0,-1.5,6.0,sbro,,,,,DHOLLAND-L,SAMARDZIJA-R,,,,,,,,
2014,2014-09-17,BOS,PIT,1.0,9.0,False,0|0|0|0|1|0|0|0|0,1|3|1|0|4|0|0|0|x,145.0,-165.0,155.0,-175.0,-1.5,6.5,sbro,,,,,CBUCHHOLZ-R,FLIRIANO-L,,,,,,,,
2014,2014-09-17,WAS,MIA,6.0,2.0,False,0|0|0|5|1|0|0|0|0,0|1|0|0|0|1|0|0|0,-140.0,120.0,-162.0,147.0,1.5,7.0,sbro,,,,,GGONZALEZ-L,BHAND-L,,,,,,,,
2014,2014-09-17,LOS,CUB,8.0,4.0,False,0|0|0|0|1|0|5|1|1,2|0|0|0|2|0|0|0|0,-165.0,145.0,-191.0,171.0,1.5,6.5,sbro,,,,,ZGREINKE-R,TWADA-L,,,,,,,,
2014,2014-09-17,MIL,STL,2.0,3.0,False,0|0|0|1|1|0|0|0|0,0|0|0|0|0|0|0|2|0,120.0,-140.0,119.0,-134.0,-1.5,7.5,sbro,,,,,KLOHSE-R,SMILLER-R,,,,,,,,
2014,2014-09-17,ARI,COL,6.0,7.0,False,0|0|2|0|0|4|0|0|0,0|1|0|0|0|2|0|2|2,100.0,-120.0,111.0,-121.0,-1.5,10.0,sbro,,,,,VNUNO-L,YFLANDE-L,,,,,,,,
2014,2014-09-17,PHI,SDG,3.0,7.0,False,0|0|0|1|0|0|0|0|2,0|1|0|1|1|1|0|3|x,105.0,-125.0,146.0,-161.0,-1.5,6.5,sbro,,,,,KKENDRICK-R,RERLIN-L,,,,,,,,
2014,2014-09-18,TEX,OAK,7.0,2.0,False,4|0|0|0|1|2|0|0|0,0|0|2|0|0|0|0|0|0,235.0,-275.0,255.0,-295.0,-1.5,7.5,sbro,,,,,NMARTINEZ-R,SGRAY-R,,,,,,,,
2014,2014-09-18,TOR,NYY,2.0,3.0,False,0|0|0|0|0|0|0|2|0,0|0|0|0|1|1|0|0|1,-105.0,-115.0,115.0,-125.0,-1.5,7.5,sbro,,,,,RDICKEY-R,SGREENE-R,,,,,,,,
2014,2014-09-18,CLE,HOU,2.0,1.0,False,0|0|0|0|0|0|0|0|1,0|0|0|1|0|0|0|0|0,-135.0,115.0,-140.0,125.0,1.5,8.0,sbro,,,,,DSALAZAR-R,SFELDMAN-R,,,,,,,,
2014,2014-09-18,SEA,LAA,3.0,1.0,False,0|0|0|0|0|0|0|0|3,0|0|0|0|0|0|0|0|1,-140.0,120.0,-265.0,225.0,1.5,6.5,sbro,,,,,FHERNANDZ-R,WLEBLANC-L,,,,,,,,
2014,2014-09-18,BOS,PIT,2.0,3.0,False,0|0|1|0|0|0|0|1|0,1|0|0|1|1|0|0|0|x,180.0,-210.0,205.0,-245.0,-1.5,7.5,sbro,,,,,BWORKMAN-R,GCOLE-R,,,,,,,,
2014,2014-09-19,LOS,CUB,14.0,5.0,False,6|0|2|0|0|6|0|0|0,3|0|0|0|0|0|0|0|2,-265.0,225.0,-350.0,290.0,1.5,7.5,sbro,,,,,CKERSHAW-L,EJACKSON-R,,,,,,,,
2014,2014-09-19,MIL,PIT,2.0,4.0,False,1|0|0|0|1|0|0|0|0,0|0|0|0|0|0|0|4|x,100.0,-120.0,115.0,-125.0,-1.5,7.5,sbro,,,,,YGALLARDO-R,JLOCKE-L,,,,,,,,
2014,2014-09-19,WAS,MIA,3.0,2.0,False,2|0|0|1|0|0|0|0|0,0|1|0|1|0|0|0|0|0,-145.0,125.0,-158.0,143.0,1.5,7.5,sbro,,,,,DFISTER-R,TKOEHLER-R,,,,,,,,
2014,2014-09-19,NYM,ATL,5.0,0.0,False,0|0|0|0|0|2|0|0|3,0|0|0|0|0|0|0|0|0,125.0,-145.0,125.0,-140.0,-1.5,6.5,sbro,,,,,ZWHEELER-R,JTEHERAN-R,,,,,,,,
2014,2014-09-19,ARI,COL,3.0,15.0,False,1|0|0|0|0|1|0|0|1,0|0|0|3|3|5|0|4|x,115.0,-135.0,103.0,-113.0,-1.5,10.5,sbro,,,,,CANDERSON-R,JLYLES-R,,,,,,,,
2014,2014-09-19,CIN,STL,1.0,2.0,False,0|1|0|0|0|0|0|0|0,2|0|0|0|0|0|0|0|x,170.0,-200.0,205.0,-235.0,-1.5,7.5,sbro,,,,,DHOLMBERG-L,JLACKEY-R,,,,,,,,
2014,2014-09-19,SFO,SDG,0.0,5.0,False,0|0|0|0|0|0|0|0|0,4|0|1|0|0|0|0|0|x,-135.0,115.0,-125.0,115.0,1.5,6.5,sbro,,,,,THUDSON-R,DESPAIGNE-R,,,,,,,,
2014,2014-09-19,TOR,NYY,3.0,5.0,False,2|0|0|0|1|0|0|0|0,1|0|2|2|0|0|0|0|x,120.0,-140.0,126.0,-141.0,-1.5,7.0,sbro,,,,,MBUEHRLE-L,HKURODA-R,,,,,,,,
2014,2014-09-19,BOS,BAL,5.0,3.0,False,0|0|0|2|1|0|0|0|0,0|0|1|0|0|0|2|0|0,150.0,-170.0,145.0,-160.0,-1.5,7.5,sbro,,,,,AWEBSTER-R,KGAUSMAN-R,,,,,,,,
2014,2014-09-19,CWS,TAM,4.0,3.0,False,0|0|0|0|4|0|0|0|0,2|0|0|1|0|0|0|0|0,120.0,-140.0,117.0,-132.0,-1.5,7.0,sbro,,,,,JQUINTANA-L,HELLICKSON-R,,,,,,,,
2014,2014-09-19,CLE,MIN,4.0,5.0,False,0|0|0|2|0|1|1|0|0,0|0|1|1|0|0|1|0|1,105.0,-125.0,130.0,-145.0,-1.5,8.0,sbro,,,,,TBAUER-R,PHUGHES-R,,,,,,,,
2014,2014-09-19,DET,KAN,10.0,1.0,False,3|1|0|1|5|0|0|0|0,0|0|0|0|0|0|0|1|0,-105.0,-115.0,114.0,-124.0,-1.5,8.0,sbro,,,,,VERLANDER-R,JVARGAS-L,,,,,,,,
2014,2014-09-19,SEA,HOU,10.0,5.0,False,0|0|1|7|0|0|0|1|1,1|0|0|0|1|1|0|2|0,-140.0,120.0,-155.0,140.0,1.5,8.5,sbro,,,,,TWALKER-R,BPEACOCK-R,,,,,,,,
2014,2014-09-19,TEX,LAA,12.0,3.0,False,3|4|0|2|1|0|0|0|2,0|0|0|0|2|0|1|0|0,180.0,-210.0,171.0,-201.0,-1.5,8.0,sbro,,,,,LBONILLA-R,HSANTIAGO-L,,,,,,,,
2014,2014-09-19,PHI,OAK,1.0,3.0,False,0|0|0|1|0|0|0|0|0,0|3|0|0|0|0|0|0|x,205.0,-245.0,255.0,-295.0,-1.5,7.0,sbro,,,,,DBUCHANAN-R,JLESTER-L,,,,,,,,
2014,2014-09-20,LOS,CUB,7.0,8.0,False,2|0|4|0|0|0|1|0|0,1|0|0|1|0|0|4|2|x,-145.0,125.0,-121.0,111.0,1.5,10.5,sbro,,,,,RHERNANDZ-R,FDOUBRONT-L,,,,,,,,
2014,2014-09-20,ARI,COL,1.0,5.0,False,0|0|0|0|1|0|0|0|0,1|0|3|0|1|0|0|0|x,100.0,-120.0,103.0,-113.0,-1.5,10.5,sbro,,,,,TCAHILL-R,EBUTLER-R,,,,,,,,
2014,2014-09-20,MIL,PIT,1.0,0.0,False,0|0|0|0|0|0|0|0|1,0|0|0|0|0|0|0|0|0,110.0,-130.0,113.0,-123.0,-1.5,7.5,sbro,,,,,MGARZA-R,EVOLQUEZ-R,,,,,,,,
2014,2014-09-20,WAS,MIA,3.0,2.0,False,0|0|0|0|0|0|3|0|0,1|0|0|1|0|0|0|0|0,-160.0,140.0,-180.0,160.0,1.5,6.5,sbro,,,,,JZIMMERMN-R,JCOSART-R,,,,,,,,
2014,2014-09-20,NYM,ATL,4.0,2.0,False,1|2|0|0|0|0|0|1|0,0|0|0|0|0|0|0|2|0,115.0,-135.0,118.0,-128.0,-1.5,7.0,sbro,,,,,JNIESE-L,MMINOR-L,,,,,,,,
2014,2014-09-20,CIN,STL,4.0,8.0,False,0|0|0|1|1|1|1|0|0,0|3|2|0|1|1|1|0|x,170.0,-190.0,135.0,-150.0,-1.5,7.0,sbro,,,,,MLEAKE-R,MWACHA-R,,,,,,,,
2014,2014-09-20,SFO,SDG,2.0,3.0,False,0|0|0|0|0|0|0|0|2,0|0|1|0|0|2|0|0|x,-110.0,-110.0,-115.0,105.0,1.5,6.0,sbro,,,,,YPETIT-R,ACASHNER-R,,,,,,,,
2014,2014-09-20,TOR,NYY,6.0,3.0,False,1|0|0|0|0|3|1|0|1,0|0|1|1|0|0|0|0|1,-115.0,-105.0,-124.0,114.0,1.5,8.0,sbro,,,,,MSTROMAN-R,CCAPUANO-L,,,,,,,,
2014,2014-09-20,BOS,BAL,2.0,7.0,False,2|0|0|0|0|0|0|0|0,0|0|2|2|2|0|1|0|x,160.0,-180.0,140.0,-155.0,-1.5,8.0,sbro,,,,,RDELAROSA-R,CTILLMAN-R,,,,,,,,
2014,2014-09-20,DET,KAN,3.0,2.0,False,0|0|0|1|0|0|2|0|0,0|0|0|0|1|0|0|1|0,100.0,-120.0,-103.0,-107.0,-1.5,7.0,sbro,,,,,MSCHERZER-R,JSHIELDS-R,,,,,,,,
2014,2014-09-20,CLE,MIN,7.0,3.0,False,0|3|1|0|3|0|0|0|0,0|1|1|0|0|0|0|1|0,-130.0,110.0,-117.0,107.0,1.5,8.5,sbro,,,,,THOUSE-L,TMAY-R,,,,,,,,
2014,2014-09-20,CWS,TAM,1.0,3.0,False,0|0|0|0|0|0|0|0|1,0|2|0|0|1|0|0|0|x,150.0,-170.0,150.0,-170.0,-1.5,7.0,sbro,,,,,HNOESI-R,CARCHER-R,,,,,,,,
2014,2014-09-20,SEA,HOU,1.0,10.0,False,0|0|1|0|0|0|0|0|0,4|1|0|2|0|0|3|0|x,100.0,-120.0,104.0,-114.0,-1.5,7.5,sbro,,,,,CYOUNG-R,DKEUCHEL-L,,,,,,,,
2014,2014-09-20,TEX,LAA,5.0,8.0,False,0|0|0|0|0|0|1|4|0,1|0|2|0|5|0|0|0|x,170.0,-200.0,190.0,-220.0,-1.5,8.0,sbro,,,,,CLEWIS-R,JWEAVER-R,,,,,,,,
2014,2014-09-20,PHI,OAK,3.0,0.0,False,0|0|0|0|0|0|2|1|0,0|0|0|0|0|0|0|0|0,170.0,-190.0,205.0,-245.0,-1.5,8.0,sbro,,,,,JWILLIAMS-R,DPOMERANZ-L,,,,,,,,
2014,2014-09-21,WAS,MIA,2.0,1.0,False,0|0|0|0|2|0|0|0|0,0|0|0|0|0|0|0|0|1,-170.0,150.0,-170.0,150.0,1.5,7.0,sbro,,,,,STRASBURG-R,NEOVALDI-R,,,,,,,,
2014,2014-09-21,NYM,ATL,10.0,2.0,False,1|1|0|3|0|1|0|1|3,0|0|0|0|2|0|0|0|0,100.0,-120.0,105.0,-115.0,-1.5,6.5,sbro,,,,,JDEGROM-R,ESANTANA-R,,,,,,,,
2014,2014-09-21,MIL,PIT,0.0,1.0,False,0|0|0|0|0|0|0|0|0,0|0|0|0|0|0|1|0|x,110.0,-130.0,125.0,-140.0,-1.5,8.0,sbro,,,,,WPERALTA-R,VWORLEY-R,,,,,,,,
2014,2014-09-21,CIN,STL,7.0,2.0,False,0|0|0|1|0|2|0|4|0,0|0|0|0|1|1|0|0|0,170.0,-200.0,170.0,-190.0,-1.5,6.5,sbro,,,,,ASIMON-R,LLYNN-R,,,,,,,,
2014,2014-09-21,LOS,CUB,8.0,5.0,False,2|0|2|0|1|1|1|0|1,0|1|1|0|2|0|0|1|0,-130.0,110.0,-140.0,125.0,1.5,7.5,sbro,,,,,JWRIGHT-R,JTURNER-R,,,,,,,,
2014,2014-09-21,SFO,SDG,2.0,8.0,False,0|0|0|0|0|0|2|0|0,0|0|0|0|1|4|3|0|x,-115.0,-105.0,100.0,-110.0,-1.5,7.0,sbro,,,,,VOGELSONG-R,IKENNEDY-R,,,,,,,,
2014,2014-09-21,ARI,COL,3.0,8.0,False,0|0|0|0|0|2|0|0|1,0|1|2|0|3|0|2|0|x,-114.0,-106.0,-105.0,-105.0,1.5,10.0,sbro,,,,,WMILEY-L,CBERGMAN-R,,,,,,,,
2014,2014-09-21,TOR,NYY,2.0,5.0,False,1|0|0|0|0|0|0|1|0,1|0|0|0|1|0|3|0|x,150.0,-170.0,126.0,-141.0,-1.5,7.0,sbro,,,,,HUTCHISON-R,MTANAKA-R,,,,,,,,
2014,2014-09-21,BOS,BAL,3.0,2.0,False,1|0|0|0|1|1|0|0|0,0|0|0|0|0|2|0|0|0,140.0,-160.0,130.0,-145.0,-1.5,8.5,sbro,,,,,JKELLY-R,MGONZALEZ-R,,,,,,,,
2014,2014-09-21,CWS,TAM,10.0,5.0,False,0|4|0|0|0|6|0|0|0,0|0|0|0|0|1|2|0|2,140.0,-160.0,154.0,-174.0,-1.5,7.5,sbro,,,,,JDANKS-L,NKARNS-R,,,,,,,,
2014,2014-09-21,CLE,MIN,7.0,2.0,False,0|0|2|0|3|2|0|0|0,0|1|0|0|1|0|0|0|0,-165.0,145.0,-176.0,156.0,1.5,7.5,sbro,,,,,CKLUBER-R,ASWARZAK-R,,,,,,,,
2014,2014-09-21,DET,KAN,2.0,5.0,False,0|0|1|1|0|0|0|0|0,1|1|0|2|0|0|1|0|x,-115.0,-105.0,-108.0,-102.0,1.5,7.5,sbro,,,,,RPORCELLO-R,JGUTHRIE-R,,,,,,,,
2014,2014-09-21,SEA,HOU,3.0,8.0,False,0|0|1|0|2|0|0|0|0,0|1|0|0|3|0|3|1|x,-135.0,115.0,-141.0,126.0,1.5,7.5,sbro,,,,,HIWAKUMA-R,CMCHUGH-R,,,,,,,,
2014,2014-09-21,TEX,LAA,2.0,1.0,False,0|0|0|0|0|1|0|0|1,0|0|0|0|0|1|0|0|0,170.0,-190.0,175.0,-205.0,-1.5,8.0,sbro,,,,,NTEPESCH-R,CRASMUS-R,,,,,,,,
2014,2014-09-21,PHI,OAK,6.0,8.0,False,1|0|2|1|0|2|0|0|0,3|0|1|0|2|0|0|0|0,185.0,-215.0,173.0,-203.0,-1.5,7.0,sbro,,,,,ABURNETT-R,SKAZMIR-L,,,,,,,,
2014,2014-09-22,PIT,ATL,1.0,0.0,False,0|0|0|0|0|1|0|0|0,0|0|0|0|0|0|0|0|0,-145.0,125.0,-155.0,140.0,1.5,6.5,sbro,,,,,FLIRIANO-L,AHARANG-R,,,,,,,,
2014,2014-09-22,STL,CUB,8.0,0.0,False,0|0|0|4|3|0|0|1|0,0|0|0|0|0|0|0|0|0,-170.0,150.0,-175.0,155.0,1.5,7.0,sbro,,,,,WAINWRIGHT-R,TWOOD-L,,,,,,,,
2014,2014-09-22,SFO,LOS,5.0,2.0,False,1|0|1|0|0|0|0|0|0,0|0|0|0|2|0|0|0|0,100.0,-120.0,102.0,-112.0,-1.5,7.0,sbro,,,,,JPEAVY-R,DHAREN-R,,,,,,,,
2014,2014-09-22,COL,SDG,0.0,1.0,False,0|0|0|0|0|0|0|0|0,1|0|0|0|0|0|0|0|x,105.0,-125.0,116.0,-126.0,-1.5,6.5,sbro,,,,,TMATZEK-L,ESTULTS-L,,,,,,,,
2014,2014-09-22,SEA,TOR,4.0,14.0,False,1|0|0|0|0|1|0|1|1,4|0|5|1|1|2|1|0|x,-130.0,110.0,-107.0,-103.0,1.5,7.5,sbro,,,,,JPAXTON-L,JHAPP-L,,,,,,,,
2014,2014-09-22,KAN,CLE,2.0,0.0,False,1|0|0|0|1|0|0|0|0,0|0|0|0|0|0|0|0|0,100.0,-120.0,110.0,-120.0,-1.5,6.5,sbro,,,,,DDUFFY-L,CCARRASCO-R,,,,,,,,
2014,2014-09-22,CWS,DET,2.0,0.0,False,0|2|0|0|0|0|0|0|0,0|0|0|0|0|0|0|0|0,170.0,-190.0,153.0,-173.0,-1.5,9.0,sbro,,,,,CBASSITT-R,KLOBSTEIN-L,,,,,,,,
2014,2014-09-22,BAL,NYY,0.0,5.0,False,0|0|0|0|0|0|0|0|0,0|0|2|0|2|0|0|1|x,105.0,-125.0,112.0,-122.0,-1.5,7.0,sbro,,,,,WCHEN-L,MPINEDA-R,,,,,,,,
2014,2014-09-22,HOU,TEX,3.0,4.0,False,0|0|0|0|1|2|0|0|0,0|0|3|0|0|0|1|0|x,140.0,-160.0,125.0,-140.0,-1.5,7.5,sbro,,,,,NTROPEANO-R,DHOLLAND-L,,,,,,,,
2014,2014-09-22,LAA,OAK,4.0,8.0,False,1|0|0|0|0|0|0|3|0,6|0|0|0|0|0|2|0|x,-150.0,130.0,131.0,-146.0,-1.5,7.0,sbro,,,,,CWILSON-L,SAMARDZIJA-R,,,,,,,,
2014,2014-09-22,ARI,MIN,6.0,2.0,False,0|0|0|0|5|0|0|1|0,0|0|1|0|0|0|1|0|0,100.0,-120.0,114.0,-124.0,-1.5,8.0,sbro,,,,,COLLMENTER-R,RNOLASCO-R,,,,,,,,
2014,2014-09-23,NYM,WAS,2.0,4.0,False,0|0|0|0|1|0|1|0|0,0|0|0|0|4|0|0|0|x,135.0,-155.0,159.0,-179.0,-1.5,7.0,sbro,,,,,BCOLON-R,TROARK-R,,,,,,,,
2014,2014-09-23,PIT,ATL,3.0,2.0,False,0|0|0|1|1|1|0|0|0,1|1|0|0|0|0|0|0|0,-115.0,-105.0,-102.0,-108.0,-1.5,6.0,sbro,,,,,GCOLE-R,AWOOD-L,,,,,,,,
2014,2014-09-23,MIL,CIN,1.0,3.0,False,0|0|0|0|0|1|0|0|0,2|0|0|0|0|0|0|1|x,110.0,-130.0,100.0,-110.0,-1.5,6.0,sbro,,,,,MFIERS-R,JCUETO-R,,,,,,,,
2014,2014-09-23,PHI,MIA,0.0,2.0,False,0|0|0|0|0|0|0|0|0,0|0|0|1|1|0|0|0|x,-129.0,109.0,-153.0,138.0,1.5,6.5,sbro,,,,,CHAMELS-L,HALVAREZ-R,,,,,,,,
2014,2014-09-23,STL,CUB,3.0,4.0,False,0|0|0|0|0|3|0|0|0,0|2|0|0|1|0|0|0|0,-130.0,110.0,-115.0,105.0,1.5,7.5,sbro,,,,,SMILLER-R,KHENDRICK-R,,,,,,,,
2014,2014-09-23,SFO,LOS,2.0,4.0,False,0|0|2|0|0|0|0|0|0,3|0|0|0|0|0|0|1|x,120.0,-140.0,116.0,-126.0,-1.5,6.5,sbro,,,,,BUMGARNER-L,ZGREINKE-R,,,,,,,,
2014,2014-09-23,COL,SDG,3.0,2.0,False,0|0|1|1|0|0|0|1|0,0|0|0|0|0|2|0|0|0,110.0,-130.0,132.0,-147.0,-1.5,6.0,sbro,,,,,JDELAROSA-L,RERLIN-L,,,,,,,,
2014,2014-09-23,SEA,TOR,2.0,10.0,False,0|0|2|0|0|0|0|0|0,1|0|0|0|7|2|0|0|x,-160.0,140.0,-180.0,160.0,1.5,7.0,sbro,,,,,FHERNANDZ-R,RDICKEY-R,,,,,,,,
2014,2014-09-23,BAL,NYY,5.0,4.0,False,0|2|0|2|1|0|0|0|0,0|0|0|1|0|1|2|0|0,125.0,-145.0,159.0,-179.0,-1.5,7.0,sbro,,,,,UJIMENEZ-R,BMCCARTHY-R,,,,,,,,
2014,2014-09-23,CWS,DET,3.0,4.0,False,0|0|0|0|0|0|0|0|3,0|0|0|0|1|0|2|0|1,215.0,-255.0,270.0,-320.0,-1.5,8.0,sbro,,,,,SCARROLL-R,DPRICE-L,,,,,,,,
2014,2014-09-23,KAN,CLE,7.0,1.0,False,0|0|0|2|3|0|2|0|0,0|0|0|0|0|0|0|1|0,-111.0,-109.0,114.0,-124.0,-1.5,6.5,sbro,,,,,YVENTURA-R,DSALAZAR-R,,,,,,,,
2014,2014-09-23,TAM,BOS,6.0,2.0,False,0|0|0|0|0|0|0|5|1,0|0|0|1|0|0|0|1|0,-115.0,-105.0,-130.0,115.0,1.5,7.5,sbro,,,,,ACOBB-R,CBUCHHOLZ-R,,,,,,,,
2014,2014-09-23,HOU,TEX,1.0,2.0,False,0|0|0|0|0|0|0|0|1,0|0|0|2|0|0|0|0|x,100.0,-120.0,-110.0,100.0,1.5,9.0,sbro,,,,,OBERHOLTZR-L,NMARTINEZ-R,,,,,,,,
2014,2014-09-23,LAA,OAK,2.0,0.0,False,0|1|0|0|0|1|0|0|0,0|0|0|0|0|0|0|0|0,170.0,-200.0,145.0,-160.0,-1.5,7.5,sbro,,,,,WLEBLANC-L,SGRAY-R,,,,,,,,
2014,2014-09-23,ARI,MIN,3.0,6.0,False,0|0|0|1|0|0|0|1|1,0|1|2|1|1|0|1|0|x,125.0,-145.0,119.0,-134.0,-1.5,8.0,sbro,,,,,ACHAFIN-L,KGIBSON-R,,,,,,,,
2014,2014-09-24,PIT,ATL,2.0,6.0,False,0|0|0|0|2|0|0|0|0,0|2|2|2|0|0|0|0|x,100.0,-120.0,116.0,-126.0,-1.5,6.5,sbro,,,,,JLOCKE-L,JTEHERAN-R,,,,,,,,
2014,2014-09-24,PHI,MIA,2.0,1.0,False,0|0|0|0|0|0|1|1|0,0|0|0|0|0|0|1|0|0,110.0,-130.0,109.0,-119.0,-1.5,7.5,sbro,,,,,KKENDRICK-R,BHAND-L,,,,,,,,
2014,2014-09-24,MIL,CIN,5.0,0.0,False,0|0|0|1|1|0|0|3|0,0|0|0|0|0|0|0|0|0,-140.0,120.0,-135.0,120.0,1.5,7.5,sbro,,,,,KLOHSE-R,DCORCINO-R,,,,,,,,
2014,2014-09-24,STL,CUB,1.0,3.0,False,0|0|0|0|1|0|0|0|0,0|0|0|2|0|0|0|1|x,-125.0,105.0,-105.0,-105.0,-1.5,7.0,sbro,,,,,JLACKEY-R,JARRIETA-R,,,,,,,,
2014,2014-09-24,COL,SDG,3.0,4.0,False,1|0|0|0|0|2|0|0|0,3|0|0|1|0|0|0|0|x,110.0,-130.0,114.0,-124.0,-1.5,7.0,sbro,,,,,YFLANDE-L,JWIELAND-R,,,,,,,,
2014,2014-09-24,SFO,LOS,1.0,9.0,False,0|0|1|0|0|0|0|0|0,0|0|0|0|1|4|0|4|x,200.0,-240.0,220.0,-260.0,-1.5,6.0,sbro,,,,,THUDSON-R,CKERSHAW-L,,,,,,,,
2014,2014-09-24,BAL,NYY,9.0,5.0,False,0|0|0|6|0|0|0|3|0,1|1|1|0|0|0|0|2|0,100.0,-120.0,118.0,-128.0,-1.5,7.0,sbro,,,,,BNORRIS-R,SGREENE-R,,,,,,,,
2014,2014-09-24,CWS,DET,1.0,6.0,False,0|0|0|0|0|1|0|0|0,0|0|0|0|0|1|2|3|x,105.0,-125.0,-110.0,100.0,1.5,7.0,sbro,,,,,CSALE-L,VERLANDER-R,,,,,,,,
2014,2014-09-24,LAA,OAK,5.0,4.0,False,1|0|2|0|1|0|1|0|0,0|0|0|0|0|0|4|0|0,170.0,-190.0,175.0,-195.0,-1.5,7.5,sbro,,,,,HSANTIAGO-L,JLESTER-L,,,,,,,,
2014,2014-09-24,SEA,TOR,0.0,1.0,False,0|0|0|0|0|0|0|0|0,0|0|0|0|0|0|0|1|x,-105.0,-105.0,109.0,-119.0,-1.5,8.0,sbro,,,,,TWALKER-R,MBUEHRLE-L,,,,,,,,
2014,2014-09-24,KAN,CLE,4.0,6.0,False,0|0|0|1|3|0|0|0|0,3|0|0|0|2|1|0|0|x,-105.0,-115.0,-118.0,108.0,1.5,7.0,sbro,,,,,JVARGAS-L,TBAUER-R,,,,,,,,
2014,2014-09-24,TAM,BOS,3.0,11.0,False,2|0|0|0|0|0|0|0|1,0|2|0|5|0|4|0|0|x,-125.0,105.0,-167.0,152.0,1.5,7.5,sbro,,,,,JODORIZZI-R,ARANAUDO-R,,,,,,,,
2014,2014-09-24,HOU,TEX,1.0,5.0,False,0|0|0|0|0|0|0|1|0,0|0|0|0|1|0|4|0|x,100.0,-120.0,102.0,-112.0,-1.5,8.0,sbro,,,,,SFELDMAN-R,LBONILLA-R,,,,,,,,
2014,2014-09-24,ARI,MIN,1.0,2.0,False,0|0|0|0|0|1|0|0|0,1|1|0|0|0|0|0|0|x,132.0,-152.0,154.0,-174.0,-1.5,7.5,sbro,,,,,VNUNO-L,PHUGHES-R,,,,,,,,
2014,2014-09-25,MIL,CIN,3.0,5.0,False,0|1|0|1|0|0|1|0|0,0|0|1|0|2|2|0|0|x,-150.0,130.0,-170.0,150.0,1.5,8.0,sbro,,,,,YGALLARDO-R,DHOLMBERG-L,,,,,,,,
2014,2014-09-25,PHI,MIA,4.0,6.0,False,1|0|0|0|0|3|0|0|0,2|0|0|0|0|0|4|0|x,110.0,-130.0,116.0,-126.0,-1.5,7.0,sbro,,,,,DBUCHANAN-R,TKOEHLER-R,,,,,,,,
2014,2014-09-25,NYM,WAS,0.0,3.0,False,0|0|0|0|0|0|0|0|0,0|0|0|3|0|0|0|0|x,160.0,-180.0,150.0,-170.0,-1.5,6.5,sbro,,,,,ZWHEELER-R,GGONZALEZ-L,,,,,,,,
2014,2014-09-25,PIT,ATL,10.0,1.0,False,1|0|1|0|0|1|3|4|0,0|0|0|0|0|0|0|0|1,-150.0,130.0,-127.0,117.0,1.5,7.0,sbro,,,,,EVOLQUEZ-R,DHALE-R,,,,,,,,
2014,2014-09-25,SDG,SFO,8.0,9.0,False,0|0|0|0|0|3|5|0|0,1|1|2|1|1|0|3|0|x,130.0,-150.0,116.0,-131.0,-1.5,6.0,sbro,,,,,ACASHNER-R,YPETIT-R,,,,,,,,
2014,2014-09-25,SEA,TOR,7.0,5.0,False,0|0|0|4|0|2|1|0|0,0|2|0|0|2|0|0|0|1,105.0,-125.0,-126.0,116.0,1.5,8.0,sbro,,,,,TWILHELMS-R,DNORRIS-L,,,,,,,,
2014,2014-09-25,BAL,NYY,5.0,6.0,False,2|0|0|0|0|0|0|0|3,2|0|0|0|0|0|3|0|1,105.0,-125.0,125.0,-140.0,-1.5,7.0,sbro,,,,,KGAUSMAN-R,HKURODA-R,,,,,,,,
2014,2014-09-25,MIN,DET,2.0,4.0,False,0|0|0|0|2|0|0|0|0,2|0|0|1|0|0|1|0|x,250.0,-290.0,250.0,-290.0,-1.5,7.5,sbro,,,,,TMAY-R,MSCHERZER-R,,,,,,,,
2014,2014-09-25,TAM,BOS,1.0,11.0,False,0|1|0|0|0|0|0|0|0,1|2|4|0|0|2|2|0|x,-117.0,-103.0,-124.0,114.0,1.5,8.0,sbro,,,,,HELLICKSON-R,AWEBSTER-R,,,,,,,,
2014,2014-09-25,OAK,TEX,1.0,2.0,False,0|0|0|0|0|1|0|0|0,0|0|0|0|0|1|0|0|1,-145.0,125.0,-147.0,132.0,1.5,8.5,sbro,,,,,JHAMMEL-R,CLEWIS-R,,,,,,,,
2014,2014-09-25,KAN,CWS,6.0,3.0,False,1|0|0|0|1|1|0|2|1,0|2|0|1|0|0|0|0|0,-140.0,120.0,-140.0,125.0,1.5,7.0,sbro,,,,,JSHIELDS-R,JQUINTANA-L,,,,,,,,
2014,2014-09-25,NYM,WAS,7.0,4.0,False,1|0|0|0|3|0|0|2|1,0|0|0|1|3|0|0|0|0,140.0,-160.0,145.0,-160.0,-1.5,7.0,sbro,,,,,DGEE-R,BTREINEN-R,,,,,,,,
2014,2014-09-26,MIA,WAS,0.0,4.0,False,0|0|0|0|0|0|0|0|0,2|0|0|0|1|1|0|0|x,173.0,-203.0,170.0,-200.0,-1.5,7.0,sbro,,,,,JCOSART-R,DFISTER-R,,,,,,,,
2014,2014-09-26,MIA,WAS,15.0,7.0,False,1|1|0|0|5|0|3|0|5,3|0|1|0|1|1|1|0|0,145.0,-165.0,125.0,-140.0,-1.5,7.0,sbro,,,,,AHEANEY-L,THILL-R,,,,,,,,
2014,2014-09-26,ATL,PHI,4.0,5.0,False,2|0|0|2|0|0|0|0|0,0|0|0|0|1|3|1|0|x,-110.0,-110.0,-116.0,106.0,1.5,7.5,sbro,,,,,ESANTANA-R,JWILLIAMS-R,,,,,,,,
2014,2014-09-26,PIT,CIN,3.0,1.0,False,0|0|0|0|1|0|0|2|0,0|0|0|0|1|0|0|0|0,-140.0,120.0,-158.0,143.0,1.5,7.0,sbro,,,,,VWORLEY-R,MLEAKE-R,,,,,,,,
2014,2014-09-26,CUB,MIL,6.0,4.0,False,1|0|2|0|2|0|1|0|0,0|1|1|0|0|1|0|1|0,140.0,-160.0,129.0,-144.0,-1.5,8.5,sbro,,,,,EJOKISCH-L,JNELSON-R,,,,,,,,
2014,2014-09-26,STL,ARI,7.0,6.0,False,0|1|0|0|0|3|2|0|0,2|0|0|0|0|0|1|3|0,-165.0,145.0,-174.0,154.0,1.5,8.5,sbro,,,,,MWACHA-R,TCAHILL-R,,,,,,,,
2014,2014-09-26,COL,LOS,4.0,7.0,False,0|0|3|0|0|0|0|0|1,1|0|0|0|0|6|0|0|x,155.0,-175.0,142.0,-157.0,-1.5,7.5,sbro,,,,,JLYLES-R,RHERNANDZ-R,,,,,,,,
2014,2014-09-26,SDG,SFO,4.0,1.0,False,1|0|0|0|0|3|0|0|0,0|1|0|0|0|0|0|0|0,145.0,-165.0,103.0,-113.0,-1.5,6.5,sbro,,,,,IKENNEDY-R,VOGELSONG-R,,,,,,,,
2014,2014-09-26,TAM,CLE,0.0,1.0,False,0|0|0|0|0|0|0|0|0,1|0|0|0|0|0|0|0|x,130.0,-150.0,168.0,-188.0,-1.5,6.5,sbro,,,,,CARCHER-R,CKLUBER-R,,,,,,,,
2014,2014-09-26,BAL,TOR,2.0,4.0,False,1|0|0|0|1|0|0|0|0,0|1|2|0|1|0|0|0|x,-105.0,-115.0,119.0,-129.0,-1.5,7.5,sbro,,,,,CTILLMAN-R,HUTCHISON-R,,,,,,,,
2014,2014-09-26,MIN,DET,11.0,4.0,False,3|0|1|2|0|4|0|1|0,0|0|0|1|2|0|1|0|0,170.0,-200.0,173.0,-203.0,-1.5,8.5,sbro,,,,,ASWARZAK-R,RPORCELLO-R,,,,,,,,
2014,2014-09-26,NYY,BOS,3.0,2.0,False,0|0|2|0|0|1|0|0|0,0|1|0|0|0|0|1|0|0,-114.0,-106.0,125.0,-140.0,-1.5,8.0,sbro,,,,,CCAPUANO-L,SWRIGHT-R,,,,,,,,
2014,2014-09-26,OAK,TEX,6.0,2.0,False,0|0|2|1|3|0|0|0|0,1|0|0|0|1|0|0|0|0,-160.0,140.0,-174.0,154.0,1.5,8.0,sbro,,,,,SKAZMIR-L,NTEPESCH-R,,,,,,,,
2014,2014-09-26,KAN,CWS,3.0,1.0,False,3|0|0|0|0|0|0|0|0,0|0|0|0|0|0|0|1|0,-140.0,120.0,-142.0,127.0,1.5,8.0,sbro,,,,,JGUTHRIE-R,HNOESI-R,,,,,,,,
2014,2014-09-26,LAA,SEA,3.0,4.0,False,0|0|0|0|0|2|0|0|1,0|3|0|0|1|0|0|0|x,110.0,-130.0,119.0,-134.0,-1.5,7.0,sbro,,,,,JWEAVER-R,HIWAKUMA-R,,,,,,,,
2014,2014-09-26,HOU,NYM,3.0,1.0,False,0|0|0|0|0|3|0|0|0,0|0|0|1|0|0|0|0|0,140.0,-160.0,136.0,-151.0,-1.5,7.0,sbro,,,,,BPEACOCK-R,JNIESE-L,,,,,,,,
2014,2014-09-27,MIA,WAS,1.0,5.0,False,0|0|0|0|0|0|0|0|1,0|1|0|0|1|0|0|3|x,160.0,-180.0,210.0,-250.0,-1.5,6.5,sbro,,,,,NEOVALDI-R,STRASBURG-R,,,,,,,,
2014,2014-09-27,SDG,SFO,1.0,3.0,False,0|0|0|0|1|0|0|0|0,1|0|0|0|0|0|0|2|x,165.0,-185.0,140.0,-155.0,-1.5,7.0,sbro,,,,,ESTULTS-L,JPEAVY-R,,,,,,,,
2014,2014-09-27,PIT,CIN,6.0,10.0,False,0|1|0|0|3|0|2|0|0,3|0|0|0|1|0|2|0|0,-160.0,140.0,-164.0,149.0,1.5,7.0,sbro,,,,,FLIRIANO-L,ASIMON-R,,,,,,,,
2014,2014-09-27,ATL,PHI,4.0,2.0,False,0|1|1|0|0|0|2|0|0,0|1|0|0|0|1|0|0|0,100.0,-120.0,107.0,-117.0,-1.5,7.5,sbro,,,,,AHARANG-R,ABURNETT-R,,,,,,,,
2014,2014-09-27,CUB,MIL,1.0,2.0,False,0|0|1|0|0|0|0|0|0,0|0|1|0|1|0|0|0|x,130.0,-150.0,149.0,-164.0,-1.5,8.0,sbro,,,,,TWADA-L,WPERALTA-R,,,,,,,,
2014,2014-09-27,STL,ARI,2.0,5.0,False,0|0|2|0|0|0|0|0|0,2|0|0|0|0|0|3|0|x,-150.0,130.0,-146.0,131.0,1.5,7.5,sbro,,,,,LLYNN-R,WMILEY-L,,,,,,,,
2014,2014-09-27,COL,LOS,5.0,6.0,False,0|0|0|1|1|1|0|1|1,1|0|0|0|4|0|0|0|0,155.0,-175.0,170.0,-190.0,-1.5,7.0,sbro,,,,,EBUTLER-R,DHAREN-R,,,,,,,,
2014,2014-09-27,BAL,TOR,2.0,4.0,False,0|1|0|0|0|1|0|0|0,0|0|2|0|1|0|0|1|x,-112.0,-108.0,103.0,-113.0,-1.5,8.0,sbro,,,,,WCHEN-L,JHAPP-L,,,,,,,,
2014,2014-09-27,NYY,BOS,4.0,10.0,False,0|0|0|0|0|0|1|3|0,1|8|0|0|0|1|0|0|x,-145.0,125.0,-133.0,118.0,1.5,7.5,sbro,,,,,MTANAKA-R,JKELLY-R,,,,,,,,
2014,2014-09-27,TAM,CLE,2.0,0.0,False,0|0|0|1|0|0|0|1|0,0|0|0|0|0|0|0|0|0,145.0,-165.0,149.0,-164.0,-1.5,7.0,sbro,,,,,ACOLOME-R,CCARRASCO-R,,,,,,,,
2014,2014-09-27,MIN,DET,12.0,3.0,False,0|0|0|0|6|0|2|4|0,0|1|0|0|0|1|0|1|0,170.0,-190.0,151.0,-171.0,-1.5,8.5,sbro,,,,,RNOLASCO-R,KLOBSTEIN-L,,,,,,,,
2014,2014-09-27,KAN,CWS,4.0,5.0,False,0|0|1|0|0|0|1|1|1,3|1|0|0|0|0|1|0|x,-180.0,160.0,-159.0,144.0,1.5,8.0,sbro,,,,,DDUFFY-L,JDANKS-L,,,,,,,,
2014,2014-09-27,OAK,TEX,4.0,5.0,False,1|0|0|0|1|0|0|2|0,2|0|0|1|0|0|2|0|x,-144.0,124.0,-200.0,170.0,1.5,8.0,sbro,,,,,SAMARDZIJA-R,SBAKER-R,,,,,,,,
2014,2014-09-27,LAA,SEA,1.0,2.0,False,0|1|0|0|0|0|0|0|0,0|0|0|0|0|0|1|0|0,115.0,-135.0,114.0,-124.0,-1.5,7.0,sbro,,,,,CWILSON-L,JPAXTON-L,,,,,,,,
2014,2014-09-27,HOU,NYM,1.0,2.0,False,0|0|0|0|0|1|0|0|0,0|0|0|0|0|0|0|0|2,130.0,-150.0,127.0,-142.0,-1.5,7.5,sbro,,,,,SDEDUNO-R,RMONTERO-R,,,,,,,,
2014,2014-09-28,PIT,CIN,1.0,4.0,False,0|0|0|1|0|0|0|0|0,1|0|0|0|0|0|0|3|x,-125.0,105.0,-115.0,105.0,1.5,6.5,sbro,,,,,GCOLE-R,JCUETO-R,,,,,,,,
2014,2014-09-28,MIA,WAS,0.0,1.0,False,0|0|0|0|0|0|0|0|0,0|1|0|0|0|0|0|0|x,145.0,-165.0,176.0,-196.0,-1.5,7.0,sbro,,,,,HALVAREZ-R,JZIMMERMN-R,,,,,,,,
2014,2014-09-28,ATL,PHI,2.0,1.0,False,2|0|0|0|0|0|0|0|0,0|0|0|0|0|0|0|1|0,110.0,-130.0,153.0,-168.0,-1.5,6.5,sbro,,,,,JRUSSELL-L,CHAMELS-L,,,,,,,,
2014,2014-09-28,CUB,MIL,5.0,2.0,False,2|0|0|0|0|2|0|0|1,0|1|0|0|1|0|0|0|0,155.0,-175.0,151.0,-171.0,-1.5,7.5,sbro,,,,,JTURNER-R,MFIERS-R,,,,,,,,
2014,2014-09-28,SDG,SFO,3.0,9.0,False,2|0|1|0|0|0|0|0|0,2|2|0|1|0|0|4|0|x,108.0,-128.0,110.0,-120.0,-1.5,7.5,sbro,,,,,RERLIN-L,CHESTON-R,,,,,,,,
2014,2014-09-28,COL,LOS,5.0,10.0,False,0|1|0|0|0|0|3|1|0,2|0|3|0|0|4|1|0|x,200.0,-230.0,190.0,-220.0,-1.5,7.0,sbro,,,,,CBERGMAN-R,ZGREINKE-R,,,,,,,,
2014,2014-09-28,STL,ARI,1.0,0.0,False,0|0|0|0|0|1|0|0|0,0|0|0|0|0|0|0|0|0,-170.0,150.0,135.0,-150.0,1.5,8.5,sbro,,,,,NGREENWOO-L,COLLMENTER-R,,,,,,,,
2014,2014-09-28,MIN,DET,0.0,3.0,False,0|0|0|0|0|0|0|0|0,0|0|1|0|0|0|0|2|x,200.0,-230.0,216.0,-256.0,-1.5,7.5,sbro,,,,,KGIBSON-R,DPRICE-L,,,,,,,,
2014,2014-09-28,TAM,CLE,2.0,7.0,False,0|1|0|0|0|1|0|0|0,0|2|0|0|1|1|3|0|x,-115.0,-105.0,-145.0,130.0,1.5,6.5,sbro,,,,,ACOBB-R,THOUSE-L,,,,,,,,
2014,2014-09-28,BAL,TOR,1.0,0.0,False,0|0|0|0|1|0|0|0|0,0|0|0|0|0|0|0|0|0,105.0,-125.0,109.0,-119.0,-1.5,8.0,sbro,,,,,MGONZALEZ-R,RDICKEY-R,,,,,,,,
2014,2014-09-28,NYY,BOS,9.0,5.0,False,0|0|4|0|0|0|5|0|0,0|0|0|0|0|0|5|0|0,-115.0,-105.0,108.0,-118.0,-1.5,7.5,sbro,,,,,MPINEDA-R,CBUCHHOLZ-R,,,,,,,,
2014,2014-09-28,KAN,CWS,6.0,4.0,False,0|2|0|0|0|3|0|1|0,0|0|2|2|0|0|0|0|0,-160.0,140.0,-190.0,170.0,1.5,7.5,sbro,,,,,YVENTURA-R,CBASSITT-R,,,,,,,,
2014,2014-09-28,OAK,TEX,4.0,0.0,False,0|2|0|0|0|0|0|0|2,0|0|0|0|0|0|0|0|0,-180.0,160.0,-191.0,171.0,1.5,8.5,sbro,,,,,SGRAY-R,NMARTINEZ-R,,,,,,,,
2014,2014-09-28,LAA,SEA,1.0,4.0,False,0|0|0|0|0|0|0|0|1,0|1|0|3|0|0|0|0|x,168.0,-188.0,170.0,-200.0,-1.5,7.0,sbro,,,,,CRASMUS-R,FHERNANDZ-R,,,,,,,,
2014,2014-09-28,HOU,NYM,3.0,8.0,False,0|1|0|0|1|1|0|0|0,1|0|1|0|2|0|0|4|x,130.0,-150.0,145.0,-160.0,-1.5,7.0,sbro,,,,,NTROPEANO-R,BCOLON-R,,,,,,,,
2014,2014-09-29,OAK,KAN,8.0,9.0,False,2|0|0|0|0|5|0|0|0,1|0|2|0|0|0|0|3|1,-108.0,-112.0,-110.0,100.0,1.5,6.5,sbro,,,,,JLESTER-L,JSHIELDS-R,,,,,,,,
2014,2014-10-01,SFO,PIT,8.0,0.0,False,0|0|0|4|0|1|2|1|0,0|0|0|0|0|0|0|0|0,-107.0,-113.0,-112.0,102.0,1.5,6.5,sbro,,,,,BUMGARNER-L,EVOLQUEZ-R,,,,,,,,
2014,2014-10-02,DET,BAL,3.0,12.0,False,0|2|0|0|0|0|0|1|0,2|1|0|0|0|0|1|8|x,-122.0,102.0,-120.0,110.0,1.5,7.0,sbro,,,,,MSCHERZER-R,CTILLMAN-R,,,,,,,,
2014,2014-10-02,KAN,LAA,3.0,2.0,False,0|0|1|0|1|0|0|0|0,0|0|1|0|1|0|0|0|0,155.0,-175.0,172.0,-192.0,-1.5,7.5,sbro,,,,,JVARGAS-L,JWEAVER-R,,,,,,,,
2014,2014-10-03,SFO,WAS,3.0,2.0,False,0|0|1|1|0|0|1|0|0,0|0|0|0|0|0|2|0|0,160.0,-180.0,170.0,-190.0,-1.5,7.0,sbro,,,,,JPEAVY-R,STRASBURG-R,,,,,,,,
2014,2014-10-03,STL,LOS,10.0,9.0,False,1|0|0|0|0|1|8|0|0,0|0|2|2|2|0|0|2|1,180.0,-210.0,164.0,-184.0,-1.5,6.0,sbro,,,,,WAINWRIGHT-R,CKERSHAW-L,,,,,,,,
2014,2014-10-03,DET,BAL,6.0,7.0,False,0|0|0|5|0|0|0|1|0,0|0|2|1|0|0|0|4|x,-120.0,100.0,110.0,-120.0,-1.5,8.0,sbro,,,,,VERLANDER-R,WCHEN-L,,,,,,,,
2014,2014-10-03,KAN,LAA,4.0,1.0,False,0|1|0|0|0|0|0|0|0,0|0|0|0|0|1|0|0|0,160.0,-180.0,150.0,-170.0,-1.5,7.5,sbro,,,,,YVENTURA-R,SHOEMAKER-R,,,,,,,,
2014,2014-10-04,SFO,WAS,2.0,1.0,False,0|0|0|0|0|0|0|0|1,0|0|1|0|0|0|0|0|0,170.0,-200.0,170.0,-200.0,-1.5,7.0,sbro,,,,,THUDSON-R,JZIMMERMN-R,,,,,,,,
2014,2014-10-04,STL,LOS,2.0,3.0,False,0|0|0|0|0|0|0|2|0,0|0|2|0|0|0|0|1|x,140.0,-160.0,160.0,-180.0,-1.5,7.0,sbro,,,,,LLYNN-R,ZGREINKE-R,,,,,,,,
2014,2014-10-05,BAL,DET,2.0,1.0,False,0|0|0|0|0|2|0|0|0,0|0|0|0|0|0|0|0|1,155.0,-175.0,151.0,-171.0,-1.5,7.5,sbro,,,,,BNORRIS-R,DPRICE-L,,,,,,,,
2014,2014-10-05,LAA,KAN,2.0,1.0,False,0|0|0|0|0|2|0|0|0,0|0|0|0|0|0|0|0|1,115.0,-135.0,118.0,-128.0,-1.5,7.5,sbro,,,,,CWILSON-L,JSHIELDS-R,,,,,,,,
2014,2014-10-06,LOS,STL,1.0,3.0,False,0|0|0|0|0|1|0|0|0,0|0|1|0|0|0|2|0|x,-105.0,-105.0,-105.0,-105.0,-1.5,7.5,sbro,,,,,HRYU-L,JLACKEY-R,,,,,,,,
2014,2014-10-06,WAS,SFO,4.0,1.0,False,0|0|0|0|0|0|3|0|1,0|0|0|0|0|0|0|0|1,120.0,-140.0,125.0,-140.0,-1.5,7.0,sbro,,,,,DFISTER-R,BUMGARNER-L,,,,,,,,
2014,2014-10-07,LOS,STL,2.0,3.0,False,0|0|0|0|0|2|0|0|0,0|0|0|0|0|0|3|0|x,-165.0,145.0,-171.0,151.0,1.5,6.5,sbro,,,,,CKERSHAW-L,SMILLER-R,,,,,,,,
2014,2014-10-07,WAS,SFO,2.0,3.0,False,0|0|0|0|1|0|1|0|0,0|2|0|0|0|0|1|0|x,-120.0,100.0,-149.0,134.0,1.5,7.0,sbro,,,,,GGONZALEZ-L,VOGELSONG-R,,,,,,,,
2014,2014-10-10,KAN,BAL,8.0,6.0,False,0|0|4|0|1|0|0|0|0,0|0|1|0|3|1|0|0|0,100.0,-120.0,112.0,-122.0,-1.5,7.0,sbro,,,,,JSHIELDS-R,CTILLMAN-R,,,,,,,,
2014,2014-10-11,SFO,STL,3.0,0.0,False,0|2|1|0|0|0|0|0|0,0|0|0|0|0|0|0|0|0,112.0,-132.0,104.0,-114.0,-1.5,6.0,sbro,,,,,BUMGARNER-L,WAINWRIGHT-R,,,,,,,,
2014,2014-10-11,KAN,BAL,6.0,4.0,False,2|0|1|1|0|0|0|0|2,0|1|2|0|1|0|0|0|0,102.0,-122.0,108.0,-118.0,-1.5,7.0,sbro,,,,,YVENTURA-R,BNORRIS-R,,,,,,,,
2014,2014-10-12,SFO,STL,4.0,5.0,False,0|0|0|0|1|1|1|0|1,0|0|1|1|0|0|1|1|1,-101.0,-119.0,125.0,-140.0,-1.5,6.5,sbro,,,,,JPEAVY-R,LLYNN-R,,,,,,,,
2014,2014-10-14,STL,SFO,4.0,5.0,False,0|0|0|2|0|1|1|0|0,4|0|0|0|0|0|0|0|0,-103.0,-117.0,109.0,-119.0,-1.5,7.0,sbro,,,,,JLACKEY-R,THUDSON-R,,,,,,,,
2014,2014-10-14,BAL,KAN,1.0,2.0,False,0|1|0|0|0|0|0|0|0,0|0|0|1|0|1|0|0|x,-113.0,-107.0,-101.0,-109.0,-1.5,7.0,sbro,,,,,WCHEN-L,JGUTHRIE-R,,,,,,,,
2014,2014-10-15,STL,SFO,4.0,6.0,False,1|1|2|0|0|0|0|0|0,1|0|2|0|0|3|0|0|x,100.0,-120.0,103.0,-113.0,-1.5,7.0,sbro,,,,,SMILLER-R,VOGELSONG-R,,,,,,,,
2014,2014-10-15,BAL,KAN,1.0,2.0,False,0|0|1|0|0|0|0|0|0,2|0|0|0|0|0|0|0|x,100.0,-120.0,116.0,-131.0,-1.5,7.0,sbro,,,,,MGONZALEZ-R,JVARGAS-L,,,,,,,,
2014,2014-10-16,STL,SFO,3.0,6.0,False,0|0|1|2|0|0|0|0|0,0|0|2|0|0|0|0|1|3,105.0,-125.0,140.0,-155.0,-1.5,6.0,sbro,,,,,WAINWRIGHT-R,BUMGARNER-L,,,,,,,,
2014,2014-10-21,SFO,KAN,7.0,1.0,False,3|0|0|2|0|0|2|0|0,0|0|0|0|0|0|1|0|0,-105.0,-105.0,-105.0,-105.0,1.5,6.5,sbro,,,,,BUMGARNER-L,JSHIELDS-R,,,,,,,,
2014,2014-10-22,SFO,KAN,2.0,7.0,False,1|0|0|1|0|0|0|0|0,1|1|0|0|0|5|0|0|x,-112.0,-108.0,119.0,-134.0,-1.5,7.0,sbro,,,,,JPEAVY-R,YVENTURA-R,,,,,,,,
2014,2014-10-24,KAN,SFO,3.0,2.0,False,1|0|0|0|0|2|0|0|0,0|0|0|0|0|2|0|0|0,-130.0,110.0,115.0,-125.0,-1.5,7.0,sbro,,,,,JGUTHRIE-R,THUDSON-R,,,,,,,,
2014,2014-10-25,KAN,SFO,4.0,11.0,False,0|0|4|0|0|0|0|0|0,1|0|1|0|2|3|4|0|x,105.0,-125.0,-109.0,-101.0,1.5,7.0,sbro,,,,,JVARGAS-L,VOGELSONG-R,,,,,,,,
2014,2014-10-26,KAN,SFO,0.0,5.0,False,0|0|0|0|0|0|0|0|0,0|1|0|1|0|0|0|3|x,143.0,-163.0,153.0,-173.0,-1.5,6.5,sbro,,,,,JSHIELDS-R,BUMGARNER-L,,,,,,,,
2014,2014-10-28,SFO,KAN,0.0,10.0,False,0|0|0|0|0|0|0|0|0,0|7|1|0|1|0|1|0|x,119.0,-139.0,129.0,-144.0,-1.5,7.0,sbro,,,,,JPEAVY-R,YVENTURA-R,,,,,,,,
2014,2014-10-29,SFO,KAN,3.0,2.0,False,0|2|0|1|0|0|0|0|0,0|2|0|0|0|0|0|0|0,105.0,-125.0,125.0,-140.0,-1.5,7.0,sbro,,,,,THUDSON-R,JGUTHRIE-R,,,,,,,,
