timestamp_utc,sport,sbd_id,market,book,side,odds_american,open_odds_american,line,open_line
2026-09-28T04:40:42.371089+00:00,nfl,sr:match:71515840,moneyline,DraftKings,away,-205,-102,,
2026-09-28T04:40:42.371089+00:00,nfl,sr:match:71515840,moneyline,DraftKings,home,+170,-118,,
2026-09-28T04:40:42.371089+00:00,nfl,sr:match:71515840,moneyline,Bet365.US.NJ,away,-205,-105,,
2026-09-28T04:40:42.371089+00:00,nfl,sr:match:71515840,moneyline,Bet365.US.NJ,home,+170,-115,,
2026-09-28T04:40:42.371089+00:00,nfl,sr:match:71515840,moneyline,WilliamHillNewJersey,away,-209,+100,,
2026-09-28T04:40:42.371089+00:00,nfl,sr:match:71515840,moneyline,WilliamHillNewJersey,home,+173,-131,,
2026-09-28T04:40:42.371089+00:00,nfl,sr:match:71515840,moneyline,FanDuel,away,-210,-104,,
2026-09-28T04:40:42.371089+00:00,nfl,sr:match:71515840,moneyline,FanDuel,home,+176,-112,,
2026-09-28T04:40:42.371089+00:00,nfl,sr:match:71515840,spread,MGM,away,-108,-111,-4.0,-4.0
2026-09-28T04:40:42.371089+00:00,nfl,sr:match:71515840,spread,MGM,home,-111,-108,4.0,4.0
2026-09-28T04:40:42.371089+00:00,nfl,sr:match:71515840,spread,DraftKings,away,-125,-115,-3.5,1.5
2026-09-28T04:40:42.371089+00:00,nfl,sr:match:71515840,spread,DraftKings,home,-106,-105,3.5,-1.5
2026-09-28T04:40:42.371089+00:00,nfl,sr:match:71515840,spread,Bet365.US.NJ,away,-115,-115,-3.5,1.5
2026-09-28T04:40:42.371089+00:00,nfl,sr:match:71515840,spread,Bet365.US.NJ,home,-105,-105,3.5,-1.5
2026-09-28T04:40:42.371089+00:00,nfl,sr:match:71515840,spread,WilliamHillNewJersey,away,-113,-115,-3.5,1.5
2026-09-28T04:40:42.371089+00:00,nfl,sr:match:71515840,spread,WilliamHillNewJersey,home,-107,-115,3.5,-1.5
2026-09-28T04:40:42.371089+00:00,nfl,sr:match:71515840,spread,FanDuel,away,-106,-118,-4.5,1.5
2026-09-28T04:40:42.371089+00:00,nfl,sr:match:71515840,spread,FanDuel,home,-114,-104,4.5,-1.5
2026-09-28T04:40:42.371089+00:00,nfl,sr:match:71515840,total,MGM,over,-108,-108,42.0,43.5
2026-09-28T04:40:42.371089+00:00,nfl,sr:match:71515840,total,MGM,under,-122,-111,42.0,43.5
2026-09-28T04:40:42.371089+00:00,nfl,sr:match:71515840,total,DraftKings,over,-105,-110,41.5,46.5
2026-09-28T04:40:42.371089+00:00,nfl,sr:match:71515840,total,DraftKings,under,-115,-110,41.5,46.5
2026-09-28T04:40:42.371089+00:00,nfl,sr:match:71515840,total,Bet365.US.NJ,over,-105,-110,41.5,47.5
2026-09-28T04:40:42.371089+00:00,nfl,sr:match:71515840,total,Bet365.US.NJ,under,-115,-110,41.5,47.5
2026-09-28T04:40:42.371089+00:00,nfl,sr:match:71515840,total,WilliamHillNewJersey,over,-113,-115,41.5,46.5
2026-09-28T04:40:42.371089+00:00,nfl,sr:match:71515840,total,WilliamHillNewJersey,under,-107,-115,41.5,46.5
2026-09-28T04:40:42.371089+00:00,nfl,sr:match:71515840,total,FanDuel,over,-110,-102,41.5,48.5
2026-09-28T04:40:42.371089+00:00,nfl,sr:match:71515840,total,FanDuel,under,-110,-120,41.5,48.5
2026-09-28T04:40:42.371089+00:00,nfl,sr:match:71515842,moneyline,DraftKings,away,-148,-135,,
2026-09-28T04:40:42.371089+00:00,nfl,sr:match:71515842,moneyline,DraftKings,home,+124,+114,,
2026-09-28T04:40:42.371089+00:00,nfl,sr:match:71515842,moneyline,Bet365.US.NJ,away,-150,-135,,
2026-09-28T04:40:42.371089+00:00,nfl,sr:match:71515842,moneyline,Bet365.US.NJ,home,+125,+115,,
2026-09-28T04:40:42.371089+00:00,nfl,sr:match:71515842,moneyline,WilliamHillNewJersey,away,-145,-140,,
2026-09-28T04:40:42.371089+00:00,nfl,sr:match:71515842,moneyline,WilliamHillNewJersey,home,+124,+110,,
2026-09-28T04:40:42.371089+00:00,nfl,sr:match:71515842,moneyline,FanDuel,away,-136,-134,,
2026-09-28T04:40:42.371089+00:00,nfl,sr:match:71515842,moneyline,FanDuel,home,+116,+114,,
2026-09-28T04:40:42.371089+00:00,nfl,sr:match:71515842,spread,MGM,away,-111,-114,-2.5,-2.5
2026-09-28T04:40:42.371089+00:00,nfl,sr:match:71515842,spread,MGM,home,-108,-105,2.5,2.5
2026-09-28T04:40:42.371089+00:00,nfl,sr:match:71515842,spread,DraftKings,away,-120,-110,-2.5,-2.5
2026-09-28T04:40:42.371089+00:00,nfl,sr:match:71515842,spread,DraftKings,home,+100,-110,2.5,2.5
2026-09-28T04:40:42.371089+00:00,nfl,sr:match:71515842,spread,Bet365.US.NJ,away,-120,-110,-2.5,-2.5
2026-09-28T04:40:42.371089+00:00,nfl,sr:match:71515842,spread,Bet365.US.NJ,home,+100,-110,2.5,2.5
2026-09-28T04:40:42.371089+00:00,nfl,sr:match:71515842,spread,WilliamHillNewJersey,away,-114,-115,-2.5,-1.5
2026-09-28T04:40:42.371089+00:00,nfl,sr:match:71515842,spread,WilliamHillNewJersey,home,-106,-115,2.5,1.5
2026-09-28T04:40:42.371089+00:00,nfl,sr:match:71515842,spread,FanDuel,away,-110,-110,-2.5,-2.5
2026-09-28T04:40:42.371089+00:00,nfl,sr:match:71515842,spread,FanDuel,home,-110,-110,2.5,2.5
2026-09-28T04:40:42.371089+00:00,nfl,sr:match:71515842,total,MGM,over,-108,-111,38.0,38.0
2026-09-28T04:40:42.371089+00:00,nfl,sr:match:71515842,total,MGM,under,-111,-108,38.0,38.0
2026-09-28T04:40:42.371089+00:00,nfl,sr:match:71515842,total,DraftKings,over,-110,-110,38.5,40.5
2026-09-28T04:40:42.371089+00:00,nfl,sr:match:71515842,total,DraftKings,under,-110,-110,38.5,40.5
2026-09-28T04:40:42.371089+00:00,nfl,sr:match:71515842,total,Bet365.US.NJ,over,-110,-110,38.5,37.5
2026-09-28T04:40:42.371089+00:00,nfl,sr:match:71515842,total,Bet365.US.NJ,under,-110,-110,38.5,37.5
2026-09-28T04:40:42.371089+00:00,nfl,sr:match:71515842,total,WilliamHillNewJersey,over,-121,-115,37.5,38.5
2026-09-28T04:40:42.371089+00:00,nfl,sr:match:71515842,total,WilliamHillNewJersey,under,+100,-115,37.5,38.5
2026-09-28T04:40:42.371089+00:00,nfl,sr:match:71515842,total,FanDuel,over,-115,-105,37.5,37.5
2026-09-28T04:40:42.371089+00:00,nfl,sr:match:71515842,total,FanDuel,under,-105,-115,37.5,37.5
2026-09-28T04:40:42.371089+00:00,nfl,sr:match:71488622,moneyline,MGM,away,-105,-105,,
2026-09-28T04:40:42.371089+00:00,nfl,sr:match:71488622,moneyline,MGM,home,-115,-115,,
2026-09-28T04:40:42.371089+00:00,nfl,sr:match:71488622,moneyline,DraftKings,away,-180,-102,,
2026-09-28T04:40:42.371089+00:00,nfl,sr:match:71488622,moneyline,DraftKings,home,+150,-118,,
2026-09-28T04:40:42.371089+00:00,nfl,sr:match:71488622,moneyline,Bet365.US.NJ,away,-170,-105,,
2026-09-28T04:40:42.371089+00:00,nfl,sr:match:71488622,moneyline,Bet365.US.NJ,home,+145,-115,,
2026-09-28T04:40:42.371089+00:00,nfl,sr:match:71488622,moneyline,WilliamHillNewJersey,away,-173,-115,,
2026-09-28T04:40:42.371089+00:00,nfl,sr:match:71488622,moneyline,WilliamHillNewJersey,home,+147,-105,,
2026-09-28T04:40:42.371089+00:00,nfl,sr:match:71488622,moneyline,FanDuel,away,-174,+100,,
2026-09-28T04:40:42.371089+00:00,nfl,sr:match:71488622,moneyline,FanDuel,home,+146,-118,,
2026-09-28T04:40:42.371089+00:00,nfl,sr:match:71488622,spread,MGM,away,-118,-120,-3.0,1.5
2026-09-28T04:40:42.371089+00:00,nfl,sr:match:71488622,spread,MGM,home,-102,+100,3.0,-1.5
2026-09-28T04:40:42.371089+00:00,nfl,sr:match:71488622,spread,DraftKings,away,-102,-118,-3.5,1.5
2026-09-28T04:40:42.371089+00:00,nfl,sr:match:71488622,spread,DraftKings,home,-118,-102,3.5,-1.5
2026-09-28T04:40:42.371089+00:00,nfl,sr:match:71488622,spread,Bet365.US.NJ,away,+105,-110,-3.5,1.5
2026-09-28T04:40:42.371089+00:00,nfl,sr:match:71488622,spread,Bet365.US.NJ,home,-125,-110,3.5,-1.5
2026-09-28T04:40:42.371089+00:00,nfl,sr:match:71488622,spread,WilliamHillNewJersey,away,-114,-105,-3.0,-1.0
2026-09-28T04:40:42.371089+00:00,nfl,sr:match:71488622,spread,WilliamHillNewJersey,home,-105,-115,3.0,1.0
2026-09-28T04:40:42.371089+00:00,nfl,sr:match:71488622,spread,FanDuel,away,-102,-115,-3.5,1.5
2026-09-28T04:40:42.371089+00:00,nfl,sr:match:71488622,spread,FanDuel,home,-120,-105,3.5,-1.5
2026-09-28T04:40:42.371089+00:00,nfl,sr:match:71488622,total,MGM,over,-111,-110,47.0,49.5
2026-09-28T04:40:42.371089+00:00,nfl,sr:match:71488622,total,MGM,under,-108,-110,47.0,49.5
2026-09-28T04:40:42.371089+00:00,nfl,sr:match:71488622,total,DraftKings,over,-110,-110,46.5,48.5
2026-09-28T04:40:42.371089+00:00,nfl,sr:match:71488622,total,DraftKings,under,-110,-110,46.5,48.5
2026-09-28T04:40:42.371089+00:00,nfl,sr:match:71488622,total,Bet365.US.NJ,over,-110,-110,46.5,49.5
2026-09-28T04:40:42.371089+00:00,nfl,sr:match:71488622,total,Bet365.US.NJ,under,-110,-110,46.5,49.5
2026-09-28T04:40:42.371089+00:00,nfl,sr:match:71488622,total,WilliamHillNewJersey,over,-118,-110,46.5,48.5
2026-09-28T04:40:42.371089+00:00,nfl,sr:match:71488622,total,WilliamHillNewJersey,under,-103,-110,46.5,48.5
2026-09-28T04:40:42.371089+00:00,nfl,sr:match:71488622,total,FanDuel,over,-115,-112,47.5,50.5
2026-09-28T04:40:42.371089+00:00,nfl,sr:match:71488622,total,FanDuel,under,-105,-108,47.5,50.5
2026-09-28T04:40:42.371089+00:00,nfl,sr:match:71515844,moneyline,DraftKings,away,+525,+310,,
2026-09-28T04:40:42.371089+00:00,nfl,sr:match:71515844,moneyline,DraftKings,home,-752,-395,,
2026-09-28T04:40:42.371089+00:00,nfl,sr:match:71515844,moneyline,Bet365.US.NJ,away,+500,+475,,
2026-09-28T04:40:42.371089+00:00,nfl,sr:match:71515844,moneyline,Bet365.US.NJ,home,-704,-654,,
2026-09-28T04:40:42.371089+00:00,nfl,sr:match:71515844,moneyline,WilliamHillNewJersey,away,+475,+330,,
2026-09-28T04:40:42.371089+00:00,nfl,sr:match:71515844,moneyline,WilliamHillNewJersey,home,-676,-426,,
2026-09-28T04:40:42.371089+00:00,nfl,sr:match:71515844,moneyline,FanDuel,away,+540,+530,,
2026-09-28T04:40:42.371089+00:00,nfl,sr:match:71515844,moneyline,FanDuel,home,-769,-752,,
2026-09-28T04:40:42.371089+00:00,nfl,sr:match:71515844,spread,MGM,away,-108,-111,11.0,11.5
2026-09-28T04:40:42.371089+00:00,nfl,sr:match:71515844,spread,MGM,home,-111,-108,-11.0,-11.5
2026-09-28T04:40:42.371089+00:00,nfl,sr:match:71515844,spread,DraftKings,away,-110,-110,11.5,8.5
2026-09-28T04:40:42.371089+00:00,nfl,sr:match:71515844,spread,DraftKings,home,-110,-110,-11.5,-8.5
2026-09-28T04:40:42.371089+00:00,nfl,sr:match:71515844,spread,Bet365.US.NJ,away,-115,-110,11.5,10.5
2026-09-28T04:40:42.371089+00:00,nfl,sr:match:71515844,spread,Bet365.US.NJ,home,-105,-110,-11.5,-10.5
2026-09-28T04:40:42.371089+00:00,nfl,sr:match:71515844,spread,WilliamHillNewJersey,away,-110,-115,11.5,9.0
2026-09-28T04:40:42.371089+00:00,nfl,sr:match:71515844,spread,WilliamHillNewJersey,home,-110,-115,-11.5,-9.0
2026-09-28T04:40:42.371089+00:00,nfl,sr:match:71515844,spread,FanDuel,away,-110,-105,11.5,10.5
2026-09-28T04:40:42.371089+00:00,nfl,sr:match:71515844,spread,FanDuel,home,-110,-115,-11.5,-10.5
2026-09-28T04:40:42.371089+00:00,nfl,sr:match:71515844,total,MGM,over,-108,-114,43.5,43.0
2026-09-28T04:40:42.371089+00:00,nfl,sr:match:71515844,total,MGM,under,-111,-108,43.5,43.0
2026-09-28T04:40:42.371089+00:00,nfl,sr:match:71515844,total,DraftKings,over,-110,-110,43.5,47.5
2026-09-28T04:40:42.371089+00:00,nfl,sr:match:71515844,total,DraftKings,under,-110,-110,43.5,47.5
2026-09-28T04:40:42.371089+00:00,nfl,sr:match:71515844,total,Bet365.US.NJ,over,-108,-115,44.5,44.5
2026-09-28T04:40:42.371089+00:00,nfl,sr:match:71515844,total,Bet365.US.NJ,under,-132,-105,44.5,44.5
2026-09-28T04:40:42.371089+00:00,nfl,sr:match:71515844,total,WilliamHillNewJersey,over,-106,-115,43.5,45.5
2026-09-28T04:40:42.371089+00:00,nfl,sr:match:71515844,total,WilliamHillNewJersey,under,-114,-115,43.5,45.5
2026-09-28T04:40:42.371089+00:00,nfl,sr:match:71515844,total,FanDuel,over,-118,-104,42.5,45.5
2026-09-28T04:40:42.371089+00:00,nfl,sr:match:71515844,total,FanDuel,under,-104,-118,42.5,45.5
2026-09-28T04:40:42.371089+00:00,nfl,sr:match:71515846,moneyline,DraftKings,away,+245,+136,,
2026-09-28T04:40:42.371089+00:00,nfl,sr:match:71515846,moneyline,DraftKings,home,-305,-162,,
2026-09-28T04:40:42.371089+00:00,nfl,sr:match:71515846,moneyline,Bet365.US.NJ,away,+250,+210,,
2026-09-28T04:40:42.371089+00:00,nfl,sr:match:71515846,moneyline,Bet365.US.NJ,home,-311,-260,,
2026-09-28T04:40:42.371089+00:00,nfl,sr:match:71515846,moneyline,WilliamHillNewJersey,away,+260,+0,,
2026-09-28T04:40:42.371089+00:00,nfl,sr:match:71515846,moneyline,WilliamHillNewJersey,home,-325,-200,,
2026-09-28T04:40:42.371089+00:00,nfl,sr:match:71515846,moneyline,FanDuel,away,+265,+215,,
2026-09-28T04:40:42.371089+00:00,nfl,sr:match:71515846,moneyline,FanDuel,home,-330,-260,,
2026-09-28T04:40:42.371089+00:00,nfl,sr:match:71515846,spread,MGM,away,-114,-114,7.0,7.0
2026-09-28T04:40:42.371089+00:00,nfl,sr:match:71515846,spread,MGM,home,-105,-105,-7.0,-7.0
2026-09-28T04:40:42.371089+00:00,nfl,sr:match:71515846,spread,DraftKings,away,-115,-110,7.0,3.0
2026-09-28T04:40:42.371089+00:00,nfl,sr:match:71515846,spread,DraftKings,home,-105,-110,-7.0,-3.0
2026-09-28T04:40:42.371089+00:00,nfl,sr:match:71515846,spread,Bet365.US.NJ,away,-105,-110,6.5,5.5
2026-09-28T04:40:42.371089+00:00,nfl,sr:match:71515846,spread,Bet365.US.NJ,home,-115,-110,-6.5,-5.5
2026-09-28T04:40:42.371089+00:00,nfl,sr:match:71515846,spread,WilliamHillNewJersey,away,-115,-115,7.0,4.0
2026-09-28T04:40:42.371089+00:00,nfl,sr:match:71515846,spread,WilliamHillNewJersey,home,-105,-115,-7.0,-4.0
2026-09-28T04:40:42.371089+00:00,nfl,sr:match:71515846,spread,FanDuel,away,-104,-105,6.5,5.5
2026-09-28T04:40:42.371089+00:00,nfl,sr:match:71515846,spread,FanDuel,home,-118,-115,-6.5,-5.5
2026-09-28T04:40:42.371089+00:00,nfl,sr:match:71515846,total,MGM,over,-111,-111,48.5,48.5
2026-09-28T04:40:42.371089+00:00,nfl,sr:match:71515846,total,MGM,under,-108,-108,48.5,48.5
2026-09-28T04:40:42.371089+00:00,nfl,sr:match:71515846,total,DraftKings,over,-110,-110,48.5,49.5
2026-09-28T04:40:42.371089+00:00,nfl,sr:match:71515846,total,DraftKings,under,-110,-110,48.5,49.5
2026-09-28T04:40:42.371089+00:00,nfl,sr:match:71515846,total,Bet365.US.NJ,over,-110,-110,48.5,50.5
2026-09-28T04:40:42.371089+00:00,nfl,sr:match:71515846,total,Bet365.US.NJ,under,-110,-130,48.5,50.5
2026-09-28T04:40:42.371089+00:00,nfl,sr:match:71515846,total,WilliamHillNewJersey,over,-110,-115,48.5,50.5
2026-09-28T04:40:42.371089+00:00,nfl,sr:match:71515846,total,WilliamHillNewJersey,under,-110,-115,48.5,50.5
2026-09-28T04:40:42.371089+00:00,nfl,sr:match:71515846,total,FanDuel,over,-110,-104,48.5,50.5
2026-09-28T04:40:42.371089+00:00,nfl,sr:match:71515846,total,FanDuel,under,-110,-118,48.5,50.5
2026-09-28T04:40:42.371089+00:00,nfl,sr:match:71515848,moneyline,DraftKings,away,+124,+300,,
2026-09-28T04:40:42.371089+00:00,nfl,sr:match:71515848,moneyline,DraftKings,home,-148,-380,,
2026-09-28T04:40:42.371089+00:00,nfl,sr:match:71515848,moneyline,Bet365.US.NJ,away,+135,+150,,
2026-09-28T04:40:42.371089+00:00,nfl,sr:match:71515848,moneyline,Bet365.US.NJ,home,-160,-180,,
2026-09-28T04:40:42.371089+00:00,nfl,sr:match:71515848,moneyline,WilliamHillNewJersey,away,+130,+305,,
2026-09-28T04:40:42.371089+00:00,nfl,sr:match:71515848,moneyline,WilliamHillNewJersey,home,-154,-426,,
2026-09-28T04:40:42.371089+00:00,nfl,sr:match:71515848,moneyline,FanDuel,away,+138,+154,,
2026-09-28T04:40:42.371089+00:00,nfl,sr:match:71515848,moneyline,FanDuel,home,-164,-184,,
2026-09-28T04:40:42.371089+00:00,nfl,sr:match:71515848,spread,MGM,away,-111,-111,3.0,3.0
2026-09-28T04:40:42.371089+00:00,nfl,sr:match:71515848,spread,MGM,home,-108,-108,-3.0,-3.0
2026-09-28T04:40:42.371089+00:00,nfl,sr:match:71515848,spread,DraftKings,away,-120,-110,3.0,8.5
2026-09-28T04:40:42.371089+00:00,nfl,sr:match:71515848,spread,DraftKings,home,+100,-110,-3.0,-8.5
2026-09-28T04:40:42.371089+00:00,nfl,sr:match:71515848,spread,Bet365.US.NJ,away,-110,-110,3.0,3.0
2026-09-28T04:40:42.371089+00:00,nfl,sr:match:71515848,spread,Bet365.US.NJ,home,-110,-110,-3.0,-3.0
2026-09-28T04:40:42.371089+00:00,nfl,sr:match:71515848,spread,WilliamHillNewJersey,away,-120,-115,3.0,9.0
2026-09-28T04:40:42.371089+00:00,nfl,sr:match:71515848,spread,WilliamHillNewJersey,home,-102,-115,-3.0,-9.0
2026-09-28T04:40:42.371089+00:00,nfl,sr:match:71515848,spread,FanDuel,away,-110,-104,3.0,3.0
2026-09-28T04:40:42.371089+00:00,nfl,sr:match:71515848,spread,FanDuel,home,-110,-118,-3.0,-3.0
2026-09-28T04:40:42.371089+00:00,nfl,sr:match:71515848,total,MGM,over,-111,-111,43.0,43.0
2026-09-28T04:40:42.371089+00:00,nfl,sr:match:71515848,total,MGM,under,-108,-108,43.0,43.0
2026-09-28T04:40:42.371089+00:00,nfl,sr:match:71515848,total,DraftKings,over,-110,-110,42.5,45.5
2026-09-28T04:40:42.371089+00:00,nfl,sr:match:71515848,total,DraftKings,under,-110,-110,42.5,45.5
2026-09-28T04:40:42.371089+00:00,nfl,sr:match:71515848,total,Bet365.US.NJ,over,-110,-110,42.5,43.5
2026-09-28T04:40:42.371089+00:00,nfl,sr:match:71515848,total,Bet365.US.NJ,under,-110,-110,42.5,43.5
2026-09-28T04:40:42.371089+00:00,nfl,sr:match:71515848,total,WilliamHillNewJersey,over,-117,-115,42.5,44.5
2026-09-28T04:40:42.371089+00:00,nfl,sr:match:71515848,total,WilliamHillNewJersey,under,-104,-115,42.5,44.5
2026-09-28T04:40:42.371089+00:00,nfl,sr:match:71515848,total,FanDuel,over,-110,-105,43.5,43.5
2026-09-28T04:40:42.371089+00:00,nfl,sr:match:71515848,total,FanDuel,under,-110,-115,43.5,43.5
2026-09-28T04:40:42.371089+00:00,nfl,sr:match:71515850,moneyline,DraftKings,away,+114,+114,,
2026-09-28T04:40:42.371089+00:00,nfl,sr:match:71515850,moneyline,DraftKings,home,-135,-135,,
2026-09-28T04:40:42.371089+00:00,nfl,sr:match:71515850,moneyline,Bet365.US.NJ,away,+115,+130,,
2026-09-28T04:40:42.371089+00:00,nfl,sr:match:71515850,moneyline,Bet365.US.NJ,home,-135,-155,,
2026-09-28T04:40:42.371089+00:00,nfl,sr:match:71515850,moneyline,WilliamHillNewJersey,away,+115,+130,,
2026-09-28T04:40:42.371089+00:00,nfl,sr:match:71515850,moneyline,WilliamHillNewJersey,home,-136,-170,,
2026-09-28T04:40:42.371089+00:00,nfl,sr:match:71515850,moneyline,FanDuel,away,+104,+120,,
2026-09-28T04:40:42.371089+00:00,nfl,sr:match:71515850,moneyline,FanDuel,home,-122,-142,,
2026-09-28T04:40:42.371089+00:00,nfl,sr:match:71515850,spread,MGM,away,-108,-108,2.0,2.5
2026-09-28T04:40:42.371089+00:00,nfl,sr:match:71515850,spread,MGM,home,-111,-111,-2.0,-2.5
2026-09-28T04:40:42.371089+00:00,nfl,sr:match:71515850,spread,DraftKings,away,-110,-110,2.5,2.5
2026-09-28T04:40:42.371089+00:00,nfl,sr:match:71515850,spread,DraftKings,home,-110,-110,-2.5,-2.5
2026-09-28T04:40:42.371089+00:00,nfl,sr:match:71515850,spread,Bet365.US.NJ,away,-110,-105,2.5,2.5
2026-09-28T04:40:42.371089+00:00,nfl,sr:match:71515850,spread,Bet365.US.NJ,home,-110,-115,-2.5,-2.5
2026-09-28T04:40:42.371089+00:00,nfl,sr:match:71515850,spread,WilliamHillNewJersey,away,-108,-115,2.0,3.0
2026-09-28T04:40:42.371089+00:00,nfl,sr:match:71515850,spread,WilliamHillNewJersey,home,-112,-115,-2.0,-3.0
2026-09-28T04:40:42.371089+00:00,nfl,sr:match:71515850,spread,FanDuel,away,-115,-105,2.5,2.5
2026-09-28T04:40:42.371089+00:00,nfl,sr:match:71515850,spread,FanDuel,home,-105,-115,-2.5,-2.5
2026-09-28T04:40:42.371089+00:00,nfl,sr:match:71515850,total,MGM,over,-108,-111,51.0,50.0
2026-09-28T04:40:42.371089+00:00,nfl,sr:match:71515850,total,MGM,under,-111,-108,51.0,50.0
2026-09-28T04:40:42.371089+00:00,nfl,sr:match:71515850,total,DraftKings,over,-110,-110,50.5,51.5
2026-09-28T04:40:42.371089+00:00,nfl,sr:match:71515850,total,DraftKings,under,-110,-110,50.5,51.5
2026-09-28T04:40:42.371089+00:00,nfl,sr:match:71515850,total,Bet365.US.NJ,over,-110,-110,51.5,50.5
2026-09-28T04:40:42.371089+00:00,nfl,sr:match:71515850,total,Bet365.US.NJ,under,-130,-110,51.5,50.5
2026-09-28T04:40:42.371089+00:00,nfl,sr:match:71515850,total,WilliamHillNewJersey,over,-115,-115,50.5,51.5
2026-09-28T04:40:42.371089+00:00,nfl,sr:match:71515850,total,WilliamHillNewJersey,under,-105,-115,50.5,51.5
2026-09-28T04:40:42.371089+00:00,nfl,sr:match:71515850,total,FanDuel,over,-115,-104,50.5,51.5
2026-09-28T04:40:42.371089+00:00,nfl,sr:match:71515850,total,FanDuel,under,-105,-118,50.5,51.5
2026-09-28T04:40:42.371089+00:00,nfl,sr:match:71515852,moneyline,DraftKings,away,+114,+114,,
2026-09-28T04:40:42.371089+00:00,nfl,sr:match:71515852,moneyline,DraftKings,home,-135,-135,,
2026-09-28T04:40:42.371089+00:00,nfl,sr:match:71515852,moneyline,Bet365.US.NJ,away,+120,+125,,
2026-09-28T04:40:42.371089+00:00,nfl,sr:match:71515852,moneyline,Bet365.US.NJ,home,-140,-150,,
2026-09-28T04:40:42.371089+00:00,nfl,sr:match:71515852,moneyline,WilliamHillNewJersey,away,+112,+130,,
2026-09-28T04:40:42.371089+00:00,nfl,sr:match:71515852,moneyline,WilliamHillNewJersey,home,-132,-170,,
2026-09-28T04:40:42.371089+00:00,nfl,sr:match:71515852,moneyline,FanDuel,away,+116,+118,,
2026-09-28T04:40:42.371089+00:00,nfl,sr:match:71515852,moneyline,FanDuel,home,-136,-138,,
2026-09-28T04:40:42.371089+00:00,nfl,sr:match:71515852,spread,MGM,away,-114,-108,2.5,1.5
2026-09-28T04:40:42.371089+00:00,nfl,sr:match:71515852,spread,MGM,home,-105,-111,-2.5,-1.5
2026-09-28T04:40:42.371089+00:00,nfl,sr:match:71515852,spread,DraftKings,away,-110,-110,2.5,2.5
2026-09-28T04:40:42.371089+00:00,nfl,sr:match:71515852,spread,DraftKings,home,-110,-110,-2.5,-2.5
2026-09-28T04:40:42.371089+00:00,nfl,sr:match:71515852,spread,Bet365.US.NJ,away,-110,-110,2.5,2.5
2026-09-28T04:40:42.371089+00:00,nfl,sr:match:71515852,spread,Bet365.US.NJ,home,-110,-110,-2.5,-2.5
2026-09-28T04:40:42.371089+00:00,nfl,sr:match:71515852,spread,WilliamHillNewJersey,away,-107,-120,2.5,3.0
2026-09-28T04:40:42.371089+00:00,nfl,sr:match:71515852,spread,WilliamHillNewJersey,home,-113,-110,-2.5,-3.0
2026-09-28T04:40:42.371089+00:00,nfl,sr:match:71515852,spread,FanDuel,away,-110,-110,2.5,2.5
2026-09-28T04:40:42.371089+00:00,nfl,sr:match:71515852,spread,FanDuel,home,-110,-110,-2.5,-2.5
2026-09-28T04:40:42.371089+00:00,nfl,sr:match:71515852,total,MGM,over,-111,-108,47.5,47.0
2026-09-28T04:40:42.371089+00:00,nfl,sr:match:71515852,total,MGM,under,-108,-111,47.5,47.0
2026-09-28T04:40:42.371089+00:00,nfl,sr:match:71515852,total,DraftKings,over,-110,-110,47.5,47.5
2026-09-28T04:40:42.371089+00:00,nfl,sr:match:71515852,total,DraftKings,under,-110,-110,47.5,47.5
2026-09-28T04:40:42.371089+00:00,nfl,sr:match:71515852,total,Bet365.US.NJ,over,-110,-110,47.5,47.5
2026-09-28T04:40:42.371089+00:00,nfl,sr:match:71515852,total,Bet365.US.NJ,under,-110,-110,47.5,47.5
2026-09-28T04:40:42.371089+00:00,nfl,sr:match:71515852,total,WilliamHillNewJersey,over,-112,-115,47.5,46.5
2026-09-28T04:40:42.371089+00:00,nfl,sr:match:71515852,total,WilliamHillNewJersey,under,-109,-115,47.5,46.5
2026-09-28T04:40:42.371089+00:00,nfl,sr:match:71515852,total,FanDuel,over,-104,-105,47.5,47.5
2026-09-28T04:40:42.371089+00:00,nfl,sr:match:71515852,total,FanDuel,under,-118,-115,47.5,47.5
2026-09-28T04:40:42.371089+00:00,nfl,sr:match:71515854,moneyline,DraftKings,away,+102,+260,,
2026-09-28T04:40:42.371089+00:00,nfl,sr:match:71515854,moneyline,DraftKings,home,-122,-325,,
2026-09-28T04:40:42.371089+00:00,nfl,sr:match:71515854,moneyline,Bet365.US.NJ,away,+100,+120,,
2026-09-28T04:40:42.371089+00:00,nfl,sr:match:71515854,moneyline,Bet365.US.NJ,home,-120,-140,,
2026-09-28T04:40:42.371089+00:00,nfl,sr:match:71515854,moneyline,WilliamHillNewJersey,away,+104,+0,,
2026-09-28T04:40:42.371089+00:00,nfl,sr:match:71515854,moneyline,WilliamHillNewJersey,home,-122,+0,,
2026-09-28T04:40:42.371089+00:00,nfl,sr:match:71515854,moneyline,FanDuel,away,+100,+116,,
2026-09-28T04:40:42.371089+00:00,nfl,sr:match:71515854,moneyline,FanDuel,home,-118,-136,,
2026-09-28T04:40:42.371089+00:00,nfl,sr:match:71515854,spread,MGM,away,-108,-111,1.0,2.5
2026-09-28T04:40:42.371089+00:00,nfl,sr:match:71515854,spread,MGM,home,-111,-108,-1.0,-2.5
2026-09-28T04:40:42.371089+00:00,nfl,sr:match:71515854,spread,DraftKings,away,-110,-110,1.5,7.0
2026-09-28T04:40:42.371089+00:00,nfl,sr:match:71515854,spread,DraftKings,home,-110,-110,-1.5,-7.0
2026-09-28T04:40:42.371089+00:00,nfl,sr:match:71515854,spread,Bet365.US.NJ,away,-115,-110,1.5,2.5
2026-09-28T04:40:42.371089+00:00,nfl,sr:match:71515854,spread,Bet365.US.NJ,home,-105,-110,-1.5,-2.5
2026-09-28T04:40:42.371089+00:00,nfl,sr:match:71515854,spread,WilliamHillNewJersey,away,-110,-110,1.5,6.5
2026-09-28T04:40:42.371089+00:00,nfl,sr:match:71515854,spread,WilliamHillNewJersey,home,-110,-120,-1.5,-6.5
2026-09-28T04:40:42.371089+00:00,nfl,sr:match:71515854,spread,FanDuel,away,-115,-110,1.5,2.5
2026-09-28T04:40:42.371089+00:00,nfl,sr:match:71515854,spread,FanDuel,home,-105,-110,-1.5,-2.5
2026-09-28T04:40:42.371089+00:00,nfl,sr:match:71515854,total,MGM,over,-108,-111,43.5,43.5
2026-09-28T04:40:42.371089+00:00,nfl,sr:match:71515854,total,MGM,under,-111,-108,43.5,43.5
2026-09-28T04:40:42.371089+00:00,nfl,sr:match:71515854,total,DraftKings,over,-110,-110,43.5,45.5
2026-09-28T04:40:42.371089+00:00,nfl,sr:match:71515854,total,DraftKings,under,-110,-110,43.5,45.5
2026-09-28T04:40:42.371089+00:00,nfl,sr:match:71515854,total,Bet365.US.NJ,over,-110,-110,43.5,43.5
2026-09-28T04:40:42.371089+00:00,nfl,sr:match:71515854,total,Bet365.US.NJ,under,-110,-110,43.5,43.5
2026-09-28T04:40:42.371089+00:00,nfl,sr:match:71515854,total,WilliamHillNewJersey,over,-110,-115,43.5,44.5
2026-09-28T04:40:42.371089+00:00,nfl,sr:match:71515854,total,WilliamHillNewJersey,under,-110,-115,43.5,44.5
2026-09-28T04:40:42.371089+00:00,nfl,sr:match:71515854,total,FanDuel,over,-110,-115,43.5,43.5
2026-09-28T04:40:42.371089+00:00,nfl,sr:match:71515854,total,FanDuel,under,-110,-105,43.5,43.5
2026-09-28T04:40:42.371089+00:00,nfl,sr:match:71515856,moneyline,DraftKings,away,-135,-118,,
2026-09-28T04:40:42.371089+00:00,nfl,sr:match:71515856,moneyline,DraftKings,home,+114,-102,,
2026-09-28T04:40:42.371089+00:00,nfl,sr:match:71515856,moneyline,Bet365.US.NJ,away,-150,-140,,
2026-09-28T04:40:42.371089+00:00,nfl,sr:match:71515856,moneyline,Bet365.US.NJ,home,+125,+120,,
2026-09-28T04:40:42.371089+00:00,nfl,sr:match:71515856,moneyline,WilliamHillNewJersey,away,-137,-125,,
2026-09-28T04:40:42.371089+00:00,nfl,sr:match:71515856,moneyline,WilliamHillNewJersey,home,+117,-106,,
2026-09-28T04:40:42.371089+00:00,nfl,sr:match:71515856,moneyline,FanDuel,away,-152,-152,,
2026-09-28T04:40:42.371089+00:00,nfl,sr:match:71515856,moneyline,FanDuel,home,+128,+128,,
2026-09-28T04:40:42.371089+00:00,nfl,sr:match:71515856,spread,MGM,away,-114,-114,-2.5,-2.5
2026-09-28T04:40:42.371089+00:00,nfl,sr:match:71515856,spread,MGM,home,-105,-105,2.5,2.5
2026-09-28T04:40:42.371089+00:00,nfl,sr:match:71515856,spread,DraftKings,away,-105,-105,-2.5,-1.5
2026-09-28T04:40:42.371089+00:00,nfl,sr:match:71515856,spread,DraftKings,home,-115,-115,2.5,1.5
2026-09-28T04:40:42.371089+00:00,nfl,sr:match:71515856,spread,Bet365.US.NJ,away,-120,-105,-2.5,-2.5
2026-09-28T04:40:42.371089+00:00,nfl,sr:match:71515856,spread,Bet365.US.NJ,home,+100,-115,2.5,2.5
2026-09-28T04:40:42.371089+00:00,nfl,sr:match:71515856,spread,WilliamHillNewJersey,away,-114,-115,-2.5,-1.5
2026-09-28T04:40:42.371089+00:00,nfl,sr:match:71515856,spread,WilliamHillNewJersey,home,-106,-115,2.5,1.5
2026-09-28T04:40:42.371089+00:00,nfl,sr:match:71515856,spread,FanDuel,away,-120,-104,-2.5,-3.0
2026-09-28T04:40:42.371089+00:00,nfl,sr:match:71515856,spread,FanDuel,home,-102,-118,2.5,3.0
2026-09-28T04:40:42.371089+00:00,nfl,sr:match:71515856,total,MGM,over,-108,-108,46.0,46.0
2026-09-28T04:40:42.371089+00:00,nfl,sr:match:71515856,total,MGM,under,-111,-111,46.0,46.0
2026-09-28T04:40:42.371089+00:00,nfl,sr:match:71515856,total,DraftKings,over,-110,-110,45.5,47.5
2026-09-28T04:40:42.371089+00:00,nfl,sr:match:71515856,total,DraftKings,under,-110,-110,45.5,47.5
2026-09-28T04:40:42.371089+00:00,nfl,sr:match:71515856,total,Bet365.US.NJ,over,-110,-110,45.5,45.5
2026-09-28T04:40:42.371089+00:00,nfl,sr:match:71515856,total,Bet365.US.NJ,under,-110,-110,45.5,45.5
2026-09-28T04:40:42.371089+00:00,nfl,sr:match:71515856,total,WilliamHillNewJersey,over,-113,-115,45.5,46.5
2026-09-28T04:40:42.371089+00:00,nfl,sr:match:71515856,total,WilliamHillNewJersey,under,-108,-115,45.5,46.5
2026-09-28T04:40:42.371089+00:00,nfl,sr:match:71515856,total,FanDuel,over,-118,-104,45.5,46.5
2026-09-28T04:40:42.371089+00:00,nfl,sr:match:71515856,total,FanDuel,under,-104,-118,45.5,46.5
2026-09-28T04:40:42.371089+00:00,nfl,sr:match:71515858,moneyline,DraftKings,away,-170,-125,,
2026-09-28T04:40:42.371089+00:00,nfl,sr:match:71515858,moneyline,DraftKings,home,+142,+105,,
2026-09-28T04:40:42.371089+00:00,nfl,sr:match:71515858,moneyline,Bet365.US.NJ,away,-170,-115,,
2026-09-28T04:40:42.371089+00:00,nfl,sr:match:71515858,moneyline,Bet365.US.NJ,home,+145,-105,,
2026-09-28T04:40:42.371089+00:00,nfl,sr:match:71515858,moneyline,WilliamHillNewJersey,away,-170,-120,,
2026-09-28T04:40:42.371089+00:00,nfl,sr:match:71515858,moneyline,WilliamHillNewJersey,home,+141,-110,,
2026-09-28T04:40:42.371089+00:00,nfl,sr:match:71515858,moneyline,FanDuel,away,+110,-102,,
2026-09-28T04:40:42.371089+00:00,nfl,sr:match:71515858,moneyline,FanDuel,home,-130,-116,,
2026-09-28T04:40:42.371089+00:00,nfl,sr:match:71515858,spread,MGM,away,-102,-105,-3.5,-3.5
2026-09-28T04:40:42.371089+00:00,nfl,sr:match:71515858,spread,MGM,home,-118,-114,3.5,3.5
2026-09-28T04:40:42.371089+00:00,nfl,sr:match:71515858,spread,DraftKings,away,-115,-110,-3.0,-1.5
2026-09-28T04:40:42.371089+00:00,nfl,sr:match:71515858,spread,DraftKings,home,-105,-110,3.0,1.5
2026-09-28T04:40:42.371089+00:00,nfl,sr:match:71515858,spread,Bet365.US.NJ,away,-110,+100,-3.5,-1.5
2026-09-28T04:40:42.371089+00:00,nfl,sr:match:71515858,spread,Bet365.US.NJ,home,-110,-120,3.5,1.5
2026-09-28T04:40:42.371089+00:00,nfl,sr:match:71515858,spread,WilliamHillNewJersey,away,-107,+0,-3.5,-1.5
2026-09-28T04:40:42.371089+00:00,nfl,sr:match:71515858,spread,WilliamHillNewJersey,home,-113,-120,3.5,1.5
2026-09-28T04:40:42.371089+00:00,nfl,sr:match:71515858,spread,FanDuel,away,-115,-118,2.5,1.5
2026-09-28T04:40:42.371089+00:00,nfl,sr:match:71515858,spread,FanDuel,home,-105,-104,-2.5,-1.5
2026-09-28T04:40:42.371089+00:00,nfl,sr:match:71515858,total,MGM,over,-114,-105,41.0,41.5
2026-09-28T04:40:42.371089+00:00,nfl,sr:match:71515858,total,MGM,under,-105,-114,41.0,41.5
2026-09-28T04:40:42.371089+00:00,nfl,sr:match:71515858,total,DraftKings,over,-110,-110,40.5,47.5
2026-09-28T04:40:42.371089+00:00,nfl,sr:match:71515858,total,DraftKings,under,-110,-110,40.5,47.5
2026-09-28T04:40:42.371089+00:00,nfl,sr:match:71515858,total,Bet365.US.NJ,over,-110,-115,41.5,45.5
2026-09-28T04:40:42.371089+00:00,nfl,sr:match:71515858,total,Bet365.US.NJ,under,-110,-105,41.5,45.5
2026-09-28T04:40:42.371089+00:00,nfl,sr:match:71515858,total,WilliamHillNewJersey,over,-109,-115,40.5,46.5
2026-09-28T04:40:42.371089+00:00,nfl,sr:match:71515858,total,WilliamHillNewJersey,under,-110,-115,40.5,46.5
2026-09-28T04:40:42.371089+00:00,nfl,sr:match:71515858,total,FanDuel,over,-104,-115,46.5,45.5
2026-09-28T04:40:42.371089+00:00,nfl,sr:match:71515858,total,FanDuel,under,-118,-105,46.5,45.5
2026-09-28T04:40:42.371089+00:00,nfl,sr:match:71515860,moneyline,DraftKings,away,+490,+310,,
2026-09-28T04:40:42.371089+00:00,nfl,sr:match:71515860,moneyline,DraftKings,home,-676,-395,,
2026-09-28T04:40:42.371089+00:00,nfl,sr:match:71515860,moneyline,Bet365.US.NJ,away,+475,+500,,
2026-09-28T04:40:42.371089+00:00,nfl,sr:match:71515860,moneyline,Bet365.US.NJ,home,-654,-704,,
2026-09-28T04:40:42.371089+00:00,nfl,sr:match:71515860,moneyline,WilliamHillNewJersey,away,+450,+280,,
2026-09-28T04:40:42.371089+00:00,nfl,sr:match:71515860,moneyline,WilliamHillNewJersey,home,-625,-370,,
2026-09-28T04:40:42.371089+00:00,nfl,sr:match:71515860,moneyline,FanDuel,away,+430,+440,,
2026-09-28T04:40:42.371089+00:00,nfl,sr:match:71515860,moneyline,FanDuel,home,-559,-592,,
2026-09-28T04:40:42.371089+00:00,nfl,sr:match:71515860,spread,MGM,away,-108,-111,10.0,10.5
2026-09-28T04:40:42.371089+00:00,nfl,sr:match:71515860,spread,MGM,home,-111,-108,-10.0,-10.5
2026-09-28T04:40:42.371089+00:00,nfl,sr:match:71515860,spread,DraftKings,away,-115,-110,10.5,7.5
2026-09-28T04:40:42.371089+00:00,nfl,sr:match:71515860,spread,DraftKings,home,-105,-110,-10.5,-7.5
2026-09-28T04:40:42.371089+00:00,nfl,sr:match:71515860,spread,Bet365.US.NJ,away,-115,-115,10.5,10.5
2026-09-28T04:40:42.371089+00:00,nfl,sr:match:71515860,spread,Bet365.US.NJ,home,-105,-105,-10.5,-10.5
2026-09-28T04:40:42.371089+00:00,nfl,sr:match:71515860,spread,WilliamHillNewJersey,away,-109,-115,10.0,7.0
2026-09-28T04:40:42.371089+00:00,nfl,sr:match:71515860,spread,WilliamHillNewJersey,home,-110,-115,-10.0,-7.0
2026-09-28T04:40:42.371089+00:00,nfl,sr:match:71515860,spread,FanDuel,away,-102,-120,9.5,10.5
2026-09-28T04:40:42.371089+00:00,nfl,sr:match:71515860,spread,FanDuel,home,-120,-102,-9.5,-10.5
2026-09-28T04:40:42.371089+00:00,nfl,sr:match:71515860,total,MGM,over,-114,-105,41.0,43.0
2026-09-28T04:40:42.371089+00:00,nfl,sr:match:71515860,total,MGM,under,-105,-114,41.0,43.0
2026-09-28T04:40:42.371089+00:00,nfl,sr:match:71515860,total,DraftKings,over,-110,-110,41.5,43.5
2026-09-28T04:40:42.371089+00:00,nfl,sr:match:71515860,total,DraftKings,under,-110,-110,41.5,43.5
2026-09-28T04:40:42.371089+00:00,nfl,sr:match:71515860,total,Bet365.US.NJ,over,-110,-110,40.5,42.5
2026-09-28T04:40:42.371089+00:00,nfl,sr:match:71515860,total,Bet365.US.NJ,under,-110,-110,40.5,42.5
2026-09-28T04:40:42.371089+00:00,nfl,sr:match:71515860,total,WilliamHillNewJersey,over,-106,-115,41.5,42.0
2026-09-28T04:40:42.371089+00:00,nfl,sr:match:71515860,total,WilliamHillNewJersey,under,-114,-115,41.5,42.0
2026-09-28T04:40:42.371089+00:00,nfl,sr:match:71515860,total,FanDuel,over,-115,-105,41.5,43.5
2026-09-28T04:40:42.371089+00:00,nfl,sr:match:71515860,total,FanDuel,under,-105,-115,41.5,43.5
2026-09-28T04:40:42.371089+00:00,nfl,sr:match:71515862,moneyline,DraftKings,away,-230,-258,,
2026-09-28T04:40:42.371089+00:00,nfl,sr:match:71515862,moneyline,DraftKings,home,+190,+210,,
2026-09-28T04:40:42.371089+00:00,nfl,sr:match:71515862,moneyline,Bet365.US.NJ,away,-230,-245,,
2026-09-28T04:40:42.371089+00:00,nfl,sr:match:71515862,moneyline,Bet365.US.NJ,home,+190,+200,,
2026-09-28T04:40:42.371089+00:00,nfl,sr:match:71515862,moneyline,WilliamHillNewJersey,away,-235,-255,,
2026-09-28T04:40:42.371089+00:00,nfl,sr:match:71515862,moneyline,WilliamHillNewJersey,home,+193,+190,,
2026-09-28T04:40:42.371089+00:00,nfl,sr:match:71515862,moneyline,FanDuel,away,-230,-235,,
2026-09-28T04:40:42.371089+00:00,nfl,sr:match:71515862,moneyline,FanDuel,home,+190,+194,,
2026-09-28T04:40:42.371089+00:00,nfl,sr:match:71515862,spread,MGM,away,-105,-111,-4.5,-5.0
2026-09-28T04:40:42.371089+00:00,nfl,sr:match:71515862,spread,MGM,home,-114,-108,4.5,5.0
2026-09-28T04:40:42.371089+00:00,nfl,sr:match:71515862,spread,DraftKings,away,-105,-110,-5.5,-5.5
2026-09-28T04:40:42.371089+00:00,nfl,sr:match:71515862,spread,DraftKings,home,-115,-110,5.5,5.5
2026-09-28T04:40:42.371089+00:00,nfl,sr:match:71515862,spread,Bet365.US.NJ,away,-110,-105,-4.5,-5.5
2026-09-28T04:40:42.371089+00:00,nfl,sr:match:71515862,spread,Bet365.US.NJ,home,-110,-115,4.5,5.5
2026-09-28T04:40:42.371089+00:00,nfl,sr:match:71515862,spread,WilliamHillNewJersey,away,-112,-115,-4.5,-5.5
2026-09-28T04:40:42.371089+00:00,nfl,sr:match:71515862,spread,WilliamHillNewJersey,home,-108,-115,4.5,5.5
2026-09-28T04:40:42.371089+00:00,nfl,sr:match:71515862,spread,FanDuel,away,-110,-105,-4.5,-5.5
2026-09-28T04:40:42.371089+00:00,nfl,sr:match:71515862,spread,FanDuel,home,-110,-115,4.5,5.5
2026-09-28T04:40:42.371089+00:00,nfl,sr:match:71515862,total,MGM,over,-114,-108,47.5,46.0
2026-09-28T04:40:42.371089+00:00,nfl,sr:match:71515862,total,MGM,under,-105,-111,47.5,46.0
2026-09-28T04:40:42.371089+00:00,nfl,sr:match:71515862,total,DraftKings,over,-110,-110,47.5,43.5
2026-09-28T04:40:42.371089+00:00,nfl,sr:match:71515862,total,DraftKings,under,-110,-110,47.5,43.5
2026-09-28T04:40:42.371089+00:00,nfl,sr:match:71515862,total,Bet365.US.NJ,over,-110,-115,47.5,45.5
2026-09-28T04:40:42.371089+00:00,nfl,sr:match:71515862,total,Bet365.US.NJ,under,-110,-105,47.5,45.5
2026-09-28T04:40:42.371089+00:00,nfl,sr:match:71515862,total,WilliamHillNewJersey,over,-109,-115,47.5,42.5
2026-09-28T04:40:42.371089+00:00,nfl,sr:match:71515862,total,WilliamHillNewJersey,under,-110,-115,47.5,42.5
2026-09-28T04:40:42.371089+00:00,nfl,sr:match:71515862,total,FanDuel,over,-105,-104,47.5,46.5
2026-09-28T04:40:42.371089+00:00,nfl,sr:match:71515862,total,FanDuel,under,-115,-118,47.5,46.5
2026-09-28T04:40:42.371089+00:00,nfl,sr:match:71515864,moneyline,DraftKings,away,+250,+136,,
2026-09-28T04:40:42.371089+00:00,nfl,sr:match:71515864,moneyline,DraftKings,home,-310,-162,,
2026-09-28T04:40:42.371089+00:00,nfl,sr:match:71515864,moneyline,Bet365.US.NJ,away,+250,+260,,
2026-09-28T04:40:42.371089+00:00,nfl,sr:match:71515864,moneyline,Bet365.US.NJ,home,-311,-321,,
2026-09-28T04:40:42.371089+00:00,nfl,sr:match:71515864,moneyline,WilliamHillNewJersey,away,+255,+140,,
2026-09-28T04:40:42.371089+00:00,nfl,sr:match:71515864,moneyline,WilliamHillNewJersey,home,-319,-180,,
2026-09-28T04:40:42.371089+00:00,nfl,sr:match:71515864,moneyline,FanDuel,away,+270,+275,,
2026-09-28T04:40:42.371089+00:00,nfl,sr:match:71515864,moneyline,FanDuel,home,-334,-340,,
2026-09-28T04:40:42.371089+00:00,nfl,sr:match:71515864,spread,MGM,away,-105,-105,6.5,6.5
2026-09-28T04:40:42.371089+00:00,nfl,sr:match:71515864,spread,MGM,home,-115,-114,-6.5,-6.5
2026-09-28T04:40:42.371089+00:00,nfl,sr:match:71515864,spread,DraftKings,away,-110,-110,6.5,3.0
2026-09-28T04:40:42.371089+00:00,nfl,sr:match:71515864,spread,DraftKings,home,-110,-110,-6.5,-3.0
2026-09-28T04:40:42.371089+00:00,nfl,sr:match:71515864,spread,Bet365.US.NJ,away,-105,-110,6.5,6.5
2026-09-28T04:40:42.371089+00:00,nfl,sr:match:71515864,spread,Bet365.US.NJ,home,-115,-110,-6.5,-6.5
2026-09-28T04:40:42.371089+00:00,nfl,sr:match:71515864,spread,WilliamHillNewJersey,away,-110,-110,6.5,3.0
2026-09-28T04:40:42.371089+00:00,nfl,sr:match:71515864,spread,WilliamHillNewJersey,home,-110,-120,-6.5,-3.0
2026-09-28T04:40:42.371089+00:00,nfl,sr:match:71515864,spread,FanDuel,away,-104,-115,6.5,7.0
2026-09-28T04:40:42.371089+00:00,nfl,sr:match:71515864,spread,FanDuel,home,-118,-105,-6.5,-7.0
2026-09-28T04:40:42.371089+00:00,nfl,sr:match:71515864,total,MGM,over,-111,-111,44.0,45.0
2026-09-28T04:40:42.371089+00:00,nfl,sr:match:71515864,total,MGM,under,-108,-111,44.0,45.0
2026-09-28T04:40:42.371089+00:00,nfl,sr:match:71515864,total,DraftKings,over,-115,-110,43.5,45.5
2026-09-28T04:40:42.371089+00:00,nfl,sr:match:71515864,total,DraftKings,under,-105,-110,43.5,45.5
2026-09-28T04:40:42.371089+00:00,nfl,sr:match:71515864,total,Bet365.US.NJ,over,-110,-110,43.5,42.5
2026-09-28T04:40:42.371089+00:00,nfl,sr:match:71515864,total,Bet365.US.NJ,under,-110,-110,43.5,42.5
2026-09-28T04:40:42.371089+00:00,nfl,sr:match:71515864,total,WilliamHillNewJersey,over,-118,-115,43.5,45.5
2026-09-28T04:40:42.371089+00:00,nfl,sr:match:71515864,total,WilliamHillNewJersey,under,-102,-115,43.5,45.5
2026-09-28T04:40:42.371089+00:00,nfl,sr:match:71515864,total,FanDuel,over,-106,-115,44.5,43.5
2026-09-28T04:40:42.371089+00:00,nfl,sr:match:71515864,total,FanDuel,under,-114,-105,44.5,43.5
2026-09-28T04:40:42.371089+00:00,nfl,sr:match:71531176,moneyline,DraftKings,away,+142,+114,,
2026-09-28T04:40:42.371089+00:00,nfl,sr:match:71531176,moneyline,DraftKings,home,-170,-135,,
2026-09-28T04:40:42.371089+00:00,nfl,sr:match:71531176,moneyline,Bet365.US.NJ,away,+135,+160,,
2026-09-28T04:40:42.371089+00:00,nfl,sr:match:71531176,moneyline,Bet365.US.NJ,home,-160,-190,,
2026-09-28T04:40:42.371089+00:00,nfl,sr:match:71531176,moneyline,WilliamHillNewJersey,away,+135,+125,,
2026-09-28T04:40:42.371089+00:00,nfl,sr:match:71531176,moneyline,WilliamHillNewJersey,home,-159,-160,,
2026-09-28T04:40:42.371089+00:00,nfl,sr:match:71531176,moneyline,FanDuel,away,+130,+144,,
2026-09-28T04:40:42.371089+00:00,nfl,sr:match:71531176,moneyline,FanDuel,home,-154,-174,,
2026-09-28T04:40:42.371089+00:00,nfl,sr:match:71531176,spread,MGM,away,-114,-114,3.0,3.0
2026-09-28T04:40:42.371089+00:00,nfl,sr:match:71531176,spread,MGM,home,-105,-105,-3.0,-3.0
2026-09-28T04:40:42.371089+00:00,nfl,sr:match:71531176,spread,DraftKings,away,-110,-110,3.0,2.5
2026-09-28T04:40:42.371089+00:00,nfl,sr:match:71531176,spread,DraftKings,home,-110,-110,-3.0,-2.5
2026-09-28T04:40:42.371089+00:00,nfl,sr:match:71531176,spread,Bet365.US.NJ,away,+100,-110,2.5,3.5
2026-09-28T04:40:42.371089+00:00,nfl,sr:match:71531176,spread,Bet365.US.NJ,home,-120,-110,-2.5,-3.5
2026-09-28T04:40:42.371089+00:00,nfl,sr:match:71531176,spread,WilliamHillNewJersey,away,-109,-120,3.0,3.0
2026-09-28T04:40:42.371089+00:00,nfl,sr:match:71531176,spread,WilliamHillNewJersey,home,-109,-110,-3.0,-3.0
2026-09-28T04:40:42.371089+00:00,nfl,sr:match:71531176,spread,FanDuel,away,-102,-105,2.5,3.0
2026-09-28T04:40:42.371089+00:00,nfl,sr:match:71531176,spread,FanDuel,home,-120,-115,-2.5,-3.0
2026-09-28T04:40:42.371089+00:00,nfl,sr:match:71531176,total,MGM,over,-111,-111,45.5,45.5
2026-09-28T04:40:42.371089+00:00,nfl,sr:match:71531176,total,MGM,under,-108,-108,45.5,45.5
2026-09-28T04:40:42.371089+00:00,nfl,sr:match:71531176,total,DraftKings,over,-110,-110,45.5,46.5
2026-09-28T04:40:42.371089+00:00,nfl,sr:match:71531176,total,DraftKings,under,-110,-110,45.5,46.5
2026-09-28T04:40:42.371089+00:00,nfl,sr:match:71531176,total,Bet365.US.NJ,over,+355,-110,58.5,45.5
2026-09-28T04:40:42.371089+00:00,nfl,sr:match:71531176,total,Bet365.US.NJ,under,-613,-110,58.5,45.5
2026-09-28T04:40:42.371089+00:00,nfl,sr:match:71531176,total,WilliamHillNewJersey,over,-113,-115,45.5,45.5
2026-09-28T04:40:42.371089+00:00,nfl,sr:match:71531176,total,WilliamHillNewJersey,under,-107,-115,45.5,45.5
2026-09-28T04:40:42.371089+00:00,nfl,sr:match:71531176,total,FanDuel,over,-104,-110,46.5,46.5
2026-09-28T04:40:42.371089+00:00,nfl,sr:match:71531176,total,FanDuel,under,-118,-110,46.5,46.5
2026-09-28T04:40:42.371089+00:00,nfl,sr:match:71515868,moneyline,DraftKings,away,-155,-155,,
2026-09-28T04:40:42.371089+00:00,nfl,sr:match:71515868,moneyline,DraftKings,home,+130,+130,,
2026-09-28T04:40:42.371089+00:00,nfl,sr:match:71515868,moneyline,Bet365.US.NJ,away,-160,-150,,
2026-09-28T04:40:42.371089+00:00,nfl,sr:match:71515868,moneyline,Bet365.US.NJ,home,+135,+125,,
2026-09-28T04:40:42.371089+00:00,nfl,sr:match:71515868,moneyline,WilliamHillNewJersey,away,-157,-180,,
2026-09-28T04:40:42.371089+00:00,nfl,sr:match:71515868,moneyline,WilliamHillNewJersey,home,+132,+140,,
2026-09-28T04:40:42.371089+00:00,nfl,sr:match:71515868,moneyline,FanDuel,away,-158,-138,,
2026-09-28T04:40:42.371089+00:00,nfl,sr:match:71515868,moneyline,FanDuel,home,+134,+118,,
2026-09-28T04:40:42.371089+00:00,nfl,sr:match:71515868,spread,MGM,away,-111,-102,-3.0,-3.0
2026-09-28T04:40:42.371089+00:00,nfl,sr:match:71515868,spread,MGM,home,-108,-115,3.0,3.0
2026-09-28T04:40:42.371089+00:00,nfl,sr:match:71515868,spread,DraftKings,away,-110,-110,-3.0,-3.0
2026-09-28T04:40:42.371089+00:00,nfl,sr:match:71515868,spread,DraftKings,home,-110,-110,3.0,3.0
2026-09-28T04:40:42.371089+00:00,nfl,sr:match:71515868,spread,Bet365.US.NJ,away,-110,-110,-3.0,-2.5
2026-09-28T04:40:42.371089+00:00,nfl,sr:match:71515868,spread,Bet365.US.NJ,home,-110,-110,3.0,2.5
2026-09-28T04:40:42.371089+00:00,nfl,sr:match:71515868,spread,WilliamHillNewJersey,away,-109,-120,-3.0,-3.0
2026-09-28T04:40:42.371089+00:00,nfl,sr:match:71515868,spread,WilliamHillNewJersey,home,-110,-110,3.0,3.0
2026-09-28T04:40:42.371089+00:00,nfl,sr:match:71515868,spread,FanDuel,away,-108,-110,-3.0,-2.5
2026-09-28T04:40:42.371089+00:00,nfl,sr:match:71515868,spread,FanDuel,home,-112,-110,3.0,2.5
2026-09-28T04:40:42.371089+00:00,nfl,sr:match:71515868,total,MGM,over,-114,-108,50.0,49.5
2026-09-28T04:40:42.371089+00:00,nfl,sr:match:71515868,total,MGM,under,-108,-111,50.0,49.5
2026-09-28T04:40:42.371089+00:00,nfl,sr:match:71515868,total,DraftKings,over,-115,-110,49.5,47.5
2026-09-28T04:40:42.371089+00:00,nfl,sr:match:71515868,total,DraftKings,under,-105,-110,49.5,47.5
2026-09-28T04:40:42.371089+00:00,nfl,sr:match:71515868,total,Bet365.US.NJ,over,-110,-110,49.5,49.5
2026-09-28T04:40:42.371089+00:00,nfl,sr:match:71515868,total,Bet365.US.NJ,under,-110,-110,49.5,49.5
2026-09-28T04:40:42.371089+00:00,nfl,sr:match:71515868,total,WilliamHillNewJersey,over,-105,-115,50.5,46.5
2026-09-28T04:40:42.371089+00:00,nfl,sr:match:71515868,total,WilliamHillNewJersey,under,-115,-115,50.5,46.5
2026-09-28T04:40:42.371089+00:00,nfl,sr:match:71515868,total,FanDuel,over,-118,-105,49.5,49.5
2026-09-28T04:40:42.371089+00:00,nfl,sr:match:71515868,total,FanDuel,under,-104,-115,49.5,49.5
2026-09-28T10:17:01.268863+00:00,nfl,sr:match:71515840,moneyline,DraftKings,away,-192,-102,,
2026-09-28T10:17:01.268863+00:00,nfl,sr:match:71515840,moneyline,DraftKings,home,+160,-118,,
2026-09-28T10:17:01.268863+00:00,nfl,sr:match:71515840,moneyline,Bet365.US.NJ,away,-205,-105,,
2026-09-28T10:17:01.268863+00:00,nfl,sr:match:71515840,moneyline,Bet365.US.NJ,home,+170,-115,,
2026-09-28T10:17:01.268863+00:00,nfl,sr:match:71515840,moneyline,WilliamHillNewJersey,away,-209,+100,,
2026-09-28T10:17:01.268863+00:00,nfl,sr:match:71515840,moneyline,WilliamHillNewJersey,home,+173,-131,,
2026-09-28T10:17:01.268863+00:00,nfl,sr:match:71515840,moneyline,FanDuel,away,-198,-104,,
2026-09-28T10:17:01.268863+00:00,nfl,sr:match:71515840,moneyline,FanDuel,home,+166,-112,,
2026-09-28T10:17:01.268863+00:00,nfl,sr:match:71515840,spread,MGM,away,-120,-111,-3.5,-4.0
2026-09-28T10:17:01.268863+00:00,nfl,sr:match:71515840,spread,MGM,home,-111,-108,3.5,4.0
2026-09-28T10:17:01.268863+00:00,nfl,sr:match:71515840,spread,DraftKings,away,-112,-115,-3.5,1.5
2026-09-28T10:17:01.268863+00:00,nfl,sr:match:71515840,spread,DraftKings,home,-108,-105,3.5,-1.5
2026-09-28T10:17:01.268863+00:00,nfl,sr:match:71515840,spread,Bet365.US.NJ,away,-115,-115,-3.5,1.5
2026-09-28T10:17:01.268863+00:00,nfl,sr:match:71515840,spread,Bet365.US.NJ,home,-105,-105,3.5,-1.5
2026-09-28T10:17:01.268863+00:00,nfl,sr:match:71515840,spread,WilliamHillNewJersey,away,-113,-115,-3.5,1.5
2026-09-28T10:17:01.268863+00:00,nfl,sr:match:71515840,spread,WilliamHillNewJersey,home,-107,-115,3.5,-1.5
2026-09-28T10:17:01.268863+00:00,nfl,sr:match:71515840,spread,FanDuel,away,-115,-118,-3.5,1.5
2026-09-28T10:17:01.268863+00:00,nfl,sr:match:71515840,spread,FanDuel,home,-105,-104,3.5,-1.5
2026-09-28T10:17:01.268863+00:00,nfl,sr:match:71515840,total,MGM,over,-111,-108,42.0,43.5
2026-09-28T10:17:01.268863+00:00,nfl,sr:match:71515840,total,MGM,under,-120,-111,42.0,43.5
2026-09-28T10:17:01.268863+00:00,nfl,sr:match:71515840,total,DraftKings,over,-110,-110,41.5,46.5
2026-09-28T10:17:01.268863+00:00,nfl,sr:match:71515840,total,DraftKings,under,-110,-110,41.5,46.5
2026-09-28T10:17:01.268863+00:00,nfl,sr:match:71515840,total,Bet365.US.NJ,over,-110,-110,41.5,47.5
2026-09-28T10:17:01.268863+00:00,nfl,sr:match:71515840,total,Bet365.US.NJ,under,-110,-110,41.5,47.5
2026-09-28T10:17:01.268863+00:00,nfl,sr:match:71515840,total,WilliamHillNewJersey,over,-113,-115,41.5,46.5
2026-09-28T10:17:01.268863+00:00,nfl,sr:match:71515840,total,WilliamHillNewJersey,under,-107,-115,41.5,46.5
2026-09-28T10:17:01.268863+00:00,nfl,sr:match:71515840,total,FanDuel,over,-110,-102,41.5,48.5
2026-09-28T10:17:01.268863+00:00,nfl,sr:match:71515840,total,FanDuel,under,-110,-120,41.5,48.5
2026-09-28T10:17:01.268863+00:00,nfl,sr:match:71515842,moneyline,DraftKings,away,-142,-135,,
2026-09-28T10:17:01.268863+00:00,nfl,sr:match:71515842,moneyline,DraftKings,home,+120,+114,,
2026-09-28T10:17:01.268863+00:00,nfl,sr:match:71515842,moneyline,Bet365.US.NJ,away,-140,-135,,
2026-09-28T10:17:01.268863+00:00,nfl,sr:match:71515842,moneyline,Bet365.US.NJ,home,+120,+115,,
2026-09-28T10:17:01.268863+00:00,nfl,sr:match:71515842,moneyline,WilliamHillNewJersey,away,-141,-140,,
2026-09-28T10:17:01.268863+00:00,nfl,sr:match:71515842,moneyline,WilliamHillNewJersey,home,+120,+110,,
2026-09-28T10:17:01.268863+00:00,nfl,sr:match:71515842,moneyline,FanDuel,away,-136,-134,,
2026-09-28T10:17:01.268863+00:00,nfl,sr:match:71515842,moneyline,FanDuel,home,+116,+114,,
2026-09-28T10:17:01.268863+00:00,nfl,sr:match:71515842,spread,MGM,away,-114,-114,-2.5,-2.5
2026-09-28T10:17:01.268863+00:00,nfl,sr:match:71515842,spread,MGM,home,-105,-105,2.5,2.5
2026-09-28T10:17:01.268863+00:00,nfl,sr:match:71515842,spread,DraftKings,away,-112,-110,-2.5,-2.5
2026-09-28T10:17:01.268863+00:00,nfl,sr:match:71515842,spread,DraftKings,home,-108,-110,2.5,2.5
2026-09-28T10:17:01.268863+00:00,nfl,sr:match:71515842,spread,Bet365.US.NJ,away,-110,-110,-2.5,-2.5
2026-09-28T10:17:01.268863+00:00,nfl,sr:match:71515842,spread,Bet365.US.NJ,home,-110,-110,2.5,2.5
2026-09-28T10:17:01.268863+00:00,nfl,sr:match:71515842,spread,WilliamHillNewJersey,away,-114,-115,-2.5,-1.5
2026-09-28T10:17:01.268863+00:00,nfl,sr:match:71515842,spread,WilliamHillNewJersey,home,-106,-115,2.5,1.5
2026-09-28T10:17:01.268863+00:00,nfl,sr:match:71515842,spread,FanDuel,away,-114,-110,-2.5,-2.5
2026-09-28T10:17:01.268863+00:00,nfl,sr:match:71515842,spread,FanDuel,home,-106,-110,2.5,2.5
2026-09-28T10:17:01.268863+00:00,nfl,sr:match:71515842,total,MGM,over,-111,-111,38.0,38.0
2026-09-28T10:17:01.268863+00:00,nfl,sr:match:71515842,total,MGM,under,-108,-108,38.0,38.0
2026-09-28T10:17:01.268863+00:00,nfl,sr:match:71515842,total,DraftKings,over,-105,-110,38.5,40.5
2026-09-28T10:17:01.268863+00:00,nfl,sr:match:71515842,total,DraftKings,under,-115,-110,38.5,40.5
2026-09-28T10:17:01.268863+00:00,nfl,sr:match:71515842,total,Bet365.US.NJ,over,-105,-110,38.5,37.5
2026-09-28T10:17:01.268863+00:00,nfl,sr:match:71515842,total,Bet365.US.NJ,under,-115,-110,38.5,37.5
2026-09-28T10:17:01.268863+00:00,nfl,sr:match:71515842,total,WilliamHillNewJersey,over,-121,-115,37.5,38.5
2026-09-28T10:17:01.268863+00:00,nfl,sr:match:71515842,total,WilliamHillNewJersey,under,+100,-115,37.5,38.5
2026-09-28T10:17:01.268863+00:00,nfl,sr:match:71515842,total,FanDuel,over,-115,-105,37.5,37.5
2026-09-28T10:17:01.268863+00:00,nfl,sr:match:71515842,total,FanDuel,under,-105,-115,37.5,37.5
2026-09-28T10:17:01.268863+00:00,nfl,sr:match:71488622,moneyline,MGM,away,-105,-105,,
2026-09-28T10:17:01.268863+00:00,nfl,sr:match:71488622,moneyline,MGM,home,-115,-115,,
2026-09-28T10:17:01.268863+00:00,nfl,sr:match:71488622,moneyline,DraftKings,away,-162,-102,,
2026-09-28T10:17:01.268863+00:00,nfl,sr:match:71488622,moneyline,DraftKings,home,+136,-118,,
2026-09-28T10:17:01.268863+00:00,nfl,sr:match:71488622,moneyline,Bet365.US.NJ,away,-165,-105,,
2026-09-28T10:17:01.268863+00:00,nfl,sr:match:71488622,moneyline,Bet365.US.NJ,home,+140,-115,,
2026-09-28T10:17:01.268863+00:00,nfl,sr:match:71488622,moneyline,WilliamHillNewJersey,away,-164,-115,,
2026-09-28T10:17:01.268863+00:00,nfl,sr:match:71488622,moneyline,WilliamHillNewJersey,home,+139,-105,,
2026-09-28T10:17:01.268863+00:00,nfl,sr:match:71488622,moneyline,FanDuel,away,-174,+100,,
2026-09-28T10:17:01.268863+00:00,nfl,sr:match:71488622,moneyline,FanDuel,home,+146,-118,,
2026-09-28T10:17:01.268863+00:00,nfl,sr:match:71488622,spread,MGM,away,-118,-120,-3.0,1.5
2026-09-28T10:17:01.268863+00:00,nfl,sr:match:71488622,spread,MGM,home,+100,+100,3.0,-1.5
2026-09-28T10:17:01.268863+00:00,nfl,sr:match:71488622,spread,DraftKings,away,-112,-118,-3.0,1.5
2026-09-28T10:17:01.268863+00:00,nfl,sr:match:71488622,spread,DraftKings,home,-108,-102,3.0,-1.5
2026-09-28T10:17:01.268863+00:00,nfl,sr:match:71488622,spread,Bet365.US.NJ,away,+100,-110,-3.5,1.5
2026-09-28T10:17:01.268863+00:00,nfl,sr:match:71488622,spread,Bet365.US.NJ,home,-120,-110,3.5,-1.5
2026-09-28T10:17:01.268863+00:00,nfl,sr:match:71488622,spread,WilliamHillNewJersey,away,-114,-105,-3.0,-1.0
2026-09-28T10:17:01.268863+00:00,nfl,sr:match:71488622,spread,WilliamHillNewJersey,home,-105,-115,3.0,1.0
2026-09-28T10:17:01.268863+00:00,nfl,sr:match:71488622,spread,FanDuel,away,-102,-115,-3.5,1.5
2026-09-28T10:17:01.268863+00:00,nfl,sr:match:71488622,spread,FanDuel,home,-120,-105,3.5,-1.5
2026-09-28T10:17:01.268863+00:00,nfl,sr:match:71488622,total,MGM,over,-111,-110,47.0,49.5
2026-09-28T10:17:01.268863+00:00,nfl,sr:match:71488622,total,MGM,under,-108,-110,47.0,49.5
2026-09-28T10:17:01.268863+00:00,nfl,sr:match:71488622,total,DraftKings,over,+100,-110,47.5,48.5
2026-09-28T10:17:01.268863+00:00,nfl,sr:match:71488622,total,DraftKings,under,-120,-110,47.5,48.5
2026-09-28T10:17:01.268863+00:00,nfl,sr:match:71488622,total,Bet365.US.NJ,over,-105,-110,47.5,49.5
2026-09-28T10:17:01.268863+00:00,nfl,sr:match:71488622,total,Bet365.US.NJ,under,-115,-110,47.5,49.5
2026-09-28T10:17:01.268863+00:00,nfl,sr:match:71488622,total,WilliamHillNewJersey,over,-110,-110,47.0,48.5
2026-09-28T10:17:01.268863+00:00,nfl,sr:match:71488622,total,WilliamHillNewJersey,under,-109,-110,47.0,48.5
2026-09-28T10:17:01.268863+00:00,nfl,sr:match:71488622,total,FanDuel,over,-106,-112,47.5,50.5
2026-09-28T10:17:01.268863+00:00,nfl,sr:match:71488622,total,FanDuel,under,-114,-108,47.5,50.5
2026-09-28T10:17:01.268863+00:00,nfl,sr:match:71515844,moneyline,DraftKings,away,+500,+310,,
2026-09-28T10:17:01.268863+00:00,nfl,sr:match:71515844,moneyline,DraftKings,home,-699,-395,,
2026-09-28T10:17:01.268863+00:00,nfl,sr:match:71515844,moneyline,Bet365.US.NJ,away,+475,+475,,
2026-09-28T10:17:01.268863+00:00,nfl,sr:match:71515844,moneyline,Bet365.US.NJ,home,-654,-654,,
2026-09-28T10:17:01.268863+00:00,nfl,sr:match:71515844,moneyline,WilliamHillNewJersey,away,+475,+330,,
2026-09-28T10:17:01.268863+00:00,nfl,sr:match:71515844,moneyline,WilliamHillNewJersey,home,-676,-426,,
2026-09-28T10:17:01.268863+00:00,nfl,sr:match:71515844,moneyline,FanDuel,away,+530,+530,,
2026-09-28T10:17:01.268863+00:00,nfl,sr:match:71515844,moneyline,FanDuel,home,-752,-752,,
2026-09-28T10:17:01.268863+00:00,nfl,sr:match:71515844,spread,MGM,away,-108,-111,11.0,11.5
2026-09-28T10:17:01.268863+00:00,nfl,sr:match:71515844,spread,MGM,home,-111,-108,-11.0,-11.5
2026-09-28T10:17:01.268863+00:00,nfl,sr:match:71515844,spread,DraftKings,away,-110,-110,11.5,8.5
2026-09-28T10:17:01.268863+00:00,nfl,sr:match:71515844,spread,DraftKings,home,-110,-110,-11.5,-8.5
2026-09-28T10:17:01.268863+00:00,nfl,sr:match:71515844,spread,Bet365.US.NJ,away,-115,-110,11.5,10.5
2026-09-28T10:17:01.268863+00:00,nfl,sr:match:71515844,spread,Bet365.US.NJ,home,-105,-110,-11.5,-10.5
2026-09-28T10:17:01.268863+00:00,nfl,sr:match:71515844,spread,WilliamHillNewJersey,away,-113,-115,11.5,9.0
2026-09-28T10:17:01.268863+00:00,nfl,sr:match:71515844,spread,WilliamHillNewJersey,home,-106,-115,-11.5,-9.0
2026-09-28T10:17:01.268863+00:00,nfl,sr:match:71515844,spread,FanDuel,away,-110,-105,11.5,10.5
2026-09-28T10:17:01.268863+00:00,nfl,sr:match:71515844,spread,FanDuel,home,-110,-115,-11.5,-10.5
2026-09-28T10:17:01.268863+00:00,nfl,sr:match:71515844,total,MGM,over,-108,-114,43.5,43.0
2026-09-28T10:17:01.268863+00:00,nfl,sr:match:71515844,total,MGM,under,-111,-108,43.5,43.0
2026-09-28T10:17:01.268863+00:00,nfl,sr:match:71515844,total,DraftKings,over,-110,-110,43.5,47.5
2026-09-28T10:17:01.268863+00:00,nfl,sr:match:71515844,total,DraftKings,under,-110,-110,43.5,47.5
2026-09-28T10:17:01.268863+00:00,nfl,sr:match:71515844,total,Bet365.US.NJ,over,-110,-115,43.5,44.5
2026-09-28T10:17:01.268863+00:00,nfl,sr:match:71515844,total,Bet365.US.NJ,under,-110,-105,43.5,44.5
2026-09-28T10:17:01.268863+00:00,nfl,sr:match:71515844,total,WilliamHillNewJersey,over,-110,-115,43.5,45.5
2026-09-28T10:17:01.268863+00:00,nfl,sr:match:71515844,total,WilliamHillNewJersey,under,-109,-115,43.5,45.5
2026-09-28T10:17:01.268863+00:00,nfl,sr:match:71515844,total,FanDuel,over,-110,-104,43.5,45.5
2026-09-28T10:17:01.268863+00:00,nfl,sr:match:71515844,total,FanDuel,under,-110,-118,43.5,45.5
2026-09-28T10:17:01.268863+00:00,nfl,sr:match:71515846,moneyline,DraftKings,away,+245,+136,,
2026-09-28T10:17:01.268863+00:00,nfl,sr:match:71515846,moneyline,DraftKings,home,-305,-162,,
2026-09-28T10:17:01.268863+00:00,nfl,sr:match:71515846,moneyline,Bet365.US.NJ,away,+250,+210,,
2026-09-28T10:17:01.268863+00:00,nfl,sr:match:71515846,moneyline,Bet365.US.NJ,home,-311,-260,,
2026-09-28T10:17:01.268863+00:00,nfl,sr:match:71515846,moneyline,WilliamHillNewJersey,away,+260,+0,,
2026-09-28T10:17:01.268863+00:00,nfl,sr:match:71515846,moneyline,WilliamHillNewJersey,home,-325,-200,,
2026-09-28T10:17:01.268863+00:00,nfl,sr:match:71515846,moneyline,FanDuel,away,+265,+215,,
2026-09-28T10:17:01.268863+00:00,nfl,sr:match:71515846,moneyline,FanDuel,home,-330,-260,,
2026-09-28T10:17:01.268863+00:00,nfl,sr:match:71515846,spread,MGM,away,-111,-114,6.5,7.0
2026-09-28T10:17:01.268863+00:00,nfl,sr:match:71515846,spread,MGM,home,-108,-105,-6.5,-7.0
2026-09-28T10:17:01.268863+00:00,nfl,sr:match:71515846,spread,DraftKings,away,-115,-110,7.0,3.0
2026-09-28T10:17:01.268863+00:00,nfl,sr:match:71515846,spread,DraftKings,home,-105,-110,-7.0,-3.0
2026-09-28T10:17:01.268863+00:00,nfl,sr:match:71515846,spread,Bet365.US.NJ,away,-105,-110,6.5,5.5
2026-09-28T10:17:01.268863+00:00,nfl,sr:match:71515846,spread,Bet365.US.NJ,home,-115,-110,-6.5,-5.5
2026-09-28T10:17:01.268863+00:00,nfl,sr:match:71515846,spread,WilliamHillNewJersey,away,-115,-115,7.0,4.0
2026-09-28T10:17:01.268863+00:00,nfl,sr:match:71515846,spread,WilliamHillNewJersey,home,-105,-115,-7.0,-4.0
2026-09-28T10:17:01.268863+00:00,nfl,sr:match:71515846,spread,FanDuel,away,-104,-105,6.5,5.5
2026-09-28T10:17:01.268863+00:00,nfl,sr:match:71515846,spread,FanDuel,home,-118,-115,-6.5,-5.5
2026-09-28T10:17:01.268863+00:00,nfl,sr:match:71515846,total,MGM,over,-111,-111,48.5,48.5
2026-09-28T10:17:01.268863+00:00,nfl,sr:match:71515846,total,MGM,under,-108,-108,48.5,48.5
2026-09-28T10:17:01.268863+00:00,nfl,sr:match:71515846,total,DraftKings,over,-110,-110,48.5,49.5
2026-09-28T10:17:01.268863+00:00,nfl,sr:match:71515846,total,DraftKings,under,-110,-110,48.5,49.5
2026-09-28T10:17:01.268863+00:00,nfl,sr:match:71515846,total,Bet365.US.NJ,over,-110,-110,48.5,50.5
2026-09-28T10:17:01.268863+00:00,nfl,sr:match:71515846,total,Bet365.US.NJ,under,-110,-130,48.5,50.5
2026-09-28T10:17:01.268863+00:00,nfl,sr:match:71515846,total,WilliamHillNewJersey,over,-110,-115,48.5,50.5
2026-09-28T10:17:01.268863+00:00,nfl,sr:match:71515846,total,WilliamHillNewJersey,under,-110,-115,48.5,50.5
2026-09-28T10:17:01.268863+00:00,nfl,sr:match:71515846,total,FanDuel,over,-110,-104,48.5,50.5
2026-09-28T10:17:01.268863+00:00,nfl,sr:match:71515846,total,FanDuel,under,-110,-118,48.5,50.5
2026-09-28T10:17:01.268863+00:00,nfl,sr:match:71515848,moneyline,DraftKings,away,+124,+300,,
2026-09-28T10:17:01.268863+00:00,nfl,sr:match:71515848,moneyline,DraftKings,home,-148,-380,,
2026-09-28T10:17:01.268863+00:00,nfl,sr:match:71515848,moneyline,Bet365.US.NJ,away,+135,+150,,
2026-09-28T10:17:01.268863+00:00,nfl,sr:match:71515848,moneyline,Bet365.US.NJ,home,-160,-180,,
2026-09-28T10:17:01.268863+00:00,nfl,sr:match:71515848,moneyline,WilliamHillNewJersey,away,+130,+305,,
2026-09-28T10:17:01.268863+00:00,nfl,sr:match:71515848,moneyline,WilliamHillNewJersey,home,-154,-426,,
2026-09-28T10:17:01.268863+00:00,nfl,sr:match:71515848,moneyline,FanDuel,away,+138,+154,,
2026-09-28T10:17:01.268863+00:00,nfl,sr:match:71515848,moneyline,FanDuel,home,-164,-184,,
2026-09-28T10:17:01.268863+00:00,nfl,sr:match:71515848,spread,MGM,away,-111,-111,3.0,3.0
2026-09-28T10:17:01.268863+00:00,nfl,sr:match:71515848,spread,MGM,home,-108,-108,-3.0,-3.0
2026-09-28T10:17:01.268863+00:00,nfl,sr:match:71515848,spread,DraftKings,away,-120,-110,3.0,8.5
2026-09-28T10:17:01.268863+00:00,nfl,sr:match:71515848,spread,DraftKings,home,+100,-110,-3.0,-8.5
2026-09-28T10:17:01.268863+00:00,nfl,sr:match:71515848,spread,Bet365.US.NJ,away,-110,-110,3.0,3.0
2026-09-28T10:17:01.268863+00:00,nfl,sr:match:71515848,spread,Bet365.US.NJ,home,-110,-110,-3.0,-3.0
2026-09-28T10:17:01.268863+00:00,nfl,sr:match:71515848,spread,WilliamHillNewJersey,away,-114,-115,3.0,9.0
2026-09-28T10:17:01.268863+00:00,nfl,sr:match:71515848,spread,WilliamHillNewJersey,home,-106,-115,-3.0,-9.0
2026-09-28T10:17:01.268863+00:00,nfl,sr:match:71515848,spread,FanDuel,away,-110,-104,3.0,3.0
2026-09-28T10:17:01.268863+00:00,nfl,sr:match:71515848,spread,FanDuel,home,-110,-118,-3.0,-3.0
2026-09-28T10:17:01.268863+00:00,nfl,sr:match:71515848,total,MGM,over,-111,-111,43.0,43.0
2026-09-28T10:17:01.268863+00:00,nfl,sr:match:71515848,total,MGM,under,-108,-108,43.0,43.0
2026-09-28T10:17:01.268863+00:00,nfl,sr:match:71515848,total,DraftKings,over,-110,-110,42.5,45.5
2026-09-28T10:17:01.268863+00:00,nfl,sr:match:71515848,total,DraftKings,under,-110,-110,42.5,45.5
2026-09-28T10:17:01.268863+00:00,nfl,sr:match:71515848,total,Bet365.US.NJ,over,-110,-110,42.5,43.5
2026-09-28T10:17:01.268863+00:00,nfl,sr:match:71515848,total,Bet365.US.NJ,under,-110,-110,42.5,43.5
2026-09-28T10:17:01.268863+00:00,nfl,sr:match:71515848,total,WilliamHillNewJersey,over,-110,-115,43.0,44.5
2026-09-28T10:17:01.268863+00:00,nfl,sr:match:71515848,total,WilliamHillNewJersey,under,-109,-115,43.0,44.5
2026-09-28T10:17:01.268863+00:00,nfl,sr:match:71515848,total,FanDuel,over,-110,-105,43.5,43.5
2026-09-28T10:17:01.268863+00:00,nfl,sr:match:71515848,total,FanDuel,under,-110,-115,43.5,43.5
2026-09-28T10:17:01.268863+00:00,nfl,sr:match:71515850,moneyline,DraftKings,away,+114,+114,,
2026-09-28T10:17:01.268863+00:00,nfl,sr:match:71515850,moneyline,DraftKings,home,-135,-135,,
2026-09-28T10:17:01.268863+00:00,nfl,sr:match:71515850,moneyline,Bet365.US.NJ,away,+120,+130,,
2026-09-28T10:17:01.268863+00:00,nfl,sr:match:71515850,moneyline,Bet365.US.NJ,home,-140,-155,,
2026-09-28T10:17:01.268863+00:00,nfl,sr:match:71515850,moneyline,WilliamHillNewJersey,away,+115,+130,,
2026-09-28T10:17:01.268863+00:00,nfl,sr:match:71515850,moneyline,WilliamHillNewJersey,home,-136,-170,,
2026-09-28T10:17:01.268863+00:00,nfl,sr:match:71515850,moneyline,FanDuel,away,+110,+120,,
2026-09-28T10:17:01.268863+00:00,nfl,sr:match:71515850,moneyline,FanDuel,home,-130,-142,,
2026-09-28T10:17:01.268863+00:00,nfl,sr:match:71515850,spread,MGM,away,-108,-108,2.5,2.5
2026-09-28T10:17:01.268863+00:00,nfl,sr:match:71515850,spread,MGM,home,-111,-111,-2.5,-2.5
2026-09-28T10:17:01.268863+00:00,nfl,sr:match:71515850,spread,DraftKings,away,-110,-110,2.5,2.5
2026-09-28T10:17:01.268863+00:00,nfl,sr:match:71515850,spread,DraftKings,home,-110,-110,-2.5,-2.5
2026-09-28T10:17:01.268863+00:00,nfl,sr:match:71515850,spread,Bet365.US.NJ,away,-110,-105,2.5,2.5
2026-09-28T10:17:01.268863+00:00,nfl,sr:match:71515850,spread,Bet365.US.NJ,home,-110,-115,-2.5,-2.5
2026-09-28T10:17:01.268863+00:00,nfl,sr:match:71515850,spread,WilliamHillNewJersey,away,-108,-115,2.0,3.0
2026-09-28T10:17:01.268863+00:00,nfl,sr:match:71515850,spread,WilliamHillNewJersey,home,-112,-115,-2.0,-3.0
2026-09-28T10:17:01.268863+00:00,nfl,sr:match:71515850,spread,FanDuel,away,-110,-105,2.5,2.5
2026-09-28T10:17:01.268863+00:00,nfl,sr:match:71515850,spread,FanDuel,home,-110,-115,-2.5,-2.5
2026-09-28T10:17:01.268863+00:00,nfl,sr:match:71515850,total,MGM,over,-111,-111,51.0,50.0
2026-09-28T10:17:01.268863+00:00,nfl,sr:match:71515850,total,MGM,under,-108,-108,51.0,50.0
2026-09-28T10:17:01.268863+00:00,nfl,sr:match:71515850,total,DraftKings,over,-105,-110,51.5,51.5
2026-09-28T10:17:01.268863+00:00,nfl,sr:match:71515850,total,DraftKings,under,-115,-110,51.5,51.5
2026-09-28T10:17:01.268863+00:00,nfl,sr:match:71515850,total,Bet365.US.NJ,over,-110,-110,51.5,50.5
2026-09-28T10:17:01.268863+00:00,nfl,sr:match:71515850,total,Bet365.US.NJ,under,-110,-110,51.5,50.5
2026-09-28T10:17:01.268863+00:00,nfl,sr:match:71515850,total,WilliamHillNewJersey,over,-113,-115,51.0,51.5
2026-09-28T10:17:01.268863+00:00,nfl,sr:match:71515850,total,WilliamHillNewJersey,under,-108,-115,51.0,51.5
2026-09-28T10:17:01.268863+00:00,nfl,sr:match:71515850,total,FanDuel,over,-115,-104,50.5,51.5
2026-09-28T10:17:01.268863+00:00,nfl,sr:match:71515850,total,FanDuel,under,-105,-118,50.5,51.5
2026-09-28T10:17:01.268863+00:00,nfl,sr:match:71515852,moneyline,DraftKings,away,+114,+114,,
2026-09-28T10:17:01.268863+00:00,nfl,sr:match:71515852,moneyline,DraftKings,home,-135,-135,,
2026-09-28T10:17:01.268863+00:00,nfl,sr:match:71515852,moneyline,Bet365.US.NJ,away,+120,+125,,
2026-09-28T10:17:01.268863+00:00,nfl,sr:match:71515852,moneyline,Bet365.US.NJ,home,-140,-150,,
2026-09-28T10:17:01.268863+00:00,nfl,sr:match:71515852,moneyline,WilliamHillNewJersey,away,+116,+130,,
2026-09-28T10:17:01.268863+00:00,nfl,sr:match:71515852,moneyline,WilliamHillNewJersey,home,-137,-170,,
2026-09-28T10:17:01.268863+00:00,nfl,sr:match:71515852,moneyline,FanDuel,away,+116,+118,,
2026-09-28T10:17:01.268863+00:00,nfl,sr:match:71515852,moneyline,FanDuel,home,-136,-138,,
2026-09-28T10:17:01.268863+00:00,nfl,sr:match:71515852,spread,MGM,away,-108,-108,2.5,1.5
2026-09-28T10:17:01.268863+00:00,nfl,sr:match:71515852,spread,MGM,home,-111,-111,-2.5,-1.5
2026-09-28T10:17:01.268863+00:00,nfl,sr:match:71515852,spread,DraftKings,away,-110,-110,2.5,2.5
2026-09-28T10:17:01.268863+00:00,nfl,sr:match:71515852,spread,DraftKings,home,-110,-110,-2.5,-2.5
2026-09-28T10:17:01.268863+00:00,nfl,sr:match:71515852,spread,Bet365.US.NJ,away,-110,-110,2.5,2.5
2026-09-28T10:17:01.268863+00:00,nfl,sr:match:71515852,spread,Bet365.US.NJ,home,-110,-110,-2.5,-2.5
2026-09-28T10:17:01.268863+00:00,nfl,sr:match:71515852,spread,WilliamHillNewJersey,away,-107,-120,2.5,3.0
2026-09-28T10:17:01.268863+00:00,nfl,sr:match:71515852,spread,WilliamHillNewJersey,home,-113,-110,-2.5,-3.0
2026-09-28T10:17:01.268863+00:00,nfl,sr:match:71515852,spread,FanDuel,away,-110,-110,2.5,2.5
2026-09-28T10:17:01.268863+00:00,nfl,sr:match:71515852,spread,FanDuel,home,-110,-110,-2.5,-2.5
2026-09-28T10:17:01.268863+00:00,nfl,sr:match:71515852,total,MGM,over,-108,-108,48.0,47.0
2026-09-28T10:17:01.268863+00:00,nfl,sr:match:71515852,total,MGM,under,-111,-111,48.0,47.0
2026-09-28T10:17:01.268863+00:00,nfl,sr:match:71515852,total,DraftKings,over,-115,-110,47.5,47.5
2026-09-28T10:17:01.268863+00:00,nfl,sr:match:71515852,total,DraftKings,under,-105,-110,47.5,47.5
2026-09-28T10:17:01.268863+00:00,nfl,sr:match:71515852,total,Bet365.US.NJ,over,-110,-110,48.5,47.5
2026-09-28T10:17:01.268863+00:00,nfl,sr:match:71515852,total,Bet365.US.NJ,under,-130,-110,48.5,47.5
2026-09-28T10:17:01.268863+00:00,nfl,sr:match:71515852,total,WilliamHillNewJersey,over,-112,-115,47.5,46.5
2026-09-28T10:17:01.268863+00:00,nfl,sr:match:71515852,total,WilliamHillNewJersey,under,-109,-115,47.5,46.5
2026-09-28T10:17:01.268863+00:00,nfl,sr:match:71515852,total,FanDuel,over,-104,-105,47.5,47.5
2026-09-28T10:17:01.268863+00:00,nfl,sr:match:71515852,total,FanDuel,under,-118,-115,47.5,47.5
2026-09-28T10:17:01.268863+00:00,nfl,sr:match:71515854,moneyline,DraftKings,away,-108,+260,,
2026-09-28T10:17:01.268863+00:00,nfl,sr:match:71515854,moneyline,DraftKings,home,-112,-325,,
2026-09-28T10:17:01.268863+00:00,nfl,sr:match:71515854,moneyline,Bet365.US.NJ,away,-105,+120,,
2026-09-28T10:17:01.268863+00:00,nfl,sr:match:71515854,moneyline,Bet365.US.NJ,home,-115,-140,,
2026-09-28T10:17:01.268863+00:00,nfl,sr:match:71515854,moneyline,WilliamHillNewJersey,away,-102,+0,,
2026-09-28T10:17:01.268863+00:00,nfl,sr:match:71515854,moneyline,WilliamHillNewJersey,home,-117,+0,,
2026-09-28T10:17:01.268863+00:00,nfl,sr:match:71515854,moneyline,FanDuel,away,-106,+116,,
2026-09-28T10:17:01.268863+00:00,nfl,sr:match:71515854,moneyline,FanDuel,home,-110,-136,,
2026-09-28T10:17:01.268863+00:00,nfl,sr:match:71515854,spread,MGM,away,-102,-111,-1.0,2.5
2026-09-28T10:17:01.268863+00:00,nfl,sr:match:71515854,spread,MGM,home,-118,-108,1.0,-2.5
2026-09-28T10:17:01.268863+00:00,nfl,sr:match:71515854,spread,DraftKings,away,+102,-110,-1.5,7.0
2026-09-28T10:17:01.268863+00:00,nfl,sr:match:71515854,spread,DraftKings,home,-122,-110,1.5,-7.0
2026-09-28T10:17:01.268863+00:00,nfl,sr:match:71515854,spread,Bet365.US.NJ,away,-120,-110,1.5,2.5
2026-09-28T10:17:01.268863+00:00,nfl,sr:match:71515854,spread,Bet365.US.NJ,home,+100,-110,-1.5,-2.5
2026-09-28T10:17:01.268863+00:00,nfl,sr:match:71515854,spread,WilliamHillNewJersey,away,+103,-110,-1.5,6.5
2026-09-28T10:17:01.268863+00:00,nfl,sr:match:71515854,spread,WilliamHillNewJersey,home,-124,-120,1.5,-6.5
2026-09-28T10:17:01.268863+00:00,nfl,sr:match:71515854,spread,FanDuel,away,-124,-110,1.5,2.5
2026-09-28T10:17:01.268863+00:00,nfl,sr:match:71515854,spread,FanDuel,home,+102,-110,-1.5,-2.5
2026-09-28T10:17:01.268863+00:00,nfl,sr:match:71515854,total,MGM,over,-114,-111,44.0,43.5
2026-09-28T10:17:01.268863+00:00,nfl,sr:match:71515854,total,MGM,under,-105,-108,44.0,43.5
2026-09-28T10:17:01.268863+00:00,nfl,sr:match:71515854,total,DraftKings,over,-105,-110,44.5,45.5
2026-09-28T10:17:01.268863+00:00,nfl,sr:match:71515854,total,DraftKings,under,-115,-110,44.5,45.5
2026-09-28T10:17:01.268863+00:00,nfl,sr:match:71515854,total,Bet365.US.NJ,over,-110,-110,44.5,43.5
2026-09-28T10:17:01.268863+00:00,nfl,sr:match:71515854,total,Bet365.US.NJ,under,-110,-110,44.5,43.5
2026-09-28T10:17:01.268863+00:00,nfl,sr:match:71515854,total,WilliamHillNewJersey,over,-105,-115,44.5,44.5
2026-09-28T10:17:01.268863+00:00,nfl,sr:match:71515854,total,WilliamHillNewJersey,under,-115,-115,44.5,44.5
2026-09-28T10:17:01.268863+00:00,nfl,sr:match:71515854,total,FanDuel,over,-118,-115,43.5,43.5
2026-09-28T10:17:01.268863+00:00,nfl,sr:match:71515854,total,FanDuel,under,-104,-105,43.5,43.5
2026-09-28T10:17:01.268863+00:00,nfl,sr:match:71515856,moneyline,DraftKings,away,-130,-118,,
2026-09-28T10:17:01.268863+00:00,nfl,sr:match:71515856,moneyline,DraftKings,home,+110,-102,,
2026-09-28T10:17:01.268863+00:00,nfl,sr:match:71515856,moneyline,Bet365.US.NJ,away,-135,-140,,
2026-09-28T10:17:01.268863+00:00,nfl,sr:match:71515856,moneyline,Bet365.US.NJ,home,+115,+120,,
2026-09-28T10:17:01.268863+00:00,nfl,sr:match:71515856,moneyline,WilliamHillNewJersey,away,-134,-125,,
2026-09-28T10:17:01.268863+00:00,nfl,sr:match:71515856,moneyline,WilliamHillNewJersey,home,+114,-106,,
2026-09-28T10:17:01.268863+00:00,nfl,sr:match:71515856,moneyline,FanDuel,away,-136,-152,,
2026-09-28T10:17:01.268863+00:00,nfl,sr:match:71515856,moneyline,FanDuel,home,+116,+128,,
2026-09-28T10:17:01.268863+00:00,nfl,sr:match:71515856,spread,MGM,away,-108,-114,-2.5,-2.5
2026-09-28T10:17:01.268863+00:00,nfl,sr:match:71515856,spread,MGM,home,-111,-105,2.5,2.5
2026-09-28T10:17:01.268863+00:00,nfl,sr:match:71515856,spread,DraftKings,away,-105,-105,-2.5,-1.5
2026-09-28T10:17:01.268863+00:00,nfl,sr:match:71515856,spread,DraftKings,home,-115,-115,2.5,1.5
2026-09-28T10:17:01.268863+00:00,nfl,sr:match:71515856,spread,Bet365.US.NJ,away,-105,-105,-2.5,-2.5
2026-09-28T10:17:01.268863+00:00,nfl,sr:match:71515856,spread,Bet365.US.NJ,home,-115,-115,2.5,2.5
2026-09-28T10:17:01.268863+00:00,nfl,sr:match:71515856,spread,WilliamHillNewJersey,away,-106,-115,-2.5,-1.5
2026-09-28T10:17:01.268863+00:00,nfl,sr:match:71515856,spread,WilliamHillNewJersey,home,-114,-115,2.5,1.5
2026-09-28T10:17:01.268863+00:00,nfl,sr:match:71515856,spread,FanDuel,away,-110,-104,-2.5,-3.0
2026-09-28T10:17:01.268863+00:00,nfl,sr:match:71515856,spread,FanDuel,home,-110,-118,2.5,3.0
2026-09-28T10:17:01.268863+00:00,nfl,sr:match:71515856,total,MGM,over,-108,-108,46.5,46.0
2026-09-28T10:17:01.268863+00:00,nfl,sr:match:71515856,total,MGM,under,-111,-111,46.5,46.0
2026-09-28T10:17:01.268863+00:00,nfl,sr:match:71515856,total,DraftKings,over,-110,-110,46.5,47.5
2026-09-28T10:17:01.268863+00:00,nfl,sr:match:71515856,total,DraftKings,under,-110,-110,46.5,47.5
2026-09-28T10:17:01.268863+00:00,nfl,sr:match:71515856,total,Bet365.US.NJ,over,-110,-110,46.5,45.5
2026-09-28T10:17:01.268863+00:00,nfl,sr:match:71515856,total,Bet365.US.NJ,under,-110,-110,46.5,45.5
2026-09-28T10:17:01.268863+00:00,nfl,sr:match:71515856,total,WilliamHillNewJersey,over,-108,-115,46.5,46.5
2026-09-28T10:17:01.268863+00:00,nfl,sr:match:71515856,total,WilliamHillNewJersey,under,-112,-115,46.5,46.5
2026-09-28T10:17:01.268863+00:00,nfl,sr:match:71515856,total,FanDuel,over,-106,-104,46.5,46.5
2026-09-28T10:17:01.268863+00:00,nfl,sr:match:71515856,total,FanDuel,under,-114,-118,46.5,46.5
2026-09-28T10:17:01.268863+00:00,nfl,sr:match:71515858,moneyline,DraftKings,away,-175,-125,,
2026-09-28T10:17:01.268863+00:00,nfl,sr:match:71515858,moneyline,DraftKings,home,+145,+105,,
2026-09-28T10:17:01.268863+00:00,nfl,sr:match:71515858,moneyline,Bet365.US.NJ,away,-165,-115,,
2026-09-28T10:17:01.268863+00:00,nfl,sr:match:71515858,moneyline,Bet365.US.NJ,home,+140,-105,,
2026-09-28T10:17:01.268863+00:00,nfl,sr:match:71515858,moneyline,WilliamHillNewJersey,away,-170,-120,,
2026-09-28T10:17:01.268863+00:00,nfl,sr:match:71515858,moneyline,WilliamHillNewJersey,home,+141,-110,,
2026-09-28T10:17:01.268863+00:00,nfl,sr:match:71515858,moneyline,FanDuel,away,-166,-102,,
2026-09-28T10:17:01.268863+00:00,nfl,sr:match:71515858,moneyline,FanDuel,home,+140,-116,,
2026-09-28T10:17:01.268863+00:00,nfl,sr:match:71515858,spread,MGM,away,-105,-105,-3.5,-3.5
2026-09-28T10:17:01.268863+00:00,nfl,sr:match:71515858,spread,MGM,home,-115,-114,3.5,3.5
2026-09-28T10:17:01.268863+00:00,nfl,sr:match:71515858,spread,DraftKings,away,-102,-110,-3.5,-1.5
2026-09-28T10:17:01.268863+00:00,nfl,sr:match:71515858,spread,DraftKings,home,-118,-110,3.5,1.5
2026-09-28T10:17:01.268863+00:00,nfl,sr:match:71515858,spread,Bet365.US.NJ,away,-105,+100,-3.5,-1.5
2026-09-28T10:17:01.268863+00:00,nfl,sr:match:71515858,spread,Bet365.US.NJ,home,-115,-120,3.5,1.5
2026-09-28T10:17:01.268863+00:00,nfl,sr:match:71515858,spread,WilliamHillNewJersey,away,-107,+0,-3.5,-1.5
2026-09-28T10:17:01.268863+00:00,nfl,sr:match:71515858,spread,WilliamHillNewJersey,home,-113,-120,3.5,1.5
2026-09-28T10:17:01.268863+00:00,nfl,sr:match:71515858,spread,FanDuel,away,-105,-118,-3.5,1.5
2026-09-28T10:17:01.268863+00:00,nfl,sr:match:71515858,spread,FanDuel,home,-115,-104,3.5,-1.5
2026-09-28T10:17:01.268863+00:00,nfl,sr:match:71515858,total,MGM,over,-114,-105,39.5,41.5
2026-09-28T10:17:01.268863+00:00,nfl,sr:match:71515858,total,MGM,under,-105,-114,39.5,41.5
2026-09-28T10:17:01.268863+00:00,nfl,sr:match:71515858,total,DraftKings,over,-115,-110,39.5,47.5
2026-09-28T10:17:01.268863+00:00,nfl,sr:match:71515858,total,DraftKings,under,-105,-110,39.5,47.5
2026-09-28T10:17:01.268863+00:00,nfl,sr:match:71515858,total,Bet365.US.NJ,over,-110,-115,39.5,45.5
2026-09-28T10:17:01.268863+00:00,nfl,sr:match:71515858,total,Bet365.US.NJ,under,-110,-105,39.5,45.5
2026-09-28T10:17:01.268863+00:00,nfl,sr:match:71515858,total,WilliamHillNewJersey,over,-115,-115,39.5,46.5
2026-09-28T10:17:01.268863+00:00,nfl,sr:match:71515858,total,WilliamHillNewJersey,under,-105,-115,39.5,46.5
2026-09-28T10:17:01.268863+00:00,nfl,sr:match:71515858,total,FanDuel,over,-114,-115,39.5,45.5
2026-09-28T10:17:01.268863+00:00,nfl,sr:match:71515858,total,FanDuel,under,-106,-105,39.5,45.5
2026-09-28T10:17:01.268863+00:00,nfl,sr:match:71515860,moneyline,DraftKings,away,+440,+310,,
2026-09-28T10:17:01.268863+00:00,nfl,sr:match:71515860,moneyline,DraftKings,home,-599,-395,,
2026-09-28T10:17:01.268863+00:00,nfl,sr:match:71515860,moneyline,Bet365.US.NJ,away,+425,+500,,
2026-09-28T10:17:01.268863+00:00,nfl,sr:match:71515860,moneyline,Bet365.US.NJ,home,-578,-704,,
2026-09-28T10:17:01.268863+00:00,nfl,sr:match:71515860,moneyline,WilliamHillNewJersey,away,+425,+280,,
2026-09-28T10:17:01.268863+00:00,nfl,sr:match:71515860,moneyline,WilliamHillNewJersey,home,-559,-370,,
2026-09-28T10:17:01.268863+00:00,nfl,sr:match:71515860,moneyline,FanDuel,away,+420,+440,,
2026-09-28T10:17:01.268863+00:00,nfl,sr:match:71515860,moneyline,FanDuel,home,-559,-592,,
2026-09-28T10:17:01.268863+00:00,nfl,sr:match:71515860,spread,MGM,away,-108,-111,10.0,10.5
2026-09-28T10:17:01.268863+00:00,nfl,sr:match:71515860,spread,MGM,home,-111,-108,-10.0,-10.5
2026-09-28T10:17:01.268863+00:00,nfl,sr:match:71515860,spread,DraftKings,away,-110,-110,10.0,7.5
2026-09-28T10:17:01.268863+00:00,nfl,sr:match:71515860,spread,DraftKings,home,-110,-110,-10.0,-7.5
2026-09-28T10:17:01.268863+00:00,nfl,sr:match:71515860,spread,Bet365.US.NJ,away,+100,-115,9.5,10.5
2026-09-28T10:17:01.268863+00:00,nfl,sr:match:71515860,spread,Bet365.US.NJ,home,-120,-105,-9.5,-10.5
2026-09-28T10:17:01.268863+00:00,nfl,sr:match:71515860,spread,WilliamHillNewJersey,away,-109,-115,10.0,7.0
2026-09-28T10:17:01.268863+00:00,nfl,sr:match:71515860,spread,WilliamHillNewJersey,home,-110,-115,-10.0,-7.0
2026-09-28T10:17:01.268863+00:00,nfl,sr:match:71515860,spread,FanDuel,away,-102,-120,9.5,10.5
2026-09-28T10:17:01.268863+00:00,nfl,sr:match:71515860,spread,FanDuel,home,-120,-102,-9.5,-10.5
2026-09-28T10:17:01.268863+00:00,nfl,sr:match:71515860,total,MGM,over,-114,-105,39.5,43.0
2026-09-28T10:17:01.268863+00:00,nfl,sr:match:71515860,total,MGM,under,-105,-114,39.5,43.0
2026-09-28T10:17:01.268863+00:00,nfl,sr:match:71515860,total,DraftKings,over,-108,-110,39.5,43.5
2026-09-28T10:17:01.268863+00:00,nfl,sr:match:71515860,total,DraftKings,under,-112,-110,39.5,43.5
2026-09-28T10:17:01.268863+00:00,nfl,sr:match:71515860,total,Bet365.US.NJ,over,-110,-110,39.5,42.5
2026-09-28T10:17:01.268863+00:00,nfl,sr:match:71515860,total,Bet365.US.NJ,under,-110,-110,39.5,42.5
2026-09-28T10:17:01.268863+00:00,nfl,sr:match:71515860,total,WilliamHillNewJersey,over,-112,-115,39.5,42.0
2026-09-28T10:17:01.268863+00:00,nfl,sr:match:71515860,total,WilliamHillNewJersey,under,-108,-115,39.5,42.0
2026-09-28T10:17:01.268863+00:00,nfl,sr:match:71515860,total,FanDuel,over,-106,-105,39.5,43.5
2026-09-28T10:17:01.268863+00:00,nfl,sr:match:71515860,total,FanDuel,under,-114,-115,39.5,43.5
2026-09-28T10:17:01.268863+00:00,nfl,sr:match:71515862,moneyline,DraftKings,away,-230,-258,,
2026-09-28T10:17:01.268863+00:00,nfl,sr:match:71515862,moneyline,DraftKings,home,+190,+210,,
2026-09-28T10:17:01.268863+00:00,nfl,sr:match:71515862,moneyline,Bet365.US.NJ,away,-225,-245,,
2026-09-28T10:17:01.268863+00:00,nfl,sr:match:71515862,moneyline,Bet365.US.NJ,home,+185,+200,,
2026-09-28T10:17:01.268863+00:00,nfl,sr:match:71515862,moneyline,WilliamHillNewJersey,away,-225,-255,,
2026-09-28T10:17:01.268863+00:00,nfl,sr:match:71515862,moneyline,WilliamHillNewJersey,home,+184,+190,,
2026-09-28T10:17:01.268863+00:00,nfl,sr:match:71515862,moneyline,FanDuel,away,-215,-235,,
2026-09-28T10:17:01.268863+00:00,nfl,sr:match:71515862,moneyline,FanDuel,home,+180,+194,,
2026-09-28T10:17:01.268863+00:00,nfl,sr:match:71515862,spread,MGM,away,-111,-111,-4.5,-5.0
2026-09-28T10:17:01.268863+00:00,nfl,sr:match:71515862,spread,MGM,home,-111,-108,4.5,5.0
2026-09-28T10:17:01.268863+00:00,nfl,sr:match:71515862,spread,DraftKings,away,-105,-110,-5.5,-5.5
2026-09-28T10:17:01.268863+00:00,nfl,sr:match:71515862,spread,DraftKings,home,-115,-110,5.5,5.5
2026-09-28T10:17:01.268863+00:00,nfl,sr:match:71515862,spread,Bet365.US.NJ,away,-110,-105,-4.5,-5.5
2026-09-28T10:17:01.268863+00:00,nfl,sr:match:71515862,spread,Bet365.US.NJ,home,-110,-115,4.5,5.5
2026-09-28T10:17:01.268863+00:00,nfl,sr:match:71515862,spread,WilliamHillNewJersey,away,-112,-115,-4.5,-5.5
2026-09-28T10:17:01.268863+00:00,nfl,sr:match:71515862,spread,WilliamHillNewJersey,home,-108,-115,4.5,5.5
2026-09-28T10:17:01.268863+00:00,nfl,sr:match:71515862,spread,FanDuel,away,-105,-105,-4.5,-5.5
2026-09-28T10:17:01.268863+00:00,nfl,sr:match:71515862,spread,FanDuel,home,-115,-115,4.5,5.5
2026-09-28T10:17:01.268863+00:00,nfl,sr:match:71515862,total,MGM,over,-105,-108,47.5,46.0
2026-09-28T10:17:01.268863+00:00,nfl,sr:match:71515862,total,MGM,under,-114,-111,47.5,46.0
2026-09-28T10:17:01.268863+00:00,nfl,sr:match:71515862,total,DraftKings,over,-110,-110,47.5,43.5
2026-09-28T10:17:01.268863+00:00,nfl,sr:match:71515862,total,DraftKings,under,-110,-110,47.5,43.5
2026-09-28T10:17:01.268863+00:00,nfl,sr:match:71515862,total,Bet365.US.NJ,over,-105,-115,47.5,45.5
2026-09-28T10:17:01.268863+00:00,nfl,sr:match:71515862,total,Bet365.US.NJ,under,-115,-105,47.5,45.5
2026-09-28T10:17:01.268863+00:00,nfl,sr:match:71515862,total,WilliamHillNewJersey,over,-109,-115,47.5,42.5
2026-09-28T10:17:01.268863+00:00,nfl,sr:match:71515862,total,WilliamHillNewJersey,under,-110,-115,47.5,42.5
2026-09-28T10:17:01.268863+00:00,nfl,sr:match:71515862,total,FanDuel,over,-105,-104,47.5,46.5
2026-09-28T10:17:01.268863+00:00,nfl,sr:match:71515862,total,FanDuel,under,-115,-118,47.5,46.5
2026-09-28T10:17:01.268863+00:00,nfl,sr:match:71515864,moneyline,DraftKings,away,+250,+136,,
2026-09-28T10:17:01.268863+00:00,nfl,sr:match:71515864,moneyline,DraftKings,home,-310,-162,,
2026-09-28T10:17:01.268863+00:00,nfl,sr:match:71515864,moneyline,Bet365.US.NJ,away,+255,+260,,
2026-09-28T10:17:01.268863+00:00,nfl,sr:match:71515864,moneyline,Bet365.US.NJ,home,-315,-321,,
2026-09-28T10:17:01.268863+00:00,nfl,sr:match:71515864,moneyline,WilliamHillNewJersey,away,+255,+140,,
2026-09-28T10:17:01.268863+00:00,nfl,sr:match:71515864,moneyline,WilliamHillNewJersey,home,-319,-180,,
2026-09-28T10:17:01.268863+00:00,nfl,sr:match:71515864,moneyline,FanDuel,away,+270,+275,,
2026-09-28T10:17:01.268863+00:00,nfl,sr:match:71515864,moneyline,FanDuel,home,-334,-340,,
2026-09-28T10:17:01.268863+00:00,nfl,sr:match:71515864,spread,MGM,away,-118,-105,7.0,6.5
2026-09-28T10:17:01.268863+00:00,nfl,sr:match:71515864,spread,MGM,home,-102,-114,-7.0,-6.5
2026-09-28T10:17:01.268863+00:00,nfl,sr:match:71515864,spread,DraftKings,away,-110,-110,6.5,3.0
2026-09-28T10:17:01.268863+00:00,nfl,sr:match:71515864,spread,DraftKings,home,-110,-110,-6.5,-3.0
2026-09-28T10:17:01.268863+00:00,nfl,sr:match:71515864,spread,Bet365.US.NJ,away,+100,-110,6.5,6.5
2026-09-28T10:17:01.268863+00:00,nfl,sr:match:71515864,spread,Bet365.US.NJ,home,-120,-110,-6.5,-6.5
2026-09-28T10:17:01.268863+00:00,nfl,sr:match:71515864,spread,WilliamHillNewJersey,away,-105,-110,6.5,3.0
2026-09-28T10:17:01.268863+00:00,nfl,sr:match:71515864,spread,WilliamHillNewJersey,home,-114,-120,-6.5,-3.0
2026-09-28T10:17:01.268863+00:00,nfl,sr:match:71515864,spread,FanDuel,away,-104,-115,6.5,7.0
2026-09-28T10:17:01.268863+00:00,nfl,sr:match:71515864,spread,FanDuel,home,-118,-105,-6.5,-7.0
2026-09-28T10:17:01.268863+00:00,nfl,sr:match:71515864,total,MGM,over,-108,-111,43.5,45.0
2026-09-28T10:17:01.268863+00:00,nfl,sr:match:71515864,total,MGM,under,-111,-111,43.5,45.0
2026-09-28T10:17:01.268863+00:00,nfl,sr:match:71515864,total,DraftKings,over,-115,-110,43.5,45.5
2026-09-28T10:17:01.268863+00:00,nfl,sr:match:71515864,total,DraftKings,under,-105,-110,43.5,45.5
2026-09-28T10:17:01.268863+00:00,nfl,sr:match:71515864,total,Bet365.US.NJ,over,-110,-110,43.5,42.5
2026-09-28T10:17:01.268863+00:00,nfl,sr:match:71515864,total,Bet365.US.NJ,under,-110,-110,43.5,42.5
2026-09-28T10:17:01.268863+00:00,nfl,sr:match:71515864,total,WilliamHillNewJersey,over,-108,-115,43.5,45.5
2026-09-28T10:17:01.268863+00:00,nfl,sr:match:71515864,total,WilliamHillNewJersey,under,-112,-115,43.5,45.5
2026-09-28T10:17:01.268863+00:00,nfl,sr:match:71515864,total,FanDuel,over,-106,-115,43.5,43.5
2026-09-28T10:17:01.268863+00:00,nfl,sr:match:71515864,total,FanDuel,under,-114,-105,43.5,43.5
2026-09-28T10:17:01.268863+00:00,nfl,sr:match:71531176,moneyline,DraftKings,away,+140,+114,,
2026-09-28T10:17:01.268863+00:00,nfl,sr:match:71531176,moneyline,DraftKings,home,-166,-135,,
2026-09-28T10:17:01.268863+00:00,nfl,sr:match:71531176,moneyline,Bet365.US.NJ,away,+140,+160,,
2026-09-28T10:17:01.268863+00:00,nfl,sr:match:71531176,moneyline,Bet365.US.NJ,home,-165,-190,,
2026-09-28T10:17:01.268863+00:00,nfl,sr:match:71531176,moneyline,WilliamHillNewJersey,away,+125,+125,,
2026-09-28T10:17:01.268863+00:00,nfl,sr:match:71531176,moneyline,WilliamHillNewJersey,home,-145,-160,,
2026-09-28T10:17:01.268863+00:00,nfl,sr:match:71531176,moneyline,FanDuel,away,+124,+144,,
2026-09-28T10:17:01.268863+00:00,nfl,sr:match:71531176,moneyline,FanDuel,home,-144,-174,,
2026-09-28T10:17:01.268863+00:00,nfl,sr:match:71531176,spread,MGM,away,-115,-114,3.0,3.0
2026-09-28T10:17:01.268863+00:00,nfl,sr:match:71531176,spread,MGM,home,-102,-105,-3.0,-3.0
2026-09-28T10:17:01.268863+00:00,nfl,sr:match:71531176,spread,DraftKings,away,-110,-110,3.0,2.5
2026-09-28T10:17:01.268863+00:00,nfl,sr:match:71531176,spread,DraftKings,home,-110,-110,-3.0,-2.5
2026-09-28T10:17:01.268863+00:00,nfl,sr:match:71531176,spread,Bet365.US.NJ,away,-110,-110,3.0,3.5
2026-09-28T10:17:01.268863+00:00,nfl,sr:match:71531176,spread,Bet365.US.NJ,home,-110,-110,-3.0,-3.5
2026-09-28T10:17:01.268863+00:00,nfl,sr:match:71531176,spread,WilliamHillNewJersey,away,-120,-120,3.0,3.0
2026-09-28T10:17:01.268863+00:00,nfl,sr:match:71531176,spread,WilliamHillNewJersey,home,+100,-110,-3.0,-3.0
2026-09-28T10:17:01.268863+00:00,nfl,sr:match:71531176,spread,FanDuel,away,-104,-105,2.5,3.0
2026-09-28T10:17:01.268863+00:00,nfl,sr:match:71531176,spread,FanDuel,home,-118,-115,-2.5,-3.0
2026-09-28T10:17:01.268863+00:00,nfl,sr:match:71531176,total,MGM,over,-108,-111,46.5,45.5
2026-09-28T10:17:01.268863+00:00,nfl,sr:match:71531176,total,MGM,under,-111,-108,46.5,45.5
2026-09-28T10:17:01.268863+00:00,nfl,sr:match:71531176,total,DraftKings,over,-110,-110,46.5,46.5
2026-09-28T10:17:01.268863+00:00,nfl,sr:match:71531176,total,DraftKings,under,-110,-110,46.5,46.5
2026-09-28T10:17:01.268863+00:00,nfl,sr:match:71531176,total,Bet365.US.NJ,over,-110,-110,46.5,45.5
2026-09-28T10:17:01.268863+00:00,nfl,sr:match:71531176,total,Bet365.US.NJ,under,-110,-110,46.5,45.5
2026-09-28T10:17:01.268863+00:00,nfl,sr:match:71531176,total,WilliamHillNewJersey,over,-108,-115,46.5,45.5
2026-09-28T10:17:01.268863+00:00,nfl,sr:match:71531176,total,WilliamHillNewJersey,under,-113,-115,46.5,45.5
2026-09-28T10:17:01.268863+00:00,nfl,sr:match:71531176,total,FanDuel,over,-106,-110,46.5,46.5
2026-09-28T10:17:01.268863+00:00,nfl,sr:match:71531176,total,FanDuel,under,-114,-110,46.5,46.5
2026-09-28T10:17:01.268863+00:00,nfl,sr:match:71515868,moneyline,DraftKings,away,-170,-155,,
2026-09-28T10:17:01.268863+00:00,nfl,sr:match:71515868,moneyline,DraftKings,home,+142,+130,,
2026-09-28T10:17:01.268863+00:00,nfl,sr:match:71515868,moneyline,Bet365.US.NJ,away,-165,-150,,
2026-09-28T10:17:01.268863+00:00,nfl,sr:match:71515868,moneyline,Bet365.US.NJ,home,+140,+125,,
2026-09-28T10:17:01.268863+00:00,nfl,sr:match:71515868,moneyline,WilliamHillNewJersey,away,-162,-180,,
2026-09-28T10:17:01.268863+00:00,nfl,sr:match:71515868,moneyline,WilliamHillNewJersey,home,+137,+140,,
2026-09-28T10:17:01.268863+00:00,nfl,sr:match:71515868,moneyline,FanDuel,away,-164,-138,,
2026-09-28T10:17:01.268863+00:00,nfl,sr:match:71515868,moneyline,FanDuel,home,+138,+118,,
2026-09-28T10:17:01.268863+00:00,nfl,sr:match:71515868,spread,MGM,away,-118,-102,-3.0,-3.0
2026-09-28T10:17:01.268863+00:00,nfl,sr:match:71515868,spread,MGM,home,-102,-115,3.0,3.0
2026-09-28T10:17:01.268863+00:00,nfl,sr:match:71515868,spread,DraftKings,away,-118,-110,-3.0,-3.0
2026-09-28T10:17:01.268863+00:00,nfl,sr:match:71515868,spread,DraftKings,home,-102,-110,3.0,3.0
2026-09-28T10:17:01.268863+00:00,nfl,sr:match:71515868,spread,Bet365.US.NJ,away,+100,-110,-3.5,-2.5
2026-09-28T10:17:01.268863+00:00,nfl,sr:match:71515868,spread,Bet365.US.NJ,home,-120,-110,3.5,2.5
2026-09-28T10:17:01.268863+00:00,nfl,sr:match:71515868,spread,WilliamHillNewJersey,away,-115,-120,-3.0,-3.0
2026-09-28T10:17:01.268863+00:00,nfl,sr:match:71515868,spread,WilliamHillNewJersey,home,-105,-110,3.0,3.0
2026-09-28T10:17:01.268863+00:00,nfl,sr:match:71515868,spread,FanDuel,away,-114,-110,-3.0,-2.5
2026-09-28T10:17:01.268863+00:00,nfl,sr:match:71515868,spread,FanDuel,home,-106,-110,3.0,2.5
2026-09-28T10:17:01.268863+00:00,nfl,sr:match:71515868,total,MGM,over,-111,-108,50.0,49.5
2026-09-28T10:17:01.268863+00:00,nfl,sr:match:71515868,total,MGM,under,-108,-111,50.0,49.5
2026-09-28T10:17:01.268863+00:00,nfl,sr:match:71515868,total,DraftKings,over,-108,-110,50.5,47.5
2026-09-28T10:17:01.268863+00:00,nfl,sr:match:71515868,total,DraftKings,under,-112,-110,50.5,47.5
2026-09-28T10:17:01.268863+00:00,nfl,sr:match:71515868,total,Bet365.US.NJ,over,-110,-110,50.5,49.5
2026-09-28T10:17:01.268863+00:00,nfl,sr:match:71515868,total,Bet365.US.NJ,under,-130,-110,50.5,49.5
2026-09-28T10:17:01.268863+00:00,nfl,sr:match:71515868,total,WilliamHillNewJersey,over,-106,-115,50.5,46.5
2026-09-28T10:17:01.268863+00:00,nfl,sr:match:71515868,total,WilliamHillNewJersey,under,-114,-115,50.5,46.5
2026-09-28T10:17:01.268863+00:00,nfl,sr:match:71515868,total,FanDuel,over,-118,-105,49.5,49.5
2026-09-28T10:17:01.268863+00:00,nfl,sr:match:71515868,total,FanDuel,under,-104,-115,49.5,49.5
2026-09-28T14:17:49.691603+00:00,nfl,sr:match:71515840,moneyline,DraftKings,away,-198,-102,,
2026-09-28T14:17:49.691603+00:00,nfl,sr:match:71515840,moneyline,DraftKings,home,+164,-118,,
2026-09-28T14:17:49.691603+00:00,nfl,sr:match:71515840,moneyline,Bet365.US.NJ,away,-205,-105,,
2026-09-28T14:17:49.691603+00:00,nfl,sr:match:71515840,moneyline,Bet365.US.NJ,home,+170,-115,,
2026-09-28T14:17:49.691603+00:00,nfl,sr:match:71515840,moneyline,WilliamHillNewJersey,away,-209,+100,,
2026-09-28T14:17:49.691603+00:00,nfl,sr:match:71515840,moneyline,WilliamHillNewJersey,home,+173,-131,,
2026-09-28T14:17:49.691603+00:00,nfl,sr:match:71515840,moneyline,FanDuel,away,-210,-104,,
2026-09-28T14:17:49.691603+00:00,nfl,sr:match:71515840,moneyline,FanDuel,home,+172,-112,,
2026-09-28T14:17:49.691603+00:00,nfl,sr:match:71515840,spread,MGM,away,-111,-111,-3.5,-4.0
2026-09-28T14:17:49.691603+00:00,nfl,sr:match:71515840,spread,MGM,home,-108,-108,3.5,4.0
2026-09-28T14:17:49.691603+00:00,nfl,sr:match:71515840,spread,DraftKings,away,-112,-115,-3.5,1.5
2026-09-28T14:17:49.691603+00:00,nfl,sr:match:71515840,spread,DraftKings,home,-108,-105,3.5,-1.5
2026-09-28T14:17:49.691603+00:00,nfl,sr:match:71515840,spread,Bet365.US.NJ,away,-115,-115,-3.5,1.5
2026-09-28T14:17:49.691603+00:00,nfl,sr:match:71515840,spread,Bet365.US.NJ,home,-105,-105,3.5,-1.5
2026-09-28T14:17:49.691603+00:00,nfl,sr:match:71515840,spread,WilliamHillNewJersey,away,-113,-115,-3.5,1.5
2026-09-28T14:17:49.691603+00:00,nfl,sr:match:71515840,spread,WilliamHillNewJersey,home,-107,-115,3.5,-1.5
2026-09-28T14:17:49.691603+00:00,nfl,sr:match:71515840,spread,FanDuel,away,-115,-118,-3.5,1.5
2026-09-28T14:17:49.691603+00:00,nfl,sr:match:71515840,spread,FanDuel,home,-105,-104,3.5,-1.5
2026-09-28T14:17:49.691603+00:00,nfl,sr:match:71515840,total,MGM,over,-111,-108,42.0,43.5
2026-09-28T14:17:49.691603+00:00,nfl,sr:match:71515840,total,MGM,under,-120,-111,42.0,43.5
2026-09-28T14:17:49.691603+00:00,nfl,sr:match:71515840,total,DraftKings,over,-110,-110,41.5,46.5
2026-09-28T14:17:49.691603+00:00,nfl,sr:match:71515840,total,DraftKings,under,-110,-110,41.5,46.5
2026-09-28T14:17:49.691603+00:00,nfl,sr:match:71515840,total,Bet365.US.NJ,over,-110,-110,41.5,47.5
2026-09-28T14:17:49.691603+00:00,nfl,sr:match:71515840,total,Bet365.US.NJ,under,-110,-110,41.5,47.5
2026-09-28T14:17:49.691603+00:00,nfl,sr:match:71515840,total,WilliamHillNewJersey,over,-113,-115,41.5,46.5
2026-09-28T14:17:49.691603+00:00,nfl,sr:match:71515840,total,WilliamHillNewJersey,under,-107,-115,41.5,46.5
2026-09-28T14:17:49.691603+00:00,nfl,sr:match:71515840,total,FanDuel,over,-110,-102,41.5,48.5
2026-09-28T14:17:49.691603+00:00,nfl,sr:match:71515840,total,FanDuel,under,-110,-120,41.5,48.5
2026-09-28T16:09:46.137888+00:00,nfl,sr:match:71515840,moneyline,DraftKings,away,-192,-102,,
2026-09-28T16:09:46.137888+00:00,nfl,sr:match:71515840,moneyline,DraftKings,home,+160,-118,,
2026-09-28T16:09:46.137888+00:00,nfl,sr:match:71515840,moneyline,Bet365.US.NJ,away,-205,-105,,
2026-09-28T16:09:46.137888+00:00,nfl,sr:match:71515840,moneyline,Bet365.US.NJ,home,+170,-115,,
2026-09-28T16:09:46.137888+00:00,nfl,sr:match:71515840,moneyline,WilliamHillNewJersey,away,-209,+100,,
2026-09-28T16:09:46.137888+00:00,nfl,sr:match:71515840,moneyline,WilliamHillNewJersey,home,+173,-131,,
2026-09-28T16:09:46.137888+00:00,nfl,sr:match:71515840,moneyline,FanDuel,away,-200,-104,,
2026-09-28T16:09:46.137888+00:00,nfl,sr:match:71515840,moneyline,FanDuel,home,+168,-112,,
2026-09-28T16:09:46.137888+00:00,nfl,sr:match:71515840,spread,MGM,away,-111,-111,-4.0,-4.0
2026-09-28T16:09:46.137888+00:00,nfl,sr:match:71515840,spread,MGM,home,-120,-108,4.0,4.0
2026-09-28T16:09:46.137888+00:00,nfl,sr:match:71515840,spread,DraftKings,away,-108,-115,-3.5,1.5
2026-09-28T16:09:46.137888+00:00,nfl,sr:match:71515840,spread,DraftKings,home,-112,-105,3.5,-1.5
2026-09-28T16:09:46.137888+00:00,nfl,sr:match:71515840,spread,Bet365.US.NJ,away,-115,-115,-3.5,1.5
2026-09-28T16:09:46.137888+00:00,nfl,sr:match:71515840,spread,Bet365.US.NJ,home,-105,-105,3.5,-1.5
2026-09-28T16:09:46.137888+00:00,nfl,sr:match:71515840,spread,WilliamHillNewJersey,away,-113,-115,-3.5,1.5
2026-09-28T16:09:46.137888+00:00,nfl,sr:match:71515840,spread,WilliamHillNewJersey,home,-107,-115,3.5,-1.5
2026-09-28T16:09:46.137888+00:00,nfl,sr:match:71515840,spread,FanDuel,away,-115,-118,-3.5,1.5
2026-09-28T16:09:46.137888+00:00,nfl,sr:match:71515840,spread,FanDuel,home,-105,-104,3.5,-1.5
2026-09-28T16:09:46.137888+00:00,nfl,sr:match:71515840,total,MGM,over,-111,-108,42.0,43.5
2026-09-28T16:09:46.137888+00:00,nfl,sr:match:71515840,total,MGM,under,-120,-111,42.0,43.5
2026-09-28T16:09:46.137888+00:00,nfl,sr:match:71515840,total,DraftKings,over,-110,-110,41.5,46.5
2026-09-28T16:09:46.137888+00:00,nfl,sr:match:71515840,total,DraftKings,under,-110,-110,41.5,46.5
2026-09-28T16:09:46.137888+00:00,nfl,sr:match:71515840,total,Bet365.US.NJ,over,-110,-110,41.5,47.5
2026-09-28T16:09:46.137888+00:00,nfl,sr:match:71515840,total,Bet365.US.NJ,under,-110,-110,41.5,47.5
2026-09-28T16:09:46.137888+00:00,nfl,sr:match:71515840,total,WilliamHillNewJersey,over,-113,-115,41.5,46.5
2026-09-28T16:09:46.137888+00:00,nfl,sr:match:71515840,total,WilliamHillNewJersey,under,-107,-115,41.5,46.5
2026-09-28T16:09:46.137888+00:00,nfl,sr:match:71515840,total,FanDuel,over,-110,-102,41.5,48.5
2026-09-28T16:09:46.137888+00:00,nfl,sr:match:71515840,total,FanDuel,under,-110,-120,41.5,48.5
2026-09-28T16:09:46.137888+00:00,nfl,sr:match:71515842,moneyline,DraftKings,away,-148,-135,,
2026-09-28T16:09:46.137888+00:00,nfl,sr:match:71515842,moneyline,DraftKings,home,+124,+114,,
2026-09-28T16:09:46.137888+00:00,nfl,sr:match:71515842,moneyline,Bet365.US.NJ,away,-150,-135,,
2026-09-28T16:09:46.137888+00:00,nfl,sr:match:71515842,moneyline,Bet365.US.NJ,home,+125,+115,,
2026-09-28T16:09:46.137888+00:00,nfl,sr:match:71515842,moneyline,WilliamHillNewJersey,away,-141,-140,,
2026-09-28T16:09:46.137888+00:00,nfl,sr:match:71515842,moneyline,WilliamHillNewJersey,home,+120,+110,,
2026-09-28T16:09:46.137888+00:00,nfl,sr:match:71515842,moneyline,FanDuel,away,-136,-134,,
2026-09-28T16:09:46.137888+00:00,nfl,sr:match:71515842,moneyline,FanDuel,home,+116,+114,,
2026-09-28T16:09:46.137888+00:00,nfl,sr:match:71515842,spread,MGM,away,-115,-114,-2.5,-2.5
2026-09-28T16:09:46.137888+00:00,nfl,sr:match:71515842,spread,MGM,home,-105,-105,2.5,2.5
2026-09-28T16:09:46.137888+00:00,nfl,sr:match:71515842,spread,DraftKings,away,-118,-110,-2.5,-2.5
2026-09-28T16:09:46.137888+00:00,nfl,sr:match:71515842,spread,DraftKings,home,-102,-110,2.5,2.5
2026-09-28T16:09:46.137888+00:00,nfl,sr:match:71515842,spread,Bet365.US.NJ,away,-115,-110,-2.5,-2.5
2026-09-28T16:09:46.137888+00:00,nfl,sr:match:71515842,spread,Bet365.US.NJ,home,-105,-110,2.5,2.5
2026-09-28T16:09:46.137888+00:00,nfl,sr:match:71515842,spread,WilliamHillNewJersey,away,-114,-115,-2.5,-1.5
2026-09-28T16:09:46.137888+00:00,nfl,sr:match:71515842,spread,WilliamHillNewJersey,home,-106,-115,2.5,1.5
2026-09-28T16:09:46.137888+00:00,nfl,sr:match:71515842,spread,FanDuel,away,-114,-110,-2.5,-2.5
2026-09-28T16:09:46.137888+00:00,nfl,sr:match:71515842,spread,FanDuel,home,-106,-110,2.5,2.5
2026-09-28T16:09:46.137888+00:00,nfl,sr:match:71515842,total,MGM,over,-111,-111,37.5,38.0
2026-09-28T16:09:46.137888+00:00,nfl,sr:match:71515842,total,MGM,under,-108,-108,37.5,38.0
2026-09-28T16:09:46.137888+00:00,nfl,sr:match:71515842,total,DraftKings,over,-115,-110,37.5,40.5
2026-09-28T16:09:46.137888+00:00,nfl,sr:match:71515842,total,DraftKings,under,-105,-110,37.5,40.5
2026-09-28T16:09:46.137888+00:00,nfl,sr:match:71515842,total,Bet365.US.NJ,over,-110,-110,38.5,37.5
2026-09-28T16:09:46.137888+00:00,nfl,sr:match:71515842,total,Bet365.US.NJ,under,-130,-110,38.5,37.5
2026-09-28T16:09:46.137888+00:00,nfl,sr:match:71515842,total,WilliamHillNewJersey,over,-118,-115,37.5,38.5
2026-09-28T16:09:46.137888+00:00,nfl,sr:match:71515842,total,WilliamHillNewJersey,under,-103,-115,37.5,38.5
2026-09-28T16:09:46.137888+00:00,nfl,sr:match:71515842,total,FanDuel,over,-115,-105,37.5,37.5
2026-09-28T16:09:46.137888+00:00,nfl,sr:match:71515842,total,FanDuel,under,-105,-115,37.5,37.5
2026-09-28T16:09:46.137888+00:00,nfl,sr:match:71488622,moneyline,MGM,away,-105,-105,,
2026-09-28T16:09:46.137888+00:00,nfl,sr:match:71488622,moneyline,MGM,home,-115,-115,,
2026-09-28T16:09:46.137888+00:00,nfl,sr:match:71488622,moneyline,DraftKings,away,-166,-102,,
2026-09-28T16:09:46.137888+00:00,nfl,sr:match:71488622,moneyline,DraftKings,home,+140,-118,,
2026-09-28T16:09:46.137888+00:00,nfl,sr:match:71488622,moneyline,Bet365.US.NJ,away,-165,-105,,
2026-09-28T16:09:46.137888+00:00,nfl,sr:match:71488622,moneyline,Bet365.US.NJ,home,+140,-115,,
2026-09-28T16:09:46.137888+00:00,nfl,sr:match:71488622,moneyline,WilliamHillNewJersey,away,-164,-115,,
2026-09-28T16:09:46.137888+00:00,nfl,sr:match:71488622,moneyline,WilliamHillNewJersey,home,+139,-105,,
2026-09-28T16:09:46.137888+00:00,nfl,sr:match:71488622,moneyline,FanDuel,away,-174,+100,,
2026-09-28T16:09:46.137888+00:00,nfl,sr:match:71488622,moneyline,FanDuel,home,+146,-118,,
2026-09-28T16:09:46.137888+00:00,nfl,sr:match:71488622,spread,MGM,away,-105,-120,-3.5,1.5
2026-09-28T16:09:46.137888+00:00,nfl,sr:match:71488622,spread,MGM,home,-125,+100,3.5,-1.5
2026-09-28T16:09:46.137888+00:00,nfl,sr:match:71488622,spread,DraftKings,away,-115,-118,-3.0,1.5
2026-09-28T16:09:46.137888+00:00,nfl,sr:match:71488622,spread,DraftKings,home,-105,-102,3.0,-1.5
2026-09-28T16:09:46.137888+00:00,nfl,sr:match:71488622,spread,Bet365.US.NJ,away,+100,-110,-3.5,1.5
2026-09-28T16:09:46.137888+00:00,nfl,sr:match:71488622,spread,Bet365.US.NJ,home,-120,-110,3.5,-1.5
2026-09-28T16:09:46.137888+00:00,nfl,sr:match:71488622,spread,WilliamHillNewJersey,away,-120,-105,-3.0,-1.0
2026-09-28T16:09:46.137888+00:00,nfl,sr:match:71488622,spread,WilliamHillNewJersey,home,+100,-115,3.0,1.0
2026-09-28T16:09:46.137888+00:00,nfl,sr:match:71488622,spread,FanDuel,away,-102,-115,-3.5,1.5
2026-09-28T16:09:46.137888+00:00,nfl,sr:match:71488622,spread,FanDuel,home,-120,-105,3.5,-1.5
2026-09-28T16:09:46.137888+00:00,nfl,sr:match:71488622,total,MGM,over,-111,-110,47.0,49.5
2026-09-28T16:09:46.137888+00:00,nfl,sr:match:71488622,total,MGM,under,-108,-110,47.0,49.5
2026-09-28T16:09:46.137888+00:00,nfl,sr:match:71488622,total,DraftKings,over,-102,-110,47.5,48.5
2026-09-28T16:09:46.137888+00:00,nfl,sr:match:71488622,total,DraftKings,under,-118,-110,47.5,48.5
2026-09-28T16:09:46.137888+00:00,nfl,sr:match:71488622,total,Bet365.US.NJ,over,-105,-110,47.5,49.5
2026-09-28T16:09:46.137888+00:00,nfl,sr:match:71488622,total,Bet365.US.NJ,under,-115,-110,47.5,49.5
2026-09-28T16:09:46.137888+00:00,nfl,sr:match:71488622,total,WilliamHillNewJersey,over,-104,-110,47.5,48.5
2026-09-28T16:09:46.137888+00:00,nfl,sr:match:71488622,total,WilliamHillNewJersey,under,-117,-110,47.5,48.5
2026-09-28T16:09:46.137888+00:00,nfl,sr:match:71488622,total,FanDuel,over,-106,-112,47.5,50.5
2026-09-28T16:09:46.137888+00:00,nfl,sr:match:71488622,total,FanDuel,under,-114,-108,47.5,50.5
2026-09-28T16:09:46.137888+00:00,nfl,sr:match:71515844,moneyline,DraftKings,away,+525,+310,,
2026-09-28T16:09:46.137888+00:00,nfl,sr:match:71515844,moneyline,DraftKings,home,-752,-395,,
2026-09-28T16:09:46.137888+00:00,nfl,sr:match:71515844,moneyline,Bet365.US.NJ,away,+475,+475,,
2026-09-28T16:09:46.137888+00:00,nfl,sr:match:71515844,moneyline,Bet365.US.NJ,home,-654,-654,,
2026-09-28T16:09:46.137888+00:00,nfl,sr:match:71515844,moneyline,WilliamHillNewJersey,away,+480,+330,,
2026-09-28T16:09:46.137888+00:00,nfl,sr:match:71515844,moneyline,WilliamHillNewJersey,home,-699,-426,,
2026-09-28T16:09:46.137888+00:00,nfl,sr:match:71515844,moneyline,FanDuel,away,+530,+530,,
2026-09-28T16:09:46.137888+00:00,nfl,sr:match:71515844,moneyline,FanDuel,home,-752,-752,,
2026-09-28T16:09:46.137888+00:00,nfl,sr:match:71515844,spread,MGM,away,-111,-111,11.5,11.5
2026-09-28T16:09:46.137888+00:00,nfl,sr:match:71515844,spread,MGM,home,-108,-108,-11.5,-11.5
2026-09-28T16:09:46.137888+00:00,nfl,sr:match:71515844,spread,DraftKings,away,-110,-110,11.5,8.5
2026-09-28T16:09:46.137888+00:00,nfl,sr:match:71515844,spread,DraftKings,home,-110,-110,-11.5,-8.5
2026-09-28T16:09:46.137888+00:00,nfl,sr:match:71515844,spread,Bet365.US.NJ,away,-110,-110,11.5,10.5
2026-09-28T16:09:46.137888+00:00,nfl,sr:match:71515844,spread,Bet365.US.NJ,home,-110,-110,-11.5,-10.5
2026-09-28T16:09:46.137888+00:00,nfl,sr:match:71515844,spread,WilliamHillNewJersey,away,-113,-115,11.5,9.0
2026-09-28T16:09:46.137888+00:00,nfl,sr:match:71515844,spread,WilliamHillNewJersey,home,-106,-115,-11.5,-9.0
2026-09-28T16:09:46.137888+00:00,nfl,sr:match:71515844,spread,FanDuel,away,-110,-105,11.5,10.5
2026-09-28T16:09:46.137888+00:00,nfl,sr:match:71515844,spread,FanDuel,home,-110,-115,-11.5,-10.5
2026-09-28T16:09:46.137888+00:00,nfl,sr:match:71515844,total,MGM,over,-108,-114,43.5,43.0
2026-09-28T16:09:46.137888+00:00,nfl,sr:match:71515844,total,MGM,under,-111,-108,43.5,43.0
2026-09-28T16:09:46.137888+00:00,nfl,sr:match:71515844,total,DraftKings,over,-110,-110,43.5,47.5
2026-09-28T16:09:46.137888+00:00,nfl,sr:match:71515844,total,DraftKings,under,-110,-110,43.5,47.5
2026-09-28T16:09:46.137888+00:00,nfl,sr:match:71515844,total,Bet365.US.NJ,over,-110,-115,43.5,44.5
2026-09-28T16:09:46.137888+00:00,nfl,sr:match:71515844,total,Bet365.US.NJ,under,-110,-105,43.5,44.5
2026-09-28T16:09:46.137888+00:00,nfl,sr:match:71515844,total,WilliamHillNewJersey,over,-110,-115,43.5,45.5
2026-09-28T16:09:46.137888+00:00,nfl,sr:match:71515844,total,WilliamHillNewJersey,under,-109,-115,43.5,45.5
2026-09-28T16:09:46.137888+00:00,nfl,sr:match:71515844,total,FanDuel,over,-110,-104,43.5,45.5
2026-09-28T16:09:46.137888+00:00,nfl,sr:match:71515844,total,FanDuel,under,-110,-118,43.5,45.5
2026-09-28T16:09:46.137888+00:00,nfl,sr:match:71515846,moneyline,DraftKings,away,+250,+136,,
2026-09-28T16:09:46.137888+00:00,nfl,sr:match:71515846,moneyline,DraftKings,home,-310,-162,,
2026-09-28T16:09:46.137888+00:00,nfl,sr:match:71515846,moneyline,Bet365.US.NJ,away,+250,+210,,
2026-09-28T16:09:46.137888+00:00,nfl,sr:match:71515846,moneyline,Bet365.US.NJ,home,-311,-260,,
2026-09-28T16:09:46.137888+00:00,nfl,sr:match:71515846,moneyline,WilliamHillNewJersey,away,+260,+0,,
2026-09-28T16:09:46.137888+00:00,nfl,sr:match:71515846,moneyline,WilliamHillNewJersey,home,-325,-200,,
2026-09-28T16:09:46.137888+00:00,nfl,sr:match:71515846,moneyline,FanDuel,away,+265,+215,,
2026-09-28T16:09:46.137888+00:00,nfl,sr:match:71515846,moneyline,FanDuel,home,-330,-260,,
2026-09-28T16:09:46.137888+00:00,nfl,sr:match:71515846,spread,MGM,away,-105,-114,6.5,7.0
2026-09-28T16:09:46.137888+00:00,nfl,sr:match:71515846,spread,MGM,home,-115,-105,-6.5,-7.0
2026-09-28T16:09:46.137888+00:00,nfl,sr:match:71515846,spread,DraftKings,away,-115,-110,7.0,3.0
2026-09-28T16:09:46.137888+00:00,nfl,sr:match:71515846,spread,DraftKings,home,-105,-110,-7.0,-3.0
2026-09-28T16:09:46.137888+00:00,nfl,sr:match:71515846,spread,Bet365.US.NJ,away,-105,-110,6.5,5.5
2026-09-28T16:09:46.137888+00:00,nfl,sr:match:71515846,spread,Bet365.US.NJ,home,-115,-110,-6.5,-5.5
2026-09-28T16:09:46.137888+00:00,nfl,sr:match:71515846,spread,WilliamHillNewJersey,away,-115,-115,7.0,4.0
2026-09-28T16:09:46.137888+00:00,nfl,sr:match:71515846,spread,WilliamHillNewJersey,home,-105,-115,-7.0,-4.0
2026-09-28T16:09:46.137888+00:00,nfl,sr:match:71515846,spread,FanDuel,away,-104,-105,6.5,5.5
2026-09-28T16:09:46.137888+00:00,nfl,sr:match:71515846,spread,FanDuel,home,-118,-115,-6.5,-5.5
2026-09-28T16:09:46.137888+00:00,nfl,sr:match:71515846,total,MGM,over,-108,-111,48.5,48.5
2026-09-28T16:09:46.137888+00:00,nfl,sr:match:71515846,total,MGM,under,-111,-108,48.5,48.5
2026-09-28T16:09:46.137888+00:00,nfl,sr:match:71515846,total,DraftKings,over,-110,-110,48.5,49.5
2026-09-28T16:09:46.137888+00:00,nfl,sr:match:71515846,total,DraftKings,under,-110,-110,48.5,49.5
2026-09-28T16:09:46.137888+00:00,nfl,sr:match:71515846,total,Bet365.US.NJ,over,-110,-110,48.5,50.5
2026-09-28T16:09:46.137888+00:00,nfl,sr:match:71515846,total,Bet365.US.NJ,under,-110,-130,48.5,50.5
2026-09-28T16:09:46.137888+00:00,nfl,sr:match:71515846,total,WilliamHillNewJersey,over,-110,-115,48.5,50.5
2026-09-28T16:09:46.137888+00:00,nfl,sr:match:71515846,total,WilliamHillNewJersey,under,-110,-115,48.5,50.5
2026-09-28T16:09:46.137888+00:00,nfl,sr:match:71515846,total,FanDuel,over,-110,-104,48.5,50.5
2026-09-28T16:09:46.137888+00:00,nfl,sr:match:71515846,total,FanDuel,under,-110,-118,48.5,50.5
2026-09-28T16:09:46.137888+00:00,nfl,sr:match:71515848,moneyline,DraftKings,away,+130,+300,,
2026-09-28T16:09:46.137888+00:00,nfl,sr:match:71515848,moneyline,DraftKings,home,-155,-380,,
2026-09-28T16:09:46.137888+00:00,nfl,sr:match:71515848,moneyline,Bet365.US.NJ,away,+135,+150,,
2026-09-28T16:09:46.137888+00:00,nfl,sr:match:71515848,moneyline,Bet365.US.NJ,home,-160,-180,,
2026-09-28T16:09:46.137888+00:00,nfl,sr:match:71515848,moneyline,WilliamHillNewJersey,away,+130,+305,,
2026-09-28T16:09:46.137888+00:00,nfl,sr:match:71515848,moneyline,WilliamHillNewJersey,home,-154,-426,,
2026-09-28T16:09:46.137888+00:00,nfl,sr:match:71515848,moneyline,FanDuel,away,+138,+154,,
2026-09-28T16:09:46.137888+00:00,nfl,sr:match:71515848,moneyline,FanDuel,home,-164,-184,,
2026-09-28T16:09:46.137888+00:00,nfl,sr:match:71515848,spread,MGM,away,-111,-111,3.0,3.0
2026-09-28T16:09:46.137888+00:00,nfl,sr:match:71515848,spread,MGM,home,-108,-108,-3.0,-3.0
2026-09-28T16:09:46.137888+00:00,nfl,sr:match:71515848,spread,DraftKings,away,-120,-110,3.0,8.5
2026-09-28T16:09:46.137888+00:00,nfl,sr:match:71515848,spread,DraftKings,home,+100,-110,-3.0,-8.5
2026-09-28T16:09:46.137888+00:00,nfl,sr:match:71515848,spread,Bet365.US.NJ,away,-115,-110,3.0,3.0
2026-09-28T16:09:46.137888+00:00,nfl,sr:match:71515848,spread,Bet365.US.NJ,home,-105,-110,-3.0,-3.0
2026-09-28T16:09:46.137888+00:00,nfl,sr:match:71515848,spread,WilliamHillNewJersey,away,-114,-115,3.0,9.0
2026-09-28T16:09:46.137888+00:00,nfl,sr:match:71515848,spread,WilliamHillNewJersey,home,-106,-115,-3.0,-9.0
2026-09-28T16:09:46.137888+00:00,nfl,sr:match:71515848,spread,FanDuel,away,-110,-104,3.0,3.0
2026-09-28T16:09:46.137888+00:00,nfl,sr:match:71515848,spread,FanDuel,home,-110,-118,-3.0,-3.0
2026-09-28T16:09:46.137888+00:00,nfl,sr:match:71515848,total,MGM,over,-111,-111,43.0,43.0
2026-09-28T16:09:46.137888+00:00,nfl,sr:match:71515848,total,MGM,under,-108,-108,43.0,43.0
2026-09-28T16:09:46.137888+00:00,nfl,sr:match:71515848,total,DraftKings,over,-110,-110,42.5,45.5
2026-09-28T16:09:46.137888+00:00,nfl,sr:match:71515848,total,DraftKings,under,-110,-110,42.5,45.5
2026-09-28T16:09:46.137888+00:00,nfl,sr:match:71515848,total,Bet365.US.NJ,over,-115,-110,42.5,43.5
2026-09-28T16:09:46.137888+00:00,nfl,sr:match:71515848,total,Bet365.US.NJ,under,-105,-110,42.5,43.5
2026-09-28T16:09:46.137888+00:00,nfl,sr:match:71515848,total,WilliamHillNewJersey,over,-110,-115,43.0,44.5
2026-09-28T16:09:46.137888+00:00,nfl,sr:match:71515848,total,WilliamHillNewJersey,under,-110,-115,43.0,44.5
2026-09-28T16:09:46.137888+00:00,nfl,sr:match:71515848,total,FanDuel,over,-110,-105,43.5,43.5
2026-09-28T16:09:46.137888+00:00,nfl,sr:match:71515848,total,FanDuel,under,-110,-115,43.5,43.5
2026-09-28T16:09:46.137888+00:00,nfl,sr:match:71515850,moneyline,DraftKings,away,+114,+114,,
2026-09-28T16:09:46.137888+00:00,nfl,sr:match:71515850,moneyline,DraftKings,home,-135,-135,,
2026-09-28T16:09:46.137888+00:00,nfl,sr:match:71515850,moneyline,Bet365.US.NJ,away,+115,+130,,
2026-09-28T16:09:46.137888+00:00,nfl,sr:match:71515850,moneyline,Bet365.US.NJ,home,-135,-155,,
2026-09-28T16:09:46.137888+00:00,nfl,sr:match:71515850,moneyline,WilliamHillNewJersey,away,+115,+130,,
2026-09-28T16:09:46.137888+00:00,nfl,sr:match:71515850,moneyline,WilliamHillNewJersey,home,-136,-170,,
2026-09-28T16:09:46.137888+00:00,nfl,sr:match:71515850,moneyline,FanDuel,away,+106,+120,,
2026-09-28T16:09:46.137888+00:00,nfl,sr:match:71515850,moneyline,FanDuel,home,-124,-142,,
2026-09-28T16:09:46.137888+00:00,nfl,sr:match:71515850,spread,MGM,away,-111,-108,2.5,2.5
2026-09-28T16:09:46.137888+00:00,nfl,sr:match:71515850,spread,MGM,home,-108,-111,-2.5,-2.5
2026-09-28T16:09:46.137888+00:00,nfl,sr:match:71515850,spread,DraftKings,away,-110,-110,2.5,2.5
2026-09-28T16:09:46.137888+00:00,nfl,sr:match:71515850,spread,DraftKings,home,-110,-110,-2.5,-2.5
2026-09-28T16:09:46.137888+00:00,nfl,sr:match:71515850,spread,Bet365.US.NJ,away,-110,-105,2.5,2.5
2026-09-28T16:09:46.137888+00:00,nfl,sr:match:71515850,spread,Bet365.US.NJ,home,-110,-115,-2.5,-2.5
2026-09-28T16:09:46.137888+00:00,nfl,sr:match:71515850,spread,WilliamHillNewJersey,away,-108,-115,2.5,3.0
2026-09-28T16:09:46.137888+00:00,nfl,sr:match:71515850,spread,WilliamHillNewJersey,home,-112,-115,-2.5,-3.0
2026-09-28T16:09:46.137888+00:00,nfl,sr:match:71515850,spread,FanDuel,away,-110,-105,2.5,2.5
2026-09-28T16:09:46.137888+00:00,nfl,sr:match:71515850,spread,FanDuel,home,-110,-115,-2.5,-2.5
2026-09-28T16:09:46.137888+00:00,nfl,sr:match:71515850,total,MGM,over,-105,-111,51.5,50.0
2026-09-28T16:09:46.137888+00:00,nfl,sr:match:71515850,total,MGM,under,-114,-108,51.5,50.0
2026-09-28T16:09:46.137888+00:00,nfl,sr:match:71515850,total,DraftKings,over,-102,-110,51.5,51.5
2026-09-28T16:09:46.137888+00:00,nfl,sr:match:71515850,total,DraftKings,under,-118,-110,51.5,51.5
2026-09-28T16:09:46.137888+00:00,nfl,sr:match:71515850,total,Bet365.US.NJ,over,-110,-110,51.5,50.5
2026-09-28T16:09:46.137888+00:00,nfl,sr:match:71515850,total,Bet365.US.NJ,under,-110,-110,51.5,50.5
2026-09-28T16:09:46.137888+00:00,nfl,sr:match:71515850,total,WilliamHillNewJersey,over,-106,-115,51.5,51.5
2026-09-28T16:09:46.137888+00:00,nfl,sr:match:71515850,total,WilliamHillNewJersey,under,-114,-115,51.5,51.5
2026-09-28T16:09:46.137888+00:00,nfl,sr:match:71515850,total,FanDuel,over,-110,-104,51.5,51.5
2026-09-28T16:09:46.137888+00:00,nfl,sr:match:71515850,total,FanDuel,under,-110,-118,51.5,51.5
2026-09-28T16:09:46.137888+00:00,nfl,sr:match:71515852,moneyline,DraftKings,away,+114,+114,,
2026-09-28T16:09:46.137888+00:00,nfl,sr:match:71515852,moneyline,DraftKings,home,-135,-135,,
2026-09-28T16:09:46.137888+00:00,nfl,sr:match:71515852,moneyline,Bet365.US.NJ,away,+120,+125,,
2026-09-28T16:09:46.137888+00:00,nfl,sr:match:71515852,moneyline,Bet365.US.NJ,home,-140,-150,,
2026-09-28T16:09:46.137888+00:00,nfl,sr:match:71515852,moneyline,WilliamHillNewJersey,away,+116,+130,,
2026-09-28T16:09:46.137888+00:00,nfl,sr:match:71515852,moneyline,WilliamHillNewJersey,home,-137,-170,,
2026-09-28T16:09:46.137888+00:00,nfl,sr:match:71515852,moneyline,FanDuel,away,+116,+118,,
2026-09-28T16:09:46.137888+00:00,nfl,sr:match:71515852,moneyline,FanDuel,home,-136,-138,,
2026-09-28T16:09:46.137888+00:00,nfl,sr:match:71515852,spread,MGM,away,-108,-108,2.5,1.5
2026-09-28T16:09:46.137888+00:00,nfl,sr:match:71515852,spread,MGM,home,-111,-111,-2.5,-1.5
2026-09-28T16:09:46.137888+00:00,nfl,sr:match:71515852,spread,DraftKings,away,-110,-110,2.5,2.5
2026-09-28T16:09:46.137888+00:00,nfl,sr:match:71515852,spread,DraftKings,home,-110,-110,-2.5,-2.5
2026-09-28T16:09:46.137888+00:00,nfl,sr:match:71515852,spread,Bet365.US.NJ,away,-110,-110,2.5,2.5
2026-09-28T16:09:46.137888+00:00,nfl,sr:match:71515852,spread,Bet365.US.NJ,home,-110,-110,-2.5,-2.5
2026-09-28T16:09:46.137888+00:00,nfl,sr:match:71515852,spread,WilliamHillNewJersey,away,-107,-120,2.5,3.0
2026-09-28T16:09:46.137888+00:00,nfl,sr:match:71515852,spread,WilliamHillNewJersey,home,-113,-110,-2.5,-3.0
2026-09-28T16:09:46.137888+00:00,nfl,sr:match:71515852,spread,FanDuel,away,-110,-110,2.5,2.5
2026-09-28T16:09:46.137888+00:00,nfl,sr:match:71515852,spread,FanDuel,home,-110,-110,-2.5,-2.5
2026-09-28T16:09:46.137888+00:00,nfl,sr:match:71515852,total,MGM,over,-111,-108,47.5,47.0
2026-09-28T16:09:46.137888+00:00,nfl,sr:match:71515852,total,MGM,under,-108,-111,47.5,47.0
2026-09-28T16:09:46.137888+00:00,nfl,sr:match:71515852,total,DraftKings,over,-115,-110,47.5,47.5
2026-09-28T16:09:46.137888+00:00,nfl,sr:match:71515852,total,DraftKings,under,-105,-110,47.5,47.5
2026-09-28T16:09:46.137888+00:00,nfl,sr:match:71515852,total,Bet365.US.NJ,over,-110,-110,48.5,47.5
2026-09-28T16:09:46.137888+00:00,nfl,sr:match:71515852,total,Bet365.US.NJ,under,-130,-110,48.5,47.5
2026-09-28T16:09:46.137888+00:00,nfl,sr:match:71515852,total,WilliamHillNewJersey,over,-112,-115,47.5,46.5
2026-09-28T16:09:46.137888+00:00,nfl,sr:match:71515852,total,WilliamHillNewJersey,under,-109,-115,47.5,46.5
2026-09-28T16:09:46.137888+00:00,nfl,sr:match:71515852,total,FanDuel,over,-104,-105,47.5,47.5
2026-09-28T16:09:46.137888+00:00,nfl,sr:match:71515852,total,FanDuel,under,-118,-115,47.5,47.5
2026-09-28T16:09:46.137888+00:00,nfl,sr:match:71515854,moneyline,DraftKings,away,-115,+260,,
2026-09-28T16:09:46.137888+00:00,nfl,sr:match:71515854,moneyline,DraftKings,home,-105,-325,,
2026-09-28T16:09:46.137888+00:00,nfl,sr:match:71515854,moneyline,Bet365.US.NJ,away,-110,+120,,
2026-09-28T16:09:46.137888+00:00,nfl,sr:match:71515854,moneyline,Bet365.US.NJ,home,-110,-140,,
2026-09-28T16:09:46.137888+00:00,nfl,sr:match:71515854,moneyline,WilliamHillNewJersey,away,-110,+0,,
2026-09-28T16:09:46.137888+00:00,nfl,sr:match:71515854,moneyline,WilliamHillNewJersey,home,-107,+0,,
2026-09-28T16:09:46.137888+00:00,nfl,sr:match:71515854,moneyline,FanDuel,away,-106,+116,,
2026-09-28T16:09:46.137888+00:00,nfl,sr:match:71515854,moneyline,FanDuel,home,-110,-136,,
2026-09-28T16:09:46.137888+00:00,nfl,sr:match:71515854,spread,MGM,away,-105,-111,-1.0,2.5
2026-09-28T16:09:46.137888+00:00,nfl,sr:match:71515854,spread,MGM,home,-114,-108,1.0,-2.5
2026-09-28T16:09:46.137888+00:00,nfl,sr:match:71515854,spread,DraftKings,away,-102,-110,-1.5,7.0
2026-09-28T16:09:46.137888+00:00,nfl,sr:match:71515854,spread,DraftKings,home,-118,-110,1.5,-7.0
2026-09-28T16:09:46.137888+00:00,nfl,sr:match:71515854,spread,Bet365.US.NJ,away,-120,-110,1.5,2.5
2026-09-28T16:09:46.137888+00:00,nfl,sr:match:71515854,spread,Bet365.US.NJ,home,+100,-110,-1.5,-2.5
2026-09-28T16:09:46.137888+00:00,nfl,sr:match:71515854,spread,WilliamHillNewJersey,away,-109,-110,-1.0,6.5
2026-09-28T16:09:46.137888+00:00,nfl,sr:match:71515854,spread,WilliamHillNewJersey,home,-110,-120,1.0,-6.5
2026-09-28T16:09:46.137888+00:00,nfl,sr:match:71515854,spread,FanDuel,away,-124,-110,1.5,2.5
2026-09-28T16:09:46.137888+00:00,nfl,sr:match:71515854,spread,FanDuel,home,+102,-110,-1.5,-2.5
2026-09-28T16:09:46.137888+00:00,nfl,sr:match:71515854,total,MGM,over,-111,-111,44.0,43.5
2026-09-28T16:09:46.137888+00:00,nfl,sr:match:71515854,total,MGM,under,-108,-108,44.0,43.5
2026-09-28T16:09:46.137888+00:00,nfl,sr:match:71515854,total,DraftKings,over,-105,-110,44.5,45.5
2026-09-28T16:09:46.137888+00:00,nfl,sr:match:71515854,total,DraftKings,under,-115,-110,44.5,45.5
2026-09-28T16:09:46.137888+00:00,nfl,sr:match:71515854,total,Bet365.US.NJ,over,-110,-110,44.5,43.5
2026-09-28T16:09:46.137888+00:00,nfl,sr:match:71515854,total,Bet365.US.NJ,under,-110,-110,44.5,43.5
2026-09-28T16:09:46.137888+00:00,nfl,sr:match:71515854,total,WilliamHillNewJersey,over,-105,-115,44.5,44.5
2026-09-28T16:09:46.137888+00:00,nfl,sr:match:71515854,total,WilliamHillNewJersey,under,-115,-115,44.5,44.5
2026-09-28T16:09:46.137888+00:00,nfl,sr:match:71515854,total,FanDuel,over,-115,-115,43.5,43.5
2026-09-28T16:09:46.137888+00:00,nfl,sr:match:71515854,total,FanDuel,under,-105,-105,43.5,43.5
2026-09-28T16:09:46.137888+00:00,nfl,sr:match:71515856,moneyline,DraftKings,away,-130,-118,,
2026-09-28T16:09:46.137888+00:00,nfl,sr:match:71515856,moneyline,DraftKings,home,+110,-102,,
2026-09-28T16:09:46.137888+00:00,nfl,sr:match:71515856,moneyline,Bet365.US.NJ,away,-130,-140,,
2026-09-28T16:09:46.137888+00:00,nfl,sr:match:71515856,moneyline,Bet365.US.NJ,home,+110,+120,,
2026-09-28T16:09:46.137888+00:00,nfl,sr:match:71515856,moneyline,WilliamHillNewJersey,away,-134,-125,,
2026-09-28T16:09:46.137888+00:00,nfl,sr:match:71515856,moneyline,WilliamHillNewJersey,home,+114,-106,,
2026-09-28T16:09:46.137888+00:00,nfl,sr:match:71515856,moneyline,FanDuel,away,-136,-152,,
2026-09-28T16:09:46.137888+00:00,nfl,sr:match:71515856,moneyline,FanDuel,home,+116,+128,,
2026-09-28T16:09:46.137888+00:00,nfl,sr:match:71515856,spread,MGM,away,-111,-114,-2.5,-2.5
2026-09-28T16:09:46.137888+00:00,nfl,sr:match:71515856,spread,MGM,home,-120,-105,2.5,2.5
2026-09-28T16:09:46.137888+00:00,nfl,sr:match:71515856,spread,DraftKings,away,-115,-105,-1.5,-1.5
2026-09-28T16:09:46.137888+00:00,nfl,sr:match:71515856,spread,DraftKings,home,-105,-115,1.5,1.5
2026-09-28T16:09:46.137888+00:00,nfl,sr:match:71515856,spread,Bet365.US.NJ,away,-115,-105,-1.5,-2.5
2026-09-28T16:09:46.137888+00:00,nfl,sr:match:71515856,spread,Bet365.US.NJ,home,-105,-115,1.5,2.5
2026-09-28T16:09:46.137888+00:00,nfl,sr:match:71515856,spread,WilliamHillNewJersey,away,-115,-115,-1.5,-1.5
2026-09-28T16:09:46.137888+00:00,nfl,sr:match:71515856,spread,WilliamHillNewJersey,home,-105,-115,1.5,1.5
2026-09-28T16:09:46.137888+00:00,nfl,sr:match:71515856,spread,FanDuel,away,-110,-104,-2.5,-3.0
2026-09-28T16:09:46.137888+00:00,nfl,sr:match:71515856,spread,FanDuel,home,-110,-118,2.5,3.0
2026-09-28T16:09:46.137888+00:00,nfl,sr:match:71515856,total,MGM,over,-108,-108,46.5,46.0
2026-09-28T16:09:46.137888+00:00,nfl,sr:match:71515856,total,MGM,under,-111,-111,46.5,46.0
2026-09-28T16:09:46.137888+00:00,nfl,sr:match:71515856,total,DraftKings,over,-110,-110,46.5,47.5
2026-09-28T16:09:46.137888+00:00,nfl,sr:match:71515856,total,DraftKings,under,-110,-110,46.5,47.5
2026-09-28T16:09:46.137888+00:00,nfl,sr:match:71515856,total,Bet365.US.NJ,over,-110,-110,46.5,45.5
2026-09-28T16:09:46.137888+00:00,nfl,sr:match:71515856,total,Bet365.US.NJ,under,-110,-110,46.5,45.5
2026-09-28T16:09:46.137888+00:00,nfl,sr:match:71515856,total,WilliamHillNewJersey,over,-108,-115,46.5,46.5
2026-09-28T16:09:46.137888+00:00,nfl,sr:match:71515856,total,WilliamHillNewJersey,under,-112,-115,46.5,46.5
2026-09-28T16:09:46.137888+00:00,nfl,sr:match:71515856,total,FanDuel,over,-106,-104,46.5,46.5
2026-09-28T16:09:46.137888+00:00,nfl,sr:match:71515856,total,FanDuel,under,-114,-118,46.5,46.5
2026-09-28T16:09:46.137888+00:00,nfl,sr:match:71515858,moneyline,DraftKings,away,-192,-125,,
2026-09-28T16:09:46.137888+00:00,nfl,sr:match:71515858,moneyline,DraftKings,home,+160,+105,,
2026-09-28T16:09:46.137888+00:00,nfl,sr:match:71515858,moneyline,Bet365.US.NJ,away,-185,-115,,
2026-09-28T16:09:46.137888+00:00,nfl,sr:match:71515858,moneyline,Bet365.US.NJ,home,+155,-105,,
2026-09-28T16:09:46.137888+00:00,nfl,sr:match:71515858,moneyline,WilliamHillNewJersey,away,-182,-120,,
2026-09-28T16:09:46.137888+00:00,nfl,sr:match:71515858,moneyline,WilliamHillNewJersey,home,+153,-110,,
2026-09-28T16:09:46.137888+00:00,nfl,sr:match:71515858,moneyline,FanDuel,away,-166,-102,,
2026-09-28T16:09:46.137888+00:00,nfl,sr:match:71515858,moneyline,FanDuel,home,+140,-116,,
2026-09-28T16:09:46.137888+00:00,nfl,sr:match:71515858,spread,MGM,away,-108,-105,-3.5,-3.5
2026-09-28T16:09:46.137888+00:00,nfl,sr:match:71515858,spread,MGM,home,-111,-114,3.5,3.5
2026-09-28T16:09:46.137888+00:00,nfl,sr:match:71515858,spread,DraftKings,away,-110,-110,-3.5,-1.5
2026-09-28T16:09:46.137888+00:00,nfl,sr:match:71515858,spread,DraftKings,home,-110,-110,3.5,1.5
2026-09-28T16:09:46.137888+00:00,nfl,sr:match:71515858,spread,Bet365.US.NJ,away,-110,+100,-3.5,-1.5
2026-09-28T16:09:46.137888+00:00,nfl,sr:match:71515858,spread,Bet365.US.NJ,home,-110,-120,3.5,1.5
2026-09-28T16:09:46.137888+00:00,nfl,sr:match:71515858,spread,WilliamHillNewJersey,away,-107,+0,-3.5,-1.5
2026-09-28T16:09:46.137888+00:00,nfl,sr:match:71515858,spread,WilliamHillNewJersey,home,-113,-120,3.5,1.5
2026-09-28T16:09:46.137888+00:00,nfl,sr:match:71515858,spread,FanDuel,away,-105,-118,-3.5,1.5
2026-09-28T16:09:46.137888+00:00,nfl,sr:match:71515858,spread,FanDuel,home,-115,-104,3.5,-1.5
2026-09-28T16:09:46.137888+00:00,nfl,sr:match:71515858,total,MGM,over,-111,-105,39.5,41.5
2026-09-28T16:09:46.137888+00:00,nfl,sr:match:71515858,total,MGM,under,-108,-114,39.5,41.5
2026-09-28T16:09:46.137888+00:00,nfl,sr:match:71515858,total,DraftKings,over,-112,-110,39.5,47.5
2026-09-28T16:09:46.137888+00:00,nfl,sr:match:71515858,total,DraftKings,under,-108,-110,39.5,47.5
2026-09-28T16:09:46.137888+00:00,nfl,sr:match:71515858,total,Bet365.US.NJ,over,-110,-115,39.5,45.5
2026-09-28T16:09:46.137888+00:00,nfl,sr:match:71515858,total,Bet365.US.NJ,under,-110,-105,39.5,45.5
2026-09-28T16:09:46.137888+00:00,nfl,sr:match:71515858,total,WilliamHillNewJersey,over,-115,-115,39.5,46.5
2026-09-28T16:09:46.137888+00:00,nfl,sr:match:71515858,total,WilliamHillNewJersey,under,-105,-115,39.5,46.5
2026-09-28T16:09:46.137888+00:00,nfl,sr:match:71515858,total,FanDuel,over,-114,-115,39.5,45.5
2026-09-28T16:09:46.137888+00:00,nfl,sr:match:71515858,total,FanDuel,under,-106,-105,39.5,45.5
2026-09-28T16:09:46.137888+00:00,nfl,sr:match:71515860,moneyline,DraftKings,away,+425,+310,,
2026-09-28T16:09:46.137888+00:00,nfl,sr:match:71515860,moneyline,DraftKings,home,-575,-395,,
2026-09-28T16:09:46.137888+00:00,nfl,sr:match:71515860,moneyline,Bet365.US.NJ,away,+425,+500,,
2026-09-28T16:09:46.137888+00:00,nfl,sr:match:71515860,moneyline,Bet365.US.NJ,home,-578,-704,,
2026-09-28T16:09:46.137888+00:00,nfl,sr:match:71515860,moneyline,WilliamHillNewJersey,away,+400,+280,,
2026-09-28T16:09:46.137888+00:00,nfl,sr:match:71515860,moneyline,WilliamHillNewJersey,home,-559,-370,,
2026-09-28T16:09:46.137888+00:00,nfl,sr:match:71515860,moneyline,FanDuel,away,+420,+440,,
2026-09-28T16:09:46.137888+00:00,nfl,sr:match:71515860,moneyline,FanDuel,home,-559,-592,,
2026-09-28T16:09:46.137888+00:00,nfl,sr:match:71515860,spread,MGM,away,-111,-111,10.0,10.5
2026-09-28T16:09:46.137888+00:00,nfl,sr:match:71515860,spread,MGM,home,-108,-108,-10.0,-10.5
2026-09-28T16:09:46.137888+00:00,nfl,sr:match:71515860,spread,DraftKings,away,-110,-110,10.0,7.5
2026-09-28T16:09:46.137888+00:00,nfl,sr:match:71515860,spread,DraftKings,home,-110,-110,-10.0,-7.5
2026-09-28T16:09:46.137888+00:00,nfl,sr:match:71515860,spread,Bet365.US.NJ,away,-110,-115,10.0,10.5
2026-09-28T16:09:46.137888+00:00,nfl,sr:match:71515860,spread,Bet365.US.NJ,home,-110,-105,-10.0,-10.5
2026-09-28T16:09:46.137888+00:00,nfl,sr:match:71515860,spread,WilliamHillNewJersey,away,-109,-115,10.0,7.0
2026-09-28T16:09:46.137888+00:00,nfl,sr:match:71515860,spread,WilliamHillNewJersey,home,-110,-115,-10.0,-7.0
2026-09-28T16:09:46.137888+00:00,nfl,sr:match:71515860,spread,FanDuel,away,-102,-120,9.5,10.5
2026-09-28T16:09:46.137888+00:00,nfl,sr:match:71515860,spread,FanDuel,home,-120,-102,-9.5,-10.5
2026-09-28T16:09:46.137888+00:00,nfl,sr:match:71515860,total,MGM,over,-111,-105,39.0,43.0
2026-09-28T16:09:46.137888+00:00,nfl,sr:match:71515860,total,MGM,under,-108,-114,39.0,43.0
2026-09-28T16:09:46.137888+00:00,nfl,sr:match:71515860,total,DraftKings,over,-115,-110,38.5,43.5
2026-09-28T16:09:46.137888+00:00,nfl,sr:match:71515860,total,DraftKings,under,-105,-110,38.5,43.5
2026-09-28T16:09:46.137888+00:00,nfl,sr:match:71515860,total,Bet365.US.NJ,over,-110,-110,39.5,42.5
2026-09-28T16:09:46.137888+00:00,nfl,sr:match:71515860,total,Bet365.US.NJ,under,-130,-110,39.5,42.5
2026-09-28T16:09:46.137888+00:00,nfl,sr:match:71515860,total,WilliamHillNewJersey,over,-118,-115,38.5,42.0
2026-09-28T16:09:46.137888+00:00,nfl,sr:match:71515860,total,WilliamHillNewJersey,under,-103,-115,38.5,42.0
2026-09-28T16:09:46.137888+00:00,nfl,sr:match:71515860,total,FanDuel,over,-106,-105,39.5,43.5
2026-09-28T16:09:46.137888+00:00,nfl,sr:match:71515860,total,FanDuel,under,-114,-115,39.5,43.5
2026-09-28T16:09:46.137888+00:00,nfl,sr:match:71515862,moneyline,DraftKings,away,-238,-258,,
2026-09-28T16:09:46.137888+00:00,nfl,sr:match:71515862,moneyline,DraftKings,home,+195,+210,,
2026-09-28T16:09:46.137888+00:00,nfl,sr:match:71515862,moneyline,Bet365.US.NJ,away,-225,-245,,
2026-09-28T16:09:46.137888+00:00,nfl,sr:match:71515862,moneyline,Bet365.US.NJ,home,+185,+200,,
2026-09-28T16:09:46.137888+00:00,nfl,sr:match:71515862,moneyline,WilliamHillNewJersey,away,-225,-255,,
2026-09-28T16:09:46.137888+00:00,nfl,sr:match:71515862,moneyline,WilliamHillNewJersey,home,+184,+190,,
2026-09-28T16:09:46.137888+00:00,nfl,sr:match:71515862,moneyline,FanDuel,away,-215,-235,,
2026-09-28T16:09:46.137888+00:00,nfl,sr:match:71515862,moneyline,FanDuel,home,+180,+194,,
2026-09-28T16:09:46.137888+00:00,nfl,sr:match:71515862,spread,MGM,away,-108,-111,-4.5,-5.0
2026-09-28T16:09:46.137888+00:00,nfl,sr:match:71515862,spread,MGM,home,-111,-108,4.5,5.0
2026-09-28T16:09:46.137888+00:00,nfl,sr:match:71515862,spread,DraftKings,away,-105,-110,-5.5,-5.5
2026-09-28T16:09:46.137888+00:00,nfl,sr:match:71515862,spread,DraftKings,home,-115,-110,5.5,5.5
2026-09-28T16:09:46.137888+00:00,nfl,sr:match:71515862,spread,Bet365.US.NJ,away,-110,-105,-4.5,-5.5
2026-09-28T16:09:46.137888+00:00,nfl,sr:match:71515862,spread,Bet365.US.NJ,home,-110,-115,4.5,5.5
2026-09-28T16:09:46.137888+00:00,nfl,sr:match:71515862,spread,WilliamHillNewJersey,away,-112,-115,-4.5,-5.5
2026-09-28T16:09:46.137888+00:00,nfl,sr:match:71515862,spread,WilliamHillNewJersey,home,-108,-115,4.5,5.5
2026-09-28T16:09:46.137888+00:00,nfl,sr:match:71515862,spread,FanDuel,away,-105,-105,-4.5,-5.5
2026-09-28T16:09:46.137888+00:00,nfl,sr:match:71515862,spread,FanDuel,home,-115,-115,4.5,5.5
2026-09-28T16:09:46.137888+00:00,nfl,sr:match:71515862,total,MGM,over,-115,-108,47.0,46.0
2026-09-28T16:09:46.137888+00:00,nfl,sr:match:71515862,total,MGM,under,-105,-111,47.0,46.0
2026-09-28T16:09:46.137888+00:00,nfl,sr:match:71515862,total,DraftKings,over,-110,-110,47.5,43.5
2026-09-28T16:09:46.137888+00:00,nfl,sr:match:71515862,total,DraftKings,under,-110,-110,47.5,43.5
2026-09-28T16:09:46.137888+00:00,nfl,sr:match:71515862,total,Bet365.US.NJ,over,-105,-115,47.5,45.5
2026-09-28T16:09:46.137888+00:00,nfl,sr:match:71515862,total,Bet365.US.NJ,under,-115,-105,47.5,45.5
2026-09-28T16:09:46.137888+00:00,nfl,sr:match:71515862,total,WilliamHillNewJersey,over,-109,-115,47.5,42.5
2026-09-28T16:09:46.137888+00:00,nfl,sr:match:71515862,total,WilliamHillNewJersey,under,-110,-115,47.5,42.5
2026-09-28T16:09:46.137888+00:00,nfl,sr:match:71515862,total,FanDuel,over,-105,-104,47.5,46.5
2026-09-28T16:09:46.137888+00:00,nfl,sr:match:71515862,total,FanDuel,under,-115,-118,47.5,46.5
2026-09-28T16:09:46.137888+00:00,nfl,sr:match:71515864,moneyline,DraftKings,away,+250,+136,,
2026-09-28T16:09:46.137888+00:00,nfl,sr:match:71515864,moneyline,DraftKings,home,-310,-162,,
2026-09-28T16:09:46.137888+00:00,nfl,sr:match:71515864,moneyline,Bet365.US.NJ,away,+255,+260,,
2026-09-28T16:09:46.137888+00:00,nfl,sr:match:71515864,moneyline,Bet365.US.NJ,home,-315,-321,,
2026-09-28T16:09:46.137888+00:00,nfl,sr:match:71515864,moneyline,WilliamHillNewJersey,away,+255,+140,,
2026-09-28T16:09:46.137888+00:00,nfl,sr:match:71515864,moneyline,WilliamHillNewJersey,home,-319,-180,,
2026-09-28T16:09:46.137888+00:00,nfl,sr:match:71515864,moneyline,FanDuel,away,+270,+275,,
2026-09-28T16:09:46.137888+00:00,nfl,sr:match:71515864,moneyline,FanDuel,home,-334,-340,,
2026-09-28T16:09:46.137888+00:00,nfl,sr:match:71515864,spread,MGM,away,-118,-105,7.0,6.5
2026-09-28T16:09:46.137888+00:00,nfl,sr:match:71515864,spread,MGM,home,-102,-114,-7.0,-6.5
2026-09-28T16:09:46.137888+00:00,nfl,sr:match:71515864,spread,DraftKings,away,-105,-110,6.5,3.0
2026-09-28T16:09:46.137888+00:00,nfl,sr:match:71515864,spread,DraftKings,home,-115,-110,-6.5,-3.0
2026-09-28T16:09:46.137888+00:00,nfl,sr:match:71515864,spread,Bet365.US.NJ,away,-105,-110,6.5,6.5
2026-09-28T16:09:46.137888+00:00,nfl,sr:match:71515864,spread,Bet365.US.NJ,home,-115,-110,-6.5,-6.5
2026-09-28T16:09:46.137888+00:00,nfl,sr:match:71515864,spread,WilliamHillNewJersey,away,-105,-110,6.5,3.0
2026-09-28T16:09:46.137888+00:00,nfl,sr:match:71515864,spread,WilliamHillNewJersey,home,-114,-120,-6.5,-3.0
2026-09-28T16:09:46.137888+00:00,nfl,sr:match:71515864,spread,FanDuel,away,-104,-115,6.5,7.0
2026-09-28T16:09:46.137888+00:00,nfl,sr:match:71515864,spread,FanDuel,home,-118,-105,-6.5,-7.0
2026-09-28T16:09:46.137888+00:00,nfl,sr:match:71515864,total,MGM,over,-115,-111,43.0,45.0
2026-09-28T16:09:46.137888+00:00,nfl,sr:match:71515864,total,MGM,under,-105,-111,43.0,45.0
2026-09-28T16:09:46.137888+00:00,nfl,sr:match:71515864,total,DraftKings,over,-105,-110,43.5,45.5
2026-09-28T16:09:46.137888+00:00,nfl,sr:match:71515864,total,DraftKings,under,-115,-110,43.5,45.5
2026-09-28T16:09:46.137888+00:00,nfl,sr:match:71515864,total,Bet365.US.NJ,over,-105,-110,43.5,42.5
2026-09-28T16:09:46.137888+00:00,nfl,sr:match:71515864,total,Bet365.US.NJ,under,-115,-110,43.5,42.5
2026-09-28T16:09:46.137888+00:00,nfl,sr:match:71515864,total,WilliamHillNewJersey,over,-108,-115,43.5,45.5
2026-09-28T16:09:46.137888+00:00,nfl,sr:match:71515864,total,WilliamHillNewJersey,under,-112,-115,43.5,45.5
2026-09-28T16:09:46.137888+00:00,nfl,sr:match:71515864,total,FanDuel,over,-106,-115,43.5,43.5
2026-09-28T16:09:46.137888+00:00,nfl,sr:match:71515864,total,FanDuel,under,-114,-105,43.5,43.5
2026-09-28T16:09:46.137888+00:00,nfl,sr:match:71531176,moneyline,DraftKings,away,+136,+114,,
2026-09-28T16:09:46.137888+00:00,nfl,sr:match:71531176,moneyline,DraftKings,home,-162,-135,,
2026-09-28T16:09:46.137888+00:00,nfl,sr:match:71531176,moneyline,Bet365.US.NJ,away,+130,+160,,
2026-09-28T16:09:46.137888+00:00,nfl,sr:match:71531176,moneyline,Bet365.US.NJ,home,-155,-190,,
2026-09-28T16:09:46.137888+00:00,nfl,sr:match:71531176,moneyline,WilliamHillNewJersey,away,+130,+125,,
2026-09-28T16:09:46.137888+00:00,nfl,sr:match:71531176,moneyline,WilliamHillNewJersey,home,-154,-160,,
2026-09-28T16:09:46.137888+00:00,nfl,sr:match:71531176,moneyline,FanDuel,away,+124,+144,,
2026-09-28T16:09:46.137888+00:00,nfl,sr:match:71531176,moneyline,FanDuel,home,-144,-174,,
2026-09-28T16:09:46.137888+00:00,nfl,sr:match:71531176,spread,MGM,away,-114,-114,3.0,3.0
2026-09-28T16:09:46.137888+00:00,nfl,sr:match:71531176,spread,MGM,home,-105,-105,-3.0,-3.0
2026-09-28T16:09:46.137888+00:00,nfl,sr:match:71531176,spread,DraftKings,away,-110,-110,3.0,2.5
2026-09-28T16:09:46.137888+00:00,nfl,sr:match:71531176,spread,DraftKings,home,-110,-110,-3.0,-2.5
2026-09-28T16:09:46.137888+00:00,nfl,sr:match:71531176,spread,Bet365.US.NJ,away,+100,-110,2.5,3.5
2026-09-28T16:09:46.137888+00:00,nfl,sr:match:71531176,spread,Bet365.US.NJ,home,-120,-110,-2.5,-3.5
2026-09-28T16:09:46.137888+00:00,nfl,sr:match:71531176,spread,WilliamHillNewJersey,away,-102,-120,2.5,3.0
2026-09-28T16:09:46.137888+00:00,nfl,sr:match:71531176,spread,WilliamHillNewJersey,home,-120,-110,-2.5,-3.0
2026-09-28T16:09:46.137888+00:00,nfl,sr:match:71531176,spread,FanDuel,away,-104,-105,2.5,3.0
2026-09-28T16:09:46.137888+00:00,nfl,sr:match:71531176,spread,FanDuel,home,-118,-115,-2.5,-3.0
2026-09-28T16:09:46.137888+00:00,nfl,sr:match:71531176,total,MGM,over,-111,-111,46.5,45.5
2026-09-28T16:09:46.137888+00:00,nfl,sr:match:71531176,total,MGM,under,-118,-108,46.5,45.5
2026-09-28T16:09:46.137888+00:00,nfl,sr:match:71531176,total,DraftKings,over,-110,-110,46.5,46.5
2026-09-28T16:09:46.137888+00:00,nfl,sr:match:71531176,total,DraftKings,under,-110,-110,46.5,46.5
2026-09-28T16:09:46.137888+00:00,nfl,sr:match:71531176,total,Bet365.US.NJ,over,-105,-110,46.5,45.5
2026-09-28T16:09:46.137888+00:00,nfl,sr:match:71531176,total,Bet365.US.NJ,under,-115,-110,46.5,45.5
2026-09-28T16:09:46.137888+00:00,nfl,sr:match:71531176,total,WilliamHillNewJersey,over,-108,-115,46.5,45.5
2026-09-28T16:09:46.137888+00:00,nfl,sr:match:71531176,total,WilliamHillNewJersey,under,-113,-115,46.5,45.5
2026-09-28T16:09:46.137888+00:00,nfl,sr:match:71531176,total,FanDuel,over,-106,-110,46.5,46.5
2026-09-28T16:09:46.137888+00:00,nfl,sr:match:71531176,total,FanDuel,under,-114,-110,46.5,46.5
2026-09-28T16:09:46.137888+00:00,nfl,sr:match:71515868,moneyline,DraftKings,away,-175,-155,,
2026-09-28T16:09:46.137888+00:00,nfl,sr:match:71515868,moneyline,DraftKings,home,+145,+130,,
2026-09-28T16:09:46.137888+00:00,nfl,sr:match:71515868,moneyline,Bet365.US.NJ,away,-170,-150,,
2026-09-28T16:09:46.137888+00:00,nfl,sr:match:71515868,moneyline,Bet365.US.NJ,home,+145,+125,,
2026-09-28T16:09:46.137888+00:00,nfl,sr:match:71515868,moneyline,WilliamHillNewJersey,away,-170,-180,,
2026-09-28T16:09:46.137888+00:00,nfl,sr:match:71515868,moneyline,WilliamHillNewJersey,home,+144,+140,,
2026-09-28T16:09:46.137888+00:00,nfl,sr:match:71515868,moneyline,FanDuel,away,-178,-138,,
2026-09-28T16:09:46.137888+00:00,nfl,sr:match:71515868,moneyline,FanDuel,home,+150,+118,,
2026-09-28T16:09:46.137888+00:00,nfl,sr:match:71515868,spread,MGM,away,-102,-102,-3.5,-3.0
2026-09-28T16:09:46.137888+00:00,nfl,sr:match:71515868,spread,MGM,home,-115,-115,3.5,3.0
2026-09-28T16:09:46.137888+00:00,nfl,sr:match:71515868,spread,DraftKings,away,-108,-110,-3.5,-3.0
2026-09-28T16:09:46.137888+00:00,nfl,sr:match:71515868,spread,DraftKings,home,-112,-110,3.5,3.0
2026-09-28T16:09:46.137888+00:00,nfl,sr:match:71515868,spread,Bet365.US.NJ,away,-105,-110,-3.5,-2.5
2026-09-28T16:09:46.137888+00:00,nfl,sr:match:71515868,spread,Bet365.US.NJ,home,-115,-110,3.5,2.5
2026-09-28T16:09:46.137888+00:00,nfl,sr:match:71515868,spread,WilliamHillNewJersey,away,-121,-120,-3.0,-3.0
2026-09-28T16:09:46.137888+00:00,nfl,sr:match:71515868,spread,WilliamHillNewJersey,home,+101,-110,3.0,3.0
2026-09-28T16:09:46.137888+00:00,nfl,sr:match:71515868,spread,FanDuel,away,-120,-110,-3.0,-2.5
2026-09-28T16:09:46.137888+00:00,nfl,sr:match:71515868,spread,FanDuel,home,-102,-110,3.0,2.5
2026-09-28T16:09:46.137888+00:00,nfl,sr:match:71515868,total,MGM,over,-111,-108,50.0,49.5
2026-09-28T16:09:46.137888+00:00,nfl,sr:match:71515868,total,MGM,under,-108,-111,50.0,49.5
2026-09-28T16:09:46.137888+00:00,nfl,sr:match:71515868,total,DraftKings,over,-108,-110,50.5,47.5
2026-09-28T16:09:46.137888+00:00,nfl,sr:match:71515868,total,DraftKings,under,-112,-110,50.5,47.5
2026-09-28T16:09:46.137888+00:00,nfl,sr:match:71515868,total,Bet365.US.NJ,over,-110,-110,50.5,49.5
2026-09-28T16:09:46.137888+00:00,nfl,sr:match:71515868,total,Bet365.US.NJ,under,-130,-110,50.5,49.5
2026-09-28T16:09:46.137888+00:00,nfl,sr:match:71515868,total,WilliamHillNewJersey,over,-106,-115,50.5,46.5
2026-09-28T16:09:46.137888+00:00,nfl,sr:match:71515868,total,WilliamHillNewJersey,under,-114,-115,50.5,46.5
2026-09-28T16:09:46.137888+00:00,nfl,sr:match:71515868,total,FanDuel,over,-105,-105,50.5,49.5
2026-09-28T16:09:46.137888+00:00,nfl,sr:match:71515868,total,FanDuel,under,-115,-115,50.5,49.5
2026-09-28T17:39:46.502366+00:00,nfl,sr:match:71515840,moneyline,DraftKings,away,-198,-102,,
2026-09-28T17:39:46.502366+00:00,nfl,sr:match:71515840,moneyline,DraftKings,home,+164,-118,,
2026-09-28T17:39:46.502366+00:00,nfl,sr:match:71515840,moneyline,Bet365.US.NJ,away,-205,-105,,
2026-09-28T17:39:46.502366+00:00,nfl,sr:match:71515840,moneyline,Bet365.US.NJ,home,+170,-115,,
2026-09-28T17:39:46.502366+00:00,nfl,sr:match:71515840,moneyline,WilliamHillNewJersey,away,-209,+100,,
2026-09-28T17:39:46.502366+00:00,nfl,sr:match:71515840,moneyline,WilliamHillNewJersey,home,+173,-131,,
2026-09-28T17:39:46.502366+00:00,nfl,sr:match:71515840,moneyline,FanDuel,away,-200,-104,,
2026-09-28T17:39:46.502366+00:00,nfl,sr:match:71515840,moneyline,FanDuel,home,+168,-112,,
2026-09-28T17:39:46.502366+00:00,nfl,sr:match:71515840,spread,MGM,away,-111,-111,-3.5,-4.0
2026-09-28T17:39:46.502366+00:00,nfl,sr:match:71515840,spread,MGM,home,-108,-108,3.5,4.0
2026-09-28T17:39:46.502366+00:00,nfl,sr:match:71515840,spread,DraftKings,away,-108,-115,-3.5,1.5
2026-09-28T17:39:46.502366+00:00,nfl,sr:match:71515840,spread,DraftKings,home,-112,-105,3.5,-1.5
2026-09-28T17:39:46.502366+00:00,nfl,sr:match:71515840,spread,Bet365.US.NJ,away,-110,-115,-3.5,1.5
2026-09-28T17:39:46.502366+00:00,nfl,sr:match:71515840,spread,Bet365.US.NJ,home,-110,-105,3.5,-1.5
2026-09-28T17:39:46.502366+00:00,nfl,sr:match:71515840,spread,WilliamHillNewJersey,away,-113,-115,-3.5,1.5
2026-09-28T17:39:46.502366+00:00,nfl,sr:match:71515840,spread,WilliamHillNewJersey,home,-107,-115,3.5,-1.5
2026-09-28T17:39:46.502366+00:00,nfl,sr:match:71515840,spread,FanDuel,away,-115,-118,-3.5,1.5
2026-09-28T17:39:46.502366+00:00,nfl,sr:match:71515840,spread,FanDuel,home,-105,-104,3.5,-1.5
2026-09-28T17:39:46.502366+00:00,nfl,sr:match:71515840,total,MGM,over,-111,-108,42.0,43.5
2026-09-28T17:39:46.502366+00:00,nfl,sr:match:71515840,total,MGM,under,-118,-111,42.0,43.5
2026-09-28T17:39:46.502366+00:00,nfl,sr:match:71515840,total,DraftKings,over,-110,-110,41.5,46.5
2026-09-28T17:39:46.502366+00:00,nfl,sr:match:71515840,total,DraftKings,under,-110,-110,41.5,46.5
2026-09-28T17:39:46.502366+00:00,nfl,sr:match:71515840,total,Bet365.US.NJ,over,-110,-110,41.5,47.5
2026-09-28T17:39:46.502366+00:00,nfl,sr:match:71515840,total,Bet365.US.NJ,under,-110,-110,41.5,47.5
2026-09-28T17:39:46.502366+00:00,nfl,sr:match:71515840,total,WilliamHillNewJersey,over,-113,-115,41.5,46.5
2026-09-28T17:39:46.502366+00:00,nfl,sr:match:71515840,total,WilliamHillNewJersey,under,-107,-115,41.5,46.5
2026-09-28T17:39:46.502366+00:00,nfl,sr:match:71515840,total,FanDuel,over,-110,-102,41.5,48.5
2026-09-28T17:39:46.502366+00:00,nfl,sr:match:71515840,total,FanDuel,under,-110,-120,41.5,48.5
2026-09-28T17:39:46.502366+00:00,nfl,sr:match:71515856,moneyline,DraftKings,away,-130,-118,,
2026-09-28T17:39:46.502366+00:00,nfl,sr:match:71515856,moneyline,DraftKings,home,+110,-102,,
2026-09-28T17:39:46.502366+00:00,nfl,sr:match:71515856,moneyline,Bet365.US.NJ,away,-130,-140,,
2026-09-28T17:39:46.502366+00:00,nfl,sr:match:71515856,moneyline,Bet365.US.NJ,home,+110,+120,,
2026-09-28T17:39:46.502366+00:00,nfl,sr:match:71515856,moneyline,WilliamHillNewJersey,away,-134,-125,,
2026-09-28T17:39:46.502366+00:00,nfl,sr:match:71515856,moneyline,WilliamHillNewJersey,home,+114,-106,,
2026-09-28T17:39:46.502366+00:00,nfl,sr:match:71515856,moneyline,FanDuel,away,-136,-152,,
2026-09-28T17:39:46.502366+00:00,nfl,sr:match:71515856,moneyline,FanDuel,home,+116,+128,,
2026-09-28T17:39:46.502366+00:00,nfl,sr:match:71515856,spread,MGM,away,-111,-114,-2.5,-2.5
2026-09-28T17:39:46.502366+00:00,nfl,sr:match:71515856,spread,MGM,home,-120,-105,2.5,2.5
2026-09-28T17:39:46.502366+00:00,nfl,sr:match:71515856,spread,DraftKings,away,-115,-105,-1.5,-1.5
2026-09-28T17:39:46.502366+00:00,nfl,sr:match:71515856,spread,DraftKings,home,-105,-115,1.5,1.5
2026-09-28T17:39:46.502366+00:00,nfl,sr:match:71515856,spread,Bet365.US.NJ,away,-120,-105,-1.5,-2.5
2026-09-28T17:39:46.502366+00:00,nfl,sr:match:71515856,spread,Bet365.US.NJ,home,+100,-115,1.5,2.5
2026-09-28T17:39:46.502366+00:00,nfl,sr:match:71515856,spread,WilliamHillNewJersey,away,-109,-115,-2.0,-1.5
2026-09-28T17:39:46.502366+00:00,nfl,sr:match:71515856,spread,WilliamHillNewJersey,home,-110,-115,2.0,1.5
2026-09-28T17:39:46.502366+00:00,nfl,sr:match:71515856,spread,FanDuel,away,-110,-104,-2.5,-3.0
2026-09-28T17:39:46.502366+00:00,nfl,sr:match:71515856,spread,FanDuel,home,-110,-118,2.5,3.0
2026-09-28T17:39:46.502366+00:00,nfl,sr:match:71515856,total,MGM,over,-108,-108,46.5,46.0
2026-09-28T17:39:46.502366+00:00,nfl,sr:match:71515856,total,MGM,under,-111,-111,46.5,46.0
2026-09-28T17:39:46.502366+00:00,nfl,sr:match:71515856,total,DraftKings,over,-110,-110,46.5,47.5
2026-09-28T17:39:46.502366+00:00,nfl,sr:match:71515856,total,DraftKings,under,-110,-110,46.5,47.5
2026-09-28T17:39:46.502366+00:00,nfl,sr:match:71515856,total,Bet365.US.NJ,over,-110,-110,46.5,45.5
2026-09-28T17:39:46.502366+00:00,nfl,sr:match:71515856,total,Bet365.US.NJ,under,-110,-110,46.5,45.5
2026-09-28T17:39:46.502366+00:00,nfl,sr:match:71515856,total,WilliamHillNewJersey,over,-108,-115,46.5,46.5
2026-09-28T17:39:46.502366+00:00,nfl,sr:match:71515856,total,WilliamHillNewJersey,under,-112,-115,46.5,46.5
2026-09-28T17:39:46.502366+00:00,nfl,sr:match:71515856,total,FanDuel,over,-106,-104,46.5,46.5
2026-09-28T17:39:46.502366+00:00,nfl,sr:match:71515856,total,FanDuel,under,-114,-118,46.5,46.5
2026-09-28T19:40:22.821619+00:00,nfl,sr:match:71515840,moneyline,DraftKings,away,-192,-102,,
2026-09-28T19:40:22.821619+00:00,nfl,sr:match:71515840,moneyline,DraftKings,home,+160,-118,,
2026-09-28T19:40:22.821619+00:00,nfl,sr:match:71515840,moneyline,Bet365.US.NJ,away,-205,-105,,
2026-09-28T19:40:22.821619+00:00,nfl,sr:match:71515840,moneyline,Bet365.US.NJ,home,+170,-115,,
2026-09-28T19:40:22.821619+00:00,nfl,sr:match:71515840,moneyline,WilliamHillNewJersey,away,-209,+100,,
2026-09-28T19:40:22.821619+00:00,nfl,sr:match:71515840,moneyline,WilliamHillNewJersey,home,+173,-131,,
2026-09-28T19:40:22.821619+00:00,nfl,sr:match:71515840,moneyline,FanDuel,away,-200,-104,,
2026-09-28T19:40:22.821619+00:00,nfl,sr:match:71515840,moneyline,FanDuel,home,+168,-112,,
2026-09-28T19:40:22.821619+00:00,nfl,sr:match:71515840,spread,MGM,away,-120,-111,-3.5,-4.0
2026-09-28T19:40:22.821619+00:00,nfl,sr:match:71515840,spread,MGM,home,-111,-108,3.5,4.0
2026-09-28T19:40:22.821619+00:00,nfl,sr:match:71515840,spread,DraftKings,away,-115,-115,-3.5,1.5
2026-09-28T19:40:22.821619+00:00,nfl,sr:match:71515840,spread,DraftKings,home,-105,-105,3.5,-1.5
2026-09-28T19:40:22.821619+00:00,nfl,sr:match:71515840,spread,Bet365.US.NJ,away,-110,-115,-3.5,1.5
2026-09-28T19:40:22.821619+00:00,nfl,sr:match:71515840,spread,Bet365.US.NJ,home,-110,-105,3.5,-1.5
2026-09-28T19:40:22.821619+00:00,nfl,sr:match:71515840,spread,WilliamHillNewJersey,away,-113,-115,-3.5,1.5
2026-09-28T19:40:22.821619+00:00,nfl,sr:match:71515840,spread,WilliamHillNewJersey,home,-107,-115,3.5,-1.5
2026-09-28T19:40:22.821619+00:00,nfl,sr:match:71515840,spread,FanDuel,away,-115,-118,-3.5,1.5
2026-09-28T19:40:22.821619+00:00,nfl,sr:match:71515840,spread,FanDuel,home,-105,-104,3.5,-1.5
2026-09-28T19:40:22.821619+00:00,nfl,sr:match:71515840,total,MGM,over,-111,-108,42.0,43.5
2026-09-28T19:40:22.821619+00:00,nfl,sr:match:71515840,total,MGM,under,-118,-111,42.0,43.5
2026-09-28T19:40:22.821619+00:00,nfl,sr:match:71515840,total,DraftKings,over,-108,-110,42.5,46.5
2026-09-28T19:40:22.821619+00:00,nfl,sr:match:71515840,total,DraftKings,under,-123,-110,42.5,46.5
2026-09-28T19:40:22.821619+00:00,nfl,sr:match:71515840,total,Bet365.US.NJ,over,-110,-110,41.5,47.5
2026-09-28T19:40:22.821619+00:00,nfl,sr:match:71515840,total,Bet365.US.NJ,under,-110,-110,41.5,47.5
2026-09-28T19:40:22.821619+00:00,nfl,sr:match:71515840,total,WilliamHillNewJersey,over,-113,-115,41.5,46.5
2026-09-28T19:40:22.821619+00:00,nfl,sr:match:71515840,total,WilliamHillNewJersey,under,-107,-115,41.5,46.5
2026-09-28T19:40:22.821619+00:00,nfl,sr:match:71515840,total,FanDuel,over,-110,-102,41.5,48.5
2026-09-28T19:40:22.821619+00:00,nfl,sr:match:71515840,total,FanDuel,under,-110,-120,41.5,48.5
2026-09-28T22:10:35.301207+00:00,nfl,sr:match:71515840,moneyline,DraftKings,away,-198,-102,,
2026-09-28T22:10:35.301207+00:00,nfl,sr:match:71515840,moneyline,DraftKings,home,+164,-118,,
2026-09-28T22:10:35.301207+00:00,nfl,sr:match:71515840,moneyline,Bet365.US.NJ,away,-200,-105,,
2026-09-28T22:10:35.301207+00:00,nfl,sr:match:71515840,moneyline,Bet365.US.NJ,home,+165,-115,,
2026-09-28T22:10:35.301207+00:00,nfl,sr:match:71515840,moneyline,WilliamHillNewJersey,away,-197,+100,,
2026-09-28T22:10:35.301207+00:00,nfl,sr:match:71515840,moneyline,WilliamHillNewJersey,home,+168,-131,,
2026-09-28T22:10:35.301207+00:00,nfl,sr:match:71515840,moneyline,FanDuel,away,-200,-104,,
2026-09-28T22:10:35.301207+00:00,nfl,sr:match:71515840,moneyline,FanDuel,home,+168,-112,,
2026-09-28T22:10:35.301207+00:00,nfl,sr:match:71515840,spread,MGM,away,-105,-111,-3.5,-4.0
2026-09-28T22:10:35.301207+00:00,nfl,sr:match:71515840,spread,MGM,home,-108,-108,3.5,4.0
2026-09-28T22:10:35.301207+00:00,nfl,sr:match:71515840,spread,DraftKings,away,-110,-115,-3.5,1.5
2026-09-28T22:10:35.301207+00:00,nfl,sr:match:71515840,spread,DraftKings,home,-110,-105,3.5,-1.5
2026-09-28T22:10:35.301207+00:00,nfl,sr:match:71515840,spread,Bet365.US.NJ,away,-110,-115,-3.5,1.5
2026-09-28T22:10:35.301207+00:00,nfl,sr:match:71515840,spread,Bet365.US.NJ,home,-110,-105,3.5,-1.5
2026-09-28T22:10:35.301207+00:00,nfl,sr:match:71515840,spread,WilliamHillNewJersey,away,-113,-115,-3.5,1.5
2026-09-28T22:10:35.301207+00:00,nfl,sr:match:71515840,spread,WilliamHillNewJersey,home,-107,-115,3.5,-1.5
2026-09-28T22:10:35.301207+00:00,nfl,sr:match:71515840,spread,FanDuel,away,-112,-118,-3.5,1.5
2026-09-28T22:10:35.301207+00:00,nfl,sr:match:71515840,spread,FanDuel,home,-108,-104,3.5,-1.5
2026-09-28T22:10:35.301207+00:00,nfl,sr:match:71515840,total,MGM,over,-111,-108,42.5,43.5
2026-09-28T22:10:35.301207+00:00,nfl,sr:match:71515840,total,MGM,under,-111,-111,42.5,43.5
2026-09-28T22:10:35.301207+00:00,nfl,sr:match:71515840,total,DraftKings,over,-108,-110,42.5,46.5
2026-09-28T22:10:35.301207+00:00,nfl,sr:match:71515840,total,DraftKings,under,-123,-110,42.5,46.5
2026-09-28T22:10:35.301207+00:00,nfl,sr:match:71515840,total,Bet365.US.NJ,over,-110,-110,42.5,47.5
2026-09-28T22:10:35.301207+00:00,nfl,sr:match:71515840,total,Bet365.US.NJ,under,-110,-110,42.5,47.5
2026-09-28T22:10:35.301207+00:00,nfl,sr:match:71515840,total,WilliamHillNewJersey,over,-113,-115,42.0,46.5
2026-09-28T22:10:35.301207+00:00,nfl,sr:match:71515840,total,WilliamHillNewJersey,under,-108,-115,42.0,46.5
2026-09-28T22:10:35.301207+00:00,nfl,sr:match:71515840,total,FanDuel,over,-110,-102,42.5,48.5
2026-09-28T22:10:35.301207+00:00,nfl,sr:match:71515840,total,FanDuel,under,-110,-120,42.5,48.5
2026-09-28T22:10:35.301207+00:00,nfl,sr:match:71515842,moneyline,DraftKings,away,-148,-135,,
2026-09-28T22:10:35.301207+00:00,nfl,sr:match:71515842,moneyline,DraftKings,home,+124,+114,,
2026-09-28T22:10:35.301207+00:00,nfl,sr:match:71515842,moneyline,Bet365.US.NJ,away,-155,-135,,
2026-09-28T22:10:35.301207+00:00,nfl,sr:match:71515842,moneyline,Bet365.US.NJ,home,+130,+115,,
2026-09-28T22:10:35.301207+00:00,nfl,sr:match:71515842,moneyline,WilliamHillNewJersey,away,-152,-140,,
2026-09-28T22:10:35.301207+00:00,nfl,sr:match:71515842,moneyline,WilliamHillNewJersey,home,+128,+110,,
2026-09-28T22:10:35.301207+00:00,nfl,sr:match:71515842,moneyline,FanDuel,away,-144,-134,,
2026-09-28T22:10:35.301207+00:00,nfl,sr:match:71515842,moneyline,FanDuel,home,+122,+114,,
2026-09-28T22:10:35.301207+00:00,nfl,sr:match:71515842,spread,MGM,away,-115,-114,-2.5,-2.5
2026-09-28T22:10:35.301207+00:00,nfl,sr:match:71515842,spread,MGM,home,-102,-105,2.5,2.5
2026-09-28T22:10:35.301207+00:00,nfl,sr:match:71515842,spread,DraftKings,away,+100,-110,-3.0,-2.5
2026-09-28T22:10:35.301207+00:00,nfl,sr:match:71515842,spread,DraftKings,home,-120,-110,3.0,2.5
2026-09-28T22:10:35.301207+00:00,nfl,sr:match:71515842,spread,Bet365.US.NJ,away,-120,-110,-2.5,-2.5
2026-09-28T22:10:35.301207+00:00,nfl,sr:match:71515842,spread,Bet365.US.NJ,home,+100,-110,2.5,2.5
2026-09-28T22:10:35.301207+00:00,nfl,sr:match:71515842,spread,WilliamHillNewJersey,away,-114,-115,-2.5,-1.5
2026-09-28T22:10:35.301207+00:00,nfl,sr:match:71515842,spread,WilliamHillNewJersey,home,-106,-115,2.5,1.5
2026-09-28T22:10:35.301207+00:00,nfl,sr:match:71515842,spread,FanDuel,away,-114,-110,-2.5,-2.5
2026-09-28T22:10:35.301207+00:00,nfl,sr:match:71515842,spread,FanDuel,home,-106,-110,2.5,2.5
2026-09-28T22:10:35.301207+00:00,nfl,sr:match:71515842,total,MGM,over,-111,-111,38.0,38.0
2026-09-28T22:10:35.301207+00:00,nfl,sr:match:71515842,total,MGM,under,-108,-108,38.0,38.0
2026-09-28T22:10:35.301207+00:00,nfl,sr:match:71515842,total,DraftKings,over,-110,-110,38.5,40.5
2026-09-28T22:10:35.301207+00:00,nfl,sr:match:71515842,total,DraftKings,under,-110,-110,38.5,40.5
2026-09-28T22:10:35.301207+00:00,nfl,sr:match:71515842,total,Bet365.US.NJ,over,-110,-110,38.5,37.5
2026-09-28T22:10:35.301207+00:00,nfl,sr:match:71515842,total,Bet365.US.NJ,under,-110,-110,38.5,37.5
2026-09-28T22:10:35.301207+00:00,nfl,sr:match:71515842,total,WilliamHillNewJersey,over,-110,-115,38.5,38.5
2026-09-28T22:10:35.301207+00:00,nfl,sr:match:71515842,total,WilliamHillNewJersey,under,-109,-115,38.5,38.5
2026-09-28T22:10:35.301207+00:00,nfl,sr:match:71515842,total,FanDuel,over,-104,-105,38.5,37.5
2026-09-28T22:10:35.301207+00:00,nfl,sr:match:71515842,total,FanDuel,under,-118,-115,38.5,37.5
2026-09-28T22:10:35.301207+00:00,nfl,sr:match:71488622,moneyline,MGM,away,-105,-105,,
2026-09-28T22:10:35.301207+00:00,nfl,sr:match:71488622,moneyline,MGM,home,-115,-115,,
2026-09-28T22:10:35.301207+00:00,nfl,sr:match:71488622,moneyline,DraftKings,away,-180,-102,,
2026-09-28T22:10:35.301207+00:00,nfl,sr:match:71488622,moneyline,DraftKings,home,+150,-118,,
2026-09-28T22:10:35.301207+00:00,nfl,sr:match:71488622,moneyline,Bet365.US.NJ,away,-180,-105,,
2026-09-28T22:10:35.301207+00:00,nfl,sr:match:71488622,moneyline,Bet365.US.NJ,home,+150,-115,,
2026-09-28T22:10:35.301207+00:00,nfl,sr:match:71488622,moneyline,WilliamHillNewJersey,away,-179,-115,,
2026-09-28T22:10:35.301207+00:00,nfl,sr:match:71488622,moneyline,WilliamHillNewJersey,home,+150,-105,,
2026-09-28T22:10:35.301207+00:00,nfl,sr:match:71488622,moneyline,FanDuel,away,-174,+100,,
2026-09-28T22:10:35.301207+00:00,nfl,sr:match:71488622,moneyline,FanDuel,home,+146,-118,,
2026-09-28T22:10:35.301207+00:00,nfl,sr:match:71488622,spread,MGM,away,-105,-120,-3.5,1.5
2026-09-28T22:10:35.301207+00:00,nfl,sr:match:71488622,spread,MGM,home,-114,+100,3.5,-1.5
2026-09-28T22:10:35.301207+00:00,nfl,sr:match:71488622,spread,DraftKings,away,+100,-118,-3.5,1.5
2026-09-28T22:10:35.301207+00:00,nfl,sr:match:71488622,spread,DraftKings,home,-120,-102,3.5,-1.5
2026-09-28T22:10:35.301207+00:00,nfl,sr:match:71488622,spread,Bet365.US.NJ,away,-110,-110,-3.5,1.5
2026-09-28T22:10:35.301207+00:00,nfl,sr:match:71488622,spread,Bet365.US.NJ,home,-110,-110,3.5,-1.5
2026-09-28T22:10:35.301207+00:00,nfl,sr:match:71488622,spread,WilliamHillNewJersey,away,-107,-105,-3.5,-1.0
2026-09-28T22:10:35.301207+00:00,nfl,sr:match:71488622,spread,WilliamHillNewJersey,home,-113,-115,3.5,1.0
2026-09-28T22:10:35.301207+00:00,nfl,sr:match:71488622,spread,FanDuel,away,-102,-115,-3.5,1.5
2026-09-28T22:10:35.301207+00:00,nfl,sr:match:71488622,spread,FanDuel,home,-120,-105,3.5,-1.5
2026-09-28T22:10:35.301207+00:00,nfl,sr:match:71488622,total,MGM,over,-111,-110,47.0,49.5
2026-09-28T22:10:35.301207+00:00,nfl,sr:match:71488622,total,MGM,under,-111,-110,47.0,49.5
2026-09-28T22:10:35.301207+00:00,nfl,sr:match:71488622,total,DraftKings,over,-102,-110,47.5,48.5
2026-09-28T22:10:35.301207+00:00,nfl,sr:match:71488622,total,DraftKings,under,-118,-110,47.5,48.5
2026-09-28T22:10:35.301207+00:00,nfl,sr:match:71488622,total,Bet365.US.NJ,over,-105,-110,47.5,49.5
2026-09-28T22:10:35.301207+00:00,nfl,sr:match:71488622,total,Bet365.US.NJ,under,-115,-110,47.5,49.5
2026-09-28T22:10:35.301207+00:00,nfl,sr:match:71488622,total,WilliamHillNewJersey,over,-110,-110,47.0,48.5
2026-09-28T22:10:35.301207+00:00,nfl,sr:match:71488622,total,WilliamHillNewJersey,under,-110,-110,47.0,48.5
2026-09-28T22:10:35.301207+00:00,nfl,sr:match:71488622,total,FanDuel,over,-102,-112,47.5,50.5
2026-09-28T22:10:35.301207+00:00,nfl,sr:match:71488622,total,FanDuel,under,-120,-108,47.5,50.5
2026-09-28T22:10:35.301207+00:00,nfl,sr:match:71515844,moneyline,DraftKings,away,+500,+310,,
2026-09-28T22:10:35.301207+00:00,nfl,sr:match:71515844,moneyline,DraftKings,home,-699,-395,,
2026-09-28T22:10:35.301207+00:00,nfl,sr:match:71515844,moneyline,Bet365.US.NJ,away,+475,+475,,
2026-09-28T22:10:35.301207+00:00,nfl,sr:match:71515844,moneyline,Bet365.US.NJ,home,-654,-654,,
2026-09-28T22:10:35.301207+00:00,nfl,sr:match:71515844,moneyline,WilliamHillNewJersey,away,+480,+330,,
2026-09-28T22:10:35.301207+00:00,nfl,sr:match:71515844,moneyline,WilliamHillNewJersey,home,-699,-426,,
2026-09-28T22:10:35.301207+00:00,nfl,sr:match:71515844,moneyline,FanDuel,away,+530,+530,,
2026-09-28T22:10:35.301207+00:00,nfl,sr:match:71515844,moneyline,FanDuel,home,-752,-752,,
2026-09-28T22:10:35.301207+00:00,nfl,sr:match:71515844,spread,MGM,away,-108,-111,11.5,11.5
2026-09-28T22:10:35.301207+00:00,nfl,sr:match:71515844,spread,MGM,home,-111,-108,-11.5,-11.5
2026-09-28T22:10:35.301207+00:00,nfl,sr:match:71515844,spread,DraftKings,away,-110,-110,11.5,8.5
2026-09-28T22:10:35.301207+00:00,nfl,sr:match:71515844,spread,DraftKings,home,-110,-110,-11.5,-8.5
2026-09-28T22:10:35.301207+00:00,nfl,sr:match:71515844,spread,Bet365.US.NJ,away,-110,-110,11.5,10.5
2026-09-28T22:10:35.301207+00:00,nfl,sr:match:71515844,spread,Bet365.US.NJ,home,-110,-110,-11.5,-10.5
2026-09-28T22:10:35.301207+00:00,nfl,sr:match:71515844,spread,WilliamHillNewJersey,away,-113,-115,11.5,9.0
2026-09-28T22:10:35.301207+00:00,nfl,sr:match:71515844,spread,WilliamHillNewJersey,home,-106,-115,-11.5,-9.0
2026-09-28T22:10:35.301207+00:00,nfl,sr:match:71515844,spread,FanDuel,away,-110,-105,11.5,10.5
2026-09-28T22:10:35.301207+00:00,nfl,sr:match:71515844,spread,FanDuel,home,-110,-115,-11.5,-10.5
2026-09-28T22:10:35.301207+00:00,nfl,sr:match:71515844,total,MGM,over,-111,-114,43.5,43.0
2026-09-28T22:10:35.301207+00:00,nfl,sr:match:71515844,total,MGM,under,-108,-108,43.5,43.0
2026-09-28T22:10:35.301207+00:00,nfl,sr:match:71515844,total,DraftKings,over,-110,-110,43.5,47.5
2026-09-28T22:10:35.301207+00:00,nfl,sr:match:71515844,total,DraftKings,under,-110,-110,43.5,47.5
2026-09-28T22:10:35.301207+00:00,nfl,sr:match:71515844,total,Bet365.US.NJ,over,-110,-115,43.5,44.5
2026-09-28T22:10:35.301207+00:00,nfl,sr:match:71515844,total,Bet365.US.NJ,under,-110,-105,43.5,44.5
2026-09-28T22:10:35.301207+00:00,nfl,sr:match:71515844,total,WilliamHillNewJersey,over,-110,-115,43.5,45.5
2026-09-28T22:10:35.301207+00:00,nfl,sr:match:71515844,total,WilliamHillNewJersey,under,-109,-115,43.5,45.5
2026-09-28T22:10:35.301207+00:00,nfl,sr:match:71515844,total,FanDuel,over,-110,-104,43.5,45.5
2026-09-28T22:10:35.301207+00:00,nfl,sr:match:71515844,total,FanDuel,under,-110,-118,43.5,45.5
2026-09-28T22:10:35.301207+00:00,nfl,sr:match:71515846,moneyline,DraftKings,away,+250,+136,,
2026-09-28T22:10:35.301207+00:00,nfl,sr:match:71515846,moneyline,DraftKings,home,-310,-162,,
2026-09-28T22:10:35.301207+00:00,nfl,sr:match:71515846,moneyline,Bet365.US.NJ,away,+250,+210,,
2026-09-28T22:10:35.301207+00:00,nfl,sr:match:71515846,moneyline,Bet365.US.NJ,home,-311,-260,,
2026-09-28T22:10:35.301207+00:00,nfl,sr:match:71515846,moneyline,WilliamHillNewJersey,away,+250,+0,,
2026-09-28T22:10:35.301207+00:00,nfl,sr:match:71515846,moneyline,WilliamHillNewJersey,home,-319,-200,,
2026-09-28T22:10:35.301207+00:00,nfl,sr:match:71515846,moneyline,FanDuel,away,+265,+215,,
2026-09-28T22:10:35.301207+00:00,nfl,sr:match:71515846,moneyline,FanDuel,home,-330,-260,,
2026-09-28T22:10:35.301207+00:00,nfl,sr:match:71515846,spread,MGM,away,-105,-114,6.5,7.0
2026-09-28T22:10:35.301207+00:00,nfl,sr:match:71515846,spread,MGM,home,-115,-105,-6.5,-7.0
2026-09-28T22:10:35.301207+00:00,nfl,sr:match:71515846,spread,DraftKings,away,-108,-110,6.5,3.0
2026-09-28T22:10:35.301207+00:00,nfl,sr:match:71515846,spread,DraftKings,home,-124,-110,-6.5,-3.0
2026-09-28T22:10:35.301207+00:00,nfl,sr:match:71515846,spread,Bet365.US.NJ,away,-105,-110,6.5,5.5
2026-09-28T22:10:35.301207+00:00,nfl,sr:match:71515846,spread,Bet365.US.NJ,home,-115,-110,-6.5,-5.5
2026-09-28T22:10:35.301207+00:00,nfl,sr:match:71515846,spread,WilliamHillNewJersey,away,-104,-115,6.5,4.0
2026-09-28T22:10:35.301207+00:00,nfl,sr:match:71515846,spread,WilliamHillNewJersey,home,-117,-115,-6.5,-4.0
2026-09-28T22:10:35.301207+00:00,nfl,sr:match:71515846,spread,FanDuel,away,-104,-105,6.5,5.5
2026-09-28T22:10:35.301207+00:00,nfl,sr:match:71515846,spread,FanDuel,home,-118,-115,-6.5,-5.5
2026-09-28T22:10:35.301207+00:00,nfl,sr:match:71515846,total,MGM,over,-108,-111,48.5,48.5
2026-09-28T22:10:35.301207+00:00,nfl,sr:match:71515846,total,MGM,under,-111,-108,48.5,48.5
2026-09-28T22:10:35.301207+00:00,nfl,sr:match:71515846,total,DraftKings,over,-110,-110,48.5,49.5
2026-09-28T22:10:35.301207+00:00,nfl,sr:match:71515846,total,DraftKings,under,-110,-110,48.5,49.5
2026-09-28T22:10:35.301207+00:00,nfl,sr:match:71515846,total,Bet365.US.NJ,over,-110,-110,48.5,50.5
2026-09-28T22:10:35.301207+00:00,nfl,sr:match:71515846,total,Bet365.US.NJ,under,-110,-130,48.5,50.5
2026-09-28T22:10:35.301207+00:00,nfl,sr:match:71515846,total,WilliamHillNewJersey,over,-110,-115,48.5,50.5
2026-09-28T22:10:35.301207+00:00,nfl,sr:match:71515846,total,WilliamHillNewJersey,under,-110,-115,48.5,50.5
2026-09-28T22:10:35.301207+00:00,nfl,sr:match:71515846,total,FanDuel,over,-110,-104,48.5,50.5
2026-09-28T22:10:35.301207+00:00,nfl,sr:match:71515846,total,FanDuel,under,-110,-118,48.5,50.5
2026-09-28T22:10:35.301207+00:00,nfl,sr:match:71515848,moneyline,DraftKings,away,+130,+300,,
2026-09-28T22:10:35.301207+00:00,nfl,sr:match:71515848,moneyline,DraftKings,home,-155,-380,,
2026-09-28T22:10:35.301207+00:00,nfl,sr:match:71515848,moneyline,Bet365.US.NJ,away,+135,+150,,
2026-09-28T22:10:35.301207+00:00,nfl,sr:match:71515848,moneyline,Bet365.US.NJ,home,-160,-180,,
2026-09-28T22:10:35.301207+00:00,nfl,sr:match:71515848,moneyline,WilliamHillNewJersey,away,+130,+305,,
2026-09-28T22:10:35.301207+00:00,nfl,sr:match:71515848,moneyline,WilliamHillNewJersey,home,-154,-426,,
2026-09-28T22:10:35.301207+00:00,nfl,sr:match:71515848,moneyline,FanDuel,away,+138,+154,,
2026-09-28T22:10:35.301207+00:00,nfl,sr:match:71515848,moneyline,FanDuel,home,-164,-184,,
2026-09-28T22:10:35.301207+00:00,nfl,sr:match:71515848,spread,MGM,away,-114,-111,3.0,3.0
2026-09-28T22:10:35.301207+00:00,nfl,sr:match:71515848,spread,MGM,home,-105,-108,-3.0,-3.0
2026-09-28T22:10:35.301207+00:00,nfl,sr:match:71515848,spread,DraftKings,away,-115,-110,3.0,8.5
2026-09-28T22:10:35.301207+00:00,nfl,sr:match:71515848,spread,DraftKings,home,-105,-110,-3.0,-8.5
2026-09-28T22:10:35.301207+00:00,nfl,sr:match:71515848,spread,Bet365.US.NJ,away,-115,-110,3.0,3.0
2026-09-28T22:10:35.301207+00:00,nfl,sr:match:71515848,spread,Bet365.US.NJ,home,-105,-110,-3.0,-3.0
2026-09-28T22:10:35.301207+00:00,nfl,sr:match:71515848,spread,WilliamHillNewJersey,away,-114,-115,3.0,9.0
2026-09-28T22:10:35.301207+00:00,nfl,sr:match:71515848,spread,WilliamHillNewJersey,home,-106,-115,-3.0,-9.0
2026-09-28T22:10:35.301207+00:00,nfl,sr:match:71515848,spread,FanDuel,away,-110,-104,3.0,3.0
2026-09-28T22:10:35.301207+00:00,nfl,sr:match:71515848,spread,FanDuel,home,-110,-118,-3.0,-3.0
2026-09-28T22:10:35.301207+00:00,nfl,sr:match:71515848,total,MGM,over,-111,-111,43.5,43.0
2026-09-28T22:10:35.301207+00:00,nfl,sr:match:71515848,total,MGM,under,-120,-108,43.5,43.0
2026-09-28T22:10:35.301207+00:00,nfl,sr:match:71515848,total,DraftKings,over,-102,-110,43.5,45.5
2026-09-28T22:10:35.301207+00:00,nfl,sr:match:71515848,total,DraftKings,under,-118,-110,43.5,45.5
2026-09-28T22:10:35.301207+00:00,nfl,sr:match:71515848,total,Bet365.US.NJ,over,-110,-110,42.5,43.5
2026-09-28T22:10:35.301207+00:00,nfl,sr:match:71515848,total,Bet365.US.NJ,under,-130,-110,42.5,43.5
2026-09-28T22:10:35.301207+00:00,nfl,sr:match:71515848,total,WilliamHillNewJersey,over,-110,-115,43.0,44.5
2026-09-28T22:10:35.301207+00:00,nfl,sr:match:71515848,total,WilliamHillNewJersey,under,-109,-115,43.0,44.5
2026-09-28T22:10:35.301207+00:00,nfl,sr:match:71515848,total,FanDuel,over,-110,-105,43.5,43.5
2026-09-28T22:10:35.301207+00:00,nfl,sr:match:71515848,total,FanDuel,under,-110,-115,43.5,43.5
2026-09-28T22:10:35.301207+00:00,nfl,sr:match:71515850,moneyline,DraftKings,away,+124,+114,,
2026-09-28T22:10:35.301207+00:00,nfl,sr:match:71515850,moneyline,DraftKings,home,-148,-135,,
2026-09-28T22:10:35.301207+00:00,nfl,sr:match:71515850,moneyline,Bet365.US.NJ,away,+125,+130,,
2026-09-28T22:10:35.301207+00:00,nfl,sr:match:71515850,moneyline,Bet365.US.NJ,home,-150,-155,,
2026-09-28T22:10:35.301207+00:00,nfl,sr:match:71515850,moneyline,WilliamHillNewJersey,away,+124,+130,,
2026-09-28T22:10:35.301207+00:00,nfl,sr:match:71515850,moneyline,WilliamHillNewJersey,home,-148,-170,,
2026-09-28T22:10:35.301207+00:00,nfl,sr:match:71515850,moneyline,FanDuel,away,+108,+120,,
2026-09-28T22:10:35.301207+00:00,nfl,sr:match:71515850,moneyline,FanDuel,home,-126,-142,,
2026-09-28T22:10:35.301207+00:00,nfl,sr:match:71515850,spread,MGM,away,-105,-108,2.5,2.5
2026-09-28T22:10:35.301207+00:00,nfl,sr:match:71515850,spread,MGM,home,-114,-111,-2.5,-2.5
2026-09-28T22:10:35.301207+00:00,nfl,sr:match:71515850,spread,DraftKings,away,-118,-110,3.0,2.5
2026-09-28T22:10:35.301207+00:00,nfl,sr:match:71515850,spread,DraftKings,home,-102,-110,-3.0,-2.5
2026-09-28T22:10:35.301207+00:00,nfl,sr:match:71515850,spread,Bet365.US.NJ,away,-105,-105,2.5,2.5
2026-09-28T22:10:35.301207+00:00,nfl,sr:match:71515850,spread,Bet365.US.NJ,home,-115,-115,-2.5,-2.5
2026-09-28T22:10:35.301207+00:00,nfl,sr:match:71515850,spread,WilliamHillNewJersey,away,-103,-115,2.5,3.0
2026-09-28T22:10:35.301207+00:00,nfl,sr:match:71515850,spread,WilliamHillNewJersey,home,-118,-115,-2.5,-3.0
2026-09-28T22:10:35.301207+00:00,nfl,sr:match:71515850,spread,FanDuel,away,-115,-105,2.5,2.5
2026-09-28T22:10:35.301207+00:00,nfl,sr:match:71515850,spread,FanDuel,home,-105,-115,-2.5,-2.5
2026-09-28T22:10:35.301207+00:00,nfl,sr:match:71515850,total,MGM,over,-105,-111,52.0,50.0
2026-09-28T22:10:35.301207+00:00,nfl,sr:match:71515850,total,MGM,under,-125,-108,52.0,50.0
2026-09-28T22:10:35.301207+00:00,nfl,sr:match:71515850,total,DraftKings,over,-102,-110,51.5,51.5
2026-09-28T22:10:35.301207+00:00,nfl,sr:match:71515850,total,DraftKings,under,-118,-110,51.5,51.5
2026-09-28T22:10:35.301207+00:00,nfl,sr:match:71515850,total,Bet365.US.NJ,over,-110,-110,51.5,50.5
2026-09-28T22:10:35.301207+00:00,nfl,sr:match:71515850,total,Bet365.US.NJ,under,-110,-110,51.5,50.5
2026-09-28T22:10:35.301207+00:00,nfl,sr:match:71515850,total,WilliamHillNewJersey,over,-107,-115,51.5,51.5
2026-09-28T22:10:35.301207+00:00,nfl,sr:match:71515850,total,WilliamHillNewJersey,under,-113,-115,51.5,51.5
2026-09-28T22:10:35.301207+00:00,nfl,sr:match:71515850,total,FanDuel,over,-110,-104,51.5,51.5
2026-09-28T22:10:35.301207+00:00,nfl,sr:match:71515850,total,FanDuel,under,-110,-118,51.5,51.5
2026-09-28T22:10:35.301207+00:00,nfl,sr:match:71515852,moneyline,DraftKings,away,+120,+114,,
2026-09-28T22:10:35.301207+00:00,nfl,sr:match:71515852,moneyline,DraftKings,home,-142,-135,,
2026-09-28T22:10:35.301207+00:00,nfl,sr:match:71515852,moneyline,Bet365.US.NJ,away,+125,+125,,
2026-09-28T22:10:35.301207+00:00,nfl,sr:match:71515852,moneyline,Bet365.US.NJ,home,-150,-150,,
2026-09-28T22:10:35.301207+00:00,nfl,sr:match:71515852,moneyline,WilliamHillNewJersey,away,+116,+130,,
2026-09-28T22:10:35.301207+00:00,nfl,sr:match:71515852,moneyline,WilliamHillNewJersey,home,-137,-170,,
2026-09-28T22:10:35.301207+00:00,nfl,sr:match:71515852,moneyline,FanDuel,away,+116,+118,,
2026-09-28T22:10:35.301207+00:00,nfl,sr:match:71515852,moneyline,FanDuel,home,-136,-138,,
2026-09-28T22:10:35.301207+00:00,nfl,sr:match:71515852,spread,MGM,away,-105,-108,2.5,1.5
2026-09-28T22:10:35.301207+00:00,nfl,sr:match:71515852,spread,MGM,home,-114,-111,-2.5,-1.5
2026-09-28T22:10:35.301207+00:00,nfl,sr:match:71515852,spread,DraftKings,away,-102,-110,2.5,2.5
2026-09-28T22:10:35.301207+00:00,nfl,sr:match:71515852,spread,DraftKings,home,-118,-110,-2.5,-2.5
2026-09-28T22:10:35.301207+00:00,nfl,sr:match:71515852,spread,Bet365.US.NJ,away,-105,-110,2.5,2.5
2026-09-28T22:10:35.301207+00:00,nfl,sr:match:71515852,spread,Bet365.US.NJ,home,-115,-110,-2.5,-2.5
2026-09-28T22:10:35.301207+00:00,nfl,sr:match:71515852,spread,WilliamHillNewJersey,away,-107,-120,2.5,3.0
2026-09-28T22:10:35.301207+00:00,nfl,sr:match:71515852,spread,WilliamHillNewJersey,home,-113,-110,-2.5,-3.0
2026-09-28T22:10:35.301207+00:00,nfl,sr:match:71515852,spread,FanDuel,away,-110,-110,2.5,2.5
2026-09-28T22:10:35.301207+00:00,nfl,sr:match:71515852,spread,FanDuel,home,-110,-110,-2.5,-2.5
2026-09-28T22:10:35.301207+00:00,nfl,sr:match:71515852,total,MGM,over,-111,-108,48.0,47.0
2026-09-28T22:10:35.301207+00:00,nfl,sr:match:71515852,total,MGM,under,-118,-111,48.0,47.0
2026-09-28T22:10:35.301207+00:00,nfl,sr:match:71515852,total,DraftKings,over,-107,-110,48.5,47.5
2026-09-28T22:10:35.301207+00:00,nfl,sr:match:71515852,total,DraftKings,under,-124,-110,48.5,47.5
2026-09-28T22:10:35.301207+00:00,nfl,sr:match:71515852,total,Bet365.US.NJ,over,-110,-110,48.5,47.5
2026-09-28T22:10:35.301207+00:00,nfl,sr:match:71515852,total,Bet365.US.NJ,under,-130,-110,48.5,47.5
2026-09-28T22:10:35.301207+00:00,nfl,sr:match:71515852,total,WilliamHillNewJersey,over,-112,-115,47.5,46.5
2026-09-28T22:10:35.301207+00:00,nfl,sr:match:71515852,total,WilliamHillNewJersey,under,-109,-115,47.5,46.5
2026-09-28T22:10:35.301207+00:00,nfl,sr:match:71515852,total,FanDuel,over,-104,-105,47.5,47.5
2026-09-28T22:10:35.301207+00:00,nfl,sr:match:71515852,total,FanDuel,under,-118,-115,47.5,47.5
2026-09-28T22:10:35.301207+00:00,nfl,sr:match:71515854,moneyline,DraftKings,away,-115,+260,,
2026-09-28T22:10:35.301207+00:00,nfl,sr:match:71515854,moneyline,DraftKings,home,-105,-325,,
2026-09-28T22:10:35.301207+00:00,nfl,sr:match:71515854,moneyline,Bet365.US.NJ,away,-115,+120,,
2026-09-28T22:10:35.301207+00:00,nfl,sr:match:71515854,moneyline,Bet365.US.NJ,home,-105,-140,,
2026-09-28T22:10:35.301207+00:00,nfl,sr:match:71515854,moneyline,WilliamHillNewJersey,away,-110,+0,,
2026-09-28T22:10:35.301207+00:00,nfl,sr:match:71515854,moneyline,WilliamHillNewJersey,home,-107,+0,,
2026-09-28T22:10:35.301207+00:00,nfl,sr:match:71515854,moneyline,FanDuel,away,-106,+116,,
2026-09-28T22:10:35.301207+00:00,nfl,sr:match:71515854,moneyline,FanDuel,home,-110,-136,,
2026-09-28T22:10:35.301207+00:00,nfl,sr:match:71515854,spread,MGM,away,-105,-111,-1.0,2.5
2026-09-28T22:10:35.301207+00:00,nfl,sr:match:71515854,spread,MGM,home,-114,-108,1.0,-2.5
2026-09-28T22:10:35.301207+00:00,nfl,sr:match:71515854,spread,DraftKings,away,-102,-110,-1.5,7.0
2026-09-28T22:10:35.301207+00:00,nfl,sr:match:71515854,spread,DraftKings,home,-118,-110,1.5,-7.0
2026-09-28T22:10:35.301207+00:00,nfl,sr:match:71515854,spread,Bet365.US.NJ,away,-110,-110,-1.0,2.5
2026-09-28T22:10:35.301207+00:00,nfl,sr:match:71515854,spread,Bet365.US.NJ,home,-110,-110,1.0,-2.5
2026-09-28T22:10:35.301207+00:00,nfl,sr:match:71515854,spread,WilliamHillNewJersey,away,-109,-110,-1.0,6.5
2026-09-28T22:10:35.301207+00:00,nfl,sr:match:71515854,spread,WilliamHillNewJersey,home,-110,-120,1.0,-6.5
2026-09-28T22:10:35.301207+00:00,nfl,sr:match:71515854,spread,FanDuel,away,-124,-110,1.5,2.5
2026-09-28T22:10:35.301207+00:00,nfl,sr:match:71515854,spread,FanDuel,home,+102,-110,-1.5,-2.5
2026-09-28T22:10:35.301207+00:00,nfl,sr:match:71515854,total,MGM,over,-108,-111,44.5,43.5
2026-09-28T22:10:35.301207+00:00,nfl,sr:match:71515854,total,MGM,under,-111,-108,44.5,43.5
2026-09-28T22:10:35.301207+00:00,nfl,sr:match:71515854,total,DraftKings,over,-108,-110,44.5,45.5
2026-09-28T22:10:35.301207+00:00,nfl,sr:match:71515854,total,DraftKings,under,-112,-110,44.5,45.5
2026-09-28T22:10:35.301207+00:00,nfl,sr:match:71515854,total,Bet365.US.NJ,over,-110,-110,44.5,43.5
2026-09-28T22:10:35.301207+00:00,nfl,sr:match:71515854,total,Bet365.US.NJ,under,-110,-110,44.5,43.5
2026-09-28T22:10:35.301207+00:00,nfl,sr:match:71515854,total,WilliamHillNewJersey,over,-105,-115,44.5,44.5
2026-09-28T22:10:35.301207+00:00,nfl,sr:match:71515854,total,WilliamHillNewJersey,under,-115,-115,44.5,44.5
2026-09-28T22:10:35.301207+00:00,nfl,sr:match:71515854,total,FanDuel,over,-115,-115,43.5,43.5
2026-09-28T22:10:35.301207+00:00,nfl,sr:match:71515854,total,FanDuel,under,-105,-105,43.5,43.5
2026-09-28T22:10:35.301207+00:00,nfl,sr:match:71515856,moneyline,DraftKings,away,-135,-118,,
2026-09-28T22:10:35.301207+00:00,nfl,sr:match:71515856,moneyline,DraftKings,home,+114,-102,,
2026-09-28T22:10:35.301207+00:00,nfl,sr:match:71515856,moneyline,Bet365.US.NJ,away,-140,-140,,
2026-09-28T22:10:35.301207+00:00,nfl,sr:match:71515856,moneyline,Bet365.US.NJ,home,+120,+120,,
2026-09-28T22:10:35.301207+00:00,nfl,sr:match:71515856,moneyline,WilliamHillNewJersey,away,-134,-125,,
2026-09-28T22:10:35.301207+00:00,nfl,sr:match:71515856,moneyline,WilliamHillNewJersey,home,+114,-106,,
2026-09-28T22:10:35.301207+00:00,nfl,sr:match:71515856,moneyline,FanDuel,away,-136,-152,,
2026-09-28T22:10:35.301207+00:00,nfl,sr:match:71515856,moneyline,FanDuel,home,+116,+128,,
2026-09-28T22:10:35.301207+00:00,nfl,sr:match:71515856,spread,MGM,away,-108,-114,-2.5,-2.5
2026-09-28T22:10:35.301207+00:00,nfl,sr:match:71515856,spread,MGM,home,-111,-105,2.5,2.5
2026-09-28T22:10:35.301207+00:00,nfl,sr:match:71515856,spread,DraftKings,away,-112,-105,-2.5,-1.5
2026-09-28T22:10:35.301207+00:00,nfl,sr:match:71515856,spread,DraftKings,home,-108,-115,2.5,1.5
2026-09-28T22:10:35.301207+00:00,nfl,sr:match:71515856,spread,Bet365.US.NJ,away,-115,-105,-2.5,-2.5
2026-09-28T22:10:35.301207+00:00,nfl,sr:match:71515856,spread,Bet365.US.NJ,home,-105,-115,2.5,2.5
2026-09-28T22:10:35.301207+00:00,nfl,sr:match:71515856,spread,WilliamHillNewJersey,away,-108,-115,-2.5,-1.5
2026-09-28T22:10:35.301207+00:00,nfl,sr:match:71515856,spread,WilliamHillNewJersey,home,-110,-115,2.5,1.5
2026-09-28T22:10:35.301207+00:00,nfl,sr:match:71515856,spread,FanDuel,away,-110,-104,-2.5,-3.0
2026-09-28T22:10:35.301207+00:00,nfl,sr:match:71515856,spread,FanDuel,home,-110,-118,2.5,3.0
2026-09-28T22:10:35.301207+00:00,nfl,sr:match:71515856,total,MGM,over,-111,-108,46.0,46.0
2026-09-28T22:10:35.301207+00:00,nfl,sr:match:71515856,total,MGM,under,-108,-111,46.0,46.0
2026-09-28T22:10:35.301207+00:00,nfl,sr:match:71515856,total,DraftKings,over,-110,-110,46.5,47.5
2026-09-28T22:10:35.301207+00:00,nfl,sr:match:71515856,total,DraftKings,under,-121,-110,46.5,47.5
2026-09-28T22:10:35.301207+00:00,nfl,sr:match:71515856,total,Bet365.US.NJ,over,-110,-110,46.5,45.5
2026-09-28T22:10:35.301207+00:00,nfl,sr:match:71515856,total,Bet365.US.NJ,under,-110,-110,46.5,45.5
2026-09-28T22:10:35.301207+00:00,nfl,sr:match:71515856,total,WilliamHillNewJersey,over,-108,-115,46.0,46.5
2026-09-28T22:10:35.301207+00:00,nfl,sr:match:71515856,total,WilliamHillNewJersey,under,-112,-115,46.0,46.5
2026-09-28T22:10:35.301207+00:00,nfl,sr:match:71515856,total,FanDuel,over,-106,-104,46.5,46.5
2026-09-28T22:10:35.301207+00:00,nfl,sr:match:71515856,total,FanDuel,under,-114,-118,46.5,46.5
2026-09-28T22:10:35.301207+00:00,nfl,sr:match:71515858,moneyline,DraftKings,away,-198,-125,,
2026-09-28T22:10:35.301207+00:00,nfl,sr:match:71515858,moneyline,DraftKings,home,+164,+105,,
2026-09-28T22:10:35.301207+00:00,nfl,sr:match:71515858,moneyline,Bet365.US.NJ,away,-190,-115,,
2026-09-28T22:10:35.301207+00:00,nfl,sr:match:71515858,moneyline,Bet365.US.NJ,home,+160,-105,,
2026-09-28T22:10:35.301207+00:00,nfl,sr:match:71515858,moneyline,WilliamHillNewJersey,away,-182,-120,,
2026-09-28T22:10:35.301207+00:00,nfl,sr:match:71515858,moneyline,WilliamHillNewJersey,home,+153,-110,,
2026-09-28T22:10:35.301207+00:00,nfl,sr:match:71515858,moneyline,FanDuel,away,-180,-102,,
2026-09-28T22:10:35.301207+00:00,nfl,sr:match:71515858,moneyline,FanDuel,home,+152,-116,,
2026-09-28T22:10:35.301207+00:00,nfl,sr:match:71515858,spread,MGM,away,-120,-105,-3.5,-3.5
2026-09-28T22:10:35.301207+00:00,nfl,sr:match:71515858,spread,MGM,home,-111,-114,3.5,3.5
2026-09-28T22:10:35.301207+00:00,nfl,sr:match:71515858,spread,DraftKings,away,-106,-110,-4.5,-1.5
2026-09-28T22:10:35.301207+00:00,nfl,sr:match:71515858,spread,DraftKings,home,-125,-110,4.5,1.5
2026-09-28T22:10:35.301207+00:00,nfl,sr:match:71515858,spread,Bet365.US.NJ,away,-115,+100,-3.5,-1.5
2026-09-28T22:10:35.301207+00:00,nfl,sr:match:71515858,spread,Bet365.US.NJ,home,-105,-120,3.5,1.5
2026-09-28T22:10:35.301207+00:00,nfl,sr:match:71515858,spread,WilliamHillNewJersey,away,-107,+0,-3.5,-1.5
2026-09-28T22:10:35.301207+00:00,nfl,sr:match:71515858,spread,WilliamHillNewJersey,home,-113,-120,3.5,1.5
2026-09-28T22:10:35.301207+00:00,nfl,sr:match:71515858,spread,FanDuel,away,-108,-118,-3.5,1.5
2026-09-28T22:10:35.301207+00:00,nfl,sr:match:71515858,spread,FanDuel,home,-112,-104,3.5,-1.5
2026-09-28T22:10:35.301207+00:00,nfl,sr:match:71515858,total,MGM,over,-111,-105,40.0,41.5
2026-09-28T22:10:35.301207+00:00,nfl,sr:match:71515858,total,MGM,under,-120,-114,40.0,41.5
2026-09-28T22:10:35.301207+00:00,nfl,sr:match:71515858,total,DraftKings,over,-118,-110,39.5,47.5
2026-09-28T22:10:35.301207+00:00,nfl,sr:match:71515858,total,DraftKings,under,-102,-110,39.5,47.5
2026-09-28T22:10:35.301207+00:00,nfl,sr:match:71515858,total,Bet365.US.NJ,over,-110,-115,39.5,45.5
2026-09-28T22:10:35.301207+00:00,nfl,sr:match:71515858,total,Bet365.US.NJ,under,-110,-105,39.5,45.5
2026-09-28T22:10:35.301207+00:00,nfl,sr:match:71515858,total,WilliamHillNewJersey,over,-115,-115,39.5,46.5
2026-09-28T22:10:35.301207+00:00,nfl,sr:match:71515858,total,WilliamHillNewJersey,under,-105,-115,39.5,46.5
2026-09-28T22:10:35.301207+00:00,nfl,sr:match:71515858,total,FanDuel,over,-114,-115,39.5,45.5
2026-09-28T22:10:35.301207+00:00,nfl,sr:match:71515858,total,FanDuel,under,-106,-105,39.5,45.5
2026-09-28T22:10:35.301207+00:00,nfl,sr:match:71515860,moneyline,DraftKings,away,+490,+310,,
2026-09-28T22:10:35.301207+00:00,nfl,sr:match:71515860,moneyline,DraftKings,home,-676,-395,,
2026-09-28T22:10:35.301207+00:00,nfl,sr:match:71515860,moneyline,Bet365.US.NJ,away,+475,+500,,
2026-09-28T22:10:35.301207+00:00,nfl,sr:match:71515860,moneyline,Bet365.US.NJ,home,-654,-704,,
2026-09-28T22:10:35.301207+00:00,nfl,sr:match:71515860,moneyline,WilliamHillNewJersey,away,+450,+280,,
2026-09-28T22:10:35.301207+00:00,nfl,sr:match:71515860,moneyline,WilliamHillNewJersey,home,-625,-370,,
2026-09-28T22:10:35.301207+00:00,nfl,sr:match:71515860,moneyline,FanDuel,away,+460,+440,,
2026-09-28T22:10:35.301207+00:00,nfl,sr:match:71515860,moneyline,FanDuel,home,-621,-592,,
2026-09-28T22:10:35.301207+00:00,nfl,sr:match:71515860,spread,MGM,away,-111,-111,10.5,10.5
2026-09-28T22:10:35.301207+00:00,nfl,sr:match:71515860,spread,MGM,home,-120,-108,-10.5,-10.5
2026-09-28T22:10:35.301207+00:00,nfl,sr:match:71515860,spread,DraftKings,away,-121,-110,11.5,7.5
2026-09-28T22:10:35.301207+00:00,nfl,sr:match:71515860,spread,DraftKings,home,-110,-110,-11.5,-7.5
2026-09-28T22:10:35.301207+00:00,nfl,sr:match:71515860,spread,Bet365.US.NJ,away,+100,-115,10.5,10.5
2026-09-28T22:10:35.301207+00:00,nfl,sr:match:71515860,spread,Bet365.US.NJ,home,-120,-105,-10.5,-10.5
2026-09-28T22:10:35.301207+00:00,nfl,sr:match:71515860,spread,WilliamHillNewJersey,away,-109,-115,10.5,7.0
2026-09-28T22:10:35.301207+00:00,nfl,sr:match:71515860,spread,WilliamHillNewJersey,home,-110,-115,-10.5,-7.0
2026-09-28T22:10:35.301207+00:00,nfl,sr:match:71515860,spread,FanDuel,away,-110,-120,10.5,10.5
2026-09-28T22:10:35.301207+00:00,nfl,sr:match:71515860,spread,FanDuel,home,-110,-102,-10.5,-10.5
2026-09-28T22:10:35.301207+00:00,nfl,sr:match:71515860,total,MGM,over,-108,-105,39.0,43.0
2026-09-28T22:10:35.301207+00:00,nfl,sr:match:71515860,total,MGM,under,-111,-114,39.0,43.0
2026-09-28T22:10:35.301207+00:00,nfl,sr:match:71515860,total,DraftKings,over,-115,-110,38.5,43.5
2026-09-28T22:10:35.301207+00:00,nfl,sr:match:71515860,total,DraftKings,under,-105,-110,38.5,43.5
2026-09-28T22:10:35.301207+00:00,nfl,sr:match:71515860,total,Bet365.US.NJ,over,-110,-110,39.5,42.5
2026-09-28T22:10:35.301207+00:00,nfl,sr:match:71515860,total,Bet365.US.NJ,under,-130,-110,39.5,42.5
2026-09-28T22:10:35.301207+00:00,nfl,sr:match:71515860,total,WilliamHillNewJersey,over,-118,-115,38.5,42.0
2026-09-28T22:10:35.301207+00:00,nfl,sr:match:71515860,total,WilliamHillNewJersey,under,-103,-115,38.5,42.0
2026-09-28T22:10:35.301207+00:00,nfl,sr:match:71515860,total,FanDuel,over,-110,-105,39.5,43.5
2026-09-28T22:10:35.301207+00:00,nfl,sr:match:71515860,total,FanDuel,under,-110,-115,39.5,43.5
2026-09-28T22:10:35.301207+00:00,nfl,sr:match:71515862,moneyline,DraftKings,away,-230,-258,,
2026-09-28T22:10:35.301207+00:00,nfl,sr:match:71515862,moneyline,DraftKings,home,+190,+210,,
2026-09-28T22:10:35.301207+00:00,nfl,sr:match:71515862,moneyline,Bet365.US.NJ,away,-220,-245,,
2026-09-28T22:10:35.301207+00:00,nfl,sr:match:71515862,moneyline,Bet365.US.NJ,home,+180,+200,,
2026-09-28T22:10:35.301207+00:00,nfl,sr:match:71515862,moneyline,WilliamHillNewJersey,away,-225,-255,,
2026-09-28T22:10:35.301207+00:00,nfl,sr:match:71515862,moneyline,WilliamHillNewJersey,home,+184,+190,,
2026-09-28T22:10:35.301207+00:00,nfl,sr:match:71515862,moneyline,FanDuel,away,-215,-235,,
2026-09-28T22:10:35.301207+00:00,nfl,sr:match:71515862,moneyline,FanDuel,home,+180,+194,,
2026-09-28T22:10:35.301207+00:00,nfl,sr:match:71515862,spread,MGM,away,-111,-111,-4.5,-5.0
2026-09-28T22:10:35.301207+00:00,nfl,sr:match:71515862,spread,MGM,home,-108,-108,4.5,5.0
2026-09-28T22:10:35.301207+00:00,nfl,sr:match:71515862,spread,DraftKings,away,-115,-110,-4.5,-5.5
2026-09-28T22:10:35.301207+00:00,nfl,sr:match:71515862,spread,DraftKings,home,-105,-110,4.5,5.5
2026-09-28T22:10:35.301207+00:00,nfl,sr:match:71515862,spread,Bet365.US.NJ,away,-110,-105,-4.5,-5.5
2026-09-28T22:10:35.301207+00:00,nfl,sr:match:71515862,spread,Bet365.US.NJ,home,-110,-115,4.5,5.5
2026-09-28T22:10:35.301207+00:00,nfl,sr:match:71515862,spread,WilliamHillNewJersey,away,-112,-115,-4.5,-5.5
2026-09-28T22:10:35.301207+00:00,nfl,sr:match:71515862,spread,WilliamHillNewJersey,home,-108,-115,4.5,5.5
2026-09-28T22:10:35.301207+00:00,nfl,sr:match:71515862,spread,FanDuel,away,-105,-105,-4.5,-5.5
2026-09-28T22:10:35.301207+00:00,nfl,sr:match:71515862,spread,FanDuel,home,-115,-115,4.5,5.5
2026-09-28T22:10:35.301207+00:00,nfl,sr:match:71515862,total,MGM,over,-108,-108,47.5,46.0
2026-09-28T22:10:35.301207+00:00,nfl,sr:match:71515862,total,MGM,under,-111,-111,47.5,46.0
2026-09-28T22:10:35.301207+00:00,nfl,sr:match:71515862,total,DraftKings,over,-107,-110,48.5,43.5
2026-09-28T22:10:35.301207+00:00,nfl,sr:match:71515862,total,DraftKings,under,-125,-110,48.5,43.5
2026-09-28T22:10:35.301207+00:00,nfl,sr:match:71515862,total,Bet365.US.NJ,over,-105,-115,48.5,45.5
2026-09-28T22:10:35.301207+00:00,nfl,sr:match:71515862,total,Bet365.US.NJ,under,-115,-105,48.5,45.5
2026-09-28T22:10:35.301207+00:00,nfl,sr:match:71515862,total,WilliamHillNewJersey,over,-114,-115,47.5,42.5
2026-09-28T22:10:35.301207+00:00,nfl,sr:match:71515862,total,WilliamHillNewJersey,under,-106,-115,47.5,42.5
2026-09-28T22:10:35.301207+00:00,nfl,sr:match:71515862,total,FanDuel,over,-105,-104,47.5,46.5
2026-09-28T22:10:35.301207+00:00,nfl,sr:match:71515862,total,FanDuel,under,-115,-118,47.5,46.5
2026-09-28T22:10:35.301207+00:00,nfl,sr:match:71515864,moneyline,DraftKings,away,+250,+136,,
2026-09-28T22:10:35.301207+00:00,nfl,sr:match:71515864,moneyline,DraftKings,home,-310,-162,,
2026-09-28T22:10:35.301207+00:00,nfl,sr:match:71515864,moneyline,Bet365.US.NJ,away,+255,+260,,
2026-09-28T22:10:35.301207+00:00,nfl,sr:match:71515864,moneyline,Bet365.US.NJ,home,-315,-321,,
2026-09-28T22:10:35.301207+00:00,nfl,sr:match:71515864,moneyline,WilliamHillNewJersey,away,+255,+140,,
2026-09-28T22:10:35.301207+00:00,nfl,sr:match:71515864,moneyline,WilliamHillNewJersey,home,-319,-180,,
2026-09-28T22:10:35.301207+00:00,nfl,sr:match:71515864,moneyline,FanDuel,away,+270,+275,,
2026-09-28T22:10:35.301207+00:00,nfl,sr:match:71515864,moneyline,FanDuel,home,-334,-340,,
2026-09-28T22:10:35.301207+00:00,nfl,sr:match:71515864,spread,MGM,away,-111,-105,7.0,6.5
2026-09-28T22:10:35.301207+00:00,nfl,sr:match:71515864,spread,MGM,home,-108,-114,-7.0,-6.5
2026-09-28T22:10:35.301207+00:00,nfl,sr:match:71515864,spread,DraftKings,away,-105,-110,6.5,3.0
2026-09-28T22:10:35.301207+00:00,nfl,sr:match:71515864,spread,DraftKings,home,-115,-110,-6.5,-3.0
2026-09-28T22:10:35.301207+00:00,nfl,sr:match:71515864,spread,Bet365.US.NJ,away,-110,-110,7.0,6.5
2026-09-28T22:10:35.301207+00:00,nfl,sr:match:71515864,spread,Bet365.US.NJ,home,-110,-110,-7.0,-6.5
2026-09-28T22:10:35.301207+00:00,nfl,sr:match:71515864,spread,WilliamHillNewJersey,away,-114,-110,7.0,3.0
2026-09-28T22:10:35.301207+00:00,nfl,sr:match:71515864,spread,WilliamHillNewJersey,home,-106,-120,-7.0,-3.0
2026-09-28T22:10:35.301207+00:00,nfl,sr:match:71515864,spread,FanDuel,away,-104,-115,6.5,7.0
2026-09-28T22:10:35.301207+00:00,nfl,sr:match:71515864,spread,FanDuel,home,-118,-105,-6.5,-7.0
2026-09-28T22:10:35.301207+00:00,nfl,sr:match:71515864,total,MGM,over,-105,-111,43.5,45.0
2026-09-28T22:10:35.301207+00:00,nfl,sr:match:71515864,total,MGM,under,-114,-111,43.5,45.0
2026-09-28T22:10:35.301207+00:00,nfl,sr:match:71515864,total,DraftKings,over,-105,-110,43.5,45.5
2026-09-28T22:10:35.301207+00:00,nfl,sr:match:71515864,total,DraftKings,under,-115,-110,43.5,45.5
2026-09-28T22:10:35.301207+00:00,nfl,sr:match:71515864,total,Bet365.US.NJ,over,-105,-110,43.5,42.5
2026-09-28T22:10:35.301207+00:00,nfl,sr:match:71515864,total,Bet365.US.NJ,under,-115,-110,43.5,42.5
2026-09-28T22:10:35.301207+00:00,nfl,sr:match:71515864,total,WilliamHillNewJersey,over,-108,-115,43.5,45.5
2026-09-28T22:10:35.301207+00:00,nfl,sr:match:71515864,total,WilliamHillNewJersey,under,-112,-115,43.5,45.5
2026-09-28T22:10:35.301207+00:00,nfl,sr:match:71515864,total,FanDuel,over,-106,-115,43.5,43.5
2026-09-28T22:10:35.301207+00:00,nfl,sr:match:71515864,total,FanDuel,under,-114,-105,43.5,43.5
2026-09-28T22:10:35.301207+00:00,nfl,sr:match:71531176,moneyline,DraftKings,away,+130,+114,,
2026-09-28T22:10:35.301207+00:00,nfl,sr:match:71531176,moneyline,DraftKings,home,-155,-135,,
2026-09-28T22:10:35.301207+00:00,nfl,sr:match:71531176,moneyline,Bet365.US.NJ,away,+130,+160,,
2026-09-28T22:10:35.301207+00:00,nfl,sr:match:71531176,moneyline,Bet365.US.NJ,home,-155,-190,,
2026-09-28T22:10:35.301207+00:00,nfl,sr:match:71531176,moneyline,WilliamHillNewJersey,away,+125,+125,,
2026-09-28T22:10:35.301207+00:00,nfl,sr:match:71531176,moneyline,WilliamHillNewJersey,home,-148,-160,,
2026-09-28T22:10:35.301207+00:00,nfl,sr:match:71531176,moneyline,FanDuel,away,+120,+144,,
2026-09-28T22:10:35.301207+00:00,nfl,sr:match:71531176,moneyline,FanDuel,home,-142,-174,,
2026-09-28T22:10:35.301207+00:00,nfl,sr:match:71531176,spread,MGM,away,-128,-114,3.0,3.0
2026-09-28T22:10:35.301207+00:00,nfl,sr:match:71531176,spread,MGM,home,-105,-105,-3.0,-3.0
2026-09-28T22:10:35.301207+00:00,nfl,sr:match:71531176,spread,DraftKings,away,-115,-110,3.0,2.5
2026-09-28T22:10:35.301207+00:00,nfl,sr:match:71531176,spread,DraftKings,home,-105,-110,-3.0,-2.5
2026-09-28T22:10:35.301207+00:00,nfl,sr:match:71531176,spread,Bet365.US.NJ,away,+100,-110,2.5,3.5
2026-09-28T22:10:35.301207+00:00,nfl,sr:match:71531176,spread,Bet365.US.NJ,home,-120,-110,-2.5,-3.5
2026-09-28T22:10:35.301207+00:00,nfl,sr:match:71531176,spread,WilliamHillNewJersey,away,-102,-120,2.5,3.0
2026-09-28T22:10:35.301207+00:00,nfl,sr:match:71531176,spread,WilliamHillNewJersey,home,-120,-110,-2.5,-3.0
2026-09-28T22:10:35.301207+00:00,nfl,sr:match:71531176,spread,FanDuel,away,-105,-105,2.5,3.0
2026-09-28T22:10:35.301207+00:00,nfl,sr:match:71531176,spread,FanDuel,home,-115,-115,-2.5,-3.0
2026-09-28T22:10:35.301207+00:00,nfl,sr:match:71531176,total,MGM,over,-108,-111,46.5,45.5
2026-09-28T22:10:35.301207+00:00,nfl,sr:match:71531176,total,MGM,under,-111,-108,46.5,45.5
2026-09-28T22:10:35.301207+00:00,nfl,sr:match:71531176,total,DraftKings,over,-110,-110,46.5,46.5
2026-09-28T22:10:35.301207+00:00,nfl,sr:match:71531176,total,DraftKings,under,-110,-110,46.5,46.5
2026-09-28T22:10:35.301207+00:00,nfl,sr:match:71531176,total,Bet365.US.NJ,over,-110,-110,46.5,45.5
2026-09-28T22:10:35.301207+00:00,nfl,sr:match:71531176,total,Bet365.US.NJ,under,-110,-110,46.5,45.5
2026-09-28T22:10:35.301207+00:00,nfl,sr:match:71531176,total,WilliamHillNewJersey,over,-108,-115,46.5,45.5
2026-09-28T22:10:35.301207+00:00,nfl,sr:match:71531176,total,WilliamHillNewJersey,under,-113,-115,46.5,45.5
2026-09-28T22:10:35.301207+00:00,nfl,sr:match:71531176,total,FanDuel,over,-106,-110,46.5,46.5
2026-09-28T22:10:35.301207+00:00,nfl,sr:match:71531176,total,FanDuel,under,-114,-110,46.5,46.5
2026-09-28T22:10:35.301207+00:00,nfl,sr:match:71515868,moneyline,DraftKings,away,-185,-155,,
2026-09-28T22:10:35.301207+00:00,nfl,sr:match:71515868,moneyline,DraftKings,home,+154,+130,,
2026-09-28T22:10:35.301207+00:00,nfl,sr:match:71515868,moneyline,Bet365.US.NJ,away,-190,-150,,
2026-09-28T22:10:35.301207+00:00,nfl,sr:match:71515868,moneyline,Bet365.US.NJ,home,+160,+125,,
2026-09-28T22:10:35.301207+00:00,nfl,sr:match:71515868,moneyline,WilliamHillNewJersey,away,-197,-180,,
2026-09-28T22:10:35.301207+00:00,nfl,sr:match:71515868,moneyline,WilliamHillNewJersey,home,+164,+140,,
2026-09-28T22:10:35.301207+00:00,nfl,sr:match:71515868,moneyline,FanDuel,away,-190,-138,,
2026-09-28T22:10:35.301207+00:00,nfl,sr:match:71515868,moneyline,FanDuel,home,+160,+118,,
2026-09-28T22:10:35.301207+00:00,nfl,sr:match:71515868,spread,MGM,away,-111,-102,-3.5,-3.0
2026-09-28T22:10:35.301207+00:00,nfl,sr:match:71515868,spread,MGM,home,-108,-115,3.5,3.0
2026-09-28T22:10:35.301207+00:00,nfl,sr:match:71515868,spread,DraftKings,away,-112,-110,-3.5,-3.0
2026-09-28T22:10:35.301207+00:00,nfl,sr:match:71515868,spread,DraftKings,home,-108,-110,3.5,3.0
2026-09-28T22:10:35.301207+00:00,nfl,sr:match:71515868,spread,Bet365.US.NJ,away,-110,-110,-3.5,-2.5
2026-09-28T22:10:35.301207+00:00,nfl,sr:match:71515868,spread,Bet365.US.NJ,home,-110,-110,3.5,2.5
2026-09-28T22:10:35.301207+00:00,nfl,sr:match:71515868,spread,WilliamHillNewJersey,away,-105,-120,-3.5,-3.0
2026-09-28T22:10:35.301207+00:00,nfl,sr:match:71515868,spread,WilliamHillNewJersey,home,-114,-110,3.5,3.0
2026-09-28T22:10:35.301207+00:00,nfl,sr:match:71515868,spread,FanDuel,away,-110,-110,-3.5,-2.5
2026-09-28T22:10:35.301207+00:00,nfl,sr:match:71515868,spread,FanDuel,home,-110,-110,3.5,2.5
2026-09-28T22:10:35.301207+00:00,nfl,sr:match:71515868,total,MGM,over,-111,-108,50.5,49.5
2026-09-28T22:10:35.301207+00:00,nfl,sr:match:71515868,total,MGM,under,-118,-111,50.5,49.5
2026-09-28T22:10:35.301207+00:00,nfl,sr:match:71515868,total,DraftKings,over,-108,-110,50.5,47.5
2026-09-28T22:10:35.301207+00:00,nfl,sr:match:71515868,total,DraftKings,under,-112,-110,50.5,47.5
2026-09-28T22:10:35.301207+00:00,nfl,sr:match:71515868,total,Bet365.US.NJ,over,-105,-110,50.5,49.5
2026-09-28T22:10:35.301207+00:00,nfl,sr:match:71515868,total,Bet365.US.NJ,under,-115,-110,50.5,49.5
2026-09-28T22:10:35.301207+00:00,nfl,sr:match:71515868,total,WilliamHillNewJersey,over,-106,-115,50.5,46.5
2026-09-28T22:10:35.301207+00:00,nfl,sr:match:71515868,total,WilliamHillNewJersey,under,-114,-115,50.5,46.5
2026-09-28T22:10:35.301207+00:00,nfl,sr:match:71515868,total,FanDuel,over,-105,-105,50.5,49.5
2026-09-28T22:10:35.301207+00:00,nfl,sr:match:71515868,total,FanDuel,under,-115,-115,50.5,49.5
2026-09-28T22:41:02.422558+00:00,nfl,sr:match:71515840,moneyline,DraftKings,away,-198,-102,,
2026-09-28T22:41:02.422558+00:00,nfl,sr:match:71515840,moneyline,DraftKings,home,+164,-118,,
2026-09-28T22:41:02.422558+00:00,nfl,sr:match:71515840,moneyline,Bet365.US.NJ,away,-200,-105,,
2026-09-28T22:41:02.422558+00:00,nfl,sr:match:71515840,moneyline,Bet365.US.NJ,home,+165,-115,,
2026-09-28T22:41:02.422558+00:00,nfl,sr:match:71515840,moneyline,WilliamHillNewJersey,away,-197,+100,,
2026-09-28T22:41:02.422558+00:00,nfl,sr:match:71515840,moneyline,WilliamHillNewJersey,home,+168,-131,,
2026-09-28T22:41:02.422558+00:00,nfl,sr:match:71515840,moneyline,FanDuel,away,-200,-104,,
2026-09-28T22:41:02.422558+00:00,nfl,sr:match:71515840,moneyline,FanDuel,home,+168,-112,,
2026-09-28T22:41:02.422558+00:00,nfl,sr:match:71515840,spread,MGM,away,-105,-111,-3.5,-4.0
2026-09-28T22:41:02.422558+00:00,nfl,sr:match:71515840,spread,MGM,home,-108,-108,3.5,4.0
2026-09-28T22:41:02.422558+00:00,nfl,sr:match:71515840,spread,DraftKings,away,-110,-115,-3.5,1.5
2026-09-28T22:41:02.422558+00:00,nfl,sr:match:71515840,spread,DraftKings,home,-110,-105,3.5,-1.5
2026-09-28T22:41:02.422558+00:00,nfl,sr:match:71515840,spread,Bet365.US.NJ,away,-110,-115,-3.5,1.5
2026-09-28T22:41:02.422558+00:00,nfl,sr:match:71515840,spread,Bet365.US.NJ,home,-110,-105,3.5,-1.5
2026-09-28T22:41:02.422558+00:00,nfl,sr:match:71515840,spread,WilliamHillNewJersey,away,-107,-115,-3.5,1.5
2026-09-28T22:41:02.422558+00:00,nfl,sr:match:71515840,spread,WilliamHillNewJersey,home,-113,-115,3.5,-1.5
2026-09-28T22:41:02.422558+00:00,nfl,sr:match:71515840,spread,FanDuel,away,-112,-118,-3.5,1.5
2026-09-28T22:41:02.422558+00:00,nfl,sr:match:71515840,spread,FanDuel,home,-108,-104,3.5,-1.5
2026-09-28T22:41:02.422558+00:00,nfl,sr:match:71515840,total,MGM,over,-111,-108,42.5,43.5
2026-09-28T22:41:02.422558+00:00,nfl,sr:match:71515840,total,MGM,under,-111,-111,42.5,43.5
2026-09-28T22:41:02.422558+00:00,nfl,sr:match:71515840,total,DraftKings,over,-108,-110,42.5,46.5
2026-09-28T22:41:02.422558+00:00,nfl,sr:match:71515840,total,DraftKings,under,-123,-110,42.5,46.5
2026-09-28T22:41:02.422558+00:00,nfl,sr:match:71515840,total,Bet365.US.NJ,over,-110,-110,42.5,47.5
2026-09-28T22:41:02.422558+00:00,nfl,sr:match:71515840,total,Bet365.US.NJ,under,-110,-110,42.5,47.5
2026-09-28T22:41:02.422558+00:00,nfl,sr:match:71515840,total,WilliamHillNewJersey,over,-107,-115,42.5,46.5
2026-09-28T22:41:02.422558+00:00,nfl,sr:match:71515840,total,WilliamHillNewJersey,under,-113,-115,42.5,46.5
2026-09-28T22:41:02.422558+00:00,nfl,sr:match:71515840,total,FanDuel,over,-110,-102,42.5,48.5
2026-09-28T22:41:02.422558+00:00,nfl,sr:match:71515840,total,FanDuel,under,-110,-120,42.5,48.5
2026-09-28T23:09:56.004878+00:00,nfl,sr:match:71515840,moneyline,DraftKings,away,-198,-102,,
2026-09-28T23:09:56.004878+00:00,nfl,sr:match:71515840,moneyline,DraftKings,home,+164,-118,,
2026-09-28T23:09:56.004878+00:00,nfl,sr:match:71515840,moneyline,Bet365.US.NJ,away,-200,-105,,
2026-09-28T23:09:56.004878+00:00,nfl,sr:match:71515840,moneyline,Bet365.US.NJ,home,+165,-115,,
2026-09-28T23:09:56.004878+00:00,nfl,sr:match:71515840,moneyline,WilliamHillNewJersey,away,-197,+100,,
2026-09-28T23:09:56.004878+00:00,nfl,sr:match:71515840,moneyline,WilliamHillNewJersey,home,+168,-131,,
2026-09-28T23:09:56.004878+00:00,nfl,sr:match:71515840,moneyline,FanDuel,away,-200,-104,,
2026-09-28T23:09:56.004878+00:00,nfl,sr:match:71515840,moneyline,FanDuel,home,+168,-112,,
2026-09-28T23:09:56.004878+00:00,nfl,sr:match:71515840,spread,MGM,away,-102,-111,-3.5,-4.0
2026-09-28T23:09:56.004878+00:00,nfl,sr:match:71515840,spread,MGM,home,-108,-108,3.5,4.0
2026-09-28T23:09:56.004878+00:00,nfl,sr:match:71515840,spread,DraftKings,away,-105,-115,-3.5,1.5
2026-09-28T23:09:56.004878+00:00,nfl,sr:match:71515840,spread,DraftKings,home,-115,-105,3.5,-1.5
2026-09-28T23:09:56.004878+00:00,nfl,sr:match:71515840,spread,Bet365.US.NJ,away,-105,-115,-3.5,1.5
2026-09-28T23:09:56.004878+00:00,nfl,sr:match:71515840,spread,Bet365.US.NJ,home,-115,-105,3.5,-1.5
2026-09-28T23:09:56.004878+00:00,nfl,sr:match:71515840,spread,WilliamHillNewJersey,away,-107,-115,-3.5,1.5
2026-09-28T23:09:56.004878+00:00,nfl,sr:match:71515840,spread,WilliamHillNewJersey,home,-113,-115,3.5,-1.5
2026-09-28T23:09:56.004878+00:00,nfl,sr:match:71515840,spread,FanDuel,away,-112,-118,-3.5,1.5
2026-09-28T23:09:56.004878+00:00,nfl,sr:match:71515840,spread,FanDuel,home,-108,-104,3.5,-1.5
2026-09-28T23:09:56.004878+00:00,nfl,sr:match:71515840,total,MGM,over,-108,-108,42.5,43.5
2026-09-28T23:09:56.004878+00:00,nfl,sr:match:71515840,total,MGM,under,-111,-111,42.5,43.5
2026-09-28T23:09:56.004878+00:00,nfl,sr:match:71515840,total,DraftKings,over,-108,-110,42.5,46.5
2026-09-28T23:09:56.004878+00:00,nfl,sr:match:71515840,total,DraftKings,under,-112,-110,42.5,46.5
2026-09-28T23:09:56.004878+00:00,nfl,sr:match:71515840,total,Bet365.US.NJ,over,-110,-110,42.5,47.5
2026-09-28T23:09:56.004878+00:00,nfl,sr:match:71515840,total,Bet365.US.NJ,under,-110,-110,42.5,47.5
2026-09-28T23:09:56.004878+00:00,nfl,sr:match:71515840,total,WilliamHillNewJersey,over,-107,-115,42.5,46.5
2026-09-28T23:09:56.004878+00:00,nfl,sr:match:71515840,total,WilliamHillNewJersey,under,-113,-115,42.5,46.5
2026-09-28T23:09:56.004878+00:00,nfl,sr:match:71515840,total,FanDuel,over,-110,-102,42.5,48.5
2026-09-28T23:09:56.004878+00:00,nfl,sr:match:71515840,total,FanDuel,under,-110,-120,42.5,48.5
2026-09-28T23:26:37.228707+00:00,nfl,sr:match:71515840,moneyline,DraftKings,away,-198,-102,,
2026-09-28T23:26:37.228707+00:00,nfl,sr:match:71515840,moneyline,DraftKings,home,+164,-118,,
2026-09-28T23:26:37.228707+00:00,nfl,sr:match:71515840,moneyline,Bet365.US.NJ,away,-200,-105,,
2026-09-28T23:26:37.228707+00:00,nfl,sr:match:71515840,moneyline,Bet365.US.NJ,home,+165,-115,,
2026-09-28T23:26:37.228707+00:00,nfl,sr:match:71515840,moneyline,WilliamHillNewJersey,away,-197,+100,,
2026-09-28T23:26:37.228707+00:00,nfl,sr:match:71515840,moneyline,WilliamHillNewJersey,home,+168,-131,,
2026-09-28T23:26:37.228707+00:00,nfl,sr:match:71515840,moneyline,FanDuel,away,-200,-104,,
2026-09-28T23:26:37.228707+00:00,nfl,sr:match:71515840,moneyline,FanDuel,home,+168,-112,,
2026-09-28T23:26:37.228707+00:00,nfl,sr:match:71515840,spread,MGM,away,-102,-111,-3.5,-4.0
2026-09-28T23:26:37.228707+00:00,nfl,sr:match:71515840,spread,MGM,home,-108,-108,3.5,4.0
2026-09-28T23:26:37.228707+00:00,nfl,sr:match:71515840,spread,DraftKings,away,-105,-115,-3.5,1.5
2026-09-28T23:26:37.228707+00:00,nfl,sr:match:71515840,spread,DraftKings,home,-115,-105,3.5,-1.5
2026-09-28T23:26:37.228707+00:00,nfl,sr:match:71515840,spread,Bet365.US.NJ,away,-105,-115,-3.5,1.5
2026-09-28T23:26:37.228707+00:00,nfl,sr:match:71515840,spread,Bet365.US.NJ,home,-115,-105,3.5,-1.5
2026-09-28T23:26:37.228707+00:00,nfl,sr:match:71515840,spread,WilliamHillNewJersey,away,-105,-115,-3.5,1.5
2026-09-28T23:26:37.228707+00:00,nfl,sr:match:71515840,spread,WilliamHillNewJersey,home,-115,-115,3.5,-1.5
2026-09-28T23:26:37.228707+00:00,nfl,sr:match:71515840,spread,FanDuel,away,-112,-118,-3.5,1.5
2026-09-28T23:26:37.228707+00:00,nfl,sr:match:71515840,spread,FanDuel,home,-108,-104,3.5,-1.5
2026-09-28T23:26:37.228707+00:00,nfl,sr:match:71515840,total,MGM,over,-108,-108,42.5,43.5
2026-09-28T23:26:37.228707+00:00,nfl,sr:match:71515840,total,MGM,under,-111,-111,42.5,43.5
2026-09-28T23:26:37.228707+00:00,nfl,sr:match:71515840,total,DraftKings,over,-108,-110,42.5,46.5
2026-09-28T23:26:37.228707+00:00,nfl,sr:match:71515840,total,DraftKings,under,-112,-110,42.5,46.5
2026-09-28T23:26:37.228707+00:00,nfl,sr:match:71515840,total,Bet365.US.NJ,over,-110,-110,42.5,47.5
2026-09-28T23:26:37.228707+00:00,nfl,sr:match:71515840,total,Bet365.US.NJ,under,-110,-110,42.5,47.5
2026-09-28T23:26:37.228707+00:00,nfl,sr:match:71515840,total,WilliamHillNewJersey,over,-107,-115,42.5,46.5
2026-09-28T23:26:37.228707+00:00,nfl,sr:match:71515840,total,WilliamHillNewJersey,under,-113,-115,42.5,46.5
2026-09-28T23:26:37.228707+00:00,nfl,sr:match:71515840,total,FanDuel,over,-110,-102,42.5,48.5
2026-09-28T23:26:37.228707+00:00,nfl,sr:match:71515840,total,FanDuel,under,-110,-120,42.5,48.5
2026-09-28T23:54:05.475820+00:00,nfl,sr:match:71515840,moneyline,DraftKings,away,-198,-102,,
2026-09-28T23:54:05.475820+00:00,nfl,sr:match:71515840,moneyline,DraftKings,home,+164,-118,,
2026-09-28T23:54:05.475820+00:00,nfl,sr:match:71515840,moneyline,Bet365.US.NJ,away,-200,-105,,
2026-09-28T23:54:05.475820+00:00,nfl,sr:match:71515840,moneyline,Bet365.US.NJ,home,+165,-115,,
2026-09-28T23:54:05.475820+00:00,nfl,sr:match:71515840,moneyline,WilliamHillNewJersey,away,-197,+100,,
2026-09-28T23:54:05.475820+00:00,nfl,sr:match:71515840,moneyline,WilliamHillNewJersey,home,+168,-131,,
2026-09-28T23:54:05.475820+00:00,nfl,sr:match:71515840,moneyline,FanDuel,away,-190,-104,,
2026-09-28T23:54:05.475820+00:00,nfl,sr:match:71515840,moneyline,FanDuel,home,+160,-112,,
2026-09-28T23:54:05.475820+00:00,nfl,sr:match:71515840,spread,MGM,away,-108,-111,-3.5,-4.0
2026-09-28T23:54:05.475820+00:00,nfl,sr:match:71515840,spread,MGM,home,-102,-108,3.5,4.0
2026-09-28T23:54:05.475820+00:00,nfl,sr:match:71515840,spread,DraftKings,away,-112,-115,-3.5,1.5
2026-09-28T23:54:05.475820+00:00,nfl,sr:match:71515840,spread,DraftKings,home,-108,-105,3.5,-1.5
2026-09-28T23:54:05.475820+00:00,nfl,sr:match:71515840,spread,Bet365.US.NJ,away,-105,-115,-3.5,1.5
2026-09-28T23:54:05.475820+00:00,nfl,sr:match:71515840,spread,Bet365.US.NJ,home,-115,-105,3.5,-1.5
2026-09-28T23:54:05.475820+00:00,nfl,sr:match:71515840,spread,WilliamHillNewJersey,away,-105,-115,-3.5,1.5
2026-09-28T23:54:05.475820+00:00,nfl,sr:match:71515840,spread,WilliamHillNewJersey,home,-115,-115,3.5,-1.5
2026-09-28T23:54:05.475820+00:00,nfl,sr:match:71515840,spread,FanDuel,away,-108,-118,-3.5,1.5
2026-09-28T23:54:05.475820+00:00,nfl,sr:match:71515840,spread,FanDuel,home,-112,-104,3.5,-1.5
2026-09-28T23:54:05.475820+00:00,nfl,sr:match:71515840,total,MGM,over,-108,-108,42.5,43.5
2026-09-28T23:54:05.475820+00:00,nfl,sr:match:71515840,total,MGM,under,-111,-111,42.5,43.5
2026-09-28T23:54:05.475820+00:00,nfl,sr:match:71515840,total,DraftKings,over,-108,-110,42.5,46.5
2026-09-28T23:54:05.475820+00:00,nfl,sr:match:71515840,total,DraftKings,under,-112,-110,42.5,46.5
2026-09-28T23:54:05.475820+00:00,nfl,sr:match:71515840,total,Bet365.US.NJ,over,-110,-110,42.5,47.5
2026-09-28T23:54:05.475820+00:00,nfl,sr:match:71515840,total,Bet365.US.NJ,under,-110,-110,42.5,47.5
2026-09-28T23:54:05.475820+00:00,nfl,sr:match:71515840,total,WilliamHillNewJersey,over,-107,-115,42.5,46.5
2026-09-28T23:54:05.475820+00:00,nfl,sr:match:71515840,total,WilliamHillNewJersey,under,-113,-115,42.5,46.5
2026-09-28T23:54:05.475820+00:00,nfl,sr:match:71515840,total,FanDuel,over,-114,-102,42.5,48.5
2026-09-28T23:54:05.475820+00:00,nfl,sr:match:71515840,total,FanDuel,under,-106,-120,42.5,48.5
2026-09-29T00:39:52.621046+00:00,nfl,sr:match:71515870,moneyline,DraftKings,away,+130,+114,,
2026-09-29T00:39:52.621046+00:00,nfl,sr:match:71515870,moneyline,DraftKings,home,-155,-135,,
2026-09-29T00:39:52.621046+00:00,nfl,sr:match:71515870,moneyline,Bet365.US.NJ,away,+130,+160,,
2026-09-29T00:39:52.621046+00:00,nfl,sr:match:71515870,moneyline,Bet365.US.NJ,home,-155,-190,,
2026-09-29T00:39:52.621046+00:00,nfl,sr:match:71515870,moneyline,WilliamHillNewJersey,away,+127,+110,,
2026-09-29T00:39:52.621046+00:00,nfl,sr:match:71515870,moneyline,WilliamHillNewJersey,home,-150,-140,,
2026-09-29T00:39:52.621046+00:00,nfl,sr:match:71515870,moneyline,FanDuel,away,+126,+160,,
2026-09-29T00:39:52.621046+00:00,nfl,sr:match:71515870,moneyline,FanDuel,home,-148,-190,,
2026-09-29T00:39:52.621046+00:00,nfl,sr:match:71515870,spread,MGM,away,-125,-102,3.0,2.5
2026-09-29T00:39:52.621046+00:00,nfl,sr:match:71515870,spread,MGM,home,-105,-118,-3.0,-2.5
2026-09-29T00:39:52.621046+00:00,nfl,sr:match:71515870,spread,DraftKings,away,+100,-110,2.5,2.5
2026-09-29T00:39:52.621046+00:00,nfl,sr:match:71515870,spread,DraftKings,home,-120,-110,-2.5,-2.5
2026-09-29T00:39:52.621046+00:00,nfl,sr:match:71515870,spread,Bet365.US.NJ,away,+100,-110,2.5,3.5
2026-09-29T00:39:52.621046+00:00,nfl,sr:match:71515870,spread,Bet365.US.NJ,home,-120,-110,-2.5,-3.5
2026-09-29T00:39:52.621046+00:00,nfl,sr:match:71515870,spread,WilliamHillNewJersey,away,-103,-120,2.5,2.5
2026-09-29T00:39:52.621046+00:00,nfl,sr:match:71515870,spread,WilliamHillNewJersey,home,-118,-110,-2.5,-2.5
2026-09-29T00:39:52.621046+00:00,nfl,sr:match:71515870,spread,FanDuel,away,-104,-110,2.5,3.5
2026-09-29T00:39:52.621046+00:00,nfl,sr:match:71515870,spread,FanDuel,home,-118,-110,-2.5,-3.5
2026-09-29T00:39:52.621046+00:00,nfl,sr:match:71515870,total,MGM,over,-108,-108,48.5,46.5
2026-09-29T00:39:52.621046+00:00,nfl,sr:match:71515870,total,MGM,under,-111,-111,48.5,46.5
2026-09-29T00:39:52.621046+00:00,nfl,sr:match:71515870,total,DraftKings,over,-112,-110,48.5,45.5
2026-09-29T00:39:52.621046+00:00,nfl,sr:match:71515870,total,DraftKings,under,-108,-110,48.5,45.5
2026-09-29T00:39:52.621046+00:00,nfl,sr:match:71515870,total,Bet365.US.NJ,over,-110,-105,48.5,46.5
2026-09-29T00:39:52.621046+00:00,nfl,sr:match:71515870,total,Bet365.US.NJ,under,-110,-135,48.5,46.5
2026-09-29T00:39:52.621046+00:00,nfl,sr:match:71515870,total,WilliamHillNewJersey,over,-105,-110,48.5,44.5
2026-09-29T00:39:52.621046+00:00,nfl,sr:match:71515870,total,WilliamHillNewJersey,under,-115,-110,48.5,44.5
2026-09-29T00:39:52.621046+00:00,nfl,sr:match:71515870,total,FanDuel,over,-104,-105,48.5,45.5
2026-09-29T00:39:52.621046+00:00,nfl,sr:match:71515870,total,FanDuel,under,-118,-115,48.5,45.5
2026-09-29T02:42:03.327140+00:00,nfl,sr:match:71515842,moneyline,DraftKings,away,-148,-135,,
2026-09-29T02:42:03.327140+00:00,nfl,sr:match:71515842,moneyline,DraftKings,home,+124,+114,,
2026-09-29T02:42:03.327140+00:00,nfl,sr:match:71515842,moneyline,Bet365.US.NJ,away,-155,-135,,
2026-09-29T02:42:03.327140+00:00,nfl,sr:match:71515842,moneyline,Bet365.US.NJ,home,+130,+115,,
2026-09-29T02:42:03.327140+00:00,nfl,sr:match:71515842,moneyline,WilliamHillNewJersey,away,-152,-140,,
2026-09-29T02:42:03.327140+00:00,nfl,sr:match:71515842,moneyline,WilliamHillNewJersey,home,+128,+110,,
2026-09-29T02:42:03.327140+00:00,nfl,sr:match:71515842,moneyline,FanDuel,away,-144,-134,,
2026-09-29T02:42:03.327140+00:00,nfl,sr:match:71515842,moneyline,FanDuel,home,+122,+114,,
2026-09-29T02:42:03.327140+00:00,nfl,sr:match:71515842,spread,MGM,away,-105,-114,-3.0,-2.5
2026-09-29T02:42:03.327140+00:00,nfl,sr:match:71515842,spread,MGM,home,-125,-105,3.0,2.5
2026-09-29T02:42:03.327140+00:00,nfl,sr:match:71515842,spread,DraftKings,away,-120,-110,-2.5,-2.5
2026-09-29T02:42:03.327140+00:00,nfl,sr:match:71515842,spread,DraftKings,home,+100,-110,2.5,2.5
2026-09-29T02:42:03.327140+00:00,nfl,sr:match:71515842,spread,Bet365.US.NJ,away,-120,-110,-2.5,-2.5
2026-09-29T02:42:03.327140+00:00,nfl,sr:match:71515842,spread,Bet365.US.NJ,home,+100,-110,2.5,2.5
2026-09-29T02:42:03.327140+00:00,nfl,sr:match:71515842,spread,WilliamHillNewJersey,away,-114,-115,-2.5,-1.5
2026-09-29T02:42:03.327140+00:00,nfl,sr:match:71515842,spread,WilliamHillNewJersey,home,-106,-115,2.5,1.5
2026-09-29T02:42:03.327140+00:00,nfl,sr:match:71515842,spread,FanDuel,away,-114,-110,-2.5,-2.5
2026-09-29T02:42:03.327140+00:00,nfl,sr:match:71515842,spread,FanDuel,home,-106,-110,2.5,2.5
2026-09-29T02:42:03.327140+00:00,nfl,sr:match:71515842,total,MGM,over,-111,-111,38.0,38.0
2026-09-29T02:42:03.327140+00:00,nfl,sr:match:71515842,total,MGM,under,-108,-108,38.0,38.0
2026-09-29T02:42:03.327140+00:00,nfl,sr:match:71515842,total,DraftKings,over,-110,-110,38.5,40.5
2026-09-29T02:42:03.327140+00:00,nfl,sr:match:71515842,total,DraftKings,under,-110,-110,38.5,40.5
2026-09-29T02:42:03.327140+00:00,nfl,sr:match:71515842,total,Bet365.US.NJ,over,-110,-110,38.5,37.5
2026-09-29T02:42:03.327140+00:00,nfl,sr:match:71515842,total,Bet365.US.NJ,under,-110,-110,38.5,37.5
2026-09-29T02:42:03.327140+00:00,nfl,sr:match:71515842,total,WilliamHillNewJersey,over,-110,-115,38.5,38.5
2026-09-29T02:42:03.327140+00:00,nfl,sr:match:71515842,total,WilliamHillNewJersey,under,-109,-115,38.5,38.5
2026-09-29T02:42:03.327140+00:00,nfl,sr:match:71515842,total,FanDuel,over,-104,-105,38.5,37.5
2026-09-29T02:42:03.327140+00:00,nfl,sr:match:71515842,total,FanDuel,under,-118,-115,38.5,37.5
2026-09-29T02:42:03.327140+00:00,nfl,sr:match:71488622,moneyline,MGM,away,-105,-105,,
2026-09-29T02:42:03.327140+00:00,nfl,sr:match:71488622,moneyline,MGM,home,-115,-115,,
2026-09-29T02:42:03.327140+00:00,nfl,sr:match:71488622,moneyline,DraftKings,away,-185,-102,,
2026-09-29T02:42:03.327140+00:00,nfl,sr:match:71488622,moneyline,DraftKings,home,+154,-118,,
2026-09-29T02:42:03.327140+00:00,nfl,sr:match:71488622,moneyline,Bet365.US.NJ,away,-180,-105,,
2026-09-29T02:42:03.327140+00:00,nfl,sr:match:71488622,moneyline,Bet365.US.NJ,home,+150,-115,,
2026-09-29T02:42:03.327140+00:00,nfl,sr:match:71488622,moneyline,WilliamHillNewJersey,away,-190,-115,,
2026-09-29T02:42:03.327140+00:00,nfl,sr:match:71488622,moneyline,WilliamHillNewJersey,home,+155,-105,,
2026-09-29T02:42:03.327140+00:00,nfl,sr:match:71488622,moneyline,FanDuel,away,-184,+100,,
2026-09-29T02:42:03.327140+00:00,nfl,sr:match:71488622,moneyline,FanDuel,home,+154,-118,,
2026-09-29T02:42:03.327140+00:00,nfl,sr:match:71488622,spread,MGM,away,-108,-120,-3.5,1.5
2026-09-29T02:42:03.327140+00:00,nfl,sr:match:71488622,spread,MGM,home,-111,+100,3.5,-1.5
2026-09-29T02:42:03.327140+00:00,nfl,sr:match:71488622,spread,DraftKings,away,-108,-118,-3.5,1.5
2026-09-29T02:42:03.327140+00:00,nfl,sr:match:71488622,spread,DraftKings,home,-112,-102,3.5,-1.5
2026-09-29T02:42:03.327140+00:00,nfl,sr:match:71488622,spread,Bet365.US.NJ,away,-110,-110,-3.5,1.5
2026-09-29T02:42:03.327140+00:00,nfl,sr:match:71488622,spread,Bet365.US.NJ,home,-110,-110,3.5,-1.5
2026-09-29T02:42:03.327140+00:00,nfl,sr:match:71488622,spread,WilliamHillNewJersey,away,-110,-105,-3.5,-1.0
2026-09-29T02:42:03.327140+00:00,nfl,sr:match:71488622,spread,WilliamHillNewJersey,home,-111,-115,3.5,1.0
2026-09-29T02:42:03.327140+00:00,nfl,sr:match:71488622,spread,FanDuel,away,-106,-115,-3.5,1.5
2026-09-29T02:42:03.327140+00:00,nfl,sr:match:71488622,spread,FanDuel,home,-114,-105,3.5,-1.5
2026-09-29T02:42:03.327140+00:00,nfl,sr:match:71488622,total,MGM,over,-108,-110,47.0,49.5
2026-09-29T02:42:03.327140+00:00,nfl,sr:match:71488622,total,MGM,under,-111,-110,47.0,49.5
2026-09-29T02:42:03.327140+00:00,nfl,sr:match:71488622,total,DraftKings,over,-102,-110,47.5,48.5
2026-09-29T02:42:03.327140+00:00,nfl,sr:match:71488622,total,DraftKings,under,-118,-110,47.5,48.5
2026-09-29T02:42:03.327140+00:00,nfl,sr:match:71488622,total,Bet365.US.NJ,over,-105,-110,47.5,49.5
2026-09-29T02:42:03.327140+00:00,nfl,sr:match:71488622,total,Bet365.US.NJ,under,-115,-110,47.5,49.5
2026-09-29T02:42:03.327140+00:00,nfl,sr:match:71488622,total,WilliamHillNewJersey,over,-112,-110,47.0,48.5
2026-09-29T02:42:03.327140+00:00,nfl,sr:match:71488622,total,WilliamHillNewJersey,under,-109,-110,47.0,48.5
2026-09-29T02:42:03.327140+00:00,nfl,sr:match:71488622,total,FanDuel,over,-102,-112,47.5,50.5
2026-09-29T02:42:03.327140+00:00,nfl,sr:match:71488622,total,FanDuel,under,-120,-108,47.5,50.5
2026-09-29T02:42:03.327140+00:00,nfl,sr:match:71515848,moneyline,DraftKings,away,+130,+300,,
2026-09-29T02:42:03.327140+00:00,nfl,sr:match:71515848,moneyline,DraftKings,home,-155,-380,,
2026-09-29T02:42:03.327140+00:00,nfl,sr:match:71515848,moneyline,Bet365.US.NJ,away,+135,+150,,
2026-09-29T02:42:03.327140+00:00,nfl,sr:match:71515848,moneyline,Bet365.US.NJ,home,-160,-180,,
2026-09-29T02:42:03.327140+00:00,nfl,sr:match:71515848,moneyline,WilliamHillNewJersey,away,+130,+305,,
2026-09-29T02:42:03.327140+00:00,nfl,sr:match:71515848,moneyline,WilliamHillNewJersey,home,-154,-426,,
2026-09-29T02:42:03.327140+00:00,nfl,sr:match:71515848,moneyline,FanDuel,away,+138,+154,,
2026-09-29T02:42:03.327140+00:00,nfl,sr:match:71515848,moneyline,FanDuel,home,-164,-184,,
2026-09-29T02:42:03.327140+00:00,nfl,sr:match:71515848,spread,MGM,away,+290,-111,-6.5,3.0
2026-09-29T02:42:03.327140+00:00,nfl,sr:match:71515848,spread,MGM,home,-417,-108,6.5,-3.0
2026-09-29T02:42:03.327140+00:00,nfl,sr:match:71515848,spread,DraftKings,away,-503,-110,13.5,8.5
2026-09-29T02:42:03.327140+00:00,nfl,sr:match:71515848,spread,DraftKings,home,+324,-110,-13.5,-8.5
2026-09-29T02:42:03.327140+00:00,nfl,sr:match:71515848,spread,Bet365.US.NJ,away,-115,-110,3.0,3.0
2026-09-29T02:42:03.327140+00:00,nfl,sr:match:71515848,spread,Bet365.US.NJ,home,-105,-110,-3.0,-3.0
2026-09-29T02:42:03.327140+00:00,nfl,sr:match:71515848,spread,WilliamHillNewJersey,away,-114,-115,3.0,9.0
2026-09-29T02:42:03.327140+00:00,nfl,sr:match:71515848,spread,WilliamHillNewJersey,home,-106,-115,-3.0,-9.0
2026-09-29T02:42:03.327140+00:00,nfl,sr:match:71515848,spread,FanDuel,away,-110,-104,3.0,3.0
2026-09-29T02:42:03.327140+00:00,nfl,sr:match:71515848,spread,FanDuel,home,-110,-118,-3.0,-3.0
2026-09-29T02:42:03.327140+00:00,nfl,sr:match:71515848,total,MGM,over,-294,-111,36.5,43.0
2026-09-29T02:42:03.327140+00:00,nfl,sr:match:71515848,total,MGM,under,+210,-108,36.5,43.0
2026-09-29T02:42:03.327140+00:00,nfl,sr:match:71515848,total,DraftKings,over,-437,-110,33.5,45.5
2026-09-29T02:42:03.327140+00:00,nfl,sr:match:71515848,total,DraftKings,under,+291,-110,33.5,45.5
2026-09-29T02:42:03.327140+00:00,nfl,sr:match:71515848,total,Bet365.US.NJ,over,+615,-110,59.5,43.5
2026-09-29T02:42:03.327140+00:00,nfl,sr:match:71515848,total,Bet365.US.NJ,under,-1266,-110,59.5,43.5
2026-09-29T02:42:03.327140+00:00,nfl,sr:match:71515848,total,WilliamHillNewJersey,over,-110,-115,43.0,44.5
2026-09-29T02:42:03.327140+00:00,nfl,sr:match:71515848,total,WilliamHillNewJersey,under,-109,-115,43.0,44.5
2026-09-29T02:42:03.327140+00:00,nfl,sr:match:71515848,total,FanDuel,over,-110,-105,43.5,43.5
2026-09-29T02:42:03.327140+00:00,nfl,sr:match:71515848,total,FanDuel,under,-110,-115,43.5,43.5
2026-09-29T02:42:03.327140+00:00,nfl,sr:match:71515850,moneyline,DraftKings,away,+124,+114,,
2026-09-29T02:42:03.327140+00:00,nfl,sr:match:71515850,moneyline,DraftKings,home,-148,-135,,
2026-09-29T02:42:03.327140+00:00,nfl,sr:match:71515850,moneyline,Bet365.US.NJ,away,+125,+130,,
2026-09-29T02:42:03.327140+00:00,nfl,sr:match:71515850,moneyline,Bet365.US.NJ,home,-150,-155,,
2026-09-29T02:42:03.327140+00:00,nfl,sr:match:71515850,moneyline,WilliamHillNewJersey,away,+124,+130,,
2026-09-29T02:42:03.327140+00:00,nfl,sr:match:71515850,moneyline,WilliamHillNewJersey,home,-148,-170,,
2026-09-29T02:42:03.327140+00:00,nfl,sr:match:71515850,moneyline,FanDuel,away,+110,+120,,
2026-09-29T02:42:03.327140+00:00,nfl,sr:match:71515850,moneyline,FanDuel,home,-130,-142,,
2026-09-29T02:42:03.327140+00:00,nfl,sr:match:71515850,spread,MGM,away,-105,-108,2.5,2.5
2026-09-29T02:42:03.327140+00:00,nfl,sr:match:71515850,spread,MGM,home,-114,-111,-2.5,-2.5
2026-09-29T02:42:03.327140+00:00,nfl,sr:match:71515850,spread,DraftKings,away,-102,-110,2.5,2.5
2026-09-29T02:42:03.327140+00:00,nfl,sr:match:71515850,spread,DraftKings,home,-118,-110,-2.5,-2.5
2026-09-29T02:42:03.327140+00:00,nfl,sr:match:71515850,spread,Bet365.US.NJ,away,-105,-105,2.5,2.5
2026-09-29T02:42:03.327140+00:00,nfl,sr:match:71515850,spread,Bet365.US.NJ,home,-115,-115,-2.5,-2.5
2026-09-29T02:42:03.327140+00:00,nfl,sr:match:71515850,spread,WilliamHillNewJersey,away,-103,-115,2.5,3.0
2026-09-29T02:42:03.327140+00:00,nfl,sr:match:71515850,spread,WilliamHillNewJersey,home,-118,-115,-2.5,-3.0
2026-09-29T02:42:03.327140+00:00,nfl,sr:match:71515850,spread,FanDuel,away,-115,-105,2.5,2.5
2026-09-29T02:42:03.327140+00:00,nfl,sr:match:71515850,spread,FanDuel,home,-105,-115,-2.5,-2.5
2026-09-29T02:42:03.327140+00:00,nfl,sr:match:71515850,total,MGM,over,-105,-111,52.0,50.0
2026-09-29T02:42:03.327140+00:00,nfl,sr:match:71515850,total,MGM,under,-125,-108,52.0,50.0
2026-09-29T02:42:03.327140+00:00,nfl,sr:match:71515850,total,DraftKings,over,-102,-110,51.5,51.5
2026-09-29T02:42:03.327140+00:00,nfl,sr:match:71515850,total,DraftKings,under,-118,-110,51.5,51.5
2026-09-29T02:42:03.327140+00:00,nfl,sr:match:71515850,total,Bet365.US.NJ,over,-110,-110,51.5,50.5
2026-09-29T02:42:03.327140+00:00,nfl,sr:match:71515850,total,Bet365.US.NJ,under,-110,-110,51.5,50.5
2026-09-29T02:42:03.327140+00:00,nfl,sr:match:71515850,total,WilliamHillNewJersey,over,-107,-115,51.5,51.5
2026-09-29T02:42:03.327140+00:00,nfl,sr:match:71515850,total,WilliamHillNewJersey,under,-113,-115,51.5,51.5
2026-09-29T02:42:03.327140+00:00,nfl,sr:match:71515850,total,FanDuel,over,-110,-104,51.5,51.5
2026-09-29T02:42:03.327140+00:00,nfl,sr:match:71515850,total,FanDuel,under,-110,-118,51.5,51.5
2026-09-29T02:42:03.327140+00:00,nfl,sr:match:71515852,moneyline,DraftKings,away,+120,+114,,
2026-09-29T02:42:03.327140+00:00,nfl,sr:match:71515852,moneyline,DraftKings,home,-142,-135,,
2026-09-29T02:42:03.327140+00:00,nfl,sr:match:71515852,moneyline,Bet365.US.NJ,away,+125,+125,,
2026-09-29T02:42:03.327140+00:00,nfl,sr:match:71515852,moneyline,Bet365.US.NJ,home,-150,-150,,
2026-09-29T02:42:03.327140+00:00,nfl,sr:match:71515852,moneyline,WilliamHillNewJersey,away,+120,+130,,
2026-09-29T02:42:03.327140+00:00,nfl,sr:match:71515852,moneyline,WilliamHillNewJersey,home,-141,-170,,
2026-09-29T02:42:03.327140+00:00,nfl,sr:match:71515852,moneyline,FanDuel,away,+116,+118,,
2026-09-29T02:42:03.327140+00:00,nfl,sr:match:71515852,moneyline,FanDuel,home,-136,-138,,
2026-09-29T02:42:03.327140+00:00,nfl,sr:match:71515852,spread,MGM,away,-105,-108,2.5,1.5
2026-09-29T02:42:03.327140+00:00,nfl,sr:match:71515852,spread,MGM,home,-114,-111,-2.5,-1.5
2026-09-29T02:42:03.327140+00:00,nfl,sr:match:71515852,spread,DraftKings,away,-102,-110,2.5,2.5
2026-09-29T02:42:03.327140+00:00,nfl,sr:match:71515852,spread,DraftKings,home,-118,-110,-2.5,-2.5
2026-09-29T02:42:03.327140+00:00,nfl,sr:match:71515852,spread,Bet365.US.NJ,away,-105,-110,2.5,2.5
2026-09-29T02:42:03.327140+00:00,nfl,sr:match:71515852,spread,Bet365.US.NJ,home,-115,-110,-2.5,-2.5
2026-09-29T02:42:03.327140+00:00,nfl,sr:match:71515852,spread,WilliamHillNewJersey,away,-107,-120,2.5,3.0
2026-09-29T02:42:03.327140+00:00,nfl,sr:match:71515852,spread,WilliamHillNewJersey,home,-113,-110,-2.5,-3.0
2026-09-29T02:42:03.327140+00:00,nfl,sr:match:71515852,spread,FanDuel,away,-110,-110,2.5,2.5
2026-09-29T02:42:03.327140+00:00,nfl,sr:match:71515852,spread,FanDuel,home,-110,-110,-2.5,-2.5
2026-09-29T02:42:03.327140+00:00,nfl,sr:match:71515852,total,MGM,over,-108,-108,48.0,47.0
2026-09-29T02:42:03.327140+00:00,nfl,sr:match:71515852,total,MGM,under,-111,-111,48.0,47.0
2026-09-29T02:42:03.327140+00:00,nfl,sr:match:71515852,total,DraftKings,over,-107,-110,48.5,47.5
2026-09-29T02:42:03.327140+00:00,nfl,sr:match:71515852,total,DraftKings,under,-124,-110,48.5,47.5
2026-09-29T02:42:03.327140+00:00,nfl,sr:match:71515852,total,Bet365.US.NJ,over,-110,-110,48.5,47.5
2026-09-29T02:42:03.327140+00:00,nfl,sr:match:71515852,total,Bet365.US.NJ,under,-130,-110,48.5,47.5
2026-09-29T02:42:03.327140+00:00,nfl,sr:match:71515852,total,WilliamHillNewJersey,over,-115,-115,47.5,46.5
2026-09-29T02:42:03.327140+00:00,nfl,sr:match:71515852,total,WilliamHillNewJersey,under,-105,-115,47.5,46.5
2026-09-29T02:42:03.327140+00:00,nfl,sr:match:71515852,total,FanDuel,over,-114,-105,47.5,47.5
2026-09-29T02:42:03.327140+00:00,nfl,sr:match:71515852,total,FanDuel,under,-106,-115,47.5,47.5
2026-09-29T02:42:03.327140+00:00,nfl,sr:match:71515856,moneyline,DraftKings,away,-130,-118,,
2026-09-29T02:42:03.327140+00:00,nfl,sr:match:71515856,moneyline,DraftKings,home,+110,-102,,
2026-09-29T02:42:03.327140+00:00,nfl,sr:match:71515856,moneyline,Bet365.US.NJ,away,-140,-140,,
2026-09-29T02:42:03.327140+00:00,nfl,sr:match:71515856,moneyline,Bet365.US.NJ,home,+120,+120,,
2026-09-29T02:42:03.327140+00:00,nfl,sr:match:71515856,moneyline,WilliamHillNewJersey,away,-134,-125,,
2026-09-29T02:42:03.327140+00:00,nfl,sr:match:71515856,moneyline,WilliamHillNewJersey,home,+114,-106,,
2026-09-29T02:42:03.327140+00:00,nfl,sr:match:71515856,moneyline,FanDuel,away,-136,-152,,
2026-09-29T02:42:03.327140+00:00,nfl,sr:match:71515856,moneyline,FanDuel,home,+116,+128,,
2026-09-29T02:42:03.327140+00:00,nfl,sr:match:71515856,spread,MGM,away,-556,-114,7.0,-2.5
2026-09-29T02:42:03.327140+00:00,nfl,sr:match:71515856,spread,MGM,home,+360,-105,-7.0,2.5
2026-09-29T02:42:03.327140+00:00,nfl,sr:match:71515856,spread,DraftKings,away,+900,-105,-22.5,-1.5
2026-09-29T02:42:03.327140+00:00,nfl,sr:match:71515856,spread,DraftKings,home,-3333,-115,22.5,1.5
2026-09-29T02:42:03.327140+00:00,nfl,sr:match:71515856,spread,Bet365.US.NJ,away,-115,-105,-2.5,-2.5
2026-09-29T02:42:03.327140+00:00,nfl,sr:match:71515856,spread,Bet365.US.NJ,home,-105,-115,2.5,2.5
2026-09-29T02:42:03.327140+00:00,nfl,sr:match:71515856,spread,WilliamHillNewJersey,away,-108,-115,-2.5,-1.5
2026-09-29T02:42:03.327140+00:00,nfl,sr:match:71515856,spread,WilliamHillNewJersey,home,-110,-115,2.5,1.5
2026-09-29T02:42:03.327140+00:00,nfl,sr:match:71515856,spread,FanDuel,away,-110,-104,-2.5,-3.0
2026-09-29T02:42:03.327140+00:00,nfl,sr:match:71515856,spread,FanDuel,home,-110,-118,2.5,3.0
2026-09-29T02:42:03.327140+00:00,nfl,sr:match:71515856,total,MGM,over,+105,-108,47.5,46.0
2026-09-29T02:42:03.327140+00:00,nfl,sr:match:71515856,total,MGM,under,-143,-111,47.5,46.0
2026-09-29T02:42:03.327140+00:00,nfl,sr:match:71515856,total,DraftKings,over,-1099,-110,31.5,47.5
2026-09-29T02:42:03.327140+00:00,nfl,sr:match:71515856,total,DraftKings,under,+551,-110,31.5,47.5
2026-09-29T02:42:03.327140+00:00,nfl,sr:match:71515856,total,Bet365.US.NJ,over,-135,-110,45.5,45.5
2026-09-29T02:42:03.327140+00:00,nfl,sr:match:71515856,total,Bet365.US.NJ,under,-105,-110,45.5,45.5
2026-09-29T02:42:03.327140+00:00,nfl,sr:match:71515856,total,WilliamHillNewJersey,over,-110,-115,46.0,46.5
2026-09-29T02:42:03.327140+00:00,nfl,sr:match:71515856,total,WilliamHillNewJersey,under,-110,-115,46.0,46.5
2026-09-29T02:42:03.327140+00:00,nfl,sr:match:71515856,total,FanDuel,over,-115,-104,45.5,46.5
2026-09-29T02:42:03.327140+00:00,nfl,sr:match:71515856,total,FanDuel,under,-105,-118,45.5,46.5
2026-09-29T02:42:03.327140+00:00,nfl,sr:match:71515858,moneyline,DraftKings,away,-192,-125,,
2026-09-29T02:42:03.327140+00:00,nfl,sr:match:71515858,moneyline,DraftKings,home,+160,+105,,
2026-09-29T02:42:03.327140+00:00,nfl,sr:match:71515858,moneyline,Bet365.US.NJ,away,-200,-115,,
2026-09-29T02:42:03.327140+00:00,nfl,sr:match:71515858,moneyline,Bet365.US.NJ,home,+165,-105,,
2026-09-29T02:42:03.327140+00:00,nfl,sr:match:71515858,moneyline,WilliamHillNewJersey,away,-193,-120,,
2026-09-29T02:42:03.327140+00:00,nfl,sr:match:71515858,moneyline,WilliamHillNewJersey,home,+160,-110,,
2026-09-29T02:42:03.327140+00:00,nfl,sr:match:71515858,moneyline,FanDuel,away,-180,-102,,
2026-09-29T02:42:03.327140+00:00,nfl,sr:match:71515858,moneyline,FanDuel,home,+152,-116,,
2026-09-29T02:42:03.327140+00:00,nfl,sr:match:71515858,spread,MGM,away,-108,-105,-4.0,-3.5
2026-09-29T02:42:03.327140+00:00,nfl,sr:match:71515858,spread,MGM,home,-111,-114,4.0,3.5
2026-09-29T02:42:03.327140+00:00,nfl,sr:match:71515858,spread,DraftKings,away,-106,-110,-4.5,-1.5
2026-09-29T02:42:03.327140+00:00,nfl,sr:match:71515858,spread,DraftKings,home,-125,-110,4.5,1.5
2026-09-29T02:42:03.327140+00:00,nfl,sr:match:71515858,spread,Bet365.US.NJ,away,-120,+100,-3.5,-1.5
2026-09-29T02:42:03.327140+00:00,nfl,sr:match:71515858,spread,Bet365.US.NJ,home,+100,-120,3.5,1.5
2026-09-29T02:42:03.327140+00:00,nfl,sr:match:71515858,spread,WilliamHillNewJersey,away,-107,+0,-4.0,-1.5
2026-09-29T02:42:03.327140+00:00,nfl,sr:match:71515858,spread,WilliamHillNewJersey,home,-113,-120,4.0,1.5
2026-09-29T02:42:03.327140+00:00,nfl,sr:match:71515858,spread,FanDuel,away,-108,-118,-3.5,1.5
2026-09-29T02:42:03.327140+00:00,nfl,sr:match:71515858,spread,FanDuel,home,-112,-104,3.5,-1.5
2026-09-29T02:42:03.327140+00:00,nfl,sr:match:71515858,total,MGM,over,-111,-105,40.0,41.5
2026-09-29T02:42:03.327140+00:00,nfl,sr:match:71515858,total,MGM,under,-120,-114,40.0,41.5
2026-09-29T02:42:03.327140+00:00,nfl,sr:match:71515858,total,DraftKings,over,-118,-110,39.5,47.5
2026-09-29T02:42:03.327140+00:00,nfl,sr:match:71515858,total,DraftKings,under,-102,-110,39.5,47.5
2026-09-29T02:42:03.327140+00:00,nfl,sr:match:71515858,total,Bet365.US.NJ,over,-110,-115,39.5,45.5
2026-09-29T02:42:03.327140+00:00,nfl,sr:match:71515858,total,Bet365.US.NJ,under,-110,-105,39.5,45.5
2026-09-29T02:42:03.327140+00:00,nfl,sr:match:71515858,total,WilliamHillNewJersey,over,-115,-115,39.5,46.5
2026-09-29T02:42:03.327140+00:00,nfl,sr:match:71515858,total,WilliamHillNewJersey,under,-105,-115,39.5,46.5
2026-09-29T02:42:03.327140+00:00,nfl,sr:match:71515858,total,FanDuel,over,-114,-115,39.5,45.5
2026-09-29T02:42:03.327140+00:00,nfl,sr:match:71515858,total,FanDuel,under,-106,-105,39.5,45.5
2026-09-29T02:42:03.327140+00:00,nfl,sr:match:71515862,moneyline,DraftKings,away,-230,-258,,
2026-09-29T02:42:03.327140+00:00,nfl,sr:match:71515862,moneyline,DraftKings,home,+190,+210,,
2026-09-29T02:42:03.327140+00:00,nfl,sr:match:71515862,moneyline,Bet365.US.NJ,away,-220,-245,,
2026-09-29T02:42:03.327140+00:00,nfl,sr:match:71515862,moneyline,Bet365.US.NJ,home,+180,+200,,
2026-09-29T02:42:03.327140+00:00,nfl,sr:match:71515862,moneyline,WilliamHillNewJersey,away,-225,-255,,
2026-09-29T02:42:03.327140+00:00,nfl,sr:match:71515862,moneyline,WilliamHillNewJersey,home,+184,+190,,
2026-09-29T02:42:03.327140+00:00,nfl,sr:match:71515862,moneyline,FanDuel,away,-215,-235,,
2026-09-29T02:42:03.327140+00:00,nfl,sr:match:71515862,moneyline,FanDuel,home,+180,+194,,
2026-09-29T02:42:03.327140+00:00,nfl,sr:match:71515862,spread,MGM,away,-111,-111,-4.5,-5.0
2026-09-29T02:42:03.327140+00:00,nfl,sr:match:71515862,spread,MGM,home,-108,-108,4.5,5.0
2026-09-29T02:42:03.327140+00:00,nfl,sr:match:71515862,spread,DraftKings,away,-115,-110,-4.5,-5.5
2026-09-29T02:42:03.327140+00:00,nfl,sr:match:71515862,spread,DraftKings,home,-105,-110,4.5,5.5
2026-09-29T02:42:03.327140+00:00,nfl,sr:match:71515862,spread,Bet365.US.NJ,away,-110,-105,-4.5,-5.5
2026-09-29T02:42:03.327140+00:00,nfl,sr:match:71515862,spread,Bet365.US.NJ,home,-110,-115,4.5,5.5
2026-09-29T02:42:03.327140+00:00,nfl,sr:match:71515862,spread,WilliamHillNewJersey,away,-112,-115,-4.5,-5.5
2026-09-29T02:42:03.327140+00:00,nfl,sr:match:71515862,spread,WilliamHillNewJersey,home,-108,-115,4.5,5.5
2026-09-29T02:42:03.327140+00:00,nfl,sr:match:71515862,spread,FanDuel,away,-105,-105,-4.5,-5.5
2026-09-29T02:42:03.327140+00:00,nfl,sr:match:71515862,spread,FanDuel,home,-115,-115,4.5,5.5
2026-09-29T02:42:03.327140+00:00,nfl,sr:match:71515862,total,MGM,over,-111,-108,48.0,46.0
2026-09-29T02:42:03.327140+00:00,nfl,sr:match:71515862,total,MGM,under,-118,-111,48.0,46.0
2026-09-29T02:42:03.327140+00:00,nfl,sr:match:71515862,total,DraftKings,over,-107,-110,48.5,43.5
2026-09-29T02:42:03.327140+00:00,nfl,sr:match:71515862,total,DraftKings,under,-125,-110,48.5,43.5
2026-09-29T02:42:03.327140+00:00,nfl,sr:match:71515862,total,Bet365.US.NJ,over,-110,-115,47.5,45.5
2026-09-29T02:42:03.327140+00:00,nfl,sr:match:71515862,total,Bet365.US.NJ,under,-110,-105,47.5,45.5
2026-09-29T02:42:03.327140+00:00,nfl,sr:match:71515862,total,WilliamHillNewJersey,over,-114,-115,47.5,42.5
2026-09-29T02:42:03.327140+00:00,nfl,sr:match:71515862,total,WilliamHillNewJersey,under,-106,-115,47.5,42.5
2026-09-29T02:42:03.327140+00:00,nfl,sr:match:71515862,total,FanDuel,over,-105,-104,47.5,46.5
2026-09-29T02:42:03.327140+00:00,nfl,sr:match:71515862,total,FanDuel,under,-115,-118,47.5,46.5
2026-09-29T02:42:03.327140+00:00,nfl,sr:match:71515864,moneyline,DraftKings,away,+280,+136,,
2026-09-29T02:42:03.327140+00:00,nfl,sr:match:71515864,moneyline,DraftKings,home,-355,-162,,
2026-09-29T02:42:03.327140+00:00,nfl,sr:match:71515864,moneyline,Bet365.US.NJ,away,+270,+260,,
2026-09-29T02:42:03.327140+00:00,nfl,sr:match:71515864,moneyline,Bet365.US.NJ,home,-340,-321,,
2026-09-29T02:42:03.327140+00:00,nfl,sr:match:71515864,moneyline,WilliamHillNewJersey,away,+255,+140,,
2026-09-29T02:42:03.327140+00:00,nfl,sr:match:71515864,moneyline,WilliamHillNewJersey,home,-319,-180,,
2026-09-29T02:42:03.327140+00:00,nfl,sr:match:71515864,moneyline,FanDuel,away,+270,+275,,
2026-09-29T02:42:03.327140+00:00,nfl,sr:match:71515864,moneyline,FanDuel,home,-334,-340,,
2026-09-29T02:42:03.327140+00:00,nfl,sr:match:71515864,spread,MGM,away,-108,-105,7.0,6.5
2026-09-29T02:42:03.327140+00:00,nfl,sr:match:71515864,spread,MGM,home,-111,-114,-7.0,-6.5
2026-09-29T02:42:03.327140+00:00,nfl,sr:match:71515864,spread,DraftKings,away,-110,-110,7.0,3.0
2026-09-29T02:42:03.327140+00:00,nfl,sr:match:71515864,spread,DraftKings,home,-110,-110,-7.0,-3.0
2026-09-29T02:42:03.327140+00:00,nfl,sr:match:71515864,spread,Bet365.US.NJ,away,-110,-110,7.0,6.5
2026-09-29T02:42:03.327140+00:00,nfl,sr:match:71515864,spread,Bet365.US.NJ,home,-110,-110,-7.0,-6.5
2026-09-29T02:42:03.327140+00:00,nfl,sr:match:71515864,spread,WilliamHillNewJersey,away,-114,-110,7.0,3.0
2026-09-29T02:42:03.327140+00:00,nfl,sr:match:71515864,spread,WilliamHillNewJersey,home,-106,-120,-7.0,-3.0
2026-09-29T02:42:03.327140+00:00,nfl,sr:match:71515864,spread,FanDuel,away,-104,-115,6.5,7.0
2026-09-29T02:42:03.327140+00:00,nfl,sr:match:71515864,spread,FanDuel,home,-118,-105,-6.5,-7.0
2026-09-29T02:42:03.327140+00:00,nfl,sr:match:71515864,total,MGM,over,-111,-111,43.0,45.0
2026-09-29T02:42:03.327140+00:00,nfl,sr:match:71515864,total,MGM,under,-111,-111,43.0,45.0
2026-09-29T02:42:03.327140+00:00,nfl,sr:match:71515864,total,DraftKings,over,-105,-110,43.5,45.5
2026-09-29T02:42:03.327140+00:00,nfl,sr:match:71515864,total,DraftKings,under,-115,-110,43.5,45.5
2026-09-29T02:42:03.327140+00:00,nfl,sr:match:71515864,total,Bet365.US.NJ,over,-105,-110,43.5,42.5
2026-09-29T02:42:03.327140+00:00,nfl,sr:match:71515864,total,Bet365.US.NJ,under,-115,-110,43.5,42.5
2026-09-29T02:42:03.327140+00:00,nfl,sr:match:71515864,total,WilliamHillNewJersey,over,-108,-115,43.0,45.5
2026-09-29T02:42:03.327140+00:00,nfl,sr:match:71515864,total,WilliamHillNewJersey,under,-112,-115,43.0,45.5
2026-09-29T02:42:03.327140+00:00,nfl,sr:match:71515864,total,FanDuel,over,-106,-115,43.5,43.5
2026-09-29T02:42:03.327140+00:00,nfl,sr:match:71515864,total,FanDuel,under,-114,-105,43.5,43.5
2026-09-29T02:42:03.327140+00:00,nfl,sr:match:71515868,moneyline,DraftKings,away,-185,-155,,
2026-09-29T02:42:03.327140+00:00,nfl,sr:match:71515868,moneyline,DraftKings,home,+154,+130,,
2026-09-29T02:42:03.327140+00:00,nfl,sr:match:71515868,moneyline,Bet365.US.NJ,away,-190,-150,,
2026-09-29T02:42:03.327140+00:00,nfl,sr:match:71515868,moneyline,Bet365.US.NJ,home,+160,+125,,
2026-09-29T02:42:03.327140+00:00,nfl,sr:match:71515868,moneyline,WilliamHillNewJersey,away,-197,-180,,
2026-09-29T02:42:03.327140+00:00,nfl,sr:match:71515868,moneyline,WilliamHillNewJersey,home,+164,+140,,
2026-09-29T02:42:03.327140+00:00,nfl,sr:match:71515868,moneyline,FanDuel,away,-190,-138,,
2026-09-29T02:42:03.327140+00:00,nfl,sr:match:71515868,moneyline,FanDuel,home,+160,+118,,
2026-09-29T02:42:03.327140+00:00,nfl,sr:match:71515868,spread,MGM,away,-111,-102,-3.5,-3.0
2026-09-29T02:42:03.327140+00:00,nfl,sr:match:71515868,spread,MGM,home,-108,-115,3.5,3.0
2026-09-29T02:42:03.327140+00:00,nfl,sr:match:71515868,spread,DraftKings,away,-112,-110,-3.5,-3.0
2026-09-29T02:42:03.327140+00:00,nfl,sr:match:71515868,spread,DraftKings,home,-108,-110,3.5,3.0
2026-09-29T02:42:03.327140+00:00,nfl,sr:match:71515868,spread,Bet365.US.NJ,away,-110,-110,-3.5,-2.5
2026-09-29T02:42:03.327140+00:00,nfl,sr:match:71515868,spread,Bet365.US.NJ,home,-110,-110,3.5,2.5
2026-09-29T02:42:03.327140+00:00,nfl,sr:match:71515868,spread,WilliamHillNewJersey,away,-105,-120,-3.5,-3.0
2026-09-29T02:42:03.327140+00:00,nfl,sr:match:71515868,spread,WilliamHillNewJersey,home,-114,-110,3.5,3.0
2026-09-29T02:42:03.327140+00:00,nfl,sr:match:71515868,spread,FanDuel,away,-110,-110,-3.5,-2.5
2026-09-29T02:42:03.327140+00:00,nfl,sr:match:71515868,spread,FanDuel,home,-110,-110,3.5,2.5
2026-09-29T02:42:03.327140+00:00,nfl,sr:match:71515868,total,MGM,over,-108,-108,50.5,49.5
2026-09-29T02:42:03.327140+00:00,nfl,sr:match:71515868,total,MGM,under,-111,-111,50.5,49.5
2026-09-29T02:42:03.327140+00:00,nfl,sr:match:71515868,total,DraftKings,over,-112,-110,50.5,47.5
2026-09-29T02:42:03.327140+00:00,nfl,sr:match:71515868,total,DraftKings,under,-108,-110,50.5,47.5
2026-09-29T02:42:03.327140+00:00,nfl,sr:match:71515868,total,Bet365.US.NJ,over,-105,-110,50.5,49.5
2026-09-29T02:42:03.327140+00:00,nfl,sr:match:71515868,total,Bet365.US.NJ,under,-115,-110,50.5,49.5
2026-09-29T02:42:03.327140+00:00,nfl,sr:match:71515868,total,WilliamHillNewJersey,over,-106,-115,50.5,46.5
2026-09-29T02:42:03.327140+00:00,nfl,sr:match:71515868,total,WilliamHillNewJersey,under,-114,-115,50.5,46.5
2026-09-29T02:42:03.327140+00:00,nfl,sr:match:71515868,total,FanDuel,over,-105,-105,50.5,49.5
2026-09-29T02:42:03.327140+00:00,nfl,sr:match:71515868,total,FanDuel,under,-115,-115,50.5,49.5
2026-09-29T10:16:32.210039+00:00,nfl,sr:match:71515842,moneyline,DraftKings,away,-148,-135,,
2026-09-29T10:16:32.210039+00:00,nfl,sr:match:71515842,moneyline,DraftKings,home,+124,+114,,
2026-09-29T10:16:32.210039+00:00,nfl,sr:match:71515842,moneyline,Bet365.US.NJ,away,-150,-135,,
2026-09-29T10:16:32.210039+00:00,nfl,sr:match:71515842,moneyline,Bet365.US.NJ,home,+125,+115,,
2026-09-29T10:16:32.210039+00:00,nfl,sr:match:71515842,moneyline,WilliamHillNewJersey,away,-145,-140,,
2026-09-29T10:16:32.210039+00:00,nfl,sr:match:71515842,moneyline,WilliamHillNewJersey,home,+123,+110,,
2026-09-29T10:16:32.210039+00:00,nfl,sr:match:71515842,moneyline,FanDuel,away,-144,-134,,
2026-09-29T10:16:32.210039+00:00,nfl,sr:match:71515842,moneyline,FanDuel,home,+122,+114,,
2026-09-29T10:16:32.210039+00:00,nfl,sr:match:71515842,spread,MGM,away,-105,-114,-3.0,-2.5
2026-09-29T10:16:32.210039+00:00,nfl,sr:match:71515842,spread,MGM,home,-125,-105,3.0,2.5
2026-09-29T10:16:32.210039+00:00,nfl,sr:match:71515842,spread,DraftKings,away,-120,-170,-2.5,1.5
2026-09-29T10:16:32.210039+00:00,nfl,sr:match:71515842,spread,DraftKings,home,+100,+127,2.5,-1.5
2026-09-29T10:16:32.210039+00:00,nfl,sr:match:71515842,spread,Bet365.US.NJ,away,-120,-110,-2.5,-2.5
2026-09-29T10:16:32.210039+00:00,nfl,sr:match:71515842,spread,Bet365.US.NJ,home,+100,-110,2.5,2.5
2026-09-29T10:16:32.210039+00:00,nfl,sr:match:71515842,spread,WilliamHillNewJersey,away,-114,-115,-2.5,-1.5
2026-09-29T10:16:32.210039+00:00,nfl,sr:match:71515842,spread,WilliamHillNewJersey,home,-106,-115,2.5,1.5
2026-09-29T10:16:32.210039+00:00,nfl,sr:match:71515842,spread,FanDuel,away,-114,-110,-2.5,-2.5
2026-09-29T10:16:32.210039+00:00,nfl,sr:match:71515842,spread,FanDuel,home,-106,-110,2.5,2.5
2026-09-29T10:16:32.210039+00:00,nfl,sr:match:71515842,total,MGM,over,-111,-111,38.0,38.0
2026-09-29T10:16:32.210039+00:00,nfl,sr:match:71515842,total,MGM,under,-108,-108,38.0,38.0
2026-09-29T10:16:32.210039+00:00,nfl,sr:match:71515842,total,DraftKings,over,-105,-101,38.5,39.5
2026-09-29T10:16:32.210039+00:00,nfl,sr:match:71515842,total,DraftKings,under,-115,-132,38.5,39.5
2026-09-29T10:16:32.210039+00:00,nfl,sr:match:71515842,total,Bet365.US.NJ,over,-110,-110,38.5,37.5
2026-09-29T10:16:32.210039+00:00,nfl,sr:match:71515842,total,Bet365.US.NJ,under,-110,-110,38.5,37.5
2026-09-29T10:16:32.210039+00:00,nfl,sr:match:71515842,total,WilliamHillNewJersey,over,-110,-115,38.5,38.5
2026-09-29T10:16:32.210039+00:00,nfl,sr:match:71515842,total,WilliamHillNewJersey,under,-109,-115,38.5,38.5
2026-09-29T10:16:32.210039+00:00,nfl,sr:match:71515842,total,FanDuel,over,-104,-105,38.5,37.5
2026-09-29T10:16:32.210039+00:00,nfl,sr:match:71515842,total,FanDuel,under,-118,-115,38.5,37.5
2026-09-29T10:16:32.210039+00:00,nfl,sr:match:71488622,moneyline,MGM,away,-105,-105,,
2026-09-29T10:16:32.210039+00:00,nfl,sr:match:71488622,moneyline,MGM,home,-115,-115,,
2026-09-29T10:16:32.210039+00:00,nfl,sr:match:71488622,moneyline,DraftKings,away,-185,-102,,
2026-09-29T10:16:32.210039+00:00,nfl,sr:match:71488622,moneyline,DraftKings,home,+154,-118,,
2026-09-29T10:16:32.210039+00:00,nfl,sr:match:71488622,moneyline,Bet365.US.NJ,away,-185,-105,,
2026-09-29T10:16:32.210039+00:00,nfl,sr:match:71488622,moneyline,Bet365.US.NJ,home,+155,-115,,
2026-09-29T10:16:32.210039+00:00,nfl,sr:match:71488622,moneyline,WilliamHillNewJersey,away,-190,-115,,
2026-09-29T10:16:32.210039+00:00,nfl,sr:match:71488622,moneyline,WilliamHillNewJersey,home,+155,-105,,
2026-09-29T10:16:32.210039+00:00,nfl,sr:match:71488622,moneyline,FanDuel,away,-194,+100,,
2026-09-29T10:16:32.210039+00:00,nfl,sr:match:71488622,moneyline,FanDuel,home,+162,-118,,
2026-09-29T10:16:32.210039+00:00,nfl,sr:match:71488622,spread,MGM,away,-108,-120,-3.5,1.5
2026-09-29T10:16:32.210039+00:00,nfl,sr:match:71488622,spread,MGM,home,-111,+100,3.5,-1.5
2026-09-29T10:16:32.210039+00:00,nfl,sr:match:71488622,spread,DraftKings,away,-108,-118,-3.5,1.5
2026-09-29T10:16:32.210039+00:00,nfl,sr:match:71488622,spread,DraftKings,home,-112,-102,3.5,-1.5
2026-09-29T10:16:32.210039+00:00,nfl,sr:match:71488622,spread,Bet365.US.NJ,away,-110,-110,-3.5,1.5
2026-09-29T10:16:32.210039+00:00,nfl,sr:match:71488622,spread,Bet365.US.NJ,home,-110,-110,3.5,-1.5
2026-09-29T10:16:32.210039+00:00,nfl,sr:match:71488622,spread,WilliamHillNewJersey,away,-110,-105,-3.5,-1.0
2026-09-29T10:16:32.210039+00:00,nfl,sr:match:71488622,spread,WilliamHillNewJersey,home,-111,-115,3.5,1.0
2026-09-29T10:16:32.210039+00:00,nfl,sr:match:71488622,spread,FanDuel,away,-110,-115,-3.5,1.5
2026-09-29T10:16:32.210039+00:00,nfl,sr:match:71488622,spread,FanDuel,home,-110,-105,3.5,-1.5
2026-09-29T10:16:32.210039+00:00,nfl,sr:match:71488622,total,MGM,over,-108,-110,47.0,49.5
2026-09-29T10:16:32.210039+00:00,nfl,sr:match:71488622,total,MGM,under,-111,-110,47.0,49.5
2026-09-29T10:16:32.210039+00:00,nfl,sr:match:71488622,total,DraftKings,over,-102,-110,47.5,48.5
2026-09-29T10:16:32.210039+00:00,nfl,sr:match:71488622,total,DraftKings,under,-118,-110,47.5,48.5
2026-09-29T10:16:32.210039+00:00,nfl,sr:match:71488622,total,Bet365.US.NJ,over,-105,-110,47.5,49.5
2026-09-29T10:16:32.210039+00:00,nfl,sr:match:71488622,total,Bet365.US.NJ,under,-115,-110,47.5,49.5
2026-09-29T10:16:32.210039+00:00,nfl,sr:match:71488622,total,WilliamHillNewJersey,over,-110,-110,47.0,48.5
2026-09-29T10:16:32.210039+00:00,nfl,sr:match:71488622,total,WilliamHillNewJersey,under,-109,-110,47.0,48.5
2026-09-29T10:16:32.210039+00:00,nfl,sr:match:71488622,total,FanDuel,over,-102,-112,47.5,50.5
2026-09-29T10:16:32.210039+00:00,nfl,sr:match:71488622,total,FanDuel,under,-120,-108,47.5,50.5
2026-09-29T10:16:32.210039+00:00,nfl,sr:match:71515844,moneyline,DraftKings,away,+525,+310,,
2026-09-29T10:16:32.210039+00:00,nfl,sr:match:71515844,moneyline,DraftKings,home,-752,-395,,
2026-09-29T10:16:32.210039+00:00,nfl,sr:match:71515844,moneyline,Bet365.US.NJ,away,+500,+475,,
2026-09-29T10:16:32.210039+00:00,nfl,sr:match:71515844,moneyline,Bet365.US.NJ,home,-704,-654,,
2026-09-29T10:16:32.210039+00:00,nfl,sr:match:71515844,moneyline,WilliamHillNewJersey,away,+480,+330,,
2026-09-29T10:16:32.210039+00:00,nfl,sr:match:71515844,moneyline,WilliamHillNewJersey,home,-699,-426,,
2026-09-29T10:16:32.210039+00:00,nfl,sr:match:71515844,moneyline,FanDuel,away,+530,+530,,
2026-09-29T10:16:32.210039+00:00,nfl,sr:match:71515844,moneyline,FanDuel,home,-752,-752,,
2026-09-29T10:16:32.210039+00:00,nfl,sr:match:71515844,spread,MGM,away,-111,-111,11.5,11.5
2026-09-29T10:16:32.210039+00:00,nfl,sr:match:71515844,spread,MGM,home,-111,-108,-11.5,-11.5
2026-09-29T10:16:32.210039+00:00,nfl,sr:match:71515844,spread,DraftKings,away,-110,-110,11.5,8.5
2026-09-29T10:16:32.210039+00:00,nfl,sr:match:71515844,spread,DraftKings,home,-110,-110,-11.5,-8.5
2026-09-29T10:16:32.210039+00:00,nfl,sr:match:71515844,spread,Bet365.US.NJ,away,-110,-110,11.5,10.5
2026-09-29T10:16:32.210039+00:00,nfl,sr:match:71515844,spread,Bet365.US.NJ,home,-110,-110,-11.5,-10.5
2026-09-29T10:16:32.210039+00:00,nfl,sr:match:71515844,spread,WilliamHillNewJersey,away,-113,-115,11.5,9.0
2026-09-29T10:16:32.210039+00:00,nfl,sr:match:71515844,spread,WilliamHillNewJersey,home,-106,-115,-11.5,-9.0
2026-09-29T10:16:32.210039+00:00,nfl,sr:match:71515844,spread,FanDuel,away,-110,-105,11.5,10.5
2026-09-29T10:16:32.210039+00:00,nfl,sr:match:71515844,spread,FanDuel,home,-110,-115,-11.5,-10.5
2026-09-29T10:16:32.210039+00:00,nfl,sr:match:71515844,total,MGM,over,-111,-114,43.5,43.0
2026-09-29T10:16:32.210039+00:00,nfl,sr:match:71515844,total,MGM,under,-108,-108,43.5,43.0
2026-09-29T10:16:32.210039+00:00,nfl,sr:match:71515844,total,DraftKings,over,-110,-110,43.5,47.5
2026-09-29T10:16:32.210039+00:00,nfl,sr:match:71515844,total,DraftKings,under,-110,-110,43.5,47.5
2026-09-29T10:16:32.210039+00:00,nfl,sr:match:71515844,total,Bet365.US.NJ,over,-110,-115,43.5,44.5
2026-09-29T10:16:32.210039+00:00,nfl,sr:match:71515844,total,Bet365.US.NJ,under,-110,-105,43.5,44.5
2026-09-29T10:16:32.210039+00:00,nfl,sr:match:71515844,total,WilliamHillNewJersey,over,-110,-115,43.5,45.5
2026-09-29T10:16:32.210039+00:00,nfl,sr:match:71515844,total,WilliamHillNewJersey,under,-109,-115,43.5,45.5
2026-09-29T10:16:32.210039+00:00,nfl,sr:match:71515844,total,FanDuel,over,-110,-104,43.5,45.5
2026-09-29T10:16:32.210039+00:00,nfl,sr:match:71515844,total,FanDuel,under,-110,-118,43.5,45.5
2026-09-29T10:16:32.210039+00:00,nfl,sr:match:71515846,moneyline,DraftKings,away,+245,+136,,
2026-09-29T10:16:32.210039+00:00,nfl,sr:match:71515846,moneyline,DraftKings,home,-305,-162,,
2026-09-29T10:16:32.210039+00:00,nfl,sr:match:71515846,moneyline,Bet365.US.NJ,away,+250,+210,,
2026-09-29T10:16:32.210039+00:00,nfl,sr:match:71515846,moneyline,Bet365.US.NJ,home,-311,-260,,
2026-09-29T10:16:32.210039+00:00,nfl,sr:match:71515846,moneyline,WilliamHillNewJersey,away,+250,+0,,
2026-09-29T10:16:32.210039+00:00,nfl,sr:match:71515846,moneyline,WilliamHillNewJersey,home,-319,-200,,
2026-09-29T10:16:32.210039+00:00,nfl,sr:match:71515846,moneyline,FanDuel,away,+265,+215,,
2026-09-29T10:16:32.210039+00:00,nfl,sr:match:71515846,moneyline,FanDuel,home,-330,-260,,
2026-09-29T10:16:32.210039+00:00,nfl,sr:match:71515846,spread,MGM,away,-105,-114,6.5,7.0
2026-09-29T10:16:32.210039+00:00,nfl,sr:match:71515846,spread,MGM,home,-115,-105,-6.5,-7.0
2026-09-29T10:16:32.210039+00:00,nfl,sr:match:71515846,spread,DraftKings,away,-108,-110,6.5,3.0
2026-09-29T10:16:32.210039+00:00,nfl,sr:match:71515846,spread,DraftKings,home,-123,-110,-6.5,-3.0
2026-09-29T10:16:32.210039+00:00,nfl,sr:match:71515846,spread,Bet365.US.NJ,away,-105,-110,6.5,5.5
2026-09-29T10:16:32.210039+00:00,nfl,sr:match:71515846,spread,Bet365.US.NJ,home,-115,-110,-6.5,-5.5
2026-09-29T10:16:32.210039+00:00,nfl,sr:match:71515846,spread,WilliamHillNewJersey,away,-104,-115,6.5,4.0
2026-09-29T10:16:32.210039+00:00,nfl,sr:match:71515846,spread,WilliamHillNewJersey,home,-117,-115,-6.5,-4.0
2026-09-29T10:16:32.210039+00:00,nfl,sr:match:71515846,spread,FanDuel,away,-104,-105,6.5,5.5
2026-09-29T10:16:32.210039+00:00,nfl,sr:match:71515846,spread,FanDuel,home,-118,-115,-6.5,-5.5
2026-09-29T10:16:32.210039+00:00,nfl,sr:match:71515846,total,MGM,over,-108,-111,48.5,48.5
2026-09-29T10:16:32.210039+00:00,nfl,sr:match:71515846,total,MGM,under,-111,-108,48.5,48.5
2026-09-29T10:16:32.210039+00:00,nfl,sr:match:71515846,total,DraftKings,over,-110,-110,48.5,49.5
2026-09-29T10:16:32.210039+00:00,nfl,sr:match:71515846,total,DraftKings,under,-110,-110,48.5,49.5
2026-09-29T10:16:32.210039+00:00,nfl,sr:match:71515846,total,Bet365.US.NJ,over,-110,-110,48.5,50.5
2026-09-29T10:16:32.210039+00:00,nfl,sr:match:71515846,total,Bet365.US.NJ,under,-110,-130,48.5,50.5
2026-09-29T10:16:32.210039+00:00,nfl,sr:match:71515846,total,WilliamHillNewJersey,over,-110,-115,48.5,50.5
2026-09-29T10:16:32.210039+00:00,nfl,sr:match:71515846,total,WilliamHillNewJersey,under,-110,-115,48.5,50.5
2026-09-29T10:16:32.210039+00:00,nfl,sr:match:71515846,total,FanDuel,over,-110,-104,48.5,50.5
2026-09-29T10:16:32.210039+00:00,nfl,sr:match:71515846,total,FanDuel,under,-110,-118,48.5,50.5
2026-09-29T10:16:32.210039+00:00,nfl,sr:match:71515848,moneyline,DraftKings,away,+136,+300,,
2026-09-29T10:16:32.210039+00:00,nfl,sr:match:71515848,moneyline,DraftKings,home,-162,-380,,
2026-09-29T10:16:32.210039+00:00,nfl,sr:match:71515848,moneyline,Bet365.US.NJ,away,+160,+150,,
2026-09-29T10:16:32.210039+00:00,nfl,sr:match:71515848,moneyline,Bet365.US.NJ,home,-190,-180,,
2026-09-29T10:16:32.210039+00:00,nfl,sr:match:71515848,moneyline,WilliamHillNewJersey,away,+157,+305,,
2026-09-29T10:16:32.210039+00:00,nfl,sr:match:71515848,moneyline,WilliamHillNewJersey,home,-190,-426,,
2026-09-29T10:16:32.210039+00:00,nfl,sr:match:71515848,moneyline,FanDuel,away,+160,+154,,
2026-09-29T10:16:32.210039+00:00,nfl,sr:match:71515848,moneyline,FanDuel,home,-190,-184,,
2026-09-29T10:16:32.210039+00:00,nfl,sr:match:71515848,spread,MGM,away,+290,-111,-6.5,3.0
2026-09-29T10:16:32.210039+00:00,nfl,sr:match:71515848,spread,MGM,home,-417,-108,6.5,-3.0
2026-09-29T10:16:32.210039+00:00,nfl,sr:match:71515848,spread,DraftKings,away,-110,-110,3.0,8.5
2026-09-29T10:16:32.210039+00:00,nfl,sr:match:71515848,spread,DraftKings,home,-110,-110,-3.0,-8.5
2026-09-29T10:16:32.210039+00:00,nfl,sr:match:71515848,spread,Bet365.US.NJ,away,-110,-110,3.5,3.0
2026-09-29T10:16:32.210039+00:00,nfl,sr:match:71515848,spread,Bet365.US.NJ,home,-110,-110,-3.5,-3.0
2026-09-29T10:16:32.210039+00:00,nfl,sr:match:71515848,spread,WilliamHillNewJersey,away,-103,-115,3.5,9.0
2026-09-29T10:16:32.210039+00:00,nfl,sr:match:71515848,spread,WilliamHillNewJersey,home,-118,-115,-3.5,-9.0
2026-09-29T10:16:32.210039+00:00,nfl,sr:match:71515848,spread,FanDuel,away,-110,-104,3.5,3.0
2026-09-29T10:16:32.210039+00:00,nfl,sr:match:71515848,spread,FanDuel,home,-110,-118,-3.5,-3.0
2026-09-29T10:16:32.210039+00:00,nfl,sr:match:71515848,total,MGM,over,-294,-111,36.5,43.0
2026-09-29T10:16:32.210039+00:00,nfl,sr:match:71515848,total,MGM,under,+210,-108,36.5,43.0
2026-09-29T10:16:32.210039+00:00,nfl,sr:match:71515848,total,DraftKings,over,-102,-110,43.5,45.5
2026-09-29T10:16:32.210039+00:00,nfl,sr:match:71515848,total,DraftKings,under,-118,-110,43.5,45.5
2026-09-29T10:16:32.210039+00:00,nfl,sr:match:71515848,total,Bet365.US.NJ,over,-110,-110,43.5,43.5
2026-09-29T10:16:32.210039+00:00,nfl,sr:match:71515848,total,Bet365.US.NJ,under,-110,-110,43.5,43.5
2026-09-29T10:16:32.210039+00:00,nfl,sr:match:71515848,total,WilliamHillNewJersey,over,-115,-115,42.5,44.5
2026-09-29T10:16:32.210039+00:00,nfl,sr:match:71515848,total,WilliamHillNewJersey,under,-105,-115,42.5,44.5
2026-09-29T10:16:32.210039+00:00,nfl,sr:match:71515848,total,FanDuel,over,-110,-105,43.5,43.5
2026-09-29T10:16:32.210039+00:00,nfl,sr:match:71515848,total,FanDuel,under,-110,-115,43.5,43.5
2026-09-29T10:16:32.210039+00:00,nfl,sr:match:71515850,moneyline,DraftKings,away,+120,+114,,
2026-09-29T10:16:32.210039+00:00,nfl,sr:match:71515850,moneyline,DraftKings,home,-142,-135,,
2026-09-29T10:16:32.210039+00:00,nfl,sr:match:71515850,moneyline,Bet365.US.NJ,away,+120,+130,,
2026-09-29T10:16:32.210039+00:00,nfl,sr:match:71515850,moneyline,Bet365.US.NJ,home,-140,-155,,
2026-09-29T10:16:32.210039+00:00,nfl,sr:match:71515850,moneyline,WilliamHillNewJersey,away,+124,+130,,
2026-09-29T10:16:32.210039+00:00,nfl,sr:match:71515850,moneyline,WilliamHillNewJersey,home,-148,-170,,
2026-09-29T10:16:32.210039+00:00,nfl,sr:match:71515850,moneyline,FanDuel,away,+118,+120,,
2026-09-29T10:16:32.210039+00:00,nfl,sr:match:71515850,moneyline,FanDuel,home,-138,-142,,
2026-09-29T10:16:32.210039+00:00,nfl,sr:match:71515850,spread,MGM,away,-105,-108,2.5,2.5
2026-09-29T10:16:32.210039+00:00,nfl,sr:match:71515850,spread,MGM,home,-114,-111,-2.5,-2.5
2026-09-29T10:16:32.210039+00:00,nfl,sr:match:71515850,spread,DraftKings,away,-105,-110,2.5,2.5
2026-09-29T10:16:32.210039+00:00,nfl,sr:match:71515850,spread,DraftKings,home,-115,-110,-2.5,-2.5
2026-09-29T10:16:32.210039+00:00,nfl,sr:match:71515850,spread,Bet365.US.NJ,away,-105,-105,2.5,2.5
2026-09-29T10:16:32.210039+00:00,nfl,sr:match:71515850,spread,Bet365.US.NJ,home,-115,-115,-2.5,-2.5
2026-09-29T10:16:32.210039+00:00,nfl,sr:match:71515850,spread,WilliamHillNewJersey,away,-103,-115,2.5,3.0
2026-09-29T10:16:32.210039+00:00,nfl,sr:match:71515850,spread,WilliamHillNewJersey,home,-118,-115,-2.5,-3.0
2026-09-29T10:16:32.210039+00:00,nfl,sr:match:71515850,spread,FanDuel,away,-108,-105,2.5,2.5
2026-09-29T10:16:32.210039+00:00,nfl,sr:match:71515850,spread,FanDuel,home,-112,-115,-2.5,-2.5
2026-09-29T10:16:32.210039+00:00,nfl,sr:match:71515850,total,MGM,over,-111,-111,51.5,50.0
2026-09-29T10:16:32.210039+00:00,nfl,sr:match:71515850,total,MGM,under,-120,-108,51.5,50.0
2026-09-29T10:16:32.210039+00:00,nfl,sr:match:71515850,total,DraftKings,over,-102,-110,51.5,51.5
2026-09-29T10:16:32.210039+00:00,nfl,sr:match:71515850,total,DraftKings,under,-118,-110,51.5,51.5
2026-09-29T10:16:32.210039+00:00,nfl,sr:match:71515850,total,Bet365.US.NJ,over,-110,-110,51.5,50.5
2026-09-29T10:16:32.210039+00:00,nfl,sr:match:71515850,total,Bet365.US.NJ,under,-110,-110,51.5,50.5
2026-09-29T10:16:32.210039+00:00,nfl,sr:match:71515850,total,WilliamHillNewJersey,over,-107,-115,51.5,51.5
2026-09-29T10:16:32.210039+00:00,nfl,sr:match:71515850,total,WilliamHillNewJersey,under,-113,-115,51.5,51.5
2026-09-29T10:16:32.210039+00:00,nfl,sr:match:71515850,total,FanDuel,over,-105,-104,51.5,51.5
2026-09-29T10:16:32.210039+00:00,nfl,sr:match:71515850,total,FanDuel,under,-115,-118,51.5,51.5
2026-09-29T10:16:32.210039+00:00,nfl,sr:match:71515852,moneyline,DraftKings,away,+120,+114,,
2026-09-29T10:16:32.210039+00:00,nfl,sr:match:71515852,moneyline,DraftKings,home,-142,-135,,
2026-09-29T10:16:32.210039+00:00,nfl,sr:match:71515852,moneyline,Bet365.US.NJ,away,+125,+125,,
2026-09-29T10:16:32.210039+00:00,nfl,sr:match:71515852,moneyline,Bet365.US.NJ,home,-150,-150,,
2026-09-29T10:16:32.210039+00:00,nfl,sr:match:71515852,moneyline,WilliamHillNewJersey,away,+120,+130,,
2026-09-29T10:16:32.210039+00:00,nfl,sr:match:71515852,moneyline,WilliamHillNewJersey,home,-141,-170,,
2026-09-29T10:16:32.210039+00:00,nfl,sr:match:71515852,moneyline,FanDuel,away,+116,+118,,
2026-09-29T10:16:32.210039+00:00,nfl,sr:match:71515852,moneyline,FanDuel,home,-136,-138,,
2026-09-29T10:16:32.210039+00:00,nfl,sr:match:71515852,spread,MGM,away,-105,-108,2.5,1.5
2026-09-29T10:16:32.210039+00:00,nfl,sr:match:71515852,spread,MGM,home,-114,-111,-2.5,-1.5
2026-09-29T10:16:32.210039+00:00,nfl,sr:match:71515852,spread,DraftKings,away,-102,-110,2.5,2.5
2026-09-29T10:16:32.210039+00:00,nfl,sr:match:71515852,spread,DraftKings,home,-118,-110,-2.5,-2.5
2026-09-29T10:16:32.210039+00:00,nfl,sr:match:71515852,spread,Bet365.US.NJ,away,-105,-110,2.5,2.5
2026-09-29T10:16:32.210039+00:00,nfl,sr:match:71515852,spread,Bet365.US.NJ,home,-115,-110,-2.5,-2.5
2026-09-29T10:16:32.210039+00:00,nfl,sr:match:71515852,spread,WilliamHillNewJersey,away,-107,-120,2.5,3.0
2026-09-29T10:16:32.210039+00:00,nfl,sr:match:71515852,spread,WilliamHillNewJersey,home,-113,-110,-2.5,-3.0
2026-09-29T10:16:32.210039+00:00,nfl,sr:match:71515852,spread,FanDuel,away,-110,-110,2.5,2.5
2026-09-29T10:16:32.210039+00:00,nfl,sr:match:71515852,spread,FanDuel,home,-110,-110,-2.5,-2.5
2026-09-29T10:16:32.210039+00:00,nfl,sr:match:71515852,total,MGM,over,-108,-108,48.0,47.0
2026-09-29T10:16:32.210039+00:00,nfl,sr:match:71515852,total,MGM,under,-111,-111,48.0,47.0
2026-09-29T10:16:32.210039+00:00,nfl,sr:match:71515852,total,DraftKings,over,-107,-110,48.5,47.5
2026-09-29T10:16:32.210039+00:00,nfl,sr:match:71515852,total,DraftKings,under,-121,-110,48.5,47.5
2026-09-29T10:16:32.210039+00:00,nfl,sr:match:71515852,total,Bet365.US.NJ,over,-110,-110,48.5,47.5
2026-09-29T10:16:32.210039+00:00,nfl,sr:match:71515852,total,Bet365.US.NJ,under,-130,-110,48.5,47.5
2026-09-29T10:16:32.210039+00:00,nfl,sr:match:71515852,total,WilliamHillNewJersey,over,-115,-115,47.5,46.5
2026-09-29T10:16:32.210039+00:00,nfl,sr:match:71515852,total,WilliamHillNewJersey,under,-105,-115,47.5,46.5
2026-09-29T10:16:32.210039+00:00,nfl,sr:match:71515852,total,FanDuel,over,-114,-105,47.5,47.5
2026-09-29T10:16:32.210039+00:00,nfl,sr:match:71515852,total,FanDuel,under,-106,-115,47.5,47.5
2026-09-29T10:16:32.210039+00:00,nfl,sr:match:71515854,moneyline,DraftKings,away,-115,+260,,
2026-09-29T10:16:32.210039+00:00,nfl,sr:match:71515854,moneyline,DraftKings,home,-105,-325,,
2026-09-29T10:16:32.210039+00:00,nfl,sr:match:71515854,moneyline,Bet365.US.NJ,away,-115,+120,,
2026-09-29T10:16:32.210039+00:00,nfl,sr:match:71515854,moneyline,Bet365.US.NJ,home,-105,-140,,
2026-09-29T10:16:32.210039+00:00,nfl,sr:match:71515854,moneyline,WilliamHillNewJersey,away,-110,+0,,
2026-09-29T10:16:32.210039+00:00,nfl,sr:match:71515854,moneyline,WilliamHillNewJersey,home,-107,+0,,
2026-09-29T10:16:32.210039+00:00,nfl,sr:match:71515854,moneyline,FanDuel,away,-110,+116,,
2026-09-29T10:16:32.210039+00:00,nfl,sr:match:71515854,moneyline,FanDuel,home,-108,-136,,
2026-09-29T10:16:32.210039+00:00,nfl,sr:match:71515854,spread,MGM,away,-105,-111,-1.0,2.5
2026-09-29T10:16:32.210039+00:00,nfl,sr:match:71515854,spread,MGM,home,-114,-108,1.0,-2.5
2026-09-29T10:16:32.210039+00:00,nfl,sr:match:71515854,spread,DraftKings,away,-102,-110,-1.5,7.0
2026-09-29T10:16:32.210039+00:00,nfl,sr:match:71515854,spread,DraftKings,home,-118,-110,1.5,-7.0
2026-09-29T10:16:32.210039+00:00,nfl,sr:match:71515854,spread,Bet365.US.NJ,away,-105,-110,-1.5,2.5
2026-09-29T10:16:32.210039+00:00,nfl,sr:match:71515854,spread,Bet365.US.NJ,home,-115,-110,1.5,-2.5
2026-09-29T10:16:32.210039+00:00,nfl,sr:match:71515854,spread,WilliamHillNewJersey,away,-109,-110,-1.0,6.5
2026-09-29T10:16:32.210039+00:00,nfl,sr:match:71515854,spread,WilliamHillNewJersey,home,-110,-120,1.0,-6.5
2026-09-29T10:16:32.210039+00:00,nfl,sr:match:71515854,spread,FanDuel,away,-124,-110,1.5,2.5
2026-09-29T10:16:32.210039+00:00,nfl,sr:match:71515854,spread,FanDuel,home,+102,-110,-1.5,-2.5
2026-09-29T10:16:32.210039+00:00,nfl,sr:match:71515854,total,MGM,over,-108,-111,44.5,43.5
2026-09-29T10:16:32.210039+00:00,nfl,sr:match:71515854,total,MGM,under,-111,-108,44.5,43.5
2026-09-29T10:16:32.210039+00:00,nfl,sr:match:71515854,total,DraftKings,over,-108,-110,44.5,45.5
2026-09-29T10:16:32.210039+00:00,nfl,sr:match:71515854,total,DraftKings,under,-112,-110,44.5,45.5
2026-09-29T10:16:32.210039+00:00,nfl,sr:match:71515854,total,Bet365.US.NJ,over,-110,-110,44.5,43.5
2026-09-29T10:16:32.210039+00:00,nfl,sr:match:71515854,total,Bet365.US.NJ,under,-110,-110,44.5,43.5
2026-09-29T10:16:32.210039+00:00,nfl,sr:match:71515854,total,WilliamHillNewJersey,over,-105,-115,44.5,44.5
2026-09-29T10:16:32.210039+00:00,nfl,sr:match:71515854,total,WilliamHillNewJersey,under,-115,-115,44.5,44.5
2026-09-29T10:16:32.210039+00:00,nfl,sr:match:71515854,total,FanDuel,over,-115,-115,43.5,43.5
2026-09-29T10:16:32.210039+00:00,nfl,sr:match:71515854,total,FanDuel,under,-105,-105,43.5,43.5
2026-09-29T10:16:32.210039+00:00,nfl,sr:match:71515856,moneyline,DraftKings,away,-148,-118,,
2026-09-29T10:16:32.210039+00:00,nfl,sr:match:71515856,moneyline,DraftKings,home,+124,-102,,
2026-09-29T10:16:32.210039+00:00,nfl,sr:match:71515856,moneyline,Bet365.US.NJ,away,-160,-140,,
2026-09-29T10:16:32.210039+00:00,nfl,sr:match:71515856,moneyline,Bet365.US.NJ,home,+135,+120,,
2026-09-29T10:16:32.210039+00:00,nfl,sr:match:71515856,moneyline,WilliamHillNewJersey,away,-152,-125,,
2026-09-29T10:16:32.210039+00:00,nfl,sr:match:71515856,moneyline,WilliamHillNewJersey,home,+129,-106,,
2026-09-29T10:16:32.210039+00:00,nfl,sr:match:71515856,moneyline,FanDuel,away,-162,-152,,
2026-09-29T10:16:32.210039+00:00,nfl,sr:match:71515856,moneyline,FanDuel,home,+136,+128,,
2026-09-29T10:16:32.210039+00:00,nfl,sr:match:71515856,spread,MGM,away,+260,-114,-8.5,-2.5
2026-09-29T10:16:32.210039+00:00,nfl,sr:match:71515856,spread,MGM,home,-357,-105,8.5,2.5
2026-09-29T10:16:32.210039+00:00,nfl,sr:match:71515856,spread,DraftKings,away,-120,-105,-2.5,-1.5
2026-09-29T10:16:32.210039+00:00,nfl,sr:match:71515856,spread,DraftKings,home,+100,-115,2.5,1.5
2026-09-29T10:16:32.210039+00:00,nfl,sr:match:71515856,spread,Bet365.US.NJ,away,-125,-105,-2.5,-2.5
2026-09-29T10:16:32.210039+00:00,nfl,sr:match:71515856,spread,Bet365.US.NJ,home,+105,-115,2.5,2.5
2026-09-29T10:16:32.210039+00:00,nfl,sr:match:71515856,spread,WilliamHillNewJersey,away,-122,-115,-2.5,-1.5
2026-09-29T10:16:32.210039+00:00,nfl,sr:match:71515856,spread,WilliamHillNewJersey,home,+102,-115,2.5,1.5
2026-09-29T10:16:32.210039+00:00,nfl,sr:match:71515856,spread,FanDuel,away,-110,-104,-3.0,-3.0
2026-09-29T10:16:32.210039+00:00,nfl,sr:match:71515856,spread,FanDuel,home,-110,-118,3.0,3.0
2026-09-29T10:16:32.210039+00:00,nfl,sr:match:71515856,total,MGM,over,+320,-108,56.0,46.0
2026-09-29T10:16:32.210039+00:00,nfl,sr:match:71515856,total,MGM,under,-476,-111,56.0,46.0
2026-09-29T10:16:32.210039+00:00,nfl,sr:match:71515856,total,DraftKings,over,-108,-110,45.5,47.5
2026-09-29T10:16:32.210039+00:00,nfl,sr:match:71515856,total,DraftKings,under,-123,-110,45.5,47.5
2026-09-29T10:16:32.210039+00:00,nfl,sr:match:71515856,total,Bet365.US.NJ,over,-110,-110,44.5,45.5
2026-09-29T10:16:32.210039+00:00,nfl,sr:match:71515856,total,Bet365.US.NJ,under,-110,-110,44.5,45.5
2026-09-29T10:16:32.210039+00:00,nfl,sr:match:71515856,total,WilliamHillNewJersey,over,-117,-115,44.5,46.5
2026-09-29T10:16:32.210039+00:00,nfl,sr:match:71515856,total,WilliamHillNewJersey,under,-103,-115,44.5,46.5
2026-09-29T10:16:32.210039+00:00,nfl,sr:match:71515856,total,FanDuel,over,-110,-104,44.5,46.5
2026-09-29T10:16:32.210039+00:00,nfl,sr:match:71515856,total,FanDuel,under,-110,-118,44.5,46.5
2026-09-29T10:16:32.210039+00:00,nfl,sr:match:71515858,moneyline,DraftKings,away,-192,-125,,
2026-09-29T10:16:32.210039+00:00,nfl,sr:match:71515858,moneyline,DraftKings,home,+160,+105,,
2026-09-29T10:16:32.210039+00:00,nfl,sr:match:71515858,moneyline,Bet365.US.NJ,away,-200,-115,,
2026-09-29T10:16:32.210039+00:00,nfl,sr:match:71515858,moneyline,Bet365.US.NJ,home,+165,-105,,
2026-09-29T10:16:32.210039+00:00,nfl,sr:match:71515858,moneyline,WilliamHillNewJersey,away,-193,-120,,
2026-09-29T10:16:32.210039+00:00,nfl,sr:match:71515858,moneyline,WilliamHillNewJersey,home,+160,-110,,
2026-09-29T10:16:32.210039+00:00,nfl,sr:match:71515858,moneyline,FanDuel,away,-180,-102,,
2026-09-29T10:16:32.210039+00:00,nfl,sr:match:71515858,moneyline,FanDuel,home,+152,-116,,
2026-09-29T10:16:32.210039+00:00,nfl,sr:match:71515858,spread,MGM,away,-111,-105,-4.0,-3.5
2026-09-29T10:16:32.210039+00:00,nfl,sr:match:71515858,spread,MGM,home,-108,-114,4.0,3.5
2026-09-29T10:16:32.210039+00:00,nfl,sr:match:71515858,spread,DraftKings,away,-106,-110,-4.5,-1.5
2026-09-29T10:16:32.210039+00:00,nfl,sr:match:71515858,spread,DraftKings,home,-125,-110,4.5,1.5
2026-09-29T10:16:32.210039+00:00,nfl,sr:match:71515858,spread,Bet365.US.NJ,away,-120,+100,-3.5,-1.5
2026-09-29T10:16:32.210039+00:00,nfl,sr:match:71515858,spread,Bet365.US.NJ,home,+100,-120,3.5,1.5
2026-09-29T10:16:32.210039+00:00,nfl,sr:match:71515858,spread,WilliamHillNewJersey,away,-107,+0,-4.0,-1.5
2026-09-29T10:16:32.210039+00:00,nfl,sr:match:71515858,spread,WilliamHillNewJersey,home,-113,-120,4.0,1.5
2026-09-29T10:16:32.210039+00:00,nfl,sr:match:71515858,spread,FanDuel,away,-108,-118,-3.5,1.5
2026-09-29T10:16:32.210039+00:00,nfl,sr:match:71515858,spread,FanDuel,home,-112,-104,3.5,-1.5
2026-09-29T10:16:32.210039+00:00,nfl,sr:match:71515858,total,MGM,over,-105,-105,40.0,41.5
2026-09-29T10:16:32.210039+00:00,nfl,sr:match:71515858,total,MGM,under,-114,-114,40.0,41.5
2026-09-29T10:16:32.210039+00:00,nfl,sr:match:71515858,total,DraftKings,over,-118,-110,39.5,47.5
2026-09-29T10:16:32.210039+00:00,nfl,sr:match:71515858,total,DraftKings,under,-102,-110,39.5,47.5
2026-09-29T10:16:32.210039+00:00,nfl,sr:match:71515858,total,Bet365.US.NJ,over,-115,-115,40.5,45.5
2026-09-29T10:16:32.210039+00:00,nfl,sr:match:71515858,total,Bet365.US.NJ,under,-125,-105,40.5,45.5
2026-09-29T10:16:32.210039+00:00,nfl,sr:match:71515858,total,WilliamHillNewJersey,over,-115,-115,39.5,46.5
2026-09-29T10:16:32.210039+00:00,nfl,sr:match:71515858,total,WilliamHillNewJersey,under,-105,-115,39.5,46.5
2026-09-29T10:16:32.210039+00:00,nfl,sr:match:71515858,total,FanDuel,over,-114,-115,39.5,45.5
2026-09-29T10:16:32.210039+00:00,nfl,sr:match:71515858,total,FanDuel,under,-106,-105,39.5,45.5
2026-09-29T10:16:32.210039+00:00,nfl,sr:match:71515860,moneyline,DraftKings,away,+525,+310,,
2026-09-29T10:16:32.210039+00:00,nfl,sr:match:71515860,moneyline,DraftKings,home,-752,-395,,
2026-09-29T10:16:32.210039+00:00,nfl,sr:match:71515860,moneyline,Bet365.US.NJ,away,+475,+500,,
2026-09-29T10:16:32.210039+00:00,nfl,sr:match:71515860,moneyline,Bet365.US.NJ,home,-654,-704,,
2026-09-29T10:16:32.210039+00:00,nfl,sr:match:71515860,moneyline,WilliamHillNewJersey,away,+450,+280,,
2026-09-29T10:16:32.210039+00:00,nfl,sr:match:71515860,moneyline,WilliamHillNewJersey,home,-625,-370,,
2026-09-29T10:16:32.210039+00:00,nfl,sr:match:71515860,moneyline,FanDuel,away,+460,+440,,
2026-09-29T10:16:32.210039+00:00,nfl,sr:match:71515860,moneyline,FanDuel,home,-621,-592,,
2026-09-29T10:16:32.210039+00:00,nfl,sr:match:71515860,spread,MGM,away,-111,-111,11.0,10.5
2026-09-29T10:16:32.210039+00:00,nfl,sr:match:71515860,spread,MGM,home,-111,-108,-11.0,-10.5
2026-09-29T10:16:32.210039+00:00,nfl,sr:match:71515860,spread,DraftKings,away,-121,-110,11.5,7.5
2026-09-29T10:16:32.210039+00:00,nfl,sr:match:71515860,spread,DraftKings,home,-110,-110,-11.5,-7.5
2026-09-29T10:16:32.210039+00:00,nfl,sr:match:71515860,spread,Bet365.US.NJ,away,+100,-115,10.5,10.5
2026-09-29T10:16:32.210039+00:00,nfl,sr:match:71515860,spread,Bet365.US.NJ,home,-120,-105,-10.5,-10.5
2026-09-29T10:16:32.210039+00:00,nfl,sr:match:71515860,spread,WilliamHillNewJersey,away,-109,-115,10.5,7.0
2026-09-29T10:16:32.210039+00:00,nfl,sr:match:71515860,spread,WilliamHillNewJersey,home,-110,-115,-10.5,-7.0
2026-09-29T10:16:32.210039+00:00,nfl,sr:match:71515860,spread,FanDuel,away,-110,-120,10.5,10.5
2026-09-29T10:16:32.210039+00:00,nfl,sr:match:71515860,spread,FanDuel,home,-110,-102,-10.5,-10.5
2026-09-29T10:16:32.210039+00:00,nfl,sr:match:71515860,total,MGM,over,-108,-105,39.0,43.0
2026-09-29T10:16:32.210039+00:00,nfl,sr:match:71515860,total,MGM,under,-111,-114,39.0,43.0
2026-09-29T10:16:32.210039+00:00,nfl,sr:match:71515860,total,DraftKings,over,-115,-110,38.5,43.5
2026-09-29T10:16:32.210039+00:00,nfl,sr:match:71515860,total,DraftKings,under,-105,-110,38.5,43.5
2026-09-29T10:16:32.210039+00:00,nfl,sr:match:71515860,total,Bet365.US.NJ,over,-110,-110,39.5,42.5
2026-09-29T10:16:32.210039+00:00,nfl,sr:match:71515860,total,Bet365.US.NJ,under,-130,-110,39.5,42.5
2026-09-29T10:16:32.210039+00:00,nfl,sr:match:71515860,total,WilliamHillNewJersey,over,-118,-115,38.5,42.0
2026-09-29T10:16:32.210039+00:00,nfl,sr:match:71515860,total,WilliamHillNewJersey,under,-103,-115,38.5,42.0
2026-09-29T10:16:32.210039+00:00,nfl,sr:match:71515860,total,FanDuel,over,-110,-105,39.5,43.5
2026-09-29T10:16:32.210039+00:00,nfl,sr:match:71515860,total,FanDuel,under,-110,-115,39.5,43.5
2026-09-29T10:16:32.210039+00:00,nfl,sr:match:71515862,moneyline,DraftKings,away,-230,-258,,
2026-09-29T10:16:32.210039+00:00,nfl,sr:match:71515862,moneyline,DraftKings,home,+190,+210,,
2026-09-29T10:16:32.210039+00:00,nfl,sr:match:71515862,moneyline,Bet365.US.NJ,away,-225,-245,,
2026-09-29T10:16:32.210039+00:00,nfl,sr:match:71515862,moneyline,Bet365.US.NJ,home,+185,+200,,
2026-09-29T10:16:32.210039+00:00,nfl,sr:match:71515862,moneyline,WilliamHillNewJersey,away,-225,-255,,
2026-09-29T10:16:32.210039+00:00,nfl,sr:match:71515862,moneyline,WilliamHillNewJersey,home,+184,+190,,
2026-09-29T10:16:32.210039+00:00,nfl,sr:match:71515862,moneyline,FanDuel,away,-215,-235,,
2026-09-29T10:16:32.210039+00:00,nfl,sr:match:71515862,moneyline,FanDuel,home,+180,+194,,
2026-09-29T10:16:32.210039+00:00,nfl,sr:match:71515862,spread,MGM,away,-108,-111,-4.5,-5.0
2026-09-29T10:16:32.210039+00:00,nfl,sr:match:71515862,spread,MGM,home,-111,-108,4.5,5.0
2026-09-29T10:16:32.210039+00:00,nfl,sr:match:71515862,spread,DraftKings,away,-115,-110,-4.5,-5.5
2026-09-29T10:16:32.210039+00:00,nfl,sr:match:71515862,spread,DraftKings,home,-105,-110,4.5,5.5
2026-09-29T10:16:32.210039+00:00,nfl,sr:match:71515862,spread,Bet365.US.NJ,away,-110,-105,-4.5,-5.5
2026-09-29T10:16:32.210039+00:00,nfl,sr:match:71515862,spread,Bet365.US.NJ,home,-110,-115,4.5,5.5
2026-09-29T10:16:32.210039+00:00,nfl,sr:match:71515862,spread,WilliamHillNewJersey,away,-112,-115,-4.5,-5.5
2026-09-29T10:16:32.210039+00:00,nfl,sr:match:71515862,spread,WilliamHillNewJersey,home,-108,-115,4.5,5.5
2026-09-29T10:16:32.210039+00:00,nfl,sr:match:71515862,spread,FanDuel,away,-108,-105,-4.5,-5.5
2026-09-29T10:16:32.210039+00:00,nfl,sr:match:71515862,spread,FanDuel,home,-112,-115,4.5,5.5
2026-09-29T10:16:32.210039+00:00,nfl,sr:match:71515862,total,MGM,over,-111,-108,47.5,46.0
2026-09-29T10:16:32.210039+00:00,nfl,sr:match:71515862,total,MGM,under,-108,-111,47.5,46.0
2026-09-29T10:16:32.210039+00:00,nfl,sr:match:71515862,total,DraftKings,over,-107,-110,48.5,43.5
2026-09-29T10:16:32.210039+00:00,nfl,sr:match:71515862,total,DraftKings,under,-125,-110,48.5,43.5
2026-09-29T10:16:32.210039+00:00,nfl,sr:match:71515862,total,Bet365.US.NJ,over,-110,-115,49.5,45.5
2026-09-29T10:16:32.210039+00:00,nfl,sr:match:71515862,total,Bet365.US.NJ,under,-130,-105,49.5,45.5
2026-09-29T10:16:32.210039+00:00,nfl,sr:match:71515862,total,WilliamHillNewJersey,over,-114,-115,47.5,42.5
2026-09-29T10:16:32.210039+00:00,nfl,sr:match:71515862,total,WilliamHillNewJersey,under,-106,-115,47.5,42.5
2026-09-29T10:16:32.210039+00:00,nfl,sr:match:71515862,total,FanDuel,over,-108,-104,47.5,46.5
2026-09-29T10:16:32.210039+00:00,nfl,sr:match:71515862,total,FanDuel,under,-112,-118,47.5,46.5
2026-09-29T10:16:32.210039+00:00,nfl,sr:match:71515864,moneyline,DraftKings,away,+280,+136,,
2026-09-29T10:16:32.210039+00:00,nfl,sr:match:71515864,moneyline,DraftKings,home,-355,-162,,
2026-09-29T10:16:32.210039+00:00,nfl,sr:match:71515864,moneyline,Bet365.US.NJ,away,+275,+260,,
2026-09-29T10:16:32.210039+00:00,nfl,sr:match:71515864,moneyline,Bet365.US.NJ,home,-351,-321,,
2026-09-29T10:16:32.210039+00:00,nfl,sr:match:71515864,moneyline,WilliamHillNewJersey,away,+265,+140,,
2026-09-29T10:16:32.210039+00:00,nfl,sr:match:71515864,moneyline,WilliamHillNewJersey,home,-334,-180,,
2026-09-29T10:16:32.210039+00:00,nfl,sr:match:71515864,moneyline,FanDuel,away,+280,+275,,
2026-09-29T10:16:32.210039+00:00,nfl,sr:match:71515864,moneyline,FanDuel,home,-350,-340,,
2026-09-29T10:16:32.210039+00:00,nfl,sr:match:71515864,spread,MGM,away,-108,-105,7.0,6.5
2026-09-29T10:16:32.210039+00:00,nfl,sr:match:71515864,spread,MGM,home,-111,-114,-7.0,-6.5
2026-09-29T10:16:32.210039+00:00,nfl,sr:match:71515864,spread,DraftKings,away,-110,-110,7.0,3.0
2026-09-29T10:16:32.210039+00:00,nfl,sr:match:71515864,spread,DraftKings,home,-110,-110,-7.0,-3.0
2026-09-29T10:16:32.210039+00:00,nfl,sr:match:71515864,spread,Bet365.US.NJ,away,-105,-110,7.0,6.5
2026-09-29T10:16:32.210039+00:00,nfl,sr:match:71515864,spread,Bet365.US.NJ,home,-115,-110,-7.0,-6.5
2026-09-29T10:16:32.210039+00:00,nfl,sr:match:71515864,spread,WilliamHillNewJersey,away,-114,-110,7.0,3.0
2026-09-29T10:16:32.210039+00:00,nfl,sr:match:71515864,spread,WilliamHillNewJersey,home,-106,-120,-7.0,-3.0
2026-09-29T10:16:32.210039+00:00,nfl,sr:match:71515864,spread,FanDuel,away,-110,-115,7.0,7.0
2026-09-29T10:16:32.210039+00:00,nfl,sr:match:71515864,spread,FanDuel,home,-110,-105,-7.0,-7.0
2026-09-29T10:16:32.210039+00:00,nfl,sr:match:71515864,total,MGM,over,-111,-111,43.0,45.0
2026-09-29T10:16:32.210039+00:00,nfl,sr:match:71515864,total,MGM,under,-120,-111,43.0,45.0
2026-09-29T10:16:32.210039+00:00,nfl,sr:match:71515864,total,DraftKings,over,-118,-110,42.5,45.5
2026-09-29T10:16:32.210039+00:00,nfl,sr:match:71515864,total,DraftKings,under,-102,-110,42.5,45.5
2026-09-29T10:16:32.210039+00:00,nfl,sr:match:71515864,total,Bet365.US.NJ,over,-110,-110,43.5,42.5
2026-09-29T10:16:32.210039+00:00,nfl,sr:match:71515864,total,Bet365.US.NJ,under,-130,-110,43.5,42.5
2026-09-29T10:16:32.210039+00:00,nfl,sr:match:71515864,total,WilliamHillNewJersey,over,-118,-115,42.5,45.5
2026-09-29T10:16:32.210039+00:00,nfl,sr:match:71515864,total,WilliamHillNewJersey,under,-102,-115,42.5,45.5
2026-09-29T10:16:32.210039+00:00,nfl,sr:match:71515864,total,FanDuel,over,-106,-115,43.5,43.5
2026-09-29T10:16:32.210039+00:00,nfl,sr:match:71515864,total,FanDuel,under,-114,-105,43.5,43.5
2026-09-29T10:16:32.210039+00:00,nfl,sr:match:71531176,moneyline,DraftKings,away,+130,+114,,
2026-09-29T10:16:32.210039+00:00,nfl,sr:match:71531176,moneyline,DraftKings,home,-155,-135,,
2026-09-29T10:16:32.210039+00:00,nfl,sr:match:71531176,moneyline,Bet365.US.NJ,away,+125,+160,,
2026-09-29T10:16:32.210039+00:00,nfl,sr:match:71531176,moneyline,Bet365.US.NJ,home,-150,-190,,
2026-09-29T10:16:32.210039+00:00,nfl,sr:match:71531176,moneyline,WilliamHillNewJersey,away,+125,+125,,
2026-09-29T10:16:32.210039+00:00,nfl,sr:match:71531176,moneyline,WilliamHillNewJersey,home,-148,-160,,
2026-09-29T10:16:32.210039+00:00,nfl,sr:match:71531176,moneyline,FanDuel,away,+120,+144,,
2026-09-29T10:16:32.210039+00:00,nfl,sr:match:71531176,moneyline,FanDuel,home,-142,-174,,
2026-09-29T10:16:32.210039+00:00,nfl,sr:match:71531176,spread,MGM,away,-105,-114,2.5,3.0
2026-09-29T10:16:32.210039+00:00,nfl,sr:match:71531176,spread,MGM,home,-125,-105,-2.5,-3.0
2026-09-29T10:16:32.210039+00:00,nfl,sr:match:71531176,spread,DraftKings,away,-115,-110,3.0,2.5
2026-09-29T10:16:32.210039+00:00,nfl,sr:match:71531176,spread,DraftKings,home,-105,-110,-3.0,-2.5
2026-09-29T10:16:32.210039+00:00,nfl,sr:match:71531176,spread,Bet365.US.NJ,away,+100,-110,2.5,3.5
2026-09-29T10:16:32.210039+00:00,nfl,sr:match:71531176,spread,Bet365.US.NJ,home,-120,-110,-2.5,-3.5
2026-09-29T10:16:32.210039+00:00,nfl,sr:match:71531176,spread,WilliamHillNewJersey,away,-102,-120,2.5,3.0
2026-09-29T10:16:32.210039+00:00,nfl,sr:match:71531176,spread,WilliamHillNewJersey,home,-120,-110,-2.5,-3.0
2026-09-29T10:16:32.210039+00:00,nfl,sr:match:71531176,spread,FanDuel,away,-105,-105,2.5,3.0
2026-09-29T10:16:32.210039+00:00,nfl,sr:match:71531176,spread,FanDuel,home,-115,-115,-2.5,-3.0
2026-09-29T10:16:32.210039+00:00,nfl,sr:match:71531176,total,MGM,over,-111,-111,46.5,45.5
2026-09-29T10:16:32.210039+00:00,nfl,sr:match:71531176,total,MGM,under,-108,-108,46.5,45.5
2026-09-29T10:16:32.210039+00:00,nfl,sr:match:71531176,total,DraftKings,over,-110,-110,46.5,46.5
2026-09-29T10:16:32.210039+00:00,nfl,sr:match:71531176,total,DraftKings,under,-110,-110,46.5,46.5
2026-09-29T10:16:32.210039+00:00,nfl,sr:match:71531176,total,Bet365.US.NJ,over,-110,-110,46.5,45.5
2026-09-29T10:16:32.210039+00:00,nfl,sr:match:71531176,total,Bet365.US.NJ,under,-110,-110,46.5,45.5
2026-09-29T10:16:32.210039+00:00,nfl,sr:match:71531176,total,WilliamHillNewJersey,over,-108,-115,46.5,45.5
2026-09-29T10:16:32.210039+00:00,nfl,sr:match:71531176,total,WilliamHillNewJersey,under,-113,-115,46.5,45.5
2026-09-29T10:16:32.210039+00:00,nfl,sr:match:71531176,total,FanDuel,over,-106,-110,46.5,46.5
2026-09-29T10:16:32.210039+00:00,nfl,sr:match:71531176,total,FanDuel,under,-114,-110,46.5,46.5
2026-09-29T10:16:32.210039+00:00,nfl,sr:match:71515868,moneyline,DraftKings,away,-192,-155,,
2026-09-29T10:16:32.210039+00:00,nfl,sr:match:71515868,moneyline,DraftKings,home,+160,+130,,
2026-09-29T10:16:32.210039+00:00,nfl,sr:match:71515868,moneyline,Bet365.US.NJ,away,-190,-150,,
2026-09-29T10:16:32.210039+00:00,nfl,sr:match:71515868,moneyline,Bet365.US.NJ,home,+160,+125,,
2026-09-29T10:16:32.210039+00:00,nfl,sr:match:71515868,moneyline,WilliamHillNewJersey,away,-197,-180,,
2026-09-29T10:16:32.210039+00:00,nfl,sr:match:71515868,moneyline,WilliamHillNewJersey,home,+164,+140,,
2026-09-29T10:16:32.210039+00:00,nfl,sr:match:71515868,moneyline,FanDuel,away,-190,-138,,
2026-09-29T10:16:32.210039+00:00,nfl,sr:match:71515868,moneyline,FanDuel,home,+160,+118,,
2026-09-29T10:16:32.210039+00:00,nfl,sr:match:71515868,spread,MGM,away,-111,-102,-3.5,-3.0
2026-09-29T10:16:32.210039+00:00,nfl,sr:match:71515868,spread,MGM,home,-108,-115,3.5,3.0
2026-09-29T10:16:32.210039+00:00,nfl,sr:match:71515868,spread,DraftKings,away,-112,-110,-3.5,-3.0
2026-09-29T10:16:32.210039+00:00,nfl,sr:match:71515868,spread,DraftKings,home,-108,-110,3.5,3.0
2026-09-29T10:16:32.210039+00:00,nfl,sr:match:71515868,spread,Bet365.US.NJ,away,-110,-110,-3.5,-2.5
2026-09-29T10:16:32.210039+00:00,nfl,sr:match:71515868,spread,Bet365.US.NJ,home,-110,-110,3.5,2.5
2026-09-29T10:16:32.210039+00:00,nfl,sr:match:71515868,spread,WilliamHillNewJersey,away,-105,-120,-3.5,-3.0
2026-09-29T10:16:32.210039+00:00,nfl,sr:match:71515868,spread,WilliamHillNewJersey,home,-114,-110,3.5,3.0
2026-09-29T10:16:32.210039+00:00,nfl,sr:match:71515868,spread,FanDuel,away,-110,-110,-3.5,-2.5
2026-09-29T10:16:32.210039+00:00,nfl,sr:match:71515868,spread,FanDuel,home,-110,-110,3.5,2.5
2026-09-29T10:16:32.210039+00:00,nfl,sr:match:71515868,total,MGM,over,-114,-108,50.0,49.5
2026-09-29T10:16:32.210039+00:00,nfl,sr:match:71515868,total,MGM,under,-105,-111,50.0,49.5
2026-09-29T10:16:32.210039+00:00,nfl,sr:match:71515868,total,DraftKings,over,-112,-110,50.5,47.5
2026-09-29T10:16:32.210039+00:00,nfl,sr:match:71515868,total,DraftKings,under,-108,-110,50.5,47.5
2026-09-29T10:16:32.210039+00:00,nfl,sr:match:71515868,total,Bet365.US.NJ,over,-110,-110,50.5,49.5
2026-09-29T10:16:32.210039+00:00,nfl,sr:match:71515868,total,Bet365.US.NJ,under,-110,-110,50.5,49.5
2026-09-29T10:16:32.210039+00:00,nfl,sr:match:71515868,total,WilliamHillNewJersey,over,-106,-115,50.5,46.5
2026-09-29T10:16:32.210039+00:00,nfl,sr:match:71515868,total,WilliamHillNewJersey,under,-114,-115,50.5,46.5
2026-09-29T10:16:32.210039+00:00,nfl,sr:match:71515868,total,FanDuel,over,-105,-105,50.5,49.5
2026-09-29T10:16:32.210039+00:00,nfl,sr:match:71515868,total,FanDuel,under,-115,-115,50.5,49.5
2026-09-29T10:16:32.210039+00:00,nfl,sr:match:71515870,moneyline,DraftKings,away,+130,+114,,
2026-09-29T10:16:32.210039+00:00,nfl,sr:match:71515870,moneyline,DraftKings,home,-155,-135,,
2026-09-29T10:16:32.210039+00:00,nfl,sr:match:71515870,moneyline,Bet365.US.NJ,away,+125,+160,,
2026-09-29T10:16:32.210039+00:00,nfl,sr:match:71515870,moneyline,Bet365.US.NJ,home,-150,-190,,
2026-09-29T10:16:32.210039+00:00,nfl,sr:match:71515870,moneyline,WilliamHillNewJersey,away,+127,+110,,
2026-09-29T10:16:32.210039+00:00,nfl,sr:match:71515870,moneyline,WilliamHillNewJersey,home,-150,-140,,
2026-09-29T10:16:32.210039+00:00,nfl,sr:match:71515870,moneyline,FanDuel,away,+126,+160,,
2026-09-29T10:16:32.210039+00:00,nfl,sr:match:71515870,moneyline,FanDuel,home,-148,-190,,
2026-09-29T10:16:32.210039+00:00,nfl,sr:match:71515870,spread,MGM,away,-125,-102,3.0,2.5
2026-09-29T10:16:32.210039+00:00,nfl,sr:match:71515870,spread,MGM,home,-105,-118,-3.0,-2.5
2026-09-29T10:16:32.210039+00:00,nfl,sr:match:71515870,spread,DraftKings,away,-107,-110,2.5,2.5
2026-09-29T10:16:32.210039+00:00,nfl,sr:match:71515870,spread,DraftKings,home,-125,-110,-2.5,-2.5
2026-09-29T10:16:32.210039+00:00,nfl,sr:match:71515870,spread,Bet365.US.NJ,away,+100,-110,2.5,3.5
2026-09-29T10:16:32.210039+00:00,nfl,sr:match:71515870,spread,Bet365.US.NJ,home,-120,-110,-2.5,-3.5
2026-09-29T10:16:32.210039+00:00,nfl,sr:match:71515870,spread,WilliamHillNewJersey,away,-103,-120,2.5,2.5
2026-09-29T10:16:32.210039+00:00,nfl,sr:match:71515870,spread,WilliamHillNewJersey,home,-118,-110,-2.5,-2.5
2026-09-29T10:16:32.210039+00:00,nfl,sr:match:71515870,spread,FanDuel,away,-104,-110,2.5,3.5
2026-09-29T10:16:32.210039+00:00,nfl,sr:match:71515870,spread,FanDuel,home,-118,-110,-2.5,-3.5
2026-09-29T10:16:32.210039+00:00,nfl,sr:match:71515870,total,MGM,over,-108,-108,48.5,46.5
2026-09-29T10:16:32.210039+00:00,nfl,sr:match:71515870,total,MGM,under,-111,-111,48.5,46.5
2026-09-29T10:16:32.210039+00:00,nfl,sr:match:71515870,total,DraftKings,over,-112,-110,48.5,45.5
2026-09-29T10:16:32.210039+00:00,nfl,sr:match:71515870,total,DraftKings,under,-108,-110,48.5,45.5
2026-09-29T10:16:32.210039+00:00,nfl,sr:match:71515870,total,Bet365.US.NJ,over,-110,-105,48.5,46.5
2026-09-29T10:16:32.210039+00:00,nfl,sr:match:71515870,total,Bet365.US.NJ,under,-110,-135,48.5,46.5
2026-09-29T10:16:32.210039+00:00,nfl,sr:match:71515870,total,WilliamHillNewJersey,over,-105,-110,48.5,44.5
2026-09-29T10:16:32.210039+00:00,nfl,sr:match:71515870,total,WilliamHillNewJersey,under,-115,-110,48.5,44.5
2026-09-29T10:16:32.210039+00:00,nfl,sr:match:71515870,total,FanDuel,over,-104,-105,48.5,45.5
2026-09-29T10:16:32.210039+00:00,nfl,sr:match:71515870,total,FanDuel,under,-118,-115,48.5,45.5
2026-09-29T16:10:04.833673+00:00,nfl,sr:match:71515842,moneyline,DraftKings,away,-148,-135,,
2026-09-29T16:10:04.833673+00:00,nfl,sr:match:71515842,moneyline,DraftKings,home,+124,+114,,
2026-09-29T16:10:04.833673+00:00,nfl,sr:match:71515842,moneyline,Bet365.US.NJ,away,-150,-135,,
2026-09-29T16:10:04.833673+00:00,nfl,sr:match:71515842,moneyline,Bet365.US.NJ,home,+125,+115,,
2026-09-29T16:10:04.833673+00:00,nfl,sr:match:71515842,moneyline,WilliamHillNewJersey,away,-145,-140,,
2026-09-29T16:10:04.833673+00:00,nfl,sr:match:71515842,moneyline,WilliamHillNewJersey,home,+123,+110,,
2026-09-29T16:10:04.833673+00:00,nfl,sr:match:71515842,moneyline,FanDuel,away,-144,-134,,
2026-09-29T16:10:04.833673+00:00,nfl,sr:match:71515842,moneyline,FanDuel,home,+122,+114,,
2026-09-29T16:10:04.833673+00:00,nfl,sr:match:71515842,spread,MGM,away,-105,-114,-3.0,-2.5
2026-09-29T16:10:04.833673+00:00,nfl,sr:match:71515842,spread,MGM,home,-125,-105,3.0,2.5
2026-09-29T16:10:04.833673+00:00,nfl,sr:match:71515842,spread,DraftKings,away,-120,-170,-2.5,1.5
2026-09-29T16:10:04.833673+00:00,nfl,sr:match:71515842,spread,DraftKings,home,+100,+127,2.5,-1.5
2026-09-29T16:10:04.833673+00:00,nfl,sr:match:71515842,spread,Bet365.US.NJ,away,-120,-110,-2.5,-2.5
2026-09-29T16:10:04.833673+00:00,nfl,sr:match:71515842,spread,Bet365.US.NJ,home,+100,-110,2.5,2.5
2026-09-29T16:10:04.833673+00:00,nfl,sr:match:71515842,spread,WilliamHillNewJersey,away,-114,-115,-2.5,-1.5
2026-09-29T16:10:04.833673+00:00,nfl,sr:match:71515842,spread,WilliamHillNewJersey,home,-106,-115,2.5,1.5
2026-09-29T16:10:04.833673+00:00,nfl,sr:match:71515842,spread,FanDuel,away,-114,-110,-2.5,-2.5
2026-09-29T16:10:04.833673+00:00,nfl,sr:match:71515842,spread,FanDuel,home,-106,-110,2.5,2.5
2026-09-29T16:10:04.833673+00:00,nfl,sr:match:71515842,total,MGM,over,-108,-111,38.5,38.0
2026-09-29T16:10:04.833673+00:00,nfl,sr:match:71515842,total,MGM,under,-111,-108,38.5,38.0
2026-09-29T16:10:04.833673+00:00,nfl,sr:match:71515842,total,DraftKings,over,-105,-101,38.5,39.5
2026-09-29T16:10:04.833673+00:00,nfl,sr:match:71515842,total,DraftKings,under,-115,-132,38.5,39.5
2026-09-29T16:10:04.833673+00:00,nfl,sr:match:71515842,total,Bet365.US.NJ,over,-110,-110,38.5,37.5
2026-09-29T16:10:04.833673+00:00,nfl,sr:match:71515842,total,Bet365.US.NJ,under,-110,-110,38.5,37.5
2026-09-29T16:10:04.833673+00:00,nfl,sr:match:71515842,total,WilliamHillNewJersey,over,-110,-115,38.5,38.5
2026-09-29T16:10:04.833673+00:00,nfl,sr:match:71515842,total,WilliamHillNewJersey,under,-109,-115,38.5,38.5
2026-09-29T16:10:04.833673+00:00,nfl,sr:match:71515842,total,FanDuel,over,-104,-105,38.5,37.5
2026-09-29T16:10:04.833673+00:00,nfl,sr:match:71515842,total,FanDuel,under,-118,-115,38.5,37.5
2026-09-29T16:10:04.833673+00:00,nfl,sr:match:71488622,moneyline,MGM,away,-105,-105,,
2026-09-29T16:10:04.833673+00:00,nfl,sr:match:71488622,moneyline,MGM,home,-115,-115,,
2026-09-29T16:10:04.833673+00:00,nfl,sr:match:71488622,moneyline,DraftKings,away,-180,-102,,
2026-09-29T16:10:04.833673+00:00,nfl,sr:match:71488622,moneyline,DraftKings,home,+150,-118,,
2026-09-29T16:10:04.833673+00:00,nfl,sr:match:71488622,moneyline,Bet365.US.NJ,away,-180,-105,,
2026-09-29T16:10:04.833673+00:00,nfl,sr:match:71488622,moneyline,Bet365.US.NJ,home,+150,-115,,
2026-09-29T16:10:04.833673+00:00,nfl,sr:match:71488622,moneyline,WilliamHillNewJersey,away,-190,-115,,
2026-09-29T16:10:04.833673+00:00,nfl,sr:match:71488622,moneyline,WilliamHillNewJersey,home,+155,-105,,
2026-09-29T16:10:04.833673+00:00,nfl,sr:match:71488622,moneyline,FanDuel,away,-198,+100,,
2026-09-29T16:10:04.833673+00:00,nfl,sr:match:71488622,moneyline,FanDuel,home,+166,-118,,
2026-09-29T16:10:04.833673+00:00,nfl,sr:match:71488622,spread,MGM,away,-108,-120,-3.5,1.5
2026-09-29T16:10:04.833673+00:00,nfl,sr:match:71488622,spread,MGM,home,-111,+100,3.5,-1.5
2026-09-29T16:10:04.833673+00:00,nfl,sr:match:71488622,spread,DraftKings,away,-108,-118,-3.5,1.5
2026-09-29T16:10:04.833673+00:00,nfl,sr:match:71488622,spread,DraftKings,home,-112,-102,3.5,-1.5
2026-09-29T16:10:04.833673+00:00,nfl,sr:match:71488622,spread,Bet365.US.NJ,away,-105,-110,-3.5,1.5
2026-09-29T16:10:04.833673+00:00,nfl,sr:match:71488622,spread,Bet365.US.NJ,home,-115,-110,3.5,-1.5
2026-09-29T16:10:04.833673+00:00,nfl,sr:match:71488622,spread,WilliamHillNewJersey,away,-110,-105,-3.5,-1.0
2026-09-29T16:10:04.833673+00:00,nfl,sr:match:71488622,spread,WilliamHillNewJersey,home,-111,-115,3.5,1.0
2026-09-29T16:10:04.833673+00:00,nfl,sr:match:71488622,spread,FanDuel,away,-110,-115,-3.5,1.5
2026-09-29T16:10:04.833673+00:00,nfl,sr:match:71488622,spread,FanDuel,home,-110,-105,3.5,-1.5
2026-09-29T16:10:04.833673+00:00,nfl,sr:match:71488622,total,MGM,over,-111,-110,47.0,49.5
2026-09-29T16:10:04.833673+00:00,nfl,sr:match:71488622,total,MGM,under,-108,-110,47.0,49.5
2026-09-29T16:10:04.833673+00:00,nfl,sr:match:71488622,total,DraftKings,over,-102,-110,47.5,48.5
2026-09-29T16:10:04.833673+00:00,nfl,sr:match:71488622,total,DraftKings,under,-118,-110,47.5,48.5
2026-09-29T16:10:04.833673+00:00,nfl,sr:match:71488622,total,Bet365.US.NJ,over,-105,-110,47.5,49.5
2026-09-29T16:10:04.833673+00:00,nfl,sr:match:71488622,total,Bet365.US.NJ,under,-115,-110,47.5,49.5
2026-09-29T16:10:04.833673+00:00,nfl,sr:match:71488622,total,WilliamHillNewJersey,over,-112,-110,47.0,48.5
2026-09-29T16:10:04.833673+00:00,nfl,sr:match:71488622,total,WilliamHillNewJersey,under,-109,-110,47.0,48.5
2026-09-29T16:10:04.833673+00:00,nfl,sr:match:71488622,total,FanDuel,over,-102,-112,47.5,50.5
2026-09-29T16:10:04.833673+00:00,nfl,sr:match:71488622,total,FanDuel,under,-120,-108,47.5,50.5
2026-09-29T16:10:04.833673+00:00,nfl,sr:match:71515844,moneyline,DraftKings,away,+525,+310,,
2026-09-29T16:10:04.833673+00:00,nfl,sr:match:71515844,moneyline,DraftKings,home,-752,-395,,
2026-09-29T16:10:04.833673+00:00,nfl,sr:match:71515844,moneyline,Bet365.US.NJ,away,+525,+475,,
2026-09-29T16:10:04.833673+00:00,nfl,sr:match:71515844,moneyline,Bet365.US.NJ,home,-752,-654,,
2026-09-29T16:10:04.833673+00:00,nfl,sr:match:71515844,moneyline,WilliamHillNewJersey,away,+480,+330,,
2026-09-29T16:10:04.833673+00:00,nfl,sr:match:71515844,moneyline,WilliamHillNewJersey,home,-699,-426,,
2026-09-29T16:10:04.833673+00:00,nfl,sr:match:71515844,moneyline,FanDuel,away,+530,+530,,
2026-09-29T16:10:04.833673+00:00,nfl,sr:match:71515844,moneyline,FanDuel,home,-769,-752,,
2026-09-29T16:10:04.833673+00:00,nfl,sr:match:71515844,spread,MGM,away,-118,-111,12.0,11.5
2026-09-29T16:10:04.833673+00:00,nfl,sr:match:71515844,spread,MGM,home,-111,-108,-12.0,-11.5
2026-09-29T16:10:04.833673+00:00,nfl,sr:match:71515844,spread,DraftKings,away,-110,-110,11.5,8.5
2026-09-29T16:10:04.833673+00:00,nfl,sr:match:71515844,spread,DraftKings,home,-110,-110,-11.5,-8.5
2026-09-29T16:10:04.833673+00:00,nfl,sr:match:71515844,spread,Bet365.US.NJ,away,-110,-110,11.5,10.5
2026-09-29T16:10:04.833673+00:00,nfl,sr:match:71515844,spread,Bet365.US.NJ,home,-110,-110,-11.5,-10.5
2026-09-29T16:10:04.833673+00:00,nfl,sr:match:71515844,spread,WilliamHillNewJersey,away,-113,-115,11.5,9.0
2026-09-29T16:10:04.833673+00:00,nfl,sr:match:71515844,spread,WilliamHillNewJersey,home,-106,-115,-11.5,-9.0
2026-09-29T16:10:04.833673+00:00,nfl,sr:match:71515844,spread,FanDuel,away,-110,-105,11.5,10.5
2026-09-29T16:10:04.833673+00:00,nfl,sr:match:71515844,spread,FanDuel,home,-110,-115,-11.5,-10.5
2026-09-29T16:10:04.833673+00:00,nfl,sr:match:71515844,total,MGM,over,-108,-114,43.5,43.0
2026-09-29T16:10:04.833673+00:00,nfl,sr:match:71515844,total,MGM,under,-111,-108,43.5,43.0
2026-09-29T16:10:04.833673+00:00,nfl,sr:match:71515844,total,DraftKings,over,-110,-110,43.5,47.5
2026-09-29T16:10:04.833673+00:00,nfl,sr:match:71515844,total,DraftKings,under,-110,-110,43.5,47.5
2026-09-29T16:10:04.833673+00:00,nfl,sr:match:71515844,total,Bet365.US.NJ,over,-110,-115,43.5,44.5
2026-09-29T16:10:04.833673+00:00,nfl,sr:match:71515844,total,Bet365.US.NJ,under,-110,-105,43.5,44.5
2026-09-29T16:10:04.833673+00:00,nfl,sr:match:71515844,total,WilliamHillNewJersey,over,-110,-115,43.5,45.5
2026-09-29T16:10:04.833673+00:00,nfl,sr:match:71515844,total,WilliamHillNewJersey,under,-109,-115,43.5,45.5
2026-09-29T16:10:04.833673+00:00,nfl,sr:match:71515844,total,FanDuel,over,-110,-104,43.5,45.5
2026-09-29T16:10:04.833673+00:00,nfl,sr:match:71515844,total,FanDuel,under,-110,-118,43.5,45.5
2026-09-29T16:10:04.833673+00:00,nfl,sr:match:71515846,moneyline,DraftKings,away,+240,+136,,
2026-09-29T16:10:04.833673+00:00,nfl,sr:match:71515846,moneyline,DraftKings,home,-298,-162,,
2026-09-29T16:10:04.833673+00:00,nfl,sr:match:71515846,moneyline,Bet365.US.NJ,away,+240,+210,,
2026-09-29T16:10:04.833673+00:00,nfl,sr:match:71515846,moneyline,Bet365.US.NJ,home,-300,-260,,
2026-09-29T16:10:04.833673+00:00,nfl,sr:match:71515846,moneyline,WilliamHillNewJersey,away,+250,+0,,
2026-09-29T16:10:04.833673+00:00,nfl,sr:match:71515846,moneyline,WilliamHillNewJersey,home,-319,-200,,
2026-09-29T16:10:04.833673+00:00,nfl,sr:match:71515846,moneyline,FanDuel,away,+265,+215,,
2026-09-29T16:10:04.833673+00:00,nfl,sr:match:71515846,moneyline,FanDuel,home,-330,-260,,
2026-09-29T16:10:04.833673+00:00,nfl,sr:match:71515846,spread,MGM,away,-125,-114,7.0,7.0
2026-09-29T16:10:04.833673+00:00,nfl,sr:match:71515846,spread,MGM,home,-105,-105,-7.0,-7.0
2026-09-29T16:10:04.833673+00:00,nfl,sr:match:71515846,spread,DraftKings,away,-108,-110,6.5,3.0
2026-09-29T16:10:04.833673+00:00,nfl,sr:match:71515846,spread,DraftKings,home,-123,-110,-6.5,-3.0
2026-09-29T16:10:04.833673+00:00,nfl,sr:match:71515846,spread,Bet365.US.NJ,away,-105,-110,6.5,5.5
2026-09-29T16:10:04.833673+00:00,nfl,sr:match:71515846,spread,Bet365.US.NJ,home,-115,-110,-6.5,-5.5
2026-09-29T16:10:04.833673+00:00,nfl,sr:match:71515846,spread,WilliamHillNewJersey,away,-104,-115,6.5,4.0
2026-09-29T16:10:04.833673+00:00,nfl,sr:match:71515846,spread,WilliamHillNewJersey,home,-117,-115,-6.5,-4.0
2026-09-29T16:10:04.833673+00:00,nfl,sr:match:71515846,spread,FanDuel,away,-104,-105,6.5,5.5
2026-09-29T16:10:04.833673+00:00,nfl,sr:match:71515846,spread,FanDuel,home,-118,-115,-6.5,-5.5
2026-09-29T16:10:04.833673+00:00,nfl,sr:match:71515846,total,MGM,over,-108,-111,48.5,48.5
2026-09-29T16:10:04.833673+00:00,nfl,sr:match:71515846,total,MGM,under,-111,-108,48.5,48.5
2026-09-29T16:10:04.833673+00:00,nfl,sr:match:71515846,total,DraftKings,over,-110,-110,48.5,49.5
2026-09-29T16:10:04.833673+00:00,nfl,sr:match:71515846,total,DraftKings,under,-110,-110,48.5,49.5
2026-09-29T16:10:04.833673+00:00,nfl,sr:match:71515846,total,Bet365.US.NJ,over,-110,-110,48.5,50.5
2026-09-29T16:10:04.833673+00:00,nfl,sr:match:71515846,total,Bet365.US.NJ,under,-110,-130,48.5,50.5
2026-09-29T16:10:04.833673+00:00,nfl,sr:match:71515846,total,WilliamHillNewJersey,over,-110,-115,48.5,50.5
2026-09-29T16:10:04.833673+00:00,nfl,sr:match:71515846,total,WilliamHillNewJersey,under,-110,-115,48.5,50.5
2026-09-29T16:10:04.833673+00:00,nfl,sr:match:71515846,total,FanDuel,over,-110,-104,48.5,50.5
2026-09-29T16:10:04.833673+00:00,nfl,sr:match:71515846,total,FanDuel,under,-110,-118,48.5,50.5
2026-09-29T16:10:04.833673+00:00,nfl,sr:match:71515848,moneyline,DraftKings,away,+140,+300,,
2026-09-29T16:10:04.833673+00:00,nfl,sr:match:71515848,moneyline,DraftKings,home,-166,-380,,
2026-09-29T16:10:04.833673+00:00,nfl,sr:match:71515848,moneyline,Bet365.US.NJ,away,+145,+150,,
2026-09-29T16:10:04.833673+00:00,nfl,sr:match:71515848,moneyline,Bet365.US.NJ,home,-170,-180,,
2026-09-29T16:10:04.833673+00:00,nfl,sr:match:71515848,moneyline,WilliamHillNewJersey,away,+149,+305,,
2026-09-29T16:10:04.833673+00:00,nfl,sr:match:71515848,moneyline,WilliamHillNewJersey,home,-176,-426,,
2026-09-29T16:10:04.833673+00:00,nfl,sr:match:71515848,moneyline,FanDuel,away,+148,+154,,
2026-09-29T16:10:04.833673+00:00,nfl,sr:match:71515848,moneyline,FanDuel,home,-176,-184,,
2026-09-29T16:10:04.833673+00:00,nfl,sr:match:71515848,spread,MGM,away,-128,-111,3.5,3.0
2026-09-29T16:10:04.833673+00:00,nfl,sr:match:71515848,spread,MGM,home,-105,-108,-3.5,-3.0
2026-09-29T16:10:04.833673+00:00,nfl,sr:match:71515848,spread,DraftKings,away,-108,-110,3.0,8.5
2026-09-29T16:10:04.833673+00:00,nfl,sr:match:71515848,spread,DraftKings,home,-112,-110,-3.0,-8.5
2026-09-29T16:10:04.833673+00:00,nfl,sr:match:71515848,spread,Bet365.US.NJ,away,-120,-110,3.5,3.0
2026-09-29T16:10:04.833673+00:00,nfl,sr:match:71515848,spread,Bet365.US.NJ,home,+100,-110,-3.5,-3.0
2026-09-29T16:10:04.833673+00:00,nfl,sr:match:71515848,spread,WilliamHillNewJersey,away,-104,-115,3.0,9.0
2026-09-29T16:10:04.833673+00:00,nfl,sr:match:71515848,spread,WilliamHillNewJersey,home,-117,-115,-3.0,-9.0
2026-09-29T16:10:04.833673+00:00,nfl,sr:match:71515848,spread,FanDuel,away,-120,-104,3.5,3.0
2026-09-29T16:10:04.833673+00:00,nfl,sr:match:71515848,spread,FanDuel,home,-102,-118,-3.5,-3.0
2026-09-29T16:10:04.833673+00:00,nfl,sr:match:71515848,total,MGM,over,-108,-111,43.0,43.0
2026-09-29T16:10:04.833673+00:00,nfl,sr:match:71515848,total,MGM,under,-111,-108,43.0,43.0
2026-09-29T16:10:04.833673+00:00,nfl,sr:match:71515848,total,DraftKings,over,-115,-110,42.5,45.5
2026-09-29T16:10:04.833673+00:00,nfl,sr:match:71515848,total,DraftKings,under,-105,-110,42.5,45.5
2026-09-29T16:10:04.833673+00:00,nfl,sr:match:71515848,total,Bet365.US.NJ,over,-112,-110,44.5,43.5
2026-09-29T16:10:04.833673+00:00,nfl,sr:match:71515848,total,Bet365.US.NJ,under,-128,-110,44.5,43.5
2026-09-29T16:10:04.833673+00:00,nfl,sr:match:71515848,total,WilliamHillNewJersey,over,-117,-115,42.5,44.5
2026-09-29T16:10:04.833673+00:00,nfl,sr:match:71515848,total,WilliamHillNewJersey,under,-103,-115,42.5,44.5
2026-09-29T16:10:04.833673+00:00,nfl,sr:match:71515848,total,FanDuel,over,-105,-105,43.5,43.5
2026-09-29T16:10:04.833673+00:00,nfl,sr:match:71515848,total,FanDuel,under,-115,-115,43.5,43.5
2026-09-29T16:10:04.833673+00:00,nfl,sr:match:71515850,moneyline,DraftKings,away,+120,+114,,
2026-09-29T16:10:04.833673+00:00,nfl,sr:match:71515850,moneyline,DraftKings,home,-142,-135,,
2026-09-29T16:10:04.833673+00:00,nfl,sr:match:71515850,moneyline,Bet365.US.NJ,away,+120,+130,,
2026-09-29T16:10:04.833673+00:00,nfl,sr:match:71515850,moneyline,Bet365.US.NJ,home,-140,-155,,
2026-09-29T16:10:04.833673+00:00,nfl,sr:match:71515850,moneyline,WilliamHillNewJersey,away,+119,+130,,
2026-09-29T16:10:04.833673+00:00,nfl,sr:match:71515850,moneyline,WilliamHillNewJersey,home,-141,-170,,
2026-09-29T16:10:04.833673+00:00,nfl,sr:match:71515850,moneyline,FanDuel,away,+112,+120,,
2026-09-29T16:10:04.833673+00:00,nfl,sr:match:71515850,moneyline,FanDuel,home,-132,-142,,
2026-09-29T16:10:04.833673+00:00,nfl,sr:match:71515850,spread,MGM,away,-108,-108,2.0,2.5
2026-09-29T16:10:04.833673+00:00,nfl,sr:match:71515850,spread,MGM,home,-125,-111,-2.0,-2.5
2026-09-29T16:10:04.833673+00:00,nfl,sr:match:71515850,spread,DraftKings,away,-105,-110,2.5,2.5
2026-09-29T16:10:04.833673+00:00,nfl,sr:match:71515850,spread,DraftKings,home,-115,-110,-2.5,-2.5
2026-09-29T16:10:04.833673+00:00,nfl,sr:match:71515850,spread,Bet365.US.NJ,away,-105,-105,2.5,2.5
2026-09-29T16:10:04.833673+00:00,nfl,sr:match:71515850,spread,Bet365.US.NJ,home,-115,-115,-2.5,-2.5
2026-09-29T16:10:04.833673+00:00,nfl,sr:match:71515850,spread,WilliamHillNewJersey,away,-103,-115,2.5,3.0
2026-09-29T16:10:04.833673+00:00,nfl,sr:match:71515850,spread,WilliamHillNewJersey,home,-118,-115,-2.5,-3.0
2026-09-29T16:10:04.833673+00:00,nfl,sr:match:71515850,spread,FanDuel,away,-112,-105,2.5,2.5
2026-09-29T16:10:04.833673+00:00,nfl,sr:match:71515850,spread,FanDuel,home,-108,-115,-2.5,-2.5
2026-09-29T16:10:04.833673+00:00,nfl,sr:match:71515850,total,MGM,over,-108,-111,51.5,50.0
2026-09-29T16:10:04.833673+00:00,nfl,sr:match:71515850,total,MGM,under,-120,-108,51.5,50.0
2026-09-29T16:10:04.833673+00:00,nfl,sr:match:71515850,total,DraftKings,over,-102,-110,51.5,51.5
2026-09-29T16:10:04.833673+00:00,nfl,sr:match:71515850,total,DraftKings,under,-118,-110,51.5,51.5
2026-09-29T16:10:04.833673+00:00,nfl,sr:match:71515850,total,Bet365.US.NJ,over,-105,-110,51.5,50.5
2026-09-29T16:10:04.833673+00:00,nfl,sr:match:71515850,total,Bet365.US.NJ,under,-115,-110,51.5,50.5
2026-09-29T16:10:04.833673+00:00,nfl,sr:match:71515850,total,WilliamHillNewJersey,over,-107,-115,51.5,51.5
2026-09-29T16:10:04.833673+00:00,nfl,sr:match:71515850,total,WilliamHillNewJersey,under,-113,-115,51.5,51.5
2026-09-29T16:10:04.833673+00:00,nfl,sr:match:71515850,total,FanDuel,over,-105,-104,51.5,51.5
2026-09-29T16:10:04.833673+00:00,nfl,sr:match:71515850,total,FanDuel,under,-115,-118,51.5,51.5
2026-09-29T16:10:04.833673+00:00,nfl,sr:match:71515852,moneyline,DraftKings,away,+120,+114,,
2026-09-29T16:10:04.833673+00:00,nfl,sr:match:71515852,moneyline,DraftKings,home,-142,-135,,
2026-09-29T16:10:04.833673+00:00,nfl,sr:match:71515852,moneyline,Bet365.US.NJ,away,+120,+125,,
2026-09-29T16:10:04.833673+00:00,nfl,sr:match:71515852,moneyline,Bet365.US.NJ,home,-140,-150,,
2026-09-29T16:10:04.833673+00:00,nfl,sr:match:71515852,moneyline,WilliamHillNewJersey,away,+120,+130,,
2026-09-29T16:10:04.833673+00:00,nfl,sr:match:71515852,moneyline,WilliamHillNewJersey,home,-141,-170,,
2026-09-29T16:10:04.833673+00:00,nfl,sr:match:71515852,moneyline,FanDuel,away,+116,+118,,
2026-09-29T16:10:04.833673+00:00,nfl,sr:match:71515852,moneyline,FanDuel,home,-136,-138,,
2026-09-29T16:10:04.833673+00:00,nfl,sr:match:71515852,spread,MGM,away,-105,-108,2.5,1.5
2026-09-29T16:10:04.833673+00:00,nfl,sr:match:71515852,spread,MGM,home,-114,-111,-2.5,-1.5
2026-09-29T16:10:04.833673+00:00,nfl,sr:match:71515852,spread,DraftKings,away,-102,-110,2.5,2.5
2026-09-29T16:10:04.833673+00:00,nfl,sr:match:71515852,spread,DraftKings,home,-118,-110,-2.5,-2.5
2026-09-29T16:10:04.833673+00:00,nfl,sr:match:71515852,spread,Bet365.US.NJ,away,-105,-110,2.5,2.5
2026-09-29T16:10:04.833673+00:00,nfl,sr:match:71515852,spread,Bet365.US.NJ,home,-115,-110,-2.5,-2.5
2026-09-29T16:10:04.833673+00:00,nfl,sr:match:71515852,spread,WilliamHillNewJersey,away,-107,-120,2.5,3.0
2026-09-29T16:10:04.833673+00:00,nfl,sr:match:71515852,spread,WilliamHillNewJersey,home,-113,-110,-2.5,-3.0
2026-09-29T16:10:04.833673+00:00,nfl,sr:match:71515852,spread,FanDuel,away,-110,-110,2.5,2.5
2026-09-29T16:10:04.833673+00:00,nfl,sr:match:71515852,spread,FanDuel,home,-110,-110,-2.5,-2.5
2026-09-29T16:10:04.833673+00:00,nfl,sr:match:71515852,total,MGM,over,-108,-108,48.0,47.0
2026-09-29T16:10:04.833673+00:00,nfl,sr:match:71515852,total,MGM,under,-111,-111,48.0,47.0
2026-09-29T16:10:04.833673+00:00,nfl,sr:match:71515852,total,DraftKings,over,-107,-110,48.5,47.5
2026-09-29T16:10:04.833673+00:00,nfl,sr:match:71515852,total,DraftKings,under,-121,-110,48.5,47.5
2026-09-29T16:10:04.833673+00:00,nfl,sr:match:71515852,total,Bet365.US.NJ,over,-110,-110,48.5,47.5
2026-09-29T16:10:04.833673+00:00,nfl,sr:match:71515852,total,Bet365.US.NJ,under,-130,-110,48.5,47.5
2026-09-29T16:10:04.833673+00:00,nfl,sr:match:71515852,total,WilliamHillNewJersey,over,-115,-115,47.5,46.5
2026-09-29T16:10:04.833673+00:00,nfl,sr:match:71515852,total,WilliamHillNewJersey,under,-105,-115,47.5,46.5
2026-09-29T16:10:04.833673+00:00,nfl,sr:match:71515852,total,FanDuel,over,-110,-105,47.5,47.5
2026-09-29T16:10:04.833673+00:00,nfl,sr:match:71515852,total,FanDuel,under,-110,-115,47.5,47.5
2026-09-29T16:10:04.833673+00:00,nfl,sr:match:71515854,moneyline,DraftKings,away,-115,+260,,
2026-09-29T16:10:04.833673+00:00,nfl,sr:match:71515854,moneyline,DraftKings,home,-105,-325,,
2026-09-29T16:10:04.833673+00:00,nfl,sr:match:71515854,moneyline,Bet365.US.NJ,away,-115,+120,,
2026-09-29T16:10:04.833673+00:00,nfl,sr:match:71515854,moneyline,Bet365.US.NJ,home,-105,-140,,
2026-09-29T16:10:04.833673+00:00,nfl,sr:match:71515854,moneyline,WilliamHillNewJersey,away,-110,+0,,
2026-09-29T16:10:04.833673+00:00,nfl,sr:match:71515854,moneyline,WilliamHillNewJersey,home,-107,+0,,
2026-09-29T16:10:04.833673+00:00,nfl,sr:match:71515854,moneyline,FanDuel,away,-110,+116,,
2026-09-29T16:10:04.833673+00:00,nfl,sr:match:71515854,moneyline,FanDuel,home,-108,-136,,
2026-09-29T16:10:04.833673+00:00,nfl,sr:match:71515854,spread,MGM,away,-105,-111,-1.0,2.5
2026-09-29T16:10:04.833673+00:00,nfl,sr:match:71515854,spread,MGM,home,-114,-108,1.0,-2.5
2026-09-29T16:10:04.833673+00:00,nfl,sr:match:71515854,spread,DraftKings,away,-102,-110,-1.5,7.0
2026-09-29T16:10:04.833673+00:00,nfl,sr:match:71515854,spread,DraftKings,home,-118,-110,1.5,-7.0
2026-09-29T16:10:04.833673+00:00,nfl,sr:match:71515854,spread,Bet365.US.NJ,away,-105,-110,-1.5,2.5
2026-09-29T16:10:04.833673+00:00,nfl,sr:match:71515854,spread,Bet365.US.NJ,home,-115,-110,1.5,-2.5
2026-09-29T16:10:04.833673+00:00,nfl,sr:match:71515854,spread,WilliamHillNewJersey,away,-109,-110,-1.0,6.5
2026-09-29T16:10:04.833673+00:00,nfl,sr:match:71515854,spread,WilliamHillNewJersey,home,-110,-120,1.0,-6.5
2026-09-29T16:10:04.833673+00:00,nfl,sr:match:71515854,spread,FanDuel,away,-124,-110,1.5,2.5
2026-09-29T16:10:04.833673+00:00,nfl,sr:match:71515854,spread,FanDuel,home,+102,-110,-1.5,-2.5
2026-09-29T16:10:04.833673+00:00,nfl,sr:match:71515854,total,MGM,over,-105,-111,44.5,43.5
2026-09-29T16:10:04.833673+00:00,nfl,sr:match:71515854,total,MGM,under,-114,-108,44.5,43.5
2026-09-29T16:10:04.833673+00:00,nfl,sr:match:71515854,total,DraftKings,over,-108,-110,44.5,45.5
2026-09-29T16:10:04.833673+00:00,nfl,sr:match:71515854,total,DraftKings,under,-112,-110,44.5,45.5
2026-09-29T16:10:04.833673+00:00,nfl,sr:match:71515854,total,Bet365.US.NJ,over,-110,-110,44.5,43.5
2026-09-29T16:10:04.833673+00:00,nfl,sr:match:71515854,total,Bet365.US.NJ,under,-110,-110,44.5,43.5
2026-09-29T16:10:04.833673+00:00,nfl,sr:match:71515854,total,WilliamHillNewJersey,over,-105,-115,44.5,44.5
2026-09-29T16:10:04.833673+00:00,nfl,sr:match:71515854,total,WilliamHillNewJersey,under,-115,-115,44.5,44.5
2026-09-29T16:10:04.833673+00:00,nfl,sr:match:71515854,total,FanDuel,over,-115,-115,43.5,43.5
2026-09-29T16:10:04.833673+00:00,nfl,sr:match:71515854,total,FanDuel,under,-105,-105,43.5,43.5
2026-09-29T16:10:04.833673+00:00,nfl,sr:match:71515856,moneyline,DraftKings,away,-155,-118,,
2026-09-29T16:10:04.833673+00:00,nfl,sr:match:71515856,moneyline,DraftKings,home,+130,-102,,
2026-09-29T16:10:04.833673+00:00,nfl,sr:match:71515856,moneyline,Bet365.US.NJ,away,-160,-140,,
2026-09-29T16:10:04.833673+00:00,nfl,sr:match:71515856,moneyline,Bet365.US.NJ,home,+135,+120,,
2026-09-29T16:10:04.833673+00:00,nfl,sr:match:71515856,moneyline,WilliamHillNewJersey,away,-159,-125,,
2026-09-29T16:10:04.833673+00:00,nfl,sr:match:71515856,moneyline,WilliamHillNewJersey,home,+134,-106,,
2026-09-29T16:10:04.833673+00:00,nfl,sr:match:71515856,moneyline,FanDuel,away,-162,-152,,
2026-09-29T16:10:04.833673+00:00,nfl,sr:match:71515856,moneyline,FanDuel,home,+136,+128,,
2026-09-29T16:10:04.833673+00:00,nfl,sr:match:71515856,spread,MGM,away,-108,-114,-3.0,-2.5
2026-09-29T16:10:04.833673+00:00,nfl,sr:match:71515856,spread,MGM,home,-111,-105,3.0,2.5
2026-09-29T16:10:04.833673+00:00,nfl,sr:match:71515856,spread,DraftKings,away,-108,-105,-3.0,-1.5
2026-09-29T16:10:04.833673+00:00,nfl,sr:match:71515856,spread,DraftKings,home,-112,-115,3.0,1.5
2026-09-29T16:10:04.833673+00:00,nfl,sr:match:71515856,spread,Bet365.US.NJ,away,-110,-105,-3.0,-2.5
2026-09-29T16:10:04.833673+00:00,nfl,sr:match:71515856,spread,Bet365.US.NJ,home,-110,-115,3.0,2.5
2026-09-29T16:10:04.833673+00:00,nfl,sr:match:71515856,spread,WilliamHillNewJersey,away,-108,-115,-3.0,-1.5
2026-09-29T16:10:04.833673+00:00,nfl,sr:match:71515856,spread,WilliamHillNewJersey,home,-112,-115,3.0,1.5
2026-09-29T16:10:04.833673+00:00,nfl,sr:match:71515856,spread,FanDuel,away,-110,-104,-3.0,-3.0
2026-09-29T16:10:04.833673+00:00,nfl,sr:match:71515856,spread,FanDuel,home,-110,-118,3.0,3.0
2026-09-29T16:10:04.833673+00:00,nfl,sr:match:71515856,total,MGM,over,-108,-108,45.0,46.0
2026-09-29T16:10:04.833673+00:00,nfl,sr:match:71515856,total,MGM,under,-111,-111,45.0,46.0
2026-09-29T16:10:04.833673+00:00,nfl,sr:match:71515856,total,DraftKings,over,-108,-110,45.5,47.5
2026-09-29T16:10:04.833673+00:00,nfl,sr:match:71515856,total,DraftKings,under,-123,-110,45.5,47.5
2026-09-29T16:10:04.833673+00:00,nfl,sr:match:71515856,total,Bet365.US.NJ,over,-110,-110,45.5,45.5
2026-09-29T16:10:04.833673+00:00,nfl,sr:match:71515856,total,Bet365.US.NJ,under,-130,-110,45.5,45.5
2026-09-29T16:10:04.833673+00:00,nfl,sr:match:71515856,total,WilliamHillNewJersey,over,-117,-115,44.5,46.5
2026-09-29T16:10:04.833673+00:00,nfl,sr:match:71515856,total,WilliamHillNewJersey,under,-103,-115,44.5,46.5
2026-09-29T16:10:04.833673+00:00,nfl,sr:match:71515856,total,FanDuel,over,-110,-104,44.5,46.5
2026-09-29T16:10:04.833673+00:00,nfl,sr:match:71515856,total,FanDuel,under,-110,-118,44.5,46.5
2026-09-29T16:10:04.833673+00:00,nfl,sr:match:71515858,moneyline,DraftKings,away,-192,-125,,
2026-09-29T16:10:04.833673+00:00,nfl,sr:match:71515858,moneyline,DraftKings,home,+160,+105,,
2026-09-29T16:10:04.833673+00:00,nfl,sr:match:71515858,moneyline,Bet365.US.NJ,away,-200,-115,,
2026-09-29T16:10:04.833673+00:00,nfl,sr:match:71515858,moneyline,Bet365.US.NJ,home,+165,-105,,
2026-09-29T16:10:04.833673+00:00,nfl,sr:match:71515858,moneyline,WilliamHillNewJersey,away,-193,-120,,
2026-09-29T16:10:04.833673+00:00,nfl,sr:match:71515858,moneyline,WilliamHillNewJersey,home,+160,-110,,
2026-09-29T16:10:04.833673+00:00,nfl,sr:match:71515858,moneyline,FanDuel,away,-194,-102,,
2026-09-29T16:10:04.833673+00:00,nfl,sr:match:71515858,moneyline,FanDuel,home,+162,-116,,
2026-09-29T16:10:04.833673+00:00,nfl,sr:match:71515858,spread,MGM,away,-108,-105,-4.0,-3.5
2026-09-29T16:10:04.833673+00:00,nfl,sr:match:71515858,spread,MGM,home,-111,-114,4.0,3.5
2026-09-29T16:10:04.833673+00:00,nfl,sr:match:71515858,spread,DraftKings,away,-106,-110,-4.5,-1.5
2026-09-29T16:10:04.833673+00:00,nfl,sr:match:71515858,spread,DraftKings,home,-125,-110,4.5,1.5
2026-09-29T16:10:04.833673+00:00,nfl,sr:match:71515858,spread,Bet365.US.NJ,away,+100,+100,-4.5,-1.5
2026-09-29T16:10:04.833673+00:00,nfl,sr:match:71515858,spread,Bet365.US.NJ,home,-120,-120,4.5,1.5
2026-09-29T16:10:04.833673+00:00,nfl,sr:match:71515858,spread,WilliamHillNewJersey,away,-107,+0,-4.0,-1.5
2026-09-29T16:10:04.833673+00:00,nfl,sr:match:71515858,spread,WilliamHillNewJersey,home,-113,-120,4.0,1.5
2026-09-29T16:10:04.833673+00:00,nfl,sr:match:71515858,spread,FanDuel,away,-118,-118,-3.5,1.5
2026-09-29T16:10:04.833673+00:00,nfl,sr:match:71515858,spread,FanDuel,home,-104,-104,3.5,-1.5
2026-09-29T16:10:04.833673+00:00,nfl,sr:match:71515858,total,MGM,over,-111,-105,40.0,41.5
2026-09-29T16:10:04.833673+00:00,nfl,sr:match:71515858,total,MGM,under,-120,-114,40.0,41.5
2026-09-29T16:10:04.833673+00:00,nfl,sr:match:71515858,total,DraftKings,over,-118,-110,39.5,47.5
2026-09-29T16:10:04.833673+00:00,nfl,sr:match:71515858,total,DraftKings,under,-102,-110,39.5,47.5
2026-09-29T16:10:04.833673+00:00,nfl,sr:match:71515858,total,Bet365.US.NJ,over,-110,-115,40.5,45.5
2026-09-29T16:10:04.833673+00:00,nfl,sr:match:71515858,total,Bet365.US.NJ,under,-130,-105,40.5,45.5
2026-09-29T16:10:04.833673+00:00,nfl,sr:match:71515858,total,WilliamHillNewJersey,over,-115,-115,39.5,46.5
2026-09-29T16:10:04.833673+00:00,nfl,sr:match:71515858,total,WilliamHillNewJersey,under,-105,-115,39.5,46.5
2026-09-29T16:10:04.833673+00:00,nfl,sr:match:71515858,total,FanDuel,over,-110,-115,39.5,45.5
2026-09-29T16:10:04.833673+00:00,nfl,sr:match:71515858,total,FanDuel,under,-110,-105,39.5,45.5
2026-09-29T16:10:04.833673+00:00,nfl,sr:match:71515860,moneyline,DraftKings,away,+525,+310,,
2026-09-29T16:10:04.833673+00:00,nfl,sr:match:71515860,moneyline,DraftKings,home,-752,-395,,
2026-09-29T16:10:04.833673+00:00,nfl,sr:match:71515860,moneyline,Bet365.US.NJ,away,+500,+500,,
2026-09-29T16:10:04.833673+00:00,nfl,sr:match:71515860,moneyline,Bet365.US.NJ,home,-704,-704,,
2026-09-29T16:10:04.833673+00:00,nfl,sr:match:71515860,moneyline,WilliamHillNewJersey,away,+475,+280,,
2026-09-29T16:10:04.833673+00:00,nfl,sr:match:71515860,moneyline,WilliamHillNewJersey,home,-676,-370,,
2026-09-29T16:10:04.833673+00:00,nfl,sr:match:71515860,moneyline,FanDuel,away,+500,+440,,
2026-09-29T16:10:04.833673+00:00,nfl,sr:match:71515860,moneyline,FanDuel,home,-699,-592,,
2026-09-29T16:10:04.833673+00:00,nfl,sr:match:71515860,spread,MGM,away,-111,-111,11.0,10.5
2026-09-29T16:10:04.833673+00:00,nfl,sr:match:71515860,spread,MGM,home,-118,-108,-11.0,-10.5
2026-09-29T16:10:04.833673+00:00,nfl,sr:match:71515860,spread,DraftKings,away,-110,-110,10.5,7.5
2026-09-29T16:10:04.833673+00:00,nfl,sr:match:71515860,spread,DraftKings,home,-121,-110,-10.5,-7.5
2026-09-29T16:10:04.833673+00:00,nfl,sr:match:71515860,spread,Bet365.US.NJ,away,-115,-115,11.5,10.5
2026-09-29T16:10:04.833673+00:00,nfl,sr:match:71515860,spread,Bet365.US.NJ,home,-105,-105,-11.5,-10.5
2026-09-29T16:10:04.833673+00:00,nfl,sr:match:71515860,spread,WilliamHillNewJersey,away,-109,-115,11.5,7.0
2026-09-29T16:10:04.833673+00:00,nfl,sr:match:71515860,spread,WilliamHillNewJersey,home,-110,-115,-11.5,-7.0
2026-09-29T16:10:04.833673+00:00,nfl,sr:match:71515860,spread,FanDuel,away,-110,-120,11.5,10.5
2026-09-29T16:10:04.833673+00:00,nfl,sr:match:71515860,spread,FanDuel,home,-110,-102,-11.5,-10.5
2026-09-29T16:10:04.833673+00:00,nfl,sr:match:71515860,total,MGM,over,-111,-105,39.0,43.0
2026-09-29T16:10:04.833673+00:00,nfl,sr:match:71515860,total,MGM,under,-118,-114,39.0,43.0
2026-09-29T16:10:04.833673+00:00,nfl,sr:match:71515860,total,DraftKings,over,-110,-110,38.5,43.5
2026-09-29T16:10:04.833673+00:00,nfl,sr:match:71515860,total,DraftKings,under,-110,-110,38.5,43.5
2026-09-29T16:10:04.833673+00:00,nfl,sr:match:71515860,total,Bet365.US.NJ,over,-110,-110,38.5,42.5
2026-09-29T16:10:04.833673+00:00,nfl,sr:match:71515860,total,Bet365.US.NJ,under,-110,-110,38.5,42.5
2026-09-29T16:10:04.833673+00:00,nfl,sr:match:71515860,total,WilliamHillNewJersey,over,-113,-115,38.5,42.0
2026-09-29T16:10:04.833673+00:00,nfl,sr:match:71515860,total,WilliamHillNewJersey,under,-107,-115,38.5,42.0
2026-09-29T16:10:04.833673+00:00,nfl,sr:match:71515860,total,FanDuel,over,-105,-105,39.5,43.5
2026-09-29T16:10:04.833673+00:00,nfl,sr:match:71515860,total,FanDuel,under,-115,-115,39.5,43.5
2026-09-29T16:10:04.833673+00:00,nfl,sr:match:71515862,moneyline,DraftKings,away,-225,-258,,
2026-09-29T16:10:04.833673+00:00,nfl,sr:match:71515862,moneyline,DraftKings,home,+185,+210,,
2026-09-29T16:10:04.833673+00:00,nfl,sr:match:71515862,moneyline,Bet365.US.NJ,away,-225,-245,,
2026-09-29T16:10:04.833673+00:00,nfl,sr:match:71515862,moneyline,Bet365.US.NJ,home,+185,+200,,
2026-09-29T16:10:04.833673+00:00,nfl,sr:match:71515862,moneyline,WilliamHillNewJersey,away,-225,-255,,
2026-09-29T16:10:04.833673+00:00,nfl,sr:match:71515862,moneyline,WilliamHillNewJersey,home,+184,+190,,
2026-09-29T16:10:04.833673+00:00,nfl,sr:match:71515862,moneyline,FanDuel,away,-230,-235,,
2026-09-29T16:10:04.833673+00:00,nfl,sr:match:71515862,moneyline,FanDuel,home,+190,+194,,
2026-09-29T16:10:04.833673+00:00,nfl,sr:match:71515862,spread,MGM,away,-111,-111,-4.5,-5.0
2026-09-29T16:10:04.833673+00:00,nfl,sr:match:71515862,spread,MGM,home,-108,-108,4.5,5.0
2026-09-29T16:10:04.833673+00:00,nfl,sr:match:71515862,spread,DraftKings,away,-112,-110,-4.5,-5.5
2026-09-29T16:10:04.833673+00:00,nfl,sr:match:71515862,spread,DraftKings,home,-108,-110,4.5,5.5
2026-09-29T16:10:04.833673+00:00,nfl,sr:match:71515862,spread,Bet365.US.NJ,away,-110,-105,-4.5,-5.5
2026-09-29T16:10:04.833673+00:00,nfl,sr:match:71515862,spread,Bet365.US.NJ,home,-110,-115,4.5,5.5
2026-09-29T16:10:04.833673+00:00,nfl,sr:match:71515862,spread,WilliamHillNewJersey,away,-112,-115,-4.5,-5.5
2026-09-29T16:10:04.833673+00:00,nfl,sr:match:71515862,spread,WilliamHillNewJersey,home,-108,-115,4.5,5.5
2026-09-29T16:10:04.833673+00:00,nfl,sr:match:71515862,spread,FanDuel,away,-112,-105,-4.5,-5.5
2026-09-29T16:10:04.833673+00:00,nfl,sr:match:71515862,spread,FanDuel,home,-108,-115,4.5,5.5
2026-09-29T16:10:04.833673+00:00,nfl,sr:match:71515862,total,MGM,over,-111,-108,47.5,46.0
2026-09-29T16:10:04.833673+00:00,nfl,sr:match:71515862,total,MGM,under,-108,-111,47.5,46.0
2026-09-29T16:10:04.833673+00:00,nfl,sr:match:71515862,total,DraftKings,over,-107,-110,48.5,43.5
2026-09-29T16:10:04.833673+00:00,nfl,sr:match:71515862,total,DraftKings,under,-125,-110,48.5,43.5
2026-09-29T16:10:04.833673+00:00,nfl,sr:match:71515862,total,Bet365.US.NJ,over,-110,-115,48.5,45.5
2026-09-29T16:10:04.833673+00:00,nfl,sr:match:71515862,total,Bet365.US.NJ,under,-130,-105,48.5,45.5
2026-09-29T16:10:04.833673+00:00,nfl,sr:match:71515862,total,WilliamHillNewJersey,over,-114,-115,47.5,42.5
2026-09-29T16:10:04.833673+00:00,nfl,sr:match:71515862,total,WilliamHillNewJersey,under,-106,-115,47.5,42.5
2026-09-29T16:10:04.833673+00:00,nfl,sr:match:71515862,total,FanDuel,over,-108,-104,47.5,46.5
2026-09-29T16:10:04.833673+00:00,nfl,sr:match:71515862,total,FanDuel,under,-112,-118,47.5,46.5
2026-09-29T16:10:04.833673+00:00,nfl,sr:match:71515864,moneyline,DraftKings,away,+280,+136,,
2026-09-29T16:10:04.833673+00:00,nfl,sr:match:71515864,moneyline,DraftKings,home,-355,-162,,
2026-09-29T16:10:04.833673+00:00,nfl,sr:match:71515864,moneyline,Bet365.US.NJ,away,+270,+260,,
2026-09-29T16:10:04.833673+00:00,nfl,sr:match:71515864,moneyline,Bet365.US.NJ,home,-340,-321,,
2026-09-29T16:10:04.833673+00:00,nfl,sr:match:71515864,moneyline,WilliamHillNewJersey,away,+265,+140,,
2026-09-29T16:10:04.833673+00:00,nfl,sr:match:71515864,moneyline,WilliamHillNewJersey,home,-334,-180,,
2026-09-29T16:10:04.833673+00:00,nfl,sr:match:71515864,moneyline,FanDuel,away,+280,+275,,
2026-09-29T16:10:04.833673+00:00,nfl,sr:match:71515864,moneyline,FanDuel,home,-350,-340,,
2026-09-29T16:10:04.833673+00:00,nfl,sr:match:71515864,spread,MGM,away,-108,-105,7.0,6.5
2026-09-29T16:10:04.833673+00:00,nfl,sr:match:71515864,spread,MGM,home,-114,-114,-7.0,-6.5
2026-09-29T16:10:04.833673+00:00,nfl,sr:match:71515864,spread,DraftKings,away,-110,-110,7.0,3.0
2026-09-29T16:10:04.833673+00:00,nfl,sr:match:71515864,spread,DraftKings,home,-110,-110,-7.0,-3.0
2026-09-29T16:10:04.833673+00:00,nfl,sr:match:71515864,spread,Bet365.US.NJ,away,-105,-110,7.0,6.5
2026-09-29T16:10:04.833673+00:00,nfl,sr:match:71515864,spread,Bet365.US.NJ,home,-115,-110,-7.0,-6.5
2026-09-29T16:10:04.833673+00:00,nfl,sr:match:71515864,spread,WilliamHillNewJersey,away,-114,-110,7.0,3.0
2026-09-29T16:10:04.833673+00:00,nfl,sr:match:71515864,spread,WilliamHillNewJersey,home,-106,-120,-7.0,-3.0
2026-09-29T16:10:04.833673+00:00,nfl,sr:match:71515864,spread,FanDuel,away,-110,-115,7.0,7.0
2026-09-29T16:10:04.833673+00:00,nfl,sr:match:71515864,spread,FanDuel,home,-110,-105,-7.0,-7.0
2026-09-29T16:10:04.833673+00:00,nfl,sr:match:71515864,total,MGM,over,-108,-111,43.0,45.0
2026-09-29T16:10:04.833673+00:00,nfl,sr:match:71515864,total,MGM,under,-111,-111,43.0,45.0
2026-09-29T16:10:04.833673+00:00,nfl,sr:match:71515864,total,DraftKings,over,-105,-110,43.5,45.5
2026-09-29T16:10:04.833673+00:00,nfl,sr:match:71515864,total,DraftKings,under,-127,-110,43.5,45.5
2026-09-29T16:10:04.833673+00:00,nfl,sr:match:71515864,total,Bet365.US.NJ,over,-110,-110,43.5,42.5
2026-09-29T16:10:04.833673+00:00,nfl,sr:match:71515864,total,Bet365.US.NJ,under,-130,-110,43.5,42.5
2026-09-29T16:10:04.833673+00:00,nfl,sr:match:71515864,total,WilliamHillNewJersey,over,-118,-115,42.5,45.5
2026-09-29T16:10:04.833673+00:00,nfl,sr:match:71515864,total,WilliamHillNewJersey,under,-102,-115,42.5,45.5
2026-09-29T16:10:04.833673+00:00,nfl,sr:match:71515864,total,FanDuel,over,-106,-115,43.5,43.5
2026-09-29T16:10:04.833673+00:00,nfl,sr:match:71515864,total,FanDuel,under,-114,-105,43.5,43.5
2026-09-29T16:10:04.833673+00:00,nfl,sr:match:71531176,moneyline,DraftKings,away,+130,+114,,
2026-09-29T16:10:04.833673+00:00,nfl,sr:match:71531176,moneyline,DraftKings,home,-155,-135,,
2026-09-29T16:10:04.833673+00:00,nfl,sr:match:71531176,moneyline,Bet365.US.NJ,away,+130,+160,,
2026-09-29T16:10:04.833673+00:00,nfl,sr:match:71531176,moneyline,Bet365.US.NJ,home,-155,-190,,
2026-09-29T16:10:04.833673+00:00,nfl,sr:match:71531176,moneyline,WilliamHillNewJersey,away,+125,+125,,
2026-09-29T16:10:04.833673+00:00,nfl,sr:match:71531176,moneyline,WilliamHillNewJersey,home,-148,-160,,
2026-09-29T16:10:04.833673+00:00,nfl,sr:match:71531176,moneyline,FanDuel,away,+120,+144,,
2026-09-29T16:10:04.833673+00:00,nfl,sr:match:71531176,moneyline,FanDuel,home,-142,-174,,
2026-09-29T16:10:04.833673+00:00,nfl,sr:match:71531176,spread,MGM,away,-105,-114,2.5,3.0
2026-09-29T16:10:04.833673+00:00,nfl,sr:match:71531176,spread,MGM,home,-125,-105,-2.5,-3.0
2026-09-29T16:10:04.833673+00:00,nfl,sr:match:71531176,spread,DraftKings,away,-115,-110,3.0,2.5
2026-09-29T16:10:04.833673+00:00,nfl,sr:match:71531176,spread,DraftKings,home,-105,-110,-3.0,-2.5
2026-09-29T16:10:04.833673+00:00,nfl,sr:match:71531176,spread,Bet365.US.NJ,away,+105,-110,2.5,3.5
2026-09-29T16:10:04.833673+00:00,nfl,sr:match:71531176,spread,Bet365.US.NJ,home,-125,-110,-2.5,-3.5
2026-09-29T16:10:04.833673+00:00,nfl,sr:match:71531176,spread,WilliamHillNewJersey,away,-102,-120,2.5,3.0
2026-09-29T16:10:04.833673+00:00,nfl,sr:match:71531176,spread,WilliamHillNewJersey,home,-120,-110,-2.5,-3.0
2026-09-29T16:10:04.833673+00:00,nfl,sr:match:71531176,spread,FanDuel,away,-105,-105,2.5,3.0
2026-09-29T16:10:04.833673+00:00,nfl,sr:match:71531176,spread,FanDuel,home,-115,-115,-2.5,-3.0
2026-09-29T16:10:04.833673+00:00,nfl,sr:match:71531176,total,MGM,over,-111,-111,46.5,45.5
2026-09-29T16:10:04.833673+00:00,nfl,sr:match:71531176,total,MGM,under,-108,-108,46.5,45.5
2026-09-29T16:10:04.833673+00:00,nfl,sr:match:71531176,total,DraftKings,over,-110,-110,46.5,46.5
2026-09-29T16:10:04.833673+00:00,nfl,sr:match:71531176,total,DraftKings,under,-110,-110,46.5,46.5
2026-09-29T16:10:04.833673+00:00,nfl,sr:match:71531176,total,Bet365.US.NJ,over,-110,-110,46.5,45.5
2026-09-29T16:10:04.833673+00:00,nfl,sr:match:71531176,total,Bet365.US.NJ,under,-110,-110,46.5,45.5
2026-09-29T16:10:04.833673+00:00,nfl,sr:match:71531176,total,WilliamHillNewJersey,over,-108,-115,46.5,45.5
2026-09-29T16:10:04.833673+00:00,nfl,sr:match:71531176,total,WilliamHillNewJersey,under,-113,-115,46.5,45.5
2026-09-29T16:10:04.833673+00:00,nfl,sr:match:71531176,total,FanDuel,over,-110,-110,46.5,46.5
2026-09-29T16:10:04.833673+00:00,nfl,sr:match:71531176,total,FanDuel,under,-110,-110,46.5,46.5
2026-09-29T16:10:04.833673+00:00,nfl,sr:match:71515868,moneyline,DraftKings,away,-175,-155,,
2026-09-29T16:10:04.833673+00:00,nfl,sr:match:71515868,moneyline,DraftKings,home,+145,+130,,
2026-09-29T16:10:04.833673+00:00,nfl,sr:match:71515868,moneyline,Bet365.US.NJ,away,-190,-150,,
2026-09-29T16:10:04.833673+00:00,nfl,sr:match:71515868,moneyline,Bet365.US.NJ,home,+160,+125,,
2026-09-29T16:10:04.833673+00:00,nfl,sr:match:71515868,moneyline,WilliamHillNewJersey,away,-197,-180,,
2026-09-29T16:10:04.833673+00:00,nfl,sr:match:71515868,moneyline,WilliamHillNewJersey,home,+164,+140,,
2026-09-29T16:10:04.833673+00:00,nfl,sr:match:71515868,moneyline,FanDuel,away,-186,-138,,
2026-09-29T16:10:04.833673+00:00,nfl,sr:match:71515868,moneyline,FanDuel,home,+156,+118,,
2026-09-29T16:10:04.833673+00:00,nfl,sr:match:71515868,spread,MGM,away,-111,-102,-3.5,-3.0
2026-09-29T16:10:04.833673+00:00,nfl,sr:match:71515868,spread,MGM,home,-108,-115,3.5,3.0
2026-09-29T16:10:04.833673+00:00,nfl,sr:match:71515868,spread,DraftKings,away,-112,-110,-3.5,-3.0
2026-09-29T16:10:04.833673+00:00,nfl,sr:match:71515868,spread,DraftKings,home,-108,-110,3.5,3.0
2026-09-29T16:10:04.833673+00:00,nfl,sr:match:71515868,spread,Bet365.US.NJ,away,-110,-110,-3.5,-2.5
2026-09-29T16:10:04.833673+00:00,nfl,sr:match:71515868,spread,Bet365.US.NJ,home,-110,-110,3.5,2.5
2026-09-29T16:10:04.833673+00:00,nfl,sr:match:71515868,spread,WilliamHillNewJersey,away,-112,-120,-3.5,-3.0
2026-09-29T16:10:04.833673+00:00,nfl,sr:match:71515868,spread,WilliamHillNewJersey,home,-108,-110,3.5,3.0
2026-09-29T16:10:04.833673+00:00,nfl,sr:match:71515868,spread,FanDuel,away,-110,-110,-3.5,-2.5
2026-09-29T16:10:04.833673+00:00,nfl,sr:match:71515868,spread,FanDuel,home,-110,-110,3.5,2.5
2026-09-29T16:10:04.833673+00:00,nfl,sr:match:71515868,total,MGM,over,-108,-108,50.5,49.5
2026-09-29T16:10:04.833673+00:00,nfl,sr:match:71515868,total,MGM,under,-111,-111,50.5,49.5
2026-09-29T16:10:04.833673+00:00,nfl,sr:match:71515868,total,DraftKings,over,-112,-110,50.5,47.5
2026-09-29T16:10:04.833673+00:00,nfl,sr:match:71515868,total,DraftKings,under,-108,-110,50.5,47.5
2026-09-29T16:10:04.833673+00:00,nfl,sr:match:71515868,total,Bet365.US.NJ,over,-105,-110,50.5,49.5
2026-09-29T16:10:04.833673+00:00,nfl,sr:match:71515868,total,Bet365.US.NJ,under,-115,-110,50.5,49.5
2026-09-29T16:10:04.833673+00:00,nfl,sr:match:71515868,total,WilliamHillNewJersey,over,-106,-115,50.5,46.5
2026-09-29T16:10:04.833673+00:00,nfl,sr:match:71515868,total,WilliamHillNewJersey,under,-114,-115,50.5,46.5
2026-09-29T16:10:04.833673+00:00,nfl,sr:match:71515868,total,FanDuel,over,-105,-105,50.5,49.5
2026-09-29T16:10:04.833673+00:00,nfl,sr:match:71515868,total,FanDuel,under,-115,-115,50.5,49.5
2026-09-29T16:10:04.833673+00:00,nfl,sr:match:71515870,moneyline,DraftKings,away,+130,+114,,
2026-09-29T16:10:04.833673+00:00,nfl,sr:match:71515870,moneyline,DraftKings,home,-155,-135,,
2026-09-29T16:10:04.833673+00:00,nfl,sr:match:71515870,moneyline,Bet365.US.NJ,away,+130,+160,,
2026-09-29T16:10:04.833673+00:00,nfl,sr:match:71515870,moneyline,Bet365.US.NJ,home,-155,-190,,
2026-09-29T16:10:04.833673+00:00,nfl,sr:match:71515870,moneyline,WilliamHillNewJersey,away,+127,+110,,
2026-09-29T16:10:04.833673+00:00,nfl,sr:match:71515870,moneyline,WilliamHillNewJersey,home,-150,-140,,
2026-09-29T16:10:04.833673+00:00,nfl,sr:match:71515870,moneyline,FanDuel,away,+126,+160,,
2026-09-29T16:10:04.833673+00:00,nfl,sr:match:71515870,moneyline,FanDuel,home,-148,-190,,
2026-09-29T16:10:04.833673+00:00,nfl,sr:match:71515870,spread,MGM,away,-102,-102,2.5,2.5
2026-09-29T16:10:04.833673+00:00,nfl,sr:match:71515870,spread,MGM,home,-118,-118,-2.5,-2.5
2026-09-29T16:10:04.833673+00:00,nfl,sr:match:71515870,spread,DraftKings,away,-107,-110,2.5,2.5
2026-09-29T16:10:04.833673+00:00,nfl,sr:match:71515870,spread,DraftKings,home,-125,-110,-2.5,-2.5
2026-09-29T16:10:04.833673+00:00,nfl,sr:match:71515870,spread,Bet365.US.NJ,away,+100,-110,2.5,3.5
2026-09-29T16:10:04.833673+00:00,nfl,sr:match:71515870,spread,Bet365.US.NJ,home,-120,-110,-2.5,-3.5
2026-09-29T16:10:04.833673+00:00,nfl,sr:match:71515870,spread,WilliamHillNewJersey,away,-103,-120,2.5,2.5
2026-09-29T16:10:04.833673+00:00,nfl,sr:match:71515870,spread,WilliamHillNewJersey,home,-118,-110,-2.5,-2.5
2026-09-29T16:10:04.833673+00:00,nfl,sr:match:71515870,spread,FanDuel,away,-104,-110,2.5,3.5
2026-09-29T16:10:04.833673+00:00,nfl,sr:match:71515870,spread,FanDuel,home,-118,-110,-2.5,-3.5
2026-09-29T16:10:04.833673+00:00,nfl,sr:match:71515870,total,MGM,over,-108,-108,48.5,46.5
2026-09-29T16:10:04.833673+00:00,nfl,sr:match:71515870,total,MGM,under,-111,-111,48.5,46.5
2026-09-29T16:10:04.833673+00:00,nfl,sr:match:71515870,total,DraftKings,over,-112,-110,48.5,45.5
2026-09-29T16:10:04.833673+00:00,nfl,sr:match:71515870,total,DraftKings,under,-108,-110,48.5,45.5
2026-09-29T16:10:04.833673+00:00,nfl,sr:match:71515870,total,Bet365.US.NJ,over,-110,-105,48.5,46.5
2026-09-29T16:10:04.833673+00:00,nfl,sr:match:71515870,total,Bet365.US.NJ,under,-110,-135,48.5,46.5
2026-09-29T16:10:04.833673+00:00,nfl,sr:match:71515870,total,WilliamHillNewJersey,over,-105,-110,48.5,44.5
2026-09-29T16:10:04.833673+00:00,nfl,sr:match:71515870,total,WilliamHillNewJersey,under,-115,-110,48.5,44.5
2026-09-29T16:10:04.833673+00:00,nfl,sr:match:71515870,total,FanDuel,over,-104,-105,48.5,45.5
2026-09-29T16:10:04.833673+00:00,nfl,sr:match:71515870,total,FanDuel,under,-118,-115,48.5,45.5
2026-09-29T22:10:14.689750+00:00,nfl,sr:match:71515842,moneyline,DraftKings,away,-148,-135,,
2026-09-29T22:10:14.689750+00:00,nfl,sr:match:71515842,moneyline,DraftKings,home,+124,+114,,
2026-09-29T22:10:14.689750+00:00,nfl,sr:match:71515842,moneyline,Bet365.US.NJ,away,-150,-135,,
2026-09-29T22:10:14.689750+00:00,nfl,sr:match:71515842,moneyline,Bet365.US.NJ,home,+125,+115,,
2026-09-29T22:10:14.689750+00:00,nfl,sr:match:71515842,moneyline,WilliamHillNewJersey,away,-145,-140,,
2026-09-29T22:10:14.689750+00:00,nfl,sr:match:71515842,moneyline,WilliamHillNewJersey,home,+123,+110,,
2026-09-29T22:10:14.689750+00:00,nfl,sr:match:71515842,moneyline,FanDuel,away,-144,-134,,
2026-09-29T22:10:14.689750+00:00,nfl,sr:match:71515842,moneyline,FanDuel,home,+122,+114,,
2026-09-29T22:10:14.689750+00:00,nfl,sr:match:71515842,spread,MGM,away,-115,-114,-2.5,-2.5
2026-09-29T22:10:14.689750+00:00,nfl,sr:match:71515842,spread,MGM,home,-102,-105,2.5,2.5
2026-09-29T22:10:14.689750+00:00,nfl,sr:match:71515842,spread,DraftKings,away,-120,-170,-2.5,1.5
2026-09-29T22:10:14.689750+00:00,nfl,sr:match:71515842,spread,DraftKings,home,+100,+127,2.5,-1.5
2026-09-29T22:10:14.689750+00:00,nfl,sr:match:71515842,spread,Bet365.US.NJ,away,-120,-110,-2.5,-2.5
2026-09-29T22:10:14.689750+00:00,nfl,sr:match:71515842,spread,Bet365.US.NJ,home,+100,-110,2.5,2.5
2026-09-29T22:10:14.689750+00:00,nfl,sr:match:71515842,spread,WilliamHillNewJersey,away,-114,-115,-2.5,-1.5
2026-09-29T22:10:14.689750+00:00,nfl,sr:match:71515842,spread,WilliamHillNewJersey,home,-106,-115,2.5,1.5
2026-09-29T22:10:14.689750+00:00,nfl,sr:match:71515842,spread,FanDuel,away,-114,-110,-2.5,-2.5
2026-09-29T22:10:14.689750+00:00,nfl,sr:match:71515842,spread,FanDuel,home,-106,-110,2.5,2.5
2026-09-29T22:10:14.689750+00:00,nfl,sr:match:71515842,total,MGM,over,-111,-111,38.0,38.0
2026-09-29T22:10:14.689750+00:00,nfl,sr:match:71515842,total,MGM,under,-108,-108,38.0,38.0
2026-09-29T22:10:14.689750+00:00,nfl,sr:match:71515842,total,DraftKings,over,-105,-101,38.5,39.5
2026-09-29T22:10:14.689750+00:00,nfl,sr:match:71515842,total,DraftKings,under,-115,-132,38.5,39.5
2026-09-29T22:10:14.689750+00:00,nfl,sr:match:71515842,total,Bet365.US.NJ,over,-110,-110,38.5,37.5
2026-09-29T22:10:14.689750+00:00,nfl,sr:match:71515842,total,Bet365.US.NJ,under,-110,-110,38.5,37.5
2026-09-29T22:10:14.689750+00:00,nfl,sr:match:71515842,total,WilliamHillNewJersey,over,-110,-115,38.5,38.5
2026-09-29T22:10:14.689750+00:00,nfl,sr:match:71515842,total,WilliamHillNewJersey,under,-109,-115,38.5,38.5
2026-09-29T22:10:14.689750+00:00,nfl,sr:match:71515842,total,FanDuel,over,-104,-105,38.5,37.5
2026-09-29T22:10:14.689750+00:00,nfl,sr:match:71515842,total,FanDuel,under,-118,-115,38.5,37.5
2026-09-29T22:10:14.689750+00:00,nfl,sr:match:71488622,moneyline,MGM,away,-105,-105,,
2026-09-29T22:10:14.689750+00:00,nfl,sr:match:71488622,moneyline,MGM,home,-115,-115,,
2026-09-29T22:10:14.689750+00:00,nfl,sr:match:71488622,moneyline,DraftKings,away,-192,-102,,
2026-09-29T22:10:14.689750+00:00,nfl,sr:match:71488622,moneyline,DraftKings,home,+160,-118,,
2026-09-29T22:10:14.689750+00:00,nfl,sr:match:71488622,moneyline,Bet365.US.NJ,away,-190,-105,,
2026-09-29T22:10:14.689750+00:00,nfl,sr:match:71488622,moneyline,Bet365.US.NJ,home,+160,-115,,
2026-09-29T22:10:14.689750+00:00,nfl,sr:match:71488622,moneyline,WilliamHillNewJersey,away,-190,-115,,
2026-09-29T22:10:14.689750+00:00,nfl,sr:match:71488622,moneyline,WilliamHillNewJersey,home,+155,-105,,
2026-09-29T22:10:14.689750+00:00,nfl,sr:match:71488622,moneyline,FanDuel,away,-198,+100,,
2026-09-29T22:10:14.689750+00:00,nfl,sr:match:71488622,moneyline,FanDuel,home,+166,-118,,
2026-09-29T22:10:14.689750+00:00,nfl,sr:match:71488622,spread,MGM,away,-111,-120,-3.5,1.5
2026-09-29T22:10:14.689750+00:00,nfl,sr:match:71488622,spread,MGM,home,-108,+100,3.5,-1.5
2026-09-29T22:10:14.689750+00:00,nfl,sr:match:71488622,spread,DraftKings,away,-112,-118,-3.5,1.5
2026-09-29T22:10:14.689750+00:00,nfl,sr:match:71488622,spread,DraftKings,home,-108,-102,3.5,-1.5
2026-09-29T22:10:14.689750+00:00,nfl,sr:match:71488622,spread,Bet365.US.NJ,away,-110,-110,-3.5,1.5
2026-09-29T22:10:14.689750+00:00,nfl,sr:match:71488622,spread,Bet365.US.NJ,home,-110,-110,3.5,-1.5
2026-09-29T22:10:14.689750+00:00,nfl,sr:match:71488622,spread,WilliamHillNewJersey,away,-115,-105,-3.5,-1.0
2026-09-29T22:10:14.689750+00:00,nfl,sr:match:71488622,spread,WilliamHillNewJersey,home,-105,-115,3.5,1.0
2026-09-29T22:10:14.689750+00:00,nfl,sr:match:71488622,spread,FanDuel,away,-110,-115,-3.5,1.5
2026-09-29T22:10:14.689750+00:00,nfl,sr:match:71488622,spread,FanDuel,home,-110,-105,3.5,-1.5
2026-09-29T22:10:14.689750+00:00,nfl,sr:match:71488622,total,MGM,over,-111,-110,47.0,49.5
2026-09-29T22:10:14.689750+00:00,nfl,sr:match:71488622,total,MGM,under,-108,-110,47.0,49.5
2026-09-29T22:10:14.689750+00:00,nfl,sr:match:71488622,total,DraftKings,over,-102,-110,47.5,48.5
2026-09-29T22:10:14.689750+00:00,nfl,sr:match:71488622,total,DraftKings,under,-118,-110,47.5,48.5
2026-09-29T22:10:14.689750+00:00,nfl,sr:match:71488622,total,Bet365.US.NJ,over,-105,-110,47.5,49.5
2026-09-29T22:10:14.689750+00:00,nfl,sr:match:71488622,total,Bet365.US.NJ,under,-115,-110,47.5,49.5
2026-09-29T22:10:14.689750+00:00,nfl,sr:match:71488622,total,WilliamHillNewJersey,over,-112,-110,47.0,48.5
2026-09-29T22:10:14.689750+00:00,nfl,sr:match:71488622,total,WilliamHillNewJersey,under,-108,-110,47.0,48.5
2026-09-29T22:10:14.689750+00:00,nfl,sr:match:71488622,total,FanDuel,over,-102,-112,47.5,50.5
2026-09-29T22:10:14.689750+00:00,nfl,sr:match:71488622,total,FanDuel,under,-120,-108,47.5,50.5
2026-09-29T22:10:14.689750+00:00,nfl,sr:match:71515846,moneyline,DraftKings,away,+230,+136,,
2026-09-29T22:10:14.689750+00:00,nfl,sr:match:71515846,moneyline,DraftKings,home,-285,-162,,
2026-09-29T22:10:14.689750+00:00,nfl,sr:match:71515846,moneyline,Bet365.US.NJ,away,+240,+210,,
2026-09-29T22:10:14.689750+00:00,nfl,sr:match:71515846,moneyline,Bet365.US.NJ,home,-300,-260,,
2026-09-29T22:10:14.689750+00:00,nfl,sr:match:71515846,moneyline,WilliamHillNewJersey,away,+250,+0,,
2026-09-29T22:10:14.689750+00:00,nfl,sr:match:71515846,moneyline,WilliamHillNewJersey,home,-319,-200,,
2026-09-29T22:10:14.689750+00:00,nfl,sr:match:71515846,moneyline,FanDuel,away,+275,+215,,
2026-09-29T22:10:14.689750+00:00,nfl,sr:match:71515846,moneyline,FanDuel,home,-340,-260,,
2026-09-29T22:10:14.689750+00:00,nfl,sr:match:71515846,spread,MGM,away,-125,-114,7.0,7.0
2026-09-29T22:10:14.689750+00:00,nfl,sr:match:71515846,spread,MGM,home,-105,-105,-7.0,-7.0
2026-09-29T22:10:14.689750+00:00,nfl,sr:match:71515846,spread,DraftKings,away,-108,-110,6.5,3.0
2026-09-29T22:10:14.689750+00:00,nfl,sr:match:71515846,spread,DraftKings,home,-123,-110,-6.5,-3.0
2026-09-29T22:10:14.689750+00:00,nfl,sr:match:71515846,spread,Bet365.US.NJ,away,-105,-110,6.5,5.5
2026-09-29T22:10:14.689750+00:00,nfl,sr:match:71515846,spread,Bet365.US.NJ,home,-115,-110,-6.5,-5.5
2026-09-29T22:10:14.689750+00:00,nfl,sr:match:71515846,spread,WilliamHillNewJersey,away,-104,-115,6.5,4.0
2026-09-29T22:10:14.689750+00:00,nfl,sr:match:71515846,spread,WilliamHillNewJersey,home,-117,-115,-6.5,-4.0
2026-09-29T22:10:14.689750+00:00,nfl,sr:match:71515846,spread,FanDuel,away,-105,-105,6.5,5.5
2026-09-29T22:10:14.689750+00:00,nfl,sr:match:71515846,spread,FanDuel,home,-115,-115,-6.5,-5.5
2026-09-29T22:10:14.689750+00:00,nfl,sr:match:71515846,total,MGM,over,-108,-111,48.5,48.5
2026-09-29T22:10:14.689750+00:00,nfl,sr:match:71515846,total,MGM,under,-111,-108,48.5,48.5
2026-09-29T22:10:14.689750+00:00,nfl,sr:match:71515846,total,DraftKings,over,-110,-110,48.5,49.5
2026-09-29T22:10:14.689750+00:00,nfl,sr:match:71515846,total,DraftKings,under,-110,-110,48.5,49.5
2026-09-29T22:10:14.689750+00:00,nfl,sr:match:71515846,total,Bet365.US.NJ,over,-110,-110,48.5,50.5
2026-09-29T22:10:14.689750+00:00,nfl,sr:match:71515846,total,Bet365.US.NJ,under,-110,-130,48.5,50.5
2026-09-29T22:10:14.689750+00:00,nfl,sr:match:71515846,total,WilliamHillNewJersey,over,-110,-115,48.5,50.5
2026-09-29T22:10:14.689750+00:00,nfl,sr:match:71515846,total,WilliamHillNewJersey,under,-110,-115,48.5,50.5
2026-09-29T22:10:14.689750+00:00,nfl,sr:match:71515846,total,FanDuel,over,-110,-104,48.5,50.5
2026-09-29T22:10:14.689750+00:00,nfl,sr:match:71515846,total,FanDuel,under,-110,-118,48.5,50.5
2026-09-29T22:10:14.689750+00:00,nfl,sr:match:71515848,moneyline,DraftKings,away,+142,+300,,
2026-09-29T22:10:14.689750+00:00,nfl,sr:match:71515848,moneyline,DraftKings,home,-170,-380,,
2026-09-29T22:10:14.689750+00:00,nfl,sr:match:71515848,moneyline,Bet365.US.NJ,away,+145,+150,,
2026-09-29T22:10:14.689750+00:00,nfl,sr:match:71515848,moneyline,Bet365.US.NJ,home,-170,-180,,
2026-09-29T22:10:14.689750+00:00,nfl,sr:match:71515848,moneyline,WilliamHillNewJersey,away,+149,+305,,
2026-09-29T22:10:14.689750+00:00,nfl,sr:match:71515848,moneyline,WilliamHillNewJersey,home,-176,-426,,
2026-09-29T22:10:14.689750+00:00,nfl,sr:match:71515848,moneyline,FanDuel,away,+148,+154,,
2026-09-29T22:10:14.689750+00:00,nfl,sr:match:71515848,moneyline,FanDuel,home,-176,-184,,
2026-09-29T22:10:14.689750+00:00,nfl,sr:match:71515848,spread,MGM,away,-105,-111,3.0,3.0
2026-09-29T22:10:14.689750+00:00,nfl,sr:match:71515848,spread,MGM,home,-125,-108,-3.0,-3.0
2026-09-29T22:10:14.689750+00:00,nfl,sr:match:71515848,spread,DraftKings,away,-108,-110,3.0,8.5
2026-09-29T22:10:14.689750+00:00,nfl,sr:match:71515848,spread,DraftKings,home,-112,-110,-3.0,-8.5
2026-09-29T22:10:14.689750+00:00,nfl,sr:match:71515848,spread,Bet365.US.NJ,away,-120,-110,3.5,3.0
2026-09-29T22:10:14.689750+00:00,nfl,sr:match:71515848,spread,Bet365.US.NJ,home,+100,-110,-3.5,-3.0
2026-09-29T22:10:14.689750+00:00,nfl,sr:match:71515848,spread,WilliamHillNewJersey,away,-104,-115,3.0,9.0
2026-09-29T22:10:14.689750+00:00,nfl,sr:match:71515848,spread,WilliamHillNewJersey,home,-117,-115,-3.0,-9.0
2026-09-29T22:10:14.689750+00:00,nfl,sr:match:71515848,spread,FanDuel,away,-120,-104,3.5,3.0
2026-09-29T22:10:14.689750+00:00,nfl,sr:match:71515848,spread,FanDuel,home,-102,-118,-3.5,-3.0
2026-09-29T22:10:14.689750+00:00,nfl,sr:match:71515848,total,MGM,over,-108,-111,43.0,43.0
2026-09-29T22:10:14.689750+00:00,nfl,sr:match:71515848,total,MGM,under,-111,-108,43.0,43.0
2026-09-29T22:10:14.689750+00:00,nfl,sr:match:71515848,total,DraftKings,over,-115,-110,42.5,45.5
2026-09-29T22:10:14.689750+00:00,nfl,sr:match:71515848,total,DraftKings,under,-105,-110,42.5,45.5
2026-09-29T22:10:14.689750+00:00,nfl,sr:match:71515848,total,Bet365.US.NJ,over,-115,-110,42.5,43.5
2026-09-29T22:10:14.689750+00:00,nfl,sr:match:71515848,total,Bet365.US.NJ,under,-105,-110,42.5,43.5
2026-09-29T22:10:14.689750+00:00,nfl,sr:match:71515848,total,WilliamHillNewJersey,over,-117,-115,42.5,44.5
2026-09-29T22:10:14.689750+00:00,nfl,sr:match:71515848,total,WilliamHillNewJersey,under,-103,-115,42.5,44.5
2026-09-29T22:10:14.689750+00:00,nfl,sr:match:71515848,total,FanDuel,over,-118,-105,42.5,43.5
2026-09-29T22:10:14.689750+00:00,nfl,sr:match:71515848,total,FanDuel,under,-104,-115,42.5,43.5
2026-09-29T22:10:14.689750+00:00,nfl,sr:match:71515850,moneyline,DraftKings,away,+124,+114,,
2026-09-29T22:10:14.689750+00:00,nfl,sr:match:71515850,moneyline,DraftKings,home,-148,-135,,
2026-09-29T22:10:14.689750+00:00,nfl,sr:match:71515850,moneyline,Bet365.US.NJ,away,+120,+130,,
2026-09-29T22:10:14.689750+00:00,nfl,sr:match:71515850,moneyline,Bet365.US.NJ,home,-140,-155,,
2026-09-29T22:10:14.689750+00:00,nfl,sr:match:71515850,moneyline,WilliamHillNewJersey,away,+119,+130,,
2026-09-29T22:10:14.689750+00:00,nfl,sr:match:71515850,moneyline,WilliamHillNewJersey,home,-141,-170,,
2026-09-29T22:10:14.689750+00:00,nfl,sr:match:71515850,moneyline,FanDuel,away,+112,+120,,
2026-09-29T22:10:14.689750+00:00,nfl,sr:match:71515850,moneyline,FanDuel,home,-132,-142,,
2026-09-29T22:10:14.689750+00:00,nfl,sr:match:71515850,spread,MGM,away,-108,-108,2.5,2.5
2026-09-29T22:10:14.689750+00:00,nfl,sr:match:71515850,spread,MGM,home,-111,-111,-2.5,-2.5
2026-09-29T22:10:14.689750+00:00,nfl,sr:match:71515850,spread,DraftKings,away,-105,-110,2.5,2.5
2026-09-29T22:10:14.689750+00:00,nfl,sr:match:71515850,spread,DraftKings,home,-115,-110,-2.5,-2.5
2026-09-29T22:10:14.689750+00:00,nfl,sr:match:71515850,spread,Bet365.US.NJ,away,-105,-105,2.5,2.5
2026-09-29T22:10:14.689750+00:00,nfl,sr:match:71515850,spread,Bet365.US.NJ,home,-115,-115,-2.5,-2.5
2026-09-29T22:10:14.689750+00:00,nfl,sr:match:71515850,spread,WilliamHillNewJersey,away,-103,-115,2.5,3.0
2026-09-29T22:10:14.689750+00:00,nfl,sr:match:71515850,spread,WilliamHillNewJersey,home,-118,-115,-2.5,-3.0
2026-09-29T22:10:14.689750+00:00,nfl,sr:match:71515850,spread,FanDuel,away,-112,-105,2.5,2.5
2026-09-29T22:10:14.689750+00:00,nfl,sr:match:71515850,spread,FanDuel,home,-108,-115,-2.5,-2.5
2026-09-29T22:10:14.689750+00:00,nfl,sr:match:71515850,total,MGM,over,-108,-111,51.5,50.0
2026-09-29T22:10:14.689750+00:00,nfl,sr:match:71515850,total,MGM,under,-120,-108,51.5,50.0
2026-09-29T22:10:14.689750+00:00,nfl,sr:match:71515850,total,DraftKings,over,-102,-110,51.5,51.5
2026-09-29T22:10:14.689750+00:00,nfl,sr:match:71515850,total,DraftKings,under,-118,-110,51.5,51.5
2026-09-29T22:10:14.689750+00:00,nfl,sr:match:71515850,total,Bet365.US.NJ,over,-105,-110,51.5,50.5
2026-09-29T22:10:14.689750+00:00,nfl,sr:match:71515850,total,Bet365.US.NJ,under,-115,-110,51.5,50.5
2026-09-29T22:10:14.689750+00:00,nfl,sr:match:71515850,total,WilliamHillNewJersey,over,-107,-115,51.5,51.5
2026-09-29T22:10:14.689750+00:00,nfl,sr:match:71515850,total,WilliamHillNewJersey,under,-113,-115,51.5,51.5
2026-09-29T22:10:14.689750+00:00,nfl,sr:match:71515850,total,FanDuel,over,-105,-104,51.5,51.5
2026-09-29T22:10:14.689750+00:00,nfl,sr:match:71515850,total,FanDuel,under,-115,-118,51.5,51.5
2026-09-29T22:10:14.689750+00:00,nfl,sr:match:71515852,moneyline,DraftKings,away,+120,+114,,
2026-09-29T22:10:14.689750+00:00,nfl,sr:match:71515852,moneyline,DraftKings,home,-142,-135,,
2026-09-29T22:10:14.689750+00:00,nfl,sr:match:71515852,moneyline,Bet365.US.NJ,away,+125,+125,,
2026-09-29T22:10:14.689750+00:00,nfl,sr:match:71515852,moneyline,Bet365.US.NJ,home,-150,-150,,
2026-09-29T22:10:14.689750+00:00,nfl,sr:match:71515852,moneyline,WilliamHillNewJersey,away,+120,+130,,
2026-09-29T22:10:14.689750+00:00,nfl,sr:match:71515852,moneyline,WilliamHillNewJersey,home,-141,-170,,
2026-09-29T22:10:14.689750+00:00,nfl,sr:match:71515852,moneyline,FanDuel,away,+122,+118,,
2026-09-29T22:10:14.689750+00:00,nfl,sr:match:71515852,moneyline,FanDuel,home,-144,-138,,
2026-09-29T22:10:14.689750+00:00,nfl,sr:match:71515852,spread,MGM,away,-125,-108,3.0,1.5
2026-09-29T22:10:14.689750+00:00,nfl,sr:match:71515852,spread,MGM,home,-105,-111,-3.0,-1.5
2026-09-29T22:10:14.689750+00:00,nfl,sr:match:71515852,spread,DraftKings,away,-105,-110,2.5,2.5
2026-09-29T22:10:14.689750+00:00,nfl,sr:match:71515852,spread,DraftKings,home,-115,-110,-2.5,-2.5
2026-09-29T22:10:14.689750+00:00,nfl,sr:match:71515852,spread,Bet365.US.NJ,away,-105,-110,2.5,2.5
2026-09-29T22:10:14.689750+00:00,nfl,sr:match:71515852,spread,Bet365.US.NJ,home,-115,-110,-2.5,-2.5
2026-09-29T22:10:14.689750+00:00,nfl,sr:match:71515852,spread,WilliamHillNewJersey,away,-107,-120,2.5,3.0
2026-09-29T22:10:14.689750+00:00,nfl,sr:match:71515852,spread,WilliamHillNewJersey,home,-113,-110,-2.5,-3.0
2026-09-29T22:10:14.689750+00:00,nfl,sr:match:71515852,spread,FanDuel,away,-105,-110,2.5,2.5
2026-09-29T22:10:14.689750+00:00,nfl,sr:match:71515852,spread,FanDuel,home,-115,-110,-2.5,-2.5
2026-09-29T22:10:14.689750+00:00,nfl,sr:match:71515852,total,MGM,over,-111,-108,47.5,47.0
2026-09-29T22:10:14.689750+00:00,nfl,sr:match:71515852,total,MGM,under,-108,-111,47.5,47.0
2026-09-29T22:10:14.689750+00:00,nfl,sr:match:71515852,total,DraftKings,over,-105,-110,48.5,47.5
2026-09-29T22:10:14.689750+00:00,nfl,sr:match:71515852,total,DraftKings,under,-115,-110,48.5,47.5
2026-09-29T22:10:14.689750+00:00,nfl,sr:match:71515852,total,Bet365.US.NJ,over,-110,-110,48.5,47.5
2026-09-29T22:10:14.689750+00:00,nfl,sr:match:71515852,total,Bet365.US.NJ,under,-130,-110,48.5,47.5
2026-09-29T22:10:14.689750+00:00,nfl,sr:match:71515852,total,WilliamHillNewJersey,over,-110,-115,48.0,46.5
2026-09-29T22:10:14.689750+00:00,nfl,sr:match:71515852,total,WilliamHillNewJersey,under,-109,-115,48.0,46.5
2026-09-29T22:10:14.689750+00:00,nfl,sr:match:71515852,total,FanDuel,over,-110,-105,47.5,47.5
2026-09-29T22:10:14.689750+00:00,nfl,sr:match:71515852,total,FanDuel,under,-110,-115,47.5,47.5
2026-09-29T22:10:14.689750+00:00,nfl,sr:match:71515854,moneyline,DraftKings,away,-125,+260,,
2026-09-29T22:10:14.689750+00:00,nfl,sr:match:71515854,moneyline,DraftKings,home,+105,-325,,
2026-09-29T22:10:14.689750+00:00,nfl,sr:match:71515854,moneyline,Bet365.US.NJ,away,-125,+120,,
2026-09-29T22:10:14.689750+00:00,nfl,sr:match:71515854,moneyline,Bet365.US.NJ,home,+105,-140,,
2026-09-29T22:10:14.689750+00:00,nfl,sr:match:71515854,moneyline,WilliamHillNewJersey,away,-122,+0,,
2026-09-29T22:10:14.689750+00:00,nfl,sr:match:71515854,moneyline,WilliamHillNewJersey,home,+103,+0,,
2026-09-29T22:10:14.689750+00:00,nfl,sr:match:71515854,moneyline,FanDuel,away,-126,+116,,
2026-09-29T22:10:14.689750+00:00,nfl,sr:match:71515854,moneyline,FanDuel,home,+108,-136,,
2026-09-29T22:10:14.689750+00:00,nfl,sr:match:71515854,spread,MGM,away,-111,-111,-1.5,2.5
2026-09-29T22:10:14.689750+00:00,nfl,sr:match:71515854,spread,MGM,home,-108,-108,1.5,-2.5
2026-09-29T22:10:14.689750+00:00,nfl,sr:match:71515854,spread,DraftKings,away,-110,-110,-1.5,7.0
2026-09-29T22:10:14.689750+00:00,nfl,sr:match:71515854,spread,DraftKings,home,-110,-110,1.5,-7.0
2026-09-29T22:10:14.689750+00:00,nfl,sr:match:71515854,spread,Bet365.US.NJ,away,-110,-110,-1.5,2.5
2026-09-29T22:10:14.689750+00:00,nfl,sr:match:71515854,spread,Bet365.US.NJ,home,-110,-110,1.5,-2.5
2026-09-29T22:10:14.689750+00:00,nfl,sr:match:71515854,spread,WilliamHillNewJersey,away,-106,-110,-1.5,6.5
2026-09-29T22:10:14.689750+00:00,nfl,sr:match:71515854,spread,WilliamHillNewJersey,home,-114,-120,1.5,-6.5
2026-09-29T22:10:14.689750+00:00,nfl,sr:match:71515854,spread,FanDuel,away,-110,-110,-1.5,2.5
2026-09-29T22:10:14.689750+00:00,nfl,sr:match:71515854,spread,FanDuel,home,-110,-110,1.5,-2.5
2026-09-29T22:10:14.689750+00:00,nfl,sr:match:71515854,total,MGM,over,-105,-111,44.5,43.5
2026-09-29T22:10:14.689750+00:00,nfl,sr:match:71515854,total,MGM,under,-114,-108,44.5,43.5
2026-09-29T22:10:14.689750+00:00,nfl,sr:match:71515854,total,DraftKings,over,-108,-110,44.5,45.5
2026-09-29T22:10:14.689750+00:00,nfl,sr:match:71515854,total,DraftKings,under,-112,-110,44.5,45.5
2026-09-29T22:10:14.689750+00:00,nfl,sr:match:71515854,total,Bet365.US.NJ,over,-110,-110,44.5,43.5
2026-09-29T22:10:14.689750+00:00,nfl,sr:match:71515854,total,Bet365.US.NJ,under,-110,-110,44.5,43.5
2026-09-29T22:10:14.689750+00:00,nfl,sr:match:71515854,total,WilliamHillNewJersey,over,-105,-115,44.5,44.5
2026-09-29T22:10:14.689750+00:00,nfl,sr:match:71515854,total,WilliamHillNewJersey,under,-115,-115,44.5,44.5
2026-09-29T22:10:14.689750+00:00,nfl,sr:match:71515854,total,FanDuel,over,-115,-115,43.5,43.5
2026-09-29T22:10:14.689750+00:00,nfl,sr:match:71515854,total,FanDuel,under,-105,-105,43.5,43.5
2026-09-29T22:10:14.689750+00:00,nfl,sr:match:71515856,moneyline,DraftKings,away,-162,-118,,
2026-09-29T22:10:14.689750+00:00,nfl,sr:match:71515856,moneyline,DraftKings,home,+136,-102,,
2026-09-29T22:10:14.689750+00:00,nfl,sr:match:71515856,moneyline,Bet365.US.NJ,away,-165,-140,,
2026-09-29T22:10:14.689750+00:00,nfl,sr:match:71515856,moneyline,Bet365.US.NJ,home,+140,+120,,
2026-09-29T22:10:14.689750+00:00,nfl,sr:match:71515856,moneyline,WilliamHillNewJersey,away,-159,-125,,
2026-09-29T22:10:14.689750+00:00,nfl,sr:match:71515856,moneyline,WilliamHillNewJersey,home,+134,-106,,
2026-09-29T22:10:14.689750+00:00,nfl,sr:match:71515856,moneyline,FanDuel,away,-158,-152,,
2026-09-29T22:10:14.689750+00:00,nfl,sr:match:71515856,moneyline,FanDuel,home,+134,+128,,
2026-09-29T22:10:14.689750+00:00,nfl,sr:match:71515856,spread,MGM,away,-111,-114,-3.0,-2.5
2026-09-29T22:10:14.689750+00:00,nfl,sr:match:71515856,spread,MGM,home,-108,-105,3.0,2.5
2026-09-29T22:10:14.689750+00:00,nfl,sr:match:71515856,spread,DraftKings,away,-108,-105,-3.0,-1.5
2026-09-29T22:10:14.689750+00:00,nfl,sr:match:71515856,spread,DraftKings,home,-112,-115,3.0,1.5
2026-09-29T22:10:14.689750+00:00,nfl,sr:match:71515856,spread,Bet365.US.NJ,away,-110,-105,-3.0,-2.5
2026-09-29T22:10:14.689750+00:00,nfl,sr:match:71515856,spread,Bet365.US.NJ,home,-110,-115,3.0,2.5
2026-09-29T22:10:14.689750+00:00,nfl,sr:match:71515856,spread,WilliamHillNewJersey,away,-108,-115,-3.0,-1.5
2026-09-29T22:10:14.689750+00:00,nfl,sr:match:71515856,spread,WilliamHillNewJersey,home,-112,-115,3.0,1.5
2026-09-29T22:10:14.689750+00:00,nfl,sr:match:71515856,spread,FanDuel,away,-110,-104,-3.0,-3.0
2026-09-29T22:10:14.689750+00:00,nfl,sr:match:71515856,spread,FanDuel,home,-110,-118,3.0,3.0
2026-09-29T22:10:14.689750+00:00,nfl,sr:match:71515856,total,MGM,over,-108,-108,43.5,46.0
2026-09-29T22:10:14.689750+00:00,nfl,sr:match:71515856,total,MGM,under,-111,-111,43.5,46.0
2026-09-29T22:10:14.689750+00:00,nfl,sr:match:71515856,total,DraftKings,over,-105,-110,43.5,47.5
2026-09-29T22:10:14.689750+00:00,nfl,sr:match:71515856,total,DraftKings,under,-115,-110,43.5,47.5
2026-09-29T22:10:14.689750+00:00,nfl,sr:match:71515856,total,Bet365.US.NJ,over,-105,-110,43.5,45.5
2026-09-29T22:10:14.689750+00:00,nfl,sr:match:71515856,total,Bet365.US.NJ,under,-115,-110,43.5,45.5
2026-09-29T22:10:14.689750+00:00,nfl,sr:match:71515856,total,WilliamHillNewJersey,over,-112,-115,43.5,46.5
2026-09-29T22:10:14.689750+00:00,nfl,sr:match:71515856,total,WilliamHillNewJersey,under,-108,-115,43.5,46.5
2026-09-29T22:10:14.689750+00:00,nfl,sr:match:71515856,total,FanDuel,over,-115,-104,43.5,46.5
2026-09-29T22:10:14.689750+00:00,nfl,sr:match:71515856,total,FanDuel,under,-105,-118,43.5,46.5
2026-09-29T22:10:14.689750+00:00,nfl,sr:match:71515858,moneyline,DraftKings,away,-192,-125,,
2026-09-29T22:10:14.689750+00:00,nfl,sr:match:71515858,moneyline,DraftKings,home,+160,+105,,
2026-09-29T22:10:14.689750+00:00,nfl,sr:match:71515858,moneyline,Bet365.US.NJ,away,-200,-115,,
2026-09-29T22:10:14.689750+00:00,nfl,sr:match:71515858,moneyline,Bet365.US.NJ,home,+165,-105,,
2026-09-29T22:10:14.689750+00:00,nfl,sr:match:71515858,moneyline,WilliamHillNewJersey,away,-193,-120,,
2026-09-29T22:10:14.689750+00:00,nfl,sr:match:71515858,moneyline,WilliamHillNewJersey,home,+160,-110,,
2026-09-29T22:10:14.689750+00:00,nfl,sr:match:71515858,moneyline,FanDuel,away,-194,-102,,
2026-09-29T22:10:14.689750+00:00,nfl,sr:match:71515858,moneyline,FanDuel,home,+162,-116,,
2026-09-29T22:10:14.689750+00:00,nfl,sr:match:71515858,spread,MGM,away,-108,-105,-4.0,-3.5
2026-09-29T22:10:14.689750+00:00,nfl,sr:match:71515858,spread,MGM,home,-111,-114,4.0,3.5
2026-09-29T22:10:14.689750+00:00,nfl,sr:match:71515858,spread,DraftKings,away,-106,-110,-4.5,-1.5
2026-09-29T22:10:14.689750+00:00,nfl,sr:match:71515858,spread,DraftKings,home,-125,-110,4.5,1.5
2026-09-29T22:10:14.689750+00:00,nfl,sr:match:71515858,spread,Bet365.US.NJ,away,+100,+100,-4.5,-1.5
2026-09-29T22:10:14.689750+00:00,nfl,sr:match:71515858,spread,Bet365.US.NJ,home,-120,-120,4.5,1.5
2026-09-29T22:10:14.689750+00:00,nfl,sr:match:71515858,spread,WilliamHillNewJersey,away,-107,+0,-4.0,-1.5
2026-09-29T22:10:14.689750+00:00,nfl,sr:match:71515858,spread,WilliamHillNewJersey,home,-113,-120,4.0,1.5
2026-09-29T22:10:14.689750+00:00,nfl,sr:match:71515858,spread,FanDuel,away,-118,-118,-3.5,1.5
2026-09-29T22:10:14.689750+00:00,nfl,sr:match:71515858,spread,FanDuel,home,-104,-104,3.5,-1.5
2026-09-29T22:10:14.689750+00:00,nfl,sr:match:71515858,total,MGM,over,-105,-105,40.0,41.5
2026-09-29T22:10:14.689750+00:00,nfl,sr:match:71515858,total,MGM,under,-114,-114,40.0,41.5
2026-09-29T22:10:14.689750+00:00,nfl,sr:match:71515858,total,DraftKings,over,-118,-110,39.5,47.5
2026-09-29T22:10:14.689750+00:00,nfl,sr:match:71515858,total,DraftKings,under,-102,-110,39.5,47.5
2026-09-29T22:10:14.689750+00:00,nfl,sr:match:71515858,total,Bet365.US.NJ,over,-110,-115,40.5,45.5
2026-09-29T22:10:14.689750+00:00,nfl,sr:match:71515858,total,Bet365.US.NJ,under,-130,-105,40.5,45.5
2026-09-29T22:10:14.689750+00:00,nfl,sr:match:71515858,total,WilliamHillNewJersey,over,-115,-115,39.5,46.5
2026-09-29T22:10:14.689750+00:00,nfl,sr:match:71515858,total,WilliamHillNewJersey,under,-105,-115,39.5,46.5
2026-09-29T22:10:14.689750+00:00,nfl,sr:match:71515858,total,FanDuel,over,-110,-115,39.5,45.5
2026-09-29T22:10:14.689750+00:00,nfl,sr:match:71515858,total,FanDuel,under,-110,-105,39.5,45.5
2026-09-29T22:10:14.689750+00:00,nfl,sr:match:71515860,moneyline,DraftKings,away,+490,+310,,
2026-09-29T22:10:14.689750+00:00,nfl,sr:match:71515860,moneyline,DraftKings,home,-676,-395,,
2026-09-29T22:10:14.689750+00:00,nfl,sr:match:71515860,moneyline,Bet365.US.NJ,away,+500,+500,,
2026-09-29T22:10:14.689750+00:00,nfl,sr:match:71515860,moneyline,Bet365.US.NJ,home,-704,-704,,
2026-09-29T22:10:14.689750+00:00,nfl,sr:match:71515860,moneyline,WilliamHillNewJersey,away,+450,+280,,
2026-09-29T22:10:14.689750+00:00,nfl,sr:match:71515860,moneyline,WilliamHillNewJersey,home,-625,-370,,
2026-09-29T22:10:14.689750+00:00,nfl,sr:match:71515860,moneyline,FanDuel,away,+490,+440,,
2026-09-29T22:10:14.689750+00:00,nfl,sr:match:71515860,moneyline,FanDuel,home,-671,-592,,
2026-09-29T22:10:14.689750+00:00,nfl,sr:match:71515860,spread,MGM,away,-111,-111,10.5,10.5
2026-09-29T22:10:14.689750+00:00,nfl,sr:match:71515860,spread,MGM,home,-120,-108,-10.5,-10.5
2026-09-29T22:10:14.689750+00:00,nfl,sr:match:71515860,spread,DraftKings,away,-108,-110,10.5,7.5
2026-09-29T22:10:14.689750+00:00,nfl,sr:match:71515860,spread,DraftKings,home,-112,-110,-10.5,-7.5
2026-09-29T22:10:14.689750+00:00,nfl,sr:match:71515860,spread,Bet365.US.NJ,away,-115,-115,11.5,10.5
2026-09-29T22:10:14.689750+00:00,nfl,sr:match:71515860,spread,Bet365.US.NJ,home,-105,-105,-11.5,-10.5
2026-09-29T22:10:14.689750+00:00,nfl,sr:match:71515860,spread,WilliamHillNewJersey,away,-109,-115,10.5,7.0
2026-09-29T22:10:14.689750+00:00,nfl,sr:match:71515860,spread,WilliamHillNewJersey,home,-110,-115,-10.5,-7.0
2026-09-29T22:10:14.689750+00:00,nfl,sr:match:71515860,spread,FanDuel,away,-105,-120,10.5,10.5
2026-09-29T22:10:14.689750+00:00,nfl,sr:match:71515860,spread,FanDuel,home,-115,-102,-10.5,-10.5
2026-09-29T22:10:14.689750+00:00,nfl,sr:match:71515860,total,MGM,over,-111,-105,39.0,43.0
2026-09-29T22:10:14.689750+00:00,nfl,sr:match:71515860,total,MGM,under,-120,-114,39.0,43.0
2026-09-29T22:10:14.689750+00:00,nfl,sr:match:71515860,total,DraftKings,over,-110,-110,38.5,43.5
2026-09-29T22:10:14.689750+00:00,nfl,sr:match:71515860,total,DraftKings,under,-110,-110,38.5,43.5
2026-09-29T22:10:14.689750+00:00,nfl,sr:match:71515860,total,Bet365.US.NJ,over,-110,-110,38.5,42.5
2026-09-29T22:10:14.689750+00:00,nfl,sr:match:71515860,total,Bet365.US.NJ,under,-110,-110,38.5,42.5
2026-09-29T22:10:14.689750+00:00,nfl,sr:match:71515860,total,WilliamHillNewJersey,over,-113,-115,38.5,42.0
2026-09-29T22:10:14.689750+00:00,nfl,sr:match:71515860,total,WilliamHillNewJersey,under,-107,-115,38.5,42.0
2026-09-29T22:10:14.689750+00:00,nfl,sr:match:71515860,total,FanDuel,over,-105,-105,39.5,43.5
2026-09-29T22:10:14.689750+00:00,nfl,sr:match:71515860,total,FanDuel,under,-115,-115,39.5,43.5
2026-09-29T22:10:14.689750+00:00,nfl,sr:match:71515862,moneyline,DraftKings,away,-225,-258,,
2026-09-29T22:10:14.689750+00:00,nfl,sr:match:71515862,moneyline,DraftKings,home,+185,+210,,
2026-09-29T22:10:14.689750+00:00,nfl,sr:match:71515862,moneyline,Bet365.US.NJ,away,-225,-245,,
2026-09-29T22:10:14.689750+00:00,nfl,sr:match:71515862,moneyline,Bet365.US.NJ,home,+185,+200,,
2026-09-29T22:10:14.689750+00:00,nfl,sr:match:71515862,moneyline,WilliamHillNewJersey,away,-225,-255,,
2026-09-29T22:10:14.689750+00:00,nfl,sr:match:71515862,moneyline,WilliamHillNewJersey,home,+184,+190,,
2026-09-29T22:10:14.689750+00:00,nfl,sr:match:71515862,moneyline,FanDuel,away,-220,-235,,
2026-09-29T22:10:14.689750+00:00,nfl,sr:match:71515862,moneyline,FanDuel,home,+184,+194,,
2026-09-29T22:10:14.689750+00:00,nfl,sr:match:71515862,spread,MGM,away,-108,-111,-4.5,-5.0
2026-09-29T22:10:14.689750+00:00,nfl,sr:match:71515862,spread,MGM,home,-111,-108,4.5,5.0
2026-09-29T22:10:14.689750+00:00,nfl,sr:match:71515862,spread,DraftKings,away,-112,-110,-4.5,-5.5
2026-09-29T22:10:14.689750+00:00,nfl,sr:match:71515862,spread,DraftKings,home,-108,-110,4.5,5.5
2026-09-29T22:10:14.689750+00:00,nfl,sr:match:71515862,spread,Bet365.US.NJ,away,-110,-105,-4.5,-5.5
2026-09-29T22:10:14.689750+00:00,nfl,sr:match:71515862,spread,Bet365.US.NJ,home,-110,-115,4.5,5.5
2026-09-29T22:10:14.689750+00:00,nfl,sr:match:71515862,spread,WilliamHillNewJersey,away,-112,-115,-4.5,-5.5
2026-09-29T22:10:14.689750+00:00,nfl,sr:match:71515862,spread,WilliamHillNewJersey,home,-108,-115,4.5,5.5
2026-09-29T22:10:14.689750+00:00,nfl,sr:match:71515862,spread,FanDuel,away,-112,-105,-4.5,-5.5
2026-09-29T22:10:14.689750+00:00,nfl,sr:match:71515862,spread,FanDuel,home,-108,-115,4.5,5.5
2026-09-29T22:10:14.689750+00:00,nfl,sr:match:71515862,total,MGM,over,-111,-108,48.0,46.0
2026-09-29T22:10:14.689750+00:00,nfl,sr:match:71515862,total,MGM,under,-120,-111,48.0,46.0
2026-09-29T22:10:14.689750+00:00,nfl,sr:match:71515862,total,DraftKings,over,-107,-110,48.5,43.5
2026-09-29T22:10:14.689750+00:00,nfl,sr:match:71515862,total,DraftKings,under,-125,-110,48.5,43.5
2026-09-29T22:10:14.689750+00:00,nfl,sr:match:71515862,total,Bet365.US.NJ,over,-110,-115,48.5,45.5
2026-09-29T22:10:14.689750+00:00,nfl,sr:match:71515862,total,Bet365.US.NJ,under,-130,-105,48.5,45.5
2026-09-29T22:10:14.689750+00:00,nfl,sr:match:71515862,total,WilliamHillNewJersey,over,-114,-115,47.5,42.5
2026-09-29T22:10:14.689750+00:00,nfl,sr:match:71515862,total,WilliamHillNewJersey,under,-106,-115,47.5,42.5
2026-09-29T22:10:14.689750+00:00,nfl,sr:match:71515862,total,FanDuel,over,-108,-104,47.5,46.5
2026-09-29T22:10:14.689750+00:00,nfl,sr:match:71515862,total,FanDuel,under,-112,-118,47.5,46.5
2026-09-29T22:10:14.689750+00:00,nfl,sr:match:71515864,moneyline,DraftKings,away,+280,+136,,
2026-09-29T22:10:14.689750+00:00,nfl,sr:match:71515864,moneyline,DraftKings,home,-355,-162,,
2026-09-29T22:10:14.689750+00:00,nfl,sr:match:71515864,moneyline,Bet365.US.NJ,away,+270,+260,,
2026-09-29T22:10:14.689750+00:00,nfl,sr:match:71515864,moneyline,Bet365.US.NJ,home,-340,-321,,
2026-09-29T22:10:14.689750+00:00,nfl,sr:match:71515864,moneyline,WilliamHillNewJersey,away,+265,+140,,
2026-09-29T22:10:14.689750+00:00,nfl,sr:match:71515864,moneyline,WilliamHillNewJersey,home,-334,-180,,
2026-09-29T22:10:14.689750+00:00,nfl,sr:match:71515864,moneyline,FanDuel,away,+280,+275,,
2026-09-29T22:10:14.689750+00:00,nfl,sr:match:71515864,moneyline,FanDuel,home,-350,-340,,
2026-09-29T22:10:14.689750+00:00,nfl,sr:match:71515864,spread,MGM,away,-105,-105,7.0,6.5
2026-09-29T22:10:14.689750+00:00,nfl,sr:match:71515864,spread,MGM,home,-114,-114,-7.0,-6.5
2026-09-29T22:10:14.689750+00:00,nfl,sr:match:71515864,spread,DraftKings,away,-126,-110,7.5,3.0
2026-09-29T22:10:14.689750+00:00,nfl,sr:match:71515864,spread,DraftKings,home,-106,-110,-7.5,-3.0
2026-09-29T22:10:14.689750+00:00,nfl,sr:match:71515864,spread,Bet365.US.NJ,away,-105,-110,7.0,6.5
2026-09-29T22:10:14.689750+00:00,nfl,sr:match:71515864,spread,Bet365.US.NJ,home,-115,-110,-7.0,-6.5
2026-09-29T22:10:14.689750+00:00,nfl,sr:match:71515864,spread,WilliamHillNewJersey,away,-108,-110,7.0,3.0
2026-09-29T22:10:14.689750+00:00,nfl,sr:match:71515864,spread,WilliamHillNewJersey,home,-112,-120,-7.0,-3.0
2026-09-29T22:10:14.689750+00:00,nfl,sr:match:71515864,spread,FanDuel,away,-110,-115,7.0,7.0
2026-09-29T22:10:14.689750+00:00,nfl,sr:match:71515864,spread,FanDuel,home,-110,-105,-7.0,-7.0
2026-09-29T22:10:14.689750+00:00,nfl,sr:match:71515864,total,MGM,over,-108,-111,43.0,45.0
2026-09-29T22:10:14.689750+00:00,nfl,sr:match:71515864,total,MGM,under,-111,-111,43.0,45.0
2026-09-29T22:10:14.689750+00:00,nfl,sr:match:71515864,total,DraftKings,over,-105,-110,43.5,45.5
2026-09-29T22:10:14.689750+00:00,nfl,sr:match:71515864,total,DraftKings,under,-127,-110,43.5,45.5
2026-09-29T22:10:14.689750+00:00,nfl,sr:match:71515864,total,Bet365.US.NJ,over,-110,-110,43.5,42.5
2026-09-29T22:10:14.689750+00:00,nfl,sr:match:71515864,total,Bet365.US.NJ,under,-130,-110,43.5,42.5
2026-09-29T22:10:14.689750+00:00,nfl,sr:match:71515864,total,WilliamHillNewJersey,over,-118,-115,42.5,45.5
2026-09-29T22:10:14.689750+00:00,nfl,sr:match:71515864,total,WilliamHillNewJersey,under,-102,-115,42.5,45.5
2026-09-29T22:10:14.689750+00:00,nfl,sr:match:71515864,total,FanDuel,over,-106,-115,43.5,43.5
2026-09-29T22:10:14.689750+00:00,nfl,sr:match:71515864,total,FanDuel,under,-114,-105,43.5,43.5
2026-09-29T22:10:14.689750+00:00,nfl,sr:match:71531176,moneyline,DraftKings,away,+130,+114,,
2026-09-29T22:10:14.689750+00:00,nfl,sr:match:71531176,moneyline,DraftKings,home,-155,-135,,
2026-09-29T22:10:14.689750+00:00,nfl,sr:match:71531176,moneyline,Bet365.US.NJ,away,+125,+160,,
2026-09-29T22:10:14.689750+00:00,nfl,sr:match:71531176,moneyline,Bet365.US.NJ,home,-150,-190,,
2026-09-29T22:10:14.689750+00:00,nfl,sr:match:71531176,moneyline,WilliamHillNewJersey,away,+125,+125,,
2026-09-29T22:10:14.689750+00:00,nfl,sr:match:71531176,moneyline,WilliamHillNewJersey,home,-148,-160,,
2026-09-29T22:10:14.689750+00:00,nfl,sr:match:71531176,moneyline,FanDuel,away,+128,+144,,
2026-09-29T22:10:14.689750+00:00,nfl,sr:match:71531176,moneyline,FanDuel,home,-152,-174,,
2026-09-29T22:10:14.689750+00:00,nfl,sr:match:71531176,spread,MGM,away,-105,-114,2.5,3.0
2026-09-29T22:10:14.689750+00:00,nfl,sr:match:71531176,spread,MGM,home,-125,-105,-2.5,-3.0
2026-09-29T22:10:14.689750+00:00,nfl,sr:match:71531176,spread,DraftKings,away,-120,-110,3.0,2.5
2026-09-29T22:10:14.689750+00:00,nfl,sr:match:71531176,spread,DraftKings,home,+100,-110,-3.0,-2.5
2026-09-29T22:10:14.689750+00:00,nfl,sr:match:71531176,spread,Bet365.US.NJ,away,+100,-110,2.5,3.5
2026-09-29T22:10:14.689750+00:00,nfl,sr:match:71531176,spread,Bet365.US.NJ,home,-120,-110,-2.5,-3.5
2026-09-29T22:10:14.689750+00:00,nfl,sr:match:71531176,spread,WilliamHillNewJersey,away,-102,-120,2.5,3.0
2026-09-29T22:10:14.689750+00:00,nfl,sr:match:71531176,spread,WilliamHillNewJersey,home,-120,-110,-2.5,-3.0
2026-09-29T22:10:14.689750+00:00,nfl,sr:match:71531176,spread,FanDuel,away,-102,-105,2.5,3.0
2026-09-29T22:10:14.689750+00:00,nfl,sr:match:71531176,spread,FanDuel,home,-120,-115,-2.5,-3.0
2026-09-29T22:10:14.689750+00:00,nfl,sr:match:71531176,total,MGM,over,-111,-111,47.5,45.5
2026-09-29T22:10:14.689750+00:00,nfl,sr:match:71531176,total,MGM,under,-108,-108,47.5,45.5
2026-09-29T22:10:14.689750+00:00,nfl,sr:match:71531176,total,DraftKings,over,-110,-110,47.5,46.5
2026-09-29T22:10:14.689750+00:00,nfl,sr:match:71531176,total,DraftKings,under,-110,-110,47.5,46.5
2026-09-29T22:10:14.689750+00:00,nfl,sr:match:71531176,total,Bet365.US.NJ,over,-110,-110,47.5,45.5
2026-09-29T22:10:14.689750+00:00,nfl,sr:match:71531176,total,Bet365.US.NJ,under,-110,-110,47.5,45.5
2026-09-29T22:10:14.689750+00:00,nfl,sr:match:71531176,total,WilliamHillNewJersey,over,-107,-115,47.5,45.5
2026-09-29T22:10:14.689750+00:00,nfl,sr:match:71531176,total,WilliamHillNewJersey,under,-113,-115,47.5,45.5
2026-09-29T22:10:14.689750+00:00,nfl,sr:match:71531176,total,FanDuel,over,-105,-110,47.5,46.5
2026-09-29T22:10:14.689750+00:00,nfl,sr:match:71531176,total,FanDuel,under,-115,-110,47.5,46.5
2026-09-29T22:10:14.689750+00:00,nfl,sr:match:71515868,moneyline,DraftKings,away,-180,-155,,
2026-09-29T22:10:14.689750+00:00,nfl,sr:match:71515868,moneyline,DraftKings,home,+150,+130,,
2026-09-29T22:10:14.689750+00:00,nfl,sr:match:71515868,moneyline,Bet365.US.NJ,away,-200,-150,,
2026-09-29T22:10:14.689750+00:00,nfl,sr:match:71515868,moneyline,Bet365.US.NJ,home,+165,+125,,
2026-09-29T22:10:14.689750+00:00,nfl,sr:match:71515868,moneyline,WilliamHillNewJersey,away,-197,-180,,
2026-09-29T22:10:14.689750+00:00,nfl,sr:match:71515868,moneyline,WilliamHillNewJersey,home,+164,+140,,
2026-09-29T22:10:14.689750+00:00,nfl,sr:match:71515868,moneyline,FanDuel,away,-196,-138,,
2026-09-29T22:10:14.689750+00:00,nfl,sr:match:71515868,moneyline,FanDuel,home,+164,+118,,
2026-09-29T22:10:14.689750+00:00,nfl,sr:match:71515868,spread,MGM,away,-111,-102,-4.0,-3.0
2026-09-29T22:10:14.689750+00:00,nfl,sr:match:71515868,spread,MGM,home,-120,-115,4.0,3.0
2026-09-29T22:10:14.689750+00:00,nfl,sr:match:71515868,spread,DraftKings,away,-112,-110,-3.5,-3.0
2026-09-29T22:10:14.689750+00:00,nfl,sr:match:71515868,spread,DraftKings,home,-108,-110,3.5,3.0
2026-09-29T22:10:14.689750+00:00,nfl,sr:match:71515868,spread,Bet365.US.NJ,away,-115,-110,-3.5,-2.5
2026-09-29T22:10:14.689750+00:00,nfl,sr:match:71515868,spread,Bet365.US.NJ,home,-105,-110,3.5,2.5
2026-09-29T22:10:14.689750+00:00,nfl,sr:match:71515868,spread,WilliamHillNewJersey,away,-112,-120,-3.5,-3.0
2026-09-29T22:10:14.689750+00:00,nfl,sr:match:71515868,spread,WilliamHillNewJersey,home,-108,-110,3.5,3.0
2026-09-29T22:10:14.689750+00:00,nfl,sr:match:71515868,spread,FanDuel,away,-115,-110,-3.5,-2.5
2026-09-29T22:10:14.689750+00:00,nfl,sr:match:71515868,spread,FanDuel,home,-105,-110,3.5,2.5
2026-09-29T22:10:14.689750+00:00,nfl,sr:match:71515868,total,MGM,over,-108,-108,50.5,49.5
2026-09-29T22:10:14.689750+00:00,nfl,sr:match:71515868,total,MGM,under,-111,-111,50.5,49.5
2026-09-29T22:10:14.689750+00:00,nfl,sr:match:71515868,total,DraftKings,over,-112,-110,50.5,47.5
2026-09-29T22:10:14.689750+00:00,nfl,sr:match:71515868,total,DraftKings,under,-108,-110,50.5,47.5
2026-09-29T22:10:14.689750+00:00,nfl,sr:match:71515868,total,Bet365.US.NJ,over,-105,-110,50.5,49.5
2026-09-29T22:10:14.689750+00:00,nfl,sr:match:71515868,total,Bet365.US.NJ,under,-115,-110,50.5,49.5
2026-09-29T22:10:14.689750+00:00,nfl,sr:match:71515868,total,WilliamHillNewJersey,over,-106,-115,50.5,46.5
2026-09-29T22:10:14.689750+00:00,nfl,sr:match:71515868,total,WilliamHillNewJersey,under,-114,-115,50.5,46.5
2026-09-29T22:10:14.689750+00:00,nfl,sr:match:71515868,total,FanDuel,over,-110,-105,50.5,49.5
2026-09-29T22:10:14.689750+00:00,nfl,sr:match:71515868,total,FanDuel,under,-110,-115,50.5,49.5
2026-09-29T22:10:14.689750+00:00,nfl,sr:match:71515870,moneyline,DraftKings,away,+130,+114,,
2026-09-29T22:10:14.689750+00:00,nfl,sr:match:71515870,moneyline,DraftKings,home,-155,-135,,
2026-09-29T22:10:14.689750+00:00,nfl,sr:match:71515870,moneyline,Bet365.US.NJ,away,+130,+160,,
2026-09-29T22:10:14.689750+00:00,nfl,sr:match:71515870,moneyline,Bet365.US.NJ,home,-155,-190,,
2026-09-29T22:10:14.689750+00:00,nfl,sr:match:71515870,moneyline,WilliamHillNewJersey,away,+127,+110,,
2026-09-29T22:10:14.689750+00:00,nfl,sr:match:71515870,moneyline,WilliamHillNewJersey,home,-150,-140,,
2026-09-29T22:10:14.689750+00:00,nfl,sr:match:71515870,moneyline,FanDuel,away,+126,+160,,
2026-09-29T22:10:14.689750+00:00,nfl,sr:match:71515870,moneyline,FanDuel,home,-148,-190,,
2026-09-29T22:10:14.689750+00:00,nfl,sr:match:71515870,spread,MGM,away,-128,-102,3.0,2.5
2026-09-29T22:10:14.689750+00:00,nfl,sr:match:71515870,spread,MGM,home,-105,-118,-3.0,-2.5
2026-09-29T22:10:14.689750+00:00,nfl,sr:match:71515870,spread,DraftKings,away,-107,-110,2.5,2.5
2026-09-29T22:10:14.689750+00:00,nfl,sr:match:71515870,spread,DraftKings,home,-125,-110,-2.5,-2.5
2026-09-29T22:10:14.689750+00:00,nfl,sr:match:71515870,spread,Bet365.US.NJ,away,+100,-110,2.5,3.5
2026-09-29T22:10:14.689750+00:00,nfl,sr:match:71515870,spread,Bet365.US.NJ,home,-120,-110,-2.5,-3.5
2026-09-29T22:10:14.689750+00:00,nfl,sr:match:71515870,spread,WilliamHillNewJersey,away,-103,-120,2.5,2.5
2026-09-29T22:10:14.689750+00:00,nfl,sr:match:71515870,spread,WilliamHillNewJersey,home,-118,-110,-2.5,-2.5
2026-09-29T22:10:14.689750+00:00,nfl,sr:match:71515870,spread,FanDuel,away,-104,-110,2.5,3.5
2026-09-29T22:10:14.689750+00:00,nfl,sr:match:71515870,spread,FanDuel,home,-118,-110,-2.5,-3.5
2026-09-29T22:10:14.689750+00:00,nfl,sr:match:71515870,total,MGM,over,-108,-108,48.5,46.5
2026-09-29T22:10:14.689750+00:00,nfl,sr:match:71515870,total,MGM,under,-111,-111,48.5,46.5
2026-09-29T22:10:14.689750+00:00,nfl,sr:match:71515870,total,DraftKings,over,-112,-110,48.5,45.5
2026-09-29T22:10:14.689750+00:00,nfl,sr:match:71515870,total,DraftKings,under,-108,-110,48.5,45.5
2026-09-29T22:10:14.689750+00:00,nfl,sr:match:71515870,total,Bet365.US.NJ,over,-110,-105,48.5,46.5
2026-09-29T22:10:14.689750+00:00,nfl,sr:match:71515870,total,Bet365.US.NJ,under,-110,-135,48.5,46.5
2026-09-29T22:10:14.689750+00:00,nfl,sr:match:71515870,total,WilliamHillNewJersey,over,-105,-110,48.5,44.5
2026-09-29T22:10:14.689750+00:00,nfl,sr:match:71515870,total,WilliamHillNewJersey,under,-115,-110,48.5,44.5
2026-09-29T22:10:14.689750+00:00,nfl,sr:match:71515870,total,FanDuel,over,-104,-105,48.5,45.5
2026-09-29T22:10:14.689750+00:00,nfl,sr:match:71515870,total,FanDuel,under,-118,-115,48.5,45.5
